;FLAVOR:Marlin
;TIME:3178
;Filament used: 3.52604m
;Layer height: 0.2
;MINX:21.892
;MINY:105.275
;MINZ:0.28
;MAXX:198.108
;MAXY:114.725
;MAXZ:21.08
;Generated with Cura_SteamEngine main
M82 ;absolute extrusion mode
M201 X500.00 Y500.00 Z100.00 E5000.00 ;Setup machine max acceleration
M203 X500.00 Y500.00 Z10.00 E50.00 ;Setup machine max feedrate
M204 P500.00 R1000.00 T500.00 ;Setup Print/Retract/Travel acceleration
M205 X8.00 Y8.00 Z0.40 E5.00 ;Setup Jerk
M220 S100 ;Reset Feedrate
M221 S100 ;Reset Flowrate

;*** Start Dual Nozzle/Bed Preheating ***
M140 S50 ; start preheating the bed
M104 S210 ?T0 ; start preheating hotend
M190 S50 ; heat to Cura Bed setting and WAIT
M109 S210 ?T0 ; heat to Cura Hotend and WAIT
;*** End Preheating ***


;*** Single Print Start Tone
M300 S1000 P500 ; chirp to indicate starting to print
;*** End Single Start Tone

G28 ;Home

G92 E0 ;Reset Extruder
G1 Z2.0 F3000 ;Move Z Axis up
G1 X10.1 Y20 Z0.28 F5000.0 ;Move to start position
G1 X10.1 Y200.0 Z0.28 F1500.0 E15 ;Draw the first line
G1 X10.4 Y200.0 Z0.28 F5000.0 ;Move to side a little
G1 X10.4 Y20 Z0.28 F1500.0 E30 ;Draw the second line
G92 E0 ;Reset Extruder
G1 Z2.0 F3000 ;Move Z Axis up
G92 E0
G92 E0
G1 F2400 E-2
;LAYER_COUNT:105
;LAYER:0
M107
M204 S500
M205 X5 Y5
G0 F7500 X23.556 Y105.707 Z0.28
G0 X21.892 Y107.7
M205 X8 Y8
;TYPE:SKIRT
G1 F1200 E0
G1 F1500 X21.932 Y107.3 E0.01901
G1 X22.05 Y106.916 E0.038
G1 X22.241 Y106.563 E0.05697
G1 X22.499 Y106.254 E0.076
G1 X22.813 Y106.003 E0.09501
G1 X23.17 Y105.818 E0.11402
G1 X23.556 Y105.707 E0.13301
G1 X23.917 Y105.675 E0.15014
G1 X47.005 Y105.675 E1.24168
G1 X47.096 Y105.602 E1.24719
G1 X47.453 Y105.418 E1.26618
G1 X47.84 Y105.307 E1.28521
G1 X48.2 Y105.275 E1.3023
G1 X51.8 Y105.275 E1.4725
G1 X52.2 Y105.315 E1.4915
G1 X52.584 Y105.433 E1.5105
G1 X52.938 Y105.625 E1.52954
G1 X52.998 Y105.675 E1.53323
G1 X107.005 Y105.675 E4.08653
G1 X107.096 Y105.602 E4.09204
G1 X107.453 Y105.418 E4.11103
G1 X107.84 Y105.307 E4.13007
G1 X108.2 Y105.275 E4.14715
G1 X111.8 Y105.275 E4.31735
G1 X112.2 Y105.315 E4.33636
G1 X112.584 Y105.433 E4.35535
G1 X112.938 Y105.625 E4.37439
G1 X112.998 Y105.675 E4.37808
G1 X167.005 Y105.675 E6.93138
G1 X167.096 Y105.602 E6.9369
G1 X167.453 Y105.418 E6.95588
G1 X167.84 Y105.307 E6.97492
G1 X168.2 Y105.275 E6.992
G1 X171.8 Y105.275 E7.1622
G1 X172.2 Y105.315 E7.18121
G1 X172.584 Y105.433 E7.2002
G1 X172.938 Y105.625 E7.21924
G1 X172.998 Y105.675 E7.22293
G1 X196.082 Y105.675 E8.31428
G1 X196.482 Y105.715 E8.33328
G1 X196.866 Y105.833 E8.35228
G1 X197.22 Y106.025 E8.37131
G1 X197.528 Y106.282 E8.39028
G1 X197.78 Y106.596 E8.40931
G1 X197.964 Y106.953 E8.4283
G1 X198.075 Y107.34 E8.44734
G1 X198.107 Y107.7 E8.46442
G1 X198.108 Y112.3 E8.6819
G1 X198.068 Y112.7 E8.7009
G1 X197.95 Y113.084 E8.7199
G1 X197.759 Y113.437 E8.73887
G1 X197.501 Y113.746 E8.7579
G1 X197.187 Y113.997 E8.77691
G1 X196.83 Y114.182 E8.79592
G1 X196.444 Y114.293 E8.81491
G1 X196.083 Y114.325 E8.83204
G1 X172.995 Y114.325 E9.92358
G1 X172.904 Y114.398 E9.92909
G1 X172.547 Y114.582 E9.94808
G1 X172.16 Y114.693 E9.96711
G1 X171.8 Y114.725 E9.9842
G1 X168.2 Y114.725 E10.1544
G1 X167.8 Y114.685 E10.1734
G1 X167.416 Y114.567 E10.19239
G1 X167.062 Y114.375 E10.21143
G1 X167.002 Y114.325 E10.21513
G1 X112.995 Y114.325 E12.76843
G1 X112.904 Y114.398 E12.77394
G1 X112.547 Y114.582 E12.79293
G1 X112.16 Y114.693 E12.81196
G1 X111.8 Y114.725 E12.82905
G1 X108.2 Y114.725 E12.99925
G1 X107.8 Y114.685 E13.01825
G1 X107.416 Y114.567 E13.03725
G1 X107.062 Y114.375 E13.05629
G1 X107.002 Y114.325 E13.05998
G1 X52.995 Y114.325 E15.61328
G1 X52.904 Y114.398 E15.61879
G1 X52.547 Y114.582 E15.63778
G1 X52.16 Y114.693 E15.65681
G1 X51.8 Y114.725 E15.6739
G1 X48.2 Y114.725 E15.8441
G1 X47.8 Y114.685 E15.8631
G1 X47.416 Y114.567 E15.8821
G1 X47.062 Y114.375 E15.90114
G1 X47.002 Y114.325 E15.90483
G1 X23.918 Y114.325 E16.99618
G1 X23.518 Y114.285 E17.01518
G1 X23.134 Y114.167 E17.03417
G1 X22.78 Y113.975 E17.05321
G1 X22.472 Y113.718 E17.07218
G1 X22.22 Y113.404 E17.09121
G1 X22.036 Y113.047 E17.1102
G1 X21.925 Y112.66 E17.12923
G1 X21.893 Y112.3 E17.14632
G1 X21.892 Y107.7 E17.3638
M205 X5 Y5
G0 F7500 X22.342 Y107.7
M205 X8 Y8
G1 F1500 X22.382 Y107.348 E17.38054
G1 X22.499 Y107.014 E17.39728
G1 X22.689 Y106.714 E17.41406
G1 X22.94 Y106.465 E17.43078
G1 X23.241 Y106.277 E17.44756
G1 X23.576 Y106.162 E17.4643
G1 X23.917 Y106.125 E17.48052
G1 X47.162 Y106.125 E18.57948
G1 X47.223 Y106.064 E18.58356
G1 X47.524 Y105.877 E18.60031
G1 X47.86 Y105.762 E18.6171
G1 X48.2 Y105.725 E18.63327
G1 X51.8 Y105.725 E18.80347
G1 X52.152 Y105.765 E18.82021
G1 X52.486 Y105.882 E18.83695
G1 X52.786 Y106.072 E18.85373
G1 X52.839 Y106.125 E18.85728
G1 X107.162 Y106.125 E21.42552
G1 X107.223 Y106.064 E21.4296
G1 X107.524 Y105.877 E21.44635
G1 X107.86 Y105.762 E21.46314
G1 X108.2 Y105.725 E21.47931
G1 X111.8 Y105.725 E21.64951
G1 X112.152 Y105.765 E21.66625
G1 X112.486 Y105.882 E21.68299
G1 X112.786 Y106.072 E21.69977
G1 X112.839 Y106.125 E21.70332
G1 X167.162 Y106.125 E24.27156
G1 X167.223 Y106.064 E24.27564
G1 X167.524 Y105.877 E24.29239
G1 X167.86 Y105.762 E24.30918
G1 X168.2 Y105.725 E24.32535
G1 X171.8 Y105.725 E24.49555
G1 X172.152 Y105.765 E24.51229
G1 X172.486 Y105.882 E24.52903
G1 X172.786 Y106.072 E24.54581
G1 X172.839 Y106.125 E24.54936
G1 X196.082 Y106.125 E25.64822
G1 X196.434 Y106.165 E25.66497
G1 X196.768 Y106.282 E25.6817
G1 X197.068 Y106.472 E25.69849
G1 X197.318 Y106.723 E25.71524
G1 X197.505 Y107.024 E25.73199
G1 X197.62 Y107.36 E25.74878
G1 X197.657 Y107.7 E25.76495
G1 X197.658 Y112.3 E25.98243
G1 X197.618 Y112.652 E25.99917
G1 X197.501 Y112.986 E26.01591
G1 X197.311 Y113.286 E26.03269
G1 X197.06 Y113.535 E26.04941
G1 X196.759 Y113.723 E26.06619
G1 X196.424 Y113.838 E26.08293
G1 X196.083 Y113.875 E26.09915
G1 X172.838 Y113.875 E27.19811
G1 X172.777 Y113.936 E27.20219
G1 X172.476 Y114.123 E27.21894
G1 X172.14 Y114.238 E27.23573
G1 X171.8 Y114.275 E27.2519
G1 X168.2 Y114.275 E27.4221
G1 X167.848 Y114.235 E27.43884
G1 X167.514 Y114.118 E27.45558
G1 X167.214 Y113.928 E27.47236
G1 X167.161 Y113.875 E27.47591
G1 X112.838 Y113.875 E30.04415
G1 X112.777 Y113.936 E30.04823
G1 X112.476 Y114.123 E30.06498
G1 X112.14 Y114.238 E30.08177
G1 X111.8 Y114.275 E30.09794
G1 X108.2 Y114.275 E30.26814
G1 X107.848 Y114.235 E30.28488
G1 X107.514 Y114.118 E30.30162
G1 X107.214 Y113.928 E30.3184
G1 X107.161 Y113.875 E30.32195
G1 X52.838 Y113.875 E32.89019
G1 X52.777 Y113.936 E32.89427
G1 X52.476 Y114.123 E32.91102
G1 X52.14 Y114.238 E32.92781
G1 X51.8 Y114.275 E32.94398
G1 X48.2 Y114.275 E33.11418
G1 X47.848 Y114.235 E33.13092
G1 X47.514 Y114.118 E33.14766
G1 X47.214 Y113.928 E33.16444
G1 X47.161 Y113.875 E33.16799
G1 X23.918 Y113.875 E34.26685
G1 X23.566 Y113.835 E34.2836
G1 X23.232 Y113.718 E34.30033
G1 X22.932 Y113.528 E34.31712
G1 X22.682 Y113.277 E34.33387
G1 X22.495 Y112.976 E34.35062
G1 X22.38 Y112.64 E34.36741
G1 X22.343 Y112.3 E34.38358
G1 X22.342 Y107.7 E34.60106
M205 X5 Y5
G0 F7500 X22.792 Y107.7
M205 X8 Y8
G1 F1500 X22.832 Y107.404 E34.61518
G1 X22.948 Y107.128 E34.62933
G1 X23.134 Y106.893 E34.6435
G1 X23.374 Y106.715 E34.65763
G1 X23.653 Y106.606 E34.67179
G1 X23.917 Y106.575 E34.68436
G1 X47.352 Y106.575 E35.7923
G1 X47.417 Y106.493 E35.79724
G1 X47.657 Y106.315 E35.81137
G1 X47.936 Y106.206 E35.82553
G1 X48.2 Y106.175 E35.8381
G1 X51.8 Y106.175 E36.0083
G1 X52.097 Y106.215 E36.02246
G1 X52.372 Y106.331 E36.03657
G1 X52.607 Y106.517 E36.05074
G1 X52.654 Y106.58 E36.05446
G1 X107.352 Y106.575 E38.64043
G1 X107.417 Y106.493 E38.64538
G1 X107.657 Y106.315 E38.6595
G1 X107.936 Y106.206 E38.67366
G1 X108.2 Y106.175 E38.68623
G1 X111.8 Y106.175 E38.85643
G1 X112.097 Y106.215 E38.8706
G1 X112.372 Y106.331 E38.88471
G1 X112.607 Y106.517 E38.89888
G1 X112.654 Y106.58 E38.90259
G1 X167.352 Y106.575 E41.48856
G1 X167.417 Y106.493 E41.49351
G1 X167.657 Y106.315 E41.50763
G1 X167.936 Y106.206 E41.5218
G1 X168.2 Y106.175 E41.53436
G1 X171.8 Y106.175 E41.70456
G1 X172.097 Y106.215 E41.71873
G1 X172.372 Y106.331 E41.73284
G1 X172.607 Y106.517 E41.74701
G1 X172.654 Y106.58 E41.75072
G1 X196.082 Y106.575 E42.85833
G1 X196.379 Y106.615 E42.8725
G1 X196.654 Y106.731 E42.88661
G1 X196.889 Y106.917 E42.90078
G1 X197.067 Y107.157 E42.91491
G1 X197.176 Y107.436 E42.92907
G1 X197.207 Y107.7 E42.94164
G1 X197.208 Y112.3 E43.15911
G1 X197.168 Y112.596 E43.17323
G1 X197.052 Y112.872 E43.18739
G1 X196.866 Y113.107 E43.20156
G1 X196.626 Y113.285 E43.21568
G1 X196.347 Y113.394 E43.22984
G1 X196.083 Y113.425 E43.24241
G1 X172.648 Y113.425 E44.35035
G1 X172.583 Y113.507 E44.3553
G1 X172.343 Y113.685 E44.36943
G1 X172.064 Y113.794 E44.38359
G1 X171.8 Y113.825 E44.39615
G1 X168.2 Y113.825 E44.56635
G1 X167.903 Y113.785 E44.58052
G1 X167.628 Y113.669 E44.59463
G1 X167.393 Y113.483 E44.6088
G1 X167.346 Y113.42 E44.61252
G1 X112.648 Y113.425 E47.19848
G1 X112.583 Y113.507 E47.20343
G1 X112.343 Y113.685 E47.21756
G1 X112.064 Y113.794 E47.23172
G1 X111.8 Y113.825 E47.24429
G1 X108.2 Y113.825 E47.41448
G1 X107.903 Y113.785 E47.42865
G1 X107.628 Y113.669 E47.44276
G1 X107.393 Y113.483 E47.45693
G1 X107.346 Y113.42 E47.46065
G1 X52.648 Y113.425 E50.04662
G1 X52.583 Y113.507 E50.05156
G1 X52.343 Y113.685 E50.06569
G1 X52.064 Y113.794 E50.07985
G1 X51.8 Y113.825 E50.09242
G1 X48.2 Y113.825 E50.26262
G1 X47.903 Y113.785 E50.27678
G1 X47.628 Y113.669 E50.29089
G1 X47.393 Y113.483 E50.30506
G1 X47.346 Y113.42 E50.30878
G1 X23.918 Y113.425 E51.41639
G1 X23.621 Y113.385 E51.43056
G1 X23.346 Y113.269 E51.44467
G1 X23.111 Y113.083 E51.45884
G1 X22.933 Y112.843 E51.47296
G1 X22.824 Y112.564 E51.48713
G1 X22.793 Y112.3 E51.49969
G1 X22.792 Y107.7 E51.71717
M205 X5 Y5
G0 F7500 X23.242 Y107.7
M205 X8 Y8
G1 F1500 X23.282 Y107.472 E51.72811
G1 X23.396 Y107.271 E51.73904
G1 X23.572 Y107.12 E51.75
G1 X23.819 Y107.025 E51.76251
G1 X47.3 Y107.025 E52.87263
G1 X47.563 Y107.085 E52.88538
G1 X47.679 Y106.871 E52.89689
G1 X47.855 Y106.72 E52.90785
G1 X48.102 Y106.625 E52.92036
G1 X51.8 Y106.625 E53.09519
G1 X52.028 Y106.665 E53.10614
G1 X52.229 Y106.779 E53.11706
G1 X52.38 Y106.955 E53.12803
G1 X52.432 Y107.09 E53.13487
G1 X52.602 Y107.025 E53.14347
G1 X107.3 Y107.025 E55.72944
G1 X107.563 Y107.085 E55.74219
G1 X107.679 Y106.871 E55.7537
G1 X107.855 Y106.72 E55.76466
G1 X108.102 Y106.625 E55.77718
G1 X111.8 Y106.625 E55.95201
G1 X112.028 Y106.665 E55.96295
G1 X112.229 Y106.779 E55.97388
G1 X112.38 Y106.955 E55.98484
G1 X112.432 Y107.09 E55.99168
G1 X112.602 Y107.025 E56.00028
G1 X167.3 Y107.025 E58.58625
G1 X167.563 Y107.085 E58.599
G1 X167.679 Y106.871 E58.61051
G1 X167.855 Y106.72 E58.62148
G1 X168.102 Y106.625 E58.63399
G1 X171.8 Y106.625 E58.80882
G1 X172.028 Y106.665 E58.81976
G1 X172.229 Y106.779 E58.83069
G1 X172.38 Y106.955 E58.84165
G1 X172.432 Y107.09 E58.84849
G1 X172.602 Y107.025 E58.85709
G1 X196.082 Y107.025 E59.96716
G1 X196.31 Y107.065 E59.97811
G1 X196.511 Y107.179 E59.98903
G1 X196.662 Y107.355 E60
G1 X196.757 Y107.602 E60.01251
G1 X196.758 Y112.3 E60.23462
G1 X196.718 Y112.528 E60.24556
G1 X196.604 Y112.729 E60.25648
G1 X196.428 Y112.88 E60.26745
G1 X196.181 Y112.975 E60.27996
G1 X172.7 Y112.975 E61.39007
G1 X172.437 Y112.915 E61.40283
G1 X172.321 Y113.129 E61.41434
G1 X172.145 Y113.28 E61.4253
G1 X171.898 Y113.375 E61.43781
G1 X168.2 Y113.375 E61.61264
G1 X167.972 Y113.335 E61.62359
G1 X167.771 Y113.221 E61.63451
G1 X167.62 Y113.045 E61.64547
G1 X167.568 Y112.91 E61.65231
G1 X167.398 Y112.975 E61.66092
G1 X112.7 Y112.975 E64.24689
G1 X112.437 Y112.915 E64.25964
G1 X112.321 Y113.129 E64.27115
G1 X112.145 Y113.28 E64.28211
G1 X111.898 Y113.375 E64.29462
G1 X108.2 Y113.375 E64.46945
G1 X107.972 Y113.335 E64.4804
G1 X107.771 Y113.221 E64.49132
G1 X107.62 Y113.045 E64.50229
G1 X107.568 Y112.91 E64.50913
G1 X107.398 Y112.975 E64.51773
G1 X52.7 Y112.975 E67.1037
G1 X52.437 Y112.915 E67.11645
G1 X52.321 Y113.129 E67.12796
G1 X52.145 Y113.28 E67.13892
G1 X51.898 Y113.375 E67.15144
G1 X48.2 Y113.375 E67.32627
G1 X47.972 Y113.335 E67.33721
G1 X47.771 Y113.221 E67.34814
G1 X47.62 Y113.045 E67.3591
G1 X47.568 Y112.91 E67.36594
G1 X47.398 Y112.975 E67.37454
G1 X23.918 Y112.975 E68.48461
G1 X23.69 Y112.935 E68.49556
G1 X23.489 Y112.821 E68.50648
G1 X23.338 Y112.645 E68.51744
G1 X23.243 Y112.398 E68.52995
G1 X23.242 Y107.7 E68.75206
M205 X5 Y5
G0 F7500 X23.692 Y107.7
M205 X8 Y8
G1 F1500 X23.731 Y107.573 E68.75834
G1 X23.855 Y107.475 E68.76582
G1 X47.3 Y107.475 E69.87423
G1 X47.427 Y107.514 E69.88051
G1 X47.525 Y107.638 E69.88798
G1 X47.525 Y112.3 E70.10839
G1 X47.486 Y112.427 E70.11467
G1 X47.362 Y112.525 E70.12214
G1 X23.918 Y112.525 E71.23051
G1 X23.791 Y112.486 E71.23679
G1 X23.693 Y112.362 E71.24426
G1 X23.692 Y107.7 E71.46467
M205 X5 Y5
G1 F2400 E69.46467
G0 F7500 X23.692 Y107.035
G0 X47.953 Y107.047
G0 X47.975 Y107.3
M205 X8 Y8
G1 F1200 E71.46467
G1 F1500 X48.014 Y107.173 E71.47095
G1 X48.138 Y107.075 E71.47842
G1 X51.8 Y107.075 E71.65155
G1 X51.927 Y107.114 E71.65783
G1 X52.025 Y107.238 E71.6653
G1 X52.025 Y112.7 E71.92353
G1 X51.986 Y112.827 E71.92981
G1 X51.862 Y112.925 E71.93729
G1 X48.2 Y112.925 E72.11041
G1 X48.073 Y112.886 E72.1167
G1 X47.975 Y112.762 E72.12417
G1 X47.975 Y107.3 E72.3824
M205 X5 Y5
G0 F7500 X48.425 Y107.525
M205 X8 Y8
G1 F1500 X51.575 Y107.525 E72.53132
G1 X51.575 Y112.475 E72.76534
G1 X48.425 Y112.475 E72.91426
G1 X48.425 Y107.525 E73.14829
M205 X5 Y5
G0 F7500 X48.875 Y107.975
M205 X8 Y8
G1 F1500 X51.125 Y107.975 E73.25466
G1 X51.125 Y112.025 E73.44613
G1 X48.875 Y112.025 E73.55251
G1 X48.875 Y107.975 E73.74398
M205 X5 Y5
G0 F7500 X49.325 Y108.425
M205 X8 Y8
G1 F1500 X50.675 Y108.425 E73.8078
G1 X50.675 Y111.575 E73.95673
G1 X49.325 Y111.575 E74.02055
G1 X49.325 Y108.425 E74.16947
M205 X5 Y5
G0 F7500 X49.775 Y108.875
M205 X8 Y8
G1 F1500 X50.225 Y108.875 E74.19075
G1 X50.225 Y111.125 E74.29712
G1 X49.775 Y111.125 E74.3184
G1 X49.775 Y108.875 E74.42477
M205 X5 Y5
G0 F7500 X52.475 Y107.7
M205 X8 Y8
G1 F1500 X52.514 Y107.573 E74.43105
G1 X52.638 Y107.475 E74.43852
G1 X107.3 Y107.475 E77.02279
G1 X107.427 Y107.514 E77.02907
G1 X107.525 Y107.638 E77.03654
G1 X107.525 Y112.3 E77.25695
G1 X107.486 Y112.427 E77.26323
G1 X107.362 Y112.525 E77.2707
G1 X52.7 Y112.525 E79.85497
G1 X52.573 Y112.486 E79.86125
G1 X52.475 Y112.362 E79.86872
G1 X52.475 Y107.7 E80.08913
M205 X5 Y5
G1 F2400 E78.08913
G0 F7500 X52.475 Y107.035
G0 X107.953 Y107.047
G0 X107.975 Y107.3
M205 X8 Y8
G1 F1200 E80.08913
G1 F1500 X108.014 Y107.173 E80.09541
G1 X108.138 Y107.075 E80.10288
G1 X111.8 Y107.075 E80.27601
G1 X111.927 Y107.114 E80.28229
G1 X112.025 Y107.238 E80.28976
G1 X112.025 Y112.7 E80.54799
G1 X111.986 Y112.827 E80.55427
G1 X111.862 Y112.925 E80.56175
G1 X108.2 Y112.925 E80.73488
G1 X108.073 Y112.886 E80.74116
G1 X107.975 Y112.762 E80.74863
G1 X107.975 Y107.3 E81.00686
M205 X5 Y5
G0 F7500 X108.425 Y107.525
M205 X8 Y8
G1 F1500 X111.575 Y107.525 E81.15578
G1 X111.575 Y112.475 E81.3898
G1 X108.425 Y112.475 E81.53872
G1 X108.425 Y107.525 E81.77275
M205 X5 Y5
G0 F7500 X108.875 Y107.975
M205 X8 Y8
G1 F1500 X111.125 Y107.975 E81.87912
G1 X111.125 Y112.025 E82.07059
G1 X108.875 Y112.025 E82.17697
G1 X108.875 Y107.975 E82.36844
M205 X5 Y5
G0 F7500 X109.325 Y108.425
M205 X8 Y8
G1 F1500 X110.675 Y108.425 E82.43226
G1 X110.675 Y111.575 E82.58119
G1 X109.325 Y111.575 E82.64501
G1 X109.325 Y108.425 E82.79393
M205 X5 Y5
G0 F7500 X109.775 Y108.875
M205 X8 Y8
G1 F1500 X110.225 Y108.875 E82.81521
G1 X110.225 Y111.125 E82.92158
G1 X109.775 Y111.125 E82.94286
G1 X109.775 Y108.875 E83.04923
M205 X5 Y5
G0 F7500 X112.475 Y107.7
M205 X8 Y8
G1 F1500 X112.514 Y107.573 E83.05551
G1 X112.638 Y107.475 E83.06298
G1 X167.3 Y107.475 E85.64725
G1 X167.427 Y107.514 E85.65353
G1 X167.525 Y107.638 E85.661
G1 X167.525 Y112.3 E85.88141
G1 X167.486 Y112.427 E85.88769
G1 X167.362 Y112.525 E85.89516
G1 X112.7 Y112.525 E88.47943
G1 X112.573 Y112.486 E88.48571
G1 X112.475 Y112.362 E88.49318
G1 X112.475 Y107.7 E88.71359
M205 X5 Y5
G1 F2400 E86.71359
G0 F7500 X112.475 Y107.035
G0 X167.953 Y107.047
G0 X167.975 Y107.3
M205 X8 Y8
G1 F1200 E88.71359
G1 F1500 X168.014 Y107.173 E88.71987
G1 X168.138 Y107.075 E88.72734
G1 X171.8 Y107.075 E88.90047
G1 X171.927 Y107.114 E88.90675
G1 X172.025 Y107.238 E88.91422
G1 X172.025 Y112.7 E89.17245
G1 X171.986 Y112.827 E89.17873
G1 X171.862 Y112.925 E89.18621
G1 X168.2 Y112.925 E89.35934
G1 X168.073 Y112.886 E89.36562
G1 X167.975 Y112.762 E89.37309
G1 X167.975 Y107.3 E89.63132
M205 X5 Y5
G0 F7500 X168.425 Y107.525
M205 X8 Y8
G1 F1500 X171.575 Y107.525 E89.78024
G1 X171.575 Y112.475 E90.01426
G1 X168.425 Y112.475 E90.16318
G1 X168.425 Y107.525 E90.39721
M205 X5 Y5
G0 F7500 X168.875 Y107.975
M205 X8 Y8
G1 F1500 X171.125 Y107.975 E90.50358
G1 X171.125 Y112.025 E90.69505
G1 X168.875 Y112.025 E90.80143
G1 X168.875 Y107.975 E90.9929
M205 X5 Y5
G0 F7500 X169.325 Y108.425
M205 X8 Y8
G1 F1500 X170.675 Y108.425 E91.05672
G1 X170.675 Y111.575 E91.20565
G1 X169.325 Y111.575 E91.26947
G1 X169.325 Y108.425 E91.41839
M205 X5 Y5
G0 F7500 X169.775 Y108.875
M205 X8 Y8
G1 F1500 X170.225 Y108.875 E91.43967
G1 X170.225 Y111.125 E91.54604
G1 X169.775 Y111.125 E91.56732
G1 X169.775 Y108.875 E91.67369
M205 X5 Y5
G0 F7500 X172.475 Y107.7
M205 X8 Y8
G1 F1500 X172.514 Y107.573 E91.67997
G1 X172.638 Y107.475 E91.68744
G1 X196.082 Y107.475 E92.79581
G1 X196.209 Y107.514 E92.80209
G1 X196.307 Y107.638 E92.80956
G1 X196.308 Y112.3 E93.02997
G1 X196.269 Y112.427 E93.03625
G1 X196.145 Y112.525 E93.04372
G1 X172.7 Y112.525 E94.15214
G1 X172.573 Y112.486 E94.15842
G1 X172.475 Y112.362 E94.16589
G1 X172.475 Y107.7 E94.3863
M205 X5 Y5
G1 F2400 E92.3863
;MESH:Horiz_1_edged.stl
G0 F7500 X173.139 Y108.139
G0 X173.9 Y108.9
M205 X8 Y8
;TYPE:WALL-INNER
G1 F1200 E94.3863
G1 F1500 X173.9 Y111.1 E94.50186
G1 X194.883 Y111.1 E95.60411
G1 X194.882 Y108.9 E95.71967
G1 X173.9 Y108.9 E96.82186
M205 X5 Y5
G0 F7500 X173.4 Y108.4
M205 X8 Y8
G1 F1500 X173.4 Y111.6 E96.98996
G1 X195.383 Y111.6 E98.14473
G1 X195.382 Y108.4 E98.31283
G1 X173.4 Y108.4 E99.46755
M205 X5 Y5
G0 F7500 X172.925 Y107.925
M205 X8 Y8
;TYPE:WALL-OUTER
G1 F1500 X172.925 Y112.075 E99.66375
G1 X195.858 Y112.075 E100.74795
G1 X195.857 Y107.925 E100.94416
G1 X172.925 Y107.925 E102.02832
M205 X5 Y5
G0 F7500 X172.925 Y108.125
G0 X173.595 Y108.595
G0 X174.05 Y109.173
G0 X174.173 Y109.173
M205 X8 Y8
;TYPE:SKIN
G1 F1500 X174.173 Y110.827 E102.07697
G1 X194.61 Y110.827 E102.67817
G1 X194.609 Y109.173 E102.72682
G1 X174.173 Y109.173 E103.32799
M205 X5 Y5
G0 F7500 X174.313 Y109.48
M205 X8 Y8
G1 F1500 X194.47 Y109.48 E103.92094
M205 X5 Y5
G0 F7500 X194.47 Y109.76
M205 X8 Y8
G1 F1500 X174.313 Y109.76 E104.5139
M205 X5 Y5
G0 F7500 X174.313 Y110.04
M205 X8 Y8
G1 F1500 X194.47 Y110.04 E105.10686
M205 X5 Y5
G0 F7500 X194.47 Y110.32
M205 X8 Y8
G1 F1500 X174.313 Y110.32 E105.69981
M205 X5 Y5
G0 F7500 X174.313 Y110.6
M205 X8 Y8
G1 F1500 X194.47 Y110.6 E106.29277
M205 X5 Y5
G0 F7500 X194.757 Y110.599
G1 F2400 E104.29277
G0 F7500 X194.66 Y109.122
G0 X173.145 Y108.9
G0 X172.035 Y108.9
G0 X167.965 Y108.9
G0 X166.855 Y108.9
G0 X113.9 Y108.9
M205 X8 Y8
;TYPE:WALL-INNER
G1 F1200 E106.29277
G1 F1500 X113.9 Y111.1 E106.40834
G1 X166.1 Y111.1 E109.15041
G1 X166.1 Y108.9 E109.26598
G1 X113.9 Y108.9 E112.00806
M205 X5 Y5
G0 F7500 X113.4 Y108.4
M205 X8 Y8
G1 F1500 X113.4 Y111.6 E112.17616
G1 X166.6 Y111.6 E114.97076
G1 X166.6 Y108.4 E115.13886
G1 X113.4 Y108.4 E117.93347
M205 X5 Y5
G0 F7500 X112.925 Y107.925
M205 X8 Y8
;TYPE:WALL-OUTER
G1 F1500 X112.925 Y112.075 E118.12967
G1 X167.075 Y112.075 E120.68973
G1 X167.075 Y107.925 E120.88593
G1 X112.925 Y107.925 E123.44599
M205 X5 Y5
G0 F7500 X112.925 Y108.125
G0 X113.595 Y108.595
G0 X114.05 Y109.173
G0 X114.173 Y109.173
M205 X8 Y8
;TYPE:SKIN
G1 F1500 X114.173 Y110 E123.47032
G1 X114.173 Y110.827 E123.49465
G1 X165.827 Y110.827 E125.01415
G1 X165.827 Y109.173 E125.0628
G1 X114.173 Y109.173 E126.58231
M205 X5 Y5
G0 F7500 X114.313 Y109.48
M205 X8 Y8
G1 F1500 X165.687 Y109.48 E128.09357
M205 X5 Y5
G0 F7500 X165.687 Y109.76
M205 X8 Y8
G1 F1500 X114.313 Y109.76 E129.60484
M205 X5 Y5
G0 F7500 X114.313 Y110.04
M205 X8 Y8
G1 F1500 X165.687 Y110.04 E131.1161
M205 X5 Y5
G0 F7500 X165.687 Y110.32
M205 X8 Y8
G1 F1500 X114.313 Y110.32 E132.62737
M205 X5 Y5
G0 F7500 X114.313 Y110.6
M205 X8 Y8
G1 F1500 X165.687 Y110.6 E134.13863
M205 X5 Y5
G0 F7500 X165.975 Y110.6
G1 F2400 E132.13863
G0 F7500 X165.878 Y109.122
G0 X113.145 Y108.9
G0 X112.035 Y108.9
G0 X107.965 Y108.9
G0 X106.855 Y108.9
G0 X53.9 Y108.9
M205 X8 Y8
;TYPE:WALL-INNER
G1 F1200 E134.13863
G1 F1500 X53.9 Y110 E134.19641
G1 X53.9 Y111.1 E134.2542
G1 X106.1 Y111.1 E136.99628
G1 X106.1 Y108.9 E137.11184
G1 X53.9 Y108.9 E139.85392
M205 X5 Y5
G0 F7500 X53.4 Y108.4
M205 X8 Y8
G1 F1500 X53.4 Y110 E139.93797
G1 X53.4 Y111.6 E140.02202
G1 X106.6 Y111.6 E142.81662
G1 X106.6 Y108.4 E142.98472
G1 X53.4 Y108.4 E145.77933
M205 X5 Y5
G0 F7500 X52.925 Y107.925
M205 X8 Y8
;TYPE:WALL-OUTER
G1 F1500 X52.925 Y110 E145.87743
G1 X52.925 Y112.075 E145.97553
G1 X107.075 Y112.075 E148.53559
G1 X107.075 Y107.925 E148.73179
G1 X52.925 Y107.925 E151.29185
M205 X5 Y5
G0 F7500 X52.925 Y108.125
G0 X53.595 Y108.595
G0 X54.05 Y109.173
G0 X54.173 Y109.173
M205 X8 Y8
;TYPE:SKIN
G1 F1500 X54.173 Y110.827 E151.34051
G1 X105.827 Y110.827 E152.86001
G1 X105.827 Y109.173 E152.90866
G1 X54.173 Y109.173 E154.42817
M205 X5 Y5
G0 F7500 X54.312 Y109.48
M205 X8 Y8
G1 F1500 X105.687 Y109.48 E155.93946
M205 X5 Y5
G0 F7500 X105.687 Y109.76
M205 X8 Y8
G1 F1500 X54.312 Y109.76 E157.45076
M205 X5 Y5
G0 F7500 X54.312 Y110.04
M205 X8 Y8
G1 F1500 X105.687 Y110.04 E158.96205
M205 X5 Y5
G0 F7500 X105.687 Y110.32
M205 X8 Y8
G1 F1500 X54.312 Y110.32 E160.47334
M205 X5 Y5
G0 F7500 X54.312 Y110.6
M205 X8 Y8
G1 F1500 X105.687 Y110.6 E161.98464
M205 X5 Y5
G0 F7500 X105.975 Y110.6
G1 F2400 E159.98464
G0 F7500 X105.878 Y109.122
G0 X53.145 Y108.9
G0 X52.035 Y108.9
G0 X47.965 Y108.9
G0 X46.855 Y108.9
G0 X25.118 Y108.9
M205 X8 Y8
;TYPE:WALL-INNER
G1 F1200 E161.98464
G1 F1500 X25.118 Y111.1 E162.10021
G1 X46.1 Y111.1 E163.20239
G1 X46.1 Y108.9 E163.31796
G1 X25.118 Y108.9 E164.42015
M205 X5 Y5
G0 F7500 X24.618 Y108.4
M205 X8 Y8
G1 F1500 X24.618 Y111.6 E164.58825
G1 X46.6 Y111.6 E165.74297
G1 X46.6 Y108.4 E165.91106
G1 X24.618 Y108.4 E167.06578
M205 X5 Y5
G0 F7500 X24.143 Y107.925
M205 X8 Y8
;TYPE:WALL-OUTER
G1 F1500 X24.143 Y112.075 E167.26198
G1 X47.075 Y112.075 E168.34614
G1 X47.075 Y107.925 E168.54234
G1 X24.143 Y107.925 E169.62651
M205 X5 Y5
G0 F7500 X24.143 Y108.125
G0 X24.812 Y108.595
G0 X25.268 Y109.173
G0 X25.391 Y109.173
M205 X8 Y8
;TYPE:SKIN
G1 F1500 X25.391 Y110.827 E169.67516
G1 X45.827 Y110.827 E170.27632
G1 X45.827 Y109.173 E170.32498
G1 X25.391 Y109.173 E170.92614
M205 X5 Y5
G0 F7500 X25.53 Y109.48
M205 X8 Y8
G1 F1500 X45.686 Y109.48 E171.51907
M205 X5 Y5
G0 F7500 X45.686 Y109.76
M205 X8 Y8
G1 F1500 X25.53 Y109.76 E172.112
M205 X5 Y5
G0 F7500 X25.53 Y110.04
M205 X8 Y8
G1 F1500 X45.686 Y110.04 E172.70493
M205 X5 Y5
G0 F7500 X45.686 Y110.32
M205 X8 Y8
G1 F1500 X25.53 Y110.32 E173.29786
M205 X5 Y5
G0 F7500 X25.53 Y110.6
M205 X8 Y8
G1 F1500 X45.686 Y110.6 E173.89078
M104 S210
M205 X5 Y5
G0 F7500 X45.975 Y110.6
G1 F2400 E171.89078
;MESH:NONMESH
G0 F600 X45.975 Y110.6 Z0.48
G0 F7500 X46.861 Y108.139
G0 X48.825 Y107.525
;TIME_ELAPSED:180.795456
;LAYER:1
M140 S40
M106 S85
M205 X14 Y14
;TYPE:SUPPORT
G1 F1200 E173.89078
G1 F2250 X48.825 Y112.475 E174.06674
G1 X51.175 Y112.475 E174.15027
G1 X51.175 Y107.525 E174.32623
G1 X48.825 Y107.525 E174.40977
M205 X12.5 Y12.5
G1 F2400 E172.40977
G0 F8250 X48.825 Y106.635
G0 X24.045 Y106.637
G0 X23.498 Y106.913
G0 X23.338 Y107.394
G0 X23.34 Y112.657
G0 X23.616 Y113.204
G0 X24.004 Y113.333
G0 X49.5 Y113.365
G0 X49.5 Y112.025
G0 X49.5 Y113.365
G0 X24.097 Y113.364
G0 X23.616 Y113.204
G0 X23.34 Y112.657
G0 X23.338 Y107.394
G0 X23.498 Y106.913
G0 X23.99 Y106.665
G0 X49.275 Y106.635
G0 X49.275 Y107.975
M205 X14 Y14
G1 F1200 E174.40977
G1 F2250 X49.5 Y107.975 E174.41776
G1 X50.725 Y107.975 E174.46131
G1 X50.725 Y112.025 E174.60527
G1 X49.5 Y112.025 E174.64882
G1 X49.275 Y112.025 E174.65682
G1 X49.275 Y107.975 E174.80078
M205 X12.5 Y12.5
G0 F8250 X49.5 Y107.975
M205 X14 Y14
G1 F2250 X49.5 Y112.025 E174.94474
M205 X12.5 Y12.5
G1 F2400 E172.94474
G0 F8250 X49.5 Y113.365
G0 X24.097 Y113.364
G0 X23.616 Y113.204
G0 X23.34 Y112.657
G0 X23.338 Y107.394
G0 X23.498 Y106.913
G0 X24.045 Y106.637
G0 X107.606 Y106.636
G0 X107.952 Y106.766
G0 X108.825 Y107.525
M205 X14 Y14
G1 F1200 E174.94474
G1 F2250 X108.825 Y112.475 E175.1207
G1 X111.175 Y112.475 E175.20424
G1 X111.175 Y107.525 E175.38019
G1 X108.825 Y107.525 E175.46373
M205 X12.5 Y12.5
G1 F2400 E173.46373
G0 F8250 X108.825 Y106.635
G0 X24.045 Y106.637
G0 X23.498 Y106.913
G0 X23.338 Y107.394
G0 X23.34 Y112.657
G0 X23.616 Y113.204
G0 X24.004 Y113.333
G0 X110.25 Y113.365
G0 X110.25 Y112.025
G0 X110.25 Y113.365
G0 X24.097 Y113.364
G0 X23.616 Y113.204
G0 X23.34 Y112.657
G0 X23.338 Y107.394
G0 X23.498 Y106.913
G0 X23.99 Y106.665
G0 X109.275 Y106.635
G0 X109.275 Y107.975
M205 X14 Y14
G1 F1200 E175.46373
G1 F2250 X110.25 Y107.975 E175.49839
G1 X110.725 Y107.975 E175.51527
G1 X110.725 Y112.025 E175.65923
G1 X110.25 Y112.025 E175.67612
G1 X109.275 Y112.025 E175.71078
G1 X109.275 Y107.975 E175.85474
M205 X12.5 Y12.5
G0 F8250 X110.25 Y107.975
M205 X14 Y14
G1 F2250 X110.25 Y112.025 E175.99871
M205 X12.5 Y12.5
G1 F2400 E173.99871
G0 F8250 X110.25 Y113.365
G0 X195.955 Y113.363
G0 X196.502 Y113.087
G0 X196.662 Y112.606
G0 X196.66 Y107.343
G0 X196.384 Y106.796
G0 X195.903 Y106.636
G0 X167.947 Y106.647
G0 X168.825 Y107.525
M205 X14 Y14
G1 F1200 E175.99871
G1 F2250 X168.825 Y112.475 E176.17466
G1 X171.175 Y112.475 E176.2582
G1 X171.175 Y107.525 E176.43415
G1 X168.825 Y107.525 E176.51769
M205 X12.5 Y12.5
G0 F8250 X170.725 Y107.975
G0 X169.275 Y107.975
M205 X14 Y14
G1 F2250 X170.725 Y107.975 E176.56923
G1 X170.725 Y112.025 E176.7132
G1 X169.275 Y112.025 E176.76474
G1 X169.275 Y107.975 E176.9087
M205 X12.5 Y12.5
G1 F2400 E174.9087
;MESH:Horiz_1_edged.stl
G0 F8250 X169.275 Y106.635
G0 X172.307 Y106.652
G0 X172.745 Y107.975
G0 X173.5 Y108.5
M205 X14 Y14
;TYPE:WALL-INNER
G1 F1200 E176.9087
G1 F2700 X173.5 Y111.5 E177.02719
G1 X194.798 Y111.5 E177.86839
G1 X194.798 Y108.499 E177.98692
G1 X173.5 Y108.5 E178.82811
M205 X12.5 Y12.5
G0 F8250 X173 Y108
M205 X14 Y14
G1 F2700 X173 Y112 E178.9861
G1 X195.298 Y112 E179.86679
G1 X195.298 Y107.999 E180.02481
G1 X173 Y108 E180.9055
M205 X12.5 Y12.5
G0 F8250 X172.525 Y107.54
M205 X14 Y14
;TYPE:WALL-OUTER
G1 F2250 X172.525 Y112.475 E181.08093
G1 X195.773 Y112.475 E181.90732
G1 X195.772 Y107.525 E182.08327
G1 X172.554 Y107.525 E182.9086
G1 X172.525 Y107.54 E182.90976
M205 X12.5 Y12.5
G0 F8250 X172.525 Y107.74
G0 X173.195 Y108.195
G0 X173.773 Y108.65
G0 X173.773 Y108.773
M205 X14 Y14
;TYPE:SKIN
G1 F2100 X173.773 Y111.227 E182.96404
G1 X194.525 Y111.227 E183.42303
G1 X194.525 Y108.773 E183.47731
G1 X173.773 Y108.773 E183.9363
M205 X12.5 Y12.5
G0 F8250 X173.773 Y108.65
G0 X194.32 Y108.649
G0 X194.32 Y108.913
M205 X14 Y14
G1 F2100 X194.32 Y111.087 E183.98438
M205 X12.5 Y12.5
G0 F8250 X194.04 Y111.087
M205 X14 Y14
G1 F2100 X194.04 Y108.913 E184.03247
M205 X12.5 Y12.5
G0 F8250 X193.76 Y108.913
M205 X14 Y14
G1 F2100 X193.76 Y111.087 E184.08055
M205 X12.5 Y12.5
G0 F8250 X193.48 Y111.087
M205 X14 Y14
G1 F2100 X193.48 Y108.913 E184.12864
M205 X12.5 Y12.5
G0 F8250 X193.2 Y108.913
M205 X14 Y14
G1 F2100 X193.2 Y111.087 E184.17672
M205 X12.5 Y12.5
G0 F8250 X192.92 Y111.087
M205 X14 Y14
G1 F2100 X192.92 Y108.913 E184.22481
M205 X12.5 Y12.5
G0 F8250 X192.64 Y108.913
M205 X14 Y14
G1 F2100 X192.64 Y111.087 E184.27289
M205 X12.5 Y12.5
G0 F8250 X192.36 Y111.087
M205 X14 Y14
G1 F2100 X192.36 Y108.913 E184.32098
M205 X12.5 Y12.5
G0 F8250 X192.08 Y108.913
M205 X14 Y14
G1 F2100 X192.08 Y111.087 E184.36906
M205 X12.5 Y12.5
G0 F8250 X191.8 Y111.087
M205 X14 Y14
G1 F2100 X191.8 Y108.913 E184.41715
M205 X12.5 Y12.5
G0 F8250 X191.52 Y108.913
M205 X14 Y14
G1 F2100 X191.52 Y111.087 E184.46523
M205 X12.5 Y12.5
G0 F8250 X191.24 Y111.087
M205 X14 Y14
G1 F2100 X191.24 Y108.913 E184.51331
M205 X12.5 Y12.5
G0 F8250 X190.96 Y108.913
M205 X14 Y14
G1 F2100 X190.96 Y111.087 E184.5614
M205 X12.5 Y12.5
G0 F8250 X190.68 Y111.087
M205 X14 Y14
G1 F2100 X190.68 Y108.913 E184.60948
M205 X12.5 Y12.5
G0 F8250 X190.4 Y108.913
M205 X14 Y14
G1 F2100 X190.4 Y111.087 E184.65757
M205 X12.5 Y12.5
G0 F8250 X190.12 Y111.087
M205 X14 Y14
G1 F2100 X190.12 Y108.913 E184.70565
M205 X12.5 Y12.5
G0 F8250 X189.84 Y108.913
M205 X14 Y14
G1 F2100 X189.84 Y111.087 E184.75374
M205 X12.5 Y12.5
G0 F8250 X189.56 Y111.087
M205 X14 Y14
G1 F2100 X189.56 Y108.913 E184.80182
M205 X12.5 Y12.5
G0 F8250 X189.28 Y108.913
M205 X14 Y14
G1 F2100 X189.28 Y111.087 E184.84991
M205 X12.5 Y12.5
G0 F8250 X189 Y111.087
M205 X14 Y14
G1 F2100 X189 Y108.913 E184.89799
M205 X12.5 Y12.5
G0 F8250 X188.72 Y108.913
M205 X14 Y14
G1 F2100 X188.72 Y111.087 E184.94607
M205 X12.5 Y12.5
G0 F8250 X188.44 Y111.087
M205 X14 Y14
G1 F2100 X188.44 Y108.913 E184.99416
M205 X12.5 Y12.5
G0 F8250 X188.16 Y108.913
M205 X14 Y14
G1 F2100 X188.16 Y111.087 E185.04224
M205 X12.5 Y12.5
G0 F8250 X187.88 Y111.087
M205 X14 Y14
G1 F2100 X187.88 Y108.913 E185.09033
M205 X12.5 Y12.5
G0 F8250 X187.6 Y108.913
M205 X14 Y14
G1 F2100 X187.6 Y111.087 E185.13841
M205 X12.5 Y12.5
G0 F8250 X187.32 Y111.087
M205 X14 Y14
G1 F2100 X187.32 Y108.913 E185.1865
M205 X12.5 Y12.5
G0 F8250 X187.04 Y108.913
M205 X14 Y14
G1 F2100 X187.04 Y111.087 E185.23458
M205 X12.5 Y12.5
G0 F8250 X186.76 Y111.087
M205 X14 Y14
G1 F2100 X186.76 Y108.913 E185.28267
M205 X12.5 Y12.5
G0 F8250 X186.48 Y108.913
M205 X14 Y14
G1 F2100 X186.48 Y111.087 E185.33075
M205 X12.5 Y12.5
G0 F8250 X186.2 Y111.087
M205 X14 Y14
G1 F2100 X186.2 Y108.913 E185.37884
M205 X12.5 Y12.5
G0 F8250 X185.92 Y108.913
M205 X14 Y14
G1 F2100 X185.92 Y111.087 E185.42692
M205 X12.5 Y12.5
G0 F8250 X185.64 Y111.087
M205 X14 Y14
G1 F2100 X185.64 Y108.913 E185.475
M205 X12.5 Y12.5
G0 F8250 X185.36 Y108.913
M205 X14 Y14
G1 F2100 X185.36 Y111.087 E185.52309
M205 X12.5 Y12.5
G0 F8250 X185.08 Y111.087
M205 X14 Y14
G1 F2100 X185.08 Y108.913 E185.57117
M205 X12.5 Y12.5
G0 F8250 X184.8 Y108.913
M205 X14 Y14
G1 F2100 X184.8 Y111.087 E185.61926
M205 X12.5 Y12.5
G0 F8250 X184.52 Y111.087
M205 X14 Y14
G1 F2100 X184.52 Y108.913 E185.66734
M205 X12.5 Y12.5
G0 F8250 X184.24 Y108.913
M205 X14 Y14
G1 F2100 X184.24 Y111.087 E185.71543
M205 X12.5 Y12.5
G0 F8250 X183.96 Y111.087
M205 X14 Y14
G1 F2100 X183.96 Y108.913 E185.76351
M205 X12.5 Y12.5
G0 F8250 X183.68 Y108.913
M205 X14 Y14
G1 F2100 X183.68 Y111.087 E185.8116
M205 X12.5 Y12.5
G0 F8250 X183.4 Y111.087
M205 X14 Y14
G1 F2100 X183.4 Y108.913 E185.85968
M205 X12.5 Y12.5
G0 F8250 X183.12 Y108.913
M205 X14 Y14
G1 F2100 X183.12 Y111.087 E185.90776
M205 X12.5 Y12.5
G0 F8250 X182.84 Y111.087
M205 X14 Y14
G1 F2100 X182.84 Y108.913 E185.95585
M205 X12.5 Y12.5
G0 F8250 X182.56 Y108.913
M205 X14 Y14
G1 F2100 X182.56 Y111.087 E186.00393
M205 X12.5 Y12.5
G0 F8250 X182.28 Y111.087
M205 X14 Y14
G1 F2100 X182.28 Y108.913 E186.05202
M205 X12.5 Y12.5
G0 F8250 X182 Y108.913
M205 X14 Y14
G1 F2100 X182 Y111.087 E186.1001
M205 X12.5 Y12.5
G0 F8250 X181.72 Y111.087
M205 X14 Y14
G1 F2100 X181.72 Y108.913 E186.14819
M205 X12.5 Y12.5
G0 F8250 X181.44 Y108.913
M205 X14 Y14
G1 F2100 X181.44 Y111.087 E186.19627
M205 X12.5 Y12.5
G0 F8250 X181.16 Y111.087
M205 X14 Y14
G1 F2100 X181.16 Y108.913 E186.24436
M205 X12.5 Y12.5
G0 F8250 X180.88 Y108.913
M205 X14 Y14
G1 F2100 X180.88 Y111.087 E186.29244
M205 X12.5 Y12.5
G0 F8250 X180.6 Y111.087
M205 X14 Y14
G1 F2100 X180.6 Y108.913 E186.34053
M205 X12.5 Y12.5
G0 F8250 X180.32 Y108.913
M205 X14 Y14
G1 F2100 X180.32 Y111.087 E186.38861
M205 X12.5 Y12.5
G0 F8250 X180.04 Y111.087
M205 X14 Y14
G1 F2100 X180.04 Y108.913 E186.43669
M205 X12.5 Y12.5
G0 F8250 X179.76 Y108.913
M205 X14 Y14
G1 F2100 X179.76 Y111.087 E186.48478
M205 X12.5 Y12.5
G0 F8250 X179.48 Y111.087
M205 X14 Y14
G1 F2100 X179.48 Y108.913 E186.53286
M205 X12.5 Y12.5
G0 F8250 X179.2 Y108.913
M205 X14 Y14
G1 F2100 X179.2 Y111.087 E186.58095
M205 X12.5 Y12.5
G0 F8250 X178.92 Y111.087
M205 X14 Y14
G1 F2100 X178.92 Y108.913 E186.62903
M205 X12.5 Y12.5
G0 F8250 X178.64 Y108.913
M205 X14 Y14
G1 F2100 X178.64 Y111.087 E186.67712
M205 X12.5 Y12.5
G0 F8250 X178.36 Y111.087
M205 X14 Y14
G1 F2100 X178.36 Y108.913 E186.7252
M205 X12.5 Y12.5
G0 F8250 X178.08 Y108.913
M205 X14 Y14
G1 F2100 X178.08 Y111.087 E186.77329
M205 X12.5 Y12.5
G0 F8250 X177.8 Y111.087
M205 X14 Y14
G1 F2100 X177.8 Y108.913 E186.82137
M205 X12.5 Y12.5
G0 F8250 X177.52 Y108.913
M205 X14 Y14
G1 F2100 X177.52 Y111.087 E186.86946
M205 X12.5 Y12.5
G0 F8250 X177.24 Y111.087
M205 X14 Y14
G1 F2100 X177.24 Y108.913 E186.91754
M205 X12.5 Y12.5
G0 F8250 X176.96 Y108.913
M205 X14 Y14
G1 F2100 X176.96 Y111.087 E186.96562
M205 X12.5 Y12.5
G0 F8250 X176.68 Y111.087
M205 X14 Y14
G1 F2100 X176.68 Y108.913 E187.01371
M205 X12.5 Y12.5
G0 F8250 X176.4 Y108.913
M205 X14 Y14
G1 F2100 X176.4 Y111.087 E187.06179
M205 X12.5 Y12.5
G0 F8250 X176.12 Y111.087
M205 X14 Y14
G1 F2100 X176.12 Y108.913 E187.10988
M205 X12.5 Y12.5
G0 F8250 X175.84 Y108.913
M205 X14 Y14
G1 F2100 X175.84 Y111.087 E187.15796
M205 X12.5 Y12.5
G0 F8250 X175.56 Y111.087
M205 X14 Y14
G1 F2100 X175.56 Y108.913 E187.20605
M205 X12.5 Y12.5
G0 F8250 X175.28 Y108.913
M205 X14 Y14
G1 F2100 X175.28 Y111.087 E187.25413
M205 X12.5 Y12.5
G0 F8250 X175 Y111.087
M205 X14 Y14
G1 F2100 X175 Y108.913 E187.30222
M205 X12.5 Y12.5
G0 F8250 X174.72 Y108.913
M205 X14 Y14
G1 F2100 X174.72 Y111.087 E187.3503
M205 X12.5 Y12.5
G0 F8250 X174.44 Y111.087
M205 X14 Y14
G1 F2100 X174.44 Y108.913 E187.39838
M205 X12.5 Y12.5
G0 F8250 X174.16 Y108.913
M205 X14 Y14
G1 F2100 X174.16 Y111.087 E187.44647
M205 X12.5 Y12.5
G0 F8250 X174.16 Y111.375
G1 F2400 E185.44647
G0 F8250 X173.722 Y111.278
G0 X172.745 Y108.5
G0 X172.286 Y106.691
G0 X167.947 Y106.647
G0 X167.255 Y108.5
G0 X113.5 Y108.5
M205 X14 Y14
;TYPE:WALL-INNER
G1 F1200 E187.44647
G1 F2700 X113.5 Y111.5 E187.56496
G1 X166.5 Y111.5 E189.65827
G1 X166.5 Y108.5 E189.77676
G1 X113.5 Y108.5 E191.87007
M205 X12.5 Y12.5
G0 F8250 X113 Y108
M205 X14 Y14
G1 F2700 X113 Y112 E192.02805
G1 X167 Y112 E194.16086
G1 X167 Y108 E194.31884
G1 X113 Y108 E196.45165
M205 X12.5 Y12.5
G0 F8250 X112.525 Y107.54
M205 X14 Y14
;TYPE:WALL-OUTER
G1 F2250 X112.525 Y112.475 E196.62707
G1 X167.475 Y112.475 E198.58037
G1 X167.475 Y107.525 E198.75633
G1 X112.554 Y107.525 E200.70859
G1 X112.525 Y107.54 E200.70975
M205 X12.5 Y12.5
G0 F8250 X112.525 Y107.74
G0 X113.195 Y108.195
G0 X113.65 Y108.773
G0 X113.773 Y108.773
M205 X14 Y14
;TYPE:SKIN
G1 F2100 X113.773 Y111.227 E200.76403
G1 X166.227 Y111.227 E201.9242
G1 X166.227 Y108.773 E201.97848
G1 X113.773 Y108.773 E203.13866
M205 X12.5 Y12.5
G1 F2400 E201.13866
G0 F8250 X113.65 Y108.773
G0 X166.04 Y108.65
G1 F1200 E203.13866
G0 F8250 X166.04 Y108.913
M205 X14 Y14
G1 F2100 X166.04 Y111.087 E203.18674
M205 X12.5 Y12.5
G0 F8250 X165.76 Y111.087
M205 X14 Y14
G1 F2100 X165.76 Y108.913 E203.23483
M205 X12.5 Y12.5
G0 F8250 X165.48 Y108.913
M205 X14 Y14
G1 F2100 X165.48 Y111.087 E203.28291
M205 X12.5 Y12.5
G0 F8250 X165.2 Y111.087
M205 X14 Y14
G1 F2100 X165.2 Y108.913 E203.331
M205 X12.5 Y12.5
G0 F8250 X164.92 Y108.913
M205 X14 Y14
G1 F2100 X164.92 Y111.087 E203.37908
M205 X12.5 Y12.5
G0 F8250 X164.64 Y111.087
M205 X14 Y14
G1 F2100 X164.64 Y108.913 E203.42717
M205 X12.5 Y12.5
G0 F8250 X164.36 Y108.913
M205 X14 Y14
G1 F2100 X164.36 Y111.087 E203.47525
M205 X12.5 Y12.5
G0 F8250 X164.08 Y111.087
M205 X14 Y14
G1 F2100 X164.08 Y108.913 E203.52334
M205 X12.5 Y12.5
G0 F8250 X163.8 Y108.913
M205 X14 Y14
G1 F2100 X163.8 Y111.087 E203.57142
M205 X12.5 Y12.5
G0 F8250 X163.52 Y111.087
M205 X14 Y14
G1 F2100 X163.52 Y108.913 E203.6195
M205 X12.5 Y12.5
G0 F8250 X163.24 Y108.913
M205 X14 Y14
G1 F2100 X163.24 Y111.087 E203.66759
M205 X12.5 Y12.5
G0 F8250 X162.96 Y111.087
M205 X14 Y14
G1 F2100 X162.96 Y108.913 E203.71567
M205 X12.5 Y12.5
G0 F8250 X162.68 Y108.913
M205 X14 Y14
G1 F2100 X162.68 Y111.087 E203.76376
M205 X12.5 Y12.5
G0 F8250 X162.4 Y111.087
M205 X14 Y14
G1 F2100 X162.4 Y108.913 E203.81184
M205 X12.5 Y12.5
G0 F8250 X162.12 Y108.913
M205 X14 Y14
G1 F2100 X162.12 Y111.087 E203.85993
M205 X12.5 Y12.5
G0 F8250 X161.84 Y111.087
M205 X14 Y14
G1 F2100 X161.84 Y108.913 E203.90801
M205 X12.5 Y12.5
G0 F8250 X161.56 Y108.913
M205 X14 Y14
G1 F2100 X161.56 Y111.087 E203.9561
M205 X12.5 Y12.5
G0 F8250 X161.28 Y111.087
M205 X14 Y14
G1 F2100 X161.28 Y108.913 E204.00418
M205 X12.5 Y12.5
G0 F8250 X161 Y108.913
M205 X14 Y14
G1 F2100 X161 Y111.087 E204.05227
M205 X12.5 Y12.5
G0 F8250 X160.72 Y111.087
M205 X14 Y14
G1 F2100 X160.72 Y108.913 E204.10035
M205 X12.5 Y12.5
G0 F8250 X160.44 Y108.913
M205 X14 Y14
G1 F2100 X160.44 Y111.087 E204.14843
M205 X12.5 Y12.5
G0 F8250 X160.16 Y111.087
M205 X14 Y14
G1 F2100 X160.16 Y108.913 E204.19652
M205 X12.5 Y12.5
G0 F8250 X159.88 Y108.913
M205 X14 Y14
G1 F2100 X159.88 Y111.087 E204.2446
M205 X12.5 Y12.5
G0 F8250 X159.6 Y111.087
M205 X14 Y14
G1 F2100 X159.6 Y108.913 E204.29269
M205 X12.5 Y12.5
G0 F8250 X159.32 Y108.913
M205 X14 Y14
G1 F2100 X159.32 Y111.087 E204.34077
M205 X12.5 Y12.5
G0 F8250 X159.04 Y111.087
M205 X14 Y14
G1 F2100 X159.04 Y108.913 E204.38886
M205 X12.5 Y12.5
G0 F8250 X158.76 Y108.913
M205 X14 Y14
G1 F2100 X158.76 Y111.087 E204.43694
M205 X12.5 Y12.5
G0 F8250 X158.48 Y111.087
M205 X14 Y14
G1 F2100 X158.48 Y108.913 E204.48503
M205 X12.5 Y12.5
G0 F8250 X158.2 Y108.913
M205 X14 Y14
G1 F2100 X158.2 Y111.087 E204.53311
M205 X12.5 Y12.5
G0 F8250 X157.92 Y111.087
M205 X14 Y14
G1 F2100 X157.92 Y108.913 E204.58119
M205 X12.5 Y12.5
G0 F8250 X157.64 Y108.913
M205 X14 Y14
G1 F2100 X157.64 Y111.087 E204.62928
M205 X12.5 Y12.5
G0 F8250 X157.36 Y111.087
M205 X14 Y14
G1 F2100 X157.36 Y108.913 E204.67736
M205 X12.5 Y12.5
G0 F8250 X157.08 Y108.913
M205 X14 Y14
G1 F2100 X157.08 Y111.087 E204.72545
M205 X12.5 Y12.5
G0 F8250 X156.8 Y111.087
M205 X14 Y14
G1 F2100 X156.8 Y108.913 E204.77353
M205 X12.5 Y12.5
G0 F8250 X156.52 Y108.913
M205 X14 Y14
G1 F2100 X156.52 Y111.087 E204.82162
M205 X12.5 Y12.5
G0 F8250 X156.24 Y111.087
M205 X14 Y14
G1 F2100 X156.24 Y108.913 E204.8697
M205 X12.5 Y12.5
G0 F8250 X155.96 Y108.913
M205 X14 Y14
G1 F2100 X155.96 Y111.087 E204.91779
M205 X12.5 Y12.5
G0 F8250 X155.68 Y111.087
M205 X14 Y14
G1 F2100 X155.68 Y108.913 E204.96587
M205 X12.5 Y12.5
G0 F8250 X155.4 Y108.913
M205 X14 Y14
G1 F2100 X155.4 Y111.087 E205.01396
M205 X12.5 Y12.5
G0 F8250 X155.12 Y111.087
M205 X14 Y14
G1 F2100 X155.12 Y108.913 E205.06204
M205 X12.5 Y12.5
G0 F8250 X154.84 Y108.913
M205 X14 Y14
G1 F2100 X154.84 Y111.087 E205.11012
M205 X12.5 Y12.5
G0 F8250 X154.56 Y111.087
M205 X14 Y14
G1 F2100 X154.56 Y108.913 E205.15821
M205 X12.5 Y12.5
G0 F8250 X154.28 Y108.913
M205 X14 Y14
G1 F2100 X154.28 Y111.087 E205.20629
M205 X12.5 Y12.5
G0 F8250 X154 Y111.087
M205 X14 Y14
G1 F2100 X154 Y108.913 E205.25438
M205 X12.5 Y12.5
G0 F8250 X153.72 Y108.913
M205 X14 Y14
G1 F2100 X153.72 Y111.087 E205.30246
M205 X12.5 Y12.5
G0 F8250 X153.44 Y111.087
M205 X14 Y14
G1 F2100 X153.44 Y108.913 E205.35055
M205 X12.5 Y12.5
G0 F8250 X153.16 Y108.913
M205 X14 Y14
G1 F2100 X153.16 Y111.087 E205.39863
M205 X12.5 Y12.5
G0 F8250 X152.88 Y111.087
M205 X14 Y14
G1 F2100 X152.88 Y108.913 E205.44672
M205 X12.5 Y12.5
G0 F8250 X152.6 Y108.913
M205 X14 Y14
G1 F2100 X152.6 Y111.087 E205.4948
M205 X12.5 Y12.5
G0 F8250 X152.32 Y111.087
M205 X14 Y14
G1 F2100 X152.32 Y108.913 E205.54288
M205 X12.5 Y12.5
G0 F8250 X152.04 Y108.913
M205 X14 Y14
G1 F2100 X152.04 Y111.087 E205.59097
M205 X12.5 Y12.5
G0 F8250 X151.76 Y111.087
M205 X14 Y14
G1 F2100 X151.76 Y108.913 E205.63905
M205 X12.5 Y12.5
G0 F8250 X151.48 Y108.913
M205 X14 Y14
G1 F2100 X151.48 Y111.087 E205.68714
M205 X12.5 Y12.5
G0 F8250 X151.2 Y111.087
M205 X14 Y14
G1 F2100 X151.2 Y108.913 E205.73522
M205 X12.5 Y12.5
G0 F8250 X150.92 Y108.913
M205 X14 Y14
G1 F2100 X150.92 Y111.087 E205.78331
M205 X12.5 Y12.5
G0 F8250 X150.64 Y111.087
M205 X14 Y14
G1 F2100 X150.64 Y108.913 E205.83139
M205 X12.5 Y12.5
G0 F8250 X150.36 Y108.913
M205 X14 Y14
G1 F2100 X150.36 Y111.087 E205.87948
M205 X12.5 Y12.5
G0 F8250 X150.08 Y111.087
M205 X14 Y14
G1 F2100 X150.08 Y108.913 E205.92756
M205 X12.5 Y12.5
G0 F8250 X149.8 Y108.913
M205 X14 Y14
G1 F2100 X149.8 Y111.087 E205.97565
M205 X12.5 Y12.5
G0 F8250 X149.52 Y111.087
M205 X14 Y14
G1 F2100 X149.52 Y108.913 E206.02373
M205 X12.5 Y12.5
G0 F8250 X149.24 Y108.913
M205 X14 Y14
G1 F2100 X149.24 Y111.087 E206.07181
M205 X12.5 Y12.5
G0 F8250 X148.96 Y111.087
M205 X14 Y14
G1 F2100 X148.96 Y108.913 E206.1199
M205 X12.5 Y12.5
G0 F8250 X148.68 Y108.913
M205 X14 Y14
G1 F2100 X148.68 Y111.087 E206.16798
M205 X12.5 Y12.5
G0 F8250 X148.4 Y111.087
M205 X14 Y14
G1 F2100 X148.4 Y108.913 E206.21607
M205 X12.5 Y12.5
G0 F8250 X148.12 Y108.913
M205 X14 Y14
G1 F2100 X148.12 Y111.087 E206.26415
M205 X12.5 Y12.5
G0 F8250 X147.84 Y111.087
M205 X14 Y14
G1 F2100 X147.84 Y108.913 E206.31224
M205 X12.5 Y12.5
G0 F8250 X147.56 Y108.913
M205 X14 Y14
G1 F2100 X147.56 Y111.087 E206.36032
M205 X12.5 Y12.5
G0 F8250 X147.28 Y111.087
M205 X14 Y14
G1 F2100 X147.28 Y108.913 E206.40841
M205 X12.5 Y12.5
G0 F8250 X147 Y108.913
M205 X14 Y14
G1 F2100 X147 Y111.087 E206.45649
M205 X12.5 Y12.5
G0 F8250 X146.72 Y111.087
M205 X14 Y14
G1 F2100 X146.72 Y108.913 E206.50458
M205 X12.5 Y12.5
G0 F8250 X146.44 Y108.913
M205 X14 Y14
G1 F2100 X146.44 Y111.087 E206.55266
M205 X12.5 Y12.5
G0 F8250 X146.16 Y111.087
M205 X14 Y14
G1 F2100 X146.16 Y108.913 E206.60074
M205 X12.5 Y12.5
G0 F8250 X145.88 Y108.913
M205 X14 Y14
G1 F2100 X145.88 Y111.087 E206.64883
M205 X12.5 Y12.5
G0 F8250 X145.6 Y111.087
M205 X14 Y14
G1 F2100 X145.6 Y108.913 E206.69691
M205 X12.5 Y12.5
G0 F8250 X145.32 Y108.913
M205 X14 Y14
G1 F2100 X145.32 Y111.087 E206.745
M205 X12.5 Y12.5
G0 F8250 X145.04 Y111.087
M205 X14 Y14
G1 F2100 X145.04 Y108.913 E206.79308
M205 X12.5 Y12.5
G0 F8250 X144.76 Y108.913
M205 X14 Y14
G1 F2100 X144.76 Y111.087 E206.84117
M205 X12.5 Y12.5
G0 F8250 X144.48 Y111.087
M205 X14 Y14
G1 F2100 X144.48 Y108.913 E206.88925
M205 X12.5 Y12.5
G0 F8250 X144.2 Y108.913
M205 X14 Y14
G1 F2100 X144.2 Y111.087 E206.93734
M205 X12.5 Y12.5
G0 F8250 X143.92 Y111.087
M205 X14 Y14
G1 F2100 X143.92 Y108.913 E206.98542
M205 X12.5 Y12.5
G0 F8250 X143.64 Y108.913
M205 X14 Y14
G1 F2100 X143.64 Y111.087 E207.0335
M205 X12.5 Y12.5
G0 F8250 X143.36 Y111.087
M205 X14 Y14
G1 F2100 X143.36 Y108.913 E207.08159
M205 X12.5 Y12.5
G0 F8250 X143.08 Y108.913
M205 X14 Y14
G1 F2100 X143.08 Y111.087 E207.12967
M205 X12.5 Y12.5
G0 F8250 X142.8 Y111.087
M205 X14 Y14
G1 F2100 X142.8 Y108.913 E207.17776
M205 X12.5 Y12.5
G0 F8250 X142.52 Y108.913
M205 X14 Y14
G1 F2100 X142.52 Y111.087 E207.22584
M205 X12.5 Y12.5
G0 F8250 X142.24 Y111.087
M205 X14 Y14
G1 F2100 X142.24 Y108.913 E207.27393
M205 X12.5 Y12.5
G0 F8250 X141.96 Y108.913
M205 X14 Y14
G1 F2100 X141.96 Y111.087 E207.32201
M205 X12.5 Y12.5
G0 F8250 X141.68 Y111.087
M205 X14 Y14
G1 F2100 X141.68 Y108.913 E207.3701
M205 X12.5 Y12.5
G0 F8250 X141.4 Y108.913
M205 X14 Y14
G1 F2100 X141.4 Y111.087 E207.41818
M205 X12.5 Y12.5
G0 F8250 X141.12 Y111.087
M205 X14 Y14
G1 F2100 X141.12 Y108.913 E207.46627
M205 X12.5 Y12.5
G0 F8250 X140.84 Y108.913
M205 X14 Y14
G1 F2100 X140.84 Y111.087 E207.51435
M205 X12.5 Y12.5
G0 F8250 X140.56 Y111.087
M205 X14 Y14
G1 F2100 X140.56 Y108.913 E207.56243
M205 X12.5 Y12.5
G0 F8250 X140.28 Y108.913
M205 X14 Y14
G1 F2100 X140.28 Y111.087 E207.61052
M205 X12.5 Y12.5
G0 F8250 X140 Y111.087
M205 X14 Y14
G1 F2100 X140 Y108.913 E207.6586
M205 X12.5 Y12.5
G0 F8250 X139.72 Y108.913
M205 X14 Y14
G1 F2100 X139.72 Y111.087 E207.70669
M205 X12.5 Y12.5
G0 F8250 X139.44 Y111.087
M205 X14 Y14
G1 F2100 X139.44 Y108.913 E207.75477
M205 X12.5 Y12.5
G0 F8250 X139.16 Y108.913
M205 X14 Y14
G1 F2100 X139.16 Y111.087 E207.80286
M205 X12.5 Y12.5
G0 F8250 X138.88 Y111.087
M205 X14 Y14
G1 F2100 X138.88 Y108.913 E207.85094
M205 X12.5 Y12.5
G0 F8250 X138.6 Y108.913
M205 X14 Y14
G1 F2100 X138.6 Y111.087 E207.89903
M205 X12.5 Y12.5
G0 F8250 X138.32 Y111.087
M205 X14 Y14
G1 F2100 X138.32 Y108.913 E207.94711
M205 X12.5 Y12.5
G0 F8250 X138.04 Y108.913
M205 X14 Y14
G1 F2100 X138.04 Y111.087 E207.99519
M205 X12.5 Y12.5
G0 F8250 X137.76 Y111.087
M205 X14 Y14
G1 F2100 X137.76 Y108.913 E208.04328
M205 X12.5 Y12.5
G0 F8250 X137.48 Y108.913
M205 X14 Y14
G1 F2100 X137.48 Y111.087 E208.09136
M205 X12.5 Y12.5
G0 F8250 X137.2 Y111.087
M205 X14 Y14
G1 F2100 X137.2 Y108.913 E208.13945
M205 X12.5 Y12.5
G0 F8250 X136.92 Y108.913
M205 X14 Y14
G1 F2100 X136.92 Y111.087 E208.18753
M205 X12.5 Y12.5
G0 F8250 X136.64 Y111.087
M205 X14 Y14
G1 F2100 X136.64 Y108.913 E208.23562
M205 X12.5 Y12.5
G0 F8250 X136.36 Y108.913
M205 X14 Y14
G1 F2100 X136.36 Y111.087 E208.2837
M205 X12.5 Y12.5
G0 F8250 X136.08 Y111.087
M205 X14 Y14
G1 F2100 X136.08 Y108.913 E208.33179
M205 X12.5 Y12.5
G0 F8250 X135.8 Y108.913
M205 X14 Y14
G1 F2100 X135.8 Y111.087 E208.37987
M205 X12.5 Y12.5
G0 F8250 X135.52 Y111.087
M205 X14 Y14
G1 F2100 X135.52 Y108.913 E208.42796
M205 X12.5 Y12.5
G0 F8250 X135.24 Y108.913
M205 X14 Y14
G1 F2100 X135.24 Y111.087 E208.47604
M205 X12.5 Y12.5
G0 F8250 X134.96 Y111.087
M205 X14 Y14
G1 F2100 X134.96 Y108.913 E208.52412
M205 X12.5 Y12.5
G0 F8250 X134.68 Y108.913
M205 X14 Y14
G1 F2100 X134.68 Y111.087 E208.57221
M205 X12.5 Y12.5
G0 F8250 X134.4 Y111.087
M205 X14 Y14
G1 F2100 X134.4 Y108.913 E208.62029
M205 X12.5 Y12.5
G0 F8250 X134.12 Y108.913
M205 X14 Y14
G1 F2100 X134.12 Y111.087 E208.66838
M205 X12.5 Y12.5
G0 F8250 X133.84 Y111.087
M205 X14 Y14
G1 F2100 X133.84 Y108.913 E208.71646
M205 X12.5 Y12.5
G0 F8250 X133.56 Y108.913
M205 X14 Y14
G1 F2100 X133.56 Y111.087 E208.76455
M205 X12.5 Y12.5
G0 F8250 X133.28 Y111.087
M205 X14 Y14
G1 F2100 X133.28 Y108.913 E208.81263
M205 X12.5 Y12.5
G0 F8250 X133 Y108.913
M205 X14 Y14
G1 F2100 X133 Y111.087 E208.86072
M205 X12.5 Y12.5
G0 F8250 X132.72 Y111.087
M205 X14 Y14
G1 F2100 X132.72 Y108.913 E208.9088
M205 X12.5 Y12.5
G0 F8250 X132.44 Y108.913
M205 X14 Y14
G1 F2100 X132.44 Y111.087 E208.95689
M205 X12.5 Y12.5
G0 F8250 X132.16 Y111.087
M205 X14 Y14
G1 F2100 X132.16 Y108.913 E209.00497
M205 X12.5 Y12.5
G0 F8250 X131.88 Y108.913
M205 X14 Y14
G1 F2100 X131.88 Y111.087 E209.05305
M205 X12.5 Y12.5
G0 F8250 X131.6 Y111.087
M205 X14 Y14
G1 F2100 X131.6 Y108.913 E209.10114
M205 X12.5 Y12.5
G0 F8250 X131.32 Y108.913
M205 X14 Y14
G1 F2100 X131.32 Y111.087 E209.14922
M205 X12.5 Y12.5
G0 F8250 X131.04 Y111.087
M205 X14 Y14
G1 F2100 X131.04 Y108.913 E209.19731
M205 X12.5 Y12.5
G0 F8250 X130.76 Y108.913
M205 X14 Y14
G1 F2100 X130.76 Y111.087 E209.24539
M205 X12.5 Y12.5
G0 F8250 X130.48 Y111.087
M205 X14 Y14
G1 F2100 X130.48 Y108.913 E209.29348
M205 X12.5 Y12.5
G0 F8250 X130.2 Y108.913
M205 X14 Y14
G1 F2100 X130.2 Y111.087 E209.34156
M205 X12.5 Y12.5
G0 F8250 X129.92 Y111.087
M205 X14 Y14
G1 F2100 X129.92 Y108.913 E209.38965
M205 X12.5 Y12.5
G0 F8250 X129.64 Y108.913
M205 X14 Y14
G1 F2100 X129.64 Y111.087 E209.43773
M205 X12.5 Y12.5
G0 F8250 X129.36 Y111.087
M205 X14 Y14
G1 F2100 X129.36 Y108.913 E209.48581
M205 X12.5 Y12.5
G0 F8250 X129.08 Y108.913
M205 X14 Y14
G1 F2100 X129.08 Y111.087 E209.5339
M205 X12.5 Y12.5
G0 F8250 X128.8 Y111.087
M205 X14 Y14
G1 F2100 X128.8 Y108.913 E209.58198
M205 X12.5 Y12.5
G0 F8250 X128.52 Y108.913
M205 X14 Y14
G1 F2100 X128.52 Y111.087 E209.63007
M205 X12.5 Y12.5
G0 F8250 X128.24 Y111.087
M205 X14 Y14
G1 F2100 X128.24 Y108.913 E209.67815
M205 X12.5 Y12.5
G0 F8250 X127.96 Y108.913
M205 X14 Y14
G1 F2100 X127.96 Y111.087 E209.72624
M205 X12.5 Y12.5
G0 F8250 X127.68 Y111.087
M205 X14 Y14
G1 F2100 X127.68 Y108.913 E209.77432
M205 X12.5 Y12.5
G0 F8250 X127.4 Y108.913
M205 X14 Y14
G1 F2100 X127.4 Y111.087 E209.82241
M205 X12.5 Y12.5
G0 F8250 X127.12 Y111.087
M205 X14 Y14
G1 F2100 X127.12 Y108.913 E209.87049
M205 X12.5 Y12.5
G0 F8250 X126.84 Y108.913
M205 X14 Y14
G1 F2100 X126.84 Y111.087 E209.91858
M205 X12.5 Y12.5
G0 F8250 X126.56 Y111.087
M205 X14 Y14
G1 F2100 X126.56 Y108.913 E209.96666
M205 X12.5 Y12.5
G0 F8250 X126.28 Y108.913
M205 X14 Y14
G1 F2100 X126.28 Y111.087 E210.01474
M205 X12.5 Y12.5
G0 F8250 X126 Y111.087
M205 X14 Y14
G1 F2100 X126 Y108.913 E210.06283
M205 X12.5 Y12.5
G0 F8250 X125.72 Y108.913
M205 X14 Y14
G1 F2100 X125.72 Y111.087 E210.11091
M205 X12.5 Y12.5
G0 F8250 X125.44 Y111.087
M205 X14 Y14
G1 F2100 X125.44 Y108.913 E210.159
M205 X12.5 Y12.5
G0 F8250 X125.16 Y108.913
M205 X14 Y14
G1 F2100 X125.16 Y111.087 E210.20708
M205 X12.5 Y12.5
G0 F8250 X124.88 Y111.087
M205 X14 Y14
G1 F2100 X124.88 Y108.913 E210.25517
M205 X12.5 Y12.5
G0 F8250 X124.6 Y108.913
M205 X14 Y14
G1 F2100 X124.6 Y111.087 E210.30325
M205 X12.5 Y12.5
G0 F8250 X124.32 Y111.087
M205 X14 Y14
G1 F2100 X124.32 Y108.913 E210.35134
M205 X12.5 Y12.5
G0 F8250 X124.04 Y108.913
M205 X14 Y14
G1 F2100 X124.04 Y111.087 E210.39942
M205 X12.5 Y12.5
G0 F8250 X123.76 Y111.087
M205 X14 Y14
G1 F2100 X123.76 Y108.913 E210.4475
M205 X12.5 Y12.5
G0 F8250 X123.48 Y108.913
M205 X14 Y14
G1 F2100 X123.48 Y111.087 E210.49559
M205 X12.5 Y12.5
G0 F8250 X123.2 Y111.087
M205 X14 Y14
G1 F2100 X123.2 Y108.913 E210.54367
M205 X12.5 Y12.5
G0 F8250 X122.92 Y108.913
M205 X14 Y14
G1 F2100 X122.92 Y111.087 E210.59176
M205 X12.5 Y12.5
G0 F8250 X122.64 Y111.087
M205 X14 Y14
G1 F2100 X122.64 Y108.913 E210.63984
M205 X12.5 Y12.5
G0 F8250 X122.36 Y108.913
M205 X14 Y14
G1 F2100 X122.36 Y111.087 E210.68793
M205 X12.5 Y12.5
G0 F8250 X122.08 Y111.087
M205 X14 Y14
G1 F2100 X122.08 Y108.913 E210.73601
M205 X12.5 Y12.5
G0 F8250 X121.8 Y108.913
M205 X14 Y14
G1 F2100 X121.8 Y111.087 E210.7841
M205 X12.5 Y12.5
G0 F8250 X121.52 Y111.087
M205 X14 Y14
G1 F2100 X121.52 Y108.913 E210.83218
M205 X12.5 Y12.5
G0 F8250 X121.24 Y108.913
M205 X14 Y14
G1 F2100 X121.24 Y111.087 E210.88027
M205 X12.5 Y12.5
G0 F8250 X120.96 Y111.087
M205 X14 Y14
G1 F2100 X120.96 Y108.913 E210.92835
M205 X12.5 Y12.5
G0 F8250 X120.68 Y108.913
M205 X14 Y14
G1 F2100 X120.68 Y111.087 E210.97643
M205 X12.5 Y12.5
G0 F8250 X120.4 Y111.087
M205 X14 Y14
G1 F2100 X120.4 Y108.913 E211.02452
M205 X12.5 Y12.5
G0 F8250 X120.12 Y108.913
M205 X14 Y14
G1 F2100 X120.12 Y111.087 E211.0726
M205 X12.5 Y12.5
G0 F8250 X119.84 Y111.087
M205 X14 Y14
G1 F2100 X119.84 Y108.913 E211.12069
M205 X12.5 Y12.5
G0 F8250 X119.56 Y108.913
M205 X14 Y14
G1 F2100 X119.56 Y111.087 E211.16877
M205 X12.5 Y12.5
G0 F8250 X119.28 Y111.087
M205 X14 Y14
G1 F2100 X119.28 Y108.913 E211.21686
M205 X12.5 Y12.5
G0 F8250 X119 Y108.913
M205 X14 Y14
G1 F2100 X119 Y111.087 E211.26494
M205 X12.5 Y12.5
G0 F8250 X118.72 Y111.087
M205 X14 Y14
G1 F2100 X118.72 Y108.913 E211.31303
M205 X12.5 Y12.5
G0 F8250 X118.44 Y108.913
M205 X14 Y14
G1 F2100 X118.44 Y111.087 E211.36111
M205 X12.5 Y12.5
G0 F8250 X118.16 Y111.087
M205 X14 Y14
G1 F2100 X118.16 Y108.913 E211.4092
M205 X12.5 Y12.5
G0 F8250 X117.88 Y108.913
M205 X14 Y14
G1 F2100 X117.88 Y111.087 E211.45728
M205 X12.5 Y12.5
G0 F8250 X117.6 Y111.087
M205 X14 Y14
G1 F2100 X117.6 Y108.913 E211.50536
M205 X12.5 Y12.5
G0 F8250 X117.32 Y108.913
M205 X14 Y14
G1 F2100 X117.32 Y111.087 E211.55345
M205 X12.5 Y12.5
G0 F8250 X117.04 Y111.087
M205 X14 Y14
G1 F2100 X117.04 Y108.913 E211.60153
M205 X12.5 Y12.5
G0 F8250 X116.76 Y108.913
M205 X14 Y14
G1 F2100 X116.76 Y111.087 E211.64962
M205 X12.5 Y12.5
G0 F8250 X116.48 Y111.087
M205 X14 Y14
G1 F2100 X116.48 Y108.913 E211.6977
M205 X12.5 Y12.5
G0 F8250 X116.2 Y108.913
M205 X14 Y14
G1 F2100 X116.2 Y111.087 E211.74579
M205 X12.5 Y12.5
G0 F8250 X115.92 Y111.087
M205 X14 Y14
G1 F2100 X115.92 Y108.913 E211.79387
M205 X12.5 Y12.5
G0 F8250 X115.64 Y108.913
M205 X14 Y14
G1 F2100 X115.64 Y111.087 E211.84196
M205 X12.5 Y12.5
G0 F8250 X115.36 Y111.087
M205 X14 Y14
G1 F2100 X115.36 Y108.913 E211.89004
M205 X12.5 Y12.5
G0 F8250 X115.08 Y108.913
M205 X14 Y14
G1 F2100 X115.08 Y111.087 E211.93812
M205 X12.5 Y12.5
G0 F8250 X114.8 Y111.087
M205 X14 Y14
G1 F2100 X114.8 Y108.913 E211.98621
M205 X12.5 Y12.5
G0 F8250 X114.52 Y108.913
M205 X14 Y14
G1 F2100 X114.52 Y111.087 E212.03429
M205 X12.5 Y12.5
G0 F8250 X114.24 Y111.087
M205 X14 Y14
G1 F2100 X114.24 Y108.913 E212.08238
M205 X12.5 Y12.5
G0 F8250 X113.96 Y108.913
M205 X14 Y14
G1 F2100 X113.96 Y111.087 E212.13046
M205 X12.5 Y12.5
G0 F8250 X113.96 Y111.375
G1 F2400 E210.13046
G0 F8250 X112.745 Y108.5
G0 X112.286 Y106.691
G0 X107.947 Y106.647
G0 X107.255 Y108.5
G0 X53.5 Y108.5
M205 X14 Y14
;TYPE:WALL-INNER
G1 F1200 E212.13046
G1 F2700 X53.5 Y111.5 E212.24895
G1 X106.5 Y111.5 E214.34226
G1 X106.5 Y108.5 E214.46075
G1 X53.5 Y108.5 E216.55406
M205 X12.5 Y12.5
G0 F8250 X53 Y108
M205 X14 Y14
G1 F2700 X53 Y112 E216.71205
G1 X107 Y112 E218.84485
G1 X107 Y108 E219.00284
G1 X53 Y108 E221.13564
M205 X12.5 Y12.5
G0 F8250 X52.525 Y107.54
M205 X14 Y14
;TYPE:WALL-OUTER
G1 F2250 X52.525 Y112.475 E221.31107
G1 X107.475 Y112.475 E223.26436
G1 X107.475 Y107.525 E223.44032
G1 X52.554 Y107.525 E225.39258
G1 X52.525 Y107.54 E225.39374
M205 X12.5 Y12.5
G0 F8250 X52.525 Y107.74
G0 X53.195 Y108.195
G0 X53.65 Y108.773
G0 X53.773 Y108.773
M205 X14 Y14
;TYPE:SKIN
G1 F2100 X53.773 Y111.227 E225.44802
G1 X106.227 Y111.227 E226.6082
G1 X106.227 Y108.773 E226.66248
G1 X53.773 Y108.773 E227.82265
M205 X12.5 Y12.5
G1 F2400 E225.82265
G0 F8250 X53.65 Y108.773
G0 X105.84 Y108.65
G1 F1200 E227.82265
G0 F8250 X105.84 Y108.913
M205 X14 Y14
G1 F2100 X105.84 Y111.087 E227.87074
M205 X12.5 Y12.5
G0 F8250 X105.56 Y111.087
M205 X14 Y14
G1 F2100 X105.56 Y108.913 E227.91882
M205 X12.5 Y12.5
G0 F8250 X105.28 Y108.913
M205 X14 Y14
G1 F2100 X105.28 Y111.087 E227.96691
M205 X12.5 Y12.5
G0 F8250 X105 Y111.087
M205 X14 Y14
G1 F2100 X105 Y108.913 E228.01499
M205 X12.5 Y12.5
G0 F8250 X104.72 Y108.913
M205 X14 Y14
G1 F2100 X104.72 Y111.087 E228.06308
M205 X12.5 Y12.5
G0 F8250 X104.44 Y111.087
M205 X14 Y14
G1 F2100 X104.44 Y108.913 E228.11116
M205 X12.5 Y12.5
G0 F8250 X104.16 Y108.913
M205 X14 Y14
G1 F2100 X104.16 Y111.087 E228.15924
M205 X12.5 Y12.5
G0 F8250 X103.88 Y111.087
M205 X14 Y14
G1 F2100 X103.88 Y108.913 E228.20733
M205 X12.5 Y12.5
G0 F8250 X103.6 Y108.913
M205 X14 Y14
G1 F2100 X103.6 Y111.087 E228.25541
M205 X12.5 Y12.5
G0 F8250 X103.32 Y111.087
M205 X14 Y14
G1 F2100 X103.32 Y108.913 E228.3035
M205 X12.5 Y12.5
G0 F8250 X103.04 Y108.913
M205 X14 Y14
G1 F2100 X103.04 Y111.087 E228.35158
M205 X12.5 Y12.5
G0 F8250 X102.76 Y111.087
M205 X14 Y14
G1 F2100 X102.76 Y108.913 E228.39967
M205 X12.5 Y12.5
G0 F8250 X102.48 Y108.913
M205 X14 Y14
G1 F2100 X102.48 Y111.087 E228.44775
M205 X12.5 Y12.5
G0 F8250 X102.2 Y111.087
M205 X14 Y14
G1 F2100 X102.2 Y108.913 E228.49584
M205 X12.5 Y12.5
G0 F8250 X101.92 Y108.913
M205 X14 Y14
G1 F2100 X101.92 Y111.087 E228.54392
M205 X12.5 Y12.5
G0 F8250 X101.64 Y111.087
M205 X14 Y14
G1 F2100 X101.64 Y108.913 E228.59201
M205 X12.5 Y12.5
G0 F8250 X101.36 Y108.913
M205 X14 Y14
G1 F2100 X101.36 Y111.087 E228.64009
M205 X12.5 Y12.5
G0 F8250 X101.08 Y111.087
M205 X14 Y14
G1 F2100 X101.08 Y108.913 E228.68817
M205 X12.5 Y12.5
G0 F8250 X100.8 Y108.913
M205 X14 Y14
G1 F2100 X100.8 Y111.087 E228.73626
M205 X12.5 Y12.5
G0 F8250 X100.52 Y111.087
M205 X14 Y14
G1 F2100 X100.52 Y108.913 E228.78434
M205 X12.5 Y12.5
G0 F8250 X100.24 Y108.913
M205 X14 Y14
G1 F2100 X100.24 Y111.087 E228.83243
M205 X12.5 Y12.5
G0 F8250 X99.96 Y111.087
M205 X14 Y14
G1 F2100 X99.96 Y108.913 E228.88051
M205 X12.5 Y12.5
G0 F8250 X99.68 Y108.913
M205 X14 Y14
G1 F2100 X99.68 Y111.087 E228.9286
M205 X12.5 Y12.5
G0 F8250 X99.4 Y111.087
M205 X14 Y14
G1 F2100 X99.4 Y108.913 E228.97668
M205 X12.5 Y12.5
G0 F8250 X99.12 Y108.913
M205 X14 Y14
G1 F2100 X99.12 Y111.087 E229.02477
M205 X12.5 Y12.5
G0 F8250 X98.84 Y111.087
M205 X14 Y14
G1 F2100 X98.84 Y108.913 E229.07285
M205 X12.5 Y12.5
G0 F8250 X98.56 Y108.913
M205 X14 Y14
G1 F2100 X98.56 Y111.087 E229.12093
M205 X12.5 Y12.5
G0 F8250 X98.28 Y111.087
M205 X14 Y14
G1 F2100 X98.28 Y108.913 E229.16902
M205 X12.5 Y12.5
G0 F8250 X98 Y108.913
M205 X14 Y14
G1 F2100 X98 Y111.087 E229.2171
M205 X12.5 Y12.5
G0 F8250 X97.72 Y111.087
M205 X14 Y14
G1 F2100 X97.72 Y108.913 E229.26519
M205 X12.5 Y12.5
G0 F8250 X97.44 Y108.913
M205 X14 Y14
G1 F2100 X97.44 Y111.087 E229.31327
M205 X12.5 Y12.5
G0 F8250 X97.16 Y111.087
M205 X14 Y14
G1 F2100 X97.16 Y108.913 E229.36136
M205 X12.5 Y12.5
G0 F8250 X96.88 Y108.913
M205 X14 Y14
G1 F2100 X96.88 Y111.087 E229.40944
M205 X12.5 Y12.5
G0 F8250 X96.6 Y111.087
M205 X14 Y14
G1 F2100 X96.6 Y108.913 E229.45753
M205 X12.5 Y12.5
G0 F8250 X96.32 Y108.913
M205 X14 Y14
G1 F2100 X96.32 Y111.087 E229.50561
M205 X12.5 Y12.5
G0 F8250 X96.04 Y111.087
M205 X14 Y14
G1 F2100 X96.04 Y108.913 E229.5537
M205 X12.5 Y12.5
G0 F8250 X95.76 Y108.913
M205 X14 Y14
G1 F2100 X95.76 Y111.087 E229.60178
M205 X12.5 Y12.5
G0 F8250 X95.48 Y111.087
M205 X14 Y14
G1 F2100 X95.48 Y108.913 E229.64986
M205 X12.5 Y12.5
G0 F8250 X95.2 Y108.913
M205 X14 Y14
G1 F2100 X95.2 Y111.087 E229.69795
M205 X12.5 Y12.5
G0 F8250 X94.92 Y111.087
M205 X14 Y14
G1 F2100 X94.92 Y108.913 E229.74603
M205 X12.5 Y12.5
G0 F8250 X94.64 Y108.913
M205 X14 Y14
G1 F2100 X94.64 Y111.087 E229.79412
M205 X12.5 Y12.5
G0 F8250 X94.36 Y111.087
M205 X14 Y14
G1 F2100 X94.36 Y108.913 E229.8422
M205 X12.5 Y12.5
G0 F8250 X94.08 Y108.913
M205 X14 Y14
G1 F2100 X94.08 Y111.087 E229.89029
M205 X12.5 Y12.5
G0 F8250 X93.8 Y111.087
M205 X14 Y14
G1 F2100 X93.8 Y108.913 E229.93837
M205 X12.5 Y12.5
G0 F8250 X93.52 Y108.913
M205 X14 Y14
G1 F2100 X93.52 Y111.087 E229.98646
M205 X12.5 Y12.5
G0 F8250 X93.24 Y111.087
M205 X14 Y14
G1 F2100 X93.24 Y108.913 E230.03454
M205 X12.5 Y12.5
G0 F8250 X92.96 Y108.913
M205 X14 Y14
G1 F2100 X92.96 Y111.087 E230.08262
M205 X12.5 Y12.5
G0 F8250 X92.68 Y111.087
M205 X14 Y14
G1 F2100 X92.68 Y108.913 E230.13071
M205 X12.5 Y12.5
G0 F8250 X92.4 Y108.913
M205 X14 Y14
G1 F2100 X92.4 Y111.087 E230.17879
M205 X12.5 Y12.5
G0 F8250 X92.12 Y111.087
M205 X14 Y14
G1 F2100 X92.12 Y108.913 E230.22688
M205 X12.5 Y12.5
G0 F8250 X91.84 Y108.913
M205 X14 Y14
G1 F2100 X91.84 Y111.087 E230.27496
M205 X12.5 Y12.5
G0 F8250 X91.56 Y111.087
M205 X14 Y14
G1 F2100 X91.56 Y108.913 E230.32305
M205 X12.5 Y12.5
G0 F8250 X91.28 Y108.913
M205 X14 Y14
G1 F2100 X91.28 Y111.087 E230.37113
M205 X12.5 Y12.5
G0 F8250 X91 Y111.087
M205 X14 Y14
G1 F2100 X91 Y108.913 E230.41922
M205 X12.5 Y12.5
G0 F8250 X90.72 Y108.913
M205 X14 Y14
G1 F2100 X90.72 Y111.087 E230.4673
M205 X12.5 Y12.5
G0 F8250 X90.44 Y111.087
M205 X14 Y14
G1 F2100 X90.44 Y108.913 E230.51539
M205 X12.5 Y12.5
G0 F8250 X90.16 Y108.913
M205 X14 Y14
G1 F2100 X90.16 Y111.087 E230.56347
M205 X12.5 Y12.5
G0 F8250 X89.88 Y111.087
M205 X14 Y14
G1 F2100 X89.88 Y108.913 E230.61155
M205 X12.5 Y12.5
G0 F8250 X89.6 Y108.913
M205 X14 Y14
G1 F2100 X89.6 Y111.087 E230.65964
M205 X12.5 Y12.5
G0 F8250 X89.32 Y111.087
M205 X14 Y14
G1 F2100 X89.32 Y108.913 E230.70772
M205 X12.5 Y12.5
G0 F8250 X89.04 Y108.913
M205 X14 Y14
G1 F2100 X89.04 Y111.087 E230.75581
M205 X12.5 Y12.5
G0 F8250 X88.76 Y111.087
M205 X14 Y14
G1 F2100 X88.76 Y108.913 E230.80389
M205 X12.5 Y12.5
G0 F8250 X88.48 Y108.913
M205 X14 Y14
G1 F2100 X88.48 Y111.087 E230.85198
M205 X12.5 Y12.5
G0 F8250 X88.2 Y111.087
M205 X14 Y14
G1 F2100 X88.2 Y108.913 E230.90006
M205 X12.5 Y12.5
G0 F8250 X87.92 Y108.913
M205 X14 Y14
G1 F2100 X87.92 Y111.087 E230.94815
M205 X12.5 Y12.5
G0 F8250 X87.64 Y111.087
M205 X14 Y14
G1 F2100 X87.64 Y108.913 E230.99623
M205 X12.5 Y12.5
G0 F8250 X87.36 Y108.913
M205 X14 Y14
G1 F2100 X87.36 Y111.087 E231.04432
M205 X12.5 Y12.5
G0 F8250 X87.08 Y111.087
M205 X14 Y14
G1 F2100 X87.08 Y108.913 E231.0924
M205 X12.5 Y12.5
G0 F8250 X86.8 Y108.913
M205 X14 Y14
G1 F2100 X86.8 Y111.087 E231.14048
M205 X12.5 Y12.5
G0 F8250 X86.52 Y111.087
M205 X14 Y14
G1 F2100 X86.52 Y108.913 E231.18857
M205 X12.5 Y12.5
G0 F8250 X86.24 Y108.913
M205 X14 Y14
G1 F2100 X86.24 Y111.087 E231.23665
M205 X12.5 Y12.5
G0 F8250 X85.96 Y111.087
M205 X14 Y14
G1 F2100 X85.96 Y108.913 E231.28474
M205 X12.5 Y12.5
G0 F8250 X85.68 Y108.913
M205 X14 Y14
G1 F2100 X85.68 Y111.087 E231.33282
M205 X12.5 Y12.5
G0 F8250 X85.4 Y111.087
M205 X14 Y14
G1 F2100 X85.4 Y108.913 E231.38091
M205 X12.5 Y12.5
G0 F8250 X85.12 Y108.913
M205 X14 Y14
G1 F2100 X85.12 Y111.087 E231.42899
M205 X12.5 Y12.5
G0 F8250 X84.84 Y111.087
M205 X14 Y14
G1 F2100 X84.84 Y108.913 E231.47708
M205 X12.5 Y12.5
G0 F8250 X84.56 Y108.913
M205 X14 Y14
G1 F2100 X84.56 Y111.087 E231.52516
M205 X12.5 Y12.5
G0 F8250 X84.28 Y111.087
M205 X14 Y14
G1 F2100 X84.28 Y108.913 E231.57324
M205 X12.5 Y12.5
G0 F8250 X84 Y108.913
M205 X14 Y14
G1 F2100 X84 Y111.087 E231.62133
M205 X12.5 Y12.5
G0 F8250 X83.72 Y111.087
M205 X14 Y14
G1 F2100 X83.72 Y108.913 E231.66941
M205 X12.5 Y12.5
G0 F8250 X83.44 Y108.913
M205 X14 Y14
G1 F2100 X83.44 Y111.087 E231.7175
M205 X12.5 Y12.5
G0 F8250 X83.16 Y111.087
M205 X14 Y14
G1 F2100 X83.16 Y108.913 E231.76558
M205 X12.5 Y12.5
G0 F8250 X82.88 Y108.913
M205 X14 Y14
G1 F2100 X82.88 Y111.087 E231.81367
M205 X12.5 Y12.5
G0 F8250 X82.6 Y111.087
M205 X14 Y14
G1 F2100 X82.6 Y108.913 E231.86175
M205 X12.5 Y12.5
G0 F8250 X82.32 Y108.913
M205 X14 Y14
G1 F2100 X82.32 Y111.087 E231.90984
M205 X12.5 Y12.5
G0 F8250 X82.04 Y111.087
M205 X14 Y14
G1 F2100 X82.04 Y108.913 E231.95792
M205 X12.5 Y12.5
G0 F8250 X81.76 Y108.913
M205 X14 Y14
G1 F2100 X81.76 Y111.087 E232.00601
M205 X12.5 Y12.5
G0 F8250 X81.48 Y111.087
M205 X14 Y14
G1 F2100 X81.48 Y108.913 E232.05409
M205 X12.5 Y12.5
G0 F8250 X81.2 Y108.913
M205 X14 Y14
G1 F2100 X81.2 Y111.087 E232.10217
M205 X12.5 Y12.5
G0 F8250 X80.92 Y111.087
M205 X14 Y14
G1 F2100 X80.92 Y108.913 E232.15026
M205 X12.5 Y12.5
G0 F8250 X80.64 Y108.913
M205 X14 Y14
G1 F2100 X80.64 Y111.087 E232.19834
M205 X12.5 Y12.5
G0 F8250 X80.36 Y111.087
M205 X14 Y14
G1 F2100 X80.36 Y108.913 E232.24643
M205 X12.5 Y12.5
G0 F8250 X80.08 Y108.913
M205 X14 Y14
G1 F2100 X80.08 Y111.087 E232.29451
M205 X12.5 Y12.5
G0 F8250 X79.8 Y111.087
M205 X14 Y14
G1 F2100 X79.8 Y108.913 E232.3426
M205 X12.5 Y12.5
G0 F8250 X79.52 Y108.913
M205 X14 Y14
G1 F2100 X79.52 Y111.087 E232.39068
M205 X12.5 Y12.5
G0 F8250 X79.24 Y111.087
M205 X14 Y14
G1 F2100 X79.24 Y108.913 E232.43877
M205 X12.5 Y12.5
G0 F8250 X78.96 Y108.913
M205 X14 Y14
G1 F2100 X78.96 Y111.087 E232.48685
M205 X12.5 Y12.5
G0 F8250 X78.68 Y111.087
M205 X14 Y14
G1 F2100 X78.68 Y108.913 E232.53493
M205 X12.5 Y12.5
G0 F8250 X78.4 Y108.913
M205 X14 Y14
G1 F2100 X78.4 Y111.087 E232.58302
M205 X12.5 Y12.5
G0 F8250 X78.12 Y111.087
M205 X14 Y14
G1 F2100 X78.12 Y108.913 E232.6311
M205 X12.5 Y12.5
G0 F8250 X77.84 Y108.913
M205 X14 Y14
G1 F2100 X77.84 Y111.087 E232.67919
M205 X12.5 Y12.5
G0 F8250 X77.56 Y111.087
M205 X14 Y14
G1 F2100 X77.56 Y108.913 E232.72727
M205 X12.5 Y12.5
G0 F8250 X77.28 Y108.913
M205 X14 Y14
G1 F2100 X77.28 Y111.087 E232.77536
M205 X12.5 Y12.5
G0 F8250 X77 Y111.087
M205 X14 Y14
G1 F2100 X77 Y108.913 E232.82344
M205 X12.5 Y12.5
G0 F8250 X76.72 Y108.913
M205 X14 Y14
G1 F2100 X76.72 Y111.087 E232.87153
M205 X12.5 Y12.5
G0 F8250 X76.44 Y111.087
M205 X14 Y14
G1 F2100 X76.44 Y108.913 E232.91961
M205 X12.5 Y12.5
G0 F8250 X76.16 Y108.913
M205 X14 Y14
G1 F2100 X76.16 Y111.087 E232.9677
M205 X12.5 Y12.5
G0 F8250 X75.88 Y111.087
M205 X14 Y14
G1 F2100 X75.88 Y108.913 E233.01578
M205 X12.5 Y12.5
G0 F8250 X75.6 Y108.913
M205 X14 Y14
G1 F2100 X75.6 Y111.087 E233.06386
M205 X12.5 Y12.5
G0 F8250 X75.32 Y111.087
M205 X14 Y14
G1 F2100 X75.32 Y108.913 E233.11195
M205 X12.5 Y12.5
G0 F8250 X75.04 Y108.913
M205 X14 Y14
G1 F2100 X75.04 Y111.087 E233.16003
M205 X12.5 Y12.5
G0 F8250 X74.76 Y111.087
M205 X14 Y14
G1 F2100 X74.76 Y108.913 E233.20812
M205 X12.5 Y12.5
G0 F8250 X74.48 Y108.913
M205 X14 Y14
G1 F2100 X74.48 Y111.087 E233.2562
M205 X12.5 Y12.5
G0 F8250 X74.2 Y111.087
M205 X14 Y14
G1 F2100 X74.2 Y108.913 E233.30429
M205 X12.5 Y12.5
G0 F8250 X73.92 Y108.913
M205 X14 Y14
G1 F2100 X73.92 Y111.087 E233.35237
M205 X12.5 Y12.5
G0 F8250 X73.64 Y111.087
M205 X14 Y14
G1 F2100 X73.64 Y108.913 E233.40046
M205 X12.5 Y12.5
G0 F8250 X73.36 Y108.913
M205 X14 Y14
G1 F2100 X73.36 Y111.087 E233.44854
M205 X12.5 Y12.5
G0 F8250 X73.08 Y111.087
M205 X14 Y14
G1 F2100 X73.08 Y108.913 E233.49663
M205 X12.5 Y12.5
G0 F8250 X72.8 Y108.913
M205 X14 Y14
G1 F2100 X72.8 Y111.087 E233.54471
M205 X12.5 Y12.5
G0 F8250 X72.52 Y111.087
M205 X14 Y14
G1 F2100 X72.52 Y108.913 E233.59279
M205 X12.5 Y12.5
G0 F8250 X72.24 Y108.913
M205 X14 Y14
G1 F2100 X72.24 Y111.087 E233.64088
M205 X12.5 Y12.5
G0 F8250 X71.96 Y111.087
M205 X14 Y14
G1 F2100 X71.96 Y108.913 E233.68896
M205 X12.5 Y12.5
G0 F8250 X71.68 Y108.913
M205 X14 Y14
G1 F2100 X71.68 Y111.087 E233.73705
M205 X12.5 Y12.5
G0 F8250 X71.4 Y111.087
M205 X14 Y14
G1 F2100 X71.4 Y108.913 E233.78513
M205 X12.5 Y12.5
G0 F8250 X71.12 Y108.913
M205 X14 Y14
G1 F2100 X71.12 Y111.087 E233.83322
M205 X12.5 Y12.5
G0 F8250 X70.84 Y111.087
M205 X14 Y14
G1 F2100 X70.84 Y108.913 E233.8813
M205 X12.5 Y12.5
G0 F8250 X70.56 Y108.913
M205 X14 Y14
G1 F2100 X70.56 Y111.087 E233.92939
M205 X12.5 Y12.5
G0 F8250 X70.28 Y111.087
M205 X14 Y14
G1 F2100 X70.28 Y108.913 E233.97747
M205 X12.5 Y12.5
G0 F8250 X70 Y108.913
M205 X14 Y14
G1 F2100 X70 Y111.087 E234.02555
M205 X12.5 Y12.5
G0 F8250 X69.72 Y111.087
M205 X14 Y14
G1 F2100 X69.72 Y108.913 E234.07364
M205 X12.5 Y12.5
G0 F8250 X69.44 Y108.913
M205 X14 Y14
G1 F2100 X69.44 Y111.087 E234.12172
M205 X12.5 Y12.5
G0 F8250 X69.16 Y111.087
M205 X14 Y14
G1 F2100 X69.16 Y108.913 E234.16981
M205 X12.5 Y12.5
G0 F8250 X68.88 Y108.913
M205 X14 Y14
G1 F2100 X68.88 Y111.087 E234.21789
M205 X12.5 Y12.5
G0 F8250 X68.6 Y111.087
M205 X14 Y14
G1 F2100 X68.6 Y108.913 E234.26598
M205 X12.5 Y12.5
G0 F8250 X68.32 Y108.913
M205 X14 Y14
G1 F2100 X68.32 Y111.087 E234.31406
M205 X12.5 Y12.5
G0 F8250 X68.04 Y111.087
M205 X14 Y14
G1 F2100 X68.04 Y108.913 E234.36215
M205 X12.5 Y12.5
G0 F8250 X67.76 Y108.913
M205 X14 Y14
G1 F2100 X67.76 Y111.087 E234.41023
M205 X12.5 Y12.5
G0 F8250 X67.48 Y111.087
M205 X14 Y14
G1 F2100 X67.48 Y108.913 E234.45832
M205 X12.5 Y12.5
G0 F8250 X67.2 Y108.913
M205 X14 Y14
G1 F2100 X67.2 Y111.087 E234.5064
M205 X12.5 Y12.5
G0 F8250 X66.92 Y111.087
M205 X14 Y14
G1 F2100 X66.92 Y108.913 E234.55448
M205 X12.5 Y12.5
G0 F8250 X66.64 Y108.913
M205 X14 Y14
G1 F2100 X66.64 Y111.087 E234.60257
M205 X12.5 Y12.5
G0 F8250 X66.36 Y111.087
M205 X14 Y14
G1 F2100 X66.36 Y108.913 E234.65065
M205 X12.5 Y12.5
G0 F8250 X66.08 Y108.913
M205 X14 Y14
G1 F2100 X66.08 Y111.087 E234.69874
M205 X12.5 Y12.5
G0 F8250 X65.8 Y111.087
M205 X14 Y14
G1 F2100 X65.8 Y108.913 E234.74682
M205 X12.5 Y12.5
G0 F8250 X65.52 Y108.913
M205 X14 Y14
G1 F2100 X65.52 Y111.087 E234.79491
M205 X12.5 Y12.5
G0 F8250 X65.24 Y111.087
M205 X14 Y14
G1 F2100 X65.24 Y108.913 E234.84299
M205 X12.5 Y12.5
G0 F8250 X64.96 Y108.913
M205 X14 Y14
G1 F2100 X64.96 Y111.087 E234.89108
M205 X12.5 Y12.5
G0 F8250 X64.68 Y111.087
M205 X14 Y14
G1 F2100 X64.68 Y108.913 E234.93916
M205 X12.5 Y12.5
G0 F8250 X64.4 Y108.913
M205 X14 Y14
G1 F2100 X64.4 Y111.087 E234.98724
M205 X12.5 Y12.5
G0 F8250 X64.12 Y111.087
M205 X14 Y14
G1 F2100 X64.12 Y108.913 E235.03533
M205 X12.5 Y12.5
G0 F8250 X63.84 Y108.913
M205 X14 Y14
G1 F2100 X63.84 Y111.087 E235.08341
M205 X12.5 Y12.5
G0 F8250 X63.56 Y111.087
M205 X14 Y14
G1 F2100 X63.56 Y108.913 E235.1315
M205 X12.5 Y12.5
G0 F8250 X63.28 Y108.913
M205 X14 Y14
G1 F2100 X63.28 Y111.087 E235.17958
M205 X12.5 Y12.5
G0 F8250 X63 Y111.087
M205 X14 Y14
G1 F2100 X63 Y108.913 E235.22767
M205 X12.5 Y12.5
G0 F8250 X62.72 Y108.913
M205 X14 Y14
G1 F2100 X62.72 Y111.087 E235.27575
M205 X12.5 Y12.5
G0 F8250 X62.44 Y111.087
M205 X14 Y14
G1 F2100 X62.44 Y108.913 E235.32384
M205 X12.5 Y12.5
G0 F8250 X62.16 Y108.913
M205 X14 Y14
G1 F2100 X62.16 Y111.087 E235.37192
M205 X12.5 Y12.5
G0 F8250 X61.88 Y111.087
M205 X14 Y14
G1 F2100 X61.88 Y108.913 E235.42001
M205 X12.5 Y12.5
G0 F8250 X61.6 Y108.913
M205 X14 Y14
G1 F2100 X61.6 Y111.087 E235.46809
M205 X12.5 Y12.5
G0 F8250 X61.32 Y111.087
M205 X14 Y14
G1 F2100 X61.32 Y108.913 E235.51617
M205 X12.5 Y12.5
G0 F8250 X61.04 Y108.913
M205 X14 Y14
G1 F2100 X61.04 Y111.087 E235.56426
M205 X12.5 Y12.5
G0 F8250 X60.76 Y111.087
M205 X14 Y14
G1 F2100 X60.76 Y108.913 E235.61234
M205 X12.5 Y12.5
G0 F8250 X60.48 Y108.913
M205 X14 Y14
G1 F2100 X60.48 Y111.087 E235.66043
M205 X12.5 Y12.5
G0 F8250 X60.2 Y111.087
M205 X14 Y14
G1 F2100 X60.2 Y108.913 E235.70851
M205 X12.5 Y12.5
G0 F8250 X59.92 Y108.913
M205 X14 Y14
G1 F2100 X59.92 Y111.087 E235.7566
M205 X12.5 Y12.5
G0 F8250 X59.64 Y111.087
M205 X14 Y14
G1 F2100 X59.64 Y108.913 E235.80468
M205 X12.5 Y12.5
G0 F8250 X59.36 Y108.913
M205 X14 Y14
G1 F2100 X59.36 Y111.087 E235.85277
M205 X12.5 Y12.5
G0 F8250 X59.08 Y111.087
M205 X14 Y14
G1 F2100 X59.08 Y108.913 E235.90085
M205 X12.5 Y12.5
G0 F8250 X58.8 Y108.913
M205 X14 Y14
G1 F2100 X58.8 Y111.087 E235.94894
M205 X12.5 Y12.5
G0 F8250 X58.52 Y111.087
M205 X14 Y14
G1 F2100 X58.52 Y108.913 E235.99702
M205 X12.5 Y12.5
G0 F8250 X58.24 Y108.913
M205 X14 Y14
G1 F2100 X58.24 Y111.087 E236.0451
M205 X12.5 Y12.5
G0 F8250 X57.96 Y111.087
M205 X14 Y14
G1 F2100 X57.96 Y108.913 E236.09319
M205 X12.5 Y12.5
G0 F8250 X57.68 Y108.913
M205 X14 Y14
G1 F2100 X57.68 Y111.087 E236.14127
M205 X12.5 Y12.5
G0 F8250 X57.4 Y111.087
M205 X14 Y14
G1 F2100 X57.4 Y108.913 E236.18936
M205 X12.5 Y12.5
G0 F8250 X57.12 Y108.913
M205 X14 Y14
G1 F2100 X57.12 Y111.087 E236.23744
M205 X12.5 Y12.5
G0 F8250 X56.84 Y111.087
M205 X14 Y14
G1 F2100 X56.84 Y108.913 E236.28553
M205 X12.5 Y12.5
G0 F8250 X56.56 Y108.913
M205 X14 Y14
G1 F2100 X56.56 Y111.087 E236.33361
M205 X12.5 Y12.5
G0 F8250 X56.28 Y111.087
M205 X14 Y14
G1 F2100 X56.28 Y108.913 E236.3817
M205 X12.5 Y12.5
G0 F8250 X56 Y108.913
M205 X14 Y14
G1 F2100 X56 Y111.087 E236.42978
M205 X12.5 Y12.5
G0 F8250 X55.72 Y111.087
M205 X14 Y14
G1 F2100 X55.72 Y108.913 E236.47786
M205 X12.5 Y12.5
G0 F8250 X55.44 Y108.913
M205 X14 Y14
G1 F2100 X55.44 Y111.087 E236.52595
M205 X12.5 Y12.5
G0 F8250 X55.16 Y111.087
M205 X14 Y14
G1 F2100 X55.16 Y108.913 E236.57403
M205 X12.5 Y12.5
G0 F8250 X54.88 Y108.913
M205 X14 Y14
G1 F2100 X54.88 Y111.087 E236.62212
M205 X12.5 Y12.5
G0 F8250 X54.6 Y111.087
M205 X14 Y14
G1 F2100 X54.6 Y108.913 E236.6702
M205 X12.5 Y12.5
G0 F8250 X54.32 Y108.913
M205 X14 Y14
G1 F2100 X54.32 Y111.087 E236.71829
M205 X12.5 Y12.5
G0 F8250 X54.04 Y111.087
M205 X14 Y14
G1 F2100 X54.04 Y108.913 E236.76637
M205 X12.5 Y12.5
G0 F8250 X54.04 Y108.625
G1 F2400 E234.76637
G0 F8250 X52.745 Y108.5
G0 X52.286 Y106.691
G0 X47.947 Y106.647
G0 X47.255 Y108.5
G0 X25.203 Y108.5
M205 X14 Y14
;TYPE:WALL-INNER
G1 F1200 E236.76637
G1 F2700 X25.203 Y111.5 E236.88486
G1 X46.5 Y111.5 E237.72602
G1 X46.5 Y108.5 E237.84451
G1 X25.203 Y108.5 E238.68566
M205 X12.5 Y12.5
G0 F8250 X24.703 Y108
M205 X14 Y14
G1 F2700 X24.703 Y112 E238.84365
G1 X47 Y112 E239.7243
G1 X47 Y108 E239.88228
G1 X24.703 Y108 E240.76293
M205 X12.5 Y12.5
G0 F8250 X24.227 Y107.54
M205 X14 Y14
;TYPE:WALL-OUTER
G1 F2250 X24.228 Y112.475 E240.93836
G1 X47.475 Y112.475 E241.76471
G1 X47.475 Y107.525 E241.94067
G1 X24.256 Y107.525 E242.76603
G1 X24.227 Y107.54 E242.76719
M205 X12.5 Y12.5
G0 F8250 X24.227 Y107.74
G0 X24.897 Y108.195
G0 X25.353 Y108.773
G0 X25.476 Y108.773
M205 X14 Y14
;TYPE:SKIN
G1 F2100 X25.476 Y111.227 E242.82147
G1 X46.227 Y111.227 E243.28044
G1 X46.227 Y108.773 E243.33472
G1 X25.476 Y108.773 E243.79369
M205 X12.5 Y12.5
G0 F8250 X25.353 Y108.773
G0 X45.92 Y108.65
G0 X45.92 Y108.913
M205 X14 Y14
G1 F2100 X45.92 Y111.087 E243.84177
M205 X12.5 Y12.5
G0 F8250 X45.64 Y111.087
M205 X14 Y14
G1 F2100 X45.64 Y108.913 E243.88986
M205 X12.5 Y12.5
G0 F8250 X45.36 Y108.913
M205 X14 Y14
G1 F2100 X45.36 Y111.087 E243.93794
M205 X12.5 Y12.5
G0 F8250 X45.08 Y111.087
M205 X14 Y14
G1 F2100 X45.08 Y108.913 E243.98603
M205 X12.5 Y12.5
G0 F8250 X44.8 Y108.913
M205 X14 Y14
G1 F2100 X44.8 Y111.087 E244.03411
M205 X12.5 Y12.5
G0 F8250 X44.52 Y111.087
M205 X14 Y14
G1 F2100 X44.52 Y108.913 E244.08219
M205 X12.5 Y12.5
G0 F8250 X44.24 Y108.913
M205 X14 Y14
G1 F2100 X44.24 Y111.087 E244.13028
M205 X12.5 Y12.5
G0 F8250 X43.96 Y111.087
M205 X14 Y14
G1 F2100 X43.96 Y108.913 E244.17836
M205 X12.5 Y12.5
G0 F8250 X43.68 Y108.913
M205 X14 Y14
G1 F2100 X43.68 Y111.087 E244.22645
M205 X12.5 Y12.5
G0 F8250 X43.4 Y111.087
M205 X14 Y14
G1 F2100 X43.4 Y108.913 E244.27453
M205 X12.5 Y12.5
G0 F8250 X43.12 Y108.913
M205 X14 Y14
G1 F2100 X43.12 Y111.087 E244.32262
M205 X12.5 Y12.5
G0 F8250 X42.84 Y111.087
M205 X14 Y14
G1 F2100 X42.84 Y108.913 E244.3707
M205 X12.5 Y12.5
G0 F8250 X42.56 Y108.913
M205 X14 Y14
G1 F2100 X42.56 Y111.087 E244.41879
M205 X12.5 Y12.5
G0 F8250 X42.28 Y111.087
M205 X14 Y14
G1 F2100 X42.28 Y108.913 E244.46687
M205 X12.5 Y12.5
G0 F8250 X42 Y108.913
M205 X14 Y14
G1 F2100 X42 Y111.087 E244.51495
M205 X12.5 Y12.5
G0 F8250 X41.72 Y111.087
M205 X14 Y14
G1 F2100 X41.72 Y108.913 E244.56304
M205 X12.5 Y12.5
G0 F8250 X41.44 Y108.913
M205 X14 Y14
G1 F2100 X41.44 Y111.087 E244.61112
M205 X12.5 Y12.5
G0 F8250 X41.16 Y111.087
M205 X14 Y14
G1 F2100 X41.16 Y108.913 E244.65921
M205 X12.5 Y12.5
G0 F8250 X40.88 Y108.913
M205 X14 Y14
G1 F2100 X40.88 Y111.087 E244.70729
M205 X12.5 Y12.5
G0 F8250 X40.6 Y111.087
M205 X14 Y14
G1 F2100 X40.6 Y108.913 E244.75538
M205 X12.5 Y12.5
G0 F8250 X40.32 Y108.913
M205 X14 Y14
G1 F2100 X40.32 Y111.087 E244.80346
M205 X12.5 Y12.5
G0 F8250 X40.04 Y111.087
M205 X14 Y14
G1 F2100 X40.04 Y108.913 E244.85155
M205 X12.5 Y12.5
G0 F8250 X39.76 Y108.913
M205 X14 Y14
G1 F2100 X39.76 Y111.087 E244.89963
M205 X12.5 Y12.5
G0 F8250 X39.48 Y111.087
M205 X14 Y14
G1 F2100 X39.48 Y108.913 E244.94772
M205 X12.5 Y12.5
G0 F8250 X39.2 Y108.913
M205 X14 Y14
G1 F2100 X39.2 Y111.087 E244.9958
M205 X12.5 Y12.5
G0 F8250 X38.92 Y111.087
M205 X14 Y14
G1 F2100 X38.92 Y108.913 E245.04388
M205 X12.5 Y12.5
G0 F8250 X38.64 Y108.913
M205 X14 Y14
G1 F2100 X38.64 Y111.087 E245.09197
M205 X12.5 Y12.5
G0 F8250 X38.36 Y111.087
M205 X14 Y14
G1 F2100 X38.36 Y108.913 E245.14005
M205 X12.5 Y12.5
G0 F8250 X38.08 Y108.913
M205 X14 Y14
G1 F2100 X38.08 Y111.087 E245.18814
M205 X12.5 Y12.5
G0 F8250 X37.8 Y111.087
M205 X14 Y14
G1 F2100 X37.8 Y108.913 E245.23622
M205 X12.5 Y12.5
G0 F8250 X37.52 Y108.913
M205 X14 Y14
G1 F2100 X37.52 Y111.087 E245.28431
M205 X12.5 Y12.5
G0 F8250 X37.24 Y111.087
M205 X14 Y14
G1 F2100 X37.24 Y108.913 E245.33239
M205 X12.5 Y12.5
G0 F8250 X36.96 Y108.913
M205 X14 Y14
G1 F2100 X36.96 Y111.087 E245.38048
M205 X12.5 Y12.5
G0 F8250 X36.68 Y111.087
M205 X14 Y14
G1 F2100 X36.68 Y108.913 E245.42856
M205 X12.5 Y12.5
G0 F8250 X36.4 Y108.913
M205 X14 Y14
G1 F2100 X36.4 Y111.087 E245.47664
M205 X12.5 Y12.5
G0 F8250 X36.12 Y111.087
M205 X14 Y14
G1 F2100 X36.12 Y108.913 E245.52473
M205 X12.5 Y12.5
G0 F8250 X35.84 Y108.913
M205 X14 Y14
G1 F2100 X35.84 Y111.087 E245.57281
M205 X12.5 Y12.5
G0 F8250 X35.56 Y111.087
M205 X14 Y14
G1 F2100 X35.56 Y108.913 E245.6209
M205 X12.5 Y12.5
G0 F8250 X35.28 Y108.913
M205 X14 Y14
G1 F2100 X35.28 Y111.087 E245.66898
M205 X12.5 Y12.5
G0 F8250 X35 Y111.087
M205 X14 Y14
G1 F2100 X35 Y108.913 E245.71707
M205 X12.5 Y12.5
G0 F8250 X34.72 Y108.913
M205 X14 Y14
G1 F2100 X34.72 Y111.087 E245.76515
M205 X12.5 Y12.5
G0 F8250 X34.44 Y111.087
M205 X14 Y14
G1 F2100 X34.44 Y108.913 E245.81324
M205 X12.5 Y12.5
G0 F8250 X34.16 Y108.913
M205 X14 Y14
G1 F2100 X34.16 Y111.087 E245.86132
M205 X12.5 Y12.5
G0 F8250 X33.88 Y111.087
M205 X14 Y14
G1 F2100 X33.88 Y108.913 E245.90941
M205 X12.5 Y12.5
G0 F8250 X33.6 Y108.913
M205 X14 Y14
G1 F2100 X33.6 Y111.087 E245.95749
M205 X12.5 Y12.5
G0 F8250 X33.32 Y111.087
M205 X14 Y14
G1 F2100 X33.32 Y108.913 E246.00557
M205 X12.5 Y12.5
G0 F8250 X33.04 Y108.913
M205 X14 Y14
G1 F2100 X33.04 Y111.087 E246.05366
M205 X12.5 Y12.5
G0 F8250 X32.76 Y111.087
M205 X14 Y14
G1 F2100 X32.76 Y108.913 E246.10174
M205 X12.5 Y12.5
G0 F8250 X32.48 Y108.913
M205 X14 Y14
G1 F2100 X32.48 Y111.087 E246.14983
M205 X12.5 Y12.5
G0 F8250 X32.2 Y111.087
M205 X14 Y14
G1 F2100 X32.2 Y108.913 E246.19791
M205 X12.5 Y12.5
G0 F8250 X31.92 Y108.913
M205 X14 Y14
G1 F2100 X31.92 Y111.087 E246.246
M205 X12.5 Y12.5
G0 F8250 X31.64 Y111.087
M205 X14 Y14
G1 F2100 X31.64 Y108.913 E246.29408
M205 X12.5 Y12.5
G0 F8250 X31.36 Y108.913
M205 X14 Y14
G1 F2100 X31.36 Y111.087 E246.34217
M205 X12.5 Y12.5
G0 F8250 X31.08 Y111.087
M205 X14 Y14
G1 F2100 X31.08 Y108.913 E246.39025
M205 X12.5 Y12.5
G0 F8250 X30.8 Y108.913
M205 X14 Y14
G1 F2100 X30.8 Y111.087 E246.43834
M205 X12.5 Y12.5
G0 F8250 X30.52 Y111.087
M205 X14 Y14
G1 F2100 X30.52 Y108.913 E246.48642
M205 X12.5 Y12.5
G0 F8250 X30.24 Y108.913
M205 X14 Y14
G1 F2100 X30.24 Y111.087 E246.5345
M205 X12.5 Y12.5
G0 F8250 X29.96 Y111.087
M205 X14 Y14
G1 F2100 X29.96 Y108.913 E246.58259
M205 X12.5 Y12.5
G0 F8250 X29.68 Y108.913
M205 X14 Y14
G1 F2100 X29.68 Y111.087 E246.63067
M205 X12.5 Y12.5
G0 F8250 X29.4 Y111.087
M205 X14 Y14
G1 F2100 X29.4 Y108.913 E246.67876
M205 X12.5 Y12.5
G0 F8250 X29.12 Y108.913
M205 X14 Y14
G1 F2100 X29.12 Y111.087 E246.72684
M205 X12.5 Y12.5
G0 F8250 X28.84 Y111.087
M205 X14 Y14
G1 F2100 X28.84 Y108.913 E246.77493
M205 X12.5 Y12.5
G0 F8250 X28.56 Y108.913
M205 X14 Y14
G1 F2100 X28.56 Y111.087 E246.82301
M205 X12.5 Y12.5
G0 F8250 X28.28 Y111.087
M205 X14 Y14
G1 F2100 X28.28 Y108.913 E246.8711
M205 X12.5 Y12.5
G0 F8250 X28 Y108.913
M205 X14 Y14
G1 F2100 X28 Y111.087 E246.91918
M205 X12.5 Y12.5
G0 F8250 X27.72 Y111.087
M205 X14 Y14
G1 F2100 X27.72 Y108.913 E246.96726
M205 X12.5 Y12.5
G0 F8250 X27.44 Y108.913
M205 X14 Y14
G1 F2100 X27.44 Y111.087 E247.01535
M205 X12.5 Y12.5
G0 F8250 X27.16 Y111.087
M205 X14 Y14
G1 F2100 X27.16 Y108.913 E247.06343
M205 X12.5 Y12.5
G0 F8250 X26.88 Y108.913
M205 X14 Y14
G1 F2100 X26.88 Y111.087 E247.11152
M205 X12.5 Y12.5
G0 F8250 X26.6 Y111.087
M205 X14 Y14
G1 F2100 X26.6 Y108.913 E247.1596
M205 X12.5 Y12.5
G0 F8250 X26.32 Y108.913
M205 X14 Y14
G1 F2100 X26.32 Y111.087 E247.20769
M205 X12.5 Y12.5
G0 F8250 X26.04 Y111.087
M205 X14 Y14
G1 F2100 X26.04 Y108.913 E247.25577
M205 X12.5 Y12.5
G0 F8250 X25.76 Y108.913
M205 X14 Y14
G1 F2100 X25.76 Y111.087 E247.30386
M205 X12.5 Y12.5
G0 F8250 X25.76 Y111.375
G1 F2400 E245.30386
;MESH:NONMESH
G0 F600 X25.76 Y111.375 Z0.68
G0 F8250 X25.425 Y111.278
G0 X25.425 Y108.722
G0 X47.261 Y107.739
G0 X48.825 Y107.525
;TIME_ELAPSED:308.358699
;LAYER:2
M106 S170
M205 X20 Y20
;TYPE:SUPPORT
G1 F1200 E247.30386
G1 F3000 X48.825 Y112.475 E247.47981
G1 X51.175 Y112.475 E247.56335
G1 X51.175 Y107.525 E247.7393
G1 X48.825 Y107.525 E247.82284
G1 F2400 E245.82284
G0 F9000 X48.825 Y106.635
G0 X24.449 Y106.637
G0 X23.902 Y106.913
G0 X23.742 Y107.394
G0 X23.744 Y112.657
G0 X24.02 Y113.204
G0 X24.408 Y113.333
G0 X49.5 Y113.365
G0 X49.5 Y112.025
G0 X49.5 Y113.365
G0 X24.501 Y113.364
G0 X24.02 Y113.204
G0 X23.744 Y112.657
G0 X23.742 Y107.394
G0 X23.902 Y106.913
G0 X24.394 Y106.665
G0 X49.275 Y106.635
G0 X49.275 Y107.975
G1 F1200 E247.82284
G1 F3000 X49.5 Y107.975 E247.83084
G1 X50.725 Y107.975 E247.87438
G1 X50.725 Y112.025 E248.01835
G1 X49.5 Y112.025 E248.06189
G1 X49.275 Y112.025 E248.06989
G1 X49.275 Y107.975 E248.21385
G0 F9000 X49.5 Y107.975
G1 F3000 X49.5 Y112.025 E248.35782
G1 F2400 E246.35782
G0 F9000 X49.5 Y113.365
G0 X24.501 Y113.364
G0 X24.02 Y113.204
G0 X23.744 Y112.657
G0 X23.742 Y107.394
G0 X23.902 Y106.913
G0 X24.449 Y106.637
G0 X107.606 Y106.636
G0 X107.952 Y106.766
G0 X108.825 Y107.525
G1 F1200 E248.35782
G1 F3000 X108.825 Y112.475 E248.53377
G1 X111.175 Y112.475 E248.61731
G1 X111.175 Y107.525 E248.79327
G1 X108.825 Y107.525 E248.8768
G1 F2400 E246.8768
G0 F9000 X108.825 Y106.635
G0 X24.449 Y106.637
G0 X23.902 Y106.913
G0 X23.742 Y107.394
G0 X23.744 Y112.657
G0 X24.02 Y113.204
G0 X24.408 Y113.333
G0 X110.25 Y113.365
G0 X110.25 Y112.025
G0 X110.25 Y113.365
G0 X24.501 Y113.364
G0 X24.02 Y113.204
G0 X23.744 Y112.657
G0 X23.742 Y107.394
G0 X23.902 Y106.913
G0 X24.394 Y106.665
G0 X109.275 Y106.635
G0 X109.275 Y107.975
G1 F1200 E248.8768
G1 F3000 X110.25 Y107.975 E248.91146
G1 X110.725 Y107.975 E248.92834
G1 X110.725 Y112.025 E249.07231
G1 X110.25 Y112.025 E249.08919
G1 X109.275 Y112.025 E249.12385
G1 X109.275 Y107.975 E249.26782
G0 F9000 X110.25 Y107.975
G1 F3000 X110.25 Y112.025 E249.41178
G1 F2400 E247.41178
G0 F9000 X110.25 Y113.365
G0 X195.551 Y113.363
G0 X196.098 Y113.087
G0 X196.258 Y112.606
G0 X196.256 Y107.343
G0 X195.98 Y106.796
G0 X195.499 Y106.636
G0 X167.947 Y106.647
G0 X168.825 Y107.525
G1 F1200 E249.41178
G1 F3000 X168.825 Y112.475 E249.58774
G1 X171.175 Y112.475 E249.67127
G1 X171.175 Y107.525 E249.84723
G1 X168.825 Y107.525 E249.93076
G0 F9000 X170.725 Y107.975
G0 X169.275 Y107.975
G1 F3000 X170.725 Y107.975 E249.98231
G1 X170.725 Y112.025 E250.12627
G1 X169.275 Y112.025 E250.17781
G1 X169.275 Y107.975 E250.32178
G1 F2400 E248.32178
;MESH:Horiz_1_edged.stl
G0 F9000 X169.275 Y106.635
G0 X172.307 Y106.652
G0 X172.745 Y107.975
G0 X173.5 Y108.5
;TYPE:WALL-INNER
G1 F1200 E250.32178
G1 F3900 X173.5 Y111.5 E250.44027
G1 X194.394 Y111.5 E251.2655
G1 X194.394 Y108.499 E251.38403
G1 X173.5 Y108.5 E252.20927
G0 F9000 X173 Y108
G1 F3900 X173 Y112 E252.36726
G1 X194.894 Y112 E253.23199
G1 X194.894 Y107.999 E253.39002
G1 X173 Y108 E254.25475
G0 F9000 X172.525 Y107.54
;TYPE:WALL-OUTER
G1 F3000 X172.525 Y112.475 E254.43017
G1 X195.369 Y112.475 E255.2422
G1 X195.368 Y107.525 E255.41816
G1 X172.554 Y107.525 E256.22912
G1 X172.525 Y107.54 E256.23029
G0 F9000 X172.525 Y107.74
G0 X173.195 Y108.195
G0 X173.773 Y108.65
G0 X173.773 Y108.773
;TYPE:SKIN
G1 F2700 X173.773 Y111.227 E256.28456
G1 X194.121 Y111.227 E256.73462
G1 X194.121 Y108.773 E256.7889
G1 X173.773 Y108.773 E257.23895
G0 F9000 X173.913 Y108.92
G1 F2700 X193.981 Y108.92 E257.68282
G0 F9000 X193.981 Y109.2
G1 F2700 X173.913 Y109.2 E258.12668
G0 F9000 X173.913 Y109.48
G1 F2700 X193.981 Y109.48 E258.57055
G0 F9000 X193.981 Y109.76
G1 F2700 X173.913 Y109.76 E259.01441
G0 F9000 X173.913 Y110.04
G1 F2700 X193.981 Y110.04 E259.45827
G0 F9000 X193.981 Y110.32
G1 F2700 X173.913 Y110.32 E259.90214
G0 F9000 X173.913 Y110.6
G1 F2700 X193.981 Y110.6 E260.346
G0 F9000 X193.981 Y110.88
G1 F2700 X173.913 Y110.88 E260.78986
G0 F9000 X173.625 Y110.88
G1 F2400 E258.78986
G0 F9000 X172.745 Y108.5
G0 X172.286 Y106.691
G0 X167.947 Y106.647
G0 X167.255 Y108.5
G0 X113.5 Y108.5
;TYPE:WALL-INNER
G1 F1200 E260.78986
G1 F3900 X113.5 Y111.5 E260.90835
G1 X166.5 Y111.5 E263.00166
G1 X166.5 Y108.5 E263.12015
G1 X113.5 Y108.5 E265.21346
G0 F9000 X113 Y108
G1 F3900 X113 Y112 E265.37145
G1 X167 Y112 E267.50425
G1 X167 Y108 E267.66224
G1 X113 Y108 E269.79505
G0 F9000 X112.525 Y107.54
;TYPE:WALL-OUTER
G1 F3000 X112.525 Y112.475 E269.97047
G1 X167.475 Y112.475 E271.92376
G1 X167.475 Y107.525 E272.09972
G1 X112.554 Y107.525 E274.05199
G1 X112.525 Y107.54 E274.05315
G0 F9000 X112.525 Y107.74
G0 X113.195 Y108.195
G0 X113.65 Y108.773
G0 X113.773 Y108.773
;TYPE:SKIN
G1 F2700 X113.773 Y110 E274.08028
G1 X113.773 Y111.227 E274.10742
G1 X166.227 Y111.227 E275.2676
G1 X166.227 Y108.773 E275.32188
G1 X113.773 Y108.773 E276.48205
G0 F9000 X113.913 Y108.92
G1 F2700 X166.087 Y108.92 E277.63604
G0 F9000 X166.087 Y109.2
G1 F2700 X113.913 Y109.2 E278.79002
G0 F9000 X113.913 Y109.48
G1 F2700 X166.087 Y109.48 E279.94401
G0 F9000 X166.087 Y109.76
G1 F2700 X113.913 Y109.76 E281.09799
G0 F9000 X113.913 Y110.04
G1 F2700 X166.087 Y110.04 E282.25197
G0 F9000 X166.087 Y110.32
G1 F2700 X113.913 Y110.32 E283.40596
G0 F9000 X113.913 Y110.6
G1 F2700 X166.087 Y110.6 E284.55994
G0 F9000 X166.087 Y110.88
G1 F2700 X113.913 Y110.88 E285.71393
G0 F9000 X113.625 Y110.88
G1 F2400 E283.71393
G0 F9000 X112.745 Y108.5
G0 X112.286 Y106.691
G0 X107.947 Y106.647
G0 X107.255 Y108.5
G0 X53.5 Y108.5
;TYPE:WALL-INNER
G1 F1200 E285.71393
G1 F3900 X53.5 Y111.5 E285.83242
G1 X106.5 Y111.5 E287.92573
G1 X106.5 Y108.5 E288.04422
G1 X53.5 Y108.5 E290.13752
G0 F9000 X53 Y108
G1 F3900 X53 Y112 E290.29551
G1 X107 Y112 E292.42832
G1 X107 Y108 E292.5863
G1 X53 Y108 E294.71911
G0 F9000 X52.525 Y107.54
;TYPE:WALL-OUTER
G1 F3000 X52.525 Y112.475 E294.89453
G1 X107.475 Y112.475 E296.84783
G1 X107.475 Y107.525 E297.02378
G1 X52.554 Y107.525 E298.97605
G1 X52.525 Y107.54 E298.97721
G0 F9000 X52.525 Y107.74
G0 X53.195 Y108.195
G0 X53.65 Y108.773
G0 X53.773 Y108.773
;TYPE:SKIN
G1 F2700 X53.773 Y110 E299.00435
G1 X53.773 Y111.227 E299.03149
G1 X106.227 Y111.227 E300.19166
G1 X106.227 Y108.773 E300.24594
G1 X53.773 Y108.773 E301.40612
G0 F9000 X53.912 Y108.92
G1 F2700 X106.087 Y108.92 E302.56012
G0 F9000 X106.087 Y109.2
G1 F2700 X53.912 Y109.2 E303.71413
G0 F9000 X53.912 Y109.48
G1 F2700 X106.087 Y109.48 E304.86814
G0 F9000 X106.087 Y109.76
G1 F2700 X53.912 Y109.76 E306.02214
G0 F9000 X53.912 Y110.04
G1 F2700 X106.087 Y110.04 E307.17615
G0 F9000 X106.087 Y110.32
G1 F2700 X53.912 Y110.32 E308.33015
G0 F9000 X53.912 Y110.6
G1 F2700 X106.087 Y110.6 E309.48416
G0 F9000 X106.087 Y110.88
G1 F2700 X53.912 Y110.88 E310.63817
G0 F9000 X53.625 Y110.88
G1 F2400 E308.63817
G0 F9000 X52.745 Y108.5
G0 X52.286 Y106.691
G0 X47.947 Y106.647
G0 X47.255 Y108.5
G0 X25.607 Y108.5
;TYPE:WALL-INNER
G1 F1200 E310.63817
G1 F3900 X25.607 Y111.5 E310.75666
G1 X46.5 Y111.5 E311.58185
G1 X46.5 Y108.5 E311.70034
G1 X25.607 Y108.5 E312.52554
G0 F9000 X25.107 Y108
G1 F3900 X25.107 Y112 E312.68353
G1 X47 Y112 E313.54822
G1 X47 Y108 E313.70621
G1 X25.107 Y108 E314.5709
G0 F9000 X24.631 Y107.54
;TYPE:WALL-OUTER
G1 F3000 X24.632 Y112.475 E314.74633
G1 X47.475 Y112.475 E315.55832
G1 X47.475 Y107.525 E315.73428
G1 X24.66 Y107.525 E316.54528
G1 X24.631 Y107.54 E316.54644
G0 F9000 X24.631 Y107.74
G0 X25.301 Y108.195
G0 X25.757 Y108.773
G0 X25.88 Y108.773
;TYPE:SKIN
G1 F2700 X25.88 Y111.227 E316.60072
G1 X46.227 Y111.227 E317.05075
G1 X46.227 Y108.773 E317.10503
G1 X25.88 Y108.773 E317.55506
G0 F9000 X26.019 Y108.92
G1 F2700 X46.086 Y108.92 E317.9989
G0 F9000 X46.086 Y109.2
G1 F2700 X26.019 Y109.2 E318.44275
G0 F9000 X26.019 Y109.48
G1 F2700 X46.086 Y109.48 E318.88659
G0 F9000 X46.086 Y109.76
G1 F2700 X26.019 Y109.76 E319.33043
G0 F9000 X26.019 Y110.04
G1 F2700 X46.086 Y110.04 E319.77427
G0 F9000 X46.086 Y110.32
G1 F2700 X26.019 Y110.32 E320.21811
G0 F9000 X26.019 Y110.6
G1 F2700 X46.086 Y110.6 E320.66195
G0 F9000 X46.086 Y110.88
G1 F2700 X26.019 Y110.88 E321.1058
G0 F9000 X25.732 Y110.881
G1 F2400 E319.1058
;MESH:NONMESH
G0 F600 X25.732 Y110.881 Z0.88
G0 F9000 X25.829 Y108.722
G0 X47.261 Y107.739
G0 X48.825 Y107.525
;TIME_ELAPSED:382.162399
;LAYER:3
M106 S255
;TYPE:SUPPORT
G1 F1200 E321.1058
G1 F3000 X48.825 Y112.475 E321.28175
G1 X51.175 Y112.475 E321.36529
G1 X51.175 Y107.525 E321.54124
G1 X48.825 Y107.525 E321.62478
G1 F2400 E319.62478
G0 F9000 X48.825 Y106.635
G0 X24.853 Y106.637
G0 X24.306 Y106.913
G0 X24.146 Y107.394
G0 X24.148 Y112.657
G0 X24.424 Y113.204
G0 X24.812 Y113.333
G0 X49.5 Y113.365
G0 X49.5 Y112.025
G0 X49.5 Y113.365
G0 X24.905 Y113.364
G0 X24.424 Y113.204
G0 X24.148 Y112.657
G0 X24.146 Y107.394
G0 X24.306 Y106.913
G0 X24.798 Y106.665
G0 X49.275 Y106.635
G0 X49.275 Y107.975
G1 F1200 E321.62478
G1 F3000 X49.5 Y107.975 E321.63278
G1 X50.725 Y107.975 E321.67632
G1 X50.725 Y112.025 E321.82029
G1 X49.5 Y112.025 E321.86383
G1 X49.275 Y112.025 E321.87183
G1 X49.275 Y107.975 E322.01579
G0 F9000 X49.5 Y107.975
G1 F3000 X49.5 Y112.025 E322.15976
G1 F2400 E320.15976
G0 F9000 X49.5 Y113.365
G0 X24.905 Y113.364
G0 X24.424 Y113.204
G0 X24.148 Y112.657
G0 X24.146 Y107.394
G0 X24.306 Y106.913
G0 X24.853 Y106.637
G0 X107.606 Y106.636
G0 X107.952 Y106.766
G0 X108.825 Y107.525
G1 F1200 E322.15976
G1 F3000 X108.825 Y112.475 E322.33571
G1 X111.175 Y112.475 E322.41925
G1 X111.175 Y107.525 E322.59521
G1 X108.825 Y107.525 E322.67874
G1 F2400 E320.67874
G0 F9000 X108.825 Y106.635
G0 X24.853 Y106.637
G0 X24.306 Y106.913
G0 X24.146 Y107.394
G0 X24.148 Y112.657
G0 X24.424 Y113.204
G0 X24.812 Y113.333
G0 X110.25 Y113.365
G0 X110.25 Y112.025
G0 X110.25 Y113.365
G0 X24.905 Y113.364
G0 X24.424 Y113.204
G0 X24.148 Y112.657
G0 X24.146 Y107.394
G0 X24.306 Y106.913
G0 X24.798 Y106.665
G0 X109.275 Y106.635
G0 X109.275 Y107.975
G1 F1200 E322.67874
G1 F3000 X110.25 Y107.975 E322.7134
G1 X110.725 Y107.975 E322.73028
G1 X110.725 Y112.025 E322.87425
G1 X110.25 Y112.025 E322.89113
G1 X109.275 Y112.025 E322.92579
G1 X109.275 Y107.975 E323.06975
G0 F9000 X110.25 Y107.975
G1 F3000 X110.25 Y112.025 E323.21372
G1 F2400 E321.21372
G0 F9000 X110.25 Y113.365
G0 X195.147 Y113.363
G0 X195.694 Y113.087
G0 X195.854 Y112.606
G0 X195.852 Y107.343
G0 X195.576 Y106.796
G0 X195.095 Y106.636
G0 X167.947 Y106.647
G0 X168.825 Y107.525
G1 F1200 E323.21372
G1 F3000 X168.825 Y112.475 E323.38968
G1 X171.175 Y112.475 E323.47321
G1 X171.175 Y107.525 E323.64917
G1 X168.825 Y107.525 E323.7327
G0 F9000 X170.725 Y107.975
G0 X169.275 Y107.975
G1 F3000 X170.725 Y107.975 E323.78424
G1 X170.725 Y112.025 E323.92821
G1 X169.275 Y112.025 E323.97975
G1 X169.275 Y107.975 E324.12372
G1 F2400 E322.12372
;MESH:Horiz_1_edged.stl
G0 F9000 X169.275 Y106.635
G0 X172.307 Y106.652
G0 X172.745 Y107.975
G0 X173.5 Y108.5
;TYPE:WALL-INNER
G1 F1200 E324.12372
G1 F3900 X173.5 Y111.5 E324.24221
G1 X193.99 Y111.5 E325.05149
G1 X193.99 Y108.499 E325.17002
G1 X173.5 Y108.5 E325.9793
G0 F9000 X173 Y108
G1 F3900 X173 Y112 E326.13728
G1 X194.49 Y112 E326.98606
G1 X194.49 Y107.999 E327.14409
G1 X173 Y108 E327.99286
G0 F9000 X172.525 Y107.54
;TYPE:WALL-OUTER
G1 F3000 X172.525 Y112.475 E328.16829
G1 X194.965 Y112.475 E328.96596
G1 X194.964 Y107.525 E329.14191
G1 X172.554 Y107.525 E329.93852
G1 X172.525 Y107.54 E329.93968
G0 F9000 X172.525 Y107.74
G0 X173.195 Y108.195
G0 X174.117 Y108.75
;TYPE:FILL
G1 F3000 X176.617 Y111.249 E330.09884
G0 F9000 X179.833 Y111.249
G1 F3000 X180.503 Y108.748 E330.21542
G0 F9000 X190.24 Y108.75
G1 F3000 X192.739 Y111.249 E330.37454
G0 F9000 X191.635 Y111.249
G1 F3000 X192.305 Y108.747 E330.49117
G1 F2400 E328.49117
G0 F9000 X172.745 Y108.5
G0 X172.286 Y106.691
G0 X167.947 Y106.647
G0 X167.255 Y108.5
G0 X113.5 Y108.5
;TYPE:WALL-INNER
G1 F1200 E330.49117
G1 F3900 X113.5 Y111.5 E330.60966
G1 X166.5 Y111.5 E332.70297
G1 X166.5 Y108.5 E332.82146
G1 X113.5 Y108.5 E334.91477
G0 F9000 X113 Y108
G1 F3900 X113 Y112 E335.07275
G1 X167 Y112 E337.20556
G1 X167 Y108 E337.36354
G1 X113 Y108 E339.49635
G0 F9000 X112.525 Y107.54
;TYPE:WALL-OUTER
G1 F3000 X112.525 Y112.475 E339.67177
G1 X167.475 Y112.475 E341.62507
G1 X167.475 Y107.525 E341.80102
G1 X112.554 Y107.525 E343.75329
G1 X112.525 Y107.54 E343.75445
G0 F9000 X112.525 Y107.74
G0 X113.195 Y108.195
G0 X113.75 Y109.638
;TYPE:FILL
G1 F3000 X117.065 Y108.749 E343.90898
G0 F9000 X121.492 Y108.749
G1 F3000 X120.822 Y111.249 E344.02552
G0 F9000 X125.751 Y108.75
G1 F3000 X128.252 Y111.25 E344.18474
G0 F9000 X132.624 Y111.249
G1 F3000 X133.294 Y108.748 E344.30132
G0 F9000 X141.873 Y108.75
G1 F3000 X144.374 Y111.25 E344.46055
G1 X144.426 Y111.25
G1 X145.096 Y108.748 E344.57717
G0 F9000 X151.783 Y111.249
G1 F3000 X161.111 Y108.749 E345.01199
G0 F9000 X160.496 Y111.25
G1 F3000 X157.995 Y108.75 E345.17122
G0 F9000 X156.898 Y108.748
G1 F3000 X156.228 Y111.249 E345.2878
G1 F2400 E343.2878
G0 F9000 X112.745 Y108.5
G0 X112.286 Y106.691
G0 X107.947 Y106.647
G0 X107.255 Y108.5
G0 X53.5 Y108.5
;TYPE:WALL-INNER
G1 F1200 E345.2878
G1 F3900 X53.5 Y111.5 E345.40629
G1 X106.5 Y111.5 E347.4996
G1 X106.5 Y108.5 E347.61809
G1 X53.5 Y108.5 E349.7114
G0 F9000 X53 Y108
G1 F3900 X53 Y112 E349.86938
G1 X107 Y112 E352.00219
G1 X107 Y108 E352.16017
G1 X53 Y108 E354.29298
G0 F9000 X52.525 Y107.54
;TYPE:WALL-OUTER
G1 F3000 X52.525 Y112.475 E354.4684
G1 X107.475 Y112.475 E356.4217
G1 X107.475 Y107.525 E356.59765
G1 X52.554 Y107.525 E358.54992
G1 X52.525 Y107.54 E358.55108
G0 F9000 X52.525 Y107.74
G0 X53.195 Y108.195
G0 X61.262 Y108.748
;TYPE:FILL
G1 F3000 X63.762 Y111.249 E358.7103
G1 X63.689 Y111.249
G1 X73.021 Y108.749 E359.1453
G0 F9000 X74.283 Y108.748
G1 F3000 X73.613 Y111.249 E359.26188
G0 F9000 X77.384 Y108.748
G1 F3000 X79.884 Y111.249 E359.4211
G0 F9000 X85.415 Y111.25
G1 F3000 X86.086 Y108.748 E359.53774
G0 F9000 X93.506 Y108.748
G1 F3000 X96.006 Y111.249 E359.69696
G0 F9000 X97.218 Y111.249
G1 F3000 X97.888 Y108.748 E359.81354
G1 F2400 E357.81354
G0 F9000 X62.481 Y108.748
G1 F1200 E359.81354
G1 F3000 X61.811 Y111.249 E359.93012
G1 F2400 E357.93012
G0 F9000 X52.745 Y108.5
G0 X52.286 Y106.691
G0 X47.947 Y106.647
G0 X47.255 Y108.5
G0 X26.011 Y108.5
;TYPE:WALL-INNER
G1 F1200 E359.93012
G1 F3900 X26.011 Y111.5 E360.04861
G1 X46.5 Y111.5 E360.85785
G1 X46.5 Y108.5 E360.97634
G1 X26.011 Y108.5 E361.78558
G0 F9000 X25.511 Y108
G1 F3900 X25.511 Y112 E361.94357
G1 X47 Y112 E362.79231
G1 X47 Y108 E362.95029
G1 X25.511 Y108 E363.79903
G0 F9000 X25.064 Y107.525
;TYPE:WALL-OUTER
G1 F3000 X25.035 Y107.562 E363.8007
G1 X25.036 Y112.475 E363.97534
G1 X47.475 Y112.475 E364.77298
G1 X47.475 Y107.525 E364.94893
G1 X25.064 Y107.525 E365.74557
G0 F9000 X25.035 Y107.562
G0 X25.035 Y107.715
G0 X25.705 Y108.195
G0 X26.261 Y109.476
;TYPE:FILL
G1 F3000 X28.974 Y108.749 E365.87204
G1 X29.018 Y108.749
G1 X31.518 Y111.249 E366.03123
G0 F9000 X27.075 Y108.749
G1 F3000 X26.405 Y111.249 E366.14777
G0 F9000 X38.207 Y111.249
G1 F3000 X38.877 Y108.748 E366.26435
G0 F9000 X45.14 Y108.749
G1 F3000 X46.25 Y109.858 E366.335
G1 F2400 E364.335
;MESH:NONMESH
G0 F600 X46.25 Y109.858 Z1.08
G0 F9000 X47.261 Y107.739
G0 X48.825 Y107.525
;TIME_ELAPSED:427.365025
;LAYER:4
;TYPE:SUPPORT
G1 F1200 E366.335
G1 F3000 X48.825 Y112.475 E366.51095
G1 X51.175 Y112.475 E366.59449
G1 X51.175 Y107.525 E366.77044
G1 X48.825 Y107.525 E366.85398
G1 F2400 E364.85398
G0 F9000 X48.825 Y106.635
G0 X25.257 Y106.637
G0 X24.71 Y106.913
G0 X24.55 Y107.394
G0 X24.552 Y112.657
G0 X24.828 Y113.204
G0 X25.216 Y113.333
G0 X49.5 Y113.365
G0 X49.5 Y112.025
G0 X49.5 Y113.365
G0 X25.309 Y113.364
G0 X24.828 Y113.204
G0 X24.552 Y112.657
G0 X24.55 Y107.394
G0 X24.71 Y106.913
G0 X25.202 Y106.665
G0 X49.275 Y106.635
G0 X49.275 Y107.975
G1 F1200 E366.85398
G1 F3000 X49.5 Y107.975 E366.86198
G1 X50.725 Y107.975 E366.90552
G1 X50.725 Y112.025 E367.04949
G1 X49.5 Y112.025 E367.09303
G1 X49.275 Y112.025 E367.10103
G1 X49.275 Y107.975 E367.24499
G0 F9000 X49.5 Y107.975
G1 F3000 X49.5 Y112.025 E367.38896
G1 F2400 E365.38896
G0 F9000 X49.5 Y113.365
G0 X25.309 Y113.364
G0 X24.828 Y113.204
G0 X24.552 Y112.657
G0 X24.55 Y107.394
G0 X24.71 Y106.913
G0 X25.257 Y106.637
G0 X107.606 Y106.636
G0 X107.952 Y106.766
G0 X108.825 Y107.525
G1 F1200 E367.38896
G1 F3000 X108.825 Y112.475 E367.56491
G1 X111.175 Y112.475 E367.64845
G1 X111.175 Y107.525 E367.82441
G1 X108.825 Y107.525 E367.90794
G1 F2400 E365.90794
G0 F9000 X108.825 Y106.635
G0 X25.257 Y106.637
G0 X24.71 Y106.913
G0 X24.55 Y107.394
G0 X24.552 Y112.657
G0 X24.828 Y113.204
G0 X25.216 Y113.333
G0 X110.25 Y113.365
G0 X110.25 Y112.025
G0 X110.25 Y113.365
G0 X25.309 Y113.364
G0 X24.828 Y113.204
G0 X24.552 Y112.657
G0 X24.55 Y107.394
G0 X24.71 Y106.913
G0 X25.202 Y106.665
G0 X109.275 Y106.635
G0 X109.275 Y107.975
G1 F1200 E367.90794
G1 F3000 X110.25 Y107.975 E367.9426
G1 X110.725 Y107.975 E367.95948
G1 X110.725 Y112.025 E368.10345
G1 X110.25 Y112.025 E368.12033
G1 X109.275 Y112.025 E368.15499
G1 X109.275 Y107.975 E368.29895
G0 F9000 X110.25 Y107.975
G1 F3000 X110.25 Y112.025 E368.44292
G1 F2400 E366.44292
G0 F9000 X110.25 Y113.365
G0 X194.743 Y113.363
G0 X195.29 Y113.087
G0 X195.45 Y112.606
G0 X195.448 Y107.343
G0 X195.172 Y106.796
G0 X194.691 Y106.636
G0 X167.947 Y106.647
G0 X168.825 Y107.525
G1 F1200 E368.44292
G1 F3000 X168.825 Y112.475 E368.61888
G1 X171.175 Y112.475 E368.70241
G1 X171.175 Y107.525 E368.87837
G1 X168.825 Y107.525 E368.9619
G0 F9000 X170.725 Y107.975
G0 X169.275 Y107.975
G1 F3000 X170.725 Y107.975 E369.01344
G1 X170.725 Y112.025 E369.15741
G1 X169.275 Y112.025 E369.20895
G1 X169.275 Y107.975 E369.35292
G1 F2400 E367.35292
;MESH:Horiz_1_edged.stl
G0 F9000 X169.275 Y106.635
G0 X172.307 Y106.652
G0 X172.745 Y107.975
G0 X173.5 Y108.5
;TYPE:WALL-INNER
G1 F1200 E369.35292
G1 F3900 X173.5 Y111.5 E369.47141
G1 X193.586 Y111.5 E370.26473
G1 X193.586 Y108.499 E370.38326
G1 X173.5 Y108.5 E371.17658
G0 F9000 X173 Y108
G1 F3900 X173 Y112 E371.33457
G1 X194.086 Y112 E372.16739
G1 X194.086 Y107.999 E372.32542
G1 X173 Y108 E373.15824
G0 F9000 X172.525 Y107.54
;TYPE:WALL-OUTER
G1 F3000 X172.525 Y112.475 E373.33366
G1 X194.561 Y112.475 E374.11697
G1 X194.56 Y107.525 E374.29293
G1 X172.554 Y107.525 E375.07517
G1 X172.525 Y107.54 E375.07633
G0 F9000 X172.525 Y107.74
G0 X173.195 Y108.195
G0 X174.317 Y108.75
;TYPE:FILL
G1 F3000 X176.817 Y111.249 E375.23549
G0 F9000 X179.687 Y111.25
G1 F3000 X180.357 Y108.748 E375.35211
G0 F9000 X190.438 Y108.749
G1 F3000 X192.939 Y111.249 E375.51133
G0 F9000 X191.489 Y111.249
G1 F3000 X192.159 Y108.748 E375.62791
G1 F2400 E373.62791
G0 F9000 X172.745 Y108.5
G0 X172.286 Y106.691
G0 X167.947 Y106.647
G0 X167.255 Y108.5
G0 X113.5 Y108.5
;TYPE:WALL-INNER
G1 F1200 E375.62791
G1 F3900 X113.5 Y111.5 E375.7464
G1 X166.5 Y111.5 E377.83971
G1 X166.5 Y108.5 E377.9582
G1 X113.5 Y108.5 E380.05151
G0 F9000 X113 Y108
G1 F3900 X113 Y112 E380.2095
G1 X167 Y112 E382.3423
G1 X167 Y108 E382.50029
G1 X113 Y108 E384.6331
G0 F9000 X112.525 Y107.54
;TYPE:WALL-OUTER
G1 F3000 X112.525 Y112.475 E384.80852
G1 X167.475 Y112.475 E386.76181
G1 X167.475 Y107.525 E386.93777
G1 X112.554 Y107.525 E388.89004
G1 X112.525 Y107.54 E388.8912
G0 F9000 X112.525 Y107.74
G0 X113.195 Y108.195
G0 X113.75 Y109.784
;TYPE:FILL
G1 F3000 X117.609 Y108.749 E389.07109
G0 F9000 X121.346 Y108.748
G1 F3000 X120.676 Y111.25 E389.18772
G0 F9000 X125.951 Y108.75
G1 F3000 X128.451 Y111.25 E389.34691
G0 F9000 X132.478 Y111.249
G1 F3000 X133.148 Y108.748 E389.46349
G0 F9000 X142.073 Y108.75
G1 F3000 X144.573 Y111.25 E389.62268
G0 F9000 X144.28 Y111.249
G1 F3000 X144.95 Y108.748 E389.73926
G0 F9000 X152.327 Y111.249
G1 F3000 X161.655 Y108.749 E390.17408
G0 F9000 X160.695 Y111.25
G1 F3000 X158.195 Y108.75 E390.33327
G0 F9000 X156.753 Y108.748
G1 F3000 X156.082 Y111.249 E390.44987
G1 F2400 E388.44987
G0 F9000 X112.745 Y108.5
G0 X112.286 Y106.691
G0 X107.947 Y106.647
G0 X107.255 Y108.5
G0 X53.5 Y108.5
;TYPE:WALL-INNER
G1 F1200 E390.44987
G1 F3900 X53.5 Y111.5 E390.56835
G1 X106.5 Y111.5 E392.66166
G1 X106.5 Y108.5 E392.78015
G1 X53.5 Y108.5 E394.87346
G0 F9000 X53 Y108
G1 F3900 X53 Y112 E395.03145
G1 X107 Y112 E397.16426
G1 X107 Y108 E397.32224
G1 X53 Y108 E399.45505
G0 F9000 X52.525 Y107.54
;TYPE:WALL-OUTER
G1 F3000 X52.525 Y112.475 E399.63047
G1 X107.475 Y112.475 E401.58377
G1 X107.475 Y107.525 E401.75972
G1 X52.554 Y107.525 E403.71199
G1 X52.525 Y107.54 E403.71315
G0 F9000 X52.525 Y107.74
G0 X53.195 Y108.195
G0 X61.461 Y108.748
;TYPE:FILL
G1 F3000 X63.962 Y111.249 E403.8724
G1 X64.234 Y111.249
G1 X73.567 Y108.748 E404.30745
G0 F9000 X74.137 Y108.748
G1 F3000 X73.467 Y111.249 E404.42403
G0 F9000 X77.583 Y108.748
G1 F3000 X80.084 Y111.249 E404.58329
G0 F9000 X85.269 Y111.25
G1 F3000 X85.94 Y108.748 E404.69992
G0 F9000 X93.705 Y108.748
G1 F3000 X96.206 Y111.249 E404.85918
G0 F9000 X97.072 Y111.249
G1 F3000 X97.742 Y108.749 E404.97572
G1 F2400 E402.97572
G0 F9000 X62.335 Y108.748
G1 F1200 E404.97572
G1 F3000 X61.665 Y111.249 E405.0923
G1 F2400 E403.0923
G0 F9000 X52.745 Y108.5
G0 X52.286 Y106.691
G0 X47.947 Y106.647
G0 X47.255 Y108.5
G0 X26.415 Y108.5
;TYPE:WALL-INNER
G1 F1200 E405.0923
G1 F3900 X26.415 Y111.5 E405.21079
G1 X46.5 Y111.5 E406.00407
G1 X46.5 Y108.5 E406.12256
G1 X26.415 Y108.5 E406.91585
G0 F9000 X25.915 Y108
G1 F3900 X25.915 Y112 E407.07383
G1 X47 Y112 E407.90661
G1 X47 Y108 E408.0646
G1 X25.915 Y108 E408.89738
G0 F9000 X25.439 Y107.54
;TYPE:WALL-OUTER
G1 F3000 X25.44 Y112.475 E409.0728
G1 X47.475 Y112.475 E409.85608
G1 X47.475 Y107.525 E410.03203
G1 X25.468 Y107.525 E410.81431
G1 X25.439 Y107.54 E410.81547
G0 F9000 X25.439 Y107.74
G0 X26.109 Y108.195
G0 X26.929 Y108.749
;TYPE:FILL
G1 F3000 X26.664 Y109.736 E410.86149
G1 X26.665 Y109.513
G1 X29.52 Y108.749 E410.99456
G0 F9000 X29.218 Y108.749
G1 F3000 X31.717 Y111.249 E411.15372
G0 F9000 X38.061 Y111.249
G1 F3000 X38.731 Y108.748 E411.2703
G0 F9000 X45.34 Y108.749
G1 F3000 X46.25 Y109.659 E411.32824
G1 F2400 E409.32824
;MESH:NONMESH
G0 F600 X46.25 Y109.659 Z1.28
G0 F9000 X47.261 Y107.739
G0 X48.825 Y107.525
;TIME_ELAPSED:472.201394
;LAYER:5
;TYPE:SUPPORT
G1 F1200 E411.32824
G1 F3000 X48.825 Y112.475 E411.5042
G1 X51.175 Y112.475 E411.58774
G1 X51.175 Y107.525 E411.76369
G1 X48.825 Y107.525 E411.84723
G1 F2400 E409.84723
G0 F9000 X48.825 Y106.635
G0 X25.661 Y106.637
G0 X25.114 Y106.913
G0 X24.954 Y107.394
G0 X24.956 Y112.657
G0 X25.232 Y113.204
G0 X25.62 Y113.333
G0 X49.5 Y113.365
G0 X49.5 Y112.025
G0 X49.5 Y113.365
G0 X25.713 Y113.364
G0 X25.232 Y113.204
G0 X24.956 Y112.657
G0 X24.954 Y107.394
G0 X25.114 Y106.913
G0 X25.606 Y106.665
G0 X49.275 Y106.635
G0 X49.275 Y107.975
G1 F1200 E411.84723
G1 F3000 X49.5 Y107.975 E411.85522
G1 X50.725 Y107.975 E411.89877
G1 X50.725 Y112.025 E412.04273
G1 X49.5 Y112.025 E412.08628
G1 X49.275 Y112.025 E412.09428
G1 X49.275 Y107.975 E412.23824
G0 F9000 X49.5 Y107.975
G1 F3000 X49.5 Y112.025 E412.38221
G1 F2400 E410.38221
G0 F9000 X49.5 Y113.365
G0 X25.713 Y113.364
G0 X25.232 Y113.204
G0 X24.956 Y112.657
G0 X24.954 Y107.394
G0 X25.114 Y106.913
G0 X25.661 Y106.637
G0 X107.606 Y106.636
G0 X107.952 Y106.766
G0 X108.825 Y107.525
G1 F1200 E412.38221
G1 F3000 X108.825 Y112.475 E412.55816
G1 X111.175 Y112.475 E412.6417
G1 X111.175 Y107.525 E412.81765
G1 X108.825 Y107.525 E412.90119
G1 F2400 E410.90119
G0 F9000 X108.825 Y106.635
G0 X25.661 Y106.637
G0 X25.114 Y106.913
G0 X24.954 Y107.394
G0 X24.956 Y112.657
G0 X25.232 Y113.204
G0 X25.62 Y113.333
G0 X110.25 Y113.365
G0 X110.25 Y112.025
G0 X110.25 Y113.365
G0 X25.713 Y113.364
G0 X25.232 Y113.204
G0 X24.956 Y112.657
G0 X24.954 Y107.394
G0 X25.114 Y106.913
G0 X25.606 Y106.665
G0 X109.275 Y106.635
G0 X109.275 Y107.975
G1 F1200 E412.90119
G1 F3000 X110.25 Y107.975 E412.93585
G1 X110.725 Y107.975 E412.95273
G1 X110.725 Y112.025 E413.0967
G1 X110.25 Y112.025 E413.11358
G1 X109.275 Y112.025 E413.14824
G1 X109.275 Y107.975 E413.2922
G0 F9000 X110.25 Y107.975
G1 F3000 X110.25 Y112.025 E413.43617
G1 F2400 E411.43617
G0 F9000 X110.25 Y113.365
G0 X194.339 Y113.363
G0 X194.886 Y113.087
G0 X195.046 Y112.606
G0 X195.044 Y107.343
G0 X194.768 Y106.796
G0 X194.287 Y106.636
G0 X167.947 Y106.647
G0 X168.825 Y107.525
G1 F1200 E413.43617
G1 F3000 X168.825 Y112.475 E413.61212
G1 X171.175 Y112.475 E413.69566
G1 X171.175 Y107.525 E413.87162
G1 X168.825 Y107.525 E413.95515
G0 F9000 X170.725 Y107.975
G0 X169.275 Y107.975
G1 F3000 X170.725 Y107.975 E414.00669
G1 X170.725 Y112.025 E414.15066
G1 X169.275 Y112.025 E414.2022
G1 X169.275 Y107.975 E414.34616
G1 F2400 E412.34616
;MESH:Horiz_1_edged.stl
G0 F9000 X169.275 Y106.635
G0 X172.307 Y106.652
G0 X172.745 Y107.975
G0 X173.5 Y108.5
;TYPE:WALL-INNER
G1 F1200 E414.34616
G1 F3900 X173.5 Y111.5 E414.46465
G1 X193.182 Y111.5 E415.24202
G1 X193.182 Y108.499 E415.36055
G1 X173.5 Y108.5 E416.13792
G0 F9000 X173 Y108
G1 F3900 X173 Y112 E416.2959
G1 X193.682 Y112 E417.11277
G1 X193.682 Y107.999 E417.27079
G1 X173 Y108 E418.08766
G0 F9000 X172.525 Y107.54
;TYPE:WALL-OUTER
G1 F3000 X172.525 Y112.475 E418.26308
G1 X194.157 Y112.475 E419.03203
G1 X194.156 Y107.525 E419.20799
G1 X172.554 Y107.525 E419.97587
G1 X172.525 Y107.54 E419.97703
G0 F9000 X172.525 Y107.74
G0 X173.195 Y108.195
G0 X192.527 Y110.637
;TYPE:FILL
G1 F3000 X192.931 Y111.041 E420.00275
G1 F2400 E418.00275
G0 F9000 X172.745 Y108.5
G0 X172.286 Y106.691
G0 X167.947 Y106.647
G0 X167.255 Y108.5
G0 X113.5 Y108.5
;TYPE:WALL-INNER
G1 F1200 E420.00275
G1 F3900 X113.5 Y111.5 E420.12124
G1 X166.5 Y111.5 E422.21455
G1 X166.5 Y108.5 E422.33304
G1 X113.5 Y108.5 E424.42635
G0 F9000 X113 Y108
G1 F3900 X113 Y112 E424.58434
G1 X167 Y112 E426.71714
G1 X167 Y108 E426.87513
G1 X113 Y108 E429.00794
G0 F9000 X112.525 Y107.54
;TYPE:WALL-OUTER
G1 F3000 X112.525 Y112.475 E429.18336
G1 X167.475 Y112.475 E431.13665
G1 X167.475 Y107.525 E431.31261
G1 X112.554 Y107.525 E433.26487
G1 X112.525 Y107.54 E433.26604
G0 F9000 X112.525 Y107.74
G0 X113.625 Y108.478
G1 F2400 E431.26604
G0 F9000 X112.745 Y108.5
G0 X112.286 Y106.691
G0 X107.947 Y106.647
G0 X107.255 Y108.5
G0 X53.5 Y108.5
;TYPE:WALL-INNER
G1 F1200 E433.26604
G1 F3900 X53.5 Y111.5 E433.38452
G1 X106.5 Y111.5 E435.47783
G1 X106.5 Y108.5 E435.59632
G1 X53.5 Y108.5 E437.68963
G0 F9000 X53 Y108
G1 F3900 X53 Y112 E437.84762
G1 X107 Y112 E439.98042
G1 X107 Y108 E440.13841
G1 X53 Y108 E442.27122
G0 F9000 X52.525 Y107.54
;TYPE:WALL-OUTER
G1 F3000 X52.525 Y112.475 E442.44664
G1 X107.475 Y112.475 E444.39993
G1 X107.475 Y107.525 E444.57589
G1 X52.554 Y107.525 E446.52816
G1 X52.525 Y107.54 E446.52932
G0 F9000 X52.525 Y107.74
G0 X53.625 Y108.478
G1 F2400 E444.52932
G0 F9000 X52.745 Y108.5
G0 X52.286 Y106.691
G0 X47.947 Y106.647
G0 X47.255 Y108.5
G0 X26.819 Y108.5
;TYPE:WALL-INNER
G1 F1200 E446.52932
G1 F3900 X26.819 Y111.5 E446.64781
G1 X46.5 Y111.5 E447.42513
G1 X46.5 Y108.5 E447.54362
G1 X26.819 Y108.5 E448.32095
G0 F9000 X26.319 Y108
G1 F3900 X26.319 Y112 E448.47894
G1 X47 Y112 E449.29576
G1 X47 Y108 E449.45375
G1 X26.319 Y108 E450.27057
G0 F9000 X25.843 Y107.54
;TYPE:WALL-OUTER
G1 F3000 X25.844 Y112.475 E450.446
G1 X47.475 Y112.475 E451.21491
G1 X47.475 Y107.525 E451.39087
G1 X25.872 Y107.525 E452.15878
G1 X25.843 Y107.54 E452.15994
G0 F9000 X25.843 Y107.74
G0 X26.513 Y108.195
G0 X27.07 Y109.552
;TYPE:FILL
G1 F3000 X27.472 Y109.444 E452.17869
G1 F2400 E450.17869
;MESH:NONMESH
G0 F600 X27.472 Y109.444 Z1.48
G0 F9000 X47.261 Y107.739
G0 X48.825 Y107.525
;TIME_ELAPSED:510.399206
;LAYER:6
;TYPE:SUPPORT
G1 F1200 E452.17869
G1 F3000 X48.825 Y112.475 E452.35464
G1 X51.175 Y112.475 E452.43818
G1 X51.175 Y107.525 E452.61413
G1 X48.825 Y107.525 E452.69767
G1 F2400 E450.69767
G0 F9000 X48.825 Y106.635
G0 X26.065 Y106.637
G0 X25.518 Y106.913
G0 X25.358 Y107.394
G0 X25.36 Y112.657
G0 X25.636 Y113.204
G0 X26.024 Y113.333
G0 X49.5 Y113.365
G0 X49.5 Y112.025
G0 X49.5 Y113.365
G0 X26.117 Y113.364
G0 X25.636 Y113.204
G0 X25.36 Y112.657
G0 X25.358 Y107.394
G0 X25.518 Y106.913
G0 X26.01 Y106.665
G0 X49.275 Y106.635
G0 X49.275 Y107.975
G1 F1200 E452.69767
G1 F3000 X49.5 Y107.975 E452.70567
G1 X50.725 Y107.975 E452.74921
G1 X50.725 Y112.025 E452.89318
G1 X49.5 Y112.025 E452.93672
G1 X49.275 Y112.025 E452.94472
G1 X49.275 Y107.975 E453.08868
G0 F9000 X49.5 Y107.975
G1 F3000 X49.5 Y112.025 E453.23265
G1 F2400 E451.23265
G0 F9000 X49.5 Y113.365
G0 X26.117 Y113.364
G0 X25.636 Y113.204
G0 X25.36 Y112.657
G0 X25.358 Y107.394
G0 X25.518 Y106.913
G0 X26.065 Y106.637
G0 X107.606 Y106.636
G0 X107.952 Y106.766
G0 X108.825 Y107.525
G1 F1200 E453.23265
G1 F3000 X108.825 Y112.475 E453.4086
G1 X111.175 Y112.475 E453.49214
G1 X111.175 Y107.525 E453.6681
G1 X108.825 Y107.525 E453.75163
G1 F2400 E451.75163
G0 F9000 X108.825 Y106.635
G0 X26.065 Y106.637
G0 X25.518 Y106.913
G0 X25.358 Y107.394
G0 X25.36 Y112.657
G0 X25.636 Y113.204
G0 X26.024 Y113.333
G0 X110.25 Y113.365
G0 X110.25 Y112.025
G0 X110.25 Y113.365
G0 X26.117 Y113.364
G0 X25.636 Y113.204
G0 X25.36 Y112.657
G0 X25.358 Y107.394
G0 X25.518 Y106.913
G0 X26.01 Y106.665
G0 X109.275 Y106.635
G0 X109.275 Y107.975
G1 F1200 E453.75163
G1 F3000 X110.25 Y107.975 E453.78629
G1 X110.725 Y107.975 E453.80317
G1 X110.725 Y112.025 E453.94714
G1 X110.25 Y112.025 E453.96402
G1 X109.275 Y112.025 E453.99868
G1 X109.275 Y107.975 E454.14264
G0 F9000 X110.25 Y107.975
G1 F3000 X110.25 Y112.025 E454.28661
G1 F2400 E452.28661
G0 F9000 X110.25 Y113.365
G0 X193.935 Y113.363
G0 X194.482 Y113.087
G0 X194.642 Y112.606
G0 X194.64 Y107.343
G0 X194.364 Y106.796
G0 X193.883 Y106.636
G0 X167.947 Y106.647
G0 X168.825 Y107.525
G1 F1200 E454.28661
G1 F3000 X168.825 Y112.475 E454.46257
G1 X171.175 Y112.475 E454.5461
G1 X171.175 Y107.525 E454.72206
G1 X168.825 Y107.525 E454.80559
G0 F9000 X170.725 Y107.975
G0 X169.275 Y107.975
G1 F3000 X170.725 Y107.975 E454.85713
G1 X170.725 Y112.025 E455.0011
G1 X169.275 Y112.025 E455.05264
G1 X169.275 Y107.975 E455.19661
G1 F2400 E453.19661
;MESH:Horiz_1_edged.stl
G0 F9000 X169.275 Y106.635
G0 X172.307 Y106.652
G0 X172.745 Y107.975
G0 X173.5 Y108.5
;TYPE:WALL-INNER
G1 F1200 E455.19661
G1 F3900 X173.5 Y111.5 E455.3151
G1 X192.778 Y111.5 E456.07651
G1 X192.778 Y108.499 E456.19504
G1 X173.5 Y108.5 E456.95645
G0 F9000 X173 Y108
G1 F3900 X173 Y112 E457.11443
G1 X193.278 Y112 E457.91534
G1 X193.278 Y107.999 E458.07337
G1 X173 Y108 E458.87428
G0 F9000 X172.525 Y107.54
;TYPE:WALL-OUTER
G1 F3000 X172.525 Y112.475 E459.0497
G1 X193.753 Y112.475 E459.80429
G1 X193.752 Y107.525 E459.98024
G1 X172.554 Y107.525 E460.73376
G1 X172.525 Y107.54 E460.73492
G0 F9000 X172.525 Y107.74
G0 X173.195 Y108.195
G0 X174.717 Y108.75
;TYPE:FILL
G1 F3000 X177.217 Y111.249 E461.05324
G0 F9000 X179.393 Y111.25
G1 F3000 X180.064 Y108.748 E461.28651
G0 F9000 X190.839 Y108.75
G1 F3000 X192.527 Y110.438 E461.50148
G0 F9000 X191.196 Y111.249
G1 F3000 X191.866 Y108.748 E461.73464
G1 F2400 E459.73464
G0 F9000 X172.745 Y108.5
G0 X172.286 Y106.691
G0 X167.947 Y106.647
G0 X167.255 Y108.5
G0 X113.5 Y108.5
;TYPE:WALL-INNER
G1 F1200 E461.73464
G1 F3900 X113.5 Y111.5 E461.85313
G1 X166.5 Y111.5 E463.94644
G1 X166.5 Y108.5 E464.06493
G1 X113.5 Y108.5 E466.15824
G0 F9000 X113 Y108
G1 F3900 X113 Y112 E466.31623
G1 X167 Y112 E468.44903
G1 X167 Y108 E468.60702
G1 X113 Y108 E470.73983
G0 F9000 X112.525 Y107.54
;TYPE:WALL-OUTER
G1 F3000 X112.525 Y112.475 E470.91525
G1 X167.475 Y112.475 E472.86854
G1 X167.475 Y107.525 E473.0445
G1 X112.554 Y107.525 E474.99676
G1 X112.525 Y107.54 E474.99793
G0 F9000 X112.525 Y107.74
G0 X113.195 Y108.195
G0 X113.749 Y110.077
;TYPE:FILL
G1 F3000 X118.703 Y108.749 E475.45979
G0 F9000 X121.053 Y108.748
G1 F3000 X120.383 Y111.249 E475.69295
G0 F9000 X126.351 Y108.75
G1 F3000 X128.851 Y111.25 E476.01134
G0 F9000 X132.185 Y111.249
G1 F3000 X132.855 Y108.748 E476.2445
G0 F9000 X142.473 Y108.75
G1 F3000 X144.973 Y111.25 E476.56288
G0 F9000 X143.987 Y111.249
G1 F3000 X144.657 Y108.748 E476.79604
G0 F9000 X153.421 Y111.249
G1 F3000 X162.749 Y108.749 E477.66569
G0 F9000 X161.095 Y111.25
G1 F3000 X158.595 Y108.75 E477.98407
G0 F9000 X156.46 Y108.748
G1 F3000 X155.789 Y111.25 E478.21734
G1 F2400 E476.21734
G0 F9000 X112.745 Y108.5
G0 X112.286 Y106.691
G0 X107.947 Y106.647
G0 X107.255 Y108.5
G0 X53.5 Y108.5
;TYPE:WALL-INNER
G1 F1200 E478.21734
G1 F3900 X53.5 Y111.5 E478.33583
G1 X106.5 Y111.5 E480.42914
G1 X106.5 Y108.5 E480.54763
G1 X53.5 Y108.5 E482.64094
G0 F9000 X53 Y108
G1 F3900 X53 Y112 E482.79892
G1 X107 Y112 E484.93173
G1 X107 Y108 E485.08972
G1 X53 Y108 E487.22252
G0 F9000 X52.525 Y107.54
;TYPE:WALL-OUTER
G1 F3000 X52.525 Y112.475 E487.39795
G1 X107.475 Y112.475 E489.35124
G1 X107.475 Y107.525 E489.5272
G1 X52.554 Y107.525 E491.47946
G1 X52.525 Y107.54 E491.48062
G0 F9000 X52.525 Y107.74
G0 X53.195 Y108.195
G0 X61.861 Y108.748
;TYPE:FILL
G1 F3000 X64.362 Y111.249 E491.79913
G0 F9000 X65.328 Y111.249
G1 F3000 X74.66 Y108.749 E492.66913
G0 F9000 X73.844 Y108.748
G1 F3000 X73.174 Y111.249 E492.90229
G0 F9000 X77.983 Y108.748
G1 F3000 X80.484 Y111.249 E493.2208
G0 F9000 X84.977 Y111.249
G1 F3000 X85.647 Y108.748 E493.45396
G0 F9000 X94.106 Y108.748
G1 F3000 X96.606 Y111.249 E493.7724
G1 X96.779 Y111.25
G1 X97.449 Y108.748 E494.00565
G1 F2400 E492.00565
G0 F9000 X62.042 Y108.748
G1 F1200 E494.00565
G1 F3000 X61.372 Y111.25 E494.2389
G1 F2400 E492.2389
G0 F9000 X52.745 Y108.5
G0 X52.286 Y106.691
G0 X47.947 Y106.647
G0 X47.255 Y108.5
G0 X27.223 Y108.5
;TYPE:WALL-INNER
G1 F1200 E494.2389
G1 F3900 X27.223 Y111.5 E494.35739
G1 X46.5 Y111.5 E495.11876
G1 X46.5 Y108.5 E495.23725
G1 X27.223 Y108.5 E495.99862
G0 F9000 X26.723 Y108
G1 F3900 X26.723 Y112 E496.15661
G1 X47 Y112 E496.95748
G1 X47 Y108 E497.11546
G1 X26.723 Y108 E497.91633
G0 F9000 X26.247 Y107.54
;TYPE:WALL-OUTER
G1 F3000 X26.248 Y112.475 E498.09175
G1 X47.475 Y112.475 E498.84631
G1 X47.475 Y107.525 E499.02226
G1 X26.276 Y107.525 E499.77582
G1 X26.247 Y107.54 E499.77698
G0 F9000 X26.247 Y107.74
G0 X26.917 Y108.195
G0 X27.474 Y109.59
;TYPE:FILL
G1 F3000 X30.614 Y108.748 E500.06973
G0 F9000 X29.618 Y108.749
G1 F3000 X32.118 Y111.249 E500.38811
G0 F9000 X37.768 Y111.249
G1 F3000 X38.438 Y108.749 E500.62119
G0 F9000 X45.74 Y108.749
G1 F3000 X46.25 Y109.259 E500.68614
G1 F2400 E498.68614
;MESH:NONMESH
G0 F600 X46.25 Y109.259 Z1.68
G0 F9000 X47.261 Y107.739
G0 X48.825 Y107.525
;TIME_ELAPSED:555.046745
;LAYER:7
;TYPE:SUPPORT
G1 F1200 E500.68614
G1 F3000 X48.825 Y108.7 E500.7279
G1 X48.825 Y112.475 E500.86209
G1 X51.175 Y112.475 E500.94563
G1 X51.175 Y107.525 E501.12158
G1 X48.825 Y107.525 E501.20512
G1 F2400 E499.20512
G0 F9000 X48.825 Y106.635
G0 X26.469 Y106.637
G0 X25.922 Y106.913
G0 X25.762 Y107.394
G0 X25.764 Y112.657
G0 X26.04 Y113.204
G0 X26.428 Y113.333
G0 X49.5 Y113.365
G0 X49.5 Y112.025
G0 X49.5 Y113.365
G0 X26.521 Y113.364
G0 X26.04 Y113.204
G0 X25.764 Y112.657
G0 X25.762 Y107.394
G0 X25.922 Y106.913
G0 X26.414 Y106.665
G0 X49.275 Y106.635
G0 X49.275 Y107.975
G1 F1200 E501.20512
G1 F3000 X49.5 Y107.975 E501.21312
G1 X50.725 Y107.975 E501.25666
G1 X50.725 Y112.025 E501.40063
G1 X49.5 Y112.025 E501.44417
G1 X49.275 Y112.025 E501.45217
G1 X49.275 Y107.975 E501.59613
G0 F9000 X49.5 Y107.975
G1 F3000 X49.5 Y112.025 E501.7401
G1 F2400 E499.7401
G0 F9000 X49.5 Y113.365
G0 X26.521 Y113.364
G0 X26.04 Y113.204
G0 X25.764 Y112.657
G0 X25.762 Y107.394
G0 X25.922 Y106.913
G0 X26.469 Y106.637
G0 X107.606 Y106.636
G0 X107.952 Y106.766
G0 X108.825 Y107.525
G1 F1200 E501.7401
G1 F3000 X108.825 Y112.475 E501.91605
G1 X111.175 Y112.475 E501.99959
G1 X111.175 Y107.525 E502.17555
G1 X108.825 Y107.525 E502.25908
G1 F2400 E500.25908
G0 F9000 X108.825 Y106.635
G0 X26.469 Y106.637
G0 X25.922 Y106.913
G0 X25.762 Y107.394
G0 X25.764 Y112.657
G0 X26.04 Y113.204
G0 X26.428 Y113.333
G0 X110.25 Y113.365
G0 X110.25 Y112.025
G0 X110.25 Y113.365
G0 X26.521 Y113.364
G0 X26.04 Y113.204
G0 X25.764 Y112.657
G0 X25.762 Y107.394
G0 X25.922 Y106.913
G0 X26.414 Y106.665
G0 X109.275 Y106.635
G0 X109.275 Y107.975
G1 F1200 E502.25908
G1 F3000 X110.25 Y107.975 E502.29374
G1 X110.725 Y107.975 E502.31062
G1 X110.725 Y112.025 E502.45459
G1 X110.25 Y112.025 E502.47147
G1 X109.275 Y112.025 E502.50613
G1 X109.275 Y107.975 E502.65009
G0 F9000 X110.25 Y107.975
G1 F3000 X110.25 Y112.025 E502.79406
G1 F2400 E500.79406
G0 F9000 X110.25 Y113.365
G0 X193.531 Y113.363
G0 X194.078 Y113.087
G0 X194.238 Y112.606
G0 X194.236 Y107.343
G0 X193.96 Y106.796
G0 X193.479 Y106.636
G0 X167.947 Y106.647
G0 X168.825 Y107.525
G1 F1200 E502.79406
G1 F3000 X168.825 Y112.475 E502.97002
G1 X171.175 Y112.475 E503.05355
G1 X171.175 Y107.525 E503.22951
G1 X168.825 Y107.525 E503.31304
G0 F9000 X170.725 Y107.975
G0 X169.275 Y107.975
G1 F3000 X170.725 Y107.975 E503.36459
G1 X170.725 Y112.025 E503.50855
G1 X169.275 Y112.025 E503.56009
G1 X169.275 Y107.975 E503.70406
G1 F2400 E501.70406
;MESH:Horiz_1_edged.stl
G0 F9000 X169.275 Y106.635
G0 X172.307 Y106.652
G0 X172.745 Y107.975
G0 X173.5 Y108.5
;TYPE:WALL-INNER
G1 F1200 E503.70406
G1 F3900 X173.5 Y111.5 E503.82255
G1 X192.374 Y111.5 E504.568
G1 X192.374 Y108.499 E504.68653
G1 X173.5 Y108.5 E505.43199
G0 F9000 X173 Y108
G1 F3900 X173 Y112 E505.58997
G1 X192.874 Y112 E506.37492
G1 X192.874 Y107.999 E506.53295
G1 X173 Y108 E507.3179
G0 F9000 X172.525 Y107.54
;TYPE:WALL-OUTER
G1 F3000 X172.525 Y112.475 E507.49332
G1 X193.349 Y112.475 E508.23355
G1 X193.348 Y107.525 E508.4095
G1 X172.554 Y107.525 E509.14866
G1 X172.525 Y107.54 E509.14983
G0 F9000 X172.525 Y107.74
G0 X173.195 Y108.195
G0 X191.717 Y109.429
;TYPE:FILL
G1 F3000 X192.123 Y109.834 E509.17565
G1 F2400 E507.17565
G0 F9000 X172.745 Y108.5
G0 X172.286 Y106.691
G0 X167.947 Y106.647
G0 X167.255 Y108.5
G0 X113.5 Y108.5
;TYPE:WALL-INNER
G1 F1200 E509.17565
G1 F3900 X113.5 Y111.5 E509.29414
G1 X166.5 Y111.5 E511.38744
G1 X166.5 Y108.5 E511.50593
G1 X113.5 Y108.5 E513.59924
G0 F9000 X113 Y108
G1 F3900 X113 Y112 E513.75723
G1 X167 Y112 E515.89004
G1 X167 Y108 E516.04802
G1 X113 Y108 E518.18083
G0 F9000 X112.525 Y107.54
;TYPE:WALL-OUTER
G1 F3000 X112.525 Y112.475 E518.35625
G1 X167.475 Y112.475 E520.30955
G1 X167.475 Y107.525 E520.4855
G1 X112.554 Y107.525 E522.43777
G1 X112.525 Y107.54 E522.43893
G0 F9000 X112.525 Y107.74
G0 X113.625 Y108.478
G1 F2400 E520.43893
G0 F9000 X112.745 Y108.5
G0 X112.286 Y106.691
G0 X107.947 Y106.647
G0 X107.255 Y108.5
G0 X53.5 Y108.5
;TYPE:WALL-INNER
G1 F1200 E522.43893
G1 F3900 X53.5 Y111.5 E522.55742
G1 X106.5 Y111.5 E524.65073
G1 X106.5 Y108.5 E524.76922
G1 X53.5 Y108.5 E526.86252
G0 F9000 X53 Y108
G1 F3900 X53 Y112 E527.02051
G1 X107 Y112 E529.15332
G1 X107 Y108 E529.3113
G1 X53 Y108 E531.44411
G0 F9000 X52.525 Y107.54
;TYPE:WALL-OUTER
G1 F3000 X52.525 Y112.475 E531.61953
G1 X107.475 Y112.475 E533.57283
G1 X107.475 Y107.525 E533.74878
G1 X52.554 Y107.525 E535.70105
G1 X52.525 Y107.54 E535.70221
G0 F9000 X52.525 Y107.74
G0 X53.625 Y108.478
G1 F2400 E533.70221
G0 F9000 X52.745 Y108.5
G0 X52.286 Y106.691
G0 X47.947 Y106.647
G0 X47.255 Y108.5
G0 X27.627 Y108.5
;TYPE:WALL-INNER
G1 F1200 E535.70221
G1 F3900 X27.627 Y111.5 E535.8207
G1 X46.5 Y111.5 E536.56611
G1 X46.5 Y108.5 E536.6846
G1 X27.627 Y108.5 E537.43002
G0 F9000 X27.127 Y108
G1 F3900 X27.127 Y112 E537.588
G1 X47 Y112 E538.37292
G1 X47 Y108 E538.5309
G1 X27.127 Y108 E539.31581
G0 F9000 X26.651 Y107.54
;TYPE:WALL-OUTER
G1 F3000 X26.652 Y112.475 E539.49124
G1 X47.475 Y112.475 E540.23143
G1 X47.475 Y107.525 E540.40738
G1 X26.68 Y107.525 E541.14658
G1 X26.651 Y107.54 E541.14774
G0 F9000 X26.651 Y107.74
G0 X27.321 Y108.195
G0 X27.877 Y109.628
;TYPE:FILL
G1 F3000 X28.281 Y109.52 E541.16657
G1 F2400 E539.16657
;MESH:NONMESH
G0 F600 X28.281 Y109.52 Z1.88
G0 F9000 X47.261 Y107.739
G0 X48.825 Y107.525
;TIME_ELAPSED:592.975641
;LAYER:8
;TYPE:SUPPORT
G1 F1200 E541.16657
G1 F3000 X48.825 Y112.475 E541.34253
G1 X51.175 Y112.475 E541.42606
G1 X51.175 Y107.525 E541.60202
G1 X48.825 Y107.525 E541.68555
G1 F2400 E539.68555
G0 F9000 X48.825 Y106.635
G0 X26.874 Y106.637
G0 X26.327 Y106.913
G0 X26.167 Y107.394
G0 X26.169 Y112.657
G0 X26.445 Y113.204
G0 X26.833 Y113.333
G0 X49.5 Y113.365
G0 X49.5 Y112.025
G0 X49.5 Y113.365
G0 X26.926 Y113.364
G0 X26.445 Y113.204
G0 X26.169 Y112.657
G0 X26.167 Y107.394
G0 X26.327 Y106.913
G0 X26.819 Y106.665
G0 X49.275 Y106.635
G0 X49.275 Y107.975
G1 F1200 E541.68555
G1 F3000 X49.5 Y107.975 E541.69355
G1 X50.725 Y107.975 E541.73709
G1 X50.725 Y112.025 E541.88106
G1 X49.5 Y112.025 E541.9246
G1 X49.275 Y112.025 E541.9326
G1 X49.275 Y107.975 E542.07657
G0 F9000 X49.5 Y107.975
G1 F3000 X49.5 Y112.025 E542.22053
G1 F2400 E540.22053
G0 F9000 X49.5 Y113.365
G0 X26.926 Y113.364
G0 X26.445 Y113.204
G0 X26.169 Y112.657
G0 X26.167 Y107.394
G0 X26.327 Y106.913
G0 X26.874 Y106.637
G0 X107.606 Y106.636
G0 X107.952 Y106.766
G0 X108.825 Y107.525
G1 F1200 E542.22053
G1 F3000 X108.825 Y108.7 E542.2623
G1 X108.825 Y112.475 E542.39649
G1 X111.175 Y112.475 E542.48002
G1 X111.175 Y107.525 E542.65598
G1 X108.825 Y107.525 E542.73951
G1 F2400 E540.73951
G0 F9000 X108.825 Y106.635
G0 X26.874 Y106.637
G0 X26.327 Y106.913
G0 X26.167 Y107.394
G0 X26.169 Y112.657
G0 X26.445 Y113.204
G0 X26.833 Y113.333
G0 X110.25 Y113.365
G0 X110.25 Y112.025
G0 X110.25 Y113.365
G0 X26.926 Y113.364
G0 X26.445 Y113.204
G0 X26.169 Y112.657
G0 X26.167 Y107.394
G0 X26.327 Y106.913
G0 X26.819 Y106.665
G0 X109.275 Y106.635
G0 X109.275 Y107.975
G1 F1200 E542.73951
G1 F3000 X110.25 Y107.975 E542.77417
G1 X110.725 Y107.975 E542.79106
G1 X110.725 Y112.025 E542.93502
G1 X110.25 Y112.025 E542.95191
G1 X109.275 Y112.025 E542.98656
G1 X109.275 Y107.975 E543.13053
G0 F9000 X110.25 Y107.975
G1 F3000 X110.25 Y112.025 E543.27449
G1 F2400 E541.27449
G0 F9000 X110.25 Y113.365
G0 X193.126 Y113.363
G0 X193.673 Y113.087
G0 X193.833 Y112.606
G0 X193.831 Y107.343
G0 X193.555 Y106.796
G0 X193.074 Y106.636
G0 X167.947 Y106.647
G0 X168.825 Y107.525
G1 F1200 E543.27449
G1 F3000 X168.825 Y112.475 E543.45045
G1 X171.175 Y112.475 E543.53398
G1 X171.175 Y107.525 E543.70994
G1 X168.825 Y107.525 E543.79347
G0 F9000 X170.725 Y107.975
G0 X169.275 Y107.975
G1 F3000 X170.725 Y107.975 E543.84502
G1 X170.725 Y112.025 E543.98898
G1 X169.275 Y112.025 E544.04052
G1 X169.275 Y107.975 E544.18449
G1 F2400 E542.18449
;MESH:Horiz_1_edged.stl
G0 F9000 X169.275 Y106.635
G0 X172.307 Y106.652
G0 X172.745 Y107.975
G0 X173.5 Y108.5
;TYPE:WALL-INNER
G1 F1200 E544.18449
G1 F3900 X173.5 Y111.5 E544.30298
G1 X191.969 Y111.5 E545.03244
G1 X191.969 Y108.499 E545.15097
G1 X173.5 Y108.5 E545.88043
G0 F9000 X173 Y108
G1 F3900 X173 Y112 E546.03841
G1 X192.469 Y112 E546.80737
G1 X192.469 Y107.999 E546.96539
G1 X173 Y108 E547.73435
G0 F9000 X172.525 Y107.54
;TYPE:WALL-OUTER
G1 F3000 X172.525 Y112.475 E547.90977
G1 X192.944 Y112.475 E548.6356
G1 X192.943 Y107.525 E548.81156
G1 X172.554 Y107.525 E549.53632
G1 X172.525 Y107.54 E549.53748
G0 F9000 X172.525 Y107.74
G0 X173.195 Y108.195
G0 X175.117 Y108.75
;TYPE:FILL
G1 F3000 X177.617 Y111.249 E549.8558
G0 F9000 X179.101 Y111.249
G1 F3000 X179.771 Y108.748 E550.08896
G0 F9000 X190.903 Y111.249
G1 F3000 X191.573 Y108.747 E550.32221
G0 F9000 X191.239 Y108.749
G1 F3000 X191.718 Y109.228 E550.38321
G1 F2400 E548.38321
G0 F9000 X172.745 Y108.5
G0 X172.286 Y106.691
G0 X167.947 Y106.647
G0 X167.255 Y108.5
G0 X113.5 Y108.5
;TYPE:WALL-INNER
G1 F1200 E550.38321
G1 F3900 X113.5 Y111.5 E550.5017
G1 X166.5 Y111.5 E552.59501
G1 X166.5 Y108.5 E552.7135
G1 X113.5 Y108.5 E554.80681
G0 F9000 X113 Y108
G1 F3900 X113 Y112 E554.96479
G1 X167 Y112 E557.0976
G1 X167 Y108 E557.25558
G1 X113 Y108 E559.38839
G0 F9000 X112.525 Y107.54
;TYPE:WALL-OUTER
G1 F3000 X112.525 Y112.475 E559.56381
G1 X167.475 Y112.475 E561.51711
G1 X167.475 Y107.525 E561.69307
G1 X112.554 Y107.525 E563.64533
G1 X112.525 Y107.54 E563.64649
G0 F9000 X112.525 Y107.74
G0 X113.195 Y108.195
G0 X113.749 Y110.37
;TYPE:FILL
G1 F3000 X119.796 Y108.749 E564.21026
G0 F9000 X120.76 Y108.748
G1 F3000 X120.09 Y111.249 E564.44342
G0 F9000 X126.751 Y108.75
G1 F3000 X129.252 Y111.25 E564.76187
G0 F9000 X131.892 Y111.25
G1 F3000 X132.562 Y108.748 E564.99511
G0 F9000 X142.873 Y108.75
G1 F3000 X145.374 Y111.25 E565.31356
G0 F9000 X143.694 Y111.249
G1 F3000 X144.364 Y108.748 E565.54672
G0 F9000 X154.514 Y111.249
G1 F3000 X163.842 Y108.75 E566.41635
G0 F9000 X161.496 Y111.25
G1 F3000 X158.995 Y108.75 E566.73479
G0 F9000 X156.167 Y108.748
G1 F3000 X155.496 Y111.249 E566.96798
G1 F2400 E564.96798
G0 F9000 X112.745 Y108.5
G0 X112.286 Y106.691
G0 X107.947 Y106.647
G0 X107.255 Y108.5
G0 X53.5 Y108.5
;TYPE:WALL-INNER
G1 F1200 E566.96798
G1 F3900 X53.5 Y111.5 E567.08646
G1 X106.5 Y111.5 E569.17977
G1 X106.5 Y108.5 E569.29826
G1 X53.5 Y108.5 E571.39157
G0 F9000 X53 Y108
G1 F3900 X53 Y112 E571.54956
G1 X107 Y112 E573.68236
G1 X107 Y108 E573.84035
G1 X53 Y108 E575.97316
G0 F9000 X52.525 Y107.54
;TYPE:WALL-OUTER
G1 F3000 X52.525 Y112.475 E576.14858
G1 X107.475 Y112.475 E578.10187
G1 X107.475 Y107.525 E578.27783
G1 X52.554 Y107.525 E580.2301
G1 X52.525 Y107.54 E580.23126
G0 F9000 X52.525 Y107.74
G0 X53.195 Y108.195
G0 X61.079 Y111.249
;TYPE:FILL
G1 F3000 X61.749 Y108.748 E580.46442
G0 F9000 X62.262 Y108.748
G1 F3000 X64.762 Y111.249 E580.78286
G0 F9000 X66.421 Y111.249
G1 F3000 X75.753 Y108.749 E581.65286
G0 F9000 X73.552 Y108.748
G1 F3000 X72.881 Y111.249 E581.88604
G0 F9000 X78.384 Y108.748
G1 F3000 X80.884 Y111.249 E582.20449
G0 F9000 X84.684 Y111.249
G1 F3000 X85.354 Y108.748 E582.43765
G0 F9000 X94.506 Y108.748
G1 F3000 X97.006 Y111.249 E582.75609
G0 F9000 X96.486 Y111.25
G1 F3000 X97.156 Y108.748 E582.98934
G1 F2400 E580.98934
G0 F9000 X52.745 Y108.5
G0 X52.286 Y106.691
G0 X47.947 Y106.647
G0 X47.255 Y108.5
G0 X28.032 Y108.5
;TYPE:WALL-INNER
G1 F1200 E582.98934
G1 F3900 X28.032 Y111.5 E583.10783
G1 X46.5 Y111.5 E583.83725
G1 X46.5 Y108.5 E583.95574
G1 X28.032 Y108.5 E584.68516
G0 F9000 X27.532 Y108
G1 F3900 X27.532 Y112 E584.84315
G1 X47 Y112 E585.61206
G1 X47 Y108 E585.77005
G1 X27.532 Y108 E586.53896
G0 F9000 X27.085 Y107.525
;TYPE:WALL-OUTER
G1 F3000 X27.056 Y107.562 E586.54064
G1 X27.057 Y112.475 E586.71528
G1 X47.475 Y112.475 E587.44107
G1 X47.475 Y107.525 E587.61703
G1 X27.085 Y107.525 E588.34183
G0 F9000 X27.056 Y107.562
G0 X27.056 Y107.715
G0 X27.726 Y108.195
G0 X28.282 Y109.666
;TYPE:FILL
G1 F3000 X31.705 Y108.749 E588.66094
G0 F9000 X30.018 Y108.749
G1 F3000 X32.518 Y111.249 E588.97932
G0 F9000 X37.475 Y111.25
G1 F3000 X38.145 Y108.749 E589.21248
G0 F9000 X46.14 Y108.749
G1 F3000 X46.25 Y108.859 E589.22649
G1 F2400 E587.22649
;MESH:NONMESH
G0 F600 X46.25 Y108.859 Z2.08
G0 F9000 X47.261 Y107.739
G0 X48.825 Y107.525
;TIME_ELAPSED:637.091922
;LAYER:9
;TYPE:SUPPORT
G1 F1200 E589.22649
G1 F3000 X48.825 Y112.475 E589.40245
G1 X51.175 Y112.475 E589.48598
G1 X51.175 Y107.525 E589.66194
G1 X48.825 Y107.525 E589.74548
G1 F2400 E587.74548
G0 F9000 X48.825 Y106.635
G0 X27.278 Y106.637
G0 X26.731 Y106.913
G0 X26.571 Y107.394
G0 X26.573 Y112.657
G0 X26.849 Y113.204
G0 X27.237 Y113.333
G0 X49.5 Y113.365
G0 X49.5 Y112.025
G0 X49.5 Y113.365
G0 X27.33 Y113.364
G0 X26.849 Y113.204
G0 X26.573 Y112.657
G0 X26.571 Y107.394
G0 X26.731 Y106.913
G0 X27.223 Y106.665
G0 X49.275 Y106.635
G0 X49.275 Y107.975
G1 F1200 E589.74548
G1 F3000 X49.5 Y107.975 E589.75347
G1 X50.725 Y107.975 E589.79702
G1 X50.725 Y112.025 E589.94098
G1 X49.5 Y112.025 E589.98453
G1 X49.275 Y112.025 E589.99253
G1 X49.275 Y107.975 E590.13649
G0 F9000 X49.5 Y107.975
G1 F3000 X49.5 Y112.025 E590.28046
G1 F2400 E588.28046
G0 F9000 X49.5 Y113.365
G0 X27.33 Y113.364
G0 X26.849 Y113.204
G0 X26.573 Y112.657
G0 X26.571 Y107.394
G0 X26.731 Y106.913
G0 X27.278 Y106.637
G0 X107.606 Y106.636
G0 X107.952 Y106.766
G0 X108.825 Y107.525
G1 F1200 E590.28046
G1 F3000 X108.825 Y112.475 E590.45641
G1 X111.175 Y112.475 E590.53995
G1 X111.175 Y107.525 E590.7159
G1 X108.825 Y107.525 E590.79944
G1 F2400 E588.79944
G0 F9000 X108.825 Y106.635
G0 X27.278 Y106.637
G0 X26.731 Y106.913
G0 X26.571 Y107.394
G0 X26.573 Y112.657
G0 X26.849 Y113.204
G0 X27.237 Y113.333
G0 X110.25 Y113.365
G0 X110.25 Y112.025
G0 X110.25 Y113.365
G0 X27.33 Y113.364
G0 X26.849 Y113.204
G0 X26.573 Y112.657
G0 X26.571 Y107.394
G0 X26.731 Y106.913
G0 X27.223 Y106.665
G0 X109.275 Y106.635
G0 X109.275 Y107.975
G1 F1200 E590.79944
G1 F3000 X110.25 Y107.975 E590.8341
G1 X110.725 Y107.975 E590.85098
G1 X110.725 Y112.025 E590.99495
G1 X110.25 Y112.025 E591.01183
G1 X109.275 Y112.025 E591.04649
G1 X109.275 Y107.975 E591.19045
G0 F9000 X110.25 Y107.975
G1 F3000 X110.25 Y112.025 E591.33442
G1 F2400 E589.33442
G0 F9000 X110.25 Y113.365
G0 X192.722 Y113.363
G0 X193.269 Y113.087
G0 X193.429 Y112.606
G0 X193.427 Y107.343
G0 X193.151 Y106.796
G0 X192.67 Y106.636
G0 X167.947 Y106.647
G0 X168.825 Y107.525
G1 F1200 E591.33442
G1 F3000 X168.825 Y108.7 E591.37618
G1 X168.825 Y112.475 E591.51037
G1 X171.175 Y112.475 E591.59391
G1 X171.175 Y107.525 E591.76986
G1 X168.825 Y107.525 E591.8534
G0 F9000 X170.725 Y107.975
G0 X169.275 Y107.975
G1 F3000 X170.725 Y107.975 E591.90494
G1 X170.725 Y112.025 E592.04891
G1 X169.275 Y112.025 E592.10045
G1 X169.275 Y107.975 E592.24441
G1 F2400 E590.24441
;MESH:Horiz_1_edged.stl
G0 F9000 X169.275 Y106.635
G0 X172.307 Y106.652
G0 X172.745 Y107.975
G0 X173.5 Y108.5
;TYPE:WALL-INNER
G1 F1200 E592.24441
G1 F3900 X173.5 Y111.5 E592.3629
G1 X191.565 Y111.5 E593.07641
G1 X191.565 Y108.499 E593.19493
G1 X173.5 Y108.5 E593.90844
G0 F9000 X173 Y108
G1 F3900 X173 Y112 E594.06642
G1 X192.065 Y112 E594.81942
G1 X192.065 Y107.999 E594.97745
G1 X173 Y108 E595.73045
G0 F9000 X172.525 Y107.54
;TYPE:WALL-OUTER
G1 F3000 X172.525 Y112.475 E595.90587
G1 X192.54 Y112.475 E596.61734
G1 X192.539 Y107.525 E596.79329
G1 X172.554 Y107.525 E597.5037
G1 X172.525 Y107.54 E597.50486
G0 F9000 X172.525 Y107.74
G0 X173.195 Y108.195
G0 X190.91 Y110.676
;TYPE:FILL
G1 F3000 X191.314 Y109.17 E597.57506
G1 F2400 E595.57506
G0 F9000 X172.745 Y108.5
G0 X172.286 Y106.691
G0 X167.947 Y106.647
G0 X167.255 Y108.5
G0 X113.5 Y108.5
;TYPE:WALL-INNER
G1 F1200 E597.57506
G1 F3900 X113.5 Y111.5 E597.69355
G1 X166.5 Y111.5 E599.78686
G1 X166.5 Y108.5 E599.90535
G1 X113.5 Y108.5 E601.99866
G0 F9000 X113 Y108
G1 F3900 X113 Y112 E602.15665
G1 X167 Y112 E604.28945
G1 X167 Y108 E604.44744
G1 X113 Y108 E606.58025
G0 F9000 X112.525 Y107.54
;TYPE:WALL-OUTER
G1 F3000 X112.525 Y112.475 E606.75567
G1 X167.475 Y112.475 E608.70896
G1 X167.475 Y107.525 E608.88492
G1 X112.554 Y107.525 E610.83718
G1 X112.525 Y107.54 E610.83835
G0 F9000 X112.525 Y107.74
G0 X113.625 Y108.478
G1 F2400 E608.83835
G0 F9000 X112.745 Y108.5
G0 X112.286 Y106.691
G0 X107.947 Y106.647
G0 X107.255 Y108.5
G0 X53.5 Y108.5
;TYPE:WALL-INNER
G1 F1200 E610.83835
G1 F3900 X53.5 Y111.5 E610.95683
G1 X106.5 Y111.5 E613.05014
G1 X106.5 Y108.5 E613.16863
G1 X53.5 Y108.5 E615.26194
G0 F9000 X53 Y108
G1 F3900 X53 Y112 E615.41993
G1 X107 Y112 E617.55273
G1 X107 Y108 E617.71072
G1 X53 Y108 E619.84353
G0 F9000 X52.525 Y107.54
;TYPE:WALL-OUTER
G1 F3000 X52.525 Y112.475 E620.01895
G1 X107.475 Y112.475 E621.97224
G1 X107.475 Y107.525 E622.1482
G1 X52.554 Y107.525 E624.10047
G1 X52.525 Y107.54 E624.10163
G0 F9000 X52.525 Y107.74
G0 X53.625 Y108.478
G1 F2400 E622.10163
G0 F9000 X52.745 Y108.5
G0 X52.286 Y106.691
G0 X47.947 Y106.647
G0 X47.255 Y108.5
G0 X28.436 Y108.5
;TYPE:WALL-INNER
G1 F1200 E624.10163
G1 F3900 X28.436 Y111.5 E624.22012
G1 X46.5 Y111.5 E624.93358
G1 X46.5 Y108.5 E625.05207
G1 X28.436 Y108.5 E625.76553
G0 F9000 X27.936 Y108
G1 F3900 X27.936 Y112 E625.92352
G1 X47 Y112 E626.67648
G1 X47 Y108 E626.83446
G1 X27.936 Y108 E627.58742
G0 F9000 X27.46 Y107.54
;TYPE:WALL-OUTER
G1 F3000 X27.461 Y112.475 E627.76284
G1 X47.475 Y112.475 E628.47428
G1 X47.475 Y107.525 E628.65023
G1 X27.489 Y107.525 E629.36067
G1 X27.46 Y107.54 E629.36183
G0 F9000 X27.46 Y107.74
G0 X28.13 Y108.195
G0 X28.686 Y109.704
;TYPE:FILL
G1 F3000 X29.089 Y109.596 E629.38062
G1 F2400 E627.38062
;MESH:NONMESH
G0 F600 X29.089 Y109.596 Z2.28
G0 F9000 X47.261 Y107.739
G0 X48.825 Y107.525
;TIME_ELAPSED:674.800328
;LAYER:10
;TYPE:SUPPORT
G1 F1200 E629.38062
G1 F3000 X48.825 Y112.475 E629.55657
G1 X51.175 Y112.475 E629.64011
G1 X51.175 Y107.525 E629.81607
G1 X48.825 Y107.525 E629.8996
G1 F2400 E627.8996
G0 F9000 X48.825 Y106.635
G0 X27.682 Y106.637
G0 X27.135 Y106.913
G0 X26.975 Y107.394
G0 X26.977 Y112.657
G0 X27.253 Y113.204
G0 X27.641 Y113.333
G0 X49.5 Y113.365
G0 X49.5 Y112.025
G0 X49.5 Y113.365
G0 X27.734 Y113.364
G0 X27.253 Y113.204
G0 X26.977 Y112.657
G0 X26.975 Y107.394
G0 X27.135 Y106.913
G0 X27.627 Y106.665
G0 X49.275 Y106.635
G0 X49.275 Y107.975
G1 F1200 E629.8996
G1 F3000 X49.5 Y107.975 E629.9076
G1 X50.725 Y107.975 E629.95114
G1 X50.725 Y112.025 E630.09511
G1 X49.5 Y112.025 E630.13865
G1 X49.275 Y112.025 E630.14665
G1 X49.275 Y107.975 E630.29062
G0 F9000 X49.5 Y107.975
G1 F3000 X49.5 Y112.025 E630.43458
G1 F2400 E628.43458
G0 F9000 X49.5 Y113.365
G0 X27.734 Y113.364
G0 X27.253 Y113.204
G0 X26.977 Y112.657
G0 X26.975 Y107.394
G0 X27.135 Y106.913
G0 X27.682 Y106.637
G0 X107.606 Y106.636
G0 X107.952 Y106.766
G0 X108.825 Y107.525
G1 F1200 E630.43458
G1 F3000 X108.825 Y112.475 E630.61054
G1 X111.175 Y112.475 E630.69407
G1 X111.175 Y107.525 E630.87003
G1 X108.825 Y107.525 E630.95356
G1 F2400 E628.95356
G0 F9000 X108.825 Y106.635
G0 X27.682 Y106.637
G0 X27.135 Y106.913
G0 X26.975 Y107.394
G0 X26.977 Y112.657
G0 X27.253 Y113.204
G0 X27.641 Y113.333
G0 X110.25 Y113.365
G0 X110.25 Y112.025
G0 X110.25 Y113.365
G0 X27.734 Y113.364
G0 X27.253 Y113.204
G0 X26.977 Y112.657
G0 X26.975 Y107.394
G0 X27.135 Y106.913
G0 X27.627 Y106.665
G0 X109.275 Y106.635
G0 X109.275 Y107.975
G1 F1200 E630.95356
G1 F3000 X110.25 Y107.975 E630.98822
G1 X110.725 Y107.975 E631.00511
G1 X110.725 Y112.025 E631.14907
G1 X110.25 Y112.025 E631.16595
G1 X109.275 Y112.025 E631.20061
G1 X109.275 Y107.975 E631.34458
G0 F9000 X110.25 Y107.975
G1 F3000 X110.25 Y112.025 E631.48854
G1 F2400 E629.48854
G0 F9000 X110.25 Y113.365
G0 X192.318 Y113.363
G0 X192.865 Y113.087
G0 X193.025 Y112.606
G0 X193.023 Y107.343
G0 X192.747 Y106.796
G0 X192.266 Y106.636
G0 X167.947 Y106.647
G0 X168.825 Y107.525
G1 F1200 E631.48854
G1 F3000 X168.825 Y112.475 E631.6645
G1 X171.175 Y112.475 E631.74803
G1 X171.175 Y107.525 E631.92399
G1 X168.825 Y107.525 E632.00752
G0 F9000 X170.725 Y107.975
G0 X169.275 Y107.975
G1 F3000 X170.725 Y107.975 E632.05907
G1 X170.725 Y112.025 E632.20303
G1 X169.275 Y112.025 E632.25457
G1 X169.275 Y107.975 E632.39854
G1 F2400 E630.39854
;MESH:Horiz_1_edged.stl
G0 F9000 X169.275 Y106.635
G0 X172.307 Y106.652
G0 X172.745 Y107.975
G0 X173.5 Y108.5
;TYPE:WALL-INNER
G1 F1200 E632.39854
G1 F3900 X173.5 Y111.5 E632.51703
G1 X191.161 Y111.5 E633.21457
G1 X191.161 Y108.499 E633.3331
G1 X173.5 Y108.5 E634.03065
G0 F9000 X173 Y108
G1 F3900 X173 Y112 E634.18863
G1 X191.661 Y112 E634.92568
G1 X191.661 Y107.999 E635.0837
G1 X173 Y108 E635.82075
G0 F9000 X172.525 Y107.54
;TYPE:WALL-OUTER
G1 F3000 X172.525 Y112.475 E635.99617
G1 X192.136 Y112.475 E636.69328
G1 X192.135 Y107.525 E636.86923
G1 X172.554 Y107.525 E637.56527
G1 X172.525 Y107.54 E637.56643
G0 F9000 X172.525 Y107.74
G0 X173.195 Y108.195
G0 X175.518 Y108.75
;TYPE:FILL
G1 F3000 X178.017 Y111.249 E637.88469
G0 F9000 X178.808 Y111.249
G1 F3000 X179.478 Y108.748 E638.11785
G0 F9000 X190.61 Y111.249
G1 F3000 X190.91 Y110.128 E638.22235
G1 F2400 E636.22235
G0 F9000 X172.745 Y108.5
G0 X172.286 Y106.691
G0 X167.947 Y106.647
G0 X167.255 Y108.5
G0 X113.5 Y108.5
;TYPE:WALL-INNER
G1 F1200 E638.22235
G1 F3900 X113.5 Y111.5 E638.34084
G1 X166.5 Y111.5 E640.43415
G1 X166.5 Y108.5 E640.55264
G1 X113.5 Y108.5 E642.64595
G0 F9000 X113 Y108
G1 F3900 X113 Y112 E642.80393
G1 X167 Y112 E644.93674
G1 X167 Y108 E645.09473
G1 X113 Y108 E647.22753
G0 F9000 X112.525 Y107.54
;TYPE:WALL-OUTER
G1 F3000 X112.525 Y112.475 E647.40295
G1 X167.475 Y112.475 E649.35625
G1 X167.475 Y107.525 E649.53221
G1 X112.554 Y107.525 E651.48447
G1 X112.525 Y107.54 E651.48563
G0 F9000 X112.525 Y107.74
G0 X113.195 Y108.195
G0 X113.749 Y110.663
;TYPE:FILL
G1 F3000 X120.889 Y108.749 E652.1513
G0 F9000 X120.467 Y108.748
G1 F3000 X119.797 Y111.249 E652.38446
G0 F9000 X127.151 Y108.75
G1 F3000 X129.652 Y111.25 E652.70291
G0 F9000 X131.599 Y111.25
G1 F3000 X132.269 Y108.748 E652.93616
G0 F9000 X143.273 Y108.75
G1 F3000 X145.774 Y111.25 E653.2546
G0 F9000 X143.401 Y111.249
G1 F3000 X144.071 Y108.749 E653.48768
G0 F9000 X155.203 Y111.249
G1 F3000 X155.874 Y108.748 E653.72086
G0 F9000 X155.607 Y111.249
G1 F3000 X164.936 Y108.749 E654.5906
G0 F9000 X161.896 Y111.25
G1 F3000 X159.396 Y108.75 E654.90898
G1 F2400 E652.90898
G0 F9000 X112.745 Y108.5
G0 X112.286 Y106.691
G0 X107.947 Y106.647
G0 X107.255 Y108.5
G0 X53.5 Y108.5
;TYPE:WALL-INNER
G1 F1200 E654.90898
G1 F3900 X53.5 Y111.5 E655.02747
G1 X106.5 Y111.5 E657.12078
G1 X106.5 Y108.5 E657.23927
G1 X53.5 Y108.5 E659.33258
G0 F9000 X53 Y108
G1 F3900 X53 Y112 E659.49056
G1 X107 Y112 E661.62337
G1 X107 Y108 E661.78135
G1 X53 Y108 E663.91416
G0 F9000 X52.525 Y107.54
;TYPE:WALL-OUTER
G1 F3000 X52.525 Y112.475 E664.08958
G1 X107.475 Y112.475 E666.04288
G1 X107.475 Y107.525 E666.21883
G1 X52.554 Y107.525 E668.1711
G1 X52.525 Y107.54 E668.17226
G0 F9000 X52.525 Y107.74
G0 X53.195 Y108.195
G0 X60.786 Y111.249
;TYPE:FILL
G1 F3000 X61.456 Y108.748 E668.40542
G0 F9000 X62.662 Y108.748
G1 F3000 X65.162 Y111.249 E668.72386
G0 F9000 X67.515 Y111.249
G1 F3000 X76.846 Y108.749 E669.59377
G0 F9000 X78.784 Y108.748
G1 F3000 X81.284 Y111.249 E669.91222
G0 F9000 X84.391 Y111.249
G1 F3000 X85.061 Y108.748 E670.14538
G0 F9000 X94.906 Y108.748
G1 F3000 X97.406 Y111.249 E670.46383
G0 F9000 X96.193 Y111.249
G1 F3000 X96.863 Y108.748 E670.69699
G0 F9000 X73.259 Y108.748
G1 F3000 X72.588 Y111.25 E670.93026
G1 F2400 E668.93026
G0 F9000 X52.745 Y108.5
G0 X52.286 Y106.691
G0 X47.947 Y106.647
G0 X47.255 Y108.5
G0 X28.84 Y108.5
;TYPE:WALL-INNER
G1 F1200 E670.93026
G1 F3900 X28.84 Y111.5 E671.04875
G1 X46.5 Y111.5 E671.74625
G1 X46.5 Y108.5 E671.86474
G1 X28.84 Y108.5 E672.56225
G0 F9000 X28.34 Y108
G1 F3900 X28.34 Y112 E672.72024
G1 X47 Y112 E673.45724
G1 X47 Y108 E673.61522
G1 X28.34 Y108 E674.35223
G0 F9000 X27.864 Y107.54
;TYPE:WALL-OUTER
G1 F3000 X27.865 Y112.475 E674.52765
G1 X47.475 Y112.475 E675.22472
G1 X47.475 Y107.525 E675.40068
G1 X27.893 Y107.525 E676.09676
G1 X27.864 Y107.54 E676.09792
G0 F9000 X27.864 Y107.74
G0 X28.534 Y108.195
G0 X29.09 Y109.743
;TYPE:FILL
G1 F3000 X32.8 Y108.749 E676.44379
G0 F9000 X30.419 Y108.749
G1 F3000 X32.918 Y111.249 E676.76211
G0 F9000 X37.182 Y111.25
G1 F3000 X37.852 Y108.749 E676.99527
G1 F2400 E674.99527
;MESH:NONMESH
G0 F600 X37.852 Y108.749 Z2.48
G0 F9000 X47.261 Y107.739
G0 X48.825 Y107.525
;TIME_ELAPSED:718.651382
;LAYER:11
;TYPE:SUPPORT
G1 F1200 E676.99527
G1 F3000 X48.825 Y112.475 E677.17123
G1 X51.175 Y112.475 E677.25476
G1 X51.175 Y107.525 E677.43072
G1 X48.825 Y107.525 E677.51425
G1 F2400 E675.51425
G0 F9000 X48.825 Y106.635
G0 X28.086 Y106.637
G0 X27.539 Y106.913
G0 X27.379 Y107.394
G0 X27.381 Y112.657
G0 X27.657 Y113.204
G0 X28.045 Y113.333
G0 X49.5 Y113.365
G0 X49.5 Y112.025
G0 X49.5 Y113.365
G0 X28.138 Y113.364
G0 X27.657 Y113.204
G0 X27.381 Y112.657
G0 X27.379 Y107.394
G0 X27.539 Y106.913
G0 X28.031 Y106.665
G0 X49.275 Y106.635
G0 X49.275 Y107.975
G1 F1200 E677.51425
G1 F3000 X49.5 Y107.975 E677.52225
G1 X50.725 Y107.975 E677.5658
G1 X50.725 Y112.025 E677.70976
G1 X49.5 Y112.025 E677.75331
G1 X49.275 Y112.025 E677.7613
G1 X49.275 Y107.975 E677.90527
G0 F9000 X49.5 Y107.975
G1 F3000 X49.5 Y112.025 E678.04923
G1 F2400 E676.04923
G0 F9000 X49.5 Y113.365
G0 X28.138 Y113.364
G0 X27.657 Y113.204
G0 X27.381 Y112.657
G0 X27.379 Y107.394
G0 X27.539 Y106.913
G0 X28.086 Y106.637
G0 X107.606 Y106.636
G0 X107.952 Y106.766
G0 X108.825 Y107.525
G1 F1200 E678.04923
G1 F3000 X108.825 Y112.475 E678.22519
G1 X111.175 Y112.475 E678.30872
G1 X111.175 Y107.525 E678.48468
G1 X108.825 Y107.525 E678.56822
G1 F2400 E676.56822
G0 F9000 X108.825 Y106.635
G0 X28.086 Y106.637
G0 X27.539 Y106.913
G0 X27.379 Y107.394
G0 X27.381 Y112.657
G0 X27.657 Y113.204
G0 X28.045 Y113.333
G0 X110.25 Y113.365
G0 X110.25 Y112.025
G0 X110.25 Y113.365
G0 X28.138 Y113.364
G0 X27.657 Y113.204
G0 X27.381 Y112.657
G0 X27.379 Y107.394
G0 X27.539 Y106.913
G0 X28.031 Y106.665
G0 X109.275 Y106.635
G0 X109.275 Y107.975
G1 F1200 E678.56822
G1 F3000 X110.25 Y107.975 E678.60287
G1 X110.725 Y107.975 E678.61976
G1 X110.725 Y112.025 E678.76372
G1 X110.25 Y112.025 E678.78061
G1 X109.275 Y112.025 E678.81527
G1 X109.275 Y107.975 E678.95923
G0 F9000 X110.25 Y107.975
G1 F3000 X110.25 Y112.025 E679.10319
G1 F2400 E677.10319
G0 F9000 X110.25 Y113.365
G0 X191.914 Y113.363
G0 X192.461 Y113.087
G0 X192.621 Y112.606
G0 X192.619 Y107.343
G0 X192.343 Y106.796
G0 X191.862 Y106.636
G0 X167.947 Y106.647
G0 X168.825 Y107.525
G1 F1200 E679.10319
G1 F3000 X168.825 Y112.475 E679.27915
G1 X171.175 Y112.475 E679.36269
G1 X171.175 Y107.525 E679.53864
G1 X168.825 Y107.525 E679.62218
G0 F9000 X170.725 Y107.975
G0 X169.275 Y107.975
G1 F3000 X170.725 Y107.975 E679.67372
G1 X170.725 Y112.025 E679.81768
G1 X169.275 Y112.025 E679.86923
G1 X169.275 Y107.975 E680.01319
G1 F2400 E678.01319
;MESH:Horiz_1_edged.stl
G0 F9000 X169.275 Y106.635
G0 X172.307 Y106.652
G0 X172.745 Y107.975
G0 X173.5 Y108.5
;TYPE:WALL-INNER
G1 F1200 E680.01319
G1 F3900 X173.5 Y111.5 E680.13168
G1 X190.757 Y111.5 E680.81327
G1 X190.757 Y108.499 E680.9318
G1 X173.5 Y108.5 E681.61339
G0 F9000 X173 Y108
G1 F3900 X173 Y112 E681.77137
G1 X191.257 Y112 E682.49246
G1 X191.257 Y107.999 E682.65048
G1 X173 Y108 E683.37157
G0 F9000 X172.525 Y107.54
;TYPE:WALL-OUTER
G1 F3000 X172.525 Y112.475 E683.54699
G1 X191.732 Y112.475 E684.22974
G1 X191.731 Y107.525 E684.4057
G1 X172.554 Y107.525 E685.08738
G1 X172.525 Y107.54 E685.08854
G0 F9000 X172.525 Y107.74
G0 X173.195 Y108.195
G0 X190.464 Y111.249
;TYPE:FILL
G1 F3000 X190.506 Y111.092 E685.09586
G1 F2400 E683.09586
G0 F9000 X172.745 Y108.5
G0 X172.286 Y106.691
G0 X167.947 Y106.647
G0 X167.255 Y108.5
G0 X113.5 Y108.5
;TYPE:WALL-INNER
G1 F1200 E685.09586
G1 F3900 X113.5 Y111.5 E685.21435
G1 X166.5 Y111.5 E687.30766
G1 X166.5 Y108.5 E687.42614
G1 X113.5 Y108.5 E689.51945
G0 F9000 X113 Y108
G1 F3900 X113 Y112 E689.67744
G1 X167 Y112 E691.81025
G1 X167 Y108 E691.96823
G1 X113 Y108 E694.10104
G0 F9000 X112.525 Y107.54
;TYPE:WALL-OUTER
G1 F3000 X112.525 Y112.475 E694.27646
G1 X167.475 Y112.475 E696.22976
G1 X167.475 Y107.525 E696.40571
G1 X112.554 Y107.525 E698.35798
G1 X112.525 Y107.54 E698.35914
G0 F9000 X112.525 Y107.74
G0 X113.625 Y108.478
G1 F2400 E696.35914
G0 F9000 X112.745 Y108.5
G0 X112.286 Y106.691
G0 X107.947 Y106.647
G0 X107.255 Y108.5
G0 X53.5 Y108.5
;TYPE:WALL-INNER
G1 F1200 E698.35914
G1 F3900 X53.5 Y111.5 E698.47763
G1 X106.5 Y111.5 E700.57094
G1 X106.5 Y108.5 E700.68943
G1 X53.5 Y108.5 E702.78274
G0 F9000 X53 Y108
G1 F3900 X53 Y112 E702.94072
G1 X107 Y112 E705.07353
G1 X107 Y108 E705.23151
G1 X53 Y108 E707.36432
G0 F9000 X52.525 Y107.54
;TYPE:WALL-OUTER
G1 F3000 X52.525 Y112.475 E707.53974
G1 X107.475 Y112.475 E709.49304
G1 X107.475 Y107.525 E709.66899
G1 X52.554 Y107.525 E711.62126
G1 X52.525 Y107.54 E711.62242
G0 F9000 X52.525 Y107.74
G0 X53.625 Y108.478
G1 F2400 E709.62242
G0 F9000 X52.745 Y108.5
G0 X52.286 Y106.691
G0 X47.947 Y106.647
G0 X47.255 Y108.5
G0 X29.244 Y108.5
;TYPE:WALL-INNER
G1 F1200 E711.62242
G1 F3900 X29.244 Y111.5 E711.74091
G1 X46.5 Y111.5 E712.42246
G1 X46.5 Y108.5 E712.54095
G1 X29.244 Y108.5 E713.2225
G0 F9000 X28.744 Y108
G1 F3900 X28.744 Y112 E713.38048
G1 X47 Y112 E714.10153
G1 X47 Y108 E714.25951
G1 X28.744 Y108 E714.98056
G0 F9000 X28.268 Y107.54
;TYPE:WALL-OUTER
G1 F3000 X28.269 Y112.475 E715.15598
G1 X47.475 Y112.475 E715.8387
G1 X47.475 Y107.525 E716.01465
G1 X28.297 Y107.525 E716.69637
G1 X28.268 Y107.54 E716.69753
G0 F9000 X28.268 Y107.74
G0 X28.938 Y108.195
G0 X29.494 Y109.78
;TYPE:FILL
G1 F3000 X29.897 Y109.673 E716.7163
G1 F2400 E714.7163
;MESH:NONMESH
G0 F600 X29.897 Y109.673 Z2.68
G0 F9000 X47.261 Y107.739
G0 X48.825 Y107.525
;TIME_ELAPSED:756.019739
;LAYER:12
;TYPE:SUPPORT
G1 F1200 E716.7163
G1 F3000 X48.825 Y112.475 E716.89226
G1 X51.175 Y112.475 E716.97579
G1 X51.175 Y107.525 E717.15175
G1 X48.825 Y107.525 E717.23529
G1 F2400 E715.23529
G0 F9000 X48.825 Y106.635
G0 X28.49 Y106.637
G0 X27.943 Y106.913
G0 X27.783 Y107.394
G0 X27.785 Y112.657
G0 X28.061 Y113.204
G0 X28.449 Y113.333
G0 X49.5 Y113.365
G0 X49.5 Y112.025
G0 X49.5 Y113.365
G0 X28.542 Y113.364
G0 X28.061 Y113.204
G0 X27.785 Y112.657
G0 X27.783 Y107.394
G0 X27.943 Y106.913
G0 X28.435 Y106.665
G0 X49.275 Y106.635
G0 X49.275 Y107.975
G1 F1200 E717.23529
G1 F3000 X49.5 Y107.975 E717.24328
G1 X50.725 Y107.975 E717.28683
G1 X50.725 Y112.025 E717.43079
G1 X49.5 Y112.025 E717.47434
G1 X49.275 Y112.025 E717.48234
G1 X49.275 Y107.975 E717.6263
G0 F9000 X49.5 Y107.975
G1 F3000 X49.5 Y112.025 E717.77026
G1 F2400 E715.77026
G0 F9000 X49.5 Y113.365
G0 X28.542 Y113.364
G0 X28.061 Y113.204
G0 X27.785 Y112.657
G0 X27.783 Y107.394
G0 X27.943 Y106.913
G0 X28.49 Y106.637
G0 X107.606 Y106.636
G0 X107.952 Y106.766
G0 X108.825 Y107.525
G1 F1200 E717.77026
G1 F3000 X108.825 Y112.475 E717.94622
G1 X111.175 Y112.475 E718.02976
G1 X111.175 Y107.525 E718.20571
G1 X108.825 Y107.525 E718.28925
G1 F2400 E716.28925
G0 F9000 X108.825 Y106.635
G0 X28.49 Y106.637
G0 X27.943 Y106.913
G0 X27.783 Y107.394
G0 X27.785 Y112.657
G0 X28.061 Y113.204
G0 X28.449 Y113.333
G0 X110.25 Y113.365
G0 X110.25 Y112.025
G0 X110.25 Y113.365
G0 X28.542 Y113.364
G0 X28.061 Y113.204
G0 X27.785 Y112.657
G0 X27.783 Y107.394
G0 X27.943 Y106.913
G0 X28.435 Y106.665
G0 X109.275 Y106.635
G0 X109.275 Y107.975
G1 F1200 E718.28925
G1 F3000 X110.25 Y107.975 E718.32391
G1 X110.725 Y107.975 E718.34079
G1 X110.725 Y112.025 E718.48475
G1 X110.25 Y112.025 E718.50164
G1 X109.275 Y112.025 E718.5363
G1 X109.275 Y107.975 E718.68026
G0 F9000 X110.25 Y107.975
G1 F3000 X110.25 Y112.025 E718.82423
G1 F2400 E716.82423
G0 F9000 X110.25 Y113.365
G0 X191.51 Y113.363
G0 X192.057 Y113.087
G0 X192.217 Y112.606
G0 X192.215 Y107.343
G0 X191.939 Y106.796
G0 X191.458 Y106.636
G0 X167.947 Y106.647
G0 X168.825 Y107.525
G1 F1200 E718.82423
G1 F3000 X168.825 Y112.475 E719.00018
G1 X171.175 Y112.475 E719.08372
G1 X171.175 Y107.525 E719.25967
G1 X168.825 Y107.525 E719.34321
G0 F9000 X170.725 Y107.975
G0 X169.275 Y107.975
G1 F3000 X170.725 Y107.975 E719.39475
G1 X170.725 Y112.025 E719.53872
G1 X169.275 Y112.025 E719.59026
G1 X169.275 Y107.975 E719.73422
G1 F2400 E717.73422
;MESH:Horiz_1_edged.stl
G0 F9000 X169.275 Y106.635
G0 X172.307 Y106.652
G0 X172.745 Y107.975
G0 X173.5 Y108.5
;TYPE:WALL-INNER
G1 F1200 E719.73422
G1 F3900 X173.5 Y111.5 E719.85271
G1 X190.353 Y111.5 E720.51835
G1 X190.353 Y108.499 E720.63687
G1 X173.5 Y108.5 E721.30251
G0 F9000 X173 Y108
G1 F3900 X173 Y112 E721.46049
G1 X190.853 Y112 E722.16562
G1 X190.853 Y107.999 E722.32365
G1 X173 Y108 E723.02878
G0 F9000 X172.525 Y107.54
;TYPE:WALL-OUTER
G1 F3000 X172.525 Y112.475 E723.2042
G1 X191.328 Y112.475 E723.87259
G1 X191.327 Y107.525 E724.04854
G1 X172.554 Y107.525 E724.71586
G1 X172.525 Y107.54 E724.71702
G0 F9000 X172.525 Y107.74
G0 X173.195 Y108.195
G0 X175.918 Y108.75
;TYPE:FILL
G1 F3000 X178.417 Y111.249 E725.03528
G1 X178.515 Y111.249
G1 X179.185 Y108.749 E725.26835
G1 F2400 E723.26835
G0 F9000 X172.745 Y108.5
G0 X172.286 Y106.691
G0 X167.947 Y106.647
G0 X167.255 Y108.5
G0 X113.5 Y108.5
;TYPE:WALL-INNER
G1 F1200 E725.26835
G1 F3900 X113.5 Y111.5 E725.38684
G1 X166.5 Y111.5 E727.48015
G1 X166.5 Y108.5 E727.59864
G1 X113.5 Y108.5 E729.69195
G0 F9000 X113 Y108
G1 F3900 X113 Y112 E729.84993
G1 X167 Y112 E731.98274
G1 X167 Y108 E732.14073
G1 X113 Y108 E734.27353
G0 F9000 X112.525 Y107.54
;TYPE:WALL-OUTER
G1 F3000 X112.525 Y112.475 E734.44896
G1 X167.475 Y112.475 E736.40225
G1 X167.475 Y107.525 E736.57821
G1 X112.554 Y107.525 E738.53047
G1 X112.525 Y107.54 E738.53163
G0 F9000 X112.525 Y107.74
G0 X113.195 Y108.195
G0 X113.749 Y110.956
;TYPE:FILL
G1 F3000 X121.983 Y108.75 E739.29927
G0 F9000 X120.174 Y108.748
G1 F3000 X119.504 Y111.249 E739.53243
G0 F9000 X113.93 Y111.25
G1 F3000 X113.749 Y111.069 E739.55548
G0 F9000 X127.552 Y108.75
G1 F3000 X130.052 Y111.25 E739.87386
G0 F9000 X131.306 Y111.249
G1 F3000 X131.976 Y108.748 E740.10702
G0 F9000 X143.108 Y111.25
G1 F3000 X143.779 Y108.748 E740.34029
G1 X143.674 Y108.75
G1 X146.174 Y111.25 E740.65868
G0 F9000 X154.91 Y111.249
G1 F3000 X155.581 Y108.748 E740.89186
G0 F9000 X156.701 Y111.249
G1 F3000 X166.029 Y108.749 E741.76151
G0 F9000 X162.296 Y111.25
G1 F3000 X159.796 Y108.75 E742.07989
G1 F2400 E740.07989
G0 F9000 X112.745 Y108.5
G0 X112.286 Y106.691
G0 X107.947 Y106.647
G0 X107.255 Y108.5
G0 X53.5 Y108.5
;TYPE:WALL-INNER
G1 F1200 E742.07989
G1 F3900 X53.5 Y111.5 E742.19838
G1 X106.5 Y111.5 E744.29169
G1 X106.5 Y108.5 E744.41018
G1 X53.5 Y108.5 E746.50349
G0 F9000 X53 Y108
G1 F3900 X53 Y112 E746.66147
G1 X107 Y112 E748.79428
G1 X107 Y108 E748.95227
G1 X53 Y108 E751.08507
G0 F9000 X52.525 Y107.54
;TYPE:WALL-OUTER
G1 F3000 X52.525 Y112.475 E751.2605
G1 X107.475 Y112.475 E753.21379
G1 X107.475 Y107.525 E753.38975
G1 X52.554 Y107.525 E755.34201
G1 X52.525 Y107.54 E755.34317
G0 F9000 X52.525 Y107.74
G0 X53.195 Y108.195
G0 X61.163 Y108.748
;TYPE:FILL
G1 F3000 X60.493 Y111.249 E755.57633
G0 F9000 X63.062 Y108.748
G1 F3000 X65.562 Y111.249 E755.89478
G0 F9000 X68.608 Y111.249
G1 F3000 X77.94 Y108.749 E756.76477
G0 F9000 X79.184 Y108.748
G1 F3000 X81.684 Y111.249 E757.08322
G0 F9000 X84.097 Y111.249
G1 F3000 X84.768 Y108.748 E757.3164
G0 F9000 X95.306 Y108.748
G1 F3000 X97.807 Y111.249 E757.63491
G0 F9000 X95.9 Y111.249
G1 F3000 X96.57 Y108.748 E757.86807
G0 F9000 X72.966 Y108.748
G1 F3000 X72.295 Y111.249 E758.10126
G1 F2400 E756.10126
G0 F9000 X52.745 Y108.5
G0 X52.286 Y106.691
G0 X47.947 Y106.647
G0 X47.255 Y108.5
G0 X29.648 Y108.5
;TYPE:WALL-INNER
G1 F1200 E758.10126
G1 F3900 X29.648 Y111.5 E758.21975
G1 X46.5 Y111.5 E758.88534
G1 X46.5 Y108.5 E759.00383
G1 X29.648 Y108.5 E759.66942
G0 F9000 X29.148 Y108
G1 F3900 X29.148 Y112 E759.82741
G1 X47 Y112 E760.5325
G1 X47 Y108 E760.69048
G1 X29.148 Y108 E761.39557
G0 F9000 X28.672 Y107.54
;TYPE:WALL-OUTER
G1 F3000 X28.673 Y112.475 E761.571
G1 X47.475 Y112.475 E762.23935
G1 X47.475 Y107.525 E762.4153
G1 X28.701 Y107.525 E763.08266
G1 X28.672 Y107.54 E763.08382
G0 F9000 X28.672 Y107.74
G0 X29.342 Y108.195
G0 X30.819 Y108.749
;TYPE:FILL
G1 F3000 X33.318 Y111.249 E763.40214
G0 F9000 X33.893 Y108.749
G1 F3000 X29.897 Y109.82 E763.77469
G0 F9000 X36.889 Y111.249
G1 F3000 X37.559 Y108.749 E764.00776
G1 F2400 E762.00776
;MESH:NONMESH
G0 F600 X37.559 Y108.749 Z2.88
G0 F9000 X47.261 Y107.739
G0 X48.825 Y107.525
;TIME_ELAPSED:799.491342
;LAYER:13
;TYPE:SUPPORT
G1 F1200 E764.00776
G1 F3000 X48.825 Y112.475 E764.18372
G1 X51.175 Y112.475 E764.26725
G1 X51.175 Y107.525 E764.44321
G1 X48.825 Y107.525 E764.52674
G1 F2400 E762.52674
G0 F9000 X48.825 Y106.635
G0 X28.894 Y106.637
G0 X28.347 Y106.913
G0 X28.187 Y107.394
G0 X28.189 Y112.657
G0 X28.465 Y113.204
G0 X28.853 Y113.333
G0 X49.5 Y113.365
G0 X49.5 Y112.025
G0 X49.5 Y113.365
G0 X28.946 Y113.364
G0 X28.465 Y113.204
G0 X28.189 Y112.657
G0 X28.187 Y107.394
G0 X28.347 Y106.913
G0 X28.839 Y106.665
G0 X49.275 Y106.635
G0 X49.275 Y107.975
G1 F1200 E764.52674
G1 F3000 X49.5 Y107.975 E764.53474
G1 X50.725 Y107.975 E764.57829
G1 X50.725 Y112.025 E764.72225
G1 X49.5 Y112.025 E764.76579
G1 X49.275 Y112.025 E764.77379
G1 X49.275 Y107.975 E764.91776
G0 F9000 X49.5 Y107.975
G1 F3000 X49.5 Y112.025 E765.06172
G1 F2400 E763.06172
G0 F9000 X49.5 Y113.365
G0 X28.946 Y113.364
G0 X28.465 Y113.204
G0 X28.189 Y112.657
G0 X28.187 Y107.394
G0 X28.347 Y106.913
G0 X28.894 Y106.637
G0 X107.606 Y106.636
G0 X107.952 Y106.766
G0 X108.825 Y107.525
G1 F1200 E765.06172
G1 F3000 X108.825 Y112.475 E765.23768
G1 X111.175 Y112.475 E765.32121
G1 X111.175 Y107.525 E765.49717
G1 X108.825 Y107.525 E765.5807
G1 F2400 E763.5807
G0 F9000 X108.825 Y106.635
G0 X28.894 Y106.637
G0 X28.347 Y106.913
G0 X28.187 Y107.394
G0 X28.189 Y112.657
G0 X28.465 Y113.204
G0 X28.853 Y113.333
G0 X110.25 Y113.365
G0 X110.25 Y112.025
G0 X110.25 Y113.365
G0 X28.946 Y113.364
G0 X28.465 Y113.204
G0 X28.189 Y112.657
G0 X28.187 Y107.394
G0 X28.347 Y106.913
G0 X28.839 Y106.665
G0 X109.275 Y106.635
G0 X109.275 Y107.975
G1 F1200 E765.5807
G1 F3000 X110.25 Y107.975 E765.61536
G1 X110.725 Y107.975 E765.63225
G1 X110.725 Y112.025 E765.77621
G1 X110.25 Y112.025 E765.7931
G1 X109.275 Y112.025 E765.82775
G1 X109.275 Y107.975 E765.97172
G0 F9000 X110.25 Y107.975
G1 F3000 X110.25 Y112.025 E766.11568
G1 F2400 E764.11568
G0 F9000 X110.25 Y113.365
G0 X191.106 Y113.363
G0 X191.653 Y113.087
G0 X191.813 Y112.606
G0 X191.811 Y107.343
G0 X191.535 Y106.796
G0 X191.054 Y106.636
G0 X167.947 Y106.647
G0 X168.825 Y107.525
G1 F1200 E766.11568
G1 F3000 X168.825 Y112.475 E766.29164
G1 X171.175 Y112.475 E766.37517
G1 X171.175 Y107.525 E766.55113
G1 X168.825 Y107.525 E766.63467
G0 F9000 X170.725 Y107.975
G0 X169.275 Y107.975
G1 F3000 X170.725 Y107.975 E766.68621
G1 X170.725 Y112.025 E766.83017
G1 X169.275 Y112.025 E766.88172
G1 X169.275 Y107.975 E767.02568
G1 F2400 E765.02568
;MESH:Horiz_1_edged.stl
G0 F9000 X169.275 Y106.635
G0 X172.307 Y106.652
G0 X172.745 Y107.975
G0 X173.5 Y108.5
;TYPE:WALL-INNER
G1 F1200 E767.02568
G1 F3900 X173.5 Y111.5 E767.14417
G1 X189.949 Y111.5 E767.79385
G1 X189.949 Y108.499 E767.91237
G1 X173.5 Y108.5 E768.56205
G0 F9000 X173 Y108
G1 F3900 X173 Y112 E768.72004
G1 X190.449 Y112 E769.40921
G1 X190.449 Y107.999 E769.56723
G1 X173 Y108 E770.25641
G0 F9000 X172.525 Y107.54
;TYPE:WALL-OUTER
G1 F3000 X172.525 Y112.475 E770.43183
G1 X190.924 Y112.475 E771.08586
G1 X190.923 Y107.525 E771.26181
G1 X172.554 Y107.525 E771.91477
G1 X172.525 Y107.54 E771.91593
G0 F9000 X172.525 Y107.74
G0 X173.625 Y108.478
G1 F2400 E769.91593
G0 F9000 X172.745 Y108.5
G0 X172.286 Y106.691
G0 X167.947 Y106.647
G0 X167.255 Y108.5
G0 X113.5 Y108.5
;TYPE:WALL-INNER
G1 F1200 E771.91593
G1 F3900 X113.5 Y111.5 E772.03442
G1 X166.5 Y111.5 E774.12773
G1 X166.5 Y108.5 E774.24622
G1 X113.5 Y108.5 E776.33953
G0 F9000 X113 Y108
G1 F3900 X113 Y112 E776.49752
G1 X167 Y112 E778.63032
G1 X167 Y108 E778.78831
G1 X113 Y108 E780.92111
G0 F9000 X112.525 Y107.54
;TYPE:WALL-OUTER
G1 F3000 X112.525 Y112.475 E781.09654
G1 X167.475 Y112.475 E783.04983
G1 X167.475 Y107.525 E783.22579
G1 X112.554 Y107.525 E785.17805
G1 X112.525 Y107.54 E785.17921
G0 F9000 X112.525 Y107.74
G0 X113.625 Y108.478
G1 F2400 E783.17921
G0 F9000 X112.745 Y108.5
G0 X112.286 Y106.691
G0 X107.947 Y106.647
G0 X107.255 Y108.5
G0 X53.5 Y108.5
;TYPE:WALL-INNER
G1 F1200 E785.17921
G1 F3900 X53.5 Y111.5 E785.2977
G1 X106.5 Y111.5 E787.39101
G1 X106.5 Y108.5 E787.5095
G1 X53.5 Y108.5 E789.60281
G0 F9000 X53 Y108
G1 F3900 X53 Y112 E789.7608
G1 X107 Y112 E791.8936
G1 X107 Y108 E792.05159
G1 X53 Y108 E794.18439
G0 F9000 X52.525 Y107.54
;TYPE:WALL-OUTER
G1 F3000 X52.525 Y112.475 E794.35982
G1 X107.475 Y112.475 E796.31311
G1 X107.475 Y107.525 E796.48907
G1 X52.554 Y107.525 E798.44133
G1 X52.525 Y107.54 E798.44249
G0 F9000 X52.525 Y107.74
G0 X53.625 Y108.478
G1 F2400 E796.44249
G0 F9000 X52.745 Y108.5
G0 X52.286 Y106.691
G0 X47.947 Y106.647
G0 X47.255 Y108.5
G0 X30.052 Y108.5
;TYPE:WALL-INNER
G1 F1200 E798.44249
G1 F3900 X30.052 Y111.5 E798.56098
G1 X46.5 Y111.5 E799.21062
G1 X46.5 Y108.5 E799.32911
G1 X30.052 Y108.5 E799.97875
G0 F9000 X29.552 Y108
G1 F3900 X29.552 Y112 E800.13673
G1 X47 Y112 E800.82587
G1 X47 Y108 E800.98385
G1 X29.552 Y108 E801.67298
G0 F9000 X29.076 Y107.54
;TYPE:WALL-OUTER
G1 F3000 X29.077 Y112.475 E801.84841
G1 X47.475 Y112.475 E802.5024
G1 X47.475 Y107.525 E802.67835
G1 X29.105 Y107.525 E803.33135
G1 X29.076 Y107.54 E803.33251
G0 F9000 X29.076 Y107.74
G0 X29.746 Y108.195
G0 X30.301 Y109.857
;TYPE:FILL
G1 F3000 X30.728 Y109.743 E803.35241
G1 F2400 E801.35241
;MESH:NONMESH
G0 F600 X30.728 Y109.743 Z3.08
G0 F9000 X47.261 Y107.739
G0 X48.825 Y107.525
;TIME_ELAPSED:836.048152
;LAYER:14
;TYPE:SUPPORT
G1 F1200 E803.35241
G1 F3000 X48.825 Y112.475 E803.52836
G1 X51.175 Y112.475 E803.6119
G1 X51.175 Y107.525 E803.78786
G1 X48.825 Y107.525 E803.87139
G1 F2400 E801.87139
G0 F9000 X48.825 Y106.635
G0 X29.323 Y106.637
G0 X28.776 Y106.913
G0 X28.616 Y107.394
G0 X28.617 Y112.657
G0 X28.893 Y113.204
G0 X29.281 Y113.333
G0 X49.5 Y113.365
G0 X49.5 Y112.025
G0 X49.5 Y113.365
G0 X29.374 Y113.364
G0 X28.893 Y113.204
G0 X28.617 Y112.657
G0 X28.616 Y107.394
G0 X28.776 Y106.913
G0 X29.268 Y106.665
G0 X49.275 Y106.635
G0 X49.275 Y107.975
G1 F1200 E803.87139
G1 F3000 X49.5 Y107.975 E803.87939
G1 X50.725 Y107.975 E803.92293
G1 X50.725 Y112.025 E804.0669
G1 X49.5 Y112.025 E804.11044
G1 X49.275 Y112.025 E804.11844
G1 X49.275 Y107.975 E804.26241
G0 F9000 X49.5 Y107.975
G1 F3000 X49.5 Y112.025 E804.40637
G1 F2400 E802.40637
G0 F9000 X49.5 Y113.365
G0 X29.374 Y113.364
G0 X28.893 Y113.204
G0 X28.617 Y112.657
G0 X28.616 Y107.394
G0 X28.776 Y106.913
G0 X29.323 Y106.637
G0 X107.606 Y106.636
G0 X107.952 Y106.766
G0 X108.825 Y107.525
G1 F1200 E804.40637
G1 F3000 X108.825 Y112.475 E804.58233
G1 X111.175 Y112.475 E804.66586
G1 X111.175 Y107.525 E804.84182
G1 X108.825 Y107.525 E804.92535
G1 F2400 E802.92535
G0 F9000 X108.825 Y106.635
G0 X29.323 Y106.637
G0 X28.776 Y106.913
G0 X28.616 Y107.394
G0 X28.617 Y112.657
G0 X28.893 Y113.204
G0 X29.281 Y113.333
G0 X110.25 Y113.365
G0 X110.25 Y112.025
G0 X110.25 Y113.365
G0 X29.374 Y113.364
G0 X28.893 Y113.204
G0 X28.617 Y112.657
G0 X28.616 Y107.394
G0 X28.776 Y106.913
G0 X29.268 Y106.665
G0 X109.275 Y106.635
G0 X109.275 Y107.975
G1 F1200 E804.92535
G1 F3000 X110.25 Y107.975 E804.96001
G1 X110.725 Y107.975 E804.9769
G1 X110.725 Y112.025 E805.12086
G1 X110.25 Y112.025 E805.13774
G1 X109.275 Y112.025 E805.1724
G1 X109.275 Y107.975 E805.31637
G0 F9000 X110.25 Y107.975
G1 F3000 X110.25 Y112.025 E805.46033
G1 F2400 E803.46033
G0 F9000 X110.25 Y113.365
G0 X190.677 Y113.363
G0 X191.224 Y113.087
G0 X191.384 Y112.606
G0 X191.383 Y107.343
G0 X191.107 Y106.796
G0 X190.626 Y106.636
G0 X167.947 Y106.647
G0 X168.825 Y107.525
G1 F1200 E805.46033
G1 F3000 X168.825 Y112.475 E805.63629
G1 X171.175 Y112.475 E805.71982
G1 X171.175 Y107.525 E805.89578
G1 X168.825 Y107.525 E805.97931
G0 F9000 X170.725 Y107.975
G0 X169.275 Y107.975
G1 F3000 X170.725 Y107.975 E806.03086
G1 X170.725 Y112.025 E806.17482
G1 X169.275 Y112.025 E806.22636
G1 X169.275 Y107.975 E806.37033
G1 F2400 E804.37033
;MESH:Horiz_1_edged.stl
G0 F9000 X169.275 Y106.635
G0 X172.307 Y106.652
G0 X172.745 Y107.975
G0 X173.5 Y108.5
;TYPE:WALL-INNER
G1 F1200 E806.37033
G1 F3900 X173.5 Y111.5 E806.48882
G1 X189.52 Y111.5 E807.12155
G1 X189.52 Y108.5 E807.24004
G1 X173.5 Y108.5 E807.87277
G0 F9000 X173 Y108
G1 F3900 X173 Y112 E808.03076
G1 X190.02 Y112 E808.70299
G1 X190.02 Y108 E808.86097
G1 X173 Y108 E809.5332
G0 F9000 X172.554 Y107.525
;TYPE:WALL-OUTER
G1 F3000 X172.525 Y107.562 E809.53487
G1 X172.525 Y112.475 E809.70951
G1 X190.495 Y112.475 E810.34829
G1 X190.495 Y107.525 E810.52425
G1 X172.554 Y107.525 E811.16199
G0 F9000 X172.525 Y107.562
G0 X172.525 Y107.715
G0 X173.195 Y108.195
G0 X176.317 Y108.75
;TYPE:FILL
G1 F3000 X178.816 Y111.249 E811.48024
G0 F9000 X178.223 Y111.25
G1 F3000 X178.893 Y108.748 E811.71349
G1 F2400 E809.71349
G0 F9000 X172.745 Y108.5
G0 X172.286 Y106.691
G0 X167.947 Y106.647
G0 X167.255 Y108.5
G0 X113.5 Y108.5
;TYPE:WALL-INNER
G1 F1200 E811.71349
G1 F3900 X113.5 Y111.5 E811.83198
G1 X166.5 Y111.5 E813.92529
G1 X166.5 Y108.5 E814.04378
G1 X113.5 Y108.5 E816.13709
G0 F9000 X113 Y108
G1 F3900 X113 Y112 E816.29508
G1 X167 Y112 E818.42788
G1 X167 Y108 E818.58587
G1 X113 Y108 E820.71867
G0 F9000 X112.525 Y107.54
;TYPE:WALL-OUTER
G1 F3000 X112.525 Y112.475 E820.8941
G1 X167.475 Y112.475 E822.84739
G1 X167.475 Y107.525 E823.02335
G1 X112.554 Y107.525 E824.97561
G1 X112.525 Y107.54 E824.97677
G0 F9000 X112.525 Y107.74
G0 X113.195 Y108.195
G0 X113.749 Y110.67
;TYPE:FILL
G1 F3000 X114.329 Y111.25 E825.05064
G0 F9000 X113.75 Y111.248
G1 F3000 X123.073 Y108.749 E825.91983
G0 F9000 X119.882 Y108.748
G1 F3000 X119.212 Y111.25 E826.15308
G0 F9000 X127.95 Y108.75
G1 F3000 X130.451 Y111.25 E826.47152
G0 F9000 X131.014 Y111.249
G1 F3000 X131.684 Y108.749 E826.7046
G0 F9000 X142.816 Y111.249
G1 F3000 X143.486 Y108.748 E826.93776
G0 F9000 X144.073 Y108.75
G1 F3000 X146.573 Y111.25 E827.25614
G0 F9000 X154.618 Y111.25
G1 F3000 X155.289 Y108.748 E827.48941
G0 F9000 X157.791 Y111.249
G1 F3000 X166.248 Y108.983 E828.27784
G0 F9000 X162.695 Y111.25
G1 F3000 X160.195 Y108.75 E828.59622
G1 F2400 E826.59622
G0 F9000 X112.745 Y108.5
G0 X112.286 Y106.691
G0 X107.947 Y106.647
G0 X107.255 Y108.5
G0 X53.5 Y108.5
;TYPE:WALL-INNER
G1 F1200 E828.59622
G1 F3900 X53.5 Y111.5 E828.71471
G1 X106.5 Y111.5 E830.80802
G1 X106.5 Y108.5 E830.92651
G1 X53.5 Y108.5 E833.01982
G0 F9000 X53 Y108
G1 F3900 X53 Y112 E833.17781
G1 X107 Y112 E835.31061
G1 X107 Y108 E835.4686
G1 X53 Y108 E837.6014
G0 F9000 X52.525 Y107.54
;TYPE:WALL-OUTER
G1 F3000 X52.525 Y112.475 E837.77683
G1 X107.475 Y112.475 E839.73012
G1 X107.475 Y107.525 E839.90608
G1 X52.554 Y107.525 E841.85834
G1 X52.525 Y107.54 E841.8595
G0 F9000 X52.525 Y107.74
G0 X53.195 Y108.195
G0 X60.872 Y108.748
;TYPE:FILL
G1 F3000 X60.201 Y111.25 E842.09278
G0 F9000 X63.461 Y108.748
G1 F3000 X65.961 Y111.249 E842.41122
G0 F9000 X69.698 Y111.249
G1 F3000 X79.03 Y108.749 E843.28122
G0 F9000 X79.583 Y108.748
G1 F3000 X82.083 Y111.249 E843.59966
G0 F9000 X83.806 Y111.249
G1 F3000 X84.476 Y108.748 E843.83282
G0 F9000 X95.705 Y108.748
G1 F3000 X98.205 Y111.249 E844.15127
G0 F9000 X95.608 Y111.249
G1 F3000 X96.278 Y108.748 E844.38443
G0 F9000 X72.674 Y108.748
G1 F3000 X72.003 Y111.249 E844.61761
G1 F2400 E842.61761
G0 F9000 X52.745 Y108.5
G0 X52.286 Y106.691
G0 X47.947 Y106.647
G0 X47.255 Y108.5
G0 X30.48 Y108.5
;TYPE:WALL-INNER
G1 F1200 E844.61761
G1 F3900 X30.48 Y111.5 E844.7361
G1 X46.5 Y111.5 E845.36884
G1 X46.5 Y108.5 E845.48732
G1 X30.48 Y108.5 E846.12006
G0 F9000 X29.98 Y108
G1 F3900 X29.98 Y112 E846.27804
G1 X47 Y112 E846.95027
G1 X47 Y108 E847.10826
G1 X29.98 Y108 E847.78049
G0 F9000 X29.505 Y107.54
;TYPE:WALL-OUTER
G1 F3000 X29.505 Y112.475 E847.95591
G1 X47.475 Y112.475 E848.59469
G1 X47.475 Y107.525 E848.77064
G1 X29.534 Y107.525 E849.40839
G1 X29.505 Y107.54 E849.40955
G0 F9000 X29.505 Y107.74
G0 X30.175 Y108.195
G0 X31.218 Y108.749
;TYPE:FILL
G1 F3000 X33.717 Y111.249 E849.72786
G0 F9000 X34.983 Y108.749
G1 F3000 X30.73 Y109.888 E850.12435
G0 F9000 X36.597 Y111.249
G1 F3000 X37.267 Y108.749 E850.35743
G1 F2400 E848.35743
;MESH:NONMESH
G0 F600 X37.267 Y108.749 Z3.28
G0 F9000 X47.261 Y107.739
G0 X48.825 Y107.525
;TIME_ELAPSED:879.181471
;LAYER:15
;TYPE:SUPPORT
G1 F1200 E850.35743
G1 F3000 X48.825 Y112.475 E850.53338
G1 X51.175 Y112.475 E850.61692
G1 X51.175 Y107.525 E850.79287
G1 X48.825 Y107.525 E850.87641
G1 F2400 E848.87641
G0 F9000 X48.825 Y106.635
G0 X29.764 Y106.637
G0 X29.217 Y106.913
G0 X29.057 Y107.394
G0 X29.058 Y112.657
G0 X29.334 Y113.204
G0 X29.722 Y113.333
G0 X49.5 Y113.365
G0 X49.5 Y112.025
G0 X49.5 Y113.365
G0 X29.815 Y113.364
G0 X29.334 Y113.204
G0 X29.058 Y112.657
G0 X29.057 Y107.394
G0 X29.217 Y106.913
G0 X29.709 Y106.665
G0 X49.275 Y106.635
G0 X49.275 Y107.975
G1 F1200 E850.87641
G1 F3000 X49.5 Y107.975 E850.88441
G1 X50.725 Y107.975 E850.92795
G1 X50.725 Y112.025 E851.07192
G1 X49.5 Y112.025 E851.11546
G1 X49.275 Y112.025 E851.12346
G1 X49.275 Y107.975 E851.26742
G0 F9000 X49.5 Y107.975
G1 F3000 X49.5 Y112.025 E851.41139
G1 F2400 E849.41139
G0 F9000 X49.5 Y113.365
G0 X29.815 Y113.364
G0 X29.334 Y113.204
G0 X29.058 Y112.657
G0 X29.057 Y107.394
G0 X29.217 Y106.913
G0 X29.764 Y106.637
G0 X107.606 Y106.636
G0 X107.952 Y106.766
G0 X108.825 Y107.525
G1 F1200 E851.41139
G1 F3000 X108.825 Y112.475 E851.58734
G1 X111.175 Y112.475 E851.67088
G1 X111.175 Y107.525 E851.84684
G1 X108.825 Y107.525 E851.93037
G1 F2400 E849.93037
G0 F9000 X108.825 Y106.635
G0 X29.764 Y106.637
G0 X29.217 Y106.913
G0 X29.057 Y107.394
G0 X29.058 Y112.657
G0 X29.334 Y113.204
G0 X29.722 Y113.333
G0 X110.25 Y113.365
G0 X110.25 Y112.025
G0 X110.25 Y113.365
G0 X29.815 Y113.364
G0 X29.334 Y113.204
G0 X29.058 Y112.657
G0 X29.057 Y107.394
G0 X29.217 Y106.913
G0 X29.709 Y106.665
G0 X109.275 Y106.635
G0 X109.275 Y107.975
G1 F1200 E851.93037
G1 F3000 X110.25 Y107.975 E851.96503
G1 X110.725 Y107.975 E851.98191
G1 X110.725 Y112.025 E852.12588
G1 X110.25 Y112.025 E852.14276
G1 X109.275 Y112.025 E852.17742
G1 X109.275 Y107.975 E852.32138
G0 F9000 X110.25 Y107.975
G1 F3000 X110.25 Y112.025 E852.46535
G1 F2400 E850.46535
G0 F9000 X110.25 Y113.365
G0 X190.236 Y113.363
G0 X190.783 Y113.087
G0 X190.943 Y112.606
G0 X190.942 Y107.343
G0 X190.666 Y106.796
G0 X190.185 Y106.636
G0 X167.947 Y106.647
G0 X168.825 Y107.525
G1 F1200 E852.46535
G1 F3000 X168.825 Y108.7 E852.50712
G1 X168.825 Y112.475 E852.64131
G1 X171.175 Y112.475 E852.72484
G1 X171.175 Y107.525 E852.9008
G1 X168.825 Y107.525 E852.98433
G0 F9000 X170.725 Y107.975
G0 X169.275 Y107.975
G1 F3000 X170.725 Y107.975 E853.03587
G1 X170.725 Y112.025 E853.17984
G1 X169.275 Y112.025 E853.23138
G1 X169.275 Y107.975 E853.37535
G1 F2400 E851.37535
;MESH:Horiz_1_edged.stl
G0 F9000 X169.275 Y106.635
G0 X172.307 Y106.652
G0 X172.745 Y107.975
G0 X173.5 Y108.5
;TYPE:WALL-INNER
G1 F1200 E853.37535
G1 F3900 X173.5 Y111.5 E853.49384
G1 X189.079 Y111.5 E854.10915
G1 X189.079 Y108.5 E854.22764
G1 X173.5 Y108.5 E854.84295
G0 F9000 X173 Y108
G1 F3900 X173 Y112 E855.00094
G1 X189.579 Y112 E855.65575
G1 X189.579 Y108 E855.81374
G1 X173 Y108 E856.46855
G0 F9000 X172.525 Y107.54
;TYPE:WALL-OUTER
G1 F3000 X172.525 Y112.475 E856.64397
G1 X190.054 Y112.475 E857.26707
G1 X190.054 Y107.525 E857.44303
G1 X172.554 Y107.525 E858.06509
G1 X172.525 Y107.54 E858.06626
G0 F9000 X172.525 Y107.74
G0 X173.625 Y108.478
G1 F2400 E856.06626
G0 F9000 X172.745 Y108.5
G0 X172.286 Y106.691
G0 X167.947 Y106.647
G0 X167.255 Y108.5
G0 X113.5 Y108.5
;TYPE:WALL-INNER
G1 F1200 E858.06626
G1 F3900 X113.5 Y111.5 E858.18474
G1 X166.5 Y111.5 E860.27805
G1 X166.5 Y108.5 E860.39654
G1 X113.5 Y108.5 E862.48985
G0 F9000 X113 Y108
G1 F3900 X113 Y112 E862.64784
G1 X167 Y112 E864.78065
G1 X167 Y108 E864.93863
G1 X113 Y108 E867.07144
G0 F9000 X112.525 Y107.54
;TYPE:WALL-OUTER
G1 F3000 X112.525 Y112.475 E867.24686
G1 X167.475 Y112.475 E869.20016
G1 X167.475 Y107.525 E869.37611
G1 X112.554 Y107.525 E871.32838
G1 X112.525 Y107.54 E871.32954
G0 F9000 X112.525 Y107.74
G0 X113.625 Y108.478
G1 F2400 E869.32954
G0 F9000 X112.745 Y108.5
G0 X112.286 Y106.691
G0 X107.947 Y106.647
G0 X107.255 Y108.5
G0 X53.5 Y108.5
;TYPE:WALL-INNER
G1 F1200 E871.32954
G1 F3900 X53.5 Y111.5 E871.44803
G1 X106.5 Y111.5 E873.54134
G1 X106.5 Y108.5 E873.65982
G1 X53.5 Y108.5 E875.75313
G0 F9000 X53 Y108
G1 F3900 X53 Y112 E875.91112
G1 X107 Y112 E878.04393
G1 X107 Y108 E878.20191
G1 X53 Y108 E880.33472
G0 F9000 X52.525 Y107.54
;TYPE:WALL-OUTER
G1 F3000 X52.525 Y112.475 E880.51014
G1 X107.475 Y112.475 E882.46344
G1 X107.475 Y107.525 E882.63939
G1 X52.554 Y107.525 E884.59166
G1 X52.525 Y107.54 E884.59282
G0 F9000 X52.525 Y107.74
G0 X53.625 Y108.478
G1 F2400 E882.59282
G0 F9000 X52.745 Y108.5
G0 X52.286 Y106.691
G0 X47.947 Y106.647
G0 X47.255 Y108.5
G0 X30.921 Y108.5
;TYPE:WALL-INNER
G1 F1200 E884.59282
G1 F3900 X30.921 Y111.5 E884.71131
G1 X46.5 Y111.5 E885.32662
G1 X46.5 Y108.5 E885.44511
G1 X30.921 Y108.5 E886.06043
G0 F9000 X30.421 Y108
G1 F3900 X30.421 Y112 E886.21841
G1 X47 Y112 E886.87322
G1 X47 Y108 E887.03121
G1 X30.421 Y108 E887.68602
G0 F9000 X29.946 Y107.54
;TYPE:WALL-OUTER
G1 F3000 X29.946 Y112.475 E887.86144
G1 X47.475 Y112.475 E888.48454
G1 X47.475 Y107.525 E888.6605
G1 X29.975 Y107.525 E889.28257
G1 X29.946 Y107.54 E889.28373
G0 F9000 X29.946 Y107.74
G0 X30.616 Y108.195
G0 X31.418 Y108.749
;TYPE:FILL
G1 F3000 X31.613 Y108.943 E889.29611
G0 F9000 X31.612 Y109.799
G1 F3000 X31.17 Y109.917 E889.31671
G1 F2400 E887.31671
;MESH:NONMESH
G0 F600 X31.17 Y109.917 Z3.48
G0 F9000 X47.261 Y107.739
G0 X48.825 Y107.525
;TIME_ELAPSED:915.503151
;LAYER:16
;TYPE:SUPPORT
G1 F1200 E889.31671
G1 F3000 X48.825 Y108.7 E889.35848
G1 X48.825 Y112.475 E889.49267
G1 X51.175 Y112.475 E889.5762
G1 X51.175 Y107.525 E889.75216
G1 X48.825 Y107.525 E889.83569
G1 F2400 E887.83569
G0 F9000 X48.825 Y106.635
G0 X30.206 Y106.637
G0 X29.659 Y106.913
G0 X29.499 Y107.394
G0 X29.5 Y112.657
G0 X29.776 Y113.204
G0 X30.164 Y113.333
G0 X49.5 Y113.365
G0 X49.5 Y112.025
G0 X49.5 Y113.365
G0 X30.257 Y113.364
G0 X29.776 Y113.204
G0 X29.5 Y112.657
G0 X29.499 Y107.394
G0 X29.659 Y106.913
G0 X30.151 Y106.665
G0 X49.275 Y106.635
G0 X49.275 Y107.975
G1 F1200 E889.83569
G1 F3000 X49.5 Y107.975 E889.84369
G1 X50.725 Y107.975 E889.88724
G1 X50.725 Y112.025 E890.0312
G1 X49.5 Y112.025 E890.07475
G1 X49.275 Y112.025 E890.08274
G1 X49.275 Y107.975 E890.22671
G0 F9000 X49.5 Y107.975
G1 F3000 X49.5 Y112.025 E890.37067
G1 F2400 E888.37067
G0 F9000 X49.5 Y113.365
G0 X30.257 Y113.364
G0 X29.776 Y113.204
G0 X29.5 Y112.657
G0 X29.499 Y107.394
G0 X29.659 Y106.913
G0 X30.206 Y106.637
G0 X107.606 Y106.636
G0 X107.952 Y106.766
G0 X108.825 Y107.525
G1 F1200 E890.37067
G1 F3000 X108.825 Y112.475 E890.54663
G1 X111.175 Y112.475 E890.63016
G1 X111.175 Y107.525 E890.80612
G1 X108.825 Y107.525 E890.88965
G1 F2400 E888.88965
G0 F9000 X108.825 Y106.635
G0 X30.206 Y106.637
G0 X29.659 Y106.913
G0 X29.499 Y107.394
G0 X29.5 Y112.657
G0 X29.776 Y113.204
G0 X30.164 Y113.333
G0 X110.25 Y113.365
G0 X110.25 Y112.025
G0 X110.25 Y113.365
G0 X30.257 Y113.364
G0 X29.776 Y113.204
G0 X29.5 Y112.657
G0 X29.499 Y107.394
G0 X29.659 Y106.913
G0 X30.151 Y106.665
G0 X109.275 Y106.635
G0 X109.275 Y107.975
G1 F1200 E890.88965
G1 F3000 X110.25 Y107.975 E890.92431
G1 X110.725 Y107.975 E890.9412
G1 X110.725 Y112.025 E891.08516
G1 X110.25 Y112.025 E891.10205
G1 X109.275 Y112.025 E891.1367
G1 X109.275 Y107.975 E891.28067
G0 F9000 X110.25 Y107.975
G1 F3000 X110.25 Y112.025 E891.42463
G1 F2400 E889.42463
G0 F9000 X110.25 Y113.365
G0 X189.794 Y113.363
G0 X190.341 Y113.087
G0 X190.501 Y112.606
G0 X190.5 Y107.343
G0 X190.224 Y106.796
G0 X189.743 Y106.636
G0 X167.947 Y106.647
G0 X168.825 Y107.525
G1 F1200 E891.42463
G1 F3000 X168.825 Y112.475 E891.60059
G1 X171.175 Y112.475 E891.68413
G1 X171.175 Y107.525 E891.86008
G1 X168.825 Y107.525 E891.94362
G0 F9000 X170.725 Y107.975
G0 X169.275 Y107.975
G1 F3000 X170.725 Y107.975 E891.99516
G1 X170.725 Y112.025 E892.13912
G1 X169.275 Y112.025 E892.19067
G1 X169.275 Y107.975 E892.33463
G1 F2400 E890.33463
;MESH:Horiz_1_edged.stl
G0 F9000 X169.275 Y106.635
G0 X172.307 Y106.652
G0 X172.745 Y107.975
G0 X173.5 Y108.5
;TYPE:WALL-INNER
G1 F1200 E892.33463
G1 F3900 X173.5 Y111.5 E892.45312
G1 X188.637 Y111.5 E893.05098
G1 X188.637 Y108.5 E893.16947
G1 X173.5 Y108.5 E893.76732
G0 F9000 X173 Y108
G1 F3900 X173 Y112 E893.92531
G1 X189.137 Y112 E894.56266
G1 X189.137 Y108 E894.72065
G1 X173 Y108 E895.358
G0 F9000 X172.525 Y107.54
;TYPE:WALL-OUTER
G1 F3000 X172.525 Y112.475 E895.53343
G1 X189.612 Y112.475 E896.14081
G1 X189.612 Y107.525 E896.31677
G1 X172.554 Y107.525 E896.92313
G1 X172.525 Y107.54 E896.92429
G0 F9000 X172.525 Y107.74
G0 X173.195 Y108.195
G0 X176.717 Y108.75
;TYPE:FILL
G1 F3000 X179.216 Y111.249 E897.24254
G0 F9000 X177.93 Y111.25
G1 F3000 X178.6 Y108.748 E897.47579
G1 F2400 E895.47579
G0 F9000 X172.745 Y108.5
G0 X172.286 Y106.691
G0 X167.947 Y106.647
G0 X167.255 Y108.5
G0 X113.5 Y108.5
;TYPE:WALL-INNER
G1 F1200 E897.47579
G1 F3900 X113.5 Y111.5 E897.59428
G1 X166.5 Y111.5 E899.68759
G1 X166.5 Y108.5 E899.80608
G1 X113.5 Y108.5 E901.89939
G0 F9000 X113 Y108
G1 F3900 X113 Y112 E902.05737
G1 X167 Y112 E904.19018
G1 X167 Y108 E904.34816
G1 X113 Y108 E906.48097
G0 F9000 X112.525 Y107.54
;TYPE:WALL-OUTER
G1 F3000 X112.525 Y112.475 E906.65639
G1 X167.475 Y112.475 E908.60969
G1 X167.475 Y107.525 E908.78565
G1 X112.554 Y107.525 E910.73791
G1 X112.525 Y107.54 E910.73907
G0 F9000 X112.525 Y107.74
G0 X113.195 Y108.195
G0 X113.749 Y110.27
;TYPE:FILL
G1 F3000 X114.729 Y111.25 E910.86388
G1 X114.838 Y111.249
G1 X124.166 Y108.749 E911.73352
G0 F9000 X128.351 Y108.75
G1 F3000 X130.851 Y111.25 E912.05191
G1 X130.721 Y111.249
G1 X131.391 Y108.748 E912.28507
G0 F9000 X142.523 Y111.249
G1 F3000 X143.193 Y108.748 E912.51823
G0 F9000 X144.473 Y108.75
G1 F3000 X146.973 Y111.25 E912.83661
G0 F9000 X154.326 Y111.249
G1 F3000 X154.996 Y108.748 E913.06977
G0 F9000 X158.884 Y111.249
G1 F3000 X166.248 Y109.276 E913.7563
G0 F9000 X166.249 Y110.797
G1 F3000 X166.128 Y111.249 E913.79844
G0 F9000 X163.095 Y111.25
G1 F3000 X160.595 Y108.75 E914.11682
G1 F2400 E912.11682
G0 F9000 X119.589 Y108.748
G1 F1200 E914.11682
G1 F3000 X118.919 Y111.249 E914.34998
G1 F2400 E912.34998
G0 F9000 X112.745 Y108.5
G0 X112.286 Y106.691
G0 X107.947 Y106.647
G0 X107.255 Y108.5
G0 X53.5 Y108.5
;TYPE:WALL-INNER
G1 F1200 E914.34998
G1 F3900 X53.5 Y111.5 E914.46847
G1 X106.5 Y111.5 E916.56178
G1 X106.5 Y108.5 E916.68027
G1 X53.5 Y108.5 E918.77358
G0 F9000 X53 Y108
G1 F3900 X53 Y112 E918.93156
G1 X107 Y112 E921.06437
G1 X107 Y108 E921.22236
G1 X53 Y108 E923.35516
G0 F9000 X52.525 Y107.54
;TYPE:WALL-OUTER
G1 F3000 X52.525 Y112.475 E923.53058
G1 X107.475 Y112.475 E925.48388
G1 X107.475 Y107.525 E925.65984
G1 X52.554 Y107.525 E927.6121
G1 X52.525 Y107.54 E927.61326
G0 F9000 X52.525 Y107.74
G0 X53.195 Y108.195
G0 X60.578 Y108.748
;TYPE:FILL
G1 F3000 X59.908 Y111.249 E927.84642
G0 F9000 X63.861 Y108.748
G1 F3000 X66.361 Y111.249 E928.16487
G0 F9000 X70.791 Y111.249
G1 F3000 X80.123 Y108.749 E929.03486
G1 X79.983 Y108.748
G1 X82.484 Y111.249 E929.35337
G0 F9000 X83.513 Y111.249
G1 F3000 X84.183 Y108.748 E929.58653
G0 F9000 X95.315 Y111.25
G1 F3000 X95.985 Y108.748 E929.81978
G1 X96.105 Y108.748
G1 X98.606 Y111.249 E930.13829
G0 F9000 X72.381 Y108.748
G1 F3000 X71.71 Y111.249 E930.37147
G1 F2400 E928.37147
G0 F9000 X52.745 Y108.5
G0 X52.286 Y106.691
G0 X47.947 Y106.647
G0 X47.255 Y108.5
G0 X31.363 Y108.5
;TYPE:WALL-INNER
G1 F1200 E930.37147
G1 F3900 X31.363 Y111.5 E930.48996
G1 X46.5 Y111.5 E931.08782
G1 X46.5 Y108.5 E931.20631
G1 X31.363 Y108.5 E931.80417
G0 F9000 X30.863 Y108
G1 F3900 X30.863 Y112 E931.96215
G1 X47 Y112 E932.59951
G1 X47 Y108 E932.75749
G1 X30.863 Y108 E933.39485
G0 F9000 X30.388 Y107.54
;TYPE:WALL-OUTER
G1 F3000 X30.388 Y112.475 E933.57027
G1 X47.475 Y112.475 E934.17766
G1 X47.475 Y107.525 E934.35361
G1 X30.417 Y107.525 E934.95997
G1 X30.388 Y107.54 E934.96113
G0 F9000 X30.388 Y107.74
G0 X31.058 Y108.195
G0 X31.618 Y108.749
;TYPE:FILL
G1 F3000 X34.117 Y111.249 E935.27945
G0 F9000 X36.304 Y111.25
G1 F3000 X36.974 Y108.749 E935.51261
G0 F9000 X36.075 Y108.749
G1 F3000 X31.613 Y109.945 E935.9286
G1 F2400 E933.9286
;MESH:NONMESH
G0 F600 X31.613 Y109.945 Z3.68
G0 F9000 X47.261 Y107.739
G0 X48.825 Y107.525
;TIME_ELAPSED:958.290343
;LAYER:17
;TYPE:SUPPORT
G1 F1200 E935.9286
G1 F3000 X48.825 Y108.7 E935.97037
G1 X48.825 Y112.475 E936.10456
G1 X51.175 Y112.475 E936.1881
G1 X51.175 Y107.525 E936.36405
G1 X48.825 Y107.525 E936.44759
G1 F2400 E934.44759
G0 F9000 X48.825 Y106.635
G0 X30.647 Y106.637
G0 X30.1 Y106.913
G0 X29.94 Y107.394
G0 X29.941 Y112.657
G0 X30.217 Y113.204
G0 X30.605 Y113.333
G0 X49.5 Y113.365
G0 X49.5 Y112.025
G0 X49.5 Y113.365
G0 X30.698 Y113.364
G0 X30.217 Y113.204
G0 X29.941 Y112.657
G0 X29.94 Y107.394
G0 X30.1 Y106.913
G0 X30.592 Y106.665
G0 X49.275 Y106.635
G0 X49.275 Y107.975
G1 F1200 E936.44759
G1 F3000 X49.5 Y107.975 E936.45559
G1 X50.725 Y107.975 E936.49913
G1 X50.725 Y112.025 E936.64309
G1 X49.5 Y112.025 E936.68664
G1 X49.275 Y112.025 E936.69464
G1 X49.275 Y107.975 E936.8386
G0 F9000 X49.5 Y107.975
G1 F3000 X49.5 Y112.025 E936.98257
G1 F2400 E934.98257
G0 F9000 X49.5 Y113.365
G0 X30.698 Y113.364
G0 X30.217 Y113.204
G0 X29.941 Y112.657
G0 X29.94 Y107.394
G0 X30.1 Y106.913
G0 X30.647 Y106.637
G0 X107.606 Y106.636
G0 X107.952 Y106.766
G0 X108.825 Y107.525
G1 F1200 E936.98257
G1 F3000 X108.825 Y112.475 E937.15852
G1 X111.175 Y112.475 E937.24206
G1 X111.175 Y107.525 E937.41801
G1 X108.825 Y107.525 E937.50155
G1 F2400 E935.50155
G0 F9000 X108.825 Y106.635
G0 X30.647 Y106.637
G0 X30.1 Y106.913
G0 X29.94 Y107.394
G0 X29.941 Y112.657
G0 X30.217 Y113.204
G0 X30.605 Y113.333
G0 X110.25 Y113.365
G0 X110.25 Y112.025
G0 X110.25 Y113.365
G0 X30.698 Y113.364
G0 X30.217 Y113.204
G0 X29.941 Y112.657
G0 X29.94 Y107.394
G0 X30.1 Y106.913
G0 X30.592 Y106.665
G0 X109.275 Y106.635
G0 X109.275 Y107.975
G1 F1200 E937.50155
G1 F3000 X110.25 Y107.975 E937.53621
G1 X110.725 Y107.975 E937.55309
G1 X110.725 Y112.025 E937.69706
G1 X110.25 Y112.025 E937.71394
G1 X109.275 Y112.025 E937.7486
G1 X109.275 Y107.975 E937.89256
G0 F9000 X110.25 Y107.975
G1 F3000 X110.25 Y112.025 E938.03653
G1 F2400 E936.03653
G0 F9000 X110.25 Y113.365
G0 X189.353 Y113.363
G0 X189.9 Y113.087
G0 X190.06 Y112.606
G0 X190.059 Y107.343
G0 X189.783 Y106.796
G0 X189.302 Y106.636
G0 X167.947 Y106.647
G0 X168.825 Y107.525
G1 F1200 E938.03653
G1 F3000 X168.825 Y108.7 E938.0783
G1 X168.825 Y112.475 E938.21248
G1 X171.175 Y112.475 E938.29602
G1 X171.175 Y107.525 E938.47198
G1 X168.825 Y107.525 E938.55551
G0 F9000 X170.725 Y107.975
G0 X169.275 Y107.975
G1 F3000 X170.725 Y107.975 E938.60705
G1 X170.725 Y112.025 E938.75102
G1 X169.275 Y112.025 E938.80256
G1 X169.275 Y107.975 E938.94653
G1 F2400 E936.94653
;MESH:Horiz_1_edged.stl
G0 F9000 X169.275 Y106.635
G0 X172.307 Y106.652
G0 X172.745 Y107.975
G0 X173.5 Y108.5
;TYPE:WALL-INNER
G1 F1200 E938.94653
G1 F3900 X173.5 Y111.5 E939.06501
G1 X188.196 Y111.5 E939.64545
G1 X188.196 Y108.5 E939.76394
G1 X173.5 Y108.5 E940.34438
G0 F9000 X173 Y108
G1 F3900 X173 Y112 E940.50237
G1 X188.696 Y112 E941.1223
G1 X188.696 Y108 E941.28029
G1 X173 Y108 E941.90023
G0 F9000 X172.525 Y107.54
;TYPE:WALL-OUTER
G1 F3000 X172.525 Y112.475 E942.07565
G1 X189.171 Y112.475 E942.66736
G1 X189.171 Y107.525 E942.84332
G1 X172.554 Y107.525 E943.434
G1 X172.525 Y107.54 E943.43516
G0 F9000 X172.525 Y107.74
G0 X173.625 Y108.478
G1 F2400 E941.43516
G0 F9000 X172.745 Y108.5
G0 X172.286 Y106.691
G0 X167.947 Y106.647
G0 X167.255 Y108.5
G0 X113.5 Y108.5
;TYPE:WALL-INNER
G1 F1200 E943.43516
G1 F3900 X113.5 Y111.5 E943.55365
G1 X166.5 Y111.5 E945.64696
G1 X166.5 Y108.5 E945.76545
G1 X113.5 Y108.5 E947.85876
G0 F9000 X113 Y108
G1 F3900 X113 Y112 E948.01674
G1 X167 Y112 E950.14955
G1 X167 Y108 E950.30753
G1 X113 Y108 E952.44034
G0 F9000 X112.525 Y107.54
;TYPE:WALL-OUTER
G1 F3000 X112.525 Y112.475 E952.61576
G1 X167.475 Y112.475 E954.56906
G1 X167.475 Y107.525 E954.74501
G1 X112.554 Y107.525 E956.69728
G1 X112.525 Y107.54 E956.69844
G0 F9000 X112.525 Y107.74
G0 X113.625 Y108.478
G1 F2400 E954.69844
G0 F9000 X112.745 Y108.5
G0 X112.286 Y106.691
G0 X107.947 Y106.647
G0 X107.255 Y108.5
G0 X53.5 Y108.5
;TYPE:WALL-INNER
G1 F1200 E956.69844
G1 F3900 X53.5 Y111.5 E956.81693
G1 X106.5 Y111.5 E958.91024
G1 X106.5 Y108.5 E959.02873
G1 X53.5 Y108.5 E961.12204
G0 F9000 X53 Y108
G1 F3900 X53 Y112 E961.28002
G1 X107 Y112 E963.41283
G1 X107 Y108 E963.57081
G1 X53 Y108 E965.70362
G0 F9000 X52.525 Y107.54
;TYPE:WALL-OUTER
G1 F3000 X52.525 Y112.475 E965.87904
G1 X107.475 Y112.475 E967.83234
G1 X107.475 Y107.525 E968.0083
G1 X52.554 Y107.525 E969.96056
G1 X52.525 Y107.54 E969.96172
G0 F9000 X52.525 Y107.74
G0 X53.625 Y108.478
G1 F2400 E967.96172
G0 F9000 X52.745 Y108.5
G0 X52.286 Y106.691
G0 X47.947 Y106.647
G0 X47.255 Y108.5
G0 X31.804 Y108.5
;TYPE:WALL-INNER
G1 F1200 E969.96172
G1 F3900 X31.804 Y111.5 E970.08021
G1 X46.5 Y111.5 E970.66065
G1 X46.5 Y108.5 E970.77914
G1 X31.804 Y108.5 E971.35958
G0 F9000 X31.304 Y108
G1 F3900 X31.304 Y112 E971.51756
G1 X47 Y112 E972.1375
G1 X47 Y108 E972.29548
G1 X31.304 Y108 E972.91542
G0 F9000 X30.829 Y107.54
;TYPE:WALL-OUTER
G1 F3000 X30.829 Y112.475 E973.09084
G1 X47.475 Y112.475 E973.68255
G1 X47.475 Y107.525 E973.85851
G1 X30.858 Y107.525 E974.44919
G1 X30.829 Y107.54 E974.45035
G0 F9000 X30.829 Y107.74
G0 X31.499 Y108.195
G0 X32.053 Y108.984
;TYPE:FILL
G1 F3000 X32.495 Y109.425 E974.47847
G0 F9000 X32.494 Y109.856
G1 F3000 X32.054 Y109.973 E974.49896
G1 F2400 E972.49896
;MESH:NONMESH
G0 F600 X32.054 Y109.973 Z3.88
G0 F9000 X47.261 Y107.739
G0 X48.825 Y107.525
;TIME_ELAPSED:994.322972
;LAYER:18
;TYPE:SUPPORT
G1 F1200 E974.49896
G1 F3000 X48.825 Y112.475 E974.67492
G1 X51.175 Y112.475 E974.75846
G1 X51.175 Y107.525 E974.93441
G1 X48.825 Y107.525 E975.01795
G1 F2400 E973.01795
G0 F9000 X48.825 Y106.635
G0 X31.088 Y106.637
G0 X30.541 Y106.913
G0 X30.381 Y107.394
G0 X30.382 Y112.657
G0 X30.658 Y113.204
G0 X31.046 Y113.333
G0 X49.5 Y113.365
G0 X49.5 Y112.025
G0 X49.5 Y113.365
G0 X31.139 Y113.364
G0 X30.658 Y113.204
G0 X30.382 Y112.657
G0 X30.381 Y107.394
G0 X30.541 Y106.913
G0 X31.033 Y106.665
G0 X49.275 Y106.635
G0 X49.275 Y107.975
G1 F1200 E975.01795
G1 F3000 X49.5 Y107.975 E975.02595
G1 X50.725 Y107.975 E975.06949
G1 X50.725 Y112.025 E975.21345
G1 X49.5 Y112.025 E975.257
G1 X49.275 Y112.025 E975.265
G1 X49.275 Y107.975 E975.40896
G0 F9000 X49.5 Y107.975
G1 F3000 X49.5 Y112.025 E975.55293
G1 F2400 E973.55293
G0 F9000 X49.5 Y113.365
G0 X31.139 Y113.364
G0 X30.658 Y113.204
G0 X30.382 Y112.657
G0 X30.381 Y107.394
G0 X30.541 Y106.913
G0 X31.088 Y106.637
G0 X107.606 Y106.636
G0 X107.952 Y106.766
G0 X108.825 Y107.525
G1 F1200 E975.55293
G1 F3000 X108.825 Y112.475 E975.72888
G1 X111.175 Y112.475 E975.81242
G1 X111.175 Y107.525 E975.98837
G1 X108.825 Y107.525 E976.07191
G1 F2400 E974.07191
G0 F9000 X108.825 Y106.635
G0 X31.088 Y106.637
G0 X30.541 Y106.913
G0 X30.381 Y107.394
G0 X30.382 Y112.657
G0 X30.658 Y113.204
G0 X31.046 Y113.333
G0 X110.25 Y113.365
G0 X110.25 Y112.025
G0 X110.25 Y113.365
G0 X31.139 Y113.364
G0 X30.658 Y113.204
G0 X30.382 Y112.657
G0 X30.381 Y107.394
G0 X30.541 Y106.913
G0 X31.033 Y106.665
G0 X109.275 Y106.635
G0 X109.275 Y107.975
G1 F1200 E976.07191
G1 F3000 X110.25 Y107.975 E976.10657
G1 X110.725 Y107.975 E976.12345
G1 X110.725 Y112.025 E976.26742
G1 X110.25 Y112.025 E976.2843
G1 X109.275 Y112.025 E976.31896
G1 X109.275 Y107.975 E976.46292
G0 F9000 X110.25 Y107.975
G1 F3000 X110.25 Y112.025 E976.60689
G1 F2400 E974.60689
G0 F9000 X110.25 Y113.365
G0 X188.912 Y113.363
G0 X189.459 Y113.087
G0 X189.619 Y112.606
G0 X189.618 Y107.343
G0 X189.342 Y106.796
G0 X188.861 Y106.636
G0 X167.947 Y106.647
G0 X168.825 Y107.525
G1 F1200 E976.60689
G1 F3000 X168.825 Y112.475 E976.78284
G1 X171.175 Y112.475 E976.86638
G1 X171.175 Y107.525 E977.04234
G1 X168.825 Y107.525 E977.12587
G0 F9000 X170.725 Y107.975
G0 X169.275 Y107.975
G1 F3000 X170.725 Y107.975 E977.17741
G1 X170.725 Y112.025 E977.32138
G1 X169.275 Y112.025 E977.37292
G1 X169.275 Y107.975 E977.51689
G1 F2400 E975.51689
;MESH:Horiz_1_edged.stl
G0 F9000 X169.275 Y106.635
G0 X172.307 Y106.652
G0 X172.745 Y107.975
G0 X173.5 Y108.5
;TYPE:WALL-INNER
G1 F1200 E977.51689
G1 F3900 X173.5 Y111.5 E977.63537
G1 X187.755 Y111.5 E978.1984
G1 X187.755 Y108.5 E978.31689
G1 X173.5 Y108.5 E978.87991
G0 F9000 X173 Y108
G1 F3900 X173 Y112 E979.03789
G1 X188.255 Y112 E979.64041
G1 X188.255 Y108 E979.7984
G1 X173 Y108 E980.40091
G0 F9000 X172.525 Y107.54
;TYPE:WALL-OUTER
G1 F3000 X172.525 Y112.475 E980.57634
G1 X188.73 Y112.475 E981.15237
G1 X188.73 Y107.525 E981.32833
G1 X172.554 Y107.525 E981.90333
G1 X172.525 Y107.54 E981.90449
G0 F9000 X172.525 Y107.74
G0 X173.195 Y108.195
G0 X177.117 Y108.75
;TYPE:FILL
G1 F3000 X179.617 Y111.249 E982.22281
G0 F9000 X177.637 Y111.249
G1 F3000 X178.307 Y108.748 E982.45597
G1 F2400 E980.45597
G0 F9000 X172.745 Y108.5
G0 X172.286 Y106.691
G0 X167.947 Y106.647
G0 X167.255 Y108.5
G0 X113.5 Y108.5
;TYPE:WALL-INNER
G1 F1200 E982.45597
G1 F3900 X113.5 Y111.5 E982.57446
G1 X166.5 Y111.5 E984.66777
G1 X166.5 Y108.5 E984.78626
G1 X113.5 Y108.5 E986.87957
G0 F9000 X113 Y108
G1 F3900 X113 Y112 E987.03756
G1 X167 Y112 E989.17036
G1 X167 Y108 E989.32835
G1 X113 Y108 E991.46115
G0 F9000 X112.525 Y107.54
;TYPE:WALL-OUTER
G1 F3000 X112.525 Y112.475 E991.63658
G1 X167.475 Y112.475 E993.58987
G1 X167.475 Y107.525 E993.76583
G1 X112.554 Y107.525 E995.71809
G1 X112.525 Y107.54 E995.71925
G0 F9000 X112.525 Y107.74
G0 X113.195 Y108.195
G0 X113.749 Y109.87
;TYPE:FILL
G1 F3000 X115.129 Y111.25 E995.895
G0 F9000 X115.931 Y111.249
G1 F3000 X125.259 Y108.749 E996.76465
G0 F9000 X128.751 Y108.75
G1 F3000 X131.251 Y111.25 E997.08303
G0 F9000 X130.428 Y111.25
G1 F3000 X131.098 Y108.748 E997.31628
G0 F9000 X142.23 Y111.249
G1 F3000 X142.9 Y108.749 E997.54935
G0 F9000 X144.873 Y108.75
G1 F3000 X147.373 Y111.25 E997.86773
G0 F9000 X154.033 Y111.249
G1 F3000 X154.703 Y108.748 E998.10089
G0 F9000 X159.977 Y111.249
G1 F3000 X166.248 Y109.569 E998.68552
G1 X166.249 Y109.703
G1 X165.835 Y111.25 E998.82974
G0 F9000 X163.495 Y111.25
G1 F3000 X160.995 Y108.75 E999.14812
G1 F2400 E997.14812
G0 F9000 X119.296 Y108.748
G1 F1200 E999.14812
G1 F3000 X118.626 Y111.249 E999.38128
G1 F2400 E997.38128
G0 F9000 X112.745 Y108.5
G0 X112.286 Y106.691
G0 X107.947 Y106.647
G0 X107.255 Y108.5
G0 X53.5 Y108.5
;TYPE:WALL-INNER
G1 F1200 E999.38128
G1 F3900 X53.5 Y111.5 E999.49977
G1 X106.5 Y111.5 E1001.59308
G1 X106.5 Y108.5 E1001.71157
G1 X53.5 Y108.5 E1003.80488
G0 F9000 X53 Y108
G1 F3900 X53 Y112 E1003.96286
G1 X107 Y112 E1006.09567
G1 X107 Y108 E1006.25365
G1 X53 Y108 E1008.38646
G0 F9000 X52.525 Y107.54
;TYPE:WALL-OUTER
G1 F3000 X52.525 Y112.475 E1008.56188
G1 X107.475 Y112.475 E1010.51518
G1 X107.475 Y107.525 E1010.69113
G1 X52.554 Y107.525 E1012.6434
G1 X52.525 Y107.54 E1012.64456
G0 F9000 X52.525 Y107.74
G0 X53.195 Y108.195
G0 X60.285 Y108.748
;TYPE:FILL
G1 F3000 X59.615 Y111.249 E1012.87772
G0 F9000 X64.261 Y108.748
G1 F3000 X66.762 Y111.249 E1013.19623
G0 F9000 X71.417 Y111.25
G1 F3000 X72.088 Y108.748 E1013.4295
G0 F9000 X71.884 Y111.249
G1 F3000 X81.216 Y108.749 E1014.2995
G0 F9000 X80.383 Y108.748
G1 F3000 X82.884 Y111.249 E1014.61801
G0 F9000 X83.22 Y111.249
G1 F3000 X83.89 Y108.748 E1014.85117
G0 F9000 X95.022 Y111.249
G1 F3000 X95.692 Y108.748 E1015.08433
G0 F9000 X96.505 Y108.748
G1 F3000 X99.006 Y111.249 E1015.40284
G1 F2400 E1013.40284
G0 F9000 X52.745 Y108.5
G0 X52.286 Y106.691
G0 X47.947 Y106.647
G0 X47.255 Y108.5
G0 X32.245 Y108.5
;TYPE:WALL-INNER
G1 F1200 E1015.40284
G1 F3900 X32.245 Y111.5 E1015.52133
G1 X46.5 Y111.5 E1016.08435
G1 X46.5 Y108.5 E1016.20284
G1 X32.245 Y108.5 E1016.76586
G0 F9000 X31.745 Y108
G1 F3900 X31.745 Y112 E1016.92384
G1 X47 Y112 E1017.52636
G1 X47 Y108 E1017.68435
G1 X31.745 Y108 E1018.28687
G0 F9000 X31.27 Y107.54
;TYPE:WALL-OUTER
G1 F3000 X31.27 Y112.475 E1018.46229
G1 X47.475 Y112.475 E1019.03832
G1 X47.475 Y107.525 E1019.21428
G1 X31.299 Y107.525 E1019.78928
G1 X31.27 Y107.54 E1019.79045
G0 F9000 X31.27 Y107.74
G0 X31.94 Y108.195
G0 X32.495 Y109.226
;TYPE:FILL
G1 F3000 X34.518 Y111.249 E1020.04808
G0 F9000 X36.011 Y111.249
G1 F3000 X36.681 Y108.749 E1020.28115
G0 F9000 X37.169 Y108.749
G1 F3000 X32.494 Y110.001 E1020.71698
G1 F2400 E1018.71698
;MESH:NONMESH
G0 F600 X32.494 Y110.001 Z4.08
G0 F9000 X47.261 Y107.739
G0 X48.825 Y107.525
;TIME_ELAPSED:1036.887926
;LAYER:19
;TYPE:SUPPORT
G1 F1200 E1020.71698
G1 F3000 X48.825 Y108.7 E1020.75875
G1 X48.825 Y112.475 E1020.89294
G1 X51.175 Y112.475 E1020.97647
G1 X51.175 Y107.525 E1021.15243
G1 X48.825 Y107.525 E1021.23596
G1 F2400 E1019.23596
G0 F9000 X48.825 Y106.635
G0 X31.53 Y106.637
G0 X30.983 Y106.913
G0 X30.823 Y107.394
G0 X30.824 Y112.657
G0 X31.1 Y113.204
G0 X31.488 Y113.333
G0 X49.5 Y113.365
G0 X49.5 Y112.025
G0 X49.5 Y113.365
G0 X31.581 Y113.364
G0 X31.1 Y113.204
G0 X30.824 Y112.657
G0 X30.823 Y107.394
G0 X30.983 Y106.913
G0 X31.475 Y106.665
G0 X49.275 Y106.635
G0 X49.275 Y107.975
G1 F1200 E1021.23596
G1 F3000 X49.5 Y107.975 E1021.24396
G1 X50.725 Y107.975 E1021.28751
G1 X50.725 Y112.025 E1021.43147
G1 X49.5 Y112.025 E1021.47502
G1 X49.275 Y112.025 E1021.48301
G1 X49.275 Y107.975 E1021.62698
G0 F9000 X49.5 Y107.975
G1 F3000 X49.5 Y112.025 E1021.77094
G1 F2400 E1019.77094
G0 F9000 X49.5 Y113.365
G0 X31.581 Y113.364
G0 X31.1 Y113.204
G0 X30.824 Y112.657
G0 X30.823 Y107.394
G0 X30.983 Y106.913
G0 X31.53 Y106.637
G0 X107.606 Y106.636
G0 X107.952 Y106.766
G0 X108.825 Y107.525
G1 F1200 E1021.77094
G1 F3000 X108.825 Y112.475 E1021.9469
G1 X111.175 Y112.475 E1022.03043
G1 X111.175 Y107.525 E1022.20639
G1 X108.825 Y107.525 E1022.28993
G1 F2400 E1020.28993
G0 F9000 X108.825 Y106.635
G0 X31.53 Y106.637
G0 X30.983 Y106.913
G0 X30.823 Y107.394
G0 X30.824 Y112.657
G0 X31.1 Y113.204
G0 X31.488 Y113.333
G0 X110.25 Y113.365
G0 X110.25 Y112.025
G0 X110.25 Y113.365
G0 X31.581 Y113.364
G0 X31.1 Y113.204
G0 X30.824 Y112.657
G0 X30.823 Y107.394
G0 X30.983 Y106.913
G0 X31.475 Y106.665
G0 X109.275 Y106.635
G0 X109.275 Y107.975
G1 F1200 E1022.28993
G1 F3000 X110.25 Y107.975 E1022.32458
G1 X110.725 Y107.975 E1022.34147
G1 X110.725 Y112.025 E1022.48543
G1 X110.25 Y112.025 E1022.50232
G1 X109.275 Y112.025 E1022.53698
G1 X109.275 Y107.975 E1022.68094
G0 F9000 X110.25 Y107.975
G1 F3000 X110.25 Y112.025 E1022.8249
G1 F2400 E1020.8249
G0 F9000 X110.25 Y113.365
G0 X188.47 Y113.363
G0 X189.017 Y113.087
G0 X189.177 Y112.606
G0 X189.176 Y107.343
G0 X188.9 Y106.796
G0 X188.419 Y106.636
G0 X167.947 Y106.647
G0 X168.825 Y107.525
G1 F1200 E1022.8249
G1 F3000 X168.825 Y108.7 E1022.86667
G1 X168.825 Y112.475 E1023.00086
G1 X171.175 Y112.475 E1023.0844
G1 X171.175 Y107.525 E1023.26035
G1 X168.825 Y107.525 E1023.34389
G0 F9000 X170.725 Y107.975
G0 X169.275 Y107.975
G1 F3000 X170.725 Y107.975 E1023.39543
G1 X170.725 Y112.025 E1023.53939
G1 X169.275 Y112.025 E1023.59094
G1 X169.275 Y107.975 E1023.7349
G1 F2400 E1021.7349
;MESH:Horiz_1_edged.stl
G0 F9000 X169.275 Y106.635
G0 X172.307 Y106.652
G0 X172.745 Y107.975
G0 X173.5 Y108.5
;TYPE:WALL-INNER
G1 F1200 E1023.7349
G1 F3900 X173.5 Y111.5 E1023.85339
G1 X187.313 Y111.5 E1024.39896
G1 X187.313 Y108.5 E1024.51744
G1 X173.5 Y108.5 E1025.06301
G0 F9000 X173 Y108
G1 F3900 X173 Y112 E1025.22099
G1 X187.813 Y112 E1025.80605
G1 X187.813 Y108 E1025.96404
G1 X173 Y108 E1026.5491
G0 F9000 X172.525 Y107.54
;TYPE:WALL-OUTER
G1 F3000 X172.525 Y112.475 E1026.72452
G1 X188.288 Y112.475 E1027.28485
G1 X188.288 Y107.525 E1027.4608
G1 X172.554 Y107.525 E1028.0201
G1 X172.525 Y107.54 E1028.02126
G0 F9000 X172.525 Y107.74
G0 X173.625 Y108.478
G1 F2400 E1026.02126
G0 F9000 X172.745 Y108.5
G0 X172.286 Y106.691
G0 X167.947 Y106.647
G0 X167.255 Y108.5
G0 X113.5 Y108.5
;TYPE:WALL-INNER
G1 F1200 E1028.02126
G1 F3900 X113.5 Y111.5 E1028.13975
G1 X166.5 Y111.5 E1030.23306
G1 X166.5 Y108.5 E1030.35155
G1 X113.5 Y108.5 E1032.44486
G0 F9000 X113 Y108
G1 F3900 X113 Y112 E1032.60284
G1 X167 Y112 E1034.73565
G1 X167 Y108 E1034.89363
G1 X113 Y108 E1037.02644
G0 F9000 X112.525 Y107.54
;TYPE:WALL-OUTER
G1 F3000 X112.525 Y112.475 E1037.20186
G1 X167.475 Y112.475 E1039.15516
G1 X167.475 Y107.525 E1039.33111
G1 X112.554 Y107.525 E1041.28338
G1 X112.525 Y107.54 E1041.28454
G0 F9000 X112.525 Y107.74
G0 X113.625 Y108.478
G1 F2400 E1039.28454
G0 F9000 X112.745 Y108.5
G0 X112.286 Y106.691
G0 X107.947 Y106.647
G0 X107.255 Y108.5
G0 X53.5 Y108.5
;TYPE:WALL-INNER
G1 F1200 E1041.28454
G1 F3900 X53.5 Y111.5 E1041.40303
G1 X106.5 Y111.5 E1043.49634
G1 X106.5 Y108.5 E1043.61483
G1 X53.5 Y108.5 E1045.70814
G0 F9000 X53 Y108
G1 F3900 X53 Y112 E1045.86612
G1 X107 Y112 E1047.99893
G1 X107 Y108 E1048.15691
G1 X53 Y108 E1050.28972
G0 F9000 X52.525 Y107.54
;TYPE:WALL-OUTER
G1 F3000 X52.525 Y112.475 E1050.46514
G1 X107.475 Y112.475 E1052.41844
G1 X107.475 Y107.525 E1052.59439
G1 X52.554 Y107.525 E1054.54666
G1 X52.525 Y107.54 E1054.54782
G0 F9000 X52.525 Y107.74
G0 X53.625 Y108.478
G1 F2400 E1052.54782
G0 F9000 X52.745 Y108.5
G0 X52.286 Y106.691
G0 X47.947 Y106.647
G0 X47.255 Y108.5
G0 X32.687 Y108.5
;TYPE:WALL-INNER
G1 F1200 E1054.54782
G1 F3900 X32.687 Y111.5 E1054.66631
G1 X46.5 Y111.5 E1055.21187
G1 X46.5 Y108.5 E1055.33036
G1 X32.687 Y108.5 E1055.87593
G0 F9000 X32.187 Y108
G1 F3900 X32.187 Y112 E1056.03391
G1 X47 Y112 E1056.61897
G1 X47 Y108 E1056.77696
G1 X32.187 Y108 E1057.36202
G0 F9000 X31.712 Y107.54
;TYPE:WALL-OUTER
G1 F3000 X31.712 Y112.475 E1057.53744
G1 X47.475 Y112.475 E1058.09776
G1 X47.475 Y107.525 E1058.27372
G1 X31.741 Y107.525 E1058.83301
G1 X31.712 Y107.54 E1058.83417
G0 F9000 X31.712 Y107.74
G0 X32.382 Y108.195
G0 X32.937 Y109.468
;TYPE:FILL
G1 F3000 X33.378 Y109.909 E1058.86226
G1 X33.377 Y109.911
G1 X32.937 Y110.029 E1058.88277
G1 F2400 E1056.88277
;MESH:NONMESH
G0 F600 X32.937 Y110.029 Z4.28
G0 F9000 X47.261 Y107.739
G0 X48.825 Y107.525
;TIME_ELAPSED:1072.611278
;LAYER:20
;TYPE:SUPPORT
G1 F1200 E1058.88277
G1 F3000 X48.825 Y112.475 E1059.05872
G1 X51.175 Y112.475 E1059.14226
G1 X51.175 Y107.525 E1059.31822
G1 X48.825 Y107.525 E1059.40175
G1 F2400 E1057.40175
G0 F9000 X48.825 Y106.635
G0 X31.971 Y106.637
G0 X31.424 Y106.913
G0 X31.264 Y107.394
G0 X31.265 Y112.657
G0 X31.541 Y113.204
G0 X31.929 Y113.333
G0 X49.5 Y113.365
G0 X49.5 Y112.025
G0 X49.5 Y113.365
G0 X32.022 Y113.364
G0 X31.541 Y113.204
G0 X31.265 Y112.657
G0 X31.264 Y107.394
G0 X31.424 Y106.913
G0 X31.916 Y106.665
G0 X49.275 Y106.635
G0 X49.275 Y107.975
G1 F1200 E1059.40175
G1 F3000 X49.5 Y107.975 E1059.40975
G1 X50.725 Y107.975 E1059.45329
G1 X50.725 Y112.025 E1059.59726
G1 X49.5 Y112.025 E1059.6408
G1 X49.275 Y112.025 E1059.6488
G1 X49.275 Y107.975 E1059.79276
G0 F9000 X49.5 Y107.975
G1 F3000 X49.5 Y112.025 E1059.93673
G1 F2400 E1057.93673
G0 F9000 X49.5 Y113.365
G0 X32.022 Y113.364
G0 X31.541 Y113.204
G0 X31.265 Y112.657
G0 X31.264 Y107.394
G0 X31.424 Y106.913
G0 X31.971 Y106.637
G0 X107.606 Y106.636
G0 X107.952 Y106.766
G0 X108.825 Y107.525
G1 F1200 E1059.93673
G1 F3000 X108.825 Y112.475 E1060.11269
G1 X111.175 Y112.475 E1060.19622
G1 X111.175 Y107.525 E1060.37218
G1 X108.825 Y107.525 E1060.45571
G1 F2400 E1058.45571
G0 F9000 X108.825 Y106.635
G0 X31.971 Y106.637
G0 X31.424 Y106.913
G0 X31.264 Y107.394
G0 X31.265 Y112.657
G0 X31.541 Y113.204
G0 X31.929 Y113.333
G0 X110.25 Y113.365
G0 X110.25 Y112.025
G0 X110.25 Y113.365
G0 X32.022 Y113.364
G0 X31.541 Y113.204
G0 X31.265 Y112.657
G0 X31.264 Y107.394
G0 X31.424 Y106.913
G0 X31.916 Y106.665
G0 X109.275 Y106.635
G0 X109.275 Y107.975
G1 F1200 E1060.45571
G1 F3000 X110.25 Y107.975 E1060.49037
G1 X110.725 Y107.975 E1060.50725
G1 X110.725 Y112.025 E1060.65122
G1 X110.25 Y112.025 E1060.6681
G1 X109.275 Y112.025 E1060.70276
G1 X109.275 Y107.975 E1060.84673
G0 F9000 X110.25 Y107.975
G1 F3000 X110.25 Y112.025 E1060.99069
G1 F2400 E1058.99069
G0 F9000 X110.25 Y113.365
G0 X188.029 Y113.363
G0 X188.576 Y113.087
G0 X188.736 Y112.606
G0 X188.735 Y107.343
G0 X188.459 Y106.796
G0 X187.978 Y106.636
G0 X167.947 Y106.647
G0 X168.825 Y107.525
G1 F1200 E1060.99069
G1 F3000 X168.825 Y112.475 E1061.16665
G1 X171.175 Y112.475 E1061.25018
G1 X171.175 Y107.525 E1061.42614
G1 X168.825 Y107.525 E1061.50967
G0 F9000 X170.725 Y107.975
G0 X169.275 Y107.975
G1 F3000 X170.725 Y107.975 E1061.56122
G1 X170.725 Y112.025 E1061.70518
G1 X169.275 Y112.025 E1061.75672
G1 X169.275 Y107.975 E1061.90069
G1 F2400 E1059.90069
;MESH:Horiz_1_edged.stl
G0 F9000 X169.275 Y106.635
G0 X172.307 Y106.652
G0 X172.745 Y107.975
G0 X173.5 Y108.5
;TYPE:WALL-INNER
G1 F1200 E1061.90069
G1 F3900 X173.5 Y111.5 E1062.01918
G1 X186.872 Y111.5 E1062.54732
G1 X186.872 Y108.5 E1062.66581
G1 X173.5 Y108.5 E1063.19396
G0 F9000 X173 Y108
G1 F3900 X173 Y112 E1063.35194
G1 X187.372 Y112 E1063.91959
G1 X187.372 Y108 E1064.07757
G1 X173 Y108 E1064.64521
G0 F9000 X172.525 Y107.54
;TYPE:WALL-OUTER
G1 F3000 X172.525 Y112.475 E1064.82064
G1 X187.847 Y112.475 E1065.36529
G1 X187.847 Y107.525 E1065.54124
G1 X172.554 Y107.525 E1066.08486
G1 X172.525 Y107.54 E1066.08602
G0 F9000 X172.525 Y107.74
G0 X173.195 Y108.195
G0 X177.517 Y108.75
;TYPE:FILL
G1 F3000 X180.017 Y111.249 E1066.40434
G0 F9000 X177.344 Y111.249
G1 F3000 X178.014 Y108.749 E1066.63741
G1 F2400 E1064.63741
G0 F9000 X172.745 Y108.5
G0 X172.286 Y106.691
G0 X167.947 Y106.647
G0 X167.255 Y108.5
G0 X113.5 Y108.5
;TYPE:WALL-INNER
G1 F1200 E1066.63741
G1 F3900 X113.5 Y111.5 E1066.7559
G1 X166.5 Y111.5 E1068.84921
G1 X166.5 Y108.5 E1068.9677
G1 X113.5 Y108.5 E1071.06101
G0 F9000 X113 Y108
G1 F3900 X113 Y112 E1071.21899
G1 X167 Y112 E1073.3518
G1 X167 Y108 E1073.50979
G1 X113 Y108 E1075.64259
G0 F9000 X112.525 Y107.54
;TYPE:WALL-OUTER
G1 F3000 X112.525 Y112.475 E1075.81802
G1 X167.475 Y112.475 E1077.77131
G1 X167.475 Y107.525 E1077.94727
G1 X112.554 Y107.525 E1079.89953
G1 X112.525 Y107.54 E1079.90069
G0 F9000 X112.525 Y107.74
G0 X113.195 Y108.195
G0 X113.749 Y109.47
;TYPE:FILL
G1 F3000 X115.529 Y111.25 E1080.12738
G0 F9000 X117.025 Y111.249
G1 F3000 X126.352 Y108.75 E1080.99692
G0 F9000 X129.151 Y108.75
G1 F3000 X131.651 Y111.25 E1081.3153
G0 F9000 X130.135 Y111.249
G1 F3000 X130.805 Y108.748 E1081.54846
G0 F9000 X141.937 Y111.249
G1 F3000 X142.608 Y108.748 E1081.78165
G0 F9000 X145.273 Y108.75
G1 F3000 X147.774 Y111.25 E1082.10009
G0 F9000 X153.74 Y111.249
G1 F3000 X154.41 Y108.748 E1082.33325
G0 F9000 X161.395 Y108.75
G1 F3000 X163.896 Y111.25 E1082.6517
G0 F9000 X165.542 Y111.25
G1 F3000 X166.212 Y108.748 E1082.88494
G0 F9000 X166.249 Y109.862
G1 F3000 X161.071 Y111.249 E1083.36767
G1 F2400 E1081.36767
G0 F9000 X119.003 Y108.748
G1 F1200 E1083.36767
G1 F3000 X118.333 Y111.249 E1083.60083
G1 F2400 E1081.60083
G0 F9000 X112.745 Y108.5
G0 X112.286 Y106.691
G0 X107.947 Y106.647
G0 X107.255 Y108.5
G0 X53.5 Y108.5
;TYPE:WALL-INNER
G1 F1200 E1083.60083
G1 F3900 X53.5 Y111.5 E1083.71932
G1 X106.5 Y111.5 E1085.81263
G1 X106.5 Y108.5 E1085.93112
G1 X53.5 Y108.5 E1088.02443
G0 F9000 X53 Y108
G1 F3900 X53 Y112 E1088.18242
G1 X107 Y112 E1090.31522
G1 X107 Y108 E1090.47321
G1 X53 Y108 E1092.60601
G0 F9000 X52.525 Y107.54
;TYPE:WALL-OUTER
G1 F3000 X52.525 Y112.475 E1092.78144
G1 X107.475 Y112.475 E1094.73473
G1 X107.475 Y107.525 E1094.91069
G1 X52.554 Y107.525 E1096.86295
G1 X52.525 Y107.54 E1096.86411
G0 F9000 X52.525 Y107.74
G0 X53.195 Y108.195
G0 X59.992 Y108.748
;TYPE:FILL
G1 F3000 X59.322 Y111.249 E1097.09727
G0 F9000 X64.662 Y108.748
G1 F3000 X67.162 Y111.249 E1097.41572
G0 F9000 X71.125 Y111.249
G1 F3000 X71.795 Y108.748 E1097.64888
G0 F9000 X72.978 Y111.249
G1 F3000 X82.309 Y108.749 E1098.51879
G0 F9000 X83.597 Y108.749
G1 F3000 X82.927 Y111.249 E1098.75186
G0 F9000 X83.284 Y111.249
G1 F3000 X80.784 Y108.748 E1099.07031
G0 F9000 X94.729 Y111.249
G1 F3000 X95.399 Y108.748 E1099.30347
G0 F9000 X96.906 Y108.748
G1 F3000 X99.406 Y111.249 E1099.62192
G1 F2400 E1097.62192
G0 F9000 X52.745 Y108.5
G0 X52.286 Y106.691
G0 X47.947 Y106.647
G0 X47.255 Y108.5
G0 X33.128 Y108.5
;TYPE:WALL-INNER
G1 F1200 E1099.62192
G1 F3900 X33.128 Y111.5 E1099.74041
G1 X46.5 Y111.5 E1100.26855
G1 X46.5 Y108.5 E1100.38704
G1 X33.128 Y108.5 E1100.91519
G0 F9000 X32.628 Y108
G1 F3900 X32.628 Y112 E1101.07317
G1 X47 Y112 E1101.64081
G1 X47 Y108 E1101.7988
G1 X32.628 Y108 E1102.36644
G0 F9000 X32.153 Y107.54
;TYPE:WALL-OUTER
G1 F3000 X32.153 Y112.475 E1102.54187
G1 X47.475 Y112.475 E1103.08651
G1 X47.475 Y107.525 E1103.26247
G1 X32.182 Y107.525 E1103.80609
G1 X32.153 Y107.54 E1103.80725
G0 F9000 X32.153 Y107.74
G0 X32.823 Y108.195
G0 X33.377 Y109.708
;TYPE:FILL
G1 F3000 X34.918 Y111.249 E1104.0035
G0 F9000 X35.718 Y111.25
G1 F3000 X36.388 Y108.748 E1104.23675
G0 F9000 X38.262 Y108.749
G1 F3000 X33.378 Y110.058 E1104.69208
G1 F2400 E1102.69208
;MESH:NONMESH
G0 F600 X33.378 Y110.058 Z4.48
G0 F9000 X47.261 Y107.739
G0 X48.825 Y107.525
;TIME_ELAPSED:1115.102763
;LAYER:21
;TYPE:SUPPORT
G1 F1200 E1104.69208
G1 F3000 X48.825 Y112.475 E1104.86804
G1 X51.175 Y112.475 E1104.95157
G1 X51.175 Y107.525 E1105.12753
G1 X48.825 Y107.525 E1105.21106
G1 F2400 E1103.21106
G0 F9000 X48.825 Y106.635
G0 X32.412 Y106.637
G0 X31.865 Y106.913
G0 X31.705 Y107.394
G0 X31.706 Y112.657
G0 X31.982 Y113.204
G0 X32.37 Y113.333
G0 X49.5 Y113.365
G0 X49.5 Y112.025
G0 X49.5 Y113.365
G0 X32.463 Y113.364
G0 X31.982 Y113.204
G0 X31.706 Y112.657
G0 X31.705 Y107.394
G0 X31.865 Y106.913
G0 X32.357 Y106.665
G0 X49.275 Y106.635
G0 X49.275 Y107.975
G1 F1200 E1105.21106
G1 F3000 X49.5 Y107.975 E1105.21906
G1 X50.725 Y107.975 E1105.26261
G1 X50.725 Y112.025 E1105.40657
G1 X49.5 Y112.025 E1105.45012
G1 X49.275 Y112.025 E1105.45811
G1 X49.275 Y107.975 E1105.60208
G0 F9000 X49.5 Y107.975
G1 F3000 X49.5 Y112.025 E1105.74604
G1 F2400 E1103.74604
G0 F9000 X49.5 Y113.365
G0 X32.463 Y113.364
G0 X31.982 Y113.204
G0 X31.706 Y112.657
G0 X31.705 Y107.394
G0 X31.865 Y106.913
G0 X32.412 Y106.637
G0 X107.606 Y106.636
G0 X107.952 Y106.766
G0 X108.825 Y107.525
G1 F1200 E1105.74604
G1 F3000 X108.825 Y112.475 E1105.922
G1 X111.175 Y112.475 E1106.00553
G1 X111.175 Y107.525 E1106.18149
G1 X108.825 Y107.525 E1106.26503
G1 F2400 E1104.26503
G0 F9000 X108.825 Y106.635
G0 X32.412 Y106.637
G0 X31.865 Y106.913
G0 X31.705 Y107.394
G0 X31.706 Y112.657
G0 X31.982 Y113.204
G0 X32.37 Y113.333
G0 X110.25 Y113.365
G0 X110.25 Y112.025
G0 X110.25 Y113.365
G0 X32.463 Y113.364
G0 X31.982 Y113.204
G0 X31.706 Y112.657
G0 X31.705 Y107.394
G0 X31.865 Y106.913
G0 X32.357 Y106.665
G0 X109.275 Y106.635
G0 X109.275 Y107.975
G1 F1200 E1106.26503
G1 F3000 X110.25 Y107.975 E1106.29968
G1 X110.725 Y107.975 E1106.31657
G1 X110.725 Y112.025 E1106.46053
G1 X110.25 Y112.025 E1106.47742
G1 X109.275 Y112.025 E1106.51208
G1 X109.275 Y107.975 E1106.65604
G0 F9000 X110.25 Y107.975
G1 F3000 X110.25 Y112.025 E1106.8
G1 F2400 E1104.8
G0 F9000 X110.25 Y113.365
G0 X187.588 Y113.363
G0 X188.135 Y113.087
G0 X188.295 Y112.606
G0 X188.294 Y107.343
G0 X188.018 Y106.796
G0 X187.537 Y106.636
G0 X167.947 Y106.647
G0 X168.825 Y107.525
G1 F1200 E1106.8
G1 F3000 X168.825 Y112.475 E1106.97596
G1 X171.175 Y112.475 E1107.0595
G1 X171.175 Y107.525 E1107.23545
G1 X168.825 Y107.525 E1107.31899
G0 F9000 X170.725 Y107.975
G0 X169.275 Y107.975
G1 F3000 X170.725 Y107.975 E1107.37053
G1 X170.725 Y112.025 E1107.51449
G1 X169.275 Y112.025 E1107.56604
G1 X169.275 Y107.975 E1107.71
G1 F2400 E1105.71
;MESH:Horiz_1_edged.stl
G0 F9000 X169.275 Y106.635
G0 X172.307 Y106.652
G0 X172.745 Y107.975
G0 X173.5 Y108.5
;TYPE:WALL-INNER
G1 F1200 E1107.71
G1 F3900 X173.5 Y111.5 E1107.82849
G1 X186.431 Y111.5 E1108.33922
G1 X186.431 Y108.5 E1108.45771
G1 X173.5 Y108.5 E1108.96844
G0 F9000 X173 Y108
G1 F3900 X173 Y112 E1109.12642
G1 X186.931 Y112 E1109.67665
G1 X186.931 Y108 E1109.83463
G1 X173 Y108 E1110.38486
G0 F9000 X172.525 Y107.54
;TYPE:WALL-OUTER
G1 F3000 X172.525 Y112.475 E1110.56028
G1 X187.406 Y112.475 E1111.08925
G1 X187.406 Y107.525 E1111.26521
G1 X172.554 Y107.525 E1111.79315
G1 X172.525 Y107.54 E1111.79431
G0 F9000 X172.525 Y107.74
G0 X173.625 Y108.478
G1 F2400 E1109.79431
G0 F9000 X172.745 Y108.5
G0 X172.286 Y106.691
G0 X167.947 Y106.647
G0 X167.255 Y108.5
G0 X113.5 Y108.5
;TYPE:WALL-INNER
G1 F1200 E1111.79431
G1 F3900 X113.5 Y111.5 E1111.9128
G1 X166.5 Y111.5 E1114.00611
G1 X166.5 Y108.5 E1114.1246
G1 X113.5 Y108.5 E1116.21791
G0 F9000 X113 Y108
G1 F3900 X113 Y112 E1116.37589
G1 X167 Y112 E1118.5087
G1 X167 Y108 E1118.66668
G1 X113 Y108 E1120.79949
G0 F9000 X112.525 Y107.54
;TYPE:WALL-OUTER
G1 F3000 X112.525 Y112.475 E1120.97491
G1 X167.475 Y112.475 E1122.92821
G1 X167.475 Y107.525 E1123.10417
G1 X112.554 Y107.525 E1125.05643
G1 X112.525 Y107.54 E1125.05759
G0 F9000 X112.525 Y107.74
G0 X113.625 Y108.478
G1 F2400 E1123.05759
G0 F9000 X112.745 Y108.5
G0 X112.286 Y106.691
G0 X107.947 Y106.647
G0 X107.255 Y108.5
G0 X53.5 Y108.5
;TYPE:WALL-INNER
G1 F1200 E1125.05759
G1 F3900 X53.5 Y111.5 E1125.17608
G1 X106.5 Y111.5 E1127.26939
G1 X106.5 Y108.5 E1127.38788
G1 X53.5 Y108.5 E1129.48119
G0 F9000 X53 Y108
G1 F3900 X53 Y112 E1129.63917
G1 X107 Y112 E1131.77198
G1 X107 Y108 E1131.92997
G1 X53 Y108 E1134.06277
G0 F9000 X52.525 Y107.54
;TYPE:WALL-OUTER
G1 F3000 X52.525 Y112.475 E1134.2382
G1 X107.475 Y112.475 E1136.19149
G1 X107.475 Y107.525 E1136.36745
G1 X52.554 Y107.525 E1138.31971
G1 X52.525 Y107.54 E1138.32087
G0 F9000 X52.525 Y107.74
G0 X53.625 Y108.478
G1 F2400 E1136.32087
G0 F9000 X52.745 Y108.5
G0 X52.286 Y106.691
G0 X47.947 Y106.647
G0 X47.255 Y108.5
G0 X33.569 Y108.5
;TYPE:WALL-INNER
G1 F1200 E1138.32087
G1 F3900 X33.569 Y111.5 E1138.43936
G1 X46.5 Y111.5 E1138.95009
G1 X46.5 Y108.5 E1139.06858
G1 X33.569 Y108.5 E1139.57931
G0 F9000 X33.069 Y108
G1 F3900 X33.069 Y112 E1139.73729
G1 X47 Y112 E1140.28752
G1 X47 Y108 E1140.4455
G1 X33.069 Y108 E1140.99573
G0 F9000 X32.594 Y107.54
;TYPE:WALL-OUTER
G1 F3000 X32.594 Y112.475 E1141.17115
G1 X47.475 Y112.475 E1141.70012
G1 X47.475 Y107.525 E1141.87608
G1 X32.623 Y107.525 E1142.40402
G1 X32.594 Y107.54 E1142.40518
G0 F9000 X32.594 Y107.74
G0 X33.264 Y108.195
G0 X33.818 Y109.95
;TYPE:FILL
G1 F3000 X34.261 Y110.392 E1142.43336
G0 F9000 X34.26 Y109.967
G1 F3000 X33.819 Y110.085 E1142.45391
G1 F2400 E1140.45391
;MESH:NONMESH
G0 F600 X33.819 Y110.085 Z4.68
G0 F9000 X47.261 Y107.739
G0 X48.825 Y107.525
;TIME_ELAPSED:1150.592465
;LAYER:22
;TYPE:SUPPORT
G1 F1200 E1142.45391
G1 F3000 X48.825 Y112.475 E1142.62987
G1 X51.175 Y112.475 E1142.7134
G1 X51.175 Y107.525 E1142.88936
G1 X48.825 Y107.525 E1142.97289
G1 F2400 E1140.97289
G0 F9000 X48.825 Y106.635
G0 X32.854 Y106.637
G0 X32.307 Y106.913
G0 X32.147 Y107.394
G0 X32.148 Y112.657
G0 X32.424 Y113.204
G0 X32.812 Y113.333
G0 X49.5 Y113.365
G0 X49.5 Y112.025
G0 X49.5 Y113.365
G0 X32.905 Y113.364
G0 X32.424 Y113.204
G0 X32.148 Y112.657
G0 X32.147 Y107.394
G0 X32.307 Y106.913
G0 X32.799 Y106.665
G0 X49.275 Y106.635
G0 X49.275 Y107.975
G1 F1200 E1142.97289
G1 F3000 X49.5 Y107.975 E1142.98089
G1 X50.725 Y107.975 E1143.02444
G1 X50.725 Y112.025 E1143.1684
G1 X49.5 Y112.025 E1143.21195
G1 X49.275 Y112.025 E1143.21994
G1 X49.275 Y107.975 E1143.36391
G0 F9000 X49.5 Y107.975
G1 F3000 X49.5 Y112.025 E1143.50787
G1 F2400 E1141.50787
G0 F9000 X49.5 Y113.365
G0 X32.905 Y113.364
G0 X32.424 Y113.204
G0 X32.148 Y112.657
G0 X32.147 Y107.394
G0 X32.307 Y106.913
G0 X32.854 Y106.637
G0 X107.606 Y106.636
G0 X107.952 Y106.766
G0 X108.825 Y107.525
G1 F1200 E1143.50787
G1 F3000 X108.825 Y112.475 E1143.68383
G1 X111.175 Y112.475 E1143.76736
G1 X111.175 Y107.525 E1143.94332
G1 X108.825 Y107.525 E1144.02686
G1 F2400 E1142.02686
G0 F9000 X108.825 Y106.635
G0 X32.854 Y106.637
G0 X32.307 Y106.913
G0 X32.147 Y107.394
G0 X32.148 Y112.657
G0 X32.424 Y113.204
G0 X32.812 Y113.333
G0 X110.25 Y113.365
G0 X110.25 Y112.025
G0 X110.25 Y113.365
G0 X32.905 Y113.364
G0 X32.424 Y113.204
G0 X32.148 Y112.657
G0 X32.147 Y107.394
G0 X32.307 Y106.913
G0 X32.799 Y106.665
G0 X109.275 Y106.635
G0 X109.275 Y107.975
G1 F1200 E1144.02686
G1 F3000 X110.25 Y107.975 E1144.06151
G1 X110.725 Y107.975 E1144.0784
G1 X110.725 Y112.025 E1144.22236
G1 X110.25 Y112.025 E1144.23925
G1 X109.275 Y112.025 E1144.27391
G1 X109.275 Y107.975 E1144.41787
G0 F9000 X110.25 Y107.975
G1 F3000 X110.25 Y112.025 E1144.56183
G1 F2400 E1142.56183
G0 F9000 X110.25 Y113.365
G0 X187.146 Y113.363
G0 X187.693 Y113.087
G0 X187.853 Y112.606
G0 X187.852 Y107.343
G0 X187.576 Y106.796
G0 X187.095 Y106.636
G0 X167.947 Y106.647
G0 X168.825 Y107.525
G1 F1200 E1144.56183
G1 F3000 X168.825 Y108.7 E1144.6036
G1 X168.825 Y112.475 E1144.73779
G1 X171.175 Y112.475 E1144.82133
G1 X171.175 Y107.525 E1144.99728
G1 X168.825 Y107.525 E1145.08082
G0 F9000 X170.725 Y107.975
G0 X169.275 Y107.975
G1 F3000 X170.725 Y107.975 E1145.13236
G1 X170.725 Y112.025 E1145.27632
G1 X169.275 Y112.025 E1145.32787
G1 X169.275 Y107.975 E1145.47183
G1 F2400 E1143.47183
;MESH:Horiz_1_edged.stl
G0 F9000 X169.275 Y106.635
G0 X172.307 Y106.652
G0 X172.745 Y107.975
G0 X173.5 Y108.5
;TYPE:WALL-INNER
G1 F1200 E1145.47183
G1 F3900 X173.5 Y111.5 E1145.59032
G1 X185.989 Y111.5 E1146.08359
G1 X185.989 Y108.5 E1146.20208
G1 X173.5 Y108.5 E1146.69535
G0 F9000 X173 Y108
G1 F3900 X173 Y112 E1146.85334
G1 X186.489 Y112 E1147.3861
G1 X186.489 Y108 E1147.54409
G1 X173 Y108 E1148.07686
G0 F9000 X172.525 Y107.54
;TYPE:WALL-OUTER
G1 F3000 X172.525 Y112.475 E1148.25228
G1 X186.964 Y112.475 E1148.76554
G1 X186.964 Y107.525 E1148.9415
G1 X172.554 Y107.525 E1149.45373
G1 X172.525 Y107.54 E1149.45489
G0 F9000 X172.525 Y107.74
G0 X173.195 Y108.195
G0 X177.721 Y108.749
;TYPE:FILL
G1 F3000 X177.051 Y111.249 E1149.68796
G0 F9000 X177.917 Y108.75
G1 F3000 X180.417 Y111.249 E1150.00628
G1 F2400 E1148.00628
G0 F9000 X172.745 Y108.5
G0 X172.286 Y106.691
G0 X167.947 Y106.647
G0 X167.255 Y108.5
G0 X113.5 Y108.5
;TYPE:WALL-INNER
G1 F1200 E1150.00628
G1 F3900 X113.5 Y111.5 E1150.12477
G1 X166.5 Y111.5 E1152.21808
G1 X166.5 Y108.5 E1152.33657
G1 X113.5 Y108.5 E1154.42988
G0 F9000 X113 Y108
G1 F3900 X113 Y112 E1154.58786
G1 X167 Y112 E1156.72067
G1 X167 Y108 E1156.87865
G1 X113 Y108 E1159.01146
G0 F9000 X112.525 Y107.54
;TYPE:WALL-OUTER
G1 F3000 X112.525 Y112.475 E1159.18688
G1 X167.475 Y112.475 E1161.14018
G1 X167.475 Y107.525 E1161.31613
G1 X112.554 Y107.525 E1163.2684
G1 X112.525 Y107.54 E1163.26956
G0 F9000 X112.525 Y107.74
G0 X113.195 Y108.195
G0 X113.749 Y109.069
;TYPE:FILL
G1 F3000 X115.93 Y111.25 E1163.54731
G0 F9000 X118.04 Y111.249
G1 F3000 X118.71 Y108.748 E1163.78048
G0 F9000 X118.118 Y111.249
G1 F3000 X127.447 Y108.749 E1164.65021
G0 F9000 X129.551 Y108.75
G1 F3000 X132.052 Y111.25 E1164.96866
G0 F9000 X129.842 Y111.249
G1 F3000 X130.512 Y108.748 E1165.20182
G0 F9000 X141.644 Y111.25
G1 F3000 X142.315 Y108.748 E1165.43509
G0 F9000 X145.673 Y108.75
G1 F3000 X148.174 Y111.25 E1165.75353
G0 F9000 X153.447 Y111.249
G1 F3000 X154.117 Y108.748 E1165.9867
G0 F9000 X161.795 Y108.75
G1 F3000 X164.296 Y111.25 E1166.30514
G0 F9000 X165.249 Y111.249
G1 F3000 X165.919 Y108.748 E1166.5383
G0 F9000 X166.249 Y110.155
G1 F3000 X162.165 Y111.249 E1166.91904
G1 F2400 E1164.91904
G0 F9000 X112.745 Y108.5
G0 X112.286 Y106.691
G0 X107.947 Y106.647
G0 X107.255 Y108.5
G0 X53.5 Y108.5
;TYPE:WALL-INNER
G1 F1200 E1166.91904
G1 F3900 X53.5 Y111.5 E1167.03753
G1 X106.5 Y111.5 E1169.13084
G1 X106.5 Y108.5 E1169.24933
G1 X53.5 Y108.5 E1171.34264
G0 F9000 X53 Y108
G1 F3900 X53 Y112 E1171.50062
G1 X107 Y112 E1173.63343
G1 X107 Y108 E1173.79141
G1 X53 Y108 E1175.92422
G0 F9000 X52.525 Y107.54
;TYPE:WALL-OUTER
G1 F3000 X52.525 Y112.475 E1176.09964
G1 X107.475 Y112.475 E1178.05294
G1 X107.475 Y107.525 E1178.2289
G1 X52.554 Y107.525 E1180.18116
G1 X52.525 Y107.54 E1180.18232
G0 F9000 X52.525 Y107.74
G0 X53.195 Y108.195
G0 X59.699 Y108.749
;TYPE:FILL
G1 F3000 X59.029 Y111.249 E1180.41539
G0 F9000 X65.062 Y108.748
G1 F3000 X67.562 Y111.249 E1180.73384
G0 F9000 X70.832 Y111.249
G1 F3000 X71.502 Y108.748 E1180.967
G0 F9000 X74.071 Y111.249
G1 F3000 X83.403 Y108.749 E1181.837
G1 X83.304 Y108.748
G1 X82.634 Y111.25 E1182.07025
G0 F9000 X83.684 Y111.249
G1 F3000 X81.184 Y108.748 E1182.38869
G0 F9000 X94.436 Y111.249
G1 F3000 X95.106 Y108.748 E1182.62185
G0 F9000 X97.306 Y108.748
G1 F3000 X99.806 Y111.249 E1182.9403
G1 F2400 E1180.9403
G0 F9000 X52.745 Y108.5
G0 X52.286 Y106.691
G0 X47.947 Y106.647
G0 X47.255 Y108.5
G0 X34.011 Y108.5
;TYPE:WALL-INNER
G1 F1200 E1182.9403
G1 F3900 X34.011 Y111.5 E1183.05879
G1 X46.5 Y111.5 E1183.55206
G1 X46.5 Y108.5 E1183.67055
G1 X34.011 Y108.5 E1184.16382
G0 F9000 X33.511 Y108
G1 F3900 X33.511 Y112 E1184.3218
G1 X47 Y112 E1184.85457
G1 X47 Y108 E1185.01255
G1 X33.511 Y108 E1185.54532
G0 F9000 X33.036 Y107.54
;TYPE:WALL-OUTER
G1 F3000 X33.036 Y112.475 E1185.72075
G1 X47.475 Y112.475 E1186.234
G1 X47.475 Y107.525 E1186.40996
G1 X33.065 Y107.525 E1186.92219
G1 X33.036 Y107.54 E1186.92335
G0 F9000 X33.036 Y107.74
G0 X33.706 Y108.195
G0 X34.261 Y110.114
;TYPE:FILL
G1 F3000 X39.357 Y108.749 E1187.39843
G0 F9000 X36.095 Y108.749
G1 F3000 X35.425 Y111.249 E1187.63151
G1 X35.318 Y111.249
G1 X34.26 Y110.191 E1187.76625
G1 F2400 E1185.76625
;MESH:NONMESH
G0 F600 X34.26 Y110.191 Z4.88
G0 F9000 X47.261 Y107.739
G0 X48.825 Y107.525
;TIME_ELAPSED:1192.646510
;LAYER:23
;TYPE:SUPPORT
G1 F1200 E1187.76625
G1 F3000 X48.825 Y112.475 E1187.9422
G1 X51.175 Y112.475 E1188.02574
G1 X51.175 Y107.525 E1188.20169
G1 X48.825 Y107.525 E1188.28523
G1 F2400 E1186.28523
G0 F9000 X48.825 Y106.635
G0 X33.295 Y106.637
G0 X32.748 Y106.913
G0 X32.588 Y107.394
G0 X32.589 Y112.657
G0 X32.865 Y113.204
G0 X33.253 Y113.333
G0 X49.5 Y113.365
G0 X49.5 Y112.025
G0 X49.5 Y113.365
G0 X33.346 Y113.364
G0 X32.865 Y113.204
G0 X32.589 Y112.657
G0 X32.588 Y107.394
G0 X32.748 Y106.913
G0 X33.24 Y106.665
G0 X49.275 Y106.635
G0 X49.275 Y107.975
G1 F1200 E1188.28523
G1 F3000 X49.5 Y107.975 E1188.29323
G1 X50.725 Y107.975 E1188.33677
G1 X50.725 Y112.025 E1188.48074
G1 X49.5 Y112.025 E1188.52428
G1 X49.275 Y112.025 E1188.53228
G1 X49.275 Y107.975 E1188.67624
G0 F9000 X49.5 Y107.975
G1 F3000 X49.5 Y112.025 E1188.82021
G1 F2400 E1186.82021
G0 F9000 X49.5 Y113.365
G0 X33.346 Y113.364
G0 X32.865 Y113.204
G0 X32.589 Y112.657
G0 X32.588 Y107.394
G0 X32.748 Y106.913
G0 X33.295 Y106.637
G0 X107.606 Y106.636
G0 X107.952 Y106.766
G0 X108.825 Y107.525
G1 F1200 E1188.82021
G1 F3000 X108.825 Y112.475 E1188.99616
G1 X111.175 Y112.475 E1189.0797
G1 X111.175 Y107.525 E1189.25566
G1 X108.825 Y107.525 E1189.33919
G1 F2400 E1187.33919
G0 F9000 X108.825 Y106.635
G0 X33.295 Y106.637
G0 X32.748 Y106.913
G0 X32.588 Y107.394
G0 X32.589 Y112.657
G0 X32.865 Y113.204
G0 X33.253 Y113.333
G0 X110.25 Y113.365
G0 X110.25 Y112.025
G0 X110.25 Y113.365
G0 X33.346 Y113.364
G0 X32.865 Y113.204
G0 X32.589 Y112.657
G0 X32.588 Y107.394
G0 X32.748 Y106.913
G0 X33.24 Y106.665
G0 X109.275 Y106.635
G0 X109.275 Y107.975
G1 F1200 E1189.33919
G1 F3000 X110.25 Y107.975 E1189.37385
G1 X110.725 Y107.975 E1189.39073
G1 X110.725 Y112.025 E1189.5347
G1 X110.25 Y112.025 E1189.55158
G1 X109.275 Y112.025 E1189.58624
G1 X109.275 Y107.975 E1189.7302
G0 F9000 X110.25 Y107.975
G1 F3000 X110.25 Y112.025 E1189.87417
G1 F2400 E1187.87417
G0 F9000 X110.25 Y113.365
G0 X186.705 Y113.363
G0 X187.252 Y113.087
G0 X187.412 Y112.606
G0 X187.411 Y107.343
G0 X187.135 Y106.796
G0 X186.654 Y106.636
G0 X167.947 Y106.647
G0 X168.825 Y107.525
G1 F1200 E1189.87417
G1 F3000 X168.825 Y112.475 E1190.05013
G1 X171.175 Y112.475 E1190.13366
G1 X171.175 Y107.525 E1190.30962
G1 X168.825 Y107.525 E1190.39315
G0 F9000 X170.725 Y107.975
G0 X169.275 Y107.975
G1 F3000 X170.725 Y107.975 E1190.44469
G1 X170.725 Y112.025 E1190.58866
G1 X169.275 Y112.025 E1190.6402
G1 X169.275 Y107.975 E1190.78417
G1 F2400 E1188.78417
;MESH:Horiz_1_edged.stl
G0 F9000 X169.275 Y106.635
G0 X172.307 Y106.652
G0 X172.745 Y107.975
G0 X173.5 Y108.5
;TYPE:WALL-INNER
G1 F1200 E1190.78417
G1 F3900 X173.5 Y111.5 E1190.90266
G1 X185.548 Y111.5 E1191.37851
G1 X185.548 Y108.5 E1191.497
G1 X173.5 Y108.5 E1191.97285
G0 F9000 X173 Y108
G1 F3900 X173 Y112 E1192.13084
G1 X186.048 Y112 E1192.64619
G1 X186.048 Y108 E1192.80417
G1 X173 Y108 E1193.31952
G0 F9000 X172.525 Y107.54
;TYPE:WALL-OUTER
G1 F3000 X172.525 Y112.475 E1193.49494
G1 X186.523 Y112.475 E1193.99253
G1 X186.523 Y107.525 E1194.16848
G1 X172.554 Y107.525 E1194.66504
G1 X172.525 Y107.54 E1194.6662
G0 F9000 X172.525 Y107.74
G0 X173.625 Y108.478
G1 F2400 E1192.6662
G0 F9000 X172.745 Y108.5
G0 X172.286 Y106.691
G0 X167.947 Y106.647
G0 X167.255 Y108.5
G0 X113.5 Y108.5
;TYPE:WALL-INNER
G1 F1200 E1194.6662
G1 F3900 X113.5 Y111.5 E1194.78469
G1 X166.5 Y111.5 E1196.878
G1 X166.5 Y108.5 E1196.99649
G1 X113.5 Y108.5 E1199.08979
G0 F9000 X113 Y108
G1 F3900 X113 Y112 E1199.24778
G1 X167 Y112 E1201.38059
G1 X167 Y108 E1201.53857
G1 X113 Y108 E1203.67138
G0 F9000 X112.525 Y107.54
;TYPE:WALL-OUTER
G1 F3000 X112.525 Y112.475 E1203.8468
G1 X167.475 Y112.475 E1205.8001
G1 X167.475 Y107.525 E1205.97605
G1 X112.554 Y107.525 E1207.92832
G1 X112.525 Y107.54 E1207.92948
G0 F9000 X112.525 Y107.74
G0 X113.625 Y108.478
G1 F2400 E1205.92948
G0 F9000 X112.745 Y108.5
G0 X112.286 Y106.691
G0 X107.947 Y106.647
G0 X107.255 Y108.5
G0 X53.5 Y108.5
;TYPE:WALL-INNER
G1 F1200 E1207.92948
G1 F3900 X53.5 Y111.5 E1208.04797
G1 X106.5 Y111.5 E1210.14128
G1 X106.5 Y108.5 E1210.25977
G1 X53.5 Y108.5 E1212.35308
G0 F9000 X53 Y108
G1 F3900 X53 Y112 E1212.51106
G1 X107 Y112 E1214.64387
G1 X107 Y108 E1214.80185
G1 X53 Y108 E1216.93466
G0 F9000 X52.525 Y107.54
;TYPE:WALL-OUTER
G1 F3000 X52.525 Y112.475 E1217.11008
G1 X107.475 Y112.475 E1219.06338
G1 X107.475 Y107.525 E1219.23933
G1 X52.554 Y107.525 E1221.1916
G1 X52.525 Y107.54 E1221.19276
G0 F9000 X52.525 Y107.74
G0 X53.625 Y108.478
G1 F2400 E1219.19276
G0 F9000 X52.745 Y108.5
G0 X52.286 Y106.691
G0 X47.947 Y106.647
G0 X47.255 Y108.5
G0 X34.452 Y108.5
;TYPE:WALL-INNER
G1 F1200 E1221.19276
G1 F3900 X34.452 Y111.5 E1221.31125
G1 X46.5 Y111.5 E1221.7871
G1 X46.5 Y108.5 E1221.90559
G1 X34.452 Y108.5 E1222.38144
G0 F9000 X33.952 Y108
G1 F3900 X33.952 Y112 E1222.53943
G1 X47 Y112 E1223.05478
G1 X47 Y108 E1223.21276
G1 X33.952 Y108 E1223.72811
G0 F9000 X33.477 Y107.54
;TYPE:WALL-OUTER
G1 F3000 X33.477 Y112.475 E1223.90354
G1 X47.475 Y112.475 E1224.40112
G1 X47.475 Y107.525 E1224.57708
G1 X33.506 Y107.525 E1225.07363
G1 X33.477 Y107.54 E1225.07479
G0 F9000 X33.477 Y107.74
G0 X34.147 Y108.195
G0 X34.701 Y110.142
;TYPE:FILL
G1 F3000 X35.141 Y110.024 E1225.0953
G0 F9000 X34.701 Y110.433
G1 F3000 X35.143 Y110.874 E1225.12341
G1 F2400 E1223.12341
;MESH:NONMESH
G0 F600 X35.143 Y110.874 Z5.08
G0 F9000 X47.261 Y107.739
G0 X48.825 Y107.525
;TIME_ELAPSED:1227.865784
;LAYER:24
;TYPE:SUPPORT
G1 F1200 E1225.12341
G1 F3000 X48.825 Y112.475 E1225.29937
G1 X51.175 Y112.475 E1225.38291
G1 X51.175 Y107.525 E1225.55886
G1 X48.825 Y107.525 E1225.6424
G1 F2400 E1223.6424
G0 F9000 X48.825 Y106.635
G0 X33.736 Y106.637
G0 X33.189 Y106.913
G0 X33.029 Y107.394
G0 X33.03 Y112.657
G0 X33.306 Y113.204
G0 X33.694 Y113.333
G0 X49.5 Y113.365
G0 X49.5 Y112.025
G0 X49.5 Y113.365
G0 X33.787 Y113.364
G0 X33.306 Y113.204
G0 X33.03 Y112.657
G0 X33.029 Y107.394
G0 X33.189 Y106.913
G0 X33.681 Y106.665
G0 X49.275 Y106.635
G0 X49.275 Y107.975
G1 F1200 E1225.6424
G1 F3000 X49.5 Y107.975 E1225.65039
G1 X50.725 Y107.975 E1225.69394
G1 X50.725 Y112.025 E1225.8379
G1 X49.5 Y112.025 E1225.88145
G1 X49.275 Y112.025 E1225.88945
G1 X49.275 Y107.975 E1226.03341
G0 F9000 X49.5 Y107.975
G1 F3000 X49.5 Y112.025 E1226.17738
G1 F2400 E1224.17738
G0 F9000 X49.5 Y113.365
G0 X33.787 Y113.364
G0 X33.306 Y113.204
G0 X33.03 Y112.657
G0 X33.029 Y107.394
G0 X33.189 Y106.913
G0 X33.736 Y106.637
G0 X107.606 Y106.636
G0 X107.952 Y106.766
G0 X108.825 Y107.525
G1 F1200 E1226.17738
G1 F3000 X108.825 Y112.475 E1226.35333
G1 X111.175 Y112.475 E1226.43687
G1 X111.175 Y107.525 E1226.61282
G1 X108.825 Y107.525 E1226.69636
G1 F2400 E1224.69636
G0 F9000 X108.825 Y106.635
G0 X33.736 Y106.637
G0 X33.189 Y106.913
G0 X33.029 Y107.394
G0 X33.03 Y112.657
G0 X33.306 Y113.204
G0 X33.694 Y113.333
G0 X110.25 Y113.365
G0 X110.25 Y112.025
G0 X110.25 Y113.365
G0 X33.787 Y113.364
G0 X33.306 Y113.204
G0 X33.03 Y112.657
G0 X33.029 Y107.394
G0 X33.189 Y106.913
G0 X33.681 Y106.665
G0 X109.275 Y106.635
G0 X109.275 Y107.975
G1 F1200 E1226.69636
G1 F3000 X110.25 Y107.975 E1226.73102
G1 X110.725 Y107.975 E1226.7479
G1 X110.725 Y112.025 E1226.89187
G1 X110.25 Y112.025 E1226.90875
G1 X109.275 Y112.025 E1226.94341
G1 X109.275 Y107.975 E1227.08737
G0 F9000 X110.25 Y107.975
G1 F3000 X110.25 Y112.025 E1227.23134
G1 F2400 E1225.23134
G0 F9000 X110.25 Y113.365
G0 X186.264 Y113.363
G0 X186.811 Y113.087
G0 X186.971 Y112.606
G0 X186.97 Y107.343
G0 X186.694 Y106.796
G0 X186.213 Y106.636
G0 X167.947 Y106.647
G0 X168.825 Y107.525
G1 F1200 E1227.23134
G1 F3000 X168.825 Y112.475 E1227.40729
G1 X171.175 Y112.475 E1227.49083
G1 X171.175 Y107.525 E1227.66679
G1 X168.825 Y107.525 E1227.75032
G0 F9000 X170.725 Y107.975
G0 X169.275 Y107.975
G1 F3000 X170.725 Y107.975 E1227.80186
G1 X170.725 Y112.025 E1227.94583
G1 X169.275 Y112.025 E1227.99737
G1 X169.275 Y107.975 E1228.14133
G1 F2400 E1226.14133
;MESH:Horiz_1_edged.stl
G0 F9000 X169.275 Y106.635
G0 X172.307 Y106.652
G0 X172.745 Y107.975
G0 X173.5 Y108.5
;TYPE:WALL-INNER
G1 F1200 E1228.14133
G1 F3900 X173.5 Y111.5 E1228.25982
G1 X185.107 Y111.5 E1228.71826
G1 X185.107 Y108.5 E1228.83675
G1 X173.5 Y108.5 E1229.29518
G0 F9000 X173 Y108
G1 F3900 X173 Y112 E1229.45317
G1 X185.607 Y112 E1229.9511
G1 X185.607 Y108 E1230.10909
G1 X173 Y108 E1230.60702
G0 F9000 X172.525 Y107.54
;TYPE:WALL-OUTER
G1 F3000 X172.525 Y112.475 E1230.78244
G1 X186.082 Y112.475 E1231.26435
G1 X186.082 Y107.525 E1231.4403
G1 X172.554 Y107.525 E1231.92118
G1 X172.525 Y107.54 E1231.92234
G0 F9000 X172.525 Y107.74
G0 X173.195 Y108.195
G0 X177.428 Y108.748
;TYPE:FILL
G1 F3000 X176.758 Y111.25 E1232.15559
G0 F9000 X178.318 Y108.75
G1 F3000 X180.817 Y111.249 E1232.47384
G1 F2400 E1230.47384
G0 F9000 X172.745 Y108.5
G0 X172.286 Y106.691
G0 X167.947 Y106.647
G0 X167.255 Y108.5
G0 X113.5 Y108.5
;TYPE:WALL-INNER
G1 F1200 E1232.47384
G1 F3900 X113.5 Y111.5 E1232.59233
G1 X166.5 Y111.5 E1234.68564
G1 X166.5 Y108.5 E1234.80413
G1 X113.5 Y108.5 E1236.89744
G0 F9000 X113 Y108
G1 F3900 X113 Y112 E1237.05543
G1 X167 Y112 E1239.18823
G1 X167 Y108 E1239.34622
G1 X113 Y108 E1241.47902
G0 F9000 X112.525 Y107.54
;TYPE:WALL-OUTER
G1 F3000 X112.525 Y112.475 E1241.65445
G1 X167.475 Y112.475 E1243.60774
G1 X167.475 Y107.525 E1243.7837
G1 X112.554 Y107.525 E1245.73596
G1 X112.525 Y107.54 E1245.73712
G0 F9000 X112.525 Y107.74
G0 X113.195 Y108.195
G0 X113.83 Y108.75
;TYPE:FILL
G1 F3000 X116.33 Y111.25 E1246.05551
G0 F9000 X117.747 Y111.25
G1 F3000 X118.417 Y108.748 E1246.28875
G0 F9000 X119.212 Y111.249
G1 F3000 X128.54 Y108.749 E1247.1584
G0 F9000 X129.952 Y108.75
G1 F3000 X132.452 Y111.25 E1247.47678
G0 F9000 X129.549 Y111.249
G1 F3000 X130.219 Y108.748 E1247.70995
G0 F9000 X141.352 Y111.249
G1 F3000 X142.022 Y108.748 E1247.94311
G0 F9000 X146.074 Y108.75
G1 F3000 X148.574 Y111.25 E1248.26149
G0 F9000 X153.153 Y111.249
G1 F3000 X153.824 Y108.748 E1248.49467
G0 F9000 X162.196 Y108.75
G1 F3000 X164.696 Y111.25 E1248.81305
G1 X164.956 Y111.249
G1 X165.626 Y108.748 E1249.04621
G0 F9000 X166.248 Y110.448
G1 F3000 X163.258 Y111.249 E1249.32496
G1 F2400 E1247.32496
G0 F9000 X112.745 Y108.5
G0 X112.286 Y106.691
G0 X107.947 Y106.647
G0 X107.255 Y108.5
G0 X53.5 Y108.5
;TYPE:WALL-INNER
G1 F1200 E1249.32496
G1 F3900 X53.5 Y111.5 E1249.44345
G1 X106.5 Y111.5 E1251.53676
G1 X106.5 Y108.5 E1251.65525
G1 X53.5 Y108.5 E1253.74856
G0 F9000 X53 Y108
G1 F3900 X53 Y112 E1253.90655
G1 X107 Y112 E1256.03935
G1 X107 Y108 E1256.19734
G1 X53 Y108 E1258.33015
G0 F9000 X52.525 Y107.54
;TYPE:WALL-OUTER
G1 F3000 X52.525 Y112.475 E1258.50557
G1 X107.475 Y112.475 E1260.45886
G1 X107.475 Y107.525 E1260.63482
G1 X52.554 Y107.525 E1262.58708
G1 X52.525 Y107.54 E1262.58824
G0 F9000 X52.525 Y107.74
G0 X53.195 Y108.195
G0 X59.407 Y108.748
;TYPE:FILL
G1 F3000 X58.736 Y111.249 E1262.82143
G0 F9000 X65.462 Y108.748
G1 F3000 X67.962 Y111.249 E1263.13987
G0 F9000 X70.539 Y111.249
G1 F3000 X71.209 Y108.748 E1263.37304
G0 F9000 X75.165 Y111.249
G1 F3000 X84.497 Y108.748 E1264.24306
G0 F9000 X83.011 Y108.748
G1 F3000 X82.341 Y111.25 E1264.4763
G0 F9000 X84.084 Y111.249
G1 F3000 X81.584 Y108.748 E1264.79475
G0 F9000 X94.143 Y111.249
G1 F3000 X94.813 Y108.749 E1265.02782
G0 F9000 X97.706 Y108.748
G1 F3000 X100.206 Y111.249 E1265.34627
G0 F9000 X105.945 Y111.249
G1 F3000 X106.249 Y110.113 E1265.45217
G1 F2400 E1263.45217
G0 F9000 X52.745 Y108.5
G0 X52.286 Y106.691
G0 X47.947 Y106.647
G0 X47.255 Y108.5
G0 X34.893 Y108.5
;TYPE:WALL-INNER
G1 F1200 E1265.45217
G1 F3900 X34.893 Y111.5 E1265.57066
G1 X46.5 Y111.5 E1266.02909
G1 X46.5 Y108.5 E1266.14758
G1 X34.893 Y108.5 E1266.60601
G0 F9000 X34.393 Y108
G1 F3900 X34.393 Y112 E1266.764
G1 X47 Y112 E1267.26193
G1 X47 Y108 E1267.41992
G1 X34.393 Y108 E1267.91785
G0 F9000 X33.918 Y107.54
;TYPE:WALL-OUTER
G1 F3000 X33.918 Y112.475 E1268.09327
G1 X47.475 Y112.475 E1268.57518
G1 X47.475 Y107.525 E1268.75114
G1 X33.947 Y107.525 E1269.23201
G1 X33.918 Y107.54 E1269.23317
G0 F9000 X33.918 Y107.74
G0 X34.588 Y108.195
G0 X35.802 Y108.748
;TYPE:FILL
G1 F3000 X35.143 Y111.21 E1269.46269
G0 F9000 X35.142 Y110.672
G1 F3000 X35.718 Y111.249 E1269.5361
G0 F9000 X35.142 Y110.171
G1 F3000 X40.448 Y108.749 E1270.03078
G1 F2400 E1268.03078
;MESH:NONMESH
G0 F600 X40.448 Y108.749 Z5.28
G0 F9000 X47.261 Y107.739
G0 X47.952 Y106.766
G0 X107.606 Y106.636
G0 X107.952 Y106.766
G0 X108.825 Y107.525
;TIME_ELAPSED:1270.465060
;LAYER:25
;TYPE:SUPPORT
G1 F1200 E1270.03078
G1 F3000 X108.825 Y112.475 E1270.20674
G1 X111.175 Y112.475 E1270.29027
G1 X111.175 Y107.525 E1270.46623
G1 X108.825 Y107.525 E1270.54976
G1 F2400 E1268.54976
G0 F9000 X108.825 Y106.635
G0 X34.178 Y106.637
G0 X33.631 Y106.913
G0 X33.471 Y107.394
G0 X33.472 Y112.657
G0 X33.748 Y113.204
G0 X34.136 Y113.333
G0 X110.25 Y113.365
G0 X110.25 Y112.025
G0 X110.25 Y113.365
G0 X34.229 Y113.364
G0 X33.748 Y113.204
G0 X33.472 Y112.657
G0 X33.471 Y107.394
G0 X33.631 Y106.913
G0 X34.123 Y106.665
G0 X109.275 Y106.635
G0 X109.275 Y107.975
G1 F1200 E1270.54976
G1 F3000 X110.25 Y107.975 E1270.58442
G1 X110.725 Y107.975 E1270.60131
G1 X110.725 Y112.025 E1270.74527
G1 X110.25 Y112.025 E1270.76216
G1 X109.275 Y112.025 E1270.79681
G1 X109.275 Y107.975 E1270.94078
G0 F9000 X110.25 Y107.975
G1 F3000 X110.25 Y112.025 E1271.08474
G1 F2400 E1269.08474
G0 F9000 X110.25 Y113.365
G0 X167.657 Y113.363
G0 X168.599 Y111.323
;TYPE:SUPPORT-INTERFACE
G1 F1200 E1271.08474
G1 F2700 X169.975 Y112.7 E1271.15394
G1 X169.859 Y112.7
G1 X171.399 Y111.16 E1271.23136
G0 F9000 X171.399 Y110.305
G1 F2700 X168.599 Y107.504 E1271.37214
G0 F9000 X168.599 Y110.141
G1 F2700 X171.399 Y107.342 E1271.51287
G1 F2400 E1269.51287
G0 F9000 X171.399 Y106.635
G0 X52.343 Y106.637
G0 X51.4 Y108.675
G1 F1200 E1271.51287
G1 F2700 X50.023 Y107.299 E1271.58207
G0 F9000 X49.254 Y107.299
G1 F2700 X48.6 Y107.953 E1271.61495
G0 F9000 X48.599 Y109.693
G1 F2700 X51.4 Y112.494 E1271.75576
G0 F9000 X48.6 Y111.771
G1 F2700 X51.399 Y108.972 E1271.89646
G1 F2400 E1269.89646
;MESH:Horiz_1_edged.stl
G0 F9000 X52.745 Y108.972
G0 X53.5 Y108.5
;TYPE:WALL-INNER
G1 F1200 E1271.89646
G1 F3900 X53.5 Y111.5 E1272.01495
G1 X106.5 Y111.5 E1274.10826
G1 X106.5 Y108.5 E1274.22675
G1 X53.5 Y108.5 E1276.32006
G0 F9000 X53 Y108
G1 F3900 X53 Y112 E1276.47805
G1 X107 Y112 E1278.61085
G1 X107 Y108 E1278.76884
G1 X53 Y108 E1280.90165
G0 F9000 X52.525 Y107.54
;TYPE:WALL-OUTER
G1 F3000 X52.525 Y112.475 E1281.07707
G1 X107.475 Y112.475 E1283.03036
G1 X107.475 Y107.525 E1283.20632
G1 X52.554 Y107.525 E1285.15858
G1 X52.525 Y107.54 E1285.15974
G0 F9000 X52.525 Y107.74
G0 X53.625 Y108.478
G1 F2400 E1283.15974
G0 F9000 X52.745 Y108.5
G0 X52.286 Y106.691
G0 X47.947 Y106.647
G0 X47.255 Y108.5
G0 X35.335 Y108.5
;TYPE:WALL-INNER
G1 F1200 E1285.15974
G1 F3900 X35.335 Y111.5 E1285.27823
G1 X46.5 Y111.5 E1285.71921
G1 X46.5 Y108.5 E1285.8377
G1 X35.335 Y108.5 E1286.27868
G0 F9000 X34.835 Y108
G1 F3900 X34.835 Y112 E1286.43666
G1 X47 Y112 E1286.91714
G1 X47 Y108 E1287.07512
G1 X34.835 Y108 E1287.5556
G0 F9000 X34.36 Y107.54
;TYPE:WALL-OUTER
G1 F3000 X34.36 Y112.475 E1287.73102
G1 X47.475 Y112.475 E1288.19722
G1 X47.475 Y107.525 E1288.37317
G1 X34.389 Y107.525 E1288.83834
G1 X34.36 Y107.54 E1288.8395
G0 F9000 X34.36 Y107.74
G0 X35.03 Y108.195
G0 X35.656 Y108.749
;TYPE:FILL
G1 F3000 X35.585 Y109.015 E1288.85189
G0 F9000 X36.024 Y110.081
G1 F3000 X35.584 Y110.199 E1288.87241
G0 F9000 X35.585 Y110.916
G1 F3000 X35.918 Y111.249 E1288.89361
G1 F2400 E1286.89361
G0 F9000 X47.255 Y108.5
G0 X47.952 Y106.766
G0 X112.307 Y106.652
G0 X112.745 Y108.5
G0 X113.5 Y108.5
;TYPE:WALL-INNER
G1 F1200 E1288.89361
G1 F3900 X113.5 Y111.5 E1289.0121
G1 X166.5 Y111.5 E1291.10541
G1 X166.5 Y108.5 E1291.2239
G1 X113.5 Y108.5 E1293.31721
G0 F9000 X113 Y108
G1 F3900 X113 Y112 E1293.47519
G1 X167 Y112 E1295.608
G1 X167 Y108 E1295.76599
G1 X113 Y108 E1297.89879
G0 F9000 X112.525 Y107.54
;TYPE:WALL-OUTER
G1 F3000 X112.525 Y112.475 E1298.07421
G1 X167.475 Y112.475 E1300.02751
G1 X167.475 Y107.525 E1300.20347
G1 X112.554 Y107.525 E1302.15573
G1 X112.525 Y107.54 E1302.15689
G0 F9000 X112.525 Y107.74
G0 X113.625 Y108.478
G1 F2400 E1300.15689
G0 F9000 X167.255 Y108.5
G0 X167.952 Y106.766
G0 X172.307 Y106.652
G0 X172.745 Y108.5
G0 X173.5 Y108.5
;TYPE:WALL-INNER
G1 F1200 E1302.15689
G1 F3900 X173.5 Y111.5 E1302.27538
G1 X184.665 Y111.5 E1302.71636
G1 X184.665 Y108.5 E1302.83485
G1 X173.5 Y108.5 E1303.27582
G0 F9000 X173 Y108
G1 F3900 X173 Y112 E1303.43381
G1 X185.165 Y112 E1303.91428
G1 X185.165 Y108 E1304.07227
G1 X173 Y108 E1304.55274
G0 F9000 X172.525 Y107.54
;TYPE:WALL-OUTER
G1 F3000 X172.525 Y112.475 E1304.72817
G1 X185.64 Y112.475 E1305.19436
G1 X185.64 Y107.525 E1305.37032
G1 X172.554 Y107.525 E1305.83548
G1 X172.525 Y107.54 E1305.83664
G0 F9000 X172.525 Y107.74
G0 X173.625 Y108.478
G1 F2400 E1303.83664
;MESH:NONMESH
G0 F600 X173.625 Y108.478 Z5.48
G0 F9000 X172.739 Y107.739
G0 X172.286 Y106.691
G0 X108.825 Y106.635
G0 X108.825 Y107.525
;TIME_ELAPSED:1302.556115
;LAYER:26
;TYPE:SUPPORT
G1 F1200 E1305.83664
G1 F3000 X108.825 Y112.475 E1306.0126
G1 X111.175 Y112.475 E1306.09614
G1 X111.175 Y107.525 E1306.27209
G1 X108.825 Y107.525 E1306.35563
G1 F2400 E1304.35563
G0 F9000 X108.825 Y106.635
G0 X34.619 Y106.637
G0 X34.072 Y106.913
G0 X33.912 Y107.394
G0 X33.913 Y112.657
G0 X34.189 Y113.204
G0 X34.577 Y113.333
G0 X110.25 Y113.365
G0 X110.25 Y112.025
G0 X110.25 Y113.365
G0 X34.67 Y113.364
G0 X34.189 Y113.204
G0 X33.913 Y112.657
G0 X33.912 Y107.394
G0 X34.072 Y106.913
G0 X34.564 Y106.665
G0 X109.275 Y106.635
G0 X109.275 Y107.975
G1 F1200 E1306.35563
G1 F3000 X110.25 Y107.975 E1306.39029
G1 X110.725 Y107.975 E1306.40717
G1 X110.725 Y112.025 E1306.55113
G1 X110.25 Y112.025 E1306.56802
G1 X109.275 Y112.025 E1306.60268
G1 X109.275 Y107.975 E1306.74664
G0 F9000 X110.25 Y107.975
G1 F3000 X110.25 Y112.025 E1306.89061
G1 F2400 E1304.89061
G0 F9000 X110.25 Y113.365
G0 X167.657 Y113.363
G0 X168.599 Y111.323
;TYPE:SUPPORT-INTERFACE
G1 F1200 E1306.89061
G1 F2700 X169.975 Y112.7 E1306.9598
G1 X169.859 Y112.7
G1 X171.399 Y111.16 E1307.03722
G0 F9000 X171.399 Y110.305
G1 F2700 X168.599 Y107.504 E1307.178
G0 F9000 X168.599 Y110.141
G1 F2700 X171.399 Y107.342 E1307.31874
G1 F2400 E1305.31874
G0 F9000 X171.399 Y106.635
G0 X52.343 Y106.637
G0 X51.4 Y108.675
G1 F1200 E1307.31874
G1 F2700 X50.023 Y107.299 E1307.38793
G0 F9000 X49.254 Y107.299
G1 F2700 X48.6 Y107.953 E1307.42081
G0 F9000 X48.599 Y109.693
G1 F2700 X51.4 Y112.494 E1307.56162
G0 F9000 X48.6 Y111.771
G1 F2700 X51.399 Y108.972 E1307.70233
G1 F2400 E1305.70233
;MESH:Horiz_1_edged.stl
G0 F9000 X52.745 Y108.972
G0 X53.5 Y108.5
;TYPE:WALL-INNER
G1 F1200 E1307.70233
G1 F3900 X53.5 Y111.5 E1307.82082
G1 X106.5 Y111.5 E1309.91413
G1 X106.5 Y108.5 E1310.03262
G1 X53.5 Y108.5 E1312.12593
G0 F9000 X53 Y108
G1 F3900 X53 Y112 E1312.28391
G1 X107 Y112 E1314.41672
G1 X107 Y108 E1314.5747
G1 X53 Y108 E1316.70751
G0 F9000 X52.525 Y107.54
;TYPE:WALL-OUTER
G1 F3000 X52.525 Y112.475 E1316.88293
G1 X107.475 Y112.475 E1318.83623
G1 X107.475 Y107.525 E1319.01218
G1 X52.554 Y107.525 E1320.96445
G1 X52.525 Y107.54 E1320.96561
G0 F9000 X52.525 Y107.74
G0 X53.195 Y108.195
G0 X59.115 Y108.748
;TYPE:FILL
G1 F3000 X58.444 Y111.249 E1321.19879
G0 F9000 X65.861 Y108.748
G1 F3000 X68.361 Y111.249 E1321.51724
G0 F9000 X70.246 Y111.25
G1 F3000 X70.917 Y108.748 E1321.75051
G0 F9000 X76.254 Y111.249
G1 F3000 X85.586 Y108.749 E1322.62051
G0 F9000 X84.483 Y111.249
G1 F3000 X81.983 Y108.748 E1322.93895
G0 F9000 X82.719 Y108.748
G1 F3000 X82.049 Y111.249 E1323.17211
G0 F9000 X93.851 Y111.249
G1 F3000 X94.521 Y108.748 E1323.40527
G0 F9000 X98.105 Y108.748
G1 F3000 X100.605 Y111.249 E1323.72372
G0 F9000 X105.653 Y111.249
G1 F3000 X106.249 Y109.024 E1323.93115
G1 F2400 E1321.93115
G0 F9000 X52.745 Y108.5
G0 X52.286 Y106.691
G0 X47.947 Y106.647
G0 X47.255 Y108.5
G0 X35.776 Y108.5
;TYPE:WALL-INNER
G1 F1200 E1323.93115
G1 F3900 X35.776 Y111.5 E1324.04964
G1 X46.5 Y111.5 E1324.4732
G1 X46.5 Y108.5 E1324.59169
G1 X35.776 Y108.5 E1325.01525
G0 F9000 X35.276 Y108
G1 F3900 X35.276 Y112 E1325.17323
G1 X47 Y112 E1325.63629
G1 X47 Y108 E1325.79427
G1 X35.276 Y108 E1326.25733
G0 F9000 X34.801 Y107.54
;TYPE:WALL-OUTER
G1 F3000 X34.801 Y112.475 E1326.43275
G1 X47.475 Y112.475 E1326.88327
G1 X47.475 Y107.525 E1327.05923
G1 X34.83 Y107.525 E1327.50872
G1 X34.801 Y107.54 E1327.50988
G0 F9000 X34.801 Y107.74
G0 X35.471 Y108.195
G0 X36.025 Y110.226
;TYPE:FILL
G1 F3000 X41.539 Y108.749 E1328.02393
G0 F9000 X36.117 Y111.249
G1 F3000 X36.025 Y111.157 E1328.03564
G1 F2400 E1326.03564
G0 F9000 X47.255 Y108.5
G0 X47.952 Y106.766
G0 X112.307 Y106.652
G0 X112.745 Y108.5
G0 X113.5 Y108.5
;TYPE:WALL-INNER
G1 F1200 E1328.03564
G1 F3900 X113.5 Y111.5 E1328.15413
G1 X166.5 Y111.5 E1330.24744
G1 X166.5 Y108.5 E1330.36593
G1 X113.5 Y108.5 E1332.45924
G0 F9000 X113 Y108
G1 F3900 X113 Y112 E1332.61723
G1 X167 Y112 E1334.75003
G1 X167 Y108 E1334.90802
G1 X113 Y108 E1337.04083
G0 F9000 X112.525 Y107.54
;TYPE:WALL-OUTER
G1 F3000 X112.525 Y112.475 E1337.21625
G1 X167.475 Y112.475 E1339.16954
G1 X167.475 Y107.525 E1339.3455
G1 X112.554 Y107.525 E1341.29777
G1 X112.525 Y107.54 E1341.29893
G0 F9000 X112.525 Y107.74
G0 X113.195 Y108.195
G0 X114.228 Y108.75
;TYPE:FILL
G1 F3000 X116.729 Y111.25 E1341.61737
G0 F9000 X117.455 Y111.249
G1 F3000 X118.125 Y108.748 E1341.85053
G0 F9000 X120.301 Y111.249
G1 F3000 X129.629 Y108.749 E1342.72018
G0 F9000 X129.928 Y108.748
G1 F3000 X129.257 Y111.25 E1342.95345
G0 F9000 X130.35 Y108.75
G1 F3000 X132.851 Y111.25 E1343.2719
G0 F9000 X141.059 Y111.249
G1 F3000 X141.73 Y108.748 E1343.50508
G0 F9000 X146.472 Y108.75
G1 F3000 X148.973 Y111.25 E1343.82353
G0 F9000 X152.862 Y111.249
G1 F3000 X153.532 Y108.748 E1344.05669
G0 F9000 X162.594 Y108.75
G1 F3000 X165.095 Y111.25 E1344.37513
G0 F9000 X164.664 Y111.249
G1 F3000 X165.334 Y108.748 E1344.60829
G0 F9000 X166.248 Y110.74
G1 F3000 X164.347 Y111.249 E1344.78551
G1 F2400 E1342.78551
G0 F9000 X167.255 Y108.5
G0 X167.952 Y106.766
G0 X172.307 Y106.652
G0 X172.745 Y108.5
G0 X173.5 Y108.5
;TYPE:WALL-INNER
G1 F1200 E1344.78551
G1 F3900 X173.5 Y111.5 E1344.904
G1 X184.224 Y111.5 E1345.32756
G1 X184.224 Y108.5 E1345.44605
G1 X173.5 Y108.5 E1345.86961
G0 F9000 X173 Y108
G1 F3900 X173 Y112 E1346.0276
G1 X184.724 Y112 E1346.49065
G1 X184.724 Y108 E1346.64864
G1 X173 Y108 E1347.11169
G0 F9000 X172.525 Y107.54
;TYPE:WALL-OUTER
G1 F3000 X172.525 Y112.475 E1347.28712
G1 X185.199 Y112.475 E1347.73764
G1 X185.199 Y107.525 E1347.91359
G1 X172.554 Y107.525 E1348.36308
G1 X172.525 Y107.54 E1348.36424
G0 F9000 X172.525 Y107.74
G0 X173.195 Y108.195
G0 X177.136 Y108.748
;TYPE:FILL
G1 F3000 X176.466 Y111.249 E1348.5974
G0 F9000 X178.716 Y108.75
G1 F3000 X181.216 Y111.249 E1348.91572
G1 F2400 E1346.91572
;MESH:NONMESH
G0 F600 X181.216 Y111.249 Z5.68
G0 F9000 X172.739 Y107.739
G0 X172.286 Y106.691
G0 X108.825 Y106.635
G0 X108.825 Y107.525
;TIME_ELAPSED:1340.359672
;LAYER:27
;TYPE:SUPPORT
G1 F1200 E1348.91572
G1 F3000 X108.825 Y112.475 E1349.09168
G1 X111.175 Y112.475 E1349.17521
G1 X111.175 Y107.525 E1349.35117
G1 X108.825 Y107.525 E1349.4347
G1 F2400 E1347.4347
G0 F9000 X108.825 Y106.635
G0 X35.078 Y106.637
G0 X34.531 Y106.913
G0 X34.371 Y107.394
G0 X34.372 Y112.657
G0 X34.648 Y113.204
G0 X35.036 Y113.333
G0 X110.25 Y113.365
G0 X110.25 Y112.025
G0 X110.25 Y113.365
G0 X35.129 Y113.364
G0 X34.648 Y113.204
G0 X34.372 Y112.657
G0 X34.371 Y107.394
G0 X34.531 Y106.913
G0 X35.023 Y106.665
G0 X109.275 Y106.635
G0 X109.275 Y107.975
G1 F1200 E1349.4347
G1 F3000 X110.25 Y107.975 E1349.46936
G1 X110.725 Y107.975 E1349.48625
G1 X110.725 Y112.025 E1349.63021
G1 X110.25 Y112.025 E1349.6471
G1 X109.275 Y112.025 E1349.68175
G1 X109.275 Y107.975 E1349.82572
G0 F9000 X110.25 Y107.975
G1 F3000 X110.25 Y112.025 E1349.96968
G1 F2400 E1347.96968
G0 F9000 X110.25 Y113.365
G0 X167.657 Y113.363
G0 X168.599 Y111.323
;TYPE:SUPPORT-INTERFACE
G1 F1200 E1349.96968
G1 F2700 X169.975 Y112.7 E1350.03888
G1 X169.859 Y112.7
G1 X171.399 Y111.16 E1350.1163
G0 F9000 X171.399 Y110.305
G1 F2700 X168.599 Y107.504 E1350.25708
G0 F9000 X168.599 Y110.141
G1 F2700 X171.399 Y107.342 E1350.39781
G1 F2400 E1348.39781
G0 F9000 X171.399 Y106.635
G0 X52.343 Y106.637
G0 X51.4 Y108.675
G1 F1200 E1350.39781
G1 F2700 X50.023 Y107.299 E1350.46701
G0 F9000 X49.254 Y107.299
G1 F2700 X48.6 Y107.953 E1350.49989
G0 F9000 X48.599 Y109.693
G1 F2700 X51.4 Y112.494 E1350.6407
G0 F9000 X48.6 Y111.771
G1 F2700 X51.399 Y108.972 E1350.7814
G1 F2400 E1348.7814
;MESH:Horiz_1_edged.stl
G0 F9000 X52.745 Y108.972
G0 X53.5 Y108.5
;TYPE:WALL-INNER
G1 F1200 E1350.7814
G1 F3900 X53.5 Y111.5 E1350.89989
G1 X106.5 Y111.5 E1352.9932
G1 X106.5 Y108.5 E1353.11169
G1 X53.5 Y108.5 E1355.205
G0 F9000 X53 Y108
G1 F3900 X53 Y112 E1355.36299
G1 X107 Y112 E1357.49579
G1 X107 Y108 E1357.65378
G1 X53 Y108 E1359.78659
G0 F9000 X52.525 Y107.54
;TYPE:WALL-OUTER
G1 F3000 X52.525 Y112.475 E1359.96201
G1 X107.475 Y112.475 E1361.9153
G1 X107.475 Y107.525 E1362.09126
G1 X52.554 Y107.525 E1364.04352
G1 X52.525 Y107.54 E1364.04469
G0 F9000 X52.525 Y107.74
G0 X53.625 Y108.478
G1 F2400 E1362.04469
G0 F9000 X52.745 Y108.5
G0 X52.286 Y106.691
G0 X47.947 Y106.647
G0 X47.255 Y108.5
G0 X36.235 Y108.5
;TYPE:WALL-INNER
G1 F1200 E1364.04469
G1 F3900 X36.235 Y111.5 E1364.16317
G1 X46.5 Y111.5 E1364.5686
G1 X46.5 Y108.5 E1364.68709
G1 X36.235 Y108.5 E1365.09252
G0 F9000 X35.735 Y108
G1 F3900 X35.735 Y112 E1365.25051
G1 X47 Y112 E1365.69544
G1 X47 Y108 E1365.85342
G1 X35.735 Y108 E1366.29835
G0 F9000 X35.26 Y107.54
;TYPE:WALL-OUTER
G1 F3000 X35.26 Y112.475 E1366.47377
G1 X47.475 Y112.475 E1366.90798
G1 X47.475 Y107.525 E1367.08393
G1 X35.289 Y107.525 E1367.51711
G1 X35.26 Y107.54 E1367.51827
G0 F9000 X35.26 Y107.74
G0 X35.93 Y108.195
G0 X37.967 Y108.722
G0 X38.04 Y109.861
G0 X37.938 Y109.861
;TYPE:FILL
G1 F3000 X38.423 Y109.731 E1367.54088
G0 F9000 X37.967 Y108.722
G0 X36.457 Y108.722
G0 X36.508 Y108.773
;TYPE:SKIN
G1 F2700 X36.508 Y111.227 E1367.59515
G1 X37.917 Y111.227 E1367.62632
G1 X37.916 Y108.773 E1367.6806
G1 X36.508 Y108.773 E1367.71174
G0 F9000 X36.385 Y108.773
G0 X37.52 Y108.65
G0 X37.52 Y108.913
G1 F2700 X37.52 Y111.087 E1367.75982
G0 F9000 X37.24 Y111.087
G1 F2700 X37.24 Y108.913 E1367.80791
G0 F9000 X36.96 Y108.913
G1 F2700 X36.96 Y111.087 E1367.85599
G0 F9000 X36.68 Y111.087
G1 F2700 X36.68 Y108.913 E1367.90408
G0 F9000 X36.68 Y108.625
G1 F2400 E1365.90408
G0 F9000 X47.255 Y108.5
G0 X47.952 Y106.766
G0 X112.307 Y106.652
G0 X112.745 Y108.5
G0 X113.5 Y108.5
;TYPE:WALL-INNER
G1 F1200 E1367.90408
G1 F3900 X113.5 Y111.5 E1368.02256
G1 X166.5 Y111.5 E1370.11587
G1 X166.5 Y108.5 E1370.23436
G1 X113.5 Y108.5 E1372.32767
G0 F9000 X113 Y108
G1 F3900 X113 Y112 E1372.48566
G1 X167 Y112 E1374.61847
G1 X167 Y108 E1374.77645
G1 X113 Y108 E1376.90926
G0 F9000 X112.525 Y107.54
;TYPE:WALL-OUTER
G1 F3000 X112.525 Y112.475 E1377.08468
G1 X167.475 Y112.475 E1379.03798
G1 X167.475 Y107.525 E1379.21393
G1 X112.554 Y107.525 E1381.1662
G1 X112.525 Y107.54 E1381.16736
G0 F9000 X112.525 Y107.74
G0 X113.625 Y108.478
G1 F2400 E1379.16736
G0 F9000 X167.255 Y108.5
G0 X167.952 Y106.766
G0 X172.307 Y106.652
G0 X172.745 Y108.5
G0 X173.5 Y108.5
;TYPE:WALL-INNER
G1 F1200 E1381.16736
G1 F3900 X173.5 Y111.5 E1381.28585
G1 X183.765 Y111.5 E1381.69128
G1 X183.765 Y108.5 E1381.80977
G1 X173.5 Y108.5 E1382.2152
G0 F9000 X173 Y108
G1 F3900 X173 Y112 E1382.37318
G1 X184.265 Y112 E1382.81811
G1 X184.265 Y108 E1382.97609
G1 X173 Y108 E1383.42102
G0 F9000 X172.525 Y107.54
;TYPE:WALL-OUTER
G1 F3000 X172.525 Y112.475 E1383.59644
G1 X184.74 Y112.475 E1384.03065
G1 X184.74 Y107.525 E1384.20661
G1 X172.554 Y107.525 E1384.63978
G1 X172.525 Y107.54 E1384.64094
G0 F9000 X172.525 Y107.74
G0 X173.195 Y108.195
G0 X182.084 Y108.65
G0 X182.084 Y108.773
;TYPE:SKIN
G1 F2700 X182.084 Y111.227 E1384.69522
G1 X183.492 Y111.227 E1384.72636
G1 X183.492 Y108.773 E1384.78064
G1 X182.084 Y108.773 E1384.81178
G0 F9000 X182.084 Y108.65
G0 X183.12 Y108.65
G0 X183.12 Y108.913
G1 F2700 X183.12 Y111.087 E1384.85986
G0 F9000 X182.84 Y111.087
G1 F2700 X182.84 Y108.913 E1384.90795
G0 F9000 X182.56 Y108.913
G1 F2700 X182.56 Y111.087 E1384.95603
G0 F9000 X182.28 Y111.087
G1 F2700 X182.28 Y108.913 E1385.00412
G0 F9000 X182.28 Y108.625
G1 F2400 E1383.00412
;MESH:NONMESH
G0 F600 X182.28 Y108.625 Z5.88
G0 F9000 X172.739 Y107.739
G0 X172.286 Y106.691
G0 X108.825 Y106.635
G0 X108.825 Y107.525
;TIME_ELAPSED:1374.375918
;LAYER:28
;TYPE:SUPPORT
G1 F1200 E1385.00412
G1 F3000 X108.825 Y112.475 E1385.18007
G1 X111.175 Y112.475 E1385.26361
G1 X111.175 Y107.525 E1385.43956
G1 X108.825 Y107.525 E1385.5231
G1 F2400 E1383.5231
G0 F9000 X108.825 Y106.635
G0 X35.562 Y106.637
G0 X35.015 Y106.913
G0 X34.855 Y107.394
G0 X34.856 Y112.657
G0 X35.132 Y113.204
G0 X35.52 Y113.333
G0 X110.25 Y113.365
G0 X110.25 Y112.025
G0 X110.25 Y113.365
G0 X35.613 Y113.364
G0 X35.132 Y113.204
G0 X34.856 Y112.657
G0 X34.855 Y107.394
G0 X35.015 Y106.913
G0 X35.507 Y106.665
G0 X109.275 Y106.635
G0 X109.275 Y107.975
G1 F1200 E1385.5231
G1 F3000 X110.25 Y107.975 E1385.55776
G1 X110.725 Y107.975 E1385.57464
G1 X110.725 Y112.025 E1385.71861
G1 X110.25 Y112.025 E1385.73549
G1 X109.275 Y112.025 E1385.77015
G1 X109.275 Y107.975 E1385.91411
G0 F9000 X110.25 Y107.975
G1 F3000 X110.25 Y112.025 E1386.05808
G1 F2400 E1384.05808
G0 F9000 X110.25 Y113.365
G0 X167.657 Y113.363
G0 X168.599 Y111.323
;TYPE:SUPPORT-INTERFACE
G1 F1200 E1386.05808
G1 F2700 X169.975 Y112.7 E1386.12728
G1 X169.859 Y112.7
G1 X171.399 Y111.16 E1386.20469
G0 F9000 X171.399 Y110.305
G1 F2700 X168.599 Y107.504 E1386.34548
G0 F9000 X168.599 Y110.141
G1 F2700 X171.399 Y107.342 E1386.48621
G1 F2400 E1384.48621
G0 F9000 X171.399 Y106.635
G0 X52.343 Y106.637
G0 X51.4 Y108.675
G1 F1200 E1386.48621
G1 F2700 X50.023 Y107.299 E1386.55541
G0 F9000 X49.254 Y107.299
G1 F2700 X48.6 Y107.953 E1386.58828
G0 F9000 X48.599 Y109.693
G1 F2700 X51.4 Y112.494 E1386.72909
G0 F9000 X48.6 Y111.771
G1 F2700 X51.399 Y108.972 E1386.8698
G1 F2400 E1384.8698
;MESH:Horiz_1_edged.stl
G0 F9000 X52.745 Y108.972
G0 X53.5 Y108.5
;TYPE:WALL-INNER
G1 F1200 E1386.8698
G1 F3900 X53.5 Y111.5 E1386.98829
G1 X106.5 Y111.5 E1389.0816
G1 X106.5 Y108.5 E1389.20009
G1 X53.5 Y108.5 E1391.2934
G0 F9000 X53 Y108
G1 F3900 X53 Y112 E1391.45138
G1 X107 Y112 E1393.58419
G1 X107 Y108 E1393.74217
G1 X53 Y108 E1395.87498
G0 F9000 X52.525 Y107.54
;TYPE:WALL-OUTER
G1 F3000 X52.525 Y112.475 E1396.0504
G1 X107.475 Y112.475 E1398.0037
G1 X107.475 Y107.525 E1398.17966
G1 X52.554 Y107.525 E1400.13192
G1 X52.525 Y107.54 E1400.13308
G0 F9000 X52.525 Y107.74
G0 X53.195 Y108.195
G0 X58.822 Y108.748
;TYPE:FILL
G1 F3000 X58.151 Y111.249 E1400.36626
G0 F9000 X66.261 Y108.748
G1 F3000 X68.761 Y111.249 E1400.68471
G0 F9000 X69.953 Y111.25
G1 F3000 X70.624 Y108.748 E1400.91798
G0 F9000 X77.348 Y111.249
G1 F3000 X86.679 Y108.749 E1401.78789
G0 F9000 X84.883 Y111.249
G1 F3000 X82.383 Y108.748 E1402.10634
G1 X82.426 Y108.749
G1 X81.756 Y111.249 E1402.33941
G0 F9000 X93.558 Y111.249
G1 F3000 X94.228 Y108.748 E1402.57257
G0 F9000 X98.505 Y108.748
G1 F3000 X101.005 Y111.249 E1402.89102
G0 F9000 X105.36 Y111.25
G1 F3000 X106.03 Y108.748 E1403.12426
G1 F2400 E1401.12426
G0 F9000 X52.745 Y108.5
G0 X52.286 Y106.691
G0 X47.947 Y106.647
G0 X47.255 Y108.5
G0 X36.719 Y108.5
;TYPE:WALL-INNER
G1 F1200 E1403.12426
G1 F3900 X36.719 Y111.5 E1403.24275
G1 X46.5 Y111.5 E1403.62907
G1 X46.5 Y108.5 E1403.74756
G1 X36.719 Y108.5 E1404.13387
G0 F9000 X36.219 Y108
G1 F3900 X36.219 Y112 E1404.29186
G1 X47 Y112 E1404.71767
G1 X47 Y108 E1404.87565
G1 X36.219 Y108 E1405.30146
G0 F9000 X35.773 Y107.525
;TYPE:WALL-OUTER
G1 F3000 X35.744 Y107.562 E1405.30314
G1 X35.744 Y112.475 E1405.47778
G1 X47.475 Y112.475 E1405.89478
G1 X47.475 Y107.525 E1406.07073
G1 X35.773 Y107.525 E1406.4867
G0 F9000 X35.744 Y107.562
G0 X35.744 Y107.715
G0 X36.414 Y108.195
G0 X38.452 Y108.722
G0 X38.525 Y109.876
G0 X38.424 Y109.876
;TYPE:FILL
G1 F3000 X42.633 Y108.749 E1406.87908
G0 F9000 X36.941 Y108.722
G0 X36.992 Y108.773
;TYPE:SKIN
G1 F2700 X36.992 Y111.227 E1406.93336
G1 X38.402 Y111.227 E1406.96454
G1 X38.401 Y108.773 E1407.01882
G1 X36.992 Y108.773 E1407.04999
G0 F9000 X37.131 Y108.92
G1 F2700 X38.261 Y108.92 E1407.07498
G0 F9000 X38.261 Y109.2
G1 F2700 X37.131 Y109.2 E1407.09997
G0 F9000 X37.131 Y109.48
G1 F2700 X38.261 Y109.48 E1407.12497
G0 F9000 X38.261 Y109.76
G1 F2700 X37.131 Y109.76 E1407.14996
G0 F9000 X37.131 Y110.04
G1 F2700 X38.261 Y110.04 E1407.17495
G0 F9000 X38.261 Y110.32
G1 F2700 X37.131 Y110.32 E1407.19995
G0 F9000 X37.131 Y110.6
G1 F2700 X38.261 Y110.6 E1407.22494
G0 F9000 X38.261 Y110.88
G1 F2700 X37.131 Y110.88 E1407.24993
G0 F9000 X36.844 Y110.88
G1 F2400 E1405.24993
G0 F9000 X36.941 Y111.278
G0 X38.453 Y111.278
G0 X47.255 Y108.5
G0 X47.952 Y106.766
G0 X112.307 Y106.652
G0 X112.745 Y108.5
G0 X113.5 Y108.5
;TYPE:WALL-INNER
G1 F1200 E1407.24993
G1 F3900 X113.5 Y111.5 E1407.36842
G1 X166.5 Y111.5 E1409.46173
G1 X166.5 Y108.5 E1409.58022
G1 X113.5 Y108.5 E1411.67353
G0 F9000 X113 Y108
G1 F3900 X113 Y112 E1411.83152
G1 X167 Y112 E1413.96432
G1 X167 Y108 E1414.12231
G1 X113 Y108 E1416.25511
G0 F9000 X112.525 Y107.54
;TYPE:WALL-OUTER
G1 F3000 X112.525 Y112.475 E1416.43054
G1 X167.475 Y112.475 E1418.38383
G1 X167.475 Y107.525 E1418.55979
G1 X112.554 Y107.525 E1420.51205
G1 X112.525 Y107.54 E1420.51321
G0 F9000 X112.525 Y107.74
G0 X113.195 Y108.195
G0 X114.629 Y108.75
;TYPE:FILL
G1 F3000 X117.129 Y111.25 E1420.8316
G1 X117.162 Y111.249
G1 X117.832 Y108.748 E1421.06476
G0 F9000 X121.394 Y111.249
G1 F3000 X130.722 Y108.75 E1421.93438
G1 X130.751 Y108.75
G1 X133.251 Y111.25 E1422.25276
G0 F9000 X128.964 Y111.249
G1 F3000 X129.635 Y108.748 E1422.48595
G0 F9000 X140.766 Y111.249
G1 F3000 X141.437 Y108.748 E1422.71913
G0 F9000 X146.873 Y108.75
G1 F3000 X149.373 Y111.25 E1423.03751
G0 F9000 X152.569 Y111.249
G1 F3000 X153.239 Y108.748 E1423.27067
G0 F9000 X162.995 Y108.75
G1 F3000 X165.495 Y111.25 E1423.58906
G1 X165.441 Y111.249
G1 X166.249 Y111.032 E1423.6644
G0 F9000 X164.371 Y111.25
G1 F3000 X165.041 Y108.748 E1423.89764
G1 F2400 E1421.89764
G0 F9000 X167.255 Y108.5
G0 X167.952 Y106.766
G0 X172.307 Y106.652
G0 X172.745 Y108.5
G0 X173.5 Y108.5
;TYPE:WALL-INNER
G1 F1200 E1423.89764
G1 F3900 X173.5 Y111.5 E1424.01613
G1 X183.281 Y111.5 E1424.40245
G1 X183.281 Y108.5 E1424.52094
G1 X173.5 Y108.5 E1424.90725
G0 F9000 X173 Y108
G1 F3900 X173 Y112 E1425.06524
G1 X183.781 Y112 E1425.49105
G1 X183.781 Y108 E1425.64903
G1 X173 Y108 E1426.07484
G0 F9000 X172.525 Y107.54
;TYPE:WALL-OUTER
G1 F3000 X172.525 Y112.475 E1426.25027
G1 X184.256 Y112.475 E1426.66727
G1 X184.256 Y107.525 E1426.84322
G1 X172.554 Y107.525 E1427.25919
G1 X172.525 Y107.54 E1427.26035
G0 F9000 X172.525 Y107.74
G0 X173.195 Y108.195
G0 X173.75 Y109.022
;TYPE:FILL
G1 F3000 X174.77 Y108.749 E1427.35544
G0 F9000 X176.843 Y108.748
G1 F3000 X176.173 Y111.249 E1427.5886
G0 F9000 X179.117 Y108.75
G1 F3000 X181.575 Y111.208 E1427.90163
G0 F9000 X181.475 Y111.207
G0 X181.475 Y108.773
G0 X181.598 Y108.773
;TYPE:SKIN
G1 F2700 X181.599 Y111.227 E1427.95591
G1 X183.008 Y111.227 E1427.98707
G1 X183.008 Y108.773 E1428.04135
G1 X181.598 Y108.773 E1428.07254
G0 F9000 X181.738 Y108.92
G1 F2700 X182.868 Y108.92 E1428.09753
G0 F9000 X182.868 Y109.2
G1 F2700 X181.738 Y109.2 E1428.12252
G0 F9000 X181.738 Y109.48
G1 F2700 X182.868 Y109.48 E1428.14752
G0 F9000 X182.868 Y109.76
G1 F2700 X181.738 Y109.76 E1428.17251
G0 F9000 X181.738 Y110.04
G1 F2700 X182.868 Y110.04 E1428.1975
G0 F9000 X182.868 Y110.32
G1 F2700 X181.738 Y110.32 E1428.2225
G0 F9000 X181.738 Y110.6
G1 F2700 X182.868 Y110.6 E1428.24749
G0 F9000 X182.868 Y110.88
G1 F2700 X181.738 Y110.88 E1428.27248
G0 F9000 X181.075 Y110.88
G1 F2400 E1426.27248
;MESH:NONMESH
G0 F600 X181.075 Y110.88 Z6.08
G0 F9000 X172.739 Y107.739
G0 X172.286 Y106.691
G0 X108.825 Y106.635
G0 X108.825 Y107.525
;TIME_ELAPSED:1414.115888
;LAYER:29
;TYPE:SUPPORT
G1 F1200 E1428.27248
G1 F3000 X108.825 Y112.475 E1428.44844
G1 X111.175 Y112.475 E1428.53198
G1 X111.175 Y107.525 E1428.70793
G1 X108.825 Y107.525 E1428.79147
G1 F2400 E1426.79147
G0 F9000 X108.825 Y106.635
G0 X52.343 Y106.637
G0 X51.796 Y106.913
G0 X51.636 Y107.394
G0 X51.637 Y112.657
G0 X51.913 Y113.204
G0 X52.301 Y113.333
G0 X110.25 Y113.365
G0 X110.25 Y112.025
G0 X110.25 Y113.365
G0 X52.394 Y113.364
G0 X51.913 Y113.204
G0 X51.637 Y112.657
G0 X51.636 Y107.394
G0 X51.796 Y106.913
G0 X52.288 Y106.665
G0 X109.275 Y106.635
G0 X109.275 Y107.975
G1 F1200 E1428.79147
G1 F3000 X110.25 Y107.975 E1428.82613
G1 X110.725 Y107.975 E1428.84301
G1 X110.725 Y112.025 E1428.98697
G1 X110.25 Y112.025 E1429.00386
G1 X109.275 Y112.025 E1429.03852
G1 X109.275 Y107.975 E1429.18248
G0 F9000 X110.25 Y107.975
G1 F3000 X110.25 Y112.025 E1429.32645
G1 F2400 E1427.32645
;MESH:Horiz_1_edged.stl
G0 F9000 X112.745 Y112.025
G0 X113.5 Y108.5
;TYPE:WALL-INNER
G1 F1200 E1429.32645
G1 F3900 X113.5 Y111.5 E1429.44494
G1 X166.5 Y111.5 E1431.53825
G1 X166.5 Y108.5 E1431.65673
G1 X113.5 Y108.5 E1433.75004
G0 F9000 X113 Y108
G1 F3900 X113 Y112 E1433.90803
G1 X167 Y112 E1436.04084
G1 X167 Y108 E1436.19882
G1 X113 Y108 E1438.33163
G0 F9000 X112.525 Y107.54
;TYPE:WALL-OUTER
G1 F3000 X112.525 Y112.475 E1438.50705
G1 X167.475 Y112.475 E1440.46035
G1 X167.475 Y107.525 E1440.6363
G1 X112.554 Y107.525 E1442.58857
G1 X112.525 Y107.54 E1442.58973
G0 F9000 X112.525 Y107.74
G0 X113.625 Y108.478
G1 F2400 E1440.58973
G0 F9000 X112.745 Y108.5
G0 X112.286 Y106.691
G0 X107.947 Y106.647
G0 X107.255 Y108.5
G0 X53.5 Y108.5
;TYPE:WALL-INNER
G1 F1200 E1442.58973
G1 F3900 X53.5 Y111.5 E1442.70822
G1 X106.5 Y111.5 E1444.80153
G1 X106.5 Y108.5 E1444.92002
G1 X53.5 Y108.5 E1447.01333
G0 F9000 X53 Y108
G1 F3900 X53 Y112 E1447.17131
G1 X107 Y112 E1449.30412
G1 X107 Y108 E1449.4621
G1 X53 Y108 E1451.59491
G0 F9000 X52.525 Y107.54
;TYPE:WALL-OUTER
G1 F3000 X52.525 Y112.475 E1451.77033
G1 X107.475 Y112.475 E1453.72363
G1 X107.475 Y107.525 E1453.89958
G1 X52.554 Y107.525 E1455.85185
G1 X52.525 Y107.54 E1455.85301
G0 F9000 X52.525 Y107.74
G0 X53.625 Y108.478
G1 F2400 E1453.85301
G0 F9000 X52.745 Y108.5
G0 X51.635 Y108.5
G0 X48.365 Y108.5
G0 X47.255 Y108.5
G0 X37.204 Y108.5
;TYPE:WALL-INNER
G1 F1200 E1455.85301
G1 F3900 X37.204 Y111.5 E1455.9715
G1 X46.5 Y111.5 E1456.33866
G1 X46.5 Y108.5 E1456.45715
G1 X37.204 Y108.5 E1456.8243
G0 F9000 X36.704 Y108
G1 F3900 X36.704 Y112 E1456.98229
G1 X47 Y112 E1457.38894
G1 X47 Y108 E1457.54693
G1 X36.704 Y108 E1457.95359
G0 F9000 X36.229 Y107.54
;TYPE:WALL-OUTER
G1 F3000 X36.229 Y112.475 E1458.12901
G1 X47.475 Y112.475 E1458.52877
G1 X47.475 Y107.525 E1458.70472
G1 X36.258 Y107.525 E1459.10345
G1 X36.229 Y107.54 E1459.10461
G0 F9000 X36.229 Y107.74
G0 X36.899 Y108.195
G0 X38.936 Y108.722
G0 X39.009 Y109.894
G0 X38.908 Y109.894
;TYPE:FILL
G1 F3000 X39.392 Y109.764 E1459.12718
G0 F9000 X38.936 Y108.722
G0 X37.426 Y108.722
G0 X37.477 Y108.773
;TYPE:SKIN
G1 F2700 X37.477 Y111.227 E1459.18146
G1 X38.886 Y111.227 E1459.21262
G1 X38.885 Y108.773 E1459.2669
G1 X37.477 Y108.773 E1459.29804
G0 F9000 X37.354 Y108.773
G0 X38.64 Y108.65
G0 X38.64 Y108.913
G1 F2700 X38.64 Y111.087 E1459.34612
G0 F9000 X38.36 Y111.087
G1 F2700 X38.36 Y108.913 E1459.39421
G0 F9000 X38.08 Y108.913
G1 F2700 X38.08 Y111.087 E1459.44229
G0 F9000 X37.8 Y111.087
G1 F2700 X37.8 Y108.913 E1459.49038
G0 F9000 X37.8 Y108.625
G1 F2400 E1457.49038
G0 F9000 X47.255 Y108.5
G0 X48.365 Y108.5
G0 X52.343 Y106.637
G0 X167.606 Y106.636
G0 X167.877 Y106.726
G0 X171.635 Y108.5
G0 X172.745 Y108.5
G0 X173.5 Y108.5
;TYPE:WALL-INNER
G1 F1200 E1459.49038
G1 F3900 X173.5 Y111.5 E1459.60887
G1 X182.796 Y111.5 E1459.97603
G1 X182.796 Y108.5 E1460.09451
G1 X173.5 Y108.5 E1460.46167
G0 F9000 X173 Y108
G1 F3900 X173 Y112 E1460.61966
G1 X183.296 Y112 E1461.02631
G1 X183.296 Y108 E1461.1843
G1 X173 Y108 E1461.59095
G0 F9000 X172.525 Y107.54
;TYPE:WALL-OUTER
G1 F3000 X172.525 Y112.475 E1461.76638
G1 X183.771 Y112.475 E1462.16614
G1 X183.771 Y107.525 E1462.34209
G1 X172.554 Y107.525 E1462.74082
G1 X172.525 Y107.54 E1462.74198
G0 F9000 X172.525 Y107.74
G0 X173.195 Y108.195
G0 X180.605 Y110.037
;TYPE:FILL
G1 F3000 X181.091 Y110.523 E1462.77293
G0 F9000 X180.991 Y110.522
G0 X181.063 Y108.722
G0 X181.115 Y108.773
;TYPE:SKIN
G1 F2700 X181.115 Y109.477 E1462.7885
G1 X181.115 Y111.227 E1462.82721
G1 X182.523 Y111.227 E1462.85835
G1 X182.523 Y108.773 E1462.91263
G1 X181.115 Y108.773 E1462.94377
G0 F9000 X181.115 Y108.65
G0 X182.28 Y108.65
G0 X182.28 Y108.913
G1 F2700 X182.28 Y111.087 E1462.99185
G0 F9000 X182 Y111.087
G1 F2700 X182 Y108.913 E1463.03994
G0 F9000 X181.72 Y108.913
G1 F2700 X181.72 Y111.087 E1463.08802
G0 F9000 X181.44 Y111.087
G1 F2700 X181.44 Y108.913 E1463.13611
G0 F9000 X181.44 Y108.625
G1 F2400 E1461.13611
;MESH:NONMESH
G0 F600 X181.44 Y108.625 Z6.28
G0 F9000 X172.739 Y107.739
G0 X171.635 Y107.739
G0 X167.606 Y106.636
G0 X108.825 Y106.635
G0 X108.825 Y107.525
;TIME_ELAPSED:1443.926107
;LAYER:30
;TYPE:SUPPORT
G1 F1200 E1463.13611
G1 F3000 X108.825 Y112.475 E1463.31206
G1 X111.175 Y112.475 E1463.3956
G1 X111.175 Y107.525 E1463.57155
G1 X108.825 Y107.525 E1463.65509
G1 F2400 E1461.65509
G0 F9000 X108.825 Y106.635
G0 X36.532 Y106.637
G0 X35.985 Y106.913
G0 X35.825 Y107.394
G0 X35.827 Y112.657
G0 X36.103 Y113.204
G0 X36.491 Y113.333
G0 X110.25 Y113.365
G0 X110.25 Y112.025
G0 X110.25 Y113.365
G0 X36.584 Y113.364
G0 X36.103 Y113.204
G0 X35.827 Y112.657
G0 X35.825 Y107.394
G0 X35.985 Y106.913
G0 X36.477 Y106.665
G0 X109.275 Y106.635
G0 X109.275 Y107.975
G1 F1200 E1463.65509
G1 F3000 X110.25 Y107.975 E1463.68975
G1 X110.725 Y107.975 E1463.70663
G1 X110.725 Y112.025 E1463.8506
G1 X110.25 Y112.025 E1463.86748
G1 X109.275 Y112.025 E1463.90214
G1 X109.275 Y107.975 E1464.0461
G0 F9000 X110.25 Y107.975
G1 F3000 X110.25 Y112.025 E1464.19007
G1 F2400 E1462.19007
;MESH:Horiz_1_edged.stl
G0 F9000 X112.745 Y112.025
G0 X113.5 Y108.5
;TYPE:WALL-INNER
G1 F1200 E1464.19007
G1 F3900 X113.5 Y111.5 E1464.30856
G1 X182.311 Y111.5 E1467.02634
G1 X182.311 Y108.499 E1467.14487
G1 X113.5 Y108.5 E1469.86266
G0 F9000 X113 Y108
G1 F3900 X113 Y112 E1470.02065
G1 X182.811 Y112 E1472.77793
G1 X182.811 Y107.999 E1472.93596
G1 X113 Y108 E1475.69324
G0 F9000 X112.525 Y107.54
;TYPE:WALL-OUTER
G1 F3000 X112.525 Y112.475 E1475.86866
G1 X183.286 Y112.475 E1478.38399
G1 X183.285 Y107.525 E1478.55994
G1 X112.554 Y107.525 E1481.0742
G1 X112.525 Y107.54 E1481.07536
G0 F9000 X112.525 Y107.74
G0 X113.195 Y108.195
G0 X115.029 Y108.75
;TYPE:FILL
G1 F3000 X117.529 Y111.25 E1481.39374
G0 F9000 X116.869 Y111.249
G1 F3000 X117.539 Y108.749 E1481.62682
G0 F9000 X122.488 Y111.249
G1 F3000 X131.817 Y108.749 E1482.49655
G0 F9000 X131.151 Y108.75
G1 F3000 X133.651 Y111.25 E1482.81494
G0 F9000 X128.671 Y111.249
G1 F3000 X129.341 Y108.748 E1483.0481
G0 F9000 X140.473 Y111.25
G1 F3000 X141.144 Y108.748 E1483.28137
G0 F9000 X147.273 Y108.75
G1 F3000 X149.773 Y111.25 E1483.59975
G0 F9000 X152.276 Y111.249
G1 F3000 X152.946 Y108.748 E1483.83291
G0 F9000 X163.395 Y108.75
G1 F3000 X165.895 Y111.25 E1484.15129
G0 F9000 X164.078 Y111.249
G1 F3000 X164.748 Y108.748 E1484.38445
G0 F9000 X173.778 Y108.722
G0 X173.85 Y109.315
G0 X173.75 Y109.315
G1 F3000 X175.863 Y108.749 E1484.58144
G0 F9000 X176.55 Y108.749
G1 F3000 X175.88 Y111.249 E1484.81451
G0 F9000 X179.517 Y108.75
G1 F3000 X180.605 Y109.838 E1484.95307
G0 F9000 X180.506 Y109.837
G0 X180.57 Y108.834
G0 X180.63 Y108.773
;TYPE:SKIN
G1 F2700 X180.63 Y111.227 E1485.00735
G1 X182.038 Y111.227 E1485.03849
G1 X182.038 Y108.773 E1485.09277
G1 X180.63 Y108.773 E1485.12391
G0 F9000 X180.77 Y108.92
G1 F2700 X181.898 Y108.92 E1485.14886
G0 F9000 X181.898 Y109.2
G1 F2700 X180.77 Y109.2 E1485.17381
G0 F9000 X180.77 Y109.48
G1 F2700 X181.898 Y109.48 E1485.19876
G0 F9000 X181.898 Y109.76
G1 F2700 X180.77 Y109.76 E1485.22371
G0 F9000 X180.77 Y110.04
G1 F2700 X181.898 Y110.04 E1485.24866
G0 F9000 X181.898 Y110.32
G1 F2700 X180.77 Y110.32 E1485.27361
G0 F9000 X180.77 Y110.6
G1 F2700 X181.898 Y110.6 E1485.29856
G0 F9000 X181.898 Y110.88
G1 F2700 X180.77 Y110.88 E1485.32351
G0 F9000 X180.506 Y110.88
G0 X173.778 Y108.722
G0 X166.222 Y108.722
G0 X166.273 Y108.773
G1 F2700 X166.273 Y111.227 E1485.37778
G1 X173.727 Y111.227 E1485.54265
G1 X173.727 Y108.773 E1485.59693
G1 X166.273 Y108.773 E1485.7618
G0 F9000 X166.413 Y108.92
G1 F2700 X173.587 Y108.92 E1485.92047
G0 F9000 X173.587 Y109.2
G1 F2700 X166.413 Y109.2 E1486.07915
G0 F9000 X166.413 Y109.48
G1 F2700 X173.587 Y109.48 E1486.23782
G0 F9000 X173.587 Y109.76
G1 F2700 X166.413 Y109.76 E1486.39649
G0 F9000 X166.413 Y110.04
G1 F2700 X173.587 Y110.04 E1486.55517
G0 F9000 X173.587 Y110.32
G1 F2700 X166.413 Y110.32 E1486.71384
G0 F9000 X166.413 Y110.6
G1 F2700 X173.587 Y110.6 E1486.87252
G0 F9000 X173.587 Y110.88
G1 F2700 X166.413 Y110.88 E1487.03119
G0 F9000 X165.75 Y110.88
G1 F2400 E1485.03119
G0 F9000 X112.745 Y108.5
G0 X112.286 Y106.691
G0 X107.947 Y106.647
G0 X107.255 Y108.5
G0 X37.69 Y108.5
;TYPE:WALL-INNER
G1 F1200 E1487.03119
G1 F3900 X37.69 Y111.5 E1487.14968
G1 X106.5 Y111.5 E1489.86743
G1 X106.5 Y108.5 E1489.98592
G1 X37.69 Y108.5 E1492.70367
G0 F9000 X37.19 Y108
G1 F3900 X37.19 Y112 E1492.86165
G1 X107 Y112 E1495.6189
G1 X107 Y108 E1495.77688
G1 X37.19 Y108 E1498.53413
G0 F9000 X36.714 Y107.54
;TYPE:WALL-OUTER
G1 F3000 X36.715 Y112.475 E1498.70955
G1 X107.475 Y112.475 E1501.22484
G1 X107.475 Y107.525 E1501.4008
G1 X36.743 Y107.525 E1503.91509
G1 X36.714 Y107.54 E1503.91625
G0 F9000 X36.714 Y107.74
G0 X37.384 Y108.195
G0 X39.421 Y108.722
G0 X39.494 Y109.911
G0 X39.394 Y109.91
;TYPE:FILL
G1 F3000 X43.726 Y108.749 E1504.32012
G0 F9000 X46.15 Y110.531
G0 X46.249 Y110.531
G1 F3000 X46.056 Y111.249 E1504.38707
G0 F9000 X57.858 Y111.249
G1 F3000 X58.529 Y108.748 E1504.62026
G0 F9000 X66.661 Y108.748
G1 F3000 X69.162 Y111.249 E1504.93877
G0 F9000 X69.661 Y111.249
G1 F3000 X70.331 Y108.748 E1505.17193
G0 F9000 X78.441 Y111.249
G1 F3000 X87.774 Y108.748 E1506.04204
G0 F9000 X85.284 Y111.249
G1 F3000 X82.783 Y108.748 E1506.36054
G0 F9000 X82.133 Y108.748
G1 F3000 X81.463 Y111.249 E1506.59371
G0 F9000 X93.265 Y111.249
G1 F3000 X93.935 Y108.748 E1506.82687
G0 F9000 X98.905 Y108.748
G1 F3000 X101.406 Y111.249 E1507.14538
G0 F9000 X105.067 Y111.249
G1 F3000 X105.737 Y108.748 E1507.37854
G1 F2400 E1505.37854
G0 F9000 X46.222 Y108.722
G1 F1200 E1507.37854
G0 F9000 X46.273 Y108.773
;TYPE:SKIN
G1 F2700 X46.273 Y111.227 E1507.43281
G1 X53.727 Y111.227 E1507.59768
G1 X53.727 Y108.773 E1507.65196
G1 X46.273 Y108.773 E1507.81683
G0 F9000 X46.412 Y108.92
G1 F2700 X53.586 Y108.92 E1507.9755
G0 F9000 X53.586 Y109.2
G1 F2700 X46.412 Y109.2 E1508.13418
G0 F9000 X46.412 Y109.48
G1 F2700 X53.586 Y109.48 E1508.29285
G0 F9000 X53.586 Y109.76
G1 F2700 X46.412 Y109.76 E1508.45152
G0 F9000 X46.412 Y110.04
G1 F2700 X53.586 Y110.04 E1508.6102
G0 F9000 X53.586 Y110.32
G1 F2700 X46.412 Y110.32 E1508.76887
G0 F9000 X46.412 Y110.6
G1 F2700 X53.586 Y110.6 E1508.92755
G0 F9000 X53.586 Y110.88
G1 F2700 X46.412 Y110.88 E1509.08622
G0 F9000 X46.15 Y110.88
G0 X39.421 Y108.722
G0 X37.912 Y108.722
G0 X37.963 Y108.773
G1 F2700 X37.963 Y111.227 E1509.1405
G1 X39.371 Y111.227 E1509.17164
G1 X39.37 Y108.773 E1509.22592
G1 X37.963 Y108.773 E1509.25704
G0 F9000 X38.102 Y108.92
G1 F2700 X39.23 Y108.92 E1509.28199
G0 F9000 X39.23 Y109.2
G1 F2700 X38.102 Y109.2 E1509.30694
G0 F9000 X38.102 Y109.48
G1 F2700 X39.23 Y109.48 E1509.33189
G0 F9000 X39.23 Y109.76
G1 F2700 X38.102 Y109.76 E1509.35684
G0 F9000 X38.102 Y110.04
G1 F2700 X39.23 Y110.04 E1509.38179
G0 F9000 X39.23 Y110.32
G1 F2700 X38.102 Y110.32 E1509.40673
G0 F9000 X38.102 Y110.6
G1 F2700 X39.23 Y110.6 E1509.43168
G0 F9000 X39.23 Y110.88
G1 F2700 X38.102 Y110.88 E1509.45663
G0 F9000 X37.815 Y110.881
G1 F2400 E1507.45663
;MESH:NONMESH
G0 F600 X37.815 Y110.881 Z6.48
G0 F9000 X37.912 Y111.278
G0 X53.778 Y111.278
G0 X107.261 Y107.739
G0 X108.825 Y107.525
;TIME_ELAPSED:1483.494137
;LAYER:31
;TYPE:SUPPORT
G1 F1200 E1509.45663
G1 F3000 X108.825 Y112.475 E1509.63259
G1 X111.175 Y112.475 E1509.71612
G1 X111.175 Y107.525 E1509.89208
G1 X108.825 Y107.525 E1509.97562
G1 F2400 E1507.97562
G0 F9000 X108.825 Y106.635
G0 X37.017 Y106.637
G0 X36.47 Y106.913
G0 X36.31 Y107.394
G0 X36.312 Y112.657
G0 X36.588 Y113.204
G0 X36.976 Y113.333
G0 X110.25 Y113.365
G0 X110.25 Y112.025
G0 X110.25 Y113.365
G0 X37.069 Y113.364
G0 X36.588 Y113.204
G0 X36.312 Y112.657
G0 X36.31 Y107.394
G0 X36.47 Y106.913
G0 X36.962 Y106.665
G0 X109.275 Y106.635
G0 X109.275 Y107.975
G1 F1200 E1509.97562
G1 F3000 X110.25 Y107.975 E1510.01027
G1 X110.725 Y107.975 E1510.02716
G1 X110.725 Y112.025 E1510.17112
G1 X110.25 Y112.025 E1510.18801
G1 X109.275 Y112.025 E1510.22267
G1 X109.275 Y107.975 E1510.36663
G0 F9000 X110.25 Y107.975
G1 F3000 X110.25 Y112.025 E1510.51059
G1 F2400 E1508.51059
;MESH:Horiz_1_edged.stl
G0 F9000 X112.745 Y112.025
G0 X113.5 Y108.5
;TYPE:WALL-INNER
G1 F1200 E1510.51059
G1 F3900 X113.5 Y111.5 E1510.62908
G1 X181.826 Y111.5 E1513.32772
G1 X181.826 Y108.499 E1513.44624
G1 X113.5 Y108.5 E1516.14488
G0 F9000 X113 Y108
G1 F3900 X113 Y112 E1516.30286
G1 X182.326 Y112 E1519.04099
G1 X182.326 Y107.999 E1519.19901
G1 X113 Y108 E1521.93714
G0 F9000 X112.525 Y107.54
;TYPE:WALL-OUTER
G1 F3000 X112.525 Y112.475 E1522.11257
G1 X182.801 Y112.475 E1524.61065
G1 X182.8 Y107.525 E1524.78661
G1 X112.554 Y107.525 E1527.28363
G1 X112.525 Y107.54 E1527.28479
G0 F9000 X112.525 Y107.74
G1 F2400 E1525.28479
G0 F9000 X113.195 Y108.195
G0 X179.718 Y108.75
;TYPE:FILL
G1 F1200 E1527.28479
G1 F3000 X180.12 Y109.152 E1527.31038
G0 F9000 X180.145 Y108.773
;TYPE:SKIN
G1 F2700 X180.145 Y109.477 E1527.32596
G1 X180.145 Y111.227 E1527.36466
G1 X181.553 Y111.227 E1527.3958
G1 X181.553 Y108.773 E1527.45008
G1 X180.145 Y108.773 E1527.48122
G0 F9000 X180.145 Y108.65
G0 X181.16 Y108.649
G0 X181.16 Y108.913
G1 F2700 X181.16 Y111.087 E1527.52931
G0 F9000 X180.88 Y111.087
G1 F2700 X180.88 Y108.913 E1527.57739
G0 F9000 X180.6 Y108.913
G1 F2700 X180.6 Y111.087 E1527.62548
G0 F9000 X180.32 Y111.087
G1 F2700 X180.32 Y108.913 E1527.67356
G0 F9000 X180.32 Y108.65
G0 X166.222 Y108.722
G0 X166.273 Y108.773
G1 F2700 X166.273 Y111.227 E1527.72784
G1 X173.727 Y111.227 E1527.89271
G1 X173.727 Y108.773 E1527.94698
G1 X166.273 Y108.773 E1528.11185
G0 F9000 X166.15 Y108.773
G0 X173.32 Y108.65
G0 X173.32 Y108.913
G1 F2700 X173.32 Y111.087 E1528.15994
G0 F9000 X173.04 Y111.087
G1 F2700 X173.04 Y108.913 E1528.20802
G0 F9000 X172.76 Y108.913
G1 F2700 X172.76 Y111.087 E1528.2561
G0 F9000 X172.48 Y111.087
G1 F2700 X172.48 Y108.913 E1528.30419
G0 F9000 X172.2 Y108.913
G1 F2700 X172.2 Y111.087 E1528.35227
G0 F9000 X171.92 Y111.087
G1 F2700 X171.92 Y108.913 E1528.40036
G0 F9000 X171.64 Y108.913
G1 F2700 X171.64 Y111.087 E1528.44844
G0 F9000 X171.36 Y111.087
G1 F2700 X171.36 Y108.913 E1528.49653
G0 F9000 X171.08 Y108.913
G1 F2700 X171.08 Y111.087 E1528.54461
G0 F9000 X170.8 Y111.087
G1 F2700 X170.8 Y108.913 E1528.5927
G0 F9000 X170.52 Y108.913
G1 F2700 X170.52 Y111.087 E1528.64078
G0 F9000 X170.24 Y111.087
G1 F2700 X170.24 Y108.913 E1528.68887
G0 F9000 X169.96 Y108.913
G1 F2700 X169.96 Y111.087 E1528.73695
G0 F9000 X169.68 Y111.087
G1 F2700 X169.68 Y108.913 E1528.78503
G0 F9000 X169.4 Y108.913
G1 F2700 X169.4 Y111.087 E1528.83312
G0 F9000 X169.12 Y111.087
G1 F2700 X169.12 Y108.913 E1528.8812
G0 F9000 X168.84 Y108.913
G1 F2700 X168.84 Y111.087 E1528.92929
G0 F9000 X168.56 Y111.087
G1 F2700 X168.56 Y108.913 E1528.97737
G0 F9000 X168.28 Y108.913
G1 F2700 X168.28 Y111.087 E1529.02546
G0 F9000 X168 Y111.087
G1 F2700 X168 Y108.913 E1529.07354
G0 F9000 X167.72 Y108.913
G1 F2700 X167.72 Y111.087 E1529.12163
G0 F9000 X167.44 Y111.087
G1 F2700 X167.44 Y108.913 E1529.16971
G0 F9000 X167.16 Y108.913
G1 F2700 X167.16 Y111.087 E1529.2178
G0 F9000 X166.88 Y111.087
G1 F2700 X166.88 Y108.913 E1529.26588
G0 F9000 X166.6 Y108.913
G1 F2700 X166.6 Y111.087 E1529.31396
G0 F9000 X166.6 Y111.375
G1 F2400 E1527.31396
G0 F9000 X112.745 Y108.5
G0 X112.286 Y106.691
G0 X107.947 Y106.647
G0 X107.255 Y108.5
G0 X38.175 Y108.5
;TYPE:WALL-INNER
G1 F1200 E1529.31396
G1 F3900 X38.175 Y111.5 E1529.43245
G1 X106.5 Y111.5 E1532.13105
G1 X106.5 Y108.5 E1532.24953
G1 X38.175 Y108.5 E1534.94813
G0 F9000 X37.675 Y108
G1 F3900 X37.675 Y112 E1535.10611
G1 X107 Y112 E1537.8442
G1 X107 Y108 E1538.00219
G1 X37.675 Y108 E1540.74028
G0 F9000 X37.199 Y107.54
;TYPE:WALL-OUTER
G1 F3000 X37.2 Y112.475 E1540.9157
G1 X107.475 Y112.475 E1543.41375
G1 X107.475 Y107.525 E1543.5897
G1 X37.228 Y107.525 E1546.08676
G1 X37.199 Y107.54 E1546.08792
G0 F9000 X37.199 Y107.74
G0 X37.869 Y108.195
G0 X39.906 Y108.722
G0 X39.979 Y109.927
G0 X39.878 Y109.927
;TYPE:FILL
G1 F3000 X40.363 Y109.797 E1546.11053
G0 F9000 X39.906 Y108.722
G0 X38.397 Y108.722
G0 X38.448 Y108.773
;TYPE:SKIN
G1 F2700 X38.448 Y111.227 E1546.16481
G1 X39.856 Y111.227 E1546.19595
G1 X39.855 Y108.773 E1546.25022
G1 X38.448 Y108.773 E1546.28134
G0 F9000 X38.325 Y108.773
G0 X39.48 Y108.65
G0 X39.48 Y108.913
G1 F2700 X39.48 Y111.087 E1546.32943
G0 F9000 X39.2 Y111.087
G1 F2700 X39.2 Y108.913 E1546.37751
G0 F9000 X38.92 Y108.913
G1 F2700 X38.92 Y111.087 E1546.4256
G0 F9000 X38.64 Y111.087
G1 F2700 X38.64 Y108.913 E1546.47368
G0 F9000 X38.64 Y108.65
G0 X46.15 Y108.773
G0 X46.273 Y108.773
G1 F2700 X46.273 Y111.227 E1546.52796
G1 X53.727 Y111.227 E1546.69283
G1 X53.727 Y108.773 E1546.74711
G1 X46.273 Y108.773 E1546.91197
G0 F9000 X46.15 Y108.773
G0 X53.48 Y108.65
G0 X53.48 Y108.913
G1 F2700 X53.48 Y111.087 E1546.96006
G0 F9000 X53.2 Y111.087
G1 F2700 X53.2 Y108.913 E1547.00814
G0 F9000 X52.92 Y108.913
G1 F2700 X52.92 Y111.087 E1547.05623
G0 F9000 X52.64 Y111.087
G1 F2700 X52.64 Y108.913 E1547.10431
G0 F9000 X52.36 Y108.913
G1 F2700 X52.36 Y111.087 E1547.1524
G0 F9000 X52.08 Y111.087
G1 F2700 X52.08 Y108.913 E1547.20048
G0 F9000 X51.8 Y108.913
G1 F2700 X51.8 Y111.087 E1547.24856
G0 F9000 X51.52 Y111.087
G1 F2700 X51.52 Y108.913 E1547.29665
G0 F9000 X51.24 Y108.913
G1 F2700 X51.24 Y111.087 E1547.34473
G0 F9000 X50.96 Y111.087
G1 F2700 X50.96 Y108.913 E1547.39282
G0 F9000 X50.68 Y108.913
G1 F2700 X50.68 Y111.087 E1547.4409
G0 F9000 X50.4 Y111.087
G1 F2700 X50.4 Y108.913 E1547.48899
G0 F9000 X50.12 Y108.913
G1 F2700 X50.12 Y111.087 E1547.53707
G0 F9000 X49.84 Y111.087
G1 F2700 X49.84 Y108.913 E1547.58516
G0 F9000 X49.56 Y108.913
G1 F2700 X49.56 Y111.087 E1547.63324
G0 F9000 X49.28 Y111.087
G1 F2700 X49.28 Y108.913 E1547.68133
G0 F9000 X49 Y108.913
G1 F2700 X49 Y111.087 E1547.72941
G0 F9000 X48.72 Y111.087
G1 F2700 X48.72 Y108.913 E1547.77749
G0 F9000 X48.44 Y108.913
G1 F2700 X48.44 Y111.087 E1547.82558
G0 F9000 X48.16 Y111.087
G1 F2700 X48.16 Y108.913 E1547.87366
G0 F9000 X47.88 Y108.913
G1 F2700 X47.88 Y111.087 E1547.92175
G0 F9000 X47.6 Y111.087
G1 F2700 X47.6 Y108.913 E1547.96983
G0 F9000 X47.32 Y108.913
G1 F2700 X47.32 Y111.087 E1548.01792
G0 F9000 X47.04 Y111.087
G1 F2700 X47.04 Y108.913 E1548.066
G0 F9000 X46.76 Y108.913
G1 F2700 X46.76 Y111.087 E1548.11409
G0 F9000 X46.48 Y111.087
G1 F2700 X46.48 Y108.913 E1548.16217
G0 F9000 X46.48 Y108.625
G1 F2400 E1546.16217
;MESH:NONMESH
G0 F600 X46.48 Y108.625 Z6.68
G0 F9000 X107.261 Y107.739
G0 X108.825 Y107.525
;TIME_ELAPSED:1519.371516
;LAYER:32
;TYPE:SUPPORT
G1 F1200 E1548.16217
G1 F3000 X108.825 Y112.475 E1548.33813
G1 X111.175 Y112.475 E1548.42166
G1 X111.175 Y107.525 E1548.59762
G1 X108.825 Y107.525 E1548.68115
G1 F2400 E1546.68115
G0 F9000 X108.825 Y106.635
G0 X37.501 Y106.637
G0 X36.954 Y106.913
G0 X36.794 Y107.394
G0 X36.796 Y112.657
G0 X37.072 Y113.204
G0 X37.46 Y113.333
G0 X110.25 Y113.365
G0 X110.25 Y112.025
G0 X110.25 Y113.365
G0 X37.553 Y113.364
G0 X37.072 Y113.204
G0 X36.796 Y112.657
G0 X36.794 Y107.394
G0 X36.954 Y106.913
G0 X37.446 Y106.665
G0 X109.275 Y106.635
G0 X109.275 Y107.975
G1 F1200 E1548.68115
G1 F3000 X110.25 Y107.975 E1548.71581
G1 X110.725 Y107.975 E1548.7327
G1 X110.725 Y112.025 E1548.87666
G1 X110.25 Y112.025 E1548.89355
G1 X109.275 Y112.025 E1548.9282
G1 X109.275 Y107.975 E1549.07217
G0 F9000 X110.25 Y107.975
G1 F3000 X110.25 Y112.025 E1549.21613
G1 F2400 E1547.21613
;MESH:Horiz_1_edged.stl
G0 F9000 X112.745 Y112.025
G0 X113.5 Y108.5
;TYPE:WALL-INNER
G1 F1200 E1549.21613
G1 F3900 X113.5 Y111.5 E1549.33462
G1 X181.342 Y111.5 E1552.01414
G1 X181.342 Y108.499 E1552.13267
G1 X113.5 Y108.5 E1554.81218
G0 F9000 X113 Y108
G1 F3900 X113 Y112 E1554.97017
G1 X181.842 Y112 E1557.68918
G1 X181.842 Y107.999 E1557.8472
G1 X113 Y108 E1560.56622
G0 F9000 X112.525 Y107.54
;TYPE:WALL-OUTER
G1 F3000 X112.525 Y112.475 E1560.74164
G1 X182.317 Y112.475 E1563.22252
G1 X182.316 Y107.525 E1563.39848
G1 X112.554 Y107.525 E1565.87829
G1 X112.525 Y107.54 E1565.87945
G0 F9000 X112.525 Y107.74
G0 X113.195 Y108.195
G0 X115.429 Y108.75
;TYPE:FILL
G1 F3000 X117.929 Y111.25 E1566.19783
G0 F9000 X116.576 Y111.25
G1 F3000 X117.246 Y108.748 E1566.43108
G0 F9000 X123.582 Y111.249
G1 F3000 X132.91 Y108.749 E1567.30073
G0 F9000 X131.551 Y108.75
G1 F3000 X134.051 Y111.25 E1567.61911
G0 F9000 X129.048 Y108.748
G1 F3000 X128.378 Y111.249 E1567.85227
G0 F9000 X140.181 Y111.249
G1 F3000 X140.851 Y108.748 E1568.08543
G0 F9000 X147.673 Y108.75
G1 F3000 X150.173 Y111.25 E1568.40381
G0 F9000 X151.983 Y111.249
G1 F3000 X152.653 Y108.748 E1568.63697
G0 F9000 X163.795 Y108.75
G1 F3000 X166.249 Y111.203 E1568.94943
G0 F9000 X166.15 Y111.203
G0 X163.785 Y111.249
G1 F3000 X164.455 Y108.748 E1569.18259
G0 F9000 X173.778 Y108.722
G0 X173.85 Y109.608
G0 X173.75 Y109.608
G1 F3000 X176.958 Y108.749 E1569.48166
G0 F9000 X176.257 Y108.749
G1 F3000 X175.587 Y111.25 E1569.71482
G0 F9000 X173.778 Y108.722
G0 X166.222 Y108.722
G0 X166.273 Y108.773
;TYPE:SKIN
G1 F2700 X166.273 Y111.227 E1569.7691
G1 X173.727 Y111.227 E1569.93396
G1 X173.727 Y108.773 E1569.98824
G1 X166.273 Y108.773 E1570.15311
G0 F9000 X166.413 Y108.92
G1 F2700 X173.587 Y108.92 E1570.31178
G0 F9000 X173.587 Y109.2
G1 F2700 X166.413 Y109.2 E1570.47046
G0 F9000 X166.413 Y109.48
G1 F2700 X173.587 Y109.48 E1570.62913
G0 F9000 X173.587 Y109.76
G1 F2700 X166.413 Y109.76 E1570.78781
G0 F9000 X166.413 Y110.04
G1 F2700 X173.587 Y110.04 E1570.94648
G0 F9000 X173.587 Y110.32
G1 F2700 X166.413 Y110.32 E1571.10516
G0 F9000 X166.413 Y110.6
G1 F2700 X173.587 Y110.6 E1571.26383
G0 F9000 X173.587 Y110.88
G1 F2700 X166.413 Y110.88 E1571.4225
G0 F9000 X166.15 Y110.88
G0 X166.222 Y111.278
G0 X173.778 Y111.278
G0 X179.659 Y108.65
G0 X179.659 Y108.773
G1 F2700 X179.66 Y111.227 E1571.47678
G1 X181.069 Y111.227 E1571.50795
G1 X181.069 Y108.772 E1571.56225
G1 X179.659 Y108.773 E1571.59343
G0 F9000 X179.799 Y108.92
G1 F2700 X180.929 Y108.92 E1571.61843
G0 F9000 X180.929 Y109.2
G1 F2700 X179.799 Y109.2 E1571.64342
G0 F9000 X179.799 Y109.48
G1 F2700 X180.929 Y109.48 E1571.66841
G0 F9000 X180.929 Y109.76
G1 F2700 X179.799 Y109.76 E1571.69341
G0 F9000 X179.799 Y110.04
G1 F2700 X180.929 Y110.04 E1571.7184
G0 F9000 X180.929 Y110.32
G1 F2700 X179.799 Y110.32 E1571.74339
G0 F9000 X179.799 Y110.6
G1 F2700 X180.929 Y110.6 E1571.76839
G0 F9000 X180.929 Y110.88
G1 F2700 X179.799 Y110.88 E1571.79338
G0 F9000 X179.136 Y110.88
G1 F2400 E1569.79338
G0 F9000 X173.778 Y111.278
G0 X166.222 Y111.278
G0 X112.745 Y108.5
G0 X112.286 Y106.691
G0 X107.947 Y106.647
G0 X107.255 Y108.5
G0 X38.659 Y108.5
;TYPE:WALL-INNER
G1 F1200 E1571.79338
G1 F3900 X38.659 Y111.5 E1571.91187
G1 X106.5 Y111.5 E1574.59134
G1 X106.5 Y108.5 E1574.70983
G1 X38.659 Y108.5 E1577.38931
G0 F9000 X38.159 Y108
G1 F3900 X38.159 Y112 E1577.5473
G1 X107 Y112 E1580.26627
G1 X107 Y108 E1580.42425
G1 X38.159 Y108 E1583.14323
G0 F9000 X37.683 Y107.54
;TYPE:WALL-OUTER
G1 F3000 X37.684 Y112.475 E1583.31865
G1 X107.475 Y112.475 E1585.79949
G1 X107.475 Y107.525 E1585.97545
G1 X37.712 Y107.525 E1588.4553
G1 X37.683 Y107.54 E1588.45646
G0 F9000 X37.683 Y107.74
G0 X38.353 Y108.195
G0 X40.391 Y108.722
G0 X40.464 Y109.943
G0 X40.363 Y109.943
;TYPE:FILL
G1 F3000 X44.819 Y108.749 E1588.87189
G0 F9000 X46.15 Y109.438
G0 X46.249 Y109.438
G1 F3000 X45.763 Y111.249 E1589.04074
G0 F9000 X48.034 Y111.257
G0 X57.565 Y111.249
G1 F3000 X58.236 Y108.748 E1589.27393
G0 F9000 X67.062 Y108.748
G1 F3000 X69.562 Y111.249 E1589.59237
G1 X69.368 Y111.249
G1 X70.038 Y108.748 E1589.82553
G0 F9000 X79.535 Y111.249
G1 F3000 X88.867 Y108.748 E1590.69555
G0 F9000 X85.684 Y111.249
G1 F3000 X83.184 Y108.748 E1591.014
G0 F9000 X81.84 Y108.748
G1 F3000 X81.17 Y111.25 E1591.24724
G0 F9000 X92.972 Y111.249
G1 F3000 X93.642 Y108.748 E1591.48041
G0 F9000 X99.306 Y108.748
G1 F3000 X101.806 Y111.249 E1591.79885
G0 F9000 X104.774 Y111.249
G1 F3000 X105.444 Y108.748 E1592.03201
G1 F2400 E1590.03201
G0 F9000 X46.222 Y108.722
G1 F1200 E1592.03201
G0 F9000 X46.273 Y108.773
;TYPE:SKIN
G1 F2700 X46.273 Y111.227 E1592.08629
G1 X53.727 Y111.227 E1592.25116
G1 X53.727 Y108.773 E1592.30543
G1 X46.273 Y108.773 E1592.4703
G0 F9000 X46.412 Y108.92
G1 F2700 X53.586 Y108.92 E1592.62898
G0 F9000 X53.586 Y109.2
G1 F2700 X46.412 Y109.2 E1592.78765
G0 F9000 X46.412 Y109.48
G1 F2700 X53.586 Y109.48 E1592.94633
G0 F9000 X53.586 Y109.76
G1 F2700 X46.412 Y109.76 E1593.105
G0 F9000 X46.412 Y110.04
G1 F2700 X53.586 Y110.04 E1593.26367
G0 F9000 X53.586 Y110.32
G1 F2700 X46.412 Y110.32 E1593.42235
G0 F9000 X46.412 Y110.6
G1 F2700 X53.586 Y110.6 E1593.58102
G0 F9000 X53.586 Y110.88
G1 F2700 X46.412 Y110.88 E1593.7397
G0 F9000 X46.15 Y110.88
G0 X40.391 Y108.722
G0 X38.881 Y108.722
G0 X38.932 Y108.773
G1 F2700 X38.932 Y111.227 E1593.79398
G1 X40.341 Y111.227 E1593.82514
G1 X40.34 Y108.773 E1593.87942
G1 X38.932 Y108.773 E1593.91056
G0 F9000 X39.071 Y108.92
G1 F2700 X40.2 Y108.92 E1593.93553
G0 F9000 X40.2 Y109.2
G1 F2700 X39.071 Y109.2 E1593.9605
G0 F9000 X39.071 Y109.48
G1 F2700 X40.2 Y109.48 E1593.98547
G0 F9000 X40.2 Y109.76
G1 F2700 X39.071 Y109.76 E1594.01044
G0 F9000 X39.071 Y110.04
G1 F2700 X40.2 Y110.04 E1594.03542
G0 F9000 X40.2 Y110.32
G1 F2700 X39.071 Y110.32 E1594.06039
G0 F9000 X39.071 Y110.6
G1 F2700 X40.2 Y110.6 E1594.08536
G0 F9000 X40.2 Y110.88
G1 F2700 X39.071 Y110.88 E1594.11033
G0 F9000 X38.784 Y110.881
G1 F2400 E1592.11033
;MESH:NONMESH
G0 F600 X38.784 Y110.881 Z6.88
G0 F9000 X38.881 Y111.278
G0 X53.778 Y111.278
G0 X107.261 Y107.739
G0 X108.825 Y107.525
;TIME_ELAPSED:1559.075423
;LAYER:33
;TYPE:SUPPORT
G1 F1200 E1594.11033
G1 F3000 X108.825 Y112.475 E1594.28629
G1 X111.175 Y112.475 E1594.36982
G1 X111.175 Y107.525 E1594.54578
G1 X108.825 Y107.525 E1594.62931
G1 F2400 E1592.62931
G0 F9000 X108.825 Y106.635
G0 X37.986 Y106.637
G0 X37.439 Y106.913
G0 X37.279 Y107.394
G0 X37.281 Y112.657
G0 X37.557 Y113.204
G0 X37.945 Y113.333
G0 X110.25 Y113.365
G0 X110.25 Y112.025
G0 X110.25 Y113.365
G0 X38.038 Y113.364
G0 X37.557 Y113.204
G0 X37.281 Y112.657
G0 X37.279 Y107.394
G0 X37.439 Y106.913
G0 X37.931 Y106.665
G0 X109.275 Y106.635
G0 X109.275 Y107.975
G1 F1200 E1594.62931
G1 F3000 X110.25 Y107.975 E1594.66397
G1 X110.725 Y107.975 E1594.68085
G1 X110.725 Y112.025 E1594.82482
G1 X110.25 Y112.025 E1594.8417
G1 X109.275 Y112.025 E1594.87636
G1 X109.275 Y107.975 E1595.02033
G0 F9000 X110.25 Y107.975
G1 F3000 X110.25 Y112.025 E1595.16429
G1 F2400 E1593.16429
;MESH:Horiz_1_edged.stl
G0 F9000 X112.745 Y112.025
G0 X113.5 Y108.5
;TYPE:WALL-INNER
G1 F1200 E1595.16429
G1 F3900 X113.5 Y111.5 E1595.28278
G1 X180.857 Y111.5 E1597.94314
G1 X180.857 Y108.499 E1598.06167
G1 X113.5 Y108.5 E1600.72203
G0 F9000 X113 Y108
G1 F3900 X113 Y112 E1600.88001
G1 X181.357 Y112 E1603.57987
G1 X181.357 Y107.999 E1603.73789
G1 X113 Y108 E1606.43775
G0 F9000 X112.525 Y107.54
;TYPE:WALL-OUTER
G1 F3000 X112.525 Y112.475 E1606.61317
G1 X181.832 Y112.475 E1609.07681
G1 X181.831 Y107.525 E1609.25277
G1 X112.554 Y107.525 E1611.71534
G1 X112.525 Y107.54 E1611.7165
G0 F9000 X112.525 Y107.74
G1 F2400 E1609.7165
G0 F9000 X113.195 Y108.195
G0 X179.176 Y108.65
G1 F1200 E1611.7165
G0 F9000 X179.176 Y108.773
;TYPE:SKIN
G1 F2700 X179.176 Y111.227 E1611.77078
G1 X180.584 Y111.227 E1611.80192
G1 X180.584 Y108.773 E1611.8562
G1 X179.176 Y108.773 E1611.88734
G0 F9000 X179.176 Y108.65
G0 X180.32 Y108.649
G0 X180.32 Y108.913
G1 F2700 X180.32 Y111.087 E1611.93543
G0 F9000 X180.04 Y111.087
G1 F2700 X180.04 Y108.913 E1611.98351
G0 F9000 X179.76 Y108.913
G1 F2700 X179.76 Y111.087 E1612.0316
G0 F9000 X179.48 Y111.087
G1 F2700 X179.48 Y108.913 E1612.07968
G0 F9000 X179.48 Y108.625
G1 F2400 E1610.07968
G0 F9000 X112.745 Y108.5
G0 X112.286 Y106.691
G0 X107.947 Y106.647
G0 X107.255 Y108.5
G0 X39.144 Y108.5
;TYPE:WALL-INNER
G1 F1200 E1612.07968
G1 F3900 X39.144 Y111.5 E1612.19817
G1 X106.5 Y111.5 E1614.85849
G1 X106.5 Y108.5 E1614.97698
G1 X39.144 Y108.5 E1617.6373
G0 F9000 X38.644 Y108
G1 F3900 X38.644 Y112 E1617.79529
G1 X107 Y112 E1620.4951
G1 X107 Y108 E1620.65309
G1 X38.644 Y108 E1623.35291
G0 F9000 X38.168 Y107.54
;TYPE:WALL-OUTER
G1 F3000 X38.169 Y112.475 E1623.52833
G1 X107.475 Y112.475 E1625.99193
G1 X107.475 Y107.525 E1626.16789
G1 X38.197 Y107.525 E1628.6305
G1 X38.168 Y107.54 E1628.63166
G0 F9000 X38.168 Y107.74
G0 X38.838 Y108.195
G0 X40.875 Y108.722
G0 X40.948 Y109.959
G0 X40.847 Y109.959
;TYPE:FILL
G1 F3000 X41.331 Y109.83 E1628.65421
G0 F9000 X40.875 Y108.722
G0 X39.366 Y108.722
G0 X39.417 Y108.773
;TYPE:SKIN
G1 F2700 X39.417 Y111.227 E1628.70849
G1 X40.825 Y111.227 E1628.73963
G1 X40.824 Y108.773 E1628.79391
G1 X39.417 Y108.773 E1628.82503
G0 F9000 X39.294 Y108.773
G0 X40.6 Y108.65
G0 X40.6 Y108.913
G1 F2700 X40.6 Y111.087 E1628.87311
G0 F9000 X40.32 Y111.087
G1 F2700 X40.32 Y108.913 E1628.9212
G0 F9000 X40.04 Y108.913
G1 F2700 X40.04 Y111.087 E1628.96928
G0 F9000 X39.76 Y111.087
G1 F2700 X39.76 Y108.913 E1629.01737
G0 F9000 X39.76 Y108.625
G1 F2400 E1627.01737
;MESH:NONMESH
G0 F600 X39.76 Y108.625 Z7.08
G0 F9000 X107.261 Y107.739
G0 X108.825 Y107.525
;TIME_ELAPSED:1586.578417
;LAYER:34
;TYPE:SUPPORT
G1 F1200 E1629.01737
G1 F3000 X108.825 Y112.475 E1629.19332
G1 X111.175 Y112.475 E1629.27686
G1 X111.175 Y107.525 E1629.45282
G1 X108.825 Y107.525 E1629.53635
G1 F2400 E1627.53635
G0 F9000 X108.825 Y106.635
G0 X38.471 Y106.637
G0 X37.924 Y106.913
G0 X37.764 Y107.394
G0 X37.766 Y112.657
G0 X38.042 Y113.204
G0 X38.43 Y113.333
G0 X110.25 Y113.365
G0 X110.25 Y112.025
G0 X110.25 Y113.365
G0 X38.523 Y113.364
G0 X38.042 Y113.204
G0 X37.766 Y112.657
G0 X37.764 Y107.394
G0 X37.924 Y106.913
G0 X38.416 Y106.665
G0 X109.275 Y106.635
G0 X109.275 Y107.975
G1 F1200 E1629.53635
G1 F3000 X110.25 Y107.975 E1629.57101
G1 X110.725 Y107.975 E1629.58789
G1 X110.725 Y112.025 E1629.73186
G1 X110.25 Y112.025 E1629.74874
G1 X109.275 Y112.025 E1629.7834
G1 X109.275 Y107.975 E1629.92737
G0 F9000 X110.25 Y107.975
G1 F3000 X110.25 Y112.025 E1630.07133
G1 F2400 E1628.07133
;MESH:Horiz_1_edged.stl
G0 F9000 X112.745 Y112.025
G0 X113.5 Y108.5
;TYPE:WALL-INNER
G1 F1200 E1630.07133
G1 F3900 X113.5 Y111.5 E1630.18982
G1 X180.372 Y111.5 E1632.83102
G1 X180.372 Y108.499 E1632.94955
G1 X113.5 Y108.5 E1635.59076
G0 F9000 X113 Y108
G1 F3900 X113 Y112 E1635.74874
G1 X180.872 Y112 E1638.42944
G1 X180.872 Y107.999 E1638.58747
G1 X113 Y108 E1641.26817
G0 F9000 X112.525 Y107.54
;TYPE:WALL-OUTER
G1 F3000 X112.525 Y112.475 E1641.44359
G1 X181.347 Y112.475 E1643.88999
G1 X181.346 Y107.525 E1644.06595
G1 X112.554 Y107.525 E1646.51128
G1 X112.525 Y107.54 E1646.51244
G0 F9000 X112.525 Y107.74
G0 X113.195 Y108.195
G0 X115.829 Y108.75
;TYPE:FILL
G1 F3000 X118.329 Y111.249 E1646.83076
G0 F9000 X116.283 Y111.25
G1 F3000 X116.953 Y108.748 E1647.06401
G0 F9000 X124.675 Y111.249
G1 F3000 X134.004 Y108.749 E1647.93374
G0 F9000 X131.951 Y108.75
G1 F3000 X134.451 Y111.249 E1648.25206
G0 F9000 X139.888 Y111.249
G1 F3000 X140.558 Y108.748 E1648.48522
G0 F9000 X148.073 Y108.75
G1 F3000 X150.573 Y111.249 E1648.80354
G0 F9000 X151.69 Y111.25
G1 F3000 X152.36 Y108.749 E1649.0367
G0 F9000 X163.492 Y111.249
G1 F3000 X164.162 Y108.748 E1649.26986
G1 X164.195 Y108.75
G1 X166.695 Y111.249 E1649.58818
G0 F9000 X168.721 Y111.249
G1 F3000 X178.052 Y108.749 E1650.45809
G0 F9000 X175.964 Y108.749
G1 F3000 X175.294 Y111.249 E1650.69116
G1 F2400 E1648.69116
G0 F9000 X128.755 Y108.749
G1 F1200 E1650.69116
G1 F3000 X128.085 Y111.249 E1650.92424
G1 F2400 E1648.92424
G0 F9000 X178.691 Y108.65
G1 F1200 E1650.92424
G0 F9000 X178.691 Y108.773
;TYPE:SKIN
G1 F2700 X178.691 Y111.227 E1650.97851
G1 X180.099 Y111.227 E1651.00966
G1 X180.099 Y108.773 E1651.06393
G1 X178.691 Y108.773 E1651.09508
G0 F9000 X178.831 Y108.92
G1 F2700 X179.959 Y108.92 E1651.12003
G0 F9000 X179.959 Y109.2
G1 F2700 X178.831 Y109.2 E1651.14497
G0 F9000 X178.831 Y109.48
G1 F2700 X179.959 Y109.48 E1651.16992
G0 F9000 X179.959 Y109.76
G1 F2700 X178.831 Y109.76 E1651.19487
G0 F9000 X178.831 Y110.04
G1 F2700 X179.959 Y110.04 E1651.21982
G0 F9000 X179.959 Y110.32
G1 F2700 X178.831 Y110.32 E1651.24477
G0 F9000 X178.831 Y110.6
G1 F2700 X179.959 Y110.6 E1651.26972
G0 F9000 X179.959 Y110.88
G1 F2700 X178.831 Y110.88 E1651.29467
G0 F9000 X178.167 Y110.88
G1 F2400 E1649.29467
G0 F9000 X112.745 Y108.5
G0 X112.286 Y106.691
G0 X107.947 Y106.647
G0 X107.255 Y108.5
G0 X39.629 Y108.5
;TYPE:WALL-INNER
G1 F1200 E1651.29467
G1 F3900 X39.629 Y111.5 E1651.41316
G1 X106.5 Y111.5 E1654.05432
G1 X106.5 Y108.5 E1654.17281
G1 X39.629 Y108.5 E1656.81398
G0 F9000 X39.129 Y108
G1 F3900 X39.129 Y112 E1656.97196
G1 X107 Y112 E1659.65262
G1 X107 Y108 E1659.81061
G1 X39.129 Y108 E1662.49127
G0 F9000 X38.653 Y107.54
;TYPE:WALL-OUTER
G1 F3000 X38.654 Y112.475 E1662.66669
G1 X107.475 Y112.475 E1665.11306
G1 X107.475 Y107.525 E1665.28901
G1 X38.682 Y107.525 E1667.73438
G1 X38.653 Y107.54 E1667.73554
G0 F9000 X38.653 Y107.74
G0 X39.323 Y108.195
G0 X41.36 Y108.722
G0 X41.433 Y109.976
G0 X41.332 Y109.976
;TYPE:FILL
G1 F3000 X45.914 Y108.748 E1668.16272
G1 X46.14 Y108.748
G1 X45.47 Y111.249 E1668.39588
G0 F9000 X51.34 Y108.748
G1 F3000 X53.84 Y111.249 E1668.71433
G0 F9000 X57.272 Y111.25
G1 F3000 X57.943 Y108.748 E1668.9476
G0 F9000 X67.462 Y108.748
G1 F3000 X69.962 Y111.249 E1669.26604
G0 F9000 X69.075 Y111.249
G1 F3000 X69.745 Y108.748 E1669.49921
G0 F9000 X80.627 Y111.249
G1 F3000 X89.96 Y108.749 E1670.36929
G0 F9000 X93.349 Y108.748
G1 F3000 X92.679 Y111.249 E1670.60245
G0 F9000 X86.084 Y111.249
G1 F3000 X83.584 Y108.748 E1670.9209
G0 F9000 X81.547 Y108.748
G1 F3000 X80.877 Y111.249 E1671.15406
G0 F9000 X99.706 Y108.748
G1 F3000 X102.206 Y111.249 E1671.4725
G0 F9000 X104.481 Y111.249
G1 F3000 X105.151 Y108.748 E1671.70566
G1 F2400 E1669.70566
G0 F9000 X39.851 Y108.722
G1 F1200 E1671.70566
G0 F9000 X39.902 Y108.773
;TYPE:SKIN
G1 F2700 X39.902 Y111.227 E1671.75994
G1 X41.31 Y111.227 E1671.79108
G1 X41.309 Y108.773 E1671.84536
G1 X39.902 Y108.773 E1671.87648
G0 F9000 X40.041 Y108.92
G1 F2700 X41.169 Y108.92 E1671.90143
G0 F9000 X41.169 Y109.2
G1 F2700 X40.041 Y109.2 E1671.92638
G0 F9000 X40.041 Y109.48
G1 F2700 X41.169 Y109.48 E1671.95133
G0 F9000 X41.169 Y109.76
G1 F2700 X40.041 Y109.76 E1671.97628
G0 F9000 X40.041 Y110.04
G1 F2700 X41.169 Y110.04 E1672.00123
G0 F9000 X41.169 Y110.32
G1 F2700 X40.041 Y110.32 E1672.02617
G0 F9000 X40.041 Y110.6
G1 F2700 X41.169 Y110.6 E1672.05112
G0 F9000 X41.169 Y110.88
G1 F2700 X40.041 Y110.88 E1672.07607
G0 F9000 X39.754 Y110.881
G1 F2400 E1670.07607
;MESH:NONMESH
G0 F600 X39.754 Y110.881 Z7.28
G0 F9000 X39.851 Y111.278
G0 X41.074 Y111.278
G0 X107.261 Y107.739
G0 X108.825 Y107.525
;TIME_ELAPSED:1621.798332
;LAYER:35
;TYPE:SUPPORT
G1 F1200 E1672.07607
G1 F3000 X108.825 Y112.475 E1672.25203
G1 X111.175 Y112.475 E1672.33556
G1 X111.175 Y107.525 E1672.51152
G1 X108.825 Y107.525 E1672.59506
G1 F2400 E1670.59506
G0 F9000 X108.825 Y106.635
G0 X38.956 Y106.637
G0 X38.409 Y106.913
G0 X38.249 Y107.394
G0 X38.251 Y112.657
G0 X38.527 Y113.204
G0 X38.915 Y113.333
G0 X110.25 Y113.365
G0 X110.25 Y112.025
G0 X110.25 Y113.365
G0 X39.008 Y113.364
G0 X38.527 Y113.204
G0 X38.251 Y112.657
G0 X38.249 Y107.394
G0 X38.409 Y106.913
G0 X38.901 Y106.665
G0 X109.275 Y106.635
G0 X109.275 Y107.975
G1 F1200 E1672.59506
G1 F3000 X110.25 Y107.975 E1672.62971
G1 X110.725 Y107.975 E1672.6466
G1 X110.725 Y112.025 E1672.79056
G1 X110.25 Y112.025 E1672.80745
G1 X109.275 Y112.025 E1672.84211
G1 X109.275 Y107.975 E1672.98607
G0 F9000 X110.25 Y107.975
G1 F3000 X110.25 Y112.025 E1673.13003
G1 F2400 E1671.13003
;MESH:Horiz_1_edged.stl
G0 F9000 X112.745 Y112.025
G0 X113.5 Y108.5
;TYPE:WALL-INNER
G1 F1200 E1673.13003
G1 F3900 X113.5 Y111.5 E1673.24852
G1 X179.887 Y111.5 E1675.87057
G1 X179.887 Y108.499 E1675.9891
G1 X113.5 Y108.5 E1678.61115
G0 F9000 X113 Y108
G1 F3900 X113 Y112 E1678.76913
G1 X180.387 Y112 E1681.43068
G1 X180.387 Y107.999 E1681.5887
G1 X113 Y108 E1684.25025
G0 F9000 X112.525 Y107.54
;TYPE:WALL-OUTER
G1 F3000 X112.525 Y112.475 E1684.42567
G1 X180.862 Y112.475 E1686.85483
G1 X180.861 Y107.525 E1687.03079
G1 X112.554 Y107.525 E1689.45888
G1 X112.525 Y107.54 E1689.46004
G0 F9000 X112.525 Y107.74
G1 F2400 E1687.46004
G0 F9000 X113.195 Y108.195
G0 X177.689 Y108.992
;TYPE:FILL
G1 F1200 E1689.46004
G1 F3000 X178.181 Y108.86 E1689.48298
G0 F9000 X178.206 Y108.773
;TYPE:SKIN
G1 F2700 X178.206 Y111.227 E1689.53726
G1 X179.614 Y111.227 E1689.5684
G1 X179.614 Y108.773 E1689.62268
G1 X178.206 Y108.773 E1689.65382
G0 F9000 X178.206 Y108.65
G0 X179.2 Y108.649
G0 X179.2 Y108.913
G1 F2700 X179.2 Y111.087 E1689.7019
G0 F9000 X178.92 Y111.087
G1 F2700 X178.92 Y108.913 E1689.74999
G0 F9000 X178.64 Y108.913
G1 F2700 X178.64 Y111.087 E1689.79807
G0 F9000 X178.36 Y111.087
G1 F2700 X178.36 Y108.913 E1689.84616
G0 F9000 X178.36 Y108.625
G1 F2400 E1687.84616
G0 F9000 X112.745 Y108.5
G0 X112.286 Y106.691
G0 X107.947 Y106.647
G0 X107.255 Y108.5
G0 X40.114 Y108.5
;TYPE:WALL-INNER
G1 F1200 E1689.84616
G1 F3900 X40.114 Y111.5 E1689.96464
G1 X106.5 Y111.5 E1692.58665
G1 X106.5 Y108.5 E1692.70514
G1 X40.114 Y108.5 E1695.32715
G0 F9000 X39.614 Y108
G1 F3900 X39.614 Y112 E1695.48514
G1 X107 Y112 E1698.14664
G1 X107 Y108 E1698.30463
G1 X39.614 Y108 E1700.96613
G0 F9000 X39.138 Y107.54
;TYPE:WALL-OUTER
G1 F3000 X39.139 Y112.475 E1701.14156
G1 X107.475 Y112.475 E1703.57068
G1 X107.475 Y107.525 E1703.74664
G1 X39.167 Y107.525 E1706.17477
G1 X39.138 Y107.54 E1706.17593
G0 F9000 X39.138 Y107.74
G0 X39.808 Y108.195
G0 X41.845 Y108.722
G0 X41.918 Y109.992
G0 X41.817 Y109.992
;TYPE:FILL
G1 F3000 X42.307 Y109.861 E1706.19876
G0 F9000 X41.845 Y108.722
G0 X40.336 Y108.722
G0 X40.387 Y108.773
;TYPE:SKIN
G1 F2700 X40.387 Y111.227 E1706.25304
G1 X41.795 Y111.227 E1706.28418
G1 X41.794 Y108.773 E1706.33846
G1 X40.387 Y108.773 E1706.36958
G0 F9000 X40.264 Y108.773
G0 X41.44 Y108.65
G0 X41.44 Y108.913
G1 F2700 X41.44 Y111.087 E1706.41767
G0 F9000 X41.16 Y111.087
G1 F2700 X41.16 Y108.913 E1706.46575
G0 F9000 X40.88 Y108.913
G1 F2700 X40.88 Y111.087 E1706.51383
G0 F9000 X40.6 Y111.087
G1 F2700 X40.6 Y108.913 E1706.56192
G0 F9000 X40.6 Y108.625
G1 F2400 E1704.56192
;MESH:NONMESH
G0 F600 X40.6 Y108.625 Z7.48
G0 F9000 X107.261 Y107.739
G0 X108.825 Y107.525
;TIME_ELAPSED:1649.080515
;LAYER:36
;TYPE:SUPPORT
G1 F1200 E1706.56192
G1 F3000 X108.825 Y112.475 E1706.73788
G1 X111.175 Y112.475 E1706.82141
G1 X111.175 Y107.525 E1706.99737
G1 X108.825 Y107.525 E1707.0809
G1 F2400 E1705.0809
G0 F9000 X108.825 Y106.635
G0 X39.44 Y106.637
G0 X38.893 Y106.913
G0 X38.733 Y107.394
G0 X38.735 Y112.657
G0 X39.011 Y113.204
G0 X39.399 Y113.333
G0 X110.25 Y113.365
G0 X110.25 Y112.025
G0 X110.25 Y113.365
G0 X39.492 Y113.364
G0 X39.011 Y113.204
G0 X38.735 Y112.657
G0 X38.733 Y107.394
G0 X38.893 Y106.913
G0 X39.385 Y106.665
G0 X109.275 Y106.635
G0 X109.275 Y107.975
G1 F1200 E1707.0809
G1 F3000 X110.25 Y107.975 E1707.11556
G1 X110.725 Y107.975 E1707.13244
G1 X110.725 Y112.025 E1707.27641
G1 X110.25 Y112.025 E1707.29329
G1 X109.275 Y112.025 E1707.32795
G1 X109.275 Y107.975 E1707.47192
G0 F9000 X110.25 Y107.975
G1 F3000 X110.25 Y112.025 E1707.61588
G1 F2400 E1705.61588
;MESH:Horiz_1_edged.stl
G0 F9000 X112.745 Y112.025
G0 X113.5 Y108.5
;TYPE:WALL-INNER
G1 F1200 E1707.61588
G1 F3900 X113.5 Y111.5 E1707.73437
G1 X179.403 Y111.5 E1710.3373
G1 X179.403 Y108.499 E1710.45583
G1 X113.5 Y108.5 E1713.05876
G0 F9000 X113 Y108
G1 F3900 X113 Y112 E1713.21675
G1 X179.903 Y112 E1715.85918
G1 X179.903 Y107.999 E1716.0172
G1 X113 Y108 E1718.65963
G0 F9000 X112.525 Y107.54
;TYPE:WALL-OUTER
G1 F3000 X112.525 Y112.475 E1718.83505
G1 X180.378 Y112.475 E1721.24701
G1 X180.377 Y107.525 E1721.42296
G1 X112.554 Y107.525 E1723.83385
G1 X112.525 Y107.54 E1723.83501
G0 F9000 X112.525 Y107.74
G0 X113.195 Y108.195
G0 X116.229 Y108.75
;TYPE:FILL
G1 F3000 X118.73 Y111.25 E1724.15346
G0 F9000 X115.99 Y111.249
G1 F3000 X116.66 Y108.748 E1724.38662
G0 F9000 X125.767 Y111.249
G1 F3000 X135.097 Y108.749 E1725.25644
G0 F9000 X134.852 Y111.25
G1 F3000 X132.352 Y108.75 E1725.57482
G0 F9000 X128.463 Y108.748
G1 F3000 X127.792 Y111.249 E1725.80801
G0 F9000 X139.595 Y111.249
G1 F3000 X140.265 Y108.748 E1726.04117
G0 F9000 X148.474 Y108.75
G1 F3000 X150.974 Y111.25 E1726.35955
G0 F9000 X151.397 Y111.25
G1 F3000 X152.067 Y108.748 E1726.5928
G0 F9000 X163.199 Y111.249
G1 F3000 X163.869 Y108.748 E1726.82596
G0 F9000 X164.596 Y108.75
G1 F3000 X167.096 Y111.25 E1727.14434
G0 F9000 X169.811 Y111.25
G1 F3000 X177.688 Y109.139 E1727.87871
G0 F9000 X177.59 Y109.138
G0 X175.671 Y108.748
G1 F3000 X175.001 Y111.249 E1728.11187
G0 F9000 X177.714 Y108.65
G0 X177.714 Y108.773
;TYPE:SKIN
G1 F2700 X177.714 Y111.227 E1728.16615
G1 X179.13 Y111.227 E1728.19747
G1 X179.13 Y108.773 E1728.25175
G1 X177.714 Y108.773 E1728.28306
G0 F9000 X177.854 Y108.92
G1 F2700 X178.99 Y108.92 E1728.30819
G0 F9000 X178.99 Y109.2
G1 F2700 X177.854 Y109.2 E1728.33332
G0 F9000 X177.854 Y109.48
G1 F2700 X178.99 Y109.48 E1728.35844
G0 F9000 X178.99 Y109.76
G1 F2700 X177.854 Y109.76 E1728.38357
G0 F9000 X177.854 Y110.04
G1 F2700 X178.99 Y110.04 E1728.4087
G0 F9000 X178.99 Y110.32
G1 F2700 X177.854 Y110.32 E1728.43382
G0 F9000 X177.854 Y110.6
G1 F2700 X178.99 Y110.6 E1728.45895
G0 F9000 X178.99 Y110.88
G1 F2700 X177.854 Y110.88 E1728.48407
G0 F9000 X177.19 Y110.88
G1 F2400 E1726.48407
G0 F9000 X112.745 Y108.5
G0 X112.286 Y106.691
G0 X107.947 Y106.647
G0 X107.255 Y108.5
G0 X40.598 Y108.5
;TYPE:WALL-INNER
G1 F1200 E1728.48407
G1 F3900 X40.598 Y111.5 E1728.60256
G1 X106.5 Y111.5 E1731.20545
G1 X106.5 Y108.5 E1731.32394
G1 X40.598 Y108.5 E1733.92684
G0 F9000 X40.098 Y108
G1 F3900 X40.098 Y112 E1734.08482
G1 X107 Y112 E1736.72721
G1 X107 Y108 E1736.8852
G1 X40.098 Y108 E1739.52759
G0 F9000 X39.622 Y107.54
;TYPE:WALL-OUTER
G1 F3000 X39.623 Y112.475 E1739.70301
G1 X107.475 Y112.475 E1742.11493
G1 X107.475 Y107.525 E1742.29088
G1 X39.651 Y107.525 E1744.70181
G1 X39.622 Y107.54 E1744.70297
G0 F9000 X39.622 Y107.74
G0 X40.292 Y108.195
G0 X42.337 Y108.722
G0 X42.41 Y110.008
G0 X42.308 Y110.008
;TYPE:FILL
G1 F3000 X47.007 Y108.749 E1745.14105
G0 F9000 X45.847 Y108.748
G1 F3000 X45.177 Y111.249 E1745.37421
G0 F9000 X51.74 Y108.748
G1 F3000 X54.24 Y111.249 E1745.69265
G0 F9000 X56.98 Y111.249
G1 F3000 X57.649 Y108.749 E1745.9257
G0 F9000 X67.862 Y108.748
G1 F3000 X70.362 Y111.249 E1746.24415
G0 F9000 X68.782 Y111.249
G1 F3000 X69.452 Y108.749 E1746.47722
G0 F9000 X80.584 Y111.249
G1 F3000 X81.254 Y108.748 E1746.71039
G0 F9000 X81.722 Y111.249
G1 F3000 X91.053 Y108.749 E1747.58029
G0 F9000 X93.056 Y108.748
G1 F3000 X92.386 Y111.25 E1747.81354
G0 F9000 X86.484 Y111.249
G1 F3000 X83.984 Y108.748 E1748.13199
G0 F9000 X100.106 Y108.748
G1 F3000 X102.606 Y111.249 E1748.45043
G0 F9000 X104.188 Y111.249
G1 F3000 X104.858 Y108.748 E1748.68359
G1 F2400 E1746.68359
G0 F9000 X40.82 Y108.722
G1 F1200 E1748.68359
G0 F9000 X40.871 Y108.773
;TYPE:SKIN
G1 F2700 X40.871 Y111.227 E1748.73787
G1 X42.287 Y111.227 E1748.76919
G1 X42.286 Y108.773 E1748.82347
G1 X40.871 Y108.773 E1748.85477
G0 F9000 X41.01 Y108.92
G1 F2700 X42.146 Y108.92 E1748.87989
G0 F9000 X42.146 Y109.2
G1 F2700 X41.01 Y109.2 E1748.90502
G0 F9000 X41.01 Y109.48
G1 F2700 X42.146 Y109.48 E1748.93014
G0 F9000 X42.146 Y109.76
G1 F2700 X41.01 Y109.76 E1748.95527
G0 F9000 X41.01 Y110.04
G1 F2700 X42.146 Y110.04 E1748.9804
G0 F9000 X42.146 Y110.32
G1 F2700 X41.01 Y110.32 E1749.00552
G0 F9000 X41.01 Y110.6
G1 F2700 X42.146 Y110.6 E1749.03065
G0 F9000 X42.146 Y110.88
G1 F2700 X41.01 Y110.88 E1749.05577
G0 F9000 X40.723 Y110.881
G1 F2400 E1747.05577
;MESH:NONMESH
G0 F600 X40.723 Y110.881 Z7.68
G0 F9000 X40.82 Y111.278
G0 X42.049 Y111.278
G0 X107.261 Y107.739
G0 X108.825 Y107.525
;TIME_ELAPSED:1682.941277
;LAYER:37
;TYPE:SUPPORT
G1 F1200 E1749.05577
G1 F3000 X108.825 Y112.475 E1749.23173
G1 X111.175 Y112.475 E1749.31527
G1 X111.175 Y107.525 E1749.49122
G1 X108.825 Y107.525 E1749.57476
G1 F2400 E1747.57476
G0 F9000 X108.825 Y106.635
G0 X39.925 Y106.637
G0 X39.378 Y106.913
G0 X39.218 Y107.394
G0 X39.22 Y112.657
G0 X39.496 Y113.204
G0 X39.884 Y113.333
G0 X110.25 Y113.365
G0 X110.25 Y112.025
G0 X110.25 Y113.365
G0 X39.977 Y113.364
G0 X39.496 Y113.204
G0 X39.22 Y112.657
G0 X39.218 Y107.394
G0 X39.378 Y106.913
G0 X39.87 Y106.665
G0 X109.275 Y106.635
G0 X109.275 Y107.975
G1 F1200 E1749.57476
G1 F3000 X110.25 Y107.975 E1749.60941
G1 X110.725 Y107.975 E1749.6263
G1 X110.725 Y112.025 E1749.77026
G1 X110.25 Y112.025 E1749.78715
G1 X109.275 Y112.025 E1749.82181
G1 X109.275 Y107.975 E1749.96577
G0 F9000 X110.25 Y107.975
G1 F3000 X110.25 Y112.025 E1750.10974
G1 F2400 E1748.10974
;MESH:Horiz_1_edged.stl
G0 F9000 X112.745 Y112.025
G0 X113.5 Y108.5
;TYPE:WALL-INNER
G1 F1200 E1750.10974
G1 F3900 X113.5 Y111.5 E1750.22822
G1 X178.918 Y111.5 E1752.812
G1 X178.918 Y108.499 E1752.93053
G1 X113.5 Y108.5 E1755.51431
G0 F9000 X113 Y108
G1 F3900 X113 Y112 E1755.67229
G1 X179.418 Y112 E1758.29556
G1 X179.418 Y107.999 E1758.45359
G1 X113 Y108 E1761.07686
G0 F9000 X112.525 Y107.54
;TYPE:WALL-OUTER
G1 F3000 X112.525 Y112.475 E1761.25228
G1 X179.893 Y112.475 E1763.647
G1 X179.892 Y107.525 E1763.82296
G1 X112.554 Y107.525 E1766.2166
G1 X112.525 Y107.54 E1766.21777
G0 F9000 X112.525 Y107.74
G1 F2400 E1764.21777
G0 F9000 X113.195 Y108.195
G0 X176.619 Y109.572
;TYPE:FILL
G1 F1200 E1766.21777
G1 F3000 X177.153 Y109.428 E1766.24267
G0 F9000 X177.177 Y108.773
;TYPE:SKIN
G1 F2700 X177.178 Y111.227 E1766.29695
G1 X178.645 Y111.227 E1766.32939
G1 X178.645 Y108.772 E1766.38369
G1 X177.177 Y108.773 E1766.41616
G0 F9000 X177.177 Y108.65
G0 X178.36 Y108.649
G0 X178.36 Y108.912
G1 F2700 X178.36 Y111.087 E1766.46427
G0 F9000 X178.08 Y111.087
G1 F2700 X178.08 Y108.912 E1766.51237
G0 F9000 X177.8 Y108.912
G1 F2700 X177.8 Y111.087 E1766.56048
G0 F9000 X177.52 Y111.087
G1 F2700 X177.52 Y108.912 E1766.60859
G0 F9000 X177.52 Y108.625
G1 F2400 E1764.60859
G0 F9000 X112.745 Y108.5
G0 X112.286 Y106.691
G0 X107.947 Y106.647
G0 X107.255 Y108.5
G0 X41.083 Y108.5
;TYPE:WALL-INNER
G1 F1200 E1766.60859
G1 F3900 X41.083 Y111.5 E1766.72708
G1 X106.5 Y111.5 E1769.31081
G1 X106.5 Y108.5 E1769.4293
G1 X41.083 Y108.5 E1772.01304
G0 F9000 X40.583 Y108
G1 F3900 X40.583 Y112 E1772.17103
G1 X107 Y112 E1774.79426
G1 X107 Y108 E1774.95224
G1 X40.583 Y108 E1777.57548
G0 F9000 X40.107 Y107.54
;TYPE:WALL-OUTER
G1 F3000 X40.108 Y112.475 E1777.7509
G1 X107.475 Y112.475 E1780.14558
G1 X107.475 Y107.525 E1780.32154
G1 X40.136 Y107.525 E1782.71522
G1 X40.107 Y107.54 E1782.71638
G0 F9000 X40.107 Y107.74
G0 X40.777 Y108.195
G0 X42.873 Y108.722
G0 X42.946 Y110.01
G0 X42.845 Y110.01
;TYPE:FILL
G1 F3000 X43.379 Y109.867 E1782.74127
G0 F9000 X42.873 Y108.722
G0 X41.305 Y108.722
G0 X41.356 Y108.773
;TYPE:SKIN
G1 F2700 X41.356 Y111.227 E1782.79555
G1 X42.823 Y111.227 E1782.828
G1 X42.822 Y108.773 E1782.88227
G1 X41.356 Y108.773 E1782.9147
G0 F9000 X41.233 Y108.773
G0 X42.56 Y108.65
G0 X42.56 Y108.913
G1 F2700 X42.56 Y111.087 E1782.96278
G0 F9000 X42.28 Y111.087
G1 F2700 X42.28 Y108.913 E1783.01087
G0 F9000 X42 Y108.913
G1 F2700 X42 Y111.087 E1783.05895
G0 F9000 X41.72 Y111.087
G1 F2700 X41.72 Y108.913 E1783.10704
G0 F9000 X41.72 Y108.625
G1 F2400 E1781.10704
;MESH:NONMESH
G0 F600 X41.72 Y108.625 Z7.88
G0 F9000 X107.261 Y107.739
G0 X108.825 Y107.525
;TIME_ELAPSED:1710.028073
;LAYER:38
;TYPE:SUPPORT
G1 F1200 E1783.10704
G1 F3000 X108.825 Y108.7 E1783.1488
G1 X108.825 Y112.475 E1783.28299
G1 X111.175 Y112.475 E1783.36653
G1 X111.175 Y107.525 E1783.54248
G1 X108.825 Y107.525 E1783.62602
G1 F2400 E1781.62602
G0 F9000 X108.825 Y106.635
G0 X40.41 Y106.637
G0 X39.863 Y106.913
G0 X39.703 Y107.394
G0 X39.705 Y112.657
G0 X39.981 Y113.204
G0 X40.369 Y113.333
G0 X110.25 Y113.365
G0 X110.25 Y112.025
G0 X110.25 Y113.365
G0 X40.462 Y113.364
G0 X39.981 Y113.204
G0 X39.705 Y112.657
G0 X39.703 Y107.394
G0 X39.863 Y106.913
G0 X40.355 Y106.665
G0 X109.275 Y106.635
G0 X109.275 Y107.975
G1 F1200 E1783.62602
G1 F3000 X110.25 Y107.975 E1783.66068
G1 X110.725 Y107.975 E1783.67756
G1 X110.725 Y112.025 E1783.82153
G1 X110.25 Y112.025 E1783.83841
G1 X109.275 Y112.025 E1783.87307
G1 X109.275 Y107.975 E1784.01703
G0 F9000 X110.25 Y107.975
G1 F3000 X110.25 Y112.025 E1784.161
G1 F2400 E1782.161
;MESH:Horiz_1_edged.stl
G0 F9000 X112.745 Y112.025
G0 X113.5 Y108.5
;TYPE:WALL-INNER
G1 F1200 E1784.161
G1 F3900 X113.5 Y111.5 E1784.27949
G1 X178.433 Y111.5 E1786.84411
G1 X178.433 Y108.499 E1786.96264
G1 X113.5 Y108.5 E1789.52726
G0 F9000 X113 Y108
G1 F3900 X113 Y112 E1789.68524
G1 X178.933 Y112 E1792.28936
G1 X178.933 Y107.999 E1792.44738
G1 X113 Y108 E1795.0515
G0 F9000 X112.525 Y107.54
;TYPE:WALL-OUTER
G1 F3000 X112.525 Y112.475 E1795.22693
G1 X179.408 Y112.475 E1797.6044
G1 X179.407 Y107.525 E1797.78036
G1 X112.554 Y107.525 E1800.15676
G1 X112.525 Y107.54 E1800.15792
G0 F9000 X112.525 Y107.74
G0 X113.195 Y108.195
G0 X116.367 Y108.748
;TYPE:FILL
G1 F3000 X115.697 Y111.249 E1800.39109
G0 F9000 X116.63 Y108.75
G1 F3000 X119.129 Y111.249 E1800.70934
G0 F9000 X126.862 Y111.249
G1 F3000 X136.191 Y108.749 E1801.57908
G0 F9000 X135.251 Y111.249
G1 F3000 X132.752 Y108.75 E1801.89733
G0 F9000 X128.17 Y108.748
G1 F3000 X127.499 Y111.25 E1802.1306
G0 F9000 X139.302 Y111.249
G1 F3000 X139.972 Y108.748 E1802.36376
G0 F9000 X148.874 Y108.75
G1 F3000 X151.373 Y111.249 E1802.68202
G1 X151.104 Y111.249
G1 X151.774 Y108.748 E1802.91518
G0 F9000 X162.906 Y111.249
G1 F3000 X163.576 Y108.749 E1803.14825
G0 F9000 X164.996 Y108.75
G1 F3000 X167.495 Y111.249 E1803.46651
G0 F9000 X170.909 Y111.249
G1 F3000 X176.618 Y109.719 E1803.99875
G0 F9000 X176.519 Y109.718
G0 X175.378 Y108.748
G1 F3000 X174.708 Y111.249 E1804.23191
G0 F9000 X176.642 Y108.65
G0 X176.642 Y108.773
;TYPE:SKIN
G1 F2700 X176.643 Y111.227 E1804.28619
G1 X178.16 Y111.227 E1804.31975
G1 X178.16 Y108.772 E1804.37404
G1 X176.642 Y108.773 E1804.40762
G0 F9000 X176.782 Y108.92
G1 F2700 X178.02 Y108.92 E1804.435
G0 F9000 X178.02 Y109.2
G1 F2700 X176.782 Y109.2 E1804.46238
G0 F9000 X176.782 Y109.48
G1 F2700 X178.02 Y109.48 E1804.48977
G0 F9000 X178.02 Y109.76
G1 F2700 X176.782 Y109.76 E1804.51715
G0 F9000 X176.782 Y110.04
G1 F2700 X178.02 Y110.04 E1804.54453
G0 F9000 X178.02 Y110.32
G1 F2700 X176.782 Y110.32 E1804.57191
G0 F9000 X176.782 Y110.6
G1 F2700 X178.02 Y110.6 E1804.59929
G0 F9000 X178.02 Y110.88
G1 F2700 X176.782 Y110.88 E1804.62668
G0 F9000 X176.119 Y110.88
G1 F2400 E1802.62668
G0 F9000 X112.745 Y108.5
G0 X112.286 Y106.691
G0 X107.947 Y106.647
G0 X107.255 Y108.5
G0 X41.568 Y108.5
;TYPE:WALL-INNER
G1 F1200 E1804.62668
G1 F3900 X41.568 Y111.5 E1804.74517
G1 X106.5 Y111.5 E1807.30975
G1 X106.5 Y108.5 E1807.42824
G1 X41.568 Y108.5 E1809.99282
G0 F9000 X41.068 Y108
G1 F3900 X41.068 Y112 E1810.1508
G1 X107 Y112 E1812.75488
G1 X107 Y108 E1812.91287
G1 X41.068 Y108 E1815.51694
G0 F9000 X40.592 Y107.54
;TYPE:WALL-OUTER
G1 F3000 X40.593 Y112.475 E1815.69237
G1 X107.475 Y112.475 E1818.06981
G1 X107.475 Y107.525 E1818.24576
G1 X40.621 Y107.525 E1820.62221
G1 X40.592 Y107.54 E1820.62337
G0 F9000 X40.592 Y107.74
G0 X41.262 Y108.195
G0 X43.408 Y108.722
G0 X43.481 Y110.013
G0 X43.38 Y110.013
;TYPE:FILL
G1 F3000 X48.098 Y108.749 E1821.06321
G0 F9000 X45.554 Y108.749
G1 F3000 X44.884 Y111.249 E1821.29629
G0 F9000 X52.141 Y108.749
G1 F3000 X54.64 Y111.249 E1821.61461
G0 F9000 X56.687 Y111.249
G1 F3000 X57.357 Y108.748 E1821.84777
G0 F9000 X68.263 Y108.749
G1 F3000 X70.763 Y111.249 E1822.16615
G0 F9000 X68.489 Y111.25
G1 F3000 X69.159 Y108.748 E1822.3994
G0 F9000 X80.291 Y111.249
G1 F3000 X80.961 Y108.748 E1822.63256
G0 F9000 X82.815 Y111.249
G1 F3000 X92.147 Y108.749 E1823.50255
G0 F9000 X92.763 Y108.748
G1 F3000 X92.093 Y111.249 E1823.73572
G0 F9000 X86.885 Y111.249
G1 F3000 X84.385 Y108.749 E1824.0541
G0 F9000 X100.507 Y108.749
G1 F3000 X103.007 Y111.249 E1824.37248
G0 F9000 X103.895 Y111.249
G1 F3000 X104.565 Y108.748 E1824.60564
G1 F2400 E1822.60564
G0 F9000 X41.79 Y108.722
G1 F1200 E1824.60564
G0 F9000 X41.841 Y108.773
;TYPE:SKIN
G1 F2700 X41.841 Y109.531 E1824.6224
G1 X41.841 Y111.227 E1824.65992
G1 X43.358 Y111.227 E1824.69347
G1 X43.357 Y108.773 E1824.74775
G1 X41.841 Y108.773 E1824.78128
G0 F9000 X41.98 Y108.92
G1 F2700 X43.217 Y108.92 E1824.80864
G0 F9000 X43.217 Y109.2
G1 F2700 X41.98 Y109.2 E1824.836
G0 F9000 X41.98 Y109.48
G1 F2700 X43.217 Y109.48 E1824.86336
G0 F9000 X43.217 Y109.76
G1 F2700 X41.98 Y109.76 E1824.89072
G0 F9000 X41.98 Y110.04
G1 F2700 X43.217 Y110.04 E1824.91808
G0 F9000 X43.217 Y110.32
G1 F2700 X41.98 Y110.32 E1824.94544
G0 F9000 X41.98 Y110.6
G1 F2700 X43.217 Y110.6 E1824.9728
G0 F9000 X43.217 Y110.88
G1 F2700 X41.98 Y110.88 E1825.00016
G0 F9000 X41.693 Y110.881
G1 F2400 E1823.00016
;MESH:NONMESH
G0 F600 X41.693 Y110.881 Z8.08
G0 F9000 X41.79 Y111.278
G0 X43.101 Y111.278
G0 X107.261 Y107.739
G0 X108.825 Y107.525
;TIME_ELAPSED:1743.680814
;LAYER:39
;TYPE:SUPPORT
G1 F1200 E1825.00016
G1 F3000 X108.825 Y112.475 E1825.17611
G1 X111.175 Y112.475 E1825.25965
G1 X111.175 Y107.525 E1825.43561
G1 X108.825 Y107.525 E1825.51914
G1 F2400 E1823.51914
G0 F9000 X108.825 Y106.635
G0 X40.902 Y106.637
G0 X40.355 Y106.913
G0 X40.195 Y107.394
G0 X40.197 Y112.657
G0 X40.473 Y113.204
G0 X40.861 Y113.333
G0 X110.25 Y113.365
G0 X110.25 Y112.025
G0 X110.25 Y113.365
G0 X40.954 Y113.364
G0 X40.473 Y113.204
G0 X40.197 Y112.657
G0 X40.195 Y107.394
G0 X40.355 Y106.913
G0 X40.847 Y106.665
G0 X109.275 Y106.635
G0 X109.275 Y107.975
G1 F1200 E1825.51914
G1 F3000 X110.25 Y107.975 E1825.5538
G1 X110.725 Y107.975 E1825.57068
G1 X110.725 Y112.025 E1825.71465
G1 X110.25 Y112.025 E1825.73153
G1 X109.275 Y112.025 E1825.76619
G1 X109.275 Y107.975 E1825.91015
G0 F9000 X110.25 Y107.975
G1 F3000 X110.25 Y112.025 E1826.05412
G1 F2400 E1824.05412
;MESH:Horiz_1_edged.stl
G0 F9000 X112.745 Y112.025
G0 X113.5 Y108.5
;TYPE:WALL-INNER
G1 F1200 E1826.05412
G1 F3900 X113.5 Y111.5 E1826.17261
G1 X177.941 Y111.5 E1828.7178
G1 X177.941 Y108.499 E1828.83633
G1 X113.5 Y108.5 E1831.38151
G0 F9000 X113 Y108
G1 F3900 X113 Y112 E1831.5395
G1 X178.441 Y112 E1834.12418
G1 X178.441 Y107.999 E1834.28221
G1 X113 Y108 E1836.86689
G0 F9000 X112.525 Y107.54
;TYPE:WALL-OUTER
G1 F3000 X112.525 Y112.475 E1837.04232
G1 X178.916 Y112.475 E1839.4023
G1 X178.915 Y107.525 E1839.57826
G1 X112.554 Y107.525 E1841.93718
G1 X112.525 Y107.54 E1841.93834
G0 F9000 X112.525 Y107.74
G1 F2400 E1839.93834
G0 F9000 X113.195 Y108.195
G0 X175.548 Y110.152
;TYPE:FILL
G1 F1200 E1841.93834
G1 F3000 X176.082 Y110.009 E1841.96323
G0 F9000 X175.983 Y110.008
G0 X176.047 Y108.851
G0 X176.106 Y108.773
;TYPE:SKIN
G1 F2700 X176.107 Y111.227 E1842.01751
G1 X177.668 Y111.227 E1842.05203
G1 X177.668 Y108.772 E1842.10633
G1 X176.106 Y108.773 E1842.14088
G0 F9000 X176.106 Y108.65
G0 X177.52 Y108.649
G0 X177.52 Y108.912
G1 F2700 X177.52 Y111.087 E1842.18899
G0 F9000 X177.24 Y111.087
G1 F2700 X177.24 Y108.912 E1842.23709
G0 F9000 X176.96 Y108.912
G1 F2700 X176.96 Y111.087 E1842.2852
G0 F9000 X176.68 Y111.087
G1 F2700 X176.68 Y108.912 E1842.33331
G0 F9000 X176.4 Y108.912
G1 F2700 X176.4 Y111.087 E1842.38141
G0 F9000 X176.4 Y111.375
G1 F2400 E1840.38141
G0 F9000 X112.745 Y108.5
G0 X112.286 Y106.691
G0 X107.947 Y106.647
G0 X107.255 Y108.5
G0 X42.06 Y108.5
;TYPE:WALL-INNER
G1 F1200 E1842.38141
G1 F3900 X42.06 Y111.5 E1842.4999
G1 X106.5 Y111.5 E1845.04505
G1 X106.5 Y108.5 E1845.16354
G1 X42.06 Y108.5 E1847.70869
G0 F9000 X41.56 Y108
G1 F3900 X41.56 Y112 E1847.86668
G1 X107 Y112 E1850.45132
G1 X107 Y108 E1850.60931
G1 X41.56 Y108 E1853.19395
G0 F9000 X41.084 Y107.54
;TYPE:WALL-OUTER
G1 F3000 X41.085 Y112.475 E1853.36938
G1 X107.475 Y112.475 E1855.72933
G1 X107.475 Y107.525 E1855.90528
G1 X41.113 Y107.525 E1858.26424
G1 X41.084 Y107.54 E1858.2654
G0 F9000 X41.084 Y107.74
G0 X41.754 Y108.195
G0 X43.944 Y108.722
G0 X44.017 Y110.016
G0 X43.916 Y110.016
;TYPE:FILL
G1 F3000 X44.449 Y109.873 E1858.29024
G0 F9000 X43.944 Y108.722
G0 X42.282 Y108.722
G0 X42.333 Y108.773
;TYPE:SKIN
G1 F2700 X42.333 Y111.227 E1858.34452
G1 X43.894 Y111.227 E1858.37905
G1 X43.893 Y108.773 E1858.43333
G1 X42.333 Y108.773 E1858.46783
G0 F9000 X42.21 Y108.773
G0 X43.68 Y108.65
G0 X43.68 Y108.913
G1 F2700 X43.68 Y111.087 E1858.51591
G0 F9000 X43.4 Y111.087
G1 F2700 X43.4 Y108.913 E1858.564
G0 F9000 X43.12 Y108.913
G1 F2700 X43.12 Y111.087 E1858.61208
G0 F9000 X42.84 Y111.087
G1 F2700 X42.84 Y108.913 E1858.66017
G0 F9000 X42.56 Y108.913
G1 F2700 X42.56 Y111.087 E1858.70825
G0 F9000 X42.56 Y111.375
G1 F2400 E1856.70825
;MESH:NONMESH
G0 F600 X42.56 Y111.375 Z8.28
G0 F9000 X107.261 Y107.739
G0 X108.825 Y107.525
;TIME_ELAPSED:1770.821501
;LAYER:40
;TYPE:SUPPORT
G1 F1200 E1858.70825
G1 F3000 X108.825 Y112.475 E1858.88421
G1 X111.175 Y112.475 E1858.96774
G1 X111.175 Y107.525 E1859.1437
G1 X108.825 Y107.525 E1859.22724
G1 F2400 E1857.22724
G0 F9000 X108.825 Y106.635
G0 X41.438 Y106.637
G0 X40.891 Y106.913
G0 X40.731 Y107.394
G0 X40.733 Y112.657
G0 X41.009 Y113.204
G0 X41.397 Y113.333
G0 X110.25 Y113.365
G0 X110.25 Y112.025
G0 X110.25 Y113.365
G0 X41.49 Y113.364
G0 X41.009 Y113.204
G0 X40.733 Y112.657
G0 X40.731 Y107.394
G0 X40.891 Y106.913
G0 X41.383 Y106.665
G0 X109.275 Y106.635
G0 X109.275 Y107.975
G1 F1200 E1859.22724
G1 F3000 X110.25 Y107.975 E1859.26189
G1 X110.725 Y107.975 E1859.27878
G1 X110.725 Y112.025 E1859.42274
G1 X110.25 Y112.025 E1859.43963
G1 X109.275 Y112.025 E1859.47429
G1 X109.275 Y107.975 E1859.61825
G0 F9000 X110.25 Y107.975
G1 F3000 X110.25 Y112.025 E1859.76221
G1 F2400 E1857.76221
;MESH:Horiz_1_edged.stl
G0 F9000 X112.745 Y112.025
G0 X113.5 Y108.5
;TYPE:WALL-INNER
G1 F1200 E1859.76221
G1 F3900 X113.5 Y111.5 E1859.8807
G1 X177.405 Y111.5 E1862.40472
G1 X177.405 Y108.499 E1862.52325
G1 X113.5 Y108.5 E1865.04727
G0 F9000 X113 Y108
G1 F3900 X113 Y112 E1865.20525
G1 X177.905 Y112 E1867.76877
G1 X177.905 Y107.999 E1867.92679
G1 X113 Y108 E1870.49031
G0 F9000 X112.525 Y107.54
;TYPE:WALL-OUTER
G1 F3000 X112.525 Y112.475 E1870.66573
G1 X178.38 Y112.475 E1873.00666
G1 X178.379 Y107.525 E1873.18262
G1 X112.554 Y107.525 E1875.52249
G1 X112.525 Y107.54 E1875.52365
G0 F9000 X112.525 Y107.74
G0 X113.195 Y108.195
G0 X116.076 Y108.748
;TYPE:FILL
G1 F3000 X115.405 Y111.249 E1875.75683
G0 F9000 X117.029 Y108.75
G1 F3000 X119.528 Y111.249 E1876.07509
G0 F9000 X127.207 Y111.249
G1 F3000 X127.878 Y108.748 E1876.30827
G0 F9000 X127.951 Y111.249
G1 F3000 X137.28 Y108.749 E1877.17801
G0 F9000 X139.68 Y108.748
G1 F3000 X139.01 Y111.249 E1877.41117
G0 F9000 X135.65 Y111.249
G1 F3000 X133.151 Y108.75 E1877.72942
G0 F9000 X149.273 Y108.75
G1 F3000 X151.772 Y111.249 E1878.04767
G0 F9000 X150.812 Y111.249
G1 F3000 X151.482 Y108.749 E1878.28075
G0 F9000 X162.614 Y111.249
G1 F3000 X163.284 Y108.748 E1878.51391
G0 F9000 X165.395 Y108.75
G1 F3000 X167.894 Y111.249 E1878.83216
G0 F9000 X171.997 Y111.249
G1 F3000 X175.546 Y110.298 E1879.16303
G0 F9000 X175.448 Y110.297
G0 X174.416 Y111.249
G1 F3000 X175.086 Y108.749 E1879.39611
G0 F9000 X175.572 Y108.773
;TYPE:SKIN
G1 F2700 X175.572 Y111.227 E1879.45038
G1 X177.132 Y111.227 E1879.48489
G1 X177.132 Y108.773 E1879.53917
G1 X175.572 Y108.773 E1879.57367
G0 F9000 X175.712 Y108.92
G1 F2700 X176.992 Y108.92 E1879.60198
G0 F9000 X176.992 Y109.2
G1 F2700 X175.712 Y109.2 E1879.63029
G0 F9000 X175.712 Y109.48
G1 F2700 X176.992 Y109.48 E1879.6586
G0 F9000 X176.992 Y109.76
G1 F2700 X175.712 Y109.76 E1879.68691
G0 F9000 X175.712 Y110.04
G1 F2700 X176.992 Y110.04 E1879.71523
G0 F9000 X176.992 Y110.32
G1 F2700 X175.712 Y110.32 E1879.74354
G0 F9000 X175.712 Y110.6
G1 F2700 X176.992 Y110.6 E1879.77185
G0 F9000 X176.992 Y110.88
G1 F2700 X175.712 Y110.88 E1879.80016
G0 F9000 X175.048 Y110.88
G1 F2400 E1877.80016
G0 F9000 X112.745 Y108.5
G0 X112.286 Y106.691
G0 X107.947 Y106.647
G0 X107.255 Y108.5
G0 X42.596 Y108.5
;TYPE:WALL-INNER
G1 F1200 E1879.80016
G1 F3900 X42.596 Y111.5 E1879.91865
G1 X106.5 Y111.5 E1882.44263
G1 X106.5 Y108.5 E1882.56112
G1 X42.596 Y108.5 E1885.08509
G0 F9000 X42.096 Y108
G1 F3900 X42.096 Y112 E1885.24308
G1 X107 Y112 E1887.80655
G1 X107 Y108 E1887.96454
G1 X42.096 Y108 E1890.52802
G0 F9000 X41.62 Y107.54
;TYPE:WALL-OUTER
G1 F3000 X41.621 Y112.475 E1890.70344
G1 X107.475 Y112.475 E1893.04434
G1 X107.475 Y107.525 E1893.22029
G1 X41.649 Y107.525 E1895.56019
G1 X41.62 Y107.54 E1895.56135
G0 F9000 X41.62 Y107.74
G0 X42.29 Y108.195
G0 X44.479 Y108.722
G0 X44.552 Y110.018
G0 X44.451 Y110.018
;TYPE:FILL
G1 F3000 X49.187 Y108.749 E1896.00288
G0 F9000 X52.54 Y108.749
G1 F3000 X55.039 Y111.249 E1896.3212
G0 F9000 X56.395 Y111.249
G1 F3000 X57.065 Y108.749 E1896.55428
G0 F9000 X68.197 Y111.249
G1 F3000 X68.867 Y108.748 E1896.78744
G1 X68.662 Y108.749
G1 X71.161 Y111.249 E1897.10576
G0 F9000 X79.999 Y111.25
G1 F3000 X80.669 Y108.748 E1897.339
G0 F9000 X83.904 Y111.249
G1 F3000 X93.236 Y108.749 E1898.209
G0 F9000 X92.471 Y108.748
G1 F3000 X91.801 Y111.249 E1898.44216
G0 F9000 X87.283 Y111.249
G1 F3000 X84.784 Y108.749 E1898.76048
G0 F9000 X100.906 Y108.749
G1 F3000 X103.405 Y111.249 E1899.0788
G1 X103.603 Y111.249
G1 X104.273 Y108.748 E1899.31196
G1 F2400 E1897.31196
G0 F9000 X45.263 Y108.748
G1 F1200 E1899.31196
G1 F3000 X44.592 Y111.25 E1899.54523
G0 F9000 X44.479 Y108.722
G0 X42.818 Y108.722
G0 X42.869 Y108.773
;TYPE:SKIN
G1 F2700 X42.869 Y111.227 E1899.59951
G1 X44.429 Y111.227 E1899.63401
G1 X44.428 Y108.773 E1899.68829
G1 X42.869 Y108.773 E1899.72277
G0 F9000 X43.008 Y108.92
G1 F2700 X44.288 Y108.92 E1899.75108
G0 F9000 X44.288 Y109.2
G1 F2700 X43.008 Y109.2 E1899.77939
G0 F9000 X43.008 Y109.48
G1 F2700 X44.288 Y109.48 E1899.8077
G0 F9000 X44.288 Y109.76
G1 F2700 X43.008 Y109.76 E1899.83601
G0 F9000 X43.008 Y110.04
G1 F2700 X44.288 Y110.04 E1899.86433
G0 F9000 X44.288 Y110.32
G1 F2700 X43.008 Y110.32 E1899.89264
G0 F9000 X43.008 Y110.6
G1 F2700 X44.288 Y110.6 E1899.92095
G0 F9000 X44.288 Y110.88
G1 F2700 X43.008 Y110.88 E1899.94926
G0 F9000 X42.721 Y110.881
G1 F2400 E1897.94926
;MESH:NONMESH
G0 F600 X42.721 Y110.881 Z8.48
G0 F9000 X42.818 Y111.278
G0 X44.163 Y111.278
G0 X107.261 Y107.739
G0 X108.825 Y107.525
;TIME_ELAPSED:1803.831082
;LAYER:41
;TYPE:SUPPORT
G1 F1200 E1899.94926
G1 F3000 X108.825 Y112.475 E1900.12521
G1 X111.175 Y112.475 E1900.20875
G1 X111.175 Y107.525 E1900.38471
G1 X108.825 Y107.525 E1900.46824
G1 F2400 E1898.46824
G0 F9000 X108.825 Y106.635
G0 X41.973 Y106.637
G0 X41.426 Y106.913
G0 X41.266 Y107.394
G0 X41.268 Y112.657
G0 X41.544 Y113.204
G0 X41.932 Y113.333
G0 X110.25 Y113.365
G0 X110.25 Y112.025
G0 X110.25 Y113.365
G0 X42.025 Y113.364
G0 X41.544 Y113.204
G0 X41.268 Y112.657
G0 X41.266 Y107.394
G0 X41.426 Y106.913
G0 X41.918 Y106.665
G0 X109.275 Y106.635
G0 X109.275 Y107.975
G1 F1200 E1900.46824
G1 F3000 X110.25 Y107.975 E1900.5029
G1 X110.725 Y107.975 E1900.51978
G1 X110.725 Y112.025 E1900.66375
G1 X110.25 Y112.025 E1900.68063
G1 X109.275 Y112.025 E1900.71529
G1 X109.275 Y107.975 E1900.85926
G0 F9000 X110.25 Y107.975
G1 F3000 X110.25 Y112.025 E1901.00322
G1 F2400 E1899.00322
;MESH:Horiz_1_edged.stl
G0 F9000 X112.745 Y112.025
G0 X113.5 Y108.5
;TYPE:WALL-INNER
G1 F1200 E1901.00322
G1 F3900 X113.5 Y111.5 E1901.12171
G1 X176.87 Y111.5 E1903.6246
G1 X176.87 Y108.499 E1903.74313
G1 X113.5 Y108.5 E1906.24601
G0 F9000 X113 Y108
G1 F3900 X113 Y112 E1906.404
G1 X177.37 Y112 E1908.94638
G1 X177.37 Y107.999 E1909.10441
G1 X113 Y108 E1911.64679
G0 F9000 X112.525 Y107.54
;TYPE:WALL-OUTER
G1 F3000 X112.525 Y112.475 E1911.82222
G1 X177.845 Y112.475 E1914.14413
G1 X177.844 Y107.525 E1914.32009
G1 X112.554 Y107.525 E1916.64094
G1 X112.525 Y107.54 E1916.6421
G0 F9000 X112.525 Y107.74
G1 F2400 E1914.6421
G0 F9000 X113.195 Y108.195
G0 X174.477 Y110.473
;TYPE:FILL
G1 F1200 E1916.6421
G1 F3000 X174.939 Y108.748 E1916.7225
G0 F9000 X174.942 Y108.68
G0 X174.912 Y110.588
G0 X175.01 Y110.589
G1 F3000 X174.477 Y110.731 E1916.74734
G0 F9000 X175.035 Y108.65
G0 X175.035 Y108.773
;TYPE:SKIN
G1 F2700 X175.036 Y111.227 E1916.80162
G1 X176.597 Y111.227 E1916.83614
G1 X176.597 Y108.772 E1916.89044
G1 X175.035 Y108.773 E1916.92499
G0 F9000 X175.035 Y108.65
G0 X176.4 Y108.649
G0 X176.4 Y108.912
G1 F2700 X176.4 Y111.087 E1916.9731
G0 F9000 X176.12 Y111.087
G1 F2700 X176.12 Y108.912 E1917.0212
G0 F9000 X175.84 Y108.912
G1 F2700 X175.84 Y111.087 E1917.06931
G0 F9000 X175.56 Y111.087
G1 F2700 X175.56 Y108.912 E1917.11742
G0 F9000 X175.28 Y108.912
G1 F2700 X175.28 Y111.087 E1917.16552
G0 F9000 X175.28 Y111.375
G1 F2400 E1915.16552
G0 F9000 X112.745 Y108.5
G0 X112.286 Y106.691
G0 X107.947 Y106.647
G0 X107.255 Y108.5
G0 X43.131 Y108.5
;TYPE:WALL-INNER
G1 F1200 E1917.16552
G1 F3900 X43.131 Y111.5 E1917.28401
G1 X106.5 Y111.5 E1919.78686
G1 X106.5 Y108.5 E1919.90535
G1 X43.131 Y108.5 E1922.4082
G0 F9000 X42.631 Y108
G1 F3900 X42.631 Y112 E1922.56618
G1 X107 Y112 E1925.10853
G1 X107 Y108 E1925.26651
G1 X42.631 Y108 E1927.80886
G0 F9000 X42.155 Y107.54
;TYPE:WALL-OUTER
G1 F3000 X42.156 Y112.475 E1927.98428
G1 X107.475 Y112.475 E1930.30616
G1 X107.475 Y107.525 E1930.48212
G1 X42.184 Y107.525 E1932.803
G1 X42.155 Y107.54 E1932.80416
G0 F9000 X42.155 Y107.74
G0 X42.825 Y108.195
G0 X45.116 Y108.748
;TYPE:FILL
G1 F3000 X44.986 Y109.23 E1932.82664
G0 F9000 X44.986 Y110.022
G1 F3000 X45.521 Y109.879 E1932.85157
G0 F9000 X45.015 Y108.722
G0 X43.353 Y108.722
G0 X43.404 Y108.773
;TYPE:SKIN
G1 F2700 X43.404 Y111.227 E1932.90585
G1 X44.965 Y111.227 E1932.94038
G1 X44.964 Y108.773 E1932.99466
G1 X43.404 Y108.773 E1933.02916
G0 F9000 X43.281 Y108.773
G0 X44.8 Y108.65
G0 X44.8 Y108.913
G1 F2700 X44.8 Y111.087 E1933.07724
G0 F9000 X44.52 Y111.087
G1 F2700 X44.52 Y108.913 E1933.12533
G0 F9000 X44.24 Y108.913
G1 F2700 X44.24 Y111.087 E1933.17341
G0 F9000 X43.96 Y111.087
G1 F2700 X43.96 Y108.913 E1933.2215
G0 F9000 X43.68 Y108.913
G1 F2700 X43.68 Y111.087 E1933.26958
G0 F9000 X43.68 Y111.375
G1 F2400 E1931.26958
;MESH:NONMESH
G0 F600 X43.68 Y111.375 Z8.68
G0 F9000 X107.261 Y107.739
G0 X108.825 Y107.525
;TIME_ELAPSED:1830.929631
;LAYER:42
;TYPE:SUPPORT
G1 F1200 E1933.26958
G1 F3000 X108.825 Y112.475 E1933.44554
G1 X111.175 Y112.475 E1933.52907
G1 X111.175 Y107.525 E1933.70503
G1 X108.825 Y107.525 E1933.78857
G1 F2400 E1931.78857
G0 F9000 X108.825 Y106.635
G0 X42.509 Y106.637
G0 X41.962 Y106.913
G0 X41.802 Y107.394
G0 X41.804 Y112.657
G0 X42.08 Y113.204
G0 X42.468 Y113.333
G0 X110.25 Y113.365
G0 X110.25 Y112.025
G0 X110.25 Y113.365
G0 X42.561 Y113.364
G0 X42.08 Y113.204
G0 X41.804 Y112.657
G0 X41.802 Y107.394
G0 X41.962 Y106.913
G0 X42.454 Y106.665
G0 X109.275 Y106.635
G0 X109.275 Y107.975
G1 F1200 E1933.78857
G1 F3000 X110.25 Y107.975 E1933.82322
G1 X110.725 Y107.975 E1933.84011
G1 X110.725 Y112.025 E1933.98407
G1 X110.25 Y112.025 E1934.00096
G1 X109.275 Y112.025 E1934.03562
G1 X109.275 Y107.975 E1934.17958
G0 F9000 X110.25 Y107.975
G1 F3000 X110.25 Y112.025 E1934.32354
G1 F2400 E1932.32354
;MESH:Horiz_1_edged.stl
G0 F9000 X112.745 Y112.025
G0 X113.5 Y108.5
;TYPE:WALL-INNER
G1 F1200 E1934.32354
G1 F3900 X113.5 Y111.5 E1934.44203
G1 X176.334 Y111.5 E1936.92375
G1 X176.334 Y108.499 E1937.04228
G1 X113.5 Y108.5 E1939.524
G0 F9000 X113 Y108
G1 F3900 X113 Y112 E1939.68198
G1 X176.834 Y112 E1942.2032
G1 X176.834 Y107.999 E1942.36122
G1 X113 Y108 E1944.88244
G0 F9000 X112.525 Y107.54
;TYPE:WALL-OUTER
G1 F3000 X112.525 Y112.475 E1945.05786
G1 X177.309 Y112.475 E1947.36072
G1 X177.308 Y107.525 E1947.53668
G1 X112.554 Y107.525 E1949.83847
G1 X112.525 Y107.54 E1949.83963
G0 F9000 X112.525 Y107.74
G0 X113.195 Y108.195
G0 X115.783 Y108.748
;TYPE:FILL
G1 F3000 X115.112 Y111.25 E1950.0729
G0 F9000 X117.429 Y108.75
G1 F3000 X119.929 Y111.25 E1950.39129
G0 F9000 X126.914 Y111.249
G1 F3000 X127.585 Y108.748 E1950.62447
G0 F9000 X129.044 Y111.249
G1 F3000 X138.373 Y108.749 E1951.49421
G0 F9000 X139.387 Y108.748
G1 F3000 X138.716 Y111.25 E1951.72748
G0 F9000 X136.051 Y111.25
G1 F3000 X133.551 Y108.75 E1952.04586
G0 F9000 X149.673 Y108.75
G1 F3000 X152.173 Y111.25 E1952.36424
G0 F9000 X150.519 Y111.249
G1 F3000 X151.189 Y108.749 E1952.59731
G0 F9000 X162.321 Y111.25
G1 F3000 X162.991 Y108.748 E1952.83056
G0 F9000 X165.795 Y108.75
G1 F3000 X168.295 Y111.25 E1953.14894
G0 F9000 X173.09 Y111.249
G1 F3000 X174.477 Y110.877 E1953.27826
G0 F9000 X174.123 Y111.25
G1 F3000 X174.476 Y109.93 E1953.40131
G0 F9000 X174.377 Y109.929
G0 X174.441 Y108.843
G0 X174.501 Y108.773
;TYPE:SKIN
G1 F2700 X174.501 Y111.227 E1953.45558
G1 X176.061 Y111.227 E1953.49009
G1 X176.061 Y108.773 E1953.54436
G1 X174.501 Y108.773 E1953.57887
G0 F9000 X174.641 Y108.92
G1 F2700 X175.921 Y108.92 E1953.60718
G0 F9000 X175.921 Y109.2
G1 F2700 X174.641 Y109.2 E1953.63549
G0 F9000 X174.641 Y109.48
G1 F2700 X175.921 Y109.48 E1953.6638
G0 F9000 X175.921 Y109.76
G1 F2700 X174.641 Y109.76 E1953.69211
G0 F9000 X174.641 Y110.04
G1 F2700 X175.921 Y110.04 E1953.72042
G0 F9000 X175.921 Y110.32
G1 F2700 X174.641 Y110.32 E1953.74874
G0 F9000 X174.641 Y110.6
G1 F2700 X175.921 Y110.6 E1953.77705
G0 F9000 X175.921 Y110.88
G1 F2700 X174.641 Y110.88 E1953.80536
G0 F9000 X173.977 Y110.88
G1 F2400 E1951.80536
G0 F9000 X112.745 Y108.5
G0 X112.286 Y106.691
G0 X107.947 Y106.647
G0 X107.255 Y108.5
G0 X43.667 Y108.5
;TYPE:WALL-INNER
G1 F1200 E1953.80536
G1 F3900 X43.667 Y111.5 E1953.92385
G1 X106.5 Y111.5 E1956.40552
G1 X106.5 Y108.5 E1956.52401
G1 X43.667 Y108.5 E1959.00569
G0 F9000 X43.167 Y108
G1 F3900 X43.167 Y112 E1959.16368
G1 X107 Y112 E1961.68485
G1 X107 Y108 E1961.84284
G1 X43.167 Y108 E1964.36401
G0 F9000 X42.691 Y107.54
;TYPE:WALL-OUTER
G1 F3000 X42.692 Y112.475 E1964.53943
G1 X107.475 Y112.475 E1966.84226
G1 X107.475 Y107.525 E1967.01822
G1 X42.72 Y107.525 E1969.32005
G1 X42.691 Y107.54 E1969.32121
G0 F9000 X42.691 Y107.74
G0 X43.361 Y108.195
G0 X45.55 Y108.722
G0 X45.623 Y110.024
G0 X45.522 Y110.024
;TYPE:FILL
G1 F3000 X50.282 Y108.749 E1969.76497
G0 F9000 X52.939 Y108.748
G1 F3000 X55.44 Y111.249 E1970.08348
G0 F9000 X56.102 Y111.25
G1 F3000 X56.772 Y108.749 E1970.31664
G0 F9000 X67.904 Y111.249
G1 F3000 X68.574 Y108.748 E1970.5498
G0 F9000 X69.061 Y108.748
G1 F3000 X71.562 Y111.249 E1970.86831
G0 F9000 X79.706 Y111.25
G1 F3000 X80.376 Y108.748 E1971.10155
G0 F9000 X85.183 Y108.748
G1 F3000 X87.684 Y111.249 E1971.42006
G0 F9000 X84.998 Y111.249
G1 F3000 X94.33 Y108.748 E1972.29008
G0 F9000 X92.178 Y108.749
G1 F3000 X91.508 Y111.249 E1972.52316
G0 F9000 X101.305 Y108.748
G1 F3000 X103.806 Y111.249 E1972.84167
G0 F9000 X103.31 Y111.249
G1 F3000 X103.98 Y108.748 E1973.07483
G1 F2400 E1971.07483
G0 F9000 X43.889 Y108.722
G1 F1200 E1973.07483
G0 F9000 X43.94 Y108.773
;TYPE:SKIN
G1 F2700 X43.94 Y111.227 E1973.1291
G1 X45.5 Y111.227 E1973.16361
G1 X45.499 Y108.773 E1973.21789
G1 X43.94 Y108.773 E1973.25237
G0 F9000 X44.079 Y108.92
G1 F2700 X45.359 Y108.92 E1973.28068
G0 F9000 X45.359 Y109.2
G1 F2700 X44.079 Y109.2 E1973.30899
G0 F9000 X44.079 Y109.48
G1 F2700 X45.359 Y109.48 E1973.3373
G0 F9000 X45.359 Y109.76
G1 F2700 X44.079 Y109.76 E1973.36561
G0 F9000 X44.079 Y110.04
G1 F2700 X45.359 Y110.04 E1973.39392
G0 F9000 X45.359 Y110.32
G1 F2700 X44.079 Y110.32 E1973.42223
G0 F9000 X44.079 Y110.6
G1 F2700 X45.359 Y110.6 E1973.45055
G0 F9000 X45.359 Y110.88
G1 F2700 X44.079 Y110.88 E1973.47886
G0 F9000 X43.792 Y110.881
G1 F2400 E1971.47886
;MESH:NONMESH
G0 F600 X43.792 Y110.881 Z8.88
G0 F9000 X43.889 Y111.278
G0 X45.234 Y111.278
G0 X107.261 Y107.739
G0 X108.825 Y107.525
;TIME_ELAPSED:1863.291682
;LAYER:43
;TYPE:SUPPORT
G1 F1200 E1973.47886
G1 F3000 X108.825 Y112.475 E1973.65481
G1 X111.175 Y112.475 E1973.73835
G1 X111.175 Y107.525 E1973.9143
G1 X108.825 Y107.525 E1973.99784
G1 F2400 E1971.99784
G0 F9000 X108.825 Y106.635
G0 X43.044 Y106.637
G0 X42.497 Y106.913
G0 X42.337 Y107.394
G0 X42.339 Y112.657
G0 X42.615 Y113.204
G0 X43.003 Y113.333
G0 X110.25 Y113.365
G0 X110.25 Y112.025
G0 X110.25 Y113.365
G0 X43.096 Y113.364
G0 X42.615 Y113.204
G0 X42.339 Y112.657
G0 X42.337 Y107.394
G0 X42.497 Y106.913
G0 X42.989 Y106.665
G0 X109.275 Y106.635
G0 X109.275 Y107.975
G1 F1200 E1973.99784
G1 F3000 X110.25 Y107.975 E1974.0325
G1 X110.725 Y107.975 E1974.04938
G1 X110.725 Y112.025 E1974.19335
G1 X110.25 Y112.025 E1974.21023
G1 X109.275 Y112.025 E1974.24489
G1 X109.275 Y107.975 E1974.38885
G0 F9000 X110.25 Y107.975
G1 F3000 X110.25 Y112.025 E1974.53282
G1 F2400 E1972.53282
;MESH:Horiz_1_edged.stl
G0 F9000 X112.745 Y112.025
G0 X113.5 Y108.5
;TYPE:WALL-INNER
G1 F1200 E1974.53282
G1 F3900 X113.5 Y111.5 E1974.65131
G1 X175.799 Y111.5 E1977.11189
G1 X175.799 Y108.499 E1977.23042
G1 X113.5 Y108.5 E1979.69101
G0 F9000 X113 Y108
G1 F3900 X113 Y112 E1979.849
G1 X176.299 Y112 E1982.34908
G1 X176.299 Y107.999 E1982.5071
G1 X113 Y108 E1985.00719
G0 F9000 X112.525 Y107.54
;TYPE:WALL-OUTER
G1 F3000 X112.525 Y112.475 E1985.18261
G1 X176.774 Y112.475 E1987.46645
G1 X176.773 Y107.525 E1987.64241
G1 X112.554 Y107.525 E1989.92519
G1 X112.525 Y107.54 E1989.92635
G0 F9000 X112.525 Y107.74
G1 F2400 E1987.92635
G0 F9000 X113.195 Y108.195
G0 X173.638 Y111.249
;TYPE:FILL
G1 F1200 E1989.92635
G1 F3000 X173.94 Y111.168 E1989.94043
G0 F9000 X173.841 Y111.167
G0 X173.913 Y108.722
G0 X173.964 Y108.773
;TYPE:SKIN
G1 F2700 X173.965 Y111.227 E1989.99471
G1 X175.526 Y111.227 E1990.02923
G1 X175.526 Y108.772 E1990.08353
G1 X173.964 Y108.773 E1990.11808
G0 F9000 X173.964 Y108.65
G0 X175.28 Y108.649
G0 X175.28 Y108.912
G1 F2700 X175.28 Y111.087 E1990.16619
G0 F9000 X175 Y111.087
G1 F2700 X175 Y108.912 E1990.21429
G0 F9000 X174.72 Y108.912
G1 F2700 X174.72 Y111.087 E1990.2624
G0 F9000 X174.44 Y111.087
G1 F2700 X174.44 Y108.912 E1990.31051
G0 F9000 X174.16 Y108.912
G1 F2700 X174.16 Y111.087 E1990.35861
G0 F9000 X174.16 Y111.375
G1 F2400 E1988.35861
G0 F9000 X112.745 Y108.5
G0 X112.286 Y106.691
G0 X107.947 Y106.647
G0 X107.255 Y108.5
G0 X44.202 Y108.5
;TYPE:WALL-INNER
G1 F1200 E1990.35861
G1 F3900 X44.202 Y111.5 E1990.4771
G1 X106.5 Y111.5 E1992.93765
G1 X106.5 Y108.5 E1993.05614
G1 X44.202 Y108.5 E1995.51669
G0 F9000 X43.702 Y108
G1 F3900 X43.702 Y112 E1995.67467
G1 X107 Y112 E1998.17472
G1 X107 Y108 E1998.3327
G1 X43.702 Y108 E2000.83275
G0 F9000 X43.226 Y107.54
;TYPE:WALL-OUTER
G1 F3000 X43.227 Y112.475 E2001.00817
G1 X107.475 Y112.475 E2003.29198
G1 X107.475 Y107.525 E2003.46793
G1 X43.255 Y107.525 E2005.75075
G1 X43.226 Y107.54 E2005.75191
G0 F9000 X43.226 Y107.74
G0 X43.896 Y108.195
G0 X46.086 Y108.722
G0 X46.159 Y110.028
G0 X46.058 Y110.028
;TYPE:FILL
G1 F3000 X46.592 Y109.885 E2005.7768
G0 F9000 X46.086 Y108.722
G0 X44.424 Y108.722
G0 X44.475 Y108.773
;TYPE:SKIN
G1 F2700 X44.475 Y111.227 E2005.83108
G1 X46.036 Y111.227 E2005.8656
G1 X46.035 Y108.773 E2005.91988
G1 X44.475 Y108.773 E2005.95438
G0 F9000 X44.352 Y108.773
G0 X45.64 Y108.65
G0 X45.64 Y108.913
G1 F2700 X45.64 Y111.087 E2006.00247
G0 F9000 X45.36 Y111.087
G1 F2700 X45.36 Y108.913 E2006.05055
G0 F9000 X45.08 Y108.913
G1 F2700 X45.08 Y111.087 E2006.09864
G0 F9000 X44.8 Y111.087
G1 F2700 X44.8 Y108.913 E2006.14672
G0 F9000 X44.8 Y108.625
G1 F2400 E2004.14672
;MESH:NONMESH
G0 F600 X44.8 Y108.625 Z9.08
G0 F9000 X107.261 Y107.739
G0 X108.825 Y107.525
;TIME_ELAPSED:1889.774839
;LAYER:44
;TYPE:SUPPORT
G1 F1200 E2006.14672
G1 F3000 X108.825 Y112.475 E2006.32268
G1 X111.175 Y112.475 E2006.40621
G1 X111.175 Y107.525 E2006.58217
G1 X108.825 Y107.525 E2006.66571
G1 F2400 E2004.66571
G0 F9000 X108.825 Y106.635
G0 X43.58 Y106.637
G0 X43.033 Y106.913
G0 X42.873 Y107.394
G0 X42.875 Y112.657
G0 X43.151 Y113.204
G0 X43.539 Y113.333
G0 X110.25 Y113.365
G0 X110.25 Y112.025
G0 X110.25 Y113.365
G0 X43.632 Y113.364
G0 X43.151 Y113.204
G0 X42.875 Y112.657
G0 X42.873 Y107.394
G0 X43.033 Y106.913
G0 X43.525 Y106.665
G0 X109.275 Y106.635
G0 X109.275 Y107.975
G1 F1200 E2006.66571
G1 F3000 X110.25 Y107.975 E2006.70036
G1 X110.725 Y107.975 E2006.71725
G1 X110.725 Y112.025 E2006.86121
G1 X110.25 Y112.025 E2006.8781
G1 X109.275 Y112.025 E2006.91276
G1 X109.275 Y107.975 E2007.05672
G0 F9000 X110.25 Y107.975
G1 F3000 X110.25 Y112.025 E2007.20068
G1 F2400 E2005.20068
;MESH:Horiz_1_edged.stl
G0 F9000 X112.745 Y112.025
G0 X113.5 Y108.5
;TYPE:WALL-INNER
G1 F1200 E2007.20068
G1 F3900 X113.5 Y111.5 E2007.31917
G1 X175.263 Y111.5 E2009.75859
G1 X175.263 Y108.499 E2009.87712
G1 X113.5 Y108.5 E2012.31654
G0 F9000 X113 Y108
G1 F3900 X113 Y112 E2012.47452
G1 X175.763 Y112 E2014.95343
G1 X175.763 Y107.999 E2015.11146
G1 X113 Y108 E2017.59037
G0 F9000 X112.525 Y107.54
;TYPE:WALL-OUTER
G1 F3000 X112.525 Y112.475 E2017.7658
G1 X176.238 Y112.475 E2020.03059
G1 X176.237 Y107.525 E2020.20654
G1 X112.554 Y107.525 E2022.47027
G1 X112.525 Y107.54 E2022.47143
G0 F9000 X112.525 Y107.74
G0 X113.195 Y108.195
G0 X115.49 Y108.748
;TYPE:FILL
G1 F3000 X114.819 Y111.249 E2022.70461
G0 F9000 X117.829 Y108.75
G1 F3000 X120.329 Y111.25 E2023.023
G0 F9000 X126.621 Y111.249
G1 F3000 X127.292 Y108.748 E2023.25618
G0 F9000 X130.137 Y111.249
G1 F3000 X139.467 Y108.749 E2024.126
G0 F9000 X139.094 Y108.748
G1 F3000 X138.424 Y111.249 E2024.35916
G0 F9000 X136.451 Y111.25
G1 F3000 X133.951 Y108.75 E2024.67754
G0 F9000 X150.073 Y108.75
G1 F3000 X152.573 Y111.25 E2024.99593
G0 F9000 X150.226 Y111.25
G1 F3000 X150.896 Y108.748 E2025.22917
G0 F9000 X162.028 Y111.249
G1 F3000 X162.698 Y108.748 E2025.46234
G0 F9000 X166.195 Y108.75
G1 F3000 X168.695 Y111.25 E2025.78072
G0 F9000 X173.428 Y108.65
G0 X173.428 Y108.773
;TYPE:SKIN
G1 F2700 X173.429 Y111.227 E2025.83499
G1 X174.99 Y111.227 E2025.86952
G1 X174.99 Y108.772 E2025.92382
G1 X173.428 Y108.773 E2025.95837
G0 F9000 X173.568 Y108.92
G1 F2700 X174.85 Y108.92 E2025.98672
G0 F9000 X174.85 Y109.2
G1 F2700 X173.568 Y109.2 E2026.01508
G0 F9000 X173.568 Y109.48
G1 F2700 X174.85 Y109.48 E2026.04343
G0 F9000 X174.85 Y109.76
G1 F2700 X173.568 Y109.76 E2026.07179
G0 F9000 X173.568 Y110.04
G1 F2700 X174.85 Y110.04 E2026.10014
G0 F9000 X174.85 Y110.32
G1 F2700 X173.568 Y110.32 E2026.1285
G0 F9000 X173.568 Y110.6
G1 F2700 X174.85 Y110.6 E2026.15686
G0 F9000 X174.85 Y110.88
G1 F2700 X173.568 Y110.88 E2026.18521
G0 F9000 X172.905 Y110.88
G1 F2400 E2024.18521
G0 F9000 X112.745 Y108.5
G0 X112.286 Y106.691
G0 X107.947 Y106.647
G0 X107.255 Y108.5
G0 X44.738 Y108.5
;TYPE:WALL-INNER
G1 F1200 E2026.18521
G1 F3900 X44.738 Y111.5 E2026.3037
G1 X106.5 Y111.5 E2028.74308
G1 X106.5 Y108.5 E2028.86157
G1 X44.738 Y108.5 E2031.30094
G0 F9000 X44.238 Y108
G1 F3900 X44.238 Y112 E2031.45893
G1 X107 Y112 E2033.9378
G1 X107 Y108 E2034.09579
G1 X44.238 Y108 E2036.57466
G0 F9000 X43.762 Y107.54
;TYPE:WALL-OUTER
G1 F3000 X43.763 Y112.475 E2036.75009
G1 X107.475 Y112.475 E2039.01484
G1 X107.475 Y107.525 E2039.1908
G1 X43.791 Y107.525 E2041.45456
G1 X43.762 Y107.54 E2041.45572
G0 F9000 X43.762 Y107.74
G0 X44.432 Y108.195
G0 X46.622 Y108.722
G0 X46.695 Y110.03
G0 X46.593 Y110.03
;TYPE:FILL
G1 F3000 X51.376 Y108.749 E2041.90162
G0 F9000 X53.339 Y108.748
G1 F3000 X55.84 Y111.249 E2042.22013
G1 X55.809 Y111.249
G1 X56.479 Y108.749 E2042.4532
G0 F9000 X67.611 Y111.249
G1 F3000 X68.281 Y108.749 E2042.68627
G0 F9000 X69.461 Y108.748
G1 F3000 X71.962 Y111.249 E2043.00478
G0 F9000 X79.413 Y111.249
G1 F3000 X80.083 Y108.748 E2043.23794
G0 F9000 X85.583 Y108.748
G1 F3000 X88.084 Y111.249 E2043.55645
G0 F9000 X86.091 Y111.249
G1 F3000 X95.423 Y108.749 E2044.42645
G0 F9000 X91.885 Y108.748
G1 F3000 X91.215 Y111.25 E2044.6597
G0 F9000 X101.705 Y108.748
G1 F3000 X104.206 Y111.249 E2044.97821
G0 F9000 X103.017 Y111.249
G1 F3000 X103.687 Y108.748 E2045.21137
G1 F2400 E2043.21137
G0 F9000 X44.96 Y108.722
G1 F1200 E2045.21137
G0 F9000 X45.011 Y108.773
;TYPE:SKIN
G1 F2700 X45.011 Y111.227 E2045.26564
G1 X46.572 Y111.227 E2045.30017
G1 X46.571 Y108.773 E2045.35445
G1 X45.011 Y108.773 E2045.38895
G0 F9000 X45.15 Y108.92
G1 F2700 X46.431 Y108.92 E2045.41729
G0 F9000 X46.431 Y109.2
G1 F2700 X45.15 Y109.2 E2045.44562
G0 F9000 X45.15 Y109.48
G1 F2700 X46.431 Y109.48 E2045.47395
G0 F9000 X46.431 Y109.76
G1 F2700 X45.15 Y109.76 E2045.50228
G0 F9000 X45.15 Y110.04
G1 F2700 X46.431 Y110.04 E2045.53062
G0 F9000 X46.431 Y110.32
G1 F2700 X45.15 Y110.32 E2045.55895
G0 F9000 X45.15 Y110.6
G1 F2700 X46.431 Y110.6 E2045.58728
G0 F9000 X46.431 Y110.88
G1 F2700 X45.15 Y110.88 E2045.61562
G0 F9000 X44.863 Y110.881
G1 F2400 E2043.61562
;MESH:NONMESH
G0 F600 X44.863 Y110.881 Z9.28
G0 F9000 X44.96 Y111.278
G0 X46.306 Y111.278
G0 X107.255 Y108.599
G0 X108.599 Y108.599
;TIME_ELAPSED:1921.683210
;LAYER:45
;TYPE:SUPPORT-INTERFACE
G1 F1200 E2045.61562
G1 F2700 X111.399 Y111.399 E2045.75638
G0 F9000 X111.399 Y110.066
G1 F2700 X108.766 Y112.699 E2045.88874
G1 X108.881 Y112.699
G1 X108.599 Y112.417 E2045.90291
G1 F2400 E2043.90291
G0 F9000 X108.599 Y113.365
G0 X44.167 Y113.364
G0 X43.686 Y113.204
G0 X43.41 Y112.657
G0 X43.408 Y107.394
G0 X43.568 Y106.913
G0 X44.115 Y106.637
G0 X107.606 Y106.636
G0 X107.952 Y106.766
G0 X108.599 Y109.047
G1 F1200 E2045.90291
G1 F2700 X110.347 Y107.299 E2045.99079
G0 F9000 X111.118 Y107.299
G1 F2700 X111.399 Y107.581 E2046.00494
G1 F2400 E2044.00494
;MESH:Horiz_1_edged.stl
G0 F9000 X112.739 Y107.739
G0 X113.5 Y108.5
;TYPE:WALL-INNER
G1 F1200 E2046.00494
G1 F3900 X113.5 Y111.5 E2046.12343
G1 X174.728 Y111.5 E2048.54171
G1 X174.728 Y108.499 E2048.66024
G1 X113.5 Y108.5 E2051.07853
G0 F9000 X113 Y108
G1 F3900 X113 Y112 E2051.23652
G1 X175.228 Y112 E2053.6943
G1 X175.228 Y107.999 E2053.85232
G1 X113 Y108 E2056.31011
G0 F9000 X112.525 Y107.54
;TYPE:WALL-OUTER
G1 F3000 X112.525 Y112.475 E2056.48553
G1 X175.703 Y112.475 E2058.7313
G1 X175.702 Y107.525 E2058.90726
G1 X112.554 Y107.525 E2061.15197
G1 X112.525 Y107.54 E2061.15313
G0 F9000 X112.525 Y107.74
G1 F2400 E2059.15313
G0 F9000 X113.195 Y108.195
G0 X172.893 Y108.65
G1 F1200 E2061.15313
G0 F9000 X172.893 Y108.773
;TYPE:SKIN
G1 F2700 X172.894 Y111.227 E2061.2074
G1 X174.455 Y111.227 E2061.24193
G1 X174.455 Y108.772 E2061.29623
G1 X172.893 Y108.773 E2061.33078
G0 F9000 X172.893 Y108.65
G0 X174.16 Y108.649
G0 X174.16 Y108.912
G1 F2700 X174.16 Y111.087 E2061.37889
G0 F9000 X173.88 Y111.087
G1 F2700 X173.88 Y108.912 E2061.42699
G0 F9000 X173.6 Y108.912
G1 F2700 X173.6 Y111.087 E2061.4751
G0 F9000 X173.32 Y111.087
G1 F2700 X173.32 Y108.912 E2061.52321
G0 F9000 X173.04 Y108.912
G1 F2700 X173.04 Y111.087 E2061.57131
G0 F9000 X173.04 Y111.375
G1 F2400 E2059.57131
G0 F9000 X112.745 Y108.5
G0 X112.286 Y106.691
G0 X107.947 Y106.647
G0 X107.255 Y108.5
G0 X45.273 Y108.5
;TYPE:WALL-INNER
G1 F1200 E2061.57131
G1 F3900 X45.273 Y111.5 E2061.6898
G1 X106.5 Y111.5 E2064.10805
G1 X106.5 Y108.5 E2064.22654
G1 X45.273 Y108.5 E2066.64478
G0 F9000 X44.773 Y108
G1 F3900 X44.773 Y112 E2066.80277
G1 X107 Y112 E2069.26051
G1 X107 Y108 E2069.4185
G1 X44.773 Y108 E2071.87624
G0 F9000 X44.297 Y107.54
;TYPE:WALL-OUTER
G1 F3000 X44.298 Y112.475 E2072.05166
G1 X107.475 Y112.475 E2074.2974
G1 X107.475 Y107.525 E2074.47336
G1 X44.326 Y107.525 E2076.7181
G1 X44.297 Y107.54 E2076.71926
G0 F9000 X44.297 Y107.74
G0 X44.967 Y108.195
G0 X47.157 Y108.722
G0 X47.23 Y110.033
G0 X47.129 Y110.033
;TYPE:FILL
G1 F3000 X47.664 Y109.889 E2076.74421
G0 F9000 X47.157 Y108.722
G0 X45.495 Y108.722
G0 X45.546 Y108.773
;TYPE:SKIN
G1 F2700 X45.546 Y111.227 E2076.79849
G1 X47.107 Y111.227 E2076.83301
G1 X47.106 Y108.773 E2076.88729
G1 X45.546 Y108.773 E2076.92179
G0 F9000 X45.423 Y108.773
G0 X46.76 Y108.65
G0 X46.76 Y108.913
G1 F2700 X46.76 Y111.087 E2076.96988
G0 F9000 X46.48 Y111.087
G1 F2700 X46.48 Y108.913 E2077.01796
G0 F9000 X46.2 Y108.913
G1 F2700 X46.2 Y111.087 E2077.06605
G0 F9000 X45.92 Y111.087
G1 F2700 X45.92 Y108.913 E2077.11413
G0 F9000 X45.92 Y108.625
G1 F2400 E2075.11413
;MESH:NONMESH
G0 F600 X45.92 Y108.625 Z9.48
G0 F9000 X107.255 Y108.599
G0 X108.599 Y108.599
;TIME_ELAPSED:1945.494171
;LAYER:46
;TYPE:SUPPORT-INTERFACE
G1 F1200 E2077.11413
G1 F2700 X111.399 Y111.399 E2077.25489
G0 F9000 X111.399 Y110.066
G1 F2700 X108.766 Y112.699 E2077.38725
G1 X108.881 Y112.699
G1 X108.599 Y112.417 E2077.40143
G1 F2400 E2075.40143
G0 F9000 X108.599 Y113.365
G0 X44.703 Y113.364
G0 X44.222 Y113.204
G0 X43.946 Y112.657
G0 X43.944 Y107.394
G0 X44.104 Y106.913
G0 X44.651 Y106.637
G0 X107.606 Y106.636
G0 X107.952 Y106.766
G0 X108.599 Y109.047
G1 F1200 E2077.40143
G1 F2700 X110.347 Y107.299 E2077.4893
G0 F9000 X111.118 Y107.299
G1 F2700 X111.399 Y107.581 E2077.50345
G1 F2400 E2075.50345
;MESH:Horiz_1_edged.stl
G0 F9000 X112.739 Y107.739
G0 X113.5 Y108.5
;TYPE:WALL-INNER
G1 F1200 E2077.50345
G1 F3900 X113.5 Y111.5 E2077.62194
G1 X174.192 Y111.5 E2080.01906
G1 X174.192 Y108.499 E2080.13759
G1 X113.5 Y108.5 E2082.5347
G0 F9000 X113 Y108
G1 F3900 X113 Y112 E2082.69269
G1 X174.692 Y112 E2085.1293
G1 X174.692 Y107.999 E2085.28733
G1 X113 Y108 E2087.72394
G0 F9000 X112.525 Y107.54
;TYPE:WALL-OUTER
G1 F3000 X112.525 Y112.475 E2087.89936
G1 X175.167 Y112.475 E2090.12608
G1 X175.166 Y107.525 E2090.30204
G1 X112.554 Y107.525 E2092.5277
G1 X112.525 Y107.54 E2092.52886
G0 F9000 X112.525 Y107.74
G0 X113.195 Y108.195
G0 X115.197 Y108.748
;TYPE:FILL
G1 F3000 X114.526 Y111.249 E2092.76204
G0 F9000 X118.229 Y108.75
G1 F3000 X120.729 Y111.249 E2093.08036
G0 F9000 X126.328 Y111.25
G1 F3000 X126.999 Y108.748 E2093.31363
G0 F9000 X131.232 Y111.249
G1 F3000 X140.56 Y108.749 E2094.18328
G0 F9000 X138.801 Y108.748
G1 F3000 X138.131 Y111.249 E2094.41644
G0 F9000 X136.851 Y111.249
G1 F3000 X134.351 Y108.75 E2094.73476
G0 F9000 X149.933 Y111.249
G1 F3000 X150.603 Y108.748 E2094.96792
G1 X150.473 Y108.75
G1 X152.973 Y111.249 E2095.28624
G0 F9000 X161.735 Y111.249
G1 F3000 X162.405 Y108.749 E2095.51931
G0 F9000 X166.595 Y108.75
G1 F3000 X169.095 Y111.249 E2095.83763
G0 F9000 X172.357 Y108.65
G0 X172.357 Y108.773
;TYPE:SKIN
G1 F2700 X172.358 Y111.227 E2095.8919
G1 X173.919 Y111.227 E2095.92643
G1 X173.919 Y108.772 E2095.98073
G1 X172.357 Y108.773 E2096.01528
G0 F9000 X172.497 Y108.92
G1 F2700 X173.779 Y108.92 E2096.04363
G0 F9000 X173.779 Y109.2
G1 F2700 X172.497 Y109.2 E2096.07199
G0 F9000 X172.497 Y109.48
G1 F2700 X173.779 Y109.48 E2096.10034
G0 F9000 X173.779 Y109.76
G1 F2700 X172.497 Y109.76 E2096.1287
G0 F9000 X172.497 Y110.04
G1 F2700 X173.779 Y110.04 E2096.15706
G0 F9000 X173.779 Y110.32
G1 F2700 X172.497 Y110.32 E2096.18541
G0 F9000 X172.497 Y110.6
G1 F2700 X173.779 Y110.6 E2096.21377
G0 F9000 X173.779 Y110.88
G1 F2700 X172.497 Y110.88 E2096.24212
G0 F9000 X171.834 Y110.88
G1 F2400 E2094.24212
G0 F9000 X112.745 Y108.5
G0 X112.286 Y106.691
G0 X107.947 Y106.647
G0 X107.255 Y108.5
G0 X45.809 Y108.5
;TYPE:WALL-INNER
G1 F1200 E2096.24212
G1 F3900 X45.809 Y111.5 E2096.36061
G1 X106.5 Y111.5 E2098.75769
G1 X106.5 Y108.5 E2098.87618
G1 X45.809 Y108.5 E2101.27325
G0 F9000 X45.309 Y108
G1 F3900 X45.309 Y112 E2101.43124
G1 X107 Y112 E2103.86781
G1 X107 Y108 E2104.0258
G1 X45.309 Y108 E2106.46237
G0 F9000 X44.833 Y107.54
;TYPE:WALL-OUTER
G1 F3000 X44.834 Y112.475 E2106.63779
G1 X107.475 Y112.475 E2108.86448
G1 X107.475 Y107.525 E2109.04044
G1 X44.862 Y107.525 E2111.26613
G1 X44.833 Y107.54 E2111.26729
G0 F9000 X44.833 Y107.74
G0 X45.503 Y108.195
G0 X47.693 Y108.722
G0 X47.766 Y110.036
G0 X47.665 Y110.036
;TYPE:FILL
G1 F3000 X52.468 Y108.749 E2111.71506
G0 F9000 X53.74 Y108.749
G1 F3000 X56.24 Y111.249 E2112.03344
G0 F9000 X55.515 Y111.25
G1 F3000 X56.186 Y108.748 E2112.26672
G0 F9000 X67.318 Y111.249
G1 F3000 X67.988 Y108.748 E2112.49988
G0 F9000 X69.862 Y108.749
G1 F3000 X72.362 Y111.249 E2112.81826
G0 F9000 X79.12 Y111.249
G1 F3000 X79.79 Y108.748 E2113.05142
G0 F9000 X85.984 Y108.749
G1 F3000 X88.484 Y111.249 E2113.3698
G0 F9000 X87.185 Y111.249
G1 F3000 X96.517 Y108.749 E2114.2398
G0 F9000 X91.592 Y108.748
G1 F3000 X90.922 Y111.25 E2114.47305
G0 F9000 X102.106 Y108.749
G1 F3000 X104.606 Y111.249 E2114.79143
G0 F9000 X102.724 Y111.249
G1 F3000 X103.394 Y108.749 E2115.0245
G1 F2400 E2113.0245
G0 F9000 X46.031 Y108.722
G1 F1200 E2115.0245
G0 F9000 X46.082 Y108.773
;TYPE:SKIN
G1 F2700 X46.082 Y111.227 E2115.07878
G1 X47.643 Y111.227 E2115.1133
G1 X47.642 Y108.773 E2115.16758
G1 X46.082 Y108.773 E2115.20209
G0 F9000 X46.221 Y108.92
G1 F2700 X47.502 Y108.92 E2115.23042
G0 F9000 X47.502 Y109.2
G1 F2700 X46.221 Y109.2 E2115.25875
G0 F9000 X46.221 Y109.48
G1 F2700 X47.502 Y109.48 E2115.28709
G0 F9000 X47.502 Y109.76
G1 F2700 X46.221 Y109.76 E2115.31542
G0 F9000 X46.221 Y110.04
G1 F2700 X47.502 Y110.04 E2115.34375
G0 F9000 X47.502 Y110.32
G1 F2700 X46.221 Y110.32 E2115.37209
G0 F9000 X46.221 Y110.6
G1 F2700 X47.502 Y110.6 E2115.40042
G0 F9000 X47.502 Y110.88
G1 F2700 X46.221 Y110.88 E2115.42875
G0 F9000 X45.934 Y110.881
G1 F2400 E2113.42875
;MESH:NONMESH
G0 F600 X45.934 Y110.881 Z9.68
G0 F9000 X46.031 Y111.278
G0 X47.377 Y111.278
G0 X107.255 Y108.599
G0 X108.599 Y108.599
;TIME_ELAPSED:1974.842999
;LAYER:47
;TYPE:SUPPORT-INTERFACE
G1 F1200 E2115.42875
G1 F2700 X111.399 Y111.399 E2115.56951
G0 F9000 X111.399 Y110.066
G1 F2700 X108.766 Y112.699 E2115.70187
G1 X108.881 Y112.699
G1 X108.599 Y112.417 E2115.71605
G1 F2400 E2113.71605
G0 F9000 X108.599 Y113.365
G0 X45.239 Y113.364
G0 X44.758 Y113.204
G0 X44.482 Y112.657
G0 X44.48 Y107.394
G0 X44.64 Y106.913
G0 X45.187 Y106.637
G0 X107.606 Y106.636
G0 X107.952 Y106.766
G0 X108.599 Y109.047
G1 F1200 E2115.71605
G1 F2700 X110.347 Y107.299 E2115.80392
G0 F9000 X111.118 Y107.299
G1 F2700 X111.399 Y107.581 E2115.81807
G1 F2400 E2113.81807
;MESH:Horiz_1_edged.stl
G0 F9000 X112.739 Y107.739
G0 X113.5 Y108.5
;TYPE:WALL-INNER
G1 F1200 E2115.81807
G1 F3900 X113.5 Y111.5 E2115.93656
G1 X173.656 Y111.5 E2118.31251
G1 X173.656 Y108.499 E2118.43104
G1 X113.5 Y108.5 E2120.80698
G0 F9000 X113 Y108
G1 F3900 X113 Y112 E2120.96497
G1 X174.156 Y112 E2123.38041
G1 X174.156 Y107.999 E2123.53844
G1 X113 Y108 E2125.95388
G0 F9000 X112.525 Y107.54
;TYPE:WALL-OUTER
G1 F3000 X112.525 Y112.475 E2126.1293
G1 X174.631 Y112.475 E2128.33697
G1 X174.63 Y107.525 E2128.51293
G1 X112.554 Y107.525 E2130.71953
G1 X112.525 Y107.54 E2130.72069
G0 F9000 X112.525 Y107.74
G1 F2400 E2128.72069
G0 F9000 X113.195 Y108.195
G0 X171.823 Y108.65
G1 F1200 E2130.72069
G0 F9000 X171.823 Y108.773
;TYPE:SKIN
G1 F2700 X171.823 Y111.227 E2130.77497
G1 X173.383 Y111.227 E2130.80947
G1 X173.383 Y108.773 E2130.86375
G1 X171.823 Y108.773 E2130.89825
G0 F9000 X171.823 Y108.65
G0 X173.04 Y108.649
G0 X173.04 Y108.913
G1 F2700 X173.04 Y111.087 E2130.94634
G0 F9000 X172.76 Y111.087
G1 F2700 X172.76 Y108.913 E2130.99442
G0 F9000 X172.48 Y108.913
G1 F2700 X172.48 Y111.087 E2131.04251
G0 F9000 X172.2 Y111.087
G1 F2700 X172.2 Y108.913 E2131.09059
G0 F9000 X172.2 Y108.625
G1 F2400 E2129.09059
G0 F9000 X112.745 Y108.5
G0 X112.286 Y106.691
G0 X107.947 Y106.647
G0 X107.255 Y108.5
G0 X46.345 Y108.5
;TYPE:WALL-INNER
G1 F1200 E2131.09059
G1 F3900 X46.345 Y111.5 E2131.20908
G1 X106.5 Y111.5 E2133.58499
G1 X106.5 Y108.5 E2133.70347
G1 X46.345 Y108.5 E2136.07938
G0 F9000 X45.845 Y108
G1 F3900 X45.845 Y112 E2136.23737
G1 X107 Y112 E2138.65277
G1 X107 Y108 E2138.81076
G1 X45.845 Y108 E2141.22616
G0 F9000 X45.369 Y107.54
;TYPE:WALL-OUTER
G1 F3000 X45.37 Y112.475 E2141.40158
G1 X107.475 Y112.475 E2143.60921
G1 X107.475 Y107.525 E2143.78517
G1 X45.398 Y107.525 E2145.99181
G1 X45.369 Y107.54 E2145.99297
G0 F9000 X45.369 Y107.74
G0 X46.039 Y108.195
G0 X48.228 Y108.722
G0 X48.301 Y110.039
G0 X48.2 Y110.039
;TYPE:FILL
G1 F3000 X48.79 Y109.881 E2146.02047
G0 F9000 X48.228 Y108.722
G0 X46.567 Y108.722
G0 X46.618 Y108.773
;TYPE:SKIN
G1 F2700 X46.618 Y111.227 E2146.07475
G1 X48.178 Y111.227 E2146.10925
G1 X48.177 Y108.773 E2146.16353
G1 X46.618 Y108.773 E2146.19801
G0 F9000 X46.495 Y108.773
G0 X47.88 Y108.65
G0 X47.88 Y108.913
G1 F2700 X47.88 Y111.087 E2146.24609
G0 F9000 X47.6 Y111.087
G1 F2700 X47.6 Y108.913 E2146.29418
G0 F9000 X47.32 Y108.913
G1 F2700 X47.32 Y111.087 E2146.34226
G0 F9000 X47.04 Y111.087
G1 F2700 X47.04 Y108.913 E2146.39035
G0 F9000 X46.76 Y108.913
G1 F2700 X46.76 Y111.087 E2146.43843
G0 F9000 X46.76 Y111.375
G1 F2400 E2144.43843
;MESH:NONMESH
G0 F600 X46.76 Y111.375 Z9.88
G0 F9000 X107.255 Y108.599
G0 X108.599 Y108.599
;TIME_ELAPSED:1998.400006
;LAYER:48
;TYPE:SUPPORT-INTERFACE
G1 F1200 E2146.43843
G1 F2700 X111.399 Y111.399 E2146.57919
G0 F9000 X111.399 Y110.066
G1 F2700 X108.766 Y112.699 E2146.71155
G1 X108.881 Y112.699
G1 X108.599 Y112.417 E2146.72573
G1 F2400 E2144.72573
G0 F9000 X108.599 Y113.365
G0 X45.774 Y113.364
G0 X45.293 Y113.204
G0 X45.017 Y112.657
G0 X45.015 Y107.394
G0 X45.175 Y106.913
G0 X45.722 Y106.637
G0 X107.606 Y106.636
G0 X107.952 Y106.766
G0 X108.599 Y109.047
G1 F1200 E2146.72573
G1 F2700 X110.347 Y107.299 E2146.8136
G0 F9000 X111.118 Y107.299
G1 F2700 X111.399 Y107.581 E2146.82775
G1 F2400 E2144.82775
;MESH:Horiz_1_edged.stl
G0 F9000 X112.739 Y107.739
G0 X113.5 Y108.5
;TYPE:WALL-INNER
G1 F1200 E2146.82775
G1 F3900 X113.5 Y111.5 E2146.94624
G1 X173.121 Y111.5 E2149.30106
G1 X173.121 Y108.499 E2149.41959
G1 X113.5 Y108.5 E2151.7744
G0 F9000 X113 Y108
G1 F3900 X113 Y112 E2151.93239
G1 X173.621 Y112 E2154.3267
G1 X173.621 Y107.999 E2154.48473
G1 X113 Y108 E2156.87904
G0 F9000 X112.525 Y107.54
;TYPE:WALL-OUTER
G1 F3000 X112.525 Y112.475 E2157.05446
G1 X174.096 Y112.475 E2159.24311
G1 X174.095 Y107.525 E2159.41907
G1 X112.554 Y107.525 E2161.60665
G1 X112.525 Y107.54 E2161.60781
G0 F9000 X112.525 Y107.74
G0 X113.195 Y108.195
G0 X114.903 Y108.748
;TYPE:FILL
G1 F3000 X114.233 Y111.249 E2161.84097
G0 F9000 X118.629 Y108.75
G1 F3000 X121.129 Y111.249 E2162.15929
G0 F9000 X126.035 Y111.25
G1 F3000 X126.706 Y108.748 E2162.39256
G0 F9000 X132.324 Y111.249
G1 F3000 X141.653 Y108.749 E2163.2623
G0 F9000 X138.508 Y108.748
G1 F3000 X137.838 Y111.249 E2163.49546
G0 F9000 X137.251 Y111.249
G1 F3000 X134.751 Y108.75 E2163.81378
G0 F9000 X149.64 Y111.249
G1 F3000 X150.31 Y108.748 E2164.04694
G0 F9000 X150.873 Y108.75
G1 F3000 X153.373 Y111.249 E2164.36526
G0 F9000 X161.442 Y111.25
G1 F3000 X162.112 Y108.748 E2164.5985
G0 F9000 X166.995 Y108.75
G1 F3000 X169.495 Y111.249 E2164.91682
G0 F9000 X171.23 Y108.65
G0 X171.23 Y108.773
;TYPE:SKIN
G1 F2700 X171.231 Y111.227 E2164.9711
G1 X172.848 Y111.227 E2165.00686
G1 X172.848 Y108.772 E2165.06116
G1 X171.23 Y108.773 E2165.09695
G0 F9000 X171.37 Y108.92
G1 F2700 X172.708 Y108.92 E2165.12654
G0 F9000 X172.708 Y109.2
G1 F2700 X171.37 Y109.2 E2165.15614
G0 F9000 X171.37 Y109.48
G1 F2700 X172.708 Y109.48 E2165.18573
G0 F9000 X172.708 Y109.76
G1 F2700 X171.37 Y109.76 E2165.21533
G0 F9000 X171.37 Y110.04
G1 F2700 X172.708 Y110.04 E2165.24492
G0 F9000 X172.708 Y110.32
G1 F2700 X171.37 Y110.32 E2165.27451
G0 F9000 X171.37 Y110.6
G1 F2700 X172.708 Y110.6 E2165.30411
G0 F9000 X172.708 Y110.88
G1 F2700 X171.37 Y110.88 E2165.3337
G0 F9000 X170.707 Y110.88
G1 F2400 E2163.3337
G0 F9000 X112.745 Y108.5
G0 X112.286 Y106.691
G0 X107.947 Y106.647
G0 X107.255 Y108.5
G0 X46.88 Y108.5
;TYPE:WALL-INNER
G1 F1200 E2165.3337
G1 F3900 X46.88 Y111.5 E2165.45219
G1 X106.5 Y111.5 E2167.80697
G1 X106.5 Y108.5 E2167.92546
G1 X46.88 Y108.5 E2170.28023
G0 F9000 X46.38 Y108
G1 F3900 X46.38 Y112 E2170.43822
G1 X107 Y112 E2172.83249
G1 X107 Y108 E2172.99048
G1 X46.38 Y108 E2175.38475
G0 F9000 X45.904 Y107.54
;TYPE:WALL-OUTER
G1 F3000 X45.905 Y112.475 E2175.56017
G1 X107.475 Y112.475 E2177.74879
G1 X107.475 Y107.525 E2177.92474
G1 X45.933 Y107.525 E2180.11236
G1 X45.904 Y107.54 E2180.11352
G0 F9000 X45.904 Y107.74
G0 X46.574 Y108.195
G0 X48.82 Y108.722
G0 X48.893 Y110.027
G0 X48.791 Y110.027
;TYPE:FILL
G1 F3000 X53.563 Y108.749 E2180.55839
G0 F9000 X54.141 Y108.749
G1 F3000 X56.64 Y111.249 E2180.87671
G0 F9000 X55.223 Y111.249
G1 F3000 X55.893 Y108.749 E2181.10979
G0 F9000 X67.025 Y111.25
G1 F3000 X67.695 Y108.749 E2181.34295
G0 F9000 X70.263 Y108.749
G1 F3000 X72.762 Y111.249 E2181.66126
G0 F9000 X78.827 Y111.249
G1 F3000 X79.497 Y108.748 E2181.89443
G0 F9000 X86.385 Y108.749
G1 F3000 X88.884 Y111.249 E2182.21274
G0 F9000 X88.279 Y111.249
G1 F3000 X97.61 Y108.749 E2183.08265
G0 F9000 X102.507 Y108.749
G1 F3000 X105.006 Y111.249 E2183.40097
G0 F9000 X102.431 Y111.25
G1 F3000 X103.101 Y108.748 E2183.63422
G0 F9000 X91.299 Y108.748
G1 F3000 X90.629 Y111.249 E2183.86738
G1 F2400 E2181.86738
G0 F9000 X48.82 Y108.722
G0 X47.102 Y108.722
G1 F1200 E2183.86738
G0 F9000 X47.153 Y108.773
;TYPE:SKIN
G1 F2700 X47.153 Y111.227 E2183.92166
G1 X48.77 Y111.227 E2183.95742
G1 X48.769 Y108.773 E2184.0117
G1 X47.153 Y108.773 E2184.04744
G0 F9000 X47.292 Y108.92
G1 F2700 X48.629 Y108.92 E2184.07701
G0 F9000 X48.629 Y109.2
G1 F2700 X47.292 Y109.2 E2184.10659
G0 F9000 X47.292 Y109.48
G1 F2700 X48.629 Y109.48 E2184.13616
G0 F9000 X48.629 Y109.76
G1 F2700 X47.292 Y109.76 E2184.16573
G0 F9000 X47.292 Y110.04
G1 F2700 X48.629 Y110.04 E2184.1953
G0 F9000 X48.629 Y110.32
G1 F2700 X47.292 Y110.32 E2184.22487
G0 F9000 X47.292 Y110.6
G1 F2700 X48.629 Y110.6 E2184.25444
G0 F9000 X48.629 Y110.88
G1 F2700 X47.292 Y110.88 E2184.28402
G0 F9000 X47.005 Y110.881
;MESH:NONMESH
G0 F600 X47.005 Y110.881 Z10.08
G0 F9000 X47.102 Y108.722
G0 X47.416 Y108.5
;TIME_ELAPSED:2026.758799
;LAYER:49
;TYPE:WALL-INNER
;MESH:Horiz_1_edged.stl
G1 F3900 X47.416 Y111.5 E2184.40251
G1 X106.5 Y111.5 E2186.73611
G1 X106.5 Y108.5 E2186.8546
G1 X47.416 Y108.5 E2189.18821
G0 F9000 X46.916 Y108
G1 F3900 X46.916 Y112 E2189.34619
G1 X107 Y112 E2191.71929
G1 X107 Y108 E2191.87728
G1 X46.916 Y108 E2194.25038
G0 F9000 X46.44 Y107.54
;TYPE:WALL-OUTER
G1 F3000 X46.441 Y112.475 E2194.42581
G1 X107.475 Y112.475 E2196.59537
G1 X107.475 Y107.525 E2196.77132
G1 X46.469 Y107.525 E2198.93989
G1 X46.44 Y107.54 E2198.94105
G0 F9000 X46.44 Y107.74
G0 X47.11 Y108.195
G0 X49.417 Y108.722
G0 X49.49 Y110.013
G0 X49.389 Y110.013
;TYPE:FILL
G1 F3000 X49.985 Y109.853 E2198.96884
G0 F9000 X49.417 Y108.722
G0 X47.638 Y108.722
G0 X47.689 Y108.773
;TYPE:SKIN
G1 F2700 X47.689 Y111.227 E2199.02311
G1 X49.367 Y111.227 E2199.06023
G1 X49.366 Y108.773 E2199.1145
G1 X47.689 Y108.773 E2199.1516
G0 F9000 X47.566 Y108.773
G0 X49 Y108.65
G0 X49 Y108.913
G1 F2700 X49 Y111.087 E2199.19968
G0 F9000 X48.72 Y111.087
G1 F2700 X48.72 Y108.913 E2199.24777
G0 F9000 X48.44 Y108.913
G1 F2700 X48.44 Y111.087 E2199.29585
G0 F9000 X48.16 Y111.087
G1 F2700 X48.16 Y108.913 E2199.34393
G0 F9000 X47.88 Y108.913
G1 F2700 X47.88 Y111.087 E2199.39202
G0 F9000 X47.88 Y111.375
G1 F2400 E2197.39202
G0 F9000 X107.255 Y108.5
G0 X108.365 Y108.5
G0 X111.635 Y108.5
G0 X112.745 Y108.5
G0 X113.5 Y108.5
;TYPE:WALL-INNER
G1 F1200 E2199.39202
G1 F3900 X113.5 Y111.5 E2199.51051
G1 X172.585 Y111.5 E2201.84415
G1 X172.585 Y108.499 E2201.96268
G1 X113.5 Y108.5 E2204.29633
G0 F9000 X113 Y108
G1 F3900 X113 Y112 E2204.45431
G1 X173.085 Y112 E2206.82746
G1 X173.085 Y107.999 E2206.98548
G1 X113 Y108 E2209.35862
G0 F9000 X112.525 Y107.54
;TYPE:WALL-OUTER
G1 F3000 X112.525 Y112.475 E2209.53405
G1 X173.56 Y112.475 E2211.70364
G1 X173.559 Y107.525 E2211.8796
G1 X112.554 Y107.525 E2214.04813
G1 X112.525 Y107.54 E2214.04929
G0 F9000 X112.525 Y107.74
G1 F2400 E2212.04929
G0 F9000 X113.195 Y108.195
G0 X170.634 Y108.65
G1 F1200 E2214.04929
G0 F9000 X170.634 Y108.773
;TYPE:SKIN
G1 F2700 X170.634 Y111.227 E2214.10357
G1 X172.312 Y111.227 E2214.14068
G1 X172.312 Y108.773 E2214.19496
G1 X170.634 Y108.773 E2214.23207
G0 F9000 X170.634 Y108.65
G0 X171.92 Y108.649
G0 X171.92 Y108.913
G1 F2700 X171.92 Y111.087 E2214.28016
G0 F9000 X171.64 Y111.087
G1 F2700 X171.64 Y108.913 E2214.32824
G0 F9000 X171.36 Y108.913
G1 F2700 X171.36 Y111.087 E2214.37633
G0 F9000 X171.08 Y111.087
G1 F2700 X171.08 Y108.913 E2214.42441
G0 F9000 X170.8 Y108.913
G1 F2700 X170.8 Y111.087 E2214.4725
G0 F9000 X170.8 Y111.375
G1 F2400 E2212.4725
;MESH:NONMESH
G0 F600 X170.8 Y111.375 Z10.28
G0 F9000 X112.745 Y108.5
G0 X111.635 Y108.5
G0 X108.365 Y108.5
G0 X107.255 Y108.5
G0 X47.951 Y108.5
;TIME_ELAPSED:2047.013018
;LAYER:50
;TYPE:WALL-INNER
;MESH:Horiz_1_edged.stl
G1 F1200 E2214.4725
G1 F3900 X47.951 Y111.5 E2214.59099
G1 X172.05 Y111.5 E2219.49245
G1 X172.05 Y108.499 E2219.61098
G1 X47.951 Y108.5 E2224.51244
G0 F9000 X47.451 Y108
G1 F3900 X47.451 Y112 E2224.67043
G1 X172.55 Y112 E2229.61139
G1 X172.55 Y107.999 E2229.76942
G1 X47.451 Y108 E2234.71038
G0 F9000 X46.975 Y107.54
;TYPE:WALL-OUTER
G1 F3000 X46.976 Y112.475 E2234.8858
G1 X173.025 Y112.475 E2239.36644
G1 X173.024 Y107.525 E2239.54239
G1 X47.004 Y107.525 E2244.022
G1 X46.975 Y107.54 E2244.02316
G0 F9000 X46.975 Y107.74
G0 X47.645 Y108.195
G0 X50.014 Y108.722
G0 X50.087 Y110
G0 X49.986 Y110
;TYPE:FILL
G1 F3000 X54.657 Y108.749 E2244.45861
G1 X54.541 Y108.749
G1 X57.04 Y111.249 E2244.77693
G0 F9000 X54.93 Y111.249
G1 F3000 X55.6 Y108.748 E2245.01009
G0 F9000 X66.732 Y111.249
G1 F3000 X67.402 Y108.749 E2245.24317
G0 F9000 X70.663 Y108.749
G1 F3000 X73.162 Y111.249 E2245.56148
G0 F9000 X78.534 Y111.249
G1 F3000 X79.204 Y108.749 E2245.79456
G0 F9000 X86.785 Y108.749
G1 F3000 X89.284 Y111.249 E2246.11288
G1 X89.372 Y111.249
G1 X98.704 Y108.748 E2246.9829
G0 F9000 X102.808 Y108.748
G1 F3000 X102.138 Y111.25 E2247.21614
G0 F9000 X102.907 Y108.749
G1 F3000 X105.406 Y111.249 E2247.53446
G0 F9000 X112.186 Y111.272
G0 X113.94 Y111.249
G1 F3000 X114.61 Y108.749 E2247.76754
G0 F9000 X119.03 Y108.75
G1 F3000 X121.529 Y111.249 E2248.08579
G0 F9000 X125.743 Y111.249
G1 F3000 X126.413 Y108.748 E2248.31895
G0 F9000 X133.417 Y111.249
G1 F3000 X142.746 Y108.75 E2249.18866
G0 F9000 X138.215 Y108.748
G1 F3000 X137.545 Y111.25 E2249.42191
G1 X137.651 Y111.249
G1 X135.152 Y108.75 E2249.74017
G0 F9000 X149.347 Y111.249
G1 F3000 X150.017 Y108.748 E2249.97333
G0 F9000 X151.274 Y108.75
G1 F3000 X153.773 Y111.249 E2250.29158
G0 F9000 X161.149 Y111.25
G1 F3000 X161.819 Y108.748 E2250.52483
G0 F9000 X167.396 Y108.75
G1 F3000 X169.895 Y111.249 E2250.84308
G1 F2400 E2248.84308
G0 F9000 X113.778 Y108.722
G0 X91.006 Y108.748
G1 F1200 E2250.84308
G1 F3000 X90.336 Y111.249 E2251.07624
G0 F9000 X106.15 Y108.773
G0 X106.273 Y108.773
;TYPE:SKIN
G1 F2700 X106.273 Y111.227 E2251.13052
G1 X113.727 Y111.227 E2251.29539
G1 X113.727 Y108.773 E2251.34967
G1 X106.273 Y108.773 E2251.51453
G0 F9000 X106.413 Y108.92
G1 F2700 X113.587 Y108.92 E2251.67321
G0 F9000 X113.587 Y109.2
G1 F2700 X106.413 Y109.2 E2251.83188
G0 F9000 X106.413 Y109.48
G1 F2700 X113.587 Y109.48 E2251.99056
G0 F9000 X113.587 Y109.76
G1 F2700 X106.413 Y109.76 E2252.14923
G0 F9000 X106.413 Y110.04
G1 F2700 X113.587 Y110.04 E2252.30791
G0 F9000 X113.587 Y110.32
G1 F2700 X106.413 Y110.32 E2252.46658
G0 F9000 X106.413 Y110.6
G1 F2700 X113.587 Y110.6 E2252.62526
G0 F9000 X113.587 Y110.88
G1 F2700 X106.413 Y110.88 E2252.78393
G1 F2400 E2250.78393
G0 F9000 X106.15 Y110.88
G0 X50.014 Y108.722
G0 X48.173 Y108.722
G1 F1200 E2252.78393
G0 F9000 X48.224 Y108.773
G1 F2700 X48.224 Y111.227 E2252.83821
G1 X49.964 Y111.227 E2252.87669
G1 X49.963 Y108.773 E2252.93097
G1 X48.224 Y108.773 E2252.96943
G0 F9000 X48.363 Y108.92
G1 F2700 X49.823 Y108.92 E2253.00173
G0 F9000 X49.823 Y109.2
G1 F2700 X48.363 Y109.2 E2253.03402
G0 F9000 X48.363 Y109.48
G1 F2700 X49.823 Y109.48 E2253.06631
G0 F9000 X49.823 Y109.76
G1 F2700 X48.363 Y109.76 E2253.0986
G0 F9000 X48.363 Y110.04
G1 F2700 X49.823 Y110.04 E2253.13089
G0 F9000 X49.823 Y110.32
G1 F2700 X48.363 Y110.32 E2253.16319
G0 F9000 X48.363 Y110.6
G1 F2700 X49.823 Y110.6 E2253.19548
G0 F9000 X49.823 Y110.88
G1 F2700 X48.363 Y110.88 E2253.22777
G1 F2400 E2251.22777
G0 F9000 X48.101 Y110.88
G0 X48.173 Y111.278
G0 X50.015 Y111.278
G0 X106.222 Y108.722
G0 X170.037 Y108.65
G1 F1200 E2253.22777
G0 F9000 X170.037 Y108.773
G1 F2700 X170.037 Y109.643 E2253.24701
G1 X170.037 Y111.227 E2253.28205
G1 X171.777 Y111.227 E2253.32053
G1 X171.777 Y108.773 E2253.37481
G1 X170.037 Y108.773 E2253.4133
G0 F9000 X170.177 Y108.92
G1 F2700 X171.637 Y108.92 E2253.44559
G0 F9000 X171.637 Y109.2
G1 F2700 X170.177 Y109.2 E2253.47788
G0 F9000 X170.177 Y109.48
G1 F2700 X171.637 Y109.48 E2253.51017
G0 F9000 X171.637 Y109.76
G1 F2700 X170.177 Y109.76 E2253.54247
G0 F9000 X170.177 Y110.04
G1 F2700 X171.637 Y110.04 E2253.57476
G0 F9000 X171.637 Y110.32
G1 F2700 X170.177 Y110.32 E2253.60705
G0 F9000 X170.177 Y110.6
G1 F2700 X171.637 Y110.6 E2253.63934
G0 F9000 X171.637 Y110.88
G1 F2700 X170.177 Y110.88 E2253.67164
G0 F9000 X169.513 Y110.88
G1 F2400 E2251.67164
;MESH:NONMESH
G0 F600 X169.513 Y110.88 Z10.48
G0 F9000 X113.778 Y108.722
G0 X48.543 Y108.5
;TIME_ELAPSED:2076.106479
;LAYER:51
;TYPE:WALL-INNER
;MESH:Horiz_1_edged.stl
G1 F1200 E2253.67164
G1 F3900 X48.543 Y111.5 E2253.79012
G1 X171.458 Y111.5 E2258.64483
G1 X171.458 Y108.499 E2258.76335
G1 X48.543 Y108.5 E2263.61806
G0 F9000 X48.043 Y108
G1 F3900 X48.043 Y112 E2263.77604
G1 X171.958 Y112 E2268.67024
G1 X171.958 Y107.999 E2268.82826
G1 X48.043 Y108 E2273.72246
G0 F9000 X47.567 Y107.54
;TYPE:WALL-OUTER
G1 F3000 X47.568 Y112.475 E2273.89789
G1 X172.433 Y112.475 E2278.33643
G1 X172.432 Y107.525 E2278.51239
G1 X47.596 Y107.525 E2282.94991
G1 X47.567 Y107.54 E2282.95107
G0 F9000 X47.567 Y107.74
G0 X48.237 Y108.195
G0 X50.61 Y108.722
G0 X50.683 Y109.987
G0 X50.582 Y109.987
;TYPE:FILL
G1 F3000 X51.178 Y109.827 E2282.97885
G1 F2400 E2280.97885
G0 F9000 X106.222 Y108.722
G0 X113.022 Y108.722
G0 X168.818 Y109.973
G1 F1200 E2282.97885
G1 F3000 X169.417 Y110.571 E2283.01696
G0 F9000 X169.317 Y110.57
G0 X169.389 Y108.722
G0 X169.441 Y108.773
;TYPE:SKIN
G1 F2700 X169.441 Y111.227 E2283.07124
G1 X171.185 Y111.227 E2283.10981
G1 X171.185 Y108.773 E2283.16409
G1 X169.441 Y108.773 E2283.20266
G0 F9000 X169.441 Y108.65
G0 X170.8 Y108.649
G0 X170.8 Y108.913
G1 F2700 X170.8 Y111.087 E2283.25075
G0 F9000 X170.52 Y111.087
G1 F2700 X170.52 Y108.913 E2283.29883
G0 F9000 X170.24 Y108.913
G1 F2700 X170.24 Y111.087 E2283.34692
G0 F9000 X169.96 Y111.087
G1 F2700 X169.96 Y108.913 E2283.395
G0 F9000 X169.68 Y108.913
G1 F2700 X169.68 Y111.087 E2283.44309
G1 F2400 E2281.44309
G0 F9000 X169.68 Y111.35
G0 X113.778 Y108.722
G0 X106.222 Y108.722
G1 F1200 E2283.44309
G0 F9000 X106.273 Y108.773
G1 F2700 X106.273 Y111.227 E2283.49736
G1 X113.727 Y111.227 E2283.66223
G1 X113.727 Y108.773 E2283.71651
G1 X106.273 Y108.773 E2283.88138
G0 F9000 X106.15 Y108.773
G0 X113.4 Y108.65
G0 X113.4 Y108.913
G1 F2700 X113.4 Y111.087 E2283.92946
G0 F9000 X113.12 Y111.087
G1 F2700 X113.12 Y108.913 E2283.97755
G0 F9000 X112.84 Y108.913
G1 F2700 X112.84 Y111.087 E2284.02563
G0 F9000 X112.56 Y111.087
G1 F2700 X112.56 Y108.913 E2284.07372
G0 F9000 X112.28 Y108.913
G1 F2700 X112.28 Y111.087 E2284.1218
G0 F9000 X112 Y111.087
G1 F2700 X112 Y108.913 E2284.16988
G0 F9000 X111.72 Y108.913
G1 F2700 X111.72 Y111.087 E2284.21797
G0 F9000 X111.44 Y111.087
G1 F2700 X111.44 Y108.913 E2284.26605
G0 F9000 X111.16 Y108.913
G1 F2700 X111.16 Y111.087 E2284.31414
G0 F9000 X110.88 Y111.087
G1 F2700 X110.88 Y108.913 E2284.36222
G0 F9000 X110.6 Y108.913
G1 F2700 X110.6 Y111.087 E2284.41031
G0 F9000 X110.32 Y111.087
G1 F2700 X110.32 Y108.913 E2284.45839
G0 F9000 X110.04 Y108.913
G1 F2700 X110.04 Y111.087 E2284.50648
G0 F9000 X109.76 Y111.087
G1 F2700 X109.76 Y108.913 E2284.55456
G0 F9000 X109.48 Y108.913
G1 F2700 X109.48 Y111.087 E2284.60264
G0 F9000 X109.2 Y111.087
G1 F2700 X109.2 Y108.913 E2284.65073
G0 F9000 X108.92 Y108.913
G1 F2700 X108.92 Y111.087 E2284.69881
G0 F9000 X108.64 Y111.087
G1 F2700 X108.64 Y108.913 E2284.7469
G0 F9000 X108.36 Y108.913
G1 F2700 X108.36 Y111.087 E2284.79498
G0 F9000 X108.08 Y111.087
G1 F2700 X108.08 Y108.913 E2284.84307
G0 F9000 X107.8 Y108.913
G1 F2700 X107.8 Y111.087 E2284.89115
G0 F9000 X107.52 Y111.087
G1 F2700 X107.52 Y108.913 E2284.93924
G0 F9000 X107.24 Y108.913
G1 F2700 X107.24 Y111.087 E2284.98732
G0 F9000 X106.96 Y111.087
G1 F2700 X106.96 Y108.913 E2285.03541
G0 F9000 X106.68 Y108.913
G1 F2700 X106.68 Y111.087 E2285.08349
G1 F2400 E2283.08349
G0 F9000 X106.68 Y111.35
G0 X50.61 Y108.722
G0 X48.765 Y108.722
G1 F1200 E2285.08349
G0 F9000 X48.816 Y108.773
G1 F2700 X48.816 Y111.227 E2285.13777
G1 X50.56 Y111.227 E2285.17634
G1 X50.559 Y108.773 E2285.23062
G1 X48.816 Y108.773 E2285.26917
G0 F9000 X48.693 Y108.773
G0 X50.4 Y108.65
G0 X50.4 Y108.913
G1 F2700 X50.4 Y111.087 E2285.31725
G0 F9000 X50.12 Y111.087
G1 F2700 X50.12 Y108.913 E2285.36534
G0 F9000 X49.84 Y108.913
G1 F2700 X49.84 Y111.087 E2285.41342
G0 F9000 X49.56 Y111.087
G1 F2700 X49.56 Y108.913 E2285.46151
G0 F9000 X49.28 Y108.913
G1 F2700 X49.28 Y111.087 E2285.50959
G0 F9000 X49 Y111.087
G1 F2700 X49 Y108.913 E2285.55768
G0 F9000 X49 Y108.625
;MESH:NONMESH
G0 F600 X49 Y108.625 Z10.68
G0 F9000 X49.14 Y108.5
;TIME_ELAPSED:2099.597589
;LAYER:52
;TYPE:WALL-INNER
;MESH:Horiz_1_edged.stl
G1 F3900 X49.14 Y111.5 E2285.67617
G1 X170.861 Y111.5 E2290.48371
G1 X170.861 Y108.499 E2290.60224
G1 X49.14 Y108.5 E2295.40978
G0 F9000 X48.64 Y108
G1 F3900 X48.64 Y112 E2295.56777
G1 X171.361 Y112 E2300.41481
G1 X171.361 Y107.999 E2300.57283
G1 X48.64 Y108 E2305.41987
G0 F9000 X48.164 Y107.54
;TYPE:WALL-OUTER
G1 F3000 X48.165 Y112.475 E2305.59529
G1 X171.836 Y112.475 E2309.9914
G1 X171.835 Y107.525 E2310.16735
G1 X48.193 Y107.525 E2314.56243
G1 X48.164 Y107.54 E2314.56359
G0 F9000 X48.164 Y107.74
G0 X48.834 Y108.195
G0 X51.207 Y108.722
G0 X51.28 Y109.973
G0 X51.179 Y109.973
;TYPE:FILL
G1 F3000 X55.745 Y108.749 E2314.98928
G0 F9000 X55.308 Y108.749
G1 F3000 X54.638 Y111.249 E2315.22236
G0 F9000 X54.939 Y108.748
G1 F3000 X57.439 Y111.249 E2315.5408
G0 F9000 X66.44 Y111.249
G1 F3000 X67.11 Y108.748 E2315.77396
G0 F9000 X71.061 Y108.748
G1 F3000 X73.561 Y111.249 E2316.09241
G0 F9000 X78.242 Y111.249
G1 F3000 X78.912 Y108.748 E2316.32557
G0 F9000 X87.183 Y108.748
G1 F3000 X89.683 Y111.249 E2316.64401
G0 F9000 X90.044 Y111.25
G1 F3000 X90.714 Y108.748 E2316.87726
G0 F9000 X90.461 Y111.249
G1 F3000 X99.793 Y108.749 E2317.74726
G0 F9000 X102.516 Y108.748
G1 F3000 X101.846 Y111.249 E2317.98042
G0 F9000 X103.305 Y108.748
G1 F3000 X105.805 Y111.249 E2318.29886
G0 F9000 X113.778 Y111.278
G0 X113.85 Y110.873
G0 X113.749 Y110.873
G1 F3000 X114.319 Y108.748 E2318.49699
G0 F9000 X119.428 Y108.75
G1 F3000 X121.929 Y111.25 E2318.81543
G0 F9000 X125.451 Y111.249
G1 F3000 X126.121 Y108.749 E2319.04851
G0 F9000 X134.507 Y111.249
G1 F3000 X143.837 Y108.749 E2319.91833
G0 F9000 X149.055 Y111.25
G1 F3000 X149.725 Y108.748 E2320.15158
G0 F9000 X151.672 Y108.75
G1 F3000 X154.173 Y111.25 E2320.47002
G0 F9000 X160.857 Y111.249
G1 F3000 X161.527 Y108.748 E2320.70319
G0 F9000 X167.795 Y108.75
G1 F3000 X168.819 Y109.774 E2320.83359
G1 F2400 E2318.83359
G0 F9000 X168.72 Y109.773
G0 X138.051 Y111.25
G1 F1200 E2320.83359
G1 F3000 X135.55 Y108.75 E2321.15204
G0 F9000 X137.923 Y108.748
G1 F3000 X137.253 Y111.249 E2321.3852
G1 F2400 E2319.3852
G0 F9000 X113.778 Y108.722
G0 X106.222 Y108.722
G1 F1200 E2321.3852
G0 F9000 X106.273 Y108.773
;TYPE:SKIN
G1 F2700 X106.273 Y111.227 E2321.43948
G1 X113.727 Y111.227 E2321.60435
G1 X113.727 Y108.773 E2321.65862
G1 X106.273 Y108.773 E2321.82349
G0 F9000 X106.413 Y108.92
G1 F2700 X113.587 Y108.92 E2321.98216
G0 F9000 X113.587 Y109.2
G1 F2700 X106.413 Y109.2 E2322.14084
G0 F9000 X106.413 Y109.48
G1 F2700 X113.587 Y109.48 E2322.29951
G0 F9000 X113.587 Y109.76
G1 F2700 X106.413 Y109.76 E2322.45819
G0 F9000 X106.413 Y110.04
G1 F2700 X113.587 Y110.04 E2322.61686
G0 F9000 X113.587 Y110.32
G1 F2700 X106.413 Y110.32 E2322.77554
G0 F9000 X106.413 Y110.6
G1 F2700 X113.587 Y110.6 E2322.93421
G0 F9000 X113.587 Y110.88
G1 F2700 X106.413 Y110.88 E2323.09289
G1 F2400 E2321.09289
G0 F9000 X106.15 Y110.88
G0 X106.222 Y111.278
G0 X113.778 Y111.278
G0 X168.844 Y108.65
G1 F1200 E2323.09289
G0 F9000 X168.844 Y108.773
G1 F2700 X168.844 Y111.227 E2323.14716
G1 X170.588 Y111.227 E2323.18574
G1 X170.588 Y108.773 E2323.24001
G1 X168.844 Y108.773 E2323.27859
G0 F9000 X168.984 Y108.92
G1 F2700 X170.448 Y108.92 E2323.31097
G0 F9000 X170.448 Y109.2
G1 F2700 X168.984 Y109.2 E2323.34335
G0 F9000 X168.984 Y109.48
G1 F2700 X170.448 Y109.48 E2323.37573
G0 F9000 X170.448 Y109.76
G1 F2700 X168.984 Y109.76 E2323.40811
G0 F9000 X168.984 Y110.04
G1 F2700 X170.448 Y110.04 E2323.44049
G0 F9000 X170.448 Y110.32
G1 F2700 X168.984 Y110.32 E2323.47287
G0 F9000 X168.984 Y110.6
G1 F2700 X170.448 Y110.6 E2323.50525
G0 F9000 X170.448 Y110.88
G1 F2700 X168.984 Y110.88 E2323.53763
G1 F2400 E2321.53763
G0 F9000 X168.72 Y110.88
G0 X113.778 Y108.722
G0 X49.362 Y108.722
G1 F1200 E2323.53763
G0 F9000 X49.413 Y108.773
G1 F2700 X49.413 Y109.645 E2323.55692
G1 X49.413 Y111.227 E2323.59191
G1 X51.157 Y111.227 E2323.63049
G1 X51.156 Y108.773 E2323.68476
G1 X49.413 Y108.773 E2323.72332
G0 F9000 X49.552 Y108.92
G1 F2700 X51.016 Y108.92 E2323.7557
G0 F9000 X51.016 Y109.2
G1 F2700 X49.552 Y109.2 E2323.78808
G0 F9000 X49.552 Y109.48
G1 F2700 X51.016 Y109.48 E2323.82046
G0 F9000 X51.016 Y109.76
G1 F2700 X49.552 Y109.76 E2323.85284
G0 F9000 X49.552 Y110.04
G1 F2700 X51.016 Y110.04 E2323.88522
G0 F9000 X51.016 Y110.32
G1 F2700 X49.552 Y110.32 E2323.9176
G0 F9000 X49.552 Y110.6
G1 F2700 X51.016 Y110.6 E2323.94998
G0 F9000 X51.016 Y110.88
G1 F2700 X49.552 Y110.88 E2323.98236
G0 F9000 X49.265 Y110.881
;MESH:NONMESH
G0 F600 X49.265 Y110.881 Z10.88
G0 F9000 X49.362 Y108.722
G0 X49.737 Y108.5
;TIME_ELAPSED:2127.263021
;LAYER:53
;TYPE:WALL-INNER
;MESH:Horiz_1_edged.stl
G1 F3900 X49.737 Y111.5 E2324.10085
G1 X170.264 Y111.5 E2328.86123
G1 X170.264 Y108.499 E2328.97976
G1 X49.737 Y108.5 E2333.74015
G0 F9000 X49.237 Y108
G1 F3900 X49.237 Y112 E2333.89813
G1 X170.764 Y112 E2338.69801
G1 X170.764 Y107.999 E2338.85604
G1 X49.237 Y108 E2343.65592
G0 F9000 X48.761 Y107.54
;TYPE:WALL-OUTER
G1 F3000 X48.762 Y112.475 E2343.83134
G1 X171.239 Y112.475 E2348.185
G1 X171.238 Y107.525 E2348.36096
G1 X48.79 Y107.525 E2352.71359
G1 X48.761 Y107.54 E2352.71475
G0 F9000 X48.761 Y107.74
G0 X49.431 Y108.195
G0 X51.804 Y108.722
G0 X51.877 Y109.959
G0 X51.776 Y109.959
;TYPE:FILL
G1 F3000 X52.371 Y109.8 E2352.74248
G1 F2400 E2350.74248
G0 F9000 X167.995 Y108.75
G1 F1200 E2352.74248
G1 F3000 X168.222 Y108.977 E2352.75694
G0 F9000 X168.247 Y108.773
;TYPE:SKIN
G1 F2700 X168.247 Y111.227 E2352.81121
G1 X169.991 Y111.227 E2352.84979
G1 X169.991 Y108.773 E2352.90406
G1 X168.247 Y108.773 E2352.94264
G0 F9000 X168.247 Y108.65
G0 X169.68 Y108.649
G0 X169.68 Y108.913
G1 F2700 X169.68 Y111.087 E2352.99072
G0 F9000 X169.4 Y111.087
G1 F2700 X169.4 Y108.913 E2353.03881
G0 F9000 X169.12 Y108.913
G1 F2700 X169.12 Y111.087 E2353.08689
G0 F9000 X168.84 Y111.087
G1 F2700 X168.84 Y108.913 E2353.13498
G0 F9000 X168.56 Y108.913
G1 F2700 X168.56 Y111.087 E2353.18306
G1 F2400 E2351.18306
G0 F9000 X168.56 Y111.35
G0 X51.804 Y108.722
G0 X49.959 Y108.722
G1 F1200 E2353.18306
G0 F9000 X50.01 Y108.773
G1 F2700 X50.01 Y111.227 E2353.23734
G1 X51.754 Y111.227 E2353.27591
G1 X51.753 Y108.773 E2353.33019
G1 X50.01 Y108.773 E2353.36874
G0 F9000 X49.887 Y108.773
G0 X51.52 Y108.65
G0 X51.52 Y108.913
G1 F2700 X51.52 Y111.087 E2353.41683
G0 F9000 X51.24 Y111.087
G1 F2700 X51.24 Y108.913 E2353.46491
G0 F9000 X50.96 Y108.913
G1 F2700 X50.96 Y111.087 E2353.513
G0 F9000 X50.68 Y111.087
G1 F2700 X50.68 Y108.913 E2353.56108
G0 F9000 X50.4 Y108.913
G1 F2700 X50.4 Y111.087 E2353.60916
G0 F9000 X50.4 Y111.375
;MESH:NONMESH
G0 F600 X50.4 Y111.375 Z11.08
G0 F9000 X49.959 Y111.278
G0 X49.959 Y108.722
G0 X50.333 Y108.5
;TIME_ELAPSED:2146.000480
;LAYER:54
;TYPE:WALL-INNER
;MESH:Horiz_1_edged.stl
G1 F3900 X50.333 Y111.5 E2353.72765
G1 X169.668 Y111.5 E2358.44096
G1 X169.668 Y108.499 E2358.55949
G1 X50.333 Y108.5 E2363.27279
G0 F9000 X49.833 Y108
G1 F3900 X49.833 Y112 E2363.43078
G1 X170.168 Y112 E2368.18358
G1 X170.168 Y107.999 E2368.3416
G1 X49.833 Y108 E2373.0944
G0 F9000 X49.357 Y107.54
;TYPE:WALL-OUTER
G1 F3000 X49.358 Y112.475 E2373.26983
G1 X170.643 Y112.475 E2377.58112
G1 X170.642 Y107.525 E2377.75707
G1 X49.386 Y107.525 E2382.06733
G1 X49.357 Y107.54 E2382.06849
G0 F9000 X49.357 Y107.74
G0 X50.027 Y108.195
G0 X52.401 Y108.722
G0 X52.474 Y109.946
G0 X52.372 Y109.946
;TYPE:FILL
G1 F3000 X56.839 Y108.749 E2382.48494
G0 F9000 X55.341 Y108.75
G1 F3000 X57.839 Y111.249 E2382.80314
G0 F9000 X54.345 Y111.249
G1 F3000 X55.015 Y108.749 E2383.03621
G0 F9000 X66.147 Y111.249
G1 F3000 X66.817 Y108.749 E2383.26928
G0 F9000 X71.463 Y108.75
G1 F3000 X73.961 Y111.249 E2383.58747
G0 F9000 X77.949 Y111.249
G1 F3000 X78.619 Y108.748 E2383.82063
G0 F9000 X87.585 Y108.75
G1 F3000 X90.083 Y111.249 E2384.13883
G0 F9000 X89.751 Y111.25
G1 F3000 X90.421 Y108.749 E2384.37199
G0 F9000 X91.554 Y111.249
G1 F3000 X100.885 Y108.749 E2385.2419
G0 F9000 X102.223 Y108.749
G1 F3000 X101.553 Y111.249 E2385.47497
G0 F9000 X103.707 Y108.75
G1 F3000 X106.206 Y111.249 E2385.79322
G0 F9000 X113.356 Y111.249
G1 F3000 X114.026 Y108.748 E2386.02639
G0 F9000 X119.829 Y108.75
G1 F3000 X122.328 Y111.249 E2386.34464
G0 F9000 X125.158 Y111.25
G1 F3000 X125.828 Y108.749 E2386.5778
G0 F9000 X135.6 Y111.249
G1 F3000 X144.93 Y108.749 E2387.44762
G0 F9000 X149.432 Y108.748
G1 F3000 X148.762 Y111.25 E2387.68087
G0 F9000 X152.073 Y108.75
G1 F3000 X154.572 Y111.249 E2387.99913
G0 F9000 X160.564 Y111.249
G1 F3000 X161.234 Y108.749 E2388.2322
G0 F9000 X138.45 Y111.249
G1 F3000 X135.951 Y108.75 E2388.55045
G0 F9000 X137.63 Y108.748
G1 F3000 X136.96 Y111.249 E2388.78361
G1 F2400 E2386.78361
G0 F9000 X167.649 Y108.65
G1 F1200 E2388.78361
G0 F9000 X167.649 Y108.773
;TYPE:SKIN
G1 F2700 X167.65 Y111.227 E2388.83789
G1 X169.395 Y111.227 E2388.87649
G1 X169.395 Y108.772 E2388.93079
G1 X167.649 Y108.773 E2388.96941
G0 F9000 X167.789 Y108.92
G1 F2700 X169.255 Y108.92 E2389.00183
G0 F9000 X169.255 Y109.2
G1 F2700 X167.789 Y109.2 E2389.03426
G0 F9000 X167.789 Y109.48
G1 F2700 X169.255 Y109.48 E2389.06668
G0 F9000 X169.255 Y109.76
G1 F2700 X167.789 Y109.76 E2389.09911
G0 F9000 X167.789 Y110.04
G1 F2700 X169.255 Y110.04 E2389.13153
G0 F9000 X169.255 Y110.32
G1 F2700 X167.789 Y110.32 E2389.16396
G0 F9000 X167.789 Y110.6
G1 F2700 X169.255 Y110.6 E2389.19638
G0 F9000 X169.255 Y110.88
G1 F2700 X167.789 Y110.88 E2389.22881
G1 F2400 E2387.22881
G0 F9000 X167.526 Y110.88
G0 X52.401 Y108.722
G0 X50.555 Y108.722
G1 F1200 E2389.22881
G0 F9000 X50.606 Y108.773
G1 F2700 X50.606 Y111.227 E2389.28308
G1 X52.351 Y111.227 E2389.32168
G1 X52.35 Y108.773 E2389.37596
G1 X50.606 Y108.773 E2389.41453
G0 F9000 X50.745 Y108.92
G1 F2700 X52.21 Y108.92 E2389.44693
G0 F9000 X52.21 Y109.2
G1 F2700 X50.745 Y109.2 E2389.47934
G0 F9000 X50.745 Y109.48
G1 F2700 X52.21 Y109.48 E2389.51174
G0 F9000 X52.21 Y109.76
G1 F2700 X50.745 Y109.76 E2389.54414
G0 F9000 X50.745 Y110.04
G1 F2700 X52.21 Y110.04 E2389.57654
G0 F9000 X52.21 Y110.32
G1 F2700 X50.745 Y110.32 E2389.60895
G0 F9000 X50.745 Y110.6
G1 F2700 X52.21 Y110.6 E2389.64135
G0 F9000 X52.21 Y110.88
G1 F2700 X50.745 Y110.88 E2389.67375
G0 F9000 X50.458 Y110.881
;MESH:NONMESH
G0 F600 X50.458 Y110.881 Z11.28
G0 F9000 X50.555 Y108.722
G0 X50.93 Y108.5
;TIME_ELAPSED:2169.546422
;LAYER:55
;TYPE:WALL-INNER
;MESH:Horiz_1_edged.stl
G1 F3900 X50.93 Y111.5 E2389.79224
G1 X169.071 Y111.5 E2394.45839
G1 X169.071 Y108.499 E2394.57692
G1 X50.93 Y108.5 E2399.24306
G0 F9000 X50.43 Y108
G1 F3900 X50.43 Y112 E2399.40105
G1 X169.571 Y112 E2404.10669
G1 X169.571 Y107.999 E2404.26471
G1 X50.43 Y108 E2408.97036
G0 F9000 X49.954 Y107.54
;TYPE:WALL-OUTER
G1 F3000 X49.955 Y112.475 E2409.14578
G1 X170.046 Y112.475 E2413.41463
G1 X170.045 Y107.525 E2413.59058
G1 X49.983 Y107.525 E2417.8584
G1 X49.954 Y107.54 E2417.85956
G0 F9000 X49.954 Y107.74
G0 X50.624 Y108.195
G0 X52.998 Y108.722
G0 X53.071 Y109.933
G0 X52.97 Y109.933
;TYPE:FILL
G1 F3000 X53.566 Y109.773 E2417.88735
G0 F9000 X52.998 Y108.722
G0 X51.152 Y108.722
G0 X51.203 Y108.773
;TYPE:SKIN
G1 F2700 X51.203 Y111.227 E2417.94162
G1 X52.948 Y111.227 E2417.98022
G1 X52.947 Y108.773 E2418.0345
G1 X51.203 Y108.773 E2418.07307
G0 F9000 X51.08 Y108.773
G0 X52.64 Y108.65
G0 X52.64 Y108.913
G1 F2700 X52.64 Y111.087 E2418.12115
G0 F9000 X52.36 Y111.087
G1 F2700 X52.36 Y108.913 E2418.16924
G0 F9000 X52.08 Y108.913
G1 F2700 X52.08 Y111.087 E2418.21732
G0 F9000 X51.8 Y111.087
G1 F2700 X51.8 Y108.913 E2418.26541
G0 F9000 X51.52 Y108.913
G1 F2700 X51.52 Y111.087 E2418.31349
G1 F2400 E2416.31349
G0 F9000 X51.52 Y111.35
G0 X167.052 Y108.65
G1 F1200 E2418.31349
G0 F9000 X167.052 Y108.773
G1 F2700 X167.053 Y111.227 E2418.36777
G1 X168.798 Y111.227 E2418.40637
G1 X168.798 Y108.772 E2418.46067
G1 X167.052 Y108.773 E2418.49928
G0 F9000 X167.052 Y108.65
G0 X168.56 Y108.649
G0 X168.56 Y108.912
G1 F2700 X168.56 Y111.087 E2418.54739
G0 F9000 X168.28 Y111.087
G1 F2700 X168.28 Y108.912 E2418.5955
G0 F9000 X168 Y108.912
G1 F2700 X168 Y111.087 E2418.6436
G0 F9000 X167.72 Y111.087
G1 F2700 X167.72 Y108.912 E2418.69171
G0 F9000 X167.44 Y108.912
G1 F2700 X167.44 Y111.087 E2418.73982
G0 F9000 X167.44 Y111.375
G1 F2400 E2416.73982
;MESH:NONMESH
G0 F600 X167.44 Y111.375 Z11.48
G0 F9000 X51.527 Y108.5
;TIME_ELAPSED:2187.864617
;LAYER:56
;TYPE:WALL-INNER
;MESH:Horiz_1_edged.stl
G1 F1200 E2418.73982
G1 F3900 X51.527 Y111.5 E2418.85831
G1 X168.474 Y111.5 E2423.47729
G1 X168.474 Y108.499 E2423.59582
G1 X51.527 Y108.5 E2428.21481
G0 F9000 X51.027 Y108
G1 F3900 X51.027 Y112 E2428.37279
G1 X168.974 Y112 E2433.03128
G1 X168.974 Y107.999 E2433.1893
G1 X51.027 Y108 E2437.84779
G0 F9000 X50.551 Y107.54
;TYPE:WALL-OUTER
G1 F3000 X50.552 Y112.475 E2438.02321
G1 X169.449 Y112.475 E2442.24961
G1 X169.448 Y107.525 E2442.42557
G1 X50.58 Y107.525 E2446.65094
G1 X50.551 Y107.54 E2446.6521
G0 F9000 X50.551 Y107.74
G0 X51.221 Y108.195
G0 X53.595 Y108.722
G0 X53.668 Y109.919
G0 X53.567 Y109.919
;TYPE:FILL
G1 F3000 X57.933 Y108.749 E2447.05914
G0 F9000 X55.741 Y108.75
G1 F3000 X58.24 Y111.249 E2447.3774
G0 F9000 X54.052 Y111.249
G1 F3000 X54.722 Y108.748 E2447.61056
G0 F9000 X65.854 Y111.25
G1 F3000 X66.524 Y108.749 E2447.84372
G0 F9000 X71.863 Y108.75
G1 F3000 X74.362 Y111.249 E2448.16197
G0 F9000 X77.656 Y111.249
G1 F3000 X78.326 Y108.748 E2448.39513
G0 F9000 X87.985 Y108.75
G1 F3000 X90.484 Y111.249 E2448.71339
G0 F9000 X89.458 Y111.249
G1 F3000 X90.128 Y108.748 E2448.94655
G0 F9000 X92.648 Y111.249
G1 F3000 X101.978 Y108.749 E2449.81637
G1 X101.93 Y108.749
G1 X101.26 Y111.249 E2450.04945
G0 F9000 X104.107 Y108.75
G1 F3000 X106.606 Y111.249 E2450.3677
G0 F9000 X113.063 Y111.249
G1 F3000 X113.733 Y108.748 E2450.60086
G0 F9000 X120.229 Y108.75
G1 F3000 X122.728 Y111.249 E2450.91911
G0 F9000 X124.865 Y111.25
G1 F3000 X125.535 Y108.748 E2451.15236
G0 F9000 X136.351 Y108.75
G1 F3000 X138.85 Y111.249 E2451.47062
G0 F9000 X136.693 Y111.249
G1 F3000 X146.024 Y108.749 E2452.34053
G0 F9000 X149.139 Y108.748
G1 F3000 X148.469 Y111.25 E2452.57377
G0 F9000 X152.473 Y108.75
G1 F3000 X154.972 Y111.249 E2452.89203
G0 F9000 X160.271 Y111.25
G1 F3000 X160.941 Y108.748 E2453.12528
G0 F9000 X137.337 Y108.749
G1 F3000 X136.667 Y111.249 E2453.35835
G1 F2400 E2451.35835
G0 F9000 X166.455 Y108.65
G1 F1200 E2453.35835
G0 F9000 X166.455 Y108.773
;TYPE:SKIN
G1 F2700 X166.456 Y111.227 E2453.41263
G1 X168.201 Y111.227 E2453.45122
G1 X168.201 Y108.772 E2453.50552
G1 X166.455 Y108.773 E2453.54414
G0 F9000 X166.595 Y108.92
G1 F2700 X168.061 Y108.92 E2453.57657
G0 F9000 X168.061 Y109.2
G1 F2700 X166.595 Y109.2 E2453.60899
G0 F9000 X166.595 Y109.48
G1 F2700 X168.061 Y109.48 E2453.64142
G0 F9000 X168.061 Y109.76
G1 F2700 X166.595 Y109.76 E2453.67384
G0 F9000 X166.595 Y110.04
G1 F2700 X168.061 Y110.04 E2453.70627
G0 F9000 X168.061 Y110.32
G1 F2700 X166.595 Y110.32 E2453.73869
G0 F9000 X166.595 Y110.6
G1 F2700 X168.061 Y110.6 E2453.77112
G0 F9000 X168.061 Y110.88
G1 F2700 X166.595 Y110.88 E2453.80354
G1 F2400 E2451.80354
G0 F9000 X166.332 Y110.88
G0 X53.595 Y108.722
G0 X51.749 Y108.722
G1 F1200 E2453.80354
G0 F9000 X51.8 Y108.773
G1 F2700 X51.8 Y111.227 E2453.85782
G1 X53.545 Y111.227 E2453.89642
G1 X53.544 Y108.773 E2453.95069
G1 X51.8 Y108.773 E2453.98927
G0 F9000 X51.939 Y108.92
G1 F2700 X53.404 Y108.92 E2454.02167
G0 F9000 X53.404 Y109.2
G1 F2700 X51.939 Y109.2 E2454.05407
G0 F9000 X51.939 Y109.48
G1 F2700 X53.404 Y109.48 E2454.08648
G0 F9000 X53.404 Y109.76
G1 F2700 X51.939 Y109.76 E2454.11888
G0 F9000 X51.939 Y110.04
G1 F2700 X53.404 Y110.04 E2454.15128
G0 F9000 X53.404 Y110.32
G1 F2700 X51.939 Y110.32 E2454.18368
G0 F9000 X51.939 Y110.6
G1 F2700 X53.404 Y110.6 E2454.21609
G0 F9000 X53.404 Y110.88
G1 F2700 X51.939 Y110.88 E2454.24849
G0 F9000 X51.652 Y110.881
;MESH:NONMESH
G0 F600 X51.652 Y110.881 Z11.68
G0 F9000 X51.749 Y108.722
G0 X52.124 Y108.5
;TIME_ELAPSED:2211.276915
;LAYER:57
;TYPE:WALL-INNER
;MESH:Horiz_1_edged.stl
G1 F3900 X52.124 Y111.5 E2454.36698
G1 X167.877 Y111.5 E2458.93881
G1 X167.877 Y108.499 E2459.05734
G1 X52.124 Y108.5 E2463.62916
G0 F9000 X51.624 Y108
G1 F3900 X51.624 Y112 E2463.78715
G1 X168.377 Y112 E2468.39847
G1 X168.377 Y107.999 E2468.5565
G1 X51.624 Y108 E2473.16782
G0 F9000 X51.148 Y107.54
;TYPE:WALL-OUTER
G1 F3000 X51.149 Y112.475 E2473.34325
G1 X168.852 Y112.475 E2477.52721
G1 X168.851 Y107.525 E2477.70316
G1 X51.177 Y107.525 E2481.88609
G1 X51.148 Y107.54 E2481.88726
G0 F9000 X51.148 Y107.74
G0 X51.818 Y108.195
G0 X54.575 Y108.748
;TYPE:FILL
G1 F3000 X54.163 Y110.284 E2481.95886
G0 F9000 X54.164 Y109.906
G1 F3000 X54.813 Y109.732 E2481.98911
G0 F9000 X54.192 Y108.722
G0 X52.346 Y108.722
G0 X52.397 Y108.773
;TYPE:SKIN
G1 F2700 X52.397 Y111.227 E2482.04339
G1 X54.142 Y111.227 E2482.08199
G1 X54.141 Y108.773 E2482.13626
G1 X52.397 Y108.773 E2482.17484
G0 F9000 X52.274 Y108.773
G0 X53.76 Y108.65
G0 X53.76 Y108.913
G1 F2700 X53.76 Y111.087 E2482.22292
G0 F9000 X53.48 Y111.087
G1 F2700 X53.48 Y108.913 E2482.27101
G0 F9000 X53.2 Y108.913
G1 F2700 X53.2 Y111.087 E2482.31909
G0 F9000 X52.92 Y111.087
G1 F2700 X52.92 Y108.913 E2482.36718
G0 F9000 X52.64 Y108.913
G1 F2700 X52.64 Y111.087 E2482.41526
G1 F2400 E2480.41526
G0 F9000 X52.64 Y111.35
G0 X165.858 Y108.65
G1 F1200 E2482.41526
G0 F9000 X165.858 Y108.773
G1 F2700 X165.859 Y111.227 E2482.46954
G1 X167.604 Y111.227 E2482.50813
G1 X167.604 Y108.772 E2482.56243
G1 X165.858 Y108.773 E2482.60105
G0 F9000 X165.858 Y108.65
G0 X167.44 Y108.649
G0 X167.44 Y108.912
G1 F2700 X167.44 Y111.087 E2482.64916
G0 F9000 X167.16 Y111.087
G1 F2700 X167.16 Y108.912 E2482.69727
G0 F9000 X166.88 Y108.912
G1 F2700 X166.88 Y111.087 E2482.74537
G0 F9000 X166.6 Y111.087
G1 F2700 X166.6 Y108.912 E2482.79348
G0 F9000 X166.32 Y108.912
G1 F2700 X166.32 Y111.087 E2482.84159
G0 F9000 X166.04 Y111.087
G1 F2700 X166.04 Y108.912 E2482.88969
G0 F9000 X166.04 Y108.625
G1 F2400 E2480.88969
;MESH:NONMESH
G0 F600 X166.04 Y108.625 Z11.88
G0 F9000 X52.721 Y108.5
;TIME_ELAPSED:2229.498109
;LAYER:58
;TYPE:WALL-INNER
;MESH:Horiz_1_edged.stl
G1 F1200 E2482.88969
G1 F3900 X52.721 Y111.5 E2483.00818
G1 X167.28 Y111.5 E2487.53285
G1 X167.28 Y108.499 E2487.65138
G1 X52.721 Y108.5 E2492.17605
G0 F9000 X52.221 Y108
G1 F3900 X52.221 Y112 E2492.33403
G1 X167.78 Y112 E2496.8982
G1 X167.78 Y107.999 E2497.05622
G1 X52.221 Y108 E2501.62039
G0 F9000 X51.745 Y107.54
;TYPE:WALL-OUTER
G1 F3000 X51.746 Y112.475 E2501.79581
G1 X168.255 Y112.475 E2505.93733
G1 X168.254 Y107.525 E2506.11329
G1 X51.774 Y107.525 E2510.25378
G1 X51.745 Y107.54 E2510.25494
G0 F9000 X51.745 Y107.74
G0 X52.415 Y108.195
G0 X54.842 Y108.722
G0 X54.915 Y109.878
G0 X54.814 Y109.878
;TYPE:FILL
G1 F3000 X59.024 Y108.749 E2510.64745
G0 F9000 X58.64 Y111.249
G1 F3000 X56.141 Y108.75 E2510.9657
G0 F9000 X65.561 Y111.25
G1 F3000 X66.231 Y108.748 E2511.19895
G0 F9000 X72.263 Y108.75
G1 F3000 X74.762 Y111.249 E2511.51721
G0 F9000 X77.363 Y111.249
G1 F3000 X78.033 Y108.749 E2511.75028
G0 F9000 X88.385 Y108.75
G1 F3000 X90.884 Y111.249 E2512.06853
G0 F9000 X89.165 Y111.249
G1 F3000 X89.835 Y108.748 E2512.3017
G0 F9000 X93.74 Y111.249
G1 F3000 X103.071 Y108.749 E2513.17161
G0 F9000 X101.637 Y108.749
G1 F3000 X100.967 Y111.25 E2513.40477
G0 F9000 X104.507 Y108.75
G1 F3000 X107.006 Y111.249 E2513.72302
G0 F9000 X112.769 Y111.249
G1 F3000 X113.44 Y108.748 E2513.95621
G0 F9000 X120.629 Y108.75
G1 F3000 X123.128 Y111.249 E2514.27446
G0 F9000 X124.572 Y111.249
G1 F3000 X125.242 Y108.748 E2514.50762
G0 F9000 X136.374 Y111.249
G1 F3000 X137.044 Y108.749 E2514.74069
G0 F9000 X136.751 Y108.75
G1 F3000 X139.25 Y111.249 E2515.05895
G0 F9000 X137.786 Y111.249
G1 F3000 X147.117 Y108.749 E2515.92886
G0 F9000 X148.846 Y108.748
G1 F3000 X148.176 Y111.249 E2516.16202
G0 F9000 X152.873 Y108.75
G1 F3000 X155.372 Y111.249 E2516.48027
G0 F9000 X159.978 Y111.249
G1 F3000 X160.648 Y108.749 E2516.71335
G0 F9000 X165.209 Y108.65
G0 X165.209 Y108.773
;TYPE:SKIN
G1 F2700 X165.209 Y111.227 E2516.76763
G1 X167.007 Y111.227 E2516.80739
G1 X167.007 Y108.773 E2516.86167
G1 X165.209 Y108.773 E2516.90144
G0 F9000 X165.349 Y108.92
G1 F2700 X166.867 Y108.92 E2516.93501
G0 F9000 X166.867 Y109.2
G1 F2700 X165.349 Y109.2 E2516.96859
G0 F9000 X165.349 Y109.48
G1 F2700 X166.867 Y109.48 E2517.00216
G0 F9000 X166.867 Y109.76
G1 F2700 X165.349 Y109.76 E2517.03574
G0 F9000 X165.349 Y110.04
G1 F2700 X166.867 Y110.04 E2517.06931
G0 F9000 X166.867 Y110.32
G1 F2700 X165.349 Y110.32 E2517.10289
G0 F9000 X165.349 Y110.6
G1 F2700 X166.867 Y110.6 E2517.13646
G0 F9000 X166.867 Y110.88
G1 F2700 X165.349 Y110.88 E2517.17004
G1 F2400 E2515.17004
G0 F9000 X165.085 Y110.88
G0 X54.842 Y108.722
G0 X52.943 Y108.722
G1 F1200 E2517.17004
G0 F9000 X52.994 Y108.773
G1 F2700 X52.994 Y111.227 E2517.22432
G1 X54.792 Y111.227 E2517.26409
G1 X54.791 Y108.773 E2517.31836
G1 X52.994 Y108.773 E2517.35811
G0 F9000 X53.133 Y108.92
G1 F2700 X54.651 Y108.92 E2517.39168
G0 F9000 X54.651 Y109.2
G1 F2700 X53.133 Y109.2 E2517.42526
G0 F9000 X53.133 Y109.48
G1 F2700 X54.651 Y109.48 E2517.45883
G0 F9000 X54.651 Y109.76
G1 F2700 X53.133 Y109.76 E2517.49241
G0 F9000 X53.133 Y110.04
G1 F2700 X54.651 Y110.04 E2517.52598
G0 F9000 X54.651 Y110.32
G1 F2700 X53.133 Y110.32 E2517.55956
G0 F9000 X53.133 Y110.6
G1 F2700 X54.651 Y110.6 E2517.59313
G0 F9000 X54.651 Y110.88
G1 F2700 X53.133 Y110.88 E2517.62671
G0 F9000 X52.846 Y110.881
;MESH:NONMESH
G0 F600 X52.846 Y110.881 Z12.08
G0 F9000 X52.943 Y108.722
G0 X53.318 Y108.5
;TIME_ELAPSED:2251.583004
;LAYER:59
;TYPE:WALL-INNER
;MESH:Horiz_1_edged.stl
G1 F3900 X53.318 Y111.5 E2517.7452
G1 X166.683 Y111.5 E2522.22271
G1 X166.683 Y108.499 E2522.34124
G1 X53.318 Y108.5 E2526.81875
G0 F9000 X52.818 Y108
G1 F3900 X52.818 Y112 E2526.97673
G1 X167.183 Y112 E2531.49374
G1 X167.183 Y107.999 E2531.65177
G1 X52.818 Y108 E2536.16877
G0 F9000 X52.342 Y107.54
;TYPE:WALL-OUTER
G1 F3000 X52.343 Y112.475 E2536.3442
G1 X167.658 Y112.475 E2540.44327
G1 X167.657 Y107.525 E2540.61923
G1 X52.371 Y107.525 E2544.71727
G1 X52.342 Y107.54 E2544.71843
G0 F9000 X52.342 Y107.74
G0 X53.012 Y108.195
G0 X55.513 Y108.722
G0 X55.586 Y109.844
G0 X55.485 Y109.844
;TYPE:FILL
G1 F3000 X56.155 Y109.664 E2544.74967
G0 F9000 X55.513 Y108.722
G0 X53.54 Y108.722
G0 X53.591 Y108.773
;TYPE:SKIN
G1 F2700 X53.591 Y111.227 E2544.80395
G1 X55.463 Y111.227 E2544.84535
G1 X55.462 Y108.773 E2544.89963
G1 X53.591 Y108.773 E2544.94101
G0 F9000 X53.468 Y108.773
G0 X55.16 Y108.65
G0 X55.16 Y108.913
G1 F2700 X55.16 Y111.087 E2544.9891
G0 F9000 X54.88 Y111.087
G1 F2700 X54.88 Y108.913 E2545.03718
G0 F9000 X54.6 Y108.913
G1 F2700 X54.6 Y111.087 E2545.08527
G0 F9000 X54.32 Y111.087
G1 F2700 X54.32 Y108.913 E2545.13335
G0 F9000 X54.04 Y108.913
G1 F2700 X54.04 Y111.087 E2545.18144
G0 F9000 X53.76 Y111.087
G1 F2700 X53.76 Y108.913 E2545.22952
G1 F2400 E2543.22952
G0 F9000 X53.76 Y108.65
G0 X164.538 Y108.65
G1 F1200 E2545.22952
G0 F9000 X164.538 Y108.773
G1 F2700 X164.538 Y111.227 E2545.2838
G1 X166.41 Y111.227 E2545.3252
G1 X166.41 Y108.773 E2545.37948
G1 X164.538 Y108.773 E2545.42089
G0 F9000 X164.538 Y108.65
G0 X166.04 Y108.649
G0 X166.04 Y108.913
G1 F2700 X166.04 Y111.087 E2545.46897
G0 F9000 X165.76 Y111.087
G1 F2700 X165.76 Y108.913 E2545.51706
G0 F9000 X165.48 Y108.913
G1 F2700 X165.48 Y111.087 E2545.56514
G0 F9000 X165.2 Y111.087
G1 F2700 X165.2 Y108.913 E2545.61322
G0 F9000 X164.92 Y108.913
G1 F2700 X164.92 Y111.087 E2545.66131
G0 F9000 X164.92 Y111.375
G1 F2400 E2543.66131
;MESH:NONMESH
G0 F600 X164.92 Y111.375 Z12.28
G0 F9000 X53.915 Y108.5
;TIME_ELAPSED:2269.492072
;LAYER:60
;TYPE:WALL-INNER
;MESH:Horiz_1_edged.stl
G1 F1200 E2545.66131
G1 F3900 X53.915 Y111.5 E2545.7798
G1 X166.086 Y111.5 E2550.21015
G1 X166.086 Y108.499 E2550.32868
G1 X53.915 Y108.5 E2554.75903
G0 F9000 X53.415 Y108
G1 F3900 X53.415 Y112 E2554.91702
G1 X166.586 Y112 E2559.38686
G1 X166.586 Y107.999 E2559.54489
G1 X53.415 Y108 E2564.01474
G0 F9000 X52.939 Y107.54
;TYPE:WALL-OUTER
G1 F3000 X52.94 Y112.475 E2564.19016
G1 X167.061 Y112.475 E2568.24679
G1 X167.06 Y107.525 E2568.42275
G1 X52.968 Y107.525 E2572.47835
G1 X52.939 Y107.54 E2572.47951
G0 F9000 X52.939 Y107.74
G0 X53.609 Y108.195
G0 X56.54 Y108.749
;TYPE:FILL
G1 F3000 X59.04 Y111.249 E2572.79789
G0 F9000 X60.12 Y108.749
G1 F3000 X56.156 Y109.811 E2573.16745
G0 F9000 X56.258 Y109.811
G0 X65.268 Y111.25
G1 F3000 X65.938 Y108.748 E2573.4007
G0 F9000 X72.662 Y108.749
G1 F3000 X75.162 Y111.249 E2573.71908
G0 F9000 X77.07 Y111.25
G1 F3000 X77.74 Y108.748 E2573.95233
G0 F9000 X88.785 Y108.749
G1 F3000 X91.284 Y111.249 E2574.27064
G0 F9000 X88.872 Y111.249
G1 F3000 X89.542 Y108.748 E2574.50381
G0 F9000 X94.833 Y111.249
G1 F3000 X104.166 Y108.749 E2575.37389
G0 F9000 X104.907 Y108.749
G1 F3000 X107.406 Y111.249 E2575.69221
G0 F9000 X112.476 Y111.249
G1 F3000 X113.147 Y108.749 E2575.9253
G0 F9000 X121.029 Y108.75
G1 F3000 X123.529 Y111.249 E2576.24362
G0 F9000 X124.279 Y111.249
G1 F3000 X124.949 Y108.748 E2576.47678
G0 F9000 X136.081 Y111.25
G1 F3000 X136.751 Y108.749 E2576.70994
G0 F9000 X137.151 Y108.75
G1 F3000 X139.651 Y111.249 E2577.02826
G0 F9000 X138.881 Y111.249
G1 F3000 X148.212 Y108.749 E2577.89817
G0 F9000 X148.553 Y108.749
G1 F3000 X147.883 Y111.249 E2578.13125
G0 F9000 X153.273 Y108.75
G1 F3000 X155.773 Y111.249 E2578.44956
G0 F9000 X159.685 Y111.249
G1 F3000 X160.355 Y108.749 E2578.68264
G1 F2400 E2576.68264
G0 F9000 X101.345 Y108.748
G1 F1200 E2578.68264
G1 F3000 X100.674 Y111.25 E2578.91591
G1 F2400 E2576.91591
G0 F9000 X56.185 Y108.722
G0 X54.137 Y108.722
G1 F1200 E2578.91591
G0 F9000 X54.188 Y108.773
;TYPE:SKIN
G1 F2700 X54.188 Y111.227 E2578.97019
G1 X56.135 Y111.227 E2579.01325
G1 X56.134 Y108.773 E2579.06753
G1 X54.188 Y108.773 E2579.11057
G0 F9000 X54.327 Y108.92
G1 F2700 X55.994 Y108.92 E2579.14744
G0 F9000 X55.994 Y109.2
G1 F2700 X54.327 Y109.2 E2579.18431
G0 F9000 X54.327 Y109.48
G1 F2700 X55.994 Y109.48 E2579.22118
G0 F9000 X55.994 Y109.76
G1 F2700 X54.327 Y109.76 E2579.25805
G0 F9000 X54.327 Y110.04
G1 F2700 X55.994 Y110.04 E2579.29492
G0 F9000 X55.994 Y110.32
G1 F2700 X54.327 Y110.32 E2579.33179
G0 F9000 X54.327 Y110.6
G1 F2700 X55.994 Y110.6 E2579.36866
G0 F9000 X55.994 Y110.88
G1 F2700 X54.327 Y110.88 E2579.40553
G1 F2400 E2577.40553
G0 F9000 X54.065 Y110.88
G0 X54.137 Y111.278
G0 X55.298 Y111.278
G0 X163.865 Y108.65
G1 F1200 E2579.40553
G0 F9000 X163.865 Y108.773
G1 F2700 X163.865 Y109.746 E2579.42706
G1 X163.866 Y111.227 E2579.45981
G1 X165.813 Y111.227 E2579.50288
G1 X165.813 Y108.772 E2579.55718
G1 X163.865 Y108.773 E2579.60026
G0 F9000 X164.005 Y108.92
G1 F2700 X165.673 Y108.92 E2579.63715
G0 F9000 X165.673 Y109.2
G1 F2700 X164.005 Y109.2 E2579.67405
G0 F9000 X164.005 Y109.48
G1 F2700 X165.673 Y109.48 E2579.71094
G0 F9000 X165.673 Y109.76
G1 F2700 X164.005 Y109.76 E2579.74783
G0 F9000 X164.005 Y110.04
G1 F2700 X165.673 Y110.04 E2579.78473
G0 F9000 X165.673 Y110.32
G1 F2700 X164.005 Y110.32 E2579.82162
G0 F9000 X164.005 Y110.6
G1 F2700 X165.673 Y110.6 E2579.85851
G0 F9000 X165.673 Y110.88
G1 F2700 X164.005 Y110.88 E2579.8954
G0 F9000 X163.342 Y110.88
G1 F2400 E2577.8954
;MESH:NONMESH
G0 F600 X163.342 Y110.88 Z12.48
G0 F9000 X54.565 Y108.5
;TIME_ELAPSED:2293.671398
;LAYER:61
;TYPE:WALL-INNER
;MESH:Horiz_1_edged.stl
G1 F1200 E2579.8954
G1 F3900 X54.565 Y111.5 E2580.01389
G1 X165.436 Y111.5 E2584.3929
G1 X165.436 Y108.499 E2584.51143
G1 X54.565 Y108.5 E2588.89043
G0 F9000 X54.065 Y108
G1 F3900 X54.065 Y112 E2589.04842
G1 X165.936 Y112 E2593.46692
G1 X165.936 Y107.999 E2593.62495
G1 X54.065 Y108 E2598.04345
G0 F9000 X53.589 Y107.54
;TYPE:WALL-OUTER
G1 F3000 X53.59 Y112.475 E2598.21887
G1 X166.411 Y112.475 E2602.2293
G1 X166.41 Y107.525 E2602.40525
G1 X53.618 Y107.525 E2606.41464
G1 X53.589 Y107.54 E2606.41581
G0 F9000 X53.589 Y107.74
G0 X54.259 Y108.195
G0 X56.857 Y108.722
G0 X56.829 Y108.838
;TYPE:FILL
G1 F3000 X57.5 Y109.509 E2606.45853
G1 X57.499 Y109.597
G1 X56.828 Y109.777 E2606.48981
G0 F9000 X56.93 Y109.777
G0 X56.857 Y108.722
G0 X54.787 Y108.722
G0 X54.838 Y108.773
;TYPE:SKIN
G1 F2700 X54.838 Y111.227 E2606.54409
G1 X56.807 Y111.227 E2606.58764
G1 X56.806 Y108.773 E2606.64192
G1 X54.838 Y108.773 E2606.68545
G0 F9000 X54.715 Y108.773
G0 X56.56 Y108.65
G0 X56.56 Y108.913
G1 F2700 X56.56 Y111.087 E2606.73353
G0 F9000 X56.28 Y111.087
G1 F2700 X56.28 Y108.913 E2606.78162
G0 F9000 X56 Y108.913
G1 F2700 X56 Y111.087 E2606.8297
G0 F9000 X55.72 Y111.087
G1 F2700 X55.72 Y108.913 E2606.87778
G0 F9000 X55.44 Y108.913
G1 F2700 X55.44 Y111.087 E2606.92587
G0 F9000 X55.16 Y111.087
G1 F2700 X55.16 Y108.913 E2606.97395
G1 F2400 E2604.97395
G0 F9000 X55.16 Y108.65
G0 X163.193 Y108.65
G1 F1200 E2606.97395
G0 F9000 X163.193 Y108.773
G1 F2700 X163.194 Y111.227 E2607.02823
G1 X165.163 Y111.227 E2607.07178
G1 X165.163 Y108.772 E2607.12608
G1 X163.193 Y108.773 E2607.16965
G0 F9000 X163.193 Y108.65
G0 X164.92 Y108.649
G0 X164.92 Y108.912
G1 F2700 X164.92 Y111.087 E2607.21776
G0 F9000 X164.64 Y111.087
G1 F2700 X164.64 Y108.912 E2607.26587
G0 F9000 X164.36 Y108.912
G1 F2700 X164.36 Y111.087 E2607.31397
G0 F9000 X164.08 Y111.087
G1 F2700 X164.08 Y108.912 E2607.36208
G0 F9000 X163.8 Y108.912
G1 F2700 X163.8 Y111.087 E2607.41019
G0 F9000 X163.52 Y111.087
G1 F2700 X163.52 Y108.912 E2607.45829
G0 F9000 X163.52 Y108.625
G1 F2400 E2605.45829
;MESH:NONMESH
G0 F600 X163.52 Y108.625 Z12.68
G0 F9000 X55.236 Y108.5
;TIME_ELAPSED:2311.541695
;LAYER:62
;TYPE:WALL-INNER
;MESH:Horiz_1_edged.stl
G1 F1200 E2607.45829
G1 F3900 X55.236 Y111.5 E2607.57678
G1 X164.765 Y111.5 E2611.90278
G1 X164.765 Y108.499 E2612.02131
G1 X55.236 Y108.5 E2616.34732
G0 F9000 X54.736 Y108
G1 F3900 X54.736 Y112 E2616.5053
G1 X165.265 Y112 E2620.8708
G1 X165.265 Y107.999 E2621.02882
G1 X54.736 Y108 E2625.39432
G0 F9000 X54.26 Y107.54
;TYPE:WALL-OUTER
G1 F3000 X54.261 Y112.475 E2625.56975
G1 X165.74 Y112.475 E2629.53247
G1 X165.739 Y107.525 E2629.70842
G1 X54.289 Y107.525 E2633.67011
G1 X54.26 Y107.54 E2633.67127
G0 F9000 X54.26 Y107.74
G0 X54.93 Y108.195
G0 X57.528 Y108.722
G0 X57.601 Y109.308
G0 X57.499 Y109.308
;TYPE:FILL
G1 F3000 X59.44 Y111.249 E2633.91846
G0 F9000 X57.601 Y109.744
G0 X57.5 Y109.744
G1 F3000 X61.213 Y108.749 E2634.26462
G0 F9000 X65.645 Y108.748
G1 F3000 X64.975 Y111.249 E2634.49778
G0 F9000 X73.063 Y108.75
G1 F3000 X75.562 Y111.249 E2634.81604
G0 F9000 X76.777 Y111.249
G1 F3000 X77.447 Y108.749 E2635.04911
G0 F9000 X88.579 Y111.249
G1 F3000 X89.249 Y108.749 E2635.28218
G1 X89.185 Y108.75
G1 X91.684 Y111.249 E2635.60044
G0 F9000 X95.928 Y111.249
G1 F3000 X105.259 Y108.749 E2636.47035
G1 X105.307 Y108.75
G1 X107.806 Y111.249 E2636.7886
G0 F9000 X112.183 Y111.25
G1 F3000 X112.854 Y108.749 E2637.02179
G0 F9000 X121.43 Y108.75
G1 F3000 X123.928 Y111.249 E2637.33998
G1 X123.986 Y111.249
G1 X124.656 Y108.748 E2637.57314
G0 F9000 X135.788 Y111.25
G1 F3000 X136.458 Y108.748 E2637.80639
G0 F9000 X137.552 Y108.75
G1 F3000 X140.05 Y111.249 E2638.12458
G1 X139.974 Y111.249
G1 X149.304 Y108.749 E2638.9944
G0 F9000 X148.26 Y108.749
G1 F3000 X147.59 Y111.249 E2639.22747
G0 F9000 X153.674 Y108.75
G1 F3000 X156.173 Y111.249 E2639.54573
G0 F9000 X159.392 Y111.25
G1 F3000 X160.062 Y108.748 E2639.77898
G1 F2400 E2637.77898
G0 F9000 X101.052 Y108.748
G1 F1200 E2639.77898
G1 F3000 X100.381 Y111.249 E2640.01216
G1 F2400 E2638.01216
G0 F9000 X57.528 Y108.722
G0 X55.458 Y108.722
G1 F1200 E2640.01216
G0 F9000 X55.509 Y108.773
;TYPE:SKIN
G1 F2700 X55.509 Y111.227 E2640.06644
G1 X57.478 Y111.227 E2640.10999
G1 X57.477 Y108.773 E2640.16427
G1 X55.509 Y108.773 E2640.20779
G0 F9000 X55.648 Y108.92
G1 F2700 X57.337 Y108.92 E2640.24515
G0 F9000 X57.337 Y109.2
G1 F2700 X55.648 Y109.2 E2640.28251
G0 F9000 X55.648 Y109.48
G1 F2700 X57.337 Y109.48 E2640.31987
G0 F9000 X57.337 Y109.76
G1 F2700 X55.648 Y109.76 E2640.35722
G0 F9000 X55.648 Y110.04
G1 F2700 X57.337 Y110.04 E2640.39458
G0 F9000 X57.337 Y110.32
G1 F2700 X55.648 Y110.32 E2640.43194
G0 F9000 X55.648 Y110.6
G1 F2700 X57.337 Y110.6 E2640.46929
G0 F9000 X57.337 Y110.88
G1 F2700 X55.648 Y110.88 E2640.50665
G1 F2400 E2638.50665
G0 F9000 X55.386 Y110.88
G0 X55.458 Y111.278
G0 X56.631 Y111.278
G0 X162.522 Y108.65
G1 F1200 E2640.50665
G0 F9000 X162.522 Y108.773
G1 F2700 X162.523 Y111.227 E2640.56093
G1 X164.492 Y111.227 E2640.60448
G1 X164.492 Y108.772 E2640.65878
G1 X162.522 Y108.773 E2640.70235
G0 F9000 X162.662 Y108.92
G1 F2700 X164.352 Y108.92 E2640.73973
G0 F9000 X164.352 Y109.2
G1 F2700 X162.662 Y109.2 E2640.77711
G0 F9000 X162.662 Y109.48
G1 F2700 X164.352 Y109.48 E2640.81449
G0 F9000 X164.352 Y109.76
G1 F2700 X162.662 Y109.76 E2640.85187
G0 F9000 X162.662 Y110.04
G1 F2700 X164.352 Y110.04 E2640.88925
G0 F9000 X164.352 Y110.32
G1 F2700 X162.662 Y110.32 E2640.92663
G0 F9000 X162.662 Y110.6
G1 F2700 X164.352 Y110.6 E2640.96401
G0 F9000 X164.352 Y110.88
G1 F2700 X162.662 Y110.88 E2641.00139
G0 F9000 X161.999 Y110.88
G1 F2400 E2639.00139
;MESH:NONMESH
G0 F600 X161.999 Y110.88 Z12.88
G0 F9000 X55.908 Y108.5
;TIME_ELAPSED:2335.104666
;LAYER:63
;TYPE:WALL-INNER
;MESH:Horiz_1_edged.stl
G1 F1200 E2641.00139
G1 F3900 X55.908 Y111.5 E2641.11988
G1 X164.093 Y111.5 E2645.3928
G1 X164.093 Y108.499 E2645.51132
G1 X55.908 Y108.5 E2649.78424
G0 F9000 X55.408 Y108
G1 F3900 X55.408 Y112 E2649.94223
G1 X164.593 Y112 E2654.25464
G1 X164.593 Y107.999 E2654.41267
G1 X55.408 Y108 E2658.72509
G0 F9000 X54.932 Y107.54
;TYPE:WALL-OUTER
G1 F3000 X54.933 Y112.475 E2658.90051
G1 X165.068 Y112.475 E2662.81545
G1 X165.067 Y107.525 E2662.99141
G1 X54.961 Y107.525 E2666.90532
G1 X54.932 Y107.54 E2666.90648
G0 F9000 X54.932 Y107.74
G0 X55.602 Y108.195
G0 X58.2 Y108.722
G0 X58.273 Y109.71
G0 X58.172 Y109.71
;TYPE:FILL
G1 F3000 X58.843 Y109.53 E2666.93776
G0 F9000 X58.171 Y109.78
G1 F3000 X58.845 Y110.454 E2666.98068
G0 F9000 X58.2 Y108.722
G0 X56.13 Y108.722
G0 X56.181 Y108.773
;TYPE:SKIN
G1 F2700 X56.181 Y111.227 E2667.03496
G1 X58.15 Y111.227 E2667.07851
G1 X58.149 Y108.773 E2667.13279
G1 X56.181 Y108.773 E2667.17631
G0 F9000 X56.058 Y108.773
G0 X57.96 Y108.65
G0 X57.96 Y108.913
G1 F2700 X57.96 Y111.087 E2667.2244
G0 F9000 X57.68 Y111.087
G1 F2700 X57.68 Y108.913 E2667.27248
G0 F9000 X57.4 Y108.913
G1 F2700 X57.4 Y111.087 E2667.32057
G0 F9000 X57.12 Y111.087
G1 F2700 X57.12 Y108.913 E2667.36865
G0 F9000 X56.84 Y108.913
G1 F2700 X56.84 Y111.087 E2667.41674
G0 F9000 X56.56 Y111.087
G1 F2700 X56.56 Y108.913 E2667.46482
G1 F2400 E2665.46482
G0 F9000 X56.56 Y108.65
G0 X161.85 Y108.65
G1 F1200 E2667.46482
G0 F9000 X161.85 Y108.773
G1 F2700 X161.851 Y111.227 E2667.5191
G1 X163.82 Y111.227 E2667.56265
G1 X163.82 Y108.772 E2667.61695
G1 X161.85 Y108.773 E2667.66052
G0 F9000 X161.85 Y108.65
G0 X163.52 Y108.649
G0 X163.52 Y108.912
G1 F2700 X163.52 Y111.087 E2667.70863
G0 F9000 X163.24 Y111.087
G1 F2700 X163.24 Y108.912 E2667.75673
G0 F9000 X162.96 Y108.912
G1 F2700 X162.96 Y111.087 E2667.80484
G0 F9000 X162.68 Y111.087
G1 F2700 X162.68 Y108.912 E2667.85295
G0 F9000 X162.4 Y108.912
G1 F2700 X162.4 Y111.087 E2667.90105
G0 F9000 X162.12 Y111.087
G1 F2700 X162.12 Y108.912 E2667.94916
G0 F9000 X162.12 Y108.625
G1 F2400 E2665.94916
;MESH:NONMESH
G0 F600 X162.12 Y108.625 Z13.08
G0 F9000 X56.58 Y108.5
;TIME_ELAPSED:2352.783458
;LAYER:64
;TYPE:WALL-INNER
;MESH:Horiz_1_edged.stl
G1 F1200 E2667.94916
G1 F3900 X56.58 Y111.5 E2668.06765
G1 X163.421 Y111.5 E2672.28749
G1 X163.421 Y108.499 E2672.40601
G1 X56.58 Y108.5 E2676.62585
G0 F9000 X56.08 Y108
G1 F3900 X56.08 Y112 E2676.78384
G1 X163.921 Y112 E2681.04317
G1 X163.921 Y107.999 E2681.20119
G1 X56.08 Y108 E2685.46053
G0 F9000 X55.604 Y107.54
;TYPE:WALL-OUTER
G1 F3000 X55.605 Y112.475 E2685.63595
G1 X164.396 Y112.475 E2689.50312
G1 X164.395 Y107.525 E2689.67907
G1 X55.633 Y107.525 E2693.54521
G1 X55.604 Y107.54 E2693.54637
G0 F9000 X55.604 Y107.74
G0 X56.274 Y108.195
G0 X58.872 Y108.722
G0 X58.945 Y109.676
G0 X58.844 Y109.676
;TYPE:FILL
G1 F3000 X62.302 Y108.749 E2693.86877
G0 F9000 X65.353 Y108.749
G1 F3000 X64.683 Y111.25 E2694.10193
G0 F9000 X59.839 Y111.249
G1 F3000 X58.844 Y110.254 E2694.22864
G0 F9000 X58.945 Y110.254
G0 X73.462 Y108.749
G1 F3000 X75.961 Y111.249 E2694.54696
G0 F9000 X76.485 Y111.25
G1 F3000 X77.155 Y108.748 E2694.78021
G0 F9000 X88.287 Y111.25
G1 F3000 X88.957 Y108.748 E2695.01346
G0 F9000 X89.584 Y108.749
G1 F3000 X92.083 Y111.249 E2695.33178
G0 F9000 X97.017 Y111.249
G1 F3000 X106.348 Y108.749 E2696.20168
G0 F9000 X105.706 Y108.749
G1 F3000 X108.205 Y111.249 E2696.52
G0 F9000 X111.891 Y111.25
G1 F3000 X112.562 Y108.748 E2696.75327
G0 F9000 X121.828 Y108.75
G1 F3000 X124.328 Y111.249 E2697.07159
G0 F9000 X123.694 Y111.25
G1 F3000 X124.364 Y108.749 E2697.30475
G0 F9000 X135.496 Y111.25
G1 F3000 X136.166 Y108.749 E2697.53791
G0 F9000 X137.95 Y108.75
G1 F3000 X140.45 Y111.249 E2697.85623
G0 F9000 X141.064 Y111.249
G1 F3000 X150.395 Y108.749 E2698.72614
G0 F9000 X147.968 Y108.748
G1 F3000 X147.298 Y111.25 E2698.95939
G0 F9000 X154.072 Y108.75
G1 F3000 X156.572 Y111.249 E2699.27771
G0 F9000 X159.1 Y111.25
G1 F3000 X159.77 Y108.749 E2699.51087
G1 F2400 E2697.51087
G0 F9000 X100.759 Y108.749
G1 F1200 E2699.51087
G1 F3000 X100.089 Y111.249 E2699.74394
G1 F2400 E2697.74394
G0 F9000 X58.872 Y108.722
G0 X56.802 Y108.722
G1 F1200 E2699.74394
G0 F9000 X56.853 Y108.773
;TYPE:SKIN
G1 F2700 X56.853 Y111.227 E2699.79822
G1 X58.822 Y111.227 E2699.84177
G1 X58.821 Y108.773 E2699.89605
G1 X56.853 Y108.773 E2699.93958
G0 F9000 X56.992 Y108.92
G1 F2700 X58.681 Y108.92 E2699.97693
G0 F9000 X58.681 Y109.2
G1 F2700 X56.992 Y109.2 E2700.01429
G0 F9000 X56.992 Y109.48
G1 F2700 X58.681 Y109.48 E2700.05165
G0 F9000 X58.681 Y109.76
G1 F2700 X56.992 Y109.76 E2700.089
G0 F9000 X56.992 Y110.04
G1 F2700 X58.681 Y110.04 E2700.12636
G0 F9000 X58.681 Y110.32
G1 F2700 X56.992 Y110.32 E2700.16372
G0 F9000 X56.992 Y110.6
G1 F2700 X58.681 Y110.6 E2700.20108
G0 F9000 X58.681 Y110.88
G1 F2700 X56.992 Y110.88 E2700.23843
G1 F2400 E2698.23843
G0 F9000 X56.73 Y110.88
G0 X56.802 Y111.278
G0 X57.975 Y111.278
G0 X161.178 Y108.65
G1 F1200 E2700.23843
G0 F9000 X161.178 Y108.773
G1 F2700 X161.179 Y111.227 E2700.29271
G1 X163.148 Y111.227 E2700.33626
G1 X163.148 Y108.772 E2700.39056
G1 X161.178 Y108.773 E2700.43413
G0 F9000 X161.318 Y108.92
G1 F2700 X163.008 Y108.92 E2700.47151
G0 F9000 X163.008 Y109.2
G1 F2700 X161.318 Y109.2 E2700.50889
G0 F9000 X161.318 Y109.48
G1 F2700 X163.008 Y109.48 E2700.54627
G0 F9000 X163.008 Y109.76
G1 F2700 X161.318 Y109.76 E2700.58365
G0 F9000 X161.318 Y110.04
G1 F2700 X163.008 Y110.04 E2700.62103
G0 F9000 X163.008 Y110.32
G1 F2700 X161.318 Y110.32 E2700.65841
G0 F9000 X161.318 Y110.6
G1 F2700 X163.008 Y110.6 E2700.69579
G0 F9000 X163.008 Y110.88
G1 F2700 X161.318 Y110.88 E2700.73317
G0 F9000 X160.655 Y110.88
G1 F2400 E2698.73317
;MESH:NONMESH
G0 F600 X160.655 Y110.88 Z13.28
G0 F9000 X57.251 Y108.5
;TIME_ELAPSED:2376.305632
;LAYER:65
;TYPE:WALL-INNER
;MESH:Horiz_1_edged.stl
G1 F1200 E2700.73317
G1 F3900 X57.251 Y111.5 E2700.85166
G1 X162.75 Y111.5 E2705.01849
G1 X162.75 Y108.499 E2705.13702
G1 X57.251 Y108.5 E2709.30385
G0 F9000 X56.751 Y108
G1 F3900 X56.751 Y112 E2709.46184
G1 X163.25 Y112 E2713.66816
G1 X163.25 Y107.999 E2713.82619
G1 X56.751 Y108 E2718.03252
G0 F9000 X56.275 Y107.54
;TYPE:WALL-OUTER
G1 F3000 X56.276 Y112.475 E2718.20794
G1 X163.725 Y112.475 E2722.02741
G1 X163.724 Y107.525 E2722.20336
G1 X56.304 Y107.525 E2726.0218
G1 X56.275 Y107.54 E2726.02296
G0 F9000 X56.275 Y107.74
G0 X56.945 Y108.195
G0 X59.543 Y108.722
G0 X59.616 Y109.643
G0 X59.515 Y109.643
;TYPE:FILL
G1 F3000 X60.186 Y109.463 E2726.05424
G0 F9000 X59.616 Y110.723
G0 X59.515 Y110.723
G1 F3000 X60.04 Y111.249 E2726.0877
G0 F9000 X59.543 Y108.722
G0 X57.473 Y108.722
G0 X57.524 Y108.773
;TYPE:SKIN
G1 F2700 X57.524 Y111.227 E2726.14198
G1 X59.493 Y111.227 E2726.18553
G1 X59.492 Y108.773 E2726.23981
G1 X57.524 Y108.773 E2726.28333
G0 F9000 X57.401 Y108.773
G0 X59.08 Y108.65
G0 X59.08 Y108.913
G1 F2700 X59.08 Y111.087 E2726.33142
G0 F9000 X58.8 Y111.087
G1 F2700 X58.8 Y108.913 E2726.3795
G0 F9000 X58.52 Y108.913
G1 F2700 X58.52 Y111.087 E2726.42759
G0 F9000 X58.24 Y111.087
G1 F2700 X58.24 Y108.913 E2726.47567
G0 F9000 X57.96 Y108.913
G1 F2700 X57.96 Y111.087 E2726.52376
G0 F9000 X57.68 Y111.087
G1 F2700 X57.68 Y108.913 E2726.57184
G1 F2400 E2724.57184
G0 F9000 X57.68 Y108.65
G0 X160.507 Y108.65
G1 F1200 E2726.57184
G0 F9000 X160.507 Y108.773
G1 F2700 X160.508 Y111.227 E2726.62612
G1 X162.477 Y111.227 E2726.66967
G1 X162.477 Y108.772 E2726.72397
G1 X160.507 Y108.773 E2726.76754
G0 F9000 X160.507 Y108.65
G0 X162.12 Y108.649
G0 X162.12 Y108.912
G1 F2700 X162.12 Y111.087 E2726.81565
G0 F9000 X161.84 Y111.087
G1 F2700 X161.84 Y108.912 E2726.86375
G0 F9000 X161.56 Y108.912
G1 F2700 X161.56 Y111.087 E2726.91186
G0 F9000 X161.28 Y111.087
G1 F2700 X161.28 Y108.912 E2726.95997
G0 F9000 X161 Y108.912
G1 F2700 X161 Y111.087 E2727.00807
G0 F9000 X160.72 Y111.087
G1 F2700 X160.72 Y108.912 E2727.05618
G0 F9000 X160.72 Y108.625
G1 F2400 E2725.05618
;MESH:NONMESH
G0 F600 X160.72 Y108.625 Z13.48
G0 F9000 X57.923 Y108.5
;TIME_ELAPSED:2393.709055
;LAYER:66
;TYPE:WALL-INNER
;MESH:Horiz_1_edged.stl
G1 F1200 E2727.05618
G1 F3900 X57.923 Y111.5 E2727.17467
G1 X162.078 Y111.5 E2731.28842
G1 X162.078 Y108.499 E2731.40695
G1 X57.923 Y108.5 E2735.5207
G0 F9000 X57.423 Y108
G1 F3900 X57.423 Y112 E2735.67868
G1 X162.578 Y112 E2739.83193
G1 X162.578 Y107.999 E2739.98995
G1 X57.423 Y108 E2744.1432
G0 F9000 X56.947 Y107.54
;TYPE:WALL-OUTER
G1 F3000 X56.948 Y112.475 E2744.31862
G1 X163.053 Y112.475 E2748.09031
G1 X163.052 Y107.525 E2748.26627
G1 X56.976 Y107.525 E2752.03693
G1 X56.947 Y107.54 E2752.03809
G0 F9000 X56.947 Y107.74
G0 X57.617 Y108.195
G0 X60.215 Y108.722
G0 X60.288 Y109.609
G0 X60.186 Y109.609
;TYPE:FILL
G1 F3000 X63.397 Y108.749 E2752.33743
G0 F9000 X65.06 Y108.748
G1 F3000 X64.39 Y111.25 E2752.57068
G0 F9000 X73.862 Y108.75
G1 F3000 X76.361 Y111.249 E2752.88894
G1 X76.192 Y111.249
G1 X76.862 Y108.749 E2753.12201
G0 F9000 X87.994 Y111.249
G1 F3000 X88.664 Y108.748 E2753.35517
G0 F9000 X89.984 Y108.75
G1 F3000 X92.483 Y111.249 E2753.67342
G0 F9000 X98.11 Y111.249
G1 F3000 X107.443 Y108.749 E2754.54351
G0 F9000 X106.107 Y108.75
G1 F3000 X108.605 Y111.249 E2754.8617
G0 F9000 X111.599 Y111.249
G1 F3000 X112.269 Y108.748 E2755.09486
G0 F9000 X122.229 Y108.75
G1 F3000 X124.727 Y111.249 E2755.41305
G0 F9000 X123.401 Y111.25
G1 F3000 X124.071 Y108.749 E2755.64621
G0 F9000 X135.203 Y111.249
G1 F3000 X135.873 Y108.749 E2755.87929
G0 F9000 X138.351 Y108.75
G1 F3000 X140.85 Y111.249 E2756.19754
G0 F9000 X142.157 Y111.249
G1 F3000 X151.489 Y108.749 E2757.06754
G0 F9000 X154.473 Y108.75
G1 F3000 X156.972 Y111.249 E2757.38579
G0 F9000 X158.807 Y111.25
G1 F3000 X159.477 Y108.749 E2757.61895
G0 F9000 X147.675 Y108.749
G1 F3000 X147.005 Y111.249 E2757.85203
G1 F2400 E2755.85203
G0 F9000 X100.466 Y108.749
G1 F1200 E2757.85203
G1 F3000 X99.796 Y111.25 E2758.08519
G1 F2400 E2756.08519
G0 F9000 X60.215 Y108.722
G0 X58.145 Y108.722
G1 F1200 E2758.08519
G0 F9000 X58.196 Y108.773
;TYPE:SKIN
G1 F2700 X58.196 Y111.227 E2758.13946
G1 X60.165 Y111.227 E2758.18301
G1 X60.164 Y108.773 E2758.23729
G1 X58.196 Y108.773 E2758.28082
G0 F9000 X58.335 Y108.92
G1 F2700 X60.024 Y108.92 E2758.31818
G0 F9000 X60.024 Y109.2
G1 F2700 X58.335 Y109.2 E2758.35553
G0 F9000 X58.335 Y109.48
G1 F2700 X60.024 Y109.48 E2758.39289
G0 F9000 X60.024 Y109.76
G1 F2700 X58.335 Y109.76 E2758.43025
G0 F9000 X58.335 Y110.04
G1 F2700 X60.024 Y110.04 E2758.46761
G0 F9000 X60.024 Y110.32
G1 F2700 X58.335 Y110.32 E2758.50496
G0 F9000 X58.335 Y110.6
G1 F2700 X60.024 Y110.6 E2758.54232
G0 F9000 X60.024 Y110.88
G1 F2700 X58.335 Y110.88 E2758.57968
G1 F2400 E2756.57968
G0 F9000 X58.073 Y110.88
G0 X58.145 Y111.278
G0 X59.318 Y111.278
G0 X159.835 Y108.65
G1 F1200 E2758.57968
G0 F9000 X159.835 Y108.773
G1 F2700 X159.836 Y111.227 E2758.63396
G1 X161.805 Y111.227 E2758.67751
G1 X161.805 Y108.772 E2758.73181
G1 X159.835 Y108.773 E2758.77538
G0 F9000 X159.975 Y108.92
G1 F2700 X161.665 Y108.92 E2758.81276
G0 F9000 X161.665 Y109.2
G1 F2700 X159.975 Y109.2 E2758.85014
G0 F9000 X159.975 Y109.48
G1 F2700 X161.665 Y109.48 E2758.88752
G0 F9000 X161.665 Y109.76
G1 F2700 X159.975 Y109.76 E2758.9249
G0 F9000 X159.975 Y110.04
G1 F2700 X161.665 Y110.04 E2758.96228
G0 F9000 X161.665 Y110.32
G1 F2700 X159.975 Y110.32 E2758.99965
G0 F9000 X159.975 Y110.6
G1 F2700 X161.665 Y110.6 E2759.03703
G0 F9000 X161.665 Y110.88
G1 F2700 X159.975 Y110.88 E2759.07441
G0 F9000 X159.312 Y110.88
G1 F2400 E2757.07441
;MESH:NONMESH
G0 F600 X159.312 Y110.88 Z13.68
G0 F9000 X58.595 Y108.5
;TIME_ELAPSED:2416.654006
;LAYER:67
;TYPE:WALL-INNER
;MESH:Horiz_1_edged.stl
G1 F1200 E2759.07441
G1 F3900 X58.595 Y111.5 E2759.1929
G1 X161.406 Y111.5 E2763.25357
G1 X161.406 Y108.499 E2763.3721
G1 X58.595 Y108.5 E2767.43276
G0 F9000 X58.095 Y108
G1 F3900 X58.095 Y112 E2767.59075
G1 X161.906 Y112 E2771.69091
G1 X161.906 Y107.999 E2771.84894
G1 X58.095 Y108 E2775.9491
G0 F9000 X57.619 Y107.54
;TYPE:WALL-OUTER
G1 F3000 X57.62 Y112.475 E2776.12452
G1 X162.381 Y112.475 E2779.84844
G1 X162.38 Y107.525 E2780.02439
G1 X57.648 Y107.525 E2783.74728
G1 X57.619 Y107.54 E2783.74844
G0 F9000 X57.619 Y107.74
G0 X58.289 Y108.195
G0 X60.938 Y108.722
G0 X61.011 Y109.562
G0 X60.91 Y109.562
;TYPE:FILL
G1 F3000 X61.675 Y109.357 E2783.7841
G1 F2400 E2781.7841
G0 F9000 X158.66 Y111.25
G1 F1200 E2783.7841
G1 F3000 X159.088 Y109.652 E2783.85858
G0 F9000 X159.113 Y108.773
;TYPE:SKIN
G1 F2700 X159.113 Y111.227 E2783.91286
G1 X161.133 Y111.227 E2783.95754
G1 X161.133 Y108.773 E2784.01182
G1 X159.113 Y108.773 E2784.0565
G0 F9000 X159.113 Y108.65
G0 X160.72 Y108.649
G0 X160.72 Y108.913
G1 F2700 X160.72 Y111.087 E2784.10458
G0 F9000 X160.44 Y111.087
G1 F2700 X160.44 Y108.913 E2784.15267
G0 F9000 X160.16 Y108.913
G1 F2700 X160.16 Y111.087 E2784.20075
G0 F9000 X159.88 Y111.087
G1 F2700 X159.88 Y108.913 E2784.24883
G0 F9000 X159.6 Y108.913
G1 F2700 X159.6 Y111.087 E2784.29692
G0 F9000 X159.32 Y111.087
G1 F2700 X159.32 Y108.913 E2784.345
G1 F2400 E2782.345
G0 F9000 X159.32 Y108.65
G0 X58.817 Y108.722
G1 F1200 E2784.345
G0 F9000 X58.868 Y108.773
G1 F2700 X58.868 Y111.227 E2784.39928
G1 X60.888 Y111.227 E2784.44396
G1 X60.887 Y108.773 E2784.49824
G1 X58.868 Y108.773 E2784.54289
G0 F9000 X58.745 Y108.773
G0 X60.48 Y108.65
G0 X60.48 Y108.913
G1 F2700 X60.48 Y111.087 E2784.59098
G0 F9000 X60.2 Y111.087
G1 F2700 X60.2 Y108.913 E2784.63906
G0 F9000 X59.92 Y108.913
G1 F2700 X59.92 Y111.087 E2784.68715
G0 F9000 X59.64 Y111.087
G1 F2700 X59.64 Y108.913 E2784.73523
G0 F9000 X59.36 Y108.913
G1 F2700 X59.36 Y111.087 E2784.78332
G0 F9000 X59.08 Y111.087
G1 F2700 X59.08 Y108.913 E2784.8314
G0 F9000 X59.08 Y108.625
;MESH:NONMESH
G0 F600 X59.08 Y108.625 Z13.88
G0 F9000 X59.266 Y108.5
;TIME_ELAPSED:2433.660110
;LAYER:68
;TYPE:WALL-INNER
;MESH:Horiz_1_edged.stl
G1 F3900 X59.266 Y111.5 E2784.94989
G1 X160.735 Y111.5 E2788.95755
G1 X160.735 Y108.499 E2789.07608
G1 X59.266 Y108.5 E2793.08374
G0 F9000 X58.766 Y108
G1 F3900 X58.766 Y112 E2793.24173
G1 X161.235 Y112 E2797.28888
G1 X161.235 Y107.999 E2797.44691
G1 X58.766 Y108 E2801.49407
G0 F9000 X58.29 Y107.54
;TYPE:WALL-OUTER
G1 F3000 X58.291 Y112.475 E2801.66949
G1 X161.71 Y112.475 E2805.3457
G1 X161.709 Y107.525 E2805.52166
G1 X58.319 Y107.525 E2809.19684
G1 X58.29 Y107.54 E2809.198
G0 F9000 X58.29 Y107.74
G0 X58.96 Y108.195
G0 X61.705 Y108.722
G0 X61.778 Y109.503
G0 X61.677 Y109.503
;TYPE:FILL
G1 F3000 X64.488 Y108.749 E2809.46008
G1 X64.767 Y108.748
G1 X64.097 Y111.249 E2809.69324
G0 F9000 X74.263 Y108.75
G1 F3000 X76.762 Y111.249 E2810.0115
G0 F9000 X75.899 Y111.25
G1 F3000 X76.569 Y108.749 E2810.24466
G0 F9000 X87.701 Y111.249
G1 F3000 X88.371 Y108.748 E2810.47782
G0 F9000 X90.385 Y108.75
G1 F3000 X92.884 Y111.249 E2810.79607
G0 F9000 X99.203 Y111.249
G1 F3000 X108.534 Y108.749 E2811.66598
G0 F9000 X106.507 Y108.75
G1 F3000 X109.006 Y111.249 E2811.98424
G0 F9000 X111.306 Y111.249
G1 F3000 X111.976 Y108.749 E2812.21731
G0 F9000 X122.629 Y108.75
G1 F3000 X125.128 Y111.249 E2812.53557
G0 F9000 X123.108 Y111.249
G1 F3000 X123.778 Y108.748 E2812.76873
G0 F9000 X134.91 Y111.25
G1 F3000 X135.58 Y108.748 E2813.00197
G0 F9000 X138.751 Y108.75
G1 F3000 X141.25 Y111.249 E2813.32023
G0 F9000 X143.249 Y111.249
G1 F3000 X152.58 Y108.749 E2814.19014
G0 F9000 X154.873 Y108.75
G1 F3000 X157.372 Y111.249 E2814.50839
G0 F9000 X147.382 Y108.748
G1 F3000 X146.712 Y111.249 E2814.74155
G1 F2400 E2812.74155
G0 F9000 X100.174 Y108.748
G1 F1200 E2814.74155
G1 F3000 X99.504 Y111.249 E2814.97471
G1 F2400 E2812.97471
G0 F9000 X61.705 Y108.722
G0 X59.488 Y108.722
G1 F1200 E2814.97471
G0 F9000 X59.539 Y108.773
;TYPE:SKIN
G1 F2700 X59.539 Y111.227 E2815.02899
G1 X61.655 Y111.227 E2815.07579
G1 X61.654 Y108.773 E2815.13007
G1 X59.539 Y108.773 E2815.17685
G0 F9000 X59.678 Y108.92
G1 F2700 X61.514 Y108.92 E2815.21746
G0 F9000 X61.514 Y109.2
G1 F2700 X59.678 Y109.2 E2815.25807
G0 F9000 X59.678 Y109.48
G1 F2700 X61.514 Y109.48 E2815.29868
G0 F9000 X61.514 Y109.76
G1 F2700 X59.678 Y109.76 E2815.33929
G0 F9000 X59.678 Y110.04
G1 F2700 X61.514 Y110.04 E2815.37989
G0 F9000 X61.514 Y110.32
G1 F2700 X59.678 Y110.32 E2815.4205
G0 F9000 X59.678 Y110.6
G1 F2700 X61.514 Y110.6 E2815.46111
G0 F9000 X61.514 Y110.88
G1 F2700 X59.678 Y110.88 E2815.50172
G1 F2400 E2813.50172
G0 F9000 X59.416 Y110.88
G0 X59.488 Y111.278
G0 X60.745 Y111.278
G0 X158.346 Y108.65
G1 F1200 E2815.50172
G0 F9000 X158.346 Y108.773
G1 F2700 X158.346 Y111.227 E2815.556
G1 X160.462 Y111.227 E2815.6028
G1 X160.462 Y108.773 E2815.65708
G1 X158.346 Y108.773 E2815.70388
G0 F9000 X158.486 Y108.92
G1 F2700 X160.322 Y108.92 E2815.74449
G0 F9000 X160.322 Y109.2
G1 F2700 X158.486 Y109.2 E2815.7851
G0 F9000 X158.486 Y109.48
G1 F2700 X160.322 Y109.48 E2815.8257
G0 F9000 X160.322 Y109.76
G1 F2700 X158.486 Y109.76 E2815.86631
G0 F9000 X158.486 Y110.04
G1 F2700 X160.322 Y110.04 E2815.90692
G0 F9000 X160.322 Y110.32
G1 F2700 X158.486 Y110.32 E2815.94753
G0 F9000 X158.486 Y110.6
G1 F2700 X160.322 Y110.6 E2815.98814
G0 F9000 X160.322 Y110.88
G1 F2700 X158.486 Y110.88 E2816.02875
G0 F9000 X157.822 Y110.88
G1 F2400 E2814.02875
;MESH:NONMESH
G0 F600 X157.822 Y110.88 Z14.08
G0 F9000 X59.938 Y108.5
;TIME_ELAPSED:2456.166998
;LAYER:69
;TYPE:WALL-INNER
;MESH:Horiz_1_edged.stl
G1 F1200 E2816.02875
G1 F3900 X59.938 Y111.5 E2816.14724
G1 X160.063 Y111.5 E2820.10181
G1 X160.063 Y108.499 E2820.22034
G1 X59.938 Y108.5 E2824.17492
G0 F9000 X59.438 Y108
G1 F3900 X59.438 Y112 E2824.33291
G1 X160.563 Y112 E2828.32698
G1 X160.563 Y107.999 E2828.48501
G1 X59.438 Y108 E2832.47908
G0 F9000 X58.962 Y107.54
;TYPE:WALL-OUTER
G1 F3000 X58.963 Y112.475 E2832.6545
G1 X161.038 Y112.475 E2836.28294
G1 X161.037 Y107.525 E2836.4589
G1 X58.991 Y107.525 E2840.0863
G1 X58.962 Y107.54 E2840.08746
G0 F9000 X58.962 Y107.74
G0 X59.632 Y108.195
G0 X62.471 Y108.722
G0 X62.544 Y109.444
G0 X62.443 Y109.444
;TYPE:FILL
G1 F3000 X63.209 Y109.239 E2840.12317
G1 F2400 E2838.12317
G0 F9000 X156.788 Y110.464
G1 F1200 E2840.12317
G1 F3000 X157.556 Y111.232 E2840.17207
G0 F9000 X157.456 Y111.231
G0 X157.528 Y108.722
G0 X157.579 Y108.773
;TYPE:SKIN
G1 F2700 X157.58 Y111.227 E2840.22635
G1 X159.75 Y111.227 E2840.27434
G1 X159.749 Y108.772 E2840.32864
G1 X157.579 Y108.773 E2840.37664
G0 F9000 X157.579 Y108.65
G0 X159.6 Y108.649
G0 X159.6 Y108.912
G1 F2700 X159.6 Y111.087 E2840.42475
G0 F9000 X159.32 Y111.087
G1 F2700 X159.32 Y108.912 E2840.47285
G0 F9000 X159.04 Y108.912
G1 F2700 X159.04 Y111.087 E2840.52096
G0 F9000 X158.76 Y111.087
G1 F2700 X158.76 Y108.912 E2840.56907
G0 F9000 X158.48 Y108.912
G1 F2700 X158.48 Y111.087 E2840.61717
G0 F9000 X158.2 Y111.087
G1 F2700 X158.2 Y108.912 E2840.66528
G0 F9000 X157.92 Y108.912
G1 F2700 X157.92 Y111.087 E2840.71339
G1 F2400 E2838.71339
G0 F9000 X157.92 Y111.35
G0 X60.25 Y108.65
G1 F1200 E2840.71339
G0 F9000 X60.25 Y108.773
G1 F2700 X60.251 Y111.227 E2840.76766
G1 X62.421 Y111.227 E2840.81566
G1 X62.42 Y108.773 E2840.86994
G1 X60.25 Y108.773 E2840.91793
G0 F9000 X60.25 Y108.65
G0 X62.16 Y108.65
G0 X62.16 Y108.913
G1 F2700 X62.16 Y111.087 E2840.96602
G0 F9000 X61.88 Y111.087
G1 F2700 X61.88 Y108.913 E2841.0141
G0 F9000 X61.6 Y108.913
G1 F2700 X61.6 Y111.087 E2841.06219
G0 F9000 X61.32 Y111.087
G1 F2700 X61.32 Y108.913 E2841.11027
G0 F9000 X61.04 Y108.913
G1 F2700 X61.04 Y111.087 E2841.15836
G0 F9000 X60.76 Y111.087
G1 F2700 X60.76 Y108.913 E2841.20644
G0 F9000 X60.48 Y108.913
G1 F2700 X60.48 Y111.087 E2841.25453
G0 F9000 X60.48 Y111.375
;MESH:NONMESH
G0 F600 X60.48 Y111.375 Z14.28
G0 F9000 X60.16 Y111.278
G0 X60.16 Y108.722
G0 X60.661 Y108.5
;TIME_ELAPSED:2473.298473
;LAYER:70
;TYPE:WALL-INNER
;MESH:Horiz_1_edged.stl
G1 F3900 X60.661 Y111.5 E2841.37301
G1 X159.34 Y111.5 E2845.27048
G1 X159.34 Y108.499 E2845.38901
G1 X60.661 Y108.5 E2849.28648
G0 F9000 X60.161 Y108
G1 F3900 X60.161 Y112 E2849.44446
G1 X159.84 Y112 E2853.38142
G1 X159.84 Y107.999 E2853.53945
G1 X60.161 Y108 E2857.47641
G0 F9000 X59.685 Y107.54
;TYPE:WALL-OUTER
G1 F3000 X59.686 Y112.475 E2857.65184
G1 X160.315 Y112.475 E2861.22887
G1 X160.314 Y107.525 E2861.40483
G1 X59.714 Y107.525 E2864.98083
G1 X59.685 Y107.54 E2864.98199
G0 F9000 X59.685 Y107.74
G0 X60.355 Y108.195
G0 X63.238 Y108.722
G0 X63.311 Y109.385
G0 X63.209 Y109.385
;TYPE:FILL
G1 F3000 X65.582 Y108.749 E2865.20323
G0 F9000 X64.474 Y108.748
G1 F3000 X63.804 Y111.25 E2865.43648
G0 F9000 X74.663 Y108.75
G1 F3000 X77.162 Y111.249 E2865.75473
G0 F9000 X75.606 Y111.25
G1 F3000 X76.276 Y108.748 E2865.98798
G0 F9000 X87.408 Y111.25
G1 F3000 X88.078 Y108.749 E2866.22114
G0 F9000 X90.785 Y108.75
G1 F3000 X93.284 Y111.249 E2866.53939
G0 F9000 X99.21 Y111.25
G1 F3000 X99.881 Y108.748 E2866.77267
G0 F9000 X100.297 Y111.249
G1 F3000 X109.627 Y108.749 E2867.64249
G0 F9000 X111.683 Y108.749
G1 F3000 X111.013 Y111.25 E2867.87565
G0 F9000 X109.406 Y111.249
G1 F3000 X106.907 Y108.75 E2868.1939
G0 F9000 X122.815 Y111.25
G1 F3000 X123.485 Y108.748 E2868.42715
G0 F9000 X123.029 Y108.75
G1 F3000 X125.528 Y111.249 E2868.7454
G0 F9000 X134.617 Y111.25
G1 F3000 X135.287 Y108.748 E2868.97865
G0 F9000 X139.151 Y108.75
G1 F3000 X141.65 Y111.249 E2869.29691
G0 F9000 X144.343 Y111.249
G1 F3000 X153.673 Y108.749 E2870.16673
G0 F9000 X155.273 Y108.75
G1 F3000 X156.788 Y110.265 E2870.35967
G0 F9000 X156.689 Y110.264
G0 X147.089 Y108.749
G1 F3000 X146.419 Y111.25 E2870.59283
G0 F9000 X156.812 Y108.65
G0 X156.812 Y108.773
;TYPE:SKIN
G1 F2700 X156.813 Y111.227 E2870.64711
G1 X158.984 Y111.227 E2870.69513
G1 X158.983 Y108.772 E2870.74943
G1 X156.812 Y108.773 E2870.79744
G0 F9000 X156.952 Y108.92
G1 F2700 X158.844 Y108.92 E2870.83929
G0 F9000 X158.844 Y109.2
G1 F2700 X156.952 Y109.2 E2870.88114
G0 F9000 X156.952 Y109.48
G1 F2700 X158.844 Y109.48 E2870.92299
G0 F9000 X158.844 Y109.76
G1 F2700 X156.952 Y109.76 E2870.96483
G0 F9000 X156.952 Y110.04
G1 F2700 X158.844 Y110.04 E2871.00668
G0 F9000 X158.844 Y110.32
G1 F2700 X156.952 Y110.32 E2871.04853
G0 F9000 X156.952 Y110.6
G1 F2700 X158.844 Y110.6 E2871.09037
G0 F9000 X158.844 Y110.88
G1 F2700 X156.952 Y110.88 E2871.13222
G1 F2400 E2869.13222
G0 F9000 X156.689 Y110.88
G0 X61.016 Y108.65
G1 F1200 E2871.13222
G0 F9000 X61.016 Y108.773
G1 F2700 X61.017 Y111.227 E2871.1865
G1 X63.188 Y111.227 E2871.23452
G1 X63.187 Y108.773 E2871.28879
G1 X61.016 Y108.773 E2871.33681
G0 F9000 X61.155 Y108.92
G1 F2700 X63.047 Y108.92 E2871.37866
G0 F9000 X63.047 Y109.2
G1 F2700 X61.155 Y109.2 E2871.42051
G0 F9000 X61.155 Y109.48
G1 F2700 X63.047 Y109.48 E2871.46235
G0 F9000 X63.047 Y109.76
G1 F2700 X61.155 Y109.76 E2871.5042
G0 F9000 X61.155 Y110.04
G1 F2700 X63.047 Y110.04 E2871.54605
G0 F9000 X63.047 Y110.32
G1 F2700 X61.155 Y110.32 E2871.5879
G0 F9000 X61.155 Y110.6
G1 F2700 X63.047 Y110.6 E2871.62974
G0 F9000 X63.047 Y110.88
G1 F2700 X61.155 Y110.88 E2871.67159
G0 F9000 X60.786 Y110.881
G0 X60.356 Y111.805
G0 X59.844 Y112.317
;TYPE:SKIN
G1 F1451.6 X59.844 Y107.683 E2871.67637
G1 F2400 E2869.67637
G0 F9000 X60.355 Y108.195
G0 X159.644 Y108.195
G1 F1200 E2871.67637
G0 F9000 X160.156 Y107.683
G1 F1451.6 X160.156 Y112.317 E2871.68115
G1 F2400 E2869.68115
;MESH:NONMESH
G0 F600 X160.156 Y112.317 Z14.48
G0 F9000 X159.645 Y111.805
G0 X61.428 Y108.5
;TIME_ELAPSED:2496.024717
;LAYER:71
;TYPE:WALL-INNER
;MESH:Horiz_1_edged.stl
G1 F1200 E2871.68115
G1 F3900 X61.428 Y111.5 E2871.79964
G1 X158.573 Y111.5 E2875.63651
G1 X158.573 Y108.499 E2875.75504
G1 X61.428 Y108.5 E2879.59192
G0 F9000 X60.928 Y108
G1 F3900 X60.928 Y112 E2879.74991
G1 X159.073 Y112 E2883.62628
G1 X159.073 Y107.999 E2883.78431
G1 X60.928 Y108 E2887.66068
G0 F9000 X60.452 Y107.54
;TYPE:WALL-OUTER
G1 F3000 X60.453 Y112.475 E2887.83611
G1 X159.548 Y112.475 E2891.35861
G1 X159.547 Y107.525 E2891.53457
G1 X60.481 Y107.525 E2895.05605
G1 X60.452 Y107.54 E2895.05721
G0 F9000 X60.452 Y107.74
G0 X61.122 Y108.195
G0 X64.004 Y108.722
G0 X64.077 Y109.325
G0 X63.976 Y109.325
;TYPE:FILL
G1 F3000 X64.742 Y109.12 E2895.09291
G0 F9000 X64.328 Y108.749
G1 F3000 X63.976 Y110.064 E2895.1542
G1 F2400 E2893.1542
G0 F9000 X64.077 Y110.064
G0 X155.472 Y108.75
G1 F1200 E2895.1542
G1 F3000 X156.023 Y109.3 E2895.18926
G0 F9000 X156.046 Y108.773
;TYPE:SKIN
G1 F2700 X156.047 Y111.227 E2895.24354
G1 X158.217 Y111.227 E2895.29153
G1 X158.216 Y108.772 E2895.34583
G1 X156.046 Y108.773 E2895.39383
G0 F9000 X156.046 Y108.65
G0 X157.92 Y108.649
G0 X157.92 Y108.912
G1 F2700 X157.92 Y111.087 E2895.44193
G0 F9000 X157.64 Y111.087
G1 F2700 X157.64 Y108.912 E2895.49004
G0 F9000 X157.36 Y108.912
G1 F2700 X157.36 Y111.087 E2895.53815
G0 F9000 X157.08 Y111.087
G1 F2700 X157.08 Y108.912 E2895.58625
G0 F9000 X156.8 Y108.912
G1 F2700 X156.8 Y111.087 E2895.63436
G0 F9000 X156.52 Y111.087
G1 F2700 X156.52 Y108.912 E2895.68247
G0 F9000 X156.24 Y108.912
G1 F2700 X156.24 Y111.087 E2895.73057
G1 F2400 E2893.73057
G0 F9000 X156.24 Y111.35
G0 X61.783 Y108.65
G1 F1200 E2895.73057
G0 F9000 X61.783 Y108.773
G1 F2700 X61.784 Y111.227 E2895.78485
G1 X63.954 Y111.227 E2895.83285
G1 X63.953 Y108.773 E2895.88712
G1 X61.783 Y108.773 E2895.93512
G0 F9000 X61.783 Y108.65
G0 X63.56 Y108.65
G0 X63.56 Y108.913
G1 F2700 X63.56 Y111.087 E2895.98321
G0 F9000 X63.28 Y111.087
G1 F2700 X63.28 Y108.913 E2896.03129
G0 F9000 X63 Y108.913
G1 F2700 X63 Y111.087 E2896.07937
G0 F9000 X62.72 Y111.087
G1 F2700 X62.72 Y108.913 E2896.12746
G0 F9000 X62.44 Y108.913
G1 F2700 X62.44 Y111.087 E2896.17554
G0 F9000 X62.16 Y111.087
G1 F2700 X62.16 Y108.913 E2896.22363
G0 F9000 X62.16 Y108.625
G0 X61.122 Y108.195
G0 X60.61 Y107.683
;TYPE:SKIN
G1 F1463.4 X60.61 Y110 E2896.226
G1 F1475.4 X60.611 Y112.317 E2896.22835
G1 F2400 E2894.22835
G0 F9000 X61.123 Y111.805
G0 X158.878 Y111.805
G1 F1200 E2896.22835
G0 F9000 X159.39 Y112.317
G1 F1475.4 X159.39 Y110 E2896.2307
G1 F1463.4 X159.389 Y107.683 E2896.23307
G1 F2400 E2894.23307
;MESH:NONMESH
G0 F600 X159.389 Y107.683 Z14.68
G0 F9000 X158.877 Y108.195
G0 X62.194 Y108.5
;TIME_ELAPSED:2515.302761
;LAYER:72
;TYPE:WALL-INNER
;MESH:Horiz_1_edged.stl
G1 F1200 E2896.23307
G1 F3900 X62.194 Y111.5 E2896.35156
G1 X157.807 Y111.5 E2900.12793
G1 X157.807 Y108.499 E2900.24646
G1 X62.194 Y108.5 E2904.02283
G0 F9000 X61.694 Y108
G1 F3900 X61.694 Y112 E2904.18081
G1 X158.307 Y112 E2907.99668
G1 X158.307 Y107.999 E2908.1547
G1 X61.694 Y108 E2911.97057
G0 F9000 X61.218 Y107.54
;TYPE:WALL-OUTER
G1 F3000 X61.219 Y112.475 E2912.14599
G1 X158.782 Y112.475 E2915.61404
G1 X158.781 Y107.525 E2915.79
G1 X61.247 Y107.525 E2919.25702
G1 X61.218 Y107.54 E2919.25818
G0 F9000 X61.218 Y107.74
G0 X61.888 Y108.195
G0 X64.771 Y108.722
G0 X64.844 Y109.267
G0 X64.743 Y109.267
;TYPE:FILL
G1 F3000 X66.675 Y108.749 E2919.4383
G0 F9000 X75.063 Y108.75
G1 F3000 X77.562 Y111.249 E2919.75656
G0 F9000 X75.313 Y111.25
G1 F3000 X75.983 Y108.748 E2919.98981
G0 F9000 X87.115 Y111.249
G1 F3000 X87.785 Y108.749 E2920.22288
G0 F9000 X91.185 Y108.75
G1 F3000 X93.684 Y111.249 E2920.54113
G0 F9000 X98.918 Y111.249
G1 F3000 X99.588 Y108.748 E2920.7743
G0 F9000 X101.391 Y111.249
G1 F3000 X110.722 Y108.749 E2921.64421
G0 F9000 X111.39 Y108.749
G1 F3000 X110.72 Y111.25 E2921.87737
G0 F9000 X109.806 Y111.249
G1 F3000 X107.307 Y108.75 E2922.19562
G0 F9000 X122.522 Y111.249
G1 F3000 X123.192 Y108.749 E2922.42869
G1 X123.429 Y108.75
G1 X125.928 Y111.249 E2922.74695
G0 F9000 X134.324 Y111.249
G1 F3000 X134.994 Y108.748 E2922.98011
G0 F9000 X139.551 Y108.75
G1 F3000 X142.05 Y111.249 E2923.29836
G0 F9000 X145.438 Y111.249
G1 F3000 X154.769 Y108.749 E2924.16827
G0 F9000 X146.796 Y108.749
G1 F3000 X146.126 Y111.25 E2924.40143
G0 F9000 X155.279 Y108.65
G0 X155.279 Y108.773
;TYPE:SKIN
G1 F2700 X155.28 Y111.227 E2924.45571
G1 X157.451 Y111.227 E2924.50373
G1 X157.45 Y108.772 E2924.55803
G1 X155.279 Y108.773 E2924.60605
G0 F9000 X155.419 Y108.92
G1 F2700 X157.311 Y108.92 E2924.6479
G0 F9000 X157.311 Y109.2
G1 F2700 X155.419 Y109.2 E2924.68974
G0 F9000 X155.419 Y109.48
G1 F2700 X157.311 Y109.48 E2924.73159
G0 F9000 X157.311 Y109.76
G1 F2700 X155.419 Y109.76 E2924.77344
G0 F9000 X155.419 Y110.04
G1 F2700 X157.311 Y110.04 E2924.81528
G0 F9000 X157.311 Y110.32
G1 F2700 X155.419 Y110.32 E2924.85713
G0 F9000 X155.419 Y110.6
G1 F2700 X157.311 Y110.6 E2924.89898
G0 F9000 X157.311 Y110.88
G1 F2700 X155.419 Y110.88 E2924.94083
G1 F2400 E2922.94083
G0 F9000 X155.156 Y110.88
G0 X62.549 Y108.65
G1 F1200 E2924.94083
G0 F9000 X62.549 Y108.773
G1 F2700 X62.55 Y111.227 E2924.9951
G1 X64.721 Y111.227 E2925.04312
G1 X64.72 Y108.773 E2925.0974
G1 X62.549 Y108.773 E2925.14542
G0 F9000 X62.688 Y108.92
G1 F2700 X64.58 Y108.92 E2925.18726
G0 F9000 X64.58 Y109.2
G1 F2700 X62.688 Y109.2 E2925.22911
G0 F9000 X62.688 Y109.48
G1 F2700 X64.58 Y109.48 E2925.27096
G0 F9000 X64.58 Y109.76
G1 F2700 X62.688 Y109.76 E2925.31281
G0 F9000 X62.688 Y110.04
G1 F2700 X64.58 Y110.04 E2925.35465
G0 F9000 X64.58 Y110.32
G1 F2700 X62.688 Y110.32 E2925.3965
G0 F9000 X62.688 Y110.6
G1 F2700 X64.58 Y110.6 E2925.43835
G0 F9000 X64.58 Y110.88
G1 F2700 X62.688 Y110.88 E2925.4802
G0 F9000 X62.319 Y110.881
G0 X61.889 Y111.805
G0 X61.377 Y112.317
;TYPE:SKIN
G1 F1451.6 X61.377 Y107.683 E2925.48497
G1 F2400 E2923.48497
G0 F9000 X61.888 Y108.195
G0 X158.111 Y108.195
G1 F1200 E2925.48497
G0 F9000 X158.623 Y107.683
G1 F1451.6 X158.623 Y112.317 E2925.48975
G1 F2400 E2923.48975
;MESH:NONMESH
G0 F600 X158.623 Y112.317 Z14.88
G0 F9000 X158.112 Y111.805
G0 X62.961 Y108.5
;TIME_ELAPSED:2537.246166
;LAYER:73
;TYPE:WALL-INNER
;MESH:Horiz_1_edged.stl
G1 F1200 E2925.48975
G1 F3900 X62.961 Y111.5 E2925.60824
G1 X157.04 Y111.5 E2929.32402
G1 X157.04 Y108.499 E2929.44255
G1 X62.961 Y108.5 E2933.15833
G0 F9000 X62.461 Y108
G1 F3900 X62.461 Y112 E2933.31632
G1 X157.54 Y112 E2937.0716
G1 X157.54 Y107.999 E2937.22962
G1 X62.461 Y108 E2940.9849
G0 F9000 X61.985 Y107.54
;TYPE:WALL-OUTER
G1 F3000 X61.986 Y112.475 E2941.16033
G1 X158.015 Y112.475 E2944.57385
G1 X158.014 Y107.525 E2944.7498
G1 X62.014 Y107.525 E2948.16229
G1 X61.985 Y107.54 E2948.16346
G0 F9000 X61.985 Y107.74
G0 X62.655 Y108.195
G0 X65.537 Y108.722
G0 X65.61 Y109.208
G0 X65.509 Y109.208
;TYPE:FILL
G1 F3000 X66.275 Y109.002 E2948.19917
G1 F2400 E2946.19917
G0 F9000 X153.722 Y109.175
G1 F1200 E2948.19917
G1 F3000 X154.489 Y108.97 E2948.23492
G0 F9000 X154.513 Y108.773
;TYPE:SKIN
G1 F2700 X154.514 Y111.227 E2948.28919
G1 X156.684 Y111.227 E2948.33719
G1 X156.683 Y108.772 E2948.39149
G1 X154.513 Y108.773 E2948.43949
G0 F9000 X154.513 Y108.65
G0 X156.52 Y108.649
G0 X156.52 Y108.912
G1 F2700 X156.52 Y111.087 E2948.48759
G0 F9000 X156.24 Y111.087
G1 F2700 X156.24 Y108.912 E2948.5357
G0 F9000 X155.96 Y108.912
G1 F2700 X155.96 Y111.087 E2948.58381
G0 F9000 X155.68 Y111.087
G1 F2700 X155.68 Y108.912 E2948.63191
G0 F9000 X155.4 Y108.912
G1 F2700 X155.4 Y111.087 E2948.68002
G0 F9000 X155.12 Y111.087
G1 F2700 X155.12 Y108.912 E2948.72813
G0 F9000 X154.84 Y108.912
G1 F2700 X154.84 Y111.087 E2948.77623
G1 F2400 E2946.77623
G0 F9000 X154.84 Y111.35
G0 X63.316 Y108.65
G1 F1200 E2948.77623
G0 F9000 X63.316 Y108.773
G1 F2700 X63.316 Y109.858 E2948.80023
G1 X63.317 Y111.227 E2948.83051
G1 X65.487 Y111.227 E2948.87851
G1 X65.486 Y108.773 E2948.93278
G1 X63.316 Y108.773 E2948.98078
G0 F9000 X63.316 Y108.65
G0 X65.24 Y108.65
G0 X65.24 Y108.913
G1 F2700 X65.24 Y111.087 E2949.02886
G0 F9000 X64.96 Y111.087
G1 F2700 X64.96 Y108.913 E2949.07695
G0 F9000 X64.68 Y108.913
G1 F2700 X64.68 Y111.087 E2949.12503
G0 F9000 X64.4 Y111.087
G1 F2700 X64.4 Y108.913 E2949.17312
G0 F9000 X64.12 Y108.913
G1 F2700 X64.12 Y111.087 E2949.2212
G0 F9000 X63.84 Y111.087
G1 F2700 X63.84 Y108.913 E2949.26929
G0 F9000 X63.56 Y108.913
G1 F2700 X63.56 Y111.087 E2949.31737
G0 F9000 X63.56 Y111.375
G0 X62.656 Y111.805
G0 X62.144 Y112.317
;TYPE:SKIN
G1 F1475.4 X62.144 Y110 E2949.31972
G1 F1463.4 X62.143 Y107.683 E2949.32209
G1 F2400 E2947.32209
G0 F9000 X62.655 Y108.195
G0 X157.344 Y108.195
G1 F1200 E2949.32209
G0 F9000 X157.856 Y107.683
G1 F1463.4 X157.856 Y110 E2949.32446
G1 F1475.4 X157.857 Y112.317 E2949.32681
G1 F2400 E2947.32681
;MESH:NONMESH
G0 F600 X157.857 Y112.317 Z15.08
G0 F9000 X157.345 Y111.805
G0 X63.727 Y108.5
;TIME_ELAPSED:2556.110908
;LAYER:74
;TYPE:WALL-INNER
;MESH:Horiz_1_edged.stl
G1 F1200 E2949.32681
G1 F3900 X63.727 Y111.5 E2949.4453
G1 X156.274 Y111.5 E2953.10058
G1 X156.274 Y108.499 E2953.2191
G1 X63.727 Y108.5 E2956.87438
G0 F9000 X63.227 Y108
G1 F3900 X63.227 Y112 E2957.03236
G1 X156.774 Y112 E2960.72714
G1 X156.774 Y107.999 E2960.88516
G1 X63.227 Y108 E2964.57993
G0 F9000 X62.751 Y107.54
;TYPE:WALL-OUTER
G1 F3000 X62.752 Y112.475 E2964.75535
G1 X157.249 Y112.475 E2968.11442
G1 X157.248 Y107.525 E2968.29037
G1 X62.78 Y107.525 E2971.64841
G1 X62.751 Y107.54 E2971.64957
G0 F9000 X62.751 Y107.74
G0 X63.421 Y108.195
G0 X66.304 Y108.722
G0 X66.377 Y109.149
G0 X66.276 Y109.149
;TYPE:FILL
G1 F3000 X67.771 Y108.748 E2971.78895
G0 F9000 X75.02 Y111.249
G1 F3000 X75.69 Y108.748 E2972.02211
G1 X75.463 Y108.75
G1 X77.962 Y111.249 E2972.34037
G0 F9000 X86.822 Y111.25
G1 F3000 X87.493 Y108.748 E2972.57364
G0 F9000 X91.585 Y108.75
G1 F3000 X94.084 Y111.249 E2972.89189
G0 F9000 X98.625 Y111.249
G1 F3000 X99.295 Y108.748 E2973.12505
G0 F9000 X102.486 Y111.249
G1 F3000 X111.817 Y108.749 E2973.99496
G0 F9000 X111.097 Y108.748
G1 F3000 X110.427 Y111.249 E2974.22813
G1 X110.206 Y111.249
G1 X107.707 Y108.75 E2974.54638
G0 F9000 X122.229 Y111.25
G1 F3000 X122.899 Y108.748 E2974.77963
G0 F9000 X123.829 Y108.75
G1 F3000 X126.328 Y111.249 E2975.09788
G0 F9000 X134.031 Y111.249
G1 F3000 X134.701 Y108.748 E2975.33104
G0 F9000 X139.951 Y108.75
G1 F3000 X142.45 Y111.249 E2975.6493
G0 F9000 X145.833 Y111.25
G1 F3000 X146.503 Y108.748 E2975.88254
G0 F9000 X146.532 Y111.249
G1 F3000 X153.721 Y109.322 E2976.55278
G0 F9000 X153.746 Y108.773
;TYPE:SKIN
G1 F2700 X153.747 Y111.227 E2976.60706
G1 X155.918 Y111.227 E2976.65508
G1 X155.917 Y108.772 E2976.70938
G1 X153.746 Y108.773 E2976.75739
G0 F9000 X153.886 Y108.92
G1 F2700 X155.778 Y108.92 E2976.79924
G0 F9000 X155.778 Y109.2
G1 F2700 X153.886 Y109.2 E2976.84109
G0 F9000 X153.886 Y109.48
G1 F2700 X155.778 Y109.48 E2976.88294
G0 F9000 X155.778 Y109.76
G1 F2700 X153.886 Y109.76 E2976.92478
G0 F9000 X153.886 Y110.04
G1 F2700 X155.778 Y110.04 E2976.96663
G0 F9000 X155.778 Y110.32
G1 F2700 X153.886 Y110.32 E2977.00848
G0 F9000 X153.886 Y110.6
G1 F2700 X155.778 Y110.6 E2977.05033
G0 F9000 X155.778 Y110.88
G1 F2700 X153.886 Y110.88 E2977.09217
G1 F2400 E2975.09217
G0 F9000 X153.623 Y110.88
G0 X64.082 Y108.65
G1 F1200 E2977.09217
G0 F9000 X64.082 Y108.773
G1 F2700 X64.083 Y111.227 E2977.14645
G1 X66.254 Y111.227 E2977.19447
G1 X66.253 Y108.773 E2977.24875
G1 X64.082 Y108.773 E2977.29676
G0 F9000 X64.221 Y108.92
G1 F2700 X66.114 Y108.92 E2977.33863
G0 F9000 X66.114 Y109.2
G1 F2700 X64.221 Y109.2 E2977.3805
G0 F9000 X64.221 Y109.48
G1 F2700 X66.114 Y109.48 E2977.42237
G0 F9000 X66.114 Y109.76
G1 F2700 X64.221 Y109.76 E2977.46424
G0 F9000 X64.221 Y110.04
G1 F2700 X66.114 Y110.04 E2977.50611
G0 F9000 X66.114 Y110.32
G1 F2700 X64.221 Y110.32 E2977.54798
G0 F9000 X64.221 Y110.6
G1 F2700 X66.114 Y110.6 E2977.58985
G0 F9000 X66.114 Y110.88
G1 F2700 X64.221 Y110.88 E2977.63172
G0 F9000 X63.852 Y110.881
G0 X63.422 Y111.805
G0 X62.91 Y112.317
;TYPE:SKIN
G1 F1451.6 X62.91 Y107.683 E2977.6365
G1 F2400 E2975.6365
G0 F9000 X63.421 Y108.195
G0 X156.578 Y108.195
G1 F1200 E2977.6365
G0 F9000 X157.09 Y107.683
G1 F1451.6 X157.09 Y112.317 E2977.64127
G1 F2400 E2975.64127
;MESH:NONMESH
G0 F600 X157.09 Y112.317 Z15.28
G0 F9000 X156.579 Y111.805
G0 X64.494 Y108.5
;TIME_ELAPSED:2577.222204
;LAYER:75
;TYPE:WALL-INNER
;MESH:Horiz_1_edged.stl
G1 F1200 E2977.64127
G1 F3900 X64.494 Y111.5 E2977.75976
G1 X155.507 Y111.5 E2981.35445
G1 X155.507 Y108.499 E2981.47298
G1 X64.494 Y108.5 E2985.06767
G0 F9000 X63.994 Y108
G1 F3900 X63.994 Y112 E2985.22565
G1 X156.007 Y112 E2988.85983
G1 X156.007 Y107.999 E2989.01786
G1 X63.994 Y108 E2992.65204
G0 F9000 X63.518 Y107.54
;TYPE:WALL-OUTER
G1 F3000 X63.519 Y112.475 E2992.82747
G1 X156.482 Y112.475 E2996.132
G1 X156.481 Y107.525 E2996.30796
G1 X63.547 Y107.525 E2999.61146
G1 X63.518 Y107.54 E2999.61262
G0 F9000 X63.518 Y107.74
G0 X64.188 Y108.195
G0 X67.124 Y108.722
G0 X67.197 Y109.075
G0 X67.096 Y109.075
;TYPE:FILL
G1 F3000 X67.983 Y108.838 E2999.65396
G1 F2400 E2997.65396
G0 F9000 X152.013 Y109.926
G1 F1200 E2999.65396
G1 F3000 X152.902 Y109.688 E2999.6954
G0 F9000 X152.926 Y108.773
;TYPE:SKIN
G1 F2700 X152.926 Y109.884 E2999.71997
G1 X152.927 Y111.227 E2999.74968
G1 X155.151 Y111.227 E2999.79887
G1 X155.15 Y108.772 E2999.85317
G1 X152.926 Y108.773 E2999.90236
G0 F9000 X152.926 Y108.65
G0 X154.84 Y108.649
G0 X154.84 Y108.912
G1 F2700 X154.84 Y111.087 E2999.95046
G0 F9000 X154.56 Y111.087
G1 F2700 X154.56 Y108.912 E2999.99857
G0 F9000 X154.28 Y108.912
G1 F2700 X154.28 Y111.087 E3000.04668
G0 F9000 X154 Y111.087
G1 F2700 X154 Y108.912 E3000.09478
G0 F9000 X153.72 Y108.912
G1 F2700 X153.72 Y111.087 E3000.14289
G0 F9000 X153.44 Y111.087
G1 F2700 X153.44 Y108.912 E3000.191
G0 F9000 X153.16 Y108.912
G1 F2700 X153.16 Y111.087 E3000.2391
G1 F2400 E2998.2391
G0 F9000 X153.16 Y111.35
G0 X64.849 Y108.65
G1 F1200 E3000.2391
G0 F9000 X64.849 Y108.773
G1 F2700 X64.85 Y111.227 E3000.29338
G1 X67.074 Y111.227 E3000.34257
G1 X67.073 Y108.773 E3000.39685
G1 X64.849 Y108.773 E3000.44604
G0 F9000 X64.849 Y108.65
G0 X66.92 Y108.65
G0 X66.92 Y108.913
G1 F2700 X66.92 Y111.087 E3000.49412
G0 F9000 X66.64 Y111.087
G1 F2700 X66.64 Y108.913 E3000.54221
G0 F9000 X66.36 Y108.913
G1 F2700 X66.36 Y111.087 E3000.59029
G0 F9000 X66.08 Y111.087
G1 F2700 X66.08 Y108.913 E3000.63838
G0 F9000 X65.8 Y108.913
G1 F2700 X65.8 Y111.087 E3000.68646
G0 F9000 X65.52 Y111.087
G1 F2700 X65.52 Y108.913 E3000.73455
G0 F9000 X65.24 Y108.913
G1 F2700 X65.24 Y111.087 E3000.78263
G0 F9000 X65.24 Y111.375
G0 X64.189 Y111.805
G0 X63.677 Y112.317
;TYPE:SKIN
G1 F1475.4 X63.677 Y110 E3000.78498
G1 F1463.4 X63.676 Y107.683 E3000.78735
G1 F2400 E2998.78735
G0 F9000 X64.188 Y108.195
G0 X155.811 Y108.195
G1 F1200 E3000.78735
G0 F9000 X156.323 Y107.683
G1 F1463.4 X156.323 Y110 E3000.78972
G1 F1475.4 X156.324 Y112.317 E3000.79207
G1 F2400 E2998.79207
;MESH:NONMESH
G0 F600 X156.324 Y112.317 Z15.48
G0 F9000 X155.812 Y111.805
G0 X65.26 Y108.5
;TIME_ELAPSED:2595.737677
;LAYER:76
;TYPE:WALL-INNER
;MESH:Horiz_1_edged.stl
G1 F1200 E3000.79207
G1 F3900 X65.26 Y111.5 E3000.91056
G1 X154.741 Y111.5 E3004.44474
G1 X154.741 Y108.499 E3004.56327
G1 X65.26 Y108.5 E3008.09744
G0 F9000 X64.76 Y108
G1 F3900 X64.76 Y112 E3008.25543
G1 X155.241 Y112 E3011.82911
G1 X155.241 Y107.999 E3011.98713
G1 X64.76 Y108 E3015.56081
G0 F9000 X64.284 Y107.54
;TYPE:WALL-OUTER
G1 F3000 X64.285 Y112.475 E3015.73623
G1 X155.716 Y112.475 E3018.98631
G1 X155.715 Y107.525 E3019.16226
G1 X64.313 Y107.525 E3022.41131
G1 X64.284 Y107.54 E3022.41247
G0 F9000 X64.284 Y107.74
G0 X64.954 Y108.195
G0 X68.013 Y108.722
G0 X68.086 Y108.984
G0 X67.984 Y108.984
;TYPE:FILL
G1 F3000 X68.861 Y108.749 E3022.49423
G0 F9000 X74.727 Y111.25
G1 F3000 X75.397 Y108.748 E3022.72748
G0 F9000 X75.863 Y108.749
G1 F3000 X78.362 Y111.249 E3023.0458
G0 F9000 X86.529 Y111.25
G1 F3000 X87.2 Y108.748 E3023.27907
G0 F9000 X91.985 Y108.749
G1 F3000 X94.485 Y111.249 E3023.59745
G0 F9000 X98.331 Y111.249
G1 F3000 X99.002 Y108.749 E3023.83055
G0 F9000 X103.577 Y111.249
G1 F3000 X112.908 Y108.749 E3024.70046
G0 F9000 X110.804 Y108.748
G1 F3000 X110.134 Y111.249 E3024.93362
G0 F9000 X110.607 Y111.249
G1 F3000 X108.107 Y108.749 E3025.252
G0 F9000 X121.936 Y111.25
G1 F3000 X122.606 Y108.749 E3025.48516
G0 F9000 X124.229 Y108.749
G1 F3000 X126.729 Y111.249 E3025.80354
G0 F9000 X133.738 Y111.249
G1 F3000 X134.408 Y108.749 E3026.03661
G0 F9000 X140.351 Y108.749
G1 F3000 X142.851 Y111.249 E3026.355
G0 F9000 X145.54 Y111.249
G1 F3000 X146.21 Y108.748 E3026.58816
G0 F9000 X147.624 Y111.249
G1 F3000 X152.012 Y110.073 E3026.99725
G0 F9000 X151.914 Y110.072
G0 X151.987 Y111.278
G0 X154.519 Y111.278
G0 X154.422 Y111.181
;TYPE:SKIN
G1 F2223.5 X154.422 Y108.818 E3027.06071
G0 F9000 X154.422 Y108.649
G0 X152.037 Y108.65
G0 X152.037 Y108.773
G1 F2700 X152.038 Y111.227 E3027.11499
G1 X154.331 Y111.227 E3027.16571
G1 X154.33 Y108.772 E3027.22001
G1 X152.037 Y108.773 E3027.27072
G0 F9000 X152.177 Y108.92
G1 F2700 X154.191 Y108.92 E3027.31527
G0 F9000 X154.191 Y109.2
G1 F2700 X152.177 Y109.2 E3027.35982
G0 F9000 X152.177 Y109.48
G1 F2700 X154.191 Y109.48 E3027.40436
G0 F9000 X154.191 Y109.76
G1 F2700 X152.177 Y109.76 E3027.44891
G0 F9000 X152.177 Y110.04
G1 F2700 X154.191 Y110.04 E3027.49345
G0 F9000 X154.191 Y110.32
G1 F2700 X152.177 Y110.32 E3027.538
G0 F9000 X152.177 Y110.6
G1 F2700 X154.191 Y110.6 E3027.58254
G0 F9000 X154.191 Y110.88
G1 F2700 X152.177 Y110.88 E3027.62709
G1 F2400 E3025.62709
G0 F9000 X151.914 Y110.88
G0 X65.482 Y111.278
G1 F1200 E3027.62709
G0 F9000 X65.578 Y111.182
G1 F2223.5 X65.578 Y108.818 E3027.69058
G0 F9000 X65.669 Y108.773
G1 F2700 X65.67 Y111.227 E3027.74486
G1 X67.963 Y111.227 E3027.79557
G1 X67.962 Y108.773 E3027.84985
G1 X65.669 Y108.773 E3027.90057
G0 F9000 X65.809 Y108.92
G1 F2700 X67.823 Y108.92 E3027.94511
G0 F9000 X67.823 Y109.2
G1 F2700 X65.809 Y109.2 E3027.98966
G0 F9000 X65.809 Y109.48
G1 F2700 X67.823 Y109.48 E3028.03421
G0 F9000 X67.823 Y109.76
G1 F2700 X65.809 Y109.76 E3028.07875
G0 F9000 X65.809 Y110.04
G1 F2700 X67.823 Y110.04 E3028.1233
G0 F9000 X67.823 Y110.32
G1 F2700 X65.809 Y110.32 E3028.16784
G0 F9000 X65.809 Y110.6
G1 F2700 X67.823 Y110.6 E3028.21239
G0 F9000 X67.823 Y110.88
G1 F2700 X65.809 Y110.88 E3028.25693
G0 F9000 X65.385 Y110.881
G0 X64.955 Y111.805
G0 X64.443 Y112.317
;TYPE:SKIN
G1 F1451.6 X64.443 Y107.683 E3028.26171
G1 F2400 E3026.26171
G0 F9000 X64.954 Y108.195
G0 X155.045 Y108.195
G1 F1200 E3028.26171
G0 F9000 X155.557 Y107.683
G1 F1451.6 X155.557 Y112.317 E3028.26649
G1 F2400 E3026.26649
;MESH:NONMESH
G0 F600 X155.557 Y112.317 Z15.68
G0 F9000 X155.046 Y111.805
G0 X66.027 Y108.5
;TIME_ELAPSED:2617.044166
;LAYER:77
;TYPE:WALL-INNER
;MESH:Horiz_1_edged.stl
G1 F1200 E3028.26649
G1 F3900 X66.027 Y111.5 E3028.38498
G1 X153.974 Y111.5 E3031.85857
G1 X153.974 Y108.499 E3031.9771
G1 X66.027 Y108.5 E3035.45069
G0 F9000 X65.527 Y108
G1 F3900 X65.527 Y112 E3035.60867
G1 X154.474 Y112 E3039.12176
G1 X154.474 Y107.999 E3039.27979
G1 X65.527 Y108 E3042.79287
G0 F9000 X65.051 Y107.54
;TYPE:WALL-OUTER
G1 F3000 X65.052 Y112.475 E3042.9683
G1 X154.949 Y112.475 E3046.16385
G1 X154.948 Y107.525 E3046.3398
G1 X65.08 Y107.525 E3049.53432
G1 X65.051 Y107.54 E3049.53548
G0 F9000 X65.051 Y107.74
G0 X65.721 Y108.195
G0 X68.903 Y108.722
G0 X68.875 Y108.892
;TYPE:FILL
G1 F3000 X69.408 Y108.749 E3049.56033
G1 F2400 E3047.56033
G0 F9000 X150.236 Y110.695
G1 F1200 E3049.56033
G1 F3000 X151.123 Y110.458 E3049.60167
G0 F9000 X151.025 Y110.458
G0 X151.097 Y111.278
G0 X153.752 Y111.278
G0 X153.594 Y111.12
;TYPE:SKIN
G1 F2223.5 X153.594 Y108.879 E3049.66185
G0 F9000 X153.594 Y108.649
G0 X151.148 Y108.65
G0 X151.148 Y108.773
G1 F2700 X151.148 Y111.227 E3049.71613
G1 X153.442 Y111.227 E3049.76687
G1 X153.441 Y108.772 E3049.82117
G1 X151.148 Y108.773 E3049.87189
G0 F9000 X151.148 Y108.65
G0 X153.16 Y108.649
G0 X153.16 Y108.912
G1 F2700 X153.16 Y111.087 E3049.91999
G0 F9000 X152.88 Y111.087
G1 F2700 X152.88 Y108.912 E3049.9681
G0 F9000 X152.6 Y108.912
G1 F2700 X152.6 Y111.087 E3050.01621
G0 F9000 X152.32 Y111.087
G1 F2700 X152.32 Y108.912 E3050.06431
G0 F9000 X152.04 Y108.912
G1 F2700 X152.04 Y111.087 E3050.11242
G0 F9000 X151.76 Y111.087
G1 F2700 X151.76 Y108.912 E3050.16053
G0 F9000 X151.48 Y108.912
G1 F2700 X151.48 Y111.087 E3050.20863
G1 F2400 E3048.20863
G0 F9000 X151.48 Y111.35
G0 X66.249 Y111.278
G1 F1200 E3050.20863
G0 F9000 X66.406 Y111.121
G1 F2223.5 X66.406 Y108.879 E3050.26885
G0 F9000 X66.558 Y108.773
G1 F2700 X66.558 Y109.92 E3050.29422
G1 X66.559 Y111.227 E3050.32312
G1 X68.852 Y111.227 E3050.37384
G1 X68.852 Y108.773 E3050.42812
G1 X66.558 Y108.773 E3050.47886
G0 F9000 X66.558 Y108.65
G0 X68.6 Y108.65
G0 X68.6 Y108.913
G1 F2700 X68.6 Y111.087 E3050.52694
G0 F9000 X68.32 Y111.087
G1 F2700 X68.32 Y108.913 E3050.57503
G0 F9000 X68.04 Y108.913
G1 F2700 X68.04 Y111.087 E3050.62311
G0 F9000 X67.76 Y111.087
G1 F2700 X67.76 Y108.913 E3050.6712
G0 F9000 X67.48 Y108.913
G1 F2700 X67.48 Y111.087 E3050.71928
G0 F9000 X67.2 Y111.087
G1 F2700 X67.2 Y108.913 E3050.76736
G0 F9000 X66.92 Y108.913
G1 F2700 X66.92 Y111.087 E3050.81545
G0 F9000 X66.92 Y111.375
G0 X65.722 Y111.805
G0 X65.325 Y112.378
G0 X65.197 Y112.3
;TYPE:SKIN
G1 F1800 X65.274 Y112.3 E3050.81551
G1 X65.274 Y112.2 E3050.8156
G1 X65.197 Y112.2 E3050.81566
G1 X65.197 Y112.1 E3050.81574
G1 X65.274 Y112.1 E3050.81581
G1 X65.274 Y112 E3050.81589
G1 X65.197 Y112 E3050.81595
G1 X65.197 Y111.9 E3050.81604
G1 X65.274 Y111.9 E3050.8161
G1 X65.274 Y111.8 E3050.81619
G1 X65.197 Y111.8 E3050.81625
G1 X65.197 Y111.7 E3050.81633
G1 X65.274 Y111.7 E3050.8164
G1 X65.274 Y111.6 E3050.81648
G1 X65.197 Y111.6 E3050.81654
G1 X65.197 Y111.5 E3050.81663
G1 X65.274 Y111.5 E3050.81669
G1 X65.274 Y111.4 E3050.81677
G1 X65.197 Y111.4 E3050.81684
G1 X65.197 Y111.3 E3050.81692
G1 X65.274 Y111.3 E3050.81699
G1 X65.274 Y111.2 E3050.81707
G1 X65.197 Y111.2 E3050.81713
G1 X65.197 Y111.1 E3050.81722
G1 X65.274 Y111.1 E3050.81728
G1 X65.274 Y111 E3050.81736
G1 X65.197 Y111 E3050.81743
G1 X65.197 Y110.9 E3050.81751
G1 X65.274 Y110.9 E3050.81757
G1 X65.274 Y110.8 E3050.81766
G1 X65.197 Y110.8 E3050.81772
G1 X65.197 Y110.7 E3050.8178
G1 X65.274 Y110.7 E3050.81787
G1 X65.274 Y110.6 E3050.81795
G1 X65.197 Y110.6 E3050.81802
G1 X65.197 Y110.5 E3050.8181
G1 X65.274 Y110.5 E3050.81816
G1 X65.274 Y110.4 E3050.81825
G1 X65.197 Y110.4 E3050.81831
G1 X65.197 Y110.3 E3050.81839
G1 X65.274 Y110.3 E3050.81846
G1 X65.274 Y110.2 E3050.81854
G1 X65.197 Y110.2 E3050.8186
G1 X65.197 Y110.1 E3050.81869
G1 X65.274 Y110.1 E3050.81875
G1 X65.274 Y110 E3050.81883
G1 X65.197 Y110 E3050.8189
G1 X65.197 Y109.9 E3050.81898
G1 X65.274 Y109.9 E3050.81905
G1 X65.274 Y109.8 E3050.81913
G1 X65.197 Y109.8 E3050.81919
G1 X65.197 Y109.7 E3050.81928
G1 X65.274 Y109.7 E3050.81934
G1 X65.274 Y109.6 E3050.81942
G1 X65.197 Y109.6 E3050.81949
G1 X65.197 Y109.5 E3050.81957
G1 X65.274 Y109.5 E3050.81963
G1 X65.274 Y109.4 E3050.81972
G1 X65.197 Y109.4 E3050.81978
G1 X65.197 Y109.3 E3050.81986
G1 X65.274 Y109.3 E3050.81993
G1 X65.274 Y109.2 E3050.82001
G1 X65.197 Y109.2 E3050.82008
G1 X65.197 Y109.1 E3050.82016
G1 X65.274 Y109.1 E3050.82022
G1 X65.274 Y109 E3050.82031
G1 X65.197 Y109 E3050.82037
G1 X65.197 Y108.9 E3050.82045
G1 X65.274 Y108.9 E3050.82052
G1 X65.274 Y108.8 E3050.8206
G1 X65.197 Y108.8 E3050.82066
G1 X65.197 Y108.7 E3050.82075
G1 X65.274 Y108.7 E3050.82081
G1 X65.274 Y108.6 E3050.82089
G1 X65.197 Y108.6 E3050.82096
G1 X65.197 Y108.5 E3050.82104
G1 X65.274 Y108.5 E3050.82111
G1 X65.274 Y108.4 E3050.82119
G1 X65.197 Y108.4 E3050.82125
G1 X65.197 Y108.3 E3050.82134
G1 X65.274 Y108.3 E3050.8214
G1 X65.274 Y108.2 E3050.82148
G1 X65.197 Y108.2 E3050.82155
G1 X65.197 Y108.1 E3050.82163
G1 X65.274 Y108.1 E3050.82169
G1 X65.274 Y108 E3050.82178
G1 X65.197 Y108 E3050.82184
G1 X65.197 Y107.9 E3050.82193
G1 X65.274 Y107.9 E3050.82199
G1 X65.274 Y107.8 E3050.82207
G1 X65.197 Y107.8 E3050.82214
G1 X65.197 Y107.7 E3050.82222
G1 X65.274 Y107.7 E3050.82228
G1 F2400 E3048.82228
G0 F9000 X65.721 Y108.195
G0 X154.278 Y108.195
G1 F1200 E3050.82228
G0 F9000 X154.802 Y107.7
G1 F1800 X154.725 Y107.7 E3050.82235
G1 X154.725 Y107.8 E3050.82243
G1 X154.802 Y107.8 E3050.82249
G1 X154.802 Y107.9 E3050.82258
G1 X154.725 Y107.9 E3050.82264
G1 X154.725 Y108 E3050.82272
G1 X154.802 Y108 E3050.82279
G1 X154.802 Y108.1 E3050.82287
G1 X154.725 Y108.1 E3050.82294
G1 X154.725 Y108.2 E3050.82302
G1 X154.802 Y108.2 E3050.82308
G1 X154.802 Y108.3 E3050.82317
G1 X154.725 Y108.3 E3050.82323
G1 X154.725 Y108.4 E3050.82331
G1 X154.802 Y108.4 E3050.82338
G1 X154.802 Y108.5 E3050.82346
G1 X154.725 Y108.5 E3050.82352
G1 X154.725 Y108.6 E3050.82361
G1 X154.802 Y108.6 E3050.82367
G1 X154.802 Y108.7 E3050.82376
G1 X154.725 Y108.7 E3050.82382
G1 X154.725 Y108.8 E3050.8239
G1 X154.802 Y108.8 E3050.82397
G1 X154.802 Y108.9 E3050.82405
G1 X154.725 Y108.9 E3050.82411
G1 X154.725 Y109 E3050.8242
G1 X154.802 Y109 E3050.82426
G1 X154.802 Y109.1 E3050.82434
G1 X154.725 Y109.1 E3050.82441
G1 X154.725 Y109.2 E3050.82449
G1 X154.802 Y109.2 E3050.82456
G1 X154.802 Y109.3 E3050.82464
G1 X154.725 Y109.3 E3050.8247
G1 X154.725 Y109.4 E3050.82479
G1 X154.802 Y109.4 E3050.82485
G1 X154.802 Y109.5 E3050.82493
G1 X154.725 Y109.5 E3050.825
G1 X154.725 Y109.6 E3050.82508
G1 X154.802 Y109.6 E3050.82514
G1 X154.802 Y109.7 E3050.82523
G1 X154.725 Y109.7 E3050.82529
G1 X154.725 Y109.8 E3050.82537
G1 X154.802 Y109.8 E3050.82544
G1 X154.802 Y109.9 E3050.82552
G1 X154.725 Y109.9 E3050.82559
G1 X154.725 Y110 E3050.82567
G1 X154.802 Y110 E3050.82573
G1 X154.802 Y110.1 E3050.82582
G1 X154.725 Y110.1 E3050.82588
G1 X154.725 Y110.2 E3050.82596
G1 X154.802 Y110.2 E3050.82603
G1 X154.802 Y110.3 E3050.82611
G1 X154.725 Y110.3 E3050.82617
G1 X154.725 Y110.4 E3050.82626
G1 X154.802 Y110.4 E3050.82632
G1 X154.802 Y110.5 E3050.8264
G1 X154.725 Y110.5 E3050.82647
G1 X154.725 Y110.6 E3050.82655
G1 X154.802 Y110.6 E3050.82662
G1 X154.802 Y110.7 E3050.8267
G1 X154.725 Y110.7 E3050.82676
G1 X154.725 Y110.8 E3050.82685
G1 X154.802 Y110.8 E3050.82691
G1 X154.802 Y110.9 E3050.82699
G1 X154.725 Y110.9 E3050.82706
G1 X154.725 Y111 E3050.82714
G1 X154.802 Y111 E3050.8272
G1 X154.802 Y111.1 E3050.82729
G1 X154.725 Y111.1 E3050.82735
G1 X154.725 Y111.2 E3050.82743
G1 X154.802 Y111.2 E3050.8275
G1 X154.802 Y111.3 E3050.82758
G1 X154.725 Y111.3 E3050.82765
G1 X154.725 Y111.4 E3050.82773
G1 X154.802 Y111.4 E3050.82779
G1 X154.802 Y111.5 E3050.82788
G1 X154.725 Y111.5 E3050.82794
G1 X154.725 Y111.6 E3050.82802
G1 X154.802 Y111.6 E3050.82809
G1 X154.802 Y111.7 E3050.82817
G1 X154.725 Y111.7 E3050.82823
G1 X154.725 Y111.8 E3050.82832
G1 X154.802 Y111.8 E3050.82838
G1 X154.802 Y111.9 E3050.82846
G1 X154.725 Y111.9 E3050.82853
G1 X154.725 Y112 E3050.82861
G1 X154.802 Y112 E3050.82868
G1 X154.802 Y112.1 E3050.82876
G1 X154.725 Y112.1 E3050.82882
G1 X154.725 Y112.2 E3050.82891
G1 X154.802 Y112.2 E3050.82897
G1 X154.802 Y112.3 E3050.82905
G1 X154.725 Y112.3 E3050.82912
G1 F2400 E3048.82912
;MESH:NONMESH
G0 F600 X154.725 Y112.3 Z15.88
G0 F9000 X154.279 Y111.805
G0 X66.847 Y108.5
;TIME_ELAPSED:2636.305576
;LAYER:78
;TYPE:WALL-INNER
;MESH:Horiz_1_edged.stl
G1 F1200 E3050.82912
G1 F3900 X66.847 Y111.5 E3050.94761
G1 X153.154 Y111.5 E3054.35642
G1 X153.154 Y108.499 E3054.47495
G1 X66.847 Y108.5 E3057.88377
G0 F9000 X66.347 Y108
G1 F3900 X66.347 Y112 E3058.04175
G1 X153.654 Y112 E3061.49007
G1 X153.654 Y107.999 E3061.64809
G1 X66.347 Y108 E3065.09641
G0 F9000 X65.871 Y107.54
;TYPE:WALL-OUTER
G1 F3000 X65.872 Y112.475 E3065.27183
G1 X154.129 Y112.475 E3068.40908
G1 X154.128 Y107.525 E3068.58504
G1 X65.9 Y107.525 E3071.72126
G1 X65.871 Y107.54 E3071.72242
G0 F9000 X65.871 Y107.74
G0 X66.541 Y108.195
G0 X69.792 Y108.722
G0 X69.763 Y108.8
;TYPE:FILL
G1 F3000 X69.953 Y108.749 E3071.74013
G0 F9000 X74.435 Y111.25
G1 F3000 X75.105 Y108.749 E3071.97329
G0 F9000 X76.262 Y108.75
G1 F3000 X78.761 Y111.249 E3072.29155
G0 F9000 X86.237 Y111.249
G1 F3000 X86.908 Y108.748 E3072.52473
G0 F9000 X92.384 Y108.75
G1 F3000 X94.883 Y111.249 E3072.84299
G0 F9000 X98.04 Y111.249
G1 F3000 X98.71 Y108.748 E3073.07615
G0 F9000 X104.668 Y111.249
G1 F3000 X113.998 Y108.749 E3073.94597
G0 F9000 X110.512 Y108.749
G1 F3000 X109.842 Y111.249 E3074.17904
G0 F9000 X111.005 Y111.249
G1 F3000 X108.506 Y108.75 E3074.4973
G0 F9000 X121.644 Y111.249
G1 F3000 X122.314 Y108.748 E3074.73046
G0 F9000 X124.628 Y108.75
G1 F3000 X127.127 Y111.249 E3075.04871
G0 F9000 X133.446 Y111.25
G1 F3000 X134.116 Y108.748 E3075.28196
G0 F9000 X140.751 Y108.75
G1 F3000 X143.249 Y111.249 E3075.60015
G0 F9000 X145.248 Y111.249
G1 F3000 X145.918 Y108.749 E3075.83323
G0 F9000 X148.712 Y111.25
G1 F3000 X150.235 Y110.842 E3075.97521
G0 F9000 X150.135 Y110.841
G0 X150.208 Y111.278
G0 X152.932 Y111.278
G0 X152.74 Y111.086
;TYPE:SKIN
G1 F2304.9 X152.74 Y108.914 E3076.03149
G0 F9000 X153.004 Y108.914
G0 X150.258 Y108.65
G0 X150.258 Y108.773
G1 F2700 X150.259 Y111.227 E3076.08576
G1 X152.552 Y111.227 E3076.13648
G1 X152.552 Y108.772 E3076.19078
G1 X150.258 Y108.773 E3076.24152
G0 F9000 X150.398 Y108.92
G1 F2700 X152.412 Y108.92 E3076.28607
G0 F9000 X152.412 Y109.2
G1 F2700 X150.398 Y109.2 E3076.33061
G0 F9000 X150.398 Y109.48
G1 F2700 X152.412 Y109.48 E3076.37516
G0 F9000 X152.412 Y109.76
G1 F2700 X150.398 Y109.76 E3076.4197
G0 F9000 X150.398 Y110.04
G1 F2700 X152.412 Y110.04 E3076.46425
G0 F9000 X152.412 Y110.32
G1 F2700 X150.398 Y110.32 E3076.50879
G0 F9000 X150.398 Y110.6
G1 F2700 X152.412 Y110.6 E3076.55334
G0 F9000 X152.412 Y110.88
G1 F2700 X150.398 Y110.88 E3076.59788
G1 F2400 E3074.59788
G0 F9000 X150.135 Y110.88
G0 X67.069 Y111.278
G1 F1200 E3076.59788
G0 F9000 X67.261 Y111.086
G1 F2304.9 X67.261 Y108.914 E3076.65416
G0 F9000 X67.448 Y108.773
G1 F2700 X67.448 Y111.227 E3076.70844
G1 X69.742 Y111.227 E3076.75918
G1 X69.741 Y108.773 E3076.81345
G1 X67.448 Y108.773 E3076.86417
G0 F9000 X67.588 Y108.92
G1 F2700 X69.602 Y108.92 E3076.90872
G0 F9000 X69.602 Y109.2
G1 F2700 X67.588 Y109.2 E3076.95326
G0 F9000 X67.588 Y109.48
G1 F2700 X69.602 Y109.48 E3076.99781
G0 F9000 X69.602 Y109.76
G1 F2700 X67.588 Y109.76 E3077.04235
G0 F9000 X67.588 Y110.04
G1 F2700 X69.602 Y110.04 E3077.0869
G0 F9000 X69.602 Y110.32
G1 F2700 X67.588 Y110.32 E3077.13144
G0 F9000 X67.588 Y110.6
G1 F2700 X69.602 Y110.6 E3077.17599
G0 F9000 X69.602 Y110.88
G1 F2700 X67.588 Y110.88 E3077.22054
G0 F9000 X67.588 Y111.375
G0 X67.069 Y111.278
G0 X66.541 Y108.195
G0 X65.968 Y107.622
G0 X66.099 Y107.671
;TYPE:SKIN
G1 F1800 X66.099 Y112.327 E3077.22441
G1 F2400 E3075.22441
G0 F9000 X66.542 Y111.805
G0 X153.459 Y111.805
G1 F1200 E3077.22441
G0 F9000 X153.9 Y112.327
G1 F1800 X153.9 Y107.671 E3077.22828
G1 F2400 E3075.22828
;MESH:NONMESH
G0 F600 X153.9 Y107.671 Z16.08
G0 F9000 X153.458 Y108.195
G0 X67.736 Y108.5
;TIME_ELAPSED:2657.276168
;LAYER:79
;TYPE:WALL-INNER
;MESH:Horiz_1_edged.stl
G1 F1200 E3077.22828
G1 F3900 X67.736 Y111.5 E3077.34677
G1 X152.265 Y111.5 E3080.68536
G1 X152.265 Y108.499 E3080.80389
G1 X67.736 Y108.5 E3084.14248
G0 F9000 X67.236 Y108
G1 F3900 X67.236 Y112 E3084.30047
G1 X152.765 Y112 E3087.67856
G1 X152.765 Y107.999 E3087.83658
G1 X67.236 Y108 E3091.21467
G0 F9000 X66.789 Y107.525
;TYPE:WALL-OUTER
G1 F3000 X66.76 Y107.562 E3091.21634
G1 X66.761 Y112.475 E3091.39098
G1 X153.24 Y112.475 E3094.46503
G1 X153.239 Y107.525 E3094.64099
G1 X66.789 Y107.525 E3097.714
G0 F9000 X66.76 Y107.562
G0 X66.76 Y107.715
G0 X67.43 Y108.195
G0 X67.886 Y108.914
G0 X68.15 Y108.914
;TYPE:SKIN
G1 F2290.9 X68.15 Y111.086 E3097.77062
G0 F9000 X67.886 Y111.086
G0 X67.958 Y108.722
G0 X68.337 Y108.65
G0 X68.337 Y108.773
G1 F2700 X68.338 Y111.227 E3097.8249
G1 X70.631 Y111.227 E3097.87562
G1 X70.63 Y108.773 E3097.9299
G1 X68.337 Y108.773 E3097.98061
G0 F9000 X68.337 Y108.65
G0 X70.28 Y108.65
G0 X70.28 Y108.913
G1 F2700 X70.28 Y111.087 E3098.0287
G0 F9000 X70 Y111.087
G1 F2700 X70 Y108.913 E3098.07678
G0 F9000 X69.72 Y108.913
G1 F2700 X69.72 Y111.087 E3098.12487
G0 F9000 X69.44 Y111.087
G1 F2700 X69.44 Y108.913 E3098.17295
G0 F9000 X69.16 Y108.913
G1 F2700 X69.16 Y111.087 E3098.22103
G0 F9000 X68.88 Y111.087
G1 F2700 X68.88 Y108.913 E3098.26912
G0 F9000 X68.6 Y108.913
G1 F2700 X68.6 Y111.087 E3098.3172
G1 F2400 E3096.3172
G0 F9000 X68.6 Y111.35
G0 X152.043 Y111.278
G1 F1200 E3098.3172
G0 F9000 X151.85 Y111.085
G1 F2290.9 X151.85 Y108.914 E3098.3738
G0 F9000 X151.85 Y108.649
G0 X149.369 Y108.65
G0 X149.369 Y108.773
G1 F2700 X149.37 Y111.227 E3098.42807
G1 X151.663 Y111.227 E3098.47879
G1 X151.662 Y108.772 E3098.53309
G1 X149.369 Y108.773 E3098.58381
G0 F9000 X149.369 Y108.65
G0 X151.48 Y108.649
G0 X151.48 Y108.912
G1 F2700 X151.48 Y111.087 E3098.63191
G0 F9000 X151.2 Y111.087
G1 F2700 X151.2 Y108.912 E3098.68002
G0 F9000 X150.92 Y108.912
G1 F2700 X150.92 Y111.087 E3098.72813
G0 F9000 X150.64 Y111.087
G1 F2700 X150.64 Y108.912 E3098.77623
G0 F9000 X150.36 Y108.912
G1 F2700 X150.36 Y111.087 E3098.82434
G0 F9000 X150.08 Y111.087
G1 F2700 X150.08 Y108.912 E3098.87245
G0 F9000 X149.8 Y108.912
G1 F2700 X149.8 Y111.087 E3098.92055
G0 F9000 X149.52 Y111.087
G1 F2700 X149.52 Y108.912 E3098.96866
G0 F9000 X149.52 Y108.625
G0 X152.569 Y108.195
G0 X152.897 Y107.622
G0 X153.093 Y107.7
;TYPE:SKIN
G1 F1800 X152.947 Y107.7 E3098.96878
G1 X152.947 Y107.8 E3098.96886
G1 X153.093 Y107.8 E3098.96899
G1 X153.093 Y107.9 E3098.96907
G1 X152.947 Y107.9 E3098.96919
G1 X152.947 Y108 E3098.96927
G1 X153.093 Y108 E3098.96939
G1 X153.093 Y108.1 E3098.96948
G1 X152.947 Y108.1 E3098.9696
G1 X152.947 Y108.2 E3098.96968
G1 X153.093 Y108.2 E3098.9698
G1 X153.093 Y108.3 E3098.96989
G1 X152.947 Y108.3 E3098.97001
G1 X152.947 Y108.4 E3098.97009
G1 X153.093 Y108.4 E3098.97021
G1 X153.093 Y108.5 E3098.9703
G1 X152.947 Y108.5 E3098.97042
G1 X152.947 Y108.6 E3098.9705
G1 X153.093 Y108.6 E3098.97062
G1 X153.093 Y108.7 E3098.97071
G1 X152.947 Y108.7 E3098.97083
G1 X152.947 Y108.8 E3098.97091
G1 X153.093 Y108.8 E3098.97103
G1 X153.093 Y108.9 E3098.97111
G1 X152.947 Y108.9 E3098.97124
G1 X152.947 Y109 E3098.97132
G1 X153.093 Y109 E3098.97144
G1 X153.093 Y109.1 E3098.97152
G1 X152.947 Y109.1 E3098.97164
G1 X152.947 Y109.2 E3098.97173
G1 X153.093 Y109.2 E3098.97185
G1 X153.093 Y109.3 E3098.97193
G1 X152.947 Y109.3 E3098.97205
G1 X152.947 Y109.4 E3098.97214
G1 X153.093 Y109.4 E3098.97226
G1 X153.093 Y109.5 E3098.97234
G1 X152.947 Y109.5 E3098.97246
G1 X152.947 Y109.6 E3098.97255
G1 X153.093 Y109.6 E3098.97267
G1 X153.093 Y109.7 E3098.97275
G1 X152.947 Y109.7 E3098.97287
G1 X152.947 Y109.8 E3098.97296
G1 X153.093 Y109.8 E3098.97308
G1 X153.093 Y109.9 E3098.97316
G1 X152.947 Y109.9 E3098.97328
G1 X152.947 Y110 E3098.97336
G1 X153.093 Y110 E3098.97349
G1 X153.093 Y110.1 E3098.97357
G1 X152.947 Y110.1 E3098.97369
G1 X152.947 Y110.2 E3098.97377
G1 X153.093 Y110.2 E3098.97389
G1 X153.093 Y110.3 E3098.97398
G1 X152.947 Y110.3 E3098.9741
G1 X152.947 Y110.4 E3098.97418
G1 X153.093 Y110.4 E3098.9743
G1 X153.093 Y110.5 E3098.97439
G1 X152.947 Y110.5 E3098.97451
G1 X152.947 Y110.6 E3098.97459
G1 X153.093 Y110.6 E3098.97471
G1 X153.093 Y110.7 E3098.9748
G1 X152.947 Y110.7 E3098.97492
G1 X152.947 Y110.8 E3098.975
G1 X153.093 Y110.8 E3098.97512
G1 X153.093 Y110.9 E3098.97521
G1 X152.947 Y110.9 E3098.97533
G1 X152.947 Y111 E3098.97541
G1 X153.093 Y111 E3098.97553
G1 X153.093 Y111.1 E3098.97561
G1 X152.947 Y111.1 E3098.97574
G1 X152.947 Y111.2 E3098.97582
G1 X153.093 Y111.2 E3098.97594
G1 X153.093 Y111.3 E3098.97602
G1 X152.947 Y111.3 E3098.97614
G1 X152.947 Y111.4 E3098.97623
G1 X153.093 Y111.4 E3098.97635
G1 X153.093 Y111.5 E3098.97643
G1 X152.947 Y111.5 E3098.97655
G1 X152.947 Y111.6 E3098.97664
G1 X153.093 Y111.6 E3098.97676
G1 X153.093 Y111.7 E3098.97684
G1 X152.947 Y111.7 E3098.97696
G1 X152.947 Y111.8 E3098.97705
G1 X153.093 Y111.8 E3098.97717
G1 X153.093 Y111.9 E3098.97725
G1 X152.947 Y111.9 E3098.97737
G1 X152.947 Y112 E3098.97746
G1 X153.093 Y112 E3098.97758
G1 X153.093 Y112.1 E3098.97766
G1 X152.947 Y112.1 E3098.97778
G1 X152.947 Y112.2 E3098.97786
G1 X153.093 Y112.2 E3098.97799
G1 X153.093 Y112.3 E3098.97807
G1 X152.947 Y112.3 E3098.97819
G1 F2400 E3096.97819
G0 F9000 X152.57 Y111.805
G0 X67.43 Y108.195
G1 F1200 E3098.97819
G0 F9000 X67.053 Y107.7
G1 F1800 X66.907 Y107.7 E3098.97831
G1 X66.907 Y107.8 E3098.97839
G1 X67.053 Y107.8 E3098.97852
G1 X67.053 Y107.9 E3098.9786
G1 X66.907 Y107.9 E3098.97872
G1 X66.907 Y108 E3098.9788
G1 X67.053 Y108 E3098.97893
G1 X67.053 Y108.1 E3098.97901
G1 X66.907 Y108.1 E3098.97913
G1 X66.907 Y108.2 E3098.97921
G1 X67.053 Y108.2 E3098.97933
G1 X67.053 Y108.3 E3098.97942
G1 X66.907 Y108.3 E3098.97954
G1 X66.907 Y108.4 E3098.97962
G1 X67.053 Y108.4 E3098.97974
G1 X67.053 Y108.5 E3098.97983
G1 X66.907 Y108.5 E3098.97995
G1 X66.907 Y108.6 E3098.98003
G1 X67.053 Y108.6 E3098.98015
G1 X67.053 Y108.7 E3098.98024
G1 X66.907 Y108.7 E3098.98036
G1 X66.907 Y108.8 E3098.98044
G1 X67.053 Y108.8 E3098.98056
G1 X67.053 Y108.9 E3098.98064
G1 X66.907 Y108.9 E3098.98077
G1 X66.907 Y109 E3098.98085
G1 X67.053 Y109 E3098.98097
G1 X67.053 Y109.1 E3098.98105
G1 X66.907 Y109.1 E3098.98118
G1 X66.907 Y109.2 E3098.98126
G1 X67.053 Y109.2 E3098.98138
G1 X67.053 Y109.3 E3098.98146
G1 X66.907 Y109.3 E3098.98158
G1 X66.907 Y109.4 E3098.98167
G1 X67.053 Y109.4 E3098.98179
G1 X67.053 Y109.5 E3098.98187
G1 X66.907 Y109.5 E3098.98199
G1 X66.907 Y109.6 E3098.98208
G1 X67.053 Y109.6 E3098.9822
G1 X67.053 Y109.7 E3098.98228
G1 X66.907 Y109.7 E3098.9824
G1 X66.907 Y109.8 E3098.98249
G1 X67.053 Y109.8 E3098.98261
G1 X67.053 Y109.9 E3098.98269
G1 X66.907 Y109.9 E3098.98281
G1 X66.907 Y110 E3098.98289
G1 X67.053 Y110 E3098.98302
G1 X67.053 Y110.1 E3098.9831
G1 X66.907 Y110.1 E3098.98322
G1 X66.907 Y110.2 E3098.9833
G1 X67.053 Y110.2 E3098.98343
G1 X67.053 Y110.3 E3098.98351
G1 X66.907 Y110.3 E3098.98363
G1 X66.907 Y110.4 E3098.98371
G1 X67.053 Y110.4 E3098.98383
G1 X67.053 Y110.5 E3098.98392
G1 X66.907 Y110.5 E3098.98404
G1 X66.907 Y110.6 E3098.98412
G1 X67.053 Y110.6 E3098.98424
G1 X67.053 Y110.7 E3098.98433
G1 X66.907 Y110.7 E3098.98445
G1 X66.907 Y110.8 E3098.98453
G1 X67.053 Y110.8 E3098.98465
G1 X67.053 Y110.9 E3098.98474
G1 X66.907 Y110.9 E3098.98486
G1 X66.907 Y111 E3098.98494
G1 X67.053 Y111 E3098.98506
G1 X67.053 Y111.1 E3098.98515
G1 X66.907 Y111.1 E3098.98527
G1 X66.907 Y111.2 E3098.98535
G1 X67.053 Y111.2 E3098.98547
G1 X67.053 Y111.3 E3098.98555
G1 X66.907 Y111.3 E3098.98568
G1 X66.907 Y111.4 E3098.98576
G1 X67.053 Y111.4 E3098.98588
G1 X67.053 Y111.5 E3098.98596
G1 X66.907 Y111.5 E3098.98608
G1 X66.907 Y111.6 E3098.98617
G1 X67.053 Y111.6 E3098.98629
G1 X67.053 Y111.7 E3098.98637
G1 X66.907 Y111.7 E3098.98649
G1 X66.907 Y111.8 E3098.98658
G1 X67.053 Y111.8 E3098.9867
G1 X67.053 Y111.9 E3098.98678
G1 X66.907 Y111.9 E3098.9869
G1 X66.907 Y112 E3098.98699
G1 X67.053 Y112 E3098.98711
G1 X67.053 Y112.1 E3098.98719
G1 X66.907 Y112.1 E3098.98731
G1 X66.907 Y112.2 E3098.9874
G1 X67.053 Y112.2 E3098.98752
G1 X67.053 Y112.3 E3098.9876
G1 X66.907 Y112.3 E3098.98772
;MESH:NONMESH
G0 F600 X66.907 Y112.3 Z16.28
G0 F9000 X67.431 Y111.805
G0 X67.958 Y108.722
G0 X68.625 Y108.5
;TIME_ELAPSED:2674.712142
;LAYER:80
;TYPE:WALL-INNER
;MESH:Horiz_1_edged.stl
G1 F3900 X68.625 Y111.5 E3099.10621
G1 X151.375 Y111.5 E3102.37454
G1 X151.375 Y108.5 E3102.49303
G1 X68.625 Y108.5 E3105.76136
G0 F9000 X68.125 Y108
G1 F3900 X68.125 Y112 E3105.91934
G1 X151.875 Y112 E3109.22717
G1 X151.875 Y108 E3109.38515
G1 X68.125 Y108 E3112.69298
G0 F9000 X67.65 Y107.54
;TYPE:WALL-OUTER
G1 F3000 X67.65 Y112.475 E3112.8684
G1 X152.35 Y112.475 E3115.87921
G1 X152.35 Y107.525 E3116.05517
G1 X67.679 Y107.525 E3119.06495
G1 X67.65 Y107.54 E3119.06611
G0 F9000 X67.65 Y107.74
G0 X68.32 Y108.195
G0 X74.812 Y108.748
;TYPE:FILL
G1 F3000 X74.142 Y111.25 E3119.29936
G0 F9000 X76.663 Y108.75
G1 F3000 X79.162 Y111.249 E3119.61761
G0 F9000 X85.944 Y111.249
G1 F3000 X86.614 Y108.749 E3119.85068
G0 F9000 X92.785 Y108.75
G1 F3000 X95.284 Y111.249 E3120.16894
G0 F9000 X97.747 Y111.249
G1 F3000 X98.417 Y108.748 E3120.4021
G0 F9000 X105.76 Y111.249
G1 F3000 X115.091 Y108.749 E3121.27201
G0 F9000 X111.406 Y111.249
G1 F3000 X108.907 Y108.75 E3121.59026
G0 F9000 X110.219 Y108.749
G1 F3000 X109.549 Y111.25 E3121.82342
G0 F9000 X121.351 Y111.249
G1 F3000 X122.021 Y108.749 E3122.0565
G0 F9000 X125.029 Y108.75
G1 F3000 X127.528 Y111.249 E3122.37475
G0 F9000 X133.153 Y111.249
G1 F3000 X133.823 Y108.749 E3122.60783
G0 F9000 X141.151 Y108.75
G1 F3000 X143.65 Y111.249 E3122.92608
G0 F9000 X144.955 Y111.25
G1 F3000 X145.625 Y108.749 E3123.15924
G0 F9000 X150.961 Y108.65
G0 X150.961 Y108.914
;TYPE:SKIN
G1 F2304.9 X150.961 Y111.086 E3123.21552
G0 F9000 X151.225 Y111.086
G0 X151.153 Y108.722
G0 X148.428 Y108.722
G0 X148.479 Y108.773
G1 F2700 X148.48 Y111.227 E3123.26979
G1 X150.774 Y111.227 E3123.32053
G1 X150.773 Y108.773 E3123.37481
G1 X148.479 Y108.773 E3123.42555
G0 F9000 X148.619 Y108.92
G1 F2700 X150.634 Y108.92 E3123.47012
G0 F9000 X150.634 Y109.2
G1 F2700 X148.619 Y109.2 E3123.51468
G0 F9000 X148.619 Y109.48
G1 F2700 X150.634 Y109.48 E3123.55925
G0 F9000 X150.634 Y109.76
G1 F2700 X148.619 Y109.76 E3123.60382
G0 F9000 X148.619 Y110.04
G1 F2700 X150.634 Y110.04 E3123.64839
G0 F9000 X150.634 Y110.32
G1 F2700 X148.619 Y110.32 E3123.69296
G0 F9000 X148.619 Y110.6
G1 F2700 X150.634 Y110.6 E3123.73752
G0 F9000 X150.634 Y110.88
G1 F2700 X148.619 Y110.88 E3123.78209
G1 F2400 E3121.78209
G0 F9000 X148.356 Y110.88
G0 X68.847 Y111.278
G1 F1200 E3123.78209
G0 F9000 X69.039 Y111.086
G1 F2290.9 X69.039 Y108.914 E3123.83871
G0 F9000 X69.226 Y108.773
G1 F2700 X69.227 Y111.227 E3123.89299
G1 X71.521 Y111.227 E3123.94373
G1 X71.52 Y108.773 E3123.998
G1 X69.226 Y108.773 E3124.04874
G0 F9000 X69.366 Y108.92
G1 F2700 X71.381 Y108.92 E3124.09331
G0 F9000 X71.381 Y109.2
G1 F2700 X69.366 Y109.2 E3124.13788
G0 F9000 X69.366 Y109.48
G1 F2700 X71.381 Y109.48 E3124.18245
G0 F9000 X71.381 Y109.76
G1 F2700 X69.366 Y109.76 E3124.22701
G0 F9000 X69.366 Y110.04
G1 F2700 X71.381 Y110.04 E3124.27158
G0 F9000 X71.381 Y110.32
G1 F2700 X69.366 Y110.32 E3124.31615
G0 F9000 X69.366 Y110.6
G1 F2700 X71.381 Y110.6 E3124.36072
G0 F9000 X71.381 Y110.88
G1 F2700 X69.366 Y110.88 E3124.40528
G0 F9000 X69.366 Y111.375
G1 F2400 E3122.40528
G0 F9000 X151.68 Y111.805
G1 F1200 E3124.40528
G0 F9000 X152.2 Y112.327
G0 X151.68 Y111.805
G0 X151.68 Y108.195
G0 X152.1 Y107.671
;TYPE:SKIN
G1 F1800 X152.2 Y107.671 E3124.40537
G1 X152.2 Y112.327 E3124.40924
G1 X152.1 Y112.327 E3124.40932
G1 X152.1 Y107.671 E3124.41319
G1 F2400 E3122.41319
G0 F9000 X151.68 Y108.195
G0 X68.32 Y108.195
G1 F1200 E3124.41319
G0 F9000 X67.799 Y107.671
G1 F1800 X67.899 Y107.671 E3124.41328
G1 X67.899 Y112.327 E3124.41715
G1 X67.799 Y112.327 E3124.41723
G1 X67.799 Y107.671 E3124.4211
;MESH:NONMESH
G0 F600 X67.799 Y107.671 Z16.48
G0 F9000 X68.32 Y108.195
G0 X69.515 Y108.5
;TIME_ELAPSED:2695.585332
;LAYER:81
;TYPE:WALL-INNER
;MESH:Horiz_1_edged.stl
G1 F3900 X69.515 Y111.5 E3124.53959
G1 X150.486 Y111.5 E3127.73766
G1 X150.486 Y108.499 E3127.85619
G1 X69.515 Y108.5 E3131.05425
G0 F9000 X69.015 Y108
G1 F3900 X69.015 Y112 E3131.21223
G1 X150.986 Y112 E3134.44979
G1 X150.986 Y107.999 E3134.60782
G1 X69.015 Y108 E3137.84538
G0 F9000 X68.539 Y107.54
;TYPE:WALL-OUTER
G1 F3000 X68.54 Y112.475 E3138.0208
G1 X151.461 Y112.475 E3140.96838
G1 X151.46 Y107.525 E3141.14433
G1 X68.568 Y107.525 E3144.09088
G1 X68.539 Y107.54 E3144.09204
G0 F9000 X68.539 Y107.74
G0 X69.209 Y108.195
G0 X69.665 Y108.914
G0 X69.929 Y108.914
;TYPE:SKIN
G1 F2290.9 X69.929 Y111.086 E3144.14866
G0 F9000 X69.665 Y111.086
G0 X69.737 Y108.722
G0 X70.116 Y108.65
G0 X70.116 Y108.773
G1 F2700 X70.117 Y111.227 E3144.20293
G1 X72.41 Y111.227 E3144.25365
G1 X72.409 Y108.773 E3144.30793
G1 X70.116 Y108.773 E3144.35864
G0 F9000 X70.116 Y108.65
G0 X72.24 Y108.65
G0 X72.24 Y108.913
G1 F2700 X72.24 Y111.087 E3144.40673
G0 F9000 X71.96 Y111.087
G1 F2700 X71.96 Y108.913 E3144.45481
G0 F9000 X71.68 Y108.913
G1 F2700 X71.68 Y111.087 E3144.5029
G0 F9000 X71.4 Y111.087
G1 F2700 X71.4 Y108.913 E3144.55098
G0 F9000 X71.12 Y108.913
G1 F2700 X71.12 Y111.087 E3144.59907
G0 F9000 X70.84 Y111.087
G1 F2700 X70.84 Y108.913 E3144.64715
G0 F9000 X70.56 Y108.913
G1 F2700 X70.56 Y111.087 E3144.69524
G0 F9000 X70.28 Y111.087
G1 F2700 X70.28 Y108.913 E3144.74332
G1 F2400 E3142.74332
G0 F9000 X70.28 Y108.65
G0 X150.071 Y108.649
G1 F1200 E3144.74332
G0 F9000 X150.071 Y108.914
G1 F2290.9 X150.071 Y111.085 E3144.79991
G0 F9000 X150.336 Y111.085
G0 X150.264 Y108.721
G0 X147.59 Y108.65
G0 X147.59 Y108.773
G1 F2700 X147.591 Y111.227 E3144.85419
G1 X149.884 Y111.227 E3144.90491
G1 X149.883 Y108.772 E3144.95921
G1 X147.59 Y108.773 E3145.00992
G0 F9000 X147.59 Y108.65
G0 X149.52 Y108.649
G0 X149.52 Y108.912
G1 F2700 X149.52 Y111.087 E3145.05803
G0 F9000 X149.24 Y111.087
G1 F2700 X149.24 Y108.912 E3145.10614
G0 F9000 X148.96 Y108.912
G1 F2700 X148.96 Y111.087 E3145.15424
G0 F9000 X148.68 Y111.087
G1 F2700 X148.68 Y108.912 E3145.20235
G0 F9000 X148.4 Y108.912
G1 F2700 X148.4 Y111.087 E3145.25046
G0 F9000 X148.12 Y111.087
G1 F2700 X148.12 Y108.912 E3145.29856
G0 F9000 X147.84 Y108.912
G1 F2700 X147.84 Y111.087 E3145.34667
G0 F9000 X147.84 Y111.375
G0 X150.264 Y111.278
G0 X150.79 Y108.195
G0 X151.118 Y107.622
G0 X151.314 Y107.7
;TYPE:SKIN
G1 F1800 X151.168 Y107.7 E3145.34679
G1 X151.168 Y107.8 E3145.34687
G1 X151.314 Y107.8 E3145.347
G1 X151.314 Y107.9 E3145.34708
G1 X151.168 Y107.9 E3145.3472
G1 X151.168 Y108 E3145.34728
G1 X151.314 Y108 E3145.3474
G1 X151.314 Y108.1 E3145.34749
G1 X151.168 Y108.1 E3145.34761
G1 X151.168 Y108.2 E3145.34769
G1 X151.314 Y108.2 E3145.34781
G1 X151.314 Y108.3 E3145.3479
G1 X151.168 Y108.3 E3145.34802
G1 X151.168 Y108.4 E3145.3481
G1 X151.314 Y108.4 E3145.34822
G1 X151.314 Y108.5 E3145.34831
G1 X151.168 Y108.5 E3145.34843
G1 X151.168 Y108.6 E3145.34851
G1 X151.314 Y108.6 E3145.34863
G1 X151.314 Y108.7 E3145.34872
G1 X151.168 Y108.7 E3145.34884
G1 X151.168 Y108.8 E3145.34892
G1 X151.314 Y108.8 E3145.34904
G1 X151.314 Y108.9 E3145.34912
G1 X151.168 Y108.9 E3145.34925
G1 X151.168 Y109 E3145.34933
G1 X151.314 Y109 E3145.34945
G1 X151.314 Y109.1 E3145.34953
G1 X151.168 Y109.1 E3145.34965
G1 X151.168 Y109.2 E3145.34974
G1 X151.314 Y109.2 E3145.34986
G1 X151.314 Y109.3 E3145.34994
G1 X151.168 Y109.3 E3145.35006
G1 X151.168 Y109.4 E3145.35015
G1 X151.314 Y109.4 E3145.35027
G1 X151.314 Y109.5 E3145.35035
G1 X151.168 Y109.5 E3145.35047
G1 X151.168 Y109.6 E3145.35056
G1 X151.314 Y109.6 E3145.35068
G1 X151.314 Y109.7 E3145.35076
G1 X151.168 Y109.7 E3145.35088
G1 X151.168 Y109.8 E3145.35097
G1 X151.314 Y109.8 E3145.35109
G1 X151.314 Y109.9 E3145.35117
G1 X151.168 Y109.9 E3145.35129
G1 X151.168 Y110 E3145.35137
G1 X151.314 Y110 E3145.3515
G1 X151.314 Y110.1 E3145.35158
G1 X151.168 Y110.1 E3145.3517
G1 X151.168 Y110.2 E3145.35178
G1 X151.314 Y110.2 E3145.3519
G1 X151.314 Y110.3 E3145.35199
G1 X151.168 Y110.3 E3145.35211
G1 X151.168 Y110.4 E3145.35219
G1 X151.314 Y110.4 E3145.35231
G1 X151.314 Y110.5 E3145.3524
G1 X151.168 Y110.5 E3145.35252
G1 X151.168 Y110.6 E3145.3526
G1 X151.314 Y110.6 E3145.35272
G1 X151.314 Y110.7 E3145.35281
G1 X151.168 Y110.7 E3145.35293
G1 X151.168 Y110.8 E3145.35301
G1 X151.314 Y110.8 E3145.35313
G1 X151.314 Y110.9 E3145.35322
G1 X151.168 Y110.9 E3145.35334
G1 X151.168 Y111 E3145.35342
G1 X151.314 Y111 E3145.35354
G1 X151.314 Y111.1 E3145.35362
G1 X151.168 Y111.1 E3145.35375
G1 X151.168 Y111.2 E3145.35383
G1 X151.314 Y111.2 E3145.35395
G1 X151.314 Y111.3 E3145.35403
G1 X151.168 Y111.3 E3145.35416
G1 X151.168 Y111.4 E3145.35424
G1 X151.314 Y111.4 E3145.35436
G1 X151.314 Y111.5 E3145.35444
G1 X151.168 Y111.5 E3145.35456
G1 X151.168 Y111.6 E3145.35465
G1 X151.314 Y111.6 E3145.35477
G1 X151.314 Y111.7 E3145.35485
G1 X151.168 Y111.7 E3145.35497
G1 X151.168 Y111.8 E3145.35506
G1 X151.314 Y111.8 E3145.35518
G1 X151.314 Y111.9 E3145.35526
G1 X151.168 Y111.9 E3145.35538
G1 X151.168 Y112 E3145.35547
G1 X151.314 Y112 E3145.35559
G1 X151.314 Y112.1 E3145.35567
G1 X151.168 Y112.1 E3145.35579
G1 X151.168 Y112.2 E3145.35587
G1 X151.314 Y112.2 E3145.356
G1 X151.314 Y112.3 E3145.35608
G1 X151.168 Y112.3 E3145.3562
G1 F2400 E3143.3562
G0 F9000 X150.791 Y111.805
G0 X69.209 Y108.195
G1 F1200 E3145.3562
G0 F9000 X68.832 Y107.7
G1 F1800 X68.686 Y107.7 E3145.35632
G1 X68.686 Y107.8 E3145.35641
G1 X68.832 Y107.8 E3145.35653
G1 X68.832 Y107.9 E3145.35661
G1 X68.686 Y107.9 E3145.35673
G1 X68.686 Y108 E3145.35681
G1 X68.832 Y108 E3145.35694
G1 X68.832 Y108.1 E3145.35702
G1 X68.686 Y108.1 E3145.35714
G1 X68.686 Y108.2 E3145.35722
G1 X68.832 Y108.2 E3145.35734
G1 X68.832 Y108.3 E3145.35743
G1 X68.686 Y108.3 E3145.35755
G1 X68.686 Y108.4 E3145.35763
G1 X68.832 Y108.4 E3145.35775
G1 X68.832 Y108.5 E3145.35784
G1 X68.686 Y108.5 E3145.35796
G1 X68.686 Y108.6 E3145.35804
G1 X68.832 Y108.6 E3145.35816
G1 X68.832 Y108.7 E3145.35825
G1 X68.686 Y108.7 E3145.35837
G1 X68.686 Y108.8 E3145.35845
G1 X68.832 Y108.8 E3145.35857
G1 X68.832 Y108.9 E3145.35866
G1 X68.686 Y108.9 E3145.35878
G1 X68.686 Y109 E3145.35886
G1 X68.832 Y109 E3145.35898
G1 X68.832 Y109.1 E3145.35906
G1 X68.686 Y109.1 E3145.35919
G1 X68.686 Y109.2 E3145.35927
G1 X68.832 Y109.2 E3145.35939
G1 X68.832 Y109.3 E3145.35947
G1 X68.686 Y109.3 E3145.35959
G1 X68.686 Y109.4 E3145.35968
G1 X68.832 Y109.4 E3145.3598
G1 X68.832 Y109.5 E3145.35988
G1 X68.686 Y109.5 E3145.36
G1 X68.686 Y109.6 E3145.36009
G1 X68.832 Y109.6 E3145.36021
G1 X68.832 Y109.7 E3145.36029
G1 X68.686 Y109.7 E3145.36041
G1 X68.686 Y109.8 E3145.3605
G1 X68.832 Y109.8 E3145.36062
G1 X68.832 Y109.9 E3145.3607
G1 X68.686 Y109.9 E3145.36082
G1 X68.686 Y110 E3145.36091
G1 X68.832 Y110 E3145.36103
G1 X68.832 Y110.1 E3145.36111
G1 X68.686 Y110.1 E3145.36123
G1 X68.686 Y110.2 E3145.36131
G1 X68.832 Y110.2 E3145.36144
G1 X68.832 Y110.3 E3145.36152
G1 X68.686 Y110.3 E3145.36164
G1 X68.686 Y110.4 E3145.36172
G1 X68.832 Y110.4 E3145.36184
G1 X68.832 Y110.5 E3145.36193
G1 X68.686 Y110.5 E3145.36205
G1 X68.686 Y110.6 E3145.36213
G1 X68.832 Y110.6 E3145.36225
G1 X68.832 Y110.7 E3145.36234
G1 X68.686 Y110.7 E3145.36246
G1 X68.686 Y110.8 E3145.36254
G1 X68.832 Y110.8 E3145.36266
G1 X68.832 Y110.9 E3145.36275
G1 X68.686 Y110.9 E3145.36287
G1 X68.686 Y111 E3145.36295
G1 X68.832 Y111 E3145.36307
G1 X68.832 Y111.1 E3145.36316
G1 X68.686 Y111.1 E3145.36328
G1 X68.686 Y111.2 E3145.36336
G1 X68.832 Y111.2 E3145.36348
G1 X68.832 Y111.3 E3145.36356
G1 X68.686 Y111.3 E3145.36369
G1 X68.686 Y111.4 E3145.36377
G1 X68.832 Y111.4 E3145.36389
G1 X68.832 Y111.5 E3145.36397
G1 X68.686 Y111.5 E3145.36409
G1 X68.686 Y111.6 E3145.36418
G1 X68.832 Y111.6 E3145.3643
G1 X68.832 Y111.7 E3145.36438
G1 X68.686 Y111.7 E3145.3645
G1 X68.686 Y111.8 E3145.36459
G1 X68.832 Y111.8 E3145.36471
G1 X68.832 Y111.9 E3145.36479
G1 X68.686 Y111.9 E3145.36491
G1 X68.686 Y112 E3145.365
G1 X68.832 Y112 E3145.36512
G1 X68.832 Y112.1 E3145.3652
G1 X68.686 Y112.1 E3145.36532
G1 X68.686 Y112.2 E3145.36541
G1 X68.832 Y112.2 E3145.36553
G1 X68.832 Y112.3 E3145.36561
G1 X68.686 Y112.3 E3145.36573
;MESH:NONMESH
G0 F600 X68.686 Y112.3 Z16.68
G0 F9000 X69.21 Y111.805
G0 X69.737 Y108.722
G0 X70.404 Y108.5
;TIME_ELAPSED:2712.708229
;LAYER:82
;TYPE:WALL-INNER
;MESH:Horiz_1_edged.stl
G1 F3900 X70.404 Y111.5 E3145.48422
G1 X149.597 Y111.5 E3148.61206
G1 X149.597 Y108.499 E3148.73059
G1 X70.404 Y108.5 E3151.85843
G0 F9000 X69.904 Y108
G1 F3900 X69.904 Y112 E3152.01641
G1 X150.097 Y112 E3155.18375
G1 X150.097 Y107.999 E3155.34177
G1 X69.904 Y108 E3158.50911
G0 F9000 X69.428 Y107.54
;TYPE:WALL-OUTER
G1 F3000 X69.429 Y112.475 E3158.68453
G1 X150.572 Y112.475 E3161.5689
G1 X150.571 Y107.525 E3161.74486
G1 X69.457 Y107.525 E3164.6282
G1 X69.428 Y107.54 E3164.62936
G0 F9000 X69.428 Y107.74
G0 X70.098 Y108.195
G0 X74.519 Y108.748
;TYPE:FILL
G1 F3000 X73.849 Y111.25 E3164.86261
G0 F9000 X77.062 Y108.749
G1 F3000 X79.562 Y111.249 E3165.18099
G0 F9000 X85.651 Y111.25
G1 F3000 X86.321 Y108.749 E3165.41415
G0 F9000 X93.184 Y108.749
G1 F3000 X95.684 Y111.249 E3165.73253
G0 F9000 X97.454 Y111.249
G1 F3000 X98.124 Y108.748 E3165.9657
G0 F9000 X106.854 Y111.249
G1 F3000 X116.185 Y108.749 E3166.8356
G0 F9000 X111.807 Y111.249
G1 F3000 X109.306 Y108.749 E3167.15405
G0 F9000 X109.926 Y108.748
G1 F3000 X109.256 Y111.25 E3167.3873
G0 F9000 X121.058 Y111.249
G1 F3000 X121.728 Y108.749 E3167.62037
G0 F9000 X125.428 Y108.749
G1 F3000 X127.929 Y111.249 E3167.93882
G0 F9000 X132.86 Y111.249
G1 F3000 X133.53 Y108.748 E3168.17198
G0 F9000 X141.55 Y108.749
G1 F3000 X144.051 Y111.249 E3168.49042
G0 F9000 X144.662 Y111.249
G1 F3000 X145.332 Y108.749 E3168.7235
G0 F9000 X149.182 Y108.649
G0 X149.182 Y108.914
;TYPE:SKIN
G1 F2290.9 X149.182 Y111.085 E3168.78009
G0 F9000 X149.447 Y111.085
G0 X149.375 Y108.721
G0 X146.636 Y108.65
G0 X146.636 Y108.773
G1 F2700 X146.637 Y111.227 E3168.83437
G1 X148.995 Y111.227 E3168.88652
G1 X148.994 Y108.772 E3168.94082
G1 X146.636 Y108.773 E3168.99298
G0 F9000 X146.776 Y108.92
G1 F2700 X148.855 Y108.92 E3169.03896
G0 F9000 X148.855 Y109.2
G1 F2700 X146.776 Y109.2 E3169.08494
G0 F9000 X146.776 Y109.48
G1 F2700 X148.855 Y109.48 E3169.13093
G0 F9000 X148.855 Y109.76
G1 F2700 X146.776 Y109.76 E3169.17691
G0 F9000 X146.776 Y110.04
G1 F2700 X148.855 Y110.04 E3169.22289
G0 F9000 X148.855 Y110.32
G1 F2700 X146.776 Y110.32 E3169.26888
G0 F9000 X146.776 Y110.6
G1 F2700 X148.855 Y110.6 E3169.31486
G0 F9000 X148.855 Y110.88
G1 F2700 X146.776 Y110.88 E3169.36084
G1 F2400 E3167.36084
G0 F9000 X146.513 Y110.88
G0 X70.626 Y111.278
G1 F1200 E3169.36084
G0 F9000 X70.818 Y111.086
G1 F2290.9 X70.818 Y108.914 E3169.41746
G0 F9000 X71.005 Y108.773
G1 F2700 X71.006 Y111.227 E3169.47174
G1 X73.364 Y111.227 E3169.52389
G1 X73.363 Y108.773 E3169.57817
G1 X71.005 Y108.773 E3169.63032
G0 F9000 X71.145 Y108.92
G1 F2700 X73.224 Y108.92 E3169.67631
G0 F9000 X73.224 Y109.2
G1 F2700 X71.145 Y109.2 E3169.72229
G0 F9000 X71.145 Y109.48
G1 F2700 X73.224 Y109.48 E3169.76827
G0 F9000 X73.224 Y109.76
G1 F2700 X71.145 Y109.76 E3169.81426
G0 F9000 X71.145 Y110.04
G1 F2700 X73.224 Y110.04 E3169.86024
G0 F9000 X73.224 Y110.32
G1 F2700 X71.145 Y110.32 E3169.90622
G0 F9000 X71.145 Y110.6
G1 F2700 X73.224 Y110.6 E3169.95221
G0 F9000 X73.224 Y110.88
G1 F2700 X71.145 Y110.88 E3169.99819
G0 F9000 X71.145 Y111.375
G1 F2400 E3167.99819
G0 F9000 X149.902 Y111.805
G1 F1200 E3169.99819
G0 F9000 X150.4 Y112.327
G0 X149.902 Y111.805
G0 X149.901 Y108.195
G0 X150.3 Y107.671
;TYPE:SKIN
G1 F1800 X150.4 Y107.671 E3169.99827
G1 X150.4 Y112.327 E3170.00215
G1 X150.3 Y112.327 E3170.00223
G1 X150.3 Y107.671 E3170.0061
G1 F2400 E3168.0061
G0 F9000 X149.901 Y108.195
G0 X70.098 Y108.195
G1 F1200 E3170.0061
G0 F9000 X69.599 Y107.671
G1 F1800 X69.699 Y107.671 E3170.00618
G1 X69.699 Y112.327 E3170.01006
G1 X69.599 Y112.327 E3170.01014
G1 X69.599 Y107.671 E3170.01401
;MESH:NONMESH
G0 F600 X69.599 Y107.671 Z16.88
G0 F9000 X70.098 Y108.195
G0 X71.294 Y108.5
;TIME_ELAPSED:2733.098559
;LAYER:83
;TYPE:WALL-INNER
;MESH:Horiz_1_edged.stl
G1 F3900 X71.294 Y111.5 E3170.1325
G1 X148.707 Y111.5 E3173.19003
G1 X148.707 Y108.499 E3173.30856
G1 X71.294 Y108.5 E3176.3661
G0 F9000 X70.794 Y108
G1 F3900 X70.794 Y112 E3176.52408
G1 X149.207 Y112 E3179.62112
G1 X149.207 Y107.999 E3179.77914
G1 X70.794 Y108 E3182.87617
G0 F9000 X70.318 Y107.54
;TYPE:WALL-OUTER
G1 F3000 X70.319 Y112.475 E3183.0516
G1 X149.682 Y112.475 E3185.8727
G1 X149.681 Y107.525 E3186.04865
G1 X70.347 Y107.525 E3188.86872
G1 X70.318 Y107.54 E3188.86988
G0 F9000 X70.318 Y107.74
G1 F2400 E3186.86988
G0 F9000 X70.988 Y108.195
G0 X144.516 Y111.25
;TYPE:FILL
G1 F1200 E3188.86988
G1 F3000 X145.186 Y108.748 E3188.9865
G0 F9000 X148.26 Y108.649
G0 X148.26 Y108.946
;TYPE:SKIN
G1 F1918.8 X148.26 Y111.053 E3189.05208
G0 F9000 X148.557 Y111.053
G0 X148.485 Y108.721
G0 X145.581 Y108.65
G0 X145.581 Y108.773
G1 F2700 X145.581 Y111.227 E3189.10636
G1 X148.04 Y111.227 E3189.16075
G1 X148.039 Y108.773 E3189.21502
G1 X145.581 Y108.773 E3189.26939
G0 F9000 X145.581 Y108.65
G0 X147.84 Y108.649
G0 X147.84 Y108.913
G1 F2700 X147.84 Y111.087 E3189.31747
G0 F9000 X147.56 Y111.087
G1 F2700 X147.56 Y108.913 E3189.36556
G0 F9000 X147.28 Y108.913
G1 F2700 X147.28 Y111.087 E3189.41364
G0 F9000 X147 Y111.087
G1 F2700 X147 Y108.913 E3189.46173
G0 F9000 X146.72 Y108.913
G1 F2700 X146.72 Y111.087 E3189.50981
G0 F9000 X146.44 Y111.087
G1 F2700 X146.44 Y108.913 E3189.5579
G0 F9000 X146.16 Y108.913
G1 F2700 X146.16 Y111.087 E3189.60598
G0 F9000 X145.88 Y111.087
G1 F2700 X145.88 Y108.913 E3189.65407
G1 F2400 E3187.65407
G0 F9000 X145.88 Y108.65
G0 X71.516 Y108.722
G1 F1200 E3189.65407
G0 F9000 X71.74 Y108.946
G1 F1918.8 X71.74 Y111.054 E3189.71967
G0 F9000 X71.444 Y111.054
G0 X71.516 Y108.722
G0 X71.96 Y108.65
G0 X71.96 Y108.773
G1 F2700 X71.96 Y111.227 E3189.77395
G1 X74.419 Y111.227 E3189.82834
G1 X74.418 Y108.773 E3189.88262
G1 X71.96 Y108.773 E3189.93698
G0 F9000 X71.96 Y108.65
G0 X74.2 Y108.65
G0 X74.2 Y108.913
G1 F2700 X74.2 Y111.087 E3189.98507
G0 F9000 X73.92 Y111.087
G1 F2700 X73.92 Y108.913 E3190.03315
G0 F9000 X73.64 Y108.913
G1 F2700 X73.64 Y111.087 E3190.08124
G0 F9000 X73.36 Y111.087
G1 F2700 X73.36 Y108.913 E3190.12932
G0 F9000 X73.08 Y108.913
G1 F2700 X73.08 Y111.087 E3190.17741
G0 F9000 X72.8 Y111.087
G1 F2700 X72.8 Y108.913 E3190.22549
G0 F9000 X72.52 Y108.913
G1 F2700 X72.52 Y111.087 E3190.27357
G0 F9000 X72.24 Y111.087
G1 F2700 X72.24 Y108.913 E3190.32166
G0 F9000 X72.24 Y108.625
G0 X71.516 Y108.722
G0 X70.989 Y111.805
G0 X70.661 Y112.378
G0 X70.465 Y112.3
;TYPE:SKIN
G1 F1800 X70.611 Y112.3 E3190.32178
G1 X70.611 Y112.2 E3190.32186
G1 X70.465 Y112.2 E3190.32198
G1 X70.465 Y112.1 E3190.32207
G1 X70.611 Y112.1 E3190.32219
G1 X70.611 Y112 E3190.32227
G1 X70.465 Y112 E3190.32239
G1 X70.465 Y111.9 E3190.32248
G1 X70.611 Y111.9 E3190.3226
G1 X70.611 Y111.8 E3190.32268
G1 X70.465 Y111.8 E3190.3228
G1 X70.465 Y111.7 E3190.32289
G1 X70.611 Y111.7 E3190.32301
G1 X70.611 Y111.6 E3190.32309
G1 X70.465 Y111.6 E3190.32321
G1 X70.465 Y111.5 E3190.3233
G1 X70.611 Y111.5 E3190.32342
G1 X70.611 Y111.4 E3190.3235
G1 X70.465 Y111.4 E3190.32362
G1 X70.465 Y111.3 E3190.3237
G1 X70.611 Y111.3 E3190.32383
G1 X70.611 Y111.2 E3190.32391
G1 X70.465 Y111.2 E3190.32403
G1 X70.465 Y111.1 E3190.32411
G1 X70.611 Y111.1 E3190.32423
G1 X70.611 Y111 E3190.32432
G1 X70.465 Y111 E3190.32444
G1 X70.465 Y110.9 E3190.32452
G1 X70.611 Y110.9 E3190.32464
G1 X70.611 Y110.8 E3190.32473
G1 X70.465 Y110.8 E3190.32485
G1 X70.465 Y110.7 E3190.32493
G1 X70.611 Y110.7 E3190.32505
G1 X70.611 Y110.6 E3190.32514
G1 X70.465 Y110.6 E3190.32526
G1 X70.465 Y110.5 E3190.32534
G1 X70.611 Y110.5 E3190.32546
G1 X70.611 Y110.4 E3190.32555
G1 X70.465 Y110.4 E3190.32567
G1 X70.465 Y110.3 E3190.32575
G1 X70.611 Y110.3 E3190.32587
G1 X70.611 Y110.2 E3190.32595
G1 X70.465 Y110.2 E3190.32608
G1 X70.465 Y110.1 E3190.32616
G1 X70.611 Y110.1 E3190.32628
G1 X70.611 Y110 E3190.32636
G1 X70.465 Y110 E3190.32648
G1 X70.465 Y109.9 E3190.32657
G1 X70.611 Y109.9 E3190.32669
G1 X70.611 Y109.8 E3190.32677
G1 X70.465 Y109.8 E3190.32689
G1 X70.465 Y109.7 E3190.32698
G1 X70.611 Y109.7 E3190.3271
G1 X70.611 Y109.6 E3190.32718
G1 X70.465 Y109.6 E3190.3273
G1 X70.465 Y109.5 E3190.32739
G1 X70.611 Y109.5 E3190.32751
G1 X70.611 Y109.4 E3190.32759
G1 X70.465 Y109.4 E3190.32771
G1 X70.465 Y109.3 E3190.3278
G1 X70.611 Y109.3 E3190.32792
G1 X70.611 Y109.2 E3190.328
G1 X70.465 Y109.2 E3190.32812
G1 X70.465 Y109.1 E3190.3282
G1 X70.611 Y109.1 E3190.32833
G1 X70.611 Y109 E3190.32841
G1 X70.465 Y109 E3190.32853
G1 X70.465 Y108.9 E3190.32861
G1 X70.611 Y108.9 E3190.32873
G1 X70.611 Y108.8 E3190.32882
G1 X70.465 Y108.8 E3190.32894
G1 X70.465 Y108.7 E3190.32902
G1 X70.611 Y108.7 E3190.32914
G1 X70.611 Y108.6 E3190.32923
G1 X70.465 Y108.6 E3190.32935
G1 X70.465 Y108.5 E3190.32943
G1 X70.611 Y108.5 E3190.32955
G1 X70.611 Y108.4 E3190.32964
G1 X70.465 Y108.4 E3190.32976
G1 X70.465 Y108.3 E3190.32984
G1 X70.611 Y108.3 E3190.32996
G1 X70.611 Y108.2 E3190.33005
G1 X70.465 Y108.2 E3190.33017
G1 X70.465 Y108.1 E3190.33025
G1 X70.611 Y108.1 E3190.33037
G1 X70.611 Y108 E3190.33045
G1 X70.465 Y108 E3190.33058
G1 X70.465 Y107.9 E3190.33066
G1 X70.611 Y107.9 E3190.33078
G1 X70.611 Y107.8 E3190.33086
G1 X70.465 Y107.8 E3190.33098
G1 X70.465 Y107.7 E3190.33107
G1 X70.611 Y107.7 E3190.33119
G1 F2400 E3188.33119
G0 F9000 X70.988 Y108.195
G0 X149.012 Y111.805
G1 F1200 E3190.33119
G0 F9000 X149.389 Y112.3
G1 F1800 X149.535 Y112.3 E3190.33131
G1 X149.535 Y112.2 E3190.33139
G1 X149.389 Y112.2 E3190.33152
G1 X149.389 Y112.1 E3190.3316
G1 X149.535 Y112.1 E3190.33172
G1 X149.535 Y112 E3190.3318
G1 X149.389 Y112 E3190.33192
G1 X149.389 Y111.9 E3190.33201
G1 X149.535 Y111.9 E3190.33213
G1 X149.535 Y111.8 E3190.33221
G1 X149.389 Y111.8 E3190.33233
G1 X149.389 Y111.7 E3190.33242
G1 X149.535 Y111.7 E3190.33254
G1 X149.535 Y111.6 E3190.33262
G1 X149.389 Y111.6 E3190.33274
G1 X149.389 Y111.5 E3190.33283
G1 X149.535 Y111.5 E3190.33295
G1 X149.535 Y111.4 E3190.33303
G1 X149.389 Y111.4 E3190.33315
G1 X149.389 Y111.3 E3190.33324
G1 X149.535 Y111.3 E3190.33336
G1 X149.535 Y111.2 E3190.33344
G1 X149.389 Y111.2 E3190.33356
G1 X149.389 Y111.1 E3190.33364
G1 X149.535 Y111.1 E3190.33377
G1 X149.535 Y111 E3190.33385
G1 X149.389 Y111 E3190.33397
G1 X149.389 Y110.9 E3190.33405
G1 X149.535 Y110.9 E3190.33417
G1 X149.535 Y110.8 E3190.33426
G1 X149.389 Y110.8 E3190.33438
G1 X149.389 Y110.7 E3190.33446
G1 X149.535 Y110.7 E3190.33458
G1 X149.535 Y110.6 E3190.33467
G1 X149.389 Y110.6 E3190.33479
G1 X149.389 Y110.5 E3190.33487
G1 X149.535 Y110.5 E3190.33499
G1 X149.535 Y110.4 E3190.33508
G1 X149.389 Y110.4 E3190.3352
G1 X149.389 Y110.3 E3190.33528
G1 X149.535 Y110.3 E3190.3354
G1 X149.535 Y110.2 E3190.33549
G1 X149.389 Y110.2 E3190.33561
G1 X149.389 Y110.1 E3190.33569
G1 X149.535 Y110.1 E3190.33581
G1 X149.535 Y110 E3190.33589
G1 X149.389 Y110 E3190.33602
G1 X149.389 Y109.9 E3190.3361
G1 X149.535 Y109.9 E3190.33622
G1 X149.535 Y109.8 E3190.3363
G1 X149.389 Y109.8 E3190.33642
G1 X149.389 Y109.7 E3190.33651
G1 X149.535 Y109.7 E3190.33663
G1 X149.535 Y109.6 E3190.33671
G1 X149.389 Y109.6 E3190.33683
G1 X149.389 Y109.5 E3190.33692
G1 X149.535 Y109.5 E3190.33704
G1 X149.535 Y109.4 E3190.33712
G1 X149.389 Y109.4 E3190.33724
G1 X149.389 Y109.3 E3190.33733
G1 X149.535 Y109.3 E3190.33745
G1 X149.535 Y109.2 E3190.33753
G1 X149.389 Y109.2 E3190.33765
G1 X149.389 Y109.1 E3190.33774
G1 X149.535 Y109.1 E3190.33786
G1 X149.535 Y109 E3190.33794
G1 X149.389 Y109 E3190.33806
G1 X149.389 Y108.9 E3190.33814
G1 X149.535 Y108.9 E3190.33827
G1 X149.535 Y108.8 E3190.33835
G1 X149.389 Y108.8 E3190.33847
G1 X149.389 Y108.7 E3190.33855
G1 X149.535 Y108.7 E3190.33867
G1 X149.535 Y108.6 E3190.33876
G1 X149.389 Y108.6 E3190.33888
G1 X149.389 Y108.5 E3190.33896
G1 X149.535 Y108.5 E3190.33908
G1 X149.535 Y108.4 E3190.33917
G1 X149.389 Y108.4 E3190.33929
G1 X149.389 Y108.3 E3190.33937
G1 X149.535 Y108.3 E3190.33949
G1 X149.535 Y108.2 E3190.33958
G1 X149.389 Y108.2 E3190.3397
G1 X149.389 Y108.1 E3190.33978
G1 X149.535 Y108.1 E3190.3399
G1 X149.535 Y108 E3190.33999
G1 X149.389 Y108 E3190.34011
G1 X149.389 Y107.9 E3190.34019
G1 X149.535 Y107.9 E3190.34031
G1 X149.535 Y107.8 E3190.34039
G1 X149.389 Y107.8 E3190.34052
G1 X149.389 Y107.7 E3190.3406
G1 X149.535 Y107.7 E3190.34072
G1 F2400 E3188.34072
;MESH:NONMESH
G0 F600 X149.535 Y107.7 Z17.08
G0 F9000 X149.011 Y108.195
G0 X72.183 Y108.5
;TIME_ELAPSED:2751.752536
;LAYER:84
;TYPE:WALL-INNER
;MESH:Horiz_1_edged.stl
G1 F1200 E3190.34072
G1 F3900 X72.183 Y111.5 E3190.45921
G1 X147.818 Y111.5 E3193.44652
G1 X147.818 Y108.499 E3193.56505
G1 X72.183 Y108.5 E3196.55236
G0 F9000 X71.683 Y108
G1 F3900 X71.683 Y112 E3196.71035
G1 X148.318 Y112 E3199.73715
G1 X148.318 Y107.999 E3199.89518
G1 X71.683 Y108 E3202.92199
G0 F9000 X71.207 Y107.54
;TYPE:WALL-OUTER
G1 F3000 X71.208 Y112.475 E3203.09741
G1 X148.793 Y112.475 E3205.85531
G1 X148.792 Y107.525 E3206.03126
G1 X71.236 Y107.525 E3208.78813
G1 X71.207 Y107.54 E3208.78929
G0 F9000 X71.207 Y107.74
G0 X71.877 Y108.195
G0 X77.463 Y108.75
;TYPE:FILL
G1 F3000 X79.962 Y111.249 E3209.10754
G0 F9000 X85.359 Y111.249
G1 F3000 X86.028 Y108.749 E3209.34059
G0 F9000 X93.585 Y108.75
G1 F3000 X96.084 Y111.249 E3209.65885
G0 F9000 X97.161 Y111.249
G1 F3000 X97.831 Y108.749 E3209.89192
G0 F9000 X107.947 Y111.249
G1 F3000 X117.278 Y108.749 E3210.76183
G0 F9000 X121.435 Y108.749
G1 F3000 X120.765 Y111.25 E3210.99499
G0 F9000 X125.829 Y108.75
G1 F3000 X128.328 Y111.249 E3211.31325
G0 F9000 X132.567 Y111.249
G1 F3000 X133.237 Y108.748 E3211.54641
G0 F9000 X141.951 Y108.75
G1 F3000 X144.45 Y111.249 E3211.86466
G1 X144.369 Y111.25
G1 X144.502 Y110.755 E3211.91082
G1 F2400 E3209.91082
G0 F9000 X144.402 Y110.754
G0 X112.206 Y111.249
G1 F1200 E3211.91082
G1 F3000 X109.707 Y108.75 E3212.22907
G1 X109.633 Y108.748
G1 X108.963 Y111.249 E3212.46223
G1 F2400 E3210.46223
G0 F9000 X75.525 Y108.722
G0 X72.405 Y108.722
G1 F1200 E3212.46223
G0 F9000 X72.573 Y108.89
;TYPE:SKIN
G1 F2700 X72.573 Y111.11 E3212.51133
G1 X72.853 Y111.11 E3212.51753
G1 X72.852 Y108.89 E3212.56663
G1 X72.573 Y108.89 E3212.5728
G0 F9000 X73.016 Y108.773
G1 F2700 X73.016 Y110 E3212.59994
G1 X73.016 Y111.227 E3212.62708
G1 X75.474 Y111.227 E3212.68144
G1 X75.473 Y108.773 E3212.73572
G1 X73.016 Y108.773 E3212.79006
G0 F9000 X73.156 Y108.92
G1 F2700 X75.333 Y108.92 E3212.83822
G0 F9000 X75.333 Y109.2
G1 F2700 X73.156 Y109.2 E3212.88637
G0 F9000 X73.156 Y109.48
G1 F2700 X75.333 Y109.48 E3212.93452
G0 F9000 X75.333 Y109.76
G1 F2700 X73.156 Y109.76 E3212.98267
G0 F9000 X73.156 Y110.04
G1 F2700 X75.333 Y110.04 E3213.03082
G0 F9000 X75.333 Y110.32
G1 F2700 X73.156 Y110.32 E3213.07897
G0 F9000 X73.156 Y110.6
G1 F2700 X75.333 Y110.6 E3213.12712
G0 F9000 X75.333 Y110.88
G1 F2700 X73.156 Y110.88 E3213.17527
G1 F2400 E3211.17527
G0 F9000 X73.156 Y111.35
G0 X147.148 Y108.649
G1 F1200 E3213.17527
G0 F9000 X147.148 Y108.889
G1 F2700 X147.148 Y111.11 E3213.2244
G1 X147.428 Y111.11 E3213.23059
G1 X147.428 Y108.889 E3213.27971
G1 X147.148 Y108.889 E3213.28591
G0 F9000 X147.148 Y108.649
G0 X144.526 Y108.65
G0 X144.526 Y108.773
G1 F2700 X144.526 Y111.227 E3213.34018
G1 X146.984 Y111.227 E3213.39455
G1 X146.983 Y108.773 E3213.44883
G1 X144.526 Y108.773 E3213.50317
G0 F9000 X144.666 Y108.92
G1 F2700 X146.843 Y108.92 E3213.55132
G0 F9000 X146.843 Y109.2
G1 F2700 X144.666 Y109.2 E3213.59947
G0 F9000 X144.666 Y109.48
G1 F2700 X146.843 Y109.48 E3213.64762
G0 F9000 X146.843 Y109.76
G1 F2700 X144.666 Y109.76 E3213.69577
G0 F9000 X144.666 Y110.04
G1 F2700 X146.843 Y110.04 E3213.74393
G0 F9000 X146.843 Y110.32
G1 F2700 X144.666 Y110.32 E3213.79208
G0 F9000 X144.666 Y110.6
G1 F2700 X146.843 Y110.6 E3213.84023
G0 F9000 X146.843 Y110.88
G1 F2700 X144.666 Y110.88 E3213.88838
G0 F9000 X144.002 Y110.88
G0 X144.475 Y111.278
G0 X148.123 Y111.805
G0 X148.6 Y112.327
G0 X148.123 Y111.805
G0 X148.122 Y108.195
G0 X148.5 Y107.671
;TYPE:SKIN
G1 F1800 X148.6 Y107.671 E3213.88846
G1 X148.6 Y112.327 E3213.89233
G1 X148.5 Y112.327 E3213.89242
G1 X148.5 Y107.671 E3213.89629
G1 F2400 E3211.89629
G0 F9000 X148.122 Y108.195
G0 X71.877 Y108.195
G1 F1200 E3213.89629
G0 F9000 X71.399 Y107.671
G1 F1800 X71.499 Y107.671 E3213.89637
G1 X71.499 Y112.327 E3213.90024
G1 X71.399 Y112.327 E3213.90032
G1 X71.399 Y107.671 E3213.9042
;MESH:NONMESH
G0 F600 X71.399 Y107.671 Z17.28
G0 F9000 X71.877 Y108.195
G0 X73.137 Y108.5
;TIME_ELAPSED:2771.845850
;LAYER:85
;TYPE:WALL-INNER
;MESH:Horiz_1_edged.stl
G1 F3900 X73.137 Y111.5 E3214.02269
G1 X146.864 Y111.5 E3216.93464
G1 X146.864 Y108.499 E3217.05317
G1 X73.137 Y108.5 E3219.96512
G0 F9000 X72.637 Y108
G1 F3900 X72.637 Y112 E3220.1231
G1 X147.364 Y112 E3223.07455
G1 X147.364 Y107.999 E3223.23258
G1 X72.637 Y108 E3226.18403
G0 F9000 X72.161 Y107.54
;TYPE:WALL-OUTER
G1 F3000 X72.162 Y112.475 E3226.35945
G1 X147.839 Y112.475 E3229.04952
G1 X147.838 Y107.525 E3229.22548
G1 X72.19 Y107.525 E3231.91452
G1 X72.161 Y107.54 E3231.91568
G0 F9000 X72.161 Y107.74
G1 F2400 E3229.91568
G0 F9000 X72.831 Y108.195
G0 X142.39 Y108.989
;TYPE:FILL
G1 F1200 E3231.91568
G1 F3000 X143.447 Y110.046 E3231.98299
G0 F9000 X143.347 Y110.045
G0 X143.419 Y108.722
G0 X146.117 Y108.649
G0 X146.117 Y108.915
;TYPE:SKIN
G1 F2284 X146.118 Y111.085 E3232.03972
G1 X146.449 Y111.085 E3232.04838
G1 X146.449 Y108.914 E3232.10514
G1 X146.117 Y108.915 E3232.11382
G0 F9000 X146.117 Y108.649
G0 X143.471 Y108.65
G0 X143.471 Y108.773
G1 F2700 X143.471 Y111.227 E3232.1681
G1 X145.929 Y111.227 E3232.22247
G1 X145.928 Y108.773 E3232.27675
G1 X143.471 Y108.773 E3232.33109
G0 F9000 X143.471 Y108.65
G0 X145.6 Y108.649
G0 X145.6 Y108.913
G1 F2700 X145.6 Y111.087 E3232.37917
G0 F9000 X145.32 Y111.087
G1 F2700 X145.32 Y108.913 E3232.42726
G0 F9000 X145.04 Y108.913
G1 F2700 X145.04 Y111.087 E3232.47534
G0 F9000 X144.76 Y111.087
G1 F2700 X144.76 Y108.913 E3232.52343
G0 F9000 X144.48 Y108.913
G1 F2700 X144.48 Y111.087 E3232.57151
G0 F9000 X144.2 Y111.087
G1 F2700 X144.2 Y108.913 E3232.6196
G0 F9000 X143.92 Y108.913
G1 F2700 X143.92 Y111.087 E3232.66768
G0 F9000 X143.64 Y111.087
G1 F2700 X143.64 Y108.913 E3232.71577
G1 F2400 E3230.71577
G0 F9000 X143.64 Y108.65
G0 X73.359 Y108.722
G1 F1200 E3232.71577
G0 F9000 X73.552 Y108.915
G1 F2284 X73.552 Y109.08 E3232.72008
G1 X73.552 Y111.085 E3232.7725
G1 X73.883 Y111.085 E3232.78116
G1 X73.882 Y108.915 E3232.8379
G1 X73.552 Y108.915 E3232.84652
G0 F9000 X74.071 Y108.773
G1 F2700 X74.071 Y111.227 E3232.9008
G1 X76.529 Y111.227 E3232.95517
G1 X76.528 Y108.773 E3233.00945
G1 X74.071 Y108.773 E3233.06379
G0 F9000 X74.071 Y108.65
G0 X76.16 Y108.65
G0 X76.16 Y108.913
G1 F2700 X76.16 Y111.087 E3233.11187
G0 F9000 X75.88 Y111.087
G1 F2700 X75.88 Y108.913 E3233.15996
G0 F9000 X75.6 Y108.913
G1 F2700 X75.6 Y111.087 E3233.20804
G0 F9000 X75.32 Y111.087
G1 F2700 X75.32 Y108.913 E3233.25613
G0 F9000 X75.04 Y108.913
G1 F2700 X75.04 Y111.087 E3233.30421
G0 F9000 X74.76 Y111.087
G1 F2700 X74.76 Y108.913 E3233.3523
G0 F9000 X74.48 Y108.913
G1 F2700 X74.48 Y111.087 E3233.40038
G0 F9000 X74.48 Y111.375
G0 X72.832 Y111.805
G0 X72.671 Y112.378
G0 X72.308 Y112.3
;TYPE:SKIN
G1 F1800 X72.621 Y112.3 E3233.40064
G1 X72.621 Y112.2 E3233.40072
G1 X72.308 Y112.2 E3233.40098
G1 X72.308 Y112.1 E3233.40107
G1 X72.621 Y112.1 E3233.40133
G1 X72.621 Y112 E3233.40141
G1 X72.308 Y112 E3233.40167
G1 X72.308 Y111.9 E3233.40175
G1 X72.621 Y111.9 E3233.40202
G1 X72.621 Y111.8 E3233.4021
G1 X72.308 Y111.8 E3233.40236
G1 X72.308 Y111.7 E3233.40244
G1 X72.621 Y111.7 E3233.4027
G1 X72.621 Y111.6 E3233.40279
G1 X72.308 Y111.6 E3233.40305
G1 X72.308 Y111.5 E3233.40313
G1 X72.621 Y111.5 E3233.40339
G1 X72.621 Y111.4 E3233.40347
G1 X72.308 Y111.4 E3233.40373
G1 X72.308 Y111.3 E3233.40382
G1 X72.621 Y111.3 E3233.40408
G1 X72.621 Y111.2 E3233.40416
G1 X72.308 Y111.2 E3233.40442
G1 X72.308 Y111.1 E3233.4045
G1 X72.621 Y111.1 E3233.40476
G1 X72.621 Y111 E3233.40485
G1 X72.308 Y111 E3233.40511
G1 X72.308 Y110.9 E3233.40519
G1 X72.621 Y110.9 E3233.40545
G1 X72.621 Y110.8 E3233.40553
G1 X72.308 Y110.8 E3233.40579
G1 X72.308 Y110.7 E3233.40588
G1 X72.621 Y110.7 E3233.40614
G1 X72.621 Y110.6 E3233.40622
G1 X72.308 Y110.6 E3233.40648
G1 X72.308 Y110.5 E3233.40656
G1 X72.621 Y110.5 E3233.40682
G1 X72.621 Y110.4 E3233.40691
G1 X72.308 Y110.4 E3233.40717
G1 X72.308 Y110.3 E3233.40725
G1 X72.621 Y110.3 E3233.40751
G1 X72.621 Y110.2 E3233.40759
G1 X72.308 Y110.2 E3233.40785
G1 X72.308 Y110.1 E3233.40794
G1 X72.621 Y110.1 E3233.4082
G1 X72.621 Y110 E3233.40828
G1 X72.308 Y110 E3233.40854
G1 X72.308 Y109.9 E3233.40862
G1 X72.621 Y109.9 E3233.40888
G1 X72.621 Y109.8 E3233.40897
G1 X72.308 Y109.8 E3233.40923
G1 X72.308 Y109.7 E3233.40931
G1 X72.621 Y109.7 E3233.40957
G1 X72.621 Y109.6 E3233.40965
G1 X72.308 Y109.6 E3233.40991
G1 X72.308 Y109.5 E3233.41
G1 X72.621 Y109.5 E3233.41026
G1 X72.621 Y109.4 E3233.41034
G1 X72.308 Y109.4 E3233.4106
G1 X72.308 Y109.3 E3233.41068
G1 X72.621 Y109.3 E3233.41094
G1 X72.621 Y109.2 E3233.41103
G1 X72.308 Y109.2 E3233.41129
G1 X72.308 Y109.1 E3233.41137
G1 X72.621 Y109.1 E3233.41163
G1 X72.621 Y109 E3233.41171
G1 X72.308 Y109 E3233.41197
G1 X72.308 Y108.9 E3233.41206
G1 X72.621 Y108.9 E3233.41232
G1 X72.621 Y108.8 E3233.4124
G1 X72.308 Y108.8 E3233.41266
G1 X72.308 Y108.7 E3233.41274
G1 X72.621 Y108.7 E3233.413
G1 X72.621 Y108.6 E3233.41309
G1 X72.308 Y108.6 E3233.41335
G1 X72.308 Y108.5 E3233.41343
G1 X72.621 Y108.5 E3233.41369
G1 X72.621 Y108.4 E3233.41377
G1 X72.308 Y108.4 E3233.41403
G1 X72.308 Y108.3 E3233.41412
G1 X72.621 Y108.3 E3233.41438
G1 X72.621 Y108.2 E3233.41446
G1 X72.308 Y108.2 E3233.41472
G1 X72.308 Y108.1 E3233.4148
G1 X72.621 Y108.1 E3233.41506
G1 X72.621 Y108 E3233.41515
G1 X72.308 Y108 E3233.41541
G1 X72.308 Y107.9 E3233.41549
G1 X72.621 Y107.9 E3233.41575
G1 X72.621 Y107.8 E3233.41583
G1 X72.308 Y107.8 E3233.41609
G1 X72.308 Y107.7 E3233.41618
G1 X72.621 Y107.7 E3233.41644
G1 F2400 E3231.41644
G0 F9000 X72.831 Y108.195
G0 X147.169 Y111.805
G1 F1200 E3233.41644
G0 F9000 X147.379 Y112.3
G1 F1800 X147.692 Y112.3 E3233.4167
G1 X147.692 Y112.2 E3233.41678
G1 X147.379 Y112.2 E3233.41704
G1 X147.379 Y112.1 E3233.41713
G1 X147.692 Y112.1 E3233.41739
G1 X147.692 Y112 E3233.41747
G1 X147.379 Y112 E3233.41773
G1 X147.379 Y111.9 E3233.41781
G1 X147.692 Y111.9 E3233.41807
G1 X147.692 Y111.8 E3233.41816
G1 X147.379 Y111.8 E3233.41842
G1 X147.379 Y111.7 E3233.4185
G1 X147.692 Y111.7 E3233.41876
G1 X147.692 Y111.6 E3233.41884
G1 X147.379 Y111.6 E3233.4191
G1 X147.379 Y111.5 E3233.41919
G1 X147.692 Y111.5 E3233.41945
G1 X147.692 Y111.4 E3233.41953
G1 X147.379 Y111.4 E3233.41979
G1 X147.379 Y111.3 E3233.41987
G1 X147.692 Y111.3 E3233.42013
G1 X147.692 Y111.2 E3233.42022
G1 X147.379 Y111.2 E3233.42048
G1 X147.379 Y111.1 E3233.42056
G1 X147.692 Y111.1 E3233.42082
G1 X147.692 Y111 E3233.4209
G1 X147.379 Y111 E3233.42116
G1 X147.379 Y110.9 E3233.42125
G1 X147.692 Y110.9 E3233.42151
G1 X147.692 Y110.8 E3233.42159
G1 X147.379 Y110.8 E3233.42185
G1 X147.379 Y110.7 E3233.42193
G1 X147.692 Y110.7 E3233.42219
G1 X147.692 Y110.6 E3233.42228
G1 X147.379 Y110.6 E3233.42254
G1 X147.379 Y110.5 E3233.42262
G1 X147.692 Y110.5 E3233.42288
G1 X147.692 Y110.4 E3233.42296
G1 X147.379 Y110.4 E3233.42322
G1 X147.379 Y110.3 E3233.42331
G1 X147.692 Y110.3 E3233.42357
G1 X147.692 Y110.2 E3233.42365
G1 X147.379 Y110.2 E3233.42391
G1 X147.379 Y110.1 E3233.42399
G1 X147.692 Y110.1 E3233.42425
G1 X147.692 Y110 E3233.42434
G1 X147.379 Y110 E3233.4246
G1 X147.379 Y109.9 E3233.42468
G1 X147.692 Y109.9 E3233.42494
G1 X147.692 Y109.8 E3233.42502
G1 X147.379 Y109.8 E3233.42528
G1 X147.379 Y109.7 E3233.42537
G1 X147.692 Y109.7 E3233.42563
G1 X147.692 Y109.6 E3233.42571
G1 X147.379 Y109.6 E3233.42597
G1 X147.379 Y109.5 E3233.42605
G1 X147.692 Y109.5 E3233.42631
G1 X147.692 Y109.4 E3233.4264
G1 X147.379 Y109.4 E3233.42666
G1 X147.379 Y109.3 E3233.42674
G1 X147.692 Y109.3 E3233.427
G1 X147.692 Y109.2 E3233.42708
G1 X147.379 Y109.2 E3233.42734
G1 X147.379 Y109.1 E3233.42743
G1 X147.692 Y109.1 E3233.42769
G1 X147.692 Y109 E3233.42777
G1 X147.379 Y109 E3233.42803
G1 X147.379 Y108.9 E3233.42811
G1 X147.692 Y108.9 E3233.42837
G1 X147.692 Y108.8 E3233.42846
G1 X147.379 Y108.8 E3233.42872
G1 X147.379 Y108.7 E3233.4288
G1 X147.692 Y108.7 E3233.42906
G1 X147.692 Y108.6 E3233.42914
G1 X147.379 Y108.6 E3233.4294
G1 X147.379 Y108.5 E3233.42949
G1 X147.692 Y108.5 E3233.42975
G1 X147.692 Y108.4 E3233.42983
G1 X147.379 Y108.4 E3233.43009
G1 X147.379 Y108.3 E3233.43017
G1 X147.692 Y108.3 E3233.43043
G1 X147.692 Y108.2 E3233.43052
G1 X147.379 Y108.2 E3233.43078
G1 X147.379 Y108.1 E3233.43086
G1 X147.692 Y108.1 E3233.43112
G1 X147.692 Y108 E3233.4312
G1 X147.379 Y108 E3233.43147
G1 X147.379 Y107.9 E3233.43155
G1 X147.692 Y107.9 E3233.43181
G1 X147.692 Y107.8 E3233.43189
G1 X147.379 Y107.8 E3233.43215
G1 X147.379 Y107.7 E3233.43224
G1 X147.692 Y107.7 E3233.4325
G1 F2400 E3231.4325
;MESH:NONMESH
G0 F600 X147.692 Y107.7 Z17.48
G0 F9000 X147.168 Y108.195
G0 X74.193 Y108.5
;TIME_ELAPSED:2790.825611
;LAYER:86
;TYPE:WALL-INNER
;MESH:Horiz_1_edged.stl
G1 F1200 E3233.4325
G1 F3900 X74.193 Y111.5 E3233.55098
G1 X145.808 Y111.5 E3236.37952
G1 X145.808 Y108.499 E3236.49805
G1 X74.193 Y108.5 E3239.32658
G0 F9000 X73.693 Y108
G1 F3900 X73.693 Y112 E3239.48457
G1 X146.308 Y112 E3242.3526
G1 X146.308 Y107.999 E3242.51063
G1 X73.693 Y108 E3245.37866
G0 F9000 X73.217 Y107.54
;TYPE:WALL-OUTER
G1 F3000 X73.218 Y112.475 E3245.55408
G1 X146.783 Y112.475 E3248.16908
G1 X146.782 Y107.525 E3248.34504
G1 X73.246 Y107.525 E3250.959
G1 X73.217 Y107.54 E3250.96016
G0 F9000 X73.217 Y107.74
G0 X73.887 Y108.195
G0 X77.863 Y108.75
;TYPE:FILL
G1 F3000 X80.362 Y111.249 E3251.27842
G0 F9000 X85.066 Y111.249
G1 F3000 X85.735 Y108.749 E3251.51147
G0 F9000 X93.985 Y108.75
G1 F3000 X96.484 Y111.249 E3251.82972
G0 F9000 X96.868 Y111.25
G1 F3000 X97.538 Y108.749 E3252.06288
G0 F9000 X108.67 Y111.249
G1 F3000 X109.34 Y108.748 E3252.29605
G0 F9000 X110.107 Y108.75
G1 F3000 X112.606 Y111.249 E3252.6143
G0 F9000 X109.041 Y111.249
G1 F3000 X118.373 Y108.749 E3253.4843
G0 F9000 X121.142 Y108.748
G1 F3000 X120.472 Y111.25 E3253.71754
G0 F9000 X126.229 Y108.75
G1 F3000 X128.728 Y111.249 E3254.0358
G0 F9000 X132.274 Y111.249
G1 F3000 X132.944 Y108.748 E3254.26896
G0 F9000 X145.063 Y108.649
G0 X145.063 Y108.915
;TYPE:SKIN
G1 F2290.9 X145.063 Y111.085 E3254.32553
G1 X145.393 Y111.085 E3254.33413
G1 X145.393 Y108.915 E3254.3907
G1 X145.063 Y108.915 E3254.3993
G0 F9000 X145.063 Y108.649
G0 X142.415 Y108.65
G0 X142.415 Y108.773
G1 F2700 X142.415 Y111.227 E3254.45358
G1 X144.874 Y111.227 E3254.50796
G1 X144.873 Y108.773 E3254.56224
G1 X142.415 Y108.773 E3254.61661
G0 F9000 X142.555 Y108.92
G1 F2700 X144.733 Y108.92 E3254.66478
G0 F9000 X144.733 Y109.2
G1 F2700 X142.555 Y109.2 E3254.71295
G0 F9000 X142.555 Y109.48
G1 F2700 X144.733 Y109.48 E3254.76113
G0 F9000 X144.733 Y109.76
G1 F2700 X142.555 Y109.76 E3254.8093
G0 F9000 X142.555 Y110.04
G1 F2700 X144.733 Y110.04 E3254.85747
G0 F9000 X144.733 Y110.32
G1 F2700 X142.555 Y110.32 E3254.90564
G0 F9000 X142.555 Y110.6
G1 F2700 X144.733 Y110.6 E3254.95382
G0 F9000 X144.733 Y110.88
G1 F2700 X142.555 Y110.88 E3255.00199
G1 F2400 E3253.00199
G0 F9000 X142.291 Y110.88
G0 X77.636 Y108.722
G0 X74.415 Y108.722
G1 F1200 E3255.00199
G0 F9000 X74.608 Y108.915
G1 F2290.9 X74.608 Y111.085 E3255.05856
G1 X74.938 Y111.085 E3255.06716
G1 X74.937 Y108.915 E3255.12373
G1 X74.608 Y108.915 E3255.1323
G0 F9000 X75.126 Y108.773
G1 F2700 X75.126 Y111.227 E3255.18658
G1 X77.585 Y111.227 E3255.24097
G1 X77.584 Y108.773 E3255.29525
G1 X75.126 Y108.773 E3255.34961
G0 F9000 X75.266 Y108.92
G1 F2700 X77.444 Y108.92 E3255.39778
G0 F9000 X77.444 Y109.2
G1 F2700 X75.266 Y109.2 E3255.44596
G0 F9000 X75.266 Y109.48
G1 F2700 X77.444 Y109.48 E3255.49413
G0 F9000 X77.444 Y109.76
G1 F2700 X75.266 Y109.76 E3255.5423
G0 F9000 X75.266 Y110.04
G1 F2700 X77.444 Y110.04 E3255.59048
G0 F9000 X77.444 Y110.32
G1 F2700 X75.266 Y110.32 E3255.63865
G0 F9000 X75.266 Y110.6
G1 F2700 X77.444 Y110.6 E3255.68682
G0 F9000 X77.444 Y110.88
G1 F2700 X75.266 Y110.88 E3255.735
G0 F9000 X75.266 Y111.375
G0 X74.415 Y111.278
G0 X73.887 Y108.195
G0 X73.314 Y107.622
G0 X73.599 Y107.671
;TYPE:SKIN
G1 F1800 X73.599 Y112.327 E3255.73887
G1 X73.499 Y112.327 E3255.73895
G1 X73.499 Y107.671 E3255.74282
G1 X73.399 Y107.671 E3255.74291
G1 X73.399 Y112.327 E3255.74678
G1 F2400 E3253.74678
G0 F9000 X73.888 Y111.805
G0 X146.113 Y111.805
G1 F1200 E3255.74678
G0 F9000 X146.4 Y112.327
G1 F1800 X146.4 Y107.671 E3255.75065
G1 X146.5 Y107.671 E3255.75073
G1 X146.5 Y112.327 E3255.7546
G1 X146.6 Y112.327 E3255.75469
G1 X146.6 Y107.671 E3255.75856
G1 F2400 E3253.75856
;MESH:NONMESH
G0 F600 X146.6 Y107.671 Z17.68
G0 F9000 X146.112 Y108.195
G0 X75.248 Y108.5
;TIME_ELAPSED:2809.989819
;LAYER:87
;TYPE:WALL-INNER
;MESH:Horiz_1_edged.stl
G1 F1200 E3255.75856
G1 F3900 X75.248 Y111.5 E3255.87705
G1 X144.753 Y111.5 E3258.62224
G1 X144.753 Y108.499 E3258.74077
G1 X75.248 Y108.5 E3261.48597
G0 F9000 X74.748 Y108
G1 F3900 X74.748 Y112 E3261.64396
G1 X145.253 Y112 E3264.42865
G1 X145.253 Y107.999 E3264.58668
G1 X74.748 Y108 E3267.37137
G0 F9000 X74.272 Y107.54
;TYPE:WALL-OUTER
G1 F3000 X74.273 Y112.475 E3267.54679
G1 X145.728 Y112.475 E3270.08679
G1 X145.727 Y107.525 E3270.26275
G1 X74.301 Y107.525 E3272.80171
G1 X74.272 Y107.54 E3272.80287
G0 F9000 X74.272 Y107.74
G0 X74.942 Y108.195
G0 X78.691 Y108.722
G0 X78.764 Y109.35
G0 X78.663 Y109.35
;TYPE:FILL
G1 F3000 X79.818 Y110.505 E3272.87642
G0 F9000 X78.691 Y108.722
G0 X75.47 Y108.722
G0 X75.663 Y108.915
;TYPE:SKIN
G1 F2284 X75.663 Y111.085 E3272.93315
G1 X75.994 Y111.085 E3272.94181
G1 X75.993 Y108.915 E3272.99855
G1 X75.663 Y108.915 E3273.00717
G0 F9000 X76.182 Y108.773
G1 F2700 X76.182 Y111.227 E3273.06145
G1 X78.64 Y111.227 E3273.11582
G1 X78.639 Y108.773 E3273.1701
G1 X76.182 Y108.773 E3273.22444
G0 F9000 X76.182 Y108.65
G0 X78.4 Y108.65
G0 X78.4 Y108.913
G1 F2700 X78.4 Y111.087 E3273.27252
G0 F9000 X78.12 Y111.087
G1 F2700 X78.12 Y108.913 E3273.32061
G0 F9000 X77.84 Y108.913
G1 F2700 X77.84 Y111.087 E3273.36869
G0 F9000 X77.56 Y111.087
G1 F2700 X77.56 Y108.913 E3273.41678
G0 F9000 X77.28 Y108.913
G1 F2700 X77.28 Y111.087 E3273.46486
G0 F9000 X77 Y111.087
G1 F2700 X77 Y108.913 E3273.51295
G0 F9000 X76.72 Y108.913
G1 F2700 X76.72 Y111.087 E3273.56103
G0 F9000 X76.44 Y111.087
G1 F2700 X76.44 Y108.913 E3273.60912
G1 F2400 E3271.60912
G0 F9000 X76.44 Y108.65
G0 X144.006 Y108.649
G1 F1200 E3273.60912
G0 F9000 X144.006 Y108.915
G1 F2284 X144.006 Y110.919 E3273.66151
G1 X144.007 Y111.085 E3273.66585
G1 X144.338 Y111.085 E3273.67451
G1 X144.338 Y108.914 E3273.73127
G1 X144.006 Y108.915 E3273.73995
G0 F9000 X144.006 Y108.649
G0 X141.36 Y108.65
G0 X141.36 Y108.773
G1 F2700 X141.36 Y111.227 E3273.79423
G1 X143.818 Y111.227 E3273.8486
G1 X143.817 Y108.773 E3273.90287
G1 X141.36 Y108.773 E3273.95722
G0 F9000 X141.36 Y108.65
G0 X143.64 Y108.649
G0 X143.64 Y108.913
G1 F2700 X143.64 Y111.087 E3274.0053
G0 F9000 X143.36 Y111.087
G1 F2700 X143.36 Y108.913 E3274.05339
G0 F9000 X143.08 Y108.913
G1 F2700 X143.08 Y111.087 E3274.10147
G0 F9000 X142.8 Y111.087
G1 F2700 X142.8 Y108.913 E3274.14956
G0 F9000 X142.52 Y108.913
G1 F2700 X142.52 Y111.087 E3274.19764
G0 F9000 X142.24 Y111.087
G1 F2700 X142.24 Y108.913 E3274.24573
G0 F9000 X141.96 Y108.913
G1 F2700 X141.96 Y111.087 E3274.29381
G0 F9000 X141.68 Y111.087
G1 F2700 X141.68 Y108.913 E3274.34189
G0 F9000 X141.68 Y108.625
G0 X145.057 Y108.195
G0 X145.219 Y107.622
G0 X145.581 Y107.7
;TYPE:SKIN
G1 F1800 X145.269 Y107.7 E3274.34215
G1 X145.269 Y107.8 E3274.34224
G1 X145.581 Y107.8 E3274.3425
G1 X145.581 Y107.9 E3274.34258
G1 X145.269 Y107.9 E3274.34284
G1 X145.269 Y108 E3274.34292
G1 X145.581 Y108 E3274.34318
G1 X145.581 Y108.1 E3274.34326
G1 X145.269 Y108.1 E3274.34352
G1 X145.269 Y108.2 E3274.34361
G1 X145.581 Y108.2 E3274.34387
G1 X145.581 Y108.3 E3274.34395
G1 X145.269 Y108.3 E3274.34421
G1 X145.269 Y108.4 E3274.34429
G1 X145.581 Y108.4 E3274.34455
G1 X145.581 Y108.5 E3274.34464
G1 X145.269 Y108.5 E3274.34489
G1 X145.269 Y108.6 E3274.34498
G1 X145.581 Y108.6 E3274.34524
G1 X145.581 Y108.7 E3274.34532
G1 X145.269 Y108.7 E3274.34558
G1 X145.269 Y108.8 E3274.34566
G1 X145.581 Y108.8 E3274.34592
G1 X145.581 Y108.9 E3274.34601
G1 X145.269 Y108.9 E3274.34626
G1 X145.269 Y109 E3274.34635
G1 X145.581 Y109 E3274.34661
G1 X145.581 Y109.1 E3274.34669
G1 X145.269 Y109.1 E3274.34695
G1 X145.269 Y109.2 E3274.34703
G1 X145.581 Y109.2 E3274.34729
G1 X145.581 Y109.3 E3274.34738
G1 X145.269 Y109.3 E3274.34764
G1 X145.269 Y109.4 E3274.34772
G1 X145.581 Y109.4 E3274.34798
G1 X145.581 Y109.5 E3274.34806
G1 X145.269 Y109.5 E3274.34832
G1 X145.269 Y109.6 E3274.3484
G1 X145.581 Y109.6 E3274.34866
G1 X145.581 Y109.7 E3274.34875
G1 X145.269 Y109.7 E3274.34901
G1 X145.269 Y109.8 E3274.34909
G1 X145.581 Y109.8 E3274.34935
G1 X145.581 Y109.9 E3274.34943
G1 X145.269 Y109.9 E3274.34969
G1 X145.269 Y110 E3274.34977
G1 X145.581 Y110 E3274.35003
G1 X145.581 Y110.1 E3274.35012
G1 X145.269 Y110.1 E3274.35038
G1 X145.269 Y110.2 E3274.35046
G1 X145.581 Y110.2 E3274.35072
G1 X145.581 Y110.3 E3274.3508
G1 X145.269 Y110.3 E3274.35106
G1 X145.269 Y110.4 E3274.35114
G1 X145.581 Y110.4 E3274.3514
G1 X145.581 Y110.5 E3274.35149
G1 X145.269 Y110.5 E3274.35175
G1 X145.269 Y110.6 E3274.35183
G1 X145.581 Y110.6 E3274.35209
G1 X145.581 Y110.7 E3274.35217
G1 X145.269 Y110.7 E3274.35243
G1 X145.269 Y110.8 E3274.35251
G1 X145.581 Y110.8 E3274.35277
G1 X145.581 Y110.9 E3274.35286
G1 X145.269 Y110.9 E3274.35312
G1 X145.269 Y111 E3274.3532
G1 X145.581 Y111 E3274.35346
G1 X145.581 Y111.1 E3274.35354
G1 X145.269 Y111.1 E3274.3538
G1 X145.269 Y111.2 E3274.35388
G1 X145.581 Y111.2 E3274.35414
G1 X145.581 Y111.3 E3274.35423
G1 X145.269 Y111.3 E3274.35449
G1 X145.269 Y111.4 E3274.35457
G1 X145.581 Y111.4 E3274.35483
G1 X145.581 Y111.5 E3274.35491
G1 X145.269 Y111.5 E3274.35517
G1 X145.269 Y111.6 E3274.35526
G1 X145.581 Y111.6 E3274.35551
G1 X145.581 Y111.7 E3274.3556
G1 X145.269 Y111.7 E3274.35586
G1 X145.269 Y111.8 E3274.35594
G1 X145.581 Y111.8 E3274.3562
G1 X145.581 Y111.9 E3274.35628
G1 X145.269 Y111.9 E3274.35654
G1 X145.269 Y112 E3274.35663
G1 X145.581 Y112 E3274.35688
G1 X145.581 Y112.1 E3274.35697
G1 X145.269 Y112.1 E3274.35723
G1 X145.269 Y112.2 E3274.35731
G1 X145.581 Y112.2 E3274.35757
G1 X145.581 Y112.3 E3274.35765
G1 X145.269 Y112.3 E3274.35791
G1 F2400 E3272.35791
G0 F9000 X145.058 Y111.805
G0 X74.942 Y108.195
G1 F1200 E3274.35791
G0 F9000 X74.731 Y107.7
G1 F1800 X74.419 Y107.7 E3274.35817
G1 X74.419 Y107.8 E3274.35826
G1 X74.731 Y107.8 E3274.35851
G1 X74.731 Y107.9 E3274.3586
G1 X74.419 Y107.9 E3274.35886
G1 X74.419 Y108 E3274.35894
G1 X74.731 Y108 E3274.3592
G1 X74.731 Y108.1 E3274.35928
G1 X74.419 Y108.1 E3274.35954
G1 X74.419 Y108.2 E3274.35963
G1 X74.731 Y108.2 E3274.35989
G1 X74.731 Y108.3 E3274.35997
G1 X74.419 Y108.3 E3274.36023
G1 X74.419 Y108.4 E3274.36031
G1 X74.731 Y108.4 E3274.36057
G1 X74.731 Y108.5 E3274.36065
G1 X74.419 Y108.5 E3274.36091
G1 X74.419 Y108.6 E3274.361
G1 X74.731 Y108.6 E3274.36126
G1 X74.731 Y108.7 E3274.36134
G1 X74.419 Y108.7 E3274.3616
G1 X74.419 Y108.8 E3274.36168
G1 X74.731 Y108.8 E3274.36194
G1 X74.731 Y108.9 E3274.36202
G1 X74.419 Y108.9 E3274.36228
G1 X74.419 Y109 E3274.36237
G1 X74.731 Y109 E3274.36263
G1 X74.731 Y109.1 E3274.36271
G1 X74.419 Y109.1 E3274.36297
G1 X74.419 Y109.2 E3274.36305
G1 X74.731 Y109.2 E3274.36331
G1 X74.731 Y109.3 E3274.36339
G1 X74.419 Y109.3 E3274.36365
G1 X74.419 Y109.4 E3274.36374
G1 X74.731 Y109.4 E3274.364
G1 X74.731 Y109.5 E3274.36408
G1 X74.419 Y109.5 E3274.36434
G1 X74.419 Y109.6 E3274.36442
G1 X74.731 Y109.6 E3274.36468
G1 X74.731 Y109.7 E3274.36476
G1 X74.419 Y109.7 E3274.36502
G1 X74.419 Y109.8 E3274.36511
G1 X74.731 Y109.8 E3274.36537
G1 X74.731 Y109.9 E3274.36545
G1 X74.419 Y109.9 E3274.36571
G1 X74.419 Y110 E3274.36579
G1 X74.731 Y110 E3274.36605
G1 X74.731 Y110.1 E3274.36613
G1 X74.419 Y110.1 E3274.36639
G1 X74.419 Y110.2 E3274.36648
G1 X74.731 Y110.2 E3274.36674
G1 X74.731 Y110.3 E3274.36682
G1 X74.419 Y110.3 E3274.36708
G1 X74.419 Y110.4 E3274.36716
G1 X74.731 Y110.4 E3274.36742
G1 X74.731 Y110.5 E3274.3675
G1 X74.419 Y110.5 E3274.36776
G1 X74.419 Y110.6 E3274.36785
G1 X74.731 Y110.6 E3274.36811
G1 X74.731 Y110.7 E3274.36819
G1 X74.419 Y110.7 E3274.36845
G1 X74.419 Y110.8 E3274.36853
G1 X74.731 Y110.8 E3274.36879
G1 X74.731 Y110.9 E3274.36888
G1 X74.419 Y110.9 E3274.36913
G1 X74.419 Y111 E3274.36922
G1 X74.731 Y111 E3274.36948
G1 X74.731 Y111.1 E3274.36956
G1 X74.419 Y111.1 E3274.36982
G1 X74.419 Y111.2 E3274.3699
G1 X74.731 Y111.2 E3274.37016
G1 X74.731 Y111.3 E3274.37025
G1 X74.419 Y111.3 E3274.3705
G1 X74.419 Y111.4 E3274.37059
G1 X74.731 Y111.4 E3274.37085
G1 X74.731 Y111.5 E3274.37093
G1 X74.419 Y111.5 E3274.37119
G1 X74.419 Y111.6 E3274.37127
G1 X74.731 Y111.6 E3274.37153
G1 X74.731 Y111.7 E3274.37162
G1 X74.419 Y111.7 E3274.37188
G1 X74.419 Y111.8 E3274.37196
G1 X74.731 Y111.8 E3274.37222
G1 X74.731 Y111.9 E3274.3723
G1 X74.419 Y111.9 E3274.37256
G1 X74.419 Y112 E3274.37264
G1 X74.731 Y112 E3274.3729
G1 X74.731 Y112.1 E3274.37299
G1 X74.419 Y112.1 E3274.37325
G1 X74.419 Y112.2 E3274.37333
G1 X74.731 Y112.2 E3274.37359
G1 X74.731 Y112.3 E3274.37367
G1 X74.419 Y112.3 E3274.37393
;MESH:NONMESH
G0 F600 X74.419 Y112.3 Z17.88
G0 F9000 X74.943 Y111.805
G0 X75.47 Y108.722
G0 X76.303 Y108.5
;TIME_ELAPSED:2827.324286
;LAYER:88
;TYPE:WALL-INNER
;MESH:Horiz_1_edged.stl
G1 F3900 X76.303 Y111.5 E3274.49242
G1 X143.698 Y111.5 E3277.15428
G1 X143.698 Y108.499 E3277.27281
G1 X76.303 Y108.5 E3279.93467
G0 F9000 X75.803 Y108
G1 F3900 X75.803 Y112 E3280.09266
G1 X144.198 Y112 E3282.79401
G1 X144.198 Y107.999 E3282.95204
G1 X75.803 Y108 E3285.65339
G0 F9000 X75.327 Y107.54
;TYPE:WALL-OUTER
G1 F3000 X75.328 Y112.475 E3285.82882
G1 X144.673 Y112.475 E3288.29381
G1 X144.672 Y107.525 E3288.46977
G1 X75.356 Y107.525 E3290.93373
G1 X75.327 Y107.54 E3290.93489
G0 F9000 X75.327 Y107.74
G0 X75.997 Y108.195
G0 X79.845 Y108.722
G0 X79.918 Y110.303
G0 X79.817 Y110.303
;TYPE:FILL
G1 F3000 X80.762 Y111.249 E3291.0553
G0 F9000 X84.773 Y111.249
G1 F3000 X85.443 Y108.748 E3291.28846
G0 F9000 X94.386 Y108.75
G1 F3000 X96.884 Y111.249 E3291.60665
G0 F9000 X96.575 Y111.249
G1 F3000 X97.245 Y108.748 E3291.83981
G0 F9000 X108.377 Y111.249
G1 F3000 X109.047 Y108.749 E3292.07288
G0 F9000 X110.508 Y108.75
G1 F3000 X113.006 Y111.249 E3292.39107
G0 F9000 X110.134 Y111.249
G1 F3000 X119.465 Y108.749 E3293.26098
G0 F9000 X120.849 Y108.748
G1 F3000 X120.179 Y111.249 E3293.49415
G0 F9000 X126.63 Y108.75
G1 F3000 X129.129 Y111.249 E3293.8124
G0 F9000 X131.981 Y111.25
G1 F3000 X132.651 Y108.748 E3294.04565
G0 F9000 X142.951 Y108.649
G0 X142.951 Y108.915
;TYPE:SKIN
G1 F2284 X142.952 Y111.085 E3294.10239
G1 X143.283 Y111.085 E3294.11104
G1 X143.283 Y108.914 E3294.1678
G1 X142.951 Y108.915 E3294.17649
G0 F9000 X142.951 Y108.649
G0 X140.206 Y108.65
G0 X140.206 Y108.773
G1 F2700 X140.206 Y111.227 E3294.23076
G1 X142.764 Y111.227 E3294.28734
G1 X142.763 Y108.773 E3294.34162
G1 X140.206 Y108.773 E3294.39817
G0 F9000 X140.346 Y108.92
G1 F2700 X142.624 Y108.92 E3294.44856
G0 F9000 X142.624 Y109.2
G1 F2700 X140.346 Y109.2 E3294.49894
G0 F9000 X140.346 Y109.48
G1 F2700 X142.624 Y109.48 E3294.54933
G0 F9000 X142.624 Y109.76
G1 F2700 X140.346 Y109.76 E3294.59971
G0 F9000 X140.346 Y110.04
G1 F2700 X142.624 Y110.04 E3294.6501
G0 F9000 X142.624 Y110.32
G1 F2700 X140.346 Y110.32 E3294.70048
G0 F9000 X140.346 Y110.6
G1 F2700 X142.624 Y110.6 E3294.75087
G0 F9000 X142.624 Y110.88
G1 F2700 X140.346 Y110.88 E3294.80125
G1 F2400 E3292.80125
G0 F9000 X140.082 Y110.88
G0 X79.845 Y108.722
G0 X76.525 Y108.722
G1 F1200 E3294.80125
G0 F9000 X76.718 Y108.915
G1 F2284 X76.718 Y111.085 E3294.85799
G1 X77.049 Y111.085 E3294.86664
G1 X77.048 Y108.915 E3294.92338
G1 X76.718 Y108.915 E3294.93201
G0 F9000 X77.237 Y108.773
G1 F2700 X77.237 Y111.227 E3294.98629
G1 X79.795 Y111.227 E3295.04287
G1 X79.794 Y108.773 E3295.09714
G1 X77.237 Y108.773 E3295.1537
G0 F9000 X77.377 Y108.92
G1 F2700 X79.655 Y108.92 E3295.20408
G0 F9000 X79.655 Y109.2
G1 F2700 X77.377 Y109.2 E3295.25447
G0 F9000 X77.377 Y109.48
G1 F2700 X79.655 Y109.48 E3295.30485
G0 F9000 X79.655 Y109.76
G1 F2700 X77.377 Y109.76 E3295.35524
G0 F9000 X77.377 Y110.04
G1 F2700 X79.655 Y110.04 E3295.40562
G0 F9000 X79.655 Y110.32
G1 F2700 X77.377 Y110.32 E3295.45601
G0 F9000 X77.377 Y110.6
G1 F2700 X79.655 Y110.6 E3295.50639
G0 F9000 X79.655 Y110.88
G1 F2700 X77.377 Y110.88 E3295.55678
G0 F9000 X77.377 Y111.375
G1 F2400 E3293.55678
G0 F9000 X144.003 Y111.805
G1 F1200 E3295.55678
G0 F9000 X144.4 Y112.327
G0 X144.003 Y111.805
G0 X144.002 Y108.195
G0 X144.3 Y107.671
;TYPE:SKIN
G1 F1800 X144.4 Y107.671 E3295.55686
G1 X144.5 Y107.671 E3295.55694
G1 X144.5 Y112.327 E3295.56082
G1 X144.4 Y112.327 E3295.5609
G1 X144.3 Y112.327 E3295.56098
G1 X144.3 Y107.671 E3295.56485
G1 F2400 E3293.56485
G0 F9000 X144.002 Y108.195
G0 X75.997 Y108.195
G1 F1200 E3295.56485
G0 F9000 X75.499 Y107.671
G1 F1800 X75.599 Y107.671 E3295.56494
G1 X75.699 Y107.671 E3295.56502
G1 X75.699 Y112.327 E3295.56889
G1 X75.599 Y112.327 E3295.56897
G1 X75.499 Y112.327 E3295.56906
G1 X75.499 Y107.671 E3295.57293
G0 F9000 X75.424 Y107.622
G0 X75.599 Y107.671
G1 F1800 X75.599 Y112.327 E3295.5768
G1 F2400 E3293.5768
G0 F9000 X75.998 Y111.805
G0 X144.003 Y111.805
G1 F1200 E3295.5768
G0 F9000 X144.4 Y112.327
G1 F1800 X144.4 Y107.671 E3295.58067
G1 F2400 E3293.58067
;MESH:NONMESH
G0 F600 X144.4 Y107.671 Z18.08
G0 F9000 X144.002 Y108.195
G0 X77.359 Y108.5
;TIME_ELAPSED:2847.910039
;LAYER:89
;TYPE:WALL-INNER
;MESH:Horiz_1_edged.stl
G1 F1200 E3295.58067
G1 F3900 X77.359 Y111.5 E3295.69916
G1 X142.642 Y111.5 E3298.27761
G1 X142.642 Y108.499 E3298.39613
G1 X77.359 Y108.5 E3300.97458
G0 F9000 X76.859 Y108
G1 F3900 X76.859 Y112 E3301.13256
G1 X143.142 Y112 E3303.7505
G1 X143.142 Y107.999 E3303.90853
G1 X76.859 Y108 E3306.52647
G0 F9000 X76.383 Y107.54
;TYPE:WALL-OUTER
G1 F3000 X76.384 Y112.475 E3306.70189
G1 X143.617 Y112.475 E3309.09181
G1 X143.616 Y107.525 E3309.26777
G1 X76.412 Y107.525 E3311.65665
G1 X76.383 Y107.54 E3311.65781
G0 F9000 X76.383 Y107.74
G0 X77.053 Y108.195
G0 X77.509 Y108.94
G0 X77.799 Y108.94
;TYPE:SKIN
G1 F1989.5 X77.799 Y111.06 E3311.72145
G1 X78.178 Y111.06 E3311.73283
G1 X78.177 Y108.94 E3311.79646
G1 X77.799 Y108.94 E3311.80781
G0 F9000 X78.391 Y108.773
G1 F2700 X78.391 Y111.227 E3311.86209
G1 X81.091 Y111.227 E3311.9218
G1 X81.09 Y108.773 E3311.97608
G1 X78.391 Y108.773 E3312.03578
G0 F9000 X78.391 Y108.65
G0 X80.92 Y108.65
G0 X80.92 Y108.913
G1 F2700 X80.92 Y111.087 E3312.08386
G0 F9000 X80.64 Y111.087
G1 F2700 X80.64 Y108.913 E3312.13195
G0 F9000 X80.36 Y108.913
G1 F2700 X80.36 Y111.087 E3312.18003
G0 F9000 X80.08 Y111.087
G1 F2700 X80.08 Y108.913 E3312.22812
G0 F9000 X79.8 Y108.913
G1 F2700 X79.8 Y111.087 E3312.2762
G0 F9000 X79.52 Y111.087
G1 F2700 X79.52 Y108.913 E3312.32429
G0 F9000 X79.24 Y108.913
G1 F2700 X79.24 Y111.087 E3312.37237
G0 F9000 X78.96 Y111.087
G1 F2700 X78.96 Y108.913 E3312.42045
G0 F9000 X78.68 Y108.913
G1 F2700 X78.68 Y111.087 E3312.46854
G1 F2400 E3310.46854
G0 F9000 X78.68 Y111.35
G0 X81.142 Y111.278
G0 X138.858 Y108.722
G0 X141.822 Y108.649
G1 F1200 E3312.46854
G0 F9000 X141.822 Y108.94
G1 F1989.5 X141.823 Y111.06 E3312.53218
G1 X142.202 Y111.06 E3312.54355
G1 X142.202 Y108.939 E3312.60722
G1 X141.822 Y108.94 E3312.61863
G0 F9000 X141.822 Y108.649
G0 X138.91 Y108.65
G0 X138.91 Y108.773
G1 F2700 X138.91 Y111.227 E3312.6729
G1 X141.61 Y111.227 E3312.73262
G1 X141.609 Y108.773 E3312.7869
G1 X138.91 Y108.773 E3312.8466
G0 F9000 X138.91 Y108.65
G0 X141.4 Y108.649
G0 X141.4 Y108.913
G1 F2700 X141.4 Y111.087 E3312.89468
G0 F9000 X141.12 Y111.087
G1 F2700 X141.12 Y108.913 E3312.94276
G0 F9000 X140.84 Y108.913
G1 F2700 X140.84 Y111.087 E3312.99085
G0 F9000 X140.56 Y111.087
G1 F2700 X140.56 Y108.913 E3313.03893
G0 F9000 X140.28 Y108.913
G1 F2700 X140.28 Y111.087 E3313.08702
G0 F9000 X140 Y111.087
G1 F2700 X140 Y108.913 E3313.1351
G0 F9000 X139.72 Y108.913
G1 F2700 X139.72 Y111.087 E3313.18319
G0 F9000 X139.44 Y111.087
G1 F2700 X139.44 Y108.913 E3313.23127
G0 F9000 X139.16 Y108.913
G1 F2700 X139.16 Y111.087 E3313.27936
G0 F9000 X139.16 Y111.375
G0 X142.42 Y111.278
G0 X142.946 Y108.195
G0 X143.108 Y107.622
G0 X143.47 Y107.7
;TYPE:SKIN
G1 F1800 X143.158 Y107.7 E3313.27962
G1 X143.158 Y107.8 E3313.2797
G1 X143.47 Y107.8 E3313.27996
G1 X143.47 Y107.9 E3313.28004
G1 X143.158 Y107.9 E3313.2803
G1 X143.158 Y108 E3313.28038
G1 X143.47 Y108 E3313.28064
G1 X143.47 Y108.1 E3313.28073
G1 X143.158 Y108.1 E3313.28099
G1 X143.158 Y108.2 E3313.28107
G1 X143.47 Y108.2 E3313.28133
G1 X143.47 Y108.3 E3313.28141
G1 X143.158 Y108.3 E3313.28167
G1 X143.158 Y108.4 E3313.28175
G1 X143.47 Y108.4 E3313.28201
G1 X143.47 Y108.5 E3313.2821
G1 X143.158 Y108.5 E3313.28236
G1 X143.158 Y108.6 E3313.28244
G1 X143.47 Y108.6 E3313.2827
G1 X143.47 Y108.7 E3313.28278
G1 X143.158 Y108.7 E3313.28304
G1 X143.158 Y108.8 E3313.28312
G1 X143.47 Y108.8 E3313.28338
G1 X143.47 Y108.9 E3313.28347
G1 X143.158 Y108.9 E3313.28373
G1 X143.158 Y109 E3313.28381
G1 X143.47 Y109 E3313.28407
G1 X143.47 Y109.1 E3313.28415
G1 X143.158 Y109.1 E3313.28441
G1 X143.158 Y109.2 E3313.28449
G1 X143.47 Y109.2 E3313.28475
G1 X143.47 Y109.3 E3313.28484
G1 X143.158 Y109.3 E3313.2851
G1 X143.158 Y109.4 E3313.28518
G1 X143.47 Y109.4 E3313.28544
G1 X143.47 Y109.5 E3313.28552
G1 X143.158 Y109.5 E3313.28578
G1 X143.158 Y109.6 E3313.28587
G1 X143.47 Y109.6 E3313.28612
G1 X143.47 Y109.7 E3313.28621
G1 X143.158 Y109.7 E3313.28647
G1 X143.158 Y109.8 E3313.28655
G1 X143.47 Y109.8 E3313.28681
G1 X143.47 Y109.9 E3313.28689
G1 X143.158 Y109.9 E3313.28715
G1 X143.158 Y110 E3313.28724
G1 X143.47 Y110 E3313.28749
G1 X143.47 Y110.1 E3313.28758
G1 X143.158 Y110.1 E3313.28784
G1 X143.158 Y110.2 E3313.28792
G1 X143.47 Y110.2 E3313.28818
G1 X143.47 Y110.3 E3313.28826
G1 X143.158 Y110.3 E3313.28852
G1 X143.158 Y110.4 E3313.28861
G1 X143.47 Y110.4 E3313.28887
G1 X143.47 Y110.5 E3313.28895
G1 X143.158 Y110.5 E3313.28921
G1 X143.158 Y110.6 E3313.28929
G1 X143.47 Y110.6 E3313.28955
G1 X143.47 Y110.7 E3313.28963
G1 X143.158 Y110.7 E3313.28989
G1 X143.158 Y110.8 E3313.28998
G1 X143.47 Y110.8 E3313.29024
G1 X143.47 Y110.9 E3313.29032
G1 X143.158 Y110.9 E3313.29058
G1 X143.158 Y111 E3313.29066
G1 X143.47 Y111 E3313.29092
G1 X143.47 Y111.1 E3313.291
G1 X143.158 Y111.1 E3313.29126
G1 X143.158 Y111.2 E3313.29135
G1 X143.47 Y111.2 E3313.29161
G1 X143.47 Y111.3 E3313.29169
G1 X143.158 Y111.3 E3313.29195
G1 X143.158 Y111.4 E3313.29203
G1 X143.47 Y111.4 E3313.29229
G1 X143.47 Y111.5 E3313.29237
G1 X143.158 Y111.5 E3313.29263
G1 X143.158 Y111.6 E3313.29272
G1 X143.47 Y111.6 E3313.29298
G1 X143.47 Y111.7 E3313.29306
G1 X143.158 Y111.7 E3313.29332
G1 X143.158 Y111.8 E3313.2934
G1 X143.47 Y111.8 E3313.29366
G1 X143.47 Y111.9 E3313.29374
G1 X143.158 Y111.9 E3313.294
G1 X143.158 Y112 E3313.29409
G1 X143.47 Y112 E3313.29435
G1 X143.47 Y112.1 E3313.29443
G1 X143.158 Y112.1 E3313.29469
G1 X143.158 Y112.2 E3313.29477
G1 X143.47 Y112.2 E3313.29503
G1 X143.47 Y112.3 E3313.29511
G1 X143.158 Y112.3 E3313.29537
G1 F2400 E3311.29537
G0 F9000 X142.947 Y111.805
G0 X77.053 Y108.195
G1 F1200 E3313.29537
G0 F9000 X76.842 Y107.7
G1 F1800 X76.53 Y107.7 E3313.29563
G1 X76.53 Y107.8 E3313.29572
G1 X76.842 Y107.8 E3313.29598
G1 X76.842 Y107.9 E3313.29606
G1 X76.53 Y107.9 E3313.29632
G1 X76.53 Y108 E3313.2964
G1 X76.842 Y108 E3313.29666
G1 X76.842 Y108.1 E3313.29674
G1 X76.53 Y108.1 E3313.297
G1 X76.53 Y108.2 E3313.29709
G1 X76.842 Y108.2 E3313.29735
G1 X76.842 Y108.3 E3313.29743
G1 X76.53 Y108.3 E3313.29769
G1 X76.53 Y108.4 E3313.29777
G1 X76.842 Y108.4 E3313.29803
G1 X76.842 Y108.5 E3313.29811
G1 X76.53 Y108.5 E3313.29837
G1 X76.53 Y108.6 E3313.29846
G1 X76.842 Y108.6 E3313.29872
G1 X76.842 Y108.7 E3313.2988
G1 X76.53 Y108.7 E3313.29906
G1 X76.53 Y108.8 E3313.29914
G1 X76.842 Y108.8 E3313.2994
G1 X76.842 Y108.9 E3313.29949
G1 X76.53 Y108.9 E3313.29974
G1 X76.53 Y109 E3313.29983
G1 X76.842 Y109 E3313.30009
G1 X76.842 Y109.1 E3313.30017
G1 X76.53 Y109.1 E3313.30043
G1 X76.53 Y109.2 E3313.30051
G1 X76.842 Y109.2 E3313.30077
G1 X76.842 Y109.3 E3313.30086
G1 X76.53 Y109.3 E3313.30111
G1 X76.53 Y109.4 E3313.3012
G1 X76.842 Y109.4 E3313.30146
G1 X76.842 Y109.5 E3313.30154
G1 X76.53 Y109.5 E3313.3018
G1 X76.53 Y109.6 E3313.30188
G1 X76.842 Y109.6 E3313.30214
G1 X76.842 Y109.7 E3313.30223
G1 X76.53 Y109.7 E3313.30249
G1 X76.53 Y109.8 E3313.30257
G1 X76.842 Y109.8 E3313.30283
G1 X76.842 Y109.9 E3313.30291
G1 X76.53 Y109.9 E3313.30317
G1 X76.53 Y110 E3313.30325
G1 X76.842 Y110 E3313.30351
G1 X76.842 Y110.1 E3313.3036
G1 X76.53 Y110.1 E3313.30386
G1 X76.53 Y110.2 E3313.30394
G1 X76.842 Y110.2 E3313.3042
G1 X76.842 Y110.3 E3313.30428
G1 X76.53 Y110.3 E3313.30454
G1 X76.53 Y110.4 E3313.30462
G1 X76.842 Y110.4 E3313.30488
G1 X76.842 Y110.5 E3313.30497
G1 X76.53 Y110.5 E3313.30523
G1 X76.53 Y110.6 E3313.30531
G1 X76.842 Y110.6 E3313.30557
G1 X76.842 Y110.7 E3313.30565
G1 X76.53 Y110.7 E3313.30591
G1 X76.53 Y110.8 E3313.30599
G1 X76.842 Y110.8 E3313.30625
G1 X76.842 Y110.9 E3313.30634
G1 X76.53 Y110.9 E3313.3066
G1 X76.53 Y111 E3313.30668
G1 X76.842 Y111 E3313.30694
G1 X76.842 Y111.1 E3313.30702
G1 X76.53 Y111.1 E3313.30728
G1 X76.53 Y111.2 E3313.30736
G1 X76.842 Y111.2 E3313.30762
G1 X76.842 Y111.3 E3313.30771
G1 X76.53 Y111.3 E3313.30797
G1 X76.53 Y111.4 E3313.30805
G1 X76.842 Y111.4 E3313.30831
G1 X76.842 Y111.5 E3313.30839
G1 X76.53 Y111.5 E3313.30865
G1 X76.53 Y111.6 E3313.30873
G1 X76.842 Y111.6 E3313.30899
G1 X76.842 Y111.7 E3313.30908
G1 X76.53 Y111.7 E3313.30934
G1 X76.53 Y111.8 E3313.30942
G1 X76.842 Y111.8 E3313.30968
G1 X76.842 Y111.9 E3313.30976
G1 X76.53 Y111.9 E3313.31002
G1 X76.53 Y112 E3313.31011
G1 X76.842 Y112 E3313.31036
G1 X76.842 Y112.1 E3313.31045
G1 X76.53 Y112.1 E3313.31071
G1 X76.53 Y112.2 E3313.31079
G1 X76.842 Y112.2 E3313.31105
G1 X76.842 Y112.3 E3313.31113
G1 X76.53 Y112.3 E3313.31139
;MESH:NONMESH
G0 F600 X76.53 Y112.3 Z18.28
G0 F9000 X77.054 Y111.805
G0 X77.581 Y108.722
G0 X78.414 Y108.5
;TIME_ELAPSED:2864.769988
;LAYER:90
;TYPE:WALL-INNER
;MESH:Horiz_1_edged.stl
G1 F3900 X78.414 Y111.5 E3313.42988
G1 X141.587 Y111.5 E3315.92499
G1 X141.587 Y108.499 E3316.04352
G1 X78.414 Y108.5 E3318.53862
G0 F9000 X77.914 Y108
G1 F3900 X77.914 Y112 E3318.69661
G1 X142.087 Y112 E3321.23121
G1 X142.087 Y107.999 E3321.38924
G1 X77.914 Y108 E3323.92384
G0 F9000 X77.438 Y107.54
;TYPE:WALL-OUTER
G1 F3000 X77.439 Y112.475 E3324.09926
G1 X142.562 Y112.475 E3326.41418
G1 X142.561 Y107.525 E3326.59013
G1 X77.467 Y107.525 E3328.90401
G1 X77.438 Y107.54 E3328.90517
G0 F9000 X77.438 Y107.74
G0 X78.108 Y108.195
G0 X85.151 Y108.748
;TYPE:FILL
G1 F3000 X84.48 Y111.25 E3329.13845
G0 F9000 X94.784 Y108.75
G1 F3000 X97.283 Y111.249 E3329.4567
G0 F9000 X96.283 Y111.249
G1 F3000 X96.953 Y108.748 E3329.68986
G0 F9000 X108.085 Y111.25
G1 F3000 X108.755 Y108.748 E3329.92311
G0 F9000 X110.906 Y108.75
G1 F3000 X113.405 Y111.249 E3330.24136
G0 F9000 X111.224 Y111.249
G1 F3000 X120.555 Y108.749 E3331.11127
G1 X120.557 Y108.749
G1 X119.887 Y111.249 E3331.34435
G0 F9000 X127.028 Y108.75
G1 F3000 X129.527 Y111.249 E3331.6626
G0 F9000 X131.689 Y111.249
G1 F3000 X132.359 Y108.748 E3331.89576
G0 F9000 X140.477 Y108.649
G0 X140.477 Y108.89
;TYPE:SKIN
G1 F2700 X140.477 Y111.11 E3331.94486
G1 X141.197 Y111.11 E3331.96079
G1 X141.197 Y108.89 E3332.00989
G1 X140.477 Y108.89 E3332.02582
G0 F9000 X140.617 Y109.2
;TYPE:SKIN
G1 F3000 X141.057 Y109.2 E3332.03555
G0 F9000 X141.057 Y109.48
G1 F3000 X140.617 Y109.48 E3332.04528
G0 F9000 X140.617 Y109.76
G1 F3000 X141.057 Y109.76 E3332.05501
G0 F9000 X141.057 Y110.04
G1 F3000 X140.617 Y110.04 E3332.06474
G0 F9000 X140.617 Y110.32
G1 F3000 X141.057 Y110.32 E3332.07448
G0 F9000 X141.057 Y110.6
G1 F3000 X140.617 Y110.6 E3332.08421
G0 F9000 X140.617 Y110.88
G1 F3000 X141.057 Y110.88 E3332.09394
G0 F9000 X141.437 Y110.88
G0 X141.365 Y108.721
G0 X137.615 Y108.65
G0 X137.615 Y108.773
;TYPE:SKIN
G1 F2700 X137.615 Y111.227 E3332.14822
G1 X140.314 Y111.227 E3332.20791
G1 X140.313 Y108.773 E3332.26219
G1 X137.615 Y108.773 E3332.32187
G0 F9000 X137.755 Y108.92
G1 F2700 X140.174 Y108.92 E3332.37537
G0 F9000 X140.174 Y109.2
G1 F2700 X137.755 Y109.2 E3332.42887
G0 F9000 X137.755 Y109.48
G1 F2700 X140.174 Y109.48 E3332.48238
G0 F9000 X140.174 Y109.76
G1 F2700 X137.755 Y109.76 E3332.53588
G0 F9000 X137.755 Y110.04
G1 F2700 X140.174 Y110.04 E3332.58938
G0 F9000 X140.174 Y110.32
G1 F2700 X137.755 Y110.32 E3332.64289
G0 F9000 X137.755 Y110.6
G1 F2700 X140.174 Y110.6 E3332.69639
G0 F9000 X140.174 Y110.88
G1 F2700 X137.755 Y110.88 E3332.74989
G1 F2400 E3330.74989
G0 F9000 X137.491 Y110.88
G0 X82.436 Y108.722
G0 X78.636 Y108.722
G1 F1200 E3332.74989
G0 F9000 X78.804 Y108.89
G1 F2700 X78.804 Y111.11 E3332.79899
G1 X79.524 Y111.11 E3332.81492
G1 X79.523 Y108.89 E3332.86402
G1 X78.804 Y108.89 E3332.87992
G0 F9000 X78.944 Y109.2
;TYPE:SKIN
G1 F3000 X79.384 Y109.2 E3332.88966
G0 F9000 X79.384 Y109.48
G1 F3000 X78.944 Y109.48 E3332.89939
G0 F9000 X78.944 Y109.76
G1 F3000 X79.384 Y109.76 E3332.90912
G0 F9000 X79.384 Y110.04
G1 F3000 X78.944 Y110.04 E3332.91885
G0 F9000 X78.944 Y110.32
G1 F3000 X79.384 Y110.32 E3332.92858
G0 F9000 X79.384 Y110.6
G1 F3000 X78.944 Y110.6 E3332.93832
G0 F9000 X78.944 Y110.88
G1 F3000 X79.384 Y110.88 E3332.94805
G0 F9000 X79.384 Y111.35
G0 X78.636 Y111.278
G0 X78.636 Y108.722
G0 X79.687 Y108.65
G0 X79.687 Y108.773
;TYPE:SKIN
G1 F2700 X79.687 Y111.227 E3333.00233
G1 X82.386 Y111.227 E3333.06202
G1 X82.385 Y108.773 E3333.1163
G1 X79.687 Y108.773 E3333.17597
G0 F9000 X79.827 Y108.92
G1 F2700 X82.246 Y108.92 E3333.22948
G0 F9000 X82.246 Y109.2
G1 F2700 X79.827 Y109.2 E3333.28298
G0 F9000 X79.827 Y109.48
G1 F2700 X82.246 Y109.48 E3333.33648
G0 F9000 X82.246 Y109.76
G1 F2700 X79.827 Y109.76 E3333.38999
G0 F9000 X79.827 Y110.04
G1 F2700 X82.246 Y110.04 E3333.44349
G0 F9000 X82.246 Y110.32
G1 F2700 X79.827 Y110.32 E3333.49699
G0 F9000 X79.827 Y110.6
G1 F2700 X82.246 Y110.6 E3333.5505
G0 F9000 X82.246 Y110.88
G1 F2700 X79.827 Y110.88 E3333.604
G0 F9000 X79.827 Y111.375
G0 X78.636 Y111.278
G0 X78.108 Y108.195
G0 X77.535 Y107.622
G0 X78.108 Y108.195
G0 X78.109 Y111.805
G0 X77.599 Y112.327
;TYPE:SKIN
G1 F1800 X77.599 Y107.671 E3333.60787
G1 X77.699 Y107.671 E3333.60796
G1 X77.699 Y112.327 E3333.61183
G1 X77.799 Y112.327 E3333.61191
G1 X77.799 Y107.671 E3333.61578
G1 X77.899 Y107.671 E3333.61587
G1 X77.899 Y112.327 E3333.61974
G1 F2400 E3331.61974
G0 F9000 X78.109 Y111.805
G0 X141.891 Y108.195
G1 F1200 E3333.61974
G0 F9000 X142.1 Y107.671
G1 F1800 X142.1 Y112.327 E3333.62361
G1 X142.2 Y112.327 E3333.62369
G1 X142.2 Y107.671 E3333.62756
G1 X142.3 Y107.671 E3333.62765
G1 X142.3 Y112.327 E3333.63152
G1 X142.4 Y112.327 E3333.6316
G1 X142.4 Y107.671 E3333.63547
G1 F2400 E3331.63547
;MESH:NONMESH
G0 F600 X142.4 Y107.671 Z18.48
G0 F9000 X141.891 Y108.195
G0 X79.568 Y108.5
;TIME_ELAPSED:2884.336504
;LAYER:91
;TYPE:WALL-INNER
;MESH:Horiz_1_edged.stl
G1 F1200 E3333.63547
G1 F3900 X79.568 Y111.5 E3333.75396
G1 X140.433 Y111.5 E3336.15791
G1 X140.433 Y108.499 E3336.27644
G1 X79.568 Y108.5 E3338.68039
G0 F9000 X79.068 Y108
G1 F3900 X79.068 Y112 E3338.83837
G1 X140.933 Y112 E3341.28182
G1 X140.933 Y107.999 E3341.43984
G1 X79.068 Y108 E3343.88329
G0 F9000 X78.592 Y107.54
;TYPE:WALL-OUTER
G1 F3000 X78.593 Y112.475 E3344.05871
G1 X141.408 Y112.475 E3346.29158
G1 X141.407 Y107.525 E3346.46754
G1 X78.621 Y107.525 E3348.69938
G1 X78.592 Y107.54 E3348.70054
G0 F9000 X78.592 Y107.74
G0 X79.262 Y108.195
G0 X84.999 Y108.764
;TYPE:FILL
G1 F3000 X84.333 Y111.249 E3348.81638
G0 F9000 X83.732 Y108.722
G0 X79.79 Y108.722
G0 X79.958 Y108.89
;TYPE:SKIN
G1 F2700 X79.958 Y109.32 E3348.82589
G1 X79.958 Y111.11 E3348.86548
G1 X80.819 Y111.11 E3348.88452
G1 X80.818 Y108.89 E3348.93363
G1 X79.958 Y108.89 E3348.95265
G0 F9000 X80.64 Y109.03
;TYPE:SKIN
G1 F3000 X80.64 Y110.97 E3348.99556
G0 F9000 X80.36 Y110.97
G1 F3000 X80.36 Y109.03 E3349.03846
G0 F9000 X80.982 Y108.773
;TYPE:SKIN
G1 F2700 X80.982 Y111.227 E3349.09274
G1 X83.682 Y111.227 E3349.15246
G1 X83.681 Y108.773 E3349.20674
G1 X80.982 Y108.773 E3349.26643
G0 F9000 X80.982 Y108.65
G0 X83.44 Y108.65
G0 X83.44 Y108.913
G1 F2700 X83.44 Y111.087 E3349.31452
G0 F9000 X83.16 Y111.087
G1 F2700 X83.16 Y108.913 E3349.3626
G0 F9000 X82.88 Y108.913
G1 F2700 X82.88 Y111.087 E3349.41069
G0 F9000 X82.6 Y111.087
G1 F2700 X82.6 Y108.913 E3349.45877
G0 F9000 X82.32 Y108.913
G1 F2700 X82.32 Y111.087 E3349.50686
G0 F9000 X82.04 Y111.087
G1 F2700 X82.04 Y108.913 E3349.55494
G0 F9000 X81.76 Y108.913
G1 F2700 X81.76 Y111.087 E3349.60303
G0 F9000 X81.48 Y111.087
G1 F2700 X81.48 Y108.913 E3349.65111
G0 F9000 X81.2 Y108.913
G1 F2700 X81.2 Y111.087 E3349.6992
G1 F2400 E3347.6992
G0 F9000 X81.2 Y111.35
G0 X83.733 Y111.278
G0 X136.267 Y108.722
G0 X139.181 Y108.649
G1 F1200 E3349.6992
G0 F9000 X139.181 Y108.89
G1 F2700 X139.182 Y111.11 E3349.7483
G1 X140.043 Y111.11 E3349.76734
G1 X140.043 Y108.889 E3349.81646
G1 X139.181 Y108.89 E3349.83553
G0 F9000 X139.72 Y109.029
;TYPE:SKIN
G1 F3000 X139.72 Y110.97 E3349.87846
G0 F9000 X139.44 Y110.97
G1 F3000 X139.44 Y109.029 E3349.92139
G0 F9000 X139.44 Y108.649
G0 X136.319 Y108.65
G0 X136.319 Y108.773
;TYPE:SKIN
G1 F2700 X136.319 Y111.227 E3349.97567
G1 X139.019 Y111.227 E3350.03539
G1 X139.018 Y108.773 E3350.08967
G1 X136.319 Y108.773 E3350.14936
G0 F9000 X136.319 Y108.65
G0 X138.6 Y108.65
G0 X138.6 Y108.913
G1 F2700 X138.6 Y111.087 E3350.19745
G0 F9000 X138.32 Y111.087
G1 F2700 X138.32 Y108.913 E3350.24553
G0 F9000 X138.04 Y108.913
G1 F2700 X138.04 Y111.087 E3350.29362
G0 F9000 X137.76 Y111.087
G1 F2700 X137.76 Y108.913 E3350.3417
G0 F9000 X137.48 Y108.913
G1 F2700 X137.48 Y111.087 E3350.38979
G0 F9000 X137.2 Y111.087
G1 F2700 X137.2 Y108.913 E3350.43787
G0 F9000 X136.92 Y108.913
G1 F2700 X136.92 Y111.087 E3350.48595
G0 F9000 X136.64 Y111.087
G1 F2700 X136.64 Y108.913 E3350.53404
G0 F9000 X136.64 Y108.625
G0 X140.658 Y108.225
G0 X140.658 Y107.622
G0 X141.261 Y107.7
;TYPE:SKIN
G1 F1800 X140.708 Y107.7 E3350.5345
G1 X140.708 Y107.8 E3350.53458
G1 X141.261 Y107.8 E3350.53504
G1 X141.261 Y107.9 E3350.53512
G1 X140.708 Y107.9 E3350.53558
G1 X140.708 Y108 E3350.53567
G1 X141.261 Y108 E3350.53613
G1 X141.261 Y108.1 E3350.53621
G1 X140.708 Y108.1 E3350.53667
G1 X140.708 Y108.2 E3350.53675
G1 X141.261 Y108.2 E3350.53721
G1 X141.261 Y108.3 E3350.5373
G1 X140.708 Y108.3 E3350.53776
G1 X140.708 Y108.4 E3350.53784
G1 X141.261 Y108.4 E3350.5383
G1 X141.261 Y108.5 E3350.53838
G1 X140.708 Y108.5 E3350.53884
G1 X140.708 Y108.6 E3350.53893
G1 X141.261 Y108.6 E3350.53939
G1 X141.261 Y108.7 E3350.53947
G1 X140.708 Y108.7 E3350.53993
G1 X140.708 Y108.8 E3350.54001
G1 X141.261 Y108.8 E3350.54047
G1 X141.261 Y108.9 E3350.54055
G1 X140.708 Y108.9 E3350.54101
G1 X140.708 Y109 E3350.5411
G1 X141.261 Y109 E3350.54156
G1 X141.261 Y109.1 E3350.54164
G1 X140.708 Y109.1 E3350.5421
G1 X140.708 Y109.2 E3350.54218
G1 X141.261 Y109.2 E3350.54264
G1 X141.261 Y109.3 E3350.54273
G1 X140.708 Y109.3 E3350.54319
G1 X140.708 Y109.4 E3350.54327
G1 X141.261 Y109.4 E3350.54373
G1 X141.261 Y109.5 E3350.54381
G1 X140.708 Y109.5 E3350.54427
G1 X140.708 Y109.6 E3350.54436
G1 X141.261 Y109.6 E3350.54482
G1 X141.261 Y109.7 E3350.5449
G1 X140.708 Y109.7 E3350.54536
G1 X140.708 Y109.8 E3350.54544
G1 X141.261 Y109.8 E3350.5459
G1 X141.261 Y109.9 E3350.54598
G1 X140.708 Y109.9 E3350.54644
G1 X140.708 Y110 E3350.54653
G1 X141.261 Y110 E3350.54699
G1 X141.261 Y110.1 E3350.54707
G1 X140.708 Y110.1 E3350.54753
G1 X140.708 Y110.2 E3350.54761
G1 X141.261 Y110.2 E3350.54807
G1 X141.261 Y110.3 E3350.54816
G1 X140.708 Y110.3 E3350.54862
G1 X140.708 Y110.4 E3350.5487
G1 X141.261 Y110.4 E3350.54916
G1 X141.261 Y110.5 E3350.54924
G1 X140.708 Y110.5 E3350.5497
G1 X140.708 Y110.6 E3350.54978
G1 X141.261 Y110.6 E3350.55024
G1 X141.261 Y110.7 E3350.55033
G1 X140.708 Y110.7 E3350.55079
G1 X140.708 Y110.8 E3350.55087
G1 X141.261 Y110.8 E3350.55133
G1 X141.261 Y110.9 E3350.55141
G1 X140.708 Y110.9 E3350.55187
G1 X140.708 Y111 E3350.55196
G1 X141.261 Y111 E3350.55242
G1 X141.261 Y111.1 E3350.5525
G1 X140.708 Y111.1 E3350.55296
G1 X140.708 Y111.2 E3350.55304
G1 X141.261 Y111.2 E3350.5535
G1 X141.261 Y111.3 E3350.55359
G1 X140.708 Y111.3 E3350.55405
G1 X140.708 Y111.4 E3350.55413
G1 X141.261 Y111.4 E3350.55459
G1 X141.261 Y111.5 E3350.55467
G1 X140.708 Y111.5 E3350.55513
G1 X140.708 Y111.6 E3350.55521
G1 X141.261 Y111.6 E3350.55567
G1 X141.261 Y111.7 E3350.55576
G1 X140.708 Y111.7 E3350.55622
G1 X140.708 Y111.8 E3350.5563
G1 X141.261 Y111.8 E3350.55676
G1 X141.261 Y111.9 E3350.55684
G1 X140.708 Y111.9 E3350.5573
G1 X140.708 Y112 E3350.55739
G1 X141.261 Y112 E3350.55785
G1 X141.261 Y112.1 E3350.55793
G1 X140.708 Y112.1 E3350.55839
G1 X140.708 Y112.2 E3350.55847
G1 X141.261 Y112.2 E3350.55893
G1 X141.261 Y112.3 E3350.55902
G1 X140.708 Y112.3 E3350.55948
G1 F2400 E3348.55948
G0 F9000 X140.708 Y111.775
G0 X79.292 Y108.225
G1 F1200 E3350.55948
G0 F9000 X79.292 Y107.7
G1 F1800 X78.739 Y107.7 E3350.55994
G1 X78.739 Y107.8 E3350.56002
G1 X79.292 Y107.8 E3350.56048
G1 X79.292 Y107.9 E3350.56056
G1 X78.739 Y107.9 E3350.56102
G1 X78.739 Y108 E3350.5611
G1 X79.292 Y108 E3350.56156
G1 X79.292 Y108.1 E3350.56165
G1 X78.739 Y108.1 E3350.56211
G1 X78.739 Y108.2 E3350.56219
G1 X79.292 Y108.2 E3350.56265
G1 X79.292 Y108.3 E3350.56273
G1 X78.739 Y108.3 E3350.56319
G1 X78.739 Y108.4 E3350.56328
G1 X79.292 Y108.4 E3350.56374
G1 X79.292 Y108.5 E3350.56382
G1 X78.739 Y108.5 E3350.56428
G1 X78.739 Y108.6 E3350.56436
G1 X79.292 Y108.6 E3350.56482
G1 X79.292 Y108.7 E3350.56491
G1 X78.739 Y108.7 E3350.56536
G1 X78.739 Y108.8 E3350.56545
G1 X79.292 Y108.8 E3350.56591
G1 X79.292 Y108.9 E3350.56599
G1 X78.739 Y108.9 E3350.56645
G1 X78.739 Y109 E3350.56653
G1 X79.292 Y109 E3350.56699
G1 X79.292 Y109.1 E3350.56708
G1 X78.739 Y109.1 E3350.56754
G1 X78.739 Y109.2 E3350.56762
G1 X79.292 Y109.2 E3350.56808
G1 X79.292 Y109.3 E3350.56816
G1 X78.739 Y109.3 E3350.56862
G1 X78.739 Y109.4 E3350.56871
G1 X79.292 Y109.4 E3350.56917
G1 X79.292 Y109.5 E3350.56925
G1 X78.739 Y109.5 E3350.56971
G1 X78.739 Y109.6 E3350.56979
G1 X79.292 Y109.6 E3350.57025
G1 X79.292 Y109.7 E3350.57033
G1 X78.739 Y109.7 E3350.57079
G1 X78.739 Y109.8 E3350.57088
G1 X79.292 Y109.8 E3350.57134
G1 X79.292 Y109.9 E3350.57142
G1 X78.739 Y109.9 E3350.57188
G1 X78.739 Y110 E3350.57196
G1 X79.292 Y110 E3350.57242
G1 X79.292 Y110.1 E3350.57251
G1 X78.739 Y110.1 E3350.57297
G1 X78.739 Y110.2 E3350.57305
G1 X79.292 Y110.2 E3350.57351
G1 X79.292 Y110.3 E3350.57359
G1 X78.739 Y110.3 E3350.57405
G1 X78.739 Y110.4 E3350.57414
G1 X79.292 Y110.4 E3350.5746
G1 X79.292 Y110.5 E3350.57468
G1 X78.739 Y110.5 E3350.57514
G1 X78.739 Y110.6 E3350.57522
G1 X79.292 Y110.6 E3350.57568
G1 X79.292 Y110.7 E3350.57576
G1 X78.739 Y110.7 E3350.57622
G1 X78.739 Y110.8 E3350.57631
G1 X79.292 Y110.8 E3350.57677
G1 X79.292 Y110.9 E3350.57685
G1 X78.739 Y110.9 E3350.57731
G1 X78.739 Y111 E3350.57739
G1 X79.292 Y111 E3350.57785
G1 X79.292 Y111.1 E3350.57794
G1 X78.739 Y111.1 E3350.5784
G1 X78.739 Y111.2 E3350.57848
G1 X79.292 Y111.2 E3350.57894
G1 X79.292 Y111.3 E3350.57902
G1 X78.739 Y111.3 E3350.57948
G1 X78.739 Y111.4 E3350.57957
G1 X79.292 Y111.4 E3350.58003
G1 X79.292 Y111.5 E3350.58011
G1 X78.739 Y111.5 E3350.58057
G1 X78.739 Y111.6 E3350.58065
G1 X79.292 Y111.6 E3350.58111
G1 X79.292 Y111.7 E3350.58119
G1 X78.739 Y111.7 E3350.58165
G1 X78.739 Y111.8 E3350.58174
G1 X79.292 Y111.8 E3350.5822
G1 X79.292 Y111.9 E3350.58228
G1 X78.739 Y111.9 E3350.58274
G1 X78.739 Y112 E3350.58282
G1 X79.292 Y112 E3350.58328
G1 X79.292 Y112.1 E3350.58337
G1 X78.739 Y112.1 E3350.58383
G1 X78.739 Y112.2 E3350.58391
G1 X79.292 Y112.2 E3350.58437
G1 X79.292 Y112.3 E3350.58445
G1 X78.739 Y112.3 E3350.58491
;MESH:NONMESH
G0 F600 X78.739 Y112.3 Z18.68
G0 F9000 X79.263 Y111.805
G0 X79.79 Y108.722
G0 X80.864 Y108.5
;TIME_ELAPSED:2902.646576
;LAYER:92
;TYPE:WALL-INNER
;MESH:Horiz_1_edged.stl
G1 F3900 X80.864 Y111.5 E3350.7034
G1 X139.137 Y111.5 E3353.00498
G1 X139.137 Y108.499 E3353.1235
G1 X80.864 Y108.5 E3355.42508
G0 F9000 X80.364 Y108
G1 F3900 X80.364 Y112 E3355.58306
G1 X139.637 Y112 E3357.92413
G1 X139.637 Y107.999 E3358.08216
G1 X80.364 Y108 E3360.42323
G0 F9000 X79.888 Y107.54
;TYPE:WALL-OUTER
G1 F3000 X79.889 Y112.475 E3360.59865
G1 X140.112 Y112.475 E3362.73939
G1 X140.111 Y107.525 E3362.91534
G1 X79.917 Y107.525 E3365.05505
G1 X79.888 Y107.54 E3365.05621
G0 F9000 X79.888 Y107.74
G0 X80.558 Y108.195
G0 X95.184 Y108.749
;TYPE:FILL
G1 F3000 X97.683 Y111.249 E3365.37452
G0 F9000 X95.99 Y111.249
G1 F3000 X96.66 Y108.749 E3365.6076
G0 F9000 X107.792 Y111.249
G1 F3000 X108.462 Y108.748 E3365.84076
G0 F9000 X111.307 Y108.75
G1 F3000 X113.806 Y111.249 E3366.15901
G0 F9000 X112.317 Y111.249
G1 F3000 X121.649 Y108.749 E3367.02901
G0 F9000 X120.264 Y108.749
G1 F3000 X119.594 Y111.25 E3367.26217
G0 F9000 X127.429 Y108.75
G1 F3000 X129.928 Y111.249 E3367.58043
G0 F9000 X131.396 Y111.249
G1 F3000 X132.066 Y108.748 E3367.81359
G0 F9000 X137.885 Y108.649
G0 X137.885 Y108.89
;TYPE:SKIN
G1 F2700 X137.886 Y111.11 E3367.86269
G1 X138.747 Y111.11 E3367.88173
G1 X138.747 Y108.889 E3367.93086
G1 X137.885 Y108.89 E3367.94992
G0 F9000 X138.025 Y109.2
;TYPE:SKIN
G1 F3000 X138.607 Y109.2 E3367.96279
G0 F9000 X138.607 Y109.48
G1 F3000 X138.025 Y109.48 E3367.97567
G0 F9000 X138.025 Y109.76
G1 F3000 X138.607 Y109.76 E3367.98854
G0 F9000 X138.607 Y110.04
G1 F3000 X138.025 Y110.04 E3368.00141
G0 F9000 X138.025 Y110.32
G1 F3000 X138.607 Y110.32 E3368.01428
G0 F9000 X138.607 Y110.6
G1 F3000 X138.025 Y110.6 E3368.02716
G0 F9000 X138.025 Y110.88
G1 F3000 X138.607 Y110.88 E3368.04003
G0 F9000 X138.987 Y110.88
G0 X138.915 Y108.721
G0 X135.023 Y108.65
G0 X135.023 Y108.773
;TYPE:SKIN
G1 F2700 X135.023 Y111.227 E3368.09431
G1 X137.723 Y111.227 E3368.15403
G1 X137.722 Y108.773 E3368.2083
G1 X135.023 Y108.773 E3368.268
G0 F9000 X135.163 Y108.92
G1 F2700 X137.583 Y108.92 E3368.32153
G0 F9000 X137.583 Y109.2
G1 F2700 X135.163 Y109.2 E3368.37505
G0 F9000 X135.163 Y109.48
G1 F2700 X137.583 Y109.48 E3368.42858
G0 F9000 X137.583 Y109.76
G1 F2700 X135.163 Y109.76 E3368.4821
G0 F9000 X135.163 Y110.04
G1 F2700 X137.583 Y110.04 E3368.53563
G0 F9000 X137.583 Y110.32
G1 F2700 X135.163 Y110.32 E3368.58915
G0 F9000 X135.163 Y110.6
G1 F2700 X137.583 Y110.6 E3368.64268
G0 F9000 X137.583 Y110.88
G1 F2700 X135.163 Y110.88 E3368.6962
G1 F2400 E3366.6962
G0 F9000 X134.899 Y110.88
G0 X85.028 Y108.722
G0 X81.086 Y108.722
G1 F1200 E3368.6962
G0 F9000 X81.254 Y108.89
G1 F2700 X81.254 Y111.11 E3368.74531
G1 X82.115 Y111.11 E3368.76435
G1 X82.114 Y108.89 E3368.81345
G1 X81.254 Y108.89 E3368.83247
G0 F9000 X81.394 Y109.2
;TYPE:SKIN
G1 F3000 X81.975 Y109.2 E3368.84532
G0 F9000 X81.975 Y109.48
G1 F3000 X81.394 Y109.48 E3368.85817
G0 F9000 X81.394 Y109.76
G1 F3000 X81.975 Y109.76 E3368.87103
G0 F9000 X81.975 Y110.04
G1 F3000 X81.394 Y110.04 E3368.88388
G0 F9000 X81.394 Y110.32
G1 F3000 X81.975 Y110.32 E3368.89673
G0 F9000 X81.975 Y110.6
G1 F3000 X81.394 Y110.6 E3368.90958
G0 F9000 X81.394 Y110.88
G1 F3000 X81.975 Y110.88 E3368.92243
G0 F9000 X81.975 Y111.35
G0 X81.086 Y111.278
G0 X81.086 Y108.722
G0 X82.278 Y108.65
G0 X82.278 Y108.773
;TYPE:SKIN
G1 F2700 X82.278 Y111.227 E3368.9767
G1 X84.978 Y111.227 E3369.03642
G1 X84.977 Y108.773 E3369.0907
G1 X82.278 Y108.773 E3369.1504
G0 F9000 X82.418 Y108.92
G1 F2700 X84.838 Y108.92 E3369.20392
G0 F9000 X84.838 Y109.2
G1 F2700 X82.418 Y109.2 E3369.25745
G0 F9000 X82.418 Y109.48
G1 F2700 X84.838 Y109.48 E3369.31097
G0 F9000 X84.838 Y109.76
G1 F2700 X82.418 Y109.76 E3369.3645
G0 F9000 X82.418 Y110.04
G1 F2700 X84.838 Y110.04 E3369.41803
G0 F9000 X84.838 Y110.32
G1 F2700 X82.418 Y110.32 E3369.47155
G0 F9000 X82.418 Y110.6
G1 F2700 X84.838 Y110.6 E3369.52508
G0 F9000 X84.838 Y110.88
G1 F2700 X82.418 Y110.88 E3369.5786
G0 F9000 X82.418 Y111.375
G0 X81.086 Y111.278
G0 X80.558 Y108.195
G0 X79.985 Y107.622
G0 X80.099 Y107.671
;TYPE:SKIN
G1 F1800 X80.099 Y112.327 E3369.58247
G1 X80.199 Y112.327 E3369.58256
G1 X80.199 Y107.671 E3369.58643
G1 X80.299 Y107.671 E3369.58651
G1 X80.299 Y112.327 E3369.59038
G1 X80.399 Y112.327 E3369.59047
G1 X80.399 Y107.671 E3369.59434
G1 X80.499 Y107.671 E3369.59442
G1 X80.499 Y112.327 E3369.59829
G1 F2400 E3367.59829
G0 F9000 X80.499 Y111.775
G0 X139.5 Y108.225
G1 F1200 E3369.59829
G0 F9000 X139.5 Y107.671
G1 F1800 X139.5 Y112.327 E3369.60216
G1 X139.6 Y112.327 E3369.60225
G1 X139.6 Y107.671 E3369.60612
G1 X139.7 Y107.671 E3369.6062
G1 X139.7 Y112.327 E3369.61007
G1 X139.8 Y112.327 E3369.61016
G1 X139.8 Y107.671 E3369.61403
G1 X139.9 Y107.671 E3369.61411
G1 X139.9 Y112.327 E3369.61798
G1 F2400 E3367.61798
;MESH:NONMESH
G0 F600 X139.9 Y112.327 Z18.88
G0 F9000 X139.442 Y111.805
G0 X82.159 Y108.5
;TIME_ELAPSED:2921.737352
;LAYER:93
;TYPE:WALL-INNER
;MESH:Horiz_1_edged.stl
G1 F1200 E3369.61798
G1 F3900 X82.159 Y111.5 E3369.73647
G1 X137.842 Y111.5 E3371.93575
G1 X137.842 Y108.499 E3372.05428
G1 X82.159 Y108.5 E3374.25356
G0 F9000 X81.659 Y108
G1 F3900 X81.659 Y112 E3374.41154
G1 X138.342 Y112 E3376.65032
G1 X138.342 Y107.999 E3376.80834
G1 X81.659 Y108 E3379.04712
G0 F9000 X81.183 Y107.54
;TYPE:WALL-OUTER
G1 F3000 X81.184 Y112.475 E3379.22254
G1 X138.817 Y112.475 E3381.27121
G1 X138.816 Y107.525 E3381.44716
G1 X81.212 Y107.525 E3383.4948
G1 X81.183 Y107.54 E3383.49596
G0 F9000 X81.183 Y107.74
G1 F2400 E3381.49596
G0 F9000 X81.853 Y108.195
G0 X131.841 Y109.042
;TYPE:FILL
G1 F1200 E3383.49596
G1 F3000 X131.919 Y108.748 E3383.50966
G0 F9000 X136.59 Y108.649
G0 X136.59 Y108.89
;TYPE:SKIN
G1 F2700 X136.59 Y111.11 E3383.55876
G1 X137.452 Y111.11 E3383.57782
G1 X137.452 Y108.89 E3383.62693
G1 X136.59 Y108.89 E3383.64599
G0 F9000 X137.2 Y109.03
;TYPE:SKIN
G1 F3000 X137.2 Y110.97 E3383.6889
G0 F9000 X136.92 Y110.97
G1 F3000 X136.92 Y109.03 E3383.73181
G0 F9000 X136.92 Y108.649
G0 X133.536 Y108.65
G0 X133.536 Y108.773
;TYPE:SKIN
G1 F2700 X133.536 Y111.227 E3383.78609
G1 X136.427 Y111.227 E3383.85003
G1 X136.426 Y108.773 E3383.90431
G1 X133.536 Y108.773 E3383.96823
G0 F9000 X133.536 Y108.65
G0 X136.08 Y108.65
G0 X136.08 Y108.913
G1 F2700 X136.08 Y111.087 E3384.01631
G0 F9000 X135.8 Y111.087
G1 F2700 X135.8 Y108.913 E3384.0644
G0 F9000 X135.52 Y108.913
G1 F2700 X135.52 Y111.087 E3384.11248
G0 F9000 X135.24 Y111.087
G1 F2700 X135.24 Y108.913 E3384.16057
G0 F9000 X134.96 Y108.913
G1 F2700 X134.96 Y111.087 E3384.20865
G0 F9000 X134.68 Y111.087
G1 F2700 X134.68 Y108.913 E3384.25674
G0 F9000 X134.4 Y108.913
G1 F2700 X134.4 Y111.087 E3384.30482
G0 F9000 X134.12 Y111.087
G1 F2700 X134.12 Y108.913 E3384.35291
G0 F9000 X133.84 Y108.913
G1 F2700 X133.84 Y111.087 E3384.40099
G1 F2400 E3382.40099
G0 F9000 X133.84 Y111.35
G0 X86.515 Y108.722
G0 X82.381 Y108.722
G1 F1200 E3384.40099
G0 F9000 X82.549 Y108.89
G1 F2700 X82.549 Y111.11 E3384.45009
G1 X83.411 Y111.11 E3384.46916
G1 X83.41 Y108.89 E3384.51826
G1 X82.549 Y108.89 E3384.5373
G0 F9000 X83.16 Y109.03
;TYPE:SKIN
G1 F3000 X83.16 Y110.97 E3384.58021
G0 F9000 X82.88 Y110.97
G1 F3000 X82.88 Y109.03 E3384.62312
G0 F9000 X83.574 Y108.773
;TYPE:SKIN
G1 F2700 X83.574 Y111.227 E3384.6774
G1 X86.464 Y111.227 E3384.74132
G1 X86.464 Y108.773 E3384.7956
G1 X83.574 Y108.773 E3384.85952
G0 F9000 X83.574 Y108.65
G0 X86.24 Y108.65
G0 X86.24 Y108.913
G1 F2700 X86.24 Y111.087 E3384.9076
G0 F9000 X85.96 Y111.087
G1 F2700 X85.96 Y108.913 E3384.95569
G0 F9000 X85.68 Y108.913
G1 F2700 X85.68 Y111.087 E3385.00377
G0 F9000 X85.4 Y111.087
G1 F2700 X85.4 Y108.913 E3385.05186
G0 F9000 X85.12 Y108.913
G1 F2700 X85.12 Y111.087 E3385.09994
G0 F9000 X84.84 Y111.087
G1 F2700 X84.84 Y108.913 E3385.14802
G0 F9000 X84.56 Y108.913
G1 F2700 X84.56 Y111.087 E3385.19611
G0 F9000 X84.28 Y111.087
G1 F2700 X84.28 Y108.913 E3385.24419
G0 F9000 X84 Y108.913
G1 F2700 X84 Y111.087 E3385.29228
G0 F9000 X83.72 Y111.087
G1 F2700 X83.72 Y108.913 E3385.34036
G0 F9000 X83.72 Y108.625
G0 X82.381 Y108.722
G0 X81.933 Y111.775
G0 X81.933 Y112.378
G0 X81.33 Y112.3
;TYPE:SKIN
G1 F1800 X81.883 Y112.3 E3385.34082
G1 X81.883 Y112.2 E3385.34091
G1 X81.33 Y112.2 E3385.34137
G1 X81.33 Y112.1 E3385.34145
G1 X81.883 Y112.1 E3385.34191
G1 X81.883 Y112 E3385.34199
G1 X81.33 Y112 E3385.34245
G1 X81.33 Y111.9 E3385.34253
G1 X81.883 Y111.9 E3385.34299
G1 X81.883 Y111.8 E3385.34308
G1 X81.33 Y111.8 E3385.34354
G1 X81.33 Y111.7 E3385.34362
G1 X81.883 Y111.7 E3385.34408
G1 X81.883 Y111.6 E3385.34416
G1 X81.33 Y111.6 E3385.34462
G1 X81.33 Y111.5 E3385.34471
G1 X81.883 Y111.5 E3385.34517
G1 X81.883 Y111.4 E3385.34525
G1 X81.33 Y111.4 E3385.34571
G1 X81.33 Y111.3 E3385.34579
G1 X81.883 Y111.3 E3385.34625
G1 X81.883 Y111.2 E3385.34634
G1 X81.33 Y111.2 E3385.3468
G1 X81.33 Y111.1 E3385.34688
G1 X81.883 Y111.1 E3385.34734
G1 X81.883 Y111 E3385.34742
G1 X81.33 Y111 E3385.34788
G1 X81.33 Y110.9 E3385.34796
G1 X81.883 Y110.9 E3385.34842
G1 X81.883 Y110.8 E3385.34851
G1 X81.33 Y110.8 E3385.34897
G1 X81.33 Y110.7 E3385.34905
G1 X81.883 Y110.7 E3385.34951
G1 X81.883 Y110.6 E3385.34959
G1 X81.33 Y110.6 E3385.35005
G1 X81.33 Y110.5 E3385.35014
G1 X81.883 Y110.5 E3385.3506
G1 X81.883 Y110.4 E3385.35068
G1 X81.33 Y110.4 E3385.35114
G1 X81.33 Y110.3 E3385.35122
G1 X81.883 Y110.3 E3385.35168
G1 X81.883 Y110.2 E3385.35177
G1 X81.33 Y110.2 E3385.35223
G1 X81.33 Y110.1 E3385.35231
G1 X81.883 Y110.1 E3385.35277
G1 X81.883 Y110 E3385.35285
G1 X81.33 Y110 E3385.35331
G1 X81.33 Y109.9 E3385.35339
G1 X81.883 Y109.9 E3385.35385
G1 X81.883 Y109.8 E3385.35394
G1 X81.33 Y109.8 E3385.3544
G1 X81.33 Y109.7 E3385.35448
G1 X81.883 Y109.7 E3385.35494
G1 X81.883 Y109.6 E3385.35502
G1 X81.33 Y109.6 E3385.35548
G1 X81.33 Y109.5 E3385.35557
G1 X81.883 Y109.5 E3385.35603
G1 X81.883 Y109.4 E3385.35611
G1 X81.33 Y109.4 E3385.35657
G1 X81.33 Y109.3 E3385.35665
G1 X81.883 Y109.3 E3385.35711
G1 X81.883 Y109.2 E3385.3572
G1 X81.33 Y109.2 E3385.35765
G1 X81.33 Y109.1 E3385.35774
G1 X81.883 Y109.1 E3385.3582
G1 X81.883 Y109 E3385.35828
G1 X81.33 Y109 E3385.35874
G1 X81.33 Y108.9 E3385.35882
G1 X81.883 Y108.9 E3385.35928
G1 X81.883 Y108.8 E3385.35937
G1 X81.33 Y108.8 E3385.35983
G1 X81.33 Y108.7 E3385.35991
G1 X81.883 Y108.7 E3385.36037
G1 X81.883 Y108.6 E3385.36045
G1 X81.33 Y108.6 E3385.36091
G1 X81.33 Y108.5 E3385.361
G1 X81.883 Y108.5 E3385.36146
G1 X81.883 Y108.4 E3385.36154
G1 X81.33 Y108.4 E3385.362
G1 X81.33 Y108.3 E3385.36208
G1 X81.883 Y108.3 E3385.36254
G1 X81.883 Y108.2 E3385.36262
G1 X81.33 Y108.2 E3385.36308
G1 X81.33 Y108.1 E3385.36317
G1 X81.883 Y108.1 E3385.36363
G1 X81.883 Y108 E3385.36371
G1 X81.33 Y108 E3385.36417
G1 X81.33 Y107.9 E3385.36425
G1 X81.883 Y107.9 E3385.36471
G1 X81.883 Y107.8 E3385.3648
G1 X81.33 Y107.8 E3385.36526
G1 X81.33 Y107.7 E3385.36534
G1 X81.883 Y107.7 E3385.3658
G1 F2400 E3383.3658
G0 F9000 X81.883 Y108.225
G0 X138.117 Y111.775
G1 F1200 E3385.3658
G0 F9000 X138.117 Y112.3
G1 F1800 X138.67 Y112.3 E3385.36626
G1 X138.67 Y112.2 E3385.36634
G1 X138.117 Y112.2 E3385.3668
G1 X138.117 Y112.1 E3385.36689
G1 X138.67 Y112.1 E3385.36735
G1 X138.67 Y112 E3385.36743
G1 X138.117 Y112 E3385.36789
G1 X138.117 Y111.9 E3385.36797
G1 X138.67 Y111.9 E3385.36843
G1 X138.67 Y111.8 E3385.36851
G1 X138.117 Y111.8 E3385.36897
G1 X138.117 Y111.7 E3385.36906
G1 X138.67 Y111.7 E3385.36952
G1 X138.67 Y111.6 E3385.3696
G1 X138.117 Y111.6 E3385.37006
G1 X138.117 Y111.5 E3385.37014
G1 X138.67 Y111.5 E3385.3706
G1 X138.67 Y111.4 E3385.37069
G1 X138.117 Y111.4 E3385.37115
G1 X138.117 Y111.3 E3385.37123
G1 X138.67 Y111.3 E3385.37169
G1 X138.67 Y111.2 E3385.37177
G1 X138.117 Y111.2 E3385.37223
G1 X138.117 Y111.1 E3385.37232
G1 X138.67 Y111.1 E3385.37277
G1 X138.67 Y111 E3385.37286
G1 X138.117 Y111 E3385.37332
G1 X138.117 Y110.9 E3385.3734
G1 X138.67 Y110.9 E3385.37386
G1 X138.67 Y110.8 E3385.37394
G1 X138.117 Y110.8 E3385.3744
G1 X138.117 Y110.7 E3385.37449
G1 X138.67 Y110.7 E3385.37495
G1 X138.67 Y110.6 E3385.37503
G1 X138.117 Y110.6 E3385.37549
G1 X138.117 Y110.5 E3385.37557
G1 X138.67 Y110.5 E3385.37603
G1 X138.67 Y110.4 E3385.37612
G1 X138.117 Y110.4 E3385.37658
G1 X138.117 Y110.3 E3385.37666
G1 X138.67 Y110.3 E3385.37712
G1 X138.67 Y110.2 E3385.3772
G1 X138.117 Y110.2 E3385.37766
G1 X138.117 Y110.1 E3385.37774
G1 X138.67 Y110.1 E3385.3782
G1 X138.67 Y110 E3385.37829
G1 X138.117 Y110 E3385.37875
G1 X138.117 Y109.9 E3385.37883
G1 X138.67 Y109.9 E3385.37929
G1 X138.67 Y109.8 E3385.37937
G1 X138.117 Y109.8 E3385.37983
G1 X138.117 Y109.7 E3385.37992
G1 X138.67 Y109.7 E3385.38038
G1 X138.67 Y109.6 E3385.38046
G1 X138.117 Y109.6 E3385.38092
G1 X138.117 Y109.5 E3385.381
G1 X138.67 Y109.5 E3385.38146
G1 X138.67 Y109.4 E3385.38155
G1 X138.117 Y109.4 E3385.38201
G1 X138.117 Y109.3 E3385.38209
G1 X138.67 Y109.3 E3385.38255
G1 X138.67 Y109.2 E3385.38263
G1 X138.117 Y109.2 E3385.38309
G1 X138.117 Y109.1 E3385.38317
G1 X138.67 Y109.1 E3385.38363
G1 X138.67 Y109 E3385.38372
G1 X138.117 Y109 E3385.38418
G1 X138.117 Y108.9 E3385.38426
G1 X138.67 Y108.9 E3385.38472
G1 X138.67 Y108.8 E3385.3848
G1 X138.117 Y108.8 E3385.38526
G1 X138.117 Y108.7 E3385.38535
G1 X138.67 Y108.7 E3385.38581
G1 X138.67 Y108.6 E3385.38589
G1 X138.117 Y108.6 E3385.38635
G1 X138.117 Y108.5 E3385.38643
G1 X138.67 Y108.5 E3385.38689
G1 X138.67 Y108.4 E3385.38698
G1 X138.117 Y108.4 E3385.38744
G1 X138.117 Y108.3 E3385.38752
G1 X138.67 Y108.3 E3385.38798
G1 X138.67 Y108.2 E3385.38806
G1 X138.117 Y108.2 E3385.38852
G1 X138.117 Y108.1 E3385.3886
G1 X138.67 Y108.1 E3385.38906
G1 X138.67 Y108 E3385.38915
G1 X138.117 Y108 E3385.38961
G1 X138.117 Y107.9 E3385.38969
G1 X138.67 Y107.9 E3385.39015
G1 X138.67 Y107.8 E3385.39023
G1 X138.117 Y107.8 E3385.39069
G1 X138.117 Y107.7 E3385.39078
G1 X138.67 Y107.7 E3385.39124
G1 F2400 E3383.39124
;MESH:NONMESH
G0 F600 X138.67 Y107.7 Z19.08
G0 F9000 X138.146 Y108.195
G0 X83.455 Y108.5
;TIME_ELAPSED:2940.764908
;LAYER:94
;TYPE:WALL-INNER
;MESH:Horiz_1_edged.stl
G1 F1200 E3385.39124
G1 F3900 X83.455 Y111.5 E3385.50973
G1 X136.546 Y111.5 E3387.60663
G1 X136.546 Y108.499 E3387.72516
G1 X83.455 Y108.5 E3389.82206
G0 F9000 X82.955 Y108
G1 F3900 X82.955 Y112 E3389.98005
G1 X137.046 Y112 E3392.11645
G1 X137.046 Y107.999 E3392.27447
G1 X82.955 Y108 E3394.41087
G0 F9000 X82.479 Y107.54
;TYPE:WALL-OUTER
G1 F3000 X82.48 Y112.475 E3394.5863
G1 X137.521 Y112.475 E3396.54283
G1 X137.52 Y107.525 E3396.71878
G1 X82.508 Y107.525 E3398.67428
G1 X82.479 Y107.54 E3398.67544
G0 F9000 X82.479 Y107.74
G0 X83.149 Y108.195
G0 X95.585 Y108.75
;TYPE:FILL
G1 F3000 X98.084 Y111.249 E3398.9937
G0 F9000 X95.697 Y111.25
G1 F3000 X96.367 Y108.749 E3399.22686
G0 F9000 X107.499 Y111.25
G1 F3000 X108.169 Y108.748 E3399.46011
G0 F9000 X111.707 Y108.75
G1 F3000 X114.206 Y111.249 E3399.77836
G0 F9000 X113.41 Y111.249
G1 F3000 X122.742 Y108.749 E3400.64836
G0 F9000 X119.971 Y108.749
G1 F3000 X119.301 Y111.25 E3400.88152
G0 F9000 X127.829 Y108.75
G1 F3000 X130.328 Y111.249 E3401.19977
G0 F9000 X131.103 Y111.249
G1 F3000 X131.773 Y108.749 E3401.43285
G0 F9000 X131.771 Y108.68
G0 X135.104 Y108.649
G0 X135.104 Y108.89
;TYPE:SKIN
G1 F2700 X135.104 Y111.11 E3401.48195
G1 X136.156 Y111.11 E3401.50522
G1 X136.156 Y108.89 E3401.55432
G1 X135.104 Y108.89 E3401.57759
G0 F9000 X135.244 Y109.2
;TYPE:SKIN
G1 F3000 X136.016 Y109.2 E3401.59466
G0 F9000 X136.016 Y109.48
G1 F3000 X135.244 Y109.48 E3401.61174
G0 F9000 X135.244 Y109.76
G1 F3000 X136.016 Y109.76 E3401.62881
G0 F9000 X136.016 Y110.04
G1 F3000 X135.244 Y110.04 E3401.64589
G0 F9000 X135.244 Y110.32
G1 F3000 X136.016 Y110.32 E3401.66296
G0 F9000 X136.016 Y110.6
G1 F3000 X135.244 Y110.6 E3401.68004
G0 F9000 X135.244 Y110.88
G1 F3000 X136.016 Y110.88 E3401.69711
G0 F9000 X136.396 Y110.88
G0 X136.324 Y108.721
G0 X131.864 Y108.65
G0 X131.864 Y108.773
;TYPE:SKIN
G1 F2700 X131.864 Y111.227 E3401.75139
G1 X134.94 Y111.227 E3401.81942
G1 X134.94 Y108.773 E3401.8737
G1 X131.864 Y108.773 E3401.94174
G0 F9000 X132.004 Y108.92
G1 F2700 X134.8 Y108.92 E3402.00358
G0 F9000 X134.8 Y109.2
G1 F2700 X132.004 Y109.2 E3402.06542
G0 F9000 X132.004 Y109.48
G1 F2700 X134.8 Y109.48 E3402.12726
G0 F9000 X134.8 Y109.76
G1 F2700 X132.004 Y109.76 E3402.1891
G0 F9000 X132.004 Y110.04
G1 F2700 X134.8 Y110.04 E3402.25095
G0 F9000 X134.8 Y110.32
G1 F2700 X132.004 Y110.32 E3402.31279
G0 F9000 X132.004 Y110.6
G1 F2700 X134.8 Y110.6 E3402.37463
G0 F9000 X134.8 Y110.88
G1 F2700 X132.004 Y110.88 E3402.43647
G1 F2400 E3400.43647
G0 F9000 X131.741 Y110.88
G0 X88.187 Y108.722
G0 X83.677 Y108.722
G1 F1200 E3402.43647
G0 F9000 X83.845 Y108.89
G1 F2700 X83.845 Y111.11 E3402.48557
G1 X84.897 Y111.11 E3402.50884
G1 X84.897 Y108.89 E3402.55794
G1 X83.845 Y108.89 E3402.58121
G0 F9000 X83.985 Y109.2
;TYPE:SKIN
G1 F3000 X84.757 Y109.2 E3402.59829
G0 F9000 X84.757 Y109.48
G1 F3000 X83.985 Y109.48 E3402.61536
G0 F9000 X83.985 Y109.76
G1 F3000 X84.757 Y109.76 E3402.63244
G0 F9000 X84.757 Y110.04
G1 F3000 X83.985 Y110.04 E3402.64951
G0 F9000 X83.985 Y110.32
G1 F3000 X84.757 Y110.32 E3402.66659
G0 F9000 X84.757 Y110.6
G1 F3000 X83.985 Y110.6 E3402.68366
G0 F9000 X83.985 Y110.88
G1 F3000 X84.757 Y110.88 E3402.70074
G0 F9000 X84.757 Y111.35
G0 X83.677 Y111.278
G0 X83.677 Y108.722
G0 X85.06 Y108.65
G0 X85.06 Y108.773
;TYPE:SKIN
G1 F2700 X85.06 Y111.227 E3402.75501
G1 X88.136 Y111.227 E3402.82305
G1 X88.136 Y108.773 E3402.87733
G1 X85.06 Y108.773 E3402.94536
G0 F9000 X85.2 Y108.92
G1 F2700 X87.996 Y108.92 E3403.0072
G0 F9000 X87.996 Y109.2
G1 F2700 X85.2 Y109.2 E3403.06905
G0 F9000 X85.2 Y109.48
G1 F2700 X87.996 Y109.48 E3403.13089
G0 F9000 X87.996 Y109.76
G1 F2700 X85.2 Y109.76 E3403.19273
G0 F9000 X85.2 Y110.04
G1 F2700 X87.996 Y110.04 E3403.25457
G0 F9000 X87.996 Y110.32
G1 F2700 X85.2 Y110.32 E3403.31641
G0 F9000 X85.2 Y110.6
G1 F2700 X87.996 Y110.6 E3403.37826
G0 F9000 X87.996 Y110.88
G1 F2700 X85.2 Y110.88 E3403.4401
G0 F9000 X85.2 Y111.375
G0 X83.677 Y111.278
G0 X83.149 Y108.195
G0 X82.576 Y107.622
G0 X82.699 Y107.671
;TYPE:SKIN
G1 F1800 X82.699 Y112.327 E3403.44397
G1 X82.799 Y112.327 E3403.44405
G1 X82.799 Y107.671 E3403.44792
G1 X82.899 Y107.671 E3403.44801
G1 X82.899 Y112.327 E3403.45188
G1 X82.999 Y112.327 E3403.45196
G1 X82.999 Y107.671 E3403.45583
G1 X83.099 Y107.671 E3403.45592
G1 X83.099 Y112.327 E3403.45979
G1 F2400 E3401.45979
G0 F9000 X83.099 Y111.775
G0 X136.9 Y108.225
G1 F1200 E3403.45979
G0 F9000 X136.9 Y107.671
G1 F1800 X136.9 Y112.327 E3403.46366
G1 X137 Y112.327 E3403.46374
G1 X137 Y107.671 E3403.46761
G1 X137.1 Y107.671 E3403.4677
G1 X137.1 Y112.327 E3403.47157
G1 X137.2 Y112.327 E3403.47165
G1 X137.2 Y107.671 E3403.47552
G1 X137.3 Y107.671 E3403.47561
G1 X137.3 Y112.327 E3403.47948
G1 F2400 E3401.47948
;MESH:NONMESH
G0 F600 X137.3 Y112.327 Z19.28
G0 F9000 X136.851 Y111.805
G0 X84.751 Y108.5
;TIME_ELAPSED:2959.665555
;LAYER:95
;TYPE:WALL-INNER
;MESH:Horiz_1_edged.stl
G1 F1200 E3403.47948
G1 F3900 X84.751 Y111.5 E3403.59797
G1 X135.25 Y111.5 E3405.5925
G1 X135.25 Y108.499 E3405.71102
G1 X84.751 Y108.5 E3407.70555
G0 F9000 X84.251 Y108
G1 F3900 X84.251 Y112 E3407.86354
G1 X135.75 Y112 E3409.89756
G1 X135.75 Y107.999 E3410.05559
G1 X84.251 Y108 E3412.08962
G0 F9000 X83.775 Y107.54
;TYPE:WALL-OUTER
G1 F3000 X83.776 Y112.475 E3412.26504
G1 X136.225 Y112.475 E3414.12943
G1 X136.224 Y107.525 E3414.30539
G1 X83.804 Y107.525 E3416.16875
G1 X83.775 Y107.54 E3416.16991
G0 F9000 X83.775 Y107.74
G1 F2400 E3414.16991
G0 F9000 X84.445 Y108.195
G0 X128.496 Y109.216
;TYPE:FILL
G1 F1200 E3416.16991
G1 F3000 X130.169 Y110.889 E3416.27644
G0 F9000 X130.07 Y110.889
G0 X130.142 Y108.722
G0 X133.432 Y108.65
G0 X133.432 Y108.89
;TYPE:SKIN
G1 F2700 X133.432 Y111.11 E3416.32554
G1 X134.86 Y111.11 E3416.35713
G1 X134.86 Y108.89 E3416.40623
G1 X133.432 Y108.89 E3416.43781
G0 F9000 X133.432 Y108.65
G0 X134.68 Y108.649
G0 X134.68 Y109.03
;TYPE:SKIN
G1 F3000 X134.68 Y110.97 E3416.48072
G0 F9000 X134.4 Y110.97
G1 F3000 X134.4 Y109.03 E3416.52363
G0 F9000 X134.12 Y109.03
G1 F3000 X134.12 Y110.97 E3416.56654
G0 F9000 X133.84 Y110.97
G1 F3000 X133.84 Y109.03 E3416.60945
G0 F9000 X133.84 Y108.649
G0 X130.193 Y108.65
G0 X130.193 Y108.773
;TYPE:SKIN
G1 F2700 X130.193 Y111.227 E3416.66373
G1 X133.268 Y111.227 E3416.73174
G1 X133.268 Y108.773 E3416.78602
G1 X130.193 Y108.773 E3416.85403
G0 F9000 X130.193 Y108.65
G0 X133 Y108.65
G0 X133 Y108.913
G1 F2700 X133 Y111.087 E3416.90211
G0 F9000 X132.72 Y111.087
G1 F2700 X132.72 Y108.913 E3416.9502
G0 F9000 X132.44 Y108.913
G1 F2700 X132.44 Y111.087 E3416.99828
G0 F9000 X132.16 Y111.087
G1 F2700 X132.16 Y108.913 E3417.04637
G0 F9000 X131.88 Y108.913
G1 F2700 X131.88 Y111.087 E3417.09445
G0 F9000 X131.6 Y111.087
G1 F2700 X131.6 Y108.913 E3417.14254
G0 F9000 X131.32 Y108.913
G1 F2700 X131.32 Y111.087 E3417.19062
G0 F9000 X131.04 Y111.087
G1 F2700 X131.04 Y108.913 E3417.23871
G0 F9000 X130.76 Y108.913
G1 F2700 X130.76 Y111.087 E3417.28679
G0 F9000 X130.48 Y111.087
G1 F2700 X130.48 Y108.913 E3417.33487
G1 F2400 E3415.33487
G0 F9000 X130.48 Y108.65
G0 X84.973 Y108.722
G1 F1200 E3417.33487
G0 F9000 X85.141 Y108.89
G1 F2700 X85.141 Y111.11 E3417.38398
G1 X86.569 Y111.11 E3417.41556
G1 X86.569 Y108.89 E3417.46466
G1 X85.141 Y108.89 E3417.49625
G0 F9000 X84.901 Y108.89
G0 X86.24 Y108.65
G0 X86.24 Y109.03
;TYPE:SKIN
G1 F3000 X86.24 Y110.97 E3417.53916
G0 F9000 X85.96 Y110.97
G1 F3000 X85.96 Y109.03 E3417.58207
G0 F9000 X85.68 Y109.03
G1 F3000 X85.68 Y110.97 E3417.62497
G0 F9000 X85.4 Y110.97
G1 F3000 X85.4 Y109.03 E3417.66788
G0 F9000 X85.4 Y108.65
G0 X86.732 Y108.65
G0 X86.732 Y108.773
;TYPE:SKIN
G1 F2700 X86.732 Y111.227 E3417.72216
G1 X89.807 Y111.227 E3417.79017
G1 X89.807 Y108.773 E3417.84445
G1 X86.732 Y108.773 E3417.91246
G0 F9000 X86.732 Y108.65
G0 X89.6 Y108.65
G0 X89.6 Y108.913
G1 F2700 X89.6 Y111.087 E3417.96055
G0 F9000 X89.32 Y111.087
G1 F2700 X89.32 Y108.913 E3418.00863
G0 F9000 X89.04 Y108.913
G1 F2700 X89.04 Y111.087 E3418.05672
G0 F9000 X88.76 Y111.087
G1 F2700 X88.76 Y108.913 E3418.1048
G0 F9000 X88.48 Y108.913
G1 F2700 X88.48 Y111.087 E3418.15289
G0 F9000 X88.2 Y111.087
G1 F2700 X88.2 Y108.913 E3418.20097
G0 F9000 X87.92 Y108.913
G1 F2700 X87.92 Y111.087 E3418.24906
G0 F9000 X87.64 Y111.087
G1 F2700 X87.64 Y108.913 E3418.29714
G0 F9000 X87.36 Y108.913
G1 F2700 X87.36 Y111.087 E3418.34522
G0 F9000 X87.08 Y111.087
G1 F2700 X87.08 Y108.913 E3418.39331
G0 F9000 X87.08 Y108.625
G1 F2400 E3416.39331
G0 F9000 X135.285 Y108.225
G1 F1200 E3418.39331
G0 F9000 X135.285 Y107.622
G0 X136.078 Y107.7
;TYPE:SKIN
G1 F1800 X135.335 Y107.7 E3418.39393
G1 X135.335 Y107.8 E3418.39401
G1 X136.078 Y107.8 E3418.39463
G1 X136.078 Y107.9 E3418.39471
G1 X135.335 Y107.9 E3418.39533
G1 X135.335 Y108 E3418.39541
G1 X136.078 Y108 E3418.39603
G1 X136.078 Y108.1 E3418.39611
G1 X135.335 Y108.1 E3418.39673
G1 X135.335 Y108.2 E3418.39681
G1 X136.078 Y108.2 E3418.39743
G1 X136.078 Y108.3 E3418.39751
G1 X135.335 Y108.3 E3418.39813
G1 X135.335 Y108.4 E3418.39822
G1 X136.078 Y108.4 E3418.39883
G1 X136.078 Y108.5 E3418.39892
G1 X135.335 Y108.5 E3418.39953
G1 X135.335 Y108.6 E3418.39962
G1 X136.078 Y108.6 E3418.40024
G1 X136.078 Y108.7 E3418.40032
G1 X135.335 Y108.7 E3418.40094
G1 X135.335 Y108.8 E3418.40102
G1 X136.078 Y108.8 E3418.40164
G1 X136.078 Y108.9 E3418.40172
G1 X135.335 Y108.9 E3418.40234
G1 X135.335 Y109 E3418.40242
G1 X136.078 Y109 E3418.40304
G1 X136.078 Y109.1 E3418.40312
G1 X135.335 Y109.1 E3418.40374
G1 X135.335 Y109.2 E3418.40382
G1 X136.078 Y109.2 E3418.40444
G1 X136.078 Y109.3 E3418.40452
G1 X135.335 Y109.3 E3418.40514
G1 X135.335 Y109.4 E3418.40523
G1 X136.078 Y109.4 E3418.40584
G1 X136.078 Y109.5 E3418.40593
G1 X135.335 Y109.5 E3418.40654
G1 X135.335 Y109.6 E3418.40663
G1 X136.078 Y109.6 E3418.40725
G1 X136.078 Y109.7 E3418.40733
G1 X135.335 Y109.7 E3418.40795
G1 X135.335 Y109.8 E3418.40803
G1 X136.078 Y109.8 E3418.40865
G1 X136.078 Y109.9 E3418.40873
G1 X135.335 Y109.9 E3418.40935
G1 X135.335 Y110 E3418.40943
G1 X136.078 Y110 E3418.41005
G1 X136.078 Y110.1 E3418.41013
G1 X135.335 Y110.1 E3418.41075
G1 X135.335 Y110.2 E3418.41083
G1 X136.078 Y110.2 E3418.41145
G1 X136.078 Y110.3 E3418.41153
G1 X135.335 Y110.3 E3418.41215
G1 X135.335 Y110.4 E3418.41224
G1 X136.078 Y110.4 E3418.41285
G1 X136.078 Y110.5 E3418.41294
G1 X135.335 Y110.5 E3418.41355
G1 X135.335 Y110.6 E3418.41364
G1 X136.078 Y110.6 E3418.41425
G1 X136.078 Y110.7 E3418.41434
G1 X135.335 Y110.7 E3418.41496
G1 X135.335 Y110.8 E3418.41504
G1 X136.078 Y110.8 E3418.41566
G1 X136.078 Y110.9 E3418.41574
G1 X135.335 Y110.9 E3418.41636
G1 X135.335 Y111 E3418.41644
G1 X136.078 Y111 E3418.41706
G1 X136.078 Y111.1 E3418.41714
G1 X135.335 Y111.1 E3418.41776
G1 X135.335 Y111.2 E3418.41784
G1 X136.078 Y111.2 E3418.41846
G1 X136.078 Y111.3 E3418.41854
G1 X135.335 Y111.3 E3418.41916
G1 X135.335 Y111.4 E3418.41924
G1 X136.078 Y111.4 E3418.41986
G1 X136.078 Y111.5 E3418.41995
G1 X135.335 Y111.5 E3418.42056
G1 X135.335 Y111.6 E3418.42065
G1 X136.078 Y111.6 E3418.42126
G1 X136.078 Y111.7 E3418.42135
G1 X135.335 Y111.7 E3418.42197
G1 X135.335 Y111.8 E3418.42205
G1 X136.078 Y111.8 E3418.42267
G1 X136.078 Y111.9 E3418.42275
G1 X135.335 Y111.9 E3418.42337
G1 X135.335 Y112 E3418.42345
G1 X136.078 Y112 E3418.42407
G1 X136.078 Y112.1 E3418.42415
G1 X135.335 Y112.1 E3418.42477
G1 X135.335 Y112.2 E3418.42485
G1 X136.078 Y112.2 E3418.42547
G1 X136.078 Y112.3 E3418.42555
G1 X135.335 Y112.3 E3418.42617
G1 F2400 E3416.42617
G0 F9000 X135.335 Y111.775
G0 X84.665 Y108.225
G1 F1200 E3418.42617
G0 F9000 X84.665 Y107.7
G1 F1800 X83.922 Y107.7 E3418.42679
G1 X83.922 Y107.8 E3418.42687
G1 X84.665 Y107.8 E3418.42749
G1 X84.665 Y107.9 E3418.42757
G1 X83.922 Y107.9 E3418.42819
G1 X83.922 Y108 E3418.42827
G1 X84.665 Y108 E3418.42889
G1 X84.665 Y108.1 E3418.42897
G1 X83.922 Y108.1 E3418.42959
G1 X83.922 Y108.2 E3418.42968
G1 X84.665 Y108.2 E3418.43029
G1 X84.665 Y108.3 E3418.43038
G1 X83.922 Y108.3 E3418.43099
G1 X83.922 Y108.4 E3418.43108
G1 X84.665 Y108.4 E3418.4317
G1 X84.665 Y108.5 E3418.43178
G1 X83.922 Y108.5 E3418.4324
G1 X83.922 Y108.6 E3418.43248
G1 X84.665 Y108.6 E3418.4331
G1 X84.665 Y108.7 E3418.43318
G1 X83.922 Y108.7 E3418.4338
G1 X83.922 Y108.8 E3418.43388
G1 X84.665 Y108.8 E3418.4345
G1 X84.665 Y108.9 E3418.43458
G1 X83.922 Y108.9 E3418.4352
G1 X83.922 Y109 E3418.43528
G1 X84.665 Y109 E3418.4359
G1 X84.665 Y109.1 E3418.43598
G1 X83.922 Y109.1 E3418.4366
G1 X83.922 Y109.2 E3418.43669
G1 X84.665 Y109.2 E3418.4373
G1 X84.665 Y109.3 E3418.43739
G1 X83.922 Y109.3 E3418.438
G1 X83.922 Y109.4 E3418.43809
G1 X84.665 Y109.4 E3418.43871
G1 X84.665 Y109.5 E3418.43879
G1 X83.922 Y109.5 E3418.43941
G1 X83.922 Y109.6 E3418.43949
G1 X84.665 Y109.6 E3418.44011
G1 X84.665 Y109.7 E3418.44019
G1 X83.922 Y109.7 E3418.44081
G1 X83.922 Y109.8 E3418.44089
G1 X84.665 Y109.8 E3418.44151
G1 X84.665 Y109.9 E3418.44159
G1 X83.922 Y109.9 E3418.44221
G1 X83.922 Y110 E3418.44229
G1 X84.665 Y110 E3418.44291
G1 X84.665 Y110.1 E3418.44299
G1 X83.922 Y110.1 E3418.44361
G1 X83.922 Y110.2 E3418.44369
G1 X84.665 Y110.2 E3418.44431
G1 X84.665 Y110.3 E3418.4444
G1 X83.922 Y110.3 E3418.44501
G1 X83.922 Y110.4 E3418.4451
G1 X84.665 Y110.4 E3418.44571
G1 X84.665 Y110.5 E3418.4458
G1 X83.922 Y110.5 E3418.44642
G1 X83.922 Y110.6 E3418.4465
G1 X84.665 Y110.6 E3418.44712
G1 X84.665 Y110.7 E3418.4472
G1 X83.922 Y110.7 E3418.44782
G1 X83.922 Y110.8 E3418.4479
G1 X84.665 Y110.8 E3418.44852
G1 X84.665 Y110.9 E3418.4486
G1 X83.922 Y110.9 E3418.44922
G1 X83.922 Y111 E3418.4493
G1 X84.665 Y111 E3418.44992
G1 X84.665 Y111.1 E3418.45
G1 X83.922 Y111.1 E3418.45062
G1 X83.922 Y111.2 E3418.4507
G1 X84.665 Y111.2 E3418.45132
G1 X84.665 Y111.3 E3418.45141
G1 X83.922 Y111.3 E3418.45202
G1 X83.922 Y111.4 E3418.45211
G1 X84.665 Y111.4 E3418.45272
G1 X84.665 Y111.5 E3418.45281
G1 X83.922 Y111.5 E3418.45343
G1 X83.922 Y111.6 E3418.45351
G1 X84.665 Y111.6 E3418.45413
G1 X84.665 Y111.7 E3418.45421
G1 X83.922 Y111.7 E3418.45483
G1 X83.922 Y111.8 E3418.45491
G1 X84.665 Y111.8 E3418.45553
G1 X84.665 Y111.9 E3418.45561
G1 X83.922 Y111.9 E3418.45623
G1 X83.922 Y112 E3418.45631
G1 X84.665 Y112 E3418.45693
G1 X84.665 Y112.1 E3418.45701
G1 X83.922 Y112.1 E3418.45763
G1 X83.922 Y112.2 E3418.45771
G1 X84.665 Y112.2 E3418.45833
G1 X84.665 Y112.3 E3418.45842
G1 X83.922 Y112.3 E3418.45903
;MESH:NONMESH
G0 F600 X83.922 Y112.3 Z19.48
G0 F9000 X84.446 Y111.805
G0 X84.973 Y108.722
G0 X86.237 Y108.5
;TIME_ELAPSED:2979.908367
;LAYER:96
;TYPE:WALL-INNER
;MESH:Horiz_1_edged.stl
G1 F3900 X86.237 Y111.5 E3418.57752
G1 X133.763 Y111.5 E3420.45463
G1 X133.763 Y108.5 E3420.57312
G1 X86.237 Y108.5 E3422.45022
G0 F9000 X85.737 Y108
G1 F3900 X85.737 Y112 E3422.60821
G1 X134.263 Y112 E3424.52481
G1 X134.263 Y108 E3424.6828
G1 X85.737 Y108 E3426.5994
G0 F9000 X85.262 Y107.54
;TYPE:WALL-OUTER
G1 F3000 X85.262 Y112.475 E3426.77482
G1 X134.738 Y112.475 E3428.53354
G1 X134.738 Y107.525 E3428.70949
G1 X85.291 Y107.525 E3430.46717
G1 X85.262 Y107.54 E3430.46833
G0 F9000 X85.262 Y107.74
G0 X85.932 Y108.195
G0 X91.53 Y108.722
G0 X95.404 Y111.249
;TYPE:FILL
G1 F3000 X96.074 Y108.748 E3430.7015
G1 X95.985 Y108.75
G1 X98.484 Y111.249 E3431.01975
G0 F9000 X107.206 Y111.249
G1 F3000 X107.876 Y108.749 E3431.25282
G0 F9000 X112.107 Y108.75
G1 F3000 X114.606 Y111.249 E3431.57108
G1 X114.506 Y111.249
G1 X123.834 Y108.749 E3432.44073
G0 F9000 X119.678 Y108.748
G1 F3000 X119.008 Y111.249 E3432.67389
G0 F9000 X128.229 Y108.75
G1 F3000 X128.497 Y109.018 E3432.70802
G0 F9000 X128.398 Y109.018
G0 X128.47 Y108.722
G0 X131.761 Y108.65
G0 X131.761 Y108.891
;TYPE:SKIN
G1 F2700 X131.761 Y111.11 E3432.7571
G1 X133.373 Y111.11 E3432.79275
G1 X133.373 Y108.891 E3432.84183
G1 X131.761 Y108.891 E3432.87749
G0 F9000 X131.901 Y109.2
;TYPE:SKIN
G1 F3000 X133.233 Y109.2 E3432.90695
G0 F9000 X133.233 Y109.48
G1 F3000 X131.901 Y109.48 E3432.93641
G0 F9000 X131.901 Y109.76
G1 F3000 X133.233 Y109.76 E3432.96587
G0 F9000 X133.233 Y110.04
G1 F3000 X131.901 Y110.04 E3432.99533
G0 F9000 X131.901 Y110.32
G1 F3000 X133.233 Y110.32 E3433.02479
G0 F9000 X133.233 Y110.6
G1 F3000 X131.901 Y110.6 E3433.05425
G0 F9000 X131.901 Y110.88
G1 F3000 X133.233 Y110.88 E3433.08371
G0 F9000 X133.613 Y110.88
G0 X133.541 Y108.722
G0 X128.47 Y108.722
G0 X128.521 Y108.773
;TYPE:SKIN
G1 F2700 X128.521 Y111.227 E3433.13799
G1 X131.597 Y111.227 E3433.20603
G1 X131.597 Y108.773 E3433.2603
G1 X128.521 Y108.773 E3433.32834
G0 F9000 X128.661 Y108.92
G1 F2700 X131.457 Y108.92 E3433.39018
G0 F9000 X131.457 Y109.2
G1 F2700 X128.661 Y109.2 E3433.45202
G0 F9000 X128.661 Y109.48
G1 F2700 X131.457 Y109.48 E3433.51386
G0 F9000 X131.457 Y109.76
G1 F2700 X128.661 Y109.76 E3433.57571
G0 F9000 X128.661 Y110.04
G1 F2700 X131.457 Y110.04 E3433.63755
G0 F9000 X131.457 Y110.32
G1 F2700 X128.661 Y110.32 E3433.69939
G0 F9000 X128.661 Y110.6
G1 F2700 X131.457 Y110.6 E3433.76123
G0 F9000 X131.457 Y110.88
G1 F2700 X128.661 Y110.88 E3433.82307
G1 F2400 E3431.82307
G0 F9000 X128.398 Y110.88
G0 X91.53 Y108.722
G0 X86.459 Y108.722
G1 F1200 E3433.82307
G0 F9000 X86.628 Y108.891
G1 F2700 X86.628 Y111.11 E3433.87215
G1 X88.24 Y111.11 E3433.90781
G1 X88.24 Y108.891 E3433.95689
G1 X86.628 Y108.891 E3433.99254
G0 F9000 X86.768 Y109.2
;TYPE:SKIN
G1 F3000 X88.1 Y109.2 E3434.022
G0 F9000 X88.1 Y109.48
G1 F3000 X86.768 Y109.48 E3434.05146
G0 F9000 X86.768 Y109.76
G1 F3000 X88.1 Y109.76 E3434.08093
G0 F9000 X88.1 Y110.04
G1 F3000 X86.768 Y110.04 E3434.11039
G0 F9000 X86.768 Y110.32
G1 F3000 X88.1 Y110.32 E3434.13985
G0 F9000 X88.1 Y110.6
G1 F3000 X86.768 Y110.6 E3434.16931
G0 F9000 X86.768 Y110.88
G1 F3000 X88.1 Y110.88 E3434.19877
G0 F9000 X88.1 Y111.35
G0 X86.459 Y111.278
G0 X86.459 Y108.722
G0 X88.403 Y108.65
G0 X88.403 Y108.773
;TYPE:SKIN
G1 F2700 X88.403 Y110 E3434.22591
G1 X88.403 Y111.227 E3434.25305
G1 X91.479 Y111.227 E3434.32108
G1 X91.479 Y108.773 E3434.37536
G1 X88.403 Y108.773 E3434.4434
G0 F9000 X88.543 Y108.92
G1 F2700 X91.339 Y108.92 E3434.50524
G0 F9000 X91.339 Y109.2
G1 F2700 X88.543 Y109.2 E3434.56708
G0 F9000 X88.543 Y109.48
G1 F2700 X91.339 Y109.48 E3434.62892
G0 F9000 X91.339 Y109.76
G1 F2700 X88.543 Y109.76 E3434.69076
G0 F9000 X88.543 Y110.04
G1 F2700 X91.339 Y110.04 E3434.75261
G0 F9000 X91.339 Y110.32
G1 F2700 X88.543 Y110.32 E3434.81445
G0 F9000 X88.543 Y110.6
G1 F2700 X91.339 Y110.6 E3434.87629
G0 F9000 X91.339 Y110.88
G1 F2700 X88.543 Y110.88 E3434.93813
G0 F9000 X88.543 Y111.375
G0 X85.932 Y111.805
G0 X85.359 Y112.378
G0 X86.299 Y112.327
;TYPE:SKIN
G1 F1800 X86.299 Y107.671 E3434.942
G1 X86.199 Y107.671 E3434.94209
G1 X86.199 Y112.327 E3434.94596
G1 X86.099 Y112.327 E3434.94604
G1 X86.099 Y107.671 E3434.94991
G1 X85.999 Y107.671 E3434.94999
G1 X85.999 Y112.327 E3434.95387
G1 X85.899 Y112.327 E3434.95395
G1 X85.899 Y107.671 E3434.95782
G1 X85.799 Y107.671 E3434.9579
G1 X85.799 Y112.327 E3434.96178
G1 X85.699 Y112.327 E3434.96186
G1 X85.699 Y107.671 E3434.96573
G1 X85.599 Y107.671 E3434.96581
G1 X85.599 Y112.327 E3434.96968
G1 X85.499 Y112.327 E3434.96977
G1 X85.499 Y107.671 E3434.97364
G1 F2400 E3432.97364
G0 F9000 X85.932 Y108.195
G0 X133.7 Y108.225
G1 F1200 E3434.97364
G0 F9000 X133.7 Y107.671
G1 F1800 X133.7 Y112.327 E3434.97751
G1 X133.8 Y112.327 E3434.97759
G1 X133.8 Y107.671 E3434.98147
G1 X133.9 Y107.671 E3434.98155
G1 X133.9 Y112.327 E3434.98542
G1 X134 Y112.327 E3434.9855
G1 X134 Y107.671 E3434.98937
G1 X134.1 Y107.671 E3434.98946
G1 X134.1 Y112.327 E3434.99333
G1 X134.2 Y112.327 E3434.99341
G1 X134.2 Y107.671 E3434.99728
G1 X134.3 Y107.671 E3434.99737
G1 X134.3 Y112.327 E3435.00124
G1 X134.4 Y112.327 E3435.00132
G1 X134.4 Y107.671 E3435.00519
G1 X134.5 Y107.671 E3435.00528
G1 X134.5 Y112.327 E3435.00915
G1 F2400 E3433.00915
;MESH:NONMESH
G0 F600 X134.5 Y112.327 Z19.68
G0 F9000 X134.068 Y111.805
G0 X99.613 Y109.309
G0 X87.909 Y108.5
;TIME_ELAPSED:2999.472317
;LAYER:97
;TYPE:WALL-INNER
;MESH:Horiz_1_edged.stl
G1 F1200 E3435.00915
G1 F3900 X87.909 Y111.5 E3435.12764
G1 X132.091 Y111.5 E3436.87267
G1 X132.091 Y108.5 E3436.99116
G1 X87.909 Y108.5 E3438.73619
G0 F9000 X87.409 Y108
G1 F3900 X87.409 Y112 E3438.89417
G1 X132.591 Y112 E3440.6787
G1 X132.591 Y108 E3440.83669
G1 X87.409 Y108 E3442.62121
G0 F9000 X86.934 Y107.54
;TYPE:WALL-OUTER
G1 F3000 X86.934 Y112.475 E3442.79664
G1 X133.066 Y112.475 E3444.43648
G1 X133.066 Y107.525 E3444.61244
G1 X86.963 Y107.525 E3446.25125
G1 X86.934 Y107.54 E3446.25241
G0 F9000 X86.934 Y107.74
G0 X87.604 Y108.195
G0 X93.669 Y108.722
G0 X95.258 Y111.25
;TYPE:FILL
G1 F3000 X95.928 Y108.748 E3446.36903
G0 F9000 X124.013 Y108.847
G1 F3000 X124.38 Y108.749 E3446.38614
G0 F9000 X130.089 Y108.65
G0 X130.089 Y108.891
;TYPE:SKIN
G1 F2700 X130.089 Y111.11 E3446.43522
G1 X131.701 Y111.11 E3446.47087
G1 X131.701 Y108.891 E3446.51995
G1 X130.089 Y108.891 E3446.5556
G0 F9000 X130.089 Y108.65
G0 X131.32 Y108.65
G0 X131.32 Y109.031
;TYPE:SKIN
G1 F3000 X131.32 Y110.97 E3446.59849
G0 F9000 X131.04 Y110.97
G1 F3000 X131.04 Y109.031 E3446.64138
G0 F9000 X130.76 Y109.031
G1 F3000 X130.76 Y110.97 E3446.68426
G0 F9000 X130.48 Y110.97
G1 F3000 X130.48 Y109.031 E3446.72715
G0 F9000 X130.48 Y108.65
G0 X126.331 Y108.722
G0 X126.382 Y108.773
;TYPE:SKIN
G1 F2700 X126.382 Y111.227 E3446.78143
G1 X129.925 Y111.227 E3446.85979
G1 X129.925 Y108.773 E3446.91407
G1 X126.382 Y108.773 E3446.99243
G0 F9000 X126.259 Y108.773
G0 X129.64 Y108.65
G0 X129.64 Y108.913
G1 F2700 X129.64 Y111.087 E3447.04052
G0 F9000 X129.36 Y111.087
G1 F2700 X129.36 Y108.913 E3447.0886
G0 F9000 X129.08 Y108.913
G1 F2700 X129.08 Y111.087 E3447.13669
G0 F9000 X128.8 Y111.087
G1 F2700 X128.8 Y108.913 E3447.18477
G0 F9000 X128.52 Y108.913
G1 F2700 X128.52 Y111.087 E3447.23286
G0 F9000 X128.24 Y111.087
G1 F2700 X128.24 Y108.913 E3447.28094
G0 F9000 X127.96 Y108.913
G1 F2700 X127.96 Y111.087 E3447.32903
G0 F9000 X127.68 Y111.087
G1 F2700 X127.68 Y108.913 E3447.37711
G0 F9000 X127.4 Y108.913
G1 F2700 X127.4 Y111.087 E3447.4252
G0 F9000 X127.12 Y111.087
G1 F2700 X127.12 Y108.913 E3447.47328
G0 F9000 X126.84 Y108.913
G1 F2700 X126.84 Y111.087 E3447.52136
G0 F9000 X126.56 Y111.087
G1 F2700 X126.56 Y108.913 E3447.56945
G1 F2400 E3445.56945
G0 F9000 X126.56 Y108.65
G0 X88.131 Y108.722
G1 F1200 E3447.56945
G0 F9000 X88.3 Y108.891
G1 F2700 X88.3 Y111.11 E3447.61853
G1 X89.912 Y111.11 E3447.65418
G1 X89.912 Y108.891 E3447.70326
G1 X88.3 Y108.891 E3447.73892
G0 F9000 X88.059 Y108.891
G0 X89.6 Y108.65
G0 X89.6 Y109.031
;TYPE:SKIN
G1 F3000 X89.6 Y110.97 E3447.7818
G0 F9000 X89.32 Y110.97
G1 F3000 X89.32 Y109.031 E3447.82469
G0 F9000 X89.04 Y109.031
G1 F3000 X89.04 Y110.97 E3447.86758
G0 F9000 X88.76 Y110.97
G1 F3000 X88.76 Y109.031 E3447.91046
G0 F9000 X88.48 Y109.031
G1 F3000 X88.48 Y110.97 E3447.95335
G0 F9000 X88.48 Y111.35
G0 X88.131 Y111.278
G0 X88.131 Y108.722
G0 X90.075 Y108.65
G0 X90.075 Y108.773
;TYPE:SKIN
G1 F2700 X90.075 Y111.227 E3448.00763
G1 X93.618 Y111.227 E3448.08599
G1 X93.618 Y108.773 E3448.14027
G1 X90.075 Y108.773 E3448.21863
G0 F9000 X90.075 Y108.65
G0 X93.24 Y108.65
G0 X93.24 Y108.913
G1 F2700 X93.24 Y111.087 E3448.26672
G0 F9000 X92.96 Y111.087
G1 F2700 X92.96 Y108.913 E3448.3148
G0 F9000 X92.68 Y108.913
G1 F2700 X92.68 Y111.087 E3448.36289
G0 F9000 X92.4 Y111.087
G1 F2700 X92.4 Y108.913 E3448.41097
G0 F9000 X92.12 Y108.913
G1 F2700 X92.12 Y111.087 E3448.45906
G0 F9000 X91.84 Y111.087
G1 F2700 X91.84 Y108.913 E3448.50714
G0 F9000 X91.56 Y108.913
G1 F2700 X91.56 Y111.087 E3448.55523
G0 F9000 X91.28 Y111.087
G1 F2700 X91.28 Y108.913 E3448.60331
G0 F9000 X91 Y108.913
G1 F2700 X91 Y111.087 E3448.65139
G0 F9000 X90.72 Y111.087
G1 F2700 X90.72 Y108.913 E3448.69948
G0 F9000 X90.44 Y108.913
G1 F2700 X90.44 Y111.087 E3448.74756
G0 F9000 X90.44 Y111.375
G1 F2400 E3446.74756
G0 F9000 X131.942 Y111.775
G1 F1200 E3448.74756
G0 F9000 X131.942 Y112.378
G0 X131.992 Y112.3
;TYPE:SKIN
G1 F1800 X132.919 Y112.3 E3448.74833
G1 X132.919 Y112.2 E3448.74842
G1 X131.992 Y112.2 E3448.74919
G1 X131.992 Y112.1 E3448.74927
G1 X132.919 Y112.1 E3448.75004
G1 X132.919 Y112 E3448.75013
G1 X131.992 Y112 E3448.7509
G1 X131.992 Y111.9 E3448.75098
G1 X132.919 Y111.9 E3448.75175
G1 X132.919 Y111.8 E3448.75183
G1 X131.992 Y111.8 E3448.7526
G1 X131.992 Y111.7 E3448.75269
G1 X132.919 Y111.7 E3448.75346
G1 X132.919 Y111.6 E3448.75354
G1 X131.992 Y111.6 E3448.75431
G1 X131.992 Y111.5 E3448.7544
G1 X132.919 Y111.5 E3448.75517
G1 X132.919 Y111.4 E3448.75525
G1 X131.992 Y111.4 E3448.75602
G1 X131.992 Y111.3 E3448.7561
G1 X132.919 Y111.3 E3448.75687
G1 X132.919 Y111.2 E3448.75696
G1 X131.992 Y111.2 E3448.75773
G1 X131.992 Y111.1 E3448.75781
G1 X132.919 Y111.1 E3448.75858
G1 X132.919 Y111 E3448.75866
G1 X131.992 Y111 E3448.75944
G1 X131.992 Y110.9 E3448.75952
G1 X132.919 Y110.9 E3448.76029
G1 X132.919 Y110.8 E3448.76037
G1 X131.992 Y110.8 E3448.76114
G1 X131.992 Y110.7 E3448.76123
G1 X132.919 Y110.7 E3448.762
G1 X132.919 Y110.6 E3448.76208
G1 X131.992 Y110.6 E3448.76285
G1 X131.992 Y110.5 E3448.76293
G1 X132.919 Y110.5 E3448.76371
G1 X132.919 Y110.4 E3448.76379
G1 X131.992 Y110.4 E3448.76456
G1 X131.992 Y110.3 E3448.76464
G1 X132.919 Y110.3 E3448.76541
G1 X132.919 Y110.2 E3448.7655
G1 X131.992 Y110.2 E3448.76627
G1 X131.992 Y110.1 E3448.76635
G1 X132.919 Y110.1 E3448.76712
G1 X132.919 Y110 E3448.7672
G1 X131.992 Y110 E3448.76798
G1 X131.992 Y109.9 E3448.76806
G1 X132.919 Y109.9 E3448.76883
G1 X132.919 Y109.8 E3448.76891
G1 X131.992 Y109.8 E3448.76968
G1 X131.992 Y109.7 E3448.76977
G1 X132.919 Y109.7 E3448.77054
G1 X132.919 Y109.6 E3448.77062
G1 X131.992 Y109.6 E3448.77139
G1 X131.992 Y109.5 E3448.77147
G1 X132.919 Y109.5 E3448.77224
G1 X132.919 Y109.4 E3448.77233
G1 X131.992 Y109.4 E3448.7731
G1 X131.992 Y109.3 E3448.77318
G1 X132.919 Y109.3 E3448.77395
G1 X132.919 Y109.2 E3448.77404
G1 X131.992 Y109.2 E3448.77481
G1 X131.992 Y109.1 E3448.77489
G1 X132.919 Y109.1 E3448.77566
G1 X132.919 Y109 E3448.77574
G1 X131.992 Y109 E3448.77651
G1 X131.992 Y108.9 E3448.7766
G1 X132.919 Y108.9 E3448.77737
G1 X132.919 Y108.8 E3448.77745
G1 X131.992 Y108.8 E3448.77822
G1 X131.992 Y108.7 E3448.77831
G1 X132.919 Y108.7 E3448.77908
G1 X132.919 Y108.6 E3448.77916
G1 X131.992 Y108.6 E3448.77993
G1 X131.992 Y108.5 E3448.78001
G1 X132.919 Y108.5 E3448.78078
G1 X132.919 Y108.4 E3448.78087
G1 X131.992 Y108.4 E3448.78164
G1 X131.992 Y108.3 E3448.78172
G1 X132.919 Y108.3 E3448.78249
G1 X132.919 Y108.2 E3448.78258
G1 X131.992 Y108.2 E3448.78335
G1 X131.992 Y108.1 E3448.78343
G1 X132.919 Y108.1 E3448.7842
G1 X132.919 Y108 E3448.78428
G1 X131.992 Y108 E3448.78505
G1 X131.992 Y107.9 E3448.78514
G1 X132.919 Y107.9 E3448.78591
G1 X132.919 Y107.8 E3448.78599
G1 X131.992 Y107.8 E3448.78676
G1 X131.992 Y107.7 E3448.78685
G1 X132.919 Y107.7 E3448.78762
G1 F2400 E3446.78762
G0 F9000 X132.396 Y108.195
G0 X88.008 Y108.225
G1 F1200 E3448.78762
G0 F9000 X88.008 Y107.7
G1 F1800 X87.081 Y107.7 E3448.78839
G1 X87.081 Y107.8 E3448.78847
G1 X88.008 Y107.8 E3448.78924
G1 X88.008 Y107.9 E3448.78932
G1 X87.081 Y107.9 E3448.79009
G1 X87.081 Y108 E3448.79018
G1 X88.008 Y108 E3448.79095
G1 X88.008 Y108.1 E3448.79103
G1 X87.081 Y108.1 E3448.7918
G1 X87.081 Y108.2 E3448.79189
G1 X88.008 Y108.2 E3448.79266
G1 X88.008 Y108.3 E3448.79274
G1 X87.081 Y108.3 E3448.79351
G1 X87.081 Y108.4 E3448.79359
G1 X88.008 Y108.4 E3448.79436
G1 X88.008 Y108.5 E3448.79445
G1 X87.081 Y108.5 E3448.79522
G1 X87.081 Y108.6 E3448.7953
G1 X88.008 Y108.6 E3448.79607
G1 X88.008 Y108.7 E3448.79616
G1 X87.081 Y108.7 E3448.79693
G1 X87.081 Y108.8 E3448.79701
G1 X88.008 Y108.8 E3448.79778
G1 X88.008 Y108.9 E3448.79786
G1 X87.081 Y108.9 E3448.79863
G1 X87.081 Y109 E3448.79872
G1 X88.008 Y109 E3448.79949
G1 X88.008 Y109.1 E3448.79957
G1 X87.081 Y109.1 E3448.80034
G1 X87.081 Y109.2 E3448.80043
G1 X88.008 Y109.2 E3448.8012
G1 X88.008 Y109.3 E3448.80128
G1 X87.081 Y109.3 E3448.80205
G1 X87.081 Y109.4 E3448.80213
G1 X88.008 Y109.4 E3448.8029
G1 X88.008 Y109.5 E3448.80299
G1 X87.081 Y109.5 E3448.80376
G1 X87.081 Y109.6 E3448.80384
G1 X88.008 Y109.6 E3448.80461
G1 X88.008 Y109.7 E3448.8047
G1 X87.081 Y109.7 E3448.80547
G1 X87.081 Y109.8 E3448.80555
G1 X88.008 Y109.8 E3448.80632
G1 X88.008 Y109.9 E3448.8064
G1 X87.081 Y109.9 E3448.80717
G1 X87.081 Y110 E3448.80726
G1 X88.008 Y110 E3448.80803
G1 X88.008 Y110.1 E3448.80811
G1 X87.081 Y110.1 E3448.80888
G1 X87.081 Y110.2 E3448.80896
G1 X88.008 Y110.2 E3448.80974
G1 X88.008 Y110.3 E3448.80982
G1 X87.081 Y110.3 E3448.81059
G1 X87.081 Y110.4 E3448.81067
G1 X88.008 Y110.4 E3448.81144
G1 X88.008 Y110.5 E3448.81153
G1 X87.081 Y110.5 E3448.8123
G1 X87.081 Y110.6 E3448.81238
G1 X88.008 Y110.6 E3448.81315
G1 X88.008 Y110.7 E3448.81323
G1 X87.081 Y110.7 E3448.81401
G1 X87.081 Y110.8 E3448.81409
G1 X88.008 Y110.8 E3448.81486
G1 X88.008 Y110.9 E3448.81494
G1 X87.081 Y110.9 E3448.81571
G1 X87.081 Y111 E3448.8158
G1 X88.008 Y111 E3448.81657
G1 X88.008 Y111.1 E3448.81665
G1 X87.081 Y111.1 E3448.81742
G1 X87.081 Y111.2 E3448.8175
G1 X88.008 Y111.2 E3448.81828
G1 X88.008 Y111.3 E3448.81836
G1 X87.081 Y111.3 E3448.81913
G1 X87.081 Y111.4 E3448.81921
G1 X88.008 Y111.4 E3448.81998
G1 X88.008 Y111.5 E3448.82007
G1 X87.081 Y111.5 E3448.82084
G1 X87.081 Y111.6 E3448.82092
G1 X88.008 Y111.6 E3448.82169
G1 X88.008 Y111.7 E3448.82177
G1 X87.081 Y111.7 E3448.82255
G1 X87.081 Y111.8 E3448.82263
G1 X88.008 Y111.8 E3448.8234
G1 X88.008 Y111.9 E3448.82348
G1 X87.081 Y111.9 E3448.82425
G1 X87.081 Y112 E3448.82434
G1 X88.008 Y112 E3448.82511
G1 X88.008 Y112.1 E3448.82519
G1 X87.081 Y112.1 E3448.82596
G1 X87.081 Y112.2 E3448.82604
G1 X88.008 Y112.2 E3448.82681
G1 X88.008 Y112.3 E3448.8269
G1 X87.081 Y112.3 E3448.82767
;MESH:NONMESH
G0 F600 X87.081 Y112.3 Z19.88
G0 F9000 X87.604 Y111.805
G0 X88.131 Y108.722
G0 X89.58 Y108.5
;TIME_ELAPSED:3020.197377
;LAYER:98
;TYPE:WALL-INNER
;MESH:Horiz_1_edged.stl
G1 F3900 X89.58 Y111.5 E3448.94616
G1 X130.42 Y111.5 E3450.55919
G1 X130.42 Y108.5 E3450.67768
G1 X89.58 Y108.5 E3452.29071
G0 F9000 X89.08 Y108
G1 F3900 X89.08 Y112 E3452.4487
G1 X130.92 Y112 E3454.10123
G1 X130.92 Y108 E3454.25922
G1 X89.08 Y108 E3455.91174
G0 F9000 X88.605 Y107.54
;TYPE:WALL-OUTER
G1 F3000 X88.605 Y112.475 E3456.08717
G1 X131.395 Y112.475 E3457.60821
G1 X131.395 Y107.525 E3457.78417
G1 X88.634 Y107.525 E3459.30419
G1 X88.605 Y107.54 E3459.30535
G0 F9000 X88.605 Y107.74
G0 X89.275 Y108.195
G0 X96.385 Y108.75
;TYPE:FILL
G1 F3000 X98.884 Y111.249 E3459.6236
G0 F9000 X106.913 Y111.249
G1 F3000 X107.583 Y108.749 E3459.85668
G0 F9000 X112.507 Y108.75
G1 F3000 X115.006 Y111.249 E3460.17493
G0 F9000 X115.597 Y111.249
G1 F3000 X124.012 Y108.995 E3460.95943
G0 F9000 X123.914 Y108.995
G0 X119.385 Y108.748
G1 F3000 X118.715 Y111.25 E3461.19268
G0 F9000 X123.986 Y108.722
G0 X127.95 Y108.65
G0 X127.95 Y108.891
;TYPE:SKIN
G1 F2700 X127.95 Y111.11 E3461.24176
G1 X130.03 Y111.11 E3461.28776
G1 X130.03 Y108.891 E3461.33684
G1 X127.95 Y108.891 E3461.38285
G0 F9000 X128.09 Y109.2
;TYPE:SKIN
G1 F3000 X129.89 Y109.2 E3461.42266
G0 F9000 X129.89 Y109.48
G1 F3000 X128.09 Y109.48 E3461.46247
G0 F9000 X128.09 Y109.76
G1 F3000 X129.89 Y109.76 E3461.50228
G0 F9000 X129.89 Y110.04
G1 F3000 X128.09 Y110.04 E3461.5421
G0 F9000 X128.09 Y110.32
G1 F3000 X129.89 Y110.32 E3461.58191
G0 F9000 X129.89 Y110.6
G1 F3000 X128.09 Y110.6 E3461.62172
G0 F9000 X128.09 Y110.88
G1 F3000 X129.89 Y110.88 E3461.66153
G0 F9000 X130.27 Y110.88
G0 X130.198 Y108.722
G0 X123.986 Y108.722
G0 X124.037 Y108.773
;TYPE:SKIN
G1 F2700 X124.037 Y111.227 E3461.71581
G1 X127.786 Y111.227 E3461.79873
G1 X127.786 Y108.773 E3461.85301
G1 X124.037 Y108.773 E3461.93593
G0 F9000 X124.177 Y108.92
G1 F2700 X127.646 Y108.92 E3462.01266
G0 F9000 X127.646 Y109.2
G1 F2700 X124.177 Y109.2 E3462.08938
G0 F9000 X124.177 Y109.48
G1 F2700 X127.646 Y109.48 E3462.16611
G0 F9000 X127.646 Y109.76
G1 F2700 X124.177 Y109.76 E3462.24284
G0 F9000 X124.177 Y110.04
G1 F2700 X127.646 Y110.04 E3462.31957
G0 F9000 X127.646 Y110.32
G1 F2700 X124.177 Y110.32 E3462.39629
G0 F9000 X124.177 Y110.6
G1 F2700 X127.646 Y110.6 E3462.47302
G0 F9000 X127.646 Y110.88
G1 F2700 X124.177 Y110.88 E3462.54975
G1 F2400 E3460.54975
G0 F9000 X123.914 Y110.88
G0 X96.014 Y108.722
G0 X89.802 Y108.722
G1 F1200 E3462.54975
G0 F9000 X89.971 Y108.891
G1 F2700 X89.971 Y111.11 E3462.59883
G1 X92.051 Y111.11 E3462.64483
G1 X92.051 Y108.891 E3462.69391
G1 X89.971 Y108.891 E3462.73992
G0 F9000 X90.111 Y109.2
;TYPE:SKIN
G1 F3000 X91.911 Y109.2 E3462.77973
G0 F9000 X91.911 Y109.48
G1 F3000 X90.111 Y109.48 E3462.81954
G0 F9000 X90.111 Y109.76
G1 F3000 X91.911 Y109.76 E3462.85936
G0 F9000 X91.911 Y110.04
G1 F3000 X90.111 Y110.04 E3462.89917
G0 F9000 X90.111 Y110.32
G1 F3000 X91.911 Y110.32 E3462.93898
G0 F9000 X91.911 Y110.6
G1 F3000 X90.111 Y110.6 E3462.97879
G0 F9000 X90.111 Y110.88
G1 F3000 X91.911 Y110.88 E3463.01861
G0 F9000 X91.911 Y111.35
G0 X89.802 Y111.278
G0 X89.802 Y108.722
G0 X92.214 Y108.65
G0 X92.214 Y108.773
;TYPE:SKIN
G1 F2700 X92.214 Y111.227 E3463.07288
G1 X95.963 Y111.227 E3463.1558
G1 X95.963 Y108.773 E3463.21008
G1 X92.214 Y108.773 E3463.293
G0 F9000 X92.354 Y108.92
G1 F2700 X95.823 Y108.92 E3463.36973
G0 F9000 X95.823 Y109.2
G1 F2700 X92.354 Y109.2 E3463.44646
G0 F9000 X92.354 Y109.48
G1 F2700 X95.823 Y109.48 E3463.52318
G0 F9000 X95.823 Y109.76
G1 F2700 X92.354 Y109.76 E3463.59991
G0 F9000 X92.354 Y110.04
G1 F2700 X95.823 Y110.04 E3463.67664
G0 F9000 X95.823 Y110.32
G1 F2700 X92.354 Y110.32 E3463.75336
G0 F9000 X92.354 Y110.6
G1 F2700 X95.823 Y110.6 E3463.83009
G0 F9000 X95.823 Y110.88
G1 F2700 X92.354 Y110.88 E3463.90682
G0 F9000 X92.354 Y111.375
G0 X89.275 Y111.805
G0 X88.702 Y112.378
G0 X88.799 Y112.327
;TYPE:SKIN
G1 F1800 X88.799 Y107.671 E3463.91069
G1 X88.899 Y107.671 E3463.91077
G1 X88.899 Y112.327 E3463.91465
G1 X88.999 Y112.327 E3463.91473
G1 X88.999 Y107.671 E3463.9186
G1 X89.099 Y107.671 E3463.91868
G1 X89.099 Y112.327 E3463.92255
G1 X89.199 Y112.327 E3463.92264
G1 X89.199 Y107.671 E3463.92651
G1 X89.299 Y107.671 E3463.92659
G1 X89.299 Y112.327 E3463.93046
G1 X89.399 Y112.327 E3463.93055
G1 X89.399 Y107.671 E3463.93442
G1 X89.499 Y107.671 E3463.9345
G1 X89.499 Y112.327 E3463.93837
G1 X89.599 Y112.327 E3463.93846
G1 X89.599 Y107.671 E3463.94233
G1 F2400 E3461.94233
G0 F9000 X89.599 Y108.225
G0 X96.014 Y108.722
G0 X121.188 Y111.022
G0 X130.399 Y111.775
G1 F1200 E3463.94233
G0 F9000 X130.399 Y112.327
G1 F1800 X130.399 Y107.671 E3463.9462
G1 X130.499 Y107.671 E3463.94628
G1 X130.499 Y112.327 E3463.95015
G1 X130.599 Y112.327 E3463.95024
G1 X130.599 Y107.671 E3463.95411
G1 X130.699 Y107.671 E3463.95419
G1 X130.699 Y112.327 E3463.95806
G1 X130.799 Y112.327 E3463.95815
G1 X130.799 Y107.671 E3463.96202
G1 X130.899 Y107.671 E3463.9621
G1 X130.899 Y112.327 E3463.96597
G1 X130.999 Y112.327 E3463.96606
G1 X130.999 Y107.671 E3463.96993
G1 X131.1 Y107.671 E3463.97001
G1 X131.1 Y112.327 E3463.97388
G1 X131.2 Y112.327 E3463.97397
G1 X131.2 Y107.671 E3463.97784
G1 F2400 E3461.97784
;MESH:NONMESH
G0 F600 X131.2 Y107.671 Z20.08
G0 F9000 X130.725 Y108.195
G0 X91.252 Y108.5
;TIME_ELAPSED:3039.204464
;LAYER:99
;TYPE:WALL-INNER
;MESH:Horiz_1_edged.stl
G1 F1200 E3463.97784
G1 F3900 X91.252 Y111.5 E3464.09633
G1 X128.748 Y111.5 E3465.57728
G1 X128.748 Y108.5 E3465.69577
G1 X91.252 Y108.5 E3467.17673
G0 F9000 X90.752 Y108
G1 F3900 X90.752 Y112 E3467.33472
G1 X129.248 Y112 E3468.85517
G1 X129.248 Y108 E3469.01316
G1 X90.752 Y108 E3470.53361
G0 F9000 X90.277 Y107.54
;TYPE:WALL-OUTER
G1 F3000 X90.277 Y112.475 E3470.70903
G1 X129.723 Y112.475 E3472.11121
G1 X129.723 Y107.525 E3472.28717
G1 X90.306 Y107.525 E3473.68831
G1 X90.277 Y107.54 E3473.68947
G0 F9000 X90.277 Y107.74
G0 X90.947 Y108.195
G0 X98.359 Y108.722
G0 X98.431 Y110.496
G0 X98.33 Y110.496
;TYPE:FILL
G1 F3000 X99.084 Y111.249 E3473.73745
G0 F9000 X117.813 Y110.802
G1 F3000 X121.668 Y109.769 E3473.91715
G0 F9000 X121.569 Y109.769
G0 X119.239 Y108.749
G1 F3000 X118.569 Y111.249 E3474.03369
G0 F9000 X121.641 Y108.722
G0 X125.604 Y108.65
G0 X125.604 Y108.89
;TYPE:SKIN
G1 F2700 X125.604 Y111.11 E3474.08279
G1 X128.358 Y111.11 E3474.14371
G1 X128.358 Y108.89 E3474.19281
G1 X125.604 Y108.89 E3474.25372
G0 F9000 X125.604 Y108.65
G0 X127.96 Y108.65
G0 X127.96 Y109.03
;TYPE:SKIN
G1 F3000 X127.96 Y110.97 E3474.29663
G0 F9000 X127.68 Y110.97
G1 F3000 X127.68 Y109.03 E3474.33954
G0 F9000 X127.4 Y109.03
G1 F3000 X127.4 Y110.97 E3474.38245
G0 F9000 X127.12 Y110.97
G1 F3000 X127.12 Y109.03 E3474.42536
G0 F9000 X126.84 Y109.03
G1 F3000 X126.84 Y110.97 E3474.46826
G0 F9000 X126.56 Y110.97
G1 F3000 X126.56 Y109.03 E3474.51117
G0 F9000 X126.28 Y109.03
G1 F3000 X126.28 Y110.97 E3474.55408
G0 F9000 X126 Y110.97
G1 F3000 X126 Y109.03 E3474.59699
G0 F9000 X126 Y108.65
G0 X121.641 Y108.722
G0 X121.692 Y108.773
;TYPE:SKIN
G1 F2700 X121.692 Y111.227 E3474.65127
G1 X125.441 Y111.227 E3474.73419
G1 X125.441 Y108.773 E3474.78847
G1 X121.692 Y108.773 E3474.87139
G0 F9000 X121.569 Y108.773
G0 X125.16 Y108.65
G0 X125.16 Y108.913
G1 F2700 X125.16 Y111.087 E3474.91947
G0 F9000 X124.88 Y111.087
G1 F2700 X124.88 Y108.913 E3474.96756
G0 F9000 X124.6 Y108.913
G1 F2700 X124.6 Y111.087 E3475.01564
G0 F9000 X124.32 Y111.087
G1 F2700 X124.32 Y108.913 E3475.06373
G0 F9000 X124.04 Y108.913
G1 F2700 X124.04 Y111.087 E3475.11181
G0 F9000 X123.76 Y111.087
G1 F2700 X123.76 Y108.913 E3475.15989
G0 F9000 X123.48 Y108.913
G1 F2700 X123.48 Y111.087 E3475.20798
G0 F9000 X123.2 Y111.087
G1 F2700 X123.2 Y108.913 E3475.25606
G0 F9000 X122.92 Y108.913
G1 F2700 X122.92 Y111.087 E3475.30415
G0 F9000 X122.64 Y111.087
G1 F2700 X122.64 Y108.913 E3475.35223
G0 F9000 X122.36 Y108.913
G1 F2700 X122.36 Y111.087 E3475.40032
G0 F9000 X122.08 Y111.087
G1 F2700 X122.08 Y108.913 E3475.4484
G1 F2400 E3473.4484
G0 F9000 X122.08 Y108.65
G0 X91.474 Y108.722
G1 F1200 E3475.4484
G0 F9000 X91.642 Y108.89
G1 F2700 X91.642 Y111.11 E3475.4975
G1 X94.396 Y111.11 E3475.55842
G1 X94.396 Y108.89 E3475.60752
G1 X91.642 Y108.89 E3475.66843
G0 F9000 X91.402 Y108.89
G0 X94.08 Y108.65
G0 X94.08 Y109.03
;TYPE:SKIN
G1 F3000 X94.08 Y110.97 E3475.71134
G0 F9000 X93.8 Y110.97
G1 F3000 X93.8 Y109.03 E3475.75425
G0 F9000 X93.52 Y109.03
G1 F3000 X93.52 Y110.97 E3475.79716
G0 F9000 X93.24 Y110.97
G1 F3000 X93.24 Y109.03 E3475.84007
G0 F9000 X92.96 Y109.03
G1 F3000 X92.96 Y110.97 E3475.88298
G0 F9000 X92.68 Y110.97
G1 F3000 X92.68 Y109.03 E3475.92588
G0 F9000 X92.4 Y109.03
G1 F3000 X92.4 Y110.97 E3475.96879
G0 F9000 X92.12 Y110.97
G1 F3000 X92.12 Y109.03 E3476.0117
G0 F9000 X91.84 Y109.03
G1 F3000 X91.84 Y110.97 E3476.05461
G0 F9000 X91.84 Y111.35
G0 X91.474 Y111.278
G0 X91.474 Y108.722
G0 X94.559 Y108.65
G0 X94.559 Y108.773
;TYPE:SKIN
G1 F2700 X94.559 Y111.227 E3476.10889
G1 X98.308 Y111.227 E3476.19181
G1 X98.308 Y108.773 E3476.24609
G1 X94.559 Y108.773 E3476.32901
G0 F9000 X94.559 Y108.65
G0 X98 Y108.65
G0 X98 Y108.913
G1 F2700 X98 Y111.087 E3476.37709
G0 F9000 X97.72 Y111.087
G1 F2700 X97.72 Y108.913 E3476.42518
G0 F9000 X97.44 Y108.913
G1 F2700 X97.44 Y111.087 E3476.47326
G0 F9000 X97.16 Y111.087
G1 F2700 X97.16 Y108.913 E3476.52134
G0 F9000 X96.88 Y108.913
G1 F2700 X96.88 Y111.087 E3476.56943
G0 F9000 X96.6 Y111.087
G1 F2700 X96.6 Y108.913 E3476.61751
G0 F9000 X96.32 Y108.913
G1 F2700 X96.32 Y111.087 E3476.6656
G0 F9000 X96.04 Y111.087
G1 F2700 X96.04 Y108.913 E3476.71368
G0 F9000 X95.76 Y108.913
G1 F2700 X95.76 Y111.087 E3476.76177
G0 F9000 X95.48 Y111.087
G1 F2700 X95.48 Y108.913 E3476.80985
G0 F9000 X95.2 Y108.913
G1 F2700 X95.2 Y111.087 E3476.85794
G0 F9000 X94.92 Y111.087
G1 F2700 X94.92 Y108.913 E3476.90602
G0 F9000 X94.92 Y108.625
G1 F2400 E3474.90602
G0 F9000 X128.131 Y108.225
G1 F1200 E3476.90602
G0 F9000 X128.131 Y107.622
G0 X128.131 Y108.225
G0 X129.053 Y108.195
G0 X129.576 Y107.7
;TYPE:SKIN
G1 F1800 X128.181 Y107.7 E3476.90718
G1 X128.181 Y107.8 E3476.90726
G1 X129.576 Y107.8 E3476.90842
G1 X129.576 Y107.9 E3476.90851
G1 X128.181 Y107.9 E3476.90967
G1 X128.181 Y108 E3476.90975
G1 X129.576 Y108 E3476.91091
G1 X129.576 Y108.1 E3476.91099
G1 X128.181 Y108.1 E3476.91215
G1 X128.181 Y108.2 E3476.91224
G1 X129.576 Y108.2 E3476.9134
G1 X129.576 Y108.3 E3476.91348
G1 X128.181 Y108.3 E3476.91464
G1 X128.181 Y108.4 E3476.91472
G1 X129.576 Y108.4 E3476.91588
G1 X129.576 Y108.5 E3476.91597
G1 X128.181 Y108.5 E3476.91713
G1 X128.181 Y108.6 E3476.91721
G1 X129.576 Y108.6 E3476.91837
G1 X129.576 Y108.7 E3476.91845
G1 X128.181 Y108.7 E3476.91961
G1 X128.181 Y108.8 E3476.9197
G1 X129.576 Y108.8 E3476.92086
G1 X129.576 Y108.9 E3476.92094
G1 X128.181 Y108.9 E3476.9221
G1 X128.181 Y109 E3476.92218
G1 X129.576 Y109 E3476.92334
G1 X129.576 Y109.1 E3476.92342
G1 X128.181 Y109.1 E3476.92458
G1 X128.181 Y109.2 E3476.92467
G1 X129.576 Y109.2 E3476.92583
G1 X129.576 Y109.3 E3476.92591
G1 X128.181 Y109.3 E3476.92707
G1 X128.181 Y109.4 E3476.92715
G1 X129.576 Y109.4 E3476.92831
G1 X129.576 Y109.5 E3476.9284
G1 X128.181 Y109.5 E3476.92956
G1 X128.181 Y109.6 E3476.92964
G1 X129.576 Y109.6 E3476.9308
G1 X129.576 Y109.7 E3476.93088
G1 X128.181 Y109.7 E3476.93204
G1 X128.181 Y109.8 E3476.93213
G1 X129.576 Y109.8 E3476.93329
G1 X129.576 Y109.9 E3476.93337
G1 X128.181 Y109.9 E3476.93453
G1 X128.181 Y110 E3476.93461
G1 X129.576 Y110 E3476.93577
G1 X129.576 Y110.1 E3476.93586
G1 X128.181 Y110.1 E3476.93702
G1 X128.181 Y110.2 E3476.9371
G1 X129.576 Y110.2 E3476.93826
G1 X129.576 Y110.3 E3476.93834
G1 X128.181 Y110.3 E3476.9395
G1 X128.181 Y110.4 E3476.93958
G1 X129.576 Y110.4 E3476.94074
G1 X129.576 Y110.5 E3476.94083
G1 X128.181 Y110.5 E3476.94199
G1 X128.181 Y110.6 E3476.94207
G1 X129.576 Y110.6 E3476.94323
G1 X129.576 Y110.7 E3476.94331
G1 X128.181 Y110.7 E3476.94447
G1 X128.181 Y110.8 E3476.94456
G1 X129.576 Y110.8 E3476.94572
G1 X129.576 Y110.9 E3476.9458
G1 X128.181 Y110.9 E3476.94696
G1 X128.181 Y111 E3476.94704
G1 X129.576 Y111 E3476.9482
G1 X129.576 Y111.1 E3476.94829
G1 X128.181 Y111.1 E3476.94945
G1 X128.181 Y111.2 E3476.94953
G1 X129.576 Y111.2 E3476.95069
G1 X129.576 Y111.3 E3476.95077
G1 X128.181 Y111.3 E3476.95193
G1 X128.181 Y111.4 E3476.95202
G1 X129.576 Y111.4 E3476.95318
G1 X129.576 Y111.5 E3476.95326
G1 X128.181 Y111.5 E3476.95442
G1 X128.181 Y111.6 E3476.9545
G1 X129.576 Y111.6 E3476.95566
G1 X129.576 Y111.7 E3476.95574
G1 X128.181 Y111.7 E3476.9569
G1 X128.181 Y111.8 E3476.95699
G1 X129.576 Y111.8 E3476.95815
G1 X129.576 Y111.9 E3476.95823
G1 X128.181 Y111.9 E3476.95939
G1 X128.181 Y112 E3476.95947
G1 X129.576 Y112 E3476.96063
G1 X129.576 Y112.1 E3476.96072
G1 X128.181 Y112.1 E3476.96188
G1 X128.181 Y112.2 E3476.96196
G1 X129.576 Y112.2 E3476.96312
G1 X129.576 Y112.3 E3476.9632
G1 X128.181 Y112.3 E3476.96436
G1 F2400 E3474.96436
G0 F9000 X128.181 Y111.775
G0 X121.641 Y111.278
G0 X98.359 Y108.722
G0 X91.819 Y108.225
G1 F1200 E3476.96436
G0 F9000 X91.819 Y107.7
G1 F1800 X90.424 Y107.7 E3476.96552
G1 X90.424 Y107.8 E3476.96561
G1 X91.819 Y107.8 E3476.96677
G1 X91.819 Y107.9 E3476.96685
G1 X90.424 Y107.9 E3476.96801
G1 X90.424 Y108 E3476.96809
G1 X91.819 Y108 E3476.96925
G1 X91.819 Y108.1 E3476.96934
G1 X90.424 Y108.1 E3476.9705
G1 X90.424 Y108.2 E3476.97058
G1 X91.819 Y108.2 E3476.97174
G1 X91.819 Y108.3 E3476.97182
G1 X90.424 Y108.3 E3476.97298
G1 X90.424 Y108.4 E3476.97307
G1 X91.819 Y108.4 E3476.97423
G1 X91.819 Y108.5 E3476.97431
G1 X90.424 Y108.5 E3476.97547
G1 X90.424 Y108.6 E3476.97555
G1 X91.819 Y108.6 E3476.97671
G1 X91.819 Y108.7 E3476.97679
G1 X90.424 Y108.7 E3476.97795
G1 X90.424 Y108.8 E3476.97804
G1 X91.819 Y108.8 E3476.9792
G1 X91.819 Y108.9 E3476.97928
G1 X90.424 Y108.9 E3476.98044
G1 X90.424 Y109 E3476.98052
G1 X91.819 Y109 E3476.98168
G1 X91.819 Y109.1 E3476.98177
G1 X90.424 Y109.1 E3476.98293
G1 X90.424 Y109.2 E3476.98301
G1 X91.819 Y109.2 E3476.98417
G1 X91.819 Y109.3 E3476.98425
G1 X90.424 Y109.3 E3476.98541
G1 X90.424 Y109.4 E3476.9855
G1 X91.819 Y109.4 E3476.98666
G1 X91.819 Y109.5 E3476.98674
G1 X90.424 Y109.5 E3476.9879
G1 X90.424 Y109.6 E3476.98798
G1 X91.819 Y109.6 E3476.98914
G1 X91.819 Y109.7 E3476.98923
G1 X90.424 Y109.7 E3476.99039
G1 X90.424 Y109.8 E3476.99047
G1 X91.819 Y109.8 E3476.99163
G1 X91.819 Y109.9 E3476.99171
G1 X90.424 Y109.9 E3476.99287
G1 X90.424 Y110 E3476.99295
G1 X91.819 Y110 E3476.99411
G1 X91.819 Y110.1 E3476.9942
G1 X90.424 Y110.1 E3476.99536
G1 X90.424 Y110.2 E3476.99544
G1 X91.819 Y110.2 E3476.9966
G1 X91.819 Y110.3 E3476.99668
G1 X90.424 Y110.3 E3476.99784
G1 X90.424 Y110.4 E3476.99793
G1 X91.819 Y110.4 E3476.99909
G1 X91.819 Y110.5 E3476.99917
G1 X90.424 Y110.5 E3477.00033
G1 X90.424 Y110.6 E3477.00041
G1 X91.819 Y110.6 E3477.00157
G1 X91.819 Y110.7 E3477.00166
G1 X90.424 Y110.7 E3477.00282
G1 X90.424 Y110.8 E3477.0029
G1 X91.819 Y110.8 E3477.00406
G1 X91.819 Y110.9 E3477.00414
G1 X90.424 Y110.9 E3477.0053
G1 X90.424 Y111 E3477.00539
G1 X91.819 Y111 E3477.00655
G1 X91.819 Y111.1 E3477.00663
G1 X90.424 Y111.1 E3477.00779
G1 X90.424 Y111.2 E3477.00787
G1 X91.819 Y111.2 E3477.00903
G1 X91.819 Y111.3 E3477.00911
G1 X90.424 Y111.3 E3477.01027
G1 X90.424 Y111.4 E3477.01036
G1 X91.819 Y111.4 E3477.01152
G1 X91.819 Y111.5 E3477.0116
G1 X90.424 Y111.5 E3477.01276
G1 X90.424 Y111.6 E3477.01284
G1 X91.819 Y111.6 E3477.014
G1 X91.819 Y111.7 E3477.01409
G1 X90.424 Y111.7 E3477.01525
G1 X90.424 Y111.8 E3477.01533
G1 X91.819 Y111.8 E3477.01649
G1 X91.819 Y111.9 E3477.01657
G1 X90.424 Y111.9 E3477.01773
G1 X90.424 Y112 E3477.01782
G1 X91.819 Y112 E3477.01898
G1 X91.819 Y112.1 E3477.01906
G1 X90.424 Y112.1 E3477.02022
G1 X90.424 Y112.2 E3477.0203
G1 X91.819 Y112.2 E3477.02146
G1 X91.819 Y112.3 E3477.02155
G1 X90.424 Y112.3 E3477.02271
;MESH:NONMESH
G0 F600 X90.424 Y112.3 Z20.28
G0 F9000 X90.947 Y111.805
G0 X91.474 Y108.722
G0 X93.391 Y108.5
;TIME_ELAPSED:3062.335930
;LAYER:100
;TYPE:WALL-INNER
;MESH:Horiz_1_edged.stl
G1 F3900 X93.391 Y111.5 E3477.1412
G1 X126.609 Y111.5 E3478.45319
G1 X126.609 Y108.5 E3478.57168
G1 X93.391 Y108.5 E3479.88367
G0 F9000 X92.891 Y108
G1 F3900 X92.891 Y112 E3480.04165
G1 X127.109 Y112 E3481.39314
G1 X127.109 Y108 E3481.55113
G1 X92.891 Y108 E3482.90262
G0 F9000 X92.416 Y107.54
;TYPE:WALL-OUTER
G1 F3000 X92.416 Y112.475 E3483.07804
G1 X127.584 Y112.475 E3484.32815
G1 X127.584 Y107.525 E3484.5041
G1 X92.445 Y107.525 E3485.75318
G1 X92.416 Y107.54 E3485.75434
G0 F9000 X92.416 Y107.74
G0 X93.086 Y108.195
G0 X102.215 Y108.722
G0 X106.62 Y111.25
;TYPE:FILL
G1 F3000 X107.29 Y108.749 E3485.9875
G0 F9000 X112.907 Y108.75
G1 F3000 X115.407 Y111.249 E3486.30582
G0 F9000 X116.691 Y111.249
G1 F3000 X117.812 Y110.949 E3486.41032
G0 F9000 X117.713 Y110.949
G0 X117.785 Y108.722
G0 X123.259 Y108.65
G0 X123.259 Y108.89
;TYPE:SKIN
G1 F2700 X123.259 Y111.11 E3486.45942
G1 X126.219 Y111.11 E3486.52489
G1 X126.219 Y108.89 E3486.574
G1 X123.259 Y108.89 E3486.63946
G0 F9000 X123.399 Y109.2
;TYPE:SKIN
G1 F3000 X126.079 Y109.2 E3486.69874
G0 F9000 X126.079 Y109.48
G1 F3000 X123.399 Y109.48 E3486.75802
G0 F9000 X123.399 Y109.76
G1 F3000 X126.079 Y109.76 E3486.81729
G0 F9000 X126.079 Y110.04
G1 F3000 X123.399 Y110.04 E3486.87657
G0 F9000 X123.399 Y110.32
G1 F3000 X126.079 Y110.32 E3486.93585
G0 F9000 X126.079 Y110.6
G1 F3000 X123.399 Y110.6 E3486.99512
G0 F9000 X123.399 Y110.88
G1 F3000 X126.079 Y110.88 E3487.0544
G0 F9000 X126.459 Y110.88
G0 X126.387 Y108.722
G0 X117.785 Y108.722
G0 X117.836 Y108.773
;TYPE:SKIN
G1 F2700 X117.836 Y111.227 E3487.10868
G1 X123.096 Y111.227 E3487.22502
G1 X123.096 Y108.773 E3487.27929
G1 X117.836 Y108.773 E3487.39563
G0 F9000 X117.976 Y108.92
G1 F2700 X122.956 Y108.92 E3487.50578
G0 F9000 X122.956 Y109.2
G1 F2700 X117.976 Y109.2 E3487.61593
G0 F9000 X117.976 Y109.48
G1 F2700 X122.956 Y109.48 E3487.72608
G0 F9000 X122.956 Y109.76
G1 F2700 X117.976 Y109.76 E3487.83622
G0 F9000 X117.976 Y110.04
G1 F2700 X122.956 Y110.04 E3487.94637
G0 F9000 X122.956 Y110.32
G1 F2700 X117.976 Y110.32 E3488.05652
G0 F9000 X117.976 Y110.6
G1 F2700 X122.956 Y110.6 E3488.16667
G0 F9000 X122.956 Y110.88
G1 F2700 X117.976 Y110.88 E3488.27681
G0 F9000 X117.713 Y110.88
G0 X102.215 Y108.722
G0 X93.613 Y108.722
G0 X93.781 Y108.89
G1 F2700 X93.781 Y111.11 E3488.32592
G1 X96.741 Y111.11 E3488.39139
G1 X96.741 Y108.89 E3488.44049
G1 X93.781 Y108.89 E3488.50596
G0 F9000 X93.921 Y109.2
;TYPE:SKIN
G1 F3000 X96.601 Y109.2 E3488.56523
G0 F9000 X96.601 Y109.48
G1 F3000 X93.921 Y109.48 E3488.62451
G0 F9000 X93.921 Y109.76
G1 F3000 X96.601 Y109.76 E3488.68379
G0 F9000 X96.601 Y110.04
G1 F3000 X93.921 Y110.04 E3488.74306
G0 F9000 X93.921 Y110.32
G1 F3000 X96.601 Y110.32 E3488.80234
G0 F9000 X96.601 Y110.6
G1 F3000 X93.921 Y110.6 E3488.86161
G0 F9000 X93.921 Y110.88
G1 F3000 X96.601 Y110.88 E3488.92089
G0 F9000 X96.601 Y111.35
G0 X93.613 Y111.278
G0 X93.613 Y108.722
G0 X96.904 Y108.65
G0 X96.904 Y108.773
;TYPE:SKIN
G1 F2700 X96.904 Y111.227 E3488.97517
G1 X102.164 Y111.227 E3489.09151
G1 X102.164 Y108.773 E3489.14579
G1 X96.904 Y108.773 E3489.26213
G0 F9000 X97.044 Y108.92
G1 F2700 X102.024 Y108.92 E3489.37227
G0 F9000 X102.024 Y109.2
G1 F2700 X97.044 Y109.2 E3489.48242
G0 F9000 X97.044 Y109.48
G1 F2700 X102.024 Y109.48 E3489.59257
G0 F9000 X102.024 Y109.76
G1 F2700 X97.044 Y109.76 E3489.70272
G0 F9000 X97.044 Y110.04
G1 F2700 X102.024 Y110.04 E3489.81286
G0 F9000 X102.024 Y110.32
G1 F2700 X97.044 Y110.32 E3489.92301
G0 F9000 X97.044 Y110.6
G1 F2700 X102.024 Y110.6 E3490.03316
G0 F9000 X102.024 Y110.88
G1 F2700 X97.044 Y110.88 E3490.14331
G0 F9000 X97.044 Y111.375
G0 X93.086 Y111.805
G0 X92.513 Y112.378
G0 X92.599 Y112.327
;TYPE:SKIN
G1 F1800 X92.599 Y107.671 E3490.14718
G1 X92.699 Y107.671 E3490.14726
G1 X92.699 Y112.327 E3490.15113
G1 X92.799 Y112.327 E3490.15122
G1 X92.799 Y107.671 E3490.15509
G1 X92.899 Y107.671 E3490.15517
G1 X92.899 Y112.327 E3490.15904
G1 X92.999 Y112.327 E3490.15913
G1 X92.999 Y107.671 E3490.163
G1 X93.099 Y107.671 E3490.16308
G1 X93.099 Y112.327 E3490.16695
G1 X93.199 Y112.327 E3490.16704
G1 X93.199 Y107.671 E3490.17091
G1 X93.299 Y107.671 E3490.17099
G1 X93.299 Y112.327 E3490.17486
G1 X93.399 Y112.327 E3490.17494
G1 X93.399 Y107.671 E3490.17882
G1 X93.499 Y107.671 E3490.1789
G1 X93.499 Y112.327 E3490.18277
G1 X93.599 Y112.327 E3490.18285
G1 X93.599 Y107.671 E3490.18673
G1 X93.699 Y107.671 E3490.18681
G1 X93.699 Y112.327 E3490.19068
G1 X93.799 Y112.327 E3490.19076
G1 X93.799 Y107.671 E3490.19463
G1 X93.899 Y107.671 E3490.19472
G1 X93.899 Y112.327 E3490.19859
G1 X93.999 Y112.327 E3490.19867
G1 X93.999 Y107.671 E3490.20254
G1 X94.099 Y107.671 E3490.20263
G1 X94.099 Y112.327 E3490.2065
G1 F2400 E3488.2065
G0 F9000 X94.099 Y111.775
G0 X102.215 Y111.278
G0 X117.785 Y108.722
G0 X125.899 Y108.225
G1 F1200 E3490.2065
G0 F9000 X125.899 Y107.671
G1 F1800 X125.899 Y112.327 E3490.21037
G1 X125.999 Y112.327 E3490.21045
G1 X125.999 Y107.671 E3490.21432
G1 X126.099 Y107.671 E3490.21441
G1 X126.099 Y112.327 E3490.21828
G1 X126.199 Y112.327 E3490.21836
G1 X126.199 Y107.671 E3490.22223
G1 X126.299 Y107.671 E3490.22232
G1 X126.299 Y112.327 E3490.22619
G1 X126.399 Y112.327 E3490.22627
G1 X126.399 Y107.671 E3490.23014
G1 X126.499 Y107.671 E3490.23023
G1 X126.499 Y112.327 E3490.2341
G1 X126.599 Y112.327 E3490.23418
G1 X126.599 Y107.671 E3490.23805
G1 X126.699 Y107.671 E3490.23814
G1 X126.699 Y112.327 E3490.24201
G1 X126.799 Y112.327 E3490.24209
G1 X126.799 Y107.671 E3490.24596
G1 X126.899 Y107.671 E3490.24604
G1 X126.899 Y112.327 E3490.24992
G1 X126.999 Y112.327 E3490.25
G1 X126.999 Y107.671 E3490.25387
G1 X127.099 Y107.671 E3490.25395
G1 X127.099 Y112.327 E3490.25783
G1 X127.199 Y112.327 E3490.25791
G1 X127.199 Y107.671 E3490.26178
G1 X127.299 Y107.671 E3490.26186
G1 X127.299 Y112.327 E3490.26573
G1 X127.399 Y112.327 E3490.26582
G1 X127.399 Y107.671 E3490.26969
G1 F2400 E3488.26969
;MESH:NONMESH
G0 F600 X127.399 Y107.671 Z20.48
G0 F9000 X126.914 Y108.195
G0 X95.736 Y108.5
;TIME_ELAPSED:3083.232394
;LAYER:101
;TYPE:WALL-INNER
;MESH:Horiz_1_edged.stl
G1 F1200 E3490.26969
G1 F3900 X95.736 Y111.5 E3490.38818
G1 X124.264 Y111.5 E3491.51493
G1 X124.264 Y108.5 E3491.63342
G1 X95.736 Y108.5 E3492.76018
G0 F9000 X95.236 Y108
G1 F3900 X95.236 Y112 E3492.91816
G1 X124.764 Y112 E3494.08441
G1 X124.764 Y108 E3494.2424
G1 X95.236 Y108 E3495.40865
G0 F9000 X94.761 Y107.54
;TYPE:WALL-OUTER
G1 F3000 X94.761 Y112.475 E3495.58407
G1 X125.239 Y112.475 E3496.66746
G1 X125.239 Y107.525 E3496.84342
G1 X94.79 Y107.525 E3497.92578
G1 X94.761 Y107.54 E3497.92694
G0 F9000 X94.761 Y107.74
G0 X95.431 Y108.195
G0 X95.886 Y108.89
G0 X96.126 Y108.89
;TYPE:SKIN
G1 F2700 X96.126 Y111.11 E3497.97605
G1 X100.597 Y111.11 E3498.07494
G1 X100.597 Y108.89 E3498.12404
G1 X96.126 Y108.89 E3498.22293
G0 F9000 X95.886 Y108.89
G0 X100.24 Y108.65
G0 X100.24 Y109.03
;TYPE:SKIN
G1 F3000 X100.24 Y110.97 E3498.26584
G0 F9000 X99.96 Y110.97
G1 F3000 X99.96 Y109.03 E3498.30875
G0 F9000 X99.68 Y109.03
G1 F3000 X99.68 Y110.97 E3498.35165
G0 F9000 X99.4 Y110.97
G1 F3000 X99.4 Y109.03 E3498.39456
G0 F9000 X99.12 Y109.03
G1 F3000 X99.12 Y110.97 E3498.43747
G0 F9000 X98.84 Y110.97
G1 F3000 X98.84 Y109.03 E3498.48038
G0 F9000 X98.56 Y109.03
G1 F3000 X98.56 Y110.97 E3498.52329
G0 F9000 X98.28 Y110.97
G1 F3000 X98.28 Y109.03 E3498.5662
G0 F9000 X98 Y109.03
G1 F3000 X98 Y110.97 E3498.60911
G0 F9000 X97.72 Y110.97
G1 F3000 X97.72 Y109.03 E3498.65202
G0 F9000 X97.44 Y109.03
G1 F3000 X97.44 Y110.97 E3498.69493
G0 F9000 X97.16 Y110.97
G1 F3000 X97.16 Y109.03 E3498.73783
G0 F9000 X96.88 Y109.03
G1 F3000 X96.88 Y110.97 E3498.78074
G0 F9000 X96.6 Y110.97
G1 F3000 X96.6 Y109.03 E3498.82365
G0 F9000 X96.32 Y109.03
G1 F3000 X96.32 Y110.97 E3498.86656
G0 F9000 X96.32 Y111.35
G0 X95.958 Y111.278
G0 X95.958 Y108.722
G0 X100.76 Y108.65
G0 X100.76 Y108.773
;TYPE:SKIN
G1 F2700 X100.76 Y111.227 E3498.92084
G1 X108.635 Y111.227 E3499.09502
G1 X108.634 Y108.773 E3499.1493
G1 X100.76 Y108.773 E3499.32345
G0 F9000 X100.76 Y108.65
G0 X108.36 Y108.65
G0 X108.36 Y108.913
G1 F2700 X108.36 Y111.087 E3499.37154
G0 F9000 X108.08 Y111.087
G1 F2700 X108.08 Y108.913 E3499.41962
G0 F9000 X107.8 Y108.913
G1 F2700 X107.8 Y111.087 E3499.46771
G0 F9000 X107.52 Y111.087
G1 F2700 X107.52 Y108.913 E3499.51579
G0 F9000 X107.24 Y108.913
G1 F2700 X107.24 Y111.087 E3499.56388
G0 F9000 X106.96 Y111.087
G1 F2700 X106.96 Y108.913 E3499.61196
G0 F9000 X106.68 Y108.913
G1 F2700 X106.68 Y111.087 E3499.66004
G0 F9000 X106.4 Y111.087
G1 F2700 X106.4 Y108.913 E3499.70813
G0 F9000 X106.12 Y108.913
G1 F2700 X106.12 Y111.087 E3499.75621
G0 F9000 X105.84 Y111.087
G1 F2700 X105.84 Y108.913 E3499.8043
G0 F9000 X105.56 Y108.913
G1 F2700 X105.56 Y111.087 E3499.85238
G0 F9000 X105.28 Y111.087
G1 F2700 X105.28 Y108.913 E3499.90047
G0 F9000 X105 Y108.913
G1 F2700 X105 Y111.087 E3499.94855
G0 F9000 X104.72 Y111.087
G1 F2700 X104.72 Y108.913 E3499.99664
G0 F9000 X104.44 Y108.913
G1 F2700 X104.44 Y111.087 E3500.04472
G0 F9000 X104.16 Y111.087
G1 F2700 X104.16 Y108.913 E3500.0928
G0 F9000 X103.88 Y108.913
G1 F2700 X103.88 Y111.087 E3500.14089
G0 F9000 X103.6 Y111.087
G1 F2700 X103.6 Y108.913 E3500.18897
G0 F9000 X103.32 Y108.913
G1 F2700 X103.32 Y111.087 E3500.23706
G0 F9000 X103.04 Y111.087
G1 F2700 X103.04 Y108.913 E3500.28514
G0 F9000 X102.76 Y108.913
G1 F2700 X102.76 Y111.087 E3500.33323
G0 F9000 X102.48 Y111.087
G1 F2700 X102.48 Y108.913 E3500.38131
G0 F9000 X102.2 Y108.913
G1 F2700 X102.2 Y111.087 E3500.4294
G0 F9000 X101.92 Y111.087
G1 F2700 X101.92 Y108.913 E3500.47748
G0 F9000 X101.64 Y108.913
G1 F2700 X101.64 Y111.087 E3500.52557
G0 F9000 X101.36 Y111.087
G1 F2700 X101.36 Y108.913 E3500.57365
G0 F9000 X101.08 Y108.913
G1 F2700 X101.08 Y111.087 E3500.62173
G0 F9000 X101.08 Y111.35
G0 X108.686 Y111.278
G0 X111.314 Y108.722
G0 X119.403 Y108.65
G0 X119.403 Y108.89
G1 F2700 X119.403 Y111.11 E3500.67084
G1 X123.874 Y111.11 E3500.76973
G1 X123.874 Y108.89 E3500.81883
G1 X119.403 Y108.89 E3500.91772
G0 F9000 X119.403 Y108.65
G0 X123.48 Y108.65
G0 X123.48 Y109.03
;TYPE:SKIN
G1 F3000 X123.48 Y110.97 E3500.96063
G0 F9000 X123.2 Y110.97
G1 F3000 X123.2 Y109.03 E3501.00354
G0 F9000 X122.92 Y109.03
G1 F3000 X122.92 Y110.97 E3501.04644
G0 F9000 X122.64 Y110.97
G1 F3000 X122.64 Y109.03 E3501.08935
G0 F9000 X122.36 Y109.03
G1 F3000 X122.36 Y110.97 E3501.13226
G0 F9000 X122.08 Y110.97
G1 F3000 X122.08 Y109.03 E3501.17517
G0 F9000 X121.8 Y109.03
G1 F3000 X121.8 Y110.97 E3501.21808
G0 F9000 X121.52 Y110.97
G1 F3000 X121.52 Y109.03 E3501.26099
G0 F9000 X121.24 Y109.03
G1 F3000 X121.24 Y110.97 E3501.3039
G0 F9000 X120.96 Y110.97
G1 F3000 X120.96 Y109.03 E3501.34681
G0 F9000 X120.68 Y109.03
G1 F3000 X120.68 Y110.97 E3501.38972
G0 F9000 X120.4 Y110.97
G1 F3000 X120.4 Y109.03 E3501.43262
G0 F9000 X120.12 Y109.03
G1 F3000 X120.12 Y110.97 E3501.47553
G0 F9000 X119.84 Y110.97
G1 F3000 X119.84 Y109.03 E3501.51844
G0 F9000 X119.56 Y109.03
G1 F3000 X119.56 Y110.97 E3501.56135
G0 F9000 X119.56 Y111.35
G0 X111.315 Y111.278
G0 X111.314 Y108.722
G0 X111.366 Y108.773
;TYPE:SKIN
G1 F2700 X111.366 Y111.227 E3501.61563
G1 X119.24 Y111.227 E3501.78979
G1 X119.24 Y108.773 E3501.84406
G1 X111.366 Y108.773 E3502.01822
G0 F9000 X111.366 Y108.65
G0 X119 Y108.65
G0 X119 Y108.913
G1 F2700 X119 Y111.087 E3502.0663
G0 F9000 X118.72 Y111.087
G1 F2700 X118.72 Y108.913 E3502.11439
G0 F9000 X118.44 Y108.913
G1 F2700 X118.44 Y111.087 E3502.16247
G0 F9000 X118.16 Y111.087
G1 F2700 X118.16 Y108.913 E3502.21056
G0 F9000 X117.88 Y108.913
G1 F2700 X117.88 Y111.087 E3502.25864
G0 F9000 X117.6 Y111.087
G1 F2700 X117.6 Y108.913 E3502.30673
G0 F9000 X117.32 Y108.913
G1 F2700 X117.32 Y111.087 E3502.35481
G0 F9000 X117.04 Y111.087
G1 F2700 X117.04 Y108.913 E3502.4029
G0 F9000 X116.76 Y108.913
G1 F2700 X116.76 Y111.087 E3502.45098
G0 F9000 X116.48 Y111.087
G1 F2700 X116.48 Y108.913 E3502.49907
G0 F9000 X116.2 Y108.913
G1 F2700 X116.2 Y111.087 E3502.54715
G0 F9000 X115.92 Y111.087
G1 F2700 X115.92 Y108.913 E3502.59523
G0 F9000 X115.64 Y108.913
G1 F2700 X115.64 Y111.087 E3502.64332
G0 F9000 X115.36 Y111.087
G1 F2700 X115.36 Y108.913 E3502.6914
G0 F9000 X115.08 Y108.913
G1 F2700 X115.08 Y111.087 E3502.73949
G0 F9000 X114.8 Y111.087
G1 F2700 X114.8 Y108.913 E3502.78757
G0 F9000 X114.52 Y108.913
G1 F2700 X114.52 Y111.087 E3502.83566
G0 F9000 X114.24 Y111.087
G1 F2700 X114.24 Y108.913 E3502.88374
G0 F9000 X113.96 Y108.913
G1 F2700 X113.96 Y111.087 E3502.93183
G0 F9000 X113.68 Y111.087
G1 F2700 X113.68 Y108.913 E3502.97991
G0 F9000 X113.4 Y108.913
G1 F2700 X113.4 Y111.087 E3503.02799
G0 F9000 X113.12 Y111.087
G1 F2700 X113.12 Y108.913 E3503.07608
G0 F9000 X112.84 Y108.913
G1 F2700 X112.84 Y111.087 E3503.12416
G0 F9000 X112.56 Y111.087
G1 F2700 X112.56 Y108.913 E3503.17225
G0 F9000 X112.28 Y108.913
G1 F2700 X112.28 Y111.087 E3503.22033
G0 F9000 X112 Y111.087
G1 F2700 X112 Y108.913 E3503.26842
G0 F9000 X111.72 Y108.913
G1 F2700 X111.72 Y111.087 E3503.3165
G0 F9000 X111.72 Y111.375
G0 X123.441 Y111.775
G0 X123.441 Y112.378
G0 X123.491 Y112.3
;TYPE:SKIN
G1 F1800 X125.092 Y112.3 E3503.31783
G1 X125.092 Y112.2 E3503.31792
G1 X123.491 Y112.2 E3503.31925
G1 X123.491 Y112.1 E3503.31933
G1 X125.092 Y112.1 E3503.32066
G1 X125.092 Y112 E3503.32075
G1 X123.491 Y112 E3503.32208
G1 X123.491 Y111.9 E3503.32216
G1 X125.092 Y111.9 E3503.32349
G1 X125.092 Y111.8 E3503.32357
G1 X123.491 Y111.8 E3503.32491
G1 X123.491 Y111.7 E3503.32499
G1 X125.092 Y111.7 E3503.32632
G1 X125.092 Y111.6 E3503.3264
G1 X123.491 Y111.6 E3503.32773
G1 X123.491 Y111.5 E3503.32782
G1 X125.092 Y111.5 E3503.32915
G1 X125.092 Y111.4 E3503.32923
G1 X123.491 Y111.4 E3503.33056
G1 X123.491 Y111.3 E3503.33065
G1 X125.092 Y111.3 E3503.33198
G1 X125.092 Y111.2 E3503.33206
G1 X123.491 Y111.2 E3503.33339
G1 X123.491 Y111.1 E3503.33347
G1 X125.092 Y111.1 E3503.33481
G1 X125.092 Y111 E3503.33489
G1 X123.491 Y111 E3503.33622
G1 X123.491 Y110.9 E3503.3363
G1 X125.092 Y110.9 E3503.33763
G1 X125.092 Y110.8 E3503.33772
G1 X123.491 Y110.8 E3503.33905
G1 X123.491 Y110.7 E3503.33913
G1 X125.092 Y110.7 E3503.34046
G1 X125.092 Y110.6 E3503.34055
G1 X123.491 Y110.6 E3503.34188
G1 X123.491 Y110.5 E3503.34196
G1 X125.092 Y110.5 E3503.34329
G1 X125.092 Y110.4 E3503.34338
G1 X123.491 Y110.4 E3503.34471
G1 X123.491 Y110.3 E3503.34479
G1 X125.092 Y110.3 E3503.34612
G1 X125.092 Y110.2 E3503.3462
G1 X123.491 Y110.2 E3503.34754
G1 X123.491 Y110.1 E3503.34762
G1 X125.092 Y110.1 E3503.34895
G1 X125.092 Y110 E3503.34903
G1 X123.491 Y110 E3503.35036
G1 X123.491 Y109.9 E3503.35045
G1 X125.092 Y109.9 E3503.35178
G1 X125.092 Y109.8 E3503.35186
G1 X123.491 Y109.8 E3503.35319
G1 X123.491 Y109.7 E3503.35328
G1 X125.092 Y109.7 E3503.35461
G1 X125.092 Y109.6 E3503.35469
G1 X123.491 Y109.6 E3503.35602
G1 X123.491 Y109.5 E3503.3561
G1 X125.092 Y109.5 E3503.35744
G1 X125.092 Y109.4 E3503.35752
G1 X123.491 Y109.4 E3503.35885
G1 X123.491 Y109.3 E3503.35893
G1 X125.092 Y109.3 E3503.36026
G1 X125.092 Y109.2 E3503.36035
G1 X123.491 Y109.2 E3503.36168
G1 X123.491 Y109.1 E3503.36176
G1 X125.092 Y109.1 E3503.36309
G1 X125.092 Y109 E3503.36318
G1 X123.491 Y109 E3503.36451
G1 X123.491 Y108.9 E3503.36459
G1 X125.092 Y108.9 E3503.36592
G1 X125.092 Y108.8 E3503.36601
G1 X123.491 Y108.8 E3503.36734
G1 X123.491 Y108.7 E3503.36742
G1 X125.092 Y108.7 E3503.36875
G1 X125.092 Y108.6 E3503.36883
G1 X123.491 Y108.6 E3503.37017
G1 X123.491 Y108.5 E3503.37025
G1 X125.092 Y108.5 E3503.37158
G1 X125.092 Y108.4 E3503.37166
G1 X123.491 Y108.4 E3503.37299
G1 X123.491 Y108.3 E3503.37308
G1 X125.092 Y108.3 E3503.37441
G1 X125.092 Y108.2 E3503.37449
G1 X123.491 Y108.2 E3503.37582
G1 X123.491 Y108.1 E3503.37591
G1 X125.092 Y108.1 E3503.37724
G1 X125.092 Y108 E3503.37732
G1 X123.491 Y108 E3503.37865
G1 X123.491 Y107.9 E3503.37873
G1 X125.092 Y107.9 E3503.38007
G1 X125.092 Y107.8 E3503.38015
G1 X123.491 Y107.8 E3503.38148
G1 X123.491 Y107.7 E3503.38156
G1 X125.092 Y107.7 E3503.38289
G0 F9000 X124.569 Y108.195
G0 X96.509 Y108.225
G0 X96.509 Y107.7
G1 F1800 X94.908 Y107.7 E3503.38423
G1 X94.908 Y107.8 E3503.38431
G1 X96.509 Y107.8 E3503.38564
G1 X96.509 Y107.9 E3503.38572
G1 X94.908 Y107.9 E3503.38705
G1 X94.908 Y108 E3503.38714
G1 X96.509 Y108 E3503.38847
G1 X96.509 Y108.1 E3503.38855
G1 X94.908 Y108.1 E3503.38988
G1 X94.908 Y108.2 E3503.38997
G1 X96.509 Y108.2 E3503.3913
G1 X96.509 Y108.3 E3503.39138
G1 X94.908 Y108.3 E3503.39271
G1 X94.908 Y108.4 E3503.3928
G1 X96.509 Y108.4 E3503.39413
G1 X96.509 Y108.5 E3503.39421
G1 X94.908 Y108.5 E3503.39554
G1 X94.908 Y108.6 E3503.39562
G1 X96.509 Y108.6 E3503.39696
G1 X96.509 Y108.7 E3503.39704
G1 X94.908 Y108.7 E3503.39837
G1 X94.908 Y108.8 E3503.39845
G1 X96.509 Y108.8 E3503.39978
G1 X96.509 Y108.9 E3503.39987
G1 X94.908 Y108.9 E3503.4012
G1 X94.908 Y109 E3503.40128
G1 X96.509 Y109 E3503.40261
G1 X96.509 Y109.1 E3503.4027
G1 X94.908 Y109.1 E3503.40403
G1 X94.908 Y109.2 E3503.40411
G1 X96.509 Y109.2 E3503.40544
G1 X96.509 Y109.3 E3503.40553
G1 X94.908 Y109.3 E3503.40686
G1 X94.908 Y109.4 E3503.40694
G1 X96.509 Y109.4 E3503.40827
G1 X96.509 Y109.5 E3503.40835
G1 X94.908 Y109.5 E3503.40969
G1 X94.908 Y109.6 E3503.40977
G1 X96.509 Y109.6 E3503.4111
G1 X96.509 Y109.7 E3503.41118
G1 X94.908 Y109.7 E3503.41251
G1 X94.908 Y109.8 E3503.4126
G1 X96.509 Y109.8 E3503.41393
G1 X96.509 Y109.9 E3503.41401
G1 X94.908 Y109.9 E3503.41534
G1 X94.908 Y110 E3503.41543
G1 X96.509 Y110 E3503.41676
G1 X96.509 Y110.1 E3503.41684
G1 X94.908 Y110.1 E3503.41817
G1 X94.908 Y110.2 E3503.41825
G1 X96.509 Y110.2 E3503.41959
G1 X96.509 Y110.3 E3503.41967
G1 X94.908 Y110.3 E3503.421
G1 X94.908 Y110.4 E3503.42108
G1 X96.509 Y110.4 E3503.42241
G1 X96.509 Y110.5 E3503.4225
G1 X94.908 Y110.5 E3503.42383
G1 X94.908 Y110.6 E3503.42391
G1 X96.509 Y110.6 E3503.42524
G1 X96.509 Y110.7 E3503.42533
G1 X94.908 Y110.7 E3503.42666
G1 X94.908 Y110.8 E3503.42674
G1 X96.509 Y110.8 E3503.42807
G1 X96.509 Y110.9 E3503.42816
G1 X94.908 Y110.9 E3503.42949
G1 X94.908 Y111 E3503.42957
G1 X96.509 Y111 E3503.4309
G1 X96.509 Y111.1 E3503.43098
G1 X94.908 Y111.1 E3503.43232
G1 X94.908 Y111.2 E3503.4324
G1 X96.509 Y111.2 E3503.43373
G1 X96.509 Y111.3 E3503.43381
G1 X94.908 Y111.3 E3503.43514
G1 X94.908 Y111.4 E3503.43523
G1 X96.509 Y111.4 E3503.43656
G1 X96.509 Y111.5 E3503.43664
G1 X94.908 Y111.5 E3503.43797
G1 X94.908 Y111.6 E3503.43806
G1 X96.509 Y111.6 E3503.43939
G1 X96.509 Y111.7 E3503.43947
G1 X94.908 Y111.7 E3503.4408
G1 X94.908 Y111.8 E3503.44088
G1 X96.509 Y111.8 E3503.44222
G1 X96.509 Y111.9 E3503.4423
G1 X94.908 Y111.9 E3503.44363
G1 X94.908 Y112 E3503.44371
G1 X96.509 Y112 E3503.44504
G1 X96.509 Y112.1 E3503.44513
G1 X94.908 Y112.1 E3503.44646
G1 X94.908 Y112.2 E3503.44654
G1 X96.509 Y112.2 E3503.44787
G1 X96.509 Y112.3 E3503.44796
G1 X94.908 Y112.3 E3503.44929
;MESH:NONMESH
G0 F600 X94.908 Y112.3 Z20.68
G0 F9000 X95.431 Y111.805
G0 X95.958 Y108.722
G0 X98.081 Y108.5
;TIME_ELAPSED:3109.771317
;LAYER:102
;TYPE:WALL-INNER
;MESH:Horiz_1_edged.stl
G1 F3900 X98.081 Y111.5 E3503.56778
G1 X121.919 Y111.5 E3504.50929
G1 X121.919 Y108.5 E3504.62778
G1 X98.081 Y108.5 E3505.5693
G0 F9000 X97.581 Y108
G1 F3900 X97.581 Y112 E3505.72728
G1 X122.419 Y112 E3506.70829
G1 X122.419 Y108 E3506.86628
G1 X97.581 Y108 E3507.84729
G0 F9000 X97.106 Y107.54
;TYPE:WALL-OUTER
G1 F3000 X97.106 Y112.475 E3508.02272
G1 X122.894 Y112.475 E3508.9394
G1 X122.894 Y107.525 E3509.11535
G1 X97.135 Y107.525 E3510.031
G1 X97.106 Y107.54 E3510.03216
G0 F9000 X97.106 Y107.74
G0 X97.776 Y108.195
G0 X98.231 Y108.89
G0 X98.471 Y108.89
;TYPE:SKIN
G1 F2700 X98.471 Y111.11 E3510.08126
G1 X107.068 Y111.11 E3510.27141
G1 X107.067 Y108.89 E3510.32051
G1 X98.471 Y108.89 E3510.51064
G0 F9000 X98.231 Y108.89
G0 X112.933 Y108.65
G0 X112.933 Y108.89
G1 F2700 X112.933 Y111.11 E3510.55974
G1 X121.529 Y111.11 E3510.74987
G1 X121.529 Y108.89 E3510.79897
G1 X112.933 Y108.89 E3510.9891
G0 F9000 X112.933 Y108.65
G0 X106.928 Y108.65
G0 X106.928 Y109.2
;TYPE:SKIN
G1 F3000 X98.611 Y109.2 E3511.17305
G0 F9000 X98.611 Y109.48
G1 F3000 X106.928 Y109.48 E3511.35701
G0 F9000 X106.928 Y109.76
G1 F3000 X98.611 Y109.76 E3511.54096
G0 F9000 X98.611 Y110.04
G1 F3000 X106.928 Y110.04 E3511.72492
G0 F9000 X106.928 Y110.32
G1 F3000 X98.611 Y110.32 E3511.90887
G0 F9000 X98.611 Y110.6
G1 F3000 X106.928 Y110.6 E3512.09283
G0 F9000 X106.928 Y110.88
G1 F3000 X98.611 Y110.88 E3512.27678
G0 F9000 X98.231 Y110.88
G0 X98.303 Y108.722
G0 X113.073 Y108.65
G0 X113.073 Y109.2
G1 F3000 X121.389 Y109.2 E3512.46072
G0 F9000 X121.389 Y109.48
G1 F3000 X113.073 Y109.48 E3512.64465
G0 F9000 X113.073 Y109.76
G1 F3000 X121.389 Y109.76 E3512.82858
G0 F9000 X121.389 Y110.04
G1 F3000 X113.073 Y110.04 E3513.01252
G0 F9000 X113.073 Y110.32
G1 F3000 X121.389 Y110.32 E3513.19645
G0 F9000 X121.389 Y110.6
G1 F3000 X113.073 Y110.6 E3513.38038
G0 F9000 X113.073 Y110.88
G1 F3000 X121.389 Y110.88 E3513.56432
G0 F9000 X121.769 Y110.88
G0 X121.697 Y108.722
G0 X107.231 Y108.65
G0 X107.231 Y108.773
;TYPE:SKIN
G1 F2700 X107.231 Y111.227 E3513.61859
G1 X112.77 Y111.227 E3513.74111
G1 X112.769 Y108.773 E3513.79538
G1 X107.231 Y108.773 E3513.91787
G0 F9000 X107.371 Y108.92
G1 F2700 X112.63 Y108.92 E3514.03419
G0 F9000 X112.63 Y109.2
G1 F2700 X107.371 Y109.2 E3514.15051
G0 F9000 X107.371 Y109.48
G1 F2700 X112.63 Y109.48 E3514.26683
G0 F9000 X112.63 Y109.76
G1 F2700 X107.371 Y109.76 E3514.38315
G0 F9000 X107.371 Y110.04
G1 F2700 X112.63 Y110.04 E3514.49947
G0 F9000 X112.63 Y110.32
G1 F2700 X107.371 Y110.32 E3514.61578
G0 F9000 X107.371 Y110.6
G1 F2700 X112.63 Y110.6 E3514.7321
G0 F9000 X112.63 Y110.88
G1 F2700 X107.371 Y110.88 E3514.84842
G0 F9000 X107.371 Y111.375
G0 X97.776 Y111.805
G0 X97.203 Y112.378
G0 X97.776 Y111.805
G0 X100.299 Y111.775
G0 X100.299 Y112.327
;TYPE:SKIN
G1 F1800 X100.299 Y107.671 E3514.85229
G1 X100.199 Y107.671 E3514.85238
G1 X100.199 Y112.327 E3514.85625
G1 X100.099 Y112.327 E3514.85633
G1 X100.099 Y107.671 E3514.8602
G1 X99.999 Y107.671 E3514.86028
G1 X99.999 Y112.327 E3514.86416
G1 X99.899 Y112.327 E3514.86424
G1 X99.899 Y107.671 E3514.86811
G1 X99.799 Y107.671 E3514.86819
G1 X99.799 Y112.327 E3514.87207
G1 X99.699 Y112.327 E3514.87215
G1 X99.699 Y107.671 E3514.87602
G1 X99.599 Y107.671 E3514.8761
G1 X99.599 Y112.327 E3514.87997
G1 X99.499 Y112.327 E3514.88006
G1 X99.499 Y107.671 E3514.88393
G1 X99.399 Y107.671 E3514.88401
G1 X99.399 Y112.327 E3514.88788
G1 X99.299 Y112.327 E3514.88797
G1 X99.299 Y107.671 E3514.89184
G1 X99.199 Y107.671 E3514.89192
G1 X99.199 Y112.327 E3514.89579
G1 X99.099 Y112.327 E3514.89588
G1 X99.099 Y107.671 E3514.89975
G1 X98.999 Y107.671 E3514.89983
G1 X98.999 Y112.327 E3514.9037
G1 X98.899 Y112.327 E3514.90379
G1 X98.899 Y107.671 E3514.90766
G1 X98.799 Y107.671 E3514.90774
G1 X98.799 Y112.327 E3514.91161
G1 X98.699 Y112.327 E3514.91169
G1 X98.699 Y107.671 E3514.91557
G1 X98.599 Y107.671 E3514.91565
G1 X98.599 Y112.327 E3514.91952
G1 X98.499 Y112.327 E3514.9196
G1 X98.499 Y107.671 E3514.92348
G1 X98.399 Y107.671 E3514.92356
G1 X98.399 Y112.327 E3514.92743
G1 X98.299 Y112.327 E3514.92751
G1 X98.299 Y107.671 E3514.93138
G1 X98.199 Y107.671 E3514.93147
G1 X98.199 Y112.327 E3514.93534
G1 X98.099 Y112.327 E3514.93542
G1 X98.099 Y107.671 E3514.93929
G1 X97.999 Y107.671 E3514.93938
G1 X97.999 Y112.327 E3514.94325
G1 X97.899 Y112.327 E3514.94333
G1 X97.899 Y107.671 E3514.9472
G1 X97.799 Y107.671 E3514.94729
G1 X97.799 Y112.327 E3514.95116
G1 X97.699 Y112.327 E3514.95124
G1 X97.699 Y107.671 E3514.95511
G1 X97.599 Y107.671 E3514.9552
G1 X97.599 Y112.327 E3514.95907
G1 X97.499 Y112.327 E3514.95915
G1 X97.499 Y107.671 E3514.96302
G1 X97.399 Y107.671 E3514.9631
G1 X97.399 Y112.327 E3514.96698
G1 X97.299 Y112.327 E3514.96706
G1 X97.299 Y107.671 E3514.97093
G0 F9000 X97.776 Y108.195
G0 X119.699 Y108.225
G0 X119.699 Y107.671
G1 F1800 X119.699 Y112.327 E3514.9748
G1 X119.799 Y112.327 E3514.97489
G1 X119.799 Y107.671 E3514.97876
G1 X119.899 Y107.671 E3514.97884
G1 X119.899 Y112.327 E3514.98271
G1 X119.999 Y112.327 E3514.98279
G1 X119.999 Y107.671 E3514.98667
G1 X120.099 Y107.671 E3514.98675
G1 X120.099 Y112.327 E3514.99062
G1 X120.199 Y112.327 E3514.9907
G1 X120.199 Y107.671 E3514.99458
G1 X120.299 Y107.671 E3514.99466
G1 X120.299 Y112.327 E3514.99853
G1 X120.399 Y112.327 E3514.99861
G1 X120.399 Y107.671 E3515.00248
G1 X120.499 Y107.671 E3515.00257
G1 X120.499 Y112.327 E3515.00644
G1 X120.599 Y112.327 E3515.00652
G1 X120.599 Y107.671 E3515.01039
G1 X120.699 Y107.671 E3515.01048
G1 X120.699 Y112.327 E3515.01435
G1 X120.799 Y112.327 E3515.01443
G1 X120.799 Y107.671 E3515.0183
G1 X120.899 Y107.671 E3515.01839
G1 X120.899 Y112.327 E3515.02226
G1 X120.999 Y112.327 E3515.02234
G1 X120.999 Y107.671 E3515.02621
G1 X121.099 Y107.671 E3515.0263
G1 X121.099 Y112.327 E3515.03017
G1 X121.199 Y112.327 E3515.03025
G1 X121.199 Y107.671 E3515.03412
G1 X121.299 Y107.671 E3515.03421
G1 X121.299 Y112.327 E3515.03808
G1 X121.399 Y112.327 E3515.03816
G1 X121.399 Y107.671 E3515.04203
G1 X121.499 Y107.671 E3515.04211
G1 X121.499 Y112.327 E3515.04599
G1 X121.599 Y112.327 E3515.04607
G1 X121.599 Y107.671 E3515.04994
G1 X121.699 Y107.671 E3515.05002
G1 X121.699 Y112.327 E3515.0539
G1 X121.799 Y112.327 E3515.05398
G1 X121.799 Y107.671 E3515.05785
G1 X121.899 Y107.671 E3515.05793
G1 X121.899 Y112.327 E3515.0618
G1 X121.999 Y112.327 E3515.06189
G1 X121.999 Y107.671 E3515.06576
G1 X122.099 Y107.671 E3515.06584
G1 X122.099 Y112.327 E3515.06971
G1 X122.199 Y112.327 E3515.0698
G1 X122.199 Y107.671 E3515.07367
G1 X122.299 Y107.671 E3515.07375
G1 X122.299 Y112.327 E3515.07762
G1 X122.399 Y112.327 E3515.07771
G1 X122.399 Y107.671 E3515.08158
G1 X122.499 Y107.671 E3515.08166
G1 X122.499 Y112.327 E3515.08553
G1 X122.599 Y112.327 E3515.08562
G1 X122.599 Y107.671 E3515.08949
G1 X122.699 Y107.671 E3515.08957
G1 X122.699 Y112.327 E3515.09344
;MESH:NONMESH
G0 F600 X122.699 Y112.327 Z20.88
G0 F9000 X122.224 Y111.805
G0 X121.697 Y108.722
G0 X101.937 Y108.5
;TIME_ELAPSED:3134.371375
;LAYER:103
;TYPE:WALL-INNER
;MESH:Horiz_1_edged.stl
G1 F3900 X101.937 Y111.5 E3515.21193
G1 X118.063 Y111.5 E3515.84885
G1 X118.063 Y108.5 E3515.96734
G1 X101.937 Y108.5 E3516.60426
G0 F9000 X101.437 Y108
G1 F3900 X101.437 Y112 E3516.76224
G1 X118.563 Y112 E3517.43866
G1 X118.563 Y108 E3517.59664
G1 X101.437 Y108 E3518.27306
G0 F9000 X100.962 Y107.54
;TYPE:WALL-OUTER
G1 F3000 X100.962 Y112.475 E3518.44848
G1 X119.038 Y112.475 E3519.09103
G1 X119.038 Y107.525 E3519.26698
G1 X100.991 Y107.525 E3519.9085
G1 X100.962 Y107.54 E3519.90966
G0 F9000 X100.962 Y107.74
G0 X101.632 Y108.195
G0 X102.087 Y108.89
G0 X102.327 Y108.89
;TYPE:SKIN
G1 F2700 X102.327 Y111.11 E3519.95876
G1 X117.673 Y111.11 E3520.29818
G1 X117.673 Y108.89 E3520.34728
G1 X102.327 Y108.89 E3520.68671
G0 F9000 X102.087 Y108.89
G0 X117.32 Y108.65
G0 X117.32 Y109.03
;TYPE:SKIN
G1 F3000 X117.32 Y110.97 E3520.72961
G0 F9000 X117.04 Y110.97
G1 F3000 X117.04 Y109.03 E3520.77252
G0 F9000 X116.76 Y109.03
G1 F3000 X116.76 Y110.97 E3520.81543
G0 F9000 X116.48 Y110.97
G1 F3000 X116.48 Y109.03 E3520.85834
G0 F9000 X116.2 Y109.03
G1 F3000 X116.2 Y110.97 E3520.90125
G0 F9000 X115.92 Y110.97
G1 F3000 X115.92 Y109.03 E3520.94416
G0 F9000 X115.64 Y109.03
G1 F3000 X115.64 Y110.97 E3520.98707
G0 F9000 X115.36 Y110.97
G1 F3000 X115.36 Y109.03 E3521.02998
G0 F9000 X115.08 Y109.03
G1 F3000 X115.08 Y110.97 E3521.07289
G0 F9000 X114.8 Y110.97
G1 F3000 X114.8 Y109.03 E3521.1158
G0 F9000 X114.52 Y109.03
G1 F3000 X114.52 Y110.97 E3521.1587
G0 F9000 X114.24 Y110.97
G1 F3000 X114.24 Y109.03 E3521.20161
G0 F9000 X113.96 Y109.03
G1 F3000 X113.96 Y110.97 E3521.24452
G0 F9000 X113.68 Y110.97
G1 F3000 X113.68 Y109.03 E3521.28743
G0 F9000 X113.4 Y109.03
G1 F3000 X113.4 Y110.97 E3521.33034
G0 F9000 X113.12 Y110.97
G1 F3000 X113.12 Y109.03 E3521.37325
G0 F9000 X112.84 Y109.03
G1 F3000 X112.84 Y110.97 E3521.41616
G0 F9000 X112.56 Y110.97
G1 F3000 X112.56 Y109.03 E3521.45907
G0 F9000 X112.28 Y109.03
G1 F3000 X112.28 Y110.97 E3521.50198
G0 F9000 X112 Y110.97
G1 F3000 X112 Y109.03 E3521.54488
G0 F9000 X111.72 Y109.03
G1 F3000 X111.72 Y110.97 E3521.58779
G0 F9000 X111.44 Y110.97
G1 F3000 X111.44 Y109.03 E3521.6307
G0 F9000 X111.16 Y109.03
G1 F3000 X111.16 Y110.97 E3521.67361
G0 F9000 X110.88 Y110.97
G1 F3000 X110.88 Y109.03 E3521.71652
G0 F9000 X110.6 Y109.03
G1 F3000 X110.6 Y110.97 E3521.75943
G0 F9000 X110.32 Y110.97
G1 F3000 X110.32 Y109.03 E3521.80234
G0 F9000 X110.04 Y109.03
G1 F3000 X110.04 Y110.97 E3521.84525
G0 F9000 X109.76 Y110.97
G1 F3000 X109.76 Y109.03 E3521.88816
G0 F9000 X109.48 Y109.03
G1 F3000 X109.48 Y110.97 E3521.93106
G0 F9000 X109.2 Y110.97
G1 F3000 X109.2 Y109.03 E3521.97397
G0 F9000 X108.92 Y109.03
G1 F3000 X108.92 Y110.97 E3522.01688
G0 F9000 X108.64 Y110.97
G1 F3000 X108.64 Y109.03 E3522.05979
G0 F9000 X108.36 Y109.03
G1 F3000 X108.36 Y110.97 E3522.1027
G0 F9000 X108.08 Y110.97
G1 F3000 X108.08 Y109.03 E3522.14561
G0 F9000 X107.8 Y109.03
G1 F3000 X107.8 Y110.97 E3522.18852
G0 F9000 X107.52 Y110.97
G1 F3000 X107.52 Y109.03 E3522.23143
G0 F9000 X107.24 Y109.03
G1 F3000 X107.24 Y110.97 E3522.27434
G0 F9000 X106.96 Y110.97
G1 F3000 X106.96 Y109.03 E3522.31724
G0 F9000 X106.68 Y109.03
G1 F3000 X106.68 Y110.97 E3522.36015
G0 F9000 X106.4 Y110.97
G1 F3000 X106.4 Y109.03 E3522.40306
G0 F9000 X106.12 Y109.03
G1 F3000 X106.12 Y110.97 E3522.44597
G0 F9000 X105.84 Y110.97
G1 F3000 X105.84 Y109.03 E3522.48888
G0 F9000 X105.56 Y109.03
G1 F3000 X105.56 Y110.97 E3522.53179
G0 F9000 X105.28 Y110.97
G1 F3000 X105.28 Y109.03 E3522.5747
G0 F9000 X105 Y109.03
G1 F3000 X105 Y110.97 E3522.61761
G0 F9000 X104.72 Y110.97
G1 F3000 X104.72 Y109.03 E3522.66052
G0 F9000 X104.44 Y109.03
G1 F3000 X104.44 Y110.97 E3522.70342
G0 F9000 X104.16 Y110.97
G1 F3000 X104.16 Y109.03 E3522.74633
G0 F9000 X103.88 Y109.03
G1 F3000 X103.88 Y110.97 E3522.78924
G0 F9000 X103.6 Y110.97
G1 F3000 X103.6 Y109.03 E3522.83215
G0 F9000 X103.32 Y109.03
G1 F3000 X103.32 Y110.97 E3522.87506
G0 F9000 X103.04 Y110.97
G1 F3000 X103.04 Y109.03 E3522.91797
G0 F9000 X102.76 Y109.03
G1 F3000 X102.76 Y110.97 E3522.96088
G0 F9000 X102.48 Y110.97
G1 F3000 X102.48 Y109.03 E3523.00379
G0 F9000 X102.48 Y108.625
G0 X102.159 Y108.722
G0 X102.159 Y111.278
G0 X106.886 Y111.775
G0 X106.886 Y112.378
G0 X106.886 Y111.775
G0 X102.159 Y111.278
G0 X102.159 Y108.722
G0 X106.836 Y108.225
G0 X106.836 Y107.7
;TYPE:SKIN
G1 F1800 X101.109 Y107.7 E3523.00855
G1 X101.109 Y107.8 E3523.00863
G1 X106.836 Y107.8 E3523.01339
G1 X106.836 Y107.9 E3523.01348
G1 X101.109 Y107.9 E3523.01824
G1 X101.109 Y108 E3523.01832
G1 X106.836 Y108 E3523.02308
G1 X106.836 Y108.1 E3523.02317
G1 X101.109 Y108.1 E3523.02793
G1 X101.109 Y108.2 E3523.02801
G1 X106.836 Y108.2 E3523.03277
G1 X106.836 Y108.3 E3523.03286
G1 X101.109 Y108.3 E3523.03762
G1 X101.109 Y108.4 E3523.0377
G1 X106.836 Y108.4 E3523.04246
G1 X106.836 Y108.5 E3523.04255
G1 X101.109 Y108.5 E3523.04731
G1 X101.109 Y108.6 E3523.04739
G1 X106.836 Y108.6 E3523.05216
G1 X106.836 Y108.7 E3523.05224
G1 X101.109 Y108.7 E3523.057
G1 X101.109 Y108.8 E3523.05708
G1 X106.836 Y108.8 E3523.06185
G1 X106.836 Y108.9 E3523.06193
G1 X101.109 Y108.9 E3523.06669
G1 X101.109 Y109 E3523.06677
G1 X106.836 Y109 E3523.07154
G1 X106.836 Y109.1 E3523.07162
G1 X101.109 Y109.1 E3523.07638
G1 X101.109 Y109.2 E3523.07646
G1 X106.836 Y109.2 E3523.08123
G1 X106.836 Y109.3 E3523.08131
G1 X101.109 Y109.3 E3523.08607
G1 X101.109 Y109.4 E3523.08615
G1 X106.836 Y109.4 E3523.09092
G1 X106.836 Y109.5 E3523.091
G1 X101.109 Y109.5 E3523.09576
G1 X101.109 Y109.6 E3523.09584
G1 X106.836 Y109.6 E3523.10061
G1 X106.836 Y109.7 E3523.10069
G1 X101.109 Y109.7 E3523.10545
G1 X101.109 Y109.8 E3523.10554
G1 X106.836 Y109.8 E3523.1103
G1 X106.836 Y109.9 E3523.11038
G1 X101.109 Y109.9 E3523.11514
G1 X101.109 Y110 E3523.11523
G1 X106.836 Y110 E3523.11999
G1 X106.836 Y110.1 E3523.12007
G1 X101.109 Y110.1 E3523.12483
G1 X101.109 Y110.2 E3523.12492
G1 X106.836 Y110.2 E3523.12968
G1 X106.836 Y110.3 E3523.12976
G1 X101.109 Y110.3 E3523.13452
G1 X101.109 Y110.4 E3523.13461
G1 X106.836 Y110.4 E3523.13937
G1 X106.836 Y110.5 E3523.13945
G1 X101.109 Y110.5 E3523.14421
G1 X101.109 Y110.6 E3523.1443
G1 X106.836 Y110.6 E3523.14906
G1 X106.836 Y110.7 E3523.14914
G1 X101.109 Y110.7 E3523.1539
G1 X101.109 Y110.8 E3523.15399
G1 X106.836 Y110.8 E3523.15875
G1 X106.836 Y110.9 E3523.15883
G1 X101.109 Y110.9 E3523.16359
G1 X101.109 Y111 E3523.16368
G1 X106.836 Y111 E3523.16844
G1 X106.836 Y111.1 E3523.16852
G1 X101.109 Y111.1 E3523.17328
G1 X101.109 Y111.2 E3523.17337
G1 X106.836 Y111.2 E3523.17813
G1 X106.836 Y111.3 E3523.17821
G1 X101.109 Y111.3 E3523.18297
G1 X101.109 Y111.4 E3523.18306
G1 X106.836 Y111.4 E3523.18782
G1 X106.836 Y111.5 E3523.1879
G1 X101.109 Y111.5 E3523.19267
G1 X101.109 Y111.6 E3523.19275
G1 X106.836 Y111.6 E3523.19751
G1 X106.836 Y111.7 E3523.19759
G1 X101.109 Y111.7 E3523.20236
G1 X101.109 Y111.8 E3523.20244
G1 X106.836 Y111.8 E3523.2072
G1 X106.836 Y111.9 E3523.20728
G1 X101.109 Y111.9 E3523.21205
G1 X101.109 Y112 E3523.21213
G1 X106.836 Y112 E3523.21689
G1 X106.836 Y112.1 E3523.21697
G1 X101.109 Y112.1 E3523.22174
G1 X101.109 Y112.2 E3523.22182
G1 X106.836 Y112.2 E3523.22658
G1 X106.836 Y112.3 E3523.22666
G1 X101.109 Y112.3 E3523.23143
G0 F9000 X101.632 Y111.805
G0 X113.164 Y111.775
G0 X113.164 Y112.3
G1 F1800 X118.891 Y112.3 E3523.23619
G1 X118.891 Y112.2 E3523.23627
G1 X113.164 Y112.2 E3523.24103
G1 X113.164 Y112.1 E3523.24112
G1 X118.891 Y112.1 E3523.24588
G1 X118.891 Y112 E3523.24596
G1 X113.164 Y112 E3523.25072
G1 X113.164 Y111.9 E3523.25081
G1 X118.891 Y111.9 E3523.25557
G1 X118.891 Y111.8 E3523.25565
G1 X113.164 Y111.8 E3523.26041
G1 X113.164 Y111.7 E3523.2605
G1 X118.891 Y111.7 E3523.26526
G1 X118.891 Y111.6 E3523.26534
G1 X113.164 Y111.6 E3523.2701
G1 X113.164 Y111.5 E3523.27019
G1 X118.891 Y111.5 E3523.27495
G1 X118.891 Y111.4 E3523.27503
G1 X113.164 Y111.4 E3523.2798
G1 X113.164 Y111.3 E3523.27988
G1 X118.891 Y111.3 E3523.28464
G1 X118.891 Y111.2 E3523.28472
G1 X113.164 Y111.2 E3523.28949
G1 X113.164 Y111.1 E3523.28957
G1 X118.891 Y111.1 E3523.29433
G1 X118.891 Y111 E3523.29441
G1 X113.164 Y111 E3523.29918
G1 X113.164 Y110.9 E3523.29926
G1 X118.891 Y110.9 E3523.30402
G1 X118.891 Y110.8 E3523.3041
G1 X113.164 Y110.8 E3523.30887
G1 X113.164 Y110.7 E3523.30895
G1 X118.891 Y110.7 E3523.31371
G1 X118.891 Y110.6 E3523.31379
G1 X113.164 Y110.6 E3523.31856
G1 X113.164 Y110.5 E3523.31864
G1 X118.891 Y110.5 E3523.3234
G1 X118.891 Y110.4 E3523.32348
G1 X113.164 Y110.4 E3523.32825
G1 X113.164 Y110.3 E3523.32833
G1 X118.891 Y110.3 E3523.33309
G1 X118.891 Y110.2 E3523.33318
G1 X113.164 Y110.2 E3523.33794
G1 X113.164 Y110.1 E3523.33802
G1 X118.891 Y110.1 E3523.34278
G1 X118.891 Y110 E3523.34287
G1 X113.164 Y110 E3523.34763
G1 X113.164 Y109.9 E3523.34771
G1 X118.891 Y109.9 E3523.35247
G1 X118.891 Y109.8 E3523.35256
G1 X113.164 Y109.8 E3523.35732
G1 X113.164 Y109.7 E3523.3574
G1 X118.891 Y109.7 E3523.36216
G1 X118.891 Y109.6 E3523.36225
G1 X113.164 Y109.6 E3523.36701
G1 X113.164 Y109.5 E3523.36709
G1 X118.891 Y109.5 E3523.37185
G1 X118.891 Y109.4 E3523.37194
G1 X113.164 Y109.4 E3523.3767
G1 X113.164 Y109.3 E3523.37678
G1 X118.891 Y109.3 E3523.38154
G1 X118.891 Y109.2 E3523.38163
G1 X113.164 Y109.2 E3523.38639
G1 X113.164 Y109.1 E3523.38647
G1 X118.891 Y109.1 E3523.39123
G1 X118.891 Y109 E3523.39132
G1 X113.164 Y109 E3523.39608
G1 X113.164 Y108.9 E3523.39616
G1 X118.891 Y108.9 E3523.40092
G1 X118.891 Y108.8 E3523.40101
G1 X113.164 Y108.8 E3523.40577
G1 X113.164 Y108.7 E3523.40585
G1 X118.891 Y108.7 E3523.41061
G1 X118.891 Y108.6 E3523.4107
G1 X113.164 Y108.6 E3523.41546
G1 X113.164 Y108.5 E3523.41554
G1 X118.891 Y108.5 E3523.4203
G1 X118.891 Y108.4 E3523.42039
G1 X113.164 Y108.4 E3523.42515
G1 X113.164 Y108.3 E3523.42523
G1 X118.891 Y108.3 E3523.43
G1 X118.891 Y108.2 E3523.43008
G1 X113.164 Y108.2 E3523.43484
G1 X113.164 Y108.1 E3523.43492
G1 X118.891 Y108.1 E3523.43969
G1 X118.891 Y108 E3523.43977
G1 X113.164 Y108 E3523.44453
G1 X113.164 Y107.9 E3523.44461
G1 X118.891 Y107.9 E3523.44938
G1 X118.891 Y107.8 E3523.44946
G1 X113.164 Y107.8 E3523.45422
G1 X113.164 Y107.7 E3523.4543
G1 X118.891 Y107.7 E3523.45907
;MESH:NONMESH
G0 F600 X118.891 Y107.7 Z21.08
G0 F9000 X118.368 Y108.195
G0 X108.408 Y108.5
;TIME_ELAPSED:3166.317142
;LAYER:104
;TYPE:WALL-INNER
;MESH:Horiz_1_edged.stl
G1 F3610.4 X108.408 Y111.5 E3523.57756
G1 X111.593 Y111.5 E3523.70335
G1 X111.593 Y108.499 E3523.82188
G1 X108.408 Y108.5 E3523.94768
G0 F9000 X107.908 Y108
G1 F3610.4 X107.908 Y112 E3524.10566
G1 X112.093 Y112 E3524.27095
G1 X112.093 Y107.999 E3524.42898
G1 X107.908 Y108 E3524.59427
G0 F9000 X107.432 Y107.54
;TYPE:WALL-OUTER
G1 F2777.2 X107.433 Y112.475 E3524.7697
G1 X112.568 Y112.475 E3524.95223
G1 X112.567 Y107.525 E3525.12818
G1 X107.461 Y107.525 E3525.30969
G1 X107.432 Y107.54 E3525.31085
G0 F9000 X107.432 Y107.74
G0 X108.102 Y108.195
G0 X108.798 Y108.65
G0 X108.798 Y108.89
;TYPE:SKIN
G1 F2499.5 X108.798 Y111.11 E3525.35995
G1 X111.203 Y111.11 E3525.41314
G1 X111.203 Y108.89 E3525.46224
G1 X108.798 Y108.89 E3525.51544
G0 F9000 X108.938 Y109.2
;TYPE:SKIN
G1 F2777.2 X111.063 Y109.2 E3525.56244
G0 F9000 X111.063 Y109.48
G1 F2777.2 X108.938 Y109.48 E3525.60944
G0 F9000 X108.938 Y109.76
G1 F2777.2 X111.063 Y109.76 E3525.65644
G0 F9000 X111.063 Y110.04
G1 F2777.2 X108.938 Y110.04 E3525.70344
G0 F9000 X108.938 Y110.32
G1 F2777.2 X111.063 Y110.32 E3525.75044
G0 F9000 X111.063 Y110.6
G1 F2777.2 X108.938 Y110.6 E3525.79744
G0 F9000 X108.938 Y110.88
G1 F2777.2 X111.063 Y110.88 E3525.84444
G0 F9000 X111.467 Y110.879
G0 X111.898 Y111.805
G0 X112.471 Y112.378
G0 X111.898 Y111.805
G0 X111.897 Y108.195
G0 X112.399 Y107.671
;TYPE:SKIN
G1 F1666.3 X112.399 Y112.327 E3525.84832
G1 X112.299 Y112.327 E3525.8484
G1 X112.299 Y107.671 E3525.85227
G1 X112.199 Y107.671 E3525.85235
G1 X112.199 Y112.327 E3525.85622
G1 X112.099 Y112.327 E3525.85631
G1 X112.099 Y107.671 E3525.86018
G1 X111.999 Y107.671 E3525.86026
G1 X111.999 Y112.327 E3525.86413
G1 X111.899 Y112.327 E3525.86422
G1 X111.899 Y107.671 E3525.86809
G1 X111.799 Y107.671 E3525.86817
G1 X111.799 Y112.327 E3525.87204
G1 X111.699 Y112.327 E3525.87213
G1 X111.699 Y107.671 E3525.876
G1 X111.599 Y107.671 E3525.87608
G1 X111.599 Y112.327 E3525.87995
G1 X111.499 Y112.327 E3525.88004
G1 X111.499 Y107.671 E3525.88391
G1 X111.399 Y107.671 E3525.88399
G1 X111.399 Y112.327 E3525.88786
G1 X111.299 Y112.327 E3525.88794
G1 X111.299 Y107.671 E3525.89182
G1 X111.199 Y107.671 E3525.8919
G1 X111.199 Y112.327 E3525.89577
G1 X111.099 Y112.327 E3525.89585
G1 X111.099 Y107.671 E3525.89973
G1 X110.999 Y107.671 E3525.89981
G1 X110.999 Y112.327 E3525.90368
G1 X110.899 Y112.327 E3525.90376
G1 X110.899 Y107.671 E3525.90763
G1 X110.799 Y107.671 E3525.90772
G1 X110.799 Y112.327 E3525.91159
G1 X110.699 Y112.327 E3525.91167
G1 X110.699 Y107.671 E3525.91554
G1 X110.599 Y107.671 E3525.91563
G1 X110.599 Y112.327 E3525.9195
G1 X110.499 Y112.327 E3525.91958
G1 X110.499 Y107.671 E3525.92345
G1 X110.399 Y107.671 E3525.92354
G1 X110.399 Y112.327 E3525.92741
G1 X110.299 Y112.327 E3525.92749
G1 X110.299 Y107.671 E3525.93136
G1 X110.199 Y107.671 E3525.93145
G1 X110.199 Y112.327 E3525.93532
G1 X110.099 Y112.327 E3525.9354
G1 X110.099 Y107.671 E3525.93927
G1 X109.999 Y107.671 E3525.93935
G1 X109.999 Y112.327 E3525.94323
G1 X109.899 Y112.327 E3525.94331
G1 X109.899 Y107.671 E3525.94718
G1 X109.799 Y107.671 E3525.94726
G1 X109.799 Y112.327 E3525.95114
G1 X109.699 Y112.327 E3525.95122
G1 X109.699 Y107.671 E3525.95509
G1 X109.599 Y107.671 E3525.95517
G1 X109.599 Y112.327 E3525.95904
G1 X109.499 Y112.327 E3525.95913
G1 X109.499 Y107.671 E3525.963
G1 X109.399 Y107.671 E3525.96308
G1 X109.399 Y112.327 E3525.96695
G1 X109.299 Y112.327 E3525.96704
G1 X109.299 Y107.671 E3525.97091
G1 X109.199 Y107.671 E3525.97099
G1 X109.199 Y112.327 E3525.97486
G1 X109.099 Y112.327 E3525.97495
G1 X109.099 Y107.671 E3525.97882
G1 X108.999 Y107.671 E3525.9789
G1 X108.999 Y112.327 E3525.98277
G1 X108.899 Y112.327 E3525.98286
G1 X108.899 Y107.671 E3525.98673
G1 X108.799 Y107.671 E3525.98681
G1 X108.799 Y112.327 E3525.99068
G1 X108.699 Y112.327 E3525.99076
G1 X108.699 Y107.671 E3525.99464
G1 X108.599 Y107.671 E3525.99472
G1 X108.599 Y112.327 E3525.99859
G1 X108.499 Y112.327 E3525.99867
G1 X108.499 Y107.671 E3526.00255
G1 X108.399 Y107.671 E3526.00263
G1 X108.399 Y112.327 E3526.0065
G1 X108.299 Y112.327 E3526.00658
G1 X108.299 Y107.671 E3526.01045
G1 X108.199 Y107.671 E3526.01054
G1 X108.199 Y112.327 E3526.01441
G1 X108.099 Y112.327 E3526.01449
G1 X108.099 Y107.671 E3526.01836
G1 X107.999 Y107.671 E3526.01845
G1 X107.999 Y112.327 E3526.02232
G1 X107.899 Y112.327 E3526.0224
G1 X107.899 Y107.671 E3526.02627
G1 X107.799 Y107.671 E3526.02636
G1 X107.799 Y112.327 E3526.03023
G1 X107.699 Y112.327 E3526.03031
G1 X107.699 Y107.671 E3526.03418
G1 X107.599 Y107.671 E3526.03427
G1 X107.599 Y112.327 E3526.03814
;TIME_ELAPSED:3178.761842
G1 F2400 E3524.03814
M140 S0
M205 X10 Y10
M107
G91 ;Relative positioning
G1 E-2 F2700 ;Retract a bit
G1 E-2 Z0.2 F2400 ;Retract and raise Z
G1 X5 Y5 F3000 ;Wipe out
G1 Z10 ;Raise Z more
G90 ;Absolute positioning

G28 X0 Y0 ;Present print
M106 S0 ;Turn-off fan
M104 S0 ;Turn-off hotend
M140 S0 ;Turn-off bed

;*** Message and End Tones
M117 Print Completed
M300 S440 P200 ; Make Print Completed Tones
M300 S660 P250
M300 S880 P300
;*** End Message and End Tones

M84 X Y E ;Disable all steppers but Z
M82 ;absolute extrusion mode
M104 S0
;End of Gcode
;SETTING_3 {"global_quality": "[general]\\nversion = 4\\nname = FFV5.1_EF(.20)\\
;SETTING_3 ndefinition = creality_ender5\\n\\n[metadata]\\ntype = quality_change
;SETTING_3 s\\nquality_type = standard\\nsetting_version = 20\\n\\n[values]\\nac
;SETTING_3 celeration_enabled = True\\nadhesion_type = brim\\njerk_enabled = Tru
;SETTING_3 e\\nlayer_height = 0.2\\nlayer_height_0 = 0.28\\nmaterial_bed_tempera
;SETTING_3 ture = 40\\nmaterial_bed_temperature_layer_0 = 50\\nsupport_enable = 
;SETTING_3 True\\n\\n", "extruder_quality": ["[general]\\nversion = 4\\nname = F
;SETTING_3 FV5.1_EF(.20)\\ndefinition = creality_ender5\\n\\n[metadata]\\ntype =
;SETTING_3  quality_changes\\nquality_type = standard\\nintent_category = defaul
;SETTING_3 t\\nposition = 0\\nsetting_version = 20\\n\\n[values]\\nacceleration_
;SETTING_3 print = 500.0\\nacceleration_roofing = 500.0\\nacceleration_topbottom
;SETTING_3  = 500.0\\nacceleration_travel = 500.0\\nacceleration_wall = 500.0\\n
;SETTING_3 bottom_layers = 3\\nbrim_line_count = 5\\ncoasting_enable = False\\nf
;SETTING_3 ill_outline_gaps = True\\ninfill_line_distance = =0 if infill_sparse_
;SETTING_3 density == 0 else (infill_line_width * 100) / infill_sparse_density *
;SETTING_3  (2 if infill_pattern == 'grid' else (3 if infill_pattern == 'triangl
;SETTING_3 es' or infill_pattern == 'trihexagon' or infill_pattern == 'cubic' or
;SETTING_3  infill_pattern == 'cubicsubdiv' else (2 if infill_pattern == 'tetrah
;SETTING_3 edral' or infill_pattern == 'quarter_cubic' else (1 if infill_pattern
;SETTING_3  == 'cross' or infill_pattern == 'cross_3d' else 1))))\\ninfill_line_
;SETTING_3 width = 0.57\\ninfill_overlap = 0\\ninfill_pattern = ='zigzag' if inf
;SETTING_3 ill_sparse_density > 89 else 'lines' if infill_sparse_density > 31 el
;SETTING_3 se 'cubic'\\ninfill_sparse_density = 15\\ninfill_sparse_thickness = 0
;SETTING_3 .3\\ninitial_layer_line_width_factor = 100.0\\ninset_direction = insi
;SETTING_3 de_out\\nironing_enabled = True\\njerk_layer_0 = 8\\njerk_print = 20\
;SETTING_3 \njerk_travel_layer_0 = 5\\nline_width = 0.45\\nmaterial_flow = 95\\n
;SETTING_3 material_flow_layer_0 = 95\\nmaterial_print_temperature = 210\\nretra
;SETTING_3 ction_amount = 2\\nretraction_extrusion_window = 6\\nretraction_prime
;SETTING_3 _speed = 20\\nretraction_retract_speed = 40\\nroofing_layer_count = 2
;SETTING_3 \\nskin_angles = [90,0 ]\\nskin_line_width = 0.28\\nskin_monotonic = 
;SETTING_3 True\\nskin_overlap = 30.0\\nskirt_brim_speed = 25.0\\nskirt_line_cou
;SETTING_3 nt = 1\\nspeed_layer_0 = 25\\nspeed_print = 50\\nspeed_roofing = 50\\
;SETTING_3 nspeed_topbottom = 45\\nspeed_travel_layer_0 = 125.0\\nspeed_wall_0 =
;SETTING_3  50\\nspeed_wall_x = 65\\nspeed_z_hop = 10\\ntop_bottom_pattern = lin
;SETTING_3 es\\ntop_bottom_thickness = =layer_height_0+layer_height*3\\ntop_laye
;SETTING_3 rs = 3\\nwall_0_material_flow = 95\\nwall_0_wipe_dist = 0.2\\nwall_li
;SETTING_3 ne_count = 3\\nwall_line_width_x = 0.5\\nwall_thickness = =line_width
;SETTING_3 *2\\nxy_offset = 0.2\\nxy_offset_layer_0 = -0.2\\nz_seam_corner = z_s
;SETTING_3 eam_corner_weighted\\nz_seam_type = sharpest_corner\\n\\n"]}
