;FLAVOR:Marlin
;TIME:822
;Filament used: 0.612729m
;Layer height: 0.12
;MINX:89.869
;MINY:88.035
;MINZ:0.28
;MAXX:130.131
;MAXY:131.965
;MAXZ:7
;Generated with Cura_SteamEngine main
M82 ;absolute extrusion mode
M201 X500.00 Y500.00 Z100.00 E5000.00 ;Setup machine max acceleration
M203 X500.00 Y500.00 Z10.00 E50.00 ;Setup machine max feedrate
M204 P500.00 R1000.00 T500.00 ;Setup Print/Retract/Travel acceleration
M205 X8.00 Y8.00 Z0.40 E5.00 ;Setup Jerk
M220 S100 ;Reset Feedrate
M221 S100 ;Reset Flowrate

;*** Start Dual Nozzle/Bed Preheating ***
M140 S60 ; start preheating the bed
M104 S210 ?T0 ; start preheating hotend
M190 S60 ; heat to Cura Bed setting and WAIT
M109 S210 ?T0 ; heat to Cura Hotend and WAIT
;*** End Preheating ***


;*** Single Print Start Tone
M300 S1000 P500 ; chirp to indicate starting to print
;*** End Single Start Tone

G28 ;Home

G92 E0 ;Reset Extruder
G1 Z2.0 F3000 ;Move Z Axis up
G1 X10.1 Y20 Z0.28 F5000.0 ;Move to start position
G1 X10.1 Y200.0 Z0.28 F1500.0 E15 ;Draw the first line
G1 X10.4 Y200.0 Z0.28 F5000.0 ;Move to side a little
G1 X10.4 Y20 Z0.28 F1500.0 E30 ;Draw the second line
G92 E0 ;Reset Extruder
G1 Z2.0 F3000 ;Move Z Axis up
G92 E0
G92 E0
G1 F1800 E-2
;LAYER_COUNT:57
;LAYER:0
M107
M204 S500
M205 X5 Y5
G0 F7500 X93.06 Y91.125 Z0.28
G0 X89.869 Y99.253
M205 X8 Y8
;TYPE:SKIRT
G1 F900 E0
G1 F1500 X89.878 Y98.59 E0.03204
G1 X89.931 Y97.667 E0.07672
G1 X90.063 Y96.752 E0.1214
G1 X90.273 Y95.852 E0.16607
G1 X90.561 Y94.973 E0.21077
G1 X90.923 Y94.122 E0.25546
G1 X91.358 Y93.306 E0.30015
G1 X91.862 Y92.531 E0.34483
G1 X92.43 Y91.802 E0.38949
G1 X93.06 Y91.125 E0.43418
G1 X93.745 Y90.505 E0.47883
G1 X94.482 Y89.946 E0.52354
G1 X95.264 Y89.453 E0.56821
G1 X96.086 Y89.029 E0.61291
G1 X96.941 Y88.679 E0.65756
G1 X97.824 Y88.403 E0.70227
G1 X98.727 Y88.205 E0.74695
G1 X99.644 Y88.085 E0.79164
G1 X100.228 Y88.05 E0.81992
G1 X100.882 Y88.035 E0.85153
G1 X118.734 Y88.035 E1.71428
G1 X119.585 Y88.046 E1.75541
G1 X120.508 Y88.099 E1.80009
G1 X121.423 Y88.232 E1.84477
G1 X122.323 Y88.443 E1.88945
G1 X123.202 Y88.732 E1.93416
G1 X124.052 Y89.095 E1.97883
G1 X124.868 Y89.53 E2.02352
G1 X125.643 Y90.034 E2.0682
G1 X126.371 Y90.603 E2.11285
G1 X127.048 Y91.233 E2.15755
G1 X127.668 Y91.92 E2.20227
G1 X128.226 Y92.657 E2.24694
G1 X128.718 Y93.439 E2.29159
G1 X129.141 Y94.261 E2.33627
G1 X129.491 Y95.117 E2.38096
G1 X129.766 Y96 E2.42566
G1 X129.964 Y96.903 E2.47034
G1 X130.083 Y97.82 E2.51502
G1 X130.118 Y98.434 E2.54474
G1 X130.131 Y99.055 E2.57476
G1 X130.13 Y100.77 E2.65765
G1 X130.12 Y101.475 E2.69172
G1 X130.067 Y102.398 E2.7364
G1 X129.934 Y103.313 E2.78108
G1 X129.723 Y104.213 E2.82576
G1 X129.287 Y105.462 E2.88969
G1 X128.122 Y108.236 E3.0351
G1 X127.211 Y110.602 E3.15762
G1 X126.374 Y112.969 E3.27896
G1 X125.606 Y115.359 E3.40028
G1 X124.896 Y117.797 E3.52299
G1 X124.263 Y120.227 E3.64435
G1 X124.034 Y121.23 E3.69407
G1 X123.728 Y122.512 E3.75777
G1 X123.475 Y123.401 E3.80244
G1 X123.145 Y124.265 E3.84713
G1 X122.743 Y125.097 E3.89179
G1 X122.27 Y125.892 E3.9365
G1 X121.73 Y126.642 E3.98116
G1 X120.816 Y127.661 E4.04731
G1 X119.709 Y128.747 E4.12226
G1 X119.022 Y129.365 E4.16692
G1 X118.284 Y129.922 E4.2116
G1 X117.554 Y130.382 E4.2533
G1 X117.295 Y130.531 E4.26774
G1 X116.474 Y130.957 E4.31244
G1 X115.62 Y131.31 E4.3571
G1 X114.738 Y131.589 E4.40181
G1 X113.836 Y131.79 E4.44647
G1 X112.919 Y131.912 E4.49117
G1 X112.16 Y131.953 E4.52791
G1 X111.42 Y131.965 E4.56368
G1 X108.566 Y131.964 E4.7016
G1 X107.876 Y131.954 E4.73495
G1 X106.953 Y131.901 E4.77963
G1 X106.038 Y131.768 E4.82432
G1 X105.138 Y131.556 E4.869
G1 X104.26 Y131.268 E4.91366
G1 X103.409 Y130.904 E4.95839
G1 X102.64 Y130.496 E5.00046
G1 X102.076 Y130.16 E5.03219
G1 X101.353 Y129.703 E5.07352
G1 X100.801 Y129.34 E5.10545
G1 X100.052 Y128.799 E5.1501
G1 X99.351 Y128.195 E5.19482
G1 X98.706 Y127.533 E5.23949
G1 X98.12 Y126.818 E5.28417
G1 X97.598 Y126.055 E5.32885
G1 X97.144 Y125.249 E5.37355
G1 X96.761 Y124.408 E5.41821
G1 X96.453 Y123.536 E5.46291
G1 X96.248 Y122.766 E5.50141
G1 X95.704 Y120.362 E5.62053
G1 X95.061 Y117.852 E5.74575
G1 X94.378 Y115.464 E5.86579
G1 X93.61 Y113.039 E5.98872
G1 X92.786 Y110.674 E6.10975
G1 X91.862 Y108.246 E6.2353
G1 X91.233 Y106.703 E6.31583
G1 X90.701 Y105.427 E6.38264
G1 X90.383 Y104.559 E6.42732
G1 X90.14 Y103.667 E6.472
G1 X89.976 Y102.757 E6.51668
G1 X89.882 Y101.612 E6.5722
G1 X89.869 Y100.998 E6.60188
G1 X89.869 Y99.253 E6.68622
M205 X5 Y5
G0 F7500 X90.329 Y99.259
M205 X8 Y8
G1 F1500 X90.338 Y98.596 E6.71826
G1 X90.39 Y97.693 E6.76197
G1 X90.522 Y96.798 E6.80569
G1 X90.732 Y95.919 E6.84937
G1 X91.019 Y95.061 E6.89309
G1 X91.381 Y94.232 E6.93681
G1 X91.815 Y93.439 E6.9805
G1 X92.317 Y92.686 E7.02423
G1 X92.883 Y91.981 E7.06793
G1 X93.51 Y91.329 E7.11164
G1 X94.192 Y90.735 E7.15535
G1 X94.923 Y90.203 E7.19904
G1 X95.699 Y89.738 E7.24276
G1 X96.513 Y89.343 E7.28649
G1 X97.358 Y89.021 E7.33019
G1 X98.228 Y88.776 E7.37387
G1 X99.117 Y88.608 E7.4176
G1 X100.242 Y88.51 E7.47217
G1 X100.882 Y88.495 E7.50311
G1 X118.734 Y88.495 E8.36586
G1 X119.579 Y88.506 E8.4067
G1 X120.481 Y88.559 E8.45036
G1 X121.376 Y88.691 E8.49408
G1 X122.256 Y88.902 E8.53782
G1 X123.113 Y89.19 E8.58151
G1 X123.942 Y89.553 E8.62525
G1 X124.735 Y89.987 E8.66894
G1 X125.487 Y90.489 E8.71263
G1 X126.192 Y91.056 E8.75636
G1 X126.843 Y91.683 E8.80004
G1 X127.437 Y92.366 E8.84378
G1 X127.969 Y93.098 E8.88751
G1 X128.433 Y93.874 E8.93121
G1 X128.827 Y94.688 E8.97491
G1 X129.148 Y95.533 E9.0186
G1 X129.393 Y96.404 E9.06232
G1 X129.56 Y97.293 E9.10604
G1 X129.658 Y98.447 E9.16201
G1 X129.671 Y99.055 E9.1914
G1 X129.67 Y100.763 E9.27394
G1 X129.66 Y101.468 E9.30802
G1 X129.607 Y102.371 E9.35173
G1 X129.475 Y103.266 E9.39545
G1 X129.264 Y104.145 E9.43914
G1 X128.863 Y105.284 E9.4975
G1 X127.694 Y108.069 E9.64347
G1 X126.777 Y110.448 E9.76668
G1 X125.942 Y112.81 E9.88776
G1 X125.159 Y115.245 E10.01137
G1 X124.466 Y117.626 E10.13121
G1 X123.819 Y120.108 E10.25517
G1 X123.61 Y121.024 E10.30058
G1 X123.28 Y122.405 E10.3692
G1 X123.032 Y123.275 E10.41292
G1 X122.707 Y124.119 E10.45663
G1 X122.31 Y124.931 E10.50031
G1 X121.842 Y125.705 E10.54402
G1 X121.307 Y126.435 E10.58776
G1 X120.494 Y127.333 E10.6463
G1 X119.387 Y128.419 E10.72125
G1 X118.714 Y129.023 E10.76495
G1 X117.99 Y129.565 E10.80866
G1 X117.324 Y129.983 E10.84666
G1 X117.065 Y130.132 E10.8611
G1 X116.262 Y130.548 E10.9048
G1 X115.425 Y130.892 E10.94854
G1 X114.562 Y131.16 E10.99221
G1 X113.678 Y131.35 E11.0359
G1 X112.78 Y131.462 E11.07964
G1 X112.152 Y131.493 E11.11003
G1 X111.42 Y131.505 E11.14541
G1 X108.573 Y131.504 E11.283
G1 X107.883 Y131.494 E11.31635
G1 X106.98 Y131.441 E11.36006
G1 X106.085 Y131.308 E11.40379
G1 X105.206 Y131.097 E11.44748
G1 X104.348 Y130.809 E11.49121
G1 X103.52 Y130.447 E11.53489
G1 X102.872 Y130.099 E11.57043
G1 X102.321 Y129.771 E11.60142
G1 X101.779 Y129.43 E11.63237
G1 X101.054 Y128.955 E11.67426
G1 X100.321 Y128.426 E11.71794
G1 X99.638 Y127.833 E11.76166
G1 X99.01 Y127.182 E11.80537
G1 X98.441 Y126.479 E11.84908
G1 X97.937 Y125.728 E11.89279
G1 X97.501 Y124.935 E11.93652
G1 X97.137 Y124.108 E11.98019
G1 X96.848 Y123.251 E12.0239
G1 X96.697 Y122.664 E12.05319
G1 X96.151 Y120.249 E12.17285
G1 X95.516 Y117.772 E12.29643
G1 X94.813 Y115.311 E12.42012
G1 X94.047 Y112.894 E12.54265
G1 X93.221 Y110.525 E12.6639
G1 X92.291 Y108.079 E12.79037
G1 X91.658 Y106.526 E12.87142
G1 X91.126 Y105.25 E12.93823
G1 X90.815 Y104.4 E12.98197
G1 X90.58 Y103.527 E13.02566
G1 X90.424 Y102.636 E13.06938
G1 X90.342 Y101.599 E13.11965
G1 X90.329 Y100.997 E13.14875
G1 X90.329 Y99.259 E13.23274
M205 X5 Y5
G1 F1800 E11.23274
;MESH:belt_holder_screw.stl
G0 F7500 X99.894 Y99.254
G0 X100.989 Y99.253
G0 X112.069 Y99.645
G0 X118.509 Y99.657
G0 X118.509 Y100.393
G0 X112.069 Y100.879
G0 X111.253 Y101.343
G1 F900 E13.23274
G0 F7500 X111.398 Y101.324
M205 X8 Y8
;TYPE:WALL-INNER
G1 F1500 X111.558 Y100.983 E13.25253
G1 X111.949 Y100.691 E13.27816
G1 X112.206 Y100.615 E13.29224
G1 X118.731 Y100.615 E13.635
G1 X118.731 Y99.435 E13.69699
G1 X101.269 Y99.435 E14.61427
G1 X101.269 Y100.615 E14.67626
G1 X107.706 Y100.615 E15.01439
G1 X108.032 Y100.693 E15.032
G1 X108.195 Y100.777 E15.04163
G1 X108.43 Y100.973 E15.05771
G1 X108.548 Y101.198 E15.07106
G1 X108.617 Y101.453 E15.08493
G1 X108.608 Y101.97 E15.11209
G1 X108.534 Y102.22 E15.12579
G1 X108.38 Y102.413 E15.13876
G1 X108.525 Y102.611 E15.15165
G1 X108.621 Y102.97 E15.17117
G1 X108.606 Y103.479 E15.19792
G1 X108.534 Y103.72 E15.21114
G1 X108.381 Y103.913 E15.22407
G1 X108.525 Y104.112 E15.23698
G1 X108.621 Y104.47 E15.25645
G1 X108.606 Y104.979 E15.2832
G1 X108.558 Y105.166 E15.29334
G1 X108.383 Y105.409 E15.30907
G1 X108.556 Y105.651 E15.32469
G1 X108.639 Y106.015 E15.34431
G1 X108.601 Y106.493 E15.3695
G1 X108.484 Y106.801 E15.3868
G1 X108.378 Y106.918 E15.3951
G1 X108.474 Y107.044 E15.40342
G1 X108.606 Y107.371 E15.42194
G1 X108.631 Y107.863 E15.44782
G1 X108.481 Y108.311 E15.47264
G1 X108.38 Y108.424 E15.4806
G1 X108.497 Y108.571 E15.49047
G1 X108.602 Y108.888 E15.50801
G1 X108.632 Y109.363 E15.53301
G1 X108.539 Y109.727 E15.55275
G1 X108.38 Y109.921 E15.56592
G1 X108.503 Y110.083 E15.57661
G1 X108.628 Y110.443 E15.59663
G1 X108.573 Y111.029 E15.62754
G1 X108.475 Y111.248 E15.64015
G1 X108.354 Y111.388 E15.64987
G1 X108.471 Y111.53 E15.65953
G1 X108.619 Y111.869 E15.67896
G1 X108.608 Y112.42 E15.70791
G1 X108.534 Y112.67 E15.72161
G1 X108.382 Y112.863 E15.73451
G1 X108.525 Y113.062 E15.74739
G1 X108.621 Y113.42 E15.76686
G1 X108.606 Y113.929 E15.79361
G1 X108.558 Y114.116 E15.80375
G1 X108.383 Y114.359 E15.81948
G1 X108.556 Y114.601 E15.83511
G1 X108.639 Y114.965 E15.85472
G1 X108.601 Y115.443 E15.87991
G1 X108.484 Y115.751 E15.89721
G1 X108.378 Y115.868 E15.90551
G1 X108.474 Y115.994 E15.91383
G1 X108.606 Y116.321 E15.93235
G1 X108.631 Y116.813 E15.95823
G1 X108.481 Y117.261 E15.98305
G1 X108.38 Y117.374 E15.99101
G1 X108.473 Y117.491 E15.99886
G1 X108.608 Y117.826 E16.01783
G1 X108.625 Y118.292 E16.04233
G1 X108.548 Y118.632 E16.06064
G1 X108.383 Y118.869 E16.07581
G1 X108.495 Y119.008 E16.08519
G1 X108.615 Y119.321 E16.1028
G1 X108.627 Y119.835 E16.1298
G1 X108.481 Y120.278 E16.15431
G1 X108.39 Y120.373 E16.16122
G1 X108.513 Y120.565 E16.17319
G1 X111.384 Y120.564 E16.32401
G1 X111.466 Y120.269 E16.34009
G1 X111.617 Y120.071 E16.35317
G1 X111.529 Y119.961 E16.36057
G1 X111.388 Y119.52 E16.38489
G1 X111.371 Y119.124 E16.40572
G1 X111.443 Y118.841 E16.42106
G1 X111.62 Y118.576 E16.4378
G1 X111.527 Y118.458 E16.44569
G1 X111.392 Y118.125 E16.46456
G1 X111.374 Y117.658 E16.48911
G1 X111.445 Y117.341 E16.50618
G1 X111.62 Y117.075 E16.5229
G1 X111.528 Y116.959 E16.53068
G1 X111.393 Y116.626 E16.54956
G1 X111.37 Y116.137 E16.57527
G1 X111.449 Y115.809 E16.59299
G1 X111.619 Y115.588 E16.60764
G1 X111.438 Y115.364 E16.62277
G1 X111.361 Y114.993 E16.64267
G1 X111.408 Y114.382 E16.67486
G1 X111.62 Y114.092 E16.69373
G1 X111.445 Y113.853 E16.70929
G1 X111.359 Y113.517 E16.72751
G1 X111.405 Y112.929 E16.7585
G1 X111.521 Y112.693 E16.77231
G1 X111.616 Y112.589 E16.77971
G1 X111.529 Y112.478 E16.78712
G1 X111.385 Y112.131 E16.80685
G1 X111.391 Y111.555 E16.83711
G1 X111.459 Y111.326 E16.84966
G1 X111.639 Y111.102 E16.86476
G1 X111.527 Y110.961 E16.87421
G1 X111.379 Y110.6 E16.89471
G1 X111.409 Y109.99 E16.92679
G1 X111.519 Y109.738 E16.94124
G1 X111.62 Y109.626 E16.94916
G1 X111.527 Y109.508 E16.95705
G1 X111.392 Y109.175 E16.97593
G1 X111.374 Y108.708 E17.00048
G1 X111.445 Y108.391 E17.01754
G1 X111.62 Y108.125 E17.03427
G1 X111.528 Y108.009 E17.04204
G1 X111.393 Y107.676 E17.06092
G1 X111.37 Y107.187 E17.08663
G1 X111.449 Y106.859 E17.10436
G1 X111.619 Y106.638 E17.119
G1 X111.438 Y106.414 E17.13413
G1 X111.361 Y106.043 E17.15404
G1 X111.408 Y105.432 E17.18623
G1 X111.62 Y105.142 E17.2051
G1 X111.445 Y104.903 E17.22066
G1 X111.359 Y104.567 E17.23888
G1 X111.402 Y104.015 E17.26796
G1 X111.445 Y103.884 E17.2752
G1 X111.617 Y103.644 E17.29071
G1 X111.445 Y103.403 E17.30627
G1 X111.359 Y103.068 E17.32444
G1 X111.407 Y102.435 E17.35778
G1 X111.625 Y102.124 E17.37773
G1 X111.447 Y101.859 E17.3945
G1 X111.404 Y101.705 E17.4029
G1 X111.398 Y101.324 E17.42292
M205 X5 Y5
G0 F7500 X112.038 Y100.957
M205 X8 Y8
;TYPE:WALL-OUTER
G1 F1500 X112.24 Y100.895 E17.43313
G1 X119.011 Y100.895 E17.76036
G1 X119.011 Y99.155 E17.84445
G1 X100.989 Y99.155 E18.71541
G1 X100.989 Y100.895 E18.7995
G1 X107.706 Y100.895 E19.12412
G1 X107.904 Y100.942 E19.13395
G1 X108.209 Y101.145 E19.15166
G1 X108.336 Y101.522 E19.17089
G1 X108.329 Y101.941 E19.19114
G1 X108.284 Y102.093 E19.1988
G1 X108.019 Y102.358 E19.21691
G1 X107.897 Y102.417 E19.22346
G1 X108.171 Y102.592 E19.23917
G1 X108.27 Y102.728 E19.2473
G1 X108.341 Y102.992 E19.26051
G1 X108.328 Y103.447 E19.28251
G1 X108.284 Y103.593 E19.28988
G1 X108.029 Y103.853 E19.30748
G1 X107.9 Y103.918 E19.31446
G1 X108.172 Y104.092 E19.33007
G1 X108.27 Y104.228 E19.33817
G1 X108.341 Y104.492 E19.35138
G1 X108.326 Y105.023 E19.37705
G1 X108.18 Y105.224 E19.38906
G1 X107.906 Y105.415 E19.4052
G1 X108.179 Y105.59 E19.42087
G1 X108.296 Y105.755 E19.43065
G1 X108.353 Y105.996 E19.44262
G1 X108.32 Y106.502 E19.46712
G1 X108.252 Y106.643 E19.47469
G1 X108.012 Y106.862 E19.49039
G1 X107.9 Y106.919 E19.49646
G1 X108.206 Y107.119 E19.51413
G1 X108.329 Y107.429 E19.53025
G1 X108.346 Y107.829 E19.54959
G1 X108.247 Y108.157 E19.56615
G1 X108.014 Y108.37 E19.58141
G1 X107.899 Y108.422 E19.58751
G1 X108.204 Y108.614 E19.60493
G1 X108.329 Y108.929 E19.6213
G1 X108.347 Y109.35 E19.64167
G1 X108.264 Y109.628 E19.65569
G1 X108.025 Y109.862 E19.67185
G1 X107.904 Y109.919 E19.67832
G1 X108.157 Y110.081 E19.69284
G1 X108.253 Y110.209 E19.70057
G1 X108.336 Y110.493 E19.71487
G1 X108.3 Y110.949 E19.73697
G1 X108.238 Y111.099 E19.74482
G1 X108.01 Y111.314 E19.75996
G1 X107.825 Y111.397 E19.76976
G1 X108.147 Y111.571 E19.78745
G1 X108.23 Y111.672 E19.79377
G1 X108.338 Y111.928 E19.8072
G1 X108.329 Y112.391 E19.82958
G1 X108.285 Y112.542 E19.83718
G1 X108.029 Y112.803 E19.85485
G1 X107.9 Y112.868 E19.86183
G1 X108.173 Y113.043 E19.8775
G1 X108.27 Y113.178 E19.88553
G1 X108.341 Y113.442 E19.89874
G1 X108.326 Y113.973 E19.92442
G1 X108.18 Y114.174 E19.93642
G1 X107.906 Y114.365 E19.95256
G1 X108.179 Y114.54 E19.96824
G1 X108.296 Y114.705 E19.97801
G1 X108.353 Y114.946 E19.98998
G1 X108.32 Y115.452 E20.01449
G1 X108.252 Y115.593 E20.02205
G1 X108.012 Y115.812 E20.03775
G1 X107.9 Y115.869 E20.04383
G1 X108.206 Y116.069 E20.06149
G1 X108.329 Y116.379 E20.07761
G1 X108.346 Y116.779 E20.09696
G1 X108.247 Y117.107 E20.11352
G1 X108.014 Y117.32 E20.12877
G1 X107.899 Y117.372 E20.13487
G1 X108.204 Y117.564 E20.15229
G1 X108.329 Y117.879 E20.16867
G1 X108.346 Y118.278 E20.18797
G1 X108.288 Y118.529 E20.20042
G1 X108.163 Y118.701 E20.21069
G1 X107.905 Y118.869 E20.22557
G1 X108.157 Y119.028 E20.23997
G1 X108.248 Y119.142 E20.24702
G1 X108.338 Y119.407 E20.26055
G1 X108.347 Y119.839 E20.28143
G1 X108.259 Y120.107 E20.29506
G1 X108.015 Y120.32 E20.31072
G1 X107.902 Y120.371 E20.31671
G1 X108.102 Y120.486 E20.32786
G1 X108.23 Y120.621 E20.33685
G1 X108.316 Y120.845 E20.34844
G1 X111.656 Y120.844 E20.50986
G1 X111.659 Y120.59 E20.52213
G1 X111.719 Y120.39 E20.53222
G1 X111.841 Y120.238 E20.54164
G1 X112.101 Y120.078 E20.5564
G1 X111.852 Y119.922 E20.5706
G1 X111.771 Y119.821 E20.57686
G1 X111.668 Y119.507 E20.59283
G1 X111.652 Y119.151 E20.61005
G1 X111.753 Y118.842 E20.62576
G1 X111.986 Y118.631 E20.64095
G1 X112.101 Y118.578 E20.64707
G1 X111.847 Y118.418 E20.66158
G1 X111.77 Y118.319 E20.66764
G1 X111.672 Y118.051 E20.68143
G1 X111.654 Y117.672 E20.69977
G1 X111.756 Y117.339 E20.7166
G1 X111.983 Y117.131 E20.73148
G1 X112.1 Y117.079 E20.73766
G1 X111.851 Y116.921 E20.75192
G1 X111.771 Y116.82 E20.75814
G1 X111.672 Y116.551 E20.772
G1 X111.651 Y116.158 E20.79102
G1 X111.724 Y115.898 E20.80407
G1 X111.845 Y115.741 E20.81365
G1 X112.084 Y115.584 E20.82747
G1 X111.841 Y115.428 E20.84142
G1 X111.716 Y115.274 E20.85101
G1 X111.647 Y115.01 E20.86419
G1 X111.681 Y114.469 E20.89039
G1 X111.829 Y114.266 E20.90253
G1 X112.099 Y114.086 E20.91821
G1 X111.829 Y113.918 E20.93358
G1 X111.705 Y113.747 E20.94379
G1 X111.646 Y113.484 E20.95682
G1 X111.679 Y113.015 E20.97954
G1 X111.823 Y112.773 E20.99315
G1 X112.096 Y112.585 E21.00917
G1 X111.793 Y112.393 E21.0265
G1 X111.671 Y112.073 E21.04305
G1 X111.669 Y111.589 E21.06644
G1 X111.71 Y111.45 E21.07345
G1 X111.983 Y111.184 E21.09187
G1 X112.141 Y111.115 E21.1002
G1 X111.846 Y110.919 E21.11732
G1 X111.769 Y110.821 E21.12334
G1 X111.667 Y110.528 E21.13833
G1 X111.686 Y110.071 E21.16044
G1 X111.753 Y109.892 E21.16968
G1 X111.986 Y109.681 E21.18487
G1 X112.101 Y109.628 E21.19099
G1 X111.847 Y109.468 E21.20549
G1 X111.77 Y109.369 E21.21156
G1 X111.672 Y109.101 E21.22535
G1 X111.654 Y108.722 E21.24368
G1 X111.756 Y108.389 E21.26051
G1 X111.983 Y108.181 E21.27539
G1 X112.1 Y108.129 E21.28158
G1 X111.851 Y107.971 E21.29583
G1 X111.771 Y107.87 E21.30206
G1 X111.672 Y107.601 E21.31591
G1 X111.651 Y107.208 E21.33493
G1 X111.724 Y106.948 E21.34798
G1 X111.845 Y106.791 E21.35756
G1 X112.084 Y106.634 E21.37138
G1 X111.841 Y106.478 E21.38534
G1 X111.716 Y106.324 E21.39492
G1 X111.647 Y106.06 E21.40811
G1 X111.681 Y105.519 E21.43431
G1 X111.829 Y105.316 E21.44645
G1 X112.099 Y105.136 E21.46213
G1 X111.829 Y104.968 E21.4775
G1 X111.705 Y104.797 E21.48771
G1 X111.646 Y104.534 E21.50073
G1 X111.682 Y104.021 E21.52559
G1 X111.823 Y103.823 E21.53733
G1 X112.098 Y103.635 E21.55343
G1 X111.823 Y103.464 E21.56908
G1 X111.705 Y103.298 E21.57893
G1 X111.646 Y103.034 E21.592
G1 X111.681 Y102.52 E21.6169
G1 X111.803 Y102.341 E21.62737
G1 X112.113 Y102.13 E21.64549
G1 X111.947 Y102.039 E21.65464
G1 X111.68 Y101.721 E21.6747
G1 X111.688 Y101.356 E21.69235
G1 X111.824 Y101.116 E21.70568
G1 X112.038 Y100.957 E21.71856
M205 X5 Y5
G0 F7500 X112.229 Y100.899
G1 F1800 E19.71856
G0 F7500 X112.229 Y100.395
G0 X118.509 Y100.393
G0 X118.509 Y99.657
G0 X101.491 Y99.657
G0 X101.491 Y100.393
G0 X107.702 Y100.404
G0 X108.288 Y100.588
G0 X108.612 Y100.872
G1 F900 E21.71856
G0 F7500 X108.643 Y100.809
M205 X8 Y8
;TYPE:SKIN
G1 F1500 X108.805 Y101.131 E21.72841
G1 X108.88 Y101.401 E21.73606
G1 X108.872 Y101.999 E21.7524
G1 X108.781 Y102.324 E21.76162
G1 X108.709 Y102.422 E21.76494
G1 X108.774 Y102.521 E21.76818
G1 X108.89 Y102.875 E21.77835
G1 X108.871 Y103.507 E21.79562
G1 X108.78 Y103.823 E21.80461
G1 X108.709 Y103.923 E21.80796
G1 X108.775 Y104.023 E21.81123
G1 X108.89 Y104.375 E21.82134
G1 X108.872 Y105.002 E21.83848
G1 X108.798 Y105.276 E21.84623
G1 X108.702 Y105.41 E21.85073
G1 X108.828 Y105.594 E21.85682
G1 X108.905 Y106.016 E21.86854
G1 X108.859 Y106.6 E21.88454
G1 X108.712 Y106.929 E21.89439
G1 X108.865 Y107.291 E21.90512
G1 X108.895 Y107.897 E21.9217
G1 X108.786 Y108.303 E21.93318
G1 X108.715 Y108.437 E21.93732
G1 X108.859 Y108.768 E21.94718
G1 X108.897 Y109.401 E21.9645
G1 X108.813 Y109.733 E21.97386
G1 X108.706 Y109.916 E21.97965
G1 X108.751 Y109.986 E21.98192
G1 X108.898 Y110.407 E21.9941
G1 X108.835 Y111.07 E22.01229
G1 X108.7 Y111.4 E22.02203
G1 X108.836 Y111.697 E22.03096
G1 X108.883 Y112.016 E22.03976
G1 X108.864 Y112.551 E22.05439
G1 X108.709 Y112.872 E22.06412
G1 X108.78 Y112.983 E22.06772
G1 X108.887 Y113.415 E22.07988
G1 X108.872 Y113.952 E22.09455
G1 X108.798 Y114.226 E22.10231
G1 X108.702 Y114.36 E22.10681
G1 X108.828 Y114.544 E22.1129
G1 X108.905 Y114.966 E22.12462
G1 X108.859 Y115.55 E22.14062
G1 X108.712 Y115.879 E22.15046
G1 X108.865 Y116.241 E22.1612
G1 X108.895 Y116.847 E22.17777
G1 X108.786 Y117.253 E22.18926
G1 X108.715 Y117.387 E22.1934
G1 X108.86 Y117.72 E22.20332
G1 X108.895 Y118.341 E22.22031
G1 X108.8 Y118.717 E22.2309
G1 X108.72 Y118.851 E22.23517
G1 X108.878 Y119.271 E22.24742
G1 X108.894 Y119.836 E22.26286
G1 X108.741 Y120.299 E22.27618
G1 X111.181 Y120.297 E22.34283
G1 X111.285 Y120.061 E22.34988
G1 X111.19 Y119.846 E22.3563
G1 X111.123 Y119.539 E22.36488
G1 X111.106 Y119.068 E22.37776
G1 X111.225 Y118.669 E22.38913
G1 X111.285 Y118.561 E22.3925
G1 X111.134 Y118.211 E22.40292
G1 X111.108 Y117.574 E22.42033
G1 X111.2 Y117.235 E22.42993
G1 X111.287 Y117.063 E22.43519
G1 X111.135 Y116.719 E22.44546
G1 X111.101 Y116.11 E22.46213
G1 X111.228 Y115.67 E22.47464
G1 X111.287 Y115.592 E22.47731
G1 X111.197 Y115.476 E22.48132
G1 X111.094 Y115.021 E22.49406
G1 X111.138 Y114.418 E22.51058
G1 X111.191 Y114.249 E22.51541
G1 X111.299 Y114.092 E22.52062
G1 X111.192 Y113.936 E22.52579
G1 X111.096 Y113.582 E22.5358
G1 X111.141 Y112.9 E22.55447
G1 X111.286 Y112.58 E22.56407
G1 X111.121 Y112.202 E22.57534
G1 X111.123 Y111.439 E22.59618
G1 X111.294 Y111.087 E22.60687
G1 X111.15 Y110.738 E22.61718
G1 X111.117 Y110.55 E22.6224
G1 X111.148 Y109.982 E22.63793
G1 X111.289 Y109.62 E22.64855
G1 X111.129 Y109.226 E22.66016
G1 X111.108 Y108.624 E22.67662
G1 X111.2 Y108.285 E22.68621
G1 X111.287 Y108.113 E22.69148
G1 X111.135 Y107.769 E22.70175
G1 X111.101 Y107.16 E22.71841
G1 X111.228 Y106.72 E22.73092
G1 X111.287 Y106.642 E22.73359
G1 X111.197 Y106.526 E22.7376
G1 X111.094 Y106.071 E22.75035
G1 X111.138 Y105.468 E22.76686
G1 X111.191 Y105.299 E22.7717
G1 X111.299 Y105.142 E22.7769
G1 X111.192 Y104.986 E22.78207
G1 X111.096 Y104.632 E22.79209
G1 X111.137 Y103.974 E22.8101
G1 X111.209 Y103.768 E22.81606
G1 X111.298 Y103.645 E22.82021
G1 X111.189 Y103.479 E22.82563
G1 X111.096 Y103.131 E22.83547
G1 X111.131 Y102.557 E22.85118
G1 X111.198 Y102.282 E22.85891
G1 X111.308 Y102.118 E22.8643
G1 X111.199 Y101.953 E22.86971
G1 X111.142 Y101.752 E22.87541
G1 X111.158 Y101.218 E22.89001
G1 X111.337 Y100.83 E22.90168
G1 X111.865 Y100.436 E22.91967
G1 X112.165 Y100.35 E22.9282
G1 X118.465 Y100.349 E23.10029
G1 X118.465 Y99.701 E23.11799
G1 X101.535 Y99.701 E23.58044
G1 X101.535 Y100.349 E23.59814
G1 X107.723 Y100.352 E23.76717
G1 X108.242 Y100.478 E23.78176
G1 X108.643 Y100.809 E23.79597
M205 X5 Y5
G0 F7500 X108.551 Y100.881
G0 X105.052 Y100.37
G0 X101.491 Y100.393
G0 X101.419 Y99.84
G0 X101.665 Y99.84
M205 X8 Y8
G1 F1500 X118.335 Y99.84 E24.25132
M205 X5 Y5
G0 F7500 X118.335 Y100.1
M205 X8 Y8
G1 F1500 X101.665 Y100.1 E24.70667
M205 X5 Y5
G0 F7500 X101.419 Y100.1
G0 X101.491 Y100.393
G0 X107.916 Y100.457
G0 X108.18 Y100.6
G0 X108.303 Y100.36
M205 X8 Y8
G1 F1500 X111.749 Y100.36 E24.8008
M205 X5 Y5
G0 F7500 X111.401 Y100.62
M205 X8 Y8
G1 F1500 X108.618 Y100.62 E24.87682
M205 X5 Y5
G0 F7500 X108.825 Y100.88
M205 X8 Y8
G1 F1500 X111.171 Y100.88 E24.9409
M205 X5 Y5
G0 F7500 X111.053 Y101.14
M205 X8 Y8
G1 F1500 X108.937 Y101.14 E24.9987
M205 X5 Y5
G0 F7500 X109.01 Y101.4
M205 X8 Y8
G1 F1500 X111.022 Y101.4 E25.05366
M205 X5 Y5
G0 F7500 X111.015 Y101.66
M205 X8 Y8
G1 F1500 X109.007 Y101.66 E25.10851
M205 X5 Y5
G0 F7500 X109.004 Y101.92
M205 X8 Y8
G1 F1500 X111.072 Y101.92 E25.165
M205 X5 Y5
G0 F7500 X111.11 Y102.18
M205 X8 Y8
G1 F1500 X108.955 Y102.18 E25.22387
M205 X5 Y5
G0 F7500 X108.884 Y102.44
M205 X8 Y8
G1 F1500 X111.026 Y102.44 E25.28238
M205 X5 Y5
G0 F7500 X110.992 Y102.7
M205 X8 Y8
G1 F1500 X108.969 Y102.7 E25.33764
M205 X5 Y5
G0 F7500 X109.017 Y102.96
M205 X8 Y8
G1 F1500 X110.977 Y102.96 E25.39118
M205 X5 Y5
G0 F7500 X110.986 Y103.22
M205 X8 Y8
G1 F1500 X109.01 Y103.22 E25.44515
M205 X5 Y5
G0 F7500 X109.002 Y103.48
M205 X8 Y8
G1 F1500 X111.056 Y103.48 E25.50126
M205 X5 Y5
G0 F7500 X111.098 Y103.74
M205 X8 Y8
G1 F1500 X108.939 Y103.74 E25.56023
M205 X5 Y5
G0 F7500 X108.904 Y104
M205 X8 Y8
G1 F1500 X111.005 Y104 E25.61762
M205 X5 Y5
G0 F7500 X110.99 Y104.26
M205 X8 Y8
G1 F1500 X108.988 Y104.26 E25.67231
M205 X5 Y5
G0 F7500 X109.016 Y104.52
M205 X8 Y8
G1 F1500 X110.974 Y104.52 E25.72579
M205 X5 Y5
G0 F7500 X111.002 Y104.78
M205 X8 Y8
G1 F1500 X109.008 Y104.78 E25.78026
M205 X5 Y5
G0 F7500 X108.996 Y105.04
M205 X8 Y8
G1 F1500 X111.077 Y105.04 E25.83711
M205 X5 Y5
G0 F7500 X111.071 Y105.3
M205 X8 Y8
G1 F1500 X108.925 Y105.3 E25.89572
M205 X5 Y5
G0 F7500 X108.952 Y105.56
M205 X8 Y8
G1 F1500 X111.001 Y105.56 E25.95169
M205 X5 Y5
G0 F7500 X110.983 Y105.82
M205 X8 Y8
G1 F1500 X109.004 Y105.82 E26.00575
M205 X5 Y5
G0 F7500 X109.031 Y106.08
M205 X8 Y8
G1 F1500 X110.965 Y106.08 E26.05858
M205 X5 Y5
G0 F7500 X111.021 Y106.34
M205 X8 Y8
G1 F1500 X109.01 Y106.34 E26.11351
M205 X5 Y5
G0 F7500 X108.988 Y106.6
M205 X8 Y8
G1 F1500 X111.092 Y106.6 E26.17099
M205 X5 Y5
G0 F7500 X111.051 Y106.86
M205 X8 Y8
G1 F1500 X108.887 Y106.86 E26.2301
M205 X5 Y5
G0 F7500 X108.933 Y107.12
M205 X8 Y8
G1 F1500 X110.978 Y107.12 E26.28596
M205 X5 Y5
G0 F7500 X110.984 Y107.38
M205 X8 Y8
G1 F1500 X109.003 Y107.38 E26.34007
M205 X5 Y5
G0 F7500 X109.014 Y107.64
M205 X8 Y8
G1 F1500 X110.999 Y107.64 E26.39429
M205 X5 Y5
G0 F7500 X111.053 Y107.9
M205 X8 Y8
G1 F1500 X109.024 Y107.9 E26.44971
M205 X5 Y5
G0 F7500 X108.961 Y108.16
M205 X8 Y8
G1 F1500 X111.117 Y108.16 E26.50861
M205 X5 Y5
G0 F7500 X111.026 Y108.42
M205 X8 Y8
G1 F1500 X108.872 Y108.42 E26.56745
M205 X5 Y5
G0 F7500 X108.962 Y108.68
M205 X8 Y8
G1 F1500 X110.977 Y108.68 E26.62249
M205 X5 Y5
G0 F7500 X110.988 Y108.94
M205 X8 Y8
G1 F1500 X109.003 Y108.94 E26.67671
M205 X5 Y5
G0 F7500 X109.018 Y109.2
M205 X8 Y8
G1 F1500 X110.999 Y109.2 E26.73082
M205 X5 Y5
G0 F7500 X111.082 Y109.46
M205 X8 Y8
G1 F1500 X109.016 Y109.46 E26.78726
M205 X5 Y5
G0 F7500 X108.951 Y109.72
M205 X8 Y8
G1 F1500 X111.11 Y109.72 E26.84623
M205 X5 Y5
G0 F7500 X111.014 Y109.98
M205 X8 Y8
G1 F1500 X108.883 Y109.98 E26.90444
M205 X5 Y5
G0 F7500 X108.976 Y110.24
M205 X8 Y8
G1 F1500 X111.001 Y110.24 E26.95975
M205 X5 Y5
G0 F7500 X110.988 Y110.5
M205 X8 Y8
G1 F1500 X109.019 Y110.5 E27.01354
M205 X5 Y5
G0 F7500 X108.996 Y110.76
M205 X8 Y8
G1 F1500 X111.027 Y110.76 E27.06902
M205 X5 Y5
G0 F7500 X111.125 Y111.02
M205 X8 Y8
G1 F1500 X108.973 Y111.02 E27.1278
M205 X5 Y5
G0 F7500 X108.89 Y111.28
M205 X8 Y8
G1 F1500 X111.054 Y111.28 E27.18691
M205 X5 Y5
G0 F7500 X110.991 Y111.54
M205 X8 Y8
G1 F1500 X108.909 Y111.54 E27.24378
M205 X5 Y5
G0 F7500 X108.982 Y111.8
M205 X8 Y8
G1 F1500 X110.991 Y111.8 E27.29866
M205 X5 Y5
G0 F7500 X110.992 Y112.06
M205 X8 Y8
G1 F1500 X109.012 Y112.06 E27.35275
M205 X5 Y5
G0 F7500 X109.006 Y112.32
M205 X8 Y8
G1 F1500 X111.026 Y112.32 E27.40792
M205 X5 Y5
G0 F7500 X111.143 Y112.58
M205 X8 Y8
G1 F1500 X108.99 Y112.58 E27.46673
M205 X5 Y5
G0 F7500 X108.897 Y112.84
M205 X8 Y8
G1 F1500 X111.026 Y112.84 E27.52489
M205 X5 Y5
G0 F7500 X110.996 Y113.1
M205 X8 Y8
G1 F1500 X108.944 Y113.1 E27.58094
M205 X5 Y5
G0 F7500 X109.011 Y113.36
M205 X8 Y8
G1 F1500 X110.981 Y113.36 E27.63475
M205 X5 Y5
G0 F7500 X110.973 Y113.62
M205 X8 Y8
G1 F1500 X109.012 Y113.62 E27.68832
M205 X5 Y5
G0 F7500 X109.004 Y113.88
M205 X8 Y8
G1 F1500 X111.043 Y113.88 E27.74402
M205 X5 Y5
G0 F7500 X111.117 Y114.14
M205 X8 Y8
G1 F1500 X108.96 Y114.14 E27.80294
M205 X5 Y5
G0 F7500 X108.887 Y114.4
M205 X8 Y8
G1 F1500 X111.009 Y114.4 E27.8609
M205 X5 Y5
G0 F7500 X110.99 Y114.66
M205 X8 Y8
G1 F1500 X108.982 Y114.66 E27.91575
M205 X5 Y5
G0 F7500 X109.034 Y114.92
M205 X8 Y8
G1 F1500 X110.972 Y114.92 E27.96869
M205 X5 Y5
G0 F7500 X110.997 Y115.18
M205 X8 Y8
G1 F1500 X109.019 Y115.18 E28.02272
M205 X5 Y5
G0 F7500 X108.997 Y115.44
M205 X8 Y8
G1 F1500 X111.054 Y115.44 E28.07891
M205 X5 Y5
G0 F7500 X111.081 Y115.7
M205 X8 Y8
G1 F1500 X108.938 Y115.7 E28.13744
M205 X5 Y5
G0 F7500 X108.887 Y115.96
M205 X8 Y8
G1 F1500 X111.009 Y115.96 E28.19541
M205 X5 Y5
G0 F7500 X110.977 Y116.22
M205 X8 Y8
G1 F1500 X108.996 Y116.22 E28.24952
M205 X5 Y5
G0 F7500 X109.009 Y116.48
M205 X8 Y8
G1 F1500 X110.992 Y116.48 E28.30369
M205 X5 Y5
G0 F7500 X111.007 Y116.74
M205 X8 Y8
G1 F1500 X109.02 Y116.74 E28.35796
M205 X5 Y5
G0 F7500 X108.992 Y117
M205 X8 Y8
G1 F1500 X111.118 Y117 E28.41604
M205 X5 Y5
G0 F7500 X111.055 Y117.26
M205 X8 Y8
G1 F1500 X108.919 Y117.26 E28.47438
M205 X5 Y5
G0 F7500 X108.914 Y117.52
M205 X8 Y8
G1 F1500 X110.987 Y117.52 E28.53101
M205 X5 Y5
G0 F7500 X110.983 Y117.78
M205 X8 Y8
G1 F1500 X108.998 Y117.78 E28.58523
M205 X5 Y5
G0 F7500 X109.01 Y118.04
M205 X8 Y8
G1 F1500 X110.994 Y118.04 E28.63942
M205 X5 Y5
G0 F7500 X111.032 Y118.3
M205 X8 Y8
G1 F1500 X109.022 Y118.3 E28.69433
M205 X5 Y5
G0 F7500 X108.976 Y118.56
M205 X8 Y8
G1 F1500 X111.137 Y118.56 E28.75336
M205 X5 Y5
G0 F7500 X111.042 Y118.82
M205 X8 Y8
G1 F1500 X108.89 Y118.82 E28.81214
M205 X5 Y5
G0 F7500 X108.946 Y119.08
M205 X8 Y8
G1 F1500 X110.972 Y119.08 E28.86748
M205 X5 Y5
G0 F7500 X110.985 Y119.34
M205 X8 Y8
G1 F1500 X109.008 Y119.34 E28.92149
M205 X5 Y5
G0 F7500 X109.015 Y119.6
M205 X8 Y8
G1 F1500 X111.003 Y119.6 E28.97579
M205 X5 Y5
G0 F7500 X111.062 Y119.86
M205 X8 Y8
G1 F1500 X109.022 Y119.86 E29.03151
M205 X5 Y5
G0 F7500 X108.937 Y120.12
M104 S210
M205 X8 Y8
G1 F1500 X111.115 Y120.12 E29.09101
M205 X5 Y5
;MESH:NONMESH
G0 F600 X111.115 Y120.12 Z0.4
G0 F7500 X111.332 Y120.199
G0 X108.686 Y120.338
G0 X108.824 Y119.34
G0 X108.682 Y118.837
G0 X108.821 Y117.888
G0 X108.659 Y117.383
G0 X108.833 Y116.642
G0 X108.658 Y115.88
G0 X108.819 Y114.765
G0 X108.642 Y114.36
G0 X108.831 Y113.403
G0 X108.649 Y112.87
G0 X108.827 Y112.007
G0 X108.655 Y111.358
G0 X108.826 Y110.461
G0 X108.654 Y109.927
G0 X108.833 Y109.192
G0 X108.659 Y108.433
G0 X108.833 Y107.692
G0 X108.658 Y106.93
G0 X108.819 Y105.815
G0 X108.642 Y105.41
G0 X108.825 Y105.091
G0 X108.785 Y104.418
G0 X108.623 Y103.869
G0 X108.767 Y103.464
G0 X108.785 Y102.917
G0 X108.635 Y102.411
G0 X108.769 Y101.946
G0 X108.777 Y101.403
G0 X108.607 Y100.866
G0 X108.059 Y100.462
G0 X107.82 Y100.924
;TIME_ELAPSED:46.565362
;LAYER:1
M140 S50
M106 S85
M205 X14 Y14
;TYPE:WALL-INNER
;MESH:belt_holder_screw.stl
G1 F2700 X108.057 Y101.17 E29.0991
G1 X108.144 Y101.423 E29.10544
G1 X108.172 Y101.872 E29.1161
G1 X108.138 Y102.056 E29.12054
G1 X108.028 Y102.264 E29.12611
G1 X107.792 Y102.448 E29.13321
G1 X108.023 Y102.636 E29.14026
G1 X108.099 Y102.774 E29.144
G1 X108.153 Y103.02 E29.14997
G1 X108.146 Y103.414 E29.1593
G1 X108.015 Y103.752 E29.16789
G1 X107.784 Y103.935 E29.17488
G1 X108.016 Y104.118 E29.18188
G1 X108.156 Y104.469 E29.19084
G1 X108.147 Y104.905 E29.20117
G1 X108.015 Y105.254 E29.21001
G1 X107.786 Y105.436 E29.21695
G1 X108.017 Y105.618 E29.22391
G1 X108.157 Y105.919 E29.23178
G1 X108.143 Y106.416 E29.24356
G1 X108.012 Y106.754 E29.25215
G1 X107.782 Y106.937 E29.25912
G1 X108.013 Y107.12 E29.2661
G1 X108.092 Y107.257 E29.26985
G1 X108.15 Y107.527 E29.2764
G1 X108.144 Y107.913 E29.28554
G1 X108.012 Y108.254 E29.29421
G1 X107.782 Y108.437 E29.30117
G1 X108.013 Y108.62 E29.30816
G1 X108.092 Y108.757 E29.31191
G1 X108.15 Y109.027 E29.31845
G1 X108.143 Y109.413 E29.3276
G1 X108.014 Y109.752 E29.33619
G1 X107.784 Y109.935 E29.34316
G1 X108.016 Y110.115 E29.35012
G1 X108.156 Y110.466 E29.35907
G1 X108.144 Y110.878 E29.36884
G1 X108.008 Y111.22 E29.37756
G1 X107.761 Y111.411 E29.38496
G1 X108.009 Y111.601 E29.39237
G1 X108.091 Y111.739 E29.39617
G1 X108.153 Y112.002 E29.40257
G1 X108.146 Y112.362 E29.41111
G1 X108.015 Y112.702 E29.41974
G1 X107.784 Y112.885 E29.42672
G1 X108.016 Y113.068 E29.43373
G1 X108.156 Y113.419 E29.44268
G1 X108.147 Y113.855 E29.45302
G1 X108.015 Y114.204 E29.46186
G1 X107.786 Y114.386 E29.46879
G1 X108.017 Y114.568 E29.47576
G1 X108.157 Y114.869 E29.48363
G1 X108.143 Y115.366 E29.49541
G1 X108.012 Y115.704 E29.504
G1 X107.782 Y115.887 E29.51097
G1 X108.013 Y116.07 E29.51795
G1 X108.092 Y116.207 E29.5217
G1 X108.15 Y116.477 E29.52824
G1 X108.144 Y116.863 E29.53739
G1 X108.012 Y117.204 E29.54606
G1 X107.782 Y117.387 E29.55302
G1 X108.013 Y117.57 E29.56
G1 X108.092 Y117.707 E29.56375
G1 X108.15 Y117.977 E29.5703
G1 X108.143 Y118.363 E29.57945
G1 X108.014 Y118.701 E29.58802
G1 X107.784 Y118.885 E29.595
G1 X108.017 Y119.064 E29.60196
G1 X108.164 Y119.373 E29.61007
G1 X108.146 Y119.815 E29.62055
G1 X108.042 Y120.156 E29.629
G1 X107.943 Y120.282 E29.6328
G1 X107.803 Y120.377 E29.63681
G1 X107.948 Y120.466 E29.64084
G1 X108.053 Y120.589 E29.64467
G1 X108.1 Y120.765 E29.64899
G1 X111.826 Y120.765 E29.73729
G1 X111.914 Y120.359 E29.74713
G1 X111.997 Y120.224 E29.75089
G1 X112.213 Y120.06 E29.75732
G1 X111.998 Y119.896 E29.76372
G1 X111.916 Y119.759 E29.76751
G1 X111.85 Y119.451 E29.77497
G1 X111.857 Y119.082 E29.78372
G1 X111.988 Y118.746 E29.79226
G1 X112.22 Y118.563 E29.79927
G1 X111.987 Y118.38 E29.80629
G1 X111.849 Y118.027 E29.81527
G1 X111.856 Y117.587 E29.8257
G1 X111.987 Y117.246 E29.83435
G1 X112.218 Y117.063 E29.84134
G1 X111.986 Y116.88 E29.84834
G1 X111.849 Y116.527 E29.85731
G1 X111.856 Y116.087 E29.86774
G1 X111.986 Y115.747 E29.87637
G1 X112.216 Y115.564 E29.88333
G1 X111.984 Y115.382 E29.89032
G1 X111.852 Y115.067 E29.89842
G1 X111.832 Y114.621 E29.909
G1 X111.867 Y114.449 E29.91316
G1 X111.975 Y114.239 E29.91875
G1 X112.207 Y114.059 E29.92571
G1 X111.979 Y113.874 E29.93267
G1 X111.901 Y113.737 E29.9364
G1 X111.846 Y113.476 E29.94272
G1 X111.854 Y113.087 E29.95195
G1 X111.986 Y112.746 E29.96061
G1 X112.216 Y112.563 E29.96758
G1 X111.985 Y112.38 E29.97456
G1 X111.906 Y112.244 E29.97829
G1 X111.849 Y111.989 E29.98448
G1 X111.856 Y111.628 E29.99304
G1 X111.993 Y111.287 E30.00174
G1 X112.243 Y111.092 E30.00926
G1 X111.992 Y110.896 E30.0168
G1 X111.911 Y110.759 E30.02058
G1 X111.85 Y110.508 E30.0267
G1 X111.857 Y110.134 E30.03556
G1 X111.988 Y109.796 E30.04415
G1 X112.22 Y109.613 E30.05115
G1 X111.987 Y109.43 E30.05818
G1 X111.849 Y109.077 E30.06716
G1 X111.856 Y108.637 E30.07759
G1 X111.987 Y108.296 E30.08624
G1 X112.218 Y108.113 E30.09323
G1 X111.986 Y107.93 E30.10023
G1 X111.849 Y107.577 E30.1092
G1 X111.856 Y107.137 E30.11963
G1 X111.986 Y106.797 E30.12826
G1 X112.216 Y106.614 E30.13522
G1 X111.984 Y106.432 E30.14221
G1 X111.852 Y106.117 E30.1503
G1 X111.832 Y105.671 E30.16088
G1 X111.867 Y105.499 E30.16504
G1 X111.975 Y105.289 E30.17064
G1 X112.207 Y105.109 E30.1776
G1 X111.979 Y104.924 E30.18456
G1 X111.901 Y104.787 E30.18829
G1 X111.846 Y104.526 E30.19461
G1 X111.854 Y104.137 E30.20383
G1 X111.985 Y103.797 E30.21247
G1 X112.215 Y103.614 E30.21943
G1 X111.983 Y103.432 E30.22642
G1 X111.845 Y103.082 E30.23534
G1 X111.855 Y102.65 E30.24558
G1 X111.924 Y102.401 E30.2517
G1 X112.002 Y102.276 E30.25519
G1 X112.226 Y102.105 E30.26187
G1 X112.025 Y101.908 E30.26854
G1 X111.926 Y101.576 E30.27675
G1 X111.938 Y101.408 E30.28074
G1 X112.03 Y101.158 E30.28705
G1 X112.267 Y100.919 E30.29503
G1 X112.542 Y100.815 E30.302
G1 X119.131 Y100.815 E30.45814
G1 X119.131 Y99.235 E30.49559
G1 X100.869 Y99.235 E30.92836
G1 X100.869 Y100.815 E30.9658
G1 X107.441 Y100.815 E31.12154
G1 X107.82 Y100.924 E31.13089
M205 X12.5 Y12.5
G1 F1800 E29.13089
G0 F8250 X107.539 Y100.645
G0 X101.091 Y100.593
G0 X101.091 Y99.457
G0 X118.909 Y99.457
G0 X118.909 Y100.593
G0 X112.432 Y100.646
G1 F900 E31.13089
G0 F8250 X112.414 Y101.158
M205 X14 Y14
;TYPE:WALL-OUTER
G1 F2250 X112.58 Y101.095 E31.13476
G1 X119.411 Y101.095 E31.28369
G1 X119.411 Y98.955 E31.33034
G1 X100.589 Y98.955 E31.7407
G1 X100.589 Y101.095 E31.78736
G1 X107.441 Y101.095 E31.93674
G1 X107.671 Y101.161 E31.94196
G1 X107.814 Y101.31 E31.94646
G1 X107.867 Y101.463 E31.94999
G1 X107.897 Y101.871 E31.95891
G1 X107.805 Y102.095 E31.96419
G1 X107.627 Y102.234 E31.96912
G1 X107.074 Y102.46 E31.98214
G1 X107.62 Y102.655 E31.99478
G1 X107.794 Y102.798 E31.99969
G1 X107.874 Y103.053 E32.00552
G1 X107.868 Y103.383 E32.01271
G1 X107.788 Y103.588 E32.01751
G1 X107.609 Y103.731 E32.02251
G1 X107.074 Y103.959 E32.03519
G1 X107.611 Y104.142 E32.04755
G1 X107.79 Y104.284 E32.05254
G1 X107.875 Y104.467 E32.05693
G1 X107.868 Y104.878 E32.0659
G1 X107.789 Y105.089 E32.07081
G1 X107.61 Y105.232 E32.0758
G1 X107.075 Y105.46 E32.08848
G1 X107.611 Y105.642 E32.10082
G1 X107.791 Y105.784 E32.10582
G1 X107.873 Y105.999 E32.11084
G1 X107.865 Y106.385 E32.11926
G1 X107.785 Y106.589 E32.12403
G1 X107.606 Y106.733 E32.12904
G1 X107.072 Y106.96 E32.14169
G1 X107.607 Y107.143 E32.15402
G1 X107.787 Y107.286 E32.15903
G1 X107.871 Y107.466 E32.16336
G1 X107.865 Y107.883 E32.17246
G1 X107.785 Y108.089 E32.17727
G1 X107.606 Y108.233 E32.18228
G1 X107.072 Y108.46 E32.19493
G1 X107.607 Y108.643 E32.20726
G1 X107.787 Y108.786 E32.21227
G1 X107.871 Y108.966 E32.2166
G1 X107.865 Y109.383 E32.2257
G1 X107.786 Y109.588 E32.23049
G1 X107.606 Y109.733 E32.23552
G1 X107.074 Y109.958 E32.24812
G1 X107.609 Y110.14 E32.26044
G1 X107.791 Y110.282 E32.26547
G1 X107.877 Y110.451 E32.26961
G1 X107.866 Y110.846 E32.27822
G1 X107.783 Y111.053 E32.28308
G1 X107.602 Y111.194 E32.28809
G1 X107.014 Y111.438 E32.30196
G1 X107.604 Y111.631 E32.3155
G1 X107.786 Y111.77 E32.32049
G1 X107.876 Y111.958 E32.32504
G1 X107.868 Y112.332 E32.33319
G1 X107.788 Y112.538 E32.33801
G1 X107.609 Y112.681 E32.343
G1 X107.074 Y112.909 E32.35568
G1 X107.611 Y113.092 E32.36805
G1 X107.79 Y113.234 E32.37303
G1 X107.875 Y113.417 E32.37743
G1 X107.868 Y113.828 E32.3864
G1 X107.789 Y114.039 E32.39131
G1 X107.61 Y114.182 E32.3963
G1 X107.075 Y114.41 E32.40898
G1 X107.611 Y114.592 E32.42132
G1 X107.791 Y114.734 E32.42632
G1 X107.873 Y114.949 E32.43134
G1 X107.865 Y115.335 E32.43976
G1 X107.785 Y115.539 E32.44453
G1 X107.606 Y115.683 E32.44954
G1 X107.072 Y115.91 E32.46219
G1 X107.607 Y116.093 E32.47452
G1 X107.787 Y116.236 E32.47953
G1 X107.871 Y116.416 E32.48386
G1 X107.865 Y116.833 E32.49295
G1 X107.785 Y117.039 E32.49777
G1 X107.606 Y117.183 E32.50278
G1 X107.072 Y117.41 E32.51543
G1 X107.607 Y117.593 E32.52776
G1 X107.787 Y117.736 E32.53277
G1 X107.871 Y117.916 E32.5371
G1 X107.865 Y118.333 E32.54619
G1 X107.786 Y118.537 E32.55096
G1 X107.606 Y118.683 E32.55602
G1 X107.074 Y118.908 E32.56861
G1 X107.61 Y119.091 E32.58096
G1 X107.793 Y119.232 E32.586
G1 X107.882 Y119.42 E32.59053
G1 X107.866 Y119.804 E32.59891
G1 X107.803 Y120.01 E32.60361
G1 X107.603 Y120.183 E32.60937
G1 X107.079 Y120.41 E32.62182
G1 X107.613 Y120.583 E32.63406
G1 X107.821 Y120.746 E32.63982
G1 X107.901 Y121.045 E32.64657
G1 X112.131 Y121.044 E32.73879
G1 X112.126 Y120.67 E32.74695
G1 X112.217 Y120.397 E32.75322
G1 X112.388 Y120.268 E32.75789
G1 X112.93 Y120.04 E32.77071
G1 X112.389 Y119.855 E32.78317
G1 X112.22 Y119.724 E32.78784
G1 X112.13 Y119.454 E32.79404
G1 X112.135 Y119.114 E32.80146
G1 X112.215 Y118.91 E32.80623
G1 X112.394 Y118.768 E32.81121
G1 X112.927 Y118.54 E32.82385
G1 X112.393 Y118.356 E32.83617
G1 X112.213 Y118.214 E32.84117
G1 X112.129 Y118.034 E32.8455
G1 X112.134 Y117.617 E32.85459
G1 X112.214 Y117.41 E32.85943
G1 X112.393 Y117.268 E32.86441
G1 X112.925 Y117.041 E32.87702
G1 X112.392 Y116.856 E32.88932
G1 X112.212 Y116.714 E32.89432
G1 X112.129 Y116.534 E32.89864
G1 X112.134 Y116.117 E32.90773
G1 X112.213 Y115.911 E32.91254
G1 X112.392 Y115.768 E32.91754
G1 X112.927 Y115.54 E32.93022
G1 X112.39 Y115.358 E32.94258
G1 X112.209 Y115.216 E32.94759
G1 X112.129 Y115.025 E32.95211
G1 X112.117 Y114.617 E32.96101
G1 X112.2 Y114.407 E32.96593
G1 X112.381 Y114.266 E32.97093
G1 X112.924 Y114.042 E32.98374
G1 X112.384 Y113.856 E32.99619
G1 X112.206 Y113.711 E33.0012
G1 X112.13 Y113.525 E33.00558
G1 X112.132 Y113.118 E33.01445
G1 X112.212 Y112.911 E33.01929
G1 X112.391 Y112.769 E33.02427
G1 X112.925 Y112.541 E33.03693
G1 X112.39 Y112.357 E33.04926
G1 X112.211 Y112.215 E33.05424
G1 X112.128 Y112.05 E33.05827
G1 X112.134 Y111.661 E33.06675
G1 X112.217 Y111.455 E33.0716
G1 X112.393 Y111.316 E33.07648
G1 X112.989 Y111.065 E33.09058
G1 X112.393 Y110.865 E33.10429
G1 X112.216 Y110.727 E33.10918
G1 X112.13 Y110.492 E33.11464
G1 X112.135 Y110.165 E33.12177
G1 X112.215 Y109.96 E33.12657
G1 X112.394 Y109.818 E33.13155
G1 X112.927 Y109.59 E33.14419
G1 X112.393 Y109.406 E33.1565
G1 X112.213 Y109.264 E33.1615
G1 X112.129 Y109.084 E33.16583
G1 X112.134 Y108.667 E33.17492
G1 X112.214 Y108.46 E33.17976
G1 X112.393 Y108.318 E33.18474
G1 X112.925 Y108.091 E33.19735
G1 X112.392 Y107.906 E33.20965
G1 X112.212 Y107.764 E33.21465
G1 X112.129 Y107.584 E33.21897
G1 X112.134 Y107.167 E33.22807
G1 X112.213 Y106.961 E33.23288
G1 X112.392 Y106.818 E33.23787
G1 X112.927 Y106.59 E33.25055
G1 X112.39 Y106.408 E33.26291
G1 X112.209 Y106.266 E33.26793
G1 X112.129 Y106.075 E33.27244
G1 X112.117 Y105.667 E33.28134
G1 X112.2 Y105.457 E33.28626
G1 X112.381 Y105.316 E33.29127
G1 X112.924 Y105.092 E33.30407
G1 X112.384 Y104.906 E33.31652
G1 X112.206 Y104.761 E33.32153
G1 X112.13 Y104.575 E33.32591
G1 X112.132 Y104.168 E33.33478
G1 X112.211 Y103.962 E33.33959
G1 X112.391 Y103.819 E33.34461
G1 X112.926 Y103.591 E33.35729
G1 X112.389 Y103.407 E33.36966
G1 X112.209 Y103.266 E33.37465
G1 X112.126 Y103.021 E33.38029
G1 X112.134 Y102.675 E33.38783
G1 X112.223 Y102.449 E33.39313
G1 X112.394 Y102.318 E33.39782
G1 X112.921 Y102.093 E33.41032
G1 X112.433 Y101.929 E33.42154
G1 X112.266 Y101.764 E33.42666
G1 X112.216 Y101.64 E33.42957
G1 X112.214 Y101.454 E33.43363
G1 X112.27 Y101.302 E33.43716
G1 X112.414 Y101.158 E33.4416
M205 X12.5 Y12.5
G0 F8250 X112.58 Y101.095
G0 X112.603 Y101.095
G0 X112.607 Y100.668
G0 X112.187 Y101.065
G0 X111.712 Y104.905
G0 X111.855 Y120.059
G0 X111.656 Y120.546
G0 X108.398 Y120.615
G0 X108.291 Y120.499
M205 X14 Y14
;TYPE:SKIN
G1 F2100 X111.618 Y120.499 E33.4826
G1 X111.677 Y120.242 E33.48585
G1 X111.794 Y120.059 E33.48853
G1 X111.679 Y119.877 E33.49118
G1 X111.587 Y119.465 E33.49638
G1 X111.591 Y119.058 E33.5014
G1 X111.663 Y118.783 E33.5049
G1 X111.794 Y118.578 E33.5079
G1 X111.626 Y118.249 E33.51245
G1 X111.585 Y117.993 E33.51564
G1 X111.592 Y117.55 E33.5211
G1 X111.662 Y117.281 E33.52453
G1 X111.793 Y117.078 E33.52751
G1 X111.627 Y116.758 E33.53195
G1 X111.585 Y116.492 E33.53527
G1 X111.592 Y116.049 E33.54073
G1 X111.661 Y115.786 E33.54408
G1 X111.802 Y115.566 E33.5473
G1 X111.659 Y115.352 E33.55047
G1 X111.589 Y115.107 E33.55361
G1 X111.569 Y114.69 E33.55875
G1 X111.598 Y114.423 E33.56206
G1 X111.77 Y114.056 E33.56706
G1 X111.578 Y113.645 E33.57265
G1 X111.59 Y113.048 E33.58001
G1 X111.668 Y112.765 E33.58362
G1 X111.804 Y112.563 E33.58662
G1 X111.668 Y112.36 E33.58964
G1 X111.584 Y112.076 E33.59328
G1 X111.593 Y111.591 E33.59926
G1 X111.668 Y111.319 E33.60274
G1 X111.827 Y111.092 E33.60615
G1 X111.661 Y110.846 E33.60981
G1 X111.588 Y110.551 E33.61356
G1 X111.593 Y110.097 E33.61915
G1 X111.662 Y109.834 E33.6225
G1 X111.794 Y109.629 E33.62551
G1 X111.627 Y109.3 E33.63005
G1 X111.585 Y109.043 E33.63326
G1 X111.592 Y108.6 E33.63872
G1 X111.662 Y108.331 E33.64215
G1 X111.793 Y108.128 E33.64512
G1 X111.627 Y107.808 E33.64957
G1 X111.585 Y107.542 E33.65289
G1 X111.592 Y107.099 E33.65834
G1 X111.661 Y106.836 E33.6617
G1 X111.802 Y106.616 E33.66492
G1 X111.659 Y106.402 E33.66809
G1 X111.589 Y106.157 E33.67123
G1 X111.569 Y105.74 E33.67637
G1 X111.598 Y105.473 E33.67968
G1 X111.77 Y105.106 E33.68468
G1 X111.578 Y104.695 E33.69027
G1 X111.59 Y104.1 E33.6976
G1 X111.659 Y103.835 E33.70097
G1 X111.802 Y103.615 E33.70421
G1 X111.652 Y103.383 E33.70761
G1 X111.581 Y103.049 E33.71182
G1 X111.589 Y102.63 E33.71698
G1 X111.676 Y102.306 E33.72112
G1 X111.833 Y102.08 E33.72451
G1 X111.787 Y102.026 E33.72538
G1 X111.661 Y101.611 E33.73073
G1 X111.673 Y101.378 E33.7336
G1 X111.799 Y101.021 E33.73827
G1 X112.127 Y100.694 E33.74398
G1 X112.509 Y100.55 E33.74901
G1 X118.865 Y100.549 E33.82733
G1 X118.865 Y99.501 E33.84024
G1 X101.135 Y99.501 E34.05873
G1 X101.135 Y100.549 E34.07164
G1 X107.461 Y100.553 E34.1496
G1 X107.963 Y100.697 E34.15603
G1 X108.288 Y101.033 E34.16179
G1 X108.41 Y101.394 E34.16649
G1 X108.438 Y101.851 E34.17213
G1 X108.407 Y102.089 E34.17509
G1 X108.229 Y102.452 E34.18007
G1 X108.42 Y102.863 E34.18566
G1 X108.41 Y103.45 E34.19289
G1 X108.341 Y103.712 E34.19623
G1 X108.209 Y103.917 E34.19923
G1 X108.377 Y104.249 E34.20382
G1 X108.42 Y104.52 E34.2072
G1 X108.412 Y104.936 E34.21233
G1 X108.345 Y105.203 E34.21572
G1 X108.199 Y105.435 E34.2191
G1 X108.344 Y105.659 E34.22239
G1 X108.42 Y106.001 E34.2267
G1 X108.407 Y106.45 E34.23224
G1 X108.338 Y106.715 E34.23561
G1 X108.195 Y106.937 E34.23887
G1 X108.329 Y107.139 E34.24185
G1 X108.414 Y107.435 E34.24565
G1 X108.404 Y107.964 E34.25217
G1 X108.338 Y108.215 E34.25537
G1 X108.195 Y108.437 E34.25862
G1 X108.342 Y108.67 E34.26202
G1 X108.415 Y108.935 E34.2654
G1 X108.404 Y109.465 E34.27194
G1 X108.338 Y109.715 E34.27512
G1 X108.21 Y109.916 E34.27806
G1 X108.375 Y110.238 E34.28252
G1 X108.42 Y110.488 E34.28565
G1 X108.408 Y110.913 E34.29089
G1 X108.335 Y111.184 E34.29435
G1 X108.182 Y111.41 E34.29771
G1 X108.328 Y111.618 E34.30084
G1 X108.418 Y111.912 E34.30463
G1 X108.41 Y112.398 E34.31062
G1 X108.341 Y112.662 E34.31398
G1 X108.209 Y112.867 E34.31699
G1 X108.377 Y113.199 E34.32157
G1 X108.42 Y113.47 E34.32495
G1 X108.412 Y113.886 E34.33008
G1 X108.345 Y114.153 E34.33347
G1 X108.199 Y114.385 E34.33685
G1 X108.344 Y114.609 E34.34014
G1 X108.42 Y114.951 E34.34446
G1 X108.407 Y115.4 E34.34999
G1 X108.338 Y115.665 E34.35337
G1 X108.195 Y115.887 E34.35662
G1 X108.329 Y116.089 E34.35961
G1 X108.414 Y116.385 E34.3634
G1 X108.404 Y116.914 E34.36992
G1 X108.338 Y117.166 E34.37313
G1 X108.195 Y117.387 E34.37638
G1 X108.329 Y117.589 E34.37936
G1 X108.415 Y117.884 E34.38315
G1 X108.407 Y118.505 E34.3908
G1 X108.22 Y118.878 E34.39594
G1 X108.396 Y119.253 E34.40105
G1 X108.423 Y119.522 E34.40438
G1 X108.408 Y119.846 E34.40838
G1 X108.266 Y120.297 E34.4142
G1 X108.212 Y120.367 E34.41529
G1 X108.291 Y120.499 E34.41719
M205 X12.5 Y12.5
G0 F8250 X108.398 Y120.615
G0 X111.656 Y120.546
G0 X111.83 Y120.022
G0 X112.061 Y101.837
G0 X112.187 Y101.065
G0 X118.56 Y100.665
G0 X118.56 Y100.42
M205 X14 Y14
G1 F2100 X118.56 Y99.631 E34.42691
M205 X12.5 Y12.5
G0 F8250 X118.3 Y99.631
M205 X14 Y14
G1 F2100 X118.3 Y100.42 E34.43663
M205 X12.5 Y12.5
G0 F8250 X118.04 Y100.42
M205 X14 Y14
G1 F2100 X118.04 Y99.631 E34.44636
M205 X12.5 Y12.5
G0 F8250 X117.78 Y99.631
M205 X14 Y14
G1 F2100 X117.78 Y100.42 E34.45608
M205 X12.5 Y12.5
G0 F8250 X117.52 Y100.42
M205 X14 Y14
G1 F2100 X117.52 Y99.631 E34.4658
M205 X12.5 Y12.5
G0 F8250 X117.26 Y99.631
M205 X14 Y14
G1 F2100 X117.26 Y100.42 E34.47553
M205 X12.5 Y12.5
G0 F8250 X117 Y100.42
M205 X14 Y14
G1 F2100 X117 Y99.631 E34.48525
M205 X12.5 Y12.5
G0 F8250 X116.74 Y99.631
M205 X14 Y14
G1 F2100 X116.74 Y100.42 E34.49497
M205 X12.5 Y12.5
G0 F8250 X116.48 Y100.421
M205 X14 Y14
G1 F2100 X116.48 Y99.631 E34.50471
M205 X12.5 Y12.5
G0 F8250 X116.22 Y99.631
M205 X14 Y14
G1 F2100 X116.22 Y100.421 E34.51444
M205 X12.5 Y12.5
G0 F8250 X115.96 Y100.421
M205 X14 Y14
G1 F2100 X115.96 Y99.631 E34.52418
M205 X12.5 Y12.5
G0 F8250 X115.7 Y99.631
M205 X14 Y14
G1 F2100 X115.7 Y100.421 E34.53391
M205 X12.5 Y12.5
G0 F8250 X115.44 Y100.421
M205 X14 Y14
G1 F2100 X115.44 Y99.631 E34.54365
M205 X12.5 Y12.5
G0 F8250 X115.18 Y99.631
M205 X14 Y14
G1 F2100 X115.18 Y100.421 E34.55338
M205 X12.5 Y12.5
G0 F8250 X114.92 Y100.421
M205 X14 Y14
G1 F2100 X114.92 Y99.631 E34.56312
M205 X12.5 Y12.5
G0 F8250 X114.66 Y99.631
M205 X14 Y14
G1 F2100 X114.66 Y100.421 E34.57285
M205 X12.5 Y12.5
G0 F8250 X114.4 Y100.422
M205 X14 Y14
G1 F2100 X114.4 Y99.631 E34.5826
M205 X12.5 Y12.5
G0 F8250 X114.14 Y99.631
M205 X14 Y14
G1 F2100 X114.14 Y100.422 E34.59235
M205 X12.5 Y12.5
G0 F8250 X113.88 Y100.422
M205 X14 Y14
G1 F2100 X113.88 Y99.631 E34.60209
M205 X12.5 Y12.5
G0 F8250 X113.62 Y99.631
M205 X14 Y14
G1 F2100 X113.62 Y100.422 E34.61184
M205 X12.5 Y12.5
G0 F8250 X113.36 Y100.422
M205 X14 Y14
G1 F2100 X113.36 Y99.631 E34.62159
M205 X12.5 Y12.5
G0 F8250 X113.1 Y99.631
M205 X14 Y14
G1 F2100 X113.1 Y100.422 E34.63134
M205 X12.5 Y12.5
G0 F8250 X112.84 Y100.422
M205 X14 Y14
G1 F2100 X112.84 Y99.631 E34.64108
M205 X12.5 Y12.5
G0 F8250 X112.58 Y99.631
M205 X14 Y14
G1 F2100 X112.58 Y100.422 E34.65083
M205 X12.5 Y12.5
G0 F8250 X112.32 Y100.484
M205 X14 Y14
G1 F2100 X112.32 Y99.631 E34.66134
M205 X12.5 Y12.5
G0 F8250 X112.06 Y99.631
M205 X14 Y14
G1 F2100 X112.06 Y100.58 E34.67304
M205 X12.5 Y12.5
G0 F8250 X111.8 Y100.837
M205 X14 Y14
G1 F2100 X111.8 Y99.631 E34.6879
M205 X12.5 Y12.5
G0 F8250 X111.54 Y99.631
M205 X14 Y14
G1 F2100 X111.54 Y101.431 E34.71008
M205 X12.5 Y12.5
G0 F8250 X111.781 Y101.453
G0 X111.897 Y102.084
G0 X111.666 Y104.527
G0 X111.759 Y106.332
G0 X111.54 Y106.453
M205 X14 Y14
G1 F2100 X111.54 Y106.789 E34.71422
M205 X12.5 Y12.5
G0 F8250 X111.761 Y106.901
G0 X111.868 Y106.616
G0 X111.671 Y104.183
G0 X111.752 Y102.424
G0 X111.54 Y102.312
M205 X14 Y14
G1 F2100 X111.54 Y101.661 E34.72224
M205 X12.5 Y12.5
G0 F8250 X111.78 Y101.611
G0 X111.897 Y102.084
G0 X111.871 Y118.563
G0 X111.727 Y119.568
G0 X111.54 Y119.868
M205 X14 Y14
G1 F2100 X111.54 Y120.301 E34.72758
M205 X12.5 Y12.5
G0 F8250 X111.763 Y120.372
G0 X111.83 Y120.022
G0 X111.891 Y111.092
G0 X111.762 Y109.901
G0 X111.54 Y109.789
M205 X14 Y14
G1 F2100 X111.54 Y109.415 E34.73219
M205 X12.5 Y12.5
G0 F8250 X111.753 Y109.304
G0 X111.871 Y109.613
G0 X111.87 Y117.063
G0 X111.754 Y118.255
G0 X111.54 Y118.366
M205 X14 Y14
G1 F2100 X111.54 Y118.742 E34.73682
M205 X12.5 Y12.5
G0 F8250 X111.761 Y118.853
G0 X111.871 Y118.563
G0 X111.859 Y105.104
G0 X111.759 Y103.902
G0 X111.54 Y103.786
M205 X14 Y14
G1 F2100 X111.54 Y103.451 E34.74095
M205 X12.5 Y12.5
G0 F8250 X111.754 Y103.32
G0 X111.867 Y103.615
G0 X111.869 Y112.563
G0 X111.752 Y113.765
G0 X111.54 Y113.873
M205 X14 Y14
G1 F2100 X111.54 Y114.238 E34.74545
M205 X12.5 Y12.5
G0 F8250 X111.74 Y114.36
G0 X111.843 Y115.336
G0 X111.755 Y116.762
G0 X111.54 Y116.871
M205 X14 Y14
G1 F2100 X111.54 Y117.238 E34.74997
M205 X12.5 Y12.5
G0 F8250 X111.762 Y117.347
G0 X111.87 Y117.063
G0 X111.871 Y109.613
G0 X111.762 Y108.397
G0 X111.54 Y108.288
M205 X14 Y14
G1 F2100 X111.54 Y107.921 E34.75449
M205 X12.5 Y12.5
G0 F8250 X111.755 Y107.812
G0 X111.87 Y108.113
G0 X111.888 Y110.794
G0 X111.759 Y112.275
G0 X111.54 Y112.393
M205 X14 Y14
G1 F2100 X111.54 Y112.735 E34.7587
M205 X12.5 Y12.5
G0 F8250 X111.761 Y112.846
G0 X111.76 Y111.406
G0 X111.54 Y111.296
M205 X14 Y14
G1 F2100 X111.54 Y110.892 E34.76368
M205 X12.5 Y12.5
G0 F8250 X111.759 Y110.776
G0 X111.871 Y109.613
G0 X111.869 Y106.916
G0 X111.74 Y105.41
G0 X111.54 Y105.288
M205 X14 Y14
G1 F2100 X111.54 Y104.923 E34.76818
M205 X12.5 Y12.5
G0 F8250 X111.752 Y104.815
G0 X111.859 Y105.104
G0 X111.859 Y114.054
G0 X111.759 Y115.282
G0 X111.54 Y115.403
M205 X14 Y14
G1 F2100 X111.54 Y115.739 E34.77232
M205 X12.5 Y12.5
G0 F8250 X111.761 Y115.851
G0 X111.87 Y117.063
G0 X111.83 Y120.096
G0 X111.656 Y120.546
G0 X111.279 Y120.614
G0 X111.28 Y120.369
M205 X14 Y14
G1 F2100 X111.28 Y99.631 E35.02787
M205 X12.5 Y12.5
G0 F8250 X111.02 Y99.631
M205 X14 Y14
G1 F2100 X111.02 Y120.369 E35.28343
M205 X12.5 Y12.5
G0 F8250 X110.76 Y120.369
M205 X14 Y14
G1 F2100 X110.76 Y99.631 E35.53898
M205 X12.5 Y12.5
G0 F8250 X110.5 Y99.631
M205 X14 Y14
G1 F2100 X110.5 Y120.369 E35.79453
M205 X12.5 Y12.5
G0 F8250 X110.24 Y120.369
M205 X14 Y14
G1 F2100 X110.24 Y99.631 E36.05008
M205 X12.5 Y12.5
G0 F8250 X109.98 Y99.631
M205 X14 Y14
G1 F2100 X109.98 Y120.369 E36.30563
M205 X12.5 Y12.5
G0 F8250 X109.72 Y120.369
M205 X14 Y14
G1 F2100 X109.72 Y99.631 E36.56118
M205 X12.5 Y12.5
G0 F8250 X109.46 Y99.631
M205 X14 Y14
G1 F2100 X109.46 Y120.369 E36.81674
M205 X12.5 Y12.5
G0 F8250 X109.2 Y120.369
M205 X14 Y14
G1 F2100 X109.2 Y99.631 E37.07229
M205 X12.5 Y12.5
G0 F8250 X108.94 Y99.631
M205 X14 Y14
G1 F2100 X108.94 Y120.369 E37.32784
M205 X12.5 Y12.5
G0 F8250 X108.68 Y120.369
M205 X14 Y14
G1 F2100 X108.68 Y99.631 E37.58339
M205 X12.5 Y12.5
G0 F8250 X108.68 Y99.385
G0 X101.091 Y99.457
G0 X101.091 Y100.593
G0 X108.239 Y101.065
G0 X108.139 Y102.453
G0 X108.132 Y112.884
G0 X108.234 Y114.121
G0 X108.42 Y114.287
M205 X14 Y14
G1 F2100 X108.42 Y114.48 E37.58577
M205 X12.5 Y12.5
G0 F8250 X108.279 Y114.782
G0 X108.134 Y114.385
G0 X108.129 Y108.436
G0 X108.274 Y107.328
G0 X108.42 Y107.041
M205 X14 Y14
G1 F2100 X108.42 Y106.832 E37.58835
M205 X12.5 Y12.5
G0 F8250 X108.232 Y106.67
G0 X108.129 Y106.936
G0 X108.331 Y113.642
G0 X108.232 Y115.62
G0 X108.42 Y115.782
M205 X14 Y14
G1 F2100 X108.42 Y115.991 E37.59092
M205 X12.5 Y12.5
G0 F8250 X108.274 Y116.278
G0 X108.129 Y115.886
G0 X108.335 Y111.86
G0 X108.232 Y110.193
G0 X108.42 Y110.041
M205 X14 Y14
G1 F2100 X108.42 Y109.832 E37.5935
M205 X12.5 Y12.5
G0 F8250 X108.232 Y109.667
G0 X108.133 Y109.932
G0 X108.328 Y116.642
G0 X108.232 Y118.618
G0 X108.42 Y118.771
M205 X14 Y14
G1 F2100 X108.42 Y118.997 E37.59628
M205 X12.5 Y12.5
G0 F8250 X108.25 Y119.18
G0 X108.133 Y118.88
G0 X108.129 Y106.936
G0 X108.279 Y105.832
G0 X108.42 Y105.53
M205 X14 Y14
G1 F2100 X108.42 Y105.337 E37.59866
M205 X12.5 Y12.5
G0 F8250 X108.234 Y105.171
G0 X108.134 Y105.435
G0 X108.129 Y115.886
G0 X108.23 Y117.124
G0 X108.42 Y117.282
M205 X14 Y14
G1 F2100 X108.42 Y117.491 E37.60124
M205 X12.5 Y12.5
G0 F8250 X108.274 Y117.778
G0 X108.129 Y117.386
G0 X108.132 Y112.884
G0 X108.277 Y111.818
G0 X108.42 Y111.524
M205 X14 Y14
G1 F2100 X108.42 Y111.292 E37.60409
M205 X12.5 Y12.5
G0 F8250 X108.225 Y111.145
G0 X108.143 Y110.054
G0 X108.274 Y108.828
G0 X108.42 Y108.541
M205 X14 Y14
G1 F2100 X108.42 Y108.332 E37.60667
M205 X12.5 Y12.5
G0 F8250 X108.23 Y108.174
G0 X108.129 Y106.936
G0 X108.332 Y106.09
G0 X108.233 Y104.199
G0 X108.42 Y104.047
M205 X14 Y14
G1 F2100 X108.42 Y103.835 E37.60928
M205 X12.5 Y12.5
G0 F8250 X108.235 Y103.668
G0 X108.132 Y103.934
G0 X108.133 Y118.88
G0 X108.262 Y119.925
G0 X108.42 Y120.241
M205 X14 Y14
G1 F2100 X108.42 Y120.369 E37.61086
M205 X12.5 Y12.5
G0 F8250 X108.42 Y120.615
G0 X108.152 Y120.368
G0 X108.139 Y102.453
G0 X108.261 Y101.314
G0 X108.42 Y101.018
M205 X14 Y14
G1 F2100 X108.42 Y99.631 E37.62795
M205 X12.5 Y12.5
G0 F8250 X108.16 Y99.631
M205 X14 Y14
G1 F2100 X108.16 Y100.712 E37.64127
M205 X12.5 Y12.5
G0 F8250 X107.9 Y100.543
M205 X14 Y14
G1 F2100 X107.9 Y99.631 E37.65251
M205 X12.5 Y12.5
G0 F8250 X107.64 Y99.631
M205 X14 Y14
G1 F2100 X107.64 Y100.468 E37.66283
M205 X12.5 Y12.5
G0 F8250 X107.38 Y100.419
M205 X14 Y14
G1 F2100 X107.38 Y99.631 E37.67254
M205 X12.5 Y12.5
G0 F8250 X107.12 Y99.631
M205 X14 Y14
G1 F2100 X107.12 Y100.419 E37.68225
M205 X12.5 Y12.5
G0 F8250 X106.86 Y100.419
M205 X14 Y14
G1 F2100 X106.86 Y99.631 E37.69196
M205 X12.5 Y12.5
G0 F8250 X106.6 Y99.631
M205 X14 Y14
G1 F2100 X106.6 Y100.419 E37.70167
M205 X12.5 Y12.5
G0 F8250 X106.34 Y100.419
M205 X14 Y14
G1 F2100 X106.34 Y99.631 E37.71138
M205 X12.5 Y12.5
G0 F8250 X106.08 Y99.631
M205 X14 Y14
G1 F2100 X106.08 Y100.419 E37.72109
M205 X12.5 Y12.5
G0 F8250 X105.82 Y100.419
M205 X14 Y14
G1 F2100 X105.82 Y99.631 E37.7308
M205 X12.5 Y12.5
G0 F8250 X105.56 Y99.631
M205 X14 Y14
G1 F2100 X105.56 Y100.419 E37.74051
M205 X12.5 Y12.5
G0 F8250 X105.3 Y100.419
M205 X14 Y14
G1 F2100 X105.3 Y99.631 E37.75022
M205 X12.5 Y12.5
G0 F8250 X105.04 Y99.631
M205 X14 Y14
G1 F2100 X105.04 Y100.419 E37.75993
M205 X12.5 Y12.5
G0 F8250 X104.78 Y100.419
M205 X14 Y14
G1 F2100 X104.78 Y99.631 E37.76964
M205 X12.5 Y12.5
G0 F8250 X104.52 Y99.631
M205 X14 Y14
G1 F2100 X104.52 Y100.419 E37.77935
M205 X12.5 Y12.5
G0 F8250 X104.26 Y100.419
M205 X14 Y14
G1 F2100 X104.26 Y99.631 E37.78906
M205 X12.5 Y12.5
G0 F8250 X104 Y99.631
M205 X14 Y14
G1 F2100 X104 Y100.419 E37.79877
M205 X12.5 Y12.5
G0 F8250 X103.74 Y100.419
M205 X14 Y14
G1 F2100 X103.74 Y99.631 E37.80848
M205 X12.5 Y12.5
G0 F8250 X103.48 Y99.631
M205 X14 Y14
G1 F2100 X103.48 Y100.419 E37.81819
M205 X12.5 Y12.5
G0 F8250 X103.22 Y100.419
M205 X14 Y14
G1 F2100 X103.22 Y99.631 E37.8279
M205 X12.5 Y12.5
G0 F8250 X102.96 Y99.631
M205 X14 Y14
G1 F2100 X102.96 Y100.419 E37.83761
M205 X12.5 Y12.5
G0 F8250 X102.7 Y100.419
M205 X14 Y14
G1 F2100 X102.7 Y99.631 E37.84732
M205 X12.5 Y12.5
G0 F8250 X102.44 Y99.631
M205 X14 Y14
G1 F2100 X102.44 Y100.419 E37.85703
M205 X12.5 Y12.5
G0 F8250 X102.18 Y100.419
M205 X14 Y14
G1 F2100 X102.18 Y99.631 E37.86674
M205 X12.5 Y12.5
G0 F8250 X101.92 Y99.631
M205 X14 Y14
G1 F2100 X101.92 Y100.419 E37.87646
M205 X12.5 Y12.5
G0 F8250 X101.66 Y100.419
M205 X14 Y14
G1 F2100 X101.66 Y99.631 E37.88617
M205 X12.5 Y12.5
G0 F8250 X101.4 Y99.631
M205 X14 Y14
G1 F2100 X101.4 Y100.419 E37.89588
M205 X12.5 Y12.5
G0 F8250 X101.4 Y100.665
G0 X107.871 Y101.066
G0 X108.27 Y102.131
G0 X108.42 Y102.359
M205 X14 Y14
G1 F2100 X108.42 Y102.551 E37.89824
M205 X12.5 Y12.5
G0 F8250 X108.277 Y102.835
G0 X108.132 Y103.934
G0 X108.115 Y111.409
G0 X108.235 Y112.618
G0 X108.42 Y112.785
M205 X14 Y14
G1 F2100 X108.42 Y112.997 E37.90085
M205 X12.5 Y12.5
;MESH:NONMESH
G0 F600 X108.42 Y112.997 Z0.52
G0 F8250 X108.233 Y113.149
G0 X108.132 Y112.884
G0 X107.946 Y102.136
G0 X107.871 Y101.066
G0 X107.657 Y100.73
G0 X107.696 Y100.936
;TIME_ELAPSED:80.818617
;LAYER:2
M106 S170
M205 X20 Y20
;TYPE:WALL-INNER
;MESH:belt_holder_screw.stl
G1 F3900 X107.931 Y101.201 E37.90925
G1 X108.006 Y101.464 E37.91573
G1 X108.032 Y101.906 E37.92622
G1 X107.892 Y102.265 E37.93535
G1 X107.65 Y102.456 E37.94266
G1 X107.884 Y102.657 E37.94997
G1 X107.996 Y102.957 E37.95756
G1 X108.01 Y103.363 E37.96718
G1 X107.956 Y103.621 E37.97343
G1 X107.881 Y103.757 E37.97711
G1 X107.641 Y103.952 E37.98444
G1 X107.879 Y104.149 E37.99176
G1 X107.995 Y104.45 E37.99941
G1 X108.008 Y104.912 E38.01036
G1 X107.883 Y105.253 E38.01897
G1 X107.645 Y105.447 E38.02624
G1 X107.883 Y105.642 E38.03353
G1 X107.958 Y105.779 E38.03723
G1 X108.012 Y106.032 E38.04337
G1 X108.008 Y106.411 E38.05235
G1 X107.885 Y106.75 E38.06089
G1 X107.648 Y106.947 E38.0682
G1 X107.885 Y107.144 E38.0755
G1 X107.959 Y107.28 E38.07917
G1 X108.012 Y107.553 E38.08576
G1 X108.008 Y107.913 E38.09429
G1 X107.885 Y108.25 E38.10279
G1 X107.648 Y108.447 E38.1101
G1 X107.885 Y108.644 E38.1174
G1 X107.959 Y108.78 E38.12107
G1 X108.012 Y109.053 E38.12766
G1 X108.008 Y109.413 E38.13619
G1 X107.884 Y109.751 E38.14472
G1 X107.641 Y109.952 E38.1522
G1 X107.885 Y110.153 E38.15969
G1 X108.018 Y110.427 E38.1669
G1 X108.001 Y110.878 E38.1776
G1 X107.872 Y111.221 E38.18628
G1 X107.616 Y111.423 E38.19401
G1 X107.871 Y111.625 E38.20172
G1 X107.998 Y111.951 E38.21001
G1 X108.008 Y112.364 E38.2198
G1 X107.881 Y112.707 E38.22847
G1 X107.641 Y112.902 E38.2358
G1 X107.879 Y113.099 E38.24312
G1 X107.995 Y113.4 E38.25076
G1 X108.008 Y113.862 E38.26172
G1 X107.883 Y114.203 E38.27032
G1 X107.645 Y114.397 E38.2776
G1 X107.883 Y114.592 E38.28489
G1 X107.958 Y114.729 E38.28859
G1 X108.012 Y114.982 E38.29472
G1 X108.008 Y115.361 E38.30371
G1 X107.885 Y115.7 E38.31225
G1 X107.648 Y115.897 E38.31956
G1 X107.885 Y116.094 E38.32686
G1 X107.959 Y116.23 E38.33053
G1 X108.012 Y116.503 E38.33712
G1 X108.008 Y116.863 E38.34565
G1 X107.885 Y117.2 E38.35415
G1 X107.648 Y117.397 E38.36145
G1 X107.885 Y117.594 E38.36876
G1 X107.959 Y117.73 E38.37243
G1 X108.012 Y118.003 E38.37902
G1 X108.008 Y118.363 E38.38755
G1 X107.875 Y118.714 E38.39644
G1 X107.642 Y118.902 E38.40354
G1 X107.876 Y119.09 E38.41065
G1 X108.02 Y119.398 E38.41871
G1 X108.002 Y119.827 E38.42888
G1 X107.897 Y120.169 E38.43736
G1 X107.802 Y120.293 E38.44106
G1 X107.663 Y120.388 E38.44505
G1 X107.807 Y120.476 E38.44905
G1 X107.909 Y120.595 E38.45277
G1 X107.953 Y120.765 E38.45693
G1 X111.966 Y120.765 E38.55203
G1 X112.055 Y120.353 E38.56202
G1 X112.139 Y120.217 E38.56581
G1 X112.353 Y120.052 E38.57221
G1 X112.139 Y119.887 E38.57861
G1 X112.055 Y119.752 E38.58238
G1 X111.989 Y119.447 E38.58978
G1 X111.99 Y119.075 E38.59859
G1 X112.116 Y118.747 E38.60692
G1 X112.355 Y118.551 E38.61424
G1 X112.116 Y118.355 E38.62157
G1 X111.99 Y118.031 E38.62981
G1 X111.989 Y117.586 E38.64035
G1 X112.114 Y117.245 E38.64896
G1 X112.354 Y117.051 E38.65627
G1 X112.114 Y116.857 E38.66358
G1 X111.985 Y116.529 E38.67194
G1 X111.989 Y116.086 E38.68244
G1 X112.114 Y115.744 E38.69106
G1 X112.354 Y115.55 E38.69838
G1 X112.115 Y115.356 E38.70567
G1 X111.996 Y115.057 E38.7133
G1 X111.98 Y114.625 E38.72354
G1 X112.035 Y114.388 E38.72931
G1 X112.109 Y114.254 E38.73294
G1 X112.35 Y114.053 E38.74037
G1 X112.11 Y113.852 E38.74779
G1 X111.985 Y113.529 E38.756
G1 X111.992 Y113.091 E38.76638
G1 X112.117 Y112.746 E38.77508
G1 X112.355 Y112.552 E38.78235
G1 X112.117 Y112.358 E38.78963
G1 X111.989 Y112.03 E38.79797
G1 X111.993 Y111.631 E38.80743
G1 X112.122 Y111.289 E38.81609
G1 X112.38 Y111.081 E38.82394
G1 X112.121 Y110.873 E38.83182
G1 X111.991 Y110.555 E38.83996
G1 X111.993 Y110.136 E38.84989
G1 X112.116 Y109.797 E38.85843
G1 X112.355 Y109.601 E38.86576
G1 X112.116 Y109.405 E38.87308
G1 X111.99 Y109.081 E38.88132
G1 X111.989 Y108.636 E38.89187
G1 X112.114 Y108.295 E38.90047
G1 X112.354 Y108.101 E38.90779
G1 X112.114 Y107.907 E38.9151
G1 X111.985 Y107.579 E38.92345
G1 X111.989 Y107.136 E38.93395
G1 X112.114 Y106.794 E38.94258
G1 X112.354 Y106.6 E38.94989
G1 X112.115 Y106.406 E38.95719
G1 X111.996 Y106.107 E38.96481
G1 X111.98 Y105.675 E38.97506
G1 X112.035 Y105.438 E38.98082
G1 X112.109 Y105.304 E38.98445
G1 X112.35 Y105.103 E38.99189
G1 X112.11 Y104.902 E38.99931
G1 X111.985 Y104.579 E39.00752
G1 X111.992 Y104.141 E39.0179
G1 X112.117 Y103.796 E39.02659
G1 X112.355 Y103.602 E39.03387
G1 X112.116 Y103.408 E39.04116
G1 X111.989 Y103.081 E39.04948
G1 X111.991 Y102.652 E39.05964
G1 X112.034 Y102.454 E39.06444
G1 X112.135 Y102.271 E39.0694
G1 X112.366 Y102.089 E39.07637
G1 X112.171 Y101.871 E39.0833
G1 X112.092 Y101.578 E39.09049
G1 X112.104 Y101.408 E39.09453
G1 X112.196 Y101.158 E39.10084
G1 X112.433 Y100.919 E39.10882
G1 X112.708 Y100.815 E39.11579
G1 X119.251 Y100.815 E39.27084
G1 X119.251 Y99.235 E39.30828
G1 X100.749 Y99.235 E39.74674
G1 X100.749 Y100.815 E39.78418
G1 X107.298 Y100.815 E39.93938
G1 X107.696 Y100.936 E39.94924
G1 F1800 E37.94924
G0 F9000 X107.374 Y100.691
G0 X107.73 Y101.066
G0 X108.061 Y108.367
G0 X108.011 Y120.377
G0 X111.795 Y120.545
G0 X111.997 Y120.052
G0 X112.015 Y114.052
G0 X111.838 Y113.504
G1 F900 E39.94924
G0 F9000 X112.27 Y113.514
;TYPE:WALL-OUTER
G1 F3000 X112.271 Y113.063 E39.95907
G1 X112.346 Y112.906 E39.96286
G1 X112.529 Y112.757 E39.96801
G1 X113.048 Y112.53 E39.98036
G1 X112.529 Y112.346 E39.99236
G1 X112.346 Y112.197 E39.99751
G1 X112.274 Y112.015 E40.00178
G1 X112.272 Y111.659 E40.00954
G1 X112.35 Y111.452 E40.01436
G1 X112.53 Y111.307 E40.0194
G1 X113.117 Y111.057 E40.03331
G1 X112.529 Y110.855 E40.04687
G1 X112.349 Y110.71 E40.05191
G1 X112.272 Y110.516 E40.05646
G1 X112.271 Y110.162 E40.06417
G1 X112.346 Y109.957 E40.06893
G1 X112.526 Y109.809 E40.07401
G1 X113.046 Y109.58 E40.0864
G1 X112.526 Y109.393 E40.09845
G1 X112.346 Y109.245 E40.10353
G1 X112.273 Y109.056 E40.10795
G1 X112.266 Y108.615 E40.11756
G1 X112.343 Y108.455 E40.12143
G1 X112.527 Y108.307 E40.12658
G1 X113.044 Y108.08 E40.13889
G1 X112.527 Y107.895 E40.15086
G1 X112.343 Y107.747 E40.15601
G1 X112.269 Y107.593 E40.15974
G1 X112.267 Y107.162 E40.16913
G1 X112.343 Y106.955 E40.17394
G1 X112.527 Y106.807 E40.17909
G1 X113.047 Y106.58 E40.19146
G1 X112.528 Y106.396 E40.20347
G1 X112.345 Y106.246 E40.20862
G1 X112.272 Y106.057 E40.21304
G1 X112.263 Y105.669 E40.2215
G1 X112.339 Y105.464 E40.22627
G1 X112.514 Y105.319 E40.23122
G1 X113.042 Y105.079 E40.24387
G1 X112.515 Y104.89 E40.25608
G1 X112.341 Y104.743 E40.26104
G1 X112.27 Y104.564 E40.26524
G1 X112.271 Y104.114 E40.27505
G1 X112.346 Y103.956 E40.27886
G1 X112.529 Y103.807 E40.28401
G1 X113.048 Y103.58 E40.29636
G1 X112.529 Y103.396 E40.30836
G1 X112.346 Y103.247 E40.31351
G1 X112.273 Y103.065 E40.31778
G1 X112.271 Y102.672 E40.32635
G1 X112.358 Y102.442 E40.33171
G1 X112.524 Y102.311 E40.33632
G1 X113.047 Y102.078 E40.34881
G1 X112.583 Y101.925 E40.35946
G1 X112.419 Y101.742 E40.36482
G1 X112.372 Y101.564 E40.36883
G1 X112.436 Y101.302 E40.37471
G1 X112.58 Y101.158 E40.37915
G1 X112.746 Y101.095 E40.38302
G1 X119.531 Y101.095 E40.53095
G1 X119.531 Y98.955 E40.5776
G1 X100.469 Y98.955 E40.99319
G1 X100.469 Y101.095 E41.03985
G1 X107.298 Y101.095 E41.18874
G1 X107.539 Y101.168 E41.19423
G1 X107.681 Y101.329 E41.19891
G1 X107.727 Y101.488 E41.20252
G1 X107.749 Y101.853 E41.21049
G1 X107.666 Y102.1 E41.21617
G1 X107.483 Y102.244 E41.22125
G1 X106.956 Y102.469 E41.23374
G1 X107.474 Y102.66 E41.24578
G1 X107.651 Y102.812 E41.25086
G1 X107.719 Y102.994 E41.2551
G1 X107.729 Y103.388 E41.26369
G1 X107.652 Y103.596 E41.26853
G1 X107.471 Y103.743 E41.27361
G1 X106.955 Y103.969 E41.28589
G1 X107.468 Y104.158 E41.29781
G1 X107.647 Y104.307 E41.30289
G1 X107.721 Y104.485 E41.30709
G1 X107.729 Y104.887 E41.31586
G1 X107.653 Y105.093 E41.32064
G1 X107.471 Y105.243 E41.32579
G1 X106.954 Y105.47 E41.3381
G1 X107.471 Y105.654 E41.35006
G1 X107.654 Y105.803 E41.35521
G1 X107.732 Y106.039 E41.36063
G1 X107.729 Y106.386 E41.36819
G1 X107.654 Y106.591 E41.37295
G1 X107.476 Y106.74 E41.37801
G1 X106.948 Y106.974 E41.3906
G1 X107.477 Y107.156 E41.4028
G1 X107.655 Y107.304 E41.40785
G1 X107.732 Y107.552 E41.41351
G1 X107.729 Y107.887 E41.42081
G1 X107.654 Y108.091 E41.42555
G1 X107.476 Y108.24 E41.43061
G1 X106.948 Y108.474 E41.4432
G1 X107.477 Y108.656 E41.4554
G1 X107.655 Y108.804 E41.46045
G1 X107.732 Y109.052 E41.46611
G1 X107.729 Y109.387 E41.47341
G1 X107.654 Y109.591 E41.47815
G1 X107.476 Y109.739 E41.4832
G1 X106.959 Y109.97 E41.49554
G1 X107.478 Y110.168 E41.50765
G1 X107.656 Y110.314 E41.51267
G1 X107.734 Y110.543 E41.51795
G1 X107.721 Y110.882 E41.52534
G1 X107.644 Y111.057 E41.52951
G1 X107.459 Y111.204 E41.53466
G1 X106.871 Y111.45 E41.54856
G1 X107.459 Y111.641 E41.56204
G1 X107.643 Y111.788 E41.56717
G1 X107.72 Y111.985 E41.57178
G1 X107.729 Y112.338 E41.57948
G1 X107.652 Y112.546 E41.58432
G1 X107.471 Y112.693 E41.5894
G1 X106.955 Y112.919 E41.60168
G1 X107.468 Y113.108 E41.6136
G1 X107.647 Y113.257 E41.61868
G1 X107.721 Y113.435 E41.62288
G1 X107.729 Y113.837 E41.63165
G1 X107.653 Y114.043 E41.63644
G1 X107.471 Y114.193 E41.64158
G1 X106.954 Y114.42 E41.65389
G1 X107.471 Y114.604 E41.66585
G1 X107.654 Y114.753 E41.671
G1 X107.732 Y114.989 E41.67642
G1 X107.729 Y115.336 E41.68398
G1 X107.654 Y115.541 E41.68874
G1 X107.476 Y115.69 E41.6938
G1 X106.948 Y115.924 E41.70639
G1 X107.477 Y116.106 E41.71859
G1 X107.655 Y116.254 E41.72364
G1 X107.732 Y116.502 E41.7293
G1 X107.729 Y116.837 E41.7366
G1 X107.654 Y117.041 E41.74134
G1 X107.476 Y117.19 E41.7464
G1 X106.948 Y117.424 E41.75899
G1 X107.477 Y117.606 E41.77119
G1 X107.655 Y117.754 E41.77624
G1 X107.732 Y118.002 E41.7819
G1 X107.729 Y118.337 E41.7892
G1 X107.648 Y118.549 E41.79415
G1 X107.476 Y118.689 E41.79899
G1 X106.959 Y118.92 E41.81133
G1 X107.478 Y119.118 E41.82344
G1 X107.651 Y119.256 E41.82827
G1 X107.738 Y119.443 E41.83276
G1 X107.722 Y119.816 E41.8409
G1 X107.659 Y120.022 E41.8456
G1 X107.468 Y120.19 E41.85115
G1 X106.943 Y120.424 E41.86368
G1 X107.478 Y120.597 E41.87594
G1 X107.678 Y120.754 E41.88148
G1 X107.752 Y121.045 E41.88803
G1 X112.27 Y121.045 E41.98653
G1 X112.27 Y120.653 E41.99507
G1 X112.36 Y120.389 E42.00116
G1 X112.53 Y120.257 E42.00585
G1 X113.057 Y120.028 E42.01838
G1 X112.53 Y119.846 E42.03053
G1 X112.359 Y119.715 E42.03523
G1 X112.269 Y119.448 E42.04137
G1 X112.274 Y119.088 E42.04922
G1 X112.346 Y118.907 E42.05347
G1 X112.526 Y118.759 E42.05855
G1 X113.046 Y118.53 E42.07094
G1 X112.526 Y118.343 E42.08298
G1 X112.346 Y118.195 E42.08806
G1 X112.273 Y118.006 E42.09248
G1 X112.266 Y117.565 E42.1021
G1 X112.343 Y117.405 E42.10597
G1 X112.527 Y117.257 E42.11112
G1 X113.044 Y117.03 E42.12343
G1 X112.527 Y116.845 E42.1354
G1 X112.343 Y116.697 E42.14055
G1 X112.269 Y116.543 E42.14427
G1 X112.267 Y116.112 E42.15367
G1 X112.343 Y115.905 E42.15848
G1 X112.527 Y115.757 E42.16362
G1 X113.047 Y115.53 E42.17599
G1 X112.528 Y115.346 E42.188
G1 X112.345 Y115.196 E42.19316
G1 X112.272 Y115.007 E42.19758
G1 X112.263 Y114.619 E42.20604
G1 X112.339 Y114.414 E42.2108
G1 X112.514 Y114.269 E42.21576
G1 X113.042 Y114.029 E42.2284
G1 X112.515 Y113.84 E42.24061
G1 X112.341 Y113.693 E42.24558
G1 X112.27 Y113.514 E42.24977
G0 F9000 X112.27 Y113.314
G0 X111.837 Y113.308
G0 X112.015 Y114.052
G0 X111.971 Y120.09
G0 X111.795 Y120.545
G0 X108.268 Y120.615
G0 X108.144 Y120.499
;TYPE:SKIN
G1 F2700 X111.757 Y120.498 E42.2943
G1 X111.817 Y120.237 E42.2976
G1 X111.935 Y120.052 E42.3003
G1 X111.816 Y119.865 E42.30303
G1 X111.725 Y119.466 E42.30808
G1 X111.724 Y118.942 E42.31453
G1 X111.88 Y118.622 E42.31892
G1 X111.949 Y118.551 E42.32014
G1 X111.88 Y118.48 E42.32136
G1 X111.766 Y118.244 E42.32459
G1 X111.725 Y118.056 E42.32696
G1 X111.723 Y117.439 E42.33456
G1 X111.878 Y117.12 E42.33893
G1 X111.944 Y117.051 E42.34011
G1 X111.878 Y116.982 E42.34129
G1 X111.762 Y116.742 E42.34457
G1 X111.72 Y116.55 E42.34699
G1 X111.723 Y116.066 E42.35296
G1 X111.798 Y115.767 E42.35676
G1 X111.946 Y115.549 E42.36
G1 X111.882 Y115.486 E42.36111
G1 X111.733 Y115.101 E42.3662
G1 X111.709 Y114.504 E42.37356
G1 X111.873 Y114.131 E42.37858
G1 X111.948 Y114.052 E42.37992
G1 X111.872 Y113.974 E42.38127
G1 X111.72 Y113.632 E42.38588
G1 X111.733 Y112.942 E42.39438
G1 X111.88 Y112.624 E42.3987
G1 X111.948 Y112.552 E42.39992
G1 X111.88 Y112.48 E42.40114
G1 X111.723 Y112.143 E42.40572
G1 X111.728 Y111.598 E42.41244
G1 X111.796 Y111.332 E42.41582
G1 X111.97 Y111.081 E42.41958
G1 X111.795 Y110.83 E42.42336
G1 X111.725 Y110.544 E42.42698
G1 X111.731 Y109.985 E42.43387
G1 X111.88 Y109.672 E42.43814
G1 X111.949 Y109.601 E42.43936
G1 X111.88 Y109.53 E42.44058
G1 X111.766 Y109.295 E42.4438
G1 X111.725 Y109.104 E42.44621
G1 X111.723 Y108.489 E42.45379
G1 X111.878 Y108.17 E42.45816
G1 X111.944 Y108.101 E42.45934
G1 X111.878 Y108.032 E42.46051
G1 X111.762 Y107.792 E42.4638
G1 X111.72 Y107.6 E42.46622
G1 X111.723 Y107.116 E42.47218
G1 X111.798 Y106.817 E42.47598
G1 X111.946 Y106.599 E42.47923
G1 X111.882 Y106.536 E42.48034
G1 X111.733 Y106.151 E42.48542
G1 X111.709 Y105.554 E42.49279
G1 X111.873 Y105.181 E42.49781
G1 X111.948 Y105.102 E42.49915
G1 X111.872 Y105.024 E42.50049
G1 X111.72 Y104.682 E42.5051
G1 X111.733 Y103.98 E42.51376
G1 X111.88 Y103.672 E42.51796
G1 X111.948 Y103.602 E42.51916
G1 X111.88 Y103.532 E42.52037
G1 X111.722 Y103.187 E42.52504
G1 X111.727 Y102.565 E42.53271
G1 X111.818 Y102.282 E42.53637
G1 X111.989 Y102.056 E42.53986
G1 X111.927 Y101.977 E42.5411
G1 X111.839 Y101.713 E42.54453
G1 X111.838 Y101.371 E42.54874
G1 X111.966 Y101.02 E42.55335
G1 X112.293 Y100.694 E42.55904
G1 X112.675 Y100.55 E42.56407
G1 X118.985 Y100.549 E42.64183
G1 X118.985 Y99.501 E42.65474
G1 X101.015 Y99.501 E42.87618
G1 X101.015 Y100.549 E42.8891
G1 X107.321 Y100.554 E42.96681
G1 X107.846 Y100.713 E42.97357
G1 X108.168 Y101.078 E42.97956
G1 X108.272 Y101.452 E42.98435
G1 X108.304 Y102.002 E42.99114
G1 X108.124 Y102.392 E42.99643
G1 X108.055 Y102.464 E42.99766
G1 X108.122 Y102.537 E42.99888
G1 X108.263 Y102.893 E43.0036
G1 X108.274 Y103.56 E43.01182
G1 X108.114 Y103.887 E43.0163
G1 X108.048 Y103.955 E43.01747
G1 X108.115 Y104.024 E43.01866
G1 X108.264 Y104.432 E43.02401
G1 X108.278 Y105.044 E43.03155
G1 X108.119 Y105.378 E43.03611
G1 X108.053 Y105.447 E43.03729
G1 X108.119 Y105.517 E43.03847
G1 X108.276 Y105.881 E43.04336
G1 X108.268 Y106.558 E43.0517
G1 X108.123 Y106.873 E43.05597
G1 X108.052 Y106.947 E43.05724
G1 X108.123 Y107.021 E43.0585
G1 X108.276 Y107.357 E43.06305
G1 X108.273 Y107.937 E43.0702
G1 X108.123 Y108.372 E43.07587
G1 X108.052 Y108.447 E43.07714
G1 X108.123 Y108.522 E43.07841
G1 X108.281 Y108.865 E43.08307
G1 X108.273 Y109.562 E43.09166
G1 X108.121 Y109.875 E43.09595
G1 X108.047 Y109.951 E43.09725
G1 X108.12 Y110.026 E43.09854
G1 X108.29 Y110.408 E43.1037
G1 X108.258 Y110.996 E43.11095
G1 X108.106 Y111.344 E43.11563
G1 X108.029 Y111.423 E43.11699
G1 X108.104 Y111.497 E43.11829
G1 X108.255 Y111.81 E43.12257
G1 X108.279 Y112.364 E43.1294
G1 X108.237 Y112.585 E43.13218
G1 X108.114 Y112.837 E43.13563
G1 X108.048 Y112.905 E43.1368
G1 X108.115 Y112.974 E43.13799
G1 X108.264 Y113.382 E43.14334
G1 X108.278 Y113.994 E43.15088
G1 X108.119 Y114.328 E43.15544
G1 X108.053 Y114.397 E43.15662
G1 X108.119 Y114.467 E43.1578
G1 X108.276 Y114.831 E43.16269
G1 X108.268 Y115.508 E43.17103
G1 X108.123 Y115.823 E43.1753
G1 X108.052 Y115.897 E43.17657
G1 X108.123 Y115.971 E43.17783
G1 X108.276 Y116.307 E43.18238
G1 X108.273 Y116.887 E43.18953
G1 X108.123 Y117.322 E43.1952
G1 X108.052 Y117.397 E43.19647
G1 X108.123 Y117.472 E43.19774
G1 X108.279 Y117.812 E43.20235
G1 X108.272 Y118.432 E43.20999
G1 X108.189 Y118.698 E43.21343
G1 X108.053 Y118.902 E43.21645
G1 X108.105 Y118.96 E43.21741
G1 X108.287 Y119.344 E43.22265
G1 X108.264 Y119.859 E43.229
G1 X108.121 Y120.312 E43.23485
G1 X108.071 Y120.377 E43.23586
G1 X108.144 Y120.499 E43.23761
G0 F9000 X108.268 Y120.615
G0 X108.011 Y120.377
G0 X107.8 Y102.148
G0 X107.73 Y101.066
G0 X100.971 Y100.593
G0 X100.899 Y99.84
G0 X101.145 Y99.84
G1 F2700 X118.855 Y99.84 E43.45585
G0 F9000 X118.855 Y100.1
G1 F2700 X101.145 Y100.1 E43.67409
G0 F9000 X101.145 Y100.36
G1 F2700 X118.855 Y100.36 E43.89233
G0 F9000 X119.101 Y100.36
G0 X112.43 Y100.678
G0 X112.183 Y100.62
G1 F2700 X107.915 Y100.62 E43.94492
G0 F9000 X108.167 Y100.88
G1 F2700 X111.921 Y100.88 E43.99118
G0 F9000 X111.783 Y101.14
G1 F2700 X108.319 Y101.14 E44.03387
G0 F9000 X108.392 Y101.4
G1 F2700 X111.709 Y101.4 E44.07474
G0 F9000 X111.71 Y101.66
G1 F2700 X108.414 Y101.66 E44.11536
G0 F9000 X108.429 Y101.92
G1 F2700 X111.772 Y101.92 E44.15656
G0 F9000 X111.73 Y102.18
G1 F2700 X108.364 Y102.18 E44.19803
G0 F9000 X108.246 Y102.44
G1 F2700 X111.631 Y102.44 E44.23975
G0 F9000 X111.598 Y102.7
G1 F2700 X108.321 Y102.7 E44.28013
G0 F9000 X108.394 Y102.96
G1 F2700 X111.597 Y102.96 E44.3196
G0 F9000 X111.596 Y103.22
G1 F2700 X108.398 Y103.22 E44.35901
G0 F9000 X108.403 Y103.48
G1 F2700 X111.716 Y103.48 E44.39983
G0 F9000 X111.706 Y103.74
G1 F2700 X108.331 Y103.74 E44.44142
G0 F9000 X108.238 Y104
G1 F2700 X111.597 Y104 E44.48282
G0 F9000 X111.595 Y104.26
G1 F2700 X108.336 Y104.26 E44.52298
G0 F9000 X108.397 Y104.52
G1 F2700 X111.593 Y104.52 E44.56236
G0 F9000 X111.618 Y104.78
G1 F2700 X108.402 Y104.78 E44.60199
G0 F9000 X108.406 Y105.04
G1 F2700 X111.737 Y105.04 E44.64304
G0 F9000 X111.679 Y105.3
G1 F2700 X108.296 Y105.3 E44.68473
G0 F9000 X108.278 Y105.56
G1 F2700 X111.581 Y105.56 E44.72543
G0 F9000 X111.591 Y105.82
G1 F2700 X108.389 Y105.82 E44.76489
G0 F9000 X108.408 Y106.08
G1 F2700 X111.602 Y106.08 E44.80425
G0 F9000 X111.665 Y106.34
G1 F2700 X108.406 Y106.34 E44.84441
G0 F9000 X108.395 Y106.6
G1 F2700 X111.766 Y106.6 E44.88595
G0 F9000 X111.65 Y106.86
G1 F2700 X108.273 Y106.86 E44.92756
G0 F9000 X108.308 Y107.12
G1 F2700 X111.593 Y107.12 E44.96804
G0 F9000 X111.592 Y107.38
G1 F2700 X108.407 Y107.38 E45.00729
G0 F9000 X108.406 Y107.64
G1 F2700 X111.597 Y107.64 E45.04661
G0 F9000 X111.671 Y107.9
G1 F2700 X108.404 Y107.9 E45.08687
G0 F9000 X108.337 Y108.16
G1 F2700 X111.741 Y108.16 E45.12882
G0 F9000 X111.613 Y108.42
G1 F2700 X108.244 Y108.42 E45.17033
G0 F9000 X108.338 Y108.68
G1 F2700 X111.595 Y108.68 E45.21047
G0 F9000 X111.598 Y108.94
G1 F2700 X108.411 Y108.94 E45.24974
G0 F9000 X108.405 Y109.2
G1 F2700 X111.614 Y109.2 E45.28929
G0 F9000 X111.704 Y109.46
G1 F2700 X108.4 Y109.46 E45.33
G0 F9000 X108.341 Y109.72
G1 F2700 X111.716 Y109.72 E45.37159
G0 F9000 X111.597 Y109.98
G1 F2700 X108.241 Y109.98 E45.41295
G0 F9000 X108.355 Y110.24
G1 F2700 X111.597 Y110.24 E45.4529
G0 F9000 X111.596 Y110.5
G1 F2700 X108.416 Y110.5 E45.49209
G0 F9000 X108.404 Y110.76
G1 F2700 X111.646 Y110.76 E45.53204
G0 F9000 X111.754 Y111.02
G1 F2700 X108.39 Y111.02 E45.57349
G0 F9000 X108.272 Y111.28
G1 F2700 X111.677 Y111.28 E45.61545
G0 F9000 X111.61 Y111.54
G1 F2700 X108.27 Y111.54 E45.65661
G0 F9000 X108.386 Y111.8
G1 F2700 X111.596 Y111.8 E45.69616
G0 F9000 X111.594 Y112.06
G1 F2700 X108.395 Y112.06 E45.73559
G0 F9000 X108.405 Y112.32
G1 F2700 X111.664 Y112.32 E45.77575
G0 F9000 X111.761 Y112.58
G1 F2700 X108.37 Y112.58 E45.81753
G0 F9000 X108.255 Y112.84
G1 F2700 X111.636 Y112.84 E45.8592
G0 F9000 X111.598 Y113.1
G1 F2700 X108.296 Y113.1 E45.89989
G0 F9000 X108.393 Y113.36
G1 F2700 X111.595 Y113.36 E45.93934
G0 F9000 X111.592 Y113.62
G1 F2700 X108.4 Y113.62 E45.97868
G0 F9000 X108.404 Y113.88
G1 F2700 X111.687 Y113.88 E46.01913
G0 F9000 X111.726 Y114.14
G1 F2700 X108.348 Y114.14 E46.06076
G0 F9000 X108.231 Y114.4
G1 F2700 X111.614 Y114.4 E46.10245
G0 F9000 X111.587 Y114.66
G1 F2700 X108.342 Y114.66 E46.14244
G0 F9000 X108.409 Y114.92
G1 F2700 X111.597 Y114.92 E46.18172
G0 F9000 X111.622 Y115.18
G1 F2700 X108.406 Y115.18 E46.22135
G0 F9000 X108.404 Y115.44
G1 F2700 X111.724 Y115.44 E46.26227
G0 F9000 X111.693 Y115.7
G1 F2700 X108.325 Y115.7 E46.30377
G0 F9000 X108.257 Y115.96
G1 F2700 X111.615 Y115.96 E46.34515
G0 F9000 X111.593 Y116.22
G1 F2700 X108.378 Y116.22 E46.38477
G0 F9000 X108.406 Y116.48
G1 F2700 X111.592 Y116.48 E46.42403
G0 F9000 X111.63 Y116.74
G1 F2700 X108.405 Y116.74 E46.46377
G0 F9000 X108.377 Y117
G1 F2700 X111.746 Y117 E46.50528
G0 F9000 X111.667 Y117.26
G1 F2700 X108.284 Y117.26 E46.54697
G0 F9000 X108.288 Y117.52
G1 F2700 X111.594 Y117.52 E46.58771
G0 F9000 X111.594 Y117.78
G1 F2700 X108.408 Y117.78 E46.62697
G0 F9000 X108.408 Y118.04
G1 F2700 X111.596 Y118.04 E46.66626
G0 F9000 X111.653 Y118.3
G1 F2700 X108.405 Y118.3 E46.70628
G0 F9000 X108.369 Y118.56
G1 F2700 X111.769 Y118.56 E46.74818
G0 F9000 X111.64 Y118.82
G1 F2700 X108.268 Y118.82 E46.78973
G0 F9000 X108.303 Y119.08
G1 F2700 X111.595 Y119.08 E46.8303
G0 F9000 X111.597 Y119.34
G1 F2700 X108.417 Y119.34 E46.86949
G0 F9000 X108.407 Y119.6
G1 F2700 X111.62 Y119.6 E46.90908
G0 F9000 X111.677 Y119.86
G1 F2700 X108.398 Y119.86 E46.94949
G0 F9000 X108.319 Y120.12
G1 F2700 X111.748 Y120.12 E46.99174
;MESH:NONMESH
G0 F600 X111.748 Y120.12 Z0.64
G0 F9000 X111.868 Y120.53
G0 X108.107 Y120.546
G0 X107.99 Y102.464
G0 X108.117 Y101.323
G0 X107.847 Y101.318
;TIME_ELAPSED:105.845692
;LAYER:3
M106 S255
;TYPE:WALL-INNER
;MESH:belt_holder_screw.stl
G1 F2521 X107.889 Y101.528 E46.99682
G1 X107.881 Y101.933 E47.00642
G1 X107.765 Y102.246 E47.01433
G1 X107.519 Y102.459 E47.02204
G1 X107.762 Y102.675 E47.02974
G1 X107.869 Y102.965 E47.03707
G1 X107.877 Y103.416 E47.04776
G1 X107.76 Y103.753 E47.05621
G1 X107.515 Y103.962 E47.06384
G1 X107.759 Y104.171 E47.07146
G1 X107.873 Y104.423 E47.07801
G1 X107.877 Y104.922 E47.08984
G1 X107.761 Y105.251 E47.0981
G1 X107.516 Y105.46 E47.10574
G1 X107.761 Y105.669 E47.11337
G1 X107.881 Y105.996 E47.12162
G1 X107.875 Y106.415 E47.13155
G1 X107.758 Y106.751 E47.13998
G1 X107.51 Y106.962 E47.1477
G1 X107.759 Y107.173 E47.15543
G1 X107.878 Y107.482 E47.16328
G1 X107.875 Y107.92 E47.17366
G1 X107.758 Y108.251 E47.18198
G1 X107.51 Y108.462 E47.1897
G1 X107.759 Y108.673 E47.19743
G1 X107.881 Y109.003 E47.20577
G1 X107.876 Y109.416 E47.21556
G1 X107.759 Y109.75 E47.22394
G1 X107.514 Y109.958 E47.23156
G1 X107.76 Y110.167 E47.23921
G1 X107.879 Y110.492 E47.24741
G1 X107.877 Y110.874 E47.25646
G1 X107.756 Y111.206 E47.26484
G1 X107.486 Y111.436 E47.27324
G1 X107.755 Y111.666 E47.28163
G1 X107.876 Y112.028 E47.29068
G1 X107.877 Y112.365 E47.29866
G1 X107.76 Y112.702 E47.30712
G1 X107.515 Y112.911 E47.31475
G1 X107.759 Y113.12 E47.32236
G1 X107.873 Y113.373 E47.32894
G1 X107.877 Y113.872 E47.34076
G1 X107.761 Y114.201 E47.34903
G1 X107.516 Y114.41 E47.35666
G1 X107.761 Y114.619 E47.36429
G1 X107.881 Y114.946 E47.37255
G1 X107.875 Y115.365 E47.38248
G1 X107.758 Y115.701 E47.39091
G1 X107.51 Y115.912 E47.39862
G1 X107.759 Y116.123 E47.40636
G1 X107.878 Y116.432 E47.41421
G1 X107.875 Y116.87 E47.42459
G1 X107.758 Y117.201 E47.43291
G1 X107.51 Y117.412 E47.44062
G1 X107.759 Y117.623 E47.44836
G1 X107.881 Y117.953 E47.45669
G1 X107.876 Y118.366 E47.46648
G1 X107.819 Y118.59 E47.47196
G1 X107.742 Y118.724 E47.47562
G1 X107.516 Y118.908 E47.48253
G1 X107.743 Y119.093 E47.48947
G1 X107.877 Y119.399 E47.49738
G1 X107.88 Y119.801 E47.50691
G1 X107.758 Y120.205 E47.51691
G1 X107.525 Y120.411 E47.52428
G1 X107.762 Y120.612 E47.53165
G1 X107.805 Y120.765 E47.53541
G1 X112.121 Y120.765 E47.63769
G1 X112.121 Y120.643 E47.64058
G1 X112.186 Y120.343 E47.64786
G1 X112.267 Y120.21 E47.65155
G1 X112.485 Y120.037 E47.65814
G1 X112.267 Y119.864 E47.66474
G1 X112.186 Y119.731 E47.66843
G1 X112.121 Y119.426 E47.67582
G1 X112.124 Y119.049 E47.68475
G1 X112.24 Y118.75 E47.69235
G1 X112.485 Y118.541 E47.69999
G1 X112.239 Y118.331 E47.70765
G1 X112.169 Y118.198 E47.71121
G1 X112.121 Y117.964 E47.71687
G1 X112.122 Y117.584 E47.72588
G1 X112.236 Y117.252 E47.7342
G1 X112.479 Y117.043 E47.74179
G1 X112.233 Y116.836 E47.74941
G1 X112.162 Y116.702 E47.753
G1 X112.112 Y116.464 E47.75877
G1 X112.122 Y116.084 E47.76778
G1 X112.237 Y115.75 E47.77615
G1 X112.481 Y115.539 E47.78379
G1 X112.237 Y115.329 E47.79142
G1 X112.12 Y115.01 E47.79947
G1 X112.125 Y114.585 E47.80955
G1 X112.238 Y114.253 E47.81786
G1 X112.483 Y114.044 E47.82549
G1 X112.235 Y113.838 E47.83313
G1 X112.11 Y113.514 E47.84136
G1 X112.122 Y113.087 E47.85148
G1 X112.239 Y112.75 E47.85993
G1 X112.483 Y112.541 E47.86755
G1 X112.239 Y112.332 E47.87516
G1 X112.125 Y112.022 E47.88299
G1 X112.125 Y111.63 E47.89228
G1 X112.242 Y111.297 E47.90064
G1 X112.492 Y111.086 E47.90839
G1 X112.241 Y110.874 E47.91618
G1 X112.12 Y110.552 E47.92433
G1 X112.125 Y110.133 E47.93426
G1 X112.24 Y109.8 E47.94261
G1 X112.485 Y109.591 E47.95024
G1 X112.239 Y109.381 E47.95791
G1 X112.169 Y109.248 E47.96147
G1 X112.121 Y109.014 E47.96713
G1 X112.122 Y108.634 E47.97614
G1 X112.236 Y108.302 E47.98445
G1 X112.479 Y108.093 E47.99205
G1 X112.233 Y107.886 E47.99967
G1 X112.162 Y107.752 E48.00326
G1 X112.112 Y107.514 E48.00903
G1 X112.122 Y107.134 E48.01803
G1 X112.237 Y106.8 E48.0264
G1 X112.481 Y106.589 E48.03405
G1 X112.237 Y106.379 E48.04168
G1 X112.12 Y106.06 E48.04973
G1 X112.125 Y105.635 E48.0598
G1 X112.238 Y105.303 E48.06811
G1 X112.483 Y105.094 E48.07574
G1 X112.235 Y104.888 E48.08339
G1 X112.11 Y104.564 E48.09161
G1 X112.122 Y104.137 E48.10174
G1 X112.239 Y103.8 E48.11019
G1 X112.483 Y103.591 E48.1178
G1 X112.239 Y103.382 E48.12542
G1 X112.12 Y103.067 E48.1334
G1 X112.125 Y102.544 E48.14579
G1 X112.274 Y102.253 E48.15354
G1 X112.515 Y102.064 E48.1608
G1 X112.333 Y101.818 E48.16805
G1 X112.279 Y101.515 E48.17534
G1 X112.299 Y101.37 E48.17881
G1 X112.402 Y101.13 E48.185
G1 X112.638 Y100.909 E48.19266
G1 X112.898 Y100.815 E48.19922
G1 X119.371 Y100.815 E48.35261
G1 X119.371 Y99.235 E48.39005
G1 X100.629 Y99.235 E48.8342
G1 X100.629 Y100.815 E48.87164
G1 X107.091 Y100.815 E49.02478
G1 X107.406 Y100.875 E49.03238
G1 X107.708 Y101.085 E49.04109
G1 X107.847 Y101.318 E49.04752
G0 F9000 X107.5 Y101.272
;TYPE:WALL-OUTER
G1 F1939.2 X107.61 Y101.457 E49.05222
G1 X107.603 Y101.901 E49.0619
G1 X107.533 Y102.09 E49.06629
G1 X107.359 Y102.24 E49.0713
G1 X106.852 Y102.477 E49.0835
G1 X107.355 Y102.674 E49.09528
G1 X107.527 Y102.827 E49.1003
G1 X107.592 Y103.003 E49.10439
G1 X107.598 Y103.393 E49.11289
G1 X107.527 Y103.597 E49.1176
G1 X107.347 Y103.75 E49.12275
G1 X106.845 Y103.979 E49.13478
G1 X107.346 Y104.171 E49.14648
G1 X107.525 Y104.325 E49.15163
G1 X107.59 Y104.493 E49.15555
G1 X107.598 Y104.897 E49.16436
G1 X107.528 Y105.096 E49.16896
G1 X107.348 Y105.25 E49.17413
G1 X106.845 Y105.478 E49.18617
G1 X107.348 Y105.67 E49.19791
G1 X107.528 Y105.824 E49.20307
G1 X107.596 Y106.003 E49.20725
G1 X107.596 Y106.392 E49.21573
G1 X107.525 Y106.596 E49.22044
G1 X107.346 Y106.749 E49.22557
G1 X106.847 Y106.976 E49.23752
G1 X107.347 Y107.177 E49.24927
G1 X107.527 Y107.329 E49.25441
G1 X107.599 Y107.545 E49.25937
G1 X107.596 Y107.895 E49.267
G1 X107.525 Y108.096 E49.27165
G1 X107.346 Y108.249 E49.27678
G1 X106.847 Y108.476 E49.28873
G1 X107.347 Y108.677 E49.30048
G1 X107.527 Y108.829 E49.30562
G1 X107.601 Y109.003 E49.30974
G1 X107.596 Y109.393 E49.31825
G1 X107.526 Y109.595 E49.32291
G1 X107.346 Y109.749 E49.32807
G1 X106.843 Y109.977 E49.34011
G1 X107.346 Y110.169 E49.35185
G1 X107.527 Y110.322 E49.35702
G1 X107.599 Y110.48 E49.3608
G1 X107.6 Y110.876 E49.36944
G1 X107.525 Y111.047 E49.37351
G1 X107.353 Y111.193 E49.37843
G1 X106.795 Y111.455 E49.39187
G1 X107.352 Y111.676 E49.40493
G1 X107.523 Y111.824 E49.40986
G1 X107.596 Y111.981 E49.41364
G1 X107.598 Y112.343 E49.42153
G1 X107.527 Y112.546 E49.42622
G1 X107.348 Y112.699 E49.43135
G1 X106.844 Y112.928 E49.44342
G1 X107.347 Y113.12 E49.45516
G1 X107.525 Y113.275 E49.4603
G1 X107.59 Y113.443 E49.46423
G1 X107.598 Y113.847 E49.47304
G1 X107.528 Y114.046 E49.47764
G1 X107.348 Y114.2 E49.48281
G1 X106.845 Y114.428 E49.49485
G1 X107.348 Y114.62 E49.50658
G1 X107.528 Y114.774 E49.51175
G1 X107.596 Y114.953 E49.51592
G1 X107.596 Y115.342 E49.5244
G1 X107.525 Y115.546 E49.52911
G1 X107.346 Y115.699 E49.53425
G1 X106.847 Y115.926 E49.5462
G1 X107.347 Y116.127 E49.55795
G1 X107.527 Y116.279 E49.56308
G1 X107.599 Y116.495 E49.56805
G1 X107.596 Y116.845 E49.57568
G1 X107.525 Y117.046 E49.58033
G1 X107.346 Y117.199 E49.58546
G1 X106.847 Y117.426 E49.59741
G1 X107.347 Y117.627 E49.60916
G1 X107.527 Y117.779 E49.6143
G1 X107.601 Y117.953 E49.61842
G1 X107.595 Y118.353 E49.62714
G1 X107.516 Y118.56 E49.63197
G1 X107.346 Y118.699 E49.63676
G1 X106.843 Y118.927 E49.6488
G1 X107.346 Y119.119 E49.66054
G1 X107.516 Y119.258 E49.66533
G1 X107.598 Y119.508 E49.67106
G1 X107.6 Y119.803 E49.67749
G1 X107.526 Y120.048 E49.68307
G1 X107.346 Y120.2 E49.68821
G1 X106.852 Y120.428 E49.70007
G1 X107.35 Y120.626 E49.71176
G1 X107.533 Y120.774 E49.71689
G1 X107.61 Y121.045 E49.72303
G1 X112.428 Y121.044 E49.82807
G1 X112.401 Y120.938 E49.83046
G1 X112.401 Y120.643 E49.83689
G1 X112.489 Y120.38 E49.84294
G1 X112.653 Y120.251 E49.84748
G1 X113.155 Y120.024 E49.8595
G1 X112.653 Y119.823 E49.87129
G1 X112.489 Y119.694 E49.87583
G1 X112.401 Y119.428 E49.88194
G1 X112.403 Y119.08 E49.88953
G1 X112.474 Y118.904 E49.89367
G1 X112.652 Y118.751 E49.89879
G1 X113.148 Y118.523 E49.91069
G1 X112.651 Y118.329 E49.92232
G1 X112.472 Y118.176 E49.92745
G1 X112.404 Y117.997 E49.93163
G1 X112.401 Y117.606 E49.94015
G1 X112.47 Y117.406 E49.94476
G1 X112.65 Y117.251 E49.94994
G1 X113.16 Y117.016 E49.96219
G1 X112.647 Y116.832 E49.97407
G1 X112.465 Y116.679 E49.97925
G1 X112.395 Y116.497 E49.9835
G1 X112.401 Y116.106 E49.99203
G1 X112.471 Y115.904 E49.99669
G1 X112.648 Y115.752 E50.00178
G1 X113.149 Y115.519 E50.01382
G1 X112.648 Y115.328 E50.02551
G1 X112.471 Y115.175 E50.03061
G1 X112.404 Y114.997 E50.03476
G1 X112.404 Y114.608 E50.04324
G1 X112.473 Y114.407 E50.04787
G1 X112.653 Y114.252 E50.05305
G1 X113.167 Y114.017 E50.06537
G1 X112.65 Y113.833 E50.07734
G1 X112.466 Y113.68 E50.08256
G1 X112.39 Y113.483 E50.08716
G1 X112.402 Y113.109 E50.09532
G1 X112.472 Y112.905 E50.10002
G1 X112.652 Y112.751 E50.10518
G1 X113.155 Y112.523 E50.11723
G1 X112.652 Y112.331 E50.12896
G1 X112.472 Y112.177 E50.13413
G1 X112.403 Y111.989 E50.13849
G1 X112.404 Y111.654 E50.1458
G1 X112.475 Y111.453 E50.15045
G1 X112.655 Y111.3 E50.1556
G1 X113.213 Y111.046 E50.16896
G1 X112.871 Y110.909 E50.17699
G1 X112.654 Y110.87 E50.1818
G1 X112.473 Y110.718 E50.18695
G1 X112.403 Y110.524 E50.19145
G1 X112.404 Y110.156 E50.19947
G1 X112.474 Y109.954 E50.20414
G1 X112.652 Y109.801 E50.20925
G1 X113.148 Y109.573 E50.22115
G1 X112.651 Y109.379 E50.23279
G1 X112.472 Y109.226 E50.23792
G1 X112.404 Y109.047 E50.24209
G1 X112.401 Y108.656 E50.25062
G1 X112.47 Y108.456 E50.25523
G1 X112.65 Y108.301 E50.26041
G1 X113.16 Y108.066 E50.27265
G1 X112.647 Y107.882 E50.28454
G1 X112.465 Y107.729 E50.28972
G1 X112.395 Y107.547 E50.29397
G1 X112.401 Y107.156 E50.3025
G1 X112.471 Y106.954 E50.30716
G1 X112.648 Y106.802 E50.31224
G1 X113.149 Y106.569 E50.32429
G1 X112.648 Y106.378 E50.33598
G1 X112.471 Y106.225 E50.34108
G1 X112.404 Y106.047 E50.34523
G1 X112.404 Y105.658 E50.35371
G1 X112.473 Y105.457 E50.35834
G1 X112.653 Y105.302 E50.36352
G1 X113.167 Y105.067 E50.37584
G1 X112.65 Y104.883 E50.38781
G1 X112.466 Y104.73 E50.39302
G1 X112.39 Y104.533 E50.39763
G1 X112.402 Y104.159 E50.40579
G1 X112.472 Y103.955 E50.41049
G1 X112.652 Y103.801 E50.41565
G1 X113.155 Y103.573 E50.42769
G1 X112.652 Y103.381 E50.43943
G1 X112.472 Y103.227 E50.4446
G1 X112.403 Y103.039 E50.44896
G1 X112.404 Y102.602 E50.45849
G1 X112.494 Y102.426 E50.4628
G1 X112.654 Y102.301 E50.46723
G1 X113.154 Y102.074 E50.4792
G1 X112.734 Y101.904 E50.48908
G1 X112.592 Y101.71 E50.49432
G1 X112.559 Y101.526 E50.49839
G1 X112.635 Y101.286 E50.50388
G1 X112.778 Y101.152 E50.50815
G1 X112.934 Y101.095 E50.51178
G1 X119.651 Y101.095 E50.65822
G1 X119.651 Y98.955 E50.70488
G1 X100.349 Y98.955 E51.1257
G1 X100.349 Y101.095 E51.17235
G1 X107.091 Y101.095 E51.31934
G1 X107.338 Y101.16 E51.32491
G1 X107.5 Y101.272 E51.32921
G0 F9000 X107.602 Y101.444
G0 X108.11 Y101.451
G0 X113.161 Y100.275
;TYPE:FILL
G1 F2327.1 X112.811 Y100.275 E51.33883
G1 X112.357 Y100.439 E51.3521
G1 X111.95 Y100.82 E51.36742
G1 X111.777 Y101.227 E51.37958
G1 X111.738 Y101.488 E51.38683
G1 X111.754 Y101.682 E51.39219
G1 X108.399 Y105.037 E51.52261
G1 X108.331 Y105.32 E51.53062
G1 X108.258 Y105.46 E51.53496
G1 X108.331 Y105.599 E51.53927
G1 X108.399 Y105.858 E51.54663
G1 X111.583 Y102.674 E51.67041
G1 X111.579 Y103.126 E51.68284
G1 X111.657 Y103.42 E51.6912
G1 X108.362 Y106.715 E51.8193
G1 X108.255 Y106.959 E51.82662
G1 X108.371 Y107.229 E51.8347
G1 X108.415 Y107.483 E51.84179
G1 X111.576 Y104.321 E51.96469
G1 X111.568 Y104.622 E51.97297
G1 X111.683 Y105.035 E51.98475
G1 X108.257 Y108.46 E52.11792
G1 X108.373 Y108.728 E52.12595
G1 X108.431 Y109.107 E52.13649
G1 X111.581 Y105.957 E52.25895
G1 X111.579 Y106.124 E52.26354
G1 X111.666 Y106.45 E52.27282
G1 X111.75 Y106.608 E52.27774
G1 X108.301 Y110.056 E52.4118
G1 X108.373 Y110.223 E52.4168
G1 X108.417 Y110.506 E52.42467
G1 X108.416 Y110.762 E52.43171
G1 X111.568 Y107.61 E52.55425
G1 X111.662 Y107.959 E52.56418
G1 X111.734 Y108.096 E52.56844
G1 X111.633 Y108.366 E52.57636
G1 X108.356 Y111.643 E52.70376
G1 X108.415 Y111.995 E52.71357
G1 X108.415 Y112.404 E52.72481
G1 X111.603 Y109.216 E52.84875
G1 X111.74 Y109.59 E52.8597
G1 X111.669 Y109.73 E52.86401
G1 X111.596 Y110.043 E52.87285
G1 X108.384 Y113.255 E52.99772
G1 X108.414 Y113.437 E53.00279
G1 X108.415 Y113.923 E53.01615
G1 X108.377 Y114.082 E53.02064
G1 X111.636 Y110.823 E53.14734
G1 X111.743 Y111.085 E53.15512
G1 X111.627 Y111.354 E53.16317
G1 X111.584 Y111.696 E53.17265
G1 X108.415 Y114.865 E53.29585
G1 X108.412 Y115.413 E53.31091
G1 X108.306 Y115.793 E53.32176
G1 X111.678 Y112.422 E53.45283
G1 X111.739 Y112.54 E53.45648
G1 X111.667 Y112.678 E53.46076
G1 X111.584 Y113.039 E53.47094
G1 X111.575 Y113.345 E53.47936
G1 X108.417 Y116.502 E53.60211
G1 X108.41 Y117.054 E53.61728
G1 X108.255 Y117.408 E53.62791
G1 X108.279 Y117.461 E53.6295
G1 X111.721 Y114.019 E53.76332
G1 X111.737 Y114.047 E53.7642
G1 X111.588 Y114.401 E53.77476
G1 X111.58 Y114.98 E53.79068
G1 X108.417 Y118.144 E53.91366
G1 X108.412 Y118.524 E53.92411
G1 X108.258 Y118.908 E53.93548
G1 X108.32 Y119.061 E53.94002
G1 X111.66 Y115.72 E54.06989
G1 X111.588 Y115.889 E54.07494
G1 X111.568 Y116.632 E54.09537
G1 X108.419 Y119.781 E54.21779
G1 X108.419 Y119.839 E54.21938
G1 X108.304 Y120.224 E54.23043
G1 X108.797 Y120.224 E54.24398
G1 X111.584 Y117.437 E54.35233
G1 X111.58 Y118.078 E54.36995
G1 X111.619 Y118.222 E54.37405
G1 X109.617 Y120.224 E54.45188
G1 X110.438 Y120.223 E54.47445
G1 X111.583 Y119.078 E54.51896
G1 X111.58 Y119.453 E54.52927
G1 X111.686 Y119.943 E54.54305
G1 X111.741 Y120.036 E54.54602
G1 X111.665 Y120.223 E54.55157
G1 X111.659 Y119.822 E54.5626
G1 X111.259 Y120.223 E54.57817
G0 F9000 X111.967 Y102.056
G0 X112.239 Y100.665
G0 X118.083 Y100.275
G1 F2327.1 X118.583 Y99.774 E54.59762
G1 X118.83 Y100.274 E54.61295
G1 X118.83 Y99.774 E54.6267
G1 X117.763 Y99.774 E54.65603
G1 X117.263 Y100.275 E54.67549
G1 X116.442 Y100.275 E54.69806
G1 X116.943 Y99.774 E54.71753
G1 X116.123 Y99.774 E54.74007
G1 X115.622 Y100.275 E54.75955
G1 X114.802 Y100.275 E54.78209
G1 X115.302 Y99.774 E54.80155
G1 X114.482 Y99.774 E54.82409
G1 X113.982 Y100.275 E54.84355
G1 X113.161 Y100.275 E54.86612
G1 X113.662 Y99.774 E54.8856
G1 X112.842 Y99.774 E54.90814
G1 X108.372 Y104.244 E55.08191
G1 X108.257 Y103.962 E55.09028
G1 X108.33 Y103.824 E55.09458
G1 X108.414 Y103.465 E55.10471
G1 X108.414 Y103.382 E55.10699
G1 X112.021 Y99.774 E55.24724
G1 X111.201 Y99.774 E55.26978
G1 X108.339 Y102.637 E55.38106
G1 X108.258 Y102.464 E55.38631
G1 X108.333 Y102.322 E55.39073
G1 X108.424 Y102.029 E55.39916
G1 X108.427 Y101.729 E55.40741
G1 X110.381 Y99.774 E55.48339
G1 X109.561 Y99.774 E55.50593
G1 X108.302 Y101.033 E55.55488
G1 X108.11 Y100.715 E55.56509
G1 X107.927 Y100.588 E55.57121
G1 X108.741 Y99.774 E55.60286
G1 X107.92 Y99.774 E55.62543
G1 X107.372 Y100.323 E55.64675
G1 X107.116 Y100.274 E55.65392
G1 X106.6 Y100.274 E55.6681
G1 X107.1 Y99.774 E55.68754
G1 X106.28 Y99.774 E55.71008
G1 X105.78 Y100.274 E55.72952
G1 X104.96 Y100.274 E55.75206
G1 X105.46 Y99.774 E55.7715
G1 X104.639 Y99.774 E55.79407
G1 X104.139 Y100.274 E55.8135
G1 X103.319 Y100.274 E55.83605
G1 X103.819 Y99.774 E55.85548
G1 X102.999 Y99.774 E55.87802
G1 X102.499 Y100.274 E55.89746
G1 X101.679 Y100.274 E55.92
G1 X102.179 Y99.774 E55.93944
G1 X101.358 Y99.774 E55.96201
G1 X101.168 Y99.965 E55.96942
G1 X101.167 Y99.774 E55.97467
G0 F9000 X101.249 Y99.855
;MESH:NONMESH
G0 F600 X101.249 Y99.855 Z0.76
G0 F9000 X112.762 Y100.595
G0 X112.762 Y100.909
;TIME_ELAPSED:120.517261
;LAYER:4
;TYPE:WALL-INNER
;MESH:belt_holder_screw.stl
G1 F1346.8 X113.022 Y100.815 E55.98122
G1 X119.491 Y100.815 E56.13452
G1 X119.491 Y99.235 E56.17196
G1 X100.509 Y99.235 E56.6218
G1 X100.509 Y100.815 E56.65924
G1 X106.93 Y100.815 E56.8114
G1 X107.301 Y100.904 E56.82044
G1 X107.587 Y101.099 E56.82865
G1 X107.73 Y101.347 E56.83543
G1 X107.765 Y101.567 E56.84071
G1 X107.755 Y101.949 E56.84977
G1 X107.648 Y102.252 E56.85738
G1 X107.398 Y102.471 E56.86526
G1 X107.648 Y102.689 E56.87312
G1 X107.754 Y102.99 E56.88068
G1 X107.756 Y103.419 E56.89085
G1 X107.646 Y103.751 E56.89913
G1 X107.395 Y103.97 E56.90703
G1 X107.646 Y104.189 E56.91492
G1 X107.757 Y104.442 E56.92147
G1 X107.756 Y104.919 E56.93277
G1 X107.646 Y105.251 E56.94106
G1 X107.395 Y105.47 E56.94896
G1 X107.646 Y105.689 E56.95685
G1 X107.753 Y105.99 E56.96442
G1 X107.761 Y106.418 E56.97456
G1 X107.649 Y106.753 E56.98294
G1 X107.396 Y106.972 E56.99086
G1 X107.647 Y107.19 E56.99874
G1 X107.757 Y107.495 E57.00643
G1 X107.761 Y107.921 E57.01652
G1 X107.649 Y108.253 E57.02483
G1 X107.396 Y108.472 E57.03276
G1 X107.647 Y108.69 E57.04063
G1 X107.756 Y108.971 E57.04778
G1 X107.764 Y109.431 E57.05868
G1 X107.649 Y109.752 E57.06676
G1 X107.395 Y109.971 E57.07471
G1 X107.65 Y110.191 E57.08269
G1 X107.767 Y110.476 E57.08999
G1 X107.757 Y110.882 E57.09961
G1 X107.643 Y111.21 E57.10784
G1 X107.371 Y111.445 E57.11636
G1 X107.642 Y111.68 E57.12486
G1 X107.758 Y112.035 E57.13371
G1 X107.756 Y112.369 E57.14163
G1 X107.646 Y112.701 E57.14992
G1 X107.395 Y112.92 E57.15781
G1 X107.646 Y113.139 E57.1657
G1 X107.757 Y113.392 E57.17225
G1 X107.756 Y113.869 E57.18355
G1 X107.646 Y114.201 E57.19184
G1 X107.395 Y114.42 E57.19974
G1 X107.646 Y114.639 E57.20763
G1 X107.753 Y114.94 E57.2152
G1 X107.761 Y115.368 E57.22535
G1 X107.649 Y115.703 E57.23372
G1 X107.396 Y115.922 E57.24165
G1 X107.647 Y116.14 E57.24952
G1 X107.757 Y116.445 E57.25721
G1 X107.761 Y116.871 E57.2673
G1 X107.649 Y117.203 E57.27561
G1 X107.396 Y117.422 E57.28354
G1 X107.647 Y117.64 E57.29142
G1 X107.756 Y117.922 E57.29858
G1 X107.762 Y118.36 E57.30896
G1 X107.703 Y118.602 E57.31486
G1 X107.626 Y118.735 E57.31851
G1 X107.398 Y118.921 E57.32548
G1 X107.626 Y119.107 E57.33245
G1 X107.764 Y119.423 E57.34062
G1 X107.76 Y119.825 E57.35015
G1 X107.633 Y120.223 E57.36005
G1 X107.413 Y120.419 E57.36703
G1 X107.633 Y120.616 E57.37403
G1 X107.679 Y120.765 E57.37773
G1 X112.24 Y120.765 E57.48581
G1 X112.243 Y120.621 E57.48923
G1 X112.307 Y120.337 E57.49612
G1 X112.386 Y120.204 E57.49979
G1 X112.6 Y120.031 E57.50631
G1 X112.386 Y119.857 E57.51285
G1 X112.307 Y119.725 E57.51649
G1 X112.243 Y119.44 E57.52341
G1 X112.236 Y119.043 E57.53282
G1 X112.352 Y118.746 E57.54038
G1 X112.602 Y118.529 E57.54823
G1 X112.353 Y118.311 E57.55607
G1 X112.246 Y118.01 E57.56364
G1 X112.244 Y117.584 E57.57373
G1 X112.352 Y117.251 E57.58203
G1 X112.601 Y117.032 E57.58989
G1 X112.351 Y116.813 E57.59776
G1 X112.236 Y116.523 E57.60516
G1 X112.244 Y115.995 E57.61767
G1 X112.353 Y115.749 E57.62405
G1 X112.603 Y115.529 E57.63194
G1 X112.354 Y115.31 E57.6398
G1 X112.247 Y115.01 E57.64735
G1 X112.239 Y114.582 E57.65749
G1 X112.35 Y114.249 E57.66581
G1 X112.6 Y114.031 E57.67367
G1 X112.35 Y113.813 E57.68153
G1 X112.237 Y113.499 E57.68944
G1 X112.244 Y113.082 E57.69932
G1 X112.354 Y112.75 E57.70761
G1 X112.606 Y112.53 E57.71554
G1 X112.354 Y112.31 E57.72346
G1 X112.242 Y112.057 E57.73002
G1 X112.245 Y111.626 E57.74024
G1 X112.354 Y111.3 E57.74838
G1 X112.604 Y111.081 E57.75626
G1 X112.354 Y110.862 E57.76413
G1 X112.248 Y110.572 E57.77145
G1 X112.239 Y110.132 E57.78188
G1 X112.351 Y109.798 E57.79023
G1 X112.602 Y109.579 E57.79812
G1 X112.352 Y109.359 E57.80601
G1 X112.246 Y109.06 E57.81353
G1 X112.244 Y108.634 E57.82363
G1 X112.352 Y108.301 E57.83192
G1 X112.601 Y108.082 E57.83978
G1 X112.351 Y107.863 E57.84766
G1 X112.236 Y107.573 E57.85505
G1 X112.244 Y107.045 E57.86756
G1 X112.353 Y106.799 E57.87394
G1 X112.603 Y106.579 E57.88183
G1 X112.354 Y106.36 E57.88969
G1 X112.247 Y106.06 E57.89724
G1 X112.239 Y105.632 E57.90738
G1 X112.35 Y105.299 E57.9157
G1 X112.6 Y105.081 E57.92356
G1 X112.35 Y104.863 E57.93142
G1 X112.237 Y104.549 E57.93933
G1 X112.244 Y104.132 E57.94921
G1 X112.354 Y103.8 E57.9575
G1 X112.604 Y103.581 E57.96538
G1 X112.354 Y103.362 E57.97325
G1 X112.244 Y103.111 E57.97975
G1 X112.238 Y102.549 E57.99307
G1 X112.385 Y102.249 E58.00098
G1 X112.629 Y102.055 E58.00837
G1 X112.45 Y101.8 E58.01576
G1 X112.403 Y101.546 E58.02188
G1 X112.423 Y101.37 E58.02607
G1 X112.526 Y101.13 E58.03226
G1 X112.762 Y100.909 E58.03993
G0 F9000 X113.058 Y101.095
;TYPE:WALL-OUTER
G1 F1036 X119.771 Y101.095 E58.18628
G1 X119.771 Y98.955 E58.23294
G1 X100.229 Y98.955 E58.65899
G1 X100.229 Y101.095 E58.70565
G1 X106.93 Y101.095 E58.85175
G1 X107.204 Y101.167 E58.85792
G1 X107.377 Y101.285 E58.86249
G1 X107.487 Y101.475 E58.86727
G1 X107.477 Y101.917 E58.87691
G1 X107.412 Y102.101 E58.88117
G1 X107.232 Y102.259 E58.88639
G1 X106.746 Y102.488 E58.8981
G1 X107.232 Y102.683 E58.90952
G1 X107.412 Y102.84 E58.91473
G1 X107.48 Y103.009 E58.9187
G1 X107.476 Y103.399 E58.9272
G1 X107.41 Y103.6 E58.93181
G1 X107.228 Y103.759 E58.93708
G1 X106.747 Y103.987 E58.94869
G1 X107.228 Y104.181 E58.96
G1 X107.41 Y104.34 E58.96526
G1 X107.477 Y104.551 E58.97009
G1 X107.476 Y104.899 E58.97768
G1 X107.41 Y105.1 E58.98229
G1 X107.228 Y105.259 E58.98756
G1 X106.747 Y105.487 E58.99916
G1 X107.228 Y105.681 E59.01047
G1 X107.41 Y105.84 E59.01574
G1 X107.475 Y106.022 E59.01995
G1 X107.483 Y106.446 E59.0292
G1 X107.414 Y106.601 E59.0329
G1 X107.231 Y106.759 E59.03817
G1 X106.75 Y106.985 E59.04976
G1 X107.229 Y107.182 E59.06105
G1 X107.411 Y107.34 E59.0663
G1 X107.476 Y107.492 E59.06991
G1 X107.482 Y107.95 E59.07989
G1 X107.414 Y108.101 E59.0835
G1 X107.231 Y108.259 E59.08878
G1 X106.75 Y108.485 E59.10036
G1 X107.229 Y108.682 E59.11165
G1 X107.411 Y108.84 E59.11691
G1 X107.477 Y108.992 E59.12052
G1 X107.479 Y109.426 E59.12998
G1 X107.414 Y109.6 E59.13403
G1 X107.232 Y109.759 E59.1393
G1 X106.747 Y109.987 E59.15099
G1 X107.232 Y110.186 E59.16242
G1 X107.415 Y110.344 E59.16769
G1 X107.486 Y110.516 E59.17174
G1 X107.478 Y110.857 E59.17918
G1 X107.409 Y111.056 E59.18377
G1 X107.232 Y111.209 E59.18887
G1 X106.689 Y111.464 E59.20195
G1 X107.232 Y111.681 E59.2147
G1 X107.408 Y111.833 E59.21977
G1 X107.475 Y112.013 E59.22396
G1 X107.476 Y112.349 E59.23128
G1 X107.41 Y112.55 E59.2359
G1 X107.228 Y112.709 E59.24117
G1 X106.747 Y112.937 E59.25277
G1 X107.228 Y113.131 E59.26408
G1 X107.41 Y113.29 E59.26935
G1 X107.477 Y113.501 E59.27417
G1 X107.476 Y113.849 E59.28176
G1 X107.41 Y114.05 E59.28637
G1 X107.228 Y114.209 E59.29164
G1 X106.747 Y114.437 E59.30325
G1 X107.228 Y114.631 E59.31456
G1 X107.41 Y114.79 E59.31982
G1 X107.475 Y114.972 E59.32404
G1 X107.483 Y115.396 E59.33328
G1 X107.414 Y115.551 E59.33698
G1 X107.231 Y115.709 E59.34225
G1 X106.75 Y115.935 E59.35384
G1 X107.229 Y116.132 E59.36513
G1 X107.411 Y116.29 E59.37039
G1 X107.476 Y116.442 E59.37399
G1 X107.482 Y116.9 E59.38398
G1 X107.414 Y117.051 E59.38759
G1 X107.231 Y117.209 E59.39286
G1 X106.75 Y117.435 E59.40445
G1 X107.229 Y117.632 E59.41574
G1 X107.411 Y117.79 E59.42099
G1 X107.476 Y117.941 E59.42458
G1 X107.482 Y118.343 E59.43334
G1 X107.4 Y118.571 E59.43862
G1 X107.232 Y118.709 E59.44336
G1 X106.747 Y118.937 E59.45505
G1 X107.232 Y119.136 E59.46648
G1 X107.401 Y119.273 E59.47122
G1 X107.484 Y119.453 E59.47554
G1 X107.48 Y119.822 E59.48359
G1 X107.403 Y120.063 E59.4891
G1 X107.234 Y120.207 E59.49394
G1 X106.744 Y120.437 E59.50575
G1 X107.234 Y120.631 E59.51724
G1 X107.403 Y120.776 E59.52209
G1 X107.486 Y121.045 E59.52823
G1 X112.547 Y121.045 E59.63857
G1 X112.518 Y120.922 E59.64132
G1 X112.523 Y120.625 E59.6478
G1 X112.61 Y120.373 E59.65361
G1 X112.771 Y120.242 E59.65814
G1 X113.25 Y120.015 E59.66969
G1 X112.771 Y119.82 E59.68097
G1 X112.61 Y119.688 E59.68551
G1 X112.523 Y119.436 E59.69132
G1 X112.517 Y119.068 E59.69934
G1 X112.587 Y118.898 E59.70335
G1 X112.766 Y118.743 E59.70851
G1 X113.257 Y118.513 E59.72034
G1 X112.768 Y118.318 E59.73181
G1 X112.589 Y118.16 E59.73702
G1 X112.524 Y117.978 E59.74123
G1 X112.523 Y117.603 E59.74941
G1 X112.589 Y117.401 E59.75404
G1 X112.768 Y117.243 E59.75925
G1 X113.255 Y117.012 E59.771
G1 X112.766 Y116.818 E59.78247
G1 X112.586 Y116.661 E59.78767
G1 X112.522 Y116.494 E59.79157
G1 X112.522 Y116.103 E59.8001
G1 X112.589 Y115.9 E59.80476
G1 X112.769 Y115.742 E59.80998
G1 X113.255 Y115.515 E59.82168
G1 X112.769 Y115.318 E59.83311
G1 X112.59 Y115.159 E59.83833
G1 X112.527 Y114.994 E59.84218
G1 X112.519 Y114.602 E59.85073
G1 X112.585 Y114.4 E59.85536
G1 X112.768 Y114.241 E59.86065
G1 X113.252 Y114.015 E59.87229
G1 X112.768 Y113.82 E59.88367
G1 X112.585 Y113.661 E59.88895
G1 X112.518 Y113.442 E59.89395
G1 X112.524 Y113.102 E59.90136
G1 X112.59 Y112.901 E59.90597
G1 X112.771 Y112.743 E59.91121
G1 X113.252 Y112.515 E59.92282
G1 X112.771 Y112.317 E59.93416
G1 X112.59 Y112.159 E59.93939
G1 X112.523 Y111.95 E59.94418
G1 X112.524 Y111.649 E59.95074
G1 X112.59 Y111.451 E59.95529
G1 X112.771 Y111.292 E59.96055
G1 X113.307 Y111.037 E59.97349
G1 X112.995 Y110.909 E59.98084
G1 X112.771 Y110.87 E59.9858
G1 X112.59 Y110.711 E59.99105
G1 X112.524 Y110.54 E59.99504
G1 X112.519 Y110.152 E60.0035
G1 X112.586 Y109.949 E60.00816
G1 X112.766 Y109.793 E60.01336
G1 X113.257 Y109.563 E60.02518
G1 X112.768 Y109.368 E60.03666
G1 X112.588 Y109.209 E60.04189
G1 X112.524 Y109.028 E60.04608
G1 X112.523 Y108.653 E60.05425
G1 X112.589 Y108.451 E60.05889
G1 X112.768 Y108.293 E60.06409
G1 X113.255 Y108.062 E60.07584
G1 X112.766 Y107.868 E60.08731
G1 X112.586 Y107.711 E60.09252
G1 X112.522 Y107.544 E60.09642
G1 X112.522 Y107.153 E60.10494
G1 X112.589 Y106.95 E60.10961
G1 X112.769 Y106.792 E60.11483
G1 X113.255 Y106.565 E60.12652
G1 X112.769 Y106.368 E60.13795
G1 X112.59 Y106.209 E60.14317
G1 X112.527 Y106.044 E60.14703
G1 X112.519 Y105.652 E60.15557
G1 X112.585 Y105.45 E60.16021
G1 X112.768 Y105.291 E60.16549
G1 X113.252 Y105.065 E60.17714
G1 X112.768 Y104.87 E60.18851
G1 X112.585 Y104.711 E60.1938
G1 X112.518 Y104.492 E60.19879
G1 X112.524 Y104.152 E60.20621
G1 X112.59 Y103.951 E60.21082
G1 X112.771 Y103.793 E60.21606
G1 X113.254 Y103.564 E60.22771
G1 X112.771 Y103.369 E60.23907
G1 X112.59 Y103.211 E60.24431
G1 X112.526 Y103.036 E60.24837
G1 X112.518 Y102.6 E60.25788
G1 X112.607 Y102.42 E60.26225
G1 X112.769 Y102.291 E60.26677
G1 X113.249 Y102.064 E60.27834
G1 X112.854 Y101.902 E60.28765
G1 X112.711 Y101.699 E60.29307
G1 X112.683 Y101.545 E60.29648
G1 X112.759 Y101.286 E60.30236
G1 X112.902 Y101.152 E60.30664
G1 X113.058 Y101.095 E60.31026
G0 F9000 X113.258 Y101.095
G0 X113.258 Y100.195
;MESH:NONMESH
G0 F600 X113.258 Y100.195 Z0.88
G0 F9000 X112.881 Y100.909
;TIME_ELAPSED:131.032357
;LAYER:5
;TYPE:WALL-INNER
;MESH:belt_holder_screw.stl
G1 F1334.8 X113.141 Y100.815 E60.31681
G1 X119.611 Y100.815 E60.47013
G1 X119.611 Y99.235 E60.50758
G1 X100.389 Y99.235 E60.9631
G1 X100.389 Y100.815 E61.00054
G1 X106.826 Y100.815 E61.15308
G1 X107.195 Y100.897 E61.16204
G1 X107.496 Y101.134 E61.17112
G1 X107.651 Y101.423 E61.17889
G1 X107.654 Y101.944 E61.19124
G1 X107.549 Y102.254 E61.19899
G1 X107.295 Y102.481 E61.20707
G1 X107.548 Y102.707 E61.21511
G1 X107.656 Y102.962 E61.22167
G1 X107.641 Y103.469 E61.23369
G1 X107.542 Y103.749 E61.24073
G1 X107.289 Y103.979 E61.24883
G1 X107.542 Y104.209 E61.25693
G1 X107.645 Y104.451 E61.26316
G1 X107.645 Y105.006 E61.27632
G1 X107.543 Y105.247 E61.28252
G1 X107.292 Y105.479 E61.29062
G1 X107.543 Y105.711 E61.29872
G1 X107.641 Y105.988 E61.30568
G1 X107.647 Y106.418 E61.31587
G1 X107.543 Y106.749 E61.32409
G1 X107.292 Y106.979 E61.33216
G1 X107.543 Y107.209 E61.34023
G1 X107.646 Y107.455 E61.34655
G1 X107.646 Y107.926 E61.35771
G1 X107.543 Y108.248 E61.36572
G1 X107.292 Y108.479 E61.37381
G1 X107.543 Y108.71 E61.38189
G1 X107.645 Y108.952 E61.38811
G1 X107.646 Y109.507 E61.40127
G1 X107.543 Y109.748 E61.40748
G1 X107.292 Y109.979 E61.41556
G1 X107.543 Y110.21 E61.42364
G1 X107.647 Y110.453 E61.42991
G1 X107.651 Y110.85 E61.43932
G1 X107.607 Y111.08 E61.44487
G1 X107.54 Y111.212 E61.44837
G1 X107.265 Y111.453 E61.45704
G1 X107.54 Y111.695 E61.46572
G1 X107.655 Y111.953 E61.47241
G1 X107.641 Y112.419 E61.48346
G1 X107.542 Y112.699 E61.4905
G1 X107.289 Y112.929 E61.4986
G1 X107.542 Y113.159 E61.50671
G1 X107.645 Y113.401 E61.51294
G1 X107.645 Y113.956 E61.52609
G1 X107.543 Y114.197 E61.53229
G1 X107.292 Y114.429 E61.54039
G1 X107.543 Y114.661 E61.54849
G1 X107.641 Y114.938 E61.55546
G1 X107.647 Y115.368 E61.56565
G1 X107.543 Y115.699 E61.57387
G1 X107.292 Y115.929 E61.58194
G1 X107.543 Y116.159 E61.59
G1 X107.646 Y116.405 E61.59632
G1 X107.646 Y116.876 E61.60749
G1 X107.543 Y117.198 E61.6155
G1 X107.292 Y117.429 E61.62358
G1 X107.543 Y117.66 E61.63166
G1 X107.645 Y117.901 E61.63787
G1 X107.647 Y118.343 E61.64834
G1 X107.589 Y118.61 E61.65482
G1 X107.516 Y118.74 E61.65835
G1 X107.294 Y118.929 E61.66526
G1 X107.516 Y119.118 E61.67217
G1 X107.645 Y119.418 E61.67991
G1 X107.652 Y119.814 E61.68929
G1 X107.524 Y120.234 E61.6997
G1 X107.306 Y120.427 E61.7066
G1 X107.525 Y120.621 E61.71353
G1 X107.569 Y120.765 E61.7171
G1 X112.344 Y120.764 E61.83026
G1 X112.353 Y120.589 E61.83441
G1 X112.416 Y120.328 E61.84077
G1 X112.492 Y120.199 E61.84432
G1 X112.706 Y120.02 E61.85093
G1 X112.493 Y119.842 E61.85751
G1 X112.416 Y119.713 E61.86107
G1 X112.354 Y119.422 E61.86812
G1 X112.353 Y119.031 E61.87739
G1 X112.463 Y118.742 E61.88471
G1 X112.707 Y118.523 E61.89248
G1 X112.46 Y118.305 E61.90029
G1 X112.346 Y117.988 E61.90827
G1 X112.355 Y117.579 E61.91797
G1 X112.457 Y117.253 E61.92606
G1 X112.71 Y117.024 E61.93415
G1 X112.454 Y116.797 E61.94226
G1 X112.352 Y116.512 E61.94943
G1 X112.352 Y116.029 E61.96088
G1 X112.453 Y115.747 E61.96798
G1 X112.707 Y115.518 E61.97608
G1 X112.456 Y115.287 E61.98416
G1 X112.354 Y114.943 E61.99267
G1 X112.354 Y114.496 E62.00326
G1 X112.455 Y114.253 E62.0095
G1 X112.707 Y114.024 E62.01757
G1 X112.452 Y113.798 E62.02564
G1 X112.341 Y113.541 E62.03227
G1 X112.359 Y113.031 E62.04437
G1 X112.458 Y112.751 E62.05141
G1 X112.71 Y112.521 E62.05949
G1 X112.458 Y112.291 E62.06758
G1 X112.355 Y112.05 E62.07379
G1 X112.354 Y111.622 E62.08393
G1 X112.456 Y111.301 E62.09191
G1 X112.709 Y111.069 E62.10005
G1 X112.457 Y110.838 E62.10815
G1 X112.357 Y110.541 E62.11557
G1 X112.354 Y110.128 E62.12536
G1 X112.456 Y109.803 E62.13343
G1 X112.707 Y109.573 E62.1415
G1 X112.453 Y109.344 E62.14961
G1 X112.346 Y109.037 E62.15731
G1 X112.355 Y108.629 E62.16698
G1 X112.457 Y108.303 E62.17508
G1 X112.71 Y108.074 E62.18316
G1 X112.454 Y107.847 E62.19127
G1 X112.352 Y107.562 E62.19845
G1 X112.352 Y107.079 E62.20989
G1 X112.453 Y106.797 E62.21699
G1 X112.707 Y106.568 E62.22509
G1 X112.456 Y106.337 E62.23318
G1 X112.354 Y105.993 E62.24168
G1 X112.354 Y105.546 E62.25227
G1 X112.455 Y105.303 E62.25851
G1 X112.707 Y105.074 E62.26658
G1 X112.452 Y104.848 E62.27465
G1 X112.341 Y104.591 E62.28129
G1 X112.359 Y104.081 E62.29338
G1 X112.458 Y103.801 E62.30042
G1 X112.71 Y103.571 E62.3085
G1 X112.458 Y103.341 E62.31659
G1 X112.355 Y103.1 E62.3228
G1 X112.354 Y102.531 E62.33628
G1 X112.493 Y102.249 E62.34374
G1 X112.735 Y102.046 E62.35122
G1 X112.563 Y101.782 E62.35869
G1 X112.522 Y101.568 E62.36385
G1 X112.542 Y101.37 E62.36857
G1 X112.645 Y101.13 E62.37476
G1 X112.881 Y100.909 E62.38242
G0 F9000 X112.878 Y101.286
;TYPE:WALL-OUTER
G1 F1026.8 X113.021 Y101.152 E62.38669
G1 X113.177 Y101.095 E62.39031
G1 X119.891 Y101.095 E62.53669
G1 X119.891 Y98.955 E62.58335
G1 X100.109 Y98.955 E63.01463
G1 X100.109 Y101.095 E63.06129
G1 X106.826 Y101.095 E63.20774
G1 X107.127 Y101.191 E63.21462
G1 X107.278 Y101.31 E63.21881
G1 X107.371 Y101.484 E63.22312
G1 X107.375 Y101.918 E63.23258
G1 X107.312 Y102.106 E63.2369
G1 X107.129 Y102.268 E63.24223
G1 X106.65 Y102.495 E63.25379
G1 X107.128 Y102.691 E63.26505
G1 X107.31 Y102.854 E63.27038
G1 X107.373 Y103.066 E63.2752
G1 X107.366 Y103.404 E63.28257
G1 X107.303 Y103.603 E63.28712
G1 X107.125 Y103.764 E63.29235
G1 X106.658 Y103.992 E63.30368
G1 X107.125 Y104.194 E63.31478
G1 X107.303 Y104.355 E63.32001
G1 X107.366 Y104.55 E63.32448
G1 X107.366 Y104.908 E63.33228
G1 X107.304 Y105.101 E63.3367
G1 X107.13 Y105.262 E63.34187
G1 X106.666 Y105.495 E63.35319
G1 X107.13 Y105.696 E63.36421
G1 X107.304 Y105.857 E63.36938
G1 X107.363 Y106.025 E63.37326
G1 X107.367 Y106.402 E63.38148
G1 X107.304 Y106.602 E63.38606
G1 X107.129 Y106.763 E63.39124
G1 X106.658 Y106.998 E63.40272
G1 X107.129 Y107.195 E63.41385
G1 X107.304 Y107.356 E63.41903
G1 X107.363 Y107.523 E63.42289
G1 X107.367 Y107.907 E63.43127
G1 X107.304 Y108.102 E63.43573
G1 X107.129 Y108.263 E63.44092
G1 X106.658 Y108.498 E63.45239
G1 X107.129 Y108.695 E63.46352
G1 X107.304 Y108.856 E63.46871
G1 X107.366 Y109.055 E63.47325
G1 X107.367 Y109.407 E63.48093
G1 X107.304 Y109.602 E63.48539
G1 X107.129 Y109.763 E63.49058
G1 X106.658 Y109.998 E63.50206
G1 X107.129 Y110.195 E63.51319
G1 X107.304 Y110.356 E63.51837
G1 X107.364 Y110.525 E63.52228
G1 X107.37 Y110.864 E63.52967
G1 X107.304 Y111.061 E63.5342
G1 X107.124 Y111.22 E63.53944
G1 X106.602 Y111.47 E63.55206
G1 X106.831 Y111.573 E63.55753
G1 X107.125 Y111.688 E63.56441
G1 X107.305 Y111.846 E63.56964
G1 X107.372 Y112.058 E63.57448
G1 X107.366 Y112.354 E63.58094
G1 X107.303 Y112.553 E63.58549
G1 X107.125 Y112.714 E63.59072
G1 X106.658 Y112.942 E63.60205
G1 X107.125 Y113.144 E63.61314
G1 X107.303 Y113.305 E63.61838
G1 X107.366 Y113.5 E63.62285
G1 X107.366 Y113.858 E63.63065
G1 X107.304 Y114.051 E63.63507
G1 X107.13 Y114.212 E63.64024
G1 X106.666 Y114.445 E63.65156
G1 X107.13 Y114.646 E63.66258
G1 X107.304 Y114.807 E63.66775
G1 X107.363 Y114.975 E63.67163
G1 X107.367 Y115.352 E63.67985
G1 X107.304 Y115.552 E63.68442
G1 X107.129 Y115.713 E63.68961
G1 X106.658 Y115.948 E63.70108
G1 X107.129 Y116.145 E63.71222
G1 X107.304 Y116.306 E63.7174
G1 X107.363 Y116.473 E63.72126
G1 X107.367 Y116.857 E63.72963
G1 X107.304 Y117.052 E63.7341
G1 X107.129 Y117.213 E63.73929
G1 X106.658 Y117.448 E63.75076
G1 X107.129 Y117.645 E63.76189
G1 X107.304 Y117.806 E63.76708
G1 X107.366 Y118.005 E63.77162
G1 X107.368 Y118.399 E63.78021
G1 X107.288 Y118.577 E63.78447
G1 X107.129 Y118.713 E63.78903
G1 X106.658 Y118.948 E63.8005
G1 X107.129 Y119.145 E63.81163
G1 X107.288 Y119.281 E63.8162
G1 X107.366 Y119.453 E63.82031
G1 X107.372 Y119.818 E63.82827
G1 X107.295 Y120.073 E63.83408
G1 X107.128 Y120.215 E63.83886
G1 X106.653 Y120.443 E63.85035
G1 X107.129 Y120.641 E63.86159
G1 X107.296 Y120.782 E63.86635
G1 X107.374 Y121.045 E63.87233
G1 X112.654 Y121.045 E63.98745
G1 X112.619 Y120.9 E63.9907
G1 X112.633 Y120.602 E63.9972
G1 X112.717 Y120.366 E64.00266
G1 X112.871 Y120.238 E64.00703
G1 X113.342 Y120.002 E64.01852
G1 X112.871 Y119.804 E64.02966
G1 X112.718 Y119.675 E64.03402
G1 X112.634 Y119.421 E64.03985
G1 X112.633 Y119.056 E64.04781
G1 X112.699 Y118.892 E64.05166
G1 X112.871 Y118.737 E64.05671
G1 X113.34 Y118.505 E64.06812
G1 X112.869 Y118.306 E64.07927
G1 X112.695 Y118.153 E64.08432
G1 X112.627 Y117.934 E64.08932
G1 X112.634 Y117.596 E64.09669
G1 X112.696 Y117.399 E64.10119
G1 X112.875 Y117.236 E64.10647
G1 X113.349 Y117.005 E64.11796
G1 X112.873 Y116.809 E64.12919
G1 X112.692 Y116.648 E64.13447
G1 X112.627 Y116.435 E64.13932
G1 X112.627 Y116.096 E64.14672
G1 X112.691 Y115.895 E64.15131
G1 X112.868 Y115.735 E64.15652
G1 X113.344 Y115.506 E64.16803
G1 X112.871 Y115.305 E64.17924
G1 X112.696 Y115.142 E64.18445
G1 X112.637 Y114.975 E64.18831
G1 X112.633 Y114.595 E64.1966
G1 X112.695 Y114.398 E64.2011
G1 X112.874 Y114.235 E64.20638
G1 X113.347 Y114.005 E64.21785
G1 X112.871 Y113.81 E64.22906
G1 X112.689 Y113.649 E64.23436
G1 X112.624 Y113.436 E64.23921
G1 X112.634 Y113.096 E64.24663
G1 X112.697 Y112.898 E64.25116
G1 X112.872 Y112.737 E64.25634
G1 X113.339 Y112.507 E64.26769
G1 X112.872 Y112.305 E64.27879
G1 X112.697 Y112.144 E64.28397
G1 X112.638 Y111.983 E64.28771
G1 X112.633 Y111.642 E64.29514
G1 X112.695 Y111.447 E64.29961
G1 X112.87 Y111.287 E64.30478
G1 X113.398 Y111.025 E64.31763
G1 X113.098 Y110.902 E64.3247
G1 X112.871 Y110.853 E64.32976
G1 X112.696 Y110.692 E64.33494
G1 X112.638 Y110.531 E64.33867
G1 X112.633 Y110.146 E64.34707
G1 X112.695 Y109.949 E64.35157
G1 X112.871 Y109.787 E64.35679
G1 X113.34 Y109.555 E64.36819
G1 X112.869 Y109.356 E64.37934
G1 X112.691 Y109.196 E64.38456
G1 X112.627 Y108.984 E64.38939
G1 X112.634 Y108.646 E64.39676
G1 X112.696 Y108.449 E64.40126
G1 X112.875 Y108.286 E64.40654
G1 X113.349 Y108.055 E64.41804
G1 X112.873 Y107.859 E64.42926
G1 X112.692 Y107.698 E64.43454
G1 X112.627 Y107.485 E64.4394
G1 X112.627 Y107.146 E64.44679
G1 X112.691 Y106.945 E64.45138
G1 X112.868 Y106.785 E64.45659
G1 X113.344 Y106.556 E64.4681
G1 X112.871 Y106.355 E64.47931
G1 X112.696 Y106.192 E64.48452
G1 X112.637 Y106.025 E64.48838
G1 X112.633 Y105.645 E64.49667
G1 X112.695 Y105.448 E64.50117
G1 X112.874 Y105.285 E64.50645
G1 X113.347 Y105.055 E64.51792
G1 X112.871 Y104.86 E64.52913
G1 X112.689 Y104.699 E64.53443
G1 X112.624 Y104.486 E64.53928
G1 X112.634 Y104.146 E64.5467
G1 X112.697 Y103.948 E64.55123
G1 X112.872 Y103.787 E64.55641
G1 X113.339 Y103.557 E64.56776
G1 X112.872 Y103.355 E64.57886
G1 X112.697 Y103.194 E64.58404
G1 X112.638 Y103.034 E64.58776
G1 X112.632 Y102.589 E64.59746
G1 X112.717 Y102.416 E64.60166
G1 X112.871 Y102.287 E64.60604
G1 X113.345 Y102.053 E64.61757
G1 X112.965 Y101.901 E64.62649
G1 X112.826 Y101.688 E64.63204
G1 X112.816 Y101.431 E64.63764
G1 X112.878 Y101.286 E64.64108
G0 F9000 X113.021 Y101.152
G0 X113.025 Y101.151
G0 X113.025 Y100.195
;MESH:NONMESH
G0 F600 X113.025 Y100.195 Z1
G0 F9000 X113.02 Y100.907
;TIME_ELAPSED:141.590577
;LAYER:6
;TYPE:WALL-INNER
;MESH:belt_holder_screw.stl
G1 F2561 X113.276 Y100.815 E64.64753
G1 X119.731 Y100.815 E64.8005
G1 X119.731 Y99.235 E64.83794
G1 X100.269 Y99.235 E65.29915
G1 X100.269 Y100.815 E65.33659
G1 X106.726 Y100.815 E65.48961
G1 X107.126 Y100.915 E65.49938
G1 X107.411 Y101.163 E65.50833
G1 X107.552 Y101.445 E65.5158
G1 X107.551 Y101.944 E65.52763
G1 X107.453 Y102.241 E65.53504
G1 X107.195 Y102.485 E65.54346
G1 X107.45 Y102.73 E65.55184
G1 X107.542 Y102.999 E65.55857
G1 X107.55 Y103.424 E65.56865
G1 X107.45 Y103.751 E65.57675
G1 X107.193 Y103.988 E65.58503
G1 X107.45 Y104.225 E65.59332
G1 X107.549 Y104.548 E65.60133
G1 X107.553 Y104.977 E65.61149
G1 X107.452 Y105.251 E65.61841
G1 X107.197 Y105.49 E65.62669
G1 X107.452 Y105.728 E65.63496
G1 X107.549 Y106.041 E65.64273
G1 X107.554 Y106.486 E65.65327
G1 X107.452 Y106.753 E65.66005
G1 X107.195 Y106.99 E65.66833
G1 X107.451 Y107.226 E65.67658
G1 X107.549 Y107.546 E65.68451
G1 X107.559 Y108.009 E65.69549
G1 X107.455 Y108.255 E65.70182
G1 X107.199 Y108.492 E65.71008
G1 X107.453 Y108.73 E65.71833
G1 X107.545 Y109.002 E65.72514
G1 X107.559 Y109.507 E65.73711
G1 X107.455 Y109.755 E65.74348
G1 X107.199 Y109.992 E65.75175
G1 X107.453 Y110.23 E65.76
G1 X107.546 Y110.512 E65.76704
G1 X107.55 Y110.878 E65.77571
G1 X107.446 Y111.199 E65.78371
G1 X107.172 Y111.459 E65.79266
G1 X107.445 Y111.72 E65.80161
G1 X107.548 Y112.055 E65.80991
G1 X107.548 Y112.375 E65.8175
G1 X107.449 Y112.702 E65.82559
G1 X107.192 Y112.937 E65.83385
G1 X107.449 Y113.174 E65.84213
G1 X107.549 Y113.498 E65.85017
G1 X107.553 Y113.927 E65.86033
G1 X107.452 Y114.201 E65.86725
G1 X107.197 Y114.44 E65.87553
G1 X107.452 Y114.678 E65.8838
G1 X107.549 Y114.991 E65.89157
G1 X107.554 Y115.436 E65.90211
G1 X107.452 Y115.703 E65.90889
G1 X107.195 Y115.94 E65.91717
G1 X107.451 Y116.176 E65.92542
G1 X107.549 Y116.496 E65.93335
G1 X107.559 Y116.959 E65.94433
G1 X107.455 Y117.205 E65.95066
G1 X107.199 Y117.442 E65.95892
G1 X107.453 Y117.68 E65.96717
G1 X107.545 Y117.952 E65.97398
G1 X107.561 Y118.457 E65.98595
G1 X107.422 Y118.755 E65.99374
G1 X107.202 Y118.942 E66.00059
G1 X107.42 Y119.13 E66.00741
G1 X107.55 Y119.431 E66.01518
G1 X107.551 Y119.824 E66.02449
G1 X107.418 Y120.244 E66.03493
G1 X107.201 Y120.435 E66.04178
G1 X107.417 Y120.627 E66.04863
G1 X107.461 Y120.765 E66.05206
G1 X112.442 Y120.764 E66.1701
G1 X112.448 Y120.589 E66.17425
G1 X112.51 Y120.32 E66.18079
G1 X112.586 Y120.191 E66.18434
G1 X112.803 Y120.01 E66.19104
G1 X112.587 Y119.83 E66.1977
G1 X112.511 Y119.7 E66.20127
G1 X112.45 Y119.429 E66.20785
G1 X112.439 Y119.01 E66.21778
G1 X112.553 Y118.732 E66.22491
G1 X112.802 Y118.509 E66.23283
G1 X112.557 Y118.282 E66.24074
G1 X112.457 Y117.989 E66.24808
G1 X112.45 Y117.579 E66.2578
G1 X112.551 Y117.246 E66.26604
G1 X112.814 Y117.008 E66.27445
G1 X112.55 Y116.769 E66.28289
G1 X112.452 Y116.482 E66.29007
G1 X112.453 Y116.076 E66.29969
G1 X112.55 Y115.753 E66.30769
G1 X112.805 Y115.516 E66.31594
G1 X112.546 Y115.282 E66.32421
G1 X112.442 Y114.936 E66.33277
G1 X112.454 Y114.528 E66.34244
G1 X112.549 Y114.25 E66.34941
G1 X112.805 Y114.014 E66.35766
G1 X112.546 Y113.78 E66.36593
G1 X112.442 Y113.533 E66.37228
G1 X112.448 Y113.073 E66.38318
G1 X112.548 Y112.747 E66.39126
G1 X112.805 Y112.51 E66.39955
G1 X112.549 Y112.273 E66.40781
G1 X112.45 Y111.948 E66.41587
G1 X112.449 Y111.618 E66.42369
G1 X112.549 Y111.297 E66.43165
G1 X112.807 Y111.06 E66.43996
G1 X112.549 Y110.823 E66.44826
G1 X112.457 Y110.562 E66.45482
G1 X112.443 Y110.129 E66.46508
G1 X112.545 Y109.795 E66.47336
G1 X112.801 Y109.558 E66.48163
G1 X112.549 Y109.318 E66.48987
G1 X112.457 Y109.039 E66.49683
G1 X112.45 Y108.629 E66.50655
G1 X112.551 Y108.296 E66.5148
G1 X112.814 Y108.058 E66.5232
G1 X112.55 Y107.819 E66.53164
G1 X112.452 Y107.532 E66.53883
G1 X112.453 Y107.126 E66.54845
G1 X112.55 Y106.803 E66.55644
G1 X112.805 Y106.566 E66.56469
G1 X112.546 Y106.332 E66.57296
G1 X112.442 Y105.986 E66.58153
G1 X112.454 Y105.578 E66.5912
G1 X112.549 Y105.3 E66.59816
G1 X112.805 Y105.064 E66.60641
G1 X112.546 Y104.83 E66.61468
G1 X112.442 Y104.583 E66.62104
G1 X112.448 Y104.124 E66.63191
G1 X112.548 Y103.797 E66.64002
G1 X112.805 Y103.56 E66.6483
G1 X112.549 Y103.323 E66.65657
G1 X112.455 Y103.049 E66.66343
G1 X112.448 Y102.627 E66.67344
G1 X112.496 Y102.405 E66.67882
G1 X112.603 Y102.219 E66.6839
G1 X112.84 Y102.024 E66.69118
G1 X112.689 Y101.757 E66.69845
G1 X112.657 Y101.546 E66.7035
G1 X112.679 Y101.362 E66.70789
G1 X112.784 Y101.124 E66.71406
G1 X113.02 Y100.907 E66.72166
G0 F9000 X113.015 Y101.282
;TYPE:WALL-OUTER
G1 F1970 X113.158 Y101.15 E66.7259
G1 X113.313 Y101.095 E66.72949
G1 X120.011 Y101.095 E66.87552
G1 X120.011 Y98.955 E66.92217
G1 X99.989 Y98.955 E67.35869
G1 X99.989 Y101.095 E67.40535
G1 X106.726 Y101.095 E67.55223
G1 X106.932 Y101.146 E67.55686
G1 X107.187 Y101.33 E67.56371
G1 X107.272 Y101.5 E67.56785
G1 X107.272 Y101.917 E67.57695
G1 X107.212 Y102.097 E67.58108
G1 X107.043 Y102.257 E67.58616
G1 X106.569 Y102.505 E67.59782
G1 X107.041 Y102.71 E67.60904
G1 X107.209 Y102.872 E67.61413
G1 X107.267 Y103.085 E67.61894
G1 X107.268 Y103.439 E67.62666
G1 X107.21 Y103.607 E67.63053
G1 X107.03 Y103.773 E67.63587
G1 X106.574 Y104.005 E67.64703
G1 X107.03 Y104.203 E67.65786
G1 X107.21 Y104.369 E67.6632
G1 X107.266 Y104.525 E67.66682
G1 X107.272 Y104.913 E67.67528
G1 X107.212 Y105.107 E67.6797
G1 X107.037 Y105.271 E67.68493
G1 X106.573 Y105.504 E67.69625
G1 X107.036 Y105.707 E67.70727
G1 X107.211 Y105.87 E67.71249
G1 X107.27 Y106.06 E67.71683
G1 X107.272 Y106.462 E67.72559
G1 X107.212 Y106.609 E67.72905
G1 X107.033 Y106.773 E67.73435
G1 X106.567 Y107.003 E67.74567
G1 X107.032 Y107.205 E67.75673
G1 X107.21 Y107.37 E67.76202
G1 X107.27 Y107.564 E67.76645
G1 X107.278 Y107.96 E67.77508
G1 X107.216 Y108.11 E67.77862
G1 X107.039 Y108.273 E67.78387
G1 X106.571 Y108.505 E67.79526
G1 X107.036 Y108.707 E67.80631
G1 X107.211 Y108.872 E67.81155
G1 X107.27 Y109.077 E67.8162
G1 X107.275 Y109.439 E67.8241
G1 X107.216 Y109.61 E67.82804
G1 X107.039 Y109.773 E67.83329
G1 X106.571 Y110.005 E67.84467
G1 X107.036 Y110.207 E67.85573
G1 X107.211 Y110.372 E67.86097
G1 X107.268 Y110.543 E67.8649
G1 X107.271 Y110.857 E67.87175
G1 X107.208 Y111.052 E67.87622
G1 X107.041 Y111.208 E67.8812
G1 X106.522 Y111.478 E67.89395
G1 X107.04 Y111.709 E67.90632
G1 X107.206 Y111.865 E67.91128
G1 X107.268 Y112.013 E67.91478
G1 X107.269 Y112.36 E67.92235
G1 X107.208 Y112.558 E67.92686
G1 X107.028 Y112.724 E67.9322
G1 X106.574 Y112.955 E67.94331
G1 X107.029 Y113.153 E67.95413
G1 X107.209 Y113.318 E67.95945
G1 X107.27 Y113.463 E67.96288
G1 X107.272 Y113.863 E67.9716
G1 X107.212 Y114.057 E67.97603
G1 X107.037 Y114.221 E67.98126
G1 X106.573 Y114.454 E67.99258
G1 X107.036 Y114.657 E68.0036
G1 X107.211 Y114.82 E68.00881
G1 X107.27 Y115.01 E68.01315
G1 X107.272 Y115.412 E68.02192
G1 X107.212 Y115.559 E68.02538
G1 X107.033 Y115.723 E68.03067
G1 X106.567 Y115.953 E68.042
G1 X107.032 Y116.155 E68.05305
G1 X107.21 Y116.32 E68.05834
G1 X107.27 Y116.514 E68.06277
G1 X107.278 Y116.91 E68.07141
G1 X107.216 Y117.06 E68.07495
G1 X107.039 Y117.223 E68.08019
G1 X106.571 Y117.455 E68.09158
G1 X107.036 Y117.657 E68.10263
G1 X107.211 Y117.822 E68.10788
G1 X107.263 Y117.962 E68.11113
G1 X107.28 Y118.409 E68.12089
G1 X107.195 Y118.59 E68.12525
G1 X107.039 Y118.723 E68.12972
G1 X106.571 Y118.955 E68.1411
G1 X107.036 Y119.157 E68.15216
G1 X107.191 Y119.292 E68.15664
G1 X107.27 Y119.473 E68.16094
G1 X107.271 Y119.825 E68.16862
G1 X107.19 Y120.08 E68.17445
G1 X107.038 Y120.21 E68.17881
G1 X106.571 Y120.449 E68.19025
G1 X107.037 Y120.657 E68.20138
G1 X107.189 Y120.79 E68.20578
G1 X107.268 Y121.045 E68.2116
G1 X112.757 Y121.044 E68.33127
G1 X112.718 Y120.895 E68.33463
G1 X112.728 Y120.598 E68.34111
G1 X112.811 Y120.357 E68.34666
G1 X112.967 Y120.227 E68.35109
G1 X113.434 Y119.997 E68.36244
G1 X112.968 Y119.795 E68.37351
G1 X112.813 Y119.664 E68.37794
G1 X112.73 Y119.421 E68.38354
G1 X112.72 Y119.051 E68.39161
G1 X112.789 Y118.883 E68.39557
G1 X112.96 Y118.73 E68.40057
G1 X113.424 Y118.499 E68.41187
G1 X112.964 Y118.292 E68.42287
G1 X112.796 Y118.136 E68.42787
G1 X112.735 Y117.958 E68.43197
G1 X112.732 Y117.562 E68.4406
G1 X112.791 Y117.391 E68.44455
G1 X112.971 Y117.227 E68.44985
G1 X113.433 Y116.998 E68.4611
G1 X112.97 Y116.787 E68.47219
G1 X112.79 Y116.624 E68.47748
G1 X112.73 Y116.45 E68.4815
G1 X112.735 Y116.063 E68.48993
G1 X112.792 Y115.895 E68.4938
G1 X112.97 Y115.728 E68.49912
G1 X113.429 Y115.497 E68.51033
G1 X112.966 Y115.3 E68.5213
G1 X112.785 Y115.136 E68.52662
G1 X112.725 Y114.966 E68.53055
G1 X112.732 Y114.562 E68.53936
G1 X112.79 Y114.393 E68.54326
G1 X112.971 Y114.226 E68.54863
G1 X113.434 Y114 E68.55986
G1 X112.968 Y113.799 E68.57092
G1 X112.785 Y113.634 E68.5763
G1 X112.726 Y113.465 E68.5802
G1 X112.728 Y113.089 E68.5884
G1 X112.788 Y112.891 E68.59291
G1 X112.966 Y112.727 E68.59818
G1 X113.432 Y112.497 E68.60951
G1 X112.967 Y112.295 E68.62057
G1 X112.79 Y112.13 E68.62584
G1 X112.73 Y111.933 E68.63033
G1 X112.728 Y111.636 E68.63681
G1 X112.789 Y111.441 E68.64126
G1 X112.967 Y111.277 E68.64654
G1 X113.487 Y111.021 E68.65917
G1 X113.217 Y110.899 E68.66563
G1 X112.968 Y110.845 E68.67119
G1 X112.79 Y110.679 E68.6765
G1 X112.732 Y110.508 E68.68043
G1 X112.722 Y110.09 E68.68955
G1 X112.785 Y109.94 E68.6931
G1 X112.96 Y109.778 E68.69829
G1 X113.424 Y109.549 E68.70958
G1 X112.964 Y109.343 E68.72056
G1 X112.791 Y109.177 E68.72579
G1 X112.735 Y109.008 E68.72967
G1 X112.732 Y108.612 E68.73831
G1 X112.791 Y108.441 E68.74225
G1 X112.971 Y108.277 E68.74756
G1 X113.433 Y108.048 E68.7588
G1 X112.97 Y107.837 E68.76989
G1 X112.79 Y107.674 E68.77519
G1 X112.73 Y107.5 E68.7792
G1 X112.735 Y107.113 E68.78764
G1 X112.792 Y106.945 E68.79151
G1 X112.97 Y106.778 E68.79683
G1 X113.429 Y106.547 E68.80803
G1 X112.966 Y106.35 E68.819
G1 X112.785 Y106.186 E68.82433
G1 X112.725 Y106.016 E68.82826
G1 X112.732 Y105.612 E68.83707
G1 X112.79 Y105.443 E68.84096
G1 X112.971 Y105.276 E68.84633
G1 X113.434 Y105.05 E68.85756
G1 X112.968 Y104.849 E68.86863
G1 X112.785 Y104.684 E68.874
G1 X112.726 Y104.515 E68.8779
G1 X112.728 Y104.139 E68.8861
G1 X112.788 Y103.941 E68.89061
G1 X112.966 Y103.777 E68.89589
G1 X113.432 Y103.547 E68.90722
G1 X112.967 Y103.345 E68.91827
G1 X112.79 Y103.18 E68.92355
G1 X112.73 Y103.016 E68.92735
G1 X112.728 Y102.641 E68.93553
G1 X112.822 Y102.394 E68.94129
G1 X112.966 Y102.278 E68.94532
G1 X113.434 Y102.046 E68.95671
G1 X113.079 Y101.884 E68.96522
G1 X112.956 Y101.672 E68.97056
G1 X112.952 Y101.426 E68.97593
G1 X113.015 Y101.282 E68.97935
G0 F9000 X113.158 Y101.15
G0 X113.163 Y101.148
G0 X113.163 Y100.595
G0 X118.95 Y100.084
;TYPE:FILL
G1 F2364 X118.641 Y99.775 E69.01539
G1 X117.82 Y99.775 E69.0831
G1 X118.32 Y100.274 E69.14135
G1 X117.499 Y100.274 E69.20906
G1 X117 Y99.775 E69.26726
G1 X116.18 Y99.775 E69.33488
G1 X116.679 Y100.274 E69.39308
G1 X115.859 Y100.274 E69.4607
G1 X115.36 Y99.775 E69.5189
G1 X114.539 Y99.775 E69.58661
G1 X115.039 Y100.274 E69.64486
G1 X114.218 Y100.274 E69.71257
G1 X113.719 Y99.775 E69.77077
G1 X112.899 Y99.775 E69.83839
G1 X113.398 Y100.274 E69.89659
G1 X112.936 Y100.274 E69.93469
G1 X112.673 Y100.37 E69.95778
G1 X112.079 Y99.775 E70.02711
G1 X111.259 Y99.775 E70.09474
G1 X112.193 Y100.709 E70.20367
G1 X112.075 Y100.82 E70.21703
G1 X111.898 Y101.235 E70.25424
G1 X110.438 Y99.775 E70.42451
G1 X109.618 Y99.775 E70.49214
G1 X111.884 Y102.041 E70.75642
G1 X111.786 Y102.213 E70.77274
G1 X111.684 Y102.661 E70.81063
G1 X108.798 Y99.775 E71.14722
G1 X107.978 Y99.775 E71.21485
G1 X111.835 Y103.632 E71.66468
G1 X111.782 Y103.734 E71.67416
G1 X111.706 Y104.079 E71.70329
G1 X111.702 Y104.32 E71.72317
G1 X107.157 Y99.775 E72.25325
G1 X106.337 Y99.775 E72.32087
G1 X106.836 Y100.274 E72.37907
G1 X106.016 Y100.274 E72.44669
G1 X105.517 Y99.775 E72.50489
G1 X104.697 Y99.775 E72.57251
G1 X105.196 Y100.274 E72.63071
G1 X104.376 Y100.274 E72.69834
G1 X103.876 Y99.775 E72.75659
G1 X103.056 Y99.775 E72.82422
G1 X103.555 Y100.274 E72.88241
G1 X102.735 Y100.274 E72.95004
G1 X102.236 Y99.775 E73.00823
G1 X101.416 Y99.775 E73.07586
G1 X101.915 Y100.274 E73.13406
G1 X101.048 Y100.274 E73.20556
G0 F9000 X106.954 Y100.274
G1 F2364 X107.446 Y100.359 E73.24673
G1 X107.991 Y100.732 E73.3012
G1 X108.245 Y101.17 E73.34295
G1 X108.304 Y101.539 E73.37377
G1 X108.298 Y101.736 E73.39002
G1 X111.785 Y105.223 E73.7967
G1 X111.699 Y105.588 E73.82763
G1 X111.702 Y105.96 E73.85831
G1 X108.163 Y102.421 E74.27106
G1 X108.14 Y102.469 E74.27545
G1 X108.258 Y102.756 E74.30104
G1 X108.298 Y103.036 E74.32436
G1 X108.292 Y103.371 E74.35199
G1 X111.747 Y106.825 E74.75489
G1 X111.652 Y107.338 E74.79791
G1 X111.699 Y107.338 E74.80179
G1 X111.705 Y107.603 E74.82365
G1 X108.183 Y104.082 E75.23435
G1 X108.258 Y104.258 E75.25013
G1 X108.296 Y104.511 E75.27123
G1 X108.291 Y105.011 E75.31246
G1 X111.734 Y108.453 E75.71396
G1 X111.703 Y108.593 E75.72578
G1 X111.7 Y109.115 E75.76883
G1 X111.745 Y109.284 E75.78325
G1 X108.294 Y105.833 E76.18574
G1 X108.299 Y106.447 E76.23638
G1 X108.268 Y106.628 E76.25152
G1 X111.699 Y110.058 E76.65161
G1 X111.702 Y110.539 E76.69128
G1 X111.741 Y110.798 E76.71288
G1 X111.833 Y111.012 E76.73209
G1 X108.296 Y107.475 E77.1446
G1 X108.304 Y107.934 E77.18246
G1 X108.25 Y108.25 E77.2089
G1 X111.705 Y111.705 E77.61185
G1 X111.703 Y111.996 E77.63585
G1 X111.742 Y112.248 E77.65688
G1 X111.862 Y112.528 E77.682
G1 X111.811 Y112.631 E77.69148
G1 X108.297 Y109.117 E78.10131
G1 X108.301 Y109.443 E78.1282
G1 X108.197 Y109.837 E78.1618
G1 X111.7 Y113.341 E78.57041
G1 X111.697 Y113.479 E78.58179
G1 X111.739 Y113.754 E78.60473
G1 X111.856 Y114.03 E78.62946
G1 X111.77 Y114.23 E78.64741
G1 X108.298 Y110.759 E79.05228
G1 X108.295 Y110.93 E79.06639
G1 X108.21 Y111.282 E79.09625
G1 X108.139 Y111.42 E79.10905
G1 X111.704 Y114.985 E79.52483
G1 X111.704 Y115.063 E79.53126
G1 X111.783 Y115.378 E79.55804
G1 X111.86 Y115.528 E79.57195
G1 X111.73 Y115.831 E79.59914
G1 X108.292 Y112.393 E80.00011
G1 X108.29 Y112.557 E80.01363
G1 X108.136 Y112.919 E80.04608
G1 X108.237 Y113.159 E80.06755
G1 X111.724 Y116.645 E80.47417
G1 X111.858 Y117.033 E80.50803
G1 X111.78 Y117.194 E80.52278
G1 X111.721 Y117.463 E80.54549
G1 X108.298 Y114.04 E80.94471
G1 X108.137 Y114.419 E80.97867
G1 X108.255 Y114.697 E81.00357
G1 X108.282 Y114.844 E81.0159
G1 X111.774 Y118.336 E81.42316
G1 X111.859 Y118.525 E81.44025
G1 X111.785 Y118.672 E81.45383
G1 X111.694 Y118.972 E81.47968
G1 X111.696 Y119.078 E81.48842
G1 X108.258 Y115.64 E81.88939
G1 X108.142 Y115.923 E81.91461
G1 X108.217 Y116.078 E81.92881
G1 X108.294 Y116.343 E81.95157
G1 X108.297 Y116.5 E81.96452
G1 X111.852 Y120.055 E82.37914
G1 X111.784 Y120.223 E82.39408
G1 X111.2 Y120.223 E82.44224
G1 X108.217 Y117.239 E82.7902
G1 X108.14 Y117.422 E82.80658
G1 X108.255 Y117.695 E82.83101
G1 X108.297 Y117.972 E82.85411
G1 X108.298 Y118.141 E82.86805
G1 X110.38 Y120.223 E83.11087
G1 X109.56 Y120.223 E83.17849
G1 X108.176 Y118.839 E83.33991
G1 X108.14 Y118.921 E83.34729
G1 X108.271 Y119.24 E83.37573
G1 X108.302 Y119.524 E83.39929
G1 X108.3 Y119.783 E83.42065
G1 X108.741 Y120.224 E83.47208
G1 X108.187 Y120.225 E83.51777
G1 X108.3 Y119.87 E83.5485
G0 F9000 X112.331 Y112.564
G0 X112.355 Y112.509
;TYPE:FILL
G1 F4032.7 X112.195 Y112.04 E83.55648
G1 X112.132 Y112.076 E83.55765
G1 X112.111 Y112.04 E83.55832
G1 X112.173 Y112.004 E83.55948
G1 X112.172 Y111.571 E83.56645
G1 X112.11 Y111.607 E83.56761
G1 X112.172 Y111.643 E83.56877
G1 X112.193 Y111.601 E83.56952
G1 X112.13 Y111.637 E83.57069
G1 X112.109 Y111.601 E83.57136
G1 X112.171 Y111.565 E83.57252
G1 X112.243 Y111.363 E83.57597
G1 X112.172 Y111.327 E83.57726
G1 X112.234 Y111.291 E83.57841
G1 X112.355 Y111.059 E83.58263
G1 X112.345 Y111.043 E83.58293
G0 F9000 X112.315 Y111.114
G0 X112.281 Y105.023
G0 X112.291 Y102.13
G0 X112.378 Y102.091
G1 F4032.7 X112.315 Y102.127 E83.5841
G1 X112.294 Y102.091 E83.58477
G1 X112.452 Y101.95 E83.58819
G1 X112.389 Y101.845 E83.59016
G1 X112.338 Y101.555 E83.5949
G1 X112.37 Y101.305 E83.59897
G1 X112.489 Y101.031 E83.60378
G1 X112.584 Y100.954 E83.60575
G1 X112.521 Y100.99 E83.60692
G1 X112.5 Y100.954 E83.60759
G1 X112.562 Y100.918 E83.60875
G0 F9000 X112.122 Y100.821
;MESH:NONMESH
G0 F600 X112.122 Y100.821 Z1.12
G0 F9000 X113.114 Y100.907
;TIME_ELAPSED:156.532192
;LAYER:7
;TYPE:WALL-INNER
;MESH:belt_holder_screw.stl
G1 F1339.2 X113.37 Y100.815 E83.61519
G1 X119.851 Y100.815 E83.76878
G1 X119.851 Y99.235 E83.80622
G1 X100.149 Y99.235 E84.27312
G1 X100.149 Y100.815 E84.31056
G1 X106.619 Y100.815 E84.46388
G1 X107.054 Y100.938 E84.4746
G1 X107.322 Y101.192 E84.48335
G1 X107.45 Y101.462 E84.49043
G1 X107.45 Y101.956 E84.50213
G1 X107.359 Y102.247 E84.50936
G1 X107.104 Y102.494 E84.51777
G1 X107.362 Y102.738 E84.52619
G1 X107.46 Y102.977 E84.53231
G1 X107.457 Y103.427 E84.54297
G1 X107.362 Y103.752 E84.551
G1 X107.104 Y103.997 E84.55943
G1 X107.362 Y104.242 E84.56786
G1 X107.456 Y104.506 E84.5745
G1 X107.462 Y104.932 E84.5846
G1 X107.365 Y105.254 E84.59257
G1 X107.106 Y105.499 E84.60102
G1 X107.363 Y105.745 E84.60945
G1 X107.454 Y106.032 E84.61658
G1 X107.462 Y106.439 E84.62623
G1 X107.365 Y106.756 E84.63409
G1 X107.104 Y106.999 E84.64254
G1 X107.363 Y107.242 E84.65095
G1 X107.454 Y107.516 E84.65779
G1 X107.475 Y107.945 E84.66797
G1 X107.372 Y108.257 E84.67576
G1 X107.111 Y108.5 E84.68421
G1 X107.367 Y108.748 E84.69266
G1 X107.457 Y109.047 E84.70006
G1 X107.474 Y109.512 E84.71108
G1 X107.37 Y109.759 E84.71743
G1 X107.11 Y110.001 E84.72585
G1 X107.362 Y110.25 E84.73425
G1 X107.45 Y110.564 E84.74197
G1 X107.447 Y110.933 E84.75072
G1 X107.354 Y111.207 E84.75758
G1 X107.077 Y111.469 E84.76661
G1 X107.356 Y111.731 E84.77568
G1 X107.457 Y111.973 E84.7819
G1 X107.456 Y112.377 E84.79147
G1 X107.361 Y112.701 E84.79947
G1 X107.103 Y112.946 E84.8079
G1 X107.362 Y113.191 E84.81635
G1 X107.456 Y113.425 E84.82233
G1 X107.462 Y113.882 E84.83316
G1 X107.365 Y114.204 E84.84113
G1 X107.106 Y114.449 E84.84958
G1 X107.363 Y114.695 E84.85801
G1 X107.454 Y114.982 E84.86514
G1 X107.462 Y115.389 E84.87479
G1 X107.365 Y115.706 E84.88265
G1 X107.104 Y115.949 E84.8911
G1 X107.363 Y116.192 E84.89951
G1 X107.454 Y116.466 E84.90635
G1 X107.475 Y116.895 E84.91653
G1 X107.372 Y117.207 E84.92432
G1 X107.111 Y117.45 E84.93277
G1 X107.367 Y117.698 E84.94122
G1 X107.457 Y117.997 E84.94862
G1 X107.477 Y118.464 E84.95969
G1 X107.333 Y118.764 E84.96758
G1 X107.113 Y118.951 E84.97442
G1 X107.329 Y119.141 E84.98124
G1 X107.459 Y119.432 E84.98879
G1 X107.452 Y119.857 E84.99886
G1 X107.321 Y120.257 E85.00884
G1 X107.112 Y120.444 E85.01549
G1 X107.323 Y120.631 E85.02217
G1 X107.365 Y120.765 E85.02549
G1 X112.538 Y120.765 E85.14808
G1 X112.538 Y120.604 E85.1519
G1 X112.6 Y120.312 E85.15897
G1 X112.675 Y120.183 E85.16251
G1 X112.893 Y120.001 E85.16924
G1 X112.677 Y119.818 E85.17595
G1 X112.602 Y119.688 E85.1795
G1 X112.542 Y119.433 E85.18571
G1 X112.523 Y119.011 E85.19572
G1 X112.639 Y118.725 E85.20304
G1 X112.886 Y118.502 E85.21092
G1 X112.641 Y118.277 E85.21881
G1 X112.537 Y117.967 E85.22655
G1 X112.547 Y117.524 E85.23706
G1 X112.639 Y117.246 E85.24399
G1 X112.898 Y117 E85.25246
G1 X112.641 Y116.754 E85.26089
G1 X112.55 Y116.466 E85.26805
G1 X112.542 Y116.073 E85.27736
G1 X112.635 Y115.752 E85.28528
G1 X112.894 Y115.508 E85.29372
G1 X112.629 Y115.269 E85.30217
G1 X112.528 Y114.923 E85.31071
G1 X112.546 Y114.529 E85.32006
G1 X112.637 Y114.256 E85.32688
G1 X112.897 Y114.008 E85.33539
G1 X112.636 Y113.759 E85.34394
G1 X112.54 Y113.48 E85.35094
G1 X112.538 Y113.069 E85.36068
G1 X112.635 Y112.743 E85.36874
G1 X112.895 Y112.5 E85.37717
G1 X112.637 Y112.256 E85.38558
G1 X112.544 Y111.947 E85.39323
G1 X112.539 Y111.532 E85.40307
G1 X112.635 Y111.294 E85.40915
G1 X112.897 Y111.051 E85.41762
G1 X112.637 Y110.808 E85.42605
G1 X112.549 Y110.556 E85.43238
G1 X112.525 Y110.113 E85.44289
G1 X112.627 Y109.795 E85.4508
G1 X112.888 Y109.552 E85.45925
G1 X112.629 Y109.307 E85.4677
G1 X112.537 Y109.017 E85.47491
G1 X112.547 Y108.574 E85.48541
G1 X112.639 Y108.296 E85.49235
G1 X112.898 Y108.05 E85.50082
G1 X112.641 Y107.804 E85.50925
G1 X112.55 Y107.516 E85.51641
G1 X112.542 Y107.123 E85.52572
G1 X112.635 Y106.802 E85.53364
G1 X112.894 Y106.558 E85.54207
G1 X112.629 Y106.319 E85.55053
G1 X112.528 Y105.973 E85.55907
G1 X112.546 Y105.579 E85.56842
G1 X112.637 Y105.306 E85.57524
G1 X112.897 Y105.058 E85.58375
G1 X112.636 Y104.809 E85.5923
G1 X112.54 Y104.53 E85.59929
G1 X112.538 Y104.12 E85.60901
G1 X112.635 Y103.793 E85.61709
G1 X112.895 Y103.55 E85.62553
G1 X112.637 Y103.306 E85.63394
G1 X112.543 Y102.988 E85.6418
G1 X112.538 Y102.615 E85.65064
G1 X112.601 Y102.359 E85.65689
G1 X112.694 Y102.208 E85.66109
G1 X112.931 Y102.017 E85.6683
G1 X112.782 Y101.752 E85.67551
G1 X112.751 Y101.541 E85.68056
G1 X112.773 Y101.362 E85.68484
G1 X112.878 Y101.124 E85.691
G1 X113.114 Y100.907 E85.6986
G0 F9000 X113.252 Y101.15
;TYPE:WALL-OUTER
G1 F1030.1 X113.407 Y101.095 E85.70218
G1 X120.131 Y101.095 E85.84878
G1 X120.131 Y98.955 E85.89544
G1 X99.869 Y98.955 E86.33719
G1 X99.869 Y101.095 E86.38385
G1 X106.619 Y101.095 E86.53101
G1 X106.846 Y101.159 E86.53615
G1 X107.093 Y101.353 E86.543
G1 X107.169 Y101.515 E86.5469
G1 X107.174 Y101.951 E86.55641
G1 X107.116 Y102.109 E86.56008
G1 X106.942 Y102.277 E86.56535
G1 X106.488 Y102.514 E86.57651
G1 X106.945 Y102.714 E86.58739
G1 X107.12 Y102.88 E86.59265
G1 X107.179 Y103.085 E86.5973
G1 X107.175 Y103.445 E86.60515
G1 X107.12 Y103.611 E86.60896
G1 X106.944 Y103.778 E86.61425
G1 X106.487 Y104.012 E86.62545
G1 X106.944 Y104.216 E86.63636
G1 X107.12 Y104.383 E86.64165
G1 X107.174 Y104.543 E86.64533
G1 X107.18 Y104.946 E86.65411
G1 X107.124 Y105.113 E86.65796
G1 X106.948 Y105.278 E86.66321
G1 X106.488 Y105.513 E86.67448
G1 X106.946 Y105.717 E86.68541
G1 X107.121 Y105.884 E86.69068
G1 X107.176 Y106.058 E86.69466
G1 X107.182 Y106.422 E86.7026
G1 X107.123 Y106.614 E86.70698
G1 X106.943 Y106.782 E86.71234
G1 X106.488 Y107.008 E86.72342
G1 X106.941 Y107.213 E86.73426
G1 X107.121 Y107.382 E86.73964
G1 X107.176 Y107.549 E86.74348
G1 X107.191 Y107.913 E86.75142
G1 X107.131 Y108.114 E86.75599
G1 X106.955 Y108.278 E86.76124
G1 X106.491 Y108.51 E86.77255
G1 X106.95 Y108.717 E86.78353
G1 X107.123 Y108.886 E86.7888
G1 X107.173 Y109.029 E86.7921
G1 X107.191 Y109.413 E86.80048
G1 X107.13 Y109.615 E86.80508
G1 X106.955 Y109.778 E86.8103
G1 X106.49 Y110.01 E86.82163
G1 X106.947 Y110.218 E86.83257
G1 X107.117 Y110.386 E86.83778
G1 X107.169 Y110.557 E86.84168
G1 X107.172 Y110.872 E86.84855
G1 X107.113 Y111.064 E86.85293
G1 X106.942 Y111.227 E86.85808
G1 X106.439 Y111.489 E86.87044
G1 X106.944 Y111.714 E86.8825
G1 X107.116 Y111.875 E86.88763
G1 X107.178 Y112.024 E86.89115
G1 X107.174 Y112.394 E86.89922
G1 X107.119 Y112.561 E86.90305
G1 X106.943 Y112.728 E86.90834
G1 X106.487 Y112.962 E86.91952
G1 X106.943 Y113.166 E86.93041
G1 X107.119 Y113.332 E86.93568
G1 X107.174 Y113.493 E86.93939
G1 X107.18 Y113.896 E86.94818
G1 X107.124 Y114.063 E86.95202
G1 X106.948 Y114.228 E86.95728
G1 X106.488 Y114.463 E86.96854
G1 X106.946 Y114.667 E86.97947
G1 X107.121 Y114.834 E86.98475
G1 X107.176 Y115.008 E86.98872
G1 X107.182 Y115.372 E86.99666
G1 X107.123 Y115.564 E87.00104
G1 X106.943 Y115.732 E87.00641
G1 X106.488 Y115.958 E87.01748
G1 X106.941 Y116.163 E87.02833
G1 X107.121 Y116.332 E87.03371
G1 X107.176 Y116.499 E87.03754
G1 X107.191 Y116.863 E87.04548
G1 X107.131 Y117.064 E87.05006
G1 X106.955 Y117.228 E87.0553
G1 X106.491 Y117.46 E87.06661
G1 X106.95 Y117.667 E87.07759
G1 X107.123 Y117.836 E87.08286
G1 X107.173 Y117.979 E87.08617
G1 X107.196 Y118.415 E87.09568
G1 X107.108 Y118.598 E87.10011
G1 X106.954 Y118.728 E87.10451
G1 X106.491 Y118.96 E87.1158
G1 X106.949 Y119.169 E87.12677
G1 X107.1 Y119.302 E87.13116
G1 X107.178 Y119.478 E87.13536
G1 X107.172 Y119.853 E87.14353
G1 X107.093 Y120.095 E87.14908
G1 X106.94 Y120.228 E87.1535
G1 X106.49 Y120.461 E87.16455
G1 X106.942 Y120.663 E87.17535
G1 X107.096 Y120.795 E87.17977
G1 X107.176 Y121.045 E87.18549
G1 X112.863 Y121.045 E87.30948
G1 X112.818 Y120.901 E87.31277
G1 X112.818 Y120.604 E87.31924
G1 X112.901 Y120.349 E87.32509
G1 X113.057 Y120.218 E87.32953
G1 X113.511 Y119.992 E87.34059
G1 X113.059 Y119.786 E87.35142
G1 X112.903 Y119.654 E87.35587
G1 X112.822 Y119.421 E87.36125
G1 X112.806 Y119.049 E87.36937
G1 X112.875 Y118.876 E87.37343
G1 X113.046 Y118.722 E87.37845
G1 X113.506 Y118.492 E87.38966
G1 X113.048 Y118.285 E87.40062
G1 X112.879 Y118.129 E87.40563
G1 X112.816 Y117.942 E87.40993
G1 X112.825 Y117.556 E87.41835
G1 X112.881 Y117.387 E87.42223
G1 X113.056 Y117.221 E87.42749
G1 X113.51 Y116.989 E87.43861
G1 X113.058 Y116.782 E87.44945
G1 X112.884 Y116.615 E87.4547
G1 X112.829 Y116.44 E87.4587
G1 X112.821 Y116.036 E87.46751
G1 X112.878 Y115.891 E87.47091
G1 X113.059 Y115.72 E87.47634
G1 X113.518 Y115.49 E87.48753
G1 X113.054 Y115.291 E87.49854
G1 X112.869 Y115.124 E87.50397
G1 X112.808 Y114.915 E87.50872
G1 X112.824 Y114.562 E87.51642
G1 X112.879 Y114.396 E87.52024
G1 X113.052 Y114.231 E87.52545
G1 X113.511 Y113.989 E87.53676
G1 X113.051 Y113.783 E87.54775
G1 X112.878 Y113.618 E87.55296
G1 X112.82 Y113.457 E87.55669
G1 X112.818 Y113.083 E87.56485
G1 X112.877 Y112.885 E87.56935
G1 X113.056 Y112.718 E87.57469
G1 X113.514 Y112.492 E87.58582
G1 X113.058 Y112.285 E87.59674
G1 X112.88 Y112.116 E87.60209
G1 X112.823 Y111.929 E87.60635
G1 X112.819 Y111.628 E87.61292
G1 X112.877 Y111.436 E87.61729
G1 X113.058 Y111.268 E87.62267
G1 X113.563 Y111.014 E87.635
G1 X113.303 Y110.895 E87.64123
G1 X113.059 Y110.836 E87.64671
G1 X112.879 Y110.667 E87.65209
G1 X112.828 Y110.529 E87.6553
G1 X112.811 Y110.109 E87.66446
G1 X112.868 Y109.938 E87.66839
G1 X113.046 Y109.772 E87.6737
G1 X113.506 Y109.542 E87.68491
G1 X113.048 Y109.335 E87.69587
G1 X112.872 Y109.167 E87.70117
G1 X112.816 Y108.992 E87.70518
G1 X112.825 Y108.606 E87.7136
G1 X112.881 Y108.437 E87.71748
G1 X113.056 Y108.271 E87.72274
G1 X113.51 Y108.039 E87.73385
G1 X113.058 Y107.832 E87.74469
G1 X112.884 Y107.665 E87.74995
G1 X112.829 Y107.49 E87.75395
G1 X112.821 Y107.086 E87.76276
G1 X112.878 Y106.941 E87.76615
G1 X113.059 Y106.77 E87.77158
G1 X113.518 Y106.54 E87.78278
G1 X113.054 Y106.341 E87.79378
G1 X112.869 Y106.174 E87.79922
G1 X112.808 Y105.965 E87.80396
G1 X112.824 Y105.612 E87.81167
G1 X112.879 Y105.446 E87.81548
G1 X113.052 Y105.281 E87.82069
G1 X113.511 Y105.039 E87.83201
G1 X113.051 Y104.833 E87.84299
G1 X112.878 Y104.668 E87.84821
G1 X112.82 Y104.513 E87.85181
G1 X112.82 Y104.103 E87.86075
G1 X112.877 Y103.935 E87.86462
G1 X113.056 Y103.768 E87.86996
G1 X113.514 Y103.542 E87.88109
G1 X113.058 Y103.335 E87.89201
G1 X112.88 Y103.166 E87.89736
G1 X112.823 Y102.974 E87.90173
G1 X112.817 Y102.574 E87.91045
G1 X112.912 Y102.384 E87.91508
G1 X113.056 Y102.268 E87.91911
G1 X113.514 Y102.042 E87.93025
G1 X113.17 Y101.883 E87.93851
G1 X113.049 Y101.67 E87.94385
G1 X113.046 Y101.426 E87.94917
G1 X113.109 Y101.282 E87.9526
G1 X113.252 Y101.15 E87.95684
G0 F9000 X113.407 Y101.095
G0 X113.443 Y101.095
G0 X113.443 Y100.195
;MESH:NONMESH
G0 F600 X113.443 Y100.195 Z1.24
G0 F9000 X113.197 Y100.907
;TIME_ELAPSED:167.080156
;LAYER:8
;TYPE:WALL-INNER
;MESH:belt_holder_screw.stl
G1 F1341 X113.453 Y100.815 E87.96329
G1 X119.971 Y100.815 E88.11775
G1 X119.971 Y99.235 E88.15519
G1 X100.029 Y99.235 E88.62778
G1 X100.029 Y100.815 E88.66522
G1 X106.517 Y100.815 E88.81897
G1 X106.945 Y100.928 E88.82946
G1 X107.236 Y101.19 E88.83874
G1 X107.371 Y101.465 E88.846
G1 X107.371 Y101.969 E88.85794
G1 X107.28 Y102.256 E88.86508
G1 X107.017 Y102.51 E88.87374
G1 X107.279 Y102.764 E88.88239
G1 X107.37 Y103.082 E88.89023
G1 X107.368 Y103.434 E88.89857
G1 X107.276 Y103.755 E88.90648
G1 X107.016 Y104.005 E88.91503
G1 X107.277 Y104.256 E88.92361
G1 X107.369 Y104.488 E88.92953
G1 X107.371 Y104.933 E88.94007
G1 X107.279 Y105.255 E88.94801
G1 X107.017 Y105.507 E88.95662
G1 X107.278 Y105.757 E88.96519
G1 X107.366 Y106.033 E88.97205
G1 X107.373 Y106.461 E88.9822
G1 X107.28 Y106.754 E88.98948
G1 X107.019 Y107.006 E88.99808
G1 X107.279 Y107.257 E89.00664
G1 X107.364 Y107.508 E89.01292
G1 X107.386 Y107.934 E89.02303
G1 X107.29 Y108.261 E89.03111
G1 X107.025 Y108.51 E89.03973
G1 X107.283 Y108.763 E89.04829
G1 X107.361 Y108.988 E89.05393
G1 X107.388 Y109.46 E89.06514
G1 X107.289 Y109.762 E89.07267
G1 X107.025 Y110.01 E89.08125
G1 X107.282 Y110.264 E89.08981
G1 X107.369 Y110.568 E89.09731
G1 X107.373 Y110.971 E89.10686
G1 X107.275 Y111.213 E89.11305
G1 X106.993 Y111.482 E89.12228
G1 X107.275 Y111.75 E89.1315
G1 X107.372 Y112.046 E89.13888
G1 X107.368 Y112.384 E89.14689
G1 X107.276 Y112.705 E89.15481
G1 X107.016 Y112.955 E89.16335
G1 X107.277 Y113.206 E89.17193
G1 X107.369 Y113.438 E89.17785
G1 X107.371 Y113.883 E89.18839
G1 X107.279 Y114.205 E89.19633
G1 X107.017 Y114.457 E89.20495
G1 X107.278 Y114.707 E89.21351
G1 X107.366 Y114.983 E89.22037
G1 X107.373 Y115.411 E89.23052
G1 X107.28 Y115.704 E89.2378
G1 X107.019 Y115.956 E89.2464
G1 X107.279 Y116.207 E89.25497
G1 X107.364 Y116.458 E89.26125
G1 X107.386 Y116.884 E89.27135
G1 X107.29 Y117.211 E89.27943
G1 X107.025 Y117.46 E89.28805
G1 X107.283 Y117.713 E89.29661
G1 X107.361 Y117.938 E89.30225
G1 X107.385 Y118.313 E89.31116
G1 X107.363 Y118.534 E89.31642
G1 X107.247 Y118.775 E89.32276
G1 X107.028 Y118.96 E89.32955
G1 X107.242 Y119.15 E89.33634
G1 X107.368 Y119.444 E89.34392
G1 X107.373 Y119.843 E89.35337
G1 X107.235 Y120.275 E89.36412
G1 X107.029 Y120.456 E89.37062
G1 X107.235 Y120.638 E89.37713
G1 X107.275 Y120.765 E89.38029
G1 X112.629 Y120.765 E89.50717
G1 X112.629 Y120.607 E89.51091
G1 X112.691 Y120.312 E89.51805
G1 X112.763 Y120.186 E89.52149
G1 X112.978 Y119.997 E89.52828
G1 X112.763 Y119.809 E89.53504
G1 X112.692 Y119.684 E89.53845
G1 X112.63 Y119.432 E89.5446
G1 X112.607 Y119.006 E89.55471
G1 X112.723 Y118.717 E89.56209
G1 X112.971 Y118.492 E89.57003
G1 X112.725 Y118.266 E89.57794
G1 X112.62 Y117.931 E89.58626
G1 X112.635 Y117.518 E89.59606
G1 X112.722 Y117.245 E89.60285
G1 X112.982 Y116.995 E89.61139
G1 X112.721 Y116.743 E89.61999
G1 X112.628 Y116.509 E89.62596
G1 X112.633 Y116.029 E89.63733
G1 X112.716 Y115.763 E89.64394
G1 X112.972 Y115.504 E89.65257
G1 X112.709 Y115.249 E89.66125
G1 X112.609 Y114.944 E89.66885
G1 X112.634 Y114.512 E89.67911
G1 X112.721 Y114.245 E89.68576
G1 X112.982 Y113.993 E89.69436
G1 X112.722 Y113.742 E89.70293
G1 X112.636 Y113.486 E89.70933
G1 X112.628 Y112.982 E89.72127
G1 X112.72 Y112.745 E89.7273
G1 X112.982 Y112.493 E89.73591
G1 X112.721 Y112.242 E89.74449
G1 X112.632 Y111.945 E89.75184
G1 X112.628 Y111.538 E89.76148
G1 X112.719 Y111.304 E89.76743
G1 X112.981 Y111.047 E89.77613
G1 X112.72 Y110.791 E89.7848
G1 X112.637 Y110.548 E89.79088
G1 X112.609 Y110.112 E89.80123
G1 X112.708 Y109.791 E89.80919
G1 X112.972 Y109.542 E89.81779
G1 X112.711 Y109.292 E89.82636
G1 X112.62 Y108.981 E89.83404
G1 X112.635 Y108.568 E89.84383
G1 X112.722 Y108.295 E89.85062
G1 X112.982 Y108.045 E89.85917
G1 X112.721 Y107.793 E89.86777
G1 X112.628 Y107.559 E89.87373
G1 X112.633 Y107.079 E89.88511
G1 X112.716 Y106.813 E89.89171
G1 X112.972 Y106.554 E89.90034
G1 X112.709 Y106.299 E89.90902
G1 X112.609 Y105.994 E89.91663
G1 X112.634 Y105.562 E89.92689
G1 X112.721 Y105.295 E89.93354
G1 X112.982 Y105.043 E89.94214
G1 X112.722 Y104.792 E89.9507
G1 X112.636 Y104.536 E89.9571
G1 X112.628 Y104.032 E89.96905
G1 X112.72 Y103.795 E89.97507
G1 X112.982 Y103.543 E89.98369
G1 X112.721 Y103.292 E89.99227
G1 X112.638 Y103.046 E89.99842
G1 X112.629 Y102.625 E90.0084
G1 X112.676 Y102.397 E90.01392
G1 X112.779 Y102.216 E90.01885
G1 X113.015 Y102.023 E90.02608
G1 X112.864 Y101.751 E90.03345
G1 X112.834 Y101.546 E90.03836
G1 X112.856 Y101.362 E90.04275
G1 X112.961 Y101.124 E90.04891
G1 X113.197 Y100.907 E90.05651
G0 F9000 X113.335 Y101.15
;TYPE:WALL-OUTER
G1 F1031.5 X113.49 Y101.095 E90.0601
G1 X120.251 Y101.095 E90.2075
G1 X120.251 Y98.955 E90.25416
G1 X99.749 Y98.955 E90.70114
G1 X99.749 Y101.095 E90.7478
G1 X106.517 Y101.095 E90.89535
G1 X106.732 Y101.152 E90.9002
G1 X107.009 Y101.355 E90.90769
G1 X107.091 Y101.52 E90.91171
G1 X107.092 Y101.943 E90.92093
G1 X107.037 Y102.117 E90.92491
G1 X106.862 Y102.285 E90.9302
G1 X106.413 Y102.519 E90.94124
G1 X106.861 Y102.733 E90.95206
G1 X107.035 Y102.902 E90.95735
G1 X107.09 Y103.094 E90.9617
G1 X107.088 Y103.423 E90.96888
G1 X107.033 Y103.617 E90.97327
G1 X106.855 Y103.788 E90.97865
G1 X106.412 Y104.016 E90.98952
G1 X106.856 Y104.224 E91.00021
G1 X107.033 Y104.394 E91.00556
G1 X107.086 Y104.55 E91.00915
G1 X107.091 Y104.921 E91.01724
G1 X107.035 Y105.116 E91.02166
G1 X106.859 Y105.286 E91.027
G1 X106.411 Y105.516 E91.03798
G1 X106.858 Y105.725 E91.04873
G1 X107.034 Y105.895 E91.05407
G1 X107.083 Y106.03 E91.0572
G1 X107.092 Y106.401 E91.06529
G1 X107.036 Y106.616 E91.07014
G1 X106.861 Y106.786 E91.07545
G1 X106.412 Y107.02 E91.08649
G1 X106.861 Y107.226 E91.09726
G1 X107.035 Y107.395 E91.10255
G1 X107.084 Y107.53 E91.10568
G1 X107.109 Y107.929 E91.1144
G1 X107.048 Y108.12 E91.11877
G1 X106.869 Y108.287 E91.12411
G1 X106.408 Y108.518 E91.13535
G1 X106.863 Y108.727 E91.14627
G1 X107.038 Y108.899 E91.15162
G1 X107.085 Y109.035 E91.15475
G1 X107.109 Y109.429 E91.16336
G1 X107.048 Y109.62 E91.16773
G1 X106.869 Y109.787 E91.17307
G1 X106.408 Y110.018 E91.18431
G1 X106.863 Y110.227 E91.19523
G1 X107.037 Y110.399 E91.20056
G1 X107.089 Y110.583 E91.20473
G1 X107.092 Y110.878 E91.21116
G1 X107.034 Y111.071 E91.21555
G1 X106.862 Y111.235 E91.22074
G1 X106.366 Y111.494 E91.23293
G1 X106.861 Y111.726 E91.24485
G1 X107.032 Y111.89 E91.25002
G1 X107.09 Y112.083 E91.25441
G1 X107.088 Y112.373 E91.26074
G1 X107.033 Y112.567 E91.26513
G1 X106.855 Y112.738 E91.27051
G1 X106.412 Y112.966 E91.28138
G1 X106.856 Y113.174 E91.29206
G1 X107.033 Y113.344 E91.29742
G1 X107.086 Y113.5 E91.30101
G1 X107.091 Y113.871 E91.3091
G1 X107.035 Y114.066 E91.31352
G1 X106.859 Y114.236 E91.31885
G1 X106.411 Y114.466 E91.32983
G1 X106.858 Y114.675 E91.34059
G1 X107.034 Y114.845 E91.34593
G1 X107.083 Y114.98 E91.34906
G1 X107.092 Y115.351 E91.35715
G1 X107.036 Y115.566 E91.36199
G1 X106.861 Y115.736 E91.36731
G1 X106.412 Y115.97 E91.37835
G1 X106.861 Y116.176 E91.38912
G1 X107.035 Y116.345 E91.39441
G1 X107.084 Y116.48 E91.39754
G1 X107.109 Y116.879 E91.40626
G1 X107.048 Y117.07 E91.41063
G1 X106.869 Y117.237 E91.41597
G1 X106.408 Y117.468 E91.42721
G1 X106.863 Y117.677 E91.43812
G1 X107.038 Y117.849 E91.44347
G1 X107.085 Y117.985 E91.44661
G1 X107.112 Y118.422 E91.45616
G1 X107.022 Y118.609 E91.46068
G1 X106.869 Y118.737 E91.46503
G1 X106.408 Y118.968 E91.47627
G1 X106.863 Y119.177 E91.48719
G1 X107.012 Y119.31 E91.49154
G1 X107.088 Y119.489 E91.49578
G1 X107.093 Y119.847 E91.50359
G1 X107.01 Y120.109 E91.50958
G1 X106.862 Y120.235 E91.51382
G1 X106.413 Y120.467 E91.52484
G1 X106.861 Y120.676 E91.53561
G1 X107.009 Y120.804 E91.53988
G1 X107.086 Y121.045 E91.5454
G1 X112.955 Y121.044 E91.67335
G1 X112.91 Y120.895 E91.67675
G1 X112.909 Y120.606 E91.68305
G1 X112.99 Y120.351 E91.68888
G1 X113.133 Y120.225 E91.69304
G1 X113.587 Y119.98 E91.70428
G1 X113.134 Y119.771 E91.71516
G1 X112.99 Y119.645 E91.71933
G1 X112.91 Y119.417 E91.7246
G1 X112.89 Y119.042 E91.73279
G1 X112.96 Y118.867 E91.7369
G1 X113.13 Y118.712 E91.74191
G1 X113.593 Y118.483 E91.75317
G1 X113.133 Y118.275 E91.76418
G1 X112.964 Y118.119 E91.76919
G1 X112.9 Y117.916 E91.77383
G1 X112.913 Y117.548 E91.78186
G1 X112.966 Y117.383 E91.78564
G1 X113.14 Y117.214 E91.79093
G1 X113.585 Y116.981 E91.80188
G1 X113.14 Y116.774 E91.81258
G1 X112.965 Y116.605 E91.81788
G1 X112.909 Y116.464 E91.82119
G1 X112.91 Y116.085 E91.82946
G1 X112.962 Y115.898 E91.83369
G1 X113.127 Y115.73 E91.83882
G1 X113.58 Y115.475 E91.85015
G1 X113.121 Y115.273 E91.86109
G1 X112.951 Y115.109 E91.86624
G1 X112.891 Y114.924 E91.87048
G1 X112.912 Y114.545 E91.87875
G1 X112.965 Y114.383 E91.88247
G1 X113.14 Y114.214 E91.88777
G1 X113.588 Y113.98 E91.89879
G1 X113.14 Y113.774 E91.90954
G1 X112.966 Y113.604 E91.91485
G1 X112.911 Y113.412 E91.9192
G1 X112.911 Y113.048 E91.92714
G1 X112.964 Y112.883 E91.93092
G1 X113.14 Y112.714 E91.93624
G1 X113.587 Y112.48 E91.94724
G1 X113.14 Y112.274 E91.95797
G1 X112.965 Y112.104 E91.96329
G1 X112.912 Y111.924 E91.96738
G1 X112.909 Y111.632 E91.97374
G1 X112.964 Y111.442 E91.97806
G1 X113.133 Y111.275 E91.98324
G1 X113.63 Y111.007 E91.99555
G1 X113.378 Y110.891 E92.00159
G1 X113.134 Y110.821 E92.00713
G1 X112.964 Y110.654 E92.01232
G1 X112.916 Y110.52 E92.01543
G1 X112.891 Y110.124 E92.02408
G1 X112.951 Y109.932 E92.02846
G1 X113.13 Y109.762 E92.03385
G1 X113.593 Y109.533 E92.04511
G1 X113.133 Y109.325 E92.05611
G1 X112.955 Y109.154 E92.0615
G1 X112.898 Y109.01 E92.06487
G1 X112.913 Y108.598 E92.07386
G1 X112.966 Y108.433 E92.07764
G1 X113.14 Y108.264 E92.08293
G1 X113.585 Y108.031 E92.09388
G1 X113.14 Y107.824 E92.10458
G1 X112.965 Y107.655 E92.10988
G1 X112.909 Y107.514 E92.11319
G1 X112.91 Y107.135 E92.12145
G1 X112.962 Y106.948 E92.12568
G1 X113.127 Y106.78 E92.13082
G1 X113.58 Y106.525 E92.14215
G1 X113.121 Y106.323 E92.15309
G1 X112.951 Y106.159 E92.15824
G1 X112.891 Y105.974 E92.16248
G1 X112.912 Y105.595 E92.17075
G1 X112.965 Y105.433 E92.17447
G1 X113.14 Y105.264 E92.17977
G1 X113.588 Y105.03 E92.19079
G1 X113.14 Y104.824 E92.20154
G1 X112.966 Y104.654 E92.20684
G1 X112.911 Y104.462 E92.2112
G1 X112.911 Y104.098 E92.21914
G1 X112.964 Y103.933 E92.22291
G1 X113.14 Y103.764 E92.22823
G1 X113.587 Y103.53 E92.23923
G1 X113.14 Y103.324 E92.24996
G1 X112.965 Y103.154 E92.25528
G1 X112.911 Y102.968 E92.25951
G1 X112.909 Y102.585 E92.26786
G1 X112.999 Y102.388 E92.27258
G1 X113.136 Y102.274 E92.27646
G1 X113.583 Y102.036 E92.2875
G1 X113.219 Y101.824 E92.29669
G1 X113.132 Y101.669 E92.30056
G1 X113.129 Y101.426 E92.30586
G1 X113.192 Y101.282 E92.30929
G1 X113.335 Y101.15 E92.31353
G0 F9000 X113.49 Y101.095
G0 X113.526 Y101.095
G0 X113.526 Y100.195
;MESH:NONMESH
G0 F600 X113.526 Y100.195 Z1.36
G0 F9000 X107.05 Y100.76
G0 X106.919 Y100.988
;TIME_ELAPSED:177.778378
;LAYER:9
;TYPE:WALL-INNER
;MESH:belt_holder_screw.stl
G1 F2721.2 X107.148 Y101.186 E92.32071
G1 X107.289 Y101.462 E92.32805
G1 X107.296 Y102.022 E92.34132
G1 X107.204 Y102.259 E92.34735
G1 X106.94 Y102.516 E92.35608
G1 X107.201 Y102.774 E92.36477
G1 X107.285 Y103.056 E92.37175
G1 X107.291 Y103.441 E92.38087
G1 X107.203 Y103.754 E92.38858
G1 X106.939 Y104.011 E92.39731
G1 X107.204 Y104.267 E92.40604
G1 X107.298 Y104.55 E92.41311
G1 X107.283 Y104.986 E92.42345
G1 X107.199 Y105.254 E92.4301
G1 X106.936 Y105.511 E92.43882
G1 X107.203 Y105.765 E92.44755
G1 X107.298 Y106.045 E92.45456
G1 X107.283 Y106.491 E92.46513
G1 X107.199 Y106.754 E92.47167
G1 X106.937 Y107.011 E92.48037
G1 X107.202 Y107.267 E92.4891
G1 X107.285 Y107.511 E92.49521
G1 X107.3 Y107.989 E92.50654
G1 X107.212 Y108.26 E92.5133
G1 X106.947 Y108.516 E92.52203
G1 X107.207 Y108.776 E92.53074
G1 X107.283 Y108.997 E92.53628
G1 X107.303 Y109.435 E92.54667
G1 X107.212 Y109.76 E92.55467
G1 X106.947 Y110.016 E92.5634
G1 X107.207 Y110.276 E92.57211
G1 X107.289 Y110.54 E92.57866
G1 X107.294 Y110.9 E92.5872
G1 X107.199 Y111.217 E92.59504
G1 X106.915 Y111.491 E92.60439
G1 X107.196 Y111.766 E92.61371
G1 X107.278 Y111.997 E92.61952
G1 X107.294 Y112.407 E92.62924
G1 X107.203 Y112.704 E92.6366
G1 X106.939 Y112.961 E92.64533
G1 X107.204 Y113.217 E92.65406
G1 X107.298 Y113.5 E92.66113
G1 X107.283 Y113.936 E92.67147
G1 X107.199 Y114.204 E92.67812
G1 X106.936 Y114.461 E92.68684
G1 X107.203 Y114.715 E92.69557
G1 X107.298 Y114.995 E92.70258
G1 X107.283 Y115.441 E92.71315
G1 X107.199 Y115.704 E92.7197
G1 X106.937 Y115.961 E92.72839
G1 X107.202 Y116.217 E92.73713
G1 X107.285 Y116.461 E92.74323
G1 X107.3 Y116.939 E92.75457
G1 X107.212 Y117.21 E92.76132
G1 X106.947 Y117.466 E92.77005
G1 X107.207 Y117.726 E92.77876
G1 X107.283 Y117.947 E92.7843
G1 X107.31 Y118.477 E92.79688
G1 X107.168 Y118.778 E92.80477
G1 X106.95 Y118.966 E92.81159
G1 X107.165 Y119.158 E92.81842
G1 X107.291 Y119.454 E92.82604
G1 X107.294 Y119.858 E92.83562
G1 X107.151 Y120.291 E92.84642
G1 X106.951 Y120.467 E92.85274
G1 X107.149 Y120.644 E92.85903
G1 X107.192 Y120.765 E92.86207
G1 X112.705 Y120.764 E92.99272
G1 X112.712 Y120.565 E92.99744
G1 X112.771 Y120.301 E93.00385
G1 X112.843 Y120.173 E93.00733
G1 X113.058 Y119.988 E93.01405
G1 X112.842 Y119.803 E93.02079
G1 X112.769 Y119.676 E93.02426
G1 X112.708 Y119.409 E93.03075
G1 X112.694 Y118.991 E93.04066
G1 X112.806 Y118.71 E93.04783
G1 X113.054 Y118.485 E93.05577
G1 X112.807 Y118.26 E93.06368
G1 X112.701 Y117.921 E93.0721
G1 X112.712 Y117.514 E93.08175
G1 X112.798 Y117.24 E93.08856
G1 X113.062 Y116.984 E93.09727
G1 X112.798 Y116.728 E93.10598
G1 X112.709 Y116.495 E93.1119
G1 X112.715 Y116.014 E93.12329
G1 X112.794 Y115.752 E93.12978
G1 X113.051 Y115.491 E93.13846
G1 X112.788 Y115.234 E93.14717
G1 X112.698 Y115.007 E93.15296
G1 X112.705 Y114.556 E93.16365
G1 X112.793 Y114.242 E93.17138
G1 X113.056 Y113.986 E93.18008
G1 X112.793 Y113.729 E93.18879
G1 X112.707 Y113.444 E93.19584
G1 X112.715 Y113.012 E93.20608
G1 X112.799 Y112.745 E93.21272
G1 X113.062 Y112.488 E93.22143
G1 X112.796 Y112.233 E93.23016
G1 X112.705 Y111.921 E93.23786
G1 X112.715 Y111.562 E93.24638
G1 X112.799 Y111.294 E93.25303
G1 X113.062 Y111.038 E93.26173
G1 X112.797 Y110.782 E93.27046
G1 X112.715 Y110.541 E93.27649
G1 X112.695 Y110.095 E93.28707
G1 X112.789 Y109.79 E93.29464
G1 X113.056 Y109.535 E93.30339
G1 X112.79 Y109.281 E93.3121
G1 X112.699 Y109.042 E93.31816
G1 X112.712 Y108.564 E93.32949
G1 X112.798 Y108.29 E93.3363
G1 X113.062 Y108.034 E93.34501
G1 X112.798 Y107.778 E93.35373
G1 X112.709 Y107.545 E93.35964
G1 X112.715 Y107.064 E93.37104
G1 X112.794 Y106.802 E93.37752
G1 X113.051 Y106.541 E93.3862
G1 X112.788 Y106.284 E93.39492
G1 X112.698 Y106.057 E93.40071
G1 X112.705 Y105.606 E93.41139
G1 X112.793 Y105.292 E93.41912
G1 X113.056 Y105.036 E93.42782
G1 X112.793 Y104.779 E93.43653
G1 X112.707 Y104.494 E93.44359
G1 X112.715 Y104.062 E93.45383
G1 X112.799 Y103.795 E93.46046
G1 X113.062 Y103.538 E93.46918
G1 X112.796 Y103.283 E93.47791
G1 X112.705 Y102.963 E93.48579
G1 X112.716 Y102.535 E93.49594
G1 X112.863 Y102.2 E93.50461
G1 X113.087 Y102.008 E93.5116
G1 X112.947 Y101.748 E93.5186
G1 X112.918 Y101.543 E93.5235
G1 X112.94 Y101.362 E93.52782
G1 X113.045 Y101.124 E93.53399
G1 X113.281 Y100.907 E93.54159
G1 X113.537 Y100.815 E93.54803
G1 X120.091 Y100.815 E93.70335
G1 X120.091 Y99.235 E93.74079
G1 X99.909 Y99.235 E94.21906
G1 X99.909 Y100.815 E94.2565
G1 X106.416 Y100.815 E94.4107
G1 X106.754 Y100.9 E94.41896
G1 X106.919 Y100.988 E94.4234
G1 F1800 E92.4234
G0 F9000 X107.022 Y100.797
G0 X113.419 Y100.595
G1 F900 E94.4234
G0 F9000 X113.419 Y101.15
;TYPE:WALL-OUTER
G1 F2093.2 X113.574 Y101.095 E94.42698
G1 X120.371 Y101.095 E94.57517
G1 X120.371 Y98.955 E94.62183
G1 X99.629 Y98.955 E95.07404
G1 X99.629 Y101.095 E95.1207
G1 X106.416 Y101.095 E95.26867
G1 X106.621 Y101.146 E95.27328
G1 X106.925 Y101.354 E95.28131
G1 X107.01 Y101.524 E95.28545
G1 X107.015 Y101.92 E95.29408
G1 X106.96 Y102.122 E95.29865
G1 X106.784 Y102.293 E95.304
G1 X106.338 Y102.525 E95.31496
G1 X106.781 Y102.736 E95.32566
G1 X106.955 Y102.909 E95.33101
G1 X107.006 Y103.08 E95.3349
G1 X107.011 Y103.429 E95.34251
G1 X106.958 Y103.619 E95.34681
G1 X106.78 Y103.793 E95.35223
G1 X106.333 Y104.025 E95.36321
G1 X106.781 Y104.232 E95.37397
G1 X106.96 Y104.405 E95.3794
G1 X107.017 Y104.567 E95.38315
G1 X107.001 Y104.985 E95.39227
G1 X106.954 Y105.12 E95.39538
G1 X106.775 Y105.295 E95.40084
G1 X106.333 Y105.525 E95.4117
G1 X106.778 Y105.731 E95.42239
G1 X106.959 Y105.903 E95.42784
G1 X107.018 Y106.065 E95.4316
G1 X107.001 Y106.486 E95.44078
G1 X106.954 Y106.62 E95.44388
G1 X106.778 Y106.793 E95.44926
G1 X106.335 Y107.028 E95.46019
G1 X106.78 Y107.232 E95.47086
G1 X106.958 Y107.404 E95.47626
G1 X107.006 Y107.537 E95.47934
G1 X107.025 Y107.978 E95.48897
G1 X106.968 Y108.122 E95.49234
G1 X106.793 Y108.291 E95.49765
G1 X106.338 Y108.53 E95.50885
G1 X106.789 Y108.737 E95.51967
G1 X106.961 Y108.909 E95.52498
G1 X107.007 Y109.043 E95.52806
G1 X107.021 Y109.458 E95.53712
G1 X106.968 Y109.622 E95.54087
G1 X106.793 Y109.791 E95.54618
G1 X106.338 Y110.03 E95.55738
G1 X106.789 Y110.237 E95.5682
G1 X106.961 Y110.409 E95.57351
G1 X107.014 Y110.552 E95.57683
G1 X107.007 Y110.942 E95.58534
G1 X106.957 Y111.077 E95.58847
G1 X106.784 Y111.243 E95.5937
G1 X106.287 Y111.502 E95.60592
G1 X106.781 Y111.736 E95.61784
G1 X106.952 Y111.904 E95.62306
G1 X107.006 Y112.074 E95.62695
G1 X107.009 Y112.407 E95.63421
G1 X106.958 Y112.569 E95.63792
G1 X106.78 Y112.743 E95.64334
G1 X106.333 Y112.975 E95.65432
G1 X106.781 Y113.182 E95.66508
G1 X106.96 Y113.355 E95.67051
G1 X107.017 Y113.517 E95.67425
G1 X107.001 Y113.935 E95.68337
G1 X106.954 Y114.07 E95.68649
G1 X106.775 Y114.245 E95.69195
G1 X106.333 Y114.475 E95.70281
G1 X106.778 Y114.681 E95.7135
G1 X106.959 Y114.853 E95.71895
G1 X107.018 Y115.015 E95.7227
G1 X107.001 Y115.436 E95.73189
G1 X106.954 Y115.57 E95.73499
G1 X106.778 Y115.743 E95.74037
G1 X106.335 Y115.978 E95.7513
G1 X106.78 Y116.182 E95.76197
G1 X106.958 Y116.354 E95.76737
G1 X107.006 Y116.487 E95.77045
G1 X107.025 Y116.928 E95.78008
G1 X106.968 Y117.072 E95.78345
G1 X106.793 Y117.241 E95.78876
G1 X106.338 Y117.48 E95.79996
G1 X106.789 Y117.687 E95.81078
G1 X106.961 Y117.859 E95.81608
G1 X107.007 Y117.993 E95.81917
G1 X107.027 Y118.432 E95.82875
G1 X106.941 Y118.613 E95.83312
G1 X106.793 Y118.741 E95.83739
G1 X106.338 Y118.98 E95.84859
G1 X106.789 Y119.187 E95.85941
G1 X106.935 Y119.318 E95.86369
G1 X107.011 Y119.487 E95.86773
G1 X107.014 Y119.86 E95.87586
G1 X106.928 Y120.123 E95.88189
G1 X106.782 Y120.246 E95.88606
G1 X106.333 Y120.476 E95.89706
G1 X106.779 Y120.685 E95.90779
G1 X106.924 Y120.81 E95.91197
G1 X107.007 Y121.045 E95.9174
G1 X113.035 Y121.045 E96.04882
G1 X112.983 Y120.871 E96.05278
G1 X112.992 Y120.573 E96.05928
G1 X113.071 Y120.336 E96.06473
G1 X113.221 Y120.206 E96.06906
G1 X113.665 Y119.972 E96.08
G1 X113.22 Y119.767 E96.09068
G1 X113.069 Y119.638 E96.09501
G1 X112.988 Y119.4 E96.10049
G1 X112.975 Y119.028 E96.10861
G1 X113.043 Y118.86 E96.11256
G1 X113.214 Y118.705 E96.11759
G1 X113.667 Y118.472 E96.1287
G1 X113.216 Y118.268 E96.13949
G1 X113.045 Y118.112 E96.14454
G1 X112.979 Y117.96 E96.14815
G1 X112.995 Y117.511 E96.15794
G1 X113.043 Y117.377 E96.16105
G1 X113.221 Y117.205 E96.16644
G1 X113.667 Y116.974 E96.17739
G1 X113.221 Y116.765 E96.18813
G1 X113.043 Y116.592 E96.19354
G1 X112.992 Y116.427 E96.19731
G1 X112.992 Y116.021 E96.20616
G1 X113.042 Y115.884 E96.20934
G1 X113.21 Y115.712 E96.21458
G1 X113.663 Y115.463 E96.22585
G1 X113.204 Y115.265 E96.23675
G1 X113.032 Y115.096 E96.24201
G1 X112.977 Y114.959 E96.24523
G1 X112.986 Y114.513 E96.25495
G1 X113.038 Y114.378 E96.25811
G1 X113.215 Y114.205 E96.2635
G1 X113.659 Y113.972 E96.27443
G1 X113.215 Y113.766 E96.28511
G1 X113.038 Y113.593 E96.2905
G1 X112.986 Y113.42 E96.29444
G1 X112.992 Y113.07 E96.30207
G1 X113.044 Y112.879 E96.30639
G1 X113.221 Y112.706 E96.31178
G1 X113.661 Y112.473 E96.32264
G1 X113.219 Y112.267 E96.33327
G1 X113.04 Y112.095 E96.33868
G1 X112.985 Y111.907 E96.34295
G1 X112.992 Y111.62 E96.34921
G1 X113.045 Y111.429 E96.35353
G1 X113.221 Y111.256 E96.35891
G1 X113.704 Y111.003 E96.3708
G1 X113.453 Y110.887 E96.37683
G1 X113.22 Y110.817 E96.38213
G1 X113.042 Y110.645 E96.38753
G1 X112.99 Y110.485 E96.3912
G1 X112.978 Y110.127 E96.39901
G1 X113.033 Y109.928 E96.40351
G1 X113.214 Y109.755 E96.40897
G1 X113.667 Y109.522 E96.42007
G1 X113.216 Y109.318 E96.43087
G1 X113.035 Y109.144 E96.43634
G1 X112.981 Y108.951 E96.44071
G1 X112.995 Y108.561 E96.44922
G1 X113.043 Y108.427 E96.45232
G1 X113.221 Y108.255 E96.45772
G1 X113.667 Y108.024 E96.46867
G1 X113.221 Y107.815 E96.47941
G1 X113.043 Y107.642 E96.48482
G1 X112.992 Y107.477 E96.48858
G1 X112.992 Y107.071 E96.49744
G1 X113.042 Y106.934 E96.50061
G1 X113.21 Y106.762 E96.50586
G1 X113.663 Y106.513 E96.51713
G1 X113.204 Y106.315 E96.52802
G1 X113.032 Y106.146 E96.53328
G1 X112.977 Y106.009 E96.5365
G1 X112.986 Y105.563 E96.54623
G1 X113.038 Y105.428 E96.54938
G1 X113.215 Y105.255 E96.55478
G1 X113.659 Y105.022 E96.56571
G1 X113.215 Y104.816 E96.57638
G1 X113.038 Y104.643 E96.58178
G1 X112.986 Y104.47 E96.58571
G1 X112.992 Y104.12 E96.59335
G1 X113.044 Y103.929 E96.59766
G1 X113.221 Y103.756 E96.60306
G1 X113.661 Y103.523 E96.61391
G1 X113.219 Y103.317 E96.62454
G1 X113.04 Y103.145 E96.62996
G1 X112.985 Y102.952 E96.63433
G1 X113.001 Y102.554 E96.64302
G1 X113.084 Y102.372 E96.64738
G1 X113.221 Y102.258 E96.65126
G1 X113.649 Y102.027 E96.66187
G1 X113.302 Y101.823 E96.67064
G1 X113.216 Y101.667 E96.67453
G1 X113.213 Y101.426 E96.67978
G1 X113.276 Y101.282 E96.68321
G1 X113.419 Y101.15 E96.68745
G0 F9000 X113.574 Y101.095
G0 X113.61 Y101.095
G0 X113.092 Y100.344
;TYPE:FILL
G1 F2511.9 X112.835 Y100.438 E96.71002
G1 X112.431 Y100.809 E96.75525
G1 X112.275 Y101.162 E96.78708
G1 X107.872 Y105.564 E97.30054
G1 X107.929 Y105.691 E97.31202
G1 X107.995 Y105.937 E97.33302
G1 X107.998 Y106.259 E97.35958
G1 X112.12 Y102.137 E97.84032
G1 X111.997 Y102.462 E97.86897
G1 X112.003 Y103.074 E97.91945
G1 X107.917 Y107.16 E98.39599
G1 X107.99 Y107.459 E98.42137
G1 X108.012 Y107.885 E98.45655
G1 X111.995 Y103.902 E98.92108
G1 X111.998 Y104.34 E98.9572
G1 X111.948 Y104.341 E98.96133
G1 X112.021 Y104.697 E98.9913
G1 X107.981 Y108.742 E99.46277
G1 X108.02 Y109.518 E99.52684
G1 X112.003 Y105.534 E99.99143
G1 X111.987 Y105.982 E100.0284
G1 X112.047 Y106.311 E100.05598
G1 X107.99 Y110.368 E100.52914
G1 X107.99 Y111.065 E100.58662
G1 X107.906 Y111.272 E100.60504
G1 X112.002 Y107.176 E101.08275
G1 X112.008 Y107.591 E101.11698
G1 X112.077 Y107.922 E101.14486
G1 X107.992 Y112.006 E101.62123
G1 X107.997 Y112.429 E101.65612
G1 X107.893 Y112.926 E101.69799
G1 X111.975 Y108.844 E102.17407
G1 X112.045 Y109.409 E102.22102
G1 X112.084 Y109.408 E102.22424
G1 X112.129 Y109.51 E102.23343
G1 X107.999 Y113.64 E102.7151
G1 X108.002 Y113.917 E102.73795
G1 X107.93 Y114.266 E102.76734
G1 X107.845 Y114.45 E102.78405
G1 X107.896 Y114.563 E102.79428
G1 X111.983 Y110.476 E103.27093
G1 X112.05 Y110.815 E103.29943
G1 X112.153 Y111.05 E103.32059
G1 X112.102 Y111.177 E103.33188
G1 X107.999 Y115.28 E103.8104
G1 X108 Y115.469 E103.82599
G1 X107.932 Y115.764 E103.85096
G1 X107.845 Y115.949 E103.86782
G1 X107.936 Y116.164 E103.88707
G1 X112.004 Y112.096 E104.36151
G1 X112.153 Y112.497 E104.39679
G1 X111.997 Y112.895 E104.43205
G1 X111.997 Y112.923 E104.43435
G1 X108.026 Y116.893 E104.89743
G1 X107.937 Y117.27 E104.92937
G1 X107.85 Y117.458 E104.94645
G1 X107.946 Y117.692 E104.96731
G1 X107.982 Y117.692 E104.97028
G1 X107.985 Y117.755 E104.97548
G1 X112.023 Y113.717 E105.44643
G1 X112.157 Y114.006 E105.4727
G1 X112.068 Y114.201 E105.49038
G1 X111.991 Y114.569 E105.52138
G1 X107.983 Y118.577 E105.98883
G1 X107.975 Y118.644 E105.99439
G1 X107.843 Y118.959 E106.02256
G1 X107.968 Y119.274 E106.05051
G1 X107.981 Y119.399 E106.06087
G1 X112.059 Y115.322 E106.53642
G1 X112.149 Y115.515 E106.55398
G1 X112 Y115.91 E106.5888
G1 X112.003 Y116.198 E106.61255
G1 X107.977 Y120.224 E107.0821
G1 X108.797 Y120.224 E107.14972
G1 X112.118 Y116.903 E107.53704
G1 X112.159 Y116.996 E107.54542
G1 X112.074 Y117.186 E107.56259
G1 X112.005 Y117.432 E107.58366
G1 X111.996 Y117.845 E107.61773
G1 X109.617 Y120.224 E107.89518
G1 X110.438 Y120.223 E107.96289
G1 X112.14 Y118.521 E108.16139
G1 X112.012 Y118.859 E108.1912
G1 X111.988 Y119.138 E108.21429
G1 X112.002 Y119.48 E108.24252
G1 X112.101 Y119.898 E108.27795
G1 X112.158 Y119.997 E108.28737
G1 X112.072 Y120.223 E108.30731
G0 F9000 X112.002 Y119.48
G1 F2511.9 X111.259 Y120.223 E108.39396
G0 F9000 X112.602 Y102.013
G0 X112.9 Y100.664
G0 X119.31 Y100.274
G1 F2511.9 X119.31 Y99.868 E108.42744
G1 X118.903 Y100.275 E108.47491
G1 X118.083 Y100.275 E108.54254
G1 X118.583 Y99.774 E108.60091
G1 X117.763 Y99.774 E108.66853
G1 X117.263 Y100.275 E108.72691
G1 X116.442 Y100.275 E108.79461
G1 X116.943 Y99.774 E108.85304
G1 X116.123 Y99.774 E108.92067
G1 X115.622 Y100.275 E108.9791
G1 X114.802 Y100.275 E109.04672
G1 X115.302 Y99.774 E109.10509
G1 X114.482 Y99.774 E109.17272
G1 X113.982 Y100.275 E109.23109
G1 X113.283 Y100.275 E109.28874
G1 X113.092 Y100.344 E109.30548
G1 X113.662 Y99.774 E109.37196
G1 X112.842 Y99.774 E109.43959
G1 X107.997 Y104.619 E110.00465
G1 X107.995 Y104.434 E110.01991
G1 X107.929 Y104.187 E110.04099
G1 X107.843 Y103.997 E110.05819
G1 X107.879 Y103.917 E110.06543
G1 X112.021 Y99.774 E110.54856
G1 X111.201 Y99.774 E110.61618
G1 X107.99 Y102.986 E110.99073
G1 X107.963 Y102.794 E111.00672
G1 X107.84 Y102.488 E111.03392
G1 X107.944 Y102.212 E111.05824
G1 X110.381 Y99.774 E111.34252
G1 X109.561 Y99.774 E111.41015
G1 X107.962 Y101.373 E111.59664
G1 X107.946 Y101.256 E111.60638
G1 X107.764 Y100.873 E111.64135
G1 X107.701 Y100.814 E111.64846
G1 X108.741 Y99.774 E111.76976
G1 X107.92 Y99.774 E111.83746
G1 X107.25 Y100.445 E111.91566
G1 X106.613 Y100.261 E111.97034
G1 X107.1 Y99.774 E112.02714
G1 X106.28 Y99.774 E112.09477
G1 X105.779 Y100.275 E112.1532
G1 X104.959 Y100.275 E112.22082
G1 X105.46 Y99.774 E112.27925
G1 X104.639 Y99.774 E112.34696
G1 X104.139 Y100.275 E112.40533
G1 X103.318 Y100.275 E112.47304
G1 X103.819 Y99.774 E112.53147
G1 X102.999 Y99.774 E112.59909
G1 X102.498 Y100.275 E112.65752
G1 X101.678 Y100.275 E112.72515
G1 X102.179 Y99.774 E112.78358
G1 X101.358 Y99.774 E112.85128
G1 X100.858 Y100.275 E112.90966
G1 X100.688 Y100.275 E112.92368
G1 X100.688 Y99.774 E112.96499
G0 F9000 X100.688 Y99.855
;MESH:NONMESH
G0 F600 X100.688 Y99.855 Z1.48
G0 F9000 X113.363 Y100.595
G0 X113.363 Y100.907
;TIME_ELAPSED:193.320218
;LAYER:10
;TYPE:WALL-INNER
;MESH:belt_holder_screw.stl
G1 F1356.8 X113.619 Y100.815 E112.97144
G1 X120.203 Y100.815 E113.12747
G1 X120.203 Y99.235 E113.16491
G1 X99.796 Y99.235 E113.64851
G1 X99.797 Y100.815 E113.68595
G1 X106.309 Y100.815 E113.84027
G1 X106.623 Y100.887 E113.84791
G1 X106.822 Y100.985 E113.85316
G1 X107.071 Y101.189 E113.86079
G1 X107.22 Y101.484 E113.86862
G1 X107.212 Y101.994 E113.88071
G1 X107.131 Y102.258 E113.88726
G1 X106.868 Y102.521 E113.89607
G1 X107.132 Y102.784 E113.9049
G1 X107.215 Y103.059 E113.91171
G1 X107.214 Y103.445 E113.92086
G1 X107.131 Y103.755 E113.92846
G1 X106.869 Y104.019 E113.93727
G1 X107.134 Y104.281 E113.94611
G1 X107.221 Y104.576 E113.95339
G1 X107.209 Y104.991 E113.96323
G1 X107.13 Y105.255 E113.96976
G1 X106.868 Y105.519 E113.97858
G1 X107.134 Y105.78 E113.98741
G1 X107.222 Y106.093 E113.99511
G1 X107.209 Y106.493 E114.0046
G1 X107.128 Y106.758 E114.01116
G1 X106.865 Y107.021 E114.01998
G1 X107.129 Y107.284 E114.02881
G1 X107.215 Y107.591 E114.03636
G1 X107.215 Y107.993 E114.04589
G1 X107.132 Y108.26 E114.05252
G1 X106.867 Y108.523 E114.06136
G1 X107.13 Y108.786 E114.07018
G1 X107.214 Y109.076 E114.07733
G1 X107.215 Y109.492 E114.08719
G1 X107.132 Y109.76 E114.09384
G1 X106.867 Y110.023 E114.10269
G1 X107.13 Y110.285 E114.11149
G1 X107.215 Y110.591 E114.11901
G1 X107.215 Y110.904 E114.12643
G1 X107.126 Y111.218 E114.13416
G1 X106.844 Y111.498 E114.14358
G1 X107.126 Y111.777 E114.15298
G1 X107.213 Y112.05 E114.15977
G1 X107.214 Y112.395 E114.16795
G1 X107.131 Y112.705 E114.17555
G1 X106.869 Y112.969 E114.18437
G1 X107.134 Y113.231 E114.1932
G1 X107.221 Y113.526 E114.20049
G1 X107.209 Y113.941 E114.21033
G1 X107.13 Y114.205 E114.21686
G1 X106.868 Y114.469 E114.22567
G1 X107.134 Y114.73 E114.2345
G1 X107.222 Y115.043 E114.24221
G1 X107.209 Y115.443 E114.25169
G1 X107.128 Y115.708 E114.25826
G1 X106.865 Y115.971 E114.26707
G1 X107.129 Y116.234 E114.2759
G1 X107.215 Y116.541 E114.28346
G1 X107.215 Y116.943 E114.29298
G1 X107.132 Y117.21 E114.29961
G1 X106.867 Y117.473 E114.30846
G1 X107.13 Y117.736 E114.31727
G1 X107.214 Y118.026 E114.32443
G1 X107.22 Y118.494 E114.33552
G1 X107.086 Y118.783 E114.34307
G1 X106.87 Y118.973 E114.34988
G1 X107.086 Y119.162 E114.35669
G1 X107.215 Y119.448 E114.36412
G1 X107.215 Y119.871 E114.37415
G1 X107.075 Y120.295 E114.38473
G1 X106.878 Y120.471 E114.39099
G1 X107.076 Y120.647 E114.39727
G1 X107.118 Y120.765 E114.40023
G1 X112.776 Y120.764 E114.53432
G1 X112.781 Y120.561 E114.53913
G1 X112.841 Y120.292 E114.54566
G1 X112.912 Y120.165 E114.54911
G1 X113.128 Y119.975 E114.55592
G1 X112.913 Y119.785 E114.56272
G1 X112.843 Y119.659 E114.56614
G1 X112.785 Y119.384 E114.5728
G1 X112.781 Y118.982 E114.58233
G1 X112.886 Y118.714 E114.58915
G1 X113.131 Y118.48 E114.59718
G1 X112.887 Y118.247 E114.60517
G1 X112.783 Y117.897 E114.61382
G1 X112.789 Y117.508 E114.62304
G1 X112.87 Y117.241 E114.62966
G1 X113.133 Y116.979 E114.63845
G1 X112.87 Y116.715 E114.64728
G1 X112.789 Y116.469 E114.65342
G1 X112.784 Y116.009 E114.66432
G1 X112.864 Y115.745 E114.67086
G1 X113.125 Y115.477 E114.67973
G1 X112.865 Y115.21 E114.68856
G1 X112.784 Y114.94 E114.69524
G1 X112.778 Y114.553 E114.70441
G1 X112.864 Y114.24 E114.7121
G1 X113.13 Y113.979 E114.72093
G1 X112.864 Y113.717 E114.72978
G1 X112.78 Y113.441 E114.73662
G1 X112.784 Y113.005 E114.74695
G1 X112.866 Y112.74 E114.75352
G1 X113.132 Y112.479 E114.76236
G1 X112.865 Y112.218 E114.7712
G1 X112.775 Y111.939 E114.77815
G1 X112.789 Y111.552 E114.78733
G1 X112.871 Y111.287 E114.7939
G1 X113.135 Y111.026 E114.8027
G1 X112.871 Y110.765 E114.8115
G1 X112.79 Y110.517 E114.81768
G1 X112.785 Y110.065 E114.82839
G1 X112.867 Y109.798 E114.83501
G1 X113.132 Y109.53 E114.84394
G1 X112.867 Y109.263 E114.85286
G1 X112.783 Y108.959 E114.86033
G1 X112.789 Y108.558 E114.86984
G1 X112.87 Y108.291 E114.87645
G1 X113.133 Y108.029 E114.88524
G1 X112.87 Y107.765 E114.89408
G1 X112.789 Y107.519 E114.90021
G1 X112.784 Y107.059 E114.91111
G1 X112.864 Y106.795 E114.91765
G1 X113.125 Y106.527 E114.92652
G1 X112.865 Y106.26 E114.93535
G1 X112.784 Y105.99 E114.94203
G1 X112.778 Y105.603 E114.9512
G1 X112.864 Y105.29 E114.95889
G1 X113.13 Y105.029 E114.96772
G1 X112.864 Y104.767 E114.97657
G1 X112.78 Y104.491 E114.98341
G1 X112.784 Y104.055 E114.99374
G1 X112.866 Y103.79 E115.00032
G1 X113.132 Y103.529 E115.00915
G1 X112.865 Y103.268 E115.018
G1 X112.779 Y102.974 E115.02525
G1 X112.797 Y102.511 E115.03623
G1 X112.939 Y102.189 E115.04457
G1 X113.167 Y101.998 E115.05162
G1 X113.027 Y101.74 E115.05858
G1 X113.022 Y101.362 E115.06754
G1 X113.127 Y101.124 E115.0737
G1 X113.363 Y100.907 E115.0813
G0 F9000 X113.501 Y101.15
;TYPE:WALL-OUTER
G1 F1043.7 X113.656 Y101.095 E115.08489
G1 X120.483 Y101.095 E115.23373
G1 X120.483 Y98.955 E115.28038
G1 X99.516 Y98.955 E115.73751
G1 X99.517 Y101.095 E115.78416
G1 X106.309 Y101.095 E115.93224
G1 X106.5 Y101.139 E115.93652
G1 X106.849 Y101.36 E115.94552
G1 X106.939 Y101.538 E115.94987
G1 X106.934 Y101.965 E115.95918
G1 X106.884 Y102.125 E115.96284
G1 X106.711 Y102.3 E115.9682
G1 X106.274 Y102.536 E115.97903
G1 X106.711 Y102.744 E115.98958
G1 X106.885 Y102.918 E115.99495
G1 X106.936 Y103.085 E115.99875
G1 X106.933 Y103.464 E116.00702
G1 X106.884 Y103.623 E116.01064
G1 X106.711 Y103.799 E116.01602
G1 X106.276 Y104.037 E116.02683
G1 X106.714 Y104.243 E116.03739
G1 X106.889 Y104.416 E116.04275
G1 X106.942 Y104.595 E116.04682
G1 X106.927 Y104.992 E116.05548
G1 X106.882 Y105.123 E116.0585
G1 X106.71 Y105.299 E116.06387
G1 X106.277 Y105.537 E116.07464
G1 X106.713 Y105.743 E116.08515
G1 X106.889 Y105.915 E116.09052
G1 X106.943 Y106.066 E116.09402
G1 X106.931 Y106.465 E116.10272
G1 X106.881 Y106.626 E116.10639
G1 X106.708 Y106.8 E116.11174
G1 X106.276 Y107.033 E116.12244
G1 X106.709 Y107.244 E116.13295
G1 X106.883 Y107.418 E116.13831
G1 X106.932 Y107.567 E116.14173
G1 X106.94 Y107.982 E116.15078
G1 X106.886 Y108.126 E116.15413
G1 X106.71 Y108.3 E116.15953
G1 X106.272 Y108.531 E116.17032
G1 X106.709 Y108.744 E116.18092
G1 X106.884 Y108.919 E116.18632
G1 X106.935 Y109.095 E116.19031
G1 X106.938 Y109.487 E116.19886
G1 X106.886 Y109.626 E116.2021
G1 X106.71 Y109.8 E116.20749
G1 X106.272 Y110.031 E116.21829
G1 X106.709 Y110.244 E116.22889
G1 X106.884 Y110.419 E116.23428
G1 X106.932 Y110.568 E116.2377
G1 X106.935 Y110.892 E116.24476
G1 X106.881 Y111.082 E116.24907
G1 X106.711 Y111.251 E116.25429
G1 X106.224 Y111.515 E116.26637
G1 X106.711 Y111.745 E116.27811
G1 X106.882 Y111.914 E116.28335
G1 X106.937 Y112.075 E116.28706
G1 X106.933 Y112.414 E116.29445
G1 X106.884 Y112.573 E116.29808
G1 X106.711 Y112.749 E116.30346
G1 X106.276 Y112.987 E116.31427
G1 X106.714 Y113.193 E116.32483
G1 X106.889 Y113.366 E116.33019
G1 X106.942 Y113.545 E116.33426
G1 X106.927 Y113.942 E116.34292
G1 X106.882 Y114.073 E116.34594
G1 X106.71 Y114.249 E116.35131
G1 X106.277 Y114.487 E116.36208
G1 X106.713 Y114.693 E116.37259
G1 X106.889 Y114.865 E116.37796
G1 X106.943 Y115.016 E116.38145
G1 X106.931 Y115.415 E116.39016
G1 X106.881 Y115.576 E116.39383
G1 X106.708 Y115.75 E116.39918
G1 X106.276 Y115.983 E116.40988
G1 X106.709 Y116.194 E116.42039
G1 X106.883 Y116.368 E116.42575
G1 X106.932 Y116.517 E116.42917
G1 X106.94 Y116.932 E116.43822
G1 X106.886 Y117.076 E116.44157
G1 X106.71 Y117.25 E116.44697
G1 X106.272 Y117.481 E116.45776
G1 X106.709 Y117.694 E116.46836
G1 X106.884 Y117.869 E116.47376
G1 X106.935 Y118.045 E116.47775
G1 X106.939 Y118.446 E116.4865
G1 X106.859 Y118.62 E116.49067
G1 X106.71 Y118.75 E116.49498
G1 X106.272 Y118.981 E116.50578
G1 X106.709 Y119.194 E116.51638
G1 X106.857 Y119.325 E116.52069
G1 X106.935 Y119.498 E116.52482
G1 X106.935 Y119.871 E116.53296
G1 X106.85 Y120.128 E116.53886
G1 X106.709 Y120.251 E116.54294
G1 X106.27 Y120.488 E116.55381
G1 X106.711 Y120.693 E116.56442
G1 X106.852 Y120.815 E116.56848
G1 X106.935 Y121.045 E116.57381
G1 X113.108 Y121.044 E116.7084
G1 X113.054 Y120.866 E116.71245
G1 X113.061 Y120.568 E116.71895
G1 X113.14 Y120.328 E116.72446
G1 X113.288 Y120.198 E116.72875
G1 X113.725 Y119.967 E116.73953
G1 X113.29 Y119.755 E116.75008
G1 X113.142 Y119.624 E116.75439
G1 X113.065 Y119.381 E116.75995
G1 X113.061 Y119.022 E116.76778
G1 X113.125 Y118.862 E116.77153
G1 X113.282 Y118.711 E116.77628
G1 X113.723 Y118.468 E116.78726
G1 X113.283 Y118.252 E116.79795
G1 X113.126 Y118.1 E116.80271
G1 X113.063 Y117.888 E116.80753
G1 X113.066 Y117.566 E116.81455
G1 X113.117 Y117.374 E116.81888
G1 X113.29 Y117.2 E116.82423
G1 X113.726 Y116.963 E116.83505
G1 X113.29 Y116.756 E116.84558
G1 X113.116 Y116.582 E116.85094
G1 X113.067 Y116.433 E116.85436
G1 X113.061 Y116.066 E116.86236
G1 X113.111 Y115.877 E116.86662
G1 X113.276 Y115.708 E116.87177
G1 X113.495 Y115.581 E116.87729
G1 X113.724 Y115.467 E116.88287
G1 X113.277 Y115.248 E116.89372
G1 X113.112 Y115.078 E116.89889
G1 X113.063 Y114.914 E116.90262
G1 X113.057 Y114.514 E116.91134
G1 X113.11 Y114.375 E116.91458
G1 X113.287 Y114.2 E116.92001
G1 X113.731 Y113.967 E116.93094
G1 X113.287 Y113.758 E116.94164
G1 X113.11 Y113.583 E116.94707
G1 X113.059 Y113.415 E116.9509
G1 X113.063 Y113.034 E116.9592
G1 X113.113 Y112.873 E116.96288
G1 X113.29 Y112.698 E116.96831
G1 X113.729 Y112.467 E116.97912
G1 X113.289 Y112.258 E116.98974
G1 X113.111 Y112.083 E116.99518
G1 X113.056 Y111.916 E116.99902
G1 X113.068 Y111.581 E117.00633
G1 X113.117 Y111.421 E117.00997
G1 X113.293 Y111.246 E117.01538
G1 X113.766 Y110.994 E117.02707
G1 X113.528 Y110.883 E117.03279
G1 X113.293 Y110.806 E117.03819
G1 X113.117 Y110.631 E117.0436
G1 X113.069 Y110.491 E117.04682
G1 X113.062 Y110.124 E117.05483
G1 X113.113 Y109.932 E117.05916
G1 X113.282 Y109.761 E117.0644
G1 X113.723 Y109.518 E117.07538
G1 X113.283 Y109.302 E117.08606
G1 X113.114 Y109.13 E117.09132
G1 X113.066 Y108.982 E117.09471
G1 X113.066 Y108.616 E117.10269
G1 X113.117 Y108.424 E117.10702
G1 X113.29 Y108.25 E117.11237
G1 X113.726 Y108.013 E117.12319
G1 X113.29 Y107.806 E117.13372
G1 X113.116 Y107.632 E117.13908
G1 X113.067 Y107.483 E117.1425
G1 X113.061 Y107.116 E117.1505
G1 X113.111 Y106.927 E117.15476
G1 X113.276 Y106.758 E117.15991
G1 X113.495 Y106.631 E117.16543
G1 X113.724 Y106.517 E117.17101
G1 X113.277 Y106.298 E117.18186
G1 X113.112 Y106.128 E117.18703
G1 X113.063 Y105.964 E117.19076
G1 X113.057 Y105.564 E117.19948
G1 X113.11 Y105.425 E117.20272
G1 X113.287 Y105.25 E117.20815
G1 X113.731 Y105.017 E117.21908
G1 X113.287 Y104.808 E117.22978
G1 X113.11 Y104.633 E117.23521
G1 X113.059 Y104.465 E117.23904
G1 X113.063 Y104.084 E117.24734
G1 X113.113 Y103.923 E117.25102
G1 X113.29 Y103.748 E117.25645
G1 X113.729 Y103.517 E117.26726
G1 X113.289 Y103.308 E117.27788
G1 X113.111 Y103.133 E117.28332
G1 X113.058 Y102.955 E117.28737
G1 X113.073 Y102.557 E117.29606
G1 X113.159 Y102.362 E117.3007
G1 X113.293 Y102.249 E117.30452
G1 X113.717 Y102.022 E117.31501
G1 X113.378 Y101.817 E117.32365
G1 X113.296 Y101.662 E117.32747
G1 X113.295 Y101.426 E117.33261
G1 X113.358 Y101.282 E117.33604
G1 X113.501 Y101.15 E117.34028
G0 F9000 X113.656 Y101.095
G0 X113.692 Y101.095
G0 X113.692 Y100.195
;MESH:NONMESH
G0 F600 X113.692 Y100.195 Z1.6
G0 F9000 X113.447 Y100.907
;TIME_ELAPSED:203.790507
;LAYER:11
;TYPE:WALL-INNER
;MESH:belt_holder_screw.stl
G1 F1347.1 X113.703 Y100.815 E117.34673
G1 X120.3 Y100.815 E117.50307
G1 X120.303 Y99.235 E117.54051
G1 X99.711 Y99.235 E118.02849
G1 X99.699 Y99.533 E118.03556
G1 X99.7 Y100.815 E118.06594
G1 X106.211 Y100.815 E118.22024
G1 X106.502 Y100.876 E118.22729
G1 X106.741 Y100.983 E118.23349
G1 X107.011 Y101.196 E118.24164
G1 X107.166 Y101.506 E118.24985
G1 X107.144 Y102.079 E118.26344
G1 X107.065 Y102.263 E118.26819
G1 X106.802 Y102.531 E118.27709
G1 X107.065 Y102.799 E118.28598
G1 X107.146 Y103.079 E118.29289
G1 X107.142 Y103.496 E118.30277
G1 X107.063 Y103.759 E118.30928
G1 X106.801 Y104.028 E118.31818
G1 X107.065 Y104.296 E118.3271
G1 X107.149 Y104.519 E118.33274
G1 X107.141 Y104.997 E118.34407
G1 X107.063 Y105.259 E118.35055
G1 X106.801 Y105.528 E118.35945
G1 X107.065 Y105.796 E118.36836
G1 X107.152 Y106.078 E118.37536
G1 X107.142 Y106.495 E118.38524
G1 X107.061 Y106.762 E118.39185
G1 X106.795 Y107.03 E118.4008
G1 X107.061 Y107.298 E118.40975
G1 X107.144 Y107.592 E118.41699
G1 X107.14 Y107.997 E118.42659
G1 X107.06 Y108.261 E118.43313
G1 X106.794 Y108.529 E118.44207
G1 X107.061 Y108.798 E118.45106
G1 X107.144 Y109.094 E118.45834
G1 X107.143 Y109.509 E118.46818
G1 X107.06 Y109.761 E118.47446
G1 X106.794 Y110.029 E118.48341
G1 X107.061 Y110.298 E118.49239
G1 X107.146 Y110.572 E118.49919
G1 X107.14 Y110.956 E118.50829
G1 X107.057 Y111.223 E118.51492
G1 X106.768 Y111.509 E118.52455
G1 X107.058 Y111.8 E118.53429
G1 X107.144 Y112.08 E118.54123
G1 X107.142 Y112.445 E118.54988
G1 X107.063 Y112.708 E118.55639
G1 X106.8 Y112.977 E118.5653
G1 X107.065 Y113.245 E118.57424
G1 X107.148 Y113.541 E118.58152
G1 X107.141 Y113.947 E118.59114
G1 X107.063 Y114.209 E118.59762
G1 X106.801 Y114.478 E118.60652
G1 X107.065 Y114.746 E118.61544
G1 X107.152 Y115.028 E118.62243
G1 X107.142 Y115.445 E118.63231
G1 X107.061 Y115.712 E118.63893
G1 X106.795 Y115.98 E118.64787
G1 X107.061 Y116.248 E118.65682
G1 X107.144 Y116.542 E118.66406
G1 X107.14 Y116.947 E118.67366
G1 X107.06 Y117.211 E118.6802
G1 X106.794 Y117.479 E118.68915
G1 X107.061 Y117.748 E118.69813
G1 X107.144 Y118.044 E118.70541
G1 X107.143 Y118.505 E118.71634
G1 X107.013 Y118.787 E118.7237
G1 X106.797 Y118.979 E118.73054
G1 X107.014 Y119.171 E118.73741
G1 X107.144 Y119.457 E118.74486
G1 X107.143 Y119.882 E118.75493
G1 X106.998 Y120.311 E118.76566
G1 X106.801 Y120.483 E118.77186
G1 X106.999 Y120.656 E118.77809
G1 X107.039 Y120.765 E118.78084
G1 X112.846 Y120.765 E118.91845
G1 X112.85 Y120.558 E118.92336
G1 X112.909 Y120.284 E118.93
G1 X112.98 Y120.159 E118.93341
G1 X113.198 Y119.966 E118.94031
G1 X112.982 Y119.772 E118.94719
G1 X112.912 Y119.647 E118.95058
G1 X112.856 Y119.372 E118.95723
G1 X112.853 Y118.981 E118.9665
G1 X112.958 Y118.702 E118.97356
G1 X113.202 Y118.469 E118.98156
G1 X112.959 Y118.236 E118.98954
G1 X112.858 Y117.964 E118.99641
G1 X112.854 Y117.465 E119.00824
G1 X112.937 Y117.24 E119.01392
G1 X113.202 Y116.973 E119.02284
G1 X112.935 Y116.705 E119.0318
G1 X112.852 Y116.414 E119.03897
G1 X112.853 Y116.001 E119.04876
G1 X112.935 Y115.733 E119.0554
G1 X113.202 Y115.467 E119.06433
G1 X112.937 Y115.2 E119.07325
G1 X112.857 Y114.923 E119.08008
G1 X112.851 Y114.551 E119.0889
G1 X112.934 Y114.239 E119.09655
G1 X113.198 Y113.971 E119.10546
G1 X112.934 Y113.702 E119.11439
G1 X112.852 Y113.423 E119.12129
G1 X112.853 Y113.001 E119.13129
G1 X112.934 Y112.736 E119.13785
G1 X113.201 Y112.469 E119.1468
G1 X112.934 Y112.203 E119.15573
G1 X112.853 Y111.93 E119.16248
G1 X112.857 Y111.546 E119.17158
G1 X112.937 Y111.283 E119.1781
G1 X113.202 Y111.016 E119.18701
G1 X112.938 Y110.749 E119.19591
G1 X112.857 Y110.463 E119.20295
G1 X112.857 Y110.053 E119.21267
G1 X112.937 Y109.789 E119.21921
G1 X113.203 Y109.519 E119.22819
G1 X112.938 Y109.249 E119.23715
G1 X112.858 Y108.963 E119.24419
G1 X112.854 Y108.515 E119.25481
G1 X112.937 Y108.29 E119.26049
G1 X113.202 Y108.023 E119.26941
G1 X112.935 Y107.755 E119.27837
G1 X112.852 Y107.464 E119.28554
G1 X112.853 Y107.051 E119.29533
G1 X112.935 Y106.783 E119.30197
G1 X113.202 Y106.517 E119.3109
G1 X112.937 Y106.25 E119.31982
G1 X112.857 Y105.973 E119.32665
G1 X112.851 Y105.601 E119.33547
G1 X112.934 Y105.289 E119.34312
G1 X113.198 Y105.021 E119.35203
G1 X112.934 Y104.752 E119.36096
G1 X112.852 Y104.473 E119.36786
G1 X112.853 Y104.051 E119.37786
G1 X112.934 Y103.786 E119.38442
G1 X113.201 Y103.519 E119.39337
G1 X112.934 Y103.253 E119.4023
G1 X112.852 Y102.968 E119.40933
G1 X112.862 Y102.519 E119.41997
G1 X112.91 Y102.346 E119.42423
G1 X113.013 Y102.173 E119.429
G1 X113.238 Y101.992 E119.43584
G1 X113.108 Y101.727 E119.44284
G1 X113.106 Y101.362 E119.45149
G1 X113.211 Y101.124 E119.45765
G1 X113.447 Y100.907 E119.46525
G0 F9000 X113.585 Y101.15
;TYPE:WALL-OUTER
G1 F1036.3 X113.74 Y101.095 E119.46883
G1 X120.58 Y101.095 E119.61796
G1 X120.584 Y98.955 E119.66462
G1 X99.436 Y98.955 E120.12569
G1 X99.419 Y99.527 E120.13816
G1 X99.42 Y101.095 E120.17235
G1 X106.304 Y101.095 E120.32243
G1 X106.626 Y101.239 E120.33012
G1 X106.79 Y101.368 E120.33467
G1 X106.884 Y101.555 E120.33924
G1 X106.866 Y101.977 E120.34844
G1 X106.818 Y102.131 E120.35196
G1 X106.646 Y102.307 E120.35733
G1 X106.219 Y102.54 E120.36793
G1 X106.646 Y102.755 E120.37835
G1 X106.818 Y102.93 E120.3837
G1 X106.866 Y103.062 E120.38677
G1 X106.863 Y103.47 E120.39566
G1 X106.815 Y103.629 E120.39928
G1 X106.644 Y103.806 E120.40465
G1 X106.219 Y104.04 E120.41523
G1 X106.646 Y104.254 E120.42564
G1 X106.819 Y104.428 E120.43099
G1 X106.869 Y104.607 E120.43504
G1 X106.863 Y104.97 E120.44296
G1 X106.815 Y105.129 E120.44658
G1 X106.644 Y105.306 E120.45194
G1 X106.219 Y105.54 E120.46252
G1 X106.646 Y105.754 E120.47293
G1 X106.819 Y105.928 E120.47828
G1 X106.87 Y106.14 E120.48304
G1 X106.863 Y106.468 E120.49019
G1 X106.814 Y106.63 E120.49388
G1 X106.64 Y106.805 E120.49926
G1 X106.209 Y107.039 E120.50995
G1 X106.64 Y107.255 E120.52046
G1 X106.814 Y107.43 E120.52584
G1 X106.864 Y107.565 E120.52898
G1 X106.862 Y107.97 E120.53781
G1 X106.813 Y108.13 E120.54146
G1 X106.639 Y108.306 E120.54686
G1 X106.209 Y108.539 E120.55752
G1 X106.639 Y108.754 E120.568
G1 X106.814 Y108.93 E120.57341
G1 X106.861 Y109.074 E120.57671
G1 X106.862 Y109.469 E120.58532
G1 X106.813 Y109.63 E120.58899
G1 X106.639 Y109.806 E120.59439
G1 X106.209 Y110.039 E120.60505
G1 X106.639 Y110.254 E120.61553
G1 X106.814 Y110.43 E120.62095
G1 X106.861 Y110.574 E120.62425
G1 X106.861 Y110.927 E120.63194
G1 X106.811 Y111.088 E120.63562
G1 X106.643 Y111.258 E120.64083
G1 X106.181 Y111.512 E120.65232
G1 X106.643 Y111.765 E120.66381
G1 X106.813 Y111.935 E120.66905
G1 X106.865 Y112.105 E120.67293
G1 X106.863 Y112.418 E120.67975
G1 X106.815 Y112.577 E120.68337
G1 X106.644 Y112.753 E120.68872
G1 X106.219 Y112.99 E120.69933
G1 X106.646 Y113.204 E120.70974
G1 X106.819 Y113.378 E120.71509
G1 X106.869 Y113.557 E120.71914
G1 X106.863 Y113.92 E120.72706
G1 X106.815 Y114.079 E120.73068
G1 X106.644 Y114.256 E120.73605
G1 X106.219 Y114.49 E120.74662
G1 X106.646 Y114.704 E120.75704
G1 X106.819 Y114.878 E120.76239
G1 X106.87 Y115.09 E120.76714
G1 X106.863 Y115.418 E120.77429
G1 X106.814 Y115.58 E120.77798
G1 X106.64 Y115.755 E120.78336
G1 X106.209 Y115.989 E120.79406
G1 X106.64 Y116.205 E120.80457
G1 X106.814 Y116.38 E120.80995
G1 X106.864 Y116.515 E120.81309
G1 X106.862 Y116.92 E120.82192
G1 X106.813 Y117.08 E120.82556
G1 X106.639 Y117.256 E120.83096
G1 X106.209 Y117.489 E120.84162
G1 X106.639 Y117.704 E120.8521
G1 X106.814 Y117.88 E120.85752
G1 X106.861 Y118.024 E120.86082
G1 X106.863 Y118.454 E120.87019
G1 X106.785 Y118.626 E120.87431
G1 X106.639 Y118.756 E120.87857
G1 X106.209 Y118.989 E120.88923
G1 X106.639 Y119.204 E120.89972
G1 X106.785 Y119.333 E120.90396
G1 X106.864 Y119.505 E120.90809
G1 X106.863 Y119.881 E120.91629
G1 X106.775 Y120.141 E120.92227
G1 X106.639 Y120.258 E120.92618
G1 X106.223 Y120.484 E120.93651
G1 X106.646 Y120.715 E120.94701
G1 X106.779 Y120.828 E120.95082
G1 X106.858 Y121.045 E120.95585
G1 X113.183 Y121.045 E121.09375
G1 X113.125 Y120.861 E121.09796
G1 X113.13 Y120.562 E121.10448
G1 X113.208 Y120.321 E121.11
G1 X113.355 Y120.191 E121.11428
G1 X113.788 Y119.959 E121.12499
G1 X113.358 Y119.744 E121.13547
G1 X113.212 Y119.612 E121.13976
G1 X113.136 Y119.37 E121.14529
G1 X113.134 Y119.007 E121.1532
G1 X113.197 Y118.849 E121.15691
G1 X113.355 Y118.698 E121.16168
G1 X113.786 Y118.459 E121.17242
G1 X113.356 Y118.243 E121.18291
G1 X113.198 Y118.09 E121.18771
G1 X113.137 Y117.87 E121.19269
G1 X113.136 Y117.531 E121.20008
G1 X113.184 Y117.371 E121.20372
G1 X113.358 Y117.195 E121.20911
G1 X113.788 Y116.96 E121.2198
G1 X113.356 Y116.748 E121.23029
G1 X113.182 Y116.572 E121.23569
G1 X113.131 Y116.396 E121.23968
G1 X113.13 Y116.06 E121.24701
G1 X113.181 Y115.867 E121.25136
G1 X113.358 Y115.691 E121.2568
G1 X113.792 Y115.461 E121.26751
G1 X113.36 Y115.247 E121.27802
G1 X113.185 Y115.069 E121.28346
G1 X113.137 Y114.902 E121.28725
G1 X113.131 Y114.56 E121.29471
G1 X113.181 Y114.371 E121.29897
G1 X113.354 Y114.195 E121.30435
G1 X113.786 Y113.96 E121.31507
G1 X113.354 Y113.746 E121.32558
G1 X113.181 Y113.571 E121.33095
G1 X113.132 Y113.402 E121.33478
G1 X113.13 Y113.004 E121.34346
G1 X113.18 Y112.868 E121.34662
G1 X113.358 Y112.691 E121.35209
G1 X113.79 Y112.462 E121.36275
G1 X113.358 Y112.249 E121.37325
G1 X113.181 Y112.071 E121.37873
G1 X113.132 Y111.938 E121.38182
G1 X113.136 Y111.574 E121.38975
G1 X113.184 Y111.415 E121.39338
G1 X113.359 Y111.239 E121.39879
G1 X113.83 Y110.985 E121.41045
G1 X113.606 Y110.881 E121.41584
G1 X113.36 Y110.796 E121.42151
G1 X113.185 Y110.619 E121.42694
G1 X113.136 Y110.485 E121.43005
G1 X113.134 Y110.112 E121.43818
G1 X113.184 Y109.921 E121.44249
G1 X113.355 Y109.748 E121.44779
G1 X113.786 Y109.509 E121.45853
G1 X113.356 Y109.293 E121.46903
G1 X113.186 Y109.118 E121.47434
G1 X113.137 Y108.985 E121.47743
G1 X113.136 Y108.581 E121.48624
G1 X113.184 Y108.421 E121.48988
G1 X113.358 Y108.245 E121.49528
G1 X113.788 Y108.01 E121.50596
G1 X113.356 Y107.798 E121.51646
G1 X113.182 Y107.622 E121.52185
G1 X113.131 Y107.446 E121.52585
G1 X113.13 Y107.11 E121.53317
G1 X113.181 Y106.917 E121.53752
G1 X113.358 Y106.741 E121.54297
G1 X113.792 Y106.511 E121.55367
G1 X113.36 Y106.297 E121.56419
G1 X113.185 Y106.119 E121.56963
G1 X113.137 Y105.952 E121.57342
G1 X113.131 Y105.61 E121.58087
G1 X113.181 Y105.421 E121.58514
G1 X113.354 Y105.245 E121.59052
G1 X113.786 Y105.01 E121.60124
G1 X113.354 Y104.796 E121.61175
G1 X113.181 Y104.621 E121.61711
G1 X113.132 Y104.452 E121.62095
G1 X113.13 Y104.054 E121.62963
G1 X113.18 Y103.918 E121.63279
G1 X113.358 Y103.741 E121.63826
G1 X113.79 Y103.512 E121.64892
G1 X113.358 Y103.299 E121.65942
G1 X113.181 Y103.121 E121.66489
G1 X113.131 Y102.949 E121.6688
G1 X113.139 Y102.559 E121.6773
G1 X113.25 Y102.302 E121.68341
G1 X113.784 Y102.013 E121.69664
G1 X113.452 Y101.805 E121.70519
G1 X113.378 Y101.654 E121.70885
G1 X113.379 Y101.426 E121.71382
G1 X113.442 Y101.282 E121.71725
G1 X113.585 Y101.15 E121.72149
G0 F9000 X113.74 Y101.095
G0 X113.776 Y101.095
G0 X113.776 Y100.195
;MESH:NONMESH
G0 F600 X113.776 Y100.195 Z1.72
G0 F9000 X113.531 Y100.907
;TIME_ELAPSED:214.323680
;LAYER:12
;TYPE:WALL-INNER
;MESH:belt_holder_screw.stl
G1 F2783.1 X113.787 Y100.815 E121.72794
G1 X120.399 Y100.814 E121.88463
G1 X120.403 Y99.236 E121.92202
G1 X99.631 Y99.235 E122.41428
G1 X99.626 Y99.664 E122.42444
G1 X99.601 Y100.271 E122.43884
G1 X99.602 Y100.815 E122.45173
G1 X106.145 Y100.815 E122.60679
G1 X106.444 Y100.88 E122.61404
G1 X106.692 Y100.995 E122.62052
G1 X106.956 Y101.206 E122.62852
G1 X107.109 Y101.514 E122.63667
G1 X107.089 Y102.021 E122.6487
G1 X107.01 Y102.271 E122.65491
G1 X106.744 Y102.542 E122.66391
G1 X107.006 Y102.815 E122.67288
G1 X107.084 Y103.102 E122.67993
G1 X107.082 Y103.502 E122.68941
G1 X107.004 Y103.765 E122.69591
G1 X106.74 Y104.038 E122.70491
G1 X107.004 Y104.311 E122.71391
G1 X107.083 Y104.585 E122.72066
G1 X107.081 Y105.003 E122.73057
G1 X107.004 Y105.265 E122.73704
G1 X106.74 Y105.538 E122.74604
G1 X107.004 Y105.811 E122.75504
G1 X107.084 Y106.104 E122.76224
G1 X107.081 Y106.554 E122.7729
G1 X107.004 Y106.764 E122.7782
G1 X106.739 Y107.038 E122.78724
G1 X107.004 Y107.312 E122.79627
G1 X107.084 Y107.531 E122.80179
G1 X107.077 Y108 E122.81291
G1 X107 Y108.262 E122.81938
G1 X106.735 Y108.536 E122.82841
G1 X107.003 Y108.809 E122.83748
G1 X107.08 Y109.057 E122.84363
G1 X107.077 Y109.5 E122.85413
G1 X107 Y109.763 E122.86063
G1 X106.735 Y110.036 E122.86964
G1 X107.003 Y110.308 E122.87869
G1 X107.084 Y110.605 E122.88599
G1 X107.077 Y110.967 E122.89457
G1 X106.996 Y111.23 E122.90109
G1 X106.712 Y111.515 E122.91062
G1 X106.997 Y111.801 E122.92019
G1 X107.082 Y112.068 E122.92683
G1 X107.082 Y112.452 E122.93593
G1 X107.004 Y112.715 E122.94243
G1 X106.74 Y112.988 E122.95143
G1 X107.004 Y113.261 E122.96043
G1 X107.083 Y113.535 E122.96719
G1 X107.081 Y113.953 E122.9771
G1 X107.004 Y114.215 E122.98357
G1 X106.74 Y114.488 E122.99257
G1 X107.004 Y114.761 E123.00157
G1 X107.084 Y115.054 E123.00876
G1 X107.081 Y115.504 E123.01943
G1 X107.004 Y115.714 E123.02473
G1 X106.739 Y115.988 E123.03376
G1 X107.004 Y116.262 E123.0428
G1 X107.084 Y116.481 E123.04832
G1 X107.077 Y116.95 E123.05944
G1 X107 Y117.212 E123.06591
G1 X106.735 Y117.486 E123.07494
G1 X107.003 Y117.759 E123.08401
G1 X107.08 Y118.007 E123.09016
G1 X107.079 Y118.512 E123.10213
G1 X106.952 Y118.791 E123.10939
G1 X106.738 Y118.986 E123.11625
G1 X106.954 Y119.18 E123.12313
G1 X107.086 Y119.466 E123.1306
G1 X107.079 Y119.9 E123.14088
G1 X106.934 Y120.319 E123.15139
G1 X106.743 Y120.487 E123.15742
G1 X106.934 Y120.656 E123.16346
G1 X106.973 Y120.765 E123.16621
G1 X112.917 Y120.765 E123.30707
G1 X112.918 Y120.559 E123.31195
G1 X112.975 Y120.28 E123.3187
G1 X113.045 Y120.154 E123.32211
G1 X113.262 Y119.962 E123.32898
G1 X113.044 Y119.769 E123.33588
G1 X112.974 Y119.643 E123.33929
G1 X112.916 Y119.369 E123.34593
G1 X112.91 Y118.961 E123.3556
G1 X113.016 Y118.693 E123.36243
G1 X113.263 Y118.459 E123.37049
G1 X113.02 Y118.223 E123.37852
G1 X112.923 Y117.954 E123.3853
G1 X112.913 Y117.547 E123.39495
G1 X112.994 Y117.232 E123.40265
G1 X113.262 Y116.96 E123.4117
G1 X112.997 Y116.687 E123.42072
G1 X112.92 Y116.418 E123.42735
G1 X112.918 Y115.984 E123.43763
G1 X112.999 Y115.733 E123.44388
G1 X113.265 Y115.46 E123.45292
G1 X113 Y115.187 E123.46193
G1 X112.922 Y114.905 E123.46887
G1 X112.919 Y114.499 E123.47849
G1 X112.996 Y114.236 E123.48498
G1 X113.263 Y113.965 E123.494
G1 X112.995 Y113.693 E123.50305
G1 X112.915 Y113.406 E123.51011
G1 X112.92 Y112.996 E123.51982
G1 X112.998 Y112.733 E123.52633
G1 X113.263 Y112.462 E123.53531
G1 X112.998 Y112.191 E123.54429
G1 X112.917 Y111.973 E123.5498
G1 X112.921 Y111.544 E123.55997
G1 X112.998 Y111.283 E123.56642
G1 X113.265 Y111.012 E123.57543
G1 X112.997 Y110.74 E123.58448
G1 X112.918 Y110.466 E123.59124
G1 X112.912 Y110.098 E123.59996
G1 X112.994 Y109.782 E123.6077
G1 X113.264 Y109.509 E123.6168
G1 X112.999 Y109.234 E123.62585
G1 X112.923 Y108.967 E123.63243
G1 X112.913 Y108.597 E123.6412
G1 X112.994 Y108.282 E123.6489
G1 X113.262 Y108.01 E123.65795
G1 X112.997 Y107.737 E123.66697
G1 X112.92 Y107.468 E123.6736
G1 X112.918 Y107.034 E123.68389
G1 X112.999 Y106.783 E123.69014
G1 X113.265 Y106.51 E123.69917
G1 X113 Y106.237 E123.70818
G1 X112.922 Y105.955 E123.71512
G1 X112.919 Y105.549 E123.72474
G1 X112.996 Y105.286 E123.73123
G1 X113.263 Y105.015 E123.74025
G1 X112.995 Y104.743 E123.7493
G1 X112.915 Y104.456 E123.75636
G1 X112.92 Y104.046 E123.76608
G1 X112.998 Y103.783 E123.77258
G1 X113.263 Y103.513 E123.78154
G1 X112.997 Y103.241 E123.79056
G1 X112.917 Y102.955 E123.7976
G1 X112.918 Y102.526 E123.80776
G1 X112.976 Y102.322 E123.81279
G1 X113.081 Y102.155 E123.81746
G1 X113.304 Y101.972 E123.8243
G1 X113.187 Y101.709 E123.83112
G1 X113.19 Y101.362 E123.83934
G1 X113.295 Y101.124 E123.84551
G1 X113.531 Y100.907 E123.85311
G0 F9000 X113.669 Y101.15
;TYPE:WALL-OUTER
G1 F2140.9 X113.824 Y101.095 E123.85669
G1 X120.678 Y101.094 E124.00612
G1 X120.684 Y98.956 E124.05274
G1 X99.354 Y98.955 E124.51777
G1 X99.346 Y99.653 E124.53299
G1 X99.321 Y100.266 E124.54637
G1 X99.322 Y101.095 E124.56444
G1 X106.242 Y101.095 E124.71531
G1 X106.574 Y101.249 E124.72329
G1 X106.734 Y101.377 E124.72776
G1 X106.826 Y101.562 E124.73226
G1 X106.813 Y101.964 E124.74103
G1 X106.763 Y102.139 E124.745
G1 X106.591 Y102.314 E124.75035
G1 X106.163 Y102.549 E124.76099
G1 X106.587 Y102.766 E124.77138
G1 X106.757 Y102.943 E124.77673
G1 X106.801 Y103.082 E124.77991
G1 X106.803 Y103.476 E124.7885
G1 X106.756 Y103.635 E124.79211
G1 X106.585 Y103.812 E124.79748
G1 X106.162 Y104.047 E124.80803
G1 X106.585 Y104.264 E124.81839
G1 X106.756 Y104.441 E124.82376
G1 X106.805 Y104.64 E124.82823
G1 X106.803 Y104.976 E124.83555
G1 X106.756 Y105.135 E124.83917
G1 X106.585 Y105.312 E124.84453
G1 X106.162 Y105.547 E124.85508
G1 X106.585 Y105.764 E124.86545
G1 X106.756 Y105.941 E124.87081
G1 X106.804 Y106.118 E124.87481
G1 X106.803 Y106.475 E124.8826
G1 X106.756 Y106.635 E124.88623
G1 X106.585 Y106.811 E124.89158
G1 X106.154 Y107.052 E124.90235
G1 X106.585 Y107.265 E124.91283
G1 X106.756 Y107.441 E124.91818
G1 X106.805 Y107.649 E124.92284
G1 X106.798 Y107.975 E124.92995
G1 X106.752 Y108.134 E124.93356
G1 X106.581 Y108.311 E124.93892
G1 X106.154 Y108.552 E124.94961
G1 X106.583 Y108.764 E124.96004
G1 X106.755 Y108.94 E124.96541
G1 X106.802 Y109.09 E124.96884
G1 X106.8 Y109.444 E124.97655
G1 X106.752 Y109.634 E124.98083
G1 X106.581 Y109.811 E124.98619
G1 X106.154 Y110.052 E124.99688
G1 X106.583 Y110.264 E125.00732
G1 X106.755 Y110.439 E125.01266
G1 X106.801 Y110.584 E125.01598
G1 X106.8 Y110.909 E125.02307
G1 X106.749 Y111.098 E125.02734
G1 X106.577 Y111.272 E125.03267
G1 X106.132 Y111.517 E125.04374
G1 X106.577 Y111.761 E125.05481
G1 X106.75 Y111.934 E125.06014
G1 X106.797 Y112.075 E125.06338
G1 X106.803 Y112.426 E125.07104
G1 X106.756 Y112.585 E125.07465
G1 X106.585 Y112.762 E125.08002
G1 X106.162 Y112.997 E125.09057
G1 X106.585 Y113.214 E125.10093
G1 X106.756 Y113.391 E125.1063
G1 X106.805 Y113.59 E125.11077
G1 X106.803 Y113.926 E125.11809
G1 X106.756 Y114.085 E125.12171
G1 X106.585 Y114.262 E125.12707
G1 X106.162 Y114.497 E125.13762
G1 X106.585 Y114.714 E125.14799
G1 X106.756 Y114.891 E125.15335
G1 X106.804 Y115.068 E125.15735
G1 X106.803 Y115.425 E125.16513
G1 X106.756 Y115.585 E125.16877
G1 X106.585 Y115.761 E125.17412
G1 X106.154 Y116.002 E125.18489
G1 X106.585 Y116.215 E125.19537
G1 X106.756 Y116.391 E125.20072
G1 X106.805 Y116.599 E125.20538
G1 X106.798 Y116.925 E125.21249
G1 X106.752 Y117.084 E125.21609
G1 X106.581 Y117.261 E125.22146
G1 X106.154 Y117.502 E125.23215
G1 X106.583 Y117.714 E125.24258
G1 X106.755 Y117.89 E125.24795
G1 X106.802 Y118.04 E125.25138
G1 X106.798 Y118.463 E125.2606
G1 X106.722 Y118.632 E125.26464
G1 X106.581 Y118.761 E125.2688
G1 X106.154 Y119.002 E125.27949
G1 X106.583 Y119.214 E125.28993
G1 X106.725 Y119.342 E125.2941
G1 X106.805 Y119.516 E125.29827
G1 X106.799 Y119.896 E125.30656
G1 X106.711 Y120.149 E125.3124
G1 X106.576 Y120.266 E125.31629
G1 X106.17 Y120.488 E125.32638
G1 X106.577 Y120.711 E125.3365
G1 X106.712 Y120.826 E125.34036
G1 X106.79 Y121.045 E125.34543
G1 X113.256 Y121.045 E125.4864
G1 X113.197 Y120.857 E125.4907
G1 X113.198 Y120.56 E125.49718
G1 X113.275 Y120.315 E125.50277
G1 X113.421 Y120.184 E125.50705
G1 X113.849 Y119.95 E125.51769
G1 X113.42 Y119.737 E125.52813
G1 X113.274 Y119.607 E125.53239
G1 X113.196 Y119.365 E125.53793
G1 X113.191 Y119.002 E125.54585
G1 X113.255 Y118.84 E125.54965
G1 X113.415 Y118.688 E125.55446
G1 X113.85 Y118.451 E125.56526
G1 X113.418 Y118.233 E125.57581
G1 X113.261 Y118.08 E125.58059
G1 X113.208 Y117.942 E125.58381
G1 X113.191 Y117.502 E125.59341
G1 X113.242 Y117.363 E125.59664
G1 X113.415 Y117.188 E125.602
G1 X113.841 Y116.955 E125.61259
G1 X113.417 Y116.736 E125.62299
G1 X113.245 Y116.558 E125.62839
G1 X113.199 Y116.395 E125.63208
G1 X113.199 Y116.023 E125.64019
G1 X113.247 Y115.863 E125.64383
G1 X113.419 Y115.687 E125.6492
G1 X113.848 Y115.451 E125.65988
G1 X113.42 Y115.235 E125.67033
G1 X113.249 Y115.058 E125.67569
G1 X113.201 Y114.887 E125.67957
G1 X113.198 Y114.525 E125.68746
G1 X113.245 Y114.366 E125.69107
G1 X113.418 Y114.188 E125.69648
G1 X113.846 Y113.951 E125.70715
G1 X113.417 Y113.739 E125.71758
G1 X113.243 Y113.562 E125.72299
G1 X113.193 Y113.427 E125.72613
G1 X113.199 Y113.022 E125.73496
G1 X113.246 Y112.862 E125.7386
G1 X113.42 Y112.685 E125.74401
G1 X113.847 Y112.45 E125.75464
G1 X113.419 Y112.239 E125.76504
G1 X113.246 Y112.061 E125.77045
G1 X113.197 Y111.889 E125.77435
G1 X113.199 Y111.571 E125.78129
G1 X113.246 Y111.412 E125.7849
G1 X113.421 Y111.234 E125.79034
G1 X113.892 Y110.976 E125.80205
G1 X113.689 Y110.881 E125.80694
G1 X113.42 Y110.787 E125.81315
G1 X113.245 Y110.61 E125.81858
G1 X113.2 Y110.474 E125.8217
G1 X113.192 Y110.105 E125.82975
G1 X113.242 Y109.913 E125.83407
G1 X113.415 Y109.738 E125.83944
G1 X113.85 Y109.501 E125.85024
G1 X113.418 Y109.283 E125.86079
G1 X113.248 Y109.106 E125.86614
G1 X113.202 Y108.944 E125.86981
G1 X113.192 Y108.55 E125.8784
G1 X113.242 Y108.413 E125.88158
G1 X113.415 Y108.238 E125.88695
G1 X113.841 Y108.005 E125.89753
G1 X113.417 Y107.786 E125.90794
G1 X113.245 Y107.608 E125.91333
G1 X113.199 Y107.445 E125.91703
G1 X113.199 Y107.073 E125.92514
G1 X113.247 Y106.913 E125.92878
G1 X113.419 Y106.737 E125.93414
G1 X113.848 Y106.501 E125.94482
G1 X113.42 Y106.285 E125.95527
G1 X113.249 Y106.108 E125.96064
G1 X113.201 Y105.937 E125.96451
G1 X113.198 Y105.575 E125.9724
G1 X113.245 Y105.416 E125.97602
G1 X113.418 Y105.238 E125.98143
G1 X113.846 Y105.001 E125.99209
G1 X113.417 Y104.789 E126.00253
G1 X113.243 Y104.612 E126.00794
G1 X113.193 Y104.477 E126.01108
G1 X113.199 Y104.072 E126.01991
G1 X113.246 Y103.913 E126.02352
G1 X113.42 Y103.735 E126.02895
G1 X113.847 Y103.5 E126.03957
G1 X113.419 Y103.288 E126.04999
G1 X113.245 Y103.111 E126.0554
G1 X113.196 Y102.938 E126.05932
G1 X113.196 Y102.561 E126.06754
G1 X113.312 Y102.295 E126.07387
G1 X113.844 Y102.002 E126.08711
G1 X113.523 Y101.786 E126.09554
G1 X113.459 Y101.643 E126.09896
G1 X113.463 Y101.426 E126.10369
G1 X113.526 Y101.282 E126.10712
G1 X113.669 Y101.15 E126.11136
G0 F9000 X113.824 Y101.095
G0 X113.86 Y101.095
G0 X113.86 Y100.595
G0 X119.662 Y99.775
;TYPE:FILL
G1 F2569 X119.461 Y99.775 E126.12794
G1 X119.662 Y99.976 E126.15138
G1 X119.662 Y100.273 E126.17587
G1 X119.139 Y100.273 E126.219
G1 X118.641 Y99.775 E126.27708
G1 X117.82 Y99.775 E126.34479
G1 X118.318 Y100.273 E126.40287
G1 X117.499 Y100.274 E126.47041
G1 X117 Y99.775 E126.52861
G1 X116.18 Y99.775 E126.59623
G1 X116.678 Y100.274 E126.65437
G1 X115.858 Y100.274 E126.722
G1 X115.36 Y99.775 E126.78014
G1 X114.539 Y99.775 E126.84784
G1 X115.039 Y100.274 E126.9061
G1 X114.218 Y100.274 E126.97381
G1 X113.719 Y99.775 E127.032
G1 X112.899 Y99.775 E127.09963
G1 X113.434 Y100.31 E127.16202
G1 X113.084 Y100.438 E127.19276
G1 X112.905 Y100.601 E127.21272
G1 X112.079 Y99.775 E127.30906
G1 X111.259 Y99.775 E127.37668
G1 X112.562 Y101.078 E127.52865
G1 X112.494 Y101.231 E127.54245
G1 X112.459 Y101.522 E127.56663
G1 X112.499 Y101.836 E127.59273
G1 X110.438 Y99.775 E127.8331
G1 X109.618 Y99.775 E127.90073
G1 X112.249 Y102.406 E128.20757
G1 X112.238 Y103.006 E128.25706
G1 X112.287 Y103.265 E128.2788
G1 X108.798 Y99.775 E128.68578
G1 X107.978 Y99.775 E128.7534
G1 X112.241 Y104.038 E129.25058
G1 X112.241 Y104.536 E129.29165
G1 X112.295 Y104.813 E129.31493
G1 X112.372 Y104.99 E129.33085
G1 X107.157 Y99.775 E129.93906
G1 X106.337 Y99.775 E130.00669
G1 X107.065 Y100.503 E130.09159
G0 F9000 X101.095 Y100.274
G1 F2569 X100.595 Y99.775 E130.14985
G1 X100.334 Y99.774 E130.17137
G1 X100.336 Y100.275 E130.21269
G1 X101.915 Y100.274 E130.34291
G1 X101.416 Y99.775 E130.4011
G1 X102.236 Y99.775 E130.46873
G1 X102.735 Y100.274 E130.52693
G1 X103.555 Y100.274 E130.59455
G1 X103.056 Y99.775 E130.65275
G1 X103.876 Y99.775 E130.72037
G1 X104.376 Y100.274 E130.77863
G1 X105.196 Y100.274 E130.84625
G1 X104.697 Y99.775 E130.90445
G1 X105.517 Y99.775 E130.97207
G1 X106.016 Y100.274 E131.03027
G1 X106.341 Y100.274 E131.05707
G1 X106.832 Y100.387 E131.09862
G1 X107.088 Y100.515 E131.12223
G1 X107.499 Y100.851 E131.16601
G1 X107.589 Y101.027 E131.18231
G1 X112.239 Y105.677 E131.72463
G1 X112.246 Y106.046 E131.75507
G1 X112.296 Y106.297 E131.77617
G1 X112.391 Y106.524 E131.79646
G1 X112.359 Y106.618 E131.80465
G1 X107.756 Y102.015 E132.34149
G1 X107.692 Y102.309 E132.36631
G1 X107.603 Y102.519 E132.38512
G1 X107.702 Y102.78 E132.40814
G1 X112.242 Y107.321 E132.93769
G1 X112.244 Y107.56 E132.9574
G1 X112.306 Y107.817 E132.9792
G1 X112.395 Y108.029 E132.99816
G1 X112.313 Y108.212 E133.0147
G1 X107.729 Y103.628 E133.54932
G1 X107.603 Y104.013 E133.58273
G1 X107.698 Y104.226 E133.60196
G1 X107.744 Y104.463 E133.62187
G1 X112.243 Y108.962 E134.14658
G1 X112.301 Y109.313 E134.17592
G1 X112.394 Y109.53 E134.19539
G1 X112.287 Y109.826 E134.22135
G1 X107.73 Y105.269 E134.75282
G1 X107.605 Y105.513 E134.77543
G1 X107.67 Y105.663 E134.78891
G1 X107.702 Y105.663 E134.79155
G1 X107.762 Y106.021 E134.82149
G1 X107.758 Y106.118 E134.82949
G1 X112.27 Y110.629 E135.35566
G1 X112.395 Y111.024 E135.38983
G1 X112.262 Y111.442 E135.426
G1 X107.673 Y106.853 E135.96121
G1 X107.601 Y107.019 E135.97613
G1 X107.71 Y107.275 E135.99908
G1 X107.804 Y107.743 E136.03844
G1 X107.743 Y107.743 E136.04347
G1 X112.324 Y112.324 E136.57775
G1 X112.391 Y112.48 E136.59175
G1 X112.3 Y112.692 E136.61077
G1 X112.226 Y113.047 E136.64068
G1 X107.63 Y108.451 E137.1767
G1 X107.604 Y108.521 E137.18286
G1 X107.696 Y108.737 E137.20222
G1 X107.754 Y108.982 E137.22299
G1 X107.756 Y109.397 E137.25721
G1 X112.374 Y114.015 E137.7958
G1 X112.297 Y114.194 E137.81187
G1 X112.238 Y114.522 E137.83935
G1 X112.241 Y114.702 E137.8542
G1 X107.635 Y110.096 E138.39139
G1 X107.756 Y110.479 E138.42451
G1 X107.755 Y111.036 E138.47045
G1 X112.343 Y115.623 E139.00548
G1 X112.24 Y115.93 E139.03218
G1 X112.244 Y116.345 E139.06641
G1 X107.71 Y111.811 E139.5952
G1 X107.749 Y111.989 E139.61023
G1 X107.756 Y112.5 E139.65237
G1 X107.721 Y112.642 E139.66444
G1 X112.301 Y117.222 E140.19859
G1 X112.251 Y117.446 E140.21752
G1 X112.241 Y117.983 E140.26181
G1 X107.759 Y113.501 E140.78454
G1 X107.753 Y113.906 E140.81794
G1 X107.729 Y114.25 E140.84638
G1 X107.691 Y114.253 E140.84952
G1 X112.268 Y118.83 E141.38333
G1 X112.241 Y118.921 E141.39116
G1 X112.244 Y119.417 E141.43206
G1 X112.301 Y119.683 E141.4545
G1 X107.757 Y115.139 E141.98446
G1 X107.746 Y115.505 E142.01465
G1 X107.695 Y115.754 E142.03562
G1 X107.652 Y115.854 E142.04459
G1 X112.02 Y120.223 E142.55408
G1 X111.2 Y120.223 E142.62171
G1 X107.751 Y116.773 E143.02401
G1 X107.727 Y117.149 E143.05509
G1 X107.611 Y117.453 E143.08192
G1 X110.38 Y120.223 E143.40492
G1 X109.56 Y120.223 E143.47255
G1 X107.752 Y118.415 E143.68341
G1 X107.724 Y118.661 E143.70383
G1 X107.598 Y118.974 E143.73165
G1 X107.669 Y119.153 E143.74753
G1 X108.74 Y120.223 E143.87238
G1 X107.653 Y120.224 E143.96203
G1 X107.719 Y120.022 E143.97955
G1 X107.92 Y120.223 E144.00299
G0 F9000 X107.92 Y120.145
;MESH:NONMESH
G0 F600 X107.92 Y120.145 Z1.84
G0 F9000 X113.149 Y100.664
G0 X113.61 Y100.595
G0 X113.61 Y100.907
;TIME_ELAPSED:229.702696
;LAYER:13
;TYPE:WALL-INNER
;MESH:belt_holder_screw.stl
G1 F1385.6 X113.866 Y100.815 E144.00944
G1 X120.497 Y100.815 E144.16658
G1 X120.499 Y99.236 E144.204
G1 X99.549 Y99.235 E144.70047
G1 X99.539 Y100.139 E144.72189
G1 X99.512 Y100.815 E144.73793
G1 X106.078 Y100.815 E144.89353
G1 X106.383 Y100.883 E144.90093
G1 X106.642 Y101.006 E144.90773
G1 X106.899 Y101.213 E144.91555
G1 X107.051 Y101.514 E144.92354
G1 X107.039 Y101.998 E144.93501
G1 X106.958 Y102.278 E144.94192
G1 X106.689 Y102.551 E144.951
G1 X106.952 Y102.829 E144.96007
G1 X107.026 Y103.105 E144.96684
G1 X107.022 Y103.504 E144.9763
G1 X106.947 Y103.767 E144.98278
G1 X106.68 Y104.044 E144.9919
G1 X106.948 Y104.32 E145.00101
G1 X107.025 Y104.581 E145.00746
G1 X107.022 Y105.008 E145.01758
G1 X106.946 Y105.267 E145.02398
G1 X106.68 Y105.544 E145.03308
G1 X106.948 Y105.82 E145.0422
G1 X107.026 Y106.107 E145.04924
G1 X107.022 Y106.507 E145.05872
G1 X106.946 Y106.768 E145.06516
G1 X106.68 Y107.046 E145.07428
G1 X106.946 Y107.324 E145.0834
G1 X107.023 Y107.601 E145.09021
G1 X107.021 Y108.006 E145.09981
G1 X106.945 Y108.269 E145.1063
G1 X106.679 Y108.545 E145.11538
G1 X106.946 Y108.823 E145.12452
G1 X107.025 Y109.044 E145.13008
G1 X107.021 Y109.506 E145.14103
G1 X106.945 Y109.769 E145.14752
G1 X106.679 Y110.045 E145.1566
G1 X106.946 Y110.323 E145.16573
G1 X107.024 Y110.613 E145.17285
G1 X107.023 Y110.985 E145.18167
G1 X106.942 Y111.235 E145.18789
G1 X106.663 Y111.526 E145.19745
G1 X106.943 Y111.816 E145.207
G1 X107.024 Y112.093 E145.21384
G1 X107.029 Y112.45 E145.2223
G1 X106.952 Y112.717 E145.22889
G1 X106.682 Y112.996 E145.23809
G1 X106.95 Y113.274 E145.24724
G1 X107.025 Y113.531 E145.25358
G1 X107.022 Y113.958 E145.2637
G1 X106.946 Y114.217 E145.2701
G1 X106.68 Y114.494 E145.2792
G1 X106.948 Y114.77 E145.28831
G1 X107.026 Y115.057 E145.29536
G1 X107.022 Y115.457 E145.30484
G1 X106.946 Y115.718 E145.31128
G1 X106.68 Y115.996 E145.3204
G1 X106.946 Y116.274 E145.32952
G1 X107.023 Y116.551 E145.33633
G1 X107.021 Y116.956 E145.34593
G1 X106.945 Y117.219 E145.35242
G1 X106.679 Y117.495 E145.3615
G1 X106.946 Y117.773 E145.37064
G1 X107.022 Y118.038 E145.37717
G1 X107.023 Y118.523 E145.38866
G1 X106.895 Y118.801 E145.39592
G1 X106.682 Y118.995 E145.40274
G1 X106.895 Y119.19 E145.40959
G1 X107.024 Y119.473 E145.41696
G1 X107.023 Y119.897 E145.42701
G1 X106.874 Y120.33 E145.43786
G1 X106.685 Y120.495 E145.4438
G1 X106.875 Y120.661 E145.44978
G1 X106.91 Y120.765 E145.45238
G1 X112.977 Y120.765 E145.59616
G1 X112.977 Y120.556 E145.60111
G1 X113.034 Y120.275 E145.6079
G1 X113.103 Y120.15 E145.61129
G1 X113.32 Y119.954 E145.61822
G1 X113.103 Y119.758 E145.62515
G1 X113.033 Y119.634 E145.62852
G1 X112.976 Y119.364 E145.63506
G1 X112.969 Y118.953 E145.6448
G1 X113.074 Y118.685 E145.65162
G1 X113.319 Y118.451 E145.65965
G1 X113.077 Y118.216 E145.66765
G1 X112.978 Y117.945 E145.67448
G1 X112.973 Y117.491 E145.68524
G1 X113.051 Y117.227 E145.69177
G1 X113.321 Y116.951 E145.70092
G1 X113.054 Y116.674 E145.71003
G1 X112.978 Y116.402 E145.71673
G1 X112.979 Y115.992 E145.72644
G1 X113.056 Y115.729 E145.73294
G1 X113.323 Y115.454 E145.74202
G1 X113.056 Y115.178 E145.75112
G1 X112.979 Y114.906 E145.75782
G1 X112.976 Y114.493 E145.76761
G1 X113.052 Y114.232 E145.77405
G1 X113.319 Y113.957 E145.78313
G1 X113.049 Y113.682 E145.79226
G1 X112.97 Y113.407 E145.79905
G1 X112.98 Y112.986 E145.80902
G1 X113.055 Y112.728 E145.81539
G1 X113.322 Y112.454 E145.82446
G1 X113.055 Y112.18 E145.83352
G1 X112.978 Y111.897 E145.84047
G1 X112.977 Y111.589 E145.84777
G1 X113.055 Y111.28 E145.85533
G1 X113.322 Y111.004 E145.86443
G1 X113.055 Y110.728 E145.87353
G1 X112.977 Y110.452 E145.88032
G1 X112.973 Y110.041 E145.89006
G1 X113.051 Y109.777 E145.89659
G1 X113.32 Y109.501 E145.90572
G1 X113.054 Y109.224 E145.91482
G1 X112.978 Y108.952 E145.92151
G1 X112.973 Y108.541 E145.93125
G1 X113.051 Y108.277 E145.93778
G1 X113.321 Y108.001 E145.94693
G1 X113.054 Y107.724 E145.95605
G1 X112.978 Y107.452 E145.96274
G1 X112.979 Y107.042 E145.97245
G1 X113.056 Y106.779 E145.97895
G1 X113.323 Y106.504 E145.98803
G1 X113.056 Y106.228 E145.99713
G1 X112.979 Y105.956 E146.00383
G1 X112.976 Y105.543 E146.01362
G1 X113.052 Y105.282 E146.02006
G1 X113.319 Y105.007 E146.02914
G1 X113.049 Y104.732 E146.03828
G1 X112.97 Y104.457 E146.04506
G1 X112.978 Y104.02 E146.05541
G1 X113.055 Y103.779 E146.06141
G1 X113.322 Y103.505 E146.07048
G1 X113.053 Y103.231 E146.07958
G1 X112.974 Y102.957 E146.08633
G1 X112.974 Y102.531 E146.09643
G1 X113.041 Y102.299 E146.10215
G1 X113.147 Y102.138 E146.10672
G1 X113.393 Y101.953 E146.11401
G1 X113.262 Y101.692 E146.12093
G1 X113.269 Y101.362 E146.12876
G1 X113.374 Y101.124 E146.13492
G1 X113.61 Y100.907 E146.14252
G1 F1800 E144.14252
G0 F9000 X113.61 Y100.595
G0 X107.268 Y101.58
G1 F900 E146.14252
G0 F9000 X106.769 Y101.568
;TYPE:WALL-OUTER
G1 F1065.8 X106.759 Y101.977 E146.15144
G1 X106.711 Y102.147 E146.15529
G1 X106.537 Y102.323 E146.16069
G1 X106.111 Y102.556 E146.17127
G1 X106.532 Y102.775 E146.18162
G1 X106.702 Y102.955 E146.18702
G1 X106.747 Y103.122 E146.19079
G1 X106.743 Y103.48 E146.19859
G1 X106.697 Y103.64 E146.20222
G1 X106.525 Y103.819 E146.20763
G1 X106.105 Y104.054 E146.21813
G1 X106.527 Y104.271 E146.22847
G1 X106.699 Y104.449 E146.23387
G1 X106.746 Y104.607 E146.23746
G1 X106.743 Y104.982 E146.24564
G1 X106.697 Y105.14 E146.24923
G1 X106.525 Y105.319 E146.25464
G1 X106.105 Y105.554 E146.26513
G1 X106.527 Y105.771 E146.27548
G1 X106.699 Y105.949 E146.28087
G1 X106.747 Y106.123 E146.28481
G1 X106.743 Y106.482 E146.29264
G1 X106.697 Y106.64 E146.29622
G1 X106.527 Y106.818 E146.30159
G1 X106.109 Y107.055 E146.31207
G1 X106.527 Y107.274 E146.32235
G1 X106.697 Y107.452 E146.32772
G1 X106.74 Y107.585 E146.33077
G1 X106.742 Y107.982 E146.33942
G1 X106.696 Y108.141 E146.34303
G1 X106.526 Y108.319 E146.3484
G1 X106.109 Y108.555 E146.35885
G1 X106.526 Y108.774 E146.36911
G1 X106.697 Y108.951 E146.37448
G1 X106.744 Y109.128 E146.37847
G1 X106.742 Y109.482 E146.38619
G1 X106.696 Y109.641 E146.3898
G1 X106.526 Y109.819 E146.39517
G1 X106.109 Y110.055 E146.40561
G1 X106.526 Y110.274 E146.41588
G1 X106.697 Y110.451 E146.42125
G1 X106.746 Y110.598 E146.42462
G1 X106.742 Y110.946 E146.43221
G1 X106.694 Y111.105 E146.43583
G1 X106.525 Y111.28 E146.44114
G1 X106.077 Y111.525 E146.45227
G1 X106.526 Y111.773 E146.46345
G1 X106.696 Y111.947 E146.46876
G1 X106.742 Y112.086 E146.47195
G1 X106.751 Y112.397 E146.47873
G1 X106.703 Y112.588 E146.48303
G1 X106.532 Y112.764 E146.48838
G1 X106.105 Y113.004 E146.49905
G1 X106.531 Y113.224 E146.50951
G1 X106.701 Y113.401 E146.51486
G1 X106.746 Y113.557 E146.5184
G1 X106.743 Y113.932 E146.52657
G1 X106.697 Y114.09 E146.53016
G1 X106.525 Y114.269 E146.53557
G1 X106.105 Y114.504 E146.54607
G1 X106.527 Y114.721 E146.55641
G1 X106.699 Y114.899 E146.56181
G1 X106.747 Y115.073 E146.56574
G1 X106.743 Y115.432 E146.57357
G1 X106.697 Y115.59 E146.57716
G1 X106.527 Y115.768 E146.58253
G1 X106.109 Y116.005 E146.593
G1 X106.527 Y116.224 E146.60329
G1 X106.697 Y116.402 E146.60866
G1 X106.74 Y116.535 E146.6117
G1 X106.742 Y116.932 E146.62036
G1 X106.696 Y117.091 E146.62397
G1 X106.526 Y117.269 E146.62933
G1 X106.109 Y117.505 E146.63978
G1 X106.526 Y117.724 E146.65005
G1 X106.697 Y117.901 E146.65542
G1 X106.743 Y118.062 E146.65907
G1 X106.743 Y118.473 E146.66803
G1 X106.666 Y118.641 E146.67206
G1 X106.526 Y118.769 E146.67619
G1 X106.109 Y119.005 E146.68664
G1 X106.526 Y119.224 E146.69691
G1 X106.666 Y119.351 E146.70103
G1 X106.744 Y119.521 E146.70511
G1 X106.743 Y119.896 E146.71328
G1 X106.653 Y120.158 E146.71932
G1 X106.524 Y120.269 E146.72303
G1 X106.117 Y120.496 E146.73319
G1 X106.526 Y120.724 E146.7434
G1 X106.655 Y120.834 E146.7471
G1 X106.725 Y121.045 E146.75194
G1 X113.316 Y121.044 E146.89564
G1 X113.257 Y120.852 E146.90002
G1 X113.257 Y120.556 E146.90647
G1 X113.333 Y120.31 E146.91209
G1 X113.477 Y120.18 E146.91632
G1 X113.897 Y119.946 E146.9268
G1 X113.476 Y119.728 E146.93713
G1 X113.333 Y119.598 E146.94135
G1 X113.256 Y119.359 E146.94682
G1 X113.25 Y118.992 E146.95483
G1 X113.313 Y118.832 E146.95857
G1 X113.472 Y118.679 E146.96338
G1 X113.901 Y118.444 E146.97405
G1 X113.475 Y118.226 E146.98448
G1 X113.317 Y118.072 E146.98929
G1 X113.257 Y117.86 E146.9941
G1 X113.252 Y117.517 E147.00158
G1 X113.299 Y117.357 E147.00521
G1 X113.473 Y117.179 E147.01064
G1 X113.898 Y116.947 E147.02119
G1 X113.475 Y116.726 E147.0316
G1 X113.303 Y116.547 E147.03701
G1 X113.261 Y116.416 E147.04001
G1 X113.258 Y116.017 E147.04871
G1 X113.304 Y115.858 E147.05232
G1 X113.478 Y115.679 E147.05776
G1 X113.903 Y115.445 E147.06834
G1 X113.478 Y115.229 E147.07873
G1 X113.304 Y115.049 E147.08419
G1 X113.258 Y114.885 E147.0879
G1 X113.255 Y114.518 E147.09591
G1 X113.301 Y114.36 E147.09949
G1 X113.475 Y114.18 E147.10495
G1 X113.902 Y113.945 E147.11558
G1 X113.474 Y113.731 E147.12601
G1 X113.297 Y113.552 E147.1315
G1 X113.249 Y113.34 E147.13624
G1 X113.258 Y113.013 E147.14337
G1 X113.304 Y112.856 E147.14694
G1 X113.479 Y112.677 E147.15239
G1 X113.903 Y112.443 E147.16295
G1 X113.479 Y112.231 E147.17329
G1 X113.304 Y112.052 E147.17875
G1 X113.257 Y111.88 E147.18263
G1 X113.258 Y111.566 E147.18948
G1 X113.304 Y111.408 E147.19307
G1 X113.477 Y111.229 E147.19849
G1 X113.943 Y110.97 E147.21012
G1 X113.515 Y110.817 E147.22003
G1 X113.304 Y110.599 E147.22664
G1 X113.26 Y110.462 E147.22978
G1 X113.252 Y110.067 E147.23839
G1 X113.299 Y109.907 E147.24203
G1 X113.472 Y109.729 E147.24744
G1 X113.901 Y109.494 E147.2581
G1 X113.475 Y109.276 E147.26854
G1 X113.303 Y109.097 E147.27395
G1 X113.261 Y108.966 E147.27695
G1 X113.252 Y108.567 E147.28565
G1 X113.299 Y108.407 E147.28929
G1 X113.473 Y108.229 E147.29471
G1 X113.898 Y107.997 E147.30527
G1 X113.475 Y107.776 E147.31567
G1 X113.303 Y107.597 E147.32109
G1 X113.261 Y107.466 E147.32409
G1 X113.258 Y107.067 E147.33279
G1 X113.304 Y106.908 E147.33639
G1 X113.478 Y106.729 E147.34184
G1 X113.903 Y106.495 E147.35241
G1 X113.478 Y106.279 E147.36281
G1 X113.304 Y106.099 E147.36827
G1 X113.258 Y105.935 E147.37198
G1 X113.255 Y105.568 E147.37998
G1 X113.301 Y105.41 E147.38357
G1 X113.475 Y105.23 E147.38903
G1 X113.902 Y104.995 E147.39965
G1 X113.474 Y104.781 E147.41009
G1 X113.297 Y104.602 E147.41557
G1 X113.249 Y104.39 E147.42031
G1 X113.258 Y104.063 E147.42745
G1 X113.304 Y103.907 E147.43099
G1 X113.479 Y103.726 E147.43648
G1 X113.903 Y103.493 E147.44703
G1 X113.478 Y103.281 E147.45738
G1 X113.301 Y103.101 E147.46289
G1 X113.254 Y102.936 E147.46663
G1 X113.253 Y102.561 E147.4748
G1 X113.293 Y102.42 E147.478
G1 X113.471 Y102.23 E147.48367
G1 X113.895 Y101.996 E147.49423
G1 X113.591 Y101.77 E147.50249
G1 X113.536 Y101.633 E147.50571
G1 X113.542 Y101.426 E147.51022
G1 X113.605 Y101.282 E147.51365
G1 X113.748 Y101.15 E147.51789
G1 X113.903 Y101.095 E147.52148
G1 X120.777 Y101.095 E147.67135
G1 X120.778 Y98.956 E147.71798
G1 X99.272 Y98.955 E148.18686
G1 X99.259 Y100.128 E148.21243
G1 X99.224 Y101.006 E148.23159
G1 X99.225 Y101.095 E148.23353
G1 X106.078 Y101.095 E148.38294
G1 X106.263 Y101.136 E148.38707
G1 X106.522 Y101.259 E148.39332
G1 X106.678 Y101.384 E148.39768
G1 X106.769 Y101.568 E148.40215
G0 F9000 X106.765 Y101.768
G0 X107.663 Y101.789
;MESH:NONMESH
G0 F600 X107.663 Y101.789 Z1.96
G0 F9000 X113.677 Y100.595
G0 X113.677 Y100.907
;TIME_ELAPSED:240.664249
;LAYER:14
;TYPE:WALL-INNER
;MESH:belt_holder_screw.stl
G1 F1378.4 X113.933 Y100.815 E148.4086
G1 X120.579 Y100.815 E148.5661
G1 X120.57 Y99.235 E148.60354
G1 X99.467 Y99.235 E149.10364
G1 X99.443 Y100.815 E149.14108
G1 X106.013 Y100.815 E149.29678
G1 X106.325 Y100.886 E149.30436
G1 X106.593 Y101.017 E149.31143
G1 X106.845 Y101.223 E149.31914
G1 X106.994 Y101.521 E149.32704
G1 X106.984 Y102.014 E149.33872
G1 X106.905 Y102.284 E149.34539
G1 X106.633 Y102.561 E149.35459
G1 X106.898 Y102.843 E149.36376
G1 X106.97 Y103.087 E149.36979
G1 X106.968 Y103.511 E149.37984
G1 X106.893 Y103.774 E149.38632
G1 X106.624 Y104.054 E149.39552
G1 X106.893 Y104.334 E149.40472
G1 X106.968 Y104.595 E149.41116
G1 X106.968 Y105.015 E149.42111
G1 X106.893 Y105.274 E149.4275
G1 X106.624 Y105.554 E149.4367
G1 X106.893 Y105.834 E149.4459
G1 X106.969 Y106.102 E149.4525
G1 X106.968 Y106.512 E149.46222
G1 X106.894 Y106.773 E149.46865
G1 X106.627 Y107.052 E149.4778
G1 X106.895 Y107.332 E149.48699
G1 X106.972 Y107.587 E149.4933
G1 X106.97 Y108.014 E149.50342
G1 X106.896 Y108.273 E149.5098
G1 X106.629 Y108.553 E149.51897
G1 X106.895 Y108.833 E149.52812
G1 X106.973 Y109.053 E149.53365
G1 X106.97 Y109.514 E149.54458
G1 X106.896 Y109.773 E149.55096
G1 X106.629 Y110.053 E149.56013
G1 X106.895 Y110.333 E149.56928
G1 X106.969 Y110.598 E149.5758
G1 X106.972 Y110.928 E149.58362
G1 X106.891 Y111.239 E149.59124
G1 X106.606 Y111.533 E149.60094
G1 X106.89 Y111.827 E149.61063
G1 X106.968 Y112.094 E149.61722
G1 X106.968 Y112.461 E149.62592
G1 X106.893 Y112.724 E149.6324
G1 X106.624 Y113.004 E149.6416
G1 X106.893 Y113.284 E149.6508
G1 X106.968 Y113.545 E149.65724
G1 X106.968 Y113.965 E149.66719
G1 X106.893 Y114.224 E149.67358
G1 X106.624 Y114.504 E149.68278
G1 X106.893 Y114.784 E149.69198
G1 X106.969 Y115.052 E149.69858
G1 X106.968 Y115.462 E149.7083
G1 X106.894 Y115.723 E149.71473
G1 X106.627 Y116.002 E149.72388
G1 X106.895 Y116.282 E149.73307
G1 X106.972 Y116.537 E149.73938
G1 X106.97 Y116.964 E149.7495
G1 X106.896 Y117.223 E149.75588
G1 X106.629 Y117.503 E149.76505
G1 X106.895 Y117.783 E149.7742
G1 X106.968 Y118.033 E149.78037
G1 X106.973 Y118.526 E149.79206
G1 X106.844 Y118.81 E149.79945
G1 X106.632 Y119.003 E149.80624
G1 X106.843 Y119.196 E149.81302
G1 X106.971 Y119.477 E149.82034
G1 X106.972 Y119.898 E149.83031
G1 X106.82 Y120.341 E149.84141
G1 X106.635 Y120.503 E149.84724
G1 X106.82 Y120.665 E149.85307
G1 X106.856 Y120.765 E149.85559
G1 X113.028 Y120.765 E150.00185
G1 X113.028 Y120.549 E150.00697
G1 X113.085 Y120.269 E150.01374
G1 X113.153 Y120.145 E150.01709
G1 X113.37 Y119.947 E150.02405
G1 X113.153 Y119.749 E150.03101
G1 X113.084 Y119.626 E150.03436
G1 X113.027 Y119.337 E150.04134
G1 X113.031 Y118.95 E150.05051
G1 X113.132 Y118.681 E150.05732
G1 X113.374 Y118.448 E150.06528
G1 X113.131 Y118.214 E150.07327
G1 X113.027 Y117.948 E150.08004
G1 X113.032 Y117.488 E150.09094
G1 X113.107 Y117.227 E150.09738
G1 X113.375 Y116.948 E150.10655
G1 X113.106 Y116.668 E150.11575
G1 X113.029 Y116.392 E150.12254
G1 X113.028 Y115.986 E150.13216
G1 X113.103 Y115.725 E150.13859
G1 X113.371 Y115.445 E150.14778
G1 X113.103 Y115.166 E150.15695
G1 X113.029 Y114.895 E150.1636
G1 X113.032 Y114.489 E150.17323
G1 X113.105 Y114.229 E150.17963
G1 X113.374 Y113.949 E150.18883
G1 X113.102 Y113.671 E150.19804
G1 X113.024 Y113.394 E150.20486
G1 X113.03 Y112.983 E150.2146
G1 X113.105 Y112.724 E150.22099
G1 X113.373 Y112.445 E150.23016
G1 X113.105 Y112.167 E150.23931
G1 X113.031 Y111.904 E150.24579
G1 X113.032 Y111.536 E150.25451
G1 X113.106 Y111.277 E150.26089
G1 X113.374 Y110.998 E150.27006
G1 X113.105 Y110.719 E150.27924
G1 X113.028 Y110.442 E150.28606
G1 X113.032 Y110.038 E150.29563
G1 X113.107 Y109.777 E150.30207
G1 X113.375 Y109.498 E150.31124
G1 X113.106 Y109.218 E150.32044
G1 X113.029 Y108.942 E150.32723
G1 X113.032 Y108.538 E150.3368
G1 X113.107 Y108.277 E150.34324
G1 X113.375 Y107.998 E150.3524
G1 X113.106 Y107.718 E150.36161
G1 X113.029 Y107.442 E150.3684
G1 X113.028 Y107.036 E150.37802
G1 X113.103 Y106.775 E150.38445
G1 X113.371 Y106.495 E150.39364
G1 X113.103 Y106.216 E150.40281
G1 X113.029 Y105.945 E150.40946
G1 X113.032 Y105.539 E150.41908
G1 X113.105 Y105.279 E150.42548
G1 X113.374 Y104.999 E150.43469
G1 X113.102 Y104.721 E150.4439
G1 X113.024 Y104.444 E150.45072
G1 X113.03 Y104.033 E150.46046
G1 X113.105 Y103.774 E150.46685
G1 X113.373 Y103.495 E150.47602
G1 X113.105 Y103.217 E150.48517
G1 X113.03 Y102.945 E150.49186
G1 X113.032 Y102.536 E150.50155
G1 X113.102 Y102.285 E150.50773
G1 X113.208 Y102.127 E150.51223
G1 X113.455 Y101.943 E150.51953
G1 X113.327 Y101.684 E150.52638
G1 X113.336 Y101.362 E150.53401
G1 X113.441 Y101.124 E150.54018
G1 X113.677 Y100.907 E150.54778
G1 F1800 E148.54778
G0 F9000 X113.677 Y100.595
G0 X113.322 Y100.664
G0 X112.878 Y102.091
G0 X112.806 Y110.586
G1 F900 E150.54778
G0 F9000 X113.354 Y110.592
;TYPE:WALL-OUTER
G1 F1060.3 X113.307 Y110.424 E150.55158
G1 X113.311 Y110.062 E150.55947
G1 X113.356 Y109.904 E150.56305
G1 X113.529 Y109.723 E150.56851
G1 X113.948 Y109.489 E150.57898
G1 X113.528 Y109.27 E150.5893
G1 X113.355 Y109.09 E150.59475
G1 X113.308 Y108.923 E150.59853
G1 X113.311 Y108.562 E150.6064
G1 X113.356 Y108.404 E150.60998
G1 X113.529 Y108.223 E150.61544
G1 X113.946 Y107.989 E150.62586
G1 X113.528 Y107.77 E150.63615
G1 X113.355 Y107.59 E150.6416
G1 X113.308 Y107.423 E150.64538
G1 X113.307 Y107.061 E150.65327
G1 X113.352 Y106.902 E150.65687
G1 X113.525 Y106.723 E150.6623
G1 X113.943 Y106.489 E150.67274
G1 X113.525 Y106.269 E150.68304
G1 X113.354 Y106.09 E150.68844
G1 X113.312 Y105.959 E150.69144
G1 X113.311 Y105.563 E150.70007
G1 X113.355 Y105.405 E150.70365
G1 X113.528 Y105.224 E150.70911
G1 X113.948 Y104.988 E150.71961
G1 X113.526 Y104.771 E150.72996
G1 X113.351 Y104.592 E150.73541
G1 X113.307 Y104.458 E150.73849
G1 X113.309 Y104.058 E150.74721
G1 X113.354 Y103.901 E150.75077
G1 X113.527 Y103.721 E150.75621
G1 X113.944 Y103.489 E150.76662
G1 X113.528 Y103.271 E150.77686
G1 X113.355 Y103.09 E150.78232
G1 X113.313 Y102.959 E150.78531
G1 X113.311 Y102.561 E150.79399
G1 X113.354 Y102.409 E150.79744
G1 X113.447 Y102.269 E150.8011
G1 X113.948 Y101.989 E150.81361
G1 X113.653 Y101.761 E150.82174
G1 X113.602 Y101.628 E150.82485
G1 X113.609 Y101.426 E150.82925
G1 X113.672 Y101.282 E150.83268
G1 X113.815 Y101.15 E150.83692
G1 X113.97 Y101.095 E150.84051
G1 X120.861 Y101.095 E150.99075
G1 X120.848 Y98.955 E151.0374
G1 X99.19 Y98.955 E151.50959
G1 X99.17 Y100.601 E151.54548
G1 X99.152 Y101.095 E151.55626
G1 X106.013 Y101.095 E151.70584
G1 X106.202 Y101.138 E151.71007
G1 X106.47 Y101.269 E151.71657
G1 X106.623 Y101.393 E151.72087
G1 X106.713 Y101.574 E151.72527
G1 X106.705 Y101.99 E151.73434
G1 X106.657 Y102.154 E151.73807
G1 X106.483 Y102.331 E151.74348
G1 X106.056 Y102.564 E151.75409
G1 X106.477 Y102.786 E151.76446
G1 X106.646 Y102.967 E151.76986
G1 X106.689 Y103.091 E151.77272
G1 X106.689 Y103.487 E151.78136
G1 X106.644 Y103.647 E151.78498
G1 X106.471 Y103.827 E151.79042
G1 X106.05 Y104.062 E151.80094
G1 X106.471 Y104.281 E151.81128
G1 X106.644 Y104.461 E151.81672
G1 X106.689 Y104.619 E151.82031
G1 X106.689 Y104.99 E151.82839
G1 X106.644 Y105.147 E151.83196
G1 X106.471 Y105.327 E151.8374
G1 X106.05 Y105.562 E151.84791
G1 X106.471 Y105.781 E151.85826
G1 X106.644 Y105.961 E151.8637
G1 X106.691 Y106.157 E151.86809
G1 X106.691 Y106.456 E151.87461
G1 X106.644 Y106.646 E151.87888
G1 X106.474 Y106.826 E151.88428
G1 X106.058 Y107.062 E151.89471
G1 X106.474 Y107.28 E151.90494
G1 X106.645 Y107.459 E151.91034
G1 X106.691 Y107.627 E151.91414
G1 X106.693 Y107.949 E151.92116
G1 X106.646 Y108.146 E151.92558
G1 X106.476 Y108.326 E151.93097
G1 X106.059 Y108.562 E151.94142
G1 X106.475 Y108.78 E151.95166
G1 X106.645 Y108.96 E151.95706
G1 X106.692 Y109.092 E151.96011
G1 X106.693 Y109.457 E151.96807
G1 X106.646 Y109.646 E151.97232
G1 X106.476 Y109.826 E151.97771
G1 X106.059 Y110.062 E151.98816
G1 X106.475 Y110.28 E151.9984
G1 X106.645 Y110.46 E152.0038
G1 X106.69 Y110.62 E152.00742
G1 X106.691 Y110.951 E152.01464
G1 X106.643 Y111.109 E152.01824
G1 X106.474 Y111.285 E152.02356
G1 X106.027 Y111.53 E152.03467
G1 X106.473 Y111.781 E152.04583
G1 X106.642 Y111.957 E152.05115
G1 X106.691 Y112.156 E152.05562
G1 X106.689 Y112.437 E152.06174
G1 X106.644 Y112.597 E152.06537
G1 X106.471 Y112.777 E152.07081
G1 X106.05 Y113.012 E152.08132
G1 X106.471 Y113.231 E152.09167
G1 X106.644 Y113.411 E152.09711
G1 X106.689 Y113.569 E152.10069
G1 X106.689 Y113.94 E152.10878
G1 X106.644 Y114.097 E152.11234
G1 X106.471 Y114.277 E152.11779
G1 X106.05 Y114.512 E152.1283
G1 X106.471 Y114.731 E152.13864
G1 X106.644 Y114.911 E152.14409
G1 X106.691 Y115.107 E152.14848
G1 X106.691 Y115.406 E152.155
G1 X106.644 Y115.596 E152.15927
G1 X106.474 Y115.776 E152.16466
G1 X106.058 Y116.012 E152.17509
G1 X106.474 Y116.23 E152.18533
G1 X106.645 Y116.409 E152.19073
G1 X106.691 Y116.577 E152.19453
G1 X106.693 Y116.899 E152.20155
G1 X106.646 Y117.096 E152.20596
G1 X106.476 Y117.276 E152.21136
G1 X106.059 Y117.512 E152.22181
G1 X106.475 Y117.73 E152.23205
G1 X106.645 Y117.91 E152.23744
G1 X106.689 Y118.061 E152.24087
G1 X106.693 Y118.477 E152.24994
G1 X106.614 Y118.649 E152.25407
G1 X106.476 Y118.776 E152.25816
G1 X106.059 Y119.012 E152.26861
G1 X106.475 Y119.23 E152.27884
G1 X106.614 Y119.357 E152.28295
G1 X106.691 Y119.526 E152.287
G1 X106.692 Y119.899 E152.29513
G1 X106.584 Y120.215 E152.30241
G1 X106.069 Y120.503 E152.31528
G1 X106.583 Y120.791 E152.32812
G1 X106.674 Y121.045 E152.334
G1 X113.37 Y121.044 E152.47999
G1 X113.308 Y120.845 E152.48453
G1 X113.308 Y120.549 E152.49099
G1 X113.384 Y120.304 E152.49658
G1 X113.526 Y120.173 E152.50079
G1 X113.945 Y119.939 E152.51126
G1 X113.526 Y119.721 E152.52155
G1 X113.383 Y119.59 E152.52578
G1 X113.307 Y119.34 E152.53148
G1 X113.311 Y118.99 E152.53911
G1 X113.371 Y118.826 E152.54292
G1 X113.529 Y118.673 E152.54771
G1 X113.948 Y118.439 E152.55817
G1 X113.528 Y118.22 E152.5685
G1 X113.37 Y118.068 E152.57328
G1 X113.307 Y117.909 E152.57701
G1 X113.311 Y117.512 E152.58567
G1 X113.356 Y117.354 E152.58925
G1 X113.529 Y117.173 E152.59471
G1 X113.946 Y116.939 E152.60513
G1 X113.528 Y116.72 E152.61542
G1 X113.355 Y116.54 E152.62086
G1 X113.308 Y116.373 E152.62465
G1 X113.307 Y116.011 E152.63254
G1 X113.352 Y115.852 E152.63614
G1 X113.525 Y115.673 E152.64157
G1 X113.943 Y115.439 E152.65201
G1 X113.525 Y115.219 E152.66231
G1 X113.354 Y115.04 E152.66771
G1 X113.312 Y114.909 E152.67071
G1 X113.311 Y114.513 E152.67934
G1 X113.355 Y114.355 E152.68292
G1 X113.528 Y114.174 E152.68837
G1 X113.948 Y113.938 E152.69888
G1 X113.526 Y113.721 E152.70922
G1 X113.351 Y113.542 E152.71468
G1 X113.307 Y113.408 E152.71776
G1 X113.309 Y113.008 E152.72648
G1 X113.354 Y112.851 E152.73004
G1 X113.527 Y112.671 E152.73548
G1 X113.944 Y112.439 E152.74588
G1 X113.528 Y112.221 E152.75612
G1 X113.355 Y112.04 E152.76158
G1 X113.31 Y111.881 E152.76519
G1 X113.311 Y111.56 E152.77218
G1 X113.356 Y111.403 E152.77575
G1 X113.529 Y111.222 E152.7812
G1 X113.991 Y110.962 E152.79276
G1 X113.573 Y110.818 E152.8024
G1 X113.354 Y110.592 E152.80926
G0 F9000 X113.307 Y110.424
G0 X113.307 Y110.398
G0 X112.408 Y110.388
;MESH:NONMESH
G0 F600 X112.408 Y110.388 Z2.08
G0 F9000 X112.878 Y102.091
G0 X113.322 Y100.664
G0 X113.732 Y100.595
G0 X113.732 Y100.907
;TIME_ELAPSED:251.821455
;LAYER:15
;TYPE:WALL-INNER
;MESH:belt_holder_screw.stl
G1 F2922.2 X113.988 Y100.815 E152.81571
G1 X120.649 Y100.815 E152.97356
G1 X120.639 Y99.235 E153.011
G1 X99.385 Y99.235 E153.51468
G1 X99.367 Y100.814 E153.5521
G1 X105.947 Y100.815 E153.70803
G1 X106.264 Y100.889 E153.71574
G1 X106.541 Y101.027 E153.72308
G1 X106.787 Y101.229 E153.73062
G1 X106.936 Y101.521 E153.73839
G1 X106.93 Y102.027 E153.75038
G1 X106.854 Y102.285 E153.75676
G1 X106.582 Y102.565 E153.76601
G1 X106.848 Y102.849 E153.77523
G1 X106.919 Y103.113 E153.78171
G1 X106.924 Y103.464 E153.79003
G1 X106.847 Y103.78 E153.79773
G1 X106.579 Y104.063 E153.80697
G1 X106.846 Y104.346 E153.81619
G1 X106.918 Y104.608 E153.82263
G1 X106.924 Y104.951 E153.83076
G1 X106.847 Y105.28 E153.83877
G1 X106.579 Y105.563 E153.848
G1 X106.846 Y105.846 E153.85722
G1 X106.919 Y106.108 E153.86367
G1 X106.924 Y106.463 E153.87208
G1 X106.848 Y106.778 E153.87976
G1 X106.581 Y107.059 E153.88895
G1 X106.849 Y107.342 E153.89818
G1 X106.923 Y107.617 E153.90493
G1 X106.92 Y108.018 E153.91443
G1 X106.848 Y108.277 E153.9208
G1 X106.58 Y108.559 E153.93002
G1 X106.849 Y108.841 E153.93926
G1 X106.923 Y109.108 E153.94583
G1 X106.921 Y109.515 E153.95547
G1 X106.848 Y109.777 E153.96192
G1 X106.58 Y110.059 E153.97114
G1 X106.849 Y110.341 E153.98037
G1 X106.925 Y110.668 E153.98833
G1 X106.92 Y110.982 E153.99577
G1 X106.843 Y111.241 E154.00217
G1 X106.56 Y111.534 E154.01183
G1 X106.843 Y111.826 E154.02146
G1 X106.92 Y112.083 E154.02782
G1 X106.924 Y112.414 E154.03566
G1 X106.847 Y112.73 E154.04337
G1 X106.579 Y113.013 E154.05261
G1 X106.846 Y113.296 E154.06183
G1 X106.918 Y113.558 E154.06827
G1 X106.924 Y113.901 E154.0764
G1 X106.847 Y114.23 E154.0844
G1 X106.579 Y114.513 E154.09364
G1 X106.846 Y114.796 E154.10286
G1 X106.919 Y115.058 E154.10931
G1 X106.924 Y115.413 E154.11772
G1 X106.848 Y115.728 E154.1254
G1 X106.581 Y116.009 E154.13458
G1 X106.849 Y116.292 E154.14382
G1 X106.923 Y116.567 E154.15057
G1 X106.92 Y116.968 E154.16007
G1 X106.848 Y117.227 E154.16644
G1 X106.58 Y117.509 E154.17566
G1 X106.849 Y117.791 E154.1849
G1 X106.92 Y118.03 E154.19081
G1 X106.923 Y118.535 E154.20277
G1 X106.794 Y118.817 E154.21012
G1 X106.582 Y119.009 E154.2169
G1 X106.795 Y119.202 E154.22371
G1 X106.925 Y119.485 E154.23109
G1 X106.922 Y119.914 E154.24126
G1 X106.772 Y120.347 E154.25212
G1 X106.591 Y120.506 E154.25783
G1 X106.771 Y120.665 E154.26352
G1 X106.809 Y120.765 E154.26605
G1 X113.078 Y120.765 E154.41462
G1 X113.078 Y120.541 E154.41993
G1 X113.133 Y120.264 E154.42662
G1 X113.202 Y120.139 E154.43
G1 X113.419 Y119.941 E154.43696
G1 X113.2 Y119.743 E154.44396
G1 X113.131 Y119.62 E154.4473
G1 X113.073 Y119.322 E154.4545
G1 X113.081 Y118.941 E154.46353
G1 X113.18 Y118.675 E154.47025
G1 X113.421 Y118.44 E154.47823
G1 X113.133 Y118.16 E154.48775
G1 X113.078 Y117.834 E154.49558
G1 X113.081 Y117.482 E154.50392
G1 X113.154 Y117.222 E154.51032
G1 X113.422 Y116.94 E154.51954
G1 X113.153 Y116.657 E154.5288
G1 X113.08 Y116.394 E154.53526
G1 X113.077 Y115.98 E154.54508
G1 X113.151 Y115.72 E154.55148
G1 X113.419 Y115.437 E154.56072
G1 X113.152 Y115.155 E154.56992
G1 X113.079 Y114.882 E154.57662
G1 X113.081 Y114.484 E154.58605
G1 X113.154 Y114.223 E154.59247
G1 X113.422 Y113.941 E154.60169
G1 X113.153 Y113.657 E154.61096
G1 X113.078 Y113.382 E154.61772
G1 X113.08 Y112.982 E154.6272
G1 X113.153 Y112.72 E154.63364
G1 X113.421 Y112.437 E154.64288
G1 X113.154 Y112.155 E154.65208
G1 X113.081 Y111.888 E154.65864
G1 X113.081 Y111.53 E154.66712
G1 X113.153 Y111.273 E154.67345
G1 X113.421 Y110.991 E154.68267
G1 X113.15 Y110.71 E154.69192
G1 X113.071 Y110.451 E154.69834
G1 X113.081 Y110.028 E154.70836
G1 X113.154 Y109.772 E154.71467
G1 X113.422 Y109.49 E154.72389
G1 X113.153 Y109.207 E154.73314
G1 X113.077 Y108.96 E154.73927
G1 X113.081 Y108.532 E154.74941
G1 X113.154 Y108.272 E154.75581
G1 X113.422 Y107.99 E154.76503
G1 X113.153 Y107.707 E154.77428
G1 X113.08 Y107.444 E154.78075
G1 X113.077 Y107.03 E154.79056
G1 X113.151 Y106.77 E154.79697
G1 X113.419 Y106.487 E154.80621
G1 X113.152 Y106.205 E154.81541
G1 X113.079 Y105.932 E154.82211
G1 X113.081 Y105.534 E154.83154
G1 X113.154 Y105.273 E154.83796
G1 X113.422 Y104.991 E154.84718
G1 X113.153 Y104.707 E154.85645
G1 X113.078 Y104.432 E154.8632
G1 X113.08 Y104.032 E154.87268
G1 X113.153 Y103.77 E154.87913
G1 X113.421 Y103.487 E154.88836
G1 X113.154 Y103.205 E154.89757
G1 X113.086 Y102.987 E154.90298
G1 X113.08 Y102.541 E154.91355
G1 X113.154 Y102.273 E154.92014
G1 X113.26 Y102.117 E154.92461
G1 X113.505 Y101.936 E154.93183
G1 X113.381 Y101.678 E154.93861
G1 X113.391 Y101.362 E154.9461
G1 X113.496 Y101.124 E154.95227
G1 X113.732 Y100.907 E154.95986
G0 F9000 X113.87 Y101.15
;TYPE:WALL-OUTER
G1 F2247.8 X114.025 Y101.095 E154.96345
G1 X120.931 Y101.095 E155.11401
G1 X120.917 Y98.955 E155.16067
G1 X99.108 Y98.955 E155.63615
G1 X99.083 Y101.094 E155.68279
G1 X99.102 Y101.094 E155.6832
G1 X105.947 Y101.095 E155.83244
G1 X106.139 Y101.14 E155.83674
G1 X106.416 Y101.277 E155.84348
G1 X106.565 Y101.4 E155.84769
G1 X106.655 Y101.577 E155.85202
G1 X106.651 Y102.001 E155.86126
G1 X106.605 Y102.157 E155.86481
G1 X106.43 Y102.336 E155.87027
G1 X106.009 Y102.568 E155.88075
G1 X106.426 Y102.79 E155.89105
G1 X106.597 Y102.972 E155.89649
G1 X106.64 Y103.101 E155.89945
G1 X106.644 Y103.462 E155.90733
G1 X106.597 Y103.653 E155.91161
G1 X106.426 Y103.834 E155.91704
G1 X106.011 Y104.069 E155.92744
G1 X106.425 Y104.29 E155.93767
G1 X106.595 Y104.471 E155.94309
G1 X106.639 Y104.63 E155.94668
G1 X106.642 Y104.996 E155.95466
G1 X106.597 Y105.153 E155.95822
G1 X106.426 Y105.334 E155.96365
G1 X106.011 Y105.569 E155.97405
G1 X106.425 Y105.79 E155.98428
G1 X106.595 Y105.971 E155.98969
G1 X106.641 Y106.158 E155.99389
G1 X106.645 Y106.519 E156.00176
G1 X106.598 Y106.652 E156.00484
G1 X106.426 Y106.833 E156.01028
G1 X106.012 Y107.068 E156.02066
G1 X106.427 Y107.287 E156.03089
G1 X106.599 Y107.468 E156.03634
G1 X106.644 Y107.598 E156.03934
G1 X106.641 Y107.995 E156.04799
G1 X106.597 Y108.152 E156.05155
G1 X106.425 Y108.333 E156.05699
G1 X106.012 Y108.568 E156.06735
G1 X106.426 Y108.787 E156.07756
G1 X106.599 Y108.968 E156.08302
G1 X106.646 Y109.102 E156.08612
G1 X106.641 Y109.493 E156.09464
G1 X106.597 Y109.652 E156.09824
G1 X106.425 Y109.833 E156.10368
G1 X106.012 Y110.068 E156.11404
G1 X106.426 Y110.287 E156.12425
G1 X106.599 Y110.468 E156.12971
G1 X106.643 Y110.622 E156.1332
G1 X106.641 Y110.955 E156.14046
G1 X106.595 Y111.112 E156.14403
G1 X106.421 Y111.291 E156.14947
G1 X105.979 Y111.535 E156.16048
G1 X106.42 Y111.775 E156.17143
G1 X106.593 Y111.954 E156.17685
G1 X106.636 Y112.089 E156.17994
G1 X106.644 Y112.412 E156.18699
G1 X106.597 Y112.603 E156.19128
G1 X106.426 Y112.784 E156.1967
G1 X106.011 Y113.019 E156.2071
G1 X106.425 Y113.24 E156.21733
G1 X106.595 Y113.421 E156.22275
G1 X106.639 Y113.58 E156.22634
G1 X106.642 Y113.946 E156.23432
G1 X106.597 Y114.103 E156.23788
G1 X106.426 Y114.284 E156.24331
G1 X106.011 Y114.519 E156.25371
G1 X106.425 Y114.74 E156.26394
G1 X106.595 Y114.921 E156.26936
G1 X106.641 Y115.108 E156.27355
G1 X106.645 Y115.469 E156.28143
G1 X106.598 Y115.602 E156.2845
G1 X106.426 Y115.783 E156.28994
G1 X106.012 Y116.018 E156.30032
G1 X106.427 Y116.237 E156.31055
G1 X106.599 Y116.418 E156.316
G1 X106.644 Y116.548 E156.319
G1 X106.641 Y116.945 E156.32765
G1 X106.597 Y117.102 E156.33121
G1 X106.425 Y117.283 E156.33665
G1 X106.012 Y117.518 E156.34701
G1 X106.426 Y117.737 E156.35722
G1 X106.599 Y117.918 E156.36268
G1 X106.642 Y118.062 E156.36596
G1 X106.642 Y118.488 E156.37524
G1 X106.565 Y118.656 E156.37927
G1 X106.425 Y118.783 E156.3834
G1 X106.012 Y119.018 E156.39376
G1 X106.426 Y119.237 E156.40397
G1 X106.566 Y119.363 E156.40807
G1 X106.645 Y119.536 E156.41222
G1 X106.642 Y119.912 E156.42042
G1 X106.551 Y120.174 E156.42646
G1 X106.411 Y120.292 E156.43046
G1 X106.024 Y120.51 E156.44014
G1 X106.423 Y120.727 E156.45004
G1 X106.55 Y120.836 E156.45369
G1 X106.629 Y121.045 E156.45856
G1 X113.421 Y121.044 E156.60664
G1 X113.358 Y120.837 E156.61136
G1 X113.358 Y120.541 E156.61781
G1 X113.433 Y120.297 E156.62338
G1 X113.576 Y120.166 E156.62761
G1 X113.99 Y119.933 E156.63796
G1 X113.574 Y119.713 E156.64822
G1 X113.43 Y119.583 E156.65245
G1 X113.353 Y119.328 E156.65826
G1 X113.36 Y118.981 E156.66583
G1 X113.42 Y118.819 E156.66959
G1 X113.576 Y118.667 E156.67434
G1 X113.989 Y118.435 E156.68467
G1 X113.576 Y118.213 E156.69489
G1 X113.419 Y118.06 E156.69967
G1 X113.358 Y117.901 E156.70338
G1 X113.36 Y117.505 E156.71202
G1 X113.404 Y117.348 E156.71557
G1 X113.576 Y117.167 E156.72102
G1 X113.992 Y116.933 E156.73142
G1 X113.576 Y116.713 E156.74168
G1 X113.403 Y116.531 E156.74716
G1 X113.359 Y116.406 E156.75005
G1 X113.356 Y116.004 E156.75881
G1 X113.401 Y115.847 E156.76237
G1 X113.572 Y115.666 E156.7678
G1 X113.987 Y115.431 E156.7782
G1 X113.573 Y115.211 E156.78842
G1 X113.403 Y115.03 E156.79383
G1 X113.358 Y114.864 E156.79758
G1 X113.36 Y114.507 E156.80537
G1 X113.404 Y114.349 E156.80894
G1 X113.575 Y114.168 E156.81437
G1 X113.989 Y113.932 E156.82476
G1 X113.574 Y113.712 E156.835
G1 X113.403 Y113.531 E156.84043
G1 X113.357 Y113.364 E156.84421
G1 X113.359 Y113.005 E156.85203
G1 X113.403 Y112.847 E156.85561
G1 X113.574 Y112.666 E156.86104
G1 X113.988 Y112.431 E156.87142
G1 X113.575 Y112.211 E156.88162
G1 X113.405 Y112.03 E156.88703
G1 X113.361 Y111.903 E156.88996
G1 X113.363 Y111.524 E156.89823
G1 X113.404 Y111.398 E156.90111
G1 X113.576 Y111.215 E156.90659
G1 X114.035 Y110.956 E156.91808
G1 X113.622 Y110.814 E156.9276
G1 X113.399 Y110.583 E156.9346
G1 X113.357 Y110.45 E156.93764
G1 X113.36 Y110.053 E156.9463
G1 X113.404 Y109.898 E156.94981
G1 X113.576 Y109.717 E156.95526
G1 X113.989 Y109.485 E156.96558
G1 X113.576 Y109.263 E156.97581
G1 X113.403 Y109.081 E156.98128
G1 X113.359 Y108.955 E156.98419
G1 X113.36 Y108.555 E156.99291
G1 X113.404 Y108.398 E156.99647
G1 X113.576 Y108.217 E157.00191
G1 X113.992 Y107.983 E157.01232
G1 X113.576 Y107.763 E157.02257
G1 X113.403 Y107.581 E157.02805
G1 X113.359 Y107.456 E157.03094
G1 X113.356 Y107.054 E157.0397
G1 X113.401 Y106.897 E157.04326
G1 X113.572 Y106.716 E157.04869
G1 X113.987 Y106.481 E157.05909
G1 X113.573 Y106.261 E157.06931
G1 X113.403 Y106.08 E157.07473
G1 X113.358 Y105.914 E157.07848
G1 X113.36 Y105.557 E157.08626
G1 X113.404 Y105.399 E157.08983
G1 X113.575 Y105.218 E157.09526
G1 X113.989 Y104.982 E157.10565
G1 X113.574 Y104.762 E157.11589
G1 X113.403 Y104.581 E157.12132
G1 X113.357 Y104.414 E157.1251
G1 X113.359 Y104.055 E157.13293
G1 X113.403 Y103.897 E157.1365
G1 X113.574 Y103.716 E157.14193
G1 X113.988 Y103.481 E157.15231
G1 X113.575 Y103.261 E157.16251
G1 X113.405 Y103.08 E157.16793
G1 X113.36 Y102.951 E157.1709
G1 X113.36 Y102.561 E157.17941
G1 X113.404 Y102.399 E157.18307
G1 X113.496 Y102.263 E157.18665
G1 X113.992 Y101.984 E157.19905
G1 X113.705 Y101.756 E157.20704
G1 X113.656 Y101.624 E157.21011
G1 X113.664 Y101.426 E157.21443
G1 X113.727 Y101.282 E157.21786
G1 X113.87 Y101.15 E157.2221
G0 F9000 X114.025 Y101.095
G0 X114.061 Y101.095
G0 X114.061 Y100.595
G0 X113.379 Y100.664
G0 X112.712 Y101.544
;TYPE:FILL
G1 F2697.4 X107.523 Y106.734 E157.82735
G1 X107.559 Y106.546 E157.84313
G1 X107.565 Y106.074 E157.88206
G1 X107.533 Y105.903 E157.89641
G1 X113.662 Y99.774 E158.61122
G1 X112.842 Y99.774 E158.67884
G1 X107.562 Y105.054 E159.29464
G1 X107.562 Y104.528 E159.33802
G1 X107.512 Y104.284 E159.35856
G1 X112.021 Y99.774 E159.88449
G1 X111.201 Y99.774 E159.95212
G1 X107.563 Y103.412 E160.37641
G1 X107.565 Y103.012 E160.4094
G1 X107.465 Y102.69 E160.4372
G1 X110.381 Y99.774 E160.77729
G1 X109.561 Y99.774 E160.84492
G1 X107.596 Y101.739 E161.07409
G1 X107.542 Y101.301 E161.11049
G1 X107.432 Y101.083 E161.13062
G1 X108.741 Y99.774 E161.28329
G1 X107.92 Y99.774 E161.351
G1 X107.046 Y100.648 E161.45293
G1 X106.901 Y100.532 E161.46824
G1 X106.523 Y100.352 E161.50277
G1 X107.1 Y99.774 E161.57012
G1 X106.28 Y99.774 E161.63775
G1 X105.779 Y100.275 E161.69618
G1 X104.959 Y100.275 E161.7638
G1 X105.46 Y99.774 E161.82223
G1 X104.639 Y99.774 E161.88994
G1 X104.139 Y100.275 E161.94831
G1 X103.318 Y100.275 E162.01602
G1 X103.819 Y99.774 E162.07445
G1 X102.999 Y99.774 E162.14207
G1 X102.498 Y100.275 E162.2005
G1 X101.678 Y100.275 E162.26813
G1 X102.179 Y99.774 E162.32656
G1 X101.358 Y99.774 E162.39426
G1 X100.858 Y100.275 E162.45264
G1 X100.073 Y100.274 E162.51737
G1 X100.081 Y99.774 E162.55861
G1 X100.538 Y99.774 E162.5963
G1 X100.074 Y100.238 E162.65042
G0 F9000 X119.724 Y100.274
G1 F2697.4 X119.957 Y100.274 E162.66963
G1 X119.958 Y100.04 E162.68893
G1 X119.724 Y100.274 E162.71622
G0 F9000 X119.958 Y100.04
G1 F2697.4 X119.959 Y99.774 E162.73816
G1 X119.404 Y99.774 E162.78393
G1 X118.904 Y100.274 E162.84224
G1 X118.084 Y100.274 E162.90987
G1 X118.583 Y99.774 E162.96812
G1 X117.763 Y99.774 E163.03575
G1 X117.263 Y100.274 E163.09406
G1 X116.443 Y100.274 E163.16168
G1 X116.943 Y99.774 E163.22
G1 X116.123 Y99.774 E163.28762
G1 X115.623 Y100.274 E163.34594
G1 X114.803 Y100.274 E163.41356
G1 X115.302 Y99.774 E163.47182
G1 X114.482 Y99.774 E163.53944
G1 X113.982 Y100.274 E163.59775
G1 X113.779 Y100.274 E163.6145
G1 X113.331 Y100.438 E163.65384
G1 X112.927 Y100.808 E163.69902
G1 X112.748 Y101.211 E163.73538
G1 X112.707 Y101.461 E163.75628
G1 X112.731 Y101.792 E163.78365
G1 X112.542 Y102.084 E163.81233
G1 X112.429 Y102.484 E163.84661
G1 X112.43 Y102.647 E163.86005
G1 X107.562 Y107.515 E164.4278
G1 X107.566 Y108.166 E164.48148
G1 X107.455 Y108.442 E164.50602
G1 X112.526 Y103.371 E165.09744
G1 X112.582 Y103.505 E165.10942
G1 X112.487 Y103.743 E165.13055
G1 X112.441 Y103.992 E165.15143
G1 X112.434 Y104.283 E165.17544
G1 X107.564 Y109.153 E165.74342
G1 X107.564 Y109.67 E165.78605
G1 X107.413 Y110.045 E165.81939
G1 X107.437 Y110.1 E165.82434
G1 X112.564 Y104.974 E166.42223
G1 X112.579 Y105.008 E166.4253
G1 X112.429 Y105.382 E166.45853
G1 X112.437 Y105.921 E166.50298
G1 X107.562 Y110.795 E167.07149
G1 X107.545 Y111.186 E167.10376
G1 X107.401 Y111.531 E167.13459
G1 X107.478 Y111.7 E167.14991
G1 X112.501 Y106.677 E167.73573
G1 X112.44 Y107.004 E167.76316
G1 X112.441 Y107.558 E167.80885
G1 X107.571 Y112.427 E168.37677
G1 X107.574 Y112.565 E168.38816
G1 X107.418 Y112.995 E168.42588
G1 X107.534 Y113.284 E168.45156
G1 X112.454 Y108.365 E169.02531
G1 X112.43 Y108.588 E169.04381
G1 X112.446 Y109.081 E169.08449
G1 X112.473 Y109.165 E169.09176
G1 X107.564 Y114.075 E169.66435
G1 X107.564 Y114.122 E169.66823
G1 X107.415 Y114.491 E169.70104
G1 X107.51 Y114.724 E169.72179
G1 X107.545 Y114.914 E169.73773
G1 X112.429 Y110.03 E170.30734
G1 X112.439 Y110.559 E170.35097
G1 X112.508 Y110.771 E170.36936
G1 X107.501 Y115.778 E170.95332
G1 X107.413 Y115.995 E170.97263
G1 X107.509 Y116.23 E170.99356
G1 X107.562 Y116.538 E171.01934
G1 X112.436 Y111.664 E171.58778
G1 X112.437 Y111.929 E171.60963
G1 X112.49 Y112.218 E171.63387
G1 X112.55 Y112.37 E171.64734
G1 X107.417 Y117.503 E172.24599
G1 X107.512 Y117.729 E172.26621
G1 X107.56 Y117.984 E172.28761
G1 X107.561 Y118.179 E172.30369
G1 X112.433 Y113.307 E172.8719
G1 X112.463 Y113.673 E172.90219
G1 X112.586 Y113.974 E172.929
G1 X107.451 Y119.109 E173.52789
G1 X107.531 Y119.303 E173.5452
G1 X107.587 Y119.793 E173.58587
G1 X112.439 Y114.941 E174.15175
G1 X112.49 Y115.216 E174.17481
G1 X112.586 Y115.455 E174.19605
G1 X112.485 Y115.716 E174.21913
G1 X107.976 Y120.225 E174.74501
G1 X108.796 Y120.225 E174.81263
G1 X112.458 Y116.563 E175.23973
G1 X112.582 Y116.946 E175.27292
G1 X112.487 Y117.181 E175.29383
G1 X112.445 Y117.396 E175.31189
G1 X109.617 Y120.225 E175.64178
G1 X110.438 Y120.224 E175.70948
G1 X112.483 Y118.178 E175.94805
G1 X112.589 Y118.447 E175.97189
G1 X112.509 Y118.615 E175.98724
G1 X112.427 Y118.896 E176.01138
G1 X112.43 Y119.052 E176.02424
G1 X111.258 Y120.224 E176.16093
G1 X112.078 Y120.224 E176.22856
G1 X112.519 Y119.783 E176.27999
G1 X112.596 Y119.953 E176.29538
G1 X112.499 Y120.223 E176.31904
G0 F9000 X112.458 Y120.145
;MESH:NONMESH
G0 F600 X112.458 Y120.145 Z2.2
G0 F9000 X112.923 Y102.087
G0 X113.379 Y100.664
G0 X113.787 Y100.595
G0 X113.787 Y100.907
;TIME_ELAPSED:267.443949
;LAYER:16
;TYPE:WALL-INNER
;MESH:belt_holder_screw.stl
G1 F1376.1 X114.043 Y100.815 E176.32549
G1 X120.718 Y100.815 E176.48367
G1 X120.708 Y99.235 E176.52111
G1 X99.303 Y99.235 E177.02836
G1 X99.286 Y100.815 E177.06581
G1 X105.895 Y100.815 E177.22243
G1 X106.23 Y100.898 E177.23061
G1 X106.502 Y101.043 E177.23791
G1 X106.734 Y101.241 E177.24514
G1 X106.878 Y101.526 E177.25271
G1 X106.875 Y102.041 E177.26491
G1 X106.805 Y102.283 E177.27088
G1 X106.536 Y102.569 E177.28019
G1 X106.805 Y102.854 E177.28947
G1 X106.877 Y103.124 E177.2961
G1 X106.876 Y103.567 E177.30659
G1 X106.802 Y103.781 E177.31196
G1 X106.534 Y104.067 E177.32125
G1 X106.804 Y104.353 E177.33057
G1 X106.881 Y104.591 E177.3365
G1 X106.873 Y105.025 E177.34678
G1 X106.802 Y105.281 E177.35308
G1 X106.534 Y105.567 E177.36237
G1 X106.804 Y105.853 E177.37169
G1 X106.877 Y106.121 E177.37827
G1 X106.873 Y106.522 E177.38777
G1 X106.801 Y106.783 E177.39419
G1 X106.532 Y107.069 E177.40349
G1 X106.801 Y107.354 E177.41278
G1 X106.873 Y107.608 E177.41904
G1 X106.878 Y107.969 E177.42759
G1 X106.803 Y108.284 E177.43527
G1 X106.533 Y108.57 E177.44459
G1 X106.802 Y108.855 E177.45387
G1 X106.874 Y109.124 E177.46047
G1 X106.878 Y109.461 E177.46846
G1 X106.803 Y109.784 E177.47632
G1 X106.533 Y110.07 E177.48564
G1 X106.802 Y110.355 E177.49493
G1 X106.873 Y110.612 E177.50124
G1 X106.875 Y110.983 E177.51004
G1 X106.8 Y111.241 E177.5164
G1 X106.508 Y111.546 E177.52641
G1 X106.8 Y111.845 E177.53631
G1 X106.876 Y112.103 E177.54269
G1 X106.873 Y112.475 E177.5515
G1 X106.802 Y112.731 E177.5578
G1 X106.534 Y113.017 E177.56709
G1 X106.804 Y113.303 E177.57641
G1 X106.881 Y113.541 E177.58234
G1 X106.873 Y113.975 E177.59262
G1 X106.802 Y114.231 E177.59892
G1 X106.534 Y114.517 E177.60821
G1 X106.804 Y114.803 E177.61753
G1 X106.877 Y115.071 E177.62411
G1 X106.873 Y115.472 E177.63361
G1 X106.801 Y115.733 E177.64003
G1 X106.532 Y116.019 E177.64933
G1 X106.801 Y116.304 E177.65862
G1 X106.873 Y116.558 E177.66488
G1 X106.878 Y116.919 E177.67343
G1 X106.803 Y117.234 E177.68111
G1 X106.533 Y117.52 E177.69043
G1 X106.802 Y117.805 E177.69971
G1 X106.874 Y118.015 E177.70498
G1 X106.878 Y118.542 E177.71746
G1 X106.747 Y118.827 E177.7249
G1 X106.535 Y119.019 E177.73168
G1 X106.747 Y119.21 E177.73844
G1 X106.874 Y119.492 E177.74577
G1 X106.877 Y119.911 E177.7557
G1 X106.722 Y120.361 E177.76698
G1 X106.542 Y120.516 E177.77261
G1 X106.723 Y120.672 E177.77827
G1 X106.758 Y120.765 E177.78062
G1 X113.122 Y120.765 E177.93144
G1 X113.123 Y120.531 E177.93698
G1 X113.178 Y120.258 E177.94358
G1 X113.245 Y120.134 E177.94692
G1 X113.463 Y119.934 E177.95393
G1 X113.243 Y119.735 E177.96096
G1 X113.174 Y119.612 E177.9643
G1 X113.117 Y119.324 E177.97126
G1 X113.12 Y118.94 E177.98036
G1 X113.22 Y118.667 E177.98725
G1 X113.462 Y118.431 E177.99526
G1 X113.221 Y118.195 E178.00325
G1 X113.123 Y117.926 E178.01004
G1 X113.118 Y117.462 E178.02104
G1 X113.193 Y117.216 E178.02713
G1 X113.464 Y116.932 E178.03643
G1 X113.193 Y116.649 E178.04572
G1 X113.121 Y116.381 E178.05229
G1 X113.126 Y115.974 E178.06194
G1 X113.197 Y115.718 E178.06824
G1 X113.465 Y115.433 E178.07751
G1 X113.196 Y115.148 E178.08679
G1 X113.123 Y114.892 E178.0931
G1 X113.118 Y114.46 E178.10334
G1 X113.193 Y114.216 E178.10939
G1 X113.461 Y113.93 E178.11868
G1 X113.193 Y113.645 E178.12795
G1 X113.123 Y113.392 E178.13417
G1 X113.122 Y113.029 E178.14277
G1 X113.196 Y112.718 E178.15035
G1 X113.465 Y112.432 E178.15965
G1 X113.196 Y112.146 E178.16896
G1 X113.122 Y111.864 E178.17587
G1 X113.125 Y111.526 E178.18388
G1 X113.196 Y111.269 E178.1902
G1 X113.465 Y110.984 E178.19948
G1 X113.193 Y110.7 E178.2088
G1 X113.118 Y110.428 E178.21549
G1 X113.121 Y110.025 E178.22504
G1 X113.193 Y109.765 E178.23143
G1 X113.463 Y109.481 E178.24072
G1 X113.195 Y109.196 E178.24999
G1 X113.123 Y108.93 E178.25652
G1 X113.118 Y108.512 E178.26643
G1 X113.193 Y108.266 E178.27252
G1 X113.464 Y107.982 E178.28182
G1 X113.193 Y107.699 E178.29111
G1 X113.121 Y107.431 E178.29768
G1 X113.126 Y107.024 E178.30733
G1 X113.197 Y106.768 E178.31363
G1 X113.465 Y106.483 E178.3229
G1 X113.196 Y106.198 E178.33218
G1 X113.123 Y105.942 E178.33849
G1 X113.118 Y105.51 E178.34873
G1 X113.193 Y105.266 E178.35478
G1 X113.461 Y104.98 E178.36407
G1 X113.193 Y104.695 E178.37334
G1 X113.123 Y104.442 E178.37956
G1 X113.122 Y104.079 E178.38816
G1 X113.196 Y103.768 E178.39574
G1 X113.465 Y103.482 E178.40504
G1 X113.196 Y103.196 E178.41435
G1 X113.124 Y102.941 E178.42063
G1 X113.12 Y102.544 E178.43003
G1 X113.199 Y102.254 E178.43716
G1 X113.305 Y102.103 E178.44153
G1 X113.554 Y101.922 E178.44882
G1 X113.434 Y101.664 E178.45557
G1 X113.446 Y101.362 E178.46273
G1 X113.551 Y101.124 E178.46889
G1 X113.787 Y100.907 E178.47649
G0 F9000 X113.925 Y101.15
;TYPE:WALL-OUTER
G1 F1058.5 X114.08 Y101.095 E178.48008
G1 X121 Y101.095 E178.63095
G1 X120.986 Y98.955 E178.67761
G1 X99.026 Y98.955 E179.15638
G1 X99.002 Y101.095 E179.20304
G1 X105.895 Y101.095 E179.35332
G1 X106.098 Y101.145 E179.35788
G1 X106.37 Y101.29 E179.3646
G1 X106.511 Y101.41 E179.36863
G1 X106.597 Y101.581 E179.37281
G1 X106.597 Y102.012 E179.3822
G1 X106.555 Y102.158 E179.38551
G1 X106.384 Y102.34 E179.39096
G1 X105.969 Y102.578 E179.40139
G1 X106.384 Y102.798 E179.41163
G1 X106.554 Y102.979 E179.41704
G1 X106.598 Y103.142 E179.42072
G1 X106.596 Y103.471 E179.4279
G1 X106.551 Y103.657 E179.43207
G1 X106.381 Y103.839 E179.4375
G1 X105.968 Y104.078 E179.4479
G1 X106.382 Y104.297 E179.45811
G1 X106.553 Y104.478 E179.46354
G1 X106.6 Y104.61 E179.4666
G1 X106.596 Y104.971 E179.47447
G1 X106.551 Y105.157 E179.47864
G1 X106.381 Y105.339 E179.48407
G1 X105.968 Y105.578 E179.49447
G1 X106.382 Y105.797 E179.50468
G1 X106.553 Y105.978 E179.51011
G1 X106.6 Y106.111 E179.51319
G1 X106.594 Y106.5 E179.52167
G1 X106.551 Y106.658 E179.52524
G1 X106.379 Y106.841 E179.53072
G1 X105.965 Y107.076 E179.5411
G1 X106.379 Y107.296 E179.55132
G1 X106.551 Y107.479 E179.55679
G1 X106.594 Y107.632 E179.56026
G1 X106.599 Y108.025 E179.56883
G1 X106.552 Y108.159 E179.57192
G1 X106.38 Y108.341 E179.57738
G1 X105.965 Y108.576 E179.58778
G1 X106.38 Y108.797 E179.59803
G1 X106.551 Y108.979 E179.60347
G1 X106.591 Y109.109 E179.60644
G1 X106.599 Y109.524 E179.61549
G1 X106.552 Y109.659 E179.61861
G1 X106.38 Y109.841 E179.62407
G1 X105.965 Y110.076 E179.63446
G1 X106.38 Y110.297 E179.64471
G1 X106.551 Y110.479 E179.65016
G1 X106.594 Y110.635 E179.65369
G1 X106.596 Y110.957 E179.66071
G1 X106.551 Y111.113 E179.66425
G1 X106.382 Y111.29 E179.66958
G1 X105.939 Y111.547 E179.68075
G1 X106.383 Y111.797 E179.69186
G1 X106.551 Y111.973 E179.69716
G1 X106.597 Y112.13 E179.70073
G1 X106.594 Y112.452 E179.70775
G1 X106.551 Y112.607 E179.71126
G1 X106.381 Y112.789 E179.71669
G1 X105.968 Y113.028 E179.72709
G1 X106.382 Y113.247 E179.7373
G1 X106.553 Y113.428 E179.74273
G1 X106.6 Y113.56 E179.74578
G1 X106.596 Y113.921 E179.75366
G1 X106.551 Y114.107 E179.75783
G1 X106.381 Y114.289 E179.76326
G1 X105.968 Y114.528 E179.77366
G1 X106.382 Y114.747 E179.78387
G1 X106.553 Y114.928 E179.7893
G1 X106.6 Y115.061 E179.79238
G1 X106.594 Y115.45 E179.80086
G1 X106.551 Y115.608 E179.80443
G1 X106.379 Y115.791 E179.8099
G1 X105.965 Y116.026 E179.82028
G1 X106.379 Y116.246 E179.8305
G1 X106.551 Y116.429 E179.83598
G1 X106.594 Y116.582 E179.83944
G1 X106.599 Y116.975 E179.84801
G1 X106.552 Y117.109 E179.85111
G1 X106.38 Y117.291 E179.85657
G1 X105.965 Y117.526 E179.86697
G1 X106.38 Y117.747 E179.87722
G1 X106.551 Y117.929 E179.88266
G1 X106.592 Y118.065 E179.88576
G1 X106.598 Y118.492 E179.89507
G1 X106.519 Y118.665 E179.89921
G1 X106.38 Y118.791 E179.9033
G1 X105.965 Y119.026 E179.9137
G1 X106.38 Y119.247 E179.92395
G1 X106.518 Y119.372 E179.92801
G1 X106.594 Y119.543 E179.93209
G1 X106.597 Y119.912 E179.94014
G1 X106.488 Y120.229 E179.94745
G1 X105.978 Y120.519 E179.96024
G1 X106.488 Y120.803 E179.97296
G1 X106.579 Y121.045 E179.9786
G1 X113.469 Y121.044 E180.12882
G1 X113.402 Y120.828 E180.13375
G1 X113.403 Y120.532 E180.1402
G1 X113.477 Y120.292 E180.14568
G1 X113.62 Y120.16 E180.14992
G1 X114.032 Y119.926 E180.16025
G1 X113.617 Y119.705 E180.1705
G1 X113.473 Y119.575 E180.17473
G1 X113.397 Y119.326 E180.18041
G1 X113.399 Y118.976 E180.18804
G1 X113.46 Y118.812 E180.19185
G1 X113.617 Y118.659 E180.19663
G1 X114.03 Y118.428 E180.20695
G1 X113.618 Y118.205 E180.21716
G1 X113.462 Y118.052 E180.22193
G1 X113.402 Y117.895 E180.22559
G1 X113.4 Y117.499 E180.23422
G1 X113.444 Y117.341 E180.2378
G1 X113.618 Y117.159 E180.24329
G1 X114.031 Y116.928 E180.25361
G1 X113.618 Y116.707 E180.26382
G1 X113.444 Y116.524 E180.26932
G1 X113.404 Y116.395 E180.27227
G1 X113.405 Y115.997 E180.28095
G1 X113.448 Y115.842 E180.28445
G1 X113.619 Y115.659 E180.28991
G1 X114.03 Y115.424 E180.30023
G1 X113.618 Y115.205 E180.31041
G1 X113.446 Y115.023 E180.31587
G1 X113.402 Y114.899 E180.31874
G1 X113.399 Y114.472 E180.32805
G1 X113.443 Y114.341 E180.33106
G1 X113.614 Y114.159 E180.3365
G1 X114.028 Y113.923 E180.34689
G1 X113.615 Y113.703 E180.35709
G1 X113.445 Y113.521 E180.36252
G1 X113.402 Y113.367 E180.36601
G1 X113.402 Y113.031 E180.37334
G1 X113.447 Y112.842 E180.37757
G1 X113.618 Y112.661 E180.383
G1 X114.032 Y112.424 E180.3934
G1 X113.618 Y112.203 E180.40363
G1 X113.447 Y112.021 E180.40908
G1 X113.402 Y111.892 E180.41206
G1 X113.404 Y111.548 E180.41956
G1 X113.447 Y111.393 E180.42306
G1 X113.62 Y111.21 E180.42855
G1 X114.074 Y110.952 E180.43994
G1 X113.667 Y110.808 E180.44935
G1 X113.443 Y110.573 E180.45643
G1 X113.397 Y110.409 E180.46014
G1 X113.4 Y110.015 E180.46873
G1 X113.444 Y109.891 E180.4716
G1 X113.617 Y109.709 E180.47707
G1 X114.03 Y109.478 E180.48739
G1 X113.618 Y109.255 E180.49761
G1 X113.446 Y109.072 E180.50308
G1 X113.406 Y108.944 E180.506
G1 X113.4 Y108.549 E180.51462
G1 X113.444 Y108.391 E180.51819
G1 X113.618 Y108.209 E180.52368
G1 X114.031 Y107.978 E180.534
G1 X113.618 Y107.757 E180.54421
G1 X113.444 Y107.574 E180.54972
G1 X113.404 Y107.445 E180.55266
G1 X113.405 Y107.047 E180.56134
G1 X113.448 Y106.892 E180.56485
G1 X113.619 Y106.709 E180.57031
G1 X114.03 Y106.474 E180.58063
G1 X113.618 Y106.255 E180.5908
G1 X113.446 Y106.073 E180.59626
G1 X113.402 Y105.949 E180.59913
G1 X113.399 Y105.522 E180.60844
G1 X113.443 Y105.391 E180.61145
G1 X113.614 Y105.209 E180.6169
G1 X114.028 Y104.973 E180.62729
G1 X113.615 Y104.753 E180.63749
G1 X113.445 Y104.571 E180.64292
G1 X113.402 Y104.417 E180.6464
G1 X113.402 Y104.081 E180.65373
G1 X113.447 Y103.892 E180.65797
G1 X113.618 Y103.711 E180.66339
G1 X114.032 Y103.474 E180.67379
G1 X113.618 Y103.253 E180.68403
G1 X113.447 Y103.071 E180.68947
G1 X113.403 Y102.917 E180.69296
G1 X113.399 Y102.559 E180.70077
G1 X113.447 Y102.384 E180.70472
G1 X113.615 Y102.21 E180.71
G1 X114.03 Y101.975 E180.7204
G1 X113.929 Y101.921 E180.72289
G1 X113.753 Y101.742 E180.72837
G1 X113.71 Y101.616 E180.73127
G1 X113.719 Y101.426 E180.73541
G1 X113.782 Y101.282 E180.73884
G1 X113.925 Y101.15 E180.74308
G0 F9000 X114.08 Y101.095
G0 X114.116 Y101.095
G0 X114.116 Y100.195
;MESH:NONMESH
G0 F600 X114.116 Y100.195 Z2.32
G0 F9000 X107.101 Y102.87
G0 X106.764 Y102.866
;TIME_ELAPSED:278.042530
;LAYER:17
;TYPE:WALL-INNER
;MESH:belt_holder_screw.stl
G1 F1383.6 X106.837 Y103.188 E180.75091
G1 X106.832 Y103.525 E180.7589
G1 X106.761 Y103.786 E180.76531
G1 X106.492 Y104.075 E180.77466
G1 X106.763 Y104.364 E180.78405
G1 X106.836 Y104.646 E180.79095
G1 X106.832 Y105.027 E180.79998
G1 X106.761 Y105.286 E180.80635
G1 X106.492 Y105.575 E180.8157
G1 X106.763 Y105.864 E180.82509
G1 X106.837 Y106.185 E180.8329
G1 X106.83 Y106.558 E180.84174
G1 X106.762 Y106.788 E180.84742
G1 X106.492 Y107.076 E180.85678
G1 X106.762 Y107.364 E180.86613
G1 X106.833 Y107.631 E180.87268
G1 X106.837 Y108.032 E180.88218
G1 X106.765 Y108.29 E180.88853
G1 X106.495 Y108.578 E180.89789
G1 X106.763 Y108.866 E180.90721
G1 X106.832 Y109.124 E180.91354
G1 X106.839 Y109.473 E180.92181
G1 X106.765 Y109.79 E180.92953
G1 X106.495 Y110.078 E180.93888
G1 X106.763 Y110.366 E180.9482
G1 X106.833 Y110.626 E180.95458
G1 X106.835 Y110.986 E180.96312
G1 X106.761 Y111.245 E180.9695
G1 X106.473 Y111.55 E180.97944
G1 X106.76 Y111.855 E180.98937
G1 X106.834 Y112.117 E180.99582
G1 X106.832 Y112.475 E181.0043
G1 X106.761 Y112.736 E181.01071
G1 X106.492 Y113.025 E181.02007
G1 X106.763 Y113.314 E181.02946
G1 X106.836 Y113.596 E181.03636
G1 X106.832 Y113.977 E181.04539
G1 X106.761 Y114.236 E181.05175
G1 X106.492 Y114.525 E181.06111
G1 X106.763 Y114.814 E181.0705
G1 X106.837 Y115.135 E181.0783
G1 X106.83 Y115.508 E181.08714
G1 X106.762 Y115.738 E181.09283
G1 X106.492 Y116.026 E181.10218
G1 X106.762 Y116.314 E181.11154
G1 X106.833 Y116.581 E181.11809
G1 X106.837 Y116.982 E181.12759
G1 X106.765 Y117.24 E181.13394
G1 X106.495 Y117.528 E181.14329
G1 X106.763 Y117.816 E181.15262
G1 X106.827 Y118.028 E181.15786
G1 X106.842 Y118.546 E181.17014
G1 X106.708 Y118.836 E181.17771
G1 X106.497 Y119.028 E181.18447
G1 X106.707 Y119.219 E181.1912
G1 X106.832 Y119.498 E181.19845
G1 X106.838 Y119.914 E181.20831
G1 X106.679 Y120.374 E181.21984
G1 X106.499 Y120.525 E181.22541
G1 X106.679 Y120.677 E181.23099
G1 X106.711 Y120.765 E181.23321
G1 X113.158 Y120.765 E181.38599
G1 X113.162 Y120.516 E181.39189
G1 X113.217 Y120.25 E181.39833
G1 X113.283 Y120.127 E181.40164
G1 X113.502 Y119.924 E181.40871
G1 X113.283 Y119.721 E181.41579
G1 X113.217 Y119.598 E181.4191
G1 X113.162 Y119.327 E181.42565
G1 X113.159 Y118.934 E181.43496
G1 X113.26 Y118.661 E181.44186
G1 X113.503 Y118.424 E181.44991
G1 X113.261 Y118.188 E181.45792
G1 X113.161 Y117.916 E181.46478
G1 X113.161 Y117.473 E181.47528
G1 X113.232 Y117.213 E181.48167
G1 X113.504 Y116.926 E181.49104
G1 X113.23 Y116.638 E181.50046
G1 X113.157 Y116.367 E181.50711
G1 X113.169 Y115.959 E181.51678
G1 X113.237 Y115.715 E181.52279
G1 X113.505 Y115.428 E181.53209
G1 X113.231 Y115.144 E181.54144
G1 X113.157 Y114.884 E181.54785
G1 X113.162 Y114.469 E181.55769
G1 X113.232 Y114.214 E181.56395
G1 X113.502 Y113.926 E181.57331
G1 X113.23 Y113.638 E181.58269
G1 X113.155 Y113.345 E181.58986
G1 X113.164 Y112.966 E181.59885
G1 X113.235 Y112.71 E181.60514
G1 X113.506 Y112.421 E181.61453
G1 X113.236 Y112.133 E181.62389
G1 X113.167 Y111.894 E181.62978
G1 X113.162 Y111.571 E181.63744
G1 X113.234 Y111.262 E181.64495
G1 X113.504 Y110.974 E181.65431
G1 X113.234 Y110.686 E181.66367
G1 X113.167 Y110.464 E181.66916
G1 X113.162 Y110.022 E181.67964
G1 X113.233 Y109.762 E181.68602
G1 X113.504 Y109.474 E181.69539
G1 X113.234 Y109.187 E181.70473
G1 X113.162 Y108.92 E181.71129
G1 X113.161 Y108.523 E181.72069
G1 X113.232 Y108.263 E181.72708
G1 X113.504 Y107.976 E181.73645
G1 X113.23 Y107.688 E181.74587
G1 X113.157 Y107.417 E181.75252
G1 X113.169 Y107.009 E181.7622
G1 X113.237 Y106.765 E181.7682
G1 X113.505 Y106.478 E181.7775
G1 X113.231 Y106.194 E181.78686
G1 X113.157 Y105.934 E181.79326
G1 X113.162 Y105.519 E181.8031
G1 X113.232 Y105.264 E181.80936
G1 X113.502 Y104.976 E181.81872
G1 X113.23 Y104.688 E181.82811
G1 X113.155 Y104.395 E181.83527
G1 X113.164 Y104.016 E181.84426
G1 X113.234 Y103.76 E181.85055
G1 X113.505 Y103.472 E181.85992
G1 X113.235 Y103.185 E181.86926
G1 X113.166 Y102.936 E181.87538
G1 X113.159 Y102.459 E181.88668
G1 X113.246 Y102.237 E181.89234
G1 X113.352 Y102.09 E181.89663
G1 X113.605 Y101.909 E181.904
G1 X113.549 Y101.85 E181.90593
G1 X113.488 Y101.651 E181.91086
G1 X113.502 Y101.362 E181.91772
G1 X113.607 Y101.124 E181.92388
G1 X113.843 Y100.907 E181.93148
G1 X114.099 Y100.815 E181.93793
G1 X120.771 Y100.815 E182.09604
G1 X120.773 Y99.235 E182.13348
G1 X99.229 Y99.235 E182.64403
G1 X99.231 Y100.815 E182.68147
G1 X105.845 Y100.815 E182.83821
G1 X106.185 Y100.901 E182.84652
G1 X106.466 Y101.054 E182.8541
G1 X106.696 Y101.253 E182.86131
G1 X106.837 Y101.536 E182.8688
G1 X106.833 Y102.054 E182.88108
G1 X106.765 Y102.288 E182.88685
G1 X106.494 Y102.577 E182.89624
G1 X106.764 Y102.866 E182.90561
G1 F1800 E180.90561
G0 F9000 X107.059 Y102.87
G0 X113.492 Y100.664
G0 X113.981 Y100.595
G1 F900 E182.90561
G0 F9000 X113.981 Y101.15
;TYPE:WALL-OUTER
G1 F1064.3 X114.136 Y101.095 E182.9092
G1 X121.051 Y101.095 E183.05996
G1 X121.053 Y98.955 E183.10662
G1 X98.949 Y98.955 E183.58853
G1 X98.951 Y101.095 E183.63518
G1 X105.845 Y101.095 E183.78549
G1 X106.051 Y101.147 E183.79012
G1 X106.332 Y101.3 E183.7971
G1 X106.471 Y101.42 E183.8011
G1 X106.556 Y101.592 E183.80528
G1 X106.555 Y102.022 E183.81466
G1 X106.513 Y102.164 E183.81789
G1 X106.344 Y102.346 E183.8233
G1 X105.934 Y102.583 E183.83363
G1 X106.343 Y102.808 E183.8438
G1 X106.513 Y102.99 E183.84923
G1 X106.556 Y103.151 E183.85287
G1 X106.553 Y103.505 E183.86058
G1 X106.51 Y103.663 E183.86415
G1 X106.34 Y103.846 E183.8696
G1 X105.932 Y104.082 E183.87988
G1 X106.341 Y104.307 E183.89005
G1 X106.512 Y104.488 E183.89548
G1 X106.556 Y104.659 E183.89933
G1 X106.553 Y105.006 E183.9069
G1 X106.51 Y105.163 E183.91045
G1 X106.34 Y105.346 E183.91589
G1 X105.932 Y105.582 E183.92617
G1 X106.341 Y105.807 E183.93634
G1 X106.512 Y105.988 E183.94177
G1 X106.555 Y106.138 E183.94518
G1 X106.554 Y106.502 E183.95311
G1 X106.51 Y106.664 E183.95677
G1 X106.34 Y106.847 E183.96222
G1 X105.93 Y107.083 E183.97253
G1 X106.34 Y107.305 E183.9827
G1 X106.51 Y107.488 E183.98814
G1 X106.554 Y107.65 E183.9918
G1 X106.559 Y107.976 E183.99891
G1 X106.514 Y108.166 E184.00317
G1 X106.343 Y108.348 E184.00861
G1 X105.932 Y108.583 E184.01893
G1 X106.342 Y108.806 E184.02911
G1 X106.511 Y108.989 E184.03454
G1 X106.55 Y109.113 E184.03737
G1 X106.56 Y109.531 E184.04649
G1 X106.514 Y109.666 E184.0496
G1 X106.343 Y109.848 E184.05504
G1 X105.932 Y110.083 E184.06537
G1 X106.342 Y110.306 E184.07554
G1 X106.511 Y110.489 E184.08097
G1 X106.55 Y110.614 E184.08383
G1 X106.558 Y110.929 E184.0907
G1 X106.511 Y111.118 E184.09494
G1 X106.343 Y111.295 E184.10026
G1 X105.894 Y111.557 E184.1116
G1 X106.343 Y111.805 E184.12278
G1 X106.51 Y111.982 E184.12809
G1 X106.555 Y112.14 E184.13167
G1 X106.55 Y112.481 E184.1391
G1 X106.51 Y112.613 E184.14211
G1 X106.34 Y112.796 E184.14756
G1 X105.932 Y113.032 E184.15783
G1 X106.341 Y113.257 E184.16801
G1 X106.512 Y113.438 E184.17344
G1 X106.556 Y113.609 E184.17729
G1 X106.553 Y113.956 E184.18485
G1 X106.51 Y114.113 E184.1884
G1 X106.34 Y114.296 E184.19385
G1 X105.932 Y114.532 E184.20412
G1 X106.341 Y114.757 E184.2143
G1 X106.512 Y114.938 E184.21973
G1 X106.555 Y115.088 E184.22313
G1 X106.554 Y115.452 E184.23107
G1 X106.51 Y115.614 E184.23473
G1 X106.34 Y115.797 E184.24017
G1 X105.93 Y116.033 E184.25049
G1 X106.34 Y116.255 E184.26065
G1 X106.51 Y116.438 E184.2661
G1 X106.554 Y116.6 E184.26976
G1 X106.559 Y116.926 E184.27687
G1 X106.514 Y117.116 E184.28112
G1 X106.343 Y117.298 E184.28657
G1 X105.932 Y117.533 E184.29689
G1 X106.342 Y117.756 E184.30706
G1 X106.511 Y117.939 E184.3125
G1 X106.55 Y118.067 E184.31541
G1 X106.56 Y118.5 E184.32486
G1 X106.479 Y118.674 E184.32904
G1 X106.343 Y118.798 E184.33305
G1 X105.932 Y119.033 E184.34337
G1 X106.342 Y119.256 E184.35355
G1 X106.477 Y119.38 E184.35755
G1 X106.553 Y119.547 E184.36155
G1 X106.558 Y119.918 E184.36964
G1 X106.448 Y120.238 E184.37701
G1 X105.935 Y120.53 E184.38988
G1 X106.445 Y120.808 E184.40255
G1 X106.533 Y121.045 E184.40806
G1 X113.515 Y121.044 E184.56028
G1 X113.438 Y120.816 E184.56553
G1 X113.442 Y120.52 E184.57198
G1 X113.515 Y120.284 E184.57737
G1 X113.657 Y120.153 E184.58158
G1 X114.066 Y119.917 E184.59187
G1 X113.657 Y119.695 E184.60202
G1 X113.515 Y119.564 E184.60623
G1 X113.442 Y119.325 E184.61168
G1 X113.44 Y118.963 E184.61957
G1 X113.5 Y118.805 E184.62326
G1 X113.657 Y118.652 E184.62804
G1 X114.068 Y118.42 E184.63833
G1 X113.657 Y118.198 E184.64851
G1 X113.501 Y118.044 E184.65329
G1 X113.44 Y117.886 E184.65698
G1 X113.444 Y117.461 E184.66625
G1 X113.484 Y117.336 E184.66911
G1 X113.657 Y117.152 E184.67462
G1 X114.068 Y116.921 E184.68489
G1 X113.655 Y116.696 E184.69515
G1 X113.481 Y116.513 E184.70065
G1 X113.436 Y116.349 E184.70436
G1 X113.448 Y115.984 E184.71232
G1 X113.489 Y115.837 E184.71565
G1 X113.662 Y115.65 E184.7212
G1 X114.065 Y115.419 E184.73133
G1 X113.658 Y115.201 E184.7414
G1 X113.481 Y115.018 E184.74695
G1 X113.436 Y114.86 E184.75053
G1 X113.444 Y114.462 E184.75921
G1 X113.483 Y114.337 E184.76206
G1 X113.655 Y114.153 E184.76756
G1 X114.066 Y113.918 E184.77788
G1 X113.654 Y113.696 E184.78808
G1 X113.48 Y113.513 E184.79359
G1 X113.436 Y113.36 E184.79706
G1 X113.443 Y112.99 E184.80513
G1 X113.486 Y112.834 E184.80865
G1 X113.657 Y112.652 E184.8141
G1 X114.069 Y112.417 E184.82444
G1 X113.658 Y112.193 E184.83464
G1 X113.487 Y112.01 E184.8401
G1 X113.448 Y111.886 E184.84294
G1 X113.443 Y111.541 E184.85046
G1 X113.486 Y111.385 E184.85399
G1 X113.657 Y111.203 E184.85943
G1 X114.112 Y110.941 E184.87088
G1 X113.863 Y110.857 E184.87661
G1 X113.657 Y110.745 E184.88172
G1 X113.486 Y110.563 E184.88717
G1 X113.442 Y110.401 E184.89083
G1 X113.441 Y110.044 E184.89861
G1 X113.484 Y109.886 E184.90218
G1 X113.657 Y109.702 E184.90769
G1 X114.068 Y109.47 E184.91798
G1 X113.657 Y109.248 E184.92816
G1 X113.485 Y109.064 E184.93365
G1 X113.441 Y108.902 E184.93731
G1 X113.444 Y108.511 E184.94584
G1 X113.484 Y108.386 E184.9487
G1 X113.657 Y108.202 E184.9542
G1 X114.068 Y107.971 E184.96448
G1 X113.655 Y107.746 E184.97474
G1 X113.481 Y107.563 E184.98024
G1 X113.436 Y107.399 E184.98395
G1 X113.448 Y107.034 E184.99191
G1 X113.489 Y106.887 E184.99524
G1 X113.662 Y106.7 E185.00079
G1 X114.065 Y106.469 E185.01092
G1 X113.658 Y106.251 E185.02099
G1 X113.481 Y106.068 E185.02654
G1 X113.436 Y105.91 E185.03012
G1 X113.444 Y105.512 E185.0388
G1 X113.483 Y105.387 E185.04165
G1 X113.655 Y105.203 E185.04714
G1 X114.066 Y104.968 E185.05747
G1 X113.654 Y104.746 E185.06767
G1 X113.48 Y104.563 E185.07317
G1 X113.436 Y104.41 E185.07665
G1 X113.443 Y104.039 E185.08474
G1 X113.486 Y103.884 E185.08824
G1 X113.657 Y103.702 E185.09369
G1 X114.068 Y103.467 E185.10401
G1 X113.658 Y103.245 E185.11417
G1 X113.487 Y103.062 E185.11963
G1 X113.445 Y102.911 E185.12305
G1 X113.44 Y102.558 E185.13075
G1 X113.492 Y102.371 E185.13498
G1 X113.582 Y102.246 E185.13834
G1 X114.068 Y101.966 E185.15057
G1 X113.983 Y101.92 E185.15267
G1 X113.802 Y101.729 E185.15841
G1 X113.764 Y101.608 E185.16118
G1 X113.775 Y101.426 E185.16515
G1 X113.838 Y101.282 E185.16858
G1 X113.981 Y101.15 E185.17282
G0 F9000 X114.136 Y101.095
G0 X114.172 Y101.095
G0 X114.172 Y100.195
;MESH:NONMESH
G0 F600 X114.172 Y100.195 Z2.44
G0 F9000 X113.887 Y100.907
;TIME_ELAPSED:288.907388
;LAYER:18
;TYPE:WALL-INNER
;MESH:belt_holder_screw.stl
G1 F3048.6 X114.143 Y100.815 E185.17927
G1 X120.821 Y100.815 E185.33752
G1 X120.821 Y99.236 E185.37494
G1 X99.178 Y99.235 E185.88783
G1 X99.183 Y100.815 E185.92528
G1 X105.797 Y100.815 E186.08201
G1 X106.137 Y100.901 E186.09032
G1 X106.431 Y101.061 E186.09826
G1 X106.656 Y101.254 E186.10528
G1 X106.8 Y101.533 E186.11272
G1 X106.804 Y102.066 E186.12535
G1 X106.735 Y102.297 E186.13107
G1 X106.463 Y102.587 E186.14049
G1 X106.732 Y102.879 E186.1499
G1 X106.799 Y103.123 E186.15589
G1 X106.799 Y103.547 E186.16594
G1 X106.727 Y103.791 E186.17197
G1 X106.456 Y104.082 E186.18139
G1 X106.729 Y104.373 E186.19085
G1 X106.797 Y104.602 E186.19651
G1 X106.796 Y105.027 E186.20658
G1 X106.727 Y105.291 E186.21305
G1 X106.457 Y105.581 E186.22244
G1 X106.728 Y105.871 E186.23184
G1 X106.796 Y106.102 E186.23755
G1 X106.803 Y106.561 E186.24843
G1 X106.73 Y106.793 E186.25419
G1 X106.459 Y107.084 E186.26362
G1 X106.73 Y107.375 E186.27304
G1 X106.803 Y107.607 E186.2788
G1 X106.798 Y108.037 E186.28899
G1 X106.728 Y108.292 E186.29526
G1 X106.457 Y108.582 E186.30467
G1 X106.729 Y108.873 E186.31411
G1 X106.799 Y109.128 E186.32037
G1 X106.798 Y109.536 E186.33004
G1 X106.728 Y109.792 E186.33633
G1 X106.457 Y110.082 E186.34574
G1 X106.729 Y110.373 E186.35518
G1 X106.799 Y110.626 E186.3614
G1 X106.798 Y110.992 E186.37007
G1 X106.724 Y111.255 E186.37654
G1 X106.434 Y111.563 E186.38657
G1 X106.723 Y111.865 E186.39648
G1 X106.798 Y112.147 E186.40339
G1 X106.798 Y112.502 E186.4118
G1 X106.727 Y112.741 E186.41771
G1 X106.456 Y113.032 E186.42714
G1 X106.729 Y113.323 E186.43659
G1 X106.797 Y113.552 E186.44225
G1 X106.796 Y113.977 E186.45232
G1 X106.727 Y114.241 E186.45879
G1 X106.457 Y114.531 E186.46818
G1 X106.728 Y114.821 E186.47759
G1 X106.796 Y115.052 E186.48329
G1 X106.803 Y115.511 E186.49417
G1 X106.73 Y115.743 E186.49993
G1 X106.459 Y116.034 E186.50936
G1 X106.73 Y116.325 E186.51878
G1 X106.803 Y116.557 E186.52454
G1 X106.798 Y116.987 E186.53474
G1 X106.728 Y117.242 E186.541
G1 X106.457 Y117.532 E186.55041
G1 X106.729 Y117.823 E186.55985
G1 X106.802 Y118.068 E186.56591
G1 X106.798 Y118.561 E186.57759
G1 X106.671 Y118.839 E186.58483
G1 X106.459 Y119.032 E186.59163
G1 X106.671 Y119.226 E186.59844
G1 X106.802 Y119.51 E186.60585
G1 X106.799 Y119.936 E186.61594
G1 X106.635 Y120.385 E186.62727
G1 X106.46 Y120.533 E186.6327
G1 X106.635 Y120.681 E186.63813
G1 X106.666 Y120.765 E186.64026
G1 X113.194 Y120.765 E186.79496
G1 X113.201 Y120.502 E186.80119
G1 X113.255 Y120.244 E186.80744
G1 X113.321 Y120.121 E186.81074
G1 X113.54 Y119.917 E186.81784
G1 X113.321 Y119.712 E186.82495
G1 X113.254 Y119.59 E186.82824
G1 X113.199 Y119.31 E186.83501
G1 X113.2 Y118.925 E186.84413
G1 X113.299 Y118.655 E186.85095
G1 X113.539 Y118.418 E186.85894
G1 X113.299 Y118.181 E186.86693
G1 X113.2 Y117.908 E186.87381
G1 X113.201 Y117.468 E186.88424
G1 X113.27 Y117.21 E186.89057
G1 X113.539 Y116.92 E186.89994
G1 X113.265 Y116.631 E186.90938
G1 X113.193 Y116.377 E186.91564
G1 X113.204 Y115.952 E186.92571
G1 X113.271 Y115.709 E186.93169
G1 X113.541 Y115.42 E186.94106
G1 X113.266 Y115.134 E186.95046
G1 X113.186 Y114.888 E186.95659
G1 X113.202 Y114.456 E186.96684
G1 X113.27 Y114.208 E186.97293
G1 X113.54 Y113.919 E186.9823
G1 X113.265 Y113.633 E186.9917
G1 X113.187 Y113.354 E186.99857
G1 X113.203 Y112.952 E187.0081
G1 X113.272 Y112.706 E187.01416
G1 X113.543 Y112.417 E187.02355
G1 X113.271 Y112.127 E187.03297
G1 X113.198 Y111.844 E187.03989
G1 X113.203 Y111.51 E187.04781
G1 X113.272 Y111.258 E187.054
G1 X113.54 Y110.969 E187.06334
G1 X113.271 Y110.678 E187.07273
G1 X113.201 Y110.43 E187.07884
G1 X113.201 Y110.017 E187.08863
G1 X113.271 Y109.757 E187.09501
G1 X113.54 Y109.468 E187.10436
G1 X113.271 Y109.178 E187.11374
G1 X113.202 Y108.93 E187.11984
G1 X113.201 Y108.518 E187.1296
G1 X113.27 Y108.26 E187.13593
G1 X113.539 Y107.97 E187.14531
G1 X113.265 Y107.681 E187.15474
G1 X113.193 Y107.427 E187.161
G1 X113.204 Y107.002 E187.17107
G1 X113.271 Y106.759 E187.17705
G1 X113.541 Y106.47 E187.18642
G1 X113.266 Y106.184 E187.19582
G1 X113.186 Y105.938 E187.20195
G1 X113.202 Y105.506 E187.2122
G1 X113.27 Y105.258 E187.21829
G1 X113.54 Y104.969 E187.22766
G1 X113.265 Y104.683 E187.23707
G1 X113.187 Y104.401 E187.244
G1 X113.208 Y103.96 E187.25446
G1 X113.272 Y103.756 E187.25953
G1 X113.542 Y103.468 E187.26888
G1 X113.27 Y103.179 E187.27829
G1 X113.198 Y102.897 E187.28519
G1 X113.201 Y102.447 E187.29585
G1 X113.288 Y102.225 E187.3015
G1 X113.393 Y102.081 E187.30572
G1 X113.646 Y101.9 E187.3131
G1 X113.588 Y101.839 E187.31509
G1 X113.53 Y101.645 E187.31989
G1 X113.546 Y101.362 E187.32661
G1 X113.651 Y101.124 E187.33277
G1 X113.887 Y100.907 E187.34037
G1 F1800 E185.34037
G0 F9000 X113.887 Y100.595
G0 X113.536 Y100.664
G0 X113.049 Y102.068
G0 X112.979 Y110.553
G1 F900 E187.34037
G0 F9000 X113.522 Y110.555
;TYPE:WALL-OUTER
G1 F2345.1 X113.48 Y110.404 E187.34379
G1 X113.481 Y110.037 E187.35179
G1 X113.523 Y109.88 E187.35533
G1 X113.694 Y109.696 E187.36081
G1 X114.102 Y109.461 E187.37107
G1 X113.694 Y109.24 E187.38119
G1 X113.523 Y109.055 E187.38668
G1 X113.481 Y108.905 E187.39008
G1 X113.481 Y108.538 E187.39808
G1 X113.522 Y108.382 E187.4016
G1 X113.694 Y108.196 E187.40712
G1 X114.099 Y107.963 E187.41731
G1 X113.69 Y107.74 E187.42746
G1 X113.516 Y107.556 E187.43298
G1 X113.472 Y107.402 E187.43647
G1 X113.483 Y107.028 E187.44463
G1 X113.524 Y106.88 E187.44798
G1 X113.698 Y106.693 E187.45355
G1 X114.1 Y106.463 E187.46365
G1 X113.693 Y106.243 E187.47373
G1 X113.516 Y106.058 E187.47932
G1 X113.471 Y105.898 E187.48294
G1 X113.481 Y105.53 E187.49097
G1 X113.522 Y105.38 E187.49436
G1 X113.697 Y105.192 E187.49996
G1 X114.1 Y104.963 E187.51006
G1 X113.692 Y104.741 E187.52019
G1 X113.515 Y104.557 E187.52575
G1 X113.471 Y104.406 E187.52918
G1 X113.485 Y104.002 E187.538
G1 X113.524 Y103.878 E187.54083
G1 X113.696 Y103.693 E187.54634
G1 X114.103 Y103.462 E187.55654
G1 X113.695 Y103.24 E187.56667
G1 X113.522 Y103.055 E187.57219
G1 X113.479 Y102.907 E187.57555
G1 X113.48 Y102.494 E187.58455
G1 X113.62 Y102.24 E187.59088
G1 X114.077 Y101.974 E187.60241
G1 X113.843 Y101.722 E187.6099
G1 X113.808 Y101.604 E187.61259
G1 X113.819 Y101.426 E187.61647
G1 X113.882 Y101.282 E187.6199
G1 X114.025 Y101.15 E187.62414
G1 X114.18 Y101.095 E187.62773
G1 X121.1 Y101.095 E187.7786
G1 X121.099 Y98.956 E187.82523
G1 X98.899 Y98.955 E188.30924
G1 X98.897 Y99.197 E188.31452
G1 X98.904 Y101.095 E188.3559
G1 X105.797 Y101.095 E188.50618
G1 X106.003 Y101.147 E188.51081
G1 X106.297 Y101.307 E188.51811
G1 X106.434 Y101.424 E188.52204
G1 X106.52 Y101.592 E188.52615
G1 X106.526 Y102.033 E188.53577
G1 X106.484 Y102.172 E188.53893
G1 X106.313 Y102.354 E188.54438
G1 X105.903 Y102.59 E188.55469
G1 X106.311 Y102.816 E188.56486
G1 X106.479 Y103 E188.57029
G1 X106.521 Y103.17 E188.57411
G1 X106.515 Y103.53 E188.58196
G1 X106.475 Y103.669 E188.58511
G1 X106.305 Y103.853 E188.59057
G1 X105.9 Y104.089 E188.60079
G1 X106.306 Y104.314 E188.61091
G1 X106.477 Y104.496 E188.61636
G1 X106.519 Y104.635 E188.61952
G1 X106.517 Y105.009 E188.62768
G1 X106.475 Y105.169 E188.63128
G1 X106.304 Y105.353 E188.63676
G1 X105.9 Y105.588 E188.64695
G1 X106.305 Y105.812 E188.65704
G1 X106.477 Y105.995 E188.66252
G1 X106.518 Y106.135 E188.6657
G1 X106.522 Y106.484 E188.67331
G1 X106.478 Y106.67 E188.67747
G1 X106.308 Y106.854 E188.68293
G1 X105.902 Y107.089 E188.69316
G1 X106.308 Y107.314 E188.70328
G1 X106.478 Y107.498 E188.70874
G1 X106.523 Y107.64 E188.71199
G1 X106.515 Y108.047 E188.72087
G1 X106.476 Y108.169 E188.72366
G1 X106.306 Y108.353 E188.72912
G1 X105.9 Y108.589 E188.73936
G1 X106.307 Y108.814 E188.7495
G1 X106.478 Y108.997 E188.75496
G1 X106.52 Y109.151 E188.75844
G1 X106.515 Y109.547 E188.76707
G1 X106.476 Y109.669 E188.76987
G1 X106.306 Y109.853 E188.77533
G1 X105.9 Y110.089 E188.78557
G1 X106.307 Y110.314 E188.7957
G1 X106.478 Y110.497 E188.80117
G1 X106.52 Y110.65 E188.80462
G1 X106.52 Y110.997 E188.81219
G1 X106.474 Y111.129 E188.81524
G1 X106.305 Y111.308 E188.8206
G1 X105.854 Y111.569 E188.83196
G1 X106.304 Y111.811 E188.8431
G1 X106.473 Y111.99 E188.84847
G1 X106.518 Y112.119 E188.85145
G1 X106.517 Y112.456 E188.8588
G1 X106.475 Y112.619 E188.86247
G1 X106.305 Y112.803 E188.86793
G1 X105.9 Y113.039 E188.87815
G1 X106.306 Y113.264 E188.88827
G1 X106.477 Y113.446 E188.89371
G1 X106.519 Y113.585 E188.89688
G1 X106.517 Y113.959 E188.90503
G1 X106.475 Y114.119 E188.90864
G1 X106.304 Y114.303 E188.91412
G1 X105.9 Y114.538 E188.92431
G1 X106.305 Y114.762 E188.9344
G1 X106.477 Y114.945 E188.93987
G1 X106.518 Y115.085 E188.94305
G1 X106.522 Y115.434 E188.95066
G1 X106.478 Y115.62 E188.95483
G1 X106.308 Y115.804 E188.96029
G1 X105.902 Y116.039 E188.97052
G1 X106.308 Y116.264 E188.98064
G1 X106.478 Y116.448 E188.9861
G1 X106.523 Y116.59 E188.98935
G1 X106.515 Y116.997 E188.99822
G1 X106.476 Y117.119 E189.00101
G1 X106.306 Y117.303 E189.00648
G1 X105.9 Y117.539 E189.01671
G1 X106.307 Y117.764 E189.02685
G1 X106.478 Y117.947 E189.03231
G1 X106.517 Y118.072 E189.03517
G1 X106.519 Y118.508 E189.04467
G1 X106.441 Y118.679 E189.04877
G1 X106.306 Y118.803 E189.05277
G1 X105.9 Y119.039 E189.06301
G1 X106.307 Y119.264 E189.07315
G1 X106.443 Y119.388 E189.07716
G1 X106.522 Y119.56 E189.08129
G1 X106.519 Y119.934 E189.08944
G1 X106.405 Y120.247 E189.0967
G1 X105.894 Y120.54 E189.10954
G1 X106.403 Y120.815 E189.12216
G1 X106.488 Y121.045 E189.1275
G1 X113.556 Y121.044 E189.2816
G1 X113.474 Y120.803 E189.28715
G1 X113.481 Y120.508 E189.29358
G1 X113.554 Y120.278 E189.29884
G1 X113.694 Y120.147 E189.30303
G1 X114.1 Y119.91 E189.31327
G1 X113.693 Y119.687 E189.32339
G1 X113.552 Y119.555 E189.3276
G1 X113.479 Y119.311 E189.33316
G1 X113.48 Y118.954 E189.34094
G1 X113.54 Y118.798 E189.34458
G1 X113.694 Y118.646 E189.3493
G1 X114.102 Y118.411 E189.35957
G1 X113.694 Y118.19 E189.36968
G1 X113.54 Y118.037 E189.37442
G1 X113.48 Y117.88 E189.37808
G1 X113.481 Y117.488 E189.38663
G1 X113.522 Y117.332 E189.39014
G1 X113.694 Y117.146 E189.39567
G1 X114.099 Y116.913 E189.40585
G1 X113.69 Y116.69 E189.41601
G1 X113.516 Y116.506 E189.42153
G1 X113.472 Y116.352 E189.42502
G1 X113.483 Y115.978 E189.43318
G1 X113.524 Y115.83 E189.43653
G1 X113.698 Y115.643 E189.4421
G1 X114.1 Y115.413 E189.45219
G1 X113.693 Y115.193 E189.46228
G1 X113.516 Y115.008 E189.46786
G1 X113.471 Y114.848 E189.47149
G1 X113.481 Y114.48 E189.47951
G1 X113.522 Y114.33 E189.4829
G1 X113.697 Y114.142 E189.4885
G1 X114.1 Y113.913 E189.49861
G1 X113.692 Y113.691 E189.50874
G1 X113.515 Y113.507 E189.5143
G1 X113.471 Y113.356 E189.51773
G1 X113.482 Y112.977 E189.526
G1 X113.524 Y112.828 E189.52937
G1 X113.697 Y112.643 E189.53489
G1 X114.104 Y112.411 E189.54511
G1 X113.696 Y112.188 E189.55525
G1 X113.522 Y112.004 E189.56077
G1 X113.478 Y111.832 E189.56464
G1 X113.485 Y111.503 E189.57181
G1 X113.524 Y111.381 E189.5746
G1 X113.693 Y111.197 E189.58005
G1 X114.145 Y110.934 E189.59145
G1 X113.693 Y110.739 E189.60218
G1 X113.522 Y110.555 E189.60766
G0 F9000 X113.48 Y110.404
G0 X113.48 Y110.36
G0 X112.979 Y110.358
G0 X107.415 Y101.674
;TYPE:FILL
G1 F2814.1 X107.416 Y101.642 E189.6103
G1 X107.367 Y101.305 E189.63839
G1 X107.164 Y100.906 E189.6753
G1 X106.78 Y100.58 E189.71685
G1 X106.452 Y100.403 E189.74758
G1 X106.044 Y100.303 E189.78223
G1 X105.517 Y99.775 E189.84375
G1 X104.697 Y99.775 E189.91137
G1 X105.195 Y100.274 E189.96951
G1 X104.375 Y100.274 E190.03713
G1 X103.876 Y99.775 E190.09533
G1 X103.056 Y99.775 E190.16296
G1 X103.555 Y100.274 E190.22115
G1 X102.734 Y100.274 E190.28886
G1 X102.236 Y99.775 E190.347
G1 X101.416 Y99.775 E190.41462
G1 X101.914 Y100.274 E190.47276
G1 X101.094 Y100.274 E190.54039
G1 X100.595 Y99.775 E190.59858
G1 X99.835 Y99.774 E190.66126
G1 X99.834 Y99.834 E190.66621
G1 X100.274 Y100.274 E190.71753
G1 X99.831 Y100.274 E190.75406
G0 F9000 X120.175 Y100.274
G1 F2814.1 X120.171 Y99.775 E190.79521
G1 X119.461 Y99.775 E190.85376
G1 X119.96 Y100.274 E190.91196
G1 X119.14 Y100.274 E190.97959
G1 X118.641 Y99.775 E191.03778
G1 X117.82 Y99.775 E191.10549
G1 X118.32 Y100.274 E191.16375
G1 X117.499 Y100.274 E191.23145
G1 X117 Y99.775 E191.28965
G1 X116.18 Y99.775 E191.35727
G1 X116.679 Y100.274 E191.41547
G1 X115.859 Y100.274 E191.4831
G1 X115.36 Y99.775 E191.54129
G1 X114.539 Y99.775 E191.609
G1 X115.039 Y100.274 E191.66726
G1 X114.218 Y100.274 E191.73496
G1 X113.719 Y99.775 E191.79316
G1 X112.899 Y99.775 E191.86078
G1 X113.536 Y100.412 E191.93508
G1 X113.108 Y100.805 E191.983
G1 X112.079 Y99.775 E192.10306
G1 X111.259 Y99.775 E192.17069
G1 X112.891 Y101.407 E192.36102
G1 X112.9 Y101.747 E192.38907
G1 X112.701 Y102.037 E192.41808
G1 X110.438 Y99.775 E192.68195
G1 X109.618 Y99.775 E192.74957
G1 X112.582 Y102.739 E193.09526
G1 X112.584 Y102.975 E193.11472
G1 X112.632 Y103.237 E193.13669
G1 X112.736 Y103.482 E193.15864
G1 X112.668 Y103.645 E193.1732
G1 X108.798 Y99.775 E193.62456
G1 X107.978 Y99.775 E193.69218
G1 X112.585 Y104.383 E194.22954
G1 X112.63 Y104.733 E194.25864
G1 X112.733 Y104.98 E194.28071
G1 X112.626 Y105.244 E194.30421
G1 X107.157 Y99.775 E194.94205
G1 X106.337 Y99.775 E195.00967
G1 X112.593 Y106.031 E195.7393
G1 X112.631 Y106.239 E195.75673
G1 X112.738 Y106.484 E195.77878
G1 X112.632 Y106.727 E195.80064
G1 X112.607 Y106.865 E195.81221
G1 X107.415 Y101.674 E196.41768
G1 X107.412 Y102.086 E196.45166
G1 X107.33 Y102.408 E196.47906
G1 X112.627 Y107.706 E197.0969
G1 X112.732 Y107.982 E197.12125
G1 X112.629 Y108.224 E197.14294
G1 X112.581 Y108.48 E197.16442
G1 X107.412 Y103.311 E197.76727
G1 X107.41 Y103.576 E197.78913
G1 X107.284 Y104.003 E197.82584
G1 X112.705 Y109.424 E198.45809
G1 X112.728 Y109.485 E198.46346
G1 X112.629 Y109.724 E198.4848
G1 X112.561 Y110.1 E198.51631
G1 X107.412 Y104.951 E199.11682
G1 X107.364 Y105.317 E199.14727
G1 X107.259 Y105.565 E199.16948
G1 X107.299 Y105.658 E199.17783
G1 X112.699 Y111.058 E199.80762
G1 X112.631 Y111.234 E199.82318
G1 X112.585 Y111.488 E199.84447
G1 X112.583 Y111.763 E199.86714
G1 X107.422 Y106.602 E200.46906
G1 X107.364 Y106.822 E200.48782
G1 X107.258 Y107.07 E200.51007
G1 X107.364 Y107.313 E200.53193
G1 X107.376 Y107.376 E200.53722
G1 X112.647 Y112.647 E201.15197
G1 X112.58 Y112.92 E201.17515
G1 X112.584 Y113.405 E201.21515
G1 X107.406 Y108.226 E201.81911
G1 X107.261 Y108.569 E201.84982
G1 X107.362 Y108.806 E201.87106
G1 X107.415 Y109.054 E201.89198
G1 X112.615 Y114.255 E202.4985
G1 X112.581 Y114.424 E202.51272
G1 X112.582 Y115.043 E202.56376
G1 X107.364 Y109.825 E203.17233
G1 X107.261 Y110.069 E203.19417
G1 X107.364 Y110.31 E203.21579
G1 X107.41 Y110.557 E203.23651
G1 X107.413 Y110.694 E203.24781
G1 X112.587 Y115.868 E203.85124
G1 X112.58 Y116.479 E203.90163
G1 X112.661 Y116.763 E203.92599
G1 X107.305 Y111.406 E204.5507
G1 X107.244 Y111.541 E204.56292
G1 X107.36 Y111.794 E204.58587
G1 X107.394 Y111.794 E204.58868
G1 X107.41 Y111.999 E204.60564
G1 X107.473 Y112.306 E204.63148
G1 X107.415 Y112.336 E204.63687
G1 X112.582 Y117.503 E205.23948
G1 X112.582 Y117.985 E205.27923
G1 X112.654 Y118.256 E205.30236
G1 X112.736 Y118.429 E205.31815
G1 X112.72 Y118.462 E205.32117
G1 X107.246 Y112.987 E205.95965
G1 X107.423 Y113.391 E205.99603
G1 X107.411 Y113.973 E206.04403
G1 X112.578 Y119.14 E206.64665
G1 X112.577 Y119.349 E206.66389
G1 X112.669 Y119.811 E206.70273
G1 X112.739 Y119.936 E206.71455
G1 X112.691 Y120.073 E206.72652
G1 X107.363 Y114.745 E207.34792
G1 X107.415 Y115.039 E207.37254
G1 X107.418 Y115.266 E207.39126
G1 X107.517 Y115.266 E207.39942
G1 X107.403 Y115.606 E207.429
G1 X112.019 Y120.222 E207.96735
G1 X111.2 Y120.223 E208.03489
G1 X107.409 Y116.432 E208.47703
G1 X107.42 Y117.035 E208.52677
G1 X107.377 Y117.22 E208.54243
G1 X110.38 Y120.223 E208.89267
G1 X109.56 Y120.223 E208.96029
G1 X107.413 Y118.076 E209.21069
G1 X107.416 Y118.422 E209.23923
G1 X107.381 Y118.709 E209.26307
G1 X107.337 Y118.82 E209.27292
G1 X108.741 Y120.224 E209.43666
G1 X107.323 Y120.225 E209.5536
G1 X107.416 Y119.956 E209.57708
G1 X107.415 Y119.718 E209.5967
G1 X107.921 Y120.225 E209.65577
G0 F9000 X107.921 Y120.145
;MESH:NONMESH
G0 F600 X107.921 Y120.145 Z2.56
G0 F9000 X113.049 Y102.068
G0 X113.536 Y100.664
G0 X113.927 Y100.595
G0 X113.927 Y100.907
;TIME_ELAPSED:305.411865
;LAYER:19
;TYPE:WALL-INNER
;MESH:belt_holder_screw.stl
G1 F1400.6 X114.183 Y100.815 E209.66222
G1 X120.865 Y100.815 E209.82057
G1 X120.856 Y99.235 E209.85801
G1 X99.139 Y99.235 E210.37266
G1 X99.134 Y100.01 E210.39103
G1 X99.137 Y100.815 E210.4101
G1 X105.749 Y100.815 E210.56679
G1 X106.089 Y100.901 E210.5751
G1 X106.396 Y101.068 E210.58339
G1 X106.618 Y101.257 E210.5903
G1 X106.761 Y101.526 E210.59751
G1 X106.78 Y102.039 E210.60968
G1 X106.705 Y102.301 E210.61614
G1 X106.432 Y102.594 E210.62563
G1 X106.703 Y102.886 E210.63507
G1 X106.773 Y103.163 E210.64184
G1 X106.758 Y103.591 E210.65199
G1 X106.696 Y103.794 E210.65702
G1 X106.425 Y104.088 E210.66649
G1 X106.7 Y104.379 E210.67598
G1 X106.773 Y104.66 E210.68286
G1 X106.758 Y105.093 E210.69313
G1 X106.696 Y105.295 E210.69814
G1 X106.424 Y105.588 E210.70761
G1 X106.698 Y105.88 E210.7171
G1 X106.771 Y106.199 E210.72486
G1 X106.768 Y106.529 E210.73268
G1 X106.698 Y106.798 E210.73926
G1 X106.426 Y107.091 E210.74874
G1 X106.698 Y107.384 E210.75821
G1 X106.767 Y107.653 E210.76479
G1 X106.764 Y108.045 E210.77408
G1 X106.695 Y108.296 E210.78025
G1 X106.424 Y108.589 E210.78971
G1 X106.697 Y108.882 E210.7992
G1 X106.766 Y109.135 E210.80541
G1 X106.76 Y109.575 E210.81584
G1 X106.695 Y109.796 E210.8213
G1 X106.424 Y110.089 E210.83076
G1 X106.697 Y110.382 E210.84025
G1 X106.768 Y110.659 E210.84703
G1 X106.764 Y110.999 E210.85508
G1 X106.691 Y111.261 E210.86153
G1 X106.4 Y111.571 E210.87161
G1 X106.693 Y111.874 E210.88159
G1 X106.768 Y112.157 E210.88853
G1 X106.764 Y112.539 E210.89759
G1 X106.696 Y112.744 E210.9027
G1 X106.425 Y113.038 E210.91218
G1 X106.7 Y113.329 E210.92167
G1 X106.773 Y113.61 E210.92855
G1 X106.758 Y114.043 E210.93881
G1 X106.696 Y114.245 E210.94382
G1 X106.424 Y114.538 E210.9533
G1 X106.698 Y114.83 E210.96279
G1 X106.771 Y115.149 E210.97054
G1 X106.768 Y115.479 E210.97836
G1 X106.698 Y115.748 E210.98495
G1 X106.426 Y116.041 E210.99442
G1 X106.698 Y116.334 E211.0039
G1 X106.767 Y116.603 E211.01048
G1 X106.764 Y116.993 E211.01972
G1 X106.694 Y117.247 E211.02596
G1 X106.424 Y117.539 E211.03539
G1 X106.696 Y117.831 E211.04485
G1 X106.769 Y118.072 E211.05081
G1 X106.764 Y118.569 E211.06259
G1 X106.637 Y118.846 E211.06981
G1 X106.426 Y119.039 E211.07659
G1 X106.637 Y119.232 E211.08337
G1 X106.769 Y119.516 E211.09079
G1 X106.765 Y119.946 E211.10098
G1 X106.599 Y120.394 E211.1123
G1 X106.426 Y120.539 E211.11765
G1 X106.6 Y120.685 E211.12303
G1 X106.629 Y120.765 E211.12505
G1 X113.23 Y120.764 E211.28148
G1 X113.235 Y120.499 E211.28776
G1 X113.288 Y120.24 E211.29402
G1 X113.354 Y120.117 E211.29733
G1 X113.572 Y119.912 E211.30442
G1 X113.351 Y119.707 E211.31157
G1 X113.284 Y119.585 E211.31487
G1 X113.227 Y119.288 E211.32203
G1 X113.236 Y118.911 E211.33097
G1 X113.333 Y118.649 E211.33759
G1 X113.575 Y118.408 E211.34568
G1 X113.333 Y118.168 E211.35376
G1 X113.235 Y117.9 E211.36052
G1 X113.235 Y117.464 E211.37085
G1 X113.303 Y117.206 E211.37718
G1 X113.573 Y116.913 E211.38662
G1 X113.298 Y116.622 E211.39611
G1 X113.225 Y116.327 E211.40331
G1 X113.238 Y115.949 E211.41227
G1 X113.304 Y115.706 E211.41824
G1 X113.575 Y115.413 E211.4277
G1 X113.299 Y115.124 E211.43717
G1 X113.227 Y114.872 E211.44338
G1 X113.24 Y114.428 E211.4539
G1 X113.304 Y114.206 E211.45938
G1 X113.575 Y113.913 E211.46884
G1 X113.299 Y113.624 E211.47831
G1 X113.223 Y113.405 E211.4838
G1 X113.239 Y112.878 E211.4963
G1 X113.306 Y112.703 E211.50074
G1 X113.576 Y112.412 E211.51014
G1 X113.303 Y112.121 E211.5196
G1 X113.231 Y111.842 E211.52643
G1 X113.237 Y111.505 E211.53442
G1 X113.304 Y111.255 E211.54055
G1 X113.574 Y110.962 E211.54999
G1 X113.3 Y110.67 E211.55948
G1 X113.227 Y110.382 E211.56652
G1 X113.236 Y109.956 E211.57662
G1 X113.304 Y109.752 E211.58171
G1 X113.576 Y109.458 E211.59121
G1 X113.305 Y109.166 E211.60065
G1 X113.238 Y108.924 E211.6066
G1 X113.235 Y108.516 E211.61627
G1 X113.303 Y108.256 E211.62263
G1 X113.573 Y107.963 E211.63208
G1 X113.298 Y107.672 E211.64157
G1 X113.225 Y107.377 E211.64877
G1 X113.238 Y106.999 E211.65773
G1 X113.304 Y106.756 E211.6637
G1 X113.575 Y106.463 E211.67316
G1 X113.299 Y106.174 E211.68263
G1 X113.227 Y105.922 E211.68884
G1 X113.24 Y105.478 E211.69936
G1 X113.304 Y105.256 E211.70484
G1 X113.575 Y104.963 E211.7143
G1 X113.299 Y104.674 E211.72377
G1 X113.222 Y104.454 E211.72929
G1 X113.24 Y103.978 E211.74058
G1 X113.304 Y103.756 E211.74605
G1 X113.575 Y103.463 E211.75551
G1 X113.299 Y103.173 E211.765
G1 X113.223 Y102.956 E211.77045
G1 X113.237 Y102.432 E211.78287
G1 X113.324 Y102.215 E211.78841
G1 X113.429 Y102.072 E211.79261
G1 X113.681 Y101.892 E211.79995
G1 X113.624 Y101.83 E211.80195
G1 X113.57 Y101.638 E211.80667
G1 X113.586 Y101.362 E211.81323
G1 X113.691 Y101.124 E211.81939
G1 X113.927 Y100.907 E211.82699
G1 F1800 E209.82699
G0 F9000 X113.927 Y100.595
G0 X113.578 Y100.664
G0 X113.094 Y102.057
G0 X113.003 Y110.533
G1 F900 E211.82699
G0 F9000 X113.551 Y110.546
;TYPE:WALL-OUTER
G1 F1077.4 X113.508 Y110.398 E211.83035
G1 X113.518 Y109.997 E211.83909
G1 X113.556 Y109.874 E211.8419
G1 X113.727 Y109.69 E211.84738
G1 X114.133 Y109.454 E211.85762
G1 X113.727 Y109.228 E211.86775
G1 X113.557 Y109.044 E211.87321
G1 X113.516 Y108.898 E211.87651
G1 X113.514 Y108.534 E211.88445
G1 X113.555 Y108.377 E211.88799
G1 X113.726 Y108.191 E211.8935
G1 X114.13 Y107.956 E211.90369
G1 X113.723 Y107.731 E211.91383
G1 X113.549 Y107.547 E211.91935
G1 X113.506 Y107.398 E211.92273
G1 X113.517 Y107.024 E211.93089
G1 X113.557 Y106.876 E211.93423
G1 X113.73 Y106.689 E211.93978
G1 X114.133 Y106.457 E211.94992
G1 X113.725 Y106.233 E211.96007
G1 X113.55 Y106.049 E211.9656
G1 X113.506 Y105.896 E211.96907
G1 X113.518 Y105.511 E211.97747
G1 X113.557 Y105.376 E211.98054
G1 X113.73 Y105.189 E211.98609
G1 X114.132 Y104.956 E211.99622
G1 X113.725 Y104.733 E212.00634
G1 X113.55 Y104.549 E212.01187
G1 X113.507 Y104.405 E212.01515
G1 X113.518 Y104.011 E212.02374
G1 X113.557 Y103.876 E212.02681
G1 X113.73 Y103.689 E212.03236
G1 X114.132 Y103.456 E212.04249
G1 X113.725 Y103.232 E212.05262
G1 X113.55 Y103.048 E212.05816
G1 X113.505 Y102.873 E212.0621
G1 X113.516 Y102.484 E212.07058
G1 X113.658 Y102.231 E212.07691
G1 X114.11 Y101.968 E212.08831
G1 X113.88 Y101.717 E212.09573
G1 X113.859 Y101.426 E212.10209
G1 X113.922 Y101.282 E212.10552
G1 X114.065 Y101.15 E212.10976
G1 X114.22 Y101.095 E212.11335
G1 X121.146 Y101.095 E212.26435
G1 X121.135 Y98.955 E212.311
G1 X98.861 Y98.955 E212.79662
G1 X98.854 Y100.01 E212.81962
G1 X98.858 Y101.095 E212.84328
G1 X105.749 Y101.095 E212.99352
G1 X105.955 Y101.147 E212.99815
G1 X106.367 Y101.371 E213.00837
G1 X106.483 Y101.591 E213.0138
G1 X106.499 Y102.035 E213.02348
G1 X106.454 Y102.178 E213.02675
G1 X106.282 Y102.362 E213.03224
G1 X105.873 Y102.597 E213.04253
G1 X106.281 Y102.823 E213.05269
G1 X106.451 Y103.007 E213.05816
G1 X106.493 Y103.175 E213.06193
G1 X106.481 Y103.55 E213.07011
G1 X106.443 Y103.673 E213.07292
G1 X106.267 Y103.863 E213.07856
G1 X105.87 Y104.095 E213.08859
G1 X106.275 Y104.32 E213.09869
G1 X106.449 Y104.504 E213.10421
G1 X106.493 Y104.674 E213.10804
G1 X106.481 Y105.051 E213.11626
G1 X106.443 Y105.174 E213.11907
G1 X106.273 Y105.359 E213.12455
G1 X105.869 Y105.595 E213.13475
G1 X106.275 Y105.82 E213.14487
G1 X106.447 Y106.004 E213.15036
G1 X106.491 Y106.197 E213.15468
G1 X106.488 Y106.513 E213.16157
G1 X106.446 Y106.676 E213.16524
G1 X106.275 Y106.86 E213.17071
G1 X105.871 Y107.095 E213.1809
G1 X106.275 Y107.322 E213.191
G1 X106.446 Y107.506 E213.19648
G1 X106.488 Y107.669 E213.20015
G1 X106.486 Y107.993 E213.20722
G1 X106.443 Y108.175 E213.21129
G1 X106.273 Y108.36 E213.21677
G1 X105.87 Y108.594 E213.22693
G1 X106.274 Y108.821 E213.23703
G1 X106.445 Y109.005 E213.24251
G1 X106.487 Y109.158 E213.24597
G1 X106.485 Y109.517 E213.2538
G1 X106.443 Y109.675 E213.25736
G1 X106.273 Y109.86 E213.26284
G1 X105.87 Y110.094 E213.273
G1 X106.274 Y110.321 E213.2831
G1 X106.445 Y110.505 E213.28858
G1 X106.486 Y110.646 E213.29178
G1 X106.481 Y111.011 E213.29974
G1 X106.441 Y111.136 E213.3026
G1 X106.27 Y111.317 E213.30803
G1 X105.828 Y111.573 E213.31916
G1 X106.272 Y111.82 E213.33024
G1 X106.443 Y112 E213.33565
G1 X106.488 Y112.172 E213.33953
G1 X106.481 Y112.5 E213.34668
G1 X106.443 Y112.623 E213.34949
G1 X106.267 Y112.813 E213.35514
G1 X105.87 Y113.045 E213.36516
G1 X106.275 Y113.27 E213.37526
G1 X106.449 Y113.454 E213.38078
G1 X106.493 Y113.624 E213.38461
G1 X106.481 Y114.001 E213.39283
G1 X106.443 Y114.124 E213.39564
G1 X106.273 Y114.309 E213.40112
G1 X105.869 Y114.545 E213.41132
G1 X106.275 Y114.77 E213.42144
G1 X106.447 Y114.954 E213.42693
G1 X106.491 Y115.147 E213.43125
G1 X106.488 Y115.463 E213.43814
G1 X106.446 Y115.626 E213.44181
G1 X106.275 Y115.81 E213.44728
G1 X105.871 Y116.045 E213.45747
G1 X106.275 Y116.272 E213.46758
G1 X106.446 Y116.456 E213.47305
G1 X106.488 Y116.619 E213.47672
G1 X106.486 Y116.943 E213.48379
G1 X106.442 Y117.126 E213.48789
G1 X106.273 Y117.31 E213.49334
G1 X105.87 Y117.544 E213.5035
G1 X106.274 Y117.771 E213.5136
G1 X106.444 Y117.954 E213.51905
G1 X106.488 Y118.149 E213.5234
G1 X106.484 Y118.517 E213.53143
G1 X106.407 Y118.685 E213.53546
G1 X106.273 Y118.81 E213.53945
G1 X105.87 Y119.044 E213.54961
G1 X106.274 Y119.271 E213.55971
G1 X106.409 Y119.394 E213.5637
G1 X106.489 Y119.566 E213.56783
G1 X106.485 Y119.943 E213.57605
G1 X106.372 Y120.251 E213.5832
G1 X105.869 Y120.545 E213.59591
G1 X106.373 Y120.826 E213.60849
G1 X106.452 Y121.045 E213.61356
G1 X113.593 Y121.044 E213.76925
G1 X113.51 Y120.798 E213.77491
G1 X113.515 Y120.504 E213.78132
G1 X113.587 Y120.273 E213.7866
G1 X113.727 Y120.14 E213.79081
G1 X114.129 Y119.906 E213.80095
G1 X113.724 Y119.68 E213.81106
G1 X113.582 Y119.549 E213.81527
G1 X113.507 Y119.294 E213.82107
G1 X113.522 Y118.928 E213.82905
G1 X113.574 Y118.792 E213.83223
G1 X113.727 Y118.64 E213.83693
G1 X114.133 Y118.404 E213.84717
G1 X113.727 Y118.178 E213.8573
G1 X113.574 Y118.026 E213.862
G1 X113.515 Y117.87 E213.86564
G1 X113.514 Y117.483 E213.87408
G1 X113.555 Y117.327 E213.87759
G1 X113.726 Y117.141 E213.8831
G1 X114.13 Y116.906 E213.89329
G1 X113.723 Y116.681 E213.90343
G1 X113.549 Y116.497 E213.90895
G1 X113.506 Y116.348 E213.91233
G1 X113.517 Y115.974 E213.92049
G1 X113.557 Y115.826 E213.92383
G1 X113.73 Y115.639 E213.92939
G1 X114.133 Y115.407 E213.93952
G1 X113.725 Y115.183 E213.94967
G1 X113.55 Y114.999 E213.95521
G1 X113.506 Y114.846 E213.95868
G1 X113.518 Y114.461 E213.96708
G1 X113.557 Y114.326 E213.97014
G1 X113.73 Y114.139 E213.97569
G1 X114.132 Y113.906 E213.98582
G1 X113.725 Y113.683 E213.99594
G1 X113.55 Y113.499 E214.00148
G1 X113.507 Y113.355 E214.00475
G1 X113.516 Y112.995 E214.01261
G1 X113.558 Y112.825 E214.01642
G1 X113.729 Y112.639 E214.02193
G1 X114.133 Y112.406 E214.0321
G1 X113.727 Y112.182 E214.04221
G1 X113.554 Y111.998 E214.04772
G1 X113.511 Y111.829 E214.05152
G1 X113.516 Y111.527 E214.0581
G1 X113.557 Y111.376 E214.06151
G1 X113.728 Y111.189 E214.06704
G1 X114.174 Y110.929 E214.07829
G1 X113.947 Y110.854 E214.08351
G1 X113.724 Y110.73 E214.08907
G1 X113.551 Y110.546 E214.09458
G0 F9000 X113.508 Y110.398
G0 X113.509 Y110.352
G0 X112.607 Y110.331
;MESH:NONMESH
G0 F600 X112.607 Y110.331 Z2.68
G0 F9000 X113.094 Y102.057
G0 X113.578 Y100.664
G0 X113.99 Y100.595
G0 X113.99 Y100.895
;TIME_ELAPSED:316.487228
;LAYER:20
;TYPE:WALL-INNER
;MESH:belt_holder_screw.stl
G1 F1392.2 X114.225 Y100.815 E214.10046
G1 X120.904 Y100.815 E214.25874
G1 X120.893 Y99.235 E214.29618
G1 X99.1 Y99.235 E214.81263
G1 X99.091 Y100.815 E214.85007
G1 X105.721 Y100.815 E215.00719
G1 X106.07 Y100.906 E215.01573
G1 X106.379 Y101.08 E215.02414
G1 X106.598 Y101.272 E215.03104
G1 X106.736 Y101.541 E215.0382
G1 X106.75 Y102.053 E215.05034
G1 X106.677 Y102.306 E215.05658
G1 X106.404 Y102.6 E215.06609
G1 X106.676 Y102.893 E215.07556
G1 X106.745 Y103.173 E215.0824
G1 X106.729 Y103.598 E215.09248
G1 X106.628 Y103.873 E215.09942
G1 X106.398 Y104.095 E215.10699
G1 X106.632 Y104.315 E215.11461
G1 X106.747 Y104.625 E215.12244
G1 X106.729 Y105.102 E215.13375
G1 X106.627 Y105.375 E215.14066
G1 X106.396 Y105.597 E215.14825
G1 X106.627 Y105.82 E215.15586
G1 X106.735 Y106.126 E215.16355
G1 X106.739 Y106.538 E215.17331
G1 X106.669 Y106.804 E215.17983
G1 X106.398 Y107.098 E215.18931
G1 X106.669 Y107.392 E215.19878
G1 X106.739 Y107.624 E215.20453
G1 X106.739 Y108.045 E215.2145
G1 X106.67 Y108.304 E215.22086
G1 X106.398 Y108.598 E215.23035
G1 X106.67 Y108.892 E215.23984
G1 X106.737 Y109.14 E215.24593
G1 X106.739 Y109.542 E215.25545
G1 X106.67 Y109.804 E215.26187
G1 X106.398 Y110.098 E215.27137
G1 X106.67 Y110.392 E215.28086
G1 X106.736 Y110.633 E215.28678
G1 X106.742 Y111.045 E215.29654
G1 X106.666 Y111.267 E215.3021
G1 X106.373 Y111.579 E215.31225
G1 X106.666 Y111.885 E215.32229
G1 X106.737 Y112.134 E215.32842
G1 X106.735 Y112.581 E215.33901
G1 X106.628 Y112.823 E215.34529
G1 X106.398 Y113.045 E215.35286
G1 X106.632 Y113.265 E215.36047
G1 X106.747 Y113.575 E215.36831
G1 X106.729 Y114.052 E215.37962
G1 X106.627 Y114.325 E215.38653
G1 X106.396 Y114.547 E215.39412
G1 X106.627 Y114.77 E215.40173
G1 X106.735 Y115.076 E215.40942
G1 X106.739 Y115.488 E215.41918
G1 X106.669 Y115.754 E215.4257
G1 X106.398 Y116.048 E215.43517
G1 X106.669 Y116.342 E215.44465
G1 X106.739 Y116.574 E215.45039
G1 X106.739 Y116.993 E215.46032
G1 X106.669 Y117.258 E215.46682
G1 X106.398 Y117.548 E215.47622
G1 X106.668 Y117.838 E215.48561
G1 X106.739 Y118.079 E215.49157
G1 X106.74 Y118.558 E215.50292
G1 X106.679 Y118.736 E215.50738
G1 X106.398 Y119.049 E215.51735
G1 X106.678 Y119.361 E215.52728
G1 X106.739 Y119.538 E215.53172
G1 X106.74 Y119.942 E215.54129
G1 X106.57 Y120.409 E215.55307
G1 X106.399 Y120.549 E215.55831
G1 X106.57 Y120.689 E215.56354
G1 X106.597 Y120.765 E215.56545
G1 X113.26 Y120.765 E215.72335
G1 X113.26 Y120.508 E215.72944
G1 X113.313 Y120.234 E215.73606
G1 X113.378 Y120.11 E215.73937
G1 X113.599 Y119.904 E215.74653
G1 X113.377 Y119.697 E215.75373
G1 X113.31 Y119.574 E215.75705
G1 X113.255 Y119.293 E215.76383
G1 X113.258 Y118.912 E215.77286
G1 X113.356 Y118.642 E215.77967
G1 X113.6 Y118.4 E215.78781
G1 X113.357 Y118.159 E215.79592
G1 X113.26 Y117.888 E215.80274
G1 X113.26 Y117.453 E215.81305
G1 X113.329 Y117.197 E215.81933
G1 X113.601 Y116.902 E215.82884
G1 X113.329 Y116.607 E215.83835
G1 X113.259 Y116.323 E215.84528
G1 X113.266 Y115.947 E215.8542
G1 X113.333 Y115.698 E215.86031
G1 X113.605 Y115.404 E215.8698
G1 X113.331 Y115.11 E215.87932
G1 X113.257 Y114.895 E215.88471
G1 X113.271 Y114.4 E215.89645
G1 X113.333 Y114.198 E215.90145
G1 X113.605 Y113.904 E215.91094
G1 X113.331 Y113.61 E215.92047
G1 X113.258 Y113.398 E215.92578
G1 X113.266 Y112.867 E215.93837
G1 X113.372 Y112.626 E215.94461
G1 X113.6 Y112.407 E215.9521
G1 X113.371 Y112.186 E215.95964
G1 X113.265 Y111.888 E215.96714
G1 X113.261 Y111.503 E215.97626
G1 X113.329 Y111.248 E215.98251
G1 X113.601 Y110.954 E215.99201
G1 X113.327 Y110.66 E216.00153
G1 X113.257 Y110.409 E216.0077
G1 X113.258 Y110.002 E216.01735
G1 X113.328 Y109.745 E216.02366
G1 X113.601 Y109.45 E216.03319
G1 X113.329 Y109.155 E216.0427
G1 X113.262 Y108.909 E216.04874
G1 X113.26 Y108.505 E216.05831
G1 X113.329 Y108.247 E216.06464
G1 X113.601 Y107.952 E216.07415
G1 X113.329 Y107.657 E216.08366
G1 X113.259 Y107.373 E216.09059
G1 X113.266 Y106.997 E216.0995
G1 X113.333 Y106.748 E216.10561
G1 X113.605 Y106.454 E216.1151
G1 X113.331 Y106.16 E216.12463
G1 X113.257 Y105.945 E216.13002
G1 X113.271 Y105.45 E216.14175
G1 X113.333 Y105.248 E216.14676
G1 X113.605 Y104.954 E216.15625
G1 X113.331 Y104.66 E216.16577
G1 X113.257 Y104.447 E216.17112
G1 X113.27 Y103.955 E216.18278
G1 X113.371 Y103.678 E216.18977
G1 X113.601 Y103.456 E216.19734
G1 X113.366 Y103.237 E216.20496
G1 X113.251 Y102.884 E216.21375
G1 X113.259 Y102.428 E216.22456
G1 X113.354 Y102.196 E216.2305
G1 X113.46 Y102.058 E216.23463
G1 X113.718 Y101.879 E216.24207
G1 X113.656 Y101.809 E216.24428
G1 X113.608 Y101.625 E216.24879
G1 X113.641 Y101.313 E216.25623
G1 X113.757 Y101.089 E216.2622
G1 X113.99 Y100.895 E216.26939
G1 F1800 E214.26939
G0 F9000 X113.99 Y100.595
G0 X113.621 Y100.664
G0 X113.113 Y102.051
G0 X113.034 Y110.534
G1 F900 E216.26939
G0 F9000 X113.578 Y110.537
;TYPE:WALL-OUTER
G1 F1070.9 X113.536 Y110.385 E216.27283
G1 X113.538 Y110.023 E216.28072
G1 X113.58 Y109.867 E216.28424
G1 X113.751 Y109.683 E216.28972
G1 X114.158 Y109.448 E216.29996
G1 X113.752 Y109.219 E216.31013
G1 X113.582 Y109.034 E216.3156
G1 X113.541 Y108.885 E216.31897
G1 X113.539 Y108.525 E216.32682
G1 X113.581 Y108.369 E216.33034
G1 X113.751 Y108.184 E216.33582
G1 X114.157 Y107.947 E216.34607
G1 X113.751 Y107.72 E216.35621
G1 X113.581 Y107.535 E216.36169
G1 X113.539 Y107.363 E216.36555
G1 X113.545 Y107.02 E216.37303
G1 X113.586 Y106.869 E216.37644
G1 X113.756 Y106.683 E216.38193
G1 X114.159 Y106.448 E216.39211
G1 X113.754 Y106.222 E216.40222
G1 X113.582 Y106.037 E216.40772
G1 X113.54 Y105.885 E216.41116
G1 X113.548 Y105.491 E216.41975
G1 X113.586 Y105.369 E216.42254
G1 X113.756 Y105.183 E216.42803
G1 X114.16 Y104.948 E216.43822
G1 X113.754 Y104.722 E216.44835
G1 X113.582 Y104.537 E216.45386
G1 X113.539 Y104.371 E216.4576
G1 X113.546 Y104.007 E216.46554
G1 X113.609 Y103.827 E216.4697
G1 X113.757 Y103.683 E216.4742
G1 X114.159 Y103.448 E216.48435
G1 X113.751 Y103.224 E216.4945
G1 X113.601 Y103.084 E216.49897
G1 X113.531 Y102.87 E216.50388
G1 X113.538 Y102.477 E216.51245
G1 X113.684 Y102.222 E216.51886
G1 X114.139 Y101.959 E216.53031
G1 X113.915 Y101.703 E216.53773
G1 X113.886 Y101.592 E216.54023
G1 X113.908 Y101.396 E216.54453
G1 X113.979 Y101.261 E216.54786
G1 X114.12 Y101.143 E216.55186
G1 X114.262 Y101.095 E216.55513
G1 X121.186 Y101.095 E216.70609
G1 X121.171 Y98.955 E216.75275
G1 X98.822 Y98.955 E217.24
G1 X98.81 Y100.822 E217.28071
G1 X98.812 Y101.095 E217.28666
G1 X105.721 Y101.095 E217.43729
G1 X105.933 Y101.15 E217.44206
G1 X106.345 Y101.383 E217.45238
G1 X106.459 Y101.606 E217.45784
G1 X106.464 Y102.062 E217.46779
G1 X106.425 Y102.184 E217.47058
G1 X106.253 Y102.369 E217.47609
G1 X105.843 Y102.603 E217.48638
G1 X106.252 Y102.829 E217.49657
G1 X106.423 Y103.015 E217.50207
G1 X106.465 Y103.184 E217.50587
G1 X106.45 Y103.569 E217.51427
G1 X106.391 Y103.724 E217.51789
G1 X106.239 Y103.87 E217.52248
G1 X105.84 Y104.101 E217.53253
G1 X106.246 Y104.327 E217.54266
G1 X106.397 Y104.467 E217.54715
G1 X106.465 Y104.685 E217.55213
G1 X106.45 Y105.071 E217.56055
G1 X106.39 Y105.226 E217.56418
G1 X106.243 Y105.368 E217.56863
G1 X105.838 Y105.602 E217.57883
G1 X106.244 Y105.829 E217.58897
G1 X106.391 Y105.97 E217.59341
G1 X106.454 Y106.136 E217.59728
G1 X106.459 Y106.521 E217.60568
G1 X106.417 Y106.682 E217.60931
G1 X106.247 Y106.867 E217.61478
G1 X105.843 Y107.102 E217.62497
G1 X106.247 Y107.329 E217.63508
G1 X106.417 Y107.514 E217.64055
G1 X106.459 Y107.677 E217.64422
G1 X106.46 Y108.026 E217.65183
G1 X106.418 Y108.182 E217.65536
G1 X106.247 Y108.367 E217.66085
G1 X105.843 Y108.602 E217.67104
G1 X106.247 Y108.829 E217.68114
G1 X106.417 Y109.014 E217.68662
G1 X106.458 Y109.164 E217.69001
G1 X106.46 Y109.524 E217.69786
G1 X106.418 Y109.682 E217.70142
G1 X106.247 Y109.867 E217.70691
G1 X105.843 Y110.102 E217.7171
G1 X106.247 Y110.329 E217.72721
G1 X106.417 Y110.514 E217.73268
G1 X106.458 Y110.659 E217.73597
G1 X106.462 Y111.01 E217.74362
G1 X106.415 Y111.142 E217.74668
G1 X106.244 Y111.324 E217.75212
G1 X105.805 Y111.577 E217.76317
G1 X106.244 Y111.828 E217.77419
G1 X106.415 Y112.01 E217.77964
G1 X106.461 Y112.139 E217.78262
G1 X106.456 Y112.476 E217.78997
G1 X106.391 Y112.674 E217.79452
G1 X106.239 Y112.82 E217.79911
G1 X105.84 Y113.051 E217.80916
G1 X106.246 Y113.277 E217.81929
G1 X106.397 Y113.417 E217.82378
G1 X106.465 Y113.635 E217.82876
G1 X106.45 Y114.021 E217.83718
G1 X106.39 Y114.176 E217.84081
G1 X106.243 Y114.318 E217.84526
G1 X105.838 Y114.552 E217.85546
G1 X106.244 Y114.779 E217.8656
G1 X106.391 Y114.92 E217.87004
G1 X106.454 Y115.086 E217.87391
G1 X106.459 Y115.471 E217.88231
G1 X106.417 Y115.632 E217.88594
G1 X106.247 Y115.817 E217.89141
G1 X105.843 Y116.052 E217.9016
G1 X106.247 Y116.279 E217.91171
G1 X106.417 Y116.464 E217.91718
G1 X106.459 Y116.627 E217.92085
G1 X106.46 Y116.974 E217.92842
G1 X106.417 Y117.134 E217.93203
G1 X106.247 Y117.317 E217.93748
G1 X105.843 Y117.552 E217.94767
G1 X106.247 Y117.779 E217.95777
G1 X106.416 Y117.962 E217.9632
G1 X106.459 Y118.149 E217.96738
G1 X106.46 Y118.443 E217.97379
G1 X106.423 Y118.621 E217.97776
G1 X106.247 Y118.817 E217.9835
G1 X105.843 Y119.052 E217.99369
G1 X106.247 Y119.279 E218.00379
G1 X106.423 Y119.475 E218.00954
G1 X106.459 Y119.649 E218.01341
G1 X106.46 Y119.943 E218.01982
G1 X106.344 Y120.26 E218.02718
G1 X105.845 Y120.551 E218.03977
G1 X106.344 Y120.835 E218.05229
G1 X106.421 Y121.045 E218.05717
G1 X113.624 Y121.045 E218.21421
G1 X113.541 Y120.801 E218.21983
G1 X113.54 Y120.507 E218.22624
G1 X113.611 Y120.266 E218.23172
G1 X113.752 Y120.133 E218.23594
G1 X114.154 Y119.899 E218.24608
G1 X113.75 Y119.672 E218.25619
G1 X113.608 Y119.54 E218.26041
G1 X113.535 Y119.295 E218.26599
G1 X113.537 Y118.947 E218.27357
G1 X113.597 Y118.785 E218.27734
G1 X113.751 Y118.633 E218.28206
G1 X114.158 Y118.398 E218.2923
G1 X113.752 Y118.169 E218.30247
G1 X113.599 Y118.017 E218.30717
G1 X113.54 Y117.8 E218.31207
G1 X113.54 Y117.473 E218.3192
G1 X113.581 Y117.319 E218.32267
G1 X113.751 Y117.134 E218.32815
G1 X114.157 Y116.897 E218.3384
G1 X113.751 Y116.67 E218.34854
G1 X113.581 Y116.485 E218.35402
G1 X113.539 Y116.313 E218.35788
G1 X113.545 Y115.97 E218.36536
G1 X113.586 Y115.819 E218.36877
G1 X113.756 Y115.633 E218.37426
G1 X114.159 Y115.398 E218.38444
G1 X113.754 Y115.172 E218.39455
G1 X113.582 Y114.987 E218.40005
G1 X113.54 Y114.835 E218.40349
G1 X113.548 Y114.441 E218.41208
G1 X113.586 Y114.319 E218.41487
G1 X113.756 Y114.133 E218.42036
G1 X114.16 Y113.898 E218.43055
G1 X113.754 Y113.672 E218.44068
G1 X113.582 Y113.487 E218.44619
G1 X113.539 Y113.321 E218.44993
G1 X113.544 Y112.974 E218.4575
G1 X113.609 Y112.775 E218.46206
G1 X113.756 Y112.633 E218.46652
G1 X114.157 Y112.399 E218.47664
G1 X113.755 Y112.178 E218.48664
G1 X113.608 Y112.036 E218.4911
G1 X113.541 Y111.889 E218.49462
G1 X113.541 Y111.524 E218.50258
G1 X113.582 Y111.369 E218.50607
G1 X113.752 Y111.183 E218.51157
G1 X114.2 Y110.922 E218.52287
G1 X113.984 Y110.854 E218.52781
G1 X113.75 Y110.722 E218.53366
G1 X113.578 Y110.537 E218.53917
G0 F9000 X113.536 Y110.385
G0 X113.536 Y110.342
G0 X112.636 Y110.336
;MESH:NONMESH
G0 F600 X112.636 Y110.336 Z2.8
G0 F9000 X113.113 Y102.051
G0 X113.621 Y100.664
G0 X114.028 Y100.595
G0 X114.028 Y100.895
;TIME_ELAPSED:327.627396
;LAYER:21
;TYPE:WALL-INNER
;MESH:belt_holder_screw.stl
G1 F3063.3 X114.263 Y100.815 E218.54505
G1 X120.939 Y100.814 E218.70326
G1 X120.93 Y99.235 E218.74068
G1 X99.062 Y99.235 E219.25891
G1 X99.055 Y100.815 E219.29635
G1 X105.696 Y100.815 E219.45373
G1 X106.057 Y100.913 E219.46259
G1 X106.367 Y101.096 E219.47112
G1 X106.583 Y101.292 E219.47803
G1 X106.715 Y101.562 E219.48515
G1 X106.72 Y102.072 E219.49724
G1 X106.609 Y102.385 E219.50511
G1 X106.376 Y102.608 E219.51275
G1 X106.609 Y102.83 E219.52038
G1 X106.717 Y103.177 E219.52899
G1 X106.707 Y103.644 E219.54006
G1 X106.604 Y103.88 E219.54616
G1 X106.373 Y104.103 E219.55377
G1 X106.606 Y104.326 E219.56142
G1 X106.718 Y104.632 E219.56914
G1 X106.708 Y105.103 E219.5803
G1 X106.602 Y105.382 E219.58738
G1 X106.371 Y105.606 E219.595
G1 X106.602 Y105.83 E219.60263
G1 X106.708 Y106.109 E219.6097
G1 X106.716 Y106.548 E219.6201
G1 X106.609 Y106.883 E219.62844
G1 X106.378 Y107.106 E219.63605
G1 X106.609 Y107.329 E219.64366
G1 X106.719 Y107.626 E219.65116
G1 X106.713 Y108.14 E219.66334
G1 X106.607 Y108.38 E219.66956
G1 X106.374 Y108.603 E219.6772
G1 X106.607 Y108.827 E219.68486
G1 X106.715 Y109.069 E219.69114
G1 X106.714 Y109.554 E219.70264
G1 X106.607 Y109.88 E219.71077
G1 X106.374 Y110.103 E219.71841
G1 X106.607 Y110.327 E219.72607
G1 X106.715 Y110.569 E219.73235
G1 X106.714 Y111.008 E219.74275
G1 X106.601 Y111.343 E219.75113
G1 X106.34 Y111.583 E219.75953
G1 X106.6 Y111.822 E219.7679
G1 X106.713 Y112.172 E219.77662
G1 X106.709 Y112.589 E219.7865
G1 X106.604 Y112.83 E219.79273
G1 X106.373 Y113.053 E219.80034
G1 X106.606 Y113.276 E219.80798
G1 X106.718 Y113.582 E219.8157
G1 X106.708 Y114.053 E219.82687
G1 X106.602 Y114.332 E219.83394
G1 X106.371 Y114.556 E219.84157
G1 X106.602 Y114.78 E219.84919
G1 X106.708 Y115.059 E219.85627
G1 X106.716 Y115.498 E219.86667
G1 X106.609 Y115.833 E219.875
G1 X106.378 Y116.056 E219.88261
G1 X106.609 Y116.279 E219.89022
G1 X106.719 Y116.576 E219.89773
G1 X106.714 Y117 E219.90778
G1 X106.644 Y117.263 E219.91423
G1 X106.373 Y117.553 E219.92363
G1 X106.645 Y117.844 E219.93307
G1 X106.718 Y118.085 E219.93904
G1 X106.714 Y118.571 E219.95056
G1 X106.654 Y118.741 E219.95483
G1 X106.373 Y119.053 E219.96478
G1 X106.656 Y119.366 E219.97478
G1 X106.718 Y119.547 E219.97931
G1 X106.715 Y119.957 E219.98903
G1 X106.54 Y120.42 E220.00076
G1 X106.374 Y120.557 E220.00586
G1 X106.539 Y120.693 E220.01093
G1 X106.566 Y120.765 E220.01275
G1 X113.283 Y120.765 E220.17193
G1 X113.285 Y120.492 E220.1784
G1 X113.338 Y120.227 E220.1848
G1 X113.403 Y120.104 E220.1881
G1 X113.624 Y119.896 E220.19529
G1 X113.402 Y119.687 E220.20251
G1 X113.337 Y119.564 E220.20581
G1 X113.283 Y119.294 E220.21234
G1 X113.282 Y118.904 E220.22158
G1 X113.381 Y118.633 E220.22842
G1 X113.624 Y118.392 E220.23653
G1 X113.382 Y118.151 E220.24462
G1 X113.285 Y117.88 E220.25144
G1 X113.285 Y117.361 E220.26374
G1 X113.394 Y117.117 E220.27007
G1 X113.627 Y116.893 E220.27773
G1 X113.396 Y116.667 E220.28539
G1 X113.289 Y116.378 E220.29269
G1 X113.289 Y115.946 E220.30293
G1 X113.397 Y115.619 E220.31109
G1 X113.63 Y115.394 E220.31877
G1 X113.397 Y115.17 E220.32643
G1 X113.291 Y114.929 E220.33267
G1 X113.287 Y114.459 E220.34381
G1 X113.396 Y114.118 E220.35229
G1 X113.629 Y113.893 E220.35997
G1 X113.397 Y113.669 E220.36761
G1 X113.29 Y113.428 E220.37386
G1 X113.288 Y112.909 E220.38616
G1 X113.394 Y112.621 E220.39343
G1 X113.624 Y112.399 E220.401
G1 X113.393 Y112.177 E220.4086
G1 X113.283 Y111.832 E220.41718
G1 X113.286 Y111.454 E220.42614
G1 X113.393 Y111.169 E220.43335
G1 X113.625 Y110.946 E220.44098
G1 X113.393 Y110.722 E220.44862
G1 X113.286 Y110.412 E220.45639
G1 X113.287 Y109.955 E220.46722
G1 X113.392 Y109.665 E220.47453
G1 X113.624 Y109.442 E220.48215
G1 X113.393 Y109.219 E220.48976
G1 X113.284 Y108.927 E220.49715
G1 X113.289 Y108.456 E220.50831
G1 X113.394 Y108.167 E220.5156
G1 X113.627 Y107.943 E220.52326
G1 X113.396 Y107.717 E220.53092
G1 X113.289 Y107.428 E220.53822
G1 X113.289 Y106.996 E220.54846
G1 X113.397 Y106.669 E220.55662
G1 X113.63 Y106.444 E220.56429
G1 X113.397 Y106.22 E220.57195
G1 X113.291 Y105.979 E220.57819
G1 X113.287 Y105.509 E220.58933
G1 X113.396 Y105.168 E220.59781
G1 X113.629 Y104.943 E220.60549
G1 X113.397 Y104.719 E220.61313
G1 X113.291 Y104.478 E220.61937
G1 X113.287 Y103.962 E220.6316
G1 X113.394 Y103.672 E220.63892
G1 X113.625 Y103.448 E220.64655
G1 X113.39 Y103.227 E220.65419
G1 X113.277 Y102.875 E220.66296
G1 X113.284 Y102.41 E220.67398
G1 X113.432 Y102.109 E220.68193
G1 X113.734 Y101.847 E220.6914
G1 X113.687 Y101.792 E220.69311
G1 X113.642 Y101.524 E220.69955
G1 X113.679 Y101.313 E220.70463
G1 X113.795 Y101.089 E220.71061
G1 X114.028 Y100.895 E220.71779
G0 F9000 X114.017 Y101.261
;TYPE:WALL-OUTER
G1 F2356.4 X114.158 Y101.143 E220.7218
G1 X114.3 Y101.095 E220.72507
G1 X121.219 Y101.094 E220.87592
G1 X121.208 Y98.955 E220.92255
G1 X98.783 Y98.955 E221.41146
G1 X98.774 Y101.095 E221.45812
G1 X105.696 Y101.095 E221.60903
G1 X105.915 Y101.154 E221.61398
G1 X106.326 Y101.396 E221.62438
G1 X106.436 Y101.621 E221.62984
G1 X106.435 Y102.069 E221.6396
G1 X106.373 Y102.234 E221.64345
G1 X106.225 Y102.376 E221.64792
G1 X105.821 Y102.61 E221.6581
G1 X106.219 Y102.833 E221.66804
G1 X106.371 Y102.979 E221.67264
G1 X106.433 Y103.145 E221.6765
G1 X106.43 Y103.538 E221.68507
G1 X106.366 Y103.731 E221.6895
G1 X106.215 Y103.877 E221.69408
G1 X105.818 Y104.108 E221.7041
G1 X106.221 Y104.335 E221.71418
G1 X106.37 Y104.477 E221.71867
G1 X106.436 Y104.672 E221.72316
G1 X106.43 Y105.038 E221.73114
G1 X106.365 Y105.232 E221.7356
G1 X106.219 Y105.375 E221.74005
G1 X105.815 Y105.609 E221.75023
G1 X106.219 Y105.837 E221.76035
G1 X106.365 Y105.979 E221.76479
G1 X106.43 Y106.172 E221.76923
G1 X106.437 Y106.53 E221.77703
G1 X106.372 Y106.733 E221.78168
G1 X106.224 Y106.876 E221.78617
G1 X105.823 Y107.109 E221.79628
G1 X106.224 Y107.336 E221.80633
G1 X106.372 Y107.478 E221.8108
G1 X106.433 Y107.643 E221.81463
G1 X106.434 Y108.034 E221.82316
G1 X106.37 Y108.231 E221.82767
G1 X106.222 Y108.373 E221.83215
G1 X105.821 Y108.608 E221.84228
G1 X106.223 Y108.835 E221.85234
G1 X106.371 Y108.977 E221.85682
G1 X106.439 Y109.158 E221.86103
G1 X106.434 Y109.534 E221.86923
G1 X106.37 Y109.731 E221.87375
G1 X106.222 Y109.873 E221.87822
G1 X105.821 Y110.108 E221.88835
G1 X106.223 Y110.335 E221.89842
G1 X106.371 Y110.477 E221.90289
G1 X106.44 Y110.654 E221.90703
G1 X106.428 Y111.035 E221.91534
G1 X106.366 Y111.19 E221.91898
G1 X106.219 Y111.329 E221.92339
G1 X105.806 Y111.57 E221.93382
G1 X105.875 Y111.637 E221.93591
G1 X106.219 Y111.836 E221.94458
G1 X106.365 Y111.975 E221.94897
G1 X106.434 Y112.127 E221.95261
G1 X106.43 Y112.485 E221.96042
G1 X106.366 Y112.681 E221.96491
G1 X106.215 Y112.827 E221.96949
G1 X105.818 Y113.058 E221.9795
G1 X106.221 Y113.285 E221.98959
G1 X106.37 Y113.427 E221.99408
G1 X106.436 Y113.622 E221.99856
G1 X106.43 Y113.988 E222.00655
G1 X106.365 Y114.182 E222.01101
G1 X106.219 Y114.325 E222.01546
G1 X105.815 Y114.559 E222.02564
G1 X106.219 Y114.787 E222.03575
G1 X106.365 Y114.929 E222.04019
G1 X106.43 Y115.122 E222.04463
G1 X106.437 Y115.48 E222.05244
G1 X106.372 Y115.683 E222.05709
G1 X106.224 Y115.826 E222.06158
G1 X105.823 Y116.059 E222.07169
G1 X106.224 Y116.286 E222.08173
G1 X106.372 Y116.428 E222.0862
G1 X106.433 Y116.593 E222.09004
G1 X106.435 Y116.981 E222.0985
G1 X106.392 Y117.14 E222.10209
G1 X106.222 Y117.323 E222.10754
G1 X105.821 Y117.558 E222.11767
G1 X106.223 Y117.785 E222.12773
G1 X106.394 Y117.968 E222.13319
G1 X106.437 Y118.161 E222.13751
G1 X106.435 Y118.455 E222.14392
G1 X106.399 Y118.627 E222.14775
G1 X106.222 Y118.823 E222.1535
G1 X105.821 Y119.058 E222.16364
G1 X106.223 Y119.285 E222.1737
G1 X106.4 Y119.481 E222.17946
G1 X106.437 Y119.661 E222.18347
G1 X106.435 Y119.955 E222.18988
G1 X106.316 Y120.271 E222.19724
G1 X105.82 Y120.556 E222.20971
G1 X106.315 Y120.841 E222.22216
G1 X106.391 Y121.045 E222.22691
G1 X113.652 Y121.045 E222.38521
G1 X113.563 Y120.788 E222.39114
G1 X113.565 Y120.494 E222.39755
G1 X113.636 Y120.259 E222.40291
G1 X113.777 Y120.126 E222.40713
G1 X114.18 Y119.891 E222.4173
G1 X113.776 Y119.664 E222.42741
G1 X113.635 Y119.531 E222.43163
G1 X113.563 Y119.293 E222.43705
G1 X113.562 Y118.932 E222.44492
G1 X113.622 Y118.776 E222.44857
G1 X113.777 Y118.623 E222.45332
G1 X114.18 Y118.392 E222.46344
G1 X113.781 Y118.166 E222.47344
G1 X113.624 Y118.009 E222.47828
G1 X113.565 Y117.85 E222.48198
G1 X113.564 Y117.469 E222.49029
G1 X113.63 Y117.268 E222.4949
G1 X113.776 Y117.127 E222.49932
G1 X114.183 Y116.891 E222.50958
G1 X113.778 Y116.661 E222.51973
G1 X113.633 Y116.519 E222.52416
G1 X113.571 Y116.334 E222.52841
G1 X113.569 Y115.967 E222.53641
G1 X113.634 Y115.769 E222.54096
G1 X113.78 Y115.627 E222.5454
G1 X114.184 Y115.392 E222.55559
G1 X113.78 Y115.163 E222.56571
G1 X113.634 Y115.021 E222.57015
G1 X113.573 Y114.854 E222.57403
G1 X113.566 Y114.416 E222.58358
G1 X113.633 Y114.268 E222.58712
G1 X113.779 Y114.126 E222.59156
G1 X114.182 Y113.891 E222.60173
G1 X113.78 Y113.662 E222.61182
G1 X113.634 Y113.52 E222.61626
G1 X113.571 Y113.34 E222.62042
G1 X113.567 Y112.971 E222.62846
G1 X113.632 Y112.769 E222.63309
G1 X113.779 Y112.626 E222.63756
G1 X114.178 Y112.393 E222.64763
G1 X113.777 Y112.169 E222.65765
G1 X113.629 Y112.026 E222.66214
G1 X113.563 Y111.851 E222.66621
G1 X113.566 Y111.516 E222.67352
G1 X113.63 Y111.318 E222.67805
G1 X113.777 Y111.176 E222.68251
G1 X114.224 Y110.915 E222.6938
G1 X114.023 Y110.853 E222.69838
G1 X113.776 Y110.714 E222.70456
G1 X113.629 Y110.572 E222.70902
G1 X113.567 Y110.407 E222.71286
G1 X113.561 Y109.965 E222.7225
G1 X113.628 Y109.815 E222.72608
G1 X113.777 Y109.673 E222.73057
G1 X114.18 Y109.442 E222.74069
G1 X113.781 Y109.216 E222.75069
G1 X113.63 Y109.07 E222.75527
G1 X113.569 Y108.905 E222.75911
G1 X113.564 Y108.521 E222.76748
G1 X113.63 Y108.318 E222.77213
G1 X113.776 Y108.177 E222.77656
G1 X114.183 Y107.941 E222.78681
G1 X113.778 Y107.711 E222.79697
G1 X113.633 Y107.569 E222.80139
G1 X113.571 Y107.384 E222.80565
G1 X113.569 Y107.017 E222.81365
G1 X113.634 Y106.819 E222.81819
G1 X113.78 Y106.677 E222.82263
G1 X114.184 Y106.442 E222.83282
G1 X113.78 Y106.213 E222.84295
G1 X113.634 Y106.071 E222.84739
G1 X113.573 Y105.904 E222.85126
G1 X113.566 Y105.466 E222.86081
G1 X113.633 Y105.318 E222.86436
G1 X113.779 Y105.176 E222.8688
G1 X114.182 Y104.941 E222.87897
G1 X113.78 Y104.712 E222.88905
G1 X113.634 Y104.57 E222.89349
G1 X113.571 Y104.39 E222.89765
G1 X113.566 Y103.969 E222.90683
G1 X113.631 Y103.82 E222.91038
G1 X113.779 Y103.676 E222.91488
G1 X114.179 Y103.442 E222.92498
G1 X113.775 Y103.216 E222.93507
G1 X113.625 Y103.075 E222.93956
G1 X113.561 Y102.907 E222.94348
G1 X113.562 Y102.464 E222.95314
G1 X113.678 Y102.231 E222.95881
G1 X114.167 Y101.949 E222.97112
G1 X113.949 Y101.693 E222.97845
G1 X113.922 Y101.53 E222.98205
G1 X114.017 Y101.261 E222.98827
G0 F9000 X114.158 Y101.143
G0 X114.174 Y101.138
G0 X113.244 Y100.809
;TYPE:FILL
G1 F2827.6 X113.648 Y100.438 E223.03351
G1 X113.917 Y100.339 E223.05715
G1 X114.482 Y99.774 E223.12304
G1 X115.302 Y99.774 E223.19067
G1 X114.803 Y100.274 E223.24892
G1 X115.623 Y100.274 E223.31655
G1 X116.123 Y99.774 E223.37486
G1 X116.943 Y99.774 E223.44248
G1 X116.443 Y100.274 E223.5008
G1 X117.264 Y100.274 E223.5685
G1 X117.763 Y99.774 E223.62676
G1 X118.583 Y99.774 E223.69438
G1 X118.084 Y100.274 E223.75264
G1 X118.904 Y100.274 E223.82026
G1 X119.404 Y99.774 E223.87858
G1 X120.319 Y99.774 E223.95404
G1 X120.321 Y100.273 E223.99519
G1 X120.224 Y99.774 E224.03711
G1 X119.725 Y100.274 E224.09537
G0 F9000 X113.662 Y100.664
G0 X113.136 Y102.041
G0 X112.686 Y114.694
G1 F2827.6 X112.626 Y114.718 E224.1007
G0 F9000 X112.743 Y120.223
G1 F2827.6 X112.849 Y119.913 E224.12771
G1 X112.778 Y119.783 E224.13993
G1 X112.736 Y119.566 E224.15816
G1 X112.079 Y120.223 E224.23478
G1 X111.259 Y120.223 E224.30241
G1 X112.716 Y118.766 E224.47233
G1 X112.849 Y118.407 E224.50391
G1 X112.768 Y118.234 E224.51966
G1 X112.696 Y117.965 E224.54263
G1 X110.438 Y120.223 E224.80597
G1 X109.618 Y120.223 E224.8736
G1 X112.792 Y117.05 E225.24371
G1 X112.84 Y116.937 E225.25384
G1 X112.707 Y116.553 E225.28735
G1 X112.678 Y116.343 E225.30484
G1 X108.798 Y120.223 E225.75735
G1 X107.978 Y120.223 E225.82498
G1 X112.821 Y115.38 E226.38981
G1 X112.734 Y115.161 E226.40924
G1 X112.633 Y114.747 E226.44438
G1 X107.26 Y120.121 E227.07108
G1 X107.304 Y120.003 E227.08147
G1 X107.307 Y119.639 E227.11149
G1 X107.267 Y119.293 E227.14021
G1 X112.784 Y113.776 E227.78365
G1 X112.734 Y113.662 E227.79392
G1 X112.625 Y113.214 E227.83194
G1 X112.686 Y113.214 E227.83697
G1 X112.695 Y113.045 E227.85093
G1 X107.305 Y118.435 E228.47955
G1 X107.309 Y117.906 E228.52318
G1 X107.221 Y117.699 E228.54173
G1 X112.752 Y112.168 E229.1868
G1 X112.688 Y111.983 E229.20294
G1 X112.697 Y111.403 E229.25078
G1 X107.306 Y116.793 E229.87947
G1 X107.306 Y116.568 E229.89802
G1 X107.26 Y116.294 E229.92093
G1 X107.176 Y116.104 E229.93807
G1 X112.713 Y110.566 E230.58389
G1 X112.686 Y110.394 E230.59825
G1 X112.694 Y109.973 E230.63298
G1 X112.738 Y109.721 E230.65407
G1 X107.343 Y115.116 E231.28328
G1 X107.261 Y114.794 E231.31068
G1 X107.145 Y114.535 E231.33409
G1 X107.179 Y114.46 E231.34088
G1 X112.694 Y108.945 E231.98408
G1 X112.694 Y108.33 E232.0348
G1 X112.836 Y107.982 E232.0658
G1 X107.302 Y113.516 E232.71122
G1 X107.263 Y113.289 E232.73021
G1 X107.148 Y113.033 E232.75336
G1 X107.285 Y112.714 E232.78199
G1 X112.669 Y107.329 E233.40997
G1 X112.647 Y107.164 E233.4237
G1 X112.689 Y107.164 E233.42716
G1 X112.71 Y106.807 E233.45665
G1 X112.833 Y106.466 E233.48655
G1 X112.799 Y106.379 E233.49425
G1 X107.275 Y111.903 E234.13851
G1 X107.232 Y111.709 E234.15489
G1 X107.128 Y111.565 E234.16954
G1 X107.254 Y111.299 E234.19382
G1 X107.302 Y111.056 E234.21424
G1 X112.689 Y105.669 E234.84252
G1 X112.72 Y105.161 E234.88449
G1 X112.763 Y105.161 E234.88804
G1 X112.847 Y104.967 E234.90547
G1 X112.762 Y104.776 E234.92271
G1 X107.239 Y110.298 E235.56679
G1 X107.145 Y110.087 E235.58584
G1 X107.257 Y109.831 E235.60888
G1 X107.304 Y109.563 E235.63132
G1 X107.305 Y109.412 E235.64378
G1 X112.694 Y104.023 E236.27228
G1 X112.719 Y103.661 E236.30221
G1 X112.763 Y103.661 E236.30584
G1 X112.847 Y103.469 E236.32312
G1 X112.719 Y103.178 E236.34934
G1 X107.196 Y108.701 E236.99347
G1 X107.145 Y108.586 E237.00385
G1 X107.258 Y108.33 E237.02693
G1 X107.306 Y108.098 E237.04646
G1 X107.306 Y107.77 E237.07351
G1 X112.698 Y102.379 E237.70231
G1 X112.7 Y102.321 E237.7071
G1 X112.844 Y101.964 E237.73885
G1 X113.033 Y101.702 E237.76549
G1 X113.032 Y101.291 E237.79938
G1 X113.084 Y101.173 E237.81002
G1 X107.153 Y107.104 E238.50174
G1 X107.21 Y106.961 E238.51443
G1 X107.244 Y106.961 E238.51724
G1 X107.306 Y106.61 E238.54663
G1 X107.309 Y106.29 E238.57302
G1 X107.373 Y106.29 E238.5783
G1 X107.328 Y106.109 E238.59368
G1 X113.662 Y99.774 E239.33246
G1 X112.842 Y99.774 E239.40009
G1 X107.236 Y105.38 E240.0539
G1 X107.294 Y105.25 E240.06564
G1 X107.312 Y104.632 E240.11663
G1 X107.291 Y104.505 E240.12725
G1 X112.021 Y99.774 E240.67896
G1 X111.201 Y99.774 E240.74658
G1 X107.301 Y103.675 E241.20149
G1 X107.311 Y103.13 E241.24644
G1 X107.27 Y102.885 E241.26693
G1 X110.381 Y99.774 E241.62976
G1 X109.561 Y99.774 E241.69738
G1 X107.319 Y102.017 E241.95892
G1 X107.303 Y101.622 E241.99152
G1 X107.241 Y101.273 E242.02075
G1 X108.741 Y99.774 E242.19564
G1 X107.92 Y99.774 E242.26334
G1 X106.899 Y100.795 E242.38242
G1 X106.679 Y100.607 E242.40629
G1 X106.411 Y100.463 E242.43138
G1 X107.1 Y99.774 E242.51173
G1 X106.28 Y99.774 E242.57936
G1 X105.78 Y100.274 E242.63767
G1 X104.96 Y100.274 E242.70529
G1 X105.46 Y99.774 E242.76361
G1 X104.639 Y99.774 E242.83132
G1 X104.139 Y100.274 E242.88963
G1 X103.319 Y100.274 E242.95725
G1 X103.819 Y99.774 E243.01557
G1 X102.999 Y99.774 E243.08319
G1 X102.499 Y100.274 E243.14151
G1 X101.679 Y100.274 E243.20913
G1 X102.179 Y99.774 E243.26744
G1 X101.358 Y99.774 E243.33515
G1 X100.858 Y100.274 E243.39346
G1 X100.038 Y100.274 E243.46109
G1 X100.538 Y99.774 E243.5194
G1 X99.675 Y99.774 E243.59057
G1 X99.675 Y99.817 E243.59412
G0 F9000 X99.678 Y99.855
;MESH:NONMESH
G0 F600 X99.678 Y99.855 Z2.92
G0 F9000 X114.057 Y100.595
G0 X114.057 Y100.895
;TIME_ELAPSED:343.824198
;LAYER:22
;TYPE:WALL-INNER
;MESH:belt_holder_screw.stl
G1 F1379.3 X114.292 Y100.815 E243.6
G1 X120.969 Y100.814 E243.75823
G1 X120.966 Y99.236 E243.79563
G1 X99.027 Y99.235 E244.31554
G1 X99.031 Y100.815 E244.35298
G1 X105.67 Y100.815 E244.51031
G1 X106.042 Y100.919 E244.51946
G1 X106.353 Y101.11 E244.52811
G1 X106.564 Y101.309 E244.53498
G1 X106.691 Y101.579 E244.54205
G1 X106.691 Y102.089 E244.55414
G1 X106.583 Y102.388 E244.56167
G1 X106.352 Y102.612 E244.5693
G1 X106.583 Y102.837 E244.57694
G1 X106.689 Y103.143 E244.58462
G1 X106.696 Y103.583 E244.59504
G1 X106.585 Y103.89 E244.60278
G1 X106.352 Y104.115 E244.61046
G1 X106.584 Y104.339 E244.6181
G1 X106.691 Y104.665 E244.62623
G1 X106.693 Y105.061 E244.63561
G1 X106.586 Y105.389 E244.64379
G1 X106.353 Y105.613 E244.65145
G1 X106.586 Y105.837 E244.65911
G1 X106.693 Y106.079 E244.66538
G1 X106.693 Y106.603 E244.6778
G1 X106.586 Y106.889 E244.68503
G1 X106.353 Y107.113 E244.69269
G1 X106.586 Y107.337 E244.70035
G1 X106.695 Y107.639 E244.70796
G1 X106.69 Y108.061 E244.71796
G1 X106.584 Y108.387 E244.72609
G1 X106.351 Y108.611 E244.73374
G1 X106.585 Y108.835 E244.74142
G1 X106.694 Y109.185 E244.75011
G1 X106.69 Y109.604 E244.76004
G1 X106.583 Y109.888 E244.76723
G1 X106.352 Y110.112 E244.77486
G1 X106.583 Y110.336 E244.78248
G1 X106.693 Y110.634 E244.79001
G1 X106.686 Y111.054 E244.79996
G1 X106.578 Y111.346 E244.80734
G1 X106.32 Y111.584 E244.81566
G1 X106.579 Y111.829 E244.82411
G1 X106.688 Y112.131 E244.83172
G1 X106.693 Y112.544 E244.8415
G1 X106.585 Y112.84 E244.84897
G1 X106.352 Y113.065 E244.85665
G1 X106.584 Y113.289 E244.86429
G1 X106.691 Y113.615 E244.87242
G1 X106.693 Y114.011 E244.88181
G1 X106.586 Y114.339 E244.88998
G1 X106.353 Y114.563 E244.89764
G1 X106.586 Y114.787 E244.9053
G1 X106.693 Y115.029 E244.91157
G1 X106.693 Y115.553 E244.92399
G1 X106.586 Y115.839 E244.93122
G1 X106.353 Y116.063 E244.93888
G1 X106.586 Y116.287 E244.94654
G1 X106.695 Y116.589 E244.95415
G1 X106.69 Y117.007 E244.96406
G1 X106.62 Y117.271 E244.97053
G1 X106.35 Y117.561 E244.97992
G1 X106.621 Y117.851 E244.98933
G1 X106.695 Y118.095 E244.99537
G1 X106.69 Y118.576 E245.00677
G1 X106.63 Y118.749 E245.01111
G1 X106.349 Y119.061 E245.02106
G1 X106.632 Y119.373 E245.03104
G1 X106.695 Y119.553 E245.03556
G1 X106.691 Y119.968 E245.04539
G1 X106.516 Y120.429 E245.05708
G1 X106.351 Y120.562 E245.0621
G1 X106.516 Y120.696 E245.06714
G1 X106.543 Y120.765 E245.0689
G1 X113.306 Y120.765 E245.22916
G1 X113.309 Y120.482 E245.23587
G1 X113.361 Y120.22 E245.2422
G1 X113.426 Y120.097 E245.2455
G1 X113.648 Y119.888 E245.25272
G1 X113.426 Y119.678 E245.25996
G1 X113.36 Y119.556 E245.26325
G1 X113.307 Y119.289 E245.2697
G1 X113.304 Y118.897 E245.27899
G1 X113.403 Y118.628 E245.28578
G1 X113.648 Y118.385 E245.29396
G1 X113.404 Y118.142 E245.30212
G1 X113.308 Y117.885 E245.30862
G1 X113.309 Y117.399 E245.32014
G1 X113.416 Y117.113 E245.32738
G1 X113.649 Y116.889 E245.33504
G1 X113.415 Y116.664 E245.34273
G1 X113.309 Y116.359 E245.35038
G1 X113.305 Y115.947 E245.36015
G1 X113.412 Y115.612 E245.36848
G1 X113.645 Y115.386 E245.37617
G1 X113.413 Y115.161 E245.38383
G1 X113.316 Y114.908 E245.39025
G1 X113.296 Y114.427 E245.40166
G1 X113.409 Y114.109 E245.40966
G1 X113.642 Y113.884 E245.41733
G1 X113.411 Y113.658 E245.42499
G1 X113.308 Y113.347 E245.43276
G1 X113.3 Y112.948 E245.44221
G1 X113.409 Y112.609 E245.45065
G1 X113.641 Y112.385 E245.45829
G1 X113.411 Y112.16 E245.46592
G1 X113.304 Y111.913 E245.4723
G1 X113.312 Y111.443 E245.48344
G1 X113.417 Y111.162 E245.49055
G1 X113.648 Y110.939 E245.49816
G1 X113.416 Y110.715 E245.5058
G1 X113.309 Y110.402 E245.51364
G1 X113.306 Y109.999 E245.52319
G1 X113.414 Y109.66 E245.53162
G1 X113.648 Y109.435 E245.53931
G1 X113.415 Y109.209 E245.547
G1 X113.308 Y108.911 E245.55451
G1 X113.309 Y108.449 E245.56546
G1 X113.416 Y108.163 E245.57269
G1 X113.649 Y107.939 E245.58035
G1 X113.415 Y107.714 E245.58804
G1 X113.309 Y107.409 E245.5957
G1 X113.305 Y106.997 E245.60546
G1 X113.412 Y106.662 E245.61379
G1 X113.645 Y106.436 E245.62149
G1 X113.413 Y106.211 E245.62915
G1 X113.316 Y105.958 E245.63557
G1 X113.296 Y105.477 E245.64697
G1 X113.409 Y105.159 E245.65497
G1 X113.642 Y104.934 E245.66265
G1 X113.411 Y104.708 E245.67031
G1 X113.308 Y104.397 E245.67807
G1 X113.3 Y103.998 E245.68753
G1 X113.408 Y103.66 E245.69594
G1 X113.641 Y103.435 E245.70361
G1 X113.41 Y103.21 E245.71125
G1 X113.305 Y102.897 E245.71908
G1 X113.305 Y102.406 E245.73071
G1 X113.458 Y102.098 E245.73886
G1 X113.761 Y101.838 E245.74833
G1 X113.711 Y101.779 E245.75016
G1 X113.671 Y101.518 E245.75642
G1 X113.708 Y101.313 E245.76135
G1 X113.824 Y101.089 E245.76733
G1 X114.057 Y100.895 E245.77451
G0 F9000 X114.046 Y101.261
;TYPE:WALL-OUTER
G1 F1061 X114.187 Y101.143 E245.77852
G1 X114.329 Y101.095 E245.78179
G1 X121.249 Y101.094 E245.93266
G1 X121.244 Y98.956 E245.97927
G1 X98.747 Y98.955 E246.46975
G1 X98.752 Y101.095 E246.51641
G1 X105.67 Y101.095 E246.66724
G1 X105.896 Y101.158 E246.67235
G1 X106.306 Y101.41 E246.68284
G1 X106.412 Y101.635 E246.68827
G1 X106.407 Y102.074 E246.69784
G1 X106.346 Y102.239 E246.70167
G1 X106.199 Y102.383 E246.70616
G1 X105.797 Y102.616 E246.71629
G1 X106.199 Y102.843 E246.72636
G1 X106.346 Y102.986 E246.73083
G1 X106.408 Y103.151 E246.73467
G1 X106.416 Y103.554 E246.74346
G1 X106.348 Y103.74 E246.74778
G1 X106.193 Y103.888 E246.75245
G1 X105.8 Y104.116 E246.76235
G1 X106.196 Y104.341 E246.77228
G1 X106.347 Y104.487 E246.77686
G1 X106.408 Y104.654 E246.78074
G1 X106.416 Y105.053 E246.78944
G1 X106.349 Y105.24 E246.79377
G1 X106.201 Y105.382 E246.79824
G1 X105.8 Y105.615 E246.80835
G1 X106.201 Y105.844 E246.81842
G1 X106.349 Y105.986 E246.82289
G1 X106.41 Y106.154 E246.82679
G1 X106.414 Y106.54 E246.83521
G1 X106.349 Y106.74 E246.83979
G1 X106.2 Y106.883 E246.84429
G1 X105.798 Y107.116 E246.85442
G1 X106.2 Y107.343 E246.86449
G1 X106.349 Y107.486 E246.86899
G1 X106.413 Y107.678 E246.8734
G1 X106.41 Y108.041 E246.88132
G1 X106.346 Y108.239 E246.88585
G1 X106.198 Y108.382 E246.89034
G1 X105.797 Y108.615 E246.90045
G1 X106.199 Y108.843 E246.91053
G1 X106.348 Y108.985 E246.91502
G1 X106.41 Y109.15 E246.91886
G1 X106.412 Y109.56 E246.9278
G1 X106.346 Y109.739 E246.93196
G1 X106.198 Y109.882 E246.93644
G1 X105.797 Y110.115 E246.94656
G1 X106.198 Y110.342 E246.9566
G1 X106.346 Y110.485 E246.96109
G1 X106.407 Y110.649 E246.9649
G1 X106.411 Y110.989 E246.97232
G1 X106.343 Y111.194 E246.97703
G1 X106.195 Y111.334 E246.98147
G1 X105.787 Y111.574 E246.99179
G1 X105.864 Y111.65 E246.99415
G1 X106.197 Y111.843 E247.00254
G1 X106.344 Y111.982 E247.00695
G1 X106.41 Y112.164 E247.01117
G1 X106.408 Y112.537 E247.0193
G1 X106.348 Y112.69 E247.02288
G1 X106.193 Y112.838 E247.02756
G1 X105.8 Y113.066 E247.03746
G1 X106.196 Y113.291 E247.04739
G1 X106.347 Y113.437 E247.05197
G1 X106.408 Y113.604 E247.05585
G1 X106.416 Y114.003 E247.06455
G1 X106.349 Y114.19 E247.06888
G1 X106.201 Y114.332 E247.07335
G1 X105.8 Y114.565 E247.08346
G1 X106.201 Y114.794 E247.09353
G1 X106.349 Y114.936 E247.098
G1 X106.41 Y115.104 E247.1019
G1 X106.414 Y115.49 E247.11031
G1 X106.349 Y115.69 E247.1149
G1 X106.2 Y115.833 E247.1194
G1 X105.798 Y116.066 E247.12953
G1 X106.2 Y116.293 E247.1396
G1 X106.349 Y116.436 E247.1441
G1 X106.413 Y116.628 E247.14851
G1 X106.411 Y116.988 E247.15636
G1 X106.368 Y117.148 E247.15997
G1 X106.198 Y117.332 E247.16543
G1 X105.797 Y117.565 E247.17555
G1 X106.199 Y117.793 E247.18562
G1 X106.37 Y117.975 E247.19107
G1 X106.414 Y118.171 E247.19545
G1 X106.41 Y118.532 E247.20332
G1 X106.374 Y118.635 E247.2057
G1 X106.198 Y118.832 E247.21145
G1 X105.797 Y119.065 E247.22157
G1 X106.199 Y119.293 E247.23164
G1 X106.377 Y119.488 E247.2374
G1 X106.414 Y119.671 E247.24147
G1 X106.411 Y119.965 E247.24788
G1 X106.293 Y120.277 E247.25515
G1 X105.799 Y120.565 E247.26762
G1 X106.293 Y120.846 E247.28001
G1 X106.37 Y121.045 E247.28466
G1 X113.68 Y121.044 E247.44403
G1 X113.586 Y120.779 E247.45016
G1 X113.589 Y120.485 E247.45657
G1 X113.66 Y120.252 E247.46188
G1 X113.802 Y120.118 E247.46614
G1 X114.203 Y119.885 E247.47625
G1 X113.801 Y119.658 E247.48632
G1 X113.659 Y119.523 E247.49059
G1 X113.587 Y119.287 E247.49597
G1 X113.585 Y118.927 E247.50382
G1 X113.644 Y118.77 E247.50747
G1 X113.798 Y118.618 E247.51219
G1 X114.2 Y118.384 E247.52233
G1 X113.799 Y118.154 E247.53241
G1 X113.646 Y118.001 E247.53713
G1 X113.588 Y117.841 E247.54084
G1 X113.588 Y117.462 E247.5491
G1 X113.653 Y117.262 E247.55369
G1 X113.802 Y117.118 E247.55821
G1 X114.203 Y116.886 E247.56831
G1 X113.8 Y116.657 E247.57841
G1 X113.652 Y116.514 E247.5829
G1 X113.59 Y116.349 E247.58674
G1 X113.584 Y115.965 E247.59511
G1 X113.649 Y115.762 E247.59976
G1 X113.796 Y115.619 E247.60423
G1 X114.2 Y115.385 E247.61441
G1 X113.797 Y115.155 E247.62453
G1 X113.651 Y115.013 E247.62897
G1 X113.587 Y114.825 E247.6333
G1 X113.579 Y114.465 E247.64115
G1 X113.645 Y114.259 E247.64586
G1 X113.792 Y114.118 E247.65031
G1 X114.196 Y113.883 E247.66049
G1 X113.794 Y113.654 E247.67058
G1 X113.65 Y113.511 E247.67501
G1 X113.587 Y113.322 E247.67935
G1 X113.579 Y112.965 E247.68713
G1 X113.645 Y112.76 E247.69183
G1 X113.792 Y112.618 E247.69629
G1 X114.196 Y112.384 E247.70647
G1 X113.795 Y112.156 E247.71652
G1 X113.65 Y112.012 E247.72098
G1 X113.585 Y111.866 E247.72446
G1 X113.59 Y111.506 E247.73231
G1 X113.654 Y111.311 E247.73679
G1 X113.802 Y111.168 E247.74127
G1 X114.24 Y110.91 E247.75236
G1 X114.058 Y110.853 E247.75651
G1 X113.801 Y110.708 E247.76295
G1 X113.653 Y110.565 E247.76743
G1 X113.588 Y110.375 E247.77181
G1 X113.585 Y110.015 E247.77966
G1 X113.651 Y109.81 E247.78436
G1 X113.798 Y109.668 E247.78881
G1 X114.2 Y109.434 E247.79895
G1 X113.799 Y109.204 E247.80903
G1 X113.653 Y109.061 E247.81349
G1 X113.588 Y108.856 E247.81818
G1 X113.588 Y108.514 E247.82563
G1 X113.653 Y108.312 E247.83026
G1 X113.802 Y108.168 E247.83478
G1 X114.203 Y107.936 E247.84488
G1 X113.8 Y107.707 E247.85498
G1 X113.652 Y107.564 E247.85947
G1 X113.59 Y107.399 E247.86331
G1 X113.584 Y107.015 E247.87168
G1 X113.649 Y106.812 E247.87633
G1 X113.796 Y106.669 E247.8808
G1 X114.2 Y106.435 E247.89098
G1 X113.797 Y106.205 E247.9011
G1 X113.651 Y106.063 E247.90554
G1 X113.587 Y105.875 E247.90987
G1 X113.579 Y105.515 E247.91772
G1 X113.645 Y105.309 E247.92244
G1 X113.792 Y105.168 E247.92688
G1 X114.196 Y104.933 E247.93707
G1 X113.794 Y104.704 E247.94715
G1 X113.65 Y104.561 E247.95158
G1 X113.587 Y104.372 E247.95592
G1 X113.578 Y103.972 E247.96464
G1 X113.645 Y103.81 E247.96847
G1 X113.792 Y103.668 E247.97292
G1 X114.196 Y103.434 E247.9831
G1 X113.799 Y103.209 E247.99305
G1 X113.647 Y103.062 E247.99766
G1 X113.584 Y102.872 E248.00202
G1 X113.585 Y102.458 E248.01105
G1 X113.7 Y102.225 E248.01671
G1 X114.188 Y101.941 E248.02902
G1 X113.975 Y101.685 E248.03629
G1 X113.951 Y101.527 E248.03977
G1 X114.046 Y101.261 E248.04593
G0 F9000 X114.187 Y101.143
G0 X114.203 Y101.138
G0 X114.203 Y100.195
;MESH:NONMESH
G0 F600 X114.203 Y100.195 Z3.04
G0 F9000 X114.082 Y100.895
;TIME_ELAPSED:354.300225
;LAYER:23
;TYPE:WALL-INNER
;MESH:belt_holder_screw.stl
G1 F1367.2 X114.317 Y100.815 E248.05181
G1 X120.998 Y100.815 E248.21014
G1 X120.997 Y99.235 E248.24758
G1 X99.006 Y99.235 E248.76872
G1 X99.011 Y100.815 E248.80616
G1 X105.643 Y100.815 E248.96332
G1 X106.018 Y100.921 E248.97256
G1 X106.339 Y101.12 E248.98151
G1 X106.546 Y101.315 E248.98825
G1 X106.673 Y101.582 E248.99526
G1 X106.678 Y102.092 E249.00734
G1 X106.569 Y102.394 E249.01495
G1 X106.336 Y102.619 E249.02263
G1 X106.57 Y102.845 E249.03034
G1 X106.678 Y103.134 E249.03765
G1 X106.676 Y103.572 E249.04803
G1 X106.569 Y103.895 E249.05609
G1 X106.336 Y104.119 E249.06375
G1 X106.569 Y104.344 E249.07143
G1 X106.677 Y104.586 E249.07771
G1 X106.676 Y105.072 E249.08922
G1 X106.569 Y105.395 E249.09729
G1 X106.335 Y105.62 E249.10498
G1 X106.569 Y105.845 E249.11267
G1 X106.676 Y106.18 E249.12101
G1 X106.671 Y106.573 E249.13032
G1 X106.564 Y106.894 E249.13834
G1 X106.332 Y107.12 E249.14601
G1 X106.564 Y107.346 E249.15369
G1 X106.67 Y107.66 E249.16154
G1 X106.677 Y108.054 E249.17088
G1 X106.569 Y108.397 E249.1794
G1 X106.336 Y108.623 E249.1871
G1 X106.567 Y108.848 E249.19474
G1 X106.665 Y109.12 E249.20159
G1 X106.677 Y109.549 E249.21176
G1 X106.569 Y109.897 E249.22039
G1 X106.336 Y110.123 E249.22809
G1 X106.567 Y110.348 E249.23573
G1 X106.67 Y110.587 E249.2419
G1 X106.675 Y111.017 E249.25209
G1 X106.564 Y111.353 E249.26047
G1 X106.303 Y111.595 E249.26891
G1 X106.565 Y111.837 E249.27736
G1 X106.679 Y112.133 E249.28488
G1 X106.676 Y112.522 E249.29409
G1 X106.569 Y112.845 E249.30216
G1 X106.336 Y113.069 E249.30982
G1 X106.569 Y113.294 E249.31749
G1 X106.677 Y113.536 E249.32377
G1 X106.676 Y114.022 E249.33529
G1 X106.569 Y114.345 E249.34335
G1 X106.335 Y114.57 E249.35105
G1 X106.569 Y114.795 E249.35874
G1 X106.676 Y115.13 E249.36707
G1 X106.671 Y115.523 E249.37639
G1 X106.564 Y115.844 E249.38441
G1 X106.332 Y116.07 E249.39208
G1 X106.564 Y116.296 E249.39976
G1 X106.67 Y116.61 E249.40761
G1 X106.677 Y117.003 E249.41692
G1 X106.604 Y117.284 E249.42381
G1 X106.335 Y117.573 E249.43316
G1 X106.601 Y117.862 E249.44247
G1 X106.664 Y118.065 E249.44751
G1 X106.677 Y118.455 E249.45675
G1 X106.614 Y118.763 E249.4642
G1 X106.335 Y119.073 E249.47409
G1 X106.611 Y119.383 E249.48392
G1 X106.67 Y119.556 E249.48825
G1 X106.677 Y119.955 E249.49771
G1 X106.499 Y120.439 E249.50993
G1 X106.341 Y120.569 E249.51478
G1 X106.499 Y120.699 E249.51963
G1 X106.526 Y120.765 E249.52132
G1 X113.327 Y120.765 E249.68249
G1 X113.323 Y120.495 E249.68889
G1 X113.374 Y120.214 E249.69566
G1 X113.439 Y120.091 E249.69895
G1 X113.662 Y119.881 E249.70621
G1 X113.438 Y119.67 E249.7135
G1 X113.373 Y119.548 E249.71678
G1 X113.32 Y119.257 E249.72379
G1 X113.33 Y118.885 E249.73261
G1 X113.424 Y118.624 E249.73918
G1 X113.666 Y118.383 E249.74728
G1 X113.421 Y118.144 E249.75539
G1 X113.318 Y117.881 E249.76208
G1 X113.326 Y117.386 E249.77381
G1 X113.431 Y117.105 E249.78092
G1 X113.663 Y116.88 E249.78858
G1 X113.431 Y116.655 E249.79624
G1 X113.325 Y116.335 E249.80423
G1 X113.32 Y115.948 E249.8134
G1 X113.428 Y115.606 E249.8219
G1 X113.66 Y115.38 E249.82957
G1 X113.429 Y115.155 E249.83722
G1 X113.329 Y114.884 E249.84406
G1 X113.311 Y114.446 E249.85445
G1 X113.422 Y114.1 E249.86306
G1 X113.655 Y113.877 E249.8707
G1 X113.426 Y113.651 E249.87833
G1 X113.328 Y113.379 E249.88518
G1 X113.311 Y112.946 E249.89545
G1 X113.423 Y112.598 E249.90411
G1 X113.659 Y112.374 E249.91182
G1 X113.43 Y112.145 E249.9195
G1 X113.332 Y111.859 E249.92666
G1 X113.329 Y111.479 E249.93567
G1 X113.433 Y111.156 E249.94371
G1 X113.664 Y110.932 E249.95133
G1 X113.43 Y110.709 E249.95899
G1 X113.32 Y110.347 E249.96796
G1 X113.33 Y109.972 E249.97685
G1 X113.433 Y109.658 E249.98468
G1 X113.665 Y109.433 E249.99234
G1 X113.43 Y109.209 E250.00003
G1 X113.319 Y108.901 E250.00779
G1 X113.326 Y108.436 E250.01881
G1 X113.431 Y108.155 E250.02592
G1 X113.663 Y107.93 E250.03358
G1 X113.431 Y107.705 E250.04124
G1 X113.325 Y107.385 E250.04923
G1 X113.32 Y106.998 E250.0584
G1 X113.428 Y106.656 E250.0669
G1 X113.66 Y106.43 E250.07457
G1 X113.429 Y106.205 E250.08222
G1 X113.329 Y105.934 E250.08906
G1 X113.311 Y105.496 E250.09945
G1 X113.422 Y105.15 E250.10806
G1 X113.655 Y104.927 E250.1157
G1 X113.426 Y104.701 E250.12333
G1 X113.328 Y104.429 E250.13018
G1 X113.311 Y103.996 E250.14045
G1 X113.423 Y103.648 E250.14911
G1 X113.659 Y103.424 E250.15682
G1 X113.43 Y103.195 E250.1645
G1 X113.328 Y102.864 E250.17271
G1 X113.328 Y102.401 E250.18368
G1 X113.482 Y102.09 E250.1919
G1 X113.782 Y101.83 E250.20131
G1 X113.734 Y101.772 E250.20309
G1 X113.696 Y101.514 E250.20927
G1 X113.733 Y101.313 E250.21412
G1 X113.849 Y101.089 E250.2201
G1 X114.082 Y100.895 E250.22728
G0 F9000 X114.071 Y101.261
;TYPE:WALL-OUTER
G1 F1051.7 X114.212 Y101.143 E250.23129
G1 X114.354 Y101.095 E250.23456
G1 X121.278 Y101.095 E250.38551
G1 X121.277 Y98.955 E250.43217
G1 X98.727 Y98.955 E250.92381
G1 X98.725 Y99.19 E250.92893
G1 X98.732 Y101.095 E250.97046
G1 X105.643 Y101.095 E251.12114
G1 X105.87 Y101.159 E251.12628
G1 X106.288 Y101.418 E251.137
G1 X106.394 Y101.639 E251.14234
G1 X106.393 Y102.081 E251.15198
G1 X106.332 Y102.246 E251.15581
G1 X106.181 Y102.392 E251.16039
G1 X105.785 Y102.622 E251.17038
G1 X106.182 Y102.849 E251.18035
G1 X106.333 Y102.994 E251.18491
G1 X106.398 Y103.202 E251.18966
G1 X106.398 Y103.567 E251.19762
G1 X106.332 Y103.746 E251.20178
G1 X106.181 Y103.892 E251.20636
G1 X105.785 Y104.122 E251.21634
G1 X106.182 Y104.349 E251.22631
G1 X106.332 Y104.493 E251.23085
G1 X106.398 Y104.641 E251.23438
G1 X106.398 Y105.068 E251.24369
G1 X106.332 Y105.246 E251.24783
G1 X106.181 Y105.391 E251.25239
G1 X105.786 Y105.621 E251.26236
G1 X106.182 Y105.849 E251.27232
G1 X106.332 Y105.994 E251.27687
G1 X106.397 Y106.197 E251.28152
G1 X106.391 Y106.551 E251.28924
G1 X106.327 Y106.746 E251.29371
G1 X106.18 Y106.888 E251.29817
G1 X105.781 Y107.122 E251.30825
G1 X106.18 Y107.352 E251.31829
G1 X106.327 Y107.494 E251.32275
G1 X106.39 Y107.638 E251.32617
G1 X106.397 Y108.04 E251.33494
G1 X106.332 Y108.248 E251.33969
G1 X106.185 Y108.39 E251.34415
G1 X105.784 Y108.624 E251.35427
G1 X106.183 Y108.853 E251.3643
G1 X106.329 Y108.996 E251.36876
G1 X106.39 Y109.176 E251.3729
G1 X106.397 Y109.537 E251.38077
G1 X106.332 Y109.748 E251.38558
G1 X106.185 Y109.89 E251.39004
G1 X105.782 Y110.124 E251.4002
G1 X106.183 Y110.353 E251.41027
G1 X106.329 Y110.496 E251.41472
G1 X106.389 Y110.669 E251.41872
G1 X106.396 Y111.027 E251.42652
G1 X106.328 Y111.201 E251.4306
G1 X106.181 Y111.342 E251.43504
G1 X105.771 Y111.58 E251.44537
G1 X105.861 Y111.664 E251.44806
G1 X106.183 Y111.849 E251.45615
G1 X106.33 Y111.989 E251.46058
G1 X106.396 Y112.175 E251.46488
G1 X106.396 Y112.5 E251.47197
G1 X106.332 Y112.696 E251.47646
G1 X106.181 Y112.842 E251.48104
G1 X105.785 Y113.072 E251.49103
G1 X106.182 Y113.299 E251.501
G1 X106.332 Y113.443 E251.50553
G1 X106.398 Y113.591 E251.50906
G1 X106.398 Y114.018 E251.51837
G1 X106.332 Y114.196 E251.52251
G1 X106.181 Y114.341 E251.52708
G1 X105.786 Y114.571 E251.53704
G1 X106.182 Y114.799 E251.547
G1 X106.332 Y114.944 E251.55155
G1 X106.397 Y115.147 E251.5562
G1 X106.391 Y115.501 E251.56392
G1 X106.327 Y115.696 E251.56839
G1 X106.18 Y115.838 E251.57285
G1 X105.781 Y116.072 E251.58293
G1 X106.18 Y116.302 E251.59297
G1 X106.327 Y116.444 E251.59743
G1 X106.39 Y116.588 E251.60086
G1 X106.398 Y117.031 E251.61052
G1 X106.353 Y117.16 E251.61349
G1 X106.185 Y117.34 E251.61886
G1 X105.784 Y117.574 E251.62898
G1 X106.183 Y117.803 E251.63901
G1 X106.349 Y117.984 E251.64437
G1 X106.388 Y118.108 E251.6472
G1 X106.397 Y118.46 E251.65488
G1 X106.359 Y118.647 E251.65904
G1 X106.185 Y118.84 E251.66471
G1 X105.782 Y119.074 E251.67487
G1 X106.183 Y119.303 E251.68493
G1 X106.355 Y119.497 E251.69059
G1 X106.391 Y119.6 E251.69296
G1 X106.397 Y119.96 E251.70081
G1 X106.277 Y120.286 E251.70839
G1 X105.786 Y120.571 E251.72077
G1 X106.276 Y120.851 E251.73307
G1 X106.354 Y121.045 E251.73763
G1 X113.703 Y121.045 E251.89785
G1 X113.608 Y120.785 E251.90389
G1 X113.603 Y120.49 E251.91032
G1 X113.673 Y120.245 E251.91587
G1 X113.817 Y120.109 E251.92019
G1 X114.213 Y119.878 E251.93019
G1 X113.815 Y119.65 E251.94019
G1 X113.671 Y119.515 E251.94449
G1 X113.6 Y119.265 E251.95016
G1 X113.615 Y118.901 E251.9581
G1 X113.666 Y118.765 E251.96127
G1 X113.819 Y118.612 E251.96598
G1 X114.216 Y118.379 E251.97602
G1 X113.816 Y118.151 E251.98606
G1 X113.661 Y117.999 E251.99079
G1 X113.599 Y117.843 E251.99445
G1 X113.604 Y117.449 E252.00304
G1 X113.668 Y117.254 E252.00752
G1 X113.816 Y117.11 E252.01202
G1 X114.217 Y116.878 E252.02212
G1 X113.816 Y116.65 E252.03218
G1 X113.668 Y116.506 E252.03668
G1 X113.604 Y116.312 E252.04113
G1 X113.6 Y115.962 E252.04876
G1 X113.665 Y115.755 E252.05349
G1 X113.813 Y115.611 E252.058
G1 X114.214 Y115.38 E252.06808
G1 X113.814 Y115.151 E252.07813
G1 X113.667 Y115.007 E252.08262
G1 X113.604 Y114.829 E252.08674
G1 X113.591 Y114.46 E252.09479
G1 X113.658 Y114.251 E252.09957
G1 X113.806 Y114.109 E252.10404
G1 X114.211 Y113.878 E252.11421
G1 X113.811 Y113.649 E252.12426
G1 X113.665 Y113.504 E252.12874
G1 X113.607 Y113.351 E252.13231
G1 X113.591 Y112.96 E252.14084
G1 X113.659 Y112.75 E252.14565
G1 X113.806 Y112.61 E252.15008
G1 X114.214 Y112.376 E252.16034
G1 X113.813 Y112.144 E252.17044
G1 X113.669 Y112 E252.17488
G1 X113.607 Y111.853 E252.17835
G1 X113.613 Y111.457 E252.18699
G1 X113.671 Y111.303 E252.19058
G1 X113.819 Y111.159 E252.19508
G1 X114.255 Y110.905 E252.20608
G1 X114.08 Y110.852 E252.21007
G1 X113.816 Y110.701 E252.2167
G1 X113.666 Y110.559 E252.2212
G1 X113.598 Y110.378 E252.22542
G1 X113.609 Y109.996 E252.23375
G1 X113.672 Y109.806 E252.23811
G1 X113.819 Y109.662 E252.2426
G1 X114.216 Y109.429 E252.25263
G1 X113.816 Y109.201 E252.26267
G1 X113.667 Y109.059 E252.26716
G1 X113.604 Y108.893 E252.27103
G1 X113.604 Y108.499 E252.27962
G1 X113.668 Y108.304 E252.28409
G1 X113.816 Y108.16 E252.2886
G1 X114.217 Y107.928 E252.2987
G1 X113.816 Y107.7 E252.30875
G1 X113.668 Y107.556 E252.31326
G1 X113.604 Y107.362 E252.31771
G1 X113.6 Y107.012 E252.32534
G1 X113.665 Y106.805 E252.33007
G1 X113.813 Y106.661 E252.33457
G1 X114.214 Y106.43 E252.34466
G1 X113.814 Y106.201 E252.35471
G1 X113.667 Y106.057 E252.3592
G1 X113.604 Y105.879 E252.36331
G1 X113.591 Y105.51 E252.37136
G1 X113.658 Y105.301 E252.37615
G1 X113.806 Y105.159 E252.38062
G1 X114.211 Y104.928 E252.39079
G1 X113.811 Y104.699 E252.40084
G1 X113.665 Y104.554 E252.40532
G1 X113.607 Y104.401 E252.40889
G1 X113.591 Y104.01 E252.41742
G1 X113.659 Y103.8 E252.42223
G1 X113.806 Y103.66 E252.42666
G1 X114.214 Y103.426 E252.43691
G1 X113.813 Y103.194 E252.44701
G1 X113.669 Y103.05 E252.45145
G1 X113.608 Y102.905 E252.45488
G1 X113.608 Y102.452 E252.46476
G1 X113.724 Y102.217 E252.47047
G1 X114.208 Y101.934 E252.4827
G1 X113.999 Y101.681 E252.48985
G1 X113.976 Y101.524 E252.49331
G1 X114.071 Y101.261 E252.49941
G0 F9000 X114.212 Y101.143
G0 X114.228 Y101.138
G0 X114.228 Y100.195
;MESH:NONMESH
G0 F600 X114.228 Y100.195 Z3.16
G0 F9000 X114.108 Y100.895
;TIME_ELAPSED:364.853280
;LAYER:24
;TYPE:WALL-INNER
;MESH:belt_holder_screw.stl
G1 F3135.5 X114.343 Y100.815 E252.50529
G1 X121.019 Y100.815 E252.6635
G1 X121.018 Y99.235 E252.70094
G1 X98.993 Y99.235 E253.22288
G1 X98.988 Y99.962 E253.24011
G1 X98.992 Y100.815 E253.26033
G1 X105.618 Y100.815 E253.41735
G1 X105.991 Y100.92 E253.42653
G1 X106.326 Y101.126 E253.43585
G1 X106.536 Y101.325 E253.44271
G1 X106.663 Y101.594 E253.44976
G1 X106.663 Y102.102 E253.4618
G1 X106.556 Y102.401 E253.46932
G1 X106.321 Y102.626 E253.47703
G1 X106.556 Y102.852 E253.48476
G1 X106.664 Y103.195 E253.49328
G1 X106.66 Y103.599 E253.50285
G1 X106.553 Y103.9 E253.51042
G1 X106.321 Y104.125 E253.51808
G1 X106.555 Y104.35 E253.52578
G1 X106.66 Y104.645 E253.5332
G1 X106.661 Y105.099 E253.54396
G1 X106.552 Y105.401 E253.55156
G1 X106.319 Y105.627 E253.55926
G1 X106.552 Y105.853 E253.56695
G1 X106.66 Y106.15 E253.57444
G1 X106.662 Y106.57 E253.58439
G1 X106.556 Y106.901 E253.59263
G1 X106.321 Y107.127 E253.60035
G1 X106.556 Y107.353 E253.60808
G1 X106.664 Y107.655 E253.61568
G1 X106.663 Y108.112 E253.62651
G1 X106.555 Y108.401 E253.63382
G1 X106.321 Y108.627 E253.64153
G1 X106.555 Y108.853 E253.64924
G1 X106.665 Y109.157 E253.6569
G1 X106.66 Y109.624 E253.66797
G1 X106.555 Y109.901 E253.67499
G1 X106.321 Y110.127 E253.6827
G1 X106.555 Y110.353 E253.69041
G1 X106.665 Y110.656 E253.69805
G1 X106.662 Y111.069 E253.70784
G1 X106.551 Y111.358 E253.71517
G1 X106.299 Y111.602 E253.72348
G1 X106.551 Y111.846 E253.7318
G1 X106.663 Y112.138 E253.73921
G1 X106.658 Y112.531 E253.74852
G1 X106.553 Y112.85 E253.75648
G1 X106.321 Y113.075 E253.76414
G1 X106.555 Y113.3 E253.77183
G1 X106.66 Y113.595 E253.77925
G1 X106.661 Y114.049 E253.79001
G1 X106.552 Y114.351 E253.79762
G1 X106.319 Y114.577 E253.80531
G1 X106.552 Y114.803 E253.813
G1 X106.66 Y115.1 E253.82049
G1 X106.662 Y115.52 E253.83045
G1 X106.556 Y115.851 E253.83868
G1 X106.321 Y116.077 E253.84641
G1 X106.556 Y116.303 E253.85414
G1 X106.664 Y116.605 E253.86174
G1 X106.663 Y117.012 E253.87138
G1 X106.591 Y117.288 E253.87814
G1 X106.32 Y117.577 E253.88753
G1 X106.591 Y117.866 E253.89692
G1 X106.663 Y118.106 E253.90286
G1 X106.663 Y118.59 E253.91433
G1 X106.601 Y118.767 E253.91877
G1 X106.32 Y119.077 E253.92869
G1 X106.601 Y119.387 E253.9386
G1 X106.663 Y119.564 E253.94305
G1 X106.663 Y119.974 E253.95276
G1 X106.481 Y120.45 E253.96484
G1 X106.326 Y120.576 E253.96957
G1 X106.508 Y120.765 E253.97579
G1 X113.337 Y120.765 E254.13762
G1 X113.337 Y120.476 E254.14447
G1 X113.388 Y120.21 E254.15089
G1 X113.452 Y120.087 E254.15418
G1 X113.675 Y119.876 E254.16145
G1 X113.45 Y119.665 E254.16876
G1 X113.385 Y119.543 E254.17204
G1 X113.332 Y119.251 E254.17907
G1 X113.342 Y118.878 E254.18791
G1 X113.436 Y118.617 E254.19449
G1 X113.679 Y118.376 E254.2026
G1 X113.433 Y118.136 E254.21074
G1 X113.33 Y117.873 E254.21743
G1 X113.34 Y117.336 E254.23016
G1 X113.444 Y117.098 E254.23632
G1 X113.677 Y116.871 E254.24403
G1 X113.445 Y116.645 E254.2517
G1 X113.347 Y116.374 E254.25853
G1 X113.337 Y115.932 E254.26901
G1 X113.444 Y115.597 E254.27734
G1 X113.677 Y115.372 E254.28502
G1 X113.445 Y115.147 E254.29268
G1 X113.346 Y114.876 E254.29951
G1 X113.318 Y114.442 E254.30982
G1 X113.435 Y114.091 E254.31859
G1 X113.669 Y113.868 E254.32625
G1 X113.441 Y113.64 E254.33389
G1 X113.343 Y113.381 E254.34045
G1 X113.318 Y112.931 E254.35113
G1 X113.434 Y112.591 E254.35965
G1 X113.67 Y112.368 E254.36734
G1 X113.44 Y112.14 E254.37501
G1 X113.338 Y111.811 E254.38318
G1 X113.341 Y111.434 E254.39211
G1 X113.445 Y111.152 E254.39923
G1 X113.676 Y110.926 E254.40689
G1 X113.442 Y110.702 E254.41457
G1 X113.33 Y110.396 E254.42229
G1 X113.346 Y109.925 E254.43346
G1 X113.445 Y109.652 E254.44034
G1 X113.678 Y109.426 E254.44803
G1 X113.442 Y109.202 E254.45574
G1 X113.332 Y108.85 E254.46448
G1 X113.339 Y108.387 E254.47546
G1 X113.444 Y108.148 E254.48164
G1 X113.677 Y107.921 E254.48935
G1 X113.445 Y107.695 E254.49703
G1 X113.347 Y107.424 E254.50386
G1 X113.337 Y106.982 E254.51433
G1 X113.444 Y106.647 E254.52267
G1 X113.677 Y106.422 E254.53034
G1 X113.445 Y106.197 E254.538
G1 X113.346 Y105.926 E254.54484
G1 X113.318 Y105.492 E254.55515
G1 X113.435 Y105.141 E254.56391
G1 X113.669 Y104.918 E254.57157
G1 X113.441 Y104.69 E254.57921
G1 X113.343 Y104.431 E254.58578
G1 X113.315 Y103.927 E254.59774
G1 X113.434 Y103.641 E254.60508
G1 X113.67 Y103.418 E254.61277
G1 X113.44 Y103.19 E254.62045
G1 X113.337 Y102.858 E254.62869
G1 X113.341 Y102.385 E254.6399
G1 X113.501 Y102.074 E254.64818
G1 X113.821 Y101.836 E254.65764
G1 X113.753 Y101.752 E254.6602
G1 X113.722 Y101.504 E254.66612
G1 X113.759 Y101.313 E254.67073
G1 X113.875 Y101.089 E254.67671
G1 X114.108 Y100.895 E254.68389
G1 F1800 E252.68389
G0 F9000 X114.108 Y100.595
G0 X106.441 Y100.939
G1 F900 E254.68389
G0 F9000 X106.179 Y101.364
;TYPE:WALL-OUTER
G1 F2411.9 X106.306 Y101.485 E254.68772
G1 X106.384 Y101.65 E254.6917
G1 X106.379 Y102.088 E254.70125
G1 X106.318 Y102.253 E254.70508
G1 X106.168 Y102.398 E254.70963
G1 X105.77 Y102.628 E254.71965
G1 X106.169 Y102.856 E254.72967
G1 X106.319 Y103.001 E254.73422
G1 X106.38 Y103.165 E254.73803
G1 X106.381 Y103.603 E254.74758
G1 X106.316 Y103.752 E254.75113
G1 X106.167 Y103.896 E254.75565
G1 X105.771 Y104.128 E254.76565
G1 X106.169 Y104.356 E254.77565
G1 X106.318 Y104.5 E254.78017
G1 X106.387 Y104.666 E254.78409
G1 X106.374 Y105.099 E254.79353
G1 X106.315 Y105.253 E254.79713
G1 X106.166 Y105.397 E254.80165
G1 X105.77 Y105.628 E254.81164
G1 X106.166 Y105.857 E254.82161
G1 X106.315 Y106.001 E254.82613
G1 X106.378 Y106.178 E254.83023
G1 X106.383 Y106.552 E254.83838
G1 X106.318 Y106.753 E254.84299
G1 X106.167 Y106.898 E254.84755
G1 X105.773 Y107.128 E254.8575
G1 X106.168 Y107.356 E254.86744
G1 X106.318 Y107.501 E254.87199
G1 X106.379 Y107.666 E254.87583
G1 X106.383 Y108.047 E254.88413
G1 X106.318 Y108.253 E254.88884
G1 X106.168 Y108.397 E254.89338
G1 X105.773 Y108.628 E254.90335
G1 X106.168 Y108.857 E254.91331
G1 X106.318 Y109.001 E254.91784
G1 X106.381 Y109.179 E254.92196
G1 X106.382 Y109.566 E254.93039
G1 X106.318 Y109.753 E254.9347
G1 X106.167 Y109.898 E254.93927
G1 X105.773 Y110.128 E254.94921
G1 X106.168 Y110.356 E254.95916
G1 X106.318 Y110.501 E254.96371
G1 X106.383 Y110.702 E254.96831
G1 X106.379 Y111.041 E254.9757
G1 X106.315 Y111.207 E254.97958
G1 X106.171 Y111.346 E254.98395
G1 X105.762 Y111.584 E254.99426
G1 X105.867 Y111.679 E254.99735
G1 X106.171 Y111.858 E255.00504
G1 X106.315 Y111.997 E255.0094
G1 X106.379 Y112.163 E255.01328
G1 X106.379 Y112.558 E255.0219
G1 X106.316 Y112.702 E255.02532
G1 X106.167 Y112.846 E255.02984
G1 X105.771 Y113.078 E255.03985
G1 X106.169 Y113.306 E255.04985
G1 X106.318 Y113.45 E255.05436
G1 X106.387 Y113.616 E255.05828
G1 X106.374 Y114.049 E255.06773
G1 X106.315 Y114.203 E255.07132
G1 X106.166 Y114.347 E255.07584
G1 X105.77 Y114.578 E255.08584
G1 X106.166 Y114.807 E255.09581
G1 X106.315 Y114.951 E255.10033
G1 X106.378 Y115.128 E255.10442
G1 X106.383 Y115.502 E255.11258
G1 X106.318 Y115.703 E255.11718
G1 X106.167 Y115.848 E255.12175
G1 X105.773 Y116.078 E255.13169
G1 X106.168 Y116.306 E255.14164
G1 X106.318 Y116.451 E255.14619
G1 X106.379 Y116.616 E255.15002
G1 X106.383 Y116.997 E255.15833
G1 X106.339 Y117.164 E255.16209
G1 X106.168 Y117.347 E255.16755
G1 X105.773 Y117.578 E255.17753
G1 X106.168 Y117.807 E255.18748
G1 X106.339 Y117.99 E255.19295
G1 X106.383 Y118.18 E255.1972
G1 X106.383 Y118.546 E255.20518
G1 X106.346 Y118.651 E255.2076
G1 X106.167 Y118.848 E255.21341
G1 X105.773 Y119.078 E255.22335
G1 X106.168 Y119.306 E255.2333
G1 X106.346 Y119.503 E255.23909
G1 X106.383 Y119.608 E255.24151
G1 X106.383 Y119.974 E255.24949
G1 X106.261 Y120.293 E255.25694
G1 X105.798 Y120.564 E255.26863
G1 X105.866 Y120.629 E255.27069
G1 X106.259 Y120.857 E255.28059
G1 X106.339 Y121.045 E255.28505
G1 X113.715 Y121.044 E255.44586
G1 X113.617 Y120.77 E255.4522
G1 X113.617 Y120.476 E255.45861
G1 X113.686 Y120.24 E255.46397
G1 X113.829 Y120.104 E255.46827
G1 X114.227 Y119.873 E255.47831
G1 X113.827 Y119.645 E255.48835
G1 X113.683 Y119.51 E255.49265
G1 X113.612 Y119.259 E255.49834
G1 X113.627 Y118.894 E255.5063
G1 X113.678 Y118.758 E255.50947
G1 X113.832 Y118.604 E255.51422
G1 X114.231 Y118.371 E255.52429
G1 X113.829 Y118.144 E255.53435
G1 X113.673 Y117.992 E255.5391
G1 X113.611 Y117.833 E255.54282
G1 X113.618 Y117.445 E255.55128
G1 X113.682 Y117.247 E255.55582
G1 X113.829 Y117.104 E255.56029
G1 X114.23 Y116.87 E255.57041
G1 X113.83 Y116.641 E255.58046
G1 X113.684 Y116.497 E255.58493
G1 X113.624 Y116.333 E255.58874
G1 X113.616 Y115.949 E255.59712
G1 X113.681 Y115.746 E255.60176
G1 X113.833 Y115.601 E255.60634
G1 X114.226 Y115.372 E255.61626
G1 X113.83 Y115.143 E255.62623
G1 X113.683 Y114.999 E255.63072
G1 X113.623 Y114.835 E255.63453
G1 X113.603 Y114.457 E255.64278
G1 X113.671 Y114.243 E255.64767
G1 X113.82 Y114.101 E255.65216
G1 X114.225 Y113.871 E255.66232
G1 X113.826 Y113.641 E255.67236
G1 X113.681 Y113.495 E255.67684
G1 X113.621 Y113.322 E255.68083
G1 X113.601 Y112.91 E255.68983
G1 X113.67 Y112.743 E255.69377
G1 X113.819 Y112.602 E255.69824
G1 X114.227 Y112.371 E255.70846
G1 X113.825 Y112.14 E255.71857
G1 X113.679 Y111.994 E255.72307
G1 X113.617 Y111.795 E255.72762
G1 X113.625 Y111.452 E255.7351
G1 X113.684 Y111.299 E255.73867
G1 X113.831 Y111.154 E255.74317
G1 X114.266 Y110.9 E255.75416
G1 X114.102 Y110.852 E255.75788
G1 X113.828 Y110.695 E255.76477
G1 X113.679 Y110.552 E255.76927
G1 X113.612 Y110.337 E255.77418
G1 X113.626 Y109.953 E255.78256
G1 X113.684 Y109.799 E255.78614
G1 X113.832 Y109.654 E255.79066
G1 X114.231 Y109.421 E255.80073
G1 X113.829 Y109.194 E255.8108
G1 X113.679 Y109.051 E255.81532
G1 X113.612 Y108.839 E255.82017
G1 X113.618 Y108.495 E255.82767
G1 X113.682 Y108.297 E255.8322
G1 X113.829 Y108.154 E255.83667
G1 X114.23 Y107.92 E255.8468
G1 X113.83 Y107.691 E255.85685
G1 X113.684 Y107.547 E255.86132
G1 X113.624 Y107.383 E255.86512
G1 X113.616 Y106.999 E255.8735
G1 X113.681 Y106.796 E255.87814
G1 X113.833 Y106.651 E255.88272
G1 X114.226 Y106.422 E255.89264
G1 X113.83 Y106.193 E255.90261
G1 X113.683 Y106.049 E255.9071
G1 X113.623 Y105.885 E255.91091
G1 X113.603 Y105.507 E255.91916
G1 X113.671 Y105.293 E255.92406
G1 X113.82 Y105.151 E255.92854
G1 X114.225 Y104.921 E255.9387
G1 X113.826 Y104.691 E255.94874
G1 X113.681 Y104.545 E255.95322
G1 X113.621 Y104.372 E255.95722
G1 X113.601 Y103.96 E255.96621
G1 X113.67 Y103.793 E255.97015
G1 X113.819 Y103.652 E255.97462
G1 X114.227 Y103.421 E255.98484
G1 X113.825 Y103.19 E255.99495
G1 X113.679 Y103.044 E255.99945
G1 X113.617 Y102.843 E256.00404
G1 X113.621 Y102.44 E256.01283
G1 X113.74 Y102.208 E256.01851
G1 X114.23 Y101.922 E256.03088
G1 X114.021 Y101.669 E256.03804
G1 X114.002 Y101.518 E256.04135
G1 X114.097 Y101.261 E256.04733
G1 X114.238 Y101.143 E256.05134
G1 X114.38 Y101.095 E256.0546
G1 X121.299 Y101.095 E256.20545
G1 X121.298 Y98.955 E256.25211
G1 X98.715 Y98.955 E256.74446
G1 X98.708 Y99.962 E256.76642
G1 X98.713 Y101.095 E256.79112
G1 X105.618 Y101.095 E256.94166
G1 X105.844 Y101.158 E256.94678
G1 X106.179 Y101.364 E256.95535
G0 F9000 X106.306 Y101.485
G0 X106.316 Y101.507
G0 X107.198 Y101.456
;TYPE:FILL
G1 F2894.3 X112.765 Y107.023 E257.60462
G1 X112.764 Y106.896 E257.61509
G1 X112.845 Y106.585 E257.6416
G1 X112.921 Y106.434 E257.65554
G1 X112.866 Y106.305 E257.6671
G1 X106.336 Y99.774 E258.42874
G1 X107.157 Y99.775 E258.49645
G1 X112.745 Y105.363 E259.14817
G1 X112.92 Y104.929 E259.18676
G1 X112.801 Y104.598 E259.21577
G1 X107.978 Y99.775 E259.77826
G1 X108.798 Y99.775 E259.84589
G1 X112.779 Y103.757 E260.31024
G1 X112.919 Y103.434 E260.33927
G1 X112.847 Y103.288 E260.3527
G1 X112.766 Y102.923 E260.38353
G1 X109.618 Y99.775 E260.75068
G1 X110.438 Y99.775 E260.8183
G1 X112.826 Y102.163 E261.09681
G1 X112.942 Y101.891 E261.1212
G1 X113.145 Y101.662 E261.14643
G1 X111.259 Y99.775 E261.36645
G1 X112.079 Y99.775 E261.43408
G1 X113.278 Y100.974 E261.57391
G1 X113.395 Y100.75 E261.59475
G1 X113.656 Y100.532 E261.6228
G1 X112.899 Y99.775 E261.71109
G1 X113.72 Y99.776 E261.77879
G1 X114.218 Y100.274 E261.83687
G1 X115.039 Y100.274 E261.90458
G1 X114.54 Y99.776 E261.96272
G1 X115.36 Y99.776 E262.03034
G1 X115.859 Y100.274 E262.08848
G1 X116.679 Y100.274 E262.15611
G1 X116.181 Y99.776 E262.21419
G1 X117.001 Y99.776 E262.28181
G1 X117.499 Y100.274 E262.33989
G1 X118.319 Y100.274 E262.40752
G1 X117.821 Y99.776 E262.4656
G1 X118.641 Y99.776 E262.53322
G1 X119.139 Y100.274 E262.5913
G1 X119.959 Y100.274 E262.65893
G1 X119.462 Y99.776 E262.71695
G1 X120.428 Y99.776 E262.79661
G1 X120.428 Y99.921 E262.80857
G1 X120.282 Y99.776 E262.82554
G0 F9000 X113.739 Y100.664
G0 X107.285 Y106.464
G1 F2894.3 X107.295 Y106.425 E262.82886
G1 X107.233 Y106.425 E262.83398
G0 F9000 X106.817 Y101.247
G0 X105.863 Y100.657
G0 X99.567 Y99.774
G1 F2894.3 X99.569 Y100.274 E262.87521
G1 X100.274 Y100.274 E262.93335
G1 X99.774 Y99.774 E262.99166
G1 X100.595 Y99.774 E263.05937
G1 X101.094 Y100.274 E263.11763
G1 X101.914 Y100.274 E263.18525
G1 X101.415 Y99.774 E263.24351
G1 X102.235 Y99.774 E263.31113
G1 X102.734 Y100.274 E263.36939
G1 X103.555 Y100.274 E263.43709
G1 X103.055 Y99.774 E263.49541
G1 X103.876 Y99.774 E263.56311
G1 X104.375 Y100.274 E263.62137
G1 X105.195 Y100.274 E263.68899
G1 X104.696 Y99.774 E263.74725
G1 X105.516 Y99.774 E263.81487
G1 X106.136 Y100.395 E263.88724
G1 X106.29 Y100.438 E263.90043
G1 X106.661 Y100.665 E263.9363
G1 X107.007 Y100.992 E263.97556
G1 X107.188 Y101.377 E264.01064
G1 X107.229 Y101.694 E264.037
G1 X107.229 Y102.157 E264.07518
G1 X107.197 Y102.275 E264.08527
G1 X112.904 Y107.982 E264.75086
G1 X112.852 Y108.084 E264.76031
G1 X112.775 Y108.378 E264.78537
G1 X112.767 Y108.666 E264.80913
G1 X107.254 Y103.153 E265.4521
G1 X107.291 Y103.299 E265.46452
G1 X107.232 Y103.299 E265.46939
G1 X107.232 Y103.591 E265.49347
G1 X107.179 Y103.898 E265.51916
G1 X112.854 Y109.573 E266.18102
G1 X112.765 Y109.962 E266.21393
G1 X112.765 Y110.305 E266.24222
G1 X107.227 Y104.766 E266.88816
G1 X107.233 Y104.925 E266.90129
G1 X107.296 Y104.926 E266.90648
G1 X107.147 Y105.506 E266.95587
G1 X112.819 Y111.179 E267.61744
G1 X112.769 Y111.452 E267.64033
G1 X112.764 Y111.944 E267.6809
G1 X107.285 Y106.464 E268.31997
G1 X107.166 Y106.931 E268.35971
G1 X107.088 Y107.088 E268.37417
G1 X112.779 Y112.779 E269.0379
G1 X112.712 Y113.132 E269.06753
G1 X112.761 Y113.132 E269.07157
G1 X112.777 Y113.455 E269.09824
G1 X112.825 Y113.645 E269.1144
G1 X107.229 Y108.05 E269.767
G1 X107.228 Y108.17 E269.77689
G1 X107.148 Y108.459 E269.80162
G1 X107.073 Y108.609 E269.81545
G1 X107.151 Y108.791 E269.83178
G1 X112.76 Y114.4 E270.48595
G1 X112.773 Y115.035 E270.53833
G1 X112.922 Y115.382 E270.56947
G1 X107.218 Y109.679 E271.23466
G1 X107.146 Y109.966 E271.25906
G1 X107.073 Y110.111 E271.27245
G1 X107.207 Y110.488 E271.30544
G1 X112.765 Y116.046 E271.95366
G1 X112.765 Y116.292 E271.97395
G1 X112.795 Y116.557 E271.99594
G1 X112.925 Y116.888 E272.02527
G1 X112.879 Y116.98 E272.03375
G1 X107.182 Y111.283 E272.69818
G1 X107.06 Y111.586 E272.72512
G1 X107.168 Y111.791 E272.74423
G1 X107.248 Y112.169 E272.77609
G1 X112.77 Y117.691 E273.42011
G1 X112.765 Y117.931 E273.43991
G1 X112.837 Y118.2 E273.46288
G1 X112.922 Y118.383 E273.47952
G1 X112.835 Y118.577 E273.49705
G1 X107.144 Y112.886 E274.16078
G1 X107.075 Y113.064 E274.17652
G1 X107.147 Y113.212 E274.1901
G1 X107.217 Y113.463 E274.21159
G1 X107.23 Y113.792 E274.23874
G1 X112.768 Y119.33 E274.88463
G1 X112.852 Y119.751 E274.92003
G1 X112.927 Y119.887 E274.93284
G1 X112.822 Y120.204 E274.96038
G1 X107.111 Y114.493 E275.62644
G1 X107.077 Y114.562 E275.63278
G1 X107.166 Y114.742 E275.64934
G1 X107.297 Y115.249 E275.69253
G1 X107.233 Y115.249 E275.69781
G1 X107.234 Y115.375 E275.7082
G1 X107.297 Y115.375 E275.71339
G1 X107.27 Y115.473 E275.72178
G1 X112.021 Y120.224 E276.27588
G1 X111.201 Y120.224 E276.3435
G1 X107.108 Y116.13 E276.82092
G1 X107.156 Y116.234 E276.83036
G1 X107.19 Y116.234 E276.83317
G1 X107.215 Y116.432 E276.84963
G1 X107.297 Y116.749 E276.87663
G1 X107.234 Y116.748 E276.88182
G1 X107.224 Y117.067 E276.90815
G1 X110.381 Y120.224 E277.27634
G1 X109.561 Y120.224 E277.34396
G1 X107.235 Y117.898 E277.61524
G1 X107.23 Y118.493 E277.66431
G1 X107.205 Y118.689 E277.68061
G1 X108.741 Y120.224 E277.85969
G1 X107.154 Y120.224 E277.99057
G1 X107.229 Y120.024 E278.00818
G1 X107.236 Y119.54 E278.0481
G1 X107.92 Y120.224 E278.12787
G0 F9000 X107.92 Y120.145
;MESH:NONMESH
G0 F600 X107.92 Y120.145 Z3.28
G0 F9000 X113.191 Y102.025
G0 X113.739 Y100.664
G0 X114.132 Y100.595
G0 X114.132 Y100.895
;TIME_ELAPSED:381.746982
;LAYER:25
;TYPE:WALL-INNER
;MESH:belt_holder_screw.stl
G1 F1403.1 X114.367 Y100.815 E278.13376
G1 X121.03 Y100.815 E278.29166
G1 X121.027 Y99.235 E278.3291
G1 X98.98 Y99.235 E278.85156
G1 X98.971 Y100.734 E278.88709
G1 X98.972 Y100.815 E278.88901
G1 X105.593 Y100.815 E279.04591
G1 X105.962 Y100.918 E279.05499
G1 X106.311 Y101.129 E279.06466
G1 X106.527 Y101.333 E279.0717
G1 X106.654 Y101.607 E279.07885
G1 X106.648 Y102.109 E279.09075
G1 X106.541 Y102.408 E279.09828
G1 X106.308 Y102.635 E279.10598
G1 X106.541 Y102.862 E279.11369
G1 X106.646 Y103.144 E279.12082
G1 X106.653 Y103.667 E279.13322
G1 X106.544 Y103.91 E279.13953
G1 X106.311 Y104.137 E279.14724
G1 X106.543 Y104.363 E279.15491
G1 X106.646 Y104.603 E279.1611
G1 X106.652 Y105.078 E279.17236
G1 X106.546 Y105.407 E279.18055
G1 X106.311 Y105.632 E279.18826
G1 X106.546 Y105.858 E279.19599
G1 X106.656 Y106.165 E279.20372
G1 X106.652 Y106.595 E279.21391
G1 X106.547 Y106.908 E279.22173
G1 X106.312 Y107.134 E279.22946
G1 X106.547 Y107.36 E279.23718
G1 X106.654 Y107.656 E279.24464
G1 X106.646 Y108.095 E279.25505
G1 X106.543 Y108.404 E279.26277
G1 X106.311 Y108.631 E279.27046
G1 X106.545 Y108.857 E279.27817
G1 X106.653 Y109.195 E279.28658
G1 X106.646 Y109.595 E279.29606
G1 X106.542 Y109.905 E279.30381
G1 X106.309 Y110.131 E279.3115
G1 X106.543 Y110.357 E279.31921
G1 X106.654 Y110.667 E279.32701
G1 X106.641 Y111.09 E279.33704
G1 X106.537 Y111.363 E279.34396
G1 X106.285 Y111.607 E279.35228
G1 X106.538 Y111.85 E279.36059
G1 X106.648 Y112.179 E279.36881
G1 X106.653 Y112.617 E279.37919
G1 X106.544 Y112.86 E279.3855
G1 X106.311 Y113.087 E279.39321
G1 X106.543 Y113.313 E279.40089
G1 X106.646 Y113.553 E279.40707
G1 X106.652 Y114.028 E279.41833
G1 X106.546 Y114.357 E279.42652
G1 X106.311 Y114.582 E279.43423
G1 X106.546 Y114.808 E279.44196
G1 X106.656 Y115.115 E279.44969
G1 X106.652 Y115.545 E279.45988
G1 X106.547 Y115.858 E279.4677
G1 X106.312 Y116.084 E279.47543
G1 X106.547 Y116.31 E279.48315
G1 X106.656 Y116.616 E279.49085
G1 X106.645 Y117.055 E279.50126
G1 X106.578 Y117.29 E279.50705
G1 X106.31 Y117.581 E279.51642
G1 X106.581 Y117.87 E279.52581
G1 X106.656 Y118.108 E279.53173
G1 X106.646 Y118.601 E279.54341
G1 X106.588 Y118.77 E279.54765
G1 X106.309 Y119.081 E279.55755
G1 X106.591 Y119.391 E279.56748
G1 X106.657 Y119.578 E279.57218
G1 X106.648 Y119.996 E279.58209
G1 X106.467 Y120.457 E279.59382
G1 X106.314 Y120.58 E279.59848
G1 X106.494 Y120.765 E279.60459
G1 X113.346 Y120.765 E279.76697
G1 X113.352 Y120.454 E279.77434
G1 X113.418 Y120.128 E279.78222
G1 X113.687 Y119.87 E279.79106
G1 X113.462 Y119.659 E279.79837
G1 X113.397 Y119.537 E279.80164
G1 X113.343 Y119.242 E279.80875
G1 X113.354 Y118.871 E279.81754
G1 X113.448 Y118.611 E279.8241
G1 X113.688 Y118.37 E279.83216
G1 X113.444 Y118.131 E279.84025
G1 X113.338 Y117.86 E279.84715
G1 X113.358 Y117.369 E279.85879
G1 X113.457 Y117.096 E279.86567
G1 X113.688 Y116.87 E279.87333
G1 X113.453 Y116.645 E279.88104
G1 X113.341 Y116.395 E279.88753
G1 X113.354 Y115.863 E279.90014
G1 X113.457 Y115.595 E279.90695
G1 X113.689 Y115.37 E279.91461
G1 X113.455 Y115.145 E279.9223
G1 X113.349 Y114.84 E279.92995
G1 X113.331 Y114.399 E279.94041
G1 X113.445 Y114.087 E279.94828
G1 X113.679 Y113.863 E279.95596
G1 X113.449 Y113.636 E279.96362
G1 X113.352 Y113.365 E279.97044
G1 X113.335 Y112.931 E279.98073
G1 X113.445 Y112.586 E279.98931
G1 X113.679 Y112.361 E279.99701
G1 X113.449 Y112.134 E280.00466
G1 X113.346 Y111.835 E280.01216
G1 X113.353 Y111.469 E280.02083
G1 X113.456 Y111.147 E280.02885
G1 X113.687 Y110.92 E280.03652
G1 X113.453 Y110.694 E280.04423
G1 X113.343 Y110.345 E280.0529
G1 X113.358 Y109.919 E280.063
G1 X113.457 Y109.646 E280.06988
G1 X113.688 Y109.42 E280.07754
G1 X113.453 Y109.195 E280.08525
G1 X113.34 Y108.943 E280.0918
G1 X113.358 Y108.419 E280.10422
G1 X113.457 Y108.146 E280.1111
G1 X113.688 Y107.92 E280.11876
G1 X113.453 Y107.695 E280.12647
G1 X113.341 Y107.445 E280.13296
G1 X113.354 Y106.913 E280.14558
G1 X113.457 Y106.645 E280.15238
G1 X113.689 Y106.42 E280.16004
G1 X113.455 Y106.195 E280.16773
G1 X113.349 Y105.89 E280.17538
G1 X113.331 Y105.449 E280.18584
G1 X113.445 Y105.137 E280.19371
G1 X113.679 Y104.913 E280.20139
G1 X113.449 Y104.686 E280.20905
G1 X113.352 Y104.415 E280.21587
G1 X113.335 Y103.98 E280.22619
G1 X113.445 Y103.636 E280.23474
G1 X113.679 Y103.411 E280.24244
G1 X113.449 Y103.183 E280.25011
G1 X113.344 Y102.882 E280.25767
G1 X113.355 Y102.368 E280.26985
G1 X113.519 Y102.06 E280.27812
G1 X113.841 Y101.824 E280.28758
G1 X113.772 Y101.736 E280.29023
G1 X113.747 Y101.495 E280.29597
G1 X113.783 Y101.313 E280.30037
G1 X113.899 Y101.089 E280.30635
G1 X114.132 Y100.895 E280.31353
G1 F1800 E278.31353
G0 F9000 X114.132 Y100.595
G0 X106.425 Y100.944
G1 F900 E280.31353
G0 F9000 X106.166 Y101.369
;TYPE:WALL-OUTER
G1 F1079.3 X106.296 Y101.492 E280.31743
G1 X106.373 Y101.658 E280.32142
G1 X106.369 Y102.083 E280.33069
G1 X106.304 Y102.259 E280.33478
G1 X106.155 Y102.404 E280.33931
G1 X105.76 Y102.635 E280.34929
G1 X106.155 Y102.865 E280.35925
G1 X106.304 Y103.01 E280.36379
G1 X106.367 Y103.167 E280.36748
G1 X106.373 Y103.561 E280.37607
G1 X106.307 Y103.761 E280.38066
G1 X106.16 Y103.904 E280.38513
G1 X105.76 Y104.136 E280.39521
G1 X106.158 Y104.367 E280.40524
G1 X106.304 Y104.511 E280.40971
G1 X106.367 Y104.655 E280.41314
G1 X106.373 Y105.06 E280.42197
G1 X106.308 Y105.259 E280.42654
G1 X106.158 Y105.404 E280.43108
G1 X105.762 Y105.634 E280.44107
G1 X106.159 Y105.862 E280.45105
G1 X106.309 Y106.007 E280.4556
G1 X106.374 Y106.207 E280.46018
G1 X106.373 Y106.57 E280.4681
G1 X106.31 Y106.759 E280.47244
G1 X106.159 Y106.904 E280.47701
G1 X105.763 Y107.135 E280.487
G1 X106.159 Y107.364 E280.49697
G1 X106.31 Y107.509 E280.50154
G1 X106.374 Y107.712 E280.50618
G1 X106.366 Y108.115 E280.51497
G1 X106.305 Y108.257 E280.51834
G1 X106.158 Y108.402 E280.52284
G1 X105.762 Y108.633 E280.53283
G1 X106.16 Y108.863 E280.54285
G1 X106.308 Y109.006 E280.54734
G1 X106.375 Y109.155 E280.5509
G1 X106.367 Y109.57 E280.55995
G1 X106.304 Y109.758 E280.56428
G1 X106.155 Y109.903 E280.56881
G1 X105.76 Y110.133 E280.57877
G1 X106.156 Y110.362 E280.58875
G1 X106.306 Y110.506 E280.59328
G1 X106.371 Y110.708 E280.59791
G1 X106.362 Y111.058 E280.60554
G1 X106.301 Y111.213 E280.60917
G1 X106.157 Y111.352 E280.61354
G1 X105.754 Y111.588 E280.62372
G1 X105.878 Y111.699 E280.62735
G1 X106.157 Y111.863 E280.6344
G1 X106.302 Y112.001 E280.63877
G1 X106.366 Y112.175 E280.64281
G1 X106.373 Y112.511 E280.65013
G1 X106.307 Y112.711 E280.65473
G1 X106.16 Y112.854 E280.6592
G1 X105.76 Y113.086 E280.66928
G1 X106.158 Y113.317 E280.67931
G1 X106.304 Y113.461 E280.68378
G1 X106.367 Y113.605 E280.68721
G1 X106.373 Y114.01 E280.69604
G1 X106.308 Y114.209 E280.7006
G1 X106.158 Y114.354 E280.70515
G1 X105.762 Y114.584 E280.71514
G1 X106.159 Y114.812 E280.72512
G1 X106.309 Y114.957 E280.72967
G1 X106.374 Y115.157 E280.73425
G1 X106.373 Y115.52 E280.74217
G1 X106.31 Y115.709 E280.74651
G1 X106.159 Y115.854 E280.75107
G1 X105.763 Y116.085 E280.76107
G1 X106.159 Y116.314 E280.77104
G1 X106.31 Y116.459 E280.77561
G1 X106.374 Y116.662 E280.78025
G1 X106.364 Y117.046 E280.78862
G1 X106.326 Y117.169 E280.79143
G1 X106.158 Y117.352 E280.79684
G1 X105.762 Y117.583 E280.80684
G1 X106.16 Y117.813 E280.81686
G1 X106.33 Y117.994 E280.82228
G1 X106.375 Y118.137 E280.82554
G1 X106.365 Y118.619 E280.83605
G1 X106.157 Y118.852 E280.84286
G1 X105.76 Y119.083 E280.85288
G1 X106.159 Y119.314 E280.86293
G1 X106.336 Y119.508 E280.86865
G1 X106.374 Y119.696 E280.87284
G1 X106.368 Y119.99 E280.87925
G1 X106.245 Y120.301 E280.88654
G1 X105.793 Y120.565 E280.89795
G1 X105.876 Y120.645 E280.90046
G1 X106.249 Y120.864 E280.9099
G1 X106.326 Y121.045 E280.91418
G1 X113.727 Y121.04 E281.07554
G1 X113.626 Y120.754 E281.08215
G1 X113.632 Y120.46 E281.08856
G1 X113.7 Y120.235 E281.09369
G1 X113.844 Y120.097 E281.09804
G1 X114.237 Y119.868 E281.10795
G1 X113.837 Y119.637 E281.11802
G1 X113.655 Y119.43 E281.12403
G1 X113.623 Y119.25 E281.12802
G1 X113.639 Y118.888 E281.13592
G1 X113.69 Y118.752 E281.13909
G1 X113.843 Y118.598 E281.14382
G1 X114.239 Y118.366 E281.15383
G1 X113.839 Y118.138 E281.16386
G1 X113.684 Y117.986 E281.1686
G1 X113.62 Y117.824 E281.17239
G1 X113.637 Y117.397 E281.18171
G1 X113.695 Y117.243 E281.1853
G1 X113.843 Y117.098 E281.18982
G1 X114.238 Y116.866 E281.1998
G1 X113.839 Y116.638 E281.20982
G1 X113.689 Y116.495 E281.21434
G1 X113.627 Y116.33 E281.21818
G1 X113.633 Y115.904 E281.22747
G1 X113.695 Y115.743 E281.23123
G1 X113.843 Y115.598 E281.23575
G1 X114.238 Y115.366 E281.24574
G1 X113.841 Y115.139 E281.25571
G1 X113.692 Y114.996 E281.26021
G1 X113.628 Y114.835 E281.26399
G1 X113.615 Y114.444 E281.27252
G1 X113.681 Y114.237 E281.27725
G1 X113.831 Y114.094 E281.28177
G1 X114.234 Y113.864 E281.29189
G1 X113.835 Y113.636 E281.30191
G1 X113.688 Y113.49 E281.30643
G1 X113.627 Y113.304 E281.31069
G1 X113.615 Y112.945 E281.31852
G1 X113.681 Y112.736 E281.3233
G1 X113.83 Y112.594 E281.32779
G1 X114.236 Y112.363 E281.33797
G1 X113.835 Y112.133 E281.34805
G1 X113.689 Y111.988 E281.35254
G1 X113.627 Y111.781 E281.35725
G1 X113.637 Y111.447 E281.36454
G1 X113.695 Y111.293 E281.36812
G1 X113.844 Y111.147 E281.37267
G1 X114.272 Y110.896 E281.38349
G1 X114.122 Y110.851 E281.3869
G1 X113.838 Y110.687 E281.39405
G1 X113.689 Y110.544 E281.39856
G1 X113.623 Y110.333 E281.40338
G1 X113.637 Y109.947 E281.4118
G1 X113.695 Y109.793 E281.41538
G1 X113.843 Y109.648 E281.4199
G1 X114.239 Y109.416 E281.42991
G1 X113.839 Y109.188 E281.43995
G1 X113.689 Y109.045 E281.44446
G1 X113.627 Y108.88 E281.44831
G1 X113.634 Y108.476 E281.45712
G1 X113.695 Y108.293 E281.46132
G1 X113.843 Y108.148 E281.46584
G1 X114.238 Y107.916 E281.47583
G1 X113.839 Y107.688 E281.48585
G1 X113.689 Y107.545 E281.49036
G1 X113.627 Y107.38 E281.49421
G1 X113.633 Y106.954 E281.5035
G1 X113.695 Y106.793 E281.50726
G1 X113.843 Y106.648 E281.51177
G1 X114.238 Y106.416 E281.52176
G1 X113.841 Y106.189 E281.53173
G1 X113.692 Y106.046 E281.53623
G1 X113.628 Y105.885 E281.54001
G1 X113.615 Y105.494 E281.54854
G1 X113.681 Y105.287 E281.55328
G1 X113.831 Y105.144 E281.5578
G1 X114.234 Y104.914 E281.56791
G1 X113.835 Y104.686 E281.57793
G1 X113.688 Y104.54 E281.58245
G1 X113.627 Y104.354 E281.58672
G1 X113.615 Y103.995 E281.59455
G1 X113.681 Y103.786 E281.59933
G1 X113.83 Y103.644 E281.60381
G1 X114.235 Y103.413 E281.61398
G1 X113.835 Y103.183 E281.62404
G1 X113.688 Y103.038 E281.62854
G1 X113.627 Y102.851 E281.63283
G1 X113.633 Y102.43 E281.64201
G1 X113.754 Y102.2 E281.64767
G1 X114.238 Y101.915 E281.65992
G1 X114.042 Y101.659 E281.66695
G1 X114.026 Y101.513 E281.67015
G1 X114.121 Y101.261 E281.67602
G1 X114.262 Y101.143 E281.68003
G1 X114.404 Y101.095 E281.6833
G1 X121.311 Y101.095 E281.83389
G1 X121.306 Y98.955 E281.88054
G1 X98.702 Y98.955 E282.37335
G1 X98.691 Y100.735 E282.41216
G1 X98.693 Y101.095 E282.42001
G1 X105.593 Y101.095 E282.57045
G1 X105.817 Y101.157 E282.57551
G1 X106.166 Y101.369 E282.58442
G0 F9000 X106.296 Y101.492
G0 X106.305 Y101.512
G0 X106.798 Y100.702
;MESH:NONMESH
G0 F600 X106.798 Y100.702 Z3.4
G0 F9000 X114.141 Y100.595
G0 X114.141 Y100.895
;TIME_ELAPSED:392.761098
;LAYER:26
;TYPE:WALL-INNER
;MESH:belt_holder_screw.stl
G1 F1391.3 X114.376 Y100.815 E282.5903
G1 X121.041 Y100.815 E282.74824
G1 X121.036 Y99.235 E282.78569
G1 X98.969 Y99.235 E283.30863
G1 X98.96 Y100.815 E283.34607
G1 X105.568 Y100.815 E283.50267
G1 X105.931 Y100.914 E283.51158
G1 X106.299 Y101.131 E283.52171
G1 X106.516 Y101.332 E283.52872
G1 X106.646 Y101.605 E283.53588
G1 X106.645 Y102.128 E283.54828
G1 X106.538 Y102.415 E283.55553
G1 X106.303 Y102.643 E283.56329
G1 X106.537 Y102.87 E283.57102
G1 X106.636 Y103.141 E283.57786
G1 X106.648 Y103.67 E283.5904
G1 X106.539 Y103.916 E283.59677
G1 X106.304 Y104.144 E283.60453
G1 X106.538 Y104.371 E283.61226
G1 X106.641 Y104.683 E283.62004
G1 X106.65 Y105.115 E283.63028
G1 X106.54 Y105.413 E283.63781
G1 X106.307 Y105.639 E283.6455
G1 X106.541 Y105.866 E283.65323
G1 X106.651 Y106.174 E283.66098
G1 X106.641 Y106.636 E283.67193
G1 X106.537 Y106.915 E283.67899
G1 X106.303 Y107.141 E283.6867
G1 X106.537 Y107.367 E283.69441
G1 X106.638 Y107.646 E283.70144
G1 X106.646 Y108.078 E283.71168
G1 X106.539 Y108.415 E283.72006
G1 X106.304 Y108.642 E283.7278
G1 X106.538 Y108.868 E283.73551
G1 X106.645 Y109.17 E283.7431
G1 X106.646 Y109.578 E283.75277
G1 X106.539 Y109.915 E283.76115
G1 X106.303 Y110.142 E283.76891
G1 X106.538 Y110.368 E283.77663
G1 X106.643 Y110.608 E283.78284
G1 X106.644 Y111.127 E283.79514
G1 X106.534 Y111.372 E283.80151
G1 X106.277 Y111.618 E283.80994
G1 X106.533 Y111.858 E283.81825
G1 X106.64 Y112.159 E283.82582
G1 X106.647 Y112.622 E283.8368
G1 X106.539 Y112.866 E283.84312
G1 X106.304 Y113.094 E283.85088
G1 X106.538 Y113.321 E283.85861
G1 X106.641 Y113.633 E283.86639
G1 X106.65 Y114.065 E283.87663
G1 X106.54 Y114.363 E283.88416
G1 X106.307 Y114.589 E283.89185
G1 X106.541 Y114.816 E283.89958
G1 X106.651 Y115.124 E283.90733
G1 X106.641 Y115.586 E283.91828
G1 X106.537 Y115.865 E283.92533
G1 X106.303 Y116.091 E283.93304
G1 X106.537 Y116.317 E283.94075
G1 X106.638 Y116.596 E283.94778
G1 X106.646 Y117.021 E283.95786
G1 X106.573 Y117.303 E283.96476
G1 X106.303 Y117.592 E283.97413
G1 X106.572 Y117.88 E283.98347
G1 X106.644 Y118.118 E283.98937
G1 X106.647 Y118.602 E284.00084
G1 X106.583 Y118.782 E284.00536
G1 X106.301 Y119.092 E284.01529
G1 X106.582 Y119.4 E284.02517
G1 X106.643 Y119.576 E284.02959
G1 X106.646 Y119.982 E284.03921
G1 X106.457 Y120.47 E284.05161
G1 X106.308 Y120.589 E284.05613
G1 X106.48 Y120.765 E284.06196
G1 X113.355 Y120.765 E284.22488
G1 X113.351 Y120.476 E284.23173
G1 X113.402 Y120.196 E284.23848
G1 X113.466 Y120.073 E284.24176
G1 X113.694 Y119.857 E284.24921
G1 X113.467 Y119.641 E284.25663
G1 X113.404 Y119.519 E284.25989
G1 X113.355 Y119.259 E284.26616
G1 X113.354 Y118.874 E284.27528
G1 X113.451 Y118.602 E284.28212
G1 X113.697 Y118.358 E284.29033
G1 X113.452 Y118.115 E284.29851
G1 X113.355 Y117.845 E284.30531
G1 X113.355 Y117.413 E284.31555
G1 X113.46 Y117.089 E284.32362
G1 X113.692 Y116.862 E284.33131
G1 X113.457 Y116.636 E284.33904
G1 X113.347 Y116.329 E284.34677
G1 X113.36 Y115.889 E284.3572
G1 X113.463 Y115.588 E284.36474
G1 X113.695 Y115.362 E284.37241
G1 X113.461 Y115.136 E284.38012
G1 X113.355 Y114.899 E284.38627
G1 X113.344 Y114.394 E284.39824
G1 X113.454 Y114.082 E284.40608
G1 X113.687 Y113.856 E284.41378
G1 X113.456 Y113.63 E284.42143
G1 X113.354 Y113.324 E284.42908
G1 X113.346 Y112.922 E284.43861
G1 X113.455 Y112.58 E284.44711
G1 X113.691 Y112.355 E284.45484
G1 X113.459 Y112.126 E284.46257
G1 X113.357 Y111.887 E284.46872
G1 X113.356 Y111.376 E284.48083
G1 X113.461 Y111.135 E284.48706
G1 X113.695 Y110.909 E284.49477
G1 X113.461 Y110.682 E284.5025
G1 X113.355 Y110.439 E284.50878
G1 X113.355 Y109.921 E284.52106
G1 X113.461 Y109.635 E284.52828
G1 X113.696 Y109.408 E284.53603
G1 X113.461 Y109.182 E284.54375
G1 X113.355 Y108.884 E284.55125
G1 X113.355 Y108.47 E284.56106
G1 X113.46 Y108.139 E284.56929
G1 X113.692 Y107.912 E284.57698
G1 X113.457 Y107.686 E284.58471
G1 X113.347 Y107.379 E284.59244
G1 X113.36 Y106.939 E284.60287
G1 X113.463 Y106.638 E284.61041
G1 X113.695 Y106.412 E284.61808
G1 X113.461 Y106.186 E284.62579
G1 X113.355 Y105.949 E284.63194
G1 X113.344 Y105.444 E284.64391
G1 X113.454 Y105.132 E284.65175
G1 X113.687 Y104.906 E284.65945
G1 X113.456 Y104.68 E284.6671
G1 X113.354 Y104.374 E284.67475
G1 X113.344 Y103.945 E284.68492
G1 X113.455 Y103.631 E284.69281
G1 X113.691 Y103.405 E284.70055
G1 X113.459 Y103.176 E284.70828
G1 X113.362 Y102.905 E284.7151
G1 X113.353 Y102.376 E284.72764
G1 X113.526 Y102.049 E284.7364
G1 X113.848 Y101.815 E284.74584
G1 X113.778 Y101.725 E284.74854
G1 X113.756 Y101.489 E284.75416
G1 X113.792 Y101.313 E284.75841
G1 X113.908 Y101.089 E284.76439
G1 X114.141 Y100.895 E284.77158
G1 F1800 E282.77158
G0 F9000 X114.141 Y100.595
G0 X106.41 Y100.943
G1 F900 E284.77158
G0 F9000 X106.156 Y101.372
;TYPE:WALL-OUTER
G1 F1070.3 X106.287 Y101.494 E284.77548
G1 X106.367 Y101.661 E284.77952
G1 X106.361 Y102.103 E284.78915
G1 X106.3 Y102.267 E284.79297
G1 X106.152 Y102.41 E284.79745
G1 X105.756 Y102.642 E284.80746
G1 X106.151 Y102.874 E284.81745
G1 X106.299 Y103.017 E284.82193
G1 X106.361 Y103.2 E284.82615
G1 X106.367 Y103.565 E284.83411
G1 X106.302 Y103.767 E284.83873
G1 X106.151 Y103.913 E284.84331
G1 X105.756 Y104.143 E284.85328
G1 X106.151 Y104.373 E284.86324
G1 X106.299 Y104.518 E284.86776
G1 X106.361 Y104.66 E284.87114
G1 X106.367 Y105.065 E284.87997
G1 X106.303 Y105.266 E284.88457
G1 X106.154 Y105.41 E284.88909
G1 X105.758 Y105.64 E284.89907
G1 X106.154 Y105.87 E284.90905
G1 X106.303 Y106.014 E284.91357
G1 X106.37 Y106.201 E284.9179
G1 X106.363 Y106.575 E284.92606
G1 X106.3 Y106.766 E284.93044
G1 X106.15 Y106.911 E284.93499
G1 X105.754 Y107.141 E284.94497
G1 X106.15 Y107.371 E284.95496
G1 X106.3 Y107.516 E284.95951
G1 X106.363 Y107.712 E284.964
G1 X106.366 Y108.062 E284.97163
G1 X106.301 Y108.266 E284.9763
G1 X106.153 Y108.41 E284.9808
G1 X105.756 Y108.641 E284.99081
G1 X106.152 Y108.872 E285.00081
G1 X106.3 Y109.016 E285.00531
G1 X106.365 Y109.241 E285.01041
G1 X106.366 Y109.562 E285.01741
G1 X106.301 Y109.766 E285.02208
G1 X106.151 Y109.911 E285.02663
G1 X105.754 Y110.141 E285.03663
G1 X106.15 Y110.371 E285.04662
G1 X106.3 Y110.516 E285.05116
G1 X106.364 Y110.72 E285.05583
G1 X106.365 Y111.016 E285.06228
G1 X106.298 Y111.221 E285.06698
G1 X106.152 Y111.36 E285.07138
G1 X105.752 Y111.594 E285.08148
G1 X105.885 Y111.713 E285.08537
G1 X106.152 Y111.869 E285.09211
G1 X106.297 Y112.009 E285.09651
G1 X106.358 Y112.164 E285.10014
G1 X106.367 Y112.515 E285.10779
G1 X106.302 Y112.717 E285.11242
G1 X106.151 Y112.863 E285.117
G1 X105.756 Y113.093 E285.12696
G1 X106.151 Y113.323 E285.13693
G1 X106.299 Y113.468 E285.14145
G1 X106.361 Y113.61 E285.14483
G1 X106.367 Y114.015 E285.15366
G1 X106.303 Y114.216 E285.15826
G1 X106.154 Y114.36 E285.16277
G1 X105.758 Y114.59 E285.17276
G1 X106.154 Y114.82 E285.18274
G1 X106.303 Y114.964 E285.18726
G1 X106.37 Y115.151 E285.19159
G1 X106.363 Y115.525 E285.19975
G1 X106.3 Y115.716 E285.20413
G1 X106.15 Y115.861 E285.20868
G1 X105.754 Y116.091 E285.21866
G1 X106.15 Y116.321 E285.22865
G1 X106.3 Y116.466 E285.2332
G1 X106.363 Y116.662 E285.23768
G1 X106.367 Y116.984 E285.2447
G1 X106.322 Y117.179 E285.24907
G1 X106.153 Y117.36 E285.25447
G1 X105.756 Y117.591 E285.26448
G1 X106.152 Y117.822 E285.27448
G1 X106.321 Y118.003 E285.27987
G1 X106.359 Y118.127 E285.2827
G1 X106.366 Y118.483 E285.29047
G1 X106.328 Y118.666 E285.29454
G1 X106.151 Y118.861 E285.30028
G1 X105.754 Y119.091 E285.31028
G1 X106.15 Y119.321 E285.32027
G1 X106.326 Y119.516 E285.326
G1 X106.364 Y119.62 E285.32841
G1 X106.366 Y119.984 E285.33635
G1 X106.24 Y120.309 E285.34395
G1 X105.79 Y120.57 E285.35529
G1 X105.885 Y120.663 E285.35819
G1 X106.241 Y120.872 E285.36719
G1 X106.313 Y121.045 E285.37127
G1 X113.741 Y121.043 E285.53322
G1 X113.636 Y120.764 E285.53972
G1 X113.631 Y120.471 E285.5461
G1 X113.7 Y120.227 E285.55163
G1 X113.846 Y120.089 E285.55601
G1 X114.244 Y119.859 E285.56604
G1 X113.847 Y119.628 E285.57605
G1 X113.703 Y119.49 E285.5804
G1 X113.635 Y119.258 E285.58567
G1 X113.634 Y118.965 E285.59206
G1 X113.693 Y118.744 E285.59704
G1 X113.849 Y118.589 E285.60184
G1 X114.246 Y118.359 E285.61184
G1 X113.849 Y118.129 E285.62184
G1 X113.693 Y117.974 E285.62664
G1 X113.635 Y117.815 E285.63033
G1 X113.634 Y117.382 E285.63977
G1 X113.698 Y117.236 E285.64324
G1 X113.846 Y117.091 E285.64776
G1 X114.243 Y116.859 E285.65779
G1 X113.843 Y116.63 E285.66784
G1 X113.694 Y116.486 E285.67235
G1 X113.632 Y116.322 E285.67618
G1 X113.638 Y115.879 E285.68583
G1 X113.701 Y115.735 E285.68926
G1 X113.849 Y115.59 E285.69378
G1 X114.246 Y115.358 E285.7038
G1 X113.847 Y115.13 E285.71382
G1 X113.698 Y114.986 E285.71834
G1 X113.636 Y114.823 E285.72214
G1 X113.626 Y114.437 E285.73056
G1 X113.691 Y114.231 E285.73527
G1 X113.84 Y114.088 E285.73977
G1 X114.242 Y113.856 E285.74989
G1 X113.842 Y113.628 E285.75993
G1 X113.695 Y113.483 E285.76443
G1 X113.633 Y113.298 E285.76869
G1 X113.626 Y112.937 E285.77656
G1 X113.692 Y112.73 E285.78129
G1 X113.84 Y112.589 E285.78575
G1 X114.243 Y112.355 E285.79591
G1 X113.844 Y112.125 E285.80595
G1 X113.698 Y111.98 E285.81044
G1 X113.636 Y111.78 E285.815
G1 X113.635 Y111.483 E285.82148
G1 X113.699 Y111.283 E285.82606
G1 X113.848 Y111.139 E285.83057
G1 X114.274 Y110.891 E285.84132
G1 X114.139 Y110.85 E285.8444
G1 X113.848 Y110.679 E285.85176
G1 X113.699 Y110.534 E285.85629
G1 X113.635 Y110.329 E285.86097
G1 X113.634 Y109.987 E285.86843
G1 X113.698 Y109.784 E285.87307
G1 X113.849 Y109.639 E285.87763
G1 X114.246 Y109.409 E285.88763
G1 X113.849 Y109.179 E285.89764
G1 X113.699 Y109.034 E285.90219
G1 X113.639 Y108.87 E285.90599
G1 X113.633 Y108.434 E285.9155
G1 X113.698 Y108.286 E285.91902
G1 X113.846 Y108.141 E285.92354
G1 X114.243 Y107.909 E285.93357
G1 X113.843 Y107.68 E285.94362
G1 X113.694 Y107.536 E285.94813
G1 X113.632 Y107.372 E285.95196
G1 X113.638 Y106.929 E285.96161
G1 X113.701 Y106.785 E285.96504
G1 X113.849 Y106.64 E285.96956
G1 X114.246 Y106.408 E285.97958
G1 X113.847 Y106.18 E285.9896
G1 X113.698 Y106.036 E285.99412
G1 X113.636 Y105.873 E285.99792
G1 X113.626 Y105.487 E286.00634
G1 X113.691 Y105.281 E286.01105
G1 X113.84 Y105.138 E286.01555
G1 X114.242 Y104.906 E286.02567
G1 X113.842 Y104.678 E286.03571
G1 X113.695 Y104.533 E286.04021
G1 X113.633 Y104.348 E286.04447
G1 X113.626 Y103.987 E286.05234
G1 X113.692 Y103.78 E286.05707
G1 X113.84 Y103.639 E286.06153
G1 X114.243 Y103.405 E286.07169
G1 X113.844 Y103.175 E286.08173
G1 X113.698 Y103.03 E286.08622
G1 X113.637 Y102.847 E286.09042
G1 X113.634 Y102.426 E286.0996
G1 X113.759 Y102.192 E286.10539
G1 X114.246 Y101.908 E286.11768
G1 X114.049 Y101.652 E286.12472
G1 X114.036 Y101.509 E286.12785
G1 X114.13 Y101.261 E286.13363
G1 X114.271 Y101.143 E286.13764
G1 X114.413 Y101.095 E286.14091
G1 X121.322 Y101.095 E286.29154
G1 X121.315 Y98.955 E286.3382
G1 X98.69 Y98.955 E286.83147
G1 X98.679 Y101.095 E286.87812
G1 X105.568 Y101.095 E287.02832
G1 X105.788 Y101.155 E287.03329
G1 X106.156 Y101.372 E287.0426
G0 F9000 X106.287 Y101.494
G0 X106.296 Y101.512
G0 X106.779 Y100.697
;MESH:NONMESH
G0 F600 X106.779 Y100.697 Z3.52
G0 F9000 X114.149 Y100.595
G0 X114.149 Y100.895
;TIME_ELAPSED:403.849035
;LAYER:27
;TYPE:WALL-INNER
;MESH:belt_holder_screw.stl
G1 F3159.7 X114.384 Y100.815 E287.04849
G1 X121.041 Y100.814 E287.20624
G1 X121.042 Y99.236 E287.24364
G1 X98.959 Y99.235 E287.76696
G1 X98.961 Y100.815 E287.8044
G1 X105.542 Y100.815 E287.96036
G1 X105.897 Y100.909 E287.96906
G1 X106.289 Y101.135 E287.97978
G1 X106.511 Y101.335 E287.98686
G1 X106.646 Y101.615 E287.99423
G1 X106.638 Y102.144 E288.00677
G1 X106.536 Y102.423 E288.01381
G1 X106.302 Y102.65 E288.02153
G1 X106.534 Y102.877 E288.02922
G1 X106.637 Y103.118 E288.03544
G1 X106.642 Y103.618 E288.04728
G1 X106.533 Y103.921 E288.05492
G1 X106.299 Y104.148 E288.06264
G1 X106.533 Y104.375 E288.07037
G1 X106.64 Y104.675 E288.07792
G1 X106.641 Y105.119 E288.08844
G1 X106.533 Y105.421 E288.09604
G1 X106.3 Y105.648 E288.10375
G1 X106.533 Y105.875 E288.11146
G1 X106.633 Y106.146 E288.1183
G1 X106.646 Y106.567 E288.12828
G1 X106.538 Y106.923 E288.1371
G1 X106.303 Y107.149 E288.14482
G1 X106.538 Y107.374 E288.15253
G1 X106.645 Y107.677 E288.16015
G1 X106.644 Y108.087 E288.16987
G1 X106.537 Y108.422 E288.1782
G1 X106.304 Y108.648 E288.18589
G1 X106.537 Y108.874 E288.19358
G1 X106.643 Y109.168 E288.20099
G1 X106.643 Y109.68 E288.21312
G1 X106.538 Y109.922 E288.21938
G1 X106.305 Y110.147 E288.22705
G1 X106.538 Y110.372 E288.23473
G1 X106.642 Y110.611 E288.2409
G1 X106.645 Y111.051 E288.25133
G1 X106.532 Y111.38 E288.25957
G1 X106.275 Y111.626 E288.26801
G1 X106.53 Y111.867 E288.27632
G1 X106.637 Y112.153 E288.28356
G1 X106.642 Y112.567 E288.29337
G1 X106.533 Y112.871 E288.30102
G1 X106.299 Y113.098 E288.30875
G1 X106.533 Y113.325 E288.31647
G1 X106.64 Y113.625 E288.32402
G1 X106.641 Y114.069 E288.33454
G1 X106.533 Y114.371 E288.34214
G1 X106.3 Y114.598 E288.34985
G1 X106.533 Y114.825 E288.35756
G1 X106.633 Y115.096 E288.36441
G1 X106.646 Y115.517 E288.37439
G1 X106.538 Y115.873 E288.3832
G1 X106.303 Y116.099 E288.39093
G1 X106.538 Y116.324 E288.39864
G1 X106.645 Y116.627 E288.40626
G1 X106.644 Y117.031 E288.41583
G1 X106.571 Y117.31 E288.42266
G1 X106.303 Y117.598 E288.43199
G1 X106.571 Y117.885 E288.44129
G1 X106.644 Y118.125 E288.44724
G1 X106.644 Y118.61 E288.45873
G1 X106.582 Y118.787 E288.46318
G1 X106.303 Y119.096 E288.47304
G1 X106.584 Y119.404 E288.48292
G1 X106.648 Y119.587 E288.48752
G1 X106.644 Y120.003 E288.49737
G1 X106.45 Y120.482 E288.50962
G1 X106.306 Y120.597 E288.51399
G1 X106.471 Y120.765 E288.51957
G1 X113.349 Y120.761 E288.68256
G1 X113.348 Y120.468 E288.68951
G1 X113.399 Y120.188 E288.69625
G1 X113.463 Y120.065 E288.69954
G1 X113.692 Y119.849 E288.707
G1 X113.466 Y119.631 E288.71444
G1 X113.404 Y119.508 E288.7177
G1 X113.356 Y119.25 E288.72392
G1 X113.356 Y118.866 E288.73302
G1 X113.453 Y118.596 E288.73982
G1 X113.696 Y118.353 E288.74796
G1 X113.453 Y118.11 E288.75611
G1 X113.356 Y117.84 E288.76291
G1 X113.356 Y117.321 E288.77521
G1 X113.462 Y117.08 E288.78144
G1 X113.696 Y116.854 E288.78915
G1 X113.461 Y116.627 E288.7969
G1 X113.351 Y116.325 E288.80451
G1 X113.363 Y115.896 E288.81468
G1 X113.467 Y115.58 E288.82257
G1 X113.7 Y115.354 E288.83026
G1 X113.466 Y115.127 E288.83799
G1 X113.361 Y114.815 E288.84579
G1 X113.359 Y114.372 E288.85628
G1 X113.465 Y114.079 E288.86367
G1 X113.699 Y113.851 E288.87141
G1 X113.465 Y113.624 E288.87914
G1 X113.36 Y113.385 E288.88532
G1 X113.359 Y112.867 E288.8976
G1 X113.464 Y112.58 E288.90484
G1 X113.697 Y112.354 E288.91253
G1 X113.463 Y112.127 E288.92026
G1 X113.357 Y111.833 E288.92767
G1 X113.357 Y111.365 E288.93876
G1 X113.462 Y111.124 E288.94499
G1 X113.693 Y110.9 E288.95261
G1 X113.462 Y110.676 E288.96024
G1 X113.357 Y110.435 E288.96647
G1 X113.357 Y109.869 E288.97988
G1 X113.463 Y109.629 E288.9861
G1 X113.696 Y109.403 E288.99379
G1 X113.463 Y109.177 E289.00148
G1 X113.357 Y108.937 E289.0077
G1 X113.356 Y108.372 E289.02109
G1 X113.462 Y108.13 E289.02735
G1 X113.696 Y107.904 E289.03506
G1 X113.461 Y107.677 E289.0428
G1 X113.351 Y107.375 E289.05042
G1 X113.363 Y106.946 E289.06059
G1 X113.467 Y106.63 E289.06847
G1 X113.7 Y106.404 E289.07616
G1 X113.466 Y106.177 E289.08389
G1 X113.361 Y105.865 E289.09169
G1 X113.359 Y105.422 E289.10219
G1 X113.465 Y105.129 E289.10957
G1 X113.699 Y104.901 E289.11732
G1 X113.465 Y104.674 E289.12504
G1 X113.36 Y104.435 E289.13123
G1 X113.359 Y103.917 E289.1435
G1 X113.464 Y103.63 E289.15075
G1 X113.697 Y103.404 E289.15844
G1 X113.463 Y103.177 E289.16616
G1 X113.356 Y102.879 E289.17367
G1 X113.356 Y102.368 E289.18578
G1 X113.482 Y102.099 E289.19282
G1 X113.707 Y101.891 E289.20008
G1 X113.853 Y101.805 E289.20409
G1 X113.783 Y101.712 E289.20685
G1 X113.765 Y101.483 E289.21229
G1 X113.8 Y101.313 E289.21641
G1 X113.916 Y101.089 E289.22239
G1 X114.149 Y100.895 E289.22957
G1 F1800 E287.22957
G0 F9000 X114.149 Y100.595
G0 X106.398 Y100.945
G1 F900 E289.22957
G0 F9000 X106.149 Y101.378
;TYPE:WALL-OUTER
G1 F2430.6 X106.283 Y101.499 E289.23351
G1 X106.365 Y101.669 E289.23762
G1 X106.358 Y102.122 E289.2475
G1 X106.299 Y102.274 E289.25105
G1 X106.151 Y102.417 E289.25554
G1 X105.755 Y102.647 E289.26553
G1 X106.149 Y102.88 E289.2755
G1 X106.296 Y103.024 E289.27999
G1 X106.357 Y103.203 E289.28411
G1 X106.36 Y103.57 E289.29212
G1 X106.296 Y103.773 E289.29676
G1 X106.147 Y103.917 E289.30127
G1 X105.752 Y104.148 E289.31125
G1 X106.147 Y104.379 E289.32123
G1 X106.295 Y104.523 E289.32573
G1 X106.36 Y104.749 E289.33086
G1 X106.36 Y105.07 E289.33785
G1 X106.296 Y105.273 E289.34249
G1 X106.148 Y105.417 E289.347
G1 X105.752 Y105.648 E289.35699
G1 X106.148 Y105.879 E289.36699
G1 X106.296 Y106.023 E289.37149
G1 X106.358 Y106.204 E289.37566
G1 X106.367 Y106.597 E289.38423
G1 X106.301 Y106.774 E289.38835
G1 X106.15 Y106.919 E289.39291
G1 X105.754 Y107.148 E289.40289
G1 X106.15 Y107.377 E289.41286
G1 X106.3 Y107.522 E289.41741
G1 X106.364 Y107.719 E289.42192
G1 X106.364 Y108.071 E289.4296
G1 X106.299 Y108.274 E289.43425
G1 X106.15 Y108.419 E289.43878
G1 X105.752 Y108.647 E289.44878
G1 X106.15 Y108.877 E289.4588
G1 X106.299 Y109.022 E289.46333
G1 X106.364 Y109.226 E289.468
G1 X106.364 Y109.57 E289.4755
G1 X106.3 Y109.773 E289.48014
G1 X106.149 Y109.919 E289.48472
G1 X105.755 Y110.147 E289.49465
G1 X106.15 Y110.375 E289.50459
G1 X106.3 Y110.52 E289.50914
G1 X106.364 Y110.724 E289.5138
G1 X106.364 Y111.022 E289.5203
G1 X106.296 Y111.228 E289.52503
G1 X106.151 Y111.367 E289.5294
G1 X105.751 Y111.601 E289.53951
G1 X105.893 Y111.729 E289.54368
G1 X106.149 Y111.877 E289.55012
G1 X106.293 Y112.017 E289.5545
G1 X106.359 Y112.165 E289.55803
G1 X106.36 Y112.52 E289.56577
G1 X106.296 Y112.723 E289.57041
G1 X106.147 Y112.867 E289.57493
G1 X105.752 Y113.098 E289.58491
G1 X106.147 Y113.329 E289.59489
G1 X106.295 Y113.473 E289.59939
G1 X106.36 Y113.699 E289.60451
G1 X106.36 Y114.02 E289.61151
G1 X106.296 Y114.223 E289.61615
G1 X106.148 Y114.367 E289.62066
G1 X105.752 Y114.598 E289.63065
G1 X106.148 Y114.829 E289.64065
G1 X106.296 Y114.973 E289.64515
G1 X106.358 Y115.154 E289.64932
G1 X106.367 Y115.547 E289.65789
G1 X106.301 Y115.724 E289.66201
G1 X106.15 Y115.869 E289.66657
G1 X105.754 Y116.098 E289.67655
G1 X106.15 Y116.327 E289.68652
G1 X106.3 Y116.472 E289.69107
G1 X106.364 Y116.669 E289.69558
G1 X106.364 Y117.017 E289.70317
G1 X106.32 Y117.186 E289.70698
G1 X106.15 Y117.369 E289.71242
G1 X105.752 Y117.597 E289.72242
G1 X106.15 Y117.827 E289.73245
G1 X106.32 Y118.009 E289.73787
G1 X106.364 Y118.2 E289.74215
G1 X106.364 Y118.495 E289.74858
G1 X106.327 Y118.672 E289.75252
G1 X106.151 Y118.867 E289.75825
G1 X105.754 Y119.097 E289.76825
G1 X106.152 Y119.327 E289.77827
G1 X106.329 Y119.521 E289.784
G1 X106.367 Y119.705 E289.7881
G1 X106.364 Y120 E289.79453
G1 X106.235 Y120.319 E289.80203
G1 X105.787 Y120.575 E289.81328
G1 X105.892 Y120.679 E289.8165
G1 X106.236 Y120.878 E289.82517
G1 X106.302 Y121.045 E289.82908
G1 X113.746 Y121.044 E289.99137
G1 X113.633 Y120.757 E289.9981
G1 X113.628 Y120.463 E290.00451
G1 X113.698 Y120.219 E290.01004
G1 X113.844 Y120.081 E290.01442
G1 X114.246 Y119.852 E290.02451
G1 X113.847 Y119.621 E290.03456
G1 X113.702 Y119.481 E290.03896
G1 X113.636 Y119.25 E290.04419
G1 X113.636 Y118.897 E290.05189
G1 X113.694 Y118.737 E290.0556
G1 X113.849 Y118.583 E290.06037
G1 X114.247 Y118.352 E290.0704
G1 X113.849 Y118.123 E290.08041
G1 X113.694 Y117.968 E290.08519
G1 X113.636 Y117.81 E290.08886
G1 X113.635 Y117.376 E290.09832
G1 X113.699 Y117.228 E290.10184
G1 X113.848 Y117.084 E290.10635
G1 X114.245 Y116.852 E290.11638
G1 X113.847 Y116.622 E290.1264
G1 X113.698 Y116.478 E290.13092
G1 X113.636 Y116.314 E290.13474
G1 X113.642 Y115.919 E290.14335
G1 X113.705 Y115.727 E290.14776
G1 X113.853 Y115.583 E290.15226
G1 X114.249 Y115.352 E290.16226
G1 X113.853 Y115.123 E290.17223
G1 X113.704 Y114.979 E290.17675
G1 X113.64 Y114.789 E290.18112
G1 X113.638 Y114.43 E290.18894
G1 X113.702 Y114.227 E290.19358
G1 X113.853 Y114.081 E290.19816
G1 X114.246 Y113.851 E290.20809
G1 X113.853 Y113.623 E290.218
G1 X113.703 Y113.477 E290.22256
G1 X113.639 Y113.274 E290.2272
G1 X113.638 Y112.93 E290.2347
G1 X113.702 Y112.727 E290.23934
G1 X113.851 Y112.583 E290.24386
G1 X114.246 Y112.352 E290.25384
G1 X113.85 Y112.123 E290.26381
G1 X113.701 Y111.979 E290.26833
G1 X113.638 Y111.801 E290.27244
G1 X113.636 Y111.473 E290.2796
G1 X113.7 Y111.272 E290.28419
G1 X113.849 Y111.127 E290.28873
G1 X114.245 Y110.903 E290.29865
G1 X113.849 Y110.673 E290.30863
G1 X113.7 Y110.528 E290.31316
G1 X113.636 Y110.324 E290.31782
G1 X113.636 Y109.98 E290.32532
G1 X113.701 Y109.777 E290.32997
G1 X113.849 Y109.633 E290.33447
G1 X114.247 Y109.402 E290.34451
G1 X113.849 Y109.173 E290.35452
G1 X113.701 Y109.029 E290.35902
G1 X113.636 Y108.825 E290.36369
G1 X113.635 Y108.426 E290.37239
G1 X113.699 Y108.278 E290.3759
G1 X113.848 Y108.134 E290.38042
G1 X114.245 Y107.902 E290.39044
G1 X113.847 Y107.672 E290.40047
G1 X113.698 Y107.528 E290.40498
G1 X113.636 Y107.364 E290.40881
G1 X113.642 Y106.969 E290.41742
G1 X113.705 Y106.777 E290.42182
G1 X113.853 Y106.633 E290.42633
G1 X114.249 Y106.402 E290.43632
G1 X113.853 Y106.173 E290.4463
G1 X113.704 Y106.029 E290.45081
G1 X113.64 Y105.839 E290.45518
G1 X113.638 Y105.48 E290.46301
G1 X113.702 Y105.277 E290.46765
G1 X113.853 Y105.131 E290.47223
G1 X114.246 Y104.901 E290.48216
G1 X113.853 Y104.673 E290.49206
G1 X113.703 Y104.527 E290.49663
G1 X113.639 Y104.324 E290.50127
G1 X113.638 Y103.98 E290.50877
G1 X113.702 Y103.777 E290.51341
G1 X113.851 Y103.633 E290.51793
G1 X114.246 Y103.402 E290.5279
G1 X113.85 Y103.173 E290.53788
G1 X113.701 Y103.029 E290.54239
G1 X113.64 Y102.865 E290.54621
G1 X113.635 Y102.424 E290.55582
G1 X113.712 Y102.259 E290.55979
G1 X113.849 Y102.133 E290.56385
G1 X114.247 Y101.899 E290.57392
G1 X114.055 Y101.645 E290.58086
G1 X114.067 Y101.396 E290.58629
G1 X114.138 Y101.261 E290.58962
G1 X114.279 Y101.143 E290.59363
G1 X114.421 Y101.095 E290.5969
G1 X121.321 Y101.094 E290.74733
G1 X121.322 Y98.956 E290.79394
G1 X98.679 Y98.955 E291.28761
G1 X98.681 Y101.095 E291.33426
G1 X105.542 Y101.095 E291.48385
G1 X105.757 Y101.152 E291.4887
G1 X106.149 Y101.378 E291.49856
G0 F9000 X106.283 Y101.499
G0 X106.291 Y101.517
G0 X106.565 Y101.041
G0 X105.853 Y100.696
G0 X99.518 Y99.774
;TYPE:FILL
G1 F2916.7 X99.516 Y99.976 E291.51522
G1 X99.719 Y99.774 E291.53884
G1 X100.539 Y99.774 E291.60646
G1 X100.038 Y100.274 E291.66483
G1 X100.858 Y100.274 E291.73246
G1 X101.359 Y99.774 E291.79083
G1 X102.179 Y99.774 E291.85845
G1 X101.679 Y100.274 E291.91677
G1 X102.499 Y100.274 E291.98439
G1 X103 Y99.774 E292.04277
G1 X103.82 Y99.774 E292.11039
G1 X103.319 Y100.274 E292.16876
G1 X104.139 Y100.274 E292.23639
G1 X104.64 Y99.774 E292.29476
G1 X105.46 Y99.774 E292.36238
G1 X104.96 Y100.274 E292.4207
G1 X105.63 Y100.274 E292.47595
G1 X105.747 Y100.308 E292.486
G1 X106.28 Y99.774 E292.54822
G1 X107.1 Y99.774 E292.61584
G1 X106.351 Y100.523 E292.7032
G1 X106.62 Y100.686 E292.72914
G1 X106.819 Y100.875 E292.75177
G1 X107.92 Y99.774 E292.88018
G1 X108.741 Y99.774 E292.94788
G1 X107.146 Y101.369 E293.13391
G1 X107.191 Y101.737 E293.16448
G1 X107.187 Y102.148 E293.19838
G1 X109.561 Y99.774 E293.47525
G1 X110.381 Y99.774 E293.54288
G1 X107.162 Y102.994 E293.91836
G1 X107.183 Y103.076 E293.92534
G1 X107.19 Y103.613 E293.96963
G1 X107.142 Y103.834 E293.98828
G1 X111.201 Y99.774 E294.46173
G1 X112.021 Y99.774 E294.52936
G1 X107.186 Y104.61 E295.09331
G1 X107.192 Y105.18 E295.14032
G1 X107.098 Y105.518 E295.16925
G1 X112.842 Y99.774 E295.83917
G1 X113.661 Y99.775 E295.90671
G1 X107.192 Y106.244 E296.66117
G1 X107.195 Y106.653 E296.6949
G1 X107.11 Y106.983 E296.72301
G1 X107.036 Y107.133 E296.7368
G1 X107.062 Y107.195 E296.74235
G1 X113.429 Y100.827 E297.48497
G1 X113.274 Y101.124 E297.5126
G1 X113.204 Y101.479 E297.54244
G1 X113.218 Y101.597 E297.55224
G1 X113.024 Y101.807 E297.57582
G1 X112.855 Y102.171 E297.60892
G1 X112.847 Y102.23 E297.61383
G1 X107.171 Y107.906 E298.27581
G1 X107.235 Y107.907 E298.28109
G1 X107.12 Y108.513 E298.33195
G1 X107.034 Y108.63 E298.34393
G1 X107.111 Y108.786 E298.35828
G1 X112.829 Y103.068 E299.02515
G1 X112.869 Y103.293 E299.044
G1 X112.902 Y103.292 E299.04672
G1 X112.956 Y103.405 E299.05705
G1 X112.883 Y103.55 E299.07044
G1 X112.778 Y103.939 E299.10367
G1 X107.188 Y109.529 E299.75562
G1 X107.186 Y109.772 E299.77566
G1 X107.034 Y110.133 E299.80796
G1 X107.144 Y110.394 E299.83132
G1 X112.859 Y104.678 E300.49791
G1 X112.956 Y104.906 E300.51834
G1 X112.88 Y105.055 E300.53214
G1 X112.787 Y105.409 E300.56232
G1 X112.793 Y105.565 E300.57519
G1 X107.171 Y111.186 E301.23082
G1 X107.134 Y111.384 E301.24743
G1 X107.02 Y111.608 E301.26816
G1 X107.099 Y111.763 E301.28251
G1 X107.159 Y112.019 E301.30419
G1 X112.895 Y106.283 E301.97317
G1 X112.965 Y106.421 E301.98593
G1 X112.91 Y106.536 E301.99644
G1 X112.877 Y106.536 E301.99916
G1 X112.816 Y106.879 E302.02789
G1 X112.807 Y107.191 E302.05364
G1 X107.122 Y112.876 E302.71667
G1 X107.033 Y113.087 E302.73555
G1 X107.106 Y113.235 E302.74916
G1 X107.208 Y113.61 E302.78121
G1 X112.94 Y107.879 E303.44966
G1 X112.962 Y107.922 E303.45365
G1 X112.897 Y108.053 E303.46571
G1 X112.815 Y108.346 E303.4908
G1 X112.803 Y108.836 E303.53122
G1 X107.043 Y114.596 E304.203
G1 X107.152 Y114.859 E304.22648
G1 X107.193 Y115.266 E304.26021
G1 X112.896 Y109.563 E304.92534
G1 X112.818 Y109.824 E304.94781
G1 X112.798 Y110.482 E305.0021
G1 X107.084 Y116.196 E305.66851
G1 X107.147 Y116.345 E305.68185
G1 X107.193 Y116.606 E305.70371
G1 X107.188 Y116.912 E305.72894
G1 X112.815 Y111.285 E306.38521
G1 X112.806 Y111.817 E306.42909
G1 X112.823 Y112.096 E306.45214
G1 X107.128 Y117.791 E307.11634
G1 X107.196 Y118.07 E307.14002
G1 X107.183 Y118.557 E307.1802
G1 X112.792 Y112.948 E307.83436
G1 X112.821 Y113.634 E307.89099
G1 X112.881 Y113.679 E307.89717
G1 X107.159 Y119.401 E308.56452
G1 X107.193 Y119.694 E308.58884
G1 X107.186 Y120.058 E308.61887
G1 X107.122 Y120.225 E308.63362
G1 X107.156 Y120.225 E308.63642
G1 X112.798 Y114.583 E309.29444
G1 X112.812 Y114.901 E309.32069
G1 X112.909 Y115.292 E309.35391
G1 X107.976 Y120.225 E309.92924
G1 X108.796 Y120.225 E309.99686
G1 X112.805 Y116.216 E310.46442
G1 X112.799 Y116.41 E310.48043
G1 X112.891 Y116.727 E310.50765
G1 X112.965 Y116.876 E310.52137
G1 X109.617 Y120.225 E310.9119
G1 X110.438 Y120.224 E310.97961
G1 X112.779 Y117.882 E311.25269
G1 X112.878 Y118.198 E311.28
G1 X112.961 Y118.372 E311.2959
G1 X112.864 Y118.617 E311.31763
G1 X111.258 Y120.224 E311.50499
G1 X112.078 Y120.224 E311.57262
G1 X112.84 Y119.462 E311.66149
G1 X112.888 Y119.73 E311.68394
G1 X112.961 Y119.863 E311.69645
G1 X112.892 Y119.993 E311.70859
G1 X112.849 Y120.223 E311.72788
G0 F9000 X113.202 Y102.008
G0 X113.47 Y100.75
G1 F2916.7 X113.687 Y100.569 E311.75119
G1 X114.482 Y99.775 E311.84385
G1 X115.302 Y99.775 E311.91147
G1 X114.802 Y100.275 E311.96979
G1 X115.622 Y100.275 E312.03741
G1 X116.122 Y99.775 E312.09573
G1 X116.942 Y99.775 E312.16335
G1 X116.442 Y100.275 E312.22166
G1 X117.263 Y100.275 E312.28937
G1 X117.762 Y99.775 E312.34763
G1 X118.583 Y99.775 E312.41533
G1 X118.084 Y100.274 E312.47353
G1 X118.904 Y100.274 E312.54115
G1 X119.403 Y99.775 E312.59935
G1 X120.487 Y99.776 E312.68875
G1 X120.488 Y100.274 E312.72982
G1 X120.223 Y99.775 E312.77641
G1 X119.724 Y100.274 E312.83461
G0 F9000 X119.724 Y100.195
;MESH:NONMESH
G0 F600 X119.724 Y100.195 Z3.64
G0 F9000 X114.156 Y100.595
G0 X114.156 Y100.895
;TIME_ELAPSED:420.380013
;LAYER:28
;TYPE:WALL-INNER
;MESH:belt_holder_screw.stl
G1 F1388.9 X114.391 Y100.815 E312.84049
G1 X121.036 Y100.815 E312.99796
G1 X121.038 Y99.235 E313.03541
G1 X98.962 Y99.235 E313.55856
G1 X98.966 Y100.815 E313.596
G1 X105.539 Y100.815 E313.75177
G1 X105.901 Y100.913 E313.76066
G1 X106.295 Y101.146 E313.7715
G1 X106.512 Y101.345 E313.77848
G1 X106.643 Y101.619 E313.78568
G1 X106.643 Y102.13 E313.79779
G1 X106.538 Y102.426 E313.80523
G1 X106.305 Y102.653 E313.81294
G1 X106.539 Y102.881 E313.82068
G1 X106.644 Y103.173 E313.82804
G1 X106.645 Y103.638 E313.83906
G1 X106.538 Y103.927 E313.84636
G1 X106.305 Y104.155 E313.85408
G1 X106.538 Y104.382 E313.86179
G1 X106.646 Y104.684 E313.86939
G1 X106.645 Y105.132 E313.88001
G1 X106.537 Y105.429 E313.8875
G1 X106.302 Y105.657 E313.89526
G1 X106.536 Y105.884 E313.90298
G1 X106.637 Y106.17 E313.91017
G1 X106.652 Y106.629 E313.92106
G1 X106.542 Y106.931 E313.92867
G1 X106.306 Y107.157 E313.93642
G1 X106.54 Y107.383 E313.94413
G1 X106.645 Y107.628 E313.95044
G1 X106.64 Y108.126 E313.96224
G1 X106.537 Y108.429 E313.96983
G1 X106.303 Y108.654 E313.97752
G1 X106.537 Y108.88 E313.98523
G1 X106.644 Y109.167 E313.99249
G1 X106.64 Y109.626 E314.00337
G1 X106.537 Y109.929 E314.01095
G1 X106.306 Y110.153 E314.01858
G1 X106.537 Y110.376 E314.02618
G1 X106.641 Y110.616 E314.03238
G1 X106.645 Y111.089 E314.04359
G1 X106.53 Y111.388 E314.05118
G1 X106.274 Y111.634 E314.0596
G1 X106.529 Y111.874 E314.0679
G1 X106.639 Y112.201 E314.07607
G1 X106.646 Y112.585 E314.08517
G1 X106.538 Y112.877 E314.09255
G1 X106.305 Y113.105 E314.10028
G1 X106.538 Y113.332 E314.10799
G1 X106.646 Y113.634 E314.11559
G1 X106.645 Y114.082 E314.1262
G1 X106.537 Y114.379 E314.13369
G1 X106.302 Y114.607 E314.14145
G1 X106.536 Y114.834 E314.14918
G1 X106.637 Y115.12 E314.15637
G1 X106.652 Y115.579 E314.16725
G1 X106.542 Y115.881 E314.17487
G1 X106.306 Y116.107 E314.18261
G1 X106.54 Y116.333 E314.19032
G1 X106.644 Y116.576 E314.19658
G1 X106.644 Y117.103 E314.20907
G1 X106.571 Y117.317 E314.21443
G1 X106.302 Y117.604 E314.22375
G1 X106.572 Y117.891 E314.23309
G1 X106.646 Y118.133 E314.23909
G1 X106.642 Y118.618 E314.25058
G1 X106.583 Y118.791 E314.25491
G1 X106.308 Y119.101 E314.26473
G1 X106.587 Y119.408 E314.27456
G1 X106.652 Y119.728 E314.2823
G1 X106.643 Y120.025 E314.28934
G1 X106.444 Y120.498 E314.3015
G1 X106.305 Y120.607 E314.30569
G1 X106.464 Y120.765 E314.311
G1 X113.354 Y120.765 E314.47428
G1 X113.345 Y120.458 E314.48156
G1 X113.396 Y120.181 E314.48823
G1 X113.46 Y120.059 E314.4915
G1 X113.691 Y119.841 E314.49902
G1 X113.463 Y119.621 E314.50653
G1 X113.402 Y119.498 E314.50979
G1 X113.355 Y119.237 E314.51607
G1 X113.358 Y118.853 E314.52517
G1 X113.453 Y118.589 E314.53182
G1 X113.696 Y118.346 E314.53996
G1 X113.452 Y118.102 E314.54814
G1 X113.354 Y117.843 E314.5547
G1 X113.361 Y117.305 E314.56745
G1 X113.464 Y117.07 E314.57353
G1 X113.697 Y116.844 E314.58123
G1 X113.463 Y116.618 E314.58894
G1 X113.357 Y116.324 E314.59634
G1 X113.358 Y115.813 E314.60845
G1 X113.464 Y115.573 E314.61467
G1 X113.698 Y115.346 E314.62239
G1 X113.463 Y115.119 E314.63014
G1 X113.355 Y114.818 E314.63772
G1 X113.361 Y114.358 E314.64862
G1 X113.465 Y114.074 E314.65578
G1 X113.698 Y113.847 E314.66349
G1 X113.464 Y113.619 E314.67124
G1 X113.356 Y113.321 E314.67875
G1 X113.361 Y112.815 E314.69074
G1 X113.464 Y112.575 E314.69693
G1 X113.697 Y112.348 E314.70464
G1 X113.463 Y112.12 E314.71238
G1 X113.355 Y111.822 E314.71989
G1 X113.358 Y111.401 E314.72987
G1 X113.463 Y111.116 E314.73707
G1 X113.694 Y110.893 E314.74467
G1 X113.462 Y110.668 E314.75233
G1 X113.355 Y110.37 E314.75984
G1 X113.36 Y109.924 E314.77041
G1 X113.463 Y109.621 E314.77799
G1 X113.696 Y109.396 E314.78567
G1 X113.463 Y109.17 E314.79336
G1 X113.356 Y108.883 E314.80062
G1 X113.361 Y108.355 E314.81313
G1 X113.464 Y108.12 E314.81921
G1 X113.697 Y107.894 E314.8269
G1 X113.463 Y107.668 E314.83461
G1 X113.357 Y107.374 E314.84202
G1 X113.358 Y106.863 E314.85413
G1 X113.464 Y106.623 E314.86035
G1 X113.698 Y106.396 E314.86807
G1 X113.463 Y106.169 E314.87581
G1 X113.355 Y105.868 E314.88339
G1 X113.361 Y105.408 E314.89429
G1 X113.465 Y105.124 E314.90146
G1 X113.698 Y104.897 E314.90917
G1 X113.464 Y104.669 E314.91691
G1 X113.356 Y104.371 E314.92442
G1 X113.36 Y103.91 E314.93535
G1 X113.464 Y103.625 E314.94254
G1 X113.697 Y103.398 E314.95025
G1 X113.463 Y103.17 E314.95799
G1 X113.355 Y102.873 E314.96548
G1 X113.358 Y102.357 E314.97771
G1 X113.487 Y102.086 E314.98482
G1 X113.708 Y101.883 E314.99193
G1 X113.858 Y101.795 E314.99605
G1 X113.787 Y101.701 E314.99884
G1 X113.772 Y101.476 E315.00419
G1 X113.807 Y101.313 E315.00814
G1 X113.923 Y101.089 E315.01412
G1 X114.156 Y100.895 E315.0213
G1 F1800 E313.0213
G0 F9000 X114.156 Y100.595
G0 X106.405 Y100.957
G1 F900 E315.0213
G0 F9000 X106.152 Y101.387
;TYPE:WALL-OUTER
G1 F1068.4 X106.284 Y101.508 E315.02521
G1 X106.364 Y101.677 E315.02928
G1 X106.359 Y102.116 E315.03885
G1 X106.3 Y102.279 E315.04263
G1 X106.149 Y102.426 E315.04723
G1 X105.758 Y102.652 E315.05707
G1 X106.147 Y102.88 E315.0669
G1 X106.301 Y103.029 E315.07158
G1 X106.361 Y103.192 E315.07536
G1 X106.365 Y103.573 E315.08367
G1 X106.301 Y103.779 E315.08837
G1 X106.153 Y103.924 E315.09289
G1 X105.753 Y104.153 E315.10294
G1 X106.153 Y104.386 E315.11303
G1 X106.301 Y104.53 E315.11753
G1 X106.365 Y104.731 E315.12213
G1 X106.365 Y105.073 E315.12959
G1 X106.3 Y105.28 E315.13432
G1 X106.151 Y105.424 E315.13884
G1 X105.752 Y105.654 E315.14888
G1 X106.15 Y105.888 E315.15894
G1 X106.298 Y106.031 E315.16343
G1 X106.359 Y106.205 E315.16745
G1 X106.37 Y106.57 E315.17541
G1 X106.305 Y106.782 E315.18025
G1 X106.154 Y106.926 E315.1848
G1 X105.756 Y107.155 E315.19481
G1 X106.152 Y107.386 E315.2048
G1 X106.302 Y107.531 E315.20935
G1 X106.365 Y107.678 E315.21284
G1 X106.364 Y108.101 E315.22206
G1 X106.299 Y108.281 E315.22623
G1 X106.149 Y108.426 E315.23078
G1 X105.752 Y108.655 E315.24077
G1 X106.15 Y108.884 E315.25078
G1 X106.3 Y109.029 E315.25533
G1 X106.361 Y109.193 E315.25915
G1 X106.364 Y109.601 E315.26804
G1 X106.299 Y109.781 E315.27221
G1 X106.149 Y109.926 E315.27676
G1 X105.758 Y110.153 E315.28662
G1 X106.149 Y110.379 E315.29647
G1 X106.299 Y110.524 E315.30101
G1 X106.363 Y110.726 E315.30563
G1 X106.363 Y111.027 E315.3122
G1 X106.295 Y111.236 E315.31699
G1 X106.149 Y111.376 E315.3214
G1 X105.754 Y111.604 E315.33134
G1 X105.91 Y111.745 E315.33593
G1 X106.148 Y111.885 E315.34195
G1 X106.293 Y112.025 E315.34634
G1 X106.357 Y112.199 E315.35038
G1 X106.365 Y112.518 E315.35734
G1 X106.301 Y112.729 E315.36215
G1 X106.153 Y112.874 E315.36666
G1 X105.753 Y113.103 E315.37671
G1 X106.153 Y113.336 E315.38681
G1 X106.301 Y113.48 E315.39131
G1 X106.365 Y113.681 E315.39591
G1 X106.365 Y114.023 E315.40336
G1 X106.3 Y114.23 E315.40809
G1 X106.151 Y114.374 E315.41261
G1 X105.752 Y114.604 E315.42265
G1 X106.15 Y114.838 E315.43272
G1 X106.298 Y114.981 E315.4372
G1 X106.359 Y115.155 E315.44122
G1 X106.37 Y115.52 E315.44919
G1 X106.305 Y115.732 E315.45402
G1 X106.154 Y115.876 E315.45857
G1 X105.756 Y116.105 E315.46858
G1 X106.152 Y116.336 E315.47857
G1 X106.302 Y116.481 E315.48312
G1 X106.365 Y116.629 E315.48663
G1 X106.362 Y117.045 E315.4957
G1 X106.32 Y117.193 E315.49905
G1 X106.149 Y117.376 E315.50451
G1 X105.752 Y117.605 E315.51451
G1 X106.15 Y117.834 E315.52452
G1 X106.321 Y118.016 E315.52996
G1 X106.36 Y118.14 E315.5328
G1 X106.363 Y118.506 E315.54078
G1 X106.327 Y118.677 E315.54459
G1 X106.15 Y118.876 E315.55039
G1 X105.759 Y119.102 E315.56024
G1 X106.158 Y119.333 E315.57029
G1 X106.333 Y119.526 E315.57597
G1 X106.372 Y119.72 E315.58028
G1 X106.363 Y120.016 E315.58674
G1 X106.233 Y120.327 E315.59409
G1 X105.795 Y120.581 E315.60513
G1 X105.91 Y120.695 E315.60866
G1 X106.23 Y120.883 E315.61675
G1 X106.298 Y121.045 E315.62058
G1 X113.748 Y121.045 E315.78301
G1 X113.629 Y120.748 E315.78998
G1 X113.625 Y120.454 E315.79639
G1 X113.694 Y120.212 E315.80188
G1 X113.841 Y120.074 E315.80627
G1 X114.245 Y119.842 E315.81643
G1 X113.845 Y119.612 E315.82649
G1 X113.7 Y119.472 E315.83089
G1 X113.635 Y119.239 E315.83616
G1 X113.637 Y118.887 E315.84383
G1 X113.695 Y118.73 E315.84748
G1 X113.85 Y118.575 E315.85226
G1 X114.246 Y118.344 E315.86226
G1 X113.849 Y118.115 E315.87225
G1 X113.694 Y117.96 E315.87703
G1 X113.635 Y117.739 E315.88202
G1 X113.641 Y117.383 E315.88978
G1 X113.701 Y117.219 E315.89359
G1 X113.85 Y117.074 E315.89812
G1 X114.247 Y116.844 E315.90812
G1 X113.85 Y116.614 E315.91812
G1 X113.701 Y116.469 E315.92266
G1 X113.636 Y116.321 E315.92618
G1 X113.638 Y115.918 E315.93497
G1 X113.701 Y115.721 E315.93948
G1 X113.85 Y115.577 E315.94399
G1 X114.249 Y115.346 E315.95405
G1 X113.849 Y115.115 E315.96412
G1 X113.701 Y114.971 E315.96862
G1 X113.637 Y114.78 E315.97301
G1 X113.639 Y114.367 E315.98201
G1 X113.703 Y114.222 E315.98547
G1 X113.85 Y114.078 E315.98996
G1 X114.247 Y113.846 E315.99998
G1 X113.849 Y113.614 E316.01003
G1 X113.701 Y113.471 E316.01451
G1 X113.636 Y113.265 E316.01922
G1 X113.641 Y112.864 E316.02796
G1 X113.703 Y112.722 E316.03134
G1 X113.85 Y112.578 E316.03583
G1 X114.246 Y112.346 E316.04584
G1 X113.848 Y112.115 E316.05587
G1 X113.7 Y111.971 E316.06037
G1 X113.639 Y111.807 E316.06419
G1 X113.637 Y111.411 E316.07282
G1 X113.701 Y111.264 E316.07631
G1 X113.853 Y111.117 E316.08092
G1 X114.245 Y110.894 E316.09076
G1 X113.849 Y110.665 E316.10073
G1 X113.7 Y110.52 E316.10526
G1 X113.635 Y110.315 E316.10995
G1 X113.641 Y109.934 E316.11826
G1 X113.701 Y109.769 E316.12209
G1 X113.85 Y109.625 E316.12661
G1 X114.246 Y109.394 E316.1366
G1 X113.849 Y109.165 E316.14659
G1 X113.7 Y109.021 E316.15111
G1 X113.639 Y108.857 E316.15492
G1 X113.641 Y108.433 E316.16417
G1 X113.701 Y108.269 E316.16798
G1 X113.85 Y108.124 E316.17251
G1 X114.247 Y107.894 E316.18251
G1 X113.85 Y107.664 E316.19252
G1 X113.701 Y107.519 E316.19705
G1 X113.636 Y107.371 E316.20057
G1 X113.638 Y106.968 E316.20936
G1 X113.701 Y106.771 E316.21387
G1 X113.85 Y106.627 E316.21839
G1 X114.249 Y106.396 E316.22844
G1 X113.849 Y106.165 E316.23851
G1 X113.701 Y106.021 E316.24301
G1 X113.637 Y105.83 E316.2474
G1 X113.639 Y105.417 E316.25641
G1 X113.703 Y105.272 E316.25986
G1 X113.85 Y105.128 E316.26435
G1 X114.247 Y104.896 E316.27437
G1 X113.849 Y104.664 E316.28442
G1 X113.701 Y104.521 E316.2889
G1 X113.636 Y104.315 E316.29361
G1 X113.639 Y103.917 E316.30229
G1 X113.703 Y103.772 E316.30575
G1 X113.85 Y103.628 E316.31023
G1 X114.246 Y103.396 E316.32024
G1 X113.848 Y103.165 E316.33027
G1 X113.7 Y103.021 E316.33477
G1 X113.637 Y102.842 E316.33891
G1 X113.637 Y102.413 E316.34826
G1 X113.715 Y102.248 E316.35224
G1 X113.85 Y102.125 E316.35622
G1 X114.249 Y101.891 E316.36631
G1 X114.06 Y101.638 E316.37319
G1 X114.074 Y101.396 E316.37848
G1 X114.145 Y101.261 E316.3818
G1 X114.286 Y101.143 E316.38581
G1 X114.428 Y101.095 E316.38908
G1 X121.316 Y101.095 E316.53925
G1 X121.318 Y98.955 E316.58591
G1 X98.682 Y98.955 E317.07942
G1 X98.687 Y101.095 E317.12608
G1 X105.539 Y101.095 E317.27546
G1 X105.759 Y101.154 E317.28043
G1 X106.152 Y101.387 E317.29039
G0 F9000 X106.284 Y101.508
G0 X106.293 Y101.527
G0 X106.774 Y100.711
;MESH:NONMESH
G0 F600 X106.774 Y100.711 Z3.76
G0 F9000 X114.164 Y100.595
G0 X114.164 Y100.895
;TIME_ELAPSED:431.477419
;LAYER:29
;TYPE:WALL-INNER
;MESH:belt_holder_screw.stl
G1 F1389.6 X114.399 Y100.815 E317.29627
G1 X121.031 Y100.815 E317.45344
G1 X121.03 Y99.235 E317.49088
G1 X98.971 Y99.235 E318.01363
G1 X98.974 Y100.815 E318.05107
G1 X105.537 Y100.815 E318.2066
G1 X105.903 Y100.916 E318.2156
G1 X106.301 Y101.155 E318.2266
G1 X106.513 Y101.35 E318.23343
G1 X106.643 Y101.619 E318.24051
G1 X106.65 Y102.13 E318.25262
G1 X106.544 Y102.432 E318.2602
G1 X106.313 Y102.66 E318.2679
G1 X106.546 Y102.889 E318.27564
G1 X106.647 Y103.119 E318.28159
G1 X106.66 Y103.63 E318.2937
G1 X106.548 Y103.939 E318.30149
G1 X106.313 Y104.165 E318.30922
G1 X106.547 Y104.391 E318.31693
G1 X106.647 Y104.67 E318.32395
G1 X106.655 Y105.123 E318.33469
G1 X106.547 Y105.441 E318.34265
G1 X106.31 Y105.667 E318.35041
G1 X106.542 Y105.895 E318.35812
G1 X106.642 Y106.127 E318.3641
G1 X106.653 Y106.591 E318.3751
G1 X106.544 Y106.939 E318.38374
G1 X106.31 Y107.165 E318.39145
G1 X106.541 Y107.392 E318.39913
G1 X106.645 Y107.631 E318.4053
G1 X106.649 Y108.097 E318.41635
G1 X106.541 Y108.437 E318.4248
G1 X106.306 Y108.664 E318.43255
G1 X106.54 Y108.89 E318.44025
G1 X106.648 Y109.192 E318.44786
G1 X106.649 Y109.597 E318.45745
G1 X106.542 Y109.936 E318.46588
G1 X106.31 Y110.16 E318.47352
G1 X106.541 Y110.383 E318.48113
G1 X106.639 Y110.654 E318.48796
G1 X106.649 Y111.048 E318.4973
G1 X106.538 Y111.393 E318.50589
G1 X106.283 Y111.637 E318.51425
G1 X106.538 Y111.881 E318.52261
G1 X106.644 Y112.175 E318.53002
G1 X106.659 Y112.584 E318.53972
G1 X106.548 Y112.889 E318.54741
G1 X106.313 Y113.115 E318.55514
G1 X106.547 Y113.341 E318.56285
G1 X106.647 Y113.62 E318.56987
G1 X106.655 Y114.073 E318.58061
G1 X106.547 Y114.391 E318.58856
G1 X106.31 Y114.617 E318.59633
G1 X106.542 Y114.845 E318.60403
G1 X106.642 Y115.077 E318.61002
G1 X106.653 Y115.541 E318.62102
G1 X106.544 Y115.889 E318.62966
G1 X106.31 Y116.115 E318.63737
G1 X106.541 Y116.342 E318.64505
G1 X106.645 Y116.58 E318.6512
G1 X106.65 Y117.004 E318.66125
G1 X106.575 Y117.326 E318.66908
G1 X106.305 Y117.614 E318.67844
G1 X106.574 Y117.9 E318.68774
G1 X106.647 Y118.14 E318.69369
G1 X106.65 Y118.62 E318.70506
G1 X106.589 Y118.797 E318.7095
G1 X106.315 Y119.108 E318.71932
G1 X106.594 Y119.415 E318.72915
G1 X106.659 Y119.739 E318.73699
G1 X106.649 Y120.034 E318.74398
G1 X106.447 Y120.506 E318.75615
G1 X106.311 Y120.612 E318.76023
G1 X106.467 Y120.765 E318.76541
G1 X113.346 Y120.764 E318.92843
G1 X113.343 Y120.448 E318.93592
G1 X113.394 Y120.175 E318.9425
G1 X113.457 Y120.054 E318.94573
G1 X113.689 Y119.834 E318.95331
G1 X113.461 Y119.612 E318.96085
G1 X113.399 Y119.489 E318.96411
G1 X113.353 Y119.239 E318.97014
G1 X113.35 Y118.852 E318.97931
G1 X113.447 Y118.581 E318.98613
G1 X113.693 Y118.335 E318.99437
G1 X113.448 Y118.09 E319.00259
G1 X113.352 Y117.837 E319.009
G1 X113.355 Y117.359 E319.02033
G1 X113.458 Y117.062 E319.02778
G1 X113.692 Y116.836 E319.03548
G1 X113.458 Y116.611 E319.04318
G1 X113.353 Y116.371 E319.04939
G1 X113.351 Y115.85 E319.06173
G1 X113.458 Y115.564 E319.06897
G1 X113.692 Y115.338 E319.07668
G1 X113.458 Y115.112 E319.08439
G1 X113.349 Y114.82 E319.09177
G1 X113.357 Y114.306 E319.10396
G1 X113.46 Y114.067 E319.11012
G1 X113.693 Y113.841 E319.11782
G1 X113.459 Y113.614 E319.12554
G1 X113.35 Y113.266 E319.13418
G1 X113.359 Y112.801 E319.1452
G1 X113.461 Y112.567 E319.15125
G1 X113.694 Y112.34 E319.15896
G1 X113.46 Y112.112 E319.16671
G1 X113.353 Y111.814 E319.17421
G1 X113.353 Y111.394 E319.18416
G1 X113.459 Y111.11 E319.19135
G1 X113.691 Y110.884 E319.19902
G1 X113.459 Y110.659 E319.20668
G1 X113.357 Y110.425 E319.21273
G1 X113.351 Y109.952 E319.22394
G1 X113.458 Y109.613 E319.23236
G1 X113.692 Y109.385 E319.24011
G1 X113.459 Y109.158 E319.24781
G1 X113.355 Y108.92 E319.25397
G1 X113.351 Y108.452 E319.26506
G1 X113.458 Y108.112 E319.27351
G1 X113.692 Y107.886 E319.28122
G1 X113.458 Y107.661 E319.28891
G1 X113.353 Y107.421 E319.29512
G1 X113.351 Y106.9 E319.30746
G1 X113.458 Y106.614 E319.3147
G1 X113.692 Y106.388 E319.32241
G1 X113.458 Y106.162 E319.33012
G1 X113.349 Y105.87 E319.33751
G1 X113.357 Y105.356 E319.34969
G1 X113.46 Y105.117 E319.35585
G1 X113.693 Y104.891 E319.36355
G1 X113.459 Y104.664 E319.37127
G1 X113.35 Y104.316 E319.37991
G1 X113.357 Y103.853 E319.39089
G1 X113.461 Y103.616 E319.39702
G1 X113.694 Y103.39 E319.40471
G1 X113.46 Y103.162 E319.41246
G1 X113.353 Y102.865 E319.41994
G1 X113.352 Y102.35 E319.43214
G1 X113.488 Y102.071 E319.4395
G1 X113.703 Y101.877 E319.44636
G1 X113.865 Y101.783 E319.4508
G1 X113.791 Y101.682 E319.45377
G1 X113.815 Y101.313 E319.46253
G1 X113.931 Y101.089 E319.46851
G1 X114.164 Y100.895 E319.47569
G1 F1800 E317.47569
G0 F9000 X114.164 Y100.595
G0 X106.414 Y100.968
G1 F900 E319.47569
G0 F9000 X106.157 Y101.395
;TYPE:WALL-OUTER
G1 F1068.9 X106.285 Y101.513 E319.47949
G1 X106.365 Y101.678 E319.48348
G1 X106.365 Y102.122 E319.49316
G1 X106.306 Y102.285 E319.49694
G1 X106.161 Y102.428 E319.50138
G1 X105.762 Y102.658 E319.51142
G1 X106.163 Y102.895 E319.52158
G1 X106.308 Y103.038 E319.52602
G1 X106.373 Y103.238 E319.53061
G1 X106.376 Y103.598 E319.53845
G1 X106.311 Y103.789 E319.54285
G1 X106.162 Y103.933 E319.54737
G1 X105.761 Y104.162 E319.55744
G1 X106.16 Y104.394 E319.5675
G1 X106.309 Y104.538 E319.57202
G1 X106.37 Y104.707 E319.57594
G1 X106.376 Y105.098 E319.58446
G1 X106.31 Y105.291 E319.58891
G1 X106.161 Y105.433 E319.5934
G1 X105.759 Y105.664 E319.6035
G1 X106.157 Y105.896 E319.61355
G1 X106.303 Y106.041 E319.61803
G1 X106.363 Y106.207 E319.62188
G1 X106.373 Y106.579 E319.63
G1 X106.307 Y106.789 E319.63479
G1 X106.158 Y106.933 E319.63931
G1 X105.76 Y107.162 E319.64932
G1 X106.156 Y107.394 E319.65933
G1 X106.303 Y107.539 E319.66383
G1 X106.367 Y107.686 E319.66733
G1 X106.365 Y108.124 E319.67688
G1 X106.304 Y108.288 E319.68069
G1 X106.155 Y108.432 E319.68521
G1 X105.756 Y108.662 E319.69525
G1 X106.154 Y108.894 E319.70529
G1 X106.303 Y109.038 E319.70981
G1 X106.368 Y109.263 E319.71492
G1 X106.365 Y109.624 E319.72279
G1 X106.304 Y109.787 E319.72658
G1 X106.153 Y109.933 E319.73116
G1 X105.764 Y110.159 E319.74097
G1 X106.152 Y110.384 E319.75075
G1 X106.302 Y110.53 E319.75531
G1 X106.364 Y110.71 E319.75946
G1 X106.369 Y111.033 E319.76651
G1 X106.302 Y111.241 E319.77127
G1 X106.154 Y111.382 E319.77573
G1 X105.762 Y111.608 E319.78559
G1 X105.936 Y111.763 E319.79067
G1 X106.157 Y111.894 E319.79627
G1 X106.302 Y112.033 E319.80065
G1 X106.366 Y112.21 E319.80476
G1 X106.377 Y112.522 E319.81156
G1 X106.311 Y112.739 E319.81651
G1 X106.162 Y112.883 E319.82103
G1 X105.761 Y113.112 E319.83109
G1 X106.16 Y113.344 E319.84116
G1 X106.309 Y113.488 E319.84567
G1 X106.37 Y113.657 E319.84959
G1 X106.376 Y114.048 E319.85812
G1 X106.31 Y114.241 E319.86256
G1 X106.161 Y114.383 E319.86705
G1 X105.759 Y114.614 E319.87716
G1 X106.157 Y114.846 E319.8872
G1 X106.303 Y114.991 E319.89169
G1 X106.363 Y115.157 E319.89554
G1 X106.373 Y115.529 E319.90365
G1 X106.307 Y115.739 E319.90845
G1 X106.158 Y115.883 E319.91297
G1 X105.76 Y116.112 E319.92298
G1 X106.156 Y116.344 E319.93298
G1 X106.303 Y116.489 E319.93749
G1 X106.366 Y116.634 E319.94093
G1 X106.371 Y117.07 E319.95044
G1 X106.324 Y117.201 E319.95347
G1 X106.155 Y117.382 E319.95887
G1 X105.756 Y117.612 E319.96891
G1 X106.154 Y117.844 E319.97896
G1 X106.323 Y118.025 E319.98436
G1 X106.366 Y118.135 E319.98693
G1 X106.369 Y118.506 E319.99502
G1 X106.333 Y118.683 E319.99896
G1 X106.162 Y118.879 E320.00463
G1 X105.763 Y119.109 E320.01467
G1 X106.165 Y119.341 E320.02479
G1 X106.34 Y119.533 E320.03045
G1 X106.379 Y119.729 E320.03481
G1 X106.369 Y120.024 E320.04124
G1 X106.237 Y120.333 E320.04857
G1 X105.807 Y120.584 E320.05943
G1 X105.937 Y120.713 E320.06342
G1 X106.237 Y120.892 E320.07103
G1 X106.304 Y121.045 E320.07468
G1 X113.752 Y121.044 E320.23706
G1 X113.626 Y120.74 E320.24423
G1 X113.623 Y120.446 E320.25064
G1 X113.692 Y120.206 E320.25609
G1 X113.838 Y120.068 E320.26047
G1 X114.24 Y119.836 E320.27059
G1 X113.842 Y119.604 E320.28063
G1 X113.698 Y119.463 E320.28502
G1 X113.633 Y119.237 E320.29015
G1 X113.631 Y118.943 E320.29656
G1 X113.689 Y118.723 E320.30152
G1 X113.845 Y118.566 E320.30635
G1 X114.24 Y118.336 E320.31631
G1 X113.845 Y118.106 E320.32628
G1 X113.69 Y117.95 E320.33107
G1 X113.633 Y117.791 E320.33475
G1 X113.631 Y117.413 E320.343
G1 X113.696 Y117.211 E320.34762
G1 X113.845 Y117.067 E320.35214
G1 X114.241 Y116.837 E320.36212
G1 X113.845 Y116.607 E320.37211
G1 X113.696 Y116.463 E320.37663
G1 X113.632 Y116.261 E320.38125
G1 X113.63 Y115.914 E320.38881
G1 X113.695 Y115.712 E320.39344
G1 X113.845 Y115.567 E320.39799
G1 X114.243 Y115.339 E320.40799
G1 X113.845 Y115.109 E320.41801
G1 X113.695 Y114.964 E320.42256
G1 X113.631 Y114.776 E320.42689
G1 X113.636 Y114.36 E320.43596
G1 X113.699 Y114.215 E320.4394
G1 X113.846 Y114.071 E320.44389
G1 X114.242 Y113.84 E320.45388
G1 X113.844 Y113.608 E320.46393
G1 X113.696 Y113.465 E320.46842
G1 X113.63 Y113.254 E320.47324
G1 X113.636 Y112.908 E320.48078
G1 X113.699 Y112.714 E320.48523
G1 X113.846 Y112.571 E320.4897
G1 X114.243 Y112.339 E320.49972
G1 X113.845 Y112.107 E320.50977
G1 X113.698 Y111.963 E320.51425
G1 X113.637 Y111.799 E320.51807
G1 X113.632 Y111.459 E320.52548
G1 X113.697 Y111.258 E320.53009
G1 X113.847 Y111.112 E320.53465
G1 X114.24 Y110.887 E320.54452
G1 X113.848 Y110.658 E320.55442
G1 X113.697 Y110.511 E320.55902
G1 X113.635 Y110.329 E320.56321
G1 X113.631 Y109.967 E320.5711
G1 X113.696 Y109.761 E320.57581
G1 X113.845 Y109.616 E320.58034
G1 X114.24 Y109.386 E320.59031
G1 X113.845 Y109.156 E320.60027
G1 X113.697 Y109.011 E320.60479
G1 X113.633 Y108.81 E320.60939
G1 X113.631 Y108.467 E320.61687
G1 X113.696 Y108.261 E320.62158
G1 X113.845 Y108.117 E320.6261
G1 X114.241 Y107.887 E320.63608
G1 X113.845 Y107.657 E320.64606
G1 X113.696 Y107.513 E320.65058
G1 X113.632 Y107.311 E320.6552
G1 X113.63 Y106.964 E320.66277
G1 X113.695 Y106.762 E320.66739
G1 X113.845 Y106.617 E320.67194
G1 X114.243 Y106.389 E320.68194
G1 X113.845 Y106.159 E320.69196
G1 X113.695 Y106.014 E320.69651
G1 X113.631 Y105.826 E320.70084
G1 X113.636 Y105.41 E320.70991
G1 X113.699 Y105.265 E320.71336
G1 X113.846 Y105.121 E320.71785
G1 X114.242 Y104.89 E320.72784
G1 X113.844 Y104.658 E320.73788
G1 X113.696 Y104.515 E320.74237
G1 X113.63 Y104.304 E320.74719
G1 X113.635 Y103.962 E320.75465
G1 X113.699 Y103.764 E320.75919
G1 X113.846 Y103.621 E320.76366
G1 X114.243 Y103.389 E320.77368
G1 X113.845 Y103.157 E320.78372
G1 X113.698 Y103.013 E320.78821
G1 X113.633 Y102.808 E320.7929
G1 X113.632 Y102.407 E320.80164
G1 X113.714 Y102.236 E320.80578
G1 X113.845 Y102.119 E320.80961
G1 X114.252 Y101.882 E320.81987
G1 X114.066 Y101.627 E320.82676
G1 X114.082 Y101.396 E320.8318
G1 X114.153 Y101.261 E320.83513
G1 X114.294 Y101.143 E320.83914
G1 X114.436 Y101.095 E320.84241
G1 X121.311 Y101.095 E320.9923
G1 X121.31 Y98.955 E321.03895
G1 X98.69 Y98.955 E321.53211
G1 X98.694 Y101.095 E321.57877
G1 X105.537 Y101.095 E321.72796
G1 X105.759 Y101.156 E321.73298
G1 X106.157 Y101.395 E321.7431
G0 F9000 X106.285 Y101.513
G0 X106.296 Y101.536
G0 X106.785 Y100.722
;MESH:NONMESH
G0 F600 X106.785 Y100.722 Z3.88
G0 F9000 X114.172 Y100.595
G0 X114.172 Y100.895
;TIME_ELAPSED:442.563336
;LAYER:30
;TYPE:WALL-INNER
;MESH:belt_holder_screw.stl
G1 F3149.2 X114.407 Y100.815 E321.74898
G1 X121.026 Y100.815 E321.90584
G1 X121.023 Y99.235 E321.94328
G1 X98.978 Y99.235 E322.4657
G1 X98.98 Y100.815 E322.50315
G1 X105.536 Y100.815 E322.65851
G1 X105.899 Y100.914 E322.66742
G1 X106.313 Y101.16 E322.67884
G1 X106.529 Y101.358 E322.68578
G1 X106.66 Y101.63 E322.69294
G1 X106.661 Y102.154 E322.70535
G1 X106.554 Y102.443 E322.71266
G1 X106.32 Y102.67 E322.72038
G1 X106.554 Y102.897 E322.72811
G1 X106.654 Y103.126 E322.73403
G1 X106.667 Y103.592 E322.74508
G1 X106.557 Y103.947 E322.75388
G1 X106.322 Y104.173 E322.76161
G1 X106.555 Y104.399 E322.7693
G1 X106.659 Y104.718 E322.77725
G1 X106.667 Y105.092 E322.78612
G1 X106.556 Y105.449 E322.79498
G1 X106.321 Y105.674 E322.80269
G1 X106.551 Y105.902 E322.81036
G1 X106.653 Y106.222 E322.81832
G1 X106.654 Y106.639 E322.8282
G1 X106.549 Y106.943 E322.83583
G1 X106.314 Y107.171 E322.84359
G1 X106.548 Y107.397 E322.8513
G1 X106.652 Y107.632 E322.85739
G1 X106.665 Y108.171 E322.87016
G1 X106.551 Y108.446 E322.87722
G1 X106.317 Y108.672 E322.88493
G1 X106.549 Y108.898 E322.8926
G1 X106.651 Y109.193 E322.9
G1 X106.662 Y109.641 E322.91062
G1 X106.553 Y109.943 E322.91823
G1 X106.321 Y110.169 E322.9259
G1 X106.553 Y110.395 E322.93358
G1 X106.661 Y110.697 E322.94118
G1 X106.66 Y111.112 E322.95101
G1 X106.548 Y111.402 E322.95838
G1 X106.294 Y111.645 E322.96671
G1 X106.547 Y111.889 E322.97504
G1 X106.653 Y112.182 E322.98242
G1 X106.667 Y112.538 E322.99087
G1 X106.557 Y112.897 E322.99976
G1 X106.322 Y113.123 E323.00749
G1 X106.555 Y113.349 E323.01518
G1 X106.659 Y113.668 E323.02313
G1 X106.667 Y114.042 E323.032
G1 X106.556 Y114.399 E323.04086
G1 X106.321 Y114.624 E323.04857
G1 X106.551 Y114.852 E323.05624
G1 X106.653 Y115.172 E323.0642
G1 X106.654 Y115.589 E323.07409
G1 X106.549 Y115.893 E323.08171
G1 X106.314 Y116.121 E323.08947
G1 X106.548 Y116.347 E323.09718
G1 X106.653 Y116.585 E323.10334
G1 X106.658 Y117.086 E323.11521
G1 X106.585 Y117.337 E323.12141
G1 X106.316 Y117.622 E323.1307
G1 X106.582 Y117.908 E323.13995
G1 X106.653 Y118.114 E323.14511
G1 X106.661 Y118.501 E323.15429
G1 X106.598 Y118.81 E323.16176
G1 X106.322 Y119.118 E323.17156
G1 X106.599 Y119.425 E323.18136
G1 X106.665 Y119.609 E323.18599
G1 X106.661 Y120.024 E323.19583
G1 X106.454 Y120.519 E323.20854
G1 X106.321 Y120.621 E323.21251
G1 X106.472 Y120.765 E323.21746
G1 X113.342 Y120.765 E323.38026
G1 X113.341 Y120.437 E323.38804
G1 X113.39 Y120.171 E323.39445
G1 X113.453 Y120.048 E323.39772
G1 X113.683 Y119.828 E323.40526
G1 X113.408 Y119.563 E323.41431
G1 X113.345 Y119.235 E323.42223
G1 X113.341 Y118.833 E323.43176
G1 X113.438 Y118.574 E323.43831
G1 X113.684 Y118.328 E323.44655
G1 X113.439 Y118.083 E323.45477
G1 X113.345 Y117.818 E323.46143
G1 X113.343 Y117.341 E323.47273
G1 X113.45 Y117.055 E323.47997
G1 X113.683 Y116.829 E323.48766
G1 X113.45 Y116.604 E323.49534
G1 X113.342 Y116.304 E323.50289
G1 X113.35 Y115.828 E323.51417
G1 X113.451 Y115.556 E323.52105
G1 X113.685 Y115.331 E323.52874
G1 X113.451 Y115.106 E323.53644
G1 X113.343 Y114.806 E323.54399
G1 X113.346 Y114.342 E323.55499
G1 X113.452 Y114.058 E323.56217
G1 X113.684 Y113.833 E323.56983
G1 X113.451 Y113.607 E323.57752
G1 X113.343 Y113.308 E323.58506
G1 X113.346 Y112.881 E323.59518
G1 X113.453 Y112.557 E323.60326
G1 X113.687 Y112.331 E323.61097
G1 X113.453 Y112.105 E323.61868
G1 X113.352 Y111.833 E323.62556
G1 X113.343 Y111.393 E323.63599
G1 X113.45 Y111.105 E323.64327
G1 X113.683 Y110.878 E323.65098
G1 X113.451 Y110.652 E323.65865
G1 X113.349 Y110.361 E323.66596
G1 X113.342 Y109.849 E323.67809
G1 X113.45 Y109.604 E323.68444
G1 X113.683 Y109.378 E323.69213
G1 X113.451 Y109.152 E323.69981
G1 X113.348 Y108.85 E323.70737
G1 X113.342 Y108.393 E323.7182
G1 X113.45 Y108.105 E323.72549
G1 X113.683 Y107.879 E323.73318
G1 X113.45 Y107.654 E323.74086
G1 X113.342 Y107.354 E323.74841
G1 X113.35 Y106.878 E323.75969
G1 X113.451 Y106.606 E323.76657
G1 X113.685 Y106.381 E323.77426
G1 X113.451 Y106.156 E323.78195
G1 X113.343 Y105.856 E323.78951
G1 X113.346 Y105.392 E323.80051
G1 X113.452 Y105.108 E323.80769
G1 X113.684 Y104.883 E323.81535
G1 X113.451 Y104.657 E323.82304
G1 X113.343 Y104.358 E323.83058
G1 X113.346 Y103.891 E323.84164
G1 X113.453 Y103.607 E323.84883
G1 X113.687 Y103.381 E323.85654
G1 X113.453 Y103.155 E323.86425
G1 X113.352 Y102.883 E323.87113
G1 X113.341 Y102.401 E323.88255
G1 X113.398 Y102.209 E323.8873
G1 X113.537 Y101.996 E323.89333
G1 X113.871 Y101.766 E323.90294
G1 X113.795 Y101.658 E323.90607
G1 X113.823 Y101.313 E323.91427
G1 X113.939 Y101.089 E323.92025
G1 X114.172 Y100.895 E323.92743
G1 F1800 E321.92743
G0 F9000 X114.172 Y100.595
G0 X106.575 Y101.061
G1 F900 E323.92743
G0 F9000 X106.301 Y101.521
;TYPE:WALL-OUTER
G1 F2422.5 X106.381 Y101.688 E323.93147
G1 X106.377 Y102.131 E323.94113
G1 X106.317 Y102.294 E323.94492
G1 X106.17 Y102.437 E323.94939
G1 X105.77 Y102.666 E323.95944
G1 X106.169 Y102.903 E323.96955
G1 X106.316 Y103.045 E323.97401
G1 X106.378 Y103.223 E323.97812
G1 X106.386 Y103.608 E323.98651
G1 X106.321 Y103.797 E323.99087
G1 X106.172 Y103.94 E323.99537
G1 X105.768 Y104.172 E324.00553
G1 X106.169 Y104.402 E324.01561
G1 X106.317 Y104.546 E324.02011
G1 X106.377 Y104.717 E324.02406
G1 X106.386 Y105.108 E324.03259
G1 X106.32 Y105.298 E324.03698
G1 X106.172 Y105.44 E324.04145
G1 X105.767 Y105.672 E324.05162
G1 X106.167 Y105.903 E324.06169
G1 X106.312 Y106.048 E324.06616
G1 X106.369 Y106.201 E324.06972
G1 X106.377 Y106.585 E324.0781
G1 X106.312 Y106.794 E324.08287
G1 X106.162 Y106.939 E324.08742
G1 X105.764 Y107.167 E324.09742
G1 X106.164 Y107.402 E324.10753
G1 X106.311 Y107.545 E324.112
G1 X106.374 Y107.742 E324.11651
G1 X106.379 Y108.115 E324.12465
G1 X106.315 Y108.297 E324.12885
G1 X106.166 Y108.44 E324.13335
G1 X105.764 Y108.668 E324.14343
G1 X106.163 Y108.901 E324.1535
G1 X106.311 Y109.046 E324.15802
G1 X106.373 Y109.225 E324.16215
G1 X106.383 Y109.606 E324.17046
G1 X106.316 Y109.795 E324.17483
G1 X106.168 Y109.939 E324.17933
G1 X105.769 Y110.166 E324.18934
G1 X106.168 Y110.399 E324.19942
G1 X106.315 Y110.543 E324.2039
G1 X106.376 Y110.707 E324.20772
G1 X106.382 Y111.099 E324.21627
G1 X106.313 Y111.25 E324.21988
G1 X106.168 Y111.389 E324.22426
G1 X105.772 Y111.615 E324.2342
G1 X105.961 Y111.779 E324.23966
G1 X106.167 Y111.901 E324.24488
G1 X106.311 Y112.04 E324.24924
G1 X106.374 Y112.206 E324.25311
G1 X106.387 Y112.529 E324.26016
G1 X106.321 Y112.747 E324.26513
G1 X106.172 Y112.89 E324.26963
G1 X105.768 Y113.122 E324.27979
G1 X106.169 Y113.352 E324.28987
G1 X106.317 Y113.496 E324.29437
G1 X106.377 Y113.667 E324.29832
G1 X106.386 Y114.058 E324.30685
G1 X106.32 Y114.248 E324.31123
G1 X106.172 Y114.39 E324.3157
G1 X105.767 Y114.622 E324.32588
G1 X106.167 Y114.853 E324.33595
G1 X106.312 Y114.998 E324.34042
G1 X106.369 Y115.151 E324.34398
G1 X106.377 Y115.535 E324.35235
G1 X106.312 Y115.744 E324.35713
G1 X106.162 Y115.889 E324.36167
G1 X105.764 Y116.117 E324.37167
G1 X106.164 Y116.352 E324.38179
G1 X106.311 Y116.495 E324.38626
G1 X106.374 Y116.692 E324.39077
G1 X106.382 Y117.007 E324.39764
G1 X106.335 Y117.21 E324.40218
G1 X106.166 Y117.39 E324.40757
G1 X105.764 Y117.618 E324.41764
G1 X106.163 Y117.851 E324.42771
G1 X106.331 Y118.032 E324.4331
G1 X106.374 Y118.141 E324.43565
G1 X106.381 Y118.507 E324.44363
G1 X106.343 Y118.694 E324.44779
G1 X106.17 Y118.887 E324.45345
G1 X105.768 Y119.116 E324.46353
G1 X106.172 Y119.351 E324.47372
G1 X106.345 Y119.542 E324.47934
G1 X106.384 Y119.728 E324.48348
G1 X106.381 Y120.021 E324.48987
G1 X106.247 Y120.343 E324.49748
G1 X105.819 Y120.588 E324.50823
G1 X105.961 Y120.729 E324.51259
G1 X106.254 Y120.919 E324.5202
G1 X106.309 Y121.045 E324.5232
G1 X113.74 Y121.045 E324.68521
G1 X113.622 Y120.73 E324.69255
G1 X113.621 Y120.436 E324.69896
G1 X113.689 Y120.2 E324.70431
G1 X113.836 Y120.059 E324.70875
G1 X114.236 Y119.832 E324.71878
G1 X113.838 Y119.6 E324.72882
G1 X113.691 Y119.458 E324.73328
G1 X113.625 Y119.232 E324.73841
G1 X113.621 Y118.858 E324.74657
G1 X113.68 Y118.715 E324.74994
G1 X113.836 Y118.56 E324.75473
G1 X114.232 Y118.33 E324.76472
G1 X113.837 Y118.099 E324.77469
G1 X113.682 Y117.943 E324.77949
G1 X113.625 Y117.785 E324.78315
G1 X113.622 Y117.405 E324.79144
G1 X113.687 Y117.204 E324.79604
G1 X113.836 Y117.059 E324.80057
G1 X114.232 Y116.831 E324.81054
G1 X113.837 Y116.601 E324.8205
G1 X113.688 Y116.456 E324.82503
G1 X113.627 Y116.292 E324.82885
G1 X113.623 Y115.909 E324.8372
G1 X113.688 Y115.705 E324.84187
G1 X113.838 Y115.561 E324.8464
G1 X114.235 Y115.331 E324.8564
G1 X113.838 Y115.101 E324.86641
G1 X113.688 Y114.957 E324.87094
G1 X113.627 Y114.792 E324.87478
G1 X113.625 Y114.405 E324.88321
G1 X113.69 Y114.206 E324.88778
G1 X113.837 Y114.062 E324.89226
G1 X114.237 Y113.832 E324.90232
G1 X113.837 Y113.601 E324.91239
G1 X113.688 Y113.458 E324.9169
G1 X113.623 Y113.248 E324.92169
G1 X113.626 Y112.902 E324.92923
G1 X113.69 Y112.705 E324.93375
G1 X113.84 Y112.56 E324.9383
G1 X114.238 Y112.332 E324.9483
G1 X113.84 Y112.101 E324.95833
G1 X113.69 Y111.956 E324.96288
G1 X113.629 Y111.791 E324.96671
G1 X113.623 Y111.459 E324.97395
G1 X113.688 Y111.254 E324.97864
G1 X113.835 Y111.11 E324.98313
G1 X114.234 Y110.883 E324.99314
G1 X113.836 Y110.648 E325.00321
G1 X113.689 Y110.504 E325.0077
G1 X113.627 Y110.328 E325.01177
G1 X113.622 Y109.958 E325.01984
G1 X113.687 Y109.754 E325.0245
G1 X113.836 Y109.61 E325.02902
G1 X114.232 Y109.38 E325.03901
G1 X113.837 Y109.149 E325.04898
G1 X113.689 Y109.004 E325.0535
G1 X113.629 Y108.84 E325.05731
G1 X113.622 Y108.458 E325.06564
G1 X113.687 Y108.254 E325.0703
G1 X113.836 Y108.109 E325.07484
G1 X114.232 Y107.881 E325.0848
G1 X113.837 Y107.651 E325.09476
G1 X113.688 Y107.506 E325.0993
G1 X113.627 Y107.342 E325.10311
G1 X113.623 Y106.959 E325.11146
G1 X113.688 Y106.755 E325.11613
G1 X113.838 Y106.611 E325.12066
G1 X114.235 Y106.381 E325.13067
G1 X113.838 Y106.151 E325.14067
G1 X113.688 Y106.007 E325.1452
G1 X113.627 Y105.842 E325.14904
G1 X113.625 Y105.455 E325.15748
G1 X113.69 Y105.256 E325.16204
G1 X113.837 Y105.112 E325.16653
G1 X114.237 Y104.882 E325.17659
G1 X113.837 Y104.651 E325.18666
G1 X113.688 Y104.508 E325.19116
G1 X113.623 Y104.298 E325.19595
G1 X113.625 Y103.955 E325.20343
G1 X113.69 Y103.755 E325.20802
G1 X113.84 Y103.61 E325.21256
G1 X114.238 Y103.382 E325.22256
G1 X113.84 Y103.151 E325.2326
G1 X113.69 Y103.006 E325.23715
G1 X113.629 Y102.841 E325.24098
G1 X113.622 Y102.43 E325.24994
G1 X113.761 Y102.156 E325.25664
G1 X114.251 Y101.868 E325.26903
G1 X114.071 Y101.612 E325.27586
G1 X114.09 Y101.396 E325.28058
G1 X114.161 Y101.261 E325.28391
G1 X114.302 Y101.143 E325.28792
G1 X114.444 Y101.095 E325.29119
G1 X121.307 Y101.095 E325.44081
G1 X121.302 Y98.955 E325.48747
G1 X98.698 Y98.955 E325.98028
G1 X98.7 Y101.095 E326.02694
G1 X105.536 Y101.095 E326.17598
G1 X105.756 Y101.155 E326.18095
G1 X106.17 Y101.401 E326.19145
G1 X106.301 Y101.521 E326.19532
G0 F9000 X106.381 Y101.688
G0 X106.381 Y101.703
G0 X107.145 Y101.403
;TYPE:FILL
G1 F2907 X112.781 Y107.039 E326.85264
G1 X112.845 Y106.652 E326.88499
G1 X112.954 Y106.392 E326.90824
G1 X106.336 Y99.774 E327.68008
G1 X107.157 Y99.774 E327.74779
G1 X112.796 Y105.414 E328.40551
G1 X112.833 Y105.196 E328.42375
G1 X112.961 Y104.883 E328.45163
G1 X112.871 Y104.668 E328.47086
G1 X107.977 Y99.774 E329.04163
G1 X108.797 Y99.774 E329.10926
G1 X112.816 Y103.794 E329.57804
G1 X112.889 Y103.528 E329.60079
G1 X112.962 Y103.381 E329.61433
G1 X112.863 Y103.183 E329.63258
G1 X112.817 Y102.974 E329.65023
G1 X109.617 Y99.774 E330.02344
G1 X110.438 Y99.774 E330.09115
G1 X112.845 Y102.181 E330.37187
G1 X112.899 Y101.995 E330.38784
G1 X113.051 Y101.73 E330.41304
G1 X113.132 Y101.648 E330.42254
G1 X111.258 Y99.774 E330.6411
G1 X112.078 Y99.774 E330.70873
G1 X113.343 Y101.039 E330.85626
G1 X113.494 Y100.75 E330.88315
G1 X113.701 Y100.577 E330.9054
G1 X112.898 Y99.774 E330.99905
G1 X113.719 Y99.774 E331.06676
G1 X114.242 Y100.298 E331.12782
G1 X114.31 Y100.275 E331.13374
G1 X115.039 Y100.274 E331.19385
G1 X114.539 Y99.774 E331.25217
G1 X115.359 Y99.774 E331.31979
G1 X115.859 Y100.274 E331.37811
G1 X116.679 Y100.274 E331.44573
G1 X116.179 Y99.774 E331.50405
G1 X117 Y99.774 E331.57175
G1 X117.499 Y100.274 E331.63001
G1 X118.32 Y100.274 E331.69771
G1 X117.82 Y99.774 E331.75603
G1 X118.64 Y99.774 E331.82365
G1 X119.14 Y100.274 E331.88197
G1 X119.96 Y100.274 E331.94959
G1 X119.46 Y99.774 E332.0079
G1 X120.28 Y99.774 E332.07553
G1 X120.484 Y99.978 E332.09932
G0 F9000 X99.518 Y99.774
G1 F2907 X99.52 Y100.274 E332.14056
G1 X100.274 Y100.274 E332.20274
G1 X99.774 Y99.774 E332.26105
G1 X100.595 Y99.774 E332.32876
G1 X101.094 Y100.274 E332.38701
G1 X101.914 Y100.274 E332.45464
G1 X101.415 Y99.774 E332.51289
G1 X102.235 Y99.774 E332.58052
G1 X102.734 Y100.274 E332.63877
G1 X103.555 Y100.274 E332.70648
G1 X103.055 Y99.774 E332.76479
G1 X103.876 Y99.774 E332.8325
G1 X104.375 Y100.274 E332.89076
G1 X105.195 Y100.274 E332.95838
G1 X104.696 Y99.774 E333.01664
G1 X105.516 Y99.774 E333.08426
G1 X106.212 Y100.47 E333.16543
G1 X106.622 Y100.716 E333.20487
G1 X106.968 Y101.036 E333.24373
G1 X107.154 Y101.422 E333.27907
G1 X107.221 Y101.901 E333.31895
G1 X107.231 Y101.901 E333.31978
G1 X107.184 Y102.263 E333.34988
G1 X112.913 Y107.992 E334.01805
G1 X112.8 Y108.275 E334.04318
G1 X112.807 Y108.706 E334.07872
G1 X107.197 Y103.096 E334.73301
G1 X107.205 Y103.788 E334.79008
G1 X107.164 Y103.883 E334.79861
G1 X112.873 Y109.592 E335.46444
G1 X112.801 Y109.77 E335.48028
G1 X112.805 Y110.344 E335.52762
G1 X107.198 Y104.738 E336.18149
G1 X107.206 Y105.221 E336.22133
G1 X107.13 Y105.489 E336.2443
G1 X112.839 Y111.198 E336.91013
G1 X112.816 Y111.281 E336.91723
G1 X112.804 Y111.611 E336.94447
G1 X112.758 Y111.611 E336.94826
G1 X112.835 Y112.015 E336.98218
G1 X107.193 Y106.373 E337.64019
G1 X107.195 Y106.483 E337.64927
G1 X107.245 Y106.483 E337.65339
G1 X107.136 Y106.973 E337.69479
G1 X107.082 Y107.082 E337.70482
G1 X112.806 Y112.806 E338.3724
G1 X112.802 Y113.299 E338.41306
G1 X112.848 Y113.561 E338.43499
G1 X112.927 Y113.747 E338.45166
G1 X107.2 Y108.02 E339.11959
G1 X107.204 Y108.153 E339.13056
G1 X107.118 Y108.519 E339.16157
G1 X107.039 Y108.673 E339.17584
G1 X112.786 Y114.426 E339.84645
G1 X112.765 Y114.548 E339.85666
G1 X112.804 Y114.547 E339.85988
G1 X112.804 Y114.597 E339.864
G1 X112.746 Y114.597 E339.86878
G1 X112.88 Y115.219 E339.92126
G1 X112.96 Y115.33 E339.93254
G1 X112.934 Y115.394 E339.93824
G1 X107.208 Y109.669 E340.60599
G1 X107.142 Y109.972 E340.63157
G1 X107.043 Y110.168 E340.64967
G1 X107.141 Y110.422 E340.67213
G1 X112.792 Y116.073 E341.33119
G1 X112.823 Y116.616 E341.37604
G1 X112.868 Y116.617 E341.37976
G1 X112.959 Y116.826 E341.39856
G1 X112.892 Y116.993 E341.4134
G1 X107.161 Y111.262 E342.08179
G1 X107.112 Y111.482 E342.10038
G1 X107.029 Y111.645 E342.11546
G1 X107.146 Y111.908 E342.1392
G1 X107.188 Y112.11 E342.15622
G1 X112.805 Y117.726 E342.81126
G1 X112.837 Y118.018 E342.83548
G1 X112.958 Y118.325 E342.8627
G1 X112.852 Y118.594 E342.88654
G1 X107.145 Y112.887 E343.55214
G1 X107.046 Y113.122 E343.57317
G1 X107.197 Y113.496 E343.60643
G1 X107.2 Y113.762 E343.62837
G1 X112.828 Y119.39 E344.28475
G1 X112.881 Y119.668 E344.30809
G1 X112.962 Y119.824 E344.32258
G1 X112.882 Y119.98 E344.33704
G1 X112.837 Y120.22 E344.35718
G1 X107.112 Y114.494 E345.02493
G1 X107.043 Y114.63 E345.03751
G1 X107.189 Y114.996 E345.07001
G1 X107.197 Y115.432 E345.10597
G1 X107.229 Y115.432 E345.10861
G1 X112.021 Y120.223 E345.66743
G1 X111.201 Y120.223 E345.73506
G1 X107.058 Y116.08 E346.21825
G1 X107.038 Y116.119 E346.22186
G1 X107.113 Y116.268 E346.23562
G1 X107.191 Y116.577 E346.2619
G1 X107.2 Y117.043 E346.30034
G1 X110.38 Y120.223 E346.67121
G1 X109.56 Y120.223 E346.73884
G1 X107.103 Y117.766 E347.02539
G1 X107.191 Y117.985 E347.04486
G1 X107.2 Y118.504 E347.08767
G1 X107.181 Y118.665 E347.10104
G1 X108.74 Y120.223 E347.2828
G1 X107.142 Y120.223 E347.41458
G1 X107.2 Y120.086 E347.42685
G1 X107.204 Y119.723 E347.45679
G1 X107.174 Y119.478 E347.47715
G1 X107.92 Y120.223 E347.56409
G0 F9000 X107.92 Y120.145
;MESH:NONMESH
G0 F600 X107.92 Y120.145 Z4
G0 F9000 X113.186 Y101.988
G0 X113.801 Y100.664
G0 X114.177 Y100.595
G0 X114.177 Y100.895
;TIME_ELAPSED:459.196286
;LAYER:31
;TYPE:WALL-INNER
;MESH:belt_holder_screw.stl
G1 F1400.8 X114.412 Y100.815 E347.56998
G1 X121.002 Y100.815 E347.72615
G1 X121.009 Y99.235 E347.76359
G1 X98.986 Y99.235 E348.28549
G1 X98.986 Y100.815 E348.32293
G1 X105.536 Y100.815 E348.47815
G1 X105.897 Y100.913 E348.48701
G1 X106.326 Y101.166 E348.49882
G1 X106.545 Y101.367 E348.50586
G1 X106.678 Y101.647 E348.51321
G1 X106.668 Y102.162 E348.52541
G1 X106.564 Y102.452 E348.53271
G1 X106.33 Y102.678 E348.54042
G1 X106.562 Y102.904 E348.5481
G1 X106.666 Y103.22 E348.55598
G1 X106.678 Y103.65 E348.56618
G1 X106.567 Y103.956 E348.57389
G1 X106.332 Y104.181 E348.5816
G1 X106.563 Y104.407 E348.58926
G1 X106.666 Y104.687 E348.59633
G1 X106.677 Y105.103 E348.60619
G1 X106.567 Y105.455 E348.61493
G1 X106.332 Y105.68 E348.62264
G1 X106.565 Y105.905 E348.63032
G1 X106.667 Y106.198 E348.63767
G1 X106.664 Y106.644 E348.64824
G1 X106.56 Y106.949 E348.65587
G1 X106.328 Y107.175 E348.66355
G1 X106.561 Y107.402 E348.67126
G1 X106.668 Y107.685 E348.67843
G1 X106.672 Y108.139 E348.68919
G1 X106.565 Y108.454 E348.69707
G1 X106.331 Y108.679 E348.70476
G1 X106.563 Y108.904 E348.71242
G1 X106.668 Y109.226 E348.72045
G1 X106.672 Y109.639 E348.73024
G1 X106.565 Y109.954 E348.73812
G1 X106.331 Y110.179 E348.74581
G1 X106.563 Y110.404 E348.75347
G1 X106.669 Y110.729 E348.76157
G1 X106.672 Y111.059 E348.76939
G1 X106.558 Y111.409 E348.77812
G1 X106.304 Y111.652 E348.78645
G1 X106.556 Y111.897 E348.79478
G1 X106.66 Y112.181 E348.80194
G1 X106.677 Y112.548 E348.81065
G1 X106.567 Y112.906 E348.81953
G1 X106.332 Y113.131 E348.82724
G1 X106.563 Y113.357 E348.83489
G1 X106.666 Y113.637 E348.84196
G1 X106.677 Y114.053 E348.85183
G1 X106.567 Y114.405 E348.86057
G1 X106.332 Y114.63 E348.86828
G1 X106.565 Y114.855 E348.87595
G1 X106.667 Y115.148 E348.8833
G1 X106.664 Y115.594 E348.89387
G1 X106.56 Y115.899 E348.90151
G1 X106.328 Y116.125 E348.90918
G1 X106.561 Y116.352 E348.91689
G1 X106.667 Y116.634 E348.92403
G1 X106.675 Y117.127 E348.93572
G1 X106.599 Y117.343 E348.94114
G1 X106.33 Y117.629 E348.95045
G1 X106.596 Y117.914 E348.95969
G1 X106.661 Y118.121 E348.96483
G1 X106.674 Y118.51 E348.97405
G1 X106.608 Y118.824 E348.98166
G1 X106.329 Y119.129 E348.99145
G1 X106.606 Y119.434 E349.00121
G1 X106.669 Y119.61 E349.00564
G1 X106.673 Y120.014 E349.01522
G1 X106.46 Y120.53 E349.02845
G1 X106.332 Y120.628 E349.03227
G1 X106.477 Y120.765 E349.037
G1 X113.333 Y120.765 E349.19947
G1 X113.333 Y120.427 E349.20748
G1 X113.381 Y120.168 E349.21372
G1 X113.443 Y120.045 E349.21698
G1 X113.672 Y119.825 E349.22451
G1 X113.443 Y119.604 E349.23205
G1 X113.38 Y119.481 E349.23533
G1 X113.331 Y119.215 E349.24174
G1 X113.334 Y118.833 E349.25079
G1 X113.428 Y118.57 E349.25741
G1 X113.671 Y118.325 E349.26559
G1 X113.427 Y118.079 E349.2738
G1 X113.33 Y117.821 E349.28033
G1 X113.334 Y117.333 E349.29189
G1 X113.441 Y117.048 E349.29911
G1 X113.676 Y116.823 E349.30682
G1 X113.441 Y116.598 E349.31453
G1 X113.333 Y116.298 E349.32208
G1 X113.335 Y115.79 E349.33412
G1 X113.441 Y115.549 E349.34036
G1 X113.674 Y115.323 E349.34805
G1 X113.441 Y115.098 E349.35573
G1 X113.335 Y114.774 E349.36381
G1 X113.336 Y114.334 E349.37423
G1 X113.439 Y114.047 E349.38146
G1 X113.674 Y113.822 E349.38917
G1 X113.441 Y113.597 E349.39685
G1 X113.337 Y113.289 E349.40455
G1 X113.332 Y112.879 E349.41427
G1 X113.439 Y112.548 E349.42251
G1 X113.673 Y112.322 E349.43022
G1 X113.44 Y112.097 E349.4379
G1 X113.335 Y111.787 E349.44565
G1 X113.334 Y111.387 E349.45513
G1 X113.439 Y111.101 E349.46235
G1 X113.671 Y110.876 E349.47001
G1 X113.439 Y110.649 E349.4777
G1 X113.332 Y110.364 E349.48492
G1 X113.334 Y109.885 E349.49627
G1 X113.439 Y109.6 E349.50347
G1 X113.671 Y109.375 E349.51112
G1 X113.439 Y109.149 E349.5188
G1 X113.331 Y108.86 E349.52611
G1 X113.334 Y108.383 E349.53741
G1 X113.441 Y108.098 E349.54463
G1 X113.676 Y107.873 E349.55234
G1 X113.441 Y107.648 E349.56005
G1 X113.333 Y107.348 E349.56761
G1 X113.335 Y106.84 E349.57964
G1 X113.441 Y106.599 E349.58588
G1 X113.674 Y106.373 E349.59358
G1 X113.441 Y106.148 E349.60125
G1 X113.335 Y105.824 E349.60933
G1 X113.336 Y105.384 E349.61976
G1 X113.439 Y105.097 E349.62698
G1 X113.674 Y104.872 E349.63469
G1 X113.441 Y104.647 E349.64237
G1 X113.337 Y104.339 E349.65007
G1 X113.332 Y103.934 E349.65967
G1 X113.439 Y103.599 E349.668
G1 X113.673 Y103.374 E349.6757
G1 X113.439 Y103.148 E349.68341
G1 X113.33 Y102.857 E349.69077
G1 X113.335 Y102.376 E349.70217
G1 X113.394 Y102.19 E349.70679
G1 X113.535 Y101.981 E349.71277
G1 X113.874 Y101.753 E349.72245
G1 X113.797 Y101.639 E349.72571
G1 X113.828 Y101.313 E349.73347
G1 X113.944 Y101.089 E349.73945
G1 X114.177 Y100.895 E349.74663
G1 F1800 E347.74663
G0 F9000 X114.177 Y100.595
G0 X106.589 Y101.068
G1 F900 E349.74663
G0 F9000 X106.317 Y101.529
;TYPE:WALL-OUTER
G1 F1077.5 X106.395 Y101.695 E349.75063
G1 X106.394 Y102.126 E349.76003
G1 X106.327 Y102.302 E349.76414
G1 X106.176 Y102.447 E349.7687
G1 X105.779 Y102.673 E349.77866
G1 X106.177 Y102.909 E349.78875
G1 X106.324 Y103.052 E349.79322
G1 X106.385 Y103.221 E349.79714
G1 X106.395 Y103.622 E349.80588
G1 X106.33 Y103.806 E349.81014
G1 X106.182 Y103.948 E349.81461
G1 X105.781 Y104.178 E349.82469
G1 X106.178 Y104.41 E349.83471
G1 X106.325 Y104.554 E349.8392
G1 X106.386 Y104.73 E349.84326
G1 X106.397 Y105.092 E349.85115
G1 X106.331 Y105.305 E349.85602
G1 X106.18 Y105.449 E349.86056
G1 X105.782 Y105.678 E349.87058
G1 X106.178 Y105.908 E349.88056
G1 X106.327 Y106.053 E349.88509
G1 X106.389 Y106.23 E349.88918
G1 X106.383 Y106.637 E349.89806
G1 X106.323 Y106.801 E349.90186
G1 X106.176 Y106.944 E349.90633
G1 X105.774 Y107.173 E349.91642
G1 X106.177 Y107.408 E349.92659
G1 X106.324 Y107.551 E349.93106
G1 X106.388 Y107.696 E349.93452
G1 X106.395 Y108.128 E349.94394
G1 X106.328 Y108.304 E349.94804
G1 X106.179 Y108.447 E349.95255
G1 X105.776 Y108.674 E349.96263
G1 X106.177 Y108.908 E349.97275
G1 X106.325 Y109.052 E349.97726
G1 X106.386 Y109.223 E349.98121
G1 X106.394 Y109.59 E349.98922
G1 X106.328 Y109.804 E349.9941
G1 X106.179 Y109.947 E349.9986
G1 X105.777 Y110.175 E350.00868
G1 X106.178 Y110.408 E350.01879
G1 X106.326 Y110.552 E350.02329
G1 X106.387 Y110.723 E350.02725
G1 X106.392 Y111.045 E350.03427
G1 X106.323 Y111.257 E350.03913
G1 X106.18 Y111.394 E350.04345
G1 X105.778 Y111.622 E350.05352
G1 X105.986 Y111.795 E350.05942
G1 X106.32 Y112.048 E350.06856
G1 X106.385 Y112.21 E350.07236
G1 X106.395 Y112.572 E350.08026
G1 X106.33 Y112.756 E350.08451
G1 X106.182 Y112.898 E350.08899
G1 X105.781 Y113.128 E350.09906
G1 X106.178 Y113.36 E350.10909
G1 X106.325 Y113.504 E350.11357
G1 X106.386 Y113.68 E350.11764
G1 X106.397 Y114.042 E350.12553
G1 X106.331 Y114.255 E350.13039
G1 X106.18 Y114.399 E350.13494
G1 X105.782 Y114.628 E350.14495
G1 X106.178 Y114.858 E350.15494
G1 X106.327 Y115.003 E350.15947
G1 X106.389 Y115.18 E350.16356
G1 X106.383 Y115.587 E350.17243
G1 X106.323 Y115.751 E350.17624
G1 X106.176 Y115.894 E350.18071
G1 X105.774 Y116.123 E350.1908
G1 X106.177 Y116.358 E350.20097
G1 X106.324 Y116.501 E350.20544
G1 X106.388 Y116.646 E350.2089
G1 X106.394 Y117.04 E350.21749
G1 X106.349 Y117.217 E350.22147
G1 X106.179 Y117.397 E350.22687
G1 X105.776 Y117.624 E350.23695
G1 X106.177 Y117.858 E350.24707
G1 X106.345 Y118.039 E350.25246
G1 X106.388 Y118.164 E350.25534
G1 X106.394 Y118.515 E350.26299
G1 X106.354 Y118.705 E350.26723
G1 X106.179 Y118.897 E350.27289
G1 X105.777 Y119.125 E350.28297
G1 X106.178 Y119.358 E350.29308
G1 X106.352 Y119.55 E350.29873
G1 X106.39 Y119.725 E350.30263
G1 X106.393 Y120.017 E350.309
G1 X106.255 Y120.352 E350.3169
G1 X105.832 Y120.592 E350.3275
G1 X105.985 Y120.745 E350.33222
G1 X106.261 Y120.922 E350.33937
G1 X106.316 Y121.045 E350.3423
G1 X113.733 Y121.045 E350.50401
G1 X113.613 Y120.72 E350.51156
G1 X113.613 Y120.427 E350.51795
G1 X113.68 Y120.196 E350.52319
G1 X113.824 Y120.056 E350.52757
G1 X114.227 Y119.827 E350.53768
G1 X113.823 Y119.592 E350.54787
G1 X113.678 Y119.453 E350.55225
G1 X113.611 Y119.217 E350.5576
G1 X113.613 Y118.869 E350.56518
G1 X113.67 Y118.71 E350.56887
G1 X113.827 Y118.553 E350.57371
G1 X114.222 Y118.325 E350.58365
G1 X113.823 Y118.093 E350.59371
G1 X113.669 Y117.937 E350.59849
G1 X113.611 Y117.782 E350.6021
G1 X113.613 Y117.399 E350.61045
G1 X113.678 Y117.197 E350.61508
G1 X113.828 Y117.052 E350.61963
G1 X114.226 Y116.824 E350.62963
G1 X113.828 Y116.594 E350.63965
G1 X113.678 Y116.449 E350.6442
G1 X113.617 Y116.284 E350.64803
G1 X113.614 Y115.89 E350.65662
G1 X113.678 Y115.698 E350.66103
G1 X113.827 Y115.555 E350.66554
G1 X114.224 Y115.324 E350.67555
G1 X113.827 Y115.094 E350.68555
G1 X113.679 Y114.949 E350.69007
G1 X113.615 Y114.754 E350.69455
G1 X113.611 Y114.401 E350.70224
G1 X113.676 Y114.197 E350.70691
G1 X113.826 Y114.053 E350.71144
G1 X114.224 Y113.824 E350.72145
G1 X113.827 Y113.593 E350.73147
G1 X113.678 Y113.449 E350.73599
G1 X113.615 Y113.262 E350.74029
G1 X113.611 Y112.898 E350.74822
G1 X113.676 Y112.697 E350.75283
G1 X113.826 Y112.553 E350.75736
G1 X114.223 Y112.324 E350.76736
G1 X113.827 Y112.094 E350.77734
G1 X113.678 Y111.949 E350.78187
G1 X113.614 Y111.761 E350.7862
G1 X113.613 Y111.45 E350.79298
G1 X113.677 Y111.249 E350.79758
G1 X113.829 Y111.102 E350.80219
G1 X114.223 Y110.878 E350.81207
G1 X113.823 Y110.643 E350.82219
G1 X113.676 Y110.5 E350.82666
G1 X113.613 Y110.322 E350.83078
G1 X113.613 Y109.949 E350.83891
G1 X113.677 Y109.748 E350.84351
G1 X113.827 Y109.603 E350.84805
G1 X114.222 Y109.375 E350.858
G1 X113.823 Y109.143 E350.86806
G1 X113.676 Y109 E350.87253
G1 X113.615 Y108.835 E350.87637
G1 X113.613 Y108.449 E350.88478
G1 X113.678 Y108.247 E350.88941
G1 X113.828 Y108.102 E350.89396
G1 X114.226 Y107.874 E350.90396
G1 X113.828 Y107.644 E350.91398
G1 X113.678 Y107.499 E350.91853
G1 X113.617 Y107.334 E350.92236
G1 X113.614 Y106.94 E350.93095
G1 X113.678 Y106.748 E350.93537
G1 X113.827 Y106.605 E350.93987
G1 X114.224 Y106.374 E350.94988
G1 X113.827 Y106.144 E350.95989
G1 X113.679 Y105.999 E350.9644
G1 X113.615 Y105.804 E350.96888
G1 X113.611 Y105.451 E350.97657
G1 X113.676 Y105.247 E350.98124
G1 X113.826 Y105.103 E350.98578
G1 X114.224 Y104.874 E350.99579
G1 X113.827 Y104.643 E351.0058
G1 X113.678 Y104.499 E351.01032
G1 X113.615 Y104.312 E351.01462
G1 X113.611 Y103.951 E351.02249
G1 X113.676 Y103.748 E351.02714
G1 X113.826 Y103.603 E351.03169
G1 X114.223 Y103.375 E351.04167
G1 X113.826 Y103.144 E351.05168
G1 X113.676 Y102.999 E351.05623
G1 X113.615 Y102.834 E351.06007
G1 X113.614 Y102.419 E351.06911
G1 X113.757 Y102.145 E351.07585
G1 X114.25 Y101.86 E351.08827
G1 X114.074 Y101.601 E351.09509
G1 X114.095 Y101.396 E351.09959
G1 X114.166 Y101.261 E351.10291
G1 X114.307 Y101.143 E351.10692
G1 X114.449 Y101.095 E351.11019
G1 X121.283 Y101.095 E351.25918
G1 X121.29 Y98.955 E351.30584
G1 X98.706 Y98.955 E351.79822
G1 X98.706 Y101.095 E351.84487
G1 X105.536 Y101.095 E351.99378
G1 X105.755 Y101.154 E351.99873
G1 X106.184 Y101.407 E352.00959
G1 X106.317 Y101.529 E352.01352
G0 F9000 X106.395 Y101.695
G0 X106.395 Y101.712
G0 X107.295 Y101.718
;MESH:NONMESH
G0 F600 X107.295 Y101.718 Z4.12
G0 F9000 X114.172 Y100.595
G0 X114.172 Y100.895
;TIME_ELAPSED:470.197831
;LAYER:32
;TYPE:WALL-INNER
;MESH:belt_holder_screw.stl
G1 F1386.9 X114.407 Y100.815 E352.0194
G1 X120.979 Y100.815 E352.17515
G1 X120.975 Y100.309 E352.18714
G1 X120.983 Y99.235 E352.21259
G1 X99.012 Y99.235 E352.73325
G1 X99.009 Y100.815 E352.7707
G1 X105.535 Y100.815 E352.92535
G1 X105.894 Y100.911 E352.93416
G1 X106.339 Y101.171 E352.94637
G1 X106.562 Y101.377 E352.95356
G1 X106.694 Y101.663 E352.96103
G1 X106.679 Y102.166 E352.97295
G1 X106.575 Y102.461 E352.98037
G1 X106.341 Y102.685 E352.98804
G1 X106.573 Y102.909 E352.99568
G1 X106.676 Y103.144 E353.00177
G1 X106.687 Y103.607 E353.01274
G1 X106.577 Y103.963 E353.02157
G1 X106.344 Y104.187 E353.02923
G1 X106.575 Y104.411 E353.03685
G1 X106.675 Y104.694 E353.04397
G1 X106.687 Y105.107 E353.05376
G1 X106.579 Y105.46 E353.06251
G1 X106.346 Y105.684 E353.07017
G1 X106.579 Y105.908 E353.07783
G1 X106.685 Y106.153 E353.08415
G1 X106.683 Y106.675 E353.09652
G1 X106.576 Y106.96 E353.10374
G1 X106.344 Y107.184 E353.11138
G1 X106.576 Y107.408 E353.11902
G1 X106.683 Y107.708 E353.12657
G1 X106.683 Y108.139 E353.13678
G1 X106.576 Y108.46 E353.1448
G1 X106.343 Y108.685 E353.15248
G1 X106.576 Y108.909 E353.16014
G1 X106.68 Y109.19 E353.16724
G1 X106.687 Y109.661 E353.1784
G1 X106.576 Y109.961 E353.18598
G1 X106.342 Y110.185 E353.19366
G1 X106.574 Y110.409 E353.2013
G1 X106.677 Y110.648 E353.20747
G1 X106.681 Y111.095 E353.21806
G1 X106.569 Y111.416 E353.22612
G1 X106.315 Y111.658 E353.23443
G1 X106.569 Y111.901 E353.24276
G1 X106.679 Y112.222 E353.2508
G1 X106.687 Y112.557 E353.25874
G1 X106.577 Y112.913 E353.26757
G1 X106.344 Y113.137 E353.27523
G1 X106.575 Y113.361 E353.28286
G1 X106.675 Y113.644 E353.28997
G1 X106.687 Y114.057 E353.29976
G1 X106.579 Y114.41 E353.30851
G1 X106.346 Y114.634 E353.31617
G1 X106.579 Y114.858 E353.32383
G1 X106.685 Y115.103 E353.33016
G1 X106.683 Y115.625 E353.34253
G1 X106.576 Y115.91 E353.34974
G1 X106.344 Y116.134 E353.35738
G1 X106.576 Y116.358 E353.36502
G1 X106.683 Y116.659 E353.37259
G1 X106.682 Y117.102 E353.38309
G1 X106.611 Y117.348 E353.38916
G1 X106.342 Y117.635 E353.39848
G1 X106.61 Y117.92 E353.40775
G1 X106.682 Y118.159 E353.41367
G1 X106.686 Y118.649 E353.42528
G1 X106.619 Y118.832 E353.4299
G1 X106.341 Y119.135 E353.43964
G1 X106.616 Y119.439 E353.44936
G1 X106.678 Y119.616 E353.4538
G1 X106.684 Y120.019 E353.46335
G1 X106.468 Y120.539 E353.4767
G1 X106.345 Y120.633 E353.48037
G1 X106.485 Y120.765 E353.48493
G1 X113.316 Y120.764 E353.64681
G1 X113.316 Y120.419 E353.65498
G1 X113.364 Y120.16 E353.66122
G1 X113.426 Y120.037 E353.66449
G1 X113.656 Y119.815 E353.67206
G1 X113.426 Y119.594 E353.67962
G1 X113.364 Y119.472 E353.68287
G1 X113.317 Y119.204 E353.68931
G1 X113.322 Y118.827 E353.69825
G1 X113.415 Y118.564 E353.70486
G1 X113.659 Y118.319 E353.71305
G1 X113.414 Y118.073 E353.72128
G1 X113.315 Y117.813 E353.72787
G1 X113.324 Y117.346 E353.73894
G1 X113.429 Y117.042 E353.74656
G1 X113.663 Y116.817 E353.75426
G1 X113.429 Y116.592 E353.76195
G1 X113.322 Y116.306 E353.76919
G1 X113.315 Y115.856 E353.77985
G1 X113.423 Y115.539 E353.78779
G1 X113.657 Y115.315 E353.79546
G1 X113.424 Y115.091 E353.80312
G1 X113.318 Y114.763 E353.81129
G1 X113.318 Y114.327 E353.82163
G1 X113.425 Y114.042 E353.82884
G1 X113.658 Y113.817 E353.83652
G1 X113.425 Y113.592 E353.84419
G1 X113.317 Y113.252 E353.85264
G1 X113.318 Y112.827 E353.86272
G1 X113.425 Y112.542 E353.86993
G1 X113.658 Y112.317 E353.87761
G1 X113.425 Y112.092 E353.88528
G1 X113.317 Y111.752 E353.89374
G1 X113.322 Y111.417 E353.90168
G1 X113.427 Y111.091 E353.90979
G1 X113.657 Y110.867 E353.9174
G1 X113.425 Y110.642 E353.92506
G1 X113.315 Y110.392 E353.93153
G1 X113.325 Y109.827 E353.94492
G1 X113.427 Y109.594 E353.95095
G1 X113.659 Y109.369 E353.95861
G1 X113.426 Y109.144 E353.96629
G1 X113.318 Y108.803 E353.97476
G1 X113.324 Y108.396 E353.98441
G1 X113.429 Y108.092 E353.99203
G1 X113.663 Y107.867 E353.99972
G1 X113.429 Y107.642 E354.00742
G1 X113.322 Y107.356 E354.01465
G1 X113.315 Y106.906 E354.02532
G1 X113.423 Y106.589 E354.03325
G1 X113.657 Y106.365 E354.04093
G1 X113.424 Y106.141 E354.04859
G1 X113.318 Y105.813 E354.05676
G1 X113.318 Y105.377 E354.06709
G1 X113.425 Y105.092 E354.0743
G1 X113.658 Y104.867 E354.08198
G1 X113.425 Y104.642 E354.08966
G1 X113.317 Y104.302 E354.09811
G1 X113.318 Y103.877 E354.10818
G1 X113.425 Y103.592 E354.1154
G1 X113.658 Y103.367 E354.12307
G1 X113.425 Y103.142 E354.13075
G1 X113.316 Y102.85 E354.13813
G1 X113.324 Y102.31 E354.15093
G1 X113.479 Y102.023 E354.15866
G1 X113.68 Y101.853 E354.1649
G1 X113.867 Y101.745 E354.17002
G1 X113.791 Y101.631 E354.17326
G1 X113.823 Y101.313 E354.18084
G1 X113.939 Y101.089 E354.18682
G1 X114.172 Y100.895 E354.194
G1 F1800 E352.194
G0 F9000 X114.172 Y100.595
G0 X106.605 Y101.073
G1 F900 E354.194
G0 F9000 X106.333 Y101.538
;TYPE:WALL-OUTER
G1 F1066.8 X106.412 Y101.711 E354.19815
G1 X106.4 Y102.146 E354.20764
G1 X106.338 Y102.311 E354.21148
G1 X106.189 Y102.453 E354.21597
G1 X105.786 Y102.68 E354.22605
G1 X106.188 Y102.914 E354.23619
G1 X106.336 Y103.058 E354.24069
G1 X106.399 Y103.249 E354.24508
G1 X106.406 Y103.623 E354.25323
G1 X106.341 Y103.812 E354.25759
G1 X106.192 Y103.955 E354.26209
G1 X105.796 Y104.184 E354.27207
G1 X106.189 Y104.415 E354.28201
G1 X106.336 Y104.559 E354.28649
G1 X106.397 Y104.73 E354.29045
G1 X106.406 Y105.123 E354.29902
G1 X106.342 Y105.311 E354.30335
G1 X106.193 Y105.454 E354.30785
G1 X105.796 Y105.683 E354.31785
G1 X106.193 Y105.914 E354.32786
G1 X106.341 Y106.057 E354.33235
G1 X106.406 Y106.207 E354.33591
G1 X106.404 Y106.61 E354.3447
G1 X106.339 Y106.811 E354.3493
G1 X106.191 Y106.954 E354.35379
G1 X105.79 Y107.182 E354.36385
G1 X106.191 Y107.414 E354.37395
G1 X106.338 Y107.557 E354.37842
G1 X106.399 Y107.723 E354.38227
G1 X106.407 Y108.123 E354.391
G1 X106.339 Y108.31 E354.39533
G1 X106.192 Y108.453 E354.3998
G1 X105.791 Y108.681 E354.40986
G1 X106.191 Y108.915 E354.41997
G1 X106.338 Y109.058 E354.42444
G1 X106.402 Y109.203 E354.42789
G1 X106.404 Y109.616 E354.4369
G1 X106.339 Y109.811 E354.44138
G1 X106.19 Y109.954 E354.44588
G1 X105.79 Y110.182 E354.45592
G1 X106.188 Y110.414 E354.46596
G1 X106.336 Y110.557 E354.47045
G1 X106.399 Y110.752 E354.47492
G1 X106.402 Y111.069 E354.48183
G1 X106.334 Y111.263 E354.48631
G1 X106.19 Y111.401 E354.49066
G1 X105.787 Y111.629 E354.50075
G1 X106.006 Y111.807 E354.50691
G1 X106.333 Y112.053 E354.51583
G1 X106.395 Y112.208 E354.51947
G1 X106.406 Y112.573 E354.52743
G1 X106.341 Y112.762 E354.53179
G1 X106.192 Y112.905 E354.53629
G1 X105.796 Y113.134 E354.54626
G1 X106.189 Y113.365 E354.5562
G1 X106.336 Y113.509 E354.56069
G1 X106.397 Y113.68 E354.56465
G1 X106.406 Y114.073 E354.57322
G1 X106.342 Y114.261 E354.57755
G1 X106.193 Y114.404 E354.58205
G1 X105.796 Y114.633 E354.59204
G1 X106.193 Y114.864 E354.60205
G1 X106.341 Y115.007 E354.60654
G1 X106.406 Y115.157 E354.61011
G1 X106.404 Y115.56 E354.61889
G1 X106.339 Y115.761 E354.6235
G1 X106.191 Y115.904 E354.62798
G1 X105.79 Y116.132 E354.63804
G1 X106.191 Y116.364 E354.64814
G1 X106.338 Y116.507 E354.65261
G1 X106.399 Y116.673 E354.65647
G1 X106.407 Y117.089 E354.66554
G1 X106.36 Y117.223 E354.66864
G1 X106.192 Y117.403 E354.674
G1 X105.791 Y117.631 E354.68406
G1 X106.191 Y117.865 E354.69416
G1 X106.359 Y118.045 E354.69953
G1 X106.402 Y118.157 E354.70215
G1 X106.405 Y118.527 E354.71021
G1 X106.365 Y118.713 E354.71436
G1 X106.19 Y118.904 E354.72001
G1 X105.79 Y119.132 E354.73005
G1 X106.188 Y119.364 E354.74009
G1 X106.362 Y119.556 E354.74574
G1 X106.4 Y119.73 E354.74962
G1 X106.404 Y120.023 E354.75601
G1 X106.264 Y120.361 E354.76399
G1 X105.844 Y120.597 E354.77449
G1 X106.006 Y120.758 E354.77947
G1 X106.273 Y120.928 E354.78637
G1 X106.328 Y121.045 E354.78919
G1 X113.716 Y121.044 E354.95026
G1 X113.596 Y120.713 E354.95794
G1 X113.596 Y120.419 E354.96435
G1 X113.662 Y120.187 E354.96961
G1 X113.812 Y120.044 E354.97413
G1 X114.209 Y119.819 E354.98408
G1 X113.809 Y119.586 E354.99417
G1 X113.663 Y119.444 E354.99861
G1 X113.597 Y119.208 E355.00395
G1 X113.608 Y118.838 E355.01202
G1 X113.658 Y118.704 E355.01514
G1 X113.817 Y118.545 E355.02004
G1 X114.213 Y118.32 E355.02997
G1 X113.81 Y118.086 E355.04013
G1 X113.655 Y117.932 E355.0449
G1 X113.596 Y117.773 E355.04859
G1 X113.605 Y117.355 E355.05771
G1 X113.666 Y117.191 E355.06152
G1 X113.817 Y117.046 E355.06609
G1 X114.215 Y116.819 E355.07608
G1 X113.814 Y116.585 E355.0862
G1 X113.666 Y116.443 E355.09067
G1 X113.602 Y116.28 E355.09449
G1 X113.592 Y115.867 E355.1035
G1 X113.659 Y115.689 E355.10764
G1 X113.809 Y115.546 E355.11216
G1 X114.208 Y115.317 E355.12219
G1 X113.811 Y115.087 E355.13219
G1 X113.662 Y114.943 E355.13671
G1 X113.597 Y114.744 E355.14128
G1 X113.597 Y114.394 E355.14891
G1 X113.662 Y114.191 E355.15355
G1 X113.812 Y114.046 E355.1581
G1 X114.209 Y113.819 E355.16807
G1 X113.81 Y113.586 E355.17815
G1 X113.662 Y113.443 E355.18263
G1 X113.601 Y113.279 E355.18645
G1 X113.597 Y112.893 E355.19486
G1 X113.662 Y112.691 E355.19949
G1 X113.812 Y112.546 E355.20404
G1 X114.209 Y112.319 E355.21401
G1 X113.81 Y112.086 E355.22408
G1 X113.662 Y111.943 E355.22857
G1 X113.599 Y111.765 E355.23269
G1 X113.601 Y111.436 E355.23986
G1 X113.665 Y111.239 E355.24438
G1 X113.811 Y111.096 E355.24883
G1 X114.208 Y110.87 E355.25879
G1 X113.809 Y110.635 E355.26889
G1 X113.662 Y110.493 E355.27334
G1 X113.599 Y110.315 E355.27746
G1 X113.605 Y109.907 E355.28636
G1 X113.665 Y109.742 E355.29018
G1 X113.817 Y109.595 E355.29479
G1 X114.213 Y109.37 E355.30472
G1 X113.81 Y109.136 E355.31488
G1 X113.663 Y108.994 E355.31934
G1 X113.601 Y108.83 E355.32316
G1 X113.605 Y108.405 E355.33243
G1 X113.666 Y108.241 E355.33624
G1 X113.817 Y108.096 E355.34081
G1 X114.215 Y107.869 E355.3508
G1 X113.814 Y107.635 E355.36092
G1 X113.666 Y107.493 E355.36539
G1 X113.602 Y107.33 E355.36921
G1 X113.592 Y106.917 E355.37821
G1 X113.659 Y106.739 E355.38236
G1 X113.809 Y106.596 E355.38688
G1 X114.208 Y106.367 E355.39691
G1 X113.811 Y106.137 E355.40691
G1 X113.662 Y105.993 E355.41143
G1 X113.597 Y105.794 E355.41599
G1 X113.597 Y105.444 E355.42363
G1 X113.662 Y105.241 E355.42827
G1 X113.812 Y105.096 E355.43282
G1 X114.209 Y104.869 E355.44279
G1 X113.81 Y104.636 E355.45286
G1 X113.662 Y104.493 E355.45735
G1 X113.601 Y104.329 E355.46117
G1 X113.597 Y103.944 E355.46956
G1 X113.662 Y103.741 E355.47421
G1 X113.812 Y103.596 E355.47876
G1 X114.209 Y103.369 E355.48873
G1 X113.81 Y103.136 E355.4988
G1 X113.662 Y102.993 E355.50329
G1 X113.601 Y102.829 E355.5071
G1 X113.602 Y102.375 E355.517
G1 X113.723 Y102.15 E355.52257
G1 X114.241 Y101.854 E355.53558
G1 X114.069 Y101.596 E355.54234
G1 X114.09 Y101.396 E355.54672
G1 X114.161 Y101.261 E355.55005
G1 X114.302 Y101.143 E355.55406
G1 X114.444 Y101.095 E355.55732
G1 X121.262 Y101.095 E355.70597
G1 X121.255 Y100.311 E355.72306
G1 X121.265 Y98.955 E355.75263
G1 X98.732 Y98.955 E356.24389
G1 X98.728 Y101.095 E356.29055
G1 X105.535 Y101.095 E356.43896
G1 X105.753 Y101.153 E356.44387
G1 X106.197 Y101.413 E356.45509
G1 X106.333 Y101.538 E356.45912
G0 F9000 X106.412 Y101.711
G0 X106.412 Y101.721
G0 X107.311 Y101.74
;MESH:NONMESH
G0 F600 X107.311 Y101.74 Z4.24
G0 F9000 X114.162 Y100.595
G0 X114.162 Y100.895
;TIME_ELAPSED:481.273707
;LAYER:33
;TYPE:WALL-INNER
;MESH:belt_holder_screw.stl
G1 F3133.5 X114.397 Y100.815 E356.465
G1 X120.958 Y100.815 E356.62048
G1 X120.953 Y99.235 E356.65793
G1 X99.05 Y99.235 E357.17698
G1 X99.034 Y100.814 E357.2144
G1 X105.535 Y100.815 E357.36846
G1 X105.893 Y100.911 E357.37724
G1 X106.353 Y101.179 E357.38986
G1 X106.576 Y101.383 E357.39702
G1 X106.708 Y101.668 E357.40447
G1 X106.696 Y102.168 E357.41632
G1 X106.593 Y102.462 E357.4237
G1 X106.361 Y102.687 E357.43136
G1 X106.595 Y102.912 E357.43905
G1 X106.707 Y103.213 E357.44666
G1 X106.698 Y103.651 E357.45704
G1 X106.594 Y103.962 E357.46482
G1 X106.362 Y104.187 E357.47247
G1 X106.595 Y104.413 E357.48017
G1 X106.704 Y104.659 E357.48654
G1 X106.698 Y105.151 E357.4982
G1 X106.592 Y105.464 E357.50603
G1 X106.36 Y105.689 E357.51369
G1 X106.593 Y105.915 E357.52139
G1 X106.701 Y106.247 E357.52966
G1 X106.7 Y106.683 E357.53999
G1 X106.592 Y106.967 E357.54719
G1 X106.361 Y107.191 E357.55482
G1 X106.592 Y107.415 E357.56244
G1 X106.697 Y107.718 E357.57004
G1 X106.699 Y108.126 E357.57971
G1 X106.591 Y108.464 E357.58812
G1 X106.358 Y108.689 E357.5958
G1 X106.592 Y108.915 E357.6035
G1 X106.699 Y109.157 E357.60978
G1 X106.699 Y109.72 E357.62312
G1 X106.592 Y109.962 E357.62939
G1 X106.362 Y110.188 E357.63703
G1 X106.594 Y110.413 E357.64469
G1 X106.707 Y110.725 E357.65255
G1 X106.697 Y111.109 E357.66165
G1 X106.635 Y111.335 E357.66721
G1 X106.367 Y111.663 E357.67725
G1 X106.636 Y111.991 E357.6873
G1 X106.706 Y112.218 E357.69293
G1 X106.698 Y112.601 E357.70201
G1 X106.594 Y112.912 E357.70978
G1 X106.362 Y113.137 E357.71744
G1 X106.595 Y113.363 E357.72513
G1 X106.704 Y113.609 E357.7315
G1 X106.698 Y114.101 E357.74316
G1 X106.592 Y114.414 E357.751
G1 X106.36 Y114.639 E357.75865
G1 X106.593 Y114.865 E357.76635
G1 X106.701 Y115.197 E357.77462
G1 X106.7 Y115.633 E357.78495
G1 X106.592 Y115.917 E357.79215
G1 X106.361 Y116.141 E357.79978
G1 X106.592 Y116.365 E357.8074
G1 X106.697 Y116.668 E357.815
G1 X106.699 Y117.075 E357.82465
G1 X106.626 Y117.352 E357.83144
G1 X106.358 Y117.639 E357.84074
G1 X106.626 Y117.926 E357.85005
G1 X106.7 Y118.167 E357.85602
G1 X106.699 Y118.539 E357.86484
G1 X106.636 Y118.831 E357.87192
G1 X106.361 Y119.138 E357.88168
G1 X106.639 Y119.444 E357.89148
G1 X106.706 Y119.629 E357.89614
G1 X106.7 Y120.046 E357.90603
G1 X106.485 Y120.546 E357.91893
G1 X106.366 Y120.637 E357.92248
G1 X106.504 Y120.765 E357.92694
G1 X113.299 Y120.764 E358.08796
G1 X113.299 Y120.412 E358.0963
G1 X113.347 Y120.154 E358.10252
G1 X113.409 Y120.031 E358.10579
G1 X113.64 Y119.808 E358.1134
G1 X113.363 Y119.542 E358.1225
G1 X113.301 Y119.217 E358.13034
G1 X113.296 Y118.828 E358.13956
G1 X113.393 Y118.553 E358.14647
G1 X113.639 Y118.307 E358.15471
G1 X113.394 Y118.06 E358.16296
G1 X113.301 Y117.796 E358.16959
G1 X113.299 Y117.348 E358.18021
G1 X113.407 Y117.031 E358.18814
G1 X113.64 Y116.807 E358.1958
G1 X113.408 Y116.583 E358.20344
G1 X113.304 Y116.304 E358.2105
G1 X113.293 Y115.89 E358.22031
G1 X113.405 Y115.53 E358.22925
G1 X113.639 Y115.307 E358.23691
G1 X113.407 Y115.084 E358.24453
G1 X113.3 Y114.841 E358.25083
G1 X113.302 Y114.274 E358.26426
G1 X113.409 Y114.035 E358.27047
G1 X113.642 Y113.81 E358.27815
G1 X113.408 Y113.585 E358.28584
G1 X113.3 Y113.288 E358.29333
G1 X113.302 Y112.774 E358.30551
G1 X113.408 Y112.535 E358.3117
G1 X113.641 Y112.311 E358.31936
G1 X113.408 Y112.087 E358.32702
G1 X113.301 Y111.842 E358.33336
G1 X113.303 Y111.397 E358.3439
G1 X113.409 Y111.082 E358.35178
G1 X113.64 Y110.859 E358.35939
G1 X113.409 Y110.636 E358.367
G1 X113.304 Y110.396 E358.37321
G1 X113.299 Y109.898 E358.38501
G1 X113.407 Y109.58 E358.39297
G1 X113.639 Y109.357 E358.40059
G1 X113.408 Y109.134 E358.4082
G1 X113.302 Y108.811 E358.41626
G1 X113.299 Y108.398 E358.42604
G1 X113.407 Y108.081 E358.43398
G1 X113.64 Y107.857 E358.44164
G1 X113.408 Y107.633 E358.44928
G1 X113.304 Y107.354 E358.45634
G1 X113.293 Y106.94 E358.46615
G1 X113.405 Y106.58 E358.47509
G1 X113.639 Y106.357 E358.48275
G1 X113.407 Y106.134 E358.49037
G1 X113.3 Y105.891 E358.49667
G1 X113.302 Y105.324 E358.5101
G1 X113.409 Y105.085 E358.51631
G1 X113.642 Y104.86 E358.52398
G1 X113.408 Y104.635 E358.53168
G1 X113.3 Y104.338 E358.53917
G1 X113.302 Y103.824 E358.55135
G1 X113.408 Y103.585 E358.55754
G1 X113.641 Y103.361 E358.5652
G1 X113.408 Y103.137 E358.57286
G1 X113.301 Y102.893 E358.57918
G1 X113.301 Y102.362 E358.59176
G1 X113.464 Y102.008 E358.60099
G1 X113.663 Y101.842 E358.60714
G1 X113.856 Y101.733 E358.61239
G1 X113.779 Y101.617 E358.61569
G1 X113.813 Y101.313 E358.62294
G1 X113.929 Y101.089 E358.62891
G1 X114.162 Y100.895 E358.6361
G1 F1800 E356.6361
G0 F9000 X114.162 Y100.595
G0 X106.618 Y101.081
G1 F900 E358.6361
G0 F9000 X106.347 Y101.545
;TYPE:WALL-OUTER
G1 F2410.4 X106.427 Y101.715 E358.6402
G1 X106.418 Y102.136 E358.64938
G1 X106.356 Y102.314 E358.65349
G1 X106.21 Y102.456 E358.65793
G1 X105.808 Y102.685 E358.66801
G1 X106.211 Y102.921 E358.67819
G1 X106.358 Y103.062 E358.68264
G1 X106.424 Y103.266 E358.68731
G1 X106.419 Y103.625 E358.69514
G1 X106.356 Y103.814 E358.69948
G1 X106.211 Y103.956 E358.70391
G1 X105.813 Y104.187 E358.71394
G1 X106.212 Y104.421 E358.72402
G1 X106.358 Y104.563 E358.72846
G1 X106.425 Y104.723 E358.73225
G1 X106.419 Y105.125 E358.74101
G1 X106.355 Y105.315 E358.74538
G1 X106.209 Y105.458 E358.74984
G1 X105.808 Y105.689 E358.75993
G1 X106.21 Y105.923 E358.77007
G1 X106.356 Y106.065 E358.77451
G1 X106.423 Y106.244 E358.77868
G1 X106.421 Y106.615 E358.78676
G1 X106.355 Y106.818 E358.79142
G1 X106.208 Y106.961 E358.79589
G1 X105.808 Y107.189 E358.80593
G1 X106.208 Y107.421 E358.81601
G1 X106.355 Y107.564 E358.82048
G1 X106.416 Y107.73 E358.82434
G1 X106.419 Y108.11 E358.83262
G1 X106.354 Y108.315 E358.83731
G1 X106.208 Y108.458 E358.84177
G1 X105.805 Y108.688 E358.85188
G1 X106.208 Y108.922 E358.86204
G1 X106.355 Y109.064 E358.8665
G1 X106.416 Y109.229 E358.87033
G1 X106.419 Y109.61 E358.87864
G1 X106.355 Y109.814 E358.8833
G1 X106.209 Y109.957 E358.88776
G1 X105.806 Y110.188 E358.89788
G1 X106.211 Y110.421 E358.90807
G1 X106.358 Y110.563 E358.91253
G1 X106.421 Y110.742 E358.91666
G1 X106.418 Y111.08 E358.92403
G1 X106.381 Y111.217 E358.92713
G1 X106.248 Y111.381 E358.93173
G1 X105.82 Y111.629 E358.94252
G1 X106.249 Y111.947 E358.95416
G1 X106.383 Y112.11 E358.95876
G1 X106.419 Y112.228 E358.96145
G1 X106.421 Y112.585 E358.96923
G1 X106.356 Y112.764 E358.97338
G1 X106.211 Y112.906 E358.97781
G1 X105.813 Y113.137 E358.98784
G1 X106.212 Y113.371 E358.99793
G1 X106.358 Y113.513 E359.00237
G1 X106.425 Y113.673 E359.00615
G1 X106.419 Y114.075 E359.01491
G1 X106.355 Y114.265 E359.01928
G1 X106.209 Y114.408 E359.02374
G1 X105.808 Y114.639 E359.03383
G1 X106.21 Y114.873 E359.04397
G1 X106.356 Y115.015 E359.04841
G1 X106.423 Y115.194 E359.05258
G1 X106.421 Y115.565 E359.06067
G1 X106.355 Y115.768 E359.06532
G1 X106.208 Y115.911 E359.06979
G1 X105.808 Y116.139 E359.07983
G1 X106.208 Y116.371 E359.08991
G1 X106.355 Y116.514 E359.09438
G1 X106.416 Y116.68 E359.09824
G1 X106.419 Y117.06 E359.10652
G1 X106.375 Y117.228 E359.11031
G1 X106.208 Y117.408 E359.11566
G1 X105.805 Y117.638 E359.12578
G1 X106.208 Y117.872 E359.13594
G1 X106.375 Y118.052 E359.14129
G1 X106.415 Y118.175 E359.14411
G1 X106.419 Y118.538 E359.15203
G1 X106.381 Y118.715 E359.15597
G1 X106.209 Y118.907 E359.16159
G1 X105.806 Y119.138 E359.17172
G1 X106.211 Y119.371 E359.18191
G1 X106.385 Y119.562 E359.18754
G1 X106.424 Y119.75 E359.19173
G1 X106.42 Y120.042 E359.19809
G1 X106.281 Y120.367 E359.2058
G1 X105.871 Y120.599 E359.21607
G1 X106.052 Y120.776 E359.22159
G1 X106.292 Y120.931 E359.22782
G1 X106.349 Y121.045 E359.2306
G1 X113.662 Y121.044 E359.39004
G1 X113.69 Y121.018 E359.39087
G1 X113.579 Y120.706 E359.39809
G1 X113.579 Y120.412 E359.4045
G1 X113.645 Y120.181 E359.40974
G1 X113.796 Y120.037 E359.41429
G1 X114.192 Y119.812 E359.42422
G1 X113.793 Y119.579 E359.43429
G1 X113.647 Y119.437 E359.43873
G1 X113.581 Y119.213 E359.44382
G1 X113.576 Y118.849 E359.45176
G1 X113.635 Y118.695 E359.45535
G1 X113.795 Y118.536 E359.46027
G1 X114.194 Y118.312 E359.47025
G1 X113.793 Y118.079 E359.48036
G1 X113.637 Y117.921 E359.4852
G1 X113.581 Y117.764 E359.48883
G1 X113.578 Y117.373 E359.49736
G1 X113.643 Y117.181 E359.50178
G1 X113.792 Y117.039 E359.50626
G1 X114.196 Y116.812 E359.51637
G1 X113.793 Y116.578 E359.52653
G1 X113.646 Y116.435 E359.531
G1 X113.584 Y116.265 E359.53494
G1 X113.574 Y115.874 E359.54347
G1 X113.64 Y115.681 E359.54792
G1 X113.791 Y115.538 E359.55245
G1 X114.194 Y115.31 E359.56255
G1 X113.794 Y115.079 E359.57262
G1 X113.644 Y114.935 E359.57715
G1 X113.579 Y114.735 E359.58174
G1 X113.581 Y114.379 E359.5895
G1 X113.646 Y114.184 E359.59398
G1 X113.792 Y114.042 E359.59842
G1 X114.196 Y113.812 E359.60855
G1 X113.792 Y113.578 E359.61873
G1 X113.645 Y113.436 E359.62319
G1 X113.583 Y113.27 E359.62705
G1 X113.581 Y112.878 E359.6356
G1 X113.645 Y112.684 E359.64005
G1 X113.796 Y112.54 E359.6446
G1 X114.194 Y112.313 E359.65459
G1 X113.792 Y112.079 E359.66473
G1 X113.645 Y111.937 E359.66919
G1 X113.584 Y111.772 E359.67302
G1 X113.582 Y111.422 E359.68065
G1 X113.646 Y111.231 E359.68505
G1 X113.797 Y111.086 E359.68961
G1 X114.193 Y110.862 E359.69953
G1 X113.793 Y110.629 E359.70962
G1 X113.646 Y110.487 E359.71408
G1 X113.583 Y110.342 E359.71753
G1 X113.578 Y109.923 E359.72666
G1 X113.643 Y109.731 E359.73108
G1 X113.795 Y109.586 E359.73566
G1 X114.194 Y109.362 E359.74564
G1 X113.793 Y109.129 E359.75575
G1 X113.646 Y108.986 E359.76022
G1 X113.584 Y108.816 E359.76416
G1 X113.578 Y108.423 E359.77273
G1 X113.643 Y108.231 E359.77715
G1 X113.792 Y108.089 E359.78164
G1 X114.196 Y107.862 E359.79174
G1 X113.793 Y107.628 E359.8019
G1 X113.646 Y107.485 E359.80637
G1 X113.584 Y107.315 E359.81032
G1 X113.574 Y106.924 E359.81885
G1 X113.64 Y106.731 E359.82329
G1 X113.791 Y106.588 E359.82783
G1 X114.194 Y106.36 E359.83792
G1 X113.794 Y106.129 E359.84799
G1 X113.644 Y105.985 E359.85253
G1 X113.579 Y105.785 E359.85711
G1 X113.581 Y105.429 E359.86487
G1 X113.646 Y105.234 E359.86935
G1 X113.792 Y105.092 E359.87379
G1 X114.196 Y104.862 E359.88393
G1 X113.792 Y104.628 E359.89411
G1 X113.645 Y104.486 E359.89856
G1 X113.583 Y104.32 E359.90243
G1 X113.581 Y103.929 E359.91095
G1 X113.645 Y103.734 E359.91543
G1 X113.796 Y103.59 E359.91998
G1 X114.194 Y103.363 E359.92997
G1 X113.792 Y103.129 E359.94011
G1 X113.645 Y102.987 E359.94456
G1 X113.584 Y102.821 E359.94842
G1 X113.581 Y102.403 E359.95753
G1 X113.73 Y102.125 E359.96441
G1 X114.227 Y101.846 E359.97684
G1 X114.058 Y101.587 E359.98358
G1 X114.08 Y101.396 E359.98777
G1 X114.151 Y101.261 E359.99109
G1 X114.292 Y101.143 E359.9951
G1 X114.434 Y101.095 E359.99837
G1 X121.24 Y101.095 E360.14676
G1 X121.23 Y99.724 E360.17665
G1 X121.235 Y98.955 E360.19341
G1 X98.768 Y98.955 E360.68324
G1 X98.771 Y99.376 E360.69242
G1 X98.753 Y101.094 E360.72988
G1 X105.535 Y101.095 E360.87774
G1 X105.752 Y101.153 E360.88263
G1 X106.212 Y101.421 E360.89424
G1 X106.347 Y101.545 E360.89824
G0 F9000 X106.427 Y101.715
G0 X106.427 Y101.728
G0 X106.926 Y101.736
G0 X106.867 Y101.302
G0 X105.769 Y100.657
G0 X99.584 Y99.774
;TYPE:FILL
G1 F2892.5 X99.583 Y99.909 E360.90937
G1 X99.719 Y99.774 E360.92517
G1 X100.539 Y99.774 E360.9928
G1 X100.037 Y100.275 E361.05129
G1 X100.858 Y100.275 E361.11899
G1 X101.359 Y99.774 E361.17743
G1 X102.179 Y99.774 E361.24505
G1 X101.678 Y100.275 E361.30348
G1 X102.498 Y100.275 E361.3711
G1 X103 Y99.774 E361.42959
G1 X103.82 Y99.774 E361.49722
G1 X103.318 Y100.275 E361.55571
G1 X104.139 Y100.275 E361.62341
G1 X104.64 Y99.774 E361.68184
G1 X105.46 Y99.774 E361.74947
G1 X104.959 Y100.275 E361.8079
G1 X105.573 Y100.275 E361.85853
G1 X105.735 Y100.319 E361.87238
G1 X106.28 Y99.774 E361.93594
G1 X107.101 Y99.774 E362.00365
G1 X106.333 Y100.542 E362.09322
G1 X106.65 Y100.728 E362.12353
G1 X106.816 Y100.879 E362.14203
G1 X107.921 Y99.774 E362.27091
G1 X108.741 Y99.774 E362.33853
G1 X107.156 Y101.359 E362.52339
G1 X107.205 Y101.466 E362.53309
G1 X107.244 Y101.8 E362.56082
G1 X107.239 Y102.097 E362.58532
G1 X109.561 Y99.774 E362.85619
G1 X110.382 Y99.774 E362.9239
G1 X107.199 Y102.956 E363.29507
G1 X107.301 Y103.369 E363.33015
G1 X107.241 Y103.369 E363.3351
G1 X107.234 Y103.742 E363.36586
G1 X111.202 Y99.774 E363.82864
G1 X112.022 Y99.774 E363.89627
G1 X107.219 Y104.577 E364.45643
G1 X107.241 Y104.716 E364.46804
G1 X107.232 Y105.339 E364.51942
G1 X107.198 Y105.418 E364.52651
G1 X112.842 Y99.774 E365.18476
G1 X113.663 Y99.774 E365.25247
G1 X107.243 Y106.194 E366.00122
G1 X107.237 Y106.746 E366.04675
G1 X107.13 Y107.126 E366.0793
G1 X113.493 Y100.764 E366.82135
G1 X113.301 Y101.128 E366.85529
G1 X113.246 Y101.483 E366.88491
G1 X113.04 Y101.675 E366.90814
G1 X112.868 Y101.944 E366.93447
G1 X112.76 Y102.278 E366.96342
G1 X112.76 Y102.317 E366.96663
G1 X107.239 Y107.838 E367.61054
G1 X107.239 Y108.155 E367.63668
G1 X107.186 Y108.535 E367.66832
G1 X107.08 Y108.688 E367.68367
G1 X107.117 Y108.78 E367.69185
G1 X112.81 Y103.087 E368.35581
G1 X112.917 Y103.361 E368.38007
G1 X112.806 Y103.613 E368.40278
G1 X112.71 Y104.007 E368.43622
G1 X107.239 Y109.479 E369.07435
G1 X107.238 Y109.665 E369.08969
G1 X107.154 Y110.044 E369.12171
G1 X107.084 Y110.185 E369.13469
G1 X107.164 Y110.374 E369.15161
G1 X112.845 Y104.693 E369.81418
G1 X112.917 Y104.858 E369.82902
G1 X112.807 Y105.112 E369.85185
G1 X112.7 Y105.549 E369.88895
G1 X112.734 Y105.549 E369.89176
G1 X112.722 Y105.636 E369.899
G1 X107.235 Y111.123 E370.53894
G1 X107.229 Y111.312 E370.55453
G1 X107.053 Y111.659 E370.58662
G1 X107.114 Y111.733 E370.59453
G1 X107.198 Y111.98 E370.61604
G1 X112.888 Y106.29 E371.27966
G1 X112.914 Y106.353 E371.28528
G1 X112.795 Y106.635 E371.31052
G1 X112.726 Y107.02 E371.34278
G1 X112.751 Y107.248 E371.36169
G1 X107.224 Y112.775 E372.0063
G1 X107.084 Y113.134 E372.03807
G1 X107.2 Y113.41 E372.06276
G1 X107.23 Y113.588 E372.07765
G1 X112.855 Y107.963 E372.73368
G1 X112.755 Y108.313 E372.7637
G1 X112.76 Y108.878 E372.8103
G1 X107.145 Y114.494 E373.46522
G1 X107.082 Y114.639 E373.47826
G1 X107.179 Y114.791 E373.49313
G1 X107.257 Y115.202 E373.52763
G1 X112.799 Y109.66 E374.17398
G1 X112.754 Y109.825 E374.18809
G1 X112.763 Y110.354 E374.23172
G1 X112.792 Y110.487 E374.24295
G1 X107.101 Y116.178 E374.90668
G1 X107.175 Y116.349 E374.92204
G1 X107.216 Y116.349 E374.92542
G1 X107.252 Y116.848 E374.96668
G1 X112.767 Y111.333 E375.60989
G1 X112.762 Y111.793 E375.64782
G1 X112.828 Y112.091 E375.673
G1 X107.142 Y117.777 E376.33614
G1 X107.24 Y117.998 E376.35608
G1 X107.239 Y118.501 E376.39756
G1 X112.76 Y112.98 E377.04147
G1 X112.761 Y113.293 E377.06728
G1 X112.867 Y113.693 E377.1014
G1 X107.198 Y119.362 E377.76257
G1 X107.244 Y119.745 E377.79438
G1 X107.239 Y120.141 E377.82704
G1 X112.763 Y114.618 E378.47124
G1 X112.79 Y114.992 E378.50216
G1 X112.91 Y115.291 E378.52873
G1 X107.977 Y120.224 E379.10406
G1 X108.797 Y120.224 E379.17168
G1 X112.759 Y116.262 E379.63376
G1 X112.783 Y116.473 E379.65127
G1 X112.916 Y116.804 E379.68069
G1 X112.825 Y117.016 E379.69972
G1 X109.617 Y120.224 E380.07386
G1 X110.438 Y120.224 E380.14157
G1 X112.767 Y117.894 E380.41325
G1 X112.912 Y118.303 E380.44904
G1 X112.766 Y118.716 E380.48516
G1 X111.258 Y120.224 E380.66104
G1 X112.078 Y120.224 E380.72866
G1 X112.806 Y119.496 E380.81357
G1 X112.918 Y119.807 E380.84083
G1 X112.838 Y119.966 E380.85551
G1 X112.789 Y120.224 E380.87717
G0 F9000 X113.149 Y101.954
G0 X113.499 Y100.752
G1 F2892.5 X114.483 Y99.774 E380.99158
G1 X115.303 Y99.774 E381.0592
G1 X114.803 Y100.274 E381.11752
G1 X115.623 Y100.274 E381.18514
G1 X116.123 Y99.774 E381.24345
G1 X116.944 Y99.774 E381.31116
G1 X116.443 Y100.274 E381.36953
G1 X117.263 Y100.274 E381.43716
G1 X117.764 Y99.774 E381.49553
G1 X118.584 Y99.774 E381.56315
G1 X118.084 Y100.274 E381.62147
G1 X118.904 Y100.274 E381.68909
G1 X119.404 Y99.774 E381.74741
G1 X120.409 Y99.774 E381.83029
G1 X120.414 Y100.274 E381.87152
G1 X120.225 Y99.774 E381.91561
G1 X119.724 Y100.274 E381.97398
G0 F9000 X119.724 Y100.195
;MESH:NONMESH
G0 F600 X119.724 Y100.195 Z4.36
G0 F9000 X114.152 Y100.595
G0 X114.152 Y100.895
;TIME_ELAPSED:497.735138
;LAYER:34
;TYPE:WALL-INNER
;MESH:belt_holder_screw.stl
G1 F1377.7 X114.387 Y100.815 E381.97986
G1 X120.934 Y100.815 E382.13501
G1 X120.925 Y99.235 E382.17245
G1 X99.083 Y99.235 E382.69006
G1 X99.088 Y99.862 E382.70492
G1 X99.073 Y100.815 E382.72751
G1 X105.547 Y100.815 E382.88093
G1 X105.91 Y100.914 E382.88984
G1 X106.373 Y101.189 E382.90261
G1 X106.584 Y101.381 E382.90937
G1 X106.719 Y101.652 E382.91654
G1 X106.724 Y102.171 E382.92884
G1 X106.618 Y102.473 E382.93643
G1 X106.387 Y102.696 E382.94403
G1 X106.618 Y102.92 E382.95166
G1 X106.725 Y103.159 E382.95787
G1 X106.731 Y103.669 E382.96995
G1 X106.62 Y103.974 E382.97764
G1 X106.388 Y104.198 E382.98529
G1 X106.62 Y104.421 E382.99291
G1 X106.729 Y104.723 E383.00052
G1 X106.73 Y105.171 E383.01114
G1 X106.616 Y105.48 E383.01894
G1 X106.383 Y105.702 E383.02657
G1 X106.613 Y105.925 E383.03416
G1 X106.72 Y106.171 E383.04052
G1 X106.718 Y106.638 E383.05158
G1 X106.612 Y106.97 E383.05984
G1 X106.382 Y107.195 E383.06747
G1 X106.614 Y107.419 E383.07511
G1 X106.726 Y107.665 E383.08152
G1 X106.721 Y108.161 E383.09327
G1 X106.615 Y108.473 E383.10108
G1 X106.383 Y108.696 E383.10871
G1 X106.615 Y108.92 E383.11635
G1 X106.725 Y109.165 E383.12271
G1 X106.721 Y109.661 E383.13447
G1 X106.614 Y109.976 E383.14235
G1 X106.383 Y110.197 E383.14993
G1 X106.613 Y110.417 E383.15747
G1 X106.72 Y110.741 E383.16555
G1 X106.728 Y111.142 E383.17506
G1 X106.66 Y111.347 E383.18018
G1 X106.393 Y111.674 E383.19018
G1 X106.658 Y112.001 E383.20016
G1 X106.721 Y112.236 E383.20592
G1 X106.73 Y112.623 E383.2151
G1 X106.62 Y112.924 E383.22269
G1 X106.388 Y113.148 E383.23033
G1 X106.62 Y113.371 E383.23796
G1 X106.729 Y113.673 E383.24557
G1 X106.73 Y114.121 E383.25618
G1 X106.616 Y114.43 E383.26399
G1 X106.383 Y114.652 E383.27162
G1 X106.613 Y114.875 E383.27921
G1 X106.72 Y115.121 E383.28556
G1 X106.718 Y115.588 E383.29663
G1 X106.612 Y115.92 E383.30489
G1 X106.382 Y116.145 E383.31252
G1 X106.614 Y116.369 E383.32016
G1 X106.726 Y116.616 E383.32658
G1 X106.72 Y117.122 E383.33858
G1 X106.65 Y117.361 E383.34448
G1 X106.382 Y117.646 E383.35375
G1 X106.651 Y117.933 E383.36307
G1 X106.725 Y118.18 E383.36918
G1 X106.724 Y118.663 E383.38063
G1 X106.66 Y118.84 E383.38509
G1 X106.385 Y119.145 E383.39482
G1 X106.662 Y119.45 E383.40458
G1 X106.728 Y119.632 E383.40917
G1 X106.727 Y120.047 E383.41901
G1 X106.501 Y120.565 E383.4324
G1 X106.391 Y120.649 E383.43568
G1 X106.518 Y120.765 E383.43976
G1 X113.28 Y120.765 E383.6
G1 X113.281 Y120.403 E383.60858
G1 X113.327 Y120.151 E383.61465
G1 X113.389 Y120.028 E383.61791
G1 X113.619 Y119.805 E383.62551
G1 X113.387 Y119.582 E383.63313
G1 X113.325 Y119.46 E383.63637
G1 X113.276 Y119.203 E383.64257
G1 X113.275 Y118.814 E383.65179
G1 X113.37 Y118.548 E383.65849
G1 X113.615 Y118.301 E383.66673
G1 X113.37 Y118.055 E383.67496
G1 X113.276 Y117.802 E383.68135
G1 X113.277 Y117.343 E383.69223
G1 X113.387 Y117.02 E383.70032
G1 X113.621 Y116.799 E383.70795
G1 X113.389 Y116.576 E383.71557
G1 X113.285 Y116.295 E383.72267
G1 X113.274 Y115.884 E383.73241
G1 X113.386 Y115.521 E383.74142
G1 X113.621 Y115.299 E383.74908
G1 X113.388 Y115.076 E383.75672
G1 X113.284 Y114.794 E383.76384
G1 X113.272 Y114.328 E383.77489
G1 X113.385 Y114.021 E383.78264
G1 X113.621 Y113.799 E383.79032
G1 X113.388 Y113.576 E383.79796
G1 X113.284 Y113.294 E383.80509
G1 X113.273 Y112.874 E383.81504
G1 X113.385 Y112.52 E383.82384
G1 X113.619 Y112.302 E383.83142
G1 X113.387 Y112.08 E383.83903
G1 X113.281 Y111.837 E383.84531
G1 X113.282 Y111.365 E383.8565
G1 X113.389 Y111.078 E383.86376
G1 X113.619 Y110.855 E383.87135
G1 X113.387 Y110.632 E383.87898
G1 X113.277 Y110.344 E383.88628
G1 X113.277 Y109.893 E383.89697
G1 X113.384 Y109.574 E383.90494
G1 X113.615 Y109.351 E383.91255
G1 X113.385 Y109.129 E383.92013
G1 X113.277 Y108.887 E383.92641
G1 X113.277 Y108.393 E383.93811
G1 X113.387 Y108.07 E383.9462
G1 X113.621 Y107.849 E383.95383
G1 X113.389 Y107.626 E383.96145
G1 X113.285 Y107.345 E383.96855
G1 X113.274 Y106.934 E383.9783
G1 X113.386 Y106.571 E383.9873
G1 X113.621 Y106.349 E383.99496
G1 X113.388 Y106.126 E384.0026
G1 X113.284 Y105.844 E384.00973
G1 X113.272 Y105.378 E384.02077
G1 X113.385 Y105.071 E384.02853
G1 X113.621 Y104.849 E384.0362
G1 X113.388 Y104.626 E384.04385
G1 X113.284 Y104.344 E384.05097
G1 X113.272 Y103.88 E384.06197
G1 X113.383 Y103.575 E384.06966
G1 X113.614 Y103.353 E384.07725
G1 X113.382 Y103.13 E384.08488
G1 X113.269 Y102.812 E384.09288
G1 X113.284 Y102.337 E384.10414
G1 X113.45 Y101.992 E384.11321
G1 X113.845 Y101.72 E384.12458
G1 X113.768 Y101.599 E384.12798
G1 X113.803 Y101.313 E384.1348
G1 X113.919 Y101.089 E384.14078
G1 X114.152 Y100.895 E384.14797
G1 F1800 E382.14797
G0 F9000 X114.152 Y100.595
G0 X113.783 Y100.664
G0 X113.142 Y101.941
G0 X113.052 Y102.759
G1 F900 E384.14797
G0 F9000 X113.552 Y102.775
;TYPE:WALL-OUTER
G1 F1059.8 X113.563 Y102.384 E384.15649
G1 X113.682 Y102.135 E384.16251
G1 X114.211 Y101.835 E384.17577
G1 X114.047 Y101.577 E384.18244
G1 X114.07 Y101.396 E384.18641
G1 X114.141 Y101.261 E384.18974
G1 X114.282 Y101.143 E384.19375
G1 X114.424 Y101.095 E384.19702
G1 X121.216 Y101.095 E384.34509
G1 X121.205 Y98.955 E384.39175
G1 X98.8 Y98.955 E384.88023
G1 X98.808 Y99.857 E384.89989
G1 X98.789 Y101.095 E384.92689
G1 X105.547 Y101.095 E385.07422
G1 X105.767 Y101.155 E385.0792
G1 X106.23 Y101.43 E385.09094
G1 X106.358 Y101.546 E385.0947
G1 X106.439 Y101.71 E385.09869
G1 X106.443 Y102.159 E385.10848
G1 X106.381 Y102.324 E385.11232
G1 X106.235 Y102.465 E385.11675
G1 X105.831 Y102.693 E385.12686
G1 X106.236 Y102.929 E385.13708
G1 X106.382 Y103.07 E385.14151
G1 X106.444 Y103.235 E385.14535
G1 X106.447 Y103.645 E385.15429
G1 X106.383 Y103.825 E385.15845
G1 X106.237 Y103.966 E385.16288
G1 X105.835 Y104.194 E385.17295
G1 X106.237 Y104.43 E385.18312
G1 X106.383 Y104.571 E385.18754
G1 X106.444 Y104.736 E385.19138
G1 X106.447 Y105.145 E385.2003
G1 X106.381 Y105.328 E385.20454
G1 X106.231 Y105.47 E385.20904
G1 X105.83 Y105.698 E385.2191
G1 X106.228 Y105.93 E385.22914
G1 X106.375 Y106.074 E385.23363
G1 X106.438 Y106.254 E385.23778
G1 X106.439 Y106.621 E385.24579
G1 X106.375 Y106.822 E385.25039
G1 X106.23 Y106.964 E385.25481
G1 X105.828 Y107.194 E385.26491
G1 X106.232 Y107.429 E385.2751
G1 X106.378 Y107.57 E385.27952
G1 X106.443 Y107.753 E385.28376
G1 X106.443 Y108.135 E385.29208
G1 X106.378 Y108.324 E385.29644
G1 X106.227 Y108.469 E385.30101
G1 X105.829 Y108.695 E385.31098
G1 X106.232 Y108.928 E385.32113
G1 X106.379 Y109.07 E385.32559
G1 X106.445 Y109.218 E385.32912
G1 X106.443 Y109.681 E385.33922
G1 X106.377 Y109.825 E385.34267
G1 X106.229 Y109.967 E385.34714
G1 X105.831 Y110.194 E385.35713
G1 X106.228 Y110.424 E385.36713
G1 X106.376 Y110.567 E385.37162
G1 X106.438 Y110.739 E385.37561
G1 X106.448 Y111.104 E385.38357
G1 X106.407 Y111.228 E385.38642
G1 X106.275 Y111.389 E385.39096
G1 X105.847 Y111.633 E385.4017
G1 X106.274 Y111.957 E385.41338
G1 X106.44 Y112.164 E385.41917
G1 X106.45 Y112.613 E385.42896
G1 X106.383 Y112.775 E385.43278
G1 X106.237 Y112.916 E385.43721
G1 X105.835 Y113.144 E385.44728
G1 X106.237 Y113.38 E385.45744
G1 X106.383 Y113.521 E385.46187
G1 X106.444 Y113.686 E385.46571
G1 X106.447 Y114.095 E385.47462
G1 X106.381 Y114.278 E385.47886
G1 X106.231 Y114.42 E385.48337
G1 X105.83 Y114.648 E385.49342
G1 X106.228 Y114.88 E385.50347
G1 X106.375 Y115.024 E385.50795
G1 X106.438 Y115.204 E385.51211
G1 X106.439 Y115.571 E385.52011
G1 X106.375 Y115.772 E385.52471
G1 X106.23 Y115.914 E385.52914
G1 X105.828 Y116.144 E385.53923
G1 X106.232 Y116.379 E385.54942
G1 X106.378 Y116.52 E385.55385
G1 X106.443 Y116.703 E385.55808
G1 X106.442 Y117.091 E385.56654
G1 X106.4 Y117.236 E385.56983
G1 X106.227 Y117.419 E385.57532
G1 X105.829 Y117.645 E385.5853
G1 X106.232 Y117.878 E385.59545
G1 X106.4 Y118.058 E385.60082
G1 X106.44 Y118.182 E385.60366
G1 X106.444 Y118.546 E385.6116
G1 X106.406 Y118.724 E385.61557
G1 X106.233 Y118.915 E385.62118
G1 X105.831 Y119.144 E385.63127
G1 X106.235 Y119.378 E385.64145
G1 X106.408 Y119.569 E385.64707
G1 X106.448 Y119.676 E385.64956
G1 X106.447 Y120.046 E385.65763
G1 X106.303 Y120.377 E385.66549
G1 X105.901 Y120.604 E385.67556
G1 X106.1 Y120.796 E385.68159
G1 X106.309 Y120.937 E385.68709
G1 X106.368 Y121.045 E385.68977
G1 X113.642 Y121.045 E385.84836
G1 X113.673 Y121.016 E385.84928
G1 X113.56 Y120.696 E385.85668
G1 X113.561 Y120.404 E385.86305
G1 X113.626 Y120.177 E385.86819
G1 X113.772 Y120.035 E385.87264
G1 X114.172 Y119.806 E385.88268
G1 X113.77 Y119.572 E385.89283
G1 X113.623 Y119.432 E385.89725
G1 X113.556 Y119.202 E385.90247
G1 X113.555 Y118.85 E385.91015
G1 X113.612 Y118.689 E385.91387
G1 X113.768 Y118.532 E385.9187
G1 X114.171 Y118.305 E385.92878
G1 X113.769 Y118.072 E385.93891
G1 X113.613 Y117.915 E385.94374
G1 X113.556 Y117.756 E385.94742
G1 X113.556 Y117.367 E385.9559
G1 X113.622 Y117.172 E385.96039
G1 X113.774 Y117.029 E385.96494
G1 X114.174 Y116.804 E385.97494
G1 X113.776 Y116.572 E385.98499
G1 X113.627 Y116.427 E385.98952
G1 X113.563 Y116.236 E385.99391
G1 X113.555 Y115.868 E386.00194
G1 X113.622 Y115.672 E386.00645
G1 X113.773 Y115.529 E386.01099
G1 X114.176 Y115.305 E386.02104
G1 X113.776 Y115.072 E386.03113
G1 X113.626 Y114.927 E386.03568
G1 X113.562 Y114.735 E386.04009
G1 X113.554 Y114.365 E386.04816
G1 X113.621 Y114.172 E386.05262
G1 X113.773 Y114.029 E386.05717
G1 X114.177 Y113.805 E386.06724
G1 X113.776 Y113.572 E386.07735
G1 X113.626 Y113.427 E386.0819
G1 X113.564 Y113.256 E386.08586
G1 X113.555 Y112.856 E386.09459
G1 X113.62 Y112.672 E386.09884
G1 X113.773 Y112.53 E386.10339
G1 X114.174 Y112.307 E386.1134
G1 X113.775 Y112.077 E386.12344
G1 X113.625 Y111.932 E386.12798
G1 X113.56 Y111.729 E386.13263
G1 X113.561 Y111.427 E386.13922
G1 X113.626 Y111.227 E386.1438
G1 X113.772 Y111.085 E386.14824
G1 X114.174 Y110.855 E386.15834
G1 X113.77 Y110.622 E386.16851
G1 X113.623 Y110.481 E386.17295
G1 X113.558 Y110.299 E386.17716
G1 X113.556 Y109.87 E386.18651
G1 X113.621 Y109.724 E386.19
G1 X113.768 Y109.582 E386.19445
G1 X114.171 Y109.355 E386.20454
G1 X113.769 Y109.122 E386.21467
G1 X113.622 Y108.98 E386.21912
G1 X113.557 Y108.782 E386.22367
G1 X113.556 Y108.417 E386.23163
G1 X113.622 Y108.222 E386.23611
G1 X113.774 Y108.079 E386.24066
G1 X114.174 Y107.854 E386.25067
G1 X113.776 Y107.622 E386.26071
G1 X113.627 Y107.477 E386.26525
G1 X113.563 Y107.286 E386.26964
G1 X113.555 Y106.918 E386.27766
G1 X113.622 Y106.722 E386.28218
G1 X113.773 Y106.579 E386.28671
G1 X114.176 Y106.355 E386.29677
G1 X113.776 Y106.122 E386.30686
G1 X113.626 Y105.977 E386.31141
G1 X113.562 Y105.785 E386.31582
G1 X113.554 Y105.415 E386.32389
G1 X113.621 Y105.222 E386.32834
G1 X113.773 Y105.079 E386.33289
G1 X114.177 Y104.855 E386.34296
G1 X113.776 Y104.622 E386.35307
G1 X113.626 Y104.477 E386.35762
G1 X113.564 Y104.306 E386.36159
G1 X113.554 Y103.915 E386.37012
G1 X113.619 Y103.725 E386.37449
G1 X113.767 Y103.583 E386.37897
G1 X114.174 Y103.357 E386.38911
G1 X113.766 Y103.122 E386.39938
G1 X113.619 Y102.98 E386.40384
G1 X113.552 Y102.775 E386.40854
G0 F9000 X113.557 Y102.575
G0 X112.658 Y102.547
;MESH:NONMESH
G0 F600 X112.658 Y102.547 Z4.48
G0 F9000 X113.783 Y100.664
G0 X114.142 Y100.595
G0 X114.142 Y100.895
;TIME_ELAPSED:508.648709
;LAYER:35
;TYPE:WALL-INNER
;MESH:belt_holder_screw.stl
G1 F1373.2 X114.377 Y100.815 E386.41442
G1 X120.9 Y100.815 E386.569
G1 X120.899 Y99.235 E386.60644
G1 X99.115 Y99.235 E387.12268
G1 X99.125 Y100.342 E387.14891
G1 X99.118 Y100.815 E387.16012
G1 X105.564 Y100.815 E387.31288
G1 X105.925 Y100.913 E387.32174
G1 X106.403 Y101.195 E387.3349
G1 X106.619 Y101.391 E387.34181
G1 X106.752 Y101.663 E387.34898
G1 X106.752 Y102.171 E387.36102
G1 X106.684 Y102.413 E387.36698
G1 X106.41 Y102.707 E387.3765
G1 X106.682 Y103 E387.38598
G1 X106.749 Y103.246 E387.39202
G1 X106.758 Y103.634 E387.40122
G1 X106.686 Y103.915 E387.40809
G1 X106.411 Y104.208 E387.41761
G1 X106.682 Y104.502 E387.42709
G1 X106.747 Y104.726 E387.43262
G1 X106.758 Y105.135 E387.44231
G1 X106.686 Y105.415 E387.44916
G1 X106.411 Y105.708 E387.45869
G1 X106.683 Y106.001 E387.46816
G1 X106.748 Y106.229 E387.47378
G1 X106.753 Y106.695 E387.48482
G1 X106.681 Y106.911 E387.49022
G1 X106.408 Y107.205 E387.49973
G1 X106.68 Y107.499 E387.50922
G1 X106.752 Y107.746 E387.51531
G1 X106.747 Y108.156 E387.52503
G1 X106.679 Y108.41 E387.53126
G1 X106.407 Y108.704 E387.54075
G1 X106.68 Y108.999 E387.55028
G1 X106.749 Y109.255 E387.55656
G1 X106.747 Y109.656 E387.56606
G1 X106.679 Y109.909 E387.57227
G1 X106.408 Y110.203 E387.58175
G1 X106.68 Y110.497 E387.59124
G1 X106.749 Y110.749 E387.59743
G1 X106.755 Y111.153 E387.60701
G1 X106.686 Y111.356 E387.61209
G1 X106.422 Y111.681 E387.62201
G1 X106.683 Y112.008 E387.63193
G1 X106.745 Y112.237 E387.63755
G1 X106.758 Y112.578 E387.64563
G1 X106.686 Y112.865 E387.65265
G1 X106.411 Y113.158 E387.66217
G1 X106.682 Y113.452 E387.67164
G1 X106.747 Y113.676 E387.67717
G1 X106.758 Y114.085 E387.68687
G1 X106.686 Y114.365 E387.69372
G1 X106.411 Y114.658 E387.70324
G1 X106.683 Y114.951 E387.71272
G1 X106.748 Y115.179 E387.71833
G1 X106.753 Y115.645 E387.72938
G1 X106.681 Y115.861 E387.73477
G1 X106.408 Y116.155 E387.74428
G1 X106.68 Y116.449 E387.75377
G1 X106.752 Y116.698 E387.75992
G1 X106.745 Y117.132 E387.7702
G1 X106.675 Y117.368 E387.77604
G1 X106.407 Y117.654 E387.78532
G1 X106.675 Y117.941 E387.79463
G1 X106.75 Y118.182 E387.80061
G1 X106.749 Y118.554 E387.80943
G1 X106.684 Y118.85 E387.81661
G1 X106.408 Y119.153 E387.82632
G1 X106.685 Y119.457 E387.83607
G1 X106.749 Y119.633 E387.8405
G1 X106.755 Y120.041 E387.85017
G1 X106.523 Y120.577 E387.86402
G1 X106.421 Y120.656 E387.86707
G1 X106.539 Y120.765 E387.87088
G1 X113.276 Y120.765 E388.03053
G1 X113.248 Y120.688 E388.03247
G1 X113.249 Y120.396 E388.03939
G1 X113.311 Y120.065 E388.04737
G1 X113.592 Y119.794 E388.05663
G1 X113.358 Y119.569 E388.06432
G1 X113.296 Y119.446 E388.06758
G1 X113.25 Y119.183 E388.07391
G1 X113.254 Y118.807 E388.08282
G1 X113.347 Y118.544 E388.08943
G1 X113.593 Y118.297 E388.09769
G1 X113.345 Y118.048 E388.10602
G1 X113.25 Y117.683 E388.11496
G1 X113.255 Y117.339 E388.12311
G1 X113.323 Y117.089 E388.12925
G1 X113.595 Y116.795 E388.13874
G1 X113.323 Y116.501 E388.14823
G1 X113.254 Y116.245 E388.15452
G1 X113.254 Y115.838 E388.16416
G1 X113.322 Y115.588 E388.1703
G1 X113.595 Y115.293 E388.17983
G1 X113.323 Y115 E388.1893
G1 X113.255 Y114.754 E388.19535
G1 X113.244 Y114.369 E388.20448
G1 X113.317 Y114.083 E388.21147
G1 X113.593 Y113.791 E388.22099
G1 X113.321 Y113.497 E388.23049
G1 X113.26 Y113.294 E388.23551
G1 X113.245 Y112.862 E388.24575
G1 X113.316 Y112.586 E388.25251
G1 X113.59 Y112.294 E388.26199
G1 X113.317 Y112.001 E388.27149
G1 X113.249 Y111.734 E388.27801
G1 X113.25 Y111.407 E388.28576
G1 X113.32 Y111.139 E388.29233
G1 X113.593 Y110.844 E388.30185
G1 X113.32 Y110.55 E388.31136
G1 X113.255 Y110.334 E388.31671
G1 X113.255 Y109.889 E388.32725
G1 X113.322 Y109.641 E388.33334
G1 X113.593 Y109.347 E388.34281
G1 X113.321 Y109.052 E388.35232
G1 X113.251 Y108.79 E388.35875
G1 X113.255 Y108.389 E388.36825
G1 X113.323 Y108.139 E388.37439
G1 X113.595 Y107.845 E388.38388
G1 X113.323 Y107.551 E388.39338
G1 X113.254 Y107.295 E388.39966
G1 X113.254 Y106.888 E388.4093
G1 X113.322 Y106.638 E388.41544
G1 X113.595 Y106.343 E388.42497
G1 X113.323 Y106.05 E388.43444
G1 X113.255 Y105.804 E388.44049
G1 X113.244 Y105.419 E388.44962
G1 X113.317 Y105.133 E388.45661
G1 X113.593 Y104.841 E388.46614
G1 X113.321 Y104.547 E388.47563
G1 X113.26 Y104.344 E388.48065
G1 X113.245 Y103.919 E388.49073
G1 X113.315 Y103.638 E388.49759
G1 X113.589 Y103.345 E388.5071
G1 X113.315 Y103.052 E388.5166
G1 X113.245 Y102.782 E388.52321
G1 X113.25 Y102.337 E388.53376
G1 X113.32 Y102.135 E388.53883
G1 X113.431 Y101.971 E388.54352
G1 X113.614 Y101.825 E388.54907
G1 X113.835 Y101.702 E388.55506
G1 X113.756 Y101.573 E388.55865
G1 X113.793 Y101.313 E388.56487
G1 X113.909 Y101.089 E388.57085
G1 X114.142 Y100.895 E388.57803
G1 F1800 E386.57803
G0 F9000 X114.142 Y100.595
G0 X113.771 Y100.664
G0 X113.103 Y101.935
G0 X113.024 Y102.758
G1 F900 E388.57803
G0 F9000 X113.524 Y102.766
;TYPE:WALL-OUTER
G1 F1056.3 X113.53 Y102.377 E388.58651
G1 X113.658 Y102.121 E388.59275
G1 X114.197 Y101.822 E388.60619
G1 X114.036 Y101.561 E388.61288
G1 X114.06 Y101.396 E388.61651
G1 X114.131 Y101.261 E388.61984
G1 X114.272 Y101.143 E388.62385
G1 X114.414 Y101.095 E388.62712
G1 X121.18 Y101.095 E388.77463
G1 X121.179 Y98.955 E388.82128
G1 X98.833 Y98.955 E389.30847
G1 X98.845 Y100.337 E389.3386
G1 X98.833 Y101.095 E389.35513
G1 X105.564 Y101.095 E389.50188
G1 X105.783 Y101.154 E389.50683
G1 X106.261 Y101.436 E389.51893
G1 X106.392 Y101.555 E389.52278
G1 X106.472 Y101.719 E389.52676
G1 X106.474 Y102.144 E389.53603
G1 X106.432 Y102.29 E389.53934
G1 X106.26 Y102.474 E389.54483
G1 X105.853 Y102.7 E389.55498
G1 X106.259 Y102.937 E389.56523
G1 X106.429 Y103.121 E389.57069
G1 X106.47 Y103.27 E389.57406
G1 X106.478 Y103.621 E389.58172
G1 X106.434 Y103.791 E389.58554
G1 X106.262 Y103.975 E389.59104
G1 X105.853 Y104.198 E389.60119
G1 X106.26 Y104.437 E389.61148
G1 X106.43 Y104.622 E389.61696
G1 X106.469 Y104.758 E389.62005
G1 X106.475 Y105.163 E389.62888
G1 X106.435 Y105.291 E389.6318
G1 X106.261 Y105.476 E389.63734
G1 X105.851 Y105.699 E389.64751
G1 X106.259 Y105.937 E389.65781
G1 X106.43 Y106.122 E389.6633
G1 X106.47 Y106.26 E389.66644
G1 X106.467 Y106.667 E389.67531
G1 X106.429 Y106.789 E389.67809
G1 X106.258 Y106.974 E389.68359
G1 X105.852 Y107.201 E389.69373
G1 X106.257 Y107.436 E389.70394
G1 X106.428 Y107.621 E389.70943
G1 X106.471 Y107.811 E389.71368
G1 X106.468 Y108.135 E389.72074
G1 X106.427 Y108.288 E389.72419
G1 X106.257 Y108.473 E389.72967
G1 X105.851 Y108.701 E389.73982
G1 X106.257 Y108.937 E389.75006
G1 X106.428 Y109.121 E389.75554
G1 X106.472 Y109.264 E389.7588
G1 X106.465 Y109.666 E389.76757
G1 X106.427 Y109.788 E389.77035
G1 X106.257 Y109.973 E389.77583
G1 X105.852 Y110.201 E389.78596
G1 X106.258 Y110.435 E389.79618
G1 X106.428 Y110.62 E389.80166
G1 X106.47 Y110.772 E389.8051
G1 X106.474 Y111.07 E389.81159
G1 X106.433 Y111.236 E389.81532
G1 X106.303 Y111.395 E389.8198
G1 X105.876 Y111.637 E389.8305
G1 X106.3 Y111.964 E389.84217
G1 X106.462 Y112.166 E389.84782
G1 X106.476 Y112.601 E389.85731
G1 X106.434 Y112.741 E389.86049
G1 X106.262 Y112.925 E389.86598
G1 X105.853 Y113.148 E389.87614
G1 X106.26 Y113.387 E389.88643
G1 X106.43 Y113.572 E389.89191
G1 X106.469 Y113.708 E389.89499
G1 X106.475 Y114.113 E389.90382
G1 X106.435 Y114.241 E389.90675
G1 X106.261 Y114.426 E389.91229
G1 X105.851 Y114.649 E389.92246
G1 X106.259 Y114.887 E389.93276
G1 X106.43 Y115.072 E389.93825
G1 X106.47 Y115.21 E389.94138
G1 X106.467 Y115.617 E389.95026
G1 X106.429 Y115.739 E389.95304
G1 X106.258 Y115.924 E389.95854
G1 X105.852 Y116.151 E389.96868
G1 X106.257 Y116.386 E389.97889
G1 X106.428 Y116.571 E389.98438
G1 X106.471 Y116.761 E389.98863
G1 X106.467 Y117.1 E389.99602
G1 X106.424 Y117.243 E389.99927
G1 X106.257 Y117.423 E390.00463
G1 X105.851 Y117.651 E390.01478
G1 X106.257 Y117.887 E390.02502
G1 X106.425 Y118.066 E390.03037
G1 X106.465 Y118.19 E390.03321
G1 X106.469 Y118.553 E390.04112
G1 X106.43 Y118.732 E390.04512
G1 X106.257 Y118.923 E390.05074
G1 X105.852 Y119.151 E390.06087
G1 X106.258 Y119.385 E390.07109
G1 X106.431 Y119.575 E390.07669
G1 X106.47 Y119.68 E390.07913
G1 X106.475 Y120.045 E390.08709
G1 X106.328 Y120.386 E390.09518
G1 X105.93 Y120.608 E390.10512
G1 X106.145 Y120.814 E390.11161
G1 X106.332 Y120.941 E390.11654
G1 X106.391 Y121.045 E390.11915
G1 X113.619 Y121.045 E390.27673
G1 X113.649 Y121.016 E390.27764
G1 X113.528 Y120.689 E390.28524
G1 X113.529 Y120.397 E390.29161
G1 X113.594 Y120.169 E390.29678
G1 X113.748 Y120.023 E390.3014
G1 X114.148 Y119.799 E390.3114
G1 X113.743 Y119.563 E390.32162
G1 X113.595 Y119.42 E390.32611
G1 X113.53 Y119.186 E390.3314
G1 X113.54 Y118.818 E390.33943
G1 X113.59 Y118.684 E390.34255
G1 X113.744 Y118.528 E390.34732
G1 X114.149 Y118.299 E390.35747
G1 X113.743 Y118.063 E390.36771
G1 X113.588 Y117.908 E390.37249
G1 X113.529 Y117.752 E390.37612
G1 X113.537 Y117.333 E390.38526
G1 X113.575 Y117.211 E390.38804
G1 X113.745 Y117.027 E390.39351
G1 X114.15 Y116.799 E390.40364
G1 X113.745 Y116.563 E390.41386
G1 X113.575 Y116.379 E390.41932
G1 X113.534 Y116.224 E390.42282
G1 X113.533 Y115.861 E390.43073
G1 X113.574 Y115.71 E390.43414
G1 X113.745 Y115.525 E390.43963
G1 X114.153 Y115.299 E390.4498
G1 X113.746 Y115.063 E390.46006
G1 X113.575 Y114.878 E390.46555
G1 X113.534 Y114.73 E390.4689
G1 X113.524 Y114.38 E390.47653
G1 X113.568 Y114.207 E390.48043
G1 X113.745 Y114.02 E390.48604
G1 X114.148 Y113.798 E390.49607
G1 X113.75 Y113.567 E390.5061
G1 X113.539 Y113.338 E390.51289
G1 X113.525 Y112.877 E390.52295
G1 X113.568 Y112.709 E390.52673
G1 X113.741 Y112.524 E390.53225
G1 X114.15 Y112.3 E390.54242
G1 X113.743 Y112.066 E390.55265
G1 X113.57 Y111.88 E390.55819
G1 X113.528 Y111.718 E390.56184
G1 X113.529 Y111.423 E390.56827
G1 X113.572 Y111.261 E390.57193
G1 X113.748 Y111.073 E390.57754
G1 X114.148 Y110.848 E390.58755
G1 X113.743 Y110.613 E390.59775
G1 X113.572 Y110.429 E390.60323
G1 X113.53 Y110.267 E390.60688
G1 X113.534 Y109.912 E390.61462
G1 X113.575 Y109.762 E390.61801
G1 X113.744 Y109.578 E390.62346
G1 X114.149 Y109.349 E390.6336
G1 X113.743 Y109.113 E390.64384
G1 X113.573 Y108.93 E390.64928
G1 X113.53 Y108.771 E390.65288
G1 X113.534 Y108.412 E390.6607
G1 X113.575 Y108.261 E390.66411
G1 X113.745 Y108.077 E390.66958
G1 X114.15 Y107.849 E390.67971
G1 X113.745 Y107.613 E390.68993
G1 X113.575 Y107.429 E390.69539
G1 X113.534 Y107.274 E390.69889
G1 X113.533 Y106.911 E390.7068
G1 X113.574 Y106.76 E390.71021
G1 X113.745 Y106.575 E390.7157
G1 X114.153 Y106.349 E390.72587
G1 X113.746 Y106.113 E390.73613
G1 X113.575 Y105.928 E390.74162
G1 X113.534 Y105.78 E390.74497
G1 X113.524 Y105.43 E390.7526
G1 X113.568 Y105.257 E390.7565
G1 X113.745 Y105.07 E390.76211
G1 X114.148 Y104.848 E390.77214
G1 X113.75 Y104.617 E390.78217
G1 X113.539 Y104.388 E390.78896
G1 X113.525 Y103.93 E390.79895
G1 X113.567 Y103.761 E390.80275
G1 X113.739 Y103.576 E390.80826
G1 X114.15 Y103.35 E390.81848
G1 X113.739 Y103.114 E390.82882
G1 X113.567 Y102.929 E390.83432
G1 X113.524 Y102.766 E390.838
G0 F9000 X113.527 Y102.566
G0 X112.627 Y102.551
;MESH:NONMESH
G0 F600 X112.627 Y102.551 Z4.6
G0 F9000 X113.771 Y100.664
G0 X114.131 Y100.595
G0 X114.131 Y100.895
;TIME_ELAPSED:519.561138
;LAYER:36
;TYPE:WALL-INNER
;MESH:belt_holder_screw.stl
G1 F3071.8 X114.366 Y100.815 E390.84388
G1 X120.857 Y100.815 E390.9977
G1 X120.85 Y99.235 E391.03515
G1 X99.147 Y99.235 E391.54946
G1 X99.161 Y100.815 E391.5869
G1 X105.581 Y100.815 E391.73904
G1 X105.941 Y100.912 E391.74788
G1 X106.434 Y101.201 E391.76142
G1 X106.653 Y101.402 E391.76847
G1 X106.786 Y101.68 E391.77577
G1 X106.78 Y102.174 E391.78748
G1 X106.709 Y102.426 E391.79368
G1 X106.435 Y102.716 E391.80314
G1 X106.705 Y103.007 E391.81254
G1 X106.77 Y103.182 E391.81697
G1 X106.787 Y103.633 E391.82766
G1 X106.713 Y103.926 E391.83483
G1 X106.437 Y104.216 E391.84431
G1 X106.707 Y104.509 E391.85375
G1 X106.771 Y104.682 E391.85813
G1 X106.787 Y105.135 E391.86887
G1 X106.715 Y105.422 E391.87588
G1 X106.442 Y105.714 E391.88535
G1 X106.713 Y106.006 E391.89479
G1 X106.784 Y106.247 E391.90075
G1 X106.782 Y106.65 E391.9103
G1 X106.709 Y106.926 E391.91706
G1 X106.435 Y107.216 E391.92652
G1 X106.705 Y107.507 E391.93592
G1 X106.773 Y107.771 E391.94239
G1 X106.774 Y108.147 E391.9513
G1 X106.703 Y108.42 E391.95798
G1 X106.432 Y108.712 E391.96742
G1 X106.703 Y109.004 E391.97686
G1 X106.769 Y109.225 E391.98233
G1 X106.776 Y109.674 E391.99297
G1 X106.703 Y109.92 E391.99905
G1 X106.431 Y110.212 E392.00851
G1 X106.703 Y110.504 E392.01796
G1 X106.77 Y110.732 E392.0236
G1 X106.781 Y111.082 E392.03189
G1 X106.713 Y111.364 E392.03877
G1 X106.5 Y111.626 E392.04677
G1 X106.412 Y111.682 E392.04924
G1 X106.5 Y111.748 E392.05185
G1 X106.711 Y112.011 E392.05984
G1 X106.773 Y112.241 E392.06548
G1 X106.787 Y112.582 E392.07357
G1 X106.713 Y112.876 E392.08076
G1 X106.437 Y113.166 E392.09024
G1 X106.707 Y113.459 E392.09969
G1 X106.771 Y113.632 E392.10406
G1 X106.787 Y114.085 E392.1148
G1 X106.715 Y114.372 E392.12181
G1 X106.442 Y114.664 E392.13128
G1 X106.713 Y114.956 E392.14072
G1 X106.784 Y115.197 E392.14668
G1 X106.782 Y115.6 E392.15623
G1 X106.709 Y115.876 E392.16299
G1 X106.435 Y116.166 E392.17245
G1 X106.705 Y116.457 E392.18186
G1 X106.773 Y116.721 E392.18832
G1 X106.774 Y117.097 E392.19723
G1 X106.7 Y117.377 E392.20409
G1 X106.432 Y117.662 E392.21336
G1 X106.7 Y117.947 E392.22263
G1 X106.774 Y118.187 E392.22858
G1 X106.774 Y118.679 E392.24024
G1 X106.708 Y118.86 E392.24481
G1 X106.431 Y119.162 E392.25452
G1 X106.708 Y119.464 E392.26423
G1 X106.771 Y119.637 E392.26859
G1 X106.782 Y120.038 E392.2781
G1 X106.548 Y120.586 E392.29222
G1 X106.446 Y120.662 E392.29524
G1 X106.564 Y120.765 E392.29895
G1 X113.249 Y120.765 E392.45737
G1 X113.217 Y120.681 E392.4595
G1 X113.218 Y120.387 E392.46647
G1 X113.265 Y120.133 E392.47259
G1 X113.327 Y120.01 E392.47585
G1 X113.563 Y119.784 E392.48359
G1 X113.33 Y119.557 E392.4913
G1 X113.226 Y119.207 E392.49996
G1 X113.213 Y118.796 E392.5097
G1 X113.313 Y118.531 E392.51641
G1 X113.564 Y118.284 E392.52476
G1 X113.317 Y118.035 E392.53307
G1 X113.227 Y117.777 E392.53954
G1 X113.22 Y117.369 E392.54921
G1 X113.293 Y117.077 E392.55635
G1 X113.568 Y116.786 E392.56584
G1 X113.296 Y116.494 E392.57529
G1 X113.228 Y116.246 E392.58139
G1 X113.219 Y115.87 E392.5903
G1 X113.292 Y115.575 E392.5975
G1 X113.566 Y115.285 E392.60696
G1 X113.295 Y114.993 E392.6164
G1 X113.228 Y114.749 E392.62239
G1 X113.217 Y114.357 E392.63169
G1 X113.29 Y114.074 E392.63861
G1 X113.565 Y113.784 E392.64808
G1 X113.295 Y113.491 E392.65753
G1 X113.229 Y113.261 E392.6632
G1 X113.218 Y112.855 E392.67282
G1 X113.289 Y112.58 E392.67955
G1 X113.562 Y112.288 E392.68902
G1 X113.289 Y111.996 E392.6985
G1 X113.221 Y111.766 E392.70418
G1 X113.219 Y111.393 E392.71302
G1 X113.291 Y111.124 E392.71962
G1 X113.565 Y110.834 E392.72907
G1 X113.295 Y110.542 E392.7385
G1 X113.23 Y110.319 E392.744
G1 X113.217 Y109.921 E392.75344
G1 X113.29 Y109.624 E392.76069
G1 X113.565 Y109.334 E392.77016
G1 X113.295 Y109.041 E392.7796
G1 X113.228 Y108.794 E392.78567
G1 X113.22 Y108.419 E392.79455
G1 X113.293 Y108.127 E392.80169
G1 X113.568 Y107.836 E392.81118
G1 X113.296 Y107.544 E392.82063
G1 X113.228 Y107.296 E392.82673
G1 X113.219 Y106.92 E392.83564
G1 X113.292 Y106.625 E392.84284
G1 X113.566 Y106.335 E392.8523
G1 X113.295 Y106.043 E392.86174
G1 X113.228 Y105.799 E392.86773
G1 X113.217 Y105.407 E392.87703
G1 X113.29 Y105.124 E392.88395
G1 X113.565 Y104.834 E392.89342
G1 X113.295 Y104.541 E392.90286
G1 X113.229 Y104.311 E392.90854
G1 X113.218 Y103.905 E392.91816
G1 X113.289 Y103.63 E392.92489
G1 X113.562 Y103.338 E392.93436
G1 X113.289 Y103.046 E392.94384
G1 X113.217 Y102.771 E392.95057
G1 X113.218 Y102.332 E392.96098
G1 X113.292 Y102.123 E392.96623
G1 X113.456 Y101.89 E392.97298
G1 X113.826 Y101.686 E392.983
G1 X113.745 Y101.548 E392.98679
G1 X113.782 Y101.313 E392.99243
G1 X113.898 Y101.089 E392.9984
G1 X114.131 Y100.895 E393.00559
G1 F1800 E391.00559
G0 F9000 X114.131 Y100.595
G0 X113.761 Y100.664
G0 X113.066 Y101.929
G0 X112.997 Y102.755
G1 F900 E393.00559
G0 F9000 X113.497 Y102.757
;TYPE:WALL-OUTER
G1 F2362.9 X113.498 Y102.374 E393.01394
G1 X113.641 Y102.107 E393.02054
G1 X114.181 Y101.81 E393.03398
G1 X114.025 Y101.545 E393.04068
G1 X114.12 Y101.261 E393.04721
G1 X114.261 Y101.143 E393.05122
G1 X114.403 Y101.095 E393.05449
G1 X121.138 Y101.095 E393.20132
G1 X121.129 Y98.955 E393.24798
G1 X98.865 Y98.955 E393.73338
G1 X98.881 Y100.817 E393.77398
G1 X98.877 Y101.095 E393.78004
G1 X105.581 Y101.095 E393.9262
G1 X105.799 Y101.153 E393.93112
G1 X106.292 Y101.442 E393.94358
G1 X106.425 Y101.564 E393.94751
G1 X106.505 Y101.732 E393.95157
G1 X106.501 Y102.149 E393.96066
G1 X106.458 Y102.301 E393.96411
G1 X106.285 Y102.485 E393.96961
G1 X105.876 Y102.707 E393.97976
G1 X106.282 Y102.943 E393.99
G1 X106.453 Y103.128 E393.99549
G1 X106.493 Y103.273 E393.99877
G1 X106.504 Y103.671 E394.00745
G1 X106.462 Y103.801 E394.01043
G1 X106.288 Y103.984 E394.01593
G1 X105.88 Y104.207 E394.02607
G1 X106.284 Y104.444 E394.03628
G1 X106.454 Y104.63 E394.04177
G1 X106.492 Y104.763 E394.04479
G1 X106.505 Y105.158 E394.05341
G1 X106.464 Y105.298 E394.05659
G1 X106.292 Y105.482 E394.06208
G1 X105.883 Y105.706 E394.07225
G1 X106.291 Y105.943 E394.08253
G1 X106.461 Y106.128 E394.08801
G1 X106.501 Y106.265 E394.09112
G1 X106.502 Y106.634 E394.09917
G1 X106.458 Y106.802 E394.10295
G1 X106.283 Y106.986 E394.10849
G1 X105.877 Y107.209 E394.11859
G1 X106.28 Y107.442 E394.12874
G1 X106.453 Y107.628 E394.13428
G1 X106.494 Y107.788 E394.13788
G1 X106.494 Y108.132 E394.14538
G1 X106.451 Y108.297 E394.14909
G1 X106.281 Y108.481 E394.15456
G1 X105.876 Y108.707 E394.16467
G1 X106.281 Y108.943 E394.17489
G1 X106.451 Y109.127 E394.18035
G1 X106.494 Y109.287 E394.18396
G1 X106.494 Y109.634 E394.19153
G1 X106.451 Y109.798 E394.19522
G1 X106.28 Y109.982 E394.2007
G1 X105.875 Y110.207 E394.2108
G1 X106.28 Y110.442 E394.22101
G1 X106.451 Y110.626 E394.22648
G1 X106.49 Y110.749 E394.2293
G1 X106.5 Y111.099 E394.23693
G1 X106.46 Y111.244 E394.24021
G1 X106.331 Y111.403 E394.24467
G1 X105.903 Y111.643 E394.25537
G1 X106.329 Y111.97 E394.26708
G1 X106.457 Y112.13 E394.27155
G1 X106.495 Y112.247 E394.27423
G1 X106.504 Y112.621 E394.28239
G1 X106.462 Y112.751 E394.28537
G1 X106.288 Y112.934 E394.29087
G1 X105.88 Y113.157 E394.30101
G1 X106.284 Y113.394 E394.31122
G1 X106.454 Y113.58 E394.31671
G1 X106.492 Y113.713 E394.31973
G1 X106.505 Y114.108 E394.32835
G1 X106.464 Y114.248 E394.33153
G1 X106.292 Y114.432 E394.33702
G1 X105.883 Y114.656 E394.34718
G1 X106.291 Y114.893 E394.35747
G1 X106.461 Y115.078 E394.36295
G1 X106.501 Y115.215 E394.36606
G1 X106.502 Y115.584 E394.37411
G1 X106.458 Y115.752 E394.37789
G1 X106.283 Y115.936 E394.38343
G1 X105.877 Y116.159 E394.39353
G1 X106.28 Y116.392 E394.40368
G1 X106.453 Y116.578 E394.40921
G1 X106.494 Y116.738 E394.41282
G1 X106.494 Y117.124 E394.42123
G1 X106.449 Y117.252 E394.42419
G1 X106.281 Y117.431 E394.42954
G1 X105.876 Y117.657 E394.43965
G1 X106.281 Y117.893 E394.44987
G1 X106.449 Y118.072 E394.45522
G1 X106.489 Y118.196 E394.45806
G1 X106.494 Y118.559 E394.46598
G1 X106.454 Y118.741 E394.47004
G1 X106.28 Y118.932 E394.47568
G1 X105.875 Y119.157 E394.48578
G1 X106.28 Y119.392 E394.49599
G1 X106.454 Y119.583 E394.50162
G1 X106.492 Y119.684 E394.50397
G1 X106.502 Y120.046 E394.51187
G1 X106.353 Y120.394 E394.52012
G1 X105.959 Y120.612 E394.52994
G1 X106.187 Y120.829 E394.5368
G1 X106.359 Y120.945 E394.54132
G1 X106.42 Y121.045 E394.54388
G1 X113.597 Y121.045 E394.70035
G1 X113.626 Y121.017 E394.70123
G1 X113.497 Y120.682 E394.70905
G1 X113.498 Y120.388 E394.71546
G1 X113.564 Y120.16 E394.72064
G1 X113.72 Y120.011 E394.72534
G1 X114.122 Y119.791 E394.73533
G1 X113.719 Y119.557 E394.74549
G1 X113.569 Y119.411 E394.75006
G1 X113.506 Y119.199 E394.75488
G1 X113.495 Y118.834 E394.76284
G1 X113.555 Y118.673 E394.76659
G1 X113.718 Y118.514 E394.77155
G1 X114.12 Y118.291 E394.78157
G1 X113.718 Y118.057 E394.79171
G1 X113.561 Y117.897 E394.7966
G1 X113.512 Y117.763 E394.79971
G1 X113.501 Y117.355 E394.80861
G1 X113.544 Y117.201 E394.8121
G1 X113.719 Y117.016 E394.81765
G1 X114.122 Y116.79 E394.82772
G1 X113.722 Y116.56 E394.83778
G1 X113.548 Y116.372 E394.84337
G1 X113.51 Y116.249 E394.84617
G1 X113.5 Y115.856 E394.85474
G1 X113.543 Y115.699 E394.85829
G1 X113.716 Y115.516 E394.86378
G1 X114.122 Y115.291 E394.8739
G1 X113.719 Y115.057 E394.88406
G1 X113.548 Y114.872 E394.88956
G1 X113.51 Y114.749 E394.89236
G1 X113.496 Y114.33 E394.9015
G1 X113.541 Y114.199 E394.90452
G1 X113.717 Y114.013 E394.91011
G1 X114.12 Y113.791 E394.92014
G1 X113.718 Y113.557 E394.93028
G1 X113.513 Y113.334 E394.93688
G1 X113.498 Y112.869 E394.94703
G1 X113.541 Y112.703 E394.95076
G1 X113.712 Y112.519 E394.95624
G1 X114.123 Y112.293 E394.96647
G1 X113.712 Y112.057 E394.9768
G1 X113.54 Y111.873 E394.98229
G1 X113.499 Y111.734 E394.98545
G1 X113.498 Y111.412 E394.99247
G1 X113.542 Y111.248 E394.99617
G1 X113.72 Y111.061 E395.0018
G1 X114.122 Y110.841 E395.01179
G1 X113.719 Y110.607 E395.02195
G1 X113.547 Y110.421 E395.02748
G1 X113.508 Y110.286 E395.03054
G1 X113.498 Y109.904 E395.03887
G1 X113.541 Y109.749 E395.04238
G1 X113.718 Y109.564 E395.04796
G1 X114.12 Y109.341 E395.05798
G1 X113.718 Y109.107 E395.06812
G1 X113.547 Y108.921 E395.07363
G1 X113.51 Y108.798 E395.07643
G1 X113.501 Y108.405 E395.085
G1 X113.544 Y108.251 E395.08849
G1 X113.719 Y108.066 E395.09404
G1 X114.122 Y107.84 E395.10411
G1 X113.722 Y107.61 E395.11417
G1 X113.548 Y107.422 E395.11976
G1 X113.51 Y107.299 E395.12256
G1 X113.5 Y106.906 E395.13114
G1 X113.543 Y106.749 E395.13468
G1 X113.716 Y106.566 E395.14018
G1 X114.122 Y106.341 E395.1503
G1 X113.719 Y106.107 E395.16046
G1 X113.548 Y105.922 E395.16595
G1 X113.51 Y105.799 E395.16875
G1 X113.496 Y105.38 E395.17789
G1 X113.541 Y105.249 E395.18091
G1 X113.717 Y105.063 E395.1865
G1 X114.12 Y104.841 E395.19653
G1 X113.718 Y104.607 E395.20667
G1 X113.513 Y104.384 E395.21327
G1 X113.498 Y103.92 E395.22339
G1 X113.541 Y103.753 E395.22715
G1 X113.712 Y103.569 E395.23263
G1 X114.123 Y103.343 E395.24286
G1 X113.712 Y103.107 E395.25319
G1 X113.54 Y102.923 E395.25868
G1 X113.497 Y102.757 E395.26242
G0 F9000 X113.497 Y102.557
G0 X112.998 Y102.555
G0 X107.29 Y101.548
;TYPE:FILL
G1 F2835.5 X107.28 Y101.476 E395.26841
G1 X107.094 Y101.083 E395.30427
G1 X106.73 Y100.749 E395.34501
G1 X106.174 Y100.426 E395.39804
G1 X105.516 Y99.774 E395.47443
G1 X104.696 Y99.774 E395.54206
G1 X105.195 Y100.274 E395.60031
G1 X104.375 Y100.274 E395.66794
G1 X103.876 Y99.774 E395.72619
G1 X103.055 Y99.774 E395.7939
G1 X103.555 Y100.274 E395.85221
G1 X102.734 Y100.274 E395.91992
G1 X102.235 Y99.774 E395.97818
G1 X101.415 Y99.774 E396.0458
G1 X101.914 Y100.274 E396.10406
G1 X101.094 Y100.274 E396.17168
G1 X100.595 Y99.774 E396.22994
G1 X99.774 Y99.774 E396.29764
G1 X100.274 Y100.274 E396.35596
G1 X99.695 Y100.274 E396.40371
G1 X99.692 Y99.774 E396.44494
G0 F9000 X120.312 Y99.774
G1 F2835.5 X119.46 Y99.774 E396.5152
G1 X119.96 Y100.274 E396.57352
G1 X119.14 Y100.274 E396.64114
G1 X118.64 Y99.774 E396.69946
G1 X117.82 Y99.774 E396.76708
G1 X118.32 Y100.274 E396.82539
G1 X117.499 Y100.274 E396.8931
G1 X117 Y99.774 E396.95136
G1 X116.179 Y99.774 E397.01906
G1 X116.679 Y100.274 E397.07738
G1 X115.859 Y100.274 E397.145
G1 X115.359 Y99.774 E397.20332
G1 X114.539 Y99.774 E397.27094
G1 X115.039 Y100.274 E397.32925
G1 X114.218 Y100.274 E397.39696
G1 X113.719 Y99.774 E397.45522
G1 X112.898 Y99.774 E397.52292
G1 X113.69 Y100.566 E397.61529
G1 X113.468 Y100.752 E397.63918
G1 X113.327 Y101.023 E397.66437
G1 X112.078 Y99.774 E397.81004
G1 X111.258 Y99.774 E397.87766
G1 X113.034 Y101.551 E398.08485
G1 X112.806 Y101.879 E398.11779
G1 X112.738 Y102.075 E398.1349
G1 X110.438 Y99.774 E398.40321
G1 X109.617 Y99.774 E398.47091
G1 X112.678 Y102.835 E398.82791
G1 X112.707 Y103.036 E398.84466
G1 X112.827 Y103.346 E398.87207
G1 X112.693 Y103.671 E398.90106
G1 X108.797 Y99.774 E399.35551
G1 X107.977 Y99.774 E399.42313
G1 X112.7 Y104.498 E399.97402
G1 X112.83 Y104.82 E400.00266
G1 X112.709 Y105.122 E400.02949
G1 X112.681 Y105.299 E400.04427
G1 X107.157 Y99.774 E400.68858
G1 X106.336 Y99.774 E400.75629
G1 X112.789 Y106.227 E401.50889
G1 X112.826 Y106.326 E401.5176
G1 X112.673 Y106.766 E401.55602
G1 X112.678 Y106.937 E401.57013
G1 X107.29 Y101.548 E402.19858
G1 X107.323 Y101.796 E402.21921
G1 X107.322 Y102.112 E402.24527
G1 X107.294 Y102.372 E402.26684
G1 X112.812 Y107.891 E402.91045
G1 X112.678 Y108.202 E402.93838
G1 X112.683 Y108.582 E402.96972
G1 X107.307 Y103.206 E403.59671
G1 X107.326 Y103.666 E403.63468
G1 X107.273 Y103.992 E403.66192
G1 X112.768 Y109.487 E404.30279
G1 X112.67 Y109.757 E404.32648
G1 X112.688 Y110.227 E404.36526
G1 X107.316 Y104.856 E404.99173
G1 X107.326 Y105.172 E405.0178
G1 X107.275 Y105.46 E405.04193
G1 X107.222 Y105.581 E405.05282
G1 X112.712 Y111.072 E405.69317
G1 X112.647 Y111.604 E405.73737
G1 X112.676 Y111.604 E405.73976
G1 X112.708 Y111.888 E405.76333
G1 X107.32 Y106.5 E406.39172
G1 X107.321 Y106.85 E406.42058
G1 X107.179 Y107.179 E406.45013
G1 X112.7 Y112.7 E407.09404
G1 X112.678 Y112.824 E407.10442
G1 X112.689 Y113.416 E407.15325
G1 X112.753 Y113.573 E407.16723
G1 X107.333 Y108.154 E407.7993
G1 X107.269 Y108.45 E407.82428
G1 X107.162 Y108.726 E407.84869
G1 X107.22 Y108.861 E407.8608
G1 X112.671 Y114.312 E408.49654
G1 X112.635 Y114.525 E408.51436
G1 X112.681 Y114.543 E408.51843
G1 X112.642 Y114.542 E408.52165
G1 X112.731 Y115.022 E408.56191
G1 X112.835 Y115.295 E408.586
G1 X107.3 Y109.761 E409.23148
G1 X107.27 Y109.951 E409.24734
G1 X107.167 Y110.212 E409.27048
G1 X107.32 Y110.601 E409.30496
G1 X112.681 Y115.962 E409.9302
G1 X112.693 Y116.424 E409.96831
G1 X112.834 Y116.791 E410.00073
G1 X112.791 Y116.892 E410.00979
G1 X107.285 Y111.387 E410.65188
G1 X107.135 Y111.688 E410.67962
G1 X107.192 Y111.757 E410.687
G1 X107.309 Y112.171 E410.72248
G1 X107.311 Y112.233 E410.72759
G1 X112.685 Y117.606 E411.35429
G1 X112.687 Y117.829 E411.37269
G1 X112.751 Y118.085 E411.39445
G1 X112.835 Y118.277 E411.41173
G1 X112.743 Y118.485 E411.43049
G1 X107.248 Y112.99 E412.07136
G1 X107.176 Y113.172 E412.0875
G1 X107.31 Y113.537 E412.11956
G1 X107.32 Y113.882 E412.14803
G1 X112.688 Y119.25 E412.77409
G1 X112.756 Y119.608 E412.80414
G1 X112.84 Y119.779 E412.81985
G1 X112.725 Y120.107 E412.84852
G1 X107.2 Y114.583 E413.49283
G1 X107.164 Y114.665 E413.50021
G1 X107.275 Y114.92 E413.52315
G1 X107.321 Y115.172 E413.54427
G1 X107.321 Y115.524 E413.5733
G1 X112.021 Y120.224 E414.12145
G1 X111.201 Y120.224 E414.18908
G1 X107.173 Y116.196 E414.65886
G1 X107.267 Y116.423 E414.67912
G1 X107.312 Y116.677 E414.70039
G1 X107.313 Y117.156 E414.73989
G1 X110.381 Y120.224 E415.09771
G1 X109.561 Y120.224 E415.16533
G1 X107.28 Y117.943 E415.43136
G1 X107.314 Y118.021 E415.43838
G1 X107.314 Y118.576 E415.48415
G1 X107.287 Y118.77 E415.5003
G1 X108.741 Y120.224 E415.66988
G1 X107.264 Y120.224 E415.79169
G1 X107.323 Y120.084 E415.80421
G1 X107.31 Y119.613 E415.84307
G1 X107.92 Y120.224 E415.91427
G0 F9000 X107.92 Y120.145
;MESH:NONMESH
G0 F600 X107.92 Y120.145 Z4.72
G0 F9000 X113.066 Y101.929
G0 X113.761 Y100.664
G0 X114.123 Y100.595
G0 X114.123 Y100.893
;TIME_ELAPSED:535.981211
;LAYER:37
;TYPE:WALL-INNER
;MESH:belt_holder_screw.stl
G1 F1386.8 X114.355 Y100.815 E415.92007
G1 X120.803 Y100.815 E416.07288
G1 X120.796 Y99.235 E416.11032
G1 X99.192 Y99.235 E416.62229
G1 X99.193 Y100.815 E416.65973
G1 X105.597 Y100.815 E416.81149
G1 X105.954 Y100.911 E416.82025
G1 X106.464 Y101.207 E416.83423
G1 X106.687 Y101.411 E416.84139
G1 X106.819 Y101.695 E416.84881
G1 X106.808 Y102.185 E416.86043
G1 X106.739 Y102.432 E416.8665
G1 X106.468 Y102.722 E416.87591
G1 X106.738 Y103.01 E416.88526
G1 X106.807 Y103.261 E416.89143
G1 X106.82 Y103.716 E416.90222
G1 X106.744 Y103.935 E416.90771
G1 X106.471 Y104.223 E416.91712
G1 X106.739 Y104.513 E416.92647
G1 X106.807 Y104.759 E416.93252
G1 X106.818 Y105.139 E416.94153
G1 X106.746 Y105.432 E416.94868
G1 X106.476 Y105.722 E416.95807
G1 X106.744 Y106.011 E416.96741
G1 X106.814 Y106.27 E416.97377
G1 X106.813 Y106.679 E416.98346
G1 X106.743 Y106.934 E416.98973
G1 X106.472 Y107.221 E416.99908
G1 X106.743 Y107.508 E417.00844
G1 X106.813 Y107.769 E417.01484
G1 X106.814 Y108.217 E417.02546
G1 X106.741 Y108.431 E417.03082
G1 X106.472 Y108.719 E417.04016
G1 X106.742 Y109.008 E417.04953
G1 X106.813 Y109.266 E417.05587
G1 X106.812 Y109.661 E417.06523
G1 X106.74 Y109.929 E417.07181
G1 X106.47 Y110.218 E417.08118
G1 X106.741 Y110.508 E417.09058
G1 X106.813 Y110.778 E417.09721
G1 X106.808 Y111.143 E417.10586
G1 X106.744 Y111.371 E417.11147
G1 X106.534 Y111.633 E417.11943
G1 X106.445 Y111.69 E417.12193
G1 X106.534 Y111.755 E417.12454
G1 X106.743 Y112.017 E417.13248
G1 X106.807 Y112.254 E417.1383
G1 X106.822 Y112.662 E417.14798
G1 X106.744 Y112.885 E417.15358
G1 X106.471 Y113.173 E417.16298
G1 X106.739 Y113.463 E417.17234
G1 X106.807 Y113.709 E417.17839
G1 X106.818 Y114.089 E417.18739
G1 X106.746 Y114.382 E417.19454
G1 X106.476 Y114.672 E417.20393
G1 X106.744 Y114.961 E417.21328
G1 X106.814 Y115.22 E417.21963
G1 X106.813 Y115.629 E417.22933
G1 X106.743 Y115.884 E417.23559
G1 X106.472 Y116.171 E417.24495
G1 X106.743 Y116.458 E417.2543
G1 X106.813 Y116.719 E417.2607
G1 X106.814 Y117.13 E417.27044
G1 X106.738 Y117.387 E417.2768
G1 X106.472 Y117.669 E417.28598
G1 X106.739 Y117.952 E417.2952
G1 X106.814 Y118.277 E417.30311
G1 X106.811 Y118.688 E417.31285
G1 X106.746 Y118.868 E417.31738
G1 X106.47 Y119.168 E417.32704
G1 X106.747 Y119.469 E417.33674
G1 X106.815 Y119.653 E417.34138
G1 X106.811 Y120.076 E417.35141
G1 X106.575 Y120.598 E417.36498
G1 X106.479 Y120.669 E417.36781
G1 X106.591 Y120.765 E417.37131
G1 X113.219 Y120.765 E417.52838
G1 X113.185 Y120.677 E417.53061
G1 X113.185 Y120.381 E417.53763
G1 X113.231 Y120.126 E417.54377
G1 X113.293 Y120.003 E417.54703
G1 X113.529 Y119.777 E417.55478
G1 X113.295 Y119.55 E417.5625
G1 X113.19 Y119.199 E417.57119
G1 X113.177 Y118.791 E417.58086
G1 X113.277 Y118.526 E417.58757
G1 X113.527 Y118.278 E417.59592
G1 X113.279 Y118.029 E417.60424
G1 X113.186 Y117.765 E417.61088
G1 X113.189 Y117.327 E417.62126
G1 X113.259 Y117.069 E417.62759
G1 X113.53 Y116.78 E417.63698
G1 X113.259 Y116.491 E417.64637
G1 X113.189 Y116.233 E417.65271
G1 X113.188 Y115.824 E417.6624
G1 X113.259 Y115.565 E417.66876
G1 X113.532 Y115.277 E417.67817
G1 X113.261 Y114.989 E417.68754
G1 X113.192 Y114.734 E417.6938
G1 X113.189 Y114.346 E417.70299
G1 X113.261 Y114.07 E417.70975
G1 X113.532 Y113.779 E417.71918
G1 X113.262 Y113.489 E417.72857
G1 X113.192 Y113.223 E417.73508
G1 X113.19 Y112.843 E417.74409
G1 X113.262 Y112.57 E417.75078
G1 X113.532 Y112.28 E417.76017
G1 X113.261 Y111.99 E417.76958
G1 X113.19 Y111.729 E417.77599
G1 X113.188 Y111.372 E417.78445
G1 X113.259 Y111.115 E417.79076
G1 X113.53 Y110.826 E417.80015
G1 X113.261 Y110.538 E417.80949
G1 X113.192 Y110.292 E417.81555
G1 X113.182 Y109.881 E417.82529
G1 X113.255 Y109.617 E417.83178
G1 X113.528 Y109.328 E417.8412
G1 X113.258 Y109.037 E417.85061
G1 X113.188 Y108.781 E417.8569
G1 X113.189 Y108.377 E417.86647
G1 X113.259 Y108.119 E417.87281
G1 X113.53 Y107.83 E417.8822
G1 X113.259 Y107.541 E417.89158
G1 X113.189 Y107.283 E417.89792
G1 X113.188 Y106.874 E417.90761
G1 X113.259 Y106.615 E417.91398
G1 X113.532 Y106.327 E417.92338
G1 X113.261 Y106.039 E417.93275
G1 X113.192 Y105.784 E417.93901
G1 X113.189 Y105.396 E417.94821
G1 X113.261 Y105.12 E417.95497
G1 X113.532 Y104.829 E417.96439
G1 X113.262 Y104.539 E417.97378
G1 X113.192 Y104.273 E417.9803
G1 X113.19 Y103.894 E417.98928
G1 X113.262 Y103.62 E417.99599
G1 X113.532 Y103.33 E418.00538
G1 X113.261 Y103.04 E418.01479
G1 X113.19 Y102.775 E418.02129
G1 X113.184 Y102.326 E418.03193
G1 X113.263 Y102.104 E418.03752
G1 X113.433 Y101.872 E418.04433
G1 X113.814 Y101.665 E418.05461
G1 X113.733 Y101.519 E418.05856
G1 X113.772 Y101.305 E418.06372
G1 X113.891 Y101.084 E418.06967
G1 X114.123 Y100.893 E418.07679
G1 F1800 E416.07679
G0 F9000 X114.123 Y100.595
G0 X113.754 Y100.664
G0 X113.024 Y101.922
G0 X112.968 Y102.763
G1 F900 E418.07679
G0 F9000 X113.469 Y102.757
;TYPE:WALL-OUTER
G1 F1066.7 X113.464 Y102.364 E418.08536
G1 X113.613 Y102.093 E418.0921
G1 X114.161 Y101.795 E418.1057
G1 X114.013 Y101.528 E418.11236
G1 X114.11 Y101.258 E418.11861
G1 X114.251 Y101.142 E418.12259
G1 X114.391 Y101.095 E418.12581
G1 X121.084 Y101.095 E418.27173
G1 X121.075 Y98.955 E418.31839
G1 X98.912 Y98.955 E418.80159
G1 X98.913 Y101.095 E418.84824
G1 X105.597 Y101.095 E418.99397
G1 X105.814 Y101.153 E418.99886
G1 X106.323 Y101.449 E419.0117
G1 X106.458 Y101.572 E419.01568
G1 X106.538 Y101.742 E419.01978
G1 X106.53 Y102.159 E419.02887
G1 X106.488 Y102.308 E419.03225
G1 X106.316 Y102.492 E419.03774
G1 X105.908 Y102.713 E419.04786
G1 X106.315 Y102.95 E419.05812
G1 X106.486 Y103.133 E419.06358
G1 X106.525 Y103.262 E419.06652
G1 X106.538 Y103.629 E419.07453
G1 X106.493 Y103.81 E419.07859
G1 X106.319 Y103.993 E419.0841
G1 X105.912 Y104.215 E419.09421
G1 X106.316 Y104.449 E419.10439
G1 X106.487 Y104.635 E419.1099
G1 X106.528 Y104.783 E419.11324
G1 X106.537 Y105.156 E419.12138
G1 X106.495 Y105.309 E419.12484
G1 X106.324 Y105.491 E419.13028
G1 X105.914 Y105.713 E419.14045
G1 X106.323 Y105.951 E419.15076
G1 X106.492 Y106.134 E419.15619
G1 X106.536 Y106.321 E419.16038
G1 X106.534 Y106.656 E419.16769
G1 X106.492 Y106.81 E419.17117
G1 X106.318 Y106.994 E419.17669
G1 X105.91 Y107.215 E419.1868
G1 X106.318 Y107.448 E419.19705
G1 X106.491 Y107.632 E419.20255
G1 X106.535 Y107.823 E419.20683
G1 X106.534 Y108.178 E419.21457
G1 X106.49 Y108.308 E419.21756
G1 X106.318 Y108.492 E419.22305
G1 X105.911 Y108.715 E419.23317
G1 X106.319 Y108.948 E419.24341
G1 X106.49 Y109.132 E419.24889
G1 X106.53 Y109.256 E419.25173
G1 X106.532 Y109.644 E419.26019
G1 X106.489 Y109.807 E419.26386
G1 X106.317 Y109.991 E419.26936
G1 X105.909 Y110.215 E419.2795
G1 X106.318 Y110.448 E419.28977
G1 X106.49 Y110.631 E419.29524
G1 X106.534 Y110.795 E419.29894
G1 X106.532 Y111.131 E419.30627
G1 X106.49 Y111.252 E419.30906
G1 X106.354 Y111.422 E419.31381
G1 X105.908 Y111.664 E419.32487
G1 X106.108 Y111.782 E419.32993
G1 X106.363 Y111.978 E419.33694
G1 X106.523 Y112.177 E419.34251
G1 X106.539 Y112.579 E419.35128
G1 X106.493 Y112.76 E419.35535
G1 X106.319 Y112.943 E419.36086
G1 X105.912 Y113.165 E419.37097
G1 X106.316 Y113.399 E419.38115
G1 X106.487 Y113.585 E419.38666
G1 X106.528 Y113.733 E419.39
G1 X106.537 Y114.106 E419.39814
G1 X106.495 Y114.259 E419.4016
G1 X106.324 Y114.441 E419.40704
G1 X105.914 Y114.663 E419.41721
G1 X106.323 Y114.901 E419.42752
G1 X106.492 Y115.084 E419.43295
G1 X106.536 Y115.271 E419.43714
G1 X106.534 Y115.606 E419.44445
G1 X106.492 Y115.76 E419.44793
G1 X106.318 Y115.944 E419.45345
G1 X105.91 Y116.165 E419.46356
G1 X106.318 Y116.398 E419.47381
G1 X106.491 Y116.582 E419.47931
G1 X106.535 Y116.773 E419.48359
G1 X106.534 Y117.131 E419.49139
G1 X106.488 Y117.262 E419.49442
G1 X106.318 Y117.442 E419.49982
G1 X105.911 Y117.665 E419.50994
G1 X106.319 Y117.898 E419.52018
G1 X106.489 Y118.078 E419.52558
G1 X106.529 Y118.203 E419.52844
G1 X106.532 Y118.571 E419.53646
G1 X106.492 Y118.75 E419.54046
G1 X106.317 Y118.941 E419.54611
G1 X105.909 Y119.165 E419.55626
G1 X106.318 Y119.398 E419.56652
G1 X106.494 Y119.589 E419.57218
G1 X106.534 Y119.777 E419.57637
G1 X106.531 Y120.073 E419.58283
G1 X106.381 Y120.406 E419.59079
G1 X105.99 Y120.618 E419.60048
G1 X106.228 Y120.844 E419.60764
G1 X106.389 Y120.949 E419.61183
G1 X106.45 Y121.045 E419.61431
G1 X113.566 Y121.045 E419.76945
G1 X113.598 Y121.015 E419.77041
G1 X113.465 Y120.677 E419.77833
G1 X113.465 Y120.381 E419.78478
G1 X113.53 Y120.152 E419.78997
G1 X113.682 Y120.006 E419.79457
G1 X114.092 Y119.785 E419.80472
G1 X113.684 Y119.55 E419.81499
G1 X113.533 Y119.403 E419.81958
G1 X113.47 Y119.191 E419.8244
G1 X113.458 Y118.814 E419.83263
G1 X113.519 Y118.667 E419.8361
G1 X113.678 Y118.509 E419.84098
G1 X114.091 Y118.287 E419.85121
G1 X113.681 Y118.05 E419.86153
G1 X113.523 Y117.89 E419.86643
G1 X113.467 Y117.677 E419.87124
G1 X113.468 Y117.348 E419.87841
G1 X113.51 Y117.192 E419.88193
G1 X113.682 Y117.009 E419.88741
G1 X114.089 Y116.785 E419.89754
G1 X113.682 Y116.551 E419.90777
G1 X113.51 Y116.367 E419.91326
G1 X113.468 Y116.211 E419.91678
G1 X113.467 Y115.846 E419.92474
G1 X113.51 Y115.689 E419.92829
G1 X113.684 Y115.506 E419.9338
G1 X114.09 Y115.283 E419.9439
G1 X113.686 Y115.051 E419.95405
G1 X113.513 Y114.866 E419.95957
G1 X113.475 Y114.743 E419.96238
G1 X113.469 Y114.361 E419.97071
G1 X113.512 Y114.194 E419.97447
G1 X113.683 Y114.011 E419.97993
G1 X114.089 Y113.786 E419.99005
G1 X113.683 Y113.55 E420.00029
G1 X113.514 Y113.367 E420.00572
G1 X113.471 Y113.206 E420.00935
G1 X113.47 Y112.859 E420.01692
G1 X113.513 Y112.693 E420.02066
G1 X113.684 Y112.51 E420.02612
G1 X114.094 Y112.286 E420.0363
G1 X113.683 Y112.05 E420.04664
G1 X113.512 Y111.867 E420.0521
G1 X113.472 Y111.734 E420.05512
G1 X113.467 Y111.395 E420.06252
G1 X113.51 Y111.239 E420.06604
G1 X113.683 Y111.055 E420.07155
G1 X114.092 Y110.834 E420.08169
G1 X113.685 Y110.6 E420.09192
G1 X113.513 Y110.415 E420.09743
G1 X113.474 Y110.292 E420.10024
G1 X113.459 Y109.874 E420.10936
G1 X113.505 Y109.742 E420.11241
G1 X113.678 Y109.559 E420.1179
G1 X114.091 Y109.337 E420.12812
G1 X113.681 Y109.1 E420.13845
G1 X113.51 Y108.915 E420.14394
G1 X113.468 Y108.76 E420.14744
G1 X113.468 Y108.398 E420.15533
G1 X113.51 Y108.242 E420.15885
G1 X113.682 Y108.059 E420.16433
G1 X114.089 Y107.835 E420.17446
G1 X113.682 Y107.601 E420.18469
G1 X113.51 Y107.417 E420.19019
G1 X113.468 Y107.261 E420.19371
G1 X113.467 Y106.896 E420.20167
G1 X113.51 Y106.739 E420.20521
G1 X113.684 Y106.556 E420.21072
G1 X114.09 Y106.333 E420.22082
G1 X113.686 Y106.101 E420.23098
G1 X113.513 Y105.916 E420.2365
G1 X113.475 Y105.793 E420.2393
G1 X113.469 Y105.411 E420.24763
G1 X113.512 Y105.244 E420.25139
G1 X113.683 Y105.061 E420.25685
G1 X114.089 Y104.836 E420.26697
G1 X113.683 Y104.6 E420.27721
G1 X113.514 Y104.417 E420.28264
G1 X113.471 Y104.256 E420.28628
G1 X113.47 Y103.909 E420.29384
G1 X113.513 Y103.743 E420.29758
G1 X113.684 Y103.56 E420.30304
G1 X114.094 Y103.336 E420.31323
G1 X113.683 Y103.1 E420.32356
G1 X113.512 Y102.917 E420.32902
G1 X113.469 Y102.757 E420.33263
G0 F9000 X113.467 Y102.557
G0 X112.566 Y102.568
;MESH:NONMESH
G0 F600 X112.566 Y102.568 Z4.84
G0 F9000 X106.96 Y120.583
G0 X106.515 Y120.678
;TIME_ELAPSED:547.036051
;LAYER:38
;TYPE:WALL-INNER
;MESH:belt_holder_screw.stl
G1 F1398.9 X106.619 Y120.765 E420.33585
G1 X113.189 Y120.764 E420.49154
G1 X113.153 Y120.67 E420.49393
G1 X113.153 Y120.374 E420.50094
G1 X113.198 Y120.122 E420.50701
G1 X113.259 Y119.998 E420.51028
G1 X113.495 Y119.772 E420.51803
G1 X113.259 Y119.546 E420.52577
G1 X113.153 Y119.19 E420.53457
G1 X113.142 Y118.78 E420.54429
G1 X113.24 Y118.519 E420.5509
G1 X113.489 Y118.271 E420.55923
G1 X113.241 Y118.023 E420.56754
G1 X113.146 Y117.763 E420.5741
G1 X113.155 Y117.324 E420.5845
G1 X113.225 Y117.063 E420.59091
G1 X113.493 Y116.775 E420.60023
G1 X113.222 Y116.488 E420.60958
G1 X113.15 Y116.226 E420.61602
G1 X113.155 Y115.819 E420.62567
G1 X113.226 Y115.559 E420.63206
G1 X113.496 Y115.272 E420.64139
G1 X113.226 Y114.985 E420.65073
G1 X113.155 Y114.73 E420.657
G1 X113.151 Y114.319 E420.66674
G1 X113.223 Y114.06 E420.67311
G1 X113.493 Y113.771 E420.68249
G1 X113.224 Y113.483 E420.69183
G1 X113.155 Y113.229 E420.69806
G1 X113.147 Y112.791 E420.70845
G1 X113.223 Y112.556 E420.7143
G1 X113.493 Y112.271 E420.7236
G1 X113.225 Y111.986 E420.73287
G1 X113.155 Y111.732 E420.73912
G1 X113.153 Y111.351 E420.74815
G1 X113.226 Y111.109 E420.75414
G1 X113.496 Y110.822 E420.76347
G1 X113.226 Y110.535 E420.77281
G1 X113.155 Y110.283 E420.77902
G1 X113.146 Y109.877 E420.78864
G1 X113.219 Y109.608 E420.79524
G1 X113.49 Y109.321 E420.8046
G1 X113.22 Y109.034 E420.81394
G1 X113.15 Y108.775 E420.82029
G1 X113.155 Y108.374 E420.8298
G1 X113.225 Y108.113 E420.8362
G1 X113.493 Y107.825 E420.84552
G1 X113.222 Y107.538 E420.85488
G1 X113.15 Y107.276 E420.86132
G1 X113.155 Y106.869 E420.87096
G1 X113.226 Y106.609 E420.87735
G1 X113.496 Y106.322 E420.88669
G1 X113.226 Y106.035 E420.89603
G1 X113.155 Y105.78 E420.9023
G1 X113.151 Y105.369 E420.91204
G1 X113.223 Y105.11 E420.91841
G1 X113.493 Y104.821 E420.92778
G1 X113.224 Y104.533 E420.93712
G1 X113.155 Y104.279 E420.94336
G1 X113.151 Y103.866 E420.95315
G1 X113.221 Y103.61 E420.95944
G1 X113.49 Y103.324 E420.96874
G1 X113.22 Y103.036 E420.9781
G1 X113.149 Y102.778 E420.98444
G1 X113.154 Y102.307 E420.9956
G1 X113.236 Y102.089 E421.00112
G1 X113.455 Y101.838 E421.00901
G1 X113.791 Y101.655 E421.01808
G1 X113.709 Y101.505 E421.02213
G1 X113.75 Y101.299 E421.02711
G1 X113.87 Y101.08 E421.03303
G1 X114.102 Y100.891 E421.04012
G1 X114.331 Y100.815 E421.04584
G1 X120.746 Y100.814 E421.19786
G1 X120.744 Y99.235 E421.23528
G1 X99.251 Y99.235 E421.74461
G1 X99.248 Y100.815 E421.78206
G1 X105.614 Y100.815 E421.93292
G1 X105.971 Y100.91 E421.94167
G1 X106.496 Y101.215 E421.95606
G1 X106.713 Y101.411 E421.96299
G1 X106.848 Y101.682 E421.97016
G1 X106.852 Y102.175 E421.98185
G1 X106.778 Y102.445 E421.98848
G1 X106.506 Y102.73 E421.99782
G1 X106.775 Y103.016 E422.00712
G1 X106.844 Y103.274 E422.01345
G1 X106.845 Y103.689 E422.02329
G1 X106.774 Y103.94 E422.02947
G1 X106.503 Y104.227 E422.03882
G1 X106.773 Y104.514 E422.04816
G1 X106.845 Y104.776 E422.0546
G1 X106.847 Y105.198 E422.0646
G1 X106.775 Y105.441 E422.07061
G1 X106.508 Y105.729 E422.07991
G1 X106.775 Y106.016 E422.0892
G1 X106.848 Y106.266 E422.09537
G1 X106.848 Y106.696 E422.10556
G1 X106.776 Y106.938 E422.11155
G1 X106.509 Y107.225 E422.12084
G1 X106.78 Y107.512 E422.13019
G1 X106.855 Y107.835 E422.13805
G1 X106.852 Y108.229 E422.14739
G1 X106.779 Y108.44 E422.15268
G1 X106.509 Y108.726 E422.162
G1 X106.78 Y109.013 E422.17135
G1 X106.855 Y109.326 E422.17898
G1 X106.845 Y109.729 E422.18853
G1 X106.778 Y109.941 E422.1938
G1 X106.508 Y110.227 E422.20312
G1 X106.778 Y110.513 E422.21244
G1 X106.849 Y110.779 E422.21897
G1 X106.853 Y111.07 E422.22586
G1 X106.782 Y111.384 E422.23349
G1 X106.521 Y111.704 E422.24328
G1 X106.779 Y112.026 E422.25306
G1 X106.847 Y112.315 E422.26009
G1 X106.845 Y112.639 E422.26777
G1 X106.774 Y112.89 E422.27395
G1 X106.503 Y113.177 E422.28331
G1 X106.773 Y113.464 E422.29264
G1 X106.845 Y113.726 E422.29908
G1 X106.847 Y114.148 E422.30908
G1 X106.775 Y114.391 E422.31509
G1 X106.508 Y114.679 E422.3244
G1 X106.775 Y114.966 E422.33369
G1 X106.848 Y115.216 E422.33986
G1 X106.848 Y115.646 E422.35005
G1 X106.776 Y115.888 E422.35603
G1 X106.509 Y116.175 E422.36532
G1 X106.78 Y116.462 E422.37468
G1 X106.855 Y116.785 E422.38253
G1 X106.853 Y117.151 E422.39121
G1 X106.777 Y117.394 E422.39724
G1 X106.509 Y117.676 E422.40646
G1 X106.778 Y117.959 E422.41571
G1 X106.855 Y118.151 E422.42061
G1 X106.85 Y118.696 E422.43353
G1 X106.785 Y118.875 E422.43804
G1 X106.51 Y119.176 E422.44771
G1 X106.787 Y119.477 E422.4574
G1 X106.857 Y119.665 E422.46215
G1 X106.851 Y120.085 E422.47211
G1 X106.605 Y120.613 E422.48591
G1 X106.515 Y120.678 E422.48854
G1 F1800 E420.48854
G0 F9000 X106.926 Y120.622
G0 X106.997 Y101.327
G0 X106.756 Y101.113
G1 F900 E422.48854
G0 F9000 X106.487 Y101.576
;TYPE:WALL-OUTER
G1 F1076.1 X106.569 Y101.741 E422.49256
G1 X106.57 Y102.184 E422.50222
G1 X106.528 Y102.32 E422.50532
G1 X106.353 Y102.502 E422.51083
G1 X105.943 Y102.723 E422.52098
G1 X106.35 Y102.955 E422.53119
G1 X106.523 Y103.14 E422.53672
G1 X106.565 Y103.262 E422.53953
G1 X106.566 Y103.664 E422.54829
G1 X106.523 Y103.815 E422.55172
G1 X106.35 Y103.999 E422.55722
G1 X105.944 Y104.223 E422.56733
G1 X106.35 Y104.455 E422.57753
G1 X106.522 Y104.638 E422.583
G1 X106.567 Y104.827 E422.58724
G1 X106.566 Y105.167 E422.59465
G1 X106.524 Y105.317 E422.59805
G1 X106.355 Y105.499 E422.60346
G1 X105.947 Y105.719 E422.61357
G1 X106.355 Y105.958 E422.62388
G1 X106.524 Y106.14 E422.62929
G1 X106.568 Y106.33 E422.63354
G1 X106.567 Y106.653 E422.64059
G1 X106.524 Y106.815 E422.64424
G1 X106.355 Y106.998 E422.64967
G1 X105.946 Y107.22 E422.65982
G1 X106.358 Y107.456 E422.67017
G1 X106.529 Y107.637 E422.6756
G1 X106.575 Y107.833 E422.67999
G1 X106.572 Y108.151 E422.68692
G1 X106.528 Y108.316 E422.69064
G1 X106.356 Y108.5 E422.69613
G1 X105.945 Y108.723 E422.70633
G1 X106.356 Y108.955 E422.71662
G1 X106.529 Y109.138 E422.72211
G1 X106.576 Y109.272 E422.7252
G1 X106.566 Y109.692 E422.73436
G1 X106.527 Y109.816 E422.7372
G1 X106.355 Y110 E422.74269
G1 X105.947 Y110.222 E422.75282
G1 X106.354 Y110.454 E422.76303
G1 X106.526 Y110.637 E422.76851
G1 X106.567 Y110.772 E422.77158
G1 X106.574 Y111.126 E422.7793
G1 X106.53 Y111.263 E422.78244
G1 X106.402 Y111.42 E422.78685
G1 X105.968 Y111.66 E422.79767
G1 X106.399 Y111.987 E422.80946
G1 X106.526 Y112.145 E422.81388
G1 X106.567 Y112.32 E422.8178
G1 X106.566 Y112.614 E422.82421
G1 X106.523 Y112.765 E422.82763
G1 X106.35 Y112.949 E422.83314
G1 X105.944 Y113.173 E422.84325
G1 X106.35 Y113.405 E422.85344
G1 X106.522 Y113.588 E422.85892
G1 X106.567 Y113.777 E422.86316
G1 X106.566 Y114.117 E422.87057
G1 X106.524 Y114.267 E422.87396
G1 X106.355 Y114.449 E422.87938
G1 X105.947 Y114.669 E422.88948
G1 X106.355 Y114.908 E422.89979
G1 X106.524 Y115.09 E422.90521
G1 X106.568 Y115.28 E422.90946
G1 X106.567 Y115.603 E422.9165
G1 X106.524 Y115.765 E422.92016
G1 X106.355 Y115.948 E422.92559
G1 X105.946 Y116.17 E422.93573
G1 X106.358 Y116.406 E422.94609
G1 X106.529 Y116.587 E422.95151
G1 X106.575 Y116.783 E422.9559
G1 X106.572 Y117.141 E422.96371
G1 X106.527 Y117.269 E422.96667
G1 X106.356 Y117.45 E422.9721
G1 X105.945 Y117.673 E422.98229
G1 X106.356 Y117.905 E422.99258
G1 X106.528 Y118.085 E422.99801
G1 X106.569 Y118.211 E423.0009
G1 X106.571 Y118.58 E423.00894
G1 X106.532 Y118.757 E423.01289
G1 X106.358 Y118.947 E423.01851
G1 X105.947 Y119.172 E423.02873
G1 X106.359 Y119.407 E423.03907
G1 X106.534 Y119.597 E423.0447
G1 X106.575 Y119.787 E423.04894
G1 X106.571 Y120.081 E423.05535
G1 X106.415 Y120.416 E423.0634
G1 X106.03 Y120.625 E423.07295
G1 X106.272 Y120.858 E423.08028
G1 X106.421 Y120.955 E423.08415
G1 X106.484 Y121.045 E423.08655
G1 X113.524 Y121.044 E423.24004
G1 X113.583 Y120.991 E423.24176
G1 X113.542 Y120.958 E423.24291
G1 X113.433 Y120.67 E423.24963
G1 X113.433 Y120.374 E423.25608
G1 X113.497 Y120.146 E423.26124
G1 X113.649 Y120 E423.26584
G1 X114.06 Y119.778 E423.27602
G1 X113.649 Y119.544 E423.28633
G1 X113.497 Y119.398 E423.29093
G1 X113.433 Y119.182 E423.29584
G1 X113.423 Y118.818 E423.30378
G1 X113.482 Y118.66 E423.30746
G1 X113.642 Y118.501 E423.31237
G1 X114.056 Y118.279 E423.32262
G1 X113.643 Y118.044 E423.33297
G1 X113.484 Y117.884 E423.33789
G1 X113.426 Y117.726 E423.34156
G1 X113.438 Y117.31 E423.35064
G1 X113.477 Y117.186 E423.35347
G1 X113.646 Y117.003 E423.3589
G1 X114.058 Y116.78 E423.36911
G1 X113.644 Y116.544 E423.3795
G1 X113.473 Y116.363 E423.38493
G1 X113.429 Y116.237 E423.38784
G1 X113.434 Y115.84 E423.3965
G1 X113.477 Y115.683 E423.40005
G1 X113.649 Y115.5 E423.40552
G1 X114.057 Y115.277 E423.41566
G1 X113.649 Y115.044 E423.4259
G1 X113.477 Y114.861 E423.43138
G1 X113.434 Y114.707 E423.43486
G1 X113.43 Y114.31 E423.44352
G1 X113.473 Y114.185 E423.4464
G1 X113.644 Y114.003 E423.45185
G1 X114.053 Y113.779 E423.46201
G1 X113.646 Y113.542 E423.47228
G1 X113.476 Y113.36 E423.47771
G1 X113.437 Y113.236 E423.48055
G1 X113.43 Y112.838 E423.48922
G1 X113.474 Y112.682 E423.49276
G1 X113.648 Y112.498 E423.49828
G1 X114.056 Y112.278 E423.50839
G1 X113.649 Y112.047 E423.51859
G1 X113.476 Y111.863 E423.52409
G1 X113.437 Y111.739 E423.52693
G1 X113.435 Y111.381 E423.53473
G1 X113.477 Y111.233 E423.53809
G1 X113.649 Y111.05 E423.54356
G1 X114.059 Y110.828 E423.55373
G1 X113.649 Y110.594 E423.56402
G1 X113.477 Y110.411 E423.5695
G1 X113.437 Y110.284 E423.5724
G1 X113.425 Y109.896 E423.58086
G1 X113.469 Y109.733 E423.58454
G1 X113.642 Y109.551 E423.59002
G1 X114.056 Y109.329 E423.60026
G1 X113.643 Y109.094 E423.61062
G1 X113.472 Y108.91 E423.6161
G1 X113.426 Y108.769 E423.61933
G1 X113.438 Y108.36 E423.62825
G1 X113.477 Y108.236 E423.63108
G1 X113.646 Y108.053 E423.63652
G1 X114.058 Y107.83 E423.64673
G1 X113.644 Y107.594 E423.65712
G1 X113.473 Y107.413 E423.66255
G1 X113.429 Y107.287 E423.66546
G1 X113.434 Y106.89 E423.67411
G1 X113.477 Y106.733 E423.67766
G1 X113.649 Y106.55 E423.68314
G1 X114.057 Y106.327 E423.69328
G1 X113.649 Y106.094 E423.70352
G1 X113.477 Y105.911 E423.70899
G1 X113.434 Y105.757 E423.71248
G1 X113.43 Y105.36 E423.72114
G1 X113.473 Y105.235 E423.72402
G1 X113.644 Y105.053 E423.72946
G1 X114.053 Y104.829 E423.73963
G1 X113.646 Y104.592 E423.7499
G1 X113.476 Y104.41 E423.75533
G1 X113.437 Y104.286 E423.75816
G1 X113.433 Y103.858 E423.76749
G1 X113.473 Y103.734 E423.77033
G1 X113.644 Y103.551 E423.77579
G1 X114.056 Y103.329 E423.786
G1 X113.643 Y103.095 E423.79635
G1 X113.471 Y102.912 E423.80182
G1 X113.428 Y102.755 E423.80537
G1 X113.434 Y102.351 E423.81418
G1 X113.585 Y102.085 E423.82085
G1 X114.135 Y101.787 E423.83449
G1 X113.989 Y101.519 E423.84114
G1 X114.088 Y101.255 E423.84729
G1 X114.229 Y101.141 E423.85124
G1 X114.367 Y101.095 E423.85441
G1 X121.026 Y101.094 E423.99959
G1 X121.029 Y100.02 E424.02301
G1 X121.022 Y98.955 E424.04623
G1 X98.971 Y98.955 E424.52698
G1 X98.968 Y101.095 E424.57364
G1 X105.614 Y101.095 E424.71854
G1 X105.831 Y101.153 E424.72343
G1 X106.355 Y101.457 E424.73664
G1 X106.487 Y101.576 E424.74052
G0 F9000 X106.569 Y101.741
G0 X106.569 Y101.757
G0 X107.469 Y101.746
;MESH:NONMESH
G0 F600 X107.469 Y101.746 Z4.96
G0 F9000 X112.936 Y102.303
G0 X113.103 Y102.307
;TIME_ELAPSED:558.050852
;LAYER:39
;TYPE:WALL-INNER
;MESH:belt_holder_screw.stl
G1 F3022.8 X113.189 Y102.083 E424.7462
G1 X113.353 Y101.87 E424.75257
G1 X113.759 Y101.645 E424.76357
G1 X113.675 Y101.49 E424.76775
G1 X113.716 Y101.294 E424.77249
G1 X113.837 Y101.076 E424.7784
G1 X114.068 Y100.89 E424.78543
G1 X114.295 Y100.815 E424.7911
G1 X120.685 Y100.814 E424.94253
G1 X120.686 Y99.236 E424.97992
G1 X99.31 Y99.235 E425.48649
G1 X99.31 Y100.025 E425.50521
G1 X99.311 Y100.815 E425.52393
G1 X105.632 Y100.815 E425.67372
G1 X105.982 Y100.906 E425.68229
G1 X106.534 Y101.218 E425.69732
G1 X106.757 Y101.415 E425.70437
G1 X106.894 Y101.689 E425.71163
G1 X106.898 Y102.17 E425.72303
G1 X106.822 Y102.452 E425.72995
G1 X106.548 Y102.736 E425.7393
G1 X106.819 Y103.02 E425.74861
G1 X106.891 Y103.283 E425.75507
G1 X106.892 Y103.686 E425.76462
G1 X106.819 Y103.952 E425.77115
G1 X106.55 Y104.236 E425.78042
G1 X106.819 Y104.52 E425.78969
G1 X106.894 Y104.833 E425.79732
G1 X106.89 Y105.186 E425.80569
G1 X106.819 Y105.448 E425.81212
G1 X106.551 Y105.734 E425.82141
G1 X106.819 Y106.021 E425.83071
G1 X106.891 Y106.276 E425.83699
G1 X106.898 Y106.698 E425.84699
G1 X106.822 Y106.947 E425.85316
G1 X106.549 Y107.234 E425.86255
G1 X106.821 Y107.519 E425.87189
G1 X106.896 Y107.767 E425.87803
G1 X106.889 Y108.192 E425.8881
G1 X106.818 Y108.449 E425.89442
G1 X106.549 Y108.733 E425.90369
G1 X106.82 Y109.017 E425.91299
G1 X106.893 Y109.278 E425.91941
G1 X106.889 Y109.684 E425.92904
G1 X106.818 Y109.947 E425.93549
G1 X106.551 Y110.233 E425.94476
G1 X106.821 Y110.517 E425.95405
G1 X106.894 Y110.778 E425.96047
G1 X106.891 Y111.147 E425.96922
G1 X106.825 Y111.391 E425.97521
G1 X106.62 Y111.646 E425.98296
G1 X106.527 Y111.705 E425.98557
G1 X106.62 Y111.776 E425.98834
G1 X106.825 Y112.031 E425.9961
G1 X106.893 Y112.324 E426.00322
G1 X106.892 Y112.636 E426.01062
G1 X106.819 Y112.902 E426.01716
G1 X106.55 Y113.186 E426.02643
G1 X106.819 Y113.47 E426.0357
G1 X106.894 Y113.783 E426.04332
G1 X106.89 Y114.136 E426.05169
G1 X106.819 Y114.398 E426.05812
G1 X106.551 Y114.684 E426.06741
G1 X106.819 Y114.971 E426.07672
G1 X106.891 Y115.226 E426.08299
G1 X106.898 Y115.648 E426.093
G1 X106.822 Y115.897 E426.09917
G1 X106.549 Y116.184 E426.10855
G1 X106.821 Y116.469 E426.11789
G1 X106.896 Y116.717 E426.12403
G1 X106.889 Y117.142 E426.1341
G1 X106.817 Y117.401 E426.14047
G1 X106.549 Y117.683 E426.14969
G1 X106.819 Y117.965 E426.15894
G1 X106.896 Y118.218 E426.16521
G1 X106.89 Y118.595 E426.17415
G1 X106.825 Y118.882 E426.18112
G1 X106.551 Y119.183 E426.19077
G1 X106.828 Y119.483 E426.20044
G1 X106.897 Y119.668 E426.20512
G1 X106.893 Y120.09 E426.21512
G1 X106.647 Y120.621 E426.22899
G1 X106.558 Y120.683 E426.23156
G1 X106.661 Y120.765 E426.23468
G1 X113.146 Y120.765 E426.38836
G1 X113.107 Y120.662 E426.39097
G1 X113.107 Y120.368 E426.39794
G1 X113.166 Y120.038 E426.40588
G1 X113.449 Y119.766 E426.41518
G1 X113.213 Y119.539 E426.42294
G1 X113.152 Y119.415 E426.42622
G1 X113.107 Y119.161 E426.43233
G1 X113.108 Y118.776 E426.44146
G1 X113.202 Y118.511 E426.44812
G1 X113.451 Y118.263 E426.45645
G1 X113.203 Y118.016 E426.46474
G1 X113.109 Y117.751 E426.47141
G1 X113.108 Y117.323 E426.48155
G1 X113.182 Y117.048 E426.4883
G1 X113.452 Y116.763 E426.4976
G1 X113.183 Y116.479 E426.50687
G1 X113.111 Y116.22 E426.51324
G1 X113.11 Y115.804 E426.5231
G1 X113.182 Y115.55 E426.52936
G1 X113.451 Y115.265 E426.53864
G1 X113.182 Y114.98 E426.54793
G1 X113.107 Y114.736 E426.55398
G1 X113.108 Y114.318 E426.56388
G1 X113.181 Y114.052 E426.57042
G1 X113.451 Y113.766 E426.57974
G1 X113.181 Y113.48 E426.58906
G1 X113.109 Y113.221 E426.59543
G1 X113.108 Y112.815 E426.60505
G1 X113.181 Y112.55 E426.61157
G1 X113.452 Y112.267 E426.62085
G1 X113.181 Y111.984 E426.63014
G1 X113.109 Y111.726 E426.63649
G1 X113.108 Y111.364 E426.64507
G1 X113.181 Y111.1 E426.65156
G1 X113.45 Y110.816 E426.66083
G1 X113.181 Y110.532 E426.6701
G1 X113.109 Y110.271 E426.67651
G1 X113.109 Y109.875 E426.6859
G1 X113.182 Y109.598 E426.69269
G1 X113.452 Y109.313 E426.70199
G1 X113.183 Y109.029 E426.71126
G1 X113.111 Y108.77 E426.71763
G1 X113.108 Y108.373 E426.72704
G1 X113.182 Y108.098 E426.73379
G1 X113.452 Y107.813 E426.74309
G1 X113.183 Y107.529 E426.75236
G1 X113.111 Y107.27 E426.75873
G1 X113.11 Y106.854 E426.76859
G1 X113.182 Y106.6 E426.77485
G1 X113.451 Y106.315 E426.78413
G1 X113.182 Y106.03 E426.79342
G1 X113.107 Y105.786 E426.79947
G1 X113.108 Y105.368 E426.80937
G1 X113.181 Y105.102 E426.81591
G1 X113.451 Y104.816 E426.82523
G1 X113.181 Y104.53 E426.83455
G1 X113.109 Y104.271 E426.84092
G1 X113.108 Y103.865 E426.85054
G1 X113.18 Y103.603 E426.85698
G1 X113.448 Y103.318 E426.86625
G1 X113.177 Y103.034 E426.87556
G1 X113.103 Y102.774 E426.88196
G1 X113.103 Y102.307 E426.89303
G1 F1800 E424.89303
G0 F9000 X112.884 Y102.306
G0 X106.796 Y101.113
G1 F900 E426.89303
G0 F9000 X106.532 Y101.581
;TYPE:WALL-OUTER
G1 F2325.2 X106.614 Y101.748 E426.89709
G1 X106.618 Y102.154 E426.90594
G1 X106.572 Y102.325 E426.9098
G1 X106.397 Y102.506 E426.91529
G1 X105.979 Y102.727 E426.9256
G1 X106.395 Y102.963 E426.93602
G1 X106.569 Y103.145 E426.94151
G1 X106.612 Y103.304 E426.9451
G1 X106.612 Y103.666 E426.953
G1 X106.568 Y103.826 E426.95662
G1 X106.396 Y104.009 E426.96209
G1 X105.987 Y104.232 E426.97225
G1 X106.396 Y104.463 E426.98249
G1 X106.568 Y104.645 E426.98795
G1 X106.614 Y104.835 E426.99221
G1 X106.611 Y105.165 E426.9994
G1 X106.568 Y105.324 E427.003
G1 X106.399 Y105.505 E427.00839
G1 X105.985 Y105.725 E427.01862
G1 X106.399 Y105.965 E427.02905
G1 X106.568 Y106.146 E427.03445
G1 X106.612 Y106.269 E427.0373
G1 X106.616 Y106.662 E427.04586
G1 X106.572 Y106.821 E427.04946
G1 X106.399 Y107.002 E427.05492
G1 X105.983 Y107.226 E427.06522
G1 X106.399 Y107.463 E427.07566
G1 X106.57 Y107.644 E427.08109
G1 X106.614 Y107.801 E427.08464
G1 X106.61 Y108.169 E427.09267
G1 X106.567 Y108.325 E427.09619
G1 X106.395 Y108.507 E427.10165
G1 X105.985 Y108.73 E427.11183
G1 X106.397 Y108.962 E427.12214
G1 X106.57 Y109.143 E427.1276
G1 X106.616 Y109.345 E427.13211
G1 X106.609 Y109.664 E427.13907
G1 X106.567 Y109.823 E427.14266
G1 X106.398 Y110.005 E427.14807
G1 X105.987 Y110.228 E427.15826
G1 X106.4 Y110.464 E427.16864
G1 X106.571 Y110.644 E427.17405
G1 X106.615 Y110.801 E427.1776
G1 X106.612 Y111.122 E427.1846
G1 X106.572 Y111.27 E427.18794
G1 X106.438 Y111.437 E427.19261
G1 X105.978 Y111.677 E427.20392
G1 X106.21 Y111.812 E427.20978
G1 X106.448 Y111.997 E427.21635
G1 X106.572 Y112.151 E427.22066
G1 X106.612 Y112.297 E427.22396
G1 X106.612 Y112.616 E427.23091
G1 X106.568 Y112.776 E427.23453
G1 X106.396 Y112.959 E427.24001
G1 X105.987 Y113.182 E427.25016
G1 X106.396 Y113.413 E427.2604
G1 X106.568 Y113.595 E427.26586
G1 X106.614 Y113.785 E427.27013
G1 X106.611 Y114.115 E427.27732
G1 X106.568 Y114.274 E427.28091
G1 X106.399 Y114.455 E427.28631
G1 X105.985 Y114.675 E427.29653
G1 X106.399 Y114.915 E427.30697
G1 X106.568 Y115.096 E427.31236
G1 X106.612 Y115.219 E427.31521
G1 X106.616 Y115.612 E427.32378
G1 X106.572 Y115.771 E427.32738
G1 X106.399 Y115.952 E427.33284
G1 X105.983 Y116.176 E427.34314
G1 X106.399 Y116.413 E427.35358
G1 X106.57 Y116.594 E427.359
G1 X106.614 Y116.751 E427.36256
G1 X106.61 Y117.119 E427.37058
G1 X106.566 Y117.276 E427.37414
G1 X106.395 Y117.457 E427.37957
G1 X105.985 Y117.68 E427.38974
G1 X106.397 Y117.912 E427.40005
G1 X106.569 Y118.092 E427.40548
G1 X106.61 Y118.217 E427.40835
G1 X106.61 Y118.591 E427.4165
G1 X106.571 Y118.764 E427.42037
G1 X106.398 Y118.955 E427.42599
G1 X105.987 Y119.178 E427.43618
G1 X106.4 Y119.414 E427.44655
G1 X106.575 Y119.603 E427.45217
G1 X106.616 Y119.793 E427.4564
G1 X106.613 Y120.087 E427.46281
G1 X106.457 Y120.425 E427.47093
G1 X106.074 Y120.63 E427.4804
G1 X106.331 Y120.872 E427.4881
G1 X106.528 Y121.045 E427.49381
G1 X113.478 Y121.045 E427.64534
G1 X113.542 Y120.988 E427.64721
G1 X113.498 Y120.952 E427.64845
G1 X113.387 Y120.662 E427.65522
G1 X113.387 Y120.368 E427.66163
G1 X113.451 Y120.141 E427.66677
G1 X113.604 Y119.993 E427.67141
G1 X114.018 Y119.772 E427.68164
G1 X113.604 Y119.539 E427.692
G1 X113.451 Y119.391 E427.69664
G1 X113.387 Y119.162 E427.70182
G1 X113.388 Y118.811 E427.70947
G1 X113.445 Y118.651 E427.71318
G1 X113.605 Y118.491 E427.71811
G1 X114.018 Y118.271 E427.72831
G1 X113.605 Y118.037 E427.73866
G1 X113.446 Y117.877 E427.74358
G1 X113.389 Y117.718 E427.74726
G1 X113.387 Y117.302 E427.75633
G1 X113.432 Y117.173 E427.75931
G1 X113.605 Y116.992 E427.76477
G1 X114.02 Y116.771 E427.77502
G1 X113.605 Y116.537 E427.78541
G1 X113.434 Y116.354 E427.79087
G1 X113.39 Y116.197 E427.79442
G1 X113.389 Y115.829 E427.80245
G1 X113.433 Y115.675 E427.80594
G1 X113.604 Y115.494 E427.81137
G1 X114.018 Y115.271 E427.82162
G1 X113.603 Y115.036 E427.83202
G1 X113.432 Y114.855 E427.83745
G1 X113.391 Y114.727 E427.84038
G1 X113.388 Y114.304 E427.8496
G1 X113.432 Y114.177 E427.85253
G1 X113.602 Y113.997 E427.85793
G1 X114.021 Y113.775 E427.86826
G1 X113.602 Y113.535 E427.87879
G1 X113.432 Y113.355 E427.88419
G1 X113.388 Y113.198 E427.88774
G1 X113.388 Y112.835 E427.89566
G1 X113.432 Y112.675 E427.89928
G1 X113.606 Y112.493 E427.90477
G1 X114.017 Y112.272 E427.91494
G1 X113.606 Y112.041 E427.92522
G1 X113.432 Y111.858 E427.93072
G1 X113.388 Y111.702 E427.93426
G1 X113.388 Y111.385 E427.94117
G1 X113.432 Y111.225 E427.94479
G1 X113.604 Y111.043 E427.95025
G1 X114.016 Y110.822 E427.96044
G1 X113.604 Y110.589 E427.97076
G1 X113.432 Y110.407 E427.97622
G1 X113.388 Y110.248 E427.97982
G1 X113.388 Y109.852 E427.98845
G1 X113.433 Y109.723 E427.99143
G1 X113.605 Y109.541 E427.99689
G1 X114.018 Y109.321 E428.00709
G1 X113.605 Y109.087 E428.01744
G1 X113.434 Y108.904 E428.0229
G1 X113.39 Y108.748 E428.02643
G1 X113.387 Y108.353 E428.03505
G1 X113.432 Y108.223 E428.03804
G1 X113.605 Y108.042 E428.0435
G1 X114.02 Y107.821 E428.05375
G1 X113.605 Y107.587 E428.06414
G1 X113.434 Y107.404 E428.0696
G1 X113.39 Y107.247 E428.07316
G1 X113.389 Y106.879 E428.08118
G1 X113.433 Y106.725 E428.08467
G1 X113.604 Y106.544 E428.0901
G1 X114.018 Y106.321 E428.10035
G1 X113.603 Y106.086 E428.11075
G1 X113.432 Y105.905 E428.11618
G1 X113.391 Y105.777 E428.11911
G1 X113.388 Y105.354 E428.12833
G1 X113.432 Y105.227 E428.13126
G1 X113.602 Y105.047 E428.13666
G1 X114.021 Y104.825 E428.147
G1 X113.602 Y104.585 E428.15753
G1 X113.432 Y104.405 E428.16292
G1 X113.388 Y104.248 E428.16648
G1 X113.388 Y103.885 E428.17439
G1 X113.431 Y103.727 E428.17796
G1 X113.602 Y103.545 E428.18341
G1 X114.017 Y103.322 E428.19368
G1 X113.6 Y103.088 E428.2041
G1 X113.427 Y102.907 E428.20956
G1 X113.382 Y102.75 E428.21312
G1 X113.383 Y102.353 E428.22178
G1 X113.538 Y102.083 E428.22857
G1 X114.101 Y101.779 E428.24252
G1 X113.954 Y101.51 E428.2492
G1 X114.054 Y101.253 E428.25521
G1 X114.194 Y101.14 E428.25913
G1 X114.331 Y101.095 E428.26228
G1 X120.965 Y101.094 E428.40691
G1 X120.966 Y98.956 E428.45352
G1 X99.03 Y98.955 E428.93177
G1 X99.03 Y100.025 E428.9551
G1 X99.031 Y101.095 E428.97843
G1 X105.632 Y101.095 E429.12235
G1 X105.844 Y101.15 E429.12712
G1 X106.397 Y101.462 E429.14096
G1 X106.532 Y101.581 E429.14489
G0 F9000 X106.614 Y101.748
G0 X106.614 Y101.762
G0 X107.115 Y101.757
G0 X107.044 Y101.328
G0 X105.859 Y100.657
G0 X100.538 Y99.774
;TYPE:FILL
G1 F2790.2 X100.038 Y100.274 E429.2032
G1 X99.848 Y99.774 E429.24731
G1 X99.851 Y100.274 E429.28855
G1 X100.858 Y100.274 E429.37159
G1 X101.358 Y99.774 E429.42991
G1 X102.179 Y99.774 E429.49761
G1 X101.679 Y100.274 E429.55593
G1 X102.499 Y100.274 E429.62355
G1 X102.999 Y99.774 E429.68187
G1 X103.819 Y99.774 E429.74949
G1 X103.319 Y100.274 E429.8078
G1 X104.139 Y100.274 E429.87543
G1 X104.639 Y99.774 E429.93374
G1 X105.46 Y99.774 E430.00145
G1 X104.96 Y100.274 E430.05976
G1 X105.665 Y100.274 E430.1179
G1 X105.756 Y100.298 E430.12566
G1 X106.28 Y99.774 E430.18678
G1 X107.1 Y99.774 E430.2544
G1 X106.37 Y100.505 E430.3396
G1 X106.895 Y100.8 E430.38926
G1 X107.92 Y99.774 E430.50886
G1 X108.741 Y99.774 E430.57657
G1 X107.271 Y101.244 E430.74801
G1 X107.383 Y101.473 E430.76904
G1 X107.446 Y101.889 E430.80373
G1 X109.561 Y99.774 E431.0504
G1 X110.381 Y99.774 E431.11803
G1 X107.321 Y102.835 E431.47497
G1 X107.382 Y102.98 E431.48794
G1 X107.432 Y103.229 E431.50889
G1 X107.43 Y103.545 E431.53495
G1 X111.201 Y99.774 E431.97475
G1 X112.021 Y99.774 E432.04237
G1 X107.375 Y104.421 E432.58429
G1 X107.434 Y104.842 E432.61935
G1 X107.428 Y105.188 E432.64788
G1 X112.842 Y99.774 E433.27931
G1 X113.662 Y99.774 E433.34693
G1 X107.404 Y106.032 E434.07679
G1 X107.432 Y106.097 E434.08263
G1 X107.432 Y106.824 E434.14258
G1 X113.231 Y101.026 E434.81885
G1 X113.122 Y101.379 E434.84932
G1 X112.934 Y101.529 E434.86915
G1 X112.715 Y101.817 E434.89899
G1 X112.596 Y102.126 E434.9263
G1 X112.562 Y102.381 E434.94751
G1 X112.561 Y102.516 E434.95865
G1 X107.413 Y107.664 E435.55905
G1 X107.434 Y107.816 E435.5717
G1 X107.427 Y108.219 E435.60494
G1 X107.373 Y108.524 E435.63049
G1 X112.673 Y103.224 E436.24861
G1 X112.714 Y103.325 E436.2576
G1 X112.645 Y103.49 E436.27235
G1 X112.608 Y103.49 E436.2754
G1 X112.568 Y103.817 E436.30257
G1 X112.567 Y104.151 E436.33012
G1 X107.457 Y109.26 E436.92603
G1 X107.499 Y109.421 E436.93975
G1 X107.434 Y109.421 E436.94511
G1 X107.429 Y109.709 E436.96886
G1 X107.384 Y109.972 E436.99087
G1 X107.274 Y110.264 E437.0166
G1 X112.722 Y104.815 E437.65205
G1 X112.566 Y105.181 E437.68486
G1 X112.566 Y105.792 E437.73525
G1 X107.432 Y110.925 E438.33396
G1 X107.432 Y111.217 E438.35804
G1 X107.302 Y111.645 E438.39493
G1 X107.251 Y111.708 E438.40161
G1 X107.329 Y111.849 E438.4149
G1 X112.617 Y106.561 E439.03163
G1 X112.566 Y106.69 E439.04307
G1 X112.571 Y107.299 E439.0933
G1 X112.59 Y107.408 E439.10242
G1 X107.431 Y112.567 E439.70411
G1 X107.43 Y112.678 E439.71326
G1 X107.381 Y112.941 E439.73532
G1 X107.282 Y113.178 E439.7565
G1 X107.385 Y113.434 E439.77926
G1 X112.566 Y108.252 E440.38357
G1 X112.571 Y108.802 E440.42893
G1 X112.61 Y109.029 E440.44792
G1 X107.422 Y114.216 E441.05293
G1 X107.383 Y114.436 E441.07136
G1 X107.275 Y114.682 E441.09351
G1 X107.427 Y115.032 E441.12498
G1 X112.568 Y109.891 E441.72457
G1 X112.569 Y110.315 E441.75953
G1 X112.629 Y110.65 E441.7876
G1 X107.412 Y115.868 E442.39611
G1 X107.285 Y116.188 E442.4245
G1 X107.386 Y116.43 E442.44613
G1 X107.422 Y116.677 E442.46671
G1 X112.567 Y111.533 E443.0667
G1 X112.57 Y111.898 E443.09681
G1 X112.697 Y112.223 E443.12558
G1 X107.314 Y117.605 E443.75333
G1 X107.282 Y117.686 E443.76051
G1 X107.383 Y117.922 E443.78168
G1 X107.47 Y118.27 E443.81127
G1 X112.556 Y113.184 E444.40444
G1 X112.618 Y113.521 E444.4327
G1 X112.724 Y113.764 E444.45456
G1 X112.668 Y113.892 E444.46608
G1 X107.315 Y119.245 E445.09039
G1 X107.393 Y119.461 E445.10933
G1 X107.456 Y119.924 E445.14786
G1 X112.567 Y114.814 E445.74389
G1 X112.567 Y114.897 E445.75074
G1 X112.717 Y115.259 E445.78305
G1 X112.569 Y115.632 E445.81615
G1 X107.977 Y120.224 E446.3517
G1 X108.797 Y120.224 E446.41933
G1 X112.585 Y116.436 E446.86111
G1 X112.722 Y116.761 E446.8902
G1 X112.619 Y116.999 E446.91159
G1 X112.571 Y117.27 E446.93428
G1 X109.617 Y120.224 E447.2788
G1 X110.438 Y120.224 E447.34651
G1 X112.625 Y118.036 E447.60163
G1 X112.724 Y118.263 E447.62206
G1 X112.602 Y118.566 E447.64899
G1 X112.557 Y118.925 E447.67883
G1 X111.258 Y120.224 E447.83033
G1 X112.078 Y120.224 E447.89796
G1 X112.663 Y119.639 E447.96618
G1 X112.724 Y119.765 E447.97773
G1 X112.639 Y119.937 E447.99355
G1 X112.587 Y120.224 E448.0176
G0 F9000 X112.952 Y101.908
G0 X113.417 Y100.725
G1 F2790.2 X113.812 Y100.409 E448.05932
G1 X113.865 Y100.392 E448.06391
G1 X114.482 Y99.774 E448.13593
G1 X115.302 Y99.774 E448.20355
G1 X114.803 Y100.274 E448.26181
G1 X115.623 Y100.274 E448.32943
G1 X116.123 Y99.774 E448.38775
G1 X116.943 Y99.774 E448.45537
G1 X116.443 Y100.274 E448.51368
G1 X117.263 Y100.274 E448.58131
G1 X117.763 Y99.774 E448.63962
G1 X118.583 Y99.774 E448.70725
G1 X118.084 Y100.274 E448.7655
G1 X118.904 Y100.274 E448.83313
G1 X119.404 Y99.774 E448.89144
G1 X120.144 Y99.775 E448.95247
G1 X120.143 Y100.274 E448.99362
G1 X119.724 Y100.274 E449.02817
G1 X120.143 Y99.855 E449.07704
G0 F9000 X120.066 Y99.855
;MESH:NONMESH
G0 F600 X120.066 Y99.855 Z5.08
G0 F9000 X113.687 Y100.664
G0 X112.952 Y101.908
G0 X112.953 Y110.902
G0 X106.984 Y120.622
G0 X106.596 Y120.693
;TIME_ELAPSED:574.589965
;LAYER:40
;TYPE:WALL-INNER
;MESH:belt_holder_screw.stl
G1 F1393.2 X106.673 Y120.765 E449.07954
G1 X113.101 Y120.765 E449.23187
G1 X113.06 Y120.66 E449.23454
G1 X113.058 Y120.366 E449.24151
G1 X113.102 Y120.111 E449.24764
G1 X113.163 Y119.986 E449.25094
G1 X113.4 Y119.758 E449.25873
G1 X113.163 Y119.529 E449.26654
G1 X113.102 Y119.406 E449.26979
G1 X113.057 Y119.145 E449.27607
G1 X113.062 Y118.768 E449.285
G1 X113.155 Y118.505 E449.29161
G1 X113.404 Y118.258 E449.29993
G1 X113.155 Y118.011 E449.30824
G1 X113.061 Y117.743 E449.31497
G1 X113.062 Y117.301 E449.32544
G1 X113.136 Y117.037 E449.33194
G1 X113.406 Y116.756 E449.34117
G1 X113.136 Y116.477 E449.35038
G1 X113.061 Y116.234 E449.3564
G1 X113.061 Y115.82 E449.36621
G1 X113.136 Y115.539 E449.37311
G1 X113.405 Y115.257 E449.38234
G1 X113.136 Y114.975 E449.39158
G1 X113.06 Y114.761 E449.39696
G1 X113.066 Y114.311 E449.40762
G1 X113.139 Y114.042 E449.41423
G1 X113.407 Y113.759 E449.42347
G1 X113.137 Y113.476 E449.43273
G1 X113.062 Y113.216 E449.43915
G1 X113.066 Y112.809 E449.44879
G1 X113.139 Y112.541 E449.45537
G1 X113.407 Y112.26 E449.46458
G1 X113.137 Y111.978 E449.47383
G1 X113.062 Y111.719 E449.48022
G1 X113.057 Y111.337 E449.48927
G1 X113.133 Y111.09 E449.4954
G1 X113.401 Y110.808 E449.50462
G1 X113.133 Y110.526 E449.51383
G1 X113.056 Y110.277 E449.52001
G1 X113.063 Y109.851 E449.53011
G1 X113.136 Y109.59 E449.53653
G1 X113.405 Y109.308 E449.54577
G1 X113.136 Y109.026 E449.555
G1 X113.063 Y108.767 E449.56138
G1 X113.062 Y108.351 E449.57124
G1 X113.136 Y108.087 E449.57773
G1 X113.406 Y107.806 E449.58697
G1 X113.136 Y107.527 E449.59617
G1 X113.061 Y107.284 E449.6022
G1 X113.061 Y106.87 E449.61201
G1 X113.136 Y106.589 E449.6189
G1 X113.405 Y106.307 E449.62814
G1 X113.136 Y106.025 E449.63737
G1 X113.06 Y105.811 E449.64275
G1 X113.066 Y105.361 E449.65342
G1 X113.139 Y105.092 E449.66002
G1 X113.407 Y104.809 E449.66926
G1 X113.137 Y104.526 E449.67853
G1 X113.062 Y104.266 E449.68494
G1 X113.066 Y103.859 E449.69459
G1 X113.138 Y103.593 E449.70112
G1 X113.405 Y103.311 E449.71032
G1 X113.135 Y103.031 E449.71954
G1 X113.06 Y102.775 E449.72586
G1 X113.046 Y102.293 E449.73729
G1 X113.142 Y102.057 E449.74332
G1 X113.316 Y101.84 E449.74992
G1 X113.664 Y101.663 E449.75917
G1 X113.641 Y101.482 E449.76349
G1 X113.686 Y101.281 E449.76837
G1 X113.81 Y101.068 E449.77421
G1 X114.04 Y100.887 E449.78115
G1 X114.262 Y100.815 E449.78668
G1 X120.622 Y100.815 E449.9374
G1 X120.625 Y99.235 E449.97484
G1 X99.373 Y99.235 E450.47847
G1 X99.374 Y100.025 E450.49719
G1 X99.375 Y100.815 E450.51591
G1 X105.664 Y100.815 E450.66495
G1 X106.011 Y100.905 E450.67344
G1 X106.581 Y101.224 E450.68892
G1 X106.809 Y101.426 E450.69614
G1 X106.947 Y101.712 E450.70366
G1 X106.936 Y102.244 E450.71627
G1 X106.865 Y102.463 E450.72173
G1 X106.594 Y102.745 E450.731
G1 X106.864 Y103.026 E450.74023
G1 X106.939 Y103.294 E450.74683
G1 X106.94 Y103.68 E450.75598
G1 X106.864 Y103.962 E450.7629
G1 X106.596 Y104.244 E450.77212
G1 X106.864 Y104.525 E450.78132
G1 X106.941 Y104.849 E450.78921
G1 X106.938 Y105.224 E450.7981
G1 X106.864 Y105.459 E450.80394
G1 X106.597 Y105.741 E450.81314
G1 X106.865 Y106.024 E450.82238
G1 X106.932 Y106.23 E450.82751
G1 X106.952 Y106.651 E450.8375
G1 X106.87 Y106.968 E450.84526
G1 X106.596 Y107.247 E450.85452
G1 X106.863 Y107.531 E450.86376
G1 X106.934 Y107.789 E450.8701
G1 X106.94 Y108.132 E450.87823
G1 X106.862 Y108.463 E450.88629
G1 X106.591 Y108.745 E450.89556
G1 X106.861 Y109.026 E450.90479
G1 X106.934 Y109.286 E450.91119
G1 X106.938 Y109.682 E450.92058
G1 X106.862 Y109.963 E450.92748
G1 X106.592 Y110.245 E450.93673
G1 X106.861 Y110.527 E450.94596
G1 X106.937 Y110.849 E450.95381
G1 X106.932 Y111.16 E450.96118
G1 X106.872 Y111.389 E450.96679
G1 X106.714 Y111.61 E450.97322
G1 X106.567 Y111.716 E450.97752
G1 X106.715 Y111.853 E450.9823
G1 X106.874 Y112.073 E450.98873
G1 X106.94 Y112.354 E450.99557
G1 X106.94 Y112.63 E451.00211
G1 X106.864 Y112.912 E451.00903
G1 X106.596 Y113.194 E451.01825
G1 X106.864 Y113.475 E451.02745
G1 X106.941 Y113.799 E451.03535
G1 X106.938 Y114.174 E451.04423
G1 X106.864 Y114.409 E451.05007
G1 X106.597 Y114.691 E451.05927
G1 X106.865 Y114.974 E451.06851
G1 X106.932 Y115.18 E451.07364
G1 X106.952 Y115.601 E451.08363
G1 X106.87 Y115.918 E451.09139
G1 X106.596 Y116.197 E451.10066
G1 X106.863 Y116.481 E451.1099
G1 X106.934 Y116.739 E451.11624
G1 X106.94 Y117.082 E451.12437
G1 X106.862 Y117.414 E451.13245
G1 X106.591 Y117.695 E451.1417
G1 X106.86 Y117.975 E451.1509
G1 X106.935 Y118.216 E451.15688
G1 X106.94 Y118.71 E451.16859
G1 X106.87 Y118.897 E451.17332
G1 X106.592 Y119.195 E451.18298
G1 X106.869 Y119.492 E451.1926
G1 X106.936 Y119.675 E451.19722
G1 X106.935 Y120.093 E451.20713
G1 X106.659 Y120.653 E451.22192
G1 X106.596 Y120.693 E451.22369
G1 F1800 E449.22369
G0 F9000 X107.045 Y120.621
G0 X112.836 Y111.219
G1 F900 E451.22369
G0 F9000 X113.383 Y111.216
;TYPE:WALL-OUTER
G1 F1071.7 X113.554 Y111.036 E451.22911
G1 X113.971 Y110.816 E451.23938
G1 X113.554 Y110.58 E451.24983
G1 X113.383 Y110.399 E451.25526
G1 X113.338 Y110.243 E451.2588
G1 X113.342 Y109.874 E451.26684
G1 X113.387 Y109.716 E451.27043
G1 X113.558 Y109.535 E451.27586
G1 X113.973 Y109.315 E451.2861
G1 X113.558 Y109.081 E451.29648
G1 X113.387 Y108.9 E451.30191
G1 X113.342 Y108.743 E451.30547
G1 X113.341 Y108.373 E451.31354
G1 X113.386 Y108.214 E451.31714
G1 X113.561 Y108.032 E451.32265
G1 X113.975 Y107.813 E451.33286
G1 X113.561 Y107.582 E451.34319
G1 X113.386 Y107.4 E451.3487
G1 X113.342 Y107.245 E451.35221
G1 X113.341 Y106.845 E451.36093
G1 X113.387 Y106.715 E451.36394
G1 X113.558 Y106.535 E451.36935
G1 X113.978 Y106.315 E451.37969
G1 X113.557 Y106.079 E451.39021
G1 X113.386 Y105.899 E451.39562
G1 X113.343 Y105.761 E451.39878
G1 X113.345 Y105.38 E451.40708
G1 X113.39 Y105.217 E451.41077
G1 X113.559 Y105.037 E451.41615
G1 X113.978 Y104.817 E451.42647
G1 X113.557 Y104.578 E451.43702
G1 X113.386 Y104.399 E451.44242
G1 X113.341 Y104.242 E451.44598
G1 X113.349 Y103.844 E451.45466
G1 X113.389 Y103.718 E451.45754
G1 X113.56 Y103.536 E451.46299
G1 X113.976 Y103.315 E451.47326
G1 X113.557 Y103.082 E451.48371
G1 X113.384 Y102.903 E451.48914
G1 X113.338 Y102.748 E451.49266
G1 X113.328 Y102.338 E451.5016
G1 X113.493 Y102.061 E451.50863
G1 X114.033 Y101.788 E451.52183
G1 X113.943 Y101.683 E451.52484
G1 X113.921 Y101.506 E451.52873
G1 X114.024 Y101.248 E451.53479
G1 X114.163 Y101.139 E451.53864
G1 X114.297 Y101.095 E451.54171
G1 X120.902 Y101.095 E451.68571
G1 X120.906 Y98.955 E451.73237
G1 X99.093 Y98.955 E452.20794
G1 X99.094 Y100.025 E452.23127
G1 X99.095 Y101.095 E452.25459
G1 X105.664 Y101.095 E452.39781
G1 X105.875 Y101.149 E452.40256
G1 X106.445 Y101.468 E452.4168
G1 X106.582 Y101.591 E452.42081
G1 X106.665 Y101.76 E452.42492
G1 X106.659 Y102.203 E452.43458
G1 X106.616 Y102.336 E452.43763
G1 X106.443 Y102.516 E452.44307
G1 X106.025 Y102.735 E452.45336
G1 X106.442 Y102.971 E452.4638
G1 X106.614 Y103.152 E452.46925
G1 X106.661 Y103.284 E452.4723
G1 X106.66 Y103.707 E452.48153
G1 X106.614 Y103.836 E452.48451
G1 X106.442 Y104.017 E452.48995
G1 X106.031 Y104.24 E452.50015
G1 X106.442 Y104.47 E452.51042
G1 X106.614 Y104.651 E452.51586
G1 X106.661 Y104.784 E452.51894
G1 X106.659 Y105.206 E452.52814
G1 X106.614 Y105.334 E452.5311
G1 X106.444 Y105.514 E452.53649
G1 X106.027 Y105.732 E452.54675
G1 X106.444 Y105.97 E452.55722
G1 X106.615 Y106.15 E452.56263
G1 X106.655 Y106.275 E452.56549
G1 X106.672 Y106.646 E452.57359
G1 X106.622 Y106.838 E452.57792
G1 X106.446 Y107.017 E452.58339
G1 X106.021 Y107.233 E452.59378
G1 X106.44 Y107.472 E452.6043
G1 X106.612 Y107.655 E452.60978
G1 X106.655 Y107.811 E452.6133
G1 X106.66 Y108.135 E452.62037
G1 X106.613 Y108.336 E452.62487
G1 X106.44 Y108.516 E452.63031
G1 X106.025 Y108.738 E452.64057
G1 X106.438 Y108.971 E452.65091
G1 X106.611 Y109.152 E452.65637
G1 X106.655 Y109.278 E452.65928
G1 X106.659 Y109.665 E452.66772
G1 X106.613 Y109.836 E452.67158
G1 X106.44 Y110.015 E452.67701
G1 X106.026 Y110.237 E452.68725
G1 X106.439 Y110.472 E452.69761
G1 X106.611 Y110.652 E452.70304
G1 X106.658 Y110.787 E452.70615
G1 X106.654 Y111.134 E452.71372
G1 X106.617 Y111.273 E452.71685
G1 X106.498 Y111.438 E452.72129
G1 X106.026 Y111.685 E452.7329
G1 X106.272 Y111.822 E452.73904
G1 X106.6 Y112.129 E452.74884
G1 X106.66 Y112.307 E452.75293
G1 X106.66 Y112.656 E452.76054
G1 X106.614 Y112.786 E452.76355
G1 X106.442 Y112.967 E452.76899
G1 X106.031 Y113.19 E452.77919
G1 X106.442 Y113.42 E452.78945
G1 X106.614 Y113.601 E452.7949
G1 X106.661 Y113.734 E452.79797
G1 X106.659 Y114.156 E452.80717
G1 X106.614 Y114.284 E452.81013
G1 X106.444 Y114.464 E452.81553
G1 X106.027 Y114.682 E452.82579
G1 X106.444 Y114.92 E452.83626
G1 X106.615 Y115.1 E452.84167
G1 X106.655 Y115.225 E452.84453
G1 X106.672 Y115.596 E452.85263
G1 X106.622 Y115.788 E452.85695
G1 X106.446 Y115.967 E452.86243
G1 X106.021 Y116.183 E452.87282
G1 X106.44 Y116.422 E452.88334
G1 X106.612 Y116.605 E452.88881
G1 X106.655 Y116.761 E452.89234
G1 X106.661 Y117.139 E452.90058
G1 X106.612 Y117.286 E452.90396
G1 X106.44 Y117.466 E452.90939
G1 X106.025 Y117.688 E452.91965
G1 X106.438 Y117.921 E452.92999
G1 X106.61 Y118.102 E452.93543
G1 X106.651 Y118.228 E452.93832
G1 X106.659 Y118.585 E452.94611
G1 X106.618 Y118.776 E452.95037
G1 X106.44 Y118.965 E452.95603
G1 X106.026 Y119.187 E452.96627
G1 X106.439 Y119.422 E452.97663
G1 X106.615 Y119.612 E452.98227
G1 X106.656 Y119.798 E452.98643
G1 X106.655 Y120.092 E452.99284
G1 X106.483 Y120.442 E453.00134
G1 X106.121 Y120.632 E453.01025
G1 X106.562 Y121.045 E453.02343
G1 X113.429 Y121.045 E453.17314
G1 X113.499 Y120.982 E453.17519
G1 X113.451 Y120.944 E453.17653
G1 X113.34 Y120.658 E453.18322
G1 X113.338 Y120.364 E453.18963
G1 X113.401 Y120.133 E453.19485
G1 X113.554 Y119.986 E453.19947
G1 X113.973 Y119.767 E453.20978
G1 X113.554 Y119.53 E453.22027
G1 X113.401 Y119.382 E453.22492
G1 X113.337 Y119.149 E453.23018
G1 X113.348 Y118.779 E453.23825
G1 X113.398 Y118.645 E453.24137
G1 X113.558 Y118.485 E453.24631
G1 X113.973 Y118.265 E453.25655
G1 X113.558 Y118.031 E453.26693
G1 X113.398 Y117.871 E453.27187
G1 X113.341 Y117.718 E453.27543
G1 X113.341 Y117.323 E453.28404
G1 X113.386 Y117.164 E453.28764
G1 X113.561 Y116.982 E453.29315
G1 X113.975 Y116.763 E453.30336
G1 X113.561 Y116.532 E453.31369
G1 X113.386 Y116.35 E453.3192
G1 X113.342 Y116.195 E453.32271
G1 X113.341 Y115.795 E453.33143
G1 X113.387 Y115.665 E453.33444
G1 X113.558 Y115.485 E453.33985
G1 X113.978 Y115.265 E453.35019
G1 X113.557 Y115.029 E453.36071
G1 X113.386 Y114.849 E453.36612
G1 X113.343 Y114.711 E453.36927
G1 X113.345 Y114.33 E453.37758
G1 X113.39 Y114.167 E453.38127
G1 X113.559 Y113.987 E453.38665
G1 X113.978 Y113.767 E453.39697
G1 X113.557 Y113.528 E453.40752
G1 X113.386 Y113.349 E453.41292
G1 X113.341 Y113.192 E453.41648
G1 X113.346 Y112.829 E453.4244
G1 X113.39 Y112.667 E453.42805
G1 X113.562 Y112.486 E453.4335
G1 X113.977 Y112.264 E453.44376
G1 X113.56 Y112.031 E453.45417
G1 X113.387 Y111.851 E453.45962
G1 X113.341 Y111.694 E453.46318
G1 X113.339 Y111.375 E453.47014
G1 X113.383 Y111.216 E453.47374
G0 F9000 X113.52 Y111.071
G0 X112.497 Y110.934
;MESH:NONMESH
G0 F600 X112.497 Y110.934 Z5.2
G0 F9000 X112.827 Y102.376
G0 X112.997 Y102.373
;TIME_ELAPSED:585.573704
;LAYER:41
;TYPE:WALL-INNER
;MESH:belt_holder_screw.stl
G1 F1369.4 X113.096 Y102.04 E453.48197
G1 X113.269 Y101.834 E453.48834
G1 X113.659 Y101.634 E453.49873
G1 X113.612 Y101.453 E453.50316
G1 X113.657 Y101.271 E453.5076
G1 X113.782 Y101.062 E453.51338
G1 X114.011 Y100.885 E453.52023
G1 X114.229 Y100.815 E453.52566
G1 X120.554 Y100.815 E453.67555
G1 X120.541 Y99.235 E453.71299
G1 X99.459 Y99.235 E454.21259
G1 X99.446 Y100.815 E454.25003
G1 X105.706 Y100.815 E454.39838
G1 X106.057 Y100.907 E454.40698
G1 X106.633 Y101.234 E454.42268
G1 X106.86 Y101.438 E454.42991
G1 X106.995 Y101.723 E454.43738
G1 X106.984 Y102.237 E454.44957
G1 X106.911 Y102.472 E454.4554
G1 X106.642 Y102.75 E454.46457
G1 X106.91 Y103.028 E454.47372
G1 X106.986 Y103.302 E454.48046
G1 X106.986 Y103.702 E454.48993
G1 X106.91 Y103.972 E454.49658
G1 X106.642 Y104.251 E454.50575
G1 X106.91 Y104.529 E454.5149
G1 X106.988 Y104.853 E454.5228
G1 X106.985 Y105.204 E454.53112
G1 X106.91 Y105.47 E454.53767
G1 X106.644 Y105.748 E454.54678
G1 X106.911 Y106.027 E454.55594
G1 X106.985 Y106.275 E454.56207
G1 X107.009 Y106.741 E454.57313
G1 X106.922 Y106.978 E454.57911
G1 X106.648 Y107.254 E454.58833
G1 X106.916 Y107.533 E454.59749
G1 X106.994 Y107.758 E454.60314
G1 X106.983 Y108.248 E454.61475
G1 X106.912 Y108.47 E454.62027
G1 X106.645 Y108.749 E454.62943
G1 X106.913 Y109.028 E454.63859
G1 X106.992 Y109.278 E454.64481
G1 X106.988 Y109.734 E454.65561
G1 X106.912 Y109.971 E454.66151
G1 X106.645 Y110.249 E454.67065
G1 X106.913 Y110.528 E454.67981
G1 X106.988 Y110.789 E454.68625
G1 X106.989 Y111.198 E454.69594
G1 X106.923 Y111.397 E454.70091
G1 X106.767 Y111.614 E454.70724
G1 X106.619 Y111.72 E454.71156
G1 X106.766 Y111.86 E454.71637
G1 X106.922 Y112.077 E454.7227
G1 X106.984 Y112.303 E454.72826
G1 X106.986 Y112.652 E454.73653
G1 X106.91 Y112.922 E454.74317
G1 X106.642 Y113.201 E454.75234
G1 X106.91 Y113.479 E454.76149
G1 X106.988 Y113.803 E454.76939
G1 X106.985 Y114.154 E454.77771
G1 X106.91 Y114.42 E454.78426
G1 X106.644 Y114.698 E454.79338
G1 X106.911 Y114.977 E454.80253
G1 X106.985 Y115.225 E454.80866
G1 X107.009 Y115.691 E454.81972
G1 X106.922 Y115.928 E454.8257
G1 X106.648 Y116.204 E454.83492
G1 X106.916 Y116.483 E454.84408
G1 X106.994 Y116.708 E454.84973
G1 X106.983 Y117.198 E454.86134
G1 X106.912 Y117.42 E454.86687
G1 X106.645 Y117.699 E454.87602
G1 X106.913 Y117.978 E454.88519
G1 X106.992 Y118.226 E454.89135
G1 X106.988 Y118.725 E454.90318
G1 X106.921 Y118.903 E454.90769
G1 X106.645 Y119.199 E454.91728
G1 X106.922 Y119.496 E454.9269
G1 X106.991 Y119.805 E454.9344
G1 X106.989 Y120.099 E454.94137
G1 X106.705 Y120.664 E454.95636
G1 X106.648 Y120.7 E454.95796
G1 X106.716 Y120.764 E454.96017
G1 X113.055 Y120.765 E455.11039
G1 X113.013 Y120.657 E455.11314
G1 X113.009 Y120.363 E455.1201
G1 X113.053 Y120.104 E455.12633
G1 X113.114 Y119.98 E455.1296
G1 X113.352 Y119.75 E455.13745
G1 X113.113 Y119.52 E455.14531
G1 X113.052 Y119.396 E455.14858
G1 X113.008 Y119.139 E455.15476
G1 X113.012 Y118.761 E455.16372
G1 X113.105 Y118.498 E455.17033
G1 X113.354 Y118.25 E455.17866
G1 X113.105 Y118.002 E455.18699
G1 X113.011 Y117.664 E455.1953
G1 X113.014 Y117.308 E455.20374
G1 X113.09 Y117.029 E455.21059
G1 X113.358 Y116.752 E455.21972
G1 X113.089 Y116.473 E455.22891
G1 X113.014 Y116.215 E455.23527
G1 X113.017 Y115.768 E455.24587
G1 X113.09 Y115.529 E455.25179
G1 X113.358 Y115.25 E455.26096
G1 X113.09 Y114.971 E455.27013
G1 X113.014 Y114.696 E455.27689
G1 X113.011 Y114.304 E455.28618
G1 X113.088 Y114.027 E455.29299
G1 X113.357 Y113.748 E455.30217
G1 X113.089 Y113.469 E455.31134
G1 X113.015 Y113.209 E455.31775
G1 X113.012 Y112.805 E455.32732
G1 X113.088 Y112.529 E455.33411
G1 X113.357 Y112.25 E455.34329
G1 X113.089 Y111.973 E455.35242
G1 X113.014 Y111.715 E455.35879
G1 X113.01 Y111.35 E455.36744
G1 X113.086 Y111.08 E455.37409
G1 X113.353 Y110.8 E455.38326
G1 X113.086 Y110.52 E455.39243
G1 X113.01 Y110.26 E455.39885
G1 X113.017 Y109.802 E455.4097
G1 X113.088 Y109.579 E455.41525
G1 X113.355 Y109.3 E455.4244
G1 X113.088 Y109.021 E455.43355
G1 X113.013 Y108.76 E455.43998
G1 X113.014 Y108.358 E455.44951
G1 X113.09 Y108.079 E455.45636
G1 X113.358 Y107.802 E455.4655
G1 X113.089 Y107.523 E455.47468
G1 X113.014 Y107.265 E455.48105
G1 X113.017 Y106.818 E455.49164
G1 X113.09 Y106.579 E455.49756
G1 X113.358 Y106.3 E455.50673
G1 X113.09 Y106.021 E455.5159
G1 X113.014 Y105.746 E455.52266
G1 X113.011 Y105.354 E455.53195
G1 X113.088 Y105.077 E455.53876
G1 X113.357 Y104.798 E455.54795
G1 X113.089 Y104.519 E455.55712
G1 X113.015 Y104.259 E455.56352
G1 X113.012 Y103.855 E455.5731
G1 X113.088 Y103.58 E455.57986
G1 X113.358 Y103.302 E455.58904
G1 X113.088 Y103.024 E455.59823
G1 X113.014 Y102.774 E455.6044
G1 X112.997 Y102.373 E455.61392
G1 F1800 E453.61392
G0 F9000 X112.774 Y102.384
G0 X106.898 Y101.132
G1 F900 E455.61392
G0 F9000 X106.632 Y101.601
;TYPE:WALL-OUTER
G1 F1053.4 X106.713 Y101.773 E455.61806
G1 X106.706 Y102.201 E455.62739
G1 X106.661 Y102.344 E455.63066
G1 X106.489 Y102.523 E455.63607
G1 X106.068 Y102.742 E455.64642
G1 X106.488 Y102.977 E455.65691
G1 X106.661 Y103.156 E455.66234
G1 X106.704 Y103.298 E455.66557
G1 X106.706 Y103.681 E455.67393
G1 X106.661 Y103.844 E455.67761
G1 X106.488 Y104.024 E455.68305
G1 X106.077 Y104.247 E455.69325
G1 X106.488 Y104.477 E455.70352
G1 X106.661 Y104.657 E455.70896
G1 X106.708 Y104.853 E455.71336
G1 X106.708 Y105.147 E455.71977
G1 X106.661 Y105.343 E455.72416
G1 X106.489 Y105.523 E455.72959
G1 X106.071 Y105.741 E455.73987
G1 X106.49 Y105.975 E455.75033
G1 X106.661 Y106.155 E455.75574
G1 X106.703 Y106.281 E455.75864
G1 X106.724 Y106.649 E455.76667
G1 X106.674 Y106.847 E455.77113
G1 X106.497 Y107.026 E455.77661
G1 X106.073 Y107.243 E455.787
G1 X106.492 Y107.478 E455.79747
G1 X106.666 Y107.659 E455.80295
G1 X106.712 Y107.847 E455.80717
G1 X106.709 Y108.175 E455.81432
G1 X106.663 Y108.344 E455.81814
G1 X106.491 Y108.524 E455.82356
G1 X106.068 Y108.741 E455.83393
G1 X106.492 Y108.977 E455.84451
G1 X106.664 Y109.156 E455.84992
G1 X106.71 Y109.314 E455.85351
G1 X106.709 Y109.673 E455.86134
G1 X106.663 Y109.844 E455.8652
G1 X106.491 Y110.024 E455.87062
G1 X106.073 Y110.243 E455.88091
G1 X106.491 Y110.476 E455.89135
G1 X106.663 Y110.656 E455.89677
G1 X106.711 Y110.856 E455.90126
G1 X106.706 Y111.229 E455.90939
G1 X106.551 Y111.441 E455.91512
G1 X106.069 Y111.692 E455.92696
G1 X106.341 Y111.844 E455.93376
G1 X106.648 Y112.132 E455.94293
G1 X106.707 Y112.312 E455.94706
G1 X106.706 Y112.631 E455.95402
G1 X106.661 Y112.794 E455.95771
G1 X106.488 Y112.974 E455.96315
G1 X106.077 Y113.197 E455.97334
G1 X106.488 Y113.427 E455.98361
G1 X106.661 Y113.607 E455.98906
G1 X106.708 Y113.803 E455.99345
G1 X106.708 Y114.097 E455.99986
G1 X106.661 Y114.293 E456.00425
G1 X106.489 Y114.473 E456.00968
G1 X106.071 Y114.691 E456.01996
G1 X106.49 Y114.925 E456.03042
G1 X106.661 Y115.105 E456.03584
G1 X106.703 Y115.231 E456.03873
G1 X106.724 Y115.599 E456.04677
G1 X106.674 Y115.797 E456.05122
G1 X106.497 Y115.976 E456.05671
G1 X106.073 Y116.193 E456.06709
G1 X106.492 Y116.428 E456.07757
G1 X106.666 Y116.609 E456.08304
G1 X106.712 Y116.797 E456.08726
G1 X106.709 Y117.125 E456.09441
G1 X106.663 Y117.294 E456.09823
G1 X106.491 Y117.474 E456.10366
G1 X106.068 Y117.691 E456.11402
G1 X106.492 Y117.927 E456.1246
G1 X106.664 Y118.106 E456.13001
G1 X106.707 Y118.237 E456.13302
G1 X106.709 Y118.601 E456.14096
G1 X106.668 Y118.783 E456.14502
G1 X106.491 Y118.974 E456.1507
G1 X106.073 Y119.193 E456.16099
G1 X106.491 Y119.426 E456.17142
G1 X106.669 Y119.617 E456.17712
G1 X106.711 Y119.804 E456.18129
G1 X106.709 Y120.098 E456.1877
G1 X106.531 Y120.451 E456.19632
G1 X106.174 Y120.635 E456.20508
G1 X106.605 Y121.044 E456.21803
G1 X113.381 Y121.045 E456.36576
G1 X113.455 Y120.978 E456.36794
G1 X113.404 Y120.937 E456.36937
G1 X113.293 Y120.653 E456.37601
G1 X113.289 Y120.359 E456.38243
G1 X113.352 Y120.127 E456.38767
G1 X113.505 Y119.979 E456.39231
G1 X113.925 Y119.76 E456.40263
G1 X113.505 Y119.521 E456.41317
G1 X113.351 Y119.373 E456.41783
G1 X113.288 Y119.142 E456.42305
G1 X113.298 Y118.771 E456.43114
G1 X113.347 Y118.637 E456.43425
G1 X113.508 Y118.477 E456.4392
G1 X113.93 Y118.261 E456.44953
G1 X113.508 Y118.023 E456.4601
G1 X113.347 Y117.863 E456.46504
G1 X113.291 Y117.709 E456.46862
G1 X113.293 Y117.325 E456.47699
G1 X113.339 Y117.156 E456.48081
G1 X113.512 Y116.976 E456.48625
G1 X113.93 Y116.757 E456.49654
G1 X113.511 Y116.525 E456.50698
G1 X113.338 Y116.345 E456.51242
G1 X113.292 Y116.189 E456.51597
G1 X113.293 Y115.825 E456.52391
G1 X113.34 Y115.657 E456.52771
G1 X113.512 Y115.477 E456.53314
G1 X113.932 Y115.258 E456.54346
G1 X113.512 Y115.023 E456.55396
G1 X113.34 Y114.843 E456.55938
G1 X113.293 Y114.677 E456.56315
G1 X113.29 Y114.323 E456.57086
G1 X113.337 Y114.156 E456.57465
G1 X113.51 Y113.976 E456.58009
G1 X113.93 Y113.757 E456.59042
G1 X113.511 Y113.523 E456.60088
G1 X113.339 Y113.343 E456.60631
G1 X113.294 Y113.185 E456.60989
G1 X113.291 Y112.824 E456.61776
G1 X113.338 Y112.657 E456.62154
G1 X113.512 Y112.477 E456.627
G1 X113.931 Y112.258 E456.63731
G1 X113.512 Y112.026 E456.64775
G1 X113.338 Y111.845 E456.65322
G1 X113.293 Y111.689 E456.65676
G1 X113.29 Y111.371 E456.6637
G1 X113.336 Y111.207 E456.66741
G1 X113.505 Y111.029 E456.67276
G1 X113.925 Y110.81 E456.68309
G1 X113.505 Y110.571 E456.69362
G1 X113.335 Y110.393 E456.69899
G1 X113.289 Y110.235 E456.70258
G1 X113.291 Y109.875 E456.71043
G1 X113.337 Y109.706 E456.71425
G1 X113.508 Y109.527 E456.71964
G1 X113.93 Y109.311 E456.72998
G1 X113.508 Y109.073 E456.74054
G1 X113.337 Y108.894 E456.74594
G1 X113.292 Y108.736 E456.74952
G1 X113.293 Y108.375 E456.75739
G1 X113.339 Y108.206 E456.76121
G1 X113.512 Y108.026 E456.76665
G1 X113.93 Y107.807 E456.77694
G1 X113.511 Y107.575 E456.78738
G1 X113.338 Y107.395 E456.79283
G1 X113.292 Y107.239 E456.79637
G1 X113.293 Y106.875 E456.80431
G1 X113.34 Y106.707 E456.80811
G1 X113.512 Y106.527 E456.81354
G1 X113.932 Y106.308 E456.82387
G1 X113.512 Y106.073 E456.83436
G1 X113.34 Y105.893 E456.83979
G1 X113.293 Y105.727 E456.84355
G1 X113.29 Y105.373 E456.85127
G1 X113.337 Y105.206 E456.85505
G1 X113.51 Y105.026 E456.86049
G1 X113.93 Y104.807 E456.87082
G1 X113.511 Y104.573 E456.88128
G1 X113.339 Y104.393 E456.88671
G1 X113.294 Y104.235 E456.89029
G1 X113.291 Y103.874 E456.89816
G1 X113.338 Y103.707 E456.90194
G1 X113.511 Y103.528 E456.90737
G1 X113.93 Y103.308 E456.91769
G1 X113.511 Y103.076 E456.92813
G1 X113.338 Y102.896 E456.93357
G1 X113.296 Y102.769 E456.93649
G1 X113.277 Y102.385 E456.94487
G1 X113.337 Y102.183 E456.94947
G1 X113.474 Y102.041 E456.95377
G1 X113.969 Y101.792 E456.96585
G1 X113.89 Y101.488 E456.9727
G1 X113.994 Y101.244 E456.97848
G1 X114.133 Y101.137 E456.9823
G1 X114.265 Y101.095 E456.98532
G1 X120.836 Y101.095 E457.12859
G1 X120.818 Y98.955 E457.17524
G1 X99.181 Y98.955 E457.64697
G1 X99.164 Y101.095 E457.69363
G1 X105.706 Y101.095 E457.83626
G1 X105.919 Y101.151 E457.84106
G1 X106.495 Y101.478 E457.8555
G1 X106.632 Y101.601 E457.85952
G0 F9000 X106.713 Y101.773
G0 X106.713 Y101.783
G0 X107.613 Y101.796
;MESH:NONMESH
G0 F600 X107.613 Y101.796 Z5.32
G0 F9000 X113.981 Y100.595
G0 X113.981 Y100.883
;TIME_ELAPSED:596.565577
;LAYER:42
;TYPE:WALL-INNER
;MESH:belt_holder_screw.stl
G1 F2930.1 X114.194 Y100.815 E457.86482
G1 X120.458 Y100.815 E458.01326
G1 X120.448 Y99.235 E458.0507
G1 X99.549 Y99.235 E458.54596
G1 X99.535 Y100.815 E458.58341
G1 X105.749 Y100.815 E458.73067
G1 X106.104 Y100.909 E458.73937
G1 X106.686 Y101.244 E458.75528
G1 X106.904 Y101.438 E458.7622
G1 X107.039 Y101.708 E458.76935
G1 X107.049 Y102.22 E458.78149
G1 X106.968 Y102.48 E458.78794
G1 X106.701 Y102.756 E458.79704
G1 X106.97 Y103.031 E458.80616
G1 X107.048 Y103.302 E458.81284
G1 X107.046 Y103.702 E458.82232
G1 X106.968 Y103.975 E458.82905
G1 X106.697 Y104.252 E458.83823
G1 X106.969 Y104.53 E458.84745
G1 X107.047 Y104.794 E458.85397
G1 X107.048 Y105.162 E458.86269
G1 X106.967 Y105.484 E458.87056
G1 X106.698 Y105.758 E458.87966
G1 X106.966 Y106.031 E458.88873
G1 X107.042 Y106.286 E458.89503
G1 X107.062 Y106.732 E458.90561
G1 X106.975 Y106.988 E458.91202
G1 X106.704 Y107.261 E458.92113
G1 X106.972 Y107.535 E458.93022
G1 X107.052 Y107.766 E458.93601
G1 X107.039 Y108.209 E458.94651
G1 X106.964 Y108.477 E458.95311
G1 X106.698 Y108.754 E458.96221
G1 X106.968 Y109.029 E458.97134
G1 X107.05 Y109.348 E458.97915
G1 X107.039 Y109.699 E458.98747
G1 X106.962 Y109.979 E458.99435
G1 X106.696 Y110.253 E459.0034
G1 X106.963 Y110.526 E459.01245
G1 X107.041 Y110.79 E459.01897
G1 X107.05 Y111.162 E459.02779
G1 X106.98 Y111.405 E459.03379
G1 X106.827 Y111.619 E459.04002
G1 X106.674 Y111.729 E459.04448
G1 X106.828 Y111.873 E459.04948
G1 X106.981 Y112.086 E459.0557
G1 X107.045 Y112.312 E459.06126
G1 X107.046 Y112.652 E459.06932
G1 X106.968 Y112.925 E459.07605
G1 X106.697 Y113.202 E459.08523
G1 X106.969 Y113.48 E459.09445
G1 X107.047 Y113.744 E459.10097
G1 X107.048 Y114.112 E459.10969
G1 X106.967 Y114.434 E459.11756
G1 X106.698 Y114.708 E459.12666
G1 X106.966 Y114.981 E459.13573
G1 X107.042 Y115.236 E459.14203
G1 X107.062 Y115.682 E459.15261
G1 X106.975 Y115.938 E459.15902
G1 X106.704 Y116.211 E459.16814
G1 X106.972 Y116.485 E459.17722
G1 X107.052 Y116.716 E459.18301
G1 X107.039 Y117.159 E459.19351
G1 X106.964 Y117.427 E459.20011
G1 X106.698 Y117.704 E459.20921
G1 X106.968 Y117.979 E459.21834
G1 X107.051 Y118.254 E459.22515
G1 X107.037 Y118.733 E459.23651
G1 X106.974 Y118.904 E459.24082
G1 X106.697 Y119.203 E459.25048
G1 X106.979 Y119.5 E459.26019
G1 X107.05 Y119.69 E459.265
G1 X107.046 Y120.113 E459.27502
G1 X106.756 Y120.679 E459.29009
G1 X106.706 Y120.709 E459.29147
G1 X106.765 Y120.765 E459.2934
G1 X113.008 Y120.765 E459.44135
G1 X112.953 Y120.623 E459.44496
G1 X112.963 Y120.184 E459.45536
G1 X113.064 Y119.974 E459.46088
G1 X113.303 Y119.743 E459.46876
G1 X113.064 Y119.512 E459.47664
G1 X113.003 Y119.388 E459.47991
G1 X112.959 Y119.137 E459.48595
G1 X112.96 Y118.759 E459.49491
G1 X113.053 Y118.491 E459.50163
G1 X113.302 Y118.243 E459.50996
G1 X113.053 Y117.994 E459.5183
G1 X112.959 Y117.669 E459.52632
G1 X112.956 Y117.321 E459.53457
G1 X113.036 Y117.017 E459.54202
G1 X113.303 Y116.742 E459.5511
G1 X113.037 Y116.468 E459.56015
G1 X112.961 Y116.208 E459.56657
G1 X112.956 Y115.811 E459.57598
G1 X113.036 Y115.518 E459.58318
G1 X113.303 Y115.244 E459.59224
G1 X113.036 Y114.97 E459.60131
G1 X112.962 Y114.742 E459.60699
G1 X112.953 Y114.304 E459.61737
G1 X113.033 Y114.015 E459.62448
G1 X113.3 Y113.74 E459.63356
G1 X113.034 Y113.466 E459.64261
G1 X112.958 Y113.203 E459.6491
G1 X112.952 Y112.77 E459.65936
G1 X113.033 Y112.514 E459.66572
G1 X113.301 Y112.24 E459.67481
G1 X113.034 Y111.966 E459.68387
G1 X112.956 Y111.66 E459.69136
G1 X112.963 Y111.328 E459.69923
G1 X113.038 Y111.07 E459.70559
G1 X113.304 Y110.793 E459.71469
G1 X113.038 Y110.516 E459.72379
G1 X112.961 Y110.254 E459.73027
G1 X112.964 Y109.813 E459.74072
G1 X113.038 Y109.569 E459.74676
G1 X113.303 Y109.293 E459.75583
G1 X113.038 Y109.017 E459.76489
G1 X112.961 Y108.753 E459.77141
G1 X112.956 Y108.371 E459.78046
G1 X113.036 Y108.067 E459.78791
G1 X113.303 Y107.792 E459.797
G1 X113.037 Y107.518 E459.80605
G1 X112.961 Y107.258 E459.81247
G1 X112.956 Y106.861 E459.82188
G1 X113.036 Y106.568 E459.82907
G1 X113.303 Y106.294 E459.83814
G1 X113.036 Y106.02 E459.84721
G1 X112.962 Y105.792 E459.85289
G1 X112.953 Y105.354 E459.86327
G1 X113.033 Y105.065 E459.87037
G1 X113.3 Y104.79 E459.87946
G1 X113.034 Y104.516 E459.88851
G1 X112.958 Y104.253 E459.89499
G1 X112.953 Y103.853 E459.90447
G1 X113.033 Y103.565 E459.91156
G1 X113.3 Y103.291 E459.92062
G1 X113.033 Y103.018 E459.92967
G1 X112.957 Y102.762 E459.936
G1 X112.943 Y102.354 E459.94568
G1 X113.05 Y102.019 E459.95401
G1 X113.228 Y101.815 E459.96043
G1 X113.664 Y101.595 E459.972
G1 X113.58 Y101.428 E459.97643
G1 X113.626 Y101.261 E459.98053
G1 X113.753 Y101.054 E459.98629
G1 X113.981 Y100.883 E459.99304
G1 F1800 E457.99304
G0 F9000 X113.981 Y100.595
G0 X113.575 Y100.664
G0 X112.765 Y101.87
G0 X112.738 Y102.782
G1 F900 E459.99304
G0 F9000 X113.239 Y102.761
;TYPE:WALL-OUTER
G1 F2253.9 X113.223 Y102.37 E460.00157
G1 X113.288 Y102.167 E460.00622
G1 X113.397 Y102.042 E460.00984
G1 X113.993 Y101.744 E460.02437
G1 X113.857 Y101.473 E460.03098
G1 X113.963 Y101.24 E460.03656
G1 X114.101 Y101.136 E460.04032
G1 X114.23 Y101.095 E460.04328
G1 X120.74 Y101.095 E460.18521
G1 X120.726 Y98.955 E460.23186
G1 X99.272 Y98.955 E460.6996
G1 X99.253 Y101.095 E460.74626
G1 X105.749 Y101.095 E460.88789
G1 X105.964 Y101.152 E460.89274
G1 X106.547 Y101.487 E460.9074
G1 X106.679 Y101.604 E460.91124
G1 X106.76 Y101.769 E460.91525
G1 X106.768 Y102.158 E460.92373
G1 X106.719 Y102.352 E460.9281
G1 X106.547 Y102.531 E460.93351
G1 X106.119 Y102.75 E460.94399
G1 X106.548 Y102.984 E460.95464
G1 X106.721 Y103.161 E460.96004
G1 X106.769 Y103.325 E460.96377
G1 X106.768 Y103.652 E460.97089
G1 X106.719 Y103.846 E460.97526
G1 X106.547 Y104.024 E460.98065
G1 X106.126 Y104.252 E460.99109
G1 X106.548 Y104.483 E461.00158
G1 X106.721 Y104.66 E461.00698
G1 X106.769 Y104.82 E461.01062
G1 X106.768 Y105.159 E461.01801
G1 X106.719 Y105.354 E461.02239
G1 X106.543 Y105.533 E461.02787
G1 X106.122 Y105.75 E461.03819
G1 X106.542 Y105.98 E461.04863
G1 X106.717 Y106.159 E461.05409
G1 X106.76 Y106.288 E461.05705
G1 X106.777 Y106.663 E461.06524
G1 X106.728 Y106.857 E461.0696
G1 X106.55 Y107.035 E461.07509
G1 X106.119 Y107.249 E461.08558
G1 X106.547 Y107.483 E461.09621
G1 X106.722 Y107.664 E461.1017
G1 X106.772 Y107.803 E461.10492
G1 X106.759 Y108.188 E461.11332
G1 X106.714 Y108.35 E461.11699
G1 X106.543 Y108.529 E461.12239
G1 X106.117 Y108.747 E461.13282
G1 X106.547 Y108.983 E461.14351
G1 X106.72 Y109.16 E461.14891
G1 X106.77 Y109.353 E461.15326
G1 X106.76 Y109.681 E461.16041
G1 X106.713 Y109.851 E461.16426
G1 X106.539 Y110.031 E461.16971
G1 X106.119 Y110.248 E461.18002
G1 X106.54 Y110.477 E461.19047
G1 X106.715 Y110.656 E461.19593
G1 X106.762 Y110.815 E461.19954
G1 X106.767 Y111.132 E461.20645
G1 X106.727 Y111.287 E461.20994
G1 X106.61 Y111.449 E461.2143
G1 X106.121 Y111.7 E461.22628
G1 X106.39 Y111.846 E461.23296
G1 X106.712 Y112.149 E461.2426
G1 X106.767 Y112.342 E461.24697
G1 X106.766 Y112.631 E461.25327
G1 X106.719 Y112.796 E461.25701
G1 X106.547 Y112.974 E461.26241
G1 X106.126 Y113.202 E461.27285
G1 X106.548 Y113.433 E461.28334
G1 X106.721 Y113.61 E461.28873
G1 X106.769 Y113.77 E461.29237
G1 X106.768 Y114.109 E461.29977
G1 X106.719 Y114.304 E461.30415
G1 X106.543 Y114.483 E461.30962
G1 X106.122 Y114.7 E461.31995
G1 X106.542 Y114.93 E461.33039
G1 X106.717 Y115.109 E461.33585
G1 X106.76 Y115.238 E461.33881
G1 X106.777 Y115.613 E461.34699
G1 X106.728 Y115.807 E461.35136
G1 X106.55 Y115.985 E461.35685
G1 X106.119 Y116.199 E461.36734
G1 X106.547 Y116.433 E461.37797
G1 X106.722 Y116.614 E461.38346
G1 X106.772 Y116.753 E461.38668
G1 X106.759 Y117.138 E461.39508
G1 X106.714 Y117.3 E461.39875
G1 X106.543 Y117.479 E461.40414
G1 X106.117 Y117.697 E461.41458
G1 X106.547 Y117.933 E461.42527
G1 X106.72 Y118.11 E461.43067
G1 X106.771 Y118.275 E461.43443
G1 X106.758 Y118.682 E461.44331
G1 X106.72 Y118.786 E461.44572
G1 X106.543 Y118.978 E461.45142
G1 X106.12 Y119.198 E461.46181
G1 X106.547 Y119.432 E461.47243
G1 X106.727 Y119.622 E461.47813
G1 X106.769 Y119.815 E461.48244
G1 X106.766 Y120.11 E461.48887
G1 X106.591 Y120.453 E461.49727
G1 X106.226 Y120.64 E461.50621
G1 X106.654 Y121.045 E461.51905
G1 X113.332 Y121.045 E461.66465
G1 X113.405 Y120.98 E461.66678
G1 X113.353 Y120.94 E461.66821
G1 X113.233 Y120.629 E461.67548
G1 X113.24 Y120.335 E461.68189
G1 X113.303 Y120.121 E461.68675
G1 X113.457 Y119.971 E461.69144
G1 X113.877 Y119.753 E461.70176
G1 X113.456 Y119.515 E461.7123
G1 X113.302 Y119.365 E461.71699
G1 X113.239 Y119.138 E461.72212
G1 X113.24 Y118.792 E461.72967
G1 X113.296 Y118.631 E461.73338
G1 X113.456 Y118.47 E461.73833
G1 X113.877 Y118.253 E461.74866
G1 X113.456 Y118.015 E461.7592
G1 X113.296 Y117.855 E461.76414
G1 X113.239 Y117.658 E461.76861
G1 X113.238 Y117.296 E461.7765
G1 X113.284 Y117.146 E461.77992
G1 X113.458 Y116.968 E461.78535
G1 X113.877 Y116.751 E461.79563
G1 X113.459 Y116.519 E461.80606
G1 X113.286 Y116.34 E461.81148
G1 X113.24 Y116.182 E461.81507
G1 X113.236 Y115.825 E461.82286
G1 X113.284 Y115.647 E461.82687
G1 X113.459 Y115.468 E461.83233
G1 X113.88 Y115.25 E461.84267
G1 X113.459 Y115.02 E461.85313
G1 X113.284 Y114.841 E461.85859
G1 X113.237 Y114.677 E461.86231
G1 X113.233 Y114.32 E461.87009
G1 X113.281 Y114.145 E461.87405
G1 X113.454 Y113.967 E461.87946
G1 X113.875 Y113.75 E461.88978
G1 X113.455 Y113.516 E461.90027
G1 X113.283 Y113.337 E461.90568
G1 X113.237 Y113.178 E461.90929
G1 X113.233 Y112.819 E461.91711
G1 X113.281 Y112.644 E461.92107
G1 X113.456 Y112.466 E461.92651
G1 X113.879 Y112.249 E461.93688
G1 X113.457 Y112.017 E461.94738
G1 X113.283 Y111.838 E461.95282
G1 X113.237 Y111.681 E461.95639
G1 X113.241 Y111.354 E461.96352
G1 X113.287 Y111.198 E461.96706
G1 X113.457 Y111.021 E461.97241
G1 X113.879 Y110.803 E461.98277
G1 X113.456 Y110.565 E461.99335
G1 X113.287 Y110.388 E461.99868
G1 X113.24 Y110.229 E462.0023
G1 X113.242 Y109.845 E462.01067
G1 X113.287 Y109.697 E462.01404
G1 X113.456 Y109.52 E462.01938
G1 X113.877 Y109.303 E462.02971
G1 X113.456 Y109.065 E462.04025
G1 X113.287 Y108.888 E462.04558
G1 X113.24 Y108.728 E462.04922
G1 X113.238 Y108.346 E462.05755
G1 X113.284 Y108.196 E462.06097
G1 X113.458 Y108.018 E462.0664
G1 X113.877 Y107.801 E462.07668
G1 X113.459 Y107.569 E462.08711
G1 X113.286 Y107.39 E462.09253
G1 X113.24 Y107.232 E462.09612
G1 X113.236 Y106.875 E462.10391
G1 X113.284 Y106.697 E462.10793
G1 X113.459 Y106.518 E462.11338
G1 X113.88 Y106.3 E462.12372
G1 X113.459 Y106.07 E462.13418
G1 X113.284 Y105.891 E462.13964
G1 X113.237 Y105.727 E462.14336
G1 X113.233 Y105.37 E462.15114
G1 X113.281 Y105.195 E462.1551
G1 X113.454 Y105.017 E462.16051
G1 X113.875 Y104.8 E462.17083
G1 X113.455 Y104.566 E462.18132
G1 X113.283 Y104.387 E462.18673
G1 X113.237 Y104.228 E462.19034
G1 X113.233 Y103.869 E462.19816
G1 X113.281 Y103.695 E462.2021
G1 X113.456 Y103.516 E462.20756
G1 X113.879 Y103.3 E462.21791
G1 X113.456 Y103.068 E462.22843
G1 X113.282 Y102.889 E462.23387
G1 X113.239 Y102.761 E462.23682
G0 F9000 X113.231 Y102.561
G0 X112.73 Y102.582
G0 X107.581 Y101.839
;TYPE:FILL
G1 F2704.7 X112.437 Y106.696 E462.80322
G1 X112.565 Y106.294 E462.83801
G1 X112.433 Y105.871 E462.87456
G1 X106.336 Y99.774 E463.58564
G1 X107.157 Y99.774 E463.65334
G1 X112.456 Y105.074 E464.27141
G1 X112.563 Y104.788 E464.2966
G1 X112.42 Y104.4 E464.3307
G1 X112.417 Y104.215 E464.34596
G1 X107.977 Y99.774 E464.86385
G1 X108.797 Y99.774 E464.93147
G1 X112.49 Y103.467 E465.36218
G1 X112.562 Y103.29 E465.37794
G1 X112.467 Y103.058 E465.39861
G1 X112.416 Y102.802 E465.42014
G1 X112.41 Y102.567 E465.43952
G1 X109.617 Y99.774 E465.76527
G1 X110.438 Y99.774 E465.83297
G1 X112.528 Y101.865 E466.07678
G1 X112.588 Y101.731 E466.08889
G1 X112.879 Y101.395 E466.12555
G1 X111.258 Y99.774 E466.3146
G1 X112.078 Y99.774 E466.38223
G1 X113.212 Y100.909 E466.51454
G1 X113.345 Y100.691 E466.5356
G1 X113.612 Y100.489 E466.56321
G1 X112.898 Y99.774 E466.64654
G1 X113.719 Y99.774 E466.71425
G1 X114.218 Y100.274 E466.7725
G1 X115.039 Y100.274 E466.84021
G1 X114.539 Y99.774 E466.89853
G1 X115.359 Y99.774 E466.96615
G1 X115.859 Y100.274 E467.02446
G1 X116.679 Y100.274 E467.09209
G1 X116.179 Y99.774 E467.1504
G1 X117 Y99.774 E467.21811
G1 X117.499 Y100.274 E467.27636
G1 X118.32 Y100.274 E467.34407
G1 X117.82 Y99.774 E467.40238
G1 X118.64 Y99.774 E467.47001
G1 X119.14 Y100.274 E467.52832
G1 X119.915 Y100.274 E467.59224
G1 X119.915 Y100.229 E467.59595
G1 X119.46 Y99.774 E467.64901
G1 X119.911 Y99.774 E467.68621
G0 F9000 X100.08 Y100.274
G1 F2704.7 X100.274 Y100.274 E467.7022
G1 X100.081 Y100.081 E467.72471
G1 X100.083 Y99.774 E467.75003
G1 X100.595 Y99.774 E467.79226
G1 X101.094 Y100.274 E467.85051
G1 X101.914 Y100.274 E467.91814
G1 X101.415 Y99.774 E467.97639
G1 X102.235 Y99.774 E468.04402
G1 X102.734 Y100.274 E468.10227
G1 X103.555 Y100.274 E468.16998
G1 X103.055 Y99.774 E468.22829
G1 X103.876 Y99.774 E468.296
G1 X104.376 Y100.274 E468.35431
G1 X105.196 Y100.274 E468.42194
G1 X104.696 Y99.774 E468.48025
G1 X105.516 Y99.774 E468.54788
G1 X106.097 Y100.355 E468.61564
G1 X106.338 Y100.418 E468.63618
G1 X106.983 Y100.791 E468.69763
G1 X107.337 Y101.107 E468.73676
G1 X107.531 Y101.492 E468.77231
G1 X107.581 Y101.822 E468.79984
G1 X107.587 Y102.147 E468.82664
G1 X107.56 Y102.419 E468.84919
G1 X107.5 Y102.579 E468.86328
G1 X112.47 Y107.549 E469.44292
G1 X112.565 Y107.789 E469.46421
G1 X112.471 Y108.021 E469.48485
G1 X112.418 Y108.317 E469.50965
G1 X107.586 Y103.485 E470.0732
G1 X107.587 Y103.869 E470.10486
G1 X107.463 Y104.182 E470.13263
G1 X112.568 Y109.293 E470.72836
G1 X112.472 Y109.525 E470.74907
G1 X112.4 Y109.939 E470.78372
G1 X107.587 Y105.126 E471.34506
G1 X107.586 Y105.298 E471.35924
G1 X107.436 Y105.757 E471.39906
G1 X107.454 Y105.814 E471.40399
G1 X112.53 Y110.889 E471.99594
G1 X112.428 Y111.141 E472.01836
G1 X112.417 Y111.597 E472.05598
G1 X107.589 Y106.768 E472.61911
G1 X107.541 Y107.026 E472.64076
G1 X107.442 Y107.262 E472.66186
G1 X107.562 Y107.562 E472.68851
G1 X112.468 Y112.468 E473.26069
G1 X112.413 Y112.763 E473.28543
G1 X112.42 Y113.24 E473.32477
G1 X107.574 Y108.394 E473.88995
G1 X107.434 Y108.748 E473.92135
G1 X107.535 Y108.986 E473.94267
G1 X107.567 Y109.208 E473.96117
G1 X112.443 Y114.083 E474.52979
G1 X112.413 Y114.214 E474.54087
G1 X112.421 Y114.882 E474.59596
G1 X107.533 Y109.994 E475.16604
G1 X107.432 Y110.247 E475.18851
G1 X107.581 Y110.613 E475.2211
G1 X107.583 Y110.864 E475.2418
G1 X112.412 Y115.693 E475.80499
G1 X112.423 Y116.257 E475.85151
G1 X112.49 Y116.591 E475.87961
G1 X107.478 Y111.58 E476.46409
G1 X107.396 Y111.741 E476.47899
G1 X107.516 Y111.934 E476.49773
G1 X107.645 Y112.472 E476.54336
G1 X107.589 Y112.472 E476.54798
G1 X107.587 Y112.508 E476.55095
G1 X112.416 Y117.338 E477.1142
G1 X112.419 Y117.691 E477.14332
G1 X112.487 Y118.052 E477.17361
G1 X112.574 Y118.242 E477.19084
G1 X112.551 Y118.293 E477.19546
G1 X107.443 Y113.185 E477.79119
G1 X107.437 Y113.2 E477.79253
G1 X107.591 Y113.579 E477.82626
G1 X107.587 Y114.149 E477.87327
G1 X112.42 Y118.982 E478.43694
G1 X112.419 Y119.158 E478.45145
G1 X112.49 Y119.563 E478.48536
G1 X112.577 Y119.742 E478.50177
G1 X112.506 Y119.888 E478.51516
G1 X107.491 Y114.873 E479.10005
G1 X107.583 Y115.152 E479.12428
G1 X107.596 Y115.685 E479.16825
G1 X107.577 Y115.78 E479.17624
G1 X112.02 Y120.223 E479.69442
G1 X111.2 Y120.223 E479.76204
G1 X107.594 Y116.617 E480.1826
G1 X107.571 Y117.414 E480.24836
G1 X110.38 Y120.223 E480.57596
G1 X109.559 Y120.223 E480.64367
G1 X107.591 Y118.255 E480.87319
G1 X107.578 Y118.657 E480.90636
G1 X107.528 Y119.011 E480.93585
G1 X108.739 Y120.223 E481.07714
G1 X107.584 Y120.223 E481.17239
G1 X107.587 Y119.89 E481.19986
G1 X107.919 Y120.223 E481.23864
G0 F9000 X107.919 Y120.145
;MESH:NONMESH
G0 F600 X107.919 Y120.145 Z5.44
G0 F9000 X112.719 Y102.343
G0 X112.889 Y102.336
;TIME_ELAPSED:612.508299
;LAYER:43
;TYPE:WALL-INNER
;MESH:belt_holder_screw.stl
G1 F1617.6 X113.002 Y102 E481.24704
G1 X113.183 Y101.801 E481.25341
G1 X113.634 Y101.575 E481.26537
G1 X113.551 Y101.4 E481.26996
G1 X113.595 Y101.251 E481.27364
G1 X113.825 Y100.956 E481.2825
G1 X114.151 Y100.815 E481.29092
G1 X120.366 Y100.815 E481.4382
G1 X120.359 Y99.235 E481.47564
G1 X99.639 Y99.235 E481.96666
G1 X99.623 Y100.815 E482.00411
G1 X100.421 Y100.815 E482.02302
G1 X105.791 Y100.815 E482.15028
G1 X106.143 Y100.907 E482.1589
G1 X106.748 Y101.251 E482.17539
G1 X106.967 Y101.446 E482.18234
G1 X107.104 Y101.72 E482.1896
G1 X107.112 Y102.236 E482.20183
G1 X107.031 Y102.493 E482.20822
G1 X106.765 Y102.763 E482.2172
G1 X107.032 Y103.033 E482.2262
G1 X107.119 Y103.236 E482.23143
G1 X107.11 Y103.704 E482.24252
G1 X107.031 Y103.992 E482.2496
G1 X106.764 Y104.262 E482.2586
G1 X107.032 Y104.532 E482.26761
G1 X107.112 Y104.798 E482.2742
G1 X107.11 Y105.278 E482.28557
G1 X107.028 Y105.499 E482.29116
G1 X106.759 Y105.767 E482.30016
G1 X107.025 Y106.036 E482.30912
G1 X107.102 Y106.3 E482.31564
G1 X107.111 Y106.707 E482.32528
G1 X107.029 Y106.996 E482.3324
G1 X106.76 Y107.268 E482.34147
G1 X107.028 Y107.539 E482.3505
G1 X107.106 Y107.802 E482.357
G1 X107.099 Y108.214 E482.36677
G1 X107.022 Y108.489 E482.37353
G1 X106.758 Y108.763 E482.38255
G1 X107.025 Y109.035 E482.39158
G1 X107.108 Y109.352 E482.39935
G1 X107.097 Y109.745 E482.40867
G1 X107.021 Y109.99 E482.41475
G1 X106.757 Y110.262 E482.42373
G1 X107.024 Y110.534 E482.43276
G1 X107.107 Y110.85 E482.4405
G1 X107.103 Y111.202 E482.44885
G1 X107.037 Y111.42 E482.45424
G1 X106.874 Y111.642 E482.46077
G1 X106.736 Y111.735 E482.46471
G1 X106.876 Y111.858 E482.46913
G1 X107.042 Y112.077 E482.47564
G1 X107.117 Y112.301 E482.48124
G1 X107.11 Y112.654 E482.48961
G1 X107.031 Y112.942 E482.49668
G1 X106.764 Y113.212 E482.50568
G1 X107.032 Y113.482 E482.5147
G1 X107.112 Y113.748 E482.52128
G1 X107.11 Y114.228 E482.53266
G1 X107.028 Y114.449 E482.53824
G1 X106.759 Y114.717 E482.54724
G1 X107.025 Y114.986 E482.5562
G1 X107.102 Y115.25 E482.56272
G1 X107.111 Y115.657 E482.57237
G1 X107.029 Y115.946 E482.57949
G1 X106.76 Y116.218 E482.58855
G1 X107.028 Y116.489 E482.59759
G1 X107.106 Y116.752 E482.60409
G1 X107.099 Y117.164 E482.61385
G1 X107.022 Y117.439 E482.62062
G1 X106.758 Y117.713 E482.62964
G1 X107.025 Y117.985 E482.63867
G1 X107.11 Y118.258 E482.64544
G1 X107.098 Y118.74 E482.65687
G1 X107.034 Y118.915 E482.66129
G1 X106.756 Y119.212 E482.67093
G1 X107.037 Y119.508 E482.6806
G1 X107.109 Y119.7 E482.68546
G1 X107.103 Y120.124 E482.69551
G1 X106.816 Y120.684 E482.71042
G1 X106.768 Y120.714 E482.71176
G1 X106.825 Y120.765 E482.71357
G1 X112.944 Y120.765 E482.85858
G1 X112.888 Y120.626 E482.86213
G1 X112.891 Y120.337 E482.86898
G1 X112.996 Y119.97 E482.87803
G1 X113.243 Y119.732 E482.88615
G1 X112.997 Y119.495 E482.89425
G1 X112.936 Y119.371 E482.89752
G1 X112.892 Y119.104 E482.90394
G1 X112.901 Y118.744 E482.91247
G1 X112.992 Y118.484 E482.919
G1 X113.244 Y118.235 E482.92739
G1 X112.992 Y117.986 E482.93579
G1 X112.899 Y117.675 E482.94348
G1 X112.899 Y117.252 E482.95351
G1 X112.976 Y117.006 E482.95961
G1 X113.242 Y116.736 E482.9686
G1 X112.976 Y116.466 E482.97758
G1 X112.895 Y116.153 E482.98524
G1 X112.897 Y115.775 E482.9942
G1 X112.976 Y115.506 E483.00084
G1 X113.242 Y115.236 E483.00982
G1 X112.976 Y114.966 E483.01881
G1 X112.894 Y114.708 E483.02522
G1 X112.901 Y114.243 E483.03624
G1 X112.977 Y114.005 E483.04216
G1 X113.241 Y113.734 E483.05113
G1 X112.976 Y113.463 E483.06011
G1 X112.897 Y113.199 E483.06664
G1 X112.896 Y112.801 E483.07607
G1 X112.977 Y112.505 E483.08335
G1 X113.243 Y112.235 E483.09233
G1 X112.976 Y111.964 E483.10134
G1 X112.895 Y111.716 E483.10753
G1 X112.891 Y111.283 E483.11779
G1 X112.973 Y111.061 E483.1234
G1 X113.244 Y110.782 E483.13261
G1 X112.974 Y110.504 E483.1418
G1 X112.892 Y110.187 E483.14956
G1 X112.903 Y109.803 E483.15866
G1 X112.979 Y109.558 E483.16474
G1 X113.244 Y109.285 E483.17376
G1 X112.979 Y109.012 E483.18277
G1 X112.9 Y108.747 E483.18932
G1 X112.899 Y108.302 E483.19987
G1 X112.976 Y108.056 E483.20598
G1 X113.242 Y107.786 E483.21496
G1 X112.976 Y107.516 E483.22394
G1 X112.895 Y107.203 E483.2316
G1 X112.897 Y106.825 E483.24056
G1 X112.976 Y106.556 E483.24721
G1 X113.242 Y106.286 E483.25619
G1 X112.976 Y106.016 E483.26517
G1 X112.894 Y105.758 E483.27159
G1 X112.901 Y105.293 E483.28261
G1 X112.977 Y105.055 E483.28853
G1 X113.241 Y104.784 E483.29749
G1 X112.976 Y104.513 E483.30647
G1 X112.897 Y104.249 E483.31301
G1 X112.901 Y103.793 E483.32381
G1 X112.977 Y103.555 E483.32973
G1 X113.242 Y103.286 E483.33868
G1 X112.976 Y103.016 E483.34766
G1 X112.895 Y102.769 E483.35382
G1 X112.889 Y102.336 E483.36408
G0 F9000 X113.175 Y102.724
;TYPE:WALL-OUTER
G1 F1244.3 X113.169 Y102.356 E483.37211
G1 X113.237 Y102.153 E483.37678
G1 X113.348 Y102.032 E483.38036
G1 X113.954 Y101.728 E483.39514
G1 X113.825 Y101.456 E483.4017
G1 X113.854 Y101.359 E483.40391
G1 X113.993 Y101.18 E483.40885
G1 X114.19 Y101.095 E483.41353
G1 X120.646 Y101.095 E483.55428
G1 X120.636 Y98.955 E483.60094
G1 X99.362 Y98.955 E484.06475
G1 X99.34 Y101.095 E484.11141
G1 X100.421 Y101.095 E484.13498
G1 X105.791 Y101.095 E484.25206
G1 X106.004 Y101.151 E484.25686
G1 X106.609 Y101.495 E484.27203
G1 X106.742 Y101.613 E484.27591
G1 X106.826 Y101.781 E484.28
G1 X106.827 Y102.229 E484.28977
G1 X106.782 Y102.363 E484.29285
G1 X106.609 Y102.541 E484.29826
G1 X106.177 Y102.752 E484.30875
G1 X106.61 Y102.988 E484.3195
G1 X106.785 Y103.164 E484.32491
G1 X106.836 Y103.373 E484.3296
G1 X106.831 Y103.688 E484.33647
G1 X106.782 Y103.862 E484.34041
G1 X106.608 Y104.039 E484.34582
G1 X106.176 Y104.254 E484.35634
G1 X106.61 Y104.488 E484.36709
G1 X106.785 Y104.664 E484.3725
G1 X106.836 Y104.873 E484.37719
G1 X106.831 Y105.189 E484.38408
G1 X106.781 Y105.366 E484.38809
G1 X106.603 Y105.544 E484.39358
G1 X106.171 Y105.755 E484.40406
G1 X106.601 Y105.987 E484.41472
G1 X106.777 Y106.166 E484.42019
G1 X106.824 Y106.326 E484.42382
G1 X106.832 Y106.689 E484.43174
G1 X106.782 Y106.865 E484.43573
G1 X106.607 Y107.041 E484.44114
G1 X106.179 Y107.256 E484.45158
G1 X106.606 Y107.492 E484.46222
G1 X106.78 Y107.669 E484.46763
G1 X106.827 Y107.828 E484.47125
G1 X106.816 Y108.232 E484.48006
G1 X106.773 Y108.36 E484.483
G1 X106.604 Y108.537 E484.48834
G1 X106.173 Y108.753 E484.49885
G1 X106.606 Y108.992 E484.50963
G1 X106.778 Y109.166 E484.51496
G1 X106.828 Y109.359 E484.51931
G1 X106.819 Y109.713 E484.52703
G1 X106.773 Y109.861 E484.53041
G1 X106.602 Y110.038 E484.53578
G1 X106.174 Y110.256 E484.54625
G1 X106.604 Y110.49 E484.55692
G1 X106.777 Y110.665 E484.56229
G1 X106.827 Y110.874 E484.56697
G1 X106.822 Y111.25 E484.57517
G1 X106.663 Y111.465 E484.581
G1 X106.178 Y111.703 E484.59278
G1 X106.456 Y111.859 E484.59973
G1 X106.775 Y112.144 E484.60905
G1 X106.832 Y112.341 E484.61352
G1 X106.831 Y112.638 E484.62
G1 X106.782 Y112.812 E484.62394
G1 X106.608 Y112.989 E484.62935
G1 X106.176 Y113.204 E484.63987
G1 X106.61 Y113.438 E484.65062
G1 X106.785 Y113.614 E484.65603
G1 X106.836 Y113.823 E484.66072
G1 X106.831 Y114.139 E484.66761
G1 X106.781 Y114.316 E484.67162
G1 X106.603 Y114.494 E484.67711
G1 X106.171 Y114.705 E484.68759
G1 X106.601 Y114.937 E484.69825
G1 X106.777 Y115.116 E484.70372
G1 X106.824 Y115.276 E484.70736
G1 X106.832 Y115.639 E484.71527
G1 X106.782 Y115.815 E484.71926
G1 X106.607 Y115.991 E484.72467
G1 X106.179 Y116.206 E484.73511
G1 X106.606 Y116.442 E484.74575
G1 X106.78 Y116.619 E484.75116
G1 X106.827 Y116.778 E484.75478
G1 X106.816 Y117.182 E484.76359
G1 X106.773 Y117.31 E484.76653
G1 X106.604 Y117.487 E484.77187
G1 X106.173 Y117.703 E484.78238
G1 X106.606 Y117.942 E484.79316
G1 X106.778 Y118.116 E484.7985
G1 X106.825 Y118.263 E484.80186
G1 X106.821 Y118.623 E484.80971
G1 X106.781 Y118.796 E484.81358
G1 X106.602 Y118.988 E484.8193
G1 X106.174 Y119.206 E484.82978
G1 X106.604 Y119.44 E484.84045
G1 X106.785 Y119.63 E484.84617
G1 X106.827 Y119.824 E484.8505
G1 X106.823 Y120.12 E484.85695
G1 X106.643 Y120.472 E484.86557
G1 X106.279 Y120.65 E484.8744
G1 X106.719 Y121.045 E484.8873
G1 X113.272 Y121.045 E485.03016
G1 X113.346 Y120.978 E485.03234
G1 X113.292 Y120.938 E485.03381
G1 X113.168 Y120.629 E485.04107
G1 X113.171 Y120.34 E485.04737
G1 X113.235 Y120.118 E485.0524
G1 X113.389 Y119.97 E485.05706
G1 X113.828 Y119.746 E485.06781
G1 X113.389 Y119.497 E485.07881
G1 X113.235 Y119.348 E485.08348
G1 X113.172 Y119.111 E485.08883
G1 X113.186 Y118.758 E485.09653
G1 X113.235 Y118.623 E485.09966
G1 X113.397 Y118.463 E485.10462
G1 X113.827 Y118.247 E485.11512
G1 X113.397 Y118.007 E485.12585
G1 X113.235 Y117.846 E485.13083
G1 X113.178 Y117.658 E485.13511
G1 X113.177 Y117.285 E485.14325
G1 X113.224 Y117.136 E485.14665
G1 X113.398 Y116.96 E485.15205
G1 X113.827 Y116.747 E485.16249
G1 X113.398 Y116.512 E485.17316
G1 X113.224 Y116.335 E485.17857
G1 X113.176 Y116.176 E485.18219
G1 X113.176 Y115.8 E485.19039
G1 X113.224 Y115.636 E485.19411
G1 X113.398 Y115.46 E485.19951
G1 X113.829 Y115.247 E485.20999
G1 X113.398 Y115.012 E485.22069
G1 X113.224 Y114.835 E485.2261
G1 X113.176 Y114.676 E485.22972
G1 X113.176 Y114.315 E485.23759
G1 X113.225 Y114.136 E485.24164
G1 X113.395 Y113.96 E485.24698
G1 X113.819 Y113.745 E485.25734
G1 X113.394 Y113.508 E485.26795
G1 X113.224 Y113.332 E485.27328
G1 X113.176 Y113.173 E485.2769
G1 X113.176 Y112.815 E485.28471
G1 X113.225 Y112.635 E485.28878
G1 X113.398 Y112.459 E485.29416
G1 X113.822 Y112.241 E485.30455
G1 X113.397 Y112.009 E485.31511
G1 X113.223 Y111.833 E485.3205
G1 X113.18 Y111.704 E485.32347
G1 X113.171 Y111.366 E485.33084
G1 X113.221 Y111.193 E485.33477
G1 X113.389 Y111.02 E485.34002
G1 X113.83 Y110.796 E485.35081
G1 X113.389 Y110.547 E485.36185
G1 X113.221 Y110.373 E485.36712
G1 X113.173 Y110.213 E485.37076
G1 X113.181 Y109.836 E485.37899
G1 X113.228 Y109.688 E485.38237
G1 X113.397 Y109.513 E485.38768
G1 X113.827 Y109.297 E485.39817
G1 X113.397 Y109.057 E485.4089
G1 X113.227 Y108.882 E485.41422
G1 X113.179 Y108.752 E485.41724
G1 X113.177 Y108.335 E485.42633
G1 X113.224 Y108.186 E485.42974
G1 X113.398 Y108.01 E485.43514
G1 X113.827 Y107.797 E485.44558
G1 X113.398 Y107.562 E485.45624
G1 X113.224 Y107.385 E485.46166
G1 X113.176 Y107.226 E485.46528
G1 X113.176 Y106.85 E485.47347
G1 X113.224 Y106.686 E485.4772
G1 X113.398 Y106.51 E485.4826
G1 X113.829 Y106.297 E485.49308
G1 X113.398 Y106.062 E485.50378
G1 X113.224 Y105.885 E485.50919
G1 X113.176 Y105.726 E485.51281
G1 X113.176 Y105.365 E485.52068
G1 X113.225 Y105.186 E485.52473
G1 X113.395 Y105.01 E485.53006
G1 X113.819 Y104.795 E485.54043
G1 X113.394 Y104.558 E485.55104
G1 X113.224 Y104.382 E485.55637
G1 X113.176 Y104.223 E485.55999
G1 X113.176 Y103.865 E485.5678
G1 X113.225 Y103.685 E485.57187
G1 X113.398 Y103.508 E485.57726
G1 X113.821 Y103.291 E485.58763
G1 X113.398 Y103.061 E485.59812
G1 X113.224 Y102.885 E485.60352
G1 X113.175 Y102.724 E485.60719
G0 F9000 X113.172 Y102.524
G0 X112.768 Y101.806
;TYPE:FILL
G1 F2547.2 X112.744 Y101.829 E485.60772
G1 X112.621 Y102.071 E485.6121
G1 X112.571 Y102.307 E485.61599
G1 X112.582 Y102.786 E485.62371
G1 X112.677 Y103.083 E485.62873
G1 X112.715 Y103.399 E485.63386
G1 X112.682 Y103.445 E485.63477
G1 X112.579 Y103.776 E485.64036
G1 X112.582 Y104.315 E485.64905
G1 X112.676 Y104.584 E485.65364
G1 X112.824 Y104.784 E485.65765
G1 X112.706 Y104.904 E485.66036
G1 X112.576 Y105.282 E485.6668
G1 X112.582 Y105.72 E485.67386
G1 X112.627 Y105.974 E485.67802
G0 F9000 X112.605 Y107.391
G1 F2547.2 X112.677 Y107.593 E485.68147
G1 X112.681 Y107.953 E485.68727
G1 X112.583 Y108.233 E485.69205
G1 X112.575 Y108.74 E485.70022
G1 X112.678 Y109.094 E485.70617
G1 X112.825 Y109.285 E485.71005
G1 X112.682 Y109.451 E485.71358
G1 X112.581 Y109.762 E485.71885
G1 X112.572 Y110.211 E485.72609
G0 F9000 X112.824 Y110.782
G1 F2547.2 X112.678 Y110.95 E485.72967
G1 X112.577 Y111.306 E485.73564
G1 X112.581 Y111.765 E485.74303
G1 X112.676 Y112.032 E485.7476
G1 X112.714 Y112.349 E485.75274
G1 X112.682 Y112.393 E485.75362
G1 X112.574 Y112.669 E485.7584
G1 X112.583 Y113.268 E485.76805
G1 X112.676 Y113.534 E485.77259
G1 X112.824 Y113.734 E485.7766
G1 X112.706 Y113.854 E485.77931
G1 X112.576 Y114.232 E485.78576
G1 X112.581 Y114.659 E485.79264
G1 X112.627 Y114.924 E485.79697
G0 F9000 X112.605 Y116.341
G1 F2547.2 X112.677 Y116.543 E485.80043
G1 X112.681 Y116.903 E485.80623
G1 X112.583 Y117.182 E485.81099
G1 X112.574 Y117.799 E485.82094
G1 X112.777 Y118.235 E485.82869
G1 X112.711 Y118.331 E485.83056
G1 X112.581 Y118.655 E485.83619
G1 X112.569 Y119.093 E485.84325
G1 X112.628 Y119.444 E485.84899
G1 X112.769 Y119.732 E485.85415
G1 X112.631 Y119.987 E485.85883
G1 X112.571 Y120.325 E485.86436
G1 X112.562 Y120.437 E485.86617
G0 F9000 X107.318 Y120.454
G0 X107.256 Y120.453
G1 F2547.2 X107.422 Y120.127 E485.87206
G1 X107.422 Y119.723 E485.87857
G1 X107.381 Y119.553 E485.88139
G1 X107.166 Y119.211 E485.8879
G1 X107.336 Y119.018 E485.89205
G1 X107.424 Y118.749 E485.89661
G1 X107.421 Y118.204 E485.90539
G1 X107.325 Y117.91 E485.91037
G1 X107.178 Y117.711 E485.91436
G1 X107.31 Y117.575 E485.91741
G1 X107.424 Y117.216 E485.92348
G1 X107.42 Y116.718 E485.93151
G1 X107.325 Y116.412 E485.93667
G1 X107.32 Y116.051 E485.94249
G1 X107.426 Y115.67 E485.94886
G1 X107.417 Y115.217 E485.95617
G1 X107.321 Y114.906 E485.96141
G1 X107.231 Y114.693 E485.96514
G1 X107.168 Y114.729 E485.96631
G1 X107.147 Y114.693 E485.96698
G1 X107.321 Y114.546 E485.97065
G1 X107.42 Y114.242 E485.9758
G1 X107.429 Y113.754 E485.98366
G1 X107.325 Y113.397 E485.98966
G1 X107.238 Y113.186 E485.99333
G1 X107.175 Y113.222 E485.9945
G1 X107.176 Y113.15 E485.99566
G1 X107.276 Y113.125 E485.99733
G1 X107.255 Y113.089 E485.998
G1 X107.321 Y113.049 E485.99924
G1 X107.423 Y112.729 E486.00465
G1 X107.429 Y112.329 E486.0111
G0 F9000 X107.176 Y111.747
G1 F2547.2 X107.328 Y111.537 E486.01528
G1 X107.419 Y111.216 E486.02065
G1 X107.415 Y110.765 E486.02792
G1 X107.321 Y110.459 E486.03308
G1 X107.178 Y110.261 E486.03702
G1 X107.307 Y110.128 E486.04
G1 X107.421 Y109.751 E486.04635
G1 X107.424 Y109.262 E486.05423
G1 X107.325 Y108.961 E486.05933
G1 X107.178 Y108.761 E486.06333
G1 X107.31 Y108.625 E486.06639
G1 X107.424 Y108.266 E486.07246
G1 X107.42 Y107.768 E486.08048
G1 X107.325 Y107.462 E486.08565
G1 X107.32 Y107.101 E486.09146
G1 X107.426 Y106.72 E486.09784
G1 X107.417 Y106.267 E486.10514
G1 X107.321 Y105.956 E486.11038
G1 X107.231 Y105.743 E486.11411
G1 X107.168 Y105.779 E486.11528
G1 X107.147 Y105.743 E486.11595
G1 X107.321 Y105.596 E486.11962
G1 X107.42 Y105.292 E486.12477
G1 X107.429 Y104.804 E486.13264
G1 X107.325 Y104.447 E486.13863
G1 X107.238 Y104.236 E486.14231
G1 X107.175 Y104.272 E486.14348
G1 X107.176 Y104.2 E486.14464
G1 X107.276 Y104.175 E486.1463
G1 X107.255 Y104.139 E486.14697
G1 X107.321 Y104.099 E486.14821
G1 X107.423 Y103.78 E486.15361
G1 X107.429 Y103.305 E486.16127
G1 X107.324 Y102.948 E486.16726
G1 X107.239 Y102.736 E486.17094
G1 X107.176 Y102.772 E486.17211
G1 X107.155 Y102.736 E486.17278
G1 X107.32 Y102.6 E486.17623
G1 X107.422 Y102.242 E486.18223
G1 X107.422 Y101.883 E486.18801
G1 X107.38 Y101.584 E486.19288
G1 X107.345 Y101.604 E486.19353
G1 X107.324 Y101.568 E486.1942
G1 X107.386 Y101.532 E486.19536
G1 X107.294 Y101.343 E486.19874
G1 X107.231 Y101.379 E486.19991
G1 X107.21 Y101.343 E486.20058
G1 X107.272 Y101.307 E486.20174
G1 X107.004 Y101.066 E486.20755
G1 X106.941 Y101.102 E486.20872
G1 X106.92 Y101.066 E486.20939
G1 X106.982 Y101.03 E486.21054
G1 X106.925 Y101.011 E486.21151
G1 X106.862 Y101.047 E486.21268
G1 X106.841 Y101.011 E486.21335
G1 X106.903 Y100.975 E486.21451
G0 F9000 X107.052 Y100.712
;MESH:NONMESH
G0 F600 X107.052 Y100.712 Z5.56
G0 F9000 X107.252 Y101.36
G0 X107.29 Y120.629
G0 X106.841 Y120.719
;TIME_ELAPSED:624.022329
;LAYER:44
;TYPE:WALL-INNER
;MESH:belt_holder_screw.stl
G1 F1384.3 X106.892 Y120.765 E486.21614
G1 X112.876 Y120.764 E486.35794
G1 X112.825 Y120.644 E486.36103
G1 X112.817 Y120.349 E486.36803
G1 X112.86 Y120.082 E486.37444
G1 X112.923 Y119.954 E486.37782
G1 X113.171 Y119.725 E486.38582
G1 X112.925 Y119.495 E486.3938
G1 X112.863 Y119.366 E486.39719
G1 X112.822 Y119.093 E486.40373
G1 X112.838 Y118.733 E486.41227
G1 X112.93 Y118.474 E486.41878
G1 X113.185 Y118.228 E486.42718
G1 X112.93 Y117.982 E486.43558
G1 X112.837 Y117.683 E486.443
G1 X112.835 Y117.292 E486.45226
G1 X112.917 Y116.998 E486.4595
G1 X113.18 Y116.73 E486.4684
G1 X112.914 Y116.463 E486.47733
G1 X112.828 Y116.145 E486.48513
G1 X112.841 Y115.728 E486.49502
G1 X112.918 Y115.494 E486.50086
G1 X113.181 Y115.227 E486.50974
G1 X112.917 Y114.96 E486.51864
G1 X112.837 Y114.698 E486.52513
G1 X112.83 Y114.244 E486.53589
G1 X112.911 Y113.989 E486.54223
G1 X113.178 Y113.724 E486.55114
G1 X112.915 Y113.456 E486.56004
G1 X112.837 Y113.193 E486.56654
G1 X112.826 Y112.81 E486.57562
G1 X112.913 Y112.493 E486.58341
G1 X113.184 Y112.228 E486.5924
G1 X112.916 Y111.96 E486.60138
G1 X112.837 Y111.695 E486.60793
G1 X112.837 Y111.31 E486.61705
G1 X112.914 Y111.044 E486.62362
G1 X113.173 Y110.778 E486.63241
G1 X112.909 Y110.516 E486.64123
G1 X112.819 Y110.219 E486.64858
G1 X112.835 Y109.842 E486.65753
G1 X112.919 Y109.544 E486.66486
G1 X113.186 Y109.278 E486.67379
G1 X112.919 Y109.012 E486.68273
G1 X112.838 Y108.745 E486.68934
G1 X112.835 Y108.342 E486.69889
G1 X112.917 Y108.048 E486.70612
G1 X113.18 Y107.78 E486.71502
G1 X112.914 Y107.513 E486.72395
G1 X112.828 Y107.195 E486.73176
G1 X112.841 Y106.778 E486.74164
G1 X112.918 Y106.544 E486.74748
G1 X113.181 Y106.277 E486.75636
G1 X112.917 Y106.01 E486.76526
G1 X112.837 Y105.748 E486.77175
G1 X112.83 Y105.294 E486.78251
G1 X112.911 Y105.039 E486.78885
G1 X113.178 Y104.774 E486.79777
G1 X112.915 Y104.506 E486.80667
G1 X112.837 Y104.243 E486.81317
G1 X112.826 Y103.859 E486.82227
G1 X112.913 Y103.543 E486.83004
G1 X113.183 Y103.278 E486.839
G1 X112.916 Y103.01 E486.84797
G1 X112.836 Y102.742 E486.8546
G1 X112.837 Y102.318 E486.86465
G1 X112.957 Y101.981 E486.87312
G1 X113.142 Y101.785 E486.87951
G1 X113.602 Y101.559 E486.89166
G1 X113.52 Y101.379 E486.89634
G1 X113.564 Y101.242 E486.89975
G1 X113.795 Y100.952 E486.90854
G1 X114.116 Y100.815 E486.91681
G1 X120.266 Y100.815 E487.06255
G1 X120.262 Y99.235 E487.09999
G1 X99.731 Y99.235 E487.58653
G1 X99.721 Y100.087 E487.60673
G1 X99.722 Y100.815 E487.62398
G1 X105.833 Y100.815 E487.7688
G1 X106.181 Y100.905 E487.77731
G1 X106.808 Y101.257 E487.79435
G1 X107.031 Y101.453 E487.80139
G1 X107.169 Y101.728 E487.80868
G1 X107.174 Y102.281 E487.82179
G1 X107.092 Y102.504 E487.82742
G1 X106.827 Y102.77 E487.83632
G1 X107.095 Y103.034 E487.84523
G1 X107.181 Y103.351 E487.85301
G1 X107.168 Y103.774 E487.86304
G1 X107.092 Y104.003 E487.86876
G1 X106.827 Y104.27 E487.87768
G1 X107.095 Y104.534 E487.88659
G1 X107.184 Y104.767 E487.8925
G1 X107.168 Y105.275 E487.90455
G1 X107.088 Y105.513 E487.9105
G1 X106.82 Y105.776 E487.91939
G1 X107.084 Y106.042 E487.92828
G1 X107.163 Y106.307 E487.93483
G1 X107.161 Y106.755 E487.94544
G1 X107.082 Y107.004 E487.95164
G1 X106.817 Y107.272 E487.96057
G1 X107.083 Y107.541 E487.96953
G1 X107.163 Y107.808 E487.97614
G1 X107.165 Y108.239 E487.98635
G1 X107.081 Y108.503 E487.99292
G1 X106.818 Y108.772 E488.00183
G1 X107.082 Y109.041 E488.01076
G1 X107.168 Y109.242 E488.01594
G1 X107.165 Y109.702 E488.02685
G1 X107.081 Y110.004 E488.03427
G1 X106.818 Y110.271 E488.04316
G1 X107.082 Y110.538 E488.05205
G1 X107.163 Y110.807 E488.05871
G1 X107.169 Y111.171 E488.06734
G1 X107.101 Y111.43 E488.07368
G1 X106.932 Y111.654 E488.08033
G1 X106.806 Y111.739 E488.08394
G1 X106.934 Y111.849 E488.08794
G1 X107.106 Y112.07 E488.09457
G1 X107.18 Y112.352 E488.10148
G1 X107.168 Y112.724 E488.1103
G1 X107.092 Y112.953 E488.11602
G1 X106.827 Y113.22 E488.12493
G1 X107.095 Y113.484 E488.13385
G1 X107.184 Y113.717 E488.13976
G1 X107.168 Y114.225 E488.1518
G1 X107.088 Y114.463 E488.15775
G1 X106.82 Y114.726 E488.16665
G1 X107.084 Y114.992 E488.17553
G1 X107.163 Y115.257 E488.18209
G1 X107.161 Y115.705 E488.1927
G1 X107.082 Y115.954 E488.19889
G1 X106.817 Y116.222 E488.20783
G1 X107.083 Y116.491 E488.21679
G1 X107.163 Y116.758 E488.2234
G1 X107.165 Y117.189 E488.23361
G1 X107.081 Y117.453 E488.24017
G1 X106.818 Y117.722 E488.24909
G1 X107.082 Y117.991 E488.25802
G1 X107.162 Y118.244 E488.26431
G1 X107.164 Y118.625 E488.27334
G1 X107.095 Y118.927 E488.28068
G1 X106.817 Y119.221 E488.29027
G1 X107.096 Y119.515 E488.29987
G1 X107.164 Y119.699 E488.30452
G1 X107.171 Y120.109 E488.31424
G1 X106.884 Y120.693 E488.32966
G1 X106.841 Y120.719 E488.33085
G1 F1800 E486.33085
G0 F9000 X107.382 Y120.633
G0 X112.614 Y102.714
G1 F900 E488.33085
G0 F9000 X113.115 Y102.716
;TYPE:WALL-OUTER
G1 F1064.9 X113.116 Y102.342 E488.33901
G1 X113.189 Y102.138 E488.34373
G1 X113.3 Y102.02 E488.34726
G1 X113.917 Y101.715 E488.36227
G1 X113.793 Y101.442 E488.3688
G1 X113.961 Y101.178 E488.37563
G1 X114.155 Y101.095 E488.38023
G1 X120.547 Y101.095 E488.51959
G1 X120.542 Y98.955 E488.56624
G1 X99.455 Y98.955 E489.02598
G1 X99.441 Y100.086 E489.05064
G1 X99.442 Y101.095 E489.07264
G1 X105.833 Y101.095 E489.21198
G1 X106.044 Y101.15 E489.21673
G1 X106.671 Y101.502 E489.23241
G1 X106.806 Y101.62 E489.23632
G1 X106.889 Y101.785 E489.24034
G1 X106.894 Y102.195 E489.24928
G1 X106.844 Y102.373 E489.25331
G1 X106.669 Y102.55 E489.25874
G1 X106.232 Y102.763 E489.26934
G1 X106.672 Y102.994 E489.28017
G1 X106.849 Y103.168 E489.28558
G1 X106.901 Y103.36 E489.28992
G1 X106.893 Y103.709 E489.29753
G1 X106.844 Y103.872 E489.30124
G1 X106.669 Y104.049 E489.30667
G1 X106.228 Y104.261 E489.31734
G1 X106.672 Y104.494 E489.32827
G1 X106.849 Y104.668 E489.33368
G1 X106.901 Y104.86 E489.33802
G1 X106.893 Y105.208 E489.34561
G1 X106.842 Y105.378 E489.34948
G1 X106.664 Y105.553 E489.35492
G1 X106.229 Y105.762 E489.36544
G1 X106.661 Y105.995 E489.37614
G1 X106.836 Y106.173 E489.38158
G1 X106.886 Y106.374 E489.3861
G1 X106.885 Y106.686 E489.3929
G1 X106.835 Y106.873 E489.39712
G1 X106.664 Y107.046 E489.40242
G1 X106.233 Y107.262 E489.41294
G1 X106.665 Y107.5 E489.42369
G1 X106.836 Y107.673 E489.42899
G1 X106.885 Y107.835 E489.43268
G1 X106.884 Y108.196 E489.44055
G1 X106.834 Y108.372 E489.44454
G1 X106.665 Y108.546 E489.44983
G1 X106.233 Y108.762 E489.46036
G1 X106.665 Y109 E489.47111
G1 X106.836 Y109.173 E489.47642
G1 X106.887 Y109.38 E489.48106
G1 X106.885 Y109.737 E489.48885
G1 X106.834 Y109.873 E489.49201
G1 X106.662 Y110.048 E489.49736
G1 X106.233 Y110.264 E489.50784
G1 X106.663 Y110.497 E489.5185
G1 X106.835 Y110.671 E489.52383
G1 X106.885 Y110.834 E489.52755
G1 X106.89 Y111.152 E489.53448
G1 X106.848 Y111.309 E489.53803
G1 X106.724 Y111.474 E489.54253
G1 X106.234 Y111.711 E489.55439
G1 X106.531 Y111.872 E489.56176
G1 X106.837 Y112.135 E489.57056
G1 X106.898 Y112.337 E489.57516
G1 X106.893 Y112.659 E489.58218
G1 X106.844 Y112.822 E489.58589
G1 X106.669 Y112.999 E489.59132
G1 X106.228 Y113.211 E489.60198
G1 X106.672 Y113.444 E489.61292
G1 X106.849 Y113.618 E489.61833
G1 X106.901 Y113.81 E489.62266
G1 X106.893 Y114.158 E489.63025
G1 X106.842 Y114.328 E489.63412
G1 X106.664 Y114.503 E489.63956
G1 X106.229 Y114.712 E489.65009
G1 X106.661 Y114.945 E489.66079
G1 X106.836 Y115.123 E489.66623
G1 X106.886 Y115.324 E489.67075
G1 X106.885 Y115.636 E489.67755
G1 X106.835 Y115.823 E489.68177
G1 X106.664 Y115.996 E489.68707
G1 X106.233 Y116.212 E489.69758
G1 X106.665 Y116.45 E489.70834
G1 X106.836 Y116.623 E489.71364
G1 X106.885 Y116.785 E489.71733
G1 X106.884 Y117.146 E489.7252
G1 X106.834 Y117.322 E489.72919
G1 X106.665 Y117.496 E489.73448
G1 X106.233 Y117.712 E489.74501
G1 X106.665 Y117.95 E489.75576
G1 X106.836 Y118.123 E489.76106
G1 X106.884 Y118.277 E489.76458
G1 X106.884 Y118.623 E489.77212
G1 X106.842 Y118.806 E489.77622
G1 X106.662 Y118.998 E489.78195
G1 X106.233 Y119.214 E489.79243
G1 X106.663 Y119.447 E489.80309
G1 X106.844 Y119.637 E489.80881
G1 X106.885 Y119.746 E489.81135
G1 X106.891 Y120.113 E489.81935
G1 X106.711 Y120.479 E489.82824
G1 X106.347 Y120.655 E489.83706
G1 X106.793 Y121.045 E489.84998
G1 X113.207 Y121.044 E489.98981
G1 X113.289 Y120.974 E489.99216
G1 X113.23 Y120.93 E489.99377
G1 X113.105 Y120.637 E490.00071
G1 X113.097 Y120.341 E490.00717
G1 X113.161 Y120.102 E490.01256
G1 X113.33 Y119.946 E490.01758
G1 X113.774 Y119.738 E490.02827
G1 X113.332 Y119.507 E490.03914
G1 X113.164 Y119.349 E490.04417
G1 X113.102 Y119.106 E490.04964
G1 X113.122 Y118.75 E490.05741
G1 X113.172 Y118.614 E490.06057
G1 X113.34 Y118.452 E490.06566
G1 X113.772 Y118.237 E490.07618
G1 X113.34 Y118.004 E490.08688
G1 X113.172 Y117.841 E490.09198
G1 X113.116 Y117.66 E490.09611
G1 X113.115 Y117.307 E490.10381
G1 X113.164 Y117.129 E490.10784
G1 X113.335 Y116.953 E490.11319
G1 X113.769 Y116.739 E490.12373
G1 X113.333 Y116.504 E490.13453
G1 X113.16 Y116.33 E490.13988
G1 X113.11 Y116.169 E490.14356
G1 X113.115 Y115.803 E490.15154
G1 X113.165 Y115.626 E490.15555
G1 X113.337 Y115.451 E490.1609
G1 X113.769 Y115.24 E490.17138
G1 X113.337 Y115.003 E490.18212
G1 X113.164 Y114.828 E490.18749
G1 X113.114 Y114.637 E490.19179
G1 X113.108 Y114.278 E490.19962
G1 X113.157 Y114.123 E490.20316
G1 X113.332 Y113.95 E490.20853
G1 X113.768 Y113.74 E490.21908
G1 X113.335 Y113.502 E490.22985
G1 X113.163 Y113.326 E490.23522
G1 X113.115 Y113.167 E490.23884
G1 X113.105 Y112.769 E490.24752
G1 X113.158 Y112.628 E490.2508
G1 X113.336 Y112.454 E490.25623
G1 X113.765 Y112.235 E490.26673
G1 X113.339 Y112.005 E490.27729
G1 X113.164 Y111.828 E490.28271
G1 X113.115 Y111.668 E490.28636
G1 X113.116 Y111.334 E490.29364
G1 X113.163 Y111.173 E490.2973
G1 X113.335 Y110.996 E490.30268
G1 X113.772 Y110.789 E490.31322
G1 X113.33 Y110.556 E490.32412
G1 X113.154 Y110.382 E490.32951
G1 X113.104 Y110.22 E490.33321
G1 X113.118 Y109.822 E490.34189
G1 X113.165 Y109.676 E490.34523
G1 X113.34 Y109.502 E490.35062
G1 X113.772 Y109.287 E490.36114
G1 X113.34 Y109.054 E490.37184
G1 X113.165 Y108.879 E490.37723
G1 X113.115 Y108.687 E490.38156
G1 X113.115 Y108.357 E490.38875
G1 X113.164 Y108.179 E490.39278
G1 X113.335 Y108.003 E490.39813
G1 X113.769 Y107.789 E490.40868
G1 X113.333 Y107.554 E490.41948
G1 X113.16 Y107.38 E490.42483
G1 X113.11 Y107.219 E490.4285
G1 X113.115 Y106.853 E490.43648
G1 X113.165 Y106.676 E490.44049
G1 X113.337 Y106.501 E490.44584
G1 X113.769 Y106.29 E490.45632
G1 X113.337 Y106.053 E490.46707
G1 X113.164 Y105.878 E490.47243
G1 X113.114 Y105.687 E490.47674
G1 X113.108 Y105.328 E490.48456
G1 X113.157 Y105.173 E490.48811
G1 X113.332 Y105 E490.49347
G1 X113.768 Y104.79 E490.50402
G1 X113.335 Y104.552 E490.5148
G1 X113.163 Y104.376 E490.52016
G1 X113.115 Y104.217 E490.52378
G1 X113.105 Y103.819 E490.53246
G1 X113.158 Y103.678 E490.53575
G1 X113.336 Y103.504 E490.54117
G1 X113.765 Y103.285 E490.55167
G1 X113.339 Y103.055 E490.56223
G1 X113.164 Y102.878 E490.56766
G1 X113.115 Y102.716 E490.57135
G0 F9000 X113.115 Y102.516
G0 X112.215 Y102.513
;MESH:NONMESH
G0 F600 X112.215 Y102.513 Z5.68
G0 F9000 X107.382 Y120.633
G0 X106.914 Y120.724
;TIME_ELAPSED:635.220846
;LAYER:45
;TYPE:WALL-INNER
;MESH:belt_holder_screw.stl
G1 F2866.1 X106.961 Y120.765 E490.57282
G1 X112.808 Y120.764 E490.71138
G1 X112.76 Y120.657 E490.71416
G1 X112.744 Y120.36 E490.72121
G1 X112.787 Y120.075 E490.72804
G1 X112.849 Y119.947 E490.73141
G1 X113.099 Y119.716 E490.73948
G1 X112.851 Y119.484 E490.74753
G1 X112.79 Y119.357 E490.75087
G1 X112.749 Y119.106 E490.75689
G1 X112.754 Y118.733 E490.76573
G1 X112.849 Y118.465 E490.77247
G1 X113.106 Y118.221 E490.78087
G1 X112.849 Y117.976 E490.78928
G1 X112.753 Y117.644 E490.79747
G1 X112.761 Y117.273 E490.80627
G1 X112.847 Y116.981 E490.81348
G1 X113.112 Y116.719 E490.82231
G1 X112.847 Y116.458 E490.83113
G1 X112.765 Y116.19 E490.83777
G1 X112.76 Y115.784 E490.84739
G1 X112.846 Y115.48 E490.85488
G1 X113.11 Y115.218 E490.86369
G1 X112.847 Y114.956 E490.87249
G1 X112.765 Y114.689 E490.87911
G1 X112.75 Y114.212 E490.89042
G1 X112.843 Y113.972 E490.89652
G1 X113.112 Y113.715 E490.90533
G1 X112.847 Y113.455 E490.91413
G1 X112.765 Y113.186 E490.9208
G1 X112.75 Y112.712 E490.93203
G1 X112.843 Y112.474 E490.93809
G1 X113.11 Y112.216 E490.94689
G1 X112.847 Y111.955 E490.95567
G1 X112.765 Y111.688 E490.96229
G1 X112.755 Y111.314 E490.97115
G1 X112.839 Y111.027 E490.97824
G1 X113.101 Y110.768 E490.98697
G1 X112.837 Y110.509 E490.99574
G1 X112.749 Y110.194 E491.00349
G1 X112.754 Y109.823 E491.01228
G1 X112.84 Y109.531 E491.01949
G1 X113.106 Y109.271 E491.02831
G1 X112.84 Y109.011 E491.03712
G1 X112.753 Y108.694 E491.04491
G1 X112.761 Y108.323 E491.05371
G1 X112.847 Y108.031 E491.06092
G1 X113.112 Y107.769 E491.06975
G1 X112.847 Y107.508 E491.07856
G1 X112.765 Y107.24 E491.08521
G1 X112.76 Y106.834 E491.09483
G1 X112.846 Y106.53 E491.10232
G1 X113.11 Y106.268 E491.11113
G1 X112.847 Y106.006 E491.11993
G1 X112.765 Y105.739 E491.12655
G1 X112.75 Y105.262 E491.13786
G1 X112.843 Y105.022 E491.14395
G1 X113.112 Y104.765 E491.15277
G1 X112.847 Y104.505 E491.16157
G1 X112.765 Y104.236 E491.16823
G1 X112.75 Y103.761 E491.1795
G1 X112.843 Y103.524 E491.18553
G1 X113.11 Y103.266 E491.19433
G1 X112.847 Y103.005 E491.20311
G1 X112.765 Y102.737 E491.20975
G1 X112.756 Y102.296 E491.2202
G1 X112.89 Y101.951 E491.22897
G1 X113.083 Y101.763 E491.23536
G1 X113.486 Y101.58 E491.24585
G1 X113.464 Y101.543 E491.24687
G1 X113.533 Y101.225 E491.25458
G1 X113.767 Y100.945 E491.26323
G1 X114.079 Y100.815 E491.27124
G1 X120.171 Y100.815 E491.4156
G1 X120.17 Y99.235 E491.45305
G1 X99.83 Y99.235 E491.93506
G1 X99.83 Y100.025 E491.95378
G1 X99.83 Y100.815 E491.9725
G1 X105.875 Y100.815 E492.11576
G1 X106.217 Y100.902 E492.12412
G1 X106.869 Y101.258 E492.14172
G1 X107.097 Y101.458 E492.14891
G1 X107.236 Y101.736 E492.15628
G1 X107.24 Y102.253 E492.16853
G1 X107.154 Y102.514 E492.17504
G1 X106.893 Y102.777 E492.18382
G1 X107.158 Y103.037 E492.19262
G1 X107.246 Y103.353 E492.20039
G1 X107.236 Y103.74 E492.20957
G1 X107.154 Y104.014 E492.21634
G1 X106.893 Y104.277 E492.22512
G1 X107.158 Y104.537 E492.23392
G1 X107.246 Y104.853 E492.2417
G1 X107.229 Y105.299 E492.25227
G1 X107.153 Y105.517 E492.25774
G1 X106.89 Y105.779 E492.26654
G1 X107.154 Y106.041 E492.27536
G1 X107.238 Y106.308 E492.28199
G1 X107.239 Y106.723 E492.29182
G1 X107.155 Y107.017 E492.29907
G1 X106.892 Y107.279 E492.30787
G1 X107.155 Y107.542 E492.31668
G1 X107.238 Y107.809 E492.32331
G1 X107.247 Y108.233 E492.33336
G1 X107.158 Y108.521 E492.3405
G1 X106.894 Y108.783 E492.34931
G1 X107.156 Y109.044 E492.35808
G1 X107.238 Y109.311 E492.3647
G1 X107.245 Y109.709 E492.37413
G1 X107.156 Y110.024 E492.38189
G1 X106.889 Y110.284 E492.39072
G1 X107.152 Y110.545 E492.3995
G1 X107.234 Y110.813 E492.40614
G1 X107.24 Y111.214 E492.41565
G1 X107.167 Y111.439 E492.42125
G1 X107.001 Y111.66 E492.4278
G1 X106.878 Y111.742 E492.4313
G1 X107.002 Y111.849 E492.43519
G1 X107.171 Y112.068 E492.44174
G1 X107.245 Y112.346 E492.44856
G1 X107.236 Y112.69 E492.45671
G1 X107.154 Y112.964 E492.46349
G1 X106.893 Y113.227 E492.47227
G1 X107.158 Y113.487 E492.48107
G1 X107.246 Y113.803 E492.48884
G1 X107.229 Y114.249 E492.49942
G1 X107.153 Y114.467 E492.50489
G1 X106.89 Y114.729 E492.51369
G1 X107.154 Y114.991 E492.5225
G1 X107.238 Y115.258 E492.52914
G1 X107.239 Y115.673 E492.53897
G1 X107.155 Y115.967 E492.54622
G1 X106.892 Y116.229 E492.55501
G1 X107.155 Y116.492 E492.56383
G1 X107.238 Y116.759 E492.57045
G1 X107.247 Y117.183 E492.5805
G1 X107.158 Y117.471 E492.58765
G1 X106.894 Y117.733 E492.59646
G1 X107.156 Y117.994 E492.60523
G1 X107.238 Y118.263 E492.61189
G1 X107.245 Y118.618 E492.6203
G1 X107.172 Y118.944 E492.62822
G1 X106.889 Y119.233 E492.63781
G1 X107.169 Y119.524 E492.64738
G1 X107.237 Y119.711 E492.65209
G1 X107.241 Y120.121 E492.66181
G1 X106.953 Y120.701 E492.67715
G1 X106.914 Y120.724 E492.67823
G1 F1800 E490.67823
G0 F9000 X107.436 Y120.574
G0 X112.527 Y111.178
G1 F900 E492.67823
G0 F9000 X113.085 Y111.161
;TYPE:WALL-OUTER
G1 F2204.7 X113.261 Y110.986 E492.68364
G1 X113.707 Y110.782 E492.69433
G1 X113.259 Y110.548 E492.70535
G1 X113.082 Y110.374 E492.71076
G1 X113.031 Y110.213 E492.71444
G1 X113.033 Y109.842 E492.72253
G1 X113.085 Y109.665 E492.72655
G1 X113.263 Y109.492 E492.73197
G1 X113.709 Y109.282 E492.74271
G1 X113.263 Y109.05 E492.75367
G1 X113.085 Y108.876 E492.7591
G1 X113.035 Y108.713 E492.76282
G1 X113.04 Y108.343 E492.77089
G1 X113.092 Y108.165 E492.77493
G1 X113.267 Y107.993 E492.78028
G1 X113.707 Y107.782 E492.79092
G1 X113.268 Y107.548 E492.80176
G1 X113.094 Y107.374 E492.80713
G1 X113.044 Y107.212 E492.81082
G1 X113.043 Y106.813 E492.81952
G1 X113.092 Y106.665 E492.82292
G1 X113.266 Y106.492 E492.82827
G1 X113.705 Y106.282 E492.83888
G1 X113.267 Y106.046 E492.84973
G1 X113.093 Y105.873 E492.85508
G1 X113.044 Y105.711 E492.85877
G1 X113.033 Y105.358 E492.86647
G1 X113.087 Y105.16 E492.87094
G1 X113.269 Y104.986 E492.87643
G1 X113.707 Y104.78 E492.88699
G1 X113.272 Y104.548 E492.89773
G1 X113.093 Y104.371 E492.90322
G1 X113.043 Y104.209 E492.90692
G1 X113.033 Y103.858 E492.91457
G1 X113.087 Y103.661 E492.91903
G1 X113.266 Y103.488 E492.92445
G1 X113.704 Y103.279 E492.93504
G1 X113.269 Y103.047 E492.94578
G1 X113.093 Y102.872 E492.9512
G1 X113.043 Y102.71 E492.95489
G1 X113.033 Y102.346 E492.96283
G1 X113.116 Y102.117 E492.96814
G1 X113.218 Y102.017 E492.97126
G1 X113.845 Y101.714 E492.98644
G1 X113.744 Y101.543 E492.99077
G1 X113.787 Y101.343 E492.99523
G1 X113.929 Y101.174 E493.00004
G1 X114.117 Y101.095 E493.00449
G1 X120.451 Y101.095 E493.14258
G1 X120.45 Y98.955 E493.18924
G1 X99.55 Y98.955 E493.6449
G1 X99.55 Y100.025 E493.66823
G1 X99.55 Y101.095 E493.69155
G1 X105.875 Y101.095 E493.82945
G1 X106.082 Y101.147 E493.83411
G1 X106.734 Y101.504 E493.85031
G1 X106.873 Y101.625 E493.85433
G1 X106.957 Y101.796 E493.85848
G1 X106.957 Y102.216 E493.86764
G1 X106.908 Y102.382 E493.87141
G1 X106.735 Y102.556 E493.87676
G1 X106.299 Y102.769 E493.88734
G1 X106.738 Y103.001 E493.89817
G1 X106.913 Y103.173 E493.90352
G1 X106.967 Y103.316 E493.90685
G1 X106.957 Y103.716 E493.91557
G1 X106.908 Y103.882 E493.91935
G1 X106.735 Y104.056 E493.9247
G1 X106.294 Y104.268 E493.93537
G1 X106.738 Y104.501 E493.9463
G1 X106.913 Y104.673 E493.95165
G1 X106.967 Y104.816 E493.95498
G1 X106.957 Y105.215 E493.96368
G1 X106.907 Y105.384 E493.96752
G1 X106.733 Y105.558 E493.97289
G1 X106.293 Y105.768 E493.98352
G1 X106.734 Y106.003 E493.99441
G1 X106.909 Y106.176 E493.99978
G1 X106.962 Y106.385 E494.00448
G1 X106.96 Y106.705 E494.01146
G1 X106.909 Y106.883 E494.01549
G1 X106.737 Y107.056 E494.02081
G1 X106.297 Y107.266 E494.03144
G1 X106.737 Y107.505 E494.04236
G1 X106.909 Y107.677 E494.04766
G1 X106.959 Y107.838 E494.05134
G1 X106.963 Y108.229 E494.05986
G1 X106.912 Y108.386 E494.06346
G1 X106.739 Y108.558 E494.06878
G1 X106.298 Y108.766 E494.07941
G1 X106.737 Y109.005 E494.09031
G1 X106.91 Y109.177 E494.09562
G1 X106.961 Y109.318 E494.09889
G1 X106.965 Y109.697 E494.10716
G1 X106.911 Y109.888 E494.11148
G1 X106.734 Y110.061 E494.11688
G1 X106.291 Y110.268 E494.12754
G1 X106.731 Y110.504 E494.13843
G1 X106.906 Y110.678 E494.14381
G1 X106.952 Y110.811 E494.14688
G1 X106.955 Y111.189 E494.15512
G1 X106.915 Y111.316 E494.15802
G1 X106.794 Y111.478 E494.16243
G1 X106.298 Y111.72 E494.17446
G1 X106.584 Y111.871 E494.18151
G1 X106.818 Y112.061 E494.18808
G1 X106.92 Y112.193 E494.19172
G1 X106.965 Y112.362 E494.19553
G1 X106.957 Y112.666 E494.20216
G1 X106.908 Y112.832 E494.20594
G1 X106.735 Y113.006 E494.21129
G1 X106.294 Y113.218 E494.22195
G1 X106.738 Y113.451 E494.23289
G1 X106.913 Y113.623 E494.23824
G1 X106.967 Y113.766 E494.24157
G1 X106.957 Y114.165 E494.25027
G1 X106.907 Y114.334 E494.25411
G1 X106.733 Y114.508 E494.25948
G1 X106.293 Y114.718 E494.27011
G1 X106.734 Y114.953 E494.281
G1 X106.909 Y115.126 E494.28637
G1 X106.962 Y115.335 E494.29107
G1 X106.96 Y115.655 E494.29804
G1 X106.909 Y115.833 E494.30208
G1 X106.737 Y116.006 E494.3074
G1 X106.297 Y116.216 E494.31803
G1 X106.737 Y116.455 E494.32895
G1 X106.909 Y116.627 E494.33425
G1 X106.959 Y116.788 E494.33792
G1 X106.963 Y117.179 E494.34645
G1 X106.912 Y117.336 E494.35005
G1 X106.739 Y117.508 E494.35537
G1 X106.298 Y117.716 E494.366
G1 X106.737 Y117.955 E494.3769
G1 X106.91 Y118.127 E494.38221
G1 X106.96 Y118.29 E494.38593
G1 X106.965 Y118.622 E494.39317
G1 X106.921 Y118.819 E494.39757
G1 X106.734 Y119.01 E494.4034
G1 X106.291 Y119.218 E494.41407
G1 X106.731 Y119.452 E494.42493
G1 X106.916 Y119.646 E494.43078
G1 X106.958 Y119.828 E494.43485
G1 X106.961 Y120.124 E494.4413
G1 X106.781 Y120.487 E494.45014
G1 X106.418 Y120.661 E494.45891
G1 X106.855 Y121.045 E494.4716
G1 X113.135 Y121.044 E494.60851
G1 X113.226 Y120.968 E494.6111
G1 X113.161 Y120.919 E494.61287
G1 X113.04 Y120.642 E494.61946
G1 X113.024 Y120.345 E494.62595
G1 X113.088 Y120.094 E494.6316
G1 X113.258 Y119.937 E494.63664
G1 X113.709 Y119.731 E494.64745
G1 X113.259 Y119.498 E494.6585
G1 X113.091 Y119.339 E494.66354
G1 X113.029 Y119.11 E494.66871
G1 X113.04 Y118.743 E494.67672
G1 X113.091 Y118.606 E494.67991
G1 X113.263 Y118.442 E494.68509
G1 X113.709 Y118.232 E494.69584
G1 X113.263 Y118 E494.7068
G1 X113.091 Y117.835 E494.71199
G1 X113.035 Y117.665 E494.71589
G1 X113.04 Y117.293 E494.72401
G1 X113.092 Y117.115 E494.72805
G1 X113.267 Y116.943 E494.7334
G1 X113.707 Y116.732 E494.74404
G1 X113.268 Y116.498 E494.75488
G1 X113.094 Y116.324 E494.76025
G1 X113.044 Y116.162 E494.76394
G1 X113.043 Y115.763 E494.77264
G1 X113.092 Y115.615 E494.77604
G1 X113.266 Y115.442 E494.78139
G1 X113.705 Y115.232 E494.792
G1 X113.267 Y114.996 E494.80285
G1 X113.093 Y114.823 E494.8082
G1 X113.044 Y114.661 E494.81189
G1 X113.033 Y114.308 E494.81959
G1 X113.087 Y114.11 E494.82406
G1 X113.269 Y113.936 E494.82955
G1 X113.707 Y113.73 E494.84011
G1 X113.272 Y113.498 E494.85085
G1 X113.093 Y113.321 E494.85634
G1 X113.043 Y113.159 E494.86004
G1 X113.034 Y112.779 E494.86833
G1 X113.087 Y112.611 E494.87217
G1 X113.266 Y112.438 E494.87759
G1 X113.704 Y112.229 E494.88817
G1 X113.269 Y111.997 E494.89892
G1 X113.093 Y111.822 E494.90433
G1 X113.044 Y111.66 E494.90802
G1 X113.035 Y111.334 E494.91513
G1 X113.085 Y111.161 E494.91906
G0 F9000 X113.226 Y111.02
G0 X112.699 Y110.756
G0 X112.284 Y101.943
;TYPE:FILL
G1 F2645.6 X112.452 Y101.626 E494.94865
G1 X112.737 Y101.348 E494.98148
G1 X112.96 Y101.226 E495.00244
G1 X113.055 Y100.967 E495.02519
G1 X113.443 Y100.501 E495.0752
G1 X113.981 Y100.276 E495.12329
G1 X114.482 Y99.774 E495.18178
G1 X115.302 Y99.774 E495.24941
G1 X114.803 Y100.274 E495.30766
G1 X115.623 Y100.274 E495.37529
G1 X116.123 Y99.774 E495.4336
G1 X116.943 Y99.774 E495.50122
G1 X116.443 Y100.274 E495.55954
G1 X117.263 Y100.274 E495.62716
G1 X117.763 Y99.774 E495.68548
G1 X118.583 Y99.774 E495.7531
G1 X118.084 Y100.274 E495.81136
G1 X118.904 Y100.274 E495.87898
G1 X119.404 Y99.774 E495.93729
G1 X119.629 Y99.774 E495.95585
G1 X119.631 Y100.274 E495.99708
G0 F9000 X100.538 Y99.774
G1 F2645.6 X100.369 Y99.943 E496.01679
G1 X100.369 Y100.274 E496.04409
G1 X100.858 Y100.274 E496.08442
G1 X101.358 Y99.774 E496.14273
G1 X102.179 Y99.774 E496.21044
G1 X101.679 Y100.274 E496.26875
G1 X102.499 Y100.274 E496.33638
G1 X102.999 Y99.774 E496.39469
G1 X103.819 Y99.774 E496.46232
G1 X103.319 Y100.274 E496.52063
G1 X104.139 Y100.274 E496.58825
G1 X104.639 Y99.774 E496.64657
G1 X105.46 Y99.774 E496.71428
G1 X104.96 Y100.274 E496.77259
G1 X105.78 Y100.274 E496.84021
G1 X106.28 Y99.774 E496.89853
G1 X107.1 Y99.774 E496.96615
G1 X106.458 Y100.416 E497.04103
G1 X106.988 Y100.707 E497.09089
G1 X107.92 Y99.774 E497.19965
G1 X108.741 Y99.774 E497.26735
G1 X107.453 Y101.062 E497.41757
G1 X107.532 Y101.131 E497.42622
G1 X107.755 Y101.58 E497.46756
G1 X109.561 Y99.774 E497.67819
G1 X110.381 Y99.774 E497.74582
G1 X107.757 Y102.398 E498.05185
G1 X107.63 Y102.77 E498.08427
G1 X107.725 Y102.989 E498.10395
G1 X107.766 Y103.21 E498.12249
G1 X111.201 Y99.774 E498.52317
G1 X112.021 Y99.774 E498.59079
G1 X107.68 Y104.116 E499.09713
G1 X107.63 Y104.271 E499.11056
G1 X107.767 Y104.653 E499.14403
G1 X107.777 Y104.839 E499.15939
G1 X112.842 Y99.774 E499.75011
G1 X113.662 Y99.774 E499.81774
G1 X107.636 Y105.8 E500.52054
G1 X107.719 Y105.988 E500.53748
G1 X107.782 Y106.288 E500.56276
G1 X107.781 Y106.476 E500.57827
G1 X112.275 Y101.982 E501.1024
G1 X112.212 Y102.261 E501.12598
G1 X112.228 Y102.849 E501.17449
G1 X107.689 Y107.387 E501.70381
G1 X107.779 Y107.743 E501.73409
G1 X107.784 Y108.113 E501.76461
G1 X112.234 Y103.663 E502.2836
G1 X112.207 Y103.789 E502.29423
G1 X112.226 Y104.275 E502.33434
G1 X112.26 Y104.457 E502.34961
G1 X107.721 Y108.996 E502.87898
G1 X107.774 Y109.252 E502.90054
G1 X107.808 Y109.634 E502.93217
G1 X107.765 Y109.773 E502.94417
G1 X112.212 Y105.326 E503.46282
G1 X112.221 Y105.7 E503.49367
G1 X112.287 Y106.071 E503.52474
G1 X107.736 Y110.621 E504.05546
G1 X107.778 Y110.942 E504.08216
G1 X107.801 Y110.942 E504.08405
G1 X107.75 Y111.428 E504.12435
G1 X112.219 Y106.959 E504.64557
G1 X112.221 Y107.26 E504.67039
G1 X112.281 Y107.556 E504.6953
G1 X112.328 Y107.67 E504.70547
G1 X107.786 Y112.212 E505.23519
G1 X107.775 Y112.767 E505.28097
G1 X107.645 Y113.173 E505.31613
G1 X112.212 Y108.607 E505.84871
G1 X112.207 Y108.779 E505.8629
G1 X112.274 Y109.058 E505.88656
G1 X112.365 Y109.269 E505.90551
G1 X107.78 Y113.859 E506.44054
G1 X107.803 Y113.917 E506.44569
G1 X107.755 Y114.427 E506.48793
G1 X107.627 Y114.729 E506.51498
G1 X107.659 Y114.8 E506.52141
G1 X112.21 Y110.249 E507.05218
G1 X112.269 Y110.555 E507.07788
G1 X112.362 Y110.768 E507.09705
G1 X112.264 Y111.015 E507.11896
G1 X107.78 Y115.499 E507.64192
G1 X107.778 Y115.702 E507.65866
G1 X107.719 Y116.016 E507.68501
G1 X107.628 Y116.229 E507.70411
G1 X107.701 Y116.398 E507.7193
G1 X112.248 Y111.852 E508.24955
G1 X112.369 Y112.21 E508.28071
G1 X112.246 Y112.524 E508.30852
G1 X112.224 Y112.695 E508.32274
G1 X107.784 Y117.135 E508.84057
G1 X107.761 Y117.521 E508.87246
G1 X107.722 Y117.521 E508.87567
G1 X107.63 Y117.731 E508.89458
G1 X107.727 Y118.014 E508.91925
G1 X112.273 Y113.467 E509.4495
G1 X112.368 Y113.709 E509.47094
G1 X112.274 Y113.923 E509.49022
G1 X112.212 Y114.267 E509.51904
G1 X112.214 Y114.346 E509.52556
G1 X107.763 Y118.798 E510.04473
G1 X107.741 Y118.96 E510.05821
G1 X107.636 Y119.234 E510.08241
G1 X107.772 Y119.608 E510.11523
G1 X112.309 Y115.071 E510.64437
G1 X112.372 Y115.219 E510.65764
G1 X112.282 Y115.428 E510.6764
G1 X112.22 Y115.743 E510.70288
G1 X112.221 Y115.98 E510.72243
G1 X107.977 Y120.224 E511.2174
G1 X108.797 Y120.224 E511.28502
G1 X112.352 Y116.669 E511.69963
G1 X112.373 Y116.719 E511.7041
G1 X112.282 Y116.927 E511.72283
G1 X112.224 Y117.173 E511.74367
G1 X112.213 Y117.628 E511.78121
G1 X109.617 Y120.224 E512.08397
G1 X110.438 Y120.223 E512.15168
G1 X112.289 Y118.372 E512.36756
G1 X112.214 Y118.665 E512.3925
G1 X112.208 Y119.126 E512.43052
G1 X112.229 Y119.253 E512.44114
G1 X111.259 Y120.223 E512.55427
G1 X112.079 Y120.223 E512.62189
G1 X112.248 Y120.054 E512.6416
G1 X112.222 Y120.223 E512.6557
G0 F9000 X112.115 Y120.145
;MESH:NONMESH
G0 F600 X112.115 Y120.145 Z5.8
G0 F9000 X107.436 Y120.574
G0 X107.002 Y120.765
;TIME_ELAPSED:650.834359
;LAYER:46
;TYPE:WALL-INNER
;MESH:belt_holder_screw.stl
G1 F1642.3 X112.739 Y120.764 E512.79166
G1 X112.681 Y120.632 E512.79507
G1 X112.671 Y120.338 E512.80204
G1 X112.714 Y120.068 E512.80852
G1 X112.775 Y119.939 E512.8119
G1 X113.027 Y119.708 E512.82001
G1 X112.778 Y119.475 E512.82809
G1 X112.681 Y119.271 E512.83344
G1 X112.666 Y118.721 E512.84648
G1 X112.766 Y118.452 E512.85328
G1 X113.027 Y118.209 E512.86173
G1 X112.766 Y117.967 E512.87016
G1 X112.67 Y117.641 E512.87822
G1 X112.691 Y117.194 E512.88882
G1 X112.771 Y116.967 E512.89453
G1 X113.033 Y116.711 E512.90321
G1 X112.771 Y116.455 E512.91189
G1 X112.686 Y116.186 E512.91857
G1 X112.683 Y115.779 E512.92822
G1 X112.774 Y115.464 E512.93599
G1 X113.037 Y115.209 E512.94467
G1 X112.776 Y114.953 E512.95333
G1 X112.692 Y114.684 E512.96001
G1 X112.681 Y114.264 E512.96997
G1 X112.772 Y113.961 E512.97747
G1 X113.037 Y113.708 E512.98615
G1 X112.776 Y113.453 E512.9948
G1 X112.692 Y113.185 E513.00145
G1 X112.679 Y112.696 E513.01304
G1 X112.771 Y112.462 E513.019
G1 X113.035 Y112.208 E513.02768
G1 X112.774 Y111.952 E513.03635
G1 X112.692 Y111.735 E513.04184
G1 X112.674 Y111.314 E513.05183
G1 X112.764 Y111.012 E513.0593
G1 X113.028 Y110.758 E513.06798
G1 X112.765 Y110.503 E513.07666
G1 X112.677 Y110.195 E513.08425
G1 X112.667 Y109.788 E513.0939
G1 X112.76 Y109.512 E513.1008
G1 X113.027 Y109.259 E513.10952
G1 X112.761 Y109.007 E513.1182
G1 X112.666 Y108.701 E513.12579
G1 X112.691 Y108.244 E513.13664
G1 X112.771 Y108.017 E513.14234
G1 X113.033 Y107.761 E513.15103
G1 X112.771 Y107.505 E513.15971
G1 X112.686 Y107.236 E513.16639
G1 X112.683 Y106.829 E513.17604
G1 X112.774 Y106.514 E513.18381
G1 X113.037 Y106.259 E513.19249
G1 X112.776 Y106.003 E513.20115
G1 X112.692 Y105.734 E513.20783
G1 X112.681 Y105.314 E513.21779
G1 X112.772 Y105.011 E513.22528
G1 X113.037 Y104.758 E513.23397
G1 X112.776 Y104.503 E513.24261
G1 X112.692 Y104.235 E513.24927
G1 X112.679 Y103.746 E513.26086
G1 X112.771 Y103.512 E513.26682
G1 X113.035 Y103.258 E513.2755
G1 X112.774 Y103.002 E513.28417
G1 X112.693 Y102.789 E513.28957
G1 X112.665 Y102.308 E513.30098
G1 X112.718 Y102.105 E513.30596
G1 X112.819 Y101.927 E513.31081
G1 X113.013 Y101.748 E513.31706
G1 X113.424 Y101.567 E513.3277
G1 X113.425 Y101.379 E513.33216
G1 X113.482 Y101.214 E513.3363
G1 X113.716 Y100.941 E513.34482
G1 X114.022 Y100.815 E513.35266
G1 X120.051 Y100.815 E513.49553
G1 X120.05 Y99.235 E513.53298
G1 X99.95 Y99.235 E514.0093
G1 X99.95 Y100.815 E514.04674
G1 X105.917 Y100.815 E514.18815
G1 X106.263 Y100.904 E514.19662
G1 X106.564 Y101.072 E514.20479
G1 X106.932 Y101.259 E514.21457
G1 X107.17 Y101.456 E514.22189
G1 X107.318 Y101.744 E514.22956
G1 X107.318 Y102.263 E514.24186
G1 X107.228 Y102.533 E514.24861
G1 X106.959 Y102.789 E514.25741
G1 X107.225 Y103.047 E514.26619
G1 X107.311 Y103.309 E514.27272
G1 X107.318 Y103.758 E514.28336
G1 X107.227 Y104.036 E514.2903
G1 X106.963 Y104.291 E514.29899
G1 X107.224 Y104.546 E514.30764
G1 X107.309 Y104.813 E514.31428
G1 X107.315 Y105.246 E514.32454
G1 X107.228 Y105.533 E514.33165
G1 X106.967 Y105.788 E514.3403
G1 X107.229 Y106.044 E514.34898
G1 X107.318 Y106.36 E514.35676
G1 X107.317 Y106.724 E514.36538
G1 X107.227 Y107.033 E514.37301
G1 X106.963 Y107.288 E514.38171
G1 X107.228 Y107.544 E514.39044
G1 X107.314 Y107.815 E514.39718
G1 X107.328 Y108.196 E514.40621
G1 X107.234 Y108.541 E514.41469
G1 X106.966 Y108.793 E514.42341
G1 X107.23 Y109.046 E514.43207
G1 X107.315 Y109.317 E514.4388
G1 X107.33 Y109.755 E514.44919
G1 X107.232 Y110.044 E514.45642
G1 X106.965 Y110.294 E514.46509
G1 X107.225 Y110.55 E514.47373
G1 X107.312 Y110.782 E514.47961
G1 X107.306 Y111.223 E514.49006
G1 X107.222 Y111.479 E514.49644
G1 X106.959 Y111.737 E514.50517
G1 X107.223 Y111.995 E514.51392
G1 X107.312 Y112.26 E514.52054
G1 X107.318 Y112.71 E514.53121
G1 X107.227 Y112.986 E514.5381
G1 X106.963 Y113.241 E514.54679
G1 X107.224 Y113.496 E514.55544
G1 X107.309 Y113.763 E514.56208
G1 X107.315 Y114.196 E514.57234
G1 X107.228 Y114.483 E514.57945
G1 X106.967 Y114.738 E514.5881
G1 X107.229 Y114.994 E514.59678
G1 X107.318 Y115.31 E514.60456
G1 X107.317 Y115.674 E514.61319
G1 X107.227 Y115.983 E514.62081
G1 X106.963 Y116.238 E514.62951
G1 X107.228 Y116.494 E514.63824
G1 X107.314 Y116.765 E514.64498
G1 X107.328 Y117.146 E514.65401
G1 X107.234 Y117.491 E514.66249
G1 X106.966 Y117.743 E514.67121
G1 X107.23 Y117.996 E514.67987
G1 X107.316 Y118.284 E514.68699
G1 X107.327 Y118.615 E514.69484
G1 X107.25 Y118.961 E514.70324
G1 X106.963 Y119.244 E514.71279
G1 X107.242 Y119.533 E514.72231
G1 X107.311 Y119.72 E514.72704
G1 X107.311 Y120.137 E514.73692
G1 X107.002 Y120.765 E514.75351
G1 F1800 E512.75351
G0 F9000 X107.501 Y120.575
G0 X112.439 Y111.186
G1 F900 E514.75351
G0 F9000 X113.008 Y111.15
;TYPE:WALL-OUTER
G1 F1263.3 X113.186 Y110.979 E514.75889
G1 X113.634 Y110.772 E514.76965
G1 X113.188 Y110.54 E514.78061
G1 X113.01 Y110.367 E514.78602
G1 X112.959 Y110.207 E514.78968
G1 X112.95 Y109.827 E514.79797
G1 X113.004 Y109.65 E514.802
G1 X113.187 Y109.477 E514.80749
G1 X113.641 Y109.274 E514.81833
G1 X113.187 Y109.043 E514.82944
G1 X113.005 Y108.87 E514.83491
G1 X112.952 Y108.706 E514.83867
G1 X112.964 Y108.286 E514.84783
G1 X113.016 Y108.154 E514.85093
G1 X113.19 Y107.983 E514.85624
G1 X113.637 Y107.777 E514.86698
G1 X113.19 Y107.541 E514.878
G1 X113.016 Y107.369 E514.88333
G1 X112.963 Y107.23 E514.88657
G1 X112.966 Y106.805 E514.89584
G1 X113.018 Y106.652 E514.89936
G1 X113.194 Y106.482 E514.9047
G1 X113.639 Y106.276 E514.91539
G1 X113.196 Y106.04 E514.92633
G1 X113.022 Y105.868 E514.93167
G1 X112.971 Y105.705 E514.93539
G1 X112.96 Y105.29 E514.94444
G1 X113.016 Y105.149 E514.94775
G1 X113.196 Y104.978 E514.95316
G1 X113.636 Y104.77 E514.96377
G1 X113.199 Y104.542 E514.97452
G1 X113.022 Y104.368 E514.97993
G1 X112.971 Y104.206 E514.98363
G1 X112.961 Y103.833 E514.99177
G1 X113.015 Y103.65 E514.99593
G1 X113.193 Y103.479 E515.00131
G1 X113.641 Y103.274 E515.01205
G1 X113.196 Y103.041 E515.023
G1 X113.02 Y102.867 E515.0284
G1 X112.967 Y102.684 E515.03255
G1 X112.947 Y102.331 E515.04026
G1 X113.04 Y102.099 E515.04571
G1 X113.145 Y102.002 E515.04882
G1 X113.494 Y101.845 E515.05717
G1 X113.784 Y101.703 E515.06421
G1 X113.687 Y101.539 E515.06836
G1 X113.734 Y101.336 E515.07291
G1 X113.876 Y101.171 E515.07765
G1 X114.061 Y101.095 E515.08201
G1 X120.331 Y101.095 E515.21871
G1 X120.33 Y98.955 E515.26537
G1 X99.67 Y98.955 E515.7158
G1 X99.67 Y101.095 E515.76245
G1 X105.917 Y101.095 E515.89865
G1 X106.127 Y101.149 E515.90338
G1 X106.437 Y101.321 E515.91111
G1 X106.804 Y101.509 E515.9201
G1 X106.948 Y101.628 E515.92417
G1 X107.037 Y101.799 E515.92837
G1 X107.041 Y102.252 E515.93825
G1 X106.985 Y102.394 E515.94158
G1 X106.806 Y102.564 E515.94696
G1 X106.362 Y102.778 E515.9577
G1 X106.803 Y103.01 E515.96857
G1 X106.979 Y103.182 E515.97393
G1 X107.027 Y103.323 E515.97718
G1 X107.034 Y103.749 E515.98647
G1 X106.982 Y103.899 E515.98993
G1 X106.805 Y104.07 E515.9953
G1 X106.362 Y104.278 E516.00597
G1 X106.804 Y104.509 E516.01684
G1 X106.979 Y104.682 E516.02221
G1 X107.03 Y104.844 E516.02591
G1 X107.034 Y105.249 E516.03474
G1 X106.984 Y105.397 E516.03814
G1 X106.808 Y105.569 E516.04351
G1 X106.364 Y105.776 E516.05419
G1 X106.809 Y106.009 E516.06514
G1 X106.984 Y106.181 E516.07049
G1 X107.038 Y106.372 E516.07482
G1 X107.037 Y106.758 E516.08323
G1 X106.983 Y106.896 E516.08646
G1 X106.805 Y107.069 E516.09188
G1 X106.358 Y107.276 E516.10262
G1 X106.805 Y107.509 E516.11361
G1 X106.983 Y107.681 E516.119
G1 X107.032 Y107.815 E516.12211
G1 X107.051 Y108.251 E516.13163
G1 X106.991 Y108.402 E516.13517
G1 X106.808 Y108.573 E516.14063
G1 X106.358 Y108.777 E516.1514
G1 X106.805 Y109.009 E516.16238
G1 X106.985 Y109.182 E516.16783
G1 X107.036 Y109.347 E516.17159
G1 X107.046 Y109.722 E516.17977
G1 X106.99 Y109.903 E516.1839
G1 X106.808 Y110.074 E516.18935
G1 X106.357 Y110.276 E516.20012
G1 X106.802 Y110.509 E516.21107
G1 X106.979 Y110.684 E516.2165
G1 X107.029 Y110.846 E516.22019
G1 X107.031 Y111.206 E516.22804
G1 X106.977 Y111.344 E516.23127
G1 X106.804 Y111.515 E516.23658
G1 X106.362 Y111.728 E516.24727
G1 X106.805 Y111.962 E516.2582
G1 X106.979 Y112.132 E516.2635
G1 X107.033 Y112.323 E516.26783
G1 X107.034 Y112.699 E516.27602
G1 X106.982 Y112.849 E516.27949
G1 X106.805 Y113.02 E516.28485
G1 X106.362 Y113.228 E516.29552
G1 X106.804 Y113.459 E516.30639
G1 X106.979 Y113.632 E516.31176
G1 X107.03 Y113.794 E516.31546
G1 X107.034 Y114.199 E516.32429
G1 X106.984 Y114.347 E516.3277
G1 X106.808 Y114.519 E516.33306
G1 X106.364 Y114.726 E516.34374
G1 X106.809 Y114.959 E516.3547
G1 X106.984 Y115.131 E516.36005
G1 X107.038 Y115.322 E516.36437
G1 X107.037 Y115.708 E516.37279
G1 X106.983 Y115.846 E516.37602
G1 X106.805 Y116.019 E516.38143
G1 X106.358 Y116.226 E516.39217
G1 X106.805 Y116.459 E516.40316
G1 X106.983 Y116.631 E516.40856
G1 X107.032 Y116.765 E516.41167
G1 X107.051 Y117.201 E516.42118
G1 X106.991 Y117.352 E516.42473
G1 X106.808 Y117.523 E516.43019
G1 X106.358 Y117.727 E516.44096
G1 X106.805 Y117.959 E516.45194
G1 X106.985 Y118.132 E516.45738
G1 X107.037 Y118.307 E516.46136
G1 X107.047 Y118.623 E516.46825
G1 X107.001 Y118.833 E516.47294
G1 X106.808 Y119.024 E516.47886
G1 X106.357 Y119.226 E516.48963
G1 X106.802 Y119.459 E516.50059
G1 X106.99 Y119.654 E516.50649
G1 X107.031 Y119.766 E516.50909
G1 X107.031 Y120.137 E516.51718
G1 X106.856 Y120.492 E516.52581
G1 X106.496 Y120.665 E516.53452
G1 X106.938 Y121.045 E516.54723
G1 X113.062 Y121.045 E516.68074
G1 X113.157 Y120.965 E516.68345
G1 X113.088 Y120.914 E516.68532
G1 X112.961 Y120.623 E516.69224
G1 X112.951 Y120.328 E516.69868
G1 X113.014 Y120.087 E516.70411
G1 X113.185 Y119.929 E516.70918
G1 X113.634 Y119.723 E516.71995
G1 X113.187 Y119.49 E516.73094
G1 X113.018 Y119.33 E516.73602
G1 X112.957 Y119.12 E516.74079
G1 X112.947 Y118.757 E516.7487
G1 X113.007 Y118.594 E516.75249
G1 X113.187 Y118.427 E516.75784
G1 X113.641 Y118.224 E516.76869
G1 X113.187 Y117.993 E516.77979
G1 X113.008 Y117.825 E516.78514
G1 X112.95 Y117.628 E516.78962
G1 X112.965 Y117.235 E516.79819
G1 X113.016 Y117.104 E516.80126
G1 X113.19 Y116.933 E516.80658
G1 X113.637 Y116.727 E516.81731
G1 X113.19 Y116.491 E516.82833
G1 X113.016 Y116.319 E516.83366
G1 X112.963 Y116.18 E516.83691
G1 X112.966 Y115.755 E516.84617
G1 X113.018 Y115.602 E516.8497
G1 X113.194 Y115.432 E516.85503
G1 X113.639 Y115.226 E516.86572
G1 X113.196 Y114.99 E516.87667
G1 X113.022 Y114.818 E516.882
G1 X112.971 Y114.655 E516.88572
G1 X112.96 Y114.24 E516.89477
G1 X113.016 Y114.099 E516.89808
G1 X113.196 Y113.928 E516.90349
G1 X113.636 Y113.72 E516.91411
G1 X113.199 Y113.492 E516.92485
G1 X113.022 Y113.318 E516.93026
G1 X112.971 Y113.156 E516.93397
G1 X112.96 Y112.784 E516.94208
G1 X113.015 Y112.6 E516.94627
G1 X113.193 Y112.429 E516.95165
G1 X113.641 Y112.224 E516.96239
G1 X113.196 Y111.991 E516.97334
G1 X113.02 Y111.817 E516.97874
G1 X112.967 Y111.634 E516.98289
G1 X112.953 Y111.333 E516.98946
G1 X113.008 Y111.15 E516.99363
G0 F9000 X113.152 Y111.011
G0 X112.628 Y110.747
G0 X112.345 Y120.435
;TYPE:FILL
G1 F2586.1 X112.344 Y120.335 E516.99524
G1 X112.406 Y119.962 E517.00133
G1 X112.534 Y119.717 E517.00579
G1 X112.394 Y119.394 E517.01146
G1 X112.344 Y119.124 E517.01588
G1 X112.328 Y118.658 E517.0234
G1 X112.475 Y118.29 E517.02978
G1 X112.53 Y118.209 E517.03136
G1 X112.395 Y117.93 E517.03635
G1 X112.333 Y117.658 E517.04085
G1 X112.352 Y117.143 E517.04916
G1 X112.48 Y116.812 E517.05487
G1 X112.538 Y116.726 E517.05655
G1 X112.351 Y116.275 E517.06441
G1 X112.347 Y115.666 E517.07423
G1 X112.48 Y115.312 E517.08032
G1 X112.535 Y115.225 E517.08198
G1 X112.35 Y114.756 E517.0901
G1 X112.35 Y114.113 E517.10047
G1 X112.525 Y113.703 E517.10765
G1 X112.349 Y113.246 E517.11554
G1 X112.345 Y112.623 E517.12558
G1 X112.481 Y112.304 E517.13117
G1 X112.536 Y112.221 E517.13277
G1 X112.354 Y111.782 E517.14043
G1 X112.346 Y111.283 E517.14847
G1 X112.476 Y110.859 E517.15562
G1 X112.531 Y110.777 E517.15721
G1 X112.356 Y110.331 E517.16493
G1 X112.331 Y109.741 E517.17445
G1 X112.468 Y109.359 E517.18099
G1 X112.533 Y109.259 E517.18291
G1 X112.391 Y108.97 E517.1881
G1 X112.333 Y108.708 E517.19242
G1 X112.352 Y108.193 E517.20073
G1 X112.48 Y107.862 E517.20645
G1 X112.538 Y107.776 E517.20812
G1 X112.351 Y107.325 E517.21599
G1 X112.347 Y106.716 E517.2258
G1 X112.48 Y106.362 E517.23189
G1 X112.535 Y106.275 E517.23355
G1 X112.35 Y105.806 E517.24168
G1 X112.35 Y105.163 E517.25204
G1 X112.524 Y104.755 E517.25919
G1 X112.348 Y104.295 E517.26712
G1 X112.351 Y103.663 E517.27731
G1 X112.525 Y103.259 E517.28439
G1 X112.354 Y102.82 E517.29199
G1 X112.334 Y102.252 E517.30115
G1 X112.41 Y101.981 E517.30568
G1 X112.568 Y101.729 E517.31047
G1 X112.761 Y101.563 E517.31458
G1 X112.827 Y101.541 E517.3157
G1 X112.828 Y101.469 E517.31686
G1 X112.833 Y101.538 E517.31797
G1 X112.896 Y101.502 E517.31914
G0 F9000 X107.518 Y101.33
G0 X107.474 Y101.354
G1 F2586.1 X107.599 Y101.585 E517.32337
G1 X107.653 Y101.866 E517.32799
G1 X107.656 Y102.371 E517.33612
G1 X107.515 Y102.703 E517.34194
G1 X107.46 Y102.782 E517.34349
G1 X107.606 Y103.118 E517.34939
G1 X107.65 Y103.357 E517.35331
G1 X107.648 Y103.781 E517.36014
G1 X107.512 Y104.203 E517.36728
G1 X107.459 Y104.282 E517.36882
G1 X107.606 Y104.617 E517.37471
G1 X107.649 Y104.846 E517.37847
G1 X107.65 Y105.34 E517.38643
G1 X107.514 Y105.699 E517.39261
G1 X107.454 Y105.788 E517.39434
G1 X107.611 Y106.11 E517.40012
G1 X107.658 Y106.42 E517.40517
G1 X107.654 Y106.78 E517.41097
G1 X107.608 Y106.982 E517.41431
G1 X107.465 Y107.27 E517.41949
G1 X107.648 Y107.729 E517.42745
G1 X107.665 Y108.367 E517.43774
G1 X107.516 Y108.712 E517.44379
G1 X107.457 Y108.796 E517.44545
G1 X107.515 Y108.894 E517.44728
G1 X107.652 Y109.293 E517.45408
G1 X107.658 Y109.792 E517.46212
G1 X107.521 Y110.204 E517.46912
G1 X107.456 Y110.301 E517.471
G1 X107.608 Y110.624 E517.47675
G1 X107.651 Y110.86 E517.48062
G1 X107.65 Y111.235 E517.48666
G1 X107.512 Y111.648 E517.49368
G1 X107.45 Y111.737 E517.49543
G1 X107.587 Y112.011 E517.50036
G1 X107.65 Y112.303 E517.50518
G1 X107.648 Y112.731 E517.51208
G1 X107.512 Y113.153 E517.51922
G1 X107.459 Y113.232 E517.52075
G1 X107.606 Y113.567 E517.52665
G1 X107.649 Y113.796 E517.5304
G1 X107.65 Y114.29 E517.53836
G1 X107.514 Y114.649 E517.54455
G1 X107.454 Y114.738 E517.54628
G1 X107.611 Y115.06 E517.55205
G1 X107.658 Y115.37 E517.5571
G1 X107.654 Y115.73 E517.56291
G1 X107.608 Y115.932 E517.56624
G1 X107.465 Y116.22 E517.57143
G1 X107.648 Y116.679 E517.57939
G1 X107.665 Y117.317 E517.58967
G1 X107.478 Y117.75 E517.59727
G1 X107.646 Y118.177 E517.60467
G1 X107.66 Y118.604 E517.61155
G1 X107.613 Y118.99 E517.61782
G1 X107.397 Y119.25 E517.62327
G1 X107.618 Y119.537 E517.6291
G1 X107.651 Y119.871 E517.63451
G1 X107.651 Y120.139 E517.63883
G1 X107.511 Y120.431 E517.64405
G0 F9000 X107.931 Y120.145
;MESH:NONMESH
G0 F600 X107.931 Y120.145 Z5.92
G0 F9000 X107.501 Y120.575
G0 X107.087 Y120.765
;TIME_ELAPSED:662.311532
;LAYER:47
;TYPE:WALL-INNER
;MESH:belt_holder_screw.stl
G1 F1349.5 X112.668 Y120.765 E517.77631
G1 X112.601 Y120.612 E517.78026
G1 X112.596 Y120.318 E517.78723
G1 X112.639 Y120.061 E517.79341
G1 X112.701 Y119.933 E517.79678
G1 X112.953 Y119.7 E517.80491
G1 X112.703 Y119.465 E517.81304
G1 X112.612 Y119.27 E517.81814
G1 X112.578 Y118.72 E517.8312
G1 X112.682 Y118.445 E517.83817
G1 X112.942 Y118.202 E517.8466
G1 X112.681 Y117.959 E517.85505
G1 X112.584 Y117.638 E517.863
G1 X112.605 Y117.243 E517.87237
G1 X112.695 Y116.952 E517.87959
G1 X112.956 Y116.703 E517.88814
G1 X112.695 Y116.453 E517.8967
G1 X112.601 Y116.131 E517.90465
G1 X112.604 Y115.773 E517.91314
G1 X112.694 Y115.457 E517.92092
G1 X112.953 Y115.205 E517.92949
G1 X112.691 Y114.954 E517.93809
G1 X112.597 Y114.632 E517.94604
G1 X112.605 Y114.213 E517.95597
G1 X112.695 Y113.954 E517.96246
G1 X112.955 Y113.704 E517.97101
G1 X112.692 Y113.455 E517.9796
G1 X112.597 Y113.129 E517.98764
G1 X112.609 Y112.715 E517.99746
G1 X112.695 Y112.454 E518.00397
G1 X112.955 Y112.205 E518.0125
G1 X112.694 Y111.955 E518.02107
G1 X112.6 Y111.633 E518.02901
G1 X112.597 Y111.307 E518.03674
G1 X112.691 Y110.998 E518.04439
G1 X112.953 Y110.75 E518.05294
G1 X112.694 Y110.5 E518.06147
G1 X112.613 Y110.274 E518.06716
G1 X112.581 Y109.824 E518.07785
G1 X112.679 Y109.499 E518.0859
G1 X112.942 Y109.252 E518.09445
G1 X112.678 Y109.005 E518.10302
G1 X112.584 Y108.688 E518.11085
G1 X112.605 Y108.293 E518.12023
G1 X112.695 Y108.002 E518.12744
G1 X112.956 Y107.753 E518.13599
G1 X112.695 Y107.503 E518.14456
G1 X112.601 Y107.181 E518.15251
G1 X112.604 Y106.823 E518.16099
G1 X112.694 Y106.507 E518.16878
G1 X112.953 Y106.255 E518.17734
G1 X112.691 Y106.004 E518.18594
G1 X112.597 Y105.682 E518.19389
G1 X112.605 Y105.263 E518.20382
G1 X112.695 Y105.004 E518.21032
G1 X112.955 Y104.754 E518.21886
G1 X112.692 Y104.505 E518.22745
G1 X112.597 Y104.179 E518.23549
G1 X112.606 Y103.734 E518.24604
G1 X112.694 Y103.507 E518.25181
G1 X112.952 Y103.255 E518.26036
G1 X112.691 Y103.006 E518.26891
G1 X112.6 Y102.734 E518.2757
G1 X112.586 Y102.3 E518.28599
G1 X112.64 Y102.079 E518.29138
G1 X112.745 Y101.903 E518.29624
G1 X112.924 Y101.748 E518.30185
G1 X113.361 Y101.552 E518.3132
G1 X113.364 Y101.379 E518.3173
G1 X113.426 Y101.204 E518.3217
G1 X113.661 Y100.937 E518.33013
G1 X113.962 Y100.815 E518.33783
G1 X119.931 Y100.815 E518.47928
G1 X119.93 Y99.235 E518.51672
G1 X100.07 Y99.235 E518.98736
G1 X100.07 Y100.815 E519.02481
G1 X105.959 Y100.815 E519.16436
G1 X106.285 Y100.893 E519.17231
G1 X107.014 Y101.269 E519.19174
G1 X107.247 Y101.462 E519.19891
G1 X107.394 Y101.739 E519.20634
G1 X107.408 Y102.262 E519.21874
G1 X107.312 Y102.551 E519.22596
G1 X107.05 Y102.8 E519.23453
G1 X107.31 Y103.05 E519.24307
G1 X107.403 Y103.353 E519.25058
G1 X107.394 Y103.776 E519.26061
G1 X107.306 Y104.045 E519.26732
G1 X107.047 Y104.296 E519.27587
G1 X107.308 Y104.547 E519.28445
G1 X107.403 Y104.807 E519.29101
G1 X107.397 Y105.285 E519.30233
G1 X107.305 Y105.548 E519.30894
G1 X107.045 Y105.798 E519.31749
G1 X107.305 Y106.048 E519.32603
G1 X107.397 Y106.282 E519.33199
G1 X107.396 Y106.723 E519.34244
G1 X107.304 Y107.048 E519.35045
G1 X107.044 Y107.297 E519.35898
G1 X107.304 Y107.547 E519.36753
G1 X107.395 Y107.807 E519.37405
G1 X107.407 Y108.248 E519.38451
G1 X107.311 Y108.557 E519.39218
G1 X107.046 Y108.802 E519.40073
G1 X107.306 Y109.05 E519.40924
G1 X107.397 Y109.373 E519.4172
G1 X107.405 Y109.776 E519.42675
G1 X107.313 Y110.053 E519.43366
G1 X107.051 Y110.3 E519.4422
G1 X107.309 Y110.549 E519.45069
G1 X107.399 Y110.862 E519.45841
G1 X107.402 Y111.226 E519.46704
G1 X107.308 Y111.498 E519.47386
G1 X107.048 Y111.748 E519.48241
G1 X107.308 Y111.999 E519.49097
G1 X107.402 Y112.36 E519.49981
G1 X107.394 Y112.726 E519.50849
G1 X107.306 Y112.995 E519.51519
G1 X107.047 Y113.246 E519.52374
G1 X107.308 Y113.497 E519.53232
G1 X107.403 Y113.757 E519.53888
G1 X107.397 Y114.235 E519.55021
G1 X107.305 Y114.498 E519.55681
G1 X107.045 Y114.748 E519.56536
G1 X107.305 Y114.998 E519.57391
G1 X107.397 Y115.232 E519.57987
G1 X107.396 Y115.673 E519.59032
G1 X107.304 Y115.998 E519.59832
G1 X107.044 Y116.247 E519.60685
G1 X107.304 Y116.497 E519.6154
G1 X107.395 Y116.757 E519.62193
G1 X107.407 Y117.198 E519.63238
G1 X107.311 Y117.507 E519.64005
G1 X107.046 Y117.752 E519.6486
G1 X107.306 Y118 E519.65712
G1 X107.387 Y118.228 E519.66285
G1 X107.408 Y118.619 E519.67213
G1 X107.334 Y118.964 E519.68049
G1 X107.049 Y119.251 E519.69008
G1 X107.331 Y119.539 E519.69963
G1 X107.403 Y119.728 E519.70442
G1 X107.4 Y120.144 E519.71428
G1 X107.087 Y120.765 E519.73076
G1 F1800 E517.73076
G0 F9000 X107.586 Y120.575
G0 X112.372 Y111.146
G1 F900 E519.73076
G0 F9000 X112.933 Y111.138
;TYPE:WALL-OUTER
G1 F1038.1 X113.111 Y110.97 E519.7361
G1 X113.555 Y110.761 E519.7468
G1 X113.114 Y110.533 E519.75762
G1 X112.938 Y110.362 E519.76297
G1 X112.893 Y110.247 E519.76566
G1 X112.859 Y109.807 E519.77528
G1 X112.922 Y109.639 E519.7792
G1 X113.102 Y109.469 E519.78459
G1 X113.56 Y109.262 E519.79555
G1 X113.102 Y109.035 E519.8067
G1 X112.921 Y108.865 E519.81211
G1 X112.864 Y108.673 E519.81648
G1 X112.889 Y108.277 E519.82513
G1 X112.939 Y108.141 E519.82829
G1 X113.115 Y107.971 E519.83362
G1 X113.566 Y107.765 E519.84443
G1 X113.114 Y107.532 E519.85552
G1 X112.938 Y107.363 E519.86084
G1 X112.883 Y107.198 E519.86463
G1 X112.887 Y106.797 E519.87337
G1 X112.939 Y106.644 E519.8769
G1 X113.111 Y106.475 E519.88215
G1 X113.567 Y106.268 E519.89307
G1 X113.108 Y106.032 E519.90432
G1 X112.934 Y105.864 E519.9096
G1 X112.877 Y105.669 E519.91403
G1 X112.89 Y105.278 E519.92256
G1 X112.939 Y105.142 E519.92571
G1 X113.113 Y104.973 E519.931
G1 X113.564 Y104.764 E519.94183
G1 X113.111 Y104.532 E519.95293
G1 X112.934 Y104.365 E519.95823
G1 X112.879 Y104.199 E519.96205
G1 X112.885 Y103.782 E519.97114
G1 X112.938 Y103.644 E519.97436
G1 X113.111 Y103.474 E519.97965
G1 X113.566 Y103.266 E519.99056
G1 X113.108 Y103.032 E520.00177
G1 X112.933 Y102.865 E520.00704
G1 X112.878 Y102.7 E520.01084
G1 X112.863 Y102.31 E520.01935
G1 X112.962 Y102.081 E520.02479
G1 X113.091 Y101.974 E520.02844
G1 X113.696 Y101.706 E520.04287
G1 X113.633 Y101.625 E520.0451
G1 X113.676 Y101.33 E520.0516
G1 X113.818 Y101.168 E520.0563
G1 X114 Y101.095 E520.06057
G1 X120.211 Y101.095 E520.19599
G1 X120.21 Y98.955 E520.24264
G1 X99.79 Y98.955 E520.68784
G1 X99.79 Y101.095 E520.7345
G1 X105.959 Y101.095 E520.86899
G1 X106.157 Y101.142 E520.87343
G1 X106.886 Y101.518 E520.89131
G1 X107.027 Y101.635 E520.89531
G1 X107.116 Y101.803 E520.89945
G1 X107.125 Y102.232 E520.90881
G1 X107.069 Y102.411 E520.9129
G1 X106.892 Y102.579 E520.91822
G1 X106.436 Y102.783 E520.92911
G1 X106.891 Y103.019 E520.94028
G1 X107.066 Y103.188 E520.94559
G1 X107.122 Y103.406 E520.95049
G1 X107.116 Y103.744 E520.95786
G1 X107.063 Y103.907 E520.9616
G1 X106.889 Y104.076 E520.96689
G1 X106.439 Y104.285 E520.97771
G1 X106.89 Y104.519 E520.98879
G1 X107.065 Y104.687 E520.99407
G1 X107.119 Y104.853 E520.99788
G1 X107.116 Y105.244 E521.0064
G1 X107.062 Y105.409 E521.01019
G1 X106.887 Y105.577 E521.01548
G1 X106.439 Y105.785 E521.02625
G1 X106.887 Y106.018 E521.03726
G1 X107.061 Y106.187 E521.04255
G1 X107.117 Y106.383 E521.04699
G1 X107.116 Y106.713 E521.05418
G1 X107.06 Y106.909 E521.05863
G1 X106.884 Y107.079 E521.06396
G1 X106.434 Y107.286 E521.07476
G1 X106.884 Y107.517 E521.08579
G1 X107.061 Y107.686 E521.09113
G1 X107.115 Y107.851 E521.09491
G1 X107.131 Y108.236 E521.10331
G1 X107.069 Y108.415 E521.10744
G1 X106.888 Y108.583 E521.11283
G1 X106.436 Y108.788 E521.12365
G1 X106.884 Y109.017 E521.13462
G1 X107.062 Y109.188 E521.14
G1 X107.115 Y109.353 E521.14378
G1 X107.126 Y109.745 E521.15233
G1 X107.071 Y109.913 E521.15618
G1 X106.892 Y110.081 E521.16153
G1 X106.436 Y110.281 E521.17239
G1 X106.889 Y110.515 E521.1835
G1 X107.065 Y110.686 E521.18885
G1 X107.114 Y110.827 E521.19211
G1 X107.122 Y111.189 E521.2
G1 X107.064 Y111.36 E521.20394
G1 X106.89 Y111.528 E521.20921
G1 X106.436 Y111.733 E521.22007
G1 X106.891 Y111.97 E521.23126
G1 X107.065 Y112.138 E521.23653
G1 X107.119 Y112.303 E521.24032
G1 X107.116 Y112.694 E521.24884
G1 X107.063 Y112.857 E521.25258
G1 X106.889 Y113.026 E521.25787
G1 X106.439 Y113.235 E521.26868
G1 X106.89 Y113.469 E521.27976
G1 X107.065 Y113.637 E521.28505
G1 X107.119 Y113.803 E521.28886
G1 X107.116 Y114.194 E521.29738
G1 X107.062 Y114.359 E521.30117
G1 X106.887 Y114.527 E521.30645
G1 X106.439 Y114.735 E521.31722
G1 X106.887 Y114.968 E521.32823
G1 X107.061 Y115.137 E521.33352
G1 X107.117 Y115.333 E521.33797
G1 X107.116 Y115.663 E521.34516
G1 X107.06 Y115.859 E521.3496
G1 X106.884 Y116.029 E521.35494
G1 X106.434 Y116.236 E521.36574
G1 X106.884 Y116.467 E521.37677
G1 X107.061 Y116.636 E521.3821
G1 X107.115 Y116.801 E521.38589
G1 X107.131 Y117.186 E521.39429
G1 X107.069 Y117.365 E521.39842
G1 X106.888 Y117.533 E521.4038
G1 X106.436 Y117.738 E521.41462
G1 X106.884 Y117.967 E521.42559
G1 X107.062 Y118.138 E521.43097
G1 X107.115 Y118.275 E521.43418
G1 X107.128 Y118.63 E521.44192
G1 X107.083 Y118.839 E521.44658
G1 X106.893 Y119.03 E521.45246
G1 X106.436 Y119.231 E521.46334
G1 X106.891 Y119.468 E521.47452
G1 X107.079 Y119.661 E521.4804
G1 X107.122 Y119.853 E521.48469
G1 X107.12 Y120.142 E521.49099
G1 X106.943 Y120.495 E521.4996
G1 X106.583 Y120.669 E521.50832
G1 X107.017 Y121.045 E521.52084
G1 X112.988 Y121.045 E521.65102
G1 X113.085 Y120.963 E521.65378
G1 X113.013 Y120.911 E521.65572
G1 X112.881 Y120.607 E521.66295
G1 X112.876 Y120.313 E521.66936
G1 X112.939 Y120.08 E521.67462
G1 X113.111 Y119.921 E521.67973
G1 X113.555 Y119.711 E521.69043
G1 X113.114 Y119.482 E521.70127
G1 X112.944 Y119.321 E521.70637
G1 X112.888 Y119.204 E521.7092
G1 X112.865 Y118.831 E521.71735
G1 X112.923 Y118.586 E521.72284
G1 X113.102 Y118.419 E521.72818
G1 X113.56 Y118.212 E521.73913
G1 X113.102 Y117.985 E521.75028
G1 X112.923 Y117.817 E521.75563
G1 X112.858 Y117.64 E521.75974
G1 X112.889 Y117.227 E521.76877
G1 X112.939 Y117.091 E521.77193
G1 X113.115 Y116.921 E521.77726
G1 X113.566 Y116.715 E521.78807
G1 X113.114 Y116.482 E521.79916
G1 X112.938 Y116.313 E521.80448
G1 X112.883 Y116.148 E521.80827
G1 X112.887 Y115.747 E521.81702
G1 X112.939 Y115.594 E521.82054
G1 X113.111 Y115.425 E521.8258
G1 X113.567 Y115.218 E521.83671
G1 X113.108 Y114.982 E521.84797
G1 X112.934 Y114.814 E521.85324
G1 X112.877 Y114.619 E521.85767
G1 X112.89 Y114.228 E521.8662
G1 X112.939 Y114.092 E521.86935
G1 X113.113 Y113.923 E521.87464
G1 X113.564 Y113.714 E521.88548
G1 X113.111 Y113.482 E521.89657
G1 X112.934 Y113.315 E521.90188
G1 X112.879 Y113.149 E521.90569
G1 X112.89 Y112.728 E521.91487
G1 X112.939 Y112.592 E521.91802
G1 X113.114 Y112.423 E521.92333
G1 X113.566 Y112.216 E521.93417
G1 X113.113 Y111.984 E521.94526
G1 X112.937 Y111.816 E521.95057
G1 X112.882 Y111.65 E521.95438
G1 X112.876 Y111.326 E521.96144
G1 X112.933 Y111.138 E521.96573
G0 F9000 X113.078 Y111.001
G0 X112.043 Y110.57
;MESH:NONMESH
G0 F600 X112.043 Y110.57 Z6.04
G0 F9000 X107.445 Y101.247
G0 X107.333 Y101.463
;TIME_ELAPSED:673.466737
;LAYER:48
;TYPE:WALL-INNER
;MESH:belt_holder_screw.stl
G1 F2700.9 X107.453 Y101.681 E521.97162
G1 X107.49 Y101.877 E521.97635
G1 X107.484 Y102.307 E521.98654
G1 X107.392 Y102.565 E521.99303
G1 X107.132 Y102.806 E522.00143
G1 X107.392 Y103.047 E522.00984
G1 X107.489 Y103.374 E522.01792
G1 X107.483 Y103.785 E522.02766
G1 X107.388 Y104.062 E522.0346
G1 X107.13 Y104.304 E522.04298
G1 X107.39 Y104.546 E522.0514
G1 X107.489 Y104.874 E522.05952
G1 X107.483 Y105.294 E522.06947
G1 X107.39 Y105.559 E522.07613
G1 X107.133 Y105.803 E522.08453
G1 X107.395 Y106.042 E522.09293
G1 X107.497 Y106.375 E522.10118
G1 X107.493 Y106.773 E522.11062
G1 X107.394 Y107.06 E522.11781
G1 X107.131 Y107.304 E522.12631
G1 X107.392 Y107.548 E522.13478
G1 X107.487 Y107.783 E522.14079
G1 X107.494 Y108.321 E522.15354
G1 X107.394 Y108.566 E522.15981
G1 X107.135 Y108.808 E522.16821
G1 X107.393 Y109.049 E522.17657
G1 X107.489 Y109.372 E522.18456
G1 X107.493 Y109.696 E522.19224
G1 X107.394 Y110.066 E522.20131
G1 X107.134 Y110.307 E522.20972
G1 X107.393 Y110.547 E522.21808
G1 X107.49 Y110.787 E522.22422
G1 X107.49 Y111.227 E522.23465
G1 X107.392 Y111.515 E522.24185
G1 X107.131 Y111.757 E522.25029
G1 X107.392 Y111.999 E522.25872
G1 X107.489 Y112.321 E522.26669
G1 X107.483 Y112.735 E522.27651
G1 X107.388 Y113.012 E522.28344
G1 X107.13 Y113.254 E522.29183
G1 X107.39 Y113.496 E522.30024
G1 X107.489 Y113.824 E522.30836
G1 X107.483 Y114.244 E522.31832
G1 X107.39 Y114.509 E522.32497
G1 X107.133 Y114.753 E522.33337
G1 X107.395 Y114.992 E522.34178
G1 X107.497 Y115.325 E522.35003
G1 X107.493 Y115.723 E522.35946
G1 X107.394 Y116.01 E522.36666
G1 X107.131 Y116.254 E522.37516
G1 X107.392 Y116.498 E522.38362
G1 X107.487 Y116.733 E522.38963
G1 X107.494 Y117.271 E522.40238
G1 X107.394 Y117.516 E522.40865
G1 X107.135 Y117.758 E522.41705
G1 X107.393 Y117.999 E522.42542
G1 X107.489 Y118.322 E522.4334
G1 X107.493 Y118.777 E522.44419
G1 X107.419 Y118.97 E522.44909
G1 X107.133 Y119.257 E522.45869
G1 X107.419 Y119.544 E522.46829
G1 X107.494 Y119.738 E522.47322
G1 X107.488 Y120.163 E522.48329
G1 X107.183 Y120.765 E522.49928
G1 X112.587 Y120.764 E522.62735
G1 X112.516 Y120.591 E522.63178
G1 X112.516 Y120.296 E522.63877
G1 X112.556 Y120.058 E522.64449
G1 X112.618 Y119.928 E522.6479
G1 X112.868 Y119.696 E522.65598
G1 X112.615 Y119.465 E522.6641
G1 X112.51 Y119.118 E522.67269
G1 X112.495 Y118.724 E522.68204
G1 X112.597 Y118.433 E522.68935
G1 X112.855 Y118.192 E522.69771
G1 X112.597 Y117.951 E522.70608
G1 X112.499 Y117.629 E522.71405
G1 X112.517 Y117.199 E522.72425
G1 X112.609 Y116.939 E522.73079
G1 X112.873 Y116.694 E522.73932
G1 X112.612 Y116.448 E522.74782
G1 X112.516 Y116.128 E522.75574
G1 X112.511 Y115.772 E522.76418
G1 X112.606 Y115.438 E522.77241
G1 X112.864 Y115.195 E522.78081
G1 X112.605 Y114.951 E522.78924
G1 X112.505 Y114.708 E522.79547
G1 X112.515 Y114.211 E522.80725
G1 X112.606 Y113.938 E522.81407
G1 X112.862 Y113.695 E522.82243
G1 X112.605 Y113.451 E522.83083
G1 X112.505 Y113.208 E522.83706
G1 X112.515 Y112.711 E522.84884
G1 X112.609 Y112.434 E522.85577
G1 X112.867 Y112.193 E522.86413
G1 X112.611 Y111.951 E522.87248
G1 X112.516 Y111.631 E522.88039
G1 X112.516 Y111.306 E522.88809
G1 X112.611 Y110.989 E522.89594
G1 X112.868 Y110.746 E522.90432
G1 X112.608 Y110.503 E522.91275
G1 X112.515 Y110.228 E522.91963
G1 X112.499 Y109.805 E522.92966
G1 X112.597 Y109.483 E522.93764
G1 X112.855 Y109.242 E522.94601
G1 X112.597 Y109.001 E522.95437
G1 X112.499 Y108.679 E522.96235
G1 X112.517 Y108.249 E522.97255
G1 X112.609 Y107.989 E522.97908
G1 X112.873 Y107.744 E522.98762
G1 X112.612 Y107.498 E522.99612
G1 X112.516 Y107.178 E523.00404
G1 X112.511 Y106.822 E523.01247
G1 X112.606 Y106.488 E523.0207
G1 X112.864 Y106.245 E523.0291
G1 X112.605 Y106.001 E523.03753
G1 X112.505 Y105.758 E523.04376
G1 X112.515 Y105.261 E523.05554
G1 X112.606 Y104.988 E523.06236
G1 X112.862 Y104.745 E523.07072
G1 X112.605 Y104.501 E523.07912
G1 X112.505 Y104.258 E523.08535
G1 X112.515 Y103.761 E523.09713
G1 X112.606 Y103.488 E523.10395
G1 X112.862 Y103.245 E523.11231
G1 X112.605 Y103.001 E523.12071
G1 X112.507 Y102.677 E523.12873
G1 X112.498 Y102.258 E523.13867
G1 X112.561 Y102.053 E523.14375
G1 X112.672 Y101.88 E523.14862
G1 X112.853 Y101.73 E523.15419
G1 X113.319 Y101.524 E523.16626
G1 X113.301 Y101.379 E523.16973
G1 X113.368 Y101.194 E523.17439
G1 X113.604 Y100.933 E523.18273
G1 X113.899 Y100.815 E523.19026
G1 X119.811 Y100.815 E523.33036
G1 X119.81 Y99.235 E523.3678
G1 X100.19 Y99.235 E523.83275
G1 X100.19 Y100.815 E523.8702
G1 X106.022 Y100.815 E524.0084
G1 X106.344 Y100.891 E524.01624
G1 X107.102 Y101.275 E524.03638
G1 X107.333 Y101.463 E524.04344
G1 F1800 E522.04344
G0 F9000 X107.461 Y101.212
G0 X107.706 Y111.378
G1 F900 E524.04344
G0 F9000 X107.15 Y111.373
;TYPE:WALL-OUTER
G1 F2077.6 X106.971 Y111.54 E524.04877
G1 X106.508 Y111.743 E524.0598
G1 X106.971 Y111.974 E524.07108
G1 X107.15 Y112.141 E524.07641
G1 X107.209 Y112.336 E524.08086
G1 X107.203 Y112.73 E524.08945
G1 X107.146 Y112.871 E524.09276
G1 X106.969 Y113.038 E524.09807
G1 X106.509 Y113.243 E524.10905
G1 X106.971 Y113.473 E524.1203
G1 X107.149 Y113.639 E524.12561
G1 X107.209 Y113.838 E524.13014
G1 X107.198 Y114.23 E524.13869
G1 X107.147 Y114.369 E524.14192
G1 X106.97 Y114.538 E524.14725
G1 X106.512 Y114.742 E524.15818
G1 X106.974 Y114.972 E524.16943
G1 X107.156 Y115.137 E524.17479
G1 X107.217 Y115.339 E524.17939
G1 X107.213 Y115.674 E524.18669
G1 X107.153 Y115.866 E524.19108
G1 X106.975 Y116.032 E524.19639
G1 X106.513 Y116.243 E524.20746
G1 X106.973 Y116.474 E524.21868
G1 X107.151 Y116.64 E524.22399
G1 X107.208 Y116.783 E524.22734
G1 X107.213 Y117.171 E524.2358
G1 X107.153 Y117.373 E524.2404
G1 X106.974 Y117.54 E524.24574
G1 X106.517 Y117.745 E524.25666
G1 X106.973 Y117.974 E524.26778
G1 X107.151 Y118.141 E524.2731
G1 X107.208 Y118.283 E524.27644
G1 X107.212 Y118.649 E524.28442
G1 X107.168 Y118.846 E524.28882
G1 X106.973 Y119.041 E524.29483
G1 X106.515 Y119.242 E524.30574
G1 X106.973 Y119.473 E524.31692
G1 X107.168 Y119.668 E524.32293
G1 X107.212 Y119.865 E524.32733
G1 X107.208 Y120.159 E524.33374
G1 X107.029 Y120.513 E524.34239
G1 X106.665 Y120.672 E524.35105
G1 X107.099 Y121.045 E524.36353
G1 X112.89 Y121.043 E524.48978
G1 X113.004 Y120.956 E524.49291
G1 X112.921 Y120.896 E524.49514
G1 X112.796 Y120.591 E524.50233
G1 X112.796 Y120.296 E524.50876
G1 X112.857 Y120.073 E524.5138
G1 X113.031 Y119.912 E524.51897
G1 X113.481 Y119.701 E524.52981
G1 X113.028 Y119.477 E524.54082
G1 X112.854 Y119.318 E524.54596
G1 X112.79 Y119.107 E524.55077
G1 X112.776 Y118.74 E524.55878
G1 X112.838 Y118.575 E524.56262
G1 X113.017 Y118.408 E524.56796
G1 X113.477 Y118.204 E524.57893
G1 X113.017 Y117.976 E524.59012
G1 X112.838 Y117.809 E524.59546
G1 X112.779 Y117.614 E524.5999
G1 X112.797 Y117.221 E524.60848
G1 X112.85 Y117.083 E524.6117
G1 X113.028 Y116.918 E524.61699
G1 X113.488 Y116.707 E524.62803
G1 X113.03 Y116.474 E524.63923
G1 X112.854 Y116.307 E524.64452
G1 X112.798 Y116.141 E524.64834
G1 X112.79 Y115.725 E524.65741
G1 X112.849 Y115.579 E524.66084
G1 X113.023 Y115.414 E524.66607
G1 X113.484 Y115.209 E524.67707
G1 X113.021 Y114.974 E524.68839
G1 X112.846 Y114.809 E524.69363
G1 X112.789 Y114.64 E524.69752
G1 X112.793 Y114.244 E524.70616
G1 X112.849 Y114.079 E524.70996
G1 X113.023 Y113.912 E524.71521
G1 X113.482 Y113.708 E524.72616
G1 X113.021 Y113.475 E524.73743
G1 X112.846 Y113.309 E524.74268
G1 X112.789 Y113.141 E524.74655
G1 X112.793 Y112.744 E524.75521
G1 X112.85 Y112.576 E524.75908
G1 X113.029 Y112.41 E524.7644
G1 X113.481 Y112.208 E524.77519
G1 X113.03 Y111.979 E524.78622
G1 X112.853 Y111.811 E524.79154
G1 X112.796 Y111.617 E524.79595
G1 X112.796 Y111.322 E524.80238
G1 X112.853 Y111.13 E524.80675
G1 X113.028 Y110.963 E524.81202
G1 X113.478 Y110.753 E524.82285
G1 X113.026 Y110.526 E524.83387
G1 X112.849 Y110.36 E524.83917
G1 X112.797 Y110.223 E524.84236
G1 X112.779 Y109.82 E524.85115
G1 X112.838 Y109.625 E524.8556
G1 X113.017 Y109.458 E524.86093
G1 X113.477 Y109.254 E524.8719
G1 X113.017 Y109.026 E524.8831
G1 X112.838 Y108.859 E524.88844
G1 X112.779 Y108.664 E524.89288
G1 X112.797 Y108.271 E524.90145
G1 X112.85 Y108.133 E524.90468
G1 X113.028 Y107.968 E524.90997
G1 X113.488 Y107.757 E524.921
G1 X113.03 Y107.524 E524.93221
G1 X112.854 Y107.357 E524.9375
G1 X112.798 Y107.191 E524.94131
G1 X112.79 Y106.775 E524.95039
G1 X112.849 Y106.629 E524.95382
G1 X113.023 Y106.464 E524.95905
G1 X113.484 Y106.259 E524.97005
G1 X113.021 Y106.024 E524.98137
G1 X112.846 Y105.859 E524.98661
G1 X112.789 Y105.69 E524.9905
G1 X112.793 Y105.294 E524.99913
G1 X112.849 Y105.129 E525.00293
G1 X113.023 Y104.962 E525.00819
G1 X113.482 Y104.758 E525.01914
G1 X113.021 Y104.525 E525.0304
G1 X112.846 Y104.359 E525.03566
G1 X112.789 Y104.191 E525.03953
G1 X112.793 Y103.794 E525.04819
G1 X112.849 Y103.629 E525.05198
G1 X113.023 Y103.462 E525.05724
G1 X113.482 Y103.258 E525.06819
G1 X113.021 Y103.025 E525.07945
G1 X112.846 Y102.859 E525.08471
G1 X112.787 Y102.663 E525.08918
G1 X112.778 Y102.29 E525.09731
G1 X112.883 Y102.063 E525.10276
G1 X112.993 Y101.972 E525.10588
G1 X113.607 Y101.705 E525.12047
G1 X113.574 Y101.443 E525.12623
G1 X113.616 Y101.324 E525.12898
G1 X113.759 Y101.166 E525.13363
G1 X113.937 Y101.095 E525.13781
G1 X120.091 Y101.095 E525.27198
G1 X120.09 Y98.955 E525.31863
G1 X99.91 Y98.955 E525.7586
G1 X99.91 Y101.095 E525.80525
G1 X106.022 Y101.095 E525.93851
G1 X106.217 Y101.141 E525.94288
G1 X106.975 Y101.525 E525.9614
G1 X107.115 Y101.639 E525.96534
G1 X107.21 Y101.811 E525.96962
G1 X107.209 Y102.234 E525.97884
G1 X107.151 Y102.422 E525.98313
G1 X106.971 Y102.589 E525.98849
G1 X106.508 Y102.793 E525.99952
G1 X106.971 Y103.023 E526.01079
G1 X107.15 Y103.19 E526.01613
G1 X107.209 Y103.388 E526.02063
G1 X107.203 Y103.78 E526.02918
G1 X107.146 Y103.921 E526.03249
G1 X106.969 Y104.088 E526.0378
G1 X106.509 Y104.293 E526.04878
G1 X106.971 Y104.523 E526.06003
G1 X107.149 Y104.689 E526.06534
G1 X107.209 Y104.888 E526.06987
G1 X107.198 Y105.28 E526.07842
G1 X107.147 Y105.419 E526.08165
G1 X106.97 Y105.588 E526.08698
G1 X106.512 Y105.792 E526.09791
G1 X106.974 Y106.022 E526.10916
G1 X107.156 Y106.187 E526.11452
G1 X107.217 Y106.389 E526.11912
G1 X107.213 Y106.724 E526.12642
G1 X107.153 Y106.916 E526.13081
G1 X106.975 Y107.082 E526.13612
G1 X106.513 Y107.293 E526.14719
G1 X106.973 Y107.524 E526.15841
G1 X107.151 Y107.69 E526.16372
G1 X107.208 Y107.833 E526.16707
G1 X107.213 Y108.221 E526.17553
G1 X107.153 Y108.423 E526.18013
G1 X106.974 Y108.59 E526.18547
G1 X106.517 Y108.795 E526.19639
G1 X106.973 Y109.024 E526.20751
G1 X107.151 Y109.191 E526.21283
G1 X107.209 Y109.334 E526.2162
G1 X107.209 Y109.763 E526.22555
G1 X107.153 Y109.923 E526.22925
G1 X106.972 Y110.091 E526.23463
G1 X106.515 Y110.292 E526.24551
G1 X106.971 Y110.521 E526.25664
G1 X107.151 Y110.689 E526.26201
G1 X107.21 Y110.888 E526.26653
G1 X107.209 Y111.18 E526.2729
G1 X107.15 Y111.373 E526.2773
G0 F9000 X107.004 Y111.509
G0 X107.485 Y111.807
G0 X107.99 Y119.528
;TYPE:FILL
G1 F2493.1 X108.031 Y119.848 E526.3039
G1 X108.026 Y120.224 E526.33492
G1 X108.74 Y120.223 E526.3938
G1 X107.956 Y119.439 E526.48523
G1 X107.883 Y119.25 E526.50194
G1 X107.99 Y118.979 E526.52597
G1 X108.028 Y118.691 E526.54993
G1 X109.56 Y120.223 E526.7286
G1 X110.38 Y120.223 E526.79623
G1 X107.885 Y117.728 E527.08721
G1 X108.036 Y117.319 E527.12317
G1 X108.029 Y117.052 E527.14519
G1 X111.201 Y120.223 E527.51508
G1 X111.983 Y120.223 E527.57957
G1 X111.988 Y120.191 E527.58224
G1 X107.943 Y116.146 E528.054
G1 X108.033 Y115.768 E528.08605
G1 X108.035 Y115.417 E528.11499
G1 X112.019 Y119.401 E528.57964
G1 X111.971 Y119.163 E528.59966
G1 X111.96 Y118.832 E528.62698
G1 X111.982 Y118.544 E528.6508
G1 X107.967 Y114.529 E529.11906
G1 X108.023 Y114.309 E529.13778
G1 X108.027 Y113.769 E529.18231
G1 X111.965 Y117.707 E529.64159
G1 X111.963 Y117.41 E529.66609
G1 X111.922 Y117.41 E529.66947
G1 X112.017 Y116.939 E529.70909
G1 X107.989 Y112.91 E530.17893
G1 X108.023 Y112.762 E530.19145
G1 X108.028 Y112.279 E530.23129
G1 X107.989 Y112.09 E530.2472
G1 X111.976 Y116.077 E530.7122
G1 X111.971 Y115.766 E530.73785
G1 X112.046 Y115.327 E530.77458
G1 X108.029 Y111.31 E531.24307
G1 X108.029 Y110.838 E531.282
G1 X107.945 Y110.405 E531.31837
G1 X111.969 Y114.43 E531.78774
G1 X111.971 Y114.128 E531.81265
G1 X112.106 Y113.746 E531.84606
G1 X108.029 Y109.67 E532.3215
G1 X108.027 Y109.235 E532.35737
G1 X107.958 Y108.992 E532.3782
G1 X107.874 Y108.808 E532.39488
G1 X107.905 Y108.725 E532.40219
G1 X111.948 Y112.768 E532.87372
G1 X112.038 Y112.379 E532.90664
G1 X112.128 Y112.188 E532.92406
G1 X112.075 Y112.075 E532.93435
G1 X108.026 Y108.026 E533.40658
G1 X108.019 Y107.751 E533.42926
G1 X107.968 Y107.45 E533.45444
G1 X107.871 Y107.306 E533.46876
G1 X107.953 Y107.133 E533.48455
G1 X111.995 Y111.175 E533.95596
G1 X112.043 Y110.933 E533.9763
G1 X112.127 Y110.748 E533.99306
G1 X111.994 Y110.353 E534.02743
G1 X108.051 Y106.411 E534.48724
G1 X107.963 Y105.98 E534.52351
G1 X107.873 Y105.794 E534.54056
G1 X107.981 Y105.52 E534.56484
G1 X112.005 Y109.544 E535.03416
G1 X112.113 Y109.242 E535.06061
G1 X112.051 Y109.107 E535.07286
G1 X112.017 Y109.106 E535.07566
G1 X111.964 Y108.782 E535.10274
G1 X111.964 Y108.683 E535.1109
G1 X108.028 Y104.747 E535.56995
G1 X108.028 Y104.689 E535.57473
G1 X107.87 Y104.301 E535.60928
G1 X108.002 Y103.901 E535.64402
G1 X112.038 Y107.937 E536.11473
G1 X112.13 Y107.74 E536.13266
G1 X112.043 Y107.55 E536.14989
G1 X111.976 Y107.221 E536.17758
G1 X111.973 Y107.052 E536.19152
G1 X107.969 Y103.048 E536.6585
G1 X107.872 Y102.806 E536.68
G1 X107.963 Y102.611 E536.69775
G1 X108.039 Y102.298 E536.72431
G1 X112.08 Y106.338 E537.19555
G1 X112.121 Y106.247 E537.20378
G1 X112.035 Y106.06 E537.22075
G1 X111.966 Y105.711 E537.25009
G1 X111.968 Y105.406 E537.27524
G1 X107.845 Y101.283 E537.7561
G1 X107.753 Y101.116 E537.77183
G1 X107.371 Y100.805 E537.81245
G0 F9000 X106.725 Y100.722
G0 X101.095 Y100.274
G1 F2493.1 X100.728 Y99.908 E537.85519
G1 X100.728 Y100.274 E537.88538
G1 X101.915 Y100.274 E537.98327
G1 X101.415 Y99.774 E538.04158
G1 X102.235 Y99.774 E538.1092
G1 X102.735 Y100.274 E538.16752
G1 X103.555 Y100.274 E538.23514
G1 X103.055 Y99.774 E538.29346
G1 X103.876 Y99.774 E538.36116
G1 X104.376 Y100.274 E538.41948
G1 X105.196 Y100.274 E538.4871
G1 X104.696 Y99.774 E538.54542
G1 X105.516 Y99.774 E538.61304
G1 X106.006 Y100.264 E538.67019
G1 X106.562 Y100.396 E538.71731
G1 X107.362 Y100.8 E538.79122
G1 X106.336 Y99.774 E538.91089
G1 X107.157 Y99.774 E538.97859
G1 X112.12 Y104.738 E539.55748
G1 X111.965 Y104.368 E539.59056
G1 X111.971 Y103.768 E539.64004
G1 X107.977 Y99.774 E540.10585
G1 X108.797 Y99.774 E540.17348
G1 X112.021 Y102.999 E540.54955
G1 X111.973 Y102.79 E540.56723
G1 X111.955 Y102.188 E540.6169
G1 X111.973 Y102.13 E540.62191
G1 X109.617 Y99.774 E540.89668
G1 X110.438 Y99.774 E540.96439
G1 X112.218 Y101.555 E541.17205
G1 X112.566 Y101.272 E541.20904
G1 X112.693 Y101.21 E541.22069
G1 X111.258 Y99.774 E541.38811
G1 X112.078 Y99.774 E541.45573
G1 X113.052 Y100.748 E541.56933
G1 X113.293 Y100.481 E541.59899
G1 X113.515 Y100.391 E541.61875
G1 X112.898 Y99.774 E541.69071
G1 X113.719 Y99.774 E541.75841
G1 X114.218 Y100.274 E541.81667
G1 X115.039 Y100.274 E541.88438
G1 X114.539 Y99.774 E541.94269
G1 X115.359 Y99.774 E542.01031
G1 X115.859 Y100.274 E542.06863
G1 X116.679 Y100.274 E542.13625
G1 X116.179 Y99.774 E542.19457
G1 X117 Y99.774 E542.26227
G1 X117.499 Y100.274 E542.32053
G1 X118.32 Y100.274 E542.38824
G1 X117.82 Y99.774 E542.44655
G1 X119.269 Y99.774 E542.56605
G1 X119.271 Y100.275 E542.60736
G1 X119.14 Y100.274 E542.61817
G1 X118.64 Y99.774 E542.67648
G0 F9000 X118.64 Y99.855
;MESH:NONMESH
G0 F600 X118.64 Y99.855 Z6.16
G0 F9000 X107.528 Y101.246
G0 X107.421 Y101.457
;TIME_ELAPSED:688.857853
;LAYER:49
;TYPE:WALL-INNER
;MESH:belt_holder_screw.stl
G1 F1613.4 X107.547 Y101.671 E542.68237
G1 X107.59 Y101.866 E542.6871
G1 X107.584 Y102.34 E542.69833
G1 X107.483 Y102.581 E542.70453
G1 X107.226 Y102.816 E542.71278
G1 X107.482 Y103.05 E542.721
G1 X107.584 Y103.293 E542.72724
G1 X107.58 Y103.804 E542.73935
G1 X107.483 Y104.082 E542.74633
G1 X107.228 Y104.316 E542.75453
G1 X107.482 Y104.55 E542.76272
G1 X107.584 Y104.793 E542.76896
G1 X107.58 Y105.304 E542.78107
G1 X107.487 Y105.575 E542.78786
G1 X107.232 Y105.812 E542.79611
G1 X107.491 Y106.045 E542.80437
G1 X107.599 Y106.292 E542.81076
G1 X107.589 Y106.811 E542.82306
G1 X107.486 Y107.083 E542.82995
G1 X107.228 Y107.318 E542.83822
G1 X107.484 Y107.554 E542.84647
G1 X107.578 Y107.831 E542.8534
G1 X107.583 Y108.23 E542.86286
G1 X107.482 Y108.579 E542.87147
G1 X107.229 Y108.815 E542.87967
G1 X107.482 Y109.051 E542.88787
G1 X107.584 Y109.33 E542.89491
G1 X107.583 Y109.753 E542.90493
G1 X107.482 Y110.079 E542.91302
G1 X107.226 Y110.314 E542.92125
G1 X107.482 Y110.55 E542.9295
G1 X107.586 Y110.856 E542.93716
G1 X107.582 Y111.245 E542.94638
G1 X107.481 Y111.53 E542.95355
G1 X107.226 Y111.765 E542.96177
G1 X107.481 Y112 E542.96998
G1 X107.585 Y112.307 E542.97766
G1 X107.58 Y112.754 E542.98826
G1 X107.483 Y113.032 E542.99524
G1 X107.228 Y113.266 E543.00344
G1 X107.482 Y113.5 E543.01162
G1 X107.584 Y113.743 E543.01787
G1 X107.58 Y114.254 E543.02998
G1 X107.487 Y114.525 E543.03677
G1 X107.232 Y114.762 E543.04502
G1 X107.491 Y114.995 E543.05327
G1 X107.599 Y115.242 E543.05966
G1 X107.589 Y115.761 E543.07196
G1 X107.486 Y116.033 E543.07886
G1 X107.228 Y116.268 E543.08713
G1 X107.484 Y116.504 E543.09538
G1 X107.578 Y116.781 E543.10231
G1 X107.583 Y117.18 E543.11176
G1 X107.482 Y117.529 E543.12037
G1 X107.229 Y117.765 E543.12857
G1 X107.482 Y118.001 E543.13677
G1 X107.582 Y118.326 E543.14483
G1 X107.583 Y118.788 E543.15578
G1 X107.51 Y118.978 E543.1606
G1 X107.223 Y119.264 E543.1702
G1 X107.51 Y119.551 E543.17982
G1 X107.584 Y119.742 E543.18468
G1 X107.583 Y120.166 E543.19472
G1 X107.289 Y120.765 E543.21054
G1 X112.49 Y120.764 E543.33379
G1 X112.413 Y120.577 E543.33858
G1 X112.416 Y120.13 E543.34918
G1 X112.518 Y119.918 E543.35475
G1 X112.774 Y119.684 E543.36297
G1 X112.519 Y119.45 E543.37117
G1 X112.421 Y119.24 E543.37666
G1 X112.411 Y118.698 E543.38951
G1 X112.513 Y118.419 E543.39655
G1 X112.767 Y118.183 E543.40477
G1 X112.513 Y117.947 E543.41298
G1 X112.413 Y117.596 E543.42163
G1 X112.418 Y117.259 E543.42962
G1 X112.52 Y116.919 E543.43803
G1 X112.777 Y116.683 E543.4463
G1 X112.52 Y116.448 E543.45455
G1 X112.42 Y116.127 E543.46252
G1 X112.422 Y115.709 E543.47243
G1 X112.518 Y115.421 E543.47962
G1 X112.771 Y115.186 E543.4878
G1 X112.518 Y114.949 E543.49602
G1 X112.416 Y114.617 E543.50425
G1 X112.418 Y114.254 E543.51285
G1 X112.518 Y113.922 E543.52107
G1 X112.771 Y113.686 E543.52927
G1 X112.517 Y113.449 E543.5375
G1 X112.421 Y113.172 E543.54445
G1 X112.417 Y112.665 E543.55646
G1 X112.518 Y112.422 E543.5627
G1 X112.771 Y112.186 E543.5709
G1 X112.517 Y111.949 E543.57913
G1 X112.421 Y111.672 E543.58608
G1 X112.414 Y111.268 E543.59565
G1 X112.517 Y110.969 E543.60315
G1 X112.774 Y110.734 E543.6114
G1 X112.518 Y110.499 E543.61963
G1 X112.423 Y110.221 E543.6266
G1 X112.413 Y109.807 E543.63641
G1 X112.513 Y109.469 E543.64476
G1 X112.767 Y109.233 E543.65298
G1 X112.513 Y108.997 E543.6612
G1 X112.413 Y108.646 E543.66984
G1 X112.418 Y108.309 E543.67783
G1 X112.52 Y107.969 E543.68624
G1 X112.777 Y107.733 E543.69451
G1 X112.52 Y107.498 E543.70277
G1 X112.42 Y107.177 E543.71073
G1 X112.422 Y106.759 E543.72064
G1 X112.518 Y106.471 E543.72783
G1 X112.771 Y106.236 E543.73602
G1 X112.518 Y105.999 E543.74423
G1 X112.416 Y105.667 E543.75246
G1 X112.418 Y105.304 E543.76106
G1 X112.518 Y104.972 E543.76928
G1 X112.771 Y104.736 E543.77748
G1 X112.517 Y104.499 E543.78571
G1 X112.421 Y104.222 E543.79266
G1 X112.418 Y103.804 E543.80257
G1 X112.518 Y103.472 E543.81078
G1 X112.771 Y103.236 E543.81898
G1 X112.517 Y102.999 E543.82721
G1 X112.421 Y102.722 E543.83416
G1 X112.413 Y102.237 E543.84566
G1 X112.485 Y102.025 E543.85096
G1 X112.6 Y101.856 E543.85581
G1 X112.782 Y101.713 E543.86129
G1 X113.278 Y101.497 E543.87411
G1 X113.236 Y101.379 E543.87708
G1 X113.308 Y101.186 E543.88196
G1 X113.544 Y100.93 E543.89021
G1 X113.834 Y100.815 E543.89761
G1 X119.691 Y100.815 E544.0364
G1 X119.69 Y99.235 E544.07385
G1 X100.31 Y99.235 E544.53311
G1 X100.31 Y100.815 E544.57055
G1 X106.087 Y100.815 E544.70746
G1 X106.413 Y100.893 E544.7154
G1 X106.79 Y101.086 E544.72544
G1 X107.189 Y101.278 E544.73593
G1 X107.421 Y101.457 E544.74287
G0 F9000 X107.311 Y101.814
;TYPE:WALL-OUTER
G1 F1241 X107.305 Y102.232 E544.75199
G1 X107.243 Y102.436 E544.75664
G1 X107.064 Y102.599 E544.76191
G1 X106.597 Y102.802 E544.77302
G1 X107.063 Y103.03 E544.78433
G1 X107.242 Y103.194 E544.78962
G1 X107.303 Y103.392 E544.79414
G1 X107.305 Y103.728 E544.80146
G1 X107.243 Y103.936 E544.80619
G1 X107.064 Y104.1 E544.81149
G1 X106.598 Y104.302 E544.82256
G1 X107.064 Y104.53 E544.83387
G1 X107.242 Y104.694 E544.83915
G1 X107.303 Y104.892 E544.84367
G1 X107.305 Y105.286 E544.85226
G1 X107.246 Y105.432 E544.85569
G1 X107.069 Y105.597 E544.86096
G1 X106.596 Y105.802 E544.8722
G1 X107.074 Y106.031 E544.88376
G1 X107.253 Y106.192 E544.88901
G1 X107.318 Y106.342 E544.89257
G1 X107.307 Y106.771 E544.90193
G1 X107.247 Y106.937 E544.90578
G1 X107.069 Y107.099 E544.91102
G1 X106.597 Y107.299 E544.9222
G1 X107.066 Y107.534 E544.93364
G1 X107.243 Y107.697 E544.93888
G1 X107.303 Y107.892 E544.94333
G1 X107.299 Y108.279 E544.95177
G1 X107.242 Y108.435 E544.95539
G1 X107.067 Y108.599 E544.96062
G1 X106.606 Y108.802 E544.9716
G1 X107.067 Y109.033 E544.98284
G1 X107.242 Y109.196 E544.98806
G1 X107.303 Y109.392 E544.99253
G1 X107.303 Y109.737 E545.00005
G1 X107.242 Y109.935 E545.00457
G1 X107.065 Y110.099 E545.00983
G1 X106.598 Y110.302 E545.02093
G1 X107.065 Y110.532 E545.03228
G1 X107.243 Y110.695 E545.03755
G1 X107.301 Y110.863 E545.04142
G1 X107.303 Y111.189 E545.04853
G1 X107.242 Y111.386 E545.05302
G1 X107.064 Y111.55 E545.0583
G1 X106.596 Y111.752 E545.06941
G1 X107.064 Y111.982 E545.08078
G1 X107.242 Y112.145 E545.08604
G1 X107.303 Y112.343 E545.09056
G1 X107.305 Y112.678 E545.09787
G1 X107.243 Y112.886 E545.1026
G1 X107.064 Y113.05 E545.10789
G1 X106.598 Y113.252 E545.11896
G1 X107.064 Y113.48 E545.13027
G1 X107.242 Y113.644 E545.13555
G1 X107.303 Y113.842 E545.14007
G1 X107.305 Y114.236 E545.14866
G1 X107.246 Y114.382 E545.15209
G1 X107.069 Y114.547 E545.15737
G1 X106.596 Y114.752 E545.16861
G1 X107.074 Y114.981 E545.18016
G1 X107.253 Y115.142 E545.18541
G1 X107.318 Y115.292 E545.18897
G1 X107.307 Y115.721 E545.19833
G1 X107.247 Y115.887 E545.20218
G1 X107.069 Y116.049 E545.20743
G1 X106.597 Y116.249 E545.2186
G1 X107.066 Y116.484 E545.23004
G1 X107.243 Y116.647 E545.23529
G1 X107.303 Y116.842 E545.23973
G1 X107.299 Y117.229 E545.24817
G1 X107.242 Y117.385 E545.25179
G1 X107.067 Y117.549 E545.25702
G1 X106.606 Y117.752 E545.268
G1 X107.067 Y117.983 E545.27925
G1 X107.242 Y118.146 E545.28446
G1 X107.303 Y118.342 E545.28894
G1 X107.303 Y118.663 E545.29593
G1 X107.259 Y118.854 E545.30021
G1 X107.065 Y119.049 E545.3062
G1 X106.598 Y119.252 E545.31731
G1 X107.065 Y119.482 E545.32865
G1 X107.259 Y119.676 E545.33464
G1 X107.304 Y119.87 E545.33898
G1 X107.303 Y120.165 E545.34541
G1 X107.128 Y120.522 E545.35408
G1 X106.745 Y120.685 E545.36315
G1 X107.22 Y121.045 E545.37615
G1 X112.788 Y121.044 E545.49754
G1 X112.908 Y120.951 E545.50085
G1 X112.82 Y120.889 E545.5032
G1 X112.693 Y120.579 E545.5105
G1 X112.695 Y120.285 E545.51691
G1 X112.757 Y120.064 E545.52192
G1 X112.934 Y119.902 E545.52715
G1 X113.41 Y119.706 E545.53837
G1 X112.935 Y119.468 E545.54995
G1 X112.759 Y119.306 E545.55517
G1 X112.698 Y119.091 E545.56004
G1 X112.697 Y118.723 E545.56806
G1 X112.754 Y118.563 E545.57177
G1 X112.929 Y118.4 E545.57698
G1 X113.39 Y118.198 E545.58795
G1 X112.929 Y117.966 E545.59921
G1 X112.754 Y117.803 E545.60442
G1 X112.693 Y117.607 E545.6089
G1 X112.699 Y117.228 E545.61716
G1 X112.76 Y117.064 E545.62097
G1 X112.938 Y116.9 E545.62625
G1 X113.41 Y116.699 E545.63744
G1 X112.939 Y116.468 E545.64887
G1 X112.76 Y116.304 E545.65417
G1 X112.699 Y116.109 E545.65862
G1 X112.7 Y115.739 E545.66669
G1 X112.759 Y115.565 E545.67069
G1 X112.932 Y115.403 E545.67586
G1 X113.394 Y115.2 E545.68686
G1 X112.931 Y114.967 E545.69816
G1 X112.757 Y114.805 E545.70335
G1 X112.696 Y114.603 E545.70795
G1 X112.698 Y114.267 E545.71527
G1 X112.758 Y114.066 E545.71985
G1 X112.932 Y113.903 E545.72504
G1 X113.394 Y113.7 E545.73605
G1 X112.931 Y113.467 E545.74735
G1 X112.757 Y113.304 E545.75254
G1 X112.696 Y113.108 E545.75702
G1 X112.698 Y112.767 E545.76445
G1 X112.758 Y112.566 E545.76903
G1 X112.932 Y112.403 E545.77423
G1 X113.394 Y112.199 E545.78524
G1 X112.931 Y111.967 E545.79653
G1 X112.757 Y111.804 E545.80173
G1 X112.696 Y111.607 E545.80622
G1 X112.698 Y111.282 E545.81331
G1 X112.756 Y111.115 E545.81716
G1 X112.934 Y110.952 E545.82242
G1 X113.413 Y110.756 E545.83371
G1 X112.935 Y110.518 E545.84535
G1 X112.758 Y110.355 E545.85059
G1 X112.698 Y110.158 E545.85508
G1 X112.696 Y109.777 E545.86339
G1 X112.754 Y109.613 E545.86718
G1 X112.929 Y109.45 E545.8724
G1 X113.39 Y109.248 E545.88337
G1 X112.929 Y109.016 E545.89462
G1 X112.754 Y108.853 E545.89984
G1 X112.693 Y108.657 E545.90431
G1 X112.699 Y108.278 E545.91258
G1 X112.76 Y108.114 E545.91639
G1 X112.938 Y107.95 E545.92167
G1 X113.41 Y107.749 E545.93285
G1 X112.939 Y107.518 E545.94429
G1 X112.76 Y107.354 E545.94958
G1 X112.699 Y107.159 E545.95404
G1 X112.7 Y106.789 E545.9621
G1 X112.759 Y106.615 E545.96611
G1 X112.932 Y106.453 E545.97128
G1 X113.394 Y106.25 E545.98228
G1 X112.931 Y106.017 E545.99358
G1 X112.757 Y105.855 E545.99876
G1 X112.696 Y105.653 E546.00336
G1 X112.698 Y105.317 E546.01069
G1 X112.758 Y105.116 E546.01526
G1 X112.932 Y104.953 E546.02046
G1 X113.394 Y104.75 E546.03146
G1 X112.931 Y104.517 E546.04276
G1 X112.757 Y104.354 E546.04796
G1 X112.696 Y104.158 E546.05244
G1 X112.698 Y103.817 E546.05987
G1 X112.758 Y103.616 E546.06444
G1 X112.932 Y103.453 E546.06964
G1 X113.394 Y103.249 E546.08065
G1 X112.931 Y103.017 E546.09194
G1 X112.757 Y102.854 E546.09714
G1 X112.696 Y102.658 E546.10162
G1 X112.696 Y102.287 E546.10971
G1 X112.737 Y102.147 E546.11289
G1 X112.917 Y101.958 E546.11858
G1 X113.589 Y101.668 E546.13453
G1 X113.509 Y101.443 E546.13974
G1 X113.554 Y101.319 E546.14262
G1 X113.697 Y101.164 E546.14721
G1 X113.872 Y101.095 E546.15131
G1 X119.971 Y101.095 E546.28428
G1 X119.97 Y98.955 E546.33094
G1 X100.03 Y98.955 E546.76567
G1 X100.03 Y101.095 E546.81233
G1 X106.087 Y101.095 E546.94438
G1 X106.284 Y101.142 E546.9488
G1 X106.669 Y101.339 E546.95823
G1 X107.068 Y101.531 E546.96788
G1 X107.208 Y101.639 E546.97174
G1 X107.311 Y101.814 E546.97616
G0 F9000 X107.309 Y102.014
G0 X107.646 Y101.248
;TYPE:FILL
G1 F2540.5 X107.864 Y101.547 E546.98213
G1 X107.94 Y101.817 E546.98665
G1 X107.945 Y102.319 E546.99474
G1 X107.89 Y102.546 E546.9985
G1 X107.755 Y102.828 E547.00354
G1 X107.892 Y103.135 E547.00896
G1 X107.939 Y103.381 E547.01299
G1 X107.942 Y103.799 E547.01973
G1 X107.891 Y104.028 E547.02351
G1 X107.752 Y104.326 E547.02881
G1 X107.935 Y104.727 E547.03591
G1 X107.948 Y105.402 E547.04679
G1 X107.757 Y105.822 E547.05423
G1 X107.945 Y106.247 E547.06171
G1 X107.947 Y106.8 E547.07063
G1 X107.884 Y107.058 E547.07491
G1 X107.746 Y107.321 E547.07969
G1 X107.936 Y107.729 E547.08694
G1 X107.942 Y108.379 E547.09742
G1 X107.751 Y108.831 E547.10533
G1 X107.939 Y109.246 E547.11267
G1 X107.937 Y109.791 E547.12145
G1 X107.884 Y110.036 E547.12549
G1 X107.749 Y110.325 E547.13063
G1 X107.941 Y110.742 E547.13803
G1 X107.939 Y111.341 E547.14768
G1 X107.751 Y111.781 E547.15539
G1 X107.934 Y112.19 E547.16261
G1 X107.946 Y112.71 E547.17099
G1 X107.891 Y112.978 E547.1754
G1 X107.752 Y113.276 E547.1807
G1 X107.935 Y113.677 E547.1878
G1 X107.948 Y114.352 E547.19868
G1 X107.757 Y114.772 E547.20612
G1 X107.945 Y115.197 E547.21361
G1 X107.947 Y115.75 E547.22252
G1 X107.884 Y116.008 E547.2268
G1 X107.746 Y116.271 E547.23159
G1 X107.936 Y116.679 E547.23884
G1 X107.942 Y117.329 E547.24931
G1 X107.751 Y117.781 E547.25722
G1 X107.932 Y118.181 E547.2643
G1 X107.938 Y118.676 E547.27227
G1 X107.86 Y119.046 E547.27837
G1 X107.683 Y119.264 E547.28289
G1 X107.899 Y119.551 E547.28868
G1 X107.943 Y119.914 E547.29457
G1 X107.938 Y120.183 E547.29891
G1 X107.826 Y120.413 E547.30303
G0 F9000 X112.058 Y120.409
G1 F2540.5 X112.059 Y120.266 E547.30533
G1 X112.121 Y119.932 E547.31081
G1 X112.25 Y119.683 E547.31533
G1 X112.113 Y119.398 E547.32042
G1 X112.058 Y119.028 E547.32645
G1 X112.058 Y118.622 E547.33299
G1 X112.242 Y118.175 E547.34078
G1 X112.054 Y117.739 E547.34843
G1 X112.07 Y117.093 E547.35885
G1 X112.249 Y116.667 E547.36629
G1 X112.056 Y116.259 E547.37357
G1 X112.066 Y115.61 E547.38403
G1 X112.249 Y115.169 E547.39172
G1 X112.116 Y114.896 E547.39661
G1 X112.061 Y114.571 E547.40193
G1 X112.067 Y114.081 E547.40982
G1 X112.249 Y113.671 E547.41705
G1 X112.061 Y113.25 E547.42448
G1 X112.062 Y112.571 E547.43542
G1 X112.256 Y112.186 E547.44237
G1 X112.063 Y111.761 E547.44989
G1 X112.057 Y111.318 E547.45703
G1 X112.12 Y110.982 E547.46254
G1 X112.253 Y110.733 E547.46709
G1 X112.059 Y110.32 E547.47444
G1 X112.06 Y109.793 E547.48293
G1 X112.122 Y109.486 E547.48798
G1 X112.249 Y109.241 E547.49243
G1 X112.054 Y108.789 E547.50036
G1 X112.07 Y108.143 E547.51077
G1 X112.249 Y107.717 E547.51822
G1 X112.056 Y107.309 E547.52549
G1 X112.066 Y106.66 E547.53595
G1 X112.249 Y106.219 E547.54365
G1 X112.116 Y105.946 E547.54854
G1 X112.061 Y105.621 E547.55385
G1 X112.067 Y105.131 E547.56175
G1 X112.249 Y104.721 E547.56898
G1 X112.061 Y104.3 E547.57641
G1 X112.062 Y103.632 E547.58717
G1 X112.254 Y103.236 E547.59426
G1 X112.112 Y102.927 E547.59974
G1 X112.057 Y102.681 E547.60381
G1 X112.059 Y102.168 E547.61207
G1 X112.176 Y101.866 E547.61729
G1 X112.416 Y101.564 E547.62351
G1 X112.936 Y101.308 E547.63285
G1 X113.047 Y101.1 E547.63665
G1 X112.985 Y101.064 E547.6378
G1 X113.063 Y101.002 E547.63941
G1 X113.001 Y101.038 E547.64056
G1 X113.031 Y101.09 E547.64153
G1 X113.382 Y100.749 E547.64942
G1 X113.352 Y100.697 E547.65038
G1 X113.414 Y100.661 E547.65154
G0 F9000 X113.414 Y100.195
;MESH:NONMESH
G0 F600 X113.414 Y100.195 Z6.28
G0 F9000 X112.257 Y101.769
G0 X112.192 Y102.213
G0 X112.315 Y102.213
;TIME_ELAPSED:699.681568
;LAYER:50
;TYPE:WALL-INNER
;MESH:belt_holder_screw.stl
G1 F1341.6 X112.396 Y102.001 E547.65692
G1 X112.516 Y101.837 E547.66173
G1 X112.702 Y101.7 E547.66721
G1 X113.218 Y101.475 E547.68055
G1 X113.172 Y101.379 E547.68307
G1 X113.248 Y101.177 E547.68819
G1 X113.485 Y100.926 E547.69637
G1 X113.771 Y100.815 E547.70364
G1 X119.571 Y100.815 E547.84108
G1 X119.57 Y99.235 E547.87853
G1 X100.43 Y99.235 E548.3321
G1 X100.43 Y100.025 E548.35082
G1 X100.43 Y100.815 E548.36955
G1 X106.152 Y100.815 E548.50514
G1 X106.463 Y100.886 E548.5127
G1 X107.291 Y101.289 E548.53453
G1 X107.514 Y101.459 E548.54117
G1 X107.639 Y101.663 E548.54684
G1 X107.687 Y101.852 E548.55146
G1 X107.7 Y102.297 E548.56201
G1 X107.586 Y102.605 E548.5698
G1 X107.328 Y102.827 E548.57786
G1 X107.582 Y103.051 E548.58589
G1 X107.687 Y103.38 E548.59407
G1 X107.681 Y103.813 E548.60433
G1 X107.579 Y104.097 E548.61148
G1 X107.326 Y104.322 E548.61951
G1 X107.58 Y104.548 E548.62757
G1 X107.69 Y104.866 E548.63554
G1 X107.681 Y105.313 E548.64613
G1 X107.583 Y105.591 E548.65312
G1 X107.332 Y105.821 E548.66119
G1 X107.586 Y106.047 E548.66924
G1 X107.699 Y106.368 E548.67731
G1 X107.68 Y106.83 E548.68827
G1 X107.58 Y107.097 E548.69502
G1 X107.328 Y107.326 E548.70309
G1 X107.579 Y107.554 E548.71113
G1 X107.68 Y107.835 E548.7182
G1 X107.689 Y108.283 E548.72882
G1 X107.581 Y108.598 E548.73671
G1 X107.328 Y108.826 E548.74479
G1 X107.58 Y109.053 E548.75282
G1 X107.68 Y109.335 E548.75991
G1 X107.69 Y109.845 E548.772
G1 X107.581 Y110.098 E548.77853
G1 X107.328 Y110.325 E548.78659
G1 X107.581 Y110.552 E548.79464
G1 X107.686 Y110.881 E548.80282
G1 X107.688 Y111.255 E548.81169
G1 X107.581 Y111.552 E548.81917
G1 X107.328 Y111.775 E548.82716
G1 X107.581 Y111.998 E548.83515
G1 X107.687 Y112.33 E548.84341
G1 X107.681 Y112.763 E548.85367
G1 X107.579 Y113.047 E548.86083
G1 X107.326 Y113.272 E548.86885
G1 X107.58 Y113.498 E548.87691
G1 X107.69 Y113.816 E548.88488
G1 X107.681 Y114.263 E548.89547
G1 X107.583 Y114.541 E548.90246
G1 X107.332 Y114.771 E548.91053
G1 X107.586 Y114.997 E548.91858
G1 X107.699 Y115.318 E548.92665
G1 X107.68 Y115.78 E548.93761
G1 X107.58 Y116.047 E548.94436
G1 X107.328 Y116.276 E548.95243
G1 X107.579 Y116.504 E548.96047
G1 X107.68 Y116.785 E548.96754
G1 X107.689 Y117.233 E548.97816
G1 X107.581 Y117.548 E548.98605
G1 X107.328 Y117.776 E548.99413
G1 X107.58 Y118.003 E549.00216
G1 X107.68 Y118.285 E549.00925
G1 X107.689 Y118.663 E549.01821
G1 X107.613 Y118.99 E549.02617
G1 X107.324 Y119.275 E549.03579
G1 X107.613 Y119.559 E549.04539
G1 X107.688 Y119.756 E549.05039
G1 X107.689 Y120.169 E549.06017
G1 X107.396 Y120.763 E549.07587
G1 X112.391 Y120.764 E549.19424
G1 X112.309 Y120.56 E549.19945
G1 X112.316 Y120.12 E549.20988
G1 X112.416 Y119.911 E549.21537
G1 X112.672 Y119.676 E549.2236
G1 X112.416 Y119.441 E549.23184
G1 X112.354 Y119.312 E549.23523
G1 X112.313 Y119.064 E549.24119
G1 X112.32 Y118.697 E549.24989
G1 X112.421 Y118.404 E549.25723
G1 X112.672 Y118.176 E549.26527
G1 X112.42 Y117.947 E549.27334
G1 X112.314 Y117.621 E549.28146
G1 X112.316 Y117.245 E549.29037
G1 X112.421 Y116.904 E549.29883
G1 X112.673 Y116.677 E549.30686
G1 X112.42 Y116.449 E549.31493
G1 X112.314 Y116.121 E549.3231
G1 X112.319 Y115.706 E549.33294
G1 X112.422 Y115.404 E549.3405
G1 X112.672 Y115.175 E549.34853
G1 X112.421 Y114.946 E549.35659
G1 X112.314 Y114.639 E549.36429
G1 X112.321 Y114.188 E549.37498
G1 X112.421 Y113.904 E549.38211
G1 X112.671 Y113.675 E549.39015
G1 X112.42 Y113.446 E549.3982
G1 X112.316 Y113.118 E549.40635
G1 X112.321 Y112.688 E549.41655
G1 X112.42 Y112.405 E549.42365
G1 X112.671 Y112.173 E549.43175
G1 X112.419 Y111.941 E549.43987
G1 X112.313 Y111.614 E549.44801
G1 X112.314 Y111.29 E549.45569
G1 X112.42 Y110.954 E549.46404
G1 X112.672 Y110.726 E549.47209
G1 X112.419 Y110.498 E549.48017
G1 X112.314 Y110.17 E549.48833
G1 X112.316 Y109.794 E549.49724
G1 X112.421 Y109.454 E549.50567
G1 X112.672 Y109.226 E549.51371
G1 X112.42 Y108.997 E549.52178
G1 X112.314 Y108.671 E549.5299
G1 X112.316 Y108.295 E549.53881
G1 X112.421 Y107.954 E549.54727
G1 X112.673 Y107.727 E549.5553
G1 X112.42 Y107.499 E549.56337
G1 X112.314 Y107.171 E549.57154
G1 X112.319 Y106.756 E549.58138
G1 X112.422 Y106.454 E549.58894
G1 X112.672 Y106.225 E549.59697
G1 X112.421 Y105.996 E549.60503
G1 X112.314 Y105.689 E549.61273
G1 X112.321 Y105.238 E549.62342
G1 X112.421 Y104.954 E549.63055
G1 X112.671 Y104.725 E549.63859
G1 X112.42 Y104.496 E549.64664
G1 X112.316 Y104.168 E549.65479
G1 X112.321 Y103.738 E549.66498
G1 X112.42 Y103.455 E549.67209
G1 X112.671 Y103.223 E549.68019
G1 X112.419 Y102.991 E549.68831
G1 X112.313 Y102.67 E549.69632
G1 X112.315 Y102.213 E549.70715
G1 F1800 E547.70715
G0 F9000 X112.095 Y102.212
G0 X107.909 Y111.239
G1 F900 E549.70715
G0 F9000 X107.404 Y111.24
;TYPE:WALL-OUTER
G1 F1032 X107.343 Y111.404 E549.71096
G1 X107.16 Y111.566 E549.71629
G1 X106.673 Y111.752 E549.72766
G1 X107.16 Y111.986 E549.73944
G1 X107.343 Y112.147 E549.74475
G1 X107.405 Y112.319 E549.74874
G1 X107.402 Y112.737 E549.75785
G1 X107.341 Y112.899 E549.76162
G1 X107.16 Y113.061 E549.76692
G1 X106.689 Y113.26 E549.77807
G1 X107.161 Y113.486 E549.78948
G1 X107.343 Y113.647 E549.79478
G1 X107.405 Y113.819 E549.79876
G1 X107.402 Y114.237 E549.80787
G1 X107.344 Y114.396 E549.81156
G1 X107.169 Y114.557 E549.81675
G1 X106.69 Y114.759 E549.82808
G1 X107.172 Y114.989 E549.83973
G1 X107.35 Y115.147 E549.84492
G1 X107.416 Y115.349 E549.84955
G1 X107.403 Y115.737 E549.85801
G1 X107.342 Y115.899 E549.86179
G1 X107.167 Y116.058 E549.86694
G1 X106.687 Y116.256 E549.87826
G1 X107.166 Y116.492 E549.8899
G1 X107.341 Y116.651 E549.89506
G1 X107.402 Y116.821 E549.899
G1 X107.404 Y117.237 E549.90807
G1 X107.343 Y117.399 E549.91184
G1 X107.167 Y117.559 E549.91703
G1 X106.692 Y117.758 E549.92825
G1 X107.166 Y117.991 E549.93977
G1 X107.341 Y118.151 E549.94494
G1 X107.402 Y118.322 E549.9489
G1 X107.409 Y118.666 E549.9564
G1 X107.363 Y118.865 E549.96085
G1 X107.166 Y119.059 E549.96688
G1 X106.686 Y119.257 E549.9782
G1 X107.166 Y119.491 E549.98984
G1 X107.362 Y119.685 E549.99585
G1 X107.408 Y119.876 E550.00014
G1 X107.409 Y120.17 E550.00655
G1 X107.229 Y120.535 E550.01542
G1 X106.852 Y120.69 E550.02431
G1 X107.319 Y121.043 E550.03707
G1 X112.676 Y121.045 E550.15386
G1 X112.813 Y120.949 E550.15751
G1 X112.715 Y120.878 E550.16015
G1 X112.589 Y120.565 E550.16751
G1 X112.596 Y120.18 E550.1759
G1 X112.656 Y120.056 E550.1789
G1 X112.833 Y119.893 E550.18415
G1 X113.315 Y119.695 E550.19551
G1 X112.832 Y119.459 E550.20723
G1 X112.655 Y119.296 E550.21248
G1 X112.593 Y119.067 E550.21765
G1 X112.598 Y118.729 E550.22502
G1 X112.659 Y118.551 E550.22912
G1 X112.833 Y118.392 E550.23426
G1 X113.302 Y118.189 E550.2454
G1 X112.832 Y117.958 E550.25682
G1 X112.657 Y117.799 E550.26198
G1 X112.593 Y117.65 E550.26551
G1 X112.596 Y117.258 E550.27406
G1 X112.66 Y117.051 E550.27878
G1 X112.835 Y116.892 E550.28394
G1 X113.315 Y116.692 E550.29527
G1 X112.834 Y116.46 E550.30692
G1 X112.658 Y116.3 E550.3121
G1 X112.592 Y116.151 E550.31565
G1 X112.599 Y115.693 E550.32564
G1 X112.66 Y115.551 E550.32901
G1 X112.833 Y115.393 E550.33412
G1 X113.301 Y115.191 E550.34523
G1 X112.832 Y114.957 E550.35666
G1 X112.659 Y114.799 E550.36177
G1 X112.594 Y114.65 E550.36531
G1 X112.599 Y114.223 E550.37462
G1 X112.659 Y114.051 E550.37859
G1 X112.833 Y113.892 E550.38373
G1 X113.301 Y113.69 E550.39484
G1 X112.832 Y113.458 E550.40625
G1 X112.659 Y113.299 E550.41138
G1 X112.594 Y113.15 E550.41492
G1 X112.599 Y112.723 E550.42423
G1 X112.659 Y112.551 E550.4282
G1 X112.829 Y112.393 E550.43326
G1 X113.303 Y112.189 E550.44451
G1 X112.828 Y111.95 E550.4561
G1 X112.656 Y111.793 E550.46118
G1 X112.592 Y111.595 E550.46572
G1 X112.594 Y111.25 E550.47324
G1 X112.658 Y111.102 E550.47676
G1 X112.833 Y110.943 E550.48191
G1 X113.314 Y110.745 E550.49325
G1 X112.833 Y110.509 E550.50493
G1 X112.657 Y110.35 E550.5101
G1 X112.593 Y110.2 E550.51366
G1 X112.596 Y109.807 E550.52223
G1 X112.659 Y109.601 E550.52692
G1 X112.833 Y109.442 E550.53206
G1 X113.302 Y109.239 E550.5432
G1 X112.832 Y109.008 E550.55462
G1 X112.657 Y108.849 E550.55978
G1 X112.593 Y108.7 E550.56331
G1 X112.596 Y108.308 E550.57186
G1 X112.66 Y108.101 E550.57658
G1 X112.835 Y107.942 E550.58174
G1 X113.315 Y107.742 E550.59308
G1 X112.834 Y107.51 E550.60472
G1 X112.658 Y107.35 E550.6099
G1 X112.592 Y107.201 E550.61346
G1 X112.599 Y106.743 E550.62344
G1 X112.66 Y106.601 E550.62681
G1 X112.833 Y106.443 E550.63192
G1 X113.301 Y106.241 E550.64303
G1 X112.832 Y106.007 E550.65446
G1 X112.659 Y105.849 E550.65957
G1 X112.594 Y105.7 E550.66311
G1 X112.599 Y105.273 E550.67242
G1 X112.659 Y105.101 E550.6764
G1 X112.833 Y104.942 E550.68153
G1 X113.301 Y104.74 E550.69265
G1 X112.832 Y104.508 E550.70406
G1 X112.659 Y104.349 E550.70918
G1 X112.594 Y104.2 E550.71272
G1 X112.599 Y103.773 E550.72203
G1 X112.659 Y103.601 E550.726
G1 X112.829 Y103.443 E550.73106
G1 X113.303 Y103.239 E550.74231
G1 X112.828 Y103 E550.75391
G1 X112.656 Y102.843 E550.75898
G1 X112.593 Y102.648 E550.76345
G1 X112.594 Y102.306 E550.77091
G1 X112.643 Y102.132 E550.77485
G1 X112.829 Y101.95 E550.78052
G1 X113.54 Y101.641 E550.79743
G1 X113.445 Y101.443 E550.80221
G1 X113.493 Y101.314 E550.80521
G1 X113.636 Y101.162 E550.80976
G1 X113.808 Y101.095 E550.81379
G1 X119.851 Y101.095 E550.94554
G1 X119.85 Y98.955 E550.99219
G1 X100.15 Y98.955 E551.42169
G1 X100.15 Y100.025 E551.44502
G1 X100.15 Y101.095 E551.46835
G1 X106.152 Y101.095 E551.59921
G1 X106.341 Y101.138 E551.60343
G1 X107.169 Y101.541 E551.62351
G1 X107.304 Y101.644 E551.62721
G1 X107.408 Y101.882 E551.63287
G1 X107.414 Y102.287 E551.6417
G1 X107.35 Y102.454 E551.6456
G1 X107.164 Y102.614 E551.65095
G1 X106.674 Y102.803 E551.6624
G1 X107.16 Y103.036 E551.67415
G1 X107.344 Y103.199 E551.67951
G1 X107.409 Y103.35 E551.6831
G1 X107.402 Y103.787 E551.69263
G1 X107.341 Y103.949 E551.6964
G1 X107.16 Y104.111 E551.7017
G1 X106.689 Y104.31 E551.71284
G1 X107.161 Y104.536 E551.72425
G1 X107.343 Y104.697 E551.72955
G1 X107.405 Y104.869 E551.73354
G1 X107.402 Y105.287 E551.74265
G1 X107.344 Y105.446 E551.74634
G1 X107.169 Y105.607 E551.75152
G1 X106.69 Y105.809 E551.76286
G1 X107.172 Y106.039 E551.7745
G1 X107.35 Y106.197 E551.77969
G1 X107.416 Y106.399 E551.78432
G1 X107.403 Y106.787 E551.79279
G1 X107.342 Y106.949 E551.79656
G1 X107.167 Y107.108 E551.80172
G1 X106.687 Y107.306 E551.81304
G1 X107.166 Y107.542 E551.82468
G1 X107.341 Y107.701 E551.82983
G1 X107.402 Y107.871 E551.83377
G1 X107.404 Y108.287 E551.84284
G1 X107.343 Y108.449 E551.84662
G1 X107.167 Y108.609 E551.8518
G1 X106.692 Y108.808 E551.86303
G1 X107.166 Y109.041 E551.87454
G1 X107.341 Y109.201 E551.87971
G1 X107.402 Y109.372 E551.88367
G1 X107.404 Y109.787 E551.89272
G1 X107.344 Y109.949 E551.89649
G1 X107.166 Y110.109 E551.9017
G1 X106.686 Y110.307 E551.91302
G1 X107.166 Y110.541 E551.92467
G1 X107.343 Y110.7 E551.92985
G1 X107.404 Y110.871 E551.93381
G1 X107.404 Y111.24 E551.94186
G0 F9000 X107.343 Y111.404
G0 X107.324 Y111.421
G0 X108.309 Y111.419
;MESH:NONMESH
G0 F600 X108.309 Y111.419 Z6.4
G0 F9000 X112.096 Y102.18
G0 X112.201 Y102.181
;TIME_ELAPSED:710.831921
;LAYER:51
;TYPE:WALL-INNER
;MESH:belt_holder_screw.stl
G1 F2520.6 X112.295 Y101.961 E551.94753
G1 X112.424 Y101.799 E551.95243
G1 X112.619 Y101.67 E551.95798
G1 X113.129 Y101.468 E551.97097
G1 X113.101 Y101.411 E551.97248
G1 X113.193 Y101.16 E551.97881
G1 X113.43 Y100.92 E551.98681
G1 X113.706 Y100.815 E551.99381
G1 X119.451 Y100.815 E552.12995
G1 X119.45 Y99.235 E552.16739
G1 X100.55 Y99.235 E552.61528
G1 X100.55 Y100.815 E552.65272
G1 X106.222 Y100.815 E552.78714
G1 X106.527 Y100.883 E552.79454
G1 X107.396 Y101.295 E552.81733
G1 X107.613 Y101.455 E552.82372
G1 X107.741 Y101.649 E552.82923
G1 X107.794 Y101.834 E552.83379
G1 X107.812 Y102.245 E552.84354
G1 X107.762 Y102.494 E552.84956
G1 X107.693 Y102.627 E552.85311
G1 X107.441 Y102.839 E552.86091
G1 X107.687 Y103.057 E552.8687
G1 X107.794 Y103.39 E552.87699
G1 X107.806 Y103.791 E552.8865
G1 X107.688 Y104.115 E552.89467
G1 X107.434 Y104.333 E552.9026
G1 X107.685 Y104.554 E552.91053
G1 X107.794 Y104.884 E552.91876
G1 X107.806 Y105.291 E552.92841
G1 X107.689 Y105.614 E552.93656
G1 X107.435 Y105.833 E552.9445
G1 X107.686 Y106.053 E552.95241
G1 X107.795 Y106.384 E552.96067
G1 X107.809 Y106.85 E552.97172
G1 X107.687 Y107.118 E552.9787
G1 X107.432 Y107.334 E552.98662
G1 X107.683 Y107.553 E552.99451
G1 X107.794 Y107.888 E553.00287
G1 X107.795 Y108.309 E553.01285
G1 X107.681 Y108.616 E553.02061
G1 X107.433 Y108.833 E553.02842
G1 X107.682 Y109.051 E553.03626
G1 X107.794 Y109.388 E553.04468
G1 X107.795 Y109.808 E553.05463
G1 X107.683 Y110.112 E553.06231
G1 X107.437 Y110.331 E553.07011
G1 X107.686 Y110.547 E553.07793
G1 X107.801 Y110.884 E553.08636
G1 X107.788 Y111.296 E553.09613
G1 X107.684 Y111.571 E553.1031
G1 X107.44 Y111.787 E553.11082
G1 X107.684 Y112.004 E553.11856
G1 X107.794 Y112.335 E553.12683
G1 X107.806 Y112.741 E553.13645
G1 X107.688 Y113.065 E553.14462
G1 X107.434 Y113.283 E553.15256
G1 X107.685 Y113.504 E553.16048
G1 X107.794 Y113.834 E553.16872
G1 X107.806 Y114.241 E553.17837
G1 X107.689 Y114.564 E553.18651
G1 X107.435 Y114.783 E553.19445
G1 X107.686 Y115.003 E553.20236
G1 X107.795 Y115.334 E553.21062
G1 X107.809 Y115.8 E553.22167
G1 X107.687 Y116.068 E553.22865
G1 X107.432 Y116.284 E553.23657
G1 X107.683 Y116.503 E553.24446
G1 X107.794 Y116.838 E553.25283
G1 X107.795 Y117.259 E553.2628
G1 X107.681 Y117.566 E553.27056
G1 X107.433 Y117.783 E553.27837
G1 X107.682 Y118.001 E553.28622
G1 X107.794 Y118.338 E553.29463
G1 X107.794 Y118.805 E553.3057
G1 X107.722 Y118.996 E553.31054
G1 X107.432 Y119.281 E553.32017
G1 X107.725 Y119.564 E553.32982
G1 X107.806 Y119.768 E553.33503
G1 X107.794 Y120.203 E553.34534
G1 X107.508 Y120.765 E553.36028
G1 X112.277 Y120.764 E553.4733
G1 X112.205 Y120.586 E553.47785
G1 X112.196 Y120.298 E553.48468
G1 X112.237 Y120.036 E553.49096
G1 X112.3 Y119.904 E553.49443
G1 X112.565 Y119.668 E553.50283
G1 X112.301 Y119.433 E553.51121
G1 X112.238 Y119.301 E553.51468
G1 X112.198 Y119.043 E553.52086
G1 X112.207 Y118.716 E553.52862
G1 X112.317 Y118.386 E553.53686
G1 X112.564 Y118.169 E553.54465
G1 X112.314 Y117.953 E553.55248
G1 X112.199 Y117.616 E553.56092
G1 X112.208 Y117.167 E553.57156
G1 X112.317 Y116.885 E553.57873
G1 X112.565 Y116.668 E553.58654
G1 X112.314 Y116.453 E553.59437
G1 X112.2 Y116.122 E553.60266
G1 X112.207 Y115.723 E553.61212
G1 X112.319 Y115.383 E553.6206
G1 X112.569 Y115.166 E553.62845
G1 X112.319 Y114.949 E553.63629
G1 X112.207 Y114.621 E553.64451
G1 X112.207 Y114.22 E553.65401
G1 X112.319 Y113.883 E553.66243
G1 X112.569 Y113.666 E553.67027
G1 X112.318 Y113.449 E553.67813
G1 X112.207 Y113.122 E553.68632
G1 X112.207 Y112.72 E553.69584
G1 X112.318 Y112.383 E553.70425
G1 X112.567 Y112.169 E553.71203
G1 X112.317 Y111.954 E553.71985
G1 X112.204 Y111.62 E553.7282
G1 X112.198 Y111.304 E553.73569
G1 X112.311 Y110.937 E553.74479
G1 X112.563 Y110.719 E553.75269
G1 X112.311 Y110.5 E553.7606
G1 X112.199 Y110.162 E553.76904
G1 X112.208 Y109.718 E553.77956
G1 X112.317 Y109.436 E553.78673
G1 X112.564 Y109.219 E553.79452
G1 X112.314 Y109.003 E553.80235
G1 X112.199 Y108.666 E553.81079
G1 X112.208 Y108.217 E553.82143
G1 X112.317 Y107.935 E553.82859
G1 X112.565 Y107.718 E553.8364
G1 X112.314 Y107.503 E553.84423
G1 X112.2 Y107.172 E553.85253
G1 X112.207 Y106.773 E553.86199
G1 X112.319 Y106.433 E553.87047
G1 X112.569 Y106.216 E553.87832
G1 X112.319 Y105.999 E553.88616
G1 X112.207 Y105.671 E553.89437
G1 X112.207 Y105.27 E553.90388
G1 X112.319 Y104.933 E553.91229
G1 X112.569 Y104.716 E553.92014
G1 X112.318 Y104.499 E553.928
G1 X112.207 Y104.172 E553.93618
G1 X112.207 Y103.688 E553.94765
G1 X112.316 Y103.438 E553.95412
G1 X112.563 Y103.219 E553.96194
G1 X112.311 Y103.004 E553.96979
G1 X112.196 Y102.675 E553.97805
G1 X112.201 Y102.181 E553.98976
G0 F9000 X112.537 Y102.102
;TYPE:WALL-OUTER
G1 F1938.9 X112.733 Y101.926 E553.9955
G1 X113.128 Y101.774 E554.00473
G1 X113.463 Y101.63 E554.01268
G1 X113.378 Y101.456 E554.0169
G1 X113.433 Y101.304 E554.02042
G1 X113.577 Y101.158 E554.02489
G1 X113.744 Y101.095 E554.02879
G1 X119.731 Y101.095 E554.15931
G1 X119.73 Y98.955 E554.20597
G1 X100.27 Y98.955 E554.63024
G1 X100.27 Y101.095 E554.67689
G1 X106.222 Y101.095 E554.80666
G1 X106.407 Y101.136 E554.81079
G1 X107.276 Y101.548 E554.83176
G1 X107.408 Y101.645 E554.83533
G1 X107.517 Y101.874 E554.84086
G1 X107.533 Y102.275 E554.84961
G1 X107.46 Y102.471 E554.85417
G1 X107.277 Y102.626 E554.8594
G1 X106.782 Y102.814 E554.87094
G1 X107.272 Y103.048 E554.88278
G1 X107.45 Y103.207 E554.88798
G1 X107.515 Y103.408 E554.89259
G1 X107.521 Y103.789 E554.9009
G1 X107.454 Y103.961 E554.90492
G1 X107.275 Y104.114 E554.91005
G1 X106.788 Y104.318 E554.92157
G1 X107.272 Y104.548 E554.93325
G1 X107.448 Y104.705 E554.93839
G1 X107.514 Y104.854 E554.94194
G1 X107.521 Y105.289 E554.95143
G1 X107.455 Y105.46 E554.95543
G1 X107.276 Y105.614 E554.96057
G1 X106.788 Y105.818 E554.97211
G1 X107.273 Y106.048 E554.98381
G1 X107.449 Y106.205 E554.98895
G1 X107.508 Y106.351 E554.99238
G1 X107.526 Y106.736 E555.00079
G1 X107.454 Y106.963 E555.00598
G1 X107.271 Y107.117 E555.01119
G1 X106.779 Y107.318 E555.02278
G1 X107.268 Y107.547 E555.03455
G1 X107.448 Y107.704 E555.03976
G1 X107.515 Y107.856 E555.04338
G1 X107.51 Y108.297 E555.053
G1 X107.446 Y108.464 E555.0569
G1 X107.268 Y108.621 E555.06207
G1 X106.777 Y108.817 E555.0736
G1 X107.268 Y109.047 E555.08542
G1 X107.447 Y109.203 E555.09059
G1 X107.515 Y109.354 E555.0942
G1 X107.51 Y109.797 E555.10386
G1 X107.447 Y109.962 E555.10771
G1 X107.27 Y110.12 E555.11289
G1 X106.778 Y110.317 E555.12444
G1 X107.273 Y110.546 E555.13633
G1 X107.452 Y110.701 E555.14149
G1 X107.518 Y110.875 E555.14555
G1 X107.515 Y111.217 E555.15301
G1 X107.448 Y111.42 E555.15767
G1 X107.272 Y111.577 E555.16281
G1 X106.781 Y111.764 E555.17427
G1 X107.272 Y111.999 E555.18613
G1 X107.448 Y112.155 E555.19126
G1 X107.515 Y112.371 E555.19619
G1 X107.521 Y112.739 E555.20422
G1 X107.454 Y112.911 E555.20824
G1 X107.275 Y113.064 E555.21337
G1 X106.788 Y113.268 E555.22489
G1 X107.272 Y113.498 E555.23657
G1 X107.448 Y113.655 E555.24171
G1 X107.514 Y113.804 E555.24526
G1 X107.521 Y114.239 E555.25475
G1 X107.455 Y114.41 E555.25874
G1 X107.276 Y114.564 E555.26389
G1 X106.788 Y114.768 E555.27542
G1 X107.273 Y114.998 E555.28713
G1 X107.449 Y115.155 E555.29227
G1 X107.508 Y115.301 E555.2957
G1 X107.526 Y115.686 E555.30411
G1 X107.454 Y115.913 E555.3093
G1 X107.271 Y116.067 E555.31451
G1 X106.779 Y116.268 E555.3261
G1 X107.268 Y116.497 E555.33787
G1 X107.448 Y116.654 E555.34308
G1 X107.515 Y116.806 E555.3467
G1 X107.51 Y117.247 E555.35632
G1 X107.446 Y117.414 E555.36022
G1 X107.268 Y117.571 E555.36539
G1 X106.777 Y117.767 E555.37692
G1 X107.268 Y117.997 E555.38874
G1 X107.447 Y118.153 E555.39391
G1 X107.514 Y118.303 E555.3975
G1 X107.514 Y118.683 E555.40578
G1 X107.47 Y118.872 E555.41001
G1 X107.27 Y119.07 E555.41615
G1 X106.778 Y119.267 E555.4277
G1 X107.273 Y119.496 E555.43959
G1 X107.476 Y119.691 E555.44573
G1 X107.522 Y119.899 E555.45037
G1 X107.514 Y120.195 E555.45683
G1 X107.336 Y120.546 E555.46541
G1 X106.963 Y120.696 E555.47417
G1 X107.429 Y121.045 E555.48687
G1 X112.549 Y121.044 E555.59849
G1 X112.707 Y120.935 E555.60268
G1 X112.598 Y120.855 E555.60563
G1 X112.485 Y120.577 E555.61217
G1 X112.476 Y120.29 E555.61843
G1 X112.539 Y120.051 E555.62382
G1 X112.726 Y119.884 E555.62928
G1 X113.221 Y119.683 E555.64093
G1 X112.726 Y119.454 E555.65282
G1 X112.54 Y119.287 E555.65827
G1 X112.478 Y119.051 E555.66359
G1 X112.494 Y118.683 E555.67162
G1 X112.553 Y118.537 E555.67506
G1 X112.732 Y118.379 E555.68026
G1 X113.222 Y118.183 E555.69177
G1 X112.729 Y117.955 E555.70361
G1 X112.548 Y117.8 E555.70881
G1 X112.482 Y117.625 E555.71288
G1 X112.489 Y117.213 E555.72187
G1 X112.553 Y117.036 E555.72597
G1 X112.732 Y116.878 E555.73118
G1 X113.217 Y116.681 E555.74259
G1 X112.729 Y116.455 E555.75431
G1 X112.548 Y116.299 E555.75952
G1 X112.479 Y116.099 E555.76414
G1 X112.486 Y115.741 E555.77194
G1 X112.554 Y115.535 E555.77667
G1 X112.734 Y115.379 E555.78187
G1 X113.222 Y115.183 E555.79333
G1 X112.733 Y114.953 E555.80511
G1 X112.554 Y114.797 E555.81029
G1 X112.486 Y114.647 E555.81388
G1 X112.486 Y114.239 E555.82277
G1 X112.554 Y114.035 E555.82746
G1 X112.734 Y113.879 E555.83266
G1 X113.222 Y113.683 E555.84412
G1 X112.733 Y113.453 E555.8559
G1 X112.553 Y113.297 E555.8611
G1 X112.486 Y113.147 E555.86468
G1 X112.486 Y112.739 E555.87357
G1 X112.554 Y112.535 E555.87826
G1 X112.735 Y112.378 E555.88348
G1 X113.224 Y112.183 E555.89496
G1 X112.734 Y111.958 E555.90672
G1 X112.552 Y111.801 E555.91196
G1 X112.484 Y111.599 E555.91661
G1 X112.48 Y111.239 E555.92445
G1 X112.546 Y111.09 E555.92801
G1 X112.724 Y110.935 E555.93315
G1 X113.218 Y110.735 E555.94477
G1 X112.724 Y110.502 E555.95668
G1 X112.546 Y110.348 E555.96181
G1 X112.478 Y110.143 E555.96652
G1 X112.487 Y109.756 E555.97496
G1 X112.553 Y109.587 E555.97892
G1 X112.732 Y109.429 E555.98412
G1 X113.222 Y109.233 E555.99563
G1 X112.729 Y109.005 E556.00747
G1 X112.548 Y108.85 E556.01267
G1 X112.482 Y108.675 E556.01674
G1 X112.489 Y108.263 E556.02573
G1 X112.553 Y108.086 E556.02983
G1 X112.732 Y107.928 E556.03504
G1 X113.217 Y107.731 E556.04645
G1 X112.729 Y107.505 E556.05817
G1 X112.548 Y107.349 E556.06338
G1 X112.479 Y107.149 E556.068
G1 X112.486 Y106.791 E556.0758
G1 X112.554 Y106.585 E556.08053
G1 X112.734 Y106.429 E556.08572
G1 X113.222 Y106.233 E556.09719
G1 X112.733 Y106.003 E556.10897
G1 X112.554 Y105.847 E556.11415
G1 X112.486 Y105.697 E556.11774
G1 X112.486 Y105.289 E556.12663
G1 X112.554 Y105.085 E556.13132
G1 X112.734 Y104.929 E556.13652
G1 X113.222 Y104.733 E556.14798
G1 X112.733 Y104.503 E556.15976
G1 X112.553 Y104.347 E556.16496
G1 X112.486 Y104.197 E556.16854
G1 X112.486 Y103.789 E556.17743
G1 X112.552 Y103.588 E556.18205
G1 X112.73 Y103.43 E556.18723
G1 X113.224 Y103.233 E556.19883
G1 X112.725 Y103.004 E556.2108
G1 X112.545 Y102.85 E556.21596
G1 X112.475 Y102.651 E556.22056
G1 X112.479 Y102.291 E556.22841
G1 X112.537 Y102.102 E556.23272
G0 F9000 X112.686 Y101.969
G0 X112.5 Y101.479
G0 X112.142 Y101.673
G0 X111.659 Y102.244
;TYPE:FILL
G1 F2326.7 X111.708 Y101.962 E556.25633
G1 X111.823 Y101.686 E556.28099
G1 X112.052 Y101.4 E556.3112
G1 X112.379 Y101.184 E556.34352
G1 X112.649 Y101.068 E556.36775
G1 X112.743 Y100.856 E556.38688
G1 X113.134 Y100.459 E556.43283
G1 X113.619 Y100.274 E556.47564
G1 X113.982 Y100.274 E556.50558
G1 X114.482 Y99.774 E556.56389
G1 X115.302 Y99.774 E556.63151
G1 X114.803 Y100.274 E556.68977
G1 X115.623 Y100.274 E556.75739
G1 X116.123 Y99.774 E556.81571
G1 X116.943 Y99.774 E556.88333
G1 X116.443 Y100.274 E556.94165
G1 X117.263 Y100.274 E557.00927
G1 X117.763 Y99.774 E557.06758
G1 X118.583 Y99.774 E557.13521
G1 X118.084 Y100.274 E557.19346
G1 X118.911 Y100.274 E557.26167
G0 F9000 X101.089 Y99.775
G1 F2326.7 X101.089 Y100.044 E557.28385
G1 X101.358 Y99.774 E557.31528
G1 X102.179 Y99.774 E557.38299
G1 X101.678 Y100.275 E557.44142
G1 X102.498 Y100.275 E557.50904
G1 X102.999 Y99.774 E557.56747
G1 X103.819 Y99.774 E557.6351
G1 X103.318 Y100.275 E557.69353
G1 X104.139 Y100.275 E557.76124
G1 X104.639 Y99.774 E557.81961
G1 X105.46 Y99.774 E557.88731
G1 X104.959 Y100.275 E557.94574
G1 X105.779 Y100.275 E558.01337
G1 X106.28 Y99.774 E558.0718
G1 X107.1 Y99.774 E558.13942
G1 X106.535 Y100.339 E558.20532
G1 X106.724 Y100.381 E558.22129
G1 X107.125 Y100.57 E558.25784
G1 X107.92 Y99.774 E558.35062
G1 X108.741 Y99.774 E558.41833
G1 X107.678 Y100.837 E558.5423
G1 X108.008 Y101.081 E558.57615
G1 X108.106 Y101.229 E558.59079
G1 X109.561 Y99.774 E558.76048
G1 X110.381 Y99.774 E558.82811
G1 X108.333 Y101.822 E559.06696
G1 X108.358 Y102.353 E559.1108
G1 X108.251 Y102.725 E559.14272
G1 X111.201 Y99.774 E559.48683
G1 X112.021 Y99.774 E559.55446
G1 X108.335 Y103.461 E559.98441
G1 X108.349 Y103.904 E560.02096
G1 X108.178 Y104.337 E560.05935
G1 X108.212 Y104.405 E560.06562
G1 X112.842 Y99.774 E560.60567
G1 X113.662 Y99.774 E560.67329
G1 X108.34 Y105.097 E561.29405
G1 X108.344 Y105.248 E561.3065
G1 X108.316 Y105.498 E561.32725
G1 X108.179 Y105.836 E561.35733
G1 X108.257 Y106 E561.3723
G1 X111.633 Y102.624 E561.76604
G1 X111.739 Y103.072 E561.804
G1 X111.83 Y103.247 E561.82027
G1 X108.341 Y106.736 E562.22719
G1 X108.344 Y106.876 E562.23873
G1 X108.256 Y107.188 E562.26547
G1 X108.178 Y107.339 E562.27948
G1 X108.287 Y107.611 E562.30365
G1 X111.669 Y104.228 E562.69814
G1 X111.745 Y104.565 E562.72663
G1 X111.823 Y104.718 E562.7408
G1 X111.703 Y105.015 E562.76721
G1 X108.333 Y108.384 E563.16019
G1 X108.248 Y108.685 E563.18599
G1 X108.176 Y108.832 E563.19948
G1 X108.287 Y109.092 E563.2228
G1 X108.313 Y109.225 E563.23397
G1 X111.686 Y105.851 E563.62742
G1 X111.823 Y106.216 E563.65957
G1 X111.707 Y106.484 E563.68365
G1 X111.672 Y106.686 E563.70056
G1 X108.274 Y110.084 E564.09686
G1 X108.178 Y110.326 E564.11833
G1 X108.3 Y110.614 E564.14413
G1 X108.34 Y110.838 E564.16289
G1 X111.718 Y107.46 E564.55686
G1 X111.82 Y107.722 E564.58005
G1 X111.706 Y107.994 E564.60437
G1 X111.664 Y108.335 E564.63271
G1 X108.189 Y111.809 E565.03793
G1 X108.252 Y111.932 E565.04933
G1 X108.332 Y112.285 E565.07918
G1 X108.338 Y112.48 E565.09526
G1 X111.744 Y109.074 E565.4925
G1 X111.82 Y109.222 E565.50622
G1 X111.746 Y109.368 E565.51972
G1 X111.666 Y109.697 E565.54764
G1 X111.661 Y109.978 E565.57082
G1 X108.241 Y113.398 E565.96969
G1 X108.328 Y113.707 E565.99616
G1 X108.342 Y114.117 E566.02999
G1 X111.79 Y110.669 E566.43213
G1 X111.816 Y110.718 E566.4367
G1 X111.695 Y111.012 E566.46292
G1 X111.657 Y111.3 E566.48688
G1 X111.665 Y111.614 E566.51278
G1 X108.275 Y115.005 E566.90821
G1 X108.329 Y115.201 E566.92497
G1 X108.343 Y115.756 E566.97076
G1 X111.737 Y112.362 E567.36659
G1 X111.667 Y112.666 E567.39232
G1 X111.669 Y113.251 E567.44056
G1 X108.303 Y116.617 E567.83313
G1 X108.33 Y116.717 E567.84168
G1 X108.336 Y117.325 E567.89182
G1 X108.306 Y117.434 E567.90114
G1 X111.668 Y114.072 E568.29325
G1 X111.664 Y114.714 E568.34619
G1 X111.703 Y114.858 E568.3585
G1 X108.325 Y118.235 E568.75241
G1 X108.382 Y118.535 E568.77759
G1 X108.357 Y118.535 E568.77965
G1 X108.28 Y119.1 E568.82668
G1 X111.665 Y115.715 E569.22146
G1 X111.654 Y116.239 E569.26469
G1 X111.739 Y116.461 E569.28429
G1 X108.339 Y119.862 E569.68088
G1 X108.334 Y120.222 E569.71058
G1 X108.798 Y120.223 E569.74884
G1 X111.662 Y117.359 E570.08286
G1 X111.658 Y117.646 E570.10654
G1 X111.759 Y118.082 E570.14344
G1 X109.619 Y120.223 E570.39309
G1 X110.439 Y120.223 E570.46071
G1 X111.65 Y119.011 E570.60201
G1 X111.724 Y119.475 E570.64075
G1 X111.816 Y119.666 E570.65824
G1 X111.722 Y119.86 E570.67602
G1 X111.665 Y120.223 E570.70632
G1 X111.259 Y120.223 E570.7398
G1 X111.816 Y119.666 E570.80476
G0 F9000 X111.567 Y119.446
;MESH:NONMESH
G0 F600 X111.567 Y119.446 Z6.52
G0 F9000 X108.011 Y101.625
G0 X107.856 Y101.63
;TIME_ELAPSED:725.424842
;LAYER:52
;TYPE:WALL-INNER
;MESH:belt_holder_screw.stl
G1 F2500.9 X107.928 Y101.844 E570.81011
G1 X107.926 Y102.321 E570.82142
G1 X107.805 Y102.638 E570.82946
G1 X107.559 Y102.849 E570.83714
G1 X107.805 Y103.06 E570.84482
G1 X107.922 Y103.397 E570.85327
G1 X107.932 Y103.815 E570.86318
G1 X107.808 Y104.141 E570.87145
G1 X107.559 Y104.351 E570.87917
G1 X107.806 Y104.562 E570.88686
G1 X107.922 Y104.897 E570.89527
G1 X107.932 Y105.315 E570.90517
G1 X107.808 Y105.641 E570.91344
G1 X107.559 Y105.851 E570.92116
G1 X107.806 Y106.062 E570.92886
G1 X107.922 Y106.394 E570.93719
G1 X107.931 Y106.82 E570.94729
G1 X107.809 Y107.14 E570.9554
G1 X107.562 Y107.351 E570.9631
G1 X107.807 Y107.562 E570.97077
G1 X107.924 Y107.892 E570.97906
G1 X107.923 Y108.371 E570.99041
G1 X107.803 Y108.627 E570.99711
G1 X107.553 Y108.843 E571.00494
G1 X107.804 Y109.059 E571.01279
G1 X107.923 Y109.392 E571.02117
G1 X107.923 Y109.871 E571.03252
G1 X107.801 Y110.132 E571.03935
G1 X107.553 Y110.341 E571.04704
G1 X107.8 Y110.55 E571.0547
G1 X107.917 Y110.884 E571.06309
G1 X107.925 Y111.265 E571.07212
G1 X107.803 Y111.587 E571.08028
G1 X107.559 Y111.798 E571.08792
G1 X107.804 Y112.01 E571.0956
G1 X107.922 Y112.347 E571.10406
G1 X107.932 Y112.765 E571.11397
G1 X107.808 Y113.091 E571.12224
G1 X107.559 Y113.301 E571.12996
G1 X107.806 Y113.512 E571.13766
G1 X107.922 Y113.847 E571.14606
G1 X107.932 Y114.265 E571.15597
G1 X107.808 Y114.591 E571.16423
G1 X107.559 Y114.801 E571.17195
G1 X107.806 Y115.012 E571.17965
G1 X107.922 Y115.344 E571.18798
G1 X107.931 Y115.77 E571.19808
G1 X107.809 Y116.09 E571.2062
G1 X107.562 Y116.301 E571.21389
G1 X107.807 Y116.512 E571.22156
G1 X107.924 Y116.842 E571.22985
G1 X107.923 Y117.321 E571.24121
G1 X107.803 Y117.577 E571.24791
G1 X107.553 Y117.793 E571.25573
G1 X107.804 Y118.009 E571.26358
G1 X107.923 Y118.342 E571.27196
G1 X107.923 Y118.813 E571.28312
G1 X107.845 Y119.008 E571.2881
G1 X107.547 Y119.291 E571.29784
G1 X107.843 Y119.574 E571.30754
G1 X107.917 Y119.765 E571.3124
G1 X107.923 Y120.173 E571.32207
G1 X107.639 Y120.765 E571.33763
G1 X112.156 Y120.764 E571.44467
G1 X112.074 Y120.563 E571.44982
G1 X112.07 Y120.269 E571.45678
G1 X112.111 Y120.019 E571.46279
G1 X112.174 Y119.886 E571.46628
G1 X112.443 Y119.653 E571.47471
G1 X112.178 Y119.415 E571.48315
G1 X112.083 Y119.204 E571.48863
G1 X112.077 Y118.741 E571.49961
G1 X112.127 Y118.495 E571.50556
G1 X112.199 Y118.36 E571.50918
G1 X112.444 Y118.155 E571.51675
G1 X112.2 Y117.95 E571.5243
G1 X112.083 Y117.613 E571.53276
G1 X112.077 Y117.247 E571.54143
G1 X112.127 Y116.994 E571.54754
G1 X112.198 Y116.859 E571.55116
G1 X112.444 Y116.655 E571.55873
G1 X112.2 Y116.449 E571.5663
G1 X112.083 Y116.119 E571.5746
G1 X112.075 Y115.627 E571.58626
G1 X112.197 Y115.363 E571.59315
G1 X112.44 Y115.157 E571.6007
G1 X112.197 Y114.951 E571.60825
G1 X112.078 Y114.619 E571.61661
G1 X112.084 Y114.178 E571.62706
G1 X112.201 Y113.866 E571.63495
G1 X112.441 Y113.659 E571.64246
G1 X112.198 Y113.452 E571.65003
G1 X112.078 Y113.119 E571.65842
G1 X112.084 Y112.621 E571.67022
G1 X112.201 Y112.365 E571.67689
G1 X112.442 Y112.158 E571.68442
G1 X112.199 Y111.951 E571.69198
G1 X112.079 Y111.614 E571.70046
G1 X112.08 Y111.267 E571.70868
G1 X112.199 Y110.908 E571.71765
G1 X112.44 Y110.703 E571.72514
G1 X112.2 Y110.499 E571.73261
G1 X112.083 Y110.166 E571.74097
G1 X112.077 Y109.798 E571.7497
G1 X112.127 Y109.545 E571.75581
G1 X112.199 Y109.41 E571.75943
G1 X112.444 Y109.205 E571.767
G1 X112.2 Y109 E571.77455
G1 X112.083 Y108.663 E571.78301
G1 X112.077 Y108.297 E571.79168
G1 X112.127 Y108.044 E571.79779
G1 X112.198 Y107.909 E571.80141
G1 X112.444 Y107.705 E571.80898
G1 X112.2 Y107.499 E571.81655
G1 X112.083 Y107.169 E571.82485
G1 X112.075 Y106.677 E571.83651
G1 X112.197 Y106.413 E571.8434
G1 X112.44 Y106.207 E571.85095
G1 X112.197 Y106.001 E571.8585
G1 X112.078 Y105.669 E571.86686
G1 X112.084 Y105.228 E571.87731
G1 X112.201 Y104.916 E571.88521
G1 X112.441 Y104.709 E571.89272
G1 X112.198 Y104.502 E571.90028
G1 X112.078 Y104.169 E571.90867
G1 X112.084 Y103.671 E571.92047
G1 X112.201 Y103.415 E571.92714
G1 X112.442 Y103.208 E571.93467
G1 X112.199 Y103.001 E571.94223
G1 X112.079 Y102.665 E571.95069
G1 X112.085 Y102.229 E571.96102
G1 X112.194 Y101.924 E571.9687
G1 X112.331 Y101.767 E571.97364
G1 X112.532 Y101.647 E571.97918
G1 X113.069 Y101.443 E571.9928
G1 X113.131 Y101.154 E571.9998
G1 X113.372 Y100.915 E572.00784
G1 X113.641 Y100.815 E572.01465
G1 X119.331 Y100.815 E572.14949
G1 X119.33 Y99.235 E572.18693
G1 X100.67 Y99.235 E572.62913
G1 X100.67 Y100.815 E572.66657
G1 X106.311 Y100.815 E572.80025
G1 X106.619 Y100.884 E572.80773
G1 X107.273 Y101.197 E572.82492
G1 X107.498 Y101.293 E572.83071
G1 X107.72 Y101.442 E572.83705
G1 X107.856 Y101.63 E572.84255
G1 F1800 E570.84255
G0 F9000 X108.155 Y101.635
G0 X111.862 Y111.213
G1 F900 E572.84255
G0 F9000 X112.36 Y111.219
;TYPE:WALL-OUTER
G1 F1923.8 X112.432 Y111.065 E572.84625
G1 X112.61 Y110.913 E572.85136
G1 X113.114 Y110.725 E572.86308
G1 X112.611 Y110.495 E572.87514
G1 X112.433 Y110.343 E572.88025
G1 X112.362 Y110.142 E572.88489
G1 X112.359 Y109.76 E572.89322
G1 X112.431 Y109.568 E572.89769
G1 X112.612 Y109.417 E572.90283
G1 X113.118 Y109.225 E572.91463
G1 X112.613 Y108.996 E572.92672
G1 X112.433 Y108.844 E572.93186
G1 X112.362 Y108.64 E572.93657
G1 X112.359 Y108.259 E572.94487
G1 X112.43 Y108.067 E572.94934
G1 X112.612 Y107.916 E572.95449
G1 X113.119 Y107.725 E572.9663
G1 X112.613 Y107.496 E572.97841
G1 X112.433 Y107.344 E572.98355
G1 X112.362 Y107.143 E572.9882
G1 X112.357 Y106.79 E572.99589
G1 X112.43 Y106.569 E573.00097
G1 X112.608 Y106.418 E573.00606
G1 X113.115 Y106.224 E573.01789
G1 X112.608 Y105.996 E573.03001
G1 X112.429 Y105.844 E573.03513
G1 X112.357 Y105.643 E573.03979
G1 X112.367 Y105.245 E573.04847
G1 X112.434 Y105.071 E573.05253
G1 X112.61 Y104.919 E573.0576
G1 X113.115 Y104.725 E573.0694
G1 X112.607 Y104.496 E573.08154
G1 X112.43 Y104.345 E573.08662
G1 X112.357 Y104.143 E573.0913
G1 X112.367 Y103.745 E573.09998
G1 X112.434 Y103.57 E573.10407
G1 X112.61 Y103.419 E573.10912
G1 X113.116 Y103.225 E573.12094
G1 X112.608 Y102.994 E573.1331
G1 X112.43 Y102.844 E573.13818
G1 X112.358 Y102.64 E573.14289
G1 X112.363 Y102.26 E573.15118
G1 X112.429 Y102.076 E573.15544
G1 X112.545 Y101.942 E573.15931
G1 X113.346 Y101.634 E573.17802
G1 X113.31 Y101.58 E573.17943
G1 X113.372 Y101.296 E573.18577
G1 X113.516 Y101.155 E573.19016
G1 X113.678 Y101.095 E573.19393
G1 X119.611 Y101.095 E573.32328
G1 X119.61 Y98.955 E573.36994
G1 X100.39 Y98.955 E573.78897
G1 X100.39 Y101.095 E573.83563
G1 X106.311 Y101.095 E573.96472
G1 X106.498 Y101.137 E573.9689
G1 X107.163 Y101.455 E573.98497
G1 X107.523 Y101.641 E573.9938
G1 X107.605 Y101.755 E573.99686
G1 X107.649 Y101.909 E574.00035
G1 X107.641 Y102.306 E574.00901
G1 X107.572 Y102.482 E574.01313
G1 X107.399 Y102.631 E574.01811
G1 X106.888 Y102.826 E574.03004
G1 X107.399 Y103.067 E574.04235
G1 X107.572 Y103.216 E574.04733
G1 X107.643 Y103.42 E574.05204
G1 X107.652 Y103.785 E574.06
G1 X107.576 Y103.983 E574.06462
G1 X107.401 Y104.131 E574.06962
G1 X106.885 Y104.325 E574.08164
G1 X107.399 Y104.568 E574.09403
G1 X107.573 Y104.718 E574.09904
G1 X107.643 Y104.921 E574.10373
G1 X107.652 Y105.285 E574.11166
G1 X107.576 Y105.483 E574.11629
G1 X107.401 Y105.631 E574.12128
G1 X106.885 Y105.825 E574.1333
G1 X107.399 Y106.068 E574.1457
G1 X107.573 Y106.218 E574.15071
G1 X107.643 Y106.419 E574.15535
G1 X107.652 Y106.784 E574.16331
G1 X107.577 Y106.983 E574.16794
G1 X107.402 Y107.132 E574.17295
G1 X106.886 Y107.325 E574.18497
G1 X107.401 Y107.568 E574.19738
G1 X107.574 Y107.718 E574.20237
G1 X107.645 Y107.918 E574.207
G1 X107.643 Y108.25 E574.21424
G1 X107.571 Y108.472 E574.21933
G1 X107.4 Y108.62 E574.22426
G1 X106.885 Y108.825 E574.23634
G1 X107.401 Y109.069 E574.24879
G1 X107.572 Y109.216 E574.2537
G1 X107.645 Y109.418 E574.25839
G1 X107.639 Y109.798 E574.26667
G1 X107.569 Y109.975 E574.27082
G1 X107.391 Y110.124 E574.27588
G1 X106.887 Y110.324 E574.2877
G1 X107.389 Y110.555 E574.29975
G1 X107.567 Y110.706 E574.30484
G1 X107.638 Y110.908 E574.30951
G1 X107.644 Y111.258 E574.31714
G1 X107.57 Y111.431 E574.32124
G1 X107.398 Y111.581 E574.32622
G1 X106.888 Y111.776 E574.33812
G1 X107.399 Y112.017 E574.35044
G1 X107.572 Y112.166 E574.35542
G1 X107.643 Y112.37 E574.36013
G1 X107.652 Y112.735 E574.36809
G1 X107.576 Y112.933 E574.37271
G1 X107.401 Y113.081 E574.37771
G1 X106.885 Y113.275 E574.38973
G1 X107.399 Y113.518 E574.40212
G1 X107.573 Y113.668 E574.40713
G1 X107.643 Y113.871 E574.41181
G1 X107.652 Y114.235 E574.41975
G1 X107.576 Y114.433 E574.42437
G1 X107.401 Y114.581 E574.42937
G1 X106.885 Y114.775 E574.44139
G1 X107.399 Y115.018 E574.45379
G1 X107.573 Y115.168 E574.45879
G1 X107.643 Y115.369 E574.46343
G1 X107.652 Y115.734 E574.47139
G1 X107.577 Y115.933 E574.47603
G1 X107.402 Y116.082 E574.48104
G1 X106.886 Y116.275 E574.49305
G1 X107.401 Y116.518 E574.50547
G1 X107.574 Y116.668 E574.51046
G1 X107.645 Y116.868 E574.51509
G1 X107.643 Y117.2 E574.52233
G1 X107.571 Y117.422 E574.52741
G1 X107.4 Y117.57 E574.53234
G1 X106.885 Y117.775 E574.54443
G1 X107.401 Y118.019 E574.55687
G1 X107.572 Y118.166 E574.56179
G1 X107.645 Y118.32 E574.56551
G1 X107.645 Y118.662 E574.57296
G1 X107.596 Y118.88 E574.57783
G1 X107.391 Y119.074 E574.58399
G1 X106.887 Y119.274 E574.59581
G1 X107.389 Y119.505 E574.60786
G1 X107.593 Y119.701 E574.61402
G1 X107.638 Y119.815 E574.6167
G1 X107.643 Y120.177 E574.62459
G1 X107.465 Y120.547 E574.63354
G1 X107.077 Y120.702 E574.64265
G1 X107.286 Y120.856 E574.64831
G1 X107.568 Y121.045 E574.65571
G1 X112.424 Y121.044 E574.76158
G1 X112.589 Y120.931 E574.76594
G1 X112.472 Y120.85 E574.76904
G1 X112.354 Y120.559 E574.77589
G1 X112.35 Y120.265 E574.7823
G1 X112.413 Y120.033 E574.78754
G1 X112.607 Y119.864 E574.79315
G1 X113.112 Y119.676 E574.8049
G1 X112.611 Y119.445 E574.81693
G1 X112.42 Y119.273 E574.82253
G1 X112.361 Y119.06 E574.82735
G1 X112.359 Y118.71 E574.83498
G1 X112.431 Y118.518 E574.83945
G1 X112.612 Y118.367 E574.84459
G1 X113.118 Y118.175 E574.85639
G1 X112.613 Y117.946 E574.86848
G1 X112.433 Y117.794 E574.87362
G1 X112.362 Y117.59 E574.87833
G1 X112.359 Y117.209 E574.88663
G1 X112.43 Y117.017 E574.8911
G1 X112.612 Y116.866 E574.89625
G1 X113.119 Y116.675 E574.90806
G1 X112.613 Y116.446 E574.92017
G1 X112.433 Y116.294 E574.92531
G1 X112.362 Y116.093 E574.92996
G1 X112.357 Y115.74 E574.93765
G1 X112.43 Y115.519 E574.94273
G1 X112.608 Y115.368 E574.94782
G1 X113.115 Y115.174 E574.95965
G1 X112.608 Y114.946 E574.97177
G1 X112.429 Y114.794 E574.97689
G1 X112.357 Y114.593 E574.98155
G1 X112.367 Y114.195 E574.99023
G1 X112.434 Y114.021 E574.99429
G1 X112.61 Y113.869 E574.99936
G1 X113.115 Y113.675 E575.01116
G1 X112.607 Y113.446 E575.0233
G1 X112.43 Y113.295 E575.02838
G1 X112.357 Y113.093 E575.03306
G1 X112.367 Y112.695 E575.04174
G1 X112.434 Y112.52 E575.04582
G1 X112.61 Y112.369 E575.05088
G1 X113.116 Y112.175 E575.0627
G1 X112.608 Y111.944 E575.07486
G1 X112.43 Y111.794 E575.07994
G1 X112.358 Y111.638 E575.08368
G1 X112.36 Y111.219 E575.09282
G0 F9000 X112.432 Y111.065
G0 X112.454 Y111.046
G0 X111.864 Y111.039
G0 X111.589 Y119.893
;TYPE:FILL
G1 F2308.5 X111.258 Y120.224 E575.10569
G1 X111.534 Y120.224 E575.11327
G1 X111.597 Y119.847 E575.12378
G1 X111.691 Y119.646 E575.12988
G1 X111.601 Y119.447 E575.13588
G1 X111.544 Y119.117 E575.14509
G1 X110.438 Y120.224 E575.18811
G1 X109.617 Y120.224 E575.21068
G1 X111.695 Y118.146 E575.29146
G1 X111.628 Y118.019 E575.29541
G1 X111.544 Y117.661 E575.30552
G1 X111.541 Y117.48 E575.31049
G1 X108.797 Y120.224 E575.41717
G1 X108.463 Y120.224 E575.42635
G1 X108.456 Y119.745 E575.43952
G1 X111.652 Y116.548 E575.56378
G1 X111.544 Y116.169 E575.57462
G1 X111.539 Y115.842 E575.58361
G1 X108.427 Y118.953 E575.70457
G1 X108.465 Y118.68 E575.71215
G1 X108.46 Y118.288 E575.72292
G1 X108.424 Y118.137 E575.72719
G1 X111.609 Y114.952 E575.85101
G1 X111.54 Y114.671 E575.85897
G1 X111.542 Y114.198 E575.87197
G1 X108.461 Y117.279 E575.99175
G1 X108.461 Y116.789 E576.00522
G1 X108.398 Y116.522 E576.01276
G1 X111.581 Y113.339 E576.1365
G1 X111.54 Y113.171 E576.14125
G1 X111.544 Y112.556 E576.15816
G1 X108.468 Y115.632 E576.27774
G1 X108.46 Y115.292 E576.28709
G1 X108.357 Y114.923 E576.29762
G1 X111.541 Y111.738 E576.42142
G1 X111.539 Y111.237 E576.4352
G1 X111.585 Y110.962 E576.44286
G1 X111.652 Y110.807 E576.4475
G1 X108.466 Y113.993 E576.57136
G1 X108.455 Y113.651 E576.58077
G1 X108.315 Y113.324 E576.59055
G1 X111.541 Y110.098 E576.71596
G1 X111.532 Y109.622 E576.72905
G1 X111.698 Y109.203 E576.74144
G1 X111.669 Y109.149 E576.74312
G1 X108.461 Y112.357 E576.86784
G1 X108.456 Y112.207 E576.87196
G1 X108.372 Y111.933 E576.87984
G1 X108.3 Y111.796 E576.88409
G1 X108.385 Y111.613 E576.88964
G1 X111.539 Y108.459 E577.01226
G1 X111.533 Y108.119 E577.0216
G1 X111.697 Y107.702 E577.03392
G1 X111.63 Y107.548 E577.03854
G1 X108.434 Y110.744 E577.16279
G1 X108.371 Y110.478 E577.1703
G1 X108.299 Y110.342 E577.17453
G1 X108.37 Y110.206 E577.17875
G1 X108.452 Y109.906 E577.1873
G1 X111.537 Y106.821 E577.30723
G1 X111.534 Y106.618 E577.31281
G1 X111.696 Y106.206 E577.32498
G1 X111.593 Y105.945 E577.33269
G1 X108.408 Y109.129 E577.45649
G1 X108.299 Y108.84 E577.46499
G1 X108.371 Y108.702 E577.46926
G1 X108.46 Y108.367 E577.47879
G1 X108.461 Y108.256 E577.48184
G1 X111.542 Y105.175 E577.60162
G1 X111.543 Y105.115 E577.60327
G1 X111.698 Y104.713 E577.61511
G1 X111.627 Y104.578 E577.61931
G1 X111.565 Y104.332 E577.62628
G1 X108.383 Y107.514 E577.74998
G1 X108.305 Y107.352 E577.75493
G1 X108.376 Y107.215 E577.75917
G1 X108.471 Y106.876 E577.76885
G1 X108.465 Y106.611 E577.77613
G1 X111.582 Y103.494 E577.89731
G1 X111.699 Y103.21 E577.90575
G1 X111.628 Y103.077 E577.9099
G1 X111.54 Y102.717 E577.92009
G1 X108.335 Y105.922 E578.04468
G1 X108.304 Y105.853 E578.04676
G1 X108.375 Y105.719 E578.05093
G1 X108.475 Y105.363 E578.0611
G1 X108.463 Y104.974 E578.0718
G1 X111.671 Y101.766 E578.19651
G1 X111.738 Y101.626 E578.20078
G1 X111.98 Y101.349 E578.21089
G1 X112.319 Y101.148 E578.22172
G1 X112.617 Y101.036 E578.23047
G1 X112.689 Y100.835 E578.23634
G1 X113.083 Y100.451 E578.25147
G1 X113.552 Y100.275 E578.26524
G1 X113.982 Y100.275 E578.27706
G1 X114.482 Y99.774 E578.29651
G1 X115.302 Y99.774 E578.31906
G1 X114.802 Y100.275 E578.33851
G1 X115.622 Y100.275 E578.36105
G1 X116.123 Y99.774 E578.38053
G1 X116.943 Y99.774 E578.40307
G1 X116.442 Y100.275 E578.42255
G1 X117.263 Y100.275 E578.44512
G1 X117.763 Y99.774 E578.46458
G1 X118.79 Y99.774 E578.49281
G1 X118.79 Y100.275 E578.50658
G1 X118.583 Y99.774 E578.52148
G1 X118.083 Y100.275 E578.54094
G0 F9000 X113.011 Y100.664
G0 X112.243 Y101.194
G1 F2308.5 X113.662 Y99.774 E578.59612
G1 X112.842 Y99.774 E578.61866
G1 X108.366 Y104.25 E578.79267
G1 X108.475 Y103.864 E578.8037
G1 X108.458 Y103.337 E578.81819
G1 X112.021 Y99.774 E578.95671
G1 X111.201 Y99.774 E578.97925
G1 X108.415 Y102.561 E579.08758
G1 X108.465 Y102.378 E579.09279
G1 X108.465 Y101.69 E579.11171
G1 X110.381 Y99.774 E579.18619
G1 X109.561 Y99.774 E579.20873
G1 X108.177 Y101.158 E579.26254
G1 X108.1 Y101.051 E579.26616
G1 X107.715 Y100.8 E579.2788
G1 X108.741 Y99.774 E579.31868
G1 X107.92 Y99.774 E579.34125
G1 X107.152 Y100.542 E579.37111
G1 X106.821 Y100.382 E579.38122
G1 X106.552 Y100.322 E579.38879
G1 X107.1 Y99.774 E579.4101
G1 X106.28 Y99.774 E579.43264
G1 X105.78 Y100.274 E579.45208
G1 X104.96 Y100.274 E579.47462
G1 X105.46 Y99.774 E579.49405
G1 X104.639 Y99.774 E579.51662
G1 X104.139 Y100.274 E579.53606
G1 X103.319 Y100.274 E579.5586
G1 X103.819 Y99.774 E579.57804
G1 X102.999 Y99.774 E579.60058
G1 X102.499 Y100.274 E579.62002
G1 X101.679 Y100.274 E579.64256
G1 X102.179 Y99.774 E579.662
G1 X101.358 Y99.774 E579.68457
G1 X101.209 Y99.924 E579.69038
G1 X101.208 Y99.774 E579.6945
G0 F9000 X101.29 Y99.855
;MESH:NONMESH
G0 F600 X101.29 Y99.855 Z6.64
G0 F9000 X106.509 Y100.656
G0 X108.092 Y101.382
G0 X107.915 Y101.528
;TIME_ELAPSED:740.190962
;LAYER:53
;TYPE:WALL-INNER
;MESH:belt_holder_screw.stl
G1 F2413.9 X108.065 Y101.844 E579.70279
G1 X108.043 Y102.358 E579.71499
G1 X107.922 Y102.658 E579.72265
G1 X107.685 Y102.852 E579.72991
G1 X107.924 Y103.045 E579.73719
G1 X108.052 Y103.389 E579.74589
G1 X108.058 Y103.834 E579.75643
G1 X107.927 Y104.17 E579.76498
G1 X107.694 Y104.359 E579.77209
G1 X107.926 Y104.548 E579.77918
G1 X108.053 Y104.89 E579.78783
G1 X108.058 Y105.335 E579.79837
G1 X107.927 Y105.67 E579.8069
G1 X107.694 Y105.859 E579.81401
G1 X107.926 Y106.048 E579.8211
G1 X108.052 Y106.389 E579.82971
G1 X108.052 Y106.844 E579.8405
G1 X107.929 Y107.168 E579.84871
G1 X107.695 Y107.357 E579.85584
G1 X107.93 Y107.546 E579.86298
G1 X108.058 Y107.889 E579.87166
G1 X108.054 Y108.332 E579.88216
G1 X107.927 Y108.66 E579.89049
G1 X107.69 Y108.853 E579.89774
G1 X107.928 Y109.044 E579.90497
G1 X108.058 Y109.389 E579.9137
G1 X108.054 Y109.834 E579.92425
G1 X107.925 Y110.163 E579.93263
G1 X107.687 Y110.354 E579.93986
G1 X107.926 Y110.546 E579.94712
G1 X108.001 Y110.683 E579.95082
G1 X108.058 Y110.922 E579.95665
G1 X108.043 Y111.308 E579.9658
G1 X107.922 Y111.608 E579.97347
G1 X107.685 Y111.802 E579.98072
G1 X107.924 Y111.995 E579.988
G1 X108.052 Y112.339 E579.9967
G1 X108.058 Y112.784 E580.00725
G1 X107.927 Y113.12 E580.01579
G1 X107.694 Y113.309 E580.0229
G1 X107.926 Y113.498 E580.03
G1 X108.053 Y113.84 E580.03864
G1 X108.058 Y114.285 E580.04919
G1 X107.927 Y114.62 E580.05771
G1 X107.694 Y114.809 E580.06482
G1 X107.926 Y114.998 E580.07191
G1 X108.052 Y115.339 E580.08053
G1 X108.052 Y115.794 E580.09131
G1 X107.929 Y116.118 E580.09952
G1 X107.695 Y116.307 E580.10665
G1 X107.93 Y116.496 E580.1138
G1 X108.058 Y116.839 E580.12247
G1 X108.054 Y117.282 E580.13297
G1 X107.927 Y117.61 E580.14131
G1 X107.69 Y117.803 E580.14855
G1 X107.928 Y117.994 E580.15578
G1 X108.058 Y118.339 E580.16452
G1 X108.054 Y118.734 E580.17388
G1 X107.977 Y119.027 E580.18106
G1 X107.679 Y119.304 E580.1907
G1 X107.978 Y119.581 E580.20036
G1 X108.057 Y119.783 E580.2055
G1 X108.054 Y120.208 E580.21557
G1 X107.785 Y120.762 E580.23017
G1 X112.033 Y120.764 E580.33084
G1 X111.94 Y120.532 E580.33676
G1 X111.946 Y120.092 E580.34719
G1 X112.047 Y119.879 E580.35277
G1 X112.318 Y119.646 E580.36124
G1 X112.047 Y119.413 E580.36971
G1 X111.983 Y119.278 E580.37325
G1 X111.944 Y119.038 E580.37901
G1 X111.95 Y118.672 E580.38769
G1 X112.076 Y118.337 E580.39617
G1 X112.315 Y118.147 E580.40341
G1 X112.075 Y117.956 E580.41067
G1 X111.946 Y117.609 E580.41945
G1 X111.95 Y117.172 E580.4298
G1 X112.076 Y116.837 E580.43829
G1 X112.315 Y116.647 E580.44552
G1 X112.075 Y116.456 E580.45279
G1 X111.947 Y116.111 E580.46151
G1 X111.946 Y115.645 E580.47255
G1 X112.076 Y115.339 E580.48043
G1 X112.314 Y115.146 E580.48769
G1 X112.076 Y114.953 E580.49496
G1 X111.948 Y114.613 E580.50356
G1 X111.954 Y114.155 E580.51442
G1 X112.077 Y113.839 E580.52246
G1 X112.314 Y113.647 E580.52968
G1 X112.076 Y113.454 E580.53694
G1 X111.948 Y113.113 E580.54558
G1 X111.954 Y112.655 E580.55643
G1 X112.075 Y112.341 E580.56441
G1 X112.31 Y112.146 E580.57164
G1 X112.075 Y111.951 E580.57888
G1 X111.949 Y111.609 E580.58752
G1 X111.948 Y111.224 E580.59664
G1 X112.075 Y110.886 E580.6052
G1 X112.312 Y110.696 E580.61239
G1 X112.075 Y110.506 E580.61959
G1 X111.947 Y110.161 E580.62831
G1 X111.95 Y109.722 E580.63872
G1 X112.076 Y109.387 E580.6472
G1 X112.315 Y109.197 E580.65443
G1 X112.075 Y109.006 E580.6617
G1 X111.946 Y108.659 E580.67048
G1 X111.95 Y108.222 E580.68083
G1 X112.076 Y107.887 E580.68931
G1 X112.315 Y107.697 E580.69655
G1 X112.075 Y107.506 E580.70382
G1 X111.947 Y107.161 E580.71254
G1 X111.946 Y106.695 E580.72358
G1 X112.076 Y106.389 E580.73146
G1 X112.314 Y106.196 E580.73872
G1 X112.076 Y106.003 E580.74598
G1 X111.948 Y105.663 E580.75459
G1 X111.954 Y105.205 E580.76545
G1 X112.077 Y104.889 E580.77348
G1 X112.314 Y104.697 E580.78071
G1 X112.076 Y104.504 E580.78797
G1 X111.948 Y104.163 E580.7966
G1 X111.954 Y103.705 E580.80746
G1 X112.075 Y103.391 E580.81543
G1 X112.31 Y103.196 E580.82267
G1 X112.075 Y103.001 E580.82991
G1 X111.949 Y102.659 E580.83854
G1 X111.947 Y102.229 E580.84873
G1 X111.99 Y102.045 E580.85321
G1 X112.14 Y101.808 E580.85986
G1 X112.422 Y101.627 E580.8678
G1 X112.721 Y101.525 E580.87529
G1 X113.021 Y101.41 E580.8829
G1 X112.997 Y101.261 E580.88648
G1 X113.063 Y101.135 E580.88985
G1 X113.299 Y100.911 E580.89756
G1 X113.561 Y100.815 E580.90417
G1 X119.211 Y100.815 E581.03806
G1 X119.21 Y99.235 E581.07551
G1 X100.79 Y99.235 E581.51202
G1 X100.79 Y100.815 E581.54946
G1 X106.4 Y100.815 E581.68241
G1 X106.708 Y100.884 E581.68989
G1 X107.217 Y101.127 E581.70325
G1 X107.63 Y101.305 E581.71391
G1 X107.915 Y101.528 E581.72249
G1 F1800 E579.72249
G0 F9000 X108.038 Y101.244
G0 X111.722 Y102.192
G1 F900 E581.72249
G0 F9000 X112.224 Y102.189
;TYPE:WALL-OUTER
G1 F1856.8 X112.342 Y102.001 E581.72733
G1 X112.514 Y101.892 E581.73177
G1 X112.835 Y101.781 E581.73917
G1 X113.296 Y101.605 E581.74993
G1 X113.257 Y101.365 E581.75523
G1 X113.44 Y101.153 E581.76134
G1 X113.598 Y101.095 E581.76501
G1 X119.491 Y101.095 E581.89348
G1 X119.49 Y98.955 E581.94014
G1 X100.51 Y98.955 E582.35394
G1 X100.51 Y101.095 E582.4006
G1 X106.4 Y101.095 E582.52901
G1 X106.587 Y101.137 E582.53319
G1 X107.083 Y101.375 E582.54519
G1 X107.519 Y101.562 E582.55553
G1 X107.692 Y101.697 E582.56031
G1 X107.782 Y101.887 E582.5649
G1 X107.766 Y102.316 E582.57426
G1 X107.693 Y102.498 E582.57853
G1 X107.514 Y102.645 E582.58358
G1 X107 Y102.838 E582.59555
G1 X107.515 Y103.062 E582.6078
G1 X107.696 Y103.208 E582.61287
G1 X107.774 Y103.416 E582.61771
G1 X107.772 Y103.824 E582.6266
G1 X107.698 Y104.008 E582.63093
G1 X107.516 Y104.156 E582.63604
G1 X106.99 Y104.335 E582.64816
G1 X107.516 Y104.562 E582.66065
G1 X107.697 Y104.71 E582.66574
G1 X107.774 Y104.917 E582.67056
G1 X107.772 Y105.324 E582.67943
G1 X107.698 Y105.508 E582.68376
G1 X107.516 Y105.656 E582.68887
G1 X106.99 Y105.835 E582.70098
G1 X107.516 Y106.062 E582.71348
G1 X107.697 Y106.21 E582.71857
G1 X107.773 Y106.416 E582.72336
G1 X107.774 Y106.811 E582.73197
G1 X107.699 Y107.007 E582.73655
G1 X107.518 Y107.155 E582.74164
G1 X106.992 Y107.334 E582.75376
G1 X107.519 Y107.562 E582.76628
G1 X107.701 Y107.708 E582.77136
G1 X107.779 Y107.916 E582.77621
G1 X107.77 Y108.317 E582.78495
G1 X107.697 Y108.499 E582.78923
G1 X107.517 Y108.647 E582.79431
G1 X106.992 Y108.835 E582.80647
G1 X107.519 Y109.062 E582.81898
G1 X107.701 Y109.207 E582.82405
G1 X107.779 Y109.416 E582.82891
G1 X107.77 Y109.818 E582.83768
G1 X107.696 Y110.002 E582.842
G1 X107.514 Y110.149 E582.8471
G1 X106.992 Y110.334 E582.85918
G1 X107.515 Y110.562 E582.87162
G1 X107.697 Y110.708 E582.8767
G1 X107.775 Y110.916 E582.88155
G1 X107.766 Y111.266 E582.88918
G1 X107.693 Y111.448 E582.89346
G1 X107.514 Y111.595 E582.89851
G1 X107 Y111.788 E582.91048
G1 X107.515 Y112.012 E582.92272
G1 X107.696 Y112.158 E582.92779
G1 X107.774 Y112.366 E582.93263
G1 X107.772 Y112.774 E582.94153
G1 X107.698 Y112.958 E582.94585
G1 X107.516 Y113.106 E582.95097
G1 X106.99 Y113.285 E582.96308
G1 X107.516 Y113.512 E582.97557
G1 X107.697 Y113.66 E582.98067
G1 X107.774 Y113.867 E582.98548
G1 X107.772 Y114.274 E582.99436
G1 X107.698 Y114.458 E582.99868
G1 X107.516 Y114.606 E583.00379
G1 X106.99 Y114.785 E583.01591
G1 X107.516 Y115.012 E583.0284
G1 X107.697 Y115.16 E583.0335
G1 X107.773 Y115.366 E583.03828
G1 X107.774 Y115.761 E583.04689
G1 X107.699 Y115.957 E583.05147
G1 X107.518 Y116.105 E583.05657
G1 X106.992 Y116.284 E583.06868
G1 X107.519 Y116.512 E583.0812
G1 X107.701 Y116.658 E583.08629
G1 X107.779 Y116.866 E583.09113
G1 X107.77 Y117.267 E583.09987
G1 X107.697 Y117.449 E583.10415
G1 X107.517 Y117.597 E583.10923
G1 X106.992 Y117.785 E583.12139
G1 X107.519 Y118.012 E583.1339
G1 X107.701 Y118.157 E583.13897
G1 X107.779 Y118.366 E583.14384
G1 X107.774 Y118.722 E583.1516
G1 X107.727 Y118.899 E583.15559
G1 X107.513 Y119.1 E583.16199
G1 X106.992 Y119.284 E583.17404
G1 X107.514 Y119.51 E583.18644
G1 X107.729 Y119.709 E583.19283
G1 X107.776 Y119.911 E583.19735
G1 X107.774 Y120.206 E583.20378
G1 X107.595 Y120.571 E583.21264
G1 X107.198 Y120.71 E583.22181
G1 X107.7 Y121.045 E583.23497
G1 X112.297 Y121.044 E583.3352
G1 X112.465 Y120.928 E583.33965
G1 X112.344 Y120.845 E583.34285
G1 X112.22 Y120.536 E583.3501
G1 X112.225 Y120.153 E583.35846
G1 X112.286 Y120.025 E583.36155
G1 X112.486 Y119.852 E583.36731
G1 X113.004 Y119.667 E583.3793
G1 X112.486 Y119.44 E583.39163
G1 X112.286 Y119.267 E583.3974
G1 X112.224 Y119.04 E583.40253
G1 X112.228 Y118.702 E583.4099
G1 X112.305 Y118.499 E583.41463
G1 X112.487 Y118.353 E583.41972
G1 X113.008 Y118.165 E583.4318
G1 X112.487 Y117.939 E583.44418
G1 X112.303 Y117.793 E583.4493
G1 X112.225 Y117.634 E583.45316
G1 X112.228 Y117.202 E583.46258
G1 X112.305 Y116.999 E583.46731
G1 X112.487 Y116.853 E583.4724
G1 X113.008 Y116.665 E583.48447
G1 X112.487 Y116.439 E583.49686
G1 X112.303 Y116.293 E583.50198
G1 X112.225 Y116.085 E583.50682
G1 X112.229 Y115.693 E583.51537
G1 X112.305 Y115.501 E583.51987
G1 X112.485 Y115.354 E583.52494
G1 X113.011 Y115.167 E583.53711
G1 X112.484 Y114.938 E583.54963
G1 X112.304 Y114.791 E583.5547
G1 X112.227 Y114.585 E583.5595
G1 X112.231 Y114.192 E583.56806
G1 X112.306 Y114.001 E583.57254
G1 X112.485 Y113.854 E583.57759
G1 X113.011 Y113.667 E583.58976
G1 X112.484 Y113.438 E583.60229
G1 X112.304 Y113.292 E583.60734
G1 X112.227 Y113.085 E583.61215
G1 X112.231 Y112.692 E583.62072
G1 X112.305 Y112.502 E583.62517
G1 X112.48 Y112.356 E583.63014
G1 X113.004 Y112.169 E583.64227
G1 X112.48 Y111.935 E583.65478
G1 X112.304 Y111.79 E583.65975
G1 X112.228 Y111.583 E583.66456
G1 X112.224 Y111.226 E583.67234
G1 X112.304 Y111.048 E583.6766
G1 X112.487 Y110.901 E583.68171
G1 X113.005 Y110.716 E583.69371
G1 X112.486 Y110.491 E583.70604
G1 X112.303 Y110.343 E583.71117
G1 X112.225 Y110.135 E583.71601
G1 X112.228 Y109.752 E583.72436
G1 X112.305 Y109.549 E583.7291
G1 X112.487 Y109.403 E583.73418
G1 X113.008 Y109.215 E583.74626
G1 X112.487 Y108.989 E583.75864
G1 X112.303 Y108.843 E583.76376
G1 X112.225 Y108.684 E583.76762
G1 X112.228 Y108.252 E583.77704
G1 X112.305 Y108.049 E583.78178
G1 X112.487 Y107.903 E583.78686
G1 X113.008 Y107.715 E583.79894
G1 X112.487 Y107.489 E583.81132
G1 X112.303 Y107.343 E583.81644
G1 X112.225 Y107.135 E583.82128
G1 X112.229 Y106.743 E583.82983
G1 X112.305 Y106.551 E583.83433
G1 X112.485 Y106.404 E583.8394
G1 X113.011 Y106.217 E583.85157
G1 X112.484 Y105.988 E583.8641
G1 X112.304 Y105.841 E583.86917
G1 X112.227 Y105.635 E583.87396
G1 X112.231 Y105.242 E583.88253
G1 X112.306 Y105.051 E583.887
G1 X112.485 Y104.904 E583.89205
G1 X113.011 Y104.717 E583.90422
G1 X112.484 Y104.488 E583.91675
G1 X112.304 Y104.342 E583.9218
G1 X112.227 Y104.135 E583.92662
G1 X112.231 Y103.742 E583.93519
G1 X112.305 Y103.552 E583.93963
G1 X112.48 Y103.406 E583.9446
G1 X113.004 Y103.219 E583.95673
G1 X112.48 Y102.985 E583.96924
G1 X112.304 Y102.84 E583.97422
G1 X112.228 Y102.633 E583.97902
G1 X112.224 Y102.189 E583.9887
G0 F9000 X112.33 Y102.019
G0 X112.361 Y101.075
;TYPE:FILL
G1 F2228.2 X113.662 Y99.774 E584.03928
G1 X112.842 Y99.774 E584.06182
G1 X108.548 Y104.068 E584.22876
G1 X108.597 Y103.896 E584.23367
G1 X108.588 Y103.335 E584.2491
G1 X108.563 Y103.233 E584.25198
G1 X112.021 Y99.774 E584.38644
G1 X111.201 Y99.774 E584.40898
G1 X108.585 Y102.391 E584.5107
G1 X108.601 Y101.872 E584.52497
G1 X108.545 Y101.61 E584.53233
G1 X110.381 Y99.774 E584.60371
G1 X109.561 Y99.774 E584.62625
G1 X108.233 Y101.102 E584.67788
G1 X107.876 Y100.823 E584.69034
G1 X107.747 Y100.768 E584.69419
G1 X108.741 Y99.774 E584.73283
G1 X107.92 Y99.774 E584.7554
G1 X107.182 Y100.513 E584.78411
G1 X106.911 Y100.382 E584.79239
G1 X106.568 Y100.306 E584.80204
G1 X107.1 Y99.774 E584.82273
G1 X106.28 Y99.774 E584.84527
G1 X105.779 Y100.275 E584.86474
G1 X104.959 Y100.275 E584.88729
G1 X105.46 Y99.774 E584.90676
G1 X104.639 Y99.774 E584.92933
G1 X104.139 Y100.275 E584.94879
G1 X103.318 Y100.275 E584.97136
G1 X103.819 Y99.774 E584.99083
G1 X102.999 Y99.774 E585.01338
G1 X102.498 Y100.275 E585.03285
G1 X101.678 Y100.275 E585.05539
G1 X102.179 Y99.774 E585.07487
G1 X101.329 Y99.774 E585.09824
G1 X101.329 Y99.804 E585.09906
G0 F9000 X118.083 Y100.275
G1 F2228.2 X118.583 Y99.774 E585.11852
G1 X118.67 Y100.275 E585.1325
G1 X118.67 Y99.774 E585.14627
G1 X117.763 Y99.774 E585.1712
G1 X117.263 Y100.275 E585.19066
G1 X116.442 Y100.275 E585.21323
G1 X116.943 Y99.774 E585.23271
G1 X116.123 Y99.774 E585.25525
G1 X115.622 Y100.275 E585.27472
G1 X114.802 Y100.275 E585.29727
G1 X115.302 Y99.774 E585.31672
G1 X114.482 Y99.774 E585.33926
G1 X113.982 Y100.275 E585.35872
G1 X113.473 Y100.274 E585.37271
G1 X113.016 Y100.443 E585.38611
G1 X112.618 Y100.82 E585.40118
G1 X112.512 Y101.025 E585.40752
G1 X112.217 Y101.124 E585.41608
G1 X111.746 Y101.425 E585.43144
G1 X111.488 Y101.833 E585.44471
G1 X111.453 Y101.983 E585.44895
G1 X108.591 Y104.846 E585.56023
G1 X108.597 Y105.391 E585.57521
G1 X108.493 Y105.763 E585.58583
G1 X111.432 Y102.825 E585.70007
G1 X111.457 Y102.951 E585.7036
G1 X111.567 Y103.196 E585.71098
G1 X111.406 Y103.596 E585.72283
G1 X111.406 Y103.671 E585.7249
G1 X108.591 Y106.486 E585.83433
G1 X108.596 Y106.853 E585.84442
G1 X108.501 Y107.242 E585.85543
G1 X108.439 Y107.355 E585.85897
G1 X108.475 Y107.422 E585.86106
G1 X111.464 Y104.434 E585.97724
G1 X111.566 Y104.697 E585.985
G1 X111.457 Y104.943 E585.99239
G1 X111.407 Y105.31 E586.00258
G1 X108.595 Y108.122 E586.1119
G1 X108.594 Y108.39 E586.11926
G1 X108.5 Y108.735 E586.12909
G1 X108.436 Y108.849 E586.13269
G1 X108.516 Y109.022 E586.13793
G1 X111.493 Y106.045 E586.25366
G1 X111.565 Y106.196 E586.25826
G1 X111.502 Y106.309 E586.26182
G1 X111.403 Y106.686 E586.27253
G1 X111.406 Y106.952 E586.27984
G1 X108.595 Y109.763 E586.38912
G1 X108.594 Y109.89 E586.39261
G1 X108.496 Y110.24 E586.40261
G1 X108.434 Y110.352 E586.40613
G1 X108.547 Y110.631 E586.4144
G1 X111.539 Y107.64 E586.5307
G1 X111.565 Y107.697 E586.53242
G1 X111.503 Y107.809 E586.53594
G1 X111.403 Y108.209 E586.54727
G1 X111.406 Y108.593 E586.55783
G1 X108.559 Y111.44 E586.66851
G1 X108.493 Y111.685 E586.67548
G1 X108.431 Y111.797 E586.679
G1 X108.494 Y111.911 E586.68258
G1 X108.579 Y112.239 E586.6919
G1 X111.501 Y109.318 E586.80547
G1 X111.403 Y109.71 E586.81658
G1 X111.411 Y110.228 E586.83082
G1 X108.52 Y113.119 E586.94321
G1 X108.436 Y113.308 E586.9489
G1 X108.498 Y113.421 E586.95244
G1 X108.607 Y113.852 E586.96466
G1 X111.438 Y111.021 E587.07472
G1 X111.403 Y111.202 E587.07979
G1 X111.411 Y111.661 E587.09241
G1 X111.444 Y111.835 E587.09728
G1 X108.449 Y114.83 E587.21371
G1 X108.499 Y114.921 E587.21657
G1 X108.59 Y115.285 E587.22688
G1 X108.593 Y115.507 E587.23298
G1 X111.407 Y112.693 E587.34238
G1 X111.41 Y113.169 E587.35547
G1 X111.478 Y113.441 E587.36317
G1 X108.502 Y116.418 E587.47889
G1 X108.596 Y116.785 E587.4893
G1 X108.595 Y117.145 E587.4992
G1 X111.408 Y114.332 E587.60856
G1 X111.409 Y114.669 E587.61782
G1 X111.512 Y115.049 E587.62864
G1 X108.53 Y118.03 E587.74455
G1 X108.596 Y118.284 E587.75177
G1 X108.595 Y118.786 E587.76557
G1 X111.407 Y115.973 E587.8749
G1 X111.456 Y116.404 E587.88683
G1 X111.562 Y116.639 E587.89392
G1 X108.562 Y119.638 E588.01052
G1 X108.596 Y119.895 E588.01765
G1 X108.593 Y120.224 E588.0267
G1 X108.797 Y120.224 E588.0323
G1 X111.406 Y117.615 E588.13373
G1 X111.455 Y117.904 E588.14179
G1 X111.565 Y118.146 E588.1491
G1 X111.475 Y118.366 E588.15563
G1 X109.617 Y120.224 E588.22786
G1 X110.438 Y120.224 E588.25043
G1 X111.431 Y119.23 E588.28905
G1 X111.466 Y119.445 E588.29504
G1 X111.561 Y119.645 E588.30113
G1 X111.468 Y119.843 E588.30714
G1 X111.403 Y120.224 E588.31777
G1 X111.258 Y120.224 E588.32175
G1 X111.432 Y120.049 E588.32854
G0 F9000 X111.327 Y120.048
;MESH:NONMESH
G0 F600 X111.327 Y120.048 Z6.76
G0 F9000 X108.285 Y101.775
G0 X108.178 Y101.771
;TIME_ELAPSED:754.816966
;LAYER:54
;TYPE:WALL-INNER
;MESH:belt_holder_screw.stl
G1 F3900 X108.211 Y101.929 E588.33236
G1 X108.187 Y102.369 E588.3428
G1 X108.059 Y102.68 E588.35077
G1 X107.831 Y102.863 E588.3577
G1 X108.062 Y103.043 E588.36464
G1 X108.2 Y103.392 E588.37354
G1 X108.213 Y103.834 E588.38401
G1 X108.067 Y104.186 E588.39305
G1 X107.833 Y104.366 E588.40004
G1 X108.065 Y104.547 E588.40701
G1 X108.2 Y104.891 E588.41577
G1 X108.213 Y105.334 E588.42627
G1 X108.067 Y105.686 E588.43531
G1 X107.833 Y105.866 E588.4423
G1 X108.065 Y106.047 E588.44927
G1 X108.2 Y106.391 E588.45803
G1 X108.212 Y106.832 E588.46849
G1 X108.064 Y107.191 E588.47769
G1 X107.828 Y107.368 E588.48468
G1 X108.059 Y107.549 E588.49163
G1 X108.19 Y107.884 E588.50016
G1 X108.204 Y108.338 E588.51092
G1 X108.06 Y108.691 E588.51996
G1 X107.83 Y108.868 E588.52683
G1 X108.057 Y109.048 E588.5337
G1 X108.19 Y109.384 E588.54226
G1 X108.204 Y109.838 E588.55303
G1 X108.06 Y110.191 E588.56206
G1 X107.829 Y110.368 E588.56896
G1 X108.057 Y110.548 E588.57584
G1 X108.19 Y110.888 E588.58449
G1 X108.195 Y111.292 E588.59407
G1 X108.059 Y111.629 E588.60268
G1 X107.831 Y111.813 E588.60962
G1 X108.062 Y111.993 E588.61656
G1 X108.2 Y112.338 E588.62537
G1 X108.213 Y112.784 E588.63594
G1 X108.067 Y113.136 E588.64497
G1 X107.833 Y113.316 E588.65197
G1 X108.065 Y113.497 E588.65894
G1 X108.2 Y113.841 E588.6677
G1 X108.213 Y114.284 E588.6782
G1 X108.067 Y114.636 E588.68723
G1 X107.833 Y114.816 E588.69423
G1 X108.065 Y114.997 E588.7012
G1 X108.2 Y115.341 E588.70996
G1 X108.212 Y115.782 E588.72042
G1 X108.064 Y116.141 E588.72962
G1 X107.828 Y116.318 E588.73661
G1 X108.059 Y116.499 E588.74356
G1 X108.19 Y116.834 E588.75209
G1 X108.204 Y117.288 E588.76285
G1 X108.06 Y117.641 E588.77189
G1 X107.83 Y117.818 E588.77876
G1 X108.057 Y117.998 E588.78563
G1 X108.19 Y118.334 E588.79419
G1 X108.203 Y118.742 E588.80387
G1 X108.121 Y119.046 E588.81133
G1 X107.819 Y119.318 E588.82096
G1 X108.116 Y119.594 E588.83057
G1 X108.191 Y119.784 E588.83541
G1 X108.203 Y120.19 E588.84503
G1 X107.933 Y120.765 E588.86009
G1 X111.895 Y120.765 E588.95398
G1 X111.805 Y120.551 E588.95948
G1 X111.797 Y120.258 E588.96643
G1 X111.837 Y120.001 E588.97259
G1 X111.901 Y119.866 E588.97613
G1 X112.178 Y119.632 E588.98472
G1 X111.904 Y119.393 E588.99334
G1 X111.81 Y119.187 E588.99871
G1 X111.797 Y118.708 E589.01006
G1 X111.83 Y118.52 E589.01458
G1 X111.94 Y118.308 E589.02024
G1 X112.171 Y118.132 E589.02713
G1 X111.943 Y117.952 E589.03401
G1 X111.81 Y117.616 E589.04257
G1 X111.797 Y117.208 E589.05225
G1 X111.83 Y117.02 E589.05677
G1 X111.94 Y116.808 E589.06243
G1 X112.171 Y116.632 E589.06931
G1 X111.943 Y116.452 E589.0762
G1 X111.811 Y116.119 E589.08469
G1 X111.795 Y115.661 E589.09555
G1 X111.937 Y115.313 E589.10445
G1 X112.166 Y115.134 E589.11134
G1 X111.937 Y114.955 E589.11823
G1 X111.801 Y114.613 E589.12695
G1 X111.796 Y114.157 E589.13776
G1 X111.937 Y113.813 E589.14657
G1 X112.166 Y113.634 E589.15346
G1 X111.937 Y113.455 E589.16034
G1 X111.801 Y113.113 E589.16907
G1 X111.796 Y112.593 E589.18139
G1 X111.942 Y112.315 E589.18883
G1 X112.176 Y112.138 E589.19578
G1 X111.944 Y111.958 E589.20274
G1 X111.807 Y111.607 E589.21167
G1 X111.803 Y111.157 E589.22234
G1 X111.943 Y110.86 E589.23012
G1 X112.17 Y110.681 E589.23697
G1 X111.944 Y110.503 E589.24378
G1 X111.81 Y110.166 E589.25238
G1 X111.797 Y109.758 E589.26205
G1 X111.83 Y109.57 E589.26658
G1 X111.94 Y109.358 E589.27224
G1 X112.171 Y109.182 E589.27912
G1 X111.943 Y109.002 E589.286
G1 X111.81 Y108.666 E589.29457
G1 X111.797 Y108.258 E589.30424
G1 X111.83 Y108.07 E589.30876
G1 X111.94 Y107.858 E589.31442
G1 X112.171 Y107.682 E589.3213
G1 X111.943 Y107.502 E589.32819
G1 X111.811 Y107.169 E589.33668
G1 X111.795 Y106.711 E589.34754
G1 X111.937 Y106.363 E589.35644
G1 X112.166 Y106.184 E589.36333
G1 X111.937 Y106.005 E589.37022
G1 X111.801 Y105.663 E589.37894
G1 X111.796 Y105.207 E589.38975
G1 X111.937 Y104.863 E589.39856
G1 X112.166 Y104.684 E589.40545
G1 X111.937 Y104.505 E589.41234
G1 X111.801 Y104.163 E589.42106
G1 X111.796 Y103.647 E589.43329
G1 X111.939 Y103.368 E589.44072
G1 X112.172 Y103.189 E589.44768
G1 X111.939 Y103.009 E589.45466
G1 X111.857 Y102.871 E589.45846
G1 X111.8 Y102.655 E589.46375
G1 X111.807 Y102.23 E589.47383
G1 X111.866 Y101.999 E589.47948
G1 X112.018 Y101.778 E589.48583
G1 X112.288 Y101.613 E589.49333
G1 X112.865 Y101.417 E589.50777
G1 X112.98 Y101.123 E589.51525
G1 X113.215 Y100.907 E589.52282
G1 X113.471 Y100.815 E589.52926
G1 X119.091 Y100.815 E589.66245
G1 X119.09 Y99.235 E589.69989
G1 X100.91 Y99.235 E590.13072
G1 X100.91 Y100.815 E590.16816
G1 X106.489 Y100.815 E590.30037
G1 X106.797 Y100.884 E590.30785
G1 X107.142 Y101.05 E590.31692
G1 X107.778 Y101.323 E590.33332
G1 X108.048 Y101.527 E590.34134
G1 X108.178 Y101.771 E590.34789
G1 F1800 E588.34789
G0 F9000 X108.337 Y101.805
G0 X106.485 Y100.604
G0 X101.132 Y100.593
G0 X101.132 Y99.457
G0 X118.868 Y99.457
G0 X118.869 Y100.593
G0 X112.806 Y101.004
G0 X111.668 Y102.155
G1 F900 E590.34789
G0 F9000 X112.089 Y102.16
;TYPE:WALL-OUTER
G1 F3000 X112.214 Y101.978 E590.35271
G1 X112.377 Y101.878 E590.35688
G1 X113.206 Y101.597 E590.37596
G1 X113.14 Y101.463 E590.37922
G1 X113.211 Y101.282 E590.38346
G1 X113.353 Y101.15 E590.38768
G1 X113.508 Y101.095 E590.39127
G1 X119.371 Y101.095 E590.51909
G1 X119.37 Y98.955 E590.56575
G1 X100.63 Y98.955 E590.97432
G1 X100.63 Y101.095 E591.02098
G1 X106.489 Y101.095 E591.14871
G1 X106.675 Y101.136 E591.15287
G1 X107.026 Y101.305 E591.16136
G1 X107.667 Y101.58 E591.17657
G1 X107.831 Y101.704 E591.18105
G1 X107.93 Y101.947 E591.18677
G1 X107.91 Y102.327 E591.19507
G1 X107.832 Y102.515 E591.1995
G1 X107.659 Y102.655 E591.20436
G1 X107.116 Y102.844 E591.21689
G1 X107.662 Y103.074 E591.22981
G1 X107.838 Y103.211 E591.23467
G1 X107.922 Y103.423 E591.23964
G1 X107.927 Y103.821 E591.24832
G1 X107.844 Y104.017 E591.25296
G1 X107.665 Y104.154 E591.25788
G1 X107.122 Y104.345 E591.27043
G1 X107.662 Y104.574 E591.28321
G1 X107.84 Y104.714 E591.28815
G1 X107.922 Y104.922 E591.29303
G1 X107.927 Y105.321 E591.30172
G1 X107.844 Y105.517 E591.30637
G1 X107.665 Y105.654 E591.31128
G1 X107.122 Y105.845 E591.32383
G1 X107.662 Y106.074 E591.33662
G1 X107.84 Y106.214 E591.34155
G1 X107.922 Y106.422 E591.34643
G1 X107.928 Y106.818 E591.35506
G1 X107.842 Y107.019 E591.35983
G1 X107.659 Y107.157 E591.36483
G1 X107.119 Y107.345 E591.37729
G1 X107.653 Y107.573 E591.38995
G1 X107.832 Y107.715 E591.39493
G1 X107.912 Y107.918 E591.39969
G1 X107.923 Y108.28 E591.40759
G1 X107.837 Y108.522 E591.41319
G1 X107.656 Y108.661 E591.41816
G1 X107.118 Y108.845 E591.43056
G1 X107.653 Y109.072 E591.44323
G1 X107.831 Y109.214 E591.44819
G1 X107.912 Y109.418 E591.45298
G1 X107.923 Y109.78 E591.46087
G1 X107.837 Y110.022 E591.46647
G1 X107.655 Y110.161 E591.47147
G1 X107.117 Y110.346 E591.48387
G1 X107.652 Y110.572 E591.49653
G1 X107.831 Y110.714 E591.50151
G1 X107.912 Y110.92 E591.50634
G1 X107.91 Y111.277 E591.51412
G1 X107.832 Y111.465 E591.51856
G1 X107.659 Y111.605 E591.52341
G1 X107.116 Y111.794 E591.53595
G1 X107.662 Y112.024 E591.54886
G1 X107.838 Y112.162 E591.55374
G1 X107.922 Y112.371 E591.55865
G1 X107.927 Y112.771 E591.56737
G1 X107.844 Y112.967 E591.57201
G1 X107.665 Y113.104 E591.57693
G1 X107.122 Y113.295 E591.58948
G1 X107.662 Y113.524 E591.60227
G1 X107.84 Y113.664 E591.6072
G1 X107.922 Y113.872 E591.61208
G1 X107.927 Y114.271 E591.62078
G1 X107.844 Y114.467 E591.62542
G1 X107.665 Y114.604 E591.63033
G1 X107.122 Y114.795 E591.64288
G1 X107.662 Y115.024 E591.65567
G1 X107.84 Y115.164 E591.66061
G1 X107.922 Y115.372 E591.66548
G1 X107.928 Y115.768 E591.67412
G1 X107.842 Y115.969 E591.67888
G1 X107.659 Y116.107 E591.68388
G1 X107.119 Y116.295 E591.69635
G1 X107.653 Y116.523 E591.709
G1 X107.832 Y116.665 E591.71399
G1 X107.912 Y116.868 E591.71874
G1 X107.923 Y117.23 E591.72664
G1 X107.837 Y117.472 E591.73224
G1 X107.656 Y117.611 E591.73721
G1 X107.118 Y117.795 E591.74961
G1 X107.653 Y118.022 E591.76228
G1 X107.831 Y118.164 E591.76725
G1 X107.912 Y118.368 E591.77203
G1 X107.923 Y118.73 E591.77993
G1 X107.873 Y118.915 E591.78411
G1 X107.655 Y119.111 E591.7905
G1 X107.117 Y119.296 E591.8029
G1 X107.652 Y119.522 E591.81556
G1 X107.867 Y119.722 E591.82196
G1 X107.912 Y119.836 E591.82464
G1 X107.923 Y120.198 E591.83253
G1 X107.744 Y120.582 E591.84177
G1 X107.342 Y120.717 E591.85101
G1 X107.835 Y121.045 E591.86392
G1 X112.148 Y121.045 E591.95796
G1 X112.343 Y120.927 E591.96293
G1 X112.205 Y120.83 E591.9666
G1 X112.085 Y120.543 E591.97339
G1 X112.077 Y120.25 E591.97978
G1 X112.14 Y120.013 E591.98512
G1 X112.345 Y119.839 E591.99098
G1 X112.883 Y119.653 E592.0034
G1 X112.348 Y119.428 E592.01605
G1 X112.145 Y119.251 E592.02192
G1 X112.086 Y119.045 E592.02659
G1 X112.077 Y118.72 E592.03368
G1 X112.163 Y118.478 E592.03928
G1 X112.345 Y118.339 E592.04427
G1 X112.884 Y118.154 E592.0567
G1 X112.348 Y117.928 E592.06938
G1 X112.169 Y117.786 E592.07436
G1 X112.089 Y117.582 E592.07914
G1 X112.077 Y117.22 E592.08703
G1 X112.163 Y116.978 E592.09263
G1 X112.345 Y116.839 E592.09763
G1 X112.884 Y116.654 E592.11005
G1 X112.348 Y116.428 E592.12273
G1 X112.169 Y116.286 E592.12771
G1 X112.089 Y116.085 E592.13243
G1 X112.081 Y115.673 E592.14142
G1 X112.162 Y115.48 E592.14598
G1 X112.339 Y115.341 E592.15089
G1 X112.879 Y115.155 E592.16334
G1 X112.339 Y114.927 E592.17612
G1 X112.162 Y114.788 E592.18102
G1 X112.079 Y114.581 E592.18589
G1 X112.081 Y114.173 E592.19478
G1 X112.162 Y113.98 E592.19934
G1 X112.339 Y113.841 E592.20425
G1 X112.879 Y113.655 E592.2167
G1 X112.339 Y113.427 E592.22948
G1 X112.162 Y113.288 E592.23439
G1 X112.079 Y113.081 E592.23925
G1 X112.081 Y112.679 E592.24802
G1 X112.164 Y112.485 E592.25262
G1 X112.347 Y112.346 E592.25763
G1 X112.884 Y112.155 E592.27005
G1 X112.35 Y111.932 E592.28267
G1 X112.168 Y111.791 E592.28769
G1 X112.086 Y111.629 E592.29165
G1 X112.087 Y111.229 E592.30037
G1 X112.168 Y111.026 E592.30513
G1 X112.347 Y110.886 E592.31009
G1 X112.88 Y110.703 E592.32237
G1 X112.347 Y110.478 E592.33499
G1 X112.169 Y110.337 E592.33994
G1 X112.089 Y110.132 E592.34474
G1 X112.077 Y109.77 E592.35263
G1 X112.163 Y109.528 E592.35823
G1 X112.345 Y109.389 E592.36323
G1 X112.884 Y109.204 E592.37565
G1 X112.348 Y108.978 E592.38833
G1 X112.169 Y108.836 E592.39331
G1 X112.089 Y108.632 E592.39809
G1 X112.077 Y108.27 E592.40599
G1 X112.163 Y108.028 E592.41159
G1 X112.345 Y107.889 E592.41658
G1 X112.884 Y107.704 E592.429
G1 X112.348 Y107.478 E592.44169
G1 X112.169 Y107.336 E592.44667
G1 X112.089 Y107.135 E592.45138
G1 X112.081 Y106.723 E592.46037
G1 X112.162 Y106.53 E592.46493
G1 X112.339 Y106.391 E592.46984
G1 X112.879 Y106.205 E592.48229
G1 X112.339 Y105.977 E592.49507
G1 X112.162 Y105.838 E592.49998
G1 X112.079 Y105.631 E592.50484
G1 X112.081 Y105.223 E592.51373
G1 X112.162 Y105.03 E592.5183
G1 X112.339 Y104.891 E592.5232
G1 X112.879 Y104.705 E592.53566
G1 X112.339 Y104.477 E592.54843
G1 X112.162 Y104.338 E592.55334
G1 X112.079 Y104.131 E592.5582
G1 X112.081 Y103.729 E592.56697
G1 X112.163 Y103.537 E592.57152
G1 X112.342 Y103.398 E592.57646
G1 X112.884 Y103.205 E592.589
G1 X112.342 Y102.979 E592.60181
G1 X112.163 Y102.841 E592.60674
G1 X112.079 Y102.626 E592.61177
G1 X112.089 Y102.16 E592.62193
G0 F9000 X112.202 Y101.995
G0 X111.83 Y101.588
;TYPE:SKIN
G1 F2700 X112.214 Y101.356 E592.62746
G1 X112.67 Y101.202 E592.63339
G1 X112.763 Y100.974 E592.63642
G1 X113.081 Y100.674 E592.64181
G1 X113.435 Y100.55 E592.64643
G1 X118.825 Y100.549 E592.71285
G1 X118.824 Y99.501 E592.72577
G1 X101.176 Y99.501 E592.94324
G1 X101.176 Y100.549 E592.95616
G1 X106.507 Y100.551 E593.02185
G1 X106.892 Y100.636 E593.02671
G1 X107.251 Y100.806 E593.0316
G1 X107.871 Y101.072 E593.03992
G1 X108.254 Y101.359 E593.04581
G1 X108.437 Y101.712 E593.05071
G1 X108.478 Y101.907 E593.05317
G1 X108.451 Y102.436 E593.0597
G1 X108.258 Y102.877 E593.06563
G1 X108.382 Y103.064 E593.06839
G1 X108.464 Y103.356 E593.07213
G1 X108.484 Y103.929 E593.0792
G1 X108.266 Y104.38 E593.08537
G1 X108.395 Y104.597 E593.08848
G1 X108.465 Y104.855 E593.09177
G1 X108.483 Y105.431 E593.09888
G1 X108.266 Y105.88 E593.10502
G1 X108.395 Y106.097 E593.10813
G1 X108.465 Y106.355 E593.11143
G1 X108.48 Y106.859 E593.11764
G1 X108.394 Y107.154 E593.12143
G1 X108.254 Y107.374 E593.12464
G1 X108.386 Y107.591 E593.12777
G1 X108.455 Y107.858 E593.13117
G1 X108.469 Y108.313 E593.13678
G1 X108.389 Y108.653 E593.14108
G1 X108.247 Y108.871 E593.14429
G1 X108.388 Y109.1 E593.1476
G1 X108.455 Y109.358 E593.15089
G1 X108.469 Y109.813 E593.1565
G1 X108.392 Y110.142 E593.16066
G1 X108.256 Y110.357 E593.1638
G1 X108.42 Y110.679 E593.16825
G1 X108.463 Y110.914 E593.17119
G1 X108.452 Y111.344 E593.17649
G1 X108.383 Y111.592 E593.17966
G1 X108.244 Y111.809 E593.18284
G1 X108.395 Y112.044 E593.18628
G1 X108.464 Y112.304 E593.1896
G1 X108.484 Y112.879 E593.19669
G1 X108.266 Y113.33 E593.20286
G1 X108.395 Y113.547 E593.20597
G1 X108.465 Y113.805 E593.20927
G1 X108.483 Y114.381 E593.21637
G1 X108.266 Y114.83 E593.22251
G1 X108.395 Y115.047 E593.22562
G1 X108.465 Y115.305 E593.22892
G1 X108.48 Y115.809 E593.23513
G1 X108.394 Y116.104 E593.23892
G1 X108.254 Y116.324 E593.24213
G1 X108.386 Y116.541 E593.24526
G1 X108.455 Y116.808 E593.24866
G1 X108.469 Y117.263 E593.25427
G1 X108.389 Y117.603 E593.25857
G1 X108.247 Y117.821 E593.26178
G1 X108.388 Y118.05 E593.26509
G1 X108.455 Y118.308 E593.26838
G1 X108.465 Y118.778 E593.27417
G1 X108.366 Y119.146 E593.27887
G1 X108.19 Y119.321 E593.28193
G1 X108.331 Y119.45 E593.28428
G1 X108.454 Y119.723 E593.28797
G1 X108.469 Y120.187 E593.29369
G1 X108.323 Y120.499 E593.29794
G1 X111.537 Y120.499 E593.33754
G1 X111.532 Y120.255 E593.34055
G1 X111.588 Y119.908 E593.34488
G1 X111.662 Y119.75 E593.34703
G1 X111.79 Y119.628 E593.34921
G1 X111.663 Y119.504 E593.3514
G1 X111.59 Y119.344 E593.35356
G1 X111.541 Y119.072 E593.35697
G1 X111.531 Y118.697 E593.36159
G1 X111.583 Y118.418 E593.36509
G1 X111.742 Y118.118 E593.36927
G1 X111.618 Y117.916 E593.37219
G1 X111.546 Y117.648 E593.37561
G1 X111.531 Y117.197 E593.38117
G1 X111.581 Y116.924 E593.38459
G1 X111.736 Y116.632 E593.38867
G1 X111.547 Y116.203 E593.39445
G1 X111.532 Y115.691 E593.40076
G1 X111.569 Y115.456 E593.40369
G1 X111.74 Y115.12 E593.40833
G1 X111.611 Y114.921 E593.41126
G1 X111.541 Y114.666 E593.41452
G1 X111.532 Y114.191 E593.42037
G1 X111.569 Y113.956 E593.4233
G1 X111.74 Y113.62 E593.42795
G1 X111.611 Y113.421 E593.43087
G1 X111.541 Y113.166 E593.43413
G1 X111.534 Y112.676 E593.44017
G1 X111.609 Y112.362 E593.44415
G1 X111.751 Y112.135 E593.44744
G1 X111.626 Y111.939 E593.45031
G1 X111.542 Y111.637 E593.45417
G1 X111.542 Y111.092 E593.46089
G1 X111.745 Y110.666 E593.4667
G1 X111.627 Y110.486 E593.46936
G1 X111.548 Y110.208 E593.47292
G1 X111.531 Y109.747 E593.4786
G1 X111.583 Y109.468 E593.4821
G1 X111.742 Y109.168 E593.48628
G1 X111.618 Y108.966 E593.4892
G1 X111.546 Y108.698 E593.49262
G1 X111.531 Y108.247 E593.49818
G1 X111.581 Y107.974 E593.5016
G1 X111.736 Y107.682 E593.50568
G1 X111.547 Y107.253 E593.51146
G1 X111.532 Y106.741 E593.51777
G1 X111.569 Y106.506 E593.5207
G1 X111.74 Y106.17 E593.52534
G1 X111.611 Y105.971 E593.52827
G1 X111.541 Y105.716 E593.53153
G1 X111.532 Y105.241 E593.53738
G1 X111.569 Y105.006 E593.54031
G1 X111.74 Y104.67 E593.54496
G1 X111.611 Y104.471 E593.54788
G1 X111.541 Y104.216 E593.55114
G1 X111.533 Y103.734 E593.55708
G1 X111.578 Y103.493 E593.5601
G1 X111.742 Y103.175 E593.56451
G1 X111.612 Y102.975 E593.56745
G1 X111.531 Y102.661 E593.57144
G1 X111.545 Y102.188 E593.57728
G1 X111.618 Y101.903 E593.5809
G1 X111.83 Y101.588 E593.58558
G0 F9000 X112.126 Y101.543
G0 X113.15 Y101.064
G0 X118.869 Y100.593
G0 X118.941 Y99.84
G0 X118.695 Y99.84
G1 F2700 X101.306 Y99.84 E593.79986
G0 F9000 X101.306 Y100.1
G1 F2700 X118.695 Y100.1 E594.01415
G0 F9000 X118.695 Y100.36
G1 F2700 X101.306 Y100.36 E594.22843
G0 F9000 X101.06 Y100.36
G0 X106.687 Y100.656
G0 X107.057 Y100.842
G0 X107.164 Y100.62
G1 F2700 X112.948 Y100.62 E594.2997
G0 F9000 X112.667 Y100.88
G1 F2700 X107.754 Y100.88 E594.36025
G0 F9000 X108.181 Y101.14
G1 F2700 X112.446 Y101.14 E594.4128
G0 F9000 X111.888 Y101.4
G1 F2700 X108.422 Y101.4 E594.45551
G0 F9000 X108.559 Y101.66
G1 F2700 X111.625 Y101.66 E594.4933
G0 F9000 X111.482 Y101.92
G1 F2700 X108.607 Y101.92 E594.52872
G0 F9000 X108.594 Y102.18
G1 F2700 X111.413 Y102.18 E594.56346
G0 F9000 X111.407 Y102.44
G1 F2700 X108.581 Y102.44 E594.59829
G0 F9000 X108.48 Y102.7
G1 F2700 X111.407 Y102.7 E594.63436
G0 F9000 X111.475 Y102.96
G1 F2700 X108.466 Y102.96 E594.67144
G0 F9000 X108.561 Y103.22
G1 F2700 X111.571 Y103.22 E594.70853
G0 F9000 X111.445 Y103.48
G1 F2700 X108.596 Y103.48 E594.74364
G0 F9000 X108.604 Y103.74
G1 F2700 X111.404 Y103.74 E594.77814
G0 F9000 X111.406 Y104
G1 F2700 X108.596 Y104 E594.81277
G0 F9000 X108.47 Y104.26
G1 F2700 X111.421 Y104.26 E594.84913
G0 F9000 X111.491 Y104.52
G1 F2700 X108.497 Y104.52 E594.88603
G0 F9000 X108.578 Y104.78
G1 F2700 X111.536 Y104.78 E594.92248
G0 F9000 X111.432 Y105.04
G1 F2700 X108.598 Y105.04 E594.9574
G0 F9000 X108.605 Y105.3
G1 F2700 X111.402 Y105.3 E594.99187
G0 F9000 X111.407 Y105.56
G1 F2700 X108.568 Y105.56 E595.02685
G0 F9000 X108.44 Y105.82
G1 F2700 X111.437 Y105.82 E595.06378
G0 F9000 X111.525 Y106.08
G1 F2700 X108.524 Y106.08 E595.10076
G0 F9000 X108.593 Y106.34
G1 F2700 X111.504 Y106.34 E595.13664
G0 F9000 X111.424 Y106.6
G1 F2700 X108.6 Y106.6 E595.17144
G0 F9000 X108.608 Y106.86
G1 F2700 X111.404 Y106.86 E595.20589
G0 F9000 X111.411 Y107.12
G1 F2700 X108.54 Y107.12 E595.24127
G0 F9000 X108.417 Y107.38
G1 F2700 X111.461 Y107.38 E595.27878
G0 F9000 X111.576 Y107.64
G1 F2700 X108.533 Y107.64 E595.31628
G0 F9000 X108.586 Y107.9
G1 F2700 X111.474 Y107.9 E595.35187
G0 F9000 X111.412 Y108.16
G1 F2700 X108.593 Y108.16 E595.38661
G0 F9000 X108.577 Y108.42
G1 F2700 X111.408 Y108.42 E595.42149
G0 F9000 X111.417 Y108.68
G1 F2700 X108.515 Y108.68 E595.45725
G0 F9000 X108.448 Y108.94
G1 F2700 X111.478 Y108.94 E595.49459
G0 F9000 X111.578 Y109.2
G1 F2700 X108.549 Y109.2 E595.53192
G0 F9000 X108.587 Y109.46
G1 F2700 X111.454 Y109.46 E595.56725
G0 F9000 X111.401 Y109.72
G1 F2700 X108.594 Y109.72 E595.60184
G0 F9000 X108.563 Y109.98
G1 F2700 X111.41 Y109.98 E595.63692
G0 F9000 X111.424 Y110.24
G1 F2700 X108.488 Y110.24 E595.6731
G0 F9000 X108.474 Y110.5
G1 F2700 X111.495 Y110.5 E595.71033
G0 F9000 X111.556 Y110.76
G1 F2700 X108.563 Y110.76 E595.74721
G0 F9000 X108.591 Y111.02
G1 F2700 X111.433 Y111.02 E595.78223
G0 F9000 X111.411 Y111.28
G1 F2700 X108.584 Y111.28 E595.81707
G0 F9000 X108.532 Y111.54
G1 F2700 X111.413 Y111.54 E595.85257
G0 F9000 X111.452 Y111.8
G1 F2700 X108.415 Y111.8 E595.89
G0 F9000 X108.533 Y112.06
G1 F2700 X111.55 Y112.06 E595.92717
G0 F9000 X111.49 Y112.32
G1 F2700 X108.593 Y112.32 E595.96287
G0 F9000 X108.6 Y112.58
G1 F2700 X111.423 Y112.58 E595.99766
G0 F9000 X111.403 Y112.84
G1 F2700 X108.608 Y112.84 E596.0321
G0 F9000 X108.523 Y113.1
G1 F2700 X111.408 Y113.1 E596.06765
G0 F9000 X111.461 Y113.36
G1 F2700 X108.439 Y113.36 E596.10489
G0 F9000 X108.549 Y113.62
G1 F2700 X111.576 Y113.62 E596.1422
G0 F9000 X111.458 Y113.88
G1 F2700 X108.595 Y113.88 E596.17748
G0 F9000 X108.602 Y114.14
G1 F2700 X111.411 Y114.14 E596.21209
G0 F9000 X111.405 Y114.4
G1 F2700 X108.609 Y114.4 E596.24655
G0 F9000 X108.494 Y114.66
G1 F2700 X111.409 Y114.66 E596.28247
G0 F9000 X111.477 Y114.92
G1 F2700 X108.471 Y114.92 E596.31951
G0 F9000 X108.565 Y115.18
G1 F2700 X111.562 Y115.18 E596.35644
G0 F9000 X111.44 Y115.44
G1 F2700 X108.597 Y115.44 E596.39148
G0 F9000 X108.605 Y115.7
G1 F2700 X111.403 Y115.7 E596.42595
G0 F9000 X111.408 Y115.96
G1 F2700 X108.571 Y115.96 E596.46091
G0 F9000 X108.477 Y116.22
G1 F2700 X111.415 Y116.22 E596.49712
G0 F9000 X111.527 Y116.48
G1 F2700 X108.498 Y116.48 E596.53445
G0 F9000 X108.574 Y116.74
G1 F2700 X111.531 Y116.74 E596.57088
G0 F9000 X111.434 Y117
G1 F2700 X108.59 Y117 E596.60593
G0 F9000 X108.597 Y117.26
G1 F2700 X111.404 Y117.26 E596.64052
G0 F9000 X111.413 Y117.52
G1 F2700 X108.542 Y117.52 E596.6759
G0 F9000 X108.436 Y117.78
G1 F2700 X111.448 Y117.78 E596.71302
G0 F9000 X111.541 Y118.04
G1 F2700 X108.518 Y118.04 E596.75027
G0 F9000 X108.584 Y118.3
G1 F2700 X111.499 Y118.3 E596.78619
G0 F9000 X111.423 Y118.56
G1 F2700 X108.593 Y118.56 E596.82106
G0 F9000 X108.589 Y118.82
G1 F2700 X111.409 Y118.82 E596.85581
G0 F9000 X111.412 Y119.08
G1 F2700 X108.517 Y119.08 E596.89149
G0 F9000 X108.396 Y119.34
G1 F2700 X111.458 Y119.34 E596.92922
G0 F9000 X111.582 Y119.6
G1 F2700 X108.535 Y119.6 E596.96677
G0 F9000 X108.587 Y119.86
G1 F2700 X111.467 Y119.86 E597.00226
G0 F9000 X111.422 Y120.12
G1 F2700 X108.596 Y120.12 E597.03708
;MESH:NONMESH
G0 F600 X108.596 Y120.12 Z6.88
G0 F9000 X108.351 Y120.127
G0 X108.264 Y120.536
G0 X111.581 Y120.542
G0 X111.854 Y119.629
G0 X111.817 Y103.189
G0 X111.713 Y101.981
G0 X111.712 Y101.946
;TIME_ELAPSED:778.440483
;LAYER:55
;TYPE:WALL-INNER
;MESH:belt_holder_screw.stl
G1 F3900 X111.876 Y101.739 E597.04334
G1 X112.144 Y101.593 E597.05057
G1 X112.422 Y101.512 E597.05744
G1 X112.841 Y101.368 E597.06794
G1 X112.867 Y101.135 E597.07349
G1 X113.129 Y100.902 E597.0818
G1 X113.378 Y100.815 E597.08805
G1 X118.971 Y100.815 E597.22059
G1 X118.97 Y99.235 E597.25804
G1 X101.03 Y99.235 E597.68317
G1 X101.03 Y100.025 E597.7019
G1 X101.03 Y100.815 E597.72062
G1 X106.578 Y100.815 E597.85209
G1 X106.872 Y100.878 E597.85922
G1 X107.331 Y101.086 E597.87116
G1 X107.928 Y101.32 E597.88636
G1 X108.193 Y101.503 E597.89399
G1 X108.334 Y101.734 E597.9004
G1 X108.382 Y101.914 E597.90482
G1 X108.361 Y102.382 E597.91592
G1 X108.213 Y102.72 E597.92466
G1 X107.997 Y102.88 E597.93103
G1 X108.211 Y103.04 E597.93736
G1 X108.297 Y103.18 E597.94126
G1 X108.357 Y103.388 E597.94639
G1 X108.387 Y103.902 E597.95859
G1 X108.219 Y104.228 E597.96728
G1 X108.001 Y104.383 E597.97362
G1 X108.214 Y104.544 E597.97995
G1 X108.357 Y104.888 E597.98877
G1 X108.387 Y105.402 E598.00098
G1 X108.219 Y105.728 E598.00967
G1 X108.001 Y105.883 E598.01601
G1 X108.214 Y106.044 E598.02233
G1 X108.354 Y106.343 E598.03016
G1 X108.385 Y106.86 E598.04243
G1 X108.218 Y107.229 E598.05203
G1 X108 Y107.382 E598.05834
G1 X108.215 Y107.537 E598.06462
G1 X108.375 Y107.863 E598.07323
G1 X108.353 Y108.381 E598.08551
G1 X108.208 Y108.716 E598.09416
G1 X107.992 Y108.875 E598.10052
G1 X108.21 Y109.031 E598.10687
G1 X108.299 Y109.171 E598.1108
G1 X108.372 Y109.435 E598.1173
G1 X108.353 Y109.881 E598.12787
G1 X108.212 Y110.21 E598.13636
G1 X107.998 Y110.375 E598.14276
G1 X108.215 Y110.537 E598.14918
G1 X108.3 Y110.673 E598.15298
G1 X108.372 Y110.936 E598.15944
G1 X108.354 Y111.334 E598.16888
G1 X108.21 Y111.667 E598.17748
G1 X107.996 Y111.828 E598.18383
G1 X108.21 Y111.989 E598.19017
G1 X108.357 Y112.338 E598.19915
G1 X108.387 Y112.852 E598.21135
G1 X108.219 Y113.178 E598.22004
G1 X108.001 Y113.333 E598.22638
G1 X108.214 Y113.494 E598.23271
G1 X108.357 Y113.838 E598.24153
G1 X108.387 Y114.352 E598.25373
G1 X108.219 Y114.678 E598.26243
G1 X108.001 Y114.833 E598.26876
G1 X108.214 Y114.994 E598.27509
G1 X108.354 Y115.293 E598.28292
G1 X108.385 Y115.81 E598.29519
G1 X108.218 Y116.179 E598.30479
G1 X108 Y116.332 E598.3111
G1 X108.215 Y116.487 E598.31738
G1 X108.375 Y116.813 E598.32599
G1 X108.353 Y117.331 E598.33827
G1 X108.208 Y117.666 E598.34692
G1 X107.992 Y117.825 E598.35328
G1 X108.21 Y117.981 E598.35963
G1 X108.376 Y118.306 E598.36828
G1 X108.351 Y118.842 E598.381
G1 X108.284 Y119.047 E598.38611
G1 X107.986 Y119.325 E598.39577
G1 X108.288 Y119.599 E598.40543
G1 X108.373 Y119.811 E598.41084
G1 X108.36 Y120.247 E598.42118
G1 X108.106 Y120.765 E598.43485
G1 X111.736 Y120.765 E598.52087
G1 X111.631 Y120.496 E598.52772
G1 X111.644 Y120.068 E598.53786
G1 X111.74 Y119.861 E598.54327
G1 X112.01 Y119.625 E598.55177
G1 X111.736 Y119.392 E598.56029
G1 X111.631 Y119.048 E598.56882
G1 X111.643 Y118.657 E598.57809
G1 X111.705 Y118.426 E598.58375
G1 X111.789 Y118.288 E598.58758
G1 X112.003 Y118.125 E598.59396
G1 X111.787 Y117.964 E598.60034
G1 X111.7 Y117.827 E598.60419
G1 X111.631 Y117.537 E598.61125
G1 X111.643 Y117.157 E598.62026
G1 X111.705 Y116.926 E598.62593
G1 X111.789 Y116.788 E598.62976
G1 X112.003 Y116.625 E598.63613
G1 X111.787 Y116.464 E598.64252
G1 X111.7 Y116.327 E598.64636
G1 X111.631 Y116.058 E598.65294
G1 X111.643 Y115.618 E598.66338
G1 X111.792 Y115.284 E598.67204
G1 X112.009 Y115.122 E598.67846
G1 X111.792 Y114.96 E598.68488
G1 X111.639 Y114.655 E598.69296
G1 X111.639 Y114.123 E598.70557
G1 X111.79 Y113.782 E598.71441
G1 X112.005 Y113.62 E598.72079
G1 X111.79 Y113.459 E598.72715
G1 X111.705 Y113.321 E598.73099
G1 X111.639 Y113.037 E598.7379
G1 X111.639 Y112.622 E598.74774
G1 X111.789 Y112.284 E598.7565
G1 X112.005 Y112.122 E598.7629
G1 X111.789 Y111.96 E598.7693
G1 X111.636 Y111.651 E598.77747
G1 X111.643 Y111.209 E598.78794
G1 X111.705 Y110.976 E598.79366
G1 X111.789 Y110.838 E598.79749
G1 X112.003 Y110.675 E598.80386
G1 X111.787 Y110.514 E598.81025
G1 X111.7 Y110.377 E598.81409
G1 X111.631 Y110.087 E598.82116
G1 X111.643 Y109.707 E598.83017
G1 X111.705 Y109.476 E598.83583
G1 X111.789 Y109.338 E598.83966
G1 X112.003 Y109.175 E598.84604
G1 X111.787 Y109.014 E598.85242
G1 X111.7 Y108.877 E598.85627
G1 X111.631 Y108.587 E598.86333
G1 X111.643 Y108.207 E598.87234
G1 X111.705 Y107.976 E598.87801
G1 X111.789 Y107.838 E598.88184
G1 X112.003 Y107.675 E598.88821
G1 X111.787 Y107.514 E598.8946
G1 X111.7 Y107.377 E598.89844
G1 X111.631 Y107.108 E598.90502
G1 X111.643 Y106.668 E598.91545
G1 X111.792 Y106.334 E598.92412
G1 X112.009 Y106.172 E598.93054
G1 X111.792 Y106.01 E598.93696
G1 X111.639 Y105.705 E598.94504
G1 X111.639 Y105.173 E598.95765
G1 X111.79 Y104.832 E598.96649
G1 X112.005 Y104.67 E598.97287
G1 X111.79 Y104.509 E598.97923
G1 X111.705 Y104.371 E598.98307
G1 X111.639 Y104.087 E598.98998
G1 X111.639 Y103.672 E598.99982
G1 X111.789 Y103.334 E599.00858
G1 X112.005 Y103.172 E599.01498
G1 X111.789 Y103.01 E599.02138
G1 X111.644 Y102.665 E599.03025
G1 X111.634 Y102.211 E599.04101
G1 X111.712 Y101.946 E599.04755
G1 F1800 E597.04755
G0 F9000 X111.527 Y102.002
G0 X111.622 Y103.206
G0 X111.686 Y119.628
G0 X111.424 Y120.537
G0 X108.448 Y120.536
G0 X108.292 Y119.322
G0 X108.372 Y107.386
G0 X108.505 Y106.988
G1 F900 E599.04755
G0 F9000 X108.002 Y107.051
;TYPE:WALL-OUTER
G1 F3000 X107.814 Y107.182 E599.05255
G1 X107.532 Y107.263 E599.05895
G1 X107.257 Y107.357 E599.06528
G1 X107.524 Y107.47 E599.0716
G1 X107.81 Y107.577 E599.07826
G1 X107.996 Y107.712 E599.08327
G1 X108.092 Y107.906 E599.08799
G1 X108.079 Y108.316 E599.09693
G1 X107.988 Y108.542 E599.10225
G1 X107.807 Y108.676 E599.10716
G1 X107.259 Y108.858 E599.11975
G1 X107.545 Y108.978 E599.12651
G1 X107.81 Y109.077 E599.13267
G1 X107.993 Y109.209 E599.13759
G1 X108.086 Y109.428 E599.14278
G1 X108.079 Y109.816 E599.15124
G1 X107.991 Y110.039 E599.15647
G1 X107.819 Y110.171 E599.1612
G1 X107.267 Y110.356 E599.17389
G1 X107.822 Y110.582 E599.18695
G1 X107.996 Y110.712 E599.19169
G1 X108.086 Y110.928 E599.19679
G1 X108.079 Y111.278 E599.20442
G1 X107.99 Y111.494 E599.20952
G1 X107.814 Y111.627 E599.21433
G1 X107.26 Y111.807 E599.22703
G1 X107.814 Y112.031 E599.24005
G1 X107.99 Y112.163 E599.24485
G1 X108.079 Y112.374 E599.24984
G1 X108.104 Y112.764 E599.25836
G1 X108.003 Y113 E599.26396
G1 X107.82 Y113.13 E599.26885
G1 X107.532 Y113.213 E599.27539
G1 X107.258 Y113.307 E599.2817
G1 X107.814 Y113.53 E599.29476
G1 X107.993 Y113.666 E599.29967
G1 X108.079 Y113.874 E599.30457
G1 X108.104 Y114.264 E599.31309
G1 X108.003 Y114.5 E599.31869
G1 X107.82 Y114.63 E599.32358
G1 X107.532 Y114.713 E599.33012
G1 X107.258 Y114.807 E599.33643
G1 X107.814 Y115.03 E599.34949
G1 X107.993 Y115.166 E599.3544
G1 X108.079 Y115.375 E599.35932
G1 X108.101 Y115.74 E599.36729
G1 X108.002 Y116.001 E599.37338
G1 X107.814 Y116.132 E599.37838
G1 X107.532 Y116.213 E599.38477
G1 X107.257 Y116.307 E599.39111
G1 X107.524 Y116.42 E599.39743
G1 X107.81 Y116.527 E599.40409
G1 X107.996 Y116.662 E599.4091
G1 X108.092 Y116.856 E599.41382
G1 X108.079 Y117.266 E599.42276
G1 X107.988 Y117.492 E599.42807
G1 X107.807 Y117.626 E599.43298
G1 X107.259 Y117.808 E599.44557
G1 X107.545 Y117.928 E599.45233
G1 X107.81 Y118.027 E599.4585
G1 X107.993 Y118.159 E599.46342
G1 X108.086 Y118.378 E599.46861
G1 X108.079 Y118.766 E599.47707
G1 X108.034 Y118.92 E599.48057
G1 X107.819 Y119.121 E599.48698
G1 X107.267 Y119.306 E599.49968
G1 X107.822 Y119.532 E599.51274
G1 X108.04 Y119.73 E599.51916
G1 X108.089 Y119.945 E599.52397
G1 X108.08 Y120.239 E599.53038
G1 X107.905 Y120.595 E599.53903
G1 X107.493 Y120.73 E599.54848
G1 X108.025 Y121.045 E599.56196
G1 X111.976 Y121.045 E599.6481
G1 X112.187 Y120.921 E599.65344
G1 X112.034 Y120.821 E599.65742
G1 X111.911 Y120.504 E599.66484
G1 X111.923 Y120.13 E599.67299
G1 X111.98 Y120.004 E599.67601
G1 X112.181 Y119.829 E599.68182
G1 X112.74 Y119.646 E599.69464
G1 X112.178 Y119.418 E599.70787
G1 X111.974 Y119.245 E599.7137
G1 X111.911 Y119.037 E599.71844
G1 X111.921 Y118.684 E599.72613
G1 X112.01 Y118.46 E599.73139
G1 X112.184 Y118.327 E599.73616
G1 X112.741 Y118.143 E599.74895
G1 X112.181 Y117.92 E599.7621
G1 X112.005 Y117.788 E599.76689
G1 X111.909 Y117.6 E599.77149
G1 X111.921 Y117.184 E599.78057
G1 X112.01 Y116.96 E599.78582
G1 X112.184 Y116.827 E599.7906
G1 X112.741 Y116.643 E599.80339
G1 X112.181 Y116.42 E599.81653
G1 X112.005 Y116.288 E599.82132
G1 X111.911 Y116.043 E599.82705
G1 X111.922 Y115.623 E599.83621
G1 X112.012 Y115.458 E599.8403
G1 X112.187 Y115.326 E599.84508
G1 X112.738 Y115.142 E599.85775
G1 X112.187 Y114.918 E599.87072
G1 X112.011 Y114.786 E599.87551
G1 X111.919 Y114.603 E599.87998
G1 X111.918 Y114.198 E599.88881
G1 X112.01 Y113.956 E599.89445
G1 X112.186 Y113.824 E599.89925
G1 X112.739 Y113.643 E599.91193
G1 X112.186 Y113.418 E599.92495
G1 X112.011 Y113.285 E599.92974
G1 X111.923 Y113.081 E599.93459
G1 X111.917 Y112.627 E599.94448
G1 X112.01 Y112.457 E599.94871
G1 X112.185 Y112.325 E599.95349
G1 X112.746 Y112.148 E599.96631
G1 X112.185 Y111.919 E599.97952
G1 X112.01 Y111.787 E599.9843
G1 X111.921 Y111.624 E599.98835
G1 X111.921 Y111.235 E599.99683
G1 X112.01 Y111.01 E600.00211
G1 X112.184 Y110.877 E600.00688
G1 X112.743 Y110.694 E600.01971
G1 X112.181 Y110.47 E600.0329
G1 X112.005 Y110.338 E600.03769
G1 X111.909 Y110.15 E600.0423
G1 X111.921 Y109.734 E600.05137
G1 X112.01 Y109.51 E600.05662
G1 X112.184 Y109.377 E600.0614
G1 X112.741 Y109.193 E600.07419
G1 X112.181 Y108.97 E600.08733
G1 X112.005 Y108.838 E600.09213
G1 X111.909 Y108.65 E600.09673
G1 X111.921 Y108.234 E600.1058
G1 X112.01 Y108.01 E600.11106
G1 X112.184 Y107.877 E600.11583
G1 X112.741 Y107.693 E600.12862
G1 X112.181 Y107.47 E600.14176
G1 X112.005 Y107.338 E600.14656
G1 X111.911 Y107.093 E600.15228
G1 X111.922 Y106.673 E600.16144
G1 X112.012 Y106.508 E600.16554
G1 X112.187 Y106.376 E600.17032
G1 X112.738 Y106.192 E600.18298
G1 X112.187 Y105.968 E600.19595
G1 X112.011 Y105.836 E600.20075
G1 X111.919 Y105.653 E600.20521
G1 X111.918 Y105.248 E600.21404
G1 X112.01 Y105.006 E600.21969
G1 X112.186 Y104.874 E600.22448
G1 X112.739 Y104.693 E600.23717
G1 X112.186 Y104.468 E600.25018
G1 X112.011 Y104.335 E600.25498
G1 X111.923 Y104.131 E600.25982
G1 X111.917 Y103.677 E600.26972
G1 X112.01 Y103.507 E600.27394
G1 X112.185 Y103.375 E600.27872
G1 X112.746 Y103.198 E600.29155
G1 X112.185 Y102.969 E600.30476
G1 X112.01 Y102.837 E600.30954
G1 X111.921 Y102.628 E600.31449
G1 X111.913 Y102.236 E600.32304
G1 X111.96 Y102.076 E600.32667
G1 X112.059 Y101.951 E600.33015
G1 X112.222 Y101.862 E600.3342
G1 X112.513 Y101.777 E600.34081
G1 X113.072 Y101.585 E600.3537
G1 X113.104 Y101.301 E600.35993
G1 X113.264 Y101.148 E600.36475
G1 X113.414 Y101.095 E600.36822
G1 X119.251 Y101.095 E600.49548
G1 X119.25 Y98.955 E600.54214
G1 X100.75 Y98.955 E600.94547
G1 X100.75 Y100.025 E600.9688
G1 X100.75 Y101.095 E600.99213
G1 X106.578 Y101.095 E601.11919
G1 X106.756 Y101.133 E601.12316
G1 X107.222 Y101.344 E601.13431
G1 X107.826 Y101.581 E601.14846
G1 X107.986 Y101.692 E601.1527
G1 X108.1 Y101.94 E601.15866
G1 X108.084 Y102.341 E601.16741
G1 X107.994 Y102.545 E601.17227
G1 X107.816 Y102.677 E601.1771
G1 X107.26 Y102.857 E601.18984
G1 X107.814 Y103.08 E601.20286
G1 X107.991 Y103.213 E601.20769
G1 X108.079 Y103.424 E601.21267
G1 X108.104 Y103.814 E601.22119
G1 X108.003 Y104.05 E601.22679
G1 X107.82 Y104.18 E601.23168
G1 X107.532 Y104.263 E601.23822
G1 X107.258 Y104.357 E601.24453
G1 X107.814 Y104.58 E601.25759
G1 X107.993 Y104.716 E601.26249
G1 X108.079 Y104.924 E601.2674
G1 X108.104 Y105.314 E601.27592
G1 X108.003 Y105.55 E601.28152
G1 X107.82 Y105.68 E601.28641
G1 X107.532 Y105.763 E601.29295
G1 X107.258 Y105.857 E601.29926
G1 X107.814 Y106.08 E601.31232
G1 X107.993 Y106.216 E601.31722
G1 X108.079 Y106.425 E601.32215
G1 X108.101 Y106.79 E601.33012
G1 X108.002 Y107.051 E601.33621
G0 F9000 X107.838 Y107.165
G1 F1800 E599.33621
G0 F9000 X108.484 Y107.059
G0 X108.372 Y107.386
G0 X108.292 Y119.322
G0 X108.448 Y120.536
G0 X111.424 Y120.537
G0 X111.686 Y119.628
G0 X111.622 Y103.138
G0 X111.506 Y102.089
G1 F900 E601.33621
G0 F9000 X111.372 Y101.771
;TYPE:SKIN
G1 F2700 X111.628 Y101.445 E601.34132
G1 X112.036 Y101.228 E601.34701
G1 X112.512 Y101.092 E601.35311
G1 X112.549 Y100.921 E601.35527
G1 X112.941 Y100.568 E601.36177
G1 X113.321 Y100.436 E601.36673
G1 X118.591 Y100.435 E601.43167
G1 X118.59 Y99.615 E601.44177
G1 X101.41 Y99.615 E601.65348
G1 X101.41 Y100.435 E601.66358
G1 X106.602 Y100.437 E601.72756
G1 X107.003 Y100.522 E601.73261
G1 X107.479 Y100.735 E601.73904
G1 X108.066 Y100.964 E601.74681
G1 X108.474 Y101.241 E601.75288
G1 X108.68 Y101.58 E601.75777
G1 X108.764 Y101.879 E601.7616
G1 X108.737 Y102.439 E601.76851
G1 X108.637 Y102.758 E601.77263
G1 X108.554 Y102.889 E601.77454
G1 X108.733 Y103.278 E601.77981
G1 X108.761 Y103.78 E601.78601
G1 X108.72 Y104.075 E601.78968
G1 X108.56 Y104.392 E601.79406
G1 X108.727 Y104.757 E601.799
G1 X108.761 Y105.28 E601.80546
G1 X108.722 Y105.567 E601.80903
G1 X108.56 Y105.893 E601.81352
G1 X108.734 Y106.276 E601.8187
G1 X108.766 Y106.886 E601.82623
G1 X108.661 Y107.236 E601.83073
G1 X108.567 Y107.388 E601.83293
G1 X108.657 Y107.542 E601.83513
G1 X108.749 Y107.881 E601.83946
G1 X108.733 Y108.479 E601.84683
G1 X108.554 Y108.863 E601.85205
G1 X108.651 Y109.03 E601.85443
G1 X108.751 Y109.39 E601.85904
G1 X108.733 Y109.979 E601.8663
G1 X108.551 Y110.363 E601.87153
G1 X108.652 Y110.532 E601.87396
G1 X108.752 Y110.896 E601.87861
G1 X108.731 Y111.376 E601.88453
G1 X108.648 Y111.67 E601.8883
G1 X108.552 Y111.836 E601.89066
G1 X108.729 Y112.207 E601.89573
G1 X108.761 Y112.73 E601.90218
G1 X108.72 Y113.025 E601.90585
G1 X108.56 Y113.342 E601.91023
G1 X108.727 Y113.707 E601.91517
G1 X108.761 Y114.23 E601.92163
G1 X108.722 Y114.517 E601.9252
G1 X108.56 Y114.843 E601.92969
G1 X108.734 Y115.226 E601.93487
G1 X108.766 Y115.836 E601.9424
G1 X108.661 Y116.186 E601.9469
G1 X108.567 Y116.338 E601.9491
G1 X108.657 Y116.492 E601.9513
G1 X108.749 Y116.831 E601.95563
G1 X108.733 Y117.429 E601.963
G1 X108.554 Y117.813 E601.96822
G1 X108.651 Y117.98 E601.9706
G1 X108.752 Y118.347 E601.97529
G1 X108.728 Y118.89 E601.98199
G1 X108.628 Y119.208 E601.9861
G1 X108.525 Y119.321 E601.98798
G1 X108.598 Y119.387 E601.9892
G1 X108.705 Y119.614 E601.99229
G1 X108.749 Y119.945 E601.9964
G1 X108.74 Y120.26 E602.00029
G1 X108.692 Y120.384 E602.00193
G1 X111.253 Y120.385 E602.03348
G1 X111.261 Y120.174 E602.03609
G1 X111.316 Y119.873 E602.03986
G1 X111.446 Y119.629 E602.04326
G1 X111.318 Y119.399 E602.04651
G1 X111.253 Y119.081 E602.05051
G1 X111.272 Y118.507 E602.05758
G1 X111.45 Y118.13 E602.06272
G1 X111.292 Y117.82 E602.06701
G1 X111.251 Y117.548 E602.0704
G1 X111.273 Y117.004 E602.07711
G1 X111.447 Y116.636 E602.08212
G1 X111.347 Y116.465 E602.08457
G1 X111.254 Y116.097 E602.08924
G1 X111.263 Y115.643 E602.09484
G1 X111.321 Y115.363 E602.09836
G1 X111.452 Y115.128 E602.10168
G1 X111.369 Y114.998 E602.10358
G1 X111.26 Y114.64 E602.10819
G1 X111.262 Y114.135 E602.11441
G1 X111.352 Y113.779 E602.11894
G1 X111.445 Y113.62 E602.12121
G1 X111.353 Y113.462 E602.12346
G1 X111.26 Y113.14 E602.12759
G1 X111.262 Y112.635 E602.13381
G1 X111.35 Y112.286 E602.13825
G1 X111.448 Y112.115 E602.14068
G1 X111.256 Y111.731 E602.14597
G1 X111.27 Y111.06 E602.15424
G1 X111.45 Y110.68 E602.15942
G1 X111.288 Y110.359 E602.16385
G1 X111.251 Y110.098 E602.1671
G1 X111.268 Y109.565 E602.17367
G1 X111.45 Y109.18 E602.17892
G1 X111.292 Y108.87 E602.18321
G1 X111.251 Y108.598 E602.1866
G1 X111.273 Y108.054 E602.19331
G1 X111.447 Y107.686 E602.19832
G1 X111.347 Y107.515 E602.20076
G1 X111.254 Y107.147 E602.20544
G1 X111.263 Y106.693 E602.21104
G1 X111.321 Y106.413 E602.21456
G1 X111.452 Y106.178 E602.21788
G1 X111.369 Y106.048 E602.21978
G1 X111.26 Y105.69 E602.22439
G1 X111.262 Y105.185 E602.23061
G1 X111.352 Y104.829 E602.23514
G1 X111.445 Y104.67 E602.23741
G1 X111.353 Y104.512 E602.23966
G1 X111.26 Y104.19 E602.24379
G1 X111.262 Y103.685 E602.25001
G1 X111.351 Y103.333 E602.25449
G1 X111.444 Y103.172 E602.25678
G1 X111.351 Y103.011 E602.25907
G1 X111.258 Y102.673 E602.26339
G1 X111.256 Y102.167 E602.26962
G1 X111.372 Y101.771 E602.27471
G0 F9000 X111.506 Y102.089
G0 X113.054 Y101.064
G0 X118.3 Y100.665
G0 X118.3 Y100.306
;TYPE:SKIN
G1 F3000 X118.3 Y99.745 E602.28162
G0 F9000 X118.04 Y99.745
G1 F3000 X118.04 Y100.306 E602.28853
G0 F9000 X117.78 Y100.306
G1 F3000 X117.78 Y99.745 E602.29545
G0 F9000 X117.52 Y99.745
G1 F3000 X117.52 Y100.306 E602.30236
G0 F9000 X117.26 Y100.306
G1 F3000 X117.26 Y99.745 E602.30927
G0 F9000 X117 Y99.745
G1 F3000 X117 Y100.306 E602.31619
G0 F9000 X116.74 Y100.307
G1 F3000 X116.74 Y99.745 E602.32311
G0 F9000 X116.48 Y99.745
G1 F3000 X116.48 Y100.307 E602.33004
G0 F9000 X116.22 Y100.307
G1 F3000 X116.22 Y99.745 E602.33696
G0 F9000 X115.96 Y99.745
G1 F3000 X115.96 Y100.307 E602.34389
G0 F9000 X115.7 Y100.307
G1 F3000 X115.7 Y99.745 E602.35081
G0 F9000 X115.44 Y99.745
G1 F3000 X115.44 Y100.307 E602.35774
G0 F9000 X115.18 Y100.307
G1 F3000 X115.18 Y99.745 E602.36467
G0 F9000 X114.92 Y99.745
G1 F3000 X114.92 Y100.308 E602.3716
G0 F9000 X114.66 Y100.308
G1 F3000 X114.66 Y99.745 E602.37854
G0 F9000 X114.4 Y99.745
G1 F3000 X114.4 Y100.308 E602.38548
G0 F9000 X114.14 Y100.308
G1 F3000 X114.14 Y99.745 E602.39242
G0 F9000 X113.88 Y99.745
G1 F3000 X113.88 Y100.308 E602.39935
G0 F9000 X113.62 Y100.308
G1 F3000 X113.62 Y99.745 E602.40629
G0 F9000 X113.36 Y99.745
G1 F3000 X113.36 Y100.308 E602.41323
G0 F9000 X113.1 Y100.376
G1 F3000 X113.1 Y99.745 E602.42101
G0 F9000 X112.84 Y99.745
G1 F3000 X112.84 Y100.484 E602.43011
G0 F9000 X112.58 Y100.72
G1 F3000 X112.58 Y99.745 E602.44213
G0 F9000 X112.32 Y99.745
G1 F3000 X112.32 Y101.005 E602.45765
G0 F9000 X112.06 Y101.085
G1 F3000 X112.06 Y99.745 E602.47417
G0 F9000 X111.8 Y99.745
G1 F3000 X111.8 Y101.209 E602.49221
G0 F9000 X111.54 Y101.347
G1 F3000 X111.54 Y99.745 E602.51195
G0 F9000 X111.28 Y99.745
G1 F3000 X111.28 Y101.682 E602.53582
G0 F9000 X111.506 Y102.089
G0 X111.622 Y103.206
G0 X111.625 Y115.156
G0 X111.546 Y116.345
G0 X111.28 Y116.609
G1 F3000 X111.28 Y116.686 E602.53677
G0 F9000 X111.557 Y116.892
G0 X111.62 Y116.593
G0 X111.62 Y107.643
G0 X111.561 Y106.434
G0 X111.28 Y106.221
G1 F3000 X111.28 Y106.147 E602.53768
G0 F9000 X111.519 Y105.794
G0 X111.625 Y106.206
G0 X111.621 Y116.661
G0 X111.504 Y117.712
G0 X111.28 Y118.083
G1 F3000 X111.28 Y118.185 E602.53894
G0 F9000 X111.558 Y118.39
G0 X111.62 Y118.093
G0 X111.623 Y113.586
G0 X111.515 Y112.508
G0 X111.28 Y112.147
G1 F3000 X111.28 Y112.068 E602.53991
G0 F9000 X111.557 Y111.856
G0 X111.613 Y110.765
G0 X111.558 Y109.44
G0 X111.28 Y109.235
G1 F3000 X111.28 Y109.133 E602.54117
G0 F9000 X111.504 Y108.762
G0 X111.621 Y109.211
G0 X111.623 Y113.654
G0 X111.519 Y114.744
G0 X111.28 Y115.097
G1 F3000 X111.28 Y115.171 E602.54208
G0 F9000 X111.561 Y115.384
G0 X111.625 Y115.088
G0 X111.623 Y112.388
G0 X111.558 Y110.94
G0 X111.28 Y110.736
G1 F3000 X111.28 Y110.632 E602.54336
G0 F9000 X111.504 Y110.262
G0 X111.608 Y109.255
G0 X111.557 Y107.942
G0 X111.28 Y107.736
G1 F3000 X111.28 Y107.659 E602.54431
G0 F9000 X111.546 Y107.395
G0 X111.625 Y106.138
G0 X111.737 Y101.58
G0 X112.665 Y101.2
G0 X113.473 Y100.604
G0 X118.749 Y100.593
G0 X118.748 Y99.457
G0 X111.02 Y99.385
G0 X111.02 Y99.745
G1 F3000 X111.02 Y120.254 E602.79704
G0 F9000 X110.76 Y120.254
G1 F3000 X110.76 Y99.745 E603.04977
G0 F9000 X110.5 Y99.745
G1 F3000 X110.5 Y120.254 E603.3025
G0 F9000 X110.24 Y120.254
G1 F3000 X110.24 Y99.745 E603.55523
G0 F9000 X109.98 Y99.745
G1 F3000 X109.98 Y120.254 E603.80796
G0 F9000 X109.72 Y120.254
G1 F3000 X109.72 Y99.745 E604.06069
G0 F9000 X109.46 Y99.745
G1 F3000 X109.46 Y120.254 E604.31342
G0 F9000 X109.2 Y120.254
G1 F3000 X109.2 Y99.745 E604.56615
G0 F9000 X108.94 Y99.745
G1 F3000 X108.94 Y120.254 E604.81888
G0 F9000 X108.94 Y120.615
G0 X108.448 Y120.536
G0 X108.322 Y119.554
G0 X108.281 Y101.387
G0 X108.68 Y101.332
G1 F3000 X108.68 Y99.745 E604.83843
G0 F9000 X108.42 Y99.745
G1 F3000 X108.42 Y101.045 E604.85445
G0 F9000 X108.16 Y100.866
G1 F3000 X108.16 Y99.745 E604.86827
G0 F9000 X107.9 Y99.745
G1 F3000 X107.9 Y100.759 E604.88076
G0 F9000 X107.64 Y100.657
G1 F3000 X107.64 Y99.745 E604.892
G0 F9000 X107.38 Y99.745
G1 F3000 X107.38 Y100.547 E604.90188
G0 F9000 X107.12 Y100.429
G1 F3000 X107.12 Y99.745 E604.91031
G0 F9000 X106.86 Y99.745
G1 F3000 X106.86 Y100.359 E604.91788
G0 F9000 X106.6 Y100.309
G1 F3000 X106.6 Y99.745 E604.92483
G0 F9000 X106.34 Y99.745
G1 F3000 X106.34 Y100.309 E604.93178
G0 F9000 X106.08 Y100.309
G1 F3000 X106.08 Y99.745 E604.93873
G0 F9000 X105.82 Y99.745
G1 F3000 X105.82 Y100.309 E604.94568
G0 F9000 X105.56 Y100.308
G1 F3000 X105.56 Y99.745 E604.95262
G0 F9000 X105.3 Y99.745
G1 F3000 X105.3 Y100.308 E604.95956
G0 F9000 X105.04 Y100.308
G1 F3000 X105.04 Y99.745 E604.96649
G0 F9000 X104.78 Y99.745
G1 F3000 X104.78 Y100.308 E604.97343
G0 F9000 X104.52 Y100.307
G1 F3000 X104.52 Y99.745 E604.98036
G0 F9000 X104.26 Y99.745
G1 F3000 X104.26 Y100.307 E604.98728
G0 F9000 X104 Y100.307
G1 F3000 X104 Y99.745 E604.99421
G0 F9000 X103.74 Y99.745
G1 F3000 X103.74 Y100.307 E605.00113
G0 F9000 X103.48 Y100.306
G1 F3000 X103.48 Y99.745 E605.00805
G0 F9000 X103.22 Y99.745
G1 F3000 X103.22 Y100.306 E605.01496
G0 F9000 X102.96 Y100.306
G1 F3000 X102.96 Y99.745 E605.02187
G0 F9000 X102.7 Y99.745
G1 F3000 X102.7 Y100.306 E605.02879
G0 F9000 X102.44 Y100.305
G1 F3000 X102.44 Y99.745 E605.03569
G0 F9000 X102.18 Y99.745
G1 F3000 X102.18 Y100.305 E605.04259
G0 F9000 X101.92 Y100.305
G1 F3000 X101.92 Y99.745 E605.04949
G0 F9000 X101.66 Y99.745
G1 F3000 X101.66 Y100.305 E605.05639
;MESH:NONMESH
G0 F600 X101.66 Y100.305 Z7
G0 F9000 X101.66 Y100.665
G0 X101.252 Y100.593
G0 X101.252 Y99.457
G0 X118.748 Y99.457
G0 X118.749 Y100.593
G0 X112.688 Y101.039
G0 X111.999 Y101.506
G0 X111.724 Y101.706
;TIME_ELAPSED:801.679967
;LAYER:56
;TYPE:WALL-INNER
;MESH:belt_holder_screw.stl
G1 F3788.9 X111.973 Y101.578 E605.06302
G1 X112.521 Y101.423 E605.07652
G1 X112.766 Y101.336 E605.08268
G1 X112.731 Y101.23 E605.08533
G1 X112.811 Y101.097 E605.089
G1 X113.045 Y100.897 E605.0963
G1 X113.284 Y100.815 E605.10229
G1 X118.851 Y100.815 E605.23421
G1 X118.85 Y99.235 E605.27166
G1 X101.15 Y99.235 E605.69111
G1 X101.15 Y100.815 E605.72855
G1 X106.644 Y100.815 E605.85875
G1 X106.905 Y100.863 E605.86503
G1 X108.097 Y101.333 E605.8954
G1 X108.342 Y101.494 E605.90235
G1 X108.484 Y101.7 E605.90828
G1 X108.55 Y101.894 E605.91313
G1 X108.538 Y102.381 E605.92468
G1 X108.466 Y102.613 E605.93043
G1 X108.155 Y102.892 E605.94033
G1 X108.463 Y103.172 E605.9502
G1 X108.53 Y103.385 E605.95549
G1 X108.547 Y103.787 E605.96502
G1 X108.468 Y104.115 E605.97302
G1 X108.156 Y104.393 E605.98292
G1 X108.463 Y104.675 E605.9928
G1 X108.529 Y104.883 E605.99797
G1 X108.547 Y105.287 E606.00756
G1 X108.468 Y105.615 E606.01555
G1 X108.156 Y105.893 E606.02545
G1 X108.463 Y106.175 E606.03533
G1 X108.53 Y106.385 E606.04056
G1 X108.547 Y106.807 E606.05057
G1 X108.469 Y107.113 E606.05805
G1 X108.156 Y107.392 E606.06799
G1 X108.468 Y107.671 E606.0779
G1 X108.545 Y108.01 E606.08614
G1 X108.53 Y108.394 E606.09525
G1 X108.462 Y108.607 E606.10055
G1 X108.153 Y108.888 E606.11045
G1 X108.465 Y109.166 E606.12035
G1 X108.545 Y109.51 E606.12872
G1 X108.53 Y109.894 E606.13782
G1 X108.463 Y110.105 E606.14307
G1 X108.159 Y110.388 E606.15291
G1 X108.466 Y110.668 E606.16276
G1 X108.545 Y111.011 E606.1711
G1 X108.531 Y111.346 E606.17905
G1 X108.462 Y111.561 E606.1844
G1 X108.155 Y111.841 E606.19425
G1 X108.462 Y112.121 E606.20409
G1 X108.53 Y112.335 E606.20941
G1 X108.547 Y112.737 E606.21895
G1 X108.468 Y113.065 E606.22694
G1 X108.156 Y113.343 E606.23685
G1 X108.463 Y113.625 E606.24672
G1 X108.529 Y113.833 E606.2519
G1 X108.547 Y114.237 E606.26148
G1 X108.468 Y114.565 E606.26947
G1 X108.156 Y114.843 E606.27938
G1 X108.463 Y115.125 E606.28926
G1 X108.53 Y115.335 E606.29448
G1 X108.547 Y115.757 E606.30449
G1 X108.469 Y116.063 E606.31197
G1 X108.156 Y116.342 E606.32191
G1 X108.468 Y116.621 E606.33183
G1 X108.545 Y116.96 E606.34007
G1 X108.53 Y117.344 E606.34917
G1 X108.462 Y117.557 E606.35447
G1 X108.153 Y117.838 E606.36437
G1 X108.465 Y118.116 E606.37427
G1 X108.545 Y118.46 E606.38264
G1 X108.53 Y118.844 E606.39175
G1 X108.459 Y119.064 E606.39723
G1 X108.16 Y119.338 E606.40684
G1 X108.462 Y119.61 E606.41647
G1 X108.547 Y119.818 E606.42179
G1 X108.537 Y120.256 E606.43218
G1 X108.299 Y120.765 E606.44549
G1 X111.559 Y120.764 E606.52275
G1 X111.456 Y120.489 E606.52971
G1 X111.466 Y120.06 E606.53988
G1 X111.562 Y119.848 E606.54539
G1 X111.836 Y119.612 E606.55396
G1 X111.56 Y119.378 E606.56253
G1 X111.46 Y119.091 E606.56974
G1 X111.466 Y118.641 E606.5804
G1 X111.537 Y118.394 E606.58649
G1 X111.841 Y118.112 E606.59632
G1 X111.534 Y117.832 E606.60617
G1 X111.456 Y117.525 E606.61367
G1 X111.466 Y117.141 E606.62278
G1 X111.537 Y116.894 E606.62887
G1 X111.841 Y116.612 E606.63869
G1 X111.534 Y116.332 E606.64854
G1 X111.456 Y116.025 E606.65605
G1 X111.471 Y115.602 E606.66608
G1 X111.538 Y115.392 E606.6713
G1 X111.845 Y115.11 E606.68118
G1 X111.538 Y114.828 E606.69106
G1 X111.463 Y114.586 E606.69706
G1 X111.459 Y114.199 E606.70623
G1 X111.535 Y113.889 E606.7138
G1 X111.844 Y113.608 E606.72369
G1 X111.537 Y113.326 E606.73357
G1 X111.463 Y113.085 E606.73955
G1 X111.459 Y112.699 E606.74869
G1 X111.535 Y112.391 E606.75621
G1 X111.843 Y112.11 E606.76609
G1 X111.535 Y111.829 E606.77597
G1 X111.459 Y111.526 E606.78338
G1 X111.466 Y111.191 E606.79132
G1 X111.537 Y110.944 E606.79741
G1 X111.842 Y110.662 E606.80725
G1 X111.534 Y110.382 E606.81711
G1 X111.456 Y110.075 E606.82462
G1 X111.466 Y109.691 E606.83372
G1 X111.537 Y109.444 E606.83981
G1 X111.841 Y109.162 E606.84964
G1 X111.534 Y108.882 E606.85949
G1 X111.456 Y108.575 E606.86699
G1 X111.466 Y108.191 E606.8761
G1 X111.537 Y107.944 E606.88219
G1 X111.841 Y107.662 E606.89201
G1 X111.534 Y107.382 E606.90186
G1 X111.456 Y107.075 E606.90937
G1 X111.471 Y106.652 E606.9194
G1 X111.538 Y106.442 E606.92462
G1 X111.845 Y106.16 E606.9345
G1 X111.538 Y105.878 E606.94438
G1 X111.463 Y105.636 E606.95038
G1 X111.459 Y105.249 E606.95955
G1 X111.535 Y104.939 E606.96712
G1 X111.844 Y104.658 E606.97702
G1 X111.537 Y104.376 E606.98689
G1 X111.463 Y104.135 E606.99287
G1 X111.459 Y103.749 E607.00202
G1 X111.535 Y103.441 E607.00953
G1 X111.843 Y103.16 E607.01941
G1 X111.535 Y102.879 E607.0293
G1 X111.458 Y102.683 E607.03429
G1 X111.461 Y102.184 E607.04611
G1 X111.561 Y101.891 E607.05345
G1 X111.724 Y101.706 E607.05929
G1 F1800 E605.05929
G0 F9000 X111.704 Y101.553
G0 X111.511 Y119.614
G0 X111.25 Y120.536
G0 X108.636 Y120.536
G0 X108.469 Y119.336
G0 X108.466 Y107.392
G0 X108.681 Y106.948
G1 F900 E607.05929
G0 F9000 X108.219 Y106.986
;TYPE:WALL-OUTER
G1 F2914.5 X107.986 Y107.193 E607.06609
G1 X107.383 Y107.362 E607.07974
G1 X107.985 Y107.589 E607.09377
G1 X108.218 Y107.798 E607.10059
G1 X108.265 Y108.004 E607.1052
G1 X108.253 Y108.352 E607.11279
G1 X108.212 Y108.481 E607.11574
G1 X107.983 Y108.69 E607.1225
G1 X107.409 Y108.873 E607.13563
G1 X107.985 Y109.089 E607.14905
G1 X108.217 Y109.295 E607.15581
G1 X108.265 Y109.504 E607.16048
G1 X108.253 Y109.852 E607.16808
G1 X108.212 Y109.98 E607.17101
G1 X107.991 Y110.187 E607.17761
G1 X107.424 Y110.367 E607.19058
G1 X107.994 Y110.592 E607.20394
G1 X108.217 Y110.796 E607.21053
G1 X108.265 Y111.004 E607.21518
G1 X108.24 Y111.41 E607.22405
G1 X107.986 Y111.641 E607.23154
G1 X107.423 Y111.819 E607.24441
G1 X107.985 Y112.041 E607.25758
G1 X108.212 Y112.247 E607.26427
G1 X108.253 Y112.377 E607.26724
G1 X108.267 Y112.738 E607.27511
G1 X108.219 Y112.937 E607.27958
G1 X107.989 Y113.142 E607.28629
G1 X107.407 Y113.312 E607.29951
G1 X107.986 Y113.541 E607.31309
G1 X108.213 Y113.749 E607.3198
G1 X108.255 Y113.862 E607.32243
G1 X108.267 Y114.238 E607.33063
G1 X108.219 Y114.437 E607.33509
G1 X107.989 Y114.642 E607.34181
G1 X107.407 Y114.812 E607.35503
G1 X107.986 Y115.041 E607.36861
G1 X108.213 Y115.249 E607.37532
G1 X108.253 Y115.377 E607.37824
G1 X108.267 Y115.75 E607.38638
G1 X108.219 Y115.936 E607.39057
G1 X107.986 Y116.143 E607.39736
G1 X107.383 Y116.312 E607.41102
G1 X107.985 Y116.539 E607.42504
G1 X108.218 Y116.748 E607.43187
G1 X108.265 Y116.954 E607.43647
G1 X108.253 Y117.302 E607.44406
G1 X108.212 Y117.431 E607.44702
G1 X107.983 Y117.64 E607.45378
G1 X107.409 Y117.823 E607.46691
G1 X107.985 Y118.039 E607.48032
G1 X108.217 Y118.245 E607.48709
G1 X108.265 Y118.454 E607.49176
G1 X108.253 Y118.802 E607.49935
G1 X108.21 Y118.936 E607.50242
G1 X107.991 Y119.137 E607.5089
G1 X107.424 Y119.317 E607.52187
G1 X107.994 Y119.542 E607.53523
G1 X108.215 Y119.741 E607.54172
G1 X108.264 Y119.954 E607.54648
G1 X108.257 Y120.249 E607.55291
G1 X108.112 Y120.561 E607.56042
G1 X107.956 Y120.649 E607.56432
G1 X107.652 Y120.743 E607.57126
G1 X108.226 Y121.045 E607.5854
G1 X111.777 Y121.045 E607.66282
G1 X112.025 Y120.915 E607.66892
G1 X111.849 Y120.799 E607.67352
G1 X111.736 Y120.496 E607.68057
G1 X111.745 Y120.118 E607.68881
G1 X111.803 Y119.991 E607.69186
G1 X112.009 Y119.813 E607.69779
G1 X112.576 Y119.633 E607.71076
G1 X112.006 Y119.408 E607.72412
G1 X111.799 Y119.232 E607.73005
G1 X111.738 Y119.058 E607.73407
G1 X111.744 Y118.669 E607.74255
G1 X111.788 Y118.519 E607.74596
G1 X112.009 Y118.313 E607.75254
G1 X112.574 Y118.133 E607.76547
G1 X112.006 Y117.908 E607.77879
G1 X111.783 Y117.704 E607.78538
G1 X111.736 Y117.518 E607.78956
G1 X111.744 Y117.169 E607.79717
G1 X111.788 Y117.019 E607.80058
G1 X112.009 Y116.813 E607.80717
G1 X112.574 Y116.633 E607.8201
G1 X112.006 Y116.408 E607.83342
G1 X111.783 Y116.204 E607.84
G1 X111.736 Y116.018 E607.84419
G1 X111.745 Y115.628 E607.85269
G1 X111.789 Y115.518 E607.85528
G1 X112.012 Y115.312 E607.86189
G1 X112.577 Y115.133 E607.87482
G1 X112.012 Y114.908 E607.88807
G1 X111.788 Y114.702 E607.89471
G1 X111.747 Y114.575 E607.89762
G1 X111.739 Y114.204 E607.90571
G1 X111.785 Y114.016 E607.90993
G1 X112.011 Y113.811 E607.91658
G1 X112.575 Y113.632 E607.92948
G1 X112.012 Y113.407 E607.9427
G1 X111.787 Y113.201 E607.94935
G1 X111.743 Y113.086 E607.95204
G1 X111.739 Y112.704 E607.96037
G1 X111.785 Y112.517 E607.96456
G1 X112.009 Y112.312 E607.97118
G1 X112.596 Y112.141 E607.98451
G1 X112.009 Y111.908 E607.99828
G1 X111.785 Y111.703 E608.0049
G1 X111.743 Y111.573 E608.00788
G1 X111.744 Y111.219 E608.0156
G1 X111.788 Y111.069 E608.01901
G1 X112.008 Y110.864 E608.02556
G1 X112.575 Y110.683 E608.03854
G1 X112.006 Y110.457 E608.05189
G1 X111.783 Y110.254 E608.05846
G1 X111.736 Y110.068 E608.06264
G1 X111.744 Y109.719 E608.07026
G1 X111.788 Y109.569 E608.07366
G1 X112.009 Y109.363 E608.08025
G1 X112.574 Y109.183 E608.09318
G1 X112.006 Y108.958 E608.1065
G1 X111.783 Y108.754 E608.11309
G1 X111.736 Y108.568 E608.11727
G1 X111.744 Y108.219 E608.12488
G1 X111.788 Y108.069 E608.12829
G1 X112.009 Y107.863 E608.13488
G1 X112.574 Y107.683 E608.1478
G1 X112.006 Y107.458 E608.16112
G1 X111.783 Y107.254 E608.16771
G1 X111.736 Y107.068 E608.1719
G1 X111.745 Y106.678 E608.1804
G1 X111.789 Y106.568 E608.18298
G1 X112.012 Y106.362 E608.1896
G1 X112.577 Y106.183 E608.20252
G1 X112.012 Y105.958 E608.21578
G1 X111.788 Y105.752 E608.22242
G1 X111.747 Y105.625 E608.22533
G1 X111.739 Y105.254 E608.23342
G1 X111.785 Y105.066 E608.23764
G1 X112.011 Y104.861 E608.24429
G1 X112.575 Y104.682 E608.25719
G1 X112.012 Y104.457 E608.27041
G1 X111.787 Y104.251 E608.27706
G1 X111.743 Y104.136 E608.27975
G1 X111.739 Y103.754 E608.28807
G1 X111.785 Y103.567 E608.29227
G1 X112.009 Y103.362 E608.29889
G1 X112.596 Y103.191 E608.31222
G1 X112.009 Y102.958 E608.32599
G1 X111.785 Y102.753 E608.33261
G1 X111.739 Y102.637 E608.33533
G1 X111.739 Y102.214 E608.34455
G1 X111.8 Y102.037 E608.34864
G1 X111.899 Y101.925 E608.3519
G1 X112.05 Y101.848 E608.35559
G1 X112.595 Y101.694 E608.36794
G1 X113.047 Y101.533 E608.3784
G1 X112.986 Y101.346 E608.38269
G1 X113.176 Y101.145 E608.38872
G1 X113.32 Y101.095 E608.39204
G1 X119.131 Y101.095 E608.51873
G1 X119.13 Y98.955 E608.56539
G1 X100.87 Y98.955 E608.96349
G1 X100.87 Y101.095 E609.01015
G1 X106.644 Y101.095 E609.13603
G1 X106.802 Y101.124 E609.13954
G1 X107.995 Y101.593 E609.16748
G1 X108.143 Y101.691 E609.17135
G1 X108.268 Y101.934 E609.17731
G1 X108.259 Y102.352 E609.18643
G1 X108.216 Y102.485 E609.18947
G1 X107.987 Y102.69 E609.19618
G1 X107.423 Y102.869 E609.20908
G1 X107.985 Y103.091 E609.22225
G1 X108.212 Y103.298 E609.22895
G1 X108.253 Y103.427 E609.2319
G1 X108.267 Y103.788 E609.23978
G1 X108.219 Y103.987 E609.24424
G1 X107.989 Y104.192 E609.25096
G1 X107.407 Y104.362 E609.26418
G1 X107.986 Y104.591 E609.27775
G1 X108.213 Y104.799 E609.28446
G1 X108.255 Y104.912 E609.28709
G1 X108.267 Y105.288 E609.29529
G1 X108.219 Y105.487 E609.29976
G1 X107.989 Y105.692 E609.30647
G1 X107.407 Y105.862 E609.31969
G1 X107.986 Y106.091 E609.33327
G1 X108.213 Y106.299 E609.33998
G1 X108.253 Y106.427 E609.3429
G1 X108.267 Y106.8 E609.35104
G1 X108.219 Y106.986 E609.35523
G0 F9000 X108.07 Y107.119
G0 X108.656 Y107.045
G0 X108.485 Y107.357
G0 X108.673 Y108.442
G0 X108.91 Y108.492
;TYPE:SKIN
G1 F2623.1 X108.807 Y108.767 E609.35885
G1 X108.695 Y108.885 E609.36085
G1 X108.809 Y109.004 E609.36288
G1 X108.927 Y109.391 E609.36787
G1 X108.912 Y109.905 E609.37421
G1 X108.807 Y110.263 E609.3788
G1 X108.696 Y110.384 E609.38083
G1 X108.81 Y110.506 E609.38288
G1 X108.883 Y110.687 E609.38529
G1 X108.924 Y111 E609.38918
G1 X108.907 Y111.402 E609.39414
G1 X108.809 Y111.713 E609.39816
G1 X108.694 Y111.841 E609.40028
G1 X108.809 Y111.969 E609.4024
G1 X108.904 Y112.266 E609.40624
G1 X108.928 Y112.733 E609.412
G1 X108.89 Y113.025 E609.41563
G1 X108.811 Y113.227 E609.4183
G1 X108.697 Y113.347 E609.42034
G1 X108.809 Y113.467 E609.42236
G1 X108.913 Y113.813 E609.42682
G1 X108.928 Y114.233 E609.432
G1 X108.89 Y114.525 E609.43562
G1 X108.811 Y114.727 E609.4383
G1 X108.697 Y114.847 E609.44034
G1 X108.809 Y114.967 E609.44236
G1 X108.906 Y115.276 E609.44635
G1 X108.929 Y115.764 E609.45237
G1 X108.812 Y116.225 E609.45823
G1 X108.702 Y116.342 E609.46021
G1 X108.812 Y116.459 E609.46219
G1 X108.886 Y116.65 E609.46471
G1 X108.925 Y116.948 E609.46842
G1 X108.91 Y117.442 E609.47451
G1 X108.807 Y117.717 E609.47813
G1 X108.695 Y117.835 E609.48013
G1 X108.809 Y117.954 E609.48216
G1 X108.927 Y118.341 E609.48715
G1 X108.911 Y118.858 E609.49352
G1 X108.802 Y119.228 E609.49828
G1 X108.703 Y119.335 E609.50007
G1 X108.803 Y119.443 E609.50189
G1 X108.88 Y119.625 E609.50432
G1 X108.923 Y119.951 E609.50837
G1 X108.917 Y120.267 E609.51227
G1 X108.875 Y120.384 E609.5138
G1 X111.078 Y120.384 E609.54095
G1 X111.084 Y120.167 E609.54362
G1 X111.14 Y119.858 E609.54749
G1 X111.269 Y119.615 E609.55088
G1 X111.228 Y119.566 E609.55167
G1 X111.074 Y119.101 E609.5577
G1 X111.087 Y118.613 E609.56372
G1 X111.193 Y118.237 E609.56853
G1 X111.304 Y118.116 E609.57056
G1 X111.19 Y117.994 E609.57262
G1 X111.112 Y117.795 E609.57525
G1 X111.076 Y117.537 E609.57846
G1 X111.087 Y117.105 E609.58378
G1 X111.19 Y116.746 E609.58839
G1 X111.304 Y116.616 E609.59052
G1 X111.184 Y116.478 E609.59277
G1 X111.078 Y116.06 E609.59809
G1 X111.089 Y115.577 E609.60404
G1 X111.193 Y115.233 E609.60847
G1 X111.307 Y115.11 E609.61053
G1 X111.193 Y114.987 E609.6126
G1 X111.084 Y114.696 E609.61643
G1 X111.08 Y114.014 E609.62483
G1 X111.19 Y113.728 E609.62861
G1 X111.304 Y113.607 E609.63066
G1 X111.191 Y113.485 E609.63271
G1 X111.084 Y113.195 E609.63652
G1 X111.082 Y112.52 E609.64484
G1 X111.189 Y112.233 E609.64861
G1 X111.303 Y112.11 E609.65068
G1 X111.189 Y111.987 E609.65274
G1 X111.081 Y111.557 E609.65821
G1 X111.087 Y111.157 E609.66314
G1 X111.193 Y110.787 E609.66788
G1 X111.304 Y110.666 E609.6699
G1 X111.19 Y110.544 E609.67196
G1 X111.116 Y110.36 E609.6744
G1 X111.076 Y110.097 E609.67768
G1 X111.087 Y109.663 E609.68303
G1 X111.193 Y109.287 E609.68785
G1 X111.304 Y109.166 E609.68987
G1 X111.19 Y109.044 E609.69193
G1 X111.112 Y108.845 E609.69456
G1 X111.076 Y108.587 E609.69777
G1 X111.087 Y108.155 E609.7031
G1 X111.19 Y107.796 E609.7077
G1 X111.304 Y107.666 E609.70983
G1 X111.184 Y107.528 E609.71208
G1 X111.078 Y107.11 E609.7174
G1 X111.089 Y106.627 E609.72335
G1 X111.193 Y106.283 E609.72778
G1 X111.307 Y106.16 E609.72985
G1 X111.193 Y106.037 E609.73191
G1 X111.084 Y105.746 E609.73574
G1 X111.08 Y105.064 E609.74415
G1 X111.19 Y104.778 E609.74792
G1 X111.304 Y104.657 E609.74997
G1 X111.191 Y104.535 E609.75202
G1 X111.084 Y104.245 E609.75583
G1 X111.082 Y103.57 E609.76415
G1 X111.189 Y103.283 E609.76792
G1 X111.303 Y103.16 E609.76999
G1 X111.189 Y103.037 E609.77205
G1 X111.079 Y102.736 E609.776
G1 X111.085 Y102.123 E609.78356
G1 X111.23 Y101.705 E609.78901
G1 X111.488 Y101.405 E609.79389
G1 X111.847 Y101.221 E609.79886
G1 X112.42 Y101.051 E609.80622
G1 X112.506 Y100.868 E609.80871
G1 X112.859 Y100.562 E609.81447
G1 X113.228 Y100.436 E609.81928
G1 X118.471 Y100.435 E609.88388
G1 X118.47 Y99.615 E609.89399
G1 X101.53 Y99.615 E610.10274
G1 X101.53 Y100.435 E610.11284
G1 X106.666 Y100.437 E610.17613
G1 X107.046 Y100.509 E610.1809
G1 X108.261 Y100.99 E610.197
G1 X108.611 Y101.222 E610.20218
G1 X108.831 Y101.543 E610.20697
G1 X108.93 Y101.836 E610.21078
G1 X108.921 Y102.422 E610.21801
G1 X108.812 Y102.768 E610.22248
G1 X108.696 Y102.894 E610.22459
G1 X108.809 Y103.02 E610.22667
G1 X108.906 Y103.328 E610.23065
G1 X108.928 Y103.783 E610.23627
G1 X108.89 Y104.075 E610.23989
G1 X108.811 Y104.277 E610.24257
G1 X108.697 Y104.397 E610.24461
G1 X108.809 Y104.517 E610.24663
G1 X108.913 Y104.863 E610.25108
G1 X108.928 Y105.283 E610.25626
G1 X108.89 Y105.575 E610.25989
G1 X108.811 Y105.777 E610.26256
G1 X108.697 Y105.897 E610.2646
G1 X108.809 Y106.017 E610.26662
G1 X108.906 Y106.326 E610.27061
G1 X108.929 Y106.814 E610.27664
G1 X108.812 Y107.275 E610.2825
G1 X108.702 Y107.392 E610.28447
G1 X108.812 Y107.509 E610.28645
G1 X108.886 Y107.7 E610.28898
G1 X108.925 Y107.998 E610.29268
G1 X108.91 Y108.492 E610.29877
G0 F9000 X108.673 Y108.442
G0 X108.279 Y106.173
G0 X108.304 Y101.68
G0 X106.809 Y100.644
G0 X101.372 Y100.593
G0 X101.3 Y99.84
G0 X101.66 Y99.84
;TYPE:SKIN
G1 F2914.5 X118.341 Y99.84 E610.50433
G0 F9000 X118.341 Y100.1
G1 F2914.5 X101.66 Y100.1 E610.70989
G0 F9000 X101.3 Y100.1
G0 X101.372 Y100.593
G0 X106.807 Y100.656
G0 X106.95 Y100.36
G1 F2914.5 X113.051 Y100.36 E610.78507
G0 F9000 X112.59 Y100.62
G1 F2914.5 X107.683 Y100.62 E610.84554
G0 F9000 X108.32 Y100.88
G1 F2914.5 X112.357 Y100.88 E610.89529
G0 F9000 X111.719 Y101.14
G1 F2914.5 X108.712 Y101.14 E610.93234
G0 F9000 X108.889 Y101.4
G1 F2914.5 X111.32 Y101.4 E610.9623
G0 F9000 X111.107 Y101.66
G1 F2914.5 X109.007 Y101.66 E610.98818
G0 F9000 X109.058 Y101.92
G1 F2914.5 X111.017 Y101.92 E611.01232
G0 F9000 X110.952 Y102.18
G1 F2914.5 X109.054 Y102.18 E611.0357
G0 F9000 X109.05 Y102.44
G1 F2914.5 X110.952 Y102.44 E611.05914
G0 F9000 X110.952 Y102.7
G1 F2914.5 X108.97 Y102.7 E611.08357
G0 F9000 X108.919 Y102.96
G1 F2914.5 X111.022 Y102.96 E611.10948
G0 F9000 X111.078 Y103.22
G1 F2914.5 X109.007 Y103.22 E611.135
G0 F9000 X109.042 Y103.48
G1 F2914.5 X110.977 Y103.48 E611.15885
G0 F9000 X110.95 Y103.74
G1 F2914.5 X109.055 Y103.74 E611.1822
G0 F9000 X109.029 Y104
G1 F2914.5 X110.952 Y104 E611.2059
G0 F9000 X110.953 Y104.26
G1 F2914.5 X108.948 Y104.26 E611.2306
G0 F9000 X108.945 Y104.52
G1 F2914.5 X111.047 Y104.52 E611.25651
G0 F9000 X111.05 Y104.78
G1 F2914.5 X109.023 Y104.78 E611.28148
G0 F9000 X109.048 Y105.04
G1 F2914.5 X110.953 Y105.04 E611.30496
G0 F9000 X110.954 Y105.3
G1 F2914.5 X109.056 Y105.3 E611.32835
G0 F9000 X109.02 Y105.56
G1 F2914.5 X110.956 Y105.56 E611.35221
G0 F9000 X110.974 Y105.82
G1 F2914.5 X108.919 Y105.82 E611.37753
G0 F9000 X108.964 Y106.08
G1 F2914.5 X111.071 Y106.08 E611.40349
G0 F9000 X111.04 Y106.34
G1 F2914.5 X109.035 Y106.34 E611.4282
G0 F9000 X109.048 Y106.6
G1 F2914.5 X110.96 Y106.6 E611.45176
G0 F9000 X110.95 Y106.86
G1 F2914.5 X109.055 Y106.86 E611.47511
G0 F9000 X108.987 Y107.12
G1 F2914.5 X110.947 Y107.12 E611.49927
G0 F9000 X111.014 Y107.38
G1 F2914.5 X108.894 Y107.38 E611.52539
G0 F9000 X108.999 Y107.64
G1 F2914.5 X111.104 Y107.64 E611.55133
G0 F9000 X111.025 Y107.9
G1 F2914.5 X109.043 Y107.9 E611.57575
G0 F9000 X109.049 Y108.16
G1 F2914.5 X110.957 Y108.16 E611.59927
G0 F9000 X110.95 Y108.42
G1 F2914.5 X109.042 Y108.42 E611.62278
G0 F9000 X108.98 Y108.68
G1 F2914.5 X110.959 Y108.68 E611.64717
G0 F9000 X111.017 Y108.94
G1 F2914.5 X108.918 Y108.94 E611.67303
G0 F9000 X109.005 Y109.2
G1 F2914.5 X111.098 Y109.2 E611.69882
G0 F9000 X111.007 Y109.46
G1 F2914.5 X109.057 Y109.46 E611.72285
G0 F9000 X109.048 Y109.72
G1 F2914.5 X110.958 Y109.72 E611.74639
G0 F9000 X110.951 Y109.98
G1 F2914.5 X109.024 Y109.98 E611.77014
G0 F9000 X108.949 Y110.24
G1 F2914.5 X110.967 Y110.24 E611.795
G0 F9000 X111.04 Y110.5
G1 F2914.5 X108.936 Y110.5 E611.82093
G0 F9000 X109.021 Y110.76
G1 F2914.5 X111.065 Y110.76 E611.84612
G0 F9000 X110.992 Y111.02
G1 F2914.5 X109.053 Y111.02 E611.87001
G0 F9000 X109.043 Y111.28
G1 F2914.5 X110.955 Y111.28 E611.89357
G0 F9000 X110.953 Y111.54
G1 F2914.5 X108.999 Y111.54 E611.91765
G0 F9000 X108.903 Y111.8
G1 F2914.5 X111.009 Y111.8 E611.94361
G0 F9000 X111.086 Y112.06
G1 F2914.5 X108.973 Y112.06 E611.96964
G0 F9000 X109.037 Y112.32
G1 F2914.5 X111.018 Y112.32 E611.99406
G0 F9000 X110.949 Y112.58
G1 F2914.5 X109.05 Y112.58 E612.01746
G0 F9000 X109.044 Y112.84
G1 F2914.5 X110.951 Y112.84 E612.04096
G0 F9000 X110.953 Y113.1
G1 F2914.5 X109.002 Y113.1 E612.065
G0 F9000 X108.889 Y113.36
G1 F2914.5 X111.006 Y113.36 E612.09109
G0 F9000 X111.111 Y113.62
G1 F2914.5 X108.99 Y113.62 E612.11722
G0 F9000 X109.044 Y113.88
G1 F2914.5 X110.993 Y113.88 E612.14124
G0 F9000 X110.954 Y114.14
G1 F2914.5 X109.054 Y114.14 E612.16465
G0 F9000 X109.035 Y114.4
G1 F2914.5 X110.955 Y114.4 E612.18831
G0 F9000 X110.957 Y114.66
G1 F2914.5 X108.972 Y114.66 E612.21277
G0 F9000 X108.93 Y114.92
G1 F2914.5 X111.03 Y114.92 E612.23865
G0 F9000 X111.076 Y115.18
G1 F2914.5 X109.01 Y115.18 E612.26411
G0 F9000 X109.042 Y115.44
G1 F2914.5 X110.994 Y115.44 E612.28817
G0 F9000 X110.952 Y115.7
G1 F2914.5 X109.055 Y115.7 E612.31154
G0 F9000 X109.016 Y115.96
G1 F2914.5 X110.947 Y115.96 E612.33534
G0 F9000 X110.986 Y116.22
G1 F2914.5 X108.947 Y116.22 E612.36046
G0 F9000 X108.948 Y116.48
G1 F2914.5 X111.052 Y116.48 E612.38639
G0 F9000 X111.056 Y116.74
G1 F2914.5 X109.028 Y116.74 E612.41138
G0 F9000 X109.053 Y117
G1 F2914.5 X110.983 Y117 E612.43516
G0 F9000 X110.953 Y117.26
G1 F2914.5 X109.045 Y117.26 E612.45868
G0 F9000 X109.023 Y117.52
G1 F2914.5 X110.946 Y117.52 E612.48237
G0 F9000 X110.979 Y117.78
G1 F2914.5 X108.922 Y117.78 E612.50772
G0 F9000 X108.97 Y118.04
G1 F2914.5 X111.085 Y118.04 E612.53378
G0 F9000 X111.039 Y118.3
G1 F2914.5 X109.051 Y118.3 E612.55828
G0 F9000 X109.051 Y118.56
G1 F2914.5 X110.964 Y118.56 E612.58186
G0 F9000 X110.953 Y118.82
G1 F2914.5 X109.042 Y118.82 E612.60541
G0 F9000 X108.98 Y119.08
G1 F2914.5 X110.943 Y119.08 E612.6296
G0 F9000 X111.013 Y119.34
G1 F2914.5 X108.883 Y119.34 E612.65584
G0 F9000 X109.004 Y119.6
G1 F2914.5 X111.102 Y119.6 E612.6817
G0 F9000 X111.008 Y119.86
G1 F2914.5 X109.04 Y119.86 E612.70595
G0 F9000 X109.049 Y120.12
G1 F2914.5 X110.959 Y120.12 E612.72948
;TIME_ELAPSED:822.775935
G1 F1800 E610.72948
M140 S0
M205 X10 Y10
M107
G91 ;Relative positioning
G1 E-2 F2700 ;Retract a bit
G1 E-2 Z0.2 F2400 ;Retract and raise Z
G1 X5 Y5 F3000 ;Wipe out
G1 Z10 ;Raise Z more
G90 ;Absolute positioning

G28 X0 Y0 ;Present print
M106 S0 ;Turn-off fan
M104 S0 ;Turn-off hotend
M140 S0 ;Turn-off bed

;*** Message and End Tones
M117 Print Completed
M300 S440 P200 ; Make Print Completed Tones
M300 S660 P250
M300 S880 P300
;*** End Message and End Tones

M84 X Y E ;Disable all steppers but Z
M82 ;absolute extrusion mode
M104 S0
;End of Gcode
;SETTING_3 {"global_quality": "[general]\\nversion = 4\\nname = FFV5.1_EF(.12)\\
;SETTING_3 ndefinition = creality_ender5\\n\\n[metadata]\\ntype = quality_change
;SETTING_3 s\\nquality_type = standard\\nsetting_version = 20\\n\\n[values]\\nac
;SETTING_3 celeration_enabled = True\\njerk_enabled = True\\nlayer_height = 0.12
;SETTING_3 \\nlayer_height_0 = 0.28\\nmaterial_bed_temperature = 50\\nmaterial_b
;SETTING_3 ed_temperature_layer_0 = 60\\n\\n", "extruder_quality": ["[general]\\
;SETTING_3 nversion = 4\\nname = FFV5.1_EF(.12)\\ndefinition = creality_ender5\\
;SETTING_3 n\\n[metadata]\\ntype = quality_changes\\nquality_type = standard\\ni
;SETTING_3 ntent_category = default\\nposition = 0\\nsetting_version = 20\\n\\n[
;SETTING_3 values]\\nacceleration_print = 500.0\\nacceleration_roofing = 500.0\\
;SETTING_3 nacceleration_topbottom = 500.0\\nacceleration_travel = 500.0\\naccel
;SETTING_3 eration_wall = 500.0\\nbottom_layers = 3\\ncoasting_enable = False\\n
;SETTING_3 fill_outline_gaps = True\\ninfill_line_distance = =0 if infill_sparse
;SETTING_3 _density == 0 else (infill_line_width * 100) / infill_sparse_density 
;SETTING_3 * (2 if infill_pattern == 'grid' else (3 if infill_pattern == 'triang
;SETTING_3 les' or infill_pattern == 'trihexagon' or infill_pattern == 'cubic' o
;SETTING_3 r infill_pattern == 'cubicsubdiv' else (2 if infill_pattern == 'tetra
;SETTING_3 hedral' or infill_pattern == 'quarter_cubic' else (1 if infill_patter
;SETTING_3 n == 'cross' or infill_pattern == 'cross_3d' else 1))))\\ninfill_line
;SETTING_3 _width = 0.58\\ninfill_overlap = 0\\ninfill_pattern = ='zigzag' if in
;SETTING_3 fill_sparse_density > 89 else 'lines' if infill_sparse_density > 31 e
;SETTING_3 lse 'cubic'\\ninfill_sparse_density = 100\\ninfill_sparse_thickness =
;SETTING_3  0.3\\ninitial_layer_line_width_factor = 100.0\\ninset_direction = in
;SETTING_3 side_out\\njerk_layer_0 = 8\\njerk_print = 20\\njerk_travel_layer_0 =
;SETTING_3  5\\nline_width = 0.46\\nmaterial_flow = 95\\nmaterial_flow_layer_0 =
;SETTING_3  95\\nmaterial_print_temperature = 210\\nretraction_amount = 2\\nretr
;SETTING_3 action_extrusion_window = 10\\nretraction_prime_speed = 15\\nretracti
;SETTING_3 on_retract_speed = 30\\nroofing_layer_count = 2\\nskin_angles = [ 90,
;SETTING_3 0]\\nskin_line_width = 0.26\\nskin_monotonic = True\\nskin_overlap = 
;SETTING_3 30.0\\nskirt_brim_speed = 25.0\\nskirt_line_count = 1\\nspeed_layer_0
;SETTING_3  = 25\\nspeed_print = 60.0\\nspeed_roofing = 50\\nspeed_topbottom = 4
;SETTING_3 5\\nspeed_travel_layer_0 = 125.0\\nspeed_wall_0 = 50\\nspeed_wall_x =
;SETTING_3  65\\nspeed_z_hop = 10\\ntop_bottom_pattern = lines\\ntop_bottom_thic
;SETTING_3 kness = =layer_height_0+layer_height*3\\ntop_layers = 3\\nwall_0_inse
;SETTING_3 t = 0.2\\nwall_0_material_flow = 95\\nwall_0_wipe_dist = 0.2\\nwall_l
;SETTING_3 ine_count = 2\\nwall_line_width_x = 0.5\\nwall_thickness = =line_widt
;SETTING_3 h*2\\nxy_offset_layer_0 = -0.2\\nz_seam_corner = z_seam_corner_weight
;SETTING_3 ed\\nz_seam_type = sharpest_corner\\n\\n"]}
