solid OpenSCAD_Model
  facet normal -0.499998 0 -0.866026
    outer loop
      vertex 2.17476 5.1 0.922324
      vertex 2.94465 117.3 0.47783
      vertex 2.94465 5.1 0.47783
    endloop
  endfacet
  facet normal -0.499998 0 -0.866026
    outer loop
      vertex 2.94465 117.3 0.47783
      vertex 2.17476 5.1 0.922324
      vertex 2.17476 117.3 0.922324
    endloop
  endfacet
  facet normal 0.622248 -0.166765 -0.764851
    outer loop
      vertex 52.8515 4.47378 1.49376
      vertex 52.0488 4.09951 0.922324
      vertex 52.1808 4.59204 0.922324
    endloop
  endfacet
  facet normal -0.981171 0.0858642 -0.173006
    outer loop
      vertex 0.173778 117.3 3.78002
      vertex 0.0194063 117.3 4.65551
      vertex 0.0965919 118.182 4.65551
    endloop
  endfacet
  facet normal 0.324259 -0.695365 -0.641345
    outer loop
      vertex 51.3888 1.48203 2.17476
      vertex 50.5334 1.71124 1.49376
      vertex 51.1031 1.9769 1.49376
    endloop
  endfacet
  facet normal 0.95139 0.254741 -0.173101
    outer loop
      vertex 54.3034 118.182 4.65551
      vertex 53.9291 118.985 3.78002
      vertex 54.0742 119.038 4.65551
    endloop
  endfacet
  facet normal -0.710076 -0.497208 -0.498575
    outer loop
      vertex 1.55921 2.12893 2.94465
      vertex 1.09708 2.78891 2.94465
      vertex 1.48203 3.01116 2.17476
    endloop
  endfacet
  facet normal -0.64178 -0.0561411 -0.764831
    outer loop
      vertex 1.54854 4.47378 1.49376
      vertex 1.49376 5.1 1.49376
      vertex 2.17476 5.1 0.922324
    endloop
  endfacet
  facet normal 0 1 -0
    outer loop
      vertex 49.3 122.381 4.65551
      vertex 5.1 122.381 36.8
      vertex 49.3 122.381 36.8
    endloop
  endfacet
  facet normal 0 1 0
    outer loop
      vertex 5.1 122.381 36.8
      vertex 49.3 122.381 4.65551
      vertex 5.1 122.381 4.65551
    endloop
  endfacet
  facet normal 1 -0 0
    outer loop
      vertex 54.3806 5.1 36.8
      vertex 54.3806 117.3 4.65551
      vertex 54.3806 117.3 36.8
    endloop
  endfacet
  facet normal 1 0 0
    outer loop
      vertex 54.3806 117.3 4.65551
      vertex 54.3806 5.1 36.8
      vertex 54.3806 5.1 4.65551
    endloop
  endfacet
  facet normal 0 -0.866026 -0.499998
    outer loop
      vertex 5.1 0.922324 2.17476
      vertex 49.3 0.47783 2.94465
      vertex 5.1 0.47783 2.94465
    endloop
  endfacet
  facet normal 0 -0.866026 -0.499998
    outer loop
      vertex 49.3 0.47783 2.94465
      vertex 5.1 0.922324 2.17476
      vertex 49.3 0.922324 2.17476
    endloop
  endfacet
  facet normal -0.766039 0 -0.642794
    outer loop
      vertex 1.49376 5.1 1.49376
      vertex 0.922324 117.3 2.17476
      vertex 1.49376 117.3 1.49376
    endloop
  endfacet
  facet normal -0.766039 -0 -0.642794
    outer loop
      vertex 0.922324 117.3 2.17476
      vertex 1.49376 5.1 1.49376
      vertex 0.922324 5.1 2.17476
    endloop
  endfacet
  facet normal -0.936532 -0.0819359 -0.340872
    outer loop
      vertex 0.548051 4.29737 2.94465
      vertex 0.173778 5.1 3.78002
      vertex 0.47783 5.1 2.94465
    endloop
  endfacet
  facet normal 0.984802 0 -0.173678
    outer loop
      vertex 54.3806 5.1 4.65551
      vertex 54.2262 117.3 3.78002
      vertex 54.3806 117.3 4.65551
    endloop
  endfacet
  facet normal 0.984802 0 -0.173678
    outer loop
      vertex 54.2262 117.3 3.78002
      vertex 54.3806 5.1 4.65551
      vertex 54.2262 5.1 3.78002
    endloop
  endfacet
  facet normal 0 -0.984808 -0.173647
    outer loop
      vertex 5.1 0.173778 3.78002
      vertex 49.3 0.0194063 4.65551
      vertex 5.1 0.0194063 4.65551
    endloop
  endfacet
  facet normal 0 -0.984808 -0.173647
    outer loop
      vertex 49.3 0.0194063 4.65551
      vertex 5.1 0.173778 3.78002
      vertex 49.3 0.173778 3.78002
    endloop
  endfacet
  facet normal -0.24304 0.908051 -0.341138
    outer loop
      vertex 3.51912 121.643 2.94465
      vertex 3.41513 121.929 3.78002
      vertex 4.24457 122.151 3.78002
    endloop
  endfacet
  facet normal -0.198583 -0.741103 -0.641351
    outer loop
      vertex 4.37455 0.985792 2.17476
      vertex 3.86659 1.71124 1.49376
      vertex 4.47378 1.54854 1.49376
    endloop
  endfacet
  facet normal -0.0556294 0.642217 -0.764502
    outer loop
      vertex 4.59204 120.181 0.922324
      vertex 4.47378 120.851 1.49376
      vertex 5.1 120.225 0.922324
    endloop
  endfacet
  facet normal 0.892484 0.41653 -0.173132
    outer loop
      vertex 53.9291 118.985 3.78002
      vertex 53.6999 119.84 4.65551
      vertex 54.0742 119.038 4.65551
    endloop
  endfacet
  facet normal -0.892529 0.416521 -0.172924
    outer loop
      vertex 0.833766 119.763 3.78002
      vertex 0.325804 119.038 4.65551
      vertex 0.700077 119.84 4.65551
    endloop
  endfacet
  facet normal 0.707062 -0.707152 0
    outer loop
      vertex 52.5657 1.20804 36.8
      vertex 53.192 1.83426 4.65551
      vertex 53.192 1.83426 36.8
    endloop
  endfacet
  facet normal 0.707062 -0.707152 0
    outer loop
      vertex 53.192 1.83426 4.65551
      vertex 52.5657 1.20804 36.8
      vertex 52.5657 1.20804 4.65551
    endloop
  endfacet
  facet normal -0.564926 -0.806801 -0.173002
    outer loop
      vertex 2.63689 0.833766 3.78002
      vertex 1.83426 1.20804 4.65551
      vertex 1.93349 1.32629 3.78002
    endloop
  endfacet
  facet normal 0.224341 -0.837315 -0.498573
    outer loop
      vertex 50.1026 0.548051 2.94465
      vertex 50.0254 0.985792 2.17476
      vertex 50.8809 0.75658 2.94465
    endloop
  endfacet
  facet normal -0.965926 -0.258819 0
    outer loop
      vertex 0.325804 3.36233 4.65551
      vertex 0.0965919 4.21776 36.8
      vertex 0.0965919 4.21776 4.65551
    endloop
  endfacet
  facet normal -0.965926 -0.258819 0
    outer loop
      vertex 0.0965919 4.21776 36.8
      vertex 0.325804 3.36233 4.65551
      vertex 0.325804 3.36233 36.8
    endloop
  endfacet
  facet normal 0.085844 -0.981173 -0.173005
    outer loop
      vertex 50.1822 0.0965919 4.65551
      vertex 49.3 0.173778 3.78002
      vertex 50.1554 0.248618 3.78002
    endloop
  endfacet
  facet normal -0.0858411 -0.981173 -0.173006
    outer loop
      vertex 5.1 0.0194063 4.65551
      vertex 4.21776 0.0965919 4.65551
      vertex 5.1 0.173778 3.78002
    endloop
  endfacet
  facet normal -0.33148 -0.0888172 -0.939272
    outer loop
      vertex 3.85963 4.64854 0.173778
      vertex 3.07463 4.36283 0.47783
      vertex 3.80008 4.87079 0.173778
    endloop
  endfacet
  facet normal -0.397306 -0.852031 -0.340867
    outer loop
      vertex 3.51912 0.75658 2.94465
      vertex 2.63689 0.833766 3.78002
      vertex 2.78891 1.09708 2.94465
    endloop
  endfacet
  facet normal 0.082114 0.936537 -0.340816
    outer loop
      vertex 50.1554 122.151 3.78002
      vertex 49.3 121.922 2.94465
      vertex 49.3 122.226 3.78002
    endloop
  endfacet
  facet normal -0.342022 0 -0.939692
    outer loop
      vertex 2.94465 5.1 0.47783
      vertex 3.78002 117.3 0.173778
      vertex 3.78002 5.1 0.173778
    endloop
  endfacet
  facet normal -0.342022 0 -0.939692
    outer loop
      vertex 3.78002 117.3 0.173778
      vertex 2.94465 5.1 0.47783
      vertex 2.94465 117.3 0.47783
    endloop
  endfacet
  facet normal 0.939711 0 -0.341971
    outer loop
      vertex 54.2262 5.1 3.78002
      vertex 53.9222 117.3 2.94465
      vertex 54.2262 117.3 3.78002
    endloop
  endfacet
  facet normal 0.939711 0 -0.341971
    outer loop
      vertex 53.9222 117.3 2.94465
      vertex 54.2262 5.1 3.78002
      vertex 53.9222 5.1 2.94465
    endloop
  endfacet
  facet normal 0 0.765727 -0.643166
    outer loop
      vertex 49.3 120.906 1.49376
      vertex 5.1 121.478 2.17476
      vertex 49.3 121.478 2.17476
    endloop
  endfacet
  facet normal 0 0.765727 -0.643166
    outer loop
      vertex 5.1 121.478 2.17476
      vertex 49.3 120.906 1.49376
      vertex 5.1 120.906 1.49376
    endloop
  endfacet
  facet normal 0.527729 -0.369563 -0.764804
    outer loop
      vertex 52.0625 2.78195 1.49376
      vertex 51.5409 3.21969 0.922324
      vertex 52.4231 3.29688 1.49376
    endloop
  endfacet
  facet normal 0.0454427 0.168365 -0.984677
    outer loop
      vertex 49.7515 118.54 0.173778
      vertex 49.452 117.718 0.0194063
      vertex 49.5292 118.6 0.173778
    endloop
  endfacet
  facet normal 0.0880718 0.996114 -0
    outer loop
      vertex 50.1822 122.303 4.65551
      vertex 49.3 122.381 36.8
      vertex 50.1822 122.303 36.8
    endloop
  endfacet
  facet normal 0.0880718 0.996114 0
    outer loop
      vertex 49.3 122.381 36.8
      vertex 50.1822 122.303 4.65551
      vertex 49.3 122.381 4.65551
    endloop
  endfacet
  facet normal -0.984808 0 -0.173647
    outer loop
      vertex 0.173778 5.1 3.78002
      vertex 0.0194063 117.3 4.65551
      vertex 0.173778 117.3 3.78002
    endloop
  endfacet
  facet normal -0.984808 -0 -0.173647
    outer loop
      vertex 0.0194063 117.3 4.65551
      vertex 0.173778 5.1 3.78002
      vertex 0.0194063 5.1 4.65551
    endloop
  endfacet
  facet normal -0.996193 0.0871788 0
    outer loop
      vertex 0.0194063 117.3 4.65551
      vertex 0.0965919 118.182 36.8
      vertex 0.0965919 118.182 4.65551
    endloop
  endfacet
  facet normal -0.996193 0.0871788 0
    outer loop
      vertex 0.0965919 118.182 36.8
      vertex 0.0194063 117.3 4.65551
      vertex 0.0194063 117.3 36.8
    endloop
  endfacet
  facet normal -1 0 0
    outer loop
      vertex 0.0194063 5.1 4.65551
      vertex 0.0194063 117.3 36.8
      vertex 0.0194063 117.3 4.65551
    endloop
  endfacet
  facet normal -1 -0 0
    outer loop
      vertex 0.0194063 117.3 36.8
      vertex 0.0194063 5.1 4.65551
      vertex 0.0194063 5.1 36.8
    endloop
  endfacet
  facet normal -0.83731 -0.22436 -0.498572
    outer loop
      vertex 1.17427 3.67115 2.17476
      vertex 0.75658 3.51912 2.94465
      vertex 0.985792 4.37455 2.17476
    endloop
  endfacet
  facet normal 0.081939 -0.936532 -0.340872
    outer loop
      vertex 50.1026 0.548051 2.94465
      vertex 49.3 0.173778 3.78002
      vertex 49.3 0.47783 2.94465
    endloop
  endfacet
  facet normal -0.863551 -0.0755502 -0.498569
    outer loop
      vertex 0.985792 4.37455 2.17476
      vertex 0.47783 5.1 2.94465
      vertex 0.922324 5.1 2.17476
    endloop
  endfacet
  facet normal 0.369537 -0.52772 -0.764823
    outer loop
      vertex 51.618 2.33746 1.49376
      vertex 51.1031 1.9769 1.49376
      vertex 51.1803 2.85914 0.922324
    endloop
  endfacet
  facet normal 0.996193 -0.0871714 0
    outer loop
      vertex 54.3034 4.21776 36.8
      vertex 54.3806 5.1 4.65551
      vertex 54.3806 5.1 36.8
    endloop
  endfacet
  facet normal 0.996193 -0.0871714 0
    outer loop
      vertex 54.3806 5.1 4.65551
      vertex 54.3034 4.21776 36.8
      vertex 54.3034 4.21776 4.65551
    endloop
  endfacet
  facet normal -0.770093 -0.539223 -0.340874
    outer loop
      vertex 1.32629 1.93349 3.78002
      vertex 0.833766 2.63689 3.78002
      vertex 1.55921 2.12893 2.94465
    endloop
  endfacet
  facet normal 0.0671033 0.764001 -0.641716
    outer loop
      vertex 49.9262 120.851 1.49376
      vertex 49.3 120.906 1.49376
      vertex 49.3 121.478 2.17476
    endloop
  endfacet
  facet normal -0.0880678 0.996114 0
    outer loop
      vertex 5.1 122.381 4.65551
      vertex 4.21776 122.303 36.8
      vertex 5.1 122.381 36.8
    endloop
  endfacet
  facet normal -0.0880678 0.996114 0
    outer loop
      vertex 4.21776 122.303 36.8
      vertex 5.1 122.381 4.65551
      vertex 4.21776 122.303 4.65551
    endloop
  endfacet
  facet normal -0.695361 -0.324254 -0.641352
    outer loop
      vertex 1.48203 3.01116 2.17476
      vertex 1.17427 3.67115 2.17476
      vertex 1.71124 3.86659 1.49376
    endloop
  endfacet
  facet normal 0.497083 0.710118 -0.498639
    outer loop
      vertex 52.2711 120.841 2.94465
      vertex 51.3888 120.918 2.17476
      vertex 51.6111 121.303 2.94465
    endloop
  endfacet
  facet normal 0.0299029 -0.341865 -0.939273
    outer loop
      vertex 49.6743 2.97739 0.47783
      vertex 49.3 2.94465 0.47783
      vertex 49.5292 3.80008 0.173778
    endloop
  endfacet
  facet normal 0.766004 0 -0.642836
    outer loop
      vertex 53.4777 5.1 2.17476
      vertex 52.9062 117.3 1.49376
      vertex 53.4777 117.3 2.17476
    endloop
  endfacet
  facet normal 0.766004 0 -0.642836
    outer loop
      vertex 52.9062 117.3 1.49376
      vertex 53.4777 5.1 2.17476
      vertex 52.9062 5.1 1.49376
    endloop
  endfacet
  facet normal 0.454628 0.211603 -0.865181
    outer loop
      vertex 52.0488 118.3 0.922324
      vertex 51.1666 118.378 0.47783
      vertex 51.8333 118.763 0.922324
    endloop
  endfacet
  facet normal 0.0736839 -0.157942 -0.984695
    outer loop
      vertex 49.96 3.95687 0.173778
      vertex 49.452 4.68231 0.0194063
      vertex 49.5222 4.71506 0.0194063
    endloop
  endfacet
  facet normal -0.224355 -0.837314 -0.498568
    outer loop
      vertex 4.29737 0.548051 2.94465
      vertex 3.51912 0.75658 2.94465
      vertex 4.37455 0.985792 2.17476
    endloop
  endfacet
  facet normal 0.166874 0.622617 -0.764527
    outer loop
      vertex 50.3005 120.049 0.922324
      vertex 49.808 120.181 0.922324
      vertex 49.9262 120.851 1.49376
    endloop
  endfacet
  facet normal -0.142707 0.100176 -0.984682
    outer loop
      vertex 4.7595 117.586 0.0194063
      vertex 3.95687 117.96 0.173778
      vertex 4.08884 118.148 0.173778
    endloop
  endfacet
  facet normal -0.123575 0.12308 -0.984673
    outer loop
      vertex 4.7595 117.586 0.0194063
      vertex 4.25153 118.311 0.173778
      vertex 4.81428 117.641 0.0194063
    endloop
  endfacet
  facet normal -0.981173 -0.0858411 -0.173006
    outer loop
      vertex 0.0965919 4.21776 4.65551
      vertex 0.0194063 5.1 4.65551
      vertex 0.173778 5.1 3.78002
    endloop
  endfacet
  facet normal -0.866026 0 -0.499998
    outer loop
      vertex 0.922324 5.1 2.17476
      vertex 0.47783 117.3 2.94465
      vertex 0.922324 117.3 2.17476
    endloop
  endfacet
  facet normal -0.866026 -0 -0.499998
    outer loop
      vertex 0.47783 117.3 2.94465
      vertex 0.922324 5.1 2.17476
      vertex 0.47783 5.1 2.94465
    endloop
  endfacet
  facet normal -0.837314 -0.224355 -0.498568
    outer loop
      vertex 0.75658 3.51912 2.94465
      vertex 0.548051 4.29737 2.94465
      vertex 0.985792 4.37455 2.17476
    endloop
  endfacet
  facet normal 0.664765 -0.664765 -0.340845
    outer loop
      vertex 52.4665 1.32629 3.78002
      vertex 52.2711 1.55921 2.94465
      vertex 53.0737 1.93349 3.78002
    endloop
  endfacet
  facet normal 0.0755537 -0.86355 -0.49857
    outer loop
      vertex 50.1026 0.548051 2.94465
      vertex 49.3 0.47783 2.94465
      vertex 50.0254 0.985792 2.17476
    endloop
  endfacet
  facet normal -0.157963 -0.0736599 -0.984694
    outer loop
      vertex 3.95687 4.44001 0.173778
      vertex 3.85963 4.64854 0.173778
      vertex 4.68231 4.94797 0.0194063
    endloop
  endfacet
  facet normal 0 -0.766039 -0.642794
    outer loop
      vertex 5.1 1.49376 1.49376
      vertex 49.3 0.922324 2.17476
      vertex 5.1 0.922324 2.17476
    endloop
  endfacet
  facet normal 0 -0.766039 -0.642794
    outer loop
      vertex 49.3 0.922324 2.17476
      vertex 5.1 1.49376 1.49376
      vertex 49.3 1.49376 1.49376
    endloop
  endfacet
  facet normal 0.0755554 -0.863551 -0.498569
    outer loop
      vertex 50.0254 0.985792 2.17476
      vertex 49.3 0.47783 2.94465
      vertex 49.3 0.922324 2.17476
    endloop
  endfacet
  facet normal -0.0436965 -0.499521 -0.865199
    outer loop
      vertex 5.1 2.17476 0.922324
      vertex 4.72573 2.97739 0.47783
      vertex 5.1 2.94465 0.47783
    endloop
  endfacet
  facet normal -0.440067 -0.628493 -0.641356
    outer loop
      vertex 3.01116 1.48203 2.17476
      vertex 2.41464 1.89971 2.17476
      vertex 2.78195 2.33746 1.49376
    endloop
  endfacet
  facet normal -0.696444 -0.696444 -0.173003
    outer loop
      vertex 1.93349 1.32629 3.78002
      vertex 1.20804 1.83426 4.65551
      vertex 1.32629 1.93349 3.78002
    endloop
  endfacet
  facet normal -0.696444 -0.696444 -0.173003
    outer loop
      vertex 1.20804 1.83426 4.65551
      vertex 1.93349 1.32629 3.78002
      vertex 1.83426 1.20804 4.65551
    endloop
  endfacet
  facet normal 0.852036 -0.397308 -0.340855
    outer loop
      vertex 53.5662 2.63689 3.78002
      vertex 53.3029 2.78891 2.94465
      vertex 53.6434 3.51912 2.94465
    endloop
  endfacet
  facet normal 0.95135 -0.254973 -0.172979
    outer loop
      vertex 54.3034 4.21776 4.65551
      vertex 53.9291 3.41513 3.78002
      vertex 54.1514 4.24457 3.78002
    endloop
  endfacet
  facet normal 0.254898 -0.951366 -0.173004
    outer loop
      vertex 50.1822 0.0965919 4.65551
      vertex 50.1554 0.248618 3.78002
      vertex 50.9849 0.470865 3.78002
    endloop
  endfacet
  facet normal -0.243318 -0.908077 -0.340871
    outer loop
      vertex 4.24457 0.248618 3.78002
      vertex 3.41513 0.470865 3.78002
      vertex 3.51912 0.75658 2.94465
    endloop
  endfacet
  facet normal -0.085841 -0.981173 -0.173006
    outer loop
      vertex 5.1 0.173778 3.78002
      vertex 4.21776 0.0965919 4.65551
      vertex 4.24457 0.248618 3.78002
    endloop
  endfacet
  facet normal -0.254915 -0.95136 -0.173007
    outer loop
      vertex 4.21776 0.0965919 4.65551
      vertex 3.41513 0.470865 3.78002
      vertex 4.24457 0.248618 3.78002
    endloop
  endfacet
  facet normal -0.173624 0.0152203 -0.984694
    outer loop
      vertex 4.65551 117.3 0.0194063
      vertex 3.80008 117.529 0.173778
      vertex 4.66226 117.377 0.0194063
    endloop
  endfacet
  facet normal 0.168367 0.0451255 -0.984691
    outer loop
      vertex 50.5999 117.529 0.173778
      vertex 49.7177 117.452 0.0194063
      vertex 50.5404 117.751 0.173778
    endloop
  endfacet
  facet normal 0.397375 0.851894 -0.341129
    outer loop
      vertex 51.7631 121.566 3.78002
      vertex 50.8809 121.643 2.94465
      vertex 50.9849 121.929 3.78002
    endloop
  endfacet
  facet normal 0.422378 0.90642 -0
    outer loop
      vertex 51.8403 121.7 4.65551
      vertex 51.0377 122.074 36.8
      vertex 51.8403 121.7 36.8
    endloop
  endfacet
  facet normal 0.422378 0.90642 0
    outer loop
      vertex 51.0377 122.074 36.8
      vertex 51.8403 121.7 4.65551
      vertex 51.0377 122.074 4.65551
    endloop
  endfacet
  facet normal 0.497157 -0.710123 -0.498558
    outer loop
      vertex 52.2711 1.55921 2.94465
      vertex 51.3888 1.48203 2.17476
      vertex 51.9854 1.89971 2.17476
    endloop
  endfacet
  facet normal 0.981182 -0.0857959 -0.172977
    outer loop
      vertex 54.3034 4.21776 4.65551
      vertex 54.1514 4.24457 3.78002
      vertex 54.2262 5.1 3.78002
    endloop
  endfacet
  facet normal 0.981164 0.0858797 -0.173037
    outer loop
      vertex 54.3806 117.3 4.65551
      vertex 54.2262 117.3 3.78002
      vertex 54.3034 118.182 4.65551
    endloop
  endfacet
  facet normal 0.906296 -0.422644 0
    outer loop
      vertex 53.6999 2.5597 36.8
      vertex 54.0742 3.36233 4.65551
      vertex 54.0742 3.36233 36.8
    endloop
  endfacet
  facet normal 0.906296 -0.422644 0
    outer loop
      vertex 54.0742 3.36233 4.65551
      vertex 53.6999 2.5597 36.8
      vertex 53.6999 2.5597 4.65551
    endloop
  endfacet
  facet normal 0.366343 -0.785619 -0.498593
    outer loop
      vertex 51.6111 1.09708 2.94465
      vertex 50.8809 0.75658 2.94465
      vertex 51.3888 1.48203 2.17476
    endloop
  endfacet
  facet normal 0.641783 -0.0560594 -0.764835
    outer loop
      vertex 52.8515 4.47378 1.49376
      vertex 52.2252 5.1 0.922324
      vertex 52.9062 5.1 1.49376
    endloop
  endfacet
  facet normal 0.341858 -0.0299595 -0.939274
    outer loop
      vertex 51.4226 4.72573 0.47783
      vertex 50.62 5.1 0.173778
      vertex 51.4554 5.1 0.47783
    endloop
  endfacet
  facet normal 0.258576 0.965991 -0
    outer loop
      vertex 51.0377 122.074 4.65551
      vertex 50.1822 122.303 36.8
      vertex 51.0377 122.074 36.8
    endloop
  endfacet
  facet normal 0.258576 0.965991 0
    outer loop
      vertex 50.1822 122.303 36.8
      vertex 51.0377 122.074 4.65551
      vertex 50.1822 122.303 4.65551
    endloop
  endfacet
  facet normal 0.416335 0.892539 -0.173321
    outer loop
      vertex 51.7631 121.566 3.78002
      vertex 50.9849 121.929 3.78002
      vertex 51.8403 121.7 4.65551
    endloop
  endfacet
  facet normal -0.641779 0.0561608 -0.76483
    outer loop
      vertex 2.17476 117.3 0.922324
      vertex 1.49376 117.3 1.49376
      vertex 1.54854 117.926 1.49376
    endloop
  endfacet
  facet normal -0.628384 0.440375 -0.641252
    outer loop
      vertex 2.33746 119.618 1.49376
      vertex 1.48203 119.389 2.17476
      vertex 1.89971 119.985 2.17476
    endloop
  endfacet
  facet normal -0.996195 -0.0871553 0
    outer loop
      vertex 0.0965919 4.21776 4.65551
      vertex 0.0194063 5.1 36.8
      vertex 0.0194063 5.1 4.65551
    endloop
  endfacet
  facet normal -0.996195 -0.0871553 0
    outer loop
      vertex 0.0194063 5.1 36.8
      vertex 0.0965919 4.21776 4.65551
      vertex 0.0965919 4.21776 36.8
    endloop
  endfacet
  facet normal -0.863552 -0.0755509 -0.498569
    outer loop
      vertex 0.548051 4.29737 2.94465
      vertex 0.47783 5.1 2.94465
      vertex 0.985792 4.37455 2.17476
    endloop
  endfacet
  facet normal -0.142773 -0.0999671 -0.984694
    outer loop
      vertex 4.08884 4.25153 0.173778
      vertex 3.95687 4.44001 0.173778
      vertex 4.7595 4.81428 0.0194063
    endloop
  endfacet
  facet normal -0.0668694 -0.764328 -0.641351
    outer loop
      vertex 5.1 0.922324 2.17476
      vertex 4.37455 0.985792 2.17476
      vertex 4.47378 1.54854 1.49376
    endloop
  endfacet
  facet normal -0.397309 -0.852028 -0.340871
    outer loop
      vertex 3.41513 0.470865 3.78002
      vertex 2.63689 0.833766 3.78002
      vertex 3.51912 0.75658 2.94465
    endloop
  endfacet
  facet normal -0.416246 -0.892641 -0.173007
    outer loop
      vertex 3.36233 0.325804 4.65551
      vertex 2.5597 0.700077 4.65551
      vertex 2.63689 0.833766 3.78002
    endloop
  endfacet
  facet normal 0.254897 -0.951366 -0.173006
    outer loop
      vertex 51.0377 0.325804 4.65551
      vertex 50.1822 0.0965919 4.65551
      vertex 50.9849 0.470865 3.78002
    endloop
  endfacet
  facet normal 0.612978 -0.612942 -0.498558
    outer loop
      vertex 52.2711 1.55921 2.94465
      vertex 51.9854 1.89971 2.17476
      vertex 52.5003 2.41464 2.17476
    endloop
  endfacet
  facet normal 0.852033 -0.39731 -0.340858
    outer loop
      vertex 53.9291 3.41513 3.78002
      vertex 53.5662 2.63689 3.78002
      vertex 53.6434 3.51912 2.94465
    endloop
  endfacet
  facet normal 0 -0.499998 -0.866026
    outer loop
      vertex 5.1 2.17476 0.922324
      vertex 49.3 2.94465 0.47783
      vertex 49.3 2.17476 0.922324
    endloop
  endfacet
  facet normal -0 -0.499998 -0.866026
    outer loop
      vertex 49.3 2.94465 0.47783
      vertex 5.1 2.17476 0.922324
      vertex 5.1 2.94465 0.47783
    endloop
  endfacet
  facet normal 0.499563 -0.0437803 -0.865171
    outer loop
      vertex 52.2252 5.1 0.922324
      vertex 51.4226 4.72573 0.47783
      vertex 51.4554 5.1 0.47783
    endloop
  endfacet
  facet normal 0.628458 -0.440103 -0.641366
    outer loop
      vertex 52.918 3.01116 2.17476
      vertex 52.0625 2.78195 1.49376
      vertex 52.4231 3.29688 1.49376
    endloop
  endfacet
  facet normal 0.224357 -0.837302 -0.498587
    outer loop
      vertex 50.8809 0.75658 2.94465
      vertex 50.0254 0.985792 2.17476
      vertex 50.7288 1.17427 2.17476
    endloop
  endfacet
  facet normal 0.198582 -0.741108 -0.641345
    outer loop
      vertex 50.7288 1.17427 2.17476
      vertex 50.0254 0.985792 2.17476
      vertex 50.5334 1.71124 1.49376
    endloop
  endfacet
  facet normal -0.0561411 -0.64178 -0.764831
    outer loop
      vertex 5.1 1.49376 1.49376
      vertex 4.47378 1.54854 1.49376
      vertex 5.1 2.17476 0.922324
    endloop
  endfacet
  facet normal 0.166742 -0.622284 -0.764827
    outer loop
      vertex 49.9262 1.54854 1.49376
      vertex 49.808 2.2192 0.922324
      vertex 50.5334 1.71124 1.49376
    endloop
  endfacet
  facet normal -0.173627 -0.0151955 -0.984694
    outer loop
      vertex 3.80008 4.87079 0.173778
      vertex 3.78002 5.1 0.173778
      vertex 4.65551 5.1 0.0194063
    endloop
  endfacet
  facet normal -0.57358 -0.81915 0
    outer loop
      vertex 1.83426 1.20804 4.65551
      vertex 2.5597 0.700077 36.8
      vertex 1.83426 1.20804 36.8
    endloop
  endfacet
  facet normal -0.57358 -0.81915 -0
    outer loop
      vertex 2.5597 0.700077 36.8
      vertex 1.83426 1.20804 4.65551
      vertex 2.5597 0.700077 4.65551
    endloop
  endfacet
  facet normal -0.0755502 -0.863551 -0.498569
    outer loop
      vertex 5.1 0.47783 2.94465
      vertex 4.37455 0.985792 2.17476
      vertex 5.1 0.922324 2.17476
    endloop
  endfacet
  facet normal 0 -0.939692 -0.342022
    outer loop
      vertex 5.1 0.47783 2.94465
      vertex 49.3 0.173778 3.78002
      vertex 5.1 0.173778 3.78002
    endloop
  endfacet
  facet normal 0 -0.939692 -0.342022
    outer loop
      vertex 49.3 0.173778 3.78002
      vertex 5.1 0.47783 2.94465
      vertex 49.3 0.47783 2.94465
    endloop
  endfacet
  facet normal 0.908108 0.24322 -0.340857
    outer loop
      vertex 54.1514 118.155 3.78002
      vertex 53.6434 118.881 2.94465
      vertex 53.9291 118.985 3.78002
    endloop
  endfacet
  facet normal 0.396878 0.852353 -0.340561
    outer loop
      vertex 51.6111 121.303 2.94465
      vertex 50.8809 121.643 2.94465
      vertex 51.7631 121.566 3.78002
    endloop
  endfacet
  facet normal 0.965972 0.258646 0
    outer loop
      vertex 54.3034 118.182 36.8
      vertex 54.0742 119.038 4.65551
      vertex 54.0742 119.038 36.8
    endloop
  endfacet
  facet normal 0.965972 0.258646 0
    outer loop
      vertex 54.0742 119.038 4.65551
      vertex 54.3034 118.182 36.8
      vertex 54.3034 118.182 4.65551
    endloop
  endfacet
  facet normal -0.573608 0.81913 0
    outer loop
      vertex 2.5597 121.7 4.65551
      vertex 1.83426 121.192 36.8
      vertex 2.5597 121.7 36.8
    endloop
  endfacet
  facet normal -0.573608 0.81913 0
    outer loop
      vertex 1.83426 121.192 36.8
      vertex 2.5597 121.7 4.65551
      vertex 1.83426 121.192 4.65551
    endloop
  endfacet
  facet normal -0.0134888 0.173533 -0.984736
    outer loop
      vertex 5.1 117.744 0.0194063
      vertex 5.02281 117.738 0.0194063
      vertex 5.1 118.62 0.173778
    endloop
  endfacet
  facet normal -0.0993994 0.143384 -0.984663
    outer loop
      vertex 4.81428 117.641 0.0194063
      vertex 4.25153 118.311 0.173778
      vertex 4.87775 117.685 0.0194063
    endloop
  endfacet
  facet normal 0.130644 0.483783 -0.865382
    outer loop
      vertex 50.0372 119.325 0.47783
      vertex 49.6743 119.423 0.47783
      vertex 50.3005 120.049 0.922324
    endloop
  endfacet
  facet normal 0.807051 0.564602 -0.172897
    outer loop
      vertex 53.6999 119.84 4.65551
      vertex 53.0737 120.467 3.78002
      vertex 53.192 120.566 4.65551
    endloop
  endfacet
  facet normal 0.706937 0.707276 -0
    outer loop
      vertex 53.192 120.566 4.65551
      vertex 52.5657 121.192 36.8
      vertex 53.192 120.566 36.8
    endloop
  endfacet
  facet normal 0.706937 0.707276 0
    outer loop
      vertex 52.5657 121.192 36.8
      vertex 53.192 120.566 4.65551
      vertex 52.5657 121.192 4.65551
    endloop
  endfacet
  facet normal 0.369035 0.527897 -0.764943
    outer loop
      vertex 51.1803 119.541 0.922324
      vertex 50.7626 119.833 0.922324
      vertex 51.1031 120.423 1.49376
    endloop
  endfacet
  facet normal 0.542646 0.54254 -0.641237
    outer loop
      vertex 52.0625 119.618 1.49376
      vertex 51.9854 120.5 2.17476
      vertex 52.5003 119.985 2.17476
    endloop
  endfacet
  facet normal 0.543022 0.542412 -0.641028
    outer loop
      vertex 51.9854 120.5 2.17476
      vertex 52.0625 119.618 1.49376
      vertex 51.618 120.063 1.49376
    endloop
  endfacet
  facet normal 0.440098 -0.628485 -0.641343
    outer loop
      vertex 51.3888 1.48203 2.17476
      vertex 51.1031 1.9769 1.49376
      vertex 51.618 2.33746 1.49376
    endloop
  endfacet
  facet normal 0.454465 -0.211926 -0.865187
    outer loop
      vertex 51.8333 3.63738 0.922324
      vertex 51.1666 4.02232 0.47783
      vertex 52.0488 4.09951 0.922324
    endloop
  endfacet
  facet normal 0.173617 0.0152389 -0.984695
    outer loop
      vertex 50.62 117.3 0.173778
      vertex 49.7377 117.377 0.0194063
      vertex 50.5999 117.529 0.173778
    endloop
  endfacet
  facet normal 0.484335 -0.129804 -0.8652
    outer loop
      vertex 52.0488 4.09951 0.922324
      vertex 51.4226 4.72573 0.47783
      vertex 52.1808 4.59204 0.922324
    endloop
  endfacet
  facet normal 0.144392 0.311174 -0.93932
    outer loop
      vertex 50.3777 119.167 0.47783
      vertex 49.96 118.443 0.173778
      vertex 50.0372 119.325 0.47783
    endloop
  endfacet
  facet normal 0.0134871 0.173533 -0.984736
    outer loop
      vertex 49.3772 117.738 0.0194063
      vertex 49.3 117.744 0.0194063
      vertex 49.3 118.62 0.173778
    endloop
  endfacet
  facet normal 0.981166 -0.0858565 -0.173037
    outer loop
      vertex 54.3034 4.21776 4.65551
      vertex 54.2262 5.1 3.78002
      vertex 54.3806 5.1 4.65551
    endloop
  endfacet
  facet normal 0.741043 0.198629 -0.641406
    outer loop
      vertex 52.8515 117.926 1.49376
      vertex 52.6888 118.533 1.49376
      vertex 53.2257 118.729 2.17476
    endloop
  endfacet
  facet normal 0.892639 -0.416245 -0.173018
    outer loop
      vertex 53.6999 2.5597 4.65551
      vertex 53.5662 2.63689 3.78002
      vertex 53.9291 3.41513 3.78002
    endloop
  endfacet
  facet normal 0.908067 -0.243373 -0.340859
    outer loop
      vertex 53.9291 3.41513 3.78002
      vertex 53.6434 3.51912 2.94465
      vertex 54.1514 4.24457 3.78002
    endloop
  endfacet
  facet normal 0 0.866267 -0.499581
    outer loop
      vertex 49.3 121.478 2.17476
      vertex 5.1 121.922 2.94465
      vertex 49.3 121.922 2.94465
    endloop
  endfacet
  facet normal 0 0.866267 -0.499581
    outer loop
      vertex 5.1 121.922 2.94465
      vertex 49.3 121.478 2.17476
      vertex 5.1 121.478 2.17476
    endloop
  endfacet
  facet normal -0.863548 0.0755968 -0.498567
    outer loop
      vertex 0.922324 117.3 2.17476
      vertex 0.47783 117.3 2.94465
      vertex 0.985792 118.025 2.17476
    endloop
  endfacet
  facet normal -0.287455 0.411189 -0.865039
    outer loop
      vertex 4.02232 119.167 0.47783
      vertex 3.21969 119.541 0.922324
      vertex 3.63738 119.833 0.922324
    endloop
  endfacet
  facet normal -0.936553 0.0819785 -0.340804
    outer loop
      vertex 0.548051 118.103 2.94465
      vertex 0.173778 117.3 3.78002
      vertex 0.248618 118.155 3.78002
    endloop
  endfacet
  facet normal -0.939692 0 -0.342022
    outer loop
      vertex 0.47783 5.1 2.94465
      vertex 0.173778 117.3 3.78002
      vertex 0.47783 117.3 2.94465
    endloop
  endfacet
  facet normal -0.939692 -0 -0.342022
    outer loop
      vertex 0.173778 117.3 3.78002
      vertex 0.47783 5.1 2.94465
      vertex 0.173778 5.1 3.78002
    endloop
  endfacet
  facet normal 0.0816968 0.936712 -0.340436
    outer loop
      vertex 50.1026 121.852 2.94465
      vertex 49.3 121.922 2.94465
      vertex 50.1554 122.151 3.78002
    endloop
  endfacet
  facet normal -0.664758 -0.664758 -0.340874
    outer loop
      vertex 2.12893 1.55921 2.94465
      vertex 1.32629 1.93349 3.78002
      vertex 1.55921 2.12893 2.94465
    endloop
  endfacet
  facet normal -0.664758 -0.664758 -0.340874
    outer loop
      vertex 1.32629 1.93349 3.78002
      vertex 2.12893 1.55921 2.94465
      vertex 1.93349 1.32629 3.78002
    endloop
  endfacet
  facet normal -0.981173 -0.085841 -0.173006
    outer loop
      vertex 0.248618 4.24457 3.78002
      vertex 0.0965919 4.21776 4.65551
      vertex 0.173778 5.1 3.78002
    endloop
  endfacet
  facet normal -0.642794 0 -0.766039
    outer loop
      vertex 1.49376 5.1 1.49376
      vertex 2.17476 117.3 0.922324
      vertex 2.17476 5.1 0.922324
    endloop
  endfacet
  facet normal -0.642794 0 -0.766039
    outer loop
      vertex 2.17476 117.3 0.922324
      vertex 1.49376 5.1 1.49376
      vertex 1.49376 117.3 1.49376
    endloop
  endfacet
  facet normal -0.764325 -0.0668611 -0.641355
    outer loop
      vertex 1.54854 4.47378 1.49376
      vertex 0.922324 5.1 2.17476
      vertex 1.49376 5.1 1.49376
    endloop
  endfacet
  facet normal -0.764328 -0.0668694 -0.641351
    outer loop
      vertex 0.985792 4.37455 2.17476
      vertex 0.922324 5.1 2.17476
      vertex 1.54854 4.47378 1.49376
    endloop
  endfacet
  facet normal -0.484344 -0.129781 -0.865198
    outer loop
      vertex 3.07463 4.36283 0.47783
      vertex 2.2192 4.59204 0.922324
      vertex 2.97739 4.72573 0.47783
    endloop
  endfacet
  facet normal -0.499521 -0.0436965 -0.865199
    outer loop
      vertex 2.97739 4.72573 0.47783
      vertex 2.17476 5.1 0.922324
      vertex 2.94465 5.1 0.47783
    endloop
  endfacet
  facet normal -0.198581 -0.741103 -0.641352
    outer loop
      vertex 4.37455 0.985792 2.17476
      vertex 3.67115 1.17427 2.17476
      vertex 3.86659 1.71124 1.49376
    endloop
  endfacet
  facet normal -0.4972 -0.710088 -0.498565
    outer loop
      vertex 3.01116 1.48203 2.17476
      vertex 2.12893 1.55921 2.94465
      vertex 2.41464 1.89971 2.17476
    endloop
  endfacet
  facet normal -0.0819359 -0.936532 -0.340872
    outer loop
      vertex 5.1 0.173778 3.78002
      vertex 4.29737 0.548051 2.94465
      vertex 5.1 0.47783 2.94465
    endloop
  endfacet
  facet normal -0.0819355 -0.936532 -0.340873
    outer loop
      vertex 5.1 0.173778 3.78002
      vertex 4.24457 0.248618 3.78002
      vertex 4.29737 0.548051 2.94465
    endloop
  endfacet
  facet normal -0.612957 -0.612957 -0.498565
    outer loop
      vertex 2.41464 1.89971 2.17476
      vertex 1.55921 2.12893 2.94465
      vertex 1.89971 2.41464 2.17476
    endloop
  endfacet
  facet normal -0.612957 -0.612957 -0.498565
    outer loop
      vertex 1.55921 2.12893 2.94465
      vertex 2.41464 1.89971 2.17476
      vertex 2.12893 1.55921 2.94465
    endloop
  endfacet
  facet normal -0.78563 -0.366347 -0.498572
    outer loop
      vertex 1.48203 3.01116 2.17476
      vertex 0.75658 3.51912 2.94465
      vertex 1.17427 3.67115 2.17476
    endloop
  endfacet
  facet normal -0.56493 -0.806797 -0.173008
    outer loop
      vertex 2.5597 0.700077 4.65551
      vertex 1.83426 1.20804 4.65551
      vertex 2.63689 0.833766 3.78002
    endloop
  endfacet
  facet normal -0.422619 -0.906308 0
    outer loop
      vertex 2.5597 0.700077 4.65551
      vertex 3.36233 0.325804 36.8
      vertex 2.5597 0.700077 36.8
    endloop
  endfacet
  facet normal -0.422619 -0.906308 -0
    outer loop
      vertex 3.36233 0.325804 36.8
      vertex 2.5597 0.700077 4.65551
      vertex 3.36233 0.325804 4.65551
    endloop
  endfacet
  facet normal -0.95136 -0.254917 -0.173006
    outer loop
      vertex 0.325804 3.36233 4.65551
      vertex 0.0965919 4.21776 4.65551
      vertex 0.470865 3.41513 3.78002
    endloop
  endfacet
  facet normal 0.243301 -0.90808 -0.340874
    outer loop
      vertex 50.1554 0.248618 3.78002
      vertex 50.1026 0.548051 2.94465
      vertex 50.8809 0.75658 2.94465
    endloop
  endfacet
  facet normal 0.0819383 -0.936532 -0.340873
    outer loop
      vertex 50.1554 0.248618 3.78002
      vertex 49.3 0.173778 3.78002
      vertex 50.1026 0.548051 2.94465
    endloop
  endfacet
  facet normal 0.397312 -0.852032 -0.340859
    outer loop
      vertex 51.7631 0.833766 3.78002
      vertex 50.8809 0.75658 2.94465
      vertex 51.6111 1.09708 2.94465
    endloop
  endfacet
  facet normal 0.243301 -0.90808 -0.340873
    outer loop
      vertex 50.9849 0.470865 3.78002
      vertex 50.1554 0.248618 3.78002
      vertex 50.8809 0.75658 2.94465
    endloop
  endfacet
  facet normal 0.710107 -0.497197 -0.498541
    outer loop
      vertex 53.3029 2.78891 2.94465
      vertex 52.8408 2.12893 2.94465
      vertex 52.918 3.01116 2.17476
    endloop
  endfacet
  facet normal 0.710077 -0.497216 -0.498566
    outer loop
      vertex 52.8408 2.12893 2.94465
      vertex 52.5003 2.41464 2.17476
      vertex 52.918 3.01116 2.17476
    endloop
  endfacet
  facet normal -0.369514 -0.527721 -0.764833
    outer loop
      vertex 3.29688 1.9769 1.49376
      vertex 3.21969 2.85914 0.922324
      vertex 3.63738 2.56667 0.922324
    endloop
  endfacet
  facet normal 0 -0.342022 -0.939692
    outer loop
      vertex 5.1 2.94465 0.47783
      vertex 49.3 3.78002 0.173778
      vertex 49.3 2.94465 0.47783
    endloop
  endfacet
  facet normal -0 -0.342022 -0.939692
    outer loop
      vertex 49.3 3.78002 0.173778
      vertex 5.1 2.94465 0.47783
      vertex 5.1 3.78002 0.173778
    endloop
  endfacet
  facet normal -0.129781 -0.484344 -0.865198
    outer loop
      vertex 4.59204 2.2192 0.922324
      vertex 4.36283 3.07463 0.47783
      vertex 4.72573 2.97739 0.47783
    endloop
  endfacet
  facet normal 0.198581 -0.741108 -0.641346
    outer loop
      vertex 50.0254 0.985792 2.17476
      vertex 49.9262 1.54854 1.49376
      vertex 50.5334 1.71124 1.49376
    endloop
  endfacet
  facet normal 0.0668741 -0.764329 -0.641349
    outer loop
      vertex 50.0254 0.985792 2.17476
      vertex 49.3 0.922324 2.17476
      vertex 49.9262 1.54854 1.49376
    endloop
  endfacet
  facet normal 0.324254 -0.695372 -0.641341
    outer loop
      vertex 50.7288 1.17427 2.17476
      vertex 50.5334 1.71124 1.49376
      vertex 51.3888 1.48203 2.17476
    endloop
  endfacet
  facet normal 0.366337 -0.785619 -0.498597
    outer loop
      vertex 50.8809 0.75658 2.94465
      vertex 50.7288 1.17427 2.17476
      vertex 51.3888 1.48203 2.17476
    endloop
  endfacet
  facet normal 0 -0.642794 -0.766039
    outer loop
      vertex 5.1 1.49376 1.49376
      vertex 49.3 2.17476 0.922324
      vertex 49.3 1.49376 1.49376
    endloop
  endfacet
  facet normal -0 -0.642794 -0.766039
    outer loop
      vertex 49.3 2.17476 0.922324
      vertex 5.1 1.49376 1.49376
      vertex 5.1 2.17476 0.922324
    endloop
  endfacet
  facet normal -0.341869 0.0299471 -0.93927
    outer loop
      vertex 3.78002 117.3 0.173778
      vertex 2.94465 117.3 0.47783
      vertex 3.80008 117.529 0.173778
    endloop
  endfacet
  facet normal -0.173627 0.0152094 -0.984694
    outer loop
      vertex 4.65551 117.3 0.0194063
      vertex 3.78002 117.3 0.173778
      vertex 3.80008 117.529 0.173778
    endloop
  endfacet
  facet normal -0.341869 -0.0299197 -0.939271
    outer loop
      vertex 3.80008 4.87079 0.173778
      vertex 2.94465 5.1 0.47783
      vertex 3.78002 5.1 0.173778
    endloop
  endfacet
  facet normal -0.173647 0 -0.984808
    outer loop
      vertex 3.78002 5.1 0.173778
      vertex 4.65551 117.3 0.0194063
      vertex 4.65551 5.1 0.0194063
    endloop
  endfacet
  facet normal -0.173647 0 -0.984808
    outer loop
      vertex 4.65551 117.3 0.0194063
      vertex 3.78002 5.1 0.173778
      vertex 3.78002 117.3 0.173778
    endloop
  endfacet
  facet normal 0.996191 0.087195 0
    outer loop
      vertex 54.3806 117.3 36.8
      vertex 54.3034 118.182 4.65551
      vertex 54.3034 118.182 36.8
    endloop
  endfacet
  facet normal 0.996191 0.087195 0
    outer loop
      vertex 54.3034 118.182 4.65551
      vertex 54.3806 117.3 36.8
      vertex 54.3806 117.3 4.65551
    endloop
  endfacet
  facet normal 0.951384 0.25481 -0.173035
    outer loop
      vertex 54.1514 118.155 3.78002
      vertex 53.9291 118.985 3.78002
      vertex 54.3034 118.182 4.65551
    endloop
  endfacet
  facet normal 0.863562 -0.0756369 -0.498537
    outer loop
      vertex 53.8519 4.29737 2.94465
      vertex 53.4142 4.37455 2.17476
      vertex 53.9222 5.1 2.94465
    endloop
  endfacet
  facet normal -0.28085 0.197148 -0.939285
    outer loop
      vertex 3.95687 117.96 0.173778
      vertex 3.23341 118.378 0.47783
      vertex 4.08884 118.148 0.173778
    endloop
  endfacet
  facet normal 0.0556254 0.64222 -0.764499
    outer loop
      vertex 49.808 120.181 0.922324
      vertex 49.3 120.225 0.922324
      vertex 49.9262 120.851 1.49376
    endloop
  endfacet
  facet normal 0.837354 0.224206 -0.498568
    outer loop
      vertex 53.4142 118.025 2.17476
      vertex 53.2257 118.729 2.17476
      vertex 53.6434 118.881 2.94465
    endloop
  endfacet
  facet normal 0.807055 0.564594 -0.172905
    outer loop
      vertex 53.5662 119.763 3.78002
      vertex 53.0737 120.467 3.78002
      vertex 53.6999 119.84 4.65551
    endloop
  endfacet
  facet normal 0.7098 0.497456 -0.49872
    outer loop
      vertex 52.918 119.389 2.17476
      vertex 52.5003 119.985 2.17476
      vertex 52.8408 120.271 2.94465
    endloop
  endfacet
  facet normal 0.272739 0.583485 -0.764957
    outer loop
      vertex 50.7626 119.833 0.922324
      vertex 50.3005 120.049 0.922324
      vertex 51.1031 120.423 1.49376
    endloop
  endfacet
  facet normal 0.819391 0.573235 0
    outer loop
      vertex 53.6999 119.84 36.8
      vertex 53.192 120.566 4.65551
      vertex 53.192 120.566 36.8
    endloop
  endfacet
  facet normal 0.819391 0.573235 0
    outer loop
      vertex 53.192 120.566 4.65551
      vertex 53.6999 119.84 36.8
      vertex 53.6999 119.84 4.65551
    endloop
  endfacet
  facet normal 0.573629 0.819115 -0
    outer loop
      vertex 52.5657 121.192 4.65551
      vertex 51.8403 121.7 36.8
      vertex 52.5657 121.192 36.8
    endloop
  endfacet
  facet normal 0.573629 0.819115 0
    outer loop
      vertex 51.8403 121.7 36.8
      vertex 52.5657 121.192 4.65551
      vertex 51.8403 121.7 4.65551
    endloop
  endfacet
  facet normal 0.254635 0.95144 -0.172981
    outer loop
      vertex 50.9849 121.929 3.78002
      vertex 50.1554 122.151 3.78002
      vertex 50.1822 122.303 4.65551
    endloop
  endfacet
  facet normal 0.311055 0.144812 -0.939295
    outer loop
      vertex 50.5404 117.751 0.173778
      vertex 50.4431 117.96 0.173778
      vertex 51.3254 118.037 0.47783
    endloop
  endfacet
  facet normal 0.527687 0.369483 -0.764872
    outer loop
      vertex 52.4231 119.103 1.49376
      vertex 51.5409 119.18 0.922324
      vertex 52.0625 119.618 1.49376
    endloop
  endfacet
  facet normal 0.029921 -0.341869 -0.939271
    outer loop
      vertex 49.5292 3.80008 0.173778
      vertex 49.3 2.94465 0.47783
      vertex 49.3 3.78002 0.173778
    endloop
  endfacet
  facet normal 0.0151962 -0.173627 -0.984694
    outer loop
      vertex 49.5292 3.80008 0.173778
      vertex 49.3 3.78002 0.173778
      vertex 49.3 4.65551 0.0194063
    endloop
  endfacet
  facet normal 0 -0.173647 -0.984808
    outer loop
      vertex 5.1 3.78002 0.173778
      vertex 49.3 4.65551 0.0194063
      vertex 49.3 3.78002 0.173778
    endloop
  endfacet
  facet normal -0 -0.173647 -0.984808
    outer loop
      vertex 49.3 4.65551 0.0194063
      vertex 5.1 3.78002 0.173778
      vertex 5.1 4.65551 0.0194063
    endloop
  endfacet
  facet normal 0.0561431 -0.64178 -0.764831
    outer loop
      vertex 49.9262 1.54854 1.49376
      vertex 49.3 2.17476 0.922324
      vertex 49.808 2.2192 0.922324
    endloop
  endfacet
  facet normal 0.129781 -0.484343 -0.865199
    outer loop
      vertex 49.808 2.2192 0.922324
      vertex 49.6743 2.97739 0.47783
      vertex 50.0372 3.07463 0.47783
    endloop
  endfacet
  facet normal 0.500042 0 -0.866001
    outer loop
      vertex 51.4554 5.1 0.47783
      vertex 52.2252 117.3 0.922324
      vertex 52.2252 5.1 0.922324
    endloop
  endfacet
  facet normal 0.500042 0 -0.866001
    outer loop
      vertex 52.2252 117.3 0.922324
      vertex 51.4554 5.1 0.47783
      vertex 51.4554 117.3 0.47783
    endloop
  endfacet
  facet normal 0.173625 0.0153331 -0.984692
    outer loop
      vertex 49.7445 117.3 0.0194063
      vertex 49.7377 117.377 0.0194063
      vertex 50.62 117.3 0.173778
    endloop
  endfacet
  facet normal 0.863546 -0.0755878 -0.498573
    outer loop
      vertex 53.9222 5.1 2.94465
      vertex 53.4142 4.37455 2.17476
      vertex 53.4777 5.1 2.17476
    endloop
  endfacet
  facet normal 0.764295 -0.0667608 -0.641402
    outer loop
      vertex 53.4777 5.1 2.17476
      vertex 52.8515 4.47378 1.49376
      vertex 52.9062 5.1 1.49376
    endloop
  endfacet
  facet normal 0.287457 0.411201 -0.865033
    outer loop
      vertex 51.1803 119.541 0.922324
      vertex 50.3777 119.167 0.47783
      vertex 50.7626 119.833 0.922324
    endloop
  endfacet
  facet normal 0.15788 0.073978 -0.984683
    outer loop
      vertex 49.7177 117.452 0.0194063
      vertex 49.6849 117.522 0.0194063
      vertex 50.5404 117.751 0.173778
    endloop
  endfacet
  facet normal 0.908062 -0.243278 -0.340938
    outer loop
      vertex 54.1514 4.24457 3.78002
      vertex 53.6434 3.51912 2.94465
      vertex 53.8519 4.29737 2.94465
    endloop
  endfacet
  facet normal 0.936554 -0.0818936 -0.340822
    outer loop
      vertex 54.1514 4.24457 3.78002
      vertex 53.9222 5.1 2.94465
      vertex 54.2262 5.1 3.78002
    endloop
  endfacet
  facet normal 0.641761 -0.0560953 -0.76485
    outer loop
      vertex 52.8515 4.47378 1.49376
      vertex 52.1808 4.59204 0.922324
      vertex 52.2252 5.1 0.922324
    endloop
  endfacet
  facet normal 0.696395 -0.696484 -0.173041
    outer loop
      vertex 53.192 1.83426 4.65551
      vertex 52.5657 1.20804 4.65551
      vertex 53.0737 1.93349 3.78002
    endloop
  endfacet
  facet normal 0.819183 -0.573532 0
    outer loop
      vertex 53.192 1.83426 36.8
      vertex 53.6999 2.5597 4.65551
      vertex 53.6999 2.5597 36.8
    endloop
  endfacet
  facet normal 0.819183 -0.573532 0
    outer loop
      vertex 53.6999 2.5597 4.65551
      vertex 53.192 1.83426 36.8
      vertex 53.192 1.83426 4.65551
    endloop
  endfacet
  facet normal 0.0867333 0.980976 -0.173676
    outer loop
      vertex 50.1822 122.303 4.65551
      vertex 49.3 122.226 3.78002
      vertex 49.3 122.381 4.65551
    endloop
  endfacet
  facet normal 0 0.499945 -0.866057
    outer loop
      vertex 5.1 119.455 0.47783
      vertex 49.3 120.225 0.922324
      vertex 49.3 119.455 0.47783
    endloop
  endfacet
  facet normal 0 0.499945 -0.866057
    outer loop
      vertex 49.3 120.225 0.922324
      vertex 5.1 119.455 0.47783
      vertex 5.1 120.225 0.922324
    endloop
  endfacet
  facet normal -0.311047 0.144833 -0.939294
    outer loop
      vertex 3.85963 117.751 0.173778
      vertex 3.07463 118.037 0.47783
      vertex 3.23341 118.378 0.47783
    endloop
  endfacet
  facet normal -0.951394 0.254756 -0.17306
    outer loop
      vertex 0.470865 118.985 3.78002
      vertex 0.0965919 118.182 4.65551
      vertex 0.325804 119.038 4.65551
    endloop
  endfacet
  facet normal -0.807018 0.564649 -0.172895
    outer loop
      vertex 0.833766 119.763 3.78002
      vertex 0.700077 119.84 4.65551
      vertex 1.20804 120.566 4.65551
    endloop
  endfacet
  facet normal -0.851981 0.39741 -0.340872
    outer loop
      vertex 0.75658 118.881 2.94465
      vertex 0.470865 118.985 3.78002
      vertex 0.833766 119.763 3.78002
    endloop
  endfacet
  facet normal 0.0427027 0.499489 -0.865267
    outer loop
      vertex 49.6743 119.423 0.47783
      vertex 49.3 119.455 0.47783
      vertex 49.3 120.225 0.922324
    endloop
  endfacet
  facet normal -0.224799 0.83708 -0.498761
    outer loop
      vertex 4.37455 121.414 2.17476
      vertex 3.51912 121.643 2.94465
      vertex 4.29737 121.852 2.94465
    endloop
  endfacet
  facet normal -0.397359 0.851903 -0.341125
    outer loop
      vertex 3.51912 121.643 2.94465
      vertex 2.63689 121.566 3.78002
      vertex 3.41513 121.929 3.78002
    endloop
  endfacet
  facet normal 0.0762061 0.863748 -0.498128
    outer loop
      vertex 50.0254 121.414 2.17476
      vertex 49.3 121.478 2.17476
      vertex 49.3 121.922 2.94465
    endloop
  endfacet
  facet normal -0.49952 0.043728 -0.865198
    outer loop
      vertex 2.94465 117.3 0.47783
      vertex 2.17476 117.3 0.922324
      vertex 2.97739 117.674 0.47783
    endloop
  endfacet
  facet normal -0.837366 0.224183 -0.498558
    outer loop
      vertex 0.985792 118.025 2.17476
      vertex 0.75658 118.881 2.94465
      vertex 1.17427 118.729 2.17476
    endloop
  endfacet
  facet normal -0.908077 -0.243316 -0.340873
    outer loop
      vertex 0.75658 3.51912 2.94465
      vertex 0.248618 4.24457 3.78002
      vertex 0.548051 4.29737 2.94465
    endloop
  endfacet
  facet normal -0.936532 -0.0819355 -0.340873
    outer loop
      vertex 0.248618 4.24457 3.78002
      vertex 0.173778 5.1 3.78002
      vertex 0.548051 4.29737 2.94465
    endloop
  endfacet
  facet normal -0.628493 -0.440067 -0.641356
    outer loop
      vertex 1.89971 2.41464 2.17476
      vertex 1.48203 3.01116 2.17476
      vertex 2.33746 2.78195 1.49376
    endloop
  endfacet
  facet normal -0.695363 -0.324253 -0.641351
    outer loop
      vertex 1.9769 3.29688 1.49376
      vertex 1.48203 3.01116 2.17476
      vertex 1.71124 3.86659 1.49376
    endloop
  endfacet
  facet normal -0.622276 -0.166735 -0.764834
    outer loop
      vertex 2.35117 4.09951 0.922324
      vertex 1.54854 4.47378 1.49376
      vertex 2.2192 4.59204 0.922324
    endloop
  endfacet
  facet normal -0.484343 -0.129776 -0.865199
    outer loop
      vertex 2.35117 4.09951 0.922324
      vertex 2.2192 4.59204 0.922324
      vertex 3.07463 4.36283 0.47783
    endloop
  endfacet
  facet normal -0.499522 -0.0437018 -0.865198
    outer loop
      vertex 2.2192 4.59204 0.922324
      vertex 2.17476 5.1 0.922324
      vertex 2.97739 4.72573 0.47783
    endloop
  endfacet
  facet normal -0.641776 -0.0561472 -0.764834
    outer loop
      vertex 2.2192 4.59204 0.922324
      vertex 1.54854 4.47378 1.49376
      vertex 2.17476 5.1 0.922324
    endloop
  endfacet
  facet normal -0.454446 -0.211917 -0.865199
    outer loop
      vertex 2.56667 3.63738 0.922324
      vertex 2.35117 4.09951 0.922324
      vertex 3.07463 4.36283 0.47783
    endloop
  endfacet
  facet normal -0.622278 -0.166743 -0.764831
    outer loop
      vertex 1.71124 3.86659 1.49376
      vertex 1.54854 4.47378 1.49376
      vertex 2.35117 4.09951 0.922324
    endloop
  endfacet
  facet normal -0.341866 -0.0299054 -0.939273
    outer loop
      vertex 2.97739 4.72573 0.47783
      vertex 2.94465 5.1 0.47783
      vertex 3.80008 4.87079 0.173778
    endloop
  endfacet
  facet normal -0.331478 -0.0888203 -0.939273
    outer loop
      vertex 3.07463 4.36283 0.47783
      vertex 2.97739 4.72573 0.47783
      vertex 3.80008 4.87079 0.173778
    endloop
  endfacet
  facet normal -0.0755509 -0.863552 -0.498569
    outer loop
      vertex 5.1 0.47783 2.94465
      vertex 4.29737 0.548051 2.94465
      vertex 4.37455 0.985792 2.17476
    endloop
  endfacet
  facet normal -0.243316 -0.908077 -0.340873
    outer loop
      vertex 4.24457 0.248618 3.78002
      vertex 3.51912 0.75658 2.94465
      vertex 4.29737 0.548051 2.94465
    endloop
  endfacet
  facet normal -0.22436 -0.83731 -0.498572
    outer loop
      vertex 4.37455 0.985792 2.17476
      vertex 3.51912 0.75658 2.94465
      vertex 3.67115 1.17427 2.17476
    endloop
  endfacet
  facet normal -0.211917 -0.454446 -0.865199
    outer loop
      vertex 4.09951 2.35117 0.922324
      vertex 3.63738 2.56667 0.922324
      vertex 4.36283 3.07463 0.47783
    endloop
  endfacet
  facet normal -0.324253 -0.695363 -0.641351
    outer loop
      vertex 3.86659 1.71124 1.49376
      vertex 3.01116 1.48203 2.17476
      vertex 3.29688 1.9769 1.49376
    endloop
  endfacet
  facet normal -0.707107 -0.707107 0
    outer loop
      vertex 1.83426 1.20804 4.65551
      vertex 1.20804 1.83426 36.8
      vertex 1.20804 1.83426 4.65551
    endloop
  endfacet
  facet normal -0.707107 -0.707107 0
    outer loop
      vertex 1.20804 1.83426 36.8
      vertex 1.83426 1.20804 4.65551
      vertex 1.83426 1.20804 36.8
    endloop
  endfacet
  facet normal -0.710088 -0.4972 -0.498565
    outer loop
      vertex 1.55921 2.12893 2.94465
      vertex 1.48203 3.01116 2.17476
      vertex 1.89971 2.41464 2.17476
    endloop
  endfacet
  facet normal -0.81915 -0.57358 0
    outer loop
      vertex 1.20804 1.83426 4.65551
      vertex 0.700077 2.5597 36.8
      vertex 0.700077 2.5597 4.65551
    endloop
  endfacet
  facet normal -0.81915 -0.57358 0
    outer loop
      vertex 0.700077 2.5597 36.8
      vertex 1.20804 1.83426 4.65551
      vertex 1.20804 1.83426 36.8
    endloop
  endfacet
  facet normal 0.696447 -0.696447 -0.17298
    outer loop
      vertex 52.5657 1.20804 4.65551
      vertex 52.4665 1.32629 3.78002
      vertex 53.0737 1.93349 3.78002
    endloop
  endfacet
  facet normal 0.49719 -0.710071 -0.4986
    outer loop
      vertex 51.6111 1.09708 2.94465
      vertex 51.3888 1.48203 2.17476
      vertex 52.2711 1.55921 2.94465
    endloop
  endfacet
  facet normal 0.242664 -0.242679 -0.939266
    outer loop
      vertex 50.6854 3.4489 0.47783
      vertex 50.1485 4.08884 0.173778
      vertex 50.3112 4.25153 0.173778
    endloop
  endfacet
  facet normal 0.499523 -0.0436626 -0.865199
    outer loop
      vertex 52.1808 4.59204 0.922324
      vertex 51.4226 4.72573 0.47783
      vertex 52.2252 5.1 0.922324
    endloop
  endfacet
  facet normal 0.837299 -0.224383 -0.498581
    outer loop
      vertex 53.6434 3.51912 2.94465
      vertex 53.2257 3.67115 2.17476
      vertex 53.4142 4.37455 2.17476
    endloop
  endfacet
  facet normal 0.628464 -0.440068 -0.641384
    outer loop
      vertex 52.5003 2.41464 2.17476
      vertex 52.0625 2.78195 1.49376
      vertex 52.918 3.01116 2.17476
    endloop
  endfacet
  facet normal -0.455539 -0.455539 -0.764833
    outer loop
      vertex 2.78195 2.33746 1.49376
      vertex 2.85914 3.21969 0.922324
      vertex 3.21969 2.85914 0.922324
    endloop
  endfacet
  facet normal -0.455539 -0.455539 -0.764833
    outer loop
      vertex 2.85914 3.21969 0.922324
      vertex 2.78195 2.33746 1.49376
      vertex 2.33746 2.78195 1.49376
    endloop
  endfacet
  facet normal -0.0561472 -0.641776 -0.764834
    outer loop
      vertex 5.1 2.17476 0.922324
      vertex 4.47378 1.54854 1.49376
      vertex 4.59204 2.2192 0.922324
    endloop
  endfacet
  facet normal -0.211912 -0.454453 -0.865197
    outer loop
      vertex 4.36283 3.07463 0.47783
      vertex 3.63738 2.56667 0.922324
      vertex 4.02232 3.23341 0.47783
    endloop
  endfacet
  facet normal 0.0561429 -0.64178 -0.764831
    outer loop
      vertex 49.9262 1.54854 1.49376
      vertex 49.3 1.49376 1.49376
      vertex 49.3 2.17476 0.922324
    endloop
  endfacet
  facet normal 0.0668632 -0.764325 -0.641355
    outer loop
      vertex 49.9262 1.54854 1.49376
      vertex 49.3 0.922324 2.17476
      vertex 49.3 1.49376 1.49376
    endloop
  endfacet
  facet normal 0 0 -1
    outer loop
      vertex 49.3 4.65551 0.0194063
      vertex 49.7445 5.1 0.0194063
      vertex 49.7377 5.02281 0.0194063
    endloop
  endfacet
  facet normal 0 0 -1
    outer loop
      vertex 49.7445 5.1 0.0194063
      vertex 4.65551 5.1 0.0194063
      vertex 49.7445 117.3 0.0194063
    endloop
  endfacet
  facet normal 0 0 -1
    outer loop
      vertex 49.3 4.65551 0.0194063
      vertex 49.7377 5.02281 0.0194063
      vertex 49.7177 4.94797 0.0194063
    endloop
  endfacet
  facet normal 0 0 -1
    outer loop
      vertex 4.65551 117.3 0.0194063
      vertex 49.7445 117.3 0.0194063
      vertex 4.65551 5.1 0.0194063
    endloop
  endfacet
  facet normal 0 0 -1
    outer loop
      vertex 49.3 4.65551 0.0194063
      vertex 49.7177 4.94797 0.0194063
      vertex 49.6849 4.87775 0.0194063
    endloop
  endfacet
  facet normal 0 -0 -1
    outer loop
      vertex 49.3 117.744 0.0194063
      vertex 49.7445 117.3 0.0194063
      vertex 4.65551 117.3 0.0194063
    endloop
  endfacet
  facet normal 0 0 -1
    outer loop
      vertex 49.3 4.65551 0.0194063
      vertex 49.6849 4.87775 0.0194063
      vertex 49.6405 4.81428 0.0194063
    endloop
  endfacet
  facet normal 0 0 -1
    outer loop
      vertex 49.7445 117.3 0.0194063
      vertex 49.3 117.744 0.0194063
      vertex 49.7377 117.377 0.0194063
    endloop
  endfacet
  facet normal 0 0 -1
    outer loop
      vertex 49.3 4.65551 0.0194063
      vertex 49.6405 4.81428 0.0194063
      vertex 49.5857 4.7595 0.0194063
    endloop
  endfacet
  facet normal -0 0 -1
    outer loop
      vertex 49.7445 5.1 0.0194063
      vertex 49.3 4.65551 0.0194063
      vertex 4.65551 5.1 0.0194063
    endloop
  endfacet
  facet normal 0 0 -1
    outer loop
      vertex 49.3 4.65551 0.0194063
      vertex 49.5857 4.7595 0.0194063
      vertex 49.5222 4.71506 0.0194063
    endloop
  endfacet
  facet normal 0 0 -1
    outer loop
      vertex 49.7377 117.377 0.0194063
      vertex 49.3 117.744 0.0194063
      vertex 49.7177 117.452 0.0194063
    endloop
  endfacet
  facet normal 0 0 -1
    outer loop
      vertex 49.3 4.65551 0.0194063
      vertex 49.5222 4.71506 0.0194063
      vertex 49.452 4.68231 0.0194063
    endloop
  endfacet
  facet normal 0 0 -1
    outer loop
      vertex 49.6405 117.586 0.0194063
      vertex 49.3 117.744 0.0194063
      vertex 49.5857 117.641 0.0194063
    endloop
  endfacet
  facet normal 0 0 -1
    outer loop
      vertex 49.3 4.65551 0.0194063
      vertex 49.452 4.68231 0.0194063
      vertex 49.3772 4.66226 0.0194063
    endloop
  endfacet
  facet normal 0 0 -1
    outer loop
      vertex 49.5857 117.641 0.0194063
      vertex 49.3 117.744 0.0194063
      vertex 49.5222 117.685 0.0194063
    endloop
  endfacet
  facet normal 0 0 -1
    outer loop
      vertex 49.5222 117.685 0.0194063
      vertex 49.3 117.744 0.0194063
      vertex 49.452 117.718 0.0194063
    endloop
  endfacet
  facet normal 0 0 -1
    outer loop
      vertex 49.452 117.718 0.0194063
      vertex 49.3 117.744 0.0194063
      vertex 49.3772 117.738 0.0194063
    endloop
  endfacet
  facet normal 0 0 -1
    outer loop
      vertex 4.65551 5.1 0.0194063
      vertex 49.3 4.65551 0.0194063
      vertex 5.1 4.65551 0.0194063
    endloop
  endfacet
  facet normal 0 0 -1
    outer loop
      vertex 49.7177 117.452 0.0194063
      vertex 49.3 117.744 0.0194063
      vertex 49.6849 117.522 0.0194063
    endloop
  endfacet
  facet normal 0 0 -1
    outer loop
      vertex 4.65551 5.1 0.0194063
      vertex 5.1 4.65551 0.0194063
      vertex 5.02281 4.66226 0.0194063
    endloop
  endfacet
  facet normal 0 0 -1
    outer loop
      vertex 49.6849 117.522 0.0194063
      vertex 49.3 117.744 0.0194063
      vertex 49.6405 117.586 0.0194063
    endloop
  endfacet
  facet normal 0 0 -1
    outer loop
      vertex 4.65551 5.1 0.0194063
      vertex 5.02281 4.66226 0.0194063
      vertex 4.94797 4.68231 0.0194063
    endloop
  endfacet
  facet normal -0 0 -1
    outer loop
      vertex 49.3 117.744 0.0194063
      vertex 4.65551 117.3 0.0194063
      vertex 5.1 117.744 0.0194063
    endloop
  endfacet
  facet normal 0 0 -1
    outer loop
      vertex 4.65551 5.1 0.0194063
      vertex 4.94797 4.68231 0.0194063
      vertex 4.87775 4.71506 0.0194063
    endloop
  endfacet
  facet normal 0 0 -1
    outer loop
      vertex 5.1 117.744 0.0194063
      vertex 4.65551 117.3 0.0194063
      vertex 5.02281 117.738 0.0194063
    endloop
  endfacet
  facet normal 0 0 -1
    outer loop
      vertex 4.65551 5.1 0.0194063
      vertex 4.87775 4.71506 0.0194063
      vertex 4.81428 4.7595 0.0194063
    endloop
  endfacet
  facet normal 0 0 -1
    outer loop
      vertex 5.02281 117.738 0.0194063
      vertex 4.65551 117.3 0.0194063
      vertex 4.94797 117.718 0.0194063
    endloop
  endfacet
  facet normal 0 0 -1
    outer loop
      vertex 4.65551 5.1 0.0194063
      vertex 4.81428 4.7595 0.0194063
      vertex 4.7595 4.81428 0.0194063
    endloop
  endfacet
  facet normal 0 0 -1
    outer loop
      vertex 4.94797 117.718 0.0194063
      vertex 4.65551 117.3 0.0194063
      vertex 4.87775 117.685 0.0194063
    endloop
  endfacet
  facet normal 0 0 -1
    outer loop
      vertex 4.65551 5.1 0.0194063
      vertex 4.7595 4.81428 0.0194063
      vertex 4.71506 4.87775 0.0194063
    endloop
  endfacet
  facet normal 0 0 -1
    outer loop
      vertex 4.87775 117.685 0.0194063
      vertex 4.65551 117.3 0.0194063
      vertex 4.81428 117.641 0.0194063
    endloop
  endfacet
  facet normal 0 0 -1
    outer loop
      vertex 4.65551 5.1 0.0194063
      vertex 4.71506 4.87775 0.0194063
      vertex 4.68231 4.94797 0.0194063
    endloop
  endfacet
  facet normal 0 0 -1
    outer loop
      vertex 4.81428 117.641 0.0194063
      vertex 4.65551 117.3 0.0194063
      vertex 4.7595 117.586 0.0194063
    endloop
  endfacet
  facet normal 0 0 -1
    outer loop
      vertex 4.65551 5.1 0.0194063
      vertex 4.68231 4.94797 0.0194063
      vertex 4.66226 5.02281 0.0194063
    endloop
  endfacet
  facet normal 0 0 -1
    outer loop
      vertex 4.7595 117.586 0.0194063
      vertex 4.65551 117.3 0.0194063
      vertex 4.71506 117.522 0.0194063
    endloop
  endfacet
  facet normal 0 0 -1
    outer loop
      vertex 4.71506 117.522 0.0194063
      vertex 4.65551 117.3 0.0194063
      vertex 4.68231 117.452 0.0194063
    endloop
  endfacet
  facet normal 0 0 -1
    outer loop
      vertex 4.68231 117.452 0.0194063
      vertex 4.65551 117.3 0.0194063
      vertex 4.66226 117.377 0.0194063
    endloop
  endfacet
  facet normal -0.17363 -0.0151834 -0.984694
    outer loop
      vertex 4.66226 5.02281 0.0194063
      vertex 3.80008 4.87079 0.173778
      vertex 4.65551 5.1 0.0194063
    endloop
  endfacet
  facet normal 0.573601 -0.819135 0
    outer loop
      vertex 51.8403 0.700077 4.65551
      vertex 52.5657 1.20804 36.8
      vertex 51.8403 0.700077 36.8
    endloop
  endfacet
  facet normal 0.573601 -0.819135 0
    outer loop
      vertex 52.5657 1.20804 36.8
      vertex 51.8403 0.700077 4.65551
      vertex 52.5657 1.20804 4.65551
    endloop
  endfacet
  facet normal -0.0871553 -0.996195 0
    outer loop
      vertex 4.21776 0.0965919 4.65551
      vertex 5.1 0.0194063 36.8
      vertex 4.21776 0.0965919 36.8
    endloop
  endfacet
  facet normal -0.0871553 -0.996195 -0
    outer loop
      vertex 5.1 0.0194063 36.8
      vertex 4.21776 0.0965919 4.65551
      vertex 5.1 0.0194063 4.65551
    endloop
  endfacet
  facet normal 0.906169 0.422916 0
    outer loop
      vertex 54.0742 119.038 36.8
      vertex 53.6999 119.84 4.65551
      vertex 53.6999 119.84 36.8
    endloop
  endfacet
  facet normal 0.906169 0.422916 0
    outer loop
      vertex 53.6999 119.84 4.65551
      vertex 54.0742 119.038 36.8
      vertex 54.0742 119.038 4.65551
    endloop
  endfacet
  facet normal 0.981175 0.0858385 -0.172996
    outer loop
      vertex 54.2262 117.3 3.78002
      vertex 54.1514 118.155 3.78002
      vertex 54.3034 118.182 4.65551
    endloop
  endfacet
  facet normal 0.851986 0.397411 -0.340859
    outer loop
      vertex 53.6434 118.881 2.94465
      vertex 53.5662 119.763 3.78002
      vertex 53.9291 118.985 3.78002
    endloop
  endfacet
  facet normal 0.641774 0.0560921 -0.76484
    outer loop
      vertex 52.2252 117.3 0.922324
      vertex 52.1808 117.808 0.922324
      vertex 52.8515 117.926 1.49376
    endloop
  endfacet
  facet normal 0.78566 0.366284 -0.498572
    outer loop
      vertex 53.2257 118.729 2.17476
      vertex 52.918 119.389 2.17476
      vertex 53.6434 118.881 2.94465
    endloop
  endfacet
  facet normal -0.168372 0.0450116 -0.984695
    outer loop
      vertex 4.66226 117.377 0.0194063
      vertex 3.80008 117.529 0.173778
      vertex 4.68231 117.452 0.0194063
    endloop
  endfacet
  facet normal -0.0735301 0.158075 -0.984686
    outer loop
      vertex 4.87775 117.685 0.0194063
      vertex 4.44001 118.443 0.173778
      vertex 4.64854 118.54 0.173778
    endloop
  endfacet
  facet normal 0.908116 0.24337 -0.34073
    outer loop
      vertex 53.8519 118.103 2.94465
      vertex 53.6434 118.881 2.94465
      vertex 54.1514 118.155 3.78002
    endloop
  endfacet
  facet normal 0.892604 0.416357 -0.172932
    outer loop
      vertex 53.9291 118.985 3.78002
      vertex 53.5662 119.763 3.78002
      vertex 53.6999 119.84 4.65551
    endloop
  endfacet
  facet normal 0.66464 0.664859 -0.340906
    outer loop
      vertex 53.0737 120.467 3.78002
      vertex 52.2711 120.841 2.94465
      vertex 52.4665 121.074 3.78002
    endloop
  endfacet
  facet normal 0.664833 0.664483 -0.34126
    outer loop
      vertex 52.2711 120.841 2.94465
      vertex 53.0737 120.467 3.78002
      vertex 52.8408 120.271 2.94465
    endloop
  endfacet
  facet normal 0.770235 0.538836 -0.341166
    outer loop
      vertex 53.5662 119.763 3.78002
      vertex 52.8408 120.271 2.94465
      vertex 53.0737 120.467 3.78002
    endloop
  endfacet
  facet normal 0.539173 0.770248 -0.340603
    outer loop
      vertex 52.2711 120.841 2.94465
      vertex 51.6111 121.303 2.94465
      vertex 51.7631 121.566 3.78002
    endloop
  endfacet
  facet normal 0.166071 0.622459 -0.76483
    outer loop
      vertex 50.3005 120.049 0.922324
      vertex 49.9262 120.851 1.49376
      vertex 50.5334 120.689 1.49376
    endloop
  endfacet
  facet normal 0.365896 0.785815 -0.498613
    outer loop
      vertex 51.3888 120.918 2.17476
      vertex 50.8809 121.643 2.94465
      vertex 51.6111 121.303 2.94465
    endloop
  endfacet
  facet normal 0.243024 0.908055 -0.34114
    outer loop
      vertex 50.8809 121.643 2.94465
      vertex 50.1554 122.151 3.78002
      vertex 50.9849 121.929 3.78002
    endloop
  endfacet
  facet normal 0.243854 0.908094 -0.340443
    outer loop
      vertex 50.8809 121.643 2.94465
      vertex 50.1026 121.852 2.94465
      vertex 50.1554 122.151 3.78002
    endloop
  endfacet
  facet normal 0.369082 0.52789 -0.764925
    outer loop
      vertex 51.1803 119.541 0.922324
      vertex 51.1031 120.423 1.49376
      vertex 51.618 120.063 1.49376
    endloop
  endfacet
  facet normal 0.34185 -0.0299777 -0.939276
    outer loop
      vertex 51.4226 4.72573 0.47783
      vertex 50.5999 4.87079 0.173778
      vertex 50.62 5.1 0.173778
    endloop
  endfacet
  facet normal 0.0887992 -0.331487 -0.939271
    outer loop
      vertex 50.0372 3.07463 0.47783
      vertex 49.5292 3.80008 0.173778
      vertex 49.7515 3.85963 0.173778
    endloop
  endfacet
  facet normal 0.583852 -0.272261 -0.764847
    outer loop
      vertex 52.4231 3.29688 1.49376
      vertex 51.8333 3.63738 0.922324
      vertex 52.0488 4.09951 0.922324
    endloop
  endfacet
  facet normal 0.288017 0.410291 -0.865279
    outer loop
      vertex 50.6854 118.951 0.47783
      vertex 50.3777 119.167 0.47783
      vertex 51.1803 119.541 0.922324
    endloop
  endfacet
  facet normal 0.342011 0 -0.939696
    outer loop
      vertex 50.62 5.1 0.173778
      vertex 51.4554 117.3 0.47783
      vertex 51.4554 5.1 0.47783
    endloop
  endfacet
  facet normal 0.342011 0 -0.939696
    outer loop
      vertex 51.4554 117.3 0.47783
      vertex 50.62 5.1 0.173778
      vertex 50.62 117.3 0.173778
    endloop
  endfacet
  facet normal 0.168388 0.0449035 -0.984698
    outer loop
      vertex 49.7377 117.377 0.0194063
      vertex 49.7177 117.452 0.0194063
      vertex 50.5999 117.529 0.173778
    endloop
  endfacet
  facet normal 0.31105 0.144853 -0.93929
    outer loop
      vertex 51.3254 118.037 0.47783
      vertex 50.4431 117.96 0.173778
      vertex 51.1666 118.378 0.47783
    endloop
  endfacet
  facet normal 0.280884 0.197067 -0.939292
    outer loop
      vertex 50.4431 117.96 0.173778
      vertex 50.3112 118.148 0.173778
      vertex 51.1666 118.378 0.47783
    endloop
  endfacet
  facet normal 0.584176 0.2719 -0.764728
    outer loop
      vertex 52.0488 118.3 0.922324
      vertex 51.8333 118.763 0.922324
      vertex 52.4231 119.103 1.49376
    endloop
  endfacet
  facet normal 0.14273 0.100139 -0.984683
    outer loop
      vertex 50.4431 117.96 0.173778
      vertex 49.6405 117.586 0.0194063
      vertex 50.3112 118.148 0.173778
    endloop
  endfacet
  facet normal 0 0.173549 -0.984825
    outer loop
      vertex 5.1 117.744 0.0194063
      vertex 49.3 118.62 0.173778
      vertex 49.3 117.744 0.0194063
    endloop
  endfacet
  facet normal 0 0.173549 -0.984825
    outer loop
      vertex 49.3 118.62 0.173778
      vertex 5.1 117.744 0.0194063
      vertex 5.1 118.62 0.173778
    endloop
  endfacet
  facet normal 0.242787 0.242513 -0.939277
    outer loop
      vertex 50.3112 118.148 0.173778
      vertex 50.6854 118.951 0.47783
      vertex 50.9511 118.685 0.47783
    endloop
  endfacet
  facet normal 0.242902 0.242455 -0.939263
    outer loop
      vertex 50.6854 118.951 0.47783
      vertex 50.3112 118.148 0.173778
      vertex 50.1485 118.311 0.173778
    endloop
  endfacet
  facet normal 0.0292394 0.34201 -0.939241
    outer loop
      vertex 49.6743 119.423 0.47783
      vertex 49.3 118.62 0.173778
      vertex 49.3 119.455 0.47783
    endloop
  endfacet
  facet normal 0.19715 0.280847 -0.939285
    outer loop
      vertex 50.6854 118.951 0.47783
      vertex 50.1485 118.311 0.173778
      vertex 50.3777 119.167 0.47783
    endloop
  endfacet
  facet normal 0.951357 -0.254902 -0.173047
    outer loop
      vertex 54.0742 3.36233 4.65551
      vertex 53.9291 3.41513 3.78002
      vertex 54.3034 4.21776 4.65551
    endloop
  endfacet
  facet normal 0.965929 -0.258807 0
    outer loop
      vertex 54.0742 3.36233 36.8
      vertex 54.3034 4.21776 4.65551
      vertex 54.3034 4.21776 36.8
    endloop
  endfacet
  facet normal 0.965929 -0.258807 0
    outer loop
      vertex 54.3034 4.21776 4.65551
      vertex 54.0742 3.36233 36.8
      vertex 54.0742 3.36233 4.65551
    endloop
  endfacet
  facet normal 0.83734 -0.224331 -0.498536
    outer loop
      vertex 53.6434 3.51912 2.94465
      vertex 53.4142 4.37455 2.17476
      vertex 53.8519 4.29737 2.94465
    endloop
  endfacet
  facet normal 0.936499 -0.0820252 -0.340942
    outer loop
      vertex 54.1514 4.24457 3.78002
      vertex 53.8519 4.29737 2.94465
      vertex 53.9222 5.1 2.94465
    endloop
  endfacet
  facet normal -0.258596 0.965986 0
    outer loop
      vertex 4.21776 122.303 4.65551
      vertex 3.36233 122.074 36.8
      vertex 4.21776 122.303 36.8
    endloop
  endfacet
  facet normal -0.258596 0.965986 0
    outer loop
      vertex 3.36233 122.074 36.8
      vertex 4.21776 122.303 4.65551
      vertex 3.36233 122.074 4.65551
    endloop
  endfacet
  facet normal -0.908118 0.243165 -0.34087
    outer loop
      vertex 0.75658 118.881 2.94465
      vertex 0.248618 118.155 3.78002
      vertex 0.470865 118.985 3.78002
    endloop
  endfacet
  facet normal -0.892577 0.416346 -0.173097
    outer loop
      vertex 0.470865 118.985 3.78002
      vertex 0.325804 119.038 4.65551
      vertex 0.833766 119.763 3.78002
    endloop
  endfacet
  facet normal -0.696346 0.69659 -0.172813
    outer loop
      vertex 1.93349 121.074 3.78002
      vertex 1.20804 120.566 4.65551
      vertex 1.83426 121.192 4.65551
    endloop
  endfacet
  facet normal -0.837198 0.224396 -0.498745
    outer loop
      vertex 0.985792 118.025 2.17476
      vertex 0.548051 118.103 2.94465
      vertex 0.75658 118.881 2.94465
    endloop
  endfacet
  facet normal -0.90813 0.243408 -0.340665
    outer loop
      vertex 0.548051 118.103 2.94465
      vertex 0.248618 118.155 3.78002
      vertex 0.75658 118.881 2.94465
    endloop
  endfacet
  facet normal -0.965969 0.258659 0
    outer loop
      vertex 0.0965919 118.182 4.65551
      vertex 0.325804 119.038 36.8
      vertex 0.325804 119.038 4.65551
    endloop
  endfacet
  facet normal -0.965969 0.258659 0
    outer loop
      vertex 0.325804 119.038 36.8
      vertex 0.0965919 118.182 4.65551
      vertex 0.0965919 118.182 36.8
    endloop
  endfacet
  facet normal -0.90618 0.422891 0
    outer loop
      vertex 0.325804 119.038 4.65551
      vertex 0.700077 119.84 36.8
      vertex 0.700077 119.84 4.65551
    endloop
  endfacet
  facet normal -0.90618 0.422891 0
    outer loop
      vertex 0.700077 119.84 36.8
      vertex 0.325804 119.038 4.65551
      vertex 0.325804 119.038 36.8
    endloop
  endfacet
  facet normal -0.416317 0.892548 -0.173317
    outer loop
      vertex 2.63689 121.566 3.78002
      vertex 2.5597 121.7 4.65551
      vertex 3.41513 121.929 3.78002
    endloop
  endfacet
  facet normal -0.584034 0.272201 -0.764729
    outer loop
      vertex 2.56667 118.763 0.922324
      vertex 1.71124 118.533 1.49376
      vertex 1.9769 119.103 1.49376
    endloop
  endfacet
  facet normal -0.543053 0.542431 -0.640985
    outer loop
      vertex 2.33746 119.618 1.49376
      vertex 2.41464 120.5 2.17476
      vertex 2.78195 120.063 1.49376
    endloop
  endfacet
  facet normal -0.542644 0.542571 -0.641213
    outer loop
      vertex 2.41464 120.5 2.17476
      vertex 2.33746 119.618 1.49376
      vertex 1.89971 119.985 2.17476
    endloop
  endfacet
  facet normal -0.280853 0.197137 -0.939286
    outer loop
      vertex 4.08884 118.148 0.173778
      vertex 3.23341 118.378 0.47783
      vertex 3.4489 118.685 0.47783
    endloop
  endfacet
  facet normal -0.168359 0.045161 -0.984691
    outer loop
      vertex 4.68231 117.452 0.0194063
      vertex 3.80008 117.529 0.173778
      vertex 3.85963 117.751 0.173778
    endloop
  endfacet
  facet normal 0 0.642794 -0.766039
    outer loop
      vertex 5.1 120.225 0.922324
      vertex 49.3 120.906 1.49376
      vertex 49.3 120.225 0.922324
    endloop
  endfacet
  facet normal 0 0.642794 -0.766039
    outer loop
      vertex 49.3 120.906 1.49376
      vertex 5.1 120.225 0.922324
      vertex 5.1 120.906 1.49376
    endloop
  endfacet
  facet normal 0.0298224 0.341765 -0.939312
    outer loop
      vertex 49.5292 118.6 0.173778
      vertex 49.3 118.62 0.173778
      vertex 49.6743 119.423 0.47783
    endloop
  endfacet
  facet normal -0.741103 -0.198581 -0.641352
    outer loop
      vertex 1.17427 3.67115 2.17476
      vertex 0.985792 4.37455 2.17476
      vertex 1.71124 3.86659 1.49376
    endloop
  endfacet
  facet normal -0.741103 -0.198583 -0.641351
    outer loop
      vertex 1.71124 3.86659 1.49376
      vertex 0.985792 4.37455 2.17476
      vertex 1.54854 4.47378 1.49376
    endloop
  endfacet
  facet normal -0.527721 -0.369514 -0.764833
    outer loop
      vertex 2.85914 3.21969 0.922324
      vertex 1.9769 3.29688 1.49376
      vertex 2.56667 3.63738 0.922324
    endloop
  endfacet
  facet normal -0.542523 -0.542523 -0.641356
    outer loop
      vertex 2.41464 1.89971 2.17476
      vertex 2.33746 2.78195 1.49376
      vertex 2.78195 2.33746 1.49376
    endloop
  endfacet
  facet normal -0.542523 -0.542523 -0.641356
    outer loop
      vertex 2.33746 2.78195 1.49376
      vertex 2.41464 1.89971 2.17476
      vertex 1.89971 2.41464 2.17476
    endloop
  endfacet
  facet normal -0.168355 -0.0451031 -0.984694
    outer loop
      vertex 4.68231 4.94797 0.0194063
      vertex 3.80008 4.87079 0.173778
      vertex 4.66226 5.02281 0.0194063
    endloop
  endfacet
  facet normal -0.168354 -0.0451091 -0.984694
    outer loop
      vertex 3.85963 4.64854 0.173778
      vertex 3.80008 4.87079 0.173778
      vertex 4.68231 4.94797 0.0194063
    endloop
  endfacet
  facet normal -0.539223 -0.770093 -0.340874
    outer loop
      vertex 2.63689 0.833766 3.78002
      vertex 1.93349 1.32629 3.78002
      vertex 2.12893 1.55921 2.94465
    endloop
  endfacet
  facet normal -0.539231 -0.770091 -0.340866
    outer loop
      vertex 2.63689 0.833766 3.78002
      vertex 2.12893 1.55921 2.94465
      vertex 2.78891 1.09708 2.94465
    endloop
  endfacet
  facet normal -0.324254 -0.695361 -0.641352
    outer loop
      vertex 3.67115 1.17427 2.17476
      vertex 3.01116 1.48203 2.17476
      vertex 3.86659 1.71124 1.49376
    endloop
  endfacet
  facet normal -0.366347 -0.78563 -0.498572
    outer loop
      vertex 3.51912 0.75658 2.94465
      vertex 3.01116 1.48203 2.17476
      vertex 3.67115 1.17427 2.17476
    endloop
  endfacet
  facet normal -0.95136 -0.254915 -0.173007
    outer loop
      vertex 0.470865 3.41513 3.78002
      vertex 0.0965919 4.21776 4.65551
      vertex 0.248618 4.24457 3.78002
    endloop
  endfacet
  facet normal -0.906308 -0.422619 0
    outer loop
      vertex 0.700077 2.5597 4.65551
      vertex 0.325804 3.36233 36.8
      vertex 0.325804 3.36233 4.65551
    endloop
  endfacet
  facet normal -0.906308 -0.422619 0
    outer loop
      vertex 0.325804 3.36233 36.8
      vertex 0.700077 2.5597 4.65551
      vertex 0.700077 2.5597 36.8
    endloop
  endfacet
  facet normal -0.908077 -0.243318 -0.340871
    outer loop
      vertex 0.470865 3.41513 3.78002
      vertex 0.248618 4.24457 3.78002
      vertex 0.75658 3.51912 2.94465
    endloop
  endfacet
  facet normal -0.785631 -0.366343 -0.498575
    outer loop
      vertex 1.09708 2.78891 2.94465
      vertex 0.75658 3.51912 2.94465
      vertex 1.48203 3.01116 2.17476
    endloop
  endfacet
  facet normal -0.892641 -0.416246 -0.173007
    outer loop
      vertex 0.700077 2.5597 4.65551
      vertex 0.325804 3.36233 4.65551
      vertex 0.833766 2.63689 3.78002
    endloop
  endfacet
  facet normal 0.0871592 -0.996194 0
    outer loop
      vertex 49.3 0.0194063 4.65551
      vertex 50.1822 0.0965919 36.8
      vertex 49.3 0.0194063 36.8
    endloop
  endfacet
  facet normal 0.0871592 -0.996194 0
    outer loop
      vertex 50.1822 0.0965919 36.8
      vertex 49.3 0.0194063 4.65551
      vertex 50.1822 0.0965919 4.65551
    endloop
  endfacet
  facet normal 0.0858449 -0.981173 -0.173006
    outer loop
      vertex 50.1822 0.0965919 4.65551
      vertex 49.3 0.0194063 4.65551
      vertex 49.3 0.173778 3.78002
    endloop
  endfacet
  facet normal 0.422632 -0.906302 0
    outer loop
      vertex 51.0377 0.325804 4.65551
      vertex 51.8403 0.700077 36.8
      vertex 51.0377 0.325804 36.8
    endloop
  endfacet
  facet normal 0.422632 -0.906302 0
    outer loop
      vertex 51.8403 0.700077 36.8
      vertex 51.0377 0.325804 4.65551
      vertex 51.8403 0.700077 4.65551
    endloop
  endfacet
  facet normal 0.416258 -0.892634 -0.173012
    outer loop
      vertex 51.8403 0.700077 4.65551
      vertex 51.0377 0.325804 4.65551
      vertex 51.7631 0.833766 3.78002
    endloop
  endfacet
  facet normal 0.2588 -0.965931 0
    outer loop
      vertex 50.1822 0.0965919 4.65551
      vertex 51.0377 0.325804 36.8
      vertex 50.1822 0.0965919 36.8
    endloop
  endfacet
  facet normal 0.2588 -0.965931 0
    outer loop
      vertex 51.0377 0.325804 36.8
      vertex 50.1822 0.0965919 4.65551
      vertex 51.0377 0.325804 4.65551
    endloop
  endfacet
  facet normal 0.539223 -0.770102 -0.340855
    outer loop
      vertex 51.7631 0.833766 3.78002
      vertex 51.6111 1.09708 2.94465
      vertex 52.2711 1.55921 2.94465
    endloop
  endfacet
  facet normal 0.564951 -0.806782 -0.173014
    outer loop
      vertex 51.8403 0.700077 4.65551
      vertex 51.7631 0.833766 3.78002
      vertex 52.5657 1.20804 4.65551
    endloop
  endfacet
  facet normal 0.440012 -0.628498 -0.641389
    outer loop
      vertex 51.9854 1.89971 2.17476
      vertex 51.3888 1.48203 2.17476
      vertex 51.618 2.33746 1.49376
    endloop
  endfacet
  facet normal 0.542524 -0.542493 -0.641381
    outer loop
      vertex 51.9854 1.89971 2.17476
      vertex 52.0625 2.78195 1.49376
      vertex 52.5003 2.41464 2.17476
    endloop
  endfacet
  facet normal 0.542492 -0.542504 -0.641399
    outer loop
      vertex 52.0625 2.78195 1.49376
      vertex 51.9854 1.89971 2.17476
      vertex 51.618 2.33746 1.49376
    endloop
  endfacet
  facet normal 0.612968 -0.612946 -0.498565
    outer loop
      vertex 52.8408 2.12893 2.94465
      vertex 52.2711 1.55921 2.94465
      vertex 52.5003 2.41464 2.17476
    endloop
  endfacet
  facet normal 0.695416 -0.324216 -0.641312
    outer loop
      vertex 52.918 3.01116 2.17476
      vertex 52.6888 3.86659 1.49376
      vertex 53.2257 3.67115 2.17476
    endloop
  endfacet
  facet normal 0.354532 -0.354581 -0.865205
    outer loop
      vertex 51.1803 2.85914 0.922324
      vertex 50.9511 3.71457 0.47783
      vertex 51.5409 3.21969 0.922324
    endloop
  endfacet
  facet normal 0.354539 -0.354579 -0.865203
    outer loop
      vertex 50.9511 3.71457 0.47783
      vertex 51.1803 2.85914 0.922324
      vertex 50.6854 3.4489 0.47783
    endloop
  endfacet
  facet normal 0.369508 -0.527724 -0.764834
    outer loop
      vertex 51.1031 1.9769 1.49376
      vertex 50.7626 2.56667 0.922324
      vertex 51.1803 2.85914 0.922324
    endloop
  endfacet
  facet normal 0.287611 -0.410761 -0.865191
    outer loop
      vertex 50.7626 2.56667 0.922324
      vertex 50.3777 3.23341 0.47783
      vertex 51.1803 2.85914 0.922324
    endloop
  endfacet
  facet normal 0.145048 -0.311008 -0.939274
    outer loop
      vertex 50.3777 3.23341 0.47783
      vertex 49.7515 3.85963 0.173778
      vertex 49.96 3.95687 0.173778
    endloop
  endfacet
  facet normal 0.785653 -0.366286 -0.498582
    outer loop
      vertex 53.6434 3.51912 2.94465
      vertex 52.918 3.01116 2.17476
      vertex 53.2257 3.67115 2.17476
    endloop
  endfacet
  facet normal 0.785651 -0.366352 -0.498537
    outer loop
      vertex 53.3029 2.78891 2.94465
      vertex 52.918 3.01116 2.17476
      vertex 53.6434 3.51912 2.94465
    endloop
  endfacet
  facet normal 0.622242 -0.166733 -0.764863
    outer loop
      vertex 52.6888 3.86659 1.49376
      vertex 52.0488 4.09951 0.922324
      vertex 52.8515 4.47378 1.49376
    endloop
  endfacet
  facet normal 0.741139 -0.198592 -0.641307
    outer loop
      vertex 53.2257 3.67115 2.17476
      vertex 52.6888 3.86659 1.49376
      vertex 52.8515 4.47378 1.49376
    endloop
  endfacet
  facet normal -0.157956 -0.0736694 -0.984694
    outer loop
      vertex 4.71506 4.87775 0.0194063
      vertex 3.95687 4.44001 0.173778
      vertex 4.68231 4.94797 0.0194063
    endloop
  endfacet
  facet normal -0.166743 -0.622278 -0.764831
    outer loop
      vertex 4.47378 1.54854 1.49376
      vertex 3.86659 1.71124 1.49376
      vertex 4.09951 2.35117 0.922324
    endloop
  endfacet
  facet normal -0.272263 -0.583871 -0.764831
    outer loop
      vertex 3.86659 1.71124 1.49376
      vertex 3.29688 1.9769 1.49376
      vertex 4.09951 2.35117 0.922324
    endloop
  endfacet
  facet normal -0.28761 -0.410748 -0.865197
    outer loop
      vertex 4.02232 3.23341 0.47783
      vertex 3.21969 2.85914 0.922324
      vertex 3.71457 3.4489 0.47783
    endloop
  endfacet
  facet normal -0.369516 -0.52772 -0.764833
    outer loop
      vertex 3.29688 1.9769 1.49376
      vertex 2.78195 2.33746 1.49376
      vertex 3.21969 2.85914 0.922324
    endloop
  endfacet
  facet normal -0.123243 -0.123243 -0.984694
    outer loop
      vertex 4.25153 4.08884 0.173778
      vertex 4.7595 4.81428 0.0194063
      vertex 4.81428 4.7595 0.0194063
    endloop
  endfacet
  facet normal -0.123243 -0.123243 -0.984694
    outer loop
      vertex 4.7595 4.81428 0.0194063
      vertex 4.25153 4.08884 0.173778
      vertex 4.08884 4.25153 0.173778
    endloop
  endfacet
  facet normal -0.0668611 -0.764325 -0.641355
    outer loop
      vertex 5.1 0.922324 2.17476
      vertex 4.47378 1.54854 1.49376
      vertex 5.1 1.49376 1.49376
    endloop
  endfacet
  facet normal -0.258819 -0.965926 0
    outer loop
      vertex 3.36233 0.325804 4.65551
      vertex 4.21776 0.0965919 36.8
      vertex 3.36233 0.325804 36.8
    endloop
  endfacet
  facet normal -0.258819 -0.965926 -0
    outer loop
      vertex 4.21776 0.0965919 36.8
      vertex 3.36233 0.325804 4.65551
      vertex 4.21776 0.0965919 4.65551
    endloop
  endfacet
  facet normal -0.416247 -0.892641 -0.173006
    outer loop
      vertex 3.36233 0.325804 4.65551
      vertex 2.63689 0.833766 3.78002
      vertex 3.41513 0.470865 3.78002
    endloop
  endfacet
  facet normal -0.254917 -0.95136 -0.173006
    outer loop
      vertex 4.21776 0.0965919 4.65551
      vertex 3.36233 0.325804 4.65551
      vertex 3.41513 0.470865 3.78002
    endloop
  endfacet
  facet normal 0 -1 0
    outer loop
      vertex 5.1 0.0194063 36.8
      vertex 13 0.0194063 35.9529
      vertex 12.1529 0.0194063 36.8
    endloop
  endfacet
  facet normal 0 -1 0
    outer loop
      vertex 5.1 0.0194063 36.8
      vertex 13 0.0194063 19.5
      vertex 13 0.0194063 35.9529
    endloop
  endfacet
  facet normal 0 -1 0
    outer loop
      vertex 5.1 0.0194063 4.65551
      vertex 14.3 0.0194063 19.5
      vertex 13 0.0194063 19.5
    endloop
  endfacet
  facet normal 0 -1 -0
    outer loop
      vertex 14.3 0.0194063 19.5
      vertex 5.1 0.0194063 4.65551
      vertex 40.1 0.0194063 19.5
    endloop
  endfacet
  facet normal 0 -1 0
    outer loop
      vertex 49.3 0.0194063 4.65551
      vertex 40.1 0.0194063 19.5
      vertex 5.1 0.0194063 4.65551
    endloop
  endfacet
  facet normal 0 -1 0
    outer loop
      vertex 5.1 0.0194063 4.65551
      vertex 13 0.0194063 19.5
      vertex 5.1 0.0194063 36.8
    endloop
  endfacet
  facet normal 0 -1 0
    outer loop
      vertex 14.3 0.0194063 19.5
      vertex 15.1471 0.0194063 36.8
      vertex 14.3 0.0194063 35.9529
    endloop
  endfacet
  facet normal 0 -1 -0
    outer loop
      vertex 15.1471 0.0194063 36.8
      vertex 14.3 0.0194063 19.5
      vertex 39.2529 0.0194063 36.8
    endloop
  endfacet
  facet normal 0 -1 0
    outer loop
      vertex 40.1 0.0194063 19.5
      vertex 39.2529 0.0194063 36.8
      vertex 14.3 0.0194063 19.5
    endloop
  endfacet
  facet normal 0 -1 0
    outer loop
      vertex 39.2529 0.0194063 36.8
      vertex 40.1 0.0194063 19.5
      vertex 40.1 0.0194063 35.9529
    endloop
  endfacet
  facet normal 0 -1 0
    outer loop
      vertex 41.4 0.0194063 35.9529
      vertex 49.3 0.0194063 36.8
      vertex 42.2471 0.0194063 36.8
    endloop
  endfacet
  facet normal 0 -1 0
    outer loop
      vertex 41.4 0.0194063 19.5
      vertex 49.3 0.0194063 36.8
      vertex 41.4 0.0194063 35.9529
    endloop
  endfacet
  facet normal 0 -1 0
    outer loop
      vertex 41.4 0.0194063 19.5
      vertex 49.3 0.0194063 4.65551
      vertex 49.3 0.0194063 36.8
    endloop
  endfacet
  facet normal 0 -1 0
    outer loop
      vertex 40.1 0.0194063 19.5
      vertex 49.3 0.0194063 4.65551
      vertex 41.4 0.0194063 19.5
    endloop
  endfacet
  facet normal 0.764357 0.0669471 -0.641309
    outer loop
      vertex 53.4777 117.3 2.17476
      vertex 52.8515 117.926 1.49376
      vertex 53.4142 118.025 2.17476
    endloop
  endfacet
  facet normal 0.764294 0.0667841 -0.641401
    outer loop
      vertex 52.9062 117.3 1.49376
      vertex 52.8515 117.926 1.49376
      vertex 53.4777 117.3 2.17476
    endloop
  endfacet
  facet normal 0.837224 0.224372 -0.498712
    outer loop
      vertex 53.8519 118.103 2.94465
      vertex 53.4142 118.025 2.17476
      vertex 53.6434 118.881 2.94465
    endloop
  endfacet
  facet normal 0.936551 0.0819345 -0.340821
    outer loop
      vertex 54.2262 117.3 3.78002
      vertex 53.9222 117.3 2.94465
      vertex 54.1514 118.155 3.78002
    endloop
  endfacet
  facet normal 0.851994 0.397403 -0.340849
    outer loop
      vertex 53.6434 118.881 2.94465
      vertex 53.3029 119.611 2.94465
      vertex 53.5662 119.763 3.78002
    endloop
  endfacet
  facet normal 0.785655 0.36646 -0.498451
    outer loop
      vertex 53.6434 118.881 2.94465
      vertex 52.918 119.389 2.17476
      vertex 53.3029 119.611 2.94465
    endloop
  endfacet
  facet normal 0.613003 0.61268 -0.498849
    outer loop
      vertex 52.8408 120.271 2.94465
      vertex 51.9854 120.5 2.17476
      vertex 52.2711 120.841 2.94465
    endloop
  endfacet
  facet normal 0.612945 0.612826 -0.498741
    outer loop
      vertex 51.9854 120.5 2.17476
      vertex 52.8408 120.271 2.94465
      vertex 52.5003 119.985 2.17476
    endloop
  endfacet
  facet normal 0.565004 0.806799 -0.172761
    outer loop
      vertex 52.4665 121.074 3.78002
      vertex 51.8403 121.7 4.65551
      vertex 52.5657 121.192 4.65551
    endloop
  endfacet
  facet normal 0.696295 0.696629 -0.172861
    outer loop
      vertex 53.0737 120.467 3.78002
      vertex 52.5657 121.192 4.65551
      vertex 53.192 120.566 4.65551
    endloop
  endfacet
  facet normal 0.696356 0.696586 -0.17279
    outer loop
      vertex 52.5657 121.192 4.65551
      vertex 53.0737 120.467 3.78002
      vertex 52.4665 121.074 3.78002
    endloop
  endfacet
  facet normal 0.439594 0.628741 -0.641437
    outer loop
      vertex 51.618 120.063 1.49376
      vertex 51.1031 120.423 1.49376
      vertex 51.3888 120.918 2.17476
    endloop
  endfacet
  facet normal 0.455732 0.45522 -0.764908
    outer loop
      vertex 51.5409 119.18 0.922324
      vertex 51.618 120.063 1.49376
      vertex 52.0625 119.618 1.49376
    endloop
  endfacet
  facet normal 0.455726 0.455221 -0.76491
    outer loop
      vertex 51.618 120.063 1.49376
      vertex 51.5409 119.18 0.922324
      vertex 51.1803 119.541 0.922324
    endloop
  endfacet
  facet normal 0.416013 0.89276 -0.17295
    outer loop
      vertex 51.8403 121.7 4.65551
      vertex 50.9849 121.929 3.78002
      vertex 51.0377 122.074 4.65551
    endloop
  endfacet
  facet normal 0.25468 0.951436 -0.172938
    outer loop
      vertex 50.9849 121.929 3.78002
      vertex 50.1822 122.303 4.65551
      vertex 51.0377 122.074 4.65551
    endloop
  endfacet
  facet normal 0.0674163 0.764122 -0.641539
    outer loop
      vertex 49.9262 120.851 1.49376
      vertex 49.3 121.478 2.17476
      vertex 50.0254 121.414 2.17476
    endloop
  endfacet
  facet normal 0.0860265 0.981161 -0.17298
    outer loop
      vertex 50.1554 122.151 3.78002
      vertex 49.3 122.226 3.78002
      vertex 50.1822 122.303 4.65551
    endloop
  endfacet
  facet normal 0.144746 0.311129 -0.93928
    outer loop
      vertex 49.96 118.443 0.173778
      vertex 49.7515 118.54 0.173778
      vertex 50.0372 119.325 0.47783
    endloop
  endfacet
  facet normal 0.628355 0.440375 -0.64128
    outer loop
      vertex 52.918 119.389 2.17476
      vertex 52.0625 119.618 1.49376
      vertex 52.5003 119.985 2.17476
    endloop
  endfacet
  facet normal 0.628412 0.44001 -0.641474
    outer loop
      vertex 52.4231 119.103 1.49376
      vertex 52.0625 119.618 1.49376
      vertex 52.918 119.389 2.17476
    endloop
  endfacet
  facet normal 0.695338 0.324125 -0.641443
    outer loop
      vertex 52.6888 118.533 1.49376
      vertex 52.4231 119.103 1.49376
      vertex 52.918 119.389 2.17476
    endloop
  endfacet
  facet normal 0.622248 0.166945 -0.764812
    outer loop
      vertex 52.1808 117.808 0.922324
      vertex 52.0488 118.3 0.922324
      vertex 52.8515 117.926 1.49376
    endloop
  endfacet
  facet normal 0.168363 -0.0450736 -0.984694
    outer loop
      vertex 50.5404 4.64854 0.173778
      vertex 49.7177 4.94797 0.0194063
      vertex 50.5999 4.87079 0.173778
    endloop
  endfacet
  facet normal 0.0736666 -0.157954 -0.984695
    outer loop
      vertex 49.7515 3.85963 0.173778
      vertex 49.452 4.68231 0.0194063
      vertex 49.96 3.95687 0.173778
    endloop
  endfacet
  facet normal 0.410728 -0.28761 -0.865207
    outer loop
      vertex 51.5409 3.21969 0.922324
      vertex 50.9511 3.71457 0.47783
      vertex 51.1666 4.02232 0.47783
    endloop
  endfacet
  facet normal 0.484386 -0.129739 -0.865181
    outer loop
      vertex 52.0488 4.09951 0.922324
      vertex 51.3254 4.36283 0.47783
      vertex 51.4226 4.72573 0.47783
    endloop
  endfacet
  facet normal 0.33149 -0.0887872 -0.939271
    outer loop
      vertex 51.3254 4.36283 0.47783
      vertex 50.5404 4.64854 0.173778
      vertex 51.4226 4.72573 0.47783
    endloop
  endfacet
  facet normal 0.15792 -0.0737652 -0.984693
    outer loop
      vertex 50.5404 4.64854 0.173778
      vertex 49.6849 4.87775 0.0194063
      vertex 49.7177 4.94797 0.0194063
    endloop
  endfacet
  facet normal 0.331488 -0.0887449 -0.939276
    outer loop
      vertex 51.4226 4.72573 0.47783
      vertex 50.5404 4.64854 0.173778
      vertex 50.5999 4.87079 0.173778
    endloop
  endfacet
  facet normal 0.341858 0.0299811 -0.939273
    outer loop
      vertex 51.4554 117.3 0.47783
      vertex 50.62 117.3 0.173778
      vertex 51.4226 117.674 0.47783
    endloop
  endfacet
  facet normal 0.341848 0.030005 -0.939276
    outer loop
      vertex 50.62 117.3 0.173778
      vertex 50.5999 117.529 0.173778
      vertex 51.4226 117.674 0.47783
    endloop
  endfacet
  facet normal 0.454625 0.211714 -0.865155
    outer loop
      vertex 51.3254 118.037 0.47783
      vertex 51.1666 118.378 0.47783
      vertex 52.0488 118.3 0.922324
    endloop
  endfacet
  facet normal 0.157996 0.0735549 -0.984696
    outer loop
      vertex 50.5404 117.751 0.173778
      vertex 49.6849 117.522 0.0194063
      vertex 50.4431 117.96 0.173778
    endloop
  endfacet
  facet normal 0.410339 0.28804 -0.865248
    outer loop
      vertex 51.1666 118.378 0.47783
      vertex 50.9511 118.685 0.47783
      vertex 51.5409 119.18 0.922324
    endloop
  endfacet
  facet normal 0.280858 0.19715 -0.939282
    outer loop
      vertex 51.1666 118.378 0.47783
      vertex 50.3112 118.148 0.173778
      vertex 50.9511 118.685 0.47783
    endloop
  endfacet
  facet normal 0.196753 0.28097 -0.939332
    outer loop
      vertex 50.1485 118.311 0.173778
      vertex 49.96 118.443 0.173778
      vertex 50.3777 119.167 0.47783
    endloop
  endfacet
  facet normal 0.0894547 0.331256 -0.939291
    outer loop
      vertex 49.7515 118.54 0.173778
      vertex 49.6743 119.423 0.47783
      vertex 50.0372 119.325 0.47783
    endloop
  endfacet
  facet normal 0.0894072 0.331254 -0.939296
    outer loop
      vertex 49.7515 118.54 0.173778
      vertex 49.5292 118.6 0.173778
      vertex 49.6743 119.423 0.47783
    endloop
  endfacet
  facet normal 0.210934 0.454576 -0.865371
    outer loop
      vertex 50.3777 119.167 0.47783
      vertex 50.0372 119.325 0.47783
      vertex 50.3005 120.049 0.922324
    endloop
  endfacet
  facet normal 0.212463 0.454533 -0.86502
    outer loop
      vertex 50.3777 119.167 0.47783
      vertex 50.3005 120.049 0.922324
      vertex 50.7626 119.833 0.922324
    endloop
  endfacet
  facet normal 0.892624 -0.416268 -0.173044
    outer loop
      vertex 54.0742 3.36233 4.65551
      vertex 53.6999 2.5597 4.65551
      vertex 53.9291 3.41513 3.78002
    endloop
  endfacet
  facet normal 0.806825 -0.56488 -0.173046
    outer loop
      vertex 53.192 1.83426 4.65551
      vertex 53.0737 1.93349 3.78002
      vertex 53.6999 2.5597 4.65551
    endloop
  endfacet
  facet normal -0.770217 0.53885 -0.341183
    outer loop
      vertex 1.55921 120.271 2.94465
      vertex 0.833766 119.763 3.78002
      vertex 1.32629 120.467 3.78002
    endloop
  endfacet
  facet normal -0.422365 0.906426 0
    outer loop
      vertex 3.36233 122.074 4.65551
      vertex 2.5597 121.7 36.8
      vertex 3.36233 122.074 36.8
    endloop
  endfacet
  facet normal -0.422365 0.906426 0
    outer loop
      vertex 2.5597 121.7 36.8
      vertex 3.36233 122.074 4.65551
      vertex 2.5597 121.7 4.65551
    endloop
  endfacet
  facet normal -0.936535 0.0818984 -0.340873
    outer loop
      vertex 0.47783 117.3 2.94465
      vertex 0.173778 117.3 3.78002
      vertex 0.548051 118.103 2.94465
    endloop
  endfacet
  facet normal -0.863521 0.0755134 -0.498628
    outer loop
      vertex 0.985792 118.025 2.17476
      vertex 0.47783 117.3 2.94465
      vertex 0.548051 118.103 2.94465
    endloop
  endfacet
  facet normal -0.981166 0.0858836 -0.173025
    outer loop
      vertex 0.173778 117.3 3.78002
      vertex 0.0965919 118.182 4.65551
      vertex 0.248618 118.155 3.78002
    endloop
  endfacet
  facet normal -0.951394 0.254752 -0.173063
    outer loop
      vertex 0.248618 118.155 3.78002
      vertex 0.0965919 118.182 4.65551
      vertex 0.470865 118.985 3.78002
    endloop
  endfacet
  facet normal -0.851989 0.397401 -0.340862
    outer loop
      vertex 1.09708 119.611 2.94465
      vertex 0.75658 118.881 2.94465
      vertex 0.833766 119.763 3.78002
    endloop
  endfacet
  facet normal -0.628445 0.439985 -0.64146
    outer loop
      vertex 1.9769 119.103 1.49376
      vertex 1.48203 119.389 2.17476
      vertex 2.33746 119.618 1.49376
    endloop
  endfacet
  facet normal 0 0.939711 -0.341971
    outer loop
      vertex 49.3 121.922 2.94465
      vertex 5.1 122.226 3.78002
      vertex 49.3 122.226 3.78002
    endloop
  endfacet
  facet normal 0 0.939711 -0.341971
    outer loop
      vertex 5.1 122.226 3.78002
      vertex 49.3 121.922 2.94465
      vertex 5.1 121.922 2.94465
    endloop
  endfacet
  facet normal -0.664548 0.664767 -0.341263
    outer loop
      vertex 1.55921 120.271 2.94465
      vertex 1.32629 120.467 3.78002
      vertex 1.93349 121.074 3.78002
    endloop
  endfacet
  facet normal -0.807049 0.564618 -0.172853
    outer loop
      vertex 1.32629 120.467 3.78002
      vertex 0.833766 119.763 3.78002
      vertex 1.20804 120.566 4.65551
    endloop
  endfacet
  facet normal -0.696352 0.696582 -0.172823
    outer loop
      vertex 1.32629 120.467 3.78002
      vertex 1.20804 120.566 4.65551
      vertex 1.93349 121.074 3.78002
    endloop
  endfacet
  facet normal -0.0292418 0.34201 -0.939241
    outer loop
      vertex 5.1 118.62 0.173778
      vertex 4.72573 119.423 0.47783
      vertex 5.1 119.455 0.47783
    endloop
  endfacet
  facet normal -0.695371 0.324092 -0.641423
    outer loop
      vertex 1.71124 118.533 1.49376
      vertex 1.48203 119.389 2.17476
      vertex 1.9769 119.103 1.49376
    endloop
  endfacet
  facet normal -0.197789 0.741329 -0.641335
    outer loop
      vertex 3.86659 120.689 1.49376
      vertex 3.67115 121.226 2.17476
      vertex 4.47378 120.851 1.49376
    endloop
  endfacet
  facet normal -0.197122 0.280853 -0.939289
    outer loop
      vertex 4.25153 118.311 0.173778
      vertex 3.71457 118.951 0.47783
      vertex 4.02232 119.167 0.47783
    endloop
  endfacet
  facet normal -0.369061 0.52789 -0.764935
    outer loop
      vertex 3.21969 119.541 0.922324
      vertex 2.78195 120.063 1.49376
      vertex 3.29688 120.423 1.49376
    endloop
  endfacet
  facet normal -0.100001 0.142789 -0.984688
    outer loop
      vertex 4.87775 117.685 0.0194063
      vertex 4.25153 118.311 0.173778
      vertex 4.44001 118.443 0.173778
    endloop
  endfacet
  facet normal -0.439572 0.628747 -0.641446
    outer loop
      vertex 3.29688 120.423 1.49376
      vertex 2.78195 120.063 1.49376
      vertex 3.01116 120.918 2.17476
    endloop
  endfacet
  facet normal 0.366702 0.785791 -0.498058
    outer loop
      vertex 51.3888 120.918 2.17476
      vertex 50.7288 121.226 2.17476
      vertex 50.8809 121.643 2.94465
    endloop
  endfacet
  facet normal 0.0563677 0.641772 -0.764821
    outer loop
      vertex 49.9262 120.851 1.49376
      vertex 49.3 120.225 0.922324
      vertex 49.3 120.906 1.49376
    endloop
  endfacet
  facet normal -0.583871 -0.272263 -0.764831
    outer loop
      vertex 1.9769 3.29688 1.49376
      vertex 1.71124 3.86659 1.49376
      vertex 2.35117 4.09951 0.922324
    endloop
  endfacet
  facet normal -0.583866 -0.272268 -0.764834
    outer loop
      vertex 2.56667 3.63738 0.922324
      vertex 1.9769 3.29688 1.49376
      vertex 2.35117 4.09951 0.922324
    endloop
  endfacet
  facet normal -0.497208 -0.710076 -0.498575
    outer loop
      vertex 2.78891 1.09708 2.94465
      vertex 2.12893 1.55921 2.94465
      vertex 3.01116 1.48203 2.17476
    endloop
  endfacet
  facet normal -0.366343 -0.785631 -0.498575
    outer loop
      vertex 3.51912 0.75658 2.94465
      vertex 2.78891 1.09708 2.94465
      vertex 3.01116 1.48203 2.17476
    endloop
  endfacet
  facet normal -0.852028 -0.397309 -0.340871
    outer loop
      vertex 0.833766 2.63689 3.78002
      vertex 0.470865 3.41513 3.78002
      vertex 0.75658 3.51912 2.94465
    endloop
  endfacet
  facet normal -0.806801 -0.564926 -0.173002
    outer loop
      vertex 1.20804 1.83426 4.65551
      vertex 0.833766 2.63689 3.78002
      vertex 1.32629 1.93349 3.78002
    endloop
  endfacet
  facet normal -0.806797 -0.56493 -0.173008
    outer loop
      vertex 1.20804 1.83426 4.65551
      vertex 0.700077 2.5597 4.65551
      vertex 0.833766 2.63689 3.78002
    endloop
  endfacet
  facet normal -0.892641 -0.416247 -0.173006
    outer loop
      vertex 0.833766 2.63689 3.78002
      vertex 0.325804 3.36233 4.65551
      vertex 0.470865 3.41513 3.78002
    endloop
  endfacet
  facet normal 0.416265 -0.892632 -0.173006
    outer loop
      vertex 51.0377 0.325804 4.65551
      vertex 50.9849 0.470865 3.78002
      vertex 51.7631 0.833766 3.78002
    endloop
  endfacet
  facet normal 0.397325 -0.852019 -0.340875
    outer loop
      vertex 50.9849 0.470865 3.78002
      vertex 50.8809 0.75658 2.94465
      vertex 51.7631 0.833766 3.78002
    endloop
  endfacet
  facet normal 0.664773 -0.664749 -0.34086
    outer loop
      vertex 53.0737 1.93349 3.78002
      vertex 52.2711 1.55921 2.94465
      vertex 52.8408 2.12893 2.94465
    endloop
  endfacet
  facet normal 0.77011 -0.53921 -0.340857
    outer loop
      vertex 53.0737 1.93349 3.78002
      vertex 52.8408 2.12893 2.94465
      vertex 53.3029 2.78891 2.94465
    endloop
  endfacet
  facet normal 0.455556 -0.455566 -0.764806
    outer loop
      vertex 51.618 2.33746 1.49376
      vertex 51.5409 3.21969 0.922324
      vertex 52.0625 2.78195 1.49376
    endloop
  endfacet
  facet normal 0.455517 -0.45558 -0.764821
    outer loop
      vertex 51.5409 3.21969 0.922324
      vertex 51.618 2.33746 1.49376
      vertex 51.1803 2.85914 0.922324
    endloop
  endfacet
  facet normal 0.281116 -0.19685 -0.939268
    outer loop
      vertex 50.9511 3.71457 0.47783
      vertex 50.3112 4.25153 0.173778
      vertex 51.1666 4.02232 0.47783
    endloop
  endfacet
  facet normal 0.129784 -0.484343 -0.865198
    outer loop
      vertex 50.3005 2.35117 0.922324
      vertex 49.808 2.2192 0.922324
      vertex 50.0372 3.07463 0.47783
    endloop
  endfacet
  facet normal 0.145033 -0.311021 -0.939272
    outer loop
      vertex 50.0372 3.07463 0.47783
      vertex 49.7515 3.85963 0.173778
      vertex 50.3777 3.23341 0.47783
    endloop
  endfacet
  facet normal 0.287637 -0.410719 -0.865202
    outer loop
      vertex 51.1803 2.85914 0.922324
      vertex 50.3777 3.23341 0.47783
      vertex 50.6854 3.4489 0.47783
    endloop
  endfacet
  facet normal 0.281147 -0.196749 -0.93928
    outer loop
      vertex 51.1666 4.02232 0.47783
      vertex 50.3112 4.25153 0.173778
      vertex 50.4431 4.44001 0.173778
    endloop
  endfacet
  facet normal 0.741124 -0.198609 -0.641319
    outer loop
      vertex 53.2257 3.67115 2.17476
      vertex 52.8515 4.47378 1.49376
      vertex 53.4142 4.37455 2.17476
    endloop
  endfacet
  facet normal 0.764351 -0.0669051 -0.64132
    outer loop
      vertex 53.4142 4.37455 2.17476
      vertex 52.8515 4.47378 1.49376
      vertex 53.4777 5.1 2.17476
    endloop
  endfacet
  facet normal 0.695329 -0.324286 -0.641371
    outer loop
      vertex 52.918 3.01116 2.17476
      vertex 52.4231 3.29688 1.49376
      vertex 52.6888 3.86659 1.49376
    endloop
  endfacet
  facet normal 0.583825 -0.272283 -0.76486
    outer loop
      vertex 52.4231 3.29688 1.49376
      vertex 52.0488 4.09951 0.922324
      vertex 52.6888 3.86659 1.49376
    endloop
  endfacet
  facet normal -0.354565 -0.354565 -0.865198
    outer loop
      vertex 3.21969 2.85914 0.922324
      vertex 3.4489 3.71457 0.47783
      vertex 3.71457 3.4489 0.47783
    endloop
  endfacet
  facet normal -0.354565 -0.354565 -0.865198
    outer loop
      vertex 3.4489 3.71457 0.47783
      vertex 3.21969 2.85914 0.922324
      vertex 2.85914 3.21969 0.922324
    endloop
  endfacet
  facet normal -0.410749 -0.28761 -0.865197
    outer loop
      vertex 2.85914 3.21969 0.922324
      vertex 2.56667 3.63738 0.922324
      vertex 3.23341 4.02232 0.47783
    endloop
  endfacet
  facet normal -0.0736694 -0.157956 -0.984694
    outer loop
      vertex 4.94797 4.68231 0.0194063
      vertex 4.44001 3.95687 0.173778
      vertex 4.87775 4.71506 0.0194063
    endloop
  endfacet
  facet normal -0.0736599 -0.157963 -0.984694
    outer loop
      vertex 4.64854 3.85963 0.173778
      vertex 4.44001 3.95687 0.173778
      vertex 4.94797 4.68231 0.0194063
    endloop
  endfacet
  facet normal -0.440077 -0.628491 -0.641351
    outer loop
      vertex 3.01116 1.48203 2.17476
      vertex 2.78195 2.33746 1.49376
      vertex 3.29688 1.9769 1.49376
    endloop
  endfacet
  facet normal -0.281111 -0.196837 -0.939272
    outer loop
      vertex 3.4489 3.71457 0.47783
      vertex 3.23341 4.02232 0.47783
      vertex 4.08884 4.25153 0.173778
    endloop
  endfacet
  facet normal -0.28761 -0.410749 -0.865197
    outer loop
      vertex 3.63738 2.56667 0.922324
      vertex 3.21969 2.85914 0.922324
      vertex 4.02232 3.23341 0.47783
    endloop
  endfacet
  facet normal -0.454453 -0.211912 -0.865197
    outer loop
      vertex 3.23341 4.02232 0.47783
      vertex 2.56667 3.63738 0.922324
      vertex 3.07463 4.36283 0.47783
    endloop
  endfacet
  facet normal -0.311021 -0.145029 -0.939272
    outer loop
      vertex 3.23341 4.02232 0.47783
      vertex 3.07463 4.36283 0.47783
      vertex 3.85963 4.64854 0.173778
    endloop
  endfacet
  facet normal 0.741192 0.198458 -0.641287
    outer loop
      vertex 53.4142 118.025 2.17476
      vertex 52.8515 117.926 1.49376
      vertex 53.2257 118.729 2.17476
    endloop
  endfacet
  facet normal 0.695298 0.324157 -0.641469
    outer loop
      vertex 53.2257 118.729 2.17476
      vertex 52.6888 118.533 1.49376
      vertex 52.918 119.389 2.17476
    endloop
  endfacet
  facet normal 0.642794 0 -0.766039
    outer loop
      vertex 52.2252 5.1 0.922324
      vertex 52.9062 117.3 1.49376
      vertex 52.9062 5.1 1.49376
    endloop
  endfacet
  facet normal 0.642794 0 -0.766039
    outer loop
      vertex 52.9062 117.3 1.49376
      vertex 52.2252 5.1 0.922324
      vertex 52.2252 117.3 0.922324
    endloop
  endfacet
  facet normal 0.641782 0.056079 -0.764834
    outer loop
      vertex 52.9062 117.3 1.49376
      vertex 52.2252 117.3 0.922324
      vertex 52.8515 117.926 1.49376
    endloop
  endfacet
  facet normal 0.863543 0.0756344 -0.498571
    outer loop
      vertex 53.4777 117.3 2.17476
      vertex 53.4142 118.025 2.17476
      vertex 53.9222 117.3 2.94465
    endloop
  endfacet
  facet normal 0.866024 0 -0.500003
    outer loop
      vertex 53.9222 5.1 2.94465
      vertex 53.4777 117.3 2.17476
      vertex 53.9222 117.3 2.94465
    endloop
  endfacet
  facet normal 0.866024 0 -0.500003
    outer loop
      vertex 53.4777 117.3 2.17476
      vertex 53.9222 5.1 2.94465
      vertex 53.4777 5.1 2.17476
    endloop
  endfacet
  facet normal 0.936528 0.0819899 -0.340871
    outer loop
      vertex 53.9222 117.3 2.94465
      vertex 53.8519 118.103 2.94465
      vertex 54.1514 118.155 3.78002
    endloop
  endfacet
  facet normal 0.863531 0.0755993 -0.498596
    outer loop
      vertex 53.9222 117.3 2.94465
      vertex 53.4142 118.025 2.17476
      vertex 53.8519 118.103 2.94465
    endloop
  endfacet
  facet normal 0.710171 0.497227 -0.498421
    outer loop
      vertex 52.918 119.389 2.17476
      vertex 52.8408 120.271 2.94465
      vertex 53.3029 119.611 2.94465
    endloop
  endfacet
  facet normal 0.770121 0.539201 -0.340845
    outer loop
      vertex 53.3029 119.611 2.94465
      vertex 52.8408 120.271 2.94465
      vertex 53.5662 119.763 3.78002
    endloop
  endfacet
  facet normal 0.440428 0.628611 -0.640993
    outer loop
      vertex 51.618 120.063 1.49376
      vertex 51.3888 120.918 2.17476
      vertex 51.9854 120.5 2.17476
    endloop
  endfacet
  facet normal 0.497295 0.709775 -0.498916
    outer loop
      vertex 51.9854 120.5 2.17476
      vertex 51.3888 120.918 2.17476
      vertex 52.2711 120.841 2.94465
    endloop
  endfacet
  facet normal 0.538832 0.770354 -0.340903
    outer loop
      vertex 52.2711 120.841 2.94465
      vertex 51.7631 121.566 3.78002
      vertex 52.4665 121.074 3.78002
    endloop
  endfacet
  facet normal 0.564493 0.807041 -0.1733
    outer loop
      vertex 52.4665 121.074 3.78002
      vertex 51.7631 121.566 3.78002
      vertex 51.8403 121.7 4.65551
    endloop
  endfacet
  facet normal 0.197787 0.741335 -0.641328
    outer loop
      vertex 50.5334 120.689 1.49376
      vertex 49.9262 120.851 1.49376
      vertex 50.7288 121.226 2.17476
    endloop
  endfacet
  facet normal 0.324459 0.695269 -0.641349
    outer loop
      vertex 51.3888 120.918 2.17476
      vertex 50.5334 120.689 1.49376
      vertex 50.7288 121.226 2.17476
    endloop
  endfacet
  facet normal 0.622215 0.166778 -0.764875
    outer loop
      vertex 52.8515 117.926 1.49376
      vertex 52.0488 118.3 0.922324
      vertex 52.6888 118.533 1.49376
    endloop
  endfacet
  facet normal 0.583855 0.272159 -0.764881
    outer loop
      vertex 52.6888 118.533 1.49376
      vertex 52.0488 118.3 0.922324
      vertex 52.4231 119.103 1.49376
    endloop
  endfacet
  facet normal 0.123218 -0.123263 -0.984695
    outer loop
      vertex 50.3112 4.25153 0.173778
      vertex 49.5857 4.7595 0.0194063
      vertex 49.6405 4.81428 0.0194063
    endloop
  endfacet
  facet normal 0.173645 0 -0.984808
    outer loop
      vertex 49.7445 5.1 0.0194063
      vertex 50.62 117.3 0.173778
      vertex 50.62 5.1 0.173778
    endloop
  endfacet
  facet normal 0.173645 0 -0.984808
    outer loop
      vertex 50.62 117.3 0.173778
      vertex 49.7445 5.1 0.0194063
      vertex 49.7445 117.3 0.0194063
    endloop
  endfacet
  facet normal -0.0999664 -0.142774 -0.984694
    outer loop
      vertex 4.87775 4.71506 0.0194063
      vertex 4.44001 3.95687 0.173778
      vertex 4.81428 4.7595 0.0194063
    endloop
  endfacet
  facet normal 0.173619 -0.0152251 -0.984695
    outer loop
      vertex 50.5999 4.87079 0.173778
      vertex 49.7377 5.02281 0.0194063
      vertex 50.62 5.1 0.173778
    endloop
  endfacet
  facet normal 0.168371 -0.0449948 -0.984696
    outer loop
      vertex 50.5999 4.87079 0.173778
      vertex 49.7177 4.94797 0.0194063
      vertex 49.7377 5.02281 0.0194063
    endloop
  endfacet
  facet normal 0.310991 -0.145108 -0.93927
    outer loop
      vertex 51.3254 4.36283 0.47783
      vertex 50.4431 4.44001 0.173778
      vertex 50.5404 4.64854 0.173778
    endloop
  endfacet
  facet normal 0.484436 0.129717 -0.865156
    outer loop
      vertex 51.4226 117.674 0.47783
      vertex 51.3254 118.037 0.47783
      vertex 52.0488 118.3 0.922324
    endloop
  endfacet
  facet normal 0.48427 0.129926 -0.865217
    outer loop
      vertex 52.1808 117.808 0.922324
      vertex 51.4226 117.674 0.47783
      vertex 52.0488 118.3 0.922324
    endloop
  endfacet
  facet normal 0.331472 0.0887578 -0.939281
    outer loop
      vertex 51.4226 117.674 0.47783
      vertex 50.5404 117.751 0.173778
      vertex 51.3254 118.037 0.47783
    endloop
  endfacet
  facet normal 0.331476 0.0888415 -0.939271
    outer loop
      vertex 50.5999 117.529 0.173778
      vertex 50.5404 117.751 0.173778
      vertex 51.4226 117.674 0.47783
    endloop
  endfacet
  facet normal 0.143129 0.0992954 -0.98471
    outer loop
      vertex 49.6849 117.522 0.0194063
      vertex 49.6405 117.586 0.0194063
      vertex 50.4431 117.96 0.173778
    endloop
  endfacet
  facet normal 0.410575 0.287895 -0.865185
    outer loop
      vertex 51.8333 118.763 0.922324
      vertex 51.1666 118.378 0.47783
      vertex 51.5409 119.18 0.922324
    endloop
  endfacet
  facet normal 0.527612 0.369961 -0.764692
    outer loop
      vertex 51.8333 118.763 0.922324
      vertex 51.5409 119.18 0.922324
      vertex 52.4231 119.103 1.49376
    endloop
  endfacet
  facet normal 0.354709 0.354316 -0.865241
    outer loop
      vertex 50.9511 118.685 0.47783
      vertex 51.1803 119.541 0.922324
      vertex 51.5409 119.18 0.922324
    endloop
  endfacet
  facet normal 0.354714 0.354314 -0.865239
    outer loop
      vertex 51.1803 119.541 0.922324
      vertex 50.9511 118.685 0.47783
      vertex 50.6854 118.951 0.47783
    endloop
  endfacet
  facet normal 0.0151545 0.173671 -0.984687
    outer loop
      vertex 49.3772 117.738 0.0194063
      vertex 49.3 118.62 0.173778
      vertex 49.5292 118.6 0.173778
    endloop
  endfacet
  facet normal 0.0450277 0.168404 -0.984689
    outer loop
      vertex 49.452 117.718 0.0194063
      vertex 49.3772 117.738 0.0194063
      vertex 49.5292 118.6 0.173778
    endloop
  endfacet
  facet normal 0.0432794 0.49968 -0.865128
    outer loop
      vertex 49.6743 119.423 0.47783
      vertex 49.3 120.225 0.922324
      vertex 49.808 120.181 0.922324
    endloop
  endfacet
  facet normal 0.129835 0.484423 -0.865145
    outer loop
      vertex 50.3005 120.049 0.922324
      vertex 49.6743 119.423 0.47783
      vertex 49.808 120.181 0.922324
    endloop
  endfacet
  facet normal 0.100032 0.142848 -0.984677
    outer loop
      vertex 50.1485 118.311 0.173778
      vertex 49.5857 117.641 0.0194063
      vertex 49.96 118.443 0.173778
    endloop
  endfacet
  facet normal 0.0992407 0.143222 -0.984702
    outer loop
      vertex 49.5857 117.641 0.0194063
      vertex 49.5222 117.685 0.0194063
      vertex 49.96 118.443 0.173778
    endloop
  endfacet
  facet normal -0.564493 0.807042 -0.173294
    outer loop
      vertex 2.63689 121.566 3.78002
      vertex 1.93349 121.074 3.78002
      vertex 2.5597 121.7 4.65551
    endloop
  endfacet
  facet normal -0.564981 0.806811 -0.17278
    outer loop
      vertex 1.93349 121.074 3.78002
      vertex 1.83426 121.192 4.65551
      vertex 2.5597 121.7 4.65551
    endloop
  endfacet
  facet normal -0.416001 0.892766 -0.17295
    outer loop
      vertex 3.41513 121.929 3.78002
      vertex 2.5597 121.7 4.65551
      vertex 3.36233 122.074 4.65551
    endloop
  endfacet
  facet normal -0.0753045 0.863452 -0.498778
    outer loop
      vertex 4.37455 121.414 2.17476
      vertex 4.29737 121.852 2.94465
      vertex 5.1 121.922 2.94465
    endloop
  endfacet
  facet normal -0.0762008 0.863748 -0.498129
    outer loop
      vertex 5.1 121.478 2.17476
      vertex 4.37455 121.414 2.17476
      vertex 5.1 121.922 2.94465
    endloop
  endfacet
  facet normal -0.819358 0.573283 0
    outer loop
      vertex 0.700077 119.84 4.65551
      vertex 1.20804 120.566 36.8
      vertex 1.20804 120.566 4.65551
    endloop
  endfacet
  facet normal -0.819358 0.573283 0
    outer loop
      vertex 1.20804 120.566 36.8
      vertex 0.700077 119.84 4.65551
      vertex 0.700077 119.84 36.8
    endloop
  endfacet
  facet normal -0.706983 0.707231 0
    outer loop
      vertex 1.83426 121.192 4.65551
      vertex 1.20804 120.566 36.8
      vertex 1.83426 121.192 36.8
    endloop
  endfacet
  facet normal -0.706983 0.707231 0
    outer loop
      vertex 1.20804 120.566 36.8
      vertex 1.83426 121.192 4.65551
      vertex 1.20804 120.566 4.65551
    endloop
  endfacet
  facet normal -0.143093 0.0993601 -0.984709
    outer loop
      vertex 4.71506 117.522 0.0194063
      vertex 3.95687 117.96 0.173778
      vertex 4.7595 117.586 0.0194063
    endloop
  endfacet
  facet normal -0.157832 0.0738429 -0.984701
    outer loop
      vertex 4.68231 117.452 0.0194063
      vertex 3.95687 117.96 0.173778
      vertex 4.71506 117.522 0.0194063
    endloop
  endfacet
  facet normal -0.0427061 0.499488 -0.865267
    outer loop
      vertex 5.1 119.455 0.47783
      vertex 4.72573 119.423 0.47783
      vertex 5.1 120.225 0.922324
    endloop
  endfacet
  facet normal -0.196769 0.280962 -0.939331
    outer loop
      vertex 4.25153 118.311 0.173778
      vertex 4.02232 119.167 0.47783
      vertex 4.44001 118.443 0.173778
    endloop
  endfacet
  facet normal -0.741073 0.198403 -0.641441
    outer loop
      vertex 1.71124 118.533 1.49376
      vertex 0.985792 118.025 2.17476
      vertex 1.17427 118.729 2.17476
    endloop
  endfacet
  facet normal -0.695244 0.324194 -0.641509
    outer loop
      vertex 1.71124 118.533 1.49376
      vertex 1.17427 118.729 2.17476
      vertex 1.48203 119.389 2.17476
    endloop
  endfacet
  facet normal -0.331421 0.0889015 -0.939285
    outer loop
      vertex 3.80008 117.529 0.173778
      vertex 3.07463 118.037 0.47783
      vertex 3.85963 117.751 0.173778
    endloop
  endfacet
  facet normal -0.484313 0.129737 -0.865222
    outer loop
      vertex 2.97739 117.674 0.47783
      vertex 2.2192 117.808 0.922324
      vertex 3.07463 118.037 0.47783
    endloop
  endfacet
  facet normal -0.166073 0.622455 -0.764833
    outer loop
      vertex 4.09951 120.049 0.922324
      vertex 3.86659 120.689 1.49376
      vertex 4.47378 120.851 1.49376
    endloop
  endfacet
  facet normal -0.198071 0.741082 -0.641533
    outer loop
      vertex 4.47378 120.851 1.49376
      vertex 3.67115 121.226 2.17476
      vertex 4.37455 121.414 2.17476
    endloop
  endfacet
  facet normal -0.0151539 0.173671 -0.984687
    outer loop
      vertex 5.02281 117.738 0.0194063
      vertex 4.87079 118.6 0.173778
      vertex 5.1 118.62 0.173778
    endloop
  endfacet
  facet normal 0 0.342156 -0.939643
    outer loop
      vertex 5.1 118.62 0.173778
      vertex 49.3 119.455 0.47783
      vertex 49.3 118.62 0.173778
    endloop
  endfacet
  facet normal 0 0.342156 -0.939643
    outer loop
      vertex 49.3 119.455 0.47783
      vertex 5.1 118.62 0.173778
      vertex 5.1 119.455 0.47783
    endloop
  endfacet
  facet normal -0.52772 -0.369516 -0.764833
    outer loop
      vertex 2.33746 2.78195 1.49376
      vertex 1.9769 3.29688 1.49376
      vertex 2.85914 3.21969 0.922324
    endloop
  endfacet
  facet normal -0.628491 -0.440077 -0.641351
    outer loop
      vertex 2.33746 2.78195 1.49376
      vertex 1.48203 3.01116 2.17476
      vertex 1.9769 3.29688 1.49376
    endloop
  endfacet
  facet normal -0.852031 -0.397306 -0.340867
    outer loop
      vertex 0.833766 2.63689 3.78002
      vertex 0.75658 3.51912 2.94465
      vertex 1.09708 2.78891 2.94465
    endloop
  endfacet
  facet normal -0.770091 -0.539231 -0.340866
    outer loop
      vertex 1.55921 2.12893 2.94465
      vertex 0.833766 2.63689 3.78002
      vertex 1.09708 2.78891 2.94465
    endloop
  endfacet
  facet normal 0.806812 -0.564906 -0.173018
    outer loop
      vertex 53.6999 2.5597 4.65551
      vertex 53.0737 1.93349 3.78002
      vertex 53.5662 2.63689 3.78002
    endloop
  endfacet
  facet normal 0.770111 -0.539209 -0.340856
    outer loop
      vertex 53.5662 2.63689 3.78002
      vertex 53.0737 1.93349 3.78002
      vertex 53.3029 2.78891 2.94465
    endloop
  endfacet
  facet normal 0.564928 -0.806804 -0.172984
    outer loop
      vertex 52.5657 1.20804 4.65551
      vertex 51.7631 0.833766 3.78002
      vertex 52.4665 1.32629 3.78002
    endloop
  endfacet
  facet normal 0.539228 -0.7701 -0.340851
    outer loop
      vertex 52.4665 1.32629 3.78002
      vertex 51.7631 0.833766 3.78002
      vertex 52.2711 1.55921 2.94465
    endloop
  endfacet
  facet normal 0.21192 -0.454457 -0.865193
    outer loop
      vertex 50.7626 2.56667 0.922324
      vertex 50.0372 3.07463 0.47783
      vertex 50.3777 3.23341 0.47783
    endloop
  endfacet
  facet normal 0.0888194 -0.331474 -0.939274
    outer loop
      vertex 49.6743 2.97739 0.47783
      vertex 49.5292 3.80008 0.173778
      vertex 50.0372 3.07463 0.47783
    endloop
  endfacet
  facet normal 0.196814 -0.28112 -0.939274
    outer loop
      vertex 50.3777 3.23341 0.47783
      vertex 49.96 3.95687 0.173778
      vertex 50.1485 4.08884 0.173778
    endloop
  endfacet
  facet normal 0.196864 -0.281104 -0.939268
    outer loop
      vertex 50.3777 3.23341 0.47783
      vertex 50.1485 4.08884 0.173778
      vertex 50.6854 3.4489 0.47783
    endloop
  endfacet
  facet normal -0.410748 -0.28761 -0.865197
    outer loop
      vertex 3.4489 3.71457 0.47783
      vertex 2.85914 3.21969 0.922324
      vertex 3.23341 4.02232 0.47783
    endloop
  endfacet
  facet normal -0.142774 -0.0999664 -0.984694
    outer loop
      vertex 4.7595 4.81428 0.0194063
      vertex 3.95687 4.44001 0.173778
      vertex 4.71506 4.87775 0.0194063
    endloop
  endfacet
  facet normal -0.272268 -0.583866 -0.764834
    outer loop
      vertex 4.09951 2.35117 0.922324
      vertex 3.29688 1.9769 1.49376
      vertex 3.63738 2.56667 0.922324
    endloop
  endfacet
  facet normal -0.0437018 -0.499522 -0.865198
    outer loop
      vertex 5.1 2.17476 0.922324
      vertex 4.59204 2.2192 0.922324
      vertex 4.72573 2.97739 0.47783
    endloop
  endfacet
  facet normal 0.499562 0.0438118 -0.86517
    outer loop
      vertex 51.4554 117.3 0.47783
      vertex 51.4226 117.674 0.47783
      vertex 52.2252 117.3 0.922324
    endloop
  endfacet
  facet normal 0.499511 0.043658 -0.865207
    outer loop
      vertex 52.2252 117.3 0.922324
      vertex 51.4226 117.674 0.47783
      vertex 52.1808 117.808 0.922324
    endloop
  endfacet
  facet normal 0.0753072 0.863451 -0.498779
    outer loop
      vertex 50.0254 121.414 2.17476
      vertex 49.3 121.922 2.94465
      vertex 50.1026 121.852 2.94465
    endloop
  endfacet
  facet normal 0.224785 0.837081 -0.498766
    outer loop
      vertex 50.8809 121.643 2.94465
      vertex 50.0254 121.414 2.17476
      vertex 50.1026 121.852 2.94465
    endloop
  endfacet
  facet normal 0.0999572 -0.142774 -0.984695
    outer loop
      vertex 49.96 3.95687 0.173778
      vertex 49.5857 4.7595 0.0194063
      vertex 50.1485 4.08884 0.173778
    endloop
  endfacet
  facet normal 0.123234 -0.123241 -0.984695
    outer loop
      vertex 50.1485 4.08884 0.173778
      vertex 49.5857 4.7595 0.0194063
      vertex 50.3112 4.25153 0.173778
    endloop
  endfacet
  facet normal 0.045099 -0.168354 -0.984694
    outer loop
      vertex 49.5292 3.80008 0.173778
      vertex 49.452 4.68231 0.0194063
      vertex 49.7515 3.85963 0.173778
    endloop
  endfacet
  facet normal 0.15794 -0.0736946 -0.984695
    outer loop
      vertex 50.4431 4.44001 0.173778
      vertex 49.6849 4.87775 0.0194063
      vertex 50.5404 4.64854 0.173778
    endloop
  endfacet
  facet normal 0.142794 -0.0999285 -0.984695
    outer loop
      vertex 50.3112 4.25153 0.173778
      vertex 49.6849 4.87775 0.0194063
      vertex 50.4431 4.44001 0.173778
    endloop
  endfacet
  facet normal -0.0151955 -0.173627 -0.984694
    outer loop
      vertex 5.1 3.78002 0.173778
      vertex 4.87079 3.80008 0.173778
      vertex 5.1 4.65551 0.0194063
    endloop
  endfacet
  facet normal -0.0299197 -0.341869 -0.939271
    outer loop
      vertex 5.1 2.94465 0.47783
      vertex 4.87079 3.80008 0.173778
      vertex 5.1 3.78002 0.173778
    endloop
  endfacet
  facet normal -0.0451091 -0.168354 -0.984694
    outer loop
      vertex 4.87079 3.80008 0.173778
      vertex 4.64854 3.85963 0.173778
      vertex 4.94797 4.68231 0.0194063
    endloop
  endfacet
  facet normal -0.145032 -0.311019 -0.939273
    outer loop
      vertex 4.64854 3.85963 0.173778
      vertex 4.02232 3.23341 0.47783
      vertex 4.44001 3.95687 0.173778
    endloop
  endfacet
  facet normal 0.173625 -0.0152954 -0.984693
    outer loop
      vertex 50.62 5.1 0.173778
      vertex 49.7377 5.02281 0.0194063
      vertex 49.7445 5.1 0.0194063
    endloop
  endfacet
  facet normal 0.0735364 0.158065 -0.984687
    outer loop
      vertex 49.96 118.443 0.173778
      vertex 49.5222 117.685 0.0194063
      vertex 49.7515 118.54 0.173778
    endloop
  endfacet
  facet normal -0.0821111 0.936537 -0.340816
    outer loop
      vertex 5.1 121.922 2.94465
      vertex 4.24457 122.151 3.78002
      vertex 5.1 122.226 3.78002
    endloop
  endfacet
  facet normal -0.2547 0.951431 -0.172938
    outer loop
      vertex 3.41513 121.929 3.78002
      vertex 3.36233 122.074 4.65551
      vertex 4.21776 122.303 4.65551
    endloop
  endfacet
  facet normal -0.0867294 0.980976 -0.173676
    outer loop
      vertex 5.1 122.226 3.78002
      vertex 4.21776 122.303 4.65551
      vertex 5.1 122.381 4.65551
    endloop
  endfacet
  facet normal 0 0.984687 -0.174333
    outer loop
      vertex 49.3 122.226 3.78002
      vertex 5.1 122.381 4.65551
      vertex 49.3 122.381 4.65551
    endloop
  endfacet
  facet normal 0 0.984687 -0.174333
    outer loop
      vertex 5.1 122.381 4.65551
      vertex 49.3 122.226 3.78002
      vertex 5.1 122.226 3.78002
    endloop
  endfacet
  facet normal -0.254652 0.951435 -0.172984
    outer loop
      vertex 4.24457 122.151 3.78002
      vertex 3.41513 121.929 3.78002
      vertex 4.21776 122.303 4.65551
    endloop
  endfacet
  facet normal -0.0860235 0.981161 -0.172981
    outer loop
      vertex 4.24457 122.151 3.78002
      vertex 4.21776 122.303 4.65551
      vertex 5.1 122.226 3.78002
    endloop
  endfacet
  facet normal -0.166862 0.622611 -0.764534
    outer loop
      vertex 4.59204 120.181 0.922324
      vertex 4.09951 120.049 0.922324
      vertex 4.47378 120.851 1.49376
    endloop
  endfacet
  facet normal -0.223915 0.837777 -0.497987
    outer loop
      vertex 3.67115 121.226 2.17476
      vertex 3.51912 121.643 2.94465
      vertex 4.37455 121.414 2.17476
    endloop
  endfacet
  facet normal -0.311121 0.144753 -0.939282
    outer loop
      vertex 3.85963 117.751 0.173778
      vertex 3.23341 118.378 0.47783
      vertex 3.95687 117.96 0.173778
    endloop
  endfacet
  facet normal -0.158047 0.0735333 -0.98469
    outer loop
      vertex 4.68231 117.452 0.0194063
      vertex 3.85963 117.751 0.173778
      vertex 3.95687 117.96 0.173778
    endloop
  endfacet
  facet normal -0.410359 0.28804 -0.865239
    outer loop
      vertex 3.23341 118.378 0.47783
      vertex 2.85914 119.18 0.922324
      vertex 3.4489 118.685 0.47783
    endloop
  endfacet
  facet normal -0.123423 0.123188 -0.984678
    outer loop
      vertex 4.7595 117.586 0.0194063
      vertex 4.08884 118.148 0.173778
      vertex 4.25153 118.311 0.173778
    endloop
  endfacet
  facet normal -0.440483 0.628605 -0.640961
    outer loop
      vertex 2.78195 120.063 1.49376
      vertex 2.41464 120.5 2.17476
      vertex 3.01116 120.918 2.17476
    endloop
  endfacet
  facet normal -0.641789 0.0561439 -0.764823
    outer loop
      vertex 2.17476 117.3 0.922324
      vertex 1.54854 117.926 1.49376
      vertex 2.2192 117.808 0.922324
    endloop
  endfacet
  facet normal -0.664908 0.664581 -0.340923
    outer loop
      vertex 2.12893 120.841 2.94465
      vertex 1.55921 120.271 2.94465
      vertex 1.93349 121.074 3.78002
    endloop
  endfacet
  facet normal -0.612989 0.612688 -0.498856
    outer loop
      vertex 2.41464 120.5 2.17476
      vertex 1.55921 120.271 2.94465
      vertex 2.12893 120.841 2.94465
    endloop
  endfacet
  facet normal -0.0674116 0.764121 -0.641541
    outer loop
      vertex 4.47378 120.851 1.49376
      vertex 4.37455 121.414 2.17476
      vertex 5.1 121.478 2.17476
    endloop
  endfacet
  facet normal -0.32456 0.695132 -0.641445
    outer loop
      vertex 3.29688 120.423 1.49376
      vertex 3.01116 120.918 2.17476
      vertex 3.86659 120.689 1.49376
    endloop
  endfacet
  facet normal -0.764324 0.0668845 -0.641354
    outer loop
      vertex 1.49376 117.3 1.49376
      vertex 0.922324 117.3 2.17476
      vertex 1.54854 117.926 1.49376
    endloop
  endfacet
  facet normal -0.764334 0.0669114 -0.641339
    outer loop
      vertex 1.54854 117.926 1.49376
      vertex 0.922324 117.3 2.17476
      vertex 0.985792 118.025 2.17476
    endloop
  endfacet
  facet normal -0.454574 0.211664 -0.865194
    outer loop
      vertex 3.07463 118.037 0.47783
      vertex 2.56667 118.763 0.922324
      vertex 3.23341 118.378 0.47783
    endloop
  endfacet
  facet normal -0.49951 0.0436973 -0.865206
    outer loop
      vertex 2.97739 117.674 0.47783
      vertex 2.17476 117.3 0.922324
      vertex 2.2192 117.808 0.922324
    endloop
  endfacet
  facet normal -0.130643 0.48378 -0.865384
    outer loop
      vertex 4.36283 119.325 0.47783
      vertex 4.09951 120.049 0.922324
      vertex 4.72573 119.423 0.47783
    endloop
  endfacet
  facet normal -0.210927 0.454575 -0.865374
    outer loop
      vertex 4.36283 119.325 0.47783
      vertex 4.02232 119.167 0.47783
      vertex 4.09951 120.049 0.922324
    endloop
  endfacet
  facet normal -0.0450045 0.168407 -0.98469
    outer loop
      vertex 4.94797 117.718 0.0194063
      vertex 4.87079 118.6 0.173778
      vertex 5.02281 117.738 0.0194063
    endloop
  endfacet
  facet normal -0.0298212 0.341766 -0.939312
    outer loop
      vertex 4.87079 118.6 0.173778
      vertex 4.72573 119.423 0.47783
      vertex 5.1 118.62 0.173778
    endloop
  endfacet
  facet normal 0.0436984 -0.499522 -0.865198
    outer loop
      vertex 49.808 2.2192 0.922324
      vertex 49.3 2.17476 0.922324
      vertex 49.6743 2.97739 0.47783
    endloop
  endfacet
  facet normal 0.043693 -0.499521 -0.865199
    outer loop
      vertex 49.6743 2.97739 0.47783
      vertex 49.3 2.17476 0.922324
      vertex 49.3 2.94465 0.47783
    endloop
  endfacet
  facet normal 0.272266 -0.583867 -0.764834
    outer loop
      vertex 51.1031 1.9769 1.49376
      vertex 50.5334 1.71124 1.49376
      vertex 50.7626 2.56667 0.922324
    endloop
  endfacet
  facet normal 0.21193 -0.454446 -0.865196
    outer loop
      vertex 50.3005 2.35117 0.922324
      vertex 50.0372 3.07463 0.47783
      vertex 50.7626 2.56667 0.922324
    endloop
  endfacet
  facet normal 0.311 -0.145038 -0.939278
    outer loop
      vertex 51.1666 4.02232 0.47783
      vertex 50.4431 4.44001 0.173778
      vertex 51.3254 4.36283 0.47783
    endloop
  endfacet
  facet normal 0.454465 -0.211944 -0.865183
    outer loop
      vertex 52.0488 4.09951 0.922324
      vertex 51.1666 4.02232 0.47783
      vertex 51.3254 4.36283 0.47783
    endloop
  endfacet
  facet normal -0.281113 -0.19683 -0.939273
    outer loop
      vertex 4.08884 4.25153 0.173778
      vertex 3.23341 4.02232 0.47783
      vertex 3.95687 4.44001 0.173778
    endloop
  endfacet
  facet normal -0.311019 -0.145032 -0.939273
    outer loop
      vertex 3.95687 4.44001 0.173778
      vertex 3.23341 4.02232 0.47783
      vertex 3.85963 4.64854 0.173778
    endloop
  endfacet
  facet normal -0.0888203 -0.331478 -0.939273
    outer loop
      vertex 4.72573 2.97739 0.47783
      vertex 4.36283 3.07463 0.47783
      vertex 4.87079 3.80008 0.173778
    endloop
  endfacet
  facet normal -0.0299054 -0.341866 -0.939273
    outer loop
      vertex 5.1 2.94465 0.47783
      vertex 4.72573 2.97739 0.47783
      vertex 4.87079 3.80008 0.173778
    endloop
  endfacet
  facet normal -0.129776 -0.484343 -0.865199
    outer loop
      vertex 4.59204 2.2192 0.922324
      vertex 4.09951 2.35117 0.922324
      vertex 4.36283 3.07463 0.47783
    endloop
  endfacet
  facet normal -0.166735 -0.622276 -0.764834
    outer loop
      vertex 4.47378 1.54854 1.49376
      vertex 4.09951 2.35117 0.922324
      vertex 4.59204 2.2192 0.922324
    endloop
  endfacet
  facet normal -0.242661 -0.242661 -0.939272
    outer loop
      vertex 3.71457 3.4489 0.47783
      vertex 4.08884 4.25153 0.173778
      vertex 4.25153 4.08884 0.173778
    endloop
  endfacet
  facet normal -0.242661 -0.242661 -0.939272
    outer loop
      vertex 4.08884 4.25153 0.173778
      vertex 3.71457 3.4489 0.47783
      vertex 3.4489 3.71457 0.47783
    endloop
  endfacet
  facet normal -0.196837 -0.281111 -0.939272
    outer loop
      vertex 4.02232 3.23341 0.47783
      vertex 3.71457 3.4489 0.47783
      vertex 4.25153 4.08884 0.173778
    endloop
  endfacet
  facet normal 0.198073 0.741086 -0.641528
    outer loop
      vertex 50.7288 121.226 2.17476
      vertex 49.9262 120.851 1.49376
      vertex 50.0254 121.414 2.17476
    endloop
  endfacet
  facet normal 0.223913 0.837769 -0.498002
    outer loop
      vertex 50.7288 121.226 2.17476
      vertex 50.0254 121.414 2.17476
      vertex 50.8809 121.643 2.94465
    endloop
  endfacet
  facet normal 0.099929 -0.142788 -0.984696
    outer loop
      vertex 49.96 3.95687 0.173778
      vertex 49.5222 4.71506 0.0194063
      vertex 49.5857 4.7595 0.0194063
    endloop
  endfacet
  facet normal 0.0451264 -0.168352 -0.984693
    outer loop
      vertex 49.5292 3.80008 0.173778
      vertex 49.3772 4.66226 0.0194063
      vertex 49.452 4.68231 0.0194063
    endloop
  endfacet
  facet normal 0.0151815 -0.173631 -0.984694
    outer loop
      vertex 49.5292 3.80008 0.173778
      vertex 49.3 4.65551 0.0194063
      vertex 49.3772 4.66226 0.0194063
    endloop
  endfacet
  facet normal 0.142816 -0.099906 -0.984694
    outer loop
      vertex 50.3112 4.25153 0.173778
      vertex 49.6405 4.81428 0.0194063
      vertex 49.6849 4.87775 0.0194063
    endloop
  endfacet
  facet normal -0.0888172 -0.33148 -0.939272
    outer loop
      vertex 4.87079 3.80008 0.173778
      vertex 4.36283 3.07463 0.47783
      vertex 4.64854 3.85963 0.173778
    endloop
  endfacet
  facet normal -0.145029 -0.311021 -0.939272
    outer loop
      vertex 4.36283 3.07463 0.47783
      vertex 4.02232 3.23341 0.47783
      vertex 4.64854 3.85963 0.173778
    endloop
  endfacet
  facet normal -0.0151834 -0.17363 -0.984694
    outer loop
      vertex 5.1 4.65551 0.0194063
      vertex 4.87079 3.80008 0.173778
      vertex 5.02281 4.66226 0.0194063
    endloop
  endfacet
  facet normal -0.0451031 -0.168355 -0.984694
    outer loop
      vertex 5.02281 4.66226 0.0194063
      vertex 4.87079 3.80008 0.173778
      vertex 4.94797 4.68231 0.0194063
    endloop
  endfacet
  facet normal 0.123415 0.123188 -0.984679
    outer loop
      vertex 49.6405 117.586 0.0194063
      vertex 50.1485 118.311 0.173778
      vertex 50.3112 118.148 0.173778
    endloop
  endfacet
  facet normal 0.123545 0.123096 -0.984674
    outer loop
      vertex 50.1485 118.311 0.173778
      vertex 49.6405 117.586 0.0194063
      vertex 49.5857 117.641 0.0194063
    endloop
  endfacet
  facet normal -0.0816937 0.936712 -0.340436
    outer loop
      vertex 4.29737 121.852 2.94465
      vertex 4.24457 122.151 3.78002
      vertex 5.1 121.922 2.94465
    endloop
  endfacet
  facet normal -0.243869 0.90809 -0.340442
    outer loop
      vertex 4.29737 121.852 2.94465
      vertex 3.51912 121.643 2.94465
      vertex 4.24457 122.151 3.78002
    endloop
  endfacet
  facet normal -0.0671011 0.764001 -0.641716
    outer loop
      vertex 5.1 120.906 1.49376
      vertex 4.47378 120.851 1.49376
      vertex 5.1 121.478 2.17476
    endloop
  endfacet
  facet normal -0.0563659 0.641772 -0.764822
    outer loop
      vertex 5.1 120.225 0.922324
      vertex 4.47378 120.851 1.49376
      vertex 5.1 120.906 1.49376
    endloop
  endfacet
  facet normal -0.366713 0.785802 -0.498033
    outer loop
      vertex 3.67115 121.226 2.17476
      vertex 3.01116 120.918 2.17476
      vertex 3.51912 121.643 2.94465
    endloop
  endfacet
  facet normal -0.324459 0.695258 -0.64136
    outer loop
      vertex 3.86659 120.689 1.49376
      vertex 3.01116 120.918 2.17476
      vertex 3.67115 121.226 2.17476
    endloop
  endfacet
  facet normal -0.785638 0.366345 -0.498562
    outer loop
      vertex 1.17427 118.729 2.17476
      vertex 0.75658 118.881 2.94465
      vertex 1.48203 119.389 2.17476
    endloop
  endfacet
  facet normal -0.785635 0.36645 -0.49849
    outer loop
      vertex 1.48203 119.389 2.17476
      vertex 0.75658 118.881 2.94465
      vertex 1.09708 119.611 2.94465
    endloop
  endfacet
  facet normal -0.539115 0.770141 -0.340936
    outer loop
      vertex 2.12893 120.841 2.94465
      vertex 1.93349 121.074 3.78002
      vertex 2.78891 121.303 2.94465
    endloop
  endfacet
  facet normal -0.497101 0.710123 -0.498614
    outer loop
      vertex 3.01116 120.918 2.17476
      vertex 2.12893 120.841 2.94465
      vertex 2.78891 121.303 2.94465
    endloop
  endfacet
  facet normal -0.354741 0.354301 -0.865234
    outer loop
      vertex 3.4489 118.685 0.47783
      vertex 3.21969 119.541 0.922324
      vertex 3.71457 118.951 0.47783
    endloop
  endfacet
  facet normal -0.354742 0.3543 -0.865234
    outer loop
      vertex 3.21969 119.541 0.922324
      vertex 3.4489 118.685 0.47783
      vertex 2.85914 119.18 0.922324
    endloop
  endfacet
  facet normal -0.28799 0.41032 -0.865274
    outer loop
      vertex 3.71457 118.951 0.47783
      vertex 3.21969 119.541 0.922324
      vertex 4.02232 119.167 0.47783
    endloop
  endfacet
  facet normal -0.622216 0.166898 -0.764848
    outer loop
      vertex 2.2192 117.808 0.922324
      vertex 1.71124 118.533 1.49376
      vertex 2.35117 118.3 0.922324
    endloop
  endfacet
  facet normal -0.484339 0.129915 -0.865181
    outer loop
      vertex 3.07463 118.037 0.47783
      vertex 2.2192 117.808 0.922324
      vertex 2.35117 118.3 0.922324
    endloop
  endfacet
  facet normal -0.527678 0.369436 -0.764901
    outer loop
      vertex 2.85914 119.18 0.922324
      vertex 1.9769 119.103 1.49376
      vertex 2.33746 119.618 1.49376
    endloop
  endfacet
  facet normal -0.455748 0.45518 -0.764921
    outer loop
      vertex 2.85914 119.18 0.922324
      vertex 2.78195 120.063 1.49376
      vertex 3.21969 119.541 0.922324
    endloop
  endfacet
  facet normal -0.455714 0.455192 -0.764934
    outer loop
      vertex 2.78195 120.063 1.49376
      vertex 2.85914 119.18 0.922324
      vertex 2.33746 119.618 1.49376
    endloop
  endfacet
  facet normal -0.6223 0.166801 -0.7648
    outer loop
      vertex 2.2192 117.808 0.922324
      vertex 1.54854 117.926 1.49376
      vertex 1.71124 118.533 1.49376
    endloop
  endfacet
  facet normal -0.741122 0.19865 -0.641309
    outer loop
      vertex 1.54854 117.926 1.49376
      vertex 0.985792 118.025 2.17476
      vertex 1.71124 118.533 1.49376
    endloop
  endfacet
  facet normal -0.331488 0.0887985 -0.939271
    outer loop
      vertex 3.80008 117.529 0.173778
      vertex 2.97739 117.674 0.47783
      vertex 3.07463 118.037 0.47783
    endloop
  endfacet
  facet normal -0.341864 0.0299268 -0.939273
    outer loop
      vertex 3.80008 117.529 0.173778
      vertex 2.94465 117.3 0.47783
      vertex 2.97739 117.674 0.47783
    endloop
  endfacet
  facet normal -0.272541 0.58372 -0.764847
    outer loop
      vertex 4.09951 120.049 0.922324
      vertex 3.29688 120.423 1.49376
      vertex 3.86659 120.689 1.49376
    endloop
  endfacet
  facet normal -0.212449 0.454532 -0.865024
    outer loop
      vertex 4.02232 119.167 0.47783
      vertex 3.63738 119.833 0.922324
      vertex 4.09951 120.049 0.922324
    endloop
  endfacet
  facet normal -0.0894544 0.331255 -0.939291
    outer loop
      vertex 4.64854 118.54 0.173778
      vertex 4.36283 119.325 0.47783
      vertex 4.72573 119.423 0.47783
    endloop
  endfacet
  facet normal -0.0894274 0.331254 -0.939294
    outer loop
      vertex 4.87079 118.6 0.173778
      vertex 4.64854 118.54 0.173778
      vertex 4.72573 119.423 0.47783
    endloop
  endfacet
  facet normal -0.129828 0.484426 -0.865145
    outer loop
      vertex 4.72573 119.423 0.47783
      vertex 4.09951 120.049 0.922324
      vertex 4.59204 120.181 0.922324
    endloop
  endfacet
  facet normal -0.0432828 0.49968 -0.865128
    outer loop
      vertex 4.72573 119.423 0.47783
      vertex 4.59204 120.181 0.922324
      vertex 5.1 120.225 0.922324
    endloop
  endfacet
  facet normal 0.272286 -0.583867 -0.764827
    outer loop
      vertex 50.5334 1.71124 1.49376
      vertex 50.3005 2.35117 0.922324
      vertex 50.7626 2.56667 0.922324
    endloop
  endfacet
  facet normal 0.166746 -0.62228 -0.764829
    outer loop
      vertex 50.5334 1.71124 1.49376
      vertex 49.808 2.2192 0.922324
      vertex 50.3005 2.35117 0.922324
    endloop
  endfacet
  facet normal 0.410791 -0.28757 -0.86519
    outer loop
      vertex 51.5409 3.21969 0.922324
      vertex 51.1666 4.02232 0.47783
      vertex 51.8333 3.63738 0.922324
    endloop
  endfacet
  facet normal 0.527748 -0.369445 -0.764848
    outer loop
      vertex 52.4231 3.29688 1.49376
      vertex 51.5409 3.21969 0.922324
      vertex 51.8333 3.63738 0.922324
    endloop
  endfacet
  facet normal 0.324567 0.695134 -0.641439
    outer loop
      vertex 51.1031 120.423 1.49376
      vertex 50.5334 120.689 1.49376
      vertex 51.3888 120.918 2.17476
    endloop
  endfacet
  facet normal 0.272548 0.583723 -0.764843
    outer loop
      vertex 51.1031 120.423 1.49376
      vertex 50.3005 120.049 0.922324
      vertex 50.5334 120.689 1.49376
    endloop
  endfacet
  facet normal -0.19683 -0.281113 -0.939273
    outer loop
      vertex 4.44001 3.95687 0.173778
      vertex 4.02232 3.23341 0.47783
      vertex 4.25153 4.08884 0.173778
    endloop
  endfacet
  facet normal -0.0999671 -0.142773 -0.984694
    outer loop
      vertex 4.44001 3.95687 0.173778
      vertex 4.25153 4.08884 0.173778
      vertex 4.81428 4.7595 0.0194063
    endloop
  endfacet
  facet normal 0.0742167 0.157879 -0.984665
    outer loop
      vertex 49.5222 117.685 0.0194063
      vertex 49.452 117.718 0.0194063
      vertex 49.7515 118.54 0.173778
    endloop
  endfacet
  facet normal -0.497337 0.709741 -0.498923
    outer loop
      vertex 2.41464 120.5 2.17476
      vertex 2.12893 120.841 2.94465
      vertex 3.01116 120.918 2.17476
    endloop
  endfacet
  facet normal -0.365896 0.785826 -0.498595
    outer loop
      vertex 3.01116 120.918 2.17476
      vertex 2.78891 121.303 2.94465
      vertex 3.51912 121.643 2.94465
    endloop
  endfacet
  facet normal -0.71014 0.497238 -0.498454
    outer loop
      vertex 1.48203 119.389 2.17476
      vertex 1.09708 119.611 2.94465
      vertex 1.55921 120.271 2.94465
    endloop
  endfacet
  facet normal -0.770102 0.539223 -0.340855
    outer loop
      vertex 1.09708 119.611 2.94465
      vertex 0.833766 119.763 3.78002
      vertex 1.55921 120.271 2.94465
    endloop
  endfacet
  facet normal -0.242812 0.242511 -0.939271
    outer loop
      vertex 4.25153 118.311 0.173778
      vertex 3.4489 118.685 0.47783
      vertex 3.71457 118.951 0.47783
    endloop
  endfacet
  facet normal -0.242867 0.242405 -0.939285
    outer loop
      vertex 4.08884 118.148 0.173778
      vertex 3.4489 118.685 0.47783
      vertex 4.25153 118.311 0.173778
    endloop
  endfacet
  facet normal -0.410532 0.287934 -0.865192
    outer loop
      vertex 3.23341 118.378 0.47783
      vertex 2.56667 118.763 0.922324
      vertex 2.85914 119.18 0.922324
    endloop
  endfacet
  facet normal -0.527585 0.370031 -0.764677
    outer loop
      vertex 2.56667 118.763 0.922324
      vertex 1.9769 119.103 1.49376
      vertex 2.85914 119.18 0.922324
    endloop
  endfacet
  facet normal -0.584026 0.271831 -0.764867
    outer loop
      vertex 2.35117 118.3 0.922324
      vertex 1.71124 118.533 1.49376
      vertex 2.56667 118.763 0.922324
    endloop
  endfacet
  facet normal -0.454637 0.211608 -0.865175
    outer loop
      vertex 3.07463 118.037 0.47783
      vertex 2.35117 118.3 0.922324
      vertex 2.56667 118.763 0.922324
    endloop
  endfacet
  facet normal -0.144727 0.311134 -0.939281
    outer loop
      vertex 4.44001 118.443 0.173778
      vertex 4.36283 119.325 0.47783
      vertex 4.64854 118.54 0.173778
    endloop
  endfacet
  facet normal -0.144389 0.311177 -0.939319
    outer loop
      vertex 4.44001 118.443 0.173778
      vertex 4.02232 119.167 0.47783
      vertex 4.36283 119.325 0.47783
    endloop
  endfacet
  facet normal 0.242655 -0.242683 -0.939267
    outer loop
      vertex 50.6854 3.4489 0.47783
      vertex 50.3112 4.25153 0.173778
      vertex 50.9511 3.71457 0.47783
    endloop
  endfacet
  facet normal -0.53889 0.770437 -0.340624
    outer loop
      vertex 2.78891 121.303 2.94465
      vertex 1.93349 121.074 3.78002
      vertex 2.63689 121.566 3.78002
    endloop
  endfacet
  facet normal -0.396872 0.852353 -0.340569
    outer loop
      vertex 2.78891 121.303 2.94465
      vertex 2.63689 121.566 3.78002
      vertex 3.51912 121.643 2.94465
    endloop
  endfacet
  facet normal -0.709812 0.49744 -0.498719
    outer loop
      vertex 1.89971 119.985 2.17476
      vertex 1.48203 119.389 2.17476
      vertex 1.55921 120.271 2.94465
    endloop
  endfacet
  facet normal -0.612927 0.612844 -0.49874
    outer loop
      vertex 1.89971 119.985 2.17476
      vertex 1.55921 120.271 2.94465
      vertex 2.41464 120.5 2.17476
    endloop
  endfacet
  facet normal -0.272725 0.583492 -0.764956
    outer loop
      vertex 3.63738 119.833 0.922324
      vertex 3.29688 120.423 1.49376
      vertex 4.09951 120.049 0.922324
    endloop
  endfacet
  facet normal -0.369041 0.527893 -0.764943
    outer loop
      vertex 3.63738 119.833 0.922324
      vertex 3.21969 119.541 0.922324
      vertex 3.29688 120.423 1.49376
    endloop
  endfacet
  facet normal -0.0454529 0.168365 -0.984676
    outer loop
      vertex 4.94797 117.718 0.0194063
      vertex 4.64854 118.54 0.173778
      vertex 4.87079 118.6 0.173778
    endloop
  endfacet
  facet normal -0.0742011 0.157891 -0.984665
    outer loop
      vertex 4.87775 117.685 0.0194063
      vertex 4.64854 118.54 0.173778
      vertex 4.94797 117.718 0.0194063
    endloop
  endfacet
  facet normal 0 0 1
    outer loop
      vertex 52.9859 117.3 36.8
      vertex 54.3806 117.3 36.8
      vertex 54.3034 118.182 36.8
    endloop
  endfacet
  facet normal 0 0 1
    outer loop
      vertex 54.3806 117.3 36.8
      vertex 52.9859 117.3 36.8
      vertex 54.3806 5.1 36.8
    endloop
  endfacet
  facet normal 0 0 1
    outer loop
      vertex 52.9299 117.94 36.8
      vertex 54.3034 118.182 36.8
      vertex 54.0742 119.038 36.8
    endloop
  endfacet
  facet normal 0 0 1
    outer loop
      vertex 52.9859 5.1 36.8
      vertex 54.3806 5.1 36.8
      vertex 52.9859 117.3 36.8
    endloop
  endfacet
  facet normal 0 0 1
    outer loop
      vertex 52.7636 118.561 36.8
      vertex 54.0742 119.038 36.8
      vertex 53.6999 119.84 36.8
    endloop
  endfacet
  facet normal 0 0 1
    outer loop
      vertex 54.3806 5.1 36.8
      vertex 52.9859 5.1 36.8
      vertex 54.3034 4.21776 36.8
    endloop
  endfacet
  facet normal 0 0 1
    outer loop
      vertex 52.4921 119.143 36.8
      vertex 53.6999 119.84 36.8
      vertex 53.192 120.566 36.8
    endloop
  endfacet
  facet normal -0 0 1
    outer loop
      vertex 52.9299 4.45995 36.8
      vertex 54.3034 4.21776 36.8
      vertex 52.9859 5.1 36.8
    endloop
  endfacet
  facet normal 0 0 1
    outer loop
      vertex 54.3034 4.21776 36.8
      vertex 52.9299 4.45995 36.8
      vertex 54.0742 3.36233 36.8
    endloop
  endfacet
  facet normal 0 0 1
    outer loop
      vertex 54.3034 118.182 36.8
      vertex 52.9299 117.94 36.8
      vertex 52.9859 117.3 36.8
    endloop
  endfacet
  facet normal 0 0 1
    outer loop
      vertex 54.0742 119.038 36.8
      vertex 52.7636 118.561 36.8
      vertex 52.9299 117.94 36.8
    endloop
  endfacet
  facet normal 0 0 1
    outer loop
      vertex 52.1236 119.669 36.8
      vertex 53.192 120.566 36.8
      vertex 52.5657 121.192 36.8
    endloop
  endfacet
  facet normal 0 0 1
    outer loop
      vertex 53.6999 119.84 36.8
      vertex 52.4921 119.143 36.8
      vertex 52.7636 118.561 36.8
    endloop
  endfacet
  facet normal 0 0 1
    outer loop
      vertex 53.192 120.566 36.8
      vertex 52.1236 119.669 36.8
      vertex 52.4921 119.143 36.8
    endloop
  endfacet
  facet normal 0 0 1
    outer loop
      vertex 51.6693 120.124 36.8
      vertex 52.5657 121.192 36.8
      vertex 51.8403 121.7 36.8
    endloop
  endfacet
  facet normal 0 0 1
    outer loop
      vertex 52.5657 121.192 36.8
      vertex 51.6693 120.124 36.8
      vertex 52.1236 119.669 36.8
    endloop
  endfacet
  facet normal 0 0 1
    outer loop
      vertex 51.8403 121.7 36.8
      vertex 51.143 120.492 36.8
      vertex 51.6693 120.124 36.8
    endloop
  endfacet
  facet normal 0 0 1
    outer loop
      vertex 51.0377 122.074 36.8
      vertex 51.143 120.492 36.8
      vertex 51.8403 121.7 36.8
    endloop
  endfacet
  facet normal 0 0 1
    outer loop
      vertex 51.0377 122.074 36.8
      vertex 50.5607 120.764 36.8
      vertex 51.143 120.492 36.8
    endloop
  endfacet
  facet normal 0 0 1
    outer loop
      vertex 50.1822 122.303 36.8
      vertex 50.5607 120.764 36.8
      vertex 51.0377 122.074 36.8
    endloop
  endfacet
  facet normal 0 0 1
    outer loop
      vertex 50.1822 122.303 36.8
      vertex 49.9401 120.93 36.8
      vertex 50.5607 120.764 36.8
    endloop
  endfacet
  facet normal 0 0 1
    outer loop
      vertex 49.3 122.381 36.8
      vertex 49.9401 120.93 36.8
      vertex 50.1822 122.303 36.8
    endloop
  endfacet
  facet normal 0 0 1
    outer loop
      vertex 49.3 122.381 36.8
      vertex 49.3 120.986 36.8
      vertex 49.9401 120.93 36.8
    endloop
  endfacet
  facet normal 0 0 1
    outer loop
      vertex 49.3 122.381 36.8
      vertex 5.1 120.986 36.8
      vertex 49.3 120.986 36.8
    endloop
  endfacet
  facet normal -0 0 1
    outer loop
      vertex 5.1 122.381 36.8
      vertex 5.1 120.986 36.8
      vertex 49.3 122.381 36.8
    endloop
  endfacet
  facet normal 0 0 1
    outer loop
      vertex 5.1 122.381 36.8
      vertex 4.45995 120.93 36.8
      vertex 5.1 120.986 36.8
    endloop
  endfacet
  facet normal -0 0 1
    outer loop
      vertex 4.21776 122.303 36.8
      vertex 4.45995 120.93 36.8
      vertex 5.1 122.381 36.8
    endloop
  endfacet
  facet normal 0 0 1
    outer loop
      vertex 4.21776 122.303 36.8
      vertex 3.83934 120.764 36.8
      vertex 4.45995 120.93 36.8
    endloop
  endfacet
  facet normal -0 0 1
    outer loop
      vertex 3.36233 122.074 36.8
      vertex 3.83934 120.764 36.8
      vertex 4.21776 122.303 36.8
    endloop
  endfacet
  facet normal 0 0 1
    outer loop
      vertex 3.36233 122.074 36.8
      vertex 3.25704 120.492 36.8
      vertex 3.83934 120.764 36.8
    endloop
  endfacet
  facet normal -0 0 1
    outer loop
      vertex 2.5597 121.7 36.8
      vertex 3.25704 120.492 36.8
      vertex 3.36233 122.074 36.8
    endloop
  endfacet
  facet normal 0 0 1
    outer loop
      vertex 3.25704 120.492 36.8
      vertex 2.5597 121.7 36.8
      vertex 2.73074 120.124 36.8
    endloop
  endfacet
  facet normal -0 0 1
    outer loop
      vertex 1.83426 121.192 36.8
      vertex 2.73074 120.124 36.8
      vertex 2.5597 121.7 36.8
    endloop
  endfacet
  facet normal 0 0 1
    outer loop
      vertex 2.73074 120.124 36.8
      vertex 1.83426 121.192 36.8
      vertex 2.27642 119.669 36.8
    endloop
  endfacet
  facet normal -0 0 1
    outer loop
      vertex 1.20804 120.566 36.8
      vertex 2.27642 119.669 36.8
      vertex 1.83426 121.192 36.8
    endloop
  endfacet
  facet normal 0 0 1
    outer loop
      vertex 2.27642 119.669 36.8
      vertex 1.20804 120.566 36.8
      vertex 1.9079 119.143 36.8
    endloop
  endfacet
  facet normal -0 0 1
    outer loop
      vertex 0.700077 119.84 36.8
      vertex 1.9079 119.143 36.8
      vertex 1.20804 120.566 36.8
    endloop
  endfacet
  facet normal 0 0 1
    outer loop
      vertex 1.63637 118.561 36.8
      vertex 0.325804 119.038 36.8
      vertex 1.47008 117.94 36.8
    endloop
  endfacet
  facet normal -0 0 1
    outer loop
      vertex 0.325804 119.038 36.8
      vertex 1.63637 118.561 36.8
      vertex 0.700077 119.84 36.8
    endloop
  endfacet
  facet normal 0 0 1
    outer loop
      vertex 1.9079 119.143 36.8
      vertex 0.700077 119.84 36.8
      vertex 1.63637 118.561 36.8
    endloop
  endfacet
  facet normal -0 0 1
    outer loop
      vertex 52.7636 3.83934 36.8
      vertex 54.0742 3.36233 36.8
      vertex 52.9299 4.45995 36.8
    endloop
  endfacet
  facet normal 0 0 1
    outer loop
      vertex 54.0742 3.36233 36.8
      vertex 52.7636 3.83934 36.8
      vertex 53.6999 2.5597 36.8
    endloop
  endfacet
  facet normal -0 0 1
    outer loop
      vertex 52.4921 3.25704 36.8
      vertex 53.6999 2.5597 36.8
      vertex 52.7636 3.83934 36.8
    endloop
  endfacet
  facet normal 0 0 1
    outer loop
      vertex 53.6999 2.5597 36.8
      vertex 52.4921 3.25704 36.8
      vertex 53.192 1.83426 36.8
    endloop
  endfacet
  facet normal -0 0 1
    outer loop
      vertex 52.1236 2.73074 36.8
      vertex 53.192 1.83426 36.8
      vertex 52.4921 3.25704 36.8
    endloop
  endfacet
  facet normal 0 0 1
    outer loop
      vertex 53.192 1.83426 36.8
      vertex 52.1236 2.73074 36.8
      vertex 52.5657 1.20804 36.8
    endloop
  endfacet
  facet normal -0 0 1
    outer loop
      vertex 51.6693 2.27642 36.8
      vertex 52.5657 1.20804 36.8
      vertex 52.1236 2.73074 36.8
    endloop
  endfacet
  facet normal 0 0 1
    outer loop
      vertex 52.5657 1.20804 36.8
      vertex 51.6693 2.27642 36.8
      vertex 51.8403 0.700077 36.8
    endloop
  endfacet
  facet normal -0 0 1
    outer loop
      vertex 51.143 1.9079 36.8
      vertex 51.8403 0.700077 36.8
      vertex 51.6693 2.27642 36.8
    endloop
  endfacet
  facet normal 0 0 1
    outer loop
      vertex 51.143 1.9079 36.8
      vertex 51.0377 0.325804 36.8
      vertex 51.8403 0.700077 36.8
    endloop
  endfacet
  facet normal -0 0 1
    outer loop
      vertex 50.5607 1.63637 36.8
      vertex 51.0377 0.325804 36.8
      vertex 51.143 1.9079 36.8
    endloop
  endfacet
  facet normal 0 0 1
    outer loop
      vertex 50.5607 1.63637 36.8
      vertex 50.1822 0.0965919 36.8
      vertex 51.0377 0.325804 36.8
    endloop
  endfacet
  facet normal -0 0 1
    outer loop
      vertex 49.9401 1.47008 36.8
      vertex 50.1822 0.0965919 36.8
      vertex 50.5607 1.63637 36.8
    endloop
  endfacet
  facet normal -0 0 1
    outer loop
      vertex 49.3 1.41408 36.8
      vertex 50.1822 0.0965919 36.8
      vertex 49.9401 1.47008 36.8
    endloop
  endfacet
  facet normal 0 0 1
    outer loop
      vertex 49.3 1.41408 36.8
      vertex 49.3 0.0194063 36.8
      vertex 50.1822 0.0965919 36.8
    endloop
  endfacet
  facet normal -0 0 1
    outer loop
      vertex 42.2471 1.41408 36.8
      vertex 49.3 0.0194063 36.8
      vertex 49.3 1.41408 36.8
    endloop
  endfacet
  facet normal 0 0 1
    outer loop
      vertex 49.3 0.0194063 36.8
      vertex 42.2471 1.41408 36.8
      vertex 42.2471 0.0194063 36.8
    endloop
  endfacet
  facet normal -0 0 1
    outer loop
      vertex 5.1 1.41408 36.8
      vertex 12.1529 0.0194063 36.8
      vertex 12.1529 1.41408 36.8
    endloop
  endfacet
  facet normal 0 0 1
    outer loop
      vertex 5.1 1.41408 36.8
      vertex 5.1 0.0194063 36.8
      vertex 12.1529 0.0194063 36.8
    endloop
  endfacet
  facet normal 0 0 1
    outer loop
      vertex 4.45995 1.47008 36.8
      vertex 5.1 0.0194063 36.8
      vertex 5.1 1.41408 36.8
    endloop
  endfacet
  facet normal 0 0 1
    outer loop
      vertex 4.45995 1.47008 36.8
      vertex 4.21776 0.0965919 36.8
      vertex 5.1 0.0194063 36.8
    endloop
  endfacet
  facet normal 0 0 1
    outer loop
      vertex 3.83934 1.63637 36.8
      vertex 4.21776 0.0965919 36.8
      vertex 4.45995 1.47008 36.8
    endloop
  endfacet
  facet normal 0 0 1
    outer loop
      vertex 3.83934 1.63637 36.8
      vertex 3.36233 0.325804 36.8
      vertex 4.21776 0.0965919 36.8
    endloop
  endfacet
  facet normal 0 0 1
    outer loop
      vertex 3.25704 1.9079 36.8
      vertex 3.36233 0.325804 36.8
      vertex 3.83934 1.63637 36.8
    endloop
  endfacet
  facet normal 0 0 1
    outer loop
      vertex 2.5597 0.700077 36.8
      vertex 3.25704 1.9079 36.8
      vertex 2.73074 2.27642 36.8
    endloop
  endfacet
  facet normal 0 0 1
    outer loop
      vertex 3.25704 1.9079 36.8
      vertex 2.5597 0.700077 36.8
      vertex 3.36233 0.325804 36.8
    endloop
  endfacet
  facet normal 0 0 1
    outer loop
      vertex 1.83426 1.20804 36.8
      vertex 2.73074 2.27642 36.8
      vertex 2.27642 2.73074 36.8
    endloop
  endfacet
  facet normal 0 0 1
    outer loop
      vertex 1.20804 1.83426 36.8
      vertex 2.27642 2.73074 36.8
      vertex 1.9079 3.25704 36.8
    endloop
  endfacet
  facet normal 0 0 1
    outer loop
      vertex 2.73074 2.27642 36.8
      vertex 1.83426 1.20804 36.8
      vertex 2.5597 0.700077 36.8
    endloop
  endfacet
  facet normal 0 0 1
    outer loop
      vertex 0.700077 2.5597 36.8
      vertex 1.9079 3.25704 36.8
      vertex 1.63637 3.83934 36.8
    endloop
  endfacet
  facet normal 0 0 1
    outer loop
      vertex 0.325804 3.36233 36.8
      vertex 1.63637 3.83934 36.8
      vertex 1.47008 4.45995 36.8
    endloop
  endfacet
  facet normal 0 0 1
    outer loop
      vertex 2.27642 2.73074 36.8
      vertex 1.20804 1.83426 36.8
      vertex 1.83426 1.20804 36.8
    endloop
  endfacet
  facet normal 0 0 1
    outer loop
      vertex 0.0965919 4.21776 36.8
      vertex 1.47008 4.45995 36.8
      vertex 1.41408 5.1 36.8
    endloop
  endfacet
  facet normal 0 0 1
    outer loop
      vertex 1.41408 117.3 36.8
      vertex 0.0194063 117.3 36.8
      vertex 1.41408 5.1 36.8
    endloop
  endfacet
  facet normal -0 0 1
    outer loop
      vertex 0.0965919 118.182 36.8
      vertex 1.47008 117.94 36.8
      vertex 0.325804 119.038 36.8
    endloop
  endfacet
  facet normal 0 0 1
    outer loop
      vertex 0.0194063 5.1 36.8
      vertex 1.41408 5.1 36.8
      vertex 0.0194063 117.3 36.8
    endloop
  endfacet
  facet normal 0 0 1
    outer loop
      vertex 1.47008 117.94 36.8
      vertex 0.0965919 118.182 36.8
      vertex 1.41408 117.3 36.8
    endloop
  endfacet
  facet normal 0 -0 1
    outer loop
      vertex 0.0965919 4.21776 36.8
      vertex 1.41408 5.1 36.8
      vertex 0.0194063 5.1 36.8
    endloop
  endfacet
  facet normal 0 0 1
    outer loop
      vertex 1.41408 117.3 36.8
      vertex 0.0965919 118.182 36.8
      vertex 0.0194063 117.3 36.8
    endloop
  endfacet
  facet normal 0 0 1
    outer loop
      vertex 1.9079 3.25704 36.8
      vertex 0.700077 2.5597 36.8
      vertex 1.20804 1.83426 36.8
    endloop
  endfacet
  facet normal 0 0 1
    outer loop
      vertex 1.63637 3.83934 36.8
      vertex 0.325804 3.36233 36.8
      vertex 0.700077 2.5597 36.8
    endloop
  endfacet
  facet normal 0 0 1
    outer loop
      vertex 1.47008 4.45995 36.8
      vertex 0.0965919 4.21776 36.8
      vertex 0.325804 3.36233 36.8
    endloop
  endfacet
  facet normal -0 0 1
    outer loop
      vertex 15.1471 1.41408 36.8
      vertex 39.2529 0.0194063 36.8
      vertex 39.2529 1.41408 36.8
    endloop
  endfacet
  facet normal 0 0 1
    outer loop
      vertex 39.2529 0.0194063 36.8
      vertex 15.1471 1.41408 36.8
      vertex 15.1471 0.0194063 36.8
    endloop
  endfacet
  facet normal 0 0.984809 0.173642
    outer loop
      vertex 49.3 1.52607 4.24237
      vertex 5.1 1.41408 4.87752
      vertex 49.3 1.41408 4.87752
    endloop
  endfacet
  facet normal 0 0.984809 0.173642
    outer loop
      vertex 5.1 1.41408 4.87752
      vertex 49.3 1.52607 4.24237
      vertex 5.1 1.52607 4.24237
    endloop
  endfacet
  facet normal -0.244279 -0.907451 0.341848
    outer loop
      vertex 50.5224 120.658 4.24237
      vertex 49.9206 120.82 4.24237
      vertex 49.8823 120.602 3.63631
    endloop
  endfacet
  facet normal -0.906243 -0.422758 0
    outer loop
      vertex 52.7636 118.561 4.87752
      vertex 52.4921 119.143 36.8
      vertex 52.4921 119.143 4.87752
    endloop
  endfacet
  facet normal -0.906243 -0.422758 0
    outer loop
      vertex 52.4921 119.143 36.8
      vertex 52.7636 118.561 4.87752
      vertex 52.7636 118.561 36.8
    endloop
  endfacet
  facet normal -0.907948 -0.24353 0.341062
    outer loop
      vertex 52.8196 117.921 4.24237
      vertex 52.6584 118.522 4.24237
      vertex 52.6024 117.882 3.63631
    endloop
  endfacet
  facet normal -0.173655 0 0.984806
    outer loop
      vertex 49.6225 39.85 1.51408
      vertex 50.2576 5.1 1.62607
      vertex 50.2576 39.85 1.62607
    endloop
  endfacet
  facet normal -0.173655 0 0.984806
    outer loop
      vertex 50.2576 5.1 1.62607
      vertex 49.6225 39.85 1.51408
      vertex 49.6225 5.1 1.51408
    endloop
  endfacet
  facet normal -0.173655 0 0.984806
    outer loop
      vertex 49.6225 117.3 1.51408
      vertex 50.2576 84.15 1.62607
      vertex 50.2576 117.3 1.62607
    endloop
  endfacet
  facet normal -0.173655 0 0.984806
    outer loop
      vertex 50.2576 84.15 1.62607
      vertex 49.6225 117.3 1.51408
      vertex 49.6225 84.15 1.51408
    endloop
  endfacet
  facet normal -0.173655 0 0.984806
    outer loop
      vertex 49.6225 60.85 1.51408
      vertex 50.2576 42.15 1.62607
      vertex 50.2576 60.85 1.62607
    endloop
  endfacet
  facet normal -0.173655 0 0.984806
    outer loop
      vertex 50.2576 42.15 1.62607
      vertex 49.6225 60.85 1.51408
      vertex 49.6225 42.15 1.51408
    endloop
  endfacet
  facet normal -0.173655 0 0.984806
    outer loop
      vertex 49.6225 81.85 1.51408
      vertex 50.2576 63.15 1.62607
      vertex 50.2576 81.85 1.62607
    endloop
  endfacet
  facet normal -0.173655 0 0.984806
    outer loop
      vertex 50.2576 63.15 1.62607
      vertex 49.6225 81.85 1.51408
      vertex 49.6225 63.15 1.51408
    endloop
  endfacet
  facet normal 0 1 0
    outer loop
      vertex 49.3 1.41408 36.8
      vertex 41.4 1.41408 35.9529
      vertex 42.2471 1.41408 36.8
    endloop
  endfacet
  facet normal 0 1 0
    outer loop
      vertex 49.3 1.41408 36.8
      vertex 41.4 1.41408 19.5
      vertex 41.4 1.41408 35.9529
    endloop
  endfacet
  facet normal 0 1 0
    outer loop
      vertex 49.3 1.41408 4.87752
      vertex 40.1 1.41408 19.5
      vertex 41.4 1.41408 19.5
    endloop
  endfacet
  facet normal 0 1 0
    outer loop
      vertex 40.1 1.41408 19.5
      vertex 49.3 1.41408 4.87752
      vertex 14.3 1.41408 19.5
    endloop
  endfacet
  facet normal 0 1 0
    outer loop
      vertex 5.1 1.41408 4.87752
      vertex 14.3 1.41408 19.5
      vertex 49.3 1.41408 4.87752
    endloop
  endfacet
  facet normal 0 1 -0
    outer loop
      vertex 49.3 1.41408 4.87752
      vertex 41.4 1.41408 19.5
      vertex 49.3 1.41408 36.8
    endloop
  endfacet
  facet normal 0 1 -0
    outer loop
      vertex 40.1 1.41408 19.5
      vertex 39.2529 1.41408 36.8
      vertex 40.1 1.41408 35.9529
    endloop
  endfacet
  facet normal 0 1 0
    outer loop
      vertex 39.2529 1.41408 36.8
      vertex 40.1 1.41408 19.5
      vertex 15.1471 1.41408 36.8
    endloop
  endfacet
  facet normal 0 1 0
    outer loop
      vertex 14.3 1.41408 19.5
      vertex 15.1471 1.41408 36.8
      vertex 40.1 1.41408 19.5
    endloop
  endfacet
  facet normal 0 1 0
    outer loop
      vertex 15.1471 1.41408 36.8
      vertex 14.3 1.41408 19.5
      vertex 14.3 1.41408 35.9529
    endloop
  endfacet
  facet normal 0 1 0
    outer loop
      vertex 13 1.41408 35.9529
      vertex 5.1 1.41408 36.8
      vertex 12.1529 1.41408 36.8
    endloop
  endfacet
  facet normal 0 1 -0
    outer loop
      vertex 13 1.41408 19.5
      vertex 5.1 1.41408 36.8
      vertex 13 1.41408 35.9529
    endloop
  endfacet
  facet normal 0 1 0
    outer loop
      vertex 13 1.41408 19.5
      vertex 5.1 1.41408 4.87752
      vertex 5.1 1.41408 36.8
    endloop
  endfacet
  facet normal 0 1 0
    outer loop
      vertex 14.3 1.41408 19.5
      vertex 5.1 1.41408 4.87752
      vertex 13 1.41408 19.5
    endloop
  endfacet
  facet normal -1 0 0
    outer loop
      vertex 52.9859 37.84 4.87752
      vertex 52.9859 5.1 4.87752
      vertex 52.9859 37.84 36.6
    endloop
  endfacet
  facet normal -1 0 0
    outer loop
      vertex 52.9859 42.15 4.87752
      vertex 52.9859 39.85 4.87752
      vertex 52.9859 42.15 36.6
    endloop
  endfacet
  facet normal -1 0 0
    outer loop
      vertex 52.9859 58.84 4.87752
      vertex 52.9859 44.16 4.87752
      vertex 52.9859 58.84 36.6
    endloop
  endfacet
  facet normal -1 0 0
    outer loop
      vertex 52.9859 63.15 4.87752
      vertex 52.9859 60.85 4.87752
      vertex 52.9859 63.15 36.6
    endloop
  endfacet
  facet normal -1 0 0
    outer loop
      vertex 52.9859 79.84 4.87752
      vertex 52.9859 65.16 4.87752
      vertex 52.9859 79.84 36.6
    endloop
  endfacet
  facet normal -1 0 0
    outer loop
      vertex 52.9859 84.15 4.87752
      vertex 52.9859 81.85 4.87752
      vertex 52.9859 84.15 36.6
    endloop
  endfacet
  facet normal -1 0 0
    outer loop
      vertex 52.9859 86.16 4.87752
      vertex 52.9859 117.3 36.8
      vertex 52.9859 117.3 4.87752
    endloop
  endfacet
  facet normal -1 0 0
    outer loop
      vertex 52.9859 86.16 36.6
      vertex 52.9859 117.3 36.8
      vertex 52.9859 86.16 4.87752
    endloop
  endfacet
  facet normal -1 0 0
    outer loop
      vertex 52.9859 84.15 36.6
      vertex 52.9859 117.3 36.8
      vertex 52.9859 86.16 36.6
    endloop
  endfacet
  facet normal -1 0 0
    outer loop
      vertex 52.9859 81.85 36.6
      vertex 52.9859 84.15 36.6
      vertex 52.9859 81.85 4.87752
    endloop
  endfacet
  facet normal -1 0 0
    outer loop
      vertex 52.9859 81.85 36.6
      vertex 52.9859 117.3 36.8
      vertex 52.9859 84.15 36.6
    endloop
  endfacet
  facet normal -1 0 0
    outer loop
      vertex 52.9859 79.84 36.6
      vertex 52.9859 117.3 36.8
      vertex 52.9859 81.85 36.6
    endloop
  endfacet
  facet normal -1 0 0
    outer loop
      vertex 52.9859 65.16 36.6
      vertex 52.9859 79.84 36.6
      vertex 52.9859 65.16 4.87752
    endloop
  endfacet
  facet normal -1 0 0
    outer loop
      vertex 52.9859 65.16 36.6
      vertex 52.9859 117.3 36.8
      vertex 52.9859 79.84 36.6
    endloop
  endfacet
  facet normal -1 0 0
    outer loop
      vertex 52.9859 63.15 36.6
      vertex 52.9859 117.3 36.8
      vertex 52.9859 65.16 36.6
    endloop
  endfacet
  facet normal -1 0 0
    outer loop
      vertex 52.9859 60.85 36.6
      vertex 52.9859 63.15 36.6
      vertex 52.9859 60.85 4.87752
    endloop
  endfacet
  facet normal -1 0 0
    outer loop
      vertex 52.9859 60.85 36.6
      vertex 52.9859 117.3 36.8
      vertex 52.9859 63.15 36.6
    endloop
  endfacet
  facet normal -1 0 0
    outer loop
      vertex 52.9859 58.84 36.6
      vertex 52.9859 117.3 36.8
      vertex 52.9859 60.85 36.6
    endloop
  endfacet
  facet normal -1 0 0
    outer loop
      vertex 52.9859 44.16 36.6
      vertex 52.9859 58.84 36.6
      vertex 52.9859 44.16 4.87752
    endloop
  endfacet
  facet normal -1 0 0
    outer loop
      vertex 52.9859 44.16 36.6
      vertex 52.9859 117.3 36.8
      vertex 52.9859 58.84 36.6
    endloop
  endfacet
  facet normal -1 0 0
    outer loop
      vertex 52.9859 42.15 36.6
      vertex 52.9859 117.3 36.8
      vertex 52.9859 44.16 36.6
    endloop
  endfacet
  facet normal -1 0 0
    outer loop
      vertex 52.9859 39.85 36.6
      vertex 52.9859 42.15 36.6
      vertex 52.9859 39.85 4.87752
    endloop
  endfacet
  facet normal -1 0 0
    outer loop
      vertex 52.9859 39.85 36.6
      vertex 52.9859 117.3 36.8
      vertex 52.9859 42.15 36.6
    endloop
  endfacet
  facet normal -1 0 0
    outer loop
      vertex 52.9859 37.84 36.6
      vertex 52.9859 117.3 36.8
      vertex 52.9859 39.85 36.6
    endloop
  endfacet
  facet normal -1 0 0
    outer loop
      vertex 52.9859 37.84 36.6
      vertex 52.9859 5.1 36.8
      vertex 52.9859 117.3 36.8
    endloop
  endfacet
  facet normal -1 0 0
    outer loop
      vertex 52.9859 5.1 36.8
      vertex 52.9859 37.84 36.6
      vertex 52.9859 5.1 4.87752
    endloop
  endfacet
  facet normal 0.258395 -0.966039 0
    outer loop
      vertex 3.83934 120.764 4.87752
      vertex 4.45995 120.93 36.8
      vertex 3.83934 120.764 36.8
    endloop
  endfacet
  facet normal 0.258395 -0.966039 0
    outer loop
      vertex 4.45995 120.93 36.8
      vertex 3.83934 120.764 4.87752
      vertex 4.45995 120.93 4.87752
    endloop
  endfacet
  facet normal 0.906308 0.422617 0
    outer loop
      vertex 1.9079 3.25704 36.8
      vertex 1.63637 3.83934 4.87752
      vertex 1.63637 3.83934 36.8
    endloop
  endfacet
  facet normal 0.906308 0.422617 0
    outer loop
      vertex 1.63637 3.83934 4.87752
      vertex 1.9079 3.25704 36.8
      vertex 1.9079 3.25704 4.87752
    endloop
  endfacet
  facet normal 0 -1 0
    outer loop
      vertex 5.1 120.986 4.87752
      vertex 49.3 120.986 36.8
      vertex 5.1 120.986 36.8
    endloop
  endfacet
  facet normal 0 -1 -0
    outer loop
      vertex 49.3 120.986 36.8
      vertex 5.1 120.986 4.87752
      vertex 49.3 120.986 4.87752
    endloop
  endfacet
  facet normal -0.641799 0.0562238 0.764809
    outer loop
      vertex 51.8765 4.64568 2.5837
      vertex 51.9163 5.1 2.5837
      vertex 51.39 4.73148 2.16914
    endloop
  endfacet
  facet normal 0.573577 0.819151 -0
    outer loop
      vertex 3.25704 1.9079 4.87752
      vertex 2.73074 2.27642 36.8
      vertex 3.25704 1.9079 36.8
    endloop
  endfacet
  facet normal 0.573577 0.819151 0
    outer loop
      vertex 2.73074 2.27642 36.8
      vertex 3.25704 1.9079 4.87752
      vertex 2.73074 2.27642 4.87752
    endloop
  endfacet
  facet normal 0.0871602 0.996194 -0
    outer loop
      vertex 5.1 1.41408 4.87752
      vertex 4.45995 1.47008 36.8
      vertex 5.1 1.41408 36.8
    endloop
  endfacet
  facet normal 0.0871602 0.996194 0
    outer loop
      vertex 4.45995 1.47008 36.8
      vertex 5.1 1.41408 4.87752
      vertex 4.45995 1.47008 4.87752
    endloop
  endfacet
  facet normal -0.254899 0.951365 0.173005
    outer loop
      vertex 50.5607 1.63637 4.87752
      vertex 50.5224 1.74161 4.24237
      vertex 49.9206 1.58037 4.24237
    endloop
  endfacet
  facet normal -0.497198 0.710049 0.498622
    outer loop
      vertex 50.9767 2.19592 3.63631
      vertex 51.4555 2.53119 3.63631
      vertex 50.8154 2.4752 3.07777
    endloop
  endfacet
  facet normal -0.0871534 0.996195 0
    outer loop
      vertex 49.9401 1.47008 4.87752
      vertex 49.3 1.41408 36.8
      vertex 49.9401 1.47008 36.8
    endloop
  endfacet
  facet normal -0.0871534 0.996195 0
    outer loop
      vertex 49.3 1.41408 36.8
      vertex 49.9401 1.47008 4.87752
      vertex 49.3 1.41408 4.87752
    endloop
  endfacet
  facet normal -0.0858393 0.981174 0.173001
    outer loop
      vertex 49.9401 1.47008 4.87752
      vertex 49.3 1.52607 4.24237
      vertex 49.3 1.41408 4.87752
    endloop
  endfacet
  facet normal 0.0871602 -0.996194 0
    outer loop
      vertex 4.45995 120.93 4.87752
      vertex 5.1 120.986 36.8
      vertex 4.45995 120.93 36.8
    endloop
  endfacet
  facet normal 0.0871602 -0.996194 0
    outer loop
      vertex 5.1 120.986 36.8
      vertex 4.45995 120.93 4.87752
      vertex 5.1 120.986 4.87752
    endloop
  endfacet
  facet normal 0 -0.642828 0.76601
    outer loop
      vertex 5.1 119.916 2.5837
      vertex 49.3 119.422 2.16914
      vertex 49.3 119.916 2.5837
    endloop
  endfacet
  facet normal 0 -0.642828 0.76601
    outer loop
      vertex 49.3 119.422 2.16914
      vertex 5.1 119.916 2.5837
      vertex 5.1 119.422 2.16914
    endloop
  endfacet
  facet normal -0.852043 0.397264 0.340887
    outer loop
      vertex 52.6584 3.87765 4.24237
      vertex 52.4511 3.95309 3.63631
      vertex 52.2041 3.42333 3.63631
    endloop
  endfacet
  facet normal -0.573577 0.819151 0
    outer loop
      vertex 51.6693 2.27642 4.87752
      vertex 51.143 1.9079 36.8
      vertex 51.6693 2.27642 36.8
    endloop
  endfacet
  facet normal -0.573577 0.819151 0
    outer loop
      vertex 51.143 1.9079 36.8
      vertex 51.6693 2.27642 4.87752
      vertex 51.143 1.9079 4.87752
    endloop
  endfacet
  facet normal -0.272269 0.583866 0.764833
    outer loop
      vertex 50.6081 2.83422 2.5837
      vertex 50.3611 3.26209 2.16914
      vertex 50.1948 2.64149 2.5837
    endloop
  endfacet
  facet normal -0.198593 0.741105 0.641346
    outer loop
      vertex 49.8263 2.11518 3.07777
      vertex 50.1948 2.64149 2.5837
      vertex 49.7543 2.52345 2.5837
    endloop
  endfacet
  facet normal 0.416759 -0.892201 0.174037
    outer loop
      vertex 3.87765 120.658 4.24237
      vertex 3.83934 120.764 4.87752
      vertex 3.25704 120.492 4.87752
    endloop
  endfacet
  facet normal 0.0755589 0.863552 0.498567
    outer loop
      vertex 5.1 1.74666 3.63631
      vertex 4.5737 2.11518 3.07777
      vertex 4.5177 1.79761 3.63631
    endloop
  endfacet
  facet normal 0.984809 -0 0.173642
    outer loop
      vertex 1.41408 86.16 4.87752
      vertex 1.52607 117.3 4.24237
      vertex 1.41408 117.3 4.87752
    endloop
  endfacet
  facet normal 0.984809 0 0.173642
    outer loop
      vertex 1.52607 117.3 4.24237
      vertex 1.41408 86.16 4.87752
      vertex 1.52607 86.16 4.24237
    endloop
  endfacet
  facet normal 0.984809 -0 0.173642
    outer loop
      vertex 1.41408 5.1 4.87752
      vertex 1.52607 37.84 4.24237
      vertex 1.41408 37.84 4.87752
    endloop
  endfacet
  facet normal 0.984809 0 0.173642
    outer loop
      vertex 1.52607 37.84 4.24237
      vertex 1.41408 5.1 4.87752
      vertex 1.52607 5.1 4.24237
    endloop
  endfacet
  facet normal 0.984809 -0 0.173642
    outer loop
      vertex 1.41408 39.85 4.87752
      vertex 1.52607 42.15 4.24237
      vertex 1.41408 42.15 4.87752
    endloop
  endfacet
  facet normal 0.984809 0 0.173642
    outer loop
      vertex 1.52607 42.15 4.24237
      vertex 1.41408 39.85 4.87752
      vertex 1.52607 39.85 4.24237
    endloop
  endfacet
  facet normal 0.984809 -0 0.173642
    outer loop
      vertex 1.41408 44.16 4.87752
      vertex 1.52607 58.84 4.24237
      vertex 1.41408 58.84 4.87752
    endloop
  endfacet
  facet normal 0.984809 0 0.173642
    outer loop
      vertex 1.52607 58.84 4.24237
      vertex 1.41408 44.16 4.87752
      vertex 1.52607 44.16 4.24237
    endloop
  endfacet
  facet normal 0.984809 -0 0.173642
    outer loop
      vertex 1.41408 60.85 4.87752
      vertex 1.52607 63.15 4.24237
      vertex 1.41408 63.15 4.87752
    endloop
  endfacet
  facet normal 0.984809 0 0.173642
    outer loop
      vertex 1.52607 63.15 4.24237
      vertex 1.41408 60.85 4.87752
      vertex 1.52607 60.85 4.24237
    endloop
  endfacet
  facet normal 0.984809 -0 0.173642
    outer loop
      vertex 1.41408 65.16 4.87752
      vertex 1.52607 79.84 4.24237
      vertex 1.41408 79.84 4.87752
    endloop
  endfacet
  facet normal 0.984809 0 0.173642
    outer loop
      vertex 1.52607 79.84 4.24237
      vertex 1.41408 65.16 4.87752
      vertex 1.52607 65.16 4.24237
    endloop
  endfacet
  facet normal 0.984809 -0 0.173642
    outer loop
      vertex 1.41408 81.85 4.87752
      vertex 1.52607 84.15 4.24237
      vertex 1.41408 84.15 4.87752
    endloop
  endfacet
  facet normal 0.984809 0 0.173642
    outer loop
      vertex 1.52607 84.15 4.24237
      vertex 1.41408 81.85 4.87752
      vertex 1.52607 81.85 4.24237
    endloop
  endfacet
  facet normal 1 0 0
    outer loop
      vertex 1.41408 117.3 36.8
      vertex 1.41408 86.16 36.6
      vertex 1.41408 117.3 4.87752
    endloop
  endfacet
  facet normal 1 0 0
    outer loop
      vertex 1.41408 117.3 36.8
      vertex 1.41408 84.15 36.6
      vertex 1.41408 86.16 36.6
    endloop
  endfacet
  facet normal 1 0 0
    outer loop
      vertex 1.41408 84.15 36.6
      vertex 1.41408 81.85 36.6
      vertex 1.41408 84.15 4.87752
    endloop
  endfacet
  facet normal 1 0 0
    outer loop
      vertex 1.41408 117.3 36.8
      vertex 1.41408 81.85 36.6
      vertex 1.41408 84.15 36.6
    endloop
  endfacet
  facet normal 1 0 0
    outer loop
      vertex 1.41408 117.3 36.8
      vertex 1.41408 79.84 36.6
      vertex 1.41408 81.85 36.6
    endloop
  endfacet
  facet normal 1 0 0
    outer loop
      vertex 1.41408 79.84 36.6
      vertex 1.41408 65.16 36.6
      vertex 1.41408 79.84 4.87752
    endloop
  endfacet
  facet normal 1 0 0
    outer loop
      vertex 1.41408 117.3 36.8
      vertex 1.41408 65.16 36.6
      vertex 1.41408 79.84 36.6
    endloop
  endfacet
  facet normal 1 0 0
    outer loop
      vertex 1.41408 117.3 36.8
      vertex 1.41408 63.15 36.6
      vertex 1.41408 65.16 36.6
    endloop
  endfacet
  facet normal 1 0 0
    outer loop
      vertex 1.41408 63.15 36.6
      vertex 1.41408 60.85 36.6
      vertex 1.41408 63.15 4.87752
    endloop
  endfacet
  facet normal 1 0 0
    outer loop
      vertex 1.41408 117.3 36.8
      vertex 1.41408 60.85 36.6
      vertex 1.41408 63.15 36.6
    endloop
  endfacet
  facet normal 1 0 0
    outer loop
      vertex 1.41408 117.3 36.8
      vertex 1.41408 58.84 36.6
      vertex 1.41408 60.85 36.6
    endloop
  endfacet
  facet normal 1 0 0
    outer loop
      vertex 1.41408 58.84 36.6
      vertex 1.41408 44.16 36.6
      vertex 1.41408 58.84 4.87752
    endloop
  endfacet
  facet normal 1 0 0
    outer loop
      vertex 1.41408 117.3 36.8
      vertex 1.41408 44.16 36.6
      vertex 1.41408 58.84 36.6
    endloop
  endfacet
  facet normal 1 0 0
    outer loop
      vertex 1.41408 117.3 36.8
      vertex 1.41408 42.15 36.6
      vertex 1.41408 44.16 36.6
    endloop
  endfacet
  facet normal 1 0 0
    outer loop
      vertex 1.41408 42.15 36.6
      vertex 1.41408 39.85 36.6
      vertex 1.41408 42.15 4.87752
    endloop
  endfacet
  facet normal 1 0 0
    outer loop
      vertex 1.41408 117.3 36.8
      vertex 1.41408 39.85 36.6
      vertex 1.41408 42.15 36.6
    endloop
  endfacet
  facet normal 1 0 0
    outer loop
      vertex 1.41408 117.3 36.8
      vertex 1.41408 37.84 36.6
      vertex 1.41408 39.85 36.6
    endloop
  endfacet
  facet normal 1 -0 0
    outer loop
      vertex 1.41408 5.1 36.8
      vertex 1.41408 37.84 36.6
      vertex 1.41408 117.3 36.8
    endloop
  endfacet
  facet normal 1 0 0
    outer loop
      vertex 1.41408 5.1 36.8
      vertex 1.41408 37.84 4.87752
      vertex 1.41408 37.84 36.6
    endloop
  endfacet
  facet normal 1 0 0
    outer loop
      vertex 1.41408 37.84 4.87752
      vertex 1.41408 5.1 36.8
      vertex 1.41408 5.1 4.87752
    endloop
  endfacet
  facet normal 1 0 0
    outer loop
      vertex 1.41408 117.3 4.87752
      vertex 1.41408 86.16 36.6
      vertex 1.41408 86.16 4.87752
    endloop
  endfacet
  facet normal 1 0 0
    outer loop
      vertex 1.41408 84.15 4.87752
      vertex 1.41408 81.85 36.6
      vertex 1.41408 81.85 4.87752
    endloop
  endfacet
  facet normal 1 0 0
    outer loop
      vertex 1.41408 79.84 4.87752
      vertex 1.41408 65.16 36.6
      vertex 1.41408 65.16 4.87752
    endloop
  endfacet
  facet normal 1 0 0
    outer loop
      vertex 1.41408 63.15 4.87752
      vertex 1.41408 60.85 36.6
      vertex 1.41408 60.85 4.87752
    endloop
  endfacet
  facet normal 1 0 0
    outer loop
      vertex 1.41408 58.84 4.87752
      vertex 1.41408 44.16 36.6
      vertex 1.41408 44.16 4.87752
    endloop
  endfacet
  facet normal 1 0 0
    outer loop
      vertex 1.41408 42.15 4.87752
      vertex 1.41408 39.85 36.6
      vertex 1.41408 39.85 4.87752
    endloop
  endfacet
  facet normal 0.258816 0.965927 -0
    outer loop
      vertex 4.45995 1.47008 4.87752
      vertex 3.83934 1.63637 36.8
      vertex 4.45995 1.47008 36.8
    endloop
  endfacet
  facet normal 0.258816 0.965927 0
    outer loop
      vertex 3.83934 1.63637 36.8
      vertex 4.45995 1.47008 4.87752
      vertex 3.83934 1.63637 4.87752
    endloop
  endfacet
  facet normal -0.0871534 -0.996195 0
    outer loop
      vertex 49.3 120.986 4.87752
      vertex 49.9401 120.93 36.8
      vertex 49.3 120.986 36.8
    endloop
  endfacet
  facet normal -0.0871534 -0.996195 -0
    outer loop
      vertex 49.9401 120.93 36.8
      vertex 49.3 120.986 4.87752
      vertex 49.9401 120.93 4.87752
    endloop
  endfacet
  facet normal 0.0561445 0.641761 0.764847
    outer loop
      vertex 5.1 2.4837 2.5837
      vertex 5.1 2.97777 2.16914
      vertex 4.73148 3.01001 2.16914
    endloop
  endfacet
  facet normal -0.741103 0.19852 0.64137
    outer loop
      vertex 52.1481 4.06338 3.07777
      vertex 52.2848 4.5737 3.07777
      vertex 51.7585 4.20517 2.5837
    endloop
  endfacet
  facet normal -0.25882 0.965926 0
    outer loop
      vertex 50.5607 1.63637 4.87752
      vertex 49.9401 1.47008 36.8
      vertex 50.5607 1.63637 36.8
    endloop
  endfacet
  facet normal -0.25882 0.965926 0
    outer loop
      vertex 49.9401 1.47008 36.8
      vertex 50.5607 1.63637 4.87752
      vertex 49.9401 1.47008 4.87752
    endloop
  endfacet
  facet normal -0.272239 0.583866 0.764844
    outer loop
      vertex 50.1948 2.64149 2.5837
      vertex 50.3611 3.26209 2.16914
      vertex 50.0258 3.10575 2.16914
    endloop
  endfacet
  facet normal -0.984806 0 0.173657
    outer loop
      vertex 52.8739 5.1 4.24237
      vertex 52.9859 37.84 4.87752
      vertex 52.8739 37.84 4.24237
    endloop
  endfacet
  facet normal -0.984806 0 0.173657
    outer loop
      vertex 52.9859 37.84 4.87752
      vertex 52.8739 5.1 4.24237
      vertex 52.9859 5.1 4.87752
    endloop
  endfacet
  facet normal -0.984806 0 0.173657
    outer loop
      vertex 52.8739 86.16 4.24237
      vertex 52.9859 117.3 4.87752
      vertex 52.8739 117.3 4.24237
    endloop
  endfacet
  facet normal -0.984806 0 0.173657
    outer loop
      vertex 52.9859 117.3 4.87752
      vertex 52.8739 86.16 4.24237
      vertex 52.9859 86.16 4.87752
    endloop
  endfacet
  facet normal -0.984806 0 0.173657
    outer loop
      vertex 52.8739 39.85 4.24237
      vertex 52.9859 42.15 4.87752
      vertex 52.8739 42.15 4.24237
    endloop
  endfacet
  facet normal -0.984806 0 0.173657
    outer loop
      vertex 52.9859 42.15 4.87752
      vertex 52.8739 39.85 4.24237
      vertex 52.9859 39.85 4.87752
    endloop
  endfacet
  facet normal -0.984806 0 0.173657
    outer loop
      vertex 52.8739 44.16 4.24237
      vertex 52.9859 58.84 4.87752
      vertex 52.8739 58.84 4.24237
    endloop
  endfacet
  facet normal -0.984806 0 0.173657
    outer loop
      vertex 52.9859 58.84 4.87752
      vertex 52.8739 44.16 4.24237
      vertex 52.9859 44.16 4.87752
    endloop
  endfacet
  facet normal -0.984806 0 0.173657
    outer loop
      vertex 52.8739 60.85 4.24237
      vertex 52.9859 63.15 4.87752
      vertex 52.8739 63.15 4.24237
    endloop
  endfacet
  facet normal -0.984806 0 0.173657
    outer loop
      vertex 52.9859 63.15 4.87752
      vertex 52.8739 60.85 4.24237
      vertex 52.9859 60.85 4.87752
    endloop
  endfacet
  facet normal -0.984806 0 0.173657
    outer loop
      vertex 52.8739 65.16 4.24237
      vertex 52.9859 79.84 4.87752
      vertex 52.8739 79.84 4.24237
    endloop
  endfacet
  facet normal -0.984806 0 0.173657
    outer loop
      vertex 52.9859 79.84 4.87752
      vertex 52.8739 65.16 4.24237
      vertex 52.9859 65.16 4.87752
    endloop
  endfacet
  facet normal -0.984806 0 0.173657
    outer loop
      vertex 52.8739 81.85 4.24237
      vertex 52.9859 84.15 4.87752
      vertex 52.8739 84.15 4.24237
    endloop
  endfacet
  facet normal -0.984806 0 0.173657
    outer loop
      vertex 52.9859 84.15 4.87752
      vertex 52.8739 81.85 4.24237
      vertex 52.9859 81.85 4.87752
    endloop
  endfacet
  facet normal -0.908163 -0.243195 0.340728
    outer loop
      vertex 52.6024 117.882 3.63631
      vertex 52.6584 118.522 4.24237
      vertex 52.4511 118.447 3.63631
    endloop
  endfacet
  facet normal 0.863548 -0.0755975 0.498568
    outer loop
      vertex 2.11518 117.826 3.07777
      vertex 1.79761 117.882 3.63631
      vertex 1.74666 117.3 3.63631
    endloop
  endfacet
  facet normal 0.415878 -0.89281 0.173017
    outer loop
      vertex 3.31304 120.395 4.24237
      vertex 3.87765 120.658 4.24237
      vertex 3.25704 120.492 4.87752
    endloop
  endfacet
  facet normal 0.410743 0.287614 0.865199
    outer loop
      vertex 3.47428 3.73585 2.16914
      vertex 3.74581 4.31816 1.84666
      vertex 3.26209 4.03888 2.16914
    endloop
  endfacet
  facet normal -0.341887 0.0299669 0.939263
    outer loop
      vertex 50.8399 4.82847 1.84666
      vertex 50.8637 5.1 1.84666
      vertex 50.2431 4.93371 1.62607
    endloop
  endfacet
  facet normal 0.564918 0.806809 0.172997
    outer loop
      vertex 3.31304 2.00489 4.24237
      vertex 2.80272 2.36221 4.24237
      vertex 2.73074 2.27642 4.87752
    endloop
  endfacet
  facet normal -0.53895 -0.770297 0.340846
    outer loop
      vertex 51.4555 119.869 3.63631
      vertex 51.087 120.395 4.24237
      vertex 50.9767 120.204 3.63631
    endloop
  endfacet
  facet normal 0.423218 -0.906028 0
    outer loop
      vertex 3.25704 120.492 4.87752
      vertex 3.83934 120.764 36.8
      vertex 3.25704 120.492 36.8
    endloop
  endfacet
  facet normal 0.423218 -0.906028 0
    outer loop
      vertex 3.83934 120.764 36.8
      vertex 3.25704 120.492 4.87752
      vertex 3.83934 120.764 4.87752
    endloop
  endfacet
  facet normal 0.863546 0.0755418 0.498579
    outer loop
      vertex 2.11518 4.5737 3.07777
      vertex 2.06914 5.1 3.07777
      vertex 1.74666 5.1 3.63631
    endloop
  endfacet
  facet normal 0.696445 0.696445 0.172996
    outer loop
      vertex 2.27642 2.73074 4.87752
      vertex 2.80272 2.36221 4.24237
      vertex 2.36221 2.80272 4.24237
    endloop
  endfacet
  facet normal 0.696445 0.696445 0.172996
    outer loop
      vertex 2.80272 2.36221 4.24237
      vertex 2.27642 2.73074 4.87752
      vertex 2.73074 2.27642 4.87752
    endloop
  endfacet
  facet normal 0.211916 0.454453 0.865196
    outer loop
      vertex 4.37415 3.10575 2.16914
      vertex 4.56519 3.63061 1.84666
      vertex 4.03888 3.26209 2.16914
    endloop
  endfacet
  facet normal 0.085846 0.981173 0.173001
    outer loop
      vertex 5.1 1.41408 4.87752
      vertex 5.1 1.52607 4.24237
      vertex 4.45995 1.47008 4.87752
    endloop
  endfacet
  facet normal -0.496955 -0.710275 0.498544
    outer loop
      vertex 51.2482 119.622 3.07777
      vertex 51.4555 119.869 3.63631
      vertex 50.9767 120.204 3.63631
    endloop
  endfacet
  facet normal -0.256038 -0.951135 0.172585
    outer loop
      vertex 50.5224 120.658 4.24237
      vertex 49.9401 120.93 4.87752
      vertex 49.9206 120.82 4.24237
    endloop
  endfacet
  facet normal -0.996194 -0.087167 0
    outer loop
      vertex 52.9859 117.3 4.87752
      vertex 52.9299 117.94 36.8
      vertex 52.9299 117.94 4.87752
    endloop
  endfacet
  facet normal -0.996194 -0.087167 0
    outer loop
      vertex 52.9299 117.94 36.8
      vertex 52.9859 117.3 4.87752
      vertex 52.9859 117.3 36.8
    endloop
  endfacet
  facet normal -0.766025 0 0.642811
    outer loop
      vertex 51.9163 86.16 2.5837
      vertex 52.3309 117.3 3.07777
      vertex 51.9163 117.3 2.5837
    endloop
  endfacet
  facet normal -0.766025 0 0.642811
    outer loop
      vertex 52.3309 117.3 3.07777
      vertex 51.9163 86.16 2.5837
      vertex 52.3309 86.16 3.07777
    endloop
  endfacet
  facet normal -0.766025 0 0.642811
    outer loop
      vertex 51.9163 5.1 2.5837
      vertex 52.3309 37.84 3.07777
      vertex 51.9163 37.84 2.5837
    endloop
  endfacet
  facet normal -0.766025 0 0.642811
    outer loop
      vertex 52.3309 37.84 3.07777
      vertex 51.9163 5.1 2.5837
      vertex 52.3309 5.1 3.07777
    endloop
  endfacet
  facet normal -0.766025 0 0.642811
    outer loop
      vertex 51.9163 44.16 2.5837
      vertex 52.3309 58.84 3.07777
      vertex 51.9163 58.84 2.5837
    endloop
  endfacet
  facet normal -0.766025 0 0.642811
    outer loop
      vertex 52.3309 58.84 3.07777
      vertex 51.9163 44.16 2.5837
      vertex 52.3309 44.16 3.07777
    endloop
  endfacet
  facet normal -0.766025 0 0.642811
    outer loop
      vertex 51.9163 65.16 2.5837
      vertex 52.3309 79.84 3.07777
      vertex 51.9163 79.84 2.5837
    endloop
  endfacet
  facet normal -0.766025 0 0.642811
    outer loop
      vertex 52.3309 79.84 3.07777
      vertex 51.9163 65.16 2.5837
      vertex 52.3309 65.16 3.07777
    endloop
  endfacet
  facet normal -0.497167 0.710098 0.498583
    outer loop
      vertex 51.4555 2.53119 3.63631
      vertex 51.2482 2.77822 3.07777
      vertex 50.8154 2.4752 3.07777
    endloop
  endfacet
  facet normal -0.98118 -0.0858532 0.17296
    outer loop
      vertex 52.9859 117.3 4.87752
      vertex 52.9299 117.94 4.87752
      vertex 52.8196 117.921 4.24237
    endloop
  endfacet
  facet normal -0.0819444 0.936531 0.340874
    outer loop
      vertex 49.9206 1.58037 4.24237
      vertex 49.8823 1.79761 3.63631
      vertex 49.3 1.74666 3.63631
    endloop
  endfacet
  facet normal -0.770108 0.539191 0.340891
    outer loop
      vertex 52.0378 2.80272 4.24237
      vertex 52.3951 3.31304 4.24237
      vertex 51.8688 2.94451 3.63631
    endloop
  endfacet
  facet normal -0.707122 0.707091 0
    outer loop
      vertex 52.1236 2.73074 4.87752
      vertex 51.6693 2.27642 36.8
      vertex 52.1236 2.73074 36.8
    endloop
  endfacet
  facet normal -0.707122 0.707091 0
    outer loop
      vertex 51.6693 2.27642 36.8
      vertex 52.1236 2.73074 4.87752
      vertex 51.6693 2.27642 4.87752
    endloop
  endfacet
  facet normal -0.906326 0.422579 0
    outer loop
      vertex 52.4921 3.25704 4.87752
      vertex 52.7636 3.83934 36.8
      vertex 52.7636 3.83934 4.87752
    endloop
  endfacet
  facet normal -0.906326 0.422579 0
    outer loop
      vertex 52.7636 3.83934 36.8
      vertex 52.4921 3.25704 4.87752
      vertex 52.4921 3.25704 36.8
    endloop
  endfacet
  facet normal -0.0819427 0.936531 0.340873
    outer loop
      vertex 49.9206 1.58037 4.24237
      vertex 49.3 1.74666 3.63631
      vertex 49.3 1.52607 4.24237
    endloop
  endfacet
  facet normal -0.341851 0.0298084 0.939281
    outer loop
      vertex 50.8637 5.1 1.84666
      vertex 50.2576 5.1 1.62607
      vertex 50.2431 4.93371 1.62607
    endloop
  endfacet
  facet normal 0.0151915 0.173622 0.984695
    outer loop
      vertex 5.1 4.14237 1.62607
      vertex 5.044 4.78242 1.51408
      vertex 4.93371 4.15692 1.62607
    endloop
  endfacet
  facet normal -0.527684 0.369521 0.764856
    outer loop
      vertex 51.3042 3.41828 2.5837
      vertex 51.5658 3.79185 2.5837
      vertex 51.1379 4.03888 2.16914
    endloop
  endfacet
  facet normal -0.764296 -0.0669849 0.641377
    outer loop
      vertex 52.3309 117.3 3.07777
      vertex 52.2848 117.826 3.07777
      vertex 51.8765 117.754 2.5837
    endloop
  endfacet
  facet normal 0.863544 -0.0755847 0.498578
    outer loop
      vertex 2.06914 117.3 3.07777
      vertex 2.11518 117.826 3.07777
      vertex 1.74666 117.3 3.63631
    endloop
  endfacet
  facet normal -0.542985 -0.542404 0.641066
    outer loop
      vertex 51.2482 119.622 3.07777
      vertex 51.3042 118.982 2.5837
      vertex 51.6218 119.248 3.07777
    endloop
  endfacet
  facet normal -0.541925 -0.542766 0.641656
    outer loop
      vertex 51.3042 118.982 2.5837
      vertex 51.2482 119.622 3.07777
      vertex 50.9817 119.304 2.5837
    endloop
  endfacet
  facet normal 0.454407 -0.212066 0.865184
    outer loop
      vertex 3.63061 117.835 1.84666
      vertex 3.26209 118.361 2.16914
      vertex 3.10575 118.026 2.16914
    endloop
  endfacet
  facet normal 0.806799 0.564928 0.17301
    outer loop
      vertex 2.27642 2.73074 4.87752
      vertex 2.00489 3.31304 4.24237
      vertex 1.9079 3.25704 4.87752
    endloop
  endfacet
  facet normal -0.622215 0.166816 0.764866
    outer loop
      vertex 51.7585 4.20517 2.5837
      vertex 51.39 4.73148 2.16914
      vertex 51.2942 4.37415 2.16914
    endloop
  endfacet
  facet normal 0.129771 0.484351 0.865195
    outer loop
      vertex 4.82847 3.56007 1.84666
      vertex 4.56519 3.63061 1.84666
      vertex 4.37415 3.10575 2.16914
    endloop
  endfacet
  facet normal 0.173622 0.0151919 0.984695
    outer loop
      vertex 4.78242 5.044 1.51408
      vertex 4.77752 5.1 1.51408
      vertex 4.14237 5.1 1.62607
    endloop
  endfacet
  facet normal 0.254448 -0.951285 0.174107
    outer loop
      vertex 3.87765 120.658 4.24237
      vertex 4.45995 120.93 4.87752
      vertex 3.83934 120.764 4.87752
    endloop
  endfacet
  facet normal 0.996194 -0.087167 0
    outer loop
      vertex 1.41408 117.3 36.8
      vertex 1.47008 117.94 4.87752
      vertex 1.47008 117.94 36.8
    endloop
  endfacet
  facet normal 0.996194 -0.087167 0
    outer loop
      vertex 1.47008 117.94 4.87752
      vertex 1.41408 117.3 36.8
      vertex 1.41408 117.3 4.87752
    endloop
  endfacet
  facet normal 0.324625 -0.695202 0.641337
    outer loop
      vertex 3.79185 119.566 2.5837
      vertex 4.20517 119.759 2.5837
      vertex 3.58457 119.925 3.07777
    endloop
  endfacet
  facet normal 0.965927 0.258816 0
    outer loop
      vertex 1.63637 3.83934 36.8
      vertex 1.47008 4.45995 4.87752
      vertex 1.47008 4.45995 36.8
    endloop
  endfacet
  facet normal 0.965927 0.258816 0
    outer loop
      vertex 1.47008 4.45995 4.87752
      vertex 1.63637 3.83934 36.8
      vertex 1.63637 3.83934 4.87752
    endloop
  endfacet
  facet normal 0.573034 -0.819532 0
    outer loop
      vertex 2.73074 120.124 4.87752
      vertex 3.25704 120.492 36.8
      vertex 2.73074 120.124 36.8
    endloop
  endfacet
  facet normal 0.573034 -0.819532 0
    outer loop
      vertex 3.25704 120.492 36.8
      vertex 2.73074 120.124 4.87752
      vertex 3.25704 120.492 4.87752
    endloop
  endfacet
  facet normal -0.157804 -0.0737813 0.98471
    outer loop
      vertex 50.1999 117.628 1.62607
      vertex 50.1293 117.779 1.62607
      vertex 49.603 117.41 1.51408
    endloop
  endfacet
  facet normal 0.996194 0.0871602 0
    outer loop
      vertex 1.47008 4.45995 36.8
      vertex 1.41408 5.1 4.87752
      vertex 1.41408 5.1 36.8
    endloop
  endfacet
  facet normal 0.996194 0.0871602 0
    outer loop
      vertex 1.41408 5.1 4.87752
      vertex 1.47008 4.45995 36.8
      vertex 1.47008 4.45995 4.87752
    endloop
  endfacet
  facet normal 0.331485 0.0888128 0.939271
    outer loop
      vertex 4.20012 4.77247 1.62607
      vertex 4.15692 4.93371 1.62607
      vertex 3.56007 4.82847 1.84666
    endloop
  endfacet
  facet normal 0.707107 0.707107 0
    outer loop
      vertex 2.73074 2.27642 36.8
      vertex 2.27642 2.73074 4.87752
      vertex 2.27642 2.73074 36.8
    endloop
  endfacet
  facet normal 0.707107 0.707107 0
    outer loop
      vertex 2.27642 2.73074 4.87752
      vertex 2.73074 2.27642 36.8
      vertex 2.73074 2.27642 4.87752
    endloop
  endfacet
  facet normal 0.0858473 0.981173 0.173002
    outer loop
      vertex 5.1 1.52607 4.24237
      vertex 4.47939 1.58037 4.24237
      vertex 4.45995 1.47008 4.87752
    endloop
  endfacet
  facet normal 0.416244 0.892641 0.173009
    outer loop
      vertex 3.83934 1.63637 4.87752
      vertex 3.31304 2.00489 4.24237
      vertex 3.25704 1.9079 4.87752
    endloop
  endfacet
  facet normal 0.254914 0.951362 0.173
    outer loop
      vertex 4.45995 1.47008 4.87752
      vertex 4.47939 1.58037 4.24237
      vertex 3.83934 1.63637 4.87752
    endloop
  endfacet
  facet normal 0.564928 0.806799 0.17301
    outer loop
      vertex 3.25704 1.9079 4.87752
      vertex 3.31304 2.00489 4.24237
      vertex 2.73074 2.27642 4.87752
    endloop
  endfacet
  facet normal -0.254452 -0.951284 0.174103
    outer loop
      vertex 50.5224 120.658 4.24237
      vertex 50.5607 120.764 4.87752
      vertex 49.9401 120.93 4.87752
    endloop
  endfacet
  facet normal -0.0858458 -0.981248 0.172575
    outer loop
      vertex 49.9206 120.82 4.24237
      vertex 49.9401 120.93 4.87752
      vertex 49.3 120.986 4.87752
    endloop
  endfacet
  facet normal -0.145736 -0.310562 0.939315
    outer loop
      vertex 49.7788 118.129 1.62607
      vertex 50.0818 118.654 1.84666
      vertex 49.6275 118.2 1.62607
    endloop
  endfacet
  facet normal -0.258399 -0.966038 0
    outer loop
      vertex 49.9401 120.93 4.87752
      vertex 50.5607 120.764 36.8
      vertex 49.9401 120.93 36.8
    endloop
  endfacet
  facet normal -0.258399 -0.966038 -0
    outer loop
      vertex 50.5607 120.764 36.8
      vertex 49.9401 120.93 4.87752
      vertex 50.5607 120.764 4.87752
    endloop
  endfacet
  facet normal -0.573034 -0.819532 0
    outer loop
      vertex 51.143 120.492 4.87752
      vertex 51.6693 120.124 36.8
      vertex 51.143 120.492 36.8
    endloop
  endfacet
  facet normal -0.573034 -0.819532 -0
    outer loop
      vertex 51.6693 120.124 36.8
      vertex 51.143 120.492 4.87752
      vertex 51.6693 120.124 4.87752
    endloop
  endfacet
  facet normal -0.965963 -0.258679 0
    outer loop
      vertex 52.9299 117.94 4.87752
      vertex 52.7636 118.561 36.8
      vertex 52.7636 118.561 4.87752
    endloop
  endfacet
  facet normal -0.965963 -0.258679 0
    outer loop
      vertex 52.7636 118.561 36.8
      vertex 52.9299 117.94 4.87752
      vertex 52.9299 117.94 36.8
    endloop
  endfacet
  facet normal -0.32426 0.69536 0.64135
    outer loop
      vertex 50.3366 2.25192 3.07777
      vertex 50.6081 2.83422 2.5837
      vertex 50.1948 2.64149 2.5837
    endloop
  endfacet
  facet normal -0.243302 0.90808 0.340873
    outer loop
      vertex 49.9206 1.58037 4.24237
      vertex 50.5224 1.74161 4.24237
      vertex 49.8823 1.79761 3.63631
    endloop
  endfacet
  facet normal -0.863523 0.0756383 0.498605
    outer loop
      vertex 52.6024 4.5177 3.63631
      vertex 52.3309 5.1 3.07777
      vertex 52.2848 4.5737 3.07777
    endloop
  endfacet
  facet normal -0.892628 0.416268 0.173023
    outer loop
      vertex 52.4921 3.25704 4.87752
      vertex 52.6584 3.87765 4.24237
      vertex 52.3951 3.31304 4.24237
    endloop
  endfacet
  facet normal -0.416249 0.89264 0.173004
    outer loop
      vertex 50.5607 1.63637 4.87752
      vertex 51.087 2.00489 4.24237
      vertex 50.5224 1.74161 4.24237
    endloop
  endfacet
  facet normal 0.166743 0.622261 0.764845
    outer loop
      vertex 4.64568 2.52345 2.5837
      vertex 4.73148 3.01001 2.16914
      vertex 4.20517 2.64149 2.5837
    endloop
  endfacet
  facet normal -0.819166 0.573556 0
    outer loop
      vertex 52.1236 2.73074 4.87752
      vertex 52.4921 3.25704 36.8
      vertex 52.4921 3.25704 4.87752
    endloop
  endfacet
  facet normal -0.819166 0.573556 0
    outer loop
      vertex 52.4921 3.25704 36.8
      vertex 52.1236 2.73074 4.87752
      vertex 52.1236 2.73074 36.8
    endloop
  endfacet
  facet normal -0.892667 0.41621 0.172957
    outer loop
      vertex 52.7636 3.83934 4.87752
      vertex 52.6584 3.87765 4.24237
      vertex 52.4921 3.25704 4.87752
    endloop
  endfacet
  facet normal -0.254916 0.951357 0.173024
    outer loop
      vertex 49.9401 1.47008 4.87752
      vertex 50.5607 1.63637 4.87752
      vertex 49.9206 1.58037 4.24237
    endloop
  endfacet
  facet normal -0.0858486 0.981171 0.17301
    outer loop
      vertex 49.9401 1.47008 4.87752
      vertex 49.9206 1.58037 4.24237
      vertex 49.3 1.52607 4.24237
    endloop
  endfacet
  facet normal 0.665247 -0.664154 0.341094
    outer loop
      vertex 2.53119 119.455 3.63631
      vertex 2.94451 119.869 3.63631
      vertex 2.36221 119.597 4.24237
    endloop
  endfacet
  facet normal -0.341851 -0.0298605 0.93928
    outer loop
      vertex 50.2576 117.3 1.62607
      vertex 50.8637 117.3 1.84666
      vertex 50.2431 117.466 1.62607
    endloop
  endfacet
  facet normal -0.211943 0.454426 0.865203
    outer loop
      vertex 50.3611 3.26209 2.16914
      vertex 50.0818 3.74581 1.84666
      vertex 49.8348 3.63061 1.84666
    endloop
  endfacet
  facet normal -0.331509 0.088819 0.939262
    outer loop
      vertex 50.8399 4.82847 1.84666
      vertex 50.2431 4.93371 1.62607
      vertex 50.1999 4.77247 1.62607
    endloop
  endfacet
  facet normal 0.564553 -0.80701 0.173249
    outer loop
      vertex 2.80272 120.038 4.24237
      vertex 3.31304 120.395 4.24237
      vertex 2.73074 120.124 4.87752
    endloop
  endfacet
  facet normal 0.281283 -0.19657 0.939276
    outer loop
      vertex 4.27067 117.779 1.62607
      vertex 4.36641 117.916 1.62607
      vertex 3.74581 118.082 1.84666
    endloop
  endfacet
  facet normal 0.741154 -0.19838 0.641355
    outer loop
      vertex 2.52345 117.754 2.5837
      vertex 2.64149 118.195 2.5837
      vertex 2.11518 117.826 3.07777
    endloop
  endfacet
  facet normal 0.936535 -0.0818903 0.340874
    outer loop
      vertex 1.74666 117.3 3.63631
      vertex 1.58037 117.921 4.24237
      vertex 1.52607 117.3 4.24237
    endloop
  endfacet
  facet normal -0.0888073 0.331485 0.939271
    outer loop
      vertex 49.8348 3.63061 1.84666
      vertex 49.6275 4.20012 1.62607
      vertex 49.5715 3.56007 1.84666
    endloop
  endfacet
  facet normal -0.198586 0.741104 0.641349
    outer loop
      vertex 50.3366 2.25192 3.07777
      vertex 50.1948 2.64149 2.5837
      vertex 49.8263 2.11518 3.07777
    endloop
  endfacet
  facet normal -0.0437158 0.49953 0.865193
    outer loop
      vertex 49.5715 3.56007 1.84666
      vertex 49.3 3.53631 1.84666
      vertex 49.3 2.97777 2.16914
    endloop
  endfacet
  facet normal 0.0299129 0.341871 0.939271
    outer loop
      vertex 5.1 4.14237 1.62607
      vertex 4.93371 4.15692 1.62607
      vertex 4.82847 3.56007 1.84666
    endloop
  endfacet
  facet normal -0.310962 0.145111 0.939279
    outer loop
      vertex 50.6542 4.31816 1.84666
      vertex 50.1999 4.77247 1.62607
      vertex 50.1293 4.62118 1.62607
    endloop
  endfacet
  facet normal 0.965967 -0.258665 0
    outer loop
      vertex 1.47008 117.94 36.8
      vertex 1.63637 118.561 4.87752
      vertex 1.63637 118.561 36.8
    endloop
  endfacet
  facet normal 0.965967 -0.258665 0
    outer loop
      vertex 1.63637 118.561 4.87752
      vertex 1.47008 117.94 36.8
      vertex 1.47008 117.94 4.87752
    endloop
  endfacet
  facet normal 0.906225 -0.422796 0
    outer loop
      vertex 1.63637 118.561 36.8
      vertex 1.9079 119.143 4.87752
      vertex 1.9079 119.143 36.8
    endloop
  endfacet
  facet normal 0.906225 -0.422796 0
    outer loop
      vertex 1.9079 119.143 4.87752
      vertex 1.63637 118.561 36.8
      vertex 1.63637 118.561 4.87752
    endloop
  endfacet
  facet normal 0.908181 -0.243167 0.340701
    outer loop
      vertex 1.79761 117.882 3.63631
      vertex 1.94889 118.447 3.63631
      vertex 1.74161 118.522 4.24237
    endloop
  endfacet
  facet normal 0.622261 0.166743 0.764845
    outer loop
      vertex 2.64149 4.20517 2.5837
      vertex 3.01001 4.73148 2.16914
      vertex 2.52345 4.64568 2.5837
    endloop
  endfacet
  facet normal 0.818998 -0.573797 0
    outer loop
      vertex 1.9079 119.143 36.8
      vertex 2.27642 119.669 4.87752
      vertex 2.27642 119.669 36.8
    endloop
  endfacet
  facet normal 0.818998 -0.573797 0
    outer loop
      vertex 2.27642 119.669 4.87752
      vertex 1.9079 119.143 36.8
      vertex 1.9079 119.143 4.87752
    endloop
  endfacet
  facet normal 0.696806 -0.696031 0.173211
    outer loop
      vertex 2.80272 120.038 4.24237
      vertex 2.73074 120.124 4.87752
      vertex 2.36221 119.597 4.24237
    endloop
  endfacet
  facet normal 0.665127 -0.664388 0.340874
    outer loop
      vertex 2.94451 119.869 3.63631
      vertex 2.80272 120.038 4.24237
      vertex 2.36221 119.597 4.24237
    endloop
  endfacet
  facet normal 0.342023 0 0.939692
    outer loop
      vertex 3.53631 39.85 1.84666
      vertex 4.14237 5.1 1.62607
      vertex 4.14237 39.85 1.62607
    endloop
  endfacet
  facet normal 0.342023 0 0.939692
    outer loop
      vertex 4.14237 5.1 1.62607
      vertex 3.53631 39.85 1.84666
      vertex 3.53631 5.1 1.84666
    endloop
  endfacet
  facet normal 0.342023 0 0.939692
    outer loop
      vertex 3.53631 117.3 1.84666
      vertex 4.14237 84.15 1.62607
      vertex 4.14237 117.3 1.62607
    endloop
  endfacet
  facet normal 0.342023 0 0.939692
    outer loop
      vertex 4.14237 84.15 1.62607
      vertex 3.53631 117.3 1.84666
      vertex 3.53631 84.15 1.84666
    endloop
  endfacet
  facet normal 0.342023 0 0.939692
    outer loop
      vertex 3.53631 60.85 1.84666
      vertex 4.14237 42.15 1.62607
      vertex 4.14237 60.85 1.62607
    endloop
  endfacet
  facet normal 0.342023 0 0.939692
    outer loop
      vertex 4.14237 42.15 1.62607
      vertex 3.53631 60.85 1.84666
      vertex 3.53631 42.15 1.84666
    endloop
  endfacet
  facet normal 0.342023 0 0.939692
    outer loop
      vertex 3.53631 81.85 1.84666
      vertex 4.14237 63.15 1.62607
      vertex 4.14237 81.85 1.62607
    endloop
  endfacet
  facet normal 0.342023 0 0.939692
    outer loop
      vertex 4.14237 63.15 1.62607
      vertex 3.53631 81.85 1.84666
      vertex 3.53631 63.15 1.84666
    endloop
  endfacet
  facet normal 0.422617 0.906308 -0
    outer loop
      vertex 3.83934 1.63637 4.87752
      vertex 3.25704 1.9079 36.8
      vertex 3.83934 1.63637 36.8
    endloop
  endfacet
  facet normal 0.422617 0.906308 0
    outer loop
      vertex 3.25704 1.9079 36.8
      vertex 3.83934 1.63637 4.87752
      vertex 3.25704 1.9079 4.87752
    endloop
  endfacet
  facet normal 0.224357 0.837309 0.498575
    outer loop
      vertex 4.5737 2.11518 3.07777
      vertex 4.06338 2.25192 3.07777
      vertex 3.95309 1.94889 3.63631
    endloop
  endfacet
  facet normal 0.416243 0.892642 0.173011
    outer loop
      vertex 3.83934 1.63637 4.87752
      vertex 3.87765 1.74161 4.24237
      vertex 3.31304 2.00489 4.24237
    endloop
  endfacet
  facet normal 0.664759 0.664759 0.340869
    outer loop
      vertex 2.36221 2.80272 4.24237
      vertex 2.94451 2.53119 3.63631
      vertex 2.53119 2.94451 3.63631
    endloop
  endfacet
  facet normal 0.664759 0.664759 0.340869
    outer loop
      vertex 2.94451 2.53119 3.63631
      vertex 2.36221 2.80272 4.24237
      vertex 2.80272 2.36221 4.24237
    endloop
  endfacet
  facet normal -0.324635 -0.695189 0.641346
    outer loop
      vertex 50.6081 119.566 2.5837
      vertex 50.8154 119.925 3.07777
      vertex 50.1948 119.759 2.5837
    endloop
  endfacet
  facet normal 0.0557325 -0.641829 0.76482
    outer loop
      vertex 5.1 119.422 2.16914
      vertex 5.1 119.916 2.5837
      vertex 4.73148 119.39 2.16914
    endloop
  endfacet
  facet normal -0.500014 0 0.866017
    outer loop
      vertex 51.2 39.85 2.04083
      vertex 50.8637 39.85 1.84666
      vertex 51.2 37.84 2.04083
    endloop
  endfacet
  facet normal -0.500067 0 0.865987
    outer loop
      vertex 51.2 37.84 2.04083
      vertex 51.4222 5.1 2.16914
      vertex 51.4222 37.84 2.16914
    endloop
  endfacet
  facet normal -0.500014 0 0.866017
    outer loop
      vertex 50.8637 5.1 1.84666
      vertex 51.2 37.84 2.04083
      vertex 50.8637 39.85 1.84666
    endloop
  endfacet
  facet normal -0.500035 2.87906e-007 0.866005
    outer loop
      vertex 51.2 37.84 2.04083
      vertex 50.8637 5.1 1.84666
      vertex 51.4222 5.1 2.16914
    endloop
  endfacet
  facet normal 0 -1 0
    outer loop
      vertex 50.8637 39.85 1.84666
      vertex 51.2 39.85 2.04083
      vertex 51.4222 39.85 2.16914
    endloop
  endfacet
  facet normal -0.500067 0 0.865987
    outer loop
      vertex 51.4222 117.3 2.16914
      vertex 51.2 86.16 2.04083
      vertex 51.4222 86.16 2.16914
    endloop
  endfacet
  facet normal -0.500035 -3.02699e-007 0.866005
    outer loop
      vertex 50.8637 117.3 1.84666
      vertex 51.2 86.16 2.04083
      vertex 51.4222 117.3 2.16914
    endloop
  endfacet
  facet normal -0.500014 0 0.866017
    outer loop
      vertex 50.8637 84.15 1.84666
      vertex 51.2 86.16 2.04083
      vertex 50.8637 117.3 1.84666
    endloop
  endfacet
  facet normal -0.500014 0 0.866017
    outer loop
      vertex 51.2 86.16 2.04083
      vertex 50.8637 84.15 1.84666
      vertex 51.2 84.15 2.04083
    endloop
  endfacet
  facet normal 0 1 0
    outer loop
      vertex 50.8637 84.15 1.84666
      vertex 51.4222 84.15 2.16914
      vertex 51.2 84.15 2.04083
    endloop
  endfacet
  facet normal -0.500014 0 0.866017
    outer loop
      vertex 50.8637 60.85 1.84666
      vertex 51.2 58.84 2.04083
      vertex 51.2 60.85 2.04083
    endloop
  endfacet
  facet normal -0.500014 0 0.866017
    outer loop
      vertex 51.2 58.84 2.04083
      vertex 50.8637 60.85 1.84666
      vertex 51.2 44.16 2.04083
    endloop
  endfacet
  facet normal -0.500014 0 0.866017
    outer loop
      vertex 50.8637 42.15 1.84666
      vertex 51.2 44.16 2.04083
      vertex 50.8637 60.85 1.84666
    endloop
  endfacet
  facet normal -0.500014 0 0.866017
    outer loop
      vertex 51.2 44.16 2.04083
      vertex 50.8637 42.15 1.84666
      vertex 51.2 42.15 2.04083
    endloop
  endfacet
  facet normal -0.500067 0 0.865987
    outer loop
      vertex 51.2 58.84 2.04083
      vertex 51.4222 44.16 2.16914
      vertex 51.4222 58.84 2.16914
    endloop
  endfacet
  facet normal -0.500067 0 0.865987
    outer loop
      vertex 51.4222 44.16 2.16914
      vertex 51.2 58.84 2.04083
      vertex 51.2 44.16 2.04083
    endloop
  endfacet
  facet normal 0 1 -0
    outer loop
      vertex 51.2 42.15 2.04083
      vertex 50.8637 42.15 1.84666
      vertex 51.4222 42.15 2.16914
    endloop
  endfacet
  facet normal -0 -1 0
    outer loop
      vertex 51.2 60.85 2.04083
      vertex 51.4222 60.85 2.16914
      vertex 50.8637 60.85 1.84666
    endloop
  endfacet
  facet normal -0.500014 0 0.866017
    outer loop
      vertex 50.8637 81.85 1.84666
      vertex 51.2 79.84 2.04083
      vertex 51.2 81.85 2.04083
    endloop
  endfacet
  facet normal -0.500014 0 0.866017
    outer loop
      vertex 51.2 79.84 2.04083
      vertex 50.8637 81.85 1.84666
      vertex 51.2 65.16 2.04083
    endloop
  endfacet
  facet normal -0.500014 0 0.866017
    outer loop
      vertex 50.8637 63.15 1.84666
      vertex 51.2 65.16 2.04083
      vertex 50.8637 81.85 1.84666
    endloop
  endfacet
  facet normal -0.500014 0 0.866017
    outer loop
      vertex 51.2 65.16 2.04083
      vertex 50.8637 63.15 1.84666
      vertex 51.2 63.15 2.04083
    endloop
  endfacet
  facet normal -0.500067 0 0.865987
    outer loop
      vertex 51.2 79.84 2.04083
      vertex 51.4222 65.16 2.16914
      vertex 51.4222 79.84 2.16914
    endloop
  endfacet
  facet normal -0.500067 0 0.865987
    outer loop
      vertex 51.4222 65.16 2.16914
      vertex 51.2 79.84 2.04083
      vertex 51.2 65.16 2.04083
    endloop
  endfacet
  facet normal -0 -1 0
    outer loop
      vertex 51.2 81.85 2.04083
      vertex 51.4222 81.85 2.16914
      vertex 50.8637 81.85 1.84666
    endloop
  endfacet
  facet normal 0 1 -0
    outer loop
      vertex 51.2 63.15 2.04083
      vertex 50.8637 63.15 1.84666
      vertex 51.4222 63.15 2.16914
    endloop
  endfacet
  facet normal -0.852196 -0.397138 0.340651
    outer loop
      vertex 52.6584 118.522 4.24237
      vertex 52.3951 119.087 4.24237
      vertex 52.2041 118.977 3.63631
    endloop
  endfacet
  facet normal -0.642752 0 0.766074
    outer loop
      vertex 51.4222 37.84 2.16914
      vertex 51.9163 5.1 2.5837
      vertex 51.9163 37.84 2.5837
    endloop
  endfacet
  facet normal -0.642752 0 0.766074
    outer loop
      vertex 51.9163 5.1 2.5837
      vertex 51.4222 37.84 2.16914
      vertex 51.4222 5.1 2.16914
    endloop
  endfacet
  facet normal -0.642752 0 0.766074
    outer loop
      vertex 51.4222 117.3 2.16914
      vertex 51.9163 86.16 2.5837
      vertex 51.9163 117.3 2.5837
    endloop
  endfacet
  facet normal -0.642752 0 0.766074
    outer loop
      vertex 51.9163 86.16 2.5837
      vertex 51.4222 117.3 2.16914
      vertex 51.4222 86.16 2.16914
    endloop
  endfacet
  facet normal -0.642752 0 0.766074
    outer loop
      vertex 51.4222 58.84 2.16914
      vertex 51.9163 44.16 2.5837
      vertex 51.9163 58.84 2.5837
    endloop
  endfacet
  facet normal -0.642752 0 0.766074
    outer loop
      vertex 51.9163 44.16 2.5837
      vertex 51.4222 58.84 2.16914
      vertex 51.4222 44.16 2.16914
    endloop
  endfacet
  facet normal -0.642752 0 0.766074
    outer loop
      vertex 51.4222 79.84 2.16914
      vertex 51.9163 65.16 2.5837
      vertex 51.9163 79.84 2.5837
    endloop
  endfacet
  facet normal -0.642752 0 0.766074
    outer loop
      vertex 51.9163 65.16 2.5837
      vertex 51.4222 79.84 2.16914
      vertex 51.4222 65.16 2.16914
    endloop
  endfacet
  facet normal -0.196493 -0.281262 0.939299
    outer loop
      vertex 50.3051 118.498 1.84666
      vertex 50.0818 118.654 1.84666
      vertex 49.7788 118.129 1.62607
    endloop
  endfacet
  facet normal -0.342003 0 0.939699
    outer loop
      vertex 50.2576 117.3 1.62607
      vertex 50.8637 84.15 1.84666
      vertex 50.8637 117.3 1.84666
    endloop
  endfacet
  facet normal -0.342003 0 0.939699
    outer loop
      vertex 50.8637 84.15 1.84666
      vertex 50.2576 117.3 1.62607
      vertex 50.2576 84.15 1.62607
    endloop
  endfacet
  facet normal -0.342003 0 0.939699
    outer loop
      vertex 50.2576 39.85 1.62607
      vertex 50.8637 5.1 1.84666
      vertex 50.8637 39.85 1.84666
    endloop
  endfacet
  facet normal -0.342003 0 0.939699
    outer loop
      vertex 50.8637 5.1 1.84666
      vertex 50.2576 39.85 1.62607
      vertex 50.2576 5.1 1.62607
    endloop
  endfacet
  facet normal -0.342003 0 0.939699
    outer loop
      vertex 50.2576 60.85 1.62607
      vertex 50.8637 42.15 1.84666
      vertex 50.8637 60.85 1.84666
    endloop
  endfacet
  facet normal -0.342003 0 0.939699
    outer loop
      vertex 50.8637 42.15 1.84666
      vertex 50.2576 60.85 1.62607
      vertex 50.2576 42.15 1.62607
    endloop
  endfacet
  facet normal -0.342003 0 0.939699
    outer loop
      vertex 50.2576 81.85 1.62607
      vertex 50.8637 63.15 1.84666
      vertex 50.8637 81.85 1.84666
    endloop
  endfacet
  facet normal -0.342003 0 0.939699
    outer loop
      vertex 50.8637 63.15 1.84666
      vertex 50.2576 81.85 1.62607
      vertex 50.2576 63.15 1.62607
    endloop
  endfacet
  facet normal -0.56439 -0.80717 0.173032
    outer loop
      vertex 51.6693 120.124 4.87752
      vertex 51.143 120.492 4.87752
      vertex 51.087 120.395 4.24237
    endloop
  endfacet
  facet normal -0.564566 -0.806997 0.173267
    outer loop
      vertex 51.5973 120.038 4.24237
      vertex 51.6693 120.124 4.87752
      vertex 51.087 120.395 4.24237
    endloop
  endfacet
  facet normal -0.709751 -0.497865 0.498382
    outer loop
      vertex 52.2041 118.977 3.63631
      vertex 51.8688 119.455 3.63631
      vertex 51.6218 119.248 3.07777
    endloop
  endfacet
  facet normal -0.242927 -0.908321 0.3405
    outer loop
      vertex 50.4469 120.451 3.63631
      vertex 50.5224 120.658 4.24237
      vertex 49.8823 120.602 3.63631
    endloop
  endfacet
  facet normal -0.564931 0.806796 0.173014
    outer loop
      vertex 51.6693 2.27642 4.87752
      vertex 51.5973 2.36221 4.24237
      vertex 51.087 2.00489 4.24237
    endloop
  endfacet
  facet normal -0.936558 0.0818664 0.340819
    outer loop
      vertex 52.8196 4.47939 4.24237
      vertex 52.6533 5.1 3.63631
      vertex 52.6024 4.5177 3.63631
    endloop
  endfacet
  facet normal -0.440044 0.62851 0.641355
    outer loop
      vertex 51.2482 2.77822 3.07777
      vertex 50.9817 3.0958 2.5837
      vertex 50.8154 2.4752 3.07777
    endloop
  endfacet
  facet normal -0.440057 0.628508 0.641348
    outer loop
      vertex 50.8154 2.4752 3.07777
      vertex 50.9817 3.0958 2.5837
      vertex 50.6081 2.83422 2.5837
    endloop
  endfacet
  facet normal -0.499558 0.0436497 0.86518
    outer loop
      vertex 51.39 4.73148 2.16914
      vertex 51.4222 5.1 2.16914
      vertex 50.8637 5.1 1.84666
    endloop
  endfacet
  facet normal -0.908085 0.243267 0.340887
    outer loop
      vertex 52.6584 3.87765 4.24237
      vertex 52.8196 4.47939 4.24237
      vertex 52.4511 3.95309 3.63631
    endloop
  endfacet
  facet normal -0.965923 0.258831 0
    outer loop
      vertex 52.7636 3.83934 4.87752
      vertex 52.9299 4.45995 36.8
      vertex 52.9299 4.45995 4.87752
    endloop
  endfacet
  facet normal -0.965923 0.258831 0
    outer loop
      vertex 52.9299 4.45995 36.8
      vertex 52.7636 3.83934 4.87752
      vertex 52.7636 3.83934 36.8
    endloop
  endfacet
  facet normal -0.696452 0.696436 0.173006
    outer loop
      vertex 52.1236 2.73074 4.87752
      vertex 52.0378 2.80272 4.24237
      vertex 51.5973 2.36221 4.24237
    endloop
  endfacet
  facet normal -0.806811 0.564906 0.173023
    outer loop
      vertex 52.4921 3.25704 4.87752
      vertex 52.3951 3.31304 4.24237
      vertex 52.1236 2.73074 4.87752
    endloop
  endfacet
  facet normal -0.628495 0.440116 0.64132
    outer loop
      vertex 51.9248 3.58457 3.07777
      vertex 51.5658 3.79185 2.5837
      vertex 51.3042 3.41828 2.5837
    endloop
  endfacet
  facet normal -0.366312 0.785622 0.498612
    outer loop
      vertex 50.9767 2.19592 3.63631
      vertex 50.8154 2.4752 3.07777
      vertex 50.4469 1.94889 3.63631
    endloop
  endfacet
  facet normal -0.397282 0.852043 0.340867
    outer loop
      vertex 51.087 2.00489 4.24237
      vertex 50.9767 2.19592 3.63631
      vertex 50.4469 1.94889 3.63631
    endloop
  endfacet
  facet normal -0.422617 0.906308 0
    outer loop
      vertex 51.143 1.9079 4.87752
      vertex 50.5607 1.63637 36.8
      vertex 51.143 1.9079 36.8
    endloop
  endfacet
  facet normal -0.422617 0.906308 0
    outer loop
      vertex 50.5607 1.63637 36.8
      vertex 51.143 1.9079 4.87752
      vertex 50.5607 1.63637 4.87752
    endloop
  endfacet
  facet normal -0.287629 0.410724 0.865202
    outer loop
      vertex 50.3611 3.26209 2.16914
      vertex 50.6641 3.47428 2.16914
      vertex 50.0818 3.74581 1.84666
    endloop
  endfacet
  facet normal -0.0888351 0.331487 0.939268
    outer loop
      vertex 49.5715 3.56007 1.84666
      vertex 49.6275 4.20012 1.62607
      vertex 49.4663 4.15692 1.62607
    endloop
  endfacet
  facet normal -0.287598 0.410775 0.865189
    outer loop
      vertex 50.6641 3.47428 2.16914
      vertex 50.3051 3.90215 1.84666
      vertex 50.0818 3.74581 1.84666
    endloop
  endfacet
  facet normal -0.641741 0.0560731 0.764869
    outer loop
      vertex 51.9163 5.1 2.5837
      vertex 51.4222 5.1 2.16914
      vertex 51.39 4.73148 2.16914
    endloop
  endfacet
  facet normal 0.764327 -0.0669207 0.641347
    outer loop
      vertex 2.4837 117.3 2.5837
      vertex 2.52345 117.754 2.5837
      vertex 2.11518 117.826 3.07777
    endloop
  endfacet
  facet normal 0.56439 -0.80717 0.173032
    outer loop
      vertex 3.31304 120.395 4.24237
      vertex 3.25704 120.492 4.87752
      vertex 2.73074 120.124 4.87752
    endloop
  endfacet
  facet normal 0.499535 -0.043645 0.865194
    outer loop
      vertex 3.56007 117.572 1.84666
      vertex 3.01001 117.669 2.16914
      vertex 2.97777 117.3 2.16914
    endloop
  endfacet
  facet normal -0 0.173642 0.984809
    outer loop
      vertex 5.1 4.77752 1.51408
      vertex 49.3 4.14237 1.62607
      vertex 49.3 4.77752 1.51408
    endloop
  endfacet
  facet normal 0 0.173642 0.984809
    outer loop
      vertex 49.3 4.14237 1.62607
      vertex 5.1 4.77752 1.51408
      vertex 5.1 4.14237 1.62607
    endloop
  endfacet
  facet normal -0 0.500008 0.866021
    outer loop
      vertex 5.1 3.53631 1.84666
      vertex 49.3 2.97777 2.16914
      vertex 49.3 3.53631 1.84666
    endloop
  endfacet
  facet normal 0 0.500008 0.866021
    outer loop
      vertex 49.3 2.97777 2.16914
      vertex 5.1 3.53631 1.84666
      vertex 5.1 2.97777 2.16914
    endloop
  endfacet
  facet normal -0.0755418 0.863546 0.498579
    outer loop
      vertex 49.8263 2.11518 3.07777
      vertex 49.3 2.06914 3.07777
      vertex 49.3 1.74666 3.63631
    endloop
  endfacet
  facet normal -0.066877 0.764333 0.641345
    outer loop
      vertex 49.8263 2.11518 3.07777
      vertex 49.7543 2.52345 2.5837
      vertex 49.3 2.4837 2.5837
    endloop
  endfacet
  facet normal 0.770098 0.539223 0.340862
    outer loop
      vertex 2.53119 2.94451 3.63631
      vertex 2.19592 3.42333 3.63631
      vertex 2.00489 3.31304 4.24237
    endloop
  endfacet
  facet normal 0.281117 0.196838 0.93927
    outer loop
      vertex 3.90215 4.09488 1.84666
      vertex 4.36641 4.48445 1.62607
      vertex 3.74581 4.31816 1.84666
    endloop
  endfacet
  facet normal 0.710078 0.497197 0.498583
    outer loop
      vertex 2.53119 2.94451 3.63631
      vertex 2.4752 3.58457 3.07777
      vertex 2.19592 3.42333 3.63631
    endloop
  endfacet
  facet normal 0.0451174 0.168345 0.984695
    outer loop
      vertex 5.044 4.78242 1.51408
      vertex 4.98971 4.79697 1.51408
      vertex 4.93371 4.15692 1.62607
    endloop
  endfacet
  facet normal 0.49953 0.0437109 0.865193
    outer loop
      vertex 3.56007 4.82847 1.84666
      vertex 3.53631 5.1 1.84666
      vertex 2.97777 5.1 2.16914
    endloop
  endfacet
  facet normal -0.0451093 0.168346 0.984695
    outer loop
      vertex 49.4663 4.15692 1.62607
      vertex 49.4103 4.79697 1.51408
      vertex 49.356 4.78242 1.51408
    endloop
  endfacet
  facet normal -0.311025 0.145043 0.939269
    outer loop
      vertex 50.6542 4.31816 1.84666
      vertex 50.7694 4.56519 1.84666
      vertex 50.1999 4.77247 1.62607
    endloop
  endfacet
  facet normal -0.173635 0.0151931 0.984693
    outer loop
      vertex 50.2576 5.1 1.62607
      vertex 49.6225 5.1 1.51408
      vertex 49.6176 5.044 1.51408
    endloop
  endfacet
  facet normal 0.981188 -0.0857947 0.172944
    outer loop
      vertex 1.52607 117.3 4.24237
      vertex 1.58037 117.921 4.24237
      vertex 1.47008 117.94 4.87752
    endloop
  endfacet
  facet normal 0.981173 -0.0858526 0.173001
    outer loop
      vertex 1.52607 117.3 4.24237
      vertex 1.47008 117.94 4.87752
      vertex 1.41408 117.3 4.87752
    endloop
  endfacet
  facet normal 0.819151 0.573577 0
    outer loop
      vertex 2.27642 2.73074 36.8
      vertex 1.9079 3.25704 4.87752
      vertex 1.9079 3.25704 36.8
    endloop
  endfacet
  facet normal 0.819151 0.573577 0
    outer loop
      vertex 1.9079 3.25704 4.87752
      vertex 2.27642 2.73074 36.8
      vertex 2.27642 2.73074 4.87752
    endloop
  endfacet
  facet normal 0.892559 -0.41642 0.173012
    outer loop
      vertex 2.00489 119.087 4.24237
      vertex 1.9079 119.143 4.87752
      vertex 1.63637 118.561 4.87752
    endloop
  endfacet
  facet normal 0.892681 -0.415974 0.173453
    outer loop
      vertex 1.74161 118.522 4.24237
      vertex 2.00489 119.087 4.24237
      vertex 1.63637 118.561 4.87752
    endloop
  endfacet
  facet normal 0.785497 -0.366116 0.498952
    outer loop
      vertex 2.4752 118.815 3.07777
      vertex 2.19592 118.977 3.63631
      vertex 1.94889 118.447 3.63631
    endloop
  endfacet
  facet normal 0.0819912 -0.936147 0.341915
    outer loop
      vertex 4.5177 120.602 3.63631
      vertex 5.1 120.653 3.63631
      vertex 4.47939 120.82 4.24237
    endloop
  endfacet
  facet normal 0.366051 -0.785959 0.498272
    outer loop
      vertex 3.58457 119.925 3.07777
      vertex 4.06338 120.148 3.07777
      vertex 3.42333 120.204 3.63631
    endloop
  endfacet
  facet normal 0.892641 0.416244 0.173009
    outer loop
      vertex 1.9079 3.25704 4.87752
      vertex 2.00489 3.31304 4.24237
      vertex 1.63637 3.83934 4.87752
    endloop
  endfacet
  facet normal 0.892642 0.416243 0.173011
    outer loop
      vertex 2.00489 3.31304 4.24237
      vertex 1.74161 3.87765 4.24237
      vertex 1.63637 3.83934 4.87752
    endloop
  endfacet
  facet normal 0 0.939692 0.342023
    outer loop
      vertex 49.3 1.74666 3.63631
      vertex 5.1 1.52607 4.24237
      vertex 49.3 1.52607 4.24237
    endloop
  endfacet
  facet normal 0 0.939692 0.342023
    outer loop
      vertex 5.1 1.52607 4.24237
      vertex 49.3 1.74666 3.63631
      vertex 5.1 1.74666 3.63631
    endloop
  endfacet
  facet normal 0.397307 0.852033 0.340861
    outer loop
      vertex 3.87765 1.74161 4.24237
      vertex 3.95309 1.94889 3.63631
      vertex 3.31304 2.00489 4.24237
    endloop
  endfacet
  facet normal 0.254922 0.951358 0.17301
    outer loop
      vertex 4.47939 1.58037 4.24237
      vertex 3.87765 1.74161 4.24237
      vertex 3.83934 1.63637 4.87752
    endloop
  endfacet
  facet normal 0.951358 0.254922 0.17301
    outer loop
      vertex 1.63637 3.83934 4.87752
      vertex 1.74161 3.87765 4.24237
      vertex 1.58037 4.47939 4.24237
    endloop
  endfacet
  facet normal 0.981173 0.085846 0.173001
    outer loop
      vertex 1.47008 4.45995 4.87752
      vertex 1.52607 5.1 4.24237
      vertex 1.41408 5.1 4.87752
    endloop
  endfacet
  facet normal 0.837309 0.224357 0.498575
    outer loop
      vertex 2.25192 4.06338 3.07777
      vertex 2.11518 4.5737 3.07777
      vertex 1.94889 3.95309 3.63631
    endloop
  endfacet
  facet normal 0.852033 0.397307 0.340861
    outer loop
      vertex 2.00489 3.31304 4.24237
      vertex 1.94889 3.95309 3.63631
      vertex 1.74161 3.87765 4.24237
    endloop
  endfacet
  facet normal -0.455024 -0.45573 0.765025
    outer loop
      vertex 50.9817 119.304 2.5837
      vertex 50.9257 118.664 2.16914
      vertex 51.3042 118.982 2.5837
    endloop
  endfacet
  facet normal -0.456069 -0.455373 0.764615
    outer loop
      vertex 50.9257 118.664 2.16914
      vertex 50.9817 119.304 2.5837
      vertex 50.6641 118.926 2.16914
    endloop
  endfacet
  facet normal -0.370041 -0.527661 0.76462
    outer loop
      vertex 50.6641 118.926 2.16914
      vertex 50.9817 119.304 2.5837
      vertex 50.6081 119.566 2.5837
    endloop
  endfacet
  facet normal -0.892516 -0.416354 0.173393
    outer loop
      vertex 52.6584 118.522 4.24237
      vertex 52.7636 118.561 4.87752
      vertex 52.4921 119.143 4.87752
    endloop
  endfacet
  facet normal -0.696952 -0.69588 0.173229
    outer loop
      vertex 51.5973 120.038 4.24237
      vertex 52.1236 119.669 4.87752
      vertex 51.6693 120.124 4.87752
    endloop
  endfacet
  facet normal -0.696835 -0.696045 0.173036
    outer loop
      vertex 52.1236 119.669 4.87752
      vertex 51.5973 120.038 4.24237
      vertex 52.0378 119.597 4.24237
    endloop
  endfacet
  facet normal -0.707651 -0.706562 0
    outer loop
      vertex 52.1236 119.669 4.87752
      vertex 51.6693 120.124 36.8
      vertex 51.6693 120.124 4.87752
    endloop
  endfacet
  facet normal -0.707651 -0.706562 0
    outer loop
      vertex 51.6693 120.124 36.8
      vertex 52.1236 119.669 4.87752
      vertex 52.1236 119.669 36.8
    endloop
  endfacet
  facet normal -0.981175 -0.0857936 0.173017
    outer loop
      vertex 52.8739 117.3 4.24237
      vertex 52.9859 117.3 4.87752
      vertex 52.8196 117.921 4.24237
    endloop
  endfacet
  facet normal -0.981171 0.0858471 0.173016
    outer loop
      vertex 52.9859 5.1 4.87752
      vertex 52.8739 5.1 4.24237
      vertex 52.8196 4.47939 4.24237
    endloop
  endfacet
  facet normal -0.173635 -0.0151669 0.984693
    outer loop
      vertex 50.2576 117.3 1.62607
      vertex 50.2431 117.466 1.62607
      vertex 49.6225 117.3 1.51408
    endloop
  endfacet
  facet normal -0.769898 -0.539382 0.341064
    outer loop
      vertex 52.3951 119.087 4.24237
      vertex 52.0378 119.597 4.24237
      vertex 51.8688 119.455 3.63631
    endloop
  endfacet
  facet normal -0.819012 -0.573776 0
    outer loop
      vertex 52.4921 119.143 4.87752
      vertex 52.1236 119.669 36.8
      vertex 52.1236 119.669 4.87752
    endloop
  endfacet
  facet normal -0.819012 -0.573776 0
    outer loop
      vertex 52.1236 119.669 36.8
      vertex 52.4921 119.143 4.87752
      vertex 52.4921 119.143 36.8
    endloop
  endfacet
  facet normal -0.416759 -0.892202 0.17403
    outer loop
      vertex 51.143 120.492 4.87752
      vertex 50.5607 120.764 4.87752
      vertex 50.5224 120.658 4.24237
    endloop
  endfacet
  facet normal -0.423218 -0.906028 0
    outer loop
      vertex 50.5607 120.764 4.87752
      vertex 51.143 120.492 36.8
      vertex 50.5607 120.764 36.8
    endloop
  endfacet
  facet normal -0.423218 -0.906028 -0
    outer loop
      vertex 51.143 120.492 36.8
      vertex 50.5607 120.764 4.87752
      vertex 51.143 120.492 4.87752
    endloop
  endfacet
  facet normal -0.287434 -0.410814 0.865224
    outer loop
      vertex 50.6641 118.926 2.16914
      vertex 50.3611 119.138 2.16914
      vertex 50.3051 118.498 1.84666
    endloop
  endfacet
  facet normal 0.0858526 -0.981249 0.172568
    outer loop
      vertex 4.47939 120.82 4.24237
      vertex 5.1 120.986 4.87752
      vertex 4.45995 120.93 4.87752
    endloop
  endfacet
  facet normal -0.397291 -0.852165 0.34055
    outer loop
      vertex 50.9767 120.204 3.63631
      vertex 50.5224 120.658 4.24237
      vertex 50.4469 120.451 3.63631
    endloop
  endfacet
  facet normal -0.709969 -0.496814 0.499119
    outer loop
      vertex 51.9248 118.815 3.07777
      vertex 52.2041 118.977 3.63631
      vertex 51.6218 119.248 3.07777
    endloop
  endfacet
  facet normal -0.416244 0.892641 0.173009
    outer loop
      vertex 51.143 1.9079 4.87752
      vertex 51.087 2.00489 4.24237
      vertex 50.5607 1.63637 4.87752
    endloop
  endfacet
  facet normal -0.564928 0.806799 0.17301
    outer loop
      vertex 51.143 1.9079 4.87752
      vertex 51.6693 2.27642 4.87752
      vertex 51.087 2.00489 4.24237
    endloop
  endfacet
  facet normal -0.0755589 0.863552 0.498567
    outer loop
      vertex 49.8823 1.79761 3.63631
      vertex 49.8263 2.11518 3.07777
      vertex 49.3 1.74666 3.63631
    endloop
  endfacet
  facet normal -0.397307 0.852019 0.340896
    outer loop
      vertex 50.5224 1.74161 4.24237
      vertex 51.087 2.00489 4.24237
      vertex 50.4469 1.94889 3.63631
    endloop
  endfacet
  facet normal -0.664761 0.664746 0.340889
    outer loop
      vertex 52.0378 2.80272 4.24237
      vertex 51.8688 2.94451 3.63631
      vertex 51.5973 2.36221 4.24237
    endloop
  endfacet
  facet normal -0.806822 0.564895 0.173009
    outer loop
      vertex 52.1236 2.73074 4.87752
      vertex 52.3951 3.31304 4.24237
      vertex 52.0378 2.80272 4.24237
    endloop
  endfacet
  facet normal -0.539228 0.770088 0.340877
    outer loop
      vertex 51.5973 2.36221 4.24237
      vertex 51.4555 2.53119 3.63631
      vertex 51.087 2.00489 4.24237
    endloop
  endfacet
  facet normal -0.539237 0.770086 0.340869
    outer loop
      vertex 51.087 2.00489 4.24237
      vertex 51.4555 2.53119 3.63631
      vertex 50.9767 2.19592 3.63631
    endloop
  endfacet
  facet normal -0.410771 0.287647 0.865174
    outer loop
      vertex 50.9257 3.73585 2.16914
      vertex 51.1379 4.03888 2.16914
      vertex 50.4979 4.09488 1.84666
    endloop
  endfacet
  facet normal -0.499487 0.0437808 0.865214
    outer loop
      vertex 51.39 4.73148 2.16914
      vertex 50.8637 5.1 1.84666
      vertex 50.8399 4.82847 1.84666
    endloop
  endfacet
  facet normal -0.764306 0.0669558 0.641369
    outer loop
      vertex 52.3309 5.1 3.07777
      vertex 51.9163 5.1 2.5837
      vertex 51.8765 4.64568 2.5837
    endloop
  endfacet
  facet normal -0.764302 0.0669472 0.641374
    outer loop
      vertex 52.2848 4.5737 3.07777
      vertex 52.3309 5.1 3.07777
      vertex 51.8765 4.64568 2.5837
    endloop
  endfacet
  facet normal -0.936527 0.081941 0.340887
    outer loop
      vertex 52.8196 4.47939 4.24237
      vertex 52.8739 5.1 4.24237
      vertex 52.6533 5.1 3.63631
    endloop
  endfacet
  facet normal -0.996194 0.0871602 0
    outer loop
      vertex 52.9299 4.45995 4.87752
      vertex 52.9859 5.1 36.8
      vertex 52.9859 5.1 4.87752
    endloop
  endfacet
  facet normal -0.996194 0.0871602 0
    outer loop
      vertex 52.9859 5.1 36.8
      vertex 52.9299 4.45995 4.87752
      vertex 52.9299 4.45995 36.8
    endloop
  endfacet
  facet normal -0.696458 0.696428 0.173017
    outer loop
      vertex 51.6693 2.27642 4.87752
      vertex 52.1236 2.73074 4.87752
      vertex 51.5973 2.36221 4.24237
    endloop
  endfacet
  facet normal -0.951367 0.25493 0.172951
    outer loop
      vertex 52.7636 3.83934 4.87752
      vertex 52.9299 4.45995 4.87752
      vertex 52.6584 3.87765 4.24237
    endloop
  endfacet
  facet normal -0.0668635 0.764341 0.641336
    outer loop
      vertex 49.8263 2.11518 3.07777
      vertex 49.3 2.4837 2.5837
      vertex 49.3 2.06914 3.07777
    endloop
  endfacet
  facet normal -0.243311 0.908074 0.340883
    outer loop
      vertex 50.5224 1.74161 4.24237
      vertex 50.4469 1.94889 3.63631
      vertex 49.8823 1.79761 3.63631
    endloop
  endfacet
  facet normal -0.142779 0.0999338 0.984697
    outer loop
      vertex 50.0336 4.48445 1.62607
      vertex 50.1293 4.62118 1.62607
      vertex 49.547 4.89272 1.51408
    endloop
  endfacet
  facet normal -0.173631 0.0151401 0.984694
    outer loop
      vertex 50.2431 4.93371 1.62607
      vertex 50.2576 5.1 1.62607
      vertex 49.6176 5.044 1.51408
    endloop
  endfacet
  facet normal -0.583862 0.272211 0.764857
    outer loop
      vertex 51.5658 3.79185 2.5837
      vertex 51.7585 4.20517 2.5837
      vertex 51.1379 4.03888 2.16914
    endloop
  endfacet
  facet normal -0.354571 0.354612 0.865176
    outer loop
      vertex 50.4979 4.09488 1.84666
      vertex 50.6641 3.47428 2.16914
      vertex 50.9257 3.73585 2.16914
    endloop
  endfacet
  facet normal -0.354508 0.354637 0.865192
    outer loop
      vertex 50.6641 3.47428 2.16914
      vertex 50.4979 4.09488 1.84666
      vertex 50.3051 3.90215 1.84666
    endloop
  endfacet
  facet normal -0.129785 0.484354 0.865192
    outer loop
      vertex 50.0258 3.10575 2.16914
      vertex 49.8348 3.63061 1.84666
      vertex 49.6685 3.01001 2.16914
    endloop
  endfacet
  facet normal -0.211905 0.454469 0.86519
    outer loop
      vertex 50.0258 3.10575 2.16914
      vertex 50.3611 3.26209 2.16914
      vertex 49.8348 3.63061 1.84666
    endloop
  endfacet
  facet normal -0.0999273 0.142783 0.984697
    outer loop
      vertex 49.7788 4.27067 1.62607
      vertex 49.9156 4.36641 1.62607
      vertex 49.4612 4.82073 1.51408
    endloop
  endfacet
  facet normal -0.281145 0.196779 0.939274
    outer loop
      vertex 50.4979 4.09488 1.84666
      vertex 50.1293 4.62118 1.62607
      vertex 50.0336 4.48445 1.62607
    endloop
  endfacet
  facet normal 0 -0.984806 0.173657
    outer loop
      vertex 5.1 120.874 4.24237
      vertex 49.3 120.986 4.87752
      vertex 5.1 120.986 4.87752
    endloop
  endfacet
  facet normal 0 -0.984806 0.173657
    outer loop
      vertex 49.3 120.986 4.87752
      vertex 5.1 120.874 4.24237
      vertex 49.3 120.874 4.24237
    endloop
  endfacet
  facet normal 0.0853763 -0.98121 0.173023
    outer loop
      vertex 5.1 120.874 4.24237
      vertex 5.1 120.986 4.87752
      vertex 4.47939 120.82 4.24237
    endloop
  endfacet
  facet normal 0.173642 0 0.984809
    outer loop
      vertex 4.14237 39.85 1.62607
      vertex 4.77752 5.1 1.51408
      vertex 4.77752 39.85 1.51408
    endloop
  endfacet
  facet normal 0.173642 0 0.984809
    outer loop
      vertex 4.77752 5.1 1.51408
      vertex 4.14237 39.85 1.62607
      vertex 4.14237 5.1 1.62607
    endloop
  endfacet
  facet normal 0.173642 0 0.984809
    outer loop
      vertex 4.14237 117.3 1.62607
      vertex 4.77752 84.15 1.51408
      vertex 4.77752 117.3 1.51408
    endloop
  endfacet
  facet normal 0.173642 0 0.984809
    outer loop
      vertex 4.77752 84.15 1.51408
      vertex 4.14237 117.3 1.62607
      vertex 4.14237 84.15 1.62607
    endloop
  endfacet
  facet normal 0.173642 0 0.984809
    outer loop
      vertex 4.14237 60.85 1.62607
      vertex 4.77752 42.15 1.51408
      vertex 4.77752 60.85 1.51408
    endloop
  endfacet
  facet normal 0.173642 0 0.984809
    outer loop
      vertex 4.77752 42.15 1.51408
      vertex 4.14237 60.85 1.62607
      vertex 4.14237 42.15 1.62607
    endloop
  endfacet
  facet normal 0.173642 0 0.984809
    outer loop
      vertex 4.14237 81.85 1.62607
      vertex 4.77752 63.15 1.51408
      vertex 4.77752 81.85 1.51408
    endloop
  endfacet
  facet normal 0.173642 0 0.984809
    outer loop
      vertex 4.77752 63.15 1.51408
      vertex 4.14237 81.85 1.62607
      vertex 4.14237 63.15 1.62607
    endloop
  endfacet
  facet normal 0 -0.342053 0.939681
    outer loop
      vertex 5.1 118.864 1.84666
      vertex 49.3 118.258 1.62607
      vertex 49.3 118.864 1.84666
    endloop
  endfacet
  facet normal 0 -0.342053 0.939681
    outer loop
      vertex 49.3 118.258 1.62607
      vertex 5.1 118.864 1.84666
      vertex 5.1 118.258 1.62607
    endloop
  endfacet
  facet normal -0.0668233 -0.764546 0.641096
    outer loop
      vertex 49.7543 119.877 2.5837
      vertex 49.8263 120.285 3.07777
      vertex 49.3 120.331 3.07777
    endloop
  endfacet
  facet normal -0.01564 -0.173396 0.984728
    outer loop
      vertex 49.4663 118.243 1.62607
      vertex 49.3 118.258 1.62607
      vertex 49.3 117.622 1.51408
    endloop
  endfacet
  facet normal 0.695218 -0.32443 0.641418
    outer loop
      vertex 2.64149 118.195 2.5837
      vertex 2.83422 118.608 2.5837
      vertex 2.25192 118.337 3.07777
    endloop
  endfacet
  facet normal 0.500003 -0 0.866024
    outer loop
      vertex 3.2 37.84 2.04083
      vertex 3.53631 39.85 1.84666
      vertex 3.2 39.85 2.04083
    endloop
  endfacet
  facet normal 0.500003 0 0.866024
    outer loop
      vertex 3.53631 39.85 1.84666
      vertex 3.2 37.84 2.04083
      vertex 3.53631 5.1 1.84666
    endloop
  endfacet
  facet normal 0.500016 -0 0.866016
    outer loop
      vertex 2.97777 5.1 2.16914
      vertex 3.2 37.84 2.04083
      vertex 2.97777 37.84 2.16914
    endloop
  endfacet
  facet normal 0.500008 7.27896e-008 0.866021
    outer loop
      vertex 3.2 37.84 2.04083
      vertex 2.97777 5.1 2.16914
      vertex 3.53631 5.1 1.84666
    endloop
  endfacet
  facet normal 0 -1 0
    outer loop
      vertex 3.53631 39.85 1.84666
      vertex 2.97777 39.85 2.16914
      vertex 3.2 39.85 2.04083
    endloop
  endfacet
  facet normal 0.500003 0 0.866024
    outer loop
      vertex 3.53631 117.3 1.84666
      vertex 3.2 86.16 2.04083
      vertex 3.53631 84.15 1.84666
    endloop
  endfacet
  facet normal 0.500008 -7.65296e-008 0.866021
    outer loop
      vertex 2.97777 117.3 2.16914
      vertex 3.2 86.16 2.04083
      vertex 3.53631 117.3 1.84666
    endloop
  endfacet
  facet normal 0.500016 0 0.866016
    outer loop
      vertex 3.2 86.16 2.04083
      vertex 2.97777 117.3 2.16914
      vertex 2.97777 86.16 2.16914
    endloop
  endfacet
  facet normal 0.500003 0 0.866024
    outer loop
      vertex 3.53631 84.15 1.84666
      vertex 3.2 86.16 2.04083
      vertex 3.2 84.15 2.04083
    endloop
  endfacet
  facet normal -0 1 -0
    outer loop
      vertex 3.2 84.15 2.04083
      vertex 2.97777 84.15 2.16914
      vertex 3.53631 84.15 1.84666
    endloop
  endfacet
  facet normal 0.500016 0 0.866016
    outer loop
      vertex 2.97777 58.84 2.16914
      vertex 3.2 44.16 2.04083
      vertex 3.2 58.84 2.04083
    endloop
  endfacet
  facet normal 0.500016 0 0.866016
    outer loop
      vertex 3.2 44.16 2.04083
      vertex 2.97777 58.84 2.16914
      vertex 2.97777 44.16 2.16914
    endloop
  endfacet
  facet normal 0.500003 -0 0.866024
    outer loop
      vertex 3.2 58.84 2.04083
      vertex 3.53631 60.85 1.84666
      vertex 3.2 60.85 2.04083
    endloop
  endfacet
  facet normal 0.500003 0 0.866024
    outer loop
      vertex 3.53631 60.85 1.84666
      vertex 3.2 58.84 2.04083
      vertex 3.53631 42.15 1.84666
    endloop
  endfacet
  facet normal 0.500003 -0 0.866024
    outer loop
      vertex 3.2 44.16 2.04083
      vertex 3.53631 42.15 1.84666
      vertex 3.2 58.84 2.04083
    endloop
  endfacet
  facet normal 0.500003 0 0.866024
    outer loop
      vertex 3.53631 42.15 1.84666
      vertex 3.2 44.16 2.04083
      vertex 3.2 42.15 2.04083
    endloop
  endfacet
  facet normal -0 1 -0
    outer loop
      vertex 3.2 42.15 2.04083
      vertex 2.97777 42.15 2.16914
      vertex 3.53631 42.15 1.84666
    endloop
  endfacet
  facet normal 0 -1 0
    outer loop
      vertex 2.97777 60.85 2.16914
      vertex 3.2 60.85 2.04083
      vertex 3.53631 60.85 1.84666
    endloop
  endfacet
  facet normal 0.500016 0 0.866016
    outer loop
      vertex 2.97777 79.84 2.16914
      vertex 3.2 65.16 2.04083
      vertex 3.2 79.84 2.04083
    endloop
  endfacet
  facet normal 0.500016 0 0.866016
    outer loop
      vertex 3.2 65.16 2.04083
      vertex 2.97777 79.84 2.16914
      vertex 2.97777 65.16 2.16914
    endloop
  endfacet
  facet normal 0.500003 -0 0.866024
    outer loop
      vertex 3.2 79.84 2.04083
      vertex 3.53631 81.85 1.84666
      vertex 3.2 81.85 2.04083
    endloop
  endfacet
  facet normal 0.500003 0 0.866024
    outer loop
      vertex 3.53631 81.85 1.84666
      vertex 3.2 79.84 2.04083
      vertex 3.53631 63.15 1.84666
    endloop
  endfacet
  facet normal 0.500003 -0 0.866024
    outer loop
      vertex 3.2 65.16 2.04083
      vertex 3.53631 63.15 1.84666
      vertex 3.2 79.84 2.04083
    endloop
  endfacet
  facet normal 0.500003 0 0.866024
    outer loop
      vertex 3.53631 63.15 1.84666
      vertex 3.2 65.16 2.04083
      vertex 3.2 63.15 2.04083
    endloop
  endfacet
  facet normal 0 1 0
    outer loop
      vertex 3.53631 63.15 1.84666
      vertex 3.2 63.15 2.04083
      vertex 2.97777 63.15 2.16914
    endloop
  endfacet
  facet normal 0 -1 0
    outer loop
      vertex 3.2 81.85 2.04083
      vertex 3.53631 81.85 1.84666
      vertex 2.97777 81.85 2.16914
    endloop
  endfacet
  facet normal 0.981173 0.0858473 0.173002
    outer loop
      vertex 1.58037 4.47939 4.24237
      vertex 1.52607 5.1 4.24237
      vertex 1.47008 4.45995 4.87752
    endloop
  endfacet
  facet normal 0.837352 -0.224203 0.498573
    outer loop
      vertex 2.11518 117.826 3.07777
      vertex 1.94889 118.447 3.63631
      vertex 1.79761 117.882 3.63631
    endloop
  endfacet
  facet normal -0.0561476 0.641761 0.764847
    outer loop
      vertex 49.6685 3.01001 2.16914
      vertex 49.3 2.97777 2.16914
      vertex 49.3 2.4837 2.5837
    endloop
  endfacet
  facet normal -0.0561525 0.641763 0.764845
    outer loop
      vertex 49.7543 2.52345 2.5837
      vertex 49.6685 3.01001 2.16914
      vertex 49.3 2.4837 2.5837
    endloop
  endfacet
  facet normal 0.710085 0.497192 0.498577
    outer loop
      vertex 2.53119 2.94451 3.63631
      vertex 2.77822 3.1518 3.07777
      vertex 2.4752 3.58457 3.07777
    endloop
  endfacet
  facet normal 0.272262 0.583863 0.764838
    outer loop
      vertex 4.20517 2.64149 2.5837
      vertex 4.37415 3.10575 2.16914
      vertex 4.03888 3.26209 2.16914
    endloop
  endfacet
  facet normal -0 0.342023 0.939692
    outer loop
      vertex 5.1 4.14237 1.62607
      vertex 49.3 3.53631 1.84666
      vertex 49.3 4.14237 1.62607
    endloop
  endfacet
  facet normal 0 0.342023 0.939692
    outer loop
      vertex 49.3 3.53631 1.84666
      vertex 5.1 4.14237 1.62607
      vertex 5.1 3.53631 1.84666
    endloop
  endfacet
  facet normal 0.341871 0.0299129 0.939271
    outer loop
      vertex 4.15692 4.93371 1.62607
      vertex 4.14237 5.1 1.62607
      vertex 3.56007 4.82847 1.84666
    endloop
  endfacet
  facet normal 0.287608 0.410752 0.865196
    outer loop
      vertex 4.31816 3.74581 1.84666
      vertex 4.09488 3.90215 1.84666
      vertex 3.73585 3.47428 2.16914
    endloop
  endfacet
  facet normal -0.0299113 0.341873 0.93927
    outer loop
      vertex 49.5715 3.56007 1.84666
      vertex 49.4663 4.15692 1.62607
      vertex 49.3 4.14237 1.62607
    endloop
  endfacet
  facet normal 0.029915 0.34187 0.939271
    outer loop
      vertex 5.1 3.53631 1.84666
      vertex 5.1 4.14237 1.62607
      vertex 4.82847 3.56007 1.84666
    endloop
  endfacet
  facet normal -0.145055 0.311011 0.939272
    outer loop
      vertex 49.8348 3.63061 1.84666
      vertex 50.0818 3.74581 1.84666
      vertex 49.6275 4.20012 1.62607
    endloop
  endfacet
  facet normal -0.0998847 0.142825 0.984695
    outer loop
      vertex 49.9156 4.36641 1.62607
      vertex 49.5073 4.85297 1.51408
      vertex 49.4612 4.82073 1.51408
    endloop
  endfacet
  facet normal 0.764339 -0.0669014 0.641335
    outer loop
      vertex 2.4837 117.3 2.5837
      vertex 2.11518 117.826 3.07777
      vertex 2.06914 117.3 3.07777
    endloop
  endfacet
  facet normal 0.85222 -0.397119 0.340613
    outer loop
      vertex 1.94889 118.447 3.63631
      vertex 2.00489 119.087 4.24237
      vertex 1.74161 118.522 4.24237
    endloop
  endfacet
  facet normal 0.707635 -0.706578 0
    outer loop
      vertex 2.27642 119.669 36.8
      vertex 2.73074 120.124 4.87752
      vertex 2.73074 120.124 36.8
    endloop
  endfacet
  facet normal 0.707635 -0.706578 0
    outer loop
      vertex 2.73074 120.124 4.87752
      vertex 2.27642 119.669 36.8
      vertex 2.27642 119.669 4.87752
    endloop
  endfacet
  facet normal 0.696962 -0.69592 0.173028
    outer loop
      vertex 2.36221 119.597 4.24237
      vertex 2.73074 120.124 4.87752
      vertex 2.27642 119.669 4.87752
    endloop
  endfacet
  facet normal 0.806648 -0.565144 0.173006
    outer loop
      vertex 2.00489 119.087 4.24237
      vertex 2.27642 119.669 4.87752
      vertex 1.9079 119.143 4.87752
    endloop
  endfacet
  facet normal 0.806639 -0.565153 0.173018
    outer loop
      vertex 2.36221 119.597 4.24237
      vertex 2.27642 119.669 4.87752
      vertex 2.00489 119.087 4.24237
    endloop
  endfacet
  facet normal 0.311069 -0.145082 0.939248
    outer loop
      vertex 4.20012 117.628 1.62607
      vertex 3.74581 118.082 1.84666
      vertex 3.63061 117.835 1.84666
    endloop
  endfacet
  facet normal 0.32409 -0.695864 0.640889
    outer loop
      vertex 4.20517 119.759 2.5837
      vertex 4.06338 120.148 3.07777
      vertex 3.58457 119.925 3.07777
    endloop
  endfacet
  facet normal 0.0814741 -0.936364 0.341445
    outer loop
      vertex 5.1 120.653 3.63631
      vertex 5.1 120.874 4.24237
      vertex 4.47939 120.82 4.24237
    endloop
  endfacet
  facet normal 0.242792 -0.907833 0.341895
    outer loop
      vertex 4.5177 120.602 3.63631
      vertex 4.47939 120.82 4.24237
      vertex 3.95309 120.451 3.63631
    endloop
  endfacet
  facet normal 0.272521 -0.583619 0.764932
    outer loop
      vertex 4.03888 119.138 2.16914
      vertex 4.20517 119.759 2.5837
      vertex 3.79185 119.566 2.5837
    endloop
  endfacet
  facet normal 0.224757 -0.837213 0.498557
    outer loop
      vertex 4.06338 120.148 3.07777
      vertex 4.5737 120.285 3.07777
      vertex 3.95309 120.451 3.63631
    endloop
  endfacet
  facet normal 0 0.866021 0.500008
    outer loop
      vertex 49.3 2.06914 3.07777
      vertex 5.1 1.74666 3.63631
      vertex 49.3 1.74666 3.63631
    endloop
  endfacet
  facet normal 0 0.866021 0.500008
    outer loop
      vertex 5.1 1.74666 3.63631
      vertex 49.3 2.06914 3.07777
      vertex 5.1 2.06914 3.07777
    endloop
  endfacet
  facet normal 0.0819444 0.93653 0.340876
    outer loop
      vertex 5.1 1.74666 3.63631
      vertex 4.5177 1.79761 3.63631
      vertex 4.47939 1.58037 4.24237
    endloop
  endfacet
  facet normal 0.0819414 0.936531 0.340873
    outer loop
      vertex 5.1 1.52607 4.24237
      vertex 5.1 1.74666 3.63631
      vertex 4.47939 1.58037 4.24237
    endloop
  endfacet
  facet normal 0.539215 0.770101 0.340869
    outer loop
      vertex 3.31304 2.00489 4.24237
      vertex 2.94451 2.53119 3.63631
      vertex 2.80272 2.36221 4.24237
    endloop
  endfacet
  facet normal 0.612952 0.612952 0.498579
    outer loop
      vertex 2.53119 2.94451 3.63631
      vertex 3.1518 2.77822 3.07777
      vertex 2.77822 3.1518 3.07777
    endloop
  endfacet
  facet normal 0.612952 0.612952 0.498579
    outer loop
      vertex 3.1518 2.77822 3.07777
      vertex 2.53119 2.94451 3.63631
      vertex 2.94451 2.53119 3.63631
    endloop
  endfacet
  facet normal 0.936531 0.0819414 0.340873
    outer loop
      vertex 1.58037 4.47939 4.24237
      vertex 1.74666 5.1 3.63631
      vertex 1.52607 5.1 4.24237
    endloop
  endfacet
  facet normal 0.224348 0.837316 0.498568
    outer loop
      vertex 4.5177 1.79761 3.63631
      vertex 4.5737 2.11518 3.07777
      vertex 3.95309 1.94889 3.63631
    endloop
  endfacet
  facet normal 0.642775 0 0.766055
    outer loop
      vertex 2.4837 37.84 2.5837
      vertex 2.97777 5.1 2.16914
      vertex 2.97777 37.84 2.16914
    endloop
  endfacet
  facet normal 0.642775 0 0.766055
    outer loop
      vertex 2.97777 5.1 2.16914
      vertex 2.4837 37.84 2.5837
      vertex 2.4837 5.1 2.5837
    endloop
  endfacet
  facet normal 0.642775 0 0.766055
    outer loop
      vertex 2.4837 117.3 2.5837
      vertex 2.97777 86.16 2.16914
      vertex 2.97777 117.3 2.16914
    endloop
  endfacet
  facet normal 0.642775 0 0.766055
    outer loop
      vertex 2.97777 86.16 2.16914
      vertex 2.4837 117.3 2.5837
      vertex 2.4837 86.16 2.5837
    endloop
  endfacet
  facet normal 0.642775 0 0.766055
    outer loop
      vertex 2.4837 58.84 2.5837
      vertex 2.97777 44.16 2.16914
      vertex 2.97777 58.84 2.16914
    endloop
  endfacet
  facet normal 0.642775 0 0.766055
    outer loop
      vertex 2.97777 44.16 2.16914
      vertex 2.4837 58.84 2.5837
      vertex 2.4837 44.16 2.5837
    endloop
  endfacet
  facet normal 0.642775 0 0.766055
    outer loop
      vertex 2.4837 79.84 2.5837
      vertex 2.97777 65.16 2.16914
      vertex 2.97777 79.84 2.16914
    endloop
  endfacet
  facet normal 0.642775 0 0.766055
    outer loop
      vertex 2.97777 65.16 2.16914
      vertex 2.4837 79.84 2.5837
      vertex 2.4837 65.16 2.5837
    endloop
  endfacet
  facet normal 0.770101 0.539215 0.340869
    outer loop
      vertex 2.36221 2.80272 4.24237
      vertex 2.53119 2.94451 3.63631
      vertex 2.00489 3.31304 4.24237
    endloop
  endfacet
  facet normal 0.454453 0.211916 0.865196
    outer loop
      vertex 3.26209 4.03888 2.16914
      vertex 3.63061 4.56519 1.84666
      vertex 3.10575 4.37415 2.16914
    endloop
  endfacet
  facet normal 0.852033 0.397308 0.340862
    outer loop
      vertex 2.00489 3.31304 4.24237
      vertex 2.19592 3.42333 3.63631
      vertex 1.94889 3.95309 3.63631
    endloop
  endfacet
  facet normal -0.046368 -0.167852 0.984721
    outer loop
      vertex 49.4103 117.603 1.51408
      vertex 49.6275 118.2 1.62607
      vertex 49.356 117.618 1.51408
    endloop
  endfacet
  facet normal 0.242964 -0.242624 0.939203
    outer loop
      vertex 4.36641 117.916 1.62607
      vertex 4.09488 118.498 1.84666
      vertex 3.90215 118.305 1.84666
    endloop
  endfacet
  facet normal -0.224057 -0.837767 0.49794
    outer loop
      vertex 50.4469 120.451 3.63631
      vertex 49.8823 120.602 3.63631
      vertex 49.8263 120.285 3.07777
    endloop
  endfacet
  facet normal -0.764303 -0.0670028 0.641367
    outer loop
      vertex 51.9163 117.3 2.5837
      vertex 52.3309 117.3 3.07777
      vertex 51.8765 117.754 2.5837
    endloop
  endfacet
  facet normal -0.769725 -0.539935 0.340577
    outer loop
      vertex 52.2041 118.977 3.63631
      vertex 52.3951 119.087 4.24237
      vertex 51.8688 119.455 3.63631
    endloop
  endfacet
  facet normal -0.741147 -0.198311 0.641384
    outer loop
      vertex 51.8765 117.754 2.5837
      vertex 52.2848 117.826 3.07777
      vertex 51.7585 118.195 2.5837
    endloop
  endfacet
  facet normal -0.863603 0.0754893 0.498488
    outer loop
      vertex 52.6024 4.5177 3.63631
      vertex 52.6533 5.1 3.63631
      vertex 52.3309 5.1 3.07777
    endloop
  endfacet
  facet normal -0.866075 0 0.499915
    outer loop
      vertex 52.3309 86.16 3.07777
      vertex 52.6533 117.3 3.63631
      vertex 52.3309 117.3 3.07777
    endloop
  endfacet
  facet normal -0.866075 0 0.499915
    outer loop
      vertex 52.6533 117.3 3.63631
      vertex 52.3309 86.16 3.07777
      vertex 52.6533 86.16 3.63631
    endloop
  endfacet
  facet normal -0.866075 0 0.499915
    outer loop
      vertex 52.3309 5.1 3.07777
      vertex 52.6533 37.84 3.63631
      vertex 52.3309 37.84 3.07777
    endloop
  endfacet
  facet normal -0.866075 0 0.499915
    outer loop
      vertex 52.6533 37.84 3.63631
      vertex 52.3309 5.1 3.07777
      vertex 52.6533 5.1 3.63631
    endloop
  endfacet
  facet normal -0.866086 0 0.499895
    outer loop
      vertex 52.6115 39.85 3.56389
      vertex 52.6533 42.15 3.63631
      vertex 52.6115 42.15 3.56389
    endloop
  endfacet
  facet normal -0.866086 0 0.499895
    outer loop
      vertex 52.6533 42.15 3.63631
      vertex 52.6115 39.85 3.56389
      vertex 52.6533 39.85 3.63631
    endloop
  endfacet
  facet normal 0 -1 0
    outer loop
      vertex 52.6533 42.15 3.63631
      vertex 52.3309 42.15 3.07777
      vertex 52.6115 42.15 3.56389
    endloop
  endfacet
  facet normal 0 1 0
    outer loop
      vertex 52.3309 39.85 3.07777
      vertex 52.6533 39.85 3.63631
      vertex 52.6115 39.85 3.56389
    endloop
  endfacet
  facet normal -0.866086 0 0.499895
    outer loop
      vertex 52.6115 60.85 3.56389
      vertex 52.6533 63.15 3.63631
      vertex 52.6115 63.15 3.56389
    endloop
  endfacet
  facet normal -0.866086 0 0.499895
    outer loop
      vertex 52.6533 63.15 3.63631
      vertex 52.6115 60.85 3.56389
      vertex 52.6533 60.85 3.63631
    endloop
  endfacet
  facet normal -0 -1 0
    outer loop
      vertex 52.6115 63.15 3.56389
      vertex 52.6533 63.15 3.63631
      vertex 52.3309 63.15 3.07777
    endloop
  endfacet
  facet normal 0 1 -0
    outer loop
      vertex 52.6115 60.85 3.56389
      vertex 52.3309 60.85 3.07777
      vertex 52.6533 60.85 3.63631
    endloop
  endfacet
  facet normal -0.866086 0 0.499895
    outer loop
      vertex 52.6115 81.85 3.56389
      vertex 52.6533 84.15 3.63631
      vertex 52.6115 84.15 3.56389
    endloop
  endfacet
  facet normal -0.866086 0 0.499895
    outer loop
      vertex 52.6533 84.15 3.63631
      vertex 52.6115 81.85 3.56389
      vertex 52.6533 81.85 3.63631
    endloop
  endfacet
  facet normal 0 -1 0
    outer loop
      vertex 52.6533 84.15 3.63631
      vertex 52.3309 84.15 3.07777
      vertex 52.6115 84.15 3.56389
    endloop
  endfacet
  facet normal 0 1 0
    outer loop
      vertex 52.3309 81.85 3.07777
      vertex 52.6533 81.85 3.63631
      vertex 52.6115 81.85 3.56389
    endloop
  endfacet
  facet normal -0.866075 0 0.499915
    outer loop
      vertex 52.3309 44.16 3.07777
      vertex 52.6533 58.84 3.63631
      vertex 52.3309 58.84 3.07777
    endloop
  endfacet
  facet normal -0.866075 0 0.499915
    outer loop
      vertex 52.6533 58.84 3.63631
      vertex 52.3309 44.16 3.07777
      vertex 52.6533 44.16 3.63631
    endloop
  endfacet
  facet normal -0.866075 0 0.499915
    outer loop
      vertex 52.3309 65.16 3.07777
      vertex 52.6533 79.84 3.63631
      vertex 52.3309 79.84 3.07777
    endloop
  endfacet
  facet normal -0.866075 0 0.499915
    outer loop
      vertex 52.6533 79.84 3.63631
      vertex 52.3309 65.16 3.07777
      vertex 52.6533 65.16 3.63631
    endloop
  endfacet
  facet normal -0.939687 0 0.342037
    outer loop
      vertex 52.6533 5.1 3.63631
      vertex 52.8739 37.84 4.24237
      vertex 52.6533 37.84 3.63631
    endloop
  endfacet
  facet normal -0.939687 0 0.342037
    outer loop
      vertex 52.8739 37.84 4.24237
      vertex 52.6533 5.1 3.63631
      vertex 52.8739 5.1 4.24237
    endloop
  endfacet
  facet normal -0.939687 0 0.342037
    outer loop
      vertex 52.6533 86.16 3.63631
      vertex 52.8739 117.3 4.24237
      vertex 52.6533 117.3 3.63631
    endloop
  endfacet
  facet normal -0.939687 0 0.342037
    outer loop
      vertex 52.8739 117.3 4.24237
      vertex 52.6533 86.16 3.63631
      vertex 52.8739 86.16 4.24237
    endloop
  endfacet
  facet normal -0.939687 0 0.342037
    outer loop
      vertex 52.6533 39.85 3.63631
      vertex 52.8739 42.15 4.24237
      vertex 52.6533 42.15 3.63631
    endloop
  endfacet
  facet normal -0.939687 0 0.342037
    outer loop
      vertex 52.8739 42.15 4.24237
      vertex 52.6533 39.85 3.63631
      vertex 52.8739 39.85 4.24237
    endloop
  endfacet
  facet normal -0.939687 0 0.342037
    outer loop
      vertex 52.6533 44.16 3.63631
      vertex 52.8739 58.84 4.24237
      vertex 52.6533 58.84 3.63631
    endloop
  endfacet
  facet normal -0.939687 0 0.342037
    outer loop
      vertex 52.8739 58.84 4.24237
      vertex 52.6533 44.16 3.63631
      vertex 52.8739 44.16 4.24237
    endloop
  endfacet
  facet normal -0.939687 0 0.342037
    outer loop
      vertex 52.6533 60.85 3.63631
      vertex 52.8739 63.15 4.24237
      vertex 52.6533 63.15 3.63631
    endloop
  endfacet
  facet normal -0.939687 0 0.342037
    outer loop
      vertex 52.8739 63.15 4.24237
      vertex 52.6533 60.85 3.63631
      vertex 52.8739 60.85 4.24237
    endloop
  endfacet
  facet normal -0.939687 0 0.342037
    outer loop
      vertex 52.6533 65.16 3.63631
      vertex 52.8739 79.84 4.24237
      vertex 52.6533 79.84 3.63631
    endloop
  endfacet
  facet normal -0.939687 0 0.342037
    outer loop
      vertex 52.8739 79.84 4.24237
      vertex 52.6533 65.16 3.63631
      vertex 52.8739 65.16 4.24237
    endloop
  endfacet
  facet normal -0.939687 0 0.342037
    outer loop
      vertex 52.6533 81.85 3.63631
      vertex 52.8739 84.15 4.24237
      vertex 52.6533 84.15 3.63631
    endloop
  endfacet
  facet normal -0.939687 0 0.342037
    outer loop
      vertex 52.8739 84.15 4.24237
      vertex 52.6533 81.85 3.63631
      vertex 52.8739 81.85 4.24237
    endloop
  endfacet
  facet normal -0.936529 -0.0819061 0.340888
    outer loop
      vertex 52.6533 117.3 3.63631
      vertex 52.8739 117.3 4.24237
      vertex 52.6024 117.882 3.63631
    endloop
  endfacet
  facet normal -0.863601 -0.075528 0.498487
    outer loop
      vertex 52.6533 117.3 3.63631
      vertex 52.6024 117.882 3.63631
      vertex 52.3309 117.3 3.07777
    endloop
  endfacet
  facet normal -0.936525 -0.0818894 0.340902
    outer loop
      vertex 52.8739 117.3 4.24237
      vertex 52.8196 117.921 4.24237
      vertex 52.6024 117.882 3.63631
    endloop
  endfacet
  facet normal -0.123134 -0.123134 0.984721
    outer loop
      vertex 49.9156 118.034 1.62607
      vertex 49.547 117.507 1.51408
      vertex 50.0336 117.916 1.62607
    endloop
  endfacet
  facet normal -0.123677 -0.12275 0.984701
    outer loop
      vertex 49.547 117.507 1.51408
      vertex 49.9156 118.034 1.62607
      vertex 49.5073 117.547 1.51408
    endloop
  endfacet
  facet normal -0.168148 -0.0454621 0.984713
    outer loop
      vertex 49.6176 117.356 1.51408
      vertex 50.1999 117.628 1.62607
      vertex 49.603 117.41 1.51408
    endloop
  endfacet
  facet normal -0.852194 -0.397155 0.340637
    outer loop
      vertex 52.4511 118.447 3.63631
      vertex 52.6584 118.522 4.24237
      vertex 52.2041 118.977 3.63631
    endloop
  endfacet
  facet normal -0.892738 -0.416032 0.17302
    outer loop
      vertex 52.6584 118.522 4.24237
      vertex 52.4921 119.143 4.87752
      vertex 52.3951 119.087 4.24237
    endloop
  endfacet
  facet normal -0.396972 -0.852206 0.34082
    outer loop
      vertex 50.9767 120.204 3.63631
      vertex 51.087 120.395 4.24237
      vertex 50.5224 120.658 4.24237
    endloop
  endfacet
  facet normal -0.415884 -0.892807 0.173017
    outer loop
      vertex 51.087 120.395 4.24237
      vertex 51.143 120.492 4.87752
      vertex 50.5224 120.658 4.24237
    endloop
  endfacet
  facet normal 0 -0.500371 0.865811
    outer loop
      vertex 5.1 119.422 2.16914
      vertex 49.3 118.864 1.84666
      vertex 49.3 119.422 2.16914
    endloop
  endfacet
  facet normal 0 -0.500371 0.865811
    outer loop
      vertex 49.3 118.864 1.84666
      vertex 5.1 119.422 2.16914
      vertex 5.1 118.864 1.84666
    endloop
  endfacet
  facet normal -0.272536 -0.583623 0.764924
    outer loop
      vertex 50.3611 119.138 2.16914
      vertex 50.6081 119.566 2.5837
      vertex 50.1948 119.759 2.5837
    endloop
  endfacet
  facet normal -0.224765 -0.837209 0.49856
    outer loop
      vertex 50.3366 120.148 3.07777
      vertex 50.4469 120.451 3.63631
      vertex 49.8263 120.285 3.07777
    endloop
  endfacet
  facet normal -0.311073 -0.145083 0.939247
    outer loop
      vertex 50.7694 117.835 1.84666
      vertex 50.6542 118.082 1.84666
      vertex 50.1999 117.628 1.62607
    endloop
  endfacet
  facet normal -0.542508 0.542537 0.641358
    outer loop
      vertex 51.3042 3.41828 2.5837
      vertex 51.2482 2.77822 3.07777
      vertex 51.6218 3.1518 3.07777
    endloop
  endfacet
  facet normal -0.542504 0.542538 0.64136
    outer loop
      vertex 51.2482 2.77822 3.07777
      vertex 51.3042 3.41828 2.5837
      vertex 50.9817 3.0958 2.5837
    endloop
  endfacet
  facet normal -0.45551 0.455539 0.76485
    outer loop
      vertex 50.9257 3.73585 2.16914
      vertex 50.9817 3.0958 2.5837
      vertex 51.3042 3.41828 2.5837
    endloop
  endfacet
  facet normal -0.455492 0.455545 0.764857
    outer loop
      vertex 50.9817 3.0958 2.5837
      vertex 50.9257 3.73585 2.16914
      vertex 50.6641 3.47428 2.16914
    endloop
  endfacet
  facet normal -0.612963 0.612934 0.498586
    outer loop
      vertex 51.4555 2.53119 3.63631
      vertex 51.8688 2.94451 3.63631
      vertex 51.2482 2.77822 3.07777
    endloop
  endfacet
  facet normal -0.664772 0.66474 0.340878
    outer loop
      vertex 51.5973 2.36221 4.24237
      vertex 51.8688 2.94451 3.63631
      vertex 51.4555 2.53119 3.63631
    endloop
  endfacet
  facet normal -0.852034 0.397337 0.340826
    outer loop
      vertex 52.3951 3.31304 4.24237
      vertex 52.6584 3.87765 4.24237
      vertex 52.2041 3.42333 3.63631
    endloop
  endfacet
  facet normal -0.770086 0.539263 0.340827
    outer loop
      vertex 52.3951 3.31304 4.24237
      vertex 52.2041 3.42333 3.63631
      vertex 51.8688 2.94451 3.63631
    endloop
  endfacet
  facet normal -0.98117 0.0858457 0.173017
    outer loop
      vertex 52.9299 4.45995 4.87752
      vertex 52.9859 5.1 4.87752
      vertex 52.8196 4.47939 4.24237
    endloop
  endfacet
  facet normal -0.951373 0.254863 0.173016
    outer loop
      vertex 52.9299 4.45995 4.87752
      vertex 52.8196 4.47939 4.24237
      vertex 52.6584 3.87765 4.24237
    endloop
  endfacet
  facet normal -0.324269 0.69536 0.641345
    outer loop
      vertex 50.8154 2.4752 3.07777
      vertex 50.6081 2.83422 2.5837
      vertex 50.3366 2.25192 3.07777
    endloop
  endfacet
  facet normal -0.224352 0.837315 0.498567
    outer loop
      vertex 49.8823 1.79761 3.63631
      vertex 50.4469 1.94889 3.63631
      vertex 49.8263 2.11518 3.07777
    endloop
  endfacet
  facet normal -0.168279 0.0452545 0.9847
    outer loop
      vertex 50.1999 4.77247 1.62607
      vertex 49.6176 5.044 1.51408
      vertex 49.603 4.98971 1.51408
    endloop
  endfacet
  facet normal -0.168348 0.0451043 0.984695
    outer loop
      vertex 50.1999 4.77247 1.62607
      vertex 50.2431 4.93371 1.62607
      vertex 49.6176 5.044 1.51408
    endloop
  endfacet
  facet normal -0.331506 0.0887694 0.939268
    outer loop
      vertex 50.7694 4.56519 1.84666
      vertex 50.8399 4.82847 1.84666
      vertex 50.1999 4.77247 1.62607
    endloop
  endfacet
  facet normal -0.527688 0.369519 0.764854
    outer loop
      vertex 51.3042 3.41828 2.5837
      vertex 51.1379 4.03888 2.16914
      vertex 50.9257 3.73585 2.16914
    endloop
  endfacet
  facet normal -0.166746 0.622261 0.764845
    outer loop
      vertex 49.7543 2.52345 2.5837
      vertex 50.1948 2.64149 2.5837
      vertex 49.6685 3.01001 2.16914
    endloop
  endfacet
  facet normal -0.166739 0.622267 0.764841
    outer loop
      vertex 50.1948 2.64149 2.5837
      vertex 50.0258 3.10575 2.16914
      vertex 49.6685 3.01001 2.16914
    endloop
  endfacet
  facet normal -0.196838 0.281143 0.939262
    outer loop
      vertex 50.0818 3.74581 1.84666
      vertex 50.3051 3.90215 1.84666
      vertex 49.9156 4.36641 1.62607
    endloop
  endfacet
  facet normal -0.0736552 0.157959 0.984695
    outer loop
      vertex 49.6275 4.20012 1.62607
      vertex 49.7788 4.27067 1.62607
      vertex 49.4103 4.79697 1.51408
    endloop
  endfacet
  facet normal -0.369484 0.527714 0.764853
    outer loop
      vertex 50.9817 3.0958 2.5837
      vertex 50.6641 3.47428 2.16914
      vertex 50.6081 2.83422 2.5837
    endloop
  endfacet
  facet normal -0.369549 0.527704 0.764828
    outer loop
      vertex 50.6081 2.83422 2.5837
      vertex 50.6641 3.47428 2.16914
      vertex 50.3611 3.26209 2.16914
    endloop
  endfacet
  facet normal -0.0853776 -0.98121 0.173023
    outer loop
      vertex 49.9206 120.82 4.24237
      vertex 49.3 120.986 4.87752
      vertex 49.3 120.874 4.24237
    endloop
  endfacet
  facet normal -0.0814611 -0.936199 0.341899
    outer loop
      vertex 49.8823 120.602 3.63631
      vertex 49.9206 120.82 4.24237
      vertex 49.3 120.874 4.24237
    endloop
  endfacet
  facet normal 0 -0.173417 0.984848
    outer loop
      vertex 5.1 118.258 1.62607
      vertex 49.3 117.622 1.51408
      vertex 49.3 118.258 1.62607
    endloop
  endfacet
  facet normal 0 -0.173417 0.984848
    outer loop
      vertex 49.3 117.622 1.51408
      vertex 5.1 118.258 1.62607
      vertex 5.1 117.622 1.51408
    endloop
  endfacet
  facet normal 0.196502 -0.28125 0.9393
    outer loop
      vertex 4.62118 118.129 1.62607
      vertex 4.31816 118.654 1.84666
      vertex 4.09488 118.498 1.84666
    endloop
  endfacet
  facet normal 0.173622 -0.0151919 0.984695
    outer loop
      vertex 4.77752 117.3 1.51408
      vertex 4.78242 117.356 1.51408
      vertex 4.14237 117.3 1.62607
    endloop
  endfacet
  facet normal 0.499532 -0.0436356 0.865196
    outer loop
      vertex 3.53631 117.3 1.84666
      vertex 3.56007 117.572 1.84666
      vertex 2.97777 117.3 2.16914
    endloop
  endfacet
  facet normal 0.130117 -0.484321 0.86516
    outer loop
      vertex 4.82847 118.84 1.84666
      vertex 4.73148 119.39 2.16914
      vertex 4.37415 119.294 2.16914
    endloop
  endfacet
  facet normal 0.369878 -0.527386 0.764888
    outer loop
      vertex 4.03888 119.138 2.16914
      vertex 3.79185 119.566 2.5837
      vertex 3.41828 119.304 2.5837
    endloop
  endfacet
  facet normal 0.21149 -0.454527 0.865262
    outer loop
      vertex 4.56519 118.769 1.84666
      vertex 4.37415 119.294 2.16914
      vertex 4.03888 119.138 2.16914
    endloop
  endfacet
  facet normal 0.0156661 -0.173674 0.984679
    outer loop
      vertex 5.044 117.618 1.51408
      vertex 5.1 118.258 1.62607
      vertex 4.93371 118.243 1.62607
    endloop
  endfacet
  facet normal 0.766055 -0 0.642775
    outer loop
      vertex 2.06914 86.16 3.07777
      vertex 2.4837 117.3 2.5837
      vertex 2.06914 117.3 3.07777
    endloop
  endfacet
  facet normal 0.766055 0 0.642775
    outer loop
      vertex 2.4837 117.3 2.5837
      vertex 2.06914 86.16 3.07777
      vertex 2.4837 86.16 2.5837
    endloop
  endfacet
  facet normal 0.766055 -0 0.642775
    outer loop
      vertex 2.06914 5.1 3.07777
      vertex 2.4837 37.84 2.5837
      vertex 2.06914 37.84 3.07777
    endloop
  endfacet
  facet normal 0.766055 0 0.642775
    outer loop
      vertex 2.4837 37.84 2.5837
      vertex 2.06914 5.1 3.07777
      vertex 2.4837 5.1 2.5837
    endloop
  endfacet
  facet normal 0.766055 -0 0.642775
    outer loop
      vertex 2.06914 44.16 3.07777
      vertex 2.4837 58.84 2.5837
      vertex 2.06914 58.84 3.07777
    endloop
  endfacet
  facet normal 0.766055 0 0.642775
    outer loop
      vertex 2.4837 58.84 2.5837
      vertex 2.06914 44.16 3.07777
      vertex 2.4837 44.16 2.5837
    endloop
  endfacet
  facet normal 0.766055 -0 0.642775
    outer loop
      vertex 2.06914 65.16 3.07777
      vertex 2.4837 79.84 2.5837
      vertex 2.06914 79.84 3.07777
    endloop
  endfacet
  facet normal 0.766055 0 0.642775
    outer loop
      vertex 2.4837 79.84 2.5837
      vertex 2.06914 65.16 3.07777
      vertex 2.4837 65.16 2.5837
    endloop
  endfacet
  facet normal 0.837439 -0.224093 0.498477
    outer loop
      vertex 2.11518 117.826 3.07777
      vertex 2.25192 118.337 3.07777
      vertex 1.94889 118.447 3.63631
    endloop
  endfacet
  facet normal 0.785474 -0.366905 0.498409
    outer loop
      vertex 2.25192 118.337 3.07777
      vertex 2.4752 118.815 3.07777
      vertex 1.94889 118.447 3.63631
    endloop
  endfacet
  facet normal 0.951431 -0.254772 0.172832
    outer loop
      vertex 1.58037 117.921 4.24237
      vertex 1.63637 118.561 4.87752
      vertex 1.47008 117.94 4.87752
    endloop
  endfacet
  facet normal 0.951233 -0.255203 0.173283
    outer loop
      vertex 1.74161 118.522 4.24237
      vertex 1.63637 118.561 4.87752
      vertex 1.58037 117.921 4.24237
    endloop
  endfacet
  facet normal 0.0668635 0.764341 0.641336
    outer loop
      vertex 5.1 2.06914 3.07777
      vertex 5.1 2.4837 2.5837
      vertex 4.5737 2.11518 3.07777
    endloop
  endfacet
  facet normal 0.366344 0.785631 0.498574
    outer loop
      vertex 3.95309 1.94889 3.63631
      vertex 4.06338 2.25192 3.07777
      vertex 3.42333 2.19592 3.63631
    endloop
  endfacet
  facet normal 0.0437011 0.499527 0.865196
    outer loop
      vertex 5.1 2.97777 2.16914
      vertex 4.82847 3.56007 1.84666
      vertex 4.73148 3.01001 2.16914
    endloop
  endfacet
  facet normal -0 0.642775 0.766055
    outer loop
      vertex 5.1 2.97777 2.16914
      vertex 49.3 2.4837 2.5837
      vertex 49.3 2.97777 2.16914
    endloop
  endfacet
  facet normal 0 0.642775 0.766055
    outer loop
      vertex 49.3 2.4837 2.5837
      vertex 5.1 2.97777 2.16914
      vertex 5.1 2.4837 2.5837
    endloop
  endfacet
  facet normal 0.123237 0.123237 0.984696
    outer loop
      vertex 4.85297 4.89272 1.51408
      vertex 4.48445 4.36641 1.62607
      vertex 4.89272 4.85297 1.51408
    endloop
  endfacet
  facet normal 0.123237 0.123237 0.984696
    outer loop
      vertex 4.48445 4.36641 1.62607
      vertex 4.85297 4.89272 1.51408
      vertex 4.36641 4.48445 1.62607
    endloop
  endfacet
  facet normal 0.211925 0.454443 0.865199
    outer loop
      vertex 4.56519 3.63061 1.84666
      vertex 4.31816 3.74581 1.84666
      vertex 4.03888 3.26209 2.16914
    endloop
  endfacet
  facet normal 0.311024 0.145038 0.93927
    outer loop
      vertex 4.27067 4.62118 1.62607
      vertex 4.20012 4.77247 1.62607
      vertex 3.74581 4.31816 1.84666
    endloop
  endfacet
  facet normal 0.0736597 0.157953 0.984695
    outer loop
      vertex 4.98971 4.79697 1.51408
      vertex 4.93876 4.82073 1.51408
      vertex 4.77247 4.20012 1.62607
    endloop
  endfacet
  facet normal 0.0437109 0.49953 0.865193
    outer loop
      vertex 5.1 2.97777 2.16914
      vertex 5.1 3.53631 1.84666
      vertex 4.82847 3.56007 1.84666
    endloop
  endfacet
  facet normal -0.129761 0.484351 0.865197
    outer loop
      vertex 49.6685 3.01001 2.16914
      vertex 49.8348 3.63061 1.84666
      vertex 49.5715 3.56007 1.84666
    endloop
  endfacet
  facet normal -0.0437034 0.499526 0.865196
    outer loop
      vertex 49.6685 3.01001 2.16914
      vertex 49.5715 3.56007 1.84666
      vertex 49.3 2.97777 2.16914
    endloop
  endfacet
  facet normal -0.123317 0.123162 0.984695
    outer loop
      vertex 49.9156 4.36641 1.62607
      vertex 49.547 4.89272 1.51408
      vertex 49.5073 4.85297 1.51408
    endloop
  endfacet
  facet normal -0.281126 0.196793 0.939277
    outer loop
      vertex 50.4979 4.09488 1.84666
      vertex 50.6542 4.31816 1.84666
      vertex 50.1293 4.62118 1.62607
    endloop
  endfacet
  facet normal -0.123251 0.123209 0.984697
    outer loop
      vertex 49.9156 4.36641 1.62607
      vertex 50.0336 4.48445 1.62607
      vertex 49.547 4.89272 1.51408
    endloop
  endfacet
  facet normal 0.527769 -0.369128 0.764986
    outer loop
      vertex 3.47428 118.664 2.16914
      vertex 3.0958 118.982 2.5837
      vertex 2.83422 118.608 2.5837
    endloop
  endfacet
  facet normal 0.496943 -0.710288 0.498536
    outer loop
      vertex 3.1518 119.622 3.07777
      vertex 3.42333 120.204 3.63631
      vertex 2.94451 119.869 3.63631
    endloop
  endfacet
  facet normal 0.852158 -0.397186 0.34069
    outer loop
      vertex 2.19592 118.977 3.63631
      vertex 2.00489 119.087 4.24237
      vertex 1.94889 118.447 3.63631
    endloop
  endfacet
  facet normal 0.70945 -0.497609 0.499065
    outer loop
      vertex 2.4752 118.815 3.07777
      vertex 2.53119 119.455 3.63631
      vertex 2.19592 118.977 3.63631
    endloop
  endfacet
  facet normal 0.538937 -0.770309 0.340838
    outer loop
      vertex 3.42333 120.204 3.63631
      vertex 3.31304 120.395 4.24237
      vertex 2.94451 119.869 3.63631
    endloop
  endfacet
  facet normal 0.613542 -0.612534 0.498367
    outer loop
      vertex 2.77822 119.248 3.07777
      vertex 2.94451 119.869 3.63631
      vertex 2.53119 119.455 3.63631
    endloop
  endfacet
  facet normal 0.256063 -0.951133 0.172562
    outer loop
      vertex 4.47939 120.82 4.24237
      vertex 4.45995 120.93 4.87752
      vertex 3.87765 120.658 4.24237
    endloop
  endfacet
  facet normal 0.244427 -0.90791 0.340522
    outer loop
      vertex 3.95309 120.451 3.63631
      vertex 4.47939 120.82 4.24237
      vertex 3.87765 120.658 4.24237
    endloop
  endfacet
  facet normal 0 -0.765719 0.643175
    outer loop
      vertex 5.1 119.916 2.5837
      vertex 49.3 120.331 3.07777
      vertex 5.1 120.331 3.07777
    endloop
  endfacet
  facet normal 0 -0.765719 0.643175
    outer loop
      vertex 49.3 120.331 3.07777
      vertex 5.1 119.916 2.5837
      vertex 49.3 119.916 2.5837
    endloop
  endfacet
  facet normal 0.224054 -0.837768 0.49794
    outer loop
      vertex 4.5737 120.285 3.07777
      vertex 4.5177 120.602 3.63631
      vertex 3.95309 120.451 3.63631
    endloop
  endfacet
  facet normal 0 -0.939487 0.342584
    outer loop
      vertex 5.1 120.653 3.63631
      vertex 49.3 120.874 4.24237
      vertex 5.1 120.874 4.24237
    endloop
  endfacet
  facet normal 0 -0.939487 0.342584
    outer loop
      vertex 49.3 120.874 4.24237
      vertex 5.1 120.653 3.63631
      vertex 49.3 120.653 3.63631
    endloop
  endfacet
  facet normal -0.0820066 -0.936323 0.34143
    outer loop
      vertex 49.8823 120.602 3.63631
      vertex 49.3 120.874 4.24237
      vertex 49.3 120.653 3.63631
    endloop
  endfacet
  facet normal 0.366315 -0.785664 0.498544
    outer loop
      vertex 4.06338 120.148 3.07777
      vertex 3.95309 120.451 3.63631
      vertex 3.42333 120.204 3.63631
    endloop
  endfacet
  facet normal 0.538889 -0.770324 0.34088
    outer loop
      vertex 2.94451 119.869 3.63631
      vertex 3.31304 120.395 4.24237
      vertex 2.80272 120.038 4.24237
    endloop
  endfacet
  facet normal 0.497197 0.710078 0.498583
    outer loop
      vertex 3.42333 2.19592 3.63631
      vertex 3.58457 2.4752 3.07777
      vertex 2.94451 2.53119 3.63631
    endloop
  endfacet
  facet normal 0.440086 0.6285 0.641336
    outer loop
      vertex 3.58457 2.4752 3.07777
      vertex 3.79185 2.83422 2.5837
      vertex 3.41828 3.0958 2.5837
    endloop
  endfacet
  facet normal 0.19858 0.741108 0.641346
    outer loop
      vertex 4.5737 2.11518 3.07777
      vertex 4.20517 2.64149 2.5837
      vertex 4.06338 2.25192 3.07777
    endloop
  endfacet
  facet normal 0.397308 0.852033 0.340862
    outer loop
      vertex 3.95309 1.94889 3.63631
      vertex 3.42333 2.19592 3.63631
      vertex 3.31304 2.00489 4.24237
    endloop
  endfacet
  facet normal 0.484351 0.129771 0.865195
    outer loop
      vertex 3.63061 4.56519 1.84666
      vertex 3.56007 4.82847 1.84666
      vertex 3.10575 4.37415 2.16914
    endloop
  endfacet
  facet normal 0.499527 0.0437011 0.865196
    outer loop
      vertex 3.01001 4.73148 2.16914
      vertex 3.56007 4.82847 1.84666
      vertex 2.97777 5.1 2.16914
    endloop
  endfacet
  facet normal 0.951362 0.254914 0.173
    outer loop
      vertex 1.63637 3.83934 4.87752
      vertex 1.58037 4.47939 4.24237
      vertex 1.47008 4.45995 4.87752
    endloop
  endfacet
  facet normal 0.93653 0.0819444 0.340876
    outer loop
      vertex 1.79761 4.5177 3.63631
      vertex 1.74666 5.1 3.63631
      vertex 1.58037 4.47939 4.24237
    endloop
  endfacet
  facet normal 0.806809 0.564918 0.172997
    outer loop
      vertex 2.27642 2.73074 4.87752
      vertex 2.36221 2.80272 4.24237
      vertex 2.00489 3.31304 4.24237
    endloop
  endfacet
  facet normal 0.908077 0.243308 0.340877
    outer loop
      vertex 1.94889 3.95309 3.63631
      vertex 1.79761 4.5177 3.63631
      vertex 1.58037 4.47939 4.24237
    endloop
  endfacet
  facet normal 0.908078 0.243325 0.340862
    outer loop
      vertex 1.74161 3.87765 4.24237
      vertex 1.94889 3.95309 3.63631
      vertex 1.58037 4.47939 4.24237
    endloop
  endfacet
  facet normal -0.80666 -0.565122 0.173019
    outer loop
      vertex 52.3951 119.087 4.24237
      vertex 52.4921 119.143 4.87752
      vertex 52.1236 119.669 4.87752
    endloop
  endfacet
  facet normal -0.806652 -0.565131 0.17303
    outer loop
      vertex 52.3951 119.087 4.24237
      vertex 52.1236 119.669 4.87752
      vertex 52.0378 119.597 4.24237
    endloop
  endfacet
  facet normal -0.0993862 -0.143116 0.984703
    outer loop
      vertex 49.9156 118.034 1.62607
      vertex 49.7788 118.129 1.62607
      vertex 49.5073 117.547 1.51408
    endloop
  endfacet
  facet normal -0.0449487 -0.168506 0.984675
    outer loop
      vertex 49.6275 118.2 1.62607
      vertex 49.4663 118.243 1.62607
      vertex 49.356 117.618 1.51408
    endloop
  endfacet
  facet normal -0.0124452 -0.174233 0.984626
    outer loop
      vertex 49.356 117.618 1.51408
      vertex 49.4663 118.243 1.62607
      vertex 49.3 117.622 1.51408
    endloop
  endfacet
  facet normal -0.741138 -0.198265 0.641409
    outer loop
      vertex 52.2848 117.826 3.07777
      vertex 52.1481 118.337 3.07777
      vertex 51.7585 118.195 2.5837
    endloop
  endfacet
  facet normal -0.410724 -0.287875 0.865121
    outer loop
      vertex 50.6542 118.082 1.84666
      vertex 51.1379 118.361 2.16914
      vertex 50.4979 118.305 1.84666
    endloop
  endfacet
  facet normal -0.331511 -0.0888651 0.939257
    outer loop
      vertex 50.8399 117.572 1.84666
      vertex 50.7694 117.835 1.84666
      vertex 50.1999 117.628 1.62607
    endloop
  endfacet
  facet normal -0.785504 -0.366075 0.498971
    outer loop
      vertex 52.4511 118.447 3.63631
      vertex 52.2041 118.977 3.63631
      vertex 51.9248 118.815 3.07777
    endloop
  endfacet
  facet normal -0.527745 -0.369139 0.764998
    outer loop
      vertex 51.5658 118.608 2.5837
      vertex 51.3042 118.982 2.5837
      vertex 50.9257 118.664 2.16914
    endloop
  endfacet
  facet normal -0.0743077 -0.157594 0.984704
    outer loop
      vertex 49.4612 117.579 1.51408
      vertex 49.7788 118.129 1.62607
      vertex 49.4103 117.603 1.51408
    endloop
  endfacet
  facet normal -0.0740406 -0.157779 0.984695
    outer loop
      vertex 49.7788 118.129 1.62607
      vertex 49.6275 118.2 1.62607
      vertex 49.4103 117.603 1.51408
    endloop
  endfacet
  facet normal -0.142791 -0.0997454 0.984714
    outer loop
      vertex 50.1293 117.779 1.62607
      vertex 50.0336 117.916 1.62607
      vertex 49.547 117.507 1.51408
    endloop
  endfacet
  facet normal -0.951361 -0.254769 0.173218
    outer loop
      vertex 52.9299 117.94 4.87752
      vertex 52.7636 118.561 4.87752
      vertex 52.6584 118.522 4.24237
    endloop
  endfacet
  facet normal -0.951324 -0.255164 0.17284
    outer loop
      vertex 52.8196 117.921 4.24237
      vertex 52.9299 117.94 4.87752
      vertex 52.6584 118.522 4.24237
    endloop
  endfacet
  facet normal -0.613488 -0.612451 0.498534
    outer loop
      vertex 51.2482 119.622 3.07777
      vertex 51.8688 119.455 3.63631
      vertex 51.4555 119.869 3.63631
    endloop
  endfacet
  facet normal -0.61338 -0.612724 0.498332
    outer loop
      vertex 51.8688 119.455 3.63631
      vertex 51.2482 119.622 3.07777
      vertex 51.6218 119.248 3.07777
    endloop
  endfacet
  facet normal -0.538901 -0.770312 0.340889
    outer loop
      vertex 51.4555 119.869 3.63631
      vertex 51.5973 120.038 4.24237
      vertex 51.087 120.395 4.24237
    endloop
  endfacet
  facet normal -0.665132 -0.664378 0.340883
    outer loop
      vertex 51.4555 119.869 3.63631
      vertex 52.0378 119.597 4.24237
      vertex 51.5973 120.038 4.24237
    endloop
  endfacet
  facet normal -0.665258 -0.664133 0.341114
    outer loop
      vertex 52.0378 119.597 4.24237
      vertex 51.4555 119.869 3.63631
      vertex 51.8688 119.455 3.63631
    endloop
  endfacet
  facet normal -0.499559 -0.043593 0.865182
    outer loop
      vertex 51.4222 117.3 2.16914
      vertex 51.39 117.669 2.16914
      vertex 50.8637 117.3 1.84666
    endloop
  endfacet
  facet normal -0.15804 -0.0734419 0.984698
    outer loop
      vertex 49.603 117.41 1.51408
      vertex 50.1293 117.779 1.62607
      vertex 49.5793 117.461 1.51408
    endloop
  endfacet
  facet normal -0.130084 -0.484157 0.865258
    outer loop
      vertex 49.8348 118.769 1.84666
      vertex 50.0258 119.294 2.16914
      vertex 49.6685 119.39 2.16914
    endloop
  endfacet
  facet normal -0.583862 0.272191 0.764864
    outer loop
      vertex 51.7585 4.20517 2.5837
      vertex 51.2942 4.37415 2.16914
      vertex 51.1379 4.03888 2.16914
    endloop
  endfacet
  facet normal -0.785597 0.366374 0.498606
    outer loop
      vertex 52.2041 3.42333 3.63631
      vertex 52.1481 4.06338 3.07777
      vertex 51.9248 3.58457 3.07777
    endloop
  endfacet
  facet normal -0.710072 0.497237 0.49855
    outer loop
      vertex 51.8688 2.94451 3.63631
      vertex 52.2041 3.42333 3.63631
      vertex 51.6218 3.1518 3.07777
    endloop
  endfacet
  facet normal -0.612946 0.612978 0.498553
    outer loop
      vertex 51.8688 2.94451 3.63631
      vertex 51.6218 3.1518 3.07777
      vertex 51.2482 2.77822 3.07777
    endloop
  endfacet
  facet normal -0.837291 0.224371 0.4986
    outer loop
      vertex 52.4511 3.95309 3.63631
      vertex 52.6024 4.5177 3.63631
      vertex 52.2848 4.5737 3.07777
    endloop
  endfacet
  facet normal -0.908088 0.243343 0.340823
    outer loop
      vertex 52.8196 4.47939 4.24237
      vertex 52.6024 4.5177 3.63631
      vertex 52.4511 3.95309 3.63631
    endloop
  endfacet
  facet normal -0.157943 0.0737047 0.984694
    outer loop
      vertex 50.1293 4.62118 1.62607
      vertex 50.1999 4.77247 1.62607
      vertex 49.5793 4.93876 1.51408
    endloop
  endfacet
  facet normal -0.142696 0.10011 0.984691
    outer loop
      vertex 50.1293 4.62118 1.62607
      vertex 49.5793 4.93876 1.51408
      vertex 49.547 4.89272 1.51408
    endloop
  endfacet
  facet normal -0.36636 0.78562 0.498579
    outer loop
      vertex 50.4469 1.94889 3.63631
      vertex 50.8154 2.4752 3.07777
      vertex 50.3366 2.25192 3.07777
    endloop
  endfacet
  facet normal -0.224364 0.837305 0.498578
    outer loop
      vertex 50.4469 1.94889 3.63631
      vertex 50.3366 2.25192 3.07777
      vertex 49.8263 2.11518 3.07777
    endloop
  endfacet
  facet normal -0.242692 0.242609 0.939277
    outer loop
      vertex 50.4979 4.09488 1.84666
      vertex 50.0336 4.48445 1.62607
      vertex 49.9156 4.36641 1.62607
    endloop
  endfacet
  facet normal -0.242634 0.242722 0.939263
    outer loop
      vertex 50.3051 3.90215 1.84666
      vertex 50.4979 4.09488 1.84666
      vertex 49.9156 4.36641 1.62607
    endloop
  endfacet
  facet normal 0.21156 -0.454448 0.865286
    outer loop
      vertex 4.31816 118.654 1.84666
      vertex 4.56519 118.769 1.84666
      vertex 4.03888 119.138 2.16914
    endloop
  endfacet
  facet normal 0.0302063 -0.341747 0.939307
    outer loop
      vertex 4.93371 118.243 1.62607
      vertex 5.1 118.864 1.84666
      vertex 4.82847 118.84 1.84666
    endloop
  endfacet
  facet normal 0.48432 -0.129885 0.865196
    outer loop
      vertex 3.63061 117.835 1.84666
      vertex 3.10575 118.026 2.16914
      vertex 3.01001 117.669 2.16914
    endloop
  endfacet
  facet normal 0.195933 -0.281999 0.939195
    outer loop
      vertex 4.48445 118.034 1.62607
      vertex 4.62118 118.129 1.62607
      vertex 4.09488 118.498 1.84666
    endloop
  endfacet
  facet normal 0.199037 -0.741407 0.640858
    outer loop
      vertex 4.20517 119.759 2.5837
      vertex 4.5737 120.285 3.07777
      vertex 4.06338 120.148 3.07777
    endloop
  endfacet
  facet normal 0.167002 -0.621612 0.765316
    outer loop
      vertex 4.37415 119.294 2.16914
      vertex 4.73148 119.39 2.16914
      vertex 4.20517 119.759 2.5837
    endloop
  endfacet
  facet normal -0.287054 -0.410893 0.865313
    outer loop
      vertex 50.3051 118.498 1.84666
      vertex 50.3611 119.138 2.16914
      vertex 50.0818 118.654 1.84666
    endloop
  endfacet
  facet normal -0.0302098 -0.341748 0.939306
    outer loop
      vertex 49.4663 118.243 1.62607
      vertex 49.5715 118.84 1.84666
      vertex 49.3 118.864 1.84666
    endloop
  endfacet
  facet normal 0.0755106 -0.86394 0.497901
    outer loop
      vertex 4.5737 120.285 3.07777
      vertex 5.1 120.331 3.07777
      vertex 4.5177 120.602 3.63631
    endloop
  endfacet
  facet normal 0.0550744 -0.641574 0.765081
    outer loop
      vertex 4.73148 119.39 2.16914
      vertex 5.1 119.916 2.5837
      vertex 4.64568 119.877 2.5837
    endloop
  endfacet
  facet normal 0.695369 0.324266 0.641337
    outer loop
      vertex 2.4752 3.58457 3.07777
      vertex 2.83422 3.79185 2.5837
      vertex 2.25192 4.06338 3.07777
    endloop
  endfacet
  facet normal 0.764341 0.0668635 0.641336
    outer loop
      vertex 2.11518 4.5737 3.07777
      vertex 2.4837 5.1 2.5837
      vertex 2.06914 5.1 3.07777
    endloop
  endfacet
  facet normal 0.695224 -0.324748 0.64125
    outer loop
      vertex 2.83422 118.608 2.5837
      vertex 2.4752 118.815 3.07777
      vertex 2.25192 118.337 3.07777
    endloop
  endfacet
  facet normal 0.741143 -0.198325 0.641385
    outer loop
      vertex 2.64149 118.195 2.5837
      vertex 2.25192 118.337 3.07777
      vertex 2.11518 117.826 3.07777
    endloop
  endfacet
  facet normal 0.936496 -0.0819837 0.340959
    outer loop
      vertex 1.74666 117.3 3.63631
      vertex 1.79761 117.882 3.63631
      vertex 1.58037 117.921 4.24237
    endloop
  endfacet
  facet normal 0.907915 -0.243581 0.341113
    outer loop
      vertex 1.79761 117.882 3.63631
      vertex 1.74161 118.522 4.24237
      vertex 1.58037 117.921 4.24237
    endloop
  endfacet
  facet normal 0.628502 0.440069 0.641345
    outer loop
      vertex 2.77822 3.1518 3.07777
      vertex 3.0958 3.41828 2.5837
      vertex 2.4752 3.58457 3.07777
    endloop
  endfacet
  facet normal 0.6285 0.440086 0.641336
    outer loop
      vertex 3.0958 3.41828 2.5837
      vertex 2.83422 3.79185 2.5837
      vertex 2.4752 3.58457 3.07777
    endloop
  endfacet
  facet normal 0.369512 0.527711 0.764841
    outer loop
      vertex 3.79185 2.83422 2.5837
      vertex 4.03888 3.26209 2.16914
      vertex 3.41828 3.0958 2.5837
    endloop
  endfacet
  facet normal 0.272254 0.583863 0.764841
    outer loop
      vertex 4.20517 2.64149 2.5837
      vertex 4.03888 3.26209 2.16914
      vertex 3.79185 2.83422 2.5837
    endloop
  endfacet
  facet normal 0.129773 0.48435 0.865196
    outer loop
      vertex 4.73148 3.01001 2.16914
      vertex 4.82847 3.56007 1.84666
      vertex 4.37415 3.10575 2.16914
    endloop
  endfacet
  facet normal 0.166727 0.622275 0.764837
    outer loop
      vertex 4.73148 3.01001 2.16914
      vertex 4.37415 3.10575 2.16914
      vertex 4.20517 2.64149 2.5837
    endloop
  endfacet
  facet normal 0.242664 0.242664 0.93927
    outer loop
      vertex 4.36641 4.48445 1.62607
      vertex 4.09488 3.90215 1.84666
      vertex 4.48445 4.36641 1.62607
    endloop
  endfacet
  facet normal 0.242664 0.242664 0.93927
    outer loop
      vertex 4.09488 3.90215 1.84666
      vertex 4.36641 4.48445 1.62607
      vertex 3.90215 4.09488 1.84666
    endloop
  endfacet
  facet normal 0.196841 0.281116 0.93927
    outer loop
      vertex 4.62118 4.27067 1.62607
      vertex 4.48445 4.36641 1.62607
      vertex 4.31816 3.74581 1.84666
    endloop
  endfacet
  facet normal 0.0736574 0.157954 0.984696
    outer loop
      vertex 4.77247 4.20012 1.62607
      vertex 4.93876 4.82073 1.51408
      vertex 4.62118 4.27067 1.62607
    endloop
  endfacet
  facet normal 0.34187 0.029915 0.939271
    outer loop
      vertex 3.56007 4.82847 1.84666
      vertex 4.14237 5.1 1.62607
      vertex 3.53631 5.1 1.84666
    endloop
  endfacet
  facet normal 0.281116 0.196841 0.93927
    outer loop
      vertex 4.36641 4.48445 1.62607
      vertex 4.27067 4.62118 1.62607
      vertex 3.74581 4.31816 1.84666
    endloop
  endfacet
  facet normal 0 0 1
    outer loop
      vertex 49.3 4.77752 1.51408
      vertex 49.6225 5.1 1.51408
      vertex 49.6225 39.85 1.51408
    endloop
  endfacet
  facet normal 0 0 1
    outer loop
      vertex 49.6225 5.1 1.51408
      vertex 49.3 4.77752 1.51408
      vertex 49.6176 5.044 1.51408
    endloop
  endfacet
  facet normal 0 0 1
    outer loop
      vertex 49.6176 5.044 1.51408
      vertex 49.3 4.77752 1.51408
      vertex 49.603 4.98971 1.51408
    endloop
  endfacet
  facet normal 0 0 1
    outer loop
      vertex 49.603 4.98971 1.51408
      vertex 49.3 4.77752 1.51408
      vertex 49.5793 4.93876 1.51408
    endloop
  endfacet
  facet normal 0 0 1
    outer loop
      vertex 49.5793 4.93876 1.51408
      vertex 49.3 4.77752 1.51408
      vertex 49.547 4.89272 1.51408
    endloop
  endfacet
  facet normal 0 0 1
    outer loop
      vertex 49.547 4.89272 1.51408
      vertex 49.3 4.77752 1.51408
      vertex 49.5073 4.85297 1.51408
    endloop
  endfacet
  facet normal 0 0 1
    outer loop
      vertex 49.5073 4.85297 1.51408
      vertex 49.3 4.77752 1.51408
      vertex 49.4612 4.82073 1.51408
    endloop
  endfacet
  facet normal 0 0 1
    outer loop
      vertex 49.4612 4.82073 1.51408
      vertex 49.3 4.77752 1.51408
      vertex 49.4103 4.79697 1.51408
    endloop
  endfacet
  facet normal 0 0 1
    outer loop
      vertex 49.4103 4.79697 1.51408
      vertex 49.3 4.77752 1.51408
      vertex 49.356 4.78242 1.51408
    endloop
  endfacet
  facet normal 0 0 1
    outer loop
      vertex 49.6225 39.85 1.51408
      vertex 5.1 4.77752 1.51408
      vertex 49.3 4.77752 1.51408
    endloop
  endfacet
  facet normal -0 0 1
    outer loop
      vertex 4.77752 39.85 1.51408
      vertex 5.1 4.77752 1.51408
      vertex 49.6225 39.85 1.51408
    endloop
  endfacet
  facet normal -0 0 1
    outer loop
      vertex 4.77752 5.1 1.51408
      vertex 5.1 4.77752 1.51408
      vertex 4.77752 39.85 1.51408
    endloop
  endfacet
  facet normal 0 0 1
    outer loop
      vertex 5.044 4.78242 1.51408
      vertex 4.77752 5.1 1.51408
      vertex 4.98971 4.79697 1.51408
    endloop
  endfacet
  facet normal 0 0 1
    outer loop
      vertex 4.98971 4.79697 1.51408
      vertex 4.77752 5.1 1.51408
      vertex 4.93876 4.82073 1.51408
    endloop
  endfacet
  facet normal 0 0 1
    outer loop
      vertex 4.93876 4.82073 1.51408
      vertex 4.77752 5.1 1.51408
      vertex 4.89272 4.85297 1.51408
    endloop
  endfacet
  facet normal 0 0 1
    outer loop
      vertex 4.89272 4.85297 1.51408
      vertex 4.77752 5.1 1.51408
      vertex 4.85297 4.89272 1.51408
    endloop
  endfacet
  facet normal 0 0 1
    outer loop
      vertex 4.85297 4.89272 1.51408
      vertex 4.77752 5.1 1.51408
      vertex 4.82073 4.93876 1.51408
    endloop
  endfacet
  facet normal 0 0 1
    outer loop
      vertex 4.82073 4.93876 1.51408
      vertex 4.77752 5.1 1.51408
      vertex 4.79697 4.98971 1.51408
    endloop
  endfacet
  facet normal 0 0 1
    outer loop
      vertex 5.1 4.77752 1.51408
      vertex 4.77752 5.1 1.51408
      vertex 5.044 4.78242 1.51408
    endloop
  endfacet
  facet normal 0 0 1
    outer loop
      vertex 4.79697 4.98971 1.51408
      vertex 4.77752 5.1 1.51408
      vertex 4.78242 5.044 1.51408
    endloop
  endfacet
  facet normal 0 0 1
    outer loop
      vertex 49.3 117.622 1.51408
      vertex 49.6225 117.3 1.51408
      vertex 49.6176 117.356 1.51408
    endloop
  endfacet
  facet normal 0 0 1
    outer loop
      vertex 49.3 117.622 1.51408
      vertex 49.6176 117.356 1.51408
      vertex 49.603 117.41 1.51408
    endloop
  endfacet
  facet normal 0 0 1
    outer loop
      vertex 49.3 117.622 1.51408
      vertex 49.603 117.41 1.51408
      vertex 49.5793 117.461 1.51408
    endloop
  endfacet
  facet normal 0 0 1
    outer loop
      vertex 49.3 117.622 1.51408
      vertex 49.5793 117.461 1.51408
      vertex 49.547 117.507 1.51408
    endloop
  endfacet
  facet normal 0 0 1
    outer loop
      vertex 49.3 117.622 1.51408
      vertex 49.547 117.507 1.51408
      vertex 49.5073 117.547 1.51408
    endloop
  endfacet
  facet normal 0 0 1
    outer loop
      vertex 49.3 117.622 1.51408
      vertex 49.5073 117.547 1.51408
      vertex 49.4612 117.579 1.51408
    endloop
  endfacet
  facet normal 0 0 1
    outer loop
      vertex 49.3 117.622 1.51408
      vertex 49.4612 117.579 1.51408
      vertex 49.4103 117.603 1.51408
    endloop
  endfacet
  facet normal 0 0 1
    outer loop
      vertex 49.3 117.622 1.51408
      vertex 49.4103 117.603 1.51408
      vertex 49.356 117.618 1.51408
    endloop
  endfacet
  facet normal 0 0 1
    outer loop
      vertex 49.6225 117.3 1.51408
      vertex 49.3 117.622 1.51408
      vertex 49.6225 84.15 1.51408
    endloop
  endfacet
  facet normal -0 0 1
    outer loop
      vertex 5.1 117.622 1.51408
      vertex 49.6225 84.15 1.51408
      vertex 49.3 117.622 1.51408
    endloop
  endfacet
  facet normal 0 0 1
    outer loop
      vertex 4.77752 117.3 1.51408
      vertex 5.1 117.622 1.51408
      vertex 5.044 117.618 1.51408
    endloop
  endfacet
  facet normal 0 0 1
    outer loop
      vertex 4.77752 117.3 1.51408
      vertex 5.044 117.618 1.51408
      vertex 4.98971 117.603 1.51408
    endloop
  endfacet
  facet normal 0 0 1
    outer loop
      vertex 4.77752 117.3 1.51408
      vertex 4.98971 117.603 1.51408
      vertex 4.93876 117.579 1.51408
    endloop
  endfacet
  facet normal 0 0 1
    outer loop
      vertex 4.77752 117.3 1.51408
      vertex 4.93876 117.579 1.51408
      vertex 4.89272 117.547 1.51408
    endloop
  endfacet
  facet normal 0 0 1
    outer loop
      vertex 4.77752 117.3 1.51408
      vertex 4.89272 117.547 1.51408
      vertex 4.85297 117.507 1.51408
    endloop
  endfacet
  facet normal 0 0 1
    outer loop
      vertex 4.77752 117.3 1.51408
      vertex 4.85297 117.507 1.51408
      vertex 4.82073 117.461 1.51408
    endloop
  endfacet
  facet normal 0 0 1
    outer loop
      vertex 4.77752 117.3 1.51408
      vertex 4.82073 117.461 1.51408
      vertex 4.79697 117.41 1.51408
    endloop
  endfacet
  facet normal 0 0 1
    outer loop
      vertex 4.77752 117.3 1.51408
      vertex 4.79697 117.41 1.51408
      vertex 4.78242 117.356 1.51408
    endloop
  endfacet
  facet normal 0 0 1
    outer loop
      vertex 5.1 117.622 1.51408
      vertex 4.77752 117.3 1.51408
      vertex 4.77752 84.15 1.51408
    endloop
  endfacet
  facet normal 0 0 1
    outer loop
      vertex 5.1 117.622 1.51408
      vertex 4.77752 84.15 1.51408
      vertex 49.6225 84.15 1.51408
    endloop
  endfacet
  facet normal -0 0 1
    outer loop
      vertex 4.77752 60.85 1.51408
      vertex 49.6225 42.15 1.51408
      vertex 49.6225 60.85 1.51408
    endloop
  endfacet
  facet normal 0 0 1
    outer loop
      vertex 49.6225 42.15 1.51408
      vertex 4.77752 60.85 1.51408
      vertex 4.77752 42.15 1.51408
    endloop
  endfacet
  facet normal -0 0 1
    outer loop
      vertex 4.77752 81.85 1.51408
      vertex 49.6225 63.15 1.51408
      vertex 49.6225 81.85 1.51408
    endloop
  endfacet
  facet normal 0 0 1
    outer loop
      vertex 49.6225 63.15 1.51408
      vertex 4.77752 81.85 1.51408
      vertex 4.77752 63.15 1.51408
    endloop
  endfacet
  facet normal 0.142764 0.0999654 0.984695
    outer loop
      vertex 4.36641 4.48445 1.62607
      vertex 4.82073 4.93876 1.51408
      vertex 4.27067 4.62118 1.62607
    endloop
  endfacet
  facet normal 0.0888141 0.331486 0.939271
    outer loop
      vertex 4.82847 3.56007 1.84666
      vertex 4.77247 4.20012 1.62607
      vertex 4.56519 3.63061 1.84666
    endloop
  endfacet
  facet normal -0.0299184 0.34187 0.939271
    outer loop
      vertex 49.5715 3.56007 1.84666
      vertex 49.3 4.14237 1.62607
      vertex 49.3 3.53631 1.84666
    endloop
  endfacet
  facet normal 0.271547 -0.5836 0.765293
    outer loop
      vertex 4.37415 119.294 2.16914
      vertex 4.20517 119.759 2.5837
      vertex 4.03888 119.138 2.16914
    endloop
  endfacet
  facet normal 0.130523 -0.484 0.865279
    outer loop
      vertex 4.56519 118.769 1.84666
      vertex 4.82847 118.84 1.84666
      vertex 4.37415 119.294 2.16914
    endloop
  endfacet
  facet normal 0.628826 -0.439808 0.641207
    outer loop
      vertex 2.83422 118.608 2.5837
      vertex 3.0958 118.982 2.5837
      vertex 2.4752 118.815 3.07777
    endloop
  endfacet
  facet normal 0.440579 -0.628195 0.641296
    outer loop
      vertex 3.79185 119.566 2.5837
      vertex 3.58457 119.925 3.07777
      vertex 3.41828 119.304 2.5837
    endloop
  endfacet
  facet normal 0.710304 -0.497082 0.498375
    outer loop
      vertex 2.77822 119.248 3.07777
      vertex 2.53119 119.455 3.63631
      vertex 2.4752 118.815 3.07777
    endloop
  endfacet
  facet normal 0.0755418 0.863546 0.498579
    outer loop
      vertex 5.1 1.74666 3.63631
      vertex 5.1 2.06914 3.07777
      vertex 4.5737 2.11518 3.07777
    endloop
  endfacet
  facet normal 0.05615 0.641763 0.764845
    outer loop
      vertex 5.1 2.4837 2.5837
      vertex 4.73148 3.01001 2.16914
      vertex 4.64568 2.52345 2.5837
    endloop
  endfacet
  facet normal 0.243308 0.908077 0.340877
    outer loop
      vertex 4.47939 1.58037 4.24237
      vertex 4.5177 1.79761 3.63631
      vertex 3.95309 1.94889 3.63631
    endloop
  endfacet
  facet normal 0.243325 0.908078 0.340862
    outer loop
      vertex 4.47939 1.58037 4.24237
      vertex 3.95309 1.94889 3.63631
      vertex 3.87765 1.74161 4.24237
    endloop
  endfacet
  facet normal 0.366353 0.785621 0.498584
    outer loop
      vertex 4.06338 2.25192 3.07777
      vertex 3.58457 2.4752 3.07777
      vertex 3.42333 2.19592 3.63631
    endloop
  endfacet
  facet normal 0.539223 0.770098 0.340862
    outer loop
      vertex 3.31304 2.00489 4.24237
      vertex 3.42333 2.19592 3.63631
      vertex 2.94451 2.53119 3.63631
    endloop
  endfacet
  facet normal 0.311021 0.145041 0.93927
    outer loop
      vertex 3.74581 4.31816 1.84666
      vertex 4.20012 4.77247 1.62607
      vertex 3.63061 4.56519 1.84666
    endloop
  endfacet
  facet normal 0.410752 0.287608 0.865196
    outer loop
      vertex 3.90215 4.09488 1.84666
      vertex 3.74581 4.31816 1.84666
      vertex 3.47428 3.73585 2.16914
    endloop
  endfacet
  facet normal 0.939692 -0 0.342023
    outer loop
      vertex 1.52607 5.1 4.24237
      vertex 1.74666 37.84 3.63631
      vertex 1.52607 37.84 4.24237
    endloop
  endfacet
  facet normal 0.939692 0 0.342023
    outer loop
      vertex 1.74666 37.84 3.63631
      vertex 1.52607 5.1 4.24237
      vertex 1.74666 5.1 3.63631
    endloop
  endfacet
  facet normal 0.939692 -0 0.342023
    outer loop
      vertex 1.52607 86.16 4.24237
      vertex 1.74666 117.3 3.63631
      vertex 1.52607 117.3 4.24237
    endloop
  endfacet
  facet normal 0.939692 0 0.342023
    outer loop
      vertex 1.74666 117.3 3.63631
      vertex 1.52607 86.16 4.24237
      vertex 1.74666 86.16 3.63631
    endloop
  endfacet
  facet normal 0.939692 -0 0.342023
    outer loop
      vertex 1.52607 39.85 4.24237
      vertex 1.74666 42.15 3.63631
      vertex 1.52607 42.15 4.24237
    endloop
  endfacet
  facet normal 0.939692 0 0.342023
    outer loop
      vertex 1.74666 42.15 3.63631
      vertex 1.52607 39.85 4.24237
      vertex 1.74666 39.85 3.63631
    endloop
  endfacet
  facet normal 0.939692 -0 0.342023
    outer loop
      vertex 1.52607 44.16 4.24237
      vertex 1.74666 58.84 3.63631
      vertex 1.52607 58.84 4.24237
    endloop
  endfacet
  facet normal 0.939692 0 0.342023
    outer loop
      vertex 1.74666 58.84 3.63631
      vertex 1.52607 44.16 4.24237
      vertex 1.74666 44.16 3.63631
    endloop
  endfacet
  facet normal 0.939692 -0 0.342023
    outer loop
      vertex 1.52607 60.85 4.24237
      vertex 1.74666 63.15 3.63631
      vertex 1.52607 63.15 4.24237
    endloop
  endfacet
  facet normal 0.939692 0 0.342023
    outer loop
      vertex 1.74666 63.15 3.63631
      vertex 1.52607 60.85 4.24237
      vertex 1.74666 60.85 3.63631
    endloop
  endfacet
  facet normal 0.939692 -0 0.342023
    outer loop
      vertex 1.52607 65.16 4.24237
      vertex 1.74666 79.84 3.63631
      vertex 1.52607 79.84 4.24237
    endloop
  endfacet
  facet normal 0.939692 0 0.342023
    outer loop
      vertex 1.74666 79.84 3.63631
      vertex 1.52607 65.16 4.24237
      vertex 1.74666 65.16 3.63631
    endloop
  endfacet
  facet normal 0.939692 -0 0.342023
    outer loop
      vertex 1.52607 81.85 4.24237
      vertex 1.74666 84.15 3.63631
      vertex 1.52607 84.15 4.24237
    endloop
  endfacet
  facet normal 0.939692 0 0.342023
    outer loop
      vertex 1.74666 84.15 3.63631
      vertex 1.52607 81.85 4.24237
      vertex 1.74666 81.85 3.63631
    endloop
  endfacet
  facet normal 0.866021 -0 0.500008
    outer loop
      vertex 1.74666 5.1 3.63631
      vertex 2.06914 37.84 3.07777
      vertex 1.74666 37.84 3.63631
    endloop
  endfacet
  facet normal 0.866021 0 0.500008
    outer loop
      vertex 2.06914 37.84 3.07777
      vertex 1.74666 5.1 3.63631
      vertex 2.06914 5.1 3.07777
    endloop
  endfacet
  facet normal 0.866021 -0 0.500008
    outer loop
      vertex 1.74666 86.16 3.63631
      vertex 2.06914 117.3 3.07777
      vertex 1.74666 117.3 3.63631
    endloop
  endfacet
  facet normal 0.866021 0 0.500008
    outer loop
      vertex 2.06914 117.3 3.07777
      vertex 1.74666 86.16 3.63631
      vertex 2.06914 86.16 3.07777
    endloop
  endfacet
  facet normal 0.866012 -0 0.500023
    outer loop
      vertex 1.74666 39.85 3.63631
      vertex 1.78848 42.15 3.56388
      vertex 1.74666 42.15 3.63631
    endloop
  endfacet
  facet normal 0.866012 0 0.500023
    outer loop
      vertex 1.78848 42.15 3.56388
      vertex 1.74666 39.85 3.63631
      vertex 1.78848 39.85 3.56388
    endloop
  endfacet
  facet normal 0 1 0
    outer loop
      vertex 2.06914 42.15 3.07777
      vertex 1.74666 42.15 3.63631
      vertex 1.78848 42.15 3.56388
    endloop
  endfacet
  facet normal 0 -1 0
    outer loop
      vertex 1.74666 39.85 3.63631
      vertex 2.06914 39.85 3.07777
      vertex 1.78848 39.85 3.56388
    endloop
  endfacet
  facet normal 0.866012 -0 0.500023
    outer loop
      vertex 1.74666 60.85 3.63631
      vertex 1.78848 63.15 3.56388
      vertex 1.74666 63.15 3.63631
    endloop
  endfacet
  facet normal 0.866012 0 0.500023
    outer loop
      vertex 1.78848 63.15 3.56388
      vertex 1.74666 60.85 3.63631
      vertex 1.78848 60.85 3.56388
    endloop
  endfacet
  facet normal -0 -1 -0
    outer loop
      vertex 1.78848 60.85 3.56388
      vertex 1.74666 60.85 3.63631
      vertex 2.06914 60.85 3.07777
    endloop
  endfacet
  facet normal 0 1 0
    outer loop
      vertex 1.74666 63.15 3.63631
      vertex 1.78848 63.15 3.56388
      vertex 2.06914 63.15 3.07777
    endloop
  endfacet
  facet normal 0.866012 -0 0.500023
    outer loop
      vertex 1.74666 81.85 3.63631
      vertex 1.78848 84.15 3.56388
      vertex 1.74666 84.15 3.63631
    endloop
  endfacet
  facet normal 0.866012 0 0.500023
    outer loop
      vertex 1.78848 84.15 3.56388
      vertex 1.74666 81.85 3.63631
      vertex 1.78848 81.85 3.56388
    endloop
  endfacet
  facet normal 0 1 0
    outer loop
      vertex 2.06914 84.15 3.07777
      vertex 1.74666 84.15 3.63631
      vertex 1.78848 84.15 3.56388
    endloop
  endfacet
  facet normal 0 -1 0
    outer loop
      vertex 2.06914 81.85 3.07777
      vertex 1.78848 81.85 3.56388
      vertex 1.74666 81.85 3.63631
    endloop
  endfacet
  facet normal 0.866021 -0 0.500008
    outer loop
      vertex 1.74666 44.16 3.63631
      vertex 2.06914 58.84 3.07777
      vertex 1.74666 58.84 3.63631
    endloop
  endfacet
  facet normal 0.866021 0 0.500008
    outer loop
      vertex 2.06914 58.84 3.07777
      vertex 1.74666 44.16 3.63631
      vertex 2.06914 44.16 3.07777
    endloop
  endfacet
  facet normal 0.866021 -0 0.500008
    outer loop
      vertex 1.74666 65.16 3.63631
      vertex 2.06914 79.84 3.07777
      vertex 1.74666 79.84 3.63631
    endloop
  endfacet
  facet normal 0.866021 0 0.500008
    outer loop
      vertex 2.06914 79.84 3.07777
      vertex 1.74666 65.16 3.63631
      vertex 2.06914 65.16 3.07777
    endloop
  endfacet
  facet normal -0.030838 -0.34189 0.939234
    outer loop
      vertex 49.4663 118.243 1.62607
      vertex 49.3 118.864 1.84666
      vertex 49.3 118.258 1.62607
    endloop
  endfacet
  facet normal -0.0884246 -0.33149 0.939306
    outer loop
      vertex 49.6275 118.2 1.62607
      vertex 49.5715 118.84 1.84666
      vertex 49.4663 118.243 1.62607
    endloop
  endfacet
  facet normal -0.622506 -0.166566 0.764684
    outer loop
      vertex 51.8765 117.754 2.5837
      vertex 51.7585 118.195 2.5837
      vertex 51.39 117.669 2.16914
    endloop
  endfacet
  facet normal -0.785478 -0.36694 0.498377
    outer loop
      vertex 52.1481 118.337 3.07777
      vertex 52.4511 118.447 3.63631
      vertex 51.9248 118.815 3.07777
    endloop
  endfacet
  facet normal -0.173629 -0.0151925 0.984694
    outer loop
      vertex 49.6225 117.3 1.51408
      vertex 50.2431 117.466 1.62607
      vertex 49.6176 117.356 1.51408
    endloop
  endfacet
  facet normal -0.168403 -0.0449075 0.984695
    outer loop
      vertex 50.2431 117.466 1.62607
      vertex 50.1999 117.628 1.62607
      vertex 49.6176 117.356 1.51408
    endloop
  endfacet
  facet normal -0.0993537 -0.143131 0.984704
    outer loop
      vertex 49.5073 117.547 1.51408
      vertex 49.7788 118.129 1.62607
      vertex 49.4612 117.579 1.51408
    endloop
  endfacet
  facet normal -0.281481 -0.196626 0.939205
    outer loop
      vertex 50.1293 117.779 1.62607
      vertex 50.4979 118.305 1.84666
      vertex 50.0336 117.916 1.62607
    endloop
  endfacet
  facet normal -0.142607 -0.100135 0.984701
    outer loop
      vertex 49.5793 117.461 1.51408
      vertex 50.1293 117.779 1.62607
      vertex 49.547 117.507 1.51408
    endloop
  endfacet
  facet normal -0.527681 -0.369551 0.764843
    outer loop
      vertex 51.1379 118.361 2.16914
      vertex 51.5658 118.608 2.5837
      vertex 50.9257 118.664 2.16914
    endloop
  endfacet
  facet normal -0.454458 -0.212035 0.865164
    outer loop
      vertex 51.2942 118.026 2.16914
      vertex 51.1379 118.361 2.16914
      vertex 50.7694 117.835 1.84666
    endloop
  endfacet
  facet normal -0.354854 -0.354312 0.865183
    outer loop
      vertex 50.6641 118.926 2.16914
      vertex 50.4979 118.305 1.84666
      vertex 50.9257 118.664 2.16914
    endloop
  endfacet
  facet normal -0.354729 -0.354361 0.865214
    outer loop
      vertex 50.4979 118.305 1.84666
      vertex 50.6641 118.926 2.16914
      vertex 50.3051 118.498 1.84666
    endloop
  endfacet
  facet normal -0.0755106 -0.86394 0.497901
    outer loop
      vertex 49.8263 120.285 3.07777
      vertex 49.8823 120.602 3.63631
      vertex 49.3 120.331 3.07777
    endloop
  endfacet
  facet normal -0.0655926 -0.76407 0.64179
    outer loop
      vertex 49.7543 119.877 2.5837
      vertex 49.3 120.331 3.07777
      vertex 49.3 119.916 2.5837
    endloop
  endfacet
  facet normal -0.0550768 -0.641574 0.765081
    outer loop
      vertex 49.6685 119.39 2.16914
      vertex 49.7543 119.877 2.5837
      vertex 49.3 119.916 2.5837
    endloop
  endfacet
  facet normal -0.198581 -0.741312 0.64111
    outer loop
      vertex 50.1948 119.759 2.5837
      vertex 49.8263 120.285 3.07777
      vertex 49.7543 119.877 2.5837
    endloop
  endfacet
  facet normal 0.0756601 -0.86386 0.498018
    outer loop
      vertex 5.1 120.331 3.07777
      vertex 5.1 120.653 3.63631
      vertex 4.5177 120.602 3.63631
    endloop
  endfacet
  facet normal -0.454504 0.211886 0.865177
    outer loop
      vertex 51.1379 4.03888 2.16914
      vertex 51.2942 4.37415 2.16914
      vertex 50.7694 4.56519 1.84666
    endloop
  endfacet
  facet normal -0.710088 0.497162 0.498603
    outer loop
      vertex 52.2041 3.42333 3.63631
      vertex 51.9248 3.58457 3.07777
      vertex 51.6218 3.1518 3.07777
    endloop
  endfacet
  facet normal -0.785664 0.366315 0.498544
    outer loop
      vertex 52.2041 3.42333 3.63631
      vertex 52.4511 3.95309 3.63631
      vertex 52.1481 4.06338 3.07777
    endloop
  endfacet
  facet normal -0.837346 0.224301 0.498539
    outer loop
      vertex 52.4511 3.95309 3.63631
      vertex 52.2848 4.5737 3.07777
      vertex 52.1481 4.06338 3.07777
    endloop
  endfacet
  facet normal -0.158 0.0734957 0.9847
    outer loop
      vertex 50.1999 4.77247 1.62607
      vertex 49.603 4.98971 1.51408
      vertex 49.5793 4.93876 1.51408
    endloop
  endfacet
  facet normal -0.196773 0.281163 0.93927
    outer loop
      vertex 50.0818 3.74581 1.84666
      vertex 49.9156 4.36641 1.62607
      vertex 49.7788 4.27067 1.62607
    endloop
  endfacet
  facet normal -0.145032 0.311032 0.939268
    outer loop
      vertex 50.0818 3.74581 1.84666
      vertex 49.7788 4.27067 1.62607
      vertex 49.6275 4.20012 1.62607
    endloop
  endfacet
  facet normal 0.168366 -0.0448975 0.984702
    outer loop
      vertex 4.79697 117.41 1.51408
      vertex 4.20012 117.628 1.62607
      vertex 4.15692 117.466 1.62607
    endloop
  endfacet
  facet normal 0.341829 -0.0299615 0.939284
    outer loop
      vertex 4.14237 117.3 1.62607
      vertex 4.15692 117.466 1.62607
      vertex 3.56007 117.572 1.84666
    endloop
  endfacet
  facet normal 0.341871 -0.0298634 0.939272
    outer loop
      vertex 4.14237 117.3 1.62607
      vertex 3.56007 117.572 1.84666
      vertex 3.53631 117.3 1.84666
    endloop
  endfacet
  facet normal 0.331465 -0.0883906 0.939318
    outer loop
      vertex 4.15692 117.466 1.62607
      vertex 4.20012 117.628 1.62607
      vertex 3.56007 117.572 1.84666
    endloop
  endfacet
  facet normal 0.144925 -0.311312 0.939192
    outer loop
      vertex 4.77247 118.2 1.62607
      vertex 4.56519 118.769 1.84666
      vertex 4.31816 118.654 1.84666
    endloop
  endfacet
  facet normal 0.0894074 -0.331538 0.939196
    outer loop
      vertex 4.77247 118.2 1.62607
      vertex 4.82847 118.84 1.84666
      vertex 4.56519 118.769 1.84666
    endloop
  endfacet
  facet normal 0.0308398 -0.34189 0.939234
    outer loop
      vertex 5.1 118.258 1.62607
      vertex 5.1 118.864 1.84666
      vertex 4.93371 118.243 1.62607
    endloop
  endfacet
  facet normal 0.012386 -0.173404 0.984773
    outer loop
      vertex 5.1 117.622 1.51408
      vertex 5.1 118.258 1.62607
      vertex 5.044 117.618 1.51408
    endloop
  endfacet
  facet normal 0.0441497 -0.499498 0.865189
    outer loop
      vertex 4.82847 118.84 1.84666
      vertex 5.1 118.864 1.84666
      vertex 4.73148 119.39 2.16914
    endloop
  endfacet
  facet normal 0.0434081 -0.499899 0.864995
    outer loop
      vertex 5.1 118.864 1.84666
      vertex 5.1 119.422 2.16914
      vertex 4.73148 119.39 2.16914
    endloop
  endfacet
  facet normal -0.199044 -0.741403 0.640861
    outer loop
      vertex 50.1948 119.759 2.5837
      vertex 50.3366 120.148 3.07777
      vertex 49.8263 120.285 3.07777
    endloop
  endfacet
  facet normal -0.130574 -0.484229 0.865143
    outer loop
      vertex 49.8348 118.769 1.84666
      vertex 49.6685 119.39 2.16914
      vertex 49.5715 118.84 1.84666
    endloop
  endfacet
  facet normal 0.583782 -0.272427 0.764841
    outer loop
      vertex 3.26209 118.361 2.16914
      vertex 2.83422 118.608 2.5837
      vertex 2.64149 118.195 2.5837
    endloop
  endfacet
  facet normal 0.484323 -0.129902 0.865192
    outer loop
      vertex 3.56007 117.572 1.84666
      vertex 3.63061 117.835 1.84666
      vertex 3.01001 117.669 2.16914
    endloop
  endfacet
  facet normal 0.622275 0.166727 0.764837
    outer loop
      vertex 3.10575 4.37415 2.16914
      vertex 3.01001 4.73148 2.16914
      vertex 2.64149 4.20517 2.5837
    endloop
  endfacet
  facet normal 0.583863 0.272262 0.764838
    outer loop
      vertex 3.26209 4.03888 2.16914
      vertex 3.10575 4.37415 2.16914
      vertex 2.64149 4.20517 2.5837
    endloop
  endfacet
  facet normal 0.764334 0.0668742 0.641343
    outer loop
      vertex 2.52345 4.64568 2.5837
      vertex 2.4837 5.1 2.5837
      vertex 2.11518 4.5737 3.07777
    endloop
  endfacet
  facet normal 0.454443 0.211925 0.865199
    outer loop
      vertex 3.74581 4.31816 1.84666
      vertex 3.63061 4.56519 1.84666
      vertex 3.26209 4.03888 2.16914
    endloop
  endfacet
  facet normal 0.287614 0.410743 0.865199
    outer loop
      vertex 4.03888 3.26209 2.16914
      vertex 4.31816 3.74581 1.84666
      vertex 3.73585 3.47428 2.16914
    endloop
  endfacet
  facet normal 0.369515 0.527707 0.764843
    outer loop
      vertex 4.03888 3.26209 2.16914
      vertex 3.73585 3.47428 2.16914
      vertex 3.41828 3.0958 2.5837
    endloop
  endfacet
  facet normal 0.145041 0.311021 0.93927
    outer loop
      vertex 4.56519 3.63061 1.84666
      vertex 4.77247 4.20012 1.62607
      vertex 4.31816 3.74581 1.84666
    endloop
  endfacet
  facet normal 0.145038 0.311024 0.93927
    outer loop
      vertex 4.77247 4.20012 1.62607
      vertex 4.62118 4.27067 1.62607
      vertex 4.31816 3.74581 1.84666
    endloop
  endfacet
  facet normal 0.196838 0.281117 0.93927
    outer loop
      vertex 4.31816 3.74581 1.84666
      vertex 4.48445 4.36641 1.62607
      vertex 4.09488 3.90215 1.84666
    endloop
  endfacet
  facet normal 0.641763 0.05615 0.764845
    outer loop
      vertex 2.52345 4.64568 2.5837
      vertex 3.01001 4.73148 2.16914
      vertex 2.4837 5.1 2.5837
    endloop
  endfacet
  facet normal 0.641761 0.0561445 0.764847
    outer loop
      vertex 3.01001 4.73148 2.16914
      vertex 2.97777 5.1 2.16914
      vertex 2.4837 5.1 2.5837
    endloop
  endfacet
  facet normal 0.157954 0.0736574 0.984696
    outer loop
      vertex 4.27067 4.62118 1.62607
      vertex 4.82073 4.93876 1.51408
      vertex 4.20012 4.77247 1.62607
    endloop
  endfacet
  facet normal 0.168347 0.045104 0.984695
    outer loop
      vertex 4.20012 4.77247 1.62607
      vertex 4.79697 4.98971 1.51408
      vertex 4.15692 4.93371 1.62607
    endloop
  endfacet
  facet normal 0.0151919 0.173622 0.984695
    outer loop
      vertex 5.1 4.14237 1.62607
      vertex 5.1 4.77752 1.51408
      vertex 5.044 4.78242 1.51408
    endloop
  endfacet
  facet normal 0.045104 0.168347 0.984695
    outer loop
      vertex 4.93371 4.15692 1.62607
      vertex 4.98971 4.79697 1.51408
      vertex 4.77247 4.20012 1.62607
    endloop
  endfacet
  facet normal 0.0888128 0.331485 0.939271
    outer loop
      vertex 4.82847 3.56007 1.84666
      vertex 4.93371 4.15692 1.62607
      vertex 4.77247 4.20012 1.62607
    endloop
  endfacet
  facet normal 0.0999654 0.142764 0.984695
    outer loop
      vertex 4.62118 4.27067 1.62607
      vertex 4.93876 4.82073 1.51408
      vertex 4.48445 4.36641 1.62607
    endloop
  endfacet
  facet normal 0.0999695 0.14276 0.984696
    outer loop
      vertex 4.93876 4.82073 1.51408
      vertex 4.89272 4.85297 1.51408
      vertex 4.48445 4.36641 1.62607
    endloop
  endfacet
  facet normal -0.0151906 0.173622 0.984695
    outer loop
      vertex 49.4663 4.15692 1.62607
      vertex 49.356 4.78242 1.51408
      vertex 49.3 4.14237 1.62607
    endloop
  endfacet
  facet normal -0.0451149 0.168346 0.984695
    outer loop
      vertex 49.4663 4.15692 1.62607
      vertex 49.6275 4.20012 1.62607
      vertex 49.4103 4.79697 1.51408
    endloop
  endfacet
  facet normal 0.369473 -0.52812 0.764577
    outer loop
      vertex 3.73585 118.926 2.16914
      vertex 4.03888 119.138 2.16914
      vertex 3.41828 119.304 2.5837
    endloop
  endfacet
  facet normal 0.242685 -0.242767 0.939238
    outer loop
      vertex 4.36641 117.916 1.62607
      vertex 4.48445 118.034 1.62607
      vertex 4.09488 118.498 1.84666
    endloop
  endfacet
  facet normal 0.396967 -0.852211 0.340814
    outer loop
      vertex 3.42333 120.204 3.63631
      vertex 3.87765 120.658 4.24237
      vertex 3.31304 120.395 4.24237
    endloop
  endfacet
  facet normal 0.397321 -0.852165 0.340514
    outer loop
      vertex 3.95309 120.451 3.63631
      vertex 3.87765 120.658 4.24237
      vertex 3.42333 120.204 3.63631
    endloop
  endfacet
  facet normal 0.54195 -0.542758 0.641642
    outer loop
      vertex 3.1518 119.622 3.07777
      vertex 3.0958 118.982 2.5837
      vertex 3.41828 119.304 2.5837
    endloop
  endfacet
  facet normal 0.543006 -0.542397 0.641054
    outer loop
      vertex 3.0958 118.982 2.5837
      vertex 3.1518 119.622 3.07777
      vertex 2.77822 119.248 3.07777
    endloop
  endfacet
  facet normal 0.62879 -0.440037 0.641085
    outer loop
      vertex 3.0958 118.982 2.5837
      vertex 2.77822 119.248 3.07777
      vertex 2.4752 118.815 3.07777
    endloop
  endfacet
  facet normal 0.0668742 0.764334 0.641343
    outer loop
      vertex 5.1 2.4837 2.5837
      vertex 4.64568 2.52345 2.5837
      vertex 4.5737 2.11518 3.07777
    endloop
  endfacet
  facet normal 0.198589 0.74111 0.641341
    outer loop
      vertex 4.5737 2.11518 3.07777
      vertex 4.64568 2.52345 2.5837
      vertex 4.20517 2.64149 2.5837
    endloop
  endfacet
  facet normal 0 0.766055 0.642775
    outer loop
      vertex 49.3 2.4837 2.5837
      vertex 5.1 2.06914 3.07777
      vertex 49.3 2.06914 3.07777
    endloop
  endfacet
  facet normal 0 0.766055 0.642775
    outer loop
      vertex 5.1 2.06914 3.07777
      vertex 49.3 2.4837 2.5837
      vertex 5.1 2.4837 2.5837
    endloop
  endfacet
  facet normal 0.324266 0.695369 0.641337
    outer loop
      vertex 4.06338 2.25192 3.07777
      vertex 3.79185 2.83422 2.5837
      vertex 3.58457 2.4752 3.07777
    endloop
  endfacet
  facet normal 0.324249 0.695369 0.641346
    outer loop
      vertex 4.06338 2.25192 3.07777
      vertex 4.20517 2.64149 2.5837
      vertex 3.79185 2.83422 2.5837
    endloop
  endfacet
  facet normal 0.173622 0.0151915 0.984695
    outer loop
      vertex 4.15692 4.93371 1.62607
      vertex 4.78242 5.044 1.51408
      vertex 4.14237 5.1 1.62607
    endloop
  endfacet
  facet normal 0.168345 0.0451174 0.984695
    outer loop
      vertex 4.79697 4.98971 1.51408
      vertex 4.78242 5.044 1.51408
      vertex 4.15692 4.93371 1.62607
    endloop
  endfacet
  facet normal 0.354567 0.354567 0.865196
    outer loop
      vertex 3.90215 4.09488 1.84666
      vertex 3.73585 3.47428 2.16914
      vertex 4.09488 3.90215 1.84666
    endloop
  endfacet
  facet normal 0.354567 0.354567 0.865196
    outer loop
      vertex 3.73585 3.47428 2.16914
      vertex 3.90215 4.09488 1.84666
      vertex 3.47428 3.73585 2.16914
    endloop
  endfacet
  facet normal 0.331486 0.0888141 0.939271
    outer loop
      vertex 3.63061 4.56519 1.84666
      vertex 4.20012 4.77247 1.62607
      vertex 3.56007 4.82847 1.84666
    endloop
  endfacet
  facet normal 0.863552 0.0755589 0.498567
    outer loop
      vertex 1.79761 4.5177 3.63631
      vertex 2.11518 4.5737 3.07777
      vertex 1.74666 5.1 3.63631
    endloop
  endfacet
  facet normal 0.837316 0.224348 0.498568
    outer loop
      vertex 1.94889 3.95309 3.63631
      vertex 2.11518 4.5737 3.07777
      vertex 1.79761 4.5177 3.63631
    endloop
  endfacet
  facet normal -0.0894005 -0.331537 0.939197
    outer loop
      vertex 49.6275 118.2 1.62607
      vertex 49.8348 118.769 1.84666
      vertex 49.5715 118.84 1.84666
    endloop
  endfacet
  facet normal -0.167014 -0.621604 0.76532
    outer loop
      vertex 50.0258 119.294 2.16914
      vertex 50.1948 119.759 2.5837
      vertex 49.6685 119.39 2.16914
    endloop
  endfacet
  facet normal -0.837475 -0.224037 0.498441
    outer loop
      vertex 52.2848 117.826 3.07777
      vertex 52.4511 118.447 3.63631
      vertex 52.1481 118.337 3.07777
    endloop
  endfacet
  facet normal -0.583781 -0.272373 0.764861
    outer loop
      vertex 51.2942 118.026 2.16914
      vertex 51.7585 118.195 2.5837
      vertex 51.1379 118.361 2.16914
    endloop
  endfacet
  facet normal -0.281027 -0.196971 0.939269
    outer loop
      vertex 50.6542 118.082 1.84666
      vertex 50.4979 118.305 1.84666
      vertex 50.1293 117.779 1.62607
    endloop
  endfacet
  facet normal -0.310841 -0.145334 0.939285
    outer loop
      vertex 50.1999 117.628 1.62607
      vertex 50.6542 118.082 1.84666
      vertex 50.1293 117.779 1.62607
    endloop
  endfacet
  facet normal -0.695078 -0.324709 0.641429
    outer loop
      vertex 52.1481 118.337 3.07777
      vertex 51.9248 118.815 3.07777
      vertex 51.7585 118.195 2.5837
    endloop
  endfacet
  facet normal -0.454515 -0.211984 0.865147
    outer loop
      vertex 50.7694 117.835 1.84666
      vertex 51.1379 118.361 2.16914
      vertex 50.6542 118.082 1.84666
    endloop
  endfacet
  facet normal -0.19588 -0.282068 0.939185
    outer loop
      vertex 49.9156 118.034 1.62607
      vertex 50.3051 118.498 1.84666
      vertex 49.7788 118.129 1.62607
    endloop
  endfacet
  facet normal -0.242913 -0.242661 0.939207
    outer loop
      vertex 50.3051 118.498 1.84666
      vertex 50.0336 117.916 1.62607
      vertex 50.4979 118.305 1.84666
    endloop
  endfacet
  facet normal -0.242747 -0.242747 0.939227
    outer loop
      vertex 50.0336 117.916 1.62607
      vertex 50.3051 118.498 1.84666
      vertex 49.9156 118.034 1.62607
    endloop
  endfacet
  facet normal -0.440034 -0.628538 0.641335
    outer loop
      vertex 51.2482 119.622 3.07777
      vertex 50.8154 119.925 3.07777
      vertex 50.6081 119.566 2.5837
    endloop
  endfacet
  facet normal -0.166608 -0.621958 0.765121
    outer loop
      vertex 50.1948 119.759 2.5837
      vertex 49.7543 119.877 2.5837
      vertex 49.6685 119.39 2.16914
    endloop
  endfacet
  facet normal 0.166605 -0.621959 0.765121
    outer loop
      vertex 4.73148 119.39 2.16914
      vertex 4.64568 119.877 2.5837
      vertex 4.20517 119.759 2.5837
    endloop
  endfacet
  facet normal 0.198578 -0.741317 0.641105
    outer loop
      vertex 4.64568 119.877 2.5837
      vertex 4.5737 120.285 3.07777
      vertex 4.20517 119.759 2.5837
    endloop
  endfacet
  facet normal 0.0655898 -0.76407 0.64179
    outer loop
      vertex 5.1 119.916 2.5837
      vertex 5.1 120.331 3.07777
      vertex 4.64568 119.877 2.5837
    endloop
  endfacet
  facet normal 0.0668235 -0.764548 0.641094
    outer loop
      vertex 4.64568 119.877 2.5837
      vertex 5.1 120.331 3.07777
      vertex 4.5737 120.285 3.07777
    endloop
  endfacet
  facet normal -0.622316 0.166701 0.76481
    outer loop
      vertex 51.7585 4.20517 2.5837
      vertex 51.8765 4.64568 2.5837
      vertex 51.39 4.73148 2.16914
    endloop
  endfacet
  facet normal -0.741103 0.19852 0.64137
    outer loop
      vertex 52.2848 4.5737 3.07777
      vertex 51.8765 4.64568 2.5837
      vertex 51.7585 4.20517 2.5837
    endloop
  endfacet
  facet normal -0.69541 0.324217 0.641318
    outer loop
      vertex 51.9248 3.58457 3.07777
      vertex 51.7585 4.20517 2.5837
      vertex 51.5658 3.79185 2.5837
    endloop
  endfacet
  facet normal -0.695333 0.324279 0.641369
    outer loop
      vertex 51.9248 3.58457 3.07777
      vertex 52.1481 4.06338 3.07777
      vertex 51.7585 4.20517 2.5837
    endloop
  endfacet
  facet normal -0.628506 0.440043 0.641359
    outer loop
      vertex 51.6218 3.1518 3.07777
      vertex 51.9248 3.58457 3.07777
      vertex 51.3042 3.41828 2.5837
    endloop
  endfacet
  facet normal -0.484412 0.129714 0.86517
    outer loop
      vertex 51.2942 4.37415 2.16914
      vertex 50.8399 4.82847 1.84666
      vertex 50.7694 4.56519 1.84666
    endloop
  endfacet
  facet normal -0.48431 0.129843 0.865208
    outer loop
      vertex 51.2942 4.37415 2.16914
      vertex 51.39 4.73148 2.16914
      vertex 50.8399 4.82847 1.84666
    endloop
  endfacet
  facet normal -0.0737156 0.157918 0.984697
    outer loop
      vertex 49.7788 4.27067 1.62607
      vertex 49.4612 4.82073 1.51408
      vertex 49.4103 4.79697 1.51408
    endloop
  endfacet
  facet normal 0.173624 -0.0152183 0.984694
    outer loop
      vertex 4.78242 117.356 1.51408
      vertex 4.15692 117.466 1.62607
      vertex 4.14237 117.3 1.62607
    endloop
  endfacet
  facet normal 0.168323 -0.0453538 0.984688
    outer loop
      vertex 4.78242 117.356 1.51408
      vertex 4.79697 117.41 1.51408
      vertex 4.15692 117.466 1.62607
    endloop
  endfacet
  facet normal 0.123493 -0.122721 0.984728
    outer loop
      vertex 4.85297 117.507 1.51408
      vertex 4.89272 117.547 1.51408
      vertex 4.36641 117.916 1.62607
    endloop
  endfacet
  facet normal 0.281123 -0.197089 0.939216
    outer loop
      vertex 4.36641 117.916 1.62607
      vertex 3.90215 118.305 1.84666
      vertex 3.74581 118.082 1.84666
    endloop
  endfacet
  facet normal 0.622452 -0.166608 0.764719
    outer loop
      vertex 3.01001 117.669 2.16914
      vertex 2.64149 118.195 2.5837
      vertex 2.52345 117.754 2.5837
    endloop
  endfacet
  facet normal 0.583783 -0.272444 0.764835
    outer loop
      vertex 3.10575 118.026 2.16914
      vertex 3.26209 118.361 2.16914
      vertex 2.64149 118.195 2.5837
    endloop
  endfacet
  facet normal 0.0994477 -0.14308 0.984702
    outer loop
      vertex 4.89272 117.547 1.51408
      vertex 4.93876 117.579 1.51408
      vertex 4.62118 118.129 1.62607
    endloop
  endfacet
  facet normal 0.145742 -0.310554 0.939316
    outer loop
      vertex 4.62118 118.129 1.62607
      vertex 4.77247 118.2 1.62607
      vertex 4.31816 118.654 1.84666
    endloop
  endfacet
  facet normal 0.0740337 -0.157754 0.984699
    outer loop
      vertex 4.93876 117.579 1.51408
      vertex 4.77247 118.2 1.62607
      vertex 4.62118 118.129 1.62607
    endloop
  endfacet
  facet normal 0.785621 0.366353 0.498584
    outer loop
      vertex 2.4752 3.58457 3.07777
      vertex 2.25192 4.06338 3.07777
      vertex 2.19592 3.42333 3.63631
    endloop
  endfacet
  facet normal 0.785631 0.366344 0.498574
    outer loop
      vertex 2.19592 3.42333 3.63631
      vertex 2.25192 4.06338 3.07777
      vertex 1.94889 3.95309 3.63631
    endloop
  endfacet
  facet normal 0.455531 0.455531 0.764841
    outer loop
      vertex 3.47428 3.73585 2.16914
      vertex 3.41828 3.0958 2.5837
      vertex 3.73585 3.47428 2.16914
    endloop
  endfacet
  facet normal 0.455531 0.455531 0.764841
    outer loop
      vertex 3.41828 3.0958 2.5837
      vertex 3.47428 3.73585 2.16914
      vertex 3.0958 3.41828 2.5837
    endloop
  endfacet
  facet normal 0.542529 0.542529 0.641346
    outer loop
      vertex 3.0958 3.41828 2.5837
      vertex 3.1518 2.77822 3.07777
      vertex 3.41828 3.0958 2.5837
    endloop
  endfacet
  facet normal 0.542529 0.542529 0.641346
    outer loop
      vertex 3.1518 2.77822 3.07777
      vertex 3.0958 3.41828 2.5837
      vertex 2.77822 3.1518 3.07777
    endloop
  endfacet
  facet normal 0.695369 0.324249 0.641346
    outer loop
      vertex 2.83422 3.79185 2.5837
      vertex 2.64149 4.20517 2.5837
      vertex 2.25192 4.06338 3.07777
    endloop
  endfacet
  facet normal 0.48435 0.129773 0.865196
    outer loop
      vertex 3.10575 4.37415 2.16914
      vertex 3.56007 4.82847 1.84666
      vertex 3.01001 4.73148 2.16914
    endloop
  endfacet
  facet normal 0.14276 0.0999695 0.984696
    outer loop
      vertex 4.85297 4.89272 1.51408
      vertex 4.82073 4.93876 1.51408
      vertex 4.36641 4.48445 1.62607
    endloop
  endfacet
  facet normal -0.0151919 0.173622 0.984695
    outer loop
      vertex 49.356 4.78242 1.51408
      vertex 49.3 4.77752 1.51408
      vertex 49.3 4.14237 1.62607
    endloop
  endfacet
  facet normal 0.28741 -0.410819 0.86523
    outer loop
      vertex 4.09488 118.498 1.84666
      vertex 4.03888 119.138 2.16914
      vertex 3.73585 118.926 2.16914
    endloop
  endfacet
  facet normal 0.287077 -0.410888 0.865308
    outer loop
      vertex 4.09488 118.498 1.84666
      vertex 4.31816 118.654 1.84666
      vertex 4.03888 119.138 2.16914
    endloop
  endfacet
  facet normal 0.456108 -0.45536 0.7646
    outer loop
      vertex 3.41828 119.304 2.5837
      vertex 3.47428 118.664 2.16914
      vertex 3.73585 118.926 2.16914
    endloop
  endfacet
  facet normal 0.455045 -0.455723 0.765017
    outer loop
      vertex 3.47428 118.664 2.16914
      vertex 3.41828 119.304 2.5837
      vertex 3.0958 118.982 2.5837
    endloop
  endfacet
  facet normal 0.354787 -0.354291 0.865219
    outer loop
      vertex 3.73585 118.926 2.16914
      vertex 3.90215 118.305 1.84666
      vertex 4.09488 118.498 1.84666
    endloop
  endfacet
  facet normal 0.354849 -0.354267 0.865204
    outer loop
      vertex 3.90215 118.305 1.84666
      vertex 3.73585 118.926 2.16914
      vertex 3.47428 118.664 2.16914
    endloop
  endfacet
  facet normal 0.4399 -0.628301 0.641659
    outer loop
      vertex 3.41828 119.304 2.5837
      vertex 3.58457 119.925 3.07777
      vertex 3.1518 119.622 3.07777
    endloop
  endfacet
  facet normal 0.497256 -0.710223 0.498317
    outer loop
      vertex 3.58457 119.925 3.07777
      vertex 3.42333 120.204 3.63631
      vertex 3.1518 119.622 3.07777
    endloop
  endfacet
  facet normal 0.769738 -0.539895 0.340612
    outer loop
      vertex 2.19592 118.977 3.63631
      vertex 2.53119 119.455 3.63631
      vertex 2.00489 119.087 4.24237
    endloop
  endfacet
  facet normal 0.76989 -0.539406 0.341042
    outer loop
      vertex 2.53119 119.455 3.63631
      vertex 2.36221 119.597 4.24237
      vertex 2.00489 119.087 4.24237
    endloop
  endfacet
  facet normal 0.497192 0.710085 0.498577
    outer loop
      vertex 3.58457 2.4752 3.07777
      vertex 3.1518 2.77822 3.07777
      vertex 2.94451 2.53119 3.63631
    endloop
  endfacet
  facet normal 0.440069 0.628502 0.641345
    outer loop
      vertex 3.58457 2.4752 3.07777
      vertex 3.41828 3.0958 2.5837
      vertex 3.1518 2.77822 3.07777
    endloop
  endfacet
  facet normal -0.0441544 -0.499497 0.86519
    outer loop
      vertex 49.5715 118.84 1.84666
      vertex 49.6685 119.39 2.16914
      vertex 49.3 118.864 1.84666
    endloop
  endfacet
  facet normal -0.0557355 -0.641829 0.76482
    outer loop
      vertex 49.6685 119.39 2.16914
      vertex 49.3 119.916 2.5837
      vertex 49.3 119.422 2.16914
    endloop
  endfacet
  facet normal -0.837326 -0.224226 0.498606
    outer loop
      vertex 52.6024 117.882 3.63631
      vertex 52.4511 118.447 3.63631
      vertex 52.2848 117.826 3.07777
    endloop
  endfacet
  facet normal -0.863518 -0.075681 0.498606
    outer loop
      vertex 52.3309 117.3 3.07777
      vertex 52.6024 117.882 3.63631
      vertex 52.2848 117.826 3.07777
    endloop
  endfacet
  facet normal -0.641847 -0.0562676 0.764766
    outer loop
      vertex 51.9163 117.3 2.5837
      vertex 51.8765 117.754 2.5837
      vertex 51.39 117.669 2.16914
    endloop
  endfacet
  facet normal -0.641743 -0.0560004 0.764872
    outer loop
      vertex 51.4222 117.3 2.16914
      vertex 51.9163 117.3 2.5837
      vertex 51.39 117.669 2.16914
    endloop
  endfacet
  facet normal -0.410766 -0.287671 0.865169
    outer loop
      vertex 51.1379 118.361 2.16914
      vertex 50.9257 118.664 2.16914
      vertex 50.4979 118.305 1.84666
    endloop
  endfacet
  facet normal -0.695388 -0.324458 0.641219
    outer loop
      vertex 51.7585 118.195 2.5837
      vertex 51.9248 118.815 3.07777
      vertex 51.5658 118.608 2.5837
    endloop
  endfacet
  facet normal -0.583782 -0.272384 0.764857
    outer loop
      vertex 51.7585 118.195 2.5837
      vertex 51.5658 118.608 2.5837
      vertex 51.1379 118.361 2.16914
    endloop
  endfacet
  facet normal -0.366348 -0.785794 0.498314
    outer loop
      vertex 50.8154 119.925 3.07777
      vertex 50.9767 120.204 3.63631
      vertex 50.4469 120.451 3.63631
    endloop
  endfacet
  facet normal -0.369272 -0.527781 0.764909
    outer loop
      vertex 50.6641 118.926 2.16914
      vertex 50.6081 119.566 2.5837
      vertex 50.3611 119.138 2.16914
    endloop
  endfacet
  facet normal 0 -0.866343 0.499449
    outer loop
      vertex 5.1 120.331 3.07777
      vertex 49.3 120.653 3.63631
      vertex 5.1 120.653 3.63631
    endloop
  endfacet
  facet normal 0 -0.866343 0.499449
    outer loop
      vertex 49.3 120.653 3.63631
      vertex 5.1 120.331 3.07777
      vertex 49.3 120.331 3.07777
    endloop
  endfacet
  facet normal -0.0756601 -0.86386 0.498018
    outer loop
      vertex 49.8823 120.602 3.63631
      vertex 49.3 120.653 3.63631
      vertex 49.3 120.331 3.07777
    endloop
  endfacet
  facet normal -0.410789 0.287559 0.865195
    outer loop
      vertex 51.1379 4.03888 2.16914
      vertex 50.6542 4.31816 1.84666
      vertex 50.4979 4.09488 1.84666
    endloop
  endfacet
  facet normal -0.454454 0.21193 0.865192
    outer loop
      vertex 51.1379 4.03888 2.16914
      vertex 50.7694 4.56519 1.84666
      vertex 50.6542 4.31816 1.84666
    endloop
  endfacet
  facet normal 0.157942 -0.0735825 0.984703
    outer loop
      vertex 4.79697 117.41 1.51408
      vertex 4.82073 117.461 1.51408
      vertex 4.27067 117.779 1.62607
    endloop
  endfacet
  facet normal 0.142793 -0.0997885 0.984709
    outer loop
      vertex 4.82073 117.461 1.51408
      vertex 4.36641 117.916 1.62607
      vertex 4.27067 117.779 1.62607
    endloop
  endfacet
  facet normal 0.622225 -0.166868 0.764847
    outer loop
      vertex 3.01001 117.669 2.16914
      vertex 3.10575 118.026 2.16914
      vertex 2.64149 118.195 2.5837
    endloop
  endfacet
  facet normal 0.33149 -0.08891 0.93926
    outer loop
      vertex 4.20012 117.628 1.62607
      vertex 3.63061 117.835 1.84666
      vertex 3.56007 117.572 1.84666
    endloop
  endfacet
  facet normal 0.0449383 -0.168508 0.984675
    outer loop
      vertex 5.044 117.618 1.51408
      vertex 4.93371 118.243 1.62607
      vertex 4.77247 118.2 1.62607
    endloop
  endfacet
  facet normal 0.0884024 -0.331488 0.939308
    outer loop
      vertex 4.93371 118.243 1.62607
      vertex 4.82847 118.84 1.84666
      vertex 4.77247 118.2 1.62607
    endloop
  endfacet
  facet normal 0.0742786 -0.157687 0.984692
    outer loop
      vertex 4.93876 117.579 1.51408
      vertex 4.98971 117.603 1.51408
      vertex 4.77247 118.2 1.62607
    endloop
  endfacet
  facet normal 0.046375 -0.167847 0.984722
    outer loop
      vertex 4.98971 117.603 1.51408
      vertex 5.044 117.618 1.51408
      vertex 4.77247 118.2 1.62607
    endloop
  endfacet
  facet normal 0.741108 0.19858 0.641346
    outer loop
      vertex 2.25192 4.06338 3.07777
      vertex 2.64149 4.20517 2.5837
      vertex 2.11518 4.5737 3.07777
    endloop
  endfacet
  facet normal 0.74111 0.198589 0.641341
    outer loop
      vertex 2.64149 4.20517 2.5837
      vertex 2.52345 4.64568 2.5837
      vertex 2.11518 4.5737 3.07777
    endloop
  endfacet
  facet normal 0.527711 0.369512 0.764841
    outer loop
      vertex 3.0958 3.41828 2.5837
      vertex 3.26209 4.03888 2.16914
      vertex 2.83422 3.79185 2.5837
    endloop
  endfacet
  facet normal 0.583863 0.272254 0.764841
    outer loop
      vertex 2.83422 3.79185 2.5837
      vertex 3.26209 4.03888 2.16914
      vertex 2.64149 4.20517 2.5837
    endloop
  endfacet
  facet normal 0.157953 0.0736597 0.984695
    outer loop
      vertex 4.82073 4.93876 1.51408
      vertex 4.79697 4.98971 1.51408
      vertex 4.20012 4.77247 1.62607
    endloop
  endfacet
  facet normal 0.099421 -0.143093 0.984703
    outer loop
      vertex 4.89272 117.547 1.51408
      vertex 4.62118 118.129 1.62607
      vertex 4.48445 118.034 1.62607
    endloop
  endfacet
  facet normal 0.123155 -0.123197 0.984711
    outer loop
      vertex 4.89272 117.547 1.51408
      vertex 4.48445 118.034 1.62607
      vertex 4.36641 117.916 1.62607
    endloop
  endfacet
  facet normal 0.527704 -0.369549 0.764828
    outer loop
      vertex 3.26209 118.361 2.16914
      vertex 3.47428 118.664 2.16914
      vertex 2.83422 118.608 2.5837
    endloop
  endfacet
  facet normal 0.454504 -0.211979 0.865154
    outer loop
      vertex 3.63061 117.835 1.84666
      vertex 3.74581 118.082 1.84666
      vertex 3.26209 118.361 2.16914
    endloop
  endfacet
  facet normal 0.613313 -0.612625 0.498536
    outer loop
      vertex 3.1518 119.622 3.07777
      vertex 2.94451 119.869 3.63631
      vertex 2.77822 119.248 3.07777
    endloop
  endfacet
  facet normal -0.0434105 -0.499899 0.864995
    outer loop
      vertex 49.6685 119.39 2.16914
      vertex 49.3 119.422 2.16914
      vertex 49.3 118.864 1.84666
    endloop
  endfacet
  facet normal -0.211578 -0.454432 0.86529
    outer loop
      vertex 50.0818 118.654 1.84666
      vertex 50.3611 119.138 2.16914
      vertex 49.8348 118.769 1.84666
    endloop
  endfacet
  facet normal -0.144938 -0.311302 0.939193
    outer loop
      vertex 50.0818 118.654 1.84666
      vertex 49.8348 118.769 1.84666
      vertex 49.6275 118.2 1.62607
    endloop
  endfacet
  facet normal -0.484312 -0.129825 0.86521
    outer loop
      vertex 50.8399 117.572 1.84666
      vertex 51.39 117.669 2.16914
      vertex 50.7694 117.835 1.84666
    endloop
  endfacet
  facet normal -0.499498 -0.0437061 0.865212
    outer loop
      vertex 50.8637 117.3 1.84666
      vertex 51.39 117.669 2.16914
      vertex 50.8399 117.572 1.84666
    endloop
  endfacet
  facet normal -0.628889 -0.439886 0.641093
    outer loop
      vertex 51.5658 118.608 2.5837
      vertex 51.6218 119.248 3.07777
      vertex 51.3042 118.982 2.5837
    endloop
  endfacet
  facet normal -0.628736 -0.43997 0.641184
    outer loop
      vertex 51.9248 118.815 3.07777
      vertex 51.6218 119.248 3.07777
      vertex 51.5658 118.608 2.5837
    endloop
  endfacet
  facet normal -0.497219 -0.71022 0.498358
    outer loop
      vertex 51.2482 119.622 3.07777
      vertex 50.9767 120.204 3.63631
      vertex 50.8154 119.925 3.07777
    endloop
  endfacet
  facet normal -0.440364 -0.627939 0.641694
    outer loop
      vertex 50.9817 119.304 2.5837
      vertex 51.2482 119.622 3.07777
      vertex 50.6081 119.566 2.5837
    endloop
  endfacet
  facet normal -0.271524 -0.583602 0.765299
    outer loop
      vertex 50.3611 119.138 2.16914
      vertex 50.1948 119.759 2.5837
      vertex 50.0258 119.294 2.16914
    endloop
  endfacet
  facet normal -0.211479 -0.454543 0.865256
    outer loop
      vertex 50.3611 119.138 2.16914
      vertex 50.0258 119.294 2.16914
      vertex 49.8348 118.769 1.84666
    endloop
  endfacet
  facet normal 0.310904 -0.14526 0.939275
    outer loop
      vertex 4.20012 117.628 1.62607
      vertex 4.27067 117.779 1.62607
      vertex 3.74581 118.082 1.84666
    endloop
  endfacet
  facet normal 0.157832 -0.0737419 0.984709
    outer loop
      vertex 4.79697 117.41 1.51408
      vertex 4.27067 117.779 1.62607
      vertex 4.20012 117.628 1.62607
    endloop
  endfacet
  facet normal 0.41082 -0.287696 0.865135
    outer loop
      vertex 3.74581 118.082 1.84666
      vertex 3.47428 118.664 2.16914
      vertex 3.26209 118.361 2.16914
    endloop
  endfacet
  facet normal 0.410576 -0.287845 0.865201
    outer loop
      vertex 3.74581 118.082 1.84666
      vertex 3.90215 118.305 1.84666
      vertex 3.47428 118.664 2.16914
    endloop
  endfacet
  facet normal 0.142623 -0.0999602 0.984717
    outer loop
      vertex 4.82073 117.461 1.51408
      vertex 4.85297 117.507 1.51408
      vertex 4.36641 117.916 1.62607
    endloop
  endfacet
  facet normal 0.641764 -0.0560717 0.76485
    outer loop
      vertex 2.97777 117.3 2.16914
      vertex 3.01001 117.669 2.16914
      vertex 2.4837 117.3 2.5837
    endloop
  endfacet
  facet normal 0.641811 -0.0561938 0.764801
    outer loop
      vertex 3.01001 117.669 2.16914
      vertex 2.52345 117.754 2.5837
      vertex 2.4837 117.3 2.5837
    endloop
  endfacet
  facet normal 0.527707 0.369515 0.764843
    outer loop
      vertex 3.47428 3.73585 2.16914
      vertex 3.26209 4.03888 2.16914
      vertex 3.0958 3.41828 2.5837
    endloop
  endfacet
  facet normal -0.622166 -0.166956 0.764876
    outer loop
      vertex 51.39 117.669 2.16914
      vertex 51.7585 118.195 2.5837
      vertex 51.2942 118.026 2.16914
    endloop
  endfacet
  facet normal -0.484333 -0.129969 0.865176
    outer loop
      vertex 51.39 117.669 2.16914
      vertex 51.2942 118.026 2.16914
      vertex 50.7694 117.835 1.84666
    endloop
  endfacet
  facet normal -0.341863 -0.029913 0.939274
    outer loop
      vertex 50.8637 117.3 1.84666
      vertex 50.8399 117.572 1.84666
      vertex 50.2431 117.466 1.62607
    endloop
  endfacet
  facet normal -0.331488 -0.0883968 0.939309
    outer loop
      vertex 50.2431 117.466 1.62607
      vertex 50.8399 117.572 1.84666
      vertex 50.1999 117.628 1.62607
    endloop
  endfacet
  facet normal -0.324095 -0.695859 0.640892
    outer loop
      vertex 50.8154 119.925 3.07777
      vertex 50.3366 120.148 3.07777
      vertex 50.1948 119.759 2.5837
    endloop
  endfacet
  facet normal -0.365987 -0.785805 0.498563
    outer loop
      vertex 50.8154 119.925 3.07777
      vertex 50.4469 120.451 3.63631
      vertex 50.3366 120.148 3.07777
    endloop
  endfacet
  facet normal 1 -0 0
    outer loop
      vertex 13 0.0194063 35.9529
      vertex 13 1.41408 19.5
      vertex 13 1.41408 35.9529
    endloop
  endfacet
  facet normal 1 0 0
    outer loop
      vertex 13 1.41408 19.5
      vertex 13 0.0194063 35.9529
      vertex 13 0.0194063 19.5
    endloop
  endfacet
  facet normal -1 0 0
    outer loop
      vertex 14.3 0.0194063 19.5
      vertex 14.3 1.41408 35.9529
      vertex 14.3 1.41408 19.5
    endloop
  endfacet
  facet normal -1 -0 0
    outer loop
      vertex 14.3 1.41408 35.9529
      vertex 14.3 0.0194063 19.5
      vertex 14.3 0.0194063 35.9529
    endloop
  endfacet
  facet normal -0 0 1
    outer loop
      vertex 13 1.41408 19.5
      vertex 14.3 0.0194063 19.5
      vertex 14.3 1.41408 19.5
    endloop
  endfacet
  facet normal 0 0 1
    outer loop
      vertex 14.3 0.0194063 19.5
      vertex 13 1.41408 19.5
      vertex 13 0.0194063 19.5
    endloop
  endfacet
  facet normal -0.707107 0 0.707107
    outer loop
      vertex 14.3 0.0194063 35.9529
      vertex 15.1471 1.41408 36.8
      vertex 14.3 1.41408 35.9529
    endloop
  endfacet
  facet normal -0.707107 0 0.707107
    outer loop
      vertex 15.1471 1.41408 36.8
      vertex 14.3 0.0194063 35.9529
      vertex 15.1471 0.0194063 36.8
    endloop
  endfacet
  facet normal 0.707107 -0 0.707107
    outer loop
      vertex 12.1529 0.0194063 36.8
      vertex 13 1.41408 35.9529
      vertex 12.1529 1.41408 36.8
    endloop
  endfacet
  facet normal 0.707107 0 0.707107
    outer loop
      vertex 13 1.41408 35.9529
      vertex 12.1529 0.0194063 36.8
      vertex 13 0.0194063 35.9529
    endloop
  endfacet
  facet normal 1 -0 0
    outer loop
      vertex 40.1 0.0194063 35.9529
      vertex 40.1 1.41408 19.5
      vertex 40.1 1.41408 35.9529
    endloop
  endfacet
  facet normal 1 0 0
    outer loop
      vertex 40.1 1.41408 19.5
      vertex 40.1 0.0194063 35.9529
      vertex 40.1 0.0194063 19.5
    endloop
  endfacet
  facet normal -1 0 0
    outer loop
      vertex 41.4 0.0194063 19.5
      vertex 41.4 1.41408 35.9529
      vertex 41.4 1.41408 19.5
    endloop
  endfacet
  facet normal -1 -0 0
    outer loop
      vertex 41.4 1.41408 35.9529
      vertex 41.4 0.0194063 19.5
      vertex 41.4 0.0194063 35.9529
    endloop
  endfacet
  facet normal -0 0 1
    outer loop
      vertex 40.1 1.41408 19.5
      vertex 41.4 0.0194063 19.5
      vertex 41.4 1.41408 19.5
    endloop
  endfacet
  facet normal 0 0 1
    outer loop
      vertex 41.4 0.0194063 19.5
      vertex 40.1 1.41408 19.5
      vertex 40.1 0.0194063 19.5
    endloop
  endfacet
  facet normal -0.707107 0 0.707107
    outer loop
      vertex 41.4 0.0194063 35.9529
      vertex 42.2471 1.41408 36.8
      vertex 41.4 1.41408 35.9529
    endloop
  endfacet
  facet normal -0.707107 0 0.707107
    outer loop
      vertex 42.2471 1.41408 36.8
      vertex 41.4 0.0194063 35.9529
      vertex 42.2471 0.0194063 36.8
    endloop
  endfacet
  facet normal 0.707107 -0 0.707107
    outer loop
      vertex 39.2529 0.0194063 36.8
      vertex 40.1 1.41408 35.9529
      vertex 39.2529 1.41408 36.8
    endloop
  endfacet
  facet normal 0.707107 0 0.707107
    outer loop
      vertex 40.1 1.41408 35.9529
      vertex 39.2529 0.0194063 36.8
      vertex 40.1 0.0194063 35.9529
    endloop
  endfacet
  facet normal -0.0871535 0 0.996195
    outer loop
      vertex 49.1 42.15 1
      vertex 49.7425 39.85 1.05621
      vertex 49.7425 42.15 1.05621
    endloop
  endfacet
  facet normal -0.0871535 0 0.996195
    outer loop
      vertex 49.7425 39.85 1.05621
      vertex 49.1 42.15 1
      vertex 49.1 39.85 1
    endloop
  endfacet
  facet normal -0.258816 0 0.965927
    outer loop
      vertex 49.7425 42.15 1.05621
      vertex 50.3655 39.85 1.22314
      vertex 50.3655 42.15 1.22314
    endloop
  endfacet
  facet normal -0.258816 0 0.965927
    outer loop
      vertex 50.3655 39.85 1.22314
      vertex 49.7425 42.15 1.05621
      vertex 49.7425 39.85 1.05621
    endloop
  endfacet
  facet normal -0.707068 0 0.707146
    outer loop
      vertex 51.4783 42.15 1.86564
      vertex 51.9344 39.85 2.32169
      vertex 51.9344 42.15 2.32169
    endloop
  endfacet
  facet normal -0.707068 0 0.707146
    outer loop
      vertex 51.9344 39.85 2.32169
      vertex 51.4783 42.15 1.86564
      vertex 51.4783 39.85 1.86564
    endloop
  endfacet
  facet normal -0.422635 0 0.9063
    outer loop
      vertex 50.3655 42.15 1.22314
      vertex 50.95 39.85 1.49571
      vertex 50.95 42.15 1.49571
    endloop
  endfacet
  facet normal -0.422635 0 0.9063
    outer loop
      vertex 50.95 39.85 1.49571
      vertex 50.3655 42.15 1.22314
      vertex 50.3655 39.85 1.22314
    endloop
  endfacet
  facet normal -0.819171 0 0.573549
    outer loop
      vertex 51.9344 39.85 2.32169
      vertex 52.3043 42.15 2.85
      vertex 51.9344 42.15 2.32169
    endloop
  endfacet
  facet normal -0.819171 0 0.573549
    outer loop
      vertex 52.3043 42.15 2.85
      vertex 51.9344 39.85 2.32169
      vertex 52.3043 39.85 2.85
    endloop
  endfacet
  facet normal -0.573587 0 0.819144
    outer loop
      vertex 50.95 42.15 1.49571
      vertex 51.4783 39.85 1.86564
      vertex 51.4783 42.15 1.86564
    endloop
  endfacet
  facet normal -0.573587 0 0.819144
    outer loop
      vertex 51.4783 39.85 1.86564
      vertex 50.95 42.15 1.49571
      vertex 50.95 39.85 1.49571
    endloop
  endfacet
  facet normal -0.966041 0 0.258388
    outer loop
      vertex 52.5769 39.85 3.43453
      vertex 52.6115 42.15 3.56389
      vertex 52.5769 42.15 3.43453
    endloop
  endfacet
  facet normal -0.966041 0 0.258388
    outer loop
      vertex 52.6115 42.15 3.56389
      vertex 52.5769 39.85 3.43453
      vertex 52.6115 39.85 3.56389
    endloop
  endfacet
  facet normal -0.90629 0 0.422655
    outer loop
      vertex 52.3043 39.85 2.85
      vertex 52.5769 42.15 3.43453
      vertex 52.3043 42.15 2.85
    endloop
  endfacet
  facet normal -0.90629 0 0.422655
    outer loop
      vertex 52.5769 42.15 3.43453
      vertex 52.3043 39.85 2.85
      vertex 52.5769 39.85 3.43453
    endloop
  endfacet
  facet normal 0.0871535 0 0.996195
    outer loop
      vertex 4.6575 42.15 1.05621
      vertex 5.3 39.85 1
      vertex 5.3 42.15 1
    endloop
  endfacet
  facet normal 0.0871535 0 0.996195
    outer loop
      vertex 5.3 39.85 1
      vertex 4.6575 42.15 1.05621
      vertex 4.6575 39.85 1.05621
    endloop
  endfacet
  facet normal 0.258827 0 0.965924
    outer loop
      vertex 4.03453 42.15 1.22314
      vertex 4.6575 39.85 1.05621
      vertex 4.6575 42.15 1.05621
    endloop
  endfacet
  facet normal 0.258827 0 0.965924
    outer loop
      vertex 4.6575 39.85 1.05621
      vertex 4.03453 42.15 1.22314
      vertex 4.03453 39.85 1.22314
    endloop
  endfacet
  facet normal 0.707107 -0 0.707107
    outer loop
      vertex 2.46564 39.85 2.32169
      vertex 2.92169 42.15 1.86564
      vertex 2.46564 42.15 2.32169
    endloop
  endfacet
  facet normal 0.707107 0 0.707107
    outer loop
      vertex 2.92169 42.15 1.86564
      vertex 2.46564 39.85 2.32169
      vertex 2.92169 39.85 1.86564
    endloop
  endfacet
  facet normal 0.422617 0 0.906308
    outer loop
      vertex 3.45 42.15 1.49571
      vertex 4.03453 39.85 1.22314
      vertex 4.03453 42.15 1.22314
    endloop
  endfacet
  facet normal 0.422617 0 0.906308
    outer loop
      vertex 4.03453 39.85 1.22314
      vertex 3.45 42.15 1.49571
      vertex 3.45 39.85 1.49571
    endloop
  endfacet
  facet normal 0.81915 -0 0.57358
    outer loop
      vertex 2.09571 39.85 2.85
      vertex 2.46564 42.15 2.32169
      vertex 2.09571 42.15 2.85
    endloop
  endfacet
  facet normal 0.81915 0 0.57358
    outer loop
      vertex 2.46564 42.15 2.32169
      vertex 2.09571 39.85 2.85
      vertex 2.46564 39.85 2.32169
    endloop
  endfacet
  facet normal 0.57358 0 0.81915
    outer loop
      vertex 2.92169 42.15 1.86564
      vertex 3.45 39.85 1.49571
      vertex 3.45 42.15 1.49571
    endloop
  endfacet
  facet normal 0.57358 0 0.81915
    outer loop
      vertex 3.45 39.85 1.49571
      vertex 2.92169 42.15 1.86564
      vertex 2.92169 39.85 1.86564
    endloop
  endfacet
  facet normal 0.965924 -0 0.258824
    outer loop
      vertex 1.78848 39.85 3.56388
      vertex 1.82314 42.15 3.43453
      vertex 1.78848 42.15 3.56388
    endloop
  endfacet
  facet normal 0.965924 0 0.258824
    outer loop
      vertex 1.82314 42.15 3.43453
      vertex 1.78848 39.85 3.56388
      vertex 1.82314 39.85 3.43453
    endloop
  endfacet
  facet normal 0.906308 -0 0.422617
    outer loop
      vertex 1.82314 39.85 3.43453
      vertex 2.09571 42.15 2.85
      vertex 1.82314 42.15 3.43453
    endloop
  endfacet
  facet normal 0.906308 0 0.422617
    outer loop
      vertex 2.09571 42.15 2.85
      vertex 1.82314 39.85 3.43453
      vertex 2.09571 39.85 2.85
    endloop
  endfacet
  facet normal 0 -1 0
    outer loop
      vertex 1.82314 42.15 3.43453
      vertex 2.06914 42.15 3.07777
      vertex 1.78848 42.15 3.56388
    endloop
  endfacet
  facet normal 0 -1 0
    outer loop
      vertex 2.09571 42.15 2.85
      vertex 2.06914 42.15 3.07777
      vertex 1.82314 42.15 3.43453
    endloop
  endfacet
  facet normal 0 -1 0
    outer loop
      vertex 2.09571 42.15 2.85
      vertex 2.4837 42.15 2.5837
      vertex 2.06914 42.15 3.07777
    endloop
  endfacet
  facet normal 0 -1 0
    outer loop
      vertex 2.46564 42.15 2.32169
      vertex 2.4837 42.15 2.5837
      vertex 2.09571 42.15 2.85
    endloop
  endfacet
  facet normal 0 -1 0
    outer loop
      vertex 2.46564 42.15 2.32169
      vertex 2.97777 42.15 2.16914
      vertex 2.4837 42.15 2.5837
    endloop
  endfacet
  facet normal 0 -1 0
    outer loop
      vertex 2.92169 42.15 1.86564
      vertex 2.97777 42.15 2.16914
      vertex 2.46564 42.15 2.32169
    endloop
  endfacet
  facet normal 0 -1 0
    outer loop
      vertex 2.92169 42.15 1.86564
      vertex 3.53631 42.15 1.84666
      vertex 2.97777 42.15 2.16914
    endloop
  endfacet
  facet normal 0 -1 0
    outer loop
      vertex 3.45 42.15 1.49571
      vertex 3.53631 42.15 1.84666
      vertex 2.92169 42.15 1.86564
    endloop
  endfacet
  facet normal 0 -1 0
    outer loop
      vertex 4.6575 42.15 1.05621
      vertex 4.14237 42.15 1.62607
      vertex 4.03453 42.15 1.22314
    endloop
  endfacet
  facet normal 0 -1 0
    outer loop
      vertex 4.03453 42.15 1.22314
      vertex 4.14237 42.15 1.62607
      vertex 3.45 42.15 1.49571
    endloop
  endfacet
  facet normal 0 -1 -0
    outer loop
      vertex 3.53631 42.15 1.84666
      vertex 3.45 42.15 1.49571
      vertex 4.14237 42.15 1.62607
    endloop
  endfacet
  facet normal 0 -1 0
    outer loop
      vertex 52.3309 42.15 3.07777
      vertex 52.5769 42.15 3.43453
      vertex 52.6115 42.15 3.56389
    endloop
  endfacet
  facet normal 0 -1 -0
    outer loop
      vertex 52.3309 42.15 3.07777
      vertex 52.3043 42.15 2.85
      vertex 52.5769 42.15 3.43453
    endloop
  endfacet
  facet normal 0 -1 0
    outer loop
      vertex 51.9163 42.15 2.5837
      vertex 52.3043 42.15 2.85
      vertex 52.3309 42.15 3.07777
    endloop
  endfacet
  facet normal 0 -1 0
    outer loop
      vertex 51.9163 42.15 2.5837
      vertex 51.9344 42.15 2.32169
      vertex 52.3043 42.15 2.85
    endloop
  endfacet
  facet normal 0 -1 0
    outer loop
      vertex 51.4222 42.15 2.16914
      vertex 51.9344 42.15 2.32169
      vertex 51.9163 42.15 2.5837
    endloop
  endfacet
  facet normal 0 -1 0
    outer loop
      vertex 51.4222 42.15 2.16914
      vertex 51.4783 42.15 1.86564
      vertex 51.9344 42.15 2.32169
    endloop
  endfacet
  facet normal 0 -1 0
    outer loop
      vertex 50.8637 42.15 1.84666
      vertex 51.4783 42.15 1.86564
      vertex 51.4222 42.15 2.16914
    endloop
  endfacet
  facet normal 0 -1 0
    outer loop
      vertex 50.95 42.15 1.49571
      vertex 50.8637 42.15 1.84666
      vertex 50.2576 42.15 1.62607
    endloop
  endfacet
  facet normal 0 -1 0
    outer loop
      vertex 50.8637 42.15 1.84666
      vertex 50.95 42.15 1.49571
      vertex 51.4783 42.15 1.86564
    endloop
  endfacet
  facet normal 0 -1 0
    outer loop
      vertex 49.7425 42.15 1.05621
      vertex 50.2576 42.15 1.62607
      vertex 49.6225 42.15 1.51408
    endloop
  endfacet
  facet normal 0 -1 0
    outer loop
      vertex 4.77752 42.15 1.51408
      vertex 5.3 42.15 1
      vertex 49.6225 42.15 1.51408
    endloop
  endfacet
  facet normal 0 -1 0
    outer loop
      vertex 4.14237 42.15 1.62607
      vertex 4.6575 42.15 1.05621
      vertex 4.77752 42.15 1.51408
    endloop
  endfacet
  facet normal 0 -1 0
    outer loop
      vertex 49.1 42.15 1
      vertex 49.6225 42.15 1.51408
      vertex 5.3 42.15 1
    endloop
  endfacet
  facet normal 0 -1 -0
    outer loop
      vertex 4.77752 42.15 1.51408
      vertex 4.6575 42.15 1.05621
      vertex 5.3 42.15 1
    endloop
  endfacet
  facet normal -0 -1 0
    outer loop
      vertex 49.7425 42.15 1.05621
      vertex 49.6225 42.15 1.51408
      vertex 49.1 42.15 1
    endloop
  endfacet
  facet normal 0 -1 0
    outer loop
      vertex 50.2576 42.15 1.62607
      vertex 50.3655 42.15 1.22314
      vertex 50.95 42.15 1.49571
    endloop
  endfacet
  facet normal 0 -1 -0
    outer loop
      vertex 50.2576 42.15 1.62607
      vertex 49.7425 42.15 1.05621
      vertex 50.3655 42.15 1.22314
    endloop
  endfacet
  facet normal -0 0 1
    outer loop
      vertex 5.3 42.15 1
      vertex 49.1 39.85 1
      vertex 49.1 42.15 1
    endloop
  endfacet
  facet normal 0 0 1
    outer loop
      vertex 49.1 39.85 1
      vertex 5.3 42.15 1
      vertex 5.3 39.85 1
    endloop
  endfacet
  facet normal 0 1 -0
    outer loop
      vertex 52.5769 39.85 3.43453
      vertex 52.3309 39.85 3.07777
      vertex 52.6115 39.85 3.56389
    endloop
  endfacet
  facet normal 0 1 0
    outer loop
      vertex 52.3043 39.85 2.85
      vertex 52.3309 39.85 3.07777
      vertex 52.5769 39.85 3.43453
    endloop
  endfacet
  facet normal 0 1 -0
    outer loop
      vertex 52.3043 39.85 2.85
      vertex 51.9163 39.85 2.5837
      vertex 52.3309 39.85 3.07777
    endloop
  endfacet
  facet normal 0 1 -0
    outer loop
      vertex 51.9344 39.85 2.32169
      vertex 51.9163 39.85 2.5837
      vertex 52.3043 39.85 2.85
    endloop
  endfacet
  facet normal 0 1 0
    outer loop
      vertex 51.9344 39.85 2.32169
      vertex 51.4222 39.85 2.16914
      vertex 51.9163 39.85 2.5837
    endloop
  endfacet
  facet normal 0 1 -0
    outer loop
      vertex 51.4783 39.85 1.86564
      vertex 51.4222 39.85 2.16914
      vertex 51.9344 39.85 2.32169
    endloop
  endfacet
  facet normal 0 1 0
    outer loop
      vertex 51.4783 39.85 1.86564
      vertex 50.8637 39.85 1.84666
      vertex 51.4222 39.85 2.16914
    endloop
  endfacet
  facet normal 0 1 -0
    outer loop
      vertex 50.95 39.85 1.49571
      vertex 50.8637 39.85 1.84666
      vertex 51.4783 39.85 1.86564
    endloop
  endfacet
  facet normal 0 1 0
    outer loop
      vertex 49.7425 39.85 1.05621
      vertex 50.2576 39.85 1.62607
      vertex 50.3655 39.85 1.22314
    endloop
  endfacet
  facet normal 0 1 -0
    outer loop
      vertex 50.3655 39.85 1.22314
      vertex 50.2576 39.85 1.62607
      vertex 50.95 39.85 1.49571
    endloop
  endfacet
  facet normal 0 1 0
    outer loop
      vertex 50.8637 39.85 1.84666
      vertex 50.95 39.85 1.49571
      vertex 50.2576 39.85 1.62607
    endloop
  endfacet
  facet normal 0 1 0
    outer loop
      vertex 2.06914 39.85 3.07777
      vertex 1.82314 39.85 3.43453
      vertex 1.78848 39.85 3.56388
    endloop
  endfacet
  facet normal 0 1 0
    outer loop
      vertex 2.06914 39.85 3.07777
      vertex 2.09571 39.85 2.85
      vertex 1.82314 39.85 3.43453
    endloop
  endfacet
  facet normal 0 1 0
    outer loop
      vertex 2.4837 39.85 2.5837
      vertex 2.09571 39.85 2.85
      vertex 2.06914 39.85 3.07777
    endloop
  endfacet
  facet normal 0 1 0
    outer loop
      vertex 2.4837 39.85 2.5837
      vertex 2.46564 39.85 2.32169
      vertex 2.09571 39.85 2.85
    endloop
  endfacet
  facet normal 0 1 0
    outer loop
      vertex 2.97777 39.85 2.16914
      vertex 2.46564 39.85 2.32169
      vertex 2.4837 39.85 2.5837
    endloop
  endfacet
  facet normal 0 1 0
    outer loop
      vertex 2.97777 39.85 2.16914
      vertex 2.92169 39.85 1.86564
      vertex 2.46564 39.85 2.32169
    endloop
  endfacet
  facet normal 0 1 0
    outer loop
      vertex 3.53631 39.85 1.84666
      vertex 2.92169 39.85 1.86564
      vertex 2.97777 39.85 2.16914
    endloop
  endfacet
  facet normal 0 1 0
    outer loop
      vertex 3.45 39.85 1.49571
      vertex 3.53631 39.85 1.84666
      vertex 4.14237 39.85 1.62607
    endloop
  endfacet
  facet normal 0 1 0
    outer loop
      vertex 3.53631 39.85 1.84666
      vertex 3.45 39.85 1.49571
      vertex 2.92169 39.85 1.86564
    endloop
  endfacet
  facet normal 0 1 -0
    outer loop
      vertex 4.6575 39.85 1.05621
      vertex 4.14237 39.85 1.62607
      vertex 4.77752 39.85 1.51408
    endloop
  endfacet
  facet normal 0 1 0
    outer loop
      vertex 49.6225 39.85 1.51408
      vertex 49.1 39.85 1
      vertex 4.77752 39.85 1.51408
    endloop
  endfacet
  facet normal 0 1 0
    outer loop
      vertex 50.2576 39.85 1.62607
      vertex 49.7425 39.85 1.05621
      vertex 49.6225 39.85 1.51408
    endloop
  endfacet
  facet normal 0 1 -0
    outer loop
      vertex 5.3 39.85 1
      vertex 4.77752 39.85 1.51408
      vertex 49.1 39.85 1
    endloop
  endfacet
  facet normal 0 1 0
    outer loop
      vertex 49.6225 39.85 1.51408
      vertex 49.7425 39.85 1.05621
      vertex 49.1 39.85 1
    endloop
  endfacet
  facet normal -0 1 0
    outer loop
      vertex 4.6575 39.85 1.05621
      vertex 4.77752 39.85 1.51408
      vertex 5.3 39.85 1
    endloop
  endfacet
  facet normal 0 1 0
    outer loop
      vertex 4.14237 39.85 1.62607
      vertex 4.03453 39.85 1.22314
      vertex 3.45 39.85 1.49571
    endloop
  endfacet
  facet normal 0 1 0
    outer loop
      vertex 4.14237 39.85 1.62607
      vertex 4.6575 39.85 1.05621
      vertex 4.03453 39.85 1.22314
    endloop
  endfacet
  facet normal -0.0871535 0 0.996195
    outer loop
      vertex 49.1 63.15 1
      vertex 49.7425 60.85 1.05621
      vertex 49.7425 63.15 1.05621
    endloop
  endfacet
  facet normal -0.0871535 0 0.996195
    outer loop
      vertex 49.7425 60.85 1.05621
      vertex 49.1 63.15 1
      vertex 49.1 60.85 1
    endloop
  endfacet
  facet normal -0.258816 0 0.965927
    outer loop
      vertex 49.7425 63.15 1.05621
      vertex 50.3655 60.85 1.22314
      vertex 50.3655 63.15 1.22314
    endloop
  endfacet
  facet normal -0.258816 0 0.965927
    outer loop
      vertex 50.3655 60.85 1.22314
      vertex 49.7425 63.15 1.05621
      vertex 49.7425 60.85 1.05621
    endloop
  endfacet
  facet normal -0.707068 0 0.707146
    outer loop
      vertex 51.4783 63.15 1.86564
      vertex 51.9344 60.85 2.32169
      vertex 51.9344 63.15 2.32169
    endloop
  endfacet
  facet normal -0.707068 0 0.707146
    outer loop
      vertex 51.9344 60.85 2.32169
      vertex 51.4783 63.15 1.86564
      vertex 51.4783 60.85 1.86564
    endloop
  endfacet
  facet normal -0.422635 0 0.9063
    outer loop
      vertex 50.3655 63.15 1.22314
      vertex 50.95 60.85 1.49571
      vertex 50.95 63.15 1.49571
    endloop
  endfacet
  facet normal -0.422635 0 0.9063
    outer loop
      vertex 50.95 60.85 1.49571
      vertex 50.3655 63.15 1.22314
      vertex 50.3655 60.85 1.22314
    endloop
  endfacet
  facet normal -0.819171 0 0.573549
    outer loop
      vertex 51.9344 60.85 2.32169
      vertex 52.3043 63.15 2.85
      vertex 51.9344 63.15 2.32169
    endloop
  endfacet
  facet normal -0.819171 0 0.573549
    outer loop
      vertex 52.3043 63.15 2.85
      vertex 51.9344 60.85 2.32169
      vertex 52.3043 60.85 2.85
    endloop
  endfacet
  facet normal -0.573587 0 0.819144
    outer loop
      vertex 50.95 63.15 1.49571
      vertex 51.4783 60.85 1.86564
      vertex 51.4783 63.15 1.86564
    endloop
  endfacet
  facet normal -0.573587 0 0.819144
    outer loop
      vertex 51.4783 60.85 1.86564
      vertex 50.95 63.15 1.49571
      vertex 50.95 60.85 1.49571
    endloop
  endfacet
  facet normal -0.966041 0 0.258388
    outer loop
      vertex 52.5769 60.85 3.43453
      vertex 52.6115 63.15 3.56389
      vertex 52.5769 63.15 3.43453
    endloop
  endfacet
  facet normal -0.966041 0 0.258388
    outer loop
      vertex 52.6115 63.15 3.56389
      vertex 52.5769 60.85 3.43453
      vertex 52.6115 60.85 3.56389
    endloop
  endfacet
  facet normal -0.90629 0 0.422655
    outer loop
      vertex 52.3043 60.85 2.85
      vertex 52.5769 63.15 3.43453
      vertex 52.3043 63.15 2.85
    endloop
  endfacet
  facet normal -0.90629 0 0.422655
    outer loop
      vertex 52.5769 63.15 3.43453
      vertex 52.3043 60.85 2.85
      vertex 52.5769 60.85 3.43453
    endloop
  endfacet
  facet normal 0.0871535 0 0.996195
    outer loop
      vertex 4.6575 63.15 1.05621
      vertex 5.3 60.85 1
      vertex 5.3 63.15 1
    endloop
  endfacet
  facet normal 0.0871535 0 0.996195
    outer loop
      vertex 5.3 60.85 1
      vertex 4.6575 63.15 1.05621
      vertex 4.6575 60.85 1.05621
    endloop
  endfacet
  facet normal 0.258827 0 0.965924
    outer loop
      vertex 4.03453 63.15 1.22314
      vertex 4.6575 60.85 1.05621
      vertex 4.6575 63.15 1.05621
    endloop
  endfacet
  facet normal 0.258827 0 0.965924
    outer loop
      vertex 4.6575 60.85 1.05621
      vertex 4.03453 63.15 1.22314
      vertex 4.03453 60.85 1.22314
    endloop
  endfacet
  facet normal 0.707107 -0 0.707107
    outer loop
      vertex 2.46564 60.85 2.32169
      vertex 2.92169 63.15 1.86564
      vertex 2.46564 63.15 2.32169
    endloop
  endfacet
  facet normal 0.707107 0 0.707107
    outer loop
      vertex 2.92169 63.15 1.86564
      vertex 2.46564 60.85 2.32169
      vertex 2.92169 60.85 1.86564
    endloop
  endfacet
  facet normal 0.422617 0 0.906308
    outer loop
      vertex 3.45 63.15 1.49571
      vertex 4.03453 60.85 1.22314
      vertex 4.03453 63.15 1.22314
    endloop
  endfacet
  facet normal 0.422617 0 0.906308
    outer loop
      vertex 4.03453 60.85 1.22314
      vertex 3.45 63.15 1.49571
      vertex 3.45 60.85 1.49571
    endloop
  endfacet
  facet normal 0.81915 -0 0.57358
    outer loop
      vertex 2.09571 60.85 2.85
      vertex 2.46564 63.15 2.32169
      vertex 2.09571 63.15 2.85
    endloop
  endfacet
  facet normal 0.81915 0 0.57358
    outer loop
      vertex 2.46564 63.15 2.32169
      vertex 2.09571 60.85 2.85
      vertex 2.46564 60.85 2.32169
    endloop
  endfacet
  facet normal 0.57358 0 0.81915
    outer loop
      vertex 2.92169 63.15 1.86564
      vertex 3.45 60.85 1.49571
      vertex 3.45 63.15 1.49571
    endloop
  endfacet
  facet normal 0.57358 0 0.81915
    outer loop
      vertex 3.45 60.85 1.49571
      vertex 2.92169 63.15 1.86564
      vertex 2.92169 60.85 1.86564
    endloop
  endfacet
  facet normal 0.965924 -0 0.258824
    outer loop
      vertex 1.78848 60.85 3.56388
      vertex 1.82314 63.15 3.43453
      vertex 1.78848 63.15 3.56388
    endloop
  endfacet
  facet normal 0.965924 0 0.258824
    outer loop
      vertex 1.82314 63.15 3.43453
      vertex 1.78848 60.85 3.56388
      vertex 1.82314 60.85 3.43453
    endloop
  endfacet
  facet normal 0.906308 -0 0.422617
    outer loop
      vertex 1.82314 60.85 3.43453
      vertex 2.09571 63.15 2.85
      vertex 1.82314 63.15 3.43453
    endloop
  endfacet
  facet normal 0.906308 0 0.422617
    outer loop
      vertex 2.09571 63.15 2.85
      vertex 1.82314 60.85 3.43453
      vertex 2.09571 60.85 2.85
    endloop
  endfacet
  facet normal 0 -1 0
    outer loop
      vertex 1.82314 63.15 3.43453
      vertex 2.06914 63.15 3.07777
      vertex 1.78848 63.15 3.56388
    endloop
  endfacet
  facet normal 0 -1 0
    outer loop
      vertex 2.09571 63.15 2.85
      vertex 2.06914 63.15 3.07777
      vertex 1.82314 63.15 3.43453
    endloop
  endfacet
  facet normal 0 -1 0
    outer loop
      vertex 2.09571 63.15 2.85
      vertex 2.4837 63.15 2.5837
      vertex 2.06914 63.15 3.07777
    endloop
  endfacet
  facet normal 0 -1 0
    outer loop
      vertex 2.46564 63.15 2.32169
      vertex 2.4837 63.15 2.5837
      vertex 2.09571 63.15 2.85
    endloop
  endfacet
  facet normal 0 -1 0
    outer loop
      vertex 2.46564 63.15 2.32169
      vertex 2.97777 63.15 2.16914
      vertex 2.4837 63.15 2.5837
    endloop
  endfacet
  facet normal 0 -1 0
    outer loop
      vertex 2.92169 63.15 1.86564
      vertex 2.97777 63.15 2.16914
      vertex 2.46564 63.15 2.32169
    endloop
  endfacet
  facet normal 0 -1 0
    outer loop
      vertex 2.92169 63.15 1.86564
      vertex 3.53631 63.15 1.84666
      vertex 2.97777 63.15 2.16914
    endloop
  endfacet
  facet normal 0 -1 0
    outer loop
      vertex 3.45 63.15 1.49571
      vertex 3.53631 63.15 1.84666
      vertex 2.92169 63.15 1.86564
    endloop
  endfacet
  facet normal 0 -1 0
    outer loop
      vertex 4.6575 63.15 1.05621
      vertex 4.14237 63.15 1.62607
      vertex 4.03453 63.15 1.22314
    endloop
  endfacet
  facet normal 0 -1 0
    outer loop
      vertex 4.03453 63.15 1.22314
      vertex 4.14237 63.15 1.62607
      vertex 3.45 63.15 1.49571
    endloop
  endfacet
  facet normal 0 -1 -0
    outer loop
      vertex 3.53631 63.15 1.84666
      vertex 3.45 63.15 1.49571
      vertex 4.14237 63.15 1.62607
    endloop
  endfacet
  facet normal 0 -1 0
    outer loop
      vertex 52.3309 63.15 3.07777
      vertex 52.5769 63.15 3.43453
      vertex 52.6115 63.15 3.56389
    endloop
  endfacet
  facet normal 0 -1 -0
    outer loop
      vertex 52.3309 63.15 3.07777
      vertex 52.3043 63.15 2.85
      vertex 52.5769 63.15 3.43453
    endloop
  endfacet
  facet normal 0 -1 0
    outer loop
      vertex 51.9163 63.15 2.5837
      vertex 52.3043 63.15 2.85
      vertex 52.3309 63.15 3.07777
    endloop
  endfacet
  facet normal 0 -1 0
    outer loop
      vertex 51.9163 63.15 2.5837
      vertex 51.9344 63.15 2.32169
      vertex 52.3043 63.15 2.85
    endloop
  endfacet
  facet normal 0 -1 0
    outer loop
      vertex 51.4222 63.15 2.16914
      vertex 51.9344 63.15 2.32169
      vertex 51.9163 63.15 2.5837
    endloop
  endfacet
  facet normal 0 -1 0
    outer loop
      vertex 51.4222 63.15 2.16914
      vertex 51.4783 63.15 1.86564
      vertex 51.9344 63.15 2.32169
    endloop
  endfacet
  facet normal 0 -1 0
    outer loop
      vertex 50.8637 63.15 1.84666
      vertex 51.4783 63.15 1.86564
      vertex 51.4222 63.15 2.16914
    endloop
  endfacet
  facet normal 0 -1 0
    outer loop
      vertex 50.95 63.15 1.49571
      vertex 50.8637 63.15 1.84666
      vertex 50.2576 63.15 1.62607
    endloop
  endfacet
  facet normal 0 -1 0
    outer loop
      vertex 50.8637 63.15 1.84666
      vertex 50.95 63.15 1.49571
      vertex 51.4783 63.15 1.86564
    endloop
  endfacet
  facet normal 0 -1 0
    outer loop
      vertex 49.7425 63.15 1.05621
      vertex 50.2576 63.15 1.62607
      vertex 49.6225 63.15 1.51408
    endloop
  endfacet
  facet normal 0 -1 0
    outer loop
      vertex 4.77752 63.15 1.51408
      vertex 5.3 63.15 1
      vertex 49.6225 63.15 1.51408
    endloop
  endfacet
  facet normal 0 -1 0
    outer loop
      vertex 4.14237 63.15 1.62607
      vertex 4.6575 63.15 1.05621
      vertex 4.77752 63.15 1.51408
    endloop
  endfacet
  facet normal 0 -1 0
    outer loop
      vertex 49.1 63.15 1
      vertex 49.6225 63.15 1.51408
      vertex 5.3 63.15 1
    endloop
  endfacet
  facet normal 0 -1 -0
    outer loop
      vertex 4.77752 63.15 1.51408
      vertex 4.6575 63.15 1.05621
      vertex 5.3 63.15 1
    endloop
  endfacet
  facet normal -0 -1 0
    outer loop
      vertex 49.7425 63.15 1.05621
      vertex 49.6225 63.15 1.51408
      vertex 49.1 63.15 1
    endloop
  endfacet
  facet normal 0 -1 0
    outer loop
      vertex 50.2576 63.15 1.62607
      vertex 50.3655 63.15 1.22314
      vertex 50.95 63.15 1.49571
    endloop
  endfacet
  facet normal 0 -1 -0
    outer loop
      vertex 50.2576 63.15 1.62607
      vertex 49.7425 63.15 1.05621
      vertex 50.3655 63.15 1.22314
    endloop
  endfacet
  facet normal -0 0 1
    outer loop
      vertex 5.3 63.15 1
      vertex 49.1 60.85 1
      vertex 49.1 63.15 1
    endloop
  endfacet
  facet normal 0 0 1
    outer loop
      vertex 49.1 60.85 1
      vertex 5.3 63.15 1
      vertex 5.3 60.85 1
    endloop
  endfacet
  facet normal 0 1 -0
    outer loop
      vertex 52.5769 60.85 3.43453
      vertex 52.3309 60.85 3.07777
      vertex 52.6115 60.85 3.56389
    endloop
  endfacet
  facet normal 0 1 0
    outer loop
      vertex 52.3043 60.85 2.85
      vertex 52.3309 60.85 3.07777
      vertex 52.5769 60.85 3.43453
    endloop
  endfacet
  facet normal 0 1 -0
    outer loop
      vertex 52.3043 60.85 2.85
      vertex 51.9163 60.85 2.5837
      vertex 52.3309 60.85 3.07777
    endloop
  endfacet
  facet normal 0 1 -0
    outer loop
      vertex 51.9344 60.85 2.32169
      vertex 51.9163 60.85 2.5837
      vertex 52.3043 60.85 2.85
    endloop
  endfacet
  facet normal 0 1 0
    outer loop
      vertex 51.9344 60.85 2.32169
      vertex 51.4222 60.85 2.16914
      vertex 51.9163 60.85 2.5837
    endloop
  endfacet
  facet normal 0 1 -0
    outer loop
      vertex 51.4783 60.85 1.86564
      vertex 51.4222 60.85 2.16914
      vertex 51.9344 60.85 2.32169
    endloop
  endfacet
  facet normal 0 1 0
    outer loop
      vertex 51.4783 60.85 1.86564
      vertex 50.8637 60.85 1.84666
      vertex 51.4222 60.85 2.16914
    endloop
  endfacet
  facet normal 0 1 -0
    outer loop
      vertex 50.95 60.85 1.49571
      vertex 50.8637 60.85 1.84666
      vertex 51.4783 60.85 1.86564
    endloop
  endfacet
  facet normal 0 1 0
    outer loop
      vertex 49.7425 60.85 1.05621
      vertex 50.2576 60.85 1.62607
      vertex 50.3655 60.85 1.22314
    endloop
  endfacet
  facet normal 0 1 -0
    outer loop
      vertex 50.3655 60.85 1.22314
      vertex 50.2576 60.85 1.62607
      vertex 50.95 60.85 1.49571
    endloop
  endfacet
  facet normal 0 1 0
    outer loop
      vertex 50.8637 60.85 1.84666
      vertex 50.95 60.85 1.49571
      vertex 50.2576 60.85 1.62607
    endloop
  endfacet
  facet normal 0 1 0
    outer loop
      vertex 2.06914 60.85 3.07777
      vertex 1.82314 60.85 3.43453
      vertex 1.78848 60.85 3.56388
    endloop
  endfacet
  facet normal 0 1 0
    outer loop
      vertex 2.06914 60.85 3.07777
      vertex 2.09571 60.85 2.85
      vertex 1.82314 60.85 3.43453
    endloop
  endfacet
  facet normal 0 1 0
    outer loop
      vertex 2.4837 60.85 2.5837
      vertex 2.09571 60.85 2.85
      vertex 2.06914 60.85 3.07777
    endloop
  endfacet
  facet normal 0 1 0
    outer loop
      vertex 2.4837 60.85 2.5837
      vertex 2.46564 60.85 2.32169
      vertex 2.09571 60.85 2.85
    endloop
  endfacet
  facet normal 0 1 0
    outer loop
      vertex 2.97777 60.85 2.16914
      vertex 2.46564 60.85 2.32169
      vertex 2.4837 60.85 2.5837
    endloop
  endfacet
  facet normal 0 1 0
    outer loop
      vertex 2.97777 60.85 2.16914
      vertex 2.92169 60.85 1.86564
      vertex 2.46564 60.85 2.32169
    endloop
  endfacet
  facet normal 0 1 0
    outer loop
      vertex 3.53631 60.85 1.84666
      vertex 2.92169 60.85 1.86564
      vertex 2.97777 60.85 2.16914
    endloop
  endfacet
  facet normal 0 1 0
    outer loop
      vertex 3.45 60.85 1.49571
      vertex 3.53631 60.85 1.84666
      vertex 4.14237 60.85 1.62607
    endloop
  endfacet
  facet normal 0 1 0
    outer loop
      vertex 3.53631 60.85 1.84666
      vertex 3.45 60.85 1.49571
      vertex 2.92169 60.85 1.86564
    endloop
  endfacet
  facet normal 0 1 -0
    outer loop
      vertex 4.6575 60.85 1.05621
      vertex 4.14237 60.85 1.62607
      vertex 4.77752 60.85 1.51408
    endloop
  endfacet
  facet normal 0 1 0
    outer loop
      vertex 49.6225 60.85 1.51408
      vertex 49.1 60.85 1
      vertex 4.77752 60.85 1.51408
    endloop
  endfacet
  facet normal 0 1 0
    outer loop
      vertex 50.2576 60.85 1.62607
      vertex 49.7425 60.85 1.05621
      vertex 49.6225 60.85 1.51408
    endloop
  endfacet
  facet normal 0 1 -0
    outer loop
      vertex 5.3 60.85 1
      vertex 4.77752 60.85 1.51408
      vertex 49.1 60.85 1
    endloop
  endfacet
  facet normal 0 1 0
    outer loop
      vertex 49.6225 60.85 1.51408
      vertex 49.7425 60.85 1.05621
      vertex 49.1 60.85 1
    endloop
  endfacet
  facet normal -0 1 0
    outer loop
      vertex 4.6575 60.85 1.05621
      vertex 4.77752 60.85 1.51408
      vertex 5.3 60.85 1
    endloop
  endfacet
  facet normal 0 1 0
    outer loop
      vertex 4.14237 60.85 1.62607
      vertex 4.03453 60.85 1.22314
      vertex 3.45 60.85 1.49571
    endloop
  endfacet
  facet normal 0 1 0
    outer loop
      vertex 4.14237 60.85 1.62607
      vertex 4.6575 60.85 1.05621
      vertex 4.03453 60.85 1.22314
    endloop
  endfacet
  facet normal -0.0871535 0 0.996195
    outer loop
      vertex 49.1 84.15 1
      vertex 49.7425 81.85 1.05621
      vertex 49.7425 84.15 1.05621
    endloop
  endfacet
  facet normal -0.0871535 0 0.996195
    outer loop
      vertex 49.7425 81.85 1.05621
      vertex 49.1 84.15 1
      vertex 49.1 81.85 1
    endloop
  endfacet
  facet normal -0.258816 0 0.965927
    outer loop
      vertex 49.7425 84.15 1.05621
      vertex 50.3655 81.85 1.22314
      vertex 50.3655 84.15 1.22314
    endloop
  endfacet
  facet normal -0.258816 0 0.965927
    outer loop
      vertex 50.3655 81.85 1.22314
      vertex 49.7425 84.15 1.05621
      vertex 49.7425 81.85 1.05621
    endloop
  endfacet
  facet normal -0.707068 0 0.707146
    outer loop
      vertex 51.4783 84.15 1.86564
      vertex 51.9344 81.85 2.32169
      vertex 51.9344 84.15 2.32169
    endloop
  endfacet
  facet normal -0.707068 0 0.707146
    outer loop
      vertex 51.9344 81.85 2.32169
      vertex 51.4783 84.15 1.86564
      vertex 51.4783 81.85 1.86564
    endloop
  endfacet
  facet normal -0.422635 0 0.9063
    outer loop
      vertex 50.3655 84.15 1.22314
      vertex 50.95 81.85 1.49571
      vertex 50.95 84.15 1.49571
    endloop
  endfacet
  facet normal -0.422635 0 0.9063
    outer loop
      vertex 50.95 81.85 1.49571
      vertex 50.3655 84.15 1.22314
      vertex 50.3655 81.85 1.22314
    endloop
  endfacet
  facet normal -0.819171 0 0.573549
    outer loop
      vertex 51.9344 81.85 2.32169
      vertex 52.3043 84.15 2.85
      vertex 51.9344 84.15 2.32169
    endloop
  endfacet
  facet normal -0.819171 0 0.573549
    outer loop
      vertex 52.3043 84.15 2.85
      vertex 51.9344 81.85 2.32169
      vertex 52.3043 81.85 2.85
    endloop
  endfacet
  facet normal -0.573587 0 0.819144
    outer loop
      vertex 50.95 84.15 1.49571
      vertex 51.4783 81.85 1.86564
      vertex 51.4783 84.15 1.86564
    endloop
  endfacet
  facet normal -0.573587 0 0.819144
    outer loop
      vertex 51.4783 81.85 1.86564
      vertex 50.95 84.15 1.49571
      vertex 50.95 81.85 1.49571
    endloop
  endfacet
  facet normal -0.966041 0 0.258388
    outer loop
      vertex 52.5769 81.85 3.43453
      vertex 52.6115 84.15 3.56389
      vertex 52.5769 84.15 3.43453
    endloop
  endfacet
  facet normal -0.966041 0 0.258388
    outer loop
      vertex 52.6115 84.15 3.56389
      vertex 52.5769 81.85 3.43453
      vertex 52.6115 81.85 3.56389
    endloop
  endfacet
  facet normal -0.90629 0 0.422655
    outer loop
      vertex 52.3043 81.85 2.85
      vertex 52.5769 84.15 3.43453
      vertex 52.3043 84.15 2.85
    endloop
  endfacet
  facet normal -0.90629 0 0.422655
    outer loop
      vertex 52.5769 84.15 3.43453
      vertex 52.3043 81.85 2.85
      vertex 52.5769 81.85 3.43453
    endloop
  endfacet
  facet normal 0.0871535 0 0.996195
    outer loop
      vertex 4.6575 84.15 1.05621
      vertex 5.3 81.85 1
      vertex 5.3 84.15 1
    endloop
  endfacet
  facet normal 0.0871535 0 0.996195
    outer loop
      vertex 5.3 81.85 1
      vertex 4.6575 84.15 1.05621
      vertex 4.6575 81.85 1.05621
    endloop
  endfacet
  facet normal 0.258827 0 0.965924
    outer loop
      vertex 4.03453 84.15 1.22314
      vertex 4.6575 81.85 1.05621
      vertex 4.6575 84.15 1.05621
    endloop
  endfacet
  facet normal 0.258827 0 0.965924
    outer loop
      vertex 4.6575 81.85 1.05621
      vertex 4.03453 84.15 1.22314
      vertex 4.03453 81.85 1.22314
    endloop
  endfacet
  facet normal 0.707107 -0 0.707107
    outer loop
      vertex 2.46564 81.85 2.32169
      vertex 2.92169 84.15 1.86564
      vertex 2.46564 84.15 2.32169
    endloop
  endfacet
  facet normal 0.707107 0 0.707107
    outer loop
      vertex 2.92169 84.15 1.86564
      vertex 2.46564 81.85 2.32169
      vertex 2.92169 81.85 1.86564
    endloop
  endfacet
  facet normal 0.422617 0 0.906308
    outer loop
      vertex 3.45 84.15 1.49571
      vertex 4.03453 81.85 1.22314
      vertex 4.03453 84.15 1.22314
    endloop
  endfacet
  facet normal 0.422617 0 0.906308
    outer loop
      vertex 4.03453 81.85 1.22314
      vertex 3.45 84.15 1.49571
      vertex 3.45 81.85 1.49571
    endloop
  endfacet
  facet normal 0.81915 -0 0.57358
    outer loop
      vertex 2.09571 81.85 2.85
      vertex 2.46564 84.15 2.32169
      vertex 2.09571 84.15 2.85
    endloop
  endfacet
  facet normal 0.81915 0 0.57358
    outer loop
      vertex 2.46564 84.15 2.32169
      vertex 2.09571 81.85 2.85
      vertex 2.46564 81.85 2.32169
    endloop
  endfacet
  facet normal 0.57358 0 0.81915
    outer loop
      vertex 2.92169 84.15 1.86564
      vertex 3.45 81.85 1.49571
      vertex 3.45 84.15 1.49571
    endloop
  endfacet
  facet normal 0.57358 0 0.81915
    outer loop
      vertex 3.45 81.85 1.49571
      vertex 2.92169 84.15 1.86564
      vertex 2.92169 81.85 1.86564
    endloop
  endfacet
  facet normal 0.965924 -0 0.258824
    outer loop
      vertex 1.78848 81.85 3.56388
      vertex 1.82314 84.15 3.43453
      vertex 1.78848 84.15 3.56388
    endloop
  endfacet
  facet normal 0.965924 0 0.258824
    outer loop
      vertex 1.82314 84.15 3.43453
      vertex 1.78848 81.85 3.56388
      vertex 1.82314 81.85 3.43453
    endloop
  endfacet
  facet normal 0.906308 -0 0.422617
    outer loop
      vertex 1.82314 81.85 3.43453
      vertex 2.09571 84.15 2.85
      vertex 1.82314 84.15 3.43453
    endloop
  endfacet
  facet normal 0.906308 0 0.422617
    outer loop
      vertex 2.09571 84.15 2.85
      vertex 1.82314 81.85 3.43453
      vertex 2.09571 81.85 2.85
    endloop
  endfacet
  facet normal 0 -1 0
    outer loop
      vertex 1.82314 84.15 3.43453
      vertex 2.06914 84.15 3.07777
      vertex 1.78848 84.15 3.56388
    endloop
  endfacet
  facet normal 0 -1 0
    outer loop
      vertex 2.09571 84.15 2.85
      vertex 2.06914 84.15 3.07777
      vertex 1.82314 84.15 3.43453
    endloop
  endfacet
  facet normal 0 -1 0
    outer loop
      vertex 2.09571 84.15 2.85
      vertex 2.4837 84.15 2.5837
      vertex 2.06914 84.15 3.07777
    endloop
  endfacet
  facet normal 0 -1 0
    outer loop
      vertex 2.46564 84.15 2.32169
      vertex 2.4837 84.15 2.5837
      vertex 2.09571 84.15 2.85
    endloop
  endfacet
  facet normal 0 -1 0
    outer loop
      vertex 2.46564 84.15 2.32169
      vertex 2.97777 84.15 2.16914
      vertex 2.4837 84.15 2.5837
    endloop
  endfacet
  facet normal 0 -1 0
    outer loop
      vertex 2.92169 84.15 1.86564
      vertex 2.97777 84.15 2.16914
      vertex 2.46564 84.15 2.32169
    endloop
  endfacet
  facet normal 0 -1 0
    outer loop
      vertex 2.92169 84.15 1.86564
      vertex 3.53631 84.15 1.84666
      vertex 2.97777 84.15 2.16914
    endloop
  endfacet
  facet normal 0 -1 0
    outer loop
      vertex 3.45 84.15 1.49571
      vertex 3.53631 84.15 1.84666
      vertex 2.92169 84.15 1.86564
    endloop
  endfacet
  facet normal 0 -1 0
    outer loop
      vertex 4.6575 84.15 1.05621
      vertex 4.14237 84.15 1.62607
      vertex 4.03453 84.15 1.22314
    endloop
  endfacet
  facet normal 0 -1 0
    outer loop
      vertex 4.03453 84.15 1.22314
      vertex 4.14237 84.15 1.62607
      vertex 3.45 84.15 1.49571
    endloop
  endfacet
  facet normal 0 -1 -0
    outer loop
      vertex 3.53631 84.15 1.84666
      vertex 3.45 84.15 1.49571
      vertex 4.14237 84.15 1.62607
    endloop
  endfacet
  facet normal 0 -1 0
    outer loop
      vertex 52.3309 84.15 3.07777
      vertex 52.5769 84.15 3.43453
      vertex 52.6115 84.15 3.56389
    endloop
  endfacet
  facet normal 0 -1 -0
    outer loop
      vertex 52.3309 84.15 3.07777
      vertex 52.3043 84.15 2.85
      vertex 52.5769 84.15 3.43453
    endloop
  endfacet
  facet normal 0 -1 0
    outer loop
      vertex 51.9163 84.15 2.5837
      vertex 52.3043 84.15 2.85
      vertex 52.3309 84.15 3.07777
    endloop
  endfacet
  facet normal 0 -1 0
    outer loop
      vertex 51.9163 84.15 2.5837
      vertex 51.9344 84.15 2.32169
      vertex 52.3043 84.15 2.85
    endloop
  endfacet
  facet normal 0 -1 0
    outer loop
      vertex 51.4222 84.15 2.16914
      vertex 51.9344 84.15 2.32169
      vertex 51.9163 84.15 2.5837
    endloop
  endfacet
  facet normal 0 -1 0
    outer loop
      vertex 51.4222 84.15 2.16914
      vertex 51.4783 84.15 1.86564
      vertex 51.9344 84.15 2.32169
    endloop
  endfacet
  facet normal 0 -1 0
    outer loop
      vertex 50.8637 84.15 1.84666
      vertex 51.4783 84.15 1.86564
      vertex 51.4222 84.15 2.16914
    endloop
  endfacet
  facet normal 0 -1 0
    outer loop
      vertex 50.95 84.15 1.49571
      vertex 50.8637 84.15 1.84666
      vertex 50.2576 84.15 1.62607
    endloop
  endfacet
  facet normal 0 -1 0
    outer loop
      vertex 50.8637 84.15 1.84666
      vertex 50.95 84.15 1.49571
      vertex 51.4783 84.15 1.86564
    endloop
  endfacet
  facet normal 0 -1 0
    outer loop
      vertex 49.7425 84.15 1.05621
      vertex 50.2576 84.15 1.62607
      vertex 49.6225 84.15 1.51408
    endloop
  endfacet
  facet normal 0 -1 0
    outer loop
      vertex 4.77752 84.15 1.51408
      vertex 5.3 84.15 1
      vertex 49.6225 84.15 1.51408
    endloop
  endfacet
  facet normal 0 -1 0
    outer loop
      vertex 4.14237 84.15 1.62607
      vertex 4.6575 84.15 1.05621
      vertex 4.77752 84.15 1.51408
    endloop
  endfacet
  facet normal 0 -1 0
    outer loop
      vertex 49.1 84.15 1
      vertex 49.6225 84.15 1.51408
      vertex 5.3 84.15 1
    endloop
  endfacet
  facet normal 0 -1 -0
    outer loop
      vertex 4.77752 84.15 1.51408
      vertex 4.6575 84.15 1.05621
      vertex 5.3 84.15 1
    endloop
  endfacet
  facet normal -0 -1 0
    outer loop
      vertex 49.7425 84.15 1.05621
      vertex 49.6225 84.15 1.51408
      vertex 49.1 84.15 1
    endloop
  endfacet
  facet normal 0 -1 0
    outer loop
      vertex 50.2576 84.15 1.62607
      vertex 50.3655 84.15 1.22314
      vertex 50.95 84.15 1.49571
    endloop
  endfacet
  facet normal 0 -1 -0
    outer loop
      vertex 50.2576 84.15 1.62607
      vertex 49.7425 84.15 1.05621
      vertex 50.3655 84.15 1.22314
    endloop
  endfacet
  facet normal -0 0 1
    outer loop
      vertex 5.3 84.15 1
      vertex 49.1 81.85 1
      vertex 49.1 84.15 1
    endloop
  endfacet
  facet normal 0 0 1
    outer loop
      vertex 49.1 81.85 1
      vertex 5.3 84.15 1
      vertex 5.3 81.85 1
    endloop
  endfacet
  facet normal 0 1 -0
    outer loop
      vertex 52.5769 81.85 3.43453
      vertex 52.3309 81.85 3.07777
      vertex 52.6115 81.85 3.56389
    endloop
  endfacet
  facet normal 0 1 0
    outer loop
      vertex 52.3043 81.85 2.85
      vertex 52.3309 81.85 3.07777
      vertex 52.5769 81.85 3.43453
    endloop
  endfacet
  facet normal 0 1 -0
    outer loop
      vertex 52.3043 81.85 2.85
      vertex 51.9163 81.85 2.5837
      vertex 52.3309 81.85 3.07777
    endloop
  endfacet
  facet normal 0 1 -0
    outer loop
      vertex 51.9344 81.85 2.32169
      vertex 51.9163 81.85 2.5837
      vertex 52.3043 81.85 2.85
    endloop
  endfacet
  facet normal 0 1 0
    outer loop
      vertex 51.9344 81.85 2.32169
      vertex 51.4222 81.85 2.16914
      vertex 51.9163 81.85 2.5837
    endloop
  endfacet
  facet normal 0 1 -0
    outer loop
      vertex 51.4783 81.85 1.86564
      vertex 51.4222 81.85 2.16914
      vertex 51.9344 81.85 2.32169
    endloop
  endfacet
  facet normal 0 1 0
    outer loop
      vertex 51.4783 81.85 1.86564
      vertex 50.8637 81.85 1.84666
      vertex 51.4222 81.85 2.16914
    endloop
  endfacet
  facet normal 0 1 -0
    outer loop
      vertex 50.95 81.85 1.49571
      vertex 50.8637 81.85 1.84666
      vertex 51.4783 81.85 1.86564
    endloop
  endfacet
  facet normal 0 1 0
    outer loop
      vertex 49.7425 81.85 1.05621
      vertex 50.2576 81.85 1.62607
      vertex 50.3655 81.85 1.22314
    endloop
  endfacet
  facet normal 0 1 -0
    outer loop
      vertex 50.3655 81.85 1.22314
      vertex 50.2576 81.85 1.62607
      vertex 50.95 81.85 1.49571
    endloop
  endfacet
  facet normal 0 1 0
    outer loop
      vertex 50.8637 81.85 1.84666
      vertex 50.95 81.85 1.49571
      vertex 50.2576 81.85 1.62607
    endloop
  endfacet
  facet normal 0 1 0
    outer loop
      vertex 2.06914 81.85 3.07777
      vertex 1.82314 81.85 3.43453
      vertex 1.78848 81.85 3.56388
    endloop
  endfacet
  facet normal 0 1 0
    outer loop
      vertex 2.06914 81.85 3.07777
      vertex 2.09571 81.85 2.85
      vertex 1.82314 81.85 3.43453
    endloop
  endfacet
  facet normal 0 1 0
    outer loop
      vertex 2.4837 81.85 2.5837
      vertex 2.09571 81.85 2.85
      vertex 2.06914 81.85 3.07777
    endloop
  endfacet
  facet normal 0 1 0
    outer loop
      vertex 2.4837 81.85 2.5837
      vertex 2.46564 81.85 2.32169
      vertex 2.09571 81.85 2.85
    endloop
  endfacet
  facet normal 0 1 0
    outer loop
      vertex 2.97777 81.85 2.16914
      vertex 2.46564 81.85 2.32169
      vertex 2.4837 81.85 2.5837
    endloop
  endfacet
  facet normal 0 1 0
    outer loop
      vertex 2.97777 81.85 2.16914
      vertex 2.92169 81.85 1.86564
      vertex 2.46564 81.85 2.32169
    endloop
  endfacet
  facet normal 0 1 0
    outer loop
      vertex 3.53631 81.85 1.84666
      vertex 2.92169 81.85 1.86564
      vertex 2.97777 81.85 2.16914
    endloop
  endfacet
  facet normal 0 1 0
    outer loop
      vertex 3.45 81.85 1.49571
      vertex 3.53631 81.85 1.84666
      vertex 4.14237 81.85 1.62607
    endloop
  endfacet
  facet normal 0 1 0
    outer loop
      vertex 3.53631 81.85 1.84666
      vertex 3.45 81.85 1.49571
      vertex 2.92169 81.85 1.86564
    endloop
  endfacet
  facet normal 0 1 -0
    outer loop
      vertex 4.6575 81.85 1.05621
      vertex 4.14237 81.85 1.62607
      vertex 4.77752 81.85 1.51408
    endloop
  endfacet
  facet normal 0 1 0
    outer loop
      vertex 49.6225 81.85 1.51408
      vertex 49.1 81.85 1
      vertex 4.77752 81.85 1.51408
    endloop
  endfacet
  facet normal 0 1 0
    outer loop
      vertex 50.2576 81.85 1.62607
      vertex 49.7425 81.85 1.05621
      vertex 49.6225 81.85 1.51408
    endloop
  endfacet
  facet normal 0 1 -0
    outer loop
      vertex 5.3 81.85 1
      vertex 4.77752 81.85 1.51408
      vertex 49.1 81.85 1
    endloop
  endfacet
  facet normal 0 1 0
    outer loop
      vertex 49.6225 81.85 1.51408
      vertex 49.7425 81.85 1.05621
      vertex 49.1 81.85 1
    endloop
  endfacet
  facet normal -0 1 0
    outer loop
      vertex 4.6575 81.85 1.05621
      vertex 4.77752 81.85 1.51408
      vertex 5.3 81.85 1
    endloop
  endfacet
  facet normal 0 1 0
    outer loop
      vertex 4.14237 81.85 1.62607
      vertex 4.03453 81.85 1.22314
      vertex 3.45 81.85 1.49571
    endloop
  endfacet
  facet normal 0 1 0
    outer loop
      vertex 4.14237 81.85 1.62607
      vertex 4.6575 81.85 1.05621
      vertex 4.03453 81.85 1.22314
    endloop
  endfacet
  facet normal -1 0 0
    outer loop
      vertex 51.2 37.84 2.04083
      vertex 51.2 39.85 36.6
      vertex 51.2 39.85 2.04083
    endloop
  endfacet
  facet normal -1 -0 0
    outer loop
      vertex 51.2 39.85 36.6
      vertex 51.2 37.84 2.04083
      vertex 51.2 37.84 36.6
    endloop
  endfacet
  facet normal -0 0 1
    outer loop
      vertex 51.2 39.85 36.6
      vertex 52.9859 37.84 36.6
      vertex 52.9859 39.85 36.6
    endloop
  endfacet
  facet normal 0 0 1
    outer loop
      vertex 52.9859 37.84 36.6
      vertex 51.2 39.85 36.6
      vertex 51.2 37.84 36.6
    endloop
  endfacet
  facet normal 0 1 -0
    outer loop
      vertex 52.9859 39.85 4.87752
      vertex 51.2 39.85 36.6
      vertex 52.9859 39.85 36.6
    endloop
  endfacet
  facet normal 0 1 0
    outer loop
      vertex 51.2 39.85 2.04083
      vertex 52.9859 39.85 4.87752
      vertex 52.8739 39.85 4.24237
    endloop
  endfacet
  facet normal 0 1 0
    outer loop
      vertex 51.2 39.85 2.04083
      vertex 52.8739 39.85 4.24237
      vertex 52.6533 39.85 3.63631
    endloop
  endfacet
  facet normal 0 1 0
    outer loop
      vertex 51.2 39.85 2.04083
      vertex 52.6533 39.85 3.63631
      vertex 52.3309 39.85 3.07777
    endloop
  endfacet
  facet normal 0 1 0
    outer loop
      vertex 51.2 39.85 2.04083
      vertex 52.3309 39.85 3.07777
      vertex 51.9163 39.85 2.5837
    endloop
  endfacet
  facet normal 0 1 0
    outer loop
      vertex 51.2 39.85 2.04083
      vertex 51.9163 39.85 2.5837
      vertex 51.4222 39.85 2.16914
    endloop
  endfacet
  facet normal 0 1 0
    outer loop
      vertex 52.9859 39.85 4.87752
      vertex 51.2 39.85 2.04083
      vertex 51.2 39.85 36.6
    endloop
  endfacet
  facet normal 0 -1 0
    outer loop
      vertex 51.2 37.84 36.6
      vertex 52.9859 37.84 4.87752
      vertex 52.9859 37.84 36.6
    endloop
  endfacet
  facet normal 0 -1 0
    outer loop
      vertex 51.2 37.84 2.04083
      vertex 52.9859 37.84 4.87752
      vertex 51.2 37.84 36.6
    endloop
  endfacet
  facet normal 0 -1 0
    outer loop
      vertex 52.9859 37.84 4.87752
      vertex 51.2 37.84 2.04083
      vertex 52.8739 37.84 4.24237
    endloop
  endfacet
  facet normal 0 -1 0
    outer loop
      vertex 52.8739 37.84 4.24237
      vertex 51.2 37.84 2.04083
      vertex 52.6533 37.84 3.63631
    endloop
  endfacet
  facet normal 0 -1 0
    outer loop
      vertex 52.6533 37.84 3.63631
      vertex 51.2 37.84 2.04083
      vertex 52.3309 37.84 3.07777
    endloop
  endfacet
  facet normal 0 -1 0
    outer loop
      vertex 52.3309 37.84 3.07777
      vertex 51.2 37.84 2.04083
      vertex 51.9163 37.84 2.5837
    endloop
  endfacet
  facet normal 0 -1 0
    outer loop
      vertex 51.9163 37.84 2.5837
      vertex 51.2 37.84 2.04083
      vertex 51.4222 37.84 2.16914
    endloop
  endfacet
  facet normal -1 0 0
    outer loop
      vertex 51.2 42.15 2.04083
      vertex 51.2 44.16 36.6
      vertex 51.2 44.16 2.04083
    endloop
  endfacet
  facet normal -1 -0 0
    outer loop
      vertex 51.2 44.16 36.6
      vertex 51.2 42.15 2.04083
      vertex 51.2 42.15 36.6
    endloop
  endfacet
  facet normal -0 0 1
    outer loop
      vertex 51.2 44.16 36.6
      vertex 52.9859 42.15 36.6
      vertex 52.9859 44.16 36.6
    endloop
  endfacet
  facet normal 0 0 1
    outer loop
      vertex 52.9859 42.15 36.6
      vertex 51.2 44.16 36.6
      vertex 51.2 42.15 36.6
    endloop
  endfacet
  facet normal 0 1 -0
    outer loop
      vertex 52.9859 44.16 4.87752
      vertex 51.2 44.16 36.6
      vertex 52.9859 44.16 36.6
    endloop
  endfacet
  facet normal 0 1 0
    outer loop
      vertex 51.2 44.16 2.04083
      vertex 52.9859 44.16 4.87752
      vertex 52.8739 44.16 4.24237
    endloop
  endfacet
  facet normal 0 1 0
    outer loop
      vertex 51.2 44.16 2.04083
      vertex 52.8739 44.16 4.24237
      vertex 52.6533 44.16 3.63631
    endloop
  endfacet
  facet normal 0 1 0
    outer loop
      vertex 51.2 44.16 2.04083
      vertex 52.6533 44.16 3.63631
      vertex 52.3309 44.16 3.07777
    endloop
  endfacet
  facet normal 0 1 0
    outer loop
      vertex 51.2 44.16 2.04083
      vertex 52.3309 44.16 3.07777
      vertex 51.9163 44.16 2.5837
    endloop
  endfacet
  facet normal 0 1 0
    outer loop
      vertex 51.2 44.16 2.04083
      vertex 51.9163 44.16 2.5837
      vertex 51.4222 44.16 2.16914
    endloop
  endfacet
  facet normal 0 1 0
    outer loop
      vertex 52.9859 44.16 4.87752
      vertex 51.2 44.16 2.04083
      vertex 51.2 44.16 36.6
    endloop
  endfacet
  facet normal 0 -1 0
    outer loop
      vertex 51.2 42.15 36.6
      vertex 52.9859 42.15 4.87752
      vertex 52.9859 42.15 36.6
    endloop
  endfacet
  facet normal 0 -1 0
    outer loop
      vertex 51.2 42.15 2.04083
      vertex 52.9859 42.15 4.87752
      vertex 51.2 42.15 36.6
    endloop
  endfacet
  facet normal 0 -1 0
    outer loop
      vertex 52.9859 42.15 4.87752
      vertex 51.2 42.15 2.04083
      vertex 52.8739 42.15 4.24237
    endloop
  endfacet
  facet normal 0 -1 0
    outer loop
      vertex 52.8739 42.15 4.24237
      vertex 51.2 42.15 2.04083
      vertex 52.6533 42.15 3.63631
    endloop
  endfacet
  facet normal 0 -1 0
    outer loop
      vertex 52.6533 42.15 3.63631
      vertex 51.2 42.15 2.04083
      vertex 52.3309 42.15 3.07777
    endloop
  endfacet
  facet normal 0 -1 0
    outer loop
      vertex 52.3309 42.15 3.07777
      vertex 51.2 42.15 2.04083
      vertex 51.9163 42.15 2.5837
    endloop
  endfacet
  facet normal 0 -1 0
    outer loop
      vertex 51.9163 42.15 2.5837
      vertex 51.2 42.15 2.04083
      vertex 51.4222 42.15 2.16914
    endloop
  endfacet
  facet normal 1 -0 0
    outer loop
      vertex 3.2 42.15 36.6
      vertex 3.2 44.16 2.04083
      vertex 3.2 44.16 36.6
    endloop
  endfacet
  facet normal 1 0 0
    outer loop
      vertex 3.2 44.16 2.04083
      vertex 3.2 42.15 36.6
      vertex 3.2 42.15 2.04083
    endloop
  endfacet
  facet normal -0 0 1
    outer loop
      vertex 1.41408 44.16 36.6
      vertex 3.2 42.15 36.6
      vertex 3.2 44.16 36.6
    endloop
  endfacet
  facet normal 0 0 1
    outer loop
      vertex 3.2 42.15 36.6
      vertex 1.41408 44.16 36.6
      vertex 1.41408 42.15 36.6
    endloop
  endfacet
  facet normal 0 -1 0
    outer loop
      vertex 1.41408 42.15 4.87752
      vertex 3.2 42.15 36.6
      vertex 1.41408 42.15 36.6
    endloop
  endfacet
  facet normal 0 -1 0
    outer loop
      vertex 3.2 42.15 2.04083
      vertex 1.41408 42.15 4.87752
      vertex 1.52607 42.15 4.24237
    endloop
  endfacet
  facet normal 0 -1 0
    outer loop
      vertex 3.2 42.15 2.04083
      vertex 1.52607 42.15 4.24237
      vertex 1.74666 42.15 3.63631
    endloop
  endfacet
  facet normal 0 -1 0
    outer loop
      vertex 3.2 42.15 2.04083
      vertex 1.74666 42.15 3.63631
      vertex 2.06914 42.15 3.07777
    endloop
  endfacet
  facet normal 0 -1 0
    outer loop
      vertex 3.2 42.15 2.04083
      vertex 2.06914 42.15 3.07777
      vertex 2.4837 42.15 2.5837
    endloop
  endfacet
  facet normal 0 -1 0
    outer loop
      vertex 3.2 42.15 2.04083
      vertex 2.4837 42.15 2.5837
      vertex 2.97777 42.15 2.16914
    endloop
  endfacet
  facet normal 0 -1 0
    outer loop
      vertex 1.41408 42.15 4.87752
      vertex 3.2 42.15 2.04083
      vertex 3.2 42.15 36.6
    endloop
  endfacet
  facet normal 0 1 0
    outer loop
      vertex 3.2 44.16 36.6
      vertex 1.41408 44.16 4.87752
      vertex 1.41408 44.16 36.6
    endloop
  endfacet
  facet normal 0 1 -0
    outer loop
      vertex 3.2 44.16 2.04083
      vertex 1.41408 44.16 4.87752
      vertex 3.2 44.16 36.6
    endloop
  endfacet
  facet normal 0 1 0
    outer loop
      vertex 1.41408 44.16 4.87752
      vertex 3.2 44.16 2.04083
      vertex 1.52607 44.16 4.24237
    endloop
  endfacet
  facet normal 0 1 0
    outer loop
      vertex 1.52607 44.16 4.24237
      vertex 3.2 44.16 2.04083
      vertex 1.74666 44.16 3.63631
    endloop
  endfacet
  facet normal 0 1 0
    outer loop
      vertex 1.74666 44.16 3.63631
      vertex 3.2 44.16 2.04083
      vertex 2.06914 44.16 3.07777
    endloop
  endfacet
  facet normal 0 1 0
    outer loop
      vertex 2.06914 44.16 3.07777
      vertex 3.2 44.16 2.04083
      vertex 2.4837 44.16 2.5837
    endloop
  endfacet
  facet normal 0 1 0
    outer loop
      vertex 2.4837 44.16 2.5837
      vertex 3.2 44.16 2.04083
      vertex 2.97777 44.16 2.16914
    endloop
  endfacet
  facet normal 1 -0 0
    outer loop
      vertex 3.2 37.84 36.6
      vertex 3.2 39.85 2.04083
      vertex 3.2 39.85 36.6
    endloop
  endfacet
  facet normal 1 0 0
    outer loop
      vertex 3.2 39.85 2.04083
      vertex 3.2 37.84 36.6
      vertex 3.2 37.84 2.04083
    endloop
  endfacet
  facet normal -0 0 1
    outer loop
      vertex 1.41408 39.85 36.6
      vertex 3.2 37.84 36.6
      vertex 3.2 39.85 36.6
    endloop
  endfacet
  facet normal 0 0 1
    outer loop
      vertex 3.2 37.84 36.6
      vertex 1.41408 39.85 36.6
      vertex 1.41408 37.84 36.6
    endloop
  endfacet
  facet normal 0 -1 0
    outer loop
      vertex 1.41408 37.84 4.87752
      vertex 3.2 37.84 36.6
      vertex 1.41408 37.84 36.6
    endloop
  endfacet
  facet normal 0 -1 0
    outer loop
      vertex 3.2 37.84 2.04083
      vertex 1.41408 37.84 4.87752
      vertex 1.52607 37.84 4.24237
    endloop
  endfacet
  facet normal 0 -1 0
    outer loop
      vertex 3.2 37.84 2.04083
      vertex 1.52607 37.84 4.24237
      vertex 1.74666 37.84 3.63631
    endloop
  endfacet
  facet normal 0 -1 0
    outer loop
      vertex 3.2 37.84 2.04083
      vertex 1.74666 37.84 3.63631
      vertex 2.06914 37.84 3.07777
    endloop
  endfacet
  facet normal 0 -1 0
    outer loop
      vertex 3.2 37.84 2.04083
      vertex 2.06914 37.84 3.07777
      vertex 2.4837 37.84 2.5837
    endloop
  endfacet
  facet normal 0 -1 0
    outer loop
      vertex 3.2 37.84 2.04083
      vertex 2.4837 37.84 2.5837
      vertex 2.97777 37.84 2.16914
    endloop
  endfacet
  facet normal 0 -1 0
    outer loop
      vertex 1.41408 37.84 4.87752
      vertex 3.2 37.84 2.04083
      vertex 3.2 37.84 36.6
    endloop
  endfacet
  facet normal 0 1 0
    outer loop
      vertex 3.2 39.85 36.6
      vertex 1.41408 39.85 4.87752
      vertex 1.41408 39.85 36.6
    endloop
  endfacet
  facet normal 0 1 -0
    outer loop
      vertex 3.2 39.85 2.04083
      vertex 1.41408 39.85 4.87752
      vertex 3.2 39.85 36.6
    endloop
  endfacet
  facet normal 0 1 0
    outer loop
      vertex 1.41408 39.85 4.87752
      vertex 3.2 39.85 2.04083
      vertex 1.52607 39.85 4.24237
    endloop
  endfacet
  facet normal 0 1 0
    outer loop
      vertex 1.52607 39.85 4.24237
      vertex 3.2 39.85 2.04083
      vertex 1.74666 39.85 3.63631
    endloop
  endfacet
  facet normal 0 1 0
    outer loop
      vertex 1.74666 39.85 3.63631
      vertex 3.2 39.85 2.04083
      vertex 2.06914 39.85 3.07777
    endloop
  endfacet
  facet normal 0 1 0
    outer loop
      vertex 2.06914 39.85 3.07777
      vertex 3.2 39.85 2.04083
      vertex 2.4837 39.85 2.5837
    endloop
  endfacet
  facet normal 0 1 0
    outer loop
      vertex 2.4837 39.85 2.5837
      vertex 3.2 39.85 2.04083
      vertex 2.97777 39.85 2.16914
    endloop
  endfacet
  facet normal -1 0 0
    outer loop
      vertex 51.2 58.84 2.04083
      vertex 51.2 60.85 36.6
      vertex 51.2 60.85 2.04083
    endloop
  endfacet
  facet normal -1 -0 0
    outer loop
      vertex 51.2 60.85 36.6
      vertex 51.2 58.84 2.04083
      vertex 51.2 58.84 36.6
    endloop
  endfacet
  facet normal -0 0 1
    outer loop
      vertex 51.2 60.85 36.6
      vertex 52.9859 58.84 36.6
      vertex 52.9859 60.85 36.6
    endloop
  endfacet
  facet normal 0 0 1
    outer loop
      vertex 52.9859 58.84 36.6
      vertex 51.2 60.85 36.6
      vertex 51.2 58.84 36.6
    endloop
  endfacet
  facet normal 0 1 -0
    outer loop
      vertex 52.9859 60.85 4.87752
      vertex 51.2 60.85 36.6
      vertex 52.9859 60.85 36.6
    endloop
  endfacet
  facet normal 0 1 0
    outer loop
      vertex 51.2 60.85 2.04083
      vertex 52.9859 60.85 4.87752
      vertex 52.8739 60.85 4.24237
    endloop
  endfacet
  facet normal 0 1 0
    outer loop
      vertex 51.2 60.85 2.04083
      vertex 52.8739 60.85 4.24237
      vertex 52.6533 60.85 3.63631
    endloop
  endfacet
  facet normal 0 1 0
    outer loop
      vertex 51.2 60.85 2.04083
      vertex 52.6533 60.85 3.63631
      vertex 52.3309 60.85 3.07777
    endloop
  endfacet
  facet normal 0 1 0
    outer loop
      vertex 51.2 60.85 2.04083
      vertex 52.3309 60.85 3.07777
      vertex 51.9163 60.85 2.5837
    endloop
  endfacet
  facet normal 0 1 0
    outer loop
      vertex 51.2 60.85 2.04083
      vertex 51.9163 60.85 2.5837
      vertex 51.4222 60.85 2.16914
    endloop
  endfacet
  facet normal 0 1 0
    outer loop
      vertex 52.9859 60.85 4.87752
      vertex 51.2 60.85 2.04083
      vertex 51.2 60.85 36.6
    endloop
  endfacet
  facet normal 0 -1 0
    outer loop
      vertex 51.2 58.84 36.6
      vertex 52.9859 58.84 4.87752
      vertex 52.9859 58.84 36.6
    endloop
  endfacet
  facet normal 0 -1 0
    outer loop
      vertex 51.2 58.84 2.04083
      vertex 52.9859 58.84 4.87752
      vertex 51.2 58.84 36.6
    endloop
  endfacet
  facet normal 0 -1 0
    outer loop
      vertex 52.9859 58.84 4.87752
      vertex 51.2 58.84 2.04083
      vertex 52.8739 58.84 4.24237
    endloop
  endfacet
  facet normal 0 -1 0
    outer loop
      vertex 52.8739 58.84 4.24237
      vertex 51.2 58.84 2.04083
      vertex 52.6533 58.84 3.63631
    endloop
  endfacet
  facet normal 0 -1 0
    outer loop
      vertex 52.6533 58.84 3.63631
      vertex 51.2 58.84 2.04083
      vertex 52.3309 58.84 3.07777
    endloop
  endfacet
  facet normal 0 -1 0
    outer loop
      vertex 52.3309 58.84 3.07777
      vertex 51.2 58.84 2.04083
      vertex 51.9163 58.84 2.5837
    endloop
  endfacet
  facet normal 0 -1 0
    outer loop
      vertex 51.9163 58.84 2.5837
      vertex 51.2 58.84 2.04083
      vertex 51.4222 58.84 2.16914
    endloop
  endfacet
  facet normal -1 0 0
    outer loop
      vertex 51.2 63.15 2.04083
      vertex 51.2 65.16 36.6
      vertex 51.2 65.16 2.04083
    endloop
  endfacet
  facet normal -1 -0 0
    outer loop
      vertex 51.2 65.16 36.6
      vertex 51.2 63.15 2.04083
      vertex 51.2 63.15 36.6
    endloop
  endfacet
  facet normal -0 0 1
    outer loop
      vertex 51.2 65.16 36.6
      vertex 52.9859 63.15 36.6
      vertex 52.9859 65.16 36.6
    endloop
  endfacet
  facet normal 0 0 1
    outer loop
      vertex 52.9859 63.15 36.6
      vertex 51.2 65.16 36.6
      vertex 51.2 63.15 36.6
    endloop
  endfacet
  facet normal 0 1 -0
    outer loop
      vertex 52.9859 65.16 4.87752
      vertex 51.2 65.16 36.6
      vertex 52.9859 65.16 36.6
    endloop
  endfacet
  facet normal 0 1 0
    outer loop
      vertex 51.2 65.16 2.04083
      vertex 52.9859 65.16 4.87752
      vertex 52.8739 65.16 4.24237
    endloop
  endfacet
  facet normal 0 1 0
    outer loop
      vertex 51.2 65.16 2.04083
      vertex 52.8739 65.16 4.24237
      vertex 52.6533 65.16 3.63631
    endloop
  endfacet
  facet normal 0 1 0
    outer loop
      vertex 51.2 65.16 2.04083
      vertex 52.6533 65.16 3.63631
      vertex 52.3309 65.16 3.07777
    endloop
  endfacet
  facet normal 0 1 0
    outer loop
      vertex 51.2 65.16 2.04083
      vertex 52.3309 65.16 3.07777
      vertex 51.9163 65.16 2.5837
    endloop
  endfacet
  facet normal 0 1 0
    outer loop
      vertex 51.2 65.16 2.04083
      vertex 51.9163 65.16 2.5837
      vertex 51.4222 65.16 2.16914
    endloop
  endfacet
  facet normal 0 1 0
    outer loop
      vertex 52.9859 65.16 4.87752
      vertex 51.2 65.16 2.04083
      vertex 51.2 65.16 36.6
    endloop
  endfacet
  facet normal 0 -1 0
    outer loop
      vertex 51.2 63.15 36.6
      vertex 52.9859 63.15 4.87752
      vertex 52.9859 63.15 36.6
    endloop
  endfacet
  facet normal 0 -1 0
    outer loop
      vertex 51.2 63.15 2.04083
      vertex 52.9859 63.15 4.87752
      vertex 51.2 63.15 36.6
    endloop
  endfacet
  facet normal 0 -1 0
    outer loop
      vertex 52.9859 63.15 4.87752
      vertex 51.2 63.15 2.04083
      vertex 52.8739 63.15 4.24237
    endloop
  endfacet
  facet normal 0 -1 0
    outer loop
      vertex 52.8739 63.15 4.24237
      vertex 51.2 63.15 2.04083
      vertex 52.6533 63.15 3.63631
    endloop
  endfacet
  facet normal 0 -1 0
    outer loop
      vertex 52.6533 63.15 3.63631
      vertex 51.2 63.15 2.04083
      vertex 52.3309 63.15 3.07777
    endloop
  endfacet
  facet normal 0 -1 0
    outer loop
      vertex 52.3309 63.15 3.07777
      vertex 51.2 63.15 2.04083
      vertex 51.9163 63.15 2.5837
    endloop
  endfacet
  facet normal 0 -1 0
    outer loop
      vertex 51.9163 63.15 2.5837
      vertex 51.2 63.15 2.04083
      vertex 51.4222 63.15 2.16914
    endloop
  endfacet
  facet normal 1 -0 0
    outer loop
      vertex 3.2 63.15 36.6
      vertex 3.2 65.16 2.04083
      vertex 3.2 65.16 36.6
    endloop
  endfacet
  facet normal 1 0 0
    outer loop
      vertex 3.2 65.16 2.04083
      vertex 3.2 63.15 36.6
      vertex 3.2 63.15 2.04083
    endloop
  endfacet
  facet normal -0 0 1
    outer loop
      vertex 1.41408 65.16 36.6
      vertex 3.2 63.15 36.6
      vertex 3.2 65.16 36.6
    endloop
  endfacet
  facet normal 0 0 1
    outer loop
      vertex 3.2 63.15 36.6
      vertex 1.41408 65.16 36.6
      vertex 1.41408 63.15 36.6
    endloop
  endfacet
  facet normal 0 -1 0
    outer loop
      vertex 1.41408 63.15 4.87752
      vertex 3.2 63.15 36.6
      vertex 1.41408 63.15 36.6
    endloop
  endfacet
  facet normal 0 -1 0
    outer loop
      vertex 3.2 63.15 2.04083
      vertex 1.41408 63.15 4.87752
      vertex 1.52607 63.15 4.24237
    endloop
  endfacet
  facet normal 0 -1 0
    outer loop
      vertex 3.2 63.15 2.04083
      vertex 1.52607 63.15 4.24237
      vertex 1.74666 63.15 3.63631
    endloop
  endfacet
  facet normal 0 -1 0
    outer loop
      vertex 3.2 63.15 2.04083
      vertex 1.74666 63.15 3.63631
      vertex 2.06914 63.15 3.07777
    endloop
  endfacet
  facet normal 0 -1 0
    outer loop
      vertex 3.2 63.15 2.04083
      vertex 2.06914 63.15 3.07777
      vertex 2.4837 63.15 2.5837
    endloop
  endfacet
  facet normal 0 -1 0
    outer loop
      vertex 3.2 63.15 2.04083
      vertex 2.4837 63.15 2.5837
      vertex 2.97777 63.15 2.16914
    endloop
  endfacet
  facet normal 0 -1 0
    outer loop
      vertex 1.41408 63.15 4.87752
      vertex 3.2 63.15 2.04083
      vertex 3.2 63.15 36.6
    endloop
  endfacet
  facet normal 0 1 0
    outer loop
      vertex 3.2 65.16 36.6
      vertex 1.41408 65.16 4.87752
      vertex 1.41408 65.16 36.6
    endloop
  endfacet
  facet normal 0 1 -0
    outer loop
      vertex 3.2 65.16 2.04083
      vertex 1.41408 65.16 4.87752
      vertex 3.2 65.16 36.6
    endloop
  endfacet
  facet normal 0 1 0
    outer loop
      vertex 1.41408 65.16 4.87752
      vertex 3.2 65.16 2.04083
      vertex 1.52607 65.16 4.24237
    endloop
  endfacet
  facet normal 0 1 0
    outer loop
      vertex 1.52607 65.16 4.24237
      vertex 3.2 65.16 2.04083
      vertex 1.74666 65.16 3.63631
    endloop
  endfacet
  facet normal 0 1 0
    outer loop
      vertex 1.74666 65.16 3.63631
      vertex 3.2 65.16 2.04083
      vertex 2.06914 65.16 3.07777
    endloop
  endfacet
  facet normal 0 1 0
    outer loop
      vertex 2.06914 65.16 3.07777
      vertex 3.2 65.16 2.04083
      vertex 2.4837 65.16 2.5837
    endloop
  endfacet
  facet normal 0 1 0
    outer loop
      vertex 2.4837 65.16 2.5837
      vertex 3.2 65.16 2.04083
      vertex 2.97777 65.16 2.16914
    endloop
  endfacet
  facet normal 1 -0 0
    outer loop
      vertex 3.2 58.84 36.6
      vertex 3.2 60.85 2.04083
      vertex 3.2 60.85 36.6
    endloop
  endfacet
  facet normal 1 0 0
    outer loop
      vertex 3.2 60.85 2.04083
      vertex 3.2 58.84 36.6
      vertex 3.2 58.84 2.04083
    endloop
  endfacet
  facet normal -0 0 1
    outer loop
      vertex 1.41408 60.85 36.6
      vertex 3.2 58.84 36.6
      vertex 3.2 60.85 36.6
    endloop
  endfacet
  facet normal 0 0 1
    outer loop
      vertex 3.2 58.84 36.6
      vertex 1.41408 60.85 36.6
      vertex 1.41408 58.84 36.6
    endloop
  endfacet
  facet normal 0 -1 0
    outer loop
      vertex 1.41408 58.84 4.87752
      vertex 3.2 58.84 36.6
      vertex 1.41408 58.84 36.6
    endloop
  endfacet
  facet normal 0 -1 0
    outer loop
      vertex 3.2 58.84 2.04083
      vertex 1.41408 58.84 4.87752
      vertex 1.52607 58.84 4.24237
    endloop
  endfacet
  facet normal 0 -1 0
    outer loop
      vertex 3.2 58.84 2.04083
      vertex 1.52607 58.84 4.24237
      vertex 1.74666 58.84 3.63631
    endloop
  endfacet
  facet normal 0 -1 0
    outer loop
      vertex 3.2 58.84 2.04083
      vertex 1.74666 58.84 3.63631
      vertex 2.06914 58.84 3.07777
    endloop
  endfacet
  facet normal 0 -1 0
    outer loop
      vertex 3.2 58.84 2.04083
      vertex 2.06914 58.84 3.07777
      vertex 2.4837 58.84 2.5837
    endloop
  endfacet
  facet normal 0 -1 0
    outer loop
      vertex 3.2 58.84 2.04083
      vertex 2.4837 58.84 2.5837
      vertex 2.97777 58.84 2.16914
    endloop
  endfacet
  facet normal 0 -1 0
    outer loop
      vertex 1.41408 58.84 4.87752
      vertex 3.2 58.84 2.04083
      vertex 3.2 58.84 36.6
    endloop
  endfacet
  facet normal 0 1 0
    outer loop
      vertex 3.2 60.85 36.6
      vertex 1.41408 60.85 4.87752
      vertex 1.41408 60.85 36.6
    endloop
  endfacet
  facet normal 0 1 -0
    outer loop
      vertex 3.2 60.85 2.04083
      vertex 1.41408 60.85 4.87752
      vertex 3.2 60.85 36.6
    endloop
  endfacet
  facet normal 0 1 0
    outer loop
      vertex 1.41408 60.85 4.87752
      vertex 3.2 60.85 2.04083
      vertex 1.52607 60.85 4.24237
    endloop
  endfacet
  facet normal 0 1 0
    outer loop
      vertex 1.52607 60.85 4.24237
      vertex 3.2 60.85 2.04083
      vertex 1.74666 60.85 3.63631
    endloop
  endfacet
  facet normal 0 1 0
    outer loop
      vertex 1.74666 60.85 3.63631
      vertex 3.2 60.85 2.04083
      vertex 2.06914 60.85 3.07777
    endloop
  endfacet
  facet normal 0 1 0
    outer loop
      vertex 2.06914 60.85 3.07777
      vertex 3.2 60.85 2.04083
      vertex 2.4837 60.85 2.5837
    endloop
  endfacet
  facet normal 0 1 0
    outer loop
      vertex 2.4837 60.85 2.5837
      vertex 3.2 60.85 2.04083
      vertex 2.97777 60.85 2.16914
    endloop
  endfacet
  facet normal -1 0 0
    outer loop
      vertex 51.2 79.84 2.04083
      vertex 51.2 81.85 36.6
      vertex 51.2 81.85 2.04083
    endloop
  endfacet
  facet normal -1 -0 0
    outer loop
      vertex 51.2 81.85 36.6
      vertex 51.2 79.84 2.04083
      vertex 51.2 79.84 36.6
    endloop
  endfacet
  facet normal -0 0 1
    outer loop
      vertex 51.2 81.85 36.6
      vertex 52.9859 79.84 36.6
      vertex 52.9859 81.85 36.6
    endloop
  endfacet
  facet normal 0 0 1
    outer loop
      vertex 52.9859 79.84 36.6
      vertex 51.2 81.85 36.6
      vertex 51.2 79.84 36.6
    endloop
  endfacet
  facet normal 0 1 -0
    outer loop
      vertex 52.9859 81.85 4.87752
      vertex 51.2 81.85 36.6
      vertex 52.9859 81.85 36.6
    endloop
  endfacet
  facet normal 0 1 0
    outer loop
      vertex 51.2 81.85 2.04083
      vertex 52.9859 81.85 4.87752
      vertex 52.8739 81.85 4.24237
    endloop
  endfacet
  facet normal 0 1 0
    outer loop
      vertex 51.2 81.85 2.04083
      vertex 52.8739 81.85 4.24237
      vertex 52.6533 81.85 3.63631
    endloop
  endfacet
  facet normal 0 1 0
    outer loop
      vertex 51.2 81.85 2.04083
      vertex 52.6533 81.85 3.63631
      vertex 52.3309 81.85 3.07777
    endloop
  endfacet
  facet normal 0 1 0
    outer loop
      vertex 51.2 81.85 2.04083
      vertex 52.3309 81.85 3.07777
      vertex 51.9163 81.85 2.5837
    endloop
  endfacet
  facet normal 0 1 0
    outer loop
      vertex 51.2 81.85 2.04083
      vertex 51.9163 81.85 2.5837
      vertex 51.4222 81.85 2.16914
    endloop
  endfacet
  facet normal 0 1 0
    outer loop
      vertex 52.9859 81.85 4.87752
      vertex 51.2 81.85 2.04083
      vertex 51.2 81.85 36.6
    endloop
  endfacet
  facet normal 0 -1 0
    outer loop
      vertex 51.2 79.84 36.6
      vertex 52.9859 79.84 4.87752
      vertex 52.9859 79.84 36.6
    endloop
  endfacet
  facet normal 0 -1 0
    outer loop
      vertex 51.2 79.84 2.04083
      vertex 52.9859 79.84 4.87752
      vertex 51.2 79.84 36.6
    endloop
  endfacet
  facet normal 0 -1 0
    outer loop
      vertex 52.9859 79.84 4.87752
      vertex 51.2 79.84 2.04083
      vertex 52.8739 79.84 4.24237
    endloop
  endfacet
  facet normal 0 -1 0
    outer loop
      vertex 52.8739 79.84 4.24237
      vertex 51.2 79.84 2.04083
      vertex 52.6533 79.84 3.63631
    endloop
  endfacet
  facet normal 0 -1 0
    outer loop
      vertex 52.6533 79.84 3.63631
      vertex 51.2 79.84 2.04083
      vertex 52.3309 79.84 3.07777
    endloop
  endfacet
  facet normal 0 -1 0
    outer loop
      vertex 52.3309 79.84 3.07777
      vertex 51.2 79.84 2.04083
      vertex 51.9163 79.84 2.5837
    endloop
  endfacet
  facet normal 0 -1 0
    outer loop
      vertex 51.9163 79.84 2.5837
      vertex 51.2 79.84 2.04083
      vertex 51.4222 79.84 2.16914
    endloop
  endfacet
  facet normal -1 0 0
    outer loop
      vertex 51.2 84.15 2.04083
      vertex 51.2 86.16 36.6
      vertex 51.2 86.16 2.04083
    endloop
  endfacet
  facet normal -1 -0 0
    outer loop
      vertex 51.2 86.16 36.6
      vertex 51.2 84.15 2.04083
      vertex 51.2 84.15 36.6
    endloop
  endfacet
  facet normal -0 0 1
    outer loop
      vertex 51.2 86.16 36.6
      vertex 52.9859 84.15 36.6
      vertex 52.9859 86.16 36.6
    endloop
  endfacet
  facet normal 0 0 1
    outer loop
      vertex 52.9859 84.15 36.6
      vertex 51.2 86.16 36.6
      vertex 51.2 84.15 36.6
    endloop
  endfacet
  facet normal 0 1 -0
    outer loop
      vertex 52.9859 86.16 4.87752
      vertex 51.2 86.16 36.6
      vertex 52.9859 86.16 36.6
    endloop
  endfacet
  facet normal 0 1 0
    outer loop
      vertex 51.2 86.16 2.04083
      vertex 52.9859 86.16 4.87752
      vertex 52.8739 86.16 4.24237
    endloop
  endfacet
  facet normal 0 1 0
    outer loop
      vertex 51.2 86.16 2.04083
      vertex 52.8739 86.16 4.24237
      vertex 52.6533 86.16 3.63631
    endloop
  endfacet
  facet normal 0 1 0
    outer loop
      vertex 51.2 86.16 2.04083
      vertex 52.6533 86.16 3.63631
      vertex 52.3309 86.16 3.07777
    endloop
  endfacet
  facet normal 0 1 0
    outer loop
      vertex 51.2 86.16 2.04083
      vertex 52.3309 86.16 3.07777
      vertex 51.9163 86.16 2.5837
    endloop
  endfacet
  facet normal 0 1 0
    outer loop
      vertex 51.2 86.16 2.04083
      vertex 51.9163 86.16 2.5837
      vertex 51.4222 86.16 2.16914
    endloop
  endfacet
  facet normal 0 1 0
    outer loop
      vertex 52.9859 86.16 4.87752
      vertex 51.2 86.16 2.04083
      vertex 51.2 86.16 36.6
    endloop
  endfacet
  facet normal 0 -1 0
    outer loop
      vertex 51.2 84.15 36.6
      vertex 52.9859 84.15 4.87752
      vertex 52.9859 84.15 36.6
    endloop
  endfacet
  facet normal 0 -1 0
    outer loop
      vertex 51.2 84.15 2.04083
      vertex 52.9859 84.15 4.87752
      vertex 51.2 84.15 36.6
    endloop
  endfacet
  facet normal 0 -1 0
    outer loop
      vertex 52.9859 84.15 4.87752
      vertex 51.2 84.15 2.04083
      vertex 52.8739 84.15 4.24237
    endloop
  endfacet
  facet normal 0 -1 0
    outer loop
      vertex 52.8739 84.15 4.24237
      vertex 51.2 84.15 2.04083
      vertex 52.6533 84.15 3.63631
    endloop
  endfacet
  facet normal 0 -1 0
    outer loop
      vertex 52.6533 84.15 3.63631
      vertex 51.2 84.15 2.04083
      vertex 52.3309 84.15 3.07777
    endloop
  endfacet
  facet normal 0 -1 0
    outer loop
      vertex 52.3309 84.15 3.07777
      vertex 51.2 84.15 2.04083
      vertex 51.9163 84.15 2.5837
    endloop
  endfacet
  facet normal 0 -1 0
    outer loop
      vertex 51.9163 84.15 2.5837
      vertex 51.2 84.15 2.04083
      vertex 51.4222 84.15 2.16914
    endloop
  endfacet
  facet normal 1 -0 0
    outer loop
      vertex 3.2 84.15 36.6
      vertex 3.2 86.16 2.04083
      vertex 3.2 86.16 36.6
    endloop
  endfacet
  facet normal 1 0 0
    outer loop
      vertex 3.2 86.16 2.04083
      vertex 3.2 84.15 36.6
      vertex 3.2 84.15 2.04083
    endloop
  endfacet
  facet normal -0 0 1
    outer loop
      vertex 1.41408 86.16 36.6
      vertex 3.2 84.15 36.6
      vertex 3.2 86.16 36.6
    endloop
  endfacet
  facet normal 0 0 1
    outer loop
      vertex 3.2 84.15 36.6
      vertex 1.41408 86.16 36.6
      vertex 1.41408 84.15 36.6
    endloop
  endfacet
  facet normal 0 -1 0
    outer loop
      vertex 1.41408 84.15 4.87752
      vertex 3.2 84.15 36.6
      vertex 1.41408 84.15 36.6
    endloop
  endfacet
  facet normal 0 -1 0
    outer loop
      vertex 3.2 84.15 2.04083
      vertex 1.41408 84.15 4.87752
      vertex 1.52607 84.15 4.24237
    endloop
  endfacet
  facet normal 0 -1 0
    outer loop
      vertex 3.2 84.15 2.04083
      vertex 1.52607 84.15 4.24237
      vertex 1.74666 84.15 3.63631
    endloop
  endfacet
  facet normal 0 -1 0
    outer loop
      vertex 3.2 84.15 2.04083
      vertex 1.74666 84.15 3.63631
      vertex 2.06914 84.15 3.07777
    endloop
  endfacet
  facet normal 0 -1 0
    outer loop
      vertex 3.2 84.15 2.04083
      vertex 2.06914 84.15 3.07777
      vertex 2.4837 84.15 2.5837
    endloop
  endfacet
  facet normal 0 -1 0
    outer loop
      vertex 3.2 84.15 2.04083
      vertex 2.4837 84.15 2.5837
      vertex 2.97777 84.15 2.16914
    endloop
  endfacet
  facet normal 0 -1 0
    outer loop
      vertex 1.41408 84.15 4.87752
      vertex 3.2 84.15 2.04083
      vertex 3.2 84.15 36.6
    endloop
  endfacet
  facet normal 0 1 0
    outer loop
      vertex 3.2 86.16 36.6
      vertex 1.41408 86.16 4.87752
      vertex 1.41408 86.16 36.6
    endloop
  endfacet
  facet normal 0 1 -0
    outer loop
      vertex 3.2 86.16 2.04083
      vertex 1.41408 86.16 4.87752
      vertex 3.2 86.16 36.6
    endloop
  endfacet
  facet normal 0 1 0
    outer loop
      vertex 1.41408 86.16 4.87752
      vertex 3.2 86.16 2.04083
      vertex 1.52607 86.16 4.24237
    endloop
  endfacet
  facet normal 0 1 0
    outer loop
      vertex 1.52607 86.16 4.24237
      vertex 3.2 86.16 2.04083
      vertex 1.74666 86.16 3.63631
    endloop
  endfacet
  facet normal 0 1 0
    outer loop
      vertex 1.74666 86.16 3.63631
      vertex 3.2 86.16 2.04083
      vertex 2.06914 86.16 3.07777
    endloop
  endfacet
  facet normal 0 1 0
    outer loop
      vertex 2.06914 86.16 3.07777
      vertex 3.2 86.16 2.04083
      vertex 2.4837 86.16 2.5837
    endloop
  endfacet
  facet normal 0 1 0
    outer loop
      vertex 2.4837 86.16 2.5837
      vertex 3.2 86.16 2.04083
      vertex 2.97777 86.16 2.16914
    endloop
  endfacet
  facet normal 1 -0 0
    outer loop
      vertex 3.2 79.84 36.6
      vertex 3.2 81.85 2.04083
      vertex 3.2 81.85 36.6
    endloop
  endfacet
  facet normal 1 0 0
    outer loop
      vertex 3.2 81.85 2.04083
      vertex 3.2 79.84 36.6
      vertex 3.2 79.84 2.04083
    endloop
  endfacet
  facet normal -0 0 1
    outer loop
      vertex 1.41408 81.85 36.6
      vertex 3.2 79.84 36.6
      vertex 3.2 81.85 36.6
    endloop
  endfacet
  facet normal 0 0 1
    outer loop
      vertex 3.2 79.84 36.6
      vertex 1.41408 81.85 36.6
      vertex 1.41408 79.84 36.6
    endloop
  endfacet
  facet normal 0 -1 0
    outer loop
      vertex 1.41408 79.84 4.87752
      vertex 3.2 79.84 36.6
      vertex 1.41408 79.84 36.6
    endloop
  endfacet
  facet normal 0 -1 0
    outer loop
      vertex 3.2 79.84 2.04083
      vertex 1.41408 79.84 4.87752
      vertex 1.52607 79.84 4.24237
    endloop
  endfacet
  facet normal 0 -1 0
    outer loop
      vertex 3.2 79.84 2.04083
      vertex 1.52607 79.84 4.24237
      vertex 1.74666 79.84 3.63631
    endloop
  endfacet
  facet normal 0 -1 0
    outer loop
      vertex 3.2 79.84 2.04083
      vertex 1.74666 79.84 3.63631
      vertex 2.06914 79.84 3.07777
    endloop
  endfacet
  facet normal 0 -1 0
    outer loop
      vertex 3.2 79.84 2.04083
      vertex 2.06914 79.84 3.07777
      vertex 2.4837 79.84 2.5837
    endloop
  endfacet
  facet normal 0 -1 0
    outer loop
      vertex 3.2 79.84 2.04083
      vertex 2.4837 79.84 2.5837
      vertex 2.97777 79.84 2.16914
    endloop
  endfacet
  facet normal 0 -1 0
    outer loop
      vertex 1.41408 79.84 4.87752
      vertex 3.2 79.84 2.04083
      vertex 3.2 79.84 36.6
    endloop
  endfacet
  facet normal 0 1 0
    outer loop
      vertex 3.2 81.85 36.6
      vertex 1.41408 81.85 4.87752
      vertex 1.41408 81.85 36.6
    endloop
  endfacet
  facet normal 0 1 -0
    outer loop
      vertex 3.2 81.85 2.04083
      vertex 1.41408 81.85 4.87752
      vertex 3.2 81.85 36.6
    endloop
  endfacet
  facet normal 0 1 0
    outer loop
      vertex 1.41408 81.85 4.87752
      vertex 3.2 81.85 2.04083
      vertex 1.52607 81.85 4.24237
    endloop
  endfacet
  facet normal 0 1 0
    outer loop
      vertex 1.52607 81.85 4.24237
      vertex 3.2 81.85 2.04083
      vertex 1.74666 81.85 3.63631
    endloop
  endfacet
  facet normal 0 1 0
    outer loop
      vertex 1.74666 81.85 3.63631
      vertex 3.2 81.85 2.04083
      vertex 2.06914 81.85 3.07777
    endloop
  endfacet
  facet normal 0 1 0
    outer loop
      vertex 2.06914 81.85 3.07777
      vertex 3.2 81.85 2.04083
      vertex 2.4837 81.85 2.5837
    endloop
  endfacet
  facet normal 0 1 0
    outer loop
      vertex 2.4837 81.85 2.5837
      vertex 3.2 81.85 2.04083
      vertex 2.97777 81.85 2.16914
    endloop
  endfacet
endsolid OpenSCAD_Model
