;FLAVOR:Marlin
;TIME:6175
;Filament used: 4.5288m
;Layer height: 0.2
;MINX:57.43
;MINY:62.876
;MINZ:0.28
;MAXX:162.57
;MAXY:155.627
;MAXZ:2.48
;Generated with Cura_SteamEngine main
M82 ;absolute extrusion mode
M201 X500.00 Y500.00 Z100.00 E5000.00 ;Setup machine max acceleration
M203 X500.00 Y500.00 Z10.00 E50.00 ;Setup machine max feedrate
M204 P500.00 R1000.00 T500.00 ;Setup Print/Retract/Travel acceleration
M205 X8.00 Y8.00 Z0.40 E5.00 ;Setup Jerk
M220 S100 ;Reset Feedrate
M221 S100 ;Reset Flowrate

;*** Start Dual Nozzle/Bed Preheating ***
M140 S50 ; start preheating the bed
M104 S210 ?T0 ; start preheating hotend
M190 S50 ; heat to Cura Bed setting and WAIT
M109 S210 ?T0 ; heat to Cura Hotend and WAIT
;*** End Preheating ***


;*** Single Print Start Tone
M300 S1000 P500 ; chirp to indicate starting to print
;*** End Single Start Tone

G28 ;Home

G92 E0 ;Reset Extruder
G1 Z2.0 F3000 ;Move Z Axis up
G1 X10.1 Y20 Z0.28 F5000.0 ;Move to start position
G1 X10.1 Y200.0 Z0.28 F1500.0 E15 ;Draw the first line
G1 X10.4 Y200.0 Z0.28 F5000.0 ;Move to side a little
G1 X10.4 Y20 Z0.28 F1500.0 E30 ;Draw the second line
G92 E0 ;Reset Extruder
G1 Z2.0 F3000 ;Move Z Axis up
G92 E0
G92 E0
G1 F2400 E-2
;LAYER_COUNT:12
;LAYER:0
M107
M204 S500
M205 X5 Y5
G0 F7500 X106.491 Y65.614 Z0.28
G0 X106.154 Y66.434
M205 X8 Y8
;TYPE:SKIRT
G1 F1200 E0
G1 F1500 X106.217 Y66.199 E0.0115
G1 X106.491 Y65.614 E0.04204
G1 X106.859 Y65.087 E0.07243
G1 X107.303 Y64.644 E0.10208
G1 X107.831 Y64.274 E0.13257
G1 X108.415 Y64.002 E0.16302
G1 X108.54 Y63.968 E0.16915
G1 X106.154 Y66.434 E0.33137
M205 X5 Y5
G0 F7500 X105.544 Y67.451
M205 X8 Y8
G1 F1500 X105.607 Y66.742 E0.36502
G1 X105.793 Y66.041 E0.39931
G1 X106.098 Y65.389 E0.43334
G1 X106.511 Y64.799 E0.46739
G1 X107.015 Y64.296 E0.50105
G1 X107.606 Y63.882 E0.53517
G1 X108.259 Y63.578 E0.56922
G1 X108.957 Y63.391 E0.60339
G1 X109.667 Y63.327 E0.63709
G1 X110.377 Y63.391 E0.67079
G1 X111.075 Y63.578 E0.70495
G1 X111.728 Y63.882 E0.73901
G1 X112.322 Y64.298 E0.77329
G1 X112.82 Y64.796 E0.80659
G1 X113.236 Y65.39 E0.84087
G1 X113.54 Y66.043 E0.87493
G1 X113.727 Y66.741 E0.90909
G1 X113.736 Y66.842 E0.91388
G1 X110.539 Y63.638 E1.12787
G1 X110.196 Y63.5 E1.14535
G1 X109.841 Y63.489 E1.16214
G1 X109.546 Y63.614 E1.17729
G1 X109.376 Y63.743 E1.18738
G1 X108.659 Y64.496 E1.23653
G1 X106.257 Y66.974 E1.39969
G1 X105.563 Y67.669 E1.44613
G1 X105.544 Y67.451 E1.45647
M205 X5 Y5
G0 F7500 X105.093 Y67.451
M205 X8 Y8
G1 F1500 X105.162 Y66.66 E1.49401
G1 X105.367 Y65.89 E1.53168
G1 X105.709 Y65.159 E1.56984
G1 X106.165 Y64.508 E1.60741
G1 X106.724 Y63.95 E1.64476
G1 X107.379 Y63.491 E1.68257
G1 X108.106 Y63.152 E1.72049
G1 X108.874 Y62.946 E1.75808
G1 X109.667 Y62.876 E1.79572
G1 X110.46 Y62.946 E1.83336
G1 X111.228 Y63.152 E1.87095
G1 X111.955 Y63.491 E1.90887
G1 X112.61 Y63.95 E1.94669
G1 X113.168 Y64.508 E1.98399
G1 X113.627 Y65.163 E2.02181
G1 X113.966 Y65.89 E2.05973
G1 X114.172 Y66.658 E2.09732
G1 X114.242 Y67.451 E2.13496
G1 X114.198 Y67.943 E2.15831
G1 X110.262 Y63.998 E2.42178
G1 X110.007 Y63.927 E2.43429
G1 X109.869 Y63.952 E2.44092
G1 X109.702 Y64.054 E2.45017
G1 X108.982 Y64.809 E2.49949
G1 X106.573 Y67.294 E2.66312
G1 X105.261 Y68.61 E2.75098
G1 X105.162 Y68.241 E2.76904
G1 X105.093 Y67.451 E2.80653
M205 X5 Y5
G1 F2400 E0.80653
;MESH:PictureFrame_photo_support.stl
G0 F7500 X107.225 Y69.58
G0 X65.945 Y110.903
G0 X64.312 Y112.803
G0 X62.876 Y114.899
G0 X61.656 Y117.059
G0 X60.664 Y119.374
G0 X59.895 Y121.72
G0 X59.375 Y124.185
G0 X59.072 Y126.69
G0 X59.044 Y129.262
G0 X59.239 Y131.787
G0 X59.708 Y134.278
G0 X60.374 Y136.651
G0 X61.316 Y138.989
G0 X62.436 Y141.195
G0 X63.817 Y143.305
G0 X65.377 Y145.289
G0 X67.202 Y147.152
G0 X68.504 Y148.295
G0 X69.878 Y149.343
G0 X72.011 Y150.715
G0 X74.256 Y151.832
G0 X76.582 Y152.741
G0 X78.979 Y153.391
G0 X81.417 Y153.833
G0 X83.875 Y154.013
G0 X86.345 Y153.988
G0 X88.803 Y153.7
G0 X91.222 Y153.203
G0 X93.597 Y152.444
G0 X95.91 Y151.478
G0 X98.133 Y150.245
G0 X100.237 Y148.821
G0 X101.84 Y147.453
G0 X109.342 Y140.535
M205 X8 Y8
;TYPE:WALL-INNER
G1 F1200 E2.80653
G1 F1500 X109.826 Y140.384 E2.83316
G1 X110.099 Y140.374 E2.84751
G1 X110.41 Y140.419 E2.86402
G1 X110.849 Y140.639 E2.88981
G1 X116.935 Y146.608 E3.33761
G1 X119.642 Y148.974 E3.52647
G1 X122.507 Y150.864 E3.70677
G1 X125.544 Y152.336 E3.88405
G1 X128.744 Y153.395 E4.06112
G1 X131.986 Y154.02 E4.23455
G1 X135.3 Y154.231 E4.40899
G1 X138.614 Y154.02 E4.58343
G1 X141.856 Y153.393 E4.75689
G1 X145.056 Y152.336 E4.93392
G1 X148.093 Y150.864 E5.1112
G1 X150.958 Y148.973 E5.29153
G1 X153.615 Y146.653 E5.47682
G1 X155.935 Y143.997 E5.66207
G1 X157.824 Y141.134 E5.84225
G1 X159.297 Y138.098 E6.01951
G1 X160.356 Y134.899 E6.19653
G1 X160.981 Y131.658 E6.36991
G1 X161.192 Y128.343 E6.5444
G1 X160.981 Y125.029 E6.71884
G1 X160.354 Y121.79 E6.89215
G1 X159.297 Y118.592 E7.06908
G1 X157.824 Y115.556 E7.24634
G1 X155.935 Y112.694 E7.42647
G1 X153.57 Y109.99 E7.61518
G1 X110.031 Y66.351 E10.85336
G1 X107.871 Y68.58 E11.01641
G1 X66.42 Y110.088 E14.09788
G1 X65.219 Y111.368 E14.19008
G1 X64.144 Y112.674 E14.27894
G1 X63.155 Y114.053 E14.36808
G1 X62.255 Y115.494 E14.45733
G1 X61.467 Y116.965 E14.54499
G1 X60.767 Y118.504 E14.6338
G1 X60.169 Y120.087 E14.72269
G1 X59.691 Y121.665 E14.80931
G1 X59.304 Y123.322 E14.89869
G1 X59.03 Y124.978 E14.98686
G1 X58.862 Y126.675 E15.07644
G1 X58.805 Y128.404 E15.16732
G1 X58.862 Y130.117 E15.25735
G1 X59.03 Y131.814 E15.34693
G1 X59.304 Y133.474 E15.43531
G1 X59.691 Y135.129 E15.52459
G1 X60.174 Y136.72 E15.61194
G1 X60.767 Y138.29 E15.7001
G1 X61.467 Y139.831 E15.789
G1 X62.254 Y141.3 E15.87655
G1 X63.153 Y142.741 E15.96577
G1 X64.14 Y144.117 E16.05472
G1 X65.219 Y145.428 E16.14391
G1 X66.404 Y146.691 E16.23489
G1 X67.691 Y147.901 E16.32768
G1 X69.046 Y149.011 E16.4197
G1 X70.439 Y149.998 E16.50938
G1 X71.907 Y150.899 E16.59986
G1 X73.4 Y151.682 E16.68842
G1 X74.939 Y152.364 E16.77684
G1 X76.515 Y152.941 E16.865
G1 X78.117 Y153.412 E16.95272
G1 X79.737 Y153.778 E17.03996
G1 X81.391 Y154.042 E17.12795
G1 X83.038 Y154.198 E17.21485
G1 X84.699 Y154.252 E17.30215
G1 X86.359 Y154.198 E17.3894
G1 X88.018 Y154.04 E17.47694
G1 X89.648 Y153.777 E17.56367
G1 X91.275 Y153.407 E17.65132
G1 X92.87 Y152.935 E17.7387
G1 X94.46 Y152.352 E17.82766
G1 X96.002 Y151.668 E17.91627
G1 X97.491 Y150.886 E18.00462
G1 X98.957 Y149.985 E18.09501
G1 X100.364 Y148.99 E18.18553
G1 X101.706 Y147.896 E18.27649
G1 X103.023 Y146.665 E18.37118
G1 X109.052 Y140.747 E18.81497
G1 X109.342 Y140.535 E18.83384
M205 X5 Y5
G0 F7500 X110.231 Y140.883
M205 X8 Y8
G1 F1500 X110.58 Y141.076 E18.85479
G1 X116.595 Y146.975 E19.29735
G1 X119.339 Y149.372 E19.48874
G1 X122.259 Y151.3 E19.67255
G1 X125.355 Y152.8 E19.85327
G1 X128.617 Y153.88 E20.03377
G1 X131.922 Y154.517 E20.21058
G1 X135.3 Y154.732 E20.38838
G1 X138.677 Y154.517 E20.56614
G1 X141.983 Y153.878 E20.74301
G1 X145.244 Y152.8 E20.92343
G1 X148.341 Y151.3 E21.1042
G1 X151.262 Y149.372 E21.28805
G1 X153.969 Y147.007 E21.47687
G1 X156.333 Y144.301 E21.66562
G1 X158.26 Y141.382 E21.84936
G1 X159.761 Y138.287 E22.03005
G1 X160.841 Y135.026 E22.2105
G1 X161.478 Y131.722 E22.38726
G1 X161.693 Y128.343 E22.56512
G1 X161.478 Y124.966 E22.74287
G1 X160.839 Y121.664 E22.91954
G1 X159.761 Y118.403 E23.09996
G1 X158.26 Y115.308 E23.28065
G1 X156.333 Y112.391 E23.4643
G1 X153.936 Y109.649 E23.65561
G1 X110.025 Y65.639 E26.9214
G1 X107.517 Y68.227 E27.11071
G1 X66.061 Y109.74 E30.19255
G1 X64.844 Y111.038 E30.28602
G1 X63.748 Y112.369 E30.37659
G1 X62.739 Y113.774 E30.46745
G1 X61.823 Y115.244 E30.55844
G1 X61.018 Y116.743 E30.64782
G1 X60.305 Y118.312 E30.73835
G1 X59.696 Y119.926 E30.82897
G1 X59.208 Y121.536 E30.91734
G1 X58.813 Y123.224 E31.0084
G1 X58.534 Y124.912 E31.09828
G1 X58.362 Y126.642 E31.1896
G1 X58.305 Y128.404 E31.28221
G1 X58.362 Y130.15 E31.37398
G1 X58.534 Y131.88 E31.4653
G1 X58.813 Y133.572 E31.55538
G1 X59.208 Y135.259 E31.6464
G1 X59.701 Y136.881 E31.73545
G1 X60.305 Y138.482 E31.82534
G1 X61.018 Y140.052 E31.91592
G1 X61.821 Y141.551 E32.00525
G1 X62.737 Y143.02 E32.09619
G1 X63.744 Y144.422 E32.18686
G1 X64.844 Y145.758 E32.27777
G1 X66.05 Y147.045 E32.37042
G1 X67.361 Y148.277 E32.46492
G1 X68.742 Y149.408 E32.55869
G1 X70.163 Y150.416 E32.65021
G1 X71.66 Y151.334 E32.74246
G1 X73.182 Y152.133 E32.83276
G1 X74.752 Y152.828 E32.92295
G1 X76.359 Y153.416 E33.01284
G1 X77.992 Y153.897 E33.10226
G1 X79.642 Y154.27 E33.19112
G1 X81.328 Y154.539 E33.28081
G1 X83.007 Y154.698 E33.3694
G1 X84.699 Y154.752 E33.45833
G1 X86.391 Y154.698 E33.54726
G1 X88.081 Y154.536 E33.63644
G1 X89.743 Y154.268 E33.72487
G1 X91.401 Y153.891 E33.81419
G1 X93.027 Y153.41 E33.90326
G1 X94.648 Y152.815 E33.99397
G1 X96.22 Y152.118 E34.0843
G1 X97.738 Y151.321 E34.17436
G1 X99.233 Y150.403 E34.26652
G1 X100.667 Y149.388 E34.35881
G1 X102.035 Y148.273 E34.45152
G1 X103.369 Y147.026 E34.54744
G1 X109.407 Y141.1 E34.99186
G1 X109.632 Y140.968 E35.00556
G1 X109.893 Y140.887 E35.01992
G1 X110.231 Y140.883 E35.03767
M205 X5 Y5
G0 F7500 X110.039 Y141.336
M205 X8 Y8
;TYPE:WALL-OUTER
G1 F1500 X110.298 Y141.459 E35.05123
G1 X116.272 Y147.323 E35.44699
G1 X119.05 Y149.751 E35.62142
G1 X122.024 Y151.714 E35.78989
G1 X125.176 Y153.242 E35.95549
G1 X128.497 Y154.34 E36.12086
G1 X131.862 Y154.989 E36.28288
G1 X135.3 Y155.208 E36.44575
G1 X138.738 Y154.989 E36.60862
G1 X142.103 Y154.338 E36.77065
G1 X145.423 Y153.242 E36.93595
G1 X148.576 Y151.714 E37.10159
G1 X151.55 Y149.751 E37.27006
G1 X154.306 Y147.344 E37.44305
G1 X156.712 Y144.589 E37.61598
G1 X158.674 Y141.618 E37.78431
G1 X160.203 Y138.466 E37.94993
G1 X161.301 Y135.146 E38.11525
G1 X161.95 Y131.782 E38.27723
G1 X162.169 Y128.343 E38.44014
G1 X161.95 Y124.905 E38.60301
G1 X161.299 Y121.543 E38.76491
G1 X160.203 Y118.224 E38.93015
G1 X158.674 Y115.072 E39.09578
G1 X156.712 Y112.102 E39.26407
G1 X154.283 Y109.324 E39.43853
G1 X110.017 Y64.957 E42.40153
G1 X109.595 Y65.401 E42.43049
G1 X107.181 Y67.891 E42.59445
G1 X65.719 Y109.41 E45.36851
G1 X64.487 Y110.724 E45.45367
G1 X63.371 Y112.08 E45.53669
G1 X62.345 Y113.51 E45.6199
G1 X61.411 Y115.005 E45.70324
G1 X60.592 Y116.532 E45.78516
G1 X59.866 Y118.13 E45.86814
G1 X59.246 Y119.773 E45.95117
G1 X58.749 Y121.413 E46.03218
G1 X58.347 Y123.132 E46.11564
G1 X58.063 Y124.85 E46.19797
G1 X57.888 Y126.611 E46.28163
G1 X57.83 Y128.404 E46.36645
G1 X57.888 Y130.182 E46.45055
G1 X58.063 Y131.942 E46.53417
G1 X58.347 Y133.664 E46.61668
G1 X58.749 Y135.382 E46.7001
G1 X59.251 Y137.034 E46.78172
G1 X59.866 Y138.664 E46.86409
G1 X60.592 Y140.263 E46.94711
G1 X61.409 Y141.789 E47.02895
G1 X62.343 Y143.284 E47.11228
G1 X63.367 Y144.711 E47.19532
G1 X64.487 Y146.072 E47.27865
G1 X65.714 Y147.38 E47.36344
G1 X67.047 Y148.634 E47.44996
G1 X68.454 Y149.786 E47.53594
G1 X69.902 Y150.813 E47.61986
G1 X71.425 Y151.747 E47.70433
G1 X72.975 Y152.561 E47.7871
G1 X74.574 Y153.269 E47.86977
G1 X76.21 Y153.868 E47.95214
G1 X77.872 Y154.357 E48.03405
G1 X79.552 Y154.736 E48.11547
G1 X81.268 Y155.01 E48.19762
G1 X82.977 Y155.172 E48.27878
G1 X84.699 Y155.227 E48.36023
G1 X86.421 Y155.172 E48.44169
G1 X88.142 Y155.007 E48.52342
G1 X89.834 Y154.735 E48.60444
G1 X91.522 Y154.351 E48.68629
G1 X93.177 Y153.861 E48.76789
G1 X94.826 Y153.256 E48.85093
G1 X96.426 Y152.546 E48.93369
G1 X97.973 Y151.734 E49.01629
G1 X99.494 Y150.8 E49.10067
G1 X100.954 Y149.766 E49.18525
G1 X102.347 Y148.631 E49.2702
G1 X103.698 Y147.369 E49.35761
G1 X109.741 Y141.436 E49.75798
G1 X110.039 Y141.336 E49.77284
M205 X5 Y5
G0 F7500 X110.22 Y141.422
G1 F2400 E47.77284
G0 F7500 X110.532 Y140.787
G0 X119.77 Y148.805
G0 X122.612 Y150.68
G0 X125.623 Y152.141
G0 X128.797 Y153.19
G0 X132.013 Y153.81
G0 X135.3 Y154.021
G0 X138.587 Y153.81
G0 X141.803 Y153.188
G0 X144.977 Y152.141
G0 X147.988 Y150.68
G0 X150.83 Y148.805
G0 X153.466 Y146.504
G0 X155.766 Y143.869
G0 X157.641 Y141.03
G0 X159.102 Y138.019
G0 X160.151 Y134.846
G0 X160.771 Y131.631
G0 X160.981 Y128.343
G0 X160.771 Y125.056
G0 X160.15 Y121.843
G0 X159.102 Y118.671
G0 X157.641 Y115.661
G0 X155.766 Y112.822
G0 X153.651 Y110.403
G0 X110.122 Y66.656
G1 F1200 E49.77284
G0 F7500 X110.035 Y66.742
M205 X8 Y8
;TYPE:SKIN
G1 F1500 X108.083 Y68.755 E49.85533
G1 X66.617 Y110.278 E51.58157
G1 X65.426 Y111.548 E51.63279
G1 X64.363 Y112.842 E51.68205
G1 X63.383 Y114.205 E51.73144
G1 X62.493 Y115.632 E51.78091
G1 X61.712 Y117.088 E51.82952
G1 X61.02 Y118.609 E51.87867
G1 X60.422 Y120.188 E51.92834
G1 X59.957 Y121.737 E51.97592
G1 X59.572 Y123.377 E52.02547
G1 X59.301 Y125.015 E52.07431
G1 X59.134 Y126.693 E52.12392
G1 X59.079 Y128.403 E52.17425
G1 X59.134 Y130.099 E52.22416
G1 X59.301 Y131.777 E52.27377
G1 X59.572 Y133.418 E52.3227
G1 X59.957 Y135.057 E52.37222
G1 X60.429 Y136.617 E52.42017
G1 X61.02 Y138.184 E52.46943
G1 X61.712 Y139.709 E52.5187
G1 X62.49 Y141.162 E52.56718
G1 X63.381 Y142.587 E52.61662
G1 X64.358 Y143.948 E52.6659
G1 X65.424 Y145.246 E52.71531
G1 X66.598 Y146.498 E52.7658
G1 X67.871 Y147.695 E52.8172
G1 X69.211 Y148.793 E52.86817
G1 X70.59 Y149.77 E52.91788
G1 X72.04 Y150.66 E52.96793
G1 X73.518 Y151.435 E53.01702
G1 X75.041 Y152.109 E53.06602
G1 X76.599 Y152.68 E53.11483
G1 X78.186 Y153.146 E53.16348
G1 X79.789 Y153.51 E53.21184
G1 X81.426 Y153.771 E53.2606
G1 X83.057 Y153.926 E53.3088
G1 X84.699 Y153.978 E53.35713
G1 X86.34 Y153.926 E53.40542
G1 X87.982 Y153.769 E53.45395
G1 X89.595 Y153.508 E53.50201
G1 X91.208 Y153.141 E53.55068
G1 X92.783 Y152.676 E53.59898
G1 X94.355 Y152.099 E53.64824
G1 X95.882 Y151.42 E53.6974
G1 X97.356 Y150.647 E53.74637
G1 X98.805 Y149.758 E53.79637
G1 X100.199 Y148.771 E53.84662
G1 X101.524 Y147.69 E53.89692
G1 X102.834 Y146.467 E53.94964
G1 X108.93 Y140.49 E54.20078
G1 X109.324 Y140.258 E54.21423
G1 X109.747 Y140.118 E54.22734
G1 X110.124 Y140.102 E54.23844
G1 X110.513 Y140.159 E54.25001
G1 X111.047 Y140.448 E54.26787
G1 X117.12 Y146.407 E54.51816
G1 X119.807 Y148.755 E54.62313
G1 X122.642 Y150.625 E54.72303
G1 X125.641 Y152.082 E54.82111
G1 X128.826 Y153.134 E54.91979
G1 X132.022 Y153.747 E55.01552
G1 X135.3 Y153.957 E55.11214
G1 X138.578 Y153.747 E55.20877
G1 X141.774 Y153.13 E55.30452
G1 X144.959 Y152.082 E55.40316
G1 X147.958 Y150.625 E55.50124
G1 X150.793 Y148.755 E55.60114
G1 X153.423 Y146.459 E55.70384
G1 X155.716 Y143.832 E55.80642
G1 X157.586 Y141 E55.90625
G1 X159.043 Y138.001 E56.00433
G1 X160.095 Y134.817 E56.10298
G1 X160.708 Y131.622 E56.19868
G1 X160.917 Y128.342 E56.29536
G1 X160.708 Y125.063 E56.39201
G1 X160.092 Y121.872 E56.48762
G1 X159.043 Y118.689 E56.5862
G1 X157.586 Y115.691 E56.68426
G1 X155.716 Y112.862 E56.78402
G1 X153.37 Y110.178 E56.88888
G1 X110.035 Y66.742 E58.6938
M205 X5 Y5
G0 F7500 X109.786 Y67.2
M205 X8 Y8
G1 F1500 X110.294 Y67.2 E58.70874
M205 X5 Y5
G0 F7500 X110.573 Y67.48
M205 X8 Y8
G1 F1500 X109.515 Y67.48 E58.73987
M205 X5 Y5
G0 F7500 X109.243 Y67.76
M205 X8 Y8
G1 F1500 X110.853 Y67.76 E58.78723
M205 X5 Y5
G0 F7500 X111.132 Y68.04
M205 X8 Y8
G1 F1500 X108.972 Y68.04 E58.85077
M205 X5 Y5
G0 F7500 X108.7 Y68.32
M205 X8 Y8
G1 F1500 X111.411 Y68.32 E58.93052
M205 X5 Y5
G0 F7500 X111.691 Y68.6
M205 X8 Y8
G1 F1500 X108.429 Y68.6 E59.02648
M205 X5 Y5
G0 F7500 X108.157 Y68.88
M205 X8 Y8
G1 F1500 X111.97 Y68.88 E59.13864
M205 X5 Y5
G0 F7500 X112.249 Y69.16
M205 X8 Y8
G1 F1500 X107.877 Y69.16 E59.26725
M205 X5 Y5
G0 F7500 X107.597 Y69.44
M205 X8 Y8
G1 F1500 X112.529 Y69.44 E59.41234
M205 X5 Y5
G0 F7500 X112.808 Y69.72
M205 X8 Y8
G1 F1500 X107.318 Y69.72 E59.57384
M205 X5 Y5
G0 F7500 X107.038 Y70
M205 X8 Y8
G1 F1500 X113.088 Y70 E59.75181
M205 X5 Y5
G0 F7500 X113.367 Y70.28
M205 X8 Y8
G1 F1500 X106.758 Y70.28 E59.94623
M205 X5 Y5
G0 F7500 X106.479 Y70.56
M205 X8 Y8
G1 F1500 X113.646 Y70.56 E60.15706
M205 X5 Y5
G0 F7500 X113.926 Y70.84
M205 X8 Y8
G1 F1500 X106.199 Y70.84 E60.38436
M205 X5 Y5
G0 F7500 X105.92 Y71.12
M205 X8 Y8
G1 F1500 X114.205 Y71.12 E60.62808
M205 X5 Y5
G0 F7500 X114.484 Y71.4
M205 X8 Y8
G1 F1500 X105.64 Y71.4 E60.88824
M205 X5 Y5
G0 F7500 X105.36 Y71.68
M205 X8 Y8
G1 F1500 X114.764 Y71.68 E61.16488
M205 X5 Y5
G0 F7500 X115.043 Y71.96
M205 X8 Y8
G1 F1500 X105.081 Y71.96 E61.45793
M205 X5 Y5
G0 F7500 X104.801 Y72.24
M205 X8 Y8
G1 F1500 X115.322 Y72.24 E61.76743
M205 X5 Y5
G0 F7500 X115.602 Y72.52
M205 X8 Y8
G1 F1500 X104.522 Y72.52 E62.09337
M205 X5 Y5
G0 F7500 X104.242 Y72.8
M205 X8 Y8
G1 F1500 X115.881 Y72.8 E62.43575
M205 X5 Y5
G0 F7500 X116.16 Y73.08
M205 X8 Y8
G1 F1500 X103.962 Y73.08 E62.79458
M205 X5 Y5
G0 F7500 X103.683 Y73.36
M205 X8 Y8
G1 F1500 X116.44 Y73.36 E63.16985
M205 X5 Y5
G0 F7500 X116.719 Y73.64
M205 X8 Y8
G1 F1500 X103.403 Y73.64 E63.56157
M205 X5 Y5
G0 F7500 X103.123 Y73.92
M205 X8 Y8
G1 F1500 X116.999 Y73.92 E63.96975
M205 X5 Y5
G0 F7500 X117.278 Y74.2
M205 X8 Y8
G1 F1500 X102.844 Y74.2 E64.39436
M205 X5 Y5
G0 F7500 X102.564 Y74.48
M205 X8 Y8
G1 F1500 X117.557 Y74.48 E64.83541
M205 X5 Y5
G0 F7500 X117.837 Y74.76
M205 X8 Y8
G1 F1500 X102.285 Y74.76 E65.2929
M205 X5 Y5
G0 F7500 X102.005 Y75.04
M205 X8 Y8
G1 F1500 X118.116 Y75.04 E65.76683
M205 X5 Y5
G0 F7500 X118.395 Y75.32
M205 X8 Y8
G1 F1500 X101.725 Y75.32 E66.25722
M205 X5 Y5
G0 F7500 X101.446 Y75.6
M205 X8 Y8
G1 F1500 X118.675 Y75.6 E66.76404
M205 X5 Y5
G0 F7500 X118.954 Y75.88
M205 X8 Y8
G1 F1500 X101.166 Y75.88 E67.28731
M205 X5 Y5
G0 F7500 X100.887 Y76.16
M205 X8 Y8
G1 F1500 X119.233 Y76.16 E67.82699
M205 X5 Y5
G0 F7500 X119.513 Y76.44
M205 X8 Y8
G1 F1500 X100.607 Y76.44 E68.38315
M205 X5 Y5
G0 F7500 X100.327 Y76.72
M205 X8 Y8
G1 F1500 X119.792 Y76.72 E68.95575
M205 X5 Y5
G0 F7500 X120.072 Y77
M205 X8 Y8
G1 F1500 X100.048 Y77 E69.54479
M205 X5 Y5
G0 F7500 X99.768 Y77.28
M205 X8 Y8
G1 F1500 X120.351 Y77.28 E70.15028
M205 X5 Y5
G0 F7500 X120.63 Y77.56
M205 X8 Y8
G1 F1500 X99.488 Y77.56 E70.77221
M205 X5 Y5
G0 F7500 X99.209 Y77.84
M205 X8 Y8
G1 F1500 X120.91 Y77.84 E71.41059
M205 X5 Y5
G0 F7500 X121.189 Y78.12
M205 X8 Y8
G1 F1500 X98.929 Y78.12 E72.06541
M205 X5 Y5
G0 F7500 X98.65 Y78.4
M205 X8 Y8
G1 F1500 X121.468 Y78.4 E72.73665
M205 X5 Y5
G0 F7500 X121.748 Y78.68
M205 X8 Y8
G1 F1500 X98.37 Y78.68 E73.42436
M205 X5 Y5
G0 F7500 X98.09 Y78.96
M205 X8 Y8
G1 F1500 X122.027 Y78.96 E74.12851
M205 X5 Y5
G0 F7500 X122.306 Y79.24
M205 X8 Y8
G1 F1500 X97.811 Y79.24 E74.84908
M205 X5 Y5
G0 F7500 X97.531 Y79.52
M205 X8 Y8
G1 F1500 X122.586 Y79.52 E75.58612
M205 X5 Y5
G0 F7500 X122.865 Y79.8
M205 X8 Y8
G1 F1500 X97.252 Y79.8 E76.33957
M205 X5 Y5
G0 F7500 X96.972 Y80.08
M205 X8 Y8
G1 F1500 X123.144 Y80.08 E77.10947
M205 X5 Y5
G0 F7500 X123.424 Y80.36
M205 X8 Y8
G1 F1500 X96.692 Y80.36 E77.89585
M205 X5 Y5
G0 F7500 X96.413 Y80.64
M205 X8 Y8
G1 F1500 X123.703 Y80.64 E78.69863
M205 X5 Y5
G0 F7500 X123.983 Y80.92
M205 X8 Y8
G1 F1500 X96.133 Y80.92 E79.51789
M205 X5 Y5
G0 F7500 X95.853 Y81.2
M205 X8 Y8
G1 F1500 X124.262 Y81.2 E80.3536
M205 X5 Y5
G0 F7500 X124.541 Y81.48
M205 X8 Y8
G1 F1500 X95.574 Y81.48 E81.20572
M205 X5 Y5
G0 F7500 X95.294 Y81.76
M205 X8 Y8
G1 F1500 X124.821 Y81.76 E82.07431
M205 X5 Y5
G0 F7500 X125.1 Y82.04
M205 X8 Y8
G1 F1500 X95.015 Y82.04 E82.95932
M205 X5 Y5
G0 F7500 X94.735 Y82.32
M205 X8 Y8
G1 F1500 X125.379 Y82.32 E83.86077
M205 X5 Y5
G0 F7500 X125.659 Y82.6
M205 X8 Y8
G1 F1500 X94.455 Y82.6 E84.7787
M205 X5 Y5
G0 F7500 X94.176 Y82.88
M205 X8 Y8
G1 F1500 X125.938 Y82.88 E85.71304
M205 X5 Y5
G0 F7500 X126.217 Y83.16
M205 X8 Y8
G1 F1500 X93.896 Y83.16 E86.66383
M205 X5 Y5
G0 F7500 X93.617 Y83.44
M205 X8 Y8
G1 F1500 X126.497 Y83.44 E87.63105
M205 X5 Y5
G0 F7500 X126.776 Y83.72
M205 X8 Y8
G1 F1500 X93.337 Y83.72 E88.61473
M205 X5 Y5
G0 F7500 X93.057 Y84
M205 X8 Y8
G1 F1500 X127.056 Y84 E89.61487
M205 X5 Y5
G0 F7500 X127.335 Y84.28
M205 X8 Y8
G1 F1500 X92.778 Y84.28 E90.63143
M205 X5 Y5
G0 F7500 X92.498 Y84.56
M205 X8 Y8
G1 F1500 X127.614 Y84.56 E91.66444
M205 X5 Y5
G0 F7500 X127.894 Y84.84
M205 X8 Y8
G1 F1500 X92.218 Y84.84 E92.71392
M205 X5 Y5
G0 F7500 X91.939 Y85.12
M205 X8 Y8
G1 F1500 X128.173 Y85.12 E93.77981
M205 X5 Y5
G0 F7500 X128.452 Y85.4
M205 X8 Y8
G1 F1500 X91.659 Y85.4 E94.86215
M205 X5 Y5
G0 F7500 X91.38 Y85.68
M205 X8 Y8
G1 F1500 X128.732 Y85.68 E95.96093
M205 X5 Y5
G0 F7500 X129.011 Y85.96
M205 X8 Y8
G1 F1500 X91.1 Y85.96 E97.07615
M205 X5 Y5
G0 F7500 X90.82 Y86.24
M205 X8 Y8
G1 F1500 X129.29 Y86.24 E98.20782
M205 X5 Y5
G0 F7500 X129.57 Y86.52
M205 X8 Y8
G1 F1500 X90.541 Y86.52 E99.35593
M205 X5 Y5
G0 F7500 X90.261 Y86.8
M205 X8 Y8
G1 F1500 X129.849 Y86.8 E100.52049
M205 X5 Y5
G0 F7500 X130.128 Y87.08
M205 X8 Y8
G1 F1500 X89.982 Y87.08 E101.70146
M205 X5 Y5
G0 F7500 X89.702 Y87.36
M205 X8 Y8
G1 F1500 X130.408 Y87.36 E102.89891
M205 X5 Y5
G0 F7500 X130.687 Y87.64
M205 X8 Y8
G1 F1500 X89.422 Y87.64 E104.1128
M205 X5 Y5
G0 F7500 X89.143 Y87.92
M205 X8 Y8
G1 F1500 X130.967 Y87.92 E105.34313
M205 X5 Y5
G0 F7500 X131.246 Y88.2
M205 X8 Y8
G1 F1500 X88.863 Y88.2 E106.58991
M205 X5 Y5
G0 F7500 X88.583 Y88.48
M205 X8 Y8
G1 F1500 X131.525 Y88.48 E107.85313
M205 X5 Y5
G0 F7500 X131.805 Y88.76
M205 X8 Y8
G1 F1500 X88.304 Y88.76 E109.1328
M205 X5 Y5
G0 F7500 X88.024 Y89.04
M205 X8 Y8
G1 F1500 X132.084 Y89.04 E110.42891
M205 X5 Y5
G0 F7500 X132.363 Y89.32
M205 X8 Y8
G1 F1500 X87.745 Y89.32 E111.74143
M205 X5 Y5
G0 F7500 X87.465 Y89.6
M205 X8 Y8
G1 F1500 X132.643 Y89.6 E113.07043
M205 X5 Y5
G0 F7500 X132.922 Y89.88
M205 X8 Y8
G1 F1500 X87.185 Y89.88 E114.41587
M205 X5 Y5
G0 F7500 X86.906 Y90.16
M205 X8 Y8
G1 F1500 X133.201 Y90.16 E115.77773
M205 X5 Y5
G0 F7500 X133.481 Y90.44
M205 X8 Y8
G1 F1500 X86.626 Y90.44 E117.15606
M205 X5 Y5
G0 F7500 X86.347 Y90.72
M205 X8 Y8
G1 F1500 X133.76 Y90.72 E118.5508
M205 X5 Y5
G0 F7500 X134.04 Y91
M205 X8 Y8
G1 F1500 X86.067 Y91 E119.96202
M205 X5 Y5
G0 F7500 X85.787 Y91.28
M205 X8 Y8
G1 F1500 X134.319 Y91.28 E121.38968
M205 X5 Y5
G0 F7500 X134.598 Y91.56
M205 X8 Y8
G1 F1500 X85.508 Y91.56 E122.83376
M205 X5 Y5
G0 F7500 X85.228 Y91.84
M205 X8 Y8
G1 F1500 X134.878 Y91.84 E124.29431
M205 X5 Y5
G0 F7500 X135.157 Y92.12
M205 X8 Y8
G1 F1500 X84.948 Y92.12 E125.7713
M205 X5 Y5
G0 F7500 X84.669 Y92.4
M205 X8 Y8
G1 F1500 X135.436 Y92.4 E127.26471
M205 X5 Y5
G0 F7500 X135.716 Y92.68
M205 X8 Y8
G1 F1500 X84.389 Y92.68 E128.7746
M205 X5 Y5
G0 F7500 X84.11 Y92.96
M205 X8 Y8
G1 F1500 X135.995 Y92.96 E130.30089
M205 X5 Y5
G0 F7500 X136.274 Y93.24
M205 X8 Y8
G1 F1500 X83.83 Y93.24 E131.84364
M205 X5 Y5
G0 F7500 X83.55 Y93.52
M205 X8 Y8
G1 F1500 X136.554 Y93.52 E133.40285
M205 X5 Y5
G0 F7500 X136.833 Y93.8
M205 X8 Y8
G1 F1500 X83.271 Y93.8 E134.97848
M205 X5 Y5
G0 F7500 X82.991 Y94.08
M205 X8 Y8
G1 F1500 X137.112 Y94.08 E136.57055
M205 X5 Y5
G0 F7500 X137.392 Y94.36
M205 X8 Y8
G1 F1500 X82.712 Y94.36 E138.17907
M205 X5 Y5
G0 F7500 X82.432 Y94.64
M205 X8 Y8
G1 F1500 X137.671 Y94.64 E139.80403
M205 X5 Y5
G0 F7500 X137.951 Y94.92
M205 X8 Y8
G1 F1500 X82.152 Y94.92 E141.44547
M205 X5 Y5
G0 F7500 X81.873 Y95.2
M205 X8 Y8
G1 F1500 X138.23 Y95.2 E143.10332
M205 X5 Y5
G0 F7500 X138.509 Y95.48
M205 X8 Y8
G1 F1500 X81.593 Y95.48 E144.77761
M205 X5 Y5
G0 F7500 X81.313 Y95.76
M205 X8 Y8
G1 F1500 X138.789 Y95.76 E146.46838
M205 X5 Y5
G0 F7500 X139.068 Y96.04
M205 X8 Y8
G1 F1500 X81.034 Y96.04 E148.17556
M205 X5 Y5
G0 F7500 X80.754 Y96.32
M205 X8 Y8
G1 F1500 X139.347 Y96.32 E149.89919
M205 X5 Y5
G0 F7500 X139.627 Y96.6
M205 X8 Y8
G1 F1500 X80.475 Y96.6 E151.63926
M205 X5 Y5
G0 F7500 X80.195 Y96.88
M205 X8 Y8
G1 F1500 X139.906 Y96.88 E153.39577
M205 X5 Y5
G0 F7500 X140.185 Y97.16
M205 X8 Y8
G1 F1500 X79.915 Y97.16 E155.16873
M205 X5 Y5
G0 F7500 X79.636 Y97.44
M205 X8 Y8
G1 F1500 X140.465 Y97.44 E156.95813
M205 X5 Y5
G0 F7500 X140.744 Y97.72
M205 X8 Y8
G1 F1500 X79.356 Y97.72 E158.76398
M205 X5 Y5
G0 F7500 X79.077 Y98
M205 X8 Y8
G1 F1500 X141.024 Y98 E160.58627
M205 X5 Y5
G0 F7500 X141.303 Y98.28
M205 X8 Y8
G1 F1500 X78.797 Y98.28 E162.425
M205 X5 Y5
G0 F7500 X78.517 Y98.56
M205 X8 Y8
G1 F1500 X141.582 Y98.56 E164.28018
M205 X5 Y5
G0 F7500 X141.862 Y98.84
M205 X8 Y8
G1 F1500 X78.238 Y98.84 E166.1518
M205 X5 Y5
G0 F7500 X77.958 Y99.12
M205 X8 Y8
G1 F1500 X142.141 Y99.12 E168.03987
M205 X5 Y5
G0 F7500 X142.42 Y99.4
M205 X8 Y8
G1 F1500 X77.678 Y99.4 E169.94438
M205 X5 Y5
G0 F7500 X77.399 Y99.68
M205 X8 Y8
G1 F1500 X142.7 Y99.68 E171.86533
M205 X5 Y5
G0 F7500 X142.979 Y99.96
M205 X8 Y8
G1 F1500 X77.119 Y99.96 E173.80273
M205 X5 Y5
G0 F7500 X76.84 Y100.24
M205 X8 Y8
G1 F1500 X143.258 Y100.24 E175.75655
M205 X5 Y5
G0 F7500 X143.538 Y100.52
M205 X8 Y8
G1 F1500 X76.56 Y100.52 E177.72683
M205 X5 Y5
G0 F7500 X76.28 Y100.8
M205 X8 Y8
G1 F1500 X143.817 Y100.8 E179.71356
M205 X5 Y5
G0 F7500 X144.097 Y101.08
M205 X8 Y8
G1 F1500 X76.001 Y101.08 E181.71674
M205 X5 Y5
G0 F7500 X75.721 Y101.36
M205 X8 Y8
G1 F1500 X144.376 Y101.36 E183.73636
M205 X5 Y5
G0 F7500 X144.655 Y101.64
M205 X8 Y8
G1 F1500 X75.442 Y101.64 E185.77239
M205 X5 Y5
G0 F7500 X75.162 Y101.92
M205 X8 Y8
G1 F1500 X144.935 Y101.92 E187.8249
M205 X5 Y5
G0 F7500 X145.214 Y102.2
M205 X8 Y8
G1 F1500 X74.882 Y102.2 E189.89385
M205 X5 Y5
G0 F7500 X74.603 Y102.48
M205 X8 Y8
G1 F1500 X145.493 Y102.48 E191.97922
M205 X5 Y5
G0 F7500 X145.773 Y102.76
M205 X8 Y8
G1 F1500 X74.323 Y102.76 E194.08106
M205 X5 Y5
G0 F7500 X74.043 Y103.04
M205 X8 Y8
G1 F1500 X146.052 Y103.04 E196.19934
M205 X5 Y5
G0 F7500 X146.331 Y103.32
M205 X8 Y8
G1 F1500 X73.764 Y103.32 E198.33404
M205 X5 Y5
G0 F7500 X73.484 Y103.6
M205 X8 Y8
G1 F1500 X146.611 Y103.6 E200.48521
M205 X5 Y5
G0 F7500 X146.89 Y103.88
M205 X8 Y8
G1 F1500 X73.205 Y103.88 E202.6528
M205 X5 Y5
G0 F7500 X72.925 Y104.16
M205 X8 Y8
G1 F1500 X147.169 Y104.16 E204.83683
M205 X5 Y5
G0 F7500 X147.449 Y104.44
M205 X8 Y8
G1 F1500 X72.645 Y104.44 E207.03733
M205 X5 Y5
G0 F7500 X72.366 Y104.72
M205 X8 Y8
G1 F1500 X147.728 Y104.72 E209.25425
M205 X5 Y5
G0 F7500 X148.008 Y105
M205 X8 Y8
G1 F1500 X72.086 Y105 E211.48764
M205 X5 Y5
G0 F7500 X71.807 Y105.28
M205 X8 Y8
G1 F1500 X148.287 Y105.28 E213.73745
M205 X5 Y5
G0 F7500 X148.566 Y105.56
M205 X8 Y8
G1 F1500 X71.527 Y105.56 E216.0037
M205 X5 Y5
G0 F7500 X71.247 Y105.84
M205 X8 Y8
G1 F1500 X148.846 Y105.84 E218.28642
M205 X5 Y5
G0 F7500 X149.125 Y106.12
M205 X8 Y8
G1 F1500 X70.968 Y106.12 E220.58556
M205 X5 Y5
G0 F7500 X70.688 Y106.4
M205 X8 Y8
G1 F1500 X149.404 Y106.4 E222.90114
M205 X5 Y5
G0 F7500 X149.684 Y106.68
M205 X8 Y8
G1 F1500 X70.408 Y106.68 E225.2332
M205 X5 Y5
G0 F7500 X70.129 Y106.96
M205 X8 Y8
G1 F1500 X149.963 Y106.96 E227.58167
M205 X5 Y5
G0 F7500 X150.242 Y107.24
M205 X8 Y8
G1 F1500 X69.849 Y107.24 E229.94658
M205 X5 Y5
G0 F7500 X69.57 Y107.52
M205 X8 Y8
G1 F1500 X150.522 Y107.52 E232.32794
M205 X5 Y5
G0 F7500 X150.801 Y107.8
M205 X8 Y8
G1 F1500 X69.29 Y107.8 E234.72575
M205 X5 Y5
G0 F7500 X69.01 Y108.08
M205 X8 Y8
G1 F1500 X151.081 Y108.08 E237.14002
M205 X5 Y5
G0 F7500 X151.36 Y108.36
M205 X8 Y8
G1 F1500 X68.731 Y108.36 E239.57071
M205 X5 Y5
G0 F7500 X68.451 Y108.64
M205 X8 Y8
G1 F1500 X151.639 Y108.64 E242.01785
M205 X5 Y5
G0 F7500 X151.919 Y108.92
M205 X8 Y8
G1 F1500 X68.172 Y108.92 E244.48143
M205 X5 Y5
G0 F7500 X67.892 Y109.2
M205 X8 Y8
G1 F1500 X152.198 Y109.2 E246.96145
M205 X5 Y5
G0 F7500 X152.477 Y109.48
M205 X8 Y8
G1 F1500 X67.612 Y109.48 E249.45792
M205 X5 Y5
G0 F7500 X67.333 Y109.76
M205 X8 Y8
G1 F1500 X152.757 Y109.76 E251.97083
M205 X5 Y5
G0 F7500 X153.036 Y110.04
M205 X8 Y8
G1 F1500 X67.053 Y110.04 E254.50019
M205 X5 Y5
G0 F7500 X66.773 Y110.32
M205 X8 Y8
G1 F1500 X153.31 Y110.32 E257.04584
M205 X5 Y5
G0 F7500 X153.554 Y110.6
M205 X8 Y8
G1 F1500 X66.507 Y110.6 E259.60649
M205 X5 Y5
G0 F7500 X66.245 Y110.88
M205 X8 Y8
G1 F1500 X153.799 Y110.88 E262.18206
M205 X5 Y5
G0 F7500 X154.044 Y111.16
M205 X8 Y8
G1 F1500 X65.982 Y111.16 E264.77258
M205 X5 Y5
G0 F7500 X65.719 Y111.44
M205 X8 Y8
G1 F1500 X154.288 Y111.44 E267.37801
M205 X5 Y5
G0 F7500 X154.533 Y111.72
M205 X8 Y8
G1 F1500 X65.465 Y111.72 E269.99811
M205 X5 Y5
G0 F7500 X65.235 Y112
M205 X8 Y8
G1 F1500 X154.778 Y112 E272.63219
M205 X5 Y5
G0 F7500 X155.022 Y112.28
M205 X8 Y8
G1 F1500 X65.005 Y112.28 E275.28022
M205 X5 Y5
G0 F7500 X64.775 Y112.56
M205 X8 Y8
G1 F1500 X155.267 Y112.56 E277.94221
M205 X5 Y5
G0 F7500 X155.512 Y112.84
M205 X8 Y8
G1 F1500 X64.545 Y112.84 E280.61818
M205 X5 Y5
G0 F7500 X64.335 Y113.12
M205 X8 Y8
G1 F1500 X155.72 Y113.12 E283.30645
M205 X5 Y5
G0 F7500 X155.905 Y113.4
M205 X8 Y8
G1 F1500 X64.133 Y113.4 E286.0061
M205 X5 Y5
G0 F7500 X63.932 Y113.68
M205 X8 Y8
G1 F1500 X156.09 Y113.68 E288.7171
M205 X5 Y5
G0 F7500 X156.275 Y113.96
M205 X8 Y8
G1 F1500 X63.731 Y113.96 E291.43946
M205 X5 Y5
G0 F7500 X63.529 Y114.24
M205 X8 Y8
G1 F1500 X156.46 Y114.24 E294.17321
M205 X5 Y5
G0 F7500 X156.645 Y114.52
M205 X8 Y8
G1 F1500 X63.351 Y114.52 E296.91763
M205 X5 Y5
G0 F7500 X63.176 Y114.8
M205 X8 Y8
G1 F1500 X156.83 Y114.8 E299.67264
M205 X5 Y5
G0 F7500 X157.015 Y115.08
M205 X8 Y8
G1 F1500 X63.001 Y115.08 E302.43825
M205 X5 Y5
G0 F7500 X62.827 Y115.36
M205 X8 Y8
G1 F1500 X157.2 Y115.36 E305.21441
M205 X5 Y5
G0 F7500 X157.385 Y115.64
M205 X8 Y8
G1 F1500 X62.652 Y115.64 E308.00116
M205 X5 Y5
G0 F7500 X62.497 Y115.92
M205 X8 Y8
G1 F1500 X157.542 Y115.92 E310.79709
M205 X5 Y5
G0 F7500 X157.678 Y116.2
M205 X8 Y8
G1 F1500 X62.347 Y116.2 E313.60144
M205 X5 Y5
G0 F7500 X62.197 Y116.48
M205 X8 Y8
G1 F1500 X157.814 Y116.48 E316.4142
M205 X5 Y5
G0 F7500 X157.951 Y116.76
M205 X8 Y8
G1 F1500 X62.047 Y116.76 E319.2354
M205 X5 Y5
G0 F7500 X61.896 Y117.04
M205 X8 Y8
G1 F1500 X158.087 Y117.04 E322.06504
M205 X5 Y5
G0 F7500 X158.223 Y117.32
M205 X8 Y8
G1 F1500 X61.76 Y117.32 E324.90269
M205 X5 Y5
G0 F7500 X61.633 Y117.6
M205 X8 Y8
G1 F1500 X158.359 Y117.6 E327.74807
M205 X5 Y5
G0 F7500 X158.495 Y117.88
M205 X8 Y8
G1 F1500 X61.505 Y117.88 E330.60122
M205 X5 Y5
G0 F7500 X61.378 Y118.16
M205 X8 Y8
G1 F1500 X158.631 Y118.16 E333.4621
M205 X5 Y5
G0 F7500 X158.767 Y118.44
M205 X8 Y8
G1 F1500 X61.25 Y118.44 E336.33075
M205 X5 Y5
G0 F7500 X61.127 Y118.72
M205 X8 Y8
G1 F1500 X158.903 Y118.72 E339.20702
M205 X5 Y5
G0 F7500 X158.999 Y119
M205 X8 Y8
G1 F1500 X61.021 Y119 E342.08923
M205 X5 Y5
G0 F7500 X60.915 Y119.28
M205 X8 Y8
G1 F1500 X159.091 Y119.28 E344.97727
M205 X5 Y5
G0 F7500 X159.183 Y119.56
M205 X8 Y8
G1 F1500 X60.809 Y119.56 E347.87113
M205 X5 Y5
G0 F7500 X60.703 Y119.84
M205 X8 Y8
G1 F1500 X159.276 Y119.84 E350.77084
M205 X5 Y5
G0 F7500 X159.368 Y120.12
M205 X8 Y8
G1 F1500 X60.597 Y120.12 E353.67638
M205 X5 Y5
G0 F7500 X60.504 Y120.4
M205 X8 Y8
G1 F1500 X159.46 Y120.4 E356.58736
M205 X5 Y5
G0 F7500 X159.552 Y120.68
M205 X8 Y8
G1 F1500 X60.42 Y120.68 E359.50352
M205 X5 Y5
G0 F7500 X60.336 Y120.96
M205 X8 Y8
G1 F1500 X159.645 Y120.96 E362.42489
M205 X5 Y5
G0 F7500 X159.737 Y121.24
M205 X8 Y8
G1 F1500 X60.252 Y121.24 E365.35143
M205 X5 Y5
G0 F7500 X60.168 Y121.52
M205 X8 Y8
G1 F1500 X159.829 Y121.52 E368.28315
M205 X5 Y5
G0 F7500 X159.922 Y121.8
M205 X8 Y8
G1 F1500 X60.085 Y121.8 E371.22005
M205 X5 Y5
G0 F7500 X60.019 Y122.08
M205 X8 Y8
G1 F1500 X159.99 Y122.08 E374.16089
M205 X5 Y5
G0 F7500 X160.044 Y122.36
M205 X8 Y8
G1 F1500 X59.954 Y122.36 E377.10523
M205 X5 Y5
G0 F7500 X59.888 Y122.64
M205 X8 Y8
G1 F1500 X160.098 Y122.64 E380.0531
M205 X5 Y5
G0 F7500 X160.152 Y122.92
M205 X8 Y8
G1 F1500 X59.822 Y122.92 E383.0045
M205 X5 Y5
G0 F7500 X59.756 Y123.2
M205 X8 Y8
G1 F1500 X160.206 Y123.2 E385.95943
M205 X5 Y5
G0 F7500 X160.26 Y123.48
M205 X8 Y8
G1 F1500 X59.696 Y123.48 E388.91771
M205 X5 Y5
G0 F7500 X59.65 Y123.76
M205 X8 Y8
G1 F1500 X160.315 Y123.76 E391.87897
M205 X5 Y5
G0 F7500 X160.369 Y124.04
M205 X8 Y8
G1 F1500 X59.603 Y124.04 E394.84319
M205 X5 Y5
G0 F7500 X59.557 Y124.32
M205 X8 Y8
G1 F1500 X160.423 Y124.32 E397.81036
M205 X5 Y5
G0 F7500 X160.477 Y124.6
M205 X8 Y8
G1 F1500 X59.511 Y124.6 E400.78047
M205 X5 Y5
G0 F7500 X59.465 Y124.88
M205 X8 Y8
G1 F1500 X160.531 Y124.88 E403.75352
M205 X5 Y5
G0 F7500 X160.575 Y125.16
M205 X8 Y8
G1 F1500 X59.427 Y125.16 E406.72899
M205 X5 Y5
G0 F7500 X59.399 Y125.44
M205 X8 Y8
G1 F1500 X160.592 Y125.44 E409.70577
M205 X5 Y5
G0 F7500 X160.61 Y125.72
M205 X8 Y8
G1 F1500 X59.371 Y125.72 E412.68391
M205 X5 Y5
G0 F7500 X59.343 Y126
M205 X8 Y8
G1 F1500 X160.628 Y126 E415.66341
M205 X5 Y5
G0 F7500 X160.646 Y126.28
M205 X8 Y8
G1 F1500 X59.315 Y126.28 E418.64425
M205 X5 Y5
G0 F7500 X59.288 Y126.56
M205 X8 Y8
G1 F1500 X160.664 Y126.56 E421.62642
M205 X5 Y5
G0 F7500 X160.682 Y126.84
M205 X8 Y8
G1 F1500 X59.269 Y126.84 E424.60968
M205 X5 Y5
G0 F7500 X59.26 Y127.12
M205 X8 Y8
G1 F1500 X160.7 Y127.12 E427.59374
M205 X5 Y5
G0 F7500 X160.717 Y127.4
M205 X8 Y8
G1 F1500 X59.251 Y127.4 E430.57855
M205 X5 Y5
G0 F7500 X59.242 Y127.68
M205 X8 Y8
G1 F1500 X160.735 Y127.68 E433.56417
M205 X5 Y5
G0 F7500 X160.753 Y127.96
M205 X8 Y8
G1 F1500 X59.233 Y127.96 E436.55057
M205 X5 Y5
G0 F7500 X59.224 Y128.24
M205 X8 Y8
G1 F1500 X160.771 Y128.24 E439.53777
M205 X5 Y5
G0 F7500 X160.765 Y128.52
M205 X8 Y8
G1 F1500 X59.221 Y128.52 E442.52489
M205 X5 Y5
G0 F7500 X59.23 Y128.8
M205 X8 Y8
G1 F1500 X160.747 Y128.8 E445.5112
M205 X5 Y5
G0 F7500 X160.729 Y129.08
M205 X8 Y8
G1 F1500 X59.24 Y129.08 E448.4967
M205 X5 Y5
G0 F7500 X59.249 Y129.36
M205 X8 Y8
G1 F1500 X160.712 Y129.36 E451.48143
M205 X5 Y5
G0 F7500 X160.694 Y129.64
M205 X8 Y8
G1 F1500 X59.258 Y129.64 E454.46536
M205 X5 Y5
G0 F7500 X59.267 Y129.92
M205 X8 Y8
G1 F1500 X160.676 Y129.92 E457.4485
M205 X5 Y5
G0 F7500 X160.658 Y130.2
M205 X8 Y8
G1 F1500 X59.283 Y130.2 E460.43064
M205 X5 Y5
G0 F7500 X59.311 Y130.48
M205 X8 Y8
G1 F1500 X160.64 Y130.48 E463.41143
M205 X5 Y5
G0 F7500 X160.622 Y130.76
M205 X8 Y8
G1 F1500 X59.339 Y130.76 E466.39087
M205 X5 Y5
G0 F7500 X59.367 Y131.04
M205 X8 Y8
G1 F1500 X160.604 Y131.04 E469.36895
M205 X5 Y5
G0 F7500 X160.587 Y131.32
M205 X8 Y8
G1 F1500 X59.395 Y131.32 E472.34571
M205 X5 Y5
G0 F7500 X59.423 Y131.6
M205 X8 Y8
G1 F1500 X160.569 Y131.6 E475.32111
M205 X5 Y5
G0 F7500 X160.516 Y131.88
M205 X8 Y8
G1 F1500 X59.458 Y131.88 E478.29393
M205 X5 Y5
G0 F7500 X59.505 Y132.16
M205 X8 Y8
G1 F1500 X160.462 Y132.16 E481.26377
M205 X5 Y5
G0 F7500 X160.408 Y132.44
M205 X8 Y8
G1 F1500 X59.551 Y132.44 E484.23067
M205 X5 Y5
G0 F7500 X59.597 Y132.72
M205 X8 Y8
G1 F1500 X160.354 Y132.72 E487.19464
M205 X5 Y5
G0 F7500 X160.301 Y133
M205 X8 Y8
G1 F1500 X59.643 Y133 E490.15568
M205 X5 Y5
G0 F7500 X59.689 Y133.28
M205 X8 Y8
G1 F1500 X160.247 Y133.28 E493.11379
M205 X5 Y5
G0 F7500 X160.193 Y133.56
M205 X8 Y8
G1 F1500 X59.747 Y133.56 E496.0686
M205 X5 Y5
G0 F7500 X59.813 Y133.84
M205 X8 Y8
G1 F1500 X160.139 Y133.84 E499.01989
M205 X5 Y5
G0 F7500 X160.086 Y134.12
M205 X8 Y8
G1 F1500 X59.879 Y134.12 E501.96767
M205 X5 Y5
G0 F7500 X59.945 Y134.4
M205 X8 Y8
G1 F1500 X160.032 Y134.4 E504.91192
M205 X5 Y5
G0 F7500 X159.978 Y134.68
M205 X8 Y8
G1 F1500 X60.01 Y134.68 E507.85267
M205 X5 Y5
G0 F7500 X60.076 Y134.96
M205 X8 Y8
G1 F1500 X159.9 Y134.96 E510.78919
M205 X5 Y5
G0 F7500 X159.807 Y135.24
M205 X8 Y8
G1 F1500 X60.157 Y135.24 E513.72058
M205 X5 Y5
G0 F7500 X60.242 Y135.52
M205 X8 Y8
G1 F1500 X159.715 Y135.52 E516.64677
M205 X5 Y5
G0 F7500 X159.622 Y135.8
M205 X8 Y8
G1 F1500 X60.327 Y135.8 E519.56773
M205 X5 Y5
G0 F7500 X60.411 Y136.08
M205 X8 Y8
G1 F1500 X159.53 Y136.08 E522.4835
M205 X5 Y5
G0 F7500 X159.437 Y136.36
M205 X8 Y8
G1 F1500 X60.496 Y136.36 E525.39404
M205 X5 Y5
G0 F7500 X60.586 Y136.64
M205 X8 Y8
G1 F1500 X159.345 Y136.64 E528.29923
M205 X5 Y5
G0 F7500 X159.252 Y136.92
M205 X8 Y8
G1 F1500 X60.692 Y136.92 E531.19856
M205 X5 Y5
G0 F7500 X60.797 Y137.2
M205 X8 Y8
G1 F1500 X159.16 Y137.2 E534.0921
M205 X5 Y5
G0 F7500 X159.067 Y137.48
M205 X8 Y8
G1 F1500 X60.903 Y137.48 E536.97978
M205 X5 Y5
G0 F7500 X61.008 Y137.76
M205 X8 Y8
G1 F1500 X158.975 Y137.76 E539.86167
M205 X5 Y5
G0 F7500 X158.868 Y138.04
M205 X8 Y8
G1 F1500 X61.114 Y138.04 E542.73729
M205 X5 Y5
G0 F7500 X61.234 Y138.32
M205 X8 Y8
G1 F1500 X158.732 Y138.32 E545.60538
M205 X5 Y5
G0 F7500 X158.596 Y138.6
M205 X8 Y8
G1 F1500 X61.361 Y138.6 E548.46574
M205 X5 Y5
G0 F7500 X61.488 Y138.88
M205 X8 Y8
G1 F1500 X158.46 Y138.88 E551.31836
M205 X5 Y5
G0 F7500 X158.324 Y139.16
M205 X8 Y8
G1 F1500 X61.615 Y139.16 E554.16324
M205 X5 Y5
G0 F7500 X61.742 Y139.44
M205 X8 Y8
G1 F1500 X158.188 Y139.44 E557.00038
M205 X5 Y5
G0 F7500 X158.052 Y139.72
M205 X8 Y8
G1 F1500 X61.876 Y139.72 E559.82959
M205 X5 Y5
G1 F2400 E557.82959
G0 F7500 X61.644 Y139.843
G0 X63.328 Y142.624
G0 X64.853 Y144.65
G0 X66.553 Y146.542
G0 X67.83 Y147.743
G0 X69.173 Y148.843
G0 X71.296 Y150.276
G0 X73.492 Y151.493
G0 X75.812 Y152.459
G0 X78.17 Y153.208
G0 X80.61 Y153.705
G0 X83.052 Y153.988
G0 X85.536 Y154.014
G0 X87.991 Y153.831
G0 X90.419 Y153.386
G0 X92.804 Y152.734
G0 X95.156 Y151.813
G0 X97.386 Y150.702
G0 X99.535 Y149.319
G0 X101.567 Y147.737
G0 X107.965 Y141.671
G0 X110.326 Y140.254
G1 F1200 E559.82959
G0 F7500 X110.379 Y140
M205 X8 Y8
G1 F1500 X157.916 Y140 E561.22798
M205 X5 Y5
G0 F7500 X157.78 Y140.28
M205 X8 Y8
G1 F1500 X111.029 Y140.28 E562.60325
M205 X5 Y5
G0 F7500 X111.359 Y140.56
M205 X8 Y8
G1 F1500 X157.644 Y140.56 E563.96481
M205 X5 Y5
G0 F7500 X157.508 Y140.84
M205 X8 Y8
G1 F1500 X111.644 Y140.84 E565.31399
M205 X5 Y5
G0 F7500 X111.93 Y141.12
M205 X8 Y8
G1 F1500 X157.339 Y141.12 E566.64978
M205 X5 Y5
G0 F7500 X157.154 Y141.4
M205 X8 Y8
G1 F1500 X112.215 Y141.4 E567.97175
M205 X5 Y5
G0 F7500 X112.5 Y141.68
M205 X8 Y8
G1 F1500 X156.969 Y141.68 E569.27989
M205 X5 Y5
G0 F7500 X156.784 Y141.96
M205 X8 Y8
G1 F1500 X112.786 Y141.96 E570.57418
M205 X5 Y5
G0 F7500 X113.071 Y142.24
M205 X8 Y8
G1 F1500 X156.599 Y142.24 E571.85464
M205 X5 Y5
G0 F7500 X156.414 Y142.52
M205 X8 Y8
G1 F1500 X113.357 Y142.52 E573.12124
M205 X5 Y5
G0 F7500 X113.642 Y142.8
M205 X8 Y8
G1 F1500 X156.229 Y142.8 E574.37402
M205 X5 Y5
G0 F7500 X156.044 Y143.08
M205 X8 Y8
G1 F1500 X113.927 Y143.08 E575.61297
M205 X5 Y5
G0 F7500 X114.213 Y143.36
M205 X8 Y8
G1 F1500 X155.859 Y143.36 E576.83807
M205 X5 Y5
G0 F7500 X155.674 Y143.64
M205 X8 Y8
G1 F1500 X114.498 Y143.64 E578.04934
M205 X5 Y5
G0 F7500 X114.784 Y143.92
M205 X8 Y8
G1 F1500 X155.453 Y143.92 E579.2457
M205 X5 Y5
G0 F7500 X155.208 Y144.2
M205 X8 Y8
G1 F1500 X115.069 Y144.2 E580.42646
M205 X5 Y5
G0 F7500 X115.354 Y144.48
M205 X8 Y8
G1 F1500 X154.964 Y144.48 E581.59167
M205 X5 Y5
G0 F7500 X154.72 Y144.76
M205 X8 Y8
G1 F1500 X115.64 Y144.76 E582.74128
M205 X5 Y5
G0 F7500 X115.925 Y145.04
M205 X8 Y8
G1 F1500 X154.475 Y145.04 E583.87531
M205 X5 Y5
G0 F7500 X154.231 Y145.32
M205 X8 Y8
G1 F1500 X116.211 Y145.32 E584.99374
M205 X5 Y5
G0 F7500 X116.496 Y145.6
M205 X8 Y8
G1 F1500 X153.987 Y145.6 E586.09661
M205 X5 Y5
G0 F7500 X153.742 Y145.88
M205 X8 Y8
G1 F1500 X116.781 Y145.88 E587.18389
M205 X5 Y5
G0 F7500 X117.067 Y146.16
M205 X8 Y8
G1 F1500 X153.498 Y146.16 E588.25557
M205 X5 Y5
G0 F7500 X153.232 Y146.44
M205 X8 Y8
G1 F1500 X117.369 Y146.44 E589.31055
M205 X5 Y5
G0 F7500 X117.69 Y146.72
M205 X8 Y8
G1 F1500 X152.911 Y146.72 E590.34665
M205 X5 Y5
G0 F7500 X152.59 Y147
M205 X8 Y8
G1 F1500 X118.01 Y147 E591.36388
M205 X5 Y5
G0 F7500 X118.331 Y147.28
M205 X8 Y8
G1 F1500 X152.269 Y147.28 E592.36224
M205 X5 Y5
G0 F7500 X151.948 Y147.56
M205 X8 Y8
G1 F1500 X118.651 Y147.56 E593.34173
M205 X5 Y5
G0 F7500 X118.971 Y147.84
M205 X8 Y8
G1 F1500 X151.628 Y147.84 E594.3024
M205 X5 Y5
G0 F7500 X151.307 Y148.12
M205 X8 Y8
G1 F1500 X119.292 Y148.12 E595.24418
M205 X5 Y5
G0 F7500 X119.612 Y148.4
M205 X8 Y8
G1 F1500 X150.986 Y148.4 E596.16711
M205 X5 Y5
G0 F7500 X150.651 Y148.68
M205 X8 Y8
G1 F1500 X119.947 Y148.68 E597.07033
M205 X5 Y5
G0 F7500 X120.371 Y148.96
M205 X8 Y8
G1 F1500 X150.227 Y148.96 E597.9486
M205 X5 Y5
G0 F7500 X149.803 Y149.24
M205 X8 Y8
G1 F1500 X120.795 Y149.24 E598.80192
M205 X5 Y5
G0 F7500 X121.22 Y149.52
M205 X8 Y8
G1 F1500 X149.378 Y149.52 E599.63025
M205 X5 Y5
G0 F7500 X148.954 Y149.8
M205 X8 Y8
G1 F1500 X121.644 Y149.8 E600.43362
M205 X5 Y5
G0 F7500 X122.068 Y150.08
M205 X8 Y8
G1 F1500 X148.53 Y150.08 E601.21205
M205 X5 Y5
G0 F7500 X148.105 Y150.36
M205 X8 Y8
G1 F1500 X122.493 Y150.36 E601.96548
M205 X5 Y5
G0 F7500 X122.992 Y150.64
M205 X8 Y8
G1 F1500 X147.606 Y150.64 E602.68955
M205 X5 Y5
G0 F7500 X147.03 Y150.92
M205 X8 Y8
G1 F1500 X123.568 Y150.92 E603.37973
M205 X5 Y5
G0 F7500 X124.144 Y151.2
M205 X8 Y8
G1 F1500 X146.454 Y151.2 E604.03602
M205 X5 Y5
G0 F7500 X145.877 Y151.48
M205 X8 Y8
G1 F1500 X124.721 Y151.48 E604.65836
M205 X5 Y5
G0 F7500 X125.297 Y151.76
M205 X8 Y8
G1 F1500 X145.301 Y151.76 E605.24682
M205 X5 Y5
G0 F7500 X144.638 Y152.04
M205 X8 Y8
G1 F1500 X125.959 Y152.04 E605.7963
M205 X5 Y5
G0 F7500 X126.807 Y152.32
M205 X8 Y8
G1 F1500 X143.787 Y152.32 E606.2958
M205 X5 Y5
G0 F7500 X142.936 Y152.6
M205 X8 Y8
G1 F1500 X127.654 Y152.6 E606.74535
M205 X5 Y5
G0 F7500 X128.502 Y152.88
M205 X8 Y8
G1 F1500 X142.085 Y152.88 E607.14492
M205 X5 Y5
G0 F7500 X142.167 Y153.131
G0 X140.929 Y153.42
G0 X140.879 Y153.16
M205 X8 Y8
G1 F1500 X129.704 Y153.16 E607.47365
M205 X5 Y5
G0 F7500 X129.655 Y153.416
G0 X131.115 Y153.698
G0 X131.164 Y153.44
M205 X8 Y8
G1 F1500 X139.429 Y153.44 E607.71678
M205 X5 Y5
G0 F7500 X139.478 Y153.7
G0 X136.829 Y153.983
G0 X136.813 Y153.72
M205 X8 Y8
G1 F1500 X133.786 Y153.72 E607.80583
M205 X5 Y5
G0 F7500 X133.769 Y153.981
G0 X132.013 Y153.81
G0 X128.797 Y153.19
G0 X125.623 Y152.141
G0 X122.612 Y150.68
G0 X119.77 Y148.805
G0 X116.547 Y145.932
G0 X114.157 Y143.563
G0 X109.716 Y140.261
G0 X109.655 Y140
M205 X8 Y8
G1 F1500 X62.025 Y140 E609.20696
M205 X5 Y5
G0 F7500 X62.175 Y140.28
M205 X8 Y8
G1 F1500 X109.012 Y140.28 E610.58476
M205 X5 Y5
G0 F7500 X108.659 Y140.56
M205 X8 Y8
G1 F1500 X62.325 Y140.56 E611.94776
M205 X5 Y5
G0 F7500 X62.475 Y140.84
M205 X8 Y8
G1 F1500 X108.373 Y140.84 E613.29794
M205 X5 Y5
G0 F7500 X108.088 Y141.12
M205 X8 Y8
G1 F1500 X62.627 Y141.12 E614.63526
M205 X5 Y5
G0 F7500 X62.802 Y141.4
M205 X8 Y8
G1 F1500 X107.802 Y141.4 E615.95902
M205 X5 Y5
G0 F7500 X107.516 Y141.68
M205 X8 Y8
G1 F1500 X62.977 Y141.68 E617.26922
M205 X5 Y5
G0 F7500 X63.152 Y141.96
M205 X8 Y8
G1 F1500 X107.231 Y141.96 E618.56589
M205 X5 Y5
G0 F7500 X106.945 Y142.24
M205 X8 Y8
G1 F1500 X63.327 Y142.24 E619.849
M205 X5 Y5
G0 F7500 X63.503 Y142.52
M205 X8 Y8
G1 F1500 X106.659 Y142.52 E621.11852
M205 X5 Y5
G0 F7500 X106.374 Y142.8
M205 X8 Y8
G1 F1500 X63.704 Y142.8 E622.37374
M205 X5 Y5
G0 F7500 X63.905 Y143.08
M205 X8 Y8
G1 F1500 X106.088 Y143.08 E623.61463
M205 X5 Y5
G0 F7500 X105.802 Y143.36
M205 X8 Y8
G1 F1500 X64.106 Y143.36 E624.8412
M205 X5 Y5
G0 F7500 X64.307 Y143.64
M205 X8 Y8
G1 F1500 X105.517 Y143.64 E626.05347
M205 X5 Y5
G0 F7500 X105.231 Y143.92
M205 X8 Y8
G1 F1500 X64.514 Y143.92 E627.25124
M205 X5 Y5
G0 F7500 X64.744 Y144.2
M205 X8 Y8
G1 F1500 X104.945 Y144.2 E628.43383
M205 X5 Y5
G0 F7500 X104.66 Y144.48
M205 X8 Y8
G1 F1500 X64.974 Y144.48 E629.60127
M205 X5 Y5
G0 F7500 X65.204 Y144.76
M205 X8 Y8
G1 F1500 X104.374 Y144.76 E630.75353
M205 X5 Y5
G0 F7500 X104.088 Y145.04
M205 X8 Y8
G1 F1500 X65.434 Y145.04 E631.89061
M205 X5 Y5
G0 F7500 X65.683 Y145.32
M205 X8 Y8
G1 F1500 X103.803 Y145.32 E633.01199
M205 X5 Y5
G0 F7500 X103.517 Y145.6
M205 X8 Y8
G1 F1500 X65.946 Y145.6 E634.11721
M205 X5 Y5
G0 F7500 X66.209 Y145.88
M205 X8 Y8
G1 F1500 X103.231 Y145.88 E635.20628
M205 X5 Y5
G0 F7500 X102.946 Y146.16
M205 X8 Y8
G1 F1500 X66.471 Y146.16 E636.27927
M205 X5 Y5
G0 F7500 X66.739 Y146.44
M205 X8 Y8
G1 F1500 X102.656 Y146.44 E637.33583
M205 X5 Y5
G0 F7500 X102.356 Y146.72
M205 X8 Y8
G1 F1500 X67.037 Y146.72 E638.37481
M205 X5 Y5
G0 F7500 X67.334 Y147
M205 X8 Y8
G1 F1500 X102.056 Y147 E639.39622
M205 X5 Y5
G0 F7500 X101.756 Y147.28
M205 X8 Y8
G1 F1500 X67.632 Y147.28 E640.40005
M205 X5 Y5
G0 F7500 X67.93 Y147.56
M205 X8 Y8
G1 F1500 X101.456 Y147.56 E641.38628
M205 X5 Y5
G0 F7500 X101.117 Y147.84
M205 X8 Y8
G1 F1500 X68.267 Y147.84 E642.35263
M205 X5 Y5
G0 F7500 X68.608 Y148.12
M205 X8 Y8
G1 F1500 X100.773 Y148.12 E643.29882
M205 X5 Y5
G0 F7500 X100.43 Y148.4
M205 X8 Y8
G1 F1500 X68.95 Y148.4 E644.22487
M205 X5 Y5
G0 F7500 X69.292 Y148.68
M205 X8 Y8
G1 F1500 X100.083 Y148.68 E645.13064
M205 X5 Y5
G0 F7500 X99.688 Y148.96
M205 X8 Y8
G1 F1500 X69.687 Y148.96 E646.01318
M205 X5 Y5
G0 F7500 X70.082 Y149.24
M205 X8 Y8
G1 F1500 X99.292 Y149.24 E646.87245
M205 X5 Y5
G0 F7500 X98.897 Y149.52
M205 X8 Y8
G1 F1500 X70.478 Y149.52 E647.70845
M205 X5 Y5
G0 F7500 X70.905 Y149.8
M205 X8 Y8
G1 F1500 X98.467 Y149.8 E648.51924
M205 X5 Y5
G0 F7500 X98.011 Y150.08
M205 X8 Y8
G1 F1500 X71.361 Y150.08 E649.3032
M205 X5 Y5
G0 F7500 X71.817 Y150.36
M205 X8 Y8
G1 F1500 X97.554 Y150.36 E650.0603
M205 X5 Y5
G0 F7500 X97.066 Y150.64
M205 X8 Y8
G1 F1500 X72.302 Y150.64 E650.78878
M205 X5 Y5
G0 F7500 X72.836 Y150.92
M205 X8 Y8
G1 F1500 X96.532 Y150.92 E651.48585
M205 X5 Y5
G0 F7500 X95.999 Y151.2
M205 X8 Y8
G1 F1500 X73.37 Y151.2 E652.15152
M205 X5 Y5
G0 F7500 X73.964 Y151.48
M205 X8 Y8
G1 F1500 X95.401 Y151.48 E652.78213
M205 X5 Y5
G0 F7500 X94.771 Y151.76
M205 X8 Y8
G1 F1500 X74.597 Y151.76 E653.37559
M205 X5 Y5
G0 F7500 X75.258 Y152.04
M205 X8 Y8
G1 F1500 X94.107 Y152.04 E653.93007
M205 X5 Y5
G0 F7500 X93.345 Y152.32
M205 X8 Y8
G1 F1500 X76.022 Y152.32 E654.43966
M205 X5 Y5
G0 F7500 X76.822 Y152.6
M205 X8 Y8
G1 F1500 X92.544 Y152.6 E654.90215
M205 X5 Y5
G0 F7500 X91.595 Y152.88
M205 X8 Y8
G1 F1500 X77.776 Y152.88 E655.30866
M205 X5 Y5
G0 F7500 X77.701 Y153.132
G0 X78.821 Y153.416
G0 X78.88 Y153.16
M205 X8 Y8
G1 F1500 X90.49 Y153.16 E655.65019
M205 X5 Y5
G0 F7500 X90.548 Y153.419
G0 X89.176 Y153.701
G0 X89.135 Y153.44
M205 X8 Y8
G1 F1500 X80.24 Y153.44 E655.91186
M205 X5 Y5
G0 F7500 X80.199 Y153.699
G0 X82.344 Y153.98
G0 X82.369 Y153.72
M205 X8 Y8
G1 F1500 X87.02 Y153.72 E656.04868
M104 S210
M205 X5 Y5
G0 F7500 X87.047 Y154.008
;MESH:NONMESH
G0 F600 X87.047 Y154.008 Z0.48
G0 F7500 X90.419 Y153.386
G0 X92.804 Y152.734
G0 X95.156 Y151.813
G0 X97.386 Y150.702
G0 X99.535 Y149.319
G0 X101.18 Y148.039
G0 X109.598 Y140.743
G0 X109.645 Y140.889
;TIME_ELAPSED:907.270850
;LAYER:1
M140 S40
M106 S85
M205 X14 Y14
;TYPE:WALL-INNER
;MESH:PictureFrame_photo_support.stl
G1 F2700 X110.01 Y140.851 E656.06317
G1 X110.383 Y140.911 E656.07809
G1 X110.711 Y141.062 E656.09235
G1 X116.662 Y146.902 E656.42167
G1 X119.385 Y149.282 E656.56451
G1 X122.298 Y151.205 E656.70237
G1 X125.411 Y152.714 E656.83901
G1 X128.626 Y153.778 E656.97276
G1 X131.954 Y154.42 E657.10663
G1 X135.289 Y154.632 E657.23861
G1 X138.646 Y154.42 E657.37147
G1 X141.987 Y153.774 E657.50587
G1 X145.192 Y152.713 E657.63921
G1 X148.301 Y151.207 E657.77565
G1 X151.214 Y149.283 E657.91354
G1 X153.888 Y146.946 E658.0538
G1 X156.243 Y144.253 E658.1951
G1 X158.167 Y141.341 E658.33295
G1 X159.674 Y138.231 E658.46944
G1 X160.739 Y135.017 E658.60317
G1 X161.381 Y131.69 E658.737
G1 X161.593 Y128.356 E658.86895
G1 X161.381 Y124.997 E659.00188
G1 X160.737 Y121.673 E659.13561
G1 X159.675 Y118.462 E659.26919
G1 X158.165 Y115.346 E659.40595
G1 X156.257 Y112.456 E659.54272
G1 X153.872 Y109.726 E659.6859
G1 X110.027 Y65.782 E662.13769
G1 X107.585 Y68.301 E662.27626
G1 X66.136 Y109.806 E664.59301
G1 X64.927 Y111.094 E664.66279
G1 X63.827 Y112.431 E664.73117
G1 X62.823 Y113.829 E664.79915
G1 X61.915 Y115.282 E664.86682
G1 X61.103 Y116.799 E664.93478
G1 X60.397 Y118.351 E665.00212
G1 X59.795 Y119.945 E665.06942
G1 X59.305 Y121.563 E665.13619
G1 X58.914 Y123.233 E665.20393
G1 X58.634 Y124.925 E665.27167
G1 X58.463 Y126.648 E665.34006
G1 X58.405 Y128.392 E665.40898
G1 X58.462 Y130.134 E665.47782
G1 X58.632 Y131.855 E665.54612
G1 X58.912 Y133.552 E665.61405
G1 X59.298 Y135.206 E665.68113
G1 X59.8 Y136.863 E665.74952
G1 X60.398 Y138.444 E665.81628
G1 X61.103 Y139.997 E665.88364
G1 X61.914 Y141.511 E665.95148
G1 X62.815 Y142.954 E666.01867
G1 X63.818 Y144.353 E666.08666
G1 X64.925 Y145.699 E666.15549
G1 X66.114 Y146.969 E666.2242
G1 X67.424 Y148.201 E666.29523
G1 X68.795 Y149.322 E666.36518
G1 X70.22 Y150.335 E666.43423
G1 X71.696 Y151.24 E666.50261
G1 X73.222 Y152.04 E666.57066
G1 X74.796 Y152.738 E666.63867
G1 X76.38 Y153.318 E666.70529
G1 X78.011 Y153.797 E666.77243
G1 X79.676 Y154.175 E666.83987
G1 X81.329 Y154.438 E666.90598
G1 X83.008 Y154.597 E666.97259
G1 X84.695 Y154.652 E667.03925
G1 X86.377 Y154.598 E667.10572
G1 X88.057 Y154.438 E667.17238
G1 X89.725 Y154.169 E667.23911
G1 X91.376 Y153.794 E667.30598
G1 X93.004 Y153.315 E667.373
G1 X94.601 Y152.726 E667.44023
G1 X96.166 Y152.031 E667.50786
G1 X97.69 Y151.233 E667.57581
G1 X99.168 Y150.327 E667.64428
G1 X100.596 Y149.316 E667.71338
G1 X101.967 Y148.199 E667.78323
G1 X103.298 Y146.957 E667.85513
G1 X109.218 Y141.147 E668.18275
G1 X109.645 Y140.889 E668.20245
M205 X12.5 Y12.5
G0 F8250 X109.681 Y141.432
M205 X14 Y14
G1 F2700 X109.973 Y141.352 E668.21441
G1 X110.19 Y141.375 E668.22303
G1 X110.417 Y141.472 E668.23278
G1 X116.322 Y147.269 E668.55961
G1 X119.082 Y149.68 E668.70435
G1 X122.051 Y151.641 E668.84489
G1 X125.222 Y153.178 E668.98407
G1 X128.499 Y154.263 E669.1204
G1 X131.89 Y154.917 E669.25681
G1 X135.289 Y155.133 E669.39132
G1 X138.71 Y154.917 E669.52671
G1 X142.113 Y154.259 E669.66361
G1 X145.381 Y153.177 E669.79957
G1 X148.548 Y151.643 E669.93856
G1 X151.517 Y149.681 E670.07911
G1 X154.242 Y147.3 E670.22204
G1 X156.642 Y144.557 E670.36599
G1 X158.603 Y141.589 E670.50649
G1 X160.138 Y138.42 E670.64557
G1 X161.224 Y135.143 E670.78192
G1 X161.878 Y131.754 E670.91824
G1 X162.094 Y128.356 E671.05272
G1 X161.878 Y124.933 E671.18819
G1 X161.222 Y121.547 E671.32441
G1 X160.139 Y118.273 E671.46061
G1 X158.601 Y115.099 E671.59992
G1 X156.655 Y112.153 E671.73937
G1 X154.238 Y109.384 E671.88453
G1 X110.019 Y65.065 E674.35724
G1 X107.231 Y67.947 E674.51562
G1 X65.777 Y109.458 E676.83268
G1 X64.552 Y110.764 E676.9034
G1 X63.431 Y112.126 E676.97307
G1 X62.407 Y113.55 E677.04235
G1 X61.483 Y115.032 E677.11132
G1 X60.654 Y116.577 E677.18058
G1 X59.935 Y118.159 E677.24921
G1 X59.322 Y119.784 E677.31781
G1 X58.822 Y121.433 E677.38586
G1 X58.423 Y123.135 E677.45491
G1 X58.138 Y124.859 E677.52393
G1 X57.963 Y126.615 E677.59362
G1 X57.905 Y128.392 E677.66385
G1 X57.962 Y130.167 E677.73399
G1 X58.136 Y131.92 E677.80357
G1 X58.421 Y133.65 E677.87282
G1 X58.815 Y135.335 E677.94116
G1 X59.327 Y137.024 E678.01087
G1 X59.936 Y138.636 E678.07893
G1 X60.654 Y140.218 E678.14755
G1 X61.481 Y141.762 E678.21673
G1 X62.399 Y143.233 E678.28521
G1 X63.422 Y144.658 E678.3545
G1 X64.549 Y146.029 E678.42459
G1 X65.76 Y147.323 E678.49459
G1 X67.094 Y148.577 E678.5669
G1 X68.491 Y149.72 E678.6382
G1 X69.944 Y150.752 E678.70859
G1 X71.449 Y151.675 E678.77832
G1 X73.004 Y152.491 E678.84768
G1 X74.609 Y153.202 E678.91701
G1 X76.224 Y153.793 E678.98493
G1 X77.885 Y154.282 E679.05332
G1 X79.581 Y154.666 E679.122
G1 X81.266 Y154.935 E679.1894
G1 X82.977 Y155.097 E679.25728
G1 X84.695 Y155.152 E679.32517
G1 X86.409 Y155.098 E679.3929
G1 X88.12 Y154.934 E679.46078
G1 X89.82 Y154.66 E679.52879
G1 X91.502 Y154.278 E679.59692
G1 X93.161 Y153.79 E679.66522
G1 X94.789 Y153.189 E679.73376
G1 X96.384 Y152.482 E679.80267
G1 X97.937 Y151.668 E679.87192
G1 X99.444 Y150.745 E679.94172
G1 X100.899 Y149.714 E680.01215
G1 X102.296 Y148.576 E680.08332
G1 X103.643 Y147.318 E680.15611
G1 X109.547 Y141.524 E680.48283
G1 X109.681 Y141.432 E680.48925
M205 X12.5 Y12.5
G0 F8250 X109.961 Y141.831
M205 X14 Y14
;TYPE:WALL-OUTER
G1 F2250 X110.138 Y141.867 E680.49567
G1 X115.999 Y147.617 E680.78753
G1 X118.793 Y150.059 E680.91944
G1 X121.815 Y152.055 E681.04818
G1 X125.043 Y153.62 E681.1757
G1 X128.379 Y154.723 E681.30059
G1 X131.83 Y155.389 E681.42553
G1 X135.289 Y155.609 E681.54874
G1 X138.77 Y155.389 E681.67272
G1 X142.234 Y154.719 E681.79814
G1 X145.56 Y153.619 E681.92266
G1 X148.784 Y152.057 E682.05001
G1 X151.806 Y150.06 E682.17877
G1 X154.579 Y147.637 E682.30967
G1 X157.02 Y144.846 E682.44147
G1 X159.017 Y141.825 E682.5702
G1 X160.58 Y138.599 E682.69762
G1 X161.684 Y135.264 E682.8225
G1 X162.35 Y131.814 E682.9474
G1 X162.57 Y128.356 E683.07057
G1 X162.35 Y124.873 E683.19462
G1 X161.682 Y121.426 E683.31943
G1 X160.581 Y118.094 E683.44417
G1 X159.015 Y114.863 E683.5718
G1 X157.034 Y111.864 E683.69957
G1 X154.585 Y109.06 E683.8319
G1 X110.012 Y64.387 E686.07513
G1 X106.895 Y67.612 E686.23457
G1 X65.435 Y109.128 E688.3202
G1 X64.195 Y110.45 E688.38463
G1 X63.054 Y111.836 E688.44844
G1 X62.013 Y113.286 E688.51189
G1 X61.071 Y114.793 E688.57507
G1 X60.228 Y116.366 E688.63851
G1 X59.496 Y117.977 E688.70141
G1 X58.872 Y119.631 E688.76424
G1 X58.363 Y121.31 E688.82661
G1 X57.957 Y123.042 E688.88985
G1 X57.667 Y124.797 E688.95308
G1 X57.489 Y126.583 E689.01688
G1 X57.43 Y128.392 E689.08122
G1 X57.488 Y130.198 E689.14545
G1 X57.665 Y131.982 E689.20917
G1 X57.955 Y133.743 E689.27261
G1 X58.356 Y135.458 E689.33522
G1 X58.877 Y137.177 E689.39907
G1 X59.497 Y138.818 E689.46143
G1 X60.228 Y140.429 E689.52431
G1 X61.069 Y142 E689.58766
G1 X62.005 Y143.497 E689.65041
G1 X63.045 Y144.947 E689.71384
G1 X64.192 Y146.342 E689.77804
G1 X65.424 Y147.658 E689.84212
G1 X66.781 Y148.934 E689.90833
G1 X68.203 Y150.098 E689.97366
G1 X69.682 Y151.149 E690.03815
G1 X71.215 Y152.089 E690.10207
G1 X72.797 Y152.919 E690.16558
G1 X74.431 Y153.643 E690.22911
G1 X76.075 Y154.245 E690.29134
G1 X77.765 Y154.742 E690.35396
G1 X79.491 Y155.132 E690.41686
G1 X81.206 Y155.406 E690.4786
G1 X82.947 Y155.571 E690.54076
G1 X84.695 Y155.627 E690.60293
G1 X86.439 Y155.572 E690.66495
G1 X88.181 Y155.405 E690.72716
G1 X89.911 Y155.127 E690.78944
G1 X91.622 Y154.738 E690.85182
G1 X93.311 Y154.241 E690.9144
G1 X94.968 Y153.63 E690.97718
G1 X96.591 Y152.91 E691.04029
G1 X98.171 Y152.082 E691.1037
G1 X99.706 Y151.142 E691.16768
G1 X101.186 Y150.092 E691.23219
G1 X102.609 Y148.934 E691.2974
G1 X103.972 Y147.661 E691.3637
G1 X109.855 Y141.886 E691.65674
G1 X109.961 Y141.831 E691.66099
M205 X12.5 Y12.5
G0 F8250 X110.138 Y141.867
G0 X110.152 Y141.881
G1 F2400 E689.66099
G0 F8250 X110.645 Y141.38
G0 X119.513 Y149.113
G0 X122.403 Y151.022
G0 X125.49 Y152.519
G0 X128.679 Y153.573
G0 X131.981 Y154.21
G0 X135.289 Y154.422
G0 X138.619 Y154.21
G0 X141.934 Y153.57
G0 X145.113 Y152.518
G0 X148.196 Y151.024
G0 X151.086 Y149.114
G0 X153.739 Y146.797
G0 X156.075 Y144.126
G0 X157.984 Y141.237
G0 X159.479 Y138.152
G0 X160.535 Y134.964
G0 X161.171 Y131.663
G0 X161.383 Y128.356
G0 X161.171 Y125.024
G0 X160.533 Y121.726
G0 X159.48 Y118.541
G0 X157.982 Y115.451
G0 X156.088 Y112.584
G0 X153.955 Y110.142
G0 X110.118 Y66.085
G1 F1200 E691.66099
G0 F8250 X110.031 Y66.171
M205 X14 Y14
;TYPE:SKIN
G1 F2100 X107.797 Y68.476 E691.73198
G1 X66.332 Y109.996 E693.02985
G1 X65.133 Y111.274 E693.06861
G1 X64.043 Y112.599 E693.10656
G1 X63.051 Y113.981 E693.14418
G1 X62.152 Y115.421 E693.18173
G1 X61.348 Y116.921 E693.21937
G1 X60.65 Y118.457 E693.25669
G1 X60.054 Y120.032 E693.29394
G1 X59.571 Y121.635 E693.33097
G1 X59.182 Y123.287 E693.36851
G1 X58.905 Y124.962 E693.40606
G1 X58.735 Y126.665 E693.44391
G1 X58.679 Y128.393 E693.48215
G1 X58.734 Y130.115 E693.52026
G1 X58.903 Y131.819 E693.55813
G1 X59.18 Y133.496 E693.59573
G1 X59.564 Y135.134 E693.63294
G1 X60.058 Y136.771 E693.67076
G1 X60.651 Y138.337 E693.70779
G1 X61.348 Y139.875 E693.74514
G1 X62.15 Y141.372 E693.7827
G1 X63.043 Y142.802 E693.81999
G1 X64.035 Y144.184 E693.85762
G1 X65.131 Y145.517 E693.89579
G1 X66.308 Y146.777 E693.93393
G1 X67.604 Y147.996 E693.97328
G1 X68.96 Y149.104 E694.01201
G1 X70.369 Y150.105 E694.05024
G1 X71.831 Y151.002 E694.08818
G1 X73.341 Y151.793 E694.12588
G1 X74.899 Y152.485 E694.16358
G1 X76.466 Y153.059 E694.2005
G1 X78.078 Y153.531 E694.23765
G1 X79.728 Y153.906 E694.27507
G1 X81.362 Y154.167 E694.31167
G1 X83.027 Y154.325 E694.34866
G1 X84.696 Y154.378 E694.3856
G1 X86.358 Y154.326 E694.42237
G1 X88.02 Y154.167 E694.4593
G1 X89.67 Y153.9 E694.49627
G1 X91.307 Y153.528 E694.5334
G1 X92.905 Y153.058 E694.57024
G1 X94.498 Y152.472 E694.60779
G1 X96.048 Y151.784 E694.64529
G1 X97.554 Y150.996 E694.68289
G1 X99.017 Y150.099 E694.72084
G1 X100.429 Y149.098 E694.75913
G1 X101.786 Y147.992 E694.79785
G1 X103.109 Y146.758 E694.83786
G1 X109.04 Y140.939 E695.02164
G1 X109.313 Y140.751 E695.02897
G1 X109.706 Y140.608 E695.03822
G1 X110.012 Y140.577 E695.04502
G1 X110.438 Y140.641 E695.05455
G1 X110.703 Y140.751 E695.0609
G1 X110.95 Y140.912 E695.06742
G1 X116.847 Y146.701 E695.25019
G1 X119.551 Y149.063 E695.3296
G1 X122.433 Y150.967 E695.406
G1 X125.508 Y152.46 E695.48161
G1 X128.708 Y153.517 E695.55615
G1 X131.99 Y154.147 E695.63006
G1 X135.29 Y154.358 E695.7032
G1 X138.609 Y154.147 E695.77676
G1 X141.905 Y153.512 E695.851
G1 X145.095 Y152.459 E695.9253
G1 X148.166 Y150.969 E696.0008
G1 X151.048 Y149.064 E696.07721
G1 X153.695 Y146.752 E696.15494
G1 X156.027 Y144.086 E696.23329
G1 X157.929 Y141.207 E696.30961
G1 X159.42 Y138.134 E696.38515
G1 X160.479 Y134.935 E696.45968
G1 X161.108 Y131.654 E696.53357
G1 X161.319 Y128.353 E696.60673
G1 X161.108 Y125.031 E696.68036
G1 X160.475 Y121.755 E696.75416
G1 X159.421 Y118.559 E696.82859
G1 X157.927 Y115.481 E696.90427
G1 X156.037 Y112.621 E696.98009
G1 X153.672 Y109.914 E697.05959
G1 X110.031 Y66.171 E698.42626
M205 X12.5 Y12.5
G1 F2400 E696.42626
G0 F8250 X110.118 Y66.085
G0 X153.718 Y109.87
G0 X156.088 Y112.584
G0 X157.982 Y115.451
G0 X159.48 Y118.541
G0 X160.533 Y121.726
G0 X161.263 Y125.521
G1 F1200 E698.42626
G0 F8250 X161 Y125.537
M205 X14 Y14
G1 F2100 X161 Y131.152 E698.55045
M205 X12.5 Y12.5
G0 F8250 X161.262 Y131.169
G0 X160.978 Y132.984
G0 X160.72 Y132.935
M205 X14 Y14
G1 F2100 X160.72 Y123.761 E698.75336
M205 X12.5 Y12.5
G0 F8250 X160.98 Y123.712
G0 X160.699 Y122.263
G0 X160.44 Y122.313
M205 X14 Y14
G1 F2100 X160.44 Y134.395 E699.02059
M205 X12.5 Y12.5
G0 F8250 X160.696 Y134.444
G0 X160.408 Y135.536
G0 X160.16 Y135.453
M205 X14 Y14
G1 F2100 X160.16 Y121.248 E699.33478
M205 X12.5 Y12.5
G0 F8250 X159.88 Y120.399
M205 X14 Y14
G1 F2100 X159.88 Y136.299 E699.68646
M205 X12.5 Y12.5
G0 F8250 X159.6 Y137.145
M205 X14 Y14
G1 F2100 X159.6 Y119.55 E700.07562
M205 X12.5 Y12.5
G0 F8250 X159.32 Y118.7
M205 X14 Y14
G1 F2100 X159.32 Y137.991 E700.5023
M205 X12.5 Y12.5
G0 F8250 X159.04 Y138.597
M205 X14 Y14
G1 F2100 X159.04 Y118.095 E700.95576
M205 X12.5 Y12.5
G0 F8250 X158.76 Y117.518
M205 X14 Y14
G1 F2100 X158.76 Y139.174 E701.43475
M205 X12.5 Y12.5
G0 F8250 X158.48 Y139.751
M205 X14 Y14
G1 F2100 X158.48 Y116.941 E701.93926
M205 X12.5 Y12.5
G0 F8250 X158.2 Y116.364
M205 X14 Y14
G1 F2100 X158.2 Y140.328 E702.4693
M205 X12.5 Y12.5
G0 F8250 X157.92 Y140.906
M205 X14 Y14
G1 F2100 X157.92 Y115.787 E703.02488
M205 X12.5 Y12.5
G0 F8250 X157.64 Y115.301
M205 X14 Y14
G1 F2100 X157.64 Y141.391 E703.60194
M205 X12.5 Y12.5
G0 F8250 X157.36 Y141.815
M205 X14 Y14
G1 F2100 X157.36 Y114.877 E704.19775
M205 X12.5 Y12.5
G0 F8250 X157.08 Y114.454
M205 X14 Y14
G1 F2100 X157.08 Y142.239 E704.8123
M205 X12.5 Y12.5
G0 F8250 X156.8 Y142.662
M205 X14 Y14
G1 F2100 X156.8 Y114.03 E705.44558
M205 X12.5 Y12.5
G0 F8250 X156.52 Y113.607
M205 X14 Y14
G1 F2100 X156.52 Y143.086 E706.0976
M205 X12.5 Y12.5
G0 F8250 X156.24 Y143.51
M205 X14 Y14
G1 F2100 X156.24 Y113.183 E706.76837
M205 X12.5 Y12.5
G0 F8250 X155.96 Y112.759
M205 X14 Y14
G1 F2100 X155.96 Y143.933 E707.45788
M205 X12.5 Y12.5
G0 F8250 X155.68 Y144.27
M205 X14 Y14
G1 F2100 X155.68 Y112.426 E708.1622
M205 X12.5 Y12.5
G0 F8250 X155.4 Y112.105
M205 X14 Y14
G1 F2100 X155.4 Y144.59 E708.8807
M205 X12.5 Y12.5
G0 F8250 X155.12 Y144.911
M205 X14 Y14
G1 F2100 X155.12 Y111.785 E709.61339
M205 X12.5 Y12.5
G0 F8250 X154.84 Y111.464
M205 X14 Y14
G1 F2100 X154.84 Y145.231 E710.36024
M205 X12.5 Y12.5
G0 F8250 X154.56 Y145.551
M205 X14 Y14
G1 F2100 X154.56 Y111.144 E711.12126
M205 X12.5 Y12.5
G0 F8250 X154.28 Y110.823
M205 X14 Y14
G1 F2100 X154.28 Y145.871 E711.89645
M205 X12.5 Y12.5
G0 F8250 X154 Y146.191
M205 X14 Y14
G1 F2100 X154 Y110.503 E712.6858
M205 X12.5 Y12.5
G0 F8250 X153.72 Y110.182
M205 X14 Y14
G1 F2100 X153.72 Y146.512 E713.48934
M205 X12.5 Y12.5
G0 F8250 X153.44 Y146.79
M205 X14 Y14
G1 F2100 X153.44 Y109.88 E714.30572
M205 X12.5 Y12.5
G0 F8250 X153.16 Y109.6
M205 X14 Y14
G1 F2100 X153.16 Y147.034 E715.13368
M205 X12.5 Y12.5
G0 F8250 X152.88 Y147.279
M205 X14 Y14
G1 F2100 X152.88 Y109.319 E715.97328
M205 X12.5 Y12.5
G0 F8250 X152.6 Y109.038
M205 X14 Y14
G1 F2100 X152.6 Y147.523 E716.82449
M205 X12.5 Y12.5
G0 F8250 X152.32 Y147.768
M205 X14 Y14
G1 F2100 X152.32 Y108.758 E717.68731
M205 X12.5 Y12.5
G0 F8250 X152.04 Y108.477
M205 X14 Y14
G1 F2100 X152.04 Y148.012 E718.56175
M205 X12.5 Y12.5
G0 F8250 X151.76 Y148.257
M205 X14 Y14
G1 F2100 X151.76 Y108.196 E719.44782
M205 X12.5 Y12.5
G0 F8250 X151.48 Y107.916
M205 X14 Y14
G1 F2100 X151.48 Y148.501 E720.34548
M205 X12.5 Y12.5
G0 F8250 X151.2 Y148.746
M205 X14 Y14
G1 F2100 X151.2 Y107.635 E721.25477
M205 X12.5 Y12.5
G0 F8250 X150.92 Y107.354
M205 X14 Y14
G1 F2100 X150.92 Y148.981 E722.17547
M205 X12.5 Y12.5
G0 F8250 X150.64 Y149.166
M205 X14 Y14
G1 F2100 X150.64 Y107.074 E723.10647
M205 X12.5 Y12.5
G0 F8250 X150.36 Y106.793
M205 X14 Y14
G1 F2100 X150.36 Y149.351 E724.04776
M205 X12.5 Y12.5
G0 F8250 X150.08 Y149.536
M205 X14 Y14
G1 F2100 X150.08 Y106.512 E724.99937
M205 X12.5 Y12.5
G0 F8250 X149.8 Y106.232
M205 X14 Y14
G1 F2100 X149.8 Y149.721 E725.96126
M205 X12.5 Y12.5
G0 F8250 X149.52 Y149.907
M205 X14 Y14
G1 F2100 X149.52 Y105.951 E726.93347
M205 X12.5 Y12.5
G0 F8250 X149.24 Y105.67
M205 X14 Y14
G1 F2100 X149.24 Y150.092 E727.916
M205 X12.5 Y12.5
G0 F8250 X148.96 Y150.277
M205 X14 Y14
G1 F2100 X148.96 Y105.39 E728.90881
M205 X12.5 Y12.5
G0 F8250 X148.68 Y105.109
M205 X14 Y14
G1 F2100 X148.68 Y150.462 E729.91193
M205 X12.5 Y12.5
G0 F8250 X148.4 Y150.647
M205 X14 Y14
G1 F2100 X148.4 Y104.829 E730.92533
M205 X12.5 Y12.5
G0 F8250 X148.12 Y104.548
M205 X14 Y14
G1 F2100 X148.12 Y150.832 E731.94904
M205 X12.5 Y12.5
G0 F8250 X147.84 Y150.972
M205 X14 Y14
G1 F2100 X147.84 Y104.267 E732.98206
M205 X12.5 Y12.5
G0 F8250 X147.56 Y103.987
M205 X14 Y14
G1 F2100 X147.56 Y151.108 E734.02428
M205 X12.5 Y12.5
G0 F8250 X147.28 Y151.244
M205 X14 Y14
G1 F2100 X147.28 Y103.706 E735.07573
M205 X12.5 Y12.5
G0 F8250 X147 Y103.425
M205 X14 Y14
G1 F2100 X147 Y151.38 E736.13639
M205 X12.5 Y12.5
G0 F8250 X146.72 Y151.515
M205 X14 Y14
G1 F2100 X146.72 Y103.145 E737.20624
M205 X12.5 Y12.5
G0 F8250 X146.44 Y102.864
M205 X14 Y14
G1 F2100 X146.44 Y151.651 E738.28531
M205 X12.5 Y12.5
G0 F8250 X146.16 Y151.787
M205 X14 Y14
G1 F2100 X146.16 Y102.583 E739.37361
M205 X12.5 Y12.5
G0 F8250 X145.88 Y102.303
M205 X14 Y14
G1 F2100 X145.88 Y151.923 E740.4711
M205 X12.5 Y12.5
G0 F8250 X145.6 Y152.059
M205 X14 Y14
G1 F2100 X145.6 Y102.022 E741.57782
M205 X12.5 Y12.5
G0 F8250 X145.32 Y101.741
M205 X14 Y14
G1 F2100 X145.32 Y152.195 E742.69376
M205 X12.5 Y12.5
G0 F8250 X145.04 Y152.33
M205 X14 Y14
G1 F2100 X145.04 Y101.461 E743.81888
M205 X12.5 Y12.5
G0 F8250 X144.76 Y101.18
M205 X14 Y14
G1 F2100 X144.76 Y152.423 E744.95227
M205 X12.5 Y12.5
G0 F8250 X144.48 Y152.515
M205 X14 Y14
G1 F2100 X144.48 Y100.899 E746.09391
M205 X12.5 Y12.5
G0 F8250 X144.2 Y100.619
M205 X14 Y14
G1 F2100 X144.2 Y152.607 E747.24378
M205 X12.5 Y12.5
G0 F8250 X143.92 Y152.7
M205 X14 Y14
G1 F2100 X143.92 Y100.338 E748.40193
M205 X12.5 Y12.5
G0 F8250 X143.64 Y100.057
M205 X14 Y14
G1 F2100 X143.64 Y152.792 E749.56832
M205 X12.5 Y12.5
G0 F8250 X143.36 Y152.885
M205 X14 Y14
G1 F2100 X143.36 Y99.777 E750.74296
M205 X12.5 Y12.5
G0 F8250 X143.08 Y99.496
M205 X14 Y14
G1 F2100 X143.08 Y152.977 E751.92585
M205 X12.5 Y12.5
G0 F8250 X142.8 Y153.07
M205 X14 Y14
G1 F2100 X142.8 Y99.216 E753.11699
M205 X12.5 Y12.5
G0 F8250 X142.52 Y98.935
M205 X14 Y14
G1 F2100 X142.52 Y153.162 E754.31639
M205 X12.5 Y12.5
G0 F8250 X142.24 Y153.254
M205 X14 Y14
G1 F2100 X142.24 Y98.654 E755.52403
M205 X12.5 Y12.5
G0 F8250 X141.96 Y98.374
M205 X14 Y14
G1 F2100 X141.96 Y153.347 E756.73992
M205 X12.5 Y12.5
G0 F8250 X141.68 Y153.413
M205 X14 Y14
G1 F2100 X141.68 Y98.093 E757.96349
M205 X12.5 Y12.5
G0 F8250 X141.4 Y97.812
M205 X14 Y14
G1 F2100 X141.4 Y153.467 E759.19446
M205 X12.5 Y12.5
G0 F8250 X141.12 Y153.521
M205 X14 Y14
G1 F2100 X141.12 Y97.532 E760.43283
M205 X12.5 Y12.5
G0 F8250 X140.84 Y97.251
M205 X14 Y14
G1 F2100 X140.84 Y153.575 E761.6786
M205 X12.5 Y12.5
G0 F8250 X140.56 Y153.629
M205 X14 Y14
G1 F2100 X140.56 Y96.97 E762.93179
M205 X12.5 Y12.5
G0 F8250 X140.28 Y96.69
M205 X14 Y14
G1 F2100 X140.28 Y153.683 E764.19236
M205 X12.5 Y12.5
G0 F8250 X140 Y153.737
M205 X14 Y14
G1 F2100 X140 Y96.409 E765.46034
M205 X12.5 Y12.5
G0 F8250 X139.72 Y96.128
M205 X14 Y14
G1 F2100 X139.72 Y153.791 E766.73573
M205 X12.5 Y12.5
G0 F8250 X139.44 Y153.845
M205 X14 Y14
G1 F2100 X139.44 Y95.848 E768.0185
M205 X12.5 Y12.5
G0 F8250 X139.16 Y95.567
M205 X14 Y14
G1 F2100 X139.16 Y153.899 E769.30869
M205 X12.5 Y12.5
G0 F8250 X138.88 Y153.953
M205 X14 Y14
G1 F2100 X138.88 Y95.286 E770.60629
M205 X12.5 Y12.5
G0 F8250 X138.6 Y95.006
M205 X14 Y14
G1 F2100 X138.6 Y154.007 E771.91127
M205 X12.5 Y12.5
G0 F8250 X138.32 Y154.026
M205 X14 Y14
G1 F2100 X138.32 Y94.725 E773.22289
M205 X12.5 Y12.5
G0 F8250 X138.04 Y94.444
M205 X14 Y14
G1 F2100 X138.04 Y154.044 E774.54112
M205 X12.5 Y12.5
G0 F8250 X137.76 Y154.061
M205 X14 Y14
G1 F2100 X137.76 Y94.164 E775.86592
M205 X12.5 Y12.5
G0 F8250 X137.48 Y93.883
M205 X14 Y14
G1 F2100 X137.48 Y154.079 E777.19734
M205 X12.5 Y12.5
G0 F8250 X137.2 Y154.097
M205 X14 Y14
G1 F2100 X137.2 Y93.603 E778.53534
M205 X12.5 Y12.5
G0 F8250 X136.92 Y93.322
M205 X14 Y14
G1 F2100 X136.92 Y154.115 E779.87996
M205 X12.5 Y12.5
G0 F8250 X136.64 Y154.133
M205 X14 Y14
G1 F2100 X136.64 Y93.041 E781.23119
M205 X12.5 Y12.5
G0 F8250 X136.36 Y92.761
M205 X14 Y14
G1 F2100 X136.36 Y154.15 E782.58899
M205 X12.5 Y12.5
G0 F8250 X136.08 Y154.168
M205 X14 Y14
G1 F2100 X136.08 Y92.48 E783.95341
M205 X12.5 Y12.5
G0 F8250 X135.8 Y92.199
M205 X14 Y14
G1 F2100 X135.8 Y154.186 E785.32444
M205 X12.5 Y12.5
G0 F8250 X135.52 Y154.204
M205 X14 Y14
G1 F2100 X135.52 Y91.919 E786.70206
M205 X12.5 Y12.5
G0 F8250 X135.24 Y91.638
M205 X14 Y14
G1 F2100 X135.24 Y154.214 E788.08611
M205 X12.5 Y12.5
G0 F8250 X134.96 Y154.196
M205 X14 Y14
G1 F2100 X134.96 Y91.357 E789.47598
M205 X12.5 Y12.5
G0 F8250 X134.68 Y91.077
M205 X14 Y14
G1 F2100 X134.68 Y154.178 E790.87165
M205 X12.5 Y12.5
G0 F8250 X134.4 Y154.161
M205 X14 Y14
G1 F2100 X134.4 Y90.796 E792.27316
M205 X12.5 Y12.5
G0 F8250 X134.12 Y90.515
M205 X14 Y14
G1 F2100 X134.12 Y154.143 E793.68048
M205 X12.5 Y12.5
G0 F8250 X133.84 Y154.125
M205 X14 Y14
G1 F2100 X133.84 Y90.235 E795.0936
M205 X12.5 Y12.5
G0 F8250 X133.56 Y89.954
M205 X14 Y14
G1 F2100 X133.56 Y154.107 E796.51253
M205 X12.5 Y12.5
G0 F8250 X133.28 Y154.089
M205 X14 Y14
G1 F2100 X133.28 Y89.673 E797.93729
M205 X12.5 Y12.5
G0 F8250 X133 Y89.393
M205 X14 Y14
G1 F2100 X133 Y154.071 E799.36783
M205 X12.5 Y12.5
G0 F8250 X132.72 Y154.053
M205 X14 Y14
G1 F2100 X132.72 Y89.112 E800.8042
M205 X12.5 Y12.5
G0 F8250 X132.44 Y88.831
M205 X14 Y14
G1 F2100 X132.44 Y154.035 E802.24638
M205 X12.5 Y12.5
G0 F8250 X132.16 Y154.017
M205 X14 Y14
G1 F2100 X132.16 Y88.551 E803.69436
M205 X12.5 Y12.5
G0 F8250 X131.88 Y88.27
M205 X14 Y14
G1 F2100 X131.88 Y153.983 E805.1478
M205 X12.5 Y12.5
G0 F8250 X131.6 Y153.929
M205 X14 Y14
G1 F2100 X131.6 Y87.99 E806.60623
M205 X12.5 Y12.5
G0 F8250 X131.32 Y87.709
M205 X14 Y14
G1 F2100 X131.32 Y153.875 E808.06969
M205 X12.5 Y12.5
G0 F8250 X131.04 Y153.822
M205 X14 Y14
G1 F2100 X131.04 Y87.428 E809.53819
M205 X12.5 Y12.5
G0 F8250 X130.76 Y87.148
M205 X14 Y14
G1 F2100 X130.76 Y153.768 E811.01169
M205 X12.5 Y12.5
G0 F8250 X130.48 Y153.714
M205 X14 Y14
G1 F2100 X130.48 Y86.867 E812.49022
M205 X12.5 Y12.5
G0 F8250 X130.2 Y86.586
M205 X14 Y14
G1 F2100 X130.2 Y153.66 E813.97376
M205 X12.5 Y12.5
G0 F8250 X129.92 Y153.607
M205 X14 Y14
G1 F2100 X129.92 Y86.306 E815.46232
M205 X12.5 Y12.5
G0 F8250 X129.64 Y86.025
M205 X14 Y14
G1 F2100 X129.64 Y153.553 E816.9559
M205 X12.5 Y12.5
G0 F8250 X129.36 Y153.499
M205 X14 Y14
G1 F2100 X129.36 Y85.744 E818.45451
M205 X12.5 Y12.5
G0 F8250 X129.08 Y85.464
M205 X14 Y14
G1 F2100 X129.08 Y153.445 E819.95811
M205 X12.5 Y12.5
G0 F8250 X128.8 Y153.391
M205 X14 Y14
G1 F2100 X128.8 Y85.183 E821.46674
M205 X12.5 Y12.5
G0 F8250 X128.52 Y84.902
M205 X14 Y14
G1 F2100 X128.52 Y153.307 E822.97972
M205 X12.5 Y12.5
G0 F8250 X128.24 Y153.214
M205 X14 Y14
G1 F2100 X128.24 Y84.622 E824.49683
M205 X12.5 Y12.5
G0 F8250 X127.96 Y84.341
M205 X14 Y14
G1 F2100 X127.96 Y153.122 E826.01813
M205 X12.5 Y12.5
G0 F8250 X127.68 Y153.029
M205 X14 Y14
G1 F2100 X127.68 Y84.06 E827.54359
M205 X12.5 Y12.5
G0 F8250 X127.4 Y83.78
M205 X14 Y14
G1 F2100 X127.4 Y152.937 E829.0732
M205 X12.5 Y12.5
G0 F8250 X127.12 Y152.844
M205 X14 Y14
G1 F2100 X127.12 Y83.499 E830.60697
M205 X12.5 Y12.5
G0 F8250 X126.84 Y83.218
M205 X14 Y14
G1 F2100 X126.84 Y152.752 E832.14493
M205 X12.5 Y12.5
G0 F8250 X126.56 Y152.659
M205 X14 Y14
G1 F2100 X126.56 Y82.938 E833.68701
M205 X12.5 Y12.5
G0 F8250 X126.28 Y82.657
M205 X14 Y14
G1 F2100 X126.28 Y152.567 E835.23328
M205 X12.5 Y12.5
G0 F8250 X126 Y152.474
M205 X14 Y14
G1 F2100 X126 Y82.377 E836.78369
M205 X12.5 Y12.5
G0 F8250 X125.72 Y82.096
M205 X14 Y14
G1 F2100 X125.72 Y152.382 E838.33827
M205 X12.5 Y12.5
G0 F8250 X125.44 Y152.271
M205 X14 Y14
G1 F2100 X125.44 Y81.815 E839.89662
M205 X12.5 Y12.5
G0 F8250 X125.16 Y81.535
M205 X14 Y14
G1 F2100 X125.16 Y152.135 E841.45815
M205 X12.5 Y12.5
G0 F8250 X124.88 Y151.999
M205 X14 Y14
G1 F2100 X124.88 Y81.254 E843.02288
M205 X12.5 Y12.5
G0 F8250 X124.6 Y80.973
M205 X14 Y14
G1 F2100 X124.6 Y151.863 E844.59083
M205 X12.5 Y12.5
G0 F8250 X124.32 Y151.727
M205 X14 Y14
G1 F2100 X124.32 Y80.693 E846.16196
M205 X12.5 Y12.5
G0 F8250 X124.04 Y80.412
M205 X14 Y14
G1 F2100 X124.04 Y151.591 E847.73629
M205 X12.5 Y12.5
G0 F8250 X123.76 Y151.455
M205 X14 Y14
G1 F2100 X123.76 Y80.131 E849.31384
M205 X12.5 Y12.5
G0 F8250 X123.48 Y79.851
M205 X14 Y14
G1 F2100 X123.48 Y151.319 E850.89457
M205 X12.5 Y12.5
G0 F8250 X123.2 Y151.183
M205 X14 Y14
G1 F2100 X123.2 Y79.57 E852.4785
M205 X12.5 Y12.5
G0 F8250 X122.92 Y79.289
M205 X14 Y14
G1 F2100 X122.92 Y151.047 E854.06564
M205 X12.5 Y12.5
G0 F8250 X122.64 Y150.911
M205 X14 Y14
G1 F2100 X122.64 Y79.009 E855.65597
M205 X12.5 Y12.5
G0 F8250 X122.36 Y78.728
M205 X14 Y14
G1 F2100 X122.36 Y150.751 E857.24898
M205 X12.5 Y12.5
G0 F8250 X122.08 Y150.566
M205 X14 Y14
G1 F2100 X122.08 Y78.447 E858.8441
M205 X12.5 Y12.5
G0 F8250 X121.8 Y78.167
M205 X14 Y14
G1 F2100 X121.8 Y150.381 E860.44133
M205 X12.5 Y12.5
G0 F8250 X121.52 Y150.196
M205 X14 Y14
G1 F2100 X121.52 Y77.886 E862.04068
M205 X12.5 Y12.5
G0 F8250 X121.24 Y77.606
M205 X14 Y14
G1 F2100 X121.24 Y150.011 E863.64214
M205 X12.5 Y12.5
G0 F8250 X120.96 Y149.825
M205 X14 Y14
G1 F2100 X120.96 Y77.325 E865.24569
M205 X12.5 Y12.5
G0 F8250 X120.68 Y77.044
M205 X14 Y14
G1 F2100 X120.68 Y149.64 E866.85137
M205 X12.5 Y12.5
G0 F8250 X120.4 Y149.455
M205 X14 Y14
G1 F2100 X120.4 Y76.764 E868.45915
M205 X12.5 Y12.5
G0 F8250 X120.12 Y76.483
M205 X14 Y14
G1 F2100 X120.12 Y149.27 E870.06905
M205 X12.5 Y12.5
G0 F8250 X119.84 Y149.085
M205 X14 Y14
G1 F2100 X119.84 Y76.202 E871.68108
M205 X12.5 Y12.5
G0 F8250 X119.56 Y75.922
M205 X14 Y14
G1 F2100 X119.56 Y148.884 E873.29485
M205 X12.5 Y12.5
G0 F8250 X119.28 Y148.64
M205 X14 Y14
G1 F2100 X119.28 Y75.641 E874.90944
M205 X12.5 Y12.5
G0 F8250 X119 Y75.36
M205 X14 Y14
G1 F2100 X119 Y148.395 E876.52483
M205 X12.5 Y12.5
G0 F8250 X118.72 Y148.15
M205 X14 Y14
G1 F2100 X118.72 Y75.08 E878.14099
M205 X12.5 Y12.5
G0 F8250 X118.44 Y74.799
M205 X14 Y14
G1 F2100 X118.44 Y147.906 E879.75797
M205 X12.5 Y12.5
G0 F8250 X118.16 Y147.661
M205 X14 Y14
G1 F2100 X118.16 Y74.518 E881.37574
M205 X12.5 Y12.5
G0 F8250 X117.88 Y74.238
M205 X14 Y14
G1 F2100 X117.88 Y147.417 E882.99432
M205 X12.5 Y12.5
G0 F8250 X117.6 Y147.172
M205 X14 Y14
G1 F2100 X117.6 Y73.957 E884.61369
M205 X12.5 Y12.5
G0 F8250 X117.32 Y73.676
M205 X14 Y14
G1 F2100 X117.32 Y146.928 E886.23387
M205 X12.5 Y12.5
G0 F8250 X117.04 Y146.683
M205 X14 Y14
G1 F2100 X117.04 Y73.396 E887.85483
M205 X12.5 Y12.5
G0 F8250 X116.76 Y73.115
M205 X14 Y14
G1 F2100 X116.76 Y146.419 E889.47617
M205 X12.5 Y12.5
G0 F8250 X116.48 Y146.144
M205 X14 Y14
G1 F2100 X116.48 Y72.834 E891.09764
M205 X12.5 Y12.5
G0 F8250 X116.2 Y72.554
M205 X14 Y14
G1 F2100 X116.2 Y145.869 E892.71922
M205 X12.5 Y12.5
G0 F8250 X115.92 Y145.595
M205 X14 Y14
G1 F2100 X115.92 Y72.273 E894.34096
M205 X12.5 Y12.5
G0 F8250 X115.64 Y71.993
M205 X14 Y14
G1 F2100 X115.64 Y145.32 E895.9628
M205 X12.5 Y12.5
G0 F8250 X115.36 Y145.045
M205 X14 Y14
G1 F2100 X115.36 Y71.712 E897.58478
M205 X12.5 Y12.5
G0 F8250 X115.08 Y71.431
M205 X14 Y14
G1 F2100 X115.08 Y144.77 E899.20689
M205 X12.5 Y12.5
G0 F8250 X114.8 Y144.496
M205 X14 Y14
G1 F2100 X114.8 Y71.151 E900.82914
M205 X12.5 Y12.5
G0 F8250 X114.52 Y70.87
M205 X14 Y14
G1 F2100 X114.52 Y144.221 E902.45151
M205 X12.5 Y12.5
G0 F8250 X114.24 Y143.946
M205 X14 Y14
G1 F2100 X114.24 Y70.589 E904.07402
M205 X12.5 Y12.5
G0 F8250 X113.96 Y70.309
M205 X14 Y14
G1 F2100 X113.96 Y143.671 E905.69664
M205 X12.5 Y12.5
G0 F8250 X113.68 Y143.397
M205 X14 Y14
G1 F2100 X113.68 Y70.028 E907.31942
M205 X12.5 Y12.5
G0 F8250 X113.4 Y69.747
M205 X14 Y14
G1 F2100 X113.4 Y143.122 E908.94232
M205 X12.5 Y12.5
G0 F8250 X113.12 Y142.847
M205 X14 Y14
G1 F2100 X113.12 Y69.467 E910.56534
M205 X12.5 Y12.5
G0 F8250 X112.84 Y69.186
M205 X14 Y14
G1 F2100 X112.84 Y142.573 E912.18852
M205 X12.5 Y12.5
G0 F8250 X112.56 Y142.298
M205 X14 Y14
G1 F2100 X112.56 Y68.905 E913.81182
M205 X12.5 Y12.5
G0 F8250 X112.28 Y68.625
M205 X14 Y14
G1 F2100 X112.28 Y142.023 E915.43524
M205 X12.5 Y12.5
G0 F8250 X112 Y141.748
M205 X14 Y14
G1 F2100 X112 Y68.344 E917.05879
M205 X12.5 Y12.5
G0 F8250 X111.72 Y68.063
M205 X14 Y14
G1 F2100 X111.72 Y141.474 E918.68249
M205 X12.5 Y12.5
G0 F8250 X111.44 Y141.199
M205 X14 Y14
G1 F2100 X111.44 Y67.783 E920.3063
M205 X12.5 Y12.5
G0 F8250 X111.16 Y67.502
M205 X14 Y14
G1 F2100 X111.16 Y140.924 E921.93025
M205 X12.5 Y12.5
G0 F8250 X110.88 Y140.7
M205 X14 Y14
G1 F2100 X110.88 Y67.221 E923.55546
M205 X12.5 Y12.5
G0 F8250 X110.6 Y66.941
M205 X14 Y14
G1 F2100 X110.6 Y140.556 E925.18367
M205 X12.5 Y12.5
G0 F8250 X110.32 Y140.482
M205 X14 Y14
G1 F2100 X110.32 Y66.66 E926.81647
M205 X12.5 Y12.5
G0 F8250 X110.04 Y66.38
M205 X14 Y14
G1 F2100 X110.04 Y140.441 E928.45455
M205 X12.5 Y12.5
G0 F8250 X109.76 Y140.46
M205 X14 Y14
G1 F2100 X109.76 Y66.651 E930.08706
M205 X12.5 Y12.5
G0 F8250 X109.48 Y66.94
M205 X14 Y14
G1 F2100 X109.48 Y140.544 E931.71503
M205 X12.5 Y12.5
G0 F8250 X109.2 Y140.662
M205 X14 Y14
G1 F2100 X109.2 Y67.229 E933.33922
M205 X12.5 Y12.5
G0 F8250 X108.92 Y67.518
M205 X14 Y14
G1 F2100 X108.92 Y140.863 E934.96146
M205 X12.5 Y12.5
G0 F8250 X108.64 Y141.137
M205 X14 Y14
G1 F2100 X108.64 Y67.807 E936.58337
M205 X12.5 Y12.5
G0 F8250 X108.36 Y68.096
M205 X14 Y14
G1 F2100 X108.36 Y141.412 E938.20498
M205 X12.5 Y12.5
G0 F8250 X108.08 Y141.687
M205 X14 Y14
G1 F2100 X108.08 Y68.385 E939.82627
M205 X12.5 Y12.5
G0 F8250 X107.8 Y68.671
M205 X14 Y14
G1 F2100 X107.8 Y141.961 E941.4473
M205 X12.5 Y12.5
G0 F8250 X107.52 Y142.236
M205 X14 Y14
G1 F2100 X107.52 Y68.951 E943.06821
M205 X12.5 Y12.5
G0 F8250 X107.24 Y69.231
M205 X14 Y14
G1 F2100 X107.24 Y142.511 E944.68902
M205 X12.5 Y12.5
G0 F8250 X106.96 Y142.785
M205 X14 Y14
G1 F2100 X106.96 Y69.512 E946.30967
M205 X12.5 Y12.5
G0 F8250 X106.68 Y69.792
M205 X14 Y14
G1 F2100 X106.68 Y143.06 E947.93021
M205 X12.5 Y12.5
G0 F8250 X106.4 Y143.335
M205 X14 Y14
G1 F2100 X106.4 Y70.072 E949.55064
M205 X12.5 Y12.5
G0 F8250 X106.12 Y70.353
M205 X14 Y14
G1 F2100 X106.12 Y143.609 E951.17092
M205 X12.5 Y12.5
G0 F8250 X105.84 Y143.884
M205 X14 Y14
G1 F2100 X105.84 Y70.633 E952.79108
M205 X12.5 Y12.5
G0 F8250 X105.56 Y70.914
M205 X14 Y14
G1 F2100 X105.56 Y144.158 E954.41109
M205 X12.5 Y12.5
G0 F8250 X105.28 Y144.433
M205 X14 Y14
G1 F2100 X105.28 Y71.194 E956.03099
M205 X12.5 Y12.5
G0 F8250 X105 Y71.474
M205 X14 Y14
G1 F2100 X105 Y144.708 E957.65078
M205 X12.5 Y12.5
G0 F8250 X104.72 Y144.982
M205 X14 Y14
G1 F2100 X104.72 Y71.755 E959.27042
M205 X12.5 Y12.5
G0 F8250 X104.44 Y72.035
M205 X14 Y14
G1 F2100 X104.44 Y145.257 E960.88994
M205 X12.5 Y12.5
G0 F8250 X104.16 Y145.532
M205 X14 Y14
G1 F2100 X104.16 Y72.315 E962.50935
M205 X12.5 Y12.5
G0 F8250 X103.88 Y72.596
M205 X14 Y14
G1 F2100 X103.88 Y145.806 E964.12861
M205 X12.5 Y12.5
G0 F8250 X103.6 Y146.081
M205 X14 Y14
G1 F2100 X103.6 Y72.876 E965.74776
M205 X12.5 Y12.5
G0 F8250 X103.32 Y73.157
M205 X14 Y14
G1 F2100 X103.32 Y146.355 E967.36675
M205 X12.5 Y12.5
G0 F8250 X103.04 Y146.63
M205 X14 Y14
G1 F2100 X103.04 Y73.437 E968.98563
M205 X12.5 Y12.5
G0 F8250 X102.76 Y73.717
M205 X14 Y14
G1 F2100 X102.76 Y146.892 E970.60412
M205 X12.5 Y12.5
G0 F8250 X102.48 Y147.154
M205 X14 Y14
G1 F2100 X102.48 Y73.998 E972.22218
M205 X12.5 Y12.5
G0 F8250 X102.2 Y74.278
M205 X14 Y14
G1 F2100 X102.2 Y147.415 E973.83982
M205 X12.5 Y12.5
G0 F8250 X101.92 Y147.676
M205 X14 Y14
G1 F2100 X101.92 Y74.558 E975.45705
M205 X12.5 Y12.5
G0 F8250 X101.64 Y74.839
M205 X14 Y14
G1 F2100 X101.64 Y147.93 E977.07367
M205 X12.5 Y12.5
G0 F8250 X101.36 Y148.159
M205 X14 Y14
G1 F2100 X101.36 Y75.119 E978.68917
M205 X12.5 Y12.5
G0 F8250 X101.08 Y75.4
M205 X14 Y14
G1 F2100 X101.08 Y148.387 E980.3035
M205 X12.5 Y12.5
G0 F8250 X100.8 Y148.615
M205 X14 Y14
G1 F2100 X100.8 Y75.68 E981.91667
M205 X12.5 Y12.5
G0 F8250 X100.52 Y75.96
M205 X14 Y14
G1 F2100 X100.52 Y148.843 E983.5287
M205 X12.5 Y12.5
G0 F8250 X100.24 Y149.06
M205 X14 Y14
G1 F2100 X100.24 Y76.241 E985.13931
M205 X12.5 Y12.5
G0 F8250 X99.96 Y76.521
M205 X14 Y14
G1 F2100 X99.96 Y149.259 E986.74813
M205 X12.5 Y12.5
G0 F8250 X99.68 Y149.458
M205 X14 Y14
G1 F2100 X99.68 Y76.801 E988.35515
M205 X12.5 Y12.5
G0 F8250 X99.4 Y77.082
M205 X14 Y14
G1 F2100 X99.4 Y149.656 E989.96034
M205 X12.5 Y12.5
G0 F8250 X99.12 Y149.855
M205 X14 Y14
G1 F2100 X99.12 Y77.362 E991.56374
M205 X12.5 Y12.5
G0 F8250 X98.84 Y77.643
M205 X14 Y14
G1 F2100 X98.84 Y150.044 E993.16511
M205 X12.5 Y12.5
G0 F8250 X98.56 Y150.215
M205 X14 Y14
G1 F2100 X98.56 Y77.923 E994.76406
M205 X12.5 Y12.5
G0 F8250 X98.28 Y78.203
M205 X14 Y14
G1 F2100 X98.28 Y150.387 E996.36063
M205 X12.5 Y12.5
G0 F8250 X98 Y150.559
M205 X14 Y14
G1 F2100 X98 Y78.484 E997.95478
M205 X12.5 Y12.5
G0 F8250 X97.72 Y78.764
M205 X14 Y14
G1 F2100 X97.72 Y150.73 E999.54652
M205 X12.5 Y12.5
G0 F8250 X97.44 Y150.898
M205 X14 Y14
G1 F2100 X97.44 Y79.044 E1001.13579
M205 X12.5 Y12.5
G0 F8250 X97.16 Y79.325
M205 X14 Y14
G1 F2100 X97.16 Y151.045 E1002.72209
M205 X12.5 Y12.5
G0 F8250 X96.88 Y151.191
M205 X14 Y14
G1 F2100 X96.88 Y79.605 E1004.30543
M205 X12.5 Y12.5
G0 F8250 X96.6 Y79.885
M205 X14 Y14
G1 F2100 X96.6 Y151.338 E1005.88583
M205 X12.5 Y12.5
G0 F8250 X96.32 Y151.484
M205 X14 Y14
G1 F2100 X96.32 Y80.166 E1007.46324
M205 X12.5 Y12.5
G0 F8250 X96.04 Y80.446
M205 X14 Y14
G1 F2100 X96.04 Y151.631 E1009.03771
M205 X12.5 Y12.5
G0 F8250 X95.76 Y151.759
M205 X14 Y14
G1 F2100 X95.76 Y80.727 E1010.60879
M205 X12.5 Y12.5
G0 F8250 X95.48 Y81.007
M205 X14 Y14
G1 F2100 X95.48 Y151.883 E1012.17643
M205 X12.5 Y12.5
G0 F8250 X95.2 Y152.008
M205 X14 Y14
G1 F2100 X95.2 Y81.287 E1013.74063
M205 X12.5 Y12.5
G0 F8250 X94.92 Y81.568
M205 X14 Y14
G1 F2100 X94.92 Y152.132 E1015.30137
M205 X12.5 Y12.5
G0 F8250 X94.64 Y152.256
M205 X14 Y14
G1 F2100 X94.64 Y81.848 E1016.85865
M205 X12.5 Y12.5
G0 F8250 X94.36 Y82.128
M205 X14 Y14
G1 F2100 X94.36 Y152.374 E1018.41235
M205 X12.5 Y12.5
G0 F8250 X94.08 Y152.477
M205 X14 Y14
G1 F2100 X94.08 Y82.409 E1019.96211
M205 X12.5 Y12.5
G0 F8250 X93.8 Y82.689
M205 X14 Y14
G1 F2100 X93.8 Y152.58 E1021.50796
M205 X12.5 Y12.5
G0 F8250 X93.52 Y152.683
M205 X14 Y14
G1 F2100 X93.52 Y82.97 E1023.04987
M205 X12.5 Y12.5
G0 F8250 X93.24 Y83.25
M205 X14 Y14
G1 F2100 X93.24 Y152.786 E1024.58787
M205 X12.5 Y12.5
G0 F8250 X92.96 Y152.889
M205 X14 Y14
G1 F2100 X92.96 Y83.53 E1026.12195
M205 X12.5 Y12.5
G0 F8250 X92.68 Y83.811
M205 X14 Y14
G1 F2100 X92.68 Y152.979 E1027.65181
M205 X12.5 Y12.5
G0 F8250 X92.4 Y153.061
M205 X14 Y14
G1 F2100 X92.4 Y84.091 E1029.17729
M205 X12.5 Y12.5
G0 F8250 X92.12 Y84.371
M205 X14 Y14
G1 F2100 X92.12 Y153.143 E1030.69839
M205 X12.5 Y12.5
G0 F8250 X91.84 Y153.226
M205 X14 Y14
G1 F2100 X91.84 Y84.652 E1032.2151
M205 X12.5 Y12.5
G0 F8250 X91.56 Y84.932
M205 X14 Y14
G1 F2100 X91.56 Y153.308 E1033.72744
M205 X12.5 Y12.5
G0 F8250 X91.28 Y153.39
M205 X14 Y14
G1 F2100 X91.28 Y85.213 E1035.23538
M205 X12.5 Y12.5
G0 F8250 X91 Y85.493
M205 X14 Y14
G1 F2100 X91 Y153.454 E1036.73854
M205 X12.5 Y12.5
G0 F8250 X90.72 Y153.518
M205 X14 Y14
G1 F2100 X90.72 Y85.773 E1038.23693
M205 X12.5 Y12.5
G0 F8250 X90.44 Y86.054
M205 X14 Y14
G1 F2100 X90.44 Y153.581 E1039.73049
M205 X12.5 Y12.5
G0 F8250 X90.16 Y153.645
M205 X14 Y14
G1 F2100 X90.16 Y86.334 E1041.21927
M205 X12.5 Y12.5
G0 F8250 X89.88 Y86.614
M205 X14 Y14
G1 F2100 X89.88 Y153.709 E1042.70328
M205 X12.5 Y12.5
G0 F8250 X89.6 Y153.769
M205 X14 Y14
G1 F2100 X89.6 Y86.895 E1044.1824
M205 X12.5 Y12.5
G0 F8250 X89.32 Y87.175
M205 X14 Y14
G1 F2100 X89.32 Y153.815 E1045.65634
M205 X12.5 Y12.5
G0 F8250 X89.04 Y153.86
M205 X14 Y14
G1 F2100 X89.04 Y87.456 E1047.12506
M205 X12.5 Y12.5
G0 F8250 X88.76 Y87.736
M205 X14 Y14
G1 F2100 X88.76 Y153.906 E1048.58861
M205 X12.5 Y12.5
G0 F8250 X88.48 Y153.951
M205 X14 Y14
G1 F2100 X88.48 Y88.016 E1050.04696
M205 X12.5 Y12.5
G0 F8250 X88.2 Y88.297
M205 X14 Y14
G1 F2100 X88.2 Y153.996 E1051.50009
M205 X12.5 Y12.5
G0 F8250 X87.92 Y154.036
M205 X14 Y14
G1 F2100 X87.92 Y88.577 E1052.94791
M205 X12.5 Y12.5
G0 F8250 X87.64 Y88.857
M205 X14 Y14
G1 F2100 X87.64 Y154.063 E1054.39014
M205 X12.5 Y12.5
G0 F8250 X87.36 Y154.09
M205 X14 Y14
G1 F2100 X87.36 Y89.138 E1055.82674
M205 X12.5 Y12.5
G0 F8250 X87.08 Y89.418
M205 X14 Y14
G1 F2100 X87.08 Y154.117 E1057.25776
M205 X12.5 Y12.5
G0 F8250 X86.8 Y154.143
M205 X14 Y14
G1 F2100 X86.8 Y89.698 E1058.68315
M205 X12.5 Y12.5
G0 F8250 X86.52 Y89.979
M205 X14 Y14
G1 F2100 X86.52 Y154.17 E1060.10293
M205 X12.5 Y12.5
G0 F8250 X86.24 Y154.19
M205 X14 Y14
G1 F2100 X86.24 Y90.259 E1061.51695
M205 X12.5 Y12.5
G0 F8250 X85.96 Y90.54
M205 X14 Y14
G1 F2100 X85.96 Y154.199 E1062.92496
M205 X12.5 Y12.5
G0 F8250 X85.68 Y154.208
M205 X14 Y14
G1 F2100 X85.68 Y90.82 E1064.32698
M205 X12.5 Y12.5
G0 F8250 X85.4 Y91.1
M205 X14 Y14
G1 F2100 X85.4 Y154.216 E1065.72297
M205 X12.5 Y12.5
G0 F8250 X85.12 Y154.225
M205 X14 Y14
G1 F2100 X85.12 Y91.381 E1067.11296
M205 X12.5 Y12.5
G0 F8250 X84.84 Y91.661
M205 X14 Y14
G1 F2100 X84.84 Y154.234 E1068.49695
M205 X12.5 Y12.5
G0 F8250 X84.56 Y154.233
M205 X14 Y14
G1 F2100 X84.56 Y91.941 E1069.87472
M205 X12.5 Y12.5
G0 F8250 X84.28 Y92.222
M205 X14 Y14
G1 F2100 X84.28 Y154.224 E1071.24608
M205 X12.5 Y12.5
G0 F8250 X84 Y154.215
M205 X14 Y14
G1 F2100 X84 Y92.502 E1072.61105
M205 X12.5 Y12.5
G0 F8250 X83.72 Y92.783
M205 X14 Y14
G1 F2100 X83.72 Y154.206 E1073.9696
M205 X12.5 Y12.5
G0 F8250 X83.44 Y154.197
M205 X14 Y14
G1 F2100 X83.44 Y93.063 E1075.32176
M205 X12.5 Y12.5
G0 F8250 X83.16 Y93.343
M205 X14 Y14
G1 F2100 X83.16 Y154.188 E1076.66753
M205 X12.5 Y12.5
G0 F8250 X82.88 Y154.17
M205 X14 Y14
G1 F2100 X82.88 Y93.624 E1078.00669
M205 X12.5 Y12.5
G0 F8250 X82.6 Y93.904
M205 X14 Y14
G1 F2100 X82.6 Y154.143 E1079.33905
M205 X12.5 Y12.5
G0 F8250 X82.32 Y154.117
M205 X14 Y14
G1 F2100 X82.32 Y94.184 E1080.66465
M205 X12.5 Y12.5
G0 F8250 X82.04 Y94.465
M205 X14 Y14
G1 F2100 X82.04 Y154.09 E1081.98343
M205 X12.5 Y12.5
G0 F8250 X81.76 Y154.064
M205 X14 Y14
G1 F2100 X81.76 Y94.745 E1083.29545
M205 X12.5 Y12.5
G0 F8250 X81.48 Y95.026
M205 X14 Y14
G1 F2100 X81.48 Y154.037 E1084.60066
M205 X12.5 Y12.5
G0 F8250 X81.2 Y153.999
M205 X14 Y14
G1 F2100 X81.2 Y95.306 E1085.89883
M205 X12.5 Y12.5
G0 F8250 X80.92 Y95.586
M205 X14 Y14
G1 F2100 X80.92 Y153.954 E1087.18981
M205 X12.5 Y12.5
G0 F8250 X80.64 Y153.909
M205 X14 Y14
G1 F2100 X80.64 Y95.867 E1088.47358
M205 X12.5 Y12.5
G0 F8250 X80.36 Y96.147
M205 X14 Y14
G1 F2100 X80.36 Y153.864 E1089.75017
M205 X12.5 Y12.5
G0 F8250 X80.08 Y153.82
M205 X14 Y14
G1 F2100 X80.08 Y96.427 E1091.01958
M205 X12.5 Y12.5
G0 F8250 X79.8 Y96.708
M205 X14 Y14
G1 F2100 X79.8 Y153.775 E1092.28179
M205 X12.5 Y12.5
G0 F8250 X79.52 Y153.714
M205 X14 Y14
G1 F2100 X79.52 Y96.988 E1093.53646
M205 X12.5 Y12.5
G0 F8250 X79.24 Y97.269
M205 X14 Y14
G1 F2100 X79.24 Y153.651 E1094.78351
M205 X12.5 Y12.5
G0 F8250 X78.96 Y153.587
M205 X14 Y14
G1 F2100 X78.96 Y97.549 E1096.02296
M205 X12.5 Y12.5
G0 F8250 X78.68 Y97.829
M205 X14 Y14
G1 F2100 X78.68 Y153.523 E1097.2548
M205 X12.5 Y12.5
G0 F8250 X78.4 Y153.46
M205 X14 Y14
G1 F2100 X78.4 Y98.11 E1098.47903
M205 X12.5 Y12.5
G0 F8250 X78.12 Y98.39
M205 X14 Y14
G1 F2100 X78.12 Y153.396 E1099.69565
M205 X12.5 Y12.5
G0 F8250 X77.84 Y153.315
M205 X14 Y14
G1 F2100 X77.84 Y98.67 E1100.90429
M205 X12.5 Y12.5
G0 F8250 X77.56 Y98.951
M205 X14 Y14
G1 F2100 X77.56 Y153.233 E1102.1049
M205 X12.5 Y12.5
G0 F8250 X77.28 Y153.151
M205 X14 Y14
G1 F2100 X77.28 Y99.231 E1103.2975
M205 X12.5 Y12.5
G0 F8250 X77 Y99.511
M205 X14 Y14
G1 F2100 X77 Y153.069 E1104.4821
M205 X12.5 Y12.5
G0 F8250 X76.72 Y152.987
M205 X14 Y14
G1 F2100 X76.72 Y99.792 E1105.65866
M205 X12.5 Y12.5
G0 F8250 X76.44 Y100.072
M205 X14 Y14
G1 F2100 X76.44 Y152.9 E1106.82711
M205 X12.5 Y12.5
G0 F8250 X76.16 Y152.797
M205 X14 Y14
G1 F2100 X76.16 Y100.353 E1107.98707
M205 X12.5 Y12.5
G0 F8250 X75.88 Y100.633
M205 X14 Y14
G1 F2100 X75.88 Y152.695 E1109.13858
M205 X12.5 Y12.5
G0 F8250 X75.6 Y152.592
M205 X14 Y14
G1 F2100 X75.6 Y100.913 E1110.28161
M205 X12.5 Y12.5
G0 F8250 X75.32 Y101.194
M205 X14 Y14
G1 F2100 X75.32 Y152.489 E1111.41615
M205 X12.5 Y12.5
G0 F8250 X75.04 Y152.387
M205 X14 Y14
G1 F2100 X75.04 Y101.474 E1112.54225
M205 X12.5 Y12.5
G0 F8250 X74.76 Y101.754
M205 X14 Y14
G1 F2100 X74.76 Y152.269 E1113.65954
M205 X12.5 Y12.5
G0 F8250 X74.48 Y152.145
M205 X14 Y14
G1 F2100 X74.48 Y102.035 E1114.76787
M205 X12.5 Y12.5
G0 F8250 X74.2 Y102.315
M205 X14 Y14
G1 F2100 X74.2 Y152.021 E1115.86727
M205 X12.5 Y12.5
G0 F8250 X73.92 Y151.896
M205 X14 Y14
G1 F2100 X73.92 Y102.596 E1116.95768
M205 X12.5 Y12.5
G0 F8250 X73.64 Y102.876
M205 X14 Y14
G1 F2100 X73.64 Y151.772 E1118.03916
M205 X12.5 Y12.5
G0 F8250 X73.36 Y151.644
M205 X14 Y14
G1 F2100 X73.36 Y103.156 E1119.11162
M205 X12.5 Y12.5
G0 F8250 X73.08 Y103.437
M205 X14 Y14
G1 F2100 X73.08 Y151.498 E1120.17463
M205 X12.5 Y12.5
G0 F8250 X72.8 Y151.351
M205 X14 Y14
G1 F2100 X72.8 Y103.717 E1121.2282
M205 X12.5 Y12.5
G0 F8250 X72.52 Y103.997
M205 X14 Y14
G1 F2100 X72.52 Y151.204 E1122.27233
M205 X12.5 Y12.5
G0 F8250 X72.24 Y151.058
M205 X14 Y14
G1 F2100 X72.24 Y104.278 E1123.30701
M205 X12.5 Y12.5
G0 F8250 X71.96 Y104.558
M205 X14 Y14
G1 F2100 X71.96 Y150.911 E1124.33224
M205 X12.5 Y12.5
G0 F8250 X71.68 Y150.745
M205 X14 Y14
G1 F2100 X71.68 Y104.839 E1125.34759
M205 X12.5 Y12.5
G0 F8250 X71.4 Y105.119
M205 X14 Y14
G1 F2100 X71.4 Y150.573 E1126.35294
M205 X12.5 Y12.5
G0 F8250 X71.12 Y150.401
M205 X14 Y14
G1 F2100 X71.12 Y105.399 E1127.34829
M205 X12.5 Y12.5
G0 F8250 X70.84 Y105.68
M205 X14 Y14
G1 F2100 X70.84 Y150.229 E1128.33363
M205 X12.5 Y12.5
G0 F8250 X70.56 Y150.057
M205 X14 Y14
G1 F2100 X70.56 Y105.96 E1129.30897
M205 X12.5 Y12.5
G0 F8250 X70.28 Y106.24
M205 X14 Y14
G1 F2100 X70.28 Y149.87 E1130.27397
M205 X12.5 Y12.5
G0 F8250 X70 Y149.671
M205 X14 Y14
G1 F2100 X70 Y106.521 E1131.22836
M205 X12.5 Y12.5
G0 F8250 X69.72 Y106.801
M205 X14 Y14
G1 F2100 X69.72 Y149.472 E1132.17216
M205 X12.5 Y12.5
G0 F8250 X69.44 Y149.273
M205 X14 Y14
G1 F2100 X69.44 Y107.082 E1133.10534
M205 X12.5 Y12.5
G0 F8250 X69.16 Y107.362
M205 X14 Y14
G1 F2100 X69.16 Y149.074 E1134.02793
M205 X12.5 Y12.5
G0 F8250 X68.88 Y148.858
M205 X14 Y14
G1 F2100 X68.88 Y107.642 E1134.93954
M205 X12.5 Y12.5
G0 F8250 X68.6 Y107.923
M205 X14 Y14
G1 F2100 X68.6 Y148.629 E1135.83988
M205 X12.5 Y12.5
G0 F8250 X68.32 Y148.4
M205 X14 Y14
G1 F2100 X68.32 Y108.203 E1136.72895
M205 X12.5 Y12.5
G0 F8250 X68.04 Y108.483
M205 X14 Y14
G1 F2100 X68.04 Y148.172 E1137.6068
M205 X12.5 Y12.5
G0 F8250 X67.76 Y147.943
M205 X14 Y14
G1 F2100 X67.76 Y108.764 E1138.47336
M205 X12.5 Y12.5
G0 F8250 X67.48 Y109.044
M205 X14 Y14
G1 F2100 X67.48 Y147.687 E1139.32806
M205 X12.5 Y12.5
G0 F8250 X67.2 Y147.424
M205 X14 Y14
G1 F2100 X67.2 Y109.324 E1140.17076
M205 X12.5 Y12.5
G0 F8250 X66.92 Y109.605
M205 X14 Y14
G1 F2100 X66.92 Y147.16 E1141.0014
M205 X12.5 Y12.5
G0 F8250 X66.64 Y146.897
M205 X14 Y14
G1 F2100 X66.64 Y109.885 E1141.82003
M205 X12.5 Y12.5
G0 F8250 X66.36 Y110.17
M205 X14 Y14
G1 F2100 X66.36 Y146.627 E1142.62638
M205 X12.5 Y12.5
G0 F8250 X66.08 Y146.328
M205 X14 Y14
G1 F2100 X66.08 Y110.469 E1143.41951
M205 X12.5 Y12.5
G0 F8250 X65.8 Y110.767
M205 X14 Y14
G1 F2100 X65.8 Y146.028 E1144.19942
M205 X12.5 Y12.5
G0 F8250 X65.52 Y145.728
M205 X14 Y14
G1 F2100 X65.52 Y111.065 E1144.96609
M205 X12.5 Y12.5
G0 F8250 X65.24 Y111.363
M205 X14 Y14
G1 F2100 X65.24 Y145.429 E1145.71956
M205 X12.5 Y12.5
G0 F8250 X64.96 Y145.089
M205 X14 Y14
G1 F2100 X64.96 Y111.704 E1146.45797
M205 X12.5 Y12.5
G0 F8250 X64.68 Y112.044
M205 X14 Y14
G1 F2100 X64.68 Y144.748 E1147.18132
M205 X12.5 Y12.5
G0 F8250 X64.4 Y144.407
M205 X14 Y14
G1 F2100 X64.4 Y112.384 E1147.8896
M205 X12.5 Y12.5
G0 F8250 X64.12 Y112.731
M205 X14 Y14
G1 F2100 X64.12 Y144.062 E1148.58258
M205 X12.5 Y12.5
G0 F8250 X63.84 Y143.672
M205 X14 Y14
G1 F2100 X63.84 Y113.121 E1149.25831
M205 X12.5 Y12.5
G0 F8250 X63.56 Y113.511
M205 X14 Y14
G1 F2100 X63.56 Y143.282 E1149.91678
M205 X12.5 Y12.5
G0 F8250 X63.28 Y142.892
M205 X14 Y14
G1 F2100 X63.28 Y113.901 E1150.55801
M205 X12.5 Y12.5
G0 F8250 X63 Y114.326
M205 X14 Y14
G1 F2100 X63 Y142.469 E1151.18047
M205 X12.5 Y12.5
G0 F8250 X62.72 Y142.021
M205 X14 Y14
G1 F2100 X62.72 Y114.775 E1151.7831
M205 X12.5 Y12.5
G0 F8250 X62.44 Y115.223
M205 X14 Y14
G1 F2100 X62.44 Y141.572 E1152.36589
M205 X12.5 Y12.5
G0 F8250 X62.16 Y141.094
M205 X14 Y14
G1 F2100 X62.16 Y115.702 E1152.92751
M205 X12.5 Y12.5
G0 F8250 X61.88 Y116.224
M205 X14 Y14
G1 F2100 X61.88 Y140.571 E1153.46601
M205 X12.5 Y12.5
G0 F8250 X61.6 Y140.048
M205 X14 Y14
G1 F2100 X61.6 Y116.747 E1153.98138
M205 X12.5 Y12.5
G0 F8250 X61.32 Y117.321
M205 X14 Y14
G1 F2100 X61.32 Y139.473 E1154.47134
M205 X12.5 Y12.5
G0 F8250 X61.04 Y138.856
M205 X14 Y14
G1 F2100 X61.04 Y117.937 E1154.93403
M205 X12.5 Y12.5
G0 F8250 X60.76 Y118.561
M205 X14 Y14
G1 F2100 X60.76 Y138.23 E1155.36907
M205 X12.5 Y12.5
G0 F8250 X60.48 Y137.489
M205 X14 Y14
G1 F2100 X60.48 Y119.301 E1155.77135
M205 X12.5 Y12.5
G0 F8250 X60.2 Y120.042
M205 X14 Y14
G1 F2100 X60.2 Y136.749 E1156.14087
M205 X12.5 Y12.5
G0 F8250 X59.92 Y135.829
M205 X14 Y14
G1 F2100 X59.92 Y120.961 E1156.46972
M205 X12.5 Y12.5
G0 F8250 X59.668 Y120.885
G0 X59.383 Y121.891
G0 X59.64 Y121.951
M205 X14 Y14
G1 F2100 X59.64 Y134.846 E1156.75494
M205 X12.5 Y12.5
G0 F8250 X59.382 Y134.905
G0 X59.103 Y133.711
G0 X59.36 Y133.652
M205 X14 Y14
G1 F2100 X59.36 Y123.139 E1156.98746
M205 X12.5 Y12.5
G0 F8250 X59.105 Y123.079
G0 X58.821 Y124.718
G0 X59.08 Y124.761
M205 X14 Y14
G1 F2100 X59.08 Y132.031 E1157.14826
M205 X12.5 Y12.5
G0 F8250 X58.795 Y132.078
G1 F2400 E1155.14826
;MESH:NONMESH
G0 F600 X58.795 Y132.078 Z0.68
G0 F8250 X59.502 Y135.151
G0 X60.303 Y137.597
G0 X61.292 Y139.903
G0 X62.555 Y142.139
G0 X63.986 Y144.224
G0 X65.697 Y146.215
G0 X67.563 Y148.043
G0 X69.627 Y149.655
G0 X71.801 Y151.057
G0 X74.104 Y152.2
G0 X76.447 Y153.118
G0 X78.9 Y153.783
G0 X81.355 Y154.229
G0 X83.86 Y154.413
G0 X86.363 Y154.388
G0 X88.861 Y154.095
G0 X91.323 Y153.59
G0 X93.745 Y152.817
G0 X96.074 Y151.842
G0 X98.321 Y150.599
G0 X100.468 Y149.148
G0 X101.569 Y148.251
G0 X109.645 Y140.889
;TIME_ELAPSED:1563.732961
;LAYER:2
M106 S170
M205 X20 Y20
;TYPE:WALL-INNER
;MESH:PictureFrame_photo_support.stl
G1 F1200 E1157.14826
G1 F3900 X110.01 Y140.851 E1157.16275
G1 X110.383 Y140.911 E1157.17768
G1 X110.711 Y141.062 E1157.19194
G1 X116.662 Y146.902 E1157.52125
G1 X119.385 Y149.282 E1157.66409
G1 X122.298 Y151.205 E1157.80195
G1 X125.411 Y152.714 E1157.93859
G1 X128.626 Y153.778 E1158.07234
G1 X131.954 Y154.42 E1158.20621
G1 X135.289 Y154.632 E1158.3382
G1 X138.646 Y154.42 E1158.47105
G1 X141.987 Y153.774 E1158.60545
G1 X145.192 Y152.713 E1158.7388
G1 X148.301 Y151.207 E1158.87524
G1 X151.214 Y149.283 E1159.01312
G1 X153.888 Y146.946 E1159.15339
G1 X156.243 Y144.253 E1159.29468
G1 X158.167 Y141.341 E1159.43253
G1 X159.674 Y138.231 E1159.56903
G1 X160.739 Y135.017 E1159.70276
G1 X161.381 Y131.69 E1159.83659
G1 X161.593 Y128.356 E1159.96853
G1 X161.381 Y124.997 E1160.10147
G1 X160.737 Y121.673 E1160.23519
G1 X159.675 Y118.462 E1160.36877
G1 X158.165 Y115.346 E1160.50553
G1 X156.257 Y112.456 E1160.64231
G1 X153.872 Y109.726 E1160.78549
G1 X110.027 Y65.782 E1163.23728
G1 X107.585 Y68.301 E1163.37584
G1 X66.136 Y109.806 E1165.6926
G1 X64.927 Y111.094 E1165.76237
G1 X63.827 Y112.431 E1165.83075
G1 X62.823 Y113.829 E1165.89873
G1 X61.915 Y115.282 E1165.9664
G1 X61.103 Y116.799 E1166.03436
G1 X60.397 Y118.351 E1166.10171
G1 X59.795 Y119.945 E1166.169
G1 X59.305 Y121.563 E1166.23578
G1 X58.914 Y123.233 E1166.30352
G1 X58.634 Y124.925 E1166.37126
G1 X58.463 Y126.648 E1166.43964
G1 X58.405 Y128.392 E1166.50856
G1 X58.462 Y130.134 E1166.5774
G1 X58.632 Y131.855 E1166.64571
G1 X58.912 Y133.552 E1166.71364
G1 X59.298 Y135.206 E1166.78072
G1 X59.8 Y136.863 E1166.8491
G1 X60.398 Y138.444 E1166.91586
G1 X61.103 Y139.997 E1166.98323
G1 X61.914 Y141.511 E1167.05106
G1 X62.815 Y142.954 E1167.11825
G1 X63.818 Y144.353 E1167.18624
G1 X64.925 Y145.699 E1167.25507
G1 X66.114 Y146.969 E1167.32379
G1 X67.424 Y148.201 E1167.39481
G1 X68.795 Y149.322 E1167.46476
G1 X70.22 Y150.335 E1167.53381
G1 X71.696 Y151.24 E1167.6022
G1 X73.222 Y152.04 E1167.67025
G1 X74.796 Y152.738 E1167.73825
G1 X76.38 Y153.318 E1167.80488
G1 X78.011 Y153.797 E1167.87202
G1 X79.676 Y154.175 E1167.93945
G1 X81.329 Y154.438 E1168.00556
G1 X83.008 Y154.597 E1168.07217
G1 X84.695 Y154.652 E1168.13884
G1 X86.377 Y154.598 E1168.20531
G1 X88.057 Y154.438 E1168.27196
G1 X89.725 Y154.169 E1168.33869
G1 X91.376 Y153.794 E1168.40556
G1 X93.004 Y153.315 E1168.47259
G1 X94.601 Y152.726 E1168.53982
G1 X96.166 Y152.031 E1168.60745
G1 X97.69 Y151.233 E1168.67539
G1 X99.168 Y150.327 E1168.74386
G1 X100.596 Y149.316 E1168.81297
G1 X101.967 Y148.199 E1168.88282
G1 X103.298 Y146.957 E1168.95472
G1 X109.218 Y141.147 E1169.28233
G1 X109.645 Y140.889 E1169.30203
G0 F9000 X109.681 Y141.432
G1 F3900 X109.973 Y141.352 E1169.31399
G1 X110.19 Y141.375 E1169.32261
G1 X110.417 Y141.472 E1169.33236
G1 X116.322 Y147.269 E1169.65919
G1 X119.082 Y149.68 E1169.80394
G1 X122.051 Y151.641 E1169.94447
G1 X125.222 Y153.178 E1170.08365
G1 X128.499 Y154.263 E1170.21999
G1 X131.89 Y154.917 E1170.35639
G1 X135.289 Y155.133 E1170.49091
G1 X138.71 Y154.917 E1170.6263
G1 X142.113 Y154.259 E1170.76319
G1 X145.381 Y153.177 E1170.89916
G1 X148.548 Y151.643 E1171.03814
G1 X151.517 Y149.681 E1171.1787
G1 X154.242 Y147.3 E1171.32162
G1 X156.642 Y144.557 E1171.46558
G1 X158.603 Y141.589 E1171.60608
G1 X160.138 Y138.42 E1171.74515
G1 X161.224 Y135.143 E1171.8815
G1 X161.878 Y131.754 E1172.01783
G1 X162.094 Y128.356 E1172.15231
G1 X161.878 Y124.933 E1172.28777
G1 X161.222 Y121.547 E1172.42399
G1 X160.139 Y118.273 E1172.5602
G1 X158.601 Y115.099 E1172.6995
G1 X156.655 Y112.153 E1172.83895
G1 X154.238 Y109.384 E1172.98412
G1 X110.019 Y65.065 E1175.45683
G1 X107.231 Y67.947 E1175.6152
G1 X65.777 Y109.458 E1177.93226
G1 X64.552 Y110.764 E1178.00298
G1 X63.431 Y112.126 E1178.07266
G1 X62.407 Y113.55 E1178.14193
G1 X61.483 Y115.032 E1178.21091
G1 X60.654 Y116.577 E1178.28016
G1 X59.935 Y118.159 E1178.34879
G1 X59.322 Y119.784 E1178.41739
G1 X58.822 Y121.433 E1178.48545
G1 X58.423 Y123.135 E1178.55449
G1 X58.138 Y124.859 E1178.62351
G1 X57.963 Y126.615 E1178.69321
G1 X57.905 Y128.392 E1178.76343
G1 X57.962 Y130.167 E1178.83357
G1 X58.136 Y131.92 E1178.90315
G1 X58.421 Y133.65 E1178.9724
G1 X58.815 Y135.335 E1179.04075
G1 X59.327 Y137.024 E1179.11046
G1 X59.936 Y138.636 E1179.17852
G1 X60.654 Y140.218 E1179.24713
G1 X61.481 Y141.762 E1179.31631
G1 X62.399 Y143.233 E1179.3848
G1 X63.422 Y144.658 E1179.45408
G1 X64.549 Y146.029 E1179.52418
G1 X65.76 Y147.323 E1179.59418
G1 X67.094 Y148.577 E1179.66649
G1 X68.491 Y149.72 E1179.73778
G1 X69.944 Y150.752 E1179.80817
G1 X71.449 Y151.675 E1179.8779
G1 X73.004 Y152.491 E1179.94726
G1 X74.609 Y153.202 E1180.01659
G1 X76.224 Y153.793 E1180.08452
G1 X77.885 Y154.282 E1180.1529
G1 X79.581 Y154.666 E1180.22159
G1 X81.266 Y154.935 E1180.28898
G1 X82.977 Y155.097 E1180.35686
G1 X84.695 Y155.152 E1180.42475
G1 X86.409 Y155.098 E1180.49248
G1 X88.12 Y154.934 E1180.56037
G1 X89.82 Y154.66 E1180.62838
G1 X91.502 Y154.278 E1180.6965
G1 X93.161 Y153.79 E1180.7648
G1 X94.789 Y153.189 E1180.83335
G1 X96.384 Y152.482 E1180.90225
G1 X97.937 Y151.668 E1180.97151
G1 X99.444 Y150.745 E1181.04131
G1 X100.899 Y149.714 E1181.11174
G1 X102.296 Y148.576 E1181.1829
G1 X103.643 Y147.318 E1181.2557
G1 X109.547 Y141.524 E1181.58242
G1 X109.681 Y141.432 E1181.58884
G0 F9000 X109.961 Y141.831
;TYPE:WALL-OUTER
G1 F3000 X110.138 Y141.867 E1181.59526
G1 X115.999 Y147.617 E1181.88712
G1 X118.793 Y150.059 E1182.01902
G1 X121.815 Y152.055 E1182.14776
G1 X125.043 Y153.62 E1182.27528
G1 X128.379 Y154.723 E1182.40018
G1 X131.83 Y155.389 E1182.52512
G1 X135.289 Y155.609 E1182.64832
G1 X138.77 Y155.389 E1182.77231
G1 X142.234 Y154.719 E1182.89772
G1 X145.56 Y153.619 E1183.02225
G1 X148.784 Y152.057 E1183.14959
G1 X151.806 Y150.06 E1183.27835
G1 X154.579 Y147.637 E1183.40925
G1 X157.02 Y144.846 E1183.54105
G1 X159.017 Y141.825 E1183.66978
G1 X160.58 Y138.599 E1183.79721
G1 X161.684 Y135.264 E1183.92208
G1 X162.35 Y131.814 E1184.04698
G1 X162.57 Y128.356 E1184.17015
G1 X162.35 Y124.873 E1184.29421
G1 X161.682 Y121.426 E1184.41902
G1 X160.581 Y118.094 E1184.54376
G1 X159.015 Y114.863 E1184.67139
G1 X157.034 Y111.864 E1184.79915
G1 X154.585 Y109.06 E1184.93149
G1 X110.012 Y64.387 E1187.17472
G1 X106.895 Y67.612 E1187.33415
G1 X65.435 Y109.128 E1189.41978
G1 X64.195 Y110.45 E1189.48421
G1 X63.054 Y111.836 E1189.54803
G1 X62.013 Y113.286 E1189.61148
G1 X61.071 Y114.793 E1189.67465
G1 X60.228 Y116.366 E1189.73809
G1 X59.496 Y117.977 E1189.80099
G1 X58.872 Y119.631 E1189.86383
G1 X58.363 Y121.31 E1189.92619
G1 X57.957 Y123.042 E1189.98943
G1 X57.667 Y124.797 E1190.05266
G1 X57.489 Y126.583 E1190.11646
G1 X57.43 Y128.392 E1190.1808
G1 X57.488 Y130.198 E1190.24503
G1 X57.665 Y131.982 E1190.30876
G1 X57.955 Y133.743 E1190.3722
G1 X58.356 Y135.458 E1190.43481
G1 X58.877 Y137.177 E1190.49866
G1 X59.497 Y138.818 E1190.56101
G1 X60.228 Y140.429 E1190.6239
G1 X61.069 Y142 E1190.68724
G1 X62.005 Y143.497 E1190.75
G1 X63.045 Y144.947 E1190.81343
G1 X64.192 Y146.342 E1190.87763
G1 X65.424 Y147.658 E1190.94171
G1 X66.781 Y148.934 E1191.00792
G1 X68.203 Y150.098 E1191.07324
G1 X69.682 Y151.149 E1191.13774
G1 X71.215 Y152.089 E1191.20166
G1 X72.797 Y152.919 E1191.26516
G1 X74.431 Y153.643 E1191.32869
G1 X76.075 Y154.245 E1191.39093
G1 X77.765 Y154.742 E1191.45355
G1 X79.491 Y155.132 E1191.51645
G1 X81.206 Y155.406 E1191.57818
G1 X82.947 Y155.571 E1191.64035
G1 X84.695 Y155.627 E1191.70251
G1 X86.439 Y155.572 E1191.76454
G1 X88.181 Y155.405 E1191.82674
G1 X89.911 Y155.127 E1191.88903
G1 X91.622 Y154.738 E1191.9514
G1 X93.311 Y154.241 E1192.01399
G1 X94.968 Y153.63 E1192.07676
G1 X96.591 Y152.91 E1192.13988
G1 X98.171 Y152.082 E1192.20329
G1 X99.706 Y151.142 E1192.26727
G1 X101.186 Y150.092 E1192.33177
G1 X102.609 Y148.934 E1192.39699
G1 X103.972 Y147.661 E1192.46328
G1 X109.855 Y141.886 E1192.75633
G1 X109.961 Y141.831 E1192.76057
G0 F9000 X110.138 Y141.867
G0 X110.152 Y141.881
G1 F2400 E1190.76057
G0 F9000 X110.645 Y141.38
G0 X119.513 Y149.113
G0 X122.403 Y151.022
G0 X125.49 Y152.519
G0 X128.679 Y153.573
G0 X131.981 Y154.21
G0 X135.289 Y154.422
G0 X138.619 Y154.21
G0 X141.934 Y153.57
G0 X145.113 Y152.518
G0 X148.196 Y151.024
G0 X151.086 Y149.114
G0 X153.739 Y146.797
G0 X156.075 Y144.126
G0 X157.984 Y141.237
G0 X159.479 Y138.152
G0 X160.535 Y134.964
G0 X161.171 Y131.663
G0 X161.383 Y128.356
G0 X161.171 Y125.024
G0 X160.533 Y121.726
G0 X159.48 Y118.541
G0 X157.982 Y115.451
G0 X156.088 Y112.584
G0 X153.955 Y110.142
G0 X110.118 Y66.085
G1 F1200 E1192.76057
G0 F9000 X110.031 Y66.171
;TYPE:SKIN
G1 F2700 X107.797 Y68.476 E1192.83157
G1 X66.332 Y109.996 E1194.12944
G1 X65.133 Y111.274 E1194.16819
G1 X64.043 Y112.599 E1194.20614
G1 X63.051 Y113.981 E1194.24377
G1 X62.152 Y115.421 E1194.28132
G1 X61.348 Y116.921 E1194.31896
G1 X60.65 Y118.457 E1194.35628
G1 X60.054 Y120.032 E1194.39352
G1 X59.571 Y121.635 E1194.43055
G1 X59.182 Y123.287 E1194.46809
G1 X58.905 Y124.962 E1194.50564
G1 X58.735 Y126.665 E1194.5435
G1 X58.679 Y128.393 E1194.58174
G1 X58.734 Y130.115 E1194.61984
G1 X58.903 Y131.819 E1194.65772
G1 X59.18 Y133.496 E1194.69531
G1 X59.564 Y135.134 E1194.73252
G1 X60.058 Y136.771 E1194.77034
G1 X60.651 Y138.337 E1194.80738
G1 X61.348 Y139.875 E1194.84473
G1 X62.15 Y141.372 E1194.88229
G1 X63.043 Y142.802 E1194.91958
G1 X64.035 Y144.184 E1194.9572
G1 X65.131 Y145.517 E1194.99537
G1 X66.308 Y146.777 E1195.03351
G1 X67.604 Y147.996 E1195.07286
G1 X68.96 Y149.104 E1195.11159
G1 X70.369 Y150.105 E1195.14982
G1 X71.831 Y151.002 E1195.18776
G1 X73.341 Y151.793 E1195.22546
G1 X74.899 Y152.485 E1195.26317
G1 X76.466 Y153.059 E1195.30008
G1 X78.078 Y153.531 E1195.33723
G1 X79.728 Y153.906 E1195.37466
G1 X81.362 Y154.167 E1195.41126
G1 X83.027 Y154.325 E1195.44825
G1 X84.696 Y154.378 E1195.48518
G1 X86.358 Y154.326 E1195.52196
G1 X88.02 Y154.167 E1195.55889
G1 X89.67 Y153.9 E1195.59586
G1 X91.307 Y153.528 E1195.63299
G1 X92.905 Y153.058 E1195.66983
G1 X94.498 Y152.472 E1195.70737
G1 X96.048 Y151.784 E1195.74488
G1 X97.554 Y150.996 E1195.78247
G1 X99.017 Y150.099 E1195.82043
G1 X100.429 Y149.098 E1195.85871
G1 X101.786 Y147.992 E1195.89743
G1 X103.109 Y146.758 E1195.93745
G1 X109.04 Y140.939 E1196.12122
G1 X109.313 Y140.751 E1196.12855
G1 X109.706 Y140.608 E1196.1378
G1 X110.012 Y140.577 E1196.14461
G1 X110.438 Y140.641 E1196.15414
G1 X110.703 Y140.751 E1196.16048
G1 X110.95 Y140.912 E1196.167
G1 X116.847 Y146.701 E1196.34978
G1 X119.551 Y149.063 E1196.42919
G1 X122.433 Y150.967 E1196.50559
G1 X125.508 Y152.46 E1196.58119
G1 X128.708 Y153.517 E1196.65573
G1 X131.99 Y154.147 E1196.72965
G1 X135.29 Y154.358 E1196.80279
G1 X138.609 Y154.147 E1196.87634
G1 X141.905 Y153.512 E1196.95059
G1 X145.095 Y152.459 E1197.02489
G1 X148.166 Y150.969 E1197.10038
G1 X151.048 Y149.064 E1197.17679
G1 X153.695 Y146.752 E1197.25453
G1 X156.027 Y144.086 E1197.33287
G1 X157.929 Y141.207 E1197.40919
G1 X159.42 Y138.134 E1197.48474
G1 X160.479 Y134.935 E1197.55927
G1 X161.108 Y131.654 E1197.63316
G1 X161.319 Y128.353 E1197.70632
G1 X161.108 Y125.031 E1197.77994
G1 X160.475 Y121.755 E1197.85374
G1 X159.421 Y118.559 E1197.92818
G1 X157.927 Y115.481 E1198.00385
G1 X156.037 Y112.621 E1198.07967
G1 X153.672 Y109.914 E1198.15918
G1 X110.031 Y66.171 E1199.52585
G0 F9000 X109.772 Y66.64
G1 F2700 X110.301 Y66.64 E1199.53755
G0 F9000 X110.58 Y66.92
G1 F2700 X109.5 Y66.92 E1199.56143
G0 F9000 X109.229 Y67.2
G1 F2700 X110.86 Y67.2 E1199.59751
G0 F9000 X111.139 Y67.48
G1 F2700 X108.958 Y67.48 E1199.64575
G0 F9000 X108.686 Y67.76
G1 F2700 X111.418 Y67.76 E1199.70617
G0 F9000 X111.698 Y68.04
G1 F2700 X108.415 Y68.04 E1199.77879
G0 F9000 X108.144 Y68.32
G1 F2700 X111.977 Y68.32 E1199.86357
G0 F9000 X112.256 Y68.6
G1 F2700 X107.872 Y68.6 E1199.96053
G0 F9000 X107.592 Y68.88
G1 F2700 X112.536 Y68.88 E1200.06988
G0 F9000 X112.815 Y69.16
G1 F2700 X107.312 Y69.16 E1200.1916
G0 F9000 X107.033 Y69.44
G1 F2700 X113.094 Y69.44 E1200.32565
G0 F9000 X113.374 Y69.72
G1 F2700 X106.753 Y69.72 E1200.4721
G0 F9000 X106.473 Y70
G1 F2700 X113.653 Y70 E1200.6309
G0 F9000 X113.933 Y70.28
G1 F2700 X106.194 Y70.28 E1200.80208
G0 F9000 X105.914 Y70.56
G1 F2700 X114.212 Y70.56 E1200.98561
G0 F9000 X114.491 Y70.84
G1 F2700 X105.635 Y70.84 E1201.18149
G0 F9000 X105.355 Y71.12
G1 F2700 X114.771 Y71.12 E1201.38975
G0 F9000 X115.05 Y71.4
G1 F2700 X105.075 Y71.4 E1201.61038
G0 F9000 X104.796 Y71.68
G1 F2700 X115.329 Y71.68 E1201.84335
G0 F9000 X115.609 Y71.96
G1 F2700 X104.516 Y71.96 E1202.0887
G0 F9000 X104.236 Y72.24
G1 F2700 X115.888 Y72.24 E1202.34642
G0 F9000 X116.167 Y72.52
G1 F2700 X103.957 Y72.52 E1202.61648
G0 F9000 X103.677 Y72.8
G1 F2700 X116.447 Y72.8 E1202.89893
G0 F9000 X116.726 Y73.08
G1 F2700 X103.397 Y73.08 E1203.19374
G0 F9000 X103.118 Y73.36
G1 F2700 X117.005 Y73.36 E1203.50089
G0 F9000 X117.285 Y73.64
G1 F2700 X102.838 Y73.64 E1203.82043
G0 F9000 X102.559 Y73.92
G1 F2700 X117.564 Y73.92 E1204.15231
G0 F9000 X117.844 Y74.2
G1 F2700 X102.279 Y74.2 E1204.49658
G0 F9000 X101.999 Y74.48
G1 F2700 X118.123 Y74.48 E1204.85321
G0 F9000 X118.402 Y74.76
G1 F2700 X101.72 Y74.76 E1205.22218
G0 F9000 X101.44 Y75.04
G1 F2700 X118.682 Y75.04 E1205.60354
G0 F9000 X118.961 Y75.32
G1 F2700 X101.16 Y75.32 E1205.99726
G0 F9000 X100.881 Y75.6
G1 F2700 X119.24 Y75.6 E1206.40332
G0 F9000 X119.52 Y75.88
G1 F2700 X100.601 Y75.88 E1206.82177
G0 F9000 X100.322 Y76.16
G1 F2700 X119.799 Y76.16 E1207.25257
G0 F9000 X120.078 Y76.44
G1 F2700 X100.042 Y76.44 E1207.69572
G0 F9000 X99.762 Y76.72
G1 F2700 X120.358 Y76.72 E1208.15126
G0 F9000 X120.637 Y77
G1 F2700 X99.483 Y77 E1208.61915
G0 F9000 X99.203 Y77.28
G1 F2700 X120.917 Y77.28 E1209.09942
G0 F9000 X121.196 Y77.56
G1 F2700 X98.923 Y77.56 E1209.59205
G0 F9000 X98.644 Y77.84
G1 F2700 X121.475 Y77.84 E1210.09703
G0 F9000 X121.755 Y78.12
G1 F2700 X98.364 Y78.12 E1210.61439
G0 F9000 X98.085 Y78.4
G1 F2700 X122.034 Y78.4 E1211.14409
G0 F9000 X122.313 Y78.68
G1 F2700 X97.805 Y78.68 E1211.68616
G0 F9000 X97.525 Y78.96
G1 F2700 X122.593 Y78.96 E1212.24062
G0 F9000 X122.872 Y79.24
G1 F2700 X97.246 Y79.24 E1212.80741
G0 F9000 X96.966 Y79.52
G1 F2700 X123.151 Y79.52 E1213.38657
G0 F9000 X123.431 Y79.8
G1 F2700 X96.686 Y79.8 E1213.97812
G0 F9000 X96.407 Y80.08
G1 F2700 X123.71 Y80.08 E1214.582
G0 F9000 X123.989 Y80.36
G1 F2700 X96.127 Y80.36 E1215.19826
G0 F9000 X95.847 Y80.64
G1 F2700 X124.269 Y80.64 E1215.82689
G0 F9000 X124.548 Y80.92
G1 F2700 X95.568 Y80.92 E1216.46787
G0 F9000 X95.288 Y81.2
G1 F2700 X124.828 Y81.2 E1217.12124
G0 F9000 X125.107 Y81.48
G1 F2700 X95.009 Y81.48 E1217.78694
G0 F9000 X94.729 Y81.76
G1 F2700 X125.386 Y81.76 E1218.46502
G0 F9000 X125.666 Y82.04
G1 F2700 X94.449 Y82.04 E1219.15547
G0 F9000 X94.17 Y82.32
G1 F2700 X125.945 Y82.32 E1219.85827
G0 F9000 X126.224 Y82.6
G1 F2700 X93.89 Y82.6 E1220.57344
G0 F9000 X93.61 Y82.88
G1 F2700 X126.504 Y82.88 E1221.30098
G0 F9000 X126.783 Y83.16
G1 F2700 X93.331 Y83.16 E1222.04088
G0 F9000 X93.051 Y83.44
G1 F2700 X127.062 Y83.44 E1222.79313
G0 F9000 X127.342 Y83.72
G1 F2700 X92.772 Y83.72 E1223.55775
G0 F9000 X92.492 Y84
G1 F2700 X127.621 Y84 E1224.33473
G0 F9000 X127.9 Y84.28
G1 F2700 X92.212 Y84.28 E1225.12408
G0 F9000 X91.933 Y84.56
G1 F2700 X128.18 Y84.56 E1225.92579
G0 F9000 X128.459 Y84.84
G1 F2700 X91.653 Y84.84 E1226.73986
G0 F9000 X91.373 Y85.12
G1 F2700 X128.739 Y85.12 E1227.56633
G0 F9000 X129.018 Y85.4
G1 F2700 X91.094 Y85.4 E1228.40513
G0 F9000 X90.814 Y85.68
G1 F2700 X129.297 Y85.68 E1229.25629
G0 F9000 X129.577 Y85.96
G1 F2700 X90.535 Y85.96 E1230.11983
G0 F9000 X90.255 Y86.24
G1 F2700 X129.856 Y86.24 E1230.99572
G0 F9000 X130.135 Y86.52
G1 F2700 X89.975 Y86.52 E1231.88398
G0 F9000 X89.696 Y86.8
G1 F2700 X130.415 Y86.8 E1232.7846
G0 F9000 X130.694 Y87.08
G1 F2700 X89.416 Y87.08 E1233.69759
G0 F9000 X89.136 Y87.36
G1 F2700 X130.973 Y87.36 E1234.62294
G0 F9000 X131.253 Y87.64
G1 F2700 X88.857 Y87.64 E1235.56065
G0 F9000 X88.577 Y87.92
G1 F2700 X131.532 Y87.92 E1236.51073
G0 F9000 X131.811 Y88.2
G1 F2700 X88.297 Y88.2 E1237.47317
G0 F9000 X88.018 Y88.48
G1 F2700 X132.091 Y88.48 E1238.44798
G0 F9000 X132.37 Y88.76
G1 F2700 X87.738 Y88.76 E1239.43515
G0 F9000 X87.459 Y89.04
G1 F2700 X132.65 Y89.04 E1240.43468
G0 F9000 X132.929 Y89.32
G1 F2700 X87.179 Y89.32 E1241.44658
G0 F9000 X86.899 Y89.6
G1 F2700 X133.208 Y89.6 E1242.47084
G0 F9000 X133.488 Y89.88
G1 F2700 X86.62 Y89.88 E1243.50747
G0 F9000 X86.34 Y90.16
G1 F2700 X133.767 Y90.16 E1244.55646
G0 F9000 X134.046 Y90.44
G1 F2700 X86.06 Y90.44 E1245.61781
G0 F9000 X85.781 Y90.72
G1 F2700 X134.326 Y90.72 E1246.69153
G0 F9000 X134.605 Y91
G1 F2700 X85.501 Y91 E1247.77761
G0 F9000 X85.222 Y91.28
G1 F2700 X134.884 Y91.28 E1248.87604
G0 F9000 X135.164 Y91.56
G1 F2700 X84.942 Y91.56 E1249.98685
G0 F9000 X84.662 Y91.84
G1 F2700 X135.443 Y91.84 E1251.11002
G0 F9000 X135.722 Y92.12
G1 F2700 X84.383 Y92.12 E1252.24553
G0 F9000 X84.103 Y92.4
G1 F2700 X136.002 Y92.4 E1253.39344
G0 F9000 X136.281 Y92.68
G1 F2700 X83.823 Y92.68 E1254.5537
G0 F9000 X83.544 Y92.96
G1 F2700 X136.561 Y92.96 E1255.72633
G0 F9000 X136.84 Y93.24
G1 F2700 X83.264 Y93.24 E1256.91132
G0 F9000 X82.985 Y93.52
G1 F2700 X137.119 Y93.52 E1258.10866
G0 F9000 X137.399 Y93.8
G1 F2700 X82.705 Y93.8 E1259.31838
G0 F9000 X82.425 Y94.08
G1 F2700 X137.678 Y94.08 E1260.54047
G0 F9000 X137.957 Y94.36
G1 F2700 X82.146 Y94.36 E1261.77489
G0 F9000 X81.866 Y94.64
G1 F2700 X138.237 Y94.64 E1263.02171
G0 F9000 X138.516 Y94.92
G1 F2700 X81.586 Y94.92 E1264.28088
G0 F9000 X81.307 Y95.2
G1 F2700 X138.795 Y95.2 E1265.5524
G0 F9000 X139.075 Y95.48
G1 F2700 X81.027 Y95.48 E1266.83631
G0 F9000 X80.748 Y95.76
G1 F2700 X139.354 Y95.76 E1268.13255
G0 F9000 X139.634 Y96.04
G1 F2700 X80.468 Y96.04 E1269.44119
G0 F9000 X80.188 Y96.32
G1 F2700 X139.913 Y96.32 E1270.76218
G0 F9000 X140.192 Y96.6
G1 F2700 X79.909 Y96.6 E1272.09552
G0 F9000 X79.629 Y96.88
G1 F2700 X140.472 Y96.88 E1273.44125
G0 F9000 X140.751 Y97.16
G1 F2700 X79.349 Y97.16 E1274.79934
G0 F9000 X79.07 Y97.44
G1 F2700 X141.03 Y97.44 E1276.16977
G0 F9000 X141.31 Y97.72
G1 F2700 X78.79 Y97.72 E1277.55258
G0 F9000 X78.51 Y98
G1 F2700 X141.589 Y98 E1278.94777
G0 F9000 X141.868 Y98.28
G1 F2700 X78.231 Y98.28 E1280.35529
G0 F9000 X77.951 Y98.56
G1 F2700 X142.148 Y98.56 E1281.7752
G0 F9000 X142.427 Y98.84
G1 F2700 X77.672 Y98.84 E1283.20745
G0 F9000 X77.392 Y99.12
G1 F2700 X142.706 Y99.12 E1284.65206
G0 F9000 X142.986 Y99.4
G1 F2700 X77.112 Y99.4 E1286.10906
G0 F9000 X76.833 Y99.68
G1 F2700 X143.265 Y99.68 E1287.5784
G0 F9000 X143.545 Y99.96
G1 F2700 X76.553 Y99.96 E1289.06013
G0 F9000 X76.273 Y100.24
G1 F2700 X143.824 Y100.24 E1290.55422
G0 F9000 X144.103 Y100.52
G1 F2700 X75.994 Y100.52 E1292.06066
G0 F9000 X75.714 Y100.8
G1 F2700 X144.383 Y100.8 E1293.57948
G0 F9000 X144.662 Y101.08
G1 F2700 X75.435 Y101.08 E1295.11064
G0 F9000 X75.155 Y101.36
G1 F2700 X144.941 Y101.36 E1296.65417
G0 F9000 X145.221 Y101.64
G1 F2700 X74.875 Y101.64 E1298.21008
G0 F9000 X74.596 Y101.92
G1 F2700 X145.5 Y101.92 E1299.77833
G0 F9000 X145.779 Y102.2
G1 F2700 X74.316 Y102.2 E1301.35895
G0 F9000 X74.036 Y102.48
G1 F2700 X146.059 Y102.48 E1302.95195
G0 F9000 X146.338 Y102.76
G1 F2700 X73.757 Y102.76 E1304.5573
G0 F9000 X73.477 Y103.04
G1 F2700 X146.617 Y103.04 E1306.17501
G0 F9000 X146.897 Y103.32
G1 F2700 X73.198 Y103.32 E1307.80508
G0 F9000 X72.918 Y103.6
G1 F2700 X147.176 Y103.6 E1309.44752
G0 F9000 X147.456 Y103.88
G1 F2700 X72.638 Y103.88 E1311.10235
G0 F9000 X72.359 Y104.16
G1 F2700 X147.735 Y104.16 E1312.76951
G0 F9000 X148.014 Y104.44
G1 F2700 X72.079 Y104.44 E1314.44904
G0 F9000 X71.799 Y104.72
G1 F2700 X148.294 Y104.72 E1316.14096
G0 F9000 X148.573 Y105
G1 F2700 X71.52 Y105 E1317.84521
G0 F9000 X71.24 Y105.28
G1 F2700 X148.852 Y105.28 E1319.56184
G0 F9000 X149.132 Y105.56
G1 F2700 X70.96 Y105.56 E1321.29084
G0 F9000 X70.681 Y105.84
G1 F2700 X149.411 Y105.84 E1323.03219
G0 F9000 X149.69 Y106.12
G1 F2700 X70.401 Y106.12 E1324.78591
G0 F9000 X70.122 Y106.4
G1 F2700 X149.97 Y106.4 E1326.55198
G0 F9000 X150.249 Y106.68
G1 F2700 X69.842 Y106.68 E1328.33042
G0 F9000 X69.562 Y106.96
G1 F2700 X150.528 Y106.96 E1330.12123
G0 F9000 X150.808 Y107.24
G1 F2700 X69.283 Y107.24 E1331.9244
G0 F9000 X69.003 Y107.52
G1 F2700 X151.087 Y107.52 E1333.73993
G0 F9000 X151.367 Y107.8
G1 F2700 X68.723 Y107.8 E1335.56785
G0 F9000 X68.444 Y108.08
G1 F2700 X151.646 Y108.08 E1337.40811
G0 F9000 X151.925 Y108.36
G1 F2700 X68.164 Y108.36 E1339.26074
G0 F9000 X67.885 Y108.64
G1 F2700 X152.205 Y108.64 E1341.12573
G0 F9000 X152.484 Y108.92
G1 F2700 X67.605 Y108.92 E1343.00308
G0 F9000 X67.325 Y109.2
G1 F2700 X152.763 Y109.2 E1344.89279
G0 F9000 X153.043 Y109.48
G1 F2700 X67.046 Y109.48 E1346.79488
G0 F9000 X66.766 Y109.76
G1 F2700 X153.322 Y109.76 E1348.70932
G0 F9000 X153.598 Y110.04
G1 F2700 X66.486 Y110.04 E1350.63606
G0 F9000 X66.22 Y110.32
G1 F2700 X153.842 Y110.32 E1352.57409
G0 F9000 X154.087 Y110.6
G1 F2700 X65.958 Y110.6 E1354.52332
G0 F9000 X65.695 Y110.88
G1 F2700 X154.331 Y110.88 E1356.48377
G0 F9000 X154.576 Y111.16
G1 F2700 X65.431 Y111.16 E1358.45548
G0 F9000 X65.177 Y111.44
G1 F2700 X154.821 Y111.44 E1360.43823
G0 F9000 X155.065 Y111.72
G1 F2700 X64.946 Y111.72 E1362.43148
G0 F9000 X64.716 Y112
G1 F2700 X155.31 Y112 E1364.43523
G0 F9000 X155.554 Y112.28
G1 F2700 X64.486 Y112.28 E1366.44947
G0 F9000 X64.255 Y112.56
G1 F2700 X155.799 Y112.56 E1368.47424
G0 F9000 X156.015 Y112.84
G1 F2700 X64.042 Y112.84 E1370.5085
G0 F9000 X63.841 Y113.12
G1 F2700 X156.2 Y113.12 E1372.5513
G0 F9000 X156.385 Y113.4
G1 F2700 X63.64 Y113.4 E1374.60263
G0 F9000 X63.439 Y113.68
G1 F2700 X156.57 Y113.68 E1376.6625
G0 F9000 X156.755 Y113.96
G1 F2700 X63.238 Y113.96 E1378.73091
G0 F9000 X63.054 Y114.24
G1 F2700 X156.94 Y114.24 E1380.80748
G0 F9000 X157.125 Y114.52
G1 F2700 X62.879 Y114.52 E1382.89201
G0 F9000 X62.704 Y114.8
G1 F2700 X157.31 Y114.8 E1384.9845
G0 F9000 X157.495 Y115.08
G1 F2700 X62.529 Y115.08 E1387.08496
G0 F9000 X62.354 Y115.36
G1 F2700 X157.681 Y115.36 E1389.1934
G0 F9000 X157.85 Y115.64
G1 F2700 X62.193 Y115.64 E1391.30914
G0 F9000 X62.043 Y115.92
G1 F2700 X157.986 Y115.92 E1393.43121
G0 F9000 X158.121 Y116.2
G1 F2700 X61.893 Y116.2 E1395.55958
G0 F9000 X61.743 Y116.48
G1 F2700 X158.257 Y116.48 E1397.69428
G0 F9000 X158.393 Y116.76
G1 F2700 X61.593 Y116.76 E1399.8353
G0 F9000 X61.448 Y117.04
G1 F2700 X158.529 Y117.04 E1401.98253
G0 F9000 X158.665 Y117.32
G1 F2700 X61.32 Y117.32 E1404.13561
G0 F9000 X61.193 Y117.6
G1 F2700 X158.801 Y117.6 E1406.2945
G0 F9000 X158.937 Y117.88
G1 F2700 X61.066 Y117.88 E1408.45921
G0 F9000 X60.938 Y118.16
G1 F2700 X159.073 Y118.16 E1410.62976
G0 F9000 X159.209 Y118.44
G1 F2700 X60.811 Y118.44 E1412.80613
G0 F9000 X60.699 Y118.72
G1 F2700 X159.327 Y118.72 E1414.98758
G0 F9000 X159.42 Y119
G1 F2700 X60.594 Y119 E1417.17341
G0 F9000 X60.488 Y119.28
G1 F2700 X159.512 Y119.28 E1419.36362
G0 F9000 X159.604 Y119.56
G1 F2700 X60.382 Y119.56 E1421.55822
G0 F9000 X60.276 Y119.84
G1 F2700 X159.697 Y119.84 E1423.75721
G0 F9000 X159.789 Y120.12
G1 F2700 X60.174 Y120.12 E1425.96049
G0 F9000 X60.089 Y120.4
G1 F2700 X159.881 Y120.4 E1428.16769
G0 F9000 X159.974 Y120.68
G1 F2700 X60.005 Y120.68 E1430.3788
G0 F9000 X59.92 Y120.96
G1 F2700 X160.066 Y120.96 E1432.59383
G0 F9000 X160.158 Y121.24
G1 F2700 X59.836 Y121.24 E1434.81275
G0 F9000 X59.751 Y121.52
G1 F2700 X160.251 Y121.52 E1437.03561
G0 F9000 X160.342 Y121.8
G1 F2700 X59.675 Y121.8 E1439.26216
G0 F9000 X59.609 Y122.08
G1 F2700 X160.396 Y122.08 E1441.49137
G0 F9000 X160.45 Y122.36
G1 F2700 X59.543 Y122.36 E1443.72323
G0 F9000 X59.477 Y122.64
G1 F2700 X160.504 Y122.64 E1445.95774
G0 F9000 X160.558 Y122.92
G1 F2700 X59.411 Y122.92 E1448.19491
G0 F9000 X59.345 Y123.2
G1 F2700 X160.612 Y123.2 E1450.43473
G0 F9000 X160.666 Y123.48
G1 F2700 X59.291 Y123.48 E1452.67694
G0 F9000 X59.245 Y123.76
G1 F2700 X160.721 Y123.76 E1454.92139
G0 F9000 X160.775 Y124.04
G1 F2700 X59.199 Y124.04 E1457.16805
G0 F9000 X59.152 Y124.32
G1 F2700 X160.829 Y124.32 E1459.41694
G0 F9000 X160.883 Y124.6
G1 F2700 X59.106 Y124.6 E1461.66804
G0 F9000 X59.06 Y124.88
G1 F2700 X160.937 Y124.88 E1463.92135
G0 F9000 X160.977 Y125.16
G1 F2700 X59.026 Y125.16 E1466.17631
G0 F9000 X58.998 Y125.44
G1 F2700 X160.994 Y125.44 E1468.43225
G0 F9000 X161.012 Y125.72
G1 F2700 X58.97 Y125.72 E1470.68922
G0 F9000 X58.942 Y126
G1 F2700 X161.03 Y126 E1472.9472
G0 F9000 X161.048 Y126.28
G1 F2700 X58.914 Y126.28 E1475.2062
G0 F9000 X58.886 Y126.56
G1 F2700 X161.066 Y126.56 E1477.46621
G0 F9000 X161.083 Y126.84
G1 F2700 X58.869 Y126.84 E1479.72698
G0 F9000 X58.86 Y127.12
G1 F2700 X161.101 Y127.12 E1481.98835
G0 F9000 X161.119 Y127.4
G1 F2700 X58.851 Y127.4 E1484.25031
G0 F9000 X58.842 Y127.68
G1 F2700 X161.137 Y127.68 E1486.51287
G0 F9000 X161.155 Y127.96
G1 F2700 X58.833 Y127.96 E1488.77603
G0 F9000 X58.823 Y128.24
G1 F2700 X161.172 Y128.24 E1491.03978
G0 F9000 X161.168 Y128.52
G1 F2700 X58.822 Y128.52 E1493.30347
G0 F9000 X58.831 Y128.8
G1 F2700 X161.15 Y128.8 E1495.56656
G0 F9000 X161.132 Y129.08
G1 F2700 X58.84 Y129.08 E1497.82905
G0 F9000 X58.849 Y129.36
G1 F2700 X161.114 Y129.36 E1500.09095
G0 F9000 X161.096 Y129.64
G1 F2700 X58.858 Y129.64 E1502.35225
G0 F9000 X58.867 Y129.92
G1 F2700 X161.078 Y129.92 E1504.61295
G0 F9000 X161.06 Y130.2
G1 F2700 X58.882 Y130.2 E1506.87292
G0 F9000 X58.91 Y130.48
G1 F2700 X161.042 Y130.48 E1509.13187
G0 F9000 X161.025 Y130.76
G1 F2700 X58.937 Y130.76 E1511.38986
G0 F9000 X58.965 Y131.04
G1 F2700 X161.007 Y131.04 E1513.64682
G0 F9000 X160.989 Y131.32
G1 F2700 X58.993 Y131.32 E1515.90277
G0 F9000 X59.021 Y131.6
G1 F2700 X160.971 Y131.6 E1518.1577
G0 F9000 X160.922 Y131.88
G1 F2700 X59.054 Y131.88 E1520.41081
G0 F9000 X59.1 Y132.16
G1 F2700 X160.868 Y132.16 E1522.66171
G0 F9000 X160.814 Y132.44
G1 F2700 X59.146 Y132.44 E1524.91041
G0 F9000 X59.192 Y132.72
G1 F2700 X160.761 Y132.72 E1527.15691
G0 F9000 X160.707 Y133
G1 F2700 X59.238 Y133 E1529.4012
G0 F9000 X59.284 Y133.28
G1 F2700 X160.653 Y133.28 E1531.64328
G0 F9000 X160.599 Y133.56
G1 F2700 X59.337 Y133.56 E1533.88299
G0 F9000 X59.402 Y133.84
G1 F2700 X160.546 Y133.84 E1536.12009
G0 F9000 X160.492 Y134.12
G1 F2700 X59.468 Y134.12 E1538.35454
G0 F9000 X59.534 Y134.4
G1 F2700 X160.438 Y134.4 E1540.58633
G0 F9000 X160.385 Y134.68
G1 F2700 X59.599 Y134.68 E1542.81552
G0 F9000 X59.665 Y134.96
G1 F2700 X160.323 Y134.96 E1545.04187
G0 F9000 X160.23 Y135.24
G1 F2700 X59.74 Y135.24 E1547.26451
G0 F9000 X59.825 Y135.52
G1 F2700 X160.137 Y135.52 E1549.48321
G0 F9000 X160.045 Y135.8
G1 F2700 X59.91 Y135.8 E1551.69799
G0 F9000 X59.994 Y136.08
G1 F2700 X159.952 Y136.08 E1553.90886
G0 F9000 X159.859 Y136.36
G1 F2700 X60.079 Y136.36 E1556.11579
G0 F9000 X60.164 Y136.64
G1 F2700 X159.767 Y136.64 E1558.31881
G0 F9000 X159.674 Y136.92
G1 F2700 X60.263 Y136.92 E1560.51758
G0 F9000 X60.369 Y137.2
G1 F2700 X159.581 Y137.2 E1562.71195
G0 F9000 X159.488 Y137.48
G1 F2700 X60.475 Y137.48 E1564.90192
G0 F9000 X60.581 Y137.76
G1 F2700 X159.396 Y137.76 E1567.08751
G0 F9000 X159.303 Y138.04
G1 F2700 X60.687 Y138.04 E1569.2687
G0 F9000 X60.795 Y138.32
G1 F2700 X159.174 Y138.32 E1571.44464
G0 F9000 X159.038 Y138.6
G1 F2700 X60.922 Y138.6 E1573.61477
G0 F9000 X61.049 Y138.88
G1 F2700 X158.902 Y138.88 E1575.77908
G0 F9000 X158.766 Y139.16
G1 F2700 X61.176 Y139.16 E1577.93758
G0 F9000 X61.303 Y139.44
G1 F2700 X158.63 Y139.44 E1580.09026
G0 F9000 X158.494 Y139.72
G1 F2700 X61.43 Y139.72 E1582.23712
G0 F9000 X61.573 Y140
G1 F2700 X158.359 Y140 E1584.37783
G0 F9000 X158.223 Y140.28
G1 F2700 X61.722 Y140.28 E1586.51224
G1 F2400 E1584.51224
G0 F9000 X61.491 Y140.403
G0 X62.99 Y142.837
G0 X64.552 Y144.914
G0 X66.263 Y146.821
G0 X67.563 Y148.043
G0 X69.627 Y149.655
G0 X71.801 Y151.057
G0 X74.104 Y152.2
G0 X76.447 Y153.118
G0 X78.9 Y153.783
G0 X81.355 Y154.229
G0 X83.86 Y154.413
G0 X86.363 Y154.388
G0 X88.861 Y154.095
G0 X91.323 Y153.59
G0 X93.745 Y152.817
G0 X96.074 Y151.842
G0 X98.321 Y150.599
G0 X100.468 Y149.148
G0 X101.829 Y148.04
G0 X109.332 Y140.79
G0 X110.511 Y140.8
G1 F1200 E1586.51224
G0 F9000 X110.606 Y140.56
G1 F2700 X158.087 Y140.56 E1587.56242
G0 F9000 X157.951 Y140.84
G1 F2700 X111.072 Y140.84 E1588.59929
G0 F9000 X111.358 Y141.12
G1 F2700 X157.815 Y141.12 E1589.62683
G0 F9000 X157.633 Y141.4
G1 F2700 X111.643 Y141.4 E1590.64403
G0 F9000 X111.928 Y141.68
G1 F2700 X157.448 Y141.68 E1591.65084
G0 F9000 X157.263 Y141.96
G1 F2700 X112.214 Y141.96 E1592.64724
G0 F9000 X112.499 Y142.24
G1 F2700 X157.078 Y142.24 E1593.63323
G0 F9000 X156.893 Y142.52
G1 F2700 X112.784 Y142.52 E1594.60884
G0 F9000 X113.07 Y142.8
G1 F2700 X156.708 Y142.8 E1595.57402
G0 F9000 X156.523 Y143.08
G1 F2700 X113.355 Y143.08 E1596.52881
G0 F9000 X113.641 Y143.36
G1 F2700 X156.338 Y143.36 E1597.47318
G0 F9000 X156.153 Y143.64
G1 F2700 X113.926 Y143.64 E1598.40716
G0 F9000 X114.211 Y143.92
G1 F2700 X155.968 Y143.92 E1599.33074
G0 F9000 X155.74 Y144.2
G1 F2700 X114.497 Y144.2 E1600.24295
G0 F9000 X114.782 Y144.48
G1 F2700 X155.496 Y144.48 E1601.14346
G0 F9000 X155.251 Y144.76
G1 F2700 X115.067 Y144.76 E1602.03225
G0 F9000 X115.353 Y145.04
G1 F2700 X155.006 Y145.04 E1602.9093
G0 F9000 X154.761 Y145.32
G1 F2700 X115.638 Y145.32 E1603.77462
G0 F9000 X115.923 Y145.6
G1 F2700 X154.516 Y145.6 E1604.62822
G0 F9000 X154.271 Y145.88
G1 F2700 X116.209 Y145.88 E1605.47007
G0 F9000 X116.494 Y146.16
G1 F2700 X154.027 Y146.16 E1606.30023
G0 F9000 X153.782 Y146.44
G1 F2700 X116.779 Y146.44 E1607.11866
G0 F9000 X117.08 Y146.72
G1 F2700 X153.519 Y146.72 E1607.92462
G0 F9000 X153.198 Y147
G1 F2700 X117.401 Y147 E1608.71638
G0 F9000 X117.721 Y147.28
G1 F2700 X152.877 Y147.28 E1609.49396
G0 F9000 X152.557 Y147.56
G1 F2700 X118.042 Y147.56 E1610.25736
G0 F9000 X118.362 Y147.84
G1 F2700 X152.236 Y147.84 E1611.00658
G0 F9000 X151.915 Y148.12
G1 F2700 X118.683 Y148.12 E1611.74161
G0 F9000 X119.004 Y148.4
G1 F2700 X151.595 Y148.4 E1612.46246
G0 F9000 X151.274 Y148.68
G1 F2700 X119.324 Y148.68 E1613.16913
G0 F9000 X119.648 Y148.96
G1 F2700 X150.95 Y148.96 E1613.86146
G0 F9000 X150.527 Y149.24
G1 F2700 X120.072 Y149.24 E1614.53507
G0 F9000 X120.496 Y149.52
G1 F2700 X150.103 Y149.52 E1615.18991
G0 F9000 X149.68 Y149.8
G1 F2700 X120.919 Y149.8 E1615.82605
G0 F9000 X121.343 Y150.08
G1 F2700 X149.257 Y150.08 E1616.44345
G0 F9000 X148.833 Y150.36
G1 F2700 X121.767 Y150.36 E1617.0421
G0 F9000 X122.19 Y150.64
G1 F2700 X148.41 Y150.64 E1617.62203
G0 F9000 X147.946 Y150.92
G1 F2700 X122.655 Y150.92 E1618.18142
G0 F9000 X123.232 Y151.2
G1 F2700 X147.369 Y151.2 E1618.71528
G0 F9000 X146.792 Y151.48
G1 F2700 X123.809 Y151.48 E1619.22362
G0 F9000 X124.385 Y151.76
G1 F2700 X146.214 Y151.76 E1619.70643
G0 F9000 X145.637 Y152.04
G1 F2700 X124.962 Y152.04 E1620.16372
G0 F9000 X125.539 Y152.32
G1 F2700 X145.06 Y152.32 E1620.59548
G0 F9000 X144.22 Y152.6
G1 F2700 X126.377 Y152.6 E1620.99014
G0 F9000 X127.225 Y152.88
G1 F2700 X143.372 Y152.88 E1621.34727
G0 F9000 X142.524 Y153.16
G1 F2700 X128.072 Y153.16 E1621.66692
G0 F9000 X127.99 Y153.408
G0 X129 Y153.696
G0 X129.049 Y153.44
G1 F2700 X141.537 Y153.44 E1621.94313
G0 F9000 X141.586 Y153.699
G0 X140.134 Y153.98
G0 X140.085 Y153.72
G1 F2700 X130.507 Y153.72 E1622.15498
G0 F9000 X130.458 Y153.978
G0 X131.916 Y154.259
G0 X131.966 Y154
G1 F2700 X138.632 Y154 E1622.30242
G1 F2400 E1620.30242
G0 F9000 X138.681 Y154.26
G0 X135.289 Y154.422
G0 X131.981 Y154.21
G0 X128.679 Y153.573
G0 X125.49 Y152.519
G0 X122.403 Y151.022
G0 X119.513 Y149.113
G0 X110.009 Y140.855
G0 X109.523 Y140.792
G1 F1200 E1622.30242
G0 F9000 X109.432 Y140.56
G1 F2700 X61.872 Y140.56 E1623.35435
G0 F9000 X62.022 Y140.84
G1 F2700 X108.941 Y140.84 E1624.3921
G0 F9000 X108.656 Y141.12
G1 F2700 X62.172 Y141.12 E1625.42024
G0 F9000 X62.331 Y141.4
G1 F2700 X108.37 Y141.4 E1626.43853
G0 F9000 X108.085 Y141.68
G1 F2700 X62.506 Y141.68 E1627.44664
G0 F9000 X62.68 Y141.96
G1 F2700 X107.799 Y141.96 E1628.44458
G0 F9000 X107.514 Y142.24
G1 F2700 X62.855 Y142.24 E1629.43235
G0 F9000 X63.03 Y142.52
G1 F2700 X107.228 Y142.52 E1630.40992
G0 F9000 X106.943 Y142.8
G1 F2700 X63.212 Y142.8 E1631.37716
G0 F9000 X63.413 Y143.08
G1 F2700 X106.657 Y143.08 E1632.33363
G0 F9000 X106.372 Y143.36
G1 F2700 X63.614 Y143.36 E1633.27936
G0 F9000 X63.815 Y143.64
G1 F2700 X106.087 Y143.64 E1634.21433
G0 F9000 X105.801 Y143.92
G1 F2700 X64.016 Y143.92 E1635.13853
G0 F9000 X64.228 Y144.2
G1 F2700 X105.516 Y144.2 E1636.05173
G0 F9000 X105.23 Y144.48
G1 F2700 X64.458 Y144.48 E1636.95353
G0 F9000 X64.688 Y144.76
G1 F2700 X104.945 Y144.76 E1637.84393
G0 F9000 X104.659 Y145.04
G1 F2700 X64.918 Y145.04 E1638.72292
G0 F9000 X65.148 Y145.32
G1 F2700 X104.374 Y145.32 E1639.59052
G0 F9000 X104.088 Y145.6
G1 F2700 X65.398 Y145.6 E1640.44627
G0 F9000 X65.66 Y145.88
G1 F2700 X103.803 Y145.88 E1641.28992
G0 F9000 X103.517 Y146.16
G1 F2700 X65.921 Y146.16 E1642.12146
G0 F9000 X66.183 Y146.44
G1 F2700 X103.232 Y146.44 E1642.94091
G0 F9000 X102.943 Y146.72
G1 F2700 X66.45 Y146.72 E1643.74807
G0 F9000 X66.748 Y147
G1 F2700 X102.643 Y147 E1644.54199
G0 F9000 X102.342 Y147.28
G1 F2700 X67.045 Y147.28 E1645.32269
G0 F9000 X67.343 Y147.56
G1 F2700 X102.042 Y147.56 E1646.09016
G0 F9000 X101.742 Y147.84
G1 F2700 X67.64 Y147.84 E1646.84443
G0 F9000 X67.975 Y148.12
G1 F2700 X101.405 Y148.12 E1647.58383
G0 F9000 X101.062 Y148.4
G1 F2700 X68.318 Y148.4 E1648.30806
G0 F9000 X68.66 Y148.68
G1 F2700 X100.718 Y148.68 E1649.01712
G0 F9000 X100.374 Y148.96
G1 F2700 X69.003 Y148.96 E1649.71099
G0 F9000 X69.391 Y149.24
G1 F2700 X99.984 Y149.24 E1650.38764
G0 F9000 X99.59 Y149.52
G1 F2700 X69.786 Y149.52 E1651.04685
G0 F9000 X70.18 Y149.8
G1 F2700 X99.195 Y149.8 E1651.6886
G0 F9000 X98.779 Y150.08
G1 F2700 X70.594 Y150.08 E1652.312
G0 F9000 X71.051 Y150.36
G1 F2700 X98.322 Y150.36 E1652.91518
G0 F9000 X97.865 Y150.64
G1 F2700 X71.507 Y150.64 E1653.49816
G0 F9000 X71.975 Y150.92
G1 F2700 X97.396 Y150.92 E1654.06042
G0 F9000 X96.861 Y151.2
G1 F2700 X72.509 Y151.2 E1654.59904
G0 F9000 X73.044 Y151.48
G1 F2700 X96.326 Y151.48 E1655.11399
G0 F9000 X95.756 Y151.76
G1 F2700 X73.61 Y151.76 E1655.60382
G0 F9000 X74.241 Y152.04
G1 F2700 X95.124 Y152.04 E1656.06571
G0 F9000 X94.493 Y152.32
G1 F2700 X74.872 Y152.32 E1656.49968
G0 F9000 X75.619 Y152.6
G1 F2700 X93.743 Y152.6 E1656.90055
G0 F9000 X92.982 Y152.88
G1 F2700 X76.383 Y152.88 E1657.26769
G0 F9000 X77.308 Y153.16
G1 F2700 X92.06 Y153.16 E1657.59397
G0 F9000 X92.126 Y153.416
G0 X91.117 Y153.699
G0 X91.059 Y153.44
G1 F2700 X78.31 Y153.44 E1657.87595
G0 F9000 X78.251 Y153.697
G0 X79.483 Y153.976
G0 X79.542 Y153.72
G1 F2700 X89.826 Y153.72 E1658.10341
G0 F9000 X89.884 Y153.979
G0 X88.214 Y154.26
G0 X88.173 Y154
G1 F2700 X81.204 Y154 E1658.25755
G0 F9000 X81.159 Y154.286
G1 F2400 E1656.25755
;MESH:NONMESH
G0 F600 X81.159 Y154.286 Z0.88
G0 F9000 X84.695 Y154.442
G0 X87.192 Y154.309
G0 X89.684 Y153.962
G0 X92.11 Y153.358
G0 X94.522 Y152.531
G0 X96.821 Y151.451
G0 X99.053 Y150.151
G0 X101.14 Y148.601
G0 X102.145 Y147.71
G0 X109.645 Y140.889
;TIME_ELAPSED:2080.811383
;LAYER:3
M106 S255
;TYPE:WALL-INNER
;MESH:PictureFrame_photo_support.stl
G1 F1200 E1658.25755
G1 F3900 X110.01 Y140.851 E1658.27205
G1 X110.383 Y140.911 E1658.28697
G1 X110.711 Y141.062 E1658.30123
G1 X116.662 Y146.902 E1658.63055
G1 X119.385 Y149.282 E1658.77339
G1 X122.298 Y151.205 E1658.91125
G1 X125.411 Y152.714 E1659.04789
G1 X128.626 Y153.778 E1659.18164
G1 X131.954 Y154.42 E1659.31551
G1 X135.289 Y154.632 E1659.44749
G1 X138.646 Y154.42 E1659.58035
G1 X141.987 Y153.774 E1659.71475
G1 X145.192 Y152.713 E1659.84809
G1 X148.301 Y151.207 E1659.98453
G1 X151.214 Y149.283 E1660.12242
G1 X153.888 Y146.946 E1660.26268
G1 X156.243 Y144.253 E1660.40398
G1 X158.167 Y141.341 E1660.54183
G1 X159.674 Y138.231 E1660.67832
G1 X160.739 Y135.017 E1660.81205
G1 X161.381 Y131.69 E1660.94588
G1 X161.593 Y128.356 E1661.07783
G1 X161.381 Y124.997 E1661.21076
G1 X160.737 Y121.673 E1661.34449
G1 X159.675 Y118.462 E1661.47807
G1 X158.165 Y115.346 E1661.61483
G1 X156.257 Y112.456 E1661.7516
G1 X153.872 Y109.726 E1661.89478
G1 X110.027 Y65.782 E1664.34657
G1 X107.585 Y68.301 E1664.48514
G1 X66.136 Y109.806 E1666.80189
G1 X64.927 Y111.094 E1666.87166
G1 X63.827 Y112.431 E1666.94005
G1 X62.823 Y113.829 E1667.00803
G1 X61.915 Y115.282 E1667.0757
G1 X61.103 Y116.799 E1667.14366
G1 X60.397 Y118.351 E1667.211
G1 X59.795 Y119.945 E1667.2783
G1 X59.305 Y121.563 E1667.34507
G1 X58.914 Y123.233 E1667.41281
G1 X58.634 Y124.925 E1667.48055
G1 X58.463 Y126.648 E1667.54894
G1 X58.405 Y128.392 E1667.61786
G1 X58.462 Y130.134 E1667.6867
G1 X58.632 Y131.855 E1667.755
G1 X58.912 Y133.552 E1667.82293
G1 X59.298 Y135.206 E1667.89001
G1 X59.8 Y136.863 E1667.9584
G1 X60.398 Y138.444 E1668.02516
G1 X61.103 Y139.997 E1668.09252
G1 X61.914 Y141.511 E1668.16036
G1 X62.815 Y142.954 E1668.22755
G1 X63.818 Y144.353 E1668.29554
G1 X64.925 Y145.699 E1668.36437
G1 X66.114 Y146.969 E1668.43308
G1 X67.424 Y148.201 E1668.50411
G1 X68.795 Y149.322 E1668.57406
G1 X70.22 Y150.335 E1668.64311
G1 X71.696 Y151.24 E1668.71149
G1 X73.222 Y152.04 E1668.77954
G1 X74.796 Y152.738 E1668.84755
G1 X76.38 Y153.318 E1668.91417
G1 X78.011 Y153.797 E1668.98131
G1 X79.676 Y154.175 E1669.04875
G1 X81.329 Y154.438 E1669.11486
G1 X83.008 Y154.597 E1669.18147
G1 X84.695 Y154.652 E1669.24813
G1 X86.377 Y154.598 E1669.3146
G1 X88.057 Y154.438 E1669.38126
G1 X89.725 Y154.169 E1669.44799
G1 X91.376 Y153.794 E1669.51486
G1 X93.004 Y153.315 E1669.58188
G1 X94.601 Y152.726 E1669.64911
G1 X96.166 Y152.031 E1669.71674
G1 X97.69 Y151.233 E1669.78469
G1 X99.168 Y150.327 E1669.85316
G1 X100.596 Y149.316 E1669.92226
G1 X101.967 Y148.199 E1669.99211
G1 X103.298 Y146.957 E1670.06401
G1 X109.218 Y141.147 E1670.39162
G1 X109.645 Y140.889 E1670.41133
G0 F9000 X109.681 Y141.432
G1 F3900 X109.973 Y141.352 E1670.42329
G1 X110.19 Y141.375 E1670.43191
G1 X110.417 Y141.472 E1670.44166
G1 X116.322 Y147.269 E1670.76849
G1 X119.082 Y149.68 E1670.91323
G1 X122.051 Y151.641 E1671.05377
G1 X125.222 Y153.178 E1671.19294
G1 X128.499 Y154.263 E1671.32928
G1 X131.89 Y154.917 E1671.46569
G1 X135.289 Y155.133 E1671.6002
G1 X138.71 Y154.917 E1671.73559
G1 X142.113 Y154.259 E1671.87249
G1 X145.381 Y153.177 E1672.00845
G1 X148.548 Y151.643 E1672.14744
G1 X151.517 Y149.681 E1672.28799
G1 X154.242 Y147.3 E1672.43092
G1 X156.642 Y144.557 E1672.57487
G1 X158.603 Y141.589 E1672.71537
G1 X160.138 Y138.42 E1672.85445
G1 X161.224 Y135.143 E1672.9908
G1 X161.878 Y131.754 E1673.12712
G1 X162.094 Y128.356 E1673.2616
G1 X161.878 Y124.933 E1673.39707
G1 X161.222 Y121.547 E1673.53329
G1 X160.139 Y118.273 E1673.66949
G1 X158.601 Y115.099 E1673.80879
G1 X156.655 Y112.153 E1673.94824
G1 X154.238 Y109.384 E1674.09341
G1 X110.019 Y65.065 E1676.56612
G1 X107.231 Y67.947 E1676.72449
G1 X65.777 Y109.458 E1679.04156
G1 X64.552 Y110.764 E1679.11228
G1 X63.431 Y112.126 E1679.18195
G1 X62.407 Y113.55 E1679.25123
G1 X61.483 Y115.032 E1679.3202
G1 X60.654 Y116.577 E1679.38946
G1 X59.935 Y118.159 E1679.45809
G1 X59.322 Y119.784 E1679.52669
G1 X58.822 Y121.433 E1679.59474
G1 X58.423 Y123.135 E1679.66379
G1 X58.138 Y124.859 E1679.73281
G1 X57.963 Y126.615 E1679.8025
G1 X57.905 Y128.392 E1679.87273
G1 X57.962 Y130.167 E1679.94287
G1 X58.136 Y131.92 E1680.01245
G1 X58.421 Y133.65 E1680.0817
G1 X58.815 Y135.335 E1680.15004
G1 X59.327 Y137.024 E1680.21975
G1 X59.936 Y138.636 E1680.28781
G1 X60.654 Y140.218 E1680.35643
G1 X61.481 Y141.762 E1680.42561
G1 X62.399 Y143.233 E1680.49409
G1 X63.422 Y144.658 E1680.56338
G1 X64.549 Y146.029 E1680.63347
G1 X65.76 Y147.323 E1680.70347
G1 X67.094 Y148.577 E1680.77578
G1 X68.491 Y149.72 E1680.84707
G1 X69.944 Y150.752 E1680.91747
G1 X71.449 Y151.675 E1680.9872
G1 X73.004 Y152.491 E1681.05656
G1 X74.609 Y153.202 E1681.12589
G1 X76.224 Y153.793 E1681.19381
G1 X77.885 Y154.282 E1681.2622
G1 X79.581 Y154.666 E1681.33088
G1 X81.266 Y154.935 E1681.39828
G1 X82.977 Y155.097 E1681.46616
G1 X84.695 Y155.152 E1681.53405
G1 X86.409 Y155.098 E1681.60178
G1 X88.12 Y154.934 E1681.66966
G1 X89.82 Y154.66 E1681.73767
G1 X91.502 Y154.278 E1681.8058
G1 X93.161 Y153.79 E1681.8741
G1 X94.789 Y153.189 E1681.94264
G1 X96.384 Y152.482 E1682.01155
G1 X97.937 Y151.668 E1682.0808
G1 X99.444 Y150.745 E1682.1506
G1 X100.899 Y149.714 E1682.22103
G1 X102.296 Y148.576 E1682.2922
G1 X103.643 Y147.318 E1682.36499
G1 X109.547 Y141.524 E1682.69171
G1 X109.681 Y141.432 E1682.69813
G0 F9000 X109.961 Y141.831
;TYPE:WALL-OUTER
G1 F3000 X110.138 Y141.867 E1682.70455
G1 X115.999 Y147.617 E1682.99641
G1 X118.793 Y150.059 E1683.12832
G1 X121.815 Y152.055 E1683.25706
G1 X125.043 Y153.62 E1683.38458
G1 X128.379 Y154.723 E1683.50947
G1 X131.83 Y155.389 E1683.63441
G1 X135.289 Y155.609 E1683.75761
G1 X138.77 Y155.389 E1683.8816
G1 X142.234 Y154.719 E1684.00702
G1 X145.56 Y153.619 E1684.13154
G1 X148.784 Y152.057 E1684.25889
G1 X151.806 Y150.06 E1684.38765
G1 X154.579 Y147.637 E1684.51855
G1 X157.02 Y144.846 E1684.65035
G1 X159.017 Y141.825 E1684.77908
G1 X160.58 Y138.599 E1684.9065
G1 X161.684 Y135.264 E1685.03138
G1 X162.35 Y131.814 E1685.15628
G1 X162.57 Y128.356 E1685.27945
G1 X162.35 Y124.873 E1685.4035
G1 X161.682 Y121.426 E1685.52831
G1 X160.581 Y118.094 E1685.65305
G1 X159.015 Y114.863 E1685.78068
G1 X157.034 Y111.864 E1685.90844
G1 X154.585 Y109.06 E1686.04078
G1 X110.012 Y64.387 E1688.28401
G1 X106.895 Y67.612 E1688.44345
G1 X65.435 Y109.128 E1690.52908
G1 X64.195 Y110.45 E1690.59351
G1 X63.054 Y111.836 E1690.65732
G1 X62.013 Y113.286 E1690.72077
G1 X61.071 Y114.793 E1690.78395
G1 X60.228 Y116.366 E1690.84738
G1 X59.496 Y117.977 E1690.91028
G1 X58.872 Y119.631 E1690.97312
G1 X58.363 Y121.31 E1691.03549
G1 X57.957 Y123.042 E1691.09873
G1 X57.667 Y124.797 E1691.16196
G1 X57.489 Y126.583 E1691.22576
G1 X57.43 Y128.392 E1691.2901
G1 X57.488 Y130.198 E1691.35433
G1 X57.665 Y131.982 E1691.41805
G1 X57.955 Y133.743 E1691.48149
G1 X58.356 Y135.458 E1691.5441
G1 X58.877 Y137.177 E1691.60795
G1 X59.497 Y138.818 E1691.67031
G1 X60.228 Y140.429 E1691.73319
G1 X61.069 Y142 E1691.79654
G1 X62.005 Y143.497 E1691.85929
G1 X63.045 Y144.947 E1691.92272
G1 X64.192 Y146.342 E1691.98692
G1 X65.424 Y147.658 E1692.051
G1 X66.781 Y148.934 E1692.11721
G1 X68.203 Y150.098 E1692.18254
G1 X69.682 Y151.149 E1692.24703
G1 X71.215 Y152.089 E1692.31095
G1 X72.797 Y152.919 E1692.37446
G1 X74.431 Y153.643 E1692.43799
G1 X76.075 Y154.245 E1692.50022
G1 X77.765 Y154.742 E1692.56284
G1 X79.491 Y155.132 E1692.62574
G1 X81.206 Y155.406 E1692.68748
G1 X82.947 Y155.571 E1692.74964
G1 X84.695 Y155.627 E1692.81181
G1 X86.439 Y155.572 E1692.87383
G1 X88.181 Y155.405 E1692.93604
G1 X89.911 Y155.127 E1692.99832
G1 X91.622 Y154.738 E1693.0607
G1 X93.311 Y154.241 E1693.12328
G1 X94.968 Y153.63 E1693.18606
G1 X96.591 Y152.91 E1693.24917
G1 X98.171 Y152.082 E1693.31258
G1 X99.706 Y151.142 E1693.37656
G1 X101.186 Y150.092 E1693.44107
G1 X102.609 Y148.934 E1693.50628
G1 X103.972 Y147.661 E1693.57258
G1 X109.855 Y141.886 E1693.86562
G1 X109.961 Y141.831 E1693.86986
G0 F9000 X110.138 Y141.867
G0 X110.152 Y141.881
G0 X110.645 Y141.38
G0 X111.126 Y141.117
;TYPE:FILL
G1 F3600 X148.023 Y104.219 E1696.21936
G0 F9000 X149.029 Y105.228
G1 F3600 X112.142 Y142.115 E1698.56819
G0 F9000 X113.16 Y143.113
G1 F3600 X150.036 Y106.237 E1700.91631
G0 F9000 X151.042 Y107.246
G1 F3600 X114.177 Y144.111 E1703.26374
G0 F9000 X115.194 Y145.11
G1 F3600 X152.049 Y108.255 E1705.61052
G0 F9000 X153.056 Y109.263
G1 F3600 X116.21 Y146.108 E1707.95671
G0 F9000 X117.251 Y147.083
G1 F3600 X154.037 Y110.297 E1710.2991
G0 F9000 X154.977 Y111.372
G1 F3600 X118.326 Y148.023 E1712.6329
G0 F9000 X119.401 Y148.964
G1 F3600 X155.917 Y112.448 E1714.9581
G0 F9000 X156.738 Y113.641
G1 F3600 X120.597 Y149.782 E1717.25942
G0 F9000 X121.811 Y150.584
G1 F3600 X157.54 Y114.855 E1719.53451
G0 F9000 X158.271 Y116.14
G1 F3600 X123.095 Y151.315 E1721.77436
G0 F9000 X124.453 Y151.972
G1 F3600 X158.928 Y117.497 E1723.9696
G0 F9000 X159.552 Y118.889
G1 F3600 X125.846 Y152.595 E1726.11587
G0 F9000 X127.361 Y153.095
G1 F3600 X160.052 Y120.404 E1728.19751
G0 F9000 X160.533 Y121.939
G1 F3600 X128.897 Y153.574 E1730.21194
G0 F9000 X130.586 Y153.901
G1 F3600 X160.859 Y123.627 E1732.13964
G0 F9000 X161.151 Y125.351
G1 F3600 X132.31 Y154.191 E1733.9761
G0 F9000 X134.205 Y154.312
G1 F3600 X161.271 Y127.245 E1735.69959
G0 F9000 X161.285 Y129.247
G1 F3600 X136.209 Y154.323 E1737.29633
G0 F9000 X138.361 Y154.186
G1 F3600 X161.147 Y131.4 E1738.74726
G0 F9000 X160.707 Y133.856
G1 F3600 X140.818 Y153.744 E1740.01369
G0 F9000 X143.603 Y152.975
G1 F3600 X159.936 Y136.642 E1741.05371
G0 F9000 X158.486 Y140.107
G1 F3600 X147.066 Y151.528 E1741.78093
G1 F2400 E1739.78093
G0 F9000 X109.547 Y140.68
G1 F1200 E1741.78093
G1 F3600 X147.017 Y103.21 E1744.16687
G0 F9000 X146.01 Y102.202
G1 F3600 X96.792 Y151.42 E1747.30089
G0 F9000 X93.234 Y152.962
G1 F3600 X145.004 Y101.193 E1750.59738
G0 F9000 X143.997 Y100.185
G1 F3600 X90.43 Y153.751 E1754.00829
G0 F9000 X87.973 Y154.193
G1 F3600 X142.991 Y99.175 E1757.51163
G0 F9000 X141.984 Y98.166
G1 F3600 X85.784 Y154.367 E1761.09027
G0 F9000 X83.764 Y154.372
G1 F3600 X140.978 Y97.158 E1764.73344
G0 F9000 X139.971 Y96.149
G1 F3600 X81.882 Y154.239 E1768.43237
G0 F9000 X80.115 Y153.99
G1 F3600 X138.965 Y95.14 E1772.17971
G0 F9000 X137.958 Y94.132
G1 F3600 X78.45 Y153.64 E1775.96896
G0 F9000 X76.873 Y153.202
G1 F3600 X136.952 Y93.123 E1779.79456
G0 F9000 X135.946 Y92.114
G1 F3600 X75.376 Y152.684 E1783.65143
G0 F9000 X73.954 Y152.09
G1 F3600 X134.939 Y91.105 E1787.53473
G0 F9000 X133.933 Y90.096
G1 F3600 X72.598 Y151.431 E1791.44031
G0 F9000 X71.306 Y150.707
G1 F3600 X132.926 Y89.087 E1795.36404
G0 F9000 X131.919 Y88.079
G1 F3600 X70.074 Y149.924 E1799.3021
G0 F9000 X68.899 Y149.084
G1 F3600 X130.913 Y87.07 E1803.25092
G0 F9000 X129.907 Y86.061
G1 F3600 X67.791 Y148.177 E1807.20623
G0 F9000 X66.739 Y147.213
G1 F3600 X128.9 Y85.052 E1811.16441
G0 F9000 X127.894 Y84.043
G1 F3600 X65.737 Y146.2 E1815.12234
G0 F9000 X64.787 Y145.135
G1 F3600 X126.888 Y83.034 E1819.0767
G0 F9000 X125.881 Y82.026
G1 F3600 X63.888 Y144.019 E1823.02418
G0 F9000 X63.046 Y142.846
G1 F3600 X124.875 Y81.017 E1826.96122
G0 F9000 X123.868 Y80.008
G1 F3600 X62.269 Y141.607 E1830.88361
G0 F9000 X61.554 Y140.307
G1 F3600 X122.861 Y79 E1834.78741
G0 F9000 X121.855 Y77.991
G1 F3600 X60.9 Y138.945 E1838.66876
G0 F9000 X60.315 Y137.516
G1 F3600 X120.849 Y76.982 E1842.52334
G0 F9000 X119.842 Y75.973
G1 F3600 X59.804 Y136.011 E1846.34634
G0 F9000 X59.374 Y134.426
G1 F3600 X118.836 Y74.964 E1850.13265
G0 F9000 X117.83 Y73.955
G1 F3600 X59.034 Y132.751 E1853.87656
G0 F9000 X58.796 Y130.973
G1 F3600 X116.823 Y72.947 E1857.57147
G0 F9000 X115.817 Y71.938
G1 F3600 X58.677 Y129.077 E1861.2099
G0 F9000 X58.699 Y127.04
G1 F3600 X114.81 Y70.929 E1864.78284
G0 F9000 X113.803 Y69.92
G1 F3600 X58.905 Y124.819 E1868.27857
G0 F9000 X59.384 Y122.325
G1 F3600 X112.797 Y68.911 E1871.67974
G0 F9000 X111.791 Y67.902
G1 F3600 X60.251 Y119.442 E1874.96162
G0 F9000 X61.97 Y115.708
G1 F3600 X110.784 Y66.894 E1878.06991
G1 F2400 E1876.06991
;MESH:NONMESH
G0 F600 X110.784 Y66.894 Z1.08
G0 F9000 X109.645 Y140.889
;TIME_ELAPSED:2176.224747
;LAYER:4
;TYPE:WALL-INNER
;MESH:PictureFrame_photo_support.stl
G1 F1200 E1878.06991
G1 F3900 X110.01 Y140.851 E1878.0844
G1 X110.383 Y140.911 E1878.09932
G1 X110.711 Y141.062 E1878.11359
G1 X116.662 Y146.902 E1878.4429
G1 X119.385 Y149.282 E1878.58574
G1 X122.298 Y151.205 E1878.7236
G1 X125.411 Y152.714 E1878.86024
G1 X128.626 Y153.778 E1878.99399
G1 X131.954 Y154.42 E1879.12786
G1 X135.289 Y154.632 E1879.25985
G1 X138.646 Y154.42 E1879.3927
G1 X141.987 Y153.774 E1879.5271
G1 X145.192 Y152.713 E1879.66044
G1 X148.301 Y151.207 E1879.79689
G1 X151.214 Y149.283 E1879.93477
G1 X153.888 Y146.946 E1880.07503
G1 X156.243 Y144.253 E1880.21633
G1 X158.167 Y141.341 E1880.35418
G1 X159.674 Y138.231 E1880.49068
G1 X160.739 Y135.017 E1880.62441
G1 X161.381 Y131.69 E1880.75823
G1 X161.593 Y128.356 E1880.89018
G1 X161.381 Y124.997 E1881.02311
G1 X160.737 Y121.673 E1881.15684
G1 X159.675 Y118.462 E1881.29042
G1 X158.165 Y115.346 E1881.42718
G1 X156.257 Y112.456 E1881.56396
G1 X153.872 Y109.726 E1881.70714
G1 X110.027 Y65.782 E1884.15892
G1 X107.585 Y68.301 E1884.29749
G1 X66.136 Y109.806 E1886.61425
G1 X64.927 Y111.094 E1886.68402
G1 X63.827 Y112.431 E1886.7524
G1 X62.823 Y113.829 E1886.82038
G1 X61.915 Y115.282 E1886.88805
G1 X61.103 Y116.799 E1886.95601
G1 X60.397 Y118.351 E1887.02336
G1 X59.795 Y119.945 E1887.09065
G1 X59.305 Y121.563 E1887.15742
G1 X58.914 Y123.233 E1887.22517
G1 X58.634 Y124.925 E1887.2929
G1 X58.463 Y126.648 E1887.36129
G1 X58.405 Y128.392 E1887.43021
G1 X58.462 Y130.134 E1887.49905
G1 X58.632 Y131.855 E1887.56735
G1 X58.912 Y133.552 E1887.63529
G1 X59.298 Y135.206 E1887.70237
G1 X59.8 Y136.863 E1887.77075
G1 X60.398 Y138.444 E1887.83751
G1 X61.103 Y139.997 E1887.90487
G1 X61.914 Y141.511 E1887.97271
G1 X62.815 Y142.954 E1888.0399
G1 X63.818 Y144.353 E1888.10789
G1 X64.925 Y145.699 E1888.17672
G1 X66.114 Y146.969 E1888.24544
G1 X67.424 Y148.201 E1888.31646
G1 X68.795 Y149.322 E1888.38641
G1 X70.22 Y150.335 E1888.45546
G1 X71.696 Y151.24 E1888.52385
G1 X73.222 Y152.04 E1888.5919
G1 X74.796 Y152.738 E1888.6599
G1 X76.38 Y153.318 E1888.72653
G1 X78.011 Y153.797 E1888.79367
G1 X79.676 Y154.175 E1888.8611
G1 X81.329 Y154.438 E1888.92721
G1 X83.008 Y154.597 E1888.99382
G1 X84.695 Y154.652 E1889.06049
G1 X86.377 Y154.598 E1889.12695
G1 X88.057 Y154.438 E1889.19361
G1 X89.725 Y154.169 E1889.26034
G1 X91.376 Y153.794 E1889.32721
G1 X93.004 Y153.315 E1889.39424
G1 X94.601 Y152.726 E1889.46146
G1 X96.166 Y152.031 E1889.5291
G1 X97.69 Y151.233 E1889.59704
G1 X99.168 Y150.327 E1889.66551
G1 X100.596 Y149.316 E1889.73462
G1 X101.967 Y148.199 E1889.80446
G1 X103.298 Y146.957 E1889.87637
G1 X109.218 Y141.147 E1890.20398
G1 X109.645 Y140.889 E1890.22368
G0 F9000 X109.681 Y141.432
G1 F3900 X109.973 Y141.352 E1890.23564
G1 X110.19 Y141.375 E1890.24426
G1 X110.417 Y141.472 E1890.25401
G1 X116.322 Y147.269 E1890.58084
G1 X119.082 Y149.68 E1890.72558
G1 X122.051 Y151.641 E1890.86612
G1 X125.222 Y153.178 E1891.0053
G1 X128.499 Y154.263 E1891.14164
G1 X131.89 Y154.917 E1891.27804
G1 X135.289 Y155.133 E1891.41256
G1 X138.71 Y154.917 E1891.54794
G1 X142.113 Y154.259 E1891.68484
G1 X145.381 Y153.177 E1891.8208
G1 X148.548 Y151.643 E1891.95979
G1 X151.517 Y149.681 E1892.10035
G1 X154.242 Y147.3 E1892.24327
G1 X156.642 Y144.557 E1892.38723
G1 X158.603 Y141.589 E1892.52773
G1 X160.138 Y138.42 E1892.6668
G1 X161.224 Y135.143 E1892.80315
G1 X161.878 Y131.754 E1892.93948
G1 X162.094 Y128.356 E1893.07396
G1 X161.878 Y124.933 E1893.20942
G1 X161.222 Y121.547 E1893.34564
G1 X160.139 Y118.273 E1893.48184
G1 X158.601 Y115.099 E1893.62115
G1 X156.655 Y112.153 E1893.7606
G1 X154.238 Y109.384 E1893.90577
G1 X110.019 Y65.065 E1896.37847
G1 X107.231 Y67.947 E1896.53685
G1 X65.777 Y109.458 E1898.85391
G1 X64.552 Y110.764 E1898.92463
G1 X63.431 Y112.126 E1898.9943
G1 X62.407 Y113.55 E1899.06358
G1 X61.483 Y115.032 E1899.13256
G1 X60.654 Y116.577 E1899.20181
G1 X59.935 Y118.159 E1899.27044
G1 X59.322 Y119.784 E1899.33904
G1 X58.822 Y121.433 E1899.4071
G1 X58.423 Y123.135 E1899.47614
G1 X58.138 Y124.859 E1899.54516
G1 X57.963 Y126.615 E1899.61486
G1 X57.905 Y128.392 E1899.68508
G1 X57.962 Y130.167 E1899.75522
G1 X58.136 Y131.92 E1899.8248
G1 X58.421 Y133.65 E1899.89405
G1 X58.815 Y135.335 E1899.9624
G1 X59.327 Y137.024 E1900.0321
G1 X59.936 Y138.636 E1900.10016
G1 X60.654 Y140.218 E1900.16878
G1 X61.481 Y141.762 E1900.23796
G1 X62.399 Y143.233 E1900.30645
G1 X63.422 Y144.658 E1900.37573
G1 X64.549 Y146.029 E1900.44583
G1 X65.76 Y147.323 E1900.51582
G1 X67.094 Y148.577 E1900.58814
G1 X68.491 Y149.72 E1900.65943
G1 X69.944 Y150.752 E1900.72982
G1 X71.449 Y151.675 E1900.79955
G1 X73.004 Y152.491 E1900.86891
G1 X74.609 Y153.202 E1900.93824
G1 X76.224 Y153.793 E1901.00617
G1 X77.885 Y154.282 E1901.07455
G1 X79.581 Y154.666 E1901.14323
G1 X81.266 Y154.935 E1901.21063
G1 X82.977 Y155.097 E1901.27851
G1 X84.695 Y155.152 E1901.3464
G1 X86.409 Y155.098 E1901.41413
G1 X88.12 Y154.934 E1901.48202
G1 X89.82 Y154.66 E1901.55003
G1 X91.502 Y154.278 E1901.61815
G1 X93.161 Y153.79 E1901.68645
G1 X94.789 Y153.189 E1901.755
G1 X96.384 Y152.482 E1901.8239
G1 X97.937 Y151.668 E1901.89316
G1 X99.444 Y150.745 E1901.96295
G1 X100.899 Y149.714 E1902.03339
G1 X102.296 Y148.576 E1902.10455
G1 X103.643 Y147.318 E1902.17735
G1 X109.547 Y141.524 E1902.50407
G1 X109.681 Y141.432 E1902.51049
G0 F9000 X109.961 Y141.831
;TYPE:WALL-OUTER
G1 F3000 X110.138 Y141.867 E1902.51691
G1 X115.999 Y147.617 E1902.80877
G1 X118.793 Y150.059 E1902.94067
G1 X121.815 Y152.055 E1903.06941
G1 X125.043 Y153.62 E1903.19693
G1 X128.379 Y154.723 E1903.32183
G1 X131.83 Y155.389 E1903.44676
G1 X135.289 Y155.609 E1903.56997
G1 X138.77 Y155.389 E1903.69395
G1 X142.234 Y154.719 E1903.81937
G1 X145.56 Y153.619 E1903.9439
G1 X148.784 Y152.057 E1904.07124
G1 X151.806 Y150.06 E1904.2
G1 X154.579 Y147.637 E1904.3309
G1 X157.02 Y144.846 E1904.4627
G1 X159.017 Y141.825 E1904.59143
G1 X160.58 Y138.599 E1904.71885
G1 X161.684 Y135.264 E1904.84373
G1 X162.35 Y131.814 E1904.96863
G1 X162.57 Y128.356 E1905.0918
G1 X162.35 Y124.873 E1905.21586
G1 X161.682 Y121.426 E1905.34066
G1 X160.581 Y118.094 E1905.4654
G1 X159.015 Y114.863 E1905.59304
G1 X157.034 Y111.864 E1905.7208
G1 X154.585 Y109.06 E1905.85314
G1 X110.012 Y64.387 E1908.09637
G1 X106.895 Y67.612 E1908.2558
G1 X65.435 Y109.128 E1910.34143
G1 X64.195 Y110.45 E1910.40586
G1 X63.054 Y111.836 E1910.46968
G1 X62.013 Y113.286 E1910.53313
G1 X61.071 Y114.793 E1910.5963
G1 X60.228 Y116.366 E1910.65974
G1 X59.496 Y117.977 E1910.72264
G1 X58.872 Y119.631 E1910.78548
G1 X58.363 Y121.31 E1910.84784
G1 X57.957 Y123.042 E1910.91108
G1 X57.667 Y124.797 E1910.97431
G1 X57.489 Y126.583 E1911.03811
G1 X57.43 Y128.392 E1911.10245
G1 X57.488 Y130.198 E1911.16668
G1 X57.665 Y131.982 E1911.23041
G1 X57.955 Y133.743 E1911.29385
G1 X58.356 Y135.458 E1911.35645
G1 X58.877 Y137.177 E1911.4203
G1 X59.497 Y138.818 E1911.48266
G1 X60.228 Y140.429 E1911.54555
G1 X61.069 Y142 E1911.60889
G1 X62.005 Y143.497 E1911.67165
G1 X63.045 Y144.947 E1911.73508
G1 X64.192 Y146.342 E1911.79928
G1 X65.424 Y147.658 E1911.86335
G1 X66.781 Y148.934 E1911.92957
G1 X68.203 Y150.098 E1911.99489
G1 X69.682 Y151.149 E1912.05939
G1 X71.215 Y152.089 E1912.12331
G1 X72.797 Y152.919 E1912.18681
G1 X74.431 Y153.643 E1912.25034
G1 X76.075 Y154.245 E1912.31258
G1 X77.765 Y154.742 E1912.37519
G1 X79.491 Y155.132 E1912.43809
G1 X81.206 Y155.406 E1912.49983
G1 X82.947 Y155.571 E1912.56199
G1 X84.695 Y155.627 E1912.62416
G1 X86.439 Y155.572 E1912.68619
G1 X88.181 Y155.405 E1912.74839
G1 X89.911 Y155.127 E1912.81068
G1 X91.622 Y154.738 E1912.87305
G1 X93.311 Y154.241 E1912.93563
G1 X94.968 Y153.63 E1912.99841
G1 X96.591 Y152.91 E1913.06153
G1 X98.171 Y152.082 E1913.12494
G1 X99.706 Y151.142 E1913.18892
G1 X101.186 Y150.092 E1913.25342
G1 X102.609 Y148.934 E1913.31864
G1 X103.972 Y147.661 E1913.38493
G1 X109.855 Y141.886 E1913.67797
G1 X109.961 Y141.831 E1913.68222
G0 F9000 X110.138 Y141.867
G0 X110.152 Y141.881
G0 X110.645 Y141.38
G0 X110.454 Y140.683
;TYPE:FILL
G1 F3600 X73.027 Y103.256 E1916.06543
G0 F9000 X74.034 Y102.248
G1 F3600 X123.104 Y151.318 E1919.19002
G0 F9000 X126.666 Y152.865
G1 F3600 X75.041 Y101.24 E1922.47731
G0 F9000 X76.048 Y100.231
G1 F3600 X129.508 Y153.691 E1925.88144
G0 F9000 X132.003 Y154.171
G1 F3600 X77.055 Y99.223 E1929.38032
G0 F9000 X78.062 Y98.215
G1 F3600 X134.155 Y154.308 E1932.95212
G0 F9000 X136.186 Y154.323
G1 F3600 X79.069 Y97.206 E1936.58911
G0 F9000 X80.076 Y96.198
G1 F3600 X138.081 Y154.203 E1940.28265
G0 F9000 X139.828 Y153.935
G1 F3600 X81.083 Y95.19 E1944.02331
G0 F9000 X82.09 Y94.181
G1 F3600 X141.517 Y153.609 E1947.80744
G0 F9000 X143.073 Y153.15
G1 F3600 X83.097 Y93.173 E1951.62651
G0 F9000 X84.103 Y92.165
G1 F3600 X144.587 Y152.648 E1955.47788
G0 F9000 X145.998 Y152.044
G1 F3600 X85.11 Y91.156 E1959.355
G0 F9000 X86.117 Y90.148
G1 F3600 X147.356 Y151.386 E1963.25443
G0 F9000 X148.657 Y150.672
G1 F3600 X87.124 Y89.14 E1967.17259
G0 F9000 X88.131 Y88.131
G1 F3600 X149.869 Y149.869 E1971.10384
G0 F9000 X151.08 Y149.065
G1 F3600 X89.138 Y87.123 E1975.04807
G0 F9000 X90.146 Y86.115
G1 F3600 X152.156 Y148.126 E1978.99667
G0 F9000 X153.232 Y147.186
G1 F3600 X91.153 Y85.107 E1982.94962
G0 F9000 X92.16 Y84.099
G1 F3600 X154.233 Y146.172 E1986.9022
G0 F9000 X155.173 Y145.097
G1 F3600 X93.166 Y83.09 E1990.85057
G0 F9000 X94.173 Y82.082
G1 F3600 X156.103 Y144.012 E1994.79404
G0 F9000 X156.905 Y142.798
G1 F3600 X95.18 Y81.074 E1998.72443
G0 F9000 X96.187 Y80.065
G1 F3600 X157.707 Y141.585 E2002.64179
G0 F9000 X158.408 Y140.27
G1 F3600 X97.194 Y79.057 E2006.53964
G0 F9000 X98.201 Y78.049
G1 F3600 X159.065 Y138.913 E2010.41523
G0 F9000 X159.656 Y137.489
G1 F3600 X99.208 Y77.04 E2014.26436
G0 F9000 X100.215 Y76.032
G1 F3600 X160.158 Y135.975 E2018.08131
G0 F9000 X160.602 Y134.404
G1 F3600 X101.222 Y75.024 E2021.8624
G0 F9000 X102.229 Y74.015
G1 F3600 X160.928 Y132.714 E2025.60014
G0 F9000 X161.177 Y130.948
G1 F3600 X103.236 Y73.007 E2029.2896
G0 F9000 X104.243 Y71.999
G1 F3600 X161.298 Y129.054 E2032.92265
G0 F9000 X161.256 Y126.997
G1 F3600 X105.25 Y70.99 E2036.48893
G0 F9000 X106.256 Y69.982
G1 F3600 X161.09 Y124.815 E2039.98053
G0 F9000 X160.606 Y122.316
G1 F3600 X107.263 Y68.974 E2043.37718
G0 F9000 X108.262 Y67.957
G1 F3600 X159.729 Y119.424 E2046.6544
G0 F9000 X158.094 Y115.774
G1 F3600 X109.255 Y66.934 E2049.76432
G1 F2400 E2047.76432
G0 F9000 X72.02 Y104.265
G1 F1200 E2049.76432
G1 F3600 X108.881 Y141.125 E2052.11146
G0 F9000 X107.864 Y142.124
G1 F3600 X71.014 Y105.273 E2054.45796
G0 F9000 X70.007 Y106.281
G1 F3600 X106.847 Y143.121 E2056.80379
G0 F9000 X105.83 Y144.12
G1 F3600 X69 Y107.29 E2059.14899
G0 F9000 X67.993 Y108.298
G1 F3600 X104.813 Y145.118 E2061.49355
G0 F9000 X103.795 Y146.115
G1 F3600 X66.986 Y109.306 E2063.83741
G0 F9000 X65.99 Y110.325
G1 F3600 X102.77 Y147.105 E2066.17942
G0 F9000 X101.722 Y148.073
G1 F3600 X65.021 Y111.372 E2068.5164
G0 F9000 X64.11 Y112.476
G1 F3600 X100.612 Y148.978 E2070.84071
G0 F9000 X99.443 Y149.824
G1 F3600 X63.262 Y113.644 E2073.14455
G0 F9000 X62.469 Y114.865
G1 F3600 X98.218 Y150.615 E2075.42094
G0 F9000 X96.933 Y151.345
G1 F3600 X61.734 Y116.146 E2077.66228
G0 F9000 X61.062 Y117.489
G1 F3600 X95.586 Y152.013 E2079.86064
G0 F9000 X94.173 Y152.616
G1 F3600 X60.456 Y118.899 E2082.00761
G0 F9000 X59.923 Y120.381
G1 F3600 X92.688 Y153.145 E2084.09393
G0 F9000 X91.121 Y153.594
G1 F3600 X59.472 Y121.945 E2086.10922
G0 F9000 X59.107 Y123.595
G1 F3600 X89.467 Y153.955 E2088.04244
G0 F9000 X87.714 Y154.217
G1 F3600 X58.842 Y125.345 E2089.8809
G0 F9000 X58.693 Y127.212
G1 F3600 X85.845 Y154.364 E2091.60983
G0 F9000 X83.839 Y154.373
G1 F3600 X58.681 Y129.215 E2093.2118
G0 F9000 X58.836 Y131.385
G1 F3600 X81.669 Y154.218 E2094.66572
G0 F9000 X79.258 Y153.822
G1 F3600 X59.223 Y133.788 E2095.94144
G0 F9000 X59.966 Y136.545
G1 F3600 X76.517 Y153.097 E2096.99538
G0 F9000 X73.095 Y151.69
G1 F3600 X61.369 Y139.964 E2097.74205
G1 F2400 E2095.74205
;MESH:NONMESH
G0 F600 X61.369 Y139.964 Z1.28
G0 F9000 X109.645 Y140.889
;TIME_ELAPSED:2271.515044
;LAYER:5
;TYPE:WALL-INNER
;MESH:PictureFrame_photo_support.stl
G1 F1200 E2097.74205
G1 F3900 X110.01 Y140.851 E2097.75654
G1 X110.383 Y140.911 E2097.77146
G1 X110.711 Y141.062 E2097.78572
G1 X116.662 Y146.902 E2098.11504
G1 X119.385 Y149.282 E2098.25788
G1 X122.298 Y151.205 E2098.39574
G1 X125.411 Y152.714 E2098.53238
G1 X128.626 Y153.778 E2098.66613
G1 X131.954 Y154.42 E2098.8
G1 X135.289 Y154.632 E2098.93199
G1 X138.646 Y154.42 E2099.06484
G1 X141.987 Y153.774 E2099.19924
G1 X145.192 Y152.713 E2099.33258
G1 X148.301 Y151.207 E2099.46903
G1 X151.214 Y149.283 E2099.60691
G1 X153.888 Y146.946 E2099.74717
G1 X156.243 Y144.253 E2099.88847
G1 X158.167 Y141.341 E2100.02632
G1 X159.674 Y138.231 E2100.16282
G1 X160.739 Y135.017 E2100.29654
G1 X161.381 Y131.69 E2100.43037
G1 X161.593 Y128.356 E2100.56232
G1 X161.381 Y124.997 E2100.69525
G1 X160.737 Y121.673 E2100.82898
G1 X159.675 Y118.462 E2100.96256
G1 X158.165 Y115.346 E2101.09932
G1 X156.257 Y112.456 E2101.2361
G1 X153.872 Y109.726 E2101.37927
G1 X110.027 Y65.782 E2103.83106
G1 X107.585 Y68.301 E2103.96963
G1 X66.136 Y109.806 E2106.28639
G1 X64.927 Y111.094 E2106.35616
G1 X63.827 Y112.431 E2106.42454
G1 X62.823 Y113.829 E2106.49252
G1 X61.915 Y115.282 E2106.56019
G1 X61.103 Y116.799 E2106.62815
G1 X60.397 Y118.351 E2106.69549
G1 X59.795 Y119.945 E2106.76279
G1 X59.305 Y121.563 E2106.82956
G1 X58.914 Y123.233 E2106.89731
G1 X58.634 Y124.925 E2106.96504
G1 X58.463 Y126.648 E2107.03343
G1 X58.405 Y128.392 E2107.10235
G1 X58.432 Y129.246 E2107.1361
G1 X58.462 Y130.134 E2107.17119
G1 X58.632 Y131.855 E2107.23949
G1 X58.912 Y133.552 E2107.30742
G1 X59.298 Y135.206 E2107.37451
G1 X59.8 Y136.863 E2107.44289
G1 X60.398 Y138.444 E2107.50965
G1 X61.103 Y139.997 E2107.57701
G1 X61.914 Y141.511 E2107.64485
G1 X62.815 Y142.954 E2107.71204
G1 X63.818 Y144.353 E2107.78003
G1 X64.925 Y145.699 E2107.84886
G1 X66.114 Y146.969 E2107.91757
G1 X67.424 Y148.201 E2107.9886
G1 X68.795 Y149.322 E2108.05855
G1 X70.22 Y150.335 E2108.1276
G1 X71.696 Y151.24 E2108.19598
G1 X73.222 Y152.04 E2108.26404
G1 X74.796 Y152.738 E2108.33204
G1 X76.38 Y153.318 E2108.39867
G1 X78.011 Y153.797 E2108.46581
G1 X79.676 Y154.175 E2108.53324
G1 X81.329 Y154.438 E2108.59935
G1 X83.008 Y154.597 E2108.66596
G1 X84.695 Y154.652 E2108.73263
G1 X86.377 Y154.598 E2108.79909
G1 X88.057 Y154.438 E2108.86575
G1 X89.725 Y154.169 E2108.93248
G1 X91.376 Y153.794 E2108.99935
G1 X93.004 Y153.315 E2109.06637
G1 X94.601 Y152.726 E2109.1336
G1 X96.166 Y152.031 E2109.20124
G1 X97.69 Y151.233 E2109.26918
G1 X99.168 Y150.327 E2109.33765
G1 X100.596 Y149.316 E2109.40676
G1 X101.967 Y148.199 E2109.4766
G1 X103.298 Y146.957 E2109.54851
G1 X109.218 Y141.147 E2109.87612
G1 X109.645 Y140.889 E2109.89582
G0 F9000 X109.681 Y141.432
G1 F3900 X109.973 Y141.352 E2109.90778
G1 X110.19 Y141.375 E2109.9164
G1 X110.417 Y141.472 E2109.92615
G1 X116.322 Y147.269 E2110.25298
G1 X119.082 Y149.68 E2110.39772
G1 X122.051 Y151.641 E2110.53826
G1 X125.222 Y153.178 E2110.67744
G1 X128.499 Y154.263 E2110.81378
G1 X131.89 Y154.917 E2110.95018
G1 X135.289 Y155.133 E2111.0847
G1 X138.71 Y154.917 E2111.22008
G1 X142.113 Y154.259 E2111.35698
G1 X145.381 Y153.177 E2111.49294
G1 X148.548 Y151.643 E2111.63193
G1 X151.517 Y149.681 E2111.77249
G1 X154.242 Y147.3 E2111.91541
G1 X156.642 Y144.557 E2112.05936
G1 X158.603 Y141.589 E2112.19987
G1 X160.138 Y138.42 E2112.33894
G1 X161.224 Y135.143 E2112.47529
G1 X161.878 Y131.754 E2112.61161
G1 X162.094 Y128.356 E2112.74609
G1 X161.878 Y124.933 E2112.88156
G1 X161.222 Y121.547 E2113.01778
G1 X160.139 Y118.273 E2113.15398
G1 X158.601 Y115.099 E2113.29329
G1 X156.655 Y112.153 E2113.43274
G1 X154.238 Y109.384 E2113.57791
G1 X110.019 Y65.065 E2116.05061
G1 X107.231 Y67.947 E2116.20899
G1 X65.777 Y109.458 E2118.52605
G1 X64.552 Y110.764 E2118.59677
G1 X63.431 Y112.126 E2118.66644
G1 X62.407 Y113.55 E2118.73572
G1 X61.483 Y115.032 E2118.8047
G1 X60.654 Y116.577 E2118.87395
G1 X59.935 Y118.159 E2118.94258
G1 X59.322 Y119.784 E2119.01118
G1 X58.822 Y121.433 E2119.07924
G1 X58.423 Y123.135 E2119.14828
G1 X58.138 Y124.859 E2119.2173
G1 X57.963 Y126.615 E2119.287
G1 X57.905 Y128.392 E2119.35722
G1 X57.932 Y129.262 E2119.3916
G1 X57.962 Y130.167 E2119.42736
G1 X58.136 Y131.92 E2119.49694
G1 X58.421 Y133.65 E2119.56619
G1 X58.815 Y135.335 E2119.63454
G1 X59.327 Y137.024 E2119.70424
G1 X59.936 Y138.636 E2119.7723
G1 X60.654 Y140.218 E2119.84092
G1 X61.481 Y141.762 E2119.9101
G1 X62.399 Y143.233 E2119.97858
G1 X63.422 Y144.658 E2120.04787
G1 X64.549 Y146.029 E2120.11796
G1 X65.76 Y147.323 E2120.18796
G1 X67.094 Y148.577 E2120.26028
G1 X68.491 Y149.72 E2120.33157
G1 X69.944 Y150.752 E2120.40196
G1 X71.449 Y151.675 E2120.47169
G1 X73.004 Y152.491 E2120.54105
G1 X74.609 Y153.202 E2120.61038
G1 X76.224 Y153.793 E2120.6783
G1 X77.885 Y154.282 E2120.74669
G1 X79.581 Y154.666 E2120.81537
G1 X81.266 Y154.935 E2120.88277
G1 X82.977 Y155.097 E2120.95065
G1 X84.695 Y155.152 E2121.01854
G1 X86.409 Y155.098 E2121.08627
G1 X88.12 Y154.934 E2121.15416
G1 X89.82 Y154.66 E2121.22217
G1 X91.502 Y154.278 E2121.29029
G1 X93.161 Y153.79 E2121.35859
G1 X94.789 Y153.189 E2121.42713
G1 X96.384 Y152.482 E2121.49604
G1 X97.937 Y151.668 E2121.5653
G1 X99.444 Y150.745 E2121.63509
G1 X100.899 Y149.714 E2121.70552
G1 X102.296 Y148.576 E2121.77669
G1 X103.643 Y147.318 E2121.84949
G1 X109.547 Y141.524 E2122.17621
G1 X109.681 Y141.432 E2122.18262
G0 F9000 X109.961 Y141.831
;TYPE:WALL-OUTER
G1 F3000 X110.138 Y141.867 E2122.18905
G1 X115.999 Y147.617 E2122.48091
G1 X118.793 Y150.059 E2122.61281
G1 X121.815 Y152.055 E2122.74155
G1 X125.043 Y153.62 E2122.86907
G1 X128.379 Y154.723 E2122.99397
G1 X131.83 Y155.389 E2123.1189
G1 X135.289 Y155.609 E2123.24211
G1 X138.77 Y155.389 E2123.36609
G1 X142.234 Y154.719 E2123.49151
G1 X145.56 Y153.619 E2123.61604
G1 X148.784 Y152.057 E2123.74338
G1 X151.806 Y150.06 E2123.87214
G1 X154.579 Y147.637 E2124.00304
G1 X157.02 Y144.846 E2124.13484
G1 X159.017 Y141.825 E2124.26357
G1 X160.58 Y138.599 E2124.39099
G1 X161.684 Y135.264 E2124.51587
G1 X162.35 Y131.814 E2124.64077
G1 X162.57 Y128.356 E2124.76394
G1 X162.35 Y124.873 E2124.88799
G1 X161.682 Y121.426 E2125.0128
G1 X160.581 Y118.094 E2125.13754
G1 X159.015 Y114.863 E2125.26517
G1 X157.034 Y111.864 E2125.39294
G1 X154.585 Y109.06 E2125.52527
G1 X110.012 Y64.387 E2127.76851
G1 X106.895 Y67.612 E2127.92794
G1 X65.435 Y109.128 E2130.01357
G1 X64.195 Y110.45 E2130.078
G1 X63.054 Y111.836 E2130.14181
G1 X62.013 Y113.286 E2130.20527
G1 X61.071 Y114.793 E2130.26844
G1 X60.228 Y116.366 E2130.33188
G1 X59.496 Y117.977 E2130.39478
G1 X58.872 Y119.631 E2130.45762
G1 X58.363 Y121.31 E2130.51998
G1 X57.957 Y123.042 E2130.58322
G1 X57.667 Y124.797 E2130.64645
G1 X57.489 Y126.583 E2130.71025
G1 X57.43 Y128.392 E2130.77459
G1 X57.457 Y129.277 E2130.80606
G1 X57.488 Y130.198 E2130.83882
G1 X57.665 Y131.982 E2130.90255
G1 X57.955 Y133.743 E2130.96599
G1 X58.356 Y135.458 E2131.02859
G1 X58.877 Y137.177 E2131.09244
G1 X59.497 Y138.818 E2131.1548
G1 X60.228 Y140.429 E2131.21769
G1 X61.069 Y142 E2131.28103
G1 X62.005 Y143.497 E2131.34379
G1 X63.045 Y144.947 E2131.40722
G1 X64.192 Y146.342 E2131.47141
G1 X65.424 Y147.658 E2131.53549
G1 X66.781 Y148.934 E2131.60171
G1 X68.203 Y150.098 E2131.66703
G1 X69.682 Y151.149 E2131.73153
G1 X71.215 Y152.089 E2131.79545
G1 X72.797 Y152.919 E2131.85895
G1 X74.431 Y153.643 E2131.92248
G1 X76.075 Y154.245 E2131.98471
G1 X77.765 Y154.742 E2132.04733
G1 X79.491 Y155.132 E2132.11023
G1 X81.206 Y155.406 E2132.17197
G1 X82.947 Y155.571 E2132.23413
G1 X84.695 Y155.627 E2132.2963
G1 X86.439 Y155.572 E2132.35833
G1 X88.181 Y155.405 E2132.42053
G1 X89.911 Y155.127 E2132.48282
G1 X91.622 Y154.738 E2132.54519
G1 X93.311 Y154.241 E2132.60777
G1 X94.968 Y153.63 E2132.67055
G1 X96.591 Y152.91 E2132.73367
G1 X98.171 Y152.082 E2132.79707
G1 X99.706 Y151.142 E2132.86106
G1 X101.186 Y150.092 E2132.92556
G1 X102.609 Y148.934 E2132.99078
G1 X103.972 Y147.661 E2133.05707
G1 X109.855 Y141.886 E2133.35011
G1 X109.961 Y141.831 E2133.35436
G0 F9000 X110.138 Y141.867
G0 X110.152 Y141.881
G0 X110.926 Y141.096
;MESH:NONMESH
G0 F600 X110.926 Y141.096 Z1.48
G0 F9000 X110.101 Y140.88
G0 X109.645 Y140.889
;TIME_ELAPSED:2288.157888
;LAYER:6
;TYPE:WALL-INNER
;MESH:PictureFrame_photo_support.stl
G1 F3900 X110.01 Y140.851 E2133.36885
G1 X110.383 Y140.911 E2133.38377
G1 X110.711 Y141.062 E2133.39803
G1 X116.662 Y146.902 E2133.72735
G1 X119.385 Y149.282 E2133.87019
G1 X122.298 Y151.205 E2134.00805
G1 X125.411 Y152.714 E2134.14469
G1 X128.626 Y153.778 E2134.27844
G1 X131.954 Y154.42 E2134.41231
G1 X135.289 Y154.632 E2134.5443
G1 X138.646 Y154.42 E2134.67715
G1 X141.987 Y153.774 E2134.81155
G1 X145.192 Y152.713 E2134.94489
G1 X148.301 Y151.207 E2135.08134
G1 X151.214 Y149.283 E2135.21922
G1 X153.888 Y146.946 E2135.35948
G1 X156.243 Y144.253 E2135.50078
G1 X158.167 Y141.341 E2135.63863
G1 X159.674 Y138.231 E2135.77513
G1 X160.739 Y135.017 E2135.90885
G1 X161.381 Y131.69 E2136.04268
G1 X161.593 Y128.356 E2136.17463
G1 X161.381 Y124.997 E2136.30756
G1 X160.737 Y121.673 E2136.44129
G1 X159.675 Y118.462 E2136.57487
G1 X158.165 Y115.346 E2136.71163
G1 X156.257 Y112.456 E2136.84841
G1 X153.872 Y109.726 E2136.99158
G1 X110.027 Y65.782 E2139.44337
G1 X107.585 Y68.301 E2139.58194
G1 X66.136 Y109.806 E2141.8987
G1 X64.927 Y111.094 E2141.96847
G1 X63.827 Y112.431 E2142.03685
G1 X62.823 Y113.829 E2142.10483
G1 X61.915 Y115.282 E2142.1725
G1 X61.103 Y116.799 E2142.24046
G1 X60.397 Y118.351 E2142.3078
G1 X59.795 Y119.945 E2142.3751
G1 X59.305 Y121.563 E2142.44187
G1 X58.914 Y123.233 E2142.50962
G1 X58.634 Y124.925 E2142.57735
G1 X58.463 Y126.648 E2142.64574
G1 X58.405 Y128.392 E2142.71466
G1 X58.432 Y129.246 E2142.74841
G1 X58.462 Y130.134 E2142.7835
G1 X58.632 Y131.855 E2142.8518
G1 X58.912 Y133.552 E2142.91973
G1 X59.298 Y135.206 E2142.98682
G1 X59.8 Y136.863 E2143.0552
G1 X60.398 Y138.444 E2143.12196
G1 X61.103 Y139.997 E2143.18932
G1 X61.914 Y141.511 E2143.25716
G1 X62.815 Y142.954 E2143.32435
G1 X63.818 Y144.353 E2143.39234
G1 X64.925 Y145.699 E2143.46117
G1 X66.114 Y146.969 E2143.52988
G1 X67.424 Y148.201 E2143.60091
G1 X68.795 Y149.322 E2143.67086
G1 X70.22 Y150.335 E2143.73991
G1 X71.696 Y151.24 E2143.80829
G1 X73.222 Y152.04 E2143.87635
G1 X74.796 Y152.738 E2143.94435
G1 X76.38 Y153.318 E2144.01098
G1 X78.011 Y153.797 E2144.07812
G1 X79.676 Y154.175 E2144.14555
G1 X81.329 Y154.438 E2144.21166
G1 X83.008 Y154.597 E2144.27827
G1 X84.695 Y154.652 E2144.34494
G1 X86.377 Y154.598 E2144.4114
G1 X88.057 Y154.438 E2144.47806
G1 X89.725 Y154.169 E2144.54479
G1 X91.376 Y153.794 E2144.61166
G1 X93.004 Y153.315 E2144.67868
G1 X94.601 Y152.726 E2144.74591
G1 X96.166 Y152.031 E2144.81355
G1 X97.69 Y151.233 E2144.88149
G1 X99.168 Y150.327 E2144.94996
G1 X100.596 Y149.316 E2145.01907
G1 X101.967 Y148.199 E2145.08891
G1 X103.298 Y146.957 E2145.16082
G1 X109.218 Y141.147 E2145.48843
G1 X109.645 Y140.889 E2145.50813
G0 F9000 X109.681 Y141.432
G1 F3900 X109.973 Y141.352 E2145.52009
G1 X110.19 Y141.375 E2145.52871
G1 X110.417 Y141.472 E2145.53846
G1 X116.322 Y147.269 E2145.86529
G1 X119.082 Y149.68 E2146.01003
G1 X122.051 Y151.641 E2146.15057
G1 X125.222 Y153.178 E2146.28975
G1 X128.499 Y154.263 E2146.42609
G1 X131.89 Y154.917 E2146.56249
G1 X135.289 Y155.133 E2146.69701
G1 X138.71 Y154.917 E2146.83239
G1 X142.113 Y154.259 E2146.96929
G1 X145.381 Y153.177 E2147.10525
G1 X148.548 Y151.643 E2147.24424
G1 X151.517 Y149.681 E2147.3848
G1 X154.242 Y147.3 E2147.52772
G1 X156.642 Y144.557 E2147.67167
G1 X158.603 Y141.589 E2147.81218
G1 X160.138 Y138.42 E2147.95125
G1 X161.224 Y135.143 E2148.0876
G1 X161.878 Y131.754 E2148.22392
G1 X162.094 Y128.356 E2148.3584
G1 X161.878 Y124.933 E2148.49387
G1 X161.222 Y121.547 E2148.63009
G1 X160.139 Y118.273 E2148.76629
G1 X158.601 Y115.099 E2148.9056
G1 X156.655 Y112.153 E2149.04505
G1 X154.238 Y109.384 E2149.19022
G1 X110.019 Y65.065 E2151.66292
G1 X107.231 Y67.947 E2151.8213
G1 X65.777 Y109.458 E2154.13836
G1 X64.552 Y110.764 E2154.20908
G1 X63.431 Y112.126 E2154.27875
G1 X62.407 Y113.55 E2154.34803
G1 X61.483 Y115.032 E2154.41701
G1 X60.654 Y116.577 E2154.48626
G1 X59.935 Y118.159 E2154.55489
G1 X59.322 Y119.784 E2154.62349
G1 X58.822 Y121.433 E2154.69155
G1 X58.423 Y123.135 E2154.76059
G1 X58.138 Y124.859 E2154.82961
G1 X57.963 Y126.615 E2154.89931
G1 X57.905 Y128.392 E2154.96953
G1 X57.932 Y129.262 E2155.00391
G1 X57.962 Y130.167 E2155.03967
G1 X58.136 Y131.92 E2155.10925
G1 X58.421 Y133.65 E2155.1785
G1 X58.815 Y135.335 E2155.24685
G1 X59.327 Y137.024 E2155.31655
G1 X59.936 Y138.636 E2155.38461
G1 X60.654 Y140.218 E2155.45323
G1 X61.481 Y141.762 E2155.52241
G1 X62.399 Y143.233 E2155.59089
G1 X63.422 Y144.658 E2155.66018
G1 X64.549 Y146.029 E2155.73027
G1 X65.76 Y147.323 E2155.80027
G1 X67.094 Y148.577 E2155.87259
G1 X68.491 Y149.72 E2155.94388
G1 X69.944 Y150.752 E2156.01427
G1 X71.449 Y151.675 E2156.084
G1 X73.004 Y152.491 E2156.15336
G1 X74.609 Y153.202 E2156.22269
G1 X76.224 Y153.793 E2156.29061
G1 X77.885 Y154.282 E2156.359
G1 X79.581 Y154.666 E2156.42768
G1 X81.266 Y154.935 E2156.49508
G1 X82.977 Y155.097 E2156.56296
G1 X84.695 Y155.152 E2156.63085
G1 X86.409 Y155.098 E2156.69858
G1 X88.12 Y154.934 E2156.76647
G1 X89.82 Y154.66 E2156.83448
G1 X91.502 Y154.278 E2156.9026
G1 X93.161 Y153.79 E2156.9709
G1 X94.789 Y153.189 E2157.03944
G1 X96.384 Y152.482 E2157.10835
G1 X97.937 Y151.668 E2157.17761
G1 X99.444 Y150.745 E2157.2474
G1 X100.899 Y149.714 E2157.31783
G1 X102.296 Y148.576 E2157.389
G1 X103.643 Y147.318 E2157.4618
G1 X109.547 Y141.524 E2157.78852
G1 X109.681 Y141.432 E2157.79493
G0 F9000 X109.961 Y141.831
;TYPE:WALL-OUTER
G1 F3000 X110.138 Y141.867 E2157.80136
G1 X115.999 Y147.617 E2158.09322
G1 X118.793 Y150.059 E2158.22512
G1 X121.815 Y152.055 E2158.35386
G1 X125.043 Y153.62 E2158.48138
G1 X128.379 Y154.723 E2158.60628
G1 X131.83 Y155.389 E2158.73121
G1 X135.289 Y155.609 E2158.85442
G1 X138.77 Y155.389 E2158.9784
G1 X142.234 Y154.719 E2159.10382
G1 X145.56 Y153.619 E2159.22835
G1 X148.784 Y152.057 E2159.35569
G1 X151.806 Y150.06 E2159.48445
G1 X154.579 Y147.637 E2159.61535
G1 X157.02 Y144.846 E2159.74715
G1 X159.017 Y141.825 E2159.87588
G1 X160.58 Y138.599 E2160.0033
G1 X161.684 Y135.264 E2160.12818
G1 X162.35 Y131.814 E2160.25308
G1 X162.57 Y128.356 E2160.37625
G1 X162.35 Y124.873 E2160.5003
G1 X161.682 Y121.426 E2160.62511
G1 X160.581 Y118.094 E2160.74985
G1 X159.015 Y114.863 E2160.87748
G1 X157.034 Y111.864 E2161.00525
G1 X154.585 Y109.06 E2161.13758
G1 X110.012 Y64.387 E2163.38082
G1 X106.895 Y67.612 E2163.54025
G1 X65.435 Y109.128 E2165.62588
G1 X64.195 Y110.45 E2165.69031
G1 X63.054 Y111.836 E2165.75412
G1 X62.013 Y113.286 E2165.81758
G1 X61.071 Y114.793 E2165.88075
G1 X60.228 Y116.366 E2165.94419
G1 X59.496 Y117.977 E2166.00709
G1 X58.872 Y119.631 E2166.06993
G1 X58.363 Y121.31 E2166.13229
G1 X57.957 Y123.042 E2166.19553
G1 X57.667 Y124.797 E2166.25876
G1 X57.489 Y126.583 E2166.32256
G1 X57.43 Y128.392 E2166.3869
G1 X57.457 Y129.277 E2166.41837
G1 X57.488 Y130.198 E2166.45113
G1 X57.665 Y131.982 E2166.51486
G1 X57.955 Y133.743 E2166.5783
G1 X58.356 Y135.458 E2166.6409
G1 X58.877 Y137.177 E2166.70475
G1 X59.497 Y138.818 E2166.76711
G1 X60.228 Y140.429 E2166.83
G1 X61.069 Y142 E2166.89334
G1 X62.005 Y143.497 E2166.9561
G1 X63.045 Y144.947 E2167.01953
G1 X64.192 Y146.342 E2167.08372
G1 X65.424 Y147.658 E2167.1478
G1 X66.781 Y148.934 E2167.21402
G1 X68.203 Y150.098 E2167.27934
G1 X69.682 Y151.149 E2167.34384
G1 X71.215 Y152.089 E2167.40776
G1 X72.797 Y152.919 E2167.47126
G1 X74.431 Y153.643 E2167.53479
G1 X76.075 Y154.245 E2167.59702
G1 X77.765 Y154.742 E2167.65964
G1 X79.491 Y155.132 E2167.72254
G1 X81.206 Y155.406 E2167.78428
G1 X82.947 Y155.571 E2167.84644
G1 X84.695 Y155.627 E2167.90861
G1 X86.439 Y155.572 E2167.97064
G1 X88.181 Y155.405 E2168.03284
G1 X89.911 Y155.127 E2168.09513
G1 X91.622 Y154.738 E2168.1575
G1 X93.311 Y154.241 E2168.22008
G1 X94.968 Y153.63 E2168.28286
G1 X96.591 Y152.91 E2168.34598
G1 X98.171 Y152.082 E2168.40938
G1 X99.706 Y151.142 E2168.47337
G1 X101.186 Y150.092 E2168.53787
G1 X102.609 Y148.934 E2168.60309
G1 X103.972 Y147.661 E2168.66938
G1 X109.855 Y141.886 E2168.96242
G1 X109.961 Y141.831 E2168.96667
G0 F9000 X110.138 Y141.867
G0 X110.152 Y141.881
G0 X110.645 Y141.38
G0 X111.126 Y141.116
;TYPE:FILL
G1 F3600 X148.023 Y104.219 E2173.66559
G0 F9000 X147.016 Y103.211
G1 F3600 X109.534 Y140.693 E2178.43902
G0 F9000 X109.918 Y140.823
G0 X112.143 Y142.115
G1 F3600 X149.029 Y105.228 E2183.13661
G0 F9000 X150.036 Y106.237
G1 F3600 X113.16 Y143.113 E2187.83286
G0 F9000 X114.177 Y144.111
G1 F3600 X151.042 Y107.246 E2192.52771
G0 F9000 X152.049 Y108.255
G1 F3600 X115.194 Y145.11 E2197.22128
G0 F9000 X116.211 Y146.108
G1 F3600 X153.056 Y109.263 E2201.91359
G0 F9000 X154.037 Y110.297
G1 F3600 X117.251 Y147.083 E2206.59838
G0 F9000 X118.326 Y148.023
G1 F3600 X154.977 Y111.372 E2211.26597
G0 F9000 X155.916 Y112.449
G1 F3600 X119.402 Y148.963 E2215.91612
G0 F9000 X120.597 Y149.782
G1 F3600 X156.738 Y113.641 E2220.51877
G0 F9000 X157.539 Y114.856
G1 F3600 X121.811 Y150.584 E2225.06882
G0 F9000 X123.096 Y151.314
G1 F3600 X158.271 Y116.14 E2229.54838
G0 F9000 X158.928 Y117.497
G1 F3600 X124.453 Y151.972 E2233.93886
G0 F9000 X125.846 Y152.595
G1 F3600 X159.551 Y118.89 E2238.23127
G0 F9000 X160.052 Y120.404
G1 F3600 X127.361 Y153.095 E2242.39455
G0 F9000 X128.897 Y153.575
G1 F3600 X160.533 Y121.939 E2246.42348
G0 F9000 X160.859 Y123.627
G1 F3600 X130.586 Y153.901 E2250.27888
G0 F9000 X132.311 Y154.19
G1 F3600 X161.151 Y125.351 E2253.95166
G0 F9000 X161.27 Y127.247
G1 F3600 X134.206 Y154.311 E2257.39833
G0 F9000 X136.21 Y154.322
G1 F3600 X161.283 Y129.249 E2260.59144
G0 F9000 X161.146 Y131.401
G1 F3600 X138.362 Y154.186 E2263.4931
G0 F9000 X140.818 Y153.744
G1 F3600 X160.707 Y133.856 E2266.02595
G0 F9000 X159.936 Y136.642
G1 F3600 X143.604 Y152.974 E2268.10588
G0 F9000 X147.066 Y151.527
G1 F3600 X158.486 Y140.107 E2269.56024
G1 F2400 E2267.56024
G0 F9000 X146.01 Y102.202
G1 F1200 E2269.56024
G1 F3600 X96.791 Y151.421 E2275.8284
G0 F9000 X93.235 Y152.962
G1 F3600 X145.004 Y101.193 E2282.42132
G0 F9000 X143.997 Y100.185
G1 F3600 X90.429 Y153.752 E2289.24327
G0 F9000 X87.973 Y154.193
G1 F3600 X142.991 Y99.175 E2296.24995
G0 F9000 X141.984 Y98.166
G1 F3600 X85.784 Y154.367 E2303.40722
G0 F9000 X83.765 Y154.371
G1 F3600 X140.978 Y97.158 E2310.69344
G0 F9000 X139.971 Y96.149
G1 F3600 X81.881 Y154.239 E2318.09135
G0 F9000 X80.115 Y153.99
G1 F3600 X138.964 Y95.141 E2325.58592
G0 F9000 X137.958 Y94.132
G1 F3600 X78.449 Y153.64 E2333.16447
G0 F9000 X76.873 Y153.202
G1 F3600 X136.952 Y93.123 E2340.81568
G0 F9000 X135.945 Y92.114
G1 F3600 X75.376 Y152.684 E2348.52936
G0 F9000 X73.949 Y152.095
G1 F3600 X134.939 Y91.105 E2356.29659
G0 F9000 X133.933 Y90.096
G1 F3600 X72.598 Y151.431 E2364.10776
G0 F9000 X71.306 Y150.707
G1 F3600 X132.926 Y89.088 E2371.95515
G0 F9000 X131.919 Y88.079
G1 F3600 X70.074 Y149.924 E2379.83127
G0 F9000 X68.899 Y149.084
G1 F3600 X130.913 Y87.07 E2387.72891
G0 F9000 X129.906 Y86.061
G1 F3600 X67.791 Y148.177 E2395.63947
G0 F9000 X66.739 Y147.213
G1 F3600 X128.9 Y85.052 E2403.55583
G0 F9000 X127.893 Y84.044
G1 F3600 X65.738 Y146.199 E2411.47142
G0 F9000 X64.787 Y145.135
G1 F3600 X126.887 Y83.035 E2419.38001
G0 F9000 X125.881 Y82.026
G1 F3600 X63.887 Y144.019 E2427.27504
G0 F9000 X63.046 Y142.846
G1 F3600 X124.874 Y81.018 E2435.14899
G0 F9000 X123.868 Y80.009
G1 F3600 X62.27 Y141.606 E2442.99359
G0 F9000 X61.554 Y140.307
G1 F3600 X122.861 Y79 E2450.80119
G0 F9000 X121.855 Y77.991
G1 F3600 X60.9 Y138.945 E2458.56389
G0 F9000 X60.315 Y137.516
G1 F3600 X120.848 Y76.982 E2466.27299
G0 F9000 X119.842 Y75.973
G1 F3600 X59.804 Y136.011 E2473.91898
G0 F9000 X59.374 Y134.426
G1 F3600 X118.835 Y74.965 E2481.49148
G0 F9000 X117.829 Y73.956
G1 F3600 X59.033 Y132.752 E2488.9793
G0 F9000 X58.796 Y130.973
G1 F3600 X116.822 Y72.947 E2496.36906
G0 F9000 X115.816 Y71.938
G1 F3600 X58.677 Y129.077 E2503.64585
G0 F9000 X58.699 Y127.04
G1 F3600 X114.81 Y70.929 E2510.79173
G0 F9000 X113.803 Y69.921
G1 F3600 X58.904 Y124.819 E2517.78319
G0 F9000 X59.384 Y122.325
G1 F3600 X112.796 Y68.912 E2524.5854
G0 F9000 X111.79 Y67.903
G1 F3600 X60.251 Y119.442 E2531.14902
G0 F9000 X61.97 Y115.708
G1 F3600 X110.783 Y66.895 E2537.36548
G1 F2400 E2535.36548
;MESH:NONMESH
G0 F600 X110.783 Y66.895 Z1.68
G0 F9000 X109.645 Y140.889
;TIME_ELAPSED:2383.533404
;LAYER:7
;TYPE:WALL-INNER
;MESH:PictureFrame_photo_support.stl
G1 F1200 E2537.36548
G1 F3900 X110.01 Y140.851 E2537.37998
G1 X110.383 Y140.911 E2537.3949
G1 X110.711 Y141.062 E2537.40916
G1 X116.662 Y146.902 E2537.73847
G1 X119.385 Y149.282 E2537.88131
G1 X122.298 Y151.205 E2538.01918
G1 X125.411 Y152.714 E2538.15581
G1 X128.626 Y153.778 E2538.28957
G1 X131.954 Y154.42 E2538.42343
G1 X135.289 Y154.632 E2538.55542
G1 X138.646 Y154.42 E2538.68827
G1 X141.987 Y153.774 E2538.82267
G1 X145.192 Y152.713 E2538.95602
G1 X148.301 Y151.207 E2539.09246
G1 X151.214 Y149.283 E2539.23034
G1 X153.888 Y146.946 E2539.37061
G1 X156.243 Y144.253 E2539.5119
G1 X158.167 Y141.341 E2539.64975
G1 X159.674 Y138.231 E2539.78625
G1 X160.739 Y135.017 E2539.91998
G1 X161.381 Y131.69 E2540.05381
G1 X161.593 Y128.356 E2540.18575
G1 X161.381 Y124.997 E2540.31869
G1 X160.737 Y121.673 E2540.45241
G1 X159.675 Y118.462 E2540.58599
G1 X158.165 Y115.346 E2540.72275
G1 X156.257 Y112.456 E2540.85953
G1 X153.872 Y109.726 E2541.00271
G1 X110.027 Y65.782 E2543.4545
G1 X107.585 Y68.301 E2543.59307
G1 X66.136 Y109.806 E2545.90982
G1 X64.927 Y111.094 E2545.97959
G1 X63.827 Y112.431 E2546.04797
G1 X62.823 Y113.829 E2546.11595
G1 X61.915 Y115.282 E2546.18363
G1 X61.103 Y116.799 E2546.25159
G1 X60.397 Y118.351 E2546.31893
G1 X59.795 Y119.945 E2546.38623
G1 X59.305 Y121.563 E2546.453
G1 X58.914 Y123.233 E2546.52074
G1 X58.634 Y124.925 E2546.58848
G1 X58.463 Y126.648 E2546.65686
G1 X58.405 Y128.392 E2546.72578
G1 X58.462 Y130.134 E2546.79462
G1 X58.632 Y131.855 E2546.86293
G1 X58.912 Y133.552 E2546.93086
G1 X59.298 Y135.206 E2546.99794
G1 X59.8 Y136.863 E2547.06632
G1 X60.398 Y138.444 E2547.13309
G1 X61.103 Y139.997 E2547.20045
G1 X61.914 Y141.511 E2547.26828
G1 X62.815 Y142.954 E2547.33547
G1 X63.818 Y144.353 E2547.40346
G1 X64.925 Y145.699 E2547.4723
G1 X66.114 Y146.969 E2547.54101
G1 X67.424 Y148.201 E2547.61204
G1 X68.795 Y149.322 E2547.68198
G1 X70.22 Y150.335 E2547.75104
G1 X71.696 Y151.24 E2547.81942
G1 X73.222 Y152.04 E2547.88747
G1 X74.796 Y152.738 E2547.95548
G1 X76.38 Y153.318 E2548.0221
G1 X78.011 Y153.797 E2548.08924
G1 X79.676 Y154.175 E2548.15667
G1 X81.329 Y154.438 E2548.22278
G1 X83.008 Y154.597 E2548.28939
G1 X84.695 Y154.652 E2548.35606
G1 X86.377 Y154.598 E2548.42253
G1 X88.057 Y154.438 E2548.48918
G1 X89.725 Y154.169 E2548.55591
G1 X91.376 Y153.794 E2548.62278
G1 X93.004 Y153.315 E2548.68981
G1 X94.601 Y152.726 E2548.75704
G1 X96.166 Y152.031 E2548.82467
G1 X97.69 Y151.233 E2548.89262
G1 X99.168 Y150.327 E2548.96109
G1 X100.596 Y149.316 E2549.03019
G1 X101.967 Y148.199 E2549.10004
G1 X103.298 Y146.957 E2549.17194
G1 X109.218 Y141.147 E2549.49955
G1 X109.645 Y140.889 E2549.51926
G0 F9000 X109.681 Y141.432
G1 F3900 X109.973 Y141.352 E2549.53121
G1 X110.19 Y141.375 E2549.53983
G1 X110.417 Y141.472 E2549.54958
G1 X116.322 Y147.269 E2549.87641
G1 X119.082 Y149.68 E2550.02116
G1 X122.051 Y151.641 E2550.16169
G1 X125.222 Y153.178 E2550.30087
G1 X128.499 Y154.263 E2550.43721
G1 X131.89 Y154.917 E2550.57361
G1 X135.289 Y155.133 E2550.70813
G1 X138.71 Y154.917 E2550.84352
G1 X142.113 Y154.259 E2550.98041
G1 X145.381 Y153.177 E2551.11638
G1 X148.548 Y151.643 E2551.25536
G1 X151.517 Y149.681 E2551.39592
G1 X154.242 Y147.3 E2551.53884
G1 X156.642 Y144.557 E2551.6828
G1 X158.603 Y141.589 E2551.8233
G1 X160.138 Y138.42 E2551.96237
G1 X161.224 Y135.143 E2552.09873
G1 X161.878 Y131.754 E2552.23505
G1 X162.094 Y128.356 E2552.36953
G1 X161.878 Y124.933 E2552.50499
G1 X161.222 Y121.547 E2552.64122
G1 X160.139 Y118.273 E2552.77742
G1 X158.601 Y115.099 E2552.91672
G1 X156.655 Y112.153 E2553.05617
G1 X154.238 Y109.384 E2553.20134
G1 X110.019 Y65.065 E2555.67405
G1 X107.231 Y67.947 E2555.83242
G1 X65.777 Y109.458 E2558.14948
G1 X64.552 Y110.764 E2558.22021
G1 X63.431 Y112.126 E2558.28988
G1 X62.407 Y113.55 E2558.35915
G1 X61.483 Y115.032 E2558.42813
G1 X60.654 Y116.577 E2558.49738
G1 X59.935 Y118.159 E2558.56602
G1 X59.322 Y119.784 E2558.63461
G1 X58.822 Y121.433 E2558.70267
G1 X58.423 Y123.135 E2558.77172
G1 X58.138 Y124.859 E2558.84073
G1 X57.963 Y126.615 E2558.91043
G1 X57.905 Y128.392 E2558.98065
G1 X57.962 Y130.167 E2559.0508
G1 X58.136 Y131.92 E2559.12037
G1 X58.421 Y133.65 E2559.18962
G1 X58.815 Y135.335 E2559.25797
G1 X59.327 Y137.024 E2559.32768
G1 X59.936 Y138.636 E2559.39574
G1 X60.654 Y140.218 E2559.46435
G1 X61.481 Y141.762 E2559.53353
G1 X62.399 Y143.233 E2559.60202
G1 X63.422 Y144.658 E2559.6713
G1 X64.549 Y146.029 E2559.7414
G1 X65.76 Y147.323 E2559.8114
G1 X67.094 Y148.577 E2559.88371
G1 X68.491 Y149.72 E2559.955
G1 X69.944 Y150.752 E2560.02539
G1 X71.449 Y151.675 E2560.09512
G1 X73.004 Y152.491 E2560.16448
G1 X74.609 Y153.202 E2560.23382
G1 X76.224 Y153.793 E2560.30174
G1 X77.885 Y154.282 E2560.37013
G1 X79.581 Y154.666 E2560.43881
G1 X81.266 Y154.935 E2560.5062
G1 X82.977 Y155.097 E2560.57408
G1 X84.695 Y155.152 E2560.64197
G1 X86.409 Y155.098 E2560.7097
G1 X88.12 Y154.934 E2560.77759
G1 X89.82 Y154.66 E2560.8456
G1 X91.502 Y154.278 E2560.91373
G1 X93.161 Y153.79 E2560.98203
G1 X94.789 Y153.189 E2561.05057
G1 X96.384 Y152.482 E2561.11948
G1 X97.937 Y151.668 E2561.18873
G1 X99.444 Y150.745 E2561.25853
G1 X100.899 Y149.714 E2561.32896
G1 X102.296 Y148.576 E2561.40013
G1 X103.643 Y147.318 E2561.47292
G1 X109.547 Y141.524 E2561.79964
G1 X109.681 Y141.432 E2561.80606
G0 F9000 X109.961 Y141.831
;TYPE:WALL-OUTER
G1 F3000 X110.138 Y141.867 E2561.81248
G1 X115.999 Y147.617 E2562.10434
G1 X118.793 Y150.059 E2562.23625
G1 X121.815 Y152.055 E2562.36498
G1 X125.043 Y153.62 E2562.4925
G1 X128.379 Y154.723 E2562.6174
G1 X131.83 Y155.389 E2562.74234
G1 X135.289 Y155.609 E2562.86554
G1 X138.77 Y155.389 E2562.98953
G1 X142.234 Y154.719 E2563.11494
G1 X145.56 Y153.619 E2563.23947
G1 X148.784 Y152.057 E2563.36681
G1 X151.806 Y150.06 E2563.49557
G1 X154.579 Y147.637 E2563.62647
G1 X157.02 Y144.846 E2563.75827
G1 X159.017 Y141.825 E2563.887
G1 X160.58 Y138.599 E2564.01443
G1 X161.684 Y135.264 E2564.1393
G1 X162.35 Y131.814 E2564.2642
G1 X162.57 Y128.356 E2564.38737
G1 X162.35 Y124.873 E2564.51143
G1 X161.682 Y121.426 E2564.63624
G1 X160.581 Y118.094 E2564.76098
G1 X159.015 Y114.863 E2564.88861
G1 X157.034 Y111.864 E2565.01637
G1 X154.585 Y109.06 E2565.14871
G1 X110.012 Y64.387 E2567.39194
G1 X106.895 Y67.612 E2567.55137
G1 X65.435 Y109.128 E2569.637
G1 X64.195 Y110.45 E2569.70143
G1 X63.054 Y111.836 E2569.76525
G1 X62.013 Y113.286 E2569.8287
G1 X61.071 Y114.793 E2569.89187
G1 X60.228 Y116.366 E2569.95531
G1 X59.496 Y117.977 E2570.01821
G1 X58.872 Y119.631 E2570.08105
G1 X58.363 Y121.31 E2570.14342
G1 X57.957 Y123.042 E2570.20665
G1 X57.667 Y124.797 E2570.26988
G1 X57.489 Y126.583 E2570.33368
G1 X57.43 Y128.392 E2570.39802
G1 X57.488 Y130.198 E2570.46225
G1 X57.665 Y131.982 E2570.52598
G1 X57.955 Y133.743 E2570.58942
G1 X58.356 Y135.458 E2570.65203
G1 X58.877 Y137.177 E2570.71588
G1 X59.497 Y138.818 E2570.77823
G1 X60.228 Y140.429 E2570.84112
G1 X61.069 Y142 E2570.90446
G1 X62.005 Y143.497 E2570.96722
G1 X63.045 Y144.947 E2571.03065
G1 X64.192 Y146.342 E2571.09485
G1 X65.424 Y147.658 E2571.15893
G1 X66.781 Y148.934 E2571.22514
G1 X68.203 Y150.098 E2571.29046
G1 X69.682 Y151.149 E2571.35496
G1 X71.215 Y152.089 E2571.41888
G1 X72.797 Y152.919 E2571.48239
G1 X74.431 Y153.643 E2571.54592
G1 X76.075 Y154.245 E2571.60815
G1 X77.765 Y154.742 E2571.67077
G1 X79.491 Y155.132 E2571.73367
G1 X81.206 Y155.406 E2571.7954
G1 X82.947 Y155.571 E2571.85757
G1 X84.695 Y155.627 E2571.91974
G1 X86.439 Y155.572 E2571.98176
G1 X88.181 Y155.405 E2572.04397
G1 X89.911 Y155.127 E2572.10625
G1 X91.622 Y154.738 E2572.16862
G1 X93.311 Y154.241 E2572.23121
G1 X94.968 Y153.63 E2572.29398
G1 X96.591 Y152.91 E2572.3571
G1 X98.171 Y152.082 E2572.42051
G1 X99.706 Y151.142 E2572.48449
G1 X101.186 Y150.092 E2572.549
G1 X102.609 Y148.934 E2572.61421
G1 X103.972 Y147.661 E2572.68051
G1 X109.855 Y141.886 E2572.97355
G1 X109.961 Y141.831 E2572.97779
G0 F9000 X110.138 Y141.867
G0 X110.152 Y141.881
G0 X110.926 Y141.096
;MESH:NONMESH
G0 F600 X110.926 Y141.096 Z1.88
G0 F9000 X110.101 Y140.88
G0 X109.645 Y140.889
;TIME_ELAPSED:2400.176248
;LAYER:8
;TYPE:WALL-INNER
;MESH:PictureFrame_photo_support.stl
G1 F3900 X110.01 Y140.851 E2572.99229
G1 X110.383 Y140.911 E2573.00721
G1 X110.711 Y141.062 E2573.02147
G1 X116.662 Y146.902 E2573.35078
G1 X119.385 Y149.282 E2573.49362
G1 X122.298 Y151.205 E2573.63149
G1 X125.411 Y152.714 E2573.76812
G1 X128.626 Y153.778 E2573.90188
G1 X131.954 Y154.42 E2574.03574
G1 X135.289 Y154.632 E2574.16773
G1 X138.646 Y154.42 E2574.30058
G1 X141.987 Y153.774 E2574.43498
G1 X145.192 Y152.713 E2574.56833
G1 X148.301 Y151.207 E2574.70477
G1 X151.214 Y149.283 E2574.84265
G1 X153.888 Y146.946 E2574.98292
G1 X156.243 Y144.253 E2575.12421
G1 X158.167 Y141.341 E2575.26206
G1 X159.674 Y138.231 E2575.39856
G1 X160.739 Y135.017 E2575.53229
G1 X161.381 Y131.69 E2575.66612
G1 X161.593 Y128.356 E2575.79806
G1 X161.381 Y124.997 E2575.931
G1 X160.737 Y121.673 E2576.06472
G1 X159.675 Y118.462 E2576.1983
G1 X158.165 Y115.346 E2576.33506
G1 X156.257 Y112.456 E2576.47184
G1 X153.872 Y109.726 E2576.61502
G1 X110.027 Y65.782 E2579.06681
G1 X107.585 Y68.301 E2579.20537
G1 X66.136 Y109.806 E2581.52213
G1 X64.927 Y111.094 E2581.5919
G1 X63.827 Y112.431 E2581.66028
G1 X62.823 Y113.829 E2581.72826
G1 X61.915 Y115.282 E2581.79594
G1 X61.103 Y116.799 E2581.8639
G1 X60.397 Y118.351 E2581.93124
G1 X59.795 Y119.945 E2581.99854
G1 X59.305 Y121.563 E2582.06531
G1 X58.914 Y123.233 E2582.13305
G1 X58.634 Y124.925 E2582.20079
G1 X58.463 Y126.648 E2582.26917
G1 X58.405 Y128.392 E2582.33809
G1 X58.432 Y129.246 E2582.37184
G1 X58.462 Y130.134 E2582.40693
G1 X58.632 Y131.855 E2582.47524
G1 X58.912 Y133.552 E2582.54317
G1 X59.298 Y135.206 E2582.61025
G1 X59.8 Y136.863 E2582.67863
G1 X60.398 Y138.444 E2582.7454
G1 X61.103 Y139.997 E2582.81276
G1 X61.914 Y141.511 E2582.88059
G1 X62.815 Y142.954 E2582.94778
G1 X63.818 Y144.353 E2583.01577
G1 X64.925 Y145.699 E2583.08461
G1 X66.114 Y146.969 E2583.15332
G1 X67.424 Y148.201 E2583.22435
G1 X68.795 Y149.322 E2583.29429
G1 X70.22 Y150.335 E2583.36335
G1 X71.696 Y151.24 E2583.43173
G1 X73.222 Y152.04 E2583.49978
G1 X74.796 Y152.738 E2583.56779
G1 X76.38 Y153.318 E2583.63441
G1 X78.011 Y153.797 E2583.70155
G1 X79.676 Y154.175 E2583.76898
G1 X81.329 Y154.438 E2583.83509
G1 X83.008 Y154.597 E2583.9017
G1 X84.695 Y154.652 E2583.96837
G1 X86.377 Y154.598 E2584.03484
G1 X88.057 Y154.438 E2584.10149
G1 X89.725 Y154.169 E2584.16822
G1 X91.376 Y153.794 E2584.23509
G1 X93.004 Y153.315 E2584.30212
G1 X94.601 Y152.726 E2584.36935
G1 X96.166 Y152.031 E2584.43698
G1 X97.69 Y151.233 E2584.50493
G1 X99.168 Y150.327 E2584.5734
G1 X100.596 Y149.316 E2584.6425
G1 X101.967 Y148.199 E2584.71235
G1 X103.298 Y146.957 E2584.78425
G1 X109.218 Y141.147 E2585.11186
G1 X109.645 Y140.889 E2585.13157
G0 F9000 X109.681 Y141.432
G1 F3900 X109.973 Y141.352 E2585.14352
G1 X110.19 Y141.375 E2585.15214
G1 X110.417 Y141.472 E2585.16189
G1 X116.322 Y147.269 E2585.48872
G1 X119.082 Y149.68 E2585.63347
G1 X122.051 Y151.641 E2585.774
G1 X125.222 Y153.178 E2585.91318
G1 X128.499 Y154.263 E2586.04952
G1 X131.89 Y154.917 E2586.18592
G1 X135.289 Y155.133 E2586.32044
G1 X138.71 Y154.917 E2586.45583
G1 X142.113 Y154.259 E2586.59272
G1 X145.381 Y153.177 E2586.72869
G1 X148.548 Y151.643 E2586.86767
G1 X151.517 Y149.681 E2587.00823
G1 X154.242 Y147.3 E2587.15115
G1 X156.642 Y144.557 E2587.29511
G1 X158.603 Y141.589 E2587.43561
G1 X160.138 Y138.42 E2587.57468
G1 X161.224 Y135.143 E2587.71104
G1 X161.878 Y131.754 E2587.84736
G1 X162.094 Y128.356 E2587.98184
G1 X161.878 Y124.933 E2588.1173
G1 X161.222 Y121.547 E2588.25353
G1 X160.139 Y118.273 E2588.38973
G1 X158.601 Y115.099 E2588.52903
G1 X156.655 Y112.153 E2588.66848
G1 X154.238 Y109.384 E2588.81365
G1 X110.019 Y65.065 E2591.28636
G1 X107.231 Y67.947 E2591.44473
G1 X65.777 Y109.458 E2593.76179
G1 X64.552 Y110.764 E2593.83252
G1 X63.431 Y112.126 E2593.90219
G1 X62.407 Y113.55 E2593.97146
G1 X61.483 Y115.032 E2594.04044
G1 X60.654 Y116.577 E2594.10969
G1 X59.935 Y118.159 E2594.17833
G1 X59.322 Y119.784 E2594.24692
G1 X58.822 Y121.433 E2594.31498
G1 X58.423 Y123.135 E2594.38403
G1 X58.138 Y124.859 E2594.45304
G1 X57.963 Y126.615 E2594.52274
G1 X57.905 Y128.392 E2594.59296
G1 X57.932 Y129.262 E2594.62734
G1 X57.962 Y130.167 E2594.66311
G1 X58.136 Y131.92 E2594.73268
G1 X58.421 Y133.65 E2594.80193
G1 X58.815 Y135.335 E2594.87028
G1 X59.327 Y137.024 E2594.93999
G1 X59.936 Y138.636 E2595.00805
G1 X60.654 Y140.218 E2595.07666
G1 X61.481 Y141.762 E2595.14584
G1 X62.399 Y143.233 E2595.21433
G1 X63.422 Y144.658 E2595.28361
G1 X64.549 Y146.029 E2595.35371
G1 X65.76 Y147.323 E2595.42371
G1 X67.094 Y148.577 E2595.49602
G1 X68.491 Y149.72 E2595.56731
G1 X69.944 Y150.752 E2595.6377
G1 X71.449 Y151.675 E2595.70743
G1 X73.004 Y152.491 E2595.77679
G1 X74.609 Y153.202 E2595.84613
G1 X76.224 Y153.793 E2595.91405
G1 X77.885 Y154.282 E2595.98244
G1 X79.581 Y154.666 E2596.05112
G1 X81.266 Y154.935 E2596.11851
G1 X82.977 Y155.097 E2596.18639
G1 X84.695 Y155.152 E2596.25428
G1 X86.409 Y155.098 E2596.32201
G1 X88.12 Y154.934 E2596.3899
G1 X89.82 Y154.66 E2596.45791
G1 X91.502 Y154.278 E2596.52604
G1 X93.161 Y153.79 E2596.59434
G1 X94.789 Y153.189 E2596.66288
G1 X96.384 Y152.482 E2596.73179
G1 X97.937 Y151.668 E2596.80104
G1 X99.444 Y150.745 E2596.87084
G1 X100.899 Y149.714 E2596.94127
G1 X102.296 Y148.576 E2597.01244
G1 X103.643 Y147.318 E2597.08523
G1 X109.547 Y141.524 E2597.41195
G1 X109.681 Y141.432 E2597.41837
G0 F9000 X109.961 Y141.831
;TYPE:WALL-OUTER
G1 F3000 X110.138 Y141.867 E2597.42479
G1 X115.999 Y147.617 E2597.71665
G1 X118.793 Y150.059 E2597.84856
G1 X121.815 Y152.055 E2597.97729
G1 X125.043 Y153.62 E2598.10481
G1 X128.379 Y154.723 E2598.22971
G1 X131.83 Y155.389 E2598.35465
G1 X135.289 Y155.609 E2598.47785
G1 X138.77 Y155.389 E2598.60184
G1 X142.234 Y154.719 E2598.72725
G1 X145.56 Y153.619 E2598.85178
G1 X148.784 Y152.057 E2598.97912
G1 X151.806 Y150.06 E2599.10788
G1 X154.579 Y147.637 E2599.23878
G1 X157.02 Y144.846 E2599.37058
G1 X159.017 Y141.825 E2599.49931
G1 X160.58 Y138.599 E2599.62674
G1 X161.684 Y135.264 E2599.75161
G1 X162.35 Y131.814 E2599.87651
G1 X162.57 Y128.356 E2599.99968
G1 X162.35 Y124.873 E2600.12374
G1 X161.682 Y121.426 E2600.24855
G1 X160.581 Y118.094 E2600.37329
G1 X159.015 Y114.863 E2600.50092
G1 X157.034 Y111.864 E2600.62868
G1 X154.585 Y109.06 E2600.76102
G1 X110.012 Y64.387 E2603.00425
G1 X106.895 Y67.612 E2603.16368
G1 X65.435 Y109.128 E2605.24931
G1 X64.195 Y110.45 E2605.31374
G1 X63.054 Y111.836 E2605.37756
G1 X62.013 Y113.286 E2605.44101
G1 X61.071 Y114.793 E2605.50418
G1 X60.228 Y116.366 E2605.56762
G1 X59.496 Y117.977 E2605.63052
G1 X58.872 Y119.631 E2605.69336
G1 X58.363 Y121.31 E2605.75573
G1 X57.957 Y123.042 E2605.81896
G1 X57.667 Y124.797 E2605.88219
G1 X57.489 Y126.583 E2605.94599
G1 X57.43 Y128.392 E2606.01033
G1 X57.457 Y129.277 E2606.04181
G1 X57.488 Y130.198 E2606.07456
G1 X57.665 Y131.982 E2606.13829
G1 X57.955 Y133.743 E2606.20173
G1 X58.356 Y135.458 E2606.26434
G1 X58.877 Y137.177 E2606.32819
G1 X59.497 Y138.818 E2606.39054
G1 X60.228 Y140.429 E2606.45343
G1 X61.069 Y142 E2606.51677
G1 X62.005 Y143.497 E2606.57953
G1 X63.045 Y144.947 E2606.64296
G1 X64.192 Y146.342 E2606.70716
G1 X65.424 Y147.658 E2606.77124
G1 X66.781 Y148.934 E2606.83745
G1 X68.203 Y150.098 E2606.90277
G1 X69.682 Y151.149 E2606.96727
G1 X71.215 Y152.089 E2607.03119
G1 X72.797 Y152.919 E2607.0947
G1 X74.431 Y153.643 E2607.15823
G1 X76.075 Y154.245 E2607.22046
G1 X77.765 Y154.742 E2607.28308
G1 X79.491 Y155.132 E2607.34598
G1 X81.206 Y155.406 E2607.40771
G1 X82.947 Y155.571 E2607.46988
G1 X84.695 Y155.627 E2607.53205
G1 X86.439 Y155.572 E2607.59407
G1 X88.181 Y155.405 E2607.65628
G1 X89.911 Y155.127 E2607.71856
G1 X91.622 Y154.738 E2607.78093
G1 X93.311 Y154.241 E2607.84352
G1 X94.968 Y153.63 E2607.90629
G1 X96.591 Y152.91 E2607.96941
G1 X98.171 Y152.082 E2608.03282
G1 X99.706 Y151.142 E2608.0968
G1 X101.186 Y150.092 E2608.16131
G1 X102.609 Y148.934 E2608.22652
G1 X103.972 Y147.661 E2608.29282
G1 X109.855 Y141.886 E2608.58586
G1 X109.961 Y141.831 E2608.5901
G0 F9000 X110.138 Y141.867
G0 X110.152 Y141.881
G0 X110.645 Y141.38
G0 X110.455 Y140.683
;TYPE:FILL
G1 F3600 X73.027 Y103.255 E2613.35665
G0 F9000 X74.034 Y102.247
G1 F3600 X123.103 Y151.317 E2619.60577
G0 F9000 X126.667 Y152.865
G1 F3600 X75.041 Y101.239 E2626.18047
G0 F9000 X76.047 Y100.23
G1 F3600 X129.509 Y153.692 E2632.98899
G0 F9000 X132.002 Y154.17
G1 F3600 X77.054 Y99.222 E2639.98676
G0 F9000 X78.061 Y98.214
G1 F3600 X134.155 Y154.307 E2647.13041
G0 F9000 X136.185 Y154.323
G1 F3600 X79.068 Y97.205 E2654.40446
G0 F9000 X80.075 Y96.197
G1 F3600 X138.08 Y154.203 E2661.79161
G0 F9000 X139.828 Y153.935
G1 F3600 X81.082 Y95.189 E2669.27306
G0 F9000 X82.089 Y94.18
G1 F3600 X141.517 Y153.609 E2676.84143
G0 F9000 X143.073 Y153.15
G1 F3600 X83.096 Y93.172 E2684.47971
G0 F9000 X84.103 Y92.164
G1 F3600 X144.587 Y152.648 E2692.1825
G0 F9000 X145.998 Y152.044
G1 F3600 X85.11 Y91.155 E2699.9368
G0 F9000 X86.117 Y90.147
G1 F3600 X147.356 Y151.386 E2707.73574
G0 F9000 X148.657 Y150.672
G1 F3600 X87.124 Y89.139 E2715.57212
G0 F9000 X88.13 Y88.13
G1 F3600 X149.869 Y149.869 E2723.43474
G0 F9000 X151.08 Y149.065
G1 F3600 X89.137 Y87.122 E2731.32333
G0 F9000 X90.145 Y86.114
G1 F3600 X152.155 Y148.125 E2739.22053
G0 F9000 X153.232 Y147.186
G1 F3600 X91.152 Y85.106 E2747.12657
G0 F9000 X92.159 Y84.098
G1 F3600 X154.233 Y146.172 E2755.03185
G0 F9000 X155.173 Y145.096
G1 F3600 X93.166 Y83.089 E2762.9286
G0 F9000 X94.173 Y82.081
G1 F3600 X156.103 Y144.011 E2770.81554
G0 F9000 X156.904 Y142.798
G1 F3600 X95.18 Y81.073 E2778.6763
G0 F9000 X96.187 Y80.064
G1 F3600 X157.707 Y141.585 E2786.51109
G0 F9000 X158.408 Y140.27
G1 F3600 X97.193 Y79.056 E2794.30691
G0 F9000 X98.2 Y78.048
G1 F3600 X159.065 Y138.913 E2802.05822
G0 F9000 X159.656 Y137.489
G1 F3600 X99.207 Y77.039 E2809.75662
G0 F9000 X100.214 Y76.031
G1 F3600 X160.158 Y135.975 E2817.39064
G0 F9000 X160.603 Y134.404
G1 F3600 X101.221 Y75.023 E2824.95302
G0 F9000 X102.228 Y74.014
G1 F3600 X160.928 Y132.714 E2832.42861
G0 F9000 X161.176 Y130.947
G1 F3600 X103.235 Y73.006 E2839.80754
G0 F9000 X104.242 Y71.998
G1 F3600 X161.297 Y129.053 E2847.07364
G0 F9000 X161.255 Y126.996
G1 F3600 X105.249 Y70.989 E2854.20621
G0 F9000 X106.256 Y69.981
G1 F3600 X161.09 Y124.816 E2861.18952
G0 F9000 X160.606 Y122.316
G1 F3600 X107.263 Y68.973 E2867.98288
G0 F9000 X108.263 Y67.958
G1 F3600 X159.729 Y119.423 E2874.53714
G0 F9000 X158.093 Y115.773
G1 F3600 X109.255 Y66.935 E2880.75678
G1 F2400 E2878.75678
G0 F9000 X72.02 Y104.264
G1 F1200 E2880.75678
G1 F3600 X108.881 Y141.125 E2885.45112
G0 F9000 X107.864 Y142.124
G1 F3600 X71.013 Y105.272 E2890.14425
G0 F9000 X70.006 Y106.28
G1 F3600 X106.847 Y143.121 E2894.83605
G0 F9000 X105.829 Y144.119
G1 F3600 X68.999 Y107.289 E2899.52644
G0 F9000 X67.992 Y108.297
G1 F3600 X104.812 Y145.117 E2904.21556
G0 F9000 X103.795 Y146.115
G1 F3600 X66.985 Y109.305 E2908.9034
G0 F9000 X65.987 Y110.322
G1 F3600 X102.769 Y147.105 E2913.58775
G0 F9000 X101.723 Y148.074
G1 F3600 X65.02 Y111.371 E2918.26197
G0 F9000 X64.11 Y112.476
G1 F3600 X100.612 Y148.978 E2922.91059
G0 F9000 X99.442 Y149.823
G1 F3600 X63.262 Y113.643 E2927.5182
G0 F9000 X62.469 Y114.865
G1 F3600 X98.217 Y150.614 E2932.07086
G0 F9000 X96.934 Y151.346
G1 F3600 X61.734 Y116.146 E2936.55367
G0 F9000 X61.062 Y117.49
G1 F3600 X95.586 Y152.013 E2940.95032
G0 F9000 X94.173 Y152.615
G1 F3600 X60.456 Y118.898 E2945.24427
G0 F9000 X59.923 Y120.38
G1 F3600 X92.688 Y153.145 E2949.41697
G0 F9000 X91.122 Y153.594
G1 F3600 X59.472 Y121.945 E2953.44762
G0 F9000 X59.107 Y123.595
G1 F3600 X89.468 Y153.956 E2957.31416
G0 F9000 X87.714 Y154.217
G1 F3600 X58.842 Y125.345 E2960.99109
G0 F9000 X58.693 Y127.212
G1 F3600 X85.845 Y154.364 E2964.44896
G0 F9000 X83.839 Y154.373
G1 F3600 X58.681 Y129.215 E2967.6529
G0 F9000 X58.836 Y131.386
G1 F3600 X81.669 Y154.218 E2970.56067
G0 F9000 X79.258 Y153.822
G1 F3600 X59.224 Y133.788 E2973.11205
G0 F9000 X59.964 Y136.544
G1 F3600 X76.518 Y153.097 E2975.22018
G0 F9000 X73.096 Y151.691
G1 F3600 X61.369 Y139.964 E2976.71364
G1 F2400 E2974.71364
;MESH:NONMESH
G0 F600 X61.369 Y139.964 Z2.08
G0 F9000 X109.645 Y140.889
;TIME_ELAPSED:2495.376844
;LAYER:9
;TYPE:WALL-INNER
;MESH:PictureFrame_photo_support.stl
G1 F1200 E2976.71364
G1 F3900 X110.01 Y140.851 E2976.72814
G1 X110.383 Y140.911 E2976.74306
G1 X110.711 Y141.062 E2976.75732
G1 X116.662 Y146.902 E2977.08664
G1 X119.385 Y149.282 E2977.22948
G1 X122.298 Y151.205 E2977.36734
G1 X125.411 Y152.714 E2977.50397
G1 X128.626 Y153.778 E2977.63773
G1 X131.954 Y154.42 E2977.7716
G1 X135.289 Y154.632 E2977.90358
G1 X138.646 Y154.42 E2978.03644
G1 X141.987 Y153.774 E2978.17084
G1 X145.192 Y152.713 E2978.30418
G1 X148.301 Y151.207 E2978.44062
G1 X151.214 Y149.283 E2978.5785
G1 X153.888 Y146.946 E2978.71877
G1 X156.243 Y144.253 E2978.86007
G1 X158.167 Y141.341 E2978.99792
G1 X159.674 Y138.231 E2979.13441
G1 X160.739 Y135.017 E2979.26814
G1 X161.381 Y131.69 E2979.40197
G1 X161.593 Y128.356 E2979.53392
G1 X161.381 Y124.997 E2979.66685
G1 X160.737 Y121.673 E2979.80058
G1 X159.675 Y118.462 E2979.93416
G1 X158.165 Y115.346 E2980.07092
G1 X156.257 Y112.456 E2980.20769
G1 X153.872 Y109.726 E2980.35087
G1 X110.027 Y65.782 E2982.80266
G1 X107.585 Y68.301 E2982.94123
G1 X66.136 Y109.806 E2985.25798
G1 X64.927 Y111.094 E2985.32775
G1 X63.827 Y112.431 E2985.39614
G1 X62.823 Y113.829 E2985.46412
G1 X61.915 Y115.282 E2985.53179
G1 X61.103 Y116.799 E2985.59975
G1 X60.397 Y118.351 E2985.66709
G1 X59.795 Y119.945 E2985.73439
G1 X59.305 Y121.563 E2985.80116
G1 X58.914 Y123.233 E2985.8689
G1 X58.634 Y124.925 E2985.93664
G1 X58.463 Y126.648 E2986.00502
G1 X58.405 Y128.392 E2986.07394
G1 X58.462 Y130.134 E2986.14278
G1 X58.632 Y131.855 E2986.21109
G1 X58.912 Y133.552 E2986.27902
G1 X59.298 Y135.206 E2986.3461
G1 X59.8 Y136.863 E2986.41449
G1 X60.398 Y138.444 E2986.48125
G1 X61.103 Y139.997 E2986.54861
G1 X61.914 Y141.511 E2986.61645
G1 X62.815 Y142.954 E2986.68364
G1 X63.818 Y144.353 E2986.75163
G1 X64.925 Y145.699 E2986.82046
G1 X66.114 Y146.969 E2986.88917
G1 X67.424 Y148.201 E2986.9602
G1 X68.795 Y149.322 E2987.03014
G1 X70.22 Y150.335 E2987.0992
G1 X71.696 Y151.24 E2987.16758
G1 X73.222 Y152.04 E2987.23563
G1 X74.796 Y152.738 E2987.30364
G1 X76.38 Y153.318 E2987.37026
G1 X78.011 Y153.797 E2987.4374
G1 X79.676 Y154.175 E2987.50484
G1 X81.329 Y154.438 E2987.57095
G1 X83.008 Y154.597 E2987.63756
G1 X84.695 Y154.652 E2987.70422
G1 X86.377 Y154.598 E2987.77069
G1 X88.057 Y154.438 E2987.83734
G1 X89.725 Y154.169 E2987.90407
G1 X91.376 Y153.794 E2987.97094
G1 X93.004 Y153.315 E2988.03797
G1 X94.601 Y152.726 E2988.1052
G1 X96.166 Y152.031 E2988.17283
G1 X97.69 Y151.233 E2988.24078
G1 X99.168 Y150.327 E2988.30925
G1 X100.596 Y149.316 E2988.37835
G1 X101.967 Y148.199 E2988.4482
G1 X103.298 Y146.957 E2988.5201
G1 X109.218 Y141.147 E2988.84771
G1 X109.645 Y140.889 E2988.86742
G0 F9000 X109.681 Y141.432
G1 F3900 X109.973 Y141.352 E2988.87938
G1 X110.19 Y141.375 E2988.88799
G1 X110.417 Y141.472 E2988.89774
G1 X116.322 Y147.269 E2989.22457
G1 X119.082 Y149.68 E2989.36932
G1 X122.051 Y151.641 E2989.50985
G1 X125.222 Y153.178 E2989.64903
G1 X128.499 Y154.263 E2989.78537
G1 X131.89 Y154.917 E2989.92177
G1 X135.289 Y155.133 E2990.05629
G1 X138.71 Y154.917 E2990.19168
G1 X142.113 Y154.259 E2990.32857
G1 X145.381 Y153.177 E2990.46454
G1 X148.548 Y151.643 E2990.60353
G1 X151.517 Y149.681 E2990.74408
G1 X154.242 Y147.3 E2990.88701
G1 X156.642 Y144.557 E2991.03096
G1 X158.603 Y141.589 E2991.17146
G1 X160.138 Y138.42 E2991.31054
G1 X161.224 Y135.143 E2991.44689
G1 X161.878 Y131.754 E2991.58321
G1 X162.094 Y128.356 E2991.71769
G1 X161.878 Y124.933 E2991.85316
G1 X161.222 Y121.547 E2991.98938
G1 X160.139 Y118.273 E2992.12558
G1 X158.601 Y115.099 E2992.26488
G1 X156.655 Y112.153 E2992.40433
G1 X154.238 Y109.384 E2992.5495
G1 X110.019 Y65.065 E2995.02221
G1 X107.231 Y67.947 E2995.18058
G1 X65.777 Y109.458 E2997.49765
G1 X64.552 Y110.764 E2997.56837
G1 X63.431 Y112.126 E2997.63804
G1 X62.407 Y113.55 E2997.70731
G1 X61.483 Y115.032 E2997.77629
G1 X60.654 Y116.577 E2997.84554
G1 X59.935 Y118.159 E2997.91418
G1 X59.322 Y119.784 E2997.98277
G1 X58.822 Y121.433 E2998.05083
G1 X58.423 Y123.135 E2998.11988
G1 X58.138 Y124.859 E2998.18889
G1 X57.963 Y126.615 E2998.25859
G1 X57.905 Y128.392 E2998.32882
G1 X57.962 Y130.167 E2998.39896
G1 X58.136 Y131.92 E2998.46853
G1 X58.421 Y133.65 E2998.53778
G1 X58.815 Y135.335 E2998.60613
G1 X59.327 Y137.024 E2998.67584
G1 X59.936 Y138.636 E2998.7439
G1 X60.654 Y140.218 E2998.81252
G1 X61.481 Y141.762 E2998.8817
G1 X62.399 Y143.233 E2998.95018
G1 X63.422 Y144.658 E2999.01946
G1 X64.549 Y146.029 E2999.08956
G1 X65.76 Y147.323 E2999.15956
G1 X67.094 Y148.577 E2999.23187
G1 X68.491 Y149.72 E2999.30316
G1 X69.944 Y150.752 E2999.37355
G1 X71.449 Y151.675 E2999.44328
G1 X73.004 Y152.491 E2999.51264
G1 X74.609 Y153.202 E2999.58198
G1 X76.224 Y153.793 E2999.6499
G1 X77.885 Y154.282 E2999.71829
G1 X79.581 Y154.666 E2999.78697
G1 X81.266 Y154.935 E2999.85436
G1 X82.977 Y155.097 E2999.92224
G1 X84.695 Y155.152 E2999.99013
G1 X86.409 Y155.098 E3000.05786
G1 X88.12 Y154.934 E3000.12575
G1 X89.82 Y154.66 E3000.19376
G1 X91.502 Y154.278 E3000.26189
G1 X93.161 Y153.79 E3000.33019
G1 X94.789 Y153.189 E3000.39873
G1 X96.384 Y152.482 E3000.46764
G1 X97.937 Y151.668 E3000.53689
G1 X99.444 Y150.745 E3000.60669
G1 X100.899 Y149.714 E3000.67712
G1 X102.296 Y148.576 E3000.74829
G1 X103.643 Y147.318 E3000.82108
G1 X109.547 Y141.524 E3001.1478
G1 X109.681 Y141.432 E3001.15422
G0 F9000 X109.961 Y141.831
;TYPE:WALL-OUTER
G1 F3000 X110.138 Y141.867 E3001.16064
G1 X115.999 Y147.617 E3001.4525
G1 X118.793 Y150.059 E3001.58441
G1 X121.815 Y152.055 E3001.71315
G1 X125.043 Y153.62 E3001.84067
G1 X128.379 Y154.723 E3001.96556
G1 X131.83 Y155.389 E3002.0905
G1 X135.289 Y155.609 E3002.2137
G1 X138.77 Y155.389 E3002.33769
G1 X142.234 Y154.719 E3002.4631
G1 X145.56 Y153.619 E3002.58763
G1 X148.784 Y152.057 E3002.71498
G1 X151.806 Y150.06 E3002.84373
G1 X154.579 Y147.637 E3002.97463
G1 X157.02 Y144.846 E3003.10644
G1 X159.017 Y141.825 E3003.23516
G1 X160.58 Y138.599 E3003.36259
G1 X161.684 Y135.264 E3003.48746
G1 X162.35 Y131.814 E3003.61236
G1 X162.57 Y128.356 E3003.73553
G1 X162.35 Y124.873 E3003.85959
G1 X161.682 Y121.426 E3003.9844
G1 X160.581 Y118.094 E3004.10914
G1 X159.015 Y114.863 E3004.23677
G1 X157.034 Y111.864 E3004.36453
G1 X154.585 Y109.06 E3004.49687
G1 X110.012 Y64.387 E3006.7401
G1 X106.895 Y67.612 E3006.89953
G1 X65.435 Y109.128 E3008.98517
G1 X64.195 Y110.45 E3009.0496
G1 X63.054 Y111.836 E3009.11341
G1 X62.013 Y113.286 E3009.17686
G1 X61.071 Y114.793 E3009.24003
G1 X60.228 Y116.366 E3009.30347
G1 X59.496 Y117.977 E3009.36637
G1 X58.872 Y119.631 E3009.42921
G1 X58.363 Y121.31 E3009.49158
G1 X57.957 Y123.042 E3009.55481
G1 X57.667 Y124.797 E3009.61804
G1 X57.489 Y126.583 E3009.68185
G1 X57.43 Y128.392 E3009.74618
G1 X57.488 Y130.198 E3009.81041
G1 X57.665 Y131.982 E3009.87414
G1 X57.955 Y133.743 E3009.93758
G1 X58.356 Y135.458 E3010.00019
G1 X58.877 Y137.177 E3010.06404
G1 X59.497 Y138.818 E3010.1264
G1 X60.228 Y140.429 E3010.18928
G1 X61.069 Y142 E3010.25262
G1 X62.005 Y143.497 E3010.31538
G1 X63.045 Y144.947 E3010.37881
G1 X64.192 Y146.342 E3010.44301
G1 X65.424 Y147.658 E3010.50709
G1 X66.781 Y148.934 E3010.5733
G1 X68.203 Y150.098 E3010.63862
G1 X69.682 Y151.149 E3010.70312
G1 X71.215 Y152.089 E3010.76704
G1 X72.797 Y152.919 E3010.83055
G1 X74.431 Y153.643 E3010.89408
G1 X76.075 Y154.245 E3010.95631
G1 X77.765 Y154.742 E3011.01893
G1 X79.491 Y155.132 E3011.08183
G1 X81.206 Y155.406 E3011.14356
G1 X82.947 Y155.571 E3011.20573
G1 X84.695 Y155.627 E3011.2679
G1 X86.439 Y155.572 E3011.32992
G1 X88.181 Y155.405 E3011.39213
G1 X89.911 Y155.127 E3011.45441
G1 X91.622 Y154.738 E3011.51678
G1 X93.311 Y154.241 E3011.57937
G1 X94.968 Y153.63 E3011.64215
G1 X96.591 Y152.91 E3011.70526
G1 X98.171 Y152.082 E3011.76867
G1 X99.706 Y151.142 E3011.83265
G1 X101.186 Y150.092 E3011.89716
G1 X102.609 Y148.934 E3011.96237
G1 X103.972 Y147.661 E3012.02867
G1 X109.855 Y141.886 E3012.32171
G1 X109.961 Y141.831 E3012.32595
G0 F9000 X110.138 Y141.867
G0 X110.152 Y141.881
G1 F2400 E3010.32595
G0 F9000 X110.645 Y141.38
G0 X119.513 Y149.113
G0 X122.403 Y151.022
G0 X125.49 Y152.519
G0 X128.679 Y153.573
G0 X131.981 Y154.21
G0 X135.289 Y154.422
G0 X138.619 Y154.21
G0 X141.934 Y153.57
G0 X145.113 Y152.518
G0 X148.196 Y151.024
G0 X151.086 Y149.114
G0 X153.739 Y146.797
G0 X156.075 Y144.126
G0 X157.984 Y141.237
G0 X159.479 Y138.152
G0 X160.535 Y134.964
G0 X161.171 Y131.663
G0 X161.383 Y128.356
G0 X161.171 Y125.024
G0 X160.533 Y121.726
G0 X159.48 Y118.541
G0 X157.982 Y115.451
G0 X156.088 Y112.584
G0 X153.955 Y110.142
G0 X110.118 Y66.085
G1 F1200 E3012.32595
G0 F9000 X110.031 Y66.171
;TYPE:SKIN
G1 F2700 X107.797 Y68.476 E3012.39695
G1 X66.332 Y109.996 E3013.69482
G1 X65.133 Y111.274 E3013.73358
G1 X64.043 Y112.599 E3013.77153
G1 X63.051 Y113.981 E3013.80915
G1 X62.152 Y115.421 E3013.8467
G1 X61.348 Y116.921 E3013.88434
G1 X60.65 Y118.457 E3013.92166
G1 X60.054 Y120.032 E3013.95891
G1 X59.571 Y121.635 E3013.99593
G1 X59.182 Y123.287 E3014.03347
G1 X58.905 Y124.962 E3014.07102
G1 X58.735 Y126.665 E3014.10888
G1 X58.679 Y128.393 E3014.14712
G1 X58.705 Y129.236 E3014.16577
G1 X58.734 Y130.115 E3014.18522
G1 X58.903 Y131.819 E3014.2231
G1 X59.18 Y133.496 E3014.26069
G1 X59.564 Y135.134 E3014.2979
G1 X60.058 Y136.771 E3014.33572
G1 X60.651 Y138.337 E3014.37276
G1 X61.348 Y139.875 E3014.41011
G1 X62.15 Y141.372 E3014.44767
G1 X63.043 Y142.802 E3014.48496
G1 X64.035 Y144.184 E3014.52259
G1 X65.131 Y145.517 E3014.56076
G1 X66.308 Y146.777 E3014.59889
G1 X67.604 Y147.996 E3014.63825
G1 X68.96 Y149.104 E3014.67698
G1 X70.369 Y150.105 E3014.71521
G1 X71.831 Y151.002 E3014.75314
G1 X73.341 Y151.793 E3014.79085
G1 X74.899 Y152.485 E3014.82855
G1 X76.466 Y153.059 E3014.86546
G1 X78.078 Y153.531 E3014.90261
G1 X79.728 Y153.906 E3014.94004
G1 X81.362 Y154.167 E3014.97664
G1 X83.027 Y154.325 E3015.01363
G1 X84.696 Y154.378 E3015.05056
G1 X86.358 Y154.326 E3015.08734
G1 X88.02 Y154.167 E3015.12427
G1 X89.67 Y153.9 E3015.16124
G1 X91.307 Y153.528 E3015.19837
G1 X92.905 Y153.058 E3015.23521
G1 X94.498 Y152.472 E3015.27275
G1 X96.048 Y151.784 E3015.31026
G1 X97.554 Y150.996 E3015.34786
G1 X99.017 Y150.099 E3015.38581
G1 X100.429 Y149.098 E3015.42409
G1 X101.786 Y147.992 E3015.46281
G1 X103.109 Y146.758 E3015.50283
G1 X109.04 Y140.939 E3015.68661
G1 X109.313 Y140.751 E3015.69394
G1 X109.706 Y140.608 E3015.70319
G1 X110.012 Y140.577 E3015.70999
G1 X110.438 Y140.641 E3015.71952
G1 X110.703 Y140.751 E3015.72586
G1 X110.95 Y140.912 E3015.73239
G1 X116.847 Y146.701 E3015.91516
G1 X119.551 Y149.063 E3015.99457
G1 X122.433 Y150.967 E3016.07097
G1 X125.508 Y152.46 E3016.14658
G1 X128.708 Y153.517 E3016.22111
G1 X131.99 Y154.147 E3016.29503
G1 X135.29 Y154.358 E3016.36817
G1 X138.609 Y154.147 E3016.44173
G1 X141.905 Y153.512 E3016.51597
G1 X145.095 Y152.459 E3016.59027
G1 X148.166 Y150.969 E3016.66577
G1 X151.048 Y149.064 E3016.74218
G1 X153.695 Y146.752 E3016.81991
G1 X156.027 Y144.086 E3016.89825
G1 X157.929 Y141.207 E3016.97457
G1 X159.42 Y138.134 E3017.05012
G1 X160.479 Y134.935 E3017.12465
G1 X161.108 Y131.654 E3017.19854
G1 X161.319 Y128.353 E3017.2717
G1 X161.108 Y125.031 E3017.34533
G1 X160.475 Y121.755 E3017.41913
G1 X159.421 Y118.559 E3017.49356
G1 X157.927 Y115.481 E3017.56923
G1 X156.037 Y112.621 E3017.64506
G1 X153.672 Y109.914 E3017.72456
G1 X110.031 Y66.171 E3019.09123
G1 F2400 E3017.09123
G0 F9000 X110.118 Y66.085
G0 X153.718 Y109.87
G0 X156.088 Y112.584
G0 X157.982 Y115.451
G0 X159.48 Y118.541
G0 X160.533 Y121.726
G0 X161.263 Y125.521
G1 F1200 E3019.09123
G0 F9000 X161 Y125.537
G1 F2700 X161 Y131.152 E3019.21542
G0 F9000 X161.262 Y131.169
G0 X160.978 Y132.984
G0 X160.72 Y132.935
G1 F2700 X160.72 Y123.761 E3019.41833
G0 F9000 X160.98 Y123.712
G0 X160.699 Y122.263
G0 X160.44 Y122.313
G1 F2700 X160.44 Y134.395 E3019.68556
G0 F9000 X160.696 Y134.444
G0 X160.408 Y135.536
G0 X160.16 Y135.453
G1 F2700 X160.16 Y121.248 E3019.99975
G0 F9000 X159.88 Y120.399
G1 F2700 X159.88 Y136.299 E3020.35142
G0 F9000 X159.6 Y137.145
G1 F2700 X159.6 Y119.55 E3020.74059
G0 F9000 X159.32 Y118.7
G1 F2700 X159.32 Y137.991 E3021.16727
G0 F9000 X159.04 Y138.597
G1 F2700 X159.04 Y118.095 E3021.62073
G0 F9000 X158.76 Y117.518
G1 F2700 X158.76 Y139.174 E3022.09972
G0 F9000 X158.48 Y139.751
G1 F2700 X158.48 Y116.941 E3022.60423
G0 F9000 X158.2 Y116.364
G1 F2700 X158.2 Y140.328 E3023.13426
G0 F9000 X157.92 Y140.906
G1 F2700 X157.92 Y115.787 E3023.68985
G0 F9000 X157.64 Y115.301
G1 F2700 X157.64 Y141.391 E3024.2669
G0 F9000 X157.36 Y141.815
G1 F2700 X157.36 Y114.877 E3024.86272
G0 F9000 X157.08 Y114.454
G1 F2700 X157.08 Y142.239 E3025.47727
G0 F9000 X156.8 Y142.662
G1 F2700 X156.8 Y114.03 E3026.11055
G0 F9000 X156.52 Y113.607
G1 F2700 X156.52 Y143.086 E3026.76257
G0 F9000 X156.24 Y143.51
G1 F2700 X156.24 Y113.183 E3027.43334
G0 F9000 X155.96 Y112.759
G1 F2700 X155.96 Y143.933 E3028.12284
G0 F9000 X155.68 Y144.27
G1 F2700 X155.68 Y112.426 E3028.82717
G0 F9000 X155.4 Y112.105
G1 F2700 X155.4 Y144.59 E3029.54567
G0 F9000 X155.12 Y144.911
G1 F2700 X155.12 Y111.785 E3030.27835
G0 F9000 X154.84 Y111.464
G1 F2700 X154.84 Y145.231 E3031.02521
G0 F9000 X154.56 Y145.551
G1 F2700 X154.56 Y111.144 E3031.78623
G0 F9000 X154.28 Y110.823
G1 F2700 X154.28 Y145.871 E3032.56142
G0 F9000 X154 Y146.191
G1 F2700 X154 Y110.503 E3033.35076
G0 F9000 X153.72 Y110.182
G1 F2700 X153.72 Y146.512 E3034.15431
G0 F9000 X153.44 Y146.79
G1 F2700 X153.44 Y109.88 E3034.97068
G0 F9000 X153.16 Y109.6
G1 F2700 X153.16 Y147.034 E3035.79865
G0 F9000 X152.88 Y147.279
G1 F2700 X152.88 Y109.319 E3036.63825
G0 F9000 X152.6 Y109.038
G1 F2700 X152.6 Y147.523 E3037.48946
G0 F9000 X152.32 Y147.768
G1 F2700 X152.32 Y108.758 E3038.35228
G0 F9000 X152.04 Y108.477
G1 F2700 X152.04 Y148.012 E3039.22672
G0 F9000 X151.76 Y148.257
G1 F2700 X151.76 Y108.196 E3040.11279
G0 F9000 X151.48 Y107.916
G1 F2700 X151.48 Y148.501 E3041.01044
G0 F9000 X151.2 Y148.746
G1 F2700 X151.2 Y107.635 E3041.91974
G0 F9000 X150.92 Y107.354
G1 F2700 X150.92 Y148.981 E3042.84044
G0 F9000 X150.64 Y149.166
G1 F2700 X150.64 Y107.074 E3043.77143
G0 F9000 X150.36 Y106.793
G1 F2700 X150.36 Y149.351 E3044.71273
G0 F9000 X150.08 Y149.536
G1 F2700 X150.08 Y106.512 E3045.66433
G0 F9000 X149.8 Y106.232
G1 F2700 X149.8 Y149.721 E3046.62622
G0 F9000 X149.52 Y149.907
G1 F2700 X149.52 Y105.951 E3047.59844
G0 F9000 X149.24 Y105.67
G1 F2700 X149.24 Y150.092 E3048.58097
G0 F9000 X148.96 Y150.277
G1 F2700 X148.96 Y105.39 E3049.57378
G0 F9000 X148.68 Y105.109
G1 F2700 X148.68 Y150.462 E3050.5769
G0 F9000 X148.4 Y150.647
G1 F2700 X148.4 Y104.829 E3051.5903
G0 F9000 X148.12 Y104.548
G1 F2700 X148.12 Y150.832 E3052.61401
G0 F9000 X147.84 Y150.972
G1 F2700 X147.84 Y104.267 E3053.64703
G0 F9000 X147.56 Y103.987
G1 F2700 X147.56 Y151.108 E3054.68925
G0 F9000 X147.28 Y151.244
G1 F2700 X147.28 Y103.706 E3055.74069
G0 F9000 X147 Y103.425
G1 F2700 X147 Y151.38 E3056.80136
G0 F9000 X146.72 Y151.515
G1 F2700 X146.72 Y103.145 E3057.87121
G0 F9000 X146.44 Y102.864
G1 F2700 X146.44 Y151.651 E3058.95028
G0 F9000 X146.16 Y151.787
G1 F2700 X146.16 Y102.583 E3060.03857
G0 F9000 X145.88 Y102.303
G1 F2700 X145.88 Y151.923 E3061.13607
G0 F9000 X145.6 Y152.059
G1 F2700 X145.6 Y102.022 E3062.24279
G0 F9000 X145.32 Y101.741
G1 F2700 X145.32 Y152.195 E3063.35873
G0 F9000 X145.04 Y152.33
G1 F2700 X145.04 Y101.461 E3064.48385
G0 F9000 X144.76 Y101.18
G1 F2700 X144.76 Y152.423 E3065.61724
G0 F9000 X144.48 Y152.515
G1 F2700 X144.48 Y100.899 E3066.75888
G0 F9000 X144.2 Y100.619
G1 F2700 X144.2 Y152.607 E3067.90875
G0 F9000 X143.92 Y152.7
G1 F2700 X143.92 Y100.338 E3069.06689
G0 F9000 X143.64 Y100.057
G1 F2700 X143.64 Y152.792 E3070.23329
G0 F9000 X143.36 Y152.885
G1 F2700 X143.36 Y99.777 E3071.40793
G0 F9000 X143.08 Y99.496
G1 F2700 X143.08 Y152.977 E3072.59082
G0 F9000 X142.8 Y153.07
G1 F2700 X142.8 Y99.216 E3073.78196
G0 F9000 X142.52 Y98.935
G1 F2700 X142.52 Y153.162 E3074.98135
G0 F9000 X142.24 Y153.254
G1 F2700 X142.24 Y98.654 E3076.189
G0 F9000 X141.96 Y98.374
G1 F2700 X141.96 Y153.347 E3077.40489
G0 F9000 X141.68 Y153.413
G1 F2700 X141.68 Y98.093 E3078.62846
G0 F9000 X141.4 Y97.812
G1 F2700 X141.4 Y153.467 E3079.85943
G0 F9000 X141.12 Y153.521
G1 F2700 X141.12 Y97.532 E3081.0978
G0 F9000 X140.84 Y97.251
G1 F2700 X140.84 Y153.575 E3082.34357
G0 F9000 X140.56 Y153.629
G1 F2700 X140.56 Y96.97 E3083.59675
G0 F9000 X140.28 Y96.69
G1 F2700 X140.28 Y153.683 E3084.85732
G0 F9000 X140 Y153.737
G1 F2700 X140 Y96.409 E3086.1253
G0 F9000 X139.72 Y96.128
G1 F2700 X139.72 Y153.791 E3087.40069
G0 F9000 X139.44 Y153.845
G1 F2700 X139.44 Y95.848 E3088.68347
G0 F9000 X139.16 Y95.567
G1 F2700 X139.16 Y153.899 E3089.97366
G0 F9000 X138.88 Y153.953
G1 F2700 X138.88 Y95.286 E3091.27125
G0 F9000 X138.6 Y95.006
G1 F2700 X138.6 Y154.007 E3092.57624
G0 F9000 X138.32 Y154.026
G1 F2700 X138.32 Y94.725 E3093.88786
G0 F9000 X138.04 Y94.444
G1 F2700 X138.04 Y154.044 E3095.20609
G0 F9000 X137.76 Y154.061
G1 F2700 X137.76 Y94.164 E3096.53089
G0 F9000 X137.48 Y93.883
G1 F2700 X137.48 Y154.079 E3097.8623
G0 F9000 X137.2 Y154.097
G1 F2700 X137.2 Y93.603 E3099.20031
G0 F9000 X136.92 Y93.322
G1 F2700 X136.92 Y154.115 E3100.54493
G0 F9000 X136.64 Y154.133
G1 F2700 X136.64 Y93.041 E3101.89616
G0 F9000 X136.36 Y92.761
G1 F2700 X136.36 Y154.15 E3103.25396
G0 F9000 X136.08 Y154.168
G1 F2700 X136.08 Y92.48 E3104.61838
G0 F9000 X135.8 Y92.199
G1 F2700 X135.8 Y154.186 E3105.9894
G0 F9000 X135.52 Y154.204
G1 F2700 X135.52 Y91.919 E3107.36702
G0 F9000 X135.24 Y91.638
G1 F2700 X135.24 Y154.214 E3108.75108
G0 F9000 X134.96 Y154.196
G1 F2700 X134.96 Y91.357 E3110.14095
G0 F9000 X134.68 Y91.077
G1 F2700 X134.68 Y154.178 E3111.53662
G0 F9000 X134.4 Y154.161
G1 F2700 X134.4 Y90.796 E3112.93813
G0 F9000 X134.12 Y90.515
G1 F2700 X134.12 Y154.143 E3114.34545
G0 F9000 X133.84 Y154.125
G1 F2700 X133.84 Y90.235 E3115.75857
G0 F9000 X133.56 Y89.954
G1 F2700 X133.56 Y154.107 E3117.1775
G0 F9000 X133.28 Y154.089
G1 F2700 X133.28 Y89.673 E3118.60225
G0 F9000 X133 Y89.393
G1 F2700 X133 Y154.071 E3120.0328
G0 F9000 X132.72 Y154.053
G1 F2700 X132.72 Y89.112 E3121.46917
G0 F9000 X132.44 Y88.831
G1 F2700 X132.44 Y154.035 E3122.91135
G0 F9000 X132.16 Y154.017
G1 F2700 X132.16 Y88.551 E3124.35932
G0 F9000 X131.88 Y88.27
G1 F2700 X131.88 Y153.983 E3125.81276
G0 F9000 X131.6 Y153.929
G1 F2700 X131.6 Y87.99 E3127.2712
G0 F9000 X131.32 Y87.709
G1 F2700 X131.32 Y153.875 E3128.73466
G0 F9000 X131.04 Y153.822
G1 F2700 X131.04 Y87.428 E3130.20316
G0 F9000 X130.76 Y87.148
G1 F2700 X130.76 Y153.768 E3131.67666
G0 F9000 X130.48 Y153.714
G1 F2700 X130.48 Y86.867 E3133.15518
G0 F9000 X130.2 Y86.586
G1 F2700 X130.2 Y153.66 E3134.63873
G0 F9000 X129.92 Y153.607
G1 F2700 X129.92 Y86.306 E3136.12729
G0 F9000 X129.64 Y86.025
G1 F2700 X129.64 Y153.553 E3137.62087
G0 F9000 X129.36 Y153.499
G1 F2700 X129.36 Y85.744 E3139.11948
G0 F9000 X129.08 Y85.464
G1 F2700 X129.08 Y153.445 E3140.62308
G0 F9000 X128.8 Y153.391
G1 F2700 X128.8 Y85.183 E3142.1317
G0 F9000 X128.52 Y84.902
G1 F2700 X128.52 Y153.307 E3143.64469
G0 F9000 X128.24 Y153.214
G1 F2700 X128.24 Y84.622 E3145.1618
G0 F9000 X127.96 Y84.341
G1 F2700 X127.96 Y153.122 E3146.6831
G0 F9000 X127.68 Y153.029
G1 F2700 X127.68 Y84.06 E3148.20856
G0 F9000 X127.4 Y83.78
G1 F2700 X127.4 Y152.937 E3149.73817
G0 F9000 X127.12 Y152.844
G1 F2700 X127.12 Y83.499 E3151.27194
G0 F9000 X126.84 Y83.218
G1 F2700 X126.84 Y152.752 E3152.80989
G0 F9000 X126.56 Y152.659
G1 F2700 X126.56 Y82.938 E3154.35198
G0 F9000 X126.28 Y82.657
G1 F2700 X126.28 Y152.567 E3155.89825
G0 F9000 X126 Y152.474
G1 F2700 X126 Y82.377 E3157.44866
G0 F9000 X125.72 Y82.096
G1 F2700 X125.72 Y152.382 E3159.00324
G0 F9000 X125.44 Y152.271
G1 F2700 X125.44 Y81.815 E3160.56159
G0 F9000 X125.16 Y81.535
G1 F2700 X125.16 Y152.135 E3162.12312
G0 F9000 X124.88 Y151.999
G1 F2700 X124.88 Y81.254 E3163.68785
G0 F9000 X124.6 Y80.973
G1 F2700 X124.6 Y151.863 E3165.2558
G0 F9000 X124.32 Y151.727
G1 F2700 X124.32 Y80.693 E3166.82693
G0 F9000 X124.04 Y80.412
G1 F2700 X124.04 Y151.591 E3168.40126
G0 F9000 X123.76 Y151.455
G1 F2700 X123.76 Y80.131 E3169.97881
G0 F9000 X123.48 Y79.851
G1 F2700 X123.48 Y151.319 E3171.55953
G0 F9000 X123.2 Y151.183
G1 F2700 X123.2 Y79.57 E3173.14347
G0 F9000 X122.92 Y79.289
G1 F2700 X122.92 Y151.047 E3174.73061
G0 F9000 X122.64 Y150.911
G1 F2700 X122.64 Y79.009 E3176.32094
G0 F9000 X122.36 Y78.728
G1 F2700 X122.36 Y150.751 E3177.91394
G0 F9000 X122.08 Y150.566
G1 F2700 X122.08 Y78.447 E3179.50907
G0 F9000 X121.8 Y78.167
G1 F2700 X121.8 Y150.381 E3181.1063
G0 F9000 X121.52 Y150.196
G1 F2700 X121.52 Y77.886 E3182.70565
G0 F9000 X121.24 Y77.606
G1 F2700 X121.24 Y150.011 E3184.30711
G0 F9000 X120.96 Y149.825
G1 F2700 X120.96 Y77.325 E3185.91066
G0 F9000 X120.68 Y77.044
G1 F2700 X120.68 Y149.64 E3187.51634
G0 F9000 X120.4 Y149.455
G1 F2700 X120.4 Y76.764 E3189.12412
G0 F9000 X120.12 Y76.483
G1 F2700 X120.12 Y149.27 E3190.73402
G0 F9000 X119.84 Y149.085
G1 F2700 X119.84 Y76.202 E3192.34604
G0 F9000 X119.56 Y75.922
G1 F2700 X119.56 Y148.884 E3193.95982
G0 F9000 X119.28 Y148.64
G1 F2700 X119.28 Y75.641 E3195.57441
G0 F9000 X119 Y75.36
G1 F2700 X119 Y148.395 E3197.18979
G0 F9000 X118.72 Y148.15
G1 F2700 X118.72 Y75.08 E3198.80596
G0 F9000 X118.44 Y74.799
G1 F2700 X118.44 Y147.906 E3200.42294
G0 F9000 X118.16 Y147.661
G1 F2700 X118.16 Y74.518 E3202.04071
G0 F9000 X117.88 Y74.238
G1 F2700 X117.88 Y147.417 E3203.65928
G0 F9000 X117.6 Y147.172
G1 F2700 X117.6 Y73.957 E3205.27865
G0 F9000 X117.32 Y73.676
G1 F2700 X117.32 Y146.928 E3206.89884
G0 F9000 X117.04 Y146.683
G1 F2700 X117.04 Y73.396 E3208.5198
G0 F9000 X116.76 Y73.115
G1 F2700 X116.76 Y146.419 E3210.14114
G0 F9000 X116.48 Y146.144
G1 F2700 X116.48 Y72.834 E3211.76261
G0 F9000 X116.2 Y72.554
G1 F2700 X116.2 Y145.869 E3213.38419
G0 F9000 X115.92 Y145.595
G1 F2700 X115.92 Y72.273 E3215.00592
G0 F9000 X115.64 Y71.993
G1 F2700 X115.64 Y145.32 E3216.62777
G0 F9000 X115.36 Y145.045
G1 F2700 X115.36 Y71.712 E3218.24975
G0 F9000 X115.08 Y71.431
G1 F2700 X115.08 Y144.77 E3219.87186
G0 F9000 X114.8 Y144.496
G1 F2700 X114.8 Y71.151 E3221.4941
G0 F9000 X114.52 Y70.87
G1 F2700 X114.52 Y144.221 E3223.11648
G0 F9000 X114.24 Y143.946
G1 F2700 X114.24 Y70.589 E3224.73899
G0 F9000 X113.96 Y70.309
G1 F2700 X113.96 Y143.671 E3226.36161
G0 F9000 X113.68 Y143.397
G1 F2700 X113.68 Y70.028 E3227.98438
G0 F9000 X113.4 Y69.747
G1 F2700 X113.4 Y143.122 E3229.60729
G0 F9000 X113.12 Y142.847
G1 F2700 X113.12 Y69.467 E3231.23031
G0 F9000 X112.84 Y69.186
G1 F2700 X112.84 Y142.573 E3232.85348
G0 F9000 X112.56 Y142.298
G1 F2700 X112.56 Y68.905 E3234.47679
G0 F9000 X112.28 Y68.625
G1 F2700 X112.28 Y142.023 E3236.1002
G0 F9000 X112 Y141.748
G1 F2700 X112 Y68.344 E3237.72375
G0 F9000 X111.72 Y68.063
G1 F2700 X111.72 Y141.474 E3239.34746
G0 F9000 X111.44 Y141.199
G1 F2700 X111.44 Y67.783 E3240.97127
G0 F9000 X111.16 Y67.502
G1 F2700 X111.16 Y140.924 E3242.59522
G0 F9000 X110.88 Y140.7
G1 F2700 X110.88 Y67.221 E3244.22043
G0 F9000 X110.6 Y66.941
G1 F2700 X110.6 Y140.556 E3245.84864
G0 F9000 X110.32 Y140.482
G1 F2700 X110.32 Y66.66 E3247.48144
G0 F9000 X110.04 Y66.38
G1 F2700 X110.04 Y140.441 E3249.11952
G0 F9000 X109.76 Y140.46
G1 F2700 X109.76 Y66.651 E3250.75202
G0 F9000 X109.48 Y66.94
G1 F2700 X109.48 Y140.544 E3252.38
G0 F9000 X109.2 Y140.662
G1 F2700 X109.2 Y67.229 E3254.00419
G0 F9000 X108.92 Y67.518
G1 F2700 X108.92 Y140.863 E3255.62643
G0 F9000 X108.64 Y141.137
G1 F2700 X108.64 Y67.807 E3257.24834
G0 F9000 X108.36 Y68.096
G1 F2700 X108.36 Y141.412 E3258.86995
G0 F9000 X108.08 Y141.687
G1 F2700 X108.08 Y68.385 E3260.49124
G0 F9000 X107.8 Y68.671
G1 F2700 X107.8 Y141.961 E3262.11227
G0 F9000 X107.52 Y142.236
G1 F2700 X107.52 Y68.951 E3263.73318
G0 F9000 X107.24 Y69.231
G1 F2700 X107.24 Y142.511 E3265.35399
G0 F9000 X106.96 Y142.785
G1 F2700 X106.96 Y69.512 E3266.97464
G0 F9000 X106.68 Y69.792
G1 F2700 X106.68 Y143.06 E3268.59518
G0 F9000 X106.4 Y143.335
G1 F2700 X106.4 Y70.072 E3270.21561
G0 F9000 X106.12 Y70.353
G1 F2700 X106.12 Y143.609 E3271.83589
G0 F9000 X105.84 Y143.884
G1 F2700 X105.84 Y70.633 E3273.45605
G0 F9000 X105.56 Y70.914
G1 F2700 X105.56 Y144.158 E3275.07606
G0 F9000 X105.28 Y144.433
G1 F2700 X105.28 Y71.194 E3276.69596
G0 F9000 X105 Y71.474
G1 F2700 X105 Y144.708 E3278.31575
G0 F9000 X104.72 Y144.982
G1 F2700 X104.72 Y71.755 E3279.93538
G0 F9000 X104.44 Y72.035
G1 F2700 X104.44 Y145.257 E3281.55491
G0 F9000 X104.16 Y145.532
G1 F2700 X104.16 Y72.315 E3283.17432
G0 F9000 X103.88 Y72.596
G1 F2700 X103.88 Y145.806 E3284.79358
G0 F9000 X103.6 Y146.081
G1 F2700 X103.6 Y72.876 E3286.41273
G0 F9000 X103.32 Y73.157
G1 F2700 X103.32 Y146.355 E3288.03172
G0 F9000 X103.04 Y146.63
G1 F2700 X103.04 Y73.437 E3289.6506
G0 F9000 X102.76 Y73.717
G1 F2700 X102.76 Y146.892 E3291.26908
G0 F9000 X102.48 Y147.154
G1 F2700 X102.48 Y73.998 E3292.88715
G0 F9000 X102.2 Y74.278
G1 F2700 X102.2 Y147.415 E3294.50479
G0 F9000 X101.92 Y147.676
G1 F2700 X101.92 Y74.558 E3296.12202
G0 F9000 X101.64 Y74.839
G1 F2700 X101.64 Y147.93 E3297.73864
G0 F9000 X101.36 Y148.159
G1 F2700 X101.36 Y75.119 E3299.35414
G0 F9000 X101.08 Y75.4
G1 F2700 X101.08 Y148.387 E3300.96846
G0 F9000 X100.8 Y148.615
G1 F2700 X100.8 Y75.68 E3302.58164
G0 F9000 X100.52 Y75.96
G1 F2700 X100.52 Y148.843 E3304.19367
G0 F9000 X100.24 Y149.06
G1 F2700 X100.24 Y76.241 E3305.80428
G0 F9000 X99.96 Y76.521
G1 F2700 X99.96 Y149.259 E3307.41309
G0 F9000 X99.68 Y149.458
G1 F2700 X99.68 Y76.801 E3309.02012
G0 F9000 X99.4 Y77.082
G1 F2700 X99.4 Y149.656 E3310.62531
G0 F9000 X99.12 Y149.855
G1 F2700 X99.12 Y77.362 E3312.22871
G0 F9000 X98.84 Y77.643
G1 F2700 X98.84 Y150.044 E3313.83008
G0 F9000 X98.56 Y150.215
G1 F2700 X98.56 Y77.923 E3315.42903
G0 F9000 X98.28 Y78.203
G1 F2700 X98.28 Y150.387 E3317.02559
G0 F9000 X98 Y150.559
G1 F2700 X98 Y78.484 E3318.61975
G0 F9000 X97.72 Y78.764
G1 F2700 X97.72 Y150.73 E3320.21149
G0 F9000 X97.44 Y150.898
G1 F2700 X97.44 Y79.044 E3321.80076
G0 F9000 X97.16 Y79.325
G1 F2700 X97.16 Y151.045 E3323.38706
G0 F9000 X96.88 Y151.191
G1 F2700 X96.88 Y79.605 E3324.9704
G0 F9000 X96.6 Y79.885
G1 F2700 X96.6 Y151.338 E3326.5508
G0 F9000 X96.32 Y151.484
G1 F2700 X96.32 Y80.166 E3328.12821
G0 F9000 X96.04 Y80.446
G1 F2700 X96.04 Y151.631 E3329.70268
G0 F9000 X95.76 Y151.759
G1 F2700 X95.76 Y80.727 E3331.27376
G0 F9000 X95.48 Y81.007
G1 F2700 X95.48 Y151.883 E3332.84139
G0 F9000 X95.2 Y152.008
G1 F2700 X95.2 Y81.287 E3334.4056
G0 F9000 X94.92 Y81.568
G1 F2700 X94.92 Y152.132 E3335.96634
G0 F9000 X94.64 Y152.256
G1 F2700 X94.64 Y81.848 E3337.52362
G0 F9000 X94.36 Y82.128
G1 F2700 X94.36 Y152.374 E3339.07732
G0 F9000 X94.08 Y152.477
G1 F2700 X94.08 Y82.409 E3340.62708
G0 F9000 X93.8 Y82.689
G1 F2700 X93.8 Y152.58 E3342.17293
G0 F9000 X93.52 Y152.683
G1 F2700 X93.52 Y82.97 E3343.71484
G0 F9000 X93.24 Y83.25
G1 F2700 X93.24 Y152.786 E3345.25284
G0 F9000 X92.96 Y152.889
G1 F2700 X92.96 Y83.53 E3346.78692
G0 F9000 X92.68 Y83.811
G1 F2700 X92.68 Y152.979 E3348.31678
G0 F9000 X92.4 Y153.061
G1 F2700 X92.4 Y84.091 E3349.84226
G0 F9000 X92.12 Y84.371
G1 F2700 X92.12 Y153.143 E3351.36335
G0 F9000 X91.84 Y153.226
G1 F2700 X91.84 Y84.652 E3352.88007
G0 F9000 X91.56 Y84.932
G1 F2700 X91.56 Y153.308 E3354.39241
G0 F9000 X91.28 Y153.39
G1 F2700 X91.28 Y85.213 E3355.90035
G0 F9000 X91 Y85.493
G1 F2700 X91 Y153.454 E3357.40351
G0 F9000 X90.72 Y153.518
G1 F2700 X90.72 Y85.773 E3358.90189
G0 F9000 X90.44 Y86.054
G1 F2700 X90.44 Y153.581 E3360.39546
G0 F9000 X90.16 Y153.645
G1 F2700 X90.16 Y86.334 E3361.88424
G0 F9000 X89.88 Y86.614
G1 F2700 X89.88 Y153.709 E3363.36825
G0 F9000 X89.6 Y153.769
G1 F2700 X89.6 Y86.895 E3364.84736
G0 F9000 X89.32 Y87.175
G1 F2700 X89.32 Y153.815 E3366.32131
G0 F9000 X89.04 Y153.86
G1 F2700 X89.04 Y87.456 E3367.79003
G0 F9000 X88.76 Y87.736
G1 F2700 X88.76 Y153.906 E3369.25358
G0 F9000 X88.48 Y153.951
G1 F2700 X88.48 Y88.016 E3370.71193
G0 F9000 X88.2 Y88.297
G1 F2700 X88.2 Y153.996 E3372.16506
G0 F9000 X87.92 Y154.036
G1 F2700 X87.92 Y88.577 E3373.61288
G0 F9000 X87.64 Y88.857
G1 F2700 X87.64 Y154.063 E3375.0551
G0 F9000 X87.36 Y154.09
G1 F2700 X87.36 Y89.138 E3376.49171
G0 F9000 X87.08 Y89.418
G1 F2700 X87.08 Y154.117 E3377.92272
G0 F9000 X86.8 Y154.143
G1 F2700 X86.8 Y89.698 E3379.34812
G0 F9000 X86.52 Y89.979
G1 F2700 X86.52 Y154.17 E3380.76789
G0 F9000 X86.24 Y154.19
G1 F2700 X86.24 Y90.259 E3382.18192
G0 F9000 X85.96 Y90.54
G1 F2700 X85.96 Y154.199 E3383.58993
G0 F9000 X85.68 Y154.208
G1 F2700 X85.68 Y90.82 E3384.99194
G0 F9000 X85.4 Y91.1
G1 F2700 X85.4 Y154.216 E3386.38794
G0 F9000 X85.12 Y154.225
G1 F2700 X85.12 Y91.381 E3387.77793
G0 F9000 X84.84 Y91.661
G1 F2700 X84.84 Y154.234 E3389.16191
G0 F9000 X84.56 Y154.233
G1 F2700 X84.56 Y91.941 E3390.53969
G0 F9000 X84.28 Y92.222
G1 F2700 X84.28 Y154.224 E3391.91105
G0 F9000 X84 Y154.215
G1 F2700 X84 Y92.502 E3393.27602
G0 F9000 X83.72 Y92.783
G1 F2700 X83.72 Y154.206 E3394.63457
G0 F9000 X83.44 Y154.197
G1 F2700 X83.44 Y93.063 E3395.98673
G0 F9000 X83.16 Y93.343
G1 F2700 X83.16 Y154.188 E3397.3325
G0 F9000 X82.88 Y154.17
G1 F2700 X82.88 Y93.624 E3398.67165
G0 F9000 X82.6 Y93.904
G1 F2700 X82.6 Y154.143 E3400.00402
G0 F9000 X82.32 Y154.117
G1 F2700 X82.32 Y94.184 E3401.32962
G0 F9000 X82.04 Y94.465
G1 F2700 X82.04 Y154.09 E3402.6484
G0 F9000 X81.76 Y154.064
G1 F2700 X81.76 Y94.745 E3403.96042
G0 F9000 X81.48 Y95.026
G1 F2700 X81.48 Y154.037 E3405.26562
G0 F9000 X81.2 Y153.999
G1 F2700 X81.2 Y95.306 E3406.5638
G0 F9000 X80.92 Y95.586
G1 F2700 X80.92 Y153.954 E3407.85478
G0 F9000 X80.64 Y153.909
G1 F2700 X80.64 Y95.867 E3409.13855
G0 F9000 X80.36 Y96.147
G1 F2700 X80.36 Y153.864 E3410.41513
G0 F9000 X80.08 Y153.82
G1 F2700 X80.08 Y96.427 E3411.68455
G0 F9000 X79.8 Y96.708
G1 F2700 X79.8 Y153.775 E3412.94676
G0 F9000 X79.52 Y153.714
G1 F2700 X79.52 Y96.988 E3414.20143
G0 F9000 X79.24 Y97.269
G1 F2700 X79.24 Y153.651 E3415.44848
G0 F9000 X78.96 Y153.587
G1 F2700 X78.96 Y97.549 E3416.68793
G0 F9000 X78.68 Y97.829
G1 F2700 X78.68 Y153.523 E3417.91977
G0 F9000 X78.4 Y153.46
G1 F2700 X78.4 Y98.11 E3419.144
G0 F9000 X78.12 Y98.39
G1 F2700 X78.12 Y153.396 E3420.36062
G0 F9000 X77.84 Y153.315
G1 F2700 X77.84 Y98.67 E3421.56926
G0 F9000 X77.56 Y98.951
G1 F2700 X77.56 Y153.233 E3422.76987
G0 F9000 X77.28 Y153.151
G1 F2700 X77.28 Y99.231 E3423.96247
G0 F9000 X77 Y99.511
G1 F2700 X77 Y153.069 E3425.14707
G0 F9000 X76.72 Y152.987
G1 F2700 X76.72 Y99.792 E3426.32363
G0 F9000 X76.44 Y100.072
G1 F2700 X76.44 Y152.9 E3427.49208
G0 F9000 X76.16 Y152.797
G1 F2700 X76.16 Y100.353 E3428.65204
G0 F9000 X75.88 Y100.633
G1 F2700 X75.88 Y152.695 E3429.80354
G0 F9000 X75.6 Y152.592
G1 F2700 X75.6 Y100.913 E3430.94658
G0 F9000 X75.32 Y101.194
G1 F2700 X75.32 Y152.489 E3432.08112
G0 F9000 X75.04 Y152.387
G1 F2700 X75.04 Y101.474 E3433.20721
G0 F9000 X74.76 Y101.754
G1 F2700 X74.76 Y152.269 E3434.3245
G0 F9000 X74.48 Y152.145
G1 F2700 X74.48 Y102.035 E3435.43284
G0 F9000 X74.2 Y102.315
G1 F2700 X74.2 Y152.021 E3436.53223
G0 F9000 X73.92 Y151.896
G1 F2700 X73.92 Y102.596 E3437.62265
G0 F9000 X73.64 Y102.876
G1 F2700 X73.64 Y151.772 E3438.70413
G0 F9000 X73.36 Y151.644
G1 F2700 X73.36 Y103.156 E3439.77659
G0 F9000 X73.08 Y103.437
G1 F2700 X73.08 Y151.498 E3440.8396
G0 F9000 X72.8 Y151.351
G1 F2700 X72.8 Y103.717 E3441.89317
G0 F9000 X72.52 Y103.997
G1 F2700 X72.52 Y151.204 E3442.93729
G0 F9000 X72.24 Y151.058
G1 F2700 X72.24 Y104.278 E3443.97197
G0 F9000 X71.96 Y104.558
G1 F2700 X71.96 Y150.911 E3444.99721
G0 F9000 X71.68 Y150.745
G1 F2700 X71.68 Y104.839 E3446.01256
G0 F9000 X71.4 Y105.119
G1 F2700 X71.4 Y150.573 E3447.01791
G0 F9000 X71.12 Y150.401
G1 F2700 X71.12 Y105.399 E3448.01326
G0 F9000 X70.84 Y105.68
G1 F2700 X70.84 Y150.229 E3448.9986
G0 F9000 X70.56 Y150.057
G1 F2700 X70.56 Y105.96 E3449.97393
G0 F9000 X70.28 Y106.24
G1 F2700 X70.28 Y149.87 E3450.93894
G0 F9000 X70 Y149.671
G1 F2700 X70 Y106.521 E3451.89333
G0 F9000 X69.72 Y106.801
G1 F2700 X69.72 Y149.472 E3452.83713
G0 F9000 X69.44 Y149.273
G1 F2700 X69.44 Y107.082 E3453.77031
G0 F9000 X69.16 Y107.362
G1 F2700 X69.16 Y149.074 E3454.6929
G0 F9000 X68.88 Y148.858
G1 F2700 X68.88 Y107.642 E3455.60451
G0 F9000 X68.6 Y107.923
G1 F2700 X68.6 Y148.629 E3456.50485
G0 F9000 X68.32 Y148.4
G1 F2700 X68.32 Y108.203 E3457.39392
G0 F9000 X68.04 Y108.483
G1 F2700 X68.04 Y148.172 E3458.27176
G0 F9000 X67.76 Y147.943
G1 F2700 X67.76 Y108.764 E3459.13832
G0 F9000 X67.48 Y109.044
G1 F2700 X67.48 Y147.687 E3459.99303
G0 F9000 X67.2 Y147.424
G1 F2700 X67.2 Y109.324 E3460.83572
G0 F9000 X66.92 Y109.605
G1 F2700 X66.92 Y147.16 E3461.66637
G0 F9000 X66.64 Y146.897
G1 F2700 X66.64 Y109.885 E3462.485
G0 F9000 X66.36 Y110.17
G1 F2700 X66.36 Y146.627 E3463.29135
G0 F9000 X66.08 Y146.328
G1 F2700 X66.08 Y110.469 E3464.08448
G0 F9000 X65.8 Y110.767
G1 F2700 X65.8 Y146.028 E3464.86438
G0 F9000 X65.52 Y145.728
G1 F2700 X65.52 Y111.065 E3465.63106
G0 F9000 X65.24 Y111.363
G1 F2700 X65.24 Y145.429 E3466.38453
G0 F9000 X64.96 Y145.089
G1 F2700 X64.96 Y111.704 E3467.12294
G0 F9000 X64.68 Y112.044
G1 F2700 X64.68 Y144.748 E3467.84629
G0 F9000 X64.4 Y144.407
G1 F2700 X64.4 Y112.384 E3468.55457
G0 F9000 X64.12 Y112.731
G1 F2700 X64.12 Y144.062 E3469.24755
G0 F9000 X63.84 Y143.672
G1 F2700 X63.84 Y113.121 E3469.92328
G0 F9000 X63.56 Y113.511
G1 F2700 X63.56 Y143.282 E3470.58175
G0 F9000 X63.28 Y142.892
G1 F2700 X63.28 Y113.901 E3471.22297
G0 F9000 X63 Y114.326
G1 F2700 X63 Y142.469 E3471.84544
G0 F9000 X62.72 Y142.021
G1 F2700 X62.72 Y114.775 E3472.44807
G0 F9000 X62.44 Y115.223
G1 F2700 X62.44 Y141.572 E3473.03085
G0 F9000 X62.16 Y141.094
G1 F2700 X62.16 Y115.702 E3473.59247
G0 F9000 X61.88 Y116.224
G1 F2700 X61.88 Y140.571 E3474.13098
G0 F9000 X61.6 Y140.048
G1 F2700 X61.6 Y116.747 E3474.64635
G0 F9000 X61.32 Y117.321
G1 F2700 X61.32 Y139.473 E3475.13631
G0 F9000 X61.04 Y138.856
G1 F2700 X61.04 Y117.937 E3475.599
G0 F9000 X60.76 Y118.561
G1 F2700 X60.76 Y138.23 E3476.03403
G0 F9000 X60.48 Y137.489
G1 F2700 X60.48 Y119.301 E3476.43632
G0 F9000 X60.2 Y120.042
G1 F2700 X60.2 Y136.749 E3476.80584
G0 F9000 X59.92 Y135.829
G1 F2700 X59.92 Y120.961 E3477.13469
G0 F9000 X59.668 Y120.885
G0 X59.383 Y121.891
G0 X59.64 Y121.951
G1 F2700 X59.64 Y134.846 E3477.4199
G0 F9000 X59.382 Y134.905
G0 X59.103 Y133.711
G0 X59.36 Y133.652
G1 F2700 X59.36 Y123.139 E3477.65243
G0 F9000 X59.105 Y123.079
G0 X58.821 Y124.718
G0 X59.08 Y124.761
G1 F2700 X59.08 Y132.031 E3477.81323
G0 F9000 X58.795 Y132.078
G1 F2400 E3475.81323
;MESH:NONMESH
G0 F600 X58.795 Y132.078 Z2.28
G0 F9000 X59.502 Y135.151
G0 X60.303 Y137.597
G0 X61.292 Y139.903
G0 X62.555 Y142.139
G0 X63.986 Y144.224
G0 X65.697 Y146.215
G0 X67.563 Y148.043
G0 X69.627 Y149.655
G0 X71.801 Y151.057
G0 X74.104 Y152.2
G0 X76.447 Y153.118
G0 X78.9 Y153.783
G0 X81.355 Y154.229
G0 X83.86 Y154.413
G0 X86.363 Y154.388
G0 X88.861 Y154.095
G0 X91.323 Y153.59
G0 X93.745 Y152.817
G0 X96.074 Y151.842
G0 X98.321 Y150.599
G0 X100.468 Y149.148
G0 X101.569 Y148.251
G0 X109.645 Y140.889
;TIME_ELAPSED:3012.186504
;LAYER:10
;TYPE:WALL-INNER
;MESH:PictureFrame_photo_support.stl
G1 F1200 E3477.81323
G1 F3900 X110.01 Y140.851 E3477.82772
G1 X110.383 Y140.911 E3477.84264
G1 X110.711 Y141.062 E3477.85691
G1 X116.662 Y146.902 E3478.18622
G1 X119.385 Y149.282 E3478.32906
G1 X122.298 Y151.205 E3478.46692
G1 X125.411 Y152.714 E3478.60356
G1 X128.626 Y153.778 E3478.73731
G1 X131.954 Y154.42 E3478.87118
G1 X135.289 Y154.632 E3479.00317
G1 X138.646 Y154.42 E3479.13602
G1 X141.987 Y153.774 E3479.27042
G1 X145.192 Y152.713 E3479.40376
G1 X148.301 Y151.207 E3479.54021
G1 X151.214 Y149.283 E3479.67809
G1 X153.888 Y146.946 E3479.81835
G1 X156.243 Y144.253 E3479.95965
G1 X158.167 Y141.341 E3480.0975
G1 X159.674 Y138.231 E3480.234
G1 X160.739 Y135.017 E3480.36773
G1 X161.381 Y131.69 E3480.50155
G1 X161.593 Y128.356 E3480.6335
G1 X161.381 Y124.997 E3480.76643
G1 X160.737 Y121.673 E3480.90016
G1 X159.675 Y118.462 E3481.03374
G1 X158.165 Y115.346 E3481.1705
G1 X156.257 Y112.456 E3481.30728
G1 X153.872 Y109.726 E3481.45045
G1 X110.027 Y65.782 E3483.90224
G1 X107.585 Y68.301 E3484.04081
G1 X66.136 Y109.806 E3486.35757
G1 X64.927 Y111.094 E3486.42734
G1 X63.827 Y112.431 E3486.49572
G1 X62.823 Y113.829 E3486.5637
G1 X61.915 Y115.282 E3486.63137
G1 X61.103 Y116.799 E3486.69933
G1 X60.397 Y118.351 E3486.76667
G1 X59.795 Y119.945 E3486.83397
G1 X59.305 Y121.563 E3486.90074
G1 X58.914 Y123.233 E3486.96849
G1 X58.634 Y124.925 E3487.03622
G1 X58.463 Y126.648 E3487.10461
G1 X58.405 Y128.392 E3487.17353
G1 X58.462 Y130.134 E3487.24237
G1 X58.632 Y131.855 E3487.31067
G1 X58.912 Y133.552 E3487.3786
G1 X59.298 Y135.206 E3487.44569
G1 X59.8 Y136.863 E3487.51407
G1 X60.398 Y138.444 E3487.58083
G1 X61.103 Y139.997 E3487.64819
G1 X61.914 Y141.511 E3487.71603
G1 X62.815 Y142.954 E3487.78322
G1 X63.818 Y144.353 E3487.85121
G1 X64.925 Y145.699 E3487.92004
G1 X66.114 Y146.969 E3487.98876
G1 X67.424 Y148.201 E3488.05978
G1 X68.795 Y149.322 E3488.12973
G1 X70.22 Y150.335 E3488.19878
G1 X71.696 Y151.24 E3488.26717
G1 X73.222 Y152.04 E3488.33522
G1 X74.796 Y152.738 E3488.40322
G1 X76.38 Y153.318 E3488.46985
G1 X78.011 Y153.797 E3488.53699
G1 X79.676 Y154.175 E3488.60442
G1 X81.329 Y154.438 E3488.67053
G1 X83.008 Y154.597 E3488.73714
G1 X84.695 Y154.652 E3488.80381
G1 X86.377 Y154.598 E3488.87027
G1 X88.057 Y154.438 E3488.93693
G1 X89.725 Y154.169 E3489.00366
G1 X91.376 Y153.794 E3489.07053
G1 X93.004 Y153.315 E3489.13755
G1 X94.601 Y152.726 E3489.20478
G1 X96.166 Y152.031 E3489.27242
G1 X97.69 Y151.233 E3489.34036
G1 X99.168 Y150.327 E3489.40883
G1 X100.596 Y149.316 E3489.47794
G1 X101.967 Y148.199 E3489.54778
G1 X103.298 Y146.957 E3489.61969
G1 X109.218 Y141.147 E3489.9473
G1 X109.645 Y140.889 E3489.967
G0 F9000 X109.681 Y141.432
G1 F3900 X109.973 Y141.352 E3489.97896
G1 X110.19 Y141.375 E3489.98758
G1 X110.417 Y141.472 E3489.99733
G1 X116.322 Y147.269 E3490.32416
G1 X119.082 Y149.68 E3490.4689
G1 X122.051 Y151.641 E3490.60944
G1 X125.222 Y153.178 E3490.74862
G1 X128.499 Y154.263 E3490.88496
G1 X131.89 Y154.917 E3491.02136
G1 X135.289 Y155.133 E3491.15588
G1 X138.71 Y154.917 E3491.29126
G1 X142.113 Y154.259 E3491.42816
G1 X145.381 Y153.177 E3491.56412
G1 X148.548 Y151.643 E3491.70311
G1 X151.517 Y149.681 E3491.84367
G1 X154.242 Y147.3 E3491.98659
G1 X156.642 Y144.557 E3492.13054
G1 X158.603 Y141.589 E3492.27105
G1 X160.138 Y138.42 E3492.41012
G1 X161.224 Y135.143 E3492.54647
G1 X161.878 Y131.754 E3492.6828
G1 X162.094 Y128.356 E3492.81728
G1 X161.878 Y124.933 E3492.95274
G1 X161.222 Y121.547 E3493.08896
G1 X160.139 Y118.273 E3493.22516
G1 X158.601 Y115.099 E3493.36447
G1 X156.655 Y112.153 E3493.50392
G1 X154.238 Y109.384 E3493.64909
G1 X110.019 Y65.065 E3496.12179
G1 X107.231 Y67.947 E3496.28017
G1 X65.777 Y109.458 E3498.59723
G1 X64.552 Y110.764 E3498.66795
G1 X63.431 Y112.126 E3498.73762
G1 X62.407 Y113.55 E3498.8069
G1 X61.483 Y115.032 E3498.87588
G1 X60.654 Y116.577 E3498.94513
G1 X59.935 Y118.159 E3499.01376
G1 X59.322 Y119.784 E3499.08236
G1 X58.822 Y121.433 E3499.15042
G1 X58.423 Y123.135 E3499.21946
G1 X58.138 Y124.859 E3499.28848
G1 X57.963 Y126.615 E3499.35818
G1 X57.905 Y128.392 E3499.4284
G1 X57.962 Y130.167 E3499.49854
G1 X58.136 Y131.92 E3499.56812
G1 X58.421 Y133.65 E3499.63737
G1 X58.815 Y135.335 E3499.70572
G1 X59.327 Y137.024 E3499.77542
G1 X59.936 Y138.636 E3499.84348
G1 X60.654 Y140.218 E3499.9121
G1 X61.481 Y141.762 E3499.98128
G1 X62.399 Y143.233 E3500.04977
G1 X63.422 Y144.658 E3500.11905
G1 X64.549 Y146.029 E3500.18915
G1 X65.76 Y147.323 E3500.25914
G1 X67.094 Y148.577 E3500.33146
G1 X68.491 Y149.72 E3500.40275
G1 X69.944 Y150.752 E3500.47314
G1 X71.449 Y151.675 E3500.54287
G1 X73.004 Y152.491 E3500.61223
G1 X74.609 Y153.202 E3500.68156
G1 X76.224 Y153.793 E3500.74949
G1 X77.885 Y154.282 E3500.81787
G1 X79.581 Y154.666 E3500.88655
G1 X81.266 Y154.935 E3500.95395
G1 X82.977 Y155.097 E3501.02183
G1 X84.695 Y155.152 E3501.08972
G1 X86.409 Y155.098 E3501.15745
G1 X88.12 Y154.934 E3501.22534
G1 X89.82 Y154.66 E3501.29335
G1 X91.502 Y154.278 E3501.36147
G1 X93.161 Y153.79 E3501.42977
G1 X94.789 Y153.189 E3501.49831
G1 X96.384 Y152.482 E3501.56722
G1 X97.937 Y151.668 E3501.63648
G1 X99.444 Y150.745 E3501.70627
G1 X100.899 Y149.714 E3501.77671
G1 X102.296 Y148.576 E3501.84787
G1 X103.643 Y147.318 E3501.92067
G1 X109.547 Y141.524 E3502.24739
G1 X109.681 Y141.432 E3502.25381
G0 F9000 X109.961 Y141.831
;TYPE:WALL-OUTER
G1 F3000 X110.138 Y141.867 E3502.26023
G1 X115.999 Y147.617 E3502.55209
G1 X118.793 Y150.059 E3502.68399
G1 X121.815 Y152.055 E3502.81273
G1 X125.043 Y153.62 E3502.94025
G1 X128.379 Y154.723 E3503.06515
G1 X131.83 Y155.389 E3503.19008
G1 X135.289 Y155.609 E3503.31329
G1 X138.77 Y155.389 E3503.43727
G1 X142.234 Y154.719 E3503.56269
G1 X145.56 Y153.619 E3503.68722
G1 X148.784 Y152.057 E3503.81456
G1 X151.806 Y150.06 E3503.94332
G1 X154.579 Y147.637 E3504.07422
G1 X157.02 Y144.846 E3504.20602
G1 X159.017 Y141.825 E3504.33475
G1 X160.58 Y138.599 E3504.46217
G1 X161.684 Y135.264 E3504.58705
G1 X162.35 Y131.814 E3504.71195
G1 X162.57 Y128.356 E3504.83512
G1 X162.35 Y124.873 E3504.95917
G1 X161.682 Y121.426 E3505.08398
G1 X160.581 Y118.094 E3505.20872
G1 X159.015 Y114.863 E3505.33636
G1 X157.034 Y111.864 E3505.46412
G1 X154.585 Y109.06 E3505.59646
G1 X110.012 Y64.387 E3507.83969
G1 X106.895 Y67.612 E3507.99912
G1 X65.435 Y109.128 E3510.08475
G1 X64.195 Y110.45 E3510.14918
G1 X63.054 Y111.836 E3510.213
G1 X62.013 Y113.286 E3510.27645
G1 X61.071 Y114.793 E3510.33962
G1 X60.228 Y116.366 E3510.40306
G1 X59.496 Y117.977 E3510.46596
G1 X58.872 Y119.631 E3510.5288
G1 X58.363 Y121.31 E3510.59116
G1 X57.957 Y123.042 E3510.6544
G1 X57.667 Y124.797 E3510.71763
G1 X57.489 Y126.583 E3510.78143
G1 X57.43 Y128.392 E3510.84577
G1 X57.488 Y130.198 E3510.91
G1 X57.665 Y131.982 E3510.97373
G1 X57.955 Y133.743 E3511.03717
G1 X58.356 Y135.458 E3511.09977
G1 X58.877 Y137.177 E3511.16362
G1 X59.497 Y138.818 E3511.22598
G1 X60.228 Y140.429 E3511.28887
G1 X61.069 Y142 E3511.35221
G1 X62.005 Y143.497 E3511.41497
G1 X63.045 Y144.947 E3511.4784
G1 X64.192 Y146.342 E3511.54259
G1 X65.424 Y147.658 E3511.60667
G1 X66.781 Y148.934 E3511.67289
G1 X68.203 Y150.098 E3511.73821
G1 X69.682 Y151.149 E3511.80271
G1 X71.215 Y152.089 E3511.86663
G1 X72.797 Y152.919 E3511.93013
G1 X74.431 Y153.643 E3511.99366
G1 X76.075 Y154.245 E3512.0559
G1 X77.765 Y154.742 E3512.11851
G1 X79.491 Y155.132 E3512.18141
G1 X81.206 Y155.406 E3512.24315
G1 X82.947 Y155.571 E3512.30531
G1 X84.695 Y155.627 E3512.36748
G1 X86.439 Y155.572 E3512.42951
G1 X88.181 Y155.405 E3512.49171
G1 X89.911 Y155.127 E3512.554
G1 X91.622 Y154.738 E3512.61637
G1 X93.311 Y154.241 E3512.67895
G1 X94.968 Y153.63 E3512.74173
G1 X96.591 Y152.91 E3512.80485
G1 X98.171 Y152.082 E3512.86825
G1 X99.706 Y151.142 E3512.93224
G1 X101.186 Y150.092 E3512.99674
G1 X102.609 Y148.934 E3513.06196
G1 X103.972 Y147.661 E3513.12825
G1 X109.855 Y141.886 E3513.42129
G1 X109.961 Y141.831 E3513.42554
G0 F9000 X110.138 Y141.867
G0 X110.152 Y141.881
G1 F2400 E3511.42554
G0 F9000 X110.645 Y141.38
G0 X119.513 Y149.113
G0 X122.403 Y151.022
G0 X125.49 Y152.519
G0 X128.679 Y153.573
G0 X131.981 Y154.21
G0 X135.289 Y154.422
G0 X138.619 Y154.21
G0 X141.934 Y153.57
G0 X145.113 Y152.518
G0 X148.196 Y151.024
G0 X151.086 Y149.114
G0 X153.739 Y146.797
G0 X156.075 Y144.126
G0 X157.984 Y141.237
G0 X159.479 Y138.152
G0 X160.535 Y134.964
G0 X161.171 Y131.663
G0 X161.383 Y128.356
G0 X161.171 Y125.024
G0 X160.533 Y121.726
G0 X159.48 Y118.541
G0 X157.982 Y115.451
G0 X156.088 Y112.584
G0 X153.955 Y110.142
G0 X110.117 Y66.087
G1 F1200 E3513.42554
G0 F9000 X110.03 Y66.173
;TYPE:SKIN
G1 F2700 X107.797 Y68.476 E3513.49649
G1 X66.332 Y109.996 E3514.79436
G1 X65.133 Y111.274 E3514.83312
G1 X64.043 Y112.599 E3514.87106
G1 X63.051 Y113.981 E3514.90869
G1 X62.152 Y115.421 E3514.94624
G1 X61.348 Y116.921 E3514.98388
G1 X60.65 Y118.457 E3515.0212
G1 X60.054 Y120.032 E3515.05844
G1 X59.571 Y121.635 E3515.09547
G1 X59.182 Y123.287 E3515.13301
G1 X58.905 Y124.962 E3515.17056
G1 X58.735 Y126.665 E3515.20842
G1 X58.679 Y128.393 E3515.24666
G1 X58.734 Y130.115 E3515.28476
G1 X58.903 Y131.819 E3515.32264
G1 X59.18 Y133.496 E3515.36023
G1 X59.564 Y135.134 E3515.39744
G1 X60.058 Y136.771 E3515.43526
G1 X60.651 Y138.337 E3515.4723
G1 X61.348 Y139.875 E3515.50965
G1 X62.15 Y141.372 E3515.54721
G1 X63.043 Y142.802 E3515.5845
G1 X64.035 Y144.184 E3515.62213
G1 X65.131 Y145.517 E3515.6603
G1 X66.308 Y146.777 E3515.69843
G1 X67.604 Y147.996 E3515.73778
G1 X68.96 Y149.104 E3515.77651
G1 X70.369 Y150.105 E3515.81474
G1 X71.831 Y151.002 E3515.85268
G1 X73.341 Y151.793 E3515.89038
G1 X74.899 Y152.485 E3515.92809
G1 X76.466 Y153.059 E3515.965
G1 X78.078 Y153.531 E3516.00215
G1 X79.728 Y153.906 E3516.03958
G1 X81.362 Y154.167 E3516.07618
G1 X83.027 Y154.325 E3516.11317
G1 X84.696 Y154.378 E3516.1501
G1 X86.358 Y154.326 E3516.18688
G1 X88.02 Y154.167 E3516.22381
G1 X89.67 Y153.9 E3516.26078
G1 X91.307 Y153.528 E3516.29791
G1 X92.905 Y153.058 E3516.33475
G1 X94.498 Y152.472 E3516.37229
G1 X96.048 Y151.784 E3516.4098
G1 X97.554 Y150.996 E3516.44739
G1 X99.017 Y150.099 E3516.48535
G1 X100.429 Y149.098 E3516.52363
G1 X101.786 Y147.992 E3516.56235
G1 X103.109 Y146.758 E3516.60237
G1 X109.04 Y140.939 E3516.78614
G1 X109.313 Y140.751 E3516.79348
G1 X109.706 Y140.608 E3516.80273
G1 X110.012 Y140.577 E3516.80953
G1 X110.438 Y140.641 E3516.81906
G1 X110.703 Y140.751 E3516.8254
G1 X110.95 Y140.912 E3516.83192
G1 X116.847 Y146.701 E3517.0147
G1 X119.551 Y149.063 E3517.09411
G1 X122.433 Y150.967 E3517.17051
G1 X125.508 Y152.46 E3517.24611
G1 X128.708 Y153.517 E3517.32065
G1 X131.99 Y154.147 E3517.39457
G1 X135.29 Y154.358 E3517.46771
G1 X138.609 Y154.147 E3517.54126
G1 X141.905 Y153.512 E3517.61551
G1 X145.095 Y152.459 E3517.68981
G1 X148.166 Y150.969 E3517.7653
G1 X151.048 Y149.064 E3517.84172
G1 X153.695 Y146.752 E3517.91945
G1 X156.027 Y144.086 E3517.99779
G1 X157.929 Y141.207 E3518.07411
G1 X159.42 Y138.134 E3518.14966
G1 X160.479 Y134.935 E3518.22419
G1 X161.108 Y131.654 E3518.29808
G1 X161.319 Y128.353 E3518.37124
G1 X161.108 Y125.031 E3518.44486
G1 X160.475 Y121.755 E3518.51866
G1 X159.421 Y118.559 E3518.5931
G1 X157.927 Y115.481 E3518.66877
G1 X156.037 Y112.621 E3518.74459
G1 X153.672 Y109.914 E3518.8241
G1 X110.03 Y66.173 E3520.19075
G0 F9000 X109.773 Y66.64
G1 F2700 X110.298 Y66.64 E3520.20236
G0 F9000 X110.577 Y66.92
G1 F2700 X109.501 Y66.92 E3520.22616
G0 F9000 X109.23 Y67.2
G1 F2700 X110.857 Y67.2 E3520.26215
G0 F9000 X111.136 Y67.48
G1 F2700 X108.959 Y67.48 E3520.3103
G0 F9000 X108.687 Y67.76
G1 F2700 X111.415 Y67.76 E3520.37064
G0 F9000 X111.695 Y68.04
G1 F2700 X108.416 Y68.04 E3520.44316
G0 F9000 X108.145 Y68.32
G1 F2700 X111.974 Y68.32 E3520.52785
G0 F9000 X112.254 Y68.6
G1 F2700 X107.873 Y68.6 E3520.62475
G0 F9000 X107.593 Y68.88
G1 F2700 X112.533 Y68.88 E3520.73401
G0 F9000 X112.812 Y69.16
G1 F2700 X107.313 Y69.16 E3520.85564
G0 F9000 X107.034 Y69.44
G1 F2700 X113.092 Y69.44 E3520.98963
G0 F9000 X113.371 Y69.72
G1 F2700 X106.754 Y69.72 E3521.13599
G0 F9000 X106.474 Y70
G1 F2700 X113.65 Y70 E3521.2947
G0 F9000 X113.93 Y70.28
G1 F2700 X106.195 Y70.28 E3521.46579
G0 F9000 X105.915 Y70.56
G1 F2700 X114.209 Y70.56 E3521.64923
G0 F9000 X114.489 Y70.84
G1 F2700 X105.635 Y70.84 E3521.84507
G0 F9000 X105.356 Y71.12
G1 F2700 X114.768 Y71.12 E3522.05324
G0 F9000 X115.047 Y71.4
G1 F2700 X105.076 Y71.4 E3522.27378
G0 F9000 X104.797 Y71.68
G1 F2700 X115.327 Y71.68 E3522.50668
G0 F9000 X115.606 Y71.96
G1 F2700 X104.517 Y71.96 E3522.75195
G0 F9000 X104.237 Y72.24
G1 F2700 X115.885 Y72.24 E3523.00958
G0 F9000 X116.165 Y72.52
G1 F2700 X103.958 Y72.52 E3523.27957
G0 F9000 X103.678 Y72.8
G1 F2700 X116.444 Y72.8 E3523.56193
G0 F9000 X116.724 Y73.08
G1 F2700 X103.398 Y73.08 E3523.85668
G0 F9000 X103.119 Y73.36
G1 F2700 X117.003 Y73.36 E3524.16376
G0 F9000 X117.282 Y73.64
G1 F2700 X102.839 Y73.64 E3524.48321
G0 F9000 X102.559 Y73.92
G1 F2700 X117.562 Y73.92 E3524.81505
G0 F9000 X117.841 Y74.2
G1 F2700 X102.28 Y74.2 E3525.15923
G0 F9000 X102 Y74.48
G1 F2700 X118.12 Y74.48 E3525.51577
G0 F9000 X118.4 Y74.76
G1 F2700 X101.721 Y74.76 E3525.88467
G0 F9000 X101.441 Y75.04
G1 F2700 X118.679 Y75.04 E3526.26594
G0 F9000 X118.959 Y75.32
G1 F2700 X101.161 Y75.32 E3526.6596
G0 F9000 X100.882 Y75.6
G1 F2700 X119.238 Y75.6 E3527.0656
G0 F9000 X119.517 Y75.88
G1 F2700 X100.602 Y75.88 E3527.48396
G0 F9000 X100.322 Y76.16
G1 F2700 X119.797 Y76.16 E3527.91471
G0 F9000 X120.076 Y76.44
G1 F2700 X100.043 Y76.44 E3528.3578
G0 F9000 X99.763 Y76.72
G1 F2700 X120.355 Y76.72 E3528.81325
G0 F9000 X120.635 Y77
G1 F2700 X99.483 Y77 E3529.28109
G0 F9000 X99.204 Y77.28
G1 F2700 X120.914 Y77.28 E3529.76127
G0 F9000 X121.194 Y77.56
G1 F2700 X98.924 Y77.56 E3530.25384
G0 F9000 X98.645 Y77.84
G1 F2700 X121.473 Y77.84 E3530.75875
G0 F9000 X121.752 Y78.12
G1 F2700 X98.365 Y78.12 E3531.27602
G0 F9000 X98.085 Y78.4
G1 F2700 X122.032 Y78.4 E3531.80568
G0 F9000 X122.311 Y78.68
G1 F2700 X97.806 Y78.68 E3532.34768
G0 F9000 X97.526 Y78.96
G1 F2700 X122.591 Y78.96 E3532.90207
G0 F9000 X122.87 Y79.24
G1 F2700 X97.246 Y79.24 E3533.46882
G0 F9000 X96.967 Y79.52
G1 F2700 X123.149 Y79.52 E3534.04791
G0 F9000 X123.429 Y79.8
G1 F2700 X96.687 Y79.8 E3534.63939
G0 F9000 X96.407 Y80.08
G1 F2700 X123.708 Y80.08 E3535.24324
G0 F9000 X123.987 Y80.36
G1 F2700 X96.128 Y80.36 E3535.85942
G0 F9000 X95.848 Y80.64
G1 F2700 X124.267 Y80.64 E3536.48799
G0 F9000 X124.546 Y80.92
G1 F2700 X95.569 Y80.92 E3537.12891
G0 F9000 X95.289 Y81.2
G1 F2700 X124.826 Y81.2 E3537.78221
G0 F9000 X125.105 Y81.48
G1 F2700 X95.009 Y81.48 E3538.44787
G0 F9000 X94.73 Y81.76
G1 F2700 X125.384 Y81.76 E3539.12587
G0 F9000 X125.664 Y82.04
G1 F2700 X94.45 Y82.04 E3539.81626
G0 F9000 X94.17 Y82.32
G1 F2700 X125.943 Y82.32 E3540.51902
G0 F9000 X126.222 Y82.6
G1 F2700 X93.891 Y82.6 E3541.23412
G0 F9000 X93.611 Y82.88
G1 F2700 X126.502 Y82.88 E3541.9616
G0 F9000 X126.781 Y83.16
G1 F2700 X93.331 Y83.16 E3542.70145
G0 F9000 X93.052 Y83.44
G1 F2700 X127.061 Y83.44 E3543.45366
G0 F9000 X127.34 Y83.72
G1 F2700 X92.772 Y83.72 E3544.21823
G0 F9000 X92.493 Y84
G1 F2700 X127.619 Y84 E3544.99515
G0 F9000 X127.899 Y84.28
G1 F2700 X92.213 Y84.28 E3545.78445
G0 F9000 X91.933 Y84.56
G1 F2700 X128.178 Y84.56 E3546.58612
G0 F9000 X128.457 Y84.84
G1 F2700 X91.654 Y84.84 E3547.40013
G0 F9000 X91.374 Y85.12
G1 F2700 X128.737 Y85.12 E3548.22652
G0 F9000 X129.016 Y85.4
G1 F2700 X91.094 Y85.4 E3549.06528
G0 F9000 X90.815 Y85.68
G1 F2700 X129.296 Y85.68 E3549.9164
G0 F9000 X129.575 Y85.96
G1 F2700 X90.535 Y85.96 E3550.77989
G0 F9000 X90.255 Y86.24
G1 F2700 X129.854 Y86.24 E3551.65574
G0 F9000 X130.134 Y86.52
G1 F2700 X89.976 Y86.52 E3552.54395
G0 F9000 X89.696 Y86.8
G1 F2700 X130.413 Y86.8 E3553.44453
G0 F9000 X130.692 Y87.08
G1 F2700 X89.417 Y87.08 E3554.35745
G0 F9000 X89.137 Y87.36
G1 F2700 X130.972 Y87.36 E3555.28276
G0 F9000 X131.251 Y87.64
G1 F2700 X88.857 Y87.64 E3556.22043
G0 F9000 X88.578 Y87.92
G1 F2700 X131.531 Y87.92 E3557.17046
G0 F9000 X131.81 Y88.2
G1 F2700 X88.298 Y88.2 E3558.13286
G0 F9000 X88.018 Y88.48
G1 F2700 X132.089 Y88.48 E3559.10762
G0 F9000 X132.369 Y88.76
G1 F2700 X87.739 Y88.76 E3560.09475
G0 F9000 X87.459 Y89.04
G1 F2700 X132.648 Y89.04 E3561.09424
G0 F9000 X132.927 Y89.32
G1 F2700 X87.179 Y89.32 E3562.10609
G0 F9000 X86.9 Y89.6
G1 F2700 X133.207 Y89.6 E3563.13031
G0 F9000 X133.486 Y89.88
G1 F2700 X86.62 Y89.88 E3564.16689
G0 F9000 X86.341 Y90.16
G1 F2700 X133.766 Y90.16 E3565.21583
G0 F9000 X134.045 Y90.44
G1 F2700 X86.061 Y90.44 E3566.27714
G0 F9000 X85.781 Y90.72
G1 F2700 X134.324 Y90.72 E3567.35082
G0 F9000 X134.604 Y91
G1 F2700 X85.502 Y91 E3568.43685
G0 F9000 X85.222 Y91.28
G1 F2700 X134.883 Y91.28 E3569.53526
G0 F9000 X135.163 Y91.56
G1 F2700 X84.942 Y91.56 E3570.64604
G0 F9000 X84.663 Y91.84
G1 F2700 X135.442 Y91.84 E3571.76917
G0 F9000 X135.721 Y92.12
G1 F2700 X84.383 Y92.12 E3572.90467
G0 F9000 X84.103 Y92.4
G1 F2700 X136.001 Y92.4 E3574.05255
G0 F9000 X136.28 Y92.68
G1 F2700 X83.824 Y92.68 E3575.21277
G0 F9000 X83.544 Y92.96
G1 F2700 X136.559 Y92.96 E3576.38535
G0 F9000 X136.839 Y93.24
G1 F2700 X83.265 Y93.24 E3577.5703
G0 F9000 X82.985 Y93.52
G1 F2700 X137.118 Y93.52 E3578.76761
G0 F9000 X137.398 Y93.8
G1 F2700 X82.705 Y93.8 E3579.97731
G0 F9000 X82.426 Y94.08
G1 F2700 X137.677 Y94.08 E3581.19936
G0 F9000 X137.956 Y94.36
G1 F2700 X82.146 Y94.36 E3582.43376
G0 F9000 X81.866 Y94.64
G1 F2700 X138.236 Y94.64 E3583.68055
G0 F9000 X138.515 Y94.92
G1 F2700 X81.587 Y94.92 E3584.93968
G0 F9000 X81.307 Y95.2
G1 F2700 X138.794 Y95.2 E3586.21118
G0 F9000 X139.074 Y95.48
G1 F2700 X81.027 Y95.48 E3587.49506
G0 F9000 X80.748 Y95.76
G1 F2700 X139.353 Y95.76 E3588.79129
G0 F9000 X139.633 Y96.04
G1 F2700 X80.468 Y96.04 E3590.0999
G0 F9000 X80.189 Y96.32
G1 F2700 X139.912 Y96.32 E3591.42085
G0 F9000 X140.191 Y96.6
G1 F2700 X79.909 Y96.6 E3592.75417
G0 F9000 X79.629 Y96.88
G1 F2700 X140.471 Y96.88 E3594.09987
G0 F9000 X140.75 Y97.16
G1 F2700 X79.35 Y97.16 E3595.45792
G0 F9000 X79.07 Y97.44
G1 F2700 X141.029 Y97.44 E3596.82832
G0 F9000 X141.309 Y97.72
G1 F2700 X78.79 Y97.72 E3598.21112
G0 F9000 X78.511 Y98
G1 F2700 X141.588 Y98 E3599.60626
G0 F9000 X141.868 Y98.28
G1 F2700 X78.231 Y98.28 E3601.01378
G0 F9000 X77.952 Y98.56
G1 F2700 X142.147 Y98.56 E3602.43364
G0 F9000 X142.426 Y98.84
G1 F2700 X77.672 Y98.84 E3603.86587
G0 F9000 X77.392 Y99.12
G1 F2700 X142.706 Y99.12 E3605.31049
G0 F9000 X142.985 Y99.4
G1 F2700 X77.113 Y99.4 E3606.76744
G0 F9000 X76.833 Y99.68
G1 F2700 X143.264 Y99.68 E3608.23676
G0 F9000 X143.544 Y99.96
G1 F2700 X76.553 Y99.96 E3609.71847
G0 F9000 X76.274 Y100.24
G1 F2700 X143.823 Y100.24 E3611.21252
G0 F9000 X144.103 Y100.52
G1 F2700 X75.994 Y100.52 E3612.71895
G0 F9000 X75.714 Y100.8
G1 F2700 X144.382 Y100.8 E3614.23775
G0 F9000 X144.661 Y101.08
G1 F2700 X75.435 Y101.08 E3615.76889
G0 F9000 X75.155 Y101.36
G1 F2700 X144.941 Y101.36 E3617.31241
G0 F9000 X145.22 Y101.64
G1 F2700 X74.876 Y101.64 E3618.86828
G0 F9000 X74.596 Y101.92
G1 F2700 X145.499 Y101.92 E3620.43651
G0 F9000 X145.779 Y102.2
G1 F2700 X74.316 Y102.2 E3622.01713
G0 F9000 X74.037 Y102.48
G1 F2700 X146.058 Y102.48 E3623.61009
G0 F9000 X146.338 Y102.76
G1 F2700 X73.757 Y102.76 E3625.21544
G0 F9000 X73.477 Y103.04
G1 F2700 X146.617 Y103.04 E3626.83315
G0 F9000 X146.896 Y103.32
G1 F2700 X73.198 Y103.32 E3628.4632
G0 F9000 X72.918 Y103.6
G1 F2700 X147.176 Y103.6 E3630.10564
G0 F9000 X147.455 Y103.88
G1 F2700 X72.638 Y103.88 E3631.76044
G0 F9000 X72.359 Y104.16
G1 F2700 X147.735 Y104.16 E3633.4276
G0 F9000 X148.014 Y104.44
G1 F2700 X72.079 Y104.44 E3635.10713
G0 F9000 X71.8 Y104.72
G1 F2700 X148.293 Y104.72 E3636.79901
G0 F9000 X148.573 Y105
G1 F2700 X71.52 Y105 E3638.50326
G0 F9000 X71.24 Y105.28
G1 F2700 X148.852 Y105.28 E3640.21988
G0 F9000 X149.131 Y105.56
G1 F2700 X70.961 Y105.56 E3641.94885
G0 F9000 X70.681 Y105.84
G1 F2700 X149.411 Y105.84 E3643.6902
G0 F9000 X149.69 Y106.12
G1 F2700 X70.401 Y106.12 E3645.44391
G0 F9000 X70.122 Y106.4
G1 F2700 X149.97 Y106.4 E3647.20999
G0 F9000 X150.249 Y106.68
G1 F2700 X69.842 Y106.68 E3648.98843
G0 F9000 X69.562 Y106.96
G1 F2700 X150.528 Y106.96 E3650.77923
G0 F9000 X150.808 Y107.24
G1 F2700 X69.283 Y107.24 E3652.5824
G0 F9000 X69.003 Y107.52
G1 F2700 X151.087 Y107.52 E3654.39794
G0 F9000 X151.366 Y107.8
G1 F2700 X68.724 Y107.8 E3656.22581
G0 F9000 X68.444 Y108.08
G1 F2700 X151.646 Y108.08 E3658.06607
G0 F9000 X151.925 Y108.36
G1 F2700 X68.164 Y108.36 E3659.9187
G0 F9000 X67.885 Y108.64
G1 F2700 X152.205 Y108.64 E3661.78369
G0 F9000 X152.484 Y108.92
G1 F2700 X67.605 Y108.92 E3663.66104
G0 F9000 X67.325 Y109.2
G1 F2700 X152.763 Y109.2 E3665.55076
G0 F9000 X153.043 Y109.48
G1 F2700 X67.046 Y109.48 E3667.45284
G0 F9000 X66.766 Y109.76
G1 F2700 X153.322 Y109.76 E3669.36728
G0 F9000 X153.598 Y110.04
G1 F2700 X66.486 Y110.04 E3671.29402
G0 F9000 X66.22 Y110.32
G1 F2700 X153.842 Y110.32 E3673.23205
G0 F9000 X154.087 Y110.6
G1 F2700 X65.958 Y110.6 E3675.18128
G0 F9000 X65.695 Y110.88
G1 F2700 X154.331 Y110.88 E3677.14173
G0 F9000 X154.576 Y111.16
G1 F2700 X65.431 Y111.16 E3679.11344
G0 F9000 X65.177 Y111.44
G1 F2700 X154.821 Y111.44 E3681.09619
G0 F9000 X155.065 Y111.72
G1 F2700 X64.946 Y111.72 E3683.08944
G0 F9000 X64.716 Y112
G1 F2700 X155.31 Y112 E3685.09319
G0 F9000 X155.554 Y112.28
G1 F2700 X64.486 Y112.28 E3687.10743
G0 F9000 X64.255 Y112.56
G1 F2700 X155.799 Y112.56 E3689.1322
G0 F9000 X156.015 Y112.84
G1 F2700 X64.042 Y112.84 E3691.16646
G0 F9000 X63.841 Y113.12
G1 F2700 X156.2 Y113.12 E3693.20926
G0 F9000 X156.385 Y113.4
G1 F2700 X63.64 Y113.4 E3695.26059
G0 F9000 X63.439 Y113.68
G1 F2700 X156.57 Y113.68 E3697.32046
G0 F9000 X156.755 Y113.96
G1 F2700 X63.238 Y113.96 E3699.38887
G0 F9000 X63.054 Y114.24
G1 F2700 X156.94 Y114.24 E3701.46544
G0 F9000 X157.125 Y114.52
G1 F2700 X62.879 Y114.52 E3703.54997
G0 F9000 X62.704 Y114.8
G1 F2700 X157.31 Y114.8 E3705.64246
G0 F9000 X157.495 Y115.08
G1 F2700 X62.529 Y115.08 E3707.74292
G0 F9000 X62.354 Y115.36
G1 F2700 X157.681 Y115.36 E3709.85136
G0 F9000 X157.85 Y115.64
G1 F2700 X62.193 Y115.64 E3711.9671
G0 F9000 X62.043 Y115.92
G1 F2700 X157.986 Y115.92 E3714.08917
G0 F9000 X158.121 Y116.2
G1 F2700 X61.893 Y116.2 E3716.21754
G0 F9000 X61.743 Y116.48
G1 F2700 X158.257 Y116.48 E3718.35224
G0 F9000 X158.393 Y116.76
G1 F2700 X61.593 Y116.76 E3720.49326
G0 F9000 X61.448 Y117.04
G1 F2700 X158.529 Y117.04 E3722.64049
G0 F9000 X158.665 Y117.32
G1 F2700 X61.32 Y117.32 E3724.79357
G0 F9000 X61.193 Y117.6
G1 F2700 X158.801 Y117.6 E3726.95246
G0 F9000 X158.937 Y117.88
G1 F2700 X61.066 Y117.88 E3729.11717
G0 F9000 X60.938 Y118.16
G1 F2700 X159.073 Y118.16 E3731.28772
G0 F9000 X159.209 Y118.44
G1 F2700 X60.811 Y118.44 E3733.46409
G0 F9000 X60.699 Y118.72
G1 F2700 X159.327 Y118.72 E3735.64554
G0 F9000 X159.42 Y119
G1 F2700 X60.594 Y119 E3737.83137
G0 F9000 X60.488 Y119.28
G1 F2700 X159.512 Y119.28 E3740.02158
G0 F9000 X159.604 Y119.56
G1 F2700 X60.382 Y119.56 E3742.21618
G0 F9000 X60.276 Y119.84
G1 F2700 X159.697 Y119.84 E3744.41517
G0 F9000 X159.789 Y120.12
G1 F2700 X60.174 Y120.12 E3746.61845
G0 F9000 X60.089 Y120.4
G1 F2700 X159.881 Y120.4 E3748.82565
G0 F9000 X159.974 Y120.68
G1 F2700 X60.005 Y120.68 E3751.03676
G0 F9000 X59.92 Y120.96
G1 F2700 X160.066 Y120.96 E3753.25179
G0 F9000 X160.158 Y121.24
G1 F2700 X59.836 Y121.24 E3755.47071
G0 F9000 X59.751 Y121.52
G1 F2700 X160.251 Y121.52 E3757.69357
G0 F9000 X160.342 Y121.8
G1 F2700 X59.675 Y121.8 E3759.92012
G0 F9000 X59.609 Y122.08
G1 F2700 X160.396 Y122.08 E3762.14933
G0 F9000 X160.45 Y122.36
G1 F2700 X59.543 Y122.36 E3764.38119
G0 F9000 X59.477 Y122.64
G1 F2700 X160.504 Y122.64 E3766.6157
G0 F9000 X160.558 Y122.92
G1 F2700 X59.411 Y122.92 E3768.85287
G0 F9000 X59.345 Y123.2
G1 F2700 X160.612 Y123.2 E3771.09269
G0 F9000 X160.666 Y123.48
G1 F2700 X59.291 Y123.48 E3773.3349
G0 F9000 X59.245 Y123.76
G1 F2700 X160.721 Y123.76 E3775.57935
G0 F9000 X160.775 Y124.04
G1 F2700 X59.199 Y124.04 E3777.82601
G0 F9000 X59.152 Y124.32
G1 F2700 X160.829 Y124.32 E3780.0749
G0 F9000 X160.883 Y124.6
G1 F2700 X59.106 Y124.6 E3782.326
G0 F9000 X59.06 Y124.88
G1 F2700 X160.937 Y124.88 E3784.57931
G0 F9000 X160.977 Y125.16
G1 F2700 X59.026 Y125.16 E3786.83427
G0 F9000 X58.998 Y125.44
G1 F2700 X160.994 Y125.44 E3789.09021
G0 F9000 X161.012 Y125.72
G1 F2700 X58.97 Y125.72 E3791.34718
G0 F9000 X58.942 Y126
G1 F2700 X161.03 Y126 E3793.60516
G0 F9000 X161.048 Y126.28
G1 F2700 X58.914 Y126.28 E3795.86416
G0 F9000 X58.886 Y126.56
G1 F2700 X161.066 Y126.56 E3798.12417
G0 F9000 X161.083 Y126.84
G1 F2700 X58.869 Y126.84 E3800.38494
G0 F9000 X58.86 Y127.12
G1 F2700 X161.101 Y127.12 E3802.64631
G0 F9000 X161.119 Y127.4
G1 F2700 X58.851 Y127.4 E3804.90827
G0 F9000 X58.842 Y127.68
G1 F2700 X161.137 Y127.68 E3807.17083
G0 F9000 X161.155 Y127.96
G1 F2700 X58.833 Y127.96 E3809.43399
G0 F9000 X58.823 Y128.24
G1 F2700 X161.172 Y128.24 E3811.69774
G0 F9000 X161.168 Y128.52
G1 F2700 X58.822 Y128.52 E3813.96143
G0 F9000 X58.831 Y128.8
G1 F2700 X161.15 Y128.8 E3816.22452
G0 F9000 X161.132 Y129.08
G1 F2700 X58.84 Y129.08 E3818.48701
G0 F9000 X58.849 Y129.36
G1 F2700 X161.114 Y129.36 E3820.74891
G0 F9000 X161.096 Y129.64
G1 F2700 X58.858 Y129.64 E3823.01021
G0 F9000 X58.867 Y129.92
G1 F2700 X161.078 Y129.92 E3825.27091
G0 F9000 X161.06 Y130.2
G1 F2700 X58.882 Y130.2 E3827.53088
G0 F9000 X58.91 Y130.48
G1 F2700 X161.042 Y130.48 E3829.78983
G0 F9000 X161.025 Y130.76
G1 F2700 X58.937 Y130.76 E3832.04782
G0 F9000 X58.965 Y131.04
G1 F2700 X161.007 Y131.04 E3834.30478
G0 F9000 X160.989 Y131.32
G1 F2700 X58.993 Y131.32 E3836.56073
G0 F9000 X59.021 Y131.6
G1 F2700 X160.971 Y131.6 E3838.81566
G0 F9000 X160.922 Y131.88
G1 F2700 X59.054 Y131.88 E3841.06877
G0 F9000 X59.1 Y132.16
G1 F2700 X160.868 Y132.16 E3843.31967
G0 F9000 X160.814 Y132.44
G1 F2700 X59.146 Y132.44 E3845.56837
G0 F9000 X59.192 Y132.72
G1 F2700 X160.761 Y132.72 E3847.81487
G0 F9000 X160.707 Y133
G1 F2700 X59.238 Y133 E3850.05916
G0 F9000 X59.284 Y133.28
G1 F2700 X160.653 Y133.28 E3852.30124
G0 F9000 X160.599 Y133.56
G1 F2700 X59.337 Y133.56 E3854.54095
G0 F9000 X59.402 Y133.84
G1 F2700 X160.546 Y133.84 E3856.77805
G0 F9000 X160.492 Y134.12
G1 F2700 X59.468 Y134.12 E3859.0125
G0 F9000 X59.534 Y134.4
G1 F2700 X160.438 Y134.4 E3861.24429
G0 F9000 X160.385 Y134.68
G1 F2700 X59.599 Y134.68 E3863.47348
G0 F9000 X59.665 Y134.96
G1 F2700 X160.323 Y134.96 E3865.69983
G0 F9000 X160.23 Y135.24
G1 F2700 X59.74 Y135.24 E3867.92247
G0 F9000 X59.825 Y135.52
G1 F2700 X160.137 Y135.52 E3870.14117
G0 F9000 X160.045 Y135.8
G1 F2700 X59.91 Y135.8 E3872.35595
G0 F9000 X59.994 Y136.08
G1 F2700 X159.952 Y136.08 E3874.56682
G0 F9000 X159.859 Y136.36
G1 F2700 X60.079 Y136.36 E3876.77375
G0 F9000 X60.164 Y136.64
G1 F2700 X159.767 Y136.64 E3878.97677
G0 F9000 X159.674 Y136.92
G1 F2700 X60.263 Y136.92 E3881.17554
G0 F9000 X60.369 Y137.2
G1 F2700 X159.581 Y137.2 E3883.36991
G0 F9000 X159.488 Y137.48
G1 F2700 X60.475 Y137.48 E3885.55988
G0 F9000 X60.581 Y137.76
G1 F2700 X159.396 Y137.76 E3887.74547
G0 F9000 X159.303 Y138.04
G1 F2700 X60.687 Y138.04 E3889.92666
G0 F9000 X60.795 Y138.32
G1 F2700 X159.174 Y138.32 E3892.1026
G0 F9000 X159.038 Y138.6
G1 F2700 X60.922 Y138.6 E3894.27273
G0 F9000 X61.049 Y138.88
G1 F2700 X158.902 Y138.88 E3896.43704
G0 F9000 X158.766 Y139.16
G1 F2700 X61.176 Y139.16 E3898.59554
G0 F9000 X61.303 Y139.44
G1 F2700 X158.63 Y139.44 E3900.74822
G0 F9000 X158.494 Y139.72
G1 F2700 X61.43 Y139.72 E3902.89508
G0 F9000 X61.573 Y140
G1 F2700 X158.359 Y140 E3905.03579
G0 F9000 X158.223 Y140.28
G1 F2700 X61.722 Y140.28 E3907.1702
G1 F2400 E3905.1702
G0 F9000 X61.491 Y140.403
G0 X62.99 Y142.837
G0 X64.552 Y144.914
G0 X66.263 Y146.821
G0 X67.563 Y148.043
G0 X69.627 Y149.655
G0 X71.801 Y151.057
G0 X74.104 Y152.2
G0 X76.447 Y153.118
G0 X78.9 Y153.783
G0 X81.355 Y154.229
G0 X83.86 Y154.413
G0 X86.363 Y154.388
G0 X88.861 Y154.095
G0 X91.323 Y153.59
G0 X93.745 Y152.817
G0 X96.074 Y151.842
G0 X98.321 Y150.599
G0 X100.468 Y149.148
G0 X101.829 Y148.04
G0 X109.332 Y140.79
G0 X110.511 Y140.8
G1 F1200 E3907.1702
G0 F9000 X110.606 Y140.56
G1 F2700 X158.087 Y140.56 E3908.22038
G0 F9000 X157.951 Y140.84
G1 F2700 X111.072 Y140.84 E3909.25725
G0 F9000 X111.358 Y141.12
G1 F2700 X157.815 Y141.12 E3910.28479
G0 F9000 X157.633 Y141.4
G1 F2700 X111.643 Y141.4 E3911.30199
G0 F9000 X111.928 Y141.68
G1 F2700 X157.448 Y141.68 E3912.3088
G0 F9000 X157.263 Y141.96
G1 F2700 X112.214 Y141.96 E3913.3052
G0 F9000 X112.499 Y142.24
G1 F2700 X157.078 Y142.24 E3914.29119
G0 F9000 X156.893 Y142.52
G1 F2700 X112.784 Y142.52 E3915.2668
G0 F9000 X113.07 Y142.8
G1 F2700 X156.708 Y142.8 E3916.23198
G0 F9000 X156.523 Y143.08
G1 F2700 X113.355 Y143.08 E3917.18677
G0 F9000 X113.641 Y143.36
G1 F2700 X156.338 Y143.36 E3918.13114
G0 F9000 X156.153 Y143.64
G1 F2700 X113.926 Y143.64 E3919.06512
G0 F9000 X114.211 Y143.92
G1 F2700 X155.968 Y143.92 E3919.9887
G0 F9000 X155.74 Y144.2
G1 F2700 X114.497 Y144.2 E3920.90091
G0 F9000 X114.782 Y144.48
G1 F2700 X155.496 Y144.48 E3921.80142
G0 F9000 X155.251 Y144.76
G1 F2700 X115.067 Y144.76 E3922.69021
G0 F9000 X115.353 Y145.04
G1 F2700 X155.006 Y145.04 E3923.56726
G0 F9000 X154.761 Y145.32
G1 F2700 X115.638 Y145.32 E3924.43258
G0 F9000 X115.923 Y145.6
G1 F2700 X154.516 Y145.6 E3925.28618
G0 F9000 X154.271 Y145.88
G1 F2700 X116.209 Y145.88 E3926.12803
G0 F9000 X116.494 Y146.16
G1 F2700 X154.027 Y146.16 E3926.95819
G0 F9000 X153.782 Y146.44
G1 F2700 X116.779 Y146.44 E3927.77662
G0 F9000 X117.08 Y146.72
G1 F2700 X153.519 Y146.72 E3928.58258
G0 F9000 X153.198 Y147
G1 F2700 X117.401 Y147 E3929.37434
G0 F9000 X117.721 Y147.28
G1 F2700 X152.877 Y147.28 E3930.15192
G0 F9000 X152.557 Y147.56
G1 F2700 X118.042 Y147.56 E3930.91532
G0 F9000 X118.362 Y147.84
G1 F2700 X152.236 Y147.84 E3931.66454
G0 F9000 X151.915 Y148.12
G1 F2700 X118.683 Y148.12 E3932.39957
G0 F9000 X119.004 Y148.4
G1 F2700 X151.595 Y148.4 E3933.12042
G0 F9000 X151.274 Y148.68
G1 F2700 X119.324 Y148.68 E3933.82709
G0 F9000 X119.648 Y148.96
G1 F2700 X150.95 Y148.96 E3934.51942
G0 F9000 X150.527 Y149.24
G1 F2700 X120.072 Y149.24 E3935.19303
G0 F9000 X120.496 Y149.52
G1 F2700 X150.103 Y149.52 E3935.84787
G0 F9000 X149.68 Y149.8
G1 F2700 X120.919 Y149.8 E3936.48401
G0 F9000 X121.343 Y150.08
G1 F2700 X149.257 Y150.08 E3937.10141
G0 F9000 X148.833 Y150.36
G1 F2700 X121.767 Y150.36 E3937.70006
G0 F9000 X122.19 Y150.64
G1 F2700 X148.41 Y150.64 E3938.27999
G0 F9000 X147.946 Y150.92
G1 F2700 X122.655 Y150.92 E3938.83938
G0 F9000 X123.232 Y151.2
G1 F2700 X147.369 Y151.2 E3939.37324
G0 F9000 X146.792 Y151.48
G1 F2700 X123.809 Y151.48 E3939.88158
G0 F9000 X124.385 Y151.76
G1 F2700 X146.214 Y151.76 E3940.36439
G0 F9000 X145.637 Y152.04
G1 F2700 X124.962 Y152.04 E3940.82168
G0 F9000 X125.539 Y152.32
G1 F2700 X145.06 Y152.32 E3941.25344
G0 F9000 X144.22 Y152.6
G1 F2700 X126.377 Y152.6 E3941.6481
G0 F9000 X127.225 Y152.88
G1 F2700 X143.372 Y152.88 E3942.00523
G0 F9000 X142.524 Y153.16
G1 F2700 X128.072 Y153.16 E3942.32488
G0 F9000 X127.99 Y153.408
G0 X129 Y153.696
G0 X129.049 Y153.44
G1 F2700 X141.537 Y153.44 E3942.60109
G0 F9000 X141.586 Y153.699
G0 X140.134 Y153.98
G0 X140.085 Y153.72
G1 F2700 X130.507 Y153.72 E3942.81294
G0 F9000 X130.458 Y153.978
G0 X131.916 Y154.259
G0 X131.966 Y154
G1 F2700 X138.632 Y154 E3942.96038
G1 F2400 E3940.96038
G0 F9000 X138.681 Y154.26
G0 X135.289 Y154.422
G0 X131.981 Y154.21
G0 X128.679 Y153.573
G0 X125.49 Y152.519
G0 X122.403 Y151.022
G0 X119.513 Y149.113
G0 X110.009 Y140.855
G0 X109.523 Y140.792
G1 F1200 E3942.96038
G0 F9000 X109.432 Y140.56
G1 F2700 X61.872 Y140.56 E3944.01231
G0 F9000 X62.022 Y140.84
G1 F2700 X108.941 Y140.84 E3945.05006
G0 F9000 X108.656 Y141.12
G1 F2700 X62.172 Y141.12 E3946.0782
G0 F9000 X62.331 Y141.4
G1 F2700 X108.37 Y141.4 E3947.09649
G0 F9000 X108.085 Y141.68
G1 F2700 X62.506 Y141.68 E3948.1046
G0 F9000 X62.68 Y141.96
G1 F2700 X107.799 Y141.96 E3949.10254
G0 F9000 X107.514 Y142.24
G1 F2700 X62.855 Y142.24 E3950.09031
G0 F9000 X63.03 Y142.52
G1 F2700 X107.228 Y142.52 E3951.06788
G0 F9000 X106.943 Y142.8
G1 F2700 X63.212 Y142.8 E3952.03512
G0 F9000 X63.413 Y143.08
G1 F2700 X106.657 Y143.08 E3952.99159
G0 F9000 X106.372 Y143.36
G1 F2700 X63.614 Y143.36 E3953.93732
G0 F9000 X63.815 Y143.64
G1 F2700 X106.087 Y143.64 E3954.87229
G0 F9000 X105.801 Y143.92
G1 F2700 X64.016 Y143.92 E3955.79649
G0 F9000 X64.228 Y144.2
G1 F2700 X105.516 Y144.2 E3956.70969
G0 F9000 X105.23 Y144.48
G1 F2700 X64.458 Y144.48 E3957.61149
G0 F9000 X64.688 Y144.76
G1 F2700 X104.945 Y144.76 E3958.50189
G0 F9000 X104.659 Y145.04
G1 F2700 X64.918 Y145.04 E3959.38088
G0 F9000 X65.148 Y145.32
G1 F2700 X104.374 Y145.32 E3960.24848
G0 F9000 X104.088 Y145.6
G1 F2700 X65.398 Y145.6 E3961.10423
G0 F9000 X65.66 Y145.88
G1 F2700 X103.803 Y145.88 E3961.94788
G0 F9000 X103.517 Y146.16
G1 F2700 X65.921 Y146.16 E3962.77942
G0 F9000 X66.183 Y146.44
G1 F2700 X103.232 Y146.44 E3963.59887
G0 F9000 X102.943 Y146.72
G1 F2700 X66.45 Y146.72 E3964.40603
G0 F9000 X66.748 Y147
G1 F2700 X102.643 Y147 E3965.19995
G0 F9000 X102.342 Y147.28
G1 F2700 X67.045 Y147.28 E3965.98065
G0 F9000 X67.343 Y147.56
G1 F2700 X102.042 Y147.56 E3966.74812
G0 F9000 X101.742 Y147.84
G1 F2700 X67.64 Y147.84 E3967.50239
G0 F9000 X67.975 Y148.12
G1 F2700 X101.405 Y148.12 E3968.24179
G0 F9000 X101.062 Y148.4
G1 F2700 X68.318 Y148.4 E3968.96602
G0 F9000 X68.66 Y148.68
G1 F2700 X100.718 Y148.68 E3969.67508
G0 F9000 X100.374 Y148.96
G1 F2700 X69.003 Y148.96 E3970.36895
G0 F9000 X69.391 Y149.24
G1 F2700 X99.984 Y149.24 E3971.0456
G0 F9000 X99.59 Y149.52
G1 F2700 X69.786 Y149.52 E3971.70481
G0 F9000 X70.18 Y149.8
G1 F2700 X99.195 Y149.8 E3972.34656
G0 F9000 X98.779 Y150.08
G1 F2700 X70.594 Y150.08 E3972.96996
G0 F9000 X71.051 Y150.36
G1 F2700 X98.322 Y150.36 E3973.57314
G0 F9000 X97.865 Y150.64
G1 F2700 X71.507 Y150.64 E3974.15612
G0 F9000 X71.975 Y150.92
G1 F2700 X97.396 Y150.92 E3974.71838
G0 F9000 X96.861 Y151.2
G1 F2700 X72.509 Y151.2 E3975.257
G0 F9000 X73.044 Y151.48
G1 F2700 X96.326 Y151.48 E3975.77195
G0 F9000 X95.756 Y151.76
G1 F2700 X73.61 Y151.76 E3976.26178
G0 F9000 X74.241 Y152.04
G1 F2700 X95.124 Y152.04 E3976.72367
G0 F9000 X94.493 Y152.32
G1 F2700 X74.872 Y152.32 E3977.15764
G0 F9000 X75.619 Y152.6
G1 F2700 X93.743 Y152.6 E3977.55851
G0 F9000 X92.982 Y152.88
G1 F2700 X76.383 Y152.88 E3977.92565
G0 F9000 X77.308 Y153.16
G1 F2700 X92.06 Y153.16 E3978.25193
G0 F9000 X92.126 Y153.416
G0 X91.117 Y153.699
G0 X91.059 Y153.44
G1 F2700 X78.31 Y153.44 E3978.53391
G0 F9000 X78.251 Y153.697
G0 X79.483 Y153.976
G0 X79.542 Y153.72
G1 F2700 X89.826 Y153.72 E3978.76137
G0 F9000 X89.884 Y153.979
G0 X88.214 Y154.26
G0 X88.173 Y154
G1 F2700 X81.204 Y154 E3978.91552
G0 F9000 X81.159 Y154.286
G1 F2400 E3976.91552
;MESH:NONMESH
G0 F600 X81.159 Y154.286 Z2.48
G0 F9000 X84.695 Y154.442
G0 X87.192 Y154.309
G0 X89.684 Y153.962
G0 X92.11 Y153.358
G0 X94.522 Y152.531
G0 X96.821 Y151.451
G0 X99.053 Y150.151
G0 X101.14 Y148.601
G0 X102.145 Y147.71
G0 X109.645 Y140.889
;TIME_ELAPSED:3529.257593
;LAYER:11
;TYPE:WALL-INNER
;MESH:PictureFrame_photo_support.stl
G1 F1200 E3978.91552
G1 F3900 X110.01 Y140.851 E3978.93001
G1 X110.383 Y140.911 E3978.94493
G1 X110.711 Y141.062 E3978.95919
G1 X116.662 Y146.902 E3979.28851
G1 X119.385 Y149.282 E3979.43135
G1 X122.298 Y151.205 E3979.56921
G1 X125.411 Y152.714 E3979.70585
G1 X128.626 Y153.778 E3979.8396
G1 X131.954 Y154.42 E3979.97347
G1 X135.289 Y154.632 E3980.10545
G1 X138.646 Y154.42 E3980.23831
G1 X141.987 Y153.774 E3980.37271
G1 X145.192 Y152.713 E3980.50605
G1 X148.301 Y151.207 E3980.64249
G1 X151.214 Y149.283 E3980.78038
G1 X153.888 Y146.946 E3980.92064
G1 X156.243 Y144.253 E3981.06194
G1 X158.167 Y141.341 E3981.19979
G1 X159.674 Y138.231 E3981.33628
G1 X160.739 Y135.017 E3981.47001
G1 X161.381 Y131.69 E3981.60384
G1 X161.593 Y128.356 E3981.73579
G1 X161.381 Y124.997 E3981.86872
G1 X160.737 Y121.673 E3982.00245
G1 X159.675 Y118.462 E3982.13603
G1 X158.165 Y115.346 E3982.27279
G1 X156.257 Y112.456 E3982.40956
G1 X153.872 Y109.726 E3982.55274
G1 X110.027 Y65.782 E3985.00453
G1 X107.585 Y68.301 E3985.1431
G1 X66.136 Y109.806 E3987.45985
G1 X64.927 Y111.094 E3987.52962
G1 X63.827 Y112.431 E3987.59801
G1 X62.823 Y113.829 E3987.66599
G1 X61.915 Y115.282 E3987.73366
G1 X61.103 Y116.799 E3987.80162
G1 X60.397 Y118.351 E3987.86896
G1 X59.795 Y119.945 E3987.93626
G1 X59.305 Y121.563 E3988.00303
G1 X58.914 Y123.233 E3988.07077
G1 X58.634 Y124.925 E3988.13851
G1 X58.463 Y126.648 E3988.2069
G1 X58.405 Y128.392 E3988.27582
G1 X58.462 Y130.134 E3988.34466
G1 X58.632 Y131.855 E3988.41296
G1 X58.912 Y133.552 E3988.48089
G1 X59.298 Y135.206 E3988.54797
G1 X59.8 Y136.863 E3988.61636
G1 X60.398 Y138.444 E3988.68312
G1 X61.103 Y139.997 E3988.75048
G1 X61.914 Y141.511 E3988.81832
G1 X62.815 Y142.954 E3988.88551
G1 X63.818 Y144.353 E3988.9535
G1 X64.925 Y145.699 E3989.02233
G1 X66.114 Y146.969 E3989.09104
G1 X67.424 Y148.201 E3989.16207
G1 X68.795 Y149.322 E3989.23202
G1 X70.22 Y150.335 E3989.30107
G1 X71.696 Y151.24 E3989.36945
G1 X73.222 Y152.04 E3989.4375
G1 X74.796 Y152.738 E3989.50551
G1 X76.38 Y153.318 E3989.57213
G1 X78.011 Y153.797 E3989.63927
G1 X79.676 Y154.175 E3989.70671
G1 X81.329 Y154.438 E3989.77282
G1 X83.008 Y154.597 E3989.83943
G1 X84.695 Y154.652 E3989.90609
G1 X86.377 Y154.598 E3989.97256
G1 X88.057 Y154.438 E3990.03922
G1 X89.725 Y154.169 E3990.10595
G1 X91.376 Y153.794 E3990.17282
G1 X93.004 Y153.315 E3990.23984
G1 X94.601 Y152.726 E3990.30707
G1 X96.166 Y152.031 E3990.3747
G1 X97.69 Y151.233 E3990.44265
G1 X99.168 Y150.327 E3990.51112
G1 X100.596 Y149.316 E3990.58022
G1 X101.967 Y148.199 E3990.65007
G1 X103.298 Y146.957 E3990.72197
G1 X109.218 Y141.147 E3991.04958
G1 X109.645 Y140.889 E3991.06929
G0 F9000 X109.681 Y141.432
G1 F3900 X109.973 Y141.352 E3991.08125
G1 X110.19 Y141.375 E3991.08987
G1 X110.417 Y141.472 E3991.09962
G1 X116.322 Y147.269 E3991.42645
G1 X119.082 Y149.68 E3991.57119
G1 X122.051 Y151.641 E3991.71173
G1 X125.222 Y153.178 E3991.85091
G1 X128.499 Y154.263 E3991.98724
G1 X131.89 Y154.917 E3992.12365
G1 X135.289 Y155.133 E3992.25816
G1 X138.71 Y154.917 E3992.39355
G1 X142.113 Y154.259 E3992.53045
G1 X145.381 Y153.177 E3992.66641
G1 X148.548 Y151.643 E3992.8054
G1 X151.517 Y149.681 E3992.94595
G1 X154.242 Y147.3 E3993.08888
G1 X156.642 Y144.557 E3993.23283
G1 X158.603 Y141.589 E3993.37333
G1 X160.138 Y138.42 E3993.51241
G1 X161.224 Y135.143 E3993.64876
G1 X161.878 Y131.754 E3993.78508
G1 X162.094 Y128.356 E3993.91956
G1 X161.878 Y124.933 E3994.05503
G1 X161.222 Y121.547 E3994.19125
G1 X160.139 Y118.273 E3994.32745
G1 X158.601 Y115.099 E3994.46676
G1 X156.655 Y112.153 E3994.6062
G1 X154.238 Y109.384 E3994.75137
G1 X110.018 Y65.065 E3997.22411
G1 X107.231 Y67.947 E3997.38246
G1 X65.777 Y109.458 E3999.69952
G1 X64.552 Y110.764 E3999.77024
G1 X63.431 Y112.126 E3999.83991
G1 X62.407 Y113.55 E3999.90919
G1 X61.483 Y115.032 E3999.97816
G1 X60.654 Y116.577 E4000.04742
G1 X59.935 Y118.159 E4000.11605
G1 X59.322 Y119.784 E4000.18465
G1 X58.822 Y121.433 E4000.2527
G1 X58.423 Y123.135 E4000.32175
G1 X58.138 Y124.859 E4000.39077
G1 X57.963 Y126.615 E4000.46046
G1 X57.905 Y128.392 E4000.53069
G1 X57.962 Y130.167 E4000.60083
G1 X58.136 Y131.92 E4000.67041
G1 X58.421 Y133.65 E4000.73966
G1 X58.815 Y135.335 E4000.808
G1 X59.327 Y137.024 E4000.87771
G1 X59.936 Y138.636 E4000.94577
G1 X60.654 Y140.218 E4001.01439
G1 X61.481 Y141.762 E4001.08357
G1 X62.399 Y143.233 E4001.15205
G1 X63.422 Y144.658 E4001.22134
G1 X64.549 Y146.029 E4001.29143
G1 X65.76 Y147.323 E4001.36143
G1 X67.094 Y148.577 E4001.43374
G1 X68.491 Y149.72 E4001.50504
G1 X69.944 Y150.752 E4001.57543
G1 X71.449 Y151.675 E4001.64516
G1 X73.004 Y152.491 E4001.71452
G1 X74.609 Y153.202 E4001.78385
G1 X76.224 Y153.793 E4001.85177
G1 X77.885 Y154.282 E4001.92016
G1 X79.581 Y154.666 E4001.98884
G1 X81.266 Y154.935 E4002.05624
G1 X82.977 Y155.097 E4002.12412
G1 X84.695 Y155.152 E4002.19201
G1 X86.409 Y155.098 E4002.25974
G1 X88.12 Y154.934 E4002.32762
G1 X89.82 Y154.66 E4002.39563
G1 X91.502 Y154.278 E4002.46376
G1 X93.161 Y153.79 E4002.53206
G1 X94.789 Y153.189 E4002.6006
G1 X96.384 Y152.482 E4002.66951
G1 X97.937 Y151.668 E4002.73876
G1 X99.444 Y150.745 E4002.80856
G1 X100.899 Y149.714 E4002.87899
G1 X102.296 Y148.576 E4002.95016
G1 X103.643 Y147.318 E4003.02295
G1 X109.547 Y141.524 E4003.34967
G1 X109.681 Y141.432 E4003.35609
G0 F9000 X109.961 Y141.831
;TYPE:WALL-OUTER
G1 F3000 X110.138 Y141.867 E4003.36251
G1 X115.999 Y147.617 E4003.65437
G1 X118.793 Y150.059 E4003.78628
G1 X121.815 Y152.055 E4003.91502
G1 X125.043 Y153.62 E4004.04254
G1 X128.379 Y154.723 E4004.16744
G1 X131.83 Y155.389 E4004.29237
G1 X135.289 Y155.609 E4004.41558
G1 X138.77 Y155.389 E4004.53956
G1 X142.234 Y154.719 E4004.66498
G1 X145.56 Y153.619 E4004.7895
G1 X148.784 Y152.057 E4004.91685
G1 X151.806 Y150.06 E4005.04561
G1 X154.579 Y147.637 E4005.17651
G1 X157.02 Y144.846 E4005.30831
G1 X159.017 Y141.825 E4005.43704
G1 X160.58 Y138.599 E4005.56446
G1 X161.684 Y135.264 E4005.68934
G1 X162.35 Y131.814 E4005.81424
G1 X162.57 Y128.356 E4005.93741
G1 X162.35 Y124.873 E4006.06146
G1 X161.682 Y121.426 E4006.18627
G1 X160.581 Y118.094 E4006.31101
G1 X159.015 Y114.863 E4006.43864
G1 X157.034 Y111.864 E4006.56641
G1 X154.585 Y109.06 E4006.69874
G1 X110.012 Y64.387 E4008.94197
G1 X106.895 Y67.612 E4009.10141
G1 X65.435 Y109.128 E4011.18704
G1 X64.195 Y110.45 E4011.25147
G1 X63.054 Y111.836 E4011.31528
G1 X62.013 Y113.286 E4011.37873
G1 X61.071 Y114.793 E4011.44191
G1 X60.228 Y116.366 E4011.50535
G1 X59.496 Y117.977 E4011.56825
G1 X58.872 Y119.631 E4011.63108
G1 X58.363 Y121.31 E4011.69345
G1 X57.957 Y123.042 E4011.75669
G1 X57.667 Y124.797 E4011.81992
G1 X57.489 Y126.583 E4011.88372
G1 X57.43 Y128.392 E4011.94806
G1 X57.488 Y130.198 E4012.01229
G1 X57.665 Y131.982 E4012.07601
G1 X57.955 Y133.743 E4012.13945
G1 X58.356 Y135.458 E4012.20206
G1 X58.877 Y137.177 E4012.26591
G1 X59.497 Y138.818 E4012.32827
G1 X60.228 Y140.429 E4012.39115
G1 X61.069 Y142 E4012.4545
G1 X62.005 Y143.497 E4012.51725
G1 X63.045 Y144.947 E4012.58068
G1 X64.192 Y146.342 E4012.64488
G1 X65.424 Y147.658 E4012.70896
G1 X66.781 Y148.934 E4012.77517
G1 X68.203 Y150.098 E4012.8405
G1 X69.682 Y151.149 E4012.90499
G1 X71.215 Y152.089 E4012.96891
G1 X72.797 Y152.919 E4013.03242
G1 X74.431 Y153.643 E4013.09595
G1 X76.075 Y154.245 E4013.15818
G1 X77.765 Y154.742 E4013.2208
G1 X79.491 Y155.132 E4013.2837
G1 X81.206 Y155.406 E4013.34544
G1 X82.947 Y155.571 E4013.4076
G1 X84.695 Y155.627 E4013.46977
G1 X86.439 Y155.572 E4013.53179
G1 X88.181 Y155.405 E4013.594
G1 X89.911 Y155.127 E4013.65628
G1 X91.622 Y154.738 E4013.71866
G1 X93.311 Y154.241 E4013.78124
G1 X94.968 Y153.63 E4013.84402
G1 X96.591 Y152.91 E4013.90713
G1 X98.171 Y152.082 E4013.97054
G1 X99.706 Y151.142 E4014.03452
G1 X101.186 Y150.092 E4014.09903
G1 X102.609 Y148.934 E4014.16424
G1 X103.972 Y147.661 E4014.23054
G1 X109.855 Y141.886 E4014.52358
G1 X109.961 Y141.831 E4014.52783
G0 F9000 X110.138 Y141.867
G0 X110.152 Y141.881
G0 X110.645 Y141.38
G0 X109.801 Y140.716
G0 X109.778 Y140.46
;TYPE:SKIN
G1 F2700 X110.217 Y140.474 E4014.53754
G1 X110.638 Y140.59 E4014.5472
G1 X110.987 Y140.784 E4014.55603
G1 X116.927 Y146.615 E4014.74013
G1 X119.622 Y148.97 E4014.81929
G1 X122.491 Y150.865 E4014.89534
G1 X125.552 Y152.351 E4014.9706
G1 X128.738 Y153.404 E4015.04482
G1 X132.005 Y154.031 E4015.1184
G1 X135.29 Y154.241 E4015.1912
G1 X138.595 Y154.031 E4015.26445
G1 X141.875 Y153.399 E4015.33833
G1 X145.051 Y152.35 E4015.41231
G1 X148.108 Y150.867 E4015.48746
G1 X150.977 Y148.971 E4015.56352
G1 X153.613 Y146.668 E4015.64094
G1 X155.934 Y144.015 E4015.71891
G1 X157.827 Y141.149 E4015.79488
G1 X159.312 Y138.09 E4015.87009
G1 X160.366 Y134.905 E4015.94429
G1 X160.992 Y131.639 E4016.01784
G1 X161.202 Y128.353 E4016.09067
G1 X160.992 Y125.046 E4016.16396
G1 X160.362 Y121.785 E4016.23742
G1 X159.312 Y118.603 E4016.31154
G1 X157.825 Y115.539 E4016.38687
G1 X155.945 Y112.693 E4016.46231
G1 X153.586 Y109.994 E4016.54159
G1 X110.031 Y66.34 E4017.90552
G1 X107.877 Y68.561 E4017.97395
G1 X66.416 Y110.078 E4019.27171
G1 X65.221 Y111.352 E4019.31035
G1 X64.137 Y112.668 E4019.34806
G1 X63.148 Y114.046 E4019.38557
G1 X62.254 Y115.479 E4019.42293
G1 X61.453 Y116.972 E4019.4604
G1 X60.758 Y118.502 E4019.49757
G1 X60.165 Y120.07 E4019.53465
G1 X59.684 Y121.665 E4019.5715
G1 X59.297 Y123.31 E4019.60888
G1 X59.021 Y124.977 E4019.64625
G1 X58.852 Y126.673 E4019.68395
G1 X58.796 Y128.393 E4019.72201
G1 X58.851 Y130.107 E4019.75994
G1 X59.019 Y131.803 E4019.79764
G1 X59.295 Y133.473 E4019.83507
G1 X59.677 Y135.104 E4019.87212
G1 X60.166 Y136.722 E4019.90951
G1 X60.759 Y138.293 E4019.94665
G1 X61.453 Y139.823 E4019.98381
G1 X62.251 Y141.313 E4020.02119
G1 X63.14 Y142.737 E4020.05832
G1 X64.128 Y144.113 E4020.09579
G1 X65.218 Y145.44 E4020.13377
G1 X66.391 Y146.694 E4020.17175
G1 X67.682 Y147.906 E4020.21092
G1 X69.031 Y149.01 E4020.24947
G1 X70.434 Y150.007 E4020.28754
G1 X71.889 Y150.9 E4020.3253
G1 X73.391 Y151.688 E4020.36282
G1 X74.943 Y152.376 E4020.40037
G1 X76.504 Y152.948 E4020.43714
G1 X78.107 Y153.418 E4020.47408
G1 X79.75 Y153.791 E4020.51135
G1 X81.377 Y154.051 E4020.54779
G1 X83.034 Y154.208 E4020.58461
G1 X84.696 Y154.261 E4020.62138
G1 X86.351 Y154.209 E4020.65801
G1 X88.006 Y154.051 E4020.69478
G1 X89.65 Y153.785 E4020.73161
G1 X91.277 Y153.415 E4020.76852
G1 X92.868 Y152.946 E4020.80521
G1 X94.454 Y152.364 E4020.84257
G1 X95.996 Y151.679 E4020.87989
G1 X97.497 Y150.893 E4020.91737
G1 X98.953 Y150.001 E4020.95513
G1 X100.361 Y149.004 E4020.99329
G1 X101.71 Y147.904 E4021.03179
G1 X103.029 Y146.673 E4021.0717
G1 X108.974 Y140.842 E4021.25588
G1 X109.271 Y140.641 E4021.26381
G1 X109.778 Y140.46 E4021.27572
G1 F2400 E4019.27572
G0 F9000 X109.801 Y140.716
G0 X116.266 Y146.219
G0 X119.513 Y149.113
G0 X122.403 Y151.022
G0 X125.49 Y152.519
G0 X128.679 Y153.573
G0 X131.981 Y154.21
G0 X135.289 Y154.422
G0 X138.619 Y154.21
G0 X141.934 Y153.57
G0 X145.113 Y152.518
G0 X148.196 Y151.024
G0 X151.086 Y149.114
G0 X153.739 Y146.797
G0 X156.075 Y144.126
G0 X157.984 Y141.237
G0 X159.479 Y138.152
G0 X160.535 Y134.964
G0 X161.107 Y131.994
G0 X161.378 Y129.348
G1 F1200 E4021.27572
G0 F9000 X161 Y129.323
;TYPE:SKIN
G1 F3000 X161 Y127.378 E4021.31874
G0 F9000 X161.379 Y127.355
G0 X161.094 Y124.305
G0 X160.72 Y124.376
G1 F3000 X160.72 Y132.315 E4021.49433
G0 F9000 X161.093 Y132.387
G0 X160.812 Y133.846
G0 X160.44 Y133.775
G1 F3000 X160.44 Y122.928 E4021.73425
G0 F9000 X160.814 Y122.856
G0 X160.522 Y121.501
G0 X160.16 Y121.62
G1 F3000 X160.16 Y135.082 E4022.032
G0 F9000 X159.88 Y135.928
G1 F3000 X159.88 Y120.772 E4022.36722
G0 F9000 X159.6 Y119.923
G1 F3000 X159.6 Y136.774 E4022.73993
G0 F9000 X159.32 Y137.62
G1 F3000 X159.32 Y119.075 E4023.15011
G0 F9000 X159.04 Y118.364
G1 F3000 X159.04 Y138.33 E4023.59172
G0 F9000 X158.76 Y138.907
G1 F3000 X158.76 Y117.787 E4024.05885
G0 F9000 X158.48 Y117.21
G1 F3000 X158.48 Y139.484 E4024.5515
G0 F9000 X158.2 Y140.061
G1 F3000 X158.2 Y116.633 E4025.06968
G0 F9000 X157.92 Y116.056
G1 F3000 X157.92 Y140.638 E4025.61339
G0 F9000 X157.64 Y141.179
G1 F3000 X157.64 Y115.513 E4026.18107
G0 F9000 X157.36 Y115.089
G1 F3000 X157.36 Y141.603 E4026.76751
G0 F9000 X157.08 Y142.026
G1 F3000 X157.08 Y114.666 E4027.37265
G0 F9000 X156.8 Y114.242
G1 F3000 X156.8 Y142.45 E4027.99656
G0 F9000 X156.52 Y142.874
G1 F3000 X156.52 Y113.818 E4028.63922
G0 F9000 X156.24 Y113.394
G1 F3000 X156.24 Y143.298 E4029.30063
G0 F9000 X155.96 Y143.722
G1 F3000 X155.96 Y112.971 E4029.98078
G0 F9000 X155.68 Y112.603
G1 F3000 X155.68 Y144.093 E4030.67728
G0 F9000 X155.4 Y144.413
G1 F3000 X155.4 Y112.283 E4031.38793
G0 F9000 X155.12 Y111.963
G1 F3000 X155.12 Y144.733 E4032.11274
G0 F9000 X154.84 Y145.053
G1 F3000 X154.84 Y111.642 E4032.85172
G0 F9000 X154.56 Y111.322
G1 F3000 X154.56 Y145.373 E4033.60486
G0 F9000 X154.28 Y145.694
G1 F3000 X154.28 Y111.001 E4034.3722
G0 F9000 X154 Y110.681
G1 F3000 X154 Y146.014 E4035.1537
G0 F9000 X153.72 Y146.334
G1 F3000 X153.72 Y110.361 E4035.94935
G0 F9000 X153.44 Y110.046
G1 F3000 X153.44 Y146.634 E4036.7586
G0 F9000 X153.16 Y146.879
G1 F3000 X153.16 Y109.766 E4037.57946
G0 F9000 X152.88 Y109.485
G1 F3000 X152.88 Y147.123 E4038.41194
G0 F9000 X152.6 Y147.368
G1 F3000 X152.6 Y109.205 E4039.25603
G0 F9000 X152.32 Y108.924
G1 F3000 X152.32 Y147.612 E4040.11173
G0 F9000 X152.04 Y147.857
G1 F3000 X152.04 Y108.643 E4040.97907
G0 F9000 X151.76 Y108.363
G1 F3000 X151.76 Y148.101 E4041.85799
G0 F9000 X151.48 Y148.346
G1 F3000 X151.48 Y108.082 E4042.74855
G0 F9000 X151.2 Y107.801
G1 F3000 X151.2 Y148.59 E4043.65072
G0 F9000 X150.92 Y148.835
G1 F3000 X150.92 Y107.521 E4044.5645
G0 F9000 X150.64 Y107.24
G1 F3000 X150.64 Y149.026 E4045.48873
G0 F9000 X150.36 Y149.211
G1 F3000 X150.36 Y106.959 E4046.42325
G0 F9000 X150.08 Y106.679
G1 F3000 X150.08 Y149.396 E4047.36807
G0 F9000 X149.8 Y149.581
G1 F3000 X149.8 Y106.398 E4048.32319
G0 F9000 X149.52 Y106.118
G1 F3000 X149.52 Y149.766 E4049.2886
G0 F9000 X149.24 Y149.952
G1 F3000 X149.24 Y105.837 E4050.26433
G0 F9000 X148.96 Y105.556
G1 F3000 X148.96 Y150.137 E4051.25037
G0 F9000 X148.68 Y150.322
G1 F3000 X148.68 Y105.276 E4052.2467
G0 F9000 X148.4 Y104.995
G1 F3000 X148.4 Y150.507 E4053.25333
G0 F9000 X148.12 Y150.692
G1 F3000 X148.12 Y104.714 E4054.27027
G0 F9000 X147.84 Y104.434
G1 F3000 X147.84 Y150.842 E4055.29673
G0 F9000 X147.56 Y150.978
G1 F3000 X147.56 Y104.153 E4056.3324
G0 F9000 X147.28 Y103.873
G1 F3000 X147.28 Y151.114 E4057.37728
G0 F9000 X147 Y151.249
G1 F3000 X147 Y103.592 E4058.43135
G0 F9000 X146.72 Y103.311
G1 F3000 X146.72 Y151.385 E4059.49465
G0 F9000 X146.44 Y151.521
G1 F3000 X146.44 Y103.031 E4060.56716
G0 F9000 X146.16 Y102.75
G1 F3000 X146.16 Y151.657 E4061.64888
G0 F9000 X145.88 Y151.793
G1 F3000 X145.88 Y102.469 E4062.73983
G0 F9000 X145.6 Y102.189
G1 F3000 X145.6 Y151.929 E4063.83998
G0 F9000 X145.32 Y152.064
G1 F3000 X145.32 Y101.908 E4064.94933
G0 F9000 X145.04 Y101.627
G1 F3000 X145.04 Y152.2 E4066.0679
G0 F9000 X144.76 Y152.299
G1 F3000 X144.76 Y101.347 E4067.19486
G0 F9000 X144.48 Y101.066
G1 F3000 X144.48 Y152.392 E4068.33008
G0 F9000 X144.2 Y152.484
G1 F3000 X144.2 Y100.786 E4069.47354
G0 F9000 X143.92 Y100.505
G1 F3000 X143.92 Y152.577 E4070.62527
G0 F9000 X143.64 Y152.669
G1 F3000 X143.64 Y100.224 E4071.78525
G0 F9000 X143.36 Y99.944
G1 F3000 X143.36 Y152.761 E4072.95345
G0 F9000 X143.08 Y152.854
G1 F3000 X143.08 Y99.663 E4074.12993
G0 F9000 X142.8 Y99.382
G1 F3000 X142.8 Y152.946 E4075.31466
G0 F9000 X142.52 Y153.039
G1 F3000 X142.52 Y99.102 E4076.50764
G0 F9000 X142.24 Y98.821
G1 F3000 X142.24 Y153.131 E4077.70886
G0 F9000 X141.96 Y153.224
G1 F3000 X141.96 Y98.541 E4078.91834
G0 F9000 X141.68 Y98.26
G1 F3000 X141.68 Y153.294 E4080.13558
G0 F9000 X141.4 Y153.348
G1 F3000 X141.4 Y97.979 E4081.36023
G0 F9000 X141.12 Y97.699
G1 F3000 X141.12 Y153.402 E4082.59227
G0 F9000 X140.84 Y153.456
G1 F3000 X140.84 Y97.418 E4083.83172
G0 F9000 X140.56 Y97.137
G1 F3000 X140.56 Y153.51 E4085.07858
G0 F9000 X140.28 Y153.564
G1 F3000 X140.28 Y96.857 E4086.33282
G0 F9000 X140 Y96.576
G1 F3000 X140 Y153.618 E4087.59448
G0 F9000 X139.72 Y153.672
G1 F3000 X139.72 Y96.295 E4088.86354
G0 F9000 X139.44 Y96.015
G1 F3000 X139.44 Y153.726 E4090.13999
G0 F9000 X139.16 Y153.78
G1 F3000 X139.16 Y95.734 E4091.42385
G0 F9000 X138.88 Y95.454
G1 F3000 X138.88 Y153.834 E4092.7151
G0 F9000 X138.6 Y153.888
G1 F3000 X138.6 Y95.173 E4094.01376
G0 F9000 X138.32 Y94.892
G1 F3000 X138.32 Y153.909 E4095.3191
G0 F9000 X138.04 Y153.927
G1 F3000 X138.04 Y94.612 E4096.63102
G0 F9000 X137.76 Y94.331
G1 F3000 X137.76 Y153.944 E4097.94954
G0 F9000 X137.48 Y153.962
G1 F3000 X137.48 Y94.05 E4099.27468
G0 F9000 X137.2 Y93.77
G1 F3000 X137.2 Y153.98 E4100.6064
G0 F9000 X136.92 Y153.998
G1 F3000 X136.92 Y93.489 E4101.94474
G0 F9000 X136.64 Y93.209
G1 F3000 X136.64 Y154.016 E4103.28967
G0 F9000 X136.36 Y154.033
G1 F3000 X136.36 Y92.928 E4104.64119
G0 F9000 X136.08 Y92.647
G1 F3000 X136.08 Y154.051 E4105.99932
G0 F9000 X135.8 Y154.069
G1 F3000 X135.8 Y92.367 E4107.36404
G0 F9000 X135.52 Y92.086
G1 F3000 X135.52 Y154.087 E4108.73538
G0 F9000 X135.24 Y154.097
G1 F3000 X135.24 Y91.805 E4110.11316
G0 F9000 X134.96 Y91.525
G1 F3000 X134.96 Y154.079 E4111.49672
G0 F9000 X134.68 Y154.061
G1 F3000 X134.68 Y91.244 E4112.88611
G0 F9000 X134.4 Y90.963
G1 F3000 X134.4 Y154.044 E4114.28134
G0 F9000 X134.12 Y154.026
G1 F3000 X134.12 Y90.683 E4115.68236
G0 F9000 X133.84 Y90.402
G1 F3000 X133.84 Y154.008 E4117.08919
G0 F9000 X133.56 Y153.99
G1 F3000 X133.56 Y90.122 E4118.50182
G0 F9000 X133.28 Y89.841
G1 F3000 X133.28 Y153.972 E4119.92027
G0 F9000 X133 Y153.954
G1 F3000 X133 Y89.56 E4121.34454
G0 F9000 X132.72 Y89.28
G1 F3000 X132.72 Y153.936 E4122.7746
G0 F9000 X132.44 Y153.918
G1 F3000 X132.44 Y88.999 E4124.21048
G0 F9000 X132.16 Y88.718
G1 F3000 X132.16 Y153.9 E4125.65217
G0 F9000 X131.88 Y153.864
G1 F3000 X131.88 Y88.438 E4127.09926
G0 F9000 X131.6 Y88.157
G1 F3000 X131.6 Y153.81 E4128.55138
G0 F9000 X131.32 Y153.757
G1 F3000 X131.32 Y87.877 E4130.00851
G0 F9000 X131.04 Y87.596
G1 F3000 X131.04 Y153.703 E4131.47066
G0 F9000 X130.76 Y153.649
G1 F3000 X130.76 Y87.315 E4132.93784
G0 F9000 X130.48 Y87.035
G1 F3000 X130.48 Y153.595 E4134.41001
G0 F9000 X130.2 Y153.541
G1 F3000 X130.2 Y86.754 E4135.88721
G0 F9000 X129.92 Y86.473
G1 F3000 X129.92 Y153.488 E4137.36944
G0 F9000 X129.64 Y153.434
G1 F3000 X129.64 Y86.193 E4138.85668
G0 F9000 X129.36 Y85.912
G1 F3000 X129.36 Y153.38 E4140.34893
G0 F9000 X129.08 Y153.326
G1 F3000 X129.08 Y85.631 E4141.84621
G0 F9000 X128.8 Y85.351
G1 F3000 X128.8 Y153.273 E4143.34851
G0 F9000 X128.52 Y153.184
G1 F3000 X128.52 Y85.07 E4144.85505
G0 F9000 X128.24 Y84.79
G1 F3000 X128.24 Y153.091 E4146.36574
G0 F9000 X127.96 Y152.999
G1 F3000 X127.96 Y84.509 E4147.8806
G0 F9000 X127.68 Y84.228
G1 F3000 X127.68 Y152.906 E4149.39962
G0 F9000 X127.4 Y152.814
G1 F3000 X127.4 Y83.948 E4150.92279
G0 F9000 X127.12 Y83.667
G1 F3000 X127.12 Y152.721 E4152.45013
G0 F9000 X126.84 Y152.629
G1 F3000 X126.84 Y83.386 E4153.98165
G0 F9000 X126.56 Y83.106
G1 F3000 X126.56 Y152.536 E4155.5173
G0 F9000 X126.28 Y152.444
G1 F3000 X126.28 Y82.825 E4157.05713
G0 F9000 X126 Y82.545
G1 F3000 X126 Y152.351 E4158.6011
G0 F9000 X125.72 Y152.259
G92 E0
G1 F3000 X125.72 Y82.264 E1.54815
G0 F9000 X125.44 Y81.983
G1 F3000 X125.44 Y152.14 E3.09988
G0 F9000 X125.16 Y152.005
G1 F3000 X125.16 Y81.703 E4.65482
G0 F9000 X124.88 Y81.422
G1 F3000 X124.88 Y151.869 E6.21297
G0 F9000 X124.6 Y151.733
G1 F3000 X124.6 Y81.141 E7.77432
G0 F9000 X124.32 Y80.861
G1 F3000 X124.32 Y151.597 E9.33886
G0 F9000 X124.04 Y151.461
G1 F3000 X124.04 Y80.58 E10.9066
G0 F9000 X123.76 Y80.299
G1 F3000 X123.76 Y151.325 E12.47755
G0 F9000 X123.48 Y151.189
G1 F3000 X123.48 Y80.019 E14.05169
G0 F9000 X123.2 Y79.738
G1 F3000 X123.2 Y151.053 E15.62904
G0 F9000 X122.92 Y150.917
G1 F3000 X122.92 Y79.458 E17.20957
G0 F9000 X122.64 Y79.177
G1 F3000 X122.64 Y150.781 E18.7933
G0 F9000 X122.36 Y150.61
G1 F3000 X122.36 Y78.896 E20.37947
G0 F9000 X122.08 Y78.616
G1 F3000 X122.08 Y150.425 E21.96774
G0 F9000 X121.8 Y150.24
G1 F3000 X121.8 Y78.335 E23.55814
G0 F9000 X121.52 Y78.054
G1 F3000 X121.52 Y150.055 E25.15065
G0 F9000 X121.24 Y149.87
G1 F3000 X121.24 Y77.774 E26.74527
G0 F9000 X120.96 Y77.493
G1 F3000 X120.96 Y149.685 E28.34201
G0 F9000 X120.68 Y149.5
G1 F3000 X120.68 Y77.213 E29.94086
G0 F9000 X120.4 Y76.932
G1 F3000 X120.4 Y149.315 E31.54182
G0 F9000 X120.12 Y149.13
G1 F3000 X120.12 Y76.651 E33.14491
G0 F9000 X119.84 Y76.371
G1 F3000 X119.84 Y148.945 E34.7501
G0 F9000 X119.56 Y148.729
G1 F3000 X119.56 Y76.09 E36.35673
G0 F9000 X119.28 Y75.809
G1 F3000 X119.28 Y148.484 E37.96416
G0 F9000 X119 Y148.24
G1 F3000 X119 Y75.529 E39.57238
G0 F9000 X118.72 Y75.248
G1 F3000 X118.72 Y147.995 E41.1814
G0 F9000 X118.44 Y147.75
G1 F3000 X118.44 Y74.967 E42.79121
G0 F9000 X118.16 Y74.687
G1 F3000 X118.16 Y147.506 E44.40182
G0 F9000 X117.88 Y147.261
G1 F3000 X117.88 Y74.406 E46.01323
G0 F9000 X117.6 Y74.126
G1 F3000 X117.6 Y147.017 E47.62543
G0 F9000 X117.32 Y146.772
G1 F3000 X117.32 Y73.845 E49.23843
G0 F9000 X117.04 Y73.564
G1 F3000 X117.04 Y146.527 E50.85222
G0 F9000 X116.76 Y146.254
G1 F3000 X116.76 Y73.284 E52.46617
G0 F9000 X116.48 Y73.003
G1 F3000 X116.48 Y145.98 E54.08028
G0 F9000 X116.2 Y145.705
G1 F3000 X116.2 Y72.722 E55.69451
G0 F9000 X115.92 Y72.442
G1 F3000 X115.92 Y145.43 E57.30886
G0 F9000 X115.64 Y145.156
G1 F3000 X115.64 Y72.161 E58.92336
G0 F9000 X115.36 Y71.881
G1 F3000 X115.36 Y144.881 E60.53798
G0 F9000 X115.08 Y144.606
G1 F3000 X115.08 Y71.6 E62.15272
G0 F9000 X114.8 Y71.319
G1 F3000 X114.8 Y144.332 E63.76762
G0 F9000 X114.52 Y144.057
G1 F3000 X114.52 Y71.039 E65.38264
G0 F9000 X114.24 Y70.758
G1 F3000 X114.24 Y143.782 E66.99778
G0 F9000 X113.96 Y143.508
G1 F3000 X113.96 Y70.477 E68.61308
G0 F9000 X113.68 Y70.197
G1 F3000 X113.68 Y143.233 E70.22849
G0 F9000 X113.4 Y142.958
G1 F3000 X113.4 Y69.916 E71.84403
G0 F9000 X113.12 Y69.635
G1 F3000 X113.12 Y142.683 E73.45971
G0 F9000 X112.84 Y142.409
G1 F3000 X112.84 Y69.355 E75.07551
G0 F9000 X112.56 Y69.074
G1 F3000 X112.56 Y142.134 E76.69145
G0 F9000 X112.28 Y141.859
G1 F3000 X112.28 Y68.794 E78.3075
G0 F9000 X112 Y68.513
G1 F3000 X112 Y141.585 E79.92371
G0 F9000 X111.72 Y141.31
G1 F3000 X111.72 Y68.232 E81.54005
G0 F9000 X111.44 Y67.952
G1 F3000 X111.44 Y141.035 E83.1565
G0 F9000 X111.16 Y140.761
G1 F3000 X111.16 Y67.671 E84.7731
G0 F9000 X110.88 Y67.39
G1 F3000 X110.88 Y140.564 E86.39156
G0 F9000 X110.6 Y140.434
G1 F3000 X110.6 Y67.11 E88.01334
G0 F9000 X110.32 Y66.829
G1 F3000 X110.32 Y140.356 E89.63961
G0 F9000 X110.04 Y140.329
G1 F3000 X110.04 Y66.549 E91.27148
G0 F9000 X109.76 Y66.82
G1 F3000 X109.76 Y140.32 E92.89715
G0 F9000 X109.48 Y140.42
G1 F3000 X109.48 Y67.109 E94.51864
G0 F9000 X109.2 Y67.397
G1 F3000 X109.2 Y140.522 E96.13602
G0 F9000 X108.92 Y140.712
G1 F3000 X108.92 Y67.686 E97.75121
G0 F9000 X108.64 Y67.975
G1 F3000 X108.64 Y140.971 E99.36573
G0 F9000 X108.36 Y141.246
G1 F3000 X108.36 Y68.264 E100.97995
G0 F9000 X108.08 Y68.552
G1 F3000 X108.08 Y141.521 E102.59388
G0 F9000 X107.8 Y141.796
G1 F3000 X107.8 Y68.836 E104.2076
G0 F9000 X107.52 Y69.116
G1 F3000 X107.52 Y142.07 E105.8212
G0 F9000 X107.24 Y142.345
G1 F3000 X107.24 Y69.396 E107.43469
G0 F9000 X106.96 Y69.677
G1 F3000 X106.96 Y142.62 E109.04804
G0 F9000 X106.68 Y142.895
G1 F3000 X106.68 Y69.957 E110.66128
G0 F9000 X106.4 Y70.238
G1 F3000 X106.4 Y143.169 E112.27437
G0 F9000 X106.12 Y143.444
G1 F3000 X106.12 Y70.518 E113.88734
G0 F9000 X105.84 Y70.798
G1 F3000 X105.84 Y143.719 E115.50021
G0 F9000 X105.56 Y143.994
G1 F3000 X105.56 Y71.079 E117.11294
G0 F9000 X105.28 Y71.359
G1 F3000 X105.28 Y144.268 E118.72554
G0 F9000 X105 Y144.543
G1 F3000 X105 Y71.64 E120.33801
G0 F9000 X104.72 Y71.92
G1 F3000 X104.72 Y144.818 E121.95037
G0 F9000 X104.44 Y145.093
G1 F3000 X104.44 Y72.2 E123.56261
G0 F9000 X104.16 Y72.481
G1 F3000 X104.16 Y145.367 E125.17471
G0 F9000 X103.88 Y145.642
G1 F3000 X103.88 Y72.761 E126.78669
G0 F9000 X103.6 Y73.041
G1 F3000 X103.6 Y145.917 E128.39856
G0 F9000 X103.32 Y146.192
G1 F3000 X103.32 Y73.322 E130.0103
G0 F9000 X103.04 Y73.602
G1 F3000 X103.04 Y146.467 E131.62192
G0 F9000 X102.76 Y146.733
G1 F3000 X102.76 Y73.883 E133.23322
G0 F9000 X102.48 Y74.163
G1 F3000 X102.48 Y146.994 E134.84409
G0 F9000 X102.2 Y147.255
G1 F3000 X102.2 Y74.443 E136.45455
G0 F9000 X101.92 Y74.724
G1 F3000 X101.92 Y147.517 E138.06458
G0 F9000 X101.64 Y147.778
G1 F3000 X101.64 Y75.004 E139.6742
G0 F9000 X101.36 Y75.284
G1 F3000 X101.36 Y148.009 E141.28273
G0 F9000 X101.08 Y148.237
G1 F3000 X101.08 Y75.565 E142.89009
G0 F9000 X100.8 Y75.845
G1 F3000 X100.8 Y148.465 E144.4963
G0 F9000 X100.52 Y148.694
G1 F3000 X100.52 Y76.126 E146.10135
G0 F9000 X100.24 Y76.406
G1 F3000 X100.24 Y148.918 E147.70517
G0 F9000 X99.96 Y149.116
G1 F3000 X99.96 Y76.686 E149.30718
G0 F9000 X99.68 Y76.967
G1 F3000 X99.68 Y149.315 E150.90737
G0 F9000 X99.4 Y149.513
G1 F3000 X99.4 Y77.247 E152.50575
G0 F9000 X99.12 Y77.527
G1 F3000 X99.12 Y149.712 E154.10234
G0 F9000 X98.84 Y149.907
G1 F3000 X98.84 Y77.808 E155.69702
G0 F9000 X98.56 Y78.088
G1 F3000 X98.56 Y150.078 E157.2893
G0 F9000 X98.28 Y150.25
G1 F3000 X98.28 Y78.369 E158.87916
G0 F9000 X98 Y78.649
G1 F3000 X98 Y150.421 E160.46661
G0 F9000 X97.72 Y150.593
G1 F3000 X97.72 Y78.929 E162.05168
G0 F9000 X97.44 Y79.21
G1 F3000 X97.44 Y150.764 E163.63431
G0 F9000 X97.16 Y150.912
G1 F3000 X97.16 Y79.49 E165.21402
G0 F9000 X96.88 Y79.77
G1 F3000 X96.88 Y151.059 E166.79079
G0 F9000 X96.6 Y151.205
G1 F3000 X96.6 Y80.051 E168.36457
G0 F9000 X96.32 Y80.331
G1 F3000 X96.32 Y151.352 E169.93541
G0 F9000 X96.04 Y151.499
G1 F3000 X96.04 Y80.612 E171.50329
G0 F9000 X95.76 Y80.892
G1 F3000 X95.76 Y151.631 E173.0679
G0 F9000 X95.48 Y151.755
G1 F3000 X95.48 Y81.172 E174.62905
G0 F9000 X95.2 Y81.453
G1 F3000 X95.2 Y151.88 E176.18675
G0 F9000 X94.92 Y152.004
G1 F3000 X94.92 Y81.733 E177.74101
G0 F9000 X94.64 Y82.014
G1 F3000 X94.64 Y152.128 E179.29179
G0 F9000 X94.36 Y152.25
G1 F3000 X94.36 Y82.294 E180.83907
G0 F9000 X94.08 Y82.574
G1 F3000 X94.08 Y152.352 E182.38242
G0 F9000 X93.8 Y152.455
G1 F3000 X93.8 Y82.855 E183.92183
G0 F9000 X93.52 Y83.135
G1 F3000 X93.52 Y152.558 E185.45733
G0 F9000 X93.24 Y152.661
G1 F3000 X93.24 Y83.415 E186.98891
G0 F9000 X92.96 Y83.696
G1 F3000 X92.96 Y152.764 E188.51656
G0 F9000 X92.68 Y152.856
G1 F3000 X92.68 Y83.976 E190.04005
G0 F9000 X92.4 Y84.257
G1 F3000 X92.4 Y152.938 E191.55913
G0 F9000 X92.12 Y153.021
G1 F3000 X92.12 Y84.537 E193.07386
G0 F9000 X91.84 Y84.817
G1 F3000 X91.84 Y153.103 E194.58421
G0 F9000 X91.56 Y153.186
G1 F3000 X91.56 Y85.098 E196.09018
G0 F9000 X91.28 Y85.378
G1 F3000 X91.28 Y153.268 E197.59177
G0 F9000 X91 Y153.335
G1 F3000 X91 Y85.658 E199.08865
G0 F9000 X90.72 Y85.939
G1 F3000 X90.72 Y153.398 E200.58071
G0 F9000 X90.44 Y153.462
G1 F3000 X90.44 Y86.219 E202.06799
G0 F9000 X90.16 Y86.5
G1 F3000 X90.16 Y153.525 E203.55044
G0 F9000 X89.88 Y153.589
G1 F3000 X89.88 Y86.78 E205.02813
G0 F9000 X89.6 Y87.06
G1 F3000 X89.6 Y153.651 E206.50098
G0 F9000 X89.32 Y153.697
G1 F3000 X89.32 Y87.341 E207.96865
G0 F9000 X89.04 Y87.621
G1 F3000 X89.04 Y153.742 E209.43111
G0 F9000 X88.76 Y153.787
G1 F3000 X88.76 Y87.901 E210.88838
G0 F9000 X88.48 Y88.182
G1 F3000 X88.48 Y153.833 E212.34044
G0 F9000 X88.2 Y153.878
G1 F3000 X88.2 Y88.462 E213.78731
G0 F9000 X87.92 Y88.743
G1 F3000 X87.92 Y153.919 E215.22888
G0 F9000 X87.64 Y153.946
G1 F3000 X87.64 Y89.023 E216.66484
G0 F9000 X87.36 Y89.303
G1 F3000 X87.36 Y153.972 E218.09519
G0 F9000 X87.08 Y153.999
G1 F3000 X87.08 Y89.584 E219.51992
G0 F9000 X86.8 Y89.864
G1 F3000 X86.8 Y154.026 E220.93906
G0 F9000 X86.52 Y154.053
G1 F3000 X86.52 Y90.144 E222.35259
G0 F9000 X86.24 Y90.425
G1 F3000 X86.24 Y154.073 E223.76036
G0 F9000 X85.96 Y154.082
G1 F3000 X85.96 Y90.705 E225.16213
G0 F9000 X85.68 Y90.986
G1 F3000 X85.68 Y154.09 E226.55787
G0 F9000 X85.4 Y154.099
G1 F3000 X85.4 Y91.266 E227.9476
G0 F9000 X85.12 Y91.546
G1 F3000 X85.12 Y154.108 E229.33135
G0 F9000 X84.84 Y154.117
G1 F3000 X84.84 Y91.827 E230.70908
G0 F9000 X84.56 Y92.107
G1 F3000 X84.56 Y154.116 E232.08059
G0 F9000 X84.28 Y154.107
G1 F3000 X84.28 Y92.388 E233.44569
G0 F9000 X84 Y92.668
G1 F3000 X84 Y154.098 E234.8044
G0 F9000 X83.72 Y154.089
G1 F3000 X83.72 Y92.948 E236.15672
G0 F9000 X83.44 Y93.229
G1 F3000 X83.44 Y154.08 E237.50262
G0 F9000 X83.16 Y154.071
G1 F3000 X83.16 Y93.509 E238.84213
G0 F9000 X82.88 Y93.789
G1 F3000 X82.88 Y154.052 E240.17503
G0 F9000 X82.6 Y154.026
G1 F3000 X82.6 Y94.07 E241.50113
G0 F9000 X82.32 Y94.35
G1 F3000 X82.32 Y153.999 E242.82045
G0 F9000 X82.04 Y153.973
G1 F3000 X82.04 Y94.631 E244.13297
G0 F9000 X81.76 Y94.911
G1 F3000 X81.76 Y153.946 E245.43871
G0 F9000 X81.48 Y153.92
G1 F3000 X81.48 Y95.191 E246.73768
G0 F9000 X81.2 Y95.472
G1 F3000 X81.2 Y153.88 E248.02955
G0 F9000 X80.92 Y153.835
G1 F3000 X80.92 Y95.752 E249.31422
G0 F9000 X80.64 Y96.032
G1 F3000 X80.64 Y153.791 E250.59174
G0 F9000 X80.36 Y153.746
G1 F3000 X80.36 Y96.313 E251.86204
G0 F9000 X80.08 Y96.593
G1 F3000 X80.08 Y153.701 E253.12515
G0 F9000 X79.8 Y153.656
G1 F3000 X79.8 Y96.874 E254.38106
G0 F9000 X79.52 Y97.154
G1 F3000 X79.52 Y153.594 E255.6294
G0 F9000 X79.24 Y153.531
G1 F3000 X79.24 Y97.434 E256.87015
G0 F9000 X78.96 Y97.715
G1 F3000 X78.96 Y153.467 E258.10327
G0 F9000 X78.68 Y153.404
G1 F3000 X78.68 Y97.995 E259.32881
G0 F9000 X78.4 Y98.275
G1 F3000 X78.4 Y153.34 E260.54673
G0 F9000 X78.12 Y153.275
G1 F3000 X78.12 Y98.556 E261.75701
G0 F9000 X77.84 Y98.836
G1 F3000 X77.84 Y153.193 E262.95928
G0 F9000 X77.56 Y153.111
G1 F3000 X77.56 Y99.117 E264.15352
G0 F9000 X77.28 Y99.397
G1 F3000 X77.28 Y153.029 E265.33975
G0 F9000 X77 Y152.947
G1 F3000 X77 Y99.677 E266.51797
G0 F9000 X76.72 Y99.958
G1 F3000 X76.72 Y152.865 E267.68817
G0 F9000 X76.44 Y152.775
G1 F3000 X76.44 Y100.238 E268.85018
G0 F9000 X76.16 Y100.518
G1 F3000 X76.16 Y152.672 E270.00372
G0 F9000 X75.88 Y152.57
G1 F3000 X75.88 Y100.799 E271.14879
G0 F9000 X75.6 Y101.079
G1 F3000 X75.6 Y152.467 E272.28539
G0 F9000 X75.32 Y152.364
G1 F3000 X75.32 Y101.36 E273.4135
G0 F9000 X75.04 Y101.64
G1 F3000 X75.04 Y152.262 E274.53316
G0 F9000 X74.76 Y152.141
G1 F3000 X74.76 Y101.92 E275.64394
G0 F9000 X74.48 Y102.201
G1 F3000 X74.48 Y152.017 E276.74577
G0 F9000 X74.2 Y151.893
G1 F3000 X74.2 Y102.481 E277.83867
G0 F9000 X73.92 Y102.762
G1 F3000 X73.92 Y151.769 E278.9226
G0 F9000 X73.64 Y151.645
G1 F3000 X73.64 Y103.042 E279.9976
G0 F9000 X73.36 Y103.322
G1 F3000 X73.36 Y151.513 E281.06349
G0 F9000 X73.08 Y151.366
G1 F3000 X73.08 Y103.603 E282.11991
G0 F9000 X72.8 Y103.883
G1 F3000 X72.8 Y151.219 E283.16689
G0 F9000 X72.52 Y151.072
G1 F3000 X72.52 Y104.163 E284.20442
G0 F9000 X72.24 Y104.444
G1 F3000 X72.24 Y150.925 E285.23249
G0 F9000 X71.96 Y150.779
G1 F3000 X71.96 Y104.724 E286.25113
G0 F9000 X71.68 Y105.005
G1 F3000 X71.68 Y150.607 E287.25976
G0 F9000 X71.4 Y150.435
G1 F3000 X71.4 Y105.285 E288.25839
G0 F9000 X71.12 Y105.565
G1 F3000 X71.12 Y150.263 E289.24702
G0 F9000 X70.84 Y150.091
G1 F3000 X70.84 Y105.846 E290.22563
G0 F9000 X70.56 Y106.126
G1 F3000 X70.56 Y149.92 E291.19426
G0 F9000 X70.28 Y149.725
G1 F3000 X70.28 Y106.406 E292.15239
G0 F9000 X70 Y106.687
G1 F3000 X70 Y149.526 E293.0999
G0 F9000 X69.72 Y149.328
G1 F3000 X69.72 Y106.967 E294.03684
G0 F9000 X69.44 Y107.248
G1 F3000 X69.44 Y149.129 E294.96317
G0 F9000 X69.16 Y148.93
G1 F3000 X69.16 Y107.528 E295.8789
G0 F9000 X68.88 Y107.808
G1 F3000 X68.88 Y148.705 E296.78346
G0 F9000 X68.6 Y148.476
G1 F3000 X68.6 Y108.089 E297.67674
G0 F9000 X68.32 Y108.369
G1 F3000 X68.32 Y148.247 E298.55876
G0 F9000 X68.04 Y148.018
G1 F3000 X68.04 Y108.649 E299.42952
G0 F9000 X67.76 Y108.93
G1 F3000 X67.76 Y147.787 E300.28896
G0 F9000 X67.48 Y147.524
G1 F3000 X67.48 Y109.21 E301.13639
G0 F9000 X67.2 Y109.491
G1 F3000 X67.2 Y147.261 E301.97178
G0 F9000 X66.92 Y146.998
G1 F3000 X66.92 Y109.771 E302.79517
G0 F9000 X66.64 Y110.051
G1 F3000 X66.64 Y146.735 E303.60655
G0 F9000 X66.36 Y146.456
G1 F3000 X66.36 Y110.342 E304.40532
G0 F9000 X66.08 Y110.64
G1 F3000 X66.08 Y146.156 E305.19086
G0 F9000 X65.8 Y145.857
G1 F3000 X65.8 Y110.939 E305.96317
G0 F9000 X65.52 Y111.238
G1 F3000 X65.52 Y145.558 E306.72226
G0 F9000 X65.24 Y145.246
G1 F3000 X65.24 Y111.549 E307.46757
G0 F9000 X64.96 Y111.889
G1 F3000 X64.96 Y144.905 E308.19782
G0 F9000 X64.68 Y144.565
G1 F3000 X64.68 Y112.228 E308.91305
G0 F9000 X64.4 Y112.568
G1 F3000 X64.4 Y144.224 E309.61322
G0 F9000 X64.12 Y143.862
G1 F3000 X64.12 Y112.931 E310.29735
G0 F9000 X63.84 Y113.321
G1 F3000 X63.84 Y143.472 E310.96423
G0 F9000 X63.56 Y143.082
G1 F3000 X63.56 Y113.711 E311.61386
G0 F9000 X63.28 Y114.101
G1 F3000 X63.28 Y142.692 E312.24623
G0 F9000 X63 Y142.248
G1 F3000 X63 Y114.547 E312.85892
G0 F9000 X62.72 Y114.995
G1 F3000 X62.72 Y141.8 E313.45179
G0 F9000 X62.44 Y141.351
G1 F3000 X62.44 Y115.444 E314.02481
G0 F9000 X62.16 Y115.95
G1 F3000 X62.16 Y140.846 E314.57545
G0 F9000 X61.88 Y140.323
G1 F3000 X61.88 Y116.472 E315.10299
G0 F9000 X61.6 Y116.994
G1 F3000 X61.6 Y139.8 E315.60741
G0 F9000 X61.32 Y139.19
G1 F3000 X61.32 Y117.603 E316.08487
G0 F9000 X61.04 Y118.219
G1 F3000 X61.04 Y138.573 E316.53506
G0 F9000 X60.76 Y137.899
G1 F3000 X60.76 Y118.892 E316.95546
G0 F9000 X60.48 Y119.633
G1 F3000 X60.48 Y137.157 E317.34306
G0 F9000 X60.2 Y136.349
G1 F3000 X60.2 Y120.439 E317.69495
G0 F9000 X59.92 Y121.366
G1 F3000 X59.92 Y135.424 E318.00589
G0 F9000 X59.555 Y135.533
G0 X59.269 Y134.419
G0 X59.64 Y134.333
G1 F3000 X59.64 Y122.461 E318.26847
G0 F9000 X59.27 Y122.374
G0 X58.986 Y123.722
G0 X59.36 Y123.784
G1 F3000 X59.36 Y133.009 E318.47251
G0 F9000 X58.985 Y133.07
G0 X58.7 Y131.035
G0 X59.08 Y130.997
G1 F3000 X59.08 Y125.798 E318.5875
G0 F9000 X58.674 Y125.758
G1 F2400 E316.5875
G0 F9000 X58.644 Y129.262
G0 X58.841 Y131.827
G0 X59.312 Y134.337
G0 X60 Y136.794
G0 X60.947 Y139.141
G0 X62.096 Y141.405
G0 X63.488 Y143.531
G0 X65.083 Y145.56
G0 X66.919 Y147.436
G0 X68.254 Y148.608
G0 X70.336 Y150.159
G0 X72.558 Y151.454
G0 X74.875 Y152.543
G0 X77.28 Y153.363
G0 X79.252 Y153.852
G0 X84.7 Y154.927
G1 F1200 E318.5875
G0 F9000 X84.7 Y155.531
G0 X84.7 Y154.927
G0 X86.642 Y154.85
G0 X86.694 Y155.4
;TYPE:SKIN
G1 F1800 X82.7 Y155.4 E318.59082
G1 X81.639 Y155.3 E318.59171
G1 X87.734 Y155.3 E318.59678
G1 X88.172 Y155.258 E318.59714
G1 X88.532 Y155.2 E318.59745
G1 X80.84 Y155.2 E318.60384
G1 X80.216 Y155.1 E318.60437
G1 X89.153 Y155.1 E318.6118
G1 X89.774 Y155 E318.61232
G1 X79.591 Y155 E318.62079
G1 X79.127 Y154.9 E318.62118
G1 X90.248 Y154.9 E318.63043
G1 X90.687 Y154.8 E318.63081
G1 X78.684 Y154.8 E318.64079
G1 X78.241 Y154.7 E318.64116
G1 X91.127 Y154.7 E318.65188
G1 X91.566 Y154.6 E318.65225
G1 X77.8 Y154.6 E318.6637
G1 X77.46 Y154.5 E318.66399
G1 X91.911 Y154.5 E318.67601
G1 X92.249 Y154.4 E318.6763
G1 X77.12 Y154.4 E318.68888
G1 X76.78 Y154.3 E318.68918
G1 X92.588 Y154.3 E318.70232
G1 X92.926 Y154.2 E318.70262
G1 X76.44 Y154.2 E318.71632
G1 X76.103 Y154.1 E318.71662
G1 X93.265 Y154.1 E318.73089
G1 X93.537 Y154 E318.73113
G1 X75.83 Y154 E318.74585
G1 X75.558 Y153.9 E318.74609
G1 X93.809 Y153.9 E318.76127
G1 X94.08 Y153.8 E318.76151
G1 X75.285 Y153.8 E318.77714
G1 X75.013 Y153.7 E318.77738
G1 X94.352 Y153.7 E318.79346
G1 X94.623 Y153.6 E318.7937
G1 X74.74 Y153.6 E318.81023
G1 X74.468 Y153.5 E318.81047
G1 X94.895 Y153.5 E318.82746
G1 X95.123 Y153.4 E318.82766
G1 X74.242 Y153.4 E318.84503
G1 X74.016 Y153.3 E318.84523
G1 X95.348 Y153.3 E318.86297
G1 X95.574 Y153.2 E318.86317
G1 X73.791 Y153.2 E318.88129
G1 X73.565 Y153.1 E318.88149
G1 X95.799 Y153.1 E318.89998
G1 X96.025 Y153 E318.90019
G1 X73.34 Y153 E318.91905
G1 X73.114 Y152.9 E318.91925
G1 X96.25 Y152.9 E318.93849
G1 X96.475 Y152.8 E318.9387
G1 X72.888 Y152.8 E318.95831
G1 X72.694 Y152.7 E318.95849
G1 X96.674 Y152.7 E318.97843
G1 X96.865 Y152.6 E318.97861
G1 X72.503 Y152.6 E318.99887
G1 X72.313 Y152.5 E318.99905
G1 X97.056 Y152.5 E319.01962
G1 X97.246 Y152.4 E319.0198
G1 X72.122 Y152.4 E319.04069
G1 X71.932 Y152.3 E319.04087
G1 X97.437 Y152.3 E319.06207
G1 X97.627 Y152.2 E319.06225
G1 X71.741 Y152.2 E319.08378
G1 X71.55 Y152.1 E319.08396
G1 X97.818 Y152.1 E319.1058
G1 X98.008 Y152 E319.10598
G1 X71.36 Y152 E319.12813
G1 X71.186 Y151.9 E319.1283
G1 X98.186 Y151.9 E319.15075
G1 X98.349 Y151.8 E319.15091
G1 X71.023 Y151.8 E319.17363
G1 X70.86 Y151.7 E319.17379
G1 X98.512 Y151.7 E319.19678
G1 X98.676 Y151.6 E319.19694
G1 X70.697 Y151.6 E319.22021
G1 X70.533 Y151.5 E319.22037
G1 X98.839 Y151.5 E319.24391
G1 X99.002 Y151.4 E319.24406
G1 X70.37 Y151.4 E319.26787
G1 X70.207 Y151.3 E319.26803
G1 X99.166 Y151.3 E319.29211
G1 X99.329 Y151.2 E319.29227
G1 X70.044 Y151.2 E319.31662
G1 X69.881 Y151.1 E319.31678
G1 X99.492 Y151.1 E319.3414
G1 X99.651 Y151 E319.34156
G1 X69.725 Y151 E319.36644
G1 X69.584 Y150.9 E319.36658
G1 X99.792 Y150.9 E319.3917
G1 X99.933 Y150.8 E319.39185
G1 X69.443 Y150.8 E319.4172
G1 X69.303 Y150.7 E319.41734
G1 X100.074 Y150.7 E319.44293
G1 X100.215 Y150.6 E319.44307
G1 X69.162 Y150.6 E319.46889
G1 X69.021 Y150.5 E319.46904
G1 X100.356 Y150.5 E319.49509
G1 X100.497 Y150.4 E319.49523
G1 X68.88 Y150.4 E319.52152
G1 X68.74 Y150.3 E319.52167
G1 X100.638 Y150.3 E319.54819
G1 X100.779 Y150.2 E319.54833
G1 X68.599 Y150.2 E319.57509
G1 X68.458 Y150.1 E319.57524
G1 X100.92 Y150.1 E319.60223
G1 X101.061 Y150 E319.60237
G1 X68.317 Y150 E319.6296
G1 X68.192 Y149.9 E319.62973
G1 X101.189 Y149.9 E319.65717
G1 X101.312 Y149.8 E319.6573
G1 X68.069 Y149.8 E319.68494
G1 X67.947 Y149.7 E319.68507
G1 X101.435 Y149.7 E319.71292
G1 X101.558 Y149.6 E319.71305
G1 X67.824 Y149.6 E319.7411
G1 X67.702 Y149.5 E319.74123
G1 X101.681 Y149.5 E319.76949
G1 X101.804 Y149.4 E319.76962
G1 X67.58 Y149.4 E319.79807
G1 X67.457 Y149.3 E319.79821
G1 X101.927 Y149.3 E319.82687
G1 X102.05 Y149.2 E319.827
G1 X67.335 Y149.2 E319.85587
G1 X67.212 Y149.1 E319.856
G1 X102.172 Y149.1 E319.88507
G1 X102.295 Y149 E319.8852
G1 X67.09 Y149 E319.91447
G1 X66.967 Y148.9 E319.9146
G1 X102.418 Y148.9 E319.94408
G1 X102.539 Y148.8 E319.94421
G1 X66.85 Y148.8 E319.97389
G1 X66.743 Y148.7 E319.97401
G1 X102.646 Y148.7 E320.00386
G1 X102.752 Y148.6 E320.00398
G1 X66.637 Y148.6 E320.03401
G1 X66.531 Y148.5 E320.03413
G1 X102.859 Y148.5 E320.06434
G1 X102.966 Y148.4 E320.06446
G1 X66.424 Y148.4 E320.09485
G1 X66.318 Y148.3 E320.09497
G1 X103.073 Y148.3 E320.12553
G1 X103.18 Y148.2 E320.12565
G1 X66.212 Y148.2 E320.15639
G1 X66.106 Y148.1 E320.15651
G1 X103.287 Y148.1 E320.18743
G1 X103.394 Y148 E320.18755
G1 X65.999 Y148 E320.21865
G1 X65.893 Y147.9 E320.21877
G1 X103.501 Y147.9 E320.25004
G1 X103.608 Y147.8 E320.25016
G1 X65.787 Y147.8 E320.28161
G1 X65.681 Y147.7 E320.28173
G1 X103.715 Y147.7 E320.31335
G1 X103.822 Y147.6 E320.31348
G1 X65.574 Y147.6 E320.34528
G1 X65.475 Y147.5 E320.3454
G1 X103.926 Y147.5 E320.37737
G1 X104.027 Y147.4 E320.37749
G1 X65.381 Y147.4 E320.40962
G1 X65.288 Y147.3 E320.40973
G1 X104.129 Y147.3 E320.44203
G1 X104.231 Y147.2 E320.44215
G1 X65.194 Y147.2 E320.47461
G1 X65.101 Y147.1 E320.47472
G1 X104.333 Y147.1 E320.50734
G1 X104.435 Y147 E320.50746
G1 X65.007 Y147 E320.54025
G1 X64.913 Y146.9 E320.54036
G1 X104.537 Y146.9 E320.57331
G1 X104.639 Y146.8 E320.57343
G1 X64.82 Y146.8 E320.60654
G1 X64.726 Y146.7 E320.60665
G1 X104.741 Y146.7 E320.63992
G1 X104.842 Y146.6 E320.64004
G1 X64.632 Y146.6 E320.67348
G1 X64.539 Y146.5 E320.67359
G1 X104.944 Y146.5 E320.70719
G1 X105.046 Y146.4 E320.70731
G1 X64.445 Y146.4 E320.74107
G1 X64.351 Y146.3 E320.74118
G1 X105.148 Y146.3 E320.7751
G1 X105.25 Y146.2 E320.77522
G1 X64.264 Y146.2 E320.8093
G1 X64.181 Y146.1 E320.80941
G1 X105.352 Y146.1 E320.84364
G1 X105.454 Y146 E320.84376
G1 X64.099 Y146 E320.87815
G1 X64.017 Y145.9 E320.87826
G1 X105.556 Y145.9 E320.9128
G1 X105.657 Y145.8 E320.91291
G1 X63.935 Y145.8 E320.94761
G1 X63.853 Y145.7 E320.94771
G1 X105.759 Y145.7 E320.98256
G1 X105.861 Y145.6 E320.98268
G1 X63.77 Y145.6 E321.01768
G1 X63.688 Y145.5 E321.01778
G1 X105.963 Y145.5 E321.05294
G1 X106.065 Y145.4 E321.05305
G1 X63.606 Y145.4 E321.08836
G1 X63.524 Y145.3 E321.08847
G1 X106.167 Y145.3 E321.12393
G1 X106.269 Y145.2 E321.12404
G1 X63.442 Y145.2 E321.15965
G1 X63.36 Y145.1 E321.15976
G1 X106.371 Y145.1 E321.19553
G1 X106.472 Y145 E321.19564
G1 X63.277 Y145 E321.23156
G1 X63.195 Y144.9 E321.23167
G1 X106.574 Y144.9 E321.26774
G1 X106.676 Y144.8 E321.26786
G1 X63.119 Y144.8 E321.30407
G1 X63.047 Y144.7 E321.30418
G1 X106.778 Y144.7 E321.34054
G1 X106.88 Y144.6 E321.34066
G1 X62.975 Y144.6 E321.37717
G1 X62.903 Y144.5 E321.37727
G1 X106.982 Y144.5 E321.41392
G1 X107.084 Y144.4 E321.41404
G1 X62.831 Y144.4 E321.45084
G1 X62.759 Y144.3 E321.45094
G1 X107.186 Y144.3 E321.48788
G1 X107.287 Y144.2 E321.488
G1 X62.688 Y144.2 E321.52508
G1 X62.616 Y144.1 E321.52518
G1 X107.389 Y144.1 E321.56241
G1 X107.491 Y144 E321.56253
G1 X62.544 Y144 E321.59991
G1 X62.472 Y143.9 E321.60001
G1 X107.593 Y143.9 E321.63753
G1 X107.695 Y143.8 E321.63764
G1 X62.4 Y143.8 E321.67531
G1 X62.328 Y143.7 E321.67541
G1 X107.797 Y143.7 E321.71322
G1 X107.899 Y143.6 E321.71334
G1 X62.256 Y143.6 E321.75129
G1 X62.184 Y143.5 E321.75139
G1 X108.001 Y143.5 E321.78949
G1 X108.102 Y143.4 E321.78961
G1 X62.113 Y143.4 E321.82785
G1 X62.051 Y143.3 E321.82794
G1 X108.204 Y143.3 E321.86632
G1 X108.306 Y143.2 E321.86644
G1 X61.989 Y143.2 E321.90495
G1 X61.926 Y143.1 E321.90505
G1 X108.408 Y143.1 E321.9437
G1 X108.51 Y143 E321.94382
G1 X61.864 Y143 E321.98261
G1 X61.802 Y142.9 E321.9827
G1 X108.612 Y142.9 E322.02163
G1 X108.714 Y142.8 E322.02174
G1 X61.739 Y142.8 E322.0608
G1 X61.677 Y142.7 E322.0609
G1 X108.816 Y142.7 E322.1001
G1 X108.917 Y142.6 E322.10022
G1 X61.615 Y142.6 E322.13955
G1 X61.552 Y142.5 E322.13965
G1 X109.019 Y142.5 E322.17912
G1 X109.121 Y142.4 E322.17923
G1 X61.49 Y142.4 E322.21884
G1 X61.428 Y142.3 E322.21894
G1 X109.223 Y142.3 E322.25868
G1 X109.325 Y142.2 E322.2588
G1 X61.365 Y142.2 E322.29868
G1 X61.303 Y142.1 E322.29877
G1 X109.427 Y142.1 E322.33879
G1 X109.529 Y142 E322.33891
G1 X61.241 Y142 E322.37906
G1 X61.181 Y141.9 E322.37916
G1 X109.631 Y141.9 E322.41944
G1 X109.732 Y141.8 E322.41956
G1 X61.127 Y141.8 E322.45998
G1 X61.074 Y141.7 E322.46007
G1 X109.834 Y141.7 E322.50062
G1 X109.936 Y141.6 E322.50073
G1 X61.02 Y141.6 E322.54141
G1 X60.967 Y141.5 E322.5415
G1 X159.012 Y141.5 E322.62303
G1 X159.06 Y141.4 E322.62312
G1 X60.913 Y141.4 E322.70473
G1 X60.86 Y141.3 E322.70482
G1 X159.109 Y141.3 E322.78652
G1 X159.157 Y141.2 E322.78661
G1 X60.806 Y141.2 E322.86839
G1 X60.753 Y141.1 E322.86848
G1 X159.205 Y141.1 E322.95035
G1 X159.254 Y141 E322.95044
G1 X60.699 Y141 E323.03239
G1 X60.646 Y140.9 E323.03248
G1 X159.302 Y140.9 E323.11451
G1 X159.351 Y140.8 E323.11461
G1 X60.592 Y140.8 E323.19673
G1 X60.539 Y140.7 E323.19682
G1 X159.399 Y140.7 E323.27902
G1 X159.447 Y140.6 E323.27911
G1 X60.485 Y140.6 E323.3614
G1 X60.432 Y140.5 E323.3615
G1 X159.496 Y140.5 E323.44387
G1 X159.544 Y140.4 E323.44396
G1 X60.378 Y140.4 E323.52642
G1 X60.329 Y140.3 E323.52651
G1 X159.593 Y140.3 E323.60905
G1 X159.641 Y140.2 E323.60914
G1 X60.284 Y140.2 E323.69176
G1 X60.238 Y140.1 E323.69185
G1 X159.69 Y140.1 E323.77454
G1 X159.738 Y140 E323.77463
G1 X60.193 Y140 E323.85741
G1 X60.147 Y139.9 E323.8575
G1 X159.786 Y139.9 E323.94035
G1 X159.835 Y139.8 E323.94044
G1 X60.102 Y139.8 E324.02337
G1 X60.056 Y139.7 E324.02346
G1 X159.883 Y139.7 E324.10647
G1 X159.932 Y139.6 E324.10656
G1 X60.011 Y139.6 E324.18964
G1 X59.965 Y139.5 E324.18974
G1 X159.98 Y139.5 E324.2729
G1 X160.028 Y139.4 E324.27299
G1 X59.92 Y139.4 E324.35623
G1 X59.875 Y139.3 E324.35632
G1 X160.077 Y139.3 E324.43964
G1 X160.125 Y139.2 E324.43973
G1 X59.829 Y139.2 E324.52313
G1 X59.784 Y139.1 E324.52322
G1 X160.174 Y139.1 E324.60669
G1 X160.222 Y139 E324.60679
G1 X59.738 Y139 E324.69034
G1 X59.693 Y138.9 E324.69043
G1 X160.271 Y138.9 E324.77406
G1 X160.319 Y138.8 E324.77415
G1 X59.647 Y138.8 E324.85786
G1 X59.607 Y138.7 E324.85795
G1 X160.367 Y138.7 E324.94173
G1 X160.416 Y138.6 E324.94183
G1 X59.569 Y138.6 E325.02568
G1 X59.531 Y138.5 E325.02577
G1 X160.456 Y138.5 E325.10969
G1 X160.49 Y138.4 E325.10978
G1 X59.494 Y138.4 E325.19376
G1 X59.456 Y138.3 E325.19385
G1 X160.523 Y138.3 E325.27788
G1 X160.556 Y138.2 E325.27797
G1 X59.418 Y138.2 E325.36207
G1 X59.381 Y138.1 E325.36216
G1 X160.589 Y138.1 E325.44631
G1 X160.622 Y138 E325.4464
G1 X59.343 Y138 E325.53061
G1 X59.305 Y137.9 E325.5307
G1 X160.655 Y137.9 E325.61497
G1 X160.688 Y137.8 E325.61506
G1 X59.267 Y137.8 E325.69939
G1 X59.23 Y137.7 E325.69948
G1 X160.721 Y137.7 E325.78387
G1 X160.755 Y137.6 E325.78396
G1 X59.192 Y137.6 E325.86841
G1 X59.154 Y137.5 E325.8685
G1 X160.788 Y137.5 E325.95301
G1 X160.821 Y137.4 E325.9531
G1 X59.116 Y137.4 E326.03766
G1 X59.079 Y137.3 E326.03775
G1 X160.854 Y137.3 E326.12238
G1 X160.887 Y137.2 E326.12247
G1 X59.041 Y137.2 E326.20715
G1 X59.005 Y137.1 E326.20724
G1 X160.92 Y137.1 E326.29198
G1 X160.953 Y137 E326.29207
G1 X58.975 Y137 E326.37687
G1 X58.944 Y136.9 E326.37695
G1 X160.987 Y136.9 E326.4618
G1 X161.02 Y136.8 E326.46189
G1 X58.914 Y136.8 E326.54679
G1 X58.884 Y136.7 E326.54688
G1 X161.053 Y136.7 E326.63183
G1 X161.086 Y136.6 E326.63192
G1 X58.853 Y136.6 E326.71693
G1 X58.823 Y136.5 E326.71701
G1 X161.119 Y136.5 E326.80207
G1 X161.152 Y136.4 E326.80216
G1 X58.792 Y136.4 E326.88727
G1 X58.762 Y136.3 E326.88736
G1 X161.185 Y136.3 E326.97252
G1 X161.218 Y136.2 E326.97261
G1 X58.731 Y136.2 E327.05783
G1 X58.701 Y136.1 E327.05792
G1 X161.252 Y136.1 E327.14319
G1 X161.285 Y136 E327.14328
G1 X58.671 Y136 E327.2286
G1 X58.64 Y135.9 E327.22869
G1 X161.318 Y135.9 E327.31406
G1 X161.351 Y135.8 E327.31415
G1 X58.61 Y135.8 E327.39958
G1 X58.579 Y135.7 E327.39967
G1 X161.384 Y135.7 E327.48515
G1 X161.417 Y135.6 E327.48524
G1 X58.549 Y135.6 E327.57077
G1 X58.518 Y135.5 E327.57086
G1 X161.45 Y135.5 E327.65645
G1 X161.484 Y135.4 E327.65654
G1 X58.49 Y135.4 E327.74218
G1 X58.467 Y135.3 E327.74226
G1 X161.517 Y135.3 E327.82795
G1 X161.546 Y135.2 E327.82803
G1 X58.444 Y135.2 E327.91376
G1 X58.42 Y135.1 E327.91385
G1 X161.566 Y135.1 E327.99962
G1 X161.585 Y135 E327.9997
G1 X58.397 Y135 E328.0855
G1 X58.374 Y134.9 E328.08559
G1 X161.604 Y134.9 E328.17142
G1 X161.624 Y134.8 E328.17151
G1 X58.35 Y134.8 E328.25738
G1 X58.327 Y134.7 E328.25747
G1 X161.643 Y134.7 E328.34337
G1 X161.662 Y134.6 E328.34346
G1 X58.304 Y134.6 E328.4294
G1 X58.28 Y134.5 E328.42949
G1 X161.682 Y134.5 E328.51547
G1 X161.701 Y134.4 E328.51555
G1 X58.257 Y134.4 E328.60156
G1 X58.234 Y134.3 E328.60165
G1 X161.72 Y134.3 E328.6877
G1 X161.74 Y134.2 E328.68778
G1 X58.21 Y134.2 E328.77387
G1 X58.187 Y134.1 E328.77395
G1 X161.759 Y134.1 E328.86007
G1 X161.778 Y134 E328.86016
G1 X58.164 Y134 E328.94631
G1 X58.14 Y133.9 E328.9464
G1 X161.798 Y133.9 E329.03259
G1 X161.817 Y133.8 E329.03268
G1 X58.117 Y133.8 E329.1189
G1 X58.095 Y133.7 E329.11899
G1 X161.836 Y133.7 E329.20525
G1 X161.856 Y133.6 E329.20533
G1 X58.079 Y133.6 E329.29163
G1 X58.062 Y133.5 E329.29171
G1 X161.875 Y133.5 E329.37803
G1 X161.894 Y133.4 E329.37812
G1 X58.046 Y133.4 E329.46447
G1 X58.029 Y133.3 E329.46455
G1 X161.914 Y133.3 E329.55093
G1 X161.933 Y133.2 E329.55101
G1 X58.012 Y133.2 E329.63743
G1 X57.996 Y133.1 E329.63751
G1 X161.952 Y133.1 E329.72395
G1 X161.972 Y133 E329.72403
G1 X57.979 Y133 E329.8105
G1 X57.963 Y132.9 E329.81059
G1 X161.991 Y132.9 E329.89709
G1 X162.01 Y132.8 E329.89717
G1 X57.946 Y132.8 E329.9837
G1 X57.93 Y132.7 E329.98379
G1 X162.03 Y132.7 E330.07035
G1 X162.049 Y132.6 E330.07043
G1 X57.913 Y132.6 E330.15702
G1 X57.896 Y132.5 E330.15711
G1 X162.069 Y132.5 E330.24373
G1 X162.088 Y132.4 E330.24381
G1 X57.88 Y132.4 E330.33046
G1 X57.863 Y132.3 E330.33054
G1 X162.107 Y132.3 E330.41722
G1 X162.127 Y132.2 E330.41731
G1 X57.847 Y132.2 E330.50402
G1 X57.83 Y132.1 E330.5041
G1 X162.146 Y132.1 E330.59084
G1 X162.165 Y132 E330.59092
G1 X57.814 Y132 E330.67769
G1 X57.801 Y131.9 E330.67778
G1 X162.185 Y131.9 E330.76457
G1 X162.204 Y131.8 E330.76466
G1 X57.791 Y131.8 E330.85148
G1 X57.782 Y131.7 E330.85156
G1 X162.21 Y131.7 E330.93839
G1 X162.216 Y131.6 E330.93848
G1 X57.772 Y131.6 E331.02532
G1 X57.762 Y131.5 E331.02541
G1 X162.223 Y131.5 E331.11226
G1 X162.229 Y131.4 E331.11235
G1 X57.752 Y131.4 E331.19922
G1 X57.742 Y131.3 E331.1993
G1 X162.236 Y131.3 E331.28619
G1 X162.242 Y131.2 E331.28628
G1 X57.732 Y131.2 E331.37318
G1 X57.722 Y131.1 E331.37326
G1 X162.248 Y131.1 E331.46017
G1 X162.255 Y131 E331.46026
G1 X57.713 Y131 E331.54718
G1 X57.703 Y130.9 E331.54727
G1 X162.261 Y130.9 E331.63421
G1 X162.267 Y130.8 E331.63429
G1 X57.693 Y130.8 E331.72124
G1 X57.683 Y130.7 E331.72133
G1 X162.274 Y130.7 E331.8083
G1 X162.28 Y130.6 E331.80838
G1 X57.673 Y130.6 E331.89536
G1 X57.663 Y130.5 E331.89544
G1 X162.287 Y130.5 E331.98244
G1 X162.293 Y130.4 E331.98252
G1 X57.654 Y130.4 E332.06953
G1 X57.644 Y130.3 E332.06961
G1 X162.299 Y130.3 E332.15663
G1 X162.306 Y130.2 E332.15672
G1 X57.634 Y130.2 E332.24375
G1 X57.63 Y130.1 E332.24384
G1 X162.312 Y130.1 E332.33088
G1 X162.318 Y130 E332.33096
G1 X57.627 Y130 E332.41801
G1 X57.624 Y129.9 E332.4181
G1 X162.325 Y129.9 E332.50516
G1 X162.331 Y129.8 E332.50524
G1 X57.62 Y129.8 E332.59231
G1 X57.617 Y129.7 E332.59239
G1 X162.338 Y129.7 E332.67947
G1 X162.344 Y129.6 E332.67955
G1 X57.614 Y129.6 E332.76663
G1 X57.611 Y129.5 E332.76672
G1 X162.35 Y129.5 E332.85381
G1 X162.357 Y129.4 E332.85389
G1 X57.607 Y129.4 E332.94099
G1 X57.604 Y129.3 E332.94107
G1 X162.363 Y129.3 E333.02818
G1 X162.37 Y129.2 E333.02826
G1 X57.601 Y129.2 E333.11538
G1 X57.597 Y129.1 E333.11546
G1 X162.376 Y129.1 E333.20259
G1 X162.382 Y129 E333.20267
G1 X57.594 Y129 E333.2898
G1 X57.591 Y128.9 E333.28988
G1 X162.389 Y128.9 E333.37702
G1 X162.395 Y128.8 E333.37711
G1 X57.588 Y128.8 E333.46426
G1 X57.584 Y128.7 E333.46434
G1 X162.401 Y128.7 E333.55149
G1 X162.408 Y128.6 E333.55158
G1 X57.581 Y128.6 E333.63874
G1 X57.578 Y128.5 E333.63882
G1 X162.414 Y128.5 E333.726
G1 X162.421 Y128.4 E333.72608
G1 X57.576 Y128.4 E333.81326
G1 X57.579 Y128.3 E333.81334
G1 X162.421 Y128.3 E333.90052
G1 X162.415 Y128.2 E333.9006
G1 X57.582 Y128.2 E333.98777
G1 X57.585 Y128.1 E333.98785
G1 X162.408 Y128.1 E334.07501
G1 X162.402 Y128 E334.0751
G1 X57.589 Y128 E334.16225
G1 X57.592 Y127.9 E334.16233
G1 X162.396 Y127.9 E334.24948
G1 X162.389 Y127.8 E334.24956
G1 X57.595 Y127.8 E334.3367
G1 X57.598 Y127.7 E334.33678
G1 X162.383 Y127.7 E334.42391
G1 X162.377 Y127.6 E334.42399
G1 X57.602 Y127.6 E334.51111
G1 X57.605 Y127.5 E334.5112
G1 X162.37 Y127.5 E334.59831
G1 X162.364 Y127.4 E334.59839
G1 X57.608 Y127.4 E334.6855
G1 X57.612 Y127.3 E334.68558
G1 X162.358 Y127.3 E334.77268
G1 X162.351 Y127.2 E334.77276
G1 X57.615 Y127.2 E334.85985
G1 X57.618 Y127.1 E334.85993
G1 X162.345 Y127.1 E334.94701
G1 X162.339 Y127 E334.9471
G1 X57.621 Y127 E335.03417
G1 X57.625 Y126.9 E335.03425
G1 X162.332 Y126.9 E335.12132
G1 X162.326 Y126.8 E335.1214
G1 X57.628 Y126.8 E335.20846
G1 X57.631 Y126.7 E335.20854
G1 X162.32 Y126.7 E335.29559
G1 X162.313 Y126.6 E335.29567
G1 X57.634 Y126.6 E335.38271
G1 X57.644 Y126.5 E335.3828
G1 X162.307 Y126.5 E335.46983
G1 X162.301 Y126.4 E335.46991
G1 X57.654 Y126.4 E335.55692
G1 X57.664 Y126.3 E335.55701
G1 X162.294 Y126.3 E335.64401
G1 X162.288 Y126.2 E335.64409
G1 X57.674 Y126.2 E335.73108
G1 X57.684 Y126.1 E335.73116
G1 X162.282 Y126.1 E335.81813
G1 X162.275 Y126 E335.81822
G1 X57.694 Y126 E335.90518
G1 X57.703 Y125.9 E335.90526
G1 X162.269 Y125.9 E335.99221
G1 X162.263 Y125.8 E335.99229
G1 X57.713 Y125.8 E336.07923
G1 X57.723 Y125.7 E336.07931
G1 X162.256 Y125.7 E336.16623
G1 X162.25 Y125.6 E336.16631
G1 X57.733 Y125.6 E336.25322
G1 X57.743 Y125.5 E336.2533
G1 X162.244 Y125.5 E336.34019
G1 X162.237 Y125.4 E336.34028
G1 X57.753 Y125.4 E336.42716
G1 X57.763 Y125.3 E336.42724
G1 X162.231 Y125.3 E336.51411
G1 X162.225 Y125.2 E336.51419
G1 X57.773 Y125.2 E336.60104
G1 X57.783 Y125.1 E336.60112
G1 X162.218 Y125.1 E336.68796
G1 X162.212 Y125 E336.68805
G1 X57.793 Y125 E336.77487
G1 X57.802 Y124.9 E336.77495
G1 X162.206 Y124.9 E336.86177
G1 X162.188 Y124.8 E336.86185
G1 X57.814 Y124.8 E336.94864
G1 X57.831 Y124.7 E336.94872
G1 X162.169 Y124.7 E337.03548
G1 X162.15 Y124.6 E337.03556
G1 X57.847 Y124.6 E337.12229
G1 X57.864 Y124.5 E337.12238
G1 X162.13 Y124.5 E337.20907
G1 X162.111 Y124.4 E337.20916
G1 X57.88 Y124.4 E337.29583
G1 X57.897 Y124.3 E337.29591
G1 X162.092 Y124.3 E337.38255
G1 X162.072 Y124.2 E337.38264
G1 X57.914 Y124.2 E337.46924
G1 X57.93 Y124.1 E337.46933
G1 X162.053 Y124.1 E337.55591
G1 X162.033 Y124 E337.55599
G1 X57.947 Y124 E337.64254
G1 X57.963 Y123.9 E337.64262
G1 X162.014 Y123.9 E337.72914
G1 X161.995 Y123.8 E337.72923
G1 X57.98 Y123.8 E337.81572
G1 X57.996 Y123.7 E337.8158
G1 X161.975 Y123.7 E337.90226
G1 X161.956 Y123.6 E337.90234
G1 X58.013 Y123.6 E337.98877
G1 X58.029 Y123.5 E337.98886
G1 X161.936 Y123.5 E338.07525
G1 X161.917 Y123.4 E338.07534
G1 X58.046 Y123.4 E338.16171
G1 X58.062 Y123.3 E338.16179
G1 X161.898 Y123.3 E338.24813
G1 X161.878 Y123.2 E338.24822
G1 X58.079 Y123.2 E338.33453
G1 X58.096 Y123.1 E338.33461
G1 X161.859 Y123.1 E338.42089
G1 X161.84 Y123 E338.42098
G1 X58.117 Y123 E338.50722
G1 X58.14 Y122.9 E338.50731
G1 X161.82 Y122.9 E338.59352
G1 X161.801 Y122.8 E338.5936
G1 X58.164 Y122.8 E338.67978
G1 X58.187 Y122.7 E338.67986
G1 X161.781 Y122.7 E338.766
G1 X161.762 Y122.6 E338.76608
G1 X58.21 Y122.6 E338.85219
G1 X58.234 Y122.5 E338.85227
G1 X161.743 Y122.5 E338.93834
G1 X161.723 Y122.4 E338.93843
G1 X58.257 Y122.4 E339.02446
G1 X58.28 Y122.3 E339.02454
G1 X161.704 Y122.3 E339.11054
G1 X161.685 Y122.2 E339.11063
G1 X58.304 Y122.2 E339.19659
G1 X58.327 Y122.1 E339.19667
G1 X161.665 Y122.1 E339.2826
G1 X161.646 Y122 E339.28268
G1 X58.35 Y122 E339.36858
G1 X58.374 Y121.9 E339.36866
G1 X161.626 Y121.9 E339.45451
G1 X161.607 Y121.8 E339.4546
G1 X58.397 Y121.8 E339.54042
G1 X58.42 Y121.7 E339.5405
G1 X161.588 Y121.7 E339.62629
G1 X161.568 Y121.6 E339.62637
G1 X58.444 Y121.6 E339.71212
G1 X58.467 Y121.5 E339.71221
G1 X161.549 Y121.5 E339.79792
G1 X161.522 Y121.4 E339.79801
G1 X58.49 Y121.4 E339.88368
G1 X58.518 Y121.3 E339.88376
G1 X161.488 Y121.3 E339.96938
G1 X161.455 Y121.2 E339.96947
G1 X58.549 Y121.2 E340.05504
G1 X58.579 Y121.1 E340.05512
G1 X161.422 Y121.1 E340.14064
G1 X161.389 Y121 E340.14073
G1 X58.609 Y121 E340.22619
G1 X58.64 Y120.9 E340.22628
G1 X161.356 Y120.9 E340.31168
G1 X161.323 Y120.8 E340.31177
G1 X58.67 Y120.8 E340.39713
G1 X58.701 Y120.7 E340.39722
G1 X161.29 Y120.7 E340.48252
G1 X161.256 Y120.6 E340.48261
G1 X58.731 Y120.6 E340.56786
G1 X58.762 Y120.5 E340.56794
G1 X161.223 Y120.5 E340.65314
G1 X161.19 Y120.4 E340.65323
G1 X58.792 Y120.4 E340.73837
G1 X58.823 Y120.3 E340.73846
G1 X161.157 Y120.3 E340.82355
G1 X161.124 Y120.2 E340.82364
G1 X58.853 Y120.2 E340.90868
G1 X58.884 Y120.1 E340.90876
G1 X161.091 Y120.1 E340.99375
G1 X161.058 Y120 E340.99384
G1 X58.914 Y120 E341.07877
G1 X58.944 Y119.9 E341.07886
G1 X161.024 Y119.9 E341.16374
G1 X160.991 Y119.8 E341.16382
G1 X58.975 Y119.8 E341.24865
G1 X59.005 Y119.7 E341.24874
G1 X160.958 Y119.7 E341.33351
G1 X160.925 Y119.6 E341.3336
G1 X59.04 Y119.6 E341.41832
G1 X59.078 Y119.5 E341.41841
G1 X160.892 Y119.5 E341.50306
G1 X160.859 Y119.4 E341.50315
G1 X59.116 Y119.4 E341.58775
G1 X59.153 Y119.3 E341.58784
G1 X160.826 Y119.3 E341.67238
G1 X160.792 Y119.2 E341.67247
G1 X59.191 Y119.2 E341.75695
G1 X59.229 Y119.1 E341.75704
G1 X160.759 Y119.1 E341.84146
G1 X160.726 Y119 E341.84155
G1 X59.267 Y119 E341.92591
G1 X59.304 Y118.9 E341.926
G1 X160.693 Y118.9 E342.01031
G1 X160.66 Y118.8 E342.01039
G1 X59.342 Y118.8 E342.09464
G1 X59.38 Y118.7 E342.09473
G1 X160.627 Y118.7 E342.17892
G1 X160.594 Y118.6 E342.179
G1 X59.418 Y118.6 E342.26313
G1 X59.455 Y118.5 E342.26322
G1 X160.56 Y118.5 E342.34729
G1 X160.527 Y118.4 E342.34738
G1 X59.493 Y118.4 E342.43139
G1 X59.531 Y118.3 E342.43148
G1 X160.494 Y118.3 E342.51543
G1 X160.461 Y118.2 E342.51552
G1 X59.569 Y118.2 E342.59941
G1 X59.606 Y118.1 E342.5995
G1 X160.422 Y118.1 E342.68333
G1 X160.374 Y118 E342.68342
G1 X59.647 Y118 E342.76717
G1 X59.692 Y117.9 E342.76726
G1 X160.325 Y117.9 E342.85094
G1 X160.277 Y117.8 E342.85103
G1 X59.737 Y117.8 E342.93463
G1 X59.783 Y117.7 E342.93472
G1 X160.228 Y117.7 E343.01824
G1 X160.18 Y117.6 E343.01834
G1 X59.828 Y117.6 E343.10178
G1 X59.874 Y117.5 E343.10187
G1 X160.132 Y117.5 E343.18524
G1 X160.083 Y117.4 E343.18533
G1 X59.919 Y117.4 E343.26862
G1 X59.964 Y117.3 E343.26871
G1 X160.035 Y117.3 E343.35192
G1 X159.986 Y117.2 E343.35201
G1 X60.01 Y117.2 E343.43514
G1 X60.055 Y117.1 E343.43523
G1 X159.938 Y117.1 E343.51828
G1 X159.89 Y117 E343.51838
G1 X60.101 Y117 E343.60135
G1 X60.146 Y116.9 E343.60144
G1 X159.841 Y116.9 E343.68434
G1 X159.793 Y116.8 E343.68443
G1 X60.191 Y116.8 E343.76725
G1 X60.237 Y116.7 E343.76734
G1 X159.744 Y116.7 E343.85008
G1 X159.696 Y116.6 E343.85017
G1 X60.282 Y116.6 E343.93284
G1 X60.328 Y116.5 E343.93293
G1 X159.647 Y116.5 E344.01551
G1 X159.599 Y116.4 E344.0156
G1 X60.376 Y116.4 E344.09811
G1 X60.429 Y116.3 E344.0982
G1 X159.551 Y116.3 E344.18062
G1 X159.502 Y116.2 E344.18072
G1 X60.483 Y116.2 E344.26305
G1 X60.536 Y116.1 E344.26314
G1 X159.454 Y116.1 E344.3454
G1 X159.405 Y116 E344.34549
G1 X60.59 Y116 E344.42765
G1 X60.644 Y115.9 E344.42775
G1 X159.357 Y115.9 E344.50983
G1 X159.309 Y115.8 E344.50992
G1 X60.697 Y115.8 E344.59192
G1 X60.751 Y115.7 E344.59201
G1 X159.26 Y115.7 E344.67392
G1 X159.212 Y115.6 E344.67401
G1 X60.804 Y115.6 E344.75584
G1 X60.858 Y115.5 E344.75593
G1 X159.163 Y115.5 E344.83768
G1 X159.115 Y115.4 E344.83777
G1 X60.912 Y115.4 E344.91942
G1 X60.965 Y115.3 E344.91952
G1 X159.066 Y115.3 E345.00109
G1 X159.018 Y115.2 E345.00118
G1 X61.019 Y115.2 E345.08267
G1 X61.073 Y115.1 E345.08276
G1 X158.97 Y115.1 E345.16416
G1 X158.921 Y115 E345.16426
G1 X61.126 Y115 E345.24557
G1 X61.18 Y114.9 E345.24567
G1 X158.864 Y114.9 E345.32689
G1 X158.798 Y114.8 E345.32699
G1 X61.239 Y114.8 E345.40811
G1 X61.302 Y114.7 E345.40821
G1 X158.732 Y114.7 E345.48922
G1 X158.666 Y114.6 E345.48932
G1 X61.364 Y114.6 E345.57023
G1 X61.426 Y114.5 E345.57033
G1 X158.6 Y114.5 E345.65113
G1 X158.534 Y114.4 E345.65123
G1 X61.489 Y114.4 E345.73192
G1 X61.551 Y114.3 E345.73202
G1 X158.468 Y114.3 E345.81261
G1 X158.402 Y114.2 E345.81271
G1 X61.614 Y114.2 E345.89319
G1 X61.676 Y114.1 E345.89328
G1 X158.336 Y114.1 E345.97366
G1 X158.27 Y114 E345.97376
G1 X61.739 Y114 E346.05402
G1 X61.801 Y113.9 E346.05412
G1 X158.204 Y113.9 E346.13428
G1 X158.138 Y113.8 E346.13438
G1 X61.864 Y113.8 E346.21443
G1 X61.926 Y113.7 E346.21453
G1 X158.072 Y113.7 E346.29448
G1 X158.006 Y113.6 E346.29457
G1 X61.988 Y113.6 E346.37441
G1 X62.051 Y113.5 E346.37451
G1 X157.94 Y113.5 E346.45424
G1 X157.874 Y113.4 E346.45434
G1 X62.113 Y113.4 E346.53397
G1 X62.183 Y113.3 E346.53407
G1 X157.808 Y113.3 E346.61358
G1 X157.742 Y113.2 E346.61368
G1 X62.255 Y113.2 E346.69308
G1 X62.327 Y113.1 E346.69318
G1 X157.675 Y113.1 E346.77247
G1 X157.609 Y113 E346.77257
G1 X62.399 Y113 E346.85173
G1 X62.47 Y112.9 E346.85183
G1 X157.543 Y112.9 E346.93089
G1 X157.477 Y112.8 E346.93099
G1 X62.542 Y112.8 E347.00993
G1 X62.614 Y112.7 E347.01003
G1 X157.411 Y112.7 E347.08885
G1 X157.345 Y112.6 E347.08895
G1 X62.686 Y112.6 E347.16766
G1 X62.758 Y112.5 E347.16776
G1 X157.279 Y112.5 E347.24636
G1 X157.213 Y112.4 E347.24646
G1 X62.829 Y112.4 E347.32494
G1 X62.901 Y112.3 E347.32504
G1 X157.147 Y112.3 E347.40341
G1 X157.081 Y112.2 E347.40351
G1 X62.973 Y112.2 E347.48176
G1 X63.045 Y112.1 E347.48186
G1 X157.015 Y112.1 E347.56
G1 X156.949 Y112 E347.5601
G1 X63.117 Y112 E347.63812
G1 X63.192 Y111.9 E347.63822
G1 X156.876 Y111.9 E347.71612
G1 X156.789 Y111.8 E347.71623
G1 X63.274 Y111.8 E347.79399
G1 X63.357 Y111.7 E347.7941
G1 X156.701 Y111.7 E347.87171
G1 X156.614 Y111.6 E347.87182
G1 X63.439 Y111.6 E347.9493
G1 X63.521 Y111.5 E347.94941
G1 X156.527 Y111.5 E348.02674
G1 X156.439 Y111.4 E348.02685
G1 X63.603 Y111.4 E348.10405
G1 X63.686 Y111.3 E348.10415
G1 X156.352 Y111.3 E348.18121
G1 X156.264 Y111.2 E348.18132
G1 X63.768 Y111.2 E348.25823
G1 X63.85 Y111.1 E348.25833
G1 X156.177 Y111.1 E348.3351
G1 X156.089 Y111 E348.33522
G1 X63.932 Y111 E348.41184
G1 X64.015 Y110.9 E348.41195
G1 X156.002 Y110.9 E348.48844
G1 X155.914 Y110.8 E348.48855
G1 X64.097 Y110.8 E348.5649
G1 X64.179 Y110.7 E348.565
G1 X155.827 Y110.7 E348.64121
G1 X155.739 Y110.6 E348.64132
G1 X64.261 Y110.6 E348.71738
G1 X64.349 Y110.5 E348.7175
G1 X155.652 Y110.5 E348.79341
G1 X155.564 Y110.4 E348.79353
G1 X64.442 Y110.4 E348.86929
G1 X64.536 Y110.3 E348.86941
G1 X155.477 Y110.3 E348.94503
G1 X155.389 Y110.2 E348.94514
G1 X64.63 Y110.2 E349.0206
G1 X64.723 Y110.1 E349.02072
G1 X155.302 Y110.1 E349.09603
G1 X155.215 Y110 E349.09614
G1 X64.817 Y110 E349.17131
G1 X64.911 Y109.9 E349.17142
G1 X155.127 Y109.9 E349.24644
G1 X155.04 Y109.8 E349.24655
G1 X65.004 Y109.8 E349.32141
G1 X65.098 Y109.7 E349.32153
G1 X154.952 Y109.7 E349.39624
G1 X154.865 Y109.6 E349.39635
G1 X65.192 Y109.6 E349.47092
G1 X65.285 Y109.5 E349.47103
G1 X154.777 Y109.5 E349.54544
G1 X154.69 Y109.4 E349.54555
G1 X65.379 Y109.4 E349.61981
G1 X65.473 Y109.3 E349.61993
G1 X154.602 Y109.3 E349.69404
G1 X154.515 Y109.2 E349.69415
G1 X65.569 Y109.2 E349.76811
G1 X65.669 Y109.1 E349.76823
G1 X154.421 Y109.1 E349.84202
G1 X154.321 Y109 E349.84214
G1 X65.769 Y109 E349.91577
G1 X65.869 Y108.9 E349.91589
G1 X154.221 Y108.9 E349.98936
G1 X154.121 Y108.8 E349.98947
G1 X65.969 Y108.8 E350.06277
G1 X66.069 Y108.7 E350.06289
G1 X154.022 Y108.7 E350.13602
G1 X153.922 Y108.6 E350.13614
G1 X66.169 Y108.6 E350.20911
G1 X66.268 Y108.5 E350.20922
G1 X153.822 Y108.5 E350.28203
G1 X153.722 Y108.4 E350.28214
G1 X66.368 Y108.4 E350.35478
G1 X66.468 Y108.3 E350.3549
G1 X153.622 Y108.3 E350.42736
G1 X153.523 Y108.2 E350.42748
G1 X66.568 Y108.2 E350.49978
G1 X66.668 Y108.1 E350.4999
G1 X153.423 Y108.1 E350.57204
G1 X153.323 Y108 E350.57216
G1 X66.768 Y108 E350.64413
G1 X66.868 Y107.9 E350.64425
G1 X153.223 Y107.9 E350.71605
G1 X153.124 Y107.8 E350.71617
G1 X66.967 Y107.8 E350.78781
G1 X67.067 Y107.7 E350.78792
G1 X153.024 Y107.7 E350.8594
G1 X152.924 Y107.6 E350.85952
G1 X67.167 Y107.6 E350.93082
G1 X67.267 Y107.5 E350.93094
G1 X152.824 Y107.5 E351.00208
G1 X152.725 Y107.4 E351.0022
G1 X67.367 Y107.4 E351.07317
G1 X67.467 Y107.3 E351.07329
G1 X152.625 Y107.3 E351.1441
G1 X152.525 Y107.2 E351.14422
G1 X67.567 Y107.2 E351.21486
G1 X67.667 Y107.1 E351.21498
G1 X152.425 Y107.1 E351.28546
G1 X152.325 Y107 E351.28557
G1 X67.766 Y107 E351.35588
G1 X67.866 Y106.9 E351.356
G1 X152.226 Y106.9 E351.42615
G1 X152.126 Y106.8 E351.42626
G1 X67.966 Y106.8 E351.49624
G1 X68.066 Y106.7 E351.49636
G1 X152.026 Y106.7 E351.56617
G1 X151.926 Y106.6 E351.56629
G1 X68.166 Y106.6 E351.63594
G1 X68.266 Y106.5 E351.63606
G1 X151.827 Y106.5 E351.70554
G1 X151.727 Y106.4 E351.70566
G1 X68.366 Y106.4 E351.77497
G1 X68.465 Y106.3 E351.77509
G1 X151.627 Y106.3 E351.84424
G1 X151.527 Y106.2 E351.84435
G1 X68.565 Y106.2 E351.91334
G1 X68.665 Y106.1 E351.91346
G1 X151.427 Y106.1 E351.98227
G1 X151.328 Y106 E351.98239
G1 X68.765 Y106 E352.05104
G1 X68.865 Y105.9 E352.05116
G1 X151.228 Y105.9 E352.11964
G1 X151.128 Y105.8 E352.11976
G1 X68.965 Y105.8 E352.18808
G1 X69.065 Y105.7 E352.1882
G1 X151.028 Y105.7 E352.25635
G1 X150.929 Y105.6 E352.25647
G1 X69.164 Y105.6 E352.32445
G1 X69.264 Y105.5 E352.32457
G1 X150.829 Y105.5 E352.39239
G1 X150.729 Y105.4 E352.39251
G1 X69.364 Y105.4 E352.46017
G1 X69.464 Y105.3 E352.46028
G1 X150.629 Y105.3 E352.52777
G1 X150.53 Y105.2 E352.52789
G1 X69.564 Y105.2 E352.59521
G1 X69.664 Y105.1 E352.59533
G1 X150.43 Y105.1 E352.66249
G1 X150.33 Y105 E352.66261
G1 X69.764 Y105 E352.7296
G1 X69.863 Y104.9 E352.72971
G1 X150.23 Y104.9 E352.79654
G1 X150.13 Y104.8 E352.79666
G1 X69.963 Y104.8 E352.86332
G1 X70.063 Y104.7 E352.86343
G1 X150.031 Y104.7 E352.92993
G1 X149.931 Y104.6 E352.93004
G1 X70.163 Y104.6 E352.99637
G1 X70.263 Y104.5 E352.99649
G1 X149.831 Y104.5 E353.06265
G1 X149.731 Y104.4 E353.06277
G1 X70.363 Y104.4 E353.12876
G1 X70.463 Y104.3 E353.12888
G1 X149.632 Y104.3 E353.19471
G1 X149.532 Y104.2 E353.19483
G1 X70.562 Y104.2 E353.26049
G1 X70.662 Y104.1 E353.26061
G1 X149.432 Y104.1 E353.32611
G1 X149.332 Y104 E353.32622
G1 X70.762 Y104 E353.39156
G1 X70.862 Y103.9 E353.39167
G1 X149.233 Y103.9 E353.45684
G1 X149.133 Y103.8 E353.45696
G1 X70.962 Y103.8 E353.52196
G1 X71.062 Y103.7 E353.52207
G1 X149.033 Y103.7 E353.58691
G1 X148.933 Y103.6 E353.58702
G1 X71.162 Y103.6 E353.65169
G1 X71.261 Y103.5 E353.65181
G1 X148.833 Y103.5 E353.71631
G1 X148.734 Y103.4 E353.71643
G1 X71.361 Y103.4 E353.78076
G1 X71.461 Y103.3 E353.78088
G1 X148.634 Y103.3 E353.84505
G1 X148.534 Y103.2 E353.84517
G1 X71.561 Y103.2 E353.90917
G1 X71.661 Y103.1 E353.90929
G1 X148.434 Y103.1 E353.97313
G1 X148.335 Y103 E353.97324
G1 X71.761 Y103 E354.03691
G1 X71.861 Y102.9 E354.03703
G1 X148.235 Y102.9 E354.10054
G1 X148.135 Y102.8 E354.10065
G1 X71.961 Y102.8 E354.16399
G1 X72.06 Y102.7 E354.16411
G1 X148.035 Y102.7 E354.22728
G1 X147.936 Y102.6 E354.2274
G1 X72.16 Y102.6 E354.29041
G1 X72.26 Y102.5 E354.29053
G1 X147.836 Y102.5 E354.35337
G1 X147.736 Y102.4 E354.35349
G1 X72.36 Y102.4 E354.41616
G1 X72.46 Y102.3 E354.41628
G1 X147.636 Y102.3 E354.47879
G1 X147.536 Y102.2 E354.4789
G1 X72.56 Y102.2 E354.54125
G1 X72.66 Y102.1 E354.54137
G1 X147.437 Y102.1 E354.60354
G1 X147.337 Y102 E354.60366
G1 X72.759 Y102 E354.66567
G1 X72.859 Y101.9 E354.66579
G1 X147.237 Y101.9 E354.72764
G1 X147.137 Y101.8 E354.72775
G1 X72.959 Y101.8 E354.78943
G1 X73.059 Y101.7 E354.78955
G1 X147.038 Y101.7 E354.85106
G1 X146.938 Y101.6 E354.85118
G1 X73.159 Y101.6 E354.91253
G1 X73.259 Y101.5 E354.91265
G1 X146.838 Y101.5 E354.97383
G1 X146.738 Y101.4 E354.97394
G1 X73.359 Y101.4 E355.03496
G1 X73.458 Y101.3 E355.03508
G1 X146.638 Y101.3 E355.09593
G1 X146.539 Y101.2 E355.09604
G1 X73.558 Y101.2 E355.15673
G1 X73.658 Y101.1 E355.15684
G1 X146.439 Y101.1 E355.21736
G1 X146.339 Y101 E355.21748
G1 X73.758 Y101 E355.27783
G1 X73.858 Y100.9 E355.27795
G1 X146.239 Y100.9 E355.33813
G1 X146.14 Y100.8 E355.33825
G1 X73.958 Y100.8 E355.39827
G1 X74.058 Y100.7 E355.39839
G1 X146.04 Y100.7 E355.45824
G1 X145.94 Y100.6 E355.45836
G1 X74.157 Y100.6 E355.51805
G1 X74.257 Y100.5 E355.51816
G1 X145.84 Y100.5 E355.57769
G1 X145.741 Y100.4 E355.5778
G1 X74.357 Y100.4 E355.63716
G1 X74.457 Y100.3 E355.63728
G1 X145.641 Y100.3 E355.69647
G1 X145.541 Y100.2 E355.69658
G1 X74.557 Y100.2 E355.75561
G1 X74.657 Y100.1 E355.75572
G1 X145.441 Y100.1 E355.81458
G1 X145.341 Y100 E355.8147
G1 X74.757 Y100 E355.87339
G1 X74.856 Y99.9 E355.87351
G1 X145.242 Y99.9 E355.93203
G1 X145.142 Y99.8 E355.93215
G1 X74.956 Y99.8 E355.99051
G1 X75.056 Y99.7 E355.99063
G1 X145.042 Y99.7 E356.04882
G1 X144.942 Y99.6 E356.04894
G1 X75.156 Y99.6 E356.10697
G1 X75.256 Y99.5 E356.10708
G1 X144.843 Y99.5 E356.16495
G1 X144.743 Y99.4 E356.16506
G1 X75.356 Y99.4 E356.22276
G1 X75.456 Y99.3 E356.22288
G1 X144.643 Y99.3 E356.28041
G1 X144.543 Y99.2 E356.28052
G1 X75.555 Y99.2 E356.33789
G1 X75.655 Y99.1 E356.33801
G1 X144.444 Y99.1 E356.3952
G1 X144.344 Y99 E356.39532
G1 X75.755 Y99 E356.45235
G1 X75.855 Y98.9 E356.45247
G1 X144.244 Y98.9 E356.50934
G1 X144.144 Y98.8 E356.50945
G1 X75.955 Y98.8 E356.56615
G1 X76.055 Y98.7 E356.56627
G1 X144.044 Y98.7 E356.6228
G1 X143.945 Y98.6 E356.62292
G1 X76.155 Y98.6 E356.67929
G1 X76.255 Y98.5 E356.67941
G1 X143.845 Y98.5 E356.73561
G1 X143.745 Y98.4 E356.73573
G1 X76.354 Y98.4 E356.79176
G1 X76.454 Y98.3 E356.79188
G1 X143.645 Y98.3 E356.84775
G1 X143.546 Y98.2 E356.84787
G1 X76.554 Y98.2 E356.90357
G1 X76.654 Y98.1 E356.90369
G1 X143.446 Y98.1 E356.95922
G1 X143.346 Y98 E356.95934
G1 X76.754 Y98 E357.01471
G1 X76.854 Y97.9 E357.01483
G1 X143.246 Y97.9 E357.07004
G1 X143.146 Y97.8 E357.07015
G1 X76.954 Y97.8 E357.12519
G1 X77.053 Y97.7 E357.12531
G1 X143.047 Y97.7 E357.18018
G1 X142.947 Y97.6 E357.1803
G1 X77.153 Y97.6 E357.23501
G1 X77.253 Y97.5 E357.23513
G1 X142.847 Y97.5 E357.28967
G1 X142.747 Y97.4 E357.28979
G1 X77.353 Y97.4 E357.34416
G1 X77.453 Y97.3 E357.34428
G1 X142.648 Y97.3 E357.39849
G1 X142.548 Y97.2 E357.39861
G1 X77.553 Y97.2 E357.45265
G1 X77.653 Y97.1 E357.45277
G1 X142.448 Y97.1 E357.50665
G1 X142.348 Y97 E357.50676
G1 X77.752 Y97 E357.56048
G1 X77.852 Y96.9 E357.56059
G1 X142.249 Y96.9 E357.61414
G1 X142.149 Y96.8 E357.61426
G1 X77.952 Y96.8 E357.66764
G1 X78.052 Y96.7 E357.66775
G1 X142.049 Y96.7 E357.72097
G1 X141.949 Y96.6 E357.72109
G1 X78.152 Y96.6 E357.77413
G1 X78.252 Y96.5 E357.77425
G1 X141.849 Y96.5 E357.82713
G1 X141.75 Y96.4 E357.82725
G1 X78.352 Y96.4 E357.87996
G1 X78.451 Y96.3 E357.88008
G1 X141.65 Y96.3 E357.93263
G1 X141.55 Y96.2 E357.93275
G1 X78.551 Y96.2 E357.98513
G1 X78.651 Y96.1 E357.98525
G1 X141.45 Y96.1 E358.03747
G1 X141.351 Y96 E358.03759
G1 X78.751 Y96 E358.08964
G1 X78.851 Y95.9 E358.08975
G1 X141.251 Y95.9 E358.14164
G1 X141.151 Y95.8 E358.14176
G1 X78.951 Y95.8 E358.19348
G1 X79.051 Y95.7 E358.1936
G1 X141.051 Y95.7 E358.24515
G1 X140.952 Y95.6 E358.24527
G1 X79.15 Y95.6 E358.29665
G1 X79.25 Y95.5 E358.29677
G1 X140.852 Y95.5 E358.34799
G1 X140.752 Y95.4 E358.34811
G1 X79.35 Y95.4 E358.39917
G1 X79.45 Y95.3 E358.39929
G1 X140.652 Y95.3 E358.45017
G1 X140.552 Y95.2 E358.45029
G1 X79.55 Y95.2 E358.50102
G1 X79.65 Y95.1 E358.50113
G1 X140.453 Y95.1 E358.55169
G1 X140.353 Y95 E358.55181
G1 X79.75 Y95 E358.6022
G1 X79.849 Y94.9 E358.60232
G1 X140.253 Y94.9 E358.65254
G1 X140.153 Y94.8 E358.65266
G1 X79.949 Y94.8 E358.70272
G1 X80.049 Y94.7 E358.70284
G1 X140.054 Y94.7 E358.75273
G1 X139.954 Y94.6 E358.75285
G1 X80.149 Y94.6 E358.80258
G1 X80.249 Y94.5 E358.8027
G1 X139.854 Y94.5 E358.85226
G1 X139.754 Y94.4 E358.85238
G1 X80.349 Y94.4 E358.90177
G1 X80.449 Y94.3 E358.90189
G1 X139.655 Y94.3 E358.95112
G1 X139.555 Y94.2 E358.95124
G1 X80.549 Y94.2 E359.0003
G1 X80.648 Y94.1 E359.00042
G1 X139.455 Y94.1 E359.04932
G1 X139.355 Y94 E359.04943
G1 X80.748 Y94 E359.09816
G1 X80.848 Y93.9 E359.09828
G1 X139.255 Y93.9 E359.14685
G1 X139.156 Y93.8 E359.14696
G1 X80.948 Y93.8 E359.19536
G1 X81.048 Y93.7 E359.19548
G1 X139.056 Y93.7 E359.24372
G1 X138.956 Y93.6 E359.24383
G1 X81.148 Y93.6 E359.2919
G1 X81.248 Y93.5 E359.29202
G1 X138.856 Y93.5 E359.33992
G1 X138.757 Y93.4 E359.34004
G1 X81.347 Y93.4 E359.38777
G1 X81.447 Y93.3 E359.38789
G1 X138.657 Y93.3 E359.43546
G1 X138.557 Y93.2 E359.43558
G1 X81.547 Y93.2 E359.48298
G1 X81.647 Y93.1 E359.4831
G1 X138.457 Y93.1 E359.53034
G1 X138.357 Y93 E359.53046
G1 X81.747 Y93 E359.57753
G1 X81.847 Y92.9 E359.57765
G1 X138.258 Y92.9 E359.62455
G1 X138.158 Y92.8 E359.62467
G1 X81.947 Y92.8 E359.67141
G1 X82.046 Y92.7 E359.67153
G1 X138.058 Y92.7 E359.7181
G1 X137.958 Y92.6 E359.71822
G1 X82.146 Y92.6 E359.76463
G1 X82.246 Y92.5 E359.76474
G1 X137.859 Y92.5 E359.81099
G1 X137.759 Y92.4 E359.8111
G1 X82.346 Y92.4 E359.85718
G1 X82.446 Y92.3 E359.8573
G1 X137.659 Y92.3 E359.90321
G1 X137.559 Y92.2 E359.90332
G1 X82.546 Y92.2 E359.94907
G1 X82.646 Y92.1 E359.94918
G1 X137.46 Y92.1 E359.99476
G1 X137.36 Y92 E359.99488
G1 X82.745 Y92 E360.04029
G1 X82.845 Y91.9 E360.04041
G1 X137.26 Y91.9 E360.08566
G1 X137.16 Y91.8 E360.08577
G1 X82.945 Y91.8 E360.13085
G1 X83.045 Y91.7 E360.13097
G1 X137.06 Y91.7 E360.17589
G1 X136.961 Y91.6 E360.176
G1 X83.145 Y91.6 E360.22075
G1 X83.245 Y91.5 E360.22087
G1 X136.861 Y91.5 E360.26545
G1 X136.761 Y91.4 E360.26557
G1 X83.345 Y91.4 E360.30998
G1 X83.444 Y91.3 E360.3101
G1 X136.661 Y91.3 E360.35435
G1 X136.562 Y91.2 E360.35447
G1 X83.544 Y91.2 E360.39855
G1 X83.644 Y91.1 E360.39867
G1 X136.462 Y91.1 E360.44259
G1 X136.362 Y91 E360.44271
G1 X83.744 Y91 E360.48646
G1 X83.844 Y90.9 E360.48658
G1 X136.262 Y90.9 E360.53016
G1 X136.163 Y90.8 E360.53028
G1 X83.944 Y90.8 E360.5737
G1 X84.044 Y90.7 E360.57382
G1 X136.063 Y90.7 E360.61707
G1 X135.963 Y90.6 E360.61719
G1 X84.143 Y90.6 E360.66028
G1 X84.243 Y90.5 E360.66039
G1 X135.863 Y90.5 E360.70332
G1 X135.763 Y90.4 E360.70343
G1 X84.343 Y90.4 E360.74619
G1 X84.443 Y90.3 E360.74631
G1 X135.664 Y90.3 E360.7889
G1 X135.564 Y90.2 E360.78902
G1 X84.543 Y90.2 E360.83144
G1 X84.643 Y90.1 E360.83156
G1 X135.464 Y90.1 E360.87381
G1 X135.364 Y90 E360.87393
G1 X84.743 Y90 E360.91602
G1 X84.842 Y89.9 E360.91614
G1 X135.265 Y89.9 E360.95807
G1 X135.165 Y89.8 E360.95819
G1 X84.942 Y89.8 E360.99995
G1 X85.042 Y89.7 E361.00006
G1 X135.065 Y89.7 E361.04166
G1 X134.965 Y89.6 E361.04178
G1 X85.142 Y89.6 E361.0832
G1 X85.242 Y89.5 E361.08332
G1 X134.865 Y89.5 E361.12458
G1 X134.766 Y89.4 E361.1247
G1 X85.342 Y89.4 E361.1658
G1 X85.442 Y89.3 E361.16591
G1 X134.666 Y89.3 E361.20684
G1 X134.566 Y89.2 E361.20696
G1 X85.542 Y89.2 E361.24772
G1 X85.641 Y89.1 E361.24784
G1 X134.466 Y89.1 E361.28844
G1 X134.367 Y89 E361.28856
G1 X85.741 Y89 E361.32899
G1 X85.841 Y88.9 E361.32911
G1 X134.267 Y88.9 E361.36937
G1 X134.167 Y88.8 E361.36949
G1 X85.941 Y88.8 E361.40959
G1 X86.041 Y88.7 E361.40971
G1 X134.067 Y88.7 E361.44964
G1 X133.968 Y88.6 E361.44976
G1 X86.141 Y88.6 E361.48953
G1 X86.241 Y88.5 E361.48965
G1 X133.868 Y88.5 E361.52925
G1 X133.768 Y88.4 E361.52936
G1 X86.34 Y88.4 E361.5688
G1 X86.44 Y88.3 E361.56892
G1 X133.668 Y88.3 E361.60819
G1 X133.568 Y88.2 E361.60831
G1 X86.54 Y88.2 E361.64741
G1 X86.64 Y88.1 E361.64753
G1 X133.469 Y88.1 E361.68647
G1 X133.369 Y88 E361.68658
G1 X86.74 Y88 E361.72536
G1 X86.84 Y87.9 E361.72547
G1 X133.269 Y87.9 E361.76408
G1 X133.169 Y87.8 E361.7642
G1 X86.94 Y87.8 E361.80264
G1 X87.039 Y87.7 E361.80275
G1 X133.07 Y87.7 E361.84103
G1 X132.97 Y87.6 E361.84115
G1 X87.139 Y87.6 E361.87926
G1 X87.239 Y87.5 E361.87937
G1 X132.87 Y87.5 E361.91732
G1 X132.77 Y87.4 E361.91743
G1 X87.339 Y87.4 E361.95521
G1 X87.439 Y87.3 E361.95533
G1 X132.671 Y87.3 E361.99294
G1 X132.571 Y87.2 E361.99305
G1 X87.539 Y87.2 E362.0305
G1 X87.639 Y87.1 E362.03062
G1 X132.471 Y87.1 E362.06789
G1 X132.371 Y87 E362.06801
G1 X87.738 Y87 E362.10512
G1 X87.838 Y86.9 E362.10524
G1 X132.271 Y86.9 E362.14219
G1 X132.172 Y86.8 E362.14231
G1 X87.938 Y86.8 E362.17909
G1 X88.038 Y86.7 E362.1792
G1 X132.072 Y86.7 E362.21582
G1 X131.972 Y86.6 E362.21594
G1 X88.138 Y86.6 E362.25238
G1 X88.238 Y86.5 E362.2525
G1 X131.872 Y86.5 E362.28878
G1 X131.773 Y86.4 E362.2889
G1 X88.338 Y86.4 E362.32502
G1 X88.437 Y86.3 E362.32513
G1 X131.673 Y86.3 E362.36108
G1 X131.573 Y86.2 E362.3612
G1 X88.537 Y86.2 E362.39699
G1 X88.637 Y86.1 E362.3971
G1 X131.473 Y86.1 E362.43272
G1 X131.373 Y86 E362.43284
G1 X88.737 Y86 E362.46829
G1 X88.837 Y85.9 E362.46841
G1 X131.274 Y85.9 E362.5037
G1 X131.174 Y85.8 E362.50381
G1 X88.937 Y85.8 E362.53893
G1 X89.037 Y85.7 E362.53905
G1 X131.074 Y85.7 E362.57401
G1 X130.974 Y85.6 E362.57412
G1 X89.136 Y85.6 E362.60891
G1 X89.236 Y85.5 E362.60903
G1 X130.875 Y85.5 E362.64365
G1 X130.775 Y85.4 E362.64377
G1 X89.336 Y85.4 E362.67823
G1 X89.436 Y85.3 E362.67834
G1 X130.675 Y85.3 E362.71263
G1 X130.575 Y85.2 E362.71275
G1 X89.536 Y85.2 E362.74688
G1 X89.636 Y85.1 E362.74699
G1 X130.476 Y85.1 E362.78095
G1 X130.376 Y85 E362.78107
G1 X89.736 Y85 E362.81486
G1 X89.836 Y84.9 E362.81498
G1 X130.276 Y84.9 E362.84861
G1 X130.176 Y84.8 E362.84872
G1 X89.935 Y84.8 E362.88218
G1 X90.035 Y84.7 E362.8823
G1 X130.076 Y84.7 E362.9156
G1 X129.977 Y84.6 E362.91571
G1 X90.135 Y84.6 E362.94884
G1 X90.235 Y84.5 E362.94896
G1 X129.877 Y84.5 E362.98192
G1 X129.777 Y84.4 E362.98204
G1 X90.335 Y84.4 E363.01484
G1 X90.435 Y84.3 E363.01495
G1 X129.677 Y84.3 E363.04758
G1 X129.578 Y84.2 E363.0477
G1 X90.535 Y84.2 E363.08016
G1 X90.634 Y84.1 E363.08028
G1 X129.478 Y84.1 E363.11258
G1 X129.378 Y84 E363.1127
G1 X90.734 Y84 E363.14483
G1 X90.834 Y83.9 E363.14495
G1 X129.278 Y83.9 E363.17691
G1 X129.179 Y83.8 E363.17703
G1 X90.934 Y83.8 E363.20883
G1 X91.034 Y83.7 E363.20895
G1 X129.079 Y83.7 E363.24058
G1 X128.979 Y83.6 E363.2407
G1 X91.134 Y83.6 E363.27217
G1 X91.234 Y83.5 E363.27229
G1 X128.879 Y83.5 E363.30359
G1 X128.779 Y83.4 E363.30371
G1 X91.333 Y83.4 E363.33484
G1 X91.433 Y83.3 E363.33496
G1 X128.68 Y83.3 E363.36593
G1 X128.58 Y83.2 E363.36605
G1 X91.533 Y83.2 E363.39685
G1 X91.633 Y83.1 E363.39697
G1 X128.48 Y83.1 E363.42761
G1 X128.38 Y83 E363.42773
G1 X91.733 Y83 E363.4582
G1 X91.833 Y82.9 E363.45832
G1 X128.281 Y82.9 E363.48862
G1 X128.181 Y82.8 E363.48874
G1 X91.933 Y82.8 E363.51888
G1 X92.032 Y82.7 E363.519
G1 X128.081 Y82.7 E363.54897
G1 X127.981 Y82.6 E363.54909
G1 X92.132 Y82.6 E363.5789
G1 X92.232 Y82.5 E363.57902
G1 X127.882 Y82.5 E363.60866
G1 X127.782 Y82.4 E363.60878
G1 X92.332 Y82.4 E363.63826
G1 X92.432 Y82.3 E363.63837
G1 X127.682 Y82.3 E363.66768
G1 X127.582 Y82.2 E363.6678
G1 X92.532 Y82.2 E363.69695
G1 X92.632 Y82.1 E363.69706
G1 X127.482 Y82.1 E363.72604
G1 X127.383 Y82 E363.72616
G1 X92.731 Y82 E363.75497
G1 X92.831 Y81.9 E363.75509
G1 X127.283 Y81.9 E363.78374
G1 X127.183 Y81.8 E363.78385
G1 X92.931 Y81.8 E363.81233
G1 X93.031 Y81.7 E363.81245
G1 X127.083 Y81.7 E363.84077
G1 X126.984 Y81.6 E363.84088
G1 X93.131 Y81.6 E363.86903
G1 X93.231 Y81.5 E363.86915
G1 X126.884 Y81.5 E363.89713
G1 X126.784 Y81.4 E363.89725
G1 X93.331 Y81.4 E363.92507
G1 X93.43 Y81.3 E363.92518
G1 X126.684 Y81.3 E363.95283
G1 X126.584 Y81.2 E363.95295
G1 X93.53 Y81.2 E363.98044
G1 X93.63 Y81.1 E363.98055
G1 X126.485 Y81.1 E364.00787
G1 X126.385 Y81 E364.00799
G1 X93.73 Y81 E364.03514
G1 X93.83 Y80.9 E364.03526
G1 X126.285 Y80.9 E364.06225
G1 X126.185 Y80.8 E364.06236
G1 X93.93 Y80.8 E364.08918
G1 X94.03 Y80.7 E364.0893
G1 X126.086 Y80.7 E364.11596
G1 X125.986 Y80.6 E364.11607
G1 X94.13 Y80.6 E364.14256
G1 X94.229 Y80.5 E364.14268
G1 X125.886 Y80.5 E364.169
G1 X125.786 Y80.4 E364.16912
G1 X94.329 Y80.4 E364.19528
G1 X94.429 Y80.3 E364.19539
G1 X125.687 Y80.3 E364.22139
G1 X125.587 Y80.2 E364.2215
G1 X94.529 Y80.2 E364.24733
G1 X94.629 Y80.1 E364.24745
G1 X125.487 Y80.1 E364.2731
G1 X125.387 Y80 E364.27322
G1 X94.729 Y80 E364.29871
G1 X94.829 Y79.9 E364.29883
G1 X125.287 Y79.9 E364.32416
G1 X125.188 Y79.8 E364.32427
G1 X94.928 Y79.8 E364.34944
G1 X95.028 Y79.7 E364.34955
G1 X125.088 Y79.7 E364.37455
G1 X124.988 Y79.6 E364.37467
G1 X95.128 Y79.6 E364.39949
G1 X95.228 Y79.5 E364.39961
G1 X124.888 Y79.5 E364.42427
G1 X124.789 Y79.4 E364.42439
G1 X95.328 Y79.4 E364.44889
G1 X95.428 Y79.3 E364.44901
G1 X124.689 Y79.3 E364.47334
G1 X124.589 Y79.2 E364.47345
G1 X95.528 Y79.2 E364.49762
G1 X95.627 Y79.1 E364.49774
G1 X124.489 Y79.1 E364.52173
G1 X124.39 Y79 E364.52185
G1 X95.727 Y79 E364.54568
G1 X95.827 Y78.9 E364.5458
G1 X124.29 Y78.9 E364.56947
G1 X124.19 Y78.8 E364.56959
G1 X95.927 Y78.8 E364.59309
G1 X96.027 Y78.7 E364.59321
G1 X124.09 Y78.7 E364.61654
G1 X123.99 Y78.6 E364.61666
G1 X96.127 Y78.6 E364.63983
G1 X96.227 Y78.5 E364.63994
G1 X123.891 Y78.5 E364.66295
G1 X123.791 Y78.4 E364.66306
G1 X96.326 Y78.4 E364.6859
G1 X96.426 Y78.3 E364.68602
G1 X123.691 Y78.3 E364.70869
G1 X123.591 Y78.2 E364.70881
G1 X96.526 Y78.2 E364.73131
G1 X96.626 Y78.1 E364.73143
G1 X123.492 Y78.1 E364.75377
G1 X123.392 Y78 E364.75389
G1 X96.726 Y78 E364.77606
G1 X96.826 Y77.9 E364.77618
G1 X123.292 Y77.9 E364.79818
G1 X123.192 Y77.8 E364.7983
G1 X96.926 Y77.8 E364.82014
G1 X97.025 Y77.7 E364.82026
G1 X123.092 Y77.7 E364.84193
G1 X122.993 Y77.6 E364.84205
G1 X97.125 Y77.6 E364.86356
G1 X97.225 Y77.5 E364.86368
G1 X122.893 Y77.5 E364.88502
G1 X122.793 Y77.4 E364.88514
G1 X97.325 Y77.4 E364.90631
G1 X97.425 Y77.3 E364.90643
G1 X122.693 Y77.3 E364.92744
G1 X122.594 Y77.2 E364.92756
G1 X97.525 Y77.2 E364.9484
G1 X97.625 Y77.1 E364.94852
G1 X122.494 Y77.1 E364.9692
G1 X122.394 Y77 E364.96932
G1 X97.724 Y77 E364.98983
G1 X97.824 Y76.9 E364.98995
G1 X122.294 Y76.9 E365.0103
G1 X122.195 Y76.8 E365.01041
G1 X97.924 Y76.8 E365.03059
G1 X98.024 Y76.7 E365.03071
G1 X122.095 Y76.7 E365.05073
G1 X121.995 Y76.6 E365.05084
G1 X98.124 Y76.6 E365.07069
G1 X98.224 Y76.5 E365.07081
G1 X121.895 Y76.5 E365.09049
G1 X121.795 Y76.4 E365.09061
G1 X98.324 Y76.4 E365.11013
G1 X98.423 Y76.3 E365.11024
G1 X121.696 Y76.3 E365.1296
G1 X121.596 Y76.2 E365.12971
G1 X98.523 Y76.2 E365.1489
G1 X98.623 Y76.1 E365.14902
G1 X121.496 Y76.1 E365.16803
G1 X121.396 Y76 E365.16815
G1 X98.723 Y76 E365.18701
G1 X98.823 Y75.9 E365.18712
G1 X121.297 Y75.9 E365.20581
G1 X121.197 Y75.8 E365.20593
G1 X98.923 Y75.8 E365.22445
G1 X99.023 Y75.7 E365.22457
G1 X121.097 Y75.7 E365.24292
G1 X120.997 Y75.6 E365.24304
G1 X99.123 Y75.6 E365.26123
G1 X99.222 Y75.5 E365.26134
G1 X120.898 Y75.5 E365.27937
G1 X120.798 Y75.4 E365.27948
G1 X99.322 Y75.4 E365.29734
G1 X99.422 Y75.3 E365.29746
G1 X120.698 Y75.3 E365.31515
G1 X120.598 Y75.2 E365.31527
G1 X99.522 Y75.2 E365.33279
G1 X99.622 Y75.1 E365.33291
G1 X120.498 Y75.1 E365.35027
G1 X120.399 Y75 E365.35039
G1 X99.722 Y75 E365.36758
G1 X99.822 Y74.9 E365.3677
G1 X120.299 Y74.9 E365.38472
G1 X120.199 Y74.8 E365.38484
G1 X99.921 Y74.8 E365.4017
G1 X100.021 Y74.7 E365.40182
G1 X120.099 Y74.7 E365.41851
G1 X120 Y74.6 E365.41863
G1 X100.121 Y74.6 E365.43516
G1 X100.221 Y74.5 E365.43528
G1 X119.9 Y74.5 E365.45164
G1 X119.8 Y74.4 E365.45176
G1 X100.321 Y74.4 E365.46796
G1 X100.421 Y74.3 E365.46807
G1 X119.7 Y74.3 E365.4841
G1 X119.601 Y74.2 E365.48422
G1 X100.521 Y74.2 E365.50009
G1 X100.62 Y74.1 E365.5002
G1 X119.501 Y74.1 E365.5159
G1 X119.401 Y74 E365.51602
G1 X100.72 Y74 E365.53155
G1 X100.82 Y73.9 E365.53167
G1 X119.301 Y73.9 E365.54704
G1 X119.201 Y73.8 E365.54716
G1 X100.92 Y73.8 E365.56236
G1 X101.02 Y73.7 E365.56247
G1 X119.102 Y73.7 E365.57751
G1 X119.002 Y73.6 E365.57763
G1 X101.12 Y73.6 E365.5925
G1 X101.22 Y73.5 E365.59261
G1 X118.902 Y73.5 E365.60732
G1 X118.802 Y73.4 E365.60743
G1 X101.319 Y73.4 E365.62197
G1 X101.419 Y73.3 E365.62209
G1 X118.703 Y73.3 E365.63646
G1 X118.603 Y73.2 E365.63658
G1 X101.519 Y73.2 E365.65078
G1 X101.619 Y73.1 E365.6509
G1 X118.503 Y73.1 E365.66494
G1 X118.403 Y73 E365.66506
G1 X101.719 Y73 E365.67893
G1 X101.819 Y72.9 E365.67905
G1 X118.303 Y72.9 E365.69275
G1 X118.204 Y72.8 E365.69287
G1 X101.919 Y72.8 E365.70641
G1 X102.018 Y72.7 E365.70653
G1 X118.104 Y72.7 E365.71991
G1 X118.004 Y72.6 E365.72002
G1 X102.118 Y72.6 E365.73323
G1 X102.218 Y72.5 E365.73335
G1 X117.904 Y72.5 E365.74639
G1 X117.805 Y72.4 E365.74651
G1 X102.318 Y72.4 E365.75939
G1 X102.418 Y72.3 E365.75951
G1 X117.705 Y72.3 E365.77222
G1 X117.605 Y72.2 E365.77233
G1 X102.518 Y72.2 E365.78488
G1 X102.618 Y72.1 E365.785
G1 X117.505 Y72.1 E365.79737
G1 X117.406 Y72 E365.79749
G1 X102.717 Y72 E365.80971
G1 X102.817 Y71.9 E365.80982
G1 X117.306 Y71.9 E365.82187
G1 X117.206 Y71.8 E365.82199
G1 X102.917 Y71.8 E365.83387
G1 X103.017 Y71.7 E365.83399
G1 X117.106 Y71.7 E365.8457
G1 X117.006 Y71.6 E365.84582
G1 X103.117 Y71.6 E365.85737
G1 X103.217 Y71.5 E365.85749
G1 X116.907 Y71.5 E365.86887
G1 X116.807 Y71.4 E365.86899
G1 X103.317 Y71.4 E365.8802
G1 X103.417 Y71.3 E365.88032
G1 X116.707 Y71.3 E365.89137
G1 X116.607 Y71.2 E365.89149
G1 X103.516 Y71.2 E365.90238
G1 X103.616 Y71.1 E365.90249
G1 X116.508 Y71.1 E365.91321
G1 X116.408 Y71 E365.91333
G1 X103.716 Y71 E365.92388
G1 X103.816 Y70.9 E365.924
G1 X116.308 Y70.9 E365.93439
G1 X116.208 Y70.8 E365.93451
G1 X103.916 Y70.8 E365.94473
G1 X104.016 Y70.7 E365.94484
G1 X116.109 Y70.7 E365.9549
G1 X116.009 Y70.6 E365.95502
G1 X104.116 Y70.6 E365.96491
G1 X104.215 Y70.5 E365.96502
G1 X115.909 Y70.5 E365.97475
G1 X115.809 Y70.4 E365.97486
G1 X104.315 Y70.4 E365.98442
G1 X104.415 Y70.3 E365.98454
G1 X115.709 Y70.3 E365.99393
G1 X115.61 Y70.2 E365.99405
G1 X104.515 Y70.2 E366.00327
G1 X104.615 Y70.1 E366.00339
G1 X115.51 Y70.1 E366.01245
G1 X115.41 Y70 E366.01257
G1 X104.715 Y70 E366.02146
G1 X104.815 Y69.9 E366.02158
G1 X115.31 Y69.9 E366.0303
G1 X115.211 Y69.8 E366.03042
G1 X104.914 Y69.8 E366.03898
G1 X105.014 Y69.7 E366.0391
G1 X115.111 Y69.7 E366.0475
G1 X115.011 Y69.6 E366.04761
G1 X105.114 Y69.6 E366.05584
G1 X105.214 Y69.5 E366.05596
G1 X114.911 Y69.5 E366.06402
G1 X114.811 Y69.4 E366.06414
G1 X105.314 Y69.4 E366.07204
G1 X105.414 Y69.3 E366.07216
G1 X114.712 Y69.3 E366.07989
G1 X114.612 Y69.2 E366.08001
G1 X105.514 Y69.2 E366.08757
G1 X105.613 Y69.1 E366.08769
G1 X114.512 Y69.1 E366.09509
G1 X114.412 Y69 E366.0952
G1 X105.713 Y69 E366.10244
G1 X105.813 Y68.9 E366.10256
G1 X114.313 Y68.9 E366.10962
G1 X114.213 Y68.8 E366.10974
G1 X105.913 Y68.8 E366.11664
G1 X106.013 Y68.7 E366.11676
G1 X114.113 Y68.7 E366.1235
G1 X114.013 Y68.6 E366.12361
G1 X106.113 Y68.6 E366.13018
G1 X106.213 Y68.5 E366.1303
G1 X113.914 Y68.5 E366.1367
G1 X113.814 Y68.4 E366.13682
G1 X106.312 Y68.4 E366.14306
G1 X106.412 Y68.3 E366.14318
G1 X113.714 Y68.3 E366.14925
G1 X113.614 Y68.2 E366.14937
G1 X106.512 Y68.2 E366.15527
G1 X106.612 Y68.1 E366.15539
G1 X113.514 Y68.1 E366.16113
G1 X113.415 Y68 E366.16124
G1 X106.712 Y68 E366.16682
G1 X106.812 Y67.9 E366.16694
G1 X113.315 Y67.9 E366.17234
G1 X113.215 Y67.8 E366.17246
G1 X106.912 Y67.8 E366.1777
G1 X107.011 Y67.7 E366.17782
G1 X113.115 Y67.7 E366.18289
G1 X113.016 Y67.6 E366.18301
G1 X107.108 Y67.6 E366.18792
G1 X107.205 Y67.5 E366.18804
G1 X112.916 Y67.5 E366.19279
G1 X112.816 Y67.4 E366.19291
G1 X107.302 Y67.4 E366.19749
G1 X107.399 Y67.3 E366.19761
G1 X112.716 Y67.3 E366.20203
G1 X112.617 Y67.2 E366.20214
G1 X107.496 Y67.2 E366.2064
G1 X107.593 Y67.1 E366.20652
G1 X112.517 Y67.1 E366.21061
G1 X112.417 Y67 E366.21073
G1 X107.69 Y67 E366.21466
G1 X107.786 Y66.9 E366.21478
G1 X112.317 Y66.9 E366.21854
G1 X112.217 Y66.8 E366.21866
G1 X107.883 Y66.8 E366.22226
G1 X107.98 Y66.7 E366.22238
G1 X112.118 Y66.7 E366.22582
G1 X112.018 Y66.6 E366.22594
G1 X108.077 Y66.6 E366.22922
G1 X108.174 Y66.5 E366.22933
G1 X111.918 Y66.5 E366.23244
G1 X111.818 Y66.4 E366.23256
G1 X108.271 Y66.4 E366.23551
G1 X108.368 Y66.3 E366.23563
G1 X111.719 Y66.3 E366.23841
G1 X111.619 Y66.2 E366.23853
G1 X108.465 Y66.2 E366.24115
G1 X108.562 Y66.1 E366.24127
G1 X111.519 Y66.1 E366.24373
G1 X111.419 Y66 E366.24385
G1 X108.659 Y66 E366.24614
G1 X108.756 Y65.9 E366.24626
G1 X111.32 Y65.9 E366.24839
G1 X111.22 Y65.8 E366.24851
G1 X108.852 Y65.8 E366.25048
G1 X108.949 Y65.7 E366.25059
G1 X111.12 Y65.7 E366.2524
G1 X111.02 Y65.6 E366.25251
G1 X109.046 Y65.6 E366.25416
G1 X109.143 Y65.5 E366.25427
G1 X110.92 Y65.5 E366.25575
G1 X110.821 Y65.4 E366.25587
G1 X109.24 Y65.4 E366.25718
G1 X109.337 Y65.3 E366.2573
G1 X110.721 Y65.3 E366.25845
G1 X110.621 Y65.2 E366.25857
G1 X109.434 Y65.2 E366.25955
G1 X109.529 Y65.1 E366.25967
G1 X110.521 Y65.1 E366.26049
G1 X110.422 Y65 E366.26061
G1 X109.624 Y65 E366.26127
G1 X109.72 Y64.9 E366.26139
G1 X110.322 Y64.9 E366.26189
G1 X110.222 Y64.8 E366.26201
G1 X109.815 Y64.8 E366.26234
G1 X109.91 Y64.7 E366.26246
G1 X110.122 Y64.7 E366.26263
G1 X110.022 Y64.6 E366.26275
G1 F2400 E364.26275
G0 F9000 X110.021 Y65.341
G0 X153.718 Y109.87
G0 X156.088 Y112.584
G0 X157.982 Y115.451
G0 X159.48 Y118.541
G0 X160.533 Y121.726
G0 X161.171 Y125.024
G0 X161.383 Y128.356
G0 X161.171 Y131.663
G0 X160.535 Y134.964
G0 X159.479 Y138.152
G0 X157.984 Y141.237
G0 X156.075 Y144.126
G0 X153.739 Y146.797
G0 X151.086 Y149.114
G0 X148.196 Y151.024
G0 X145.113 Y152.518
G0 X141.934 Y153.57
G0 X138.619 Y154.21
G0 X135.289 Y154.422
G0 X131.981 Y154.21
G0 X128.679 Y153.573
G0 X125.49 Y152.519
G0 X122.403 Y151.022
G0 X119.513 Y149.113
G0 X110.468 Y141.205
G1 F1200 E366.26275
G0 F9000 X110.079 Y141.6
G1 F1800 X158.963 Y141.6 E366.3034
G1 X158.915 Y141.7 E366.30349
G1 X110.181 Y141.7 E366.34401
G1 X110.283 Y141.8 E366.34413
G1 X158.855 Y141.8 E366.38452
G1 X158.789 Y141.9 E366.38462
G1 X110.384 Y141.9 E366.42487
G1 X110.486 Y142 E366.42499
G1 X158.723 Y142 E366.4651
G1 X158.657 Y142.1 E366.4652
G1 X110.588 Y142.1 E366.50517
G1 X110.69 Y142.2 E366.50529
G1 X158.591 Y142.2 E366.54512
G1 X158.525 Y142.3 E366.54521
G1 X110.792 Y142.3 E366.58491
G1 X110.894 Y142.4 E366.58502
G1 X158.459 Y142.4 E366.62457
G1 X158.393 Y142.5 E366.62467
G1 X110.996 Y142.5 E366.66408
G1 X111.098 Y142.6 E366.6642
G1 X158.327 Y142.6 E366.70347
G1 X158.261 Y142.7 E366.70357
G1 X111.199 Y142.7 E366.74271
G1 X111.301 Y142.8 E366.74283
G1 X158.195 Y142.8 E366.78182
G1 X158.128 Y142.9 E366.78192
G1 X111.403 Y142.9 E366.82077
G1 X111.505 Y143 E366.82089
G1 X158.062 Y143 E366.8596
G1 X157.996 Y143.1 E366.8597
G1 X111.607 Y143.1 E366.89827
G1 X111.709 Y143.2 E366.89839
G1 X157.93 Y143.2 E366.93682
G1 X157.864 Y143.3 E366.93692
G1 X111.811 Y143.3 E366.97522
G1 X111.912 Y143.4 E366.97534
G1 X157.798 Y143.4 E367.01349
G1 X157.732 Y143.5 E367.01359
G1 X112.014 Y143.5 E367.0516
G1 X112.116 Y143.6 E367.05172
G1 X157.666 Y143.6 E367.0896
G1 X157.6 Y143.7 E367.0897
G1 X112.218 Y143.7 E367.12743
G1 X112.32 Y143.8 E367.12755
G1 X157.534 Y143.8 E367.16515
G1 X157.468 Y143.9 E367.16525
G1 X112.422 Y143.9 E367.2027
G1 X112.524 Y144 E367.20282
G1 X157.402 Y144 E367.24014
G1 X157.336 Y144.1 E367.24024
G1 X112.626 Y144.1 E367.27741
G1 X112.727 Y144.2 E367.27753
G1 X157.27 Y144.2 E367.31457
G1 X157.203 Y144.3 E367.31467
G1 X112.829 Y144.3 E367.35157
G1 X112.931 Y144.4 E367.35169
G1 X157.137 Y144.4 E367.38844
G1 X157.071 Y144.5 E367.38854
G1 X113.033 Y144.5 E367.42516
G1 X113.135 Y144.6 E367.42528
G1 X157.005 Y144.6 E367.46176
G1 X156.939 Y144.7 E367.46186
G1 X113.237 Y144.7 E367.4982
G1 X113.339 Y144.8 E367.49831
G1 X156.863 Y144.8 E367.5345
G1 X156.776 Y144.9 E367.53461
G1 X113.441 Y144.9 E367.57065
G1 X113.542 Y145 E367.57077
G1 X156.689 Y145 E367.60664
G1 X156.601 Y145.1 E367.60675
G1 X113.644 Y145.1 E367.64247
G1 X113.746 Y145.2 E367.64259
G1 X156.514 Y145.2 E367.67815
G1 X156.427 Y145.3 E367.67826
G1 X113.848 Y145.3 E367.71367
G1 X113.95 Y145.4 E367.71379
G1 X156.34 Y145.4 E367.74903
G1 X156.252 Y145.5 E367.74915
G1 X114.052 Y145.5 E367.78423
G1 X114.154 Y145.6 E367.78435
G1 X156.165 Y145.6 E367.81929
G1 X156.078 Y145.7 E367.8194
G1 X114.255 Y145.7 E367.85417
G1 X114.357 Y145.8 E367.85429
G1 X155.99 Y145.8 E367.88891
G1 X155.903 Y145.9 E367.88902
G1 X114.459 Y145.9 E367.92348
G1 X114.561 Y146 E367.9236
G1 X155.816 Y146 E367.9579
G1 X155.728 Y146.1 E367.95801
G1 X114.663 Y146.1 E367.99216
G1 X114.765 Y146.2 E367.99228
G1 X155.641 Y146.2 E368.02627
G1 X155.554 Y146.3 E368.02638
G1 X114.867 Y146.3 E368.06021
G1 X114.969 Y146.4 E368.06033
G1 X155.467 Y146.4 E368.094
G1 X155.379 Y146.5 E368.09411
G1 X115.07 Y146.5 E368.12763
G1 X115.172 Y146.6 E368.12775
G1 X155.292 Y146.6 E368.16111
G1 X155.205 Y146.7 E368.16122
G1 X115.274 Y146.7 E368.19442
G1 X115.376 Y146.8 E368.19454
G1 X155.117 Y146.8 E368.22758
G1 X155.03 Y146.9 E368.22769
G1 X115.478 Y146.9 E368.26058
G1 X115.58 Y147 E368.2607
G1 X154.943 Y147 E368.29343
G1 X154.856 Y147.1 E368.29354
G1 X115.682 Y147.1 E368.32611
G1 X115.784 Y147.2 E368.32623
G1 X154.768 Y147.2 E368.35865
G1 X154.681 Y147.3 E368.35876
G1 X115.885 Y147.3 E368.39102
G1 X115.987 Y147.4 E368.39114
G1 X154.594 Y147.4 E368.42324
G1 X154.506 Y147.5 E368.42335
G1 X116.089 Y147.5 E368.45529
G1 X116.201 Y147.6 E368.45542
G1 X154.397 Y147.6 E368.48718
G1 X154.282 Y147.7 E368.4873
G1 X116.316 Y147.7 E368.51887
G1 X116.43 Y147.8 E368.519
G1 X154.168 Y147.8 E368.55038
G1 X154.053 Y147.9 E368.55051
G1 X116.544 Y147.9 E368.58169
G1 X116.659 Y148 E368.58182
G1 X153.939 Y148 E368.61282
G1 X153.825 Y148.1 E368.61295
G1 X116.773 Y148.1 E368.64375
G1 X116.888 Y148.2 E368.64388
G1 X153.71 Y148.2 E368.6745
G1 X153.596 Y148.3 E368.67462
G1 X117.002 Y148.3 E368.70505
G1 X117.116 Y148.4 E368.70518
G1 X153.482 Y148.4 E368.73542
G1 X153.367 Y148.5 E368.73554
G1 X117.231 Y148.5 E368.76559
G1 X117.345 Y148.6 E368.76572
G1 X153.253 Y148.6 E368.79557
G1 X153.138 Y148.7 E368.7957
G1 X117.459 Y148.7 E368.82537
G1 X117.574 Y148.8 E368.8255
G1 X153.024 Y148.8 E368.85497
G1 X152.91 Y148.9 E368.8551
G1 X117.688 Y148.9 E368.88439
G1 X117.803 Y149 E368.88451
G1 X152.795 Y149 E368.91361
G1 X152.681 Y149.1 E368.91373
G1 X117.917 Y149.1 E368.94264
G1 X118.031 Y149.2 E368.94277
G1 X152.566 Y149.2 E368.97148
G1 X152.452 Y149.3 E368.97161
G1 X118.146 Y149.3 E369.00013
G1 X118.26 Y149.4 E369.00026
G1 X152.338 Y149.4 E369.0286
G1 X152.223 Y149.5 E369.02872
G1 X118.375 Y149.5 E369.05687
G1 X118.489 Y149.6 E369.05699
G1 X152.109 Y149.6 E369.08495
G1 X151.995 Y149.7 E369.08508
G1 X118.603 Y149.7 E369.11284
G1 X118.718 Y149.8 E369.11297
G1 X151.88 Y149.8 E369.14054
G1 X151.766 Y149.9 E369.14067
G1 X118.832 Y149.9 E369.16805
G1 X118.967 Y150 E369.16819
G1 X151.631 Y150 E369.19535
G1 X151.479 Y150.1 E369.1955
G1 X119.119 Y150.1 E369.22241
G1 X119.27 Y150.2 E369.22256
G1 X151.328 Y150.2 E369.24922
G1 X151.176 Y150.3 E369.24937
G1 X119.422 Y150.3 E369.27577
G1 X119.573 Y150.4 E369.27592
G1 X151.025 Y150.4 E369.30208
G1 X150.873 Y150.5 E369.30223
G1 X119.725 Y150.5 E369.32813
G1 X119.876 Y150.6 E369.32828
G1 X150.722 Y150.6 E369.35393
G1 X150.57 Y150.7 E369.35408
G1 X120.028 Y150.7 E369.37947
G1 X120.179 Y150.8 E369.37962
G1 X150.419 Y150.8 E369.40477
G1 X150.268 Y150.9 E369.40492
G1 X120.33 Y150.9 E369.42981
G1 X120.482 Y151 E369.42996
G1 X150.116 Y151 E369.4546
G1 X149.965 Y151.1 E369.45476
G1 X120.633 Y151.1 E369.47915
G1 X120.785 Y151.2 E369.4793
G1 X149.813 Y151.2 E369.50343
G1 X149.662 Y151.3 E369.50358
G1 X120.936 Y151.3 E369.52747
G1 X121.088 Y151.4 E369.52762
G1 X149.51 Y151.4 E369.55125
G1 X149.359 Y151.5 E369.5514
G1 X121.239 Y151.5 E369.57479
G1 X121.391 Y151.6 E369.57494
G1 X149.207 Y151.6 E369.59807
G1 X149.056 Y151.7 E369.59822
G1 X121.542 Y151.7 E369.6211
G1 X121.694 Y151.8 E369.62125
G1 X148.904 Y151.8 E369.64387
G1 X148.753 Y151.9 E369.64402
G1 X121.845 Y151.9 E369.6664
G1 X122.032 Y152 E369.66657
G1 X148.566 Y152 E369.68864
G1 X148.36 Y152.1 E369.68883
G1 X122.238 Y152.1 E369.71055
G1 X122.445 Y152.2 E369.71074
G1 X148.153 Y152.2 E369.73211
G1 X147.946 Y152.3 E369.73231
G1 X122.652 Y152.3 E369.75334
G1 X122.858 Y152.4 E369.75353
G1 X147.74 Y152.4 E369.77422
G1 X147.533 Y152.5 E369.77441
G1 X123.065 Y152.5 E369.79475
G1 X123.271 Y152.6 E369.79494
G1 X147.326 Y152.6 E369.81495
G1 X147.12 Y152.7 E369.81514
G1 X123.478 Y152.7 E369.83479
G1 X123.685 Y152.8 E369.83499
G1 X146.913 Y152.8 E369.8543
G1 X146.706 Y152.9 E369.85449
G1 X123.891 Y152.9 E369.87346
G1 X124.098 Y153 E369.87365
G1 X146.5 Y153 E369.89228
G1 X146.293 Y153.1 E369.89247
G1 X124.304 Y153.1 E369.91076
G1 X124.511 Y153.2 E369.91095
G1 X146.086 Y153.2 E369.92889
G1 X145.88 Y153.3 E369.92908
G1 X124.718 Y153.3 E369.94667
G1 X124.924 Y153.4 E369.94686
G1 X145.673 Y153.4 E369.96412
G1 X145.447 Y153.5 E369.96432
G1 X125.15 Y153.5 E369.9812
G1 X125.452 Y153.6 E369.98146
G1 X145.145 Y153.6 E369.99784
G1 X144.842 Y153.7 E369.9981
G1 X125.755 Y153.7 E370.01397
G1 X126.057 Y153.8 E370.01424
G1 X144.54 Y153.8 E370.02961
G1 X144.238 Y153.9 E370.02987
G1 X126.36 Y153.9 E370.04474
G1 X126.662 Y154 E370.045
G1 X143.935 Y154 E370.05936
G1 X143.633 Y154.1 E370.05963
G1 X126.965 Y154.1 E370.07349
G1 X127.267 Y154.2 E370.07375
G1 X143.331 Y154.2 E370.08711
G1 X143.028 Y154.3 E370.08738
G1 X127.57 Y154.3 E370.10023
G1 X127.872 Y154.4 E370.10049
G1 X142.726 Y154.4 E370.11285
G1 X142.423 Y154.5 E370.11311
G1 X128.174 Y154.5 E370.12496
G1 X128.478 Y154.6 E370.12522
G1 X142.082 Y154.6 E370.13654
G1 X141.565 Y154.7 E370.13697
G1 X129.032 Y154.7 E370.1474
G1 X129.549 Y154.8 E370.14783
G1 X141.048 Y154.8 E370.15739
G1 X140.531 Y154.9 E370.15783
G1 X130.066 Y154.9 E370.16653
G1 X130.583 Y155 E370.16697
G1 X140.013 Y155 E370.17481
G1 X139.496 Y155.1 E370.17525
G1 X131.101 Y155.1 E370.18223
G1 X131.617 Y155.2 E370.18267
G1 X138.979 Y155.2 E370.18879
G1 X138.757 Y155.243 E370.18898
G1 X137.862 Y155.3 E370.18972
G1 X132.745 Y155.3 E370.19398
G1 X134.316 Y155.4 E370.19529
G1 X136.294 Y155.4 E370.19693
;TIME_ELAPSED:6175.721654
G1 F2400 E368.19693
M140 S0
M205 X10 Y10
M107
G91 ;Relative positioning
G1 E-2 F2700 ;Retract a bit
G1 E-2 Z0.2 F2400 ;Retract and raise Z
G1 X5 Y5 F3000 ;Wipe out
G1 Z10 ;Raise Z more
G90 ;Absolute positioning

G28 X0 Y0 ;Present print
M106 S0 ;Turn-off fan
M104 S0 ;Turn-off hotend
M140 S0 ;Turn-off bed

;*** Message and End Tones
M117 Print Completed
M300 S440 P200 ; Make Print Completed Tones
M300 S660 P250
M300 S880 P300
;*** End Message and End Tones

M84 X Y E ;Disable all steppers but Z
M82 ;absolute extrusion mode
M104 S0
;End of Gcode
;SETTING_3 {"global_quality": "[general]\\nversion = 4\\nname = FFV5.1_EF(.20)\\
;SETTING_3 ndefinition = creality_ender5\\n\\n[metadata]\\ntype = quality_change
;SETTING_3 s\\nquality_type = standard\\nsetting_version = 20\\n\\n[values]\\nac
;SETTING_3 celeration_enabled = True\\nadhesion_type = none\\njerk_enabled = Tru
;SETTING_3 e\\nlayer_height = 0.2\\nlayer_height_0 = 0.28\\nmaterial_bed_tempera
;SETTING_3 ture = 40\\nmaterial_bed_temperature_layer_0 = 50\\n\\n", "extruder_q
;SETTING_3 uality": ["[general]\\nversion = 4\\nname = FFV5.1_EF(.20)\\ndefiniti
;SETTING_3 on = creality_ender5\\n\\n[metadata]\\ntype = quality_changes\\nquali
;SETTING_3 ty_type = standard\\nintent_category = default\\nposition = 0\\nsetti
;SETTING_3 ng_version = 20\\n\\n[values]\\nacceleration_print = 500.0\\naccelera
;SETTING_3 tion_roofing = 500.0\\nacceleration_topbottom = 500.0\\nacceleration_
;SETTING_3 travel = 500.0\\nacceleration_wall = 500.0\\nbottom_layers = 3\\nbrim
;SETTING_3 _line_count = 10\\ncoasting_enable = False\\nfill_outline_gaps = True
;SETTING_3 \\ninfill_line_distance = =0 if infill_sparse_density == 0 else (infi
;SETTING_3 ll_line_width * 100) / infill_sparse_density * (2 if infill_pattern =
;SETTING_3 = 'grid' else (3 if infill_pattern == 'triangles' or infill_pattern =
;SETTING_3 = 'trihexagon' or infill_pattern == 'cubic' or infill_pattern == 'cub
;SETTING_3 icsubdiv' else (2 if infill_pattern == 'tetrahedral' or infill_patter
;SETTING_3 n == 'quarter_cubic' else (1 if infill_pattern == 'cross' or infill_p
;SETTING_3 attern == 'cross_3d' else 1))))\\ninfill_line_width = 0.57\\ninfill_o
;SETTING_3 verlap = 0\\ninfill_pattern = ='zigzag' if infill_sparse_density > 89
;SETTING_3  else 'lines' if infill_sparse_density > 31 else 'cubic'\\ninfill_spa
;SETTING_3 rse_density = 40\\ninfill_sparse_thickness = 0.3\\ninitial_layer_line
;SETTING_3 _width_factor = 100.0\\ninset_direction = inside_out\\nironing_enable
;SETTING_3 d = True\\njerk_layer_0 = 8\\njerk_print = 20\\njerk_travel_layer_0 =
;SETTING_3  5\\nline_width = 0.45\\nmaterial_flow = 95\\nmaterial_flow_layer_0 =
;SETTING_3  95\\nmaterial_print_temperature = 210\\nretraction_amount = 2\\nretr
;SETTING_3 action_extrusion_window = 6\\nretraction_prime_speed = 20\\nretractio
;SETTING_3 n_retract_speed = 40\\nroofing_layer_count = 1\\nskin_angles = [90,0 
;SETTING_3 ]\\nskin_line_width = 0.28\\nskin_monotonic = True\\nskin_overlap = 3
;SETTING_3 0.0\\nskirt_brim_speed = 25.0\\nskirt_line_count = 2\\nspeed_layer_0 
;SETTING_3 = 25\\nspeed_print = 60.0\\nspeed_roofing = 50\\nspeed_topbottom = 45
;SETTING_3 \\nspeed_travel_layer_0 = 125.0\\nspeed_wall_0 = 50\\nspeed_wall_x = 
;SETTING_3 65\\nspeed_z_hop = 10\\nsupport_xy_distance = 0.16\\ntop_bottom_patte
;SETTING_3 rn = lines\\ntop_bottom_thickness = =layer_height_0+layer_height*3\\n
;SETTING_3 top_layers = 3\\nwall_0_material_flow = 95\\nwall_0_wipe_dist = 0.2\\
;SETTING_3 nwall_line_count = 3\\nwall_line_width_x = 0.5\\nwall_thickness = =li
;SETTING_3 ne_width*2\\nxy_offset = 0.2\\nxy_offset_layer_0 = -0.2\\nz_seam_corn
;SETTING_3 er = z_seam_corner_weighted\\nz_seam_type = sharpest_corner\\n\\n"]}
