;FLAVOR:Marlin
;TIME:1821
;Filament used: 1.78889m
;Layer height: 0.2
;MINX:76.525
;MINY:72.82
;MINZ:0.28
;MAXX:137.571
;MAXY:147.18
;MAXZ:8.88
;Generated with Cura_SteamEngine main
M82 ;absolute extrusion mode
M201 X500.00 Y500.00 Z100.00 E5000.00 ;Setup machine max acceleration
M203 X500.00 Y500.00 Z10.00 E50.00 ;Setup machine max feedrate
M204 P500.00 R1000.00 T500.00 ;Setup Print/Retract/Travel acceleration
M205 X8.00 Y8.00 Z0.40 E5.00 ;Setup Jerk
M220 S100 ;Reset Feedrate
M221 S100 ;Reset Flowrate

;*** Start Dual Nozzle/Bed Preheating ***
M140 S50 ; start preheating the bed
M104 S210 ?T0 ; start preheating hotend
M190 S50 ; heat to Cura Bed setting and WAIT
M109 S210 ?T0 ; heat to Cura Hotend and WAIT
;*** End Preheating ***


;*** Single Print Start Tone
M300 S1000 P500 ; chirp to indicate starting to print
;*** End Single Start Tone

G28 ;Home

G92 E0 ;Reset Extruder
G1 Z2.0 F3000 ;Move Z Axis up
G1 X10.1 Y20 Z0.28 F5000.0 ;Move to start position
G1 X10.1 Y200.0 Z0.28 F1500.0 E15 ;Draw the first line
G1 X10.4 Y200.0 Z0.28 F5000.0 ;Move to side a little
G1 X10.4 Y20 Z0.28 F1500.0 E30 ;Draw the second line
G92 E0 ;Reset Extruder
G1 Z2.0 F3000 ;Move Z Axis up
G92 E0
G92 E0
G1 F2400 E-2
;LAYER_COUNT:44
;LAYER:0
M107
M204 S500
M205 X5 Y5
G0 F7500 X81.668 Y78.155 Z0.28
G0 X76.527 Y91.196
M205 X8 Y8
;TYPE:SKIRT
G1 F1200 E0
G1 F1500 X76.545 Y90.396 E0.03783
G1 X76.586 Y89.525 E0.07906
G1 X76.639 Y88.785 E0.11413
G1 X76.792 Y87.654 E0.16809
G1 X76.904 Y87.063 E0.19653
G1 X77.075 Y86.309 E0.23308
G1 X77.172 Y85.944 E0.25093
G1 X77.332 Y85.402 E0.27765
G1 X77.553 Y84.749 E0.31024
G1 X77.751 Y84.214 E0.33721
G1 X78.143 Y83.289 E0.38471
G1 X78.465 Y82.62 E0.41981
G1 X78.958 Y81.712 E0.46866
G1 X79.35 Y81.066 E0.50438
G1 X79.889 Y80.263 E0.5501
G1 X80.225 Y79.808 E0.57685
G1 X80.808 Y79.085 E0.62076
G1 X81.316 Y78.523 E0.65657
G1 X81.668 Y78.155 E0.68065
G1 X82.411 Y77.449 E0.7291
G1 X83.064 Y76.886 E0.76986
G1 X84.037 Y76.14 E0.82783
G1 X84.461 Y75.852 E0.85206
G1 X85.113 Y75.432 E0.88873
G1 X86.01 Y74.92 E0.93756
G1 X86.646 Y74.597 E0.97128
G1 X87.487 Y74.215 E1.01495
G1 X87.939 Y74.044 E1.0378
G1 X88.613 Y73.807 E1.07158
G1 X89.423 Y73.547 E1.1118
G1 X90.598 Y73.25 E1.16909
G1 X91.235 Y73.127 E1.19976
G1 X91.927 Y73.01 E1.23295
G1 X92.97 Y72.895 E1.28255
G1 X93.675 Y72.852 E1.31595
G1 X94.17 Y72.833 E1.33937
G1 X94.996 Y72.821 E1.37842
G1 X122.903 Y72.82 E2.69779
G1 X124.514 Y72.849 E2.77396
G1 X125.112 Y72.877 E2.80226
G1 X125.483 Y72.905 E2.81985
G1 X126.02 Y72.959 E2.84537
G1 X127.957 Y73.204 E2.93768
G1 X128.867 Y73.36 E2.98133
G1 X129.136 Y73.418 E2.99434
G1 X130.03 Y73.651 E3.03801
G1 X130.9 Y73.961 E3.08168
G1 X131.74 Y74.346 E3.12536
G1 X132.544 Y74.801 E3.16904
G1 X133.306 Y75.324 E3.21273
G1 X134.019 Y75.911 E3.2564
G1 X134.679 Y76.558 E3.30009
G1 X135.281 Y77.259 E3.34378
G1 X135.82 Y78.01 E3.38748
G1 X136.291 Y78.804 E3.43112
G1 X136.693 Y79.636 E3.47481
G1 X137.021 Y80.5 E3.5185
G1 X137.273 Y81.389 E3.56219
G1 X137.447 Y82.296 E3.60585
G1 X137.559 Y83.66 E3.67055
G1 X137.571 Y84.405 E3.70578
G1 X137.571 Y135.369 E6.11521
G1 X137.561 Y136.099 E6.14973
G1 X137.508 Y137.022 E6.19344
G1 X137.376 Y137.936 E6.2371
G1 X137.165 Y138.836 E6.2808
G1 X136.878 Y139.714 E6.32447
G1 X136.515 Y140.563 E6.36813
G1 X136.08 Y141.379 E6.41184
G1 X135.577 Y142.153 E6.45548
G1 X135.008 Y142.881 E6.49917
G1 X134.379 Y143.558 E6.54286
G1 X133.693 Y144.177 E6.58654
G1 X132.956 Y144.735 E6.63024
G1 X132.174 Y145.227 E6.67392
G1 X131.213 Y145.712 E6.72481
G1 X130.532 Y146.005 E6.75986
G1 X129.999 Y146.217 E6.78698
G1 X129.127 Y146.521 E6.83064
G1 X128.231 Y146.749 E6.87435
G1 X127.396 Y146.888 E6.91437
G1 X126.854 Y146.954 E6.94019
G1 X125.58 Y147.085 E7.00073
G1 X124.932 Y147.132 E7.03145
G1 X124.115 Y147.166 E7.07011
G1 X123.673 Y147.175 E7.09101
G1 X95.325 Y147.18 E8.43122
G1 X93.657 Y147.149 E8.5101
G1 X92.735 Y147.09 E8.55377
G1 X92.186 Y147.017 E8.57996
G1 X91.435 Y146.897 E8.61591
G1 X90.453 Y146.716 E8.66312
G1 X89.297 Y146.431 E8.71941
G1 X88.643 Y146.219 E8.75191
G1 X88.166 Y146.049 E8.77585
G1 X87.296 Y145.696 E8.82024
G1 X86.832 Y145.483 E8.84438
G1 X86.182 Y145.167 E8.87855
G1 X85.231 Y144.64 E8.92995
G1 X84.665 Y144.287 E8.96149
G1 X83.769 Y143.663 E9.01311
G1 X83.077 Y143.126 E9.05452
G1 X82.061 Y142.227 E9.11866
G1 X81.482 Y141.646 E9.15744
G1 X80.747 Y140.829 E9.20939
G1 X80.249 Y140.214 E9.24681
G1 X79.699 Y139.471 E9.29051
G1 X79.231 Y138.713 E9.33263
G1 X78.779 Y137.906 E9.37636
G1 X78.233 Y136.866 E9.43189
G1 X77.843 Y136.029 E9.47554
G1 X77.602 Y135.392 E9.50774
G1 X77.41 Y134.83 E9.53582
G1 X77.105 Y133.756 E9.5886
G1 X76.923 Y132.959 E9.62725
G1 X76.798 Y132.343 E9.65697
G1 X76.647 Y131.271 E9.70815
G1 X76.583 Y130.495 E9.74496
G1 X76.552 Y129.808 E9.77748
G1 X76.525 Y128.33 E9.84736
G1 X76.527 Y91.196 E11.60295
M205 X5 Y5
G0 F7500 X76.977 Y91.202
M205 X8 Y8
G1 F1500 X76.994 Y90.417 E11.64008
G1 X77.035 Y89.546 E11.6813
G1 X77.088 Y88.821 E11.71567
G1 X77.234 Y87.738 E11.76733
G1 X77.346 Y87.147 E11.79577
G1 X77.51 Y86.425 E11.83077
G1 X77.607 Y86.06 E11.84863
G1 X77.76 Y85.541 E11.87421
G1 X77.975 Y84.905 E11.90595
G1 X78.173 Y84.37 E11.93292
G1 X78.549 Y83.484 E11.97842
G1 X78.871 Y82.815 E12.01352
G1 X79.343 Y81.946 E12.06028
G1 X79.735 Y81.3 E12.096
G1 X80.251 Y80.53 E12.13982
G1 X80.587 Y80.075 E12.16656
G1 X81.146 Y79.383 E12.20862
G1 X81.641 Y78.834 E12.24357
G1 X81.993 Y78.466 E12.26764
G1 X82.705 Y77.79 E12.31406
G1 X83.358 Y77.227 E12.35482
G1 X84.29 Y76.513 E12.41033
G1 X84.969 Y76.057 E12.449
G1 X85.354 Y75.812 E12.47057
G1 X86.214 Y75.321 E12.51739
G1 X86.85 Y74.998 E12.55111
G1 X88.088 Y74.469 E12.61476
G1 X88.762 Y74.232 E12.64854
G1 X89.558 Y73.976 E12.68807
G1 X90.683 Y73.691 E12.74294
G1 X91.32 Y73.568 E12.77361
G1 X91.998 Y73.454 E12.80611
G1 X92.998 Y73.344 E12.85368
G1 X93.703 Y73.301 E12.88707
G1 X94.176 Y73.283 E12.90945
G1 X95.151 Y73.27 E12.95555
G1 X122.903 Y73.27 E14.26758
G1 X124.505 Y73.299 E14.34333
G1 X125.079 Y73.326 E14.3705
G1 X125.45 Y73.354 E14.38809
G1 X125.963 Y73.406 E14.41247
G1 X127.9 Y73.651 E14.50477
G1 X128.772 Y73.8 E14.5466
G1 X129.041 Y73.858 E14.55961
G1 X129.916 Y74.087 E14.60237
G1 X130.767 Y74.393 E14.64512
G1 X131.587 Y74.773 E14.68785
G1 X132.371 Y75.224 E14.73061
G1 X133.112 Y75.742 E14.77335
G1 X133.804 Y76.324 E14.8161
G1 X134.442 Y76.964 E14.85883
G1 X135.021 Y77.659 E14.90159
G1 X135.537 Y78.402 E14.94436
G1 X135.984 Y79.187 E14.98707
G1 X136.361 Y80.009 E15.02982
G1 X136.664 Y80.862 E15.07262
G1 X136.89 Y81.737 E15.11534
G1 X137.037 Y82.629 E15.15808
G1 X137.109 Y83.668 E15.20732
G1 X137.121 Y84.405 E15.24217
G1 X137.121 Y135.363 E17.65132
G1 X137.111 Y136.093 E17.68584
G1 X137.059 Y136.996 E17.7286
G1 X136.927 Y137.89 E17.77132
G1 X136.716 Y138.77 E17.8141
G1 X136.429 Y139.627 E17.85683
G1 X136.067 Y140.456 E17.8996
G1 X135.634 Y141.249 E17.94232
G1 X135.131 Y142.001 E17.98509
G1 X134.565 Y142.706 E18.02783
G1 X133.938 Y143.358 E18.0706
G1 X133.257 Y143.952 E18.11332
G1 X132.525 Y144.483 E18.15607
G1 X131.749 Y144.948 E18.19884
G1 X131.031 Y145.301 E18.23667
G1 X130.366 Y145.587 E18.27089
G1 X129.833 Y145.799 E18.29801
G1 X128.979 Y146.096 E18.34076
G1 X128.102 Y146.316 E18.3835
G1 X127.339 Y146.442 E18.42006
G1 X126.808 Y146.506 E18.44535
G1 X125.534 Y146.637 E18.5059
G1 X124.913 Y146.682 E18.53533
G1 X124.096 Y146.716 E18.57399
G1 X123.673 Y146.725 E18.594
G1 X95.325 Y146.73 E19.93421
G1 X93.666 Y146.699 E20.01266
G1 X92.764 Y146.641 E20.05539
G1 X92.257 Y146.573 E20.07957
G1 X91.506 Y146.453 E20.11553
G1 X90.536 Y146.274 E20.16216
G1 X89.429 Y146.001 E20.21607
G1 X88.794 Y145.796 E20.24761
G1 X88.317 Y145.626 E20.27155
G1 X87.484 Y145.287 E20.31407
G1 X87.02 Y145.074 E20.33821
G1 X86.38 Y144.763 E20.37185
G1 X85.469 Y144.258 E20.42109
G1 X84.903 Y143.905 E20.45263
G1 X84.045 Y143.307 E20.50207
G1 X83.353 Y142.77 E20.54349
G1 X82.379 Y141.91 E20.60491
G1 X81.8 Y141.329 E20.64369
G1 X81.097 Y140.546 E20.69344
G1 X80.599 Y139.931 E20.73086
G1 X80.061 Y139.203 E20.77365
G1 X79.624 Y138.493 E20.81307
G1 X79.021 Y137.407 E20.87179
G1 X78.632 Y136.659 E20.91165
G1 X78.251 Y135.839 E20.9544
G1 X78.028 Y135.247 E20.98431
G1 X77.836 Y134.685 E21.01239
G1 X77.544 Y133.655 E21.063
G1 X77.362 Y132.858 E21.10165
G1 X77.24 Y132.257 E21.13064
G1 X77.095 Y131.23 E21.17968
G1 X77.058 Y130.817 E21.19928
G1 X77.016 Y130.163 E21.23027
G1 X77.002 Y129.8 E21.24744
G1 X76.975 Y128.33 E21.31695
G1 X76.977 Y91.202 E23.07226
M205 X5 Y5
G1 F2400 E21.07226
;MESH:DoorStrikePlate.stl
G0 F7500 X86.535 Y91.204
G0 X87.645 Y91.204
G0 X88.669 Y130.121
G0 X88.918 Y131.154
G0 X89.7 Y132.694
G0 X90.571 Y133.647
G0 X91.542 Y134.343
G0 X92.781 Y134.864
G0 X94.091 Y135.05
G0 X98.435 Y135.305
M205 X8 Y8
;TYPE:WALL-INNER
G1 F1200 E23.07226
G1 F1500 X97.847 Y135.021 E23.10656
G1 X97.25 Y134.615 E23.14448
G1 X96.661 Y134.082 E23.18621
G1 X96.292 Y133.643 E23.21634
G1 X95.916 Y133.055 E23.253
G1 X95.592 Y132.367 E23.29295
G1 X95.389 Y131.66 E23.33159
G1 X95.317 Y131.21 E23.35553
G1 X95.252 Y130.361 E23.40026
G1 X95.364 Y129.519 E23.44488
G1 X95.56 Y128.795 E23.48428
G1 X95.89 Y128.066 E23.52631
G1 X96.299 Y127.423 E23.56634
G1 X96.633 Y127.023 E23.59372
G1 X97.173 Y126.526 E23.63227
G1 X96.681 Y126.375 E23.6593
G1 X95.72 Y125.987 E23.71374
G1 X94.475 Y125.297 E23.78852
G1 X93.599 Y124.673 E23.84501
G1 X92.832 Y124.026 E23.89773
G1 X92.125 Y123.287 E23.95145
G1 X91.443 Y122.452 E24.00808
G1 X90.678 Y121.251 E24.08288
G1 X90.248 Y120.359 E24.1349
G1 X89.838 Y119.31 E24.19407
G1 X89.493 Y117.945 E24.26802
G1 X89.361 Y116.977 E24.31934
G1 X89.302 Y115.943 E24.37375
G1 X89.301 Y110.642 E24.65221
G1 X89.329 Y109.915 E24.69043
G1 X89.485 Y108.669 E24.75639
G1 X89.648 Y107.92 E24.79666
G1 X89.952 Y106.945 E24.85031
G1 X90.359 Y105.929 E24.9078
G1 X91.054 Y104.676 E24.98307
G1 X91.471 Y104.067 E25.02184
G1 X92.138 Y103.25 E25.07724
G1 X92.821 Y102.537 E25.12911
G1 X93.668 Y101.827 E25.18717
G1 X94.509 Y101.231 E25.24131
G1 X95.678 Y100.59 E25.31135
G1 X96.392 Y100.28 E25.35224
G1 X97.055 Y100.041 E25.38926
G1 X98.139 Y99.756 E25.44814
G1 X99.103 Y99.587 E25.49955
G1 X100.392 Y99.506 E25.56739
G1 X104.441 Y99.504 E25.78009
G1 X105.196 Y99.58 E25.81995
G1 X106.106 Y99.854 E25.86987
G1 X106.899 Y100.304 E25.91777
G1 X107.579 Y100.901 E25.9653
G1 X108.053 Y101.505 E26.00563
G1 X108.396 Y102.18 E26.0454
G1 X108.687 Y103.232 E26.10274
G1 X108.727 Y103.827 E26.13407
G1 X108.722 Y122.832 E27.1324
G1 X108.652 Y123.509 E27.16816
G1 X108.409 Y124.332 E27.21323
G1 X108.076 Y125.013 E27.25306
G1 X107.458 Y125.786 E27.30504
G1 X106.885 Y126.263 E27.34421
G1 X105.917 Y126.779 E27.40183
G1 X105.153 Y126.978 E27.4433
G1 X104.527 Y127.043 E27.47636
G1 X104.242 Y127.048 E27.49134
G1 X104.431 Y127.259 E27.50622
G1 X104.865 Y127.878 E27.54593
G1 X105.193 Y128.512 E27.58343
G1 X105.391 Y129.066 E27.61433
G1 X105.555 Y129.821 E27.65492
G1 X105.584 Y130.555 E27.6935
G1 X105.585 Y131.02 E27.71793
G1 X105.481 Y131.656 E27.75178
G1 X105.203 Y132.56 E27.80147
G1 X104.723 Y133.429 E27.85361
G1 X104.342 Y133.927 E27.88655
G1 X103.71 Y134.542 E27.93288
G1 X103.197 Y134.913 E27.96613
G1 X102.425 Y135.305 E28.01161
G1 X123.848 Y135.305 E29.13697
G1 X124.365 Y135.282 E29.16415
G1 X124.902 Y135.219 E29.19256
G1 X125.202 Y135.144 E29.2088
G1 X125.697 Y135.084 E29.23499
G1 X125.697 Y84.988 E31.86655
G1 X125.553 Y84.989 E31.87411
G1 X125.011 Y84.863 E31.90334
G1 X124.834 Y84.774 E31.91375
G1 X124.334 Y84.714 E31.9402
G1 X123.816 Y84.695 E31.96743
G1 X102.44 Y84.698 E33.09032
G1 X103.164 Y85.078 E33.13327
G1 X103.39 Y85.229 E33.14755
G1 X103.51 Y85.332 E33.15586
G1 X103.799 Y85.542 E33.17462
G1 X104.374 Y86.106 E33.21693
G1 X104.753 Y86.622 E33.25056
G1 X105.082 Y87.2 E33.2855
G1 X105.383 Y87.949 E33.3279
G1 X105.58 Y88.908 E33.37933
G1 X105.586 Y89.944 E33.43375
G1 X105.481 Y90.579 E33.46756
G1 X105.206 Y91.475 E33.5168
G1 X104.747 Y92.322 E33.5674
G1 X104.284 Y92.903 E33.60643
G1 X103.873 Y93.308 E33.63674
G1 X103.555 Y93.58 E33.65872
G1 X102.827 Y94.056 E33.70441
G1 X102.104 Y94.355 E33.74551
G1 X101.348 Y94.552 E33.78655
G1 X100.742 Y94.623 E33.8186
G1 X100.108 Y94.622 E33.85191
G1 X99.253 Y94.5 E33.89727
G1 X98.527 Y94.272 E33.93725
G1 X97.824 Y93.931 E33.97829
G1 X97.205 Y93.499 E34.01794
G1 X96.693 Y93.037 E34.05417
G1 X96.283 Y92.552 E34.08753
G1 X95.919 Y91.986 E34.12288
G1 X95.583 Y91.265 E34.16467
G1 X95.405 Y90.681 E34.19674
G1 X95.301 Y90.14 E34.22568
G1 X95.264 Y89.202 E34.27499
G1 X95.363 Y88.448 E34.31494
G1 X95.557 Y87.738 E34.3536
G1 X95.877 Y87.018 E34.39499
G1 X96.297 Y86.349 E34.43648
G1 X96.636 Y85.943 E34.46427
G1 X97.172 Y85.449 E34.50256
G1 X97.834 Y84.983 E34.54508
G1 X98.468 Y84.695 E34.58166
G1 X94.414 Y84.695 E34.79462
G1 X93.762 Y84.734 E34.82893
G1 X92.968 Y84.871 E34.87126
G1 X91.969 Y85.201 E34.92652
G1 X91.448 Y85.466 E34.95723
G1 X90.753 Y85.921 E35.00087
G1 X90.291 Y86.308 E35.03252
G1 X89.723 Y86.919 E35.07635
G1 X89.507 Y87.204 E35.09513
G1 X89.172 Y87.742 E35.12842
G1 X88.895 Y88.294 E35.16087
G1 X88.617 Y89.074 E35.20436
G1 X88.529 Y89.434 E35.22383
G1 X88.457 Y89.864 E35.24673
G1 X88.401 Y90.695 E35.29049
G1 X88.401 Y129.281 E37.31742
G1 X88.408 Y129.399 E37.32363
G1 X88.46 Y130.15 E37.36317
G1 X88.628 Y130.957 E37.40647
G1 X88.809 Y131.484 E37.43574
G1 X89.523 Y132.811 E37.5149
G1 X89.873 Y133.253 E37.54452
G1 X90.291 Y133.691 E37.57632
G1 X90.932 Y134.211 E37.61968
G1 X91.44 Y134.527 E37.65111
G1 X92.201 Y134.889 E37.69537
G1 X92.728 Y135.069 E37.72463
G1 X93.999 Y135.29 E37.7924
G1 X94.395 Y135.305 E37.81321
G1 X98.435 Y135.305 E38.02543
M205 X5 Y5
G0 F7500 X100.862 Y135.355
G0 X101.722 Y135.199
G0 X102.267 Y135.011
G0 X103.083 Y134.584
G0 X103.516 Y134.262
G0 X104.132 Y133.65
G0 X104.474 Y133.187
G0 X104.919 Y132.351
G0 X105.155 Y131.565
G0 X105.248 Y130.581
G0 X105.212 Y129.809
G0 X104.873 Y128.626
G0 X104.533 Y127.985
G0 X103.944 Y127.247
G0 X103.349 Y126.7
G0 X102.819 Y126.548
M205 X8 Y8
G1 F1500 X103.296 Y126.847 E38.05501
G1 X103.69 Y127.189 E38.08241
G1 X104.031 Y127.559 E38.10885
G1 X104.436 Y128.131 E38.14566
G1 X104.75 Y128.759 E38.18254
G1 X104.921 Y129.252 E38.20996
G1 X105.059 Y129.884 E38.24394
G1 X105.084 Y130.591 E38.2811
G1 X105.085 Y130.979 E38.30148
G1 X104.979 Y131.591 E38.33411
G1 X104.741 Y132.363 E38.37654
G1 X104.302 Y133.154 E38.42407
G1 X103.967 Y133.594 E38.45312
G1 X103.39 Y134.156 E38.49543
G1 X102.941 Y134.482 E38.52458
G1 X102.175 Y134.871 E38.5697
G1 F1412.4 X101.896 Y134.995 E38.58674
G1 F1260.5 X101.617 Y135.12 E38.60585
G1 F1209.7 X101.334 Y135.155 E38.62442
G1 F1233.6 X101.051 Y135.191 E38.64265
G1 F1258.4 X100.768 Y135.227 E38.66051
G1 F1282.1 X100.513 Y135.224 E38.67618
G1 F1304.3 X100.259 Y135.22 E38.69153
G1 F1327.4 X100.005 Y135.216 E38.70661
G1 F1313.5 X99.718 Y135.184 E38.72393
G1 F1264.8 X99.429 Y135.152 E38.74205
G1 F1279.9 X99.172 Y135.054 E38.75898
G1 F1358.7 X98.915 Y134.956 E38.77493
G1 F1450.7 X98.658 Y134.857 E38.78989
G1 F1500 X98.092 Y134.583 E38.82292
G1 X97.6 Y134.249 E38.85416
G1 X97.027 Y133.739 E38.89446
G1 X96.73 Y133.388 E38.91861
G1 X96.355 Y132.813 E38.95467
G1 X96.062 Y132.192 E38.99074
G1 X95.878 Y131.557 E39.02547
G1 X95.815 Y131.171 E39.04601
G1 X95.757 Y130.34 E39.08977
G1 X95.849 Y129.663 E39.12566
G1 X96.035 Y128.962 E39.16376
G1 X96.331 Y128.303 E39.20171
G1 X96.731 Y127.685 E39.24038
G1 X97.03 Y127.337 E39.26448
G1 X97.487 Y126.917 E39.29709
G1 X98.1 Y126.49 E39.33633
G1 X98.431 Y126.338 E39.35546
G1 X98.147 Y126.287 E39.37062
G1 X96.935 Y125.935 E39.43692
G1 X95.903 Y125.516 E39.49542
G1 X94.746 Y124.877 E39.56486
G1 X93.968 Y124.326 E39.61494
G1 X93.151 Y123.636 E39.67111
G1 X92.449 Y122.898 E39.72462
G1 X91.824 Y122.12 E39.77704
G1 X91.138 Y121.042 E39.84416
G1 X90.699 Y120.142 E39.89676
G1 X90.306 Y119.12 E39.95428
G1 X89.986 Y117.859 E40.02262
G1 X89.851 Y116.853 E40.07594
G1 X89.801 Y115.917 E40.12518
G1 X89.801 Y110.68 E40.40028
G1 X89.825 Y109.977 E40.43723
G1 X89.982 Y108.731 E40.5032
G1 X90.136 Y108.03 E40.5409
G1 X90.447 Y107.044 E40.59521
G1 X90.832 Y106.107 E40.64842
G1 X91.469 Y104.956 E40.71753
G1 X91.859 Y104.382 E40.75398
G1 X92.499 Y103.596 E40.80723
G1 X93.188 Y102.882 E40.85935
G1 X93.909 Y102.272 E40.90896
G1 X94.809 Y101.637 E40.96682
G1 X95.896 Y101.04 E41.03197
G1 X96.562 Y100.75 E41.07012
G1 X97.176 Y100.528 E41.10442
G1 X98.226 Y100.249 E41.16149
G1 X99.16 Y100.086 E41.2113
G1 X100.424 Y100.005 E41.27783
G1 X104.421 Y100.004 E41.48779
G1 X105.094 Y100.072 E41.52333
G1 X105.903 Y100.315 E41.5677
G1 X106.607 Y100.71 E41.6101
G1 X107.225 Y101.257 E41.65346
G1 X107.621 Y101.767 E41.68738
G1 X107.929 Y102.363 E41.72262
G1 X108.193 Y103.317 E41.77461
G1 X108.227 Y103.827 E41.80146
G1 X108.224 Y122.783 E42.79723
G1 X108.161 Y123.396 E42.8296
G1 X107.944 Y124.155 E42.87107
G1 X107.647 Y124.742 E42.90562
G1 X107.102 Y125.432 E42.95181
G1 X106.615 Y125.835 E42.98502
G1 X105.729 Y126.311 E43.03785
G1 X105.061 Y126.487 E43.07414
G1 X104.48 Y126.545 E43.10481
G1 X102.819 Y126.548 E43.19206
M205 X5 Y5
G1 F2400 E41.19206
G0 F7500 X103.349 Y126.7
G0 X105.092 Y126.707
G1 F1200 E43.19206
G0 F7500 X104.973 Y126.02
M205 X8 Y8
;TYPE:WALL-OUTER
G1 F1500 X104.435 Y126.072 E43.21762
G1 X101.807 Y126.073 E43.34186
G1 F1551.7 X101.499 Y126.059 E43.35595
G1 F1658.5 X101.191 Y126.044 E43.36914
G1 F1748.7 X100.932 Y126.037 E43.37964
G1 F1814.5 X100.673 Y126.029 E43.38977
G1 F1844.3 X100.455 Y126.031 E43.39815
G1 F1804.8 X100.159 Y126.021 E43.40979
G1 F1730.8 X99.863 Y126.01 E43.42193
G1 F1622.6 X99.542 Y126.008 E43.43596
G1 F1527.1 X99.228 Y125.996 E43.45055
G1 F1500 X98.208 Y125.813 E43.49954
G1 X97.047 Y125.472 E43.55675
G1 X96.132 Y125.1 E43.60345
G1 X95.003 Y124.478 E43.66439
G1 X94.228 Y123.927 E43.70934
G1 X93.494 Y123.307 E43.75477
G1 X92.818 Y122.599 E43.80105
G1 X92.24 Y121.886 E43.84444
G1 X91.527 Y120.764 E43.90729
G1 X91.12 Y119.919 E43.95163
G1 X90.766 Y119.002 E43.9981
G1 X90.452 Y117.769 E44.05826
G1 X90.326 Y116.827 E44.10319
G1 X90.276 Y115.891 E44.1475
G1 X90.276 Y110.68 E44.39386
G1 X90.296 Y110.036 E44.42433
G1 X90.453 Y108.79 E44.4837
G1 X90.605 Y108.117 E44.51632
G1 X90.888 Y107.222 E44.5607
G1 X91.248 Y106.336 E44.60591
G1 X91.852 Y105.239 E44.66511
G1 X92.229 Y104.681 E44.69695
G1 X92.842 Y103.925 E44.74297
G1 X93.495 Y103.245 E44.78754
G1 X94.231 Y102.623 E44.8331
G1 X95.038 Y102.053 E44.87981
G1 X96.11 Y101.464 E44.93763
G1 X96.724 Y101.197 E44.96929
G1 X97.357 Y100.969 E45.0011
G1 X98.289 Y100.721 E45.04669
G1 X99.217 Y100.558 E45.09124
G1 X100.469 Y100.479 E45.15054
G1 X104.416 Y100.48 E45.33715
G1 X104.998 Y100.54 E45.36481
G1 X105.701 Y100.749 E45.39948
G1 X106.319 Y101.093 E45.43292
G1 X106.87 Y101.577 E45.46759
G1 X107.22 Y102.023 E45.4944
G1 X107.485 Y102.54 E45.52186
G1 X107.716 Y103.375 E45.56282
G1 X107.752 Y103.81 E45.58346
G1 X107.751 Y122.737 E46.47827
G1 X107.695 Y123.306 E46.5053
G1 X107.506 Y123.961 E46.53753
G1 X107.246 Y124.488 E46.56532
G1 X106.741 Y125.115 E46.60338
G1 X106.346 Y125.443 E46.62765
G1 X105.539 Y125.871 E46.67084
G1 X104.973 Y126.02 E46.69851
M205 X5 Y5
G0 F7500 X104.774 Y126.039
G1 F2400 E44.69851
G0 F7500 X104.839 Y126.736
G0 X104.58 Y128.058
G0 X105.064 Y129.153
G0 X105.227 Y129.925
G0 X105.24 Y131.063
G0 X105.136 Y131.646
G0 X104.868 Y132.469
G0 X104.423 Y133.266
G0 X104.072 Y133.72
G0 X103.444 Y134.322
G0 X102.144 Y135.124
G1 F1200 E46.69851
G0 F7500 X101.927 Y134.462
M205 X8 Y8
G1 F1500 X101.524 Y134.59 E46.7185
G1 X100.752 Y134.722 E46.75553
G1 X100.081 Y134.716 E46.78725
G1 X99.508 Y134.63 E46.81464
G1 X98.865 Y134.43 E46.84648
G1 X98.316 Y134.161 E46.87538
G1 X97.867 Y133.856 E46.90105
G1 X97.359 Y133.396 E46.93345
G1 X97.076 Y133.058 E46.95429
G1 X96.779 Y132.594 E46.98033
G1 X96.502 Y132.003 E47.01119
G1 X96.379 Y131.568 E47.03256
G1 X96.356 Y131.512 E47.03542
G1 X96.289 Y131.135 E47.05353
G1 X96.232 Y130.396 E47.08857
G1 X96.325 Y129.701 E47.12172
G1 X96.487 Y129.108 E47.15078
G1 X96.742 Y128.548 E47.17987
G1 X97.079 Y128.013 E47.20977
G1 X97.352 Y127.687 E47.22987
G1 X97.801 Y127.276 E47.25865
G1 X98.33 Y126.906 E47.28917
G1 X99.085 Y126.563 E47.32837
G1 F1527.1 X99.584 Y126.438 E47.35226
G1 F1622.6 X99.896 Y126.404 E47.36598
G1 F1721.9 X100.163 Y126.401 E47.37697
G1 F1771.7 X100.43 Y126.398 E47.38766
G1 F1824.3 X100.697 Y126.394 E47.39804
G1 F1809.7 X100.946 Y126.417 E47.40784
G1 F1726.3 X101.197 Y126.44 E47.41819
G1 F1638.3 X101.475 Y126.505 E47.43055
G1 F1544.6 X101.753 Y126.57 E47.44366
G1 F1500 X102.134 Y126.707 E47.4628
G1 X102.719 Y127.046 E47.49477
G1 X103.025 Y127.24 E47.5119
G1 X103.325 Y127.496 E47.53054
G1 X103.651 Y127.844 E47.55309
G1 X104.029 Y128.381 E47.58413
G1 X104.291 Y128.892 E47.61128
G1 X104.457 Y129.356 E47.63458
G1 X104.588 Y129.944 E47.66306
G1 X104.609 Y130.593 E47.69376
G1 X104.608 Y130.956 E47.71092
G1 X104.525 Y131.451 E47.73465
G1 X104.308 Y132.155 E47.76948
G1 X103.91 Y132.882 E47.80866
G1 X103.599 Y133.289 E47.83288
G1 X103.096 Y133.78 E47.86611
G1 X102.709 Y134.064 E47.8888
G1 X101.927 Y134.462 E47.93029
M205 X5 Y5
G0 F7500 X101.737 Y134.522
G0 X101.955 Y135.186
G0 X125.989 Y135.354
G0 X126.197 Y135.492
M205 X8 Y8
;TYPE:WALL-INNER
G1 F1500 X126.197 Y84.486 E50.60964
G1 X125.551 Y84.489 E50.64358
G1 X125.234 Y84.416 E50.66067
G1 X124.994 Y84.288 E50.67496
G1 X124.372 Y84.216 E50.70785
G1 X123.825 Y84.195 E50.7366
G1 X102.254 Y84.197 E51.86973
G1 F1394.1 X101.809 Y84.233 E51.89497
G1 F1252.1 X101.641 Y84.256 E51.90564
G1 F1229.5 X101.326 Y84.244 E51.92584
G1 F1279.9 X101.011 Y84.232 E51.94525
G1 F1334.5 X100.696 Y84.22 E51.96386
G1 F1353.8 X100.288 Y84.223 E51.98761
G1 F1336.9 X99.879 Y84.227 E52.01171
G1 F1293.1 X99.466 Y84.243 E52.0369
G1 F1313.5 X99.16 Y84.219 E52.05531
G1 F1434 X98.853 Y84.195 E52.07223
G1 F1500 X94.4 Y84.195 E52.30615
G1 X93.705 Y84.236 E52.34272
G1 X92.847 Y84.384 E52.38846
G1 X91.776 Y84.738 E52.44771
G1 X91.196 Y85.033 E52.48189
G1 X90.455 Y85.519 E52.52844
G1 X89.946 Y85.944 E52.56328
G1 X89.34 Y86.597 E52.61007
G1 X89.095 Y86.92 E52.63137
G1 X88.735 Y87.497 E52.6671
G1 X88.434 Y88.097 E52.70236
G1 X88.138 Y88.93 E52.7488
G1 X88.039 Y89.333 E52.7706
G1 X87.96 Y89.806 E52.79579
G1 X87.901 Y90.678 E52.8417
G1 X87.901 Y129.298 E54.87041
G1 X87.909 Y129.433 E54.87752
G1 X87.964 Y130.219 E54.91891
G1 X88.145 Y131.09 E54.96564
G1 X88.349 Y131.685 E54.99868
G1 X89.104 Y133.086 E55.08228
G1 X89.495 Y133.582 E55.11546
G1 X89.951 Y134.059 E55.15012
G1 X90.641 Y134.619 E55.19681
G1 X91.2 Y134.967 E55.23139
G1 X92.013 Y135.353 E55.27867
G1 X92.604 Y135.555 E55.31148
G1 X93.947 Y135.788 E55.38308
G1 X94.386 Y135.805 E55.40616
G1 X98.618 Y135.805 E55.62847
G1 F1453.5 X98.921 Y135.789 E55.64492
G1 F1366.1 X99.224 Y135.772 E55.66242
G1 F1282.1 X99.385 Y135.752 E55.67239
G1 F1266.9 X99.744 Y135.764 E55.69473
G1 F1320.4 X100.103 Y135.777 E55.71617
G1 F1351.4 X100.714 Y135.78 E55.7518
G1 F1325.1 X101.033 Y135.768 E55.77078
G1 F1271.2 X101.352 Y135.755 E55.79057
G1 F1221.5 X101.671 Y135.742 E55.81116
G1 F1260.5 X101.943 Y135.773 E55.82828
G1 F1412.4 X102.215 Y135.805 E55.84356
G1 F1500 X123.859 Y135.805 E56.98052
G1 X124.41 Y135.78 E57.00949
G1 X124.992 Y135.712 E57.04027
G1 X125.403 Y135.609 E57.06253
G1 X125.915 Y135.609 E57.08943
G1 X126.197 Y135.492 E57.10547
M205 X5 Y5
G1 F2400 E55.10547
G0 F7500 X125.989 Y135.354
G0 X126.001 Y84.684
G1 F1200 E57.10547
G0 F7500 X126.671 Y84.01
M205 X8 Y8
;TYPE:WALL-OUTER
G1 F1500 X125.485 Y84.014 E57.16154
G1 X125.189 Y83.833 E57.17794
G1 X124.408 Y83.742 E57.21511
G1 X123.834 Y83.72 E57.24227
G1 X94.386 Y83.72 E58.63449
G1 X93.65 Y83.763 E58.66934
G1 X92.731 Y83.922 E58.71344
G1 X91.592 Y84.298 E58.77014
G1 X90.958 Y84.621 E58.80378
G1 X90.172 Y85.137 E58.84824
G1 X89.618 Y85.599 E58.88234
G1 X88.976 Y86.291 E58.92697
G1 X88.704 Y86.649 E58.94822
G1 X88.32 Y87.264 E58.9825
G1 X87.996 Y87.911 E59.01671
G1 X87.682 Y88.793 E59.06097
G1 X87.573 Y89.237 E59.08259
G1 X87.487 Y89.751 E59.10722
G1 X87.426 Y90.662 E59.15039
G1 X87.426 Y129.314 E60.97775
G1 X87.435 Y129.465 E60.9849
G1 X87.492 Y130.284 E61.02371
G1 X87.686 Y131.216 E61.06872
G1 X87.912 Y131.876 E61.1017
G1 X88.705 Y133.348 E61.18075
G1 X89.136 Y133.894 E61.21364
G1 X89.628 Y134.409 E61.24731
G1 X90.364 Y135.006 E61.29211
G1 X90.972 Y135.385 E61.32599
G1 X91.833 Y135.794 E61.37105
G1 X92.485 Y136.017 E61.40363
G1 X93.897 Y136.261 E61.47137
G1 X94.377 Y136.28 E61.49408
G1 X123.87 Y136.28 E62.88843
G1 X124.129 Y136.273 E62.90068
G1 X124.452 Y136.253 E62.91598
G1 X125.077 Y136.18 E62.94573
G1 X125.461 Y136.084 E62.96444
G1 X126.009 Y136.084 E62.99035
G1 X126.672 Y135.81 E63.02427
G1 X126.671 Y84.01 E65.47323
M205 X5 Y5
G0 F7500 X126.471 Y84.01
G0 X126.001 Y84.684
G0 X101.618 Y84.715
G0 X101.59 Y84.873
M205 X8 Y8
;TYPE:WALL-INNER
G1 F1269 X101.899 Y85.008 E65.49416
G1 F1415.1 X102.208 Y85.144 E65.51296
G1 F1500 X102.933 Y85.521 E65.55589
G1 X103.2 Y85.725 E65.57354
G1 X103.473 Y85.923 E65.59125
G1 X103.996 Y86.436 E65.62974
G1 X104.349 Y86.924 E65.66138
G1 X104.63 Y87.417 E65.69118
G1 X104.901 Y88.092 E65.72939
G1 X105.081 Y88.962 E65.77606
G1 X105.085 Y89.9 E65.82534
G1 X104.992 Y90.469 E65.85562
G1 X104.743 Y91.282 E65.90029
G1 X104.339 Y92.032 E65.94504
G1 X103.91 Y92.571 E65.98122
G1 X103.537 Y92.937 E66.00868
G1 X103.219 Y93.207 E66.03059
G1 X102.597 Y93.61 E66.06952
G1 X101.899 Y93.892 E66.10907
G1 X101.261 Y94.059 E66.14371
G1 X100.754 Y94.119 E66.17053
G1 X100.145 Y94.122 E66.20252
G1 X99.357 Y94.007 E66.24435
G1 X98.707 Y93.804 E66.28012
G1 X98.102 Y93.511 E66.31544
G1 X97.552 Y93.134 E66.35046
G1 X97.051 Y92.688 E66.3857
G1 X96.657 Y92.211 E66.4182
G1 X96.356 Y91.741 E66.44752
G1 X96.05 Y91.084 E66.48559
G1 X95.883 Y90.522 E66.51639
G1 X95.8 Y90.077 E66.54016
G1 X95.767 Y89.279 E66.58212
G1 X95.768 Y89.201 E66.58622
G1 X95.866 Y88.502 E66.62329
G1 X96.025 Y87.908 E66.6556
G1 X96.322 Y87.247 E66.69366
G1 X96.704 Y86.641 E66.73129
G1 X97.03 Y86.26 E66.75763
G1 X97.491 Y85.835 E66.79057
G1 X98.088 Y85.418 E66.82882
G1 X98.852 Y85.068 E66.87297
G1 F1434 X99.183 Y84.952 E66.89224
G1 F1313.5 X99.515 Y84.835 E66.91336
G1 F1286.4 X99.795 Y84.799 E66.93065
G1 F1304.3 X100.275 Y84.784 E66.95966
G1 F1288.7 X100.755 Y84.769 E66.98902
G1 F1266.9 X101.033 Y84.803 E67.00644
G1 F1241.7 X101.311 Y84.838 E67.02422
G1 F1217.5 X101.589 Y84.872 E67.04235
M205 X5 Y5
G1 F2400 E65.04235
G0 F7500 X101.617 Y84.714
G0 X103.059 Y85.401
G0 X104.07 Y86.277
G0 X104.498 Y86.852
G0 X104.801 Y87.397
G0 X105.287 Y88.854
G1 F1200 E67.04235
G0 F7500 X104.602 Y88.992
M205 X8 Y8
;TYPE:WALL-OUTER
G1 F1500 X104.608 Y89.88 E67.08433
G1 X104.532 Y90.344 E67.10656
G1 X104.304 Y91.092 E67.14353
G1 X103.944 Y91.764 E67.17957
G1 X103.544 Y92.268 E67.20999
G1 X103.225 Y92.579 E67.23105
G1 X102.945 Y92.819 E67.24849
G1 X102.389 Y93.179 E67.2798
G1 X101.776 Y93.433 E67.31117
G1 X101.179 Y93.591 E67.34037
G1 X100.699 Y93.647 E67.36322
G1 X100.168 Y93.645 E67.38832
G1 X99.475 Y93.547 E67.42141
G1 X98.89 Y93.363 E67.4504
G1 X98.332 Y93.095 E67.47967
G1 X97.822 Y92.744 E67.50894
G1 X97.391 Y92.356 E67.53636
G1 X97.057 Y91.954 E67.56107
G1 X96.782 Y91.526 E67.58512
G1 X96.491 Y90.901 E67.61771
G1 X96.349 Y90.433 E67.64083
G1 X96.273 Y90.026 E67.66041
G1 X96.242 Y89.26 E67.69665
G1 X96.319 Y88.653 E67.72558
G1 X96.469 Y88.086 E67.75331
G1 X96.744 Y87.465 E67.78542
G1 X97.096 Y86.914 E67.81633
G1 X97.352 Y86.61 E67.83512
G1 X97.802 Y86.198 E67.86396
G1 X98.306 Y85.844 E67.89308
G1 X99.085 Y85.487 E67.93359
G1 X99.581 Y85.354 E67.95787
G1 X99.909 Y85.3 E67.97359
G1 X100.735 Y85.273 E68.01266
G1 X101.501 Y85.402 E68.04938
G1 X101.957 Y85.552 E68.07208
G1 X102.757 Y85.971 E68.11477
G1 X102.906 Y86.099 E68.12406
G1 X103.181 Y86.302 E68.14022
G1 X103.645 Y86.761 E68.17108
G1 X103.922 Y87.137 E68.19315
G1 X104.195 Y87.614 E68.21914
G1 X104.449 Y88.25 E68.25152
G1 X104.602 Y88.992 E68.28733
M205 X5 Y5
G0 F7500 X104.603 Y89.192
G0 X105.31 Y89.192
G0 X105.045 Y88.015
G0 X104.818 Y87.453
G0 X103.409 Y85.063
G0 X103.472 Y84.969
M205 X8 Y8
;TYPE:SKIN
G1 F1500 X104.004 Y85.357 E68.3067
G1 X104.595 Y85.943 E68.33119
G1 X104.986 Y86.479 E68.3507
G1 X105.318 Y87.064 E68.37049
G1 X105.647 Y87.875 E68.39624
G1 X105.827 Y88.752 E68.42257
G1 X105.854 Y89.014 E68.43032
G1 X105.858 Y89.978 E68.45868
G1 X105.75 Y90.635 E68.47826
G1 X105.459 Y91.579 E68.50732
G1 X104.985 Y92.459 E68.53673
G1 X104.48 Y93.094 E68.56059
G1 X104.051 Y93.515 E68.57827
G1 X103.717 Y93.8 E68.59119
G1 X102.981 Y94.285 E68.61712
G1 X102.182 Y94.618 E68.64258
G1 X101.431 Y94.817 E68.66544
G1 X100.774 Y94.896 E68.6849
G1 X100.08 Y94.894 E68.70532
G1 X99.183 Y94.766 E68.73197
G1 X98.37 Y94.499 E68.75715
G1 X97.676 Y94.161 E68.77985
G1 X97.034 Y93.716 E68.80283
G1 X96.492 Y93.229 E68.82427
G1 X96.062 Y92.714 E68.844
G1 X95.668 Y92.1 E68.86547
G1 X95.326 Y91.36 E68.88945
G1 X95.133 Y90.727 E68.90891
G1 X95.028 Y90.166 E68.9257
G1 X94.99 Y89.205 E68.95399
G1 X95.093 Y88.401 E68.97784
G1 X95.302 Y87.646 E69.00088
G1 X95.635 Y86.89 E69.02519
G1 X96.074 Y86.191 E69.04947
G1 X96.439 Y85.753 E69.06624
G1 X97.002 Y85.234 E69.08876
G1 X97.38 Y84.97 E69.10233
G1 X94.425 Y84.968 E69.18925
G1 X93.796 Y85.007 E69.20779
G1 X93.047 Y85.134 E69.23014
G1 X92.069 Y85.454 E69.26041
G1 X91.585 Y85.705 E69.27645
G1 X90.916 Y86.141 E69.29994
G1 X90.478 Y86.507 E69.31673
G1 X89.927 Y87.101 E69.34056
G1 X89.733 Y87.361 E69.35011
G1 X89.412 Y87.875 E69.36793
G1 X89.147 Y88.403 E69.38531
G1 X88.88 Y89.153 E69.40873
G1 X88.797 Y89.491 E69.41897
G1 X88.73 Y89.898 E69.4311
G1 X88.674 Y90.705 E69.4549
G1 X88.675 Y108.229 E69.9704
G1 F1224.5 X88.738 Y108.676 E69.98667
G1 F1055.3 X88.73 Y108.932 E69.99738
G1 F1099.5 X88.722 Y109.188 E70.00766
G1 F1147.5 X88.714 Y109.444 E70.01751
G1 F1200 X88.706 Y109.7 E70.02693
G1 F1257.5 X88.698 Y109.956 E70.03591
G1 F1304.3 X88.692 Y110.64 E70.05905
G1 F1324.9 X88.693 Y115.969 E70.23653
G1 F1308.4 X88.697 Y116.293 E70.24746
G1 F1272.7 X88.701 Y116.617 E70.25869
G1 F1242.6 X88.705 Y116.941 E70.2702
G1 F1189.8 X88.716 Y117.255 E70.28185
G1 F1120 X88.726 Y117.568 E70.29419
G1 F1060.6 X88.737 Y117.881 E70.30722
G1 F1224.5 X88.674 Y118.327 E70.32345
G1 F1500 X88.675 Y129.269 E70.64533
G1 X88.732 Y130.111 E70.67016
G1 X88.894 Y130.886 E70.69345
G1 X89.061 Y131.373 E70.70859
G1 X89.753 Y132.658 E70.75153
G1 X90.079 Y133.072 E70.76703
G1 X90.476 Y133.486 E70.7839
G1 X91.092 Y133.987 E70.80726
G1 X91.572 Y134.286 E70.82389
G1 X92.307 Y134.637 E70.84785
G1 X92.795 Y134.803 E70.86302
G1 X94.03 Y135.017 E70.89989
G1 X94.423 Y135.032 E70.91146
G1 X97.375 Y135.031 E70.9983
G1 X97.08 Y134.83 E71.0088
G1 X96.479 Y134.287 E71.03262
G1 X96.077 Y133.815 E71.05086
G1 X95.669 Y133.174 E71.07321
G1 X95.328 Y132.441 E71.097
G1 X95.117 Y131.698 E71.11972
G1 X95.046 Y131.245 E71.1332
G1 X94.979 Y130.371 E71.15899
G1 X95.095 Y129.469 E71.18574
G1 X95.312 Y128.694 E71.20942
G1 X95.641 Y127.948 E71.2334
G1 X96.076 Y127.265 E71.25722
G1 X96.433 Y126.836 E71.27364
G1 X96.638 Y126.65 E71.28178
G1 X95.59 Y126.228 E71.31502
G1 X94.38 Y125.561 E71.35566
G1 X93.511 Y124.95 E71.38691
G1 X92.659 Y124.24 E71.41954
G1 X91.843 Y123.381 E71.45439
G1 X91.216 Y122.605 E71.48374
G1 X90.438 Y121.383 E71.52635
G1 X89.997 Y120.466 E71.55629
G1 X89.573 Y119.38 E71.59058
G1 X89.288 Y118.252 E71.62481
G1 F1350.5 X89.148 Y117.929 E71.63631
G1 F1224.5 X89.048 Y116.92 E71.67285
G1 F1242.6 X89.036 Y116.597 E71.68432
G1 F1272.7 X89.024 Y116.274 E71.69553
G1 F1308.4 X89.011 Y115.951 E71.70643
G1 F1324.9 X89.01 Y110.635 E71.88348
G1 F1304.3 X89.026 Y109.943 E71.90689
G1 F1272.7 X89.066 Y109.508 E71.92204
G1 F1253.7 X89.107 Y109.073 E71.93742
G1 F1235.3 X89.147 Y108.637 E71.95306
G1 F1350.5 X89.283 Y108.297 E71.96502
G1 F1500 X89.383 Y107.854 E71.97838
G1 X89.732 Y106.749 E72.01247
G1 X90.119 Y105.794 E72.04278
G1 X90.761 Y104.631 E72.08186
G1 X91.186 Y103.991 E72.10446
G1 X91.939 Y103.061 E72.13966
G1 X92.626 Y102.343 E72.16889
G1 X93.511 Y101.603 E72.20283
G1 X94.372 Y100.995 E72.23383
G1 X95.562 Y100.343 E72.27375
G1 X96.215 Y100.057 E72.29472
G1 X97.036 Y99.761 E72.32039
G1 X98.087 Y99.487 E72.35234
G1 X99.075 Y99.318 E72.38183
G1 X100.384 Y99.233 E72.42042
G1 X104.458 Y99.232 E72.54026
G1 X105.26 Y99.315 E72.56398
G1 X106.202 Y99.598 E72.59292
G1 X107.071 Y100.091 E72.62231
G1 X107.773 Y100.708 E72.6498
G1 X108.279 Y101.35 E72.67385
G1 X108.671 Y102.142 E72.69984
G1 X108.95 Y103.17 E72.73118
G1 X109 Y103.815 E72.75021
G1 X109 Y122.809 E73.30895
G1 X108.922 Y123.539 E73.33055
G1 X108.666 Y124.424 E73.35765
G1 X108.37 Y125.032 E73.37754
G1 X108.209 Y125.287 E73.38641
G1 X107.746 Y125.865 E73.4082
G1 X107.54 Y126.076 E73.41687
G1 X107.15 Y126.399 E73.43177
G1 X106.905 Y126.562 E73.44043
G1 X106.023 Y127.033 E73.46984
G1 X105.2 Y127.248 E73.49486
G1 X104.789 Y127.291 E73.50702
G1 X105.098 Y127.726 E73.52272
G1 X105.446 Y128.417 E73.54548
G1 X105.649 Y128.972 E73.56286
G1 X105.825 Y129.775 E73.58704
G1 X105.857 Y130.546 E73.60974
G1 X105.857 Y131.055 E73.62472
G1 X105.749 Y131.716 E73.64442
G1 X105.499 Y132.524 E73.6693
G1 X105.384 Y132.799 E73.67807
G1 X104.951 Y133.581 E73.70436
G1 X104.534 Y134.122 E73.72446
G1 X103.868 Y134.768 E73.75175
G1 X103.496 Y135.032 E73.76517
G1 X123.876 Y135.031 E74.36469
G1 X124.299 Y135.012 E74.37714
G1 X124.852 Y134.949 E74.39351
G1 X125.146 Y134.876 E74.40242
G1 X125.424 Y134.842 E74.41066
G1 X125.424 Y85.234 E75.86998
G1 X124.911 Y85.114 E75.88548
G1 X124.75 Y85.041 E75.89068
G1 X124.311 Y84.987 E75.90369
G1 X123.814 Y84.968 E75.91832
G1 X103.472 Y84.969 E76.51672
M205 X5 Y5
G0 F7500 X103.917 Y85.12
M205 X8 Y8
G1 F1500 X124.146 Y85.12 E77.11179
M205 X5 Y5
G0 F7500 X124.155 Y84.858
G0 X125.478 Y85.19
G0 X125.284 Y85.4
M205 X8 Y8
G1 F1500 X104.246 Y85.4 E77.73067
M205 X5 Y5
G0 F7500 X104.527 Y85.68
M205 X8 Y8
G1 F1500 X125.284 Y85.68 E78.34127
M205 X5 Y5
G0 F7500 X125.284 Y85.96
M205 X8 Y8
G1 F1500 X104.78 Y85.96 E78.94444
M205 X5 Y5
G0 F7500 X104.984 Y86.24
M205 X8 Y8
G1 F1500 X125.284 Y86.24 E79.5416
M205 X5 Y5
G0 F7500 X125.284 Y86.52
M205 X8 Y8
G1 F1500 X105.17 Y86.52 E80.13329
M205 X5 Y5
G0 F7500 X105.329 Y86.8
M205 X8 Y8
G1 F1500 X125.284 Y86.8 E80.72031
M205 X5 Y5
G0 F7500 X125.284 Y87.08
M205 X8 Y8
G1 F1500 X105.474 Y87.08 E81.30306
M205 X5 Y5
G0 F7500 X105.587 Y87.36
M205 X8 Y8
G1 F1500 X125.284 Y87.36 E81.88248
M205 X5 Y5
G0 F7500 X125.284 Y87.64
M205 X8 Y8
G1 F1500 X105.7 Y87.64 E82.45858
M205 X5 Y5
G0 F7500 X105.799 Y87.92
M205 X8 Y8
G1 F1500 X125.284 Y87.92 E83.03177
M205 X5 Y5
G0 F7500 X125.284 Y88.2
M205 X8 Y8
G1 F1500 X105.856 Y88.2 E83.60329
M205 X5 Y5
G0 F7500 X105.914 Y88.48
M205 X8 Y8
G1 F1500 X125.284 Y88.48 E84.17309
M205 X5 Y5
G0 F7500 X125.284 Y88.76
M205 X8 Y8
G1 F1500 X105.967 Y88.76 E84.74134
M205 X5 Y5
G0 F7500 X105.993 Y89.04
M205 X8 Y8
G1 F1500 X125.284 Y89.04 E85.30882
M205 X5 Y5
G0 F7500 X125.284 Y89.32
M205 X8 Y8
G1 F1500 X105.993 Y89.32 E85.8763
M205 X5 Y5
G0 F7500 X105.994 Y89.6
M205 X8 Y8
G1 F1500 X125.284 Y89.6 E86.44375
M205 X5 Y5
G0 F7500 X125.284 Y89.88
M205 X8 Y8
G1 F1500 X105.995 Y89.88 E87.01118
M205 X5 Y5
G0 F7500 X105.97 Y90.16
M205 X8 Y8
G1 F1500 X125.284 Y90.16 E87.57934
M205 X5 Y5
G0 F7500 X125.284 Y90.44
M205 X8 Y8
G1 F1500 X105.924 Y90.44 E88.14885
M205 X5 Y5
G0 F7500 X105.869 Y90.72
M205 X8 Y8
G1 F1500 X125.284 Y90.72 E88.71998
M205 X5 Y5
G0 F7500 X125.284 Y91
M205 X8 Y8
G1 F1500 X105.782 Y91 E89.29367
M205 X5 Y5
G0 F7500 X105.695 Y91.28
M205 X8 Y8
G1 F1500 X125.284 Y91.28 E89.86991
M205 X5 Y5
G0 F7500 X125.284 Y91.56
M205 X8 Y8
G1 F1500 X105.608 Y91.56 E90.44872
M205 X5 Y5
G0 F7500 X105.478 Y91.84
M205 X8 Y8
G1 F1500 X125.284 Y91.84 E91.03135
M205 X5 Y5
G0 F7500 X125.284 Y92.12
M205 X8 Y8
G1 F1500 X105.325 Y92.12 E91.61849
M205 X5 Y5
G0 F7500 X105.172 Y92.4
M205 X8 Y8
G1 F1500 X125.284 Y92.4 E92.21012
M205 X5 Y5
G0 F7500 X125.284 Y92.68
M205 X8 Y8
G1 F1500 X104.99 Y92.68 E92.80711
M205 X5 Y5
G0 F7500 X104.768 Y92.96
M205 X8 Y8
G1 F1500 X125.284 Y92.96 E93.41062
M205 X5 Y5
G0 F7500 X125.284 Y93.24
M205 X8 Y8
G1 F1500 X104.53 Y93.24 E94.02114
M205 X5 Y5
G0 F7500 X104.246 Y93.52
M205 X8 Y8
G1 F1500 X125.284 Y93.52 E94.64002
M205 X5 Y5
G0 F7500 X125.284 Y93.8
M205 X8 Y8
G1 F1500 X103.933 Y93.8 E95.2681
M205 X5 Y5
G0 F7500 X103.544 Y94.08
M205 X8 Y8
G1 F1500 X125.284 Y94.08 E95.90762
M205 X5 Y5
G0 F7500 X125.284 Y94.36
M205 X8 Y8
G1 F1500 X103.114 Y94.36 E96.55979
M205 X5 Y5
G0 F7500 X102.493 Y94.64
M205 X8 Y8
G1 F1500 X125.284 Y94.64 E97.23024
M205 X5 Y5
G0 F7500 X125.284 Y94.92
M205 X8 Y8
G1 F1500 X101.585 Y94.92 E97.92739
M205 X5 Y5
G0 F7500 X101.519 Y94.667
G0 X98.704 Y93.977
G0 X97.949 Y93.609
G0 X97.377 Y93.206
G0 X96.569 Y92.368
G0 X96.186 Y91.766
G0 X95.889 Y91.112
G0 X95.635 Y90.077
G0 X95.608 Y89.133
G0 X95.859 Y87.891
G0 X97.09 Y85.329
G0 X96.923 Y85.12
M205 X8 Y8
G1 F1500 X94.235 Y85.12 E98.00646
M205 X5 Y5
G0 F7500 X94.222 Y84.857
G0 X92.603 Y85.148
G0 X92.685 Y85.4
M205 X8 Y8
G1 F1500 X96.618 Y85.4 E98.12216
M205 X5 Y5
G0 F7500 X96.315 Y85.68
M205 X8 Y8
G1 F1500 X91.938 Y85.68 E98.25091
M205 X5 Y5
G0 F7500 X91.451 Y85.96
M205 X8 Y8
G1 F1500 X96.085 Y85.96 E98.38723
M205 X5 Y5
G0 F7500 X95.876 Y86.24
M205 X8 Y8
G1 F1500 X91.021 Y86.24 E98.53005
M205 X5 Y5
G0 F7500 X90.682 Y86.52
M205 X8 Y8
G1 F1500 X95.703 Y86.52 E98.67775
M205 X5 Y5
G0 F7500 X95.529 Y86.8
M205 X8 Y8
G1 F1500 X90.398 Y86.8 E98.82869
M205 X5 Y5
G0 F7500 X90.138 Y87.08
M205 X8 Y8
G1 F1500 X95.399 Y87.08 E98.98345
M205 X5 Y5
G0 F7500 X95.276 Y87.36
M205 X8 Y8
G1 F1500 X89.909 Y87.36 E99.14134
M205 X5 Y5
G0 F7500 X89.724 Y87.64
M205 X8 Y8
G1 F1500 X95.156 Y87.64 E99.30113
M205 X5 Y5
G0 F7500 X95.079 Y87.92
M205 X8 Y8
G1 F1500 X89.549 Y87.92 E99.4638
M205 X5 Y5
G0 F7500 X89.406 Y88.2
M205 X8 Y8
G1 F1500 X95.003 Y88.2 E99.62845
M205 X5 Y5
G0 F7500 X94.942 Y88.48
M205 X8 Y8
G1 F1500 X89.269 Y88.48 E99.79533
M205 X5 Y5
G0 F7500 X89.169 Y88.76
M205 X8 Y8
G1 F1500 X94.906 Y88.76 E99.9641
M205 X5 Y5
G0 F7500 X94.87 Y89.04
M205 X8 Y8
G1 F1500 X89.069 Y89.04 E100.13475
M205 X5 Y5
G0 F7500 X88.983 Y89.32
M205 X8 Y8
G1 F1500 X94.855 Y89.32 E100.30748
M205 X5 Y5
G0 F7500 X94.866 Y89.6
M205 X8 Y8
G1 F1500 X88.921 Y89.6 E100.48236
M205 X5 Y5
G0 F7500 X88.875 Y89.88
M205 X8 Y8
G1 F1500 X94.878 Y89.88 E100.65895
M205 X5 Y5
G0 F7500 X94.889 Y90.16
M205 X8 Y8
G1 F1500 X88.853 Y90.16 E100.83652
M205 X5 Y5
G0 F7500 X88.833 Y90.44
M205 X8 Y8
G1 F1500 X94.937 Y90.44 E101.01608
M205 X5 Y5
G0 F7500 X94.989 Y90.72
M205 X8 Y8
G1 F1500 X88.814 Y90.72 E101.19773
M205 X5 Y5
G0 F7500 X88.814 Y91
M205 X8 Y8
G1 F1500 X95.071 Y91 E101.38179
M205 X5 Y5
G0 F7500 X95.157 Y91.28
M205 X8 Y8
G1 F1500 X88.814 Y91.28 E101.56838
M205 X5 Y5
G0 F7500 X88.814 Y91.56
M205 X8 Y8
G1 F1500 X95.265 Y91.56 E101.75815
M205 X5 Y5
G0 F7500 X95.394 Y91.84
M205 X8 Y8
G1 F1500 X88.814 Y91.84 E101.95171
M205 X5 Y5
G0 F7500 X88.814 Y92.12
M205 X8 Y8
G1 F1500 X95.523 Y92.12 E102.14907
M205 X5 Y5
G0 F7500 X95.696 Y92.4
M205 X8 Y8
G1 F1500 X88.814 Y92.4 E102.35152
M205 X5 Y5
G0 F7500 X88.814 Y92.68
M205 X8 Y8
G1 F1500 X95.875 Y92.68 E102.55923
M205 X5 Y5
G0 F7500 X96.086 Y92.96
M205 X8 Y8
G1 F1500 X88.814 Y92.96 E102.77315
M205 X5 Y5
G0 F7500 X88.814 Y93.24
M205 X8 Y8
G1 F1500 X96.321 Y93.24 E102.99398
M205 X5 Y5
G0 F7500 X96.606 Y93.52
M205 X8 Y8
G1 F1500 X88.814 Y93.52 E103.2232
M205 X5 Y5
G0 F7500 X88.814 Y93.8
M205 X8 Y8
G1 F1500 X96.919 Y93.8 E103.46162
M205 X5 Y5
G0 F7500 X97.314 Y94.08
M205 X8 Y8
G1 F1500 X88.814 Y94.08 E103.71167
M205 X5 Y5
G0 F7500 X88.814 Y94.36
M205 X8 Y8
G1 F1500 X97.767 Y94.36 E103.97504
M205 X5 Y5
G0 F7500 X98.349 Y94.64
M205 X8 Y8
G1 F1500 X88.814 Y94.64 E104.25553
M205 X5 Y5
G0 F7500 X88.814 Y94.92
M205 X8 Y8
G1 F1500 X99.271 Y94.92 E104.56314
M205 X5 Y5
G0 F7500 X99.316 Y94.662
G0 X95.692 Y91.999
G0 X95.516 Y87.306
G0 X97.492 Y84.935
G0 X93.787 Y84.944
G0 X92.881 Y85.12
G0 X91.754 Y85.547
G0 X90.761 Y86.19
G0 X89.885 Y87.055
G0 X89.175 Y88.206
G0 X88.735 Y89.478
G0 X88.636 Y90.613
G0 X88.552 Y95.199
G0 X88.814 Y95.2
M205 X8 Y8
G1 F1500 X125.284 Y95.2 E105.63598
M205 X5 Y5
G0 F7500 X125.284 Y95.48
M205 X8 Y8
G1 F1500 X88.814 Y95.48 E106.70881
M205 X5 Y5
G0 F7500 X88.814 Y95.76
M205 X8 Y8
G1 F1500 X125.284 Y95.76 E107.78165
M205 X5 Y5
G0 F7500 X125.284 Y96.04
M205 X8 Y8
G1 F1500 X88.814 Y96.04 E108.85448
M205 X5 Y5
G0 F7500 X88.814 Y96.32
M205 X8 Y8
G1 F1500 X125.284 Y96.32 E109.92732
M205 X5 Y5
G0 F7500 X125.284 Y96.6
M205 X8 Y8
G1 F1500 X88.814 Y96.6 E111.00015
M205 X5 Y5
G0 F7500 X88.814 Y96.88
M205 X8 Y8
G1 F1500 X125.284 Y96.88 E112.07299
M205 X5 Y5
G0 F7500 X125.284 Y97.16
M205 X8 Y8
G1 F1500 X88.814 Y97.16 E113.14582
M205 X5 Y5
G0 F7500 X88.814 Y97.44
M205 X8 Y8
G1 F1500 X125.284 Y97.44 E114.21866
M205 X5 Y5
G0 F7500 X125.284 Y97.72
M205 X8 Y8
G1 F1500 X88.814 Y97.72 E115.29149
M205 X5 Y5
G0 F7500 X88.814 Y98
M205 X8 Y8
G1 F1500 X125.284 Y98 E116.36433
M205 X5 Y5
G0 F7500 X125.284 Y98.28
M205 X8 Y8
G1 F1500 X88.814 Y98.28 E117.43716
M205 X5 Y5
G0 F7500 X88.814 Y98.56
M205 X8 Y8
G1 F1500 X125.284 Y98.56 E118.51
M205 X5 Y5
G0 F7500 X125.284 Y98.84
M205 X8 Y8
G1 F1500 X88.814 Y98.84 E119.58283
M205 X5 Y5
G1 F2400 E117.58283
G0 F7500 X88.551 Y98.84
G0 X88.619 Y129.384
G0 X88.725 Y130.394
G0 X89.003 Y131.4
G0 X89.859 Y132.896
G0 X90.571 Y133.647
G0 X91.542 Y134.343
G0 X92.781 Y134.864
G0 X94.399 Y135.094
G0 X97.491 Y135.066
G0 X95.079 Y130.855
G0 X96.72 Y126.633
G0 X91.224 Y122.5
G0 X89.091 Y115.879
G0 X89.789 Y106.776
G0 X93.546 Y101.655
G0 X99.043 Y99.747
G0 X104.707 Y99.377
G1 F1200 E119.58283
G0 F7500 X104.733 Y99.12
M205 X8 Y8
G1 F1500 X125.284 Y99.12 E120.18738
M205 X5 Y5
G0 F7500 X125.284 Y99.4
M205 X8 Y8
G1 F1500 X106.028 Y99.4 E120.75383
M205 X5 Y5
G0 F7500 X106.63 Y99.68
M205 X8 Y8
G1 F1500 X125.284 Y99.68 E121.30258
M205 X5 Y5
G0 F7500 X125.284 Y99.96
M205 X8 Y8
G1 F1500 X107.127 Y99.96 E121.8367
M205 X5 Y5
G0 F7500 X107.446 Y100.24
M205 X8 Y8
G1 F1500 X125.284 Y100.24 E122.36144
M205 X5 Y5
G0 F7500 X125.284 Y100.52
M205 X8 Y8
G1 F1500 X107.765 Y100.52 E122.87679
M205 X5 Y5
G0 F7500 X108.025 Y100.8
M205 X8 Y8
G1 F1500 X125.284 Y100.8 E123.3845
M205 X5 Y5
G0 F7500 X125.284 Y101.08
M205 X8 Y8
G1 F1500 X108.245 Y101.08 E123.88574
M205 X5 Y5
G0 F7500 X108.443 Y101.36
M205 X8 Y8
G1 F1500 X125.284 Y101.36 E124.38115
M205 X5 Y5
G0 F7500 X125.284 Y101.64
M205 X8 Y8
G1 F1500 X108.579 Y101.64 E124.87256
M205 X5 Y5
G0 F7500 X108.715 Y101.92
M205 X8 Y8
G1 F1500 X125.284 Y101.92 E125.35997
M205 X5 Y5
G0 F7500 X125.284 Y102.2
M205 X8 Y8
G1 F1500 X108.831 Y102.2 E125.84396
M205 X5 Y5
G0 F7500 X108.907 Y102.48
M205 X8 Y8
G1 F1500 X125.284 Y102.48 E126.32572
M205 X5 Y5
G0 F7500 X125.284 Y102.76
M205 X8 Y8
G1 F1500 X108.982 Y102.76 E126.80528
M205 X5 Y5
G0 F7500 X109.058 Y103.04
M205 X8 Y8
G1 F1500 X125.284 Y103.04 E127.2826
M205 X5 Y5
G0 F7500 X125.284 Y103.32
M205 X8 Y8
G1 F1500 X109.102 Y103.32 E127.75862
M205 X5 Y5
G0 F7500 X109.124 Y103.6
M205 X8 Y8
G1 F1500 X125.284 Y103.6 E128.234
M205 X5 Y5
G0 F7500 X125.284 Y103.88
M205 X8 Y8
G1 F1500 X109.14 Y103.88 E128.70891
M205 X5 Y5
G0 F7500 X109.14 Y104.16
M205 X8 Y8
G1 F1500 X125.284 Y104.16 E129.18381
M205 X5 Y5
G0 F7500 X125.284 Y104.44
M205 X8 Y8
G1 F1500 X109.14 Y104.44 E129.65872
M205 X5 Y5
G0 F7500 X109.14 Y104.72
M205 X8 Y8
G1 F1500 X125.284 Y104.72 E130.13363
M205 X5 Y5
G0 F7500 X125.284 Y105
M205 X8 Y8
G1 F1500 X109.14 Y105 E130.60853
M205 X5 Y5
G0 F7500 X109.14 Y105.28
M205 X8 Y8
G1 F1500 X125.284 Y105.28 E131.08344
M205 X5 Y5
G0 F7500 X125.284 Y105.56
M205 X8 Y8
G1 F1500 X109.14 Y105.56 E131.55835
M205 X5 Y5
G0 F7500 X109.14 Y105.84
M205 X8 Y8
G1 F1500 X125.284 Y105.84 E132.03325
M205 X5 Y5
G0 F7500 X125.284 Y106.12
M205 X8 Y8
G1 F1500 X109.14 Y106.12 E132.50816
M205 X5 Y5
G0 F7500 X109.14 Y106.4
M205 X8 Y8
G1 F1500 X125.284 Y106.4 E132.98307
M205 X5 Y5
G0 F7500 X125.284 Y106.68
M205 X8 Y8
G1 F1500 X109.14 Y106.68 E133.45797
M205 X5 Y5
G0 F7500 X109.14 Y106.96
M205 X8 Y8
G1 F1500 X125.284 Y106.96 E133.93288
M205 X5 Y5
G0 F7500 X125.284 Y107.24
M205 X8 Y8
G1 F1500 X109.14 Y107.24 E134.40779
M205 X5 Y5
G0 F7500 X109.14 Y107.52
M205 X8 Y8
G1 F1500 X125.284 Y107.52 E134.8827
M205 X5 Y5
G0 F7500 X125.284 Y107.8
M205 X8 Y8
G1 F1500 X109.14 Y107.8 E135.3576
M205 X5 Y5
G0 F7500 X109.14 Y108.08
M205 X8 Y8
G1 F1500 X125.284 Y108.08 E135.83251
M205 X5 Y5
G0 F7500 X125.284 Y108.36
M205 X8 Y8
G1 F1500 X109.14 Y108.36 E136.30742
M205 X5 Y5
G0 F7500 X109.14 Y108.64
M205 X8 Y8
G1 F1500 X125.284 Y108.64 E136.78232
M205 X5 Y5
G0 F7500 X125.284 Y108.92
M205 X8 Y8
G1 F1500 X109.14 Y108.92 E137.25723
M205 X5 Y5
G0 F7500 X109.14 Y109.2
M205 X8 Y8
G1 F1500 X125.284 Y109.2 E137.73214
M205 X5 Y5
G0 F7500 X125.284 Y109.48
M205 X8 Y8
G1 F1500 X109.14 Y109.48 E138.20704
M205 X5 Y5
G0 F7500 X109.14 Y109.76
M205 X8 Y8
G1 F1500 X125.284 Y109.76 E138.68195
M205 X5 Y5
G0 F7500 X125.284 Y110.04
M205 X8 Y8
G1 F1500 X109.14 Y110.04 E139.15686
M205 X5 Y5
G0 F7500 X109.14 Y110.32
M205 X8 Y8
G1 F1500 X125.284 Y110.32 E139.63176
M205 X5 Y5
G0 F7500 X125.284 Y110.6
M205 X8 Y8
G1 F1500 X109.14 Y110.6 E140.10667
M205 X5 Y5
G0 F7500 X109.14 Y110.88
M205 X8 Y8
G1 F1500 X125.284 Y110.88 E140.58158
M205 X5 Y5
G0 F7500 X125.284 Y111.16
M205 X8 Y8
G1 F1500 X109.14 Y111.16 E141.05648
M205 X5 Y5
G0 F7500 X109.14 Y111.44
M205 X8 Y8
G1 F1500 X125.284 Y111.44 E141.53139
M205 X5 Y5
G0 F7500 X125.284 Y111.72
M205 X8 Y8
G1 F1500 X109.14 Y111.72 E142.0063
M205 X5 Y5
G0 F7500 X109.14 Y112
M205 X8 Y8
G1 F1500 X125.284 Y112 E142.4812
M205 X5 Y5
G0 F7500 X125.284 Y112.28
M205 X8 Y8
G1 F1500 X109.14 Y112.28 E142.95611
M205 X5 Y5
G0 F7500 X109.14 Y112.56
M205 X8 Y8
G1 F1500 X125.284 Y112.56 E143.43102
M205 X5 Y5
G0 F7500 X125.284 Y112.84
M205 X8 Y8
G1 F1500 X109.14 Y112.84 E143.90593
M205 X5 Y5
G0 F7500 X109.14 Y113.12
M205 X8 Y8
G1 F1500 X125.284 Y113.12 E144.38083
M205 X5 Y5
G0 F7500 X125.284 Y113.4
M205 X8 Y8
G1 F1500 X109.14 Y113.4 E144.85574
M205 X5 Y5
G0 F7500 X109.14 Y113.68
M205 X8 Y8
G1 F1500 X125.284 Y113.68 E145.33065
M205 X5 Y5
G0 F7500 X125.284 Y113.96
M205 X8 Y8
G1 F1500 X109.14 Y113.96 E145.80555
M205 X5 Y5
G0 F7500 X109.14 Y114.24
M205 X8 Y8
G1 F1500 X125.284 Y114.24 E146.28046
M205 X5 Y5
G0 F7500 X125.284 Y114.52
M205 X8 Y8
G1 F1500 X109.14 Y114.52 E146.75537
M205 X5 Y5
G0 F7500 X109.14 Y114.8
M205 X8 Y8
G1 F1500 X125.284 Y114.8 E147.23027
M205 X5 Y5
G0 F7500 X125.284 Y115.08
M205 X8 Y8
G1 F1500 X109.14 Y115.08 E147.70518
M205 X5 Y5
G0 F7500 X109.14 Y115.36
M205 X8 Y8
G1 F1500 X125.284 Y115.36 E148.18009
M205 X5 Y5
G0 F7500 X125.284 Y115.64
M205 X8 Y8
G1 F1500 X109.14 Y115.64 E148.65499
M205 X5 Y5
G0 F7500 X109.14 Y115.92
M205 X8 Y8
G1 F1500 X125.284 Y115.92 E149.1299
M205 X5 Y5
G0 F7500 X125.284 Y116.2
M205 X8 Y8
G1 F1500 X109.14 Y116.2 E149.60481
M205 X5 Y5
G0 F7500 X109.14 Y116.48
M205 X8 Y8
G1 F1500 X125.284 Y116.48 E150.07971
M205 X5 Y5
G0 F7500 X125.284 Y116.76
M205 X8 Y8
G1 F1500 X109.14 Y116.76 E150.55462
M205 X5 Y5
G0 F7500 X109.14 Y117.04
M205 X8 Y8
G1 F1500 X125.284 Y117.04 E151.02953
M205 X5 Y5
G0 F7500 X125.284 Y117.32
M205 X8 Y8
G1 F1500 X109.14 Y117.32 E151.50444
M205 X5 Y5
G0 F7500 X109.14 Y117.6
M205 X8 Y8
G1 F1500 X125.284 Y117.6 E151.97934
M205 X5 Y5
G0 F7500 X125.284 Y117.88
M205 X8 Y8
G1 F1500 X109.14 Y117.88 E152.45425
M205 X5 Y5
G0 F7500 X109.14 Y118.16
M205 X8 Y8
G1 F1500 X125.284 Y118.16 E152.92916
M205 X5 Y5
G0 F7500 X125.284 Y118.44
M205 X8 Y8
G1 F1500 X109.14 Y118.44 E153.40406
M205 X5 Y5
G0 F7500 X109.14 Y118.72
M205 X8 Y8
G1 F1500 X125.284 Y118.72 E153.87897
M205 X5 Y5
G0 F7500 X125.283 Y119
M205 X8 Y8
G1 F1500 X109.139 Y119 E154.35388
M205 X5 Y5
G0 F7500 X109.139 Y119.28
M205 X8 Y8
G1 F1500 X125.283 Y119.28 E154.82878
M205 X5 Y5
G0 F7500 X125.283 Y119.56
M205 X8 Y8
G1 F1500 X109.139 Y119.56 E155.30369
M205 X5 Y5
G0 F7500 X109.139 Y119.84
M205 X8 Y8
G1 F1500 X125.283 Y119.84 E155.7786
M205 X5 Y5
G0 F7500 X125.283 Y120.12
M205 X8 Y8
G1 F1500 X109.139 Y120.12 E156.2535
M205 X5 Y5
G0 F7500 X109.139 Y120.4
M205 X8 Y8
G1 F1500 X125.283 Y120.4 E156.72841
M205 X5 Y5
G0 F7500 X125.283 Y120.68
M205 X8 Y8
G1 F1500 X109.139 Y120.68 E157.20332
M205 X5 Y5
G0 F7500 X109.139 Y120.96
M205 X8 Y8
G1 F1500 X125.283 Y120.96 E157.67822
M205 X5 Y5
G0 F7500 X125.283 Y121.24
M205 X8 Y8
G1 F1500 X109.139 Y121.24 E158.15313
M205 X5 Y5
G0 F7500 X109.139 Y121.52
M205 X8 Y8
G1 F1500 X125.283 Y121.52 E158.62804
M205 X5 Y5
G0 F7500 X125.283 Y121.8
M205 X8 Y8
G1 F1500 X109.139 Y121.8 E159.10295
M205 X5 Y5
G0 F7500 X109.139 Y122.08
M205 X8 Y8
G1 F1500 X125.283 Y122.08 E159.57785
M205 X5 Y5
G0 F7500 X125.283 Y122.36
M205 X8 Y8
G1 F1500 X109.139 Y122.36 E160.05276
M205 X5 Y5
G0 F7500 X109.139 Y122.64
M205 X8 Y8
G1 F1500 X125.283 Y122.64 E160.52767
M205 X5 Y5
G0 F7500 X125.283 Y122.92
M205 X8 Y8
G1 F1500 X109.128 Y122.92 E161.0029
M205 X5 Y5
G0 F7500 X109.097 Y123.2
M205 X8 Y8
G1 F1500 X125.283 Y123.2 E161.47904
M205 X5 Y5
G0 F7500 X125.283 Y123.48
M205 X8 Y8
G1 F1500 X109.066 Y123.48 E161.95609
M205 X5 Y5
G0 F7500 X109.004 Y123.76
M205 X8 Y8
G1 F1500 X125.283 Y123.76 E162.43497
M205 X5 Y5
G0 F7500 X125.283 Y124.04
M205 X8 Y8
G1 F1500 X108.924 Y124.04 E162.9162
M205 X5 Y5
G0 F7500 X108.843 Y124.32
M205 X8 Y8
G1 F1500 X125.283 Y124.32 E163.39982
M205 X5 Y5
G0 F7500 X125.283 Y124.6
M205 X8 Y8
G1 F1500 X108.733 Y124.6 E163.88667
M205 X5 Y5
G0 F7500 X108.598 Y124.88
M205 X8 Y8
G1 F1500 X125.283 Y124.88 E164.37749
M205 X5 Y5
G0 F7500 X125.283 Y125.16
M205 X8 Y8
G1 F1500 X108.455 Y125.16 E164.87252
M205 X5 Y5
G0 F7500 X108.263 Y125.44
M205 X8 Y8
G1 F1500 X125.283 Y125.44 E165.37319
M205 X5 Y5
G0 F7500 X125.283 Y125.72
M205 X8 Y8
G1 F1500 X108.04 Y125.72 E165.88043
M205 X5 Y5
G0 F7500 X107.807 Y126
M205 X8 Y8
G1 F1500 X125.283 Y126 E166.39452
M205 X5 Y5
G0 F7500 X125.283 Y126.28
M205 X8 Y8
G1 F1500 X107.513 Y126.28 E166.91726
M205 X5 Y5
G0 F7500 X107.16 Y126.56
M205 X8 Y8
G1 F1500 X125.283 Y126.56 E167.45038
M205 X5 Y5
G0 F7500 X125.283 Y126.84
M205 X8 Y8
G1 F1500 X106.679 Y126.84 E167.99765
M205 X5 Y5
G0 F7500 X106.149 Y127.12
M205 X8 Y8
G1 F1500 X125.283 Y127.12 E168.56052
M205 X5 Y5
G0 F7500 X125.283 Y127.4
M205 X8 Y8
G1 F1500 X105.166 Y127.4 E169.1523
M205 X5 Y5
G0 F7500 X105.228 Y127.68
M205 X8 Y8
G1 F1500 X125.283 Y127.68 E169.74225
M205 X5 Y5
G0 F7500 X125.283 Y127.96
M205 X8 Y8
G1 F1500 X105.37 Y127.96 E170.32803
M205 X5 Y5
G0 F7500 X105.513 Y128.24
M205 X8 Y8
G1 F1500 X125.283 Y128.24 E170.9096
M205 X5 Y5
G0 F7500 X125.283 Y128.52
M205 X8 Y8
G1 F1500 X105.629 Y128.52 E171.48777
M205 X5 Y5
G0 F7500 X105.731 Y128.8
M205 X8 Y8
G1 F1500 X125.283 Y128.8 E172.06293
M205 X5 Y5
G0 F7500 X125.283 Y129.08
M205 X8 Y8
G1 F1500 X105.815 Y129.08 E172.63561
M205 X5 Y5
G0 F7500 X105.876 Y129.36
M205 X8 Y8
G1 F1500 X125.283 Y129.36 E173.20651
M205 X5 Y5
G0 F7500 X125.283 Y129.64
M205 X8 Y8
G1 F1500 X105.937 Y129.64 E173.77561
M205 X5 Y5
G0 F7500 X105.969 Y129.92
M205 X8 Y8
G1 F1500 X125.283 Y129.92 E174.34377
M205 X5 Y5
G0 F7500 X125.283 Y130.2
M205 X8 Y8
G1 F1500 X105.981 Y130.2 E174.91157
M205 X5 Y5
G0 F7500 X105.993 Y130.48
M205 X8 Y8
G1 F1500 X125.283 Y130.48 E175.47902
M205 X5 Y5
G0 F7500 X125.283 Y130.76
M205 X8 Y8
G1 F1500 X105.996 Y130.76 E176.04639
M205 X5 Y5
G0 F7500 X105.995 Y131.04
M205 X8 Y8
G1 F1500 X125.283 Y131.04 E176.61378
M205 X5 Y5
G0 F7500 X125.283 Y131.32
M205 X8 Y8
G1 F1500 X105.955 Y131.32 E177.18235
M205 X5 Y5
G0 F7500 X105.909 Y131.6
M205 X8 Y8
G1 F1500 X125.283 Y131.6 E177.75228
M205 X5 Y5
G0 F7500 X125.283 Y131.88
M205 X8 Y8
G1 F1500 X105.843 Y131.88 E178.32414
M205 X5 Y5
G0 F7500 X105.758 Y132.16
M205 X8 Y8
G1 F1500 X125.283 Y132.16 E178.89851
M205 X5 Y5
G0 F7500 X125.283 Y132.44
M205 X8 Y8
G1 F1500 X105.672 Y132.44 E179.4754
M205 X5 Y5
G0 F7500 X105.568 Y132.72
M205 X8 Y8
G1 F1500 X125.283 Y132.72 E180.05536
M205 X5 Y5
G0 F7500 X125.283 Y133
M205 X8 Y8
G1 F1500 X105.431 Y133 E180.63934
M205 X5 Y5
G0 F7500 X105.275 Y133.28
M205 X8 Y8
G1 F1500 X125.283 Y133.28 E181.22792
M205 X5 Y5
G0 F7500 X125.283 Y133.56
M205 X8 Y8
G1 F1500 X105.119 Y133.56 E181.82108
M205 X5 Y5
G0 F7500 X104.929 Y133.84
M205 X8 Y8
G1 F1500 X125.283 Y133.84 E182.41983
M205 X5 Y5
G0 F7500 X125.283 Y134.12
M205 X8 Y8
G1 F1500 X104.712 Y134.12 E183.02497
M205 X5 Y5
G0 F7500 X104.449 Y134.4
M205 X8 Y8
G1 F1500 X125.283 Y134.4 E183.63784
M205 X5 Y5
G0 F7500 X125.283 Y134.68
M205 X8 Y8
G1 F1500 X104.162 Y134.68 E184.25915
M205 X5 Y5
G1 F2400 E182.25915
G0 F7500 X103.979 Y134.491
G0 X104.919 Y132.351
G0 X105.155 Y131.565
G0 X105.248 Y130.581
G0 X105.212 Y129.809
G0 X104.475 Y126.709
G0 X105.121 Y126.641
G0 X105.825 Y126.444
G0 X106.731 Y125.954
G0 X107.274 Y125.485
G0 X107.805 Y124.798
G0 X108.111 Y124.165
G0 X108.337 Y123.344
G0 X108.391 Y122.737
G0 X108.365 Y103.374
G0 X108.072 Y102.284
G0 X107.747 Y101.664
G0 X107.31 Y101.115
G0 X106.666 Y100.555
G0 X105.866 Y100.128
G0 X105.195 Y99.942
G0 X99.974 Y99.382
G1 F1200 E184.25915
G0 F7500 X99.958 Y99.12
M205 X8 Y8
G1 F1500 X88.814 Y99.12 E184.58698
M205 X5 Y5
G0 F7500 X88.814 Y99.4
M205 X8 Y8
G1 F1500 X97.867 Y99.4 E184.85329
M205 X5 Y5
G0 F7500 X97.933 Y99.651
G0 X96.932 Y99.925
G0 X96.846 Y99.68
M205 X8 Y8
G1 F1500 X88.814 Y99.68 E185.08956
M205 X5 Y5
G0 F7500 X88.814 Y99.96
M205 X8 Y8
G1 F1500 X96.086 Y99.96 E185.30348
M205 X5 Y5
G0 F7500 X95.46 Y100.24
M205 X8 Y8
G1 F1500 X88.814 Y100.24 E185.49899
M205 X5 Y5
G0 F7500 X88.814 Y100.52
M205 X8 Y8
G1 F1500 X94.948 Y100.52 E185.67943
M205 X5 Y5
G0 F7500 X94.436 Y100.8
M205 X8 Y8
G1 F1500 X88.814 Y100.8 E185.84481
M205 X5 Y5
G0 F7500 X88.814 Y101.08
M205 X8 Y8
G1 F1500 X94.01 Y101.08 E185.99766
M205 X5 Y5
G0 F7500 X93.612 Y101.36
M205 X8 Y8
G1 F1500 X88.814 Y101.36 E186.13881
M205 X5 Y5
G0 F7500 X88.814 Y101.64
M205 X8 Y8
G1 F1500 X93.249 Y101.64 E186.26927
M205 X5 Y5
G0 F7500 X92.914 Y101.92
M205 X8 Y8
G1 F1500 X88.814 Y101.92 E186.38988
M205 X5 Y5
G0 F7500 X88.814 Y102.2
M205 X8 Y8
G1 F1500 X92.579 Y102.2 E186.50063
M205 X5 Y5
G0 F7500 X92.301 Y102.48
M205 X8 Y8
G1 F1500 X88.814 Y102.48 E186.60321
M205 X5 Y5
G0 F7500 X88.814 Y102.76
M205 X8 Y8
G1 F1500 X92.034 Y102.76 E186.69793
M205 X5 Y5
G0 F7500 X91.775 Y103.04
M205 X8 Y8
G1 F1500 X88.814 Y103.04 E186.78504
M205 X5 Y5
G0 F7500 X88.814 Y103.32
M205 X8 Y8
G1 F1500 X91.549 Y103.32 E186.86549
M205 X5 Y5
G0 F7500 X91.323 Y103.6
M205 X8 Y8
G1 F1500 X88.814 Y103.6 E186.9393
M205 X5 Y5
G0 F7500 X88.814 Y103.88
M205 X8 Y8
G1 F1500 X91.097 Y103.88 E187.00646
M205 X5 Y5
G0 F7500 X90.905 Y104.16
M205 X8 Y8
G1 F1500 X88.814 Y104.16 E187.06797
M205 X5 Y5
G0 F7500 X88.814 Y104.44
M205 X8 Y8
G1 F1500 X90.72 Y104.44 E187.12404
M205 X5 Y5
G0 F7500 X90.55 Y104.72
M205 X8 Y8
G1 F1500 X88.814 Y104.72 E187.17511
M205 X5 Y5
G0 F7500 X88.814 Y105
M205 X8 Y8
G1 F1500 X90.396 Y105 E187.22164
M205 X5 Y5
G0 F7500 X90.242 Y105.28
M205 X8 Y8
G1 F1500 X88.814 Y105.28 E187.26365
M205 X5 Y5
G0 F7500 X88.814 Y105.56
M205 X8 Y8
G1 F1500 X90.087 Y105.56 E187.3011
M205 X5 Y5
G0 F7500 X89.949 Y105.84
M205 X8 Y8
G1 F1500 X88.814 Y105.84 E187.33449
M205 X5 Y5
G0 F7500 X88.814 Y106.12
M205 X8 Y8
G1 F1500 X89.836 Y106.12 E187.36455
M205 X5 Y5
G0 F7500 X89.722 Y106.4
M205 X8 Y8
G1 F1500 X88.814 Y106.4 E187.39126
M205 X5 Y5
G0 F7500 X88.814 Y106.68
M205 X8 Y8
G1 F1500 X89.609 Y106.68 E187.41465
M205 X5 Y5
G0 F7500 X89.517 Y106.96
M205 X8 Y8
G1 F1500 X88.814 Y106.96 E187.43533
M205 X5 Y5
G0 F7500 X88.814 Y107.24
M205 X8 Y8
G1 F1500 X89.429 Y107.24 E187.45342
M205 X5 Y5
G0 F7500 X89.341 Y107.52
M205 X8 Y8
G1 F1500 X88.814 Y107.52 E187.46892
M205 X5 Y5
G0 F7500 X88.814 Y107.8
M205 X8 Y8
G1 F1500 X89.252 Y107.8 E187.48181
M205 X5 Y5
G0 F7500 X89.188 Y108.08
M205 X8 Y8
G1 F1500 X88.814 Y108.08 E187.49281
M205 X5 Y5
G0 F7500 X88.854 Y108.36
M205 X8 Y8
G1 F1500 X89.091 Y108.36 E187.49978
M205 X5 Y5
G0 F7500 X89.38 Y108.425
G0 X89.368 Y118.075
G0 X89.077 Y118.16
M205 X8 Y8
G1 F1500 X88.866 Y118.16 E187.50599
M205 X5 Y5
G0 F7500 X88.814 Y118.44
M205 X8 Y8
G1 F1500 X89.192 Y118.44 E187.51711
M205 X5 Y5
G0 F7500 X89.262 Y118.72
M205 X8 Y8
G1 F1500 X88.814 Y118.72 E187.53029
M205 X5 Y5
G0 F7500 X88.813 Y119
M205 X8 Y8
G1 F1500 X89.332 Y119 E187.54555
M205 X5 Y5
G0 F7500 X89.403 Y119.28
M205 X8 Y8
G1 F1500 X88.813 Y119.28 E187.56291
M205 X5 Y5
G0 F7500 X88.813 Y119.56
M205 X8 Y8
G1 F1500 X89.492 Y119.56 E187.58288
M205 X5 Y5
G0 F7500 X89.602 Y119.84
M205 X8 Y8
G1 F1500 X88.813 Y119.84 E187.60609
M205 X5 Y5
G0 F7500 X88.813 Y120.12
M205 X8 Y8
G1 F1500 X89.711 Y120.12 E187.63251
M205 X5 Y5
G0 F7500 X89.821 Y120.4
M205 X8 Y8
G1 F1500 X88.813 Y120.4 E187.66216
M205 X5 Y5
G0 F7500 X88.813 Y120.68
M205 X8 Y8
G1 F1500 X89.944 Y120.68 E187.69543
M205 X5 Y5
G0 F7500 X90.079 Y120.96
M205 X8 Y8
G1 F1500 X88.813 Y120.96 E187.73267
M205 X5 Y5
G0 F7500 X88.813 Y121.24
M205 X8 Y8
G1 F1500 X90.214 Y121.24 E187.77389
M205 X5 Y5
G0 F7500 X90.359 Y121.52
M205 X8 Y8
G1 F1500 X88.813 Y121.52 E187.81937
M205 X5 Y5
G0 F7500 X88.813 Y121.8
M205 X8 Y8
G1 F1500 X90.537 Y121.8 E187.87008
M205 X5 Y5
G0 F7500 X90.716 Y122.08
M205 X8 Y8
G1 F1500 X88.813 Y122.08 E187.92606
M205 X5 Y5
G0 F7500 X88.813 Y122.36
M205 X8 Y8
G1 F1500 X90.894 Y122.36 E187.98728
M205 X5 Y5
G0 F7500 X91.072 Y122.64
M205 X8 Y8
G1 F1500 X88.813 Y122.64 E188.05373
M205 X5 Y5
G0 F7500 X88.813 Y122.92
M205 X8 Y8
G1 F1500 X91.291 Y122.92 E188.12663
M205 X5 Y5
G0 F7500 X91.517 Y123.2
M205 X8 Y8
G1 F1500 X88.813 Y123.2 E188.20617
M205 X5 Y5
G0 F7500 X88.813 Y123.48
M205 X8 Y8
G1 F1500 X91.744 Y123.48 E188.29239
M205 X5 Y5
G0 F7500 X92.01 Y123.76
M205 X8 Y8
G1 F1500 X88.813 Y123.76 E188.38644
M205 X5 Y5
G0 F7500 X88.813 Y124.04
M205 X8 Y8
G1 F1500 X92.277 Y124.04 E188.48834
M205 X5 Y5
G0 F7500 X92.543 Y124.32
M205 X8 Y8
G1 F1500 X88.813 Y124.32 E188.59806
M205 X5 Y5
G0 F7500 X88.813 Y124.6
M205 X8 Y8
G1 F1500 X92.87 Y124.6 E188.71741
M205 X5 Y5
G0 F7500 X93.207 Y124.88
M205 X8 Y8
G1 F1500 X88.813 Y124.88 E188.84666
M205 X5 Y5
G0 F7500 X88.813 Y125.16
M205 X8 Y8
G1 F1500 X93.566 Y125.16 E188.98648
M205 X5 Y5
G0 F7500 X93.964 Y125.44
M205 X8 Y8
G1 F1500 X88.813 Y125.44 E189.13801
M205 X5 Y5
G0 F7500 X88.813 Y125.72
M205 X8 Y8
G1 F1500 X94.377 Y125.72 E189.30169
M205 X5 Y5
G0 F7500 X94.885 Y126
M205 X8 Y8
G1 F1500 X88.813 Y126 E189.4803
M205 X5 Y5
G0 F7500 X88.813 Y126.28
M205 X8 Y8
G1 F1500 X95.393 Y126.28 E189.67387
M205 X5 Y5
G0 F7500 X96.034 Y126.56
M205 X8 Y8
G1 F1500 X88.813 Y126.56 E189.88629
M205 X5 Y5
G0 F7500 X88.813 Y126.84
M205 X8 Y8
G1 F1500 X96.247 Y126.84 E190.10497
M205 X5 Y5
G0 F7500 X96.013 Y127.12
M205 X8 Y8
G1 F1500 X88.813 Y127.12 E190.31678
M205 X5 Y5
G0 F7500 X88.813 Y127.4
M205 X8 Y8
G1 F1500 X95.823 Y127.4 E190.52299
M205 X5 Y5
G0 F7500 X95.645 Y127.68
M205 X8 Y8
G1 F1500 X88.813 Y127.68 E190.72396
M205 X5 Y5
G0 F7500 X88.813 Y127.96
M205 X8 Y8
G1 F1500 X95.483 Y127.96 E190.92018
M205 X5 Y5
G0 F7500 X95.359 Y128.24
M205 X8 Y8
G1 F1500 X88.813 Y128.24 E191.11274
M205 X5 Y5
G0 F7500 X88.813 Y128.52
M205 X8 Y8
G1 F1500 X95.235 Y128.52 E191.30165
M205 X5 Y5
G0 F7500 X95.136 Y128.8
M205 X8 Y8
G1 F1500 X88.813 Y128.8 E191.48766
M205 X5 Y5
G0 F7500 X88.813 Y129.08
M205 X8 Y8
G1 F1500 X95.058 Y129.08 E191.67137
M205 X5 Y5
G0 F7500 X94.98 Y129.36
M205 X8 Y8
G1 F1500 X88.82 Y129.36 E191.85257
M205 X5 Y5
G0 F7500 X88.839 Y129.64
M205 X8 Y8
G1 F1500 X94.93 Y129.64 E192.03175
M205 X5 Y5
G0 F7500 X94.893 Y129.92
M205 X8 Y8
G1 F1500 X88.858 Y129.92 E192.20928
M205 X5 Y5
G0 F7500 X88.892 Y130.2
M205 X8 Y8
G1 F1500 X94.856 Y130.2 E192.38473
M205 X5 Y5
G0 F7500 X94.849 Y130.48
M205 X8 Y8
G1 F1500 X88.95 Y130.48 E192.55826
M205 X5 Y5
G0 F7500 X89.009 Y130.76
M205 X8 Y8
G1 F1500 X94.869 Y130.76 E192.73064
M205 X5 Y5
G0 F7500 X94.89 Y131.04
M205 X8 Y8
G1 F1500 X89.093 Y131.04 E192.90117
M205 X5 Y5
G0 F7500 X89.19 Y131.32
M205 X8 Y8
G1 F1500 X94.915 Y131.32 E193.06958
M205 X5 Y5
G0 F7500 X94.959 Y131.6
M205 X8 Y8
G1 F1500 X89.341 Y131.6 E193.23485
M205 X5 Y5
G0 F7500 X89.491 Y131.88
M205 X8 Y8
G1 F1500 X95.022 Y131.88 E193.39755
M205 X5 Y5
G0 F7500 X95.102 Y132.16
M205 X8 Y8
G1 F1500 X89.642 Y132.16 E193.55817
M205 X5 Y5
G0 F7500 X89.793 Y132.44
M205 X8 Y8
G1 F1500 X95.181 Y132.44 E193.71667
M205 X5 Y5
G0 F7500 X95.304 Y132.72
M205 X8 Y8
G1 F1500 X89.978 Y132.72 E193.87334
M205 X5 Y5
G0 F7500 X90.203 Y133
M205 X8 Y8
G1 F1500 X95.434 Y133 E194.02722
M205 X5 Y5
G0 F7500 X95.571 Y133.28
M205 X8 Y8
G1 F1500 X90.471 Y133.28 E194.17725
M205 X5 Y5
G0 F7500 X90.787 Y133.56
M205 X8 Y8
G1 F1500 X95.749 Y133.56 E194.32321
M205 X5 Y5
G0 F7500 X95.926 Y133.84
M205 X8 Y8
G1 F1500 X91.132 Y133.84 E194.46424
M205 X5 Y5
G0 F7500 X91.569 Y134.12
M205 X8 Y8
G1 F1500 X96.154 Y134.12 E194.59911
M205 X5 Y5
G0 F7500 X96.394 Y134.4
M205 X8 Y8
G1 F1500 X92.134 Y134.4 E194.72443
M205 X5 Y5
G0 F7500 X92.904 Y134.68
M205 X8 Y8
G1 F1500 X96.705 Y134.68 E194.83624
M104 S210
M205 X5 Y5
G0 F7500 X96.899 Y134.464
G1 F2400 E192.83624
;MESH:NONMESH
G0 F600 X96.899 Y134.464 Z0.48
G0 F7500 X97.491 Y135.066
G0 X93.919 Y135.062
G0 X92.622 Y134.81
G0 X91.368 Y134.235
G0 X90.434 Y133.535
G0 X89.7 Y132.694
G0 X88.918 Y131.154
G0 X88.654 Y129.9
G0 X88.611 Y123.261
G0 X88.64 Y90.283
G0 X88.819 Y89.135
G0 X89.291 Y87.973
G0 X89.885 Y87.055
G0 X90.761 Y86.19
G0 X91.89 Y85.477
G0 X93.164 Y85.05
G0 X94.421 Y84.906
G0 X97.492 Y84.935
G0 X95.058 Y89.169
G0 X97.005 Y93.605
G0 X101.505 Y94.733
G0 X104.584 Y92.897
G0 X105.182 Y90.183
G0 X105.307 Y88.995
G1 F1200 E194.83624
G0 F7500 X104.953 Y89.028
;TIME_ELAPSED:271.357458
;LAYER:1
M140 S40
M106 S85
M205 X14 Y14
;TYPE:WALL-INNER
;MESH:DoorStrikePlate.stl
G1 F2700 X104.948 Y89.885 E194.87009
G1 X104.804 Y90.683 E194.90212
G1 X104.595 Y91.246 E194.92584
G1 X104.276 Y91.867 E194.95341
G1 X103.702 Y92.595 E194.99003
G1 X103.001 Y93.199 E195.02658
G1 X102.45 Y93.522 E195.0518
G1 X101.939 Y93.734 E195.07365
G1 X101.218 Y93.926 E195.10312
G1 X100.416 Y93.999 E195.13493
G1 X99.704 Y93.932 E195.16318
G1 X99.227 Y93.838 E195.18238
G1 X98.685 Y93.634 E195.20525
G1 X98.108 Y93.353 E195.2306
G1 X97.548 Y92.952 E195.2578
G1 X97.147 Y92.59 E195.27914
G1 X96.774 Y92.129 E195.30256
G1 X96.511 Y91.737 E195.32121
G1 X96.211 Y91.11 E195.34866
G1 X95.981 Y90.38 E195.37889
G1 X95.92 Y89.802 E195.40184
G1 X95.908 Y89.252 E195.42357
G1 X95.919 Y89.06 E195.43117
G1 X95.986 Y88.604 E195.44937
G1 X96.138 Y88.021 E195.47317
G1 X96.428 Y87.329 E195.5028
G1 X96.862 Y86.66 E195.5343
G1 X97.048 Y86.439 E195.54571
G1 X97.552 Y85.967 E195.57298
G1 X98.084 Y85.58 E195.59896
G1 F2657.5 X98.34 Y85.459 E195.61033
G1 F2576.3 X98.596 Y85.338 E195.62205
G1 F2500 X98.852 Y85.216 E195.63414
G1 F2428.1 X99.14 Y85.123 E195.64744
G1 F2360.1 X99.428 Y85.029 E195.66112
G1 F2295.9 X99.717 Y84.936 E195.67522
G1 F2280.4 X99.988 Y84.923 E195.68791
G1 F2315.6 X100.258 Y84.911 E195.70036
G1 F2351.9 X100.528 Y84.899 E195.71261
G1 F2356 X100.828 Y84.914 E195.72621
G1 F2323.6 X101.129 Y84.929 E195.74004
G1 F2397.9 X101.47 Y85.038 E195.75596
G1 F2591.2 X101.812 Y85.147 E195.77073
G1 F2700 X102.269 Y85.324 E195.79009
G1 X102.704 Y85.571 E195.80985
G1 X102.889 Y85.667 E195.81808
G1 X103.141 Y85.841 E195.83018
G1 X103.795 Y86.424 E195.86478
G1 X104.002 Y86.659 E195.87715
G1 X104.323 Y87.147 E195.90022
G1 X104.513 Y87.491 E195.91574
G1 X104.788 Y88.198 E195.9457
G1 X104.953 Y89.028 E195.97913
M205 X12.5 Y12.5
G0 F8250 X103.783 Y86.936
G0 X102.83 Y86.015
G0 X102.12 Y85.626
G0 X101.225 Y85.349
G0 X100.528 Y85.267
G0 X100.123 Y85.287
G0 X99.006 Y85.453
G0 X99.062 Y85.669
M205 X14 Y14
G1 F2700 X99.813 Y85.475 E196.00976
G1 X100.528 Y85.431 E196.03805
G1 X100.997 Y85.466 E196.05663
G1 X101.587 Y85.596 E196.08049
G1 X102.052 Y85.776 E196.10019
G1 X102.454 Y86.005 E196.11846
G1 X102.806 Y86.213 E196.13461
G1 X103.539 Y86.865 E196.17335
G1 X103.855 Y87.338 E196.19582
G1 X104.06 Y87.705 E196.21242
G1 X104.305 Y88.336 E196.23916
G1 X104.452 Y89.077 E196.269
G1 X104.45 Y89.837 E196.29901
G1 X104.316 Y90.551 E196.32771
G1 X104.118 Y91.09 E196.35039
G1 X103.861 Y91.586 E196.37245
G1 X103.344 Y92.239 E196.40535
G1 X102.733 Y92.77 E196.43732
G1 X102.234 Y93.07 E196.46031
G1 X101.741 Y93.268 E196.4813
G1 X101.13 Y93.436 E196.50633
G1 X100.397 Y93.496 E196.53537
G1 X99.867 Y93.45 E196.55639
G1 X99.402 Y93.364 E196.57506
G1 X98.862 Y93.166 E196.59778
G1 X98.336 Y92.902 E196.62102
G1 X97.887 Y92.583 E196.64278
G1 X97.507 Y92.243 E196.66292
G1 X97.165 Y91.818 E196.68446
G1 X96.969 Y91.523 E196.69845
G1 X96.678 Y90.929 E196.72458
G1 X96.472 Y90.274 E196.7517
G1 X96.419 Y89.767 E196.77183
G1 X96.408 Y89.242 E196.79257
G1 X96.414 Y89.129 E196.79704
G1 X96.465 Y88.764 E196.8116
G1 X96.614 Y88.174 E196.83563
G1 X96.874 Y87.561 E196.86193
G1 X97.328 Y86.862 E196.89485
G1 X97.838 Y86.384 E196.92246
G1 X98.339 Y86.013 E196.94708
G1 X99.062 Y85.669 E196.9787
M205 X12.5 Y12.5
G1 F2400 E194.9787
G0 F8250 X99.006 Y85.453
G0 X99.812 Y85.304
G0 X100.915 Y85.296
G0 X101.619 Y85.436
G0 X102.538 Y85.864
G0 X102.83 Y86.015
G0 X103.601 Y86.76
G0 X104.042 Y87.217
G1 F1200 E196.9787
G0 F8250 X103.46 Y87.602
M205 X14 Y14
;TYPE:WALL-OUTER
G1 F2250 X103.634 Y87.921 E196.99162
G1 X103.851 Y88.489 E197.01323
G1 X103.973 Y89.104 E197.03552
G1 X103.977 Y89.791 E197.05994
G1 X103.853 Y90.444 E197.08357
G1 X103.692 Y90.879 E197.10006
G1 X103.464 Y91.32 E197.1177
G1 X102.999 Y91.912 E197.14446
G1 X102.452 Y92.387 E197.17022
G1 X102.033 Y92.637 E197.18756
G1 X101.641 Y92.801 E197.20266
G1 X101.049 Y92.965 E197.2245
G1 X100.452 Y93.021 E197.24581
G1 X99.886 Y92.974 E197.266
G1 X99.516 Y92.903 E197.2794
G1 X99.008 Y92.712 E197.29869
G1 X98.616 Y92.517 E197.31425
G1 X98.164 Y92.196 E197.33396
G1 X97.849 Y91.914 E197.34899
G1 X97.525 Y91.506 E197.36751
G1 X97.352 Y91.237 E197.37887
G1 X97.127 Y90.767 E197.3974
G1 X96.944 Y90.191 E197.41888
G1 X96.893 Y89.736 E197.43516
G1 X96.883 Y89.232 E197.45308
G1 X96.941 Y88.804 E197.46843
G1 X97.066 Y88.319 E197.48623
G1 X97.289 Y87.796 E197.50644
G1 X97.695 Y87.168 E197.53302
G1 X98.184 Y86.712 E197.55679
G1 X98.566 Y86.435 E197.57356
G1 X99.205 Y86.127 E197.59878
G1 X99.895 Y85.943 E197.62416
G1 X100.544 Y85.909 E197.64727
G1 X100.91 Y85.936 E197.66031
G1 X101.427 Y86.047 E197.67911
G1 X101.862 Y86.215 E197.69568
G1 X102.487 Y86.565 E197.72115
G1 X103.177 Y87.178 E197.75396
G1 X103.46 Y87.602 E197.77208
M205 X12.5 Y12.5
G0 F8250 X103.555 Y87.777
G1 F2400 E195.77208
G0 F8250 X104.168 Y87.438
G0 X104.462 Y88.288
G0 X104.616 Y89.061
G0 X104.617 Y89.851
G0 X103.944 Y92.629
G0 X99.664 Y94.138
G0 X96.282 Y91.748
G0 X96.216 Y87.29
G0 X99.706 Y84.637
G0 X98.886 Y84.507
G0 X93.74 Y84.545
G0 X92.702 Y84.757
G0 X91.626 Y85.165
G0 X90.494 Y85.893
G0 X89.58 Y86.794
G0 X88.937 Y87.793
G0 X88.499 Y88.843
G0 X88.265 Y89.877
G0 X88.213 Y92.288
G0 X88.249 Y129.855
G0 X88.444 Y130.999
G0 X88.785 Y131.848
G0 X89.333 Y132.872
G0 X90.152 Y133.819
G0 X91.004 Y134.48
G0 X92.102 Y135.057
G0 X92.929 Y135.299
G0 X94.385 Y135.493
G0 X98.996 Y135.458
G0 X99.356 Y135.327
G0 X95.888 Y131.879
G0 X96.683 Y127.626
G0 X97.84 Y126.549
G0 X92.2 Y123.088
G0 X89.539 Y116.847
G0 X90.186 Y106.858
G0 X94.666 Y101.361
G0 X100.495 Y99.693
G0 X105.043 Y100.3
G0 X105.768 Y100.51
G0 X106.484 Y100.905
G0 X107.064 Y101.431
G0 X107.442 Y101.924
G0 X107.724 Y102.485
G0 X107.956 Y103.314
G0 X107.991 Y122.745
G0 X107.937 Y123.328
G0 X107.721 Y124.078
G0 X107.437 Y124.637
G0 X106.946 Y125.254
G0 X106.458 Y125.661
G0 X105.63 Y126.097
G0 X102.722 Y126.648
M205 X14 Y14
;TYPE:WALL-INNER
G1 F1200 E197.77208
G1 F2700 X103.231 Y126.969 E197.79584
G1 X103.574 Y127.276 E197.81402
G1 X103.916 Y127.634 E197.83358
G1 X104.325 Y128.224 E197.86193
G1 X104.622 Y128.817 E197.88813
G1 X104.83 Y129.426 E197.91355
G1 X104.937 Y130.04 E197.93816
G1 X104.955 Y130.814 E197.96874
G1 X104.935 Y131.064 E197.97865
G1 X104.803 Y131.763 E198.00674
G1 X104.57 Y132.394 E198.03331
G1 X104.205 Y133.049 E198.06293
G1 X103.795 Y133.586 E198.08961
G1 X103.173 Y134.148 E198.12272
G1 X102.753 Y134.428 E198.14266
G1 X102.179 Y134.715 E198.168
G1 F2566.5 X101.722 Y134.912 E198.18868
G1 F2272.7 X101.53 Y135.005 E198.19869
G1 F2170.4 X101.163 Y135.051 E198.21686
G1 F2272.7 X100.796 Y135.097 E198.23422
G1 F2331.6 X100.044 Y135.091 E198.26861
G1 F2284.3 X99.705 Y135.051 E198.28455
G1 F2184.5 X99.366 Y135.01 E198.30122
G1 F2315.6 X99.133 Y134.898 E198.31313
G1 F2566.5 X98.857 Y134.782 E198.32557
G1 F2657.5 X98.581 Y134.665 E198.3376
G1 F2700 X98.111 Y134.435 E198.35826
G1 X97.674 Y134.132 E198.37926
G1 X97.119 Y133.636 E198.40866
G1 X96.8 Y133.251 E198.42841
G1 X96.516 Y132.802 E198.44939
G1 X96.23 Y132.254 E198.47381
G1 X96.054 Y131.702 E198.49669
G1 X95.908 Y130.884 E198.52951
G1 X95.909 Y130.238 E198.55503
G1 X95.978 Y129.71 E198.57606
G1 X96.146 Y129.072 E198.60212
G1 X96.43 Y128.4 E198.63093
G1 X96.861 Y127.739 E198.6621
G1 X97.044 Y127.519 E198.6734
G1 X97.554 Y127.04 E198.70103
G1 X98.095 Y126.653 E198.7273
G1 X98.514 Y126.453 E198.74564
G1 X98.063 Y126.371 E198.76375
G1 X96.891 Y126.03 E198.81196
G1 X95.884 Y125.622 E198.85487
G1 X94.717 Y124.979 E198.9075
G1 X93.839 Y124.351 E198.95013
G1 X93.091 Y123.723 E198.98871
G1 X92.364 Y122.957 E199.03042
G1 X91.756 Y122.203 E199.06867
G1 X91.037 Y121.071 E199.12164
G1 X90.615 Y120.196 E199.16001
G1 X90.227 Y119.208 E199.20193
G1 X89.887 Y117.866 E199.25661
G1 X89.759 Y116.936 E199.29369
G1 X89.702 Y115.923 E199.33376
G1 X89.701 Y110.692 E199.54037
G1 X89.72 Y110.039 E199.56617
G1 X89.875 Y108.759 E199.61709
G1 X90.072 Y107.89 E199.65229
G1 X90.348 Y107.026 E199.68811
G1 X90.729 Y106.082 E199.72832
G1 X91.4 Y104.874 E199.7829
G1 X91.728 Y104.389 E199.80602
G1 X92.371 Y103.589 E199.84656
G1 X93.093 Y102.831 E199.88791
G1 X93.919 Y102.139 E199.93047
G1 X94.71 Y101.577 E199.96879
G1 X95.792 Y100.98 E200.0176
G1 X96.503 Y100.665 E200.04831
G1 X97.23 Y100.407 E200.07878
G1 X98.235 Y100.146 E200.11979
G1 X99.13 Y99.989 E200.15568
G1 X100.418 Y99.906 E200.20666
G1 X104.501 Y99.909 E200.36792
G1 X105.123 Y99.972 E200.39261
G1 X105.917 Y100.208 E200.42533
G1 X106.66 Y100.62 E200.45889
G1 X107.293 Y101.184 E200.49237
G1 X107.73 Y101.748 E200.52055
G1 X108.037 Y102.365 E200.54777
G1 X108.287 Y103.273 E200.58497
G1 X108.328 Y103.839 E200.60738
G1 X108.328 Y122.706 E201.35256
G1 X108.264 Y123.393 E201.37981
G1 X108.021 Y124.23 E201.41424
G1 X107.701 Y124.844 E201.44158
G1 X107.186 Y125.496 E201.4744
G1 X106.618 Y125.956 E201.50327
G1 X105.771 Y126.402 E201.54107
G1 X105.082 Y126.586 E201.56924
G1 X104.476 Y126.645 E201.59329
G1 X102.722 Y126.648 E201.66257
M205 X12.5 Y12.5
G0 F8250 X102.925 Y127.366
M205 X14 Y14
G1 F2700 X103.213 Y127.622 E201.67778
G1 X103.526 Y127.953 E201.69578
G1 X103.889 Y128.471 E201.72076
G1 X104.16 Y129.009 E201.74455
G1 X104.344 Y129.552 E201.7672
G1 X104.437 Y130.089 E201.78872
G1 X104.457 Y130.898 E201.82068
G1 X104.319 Y131.628 E201.85003
G1 X104.113 Y132.186 E201.87352
G1 X103.787 Y132.772 E201.90001
G1 X103.424 Y133.248 E201.92365
G1 X102.858 Y133.759 E201.95377
G1 X102.462 Y134.015 E201.97239
G1 X101.956 Y134.268 E201.99474
G1 X101.487 Y134.436 E202.01441
G1 X100.751 Y134.561 E202.0439
G1 X100.108 Y134.554 E202.0693
G1 X99.386 Y134.44 E202.09817
G1 X98.861 Y134.243 E202.12031
G1 X98.364 Y134.002 E202.14213
G1 X97.952 Y133.71 E202.16207
G1 X97.48 Y133.287 E202.18711
G1 X97.228 Y132.983 E202.2027
G1 X96.993 Y132.628 E202.21952
G1 X96.694 Y132.062 E202.2448
G1 X96.538 Y131.577 E202.26492
G1 X96.413 Y130.873 E202.29316
G1 X96.408 Y130.306 E202.31556
G1 X96.414 Y130.21 E202.31936
G1 X96.466 Y129.834 E202.33435
G1 X96.608 Y129.271 E202.35728
G1 X96.87 Y128.642 E202.38419
G1 X97.329 Y127.937 E202.41742
G1 X97.907 Y127.402 E202.44853
G1 X98.348 Y127.086 E202.46996
G1 X99.057 Y126.747 E202.50099
G1 F2743.9 X99.307 Y126.686 E202.511
G1 F2824.3 X99.558 Y126.624 E202.52076
G1 F2915.8 X99.809 Y126.563 E202.53021
G1 F3000 X100.166 Y126.554 E202.5429
G1 F3082.2 X100.522 Y126.545 E202.55522
G1 F3047.4 X100.827 Y126.566 E202.56592
G1 F2890.8 X101.132 Y126.588 E202.5772
G1 F2789.3 X101.399 Y126.642 E202.58761
G1 F2732.8 X101.667 Y126.696 E202.59828
G1 F2700 X102.214 Y126.919 E202.62161
G1 X102.925 Y127.366 E202.65478
M205 X12.5 Y12.5
G0 F8250 X103.071 Y127.199
G0 X103.45 Y126.918
G0 X105.018 Y126.315
G0 X104.997 Y126.091
M205 X14 Y14
G1 F2700 X104.437 Y126.147 E202.67701
G1 X101.671 Y126.148 E202.78626
G1 F2749.5 X101.366 Y126.14 E202.79809
G1 F2842.1 X101.061 Y126.132 E202.80954
G1 F2947.6 X100.756 Y126.124 E202.82058
G1 F3054.3 X100.451 Y126.115 E202.83123
G1 X100.147 Y126.105 E202.84185
G1 F2947.6 X99.843 Y126.094 E202.85286
G1 F2842.1 X99.539 Y126.083 E202.86427
G1 F2749.5 X99.235 Y126.072 E202.87607
G1 F2700 X98.137 Y125.872 E202.92015
G1 X97.089 Y125.567 E202.96326
G1 X96.093 Y125.167 E203.00565
G1 X94.978 Y124.55 E203.05599
G1 X94.206 Y124.003 E203.09335
G1 X93.41 Y123.332 E203.13447
G1 X92.753 Y122.643 E203.17208
G1 X92.188 Y121.942 E203.20764
G1 X91.493 Y120.856 E203.25856
G1 X91.065 Y119.979 E203.2971
G1 X90.692 Y119.009 E203.33815
G1 X90.391 Y117.833 E203.3861
G1 X90.249 Y116.81 E203.42689
G1 X90.201 Y115.896 E203.46304
G1 X90.201 Y110.692 E203.66858
G1 X90.225 Y109.989 E203.69636
G1 X90.372 Y108.821 E203.74285
G1 X90.533 Y108.1 E203.77203
G1 X90.824 Y107.178 E203.81022
G1 X91.164 Y106.339 E203.84597
G1 X91.781 Y105.209 E203.89682
G1 X92.142 Y104.669 E203.92248
G1 X92.799 Y103.859 E203.96367
G1 X93.413 Y103.22 E203.99867
G1 X94.208 Y102.547 E204.03981
G1 X95.009 Y101.984 E204.07848
G1 X96.046 Y101.412 E204.12526
G1 X96.688 Y101.13 E204.15295
G1 X97.407 Y100.876 E204.18307
G1 X98.266 Y100.651 E204.21814
G1 X99.195 Y100.486 E204.25541
G1 X100.45 Y100.405 E204.30508
G1 X104.433 Y100.405 E204.4624
G1 X105.02 Y100.463 E204.48569
G1 X105.707 Y100.663 E204.51395
G1 X106.387 Y101.039 E204.54464
G1 X106.945 Y101.544 E204.57437
G1 X107.312 Y102.024 E204.59823
G1 X107.559 Y102.525 E204.62029
G1 X107.797 Y103.373 E204.65508
G1 X107.828 Y103.839 E204.67353
G1 X107.828 Y122.706 E205.41871
G1 X107.777 Y123.296 E205.4421
G1 X107.566 Y124.022 E205.47196
G1 X107.295 Y124.546 E205.49526
G1 X106.831 Y125.139 E205.525
G1 X106.362 Y125.527 E205.54904
G1 X105.587 Y125.935 E205.58363
G1 X104.997 Y126.091 E205.60773
M205 X12.5 Y12.5
G1 F2400 E203.60773
G0 F8250 X105.018 Y126.315
G0 X99.816 Y126.381
G0 X98.896 Y126.576
G1 F1200 E205.60773
G0 F8250 X99.196 Y127.206
M205 X14 Y14
;TYPE:WALL-OUTER
G1 F2250 X99.929 Y127.017 E205.63464
G1 X100.198 Y127.009 E205.64421
G1 X100.505 Y126.986 E205.65515
G1 X101.03 Y127.036 E205.6739
G1 F2255 X101.211 Y127.085 E205.68055
G1 X101.55 Y127.161 E205.69287
G1 F2250 X101.981 Y127.337 E205.70942
G1 X102.65 Y127.757 E205.7375
G1 X102.855 Y127.936 E205.74717
G1 X103.158 Y128.253 E205.76276
G1 X103.49 Y128.734 E205.78353
G1 X103.721 Y129.19 E205.80171
G1 X103.876 Y129.649 E205.81893
G1 X103.966 Y130.156 E205.83723
G1 X103.977 Y130.882 E205.86304
G1 X103.853 Y131.52 E205.88614
G1 X103.688 Y131.968 E205.90311
G1 X103.396 Y132.497 E205.92459
G1 X103.056 Y132.94 E205.94444
G1 X102.582 Y133.368 E205.96715
G1 X102.249 Y133.59 E205.98137
G1 X101.717 Y133.854 E206.00248
G1 X101.356 Y133.976 E206.01603
G1 X100.729 Y134.082 E206.03863
G1 X100.135 Y134.078 E206.05975
G1 X99.528 Y133.982 E206.08159
G1 X99.01 Y133.79 E206.10123
G1 X98.594 Y133.584 E206.11773
G1 X98.269 Y133.356 E206.13184
G1 X97.835 Y132.967 E206.15256
G1 X97.594 Y132.68 E206.16588
G1 X97.392 Y132.37 E206.17903
G1 X97.14 Y131.89 E206.19831
G1 X97.001 Y131.47 E206.21403
G1 X96.884 Y130.814 E206.23772
G1 X96.883 Y130.306 E206.25578
G1 X96.936 Y129.903 E206.27022
G1 X97.064 Y129.402 E206.28861
G1 X97.304 Y128.846 E206.31013
G1 X97.695 Y128.245 E206.33562
G1 X98.162 Y127.806 E206.3584
G1 X98.58 Y127.504 E206.37673
G1 X99.196 Y127.206 E206.40106
M205 X12.5 Y12.5
G0 F8250 X99.389 Y127.156
G1 F2400 E204.40106
G0 F8250 X99.212 Y126.476
G0 X100.467 Y126.312
G0 X104.425 Y126.312
G0 X105.178 Y126.209
G0 X105.63 Y126.097
G0 X106.458 Y125.661
G0 X106.946 Y125.254
G0 X107.437 Y124.637
G0 X107.721 Y124.078
G0 X107.937 Y123.328
G0 X107.991 Y122.745
G0 X107.956 Y103.314
G0 X107.724 Y102.485
G0 X107.442 Y101.924
G0 X107.064 Y101.431
G0 X106.484 Y100.905
G0 X105.905 Y100.586
G0 X104.983 Y100.234
G1 F1200 E206.40106
G0 F8250 X104.915 Y100.93
M205 X14 Y14
G1 F2250 X105.517 Y101.103 E206.42332
G1 X106.102 Y101.425 E206.44706
G1 X106.606 Y101.883 E206.47127
G1 X106.889 Y102.25 E206.48774
G1 X107.126 Y102.722 E206.50652
G1 X107.325 Y103.455 E206.53352
G1 X107.353 Y103.839 E206.5472
G1 X107.352 Y122.727 E207.21861
G1 X107.306 Y123.211 E207.23589
G1 X107.13 Y123.821 E207.25846
G1 X106.881 Y124.309 E207.27793
G1 X106.487 Y124.806 E207.30048
G1 X106.099 Y125.126 E207.31836
G1 X105.395 Y125.496 E207.34663
G1 X105.02 Y125.589 E207.36036
G1 X104.941 Y125.615 E207.36332
G1 X104.4 Y125.673 E207.38266
G1 X100.479 Y125.673 E207.52204
G1 X99.24 Y125.594 E207.56617
G1 X98.27 Y125.416 E207.60122
G1 X97.222 Y125.111 E207.64002
G1 X96.319 Y124.746 E207.67465
G1 X95.232 Y124.149 E207.71873
G1 X94.467 Y123.605 E207.7521
G1 X93.753 Y123.003 E207.78529
G1 X93.123 Y122.345 E207.81768
G1 X92.558 Y121.644 E207.84968
G1 X91.882 Y120.578 E207.89455
G1 X91.486 Y119.756 E207.92698
G1 X91.152 Y118.891 E207.95994
G1 X90.846 Y117.69 E208.004
G1 X90.724 Y116.785 E208.03646
G1 X90.676 Y115.871 E208.069
G1 X90.676 Y110.692 E208.25309
G1 X90.696 Y110.048 E208.276
G1 X90.843 Y108.88 E208.31784
G1 X91.001 Y108.187 E208.34311
G1 X91.283 Y107.307 E208.37596
G1 X91.615 Y106.495 E208.40714
G1 X92.208 Y105.42 E208.45078
G1 X92.536 Y104.935 E208.47159
G1 X93.141 Y104.189 E208.50573
G1 X93.772 Y103.534 E208.53806
G1 X94.483 Y102.934 E208.57113
G1 X95.217 Y102.413 E208.60313
G1 X96.246 Y101.843 E208.64495
G1 X96.863 Y101.571 E208.66891
G1 X97.527 Y101.336 E208.69395
G1 X98.404 Y101.107 E208.72617
G1 X99.252 Y100.958 E208.75678
G1 X100.48 Y100.879 E208.80052
G1 X104.406 Y100.88 E208.94008
G1 X104.915 Y100.93 E208.95826
M205 X12.5 Y12.5
G0 F8250 X105.107 Y100.985
G1 F2400 E206.95826
G0 F8250 X105.301 Y100.312
G0 X106.484 Y100.905
G0 X107.064 Y101.431
G0 X107.442 Y101.924
G0 X107.724 Y102.485
G0 X108.556 Y105.646
G0 X107.894 Y124.928
G0 X104.244 Y126.859
G0 X103.493 Y126.886
G0 X105.141 Y131.105
G0 X102.779 Y134.651
G0 X101.543 Y135.311
G0 X101.844 Y135.441
G0 X102.978 Y135.495
G0 X124.464 Y135.459
G0 X126.602 Y135.216
M205 X14 Y14
;TYPE:WALL-INNER
G1 F1200 E208.95826
G1 F2700 X126.602 Y84.59 E210.9578
G1 X125.918 Y84.589 E210.98482
G1 X125.493 Y84.511 E211.00188
G1 X125.356 Y84.458 E211.00768
G1 X124.958 Y84.384 E211.02367
G1 X124.31 Y84.312 E211.04943
G1 X123.832 Y84.295 E211.06832
G1 X101.721 Y84.296 E211.94162
G1 F2454.5 X101.224 Y84.346 E211.96332
G1 F2268.9 X100.955 Y84.341 E211.97597
G1 F2307.7 X100.686 Y84.336 E211.9884
G1 F2347.8 X100.417 Y84.33 E212.00062
G1 X100.167 Y84.334 E212.01198
G1 F2311.6 X99.917 Y84.338 E212.02351
G1 F2280.4 X99.667 Y84.343 E212.03521
G1 F2315.6 X99.538 Y84.33 E212.04118
G1 F2450.1 X99.211 Y84.313 E212.05543
G1 F2611.2 X98.884 Y84.296 E212.0688
G1 F2700 X94.391 Y84.295 E212.24626
G1 X93.715 Y84.335 E212.27301
G1 X92.826 Y84.493 E212.30867
G1 X91.829 Y84.825 E212.35017
G1 X91.224 Y85.132 E212.37697
G1 X90.507 Y85.606 E212.41092
G1 X90.014 Y86.02 E212.43634
G1 X89.419 Y86.658 E212.4708
G1 X89.178 Y86.975 E212.48653
G1 X88.829 Y87.534 E212.51255
G1 X88.512 Y88.171 E212.54066
G1 X88.238 Y88.951 E212.57331
G1 X88.147 Y89.318 E212.58824
G1 X88.055 Y89.851 E212.60961
G1 X88.002 Y90.628 E212.64037
G1 X88.001 Y129.309 E214.16813
G1 X88.061 Y130.19 E214.203
G1 X88.24 Y131.056 E214.23793
G1 X88.455 Y131.677 E214.26389
G1 X89.156 Y132.989 E214.32264
G1 X89.568 Y133.512 E214.34894
G1 X90.009 Y133.974 E214.37416
G1 X90.711 Y134.546 E214.40993
G1 X91.275 Y134.896 E214.43614
G1 X92.023 Y135.252 E214.46886
G1 X92.682 Y135.47 E214.49628
G1 X93.95 Y135.687 E214.54709
G1 X94.381 Y135.704 E214.56412
G1 X98.503 Y135.705 E214.72693
G1 F2611.2 X98.989 Y135.687 E214.74679
G1 F2315.6 X99.317 Y135.638 E214.76206
G1 F2170.4 X99.597 Y135.648 E214.77583
G1 F2238.8 X99.877 Y135.658 E214.78917
G1 F2311.6 X100.157 Y135.668 E214.8021
G1 F2331.6 X100.947 Y135.664 E214.83823
G1 F2265.1 X101.265 Y135.65 E214.85322
G1 F2170.4 X101.583 Y135.636 E214.86886
G1 F2272.7 X101.852 Y135.679 E214.88164
G1 F2566.5 X102.195 Y135.704 E214.89593
G1 F2700 X124.03 Y135.701 E215.75833
G1 X124.431 Y135.675 E215.7742
G1 X124.994 Y135.609 E215.79659
G1 X125.428 Y135.529 E215.81402
G1 X125.896 Y135.509 E215.83252
G1 X126.602 Y135.216 E215.86271
M205 X12.5 Y12.5
G1 F2400 E213.86271
G0 F8250 X126.9 Y84.36
G1 F1200 E215.86271
G0 F8250 X127.102 Y84.2
M205 X14 Y14
G1 F2700 X126.594 Y84.09 E215.88324
G1 X125.918 Y84.089 E215.90994
G1 X125.671 Y84.044 E215.91986
G1 X125.495 Y83.975 E215.92733
G1 X125.031 Y83.889 E215.94596
G1 X124.346 Y83.813 E215.97319
G1 X123.84 Y83.795 E215.99318
G1 X94.376 Y83.795 E217.15691
G1 X93.656 Y83.838 E217.18539
G1 X92.703 Y84.007 E217.22362
G1 X91.635 Y84.362 E217.26807
G1 X90.972 Y84.7 E217.29747
G1 X90.208 Y85.205 E217.33364
G1 X89.669 Y85.656 E217.36139
G1 X89.036 Y86.336 E217.39809
G1 X88.766 Y86.691 E217.4157
G1 X88.392 Y87.29 E217.44359
G1 X88.05 Y87.976 E217.47387
G1 X87.758 Y88.808 E217.5087
G1 X87.657 Y89.216 E217.5253
G1 X87.558 Y89.792 E217.54838
G1 X87.502 Y90.611 E217.5808
G1 X87.501 Y129.326 E219.10991
G1 X87.565 Y130.258 E219.1468
G1 X87.757 Y131.189 E219.18435
G1 X87.995 Y131.877 E219.2131
G1 X88.736 Y133.263 E219.27518
G1 X89.189 Y133.84 E219.30415
G1 X89.669 Y134.342 E219.33158
G1 X90.42 Y134.954 E219.36985
G1 X91.035 Y135.335 E219.39842
G1 X91.836 Y135.717 E219.43347
G1 X92.561 Y135.956 E219.46362
G1 X93.898 Y136.186 E219.5172
G1 X94.371 Y136.204 E219.5359
G1 X124.042 Y136.201 E220.7078
G1 X124.477 Y136.173 E220.72501
G1 X125.069 Y136.104 E220.74855
G1 X125.579 Y136.009 E220.76904
G1 X125.995 Y136.009 E220.78547
G1 X127.102 Y135.55 E220.83281
G1 X127.102 Y84.2 E222.86095
M205 X12.5 Y12.5
G0 F8250 X127.577 Y83.82
M205 X14 Y14
;TYPE:WALL-OUTER
G1 F2250 X126.646 Y83.615 E222.89483
G1 X125.919 Y83.614 E222.92068
G1 X125.626 Y83.516 E222.93166
G1 X125.101 Y83.418 E222.95064
G1 X124.38 Y83.339 E222.97643
G1 X123.849 Y83.32 E222.99531
G1 X94.362 Y83.32 E224.04348
G1 X93.601 Y83.365 E224.07058
G1 X92.586 Y83.545 E224.10722
G1 X91.452 Y83.923 E224.14971
G1 X90.733 Y84.288 E224.17837
G1 X89.923 Y84.823 E224.21288
G1 X89.342 Y85.311 E224.23985
G1 X88.672 Y86.03 E224.27479
G1 X88.375 Y86.421 E224.29224
G1 X87.977 Y87.058 E224.31894
G1 X87.612 Y87.791 E224.34805
G1 X87.302 Y88.672 E224.38125
G1 X87.192 Y89.119 E224.39761
G1 X87.086 Y89.735 E224.41983
G1 X87.027 Y90.595 E224.45047
G1 X87.026 Y129.343 E225.82784
G1 X87.093 Y130.323 E225.86275
G1 X87.298 Y131.315 E225.89876
G1 X87.558 Y132.068 E225.92708
G1 X88.337 Y133.524 E225.98578
G1 X88.83 Y134.151 E226.01413
G1 X89.346 Y134.692 E226.04071
G1 X90.144 Y135.342 E226.07729
G1 X90.807 Y135.753 E226.10502
G1 X91.659 Y136.158 E226.13855
G1 X92.445 Y136.419 E226.16799
G1 X93.848 Y136.659 E226.21859
G1 X94.362 Y136.679 E226.23687
G1 X124.047 Y136.679 E227.29208
G1 X124.521 Y136.646 E227.30897
G1 X125.14 Y136.574 E227.33112
G1 X125.606 Y136.487 E227.34797
G1 X126.09 Y136.484 E227.36518
G1 X127.572 Y135.866 E227.42226
G1 X127.577 Y83.82 E229.27232
M205 X12.5 Y12.5
G0 F8250 X127.382 Y83.777
G0 X126.9 Y84.36
G0 X99.64 Y84.534
G0 X99.617 Y84.645
M205 X14 Y14
;TYPE:SKIN
G1 F2100 X98.881 Y84.57 E229.28869
G1 X94.4 Y84.569 E229.3878
G1 X93.748 Y84.608 E229.40224
G1 X92.907 Y84.756 E229.42113
G1 X91.929 Y85.078 E229.4439
G1 X91.361 Y85.371 E229.45804
G1 X90.67 Y85.826 E229.47634
G1 X90.203 Y86.219 E229.48984
G1 X89.627 Y86.837 E229.50852
G1 X89.404 Y87.13 E229.51667
G1 X89.069 Y87.667 E229.53067
G1 X88.764 Y88.281 E229.54583
G1 X88.502 Y89.028 E229.56334
G1 X88.415 Y89.373 E229.57121
G1 X88.328 Y89.885 E229.5827
G1 X88.275 Y90.638 E229.59939
G1 X88.274 Y129.299 E230.4545
G1 X88.285 Y129.456 E230.45798
G1 X88.333 Y130.151 E230.47339
G1 X88.506 Y130.984 E230.4922
G1 X88.706 Y131.565 E230.50579
G1 X89.386 Y132.836 E230.53768
G1 X89.774 Y133.331 E230.55159
G1 X90.195 Y133.771 E230.56506
G1 X90.871 Y134.322 E230.58435
G1 X91.406 Y134.655 E230.59828
G1 X92.123 Y134.997 E230.61585
G1 X92.748 Y135.204 E230.63042
G1 X93.981 Y135.415 E230.65808
G1 X94.387 Y135.43 E230.66707
G1 X98.5 Y135.432 E230.75804
G1 X98.969 Y135.398 E230.76844
G1 X99.261 Y135.313 E230.77517
G1 X99.026 Y135.169 E230.78126
G1 X98.46 Y134.911 E230.79502
G1 X97.968 Y134.668 E230.80716
G1 X97.5 Y134.344 E230.81975
G1 X96.941 Y133.845 E230.83632
G1 X96.58 Y133.413 E230.84877
G1 X96.335 Y133.036 E230.85872
G1 X95.969 Y132.34 E230.87611
G1 X95.783 Y131.756 E230.88967
G1 X95.635 Y130.917 E230.90851
G1 X95.636 Y130.242 E230.92344
G1 X95.711 Y129.647 E230.93671
G1 X95.874 Y129.008 E230.95129
G1 X96.192 Y128.265 E230.96917
G1 X96.626 Y127.596 E230.98681
G1 X96.864 Y127.311 E230.99502
G1 X97.367 Y126.839 E231.01027
G1 X97.747 Y126.565 E231.02064
G1 X96.808 Y126.291 E231.04227
G1 X95.759 Y125.867 E231.0673
G1 X94.568 Y125.205 E231.09743
G1 X93.758 Y124.634 E231.11935
G1 X92.889 Y123.908 E231.1444
G1 X92.23 Y123.219 E231.16549
G1 X91.533 Y122.362 E231.18992
G1 X90.793 Y121.196 E231.22047
G1 X90.364 Y120.304 E231.24236
G1 X89.959 Y119.271 E231.2669
G1 X89.616 Y117.904 E231.29807
G1 X89.477 Y116.85 E231.32159
G1 X89.429 Y115.931 E231.34194
G1 X89.428 Y110.647 E231.45881
G1 X89.449 Y109.962 E231.47397
G1 X89.615 Y108.639 E231.50346
G1 X89.78 Y107.922 E231.51973
G1 X90.086 Y106.952 E231.54223
G1 X90.469 Y105.988 E231.56517
G1 X91.105 Y104.83 E231.59439
G1 X91.505 Y104.23 E231.61034
G1 X92.241 Y103.322 E231.6362
G1 X92.909 Y102.629 E231.65749
G1 X93.667 Y101.988 E231.67944
G1 X94.573 Y101.34 E231.70408
G1 X95.714 Y100.714 E231.73286
G1 X96.453 Y100.393 E231.75068
G1 X97.146 Y100.146 E231.76696
G1 X98.149 Y99.883 E231.78989
G1 X99.09 Y99.717 E231.81103
G1 X100.41 Y99.632 E231.84028
G1 X104.47 Y99.631 E231.93008
G1 X105.205 Y99.707 E231.94642
G1 X106.018 Y99.954 E231.96522
G1 X106.811 Y100.389 E231.98522
G1 X107.518 Y101.02 E232.00618
G1 X107.954 Y101.587 E232.022
G1 X108.287 Y102.25 E232.03841
G1 X108.562 Y103.236 E232.06105
G1 X108.601 Y103.83 E232.07422
G1 X108.601 Y122.792 E232.49362
G1 X108.535 Y123.427 E232.50774
G1 X108.278 Y124.325 E232.5284
G1 X107.949 Y124.973 E232.54447
G1 X107.345 Y125.718 E232.56569
G1 X106.9 Y126.085 E232.57845
G1 X106.669 Y126.239 E232.58459
G1 X105.832 Y126.671 E232.60542
G1 X105.142 Y126.854 E232.62121
G1 X104.507 Y126.918 E232.63532
G1 X103.608 Y126.922 E232.65521
G1 X104.116 Y127.452 E232.67145
G1 X104.554 Y128.069 E232.68818
G1 X104.875 Y128.715 E232.70414
G1 X105.092 Y129.34 E232.71877
G1 X105.206 Y130.001 E232.73361
G1 X105.228 Y130.809 E232.75148
G1 X105.201 Y131.122 E232.75843
G1 X105.063 Y131.85 E232.77482
G1 X104.813 Y132.522 E232.79068
G1 X104.421 Y133.22 E232.80839
G1 X104.079 Y133.665 E232.8208
G1 X103.889 Y133.869 E232.82697
G1 X103.353 Y134.357 E232.843
G1 X102.891 Y134.666 E232.85529
G1 X102.299 Y134.959 E232.8699
G1 X102.118 Y135.037 E232.87426
G1 X101.615 Y135.307 E232.88689
G1 X101.864 Y135.379 E232.89262
G1 X102.199 Y135.431 E232.90012
G1 X123.989 Y135.432 E233.38207
G1 X124.404 Y135.403 E233.39127
G1 X124.952 Y135.339 E233.40347
G1 X125.383 Y135.26 E233.41317
G1 X125.648 Y135.236 E233.41905
G1 X125.841 Y135.236 E233.42332
G1 X126.329 Y135.034 E233.435
G1 X126.329 Y84.862 E234.54471
G1 X125.903 Y84.86 E234.55413
G1 X125.384 Y84.763 E234.56581
G1 X125.283 Y84.723 E234.56821
G1 X124.919 Y84.654 E234.5764
G1 X124.289 Y84.585 E234.59042
G1 X123.826 Y84.568 E234.60067
G1 X101.727 Y84.569 E235.08945
G1 X101.3 Y84.655 E235.09909
G1 X101.696 Y84.829 E235.10866
G1 X101.927 Y84.897 E235.11398
G1 X102.383 Y85.077 E235.12482
G1 X103.026 Y85.432 E235.14107
G1 X103.33 Y85.643 E235.14925
G1 X103.982 Y86.225 E235.16858
G1 X104.225 Y86.502 E235.17674
G1 X104.564 Y87.016 E235.19035
G1 X104.761 Y87.372 E235.19935
G1 X105.051 Y88.119 E235.21708
G1 X105.2 Y88.872 E235.23405
G1 X105.225 Y89.13 E235.23979
G1 X105.224 Y89.889 E235.25657
G1 X105.067 Y90.754 E235.27602
G1 X104.822 Y91.413 E235.29157
G1 X104.496 Y92.032 E235.30704
G1 X103.895 Y92.785 E235.32835
G1 X103.166 Y93.418 E235.34971
G1 X102.577 Y93.765 E235.36483
G1 X102.034 Y93.992 E235.37784
G1 X101.244 Y94.2 E235.39591
G1 X100.424 Y94.274 E235.41412
G1 X99.714 Y94.212 E235.42989
G1 X99.173 Y94.108 E235.44207
G1 X98.511 Y93.858 E235.45772
G1 X97.956 Y93.582 E235.47143
G1 X97.371 Y93.161 E235.48737
G1 X96.934 Y92.771 E235.50033
G1 X96.554 Y92.29 E235.51389
G1 X96.267 Y91.865 E235.52523
G1 X95.959 Y91.218 E235.54108
G1 X95.71 Y90.42 E235.55957
G1 X95.648 Y89.836 E235.57256
G1 X95.635 Y89.113 E235.58855
G1 X95.718 Y88.553 E235.60107
G1 X95.876 Y87.929 E235.61531
G1 X96.194 Y87.185 E235.63321
G1 X96.638 Y86.504 E235.65119
G1 X96.868 Y86.232 E235.65907
G1 X97.384 Y85.752 E235.67465
G1 X97.841 Y85.42 E235.68715
G1 X98.071 Y85.283 E235.69307
G1 X98.67 Y84.999 E235.70773
G1 X99.617 Y84.645 E235.73009
M205 X12.5 Y12.5
G0 F8250 X99.64 Y84.534
G0 X124.378 Y84.532
G0 X126 Y84.739
G0 X126 Y85
M205 X14 Y14
G1 F2100 X126 Y135.019 E236.83641
M205 X12.5 Y12.5
G0 F8250 X125.72 Y135.097
M205 X14 Y14
G1 F2100 X125.72 Y84.97 E237.94512
M205 X12.5 Y12.5
G0 F8250 X125.44 Y84.919
M205 X14 Y14
G1 F2100 X125.44 Y135.114 E239.05533
M205 X12.5 Y12.5
G0 F8250 X125.16 Y135.159
M205 X14 Y14
G1 F2100 X125.16 Y84.843 E240.16822
M205 X12.5 Y12.5
G0 F8250 X124.88 Y84.792
M205 X14 Y14
G1 F2100 X124.88 Y135.207 E241.2833
M205 X12.5 Y12.5
G0 F8250 X124.6 Y135.24
M205 X14 Y14
G1 F2100 X124.6 Y84.761 E242.39979
M205 X12.5 Y12.5
G0 F8250 X124.32 Y84.73
M205 X14 Y14
G1 F2100 X124.32 Y135.269 E243.51762
M205 X12.5 Y12.5
G0 F8250 X124.04 Y135.288
M205 X14 Y14
G1 F2100 X124.04 Y84.717 E244.63614
M205 X12.5 Y12.5
G0 F8250 X123.76 Y84.708
M205 X14 Y14
G1 F2100 X123.76 Y135.291 E245.75494
M205 X12.5 Y12.5
G0 F8250 X123.48 Y135.291
M205 X14 Y14
G1 F2100 X123.48 Y84.708 E246.87373
M205 X12.5 Y12.5
G0 F8250 X123.2 Y84.708
M205 X14 Y14
G1 F2100 X123.2 Y135.291 E247.99253
M205 X12.5 Y12.5
G0 F8250 X122.92 Y135.291
M205 X14 Y14
G1 F2100 X122.92 Y84.708 E249.11132
M205 X12.5 Y12.5
G0 F8250 X122.64 Y84.708
M205 X14 Y14
G1 F2100 X122.64 Y135.291 E250.23012
M205 X12.5 Y12.5
G0 F8250 X122.36 Y135.291
M205 X14 Y14
G1 F2100 X122.36 Y84.708 E251.34891
M205 X12.5 Y12.5
G0 F8250 X122.08 Y84.708
M205 X14 Y14
G1 F2100 X122.08 Y135.291 E252.4677
M205 X12.5 Y12.5
G0 F8250 X121.8 Y135.291
M205 X14 Y14
G1 F2100 X121.8 Y84.708 E253.5865
M205 X12.5 Y12.5
G0 F8250 X121.52 Y84.708
M205 X14 Y14
G1 F2100 X121.52 Y135.291 E254.70529
M205 X12.5 Y12.5
G0 F8250 X121.24 Y135.291
M205 X14 Y14
G1 F2100 X121.24 Y84.708 E255.82409
M205 X12.5 Y12.5
G0 F8250 X120.96 Y84.708
M205 X14 Y14
G1 F2100 X120.96 Y135.291 E256.94288
M205 X12.5 Y12.5
G0 F8250 X120.68 Y135.291
M205 X14 Y14
G1 F2100 X120.68 Y84.708 E258.06168
M205 X12.5 Y12.5
G0 F8250 X120.4 Y84.708
M205 X14 Y14
G1 F2100 X120.4 Y135.291 E259.18047
M205 X12.5 Y12.5
G0 F8250 X120.12 Y135.291
M205 X14 Y14
G1 F2100 X120.12 Y84.708 E260.29926
M205 X12.5 Y12.5
G0 F8250 X119.84 Y84.708
M205 X14 Y14
G1 F2100 X119.84 Y135.291 E261.41806
M205 X12.5 Y12.5
G0 F8250 X119.56 Y135.291
M205 X14 Y14
G1 F2100 X119.56 Y84.708 E262.53685
M205 X12.5 Y12.5
G0 F8250 X119.28 Y84.708
M205 X14 Y14
G1 F2100 X119.28 Y135.291 E263.65565
M205 X12.5 Y12.5
G0 F8250 X119 Y135.291
M205 X14 Y14
G1 F2100 X119 Y84.708 E264.77444
M205 X12.5 Y12.5
G0 F8250 X118.72 Y84.708
M205 X14 Y14
G1 F2100 X118.72 Y135.291 E265.89324
M205 X12.5 Y12.5
G0 F8250 X118.44 Y135.291
M205 X14 Y14
G1 F2100 X118.44 Y84.708 E267.01203
M205 X12.5 Y12.5
G0 F8250 X118.16 Y84.708
M205 X14 Y14
G1 F2100 X118.16 Y135.291 E268.13082
M205 X12.5 Y12.5
G0 F8250 X117.88 Y135.291
M205 X14 Y14
G1 F2100 X117.88 Y84.708 E269.24962
M205 X12.5 Y12.5
G0 F8250 X117.6 Y84.708
M205 X14 Y14
G1 F2100 X117.6 Y135.291 E270.36841
M205 X12.5 Y12.5
G0 F8250 X117.32 Y135.291
M205 X14 Y14
G1 F2100 X117.32 Y84.708 E271.48721
M205 X12.5 Y12.5
G0 F8250 X117.04 Y84.708
M205 X14 Y14
G1 F2100 X117.04 Y135.291 E272.606
M205 X12.5 Y12.5
G0 F8250 X116.76 Y135.291
M205 X14 Y14
G1 F2100 X116.76 Y84.708 E273.7248
M205 X12.5 Y12.5
G0 F8250 X116.48 Y84.708
M205 X14 Y14
G1 F2100 X116.48 Y135.291 E274.84359
M205 X12.5 Y12.5
G0 F8250 X116.2 Y135.291
M205 X14 Y14
G1 F2100 X116.2 Y84.708 E275.96238
M205 X12.5 Y12.5
G0 F8250 X115.92 Y84.708
M205 X14 Y14
G1 F2100 X115.92 Y135.291 E277.08118
M205 X12.5 Y12.5
G0 F8250 X115.64 Y135.291
M205 X14 Y14
G1 F2100 X115.64 Y84.708 E278.19997
M205 X12.5 Y12.5
G0 F8250 X115.36 Y84.708
M205 X14 Y14
G1 F2100 X115.36 Y135.291 E279.31877
M205 X12.5 Y12.5
G0 F8250 X115.08 Y135.291
M205 X14 Y14
G1 F2100 X115.08 Y84.708 E280.43756
M205 X12.5 Y12.5
G0 F8250 X114.8 Y84.708
M205 X14 Y14
G1 F2100 X114.8 Y135.291 E281.55636
M205 X12.5 Y12.5
G0 F8250 X114.52 Y135.291
M205 X14 Y14
G1 F2100 X114.52 Y84.708 E282.67515
M205 X12.5 Y12.5
G0 F8250 X114.24 Y84.708
M205 X14 Y14
G1 F2100 X114.24 Y135.291 E283.79394
M205 X12.5 Y12.5
G0 F8250 X113.96 Y135.291
M205 X14 Y14
G1 F2100 X113.96 Y84.708 E284.91274
M205 X12.5 Y12.5
G0 F8250 X113.68 Y84.708
M205 X14 Y14
G1 F2100 X113.68 Y135.291 E286.03153
M205 X12.5 Y12.5
G0 F8250 X113.4 Y135.291
M205 X14 Y14
G1 F2100 X113.4 Y84.708 E287.15033
M205 X12.5 Y12.5
G0 F8250 X113.12 Y84.708
M205 X14 Y14
G1 F2100 X113.12 Y135.291 E288.26912
M205 X12.5 Y12.5
G0 F8250 X112.84 Y135.29
M205 X14 Y14
G1 F2100 X112.84 Y84.708 E289.38789
M205 X12.5 Y12.5
G0 F8250 X112.56 Y84.708
M205 X14 Y14
G1 F2100 X112.56 Y135.29 E290.50667
M205 X12.5 Y12.5
G0 F8250 X112.28 Y135.29
M205 X14 Y14
G1 F2100 X112.28 Y84.708 E291.62544
M205 X12.5 Y12.5
G0 F8250 X112 Y84.708
M205 X14 Y14
G1 F2100 X112 Y135.29 E292.74421
M205 X12.5 Y12.5
G0 F8250 X111.72 Y135.29
M205 X14 Y14
G1 F2100 X111.72 Y84.708 E293.86298
M205 X12.5 Y12.5
G0 F8250 X111.44 Y84.708
M205 X14 Y14
G1 F2100 X111.44 Y135.29 E294.98175
M205 X12.5 Y12.5
G0 F8250 X111.16 Y135.29
M205 X14 Y14
G1 F2100 X111.16 Y84.708 E296.10053
M205 X12.5 Y12.5
G0 F8250 X110.88 Y84.708
M205 X14 Y14
G1 F2100 X110.88 Y135.29 E297.2193
M205 X12.5 Y12.5
G0 F8250 X110.6 Y135.29
M205 X14 Y14
G1 F2100 X110.6 Y84.708 E298.33807
M205 X12.5 Y12.5
G0 F8250 X110.32 Y84.708
M205 X14 Y14
G1 F2100 X110.32 Y135.29 E299.45684
M205 X12.5 Y12.5
G0 F8250 X110.04 Y135.29
M205 X14 Y14
G1 F2100 X110.04 Y84.708 E300.57561
M205 X12.5 Y12.5
G0 F8250 X109.76 Y84.708
M205 X14 Y14
G1 F2100 X109.76 Y135.29 E301.69439
M205 X12.5 Y12.5
G0 F8250 X109.48 Y135.29
M205 X14 Y14
G1 F2100 X109.48 Y84.708 E302.81316
M205 X12.5 Y12.5
G0 F8250 X109.2 Y84.708
M205 X14 Y14
G1 F2100 X109.2 Y135.29 E303.93193
M205 X12.5 Y12.5
G0 F8250 X108.92 Y135.29
M205 X14 Y14
G1 F2100 X108.92 Y84.708 E305.0507
M205 X12.5 Y12.5
G1 F2400 E303.0507
G0 F8250 X108.92 Y84.445
G0 X124.378 Y84.532
G0 X126.38 Y84.811
G0 X126.385 Y135.071
G0 X125.853 Y135.298
G0 X123.829 Y135.494
G0 X102.192 Y135.493
G0 X101.573 Y135.36
G0 X104.964 Y131.932
G0 X104.076 Y127.504
G0 X103.493 Y126.886
G0 X106.684 Y125.783
G0 X108.389 Y123.511
G1 F1200 E305.0507
G0 F8250 X108.64 Y123.572
M205 X14 Y14
G1 F2100 X108.64 Y135.29 E305.30988
M205 X12.5 Y12.5
G0 F8250 X108.36 Y135.29
M205 X14 Y14
G1 F2100 X108.36 Y124.465 E305.54931
M205 X12.5 Y12.5
G0 F8250 X108.08 Y125.023
M205 X14 Y14
G1 F2100 X108.08 Y135.29 E305.77639
M205 X12.5 Y12.5
G0 F8250 X107.8 Y135.29
M205 X14 Y14
G1 F2100 X107.8 Y125.376 E305.99567
M205 X12.5 Y12.5
G0 F8250 X107.52 Y125.72
M205 X14 Y14
G1 F2100 X107.52 Y135.29 E306.20734
M205 X12.5 Y12.5
G0 F8250 X107.24 Y135.29
M205 X14 Y14
G1 F2100 X107.24 Y125.986 E306.41313
M205 X12.5 Y12.5
G0 F8250 X106.96 Y126.212
M205 X14 Y14
G1 F2100 X106.96 Y135.29 E306.61391
M205 X12.5 Y12.5
G0 F8250 X106.68 Y135.29
M205 X14 Y14
G1 F2100 X106.68 Y126.39 E306.81076
M205 X12.5 Y12.5
G0 F8250 X106.4 Y126.534
M205 X14 Y14
G1 F2100 X106.4 Y135.29 E307.00443
M205 X12.5 Y12.5
G0 F8250 X106.12 Y135.29
M205 X14 Y14
G1 F2100 X106.12 Y126.678 E307.19491
M205 X12.5 Y12.5
G0 F8250 X105.84 Y126.812
M205 X14 Y14
G1 F2100 X105.84 Y135.29 E307.38243
M205 X12.5 Y12.5
G0 F8250 X105.56 Y135.29
M205 X14 Y14
G1 F2100 X105.56 Y126.887 E307.56828
M205 X12.5 Y12.5
G0 F8250 X105.497 Y126.63
G0 X106.946 Y125.254
G0 X107.437 Y124.637
G0 X107.721 Y124.078
G0 X107.937 Y123.328
G0 X108.387 Y103.071
G0 X108.64 Y102.994
M205 X14 Y14
G1 F2100 X108.64 Y84.708 E307.97273
M205 X12.5 Y12.5
G0 F8250 X108.36 Y84.708
M205 X14 Y14
G1 F2100 X108.36 Y102.084 E308.35706
M205 X12.5 Y12.5
G0 F8250 X108.08 Y101.524
M205 X14 Y14
G1 F2100 X108.08 Y84.708 E308.72899
M205 X12.5 Y12.5
G0 F8250 X107.8 Y84.708
M205 X14 Y14
G1 F2100 X107.8 Y101.158 E309.09283
M205 X12.5 Y12.5
G0 F8250 X107.52 Y100.834
M205 X14 Y14
G1 F2100 X107.52 Y84.708 E309.44951
M205 X12.5 Y12.5
G0 F8250 X107.24 Y84.708
M205 X14 Y14
G1 F2100 X107.24 Y100.584 E309.80065
M205 X12.5 Y12.5
G0 F8250 X106.96 Y100.333
M205 X14 Y14
G1 F2100 X106.96 Y84.708 E310.14625
M205 X12.5 Y12.5
G0 F8250 X106.68 Y84.708
M205 X14 Y14
G1 F2100 X106.68 Y100.159 E310.48799
M205 X12.5 Y12.5
G0 F8250 X106.4 Y100.003
M205 X14 Y14
G1 F2100 X106.4 Y84.708 E310.82629
M205 X12.5 Y12.5
G0 F8250 X106.12 Y84.708
M205 X14 Y14
G1 F2100 X106.12 Y99.847 E311.16113
M205 X12.5 Y12.5
G0 F8250 X105.84 Y99.757
M205 X14 Y14
G1 F2100 X105.84 Y84.708 E311.49398
M205 X12.5 Y12.5
G0 F8250 X105.56 Y84.708
M205 X14 Y14
G1 F2100 X105.56 Y99.67 E311.82491
M205 X12.5 Y12.5
G0 F8250 X105.28 Y99.583
M205 X14 Y14
G1 F2100 X105.28 Y90.358 E312.02895
M205 X12.5 Y12.5
G0 F8250 X105.027 Y90.31
G0 X104.755 Y91.245
G0 X105 Y91.336
M205 X14 Y14
G1 F2100 X105 Y99.546 E312.21054
M205 X12.5 Y12.5
G0 F8250 X104.72 Y99.517
M205 X14 Y14
G1 F2100 X104.72 Y91.91 E312.37879
M205 X12.5 Y12.5
G0 F8250 X104.44 Y92.318
M205 X14 Y14
G1 F2100 X104.44 Y99.493 E312.53749
M205 X12.5 Y12.5
G0 F8250 X104.16 Y99.493
M205 X14 Y14
G1 F2100 X104.16 Y92.669 E312.68842
M205 X12.5 Y12.5
G0 F8250 X103.88 Y92.985
M205 X14 Y14
G1 F2100 X103.88 Y99.493 E312.83237
M205 X12.5 Y12.5
G0 F8250 X103.6 Y99.493
M205 X14 Y14
G1 F2100 X103.6 Y93.226 E312.97098
M205 X12.5 Y12.5
G0 F8250 X103.32 Y93.467
M205 X14 Y14
G1 F2100 X103.32 Y99.493 E313.10426
M205 X12.5 Y12.5
G0 F8250 X103.04 Y99.493
M205 X14 Y14
G1 F2100 X103.04 Y93.655 E313.23339
M205 X12.5 Y12.5
G0 F8250 X102.76 Y93.82
M205 X14 Y14
G1 F2100 X102.76 Y99.493 E313.35886
M205 X12.5 Y12.5
G0 F8250 X102.48 Y99.493
M205 X14 Y14
G1 F2100 X102.48 Y93.955 E313.48135
M205 X12.5 Y12.5
G0 F8250 X102.2 Y94.073
M205 X14 Y14
G1 F2100 X102.2 Y99.493 E313.60123
M205 X12.5 Y12.5
G0 F8250 X101.92 Y99.493
M205 X14 Y14
G1 F2100 X101.92 Y94.165 E313.71908
M205 X12.5 Y12.5
G0 F8250 X101.64 Y94.24
M205 X14 Y14
G1 F2100 X101.64 Y99.493 E313.83526
M205 X12.5 Y12.5
G0 F8250 X101.36 Y99.493
M205 X14 Y14
G1 F2100 X101.36 Y94.314 E313.94981
M205 X12.5 Y12.5
G0 F8250 X101.08 Y94.353
M205 X14 Y14
G1 F2100 X101.08 Y99.493 E314.0635
M205 X12.5 Y12.5
G0 F8250 X100.8 Y99.493
M205 X14 Y14
G1 F2100 X100.8 Y94.379 E314.17661
M205 X12.5 Y12.5
G0 F8250 X100.52 Y94.404
M205 X14 Y14
G1 F2100 X100.52 Y99.493 E314.28917
M205 X12.5 Y12.5
G0 F8250 X100.24 Y99.503
M205 X14 Y14
G1 F2100 X100.24 Y94.4 E314.40203
M205 X12.5 Y12.5
G0 F8250 X99.96 Y94.376
M205 X14 Y14
G1 F2100 X99.96 Y99.521 E314.51583
M205 X12.5 Y12.5
G0 F8250 X99.68 Y99.539
M205 X14 Y14
G1 F2100 X99.68 Y94.348 E314.63065
M205 X12.5 Y12.5
G0 F8250 X99.4 Y94.294
M205 X14 Y14
G1 F2100 X99.4 Y99.557 E314.74705
M205 X12.5 Y12.5
G0 F8250 X99.12 Y99.575
M205 X14 Y14
G1 F2100 X99.12 Y94.235 E314.86516
M205 X12.5 Y12.5
G0 F8250 X98.84 Y94.131
M205 X14 Y14
G1 F2100 X98.84 Y99.621 E314.98659
M205 X12.5 Y12.5
G0 F8250 X98.56 Y99.67
M205 X14 Y14
G1 F2100 X98.56 Y94.027 E315.1114
M205 X12.5 Y12.5
G0 F8250 X98.28 Y93.899
M205 X14 Y14
G1 F2100 X98.28 Y99.719 E315.24013
M205 X12.5 Y12.5
G0 F8250 X98 Y99.778
M205 X14 Y14
G1 F2100 X98 Y93.761 E315.37321
M205 X12.5 Y12.5
G0 F8250 X97.72 Y93.583
M205 X14 Y14
G1 F2100 X97.72 Y99.852 E315.51187
M205 X12.5 Y12.5
G0 F8250 X97.44 Y99.926
M205 X14 Y14
G1 F2100 X97.44 Y93.383 E315.65659
M205 X12.5 Y12.5
G0 F8250 X97.16 Y93.161
M205 X14 Y14
G1 F2100 X97.16 Y100 E315.80785
M205 X12.5 Y12.5
G0 F8250 X96.88 Y100.092
M205 X14 Y14
G1 F2100 X96.88 Y92.911 E315.96668
M205 X12.5 Y12.5
G0 F8250 X96.6 Y92.575
M205 X14 Y14
G1 F2100 X96.6 Y100.192 E316.13516
M205 X12.5 Y12.5
G0 F8250 X96.32 Y100.298
M205 X14 Y14
G1 F2100 X96.32 Y92.195 E316.31438
M205 X12.5 Y12.5
G0 F8250 X96.04 Y91.707
M205 X14 Y14
G1 F2100 X96.04 Y100.42 E316.50709
M205 X12.5 Y12.5
G0 F8250 X95.76 Y100.543
M205 X14 Y14
G1 F2100 X95.76 Y91.054 E316.71697
M205 X12.5 Y12.5
G1 F2400 E314.71697
G0 F8250 X96.011 Y90.977
G0 X96.311 Y87.122
G0 X99.706 Y84.637
G0 X98.886 Y84.507
G0 X93.74 Y84.545
G0 X92.702 Y84.757
G0 X91.626 Y85.165
G0 X90.494 Y85.893
G0 X89.58 Y86.794
G0 X88.937 Y87.793
G0 X88.499 Y88.843
G0 X88.265 Y89.877
G0 X88.213 Y92.288
G0 X88.249 Y129.855
G0 X88.444 Y130.999
G0 X88.785 Y131.848
G0 X89.333 Y132.872
G0 X90.152 Y133.819
G0 X91.004 Y134.48
G0 X92.102 Y135.057
G0 X92.929 Y135.299
G0 X94.385 Y135.493
G0 X98.996 Y135.458
G0 X99.356 Y135.327
G0 X95.888 Y131.879
G0 X96.683 Y127.626
G0 X97.84 Y126.549
G0 X92.2 Y123.088
G0 X89.539 Y116.847
G0 X90.186 Y106.858
G0 X94.666 Y101.361
G0 X98.448 Y100.449
G0 X99.175 Y100.323
G0 X100.467 Y100.24
G0 X104.425 Y100.24
G0 X105.043 Y100.3
G0 X105.768 Y100.51
G0 X106.484 Y100.905
G0 X107.064 Y101.431
G0 X107.442 Y101.924
G0 X107.724 Y102.485
G0 X107.956 Y103.314
G0 X107.991 Y122.745
G0 X107.937 Y123.328
G0 X107.721 Y124.078
G0 X107.437 Y124.637
G0 X107.041 Y125.136
G0 X105.208 Y126.707
G1 F1200 E316.71697
G0 F8250 X105.28 Y126.961
M205 X14 Y14
G1 F2100 X105.28 Y129.6 E316.77534
M205 X12.5 Y12.5
G0 F8250 X105 Y128.654
M205 X14 Y14
G1 F2100 X105 Y127.006 E316.81179
M205 X12.5 Y12.5
G0 F8250 X104.72 Y127.036
M205 X14 Y14
G1 F2100 X104.72 Y128.094 E316.83519
M205 X12.5 Y12.5
G0 F8250 X104.44 Y127.668
M205 X14 Y14
G1 F2100 X104.44 Y127.057 E316.8487
M205 X12.5 Y12.5
G0 F8250 X104.16 Y127.059
M205 X14 Y14
G1 F2100 X104.16 Y127.295 E316.85392
M205 X12.5 Y12.5
G0 F8250 X103.963 Y127.466
G0 X105.022 Y131.41
G0 X105.28 Y131.459
M205 X14 Y14
G1 F2100 X105.28 Y135.29 E316.93866
M205 X12.5 Y12.5
G0 F8250 X105 Y135.29
M205 X14 Y14
G1 F2100 X105 Y132.421 E317.00212
M205 X12.5 Y12.5
G0 F8250 X104.72 Y132.968
M205 X14 Y14
G1 F2100 X104.72 Y135.29 E317.05347
M205 X12.5 Y12.5
G0 F8250 X104.44 Y135.29
M205 X14 Y14
G1 F2100 X104.44 Y133.424 E317.09475
M205 X12.5 Y12.5
G0 F8250 X104.16 Y133.782
M205 X14 Y14
G1 F2100 X104.16 Y135.29 E317.1281
M205 X12.5 Y12.5
G0 F8250 X103.88 Y135.29
M205 X14 Y14
G1 F2100 X103.88 Y134.066 E317.15517
M205 X12.5 Y12.5
G0 F8250 X103.6 Y134.318
M205 X14 Y14
G1 F2100 X103.6 Y135.29 E317.17667
M205 X12.5 Y12.5
G0 F8250 X103.32 Y135.29
M205 X14 Y14
G1 F2100 X103.32 Y134.549 E317.19306
M205 X12.5 Y12.5
G0 F8250 X103.04 Y134.736
M205 X14 Y14
G1 F2100 X103.04 Y135.29 E317.20531
M205 X12.5 Y12.5
G0 F8250 X102.76 Y135.29
M205 X14 Y14
G1 F2100 X102.76 Y134.884 E317.21429
M205 X12.5 Y12.5
G0 F8250 X102.48 Y135.021
M205 X14 Y14
G1 F2100 X102.48 Y135.29 E317.22024
M205 X12.5 Y12.5
G0 F8250 X102.2 Y135.289
M205 X14 Y14
G1 F2100 X102.2 Y135.159 E317.22312
M205 X12.5 Y12.5
G1 F2400 E315.22312
G0 F8250 X102.096 Y134.912
G0 X103.584 Y133.306
G0 X103.925 Y132.861
G0 X104.265 Y132.249
G0 X104.476 Y131.675
G0 X104.621 Y130.915
G0 X104.603 Y130.087
G0 X104.502 Y129.511
G0 X104.312 Y128.941
G0 X104.034 Y128.394
G0 X102.639 Y126.313
G0 X104.425 Y126.312
G0 X105.178 Y126.209
G0 X105.63 Y126.097
G0 X106.458 Y125.661
G0 X106.946 Y125.254
G0 X107.437 Y124.637
G0 X107.721 Y124.078
G0 X107.937 Y123.328
G0 X107.991 Y122.745
G0 X107.956 Y103.314
G0 X107.724 Y102.485
G0 X107.442 Y101.924
G0 X107.064 Y101.431
G0 X106.484 Y100.905
G0 X104.274 Y99.694
G0 X95.668 Y100.808
G0 X91.158 Y104.867
G0 X89.49 Y110.647
G0 X90.426 Y120.289
G0 X94.71 Y125.215
G0 X97.84 Y126.549
G0 X95.697 Y130.253
G0 X97.617 Y134.348
G0 X99.056 Y135.114
G0 X99.356 Y135.327
G0 X98.996 Y135.458
G0 X93.972 Y135.477
G0 X92.502 Y135.189
G0 X91.376 Y134.711
G0 X90.491 Y134.096
G0 X89.727 Y133.374
G0 X89.19 Y132.604
G0 X88.553 Y131.317
G0 X88.27 Y130.161
G0 X88.212 Y129.302
G0 X88.231 Y90.387
G0 X88.398 Y89.184
G0 X88.806 Y88.052
G0 X89.475 Y86.934
G0 X90.314 Y86.043
G0 X91.483 Y85.237
G0 X92.115 Y84.952
G0 X93.063 Y84.665
G0 X94.341 Y84.509
G0 X98.886 Y84.507
G0 X99.706 Y84.637
G0 X96.06 Y87.654
G0 X96.532 Y92.153
G0 X100.562 Y94.201
G0 X104.107 Y92.128
G0 X105.023 Y88.612
G1 F1200 E317.22312
G0 F8250 X105.28 Y88.562
M205 X14 Y14
G1 F2100 X105.28 Y84.708 E317.30836
M205 X12.5 Y12.5
G0 F8250 X105 Y84.708
M205 X14 Y14
G1 F2100 X105 Y87.603 E317.37239
M205 X12.5 Y12.5
G0 F8250 X104.72 Y87.009
M205 X14 Y14
G1 F2100 X104.72 Y84.708 E317.42329
M205 X12.5 Y12.5
G0 F8250 X104.44 Y84.708
M205 X14 Y14
G1 F2100 X104.44 Y86.571 E317.46449
M205 X12.5 Y12.5
G0 F8250 X104.16 Y86.219
M205 X14 Y14
G1 F2100 X104.16 Y84.708 E317.49791
M205 X12.5 Y12.5
G0 F8250 X103.88 Y84.708
M205 X14 Y14
G1 F2100 X103.88 Y85.945 E317.52527
M205 X12.5 Y12.5
G0 F8250 X103.6 Y85.695
M205 X14 Y14
G1 F2100 X103.6 Y84.708 E317.5471
M205 X12.5 Y12.5
G0 F8250 X103.32 Y84.708
M205 X14 Y14
G1 F2100 X103.32 Y85.466 E317.56387
M205 X12.5 Y12.5
G0 F8250 X103.04 Y85.279
M205 X14 Y14
G1 F2100 X103.04 Y84.708 E317.5765
M205 X12.5 Y12.5
G0 F8250 X102.76 Y84.708
M205 X14 Y14
G1 F2100 X102.76 Y85.125 E317.58572
M205 X12.5 Y12.5
G0 F8250 X102.48 Y84.972
M205 X14 Y14
G1 F2100 X102.48 Y84.708 E317.59156
M205 X12.5 Y12.5
G0 F8250 X102.2 Y84.708
M205 X14 Y14
G1 F2100 X102.2 Y84.852 E317.59474
M205 X12.5 Y12.5
G0 F8250 X102.104 Y85.099
G0 X98.93 Y85.035
G0 X98.84 Y84.787
M205 X14 Y14
G1 F2100 X98.84 Y84.711 E317.59643
M205 X12.5 Y12.5
G0 F8250 X98.56 Y84.711
M205 X14 Y14
G1 F2100 X98.56 Y84.897 E317.60054
M205 X12.5 Y12.5
G0 F8250 X98.28 Y85.029
M205 X14 Y14
G1 F2100 X98.28 Y84.711 E317.60757
M205 X12.5 Y12.5
G0 F8250 X98 Y84.711
M205 X14 Y14
G1 F2100 X98 Y85.163 E317.61757
M205 X12.5 Y12.5
G0 F8250 X97.72 Y85.334
M205 X14 Y14
G1 F2100 X97.72 Y84.711 E317.63135
M205 X12.5 Y12.5
G0 F8250 X97.44 Y84.711
M205 X14 Y14
G1 F2100 X97.44 Y85.54 E317.64969
M205 X12.5 Y12.5
G0 F8250 X97.16 Y85.768
M205 X14 Y14
G1 F2100 X97.16 Y84.711 E317.67306
M205 X12.5 Y12.5
G0 F8250 X96.88 Y84.711
M205 X14 Y14
G1 F2100 X96.88 Y86.03 E317.70224
M205 X12.5 Y12.5
G0 F8250 X96.6 Y86.333
M205 X14 Y14
G1 F2100 X96.6 Y84.71 E317.73814
M205 X12.5 Y12.5
G0 F8250 X96.32 Y84.71
M205 X14 Y14
G1 F2100 X96.32 Y86.741 E317.78306
M205 X12.5 Y12.5
G0 F8250 X96.04 Y87.186
M205 X14 Y14
G1 F2100 X96.04 Y84.71 E317.83782
M205 X12.5 Y12.5
G0 F8250 X95.76 Y84.71
M205 X14 Y14
G1 F2100 X95.76 Y87.851 E317.90729
M205 X12.5 Y12.5
G1 F2400 E315.90729
G0 F8250 X96.007 Y87.944
G0 X98.946 Y84.964
G0 X99.706 Y84.637
G0 X98.886 Y84.507
G0 X93.74 Y84.545
G0 X92.702 Y84.757
G0 X91.626 Y85.165
G0 X90.494 Y85.893
G0 X89.58 Y86.794
G0 X88.937 Y87.793
G0 X88.499 Y88.843
G0 X88.265 Y89.877
G0 X88.213 Y92.288
G0 X88.249 Y129.855
G0 X88.444 Y130.999
G0 X88.785 Y131.848
G0 X89.333 Y132.872
G0 X90.152 Y133.819
G0 X91.004 Y134.48
G0 X92.102 Y135.057
G0 X92.929 Y135.299
G0 X94.385 Y135.493
G0 X98.996 Y135.458
G0 X99.356 Y135.327
G0 X98.673 Y134.87
G1 F1200 E317.90729
G0 F8250 X98.56 Y135.111
M205 X14 Y14
G1 F2100 X98.56 Y135.288 E317.91121
M205 X12.5 Y12.5
G0 F8250 X98.28 Y135.291
M205 X14 Y14
G1 F2100 X98.28 Y134.978 E317.91813
M205 X12.5 Y12.5
G0 F8250 X98 Y134.839
M205 X14 Y14
G1 F2100 X98 Y135.291 E317.92813
M205 X12.5 Y12.5
G0 F8250 X97.72 Y135.291
M205 X14 Y14
G1 F2100 X97.72 Y134.667 E317.94193
M205 X12.5 Y12.5
G0 F8250 X97.44 Y134.472
M205 X14 Y14
G1 F2100 X97.44 Y135.291 E317.96005
M205 X12.5 Y12.5
G0 F8250 X97.16 Y135.291
M205 X14 Y14
G1 F2100 X97.16 Y134.227 E317.98358
M205 X12.5 Y12.5
G0 F8250 X96.88 Y133.975
M205 X14 Y14
G1 F2100 X96.88 Y135.29 E318.01266
M205 X12.5 Y12.5
G0 F8250 X96.6 Y135.29
M205 X14 Y14
G1 F2100 X96.6 Y133.658 E318.04876
M205 X12.5 Y12.5
G0 F8250 X96.32 Y133.27
M205 X14 Y14
G1 F2100 X96.32 Y135.29 E318.09344
M205 X12.5 Y12.5
G0 F8250 X96.04 Y135.29
M205 X14 Y14
G1 F2100 X96.04 Y132.777 E318.14902
M205 X12.5 Y12.5
G0 F8250 X95.76 Y132.137
M205 X14 Y14
G1 F2100 X95.76 Y135.29 E318.21876
M205 X12.5 Y12.5
G0 F8250 X95.759 Y135.554
G0 X98.996 Y135.458
G0 X99.356 Y135.327
G0 X96.266 Y132.812
G0 X96.244 Y130.246
G0 X96.419 Y129.388
G0 X97.34 Y127.035
G0 X97.16 Y126.842
M205 X14 Y14
G1 F2100 X97.16 Y126.54 E318.22544
M205 X12.5 Y12.5
G0 F8250 X96.88 Y126.458
M205 X14 Y14
G1 F2100 X96.88 Y127.106 E318.23977
M205 X12.5 Y12.5
G0 F8250 X96.6 Y127.409
M205 X14 Y14
G1 F2100 X96.6 Y126.357 E318.26304
M205 X12.5 Y12.5
G0 F8250 X96.32 Y126.244
M205 X14 Y14
G1 F2100 X96.32 Y127.814 E318.29776
M205 X12.5 Y12.5
G0 F8250 X96.04 Y128.261
M205 X14 Y14
G1 F2100 X96.04 Y126.131 E318.34488
M205 X12.5 Y12.5
G0 F8250 X95.76 Y126.017
M205 X14 Y14
G1 F2100 X95.76 Y128.917 E318.40902
M205 X12.5 Y12.5
G1 F2400 E316.40902
G0 F8250 X96.009 Y129.011
G0 X97.84 Y126.549
G0 X94.891 Y124.691
G0 X94.083 Y124.118
G0 X93.326 Y123.479
G0 X92.651 Y122.776
G0 X92.03 Y122.007
G0 X91.33 Y120.903
G0 X90.902 Y120.019
G0 X90.545 Y119.092
G0 X90.22 Y117.824
G0 X90.088 Y116.855
G0 X90.037 Y115.881
G0 X90.058 Y110.008
G0 X90.217 Y108.747
G0 X90.682 Y107.082
G0 X91.033 Y106.229
G0 X91.657 Y105.096
G0 X92.655 Y103.774
G0 X95.605 Y100.911
G1 F1200 E318.40902
G0 F8250 X95.48 Y100.683
M205 X14 Y14
G1 F2100 X95.48 Y84.71 E318.76231
M205 X12.5 Y12.5
G0 F8250 X95.2 Y84.71
M205 X14 Y14
G1 F2100 X95.2 Y100.837 E319.11901
M205 X12.5 Y12.5
G0 F8250 X94.92 Y100.991
M205 X14 Y14
G1 F2100 X94.92 Y84.71 E319.47911
M205 X12.5 Y12.5
G0 F8250 X94.64 Y84.71
M205 X14 Y14
G1 F2100 X94.64 Y101.146 E319.84264
M205 X12.5 Y12.5
G0 F8250 X94.36 Y101.319
M205 X14 Y14
G1 F2100 X94.36 Y84.711 E320.20998
M205 X12.5 Y12.5
G0 F8250 X94.08 Y84.728
M205 X14 Y14
G1 F2100 X94.08 Y101.52 E320.58138
M205 X12.5 Y12.5
G0 F8250 X93.8 Y101.72
M205 X14 Y14
G1 F2100 X93.8 Y84.744 E320.95686
M205 X12.5 Y12.5
G0 F8250 X93.52 Y84.789
M205 X14 Y14
G1 F2100 X93.52 Y101.93 E321.33598
M205 X12.5 Y12.5
G0 F8250 X93.24 Y102.167
M205 X14 Y14
G1 F2100 X93.24 Y84.839 E321.71924
M205 X12.5 Y12.5
G0 F8250 X92.96 Y84.888
M205 X14 Y14
G1 F2100 X92.96 Y102.404 E322.10666
M205 X12.5 Y12.5
G0 F8250 X92.68 Y102.664
M205 X14 Y14
G1 F2100 X92.68 Y84.978 E322.49784
M205 X12.5 Y12.5
G0 F8250 X92.4 Y85.07
M205 X14 Y14
G1 F2100 X92.4 Y102.956 E322.89344
M205 X12.5 Y12.5
G0 F8250 X92.12 Y103.248
M205 X14 Y14
G1 F2100 X92.12 Y85.162 E323.29347
M205 X12.5 Y12.5
G0 F8250 X91.84 Y85.281
M205 X14 Y14
G1 F2100 X91.84 Y103.595 E323.69854
M205 X12.5 Y12.5
G0 F8250 X91.56 Y103.941
M205 X14 Y14
G1 F2100 X91.56 Y85.426 E324.10805
M205 X12.5 Y12.5
G0 F8250 X91.28 Y85.591
M205 X14 Y14
G1 F2100 X91.28 Y104.314 E324.52217
M205 X12.5 Y12.5
G0 F8250 X91 Y104.734
M205 X14 Y14
G1 F2100 X91 Y85.776 E324.94148
M205 X12.5 Y12.5
G0 F8250 X90.72 Y85.966
M205 X14 Y14
G1 F2100 X90.72 Y105.241 E325.3678
M205 X12.5 Y12.5
G0 F8250 X90.44 Y105.752
M205 X14 Y14
G1 F2100 X90.44 Y86.202 E325.80021
M205 X12.5 Y12.5
G0 F8250 X90.16 Y86.47
M205 X14 Y14
G1 F2100 X90.16 Y106.388 E326.24076
M205 X12.5 Y12.5
G0 F8250 X89.88 Y107.139
M205 X14 Y14
G1 F2100 X89.88 Y86.77 E326.69128
M205 X12.5 Y12.5
G0 F8250 X89.6 Y87.103
M205 X14 Y14
G1 F2100 X89.6 Y108.077 E327.15518
M205 X12.5 Y12.5
G0 F8250 X89.857 Y108.136
G0 X89.581 Y109.899
G0 X89.32 Y109.866
M205 X14 Y14
G1 F2100 X89.32 Y87.528 E327.64925
M205 X12.5 Y12.5
G1 F2400 E325.64925
G0 F8250 X89.098 Y87.388
G0 X88.44 Y89.012
G0 X88.253 Y90.066
G0 X88.212 Y110.013
G0 X88.249 Y129.855
G0 X88.444 Y130.999
G0 X88.785 Y131.848
G0 X89.333 Y132.872
G0 X90.152 Y133.819
G0 X91.004 Y134.48
G0 X92.102 Y135.057
G0 X92.929 Y135.299
G0 X94.385 Y135.493
G0 X98.996 Y135.458
G0 X99.356 Y135.327
G0 X95.888 Y131.879
G0 X96.683 Y127.626
G0 X97.84 Y126.549
G0 X95.608 Y125.642
G1 F1200 E327.64925
G0 F8250 X95.48 Y125.872
M205 X14 Y14
G1 F2100 X95.48 Y135.289 E327.85754
M205 X12.5 Y12.5
G0 F8250 X95.2 Y135.289
M205 X14 Y14
G1 F2100 X95.2 Y125.717 E328.06925
M205 X12.5 Y12.5
G0 F8250 X94.92 Y125.561
M205 X14 Y14
G1 F2100 X94.92 Y135.289 E328.28441
M205 X12.5 Y12.5
G0 F8250 X94.64 Y135.289
M205 X14 Y14
G1 F2100 X94.64 Y125.405 E328.50303
M205 X12.5 Y12.5
G0 F8250 X94.36 Y125.229
M205 X14 Y14
G1 F2100 X94.36 Y135.289 E328.72553
M205 X12.5 Y12.5
G0 F8250 X94.08 Y135.279
M205 X14 Y14
G1 F2100 X94.08 Y125.032 E328.95218
M205 X12.5 Y12.5
G0 F8250 X93.8 Y124.835
M205 X14 Y14
G1 F2100 X93.8 Y135.242 E329.18236
M205 X12.5 Y12.5
G0 F8250 X93.52 Y135.194
M205 X14 Y14
G1 F2100 X93.52 Y124.619 E329.41626
M205 X12.5 Y12.5
G0 F8250 X93.24 Y124.385
M205 X14 Y14
G1 F2100 X93.24 Y135.146 E329.65427
M205 X12.5 Y12.5
G0 F8250 X92.96 Y135.098
M205 X14 Y14
G1 F2100 X92.96 Y124.152 E329.89637
M205 X12.5 Y12.5
G0 F8250 X92.68 Y123.891
M205 X14 Y14
G1 F2100 X92.68 Y135.034 E330.14283
M205 X12.5 Y12.5
G0 F8250 X92.4 Y134.941
M205 X14 Y14
G1 F2100 X92.4 Y123.599 E330.3937
M205 X12.5 Y12.5
G0 F8250 X92.12 Y123.305
M205 X14 Y14
G1 F2100 X92.12 Y134.84 E330.64883
M205 X12.5 Y12.5
G0 F8250 X91.84 Y134.707
M205 X14 Y14
G1 F2100 X91.84 Y122.96 E330.90865
M205 X12.5 Y12.5
G0 F8250 X91.56 Y122.616
M205 X14 Y14
G1 F2100 X91.56 Y134.573 E331.17311
M205 X12.5 Y12.5
G0 F8250 X91.28 Y134.411
M205 X14 Y14
G1 F2100 X91.28 Y122.225 E331.44264
M205 X12.5 Y12.5
G0 F8250 X91 Y121.784
M205 X14 Y14
G1 F2100 X91 Y134.237 E331.71808
M205 X12.5 Y12.5
G0 F8250 X90.72 Y134.018
M205 X14 Y14
G1 F2100 X90.72 Y121.342 E331.99844
M205 X12.5 Y12.5
G0 F8250 X90.44 Y120.785
M205 X14 Y14
G1 F2100 X90.44 Y133.79 E332.28609
M205 X12.5 Y12.5
G0 F8250 X90.16 Y133.531
M205 X14 Y14
G1 F2100 X90.16 Y120.164 E332.58174
M205 X12.5 Y12.5
G0 F8250 X89.88 Y119.447
M205 X14 Y14
G1 F2100 X89.88 Y133.239 E332.88679
M205 X12.5 Y12.5
G0 F8250 X89.6 Y132.881
M205 X14 Y14
G1 F2100 X89.6 Y118.418 E333.20668
M205 X12.5 Y12.5
G0 F8250 X89.852 Y118.355
G0 X89.582 Y116.512
G0 X89.32 Y116.525
M205 X14 Y14
G1 F2100 X89.32 Y132.415 E333.55814
M205 X12.5 Y12.5
G0 F8250 X89.04 Y131.892
M205 X14 Y14
G1 F2100 X89.04 Y88.039 E334.52808
M205 X12.5 Y12.5
G0 F8250 X88.76 Y88.714
M205 X14 Y14
G1 F2100 X88.76 Y131.291 E335.4698
M205 X12.5 Y12.5
G0 F8250 X88.51 Y131.377
G0 X88.22 Y130.223
G0 X88.48 Y130.17
M205 X14 Y14
G1 F2100 X88.48 Y89.825 E336.36215
M205 X12.5 Y12.5
G0 F8250 X88.193 Y89.776
;MESH:NONMESH
G0 F600 X88.193 Y89.776 Z0.68
G0 F8250 X88.806 Y88.052
G0 X89.475 Y86.934
G0 X90.314 Y86.043
G0 X91.483 Y85.237
G0 X92.115 Y84.952
G0 X93.063 Y84.665
G0 X94.341 Y84.509
G0 X98.886 Y84.507
G0 X99.706 Y84.637
G0 X102.12 Y85.626
G0 X103.624 Y86.532
;TIME_ELAPSED:473.044011
;LAYER:2
M106 S170
M205 X20 Y20
;TYPE:WALL-INNER
;MESH:DoorStrikePlate.stl
G1 F3900 X103.918 Y86.887 E336.38035
G1 X104.278 Y87.437 E336.40631
G1 X104.599 Y88.264 E336.44135
G1 X104.756 Y89.054 E336.47316
G1 X104.757 Y89.851 E336.50464
G1 X104.598 Y90.644 E336.53659
G1 X104.374 Y91.252 E336.56218
G1 X104.102 Y91.781 E336.58567
G1 X103.572 Y92.452 E336.61944
G1 X102.902 Y93.03 E336.65439
G1 X102.348 Y93.35 E336.67966
G1 X101.914 Y93.531 E336.69824
G1 X101.183 Y93.728 E336.72814
G1 X100.405 Y93.794 E336.75898
G1 X99.798 Y93.745 E336.78303
G1 X99.277 Y93.639 E336.80403
G1 X98.696 Y93.419 E336.82856
G1 X98.193 Y93.176 E336.85063
G1 X97.651 Y92.782 E336.87709
G1 X97.211 Y92.358 E336.90123
G1 X96.777 Y91.802 E336.92909
G1 X96.408 Y91.065 E336.96164
G1 X96.174 Y90.26 E336.99475
G1 X96.11 Y89.696 E337.01717
G1 X96.104 Y89.6 E337.02097
G1 X96.11 Y89.152 E337.03866
G1 X96.172 Y88.688 E337.05715
G1 X96.318 Y88.103 E337.08097
G1 X96.62 Y87.392 E337.11148
G1 X97.027 Y86.779 E337.14054
G1 X97.193 Y86.579 E337.15081
G1 X97.633 Y86.154 E337.17497
G1 X98.141 Y85.786 E337.19974
G1 X98.797 Y85.456 E337.22875
G1 F3714.3 X99.091 Y85.346 E337.24176
G1 F3391.3 X99.385 Y85.236 E337.25602
G1 F3120 X99.68 Y85.126 E337.27157
G1 F2893.2 X99.758 Y85.084 E337.27628
G1 F2813.9 X100.088 Y85.065 E337.29438
G1 F2855.1 X100.419 Y85.046 E337.31226
G1 X101.135 Y85.082 E337.35094
G1 F3046.9 X101.403 Y85.195 E337.36565
G1 F3571.4 X101.671 Y85.308 E337.37819
G1 F3900 X101.898 Y85.382 E337.38762
G1 X102.267 Y85.545 E337.40355
G1 X102.873 Y85.892 E337.43113
G1 X103.08 Y86.042 E337.44123
G1 X103.624 Y86.532 E337.47015
G0 F9000 X101.685 Y85.657
G0 X100.996 Y85.505
G0 X100.425 Y85.467
G0 X99.851 Y85.508
G0 X99.054 Y85.701
G0 X98.321 Y86.07
G0 X97.855 Y86.408
G0 X97.363 Y86.886
G0 X96.917 Y87.554
G0 X96.635 Y88.217
G0 X96.446 Y89.179
G0 X96.5 Y90.177
G0 X97.027 Y91.675
G0 X97.203 Y91.538
G1 F3900 X96.876 Y90.884 E337.49903
G1 X96.661 Y90.146 E337.52939
G1 X96.608 Y89.643 E337.54936
G1 X96.609 Y89.22 E337.56607
G1 X96.662 Y88.786 E337.58334
G1 X96.786 Y88.291 E337.6035
G1 X97.061 Y87.633 E337.63166
G1 X97.485 Y86.993 E337.66198
G1 X97.957 Y86.537 E337.68791
G1 X98.408 Y86.21 E337.70991
G1 X98.862 Y85.989 E337.72985
G1 X99.198 Y85.834 E337.74447
G1 X99.861 Y85.675 E337.77139
G1 X100.422 Y85.632 E337.79362
G1 X100.975 Y85.667 E337.8155
G1 X101.631 Y85.811 E337.84203
G1 X102.076 Y86.012 E337.86131
G1 X102.686 Y86.361 E337.88907
G1 X103.268 Y86.885 E337.92
G1 X103.539 Y87.221 E337.93705
G1 X103.832 Y87.67 E337.95823
G1 X104.116 Y88.401 E337.9892
G1 X104.256 Y89.108 E338.01767
G1 X104.254 Y89.801 E338.04504
G1 X104.12 Y90.508 E338.07346
G1 X103.916 Y91.052 E338.09641
G1 X103.678 Y91.514 E338.11693
G1 X103.222 Y92.086 E338.14583
G1 X102.611 Y92.621 E338.1779
G1 X102.086 Y92.918 E338.20173
G1 X101.714 Y93.067 E338.21755
G1 X101.096 Y93.235 E338.24285
G1 X100.427 Y93.294 E338.26937
G1 X99.904 Y93.251 E338.2901
G1 X99.45 Y93.165 E338.30835
G1 X98.852 Y92.943 E338.33354
G1 X98.477 Y92.758 E338.35006
G1 X97.988 Y92.408 E338.37381
G1 X97.604 Y92.042 E338.39476
G1 X97.203 Y91.538 E338.4202
G1 F2400 E336.4202
G0 F9000 X97.027 Y91.675
G0 X97.87 Y92.526
G0 X98.374 Y92.892
G0 X99.388 Y93.32
G0 X100.426 Y93.459
G0 X100.992 Y93.412
G0 X102.173 Y93.124
G1 F1200 E338.4202
G0 F9000 X101.903 Y92.479
;TYPE:WALL-OUTER
G1 F3000 X101.587 Y92.609 E338.43235
G1 X100.994 Y92.77 E338.45419
G1 X100.406 Y92.816 E338.47515
G1 X99.943 Y92.778 E338.49167
G1 X99.569 Y92.705 E338.50521
G1 X99.022 Y92.498 E338.526
G1 X98.687 Y92.33 E338.53932
G1 X98.268 Y92.023 E338.55779
G1 X97.944 Y91.71 E338.5738
G1 X97.596 Y91.261 E338.594
G1 X97.314 Y90.689 E338.61667
G1 X97.135 Y90.074 E338.63943
G1 X97.08 Y89.592 E338.65668
G1 X97.085 Y89.212 E338.67019
G1 X97.13 Y88.87 E338.68245
G1 X97.249 Y88.404 E338.69955
G1 X97.473 Y87.877 E338.7199
G1 X97.84 Y87.318 E338.74367
G1 X98.278 Y86.89 E338.76544
G1 X98.634 Y86.632 E338.78107
G1 X99.284 Y86.302 E338.80698
G1 X99.943 Y86.143 E338.83108
G1 X100.412 Y86.109 E338.84779
G1 X100.892 Y86.138 E338.86489
G1 X101.462 Y86.261 E338.88561
G1 X101.84 Y86.424 E338.90025
G1 X102.427 Y86.766 E338.9244
G1 X102.931 Y87.224 E338.9486
G1 X103.141 Y87.48 E338.96037
G1 X103.395 Y87.869 E338.97689
G1 X103.662 Y88.554 E339.00302
G1 X103.777 Y89.134 E339.02404
G1 X103.781 Y89.753 E339.04605
G1 X103.658 Y90.384 E339.0689
G1 X103.481 Y90.862 E339.08702
G1 X103.284 Y91.243 E339.10226
G1 X102.87 Y91.767 E339.126
G1 X102.326 Y92.238 E339.15158
G1 X101.903 Y92.479 E339.16889
G0 F9000 X101.718 Y92.555
G1 F2400 E337.16889
G0 F9000 X101.989 Y93.202
G0 X104.343 Y91.777
G0 X104.522 Y87.483
G0 X101.193 Y84.744
G0 X101.774 Y84.507
G0 X124.352 Y84.532
G0 X127.113 Y84.716
;TYPE:WALL-INNER
G1 F1200 E339.16889
G1 F3900 X126.536 Y84.589 E339.19222
G1 X126.041 Y84.589 E339.21177
G1 X125.757 Y84.556 E339.22306
G1 X125.039 Y84.395 E339.25213
G1 X124.254 Y84.309 E339.28332
G1 X123.834 Y84.295 E339.29991
G1 X101.781 Y84.296 E340.17093
G1 F3545.5 X101.507 Y84.346 E340.18303
G1 F2990.8 X101.232 Y84.396 E340.19742
G1 F2805.8 X100.882 Y84.388 E340.21664
G1 F2871.9 X100.532 Y84.38 E340.23542
G1 F2888.9 X100.254 Y84.384 E340.25025
G1 F2850.9 X99.976 Y84.388 E340.26527
G1 F2813.9 X99.698 Y84.393 E340.28049
G1 F2893.2 X99.591 Y84.37 E340.28632
G1 F3186.3 X99.273 Y84.333 E340.30179
G1 F3631.3 X98.955 Y84.295 E340.31538
G1 F3900 X94.391 Y84.295 E340.49564
G1 X93.701 Y84.337 E340.52294
G1 X92.813 Y84.497 E340.55858
G1 X91.83 Y84.824 E340.5995
G1 X91.211 Y85.14 E340.62695
G1 X90.509 Y85.605 E340.66021
G1 X90.004 Y86.03 E340.68627
G1 X89.419 Y86.657 E340.72014
G1 X89.168 Y86.99 E340.73661
G1 X88.829 Y87.534 E340.76193
G1 X88.512 Y88.172 E340.79007
G1 X88.234 Y88.966 E340.82329
G1 X88.154 Y89.287 E340.83636
G1 X88.053 Y89.883 E340.86024
G1 X88.003 Y90.597 E340.88851
G1 X88 Y129.309 E342.41749
G1 X88.062 Y130.19 E342.45237
G1 X88.24 Y131.055 E342.48725
G1 X88.46 Y131.691 E342.51383
G1 X89.187 Y133.034 E342.57415
G1 X89.566 Y133.511 E342.59821
G1 X90.009 Y133.976 E342.62358
G1 X90.692 Y134.531 E342.65834
G1 X91.289 Y134.902 E342.6861
G1 X92.063 Y135.267 E342.7199
G1 X92.68 Y135.473 E342.74559
G1 X93.935 Y135.686 E342.79587
G1 X94.382 Y135.705 E342.81354
G1 X98.477 Y135.704 E342.97528
G1 F3793.8 X98.744 Y135.691 E342.98613
G1 F3597.8 X99.011 Y135.677 E342.99758
G1 F3028 X99.35 Y135.588 E343.01541
G1 F2708.3 X99.635 Y135.6 E343.03163
G1 F2797.7 X99.92 Y135.612 E343.04734
G1 F2859.2 X100.302 Y135.615 E343.06792
G1 F2884.6 X100.684 Y135.619 E343.08832
G1 F2859.2 X100.964 Y135.61 E343.10341
G1 F2781.7 X101.244 Y135.6 E343.11892
G1 F2708.3 X101.524 Y135.59 E343.13486
G1 F2990.8 X101.823 Y135.667 E343.15076
G1 F3631.3 X102.154 Y135.705 E343.16489
G1 F3900 X124.077 Y135.699 E344.03077
G1 X124.469 Y135.669 E344.0463
G1 X125.004 Y135.609 E344.06756
G1 X125.504 Y135.509 E344.0877
G1 X125.896 Y135.509 E344.10319
G1 X127.113 Y135.004 E344.15523
G1 X127.113 Y84.716 E346.14142
G0 F9000 X127.613 Y84.313
G1 F3900 X126.59 Y84.089 E346.18278
G1 X126.041 Y84.089 E346.20447
G1 X125.634 Y84.011 E346.22083
G1 X125.119 Y83.901 E346.24163
G1 X124.289 Y83.809 E346.27462
G1 X123.842 Y83.795 E346.29228
G1 X94.376 Y83.795 E347.45608
G1 X93.642 Y83.84 E347.48513
G1 X92.689 Y84.011 E347.52337
G1 X91.636 Y84.362 E347.56721
G1 X90.959 Y84.707 E347.59722
G1 X90.209 Y85.204 E347.63275
G1 X89.659 Y85.667 E347.66115
G1 X89.036 Y86.335 E347.69723
G1 X88.756 Y86.706 E347.71558
G1 X88.392 Y87.29 E347.74276
G1 X88.051 Y87.977 E347.77306
G1 X87.754 Y88.823 E347.80847
G1 X87.664 Y89.185 E347.8232
G1 X87.556 Y89.823 E347.84876
G1 X87.503 Y90.58 E347.87873
G1 X87.5 Y129.326 E349.40906
G1 X87.565 Y130.258 E349.44596
G1 X87.757 Y131.188 E349.48347
G1 X88.001 Y131.893 E349.51293
G1 X88.772 Y133.315 E349.57682
G1 X89.188 Y133.839 E349.60325
G1 X89.669 Y134.344 E349.63079
G1 X90.401 Y134.939 E349.66805
G1 X91.049 Y135.342 E349.69819
G1 X91.876 Y135.732 E349.7343
G1 X92.558 Y135.959 E349.76269
G1 X93.883 Y136.185 E349.81578
G1 X94.372 Y136.205 E349.83511
G1 X124.022 Y136.204 E351.00618
G1 X124.515 Y136.167 E351.0257
G1 X125.081 Y136.103 E351.0482
G1 X125.552 Y136.009 E351.06717
G1 X125.995 Y136.009 E351.08467
G1 X127.613 Y135.338 E351.15385
G1 X127.613 Y84.313 E353.16916
G0 F9000 X128.088 Y83.935
;TYPE:WALL-OUTER
G1 F3000 X126.641 Y83.614 E353.22184
G1 X126.014 Y83.614 E353.24413
G1 X125.195 Y83.432 E353.27395
G1 X124.323 Y83.335 E353.30514
G1 X123.849 Y83.32 E353.322
G1 X94.362 Y83.32 E354.37017
G1 X93.585 Y83.367 E354.39784
G1 X92.571 Y83.549 E354.43446
G1 X91.452 Y83.923 E354.4764
G1 X90.719 Y84.296 E354.50563
G1 X89.924 Y84.823 E354.53954
G1 X89.331 Y85.322 E354.56709
G1 X88.672 Y86.029 E354.60144
G1 X88.364 Y86.436 E354.61959
G1 X87.976 Y87.058 E354.64564
G1 X87.612 Y87.792 E354.67477
G1 X87.298 Y88.687 E354.70848
G1 X87.199 Y89.088 E354.72317
G1 X87.083 Y89.767 E354.74765
G1 X87.028 Y90.563 E354.77601
G1 X87.025 Y129.343 E356.15452
G1 X87.093 Y130.323 E356.18944
G1 X87.298 Y131.315 E356.22544
G1 X87.564 Y132.084 E356.25437
G1 X88.251 Y133.361 E356.30591
G1 X88.377 Y133.582 E356.31496
G1 X88.829 Y134.152 E356.34082
G1 X89.346 Y134.693 E356.36742
G1 X90.124 Y135.327 E356.40309
G1 X90.822 Y135.76 E356.43229
G1 X91.699 Y136.173 E356.46675
G1 X92.442 Y136.422 E356.4946
G1 X93.833 Y136.658 E356.54476
G1 X94.362 Y136.68 E356.56358
G1 X124.046 Y136.679 E357.61875
G1 X124.56 Y136.64 E357.63707
G1 X125.155 Y136.573 E357.65835
G1 X125.58 Y136.488 E357.67376
G1 X126.09 Y136.484 E357.69189
G1 X128.083 Y135.654 E357.76863
G1 X128.088 Y83.935 E359.60708
G0 F9000 X127.893 Y83.892
G1 F2400 E357.60708
G0 F9000 X127.411 Y84.473
G0 X126.896 Y134.859
G0 X125.853 Y135.298
G0 X123.831 Y135.494
G0 X102.15 Y135.494
G0 X101.81 Y135.416
G0 X101.484 Y135.227
G0 X104.826 Y131.671
G0 X104.043 Y128.341
G0 X102.355 Y126.649
;TYPE:WALL-INNER
G1 F1200 E359.60708
G1 F3900 X103.003 Y127.056 E359.6373
G1 X103.203 Y127.214 E359.64737
G1 X103.79 Y127.787 E359.67977
G1 X104.153 Y128.327 E359.70546
G1 X104.447 Y128.913 E359.73136
G1 X104.635 Y129.486 E359.75518
G1 X104.743 Y130.077 E359.77891
G1 X104.762 Y130.903 E359.81154
G1 X104.6 Y131.727 E359.84471
G1 X104.368 Y132.35 E359.87096
G1 X104.05 Y132.923 E359.89685
G1 X103.647 Y133.447 E359.92296
G1 X103.009 Y134.025 E359.95696
G1 X102.647 Y134.253 E359.97385
G1 X102.098 Y134.533 E359.9982
G1 F3631.3 X101.664 Y134.735 E360.0185
G1 F2990.8 X101.465 Y134.865 E360.03074
G1 F2719.7 X101.129 Y134.906 E360.04992
G1 F2813.9 X100.793 Y134.947 E360.06845
G1 F2867.6 X100.046 Y134.94 E360.10857
G1 F2817.9 X99.728 Y134.901 E360.12609
G1 F2715.9 X99.409 Y134.861 E360.14432
G1 F3028 X99.187 Y134.712 E360.15792
G1 F3597.8 X98.891 Y134.582 E360.17176
G1 F3793.8 X98.594 Y134.452 E360.18493
G1 F3900 X98.26 Y134.289 E360.19961
G1 X97.856 Y134.023 E360.21871
G1 X97.256 Y133.49 E360.25041
G1 X96.855 Y133.002 E360.27535
G1 X96.414 Y132.161 E360.31286
G1 X96.169 Y131.317 E360.34757
G1 X96.105 Y130.713 E360.37156
G1 X96.111 Y130.241 E360.3902
G1 X96.163 Y129.812 E360.40727
G1 X96.318 Y129.177 E360.43309
G1 X96.611 Y128.49 E360.46259
G1 X97.026 Y127.858 E360.49245
G1 X97.194 Y127.657 E360.5028
G1 X97.636 Y127.231 E360.52704
G1 X98.129 Y126.871 E360.55115
G1 X98.837 Y126.513 E360.58249
G1 X98.021 Y126.362 E360.61526
G1 X96.865 Y126.019 E360.66289
G1 X95.9 Y125.627 E360.70403
G1 X94.713 Y124.977 E360.75748
G1 X93.839 Y124.351 E360.79994
G1 X93.091 Y123.723 E360.83852
G1 X92.364 Y122.957 E360.88023
G1 X91.756 Y122.202 E360.91851
G1 X91.036 Y121.069 E360.97153
G1 X90.575 Y120.104 E361.01377
G1 X90.221 Y119.181 E361.05282
G1 X89.896 Y117.933 E361.10375
G1 X89.759 Y116.936 E361.1435
G1 X89.702 Y115.923 E361.18358
G1 X89.701 Y110.692 E361.39018
G1 X89.72 Y110.039 E361.41598
G1 X89.875 Y108.759 E361.46691
G1 X90.055 Y107.955 E361.49945
G1 X90.357 Y107.002 E361.53893
G1 X90.728 Y106.083 E361.57808
G1 X91.343 Y104.967 E361.62841
G1 X91.728 Y104.389 E361.65583
G1 X92.371 Y103.589 E361.69637
G1 X93.093 Y102.831 E361.73772
G1 X93.919 Y102.139 E361.78028
G1 X94.714 Y101.575 E361.81878
G1 X95.742 Y101.006 E361.86518
G1 X96.508 Y100.663 E361.89833
G1 X97.252 Y100.4 E361.9295
G1 X98.221 Y100.148 E361.96905
G1 X99.14 Y99.989 E362.00588
G1 X100.418 Y99.906 E362.05646
G1 X104.444 Y99.905 E362.21548
G1 X105.132 Y99.974 E362.24279
G1 X105.897 Y100.197 E362.27426
G1 X106.673 Y100.625 E362.30926
G1 X107.315 Y101.212 E362.34362
G1 X107.732 Y101.752 E362.37057
G1 X108.039 Y102.37 E362.39782
G1 X108.28 Y103.238 E362.4334
G1 X108.324 Y103.741 E362.45334
G1 X108.322 Y122.818 E363.20682
G1 X108.262 Y123.42 E363.23071
G1 X108.021 Y124.231 E363.26413
G1 X107.7 Y124.846 E363.29153
G1 X107.184 Y125.496 E363.32431
G1 X106.632 Y125.947 E363.35246
G1 X105.793 Y126.393 E363.38999
G1 X105.09 Y126.584 E363.41876
G1 X104.483 Y126.644 E363.44285
G1 X102.355 Y126.649 E363.5269
G0 F9000 X105.25 Y126.188
G0 X105.645 Y126.09
G0 X105.876 Y125.968
G0 X106.971 Y125.312
G0 X106.827 Y125.136
G1 F3900 X106.355 Y125.529 E363.55116
G1 X105.599 Y125.929 E363.58494
G1 X105.216 Y126.027 E363.60055
G1 X105.026 Y126.084 E363.60839
G1 X104.441 Y126.146 E363.63162
G1 F3892.2 X103.048 Y126.148 E363.68675
G1 F3876.7 X101.655 Y126.151 E363.7421
G1 F3624.5 X101.242 Y126.183 E363.75971
G1 F3427.1 X100.586 Y126.166 E363.7892
G1 F3451.3 X99.93 Y126.148 E363.81849
G1 F3526.2 X99.679 Y126.121 E363.82952
G1 F3665.4 X99.427 Y126.093 E363.84017
G1 F3823.5 X99.175 Y126.066 E363.85038
G1 F3900 X98.099 Y125.864 E363.89362
G1 X97.052 Y125.555 E363.93674
G1 X96.141 Y125.187 E363.97555
G1 X95.015 Y124.572 E364.02622
G1 X94.206 Y124.003 E364.06528
G1 X93.41 Y123.332 E364.1064
G1 X92.753 Y122.643 E364.14401
G1 X92.143 Y121.878 E364.18265
G1 X91.493 Y120.856 E364.23049
G1 X91.065 Y119.979 E364.26903
G1 X90.689 Y118.995 E364.31064
G1 X90.389 Y117.846 E364.35754
G1 X90.249 Y116.81 E364.39883
G1 X90.201 Y115.896 E364.43498
G1 X90.201 Y110.692 E364.64052
G1 X90.225 Y109.989 E364.6683
G1 X90.384 Y108.751 E364.7176
G1 X90.542 Y108.068 E364.74529
G1 X90.851 Y107.104 E364.78527
G1 X91.167 Y106.332 E364.81822
G1 X91.781 Y105.209 E364.86877
G1 X92.142 Y104.669 E364.89442
G1 X92.799 Y103.859 E364.93561
G1 X93.413 Y103.22 E364.97062
G1 X94.208 Y102.547 E365.01176
G1 X94.942 Y102.026 E365.04731
G1 X96.012 Y101.429 E365.0957
G1 X96.693 Y101.128 E365.12511
G1 X97.399 Y100.878 E365.15469
G1 X98.331 Y100.636 E365.19272
G1 X99.197 Y100.486 E365.22743
G1 X100.45 Y100.405 E365.27703
G1 X104.419 Y100.404 E365.43379
G1 X105.034 Y100.466 E365.4582
G1 X105.713 Y100.664 E365.48614
G1 X106.38 Y101.034 E365.51626
G1 X106.946 Y101.55 E365.54651
G1 X107.293 Y101.999 E365.56892
G1 X107.559 Y102.525 E365.59221
G1 X107.789 Y103.334 E365.62542
G1 X107.825 Y103.782 E365.64318
G1 X107.827 Y122.706 E366.39061
G1 X107.773 Y123.296 E366.41401
G1 X107.567 Y124.02 E366.44374
G1 X107.295 Y124.546 E366.46712
G1 X106.827 Y125.136 E366.49687
G0 F9000 X106.971 Y125.312
G0 X104.381 Y126.859
G0 X100.428 Y126.541
G0 X99.857 Y126.584
G0 X99.075 Y126.772
G0 X98.321 Y127.148
G0 X97.854 Y127.488
G0 X97.362 Y127.964
G0 X96.916 Y128.633
G0 X96.634 Y129.295
G0 X96.446 Y130.255
G0 X96.49 Y131.062
G0 X96.665 Y132.039
G0 X96.882 Y131.978
G1 F3900 X96.662 Y131.222 E366.52797
G1 X96.608 Y130.72 E366.54791
G1 X96.61 Y130.273 E366.56556
G1 X96.657 Y129.891 E366.58076
G1 X96.785 Y129.368 E366.60203
G1 X97.07 Y128.699 E366.63075
G1 X97.484 Y128.072 E366.66043
G1 X97.957 Y127.616 E366.68638
G1 X98.402 Y127.291 E366.70814
G1 X99.123 Y126.931 E366.73997
G1 F3823.5 X99.393 Y126.858 E366.75124
G1 F3665.4 X99.663 Y126.784 E366.763
G1 F3526.2 X99.933 Y126.71 E366.77523
G1 F3507.2 X100.428 Y126.691 E366.79699
G1 F3526.2 X100.8 Y126.718 E366.81328
G1 F3451.3 X101.173 Y126.746 E366.82998
G1 F3526.2 X101.417 Y126.829 E366.84123
G1 F3771.8 X101.662 Y126.913 E366.85181
G1 F3900 X102.165 Y127.12 E366.8733
G1 X102.798 Y127.517 E366.90281
G1 X103.406 Y128.11 E366.93635
G1 X103.728 Y128.591 E366.95921
G1 X103.983 Y129.109 E366.98202
G1 X104.139 Y129.576 E367.00146
G1 X104.245 Y130.123 E367.02347
G1 X104.257 Y130.857 E367.05246
G1 X104.116 Y131.596 E367.08218
G1 X103.912 Y132.142 E367.1052
G1 X103.631 Y132.649 E367.12809
G1 X103.277 Y133.107 E367.15096
G1 X102.701 Y133.628 E367.18163
G1 X102.381 Y133.83 E367.19658
G1 X101.876 Y134.085 E367.21892
G1 F3907.8 X101.434 Y134.247 E367.23748
G1 X100.738 Y134.361 E367.26528
G1 F3900 X100.115 Y134.353 E367.28989
G1 X99.44 Y134.242 E367.31691
G1 X98.874 Y134.029 E367.34079
G1 X98.548 Y133.873 E367.35507
G1 X98.163 Y133.626 E367.37313
G1 X97.614 Y133.139 E367.40212
G1 X97.272 Y132.721 E367.42345
G1 X96.882 Y131.978 E367.45659
G1 F2400 E365.45659
G0 F9000 X96.665 Y132.039
G0 X97.14 Y132.82
G0 X97.502 Y133.257
G0 X98.712 Y134.202
G1 F1200 E367.45659
G0 F9000 X99.023 Y133.576
;TYPE:WALL-OUTER
G1 F3000 X98.757 Y133.446 E367.46712
G1 X98.436 Y133.234 E367.48079
G1 X97.974 Y132.824 E367.50275
G1 X97.663 Y132.442 E367.52026
G1 X97.331 Y131.814 E367.54551
G1 X97.135 Y131.148 E367.57019
G1 X97.08 Y130.669 E367.58732
G1 X97.085 Y130.288 E367.60087
G1 X97.126 Y129.965 E367.61244
G1 X97.244 Y129.493 E367.62974
G1 X97.472 Y128.956 E367.65048
G1 X97.87 Y128.359 E367.67598
G1 X98.253 Y127.99 E367.69489
G1 X98.668 Y127.689 E367.71311
G1 X99.314 Y127.371 E367.7387
G1 X99.971 Y127.216 E367.7627
G1 X100.442 Y127.184 E367.77948
G1 X101.014 Y127.235 E367.79989
G1 X101.481 Y127.352 E367.81701
G1 X101.926 Y127.535 E367.83411
G1 X102.522 Y127.911 E367.85916
G1 X103.031 Y128.408 E367.88445
G1 X103.324 Y128.841 E367.90303
G1 X103.54 Y129.279 E367.92039
G1 X103.685 Y129.716 E367.93676
G1 X103.772 Y130.167 E367.95309
G1 X103.784 Y130.818 E367.97623
G1 X103.662 Y131.444 E367.9989
G1 X103.473 Y131.953 E368.0182
G1 X103.222 Y132.401 E368.03646
G1 X102.94 Y132.767 E368.05288
G1 X102.429 Y133.234 E368.07749
G1 X102.108 Y133.439 E368.09103
G1 X101.639 Y133.67 E368.10961
G1 X101.289 Y133.79 E368.12276
G1 X100.721 Y133.883 E368.14322
G1 X100.147 Y133.877 E368.16363
G1 X99.585 Y133.785 E368.18387
G1 X99.023 Y133.576 E368.20518
G0 F9000 X98.844 Y133.489
G1 F2400 E366.20518
G0 F9000 X98.534 Y134.114
G0 X97.502 Y133.257
G0 X97.14 Y132.82
G0 X96.73 Y132.044
G0 X96.501 Y131.252
G0 X96.446 Y130.255
G0 X96.634 Y129.295
G0 X96.916 Y128.633
G0 X97.362 Y127.964
G0 X97.854 Y127.488
G0 X98.321 Y127.148
G0 X100.064 Y126.287
G0 X104.426 Y126.312
G0 X105.25 Y126.188
G0 X105.645 Y126.09
G0 X106.461 Y125.658
G0 X106.946 Y125.254
G0 X107.437 Y124.637
G0 X107.721 Y124.078
G0 X107.937 Y123.328
G0 X107.991 Y122.745
G0 X107.991 Y103.805
G0 X107.886 Y103.092
G0 X107.724 Y102.485
G0 X107.442 Y101.924
G0 X107.068 Y101.435
G0 X106.48 Y100.901
G0 X106.082 Y100.681
G0 X105.153 Y100.268
G1 F1200 E368.20518
G0 F9000 X104.959 Y100.939
G1 F3000 X105.546 Y101.114 E368.22696
G1 X106.092 Y101.416 E368.24914
G1 X106.596 Y101.871 E368.27327
G1 X106.898 Y102.263 E368.29086
G1 X107.126 Y102.722 E368.30908
G1 X107.273 Y103.274 E368.32939
G1 X107.316 Y103.406 E368.33432
G1 X107.352 Y103.82 E368.34909
G1 X107.352 Y122.727 E369.02118
G1 X107.306 Y123.21 E369.03842
G1 X107.13 Y123.821 E369.06103
G1 X106.894 Y124.291 E369.07972
G1 X106.487 Y124.805 E369.10303
G1 X106.105 Y125.122 E369.12067
G1 X105.437 Y125.478 E369.14758
G1 X105.085 Y125.57 E369.16051
G1 X104.933 Y125.618 E369.16618
G1 X104.4 Y125.673 E369.18522
G1 X100.479 Y125.673 E369.3246
G1 X99.24 Y125.594 E369.36873
G1 X98.232 Y125.408 E369.40517
G1 X97.23 Y125.114 E369.44229
G1 X96.309 Y124.742 E369.4776
G1 X95.222 Y124.142 E369.52173
G1 X94.467 Y123.605 E369.55467
G1 X93.753 Y123.003 E369.58787
G1 X93.123 Y122.345 E369.62025
G1 X92.558 Y121.644 E369.65225
G1 X91.882 Y120.578 E369.69712
G1 X91.485 Y119.755 E369.7296
G1 X91.156 Y118.897 E369.76227
G1 X90.855 Y117.756 E369.80421
G1 X90.724 Y116.785 E369.83904
G1 X90.676 Y115.871 E369.87158
G1 X90.676 Y110.692 E370.05567
G1 X90.696 Y110.048 E370.07858
G1 X90.847 Y108.858 E370.12122
G1 X91.01 Y108.157 E370.1468
G1 X91.291 Y107.284 E370.1794
G1 X91.618 Y106.489 E370.20996
G1 X92.208 Y105.42 E370.25336
G1 X92.536 Y104.935 E370.27417
G1 X93.141 Y104.189 E370.30831
G1 X93.772 Y103.534 E370.34064
G1 X94.483 Y102.934 E370.37371
G1 X95.217 Y102.413 E370.40571
G1 X96.233 Y101.851 E370.44698
G1 X96.877 Y101.566 E370.47202
G1 X97.538 Y101.332 E370.49694
G1 X98.446 Y101.098 E370.53027
G1 X99.262 Y100.957 E370.55971
G1 X100.48 Y100.879 E370.60309
G1 X104.406 Y100.88 E370.74265
G1 X104.959 Y100.939 E370.76242
G0 F9000 X105.15 Y100.996
G1 F2400 E368.76242
G0 F9000 X105.344 Y100.324
G0 X98.13 Y99.954
G0 X92.207 Y103.456
G0 X89.509 Y110.033
G0 X90.426 Y120.289
G0 X94.876 Y125.307
G0 X98.104 Y126.619
G0 X95.898 Y130.294
G0 X97.81 Y134.244
G0 X99.112 Y134.94
G0 X99.389 Y135.227
G0 X99.022 Y135.437
G0 X98.009 Y135.494
G0 X93.815 Y135.452
G0 X92.528 Y135.199
G0 X91.389 Y134.717
G0 X90.571 Y134.163
G0 X89.725 Y133.372
G0 X89.193 Y132.613
G0 X88.555 Y131.32
G0 X88.271 Y130.161
G0 X88.212 Y128.34
G0 X88.249 Y90.1
G0 X88.436 Y89.027
G0 X88.907 Y87.852
G0 X89.581 Y86.794
G0 X90.489 Y85.897
G0 X91.662 Y85.147
G0 X92.866 Y84.701
G0 X93.866 Y84.538
G0 X98.959 Y84.506
G0 X99.738 Y84.737
G0 X96.159 Y87.939
G0 X96.688 Y92.032
G0 X100.544 Y93.997
G0 X102.707 Y92.756
G0 X103.377 Y92.154
G0 X103.892 Y91.459
G0 X104.275 Y90.56
G0 X104.421 Y89.815
G0 X104.42 Y89.091
G0 X104.273 Y88.353
G0 X103.98 Y87.598
G0 X103.384 Y86.772
G0 X102.787 Y86.23
G0 X99.724 Y84.644
G1 F1200 E370.76242
G0 F9000 X99.682 Y84.742
;TYPE:SKIN
G1 F2700 X98.949 Y84.568 E370.77908
G1 X94.401 Y84.569 E370.87967
G1 X93.735 Y84.61 E370.89443
G1 X92.88 Y84.763 E370.91364
G1 X91.937 Y85.078 E370.93563
G1 X91.348 Y85.378 E370.95025
G1 X90.672 Y85.825 E370.96818
G1 X90.192 Y86.228 E370.98204
G1 X89.625 Y86.837 E371.00045
G1 X89.394 Y87.146 E371.00898
G1 X89.07 Y87.667 E371.02255
G1 X88.765 Y88.279 E371.03767
G1 X88.496 Y89.047 E371.05567
G1 X88.422 Y89.343 E371.06242
G1 X88.325 Y89.916 E371.07527
G1 X88.276 Y90.605 E371.09055
G1 X88.274 Y129.299 E371.94638
G1 X88.334 Y130.151 E371.96528
G1 X88.506 Y130.984 E371.98409
G1 X88.71 Y131.578 E371.99798
G1 X89.394 Y132.85 E372.02992
G1 X89.772 Y133.329 E372.04342
G1 X90.194 Y133.773 E372.05697
G1 X90.853 Y134.307 E372.07573
G1 X91.419 Y134.66 E372.09048
G1 X92.167 Y135.013 E372.10878
G1 X92.746 Y135.207 E372.12228
G1 X93.966 Y135.414 E372.14965
G1 X94.387 Y135.432 E372.15897
G1 X98.491 Y135.429 E372.24974
G1 X99.001 Y135.375 E372.26109
G1 X99.308 Y135.214 E372.26876
G1 X99.074 Y134.991 E372.2759
G1 X98.592 Y134.749 E372.28783
G1 X98.132 Y134.532 E372.29908
G1 X97.71 Y134.255 E372.31025
G1 X97.044 Y133.666 E372.32991
G1 X96.718 Y133.267 E372.34131
G1 X96.553 Y133.018 E372.34792
G1 X96.159 Y132.262 E372.36677
G1 X95.906 Y131.391 E372.38683
G1 X95.835 Y130.777 E372.4005
G1 X95.839 Y130.213 E372.41298
G1 X95.898 Y129.72 E372.42396
G1 X96.072 Y129.062 E372.43901
G1 X96.361 Y128.375 E372.4555
G1 X96.789 Y127.718 E372.47284
G1 X97.012 Y127.45 E372.48055
G1 X97.471 Y127.012 E372.49459
G1 X97.983 Y126.637 E372.50862
G1 X96.894 Y126.32 E372.53371
G1 X95.797 Y125.881 E372.55984
G1 X94.56 Y125.2 E372.59108
G1 X93.758 Y124.634 E372.61279
G1 X92.893 Y123.912 E372.63771
G1 X92.23 Y123.219 E372.65892
G1 X91.533 Y122.361 E372.68337
G1 X90.791 Y121.193 E372.71398
G1 X90.364 Y120.304 E372.73579
G1 X89.956 Y119.253 E372.76073
G1 X89.624 Y117.973 E372.78997
G1 X89.477 Y116.85 E372.81502
G1 X89.429 Y115.931 E372.83538
G1 X89.428 Y110.645 E372.95229
G1 X89.449 Y109.962 E372.96741
G1 X89.612 Y108.657 E372.9965
G1 X89.789 Y107.888 E373.01395
G1 X90.131 Y106.825 E373.03865
G1 X90.492 Y105.941 E373.05977
G1 X91.104 Y104.835 E373.08773
G1 X91.505 Y104.23 E373.10378
G1 X92.241 Y103.322 E373.12963
G1 X92.909 Y102.629 E373.15092
G1 X93.667 Y101.988 E373.17288
G1 X94.564 Y101.347 E373.19726
G1 X95.67 Y100.735 E373.22522
G1 X96.408 Y100.41 E373.24306
G1 X97.174 Y100.138 E373.26104
G1 X98.183 Y99.877 E373.28409
G1 X99.103 Y99.718 E373.30474
G1 X100.41 Y99.632 E373.33371
G1 X104.461 Y99.632 E373.42331
G1 X105.199 Y99.708 E373.43972
G1 X106.003 Y99.943 E373.45824
G1 X106.837 Y100.401 E373.47929
G1 X107.518 Y101.019 E373.49963
G1 X107.981 Y101.637 E373.51671
G1 X108.303 Y102.292 E373.53285
G1 X108.548 Y103.203 E373.55372
G1 X108.596 Y103.713 E373.56505
G1 X108.6 Y122.789 E373.98697
G1 X108.531 Y123.47 E374.00211
G1 X108.277 Y124.327 E374.02188
G1 X108.015 Y124.845 E374.03472
G1 X107.869 Y125.074 E374.04073
G1 X107.371 Y125.69 E374.05825
G1 X106.805 Y126.164 E374.07457
G1 X105.866 Y126.66 E374.09806
G1 X105.169 Y126.845 E374.11401
G1 X104.478 Y126.921 E374.12939
G1 X103.297 Y126.921 E374.15551
G1 X103.997 Y127.607 E374.17719
G1 X104.421 Y128.236 E374.19397
G1 X104.709 Y128.839 E374.20875
G1 X104.9 Y129.413 E374.22213
G1 X105.014 Y130.045 E374.23633
G1 X105.033 Y130.944 E374.25622
G1 X104.859 Y131.821 E374.27599
G1 X104.618 Y132.461 E374.29112
G1 X104.282 Y133.069 E374.30648
G1 X103.927 Y133.53 E374.31935
G1 X103.746 Y133.725 E374.32524
G1 X103.173 Y134.245 E374.34235
G1 X102.658 Y134.56 E374.35571
G1 X102.218 Y134.778 E374.36657
G1 X102.057 Y134.847 E374.37044
G1 X101.778 Y135.023 E374.37774
G1 X101.57 Y135.22 E374.38407
G1 X101.832 Y135.356 E374.3906
G1 X102.159 Y135.432 E374.39803
G1 X123.986 Y135.432 E374.8808
G1 X124.439 Y135.397 E374.89085
G1 X124.96 Y135.339 E374.90244
G1 X125.467 Y135.238 E374.91388
G1 X125.841 Y135.236 E374.92215
G1 X126.84 Y134.822 E374.94607
G1 X126.84 Y84.936 E376.04944
G1 X126.503 Y84.862 E376.05707
G1 X126.03 Y84.862 E376.06754
G1 X125.704 Y84.824 E376.0748
G1 X124.996 Y84.666 E376.09084
G1 X124.234 Y84.581 E376.1078
G1 X123.831 Y84.568 E376.11672
G1 X101.784 Y84.569 E376.60435
G1 X101.283 Y84.754 E376.61617
G1 X101.737 Y85.045 E376.62809
G1 X102.004 Y85.131 E376.6343
G1 X102.335 Y85.275 E376.64228
G1 X103.016 Y85.659 E376.65957
G1 X103.274 Y85.847 E376.66663
G1 X103.804 Y86.325 E376.68242
G1 X104.097 Y86.674 E376.6925
G1 X104.444 Y87.188 E376.70621
G1 X104.579 Y87.456 E376.71285
G1 X104.862 Y88.184 E376.73013
G1 X105.004 Y88.903 E376.74634
G1 X105.029 Y89.16 E376.75205
G1 X105.025 Y89.897 E376.76835
G1 X104.867 Y90.716 E376.7868
G1 X104.616 Y91.387 E376.80264
G1 X104.329 Y91.937 E376.81637
G1 X103.753 Y92.656 E376.83674
G1 X103.05 Y93.259 E376.85723
G1 X102.492 Y93.585 E376.87152
G1 X102.015 Y93.785 E376.88296
G1 X101.252 Y93.998 E376.90048
G1 X100.455 Y94.064 E376.91817
G1 X99.748 Y94.015 E376.93385
G1 X99.201 Y93.902 E376.9462
G1 X98.522 Y93.645 E376.96226
G1 X98.04 Y93.404 E376.97418
G1 X97.461 Y92.976 E376.9901
G1 X97 Y92.534 E377.00423
G1 X96.645 Y92.079 E377.01699
G1 X96.474 Y91.811 E377.02402
G1 X96.216 Y91.291 E377.03686
G1 X96.115 Y91.041 E377.04283
G1 X95.9 Y90.293 E377.06004
G1 X95.831 Y89.622 E377.07496
G1 X95.836 Y89.136 E377.08571
G1 X95.902 Y88.643 E377.09671
G1 X96.049 Y88.043 E377.11038
G1 X96.371 Y87.277 E377.12875
G1 X96.8 Y86.626 E377.146
G1 X97.011 Y86.375 E377.15325
G1 X97.464 Y85.938 E377.16717
G1 X98.027 Y85.535 E377.18249
G1 X98.51 Y85.3 E377.19437
G1 X98.691 Y85.203 E377.19891
G1 X99.011 Y85.083 E377.20647
G1 X99.682 Y84.742 E377.22312
G0 F9000 X99.181 Y84.84
G1 F2700 X93.245 Y84.84 E377.35441
G0 F9000 X93.199 Y84.579
G0 X92.172 Y84.869
G0 X92.255 Y85.12
G1 F2700 X98.546 Y85.12 E377.49355
G0 F9000 X97.99 Y85.4
G1 F2700 X91.614 Y85.4 E377.63458
G0 F9000 X91.146 Y85.68
G1 F2700 X97.581 Y85.68 E377.77691
G0 F9000 X97.24 Y85.96
G1 F2700 X90.729 Y85.96 E377.92092
G0 F9000 X90.396 Y86.24
G1 F2700 X96.949 Y86.24 E378.06585
G0 F9000 X96.708 Y86.52
G1 F2700 X90.113 Y86.52 E378.21172
G0 F9000 X89.852 Y86.8
G1 F2700 X96.518 Y86.8 E378.35916
G0 F9000 X96.335 Y87.08
G1 F2700 X89.619 Y87.08 E378.50771
G0 F9000 X89.426 Y87.36
G1 F2700 X96.184 Y87.36 E378.65718
G0 F9000 X96.066 Y87.64
G1 F2700 X89.252 Y87.64 E378.80789
G0 F9000 X89.1 Y87.92
G1 F2700 X95.949 Y87.92 E378.95938
G0 F9000 X95.867 Y88.2
G1 F2700 X88.961 Y88.2 E379.11212
G0 F9000 X88.843 Y88.48
G1 F2700 X95.798 Y88.48 E379.26595
G0 F9000 X95.745 Y88.76
G1 F2700 X88.745 Y88.76 E379.42078
G0 F9000 X88.647 Y89.04
G1 F2700 X95.708 Y89.04 E379.57696
G0 F9000 X95.694 Y89.32
G1 F2700 X88.572 Y89.32 E379.73448
G0 F9000 X88.521 Y89.6
G1 F2700 X95.692 Y89.6 E379.89309
G0 F9000 X95.717 Y89.88
G1 F2700 X88.473 Y89.88 E380.05331
G0 F9000 X88.448 Y90.16
G1 F2700 X95.746 Y90.16 E380.21473
G0 F9000 X95.798 Y90.44
G1 F2700 X88.429 Y90.44 E380.37772
G0 F9000 X88.416 Y90.72
G1 F2700 X95.879 Y90.72 E380.54278
G0 F9000 X95.959 Y91
G1 F2700 X88.416 Y91 E380.70962
G0 F9000 X88.416 Y91.28
G1 F2700 X96.062 Y91.28 E380.87873
G0 F9000 X96.194 Y91.56
G1 F2700 X88.416 Y91.56 E381.05077
G0 F9000 X88.416 Y91.84
G1 F2700 X96.333 Y91.84 E381.22587
G0 F9000 X96.507 Y92.12
G1 F2700 X88.416 Y92.12 E381.40483
G0 F9000 X88.416 Y92.4
G1 F2700 X96.721 Y92.4 E381.58852
G0 F9000 X96.949 Y92.68
G1 F2700 X88.416 Y92.68 E381.77725
G0 F9000 X88.416 Y92.96
G1 F2700 X97.243 Y92.96 E381.97249
G0 F9000 X97.583 Y93.24
G1 F2700 X88.416 Y93.24 E382.17524
G0 F9000 X88.416 Y93.52
G1 F2700 X97.965 Y93.52 E382.38645
G0 F9000 X98.534 Y93.8
G1 F2700 X88.416 Y93.8 E382.61024
G0 F9000 X88.416 Y94.08
G1 F2700 X99.381 Y94.08 E382.85276
G0 F9000 X99.432 Y93.826
G0 X101.81 Y93.211
G0 X102.707 Y92.756
G0 X103.377 Y92.154
G0 X103.892 Y91.459
G0 X104.275 Y90.56
G0 X104.421 Y89.815
G0 X104.42 Y89.091
G0 X104.273 Y88.353
G0 X103.98 Y87.598
G0 X103.498 Y86.93
G0 X101.533 Y85.06
G0 X101.675 Y84.84
G1 F2700 X125.14 Y84.84 E383.37176
G0 F9000 X125.195 Y84.583
G0 X126.894 Y84.892
G0 X126.7 Y85.12
G1 F2700 X102.331 Y85.12 E383.91075
G0 F9000 X102.842 Y85.4
G1 F2700 X126.7 Y85.4 E384.43845
G0 F9000 X126.7 Y85.68
G1 F2700 X103.28 Y85.68 E384.95645
G0 F9000 X103.608 Y85.96
G1 F2700 X126.7 Y85.96 E385.4672
G0 F9000 X126.7 Y86.24
G1 F2700 X103.913 Y86.24 E385.9712
G0 F9000 X104.149 Y86.52
G1 F2700 X126.7 Y86.52 E386.46998
G0 F9000 X126.7 Y86.8
G1 F2700 X104.35 Y86.8 E386.96432
G0 F9000 X104.539 Y87.08
G1 F2700 X126.7 Y87.08 E387.45448
G0 F9000 X126.7 Y87.36
G1 F2700 X104.687 Y87.36 E387.94136
G0 F9000 X104.8 Y87.64
G1 F2700 X126.7 Y87.64 E388.42574
G0 F9000 X126.7 Y87.92
G1 F2700 X104.91 Y87.92 E388.9077
G0 F9000 X105.003 Y88.2
G1 F2700 X126.7 Y88.2 E389.38759
G0 F9000 X126.7 Y88.48
G1 F2700 X105.06 Y88.48 E389.86622
G0 F9000 X105.118 Y88.76
G1 F2700 X126.7 Y88.76 E390.34357
G0 F9000 X126.7 Y89.04
G1 F2700 X105.157 Y89.04 E390.82006
G0 F9000 X105.168 Y89.32
G1 F2700 X126.7 Y89.32 E391.29631
G0 F9000 X126.7 Y89.6
G1 F2700 X105.167 Y89.6 E391.77257
G0 F9000 X105.166 Y89.88
G1 F2700 X126.7 Y89.88 E392.24886
G0 F9000 X126.7 Y90.16
G1 F2700 X105.116 Y90.16 E392.72626
G0 F9000 X105.062 Y90.44
G1 F2700 X126.7 Y90.44 E393.20484
G0 F9000 X126.7 Y90.72
G1 F2700 X105.009 Y90.72 E393.68461
G0 F9000 X104.911 Y91
G1 F2700 X126.7 Y91 E394.16653
G0 F9000 X126.7 Y91.28
G1 F2700 X104.806 Y91.28 E394.65079
G0 F9000 X104.682 Y91.56
G1 F2700 X126.7 Y91.56 E395.13778
G0 F9000 X126.7 Y91.84
G1 F2700 X104.535 Y91.84 E395.62803
G0 F9000 X104.364 Y92.12
G1 F2700 X126.7 Y92.12 E396.12205
G0 F9000 X126.7 Y92.4
G1 F2700 X104.138 Y92.4 E396.62108
G0 F9000 X103.912 Y92.68
G1 F2700 X126.7 Y92.68 E397.1251
G0 F9000 X126.7 Y92.96
G1 F2700 X103.616 Y92.96 E397.63568
G0 F9000 X103.291 Y93.24
G1 F2700 X126.7 Y93.24 E398.15344
G0 F9000 X126.7 Y93.52
G1 F2700 X102.877 Y93.52 E398.68035
G0 F9000 X102.34 Y93.8
G1 F2700 X126.7 Y93.8 E399.21915
G0 F9000 X126.7 Y94.08
G1 F2700 X101.468 Y94.08 E399.77723
G1 F2400 E397.77723
G0 F9000 X101.4 Y93.829
G0 X97.446 Y92.876
G0 X95.949 Y88.747
G0 X98.544 Y85.353
G0 X99.624 Y84.843
G0 X98.959 Y84.506
G0 X93.727 Y84.547
G0 X92.682 Y84.763
G0 X91.662 Y85.147
G0 X90.489 Y85.897
G0 X89.581 Y86.794
G0 X88.907 Y87.852
G0 X88.436 Y89.027
G0 X88.256 Y90.186
G0 X88.154 Y94.36
G1 F1200 E399.77723
G0 F9000 X88.416 Y94.36
G1 F2700 X126.7 Y94.36 E400.62399
G0 F9000 X126.7 Y94.64
G1 F2700 X88.416 Y94.64 E401.47076
G0 F9000 X88.416 Y94.92
G1 F2700 X126.7 Y94.92 E402.31752
G0 F9000 X126.7 Y95.2
G1 F2700 X88.416 Y95.2 E403.16429
G0 F9000 X88.416 Y95.48
G1 F2700 X126.7 Y95.48 E404.01105
G0 F9000 X126.7 Y95.76
G1 F2700 X88.416 Y95.76 E404.85782
G0 F9000 X88.416 Y96.04
G1 F2700 X126.7 Y96.04 E405.70458
G0 F9000 X126.7 Y96.32
G1 F2700 X88.416 Y96.32 E406.55135
G0 F9000 X88.416 Y96.6
G1 F2700 X126.7 Y96.6 E407.39811
G0 F9000 X126.7 Y96.88
G1 F2700 X88.416 Y96.88 E408.24488
G0 F9000 X88.416 Y97.16
G1 F2700 X126.7 Y97.16 E409.09164
G0 F9000 X126.7 Y97.44
G1 F2700 X88.416 Y97.44 E409.93841
G0 F9000 X88.416 Y97.72
G1 F2700 X126.7 Y97.72 E410.78517
G0 F9000 X126.7 Y98
G1 F2700 X88.416 Y98 E411.63194
G0 F9000 X88.416 Y98.28
G1 F2700 X126.7 Y98.28 E412.4787
G0 F9000 X126.7 Y98.56
G1 F2700 X88.416 Y98.56 E413.32547
G0 F9000 X88.416 Y98.84
G1 F2700 X126.7 Y98.84 E414.17223
G0 F9000 X126.7 Y99.12
G1 F2700 X88.416 Y99.12 E415.019
G0 F9000 X88.416 Y99.4
G1 F2700 X126.7 Y99.4 E415.86576
G1 F2400 E413.86576
G0 F9000 X126.963 Y99.4
G0 X126.896 Y134.859
G0 X125.853 Y135.298
G0 X123.831 Y135.494
G0 X102.15 Y135.494
G0 X101.81 Y135.416
G0 X101.484 Y135.227
G0 X104.826 Y131.671
G0 X103.859 Y127.559
G0 X103.167 Y126.886
G0 X107.432 Y125.523
G0 X108.538 Y122.706
G0 X107.885 Y101.606
G0 X105.883 Y100.149
G0 X98.548 Y99.937
G1 F1200 E415.86576
G0 F9000 X98.503 Y99.68
G1 F2700 X88.416 Y99.68 E416.08887
G0 F9000 X88.416 Y99.96
G1 F2700 X97.301 Y99.96 E416.28539
G0 F9000 X96.467 Y100.24
G1 F2700 X88.416 Y100.24 E416.46346
G0 F9000 X88.416 Y100.52
G1 F2700 X95.811 Y100.52 E416.62702
G0 F9000 X95.262 Y100.8
G1 F2700 X88.416 Y100.8 E416.77844
G0 F9000 X88.416 Y101.08
G1 F2700 X94.756 Y101.08 E416.91867
G0 F9000 X94.305 Y101.36
G1 F2700 X88.416 Y101.36 E417.04892
G0 F9000 X88.416 Y101.64
G1 F2700 X93.912 Y101.64 E417.17048
G0 F9000 X93.53 Y101.92
G1 F2700 X88.416 Y101.92 E417.28359
G0 F9000 X88.416 Y102.2
G1 F2700 X93.2 Y102.2 E417.38941
G0 F9000 X92.869 Y102.48
G1 F2700 X88.416 Y102.48 E417.4879
G0 F9000 X88.416 Y102.76
G1 F2700 X92.587 Y102.76 E417.58015
G0 F9000 X92.318 Y103.04
G1 F2700 X88.416 Y103.04 E417.66646
G0 F9000 X88.416 Y103.32
G1 F2700 X92.061 Y103.32 E417.74708
G0 F9000 X91.835 Y103.6
G1 F2700 X88.416 Y103.6 E417.8227
G0 F9000 X88.416 Y103.88
G1 F2700 X91.609 Y103.88 E417.89332
G0 F9000 X91.383 Y104.16
G1 F2700 X88.416 Y104.16 E417.95895
G0 F9000 X88.416 Y104.44
G1 F2700 X91.197 Y104.44 E418.02046
G0 F9000 X91.012 Y104.72
G1 F2700 X88.416 Y104.72 E418.07787
G0 F9000 X88.416 Y105
G1 F2700 X90.851 Y105 E418.13173
G0 F9000 X90.696 Y105.28
G1 F2700 X88.416 Y105.28 E418.18216
G0 F9000 X88.416 Y105.56
G1 F2700 X90.542 Y105.56 E418.22918
G0 F9000 X90.387 Y105.84
G1 F2700 X88.416 Y105.84 E418.27278
G0 F9000 X88.416 Y106.12
G1 F2700 X90.267 Y106.12 E418.31372
G0 F9000 X90.153 Y106.4
G1 F2700 X88.416 Y106.4 E418.35214
G0 F9000 X88.416 Y106.68
G1 F2700 X90.038 Y106.68 E418.38801
G0 F9000 X89.94 Y106.96
G1 F2700 X88.416 Y106.96 E418.42172
G0 F9000 X88.416 Y107.24
G1 F2700 X89.85 Y107.24 E418.45344
G0 F9000 X89.76 Y107.52
G1 F2700 X88.416 Y107.52 E418.48316
G0 F9000 X88.416 Y107.8
G1 F2700 X89.67 Y107.8 E418.5109
G0 F9000 X89.601 Y108.08
G1 F2700 X88.416 Y108.08 E418.53711
G0 F9000 X88.416 Y108.36
G1 F2700 X89.536 Y108.36 E418.56188
G0 F9000 X89.473 Y108.64
G1 F2700 X88.416 Y108.64 E418.58526
G0 F9000 X88.416 Y108.92
G1 F2700 X89.438 Y108.92 E418.60786
G0 F9000 X89.403 Y109.2
G1 F2700 X88.416 Y109.2 E418.6297
G0 F9000 X88.416 Y109.48
G1 F2700 X89.368 Y109.48 E418.65075
G0 F9000 X89.333 Y109.76
G1 F2700 X88.416 Y109.76 E418.67103
G0 F9000 X88.415 Y110.04
G1 F2700 X89.307 Y110.04 E418.69076
G0 F9000 X89.298 Y110.32
G1 F2700 X88.415 Y110.32 E418.71029
G0 F9000 X88.415 Y110.6
G1 F2700 X89.289 Y110.6 E418.72962
G0 F9000 X89.289 Y110.88
G1 F2700 X88.415 Y110.88 E418.74896
G0 F9000 X88.415 Y111.16
G1 F2700 X89.289 Y111.16 E418.76829
G0 F9000 X89.289 Y111.44
G1 F2700 X88.415 Y111.44 E418.78762
G0 F9000 X88.415 Y111.72
G1 F2700 X89.289 Y111.72 E418.80695
G0 F9000 X89.289 Y112
G1 F2700 X88.415 Y112 E418.82628
G0 F9000 X88.415 Y112.28
G1 F2700 X89.289 Y112.28 E418.84561
G0 F9000 X89.289 Y112.56
G1 F2700 X88.415 Y112.56 E418.86494
G0 F9000 X88.415 Y112.84
G1 F2700 X89.289 Y112.84 E418.88427
G0 F9000 X89.289 Y113.12
G1 F2700 X88.415 Y113.12 E418.9036
G0 F9000 X88.415 Y113.4
G1 F2700 X89.289 Y113.4 E418.92294
G0 F9000 X89.289 Y113.68
G1 F2700 X88.415 Y113.68 E418.94227
G0 F9000 X88.415 Y113.96
G1 F2700 X89.289 Y113.96 E418.9616
G0 F9000 X89.289 Y114.24
G1 F2700 X88.415 Y114.24 E418.98093
G0 F9000 X88.415 Y114.52
G1 F2700 X89.289 Y114.52 E419.00026
G0 F9000 X89.289 Y114.8
G1 F2700 X88.415 Y114.8 E419.01959
G0 F9000 X88.415 Y115.08
G1 F2700 X89.289 Y115.08 E419.03892
G0 F9000 X89.289 Y115.36
G1 F2700 X88.415 Y115.36 E419.05825
G0 F9000 X88.415 Y115.64
G1 F2700 X89.289 Y115.64 E419.07758
G0 F9000 X89.289 Y115.92
G1 F2700 X88.415 Y115.92 E419.09692
G0 F9000 X88.415 Y116.2
G1 F2700 X89.303 Y116.2 E419.11656
G0 F9000 X89.318 Y116.48
G1 F2700 X88.415 Y116.48 E419.13653
G0 F9000 X88.415 Y116.76
G1 F2700 X89.333 Y116.76 E419.15683
G0 F9000 X89.361 Y117.04
G1 F2700 X88.415 Y117.04 E419.17776
G0 F9000 X88.415 Y117.32
G1 F2700 X89.398 Y117.32 E419.1995
G0 F9000 X89.435 Y117.6
G1 F2700 X88.415 Y117.6 E419.22206
G0 F9000 X88.415 Y117.88
G1 F2700 X89.472 Y117.88 E419.24544
G0 F9000 X89.528 Y118.16
G1 F2700 X88.415 Y118.16 E419.27006
G0 F9000 X88.415 Y118.44
G1 F2700 X89.601 Y118.44 E419.29629
G0 F9000 X89.674 Y118.72
G1 F2700 X88.415 Y118.72 E419.32413
G0 F9000 X88.414 Y119
G1 F2700 X89.745 Y119 E419.35357
G0 F9000 X89.818 Y119.28
G1 F2700 X88.414 Y119.28 E419.38463
G0 F9000 X88.414 Y119.56
G1 F2700 X89.924 Y119.56 E419.41802
G0 F9000 X90.033 Y119.84
G1 F2700 X88.414 Y119.84 E419.45383
G0 F9000 X88.414 Y120.12
G1 F2700 X90.141 Y120.12 E419.49203
G0 F9000 X90.254 Y120.4
G1 F2700 X88.414 Y120.4 E419.53273
G0 F9000 X88.414 Y120.68
G1 F2700 X90.389 Y120.68 E419.57641
G0 F9000 X90.524 Y120.96
G1 F2700 X88.414 Y120.96 E419.62308
G0 F9000 X88.414 Y121.24
G1 F2700 X90.659 Y121.24 E419.67274
G0 F9000 X90.833 Y121.52
G1 F2700 X88.414 Y121.52 E419.72624
G0 F9000 X88.414 Y121.8
G1 F2700 X91.01 Y121.8 E419.78366
G0 F9000 X91.188 Y122.08
G1 F2700 X88.414 Y122.08 E419.84501
G0 F9000 X88.414 Y122.36
G1 F2700 X91.366 Y122.36 E419.9103
G0 F9000 X91.58 Y122.64
G1 F2700 X88.414 Y122.64 E419.98033
G0 F9000 X88.414 Y122.92
G1 F2700 X91.807 Y122.92 E420.05538
G0 F9000 X92.035 Y123.2
G1 F2700 X88.414 Y123.2 E420.13547
G0 F9000 X88.414 Y123.48
G1 F2700 X92.285 Y123.48 E420.22108
G0 F9000 X92.554 Y123.76
G1 F2700 X88.414 Y123.76 E420.31265
G0 F9000 X88.414 Y124.04
G1 F2700 X92.825 Y124.04 E420.41022
G0 F9000 X93.161 Y124.32
G1 F2700 X88.414 Y124.32 E420.51521
G0 F9000 X88.414 Y124.6
G1 F2700 X93.497 Y124.6 E420.62764
G0 F9000 X93.863 Y124.88
G1 F2700 X88.414 Y124.88 E420.74816
G0 F9000 X88.414 Y125.16
G1 F2700 X94.26 Y125.16 E420.87746
G0 F9000 X94.704 Y125.44
G1 F2700 X88.414 Y125.44 E421.01658
G0 F9000 X88.414 Y125.72
G1 F2700 X95.212 Y125.72 E421.16694
G0 F9000 X95.722 Y126
G1 F2700 X88.414 Y126 E421.32858
G0 F9000 X88.414 Y126.28
G1 F2700 X96.421 Y126.28 E421.50568
G0 F9000 X97.215 Y126.56
G1 F2700 X88.414 Y126.56 E421.70034
G0 F9000 X88.414 Y126.84
G1 F2700 X97.468 Y126.84 E421.90059
G0 F9000 X97.155 Y127.12
G1 F2700 X88.414 Y127.12 E422.09393
G0 F9000 X88.414 Y127.4
G1 F2700 X96.868 Y127.4 E422.28091
G0 F9000 X96.647 Y127.68
G1 F2700 X88.414 Y127.68 E422.46301
G0 F9000 X88.414 Y127.96
G1 F2700 X96.465 Y127.96 E422.64108
G0 F9000 X96.283 Y128.24
G1 F2700 X88.414 Y128.24 E422.81513
G0 F9000 X88.414 Y128.52
G1 F2700 X96.147 Y128.52 E422.98617
G0 F9000 X96.029 Y128.8
G1 F2700 X88.414 Y128.8 E423.15459
G0 F9000 X88.414 Y129.08
G1 F2700 X95.92 Y129.08 E423.32061
G0 F9000 X95.847 Y129.36
G1 F2700 X88.417 Y129.36 E423.48495
G0 F9000 X88.437 Y129.64
G1 F2700 X95.774 Y129.64 E423.64723
G0 F9000 X95.731 Y129.92
G1 F2700 X88.457 Y129.92 E423.80811
G0 F9000 X88.486 Y130.2
G1 F2700 X95.698 Y130.2 E423.96763
G0 F9000 X95.695 Y130.48
G1 F2700 X88.543 Y130.48 E424.12582
G0 F9000 X88.601 Y130.76
G1 F2700 X95.694 Y130.76 E424.2827
G0 F9000 X95.724 Y131.04
G1 F2700 X88.672 Y131.04 E424.43868
G0 F9000 X88.768 Y131.32
G1 F2700 X95.757 Y131.32 E424.59326
G0 F9000 X95.82 Y131.6
G1 F2700 X88.879 Y131.6 E424.74678
G0 F9000 X89.03 Y131.88
G1 F2700 X95.9 Y131.88 E424.89873
G0 F9000 X95.981 Y132.16
G1 F2700 X89.18 Y132.16 E425.04915
G0 F9000 X89.331 Y132.44
G1 F2700 X96.094 Y132.44 E425.19874
G0 F9000 X96.24 Y132.72
G1 F2700 X89.481 Y132.72 E425.34823
G0 F9000 X89.689 Y133
G1 F2700 X96.387 Y133 E425.49638
G0 F9000 X96.557 Y133.28
G1 F2700 X89.917 Y133.28 E425.64324
G0 F9000 X90.183 Y133.56
G1 F2700 X96.776 Y133.56 E425.78907
G0 F9000 X97.032 Y133.84
G1 F2700 X90.497 Y133.84 E425.93361
G0 F9000 X90.842 Y134.12
G1 F2700 X97.348 Y134.12 E426.07751
G0 F9000 X97.675 Y134.4
G1 F2700 X91.265 Y134.4 E426.21928
G0 F9000 X91.787 Y134.68
G1 F2700 X98.12 Y134.68 E426.35936
G0 F9000 X98.699 Y134.96
G1 F2700 X92.447 Y134.96 E426.49764
G0 F9000 X92.364 Y135.209
G0 X93.734 Y135.498
G0 X93.778 Y135.24
G1 F2700 X98.949 Y135.24 E426.61201
G1 F2400 E424.61201
G0 F9000 X98.975 Y135.503
G0 X99.389 Y135.227
G0 X97.14 Y132.82
G0 X96.73 Y132.044
G0 X96.501 Y131.252
G0 X96.446 Y130.255
G0 X96.634 Y129.295
G0 X96.916 Y128.633
G0 X97.362 Y127.964
G0 X97.854 Y127.488
G0 X98.321 Y127.148
G0 X99.075 Y126.772
G0 X100.665 Y126.311
G0 X104.426 Y126.312
G0 X105.25 Y126.188
G0 X105.645 Y126.09
G0 X106.461 Y125.658
G0 X106.946 Y125.254
G0 X107.437 Y124.637
G0 X107.721 Y124.078
G0 X107.937 Y123.328
G0 X107.991 Y122.745
G0 X107.991 Y103.805
G0 X107.886 Y103.092
G0 X107.724 Y102.485
G0 X107.442 Y101.924
G0 X107.231 Y101.647
G0 X105.521 Y99.93
G1 F1200 E426.61201
G0 F9000 X105.594 Y99.68
G1 F2700 X126.7 Y99.68 E427.07883
G0 F9000 X126.7 Y99.96
G1 F2700 X106.328 Y99.96 E427.52942
G0 F9000 X106.834 Y100.24
G1 F2700 X126.7 Y100.24 E427.96882
G0 F9000 X126.7 Y100.52
G1 F2700 X107.175 Y100.52 E428.40067
G0 F9000 X107.484 Y100.8
G1 F2700 X126.7 Y100.8 E428.82569
G0 F9000 X126.7 Y101.08
G1 F2700 X107.735 Y101.08 E429.24516
G0 F9000 X107.943 Y101.36
G1 F2700 X126.7 Y101.36 E429.66003
G0 F9000 X126.7 Y101.64
G1 F2700 X108.138 Y101.64 E430.07058
G0 F9000 X108.275 Y101.92
G1 F2700 X126.7 Y101.92 E430.4781
G0 F9000 X126.7 Y102.2
G1 F2700 X108.412 Y102.2 E430.8826
G0 F9000 X108.497 Y102.48
G1 F2700 X126.7 Y102.48 E431.28521
G0 F9000 X126.7 Y102.76
G1 F2700 X108.573 Y102.76 E431.68614
G0 F9000 X108.648 Y103.04
G1 F2700 X126.7 Y103.04 E432.08542
G0 F9000 X126.7 Y103.32
G1 F2700 X108.699 Y103.32 E432.48356
G0 F9000 X108.725 Y103.6
G1 F2700 X126.7 Y103.6 E432.88113
G0 F9000 X126.7 Y103.88
G1 F2700 X108.735 Y103.88 E433.27848
G0 F9000 X108.735 Y104.16
G1 F2700 X126.7 Y104.16 E433.67583
G0 F9000 X126.7 Y104.44
G1 F2700 X108.735 Y104.44 E434.07318
G0 F9000 X108.735 Y104.72
G1 F2700 X126.7 Y104.72 E434.47053
G0 F9000 X126.7 Y105
G1 F2700 X108.735 Y105 E434.86788
G0 F9000 X108.735 Y105.28
G1 F2700 X126.7 Y105.28 E435.26523
G0 F9000 X126.7 Y105.56
G1 F2700 X108.735 Y105.56 E435.66258
G0 F9000 X108.735 Y105.84
G1 F2700 X126.7 Y105.84 E436.05993
G0 F9000 X126.7 Y106.12
G1 F2700 X108.735 Y106.12 E436.45728
G0 F9000 X108.735 Y106.4
G1 F2700 X126.7 Y106.4 E436.85463
G0 F9000 X126.7 Y106.68
G1 F2700 X108.735 Y106.68 E437.25198
G0 F9000 X108.735 Y106.96
G1 F2700 X126.7 Y106.96 E437.64933
G0 F9000 X126.7 Y107.24
G1 F2700 X108.735 Y107.24 E438.04668
G0 F9000 X108.735 Y107.52
G1 F2700 X126.7 Y107.52 E438.44403
G0 F9000 X126.7 Y107.8
G1 F2700 X108.735 Y107.8 E438.84138
G0 F9000 X108.735 Y108.08
G1 F2700 X126.7 Y108.08 E439.23873
G0 F9000 X126.7 Y108.36
G1 F2700 X108.735 Y108.36 E439.63608
G0 F9000 X108.736 Y108.64
G1 F2700 X126.7 Y108.64 E440.03341
G0 F9000 X126.7 Y108.92
G1 F2700 X108.736 Y108.92 E440.43073
G0 F9000 X108.736 Y109.2
G1 F2700 X126.7 Y109.2 E440.82806
G0 F9000 X126.7 Y109.48
G1 F2700 X108.736 Y109.48 E441.22539
G0 F9000 X108.736 Y109.76
G1 F2700 X126.7 Y109.76 E441.62272
G0 F9000 X126.7 Y110.04
G1 F2700 X108.736 Y110.04 E442.02004
G0 F9000 X108.736 Y110.32
G1 F2700 X126.7 Y110.32 E442.41737
G0 F9000 X126.7 Y110.6
G1 F2700 X108.736 Y110.6 E442.8147
G0 F9000 X108.736 Y110.88
G1 F2700 X126.7 Y110.88 E443.21203
G0 F9000 X126.7 Y111.16
G1 F2700 X108.736 Y111.16 E443.60935
G0 F9000 X108.736 Y111.44
G1 F2700 X126.7 Y111.44 E444.00668
G0 F9000 X126.7 Y111.72
G1 F2700 X108.736 Y111.72 E444.40401
G0 F9000 X108.736 Y112
G1 F2700 X126.7 Y112 E444.80134
G0 F9000 X126.7 Y112.28
G1 F2700 X108.736 Y112.28 E445.19867
G0 F9000 X108.736 Y112.56
G1 F2700 X126.7 Y112.56 E445.59599
G0 F9000 X126.7 Y112.84
G1 F2700 X108.736 Y112.84 E445.99332
G0 F9000 X108.736 Y113.12
G1 F2700 X126.7 Y113.12 E446.39065
G0 F9000 X126.7 Y113.4
G1 F2700 X108.737 Y113.4 E446.78795
G0 F9000 X108.737 Y113.68
G1 F2700 X126.7 Y113.68 E447.18526
G0 F9000 X126.7 Y113.96
G1 F2700 X108.737 Y113.96 E447.58256
G0 F9000 X108.737 Y114.24
G1 F2700 X126.7 Y114.24 E447.97987
G0 F9000 X126.7 Y114.52
G1 F2700 X108.737 Y114.52 E448.37717
G0 F9000 X108.737 Y114.8
G1 F2700 X126.7 Y114.8 E448.77448
G0 F9000 X126.7 Y115.08
G1 F2700 X108.737 Y115.08 E449.17179
G0 F9000 X108.737 Y115.36
G1 F2700 X126.7 Y115.36 E449.56909
G0 F9000 X126.7 Y115.64
G1 F2700 X108.737 Y115.64 E449.9664
G0 F9000 X108.737 Y115.92
G1 F2700 X126.7 Y115.92 E450.3637
G0 F9000 X126.7 Y116.2
G1 F2700 X108.737 Y116.2 E450.76101
G0 F9000 X108.737 Y116.48
G1 F2700 X126.7 Y116.48 E451.15831
G0 F9000 X126.7 Y116.76
G1 F2700 X108.737 Y116.76 E451.55562
G0 F9000 X108.737 Y117.04
G1 F2700 X126.7 Y117.04 E451.95292
G0 F9000 X126.7 Y117.32
G1 F2700 X108.737 Y117.32 E452.35023
G0 F9000 X108.737 Y117.6
G1 F2700 X126.7 Y117.6 E452.74753
G0 F9000 X126.7 Y117.88
G1 F2700 X108.737 Y117.88 E453.14484
G0 F9000 X108.738 Y118.16
G1 F2700 X126.7 Y118.16 E453.54212
G0 F9000 X126.7 Y118.44
G1 F2700 X108.738 Y118.44 E453.93941
G0 F9000 X108.738 Y118.72
G1 F2700 X126.7 Y118.72 E454.33669
G0 F9000 X126.699 Y119
G1 F2700 X108.737 Y119 E454.73397
G0 F9000 X108.737 Y119.28
G1 F2700 X126.699 Y119.28 E455.13126
G0 F9000 X126.699 Y119.56
G1 F2700 X108.737 Y119.56 E455.52854
G0 F9000 X108.737 Y119.84
G1 F2700 X126.699 Y119.84 E455.92582
G0 F9000 X126.699 Y120.12
G1 F2700 X108.737 Y120.12 E456.32311
G0 F9000 X108.737 Y120.4
G1 F2700 X126.699 Y120.4 E456.72039
G0 F9000 X126.699 Y120.68
G1 F2700 X108.737 Y120.68 E457.11767
G0 F9000 X108.737 Y120.96
G1 F2700 X126.699 Y120.96 E457.51496
G0 F9000 X126.699 Y121.24
G1 F2700 X108.737 Y121.24 E457.91224
G0 F9000 X108.737 Y121.52
G1 F2700 X126.699 Y121.52 E458.30952
G0 F9000 X126.699 Y121.8
G1 F2700 X108.737 Y121.8 E458.70681
G0 F9000 X108.737 Y122.08
G1 F2700 X126.699 Y122.08 E459.10409
G0 F9000 X126.699 Y122.36
G1 F2700 X108.737 Y122.36 E459.50137
G0 F9000 X108.737 Y122.64
G1 F2700 X126.699 Y122.64 E459.89866
G0 F9000 X126.699 Y122.92
G1 F2700 X108.727 Y122.92 E460.29616
G0 F9000 X108.698 Y123.2
G1 F2700 X126.699 Y123.2 E460.69431
G0 F9000 X126.699 Y123.48
G1 F2700 X108.67 Y123.48 E461.09307
G0 F9000 X108.589 Y123.76
G1 F2700 X126.699 Y123.76 E461.49363
G0 F9000 X126.699 Y124.04
G1 F2700 X108.506 Y124.04 E461.89602
G0 F9000 X108.424 Y124.32
G1 F2700 X126.699 Y124.32 E462.30023
G0 F9000 X126.699 Y124.6
G1 F2700 X108.294 Y124.6 E462.70731
G0 F9000 X108.153 Y124.88
G1 F2700 X126.699 Y124.88 E463.11751
G0 F9000 X126.699 Y125.16
G1 F2700 X107.978 Y125.16 E463.53158
G0 F9000 X107.749 Y125.44
G1 F2700 X126.699 Y125.44 E463.95072
G0 F9000 X126.699 Y125.72
G1 F2700 X107.521 Y125.72 E464.3749
G0 F9000 X107.219 Y126
G1 F2700 X126.699 Y126 E464.80575
G0 F9000 X126.699 Y126.28
G1 F2700 X106.879 Y126.28 E465.24413
G0 F9000 X106.36 Y126.56
G1 F2700 X126.699 Y126.56 E465.69399
G0 F9000 X126.699 Y126.84
G1 F2700 X105.731 Y126.84 E466.15776
G0 F9000 X105.659 Y126.589
G0 X103.167 Y126.886
G0 X103.514 Y127.306
G0 X103.697 Y127.12
G1 F2700 X126.699 Y127.12 E466.66652
G0 F9000 X126.699 Y127.4
G1 F2700 X103.984 Y127.4 E467.16893
G0 F9000 X104.215 Y127.68
G1 F2700 X126.699 Y127.68 E467.66623
G0 F9000 X126.699 Y127.96
G1 F2700 X104.403 Y127.96 E468.15937
G0 F9000 X104.576 Y128.24
G1 F2700 X126.699 Y128.24 E468.64869
G0 F9000 X126.699 Y128.52
G1 F2700 X104.709 Y128.52 E469.13506
G0 F9000 X104.842 Y128.8
G1 F2700 X126.699 Y128.8 E469.6185
G0 F9000 X126.699 Y129.08
G1 F2700 X104.934 Y129.08 E470.09989
G0 F9000 X105.026 Y129.36
G1 F2700 X126.699 Y129.36 E470.57926
G0 F9000 X126.699 Y129.64
G1 F2700 X105.082 Y129.64 E471.05738
G0 F9000 X105.132 Y129.92
G1 F2700 X126.699 Y129.92 E471.5344
G0 F9000 X126.699 Y130.2
G1 F2700 X105.156 Y130.2 E472.01089
G0 F9000 X105.163 Y130.48
G1 F2700 X126.699 Y130.48 E472.48722
G0 F9000 X126.699 Y130.76
G1 F2700 X105.17 Y130.76 E472.9634
G0 F9000 X105.156 Y131.04
G1 F2700 X126.699 Y131.04 E473.43989
G0 F9000 X126.699 Y131.32
G1 F2700 X105.1 Y131.32 E473.91761
G0 F9000 X105.044 Y131.6
G1 F2700 X126.699 Y131.6 E474.39658
G0 F9000 X126.699 Y131.88
G1 F2700 X104.986 Y131.88 E474.87683
G0 F9000 X104.88 Y132.16
G1 F2700 X126.699 Y132.16 E475.35942
G0 F9000 X126.699 Y132.44
G1 F2700 X104.775 Y132.44 E475.84433
G0 F9000 X104.633 Y132.72
G1 F2700 X126.699 Y132.72 E476.33239
G0 F9000 X126.699 Y133
G1 F2700 X104.48 Y133 E476.82383
G0 F9000 X104.295 Y133.28
G1 F2700 X126.699 Y133.28 E477.31936
G0 F9000 X126.699 Y133.56
G1 F2700 X104.079 Y133.56 E477.81967
G0 F9000 X103.827 Y133.84
G1 F2700 X126.699 Y133.84 E478.32555
G0 F9000 X126.699 Y134.12
G1 F2700 X103.519 Y134.12 E478.83825
G0 F9000 X103.184 Y134.4
G1 F2700 X126.699 Y134.4 E479.35835
G0 F9000 X126.699 Y134.68
G1 F2700 X102.729 Y134.68 E479.88852
G0 F9000 X102.147 Y134.96
G1 F2700 X126.139 Y134.96 E480.41918
G0 F9000 X126.239 Y135.203
G0 X124.613 Y135.503
G0 X124.584 Y135.24
G1 F2700 X101.951 Y135.24 E480.91977
G0 F9000 X101.802 Y135.58
G1 F2400 E478.91977
;MESH:NONMESH
G0 F600 X101.802 Y135.58 Z0.88
G0 F9000 X101.484 Y135.227
G0 X103.397 Y133.22
G0 X103.768 Y132.737
G0 X104.065 Y132.202
G0 X104.274 Y131.637
G0 X104.425 Y130.877
G0 X104.409 Y130.095
G0 X104.131 Y129.031
G0 X103.54 Y128.015
G0 X102.361 Y126.312
G0 X104.426 Y126.312
G0 X105.25 Y126.188
G0 X105.645 Y126.09
G0 X106.461 Y125.658
G0 X106.946 Y125.254
G0 X107.437 Y124.637
G0 X107.721 Y124.078
G0 X107.937 Y123.328
G0 X107.991 Y122.745
G0 X107.991 Y103.805
G0 X107.886 Y103.092
G0 X107.724 Y102.485
G0 X107.442 Y101.924
G0 X107.068 Y101.435
G0 X106.48 Y100.901
G0 X105.776 Y100.512
G0 X102.713 Y99.693
G0 X95.639 Y100.823
G0 X91.158 Y104.867
G0 X89.49 Y110.647
G0 X90.426 Y120.289
G0 X94.876 Y125.307
G0 X98.104 Y126.619
G0 X95.898 Y130.294
G0 X97.81 Y134.244
G0 X99.112 Y134.94
G0 X99.389 Y135.227
G0 X99.022 Y135.437
G0 X98.009 Y135.494
G0 X93.815 Y135.452
G0 X92.528 Y135.199
G0 X91.389 Y134.717
G0 X90.571 Y134.163
G0 X89.725 Y133.372
G0 X89.193 Y132.613
G0 X88.555 Y131.32
G0 X88.271 Y130.161
G0 X88.212 Y128.34
G0 X88.249 Y90.1
G0 X88.436 Y89.027
G0 X88.907 Y87.852
G0 X89.581 Y86.794
G0 X90.489 Y85.897
G0 X91.662 Y85.147
G0 X92.866 Y84.701
G0 X93.866 Y84.538
G0 X98.959 Y84.506
G0 X99.738 Y84.737
G0 X96.159 Y87.939
G0 X96.688 Y92.032
G0 X100.544 Y93.997
G0 X103.621 Y92.199
G0 X104.57 Y89.783
;TIME_ELAPSED:641.734110
;LAYER:3
M106 S255
;TYPE:WALL-INNER
;MESH:DoorStrikePlate.stl
G1 F1200 E480.91977
G1 F3900 X104.401 Y90.601 E480.95276
G1 X104.127 Y91.332 E480.9836
G1 X103.643 Y92.079 E481.01875
G1 X102.943 Y92.757 E481.05724
G1 X102.3 Y93.149 E481.08698
G1 X101.899 Y93.327 E481.10431
G1 X101.177 Y93.527 E481.1339
G1 X100.346 Y93.597 E481.16684
G1 X99.367 Y93.46 E481.20588
G1 X98.621 Y93.171 E481.23748
G1 X98.153 Y92.911 E481.25863
G1 X97.385 Y92.262 E481.29834
G1 X96.935 Y91.67 E481.32771
G1 X96.542 Y90.848 E481.3637
G1 X96.407 Y90.384 E481.38278
G1 X96.372 Y90.087 E481.3946
G1 X96.314 Y89.749 E481.40814
G1 X96.294 Y89.557 E481.41576
G1 X96.338 Y88.842 E481.44406
G1 X96.493 Y88.214 E481.46961
G1 X96.805 Y87.468 E481.50154
G1 X97.246 Y86.822 E481.53244
G1 X97.712 Y86.358 E481.55841
G1 X98.011 Y86.112 E481.5737
G1 X98.227 Y85.969 E481.58393
G1 X98.902 Y85.623 E481.61389
G1 X99.179 Y85.522 E481.62554
G1 X99.815 Y85.377 E481.6513
G1 X100.381 Y85.327 E481.67374
G1 X101.111 Y85.383 E481.70266
G1 X101.739 Y85.535 E481.72818
G1 X102.252 Y85.759 E481.75029
G1 X102.756 Y86.047 E481.77322
G1 X102.999 Y86.232 E481.78528
G1 X103.237 Y86.464 E481.79841
G1 X103.509 Y86.71 E481.81289
G1 X103.713 Y86.949 E481.8253
G1 X104.121 Y87.58 E481.85498
G1 X104.402 Y88.308 E481.8858
G1 X104.543 Y88.998 E481.91362
G1 X104.57 Y89.783 E481.94464
G0 F9000 X103.834 Y91.165
G0 X103.377 Y91.871
G0 X102.739 Y92.486
G0 X101.785 Y93.009
G0 X101.411 Y93.116
G0 X100.337 Y93.316
G0 X100.365 Y93.095
G1 F3900 X99.501 Y92.971 E481.97911
G1 X98.831 Y92.717 E482.00741
G1 X98.455 Y92.505 E482.02446
G1 X97.754 Y91.913 E482.0607
G1 X97.367 Y91.407 E482.08586
G1 X97.009 Y90.663 E482.11847
G1 X96.895 Y90.254 E482.13524
G1 X96.868 Y90.018 E482.14463
G1 X96.807 Y89.664 E482.15881
G1 X96.798 Y89.575 E482.16235
G1 X96.833 Y88.92 E482.18825
G1 X96.961 Y88.402 E482.20933
G1 X97.247 Y87.707 E482.23901
G1 X97.631 Y87.145 E482.26589
G1 X97.978 Y86.792 E482.28544
G1 X98.389 Y86.448 E482.30661
G1 X99.207 Y86.028 E482.34293
G1 X99.901 Y85.87 E482.37104
G1 X100.387 Y85.832 E482.3903
G1 X101.034 Y85.879 E482.41592
G1 X101.574 Y86.009 E482.43786
G1 X101.994 Y86.192 E482.45595
G1 X102.58 Y86.522 E482.48251
G1 X102.921 Y86.852 E482.50126
G1 X103.243 Y87.143 E482.5184
G1 X103.671 Y87.806 E482.54957
G1 X103.922 Y88.455 E482.57705
G1 X104.044 Y89.057 E482.60131
G1 X104.063 Y89.743 E482.62841
G1 X103.919 Y90.467 E482.65757
G1 X103.677 Y91.104 E482.68448
G1 X103.257 Y91.758 E482.71518
G1 X102.638 Y92.357 E482.7492
G1 X102.11 Y92.679 E482.77363
G1 X101.729 Y92.856 E482.79022
G1 X101.09 Y93.034 E482.81642
G1 X100.365 Y93.095 E482.84516
G1 F2400 E480.84516
G0 F9000 X100.337 Y93.316
G0 X99.172 Y93.098
G0 X98.708 Y92.838
G0 X97.639 Y92.113
G1 F1200 E482.84516
G0 F9000 X98.096 Y91.584
;TYPE:WALL-OUTER
G1 F3000 X97.761 Y91.138 E482.86499
G1 X97.451 Y90.481 E482.89081
G1 X97.368 Y90.196 E482.90136
G1 X97.339 Y89.953 E482.91006
G1 X97.276 Y89.584 E482.92337
G1 X97.304 Y89.001 E482.94411
G1 X97.417 Y88.535 E482.96116
G1 X97.659 Y87.954 E482.98353
G1 X98.014 Y87.433 E483.00594
G1 X98.333 Y87.11 E483.02208
G1 X98.672 Y86.837 E483.03755
G1 X99.372 Y86.478 E483.06552
G1 X99.983 Y86.338 E483.0878
G1 X100.405 Y86.307 E483.10284
G1 X100.94 Y86.348 E483.12191
G1 X101.439 Y86.469 E483.14016
G1 X101.827 Y86.639 E483.15522
G1 X102.296 Y86.907 E483.17442
G1 X102.569 Y87.175 E483.18802
G1 X102.88 Y87.457 E483.20294
G1 X103.235 Y88.006 E483.22618
G1 X103.467 Y88.603 E483.24895
G1 X103.567 Y89.096 E483.26683
G1 X103.59 Y89.701 E483.28835
G1 X103.461 Y90.34 E483.31153
G1 X103.247 Y90.9 E483.33284
G1 X102.877 Y91.467 E483.3569
G1 X102.348 Y91.976 E483.383
G1 X101.863 Y92.274 E483.40323
G1 X101.551 Y92.412 E483.41536
G1 X100.988 Y92.569 E483.43614
G1 X100.382 Y92.616 E483.45774
G1 X99.635 Y92.515 E483.48454
G1 X99.023 Y92.279 E483.50785
G1 X98.718 Y92.11 E483.52025
G1 X98.096 Y91.584 E483.54921
G0 F9000 X97.976 Y91.424
G1 F2400 E481.54921
G0 F9000 X97.418 Y91.848
G0 X98.353 Y92.638
G0 X99.172 Y93.098
G0 X100.373 Y93.259
G0 X101.123 Y93.199
G0 X125.421 Y84.718
G0 X127.564 Y84.815
;TYPE:WALL-INNER
G1 F1200 E483.54921
G1 F3900 X126.535 Y84.589 E483.59082
G1 X126.012 Y84.589 E483.61147
G1 X125.751 Y84.561 E483.62184
G1 X125.012 Y84.397 E483.65174
G1 X124.245 Y84.309 E483.68223
G1 X123.831 Y84.295 E483.69859
G1 X94.392 Y84.296 E484.86133
G1 X93.68 Y84.34 E484.8895
G1 X92.811 Y84.495 E484.92437
G1 X91.829 Y84.824 E484.96527
G1 X91.199 Y85.147 E484.99323
G1 X90.51 Y85.605 E485.02591
G1 X89.977 Y86.055 E485.05346
G1 X89.422 Y86.654 E485.08571
G1 X89.169 Y86.989 E485.10229
G1 X88.829 Y87.533 E485.12763
G1 X88.507 Y88.185 E485.15635
G1 X88.234 Y88.966 E485.18903
G1 X88.162 Y89.256 E485.20083
G1 X88.049 Y89.915 E485.22724
G1 X88.005 Y90.563 E485.25289
G1 X88.001 Y129.309 E486.78322
G1 X88.061 Y130.19 E486.8181
G1 X88.24 Y131.056 E486.85302
G1 X88.466 Y131.708 E486.88028
G1 X89.138 Y132.971 E486.93678
G1 X89.566 Y133.511 E486.964
G1 X90.009 Y133.976 E486.98936
G1 X90.692 Y134.531 E487.02412
G1 X91.302 Y134.91 E487.05249
G1 X92.062 Y135.267 E487.08565
G1 X92.695 Y135.478 E487.11201
G1 X93.919 Y135.685 E487.16104
G1 X94.382 Y135.704 E487.17934
G1 X124.053 Y135.699 E488.35124
G1 X124.504 Y135.663 E488.36911
G1 X125.04 Y135.599 E488.39043
G1 X125.457 Y135.509 E488.40728
G1 X125.896 Y135.509 E488.42461
G1 X127.564 Y134.817 E488.49594
G1 X127.564 Y84.815 E490.47084
G0 F9000 X128.064 Y84.413
G1 F3900 X126.589 Y84.089 E490.53048
G1 X125.932 Y84.089 E490.55643
G1 X125.095 Y83.903 E490.5903
G1 X124.281 Y83.81 E490.62266
G1 X123.839 Y83.795 E490.64013
G1 X94.377 Y83.796 E491.80377
G1 X93.623 Y83.842 E491.8336
G1 X92.734 Y83.994 E491.86923
G1 X91.635 Y84.362 E491.915
G1 X90.946 Y84.714 E491.94556
G1 X90.209 Y85.204 E491.98052
G1 X89.631 Y85.693 E492.01042
G1 X89.038 Y86.333 E492.04488
G1 X88.756 Y86.706 E492.06335
G1 X88.392 Y87.29 E492.09053
G1 X88.045 Y87.991 E492.12142
G1 X87.754 Y88.823 E492.15623
G1 X87.672 Y89.153 E492.16966
G1 X87.552 Y89.856 E492.19783
G1 X87.505 Y90.546 E492.22515
G1 X87.501 Y129.327 E493.75686
G1 X87.565 Y130.258 E493.79371
G1 X87.757 Y131.188 E493.83122
G1 X88.006 Y131.909 E493.86135
G1 X88.718 Y133.247 E493.92121
G1 X89.188 Y133.839 E493.95107
G1 X89.669 Y134.344 E493.97861
G1 X90.401 Y134.939 E494.01587
G1 X91.063 Y135.35 E494.04664
G1 X91.876 Y135.732 E494.08212
G1 X92.573 Y135.964 E494.11114
G1 X93.866 Y136.183 E494.16293
G1 X94.371 Y136.204 E494.1829
G1 X124.084 Y136.198 E495.35645
G1 X124.389 Y136.169 E495.36855
G1 X124.547 Y136.162 E495.3748
G1 X125.112 Y136.095 E495.39727
G1 X125.508 Y136.009 E495.41328
G1 X125.995 Y136.009 E495.43251
G1 X128.064 Y135.151 E495.52098
G1 X128.064 Y84.413 E497.52495
G0 F9000 X128.539 Y84.035
;TYPE:WALL-OUTER
G1 F3000 X126.641 Y83.614 E497.59405
G1 X125.963 Y83.609 E497.61816
G1 X125.173 Y83.434 E497.64692
G1 X124.316 Y83.336 E497.67758
G1 X123.847 Y83.32 E497.69426
G1 X94.362 Y83.321 E498.74236
G1 X93.568 Y83.369 E498.77063
G1 X92.874 Y83.488 E498.79566
G1 X92.557 Y83.552 E498.80716
G1 X91.45 Y83.923 E498.84866
G1 X90.705 Y84.304 E498.87841
G1 X89.924 Y84.824 E498.91176
G1 X89.302 Y85.349 E498.94069
G1 X88.673 Y86.027 E498.97357
G1 X88.364 Y86.436 E498.99179
G1 X87.976 Y87.058 E499.01785
G1 X87.606 Y87.807 E499.04754
G1 X87.298 Y88.687 E499.08068
G1 X87.207 Y89.056 E499.09419
G1 X87.079 Y89.799 E499.12099
G1 X87.03 Y90.53 E499.14704
G1 X87.026 Y129.343 E500.52671
G1 X87.093 Y130.323 E500.56163
G1 X87.298 Y131.315 E500.59764
G1 X87.569 Y132.099 E500.62713
G1 X88.235 Y133.351 E500.67753
G1 X88.375 Y133.579 E500.68705
G1 X88.829 Y134.152 E500.71303
G1 X89.346 Y134.693 E500.73963
G1 X90.124 Y135.327 E500.77531
G1 X90.836 Y135.768 E500.80508
G1 X91.699 Y136.173 E500.83897
G1 X92.457 Y136.427 E500.86738
G1 X93.816 Y136.656 E500.91637
G1 X94.361 Y136.679 E500.93576
G1 X124.113 Y136.673 E501.99335
G1 X124.588 Y136.635 E502.01029
G1 X125.131 Y136.567 E502.02974
G1 X125.18 Y136.567 E502.03148
G1 X125.577 Y136.484 E502.0459
G1 X126.09 Y136.484 E502.06413
G1 X128.534 Y135.467 E502.15823
G1 X128.539 Y84.035 E503.98647
G0 F9000 X128.344 Y83.992
G1 F2400 E501.98647
G0 F9000 X127.862 Y84.573
G0 X125.421 Y84.718
G0 X107.437 Y124.637
G0 X106.945 Y125.256
G0 X106.46 Y125.658
G0 X105.662 Y126.083
G0 X105.337 Y126.174
G0 X101.809 Y126.649
;TYPE:WALL-INNER
G1 F1200 E503.98647
G1 F3900 X102.322 Y126.864 E504.00844
G1 X102.867 Y127.206 E504.03386
G1 X103.07 Y127.365 E504.04404
G1 X103.619 Y127.903 E504.0744
G1 X104.004 Y128.463 E504.10124
G1 X104.286 Y129.056 E504.12718
G1 X104.493 Y129.714 E504.15442
G1 X104.569 Y130.499 E504.18557
G1 X104.539 Y131.011 E504.20583
G1 X104.403 Y131.682 E504.23287
G1 X104.181 Y132.279 E504.25802
G1 X104.062 Y132.515 E504.26846
G1 X103.707 Y133.057 E504.29405
G1 X103.539 Y133.261 E504.30449
G1 X103.229 Y133.562 E504.32156
G1 X102.918 Y133.844 E504.33814
G1 X102.439 Y134.146 E504.3605
G1 X101.834 Y134.441 E504.38709
G1 X101.281 Y134.58 E504.40961
G1 X100.766 Y134.661 E504.4302
G1 X100.093 Y134.654 E504.45678
G1 X99.373 Y134.539 E504.48558
G1 X98.518 Y134.21 E504.52176
G1 X98.014 Y133.889 E504.54536
G1 X97.405 Y133.357 E504.5773
G1 X97.048 Y132.92 E504.59959
G1 X96.688 Y132.266 E504.62908
G1 X96.534 Y131.898 E504.64483
G1 X96.418 Y131.491 E504.66155
G1 X96.296 Y130.706 E504.69292
G1 X96.335 Y129.933 E504.72349
G1 X96.49 Y129.295 E504.74942
G1 X96.812 Y128.535 E504.78203
G1 X97.25 Y127.894 E504.81269
G1 X97.622 Y127.52 E504.83352
G1 X98.11 Y127.105 E504.85882
G1 X98.482 Y126.922 E504.8752
G1 X99.012 Y126.643 E504.89886
G1 X99.255 Y126.583 E504.90874
G1 X97.988 Y126.355 E504.95959
G1 X96.947 Y126.051 E505.00242
G1 X95.885 Y125.619 E505.0477
G1 X94.706 Y124.97 E505.10086
G1 X93.839 Y124.351 E505.14293
G1 X93.091 Y123.723 E505.18151
G1 X92.364 Y122.957 E505.22322
G1 X91.756 Y122.202 E505.26151
G1 X91.036 Y121.069 E505.31453
G1 X90.576 Y120.108 E505.35661
G1 X90.2 Y119.134 E505.39784
G1 X89.896 Y117.936 E505.44666
G1 X89.759 Y116.935 E505.48656
G1 X89.702 Y115.923 E505.5266
G1 X89.701 Y110.692 E505.7332
G1 X89.72 Y110.039 E505.75901
G1 X89.882 Y108.703 E505.81216
G1 X90.095 Y107.812 E505.84834
G1 X90.396 Y106.89 E505.88665
G1 X90.734 Y106.073 E505.92157
G1 X91.343 Y104.967 E505.97144
G1 X91.728 Y104.389 E505.99887
G1 X92.371 Y103.589 E506.03941
G1 X93.093 Y102.831 E506.08075
G1 X93.919 Y102.139 E506.12331
G1 X94.705 Y101.581 E506.16138
G1 X95.714 Y101.02 E506.20698
G1 X96.466 Y100.681 E506.23956
G1 X97.281 Y100.391 E506.27373
G1 X98.245 Y100.143 E506.31304
G1 X99.136 Y99.99 E506.34875
G1 X100.418 Y99.906 E506.39949
G1 X104.489 Y99.908 E506.56028
G1 X105.158 Y99.983 E506.58687
G1 X105.662 Y100.128 E506.60758
G1 X105.986 Y100.242 E506.62115
G1 X106.695 Y100.641 E506.65328
G1 X107.3 Y101.181 E506.68531
G1 X107.72 Y101.733 E506.71271
G1 X108.038 Y102.366 E506.74068
G1 X108.272 Y103.207 E506.77516
G1 X108.326 Y103.671 E506.79361
G1 X108.328 Y122.706 E507.54543
G1 X108.263 Y123.414 E507.57351
G1 X108.021 Y124.23 E507.60712
G1 X107.7 Y124.846 E507.63456
G1 X107.182 Y125.499 E507.66748
G1 X106.621 Y125.952 E507.69596
G1 X105.801 Y126.39 E507.73268
G1 X105.092 Y126.58 E507.76167
G1 X104.447 Y126.648 E507.78728
G1 X101.809 Y126.649 E507.89148
G0 F9000 X105.087 Y126.245
G0 X105.662 Y126.083
G0 X105.888 Y125.963
G0 X107.004 Y125.278
G0 X106.827 Y125.136
G1 F3900 X106.362 Y125.524 E507.9154
G1 X105.616 Y125.922 E507.94879
G1 X105.015 Y126.086 E507.9734
G1 X104.453 Y126.145 E507.99572
G1 F3869 X104.179 Y126.145 E508.00662
G1 F3801.2 X103.905 Y126.145 E508.01773
G1 F3742.8 X103.631 Y126.145 E508.029
G1 F3679.2 X103.357 Y126.146 E508.04048
G1 F3617.8 X103.083 Y126.146 E508.05214
G1 F3564.9 X102.809 Y126.146 E508.06398
G1 F3507.2 X102.535 Y126.147 E508.07602
G1 F3451.3 X102.261 Y126.147 E508.08824
G1 F3403.1 X101.987 Y126.147 E508.10065
G1 F3350.5 X101.713 Y126.148 E508.11324
G1 F3095.2 X101.269 Y126.235 E508.13576
G1 F2906.1 X100.61 Y126.217 E508.1707
G1 F2932.3 X99.951 Y126.198 E508.20533
G1 F3085.4 X99.79 Y126.157 E508.21363
G1 F3385.4 X99.472 Y126.109 E508.22826
G1 F3714.3 X99.153 Y126.061 E508.24164
G1 F3900 X98.076 Y125.859 E508.28492
G1 X97.097 Y125.572 E508.32521
G1 X96.101 Y125.169 E508.36765
G1 X94.994 Y124.56 E508.41755
G1 X94.206 Y124.003 E508.45566
G1 X93.41 Y123.332 E508.49678
G1 X92.753 Y122.643 E508.53439
G1 X92.188 Y121.942 E508.56995
G1 X91.493 Y120.856 E508.62087
G1 X91.042 Y119.927 E508.66166
G1 X90.667 Y118.944 E508.70321
G1 X90.4 Y117.902 E508.7457
G1 X90.249 Y116.81 E508.78924
G1 X90.201 Y115.896 E508.82539
G1 X90.201 Y110.692 E509.03093
G1 X90.225 Y109.989 E509.05871
G1 X90.385 Y108.749 E509.10809
G1 X90.571 Y107.966 E509.13988
G1 X90.858 Y107.081 E509.17662
G1 X91.168 Y106.33 E509.20871
G1 X91.814 Y105.154 E509.26171
G1 X92.143 Y104.669 E509.28485
G1 X92.759 Y103.904 E509.32365
G1 X93.413 Y103.22 E509.36102
G1 X94.208 Y102.547 E509.40216
G1 X94.944 Y102.024 E509.43783
G1 X95.998 Y101.436 E509.48549
G1 X96.72 Y101.118 E509.51665
G1 X97.428 Y100.869 E509.5463
G1 X98.363 Y100.629 E509.58442
G1 X99.195 Y100.486 E509.61777
G1 X100.45 Y100.405 E509.66744
G1 X104.455 Y100.407 E509.82562
G1 X105.057 Y100.473 E509.84954
G1 X105.496 Y100.6 E509.86759
G1 X105.788 Y100.703 E509.87982
G1 X106.378 Y101.03 E509.90646
G1 X106.916 Y101.503 E509.93475
G1 X107.305 Y102.011 E509.96003
G1 X107.566 Y102.536 E509.98318
G1 X107.704 Y103.045 E510.00401
G1 X107.77 Y103.253 E510.01263
G1 X107.827 Y103.7 E510.03043
G1 X107.828 Y122.706 E510.7811
G1 X107.777 Y123.295 E510.80445
G1 X107.566 Y124.022 E510.83435
G1 X107.295 Y124.546 E510.85765
G1 X106.827 Y125.136 E510.88739
G0 F9000 X106.107 Y125.12
;TYPE:WALL-OUTER
G1 F3000 X105.421 Y125.484 E510.915
G1 X105.148 Y125.552 E510.925
G1 X104.941 Y125.617 E510.93271
G1 X104.405 Y125.672 E510.95186
G1 X100.478 Y125.673 E511.09145
G1 X99.262 Y125.597 E511.13476
G1 X98.209 Y125.403 E511.17282
G1 X97.259 Y125.125 E511.20801
G1 X96.295 Y124.735 E511.24498
G1 X95.222 Y124.142 E511.28855
G1 X94.467 Y123.605 E511.32149
G1 X93.753 Y123.003 E511.35469
G1 X93.123 Y122.345 E511.38707
G1 X92.558 Y121.644 E511.41907
G1 X91.882 Y120.578 E511.46394
G1 X91.486 Y119.756 E511.49638
G1 X91.136 Y118.851 E511.53087
G1 X90.855 Y117.759 E511.57095
G1 X90.724 Y116.785 E511.60588
G1 X90.676 Y115.871 E511.63842
G1 X90.676 Y110.692 E511.82251
G1 X90.696 Y110.048 E511.84542
G1 X90.847 Y108.858 E511.88806
G1 X91.023 Y108.111 E511.91534
G1 X91.291 Y107.28 E511.94638
G1 X91.618 Y106.489 E511.9768
G1 X92.208 Y105.42 E512.0202
G1 X92.536 Y104.935 E512.04102
G1 X93.141 Y104.189 E512.07516
G1 X93.772 Y103.534 E512.10749
G1 X94.483 Y102.934 E512.14056
G1 X95.219 Y102.412 E512.17263
G1 X96.205 Y101.864 E512.21273
G1 X96.878 Y101.566 E512.2389
G1 X97.567 Y101.323 E512.26487
G1 X98.49 Y101.088 E512.29872
G1 X99.25 Y100.958 E512.32613
G1 X100.48 Y100.879 E512.36994
G1 X104.406 Y100.88 E512.5095
G1 X104.96 Y100.938 E512.5293
G1 X105.338 Y101.048 E512.54329
G1 X105.587 Y101.136 E512.55268
G1 X106.11 Y101.426 E512.57394
G1 X106.577 Y101.841 E512.59615
G1 X106.891 Y102.253 E512.61456
G1 X107.126 Y102.721 E512.63318
G1 X107.248 Y103.181 E512.65009
G1 X107.309 Y103.367 E512.65705
G1 X107.353 Y103.741 E512.67044
G1 X107.352 Y122.727 E513.34533
G1 X107.301 Y123.231 E513.36334
G1 X107.13 Y123.821 E513.38517
G1 X106.894 Y124.291 E513.40387
G1 X106.487 Y124.805 E513.42717
G1 X106.107 Y125.12 E513.44472
G0 F9000 X105.931 Y125.213
G0 X106.261 Y125.833
G0 X103.833 Y132.248
G0 X103.042 Y133.359
G0 X102.893 Y133.191
;TYPE:WALL-INNER
G1 F3900 X102.61 Y133.448 E513.45982
G1 X102.225 Y133.689 E513.47775
G1 X101.665 Y133.967 E513.50245
G1 X101.183 Y134.089 E513.52209
G1 X100.729 Y134.161 E513.54024
G1 X100.13 Y134.154 E513.5639
G1 X99.502 Y134.053 E513.58902
G1 X98.741 Y133.76 E513.62123
G1 X98.31 Y133.484 E513.64145
G1 X97.768 Y133.01 E513.66988
G1 X97.459 Y132.633 E513.68914
G1 X97.28 Y132.296 E513.70421
G1 X97.152 Y132.08 E513.71412
G1 X97.022 Y131.769 E513.72744
G1 X96.904 Y131.374 E513.74372
G1 X96.868 Y131.096 E513.75479
G1 X96.807 Y130.743 E513.76894
G1 X96.799 Y130.675 E513.77165
G1 X96.832 Y129.995 E513.79853
G1 X96.965 Y129.463 E513.82019
G1 X97.254 Y128.779 E513.84952
G1 X97.635 Y128.216 E513.87637
G1 X97.949 Y127.898 E513.89402
G1 X98.38 Y127.53 E513.91641
G1 X99.201 Y127.11 E513.95283
G1 X99.319 Y127.08 E513.95764
G1 F3714.3 X99.585 Y126.992 E513.96926
G1 F3385.4 X99.851 Y126.904 E513.98201
G1 F3085.4 X99.958 Y126.858 E513.98782
G1 F2981.7 X100.388 Y126.839 E514.01006
G1 F2995.4 X100.653 Y126.858 E514.02372
G1 F2954.5 X100.918 Y126.878 E514.03757
G1 F2914.8 X101.184 Y126.897 E514.05167
G1 F3322 X101.609 Y127.106 E514.07363
G1 F3900 X102.093 Y127.312 E514.0944
G1 X102.666 Y127.67 E514.12109
G1 X103.236 Y128.228 E514.15259
G1 X103.583 Y128.741 E514.17705
G1 X103.821 Y129.24 E514.19889
G1 X104 Y129.814 E514.22264
G1 X104.065 Y130.487 E514.24934
G1 X104.041 Y130.949 E514.26761
G1 X103.92 Y131.547 E514.29171
G1 X103.685 Y132.177 E514.31827
G1 X103.246 Y132.848 E514.34994
G1 X102.893 Y133.191 E514.36938
G1 F2400 E512.36938
G0 F9000 X103.042 Y133.359
G0 X103.833 Y132.248
G0 X104.076 Y131.597
G0 X104.204 Y130.971
G0 X104.231 Y130.502
G0 X104.162 Y129.779
G0 X103.978 Y129.183
G0 X103.718 Y128.645
G0 X103.358 Y128.118
G0 X102.763 Y127.539
G0 X102.171 Y127.167
G0 X101.614 Y126.93
G0 X101.131 Y126.806
G0 X100.388 Y126.74
G0 X99.891 Y126.78
G0 X99.474 Y126.875
G0 X98.611 Y127.166
G1 F1200 E514.36938
G0 F9000 X98.919 Y127.794
;TYPE:WALL-OUTER
G1 F3000 X99.382 Y127.553 E514.38793
G1 X100.002 Y127.412 E514.41054
G1 X100.405 Y127.383 E514.4249
G1 X101.007 Y127.436 E514.44638
G1 X101.424 Y127.543 E514.46168
G1 X101.856 Y127.727 E514.47837
G1 X102.371 Y128.046 E514.49991
G1 X102.88 Y128.55 E514.52537
G1 X103.154 Y128.949 E514.54258
G1 X103.38 Y129.416 E514.56102
G1 X103.528 Y129.892 E514.57874
G1 X103.59 Y130.501 E514.6005
G1 X103.566 Y130.902 E514.61478
G1 X103.465 Y131.401 E514.63287
G1 X103.245 Y131.982 E514.65496
G1 X102.891 Y132.524 E514.67797
G1 X102.574 Y132.839 E514.69386
G1 X102.337 Y133.054 E514.70523
G1 X101.952 Y133.298 E514.72143
G1 X101.521 Y133.509 E514.73849
G1 X101.109 Y133.62 E514.75366
G1 X100.71 Y133.683 E514.76802
G1 X100.188 Y133.68 E514.78657
G1 X99.604 Y133.583 E514.80762
G1 X98.977 Y133.342 E514.83149
G1 X98.584 Y133.093 E514.84803
G1 X98.123 Y132.69 E514.8698
G1 X97.871 Y132.387 E514.88381
G1 X97.69 Y132.056 E514.89722
G1 X97.588 Y131.89 E514.90414
G1 X97.452 Y131.562 E514.91676
G1 X97.366 Y131.262 E514.92786
G1 X97.339 Y131.03 E514.93616
G1 X97.276 Y130.662 E514.94943
G1 X97.303 Y130.08 E514.97014
G1 X97.418 Y129.607 E514.98745
G1 X97.659 Y129.031 E515.00964
G1 X98.017 Y128.505 E515.03226
G1 X98.26 Y128.257 E515.0446
G1 X98.638 Y127.93 E515.06237
G1 X98.919 Y127.794 E515.07346
G0 F9000 X99.096 Y127.702
G0 X98.771 Y127.082
G0 X98.287 Y127.391
G0 X97.508 Y128.113
G0 X97.104 Y128.704
G0 X96.81 Y129.401
G0 X96.67 Y129.976
G0 X96.63 Y130.675
G0 X96.853 Y131.787
G0 X97.277 Y132.634
G0 X99.363 Y135.123
;TYPE:FILL
G1 F3246.8 X99.714 Y135.151 E515.09104
G1 F3556.3 X100.066 Y135.179 E515.10714
G1 F3751.4 X100.784 Y135.183 E515.13816
G1 F3619 X101.092 Y135.159 E515.152
G1 F3347.5 X101.4 Y135.135 E515.16696
G1 F2400 E513.16696
G0 F9000 X103.372 Y132.955
G0 X103.833 Y132.248
G0 X107.721 Y124.078
G0 X107.937 Y123.328
G0 X107.991 Y122.745
G0 X107.991 Y103.694
G0 X107.859 Y102.99
G0 X104.077 Y88.402
G0 X103.82 Y87.737
G0 X103.454 Y87.17
G0 X101.211 Y84.844
G1 F1200 E515.16696
G1 F3501.7 X100.936 Y84.834 E515.1797
G1 F3619 X100.661 Y84.824 E515.19202
G1 F3751.4 X100.386 Y84.813 E515.20391
G1 F3744.5 X100.079 Y84.824 E515.21721
G1 F3612.7 X99.772 Y84.835 E515.23099
G0 F9000 X98.494 Y85.23
G1 F3600 X98.893 Y84.83 E515.25643
G1 X99.2 Y84.83 E515.27026
G1 X99.204 Y84.944 E515.27539
G1 X98.671 Y85.139 E515.30095
G1 X97.968 Y85.5 E515.33653
G1 X97.681 Y85.688 E515.35198
G1 X97.301 Y86.003 E515.3742
G1 X96.928 Y86.382 E515.39814
G1 X96.748 Y86.601 E515.41091
G1 X96.424 Y87.075 E515.43676
G1 X96.272 Y87.355 E515.45111
G0 F9000 X91.469 Y85.608
G1 F3600 X90.833 Y86.03 E515.48547
G1 X90.35 Y86.44 E515.514
G1 X89.834 Y86.994 E515.54809
G1 X89.61 Y87.29 E515.5648
G1 X89.297 Y87.792 E515.59144
G1 X89.115 Y88.16 E515.60992
G1 X91.917 Y85.358 E515.78834
G1 X92.947 Y85.013 E515.83725
G1 X93.094 Y84.987 E515.84397
G1 X88.68 Y89.401 E516.12504
G1 X88.579 Y89.984 E516.15168
G1 X88.556 Y90.331 E516.16734
G1 X94.034 Y84.853 E516.51616
G1 X94.4 Y84.83 E516.53267
G1 X94.863 Y84.83 E516.55352
G1 X88.54 Y91.153 E516.95614
G1 X88.54 Y91.959 E516.99243
G1 X95.669 Y84.83 E517.44638
G1 X96.475 Y84.83 E517.48267
G1 X88.54 Y92.766 E517.98798
G1 X88.54 Y93.572 E518.02427
G1 X97.281 Y84.83 E518.58089
G1 X98.087 Y84.83 E518.61718
G1 X88.54 Y94.378 E519.22513
G1 X88.54 Y95.184 E519.26142
G1 X96.202 Y87.522 E519.74931
G1 X95.983 Y88.042 E519.77472
G1 X95.82 Y88.71 E519.80568
G1 X88.54 Y95.99 E520.26924
G1 X88.54 Y96.796 E520.30553
G1 X95.749 Y89.587 E520.76457
G1 X95.856 Y90.286 E520.79641
G1 X88.539 Y97.603 E521.26233
G1 X88.539 Y98.409 E521.29862
G1 X95.998 Y90.95 E521.77358
G1 X96.257 Y91.497 E521.80083
G1 X88.539 Y99.215 E522.29229
G1 X88.539 Y100.021 E522.32858
G1 X96.533 Y92.027 E522.83761
G1 X96.882 Y92.485 E522.86353
G1 X88.539 Y100.827 E523.39475
G1 X88.539 Y101.633 E523.43104
G1 X97.291 Y92.882 E523.9883
G1 X97.727 Y93.251 E524.01402
G1 X88.539 Y102.439 E524.59908
G1 X88.539 Y103.246 E524.63542
G1 X98.223 Y93.562 E525.25206
G1 X98.391 Y93.656 E525.26072
G1 X98.784 Y93.807 E525.27968
G1 X88.538 Y104.052 E525.93208
G1 X88.538 Y104.858 E525.96837
G1 X99.395 Y94.002 E526.65967
G1 X100.102 Y94.101 E526.69181
G1 X88.538 Y105.665 E527.42816
G1 X88.538 Y106.471 E527.46446
G1 X100.921 Y94.088 E528.25296
G1 X101.278 Y94.061 E528.26908
G1 X102.073 Y93.833 E528.30632
G1 X102.547 Y93.623 E528.32966
G1 X103.141 Y93.261 E528.36098
G1 X103.35 Y93.106 E528.3727
G1 X103.939 Y92.539 E528.40951
G1 X104.163 Y92.261 E528.42558
G1 X104.614 Y91.562 E528.46304
G0 F9000 X104.832 Y90.983
G1 F3600 X110.986 Y84.83 E528.85487
G1 X110.179 Y84.83 E528.89121
G1 X105.086 Y89.923 E529.21551
G1 X105.099 Y89.626 E529.2289
G1 X105.081 Y89.123 E529.25156
G1 X109.373 Y84.83 E529.52489
G1 X108.567 Y84.83 E529.56118
G1 X104.98 Y88.417 E529.78959
G1 X104.799 Y87.792 E529.81888
G1 X107.761 Y84.83 E530.00749
G1 X106.955 Y84.83 E530.04378
G1 X104.536 Y87.249 E530.19782
G1 X104.224 Y86.755 E530.22412
G1 X106.149 Y84.83 E530.3467
G1 X105.343 Y84.83 E530.38299
G1 X103.863 Y86.31 E530.47723
G1 X103.446 Y85.921 E530.50291
G1 X104.537 Y84.83 E530.57238
G1 X103.731 Y84.83 E530.60867
G1 X102.993 Y85.567 E530.65563
G1 X102.48 Y85.274 E530.68223
G1 X102.925 Y84.83 E530.71054
G1 X102.118 Y84.83 E530.74687
G1 X101.91 Y85.038 E530.76012
G1 X101.775 Y84.992 E530.76654
G1 X101.781 Y84.83 E530.77384
G0 F9000 X103.82 Y87.737
G0 X104.077 Y88.402
G0 X104.207 Y89.037
G0 X104.204 Y89.895
G0 X104.076 Y90.521
G0 X103.834 Y91.165
G0 X101.947 Y93.869
G1 F3600 X95.021 Y100.794 E531.21483
G0 F9000 X90.912 Y104.639
G1 F3600 X91.327 Y104.026 E531.24816
G1 X92.047 Y103.146 E531.29935
G1 X92.727 Y102.439 E531.34352
G1 X93.498 Y101.787 E531.38899
G1 X94.424 Y101.124 E531.44026
G1 X95.556 Y100.498 E531.49851
G1 X96.253 Y100.189 E531.53284
G1 X96.532 Y100.09 E531.54617
G1 X111.792 Y84.83 E532.51787
G1 X112.598 Y84.83 E532.55416
G1 X97.696 Y99.731 E533.50303
G1 X98.118 Y99.622 E533.52265
G1 X98.714 Y99.519 E533.54989
G1 X113.404 Y84.83 E534.48526
G1 X114.21 Y84.83 E534.52155
G1 X99.618 Y99.422 E535.45071
G1 X100.481 Y99.365 E535.48966
G1 X115.016 Y84.83 E536.41519
G1 X115.822 Y84.83 E536.45148
G1 X101.281 Y99.371 E537.3774
G1 X102.088 Y99.37 E537.41373
G1 X116.628 Y84.83 E538.33959
G1 X117.434 Y84.83 E538.37588
G1 X102.894 Y99.37 E539.30173
G1 X103.701 Y99.369 E539.33807
G1 X118.24 Y84.83 E540.26385
G1 X119.047 Y84.83 E540.30019
G1 X104.505 Y99.371 E541.22614
G1 X105.233 Y99.449 E541.2591
G1 X119.853 Y84.83 E542.19002
G1 X120.659 Y84.83 E542.22631
G1 X105.858 Y99.63 E543.16875
G1 X106.213 Y99.758 E543.18574
G1 X106.42 Y99.874 E543.19643
G1 X121.465 Y84.83 E544.1544
G1 X122.271 Y84.83 E544.19069
G1 X106.946 Y100.154 E545.1665
G1 X107.374 Y100.533 E545.19224
G1 X123.077 Y84.83 E546.19215
G1 X123.881 Y84.832 E546.22835
G1 X107.782 Y100.931 E547.25348
G1 X108.13 Y101.389 E547.27937
G1 X124.628 Y84.89 E548.32994
G1 X124.92 Y84.923 E548.34317
G1 X125.16 Y84.977 E548.35424
G1 X125.16 Y85.166 E548.36275
G1 X108.41 Y101.916 E549.42933
G1 X108.538 Y102.179 E549.4425
G1 X108.628 Y102.503 E549.45764
G1 X125.16 Y85.972 E550.51031
G1 X125.16 Y86.778 E550.5466
G1 X108.801 Y103.136 E551.58825
G1 X108.884 Y103.859 E551.62101
G1 X125.16 Y87.584 E552.65738
G1 X125.16 Y88.39 E552.69367
G1 X108.86 Y104.689 E553.73156
G1 X108.86 Y105.496 E553.76789
G1 X125.16 Y89.196 E554.80582
G1 X125.16 Y90.002 E554.84211
G1 X108.86 Y106.302 E555.88003
G1 X108.86 Y107.108 E555.91632
G1 X125.16 Y90.808 E556.95424
G1 X125.16 Y91.614 E556.99053
G1 X108.86 Y107.914 E558.02846
G1 X108.861 Y108.719 E558.0647
G1 X125.16 Y92.42 E559.10256
G1 X125.16 Y93.227 E559.1389
G1 X108.861 Y109.525 E560.17673
G1 X108.861 Y110.331 E560.21302
G1 X125.16 Y94.033 E561.25084
G1 X125.16 Y94.839 E561.28713
G1 X108.861 Y111.138 E562.32499
G1 X108.861 Y111.944 E562.36128
G1 X125.16 Y95.645 E563.39914
G1 X125.16 Y96.451 E563.43543
G1 X108.861 Y112.75 E564.47329
G1 X108.861 Y113.555 E564.50954
G1 X125.16 Y97.257 E565.54737
G1 X125.16 Y98.063 E565.58366
G1 X108.861 Y114.361 E566.62149
G1 X108.861 Y115.167 E566.65778
G1 X125.16 Y98.869 E567.6956
G1 X125.16 Y99.675 E567.73189
G1 X108.861 Y115.973 E568.76972
G1 X108.861 Y116.78 E568.80606
G1 X125.16 Y100.481 E569.84392
G1 X125.16 Y101.288 E569.88025
G1 X108.861 Y117.586 E570.91808
G1 X108.862 Y118.391 E570.95433
G1 X125.16 Y102.093 E571.99212
G1 X125.16 Y102.899 E572.02841
G1 X108.862 Y119.197 E573.06621
G1 X108.862 Y120.003 E573.1025
G1 X125.16 Y103.705 E574.14029
G1 X125.16 Y104.511 E574.17659
G1 X108.862 Y120.809 E575.21438
G1 X108.862 Y121.616 E575.25072
G1 X125.16 Y105.317 E576.28854
G1 X125.16 Y106.123 E576.32484
G1 X108.862 Y122.422 E577.36266
G1 X108.862 Y122.778 E577.37869
G1 X108.814 Y123.276 E577.40122
G1 X125.16 Y106.93 E578.44207
G1 X125.16 Y107.736 E578.47836
G1 X108.548 Y124.348 E579.53615
G1 X108.534 Y124.396 E579.5384
G1 X108.173 Y125.109 E579.57439
G1 X107.569 Y125.87 E579.61813
G1 X106.95 Y126.383 E579.65433
G1 X106.018 Y126.878 E579.70185
G0 F9000 X104.102 Y127.182
G1 F3600 X103.877 Y127.407 E579.71617
G1 X104.252 Y127.838 E579.7419
G1 X104.96 Y127.13 E579.78698
G1 X105.182 Y127.107 E579.79703
G1 X105.437 Y127.045 E579.80884
G1 X105.568 Y127.002 E579.81505
G1 X106.007 Y126.889 E579.83546
G1 X104.544 Y128.352 E579.92862
G1 X104.803 Y128.899 E579.95587
G1 X125.16 Y108.542 E581.25213
G1 X125.16 Y109.348 E581.28842
G1 X104.991 Y129.517 E582.57271
G1 X105.022 Y129.621 E582.57759
G1 X105.079 Y130.235 E582.60536
G1 X125.16 Y110.154 E583.88404
G1 X125.16 Y110.96 E583.92033
G1 X105.072 Y131.048 E585.19946
G1 X104.943 Y131.711 E585.22987
G1 X104.832 Y132.094 E585.24783
G1 X125.16 Y111.766 E586.54224
G1 X125.16 Y112.572 E586.57853
G1 X102.563 Y135.169 E588.01742
G1 X103.369 Y135.169 E588.05371
G1 X125.16 Y113.378 E589.44128
G1 X125.16 Y114.185 E589.47762
G1 X104.175 Y135.169 E590.81383
G1 X104.982 Y135.169 E590.85017
G1 X125.16 Y114.991 E592.13503
G1 X125.16 Y115.797 E592.17132
G1 X105.788 Y135.169 E593.40485
G1 X106.594 Y135.169 E593.44114
G1 X125.16 Y116.603 E594.62336
G1 X125.16 Y117.409 E594.65965
G1 X107.4 Y135.169 E595.79054
G1 X108.206 Y135.169 E595.82683
G1 X125.16 Y118.215 E596.9064
G1 X125.161 Y119.02 E596.94264
G1 X109.012 Y135.169 E597.97095
G1 X109.818 Y135.169 E598.00724
G1 X125.161 Y119.827 E598.98419
G1 X125.161 Y120.633 E599.02048
G1 X110.624 Y135.169 E599.94611
G1 X111.43 Y135.169 E599.98241
G1 X125.161 Y121.439 E600.85671
G1 X125.161 Y122.245 E600.893
G1 X112.236 Y135.169 E601.71599
G1 X113.043 Y135.169 E601.75232
G1 X125.161 Y123.051 E602.52395
G1 X125.161 Y123.857 E602.56024
G1 X113.849 Y135.169 E603.28055
G1 X114.655 Y135.169 E603.31684
G1 X125.161 Y124.663 E603.98582
G1 X125.161 Y125.469 E604.02211
G1 X115.461 Y135.169 E604.63977
G1 X116.267 Y135.169 E604.67606
G1 X125.161 Y126.275 E605.2424
G1 X125.161 Y127.081 E605.27869
G1 X117.073 Y135.169 E605.7937
G1 X117.879 Y135.169 E605.82999
G1 X125.161 Y127.888 E606.29365
G1 X125.161 Y128.694 E606.32994
G1 X118.685 Y135.169 E606.74228
G1 X119.491 Y135.169 E606.77857
G1 X125.161 Y129.5 E607.13958
G1 X125.161 Y130.306 E607.17587
G1 X120.297 Y135.169 E607.48556
G1 X121.104 Y135.169 E607.5219
G1 X125.161 Y131.112 E607.78023
G1 X125.161 Y131.918 E607.81652
G1 X121.91 Y135.169 E608.02354
G1 X122.716 Y135.169 E608.05983
G1 X125.161 Y132.724 E608.21552
G1 X125.161 Y133.53 E608.25181
G1 X123.522 Y135.169 E608.35617
G1 X123.94 Y135.169 E608.37499
G1 X124.36 Y135.137 E608.39396
G1 X125.161 Y134.336 E608.44496
G1 X125.162 Y135.041 E608.47671
G1 X124.456 Y135.129 E608.50874
G0 F9000 X104.677 Y132.48
G1 F3600 X104.518 Y132.793 E608.52455
G1 X104.146 Y133.362 E608.55516
G1 X103.923 Y133.633 E608.57096
G1 X103.592 Y133.954 E608.59172
G1 X103.341 Y134.181 E608.60696
G1 X103.117 Y134.35 E608.61959
G1 X102.712 Y134.604 E608.64112
G1 X101.959 Y134.968 E608.67878
G0 F9000 X98.787 Y135.169
G1 F3600 X98.808 Y134.894 E608.69119
G1 X98.533 Y135.169 E608.7087
G1 X97.727 Y135.169 E608.745
G1 X98.232 Y134.664 E608.77715
G1 X97.742 Y134.348 E608.8034
G1 X96.921 Y135.169 E608.85568
G1 X96.115 Y135.169 E608.89197
G1 X97.289 Y133.995 E608.96673
G1 X96.896 Y133.581 E608.99243
G1 X95.309 Y135.169 E609.09352
G1 X94.503 Y135.169 E609.12981
G1 X96.552 Y133.119 E609.26031
G1 X96.261 Y132.604 E609.28695
G1 X93.752 Y135.113 E609.44671
G1 X93.063 Y134.996 E609.47818
G1 X96.018 Y132.041 E609.66634
G1 X95.84 Y131.413 E609.69573
G1 X92.415 Y134.839 E609.91385
G1 X91.865 Y134.582 E609.94119
G1 X95.755 Y130.692 E610.18889
G1 X95.81 Y129.831 E610.22774
G1 X91.339 Y134.302 E610.51243
G1 X90.841 Y133.993 E610.53882
G1 X96.177 Y128.658 E610.87857
G1 X96.331 Y128.292 E610.89644
G1 X96.826 Y127.562 E610.93616
G1 X97.266 Y127.118 E610.9643
G1 X97.629 Y126.806 E610.98585
G1 X97.316 Y126.712 E611.00057
G1 X90.41 Y133.619 E611.44035
G1 X90.016 Y133.206 E611.46605
G1 X96.698 Y126.525 E611.8915
G1 X96.125 Y126.292 E611.91935
G1 X89.639 Y132.778 E612.33236
G1 X89.36 Y132.25 E612.35925
G1 X95.561 Y126.049 E612.7541
G1 X95.042 Y125.763 E612.78078
G1 X89.081 Y131.724 E613.16036
G1 X88.956 Y131.49 E613.1723
G1 X88.842 Y131.156 E613.18819
G1 X94.511 Y125.487 E613.54918
G1 X94.04 Y125.152 E613.5752
G1 X88.675 Y130.517 E613.91682
G1 X88.591 Y130.116 E613.93527
G1 X88.571 Y129.815 E613.94885
G1 X93.57 Y124.816 E614.26717
G1 X93.13 Y124.45 E614.29294
G1 X88.536 Y129.044 E614.58547
G1 X88.536 Y128.238 E614.62176
G1 X92.692 Y124.082 E614.8864
G1 X92.298 Y123.67 E614.91207
G1 X88.536 Y127.431 E615.15158
G1 X88.536 Y126.625 E615.18787
G1 X91.916 Y123.246 E615.40307
G1 X91.554 Y122.802 E615.42886
G1 X88.536 Y125.819 E615.62101
G1 X88.536 Y125.013 E615.6573
G1 X91.21 Y122.34 E615.82753
G1 X90.897 Y121.847 E615.85383
G1 X88.536 Y124.207 E616.00414
G1 X88.536 Y123.401 E616.04043
G1 X90.583 Y121.354 E616.17077
G1 X90.32 Y120.811 E616.19794
G1 X88.537 Y122.594 E616.31147
G1 X88.537 Y121.788 E616.34776
G1 X90.062 Y120.263 E616.44487
G1 X89.837 Y119.682 E616.47292
G1 X88.537 Y120.982 E616.5557
G1 X88.537 Y120.176 E616.59199
G1 X89.634 Y119.079 E616.66185
G1 X89.471 Y118.436 E616.69171
G1 X88.537 Y119.37 E616.75119
G1 X88.537 Y118.564 E616.78748
G1 X89.334 Y117.767 E616.83823
G1 X89.24 Y117.055 E616.87056
G1 X88.537 Y117.758 E616.91533
G1 X88.537 Y116.951 E616.95167
G1 X89.185 Y116.303 E616.99293
G1 X89.167 Y115.944 E617.00911
G1 X89.166 Y115.516 E617.02838
G1 X88.538 Y116.145 E617.0684
G1 X88.538 Y115.339 E617.10469
G1 X89.166 Y114.71 E617.14472
G1 X89.166 Y113.904 E617.18101
G1 X88.538 Y114.532 E617.22099
G1 X88.538 Y113.726 E617.25729
G1 X89.166 Y113.098 E617.29727
G1 X89.166 Y112.292 E617.33357
G1 X88.538 Y112.92 E617.37355
G1 X88.538 Y112.114 E617.40984
G1 X89.166 Y111.486 E617.44983
G1 X89.166 Y110.68 E617.48612
G1 X88.538 Y111.308 E617.52611
G1 X88.538 Y110.502 E617.5624
G1 X89.2 Y109.84 E617.60456
G1 X89.314 Y108.919 E617.64634
G1 X88.538 Y109.695 E617.69576
G1 X88.538 Y108.889 E617.73205
G1 X89.523 Y107.905 E617.79474
G1 X89.584 Y107.654 E617.80637
G1 X89.874 Y106.747 E617.84924
G1 X88.538 Y108.083 E617.93431
G1 X88.538 Y107.277 E617.9706
G1 X90.587 Y105.228 E618.10108
G1 F2400 E616.10108
G0 F9000 X94.083 Y102.434
G0 X94.887 Y101.865
G0 X95.911 Y101.296
G0 X97.383 Y100.712
G0 X99.174 Y100.323
G0 X100.467 Y100.24
G0 X104.427 Y100.24
G0 X105.078 Y100.307
G0 X105.851 Y100.552
G0 X106.543 Y100.955
G0 X107.042 Y101.398
G0 X107.364 Y101.821
G0 X125.346 Y135.236
G1 F1200 E618.10108
G0 F9000 X125.47 Y135.236
;TYPE:SKIN
G1 F2700 X125.841 Y135.236 E618.10928
G1 X127.291 Y134.635 E618.144
G1 X127.291 Y85.035 E619.24105
G1 X126.503 Y84.862 E619.2589
G1 X126.001 Y84.862 E619.27
G1 X125.699 Y84.83 E619.27672
G1 X125.47 Y84.78 E619.2819
G1 X125.47 Y135.236 E620.39789
G0 F9000 X125.346 Y135.236
G0 X125.77 Y135.3
G0 X127.22 Y134.797
G0 X127.12 Y134.554
G1 F2700 X127.12 Y85.142 E621.49078
G0 F9000 X126.84 Y85.08
G1 F2700 X126.84 Y134.671 E622.58763
G0 F9000 X126.56 Y134.787
G1 F2700 X126.56 Y85.018 E623.68842
G0 F9000 X126.28 Y85.002
G1 F2700 X126.28 Y134.903 E624.79213
G0 F9000 X126 Y135.019
G1 F2700 X126 Y85.002 E625.89841
G0 F9000 X125.72 Y84.974
G1 F2700 X125.72 Y135.096 E627.00701
G0 F9000 X125.72 Y135.384
G1 F2400 E625.00701
;MESH:NONMESH
G0 F600 X125.72 Y135.384 Z1.08
G0 F9000 X125.451 Y135.31
G0 X103.483 Y91.957
;TIME_ELAPSED:726.687586
;LAYER:4
;TYPE:WALL-INNER
;MESH:DoorStrikePlate.stl
G1 F1200 E627.00701
G1 F3900 X102.841 Y92.58 E627.04234
G1 X102.261 Y92.943 E627.06936
G1 X101.659 Y93.203 E627.09526
G1 X101.191 Y93.322 E627.11434
G1 X100.314 Y93.401 E627.14911
G1 X99.412 Y93.268 E627.18513
G1 X98.63 Y92.962 E627.21829
G1 X98.185 Y92.695 E627.23879
G1 X97.568 Y92.163 E627.27097
G1 X97.244 Y91.77 E627.29108
G1 X96.989 Y91.374 E627.30969
G1 X96.649 Y90.572 E627.34409
G1 X96.521 Y89.82 E627.37422
G1 X96.505 Y89.651 E627.38092
G1 X96.547 Y88.811 E627.41414
G1 X96.668 Y88.315 E627.43431
G1 X96.988 Y87.551 E627.46702
G1 X97.251 Y87.139 E627.48633
G1 X97.69 Y86.641 E627.51255
G1 X98.123 Y86.281 E627.53479
G1 X98.332 Y86.142 E627.5447
G1 X98.974 Y85.804 E627.57336
G1 X99.43 Y85.653 E627.59233
G1 X99.836 Y85.573 E627.60868
G1 X100.345 Y85.523 E627.62888
G1 X101.191 Y85.596 E627.66241
G1 X101.676 Y85.727 E627.68226
G1 X102.26 Y85.979 E627.70738
G1 X102.739 Y86.279 E627.7297
G1 X102.938 Y86.436 E627.73971
G1 X103.383 Y86.866 E627.76415
G1 X103.557 Y87.08 E627.77505
G1 X103.964 Y87.715 E627.80484
G1 X104.205 Y88.346 E627.83151
G1 X104.344 Y89.009 E627.85827
G1 X104.363 Y89.525 E627.87866
G1 X104.342 Y89.926 E627.89452
G1 X104.207 Y90.554 E627.91989
G1 X103.966 Y91.2 E627.94713
G1 X103.483 Y91.957 E627.98259
G0 F9000 X101.557 Y92.882
G0 X101.128 Y92.994
G0 X100.33 Y93.063
G0 X99.514 Y92.945
G0 X98.769 Y92.654
G0 X98.384 Y92.423
G0 X97.908 Y92.01
G0 X97.226 Y91.224
G0 X97.432 Y91.137
G1 F3900 X97.138 Y90.433 E628.01273
G1 X97.014 Y89.736 E628.04069
G1 X97.005 Y89.637 E628.04461
G1 X97.047 Y88.882 E628.07448
G1 X97.135 Y88.506 E628.08973
G1 X97.43 Y87.789 E628.12035
G1 X97.653 Y87.439 E628.13674
G1 X98.042 Y86.999 E628.15994
G1 X98.498 Y86.62 E628.18336
G1 X99.172 Y86.265 E628.21345
G1 X99.515 Y86.152 E628.22771
G1 X99.922 Y86.066 E628.24414
G1 X100.344 Y86.025 E628.26089
G1 X101.103 Y86.091 E628.29098
G1 X101.506 Y86.198 E628.30745
G1 X102.031 Y86.426 E628.33005
G1 X102.537 Y86.742 E628.35361
G1 X103.092 Y87.281 E628.38417
G1 X103.515 Y87.941 E628.41513
G1 X103.725 Y88.495 E628.43853
G1 X103.846 Y89.067 E628.46162
G1 X103.864 Y89.499 E628.4787
G1 X103.845 Y89.859 E628.49294
G1 X103.726 Y90.419 E628.51555
G1 X103.513 Y90.985 E628.53944
G1 X103.1 Y91.628 E628.56962
G1 X102.533 Y92.183 E628.60096
G1 X102.032 Y92.497 E628.62431
G1 X101.505 Y92.726 E628.64701
G1 X101.104 Y92.829 E628.66336
G1 X100.33 Y92.898 E628.69405
G1 X99.547 Y92.78 E628.72533
G1 X98.843 Y92.506 E628.75516
G1 X98.475 Y92.285 E628.77212
G1 X97.908 Y91.791 E628.80182
G1 X97.674 Y91.506 E628.81638
G1 X97.432 Y91.137 E628.83381
G1 F2400 E626.83381
G0 F9000 X97.226 Y91.224
G0 X97.796 Y91.913
G0 X98.384 Y92.423
G0 X98.769 Y92.654
G0 X99.514 Y92.945
G0 X100.174 Y93.04
G0 X101.643 Y92.91
G1 F1200 E628.83381
G0 F9000 X101.364 Y92.269
;TYPE:WALL-OUTER
G1 F3000 X101.022 Y92.361 E628.8464
G1 X100.352 Y92.421 E628.87031
G1 X99.673 Y92.322 E628.8947
G1 X99.07 Y92.087 E628.91771
G1 X98.77 Y91.909 E628.93011
G1 X98.253 Y91.464 E628.95436
G1 X98.028 Y91.186 E628.96707
G1 X97.846 Y90.898 E628.97918
G1 X97.602 Y90.324 E629.00135
G1 X97.483 Y89.656 E629.02547
G1 X97.515 Y88.97 E629.04988
G1 X97.593 Y88.634 E629.06214
G1 X97.846 Y88.026 E629.08555
G1 X98.047 Y87.71 E629.09886
G1 X98.361 Y87.355 E629.11571
G1 X98.747 Y87.031 E629.13363
G1 X99.341 Y86.713 E629.15758
G1 X99.692 Y86.596 E629.17073
G1 X100.023 Y86.531 E629.18272
G1 X100.368 Y86.504 E629.19502
G1 X101.003 Y86.559 E629.21768
G1 X101.363 Y86.654 E629.23091
G1 X101.794 Y86.841 E629.24761
G1 X102.222 Y87.106 E629.26551
G1 X102.722 Y87.584 E629.29009
G1 X103.076 Y88.136 E629.3134
G1 X103.271 Y88.643 E629.33271
G1 X103.369 Y89.109 E629.34964
G1 X103.389 Y89.474 E629.36264
G1 X103.369 Y89.814 E629.37474
G1 X103.262 Y90.311 E629.39281
G1 X103.087 Y90.768 E629.41021
G1 X102.735 Y91.318 E629.43342
G1 X102.257 Y91.79 E629.4573
G1 X101.795 Y92.082 E629.47673
G1 X101.364 Y92.269 E629.49343
G0 F9000 X101.171 Y92.32
G0 X101.347 Y92.999
G0 X127.956 Y84.901
;TYPE:WALL-INNER
G1 F3900 X126.535 Y84.589 E629.55089
G1 X125.968 Y84.589 E629.57328
G1 X125.637 Y84.543 E629.58648
G1 X125.508 Y84.506 E629.59178
G1 X124.99 Y84.397 E629.61269
G1 X124.247 Y84.311 E629.64223
G1 X123.829 Y84.295 E629.65875
G1 X94.392 Y84.295 E630.82141
G1 X93.666 Y84.34 E630.85014
G1 X93.048 Y84.446 E630.8749
G1 X92.8 Y84.498 E630.88491
G1 X91.836 Y84.824 E630.9251
G1 X91.183 Y85.156 E630.95404
G1 X90.527 Y85.591 E630.98513
G1 X89.966 Y86.067 E631.01419
G1 X89.424 Y86.651 E631.04565
G1 X89.179 Y86.975 E631.0617
G1 X88.824 Y87.54 E631.08805
G1 X88.615 Y87.954 E631.10637
G1 X88.502 Y88.201 E631.1171
G1 X88.236 Y88.953 E631.1486
G1 X88.173 Y89.208 E631.15898
G1 X88.046 Y89.944 E631.18848
G1 X88 Y90.689 E631.21796
G1 X88.001 Y129.307 E632.74323
G1 X88.067 Y130.26 E632.78096
G1 X88.241 Y131.063 E632.81341
G1 X88.46 Y131.692 E632.83972
G1 X89.019 Y132.74 E632.88663
G1 X89.164 Y133.001 E632.89842
G1 X89.567 Y133.512 E632.92413
G1 X90.009 Y133.975 E632.94941
G1 X90.691 Y134.531 E632.98416
G1 X91.315 Y134.917 E633.01314
G1 X92.048 Y135.26 E633.04511
G1 X92.711 Y135.484 E633.07275
G1 X93.901 Y135.683 E633.1204
G1 X94.383 Y135.704 E633.13945
G1 X124.052 Y135.699 E634.31127
G1 X124.516 Y135.66 E634.32966
G1 X124.96 Y135.604 E634.34734
G1 X125.421 Y135.51 E634.36592
G1 X125.896 Y135.509 E634.38468
G1 X127.956 Y134.655 E634.47276
G1 X127.956 Y84.901 E636.43786
G0 F9000 X128.456 Y84.499
G1 F3900 X126.59 Y84.089 E636.51332
G1 X125.968 Y84.089 E636.53789
G1 X125.628 Y84.02 E636.55159
G1 X125.07 Y83.903 E636.57411
G1 X124.285 Y83.812 E636.60532
G1 X123.839 Y83.795 E636.62295
G1 X94.377 Y83.795 E637.78659
G1 X93.608 Y83.843 E637.81703
G1 X93.019 Y83.943 E637.84062
G1 X92.669 Y84.015 E637.85474
G1 X91.642 Y84.361 E637.89754
G1 X90.931 Y84.723 E637.92905
G1 X90.227 Y85.19 E637.96242
G1 X89.619 Y85.705 E637.99389
G1 X89.04 Y86.33 E638.02754
G1 X88.767 Y86.691 E638.04541
G1 X88.389 Y87.294 E638.07352
G1 X88.165 Y87.736 E638.09309
G1 X88.038 Y88.013 E638.10513
G1 X87.757 Y88.809 E638.13847
G1 X87.683 Y89.105 E638.15052
G1 X87.549 Y89.886 E638.18182
G1 X87.5 Y90.674 E638.213
G1 X87.501 Y129.325 E639.73958
G1 X87.571 Y130.331 E639.77941
G1 X87.759 Y131.198 E639.81445
G1 X88 Y131.893 E639.8435
G1 X88.567 Y132.955 E639.89105
G1 X88.753 Y133.287 E639.90608
G1 X89.189 Y133.84 E639.93389
G1 X89.669 Y134.343 E639.96135
G1 X90.4 Y134.939 E639.99861
G1 X91.076 Y135.358 E640.03002
G1 X91.861 Y135.725 E640.06424
G1 X92.589 Y135.97 E640.09458
G1 X93.848 Y136.181 E640.145
G1 X94.372 Y136.204 E640.16572
G1 X124.007 Y136.204 E641.33619
G1 X124.568 Y136.157 E641.35843
G1 X125.041 Y136.097 E641.37726
G1 X125.477 Y136.009 E641.39483
G1 X125.995 Y136.009 E641.41529
G1 X128.456 Y134.989 E641.52051
G1 X128.456 Y84.499 E643.51468
G0 F9000 X128.925 Y84.12
;TYPE:WALL-OUTER
G1 F3000 X126.641 Y83.614 E643.59784
G1 X125.968 Y83.614 E643.62176
G1 X125.742 Y83.559 E643.63003
G1 X125.146 Y83.434 E643.65167
G1 X124.321 Y83.338 E643.6812
G1 X123.847 Y83.32 E643.69806
G1 X94.362 Y83.32 E644.74616
G1 X93.553 Y83.37 E644.77497
G1 X92.939 Y83.475 E644.79711
G1 X92.544 Y83.556 E644.81144
G1 X91.458 Y83.922 E644.85218
G1 X90.691 Y84.312 E644.88277
G1 X89.941 Y84.81 E644.91477
G1 X89.29 Y85.36 E644.94506
G1 X88.675 Y86.024 E644.97724
G1 X88.375 Y86.421 E644.99492
G1 X87.975 Y87.06 E645.02172
G1 X87.737 Y87.529 E645.04042
G1 X87.597 Y87.834 E645.05235
G1 X87.301 Y88.672 E645.08394
G1 X87.218 Y89.008 E645.09624
G1 X87.076 Y89.832 E645.12596
G1 X87.025 Y90.659 E645.15542
G1 X87.026 Y129.342 E646.53047
G1 X87.1 Y130.398 E646.5681
G1 X87.301 Y131.327 E646.60189
G1 X87.563 Y132.084 E646.63036
G1 X88.138 Y133.159 E646.6737
G1 X88.21 Y133.31 E646.67965
G1 X88.362 Y133.56 E646.69005
G1 X88.83 Y134.152 E646.71687
G1 X89.346 Y134.693 E646.74345
G1 X90.124 Y135.327 E646.77912
G1 X90.85 Y135.776 E646.80947
G1 X91.684 Y136.166 E646.84219
G1 X92.473 Y136.433 E646.8718
G1 X93.798 Y136.654 E646.91955
G1 X94.362 Y136.679 E646.93962
G1 X124.033 Y136.679 E647.99433
G1 X124.618 Y136.63 E648.0152
G1 X125.118 Y136.566 E648.03311
G1 X125.541 Y136.484 E648.04843
G1 X126.09 Y136.484 E648.06795
G1 X128.931 Y135.303 E648.17731
G1 X128.925 Y84.12 E649.9967
G0 F9000 X128.73 Y84.077
G1 F2400 E647.9967
G0 F9000 X128.253 Y84.659
G0 X107.437 Y124.637
G0 X106.945 Y125.254
G0 X106.458 Y125.66
G0 X105.694 Y126.069
G0 X105.208 Y126.21
G0 X101.299 Y126.675
;TYPE:WALL-INNER
G1 F1200 E649.9967
G1 F3651.7 X101.585 Y126.771 E650.00943
G1 F3808.6 X101.923 Y126.913 E650.02426
G1 F3869 X102.261 Y127.055 E650.03885
G1 F3900 X102.744 Y127.36 E650.06141
G1 X102.941 Y127.516 E650.07134
G1 X103.478 Y128.04 E650.10097
G1 X103.857 Y128.604 E650.12781
G1 X104.133 Y129.192 E650.15347
G1 X104.276 Y129.689 E650.17389
G1 X104.369 Y130.516 E650.20676
G1 X104.342 Y130.996 E650.22575
G1 X104.207 Y131.645 E650.25193
G1 X103.963 Y132.286 E650.27902
G1 X103.556 Y132.921 E650.30881
G1 X103.381 Y133.135 E650.31973
G1 X102.938 Y133.565 E650.34411
G1 X102.74 Y133.72 E650.35404
G1 X102.262 Y134.02 E650.37633
G1 X101.665 Y134.278 E650.40202
G1 X101.181 Y134.401 E650.42174
G1 X100.754 Y134.464 E650.43879
G1 X100.104 Y134.457 E650.46447
G1 X99.547 Y134.369 E650.48674
G1 X99.301 Y134.301 E650.49682
G1 X98.619 Y134.035 E650.52573
G1 X98.19 Y133.775 E650.54555
G1 X97.552 Y133.226 E650.57879
G1 X97.285 Y132.898 E650.59549
G1 X96.992 Y132.458 E650.61637
G1 X96.655 Y131.663 E650.65048
G1 X96.503 Y130.792 E650.6854
G1 X96.546 Y129.907 E650.72039
G1 X96.666 Y129.394 E650.7412
G1 X96.997 Y128.61 E650.77481
G1 X97.284 Y128.182 E650.79517
G1 X97.56 Y127.845 E650.81237
G1 X98.12 Y127.361 E650.84161
G1 X98.331 Y127.219 E650.85165
G1 X98.978 Y126.88 E650.8805
G1 X99.358 Y126.754 E650.89631
G1 F3861.4 X99.906 Y126.625 E650.91877
G1 X99.13 Y126.566 E650.94982
G1 F3900 X97.96 Y126.348 E650.99682
G1 X96.933 Y126.043 E651.03914
G1 X95.89 Y125.622 E651.08356
G1 X94.707 Y124.97 E651.13691
G1 X93.839 Y124.351 E651.17902
G1 X93.091 Y123.723 E651.21759
G1 X92.364 Y122.957 E651.2593
G1 X91.756 Y122.202 E651.29759
G1 X91.036 Y121.069 E651.35061
G1 X90.576 Y120.108 E651.39269
G1 X90.247 Y119.258 E651.42869
G1 X90.12 Y118.835 E651.44613
G1 X89.963 Y118.214 E651.47143
G1 X89.884 Y117.86 E651.48576
G1 X89.75 Y116.837 E651.52651
G1 X89.702 Y115.923 E651.56266
G1 X89.701 Y110.692 E651.76926
G1 X89.72 Y110.039 E651.79507
G1 X89.882 Y108.701 E651.8483
G1 X90.105 Y107.78 E651.88573
G1 X90.412 Y106.844 E651.92463
G1 X90.727 Y106.085 E651.95709
G1 X91.343 Y104.967 E652.00751
G1 X91.728 Y104.389 E652.03493
G1 X92.371 Y103.589 E652.07547
G1 X93.093 Y102.831 E652.11682
G1 X93.919 Y102.139 E652.15938
G1 X94.709 Y101.579 E652.19763
G1 X95.68 Y101.038 E652.24153
G1 X96.472 Y100.679 E652.27587
G1 X97.317 Y100.381 E652.31126
G1 X97.82 Y100.246 E652.33183
G1 X98.264 Y100.138 E652.34988
G1 X99.134 Y99.988 E652.38475
G1 X100.418 Y99.906 E652.43556
G1 X104.451 Y99.904 E652.59485
G1 X105.17 Y99.981 E652.62341
G1 X105.611 Y100.111 E652.64157
G1 X106.016 Y100.259 E652.6586
G1 X106.417 Y100.48 E652.67669
G1 X106.769 Y100.702 E652.69312
G1 X107.284 Y101.166 E652.7205
G1 X107.738 Y101.758 E652.74997
G1 X108.045 Y102.385 E652.77754
G1 X108.164 Y102.832 E652.79581
G1 X108.264 Y103.142 E652.80868
G1 X108.326 Y103.69 E652.83046
G1 X108.322 Y122.818 E653.58595
G1 X108.263 Y123.415 E653.60964
G1 X108.021 Y124.231 E653.64326
G1 X107.7 Y124.846 E653.67066
G1 X107.184 Y125.496 E653.70344
G1 X106.626 Y125.951 E653.73187
G1 X105.843 Y126.37 E653.76695
G1 X105.164 Y126.575 E653.79496
G1 X104.444 Y126.649 E653.82355
G1 X101.785 Y126.649 E653.92857
G1 F3707.2 X101.299 Y126.675 E653.94879
G0 F9000 X105.127 Y126.297
G0 X105.065 Y126.082
G1 F3900 X104.452 Y126.145 E653.97313
G1 X100.449 Y126.147 E654.13124
G1 X99.237 Y126.072 E654.1792
G1 X98.113 Y125.868 E654.22432
G1 X97.118 Y125.578 E654.26525
G1 X96.06 Y125.148 E654.31036
G1 X94.976 Y124.549 E654.35927
G1 X94.206 Y124.003 E654.39655
G1 X93.41 Y123.332 E654.43767
G1 X92.753 Y122.643 E654.47528
G1 X92.188 Y121.942 E654.51084
G1 X91.493 Y120.856 E654.56176
G1 X91.042 Y119.927 E654.60255
G1 X90.694 Y119.019 E654.64095
G1 X90.605 Y118.711 E654.65362
G1 X90.45 Y118.104 E654.67836
G1 X90.383 Y117.806 E654.69042
G1 X90.249 Y116.81 E654.73012
G1 X90.201 Y115.896 E654.76627
G1 X90.201 Y110.692 E654.97181
G1 X90.225 Y109.989 E654.99959
G1 X90.385 Y108.747 E655.04905
G1 X90.566 Y107.987 E655.0799
G1 X90.854 Y107.089 E655.11715
G1 X91.196 Y106.271 E655.15217
G1 X91.781 Y105.209 E655.20006
G1 X92.143 Y104.669 E655.22574
G1 X92.799 Y103.859 E655.2669
G1 X93.413 Y103.22 E655.3019
G1 X94.208 Y102.546 E655.34307
G1 X94.945 Y102.024 E655.37874
G1 X95.989 Y101.442 E655.42595
G1 X96.731 Y101.113 E655.45801
G1 X97.435 Y100.868 E655.48745
G1 X97.937 Y100.732 E655.50799
G1 X98.431 Y100.614 E655.52805
G1 X99.16 Y100.491 E655.55725
G1 X100.45 Y100.405 E655.60831
G1 X104.455 Y100.407 E655.7665
G1 X105.037 Y100.469 E655.78961
G1 X105.446 Y100.584 E655.80639
G1 X105.777 Y100.7 E655.82025
G1 X106.152 Y100.904 E655.83711
G1 X106.488 Y101.122 E655.85293
G1 X106.899 Y101.491 E655.87474
G1 X107.314 Y102.032 E655.90167
G1 X107.559 Y102.525 E655.92342
G1 X107.685 Y102.975 E655.94187
G1 X107.766 Y103.223 E655.95218
G1 X107.826 Y103.718 E655.97187
G1 X107.825 Y122.771 E656.7244
G1 X107.776 Y123.281 E656.74463
G1 X107.567 Y124.02 E656.77497
G1 X107.295 Y124.546 E656.79835
G1 X106.827 Y125.136 E656.8281
G1 X106.351 Y125.529 E656.85248
G1 X105.622 Y125.916 E656.88508
G1 X105.065 Y126.082 E656.90803
G1 F2400 E654.90803
G0 F9000 X105.127 Y126.297
G0 X106.204 Y125.782
G0 X107.033 Y125.241
G1 F1200 E656.90803
G0 F9000 X106.487 Y124.805
;TYPE:WALL-OUTER
G1 F3000 X106.078 Y125.139 E656.9268
G1 X105.463 Y125.467 E656.95158
G1 X104.991 Y125.609 E656.9691
G1 X104.403 Y125.672 E656.99012
G1 X100.478 Y125.673 E657.12964
G1 X99.266 Y125.597 E657.17281
G1 X98.199 Y125.401 E657.21137
G1 X97.295 Y125.137 E657.24485
G1 X96.29 Y124.733 E657.28335
G1 X95.237 Y124.152 E657.3261
G1 X94.467 Y123.605 E657.35968
G1 X93.753 Y123.003 E657.39287
G1 X93.123 Y122.345 E657.42526
G1 X92.558 Y121.644 E657.45726
G1 X91.882 Y120.578 E657.50213
G1 X91.486 Y119.756 E657.53456
G1 X91.15 Y118.887 E657.56768
G1 X91.065 Y118.593 E657.57856
G1 X90.914 Y118 E657.60031
G1 X90.843 Y117.682 E657.61189
G1 X90.725 Y116.803 E657.64342
G1 X90.676 Y115.871 E657.6766
G1 X90.676 Y110.692 E657.86069
G1 X90.696 Y110.048 E657.8836
G1 X90.843 Y108.881 E657.92541
G1 X91.033 Y108.08 E657.95467
G1 X91.306 Y107.235 E657.98624
G1 X91.612 Y106.5 E658.01454
G1 X92.208 Y105.42 E658.05838
G1 X92.536 Y104.935 E658.0792
G1 X93.141 Y104.189 E658.11334
G1 X93.772 Y103.534 E658.14567
G1 X94.483 Y102.934 E658.17874
G1 X95.219 Y102.412 E658.21081
G1 X96.183 Y101.876 E658.25002
G1 X96.888 Y101.562 E658.27746
G1 X97.607 Y101.312 E658.30451
G1 X98.049 Y101.194 E658.32078
G1 X98.51 Y101.083 E658.33763
G1 X99.262 Y100.957 E658.36474
G1 X100.48 Y100.879 E658.40812
G1 X104.405 Y100.88 E658.54764
G1 X104.975 Y100.941 E658.56802
G1 X105.29 Y101.032 E658.57967
G1 X105.608 Y101.144 E658.59166
G1 X105.9 Y101.307 E658.60355
G1 X106.175 Y101.48 E658.61509
G1 X106.56 Y101.824 E658.63345
G1 X106.896 Y102.26 E658.65301
G1 X107.12 Y102.708 E658.67082
G1 X107.23 Y103.112 E658.6857
G1 X107.305 Y103.338 E658.69417
G1 X107.352 Y103.745 E658.70873
G1 X107.352 Y122.727 E659.38348
G1 X107.304 Y123.22 E659.40109
G1 X107.13 Y123.821 E659.42333
G1 X106.894 Y124.291 E659.44202
G1 X106.487 Y124.805 E659.46533
G0 F9000 X106.333 Y124.931
G0 X106.781 Y125.47
G0 X105.694 Y126.069
G0 X101.541 Y127.132
G0 X101.126 Y127.005
G0 X100.348 Y126.938
G0 X99.518 Y127.057
G0 X99.109 Y127.19
G0 X98.534 Y127.492
G0 X97.44 Y128.435
G0 X97.629 Y128.557
;TYPE:WALL-INNER
G1 F3900 X97.904 Y128.213 E659.48272
G1 X98.497 Y127.702 E659.51364
G1 X99.172 Y127.342 E659.54385
G1 X99.599 Y127.207 E659.56154
G1 X99.981 Y127.135 E659.5769
G1 X100.347 Y127.103 E659.59141
G1 X101.111 Y127.168 E659.62169
G1 X101.549 Y127.294 E659.63969
G1 X102.03 Y127.501 E659.66037
G1 X102.539 Y127.822 E659.68414
G1 X103.092 Y128.362 E659.71467
G1 X103.423 Y128.854 E659.73809
G1 X103.666 Y129.376 E659.76083
G1 X103.776 Y129.754 E659.77638
G1 X103.864 Y130.493 E659.80577
G1 X103.845 Y130.933 E659.82317
G1 X103.726 Y131.504 E659.84621
G1 X103.515 Y132.058 E659.86962
G1 X103.091 Y132.72 E659.90067
G1 X102.535 Y133.26 E659.93128
G1 X102.032 Y133.574 E659.9547
G1 X101.505 Y133.803 E659.9774
G1 X101.076 Y133.911 E659.99487
G1 X100.717 Y133.964 E660.0092
G1 X100.14 Y133.957 E660.03199
G1 X99.553 Y133.863 E660.05547
G1 X98.841 Y133.586 E660.08565
G1 X98.483 Y133.369 E660.10218
G1 X97.911 Y132.875 E660.13203
G1 X97.627 Y132.519 E660.15002
G1 X97.433 Y132.217 E660.1642
G1 X97.137 Y131.517 E660.19422
G1 X97.014 Y130.813 E660.22244
G1 X97.006 Y130.656 E660.22865
G1 X97.049 Y129.949 E660.25663
G1 X97.142 Y129.552 E660.27273
G1 X97.442 Y128.848 E660.30296
G1 X97.629 Y128.557 E660.31662
G0 F9000 X97.44 Y128.435
G0 X98.302 Y127.652
G0 X99.937 Y126.627
G1 F3923.5 X100.245 Y126.623 E660.32871
G1 F4054.1 X100.525 Y126.634 E660.33936
G1 F3939.4 X100.805 Y126.645 E660.35032
G1 F3831 X101.085 Y126.656 E660.36158
G1 F3651.7 X101.299 Y126.675 E660.37064
G0 F9000 X101.509 Y127.044
G0 X101.331 Y127.72
;TYPE:WALL-OUTER
G1 F3000 X101.823 Y127.932 E660.38969
G1 X102.261 Y128.214 E660.40821
G1 X102.707 Y128.649 E660.43035
G1 X103.012 Y129.098 E660.44965
G1 X103.212 Y129.525 E660.46641
G1 X103.313 Y129.859 E660.47881
G1 X103.39 Y130.527 E660.50271
G1 X103.369 Y130.888 E660.51557
G1 X103.272 Y131.353 E660.53245
G1 X103.076 Y131.863 E660.55187
G1 X102.721 Y132.417 E660.57526
G1 X102.222 Y132.894 E660.5998
G1 X101.795 Y133.159 E660.61766
G1 X101.366 Y133.345 E660.63429
G1 X101.007 Y133.441 E660.6475
G1 X100.7 Y133.486 E660.65853
G1 X100.196 Y133.483 E660.67644
G1 X99.702 Y133.406 E660.69421
G1 X99.035 Y133.147 E660.71965
G1 X98.779 Y132.992 E660.73029
G1 X98.27 Y132.557 E660.75409
G1 X98.027 Y132.262 E660.76767
G1 X97.846 Y131.974 E660.77976
G1 X97.602 Y131.398 E660.802
G1 X97.483 Y130.733 E660.82601
G1 X97.515 Y130.048 E660.85039
G1 X97.592 Y129.712 E660.86264
G1 X97.847 Y129.1 E660.88621
G1 X98.028 Y128.815 E660.89821
G1 X98.252 Y128.536 E660.91093
G1 X98.764 Y128.095 E660.93495
G1 X99.341 Y127.79 E660.95815
G1 X99.692 Y127.673 E660.9713
G1 X100.023 Y127.608 E660.98329
G1 X100.369 Y127.581 E660.99563
G1 X101.001 Y127.635 E661.01818
G1 X101.331 Y127.72 E661.03029
G0 F9000 X101.514 Y127.799
G0 X101.792 Y127.155
G0 X102.638 Y127.692
G0 X103.214 Y128.252
G0 X103.562 Y128.768
G0 X103.819 Y129.315
G0 X103.944 Y129.741
G0 X104.032 Y130.519
G0 X103.882 Y131.553
G0 X103.661 Y132.133
G0 X103.412 Y132.523
G0 X101.369 Y135.042
;TYPE:FILL
G1 F2555.4 X101.067 Y135.063 E661.04949
G1 F2692.9 X100.764 Y135.085 E661.06778
G1 F2754.4 X100.078 Y135.081 E661.10815
G1 F2651.2 X99.735 Y135.054 E661.12919
G1 F2484.3 X99.392 Y135.027 E661.15164
G1 F2400 E659.15164
G0 F9000 X97.287 Y132.292
G0 X90.902 Y120.019
G0 X90.451 Y118.765
G0 X90.219 Y117.818
G0 X90.088 Y116.855
G0 X90.037 Y115.881
G0 X90.058 Y110.008
G0 X90.217 Y108.743
G0 X90.714 Y106.991
G0 X96.985 Y88.424
G0 X97.287 Y87.708
G0 X99.721 Y84.94
G1 F1200 E661.15164
G1 F2685.9 X100.184 Y84.915 E661.17962
G1 F2776.7 X100.506 Y84.915 E661.19842
G1 F2725.1 X100.841 Y84.929 E661.21836
G1 F2620.7 X101.176 Y84.944 E661.2391
G1 F2502.4 X101.429 Y84.966 E661.25555
G0 F9000 X102.374 Y85.446
G1 F3600 X101.99 Y85.062 E661.28
G1 X101.973 Y85.272 E661.28949
G1 X102.512 Y85.506 E661.31595
G1 X103.033 Y85.832 E661.34362
G1 X103.3 Y86.041 E661.35889
G1 X103.765 Y86.494 E661.38812
G1 X103.997 Y86.778 E661.40463
G1 X104.354 Y87.334 E661.43438
G1 X104.502 Y87.628 E661.4492
G1 X104.723 Y88.209 E661.47719
G1 X104.826 Y88.704 E661.49995
G1 X127.421 Y111.299 E662.93872
G1 X127.421 Y112.105 E662.97501
G1 X104.895 Y89.579 E664.40938
G1 X104.873 Y89.994 E664.42809
G1 X104.808 Y90.298 E664.44209
G1 X127.421 Y112.911 E665.882
G1 X127.421 Y113.717 E665.91829
G1 X104.639 Y90.935 E667.36896
G1 X104.414 Y91.516 E667.39702
G1 X127.421 Y114.523 E668.86201
G1 X127.421 Y115.329 E668.89831
G1 X104.089 Y91.998 E670.38397
G1 X103.912 Y92.276 E670.39881
G1 X103.735 Y92.449 E670.40995
G1 X127.421 Y116.135 E671.91819
G1 X127.421 Y116.942 E671.95452
G1 X103.337 Y92.858 E673.4881
G1 X102.882 Y93.209 E673.51398
G1 X127.421 Y117.748 E675.07653
G1 X127.421 Y118.554 E675.11282
G1 X102.352 Y93.485 E676.70912
G1 X101.792 Y93.731 E676.73666
G1 X127.421 Y119.36 E678.36862
G1 X127.421 Y120.166 E678.40491
G1 X101.119 Y93.864 E680.07972
G1 X100.376 Y93.927 E680.11329
G1 X106.2 Y99.751 E680.48415
G1 X105.781 Y99.603 E680.50415
G1 X105.227 Y99.447 E680.53007
G1 X105.073 Y99.431 E680.53704
G1 X99.46 Y93.818 E680.89445
G1 X99.212 Y93.765 E680.90587
G1 X98.387 Y93.436 E680.94586
G1 X98.106 Y93.27 E680.96056
G1 X104.209 Y99.373 E681.34917
G1 X103.403 Y99.372 E681.38547
G1 X90.407 Y86.376 E682.213
G1 X90.018 Y86.793 E682.23868
G1 X102.596 Y99.372 E683.03963
G1 X101.79 Y99.371 E683.07592
G1 X89.651 Y87.233 E683.84886
G1 X89.337 Y87.725 E683.87514
G1 X100.983 Y99.371 E684.61671
G1 X100.177 Y99.371 E684.653
G1 X89.052 Y88.246 E685.3614
G1 X88.841 Y88.841 E685.38982
G1 X99.433 Y99.433 E686.06428
G1 X99.075 Y99.457 E686.08044
G1 X98.712 Y99.518 E686.09701
G1 X88.669 Y89.475 E686.73651
G1 X88.552 Y90.164 E686.76798
G1 X98.031 Y99.644 E687.3716
G1 X97.389 Y99.807 E687.40142
G1 X88.535 Y90.953 E687.96521
G1 X88.535 Y91.759 E688.0015
G1 X96.777 Y100.001 E688.52632
G1 X96.178 Y100.208 E688.55486
G1 X88.535 Y92.565 E689.04153
G1 X88.535 Y93.372 E689.07787
G1 X95.622 Y100.459 E689.52914
G1 X95.103 Y100.745 E689.55583
G1 X88.535 Y94.178 E689.97402
G1 X88.535 Y94.984 E690.01031
G1 X94.569 Y101.018 E690.39453
G1 X94.1 Y101.355 E690.42054
G1 X88.535 Y95.79 E690.7749
G1 X88.535 Y96.596 E690.81119
G1 X93.622 Y101.683 E691.13511
G1 X93.184 Y102.051 E691.16087
G1 X88.535 Y97.402 E691.4569
G1 X88.535 Y98.208 E691.49319
G1 X92.748 Y102.421 E691.76145
G1 X92.353 Y102.832 E691.78712
G1 X88.535 Y99.014 E692.03024
G1 X88.535 Y99.82 E692.06653
G1 X91.96 Y103.246 E692.28465
G1 X91.601 Y103.692 E692.31043
G1 X88.535 Y100.626 E692.50566
G1 X88.535 Y101.433 E692.542
G1 X91.246 Y104.144 E692.71462
G1 X90.921 Y104.625 E692.74076
G1 X88.535 Y102.239 E692.89269
G1 X88.535 Y103.045 E692.92898
G1 X90.634 Y105.143 E693.06261
G1 X90.348 Y105.664 E693.08937
G1 X88.535 Y103.851 E693.20481
G1 X88.535 Y104.657 E693.24111
G1 X90.093 Y106.215 E693.34031
G1 X89.855 Y106.783 E693.36804
G1 X88.535 Y105.463 E693.45209
G1 X88.535 Y106.269 E693.48839
G1 X89.65 Y107.385 E693.55942
G1 X89.493 Y108.033 E693.58944
G1 X88.535 Y107.075 E693.65044
G1 X88.535 Y107.881 E693.68673
G1 X89.343 Y108.69 E693.73821
G1 X89.254 Y109.407 E693.77074
G1 X88.535 Y108.687 E693.81656
G1 X88.535 Y109.494 E693.85289
G1 X89.181 Y110.14 E693.89403
G1 X89.166 Y110.642 E693.91664
G1 X89.166 Y110.931 E693.92965
G1 X88.535 Y110.3 E693.96983
G1 X88.535 Y111.106 E694.00613
G1 X89.166 Y111.737 E694.04631
G1 X89.166 Y112.543 E694.0826
G1 X88.535 Y111.912 E694.12278
G1 X88.535 Y112.718 E694.15907
G1 X89.167 Y113.35 E694.19931
G1 X89.167 Y114.156 E694.2356
G1 X88.535 Y113.524 E694.27584
G1 X88.535 Y114.33 E694.31214
G1 X89.167 Y114.962 E694.35238
G1 X89.167 Y115.768 E694.38867
G1 X88.535 Y115.136 E694.42891
G1 X88.535 Y115.942 E694.4652
G1 X89.202 Y116.609 E694.50768
G1 X89.215 Y116.87 E694.51944
G1 X89.299 Y117.513 E694.54864
G1 X88.535 Y116.748 E694.59732
G1 X88.535 Y117.555 E694.63366
G1 X89.483 Y118.503 E694.69402
G1 X89.615 Y119.017 E694.71792
G1 X89.801 Y119.627 E694.74663
G1 X88.535 Y118.361 E694.82724
G1 X88.535 Y119.167 E694.86353
G1 X90.45 Y121.082 E694.98547
G1 X90.564 Y121.321 E694.9974
G1 X91.329 Y122.526 E695.06166
G1 X92.039 Y123.398 E695.1123
G1 X92.722 Y124.109 E695.15669
G1 X93.498 Y124.764 E695.20241
G1 X94.417 Y125.419 E695.25322
G0 F9000 X97.863 Y126.876
G1 F3600 X97.425 Y127.251 E695.27918
G1 X96.698 Y126.524 E695.32548
G1 X95.655 Y126.106 E695.37607
G1 X95.249 Y125.881 E695.39697
G1 X97.024 Y127.656 E695.51
G1 X96.807 Y127.917 E695.52528
G1 X96.68 Y128.118 E695.53598
G1 X88.535 Y119.973 E696.05463
G1 X88.535 Y120.779 E696.09092
G1 X96.399 Y128.643 E696.59167
G1 X96.161 Y129.211 E696.6194
G1 X88.535 Y121.585 E697.10499
G1 X88.535 Y122.391 E697.14128
G1 X96.013 Y129.869 E697.61745
G1 X95.97 Y130.633 E697.65191
G1 X88.535 Y123.197 E698.12537
G1 X88.535 Y124.003 E698.16166
G1 X96.096 Y131.564 E698.64312
G1 X96.123 Y131.72 E698.65025
G1 X96.206 Y131.976 E698.66237
G1 X96.459 Y132.573 E698.69156
G1 X96.587 Y132.813 E698.70381
G1 X96.805 Y133.153 E698.72199
G1 X97.077 Y133.491 E698.74153
G1 X97.275 Y133.692 E698.75423
G1 X97.772 Y134.12 E698.78376
G1 X97.985 Y134.277 E698.79568
G1 X98.263 Y134.444 E698.81028
G1 X98.508 Y134.565 E698.82258
G1 X98.845 Y134.697 E698.83888
G1 X98.816 Y135.09 E698.85662
G1 X98.029 Y134.303 E698.90674
G0 F9000 X96.673 Y132.948
G1 F3600 X88.535 Y124.81 E699.42493
G1 X88.535 Y125.616 E699.46122
G1 X98.087 Y135.168 E700.06946
G1 X97.281 Y135.168 E700.10575
G1 X88.535 Y126.422 E700.66266
G1 X88.535 Y127.228 E700.69895
G1 X96.475 Y135.168 E701.20454
G1 X95.669 Y135.168 E701.24083
G1 X88.535 Y128.034 E701.6951
G1 X88.535 Y128.84 E701.73139
G1 X94.863 Y135.168 E702.13433
G1 X94.399 Y135.168 E702.15523
G1 X94.04 Y135.152 E702.17141
G1 X88.561 Y129.672 E702.52032
G1 X88.597 Y130.178 E702.54316
G1 X88.69 Y130.607 E702.56293
G1 X93.084 Y135.002 E702.84275
G1 X92.838 Y134.961 E702.85398
G1 X92.248 Y134.761 E702.88203
G1 X91.563 Y134.442 E702.91605
G1 X91.003 Y134.095 E702.94572
G1 X90.373 Y133.58 E702.98236
G1 X89.97 Y133.158 E703.00863
G1 X89.579 Y132.663 E703.03703
G0 F9000 X89.173 Y131.897
G1 F3600 X91.854 Y134.577 E703.20771
G0 F9000 X101.935 Y134.985
G1 F3600 X102.118 Y135.168 E703.21937
G1 X102.924 Y135.168 E703.25566
G1 X102.328 Y134.573 E703.29358
G1 X102.514 Y134.492 E703.30271
G1 X102.846 Y134.284 E703.32035
G1 X103.73 Y135.168 E703.37664
G1 X104.536 Y135.168 E703.41293
G1 X103.314 Y133.946 E703.49075
G1 X103.723 Y133.549 E703.51641
G1 X105.342 Y135.168 E703.6195
G1 X106.148 Y135.168 E703.65579
G1 X104.077 Y133.097 E703.78767
G1 X104.391 Y132.605 E703.81395
G1 X106.954 Y135.168 E703.97715
G1 X107.76 Y135.168 E704.01344
G1 X104.638 Y132.046 E704.21224
G1 X104.747 Y131.671 E704.22982
G1 X104.803 Y131.404 E704.2421
G1 X108.567 Y135.168 E704.48178
G1 X109.373 Y135.168 E704.51807
G1 X104.895 Y130.69 E704.80321
G1 X104.906 Y130.502 E704.81169
G1 X104.826 Y129.815 E704.84283
G1 X110.179 Y135.168 E705.18369
G1 X110.985 Y135.168 E705.21998
G1 X104.472 Y128.655 E705.63471
G1 X104.323 Y128.338 E705.65048
G1 X103.98 Y127.827 E705.67819
G1 X103.77 Y127.577 E705.69289
G1 X103.366 Y127.182 E705.71833
G1 X103.805 Y127.182 E705.7381
G1 X111.791 Y135.168 E706.24662
G1 X112.597 Y135.168 E706.28291
G1 X104.599 Y127.17 E706.79219
G1 X105.33 Y127.094 E706.82528
G1 X113.404 Y135.169 E707.33944
G1 X114.21 Y135.169 E707.37573
G1 X105.955 Y126.914 E707.90137
G1 X106.479 Y126.632 E707.92817
G1 X115.016 Y135.169 E708.47177
G1 X115.822 Y135.169 E708.50806
G1 X106.997 Y126.344 E709.07
G1 X107.438 Y125.978 E709.09581
G1 X116.628 Y135.169 E709.68103
G1 X117.434 Y135.169 E709.71732
G1 X107.819 Y125.553 E710.3296
G1 X108.175 Y125.103 E710.35543
G1 X118.24 Y135.169 E710.99636
G1 X119.047 Y135.169 E711.0327
G1 X108.446 Y124.568 E711.70773
G1 X108.518 Y124.429 E711.71478
G1 X108.654 Y123.97 E711.73634
G1 X119.853 Y135.169 E712.44945
G1 X120.659 Y135.169 E712.48574
G1 X108.809 Y123.319 E713.2403
G1 X108.881 Y122.584 E713.27355
G1 X121.465 Y135.169 E714.07489
G1 X122.271 Y135.169 E714.11118
G1 X108.861 Y121.758 E714.96511
G1 X108.861 Y120.952 E715.0014
G1 X123.077 Y135.169 E715.90665
G1 X123.883 Y135.169 E715.94294
G1 X108.861 Y120.146 E716.89952
G1 X108.861 Y119.34 E716.93581
G1 X124.626 Y135.105 E717.93967
G1 X124.882 Y135.073 E717.95128
G1 X125.312 Y134.985 E717.97104
G1 X108.861 Y118.534 E719.01858
G1 X108.86 Y117.727 E719.05492
G1 X126.012 Y134.879 E720.14709
G1 X126.582 Y134.643 E720.17487
G1 X108.86 Y116.921 E721.30334
G1 X108.86 Y116.115 E721.33963
G1 X127.152 Y134.407 E722.5044
G1 X127.421 Y134.297 E722.51748
G1 X127.421 Y133.87 E722.53671
G1 X108.86 Y115.309 E723.7186
G1 X108.86 Y114.503 E723.7549
G1 X127.421 Y133.064 E724.93679
G1 X127.421 Y132.257 E724.97313
G1 X108.86 Y113.697 E726.15499
G1 X108.859 Y112.89 E726.19133
G1 X127.421 Y131.451 E727.37325
G1 X127.421 Y130.645 E727.40954
G1 X108.859 Y112.084 E728.59147
G1 X108.859 Y111.278 E728.62776
G1 X127.421 Y129.839 E729.80969
G1 X127.421 Y129.033 E729.84598
G1 X108.859 Y110.471 E731.02794
G1 X108.859 Y109.665 E731.06423
G1 X127.421 Y128.227 E732.24619
G1 X127.421 Y127.421 E732.28248
G1 X108.859 Y108.859 E733.46444
G1 X108.859 Y108.052 E733.50077
G1 X127.421 Y126.615 E734.68276
G1 X127.421 Y125.809 E734.71905
G1 X108.859 Y107.246 E735.90104
G1 X108.859 Y106.44 E735.93733
G1 X127.421 Y125.003 E737.11932
G1 X127.421 Y124.196 E737.15566
G1 X108.859 Y105.634 E738.33762
G1 X108.859 Y104.828 E738.37391
G1 X127.421 Y123.39 E739.55587
G1 X127.421 Y122.584 E739.59216
G1 X108.859 Y104.022 E740.77412
G1 X108.859 Y103.66 E740.79042
G1 X108.802 Y103.159 E740.81312
G1 X127.421 Y121.778 E741.99871
G1 X127.421 Y120.972 E742.035
G1 X108.45 Y102.001 E743.243
G1 X108.184 Y101.464 E743.26998
G1 X107.681 Y100.806 E743.30728
G1 X107.169 Y100.342 E743.33839
G1 X106.964 Y100.191 E743.34985
G1 X106.628 Y99.984 E743.36762
G0 F9000 X97.866 Y93.127
G1 F3600 X97.185 Y92.538 E743.40816
G1 X96.807 Y92.082 E743.43483
G1 X96.609 Y91.773 E743.45135
G1 X90.853 Y86.016 E743.81791
G1 X91.337 Y85.694 E743.84408
G1 X96.083 Y90.441 E744.14632
G1 X95.96 Y89.685 E744.18081
G1 X95.969 Y89.521 E744.1882
G1 X91.86 Y85.411 E744.44988
G1 X92.041 Y85.319 E744.45902
G1 X92.44 Y85.185 E744.47797
G1 X96.008 Y88.754 E744.7052
G1 X96.167 Y88.106 E744.73525
G1 X93.05 Y84.989 E744.93372
G1 X93.739 Y84.871 E744.9652
G1 X96.403 Y87.536 E745.13486
G1 X96.679 Y87.006 E745.16177
G1 X94.503 Y84.83 E745.30033
G1 X95.309 Y84.83 E745.33662
G1 X97.044 Y86.564 E745.44707
G1 X97.423 Y86.137 E745.47277
G1 X96.115 Y84.83 E745.55603
G1 X96.921 Y84.83 E745.59232
G1 X97.87 Y85.779 E745.65275
G1 X98.398 Y85.501 E745.67962
G1 X97.727 Y84.83 E745.72234
G1 X99.143 Y84.83 E745.7861
G1 X99.161 Y85.178 E745.80179
G1 X98.951 Y85.247 E745.81174
G1 X98.533 Y84.83 E745.83833
G0 F9000 X101.752 Y86.136
G0 X104.447 Y87.519
G1 F3600 X127.421 Y110.493 E747.30123
G1 X127.421 Y109.687 E747.33752
G1 X102.563 Y84.829 E748.92038
G1 X103.369 Y84.829 E748.95667
G1 X127.421 Y108.881 E750.48821
G1 X127.421 Y108.074 E750.52455
G1 X104.175 Y84.829 E752.00474
G1 X104.982 Y84.829 E752.04107
G1 X127.421 Y107.268 E753.4699
G1 X127.421 Y106.462 E753.50619
G1 X105.788 Y84.829 E754.8837
G1 X106.594 Y84.829 E754.91999
G1 X127.421 Y105.656 E756.24618
G1 X127.421 Y104.85 E756.28247
G1 X107.4 Y84.829 E757.55733
G1 X108.206 Y84.829 E757.59362
G1 X127.421 Y104.044 E758.81716
G1 X127.421 Y103.238 E758.85345
G1 X109.012 Y84.829 E760.02567
G1 X109.818 Y84.829 E760.06196
G1 X127.421 Y102.432 E761.18285
G1 X127.421 Y101.626 E761.21914
G1 X110.624 Y84.829 E762.28871
G1 X111.43 Y84.829 E762.325
G1 X127.421 Y100.819 E763.34322
G1 X127.421 Y100.013 E763.37951
G1 X112.236 Y84.829 E764.3464
G1 X113.043 Y84.829 E764.38274
G1 X127.421 Y99.207 E765.29828
G1 X127.421 Y98.401 E765.33457
G1 X113.849 Y84.829 E766.19878
G1 X114.655 Y84.829 E766.23507
G1 X127.421 Y97.595 E767.04796
G1 X127.421 Y96.789 E767.08425
G1 X115.461 Y84.829 E767.84582
G1 X116.267 Y84.829 E767.88211
G1 X127.421 Y95.983 E768.59236
G1 X127.421 Y95.177 E768.62865
G1 X117.073 Y84.829 E769.28757
G1 X117.879 Y84.829 E769.32386
G1 X127.421 Y94.371 E769.93146
G1 X127.421 Y93.565 E769.96775
G1 X118.685 Y84.829 E770.52403
G1 X119.491 Y84.829 E770.56032
G1 X127.421 Y92.758 E771.06524
G1 X127.421 Y91.952 E771.10153
G1 X120.297 Y84.829 E771.55513
G1 X121.104 Y84.829 E771.59146
G1 X127.421 Y91.146 E771.99371
G1 X127.421 Y90.34 E772.03
G1 X121.91 Y84.829 E772.38092
G1 X122.716 Y84.829 E772.41721
G1 X127.421 Y89.534 E772.7168
G1 X127.421 Y88.728 E772.75309
G1 X123.522 Y84.829 E773.00137
G1 X123.812 Y84.829 E773.01443
G1 X124.35 Y84.851 E773.03867
G1 X127.421 Y87.922 E773.23422
G1 X127.421 Y87.116 E773.27051
G1 X125.344 Y85.039 E773.40277
G1 X125.947 Y85.124 E773.43019
G1 X126.235 Y85.124 E773.44315
G1 X127.421 Y86.31 E773.51867
G1 X127.421 Y85.504 E773.55496
G1 X127.201 Y85.284 E773.56897
G1 X127.42 Y85.332 E773.57907
;MESH:NONMESH
G0 F600 X127.42 Y85.332 Z1.28
G0 F9000 X103.494 Y91.944
;TIME_ELAPSED:804.161588
;LAYER:5
;TYPE:WALL-INNER
;MESH:DoorStrikePlate.stl
G1 F3900 X102.862 Y92.561 E773.61395
G1 X102.267 Y92.94 E773.64181
G1 X101.664 Y93.201 E773.66777
G1 X101.192 Y93.322 E773.68701
G1 X100.337 Y93.405 E773.72094
G1 X99.492 Y93.285 E773.75465
G1 X98.623 Y92.96 E773.79129
G1 X98.1 Y92.622 E773.81589
G1 X97.569 Y92.166 E773.84353
G1 X97.285 Y91.821 E773.86118
G1 X96.99 Y91.377 E773.88224
G1 X96.649 Y90.569 E773.91687
G1 X96.525 Y89.857 E773.94542
G1 X96.509 Y89.591 E773.95594
G1 X96.548 Y88.806 E773.98699
G1 X96.627 Y88.543 E773.99783
G1 X96.71 Y88.208 E774.01146
G1 X96.984 Y87.559 E774.03929
G1 X97.252 Y87.138 E774.059
G1 X97.667 Y86.663 E774.08391
G1 X98.217 Y86.203 E774.11223
G1 X98.942 Y85.818 E774.14465
G1 X99.666 Y85.587 E774.17467
G1 X100.38 Y85.525 E774.20298
G1 X101.192 Y85.597 E774.23517
G1 X101.67 Y85.725 E774.25472
G1 X102.265 Y85.982 E774.28032
G1 X102.848 Y86.347 E774.30748
G1 X103.38 Y86.857 E774.33659
G1 X103.558 Y87.075 E774.34771
G1 X103.968 Y87.713 E774.37766
G1 X104.196 Y88.317 E774.40316
G1 X104.344 Y89.011 E774.43119
G1 X104.371 Y89.787 E774.46185
G1 X104.207 Y90.554 E774.49283
G1 X103.963 Y91.208 E774.5204
G1 X103.494 Y91.944 E774.55487
G0 F9000 X101.556 Y92.882
G0 X101.131 Y92.993
G0 X100.336 Y93.065
G0 X99.553 Y92.952
G0 X98.746 Y92.646
G0 X98.316 Y92.365
G0 X97.791 Y91.911
G0 X97.288 Y91.215
G0 X97.036 Y90.619
G0 X96.785 Y89.604
G0 X97.008 Y89.615
G1 F3900 X97.044 Y88.887 E774.58366
G1 X97.109 Y88.676 E774.59238
G1 X97.18 Y88.378 E774.60448
G1 X97.428 Y87.791 E774.62965
G1 X97.653 Y87.439 E774.64615
G1 X98.017 Y87.022 E774.66801
G1 X98.498 Y86.62 E774.69277
G1 X99.138 Y86.28 E774.72139
G1 X99.77 Y86.079 E774.74759
G1 X100.378 Y86.026 E774.77169
G1 X101.105 Y86.091 E774.80052
G1 X101.505 Y86.197 E774.81686
G1 X102.032 Y86.426 E774.83956
G1 X102.536 Y86.741 E774.86303
G1 X103.094 Y87.277 E774.89359
G1 X103.518 Y87.938 E774.92461
G1 X103.715 Y88.456 E774.9465
G1 X103.846 Y89.073 E774.97141
G1 X103.864 Y89.746 E774.998
G1 X103.726 Y90.419 E775.02514
G1 X103.512 Y90.987 E775.04911
G1 X103.089 Y91.643 E775.07994
G1 X102.573 Y92.145 E775.10837
G1 X102.037 Y92.495 E775.13366
G1 X101.502 Y92.726 E775.15667
G1 X101.106 Y92.832 E775.17286
G1 X100.362 Y92.9 E775.20237
G1 X99.592 Y92.794 E775.23307
G1 X98.843 Y92.507 E775.26475
G1 X98.404 Y92.224 E775.28538
G1 X97.905 Y91.79 E775.3115
G1 X97.632 Y91.448 E775.32878
G1 X97.431 Y91.137 E775.34341
G1 X97.138 Y90.432 E775.37356
G1 X97.018 Y89.771 E775.4001
G1 X97.008 Y89.615 E775.40627
G1 F2400 E773.40627
G0 F9000 X96.785 Y89.604
G0 X96.949 Y88.635
G0 X97.284 Y87.714
G0 X97.903 Y86.907
G0 X98.405 Y86.485
G0 X99.075 Y86.128
G0 X99.926 Y85.898
G0 X100.185 Y85.879
G0 X101.642 Y86.013
G1 F1200 E775.40627
G0 F9000 X101.363 Y86.654
;TYPE:WALL-OUTER
G1 F3000 X101.795 Y86.841 E775.423
G1 X102.259 Y87.134 E775.44251
G1 X102.724 Y87.58 E775.46541
G1 X103.078 Y88.131 E775.48869
G1 X103.262 Y88.608 E775.50687
G1 X103.369 Y89.11 E775.52511
G1 X103.391 Y89.702 E775.54617
G1 X103.272 Y90.277 E775.56704
G1 X103.074 Y90.792 E775.58666
G1 X102.73 Y91.326 E775.60924
G1 X102.269 Y91.78 E775.63224
G1 X101.824 Y92.067 E775.65106
G1 X101.363 Y92.269 E775.66895
G1 X101.023 Y92.361 E775.68147
G1 X100.357 Y92.423 E775.70525
G1 X99.721 Y92.332 E775.72808
G1 X99.079 Y92.089 E775.75249
G1 X98.707 Y91.854 E775.76813
G1 X98.238 Y91.45 E775.79013
G1 X98.045 Y91.21 E775.80108
G1 X97.846 Y90.897 E775.81426
G1 X97.602 Y90.321 E775.8365
G1 X97.486 Y89.689 E775.85934
G1 X97.519 Y88.951 E775.8856
G1 X97.62 Y88.561 E775.89992
G1 X97.842 Y88.032 E775.92031
G1 X98.046 Y87.711 E775.93383
G1 X98.337 Y87.378 E775.94955
G1 X98.748 Y87.031 E775.96867
G1 X99.341 Y86.714 E775.99258
G1 X99.879 Y86.543 E776.01264
G1 X100.4 Y86.505 E776.03121
G1 X101.004 Y86.559 E776.05277
G1 X101.363 Y86.654 E776.06597
G0 F9000 X101.546 Y86.733
G0 X101.825 Y86.093
G0 X128.288 Y84.974
;TYPE:WALL-INNER
G1 F3900 X126.535 Y84.589 E776.13685
G1 X125.928 Y84.589 E776.16083
G1 X125.659 Y84.559 E776.17152
G1 X124.967 Y84.4 E776.19956
G1 X124.225 Y84.31 E776.22908
G1 X123.829 Y84.295 E776.24474
G1 X94.393 Y84.295 E777.40735
G1 X93.65 Y84.342 E777.43676
G1 X93.096 Y84.437 E777.45896
G1 X92.784 Y84.502 E777.47155
G1 X91.838 Y84.824 E777.51101
G1 X91.189 Y85.154 E777.53977
G1 X90.511 Y85.604 E777.57191
G1 X89.956 Y86.076 E777.60069
G1 X89.424 Y86.651 E777.63163
G1 X89.178 Y86.975 E777.64769
G1 X88.825 Y87.54 E777.67401
G1 X88.498 Y88.205 E777.70328
G1 X88.202 Y89.053 E777.73875
G1 X88.043 Y89.979 E777.77586
G1 X88 Y90.587 E777.79993
G1 X88 Y90.735 E777.80578
G1 X88 Y129.308 E779.32927
G1 X88.061 Y130.194 E779.36435
G1 X88.226 Y131.017 E779.3975
G1 X88.478 Y131.736 E779.42759
G1 X88.953 Y132.618 E779.46716
G1 X89.164 Y133.001 E779.48443
G1 X89.567 Y133.512 E779.51013
G1 X90.009 Y133.975 E779.53542
G1 X90.691 Y134.531 E779.57017
G1 X91.328 Y134.925 E779.59975
G1 X92.047 Y135.26 E779.63108
G1 X92.73 Y135.49 E779.65955
G1 X93.889 Y135.682 E779.70595
G1 X94.384 Y135.705 E779.72552
G1 X123.972 Y135.705 E780.89414
G1 X124.559 Y135.653 E780.91741
G1 X124.901 Y135.611 E780.93102
G1 X125.386 Y135.51 E780.95059
G1 X125.896 Y135.509 E780.97073
G1 X128.288 Y134.517 E781.07301
G1 X128.288 Y84.974 E783.02978
G0 F9000 X128.788 Y84.572
G1 F3900 X126.59 Y84.089 E783.11867
G1 X125.845 Y84.089 E783.14809
G1 X125.051 Y83.907 E783.18026
G1 X124.269 Y83.812 E783.21138
G1 X123.838 Y83.795 E783.22841
G1 X94.377 Y83.795 E784.39202
G1 X93.591 Y83.845 E784.42312
G1 X93.002 Y83.946 E784.44673
G1 X92.653 Y84.019 E784.46081
G1 X91.643 Y84.361 E784.50293
G1 X90.936 Y84.721 E784.53426
G1 X90.209 Y85.204 E784.56873
G1 X89.609 Y85.715 E784.59986
G1 X89.04 Y86.33 E784.63295
G1 X88.766 Y86.691 E784.65085
G1 X88.389 Y87.294 E784.67894
G1 X88.035 Y88.015 E784.71067
G1 X87.757 Y88.81 E784.74393
G1 X87.688 Y89.089 E784.75528
G1 X87.546 Y89.919 E784.78854
G1 X87.5 Y90.57 E784.81432
G1 X87.5 Y90.735 E784.82083
G1 X87.5 Y129.325 E786.345
G1 X87.565 Y130.261 E786.38206
G1 X87.743 Y131.149 E786.41783
G1 X88.019 Y131.938 E786.45084
G1 X88.509 Y132.849 E786.4917
G1 X88.594 Y133.028 E786.49952
G1 X88.753 Y133.288 E786.51156
G1 X89.189 Y133.84 E786.53934
G1 X89.669 Y134.343 E786.56681
G1 X90.4 Y134.939 E786.60406
G1 X91.09 Y135.365 E786.63609
G1 X91.861 Y135.725 E786.66969
G1 X92.613 Y135.978 E786.70103
G1 X93.835 Y136.18 E786.74995
G1 X94.372 Y136.205 E786.77118
G1 X123.989 Y136.205 E787.94095
G1 X124.612 Y136.15 E787.96565
G1 X124.983 Y136.104 E787.98042
G1 X125.44 Y136.009 E787.99885
G1 X125.995 Y136.009 E788.02077
G1 X128.788 Y134.851 E788.14019
G1 X128.788 Y84.572 E790.12603
G0 F9000 X129.257 Y84.193
;TYPE:WALL-OUTER
G1 F3000 X126.641 Y83.614 E790.22127
G1 X125.877 Y83.609 E790.24843
G1 X125.131 Y83.438 E790.27564
G1 X124.311 Y83.338 E790.305
G1 X123.847 Y83.32 E790.32151
G1 X94.363 Y83.32 E791.36957
G1 X93.536 Y83.372 E791.39902
G1 X92.983 Y83.467 E791.41897
G1 X92.528 Y83.56 E791.43548
G1 X91.458 Y83.922 E791.47563
G1 X90.696 Y84.31 E791.50602
G1 X89.923 Y84.824 E791.53902
G1 X89.28 Y85.371 E791.56903
G1 X88.675 Y86.024 E791.60067
G1 X88.375 Y86.421 E791.61836
G1 X87.975 Y87.06 E791.64516
G1 X87.762 Y87.481 E791.66193
G1 X87.595 Y87.835 E791.67584
G1 X87.301 Y88.675 E791.70748
G1 X87.223 Y88.992 E791.71908
G1 X87.073 Y89.862 E791.75047
G1 X87.025 Y90.553 E791.77509
G1 X87.025 Y90.735 E791.78156
G1 X87.025 Y129.342 E793.15391
G1 X87.093 Y130.324 E793.1889
G1 X87.283 Y131.275 E793.22338
G1 X87.583 Y132.13 E793.25558
G1 X88.091 Y133.075 E793.29372
G1 X88.176 Y133.254 E793.30077
G1 X88.363 Y133.56 E793.31351
G1 X88.83 Y134.152 E793.34032
G1 X89.346 Y134.693 E793.36689
G1 X90.124 Y135.327 E793.40257
G1 X90.864 Y135.784 E793.43348
G1 X91.684 Y136.166 E793.46564
G1 X92.501 Y136.442 E793.49629
G1 X92.86 Y136.495 E793.50919
G1 X93.784 Y136.653 E793.54252
G1 X94.362 Y136.68 E793.56308
G1 X123.844 Y136.68 E794.61107
G1 X124.096 Y136.673 E794.62003
G1 X124.662 Y136.623 E794.64023
G1 X125.061 Y136.573 E794.65453
G1 X125.503 Y136.484 E794.67055
G1 X126.09 Y136.484 E794.69142
G1 X129.263 Y135.165 E794.81357
G1 X129.257 Y84.193 E796.62546
G0 F9000 X129.062 Y84.15
G1 F2400 E794.62546
G0 F9000 X128.585 Y84.733
G0 X107.437 Y124.637
G0 X106.945 Y125.255
G0 X106.459 Y125.659
G0 X105.695 Y126.07
G0 X105.231 Y126.206
G0 X101.051 Y126.651
;TYPE:WALL-INNER
G1 F1200 E796.62546
G1 F3892.2 X101.761 Y126.842 E796.65455
G1 F3900 X102.267 Y127.06 E796.67632
G1 X102.737 Y127.354 E796.69821
G1 X102.937 Y127.511 E796.70825
G1 X103.451 Y128.011 E796.73658
G1 X103.86 Y128.606 E796.76509
G1 X104.137 Y129.214 E796.79148
G1 X104.265 Y129.648 E796.80935
G1 X104.366 Y130.471 E796.8421
G1 X104.343 Y130.999 E796.86298
G1 X104.207 Y131.644 E796.88901
G1 X104.011 Y132.161 E796.91085
G1 X103.859 Y132.443 E796.9235
G1 X103.773 Y132.561 E796.92927
G1 X103.51 Y132.971 E796.94851
G1 X103.331 Y133.189 E796.95965
G1 X102.849 Y133.653 E796.98607
G1 X102.266 Y134.018 E797.01324
G1 X101.667 Y134.277 E797.03902
G1 X101.187 Y134.4 E797.05859
G1 X100.71 Y134.465 E797.0776
G1 X100.055 Y134.452 E797.10348
G1 X99.42 Y134.346 E797.1289
G1 X98.646 Y134.047 E797.16167
G1 X98.159 Y133.753 E797.18414
G1 X97.544 Y133.219 E797.21631
G1 X97.141 Y132.703 E797.24217
G1 X96.983 Y132.436 E797.25442
G1 X96.653 Y131.663 E797.28762
G1 X96.506 Y130.824 E797.32126
G1 X96.546 Y129.899 E797.35783
G1 X96.698 Y129.307 E797.38197
G1 X96.977 Y128.658 E797.40987
G1 X97.34 Y128.097 E797.43626
G1 X97.514 Y127.886 E797.44707
G1 X98.235 Y127.267 E797.4846
G1 F3876.7 X98.941 Y126.896 E797.51629
G1 F3831 X99.558 Y126.692 E797.54242
G1 F3721.4 X99.827 Y126.628 E797.55386
G1 F3679.2 X99.573 Y126.603 E797.56455
G1 F3764.5 X99.318 Y126.578 E797.57503
G1 F3853.8 X99.063 Y126.553 E797.58527
G1 F3900 X97.876 Y126.327 E797.633
G1 X96.964 Y126.053 E797.67061
G1 X95.884 Y125.62 E797.71657
G1 X94.739 Y124.99 E797.76818
G1 X93.839 Y124.351 E797.81178
G1 X93.091 Y123.723 E797.85035
G1 X92.364 Y122.957 E797.89206
G1 X91.756 Y122.202 E797.93035
G1 X91.036 Y121.069 E797.98337
G1 X90.577 Y120.109 E798.0254
G1 X90.212 Y119.156 E798.06571
G1 X90.102 Y118.772 E798.08148
G1 X89.976 Y118.276 E798.10169
G1 X89.884 Y117.86 E798.11852
G1 X89.75 Y116.837 E798.15927
G1 X89.702 Y115.923 E798.19542
G1 X89.701 Y110.692 E798.40203
G1 X89.72 Y110.039 E798.42783
G1 X89.884 Y108.69 E798.4815
G1 X90.084 Y107.856 E798.51538
G1 X90.391 Y106.9 E798.55503
G1 X90.729 Y106.082 E798.58999
G1 X91.4 Y104.874 E798.64457
G1 X91.728 Y104.389 E798.66769
G1 X92.371 Y103.589 E798.70823
G1 X93.093 Y102.831 E798.74958
G1 X93.919 Y102.139 E798.79214
G1 X94.712 Y101.577 E798.83053
G1 X95.755 Y100.999 E798.87762
G1 X96.46 Y100.683 E798.90814
G1 X97.329 Y100.379 E798.9445
G1 X98.299 Y100.131 E798.98404
G1 X99.137 Y99.989 E799.01761
G1 X100.418 Y99.906 E799.06831
G1 X104.457 Y99.904 E799.22784
G1 X105.288 Y99.999 E799.26088
G1 X106.106 Y100.289 E799.29515
G1 X106.78 Y100.709 E799.32652
G1 X107.318 Y101.216 E799.35572
G1 X107.742 Y101.765 E799.38312
G1 X108.037 Y102.366 E799.40956
G1 X108.14 Y102.741 E799.42492
G1 X108.262 Y103.118 E799.44057
G1 X108.326 Y103.706 E799.46393
G1 X108.322 Y122.818 E800.21879
G1 X108.263 Y123.415 E800.24248
G1 X108.021 Y124.231 E800.2761
G1 X107.7 Y124.846 E800.3035
G1 X107.187 Y125.492 E800.33608
G1 X106.655 Y125.931 E800.36332
G1 X105.862 Y126.363 E800.39899
G1 X105.548 Y126.452 E800.41188
G1 X105.187 Y126.57 E800.42688
G1 F3892.2 X104.45 Y126.648 E800.45621
G1 F3884.5 X101.051 Y126.651 E800.59099
G0 F9000 X105.464 Y126.19
G0 X105.41 Y125.971
G1 F3900 X105.083 Y126.078 E800.60458
G1 X104.453 Y126.145 E800.6296
G1 X100.449 Y126.147 E800.78775
G1 X99.154 Y126.061 E800.83901
G1 X98.079 Y125.861 E800.8822
G1 X97.149 Y125.589 E800.92047
G1 X96.06 Y125.149 E800.96686
G1 X94.976 Y124.549 E801.01579
G1 X94.206 Y124.003 E801.05307
G1 X93.41 Y123.332 E801.09419
G1 X92.753 Y122.643 E801.13179
G1 X92.188 Y121.942 E801.16735
G1 X91.493 Y120.856 E801.21828
G1 X91.065 Y119.979 E801.25682
G1 X90.713 Y119.078 E801.29503
G1 X90.587 Y118.649 E801.31269
G1 X90.464 Y118.166 E801.33237
G1 X90.383 Y117.806 E801.34695
G1 X90.249 Y116.81 E801.38664
G1 X90.201 Y115.896 E801.42279
G1 X90.201 Y110.692 E801.62833
G1 X90.225 Y109.988 E801.65615
G1 X90.374 Y108.812 E801.70297
G1 X90.571 Y107.972 E801.73705
G1 X90.887 Y107 E801.77742
G1 X91.198 Y106.268 E801.80883
G1 X91.781 Y105.209 E801.85657
G1 X92.143 Y104.669 E801.88225
G1 X92.799 Y103.859 E801.92342
G1 X93.413 Y103.22 E801.95842
G1 X94.208 Y102.547 E801.99956
G1 X95.009 Y101.983 E802.03825
G1 X95.904 Y101.483 E802.07874
G1 X96.664 Y101.14 E802.11168
G1 X97.48 Y100.855 E802.14582
G1 X98.419 Y100.616 E802.18408
G1 X99.194 Y100.486 E802.21512
G1 X100.45 Y100.405 E802.26483
G1 X104.384 Y100.404 E802.42021
G1 X105.159 Y100.484 E802.45098
G1 X105.886 Y100.74 E802.48143
G1 X106.48 Y101.112 E802.50911
G1 X106.951 Y101.551 E802.53454
G1 X107.317 Y102.037 E802.55857
G1 X107.575 Y102.567 E802.58185
G1 X107.661 Y102.884 E802.59482
G1 X107.769 Y103.219 E802.60872
G1 X107.826 Y103.734 E802.62919
G1 X107.827 Y122.706 E803.37852
G1 X107.777 Y123.288 E803.40159
G1 X107.567 Y124.021 E803.4317
G1 X107.295 Y124.546 E803.45506
G1 X106.826 Y125.137 E803.48485
G1 X106.367 Y125.522 E803.50852
G1 X105.66 Y125.903 E803.54024
G1 X105.41 Y125.971 E803.55047
G1 F2400 E801.55047
G0 F9000 X105.464 Y126.19
G0 X106.269 Y125.761
G0 X107.033 Y125.241
G1 F1200 E803.55047
G0 F9000 X106.486 Y124.805
;TYPE:WALL-OUTER
G1 F3000 X106.078 Y125.138 E803.56919
G1 X105.479 Y125.46 E803.59336
G1 X105.279 Y125.514 E803.60073
G1 X104.999 Y125.606 E803.61121
G1 X104.403 Y125.672 E803.63252
G1 X100.478 Y125.673 E803.77204
G1 X99.241 Y125.594 E803.8161
G1 X98.166 Y125.394 E803.85497
G1 X97.345 Y125.154 E803.88538
G1 X96.302 Y124.739 E803.92528
G1 X95.244 Y124.156 E803.96822
G1 X94.467 Y123.605 E804.00208
G1 X93.753 Y123.003 E804.03528
G1 X93.123 Y122.345 E804.06766
G1 X92.558 Y121.644 E804.09966
G1 X91.882 Y120.578 E804.14453
G1 X91.486 Y119.756 E804.17697
G1 X91.149 Y118.887 E804.2101
G1 X91.047 Y118.532 E804.22323
G1 X90.928 Y118.062 E804.24046
G1 X90.843 Y117.682 E804.2543
G1 X90.725 Y116.803 E804.28583
G1 X90.676 Y115.871 E804.319
G1 X90.676 Y110.692 E804.5031
G1 X90.696 Y110.048 E804.526
G1 X90.845 Y108.871 E804.56818
G1 X91.037 Y108.066 E804.59759
G1 X91.318 Y107.201 E804.62992
G1 X91.614 Y106.497 E804.65707
G1 X92.208 Y105.42 E804.70079
G1 X92.536 Y104.935 E804.7216
G1 X93.141 Y104.189 E804.75575
G1 X93.772 Y103.534 E804.78808
G1 X94.483 Y102.934 E804.82115
G1 X95.22 Y102.411 E804.85327
G1 X96.153 Y101.889 E804.89127
G1 X96.858 Y101.573 E804.91874
G1 X97.637 Y101.304 E804.94803
G1 X98.533 Y101.077 E804.98089
G1 X99.26 Y100.957 E805.00708
G1 X100.48 Y100.879 E805.05054
G1 X104.405 Y100.88 E805.19006
G1 X105.039 Y100.949 E805.21273
G1 X105.678 Y101.171 E805.23677
G1 X106.184 Y101.488 E805.258
G1 X106.596 Y101.871 E805.27799
G1 X106.898 Y102.263 E805.29558
G1 X107.12 Y102.707 E805.31323
G1 X107.205 Y103.019 E805.32472
G1 X107.299 Y103.303 E805.33536
G1 X107.352 Y103.761 E805.35175
G1 X107.352 Y122.727 E806.02593
G1 X107.306 Y123.207 E806.04307
G1 X107.13 Y123.821 E806.06577
G1 X106.894 Y124.291 E806.08447
G1 X106.486 Y124.805 E806.10779
G0 F9000 X106.331 Y124.931
G0 X106.778 Y125.472
G0 X103.655 Y132.151
G0 X103.171 Y132.874
G0 X102.635 Y133.389
G0 X102.339 Y133.575
G0 X101.129 Y134.131
G0 X101.1 Y133.907
;TYPE:WALL-INNER
G1 F3900 X100.681 Y133.965 E806.1245
G1 X100.098 Y133.953 E806.14753
G1 X99.552 Y133.862 E806.1694
G1 X98.86 Y133.592 E806.19873
G1 X98.456 Y133.347 E806.21739
G1 X97.908 Y132.872 E806.24604
G1 X97.479 Y132.324 E806.27353
G1 X97.131 Y131.51 E806.30849
G1 X97.017 Y130.846 E806.3351
G1 X97.008 Y130.754 E806.33875
G1 X97.049 Y129.959 E806.37019
G1 X97.174 Y129.466 E806.39028
G1 X97.426 Y128.886 E806.41526
G1 X97.812 Y128.288 E806.44337
G1 X98.509 Y127.688 E806.47969
G1 X99.143 Y127.355 E806.50798
G1 X99.793 Y127.149 E806.53491
G1 X100.404 Y127.107 E806.5591
G1 X101.001 Y127.156 E806.58276
G1 X101.596 Y127.315 E806.60708
G1 X102.033 Y127.504 E806.62589
G1 X102.537 Y127.819 E806.64936
G1 X103.063 Y128.329 E806.6783
G1 X103.422 Y128.852 E806.70335
G1 X103.653 Y129.35 E806.72503
G1 X103.777 Y129.758 E806.74188
G1 X103.862 Y130.463 E806.76992
G1 X103.846 Y130.926 E806.78822
G1 X103.724 Y131.507 E806.81167
G1 X103.543 Y131.984 E806.83182
G1 X103.36 Y132.279 E806.84553
G1 X103.043 Y132.772 E806.86868
G1 X102.536 Y133.259 E806.89645
G1 X102.032 Y133.574 E806.91992
G1 X101.504 Y133.803 E806.94265
G1 X101.1 Y133.907 E806.95913
G1 F2400 E804.95913
G0 F9000 X101.129 Y134.131
G0 X102.111 Y133.718
G0 X102.635 Y133.389
G0 X103.171 Y132.874
G0 X103.655 Y132.151
G0 X103.882 Y131.552
G0 X104.008 Y130.957
G0 X104.019 Y130.688
G0 X103.893 Y129.351
G1 F1200 E806.95913
G0 F9000 X103.22 Y129.547
;TYPE:WALL-OUTER
G1 F3000 X103.316 Y129.874 E806.97124
G1 X103.388 Y130.495 E806.99347
G1 X103.369 Y130.891 E807.00756
G1 X103.271 Y131.355 E807.02442
G1 X103.099 Y131.816 E807.04191
G1 X102.675 Y132.468 E807.06955
G1 X102.223 Y132.894 E807.09163
G1 X101.795 Y133.159 E807.10953
G1 X101.331 Y133.357 E807.12746
G1 X101.018 Y133.439 E807.13896
G1 X100.632 Y133.489 E807.1528
G1 X100.129 Y133.476 E807.17068
G1 X99.66 Y133.393 E807.18761
G1 X99.059 Y133.157 E807.21056
G1 X98.751 Y132.971 E807.22335
G1 X98.242 Y132.528 E807.24734
G1 X97.892 Y132.081 E807.26752
G1 X97.588 Y131.37 E807.29501
G1 X97.486 Y130.766 E807.31678
G1 X97.515 Y130.057 E807.34201
G1 X97.62 Y129.638 E807.35736
G1 X97.838 Y129.122 E807.37727
G1 X98.177 Y128.603 E807.39931
G1 X98.762 Y128.094 E807.42687
G1 X99.307 Y127.805 E807.4488
G1 X99.88 Y127.62 E807.4702
G1 X100.363 Y127.582 E807.48743
G1 X100.898 Y127.624 E807.5065
G1 X101.428 Y127.762 E807.52597
G1 X101.795 Y127.918 E807.54015
G1 X102.257 Y128.21 E807.55957
G1 X102.714 Y128.66 E807.58237
G1 X102.995 Y129.069 E807.60001
G1 X103.22 Y129.547 E807.61879
G0 F9000 X103.276 Y129.739
G0 X103.949 Y129.543
G0 X103.562 Y128.768
G0 X103.191 Y128.226
G0 X102.74 Y127.79
G0 X100.98 Y126.651
;TYPE:WALL-INNER
G1 F3931.5 X100.634 Y126.638 E807.63236
G1 F4062.5 X100.288 Y126.624 E807.64549
G1 F3869 X99.827 Y126.628 E807.66384
G0 F9000 X98.4 Y127.562
G0 X97.79 Y128.092
G0 X97.267 Y128.83
G0 X96.882 Y129.917
G0 X96.841 Y130.782
G0 X96.971 Y131.551
G0 X97.288 Y132.293
G0 X99.432 Y135.032
;TYPE:FILL
G1 F2490.3 X99.698 Y135.054 E807.68121
G1 F2630.8 X99.965 Y135.076 E807.69772
G1 F2725.1 X100.347 Y135.081 E807.72044
G1 F2758.1 X100.729 Y135.086 E807.7429
G1 F2692.9 X101.06 Y135.063 E807.76287
G1 F2542.8 X101.392 Y135.039 E807.78409
G1 F2400 E805.78409
G0 F9000 X103.171 Y132.874
G0 X103.655 Y132.151
G0 X107.721 Y124.078
G0 X107.937 Y123.328
G0 X107.991 Y122.745
G0 X107.991 Y103.727
G0 X107.928 Y103.17
G0 X103.872 Y88.412
G0 X103.663 Y87.86
G0 X103.305 Y87.304
G0 X101.182 Y84.945
G1 F1200 E807.78409
G1 F2607.4 X100.916 Y84.933 E807.80064
G1 F2682.4 X100.65 Y84.921 E807.81673
G1 F2761.8 X100.384 Y84.908 E807.83236
G1 F2765.5 X100.113 Y84.918 E807.84826
G1 F2689.4 X99.842 Y84.929 E807.8646
G1 F2620.7 X99.571 Y84.94 E807.88138
G0 F9000 X98.533 Y84.83
G1 F3600 X98.947 Y85.243 E807.90771
G1 X99.009 Y85.217 E807.91074
G1 X98.994 Y84.83 E807.92818
G1 X97.727 Y84.83 E807.98522
G1 X98.398 Y85.5 E808.02792
G1 X97.871 Y85.78 E808.05479
G1 X96.921 Y84.83 E808.11528
G1 X96.115 Y84.83 E808.15157
G1 X97.44 Y86.154 E808.23591
G1 X97.292 Y86.279 E808.24463
G1 X97.043 Y86.564 E808.26167
G1 X95.309 Y84.83 E808.37209
G1 X94.503 Y84.83 E808.40838
G1 X96.679 Y87.006 E808.54694
G1 X96.401 Y87.534 E808.57381
G1 X93.739 Y84.872 E808.74331
G1 X93.048 Y84.987 E808.77485
G1 X96.182 Y88.121 E808.97441
G1 X96.016 Y88.761 E809.00418
G1 X92.44 Y85.185 E809.23189
G1 X92.039 Y85.32 E809.25094
G1 X91.86 Y85.411 E809.25998
G1 X95.979 Y89.531 E809.5223
G1 X95.968 Y89.784 E809.5337
G1 X96.083 Y90.441 E809.56373
G1 X91.338 Y85.695 E809.86591
G1 X90.854 Y86.018 E809.89211
G1 X96.611 Y91.775 E810.25869
G1 X96.817 Y92.095 E810.27583
G1 X97.188 Y92.544 E810.30205
G1 X97.789 Y93.06 E810.33772
G1 X98.258 Y93.362 E810.36283
G1 X98.536 Y93.501 E810.37683
G1 X99.365 Y93.807 E810.41662
G1 X99.464 Y93.821 E810.42112
G1 X105.08 Y99.437 E810.77872
G1 X105.404 Y99.475 E810.79341
G1 X106.204 Y99.755 E810.83158
G1 X100.378 Y93.929 E811.20255
G1 X101.124 Y93.869 E811.23625
G1 X126.595 Y119.34 E812.85815
G1 X126.595 Y118.534 E812.89444
G1 X101.79 Y93.729 E814.47393
G1 X102.352 Y93.485 E814.50152
G1 X126.595 Y117.728 E816.04522
G1 X126.594 Y116.921 E816.08156
G1 X102.88 Y93.207 E817.59157
G1 X103.336 Y92.857 E817.61746
G1 X126.594 Y116.115 E819.09844
G1 X126.594 Y115.309 E819.13473
G1 X103.738 Y92.453 E820.59011
G1 X103.91 Y92.285 E820.60094
G1 X104.091 Y91.999 E820.61618
G1 X126.594 Y114.503 E822.04912
G1 X126.594 Y113.696 E822.08545
G1 X104.415 Y91.517 E823.49773
G1 X104.639 Y90.935 E823.52581
G1 X126.594 Y112.89 E824.92382
G1 X126.594 Y112.084 E824.96011
G1 X104.808 Y90.298 E826.34736
G1 X104.891 Y89.912 E826.36514
G1 X104.898 Y89.582 E826.38
G1 X126.593 Y111.277 E827.76146
G1 X126.593 Y110.471 E827.79775
G1 X104.824 Y88.702 E829.18392
G1 X104.71 Y88.165 E829.20863
G1 X104.504 Y87.623 E829.23474
G1 X104.355 Y87.326 E829.2497
G1 X103.999 Y86.771 E829.27939
G1 X103.761 Y86.482 E829.29625
G1 X103.293 Y86.034 E829.32542
G1 X103.033 Y85.832 E829.34024
G1 X102.512 Y85.506 E829.36792
G1 X101.741 Y85.171 E829.40577
G1 X101.756 Y84.83 E829.42114
G1 X102.374 Y85.446 E829.46042
G0 F9000 X104.457 Y87.529
G1 F3600 X126.593 Y109.665 E830.86996
G1 X126.593 Y108.859 E830.90625
G1 X102.564 Y84.83 E832.43633
G1 X103.37 Y84.83 E832.47262
G1 X126.592 Y108.052 E833.95131
G1 X126.592 Y107.246 E833.9876
G1 X104.176 Y84.83 E835.41497
G1 X104.982 Y84.83 E835.45126
G1 X126.592 Y106.44 E836.8273
G1 X126.592 Y105.633 E836.86364
G1 X105.788 Y84.83 E838.18833
G1 X106.594 Y84.83 E838.22462
G1 X126.591 Y104.827 E839.49795
G1 X126.591 Y104.021 E839.53424
G1 X107.401 Y84.83 E840.75622
G1 X108.207 Y84.83 E840.79251
G1 X126.591 Y103.214 E841.96314
G1 X126.591 Y102.408 E841.99943
G1 X109.013 Y84.83 E843.11873
G1 X109.819 Y84.83 E843.15502
G1 X126.591 Y101.602 E844.223
G1 X126.591 Y100.795 E844.25933
G1 X110.625 Y84.83 E845.27596
G1 X111.431 Y84.83 E845.31225
G1 X126.591 Y99.989 E846.27755
G1 X126.59 Y99.183 E846.31384
G1 X112.237 Y84.83 E847.22778
G1 X113.043 Y84.83 E847.26407
G1 X126.59 Y98.376 E848.12666
G1 X126.59 Y97.57 E848.16296
G1 X113.849 Y84.83 E848.97422
G1 X114.655 Y84.83 E849.01051
G1 X126.589 Y96.764 E849.77043
G1 X126.589 Y95.957 E849.80676
G1 X115.462 Y84.83 E850.51529
G1 X116.268 Y84.83 E850.55158
G1 X126.589 Y95.151 E851.20878
G1 X126.589 Y94.345 E851.24507
G1 X117.074 Y84.83 E851.85095
G1 X117.88 Y84.83 E851.88724
G1 X126.589 Y93.538 E852.44177
G1 X126.589 Y92.732 E852.47806
G1 X118.686 Y84.83 E852.98126
G1 X119.492 Y84.83 E853.01755
G1 X126.589 Y91.926 E853.46943
G1 X126.589 Y91.12 E853.50572
G1 X120.298 Y84.83 E853.90627
G1 X121.104 Y84.83 E853.94257
G1 X126.588 Y90.313 E854.29173
G1 X126.588 Y89.507 E854.32803
G1 X121.91 Y84.83 E854.62587
G1 X122.716 Y84.83 E854.66216
G1 X126.588 Y88.701 E854.90868
G1 X126.587 Y87.894 E854.94502
G1 X123.523 Y84.83 E855.14012
G1 X123.809 Y84.829 E855.153
G1 X124.351 Y84.852 E855.17743
G1 X126.587 Y87.088 E855.31981
G1 X126.587 Y86.282 E855.3561
G1 X125.367 Y85.062 E855.43378
G1 X125.91 Y85.123 E855.45839
G1 X126.234 Y85.123 E855.47298
G1 X126.587 Y85.476 E855.49545
G0 F9000 X106.34 Y99.803
G1 F3600 X107.13 Y100.305 E855.5376
G1 X107.615 Y100.757 E855.56745
G1 X107.8 Y100.958 E855.57975
G1 X108.187 Y101.468 E855.60857
G1 X108.451 Y102.002 E855.6354
G1 X126.596 Y120.147 E856.7908
G1 X126.596 Y120.953 E856.82709
G1 X108.799 Y103.156 E857.96034
G1 X108.859 Y103.675 E857.98386
G1 X108.859 Y104.022 E857.99949
G1 X126.596 Y121.759 E859.12891
G1 X126.596 Y122.565 E859.1652
G1 X108.859 Y104.828 E860.29463
G1 X108.859 Y105.634 E860.33092
G1 X126.596 Y123.372 E861.46038
G1 X126.596 Y124.178 E861.49667
G1 X108.859 Y106.44 E862.62613
G1 X108.859 Y107.246 E862.66242
G1 X126.596 Y124.984 E863.79187
G1 X126.596 Y125.79 E863.82816
G1 X108.859 Y108.052 E864.95762
G1 X108.859 Y108.859 E864.99396
G1 X126.597 Y126.597 E866.12345
G1 X126.597 Y127.403 E866.15974
G1 X108.859 Y109.665 E867.28923
G1 X108.859 Y110.471 E867.32552
G1 X126.597 Y128.209 E868.45501
G1 X126.598 Y129.016 E868.49134
G1 X108.859 Y111.278 E869.62086
G1 X108.859 Y112.084 E869.65716
G1 X126.598 Y129.822 E870.78668
G1 X126.598 Y130.628 E870.82297
G1 X108.859 Y112.89 E871.95249
G1 X108.86 Y113.697 E871.98882
G1 X126.598 Y131.434 E873.11828
G1 X126.598 Y132.241 E873.15462
G1 X108.86 Y114.503 E874.28411
G1 X108.86 Y115.309 E874.3204
G1 X126.598 Y133.047 E875.44989
G1 X126.598 Y133.853 E875.48618
G1 X108.86 Y116.115 E876.61567
G1 X108.86 Y116.921 E876.65196
G1 X126.583 Y134.644 E877.78049
G1 X126.012 Y134.879 E877.80829
G1 X108.86 Y117.727 E878.90047
G1 X108.861 Y118.534 E878.93681
G1 X125.304 Y134.978 E879.98387
G1 X124.639 Y135.118 E880.01446
G1 X108.861 Y119.34 E881.01915
G1 X108.861 Y120.146 E881.05544
G1 X123.883 Y135.169 E882.01202
G1 X123.077 Y135.169 E882.04831
G1 X108.861 Y120.952 E882.95356
G1 X108.861 Y121.758 E882.98985
G1 X122.271 Y135.169 E883.84378
G1 X121.465 Y135.169 E883.88007
G1 X108.88 Y122.583 E884.68147
G1 X108.81 Y123.32 E884.7148
G1 X120.659 Y135.169 E885.4693
G1 X119.853 Y135.169 E885.50559
G1 X108.655 Y123.971 E886.21864
G1 X108.534 Y124.396 E886.23854
G1 X108.446 Y124.568 E886.24724
G1 X119.047 Y135.169 E886.92227
G1 X118.24 Y135.169 E886.9586
G1 X108.175 Y125.103 E887.59954
G1 X107.819 Y125.553 E887.62537
G1 X117.434 Y135.169 E888.23765
G1 X116.628 Y135.169 E888.27394
G1 X107.437 Y125.978 E888.85919
G1 X106.993 Y126.34 E888.88499
G1 X115.822 Y135.169 E889.44718
G1 X115.016 Y135.169 E889.48347
G1 X106.481 Y126.634 E890.02695
G1 X105.954 Y126.913 E890.0538
G1 X114.21 Y135.169 E890.57951
G1 X113.404 Y135.169 E890.6158
G1 X105.326 Y127.091 E891.13018
G1 X104.598 Y127.169 E891.16314
G1 X112.597 Y135.168 E891.67249
G1 X111.791 Y135.168 E891.70878
G1 X103.806 Y127.183 E892.21724
G1 X103.369 Y127.183 E892.23691
G1 X103.748 Y127.552 E892.26073
G1 X103.951 Y127.793 E892.27492
G1 X104.327 Y128.339 E892.30477
G1 X104.467 Y128.651 E892.32016
G1 X110.985 Y135.168 E892.73517
G1 X110.179 Y135.168 E892.77147
G1 X104.827 Y129.817 E893.11223
G1 X104.899 Y130.418 E893.13948
G1 X104.89 Y130.685 E893.15151
G1 X109.373 Y135.168 E893.43697
G1 X108.567 Y135.168 E893.47326
G1 X104.803 Y131.404 E893.71294
G1 X104.72 Y131.801 E893.7312
G1 X104.63 Y132.038 E893.74262
G1 X107.76 Y135.168 E893.94192
G1 X106.954 Y135.168 E893.97821
G1 X104.381 Y132.595 E894.14205
G1 X104.212 Y132.863 E894.15632
G1 X104.069 Y133.088 E894.16832
G1 X106.148 Y135.168 E894.30074
G1 X105.342 Y135.168 E894.33703
G1 X103.724 Y133.549 E894.44009
G1 X103.314 Y133.946 E894.46579
G1 X104.536 Y135.168 E894.5436
G1 X103.73 Y135.168 E894.57989
G1 X102.847 Y134.285 E894.63612
G1 X102.512 Y134.494 E894.65389
G1 X102.329 Y134.573 E894.66287
G1 X102.924 Y135.168 E894.70076
G1 X102.118 Y135.168 E894.73705
G1 X101.961 Y135.011 E894.74704
G0 F9000 X98.014 Y134.288
G1 F3600 X98.852 Y135.126 E894.8004
G1 X98.886 Y134.712 E894.81911
G1 X98.537 Y134.577 E894.83596
G1 X98.289 Y134.454 E894.84842
G1 X97.96 Y134.256 E894.86571
G1 X97.739 Y134.095 E894.87802
G1 X97.271 Y133.689 E894.90592
G1 X97.061 Y133.469 E894.91961
G1 X96.707 Y133.017 E894.94546
G1 X96.498 Y132.662 E894.96401
G1 X96.139 Y131.824 E895.00506
G1 X96.093 Y131.562 E895.01704
G1 X88.534 Y124.003 E895.49837
G1 X88.534 Y123.197 E895.53466
G1 X95.974 Y130.637 E896.00841
G1 X96.012 Y129.868 E896.04308
G1 X88.534 Y122.39 E896.51925
G1 X88.534 Y121.584 E896.55554
G1 X96.157 Y129.207 E897.04094
G1 X96.4 Y128.644 E897.06855
G1 X88.534 Y120.778 E897.56943
G1 X88.534 Y119.972 E897.60572
G1 X96.686 Y128.124 E898.12481
G1 X97 Y127.632 E898.15109
G1 X95.245 Y125.877 E898.26284
G1 X95.655 Y126.102 E898.2839
G1 X96.848 Y126.582 E898.3418
G1 X97.854 Y126.878 E898.38901
G1 X97.425 Y127.251 E898.41461
G1 X96.694 Y126.52 E898.46116
G0 F9000 X94.415 Y125.421
G1 F3600 X93.498 Y124.764 E898.51195
G1 X92.722 Y124.109 E898.55767
G1 X92.039 Y123.398 E898.60206
G1 X91.329 Y122.526 E898.6527
G1 X90.564 Y121.323 E898.71689
G1 X90.448 Y121.08 E898.72901
G1 X88.534 Y119.166 E898.85089
G1 X88.534 Y118.36 E898.88718
G1 X89.799 Y119.625 E898.96773
G1 X89.598 Y118.954 E898.99927
G1 X89.482 Y118.501 E899.02032
G1 X88.534 Y117.554 E899.08065
G1 X88.534 Y116.748 E899.11695
G1 X89.299 Y117.513 E899.16566
G1 X89.215 Y116.87 E899.19486
G1 X89.202 Y116.609 E899.20662
G1 X88.534 Y115.942 E899.24913
G1 X88.534 Y115.136 E899.28542
G1 X89.167 Y115.768 E899.32569
G1 X89.167 Y114.962 E899.36198
G1 X88.534 Y114.329 E899.40229
G1 X88.534 Y113.523 E899.43858
G1 X89.167 Y114.156 E899.47889
G1 X89.167 Y113.35 E899.51518
G1 X88.534 Y112.717 E899.55549
G1 X88.534 Y111.911 E899.59178
G1 X89.166 Y112.543 E899.63202
G1 X89.166 Y111.737 E899.66831
G1 X88.534 Y111.105 E899.70855
G1 X88.534 Y110.299 E899.74485
G1 X89.166 Y110.931 E899.78509
G1 X89.166 Y110.642 E899.7981
G1 X89.181 Y110.14 E899.82071
G1 X88.534 Y109.493 E899.86191
G1 X88.534 Y108.687 E899.8982
G1 X89.255 Y109.407 E899.94408
G1 X89.345 Y108.691 E899.97657
G1 X88.534 Y107.881 E900.02818
G1 X88.534 Y107.075 E900.06448
G1 X89.494 Y108.034 E900.12557
G1 X89.651 Y107.386 E900.15559
G1 X88.534 Y106.268 E900.22675
G1 X88.534 Y105.462 E900.26304
G1 X89.854 Y106.783 E900.34713
G1 X90.093 Y106.215 E900.37487
G1 X88.534 Y104.656 E900.47414
G1 X88.534 Y103.85 E900.51044
G1 X90.348 Y105.664 E900.62594
G1 X90.634 Y105.144 E900.65267
G1 X88.534 Y103.044 E900.78639
G1 X88.534 Y102.238 E900.82268
G1 X90.921 Y104.625 E900.97467
G1 X91.246 Y104.144 E901.00081
G1 X88.534 Y101.432 E901.1735
G1 X88.534 Y100.626 E901.20979
G1 X91.601 Y103.692 E901.40505
G1 X91.96 Y103.246 E901.43083
G1 X88.534 Y99.82 E901.64899
G1 X88.534 Y99.014 E901.68528
G1 X92.353 Y102.833 E901.92846
G1 X92.748 Y102.421 E901.95416
G1 X88.534 Y98.207 E902.22249
G1 X88.534 Y97.401 E902.25878
G1 X93.186 Y102.053 E902.555
G1 X93.627 Y101.688 E902.58078
G1 X88.534 Y96.595 E902.90508
G1 X88.534 Y95.789 E902.94137
G1 X94.098 Y101.353 E903.29567
G1 X94.57 Y101.019 E903.3217
G1 X88.534 Y94.983 E903.70605
G1 X88.534 Y94.177 E903.74234
G1 X95.104 Y100.747 E904.16069
G1 X95.624 Y100.46 E904.18744
G1 X88.534 Y93.371 E904.63887
G1 X88.534 Y92.565 E904.67516
G1 X96.177 Y100.208 E905.16184
G1 X96.777 Y100.001 E905.19042
G1 X88.534 Y91.759 E905.71527
G1 X88.534 Y90.953 E905.75156
G1 X97.391 Y99.809 E906.31551
G1 X98.033 Y99.645 E906.34534
G1 X88.552 Y90.164 E906.94906
G1 X88.67 Y89.476 E906.98049
G1 X98.71 Y99.516 E907.6198
G1 X99.072 Y99.455 E907.63633
G1 X99.431 Y99.431 E907.65253
G1 X88.841 Y88.841 E908.32686
G1 X89.05 Y88.244 E908.35534
G1 X100.177 Y99.371 E909.06386
G1 X100.982 Y99.37 E909.10011
G1 X89.337 Y87.725 E909.84162
G1 X89.651 Y87.232 E909.86794
G1 X101.788 Y99.369 E910.64078
G1 X102.594 Y99.369 E910.67707
G1 X90.018 Y86.794 E911.47783
G1 X90.406 Y86.375 E911.50354
G1 X103.399 Y99.369 E912.33092
G1 X104.205 Y99.369 E912.36721
G1 X98.091 Y93.255 E912.75652
G1 F2400 E910.75652
G0 F9000 X91.033 Y106.228
G0 X90.418 Y107.901
G0 X90.219 Y108.733
G0 X90.058 Y110.008
G0 X90.037 Y115.881
G0 X90.088 Y116.855
G0 X90.309 Y118.214
G0 X90.546 Y119.094
G0 X90.646 Y119.355
G0 X96.657 Y132.931
G1 F1200 E912.75652
G1 F3600 X88.534 Y124.809 E913.27373
G1 X88.534 Y125.615 E913.31003
G1 X98.087 Y135.168 E913.91832
G1 X97.281 Y135.168 E913.95462
G1 X88.534 Y126.421 E914.51159
G1 X88.534 Y127.227 E914.54788
G1 X96.476 Y135.169 E915.0536
G1 X95.67 Y135.169 E915.08989
G1 X88.534 Y128.033 E915.54428
G1 X88.534 Y128.839 E915.58057
G1 X94.864 Y135.169 E915.98365
G1 X94.405 Y135.169 E916.00431
G1 X94.04 Y135.152 E916.02076
G1 X88.56 Y129.671 E916.36974
G1 X88.591 Y130.117 E916.38987
G1 X88.688 Y130.606 E916.41232
G1 X93.087 Y135.005 E916.69243
G1 X92.857 Y134.966 E916.70293
G1 X92.243 Y134.76 E916.7321
G1 X91.585 Y134.452 E916.76481
G1 X91.003 Y134.094 E916.79557
G1 X90.373 Y133.58 E916.83218
G1 X89.97 Y133.158 E916.85846
G1 X89.604 Y132.694 E916.88507
G1 X89.17 Y131.893 E916.92608
G1 X91.855 Y134.578 E917.09706
G1 F2400 E915.09706
;MESH:NONMESH
G0 F600 X91.855 Y134.578 Z1.48
G0 F9000 X90.088 Y116.855
G0 X90.037 Y115.881
G0 X90.058 Y110.008
G0 X90.219 Y108.733
G0 X90.722 Y106.969
G0 X91.033 Y106.228
G0 X91.657 Y105.096
G0 X92.465 Y104.026
G0 X103.484 Y91.955
;TIME_ELAPSED:881.739829
;LAYER:6
;TYPE:WALL-INNER
;MESH:DoorStrikePlate.stl
G1 F1200 E917.09706
G1 F3900 X102.892 Y92.533 E917.12973
G1 X102.277 Y92.936 E917.15877
G1 X101.664 Y93.201 E917.18515
G1 X101.192 Y93.322 E917.2044
G1 X100.319 Y93.404 E917.23903
G1 X99.513 Y93.287 E917.2712
G1 X98.609 Y92.957 E917.30921
G1 X98.262 Y92.71 E917.32603
G1 X98.005 Y92.541 E917.33818
G1 X97.64 Y92.226 E917.35722
G1 X97.256 Y91.791 E917.38014
G1 X96.987 Y91.369 E917.3999
G1 X96.651 Y90.576 E917.43392
G1 X96.53 Y89.897 E917.46116
G1 X96.513 Y89.617 E917.47224
G1 X96.533 Y89.267 E917.48609
G1 X96.546 Y88.798 E917.50462
G1 X96.674 Y88.398 E917.5212
G1 X96.766 Y88.069 E917.5347
G1 X96.937 Y87.662 E917.55213
G1 X97.241 Y87.154 E917.57552
G1 X97.63 Y86.697 E917.59922
G1 X98.213 Y86.206 E917.62932
G1 X98.918 Y85.828 E917.66092
G1 X99.708 Y85.583 E917.69359
G1 X100.43 Y85.525 E917.72219
G1 X101.199 Y85.599 E917.75271
G1 X101.67 Y85.725 E917.77196
G1 X102.267 Y85.983 E917.79765
G1 X102.771 Y86.299 E917.82115
G1 X102.972 Y86.458 E917.83127
G1 X103.355 Y86.832 E917.85241
G1 X103.633 Y87.185 E917.87016
G1 X103.949 Y87.669 E917.89299
G1 X104.185 Y88.273 E917.9186
G1 X104.32 Y88.887 E917.94343
G1 X104.347 Y89.145 E917.95368
G1 X104.347 Y89.901 E917.98354
G1 X104.199 Y90.592 E918.01145
G1 X103.949 Y91.233 E918.03862
G1 X103.484 Y91.955 E918.07254
G0 F9000 X101.557 Y92.882
G0 X100.342 Y93.248
G0 X98.741 Y92.645
G0 X97.878 Y91.986
G0 X97.401 Y91.363
G0 X96.927 Y90.52
G0 X97.134 Y90.433
G1 F3900 X97.022 Y89.809 E918.09758
G1 X97.013 Y89.738 E918.10041
G1 X97.042 Y88.883 E918.1342
G1 X97.157 Y88.531 E918.14882
G1 X97.204 Y88.317 E918.15748
G1 X97.384 Y87.89 E918.17578
G1 X97.648 Y87.447 E918.19615
G1 X97.983 Y87.054 E918.21654
G1 X98.494 Y86.624 E918.24292
G1 X99.108 Y86.293 E918.27047
G1 X99.808 Y86.075 E918.29943
G1 X100.427 Y86.028 E918.32395
G1 X101.112 Y86.093 E918.35112
G1 X101.505 Y86.197 E918.36718
G1 X102.036 Y86.427 E918.39003
G1 X102.569 Y86.762 E918.4149
G1 X103.002 Y87.193 E918.43903
G1 X103.214 Y87.458 E918.45243
G1 X103.501 Y87.899 E918.47321
G1 X103.704 Y88.416 E918.49515
G1 X103.847 Y89.069 E918.52155
G1 X103.843 Y89.848 E918.55232
G1 X103.726 Y90.419 E918.57534
G1 X103.516 Y90.974 E918.59878
G1 X103.09 Y91.641 E918.63004
G1 X102.594 Y92.131 E918.65758
G1 X102.038 Y92.495 E918.68382
G1 X101.505 Y92.726 E918.70677
G1 X101.106 Y92.832 E918.72307
G1 X100.361 Y92.901 E918.75262
G1 X99.633 Y92.8 E918.78165
G1 X98.835 Y92.507 E918.81523
G1 X98.54 Y92.294 E918.8296
G1 X98.321 Y92.153 E918.83989
G1 X98.026 Y91.899 E918.85526
G1 X97.66 Y91.493 E918.87685
G1 X97.432 Y91.137 E918.89355
G1 X97.134 Y90.433 E918.92374
G1 F2400 E916.92374
G0 F9000 X96.927 Y90.52
G0 X96.844 Y89.739
G0 X96.879 Y88.848
G0 X97.239 Y87.816
G0 X97.517 Y87.347
G0 X97.871 Y86.935
G0 X98.401 Y86.487
G0 X99.048 Y86.14
G0 X99.801 Y85.908
G0 X100.308 Y85.873
G0 X101.642 Y86.013
G1 F1200 E918.92374
G0 F9000 X101.363 Y86.654
;TYPE:WALL-OUTER
G1 F3000 X101.795 Y86.841 E918.94048
G1 X102.252 Y87.125 E918.9596
G1 X102.635 Y87.494 E918.97851
G1 X102.802 Y87.698 E918.98788
G1 X103.086 Y88.14 E919.00655
G1 X103.242 Y88.538 E919.02175
G1 X103.367 Y89.096 E919.04208
G1 X103.371 Y89.796 E919.06696
G1 X103.272 Y90.277 E919.08442
G1 X103.074 Y90.792 E919.10403
G1 X102.728 Y91.329 E919.12674
G1 X102.304 Y91.75 E919.14798
G1 X101.826 Y92.066 E919.16834
G1 X101.363 Y92.269 E919.18632
G1 X101.023 Y92.361 E919.19884
G1 X100.355 Y92.424 E919.22269
G1 X99.749 Y92.337 E919.24445
G1 X99.043 Y92.073 E919.27124
G1 X98.805 Y91.9 E919.2817
G1 X98.616 Y91.781 E919.28964
G1 X98.32 Y91.523 E919.3036
G1 X98.029 Y91.189 E919.31934
G1 X97.846 Y90.897 E919.33159
G1 X97.602 Y90.321 E919.35383
G1 X97.49 Y89.725 E919.37539
G1 X97.521 Y88.942 E919.40324
G1 X97.616 Y88.657 E919.41392
G1 X97.652 Y88.487 E919.4201
G1 X97.817 Y88.091 E919.43535
G1 X98.048 Y87.709 E919.45122
G1 X98.308 Y87.405 E919.46544
G1 X98.785 Y87.006 E919.48754
G1 X99.274 Y86.743 E919.50728
G1 X99.915 Y86.54 E919.53118
G1 X100.44 Y86.506 E919.54988
G1 X101.005 Y86.559 E919.57005
G1 X101.363 Y86.654 E919.58322
G0 F9000 X101.546 Y86.733
G1 F2400 E917.58322
G0 F9000 X101.825 Y86.093
G0 X103.827 Y87.06
G0 X121.385 Y84.505
G0 X124.127 Y84.548
G0 X128.62 Y85.047
;TYPE:WALL-INNER
G1 F1200 E919.58322
G1 F3900 X126.535 Y84.589 E919.66753
G1 X125.89 Y84.589 E919.69301
G1 X125.59 Y84.551 E919.70495
G1 X125.25 Y84.464 E919.71881
G1 X124.96 Y84.404 E919.73051
G1 X124.23 Y84.312 E919.75957
G1 X123.827 Y84.295 E919.7755
G1 X94.394 Y84.296 E920.938
G1 X93.632 Y84.344 E920.96815
G1 X93.201 Y84.417 E920.98542
G1 X92.765 Y84.507 E921.003
G1 X91.841 Y84.821 E921.04155
G1 X91.176 Y85.161 E921.07105
G1 X90.512 Y85.603 E921.10255
G1 X89.945 Y86.087 E921.13199
G1 X89.424 Y86.651 E921.16232
G1 X89.168 Y86.99 E921.1791
G1 X88.825 Y87.54 E921.2047
G1 X88.659 Y87.864 E921.21908
G1 X88.486 Y88.233 E921.23517
G1 X88.206 Y89.04 E921.26891
G1 X88.04 Y90.01 E921.30778
G1 X88 Y90.584 E921.33051
G1 X88 Y129.308 E922.85997
G1 X88.065 Y130.246 E922.8971
G1 X88.222 Y131.007 E922.92779
G1 X88.484 Y131.751 E922.95895
G1 X88.897 Y132.518 E922.99335
G1 X89.001 Y132.735 E923.00286
G1 X89.175 Y133.019 E923.01601
G1 X89.576 Y133.524 E923.04148
G1 X90.008 Y133.976 E923.06618
G1 X90.689 Y134.53 E923.10085
G1 X91.342 Y134.933 E923.13116
G1 X91.776 Y135.141 E923.15016
G1 X92.02 Y135.249 E923.1607
G1 X92.743 Y135.494 E923.19085
G1 X93.873 Y135.68 E923.23609
G1 X94.385 Y135.705 E923.25633
G1 X124.03 Y135.7 E924.4272
G1 X124.539 Y135.654 E924.44739
G1 X124.825 Y135.62 E924.45876
G1 X125.341 Y135.511 E924.47959
G1 X125.896 Y135.509 E924.50151
G1 X128.62 Y134.38 E924.61798
G1 X128.62 Y85.047 E926.56645
G0 F9000 X129.12 Y84.645
G1 F3900 X126.589 Y84.089 E926.6688
G1 X125.801 Y84.089 E926.69993
G1 X125.363 Y83.977 E926.71778
G1 X125.039 Y83.91 E926.73085
G1 X124.667 Y83.868 E926.74564
G1 X124.275 Y83.813 E926.76127
G1 X123.837 Y83.795 E926.77858
G1 X94.378 Y83.796 E927.94211
G1 X93.574 Y83.847 E927.97393
G1 X93.05 Y83.936 E927.99492
G1 X92.635 Y84.023 E928.01167
G1 X91.643 Y84.36 E928.05305
G1 X90.923 Y84.729 E928.085
G1 X90.21 Y85.203 E928.11882
G1 X89.598 Y85.726 E928.15061
G1 X89.04 Y86.329 E928.18306
G1 X88.755 Y86.706 E928.20173
G1 X88.39 Y87.293 E928.22903
G1 X88.21 Y87.644 E928.24461
G1 X88.023 Y88.044 E928.26205
G1 X87.72 Y88.914 E928.29844
G1 X87.543 Y89.951 E928.33999
G1 X87.5 Y90.567 E928.36438
G1 X87.5 Y129.325 E929.89518
G1 X87.569 Y130.314 E929.93433
G1 X87.74 Y131.141 E929.96769
G1 X88.025 Y131.953 E930.00168
G1 X88.482 Y132.807 E930.03993
G1 X88.56 Y132.973 E930.04718
G1 X88.764 Y133.306 E930.0626
G1 X89.199 Y133.853 E930.0902
G1 X89.668 Y134.344 E930.11702
G1 X90.399 Y134.939 E930.15425
G1 X91.102 Y135.372 E930.18686
G1 X91.566 Y135.595 E930.20719
G1 X91.838 Y135.716 E930.21895
G1 X92.625 Y135.982 E930.25176
G1 X93.016 Y136.041 E930.26738
G1 X93.819 Y136.178 E930.29955
G1 X94.373 Y136.205 E930.32146
G1 X124.059 Y136.199 E931.49395
G1 X124.906 Y136.114 E931.52757
G1 X125.403 Y136.01 E931.54763
G1 X125.995 Y136.009 E931.57101
G1 X129.12 Y134.714 E931.70461
G1 X129.12 Y84.645 E933.68216
G0 F9000 X129.589 Y84.266
;TYPE:WALL-OUTER
G1 F3000 X126.641 Y83.614 E933.78948
G1 X125.86 Y83.614 E933.81725
G1 X125.471 Y83.514 E933.83152
G1 X125.113 Y83.44 E933.84452
G1 X124.317 Y83.34 E933.87304
G1 X123.847 Y83.32 E933.88976
G1 X94.363 Y83.321 E934.93782
G1 X93.519 Y83.374 E934.96788
G1 X93.036 Y83.456 E934.98529
G1 X92.511 Y83.564 E935.00435
G1 X91.873 Y83.775 E935.02823
G1 X91.456 Y83.923 E935.04396
G1 X90.682 Y84.318 E935.07485
G1 X89.923 Y84.823 E935.10726
G1 X89.268 Y85.383 E935.13789
G1 X88.675 Y86.024 E935.16893
G1 X88.363 Y86.437 E935.18733
G1 X87.976 Y87.059 E935.21337
G1 X87.784 Y87.435 E935.22838
G1 X87.582 Y87.865 E935.24527
G1 X87.301 Y88.672 E935.27564
G1 X87.233 Y88.945 E935.28564
G1 X87.07 Y89.894 E935.31987
G1 X87.025 Y90.551 E935.34328
G1 X87.025 Y129.342 E936.72217
G1 X87.097 Y130.379 E936.75912
G1 X87.281 Y131.268 E936.7914
G1 X87.589 Y132.145 E936.82444
G1 X88.043 Y132.99 E936.85853
G1 X88.142 Y133.199 E936.86675
G1 X88.374 Y133.579 E936.88258
G1 X88.84 Y134.165 E936.90919
G1 X89.345 Y134.694 E936.93519
G1 X90.123 Y135.327 E936.97084
G1 X90.874 Y135.79 E937.00221
G1 X91.367 Y136.026 E937.02163
G1 X91.664 Y136.159 E937.0332
G1 X92.512 Y136.445 E937.06501
G1 X93.768 Y136.651 E937.11026
G1 X94.362 Y136.68 E937.1314
G1 X124.087 Y136.674 E938.18803
G1 X124.696 Y136.618 E938.20976
G1 X124.984 Y136.583 E938.22008
G1 X125.466 Y136.484 E938.23757
G1 X126.09 Y136.484 E938.25975
G1 X129.595 Y135.028 E938.39466
G1 X129.589 Y84.266 E940.19909
G0 F9000 X129.394 Y84.223
G1 F2400 E938.19909
G0 F9000 X128.917 Y84.806
G0 X126.904 Y84.894
G0 X107.235 Y125.751
G0 X105.348 Y126.187
G0 X100.953 Y126.645
;TYPE:WALL-INNER
G1 F1200 E940.19909
G1 F3915.7 X101.845 Y126.879 E940.23537
G1 F3900 X102.266 Y127.059 E940.25345
G1 X102.737 Y127.354 E940.2754
G1 X102.934 Y127.508 E940.28528
G1 X103.421 Y127.977 E940.31198
G1 X103.858 Y128.601 E940.34207
G1 X104.117 Y129.163 E940.36651
G1 X104.266 Y129.653 E940.38674
G1 X104.359 Y130.398 E940.41639
G1 X104.346 Y130.981 E940.43942
G1 X104.207 Y131.646 E940.46626
G1 X103.986 Y132.228 E940.49084
G1 X103.794 Y132.562 E940.50606
G1 X103.629 Y132.764 E940.51636
G1 X103.468 Y133.015 E940.52814
G1 X103.296 Y133.227 E940.53892
G1 X102.971 Y133.544 E940.55685
G1 X102.771 Y133.701 E940.5669
G1 X102.268 Y134.017 E940.59036
G1 X101.662 Y134.279 E940.61643
G1 X101.185 Y134.401 E940.63588
G1 X100.675 Y134.467 E940.65619
G1 X100.006 Y134.448 E940.68263
G1 X99.421 Y134.346 E940.70608
G1 X98.674 Y134.06 E940.73767
G1 X98.13 Y133.732 E940.76276
G1 X97.626 Y133.286 E940.78934
G1 X97.451 Y133.094 E940.7996
G1 X97.08 Y132.586 E940.82445
G1 X96.946 Y132.35 E940.83517
G1 X96.686 Y131.743 E940.86125
G1 X96.591 Y131.34 E940.8776
G1 X96.507 Y130.802 E940.89911
G1 X96.533 Y130.344 E940.91723
G1 X96.54 Y130.029 E940.92967
G1 X96.579 Y129.766 E940.94017
G1 X96.767 Y129.148 E940.96568
G1 X96.942 Y128.737 E940.98333
G1 X97.354 Y128.089 E941.01366
G1 X97.533 Y127.873 E941.02474
G1 X98.224 Y127.269 E941.06099
G1 F3884.5 X98.912 Y126.907 E941.09181
G1 F3846.2 X99.604 Y126.688 E941.12088
G1 F3750 X99.878 Y126.627 E941.13241
G1 F3714.3 X99.606 Y126.603 E941.14374
G1 F3786.4 X99.334 Y126.578 E941.15485
G1 F3861.4 X99.062 Y126.554 E941.16574
G1 F3900 X97.957 Y126.346 E941.21015
G1 X97.101 Y126.102 E941.24531
G1 X95.88 Y125.621 E941.29714
G1 X94.707 Y124.971 E941.35011
G1 X93.839 Y124.351 E941.39224
G1 X93.091 Y123.723 E941.43081
G1 X92.364 Y122.957 E941.47252
G1 X91.756 Y122.202 E941.51081
G1 X91.036 Y121.069 E941.56383
G1 X90.576 Y120.108 E941.60591
G1 X90.247 Y119.258 E941.64191
G1 X90.086 Y118.715 E941.66428
G1 X89.989 Y118.336 E941.67973
G1 X89.884 Y117.862 E941.69891
G1 X89.75 Y116.837 E941.73973
G1 X89.702 Y115.923 E941.77588
G1 X89.701 Y110.692 E941.98249
G1 X89.72 Y110.039 E942.00829
G1 X89.884 Y108.688 E942.06204
G1 X90.092 Y107.825 E942.0971
G1 X90.437 Y106.772 E942.14087
G1 X90.729 Y106.083 E942.17043
G1 X91.4 Y104.874 E942.22504
G1 X91.728 Y104.389 E942.24816
G1 X92.371 Y103.589 E942.2887
G1 X93.093 Y102.831 E942.33005
G1 X93.917 Y102.14 E942.37252
G1 X94.698 Y101.583 E942.41041
G1 X95.727 Y101.013 E942.45687
G1 X96.56 Y100.643 E942.49287
G1 X97.379 Y100.363 E942.52706
G1 X98.424 Y100.104 E942.56958
G1 X99.138 Y99.989 E942.59814
G1 X100.418 Y99.906 E942.6488
G1 X104.45 Y99.904 E942.80805
G1 X105.272 Y99.996 E942.84072
G1 X106.1 Y100.286 E942.87537
G1 X106.796 Y100.72 E942.90777
G1 X107.319 Y101.217 E942.93626
G1 X107.727 Y101.739 E942.96243
G1 X108.033 Y102.354 E942.98956
G1 X108.122 Y102.671 E943.00257
G1 X108.251 Y103.075 E943.01932
G1 X108.327 Y103.781 E943.04736
G1 X108.322 Y122.818 E943.79926
G1 X108.263 Y123.415 E943.82295
G1 X108.021 Y124.231 E943.85657
G1 X107.7 Y124.846 E943.88397
G1 X107.184 Y125.496 E943.91675
G1 X106.627 Y125.949 E943.9451
G1 X105.863 Y126.36 E943.97937
G1 F3907.8 X105.194 Y126.568 E944.00698
G1 F3923.5 X104.452 Y126.648 E944.03628
G1 F3931.5 X100.953 Y126.645 E944.17337
G0 F9000 X105.121 Y126.299
G0 X105.098 Y126.076
G1 F3900 X104.454 Y126.145 E944.19896
G1 X100.449 Y126.147 E944.35714
G1 X99.153 Y126.061 E944.40844
G1 X98.049 Y125.854 E944.4528
G1 X97.241 Y125.622 E944.486
G1 X96.06 Y125.149 E944.53625
G1 X94.992 Y124.559 E944.58444
G1 X94.206 Y124.003 E944.62247
G1 X93.41 Y123.332 E944.66359
G1 X92.753 Y122.643 E944.70119
G1 X92.188 Y121.942 E944.73675
G1 X91.493 Y120.856 E944.78768
G1 X91.042 Y119.927 E944.82846
G1 X90.694 Y119.02 E944.86683
G1 X90.57 Y118.591 E944.88447
G1 X90.477 Y118.227 E944.89931
G1 X90.372 Y117.747 E944.91871
G1 X90.249 Y116.81 E944.95604
G1 X90.201 Y115.896 E944.99219
G1 X90.201 Y110.692 E945.19773
G1 X90.225 Y109.988 E945.22555
G1 X90.374 Y108.812 E945.27237
G1 X90.594 Y107.888 E945.30988
G1 X90.898 Y106.967 E945.34819
G1 X91.198 Y106.268 E945.37823
G1 X91.781 Y105.209 E945.42598
G1 X92.143 Y104.669 E945.45166
G1 X92.799 Y103.859 E945.49283
G1 X93.413 Y103.22 E945.52783
G1 X94.207 Y102.547 E945.56894
G1 X94.938 Y102.026 E945.60439
G1 X95.879 Y101.496 E945.64705
G1 X96.665 Y101.139 E945.68114
G1 X97.522 Y100.842 E945.71697
G1 X98.452 Y100.608 E945.75484
G1 X99.194 Y100.486 E945.78454
G1 X100.45 Y100.405 E945.83425
G1 X104.391 Y100.404 E945.98991
G1 X105.158 Y100.486 E946.02038
G1 X105.886 Y100.74 E946.05083
G1 X106.493 Y101.122 E946.07916
G1 X106.948 Y101.552 E946.10388
G1 X107.304 Y102.01 E946.12679
G1 X107.574 Y102.564 E946.15113
G1 X107.642 Y102.814 E946.16137
G1 X107.764 Y103.205 E946.17754
G1 X107.824 Y103.776 E946.20022
G1 X107.827 Y122.706 E946.94789
G1 X107.774 Y123.305 E946.97164
G1 X107.566 Y124.022 E947.00113
G1 X107.295 Y124.546 E947.02443
G1 X106.826 Y125.137 E947.05422
G1 X106.372 Y125.514 E947.07753
G1 X105.648 Y125.905 E947.11003
G1 X105.472 Y125.953 E947.11724
G1 X105.098 Y126.076 E947.13279
G1 F2400 E945.13279
G0 F9000 X105.121 Y126.299
G0 X105.713 Y126.061
G0 X106.135 Y125.834
G0 X107.033 Y125.241
G1 F1200 E947.13279
G0 F9000 X106.486 Y124.805
;TYPE:WALL-OUTER
G1 F3000 X106.115 Y125.113 E947.14993
G1 X105.479 Y125.461 E947.1757
G1 X105.341 Y125.496 E947.18076
G1 X105.015 Y125.603 E947.19295
G1 X104.404 Y125.672 E947.21481
G1 X100.478 Y125.673 E947.35437
G1 X99.241 Y125.594 E947.39843
G1 X98.136 Y125.387 E947.43839
G1 X97.374 Y125.166 E947.46659
G1 X96.302 Y124.739 E947.50761
G1 X95.242 Y124.155 E947.55063
G1 X94.467 Y123.605 E947.58441
G1 X93.753 Y123.003 E947.61761
G1 X93.123 Y122.345 E947.64999
G1 X92.558 Y121.644 E947.682
G1 X91.882 Y120.578 E947.72687
G1 X91.486 Y119.756 E947.7593
G1 X91.15 Y118.887 E947.79242
G1 X91.03 Y118.474 E947.80771
G1 X90.941 Y118.123 E947.82058
G1 X90.843 Y117.684 E947.83657
G1 X90.725 Y116.803 E947.86816
G1 X90.676 Y115.871 E947.90134
G1 X90.676 Y110.692 E948.08544
G1 X90.696 Y110.048 E948.10834
G1 X90.845 Y108.871 E948.15051
G1 X91.046 Y108.036 E948.18104
G1 X91.335 Y107.153 E948.21407
G1 X91.614 Y106.497 E948.23941
G1 X92.208 Y105.42 E948.28313
G1 X92.536 Y104.935 E948.30394
G1 X93.141 Y104.189 E948.33808
G1 X93.772 Y103.534 E948.37041
G1 X94.483 Y102.934 E948.40348
G1 X95.214 Y102.413 E948.43539
G1 X96.128 Y101.902 E948.47262
G1 X96.877 Y101.566 E948.5018
G1 X97.667 Y101.295 E948.53148
G1 X98.581 Y101.066 E948.56498
G1 X99.237 Y100.959 E948.58861
G1 X100.48 Y100.879 E948.63288
G1 X104.405 Y100.88 E948.7724
G1 X105.048 Y100.952 E948.7954
G1 X105.674 Y101.17 E948.81896
G1 X106.205 Y101.503 E948.84124
G1 X106.607 Y101.884 E948.86093
G1 X106.889 Y102.25 E948.87736
G1 X107.12 Y102.707 E948.89556
G1 X107.187 Y102.95 E948.90452
G1 X107.293 Y103.271 E948.91654
G1 X107.351 Y103.824 E948.9363
G1 X107.352 Y122.727 E949.60824
G1 X107.301 Y123.231 E949.62625
G1 X107.13 Y123.821 E949.64808
G1 X106.894 Y124.291 E949.66678
G1 X106.486 Y124.805 E949.69011
G0 F9000 X106.333 Y124.932
G0 X106.779 Y125.472
G0 X104.073 Y126.877
G0 X102.441 Y126.888
G0 X99.803 Y126.984
G0 X99.051 Y127.216
G0 X98.329 Y127.619
G0 X97.699 Y128.172
G0 X97.244 Y128.881
G0 X96.916 Y129.82
G0 X96.788 Y130.85
G0 X97.013 Y130.813
;TYPE:WALL-INNER
G1 F3900 X97.043 Y129.955 E949.72402
G1 X97.153 Y129.613 E949.7382
G1 X97.229 Y129.34 E949.7494
G1 X97.388 Y128.963 E949.76556
G1 X97.825 Y128.282 E949.79752
G1 X98.501 Y127.688 E949.83306
G1 X99.111 Y127.368 E949.86027
G1 X99.83 Y127.146 E949.88999
G1 X100.419 Y127.108 E949.9133
G1 F3907.8 X100.886 Y127.143 E949.93176
G1 X101.691 Y127.356 E949.96458
G1 X102.039 Y127.507 E949.97953
G1 F3900 X102.534 Y127.817 E950.0026
G1 X103.04 Y128.305 E950.03037
G1 X103.417 Y128.843 E950.05631
G1 X103.655 Y129.354 E950.07858
G1 X103.777 Y129.76 E950.09532
G1 X103.861 Y130.463 E950.12329
G1 X103.846 Y130.931 E950.14178
G1 X103.728 Y131.497 E950.16461
G1 X103.477 Y132.159 E950.19258
G1 X103.223 Y132.47 E950.20844
G1 X103.004 Y132.813 E950.22451
G1 X102.566 Y133.24 E950.24867
G1 X102.035 Y133.573 E950.27343
G1 X101.501 Y133.804 E950.29641
G1 X101.099 Y133.908 E950.31281
G1 X100.644 Y133.967 E950.33093
G1 X100.057 Y133.949 E950.35412
G1 X99.554 Y133.861 E950.37429
G1 X98.897 Y133.609 E950.40208
G1 X98.426 Y133.326 E950.42379
G1 X97.9 Y132.86 E950.45154
G1 X97.437 Y132.227 E950.48252
G1 X97.161 Y131.582 E950.51023
G1 X97.081 Y131.242 E950.52402
G1 X97.021 Y130.877 E950.53863
G1 X97.013 Y130.813 E950.54118
G1 F2400 E948.54118
G0 F9000 X96.788 Y130.85
G0 X96.879 Y129.925
G0 X97.244 Y128.881
G0 X97.699 Y128.172
G0 X98.329 Y127.619
G0 X99.051 Y127.216
G0 X99.476 Y127.086
G0 X100.478 Y126.887
G1 F1200 E950.54118
G0 F9000 X100.42 Y127.583
;TYPE:WALL-OUTER
G1 F3000 X100.796 Y127.613 E950.55459
G1 X101.515 Y127.801 E950.581
G1 X101.8 Y127.921 E950.592
G1 X102.257 Y128.21 E950.61122
G1 X102.691 Y128.634 E950.63278
G1 X103.013 Y129.098 E950.65286
G1 X103.221 Y129.548 E950.67048
G1 X103.313 Y129.862 E950.68211
G1 X103.386 Y130.463 E950.70363
G1 X103.369 Y130.892 E950.7189
G1 X103.273 Y131.351 E950.73557
G1 X103.061 Y131.918 E950.75708
G1 X102.838 Y132.191 E950.76961
G1 X102.615 Y132.529 E950.78401
G1 X102.29 Y132.846 E950.80015
G1 X101.795 Y133.159 E950.82096
G1 X101.332 Y133.357 E950.83886
G1 X101.007 Y133.442 E950.85081
G1 X100.636 Y133.489 E950.8641
G1 X100.096 Y133.473 E950.8833
G1 X99.661 Y133.394 E950.89902
G1 X99.126 Y133.189 E950.91938
G1 X98.692 Y132.927 E950.9374
G1 X98.239 Y132.519 E950.95908
G1 X97.853 Y131.991 E950.98232
G1 X97.621 Y131.45 E951.00325
G1 X97.545 Y131.14 E951.01459
G1 X97.489 Y130.8 E951.02684
G1 X97.515 Y130.036 E951.05402
G1 X97.61 Y129.744 E951.06493
G1 X97.657 Y129.555 E951.07186
G1 X97.812 Y129.179 E951.08631
G1 X98.191 Y128.594 E951.11109
G1 X98.758 Y128.093 E951.13799
G1 X99.313 Y127.803 E951.16024
G1 X99.944 Y127.615 E951.18365
G1 X100.42 Y127.583 E951.20061
G0 F9000 X100.619 Y127.598
G0 X100.874 Y126.645
;TYPE:WALL-INNER
G1 F4088.1 X100.419 Y126.627 E951.21776
G1 F4071 X100.148 Y126.627 E951.22802
G1 F3801.2 X99.877 Y126.627 E951.239
G1 F2400 E949.239
G0 F9000 X102.116 Y127.362
G0 X102.407 Y127.544
G0 X104.304 Y129.016
G0 X120.777 Y135.495
G0 X124.183 Y135.474
G0 X125.853 Y135.298
G0 X128.41 Y134.213
G0 X127.559 Y134.542
G0 X127.168 Y134.399
;TYPE:FILL
G1 F1200 E951.239
G1 F3600 X127.752 Y134.159 E951.29586
G1 X127.752 Y133.358 E951.36799
G1 X127.168 Y133.941 E951.4423
G1 X127.168 Y133.135 E951.51488
G1 X127.752 Y132.552 E951.58919
G1 X127.752 Y131.746 E951.66177
G1 X127.168 Y132.329 E951.73608
G1 X127.168 Y131.523 E951.80867
G1 X127.752 Y130.939 E951.88304
G1 X127.752 Y130.133 E951.95562
G1 X127.168 Y130.717 E952.03
G1 X127.168 Y129.911 E952.10258
G1 X127.752 Y129.327 E952.17695
G1 X127.752 Y128.521 E952.24953
G1 X127.168 Y129.105 E952.32391
G1 X127.168 Y128.299 E952.39649
G1 X127.752 Y127.715 E952.47086
G1 X127.752 Y126.909 E952.54344
G1 X127.167 Y127.494 E952.61795
G1 X127.167 Y126.688 E952.69053
G1 X127.752 Y126.103 E952.76503
G1 X127.752 Y125.297 E952.83761
G1 X127.167 Y125.881 E952.91205
G1 X127.166 Y125.076 E952.98454
G1 X127.752 Y124.491 E953.0591
G1 X127.752 Y123.684 E953.13178
G1 X127.166 Y124.27 E953.2064
G1 X127.166 Y123.464 E953.27899
G1 X127.752 Y122.878 E953.35362
G1 X127.752 Y122.072 E953.4262
G1 X127.166 Y122.658 E953.50083
G1 X127.166 Y121.852 E953.57341
G1 X127.752 Y121.266 E953.64804
G1 X127.752 Y120.46 E953.72062
G1 X127.166 Y121.046 E953.79525
G1 X127.166 Y120.24 E953.86783
G1 X127.752 Y119.654 E953.94246
G1 X127.752 Y118.848 E954.01504
G1 X127.166 Y119.434 E954.08967
G1 X127.165 Y118.629 E954.16216
G1 X127.752 Y118.042 E954.23691
G1 X127.752 Y117.236 E954.3095
G1 X127.165 Y117.823 E954.38425
G1 X127.165 Y117.016 E954.45692
G1 X127.752 Y116.43 E954.53162
G1 X127.752 Y115.623 E954.60429
G1 X127.165 Y116.21 E954.67904
G1 X127.164 Y115.405 E954.75154
G1 X127.752 Y114.817 E954.82642
G1 X127.752 Y114.011 E954.899
G1 X127.164 Y114.599 E954.97388
G1 X127.164 Y113.793 E955.04647
G1 X127.752 Y113.205 E955.12135
G1 X127.752 Y112.399 E955.19393
G1 X127.164 Y112.987 E955.26881
G1 X127.163 Y112.181 E955.3414
G1 X127.752 Y111.593 E955.41634
G1 X127.752 Y110.787 E955.48892
G1 X127.163 Y111.375 E955.56387
G1 X127.163 Y110.569 E955.63645
G1 X127.752 Y109.981 E955.7114
G1 X127.752 Y109.175 E955.78398
G1 X127.163 Y109.764 E955.85899
G1 X127.163 Y108.958 E955.93157
G1 X127.752 Y108.369 E956.00659
G1 X127.752 Y107.562 E956.07926
G1 X127.163 Y108.151 E956.15427
G1 X127.163 Y107.345 E956.22685
G1 X127.752 Y106.756 E956.30186
G1 X127.752 Y105.95 E956.37444
G1 X127.162 Y106.54 E956.44958
G1 X127.162 Y105.734 E956.52216
G1 X127.752 Y105.144 E956.5973
G1 X127.752 Y104.338 E956.66988
G1 X127.162 Y104.928 E956.74502
G1 X127.162 Y104.122 E956.8176
G1 X127.752 Y103.532 E956.89274
G1 X127.752 Y102.726 E956.96532
G1 X127.161 Y103.316 E957.04052
G1 X127.161 Y102.51 E957.1131
G1 X127.752 Y101.92 E957.18831
G1 X127.752 Y101.114 E957.26089
G1 X127.161 Y101.704 E957.33609
G1 X127.161 Y100.898 E957.40867
G1 X127.752 Y100.308 E957.48387
G1 X127.752 Y99.501 E957.55654
G1 X127.161 Y100.093 E957.63187
G1 X127.161 Y99.286 E957.70455
G1 X127.752 Y98.695 E957.77981
G1 X127.752 Y97.889 E957.85239
G1 X127.161 Y98.48 E957.92766
G1 X127.161 Y97.674 E958.00024
G1 X127.752 Y97.083 E958.0755
G1 X127.752 Y96.277 E958.14809
G1 X127.16 Y96.869 E958.22348
G1 X127.16 Y96.063 E958.29606
G1 X127.752 Y95.471 E958.37145
G1 X127.752 Y94.665 E958.44404
G1 X127.16 Y95.257 E958.51943
G1 X127.159 Y94.451 E958.59201
G1 X127.752 Y93.859 E958.66747
G1 X127.752 Y93.053 E958.74005
G1 X127.159 Y93.645 E958.8155
G1 X127.159 Y92.839 E958.88809
G1 X127.752 Y92.247 E958.96354
G1 X127.752 Y91.44 E959.03621
G1 X127.159 Y92.033 E959.11173
G1 X127.159 Y91.228 E959.18423
G1 X127.752 Y90.634 E959.25981
G1 X127.752 Y89.828 E959.33239
G1 X127.159 Y90.421 E959.40791
G1 X127.159 Y89.615 E959.48049
G1 X127.752 Y89.022 E959.55601
G1 X127.752 Y88.216 E959.6286
G1 X127.159 Y88.809 E959.70412
G1 X127.158 Y88.004 E959.77661
G1 X127.752 Y87.41 E959.85225
G1 X127.752 Y86.604 E959.92484
G1 X127.158 Y87.198 E960.00048
G1 X127.158 Y86.392 E960.07307
G1 X127.752 Y85.798 E960.14871
G1 X127.752 Y85.403 E960.18428
G1 X127.414 Y85.329 E960.21544
G1 X127.158 Y85.586 E960.24811
G1 X127.157 Y85.272 E960.27638
G0 F9000 X128.204 Y85.382
;TYPE:FILL
G1 F6035.3 X128.204 Y134.103 E961.58491
G1 F2400 E959.58491
G0 F9000 X125.853 Y135.298
G0 X124.955 Y135.379
G0 X107.235 Y125.751
G0 X102.559 Y126.798
G1 F1200 E961.58491
G0 F9000 X102.559 Y126.921
;TYPE:SKIN
G1 F2700 X102.877 Y127.118 E961.59319
G1 X103.129 Y127.315 E961.60026
G1 X103.531 Y127.703 E961.61262
G1 X103.715 Y127.921 E961.61893
G1 X104.107 Y128.484 E961.6341
G1 X104.398 Y129.117 E961.64951
G1 X104.538 Y129.609 E961.66082
G1 X104.635 Y130.384 E961.6781
G1 X104.616 Y131.028 E961.69235
G1 X104.472 Y131.718 E961.70794
G1 X104.237 Y132.337 E961.72258
G1 X104.012 Y132.724 E961.73248
G1 X103.851 Y132.927 E961.73822
G1 X103.696 Y133.165 E961.7445
G1 X103.483 Y133.425 E961.75193
G1 X103.156 Y133.742 E961.762
G1 X102.92 Y133.93 E961.76868
G1 X102.394 Y134.261 E961.78242
G1 X101.747 Y134.539 E961.798
G1 X101.252 Y134.671 E961.80933
G1 X100.694 Y134.74 E961.82177
G1 X99.969 Y134.72 E961.83781
G1 X99.486 Y134.636 E961.84865
G1 X99.198 Y134.555 E961.85527
G1 X98.546 Y134.302 E961.87074
G1 X97.991 Y133.969 E961.88505
G1 X97.434 Y133.48 E961.90145
G1 X97.224 Y133.251 E961.90832
G1 X96.866 Y132.758 E961.92179
G1 X96.692 Y132.451 E961.9296
G1 X96.42 Y131.813 E961.94494
G1 X96.325 Y131.408 E961.95414
G1 X96.237 Y130.893 E961.9657
G1 X96.274 Y129.829 E961.98924
G1 X96.417 Y129.384 E961.99958
G1 X96.513 Y129.051 E962.00725
G1 X96.721 Y128.562 E962.019
G1 X97.12 Y127.945 E962.03525
G1 X97.344 Y127.675 E962.04301
G1 X98.063 Y127.043 E962.06419
G1 X98.624 Y126.75 E962.07818
G1 X97.898 Y126.613 E962.09453
G1 X96.977 Y126.352 E962.1157
G1 X95.752 Y125.86 E962.1449
G1 X94.562 Y125.205 E962.17494
G1 X93.75 Y124.629 E962.19696
G1 X92.887 Y123.906 E962.22186
G1 X92.148 Y123.125 E962.24564
G1 X91.532 Y122.359 E962.26738
G1 X90.79 Y121.191 E962.29799
G1 X90.323 Y120.211 E962.322
G1 X89.951 Y119.236 E962.34508
G1 X89.819 Y118.78 E962.35558
G1 X89.721 Y118.393 E962.36441
G1 X89.622 Y117.953 E962.37439
G1 X89.477 Y116.864 E962.39869
G1 X89.429 Y115.931 E962.41935
G1 X89.428 Y110.651 E962.53613
G1 X89.449 Y109.958 E962.55147
G1 X89.615 Y108.641 E962.58083
G1 X89.833 Y107.735 E962.60144
G1 X90.143 Y106.777 E962.62371
G1 X90.482 Y105.965 E962.64317
G1 X91.103 Y104.835 E962.67169
G1 X91.506 Y104.229 E962.68779
G1 X92.241 Y103.322 E962.71361
G1 X92.907 Y102.631 E962.73483
G1 X93.667 Y101.988 E962.75685
G1 X94.569 Y101.341 E962.78141
G1 X95.507 Y100.817 E962.80517
G1 X96.368 Y100.424 E962.8261
G1 X97.302 Y100.099 E962.84798
G1 X98.25 Y99.86 E962.8696
G1 X99.111 Y99.716 E962.88891
G1 X100.402 Y99.633 E962.91752
G1 X104.482 Y99.631 E963.00776
G1 X105.338 Y99.733 E963.02683
G1 X106.21 Y100.033 E963.04723
G1 X106.945 Y100.496 E963.06644
G1 X107.52 Y101.023 E963.08369
G1 X107.965 Y101.603 E963.09986
G1 X108.303 Y102.291 E963.11681
G1 X108.384 Y102.593 E963.12373
G1 X108.523 Y103.022 E963.1337
G1 X108.6 Y103.761 E963.15014
G1 X108.6 Y122.785 E963.57091
G1 X108.537 Y123.455 E963.5858
G1 X108.277 Y124.328 E963.60594
G1 X108.015 Y124.845 E963.61876
G1 X107.869 Y125.074 E963.62477
G1 X107.366 Y125.696 E963.64246
G1 X106.81 Y126.158 E963.65845
G1 X105.982 Y126.61 E963.67932
G1 X105.236 Y126.839 E963.69658
G1 X104.469 Y126.921 E963.71364
G1 X102.559 Y126.921 E963.75588
G1 F2400 E961.75588
G0 F9000 X102.559 Y126.798
G0 X97.979 Y126.006
G0 X97.158 Y125.768
G0 X96.028 Y125.317
G0 X94.891 Y124.691
G0 X94.083 Y124.118
G0 X93.326 Y123.479
G0 X92.651 Y122.776
G0 X92.03 Y122.007
G0 X91.33 Y120.903
G0 X90.902 Y120.019
G0 X90.474 Y118.929
G0 X90.219 Y117.819
G0 X90.088 Y116.855
G0 X90.037 Y115.881
G0 X90.058 Y110.008
G0 X90.219 Y108.732
G0 X90.733 Y106.935
G0 X91.035 Y106.227
G0 X91.657 Y105.096
G0 X92.655 Y103.774
G0 X93.325 Y103.074
G0 X94.083 Y102.434
G0 X94.535 Y102.114
G0 X98.387 Y99.876
G0 X98.01 Y92.826
G0 X96.874 Y91.458
G1 F1200 E963.75588
G0 F9000 X96.755 Y91.518
G1 F2700 X96.385 Y90.637 E963.77702
G1 X96.235 Y89.794 E963.79596
G1 X96.276 Y88.748 E963.81911
G1 X96.409 Y88.329 E963.82883
G1 X96.457 Y88.099 E963.83403
G1 X96.698 Y87.532 E963.84765
G1 X97.011 Y87.005 E963.86121
G1 X97.44 Y86.5 E963.87587
G1 X97.944 Y86.074 E963.89046
G1 X98.204 Y85.9 E963.89738
G1 X98.684 Y85.643 E963.90943
G1 X98.951 Y85.533 E963.91581
G1 X99.667 Y85.31 E963.9324
G1 X100.477 Y85.255 E963.95036
G1 X101.261 Y85.331 E963.96778
G1 X101.755 Y85.464 E963.97909
G1 X102.411 Y85.746 E963.99489
G1 X102.907 Y86.061 E964.00788
G1 X103.169 Y86.268 E964.01527
G1 X103.593 Y86.692 E964.02853
G1 X103.776 Y86.916 E964.03493
G1 X104.108 Y87.409 E964.04807
G1 X104.248 Y87.684 E964.0549
G1 X104.443 Y88.176 E964.06661
G1 X104.589 Y88.837 E964.08158
G1 X104.62 Y89.13 E964.08809
G1 X104.62 Y89.925 E964.10568
G1 X104.469 Y90.635 E964.12173
G1 X104.2 Y91.346 E964.13855
G1 X103.707 Y92.117 E964.15879
G1 X103.07 Y92.741 E964.17851
G1 X102.418 Y93.171 E964.19579
G1 X101.755 Y93.46 E964.21178
G1 X101.219 Y93.596 E964.22401
G1 X100.284 Y93.677 E964.24477
G1 X99.403 Y93.543 E964.26448
G1 X98.637 Y93.257 E964.28257
G1 X98.386 Y93.134 E964.28875
G1 X97.826 Y92.747 E964.3038
G1 X97.454 Y92.426 E964.31467
G1 X97.044 Y91.963 E964.32835
G1 X96.755 Y91.518 E964.34009
G1 F2400 E962.34009
G0 F9000 X96.874 Y91.458
G0 X98.741 Y92.645
G0 X100.342 Y93.248
G0 X101.557 Y92.882
G0 X102.41 Y92.453
G0 X102.703 Y92.252
G0 X103.221 Y91.742
G0 X103.577 Y91.191
G0 X104.545 Y88.837
G0 X124.921 Y84.651
G0 X126.877 Y84.819
G1 F1200 E964.34009
G0 F9000 X126.85 Y84.938
G1 F2700 X126.503 Y84.862 E964.34794
G1 X125.88 Y84.861 E964.36172
G1 X125.511 Y84.814 E964.36995
G1 X125.187 Y84.731 E964.37735
G1 X124.914 Y84.674 E964.38352
G1 X124.205 Y84.584 E964.39932
G1 X123.823 Y84.568 E964.40778
G1 X94.405 Y84.569 E965.05845
G1 X93.667 Y84.617 E965.07481
G1 X93.198 Y84.696 E965.08533
G1 X92.835 Y84.773 E965.09353
G1 X92.271 Y84.958 E965.10666
G1 X91.951 Y85.072 E965.11417
G1 X91.314 Y85.399 E965.13001
G1 X90.676 Y85.821 E965.14693
G1 X90.138 Y86.283 E965.16262
G1 X89.635 Y86.827 E965.179
G1 X89.393 Y87.146 E965.18786
G1 X89.063 Y87.676 E965.20167
G1 X88.905 Y87.985 E965.20934
G1 X88.74 Y88.338 E965.21796
G1 X88.472 Y89.109 E965.23602
G1 X88.312 Y90.043 E965.25698
G1 X88.274 Y90.595 E965.26921
G1 X88.273 Y129.298 E966.12525
G1 X88.337 Y130.207 E966.1454
G1 X88.488 Y130.935 E966.16185
G1 X88.735 Y131.638 E966.17833
G1 X89.14 Y132.391 E966.19724
G1 X89.243 Y132.605 E966.20249
G1 X89.399 Y132.861 E966.20912
G1 X89.781 Y133.341 E966.22269
G1 X90.193 Y133.772 E966.23588
G1 X90.85 Y134.307 E966.25462
G1 X91.472 Y134.692 E966.2708
G1 X92.121 Y134.995 E966.28664
G1 X92.808 Y135.227 E966.30268
G1 X93.904 Y135.408 E966.32725
G1 X94.392 Y135.432 E966.33805
G1 X124.015 Y135.427 E966.99325
G1 X124.781 Y135.351 E967.01028
G1 X125.297 Y135.241 E967.02195
G1 X125.84 Y135.236 E967.03396
G1 X126.861 Y134.814 E967.0584
G1 X126.85 Y84.938 E968.16155
G0 F9000 X126.876 Y84.819
G0 X125.085 Y84.585
G0 X125.031 Y84.84
G1 F2700 X93.196 Y84.84 E968.86568
G1 F2400 E966.86568
G0 F9000 X93.143 Y84.58
G0 X94.401 Y84.507
G0 X97.431 Y84.545
G0 X98.957 Y85.574
G0 X100.485 Y85.383
G1 F1200 E968.86568
G0 F9000 X100.495 Y85.12
G1 F2700 X126.711 Y85.12 E969.44552
G0 F9000 X126.711 Y85.4
G1 F2700 X101.962 Y85.4 E969.99292
G0 F9000 X102.567 Y85.68
G1 F2700 X126.711 Y85.68 E970.52694
G0 F9000 X126.711 Y85.96
G1 F2700 X103.003 Y85.96 E971.05131
G0 F9000 X103.339 Y86.24
G1 F2700 X126.711 Y86.24 E971.56825
G0 F9000 X126.711 Y86.52
G1 F2700 X103.619 Y86.52 E972.079
G0 F9000 X103.86 Y86.8
G1 F2700 X126.711 Y86.8 E972.58442
G0 F9000 X126.711 Y87.08
G1 F2700 X104.054 Y87.08 E973.08555
G0 F9000 X104.238 Y87.36
G1 F2700 X126.711 Y87.36 E973.58261
G0 F9000 X126.711 Y87.64
G1 F2700 X104.381 Y87.64 E974.0765
G0 F9000 X104.492 Y87.92
G1 F2700 X126.711 Y87.92 E974.56794
G0 F9000 X126.711 Y88.2
G1 F2700 X104.59 Y88.2 E975.05721
G0 F9000 X104.653 Y88.48
G1 F2700 X126.711 Y88.48 E975.54509
G0 F9000 X126.711 Y88.76
G1 F2700 X104.716 Y88.76 E976.03158
G0 F9000 X104.75 Y89.04
G1 F2700 X126.711 Y89.04 E976.51731
G0 F9000 X126.711 Y89.32
G1 F2700 X104.759 Y89.32 E977.00284
G0 F9000 X104.759 Y89.6
G1 F2700 X126.712 Y89.6 E977.4884
G0 F9000 X126.712 Y89.88
G1 F2700 X104.759 Y89.88 E977.97396
G0 F9000 X104.713 Y90.16
G1 F2700 X126.712 Y90.16 E978.46053
G0 F9000 X126.712 Y90.44
G1 F2700 X104.653 Y90.44 E978.94843
G0 F9000 X104.586 Y90.72
G1 F2700 X126.712 Y90.72 E979.43781
G0 F9000 X126.712 Y91
G1 F2700 X104.481 Y91 E979.92952
G0 F9000 X104.375 Y91.28
G1 F2700 X126.712 Y91.28 E980.42357
G0 F9000 X126.712 Y91.56
G1 F2700 X104.229 Y91.56 E980.92085
G0 F9000 X104.05 Y91.84
G1 F2700 X126.712 Y91.84 E981.42208
G0 F9000 X126.712 Y92.12
G1 F2700 X103.871 Y92.12 E981.92728
G0 F9000 X103.614 Y92.4
G1 F2700 X126.712 Y92.4 E982.43816
G0 F9000 X126.712 Y92.68
G1 F2700 X103.327 Y92.68 E982.95539
G0 F9000 X102.995 Y92.96
G1 F2700 X126.712 Y92.96 E983.47996
G0 F9000 X126.712 Y93.24
G1 F2700 X102.569 Y93.24 E984.01396
G0 F9000 X101.96 Y93.52
G1 F2700 X126.712 Y93.52 E984.56142
G0 F9000 X126.712 Y93.8
G1 F2700 X100.497 Y93.8 E985.14125
G0 F9000 X100.485 Y93.542
G0 X102.41 Y92.453
G0 X102.703 Y92.252
G0 X103.221 Y91.742
G0 X103.661 Y91.06
G0 X103.882 Y90.476
G0 X104.011 Y89.864
G0 X104.011 Y89.053
G0 X103.726 Y88.022
G0 X103.326 Y87.33
G0 X102.667 Y86.632
G0 X100.378 Y85.383
G0 X100.372 Y85.12
G1 F2700 X92.246 Y85.12 E985.32098
G0 F9000 X91.619 Y85.4
G1 F2700 X98.906 Y85.4 E985.48215
G0 F9000 X98.32 Y85.68
G1 F2700 X91.144 Y85.68 E985.64087
G0 F9000 X90.73 Y85.96
G1 F2700 X97.863 Y85.96 E985.79864
G0 F9000 X97.534 Y86.24
G1 F2700 X90.403 Y86.24 E985.95636
G0 F9000 X90.11 Y86.52
G1 F2700 X97.237 Y86.52 E986.11399
G0 F9000 X97.002 Y86.8
G1 F2700 X89.851 Y86.8 E986.27216
G0 F9000 X89.619 Y87.08
G1 F2700 X96.804 Y87.08 E986.43108
G0 F9000 X96.639 Y87.36
G1 F2700 X89.425 Y87.36 E986.59064
G0 F9000 X89.251 Y87.64
G1 F2700 X96.499 Y87.64 E986.75095
G0 F9000 X96.38 Y87.92
G1 F2700 X89.096 Y87.92 E986.91206
G0 F9000 X88.96 Y88.2
G1 F2700 X96.293 Y88.2 E987.07425
G0 F9000 X96.214 Y88.48
G1 F2700 X88.84 Y88.48 E987.23735
G0 F9000 X88.742 Y88.76
G1 F2700 X96.135 Y88.76 E987.40086
G0 F9000 X96.124 Y89.04
G1 F2700 X88.645 Y89.04 E987.56628
G0 F9000 X88.578 Y89.32
G1 F2700 X96.112 Y89.32 E987.73292
G0 F9000 X96.1 Y89.6
G1 F2700 X88.53 Y89.6 E987.90035
G0 F9000 X88.482 Y89.88
G1 F2700 X96.109 Y89.88 E988.06905
G0 F9000 X96.157 Y90.16
G1 F2700 X88.445 Y90.16 E988.23962
G0 F9000 X88.425 Y90.44
G1 F2700 X96.206 Y90.44 E988.41172
G0 F9000 X96.268 Y90.72
G1 F2700 X88.414 Y90.72 E988.58544
G0 F9000 X88.414 Y91
G1 F2700 X96.385 Y91 E988.76174
G0 F9000 X96.502 Y91.28
G1 F2700 X88.414 Y91.28 E988.94063
G0 F9000 X88.414 Y91.56
G1 F2700 X96.622 Y91.56 E989.12217
G0 F9000 X96.802 Y91.84
G1 F2700 X88.414 Y91.84 E989.3077
G0 F9000 X88.414 Y92.12
G1 F2700 X96.995 Y92.12 E989.49749
G0 F9000 X97.246 Y92.4
G1 F2700 X88.414 Y92.4 E989.69284
G0 F9000 X88.414 Y92.68
G1 F2700 X97.534 Y92.68 E989.89456
G0 F9000 X97.889 Y92.96
G1 F2700 X88.414 Y92.96 E990.10412
G0 F9000 X88.414 Y93.24
G1 F2700 X98.295 Y93.24 E990.32267
G0 F9000 X98.942 Y93.52
G1 F2700 X88.414 Y93.52 E990.55553
G0 F9000 X88.414 Y93.8
G1 F2700 X100.177 Y93.8 E990.8157
G1 F2400 E988.8157
G0 F9000 X100.2 Y93.537
G0 X98.272 Y93.004
G0 X88.251 Y93.094
G0 X88.151 Y94.079
G1 F1200 E990.8157
G0 F9000 X88.414 Y94.08
G1 F2700 X126.712 Y94.08 E991.66278
G0 F9000 X126.713 Y94.36
G1 F2700 X88.414 Y94.36 E992.50988
G0 F9000 X88.414 Y94.64
G1 F2700 X126.713 Y94.64 E993.35697
G0 F9000 X126.713 Y94.92
G1 F2700 X88.414 Y94.92 E994.20407
G0 F9000 X88.414 Y95.2
G1 F2700 X126.713 Y95.2 E995.05117
G0 F9000 X126.713 Y95.48
G1 F2700 X88.414 Y95.48 E995.89826
G0 F9000 X88.414 Y95.76
G1 F2700 X126.713 Y95.76 E996.74536
G0 F9000 X126.713 Y96.04
G1 F2700 X88.414 Y96.04 E997.59246
G0 F9000 X88.414 Y96.32
G1 F2700 X126.713 Y96.32 E998.43955
G0 F9000 X126.713 Y96.6
G1 F2700 X88.414 Y96.6 E999.28665
G0 F9000 X88.414 Y96.88
G1 F2700 X126.713 Y96.88 E1000.13375
G0 F9000 X126.713 Y97.16
G1 F2700 X88.414 Y97.16 E1000.98084
G0 F9000 X88.414 Y97.44
G1 F2700 X126.713 Y97.44 E1001.82794
G0 F9000 X126.713 Y97.72
G1 F2700 X88.414 Y97.72 E1002.67504
G0 F9000 X88.414 Y98
G1 F2700 X126.713 Y98 E1003.52214
G0 F9000 X126.713 Y98.28
G1 F2700 X88.414 Y98.28 E1004.36923
G0 F9000 X88.414 Y98.56
G1 F2700 X126.713 Y98.56 E1005.21633
G0 F9000 X126.714 Y98.84
G1 F2700 X88.414 Y98.84 E1006.06345
G0 F9000 X88.414 Y99.12
G1 F2700 X126.714 Y99.12 E1006.91057
G0 F9000 X126.714 Y99.4
G1 F2700 X88.414 Y99.4 E1007.75769
G1 F2400 E1005.75769
G0 F9000 X88.15 Y99.4
G0 X88.25 Y99.924
G0 X97.372 Y100.126
G0 X105.523 Y99.924
G1 F1200 E1007.75769
G0 F9000 X105.61 Y99.68
G1 F2700 X126.714 Y99.68 E1008.22446
G0 F9000 X126.714 Y99.96
G1 F2700 X106.353 Y99.96 E1008.67481
G0 F9000 X106.796 Y100.24
G1 F2700 X126.714 Y100.24 E1009.11535
G0 F9000 X126.714 Y100.52
G1 F2700 X107.177 Y100.52 E1009.54747
G0 F9000 X107.48 Y100.8
G1 F2700 X126.714 Y100.8 E1009.97289
G0 F9000 X126.714 Y101.08
G1 F2700 X107.74 Y101.08 E1010.39256
G0 F9000 X107.954 Y101.36
G1 F2700 X126.714 Y101.36 E1010.80749
G0 F9000 X126.714 Y101.64
G1 F2700 X108.138 Y101.64 E1011.21836
G0 F9000 X108.274 Y101.92
G1 F2700 X126.714 Y101.92 E1011.62621
G0 F9000 X126.714 Y102.2
G1 F2700 X108.411 Y102.2 E1012.03104
G0 F9000 X108.498 Y102.48
G1 F2700 X126.714 Y102.48 E1012.43394
G0 F9000 X126.714 Y102.76
G1 F2700 X108.583 Y102.76 E1012.83496
G0 F9000 X108.667 Y103.04
G1 F2700 X126.714 Y103.04 E1013.23412
G0 F9000 X126.715 Y103.32
G1 F2700 X108.695 Y103.32 E1013.63269
G0 F9000 X108.724 Y103.6
G1 F2700 X126.715 Y103.6 E1014.03061
G0 F9000 X126.715 Y103.88
G1 F2700 X108.739 Y103.88 E1014.42821
G0 F9000 X108.739 Y104.16
G1 F2700 X126.715 Y104.16 E1014.8258
G0 F9000 X126.715 Y104.44
G1 F2700 X108.739 Y104.44 E1015.22339
G0 F9000 X108.739 Y104.72
G1 F2700 X126.715 Y104.72 E1015.62099
G0 F9000 X126.715 Y105
G1 F2700 X108.739 Y105 E1016.01858
G0 F9000 X108.739 Y105.28
G1 F2700 X126.715 Y105.28 E1016.41617
G0 F9000 X126.715 Y105.56
G1 F2700 X108.739 Y105.56 E1016.81376
G0 F9000 X108.739 Y105.84
G1 F2700 X126.715 Y105.84 E1017.21136
G0 F9000 X126.715 Y106.12
G1 F2700 X108.739 Y106.12 E1017.60895
G0 F9000 X108.739 Y106.4
G1 F2700 X126.715 Y106.4 E1018.00654
G0 F9000 X126.715 Y106.68
G1 F2700 X108.739 Y106.68 E1018.40414
G0 F9000 X108.739 Y106.96
G1 F2700 X126.715 Y106.96 E1018.80173
G0 F9000 X126.715 Y107.24
G1 F2700 X108.739 Y107.24 E1019.19932
G0 F9000 X108.739 Y107.52
G1 F2700 X126.715 Y107.52 E1019.59692
G0 F9000 X126.716 Y107.8
G1 F2700 X108.739 Y107.8 E1019.99453
G0 F9000 X108.739 Y108.08
G1 F2700 X126.716 Y108.08 E1020.39215
G0 F9000 X126.716 Y108.36
G1 F2700 X108.739 Y108.36 E1020.78976
G0 F9000 X108.739 Y108.64
G1 F2700 X126.716 Y108.64 E1021.18738
G0 F9000 X126.716 Y108.92
G1 F2700 X108.739 Y108.92 E1021.58499
G0 F9000 X108.739 Y109.2
G1 F2700 X126.716 Y109.2 E1021.98261
G0 F9000 X126.716 Y109.48
G1 F2700 X108.739 Y109.48 E1022.38022
G0 F9000 X108.739 Y109.76
G1 F2700 X126.716 Y109.76 E1022.77784
G0 F9000 X126.716 Y110.04
G1 F2700 X108.739 Y110.04 E1023.17545
G0 F9000 X108.739 Y110.32
G1 F2700 X126.716 Y110.32 E1023.57307
G0 F9000 X126.716 Y110.6
G1 F2700 X108.739 Y110.6 E1023.97068
G0 F9000 X108.739 Y110.88
G1 F2700 X126.716 Y110.88 E1024.3683
G0 F9000 X126.716 Y111.16
G1 F2700 X108.739 Y111.16 E1024.76591
G0 F9000 X108.739 Y111.44
G1 F2700 X126.716 Y111.44 E1025.16353
G0 F9000 X126.716 Y111.72
G1 F2700 X108.739 Y111.72 E1025.56114
G0 F9000 X108.739 Y112
G1 F2700 X126.716 Y112 E1025.95876
G0 F9000 X126.717 Y112.28
G1 F2700 X108.739 Y112.28 E1026.35639
G0 F9000 X108.739 Y112.56
G1 F2700 X126.717 Y112.56 E1026.75403
G0 F9000 X126.717 Y112.84
G1 F2700 X108.739 Y112.84 E1027.15167
G0 F9000 X108.739 Y113.12
G1 F2700 X126.717 Y113.12 E1027.54931
G0 F9000 X126.717 Y113.4
G1 F2700 X108.739 Y113.4 E1027.94694
G0 F9000 X108.739 Y113.68
G1 F2700 X126.717 Y113.68 E1028.34458
G0 F9000 X126.717 Y113.96
G1 F2700 X108.739 Y113.96 E1028.74222
G0 F9000 X108.739 Y114.24
G1 F2700 X126.717 Y114.24 E1029.13985
G0 F9000 X126.717 Y114.52
G1 F2700 X108.739 Y114.52 E1029.53749
G0 F9000 X108.739 Y114.8
G1 F2700 X126.717 Y114.8 E1029.93513
G0 F9000 X126.717 Y115.08
G1 F2700 X108.739 Y115.08 E1030.33277
G0 F9000 X108.739 Y115.36
G1 F2700 X126.717 Y115.36 E1030.7304
G0 F9000 X126.717 Y115.64
G1 F2700 X108.739 Y115.64 E1031.12804
G0 F9000 X108.739 Y115.92
G1 F2700 X126.717 Y115.92 E1031.52568
G0 F9000 X126.717 Y116.2
G1 F2700 X108.739 Y116.2 E1031.92332
G0 F9000 X108.739 Y116.48
G1 F2700 X126.717 Y116.48 E1032.32095
G0 F9000 X126.718 Y116.76
G1 F2700 X108.739 Y116.76 E1032.71861
G0 F9000 X108.739 Y117.04
G1 F2700 X126.718 Y117.04 E1033.11627
G0 F9000 X126.718 Y117.32
G1 F2700 X108.739 Y117.32 E1033.51393
G0 F9000 X108.739 Y117.6
G1 F2700 X126.718 Y117.6 E1033.91159
G0 F9000 X126.718 Y117.88
G1 F2700 X108.739 Y117.88 E1034.30925
G0 F9000 X108.739 Y118.16
G1 F2700 X126.718 Y118.16 E1034.70691
G0 F9000 X126.718 Y118.44
G1 F2700 X108.739 Y118.44 E1035.10457
G0 F9000 X108.739 Y118.72
G1 F2700 X126.718 Y118.72 E1035.50223
G0 F9000 X126.717 Y119
G1 F2700 X108.738 Y119 E1035.89989
G0 F9000 X108.738 Y119.28
G1 F2700 X126.717 Y119.28 E1036.29755
G0 F9000 X126.717 Y119.56
G1 F2700 X108.738 Y119.56 E1036.69521
G0 F9000 X108.738 Y119.84
G1 F2700 X126.717 Y119.84 E1037.09286
G0 F9000 X126.717 Y120.12
G1 F2700 X108.738 Y120.12 E1037.49052
G0 F9000 X108.738 Y120.4
G1 F2700 X126.717 Y120.4 E1037.88818
G0 F9000 X126.717 Y120.68
G1 F2700 X108.738 Y120.68 E1038.28584
G0 F9000 X108.738 Y120.96
G1 F2700 X126.717 Y120.96 E1038.6835
G0 F9000 X126.718 Y121.24
G1 F2700 X108.738 Y121.24 E1039.08118
G0 F9000 X108.738 Y121.52
G1 F2700 X126.718 Y121.52 E1039.47886
G0 F9000 X126.718 Y121.8
G1 F2700 X108.738 Y121.8 E1039.87655
G0 F9000 X108.738 Y122.08
G1 F2700 X126.718 Y122.08 E1040.27423
G0 F9000 X126.718 Y122.36
G1 F2700 X108.738 Y122.36 E1040.67191
G0 F9000 X108.738 Y122.64
G1 F2700 X126.718 Y122.64 E1041.06959
G0 F9000 X126.718 Y122.92
G1 F2700 X108.727 Y122.92 E1041.46752
G0 F9000 X108.701 Y123.2
G1 F2700 X126.718 Y123.2 E1041.86602
G0 F9000 X126.718 Y123.48
G1 F2700 X108.675 Y123.48 E1042.26509
G0 F9000 X108.591 Y123.76
G1 F2700 X126.718 Y123.76 E1042.66602
G0 F9000 X126.718 Y124.04
G1 F2700 X108.508 Y124.04 E1043.06879
G0 F9000 X108.424 Y124.32
G1 F2700 X126.718 Y124.32 E1043.47342
G0 F9000 X126.718 Y124.6
G1 F2700 X108.295 Y124.6 E1043.8809
G0 F9000 X108.153 Y124.88
G1 F2700 X126.718 Y124.88 E1044.29152
G0 F9000 X126.718 Y125.16
G1 F2700 X107.978 Y125.16 E1044.70601
G0 F9000 X107.752 Y125.44
G1 F2700 X126.718 Y125.44 E1045.1255
G0 F9000 X126.719 Y125.72
G1 F2700 X107.526 Y125.72 E1045.55001
G0 F9000 X107.216 Y126
G1 F2700 X126.719 Y126 E1045.98138
G0 F9000 X126.719 Y126.28
G1 F2700 X106.878 Y126.28 E1046.42022
G0 F9000 X106.366 Y126.56
G1 F2700 X126.719 Y126.56 E1046.87039
G0 F9000 X126.719 Y126.84
G1 F2700 X105.708 Y126.84 E1047.33511
G0 F9000 X105.626 Y126.587
G0 X102.441 Y126.888
G0 X102.958 Y127.336
G0 X103.128 Y127.12
G1 F2700 X126.719 Y127.12 E1047.85689
G0 F9000 X126.719 Y127.4
G1 F2700 X103.417 Y127.4 E1048.37229
G0 F9000 X103.694 Y127.68
G1 F2700 X126.719 Y127.68 E1048.88155
G0 F9000 X126.719 Y127.96
G1 F2700 X103.912 Y127.96 E1049.386
G0 F9000 X104.108 Y128.24
G1 F2700 X126.719 Y128.24 E1049.88611
G0 F9000 X126.719 Y128.52
G1 F2700 X104.271 Y128.52 E1050.38261
G0 F9000 X104.4 Y128.8
G1 F2700 X126.719 Y128.8 E1050.87626
G0 F9000 X126.719 Y129.08
G1 F2700 X104.53 Y129.08 E1051.36704
G0 F9000 X104.611 Y129.36
G1 F2700 X126.719 Y129.36 E1051.85603
G0 F9000 X126.719 Y129.64
G1 F2700 X104.681 Y129.64 E1052.34346
G0 F9000 X104.716 Y129.92
G1 F2700 X126.719 Y129.92 E1052.83012
G0 F9000 X126.719 Y130.2
G1 F2700 X104.75 Y130.2 E1053.31603
G0 F9000 X104.773 Y130.48
G1 F2700 X126.72 Y130.48 E1053.80146
G0 F9000 X126.72 Y130.76
G1 F2700 X104.763 Y130.76 E1054.2871
G0 F9000 X104.753 Y131.04
G1 F2700 X126.72 Y131.04 E1054.77297
G0 F9000 X126.72 Y131.32
G1 F2700 X104.698 Y131.32 E1055.26005
G0 F9000 X104.639 Y131.6
G1 F2700 X126.72 Y131.6 E1055.74844
G0 F9000 X126.72 Y131.88
G1 F2700 X104.558 Y131.88 E1056.23862
G0 F9000 X104.451 Y132.16
G1 F2700 X126.72 Y132.16 E1056.73116
G0 F9000 X126.72 Y132.44
G1 F2700 X104.338 Y132.44 E1057.22621
G0 F9000 X104.176 Y132.72
G1 F2700 X126.72 Y132.72 E1057.72484
G0 F9000 X126.72 Y133
G1 F2700 X103.972 Y133 E1058.22798
G0 F9000 X103.781 Y133.28
G1 F2700 X126.72 Y133.28 E1058.73534
G0 F9000 X126.72 Y133.56
G1 F2700 X103.542 Y133.56 E1059.24799
G0 F9000 X103.255 Y133.84
G1 F2700 X126.72 Y133.84 E1059.76699
G0 F9000 X126.72 Y134.12
G1 F2700 X102.881 Y134.12 E1060.29426
G0 F9000 X102.425 Y134.4
G1 F2700 X126.72 Y134.4 E1060.83162
G0 F9000 X126.72 Y134.68
G1 F2700 X101.751 Y134.68 E1061.38388
G1 F2400 E1059.38388
G0 F9000 X101.666 Y134.429
G0 X103.126 Y132.92
G0 X103.62 Y132.24
G0 X103.883 Y131.55
G0 X104.009 Y130.953
G0 X104.027 Y130.444
G0 X103.943 Y129.737
G0 X103.562 Y128.768
G0 X103.159 Y128.192
G0 X102.632 Y127.686
G0 X100.467 Y126.312
G0 X99.175 Y126.231
G0 X97.979 Y126.006
G0 X97.158 Y125.768
G0 X96.028 Y125.317
G0 X94.891 Y124.691
G0 X94.083 Y124.118
G0 X93.326 Y123.479
G0 X92.651 Y122.776
G0 X92.03 Y122.007
G0 X91.33 Y120.903
G0 X90.902 Y120.019
G0 X90.474 Y118.929
G0 X90.219 Y117.819
G0 X90.088 Y116.855
G0 X90.037 Y115.881
G0 X90.058 Y110.008
G0 X90.219 Y108.732
G0 X90.733 Y106.935
G0 X91.035 Y106.227
G0 X91.657 Y105.096
G0 X92.655 Y103.774
G0 X93.325 Y103.074
G0 X94.083 Y102.434
G0 X94.802 Y101.925
G0 X98.524 Y99.936
G1 F1200 E1061.38388
G0 F9000 X98.483 Y99.68
G1 F2700 X88.414 Y99.68 E1061.60659
G0 F9000 X88.414 Y99.96
G1 F2700 X97.28 Y99.96 E1061.80268
G0 F9000 X96.471 Y100.24
G1 F2700 X88.414 Y100.24 E1061.98089
G0 F9000 X88.414 Y100.52
G1 F2700 X95.822 Y100.52 E1062.14474
G0 F9000 X95.25 Y100.8
G1 F2700 X88.414 Y100.8 E1062.29594
G0 F9000 X88.414 Y101.08
G1 F2700 X94.751 Y101.08 E1062.4361
G0 F9000 X94.301 Y101.36
G1 F2700 X88.414 Y101.36 E1062.56631
G0 F9000 X88.414 Y101.64
G1 F2700 X93.911 Y101.64 E1062.68789
G0 F9000 X93.529 Y101.92
G1 F2700 X88.414 Y101.92 E1062.80102
G0 F9000 X88.414 Y102.2
G1 F2700 X93.199 Y102.2 E1062.90686
G0 F9000 X92.87 Y102.48
G1 F2700 X88.414 Y102.48 E1063.00542
G0 F9000 X88.414 Y102.76
G1 F2700 X92.587 Y102.76 E1063.09772
G0 F9000 X92.318 Y103.04
G1 F2700 X88.414 Y103.04 E1063.18406
G0 F9000 X88.414 Y103.32
G1 F2700 X92.061 Y103.32 E1063.26473
G0 F9000 X91.835 Y103.6
G1 F2700 X88.414 Y103.6 E1063.34039
G0 F9000 X88.414 Y103.88
G1 F2700 X91.609 Y103.88 E1063.41106
G0 F9000 X91.383 Y104.16
G1 F2700 X88.414 Y104.16 E1063.47673
G0 F9000 X88.414 Y104.44
G1 F2700 X91.197 Y104.44 E1063.53828
G0 F9000 X91.011 Y104.72
G1 F2700 X88.414 Y104.72 E1063.59572
G0 F9000 X88.414 Y105
G1 F2700 X90.853 Y105 E1063.64967
G0 F9000 X90.699 Y105.28
G1 F2700 X88.414 Y105.28 E1063.70021
G0 F9000 X88.414 Y105.56
G1 F2700 X90.545 Y105.56 E1063.74734
G0 F9000 X90.391 Y105.84
G1 F2700 X88.414 Y105.84 E1063.79107
G0 F9000 X88.414 Y106.12
G1 F2700 X90.265 Y106.12 E1063.83201
G0 F9000 X90.149 Y106.4
G1 F2700 X88.414 Y106.4 E1063.87038
G0 F9000 X88.414 Y106.68
G1 F2700 X90.032 Y106.68 E1063.90617
G0 F9000 X89.936 Y106.96
G1 F2700 X88.414 Y106.96 E1063.93984
G0 F9000 X88.414 Y107.24
G1 F2700 X89.846 Y107.24 E1063.97151
G0 F9000 X89.756 Y107.52
G1 F2700 X88.414 Y107.52 E1064.00119
G0 F9000 X88.414 Y107.8
G1 F2700 X89.673 Y107.8 E1064.02904
G0 F9000 X89.605 Y108.08
G1 F2700 X88.414 Y108.08 E1064.05538
G0 F9000 X88.414 Y108.36
G1 F2700 X89.538 Y108.36 E1064.08024
G0 F9000 X89.474 Y108.64
G1 F2700 X88.414 Y108.64 E1064.10369
G0 F9000 X88.414 Y108.92
G1 F2700 X89.439 Y108.92 E1064.12636
G0 F9000 X89.403 Y109.2
G1 F2700 X88.414 Y109.2 E1064.14823
G0 F9000 X88.414 Y109.48
G1 F2700 X89.368 Y109.48 E1064.16933
G0 F9000 X89.332 Y109.76
G1 F2700 X88.414 Y109.76 E1064.18964
G0 F9000 X88.414 Y110.04
G1 F2700 X89.306 Y110.04 E1064.20937
G0 F9000 X89.298 Y110.32
G1 F2700 X88.414 Y110.32 E1064.22892
G0 F9000 X88.414 Y110.6
G1 F2700 X89.289 Y110.6 E1064.24827
G0 F9000 X89.289 Y110.88
G1 F2700 X88.414 Y110.88 E1064.26762
G0 F9000 X88.414 Y111.16
G1 F2700 X89.289 Y111.16 E1064.28698
G0 F9000 X89.289 Y111.44
G1 F2700 X88.414 Y111.44 E1064.30633
G0 F9000 X88.414 Y111.72
G1 F2700 X89.289 Y111.72 E1064.32568
G0 F9000 X89.289 Y112
G1 F2700 X88.414 Y112 E1064.34504
G0 F9000 X88.414 Y112.28
G1 F2700 X89.289 Y112.28 E1064.36439
G0 F9000 X89.289 Y112.56
G1 F2700 X88.414 Y112.56 E1064.38374
G0 F9000 X88.414 Y112.84
G1 F2700 X89.289 Y112.84 E1064.4031
G0 F9000 X89.289 Y113.12
G1 F2700 X88.414 Y113.12 E1064.42245
G0 F9000 X88.414 Y113.4
G1 F2700 X89.289 Y113.4 E1064.4418
G0 F9000 X89.289 Y113.68
G1 F2700 X88.414 Y113.68 E1064.46116
G0 F9000 X88.414 Y113.96
G1 F2700 X89.289 Y113.96 E1064.48051
G0 F9000 X89.289 Y114.24
G1 F2700 X88.414 Y114.24 E1064.49986
G0 F9000 X88.414 Y114.52
G1 F2700 X89.289 Y114.52 E1064.51922
G0 F9000 X89.289 Y114.8
G1 F2700 X88.414 Y114.8 E1064.53857
G0 F9000 X88.414 Y115.08
G1 F2700 X89.289 Y115.08 E1064.55792
G0 F9000 X89.289 Y115.36
G1 F2700 X88.414 Y115.36 E1064.57728
G0 F9000 X88.414 Y115.64
G1 F2700 X89.289 Y115.64 E1064.59663
G0 F9000 X89.289 Y115.92
G1 F2700 X88.414 Y115.92 E1064.61598
G0 F9000 X88.414 Y116.2
G1 F2700 X89.303 Y116.2 E1064.63565
G0 F9000 X89.318 Y116.48
G1 F2700 X88.414 Y116.48 E1064.65564
G0 F9000 X88.414 Y116.76
G1 F2700 X89.332 Y116.76 E1064.67594
G0 F9000 X89.359 Y117.04
G1 F2700 X88.414 Y117.04 E1064.69685
G0 F9000 X88.414 Y117.32
G1 F2700 X89.397 Y117.32 E1064.71859
G0 F9000 X89.434 Y117.6
G1 F2700 X88.414 Y117.6 E1064.74115
G0 F9000 X88.414 Y117.88
G1 F2700 X89.472 Y117.88 E1064.76455
G0 F9000 X89.527 Y118.16
G1 F2700 X88.414 Y118.16 E1064.78917
G0 F9000 X88.414 Y118.44
G1 F2700 X89.594 Y118.44 E1064.81527
G0 F9000 X89.661 Y118.72
G1 F2700 X88.414 Y118.72 E1064.84285
G0 F9000 X88.413 Y119
G1 F2700 X89.736 Y119 E1064.87211
G0 F9000 X89.817 Y119.28
G1 F2700 X88.413 Y119.28 E1064.90316
G0 F9000 X88.413 Y119.56
G1 F2700 X89.925 Y119.56 E1064.9366
G0 F9000 X90.032 Y119.84
G1 F2700 X88.413 Y119.84 E1064.97241
G0 F9000 X88.413 Y120.12
G1 F2700 X90.139 Y120.12 E1065.01059
G0 F9000 X90.258 Y120.4
G1 F2700 X88.413 Y120.4 E1065.0514
G0 F9000 X88.413 Y120.68
G1 F2700 X90.392 Y120.68 E1065.09517
G0 F9000 X90.525 Y120.96
G1 F2700 X88.413 Y120.96 E1065.14188
G0 F9000 X88.413 Y121.24
G1 F2700 X90.659 Y121.24 E1065.19156
G0 F9000 X90.833 Y121.52
G1 F2700 X88.413 Y121.52 E1065.24508
G0 F9000 X88.413 Y121.8
G1 F2700 X91.011 Y121.8 E1065.30255
G0 F9000 X91.189 Y122.08
G1 F2700 X88.413 Y122.08 E1065.36395
G0 F9000 X88.413 Y122.36
G1 F2700 X91.366 Y122.36 E1065.42926
G0 F9000 X91.579 Y122.64
G1 F2700 X88.413 Y122.64 E1065.49929
G0 F9000 X88.413 Y122.92
G1 F2700 X91.803 Y122.92 E1065.57427
G0 F9000 X92.028 Y123.2
G1 F2700 X88.413 Y123.2 E1065.65422
G0 F9000 X88.413 Y123.48
G1 F2700 X92.291 Y123.48 E1065.74
G0 F9000 X92.556 Y123.76
G1 F2700 X88.413 Y123.76 E1065.83163
G0 F9000 X88.413 Y124.04
G1 F2700 X92.83 Y124.04 E1065.92933
G0 F9000 X93.164 Y124.32
G1 F2700 X88.413 Y124.32 E1066.03441
G0 F9000 X88.413 Y124.6
G1 F2700 X93.498 Y124.6 E1066.14688
G0 F9000 X93.861 Y124.88
G1 F2700 X88.413 Y124.88 E1066.26738
G0 F9000 X88.413 Y125.16
G1 F2700 X94.256 Y125.16 E1066.39661
G0 F9000 X94.696 Y125.44
G1 F2700 X88.413 Y125.44 E1066.53558
G0 F9000 X88.413 Y125.72
G1 F2700 X95.206 Y125.72 E1066.68583
G0 F9000 X95.725 Y126
G1 F2700 X88.413 Y126 E1066.84755
G0 F9000 X88.413 Y126.28
G1 F2700 X96.421 Y126.28 E1067.02468
G0 F9000 X97.197 Y126.56
G1 F2700 X88.413 Y126.56 E1067.21896
G0 F9000 X88.413 Y126.84
G1 F2700 X98.152 Y126.84 E1067.43437
G0 F9000 X97.758 Y127.12
G1 F2700 X88.413 Y127.12 E1067.64106
G0 F9000 X88.413 Y127.4
G1 F2700 X97.442 Y127.4 E1067.84076
G0 F9000 X97.157 Y127.68
G1 F2700 X88.413 Y127.68 E1068.03416
G0 F9000 X88.413 Y127.96
G1 F2700 X96.942 Y127.96 E1068.22281
G0 F9000 X96.761 Y128.24
G1 F2700 X88.413 Y128.24 E1068.40745
G0 F9000 X88.413 Y128.52
G1 F2700 X96.587 Y128.52 E1068.58824
G0 F9000 X96.466 Y128.8
G1 F2700 X88.413 Y128.8 E1068.76636
G0 F9000 X88.413 Y129.08
G1 F2700 X96.358 Y129.08 E1068.94208
G0 F9000 X96.272 Y129.36
G1 F2700 X88.416 Y129.36 E1069.11584
G0 F9000 X88.436 Y129.64
G1 F2700 X96.186 Y129.64 E1069.28726
G0 F9000 X96.13 Y129.92
G1 F2700 X88.456 Y129.92 E1069.45699
G0 F9000 X88.477 Y130.2
G1 F2700 X96.12 Y130.2 E1069.62604
G0 F9000 X96.11 Y130.48
G1 F2700 X88.535 Y130.48 E1069.79358
G0 F9000 X88.593 Y130.76
G1 F2700 X96.099 Y130.76 E1069.9596
G0 F9000 X96.121 Y131.04
G1 F2700 X88.672 Y131.04 E1070.12436
G0 F9000 X88.77 Y131.32
G1 F2700 X96.169 Y131.32 E1070.28801
G0 F9000 X96.227 Y131.6
G1 F2700 X88.872 Y131.6 E1070.45069
G0 F9000 X89.022 Y131.88
G1 F2700 X96.296 Y131.88 E1070.61157
G0 F9000 X96.414 Y132.16
G1 F2700 X89.173 Y132.16 E1070.77173
G0 F9000 X89.317 Y132.44
G1 F2700 X96.534 Y132.44 E1070.93135
G0 F9000 X96.683 Y132.72
G1 F2700 X89.475 Y132.72 E1071.09078
G0 F9000 X89.687 Y133
G1 F2700 X96.87 Y133 E1071.24965
G0 F9000 X97.072 Y133.28
G1 F2700 X89.915 Y133.28 E1071.40795
G0 F9000 X90.182 Y133.56
G1 F2700 X97.317 Y133.56 E1071.56576
G0 F9000 X97.634 Y133.84
G1 F2700 X90.496 Y133.84 E1071.72364
G0 F9000 X90.84 Y134.12
G1 F2700 X97.97 Y134.12 E1071.88134
G0 F9000 X98.437 Y134.4
G1 F2700 X91.264 Y134.4 E1072.04
G0 F9000 X91.775 Y134.68
G1 F2700 X99.131 Y134.68 E1072.2027
G1 F2400 E1070.2027
G0 F9000 X99.226 Y134.433
G0 X97.893 Y133.83
G0 X94.053 Y135.438
G0 X92.368 Y135.208
G1 F1200 E1072.2027
G0 F9000 X92.453 Y134.96
G1 F2700 X126.139 Y134.96 E1072.94776
G0 F9000 X126.239 Y135.204
G0 X124.494 Y135.506
G0 X124.477 Y135.24
G1 F2700 X93.742 Y135.24 E1073.62756
G0 F9000 X93.694 Y135.525
G1 F2400 E1071.62756
;MESH:NONMESH
G0 F600 X93.694 Y135.525 Z1.68
G0 F9000 X94.053 Y135.438
G0 X100.491 Y93.622
G0 X102.703 Y92.252
G0 X103.221 Y91.742
G0 X103.661 Y91.06
G0 X103.882 Y90.476
G0 X104.011 Y89.864
G0 X104.011 Y89.053
G0 X103.755 Y88.126
G0 X102.787 Y86.309
;TIME_ELAPSED:1053.185587
;LAYER:7
;TYPE:WALL-INNER
;MESH:DoorStrikePlate.stl
G1 F1200 E1073.62756
G1 F3900 X102.987 Y86.467 E1073.63763
G1 X103.336 Y86.817 E1073.65715
G1 X103.668 Y87.221 E1073.6778
G1 X103.818 Y87.455 E1073.68878
G1 X104.085 Y87.999 E1073.71271
G1 X104.178 Y88.263 E1073.72377
G1 X104.341 Y88.982 E1073.75289
G1 X104.348 Y89.897 E1073.78903
G1 X104.207 Y90.554 E1073.81557
G1 X103.964 Y91.209 E1073.84316
G1 X103.477 Y91.96 E1073.87851
G1 X102.931 Y92.502 E1073.9089
G1 X102.317 Y92.919 E1073.93821
G1 X101.658 Y93.204 E1073.96657
G1 X101.191 Y93.322 E1073.9856
G1 X100.462 Y93.397 E1074.01454
G1 X99.624 Y93.324 E1074.04776
G1 X98.612 Y92.958 E1074.09027
G1 X98.08 Y92.577 E1074.11611
G1 X97.724 Y92.302 E1074.13388
G1 X97.293 Y91.848 E1074.15861
G1 X96.985 Y91.365 E1074.18123
G1 X96.652 Y90.575 E1074.21509
G1 X96.535 Y89.933 E1074.24087
G1 X96.513 Y89.76 E1074.24775
G1 X96.547 Y88.772 E1074.2868
G1 X96.89 Y87.761 E1074.32897
G1 X97.208 Y87.192 E1074.35471
G1 X97.603 Y86.725 E1074.37887
G1 X98.21 Y86.208 E1074.41036
G1 X98.879 Y85.845 E1074.44042
G1 X99.776 Y85.569 E1074.47749
G1 X100.468 Y85.527 E1074.50487
G1 X101.202 Y85.599 E1074.534
G1 X101.673 Y85.726 E1074.55327
G1 X102.267 Y85.983 E1074.57883
G1 X102.787 Y86.309 E1074.60307
G0 F9000 X103.891 Y88.245
G0 X103.672 Y88.293
G1 F3900 X103.844 Y89.073 E1074.63462
G1 X103.847 Y89.848 E1074.66523
G1 X103.726 Y90.419 E1074.68828
G1 X103.512 Y90.989 E1074.71233
G1 X103.09 Y91.64 E1074.74297
G1 X102.615 Y92.111 E1074.76939
G1 X102.077 Y92.477 E1074.79509
G1 X101.501 Y92.727 E1074.81989
G1 X101.104 Y92.829 E1074.83608
G1 X100.453 Y92.895 E1074.86193
G1 X99.73 Y92.831 E1074.89059
G1 X98.841 Y92.509 E1074.92794
G1 X98.383 Y92.179 E1074.95023
G1 X98.055 Y91.927 E1074.96657
G1 X97.686 Y91.535 E1074.98783
G1 X97.429 Y91.131 E1075.00674
G1 X97.139 Y90.435 E1075.03653
G1 X97.027 Y89.843 E1075.06032
G1 X97.017 Y89.764 E1075.06347
G1 X97.044 Y88.879 E1075.09844
G1 X97.349 Y87.964 E1075.13653
G1 X97.617 Y87.485 E1075.15821
G1 X97.958 Y87.079 E1075.17915
G1 X98.493 Y86.624 E1075.20689
G1 X99.081 Y86.305 E1075.23331
G1 X99.871 Y86.07 E1075.26587
G1 X100.449 Y86.032 E1075.28874
G1 X101.107 Y86.092 E1075.31484
G1 X101.506 Y86.198 E1075.33115
G1 X102.035 Y86.427 E1075.35391
G1 X102.582 Y86.77 E1075.37941
G1 X102.898 Y87.079 E1075.39687
G1 X103.333 Y87.601 E1075.42371
G1 X103.672 Y88.293 E1075.45414
G1 F2400 E1073.45414
G0 F9000 X103.891 Y88.245
G0 X103.364 Y87.381
G0 X102.682 Y86.642
G0 X102.111 Y86.282
G0 X101.133 Y85.93
G0 X100.465 Y85.866
G0 X99.839 Y85.903
G0 X99.018 Y86.154
G0 X98.398 Y86.49
G0 X97.846 Y86.96
G0 X97.136 Y87.901
G1 F1200 E1075.45414
G0 F9000 X97.78 Y88.171
;TYPE:WALL-OUTER
G1 F3000 X98.001 Y87.772 E1075.47036
G1 X98.285 Y87.428 E1075.48621
G1 X98.784 Y87.007 E1075.50942
G1 X99.285 Y86.74 E1075.5296
G1 X99.95 Y86.537 E1075.55432
G1 X100.471 Y86.507 E1075.57287
G1 X101.005 Y86.559 E1075.59194
G1 X101.363 Y86.654 E1075.6051
G1 X101.795 Y86.841 E1075.62184
G1 X102.268 Y87.135 E1075.64163
G1 X102.566 Y87.419 E1075.65627
G1 X102.943 Y87.884 E1075.67755
G1 X103.221 Y88.45 E1075.69996
G1 X103.371 Y89.123 E1075.72447
G1 X103.371 Y89.796 E1075.74839
G1 X103.272 Y90.277 E1075.76585
G1 X103.092 Y90.759 E1075.78414
G1 X102.729 Y91.327 E1075.8081
G1 X102.314 Y91.741 E1075.82894
G1 X101.859 Y92.052 E1075.84853
G1 X101.363 Y92.269 E1075.86777
G1 X101.022 Y92.361 E1075.88033
G1 X100.453 Y92.416 E1075.90065
G1 X99.815 Y92.357 E1075.92343
G1 X99.056 Y92.082 E1075.95212
G1 X98.382 Y91.582 E1075.98195
G1 X98.053 Y91.227 E1075.99916
G1 X97.846 Y90.897 E1076.01301
G1 X97.602 Y90.321 E1076.03524
G1 X97.494 Y89.758 E1076.05562
G1 X97.516 Y88.957 E1076.0841
G1 X97.78 Y88.171 E1076.11358
G0 F9000 X97.876 Y87.996
G1 F2400 E1074.11358
G0 F9000 X97.266 Y87.656
G0 X97.846 Y86.96
G0 X98.398 Y86.49
G0 X99.018 Y86.154
G0 X99.839 Y85.903
G0 X100.465 Y85.866
G0 X101.133 Y85.93
G0 X102.111 Y86.282
G0 X102.572 Y86.573
G0 X104.403 Y88.213
G0 X126.763 Y84.895
G0 X128.892 Y85.107
;TYPE:WALL-INNER
G1 F1200 E1076.11358
G1 F3900 X126.535 Y84.589 E1076.20889
G1 X125.852 Y84.589 E1076.23587
G1 X125.563 Y84.554 E1076.24737
G1 X124.986 Y84.411 E1076.27084
G1 X124.24 Y84.314 E1076.30056
G1 X123.826 Y84.295 E1076.31693
G1 X94.393 Y84.295 E1077.47942
G1 X93.618 Y84.345 E1077.5101
G1 X93.193 Y84.419 E1077.52714
G1 X92.779 Y84.505 E1077.54384
G1 X92.233 Y84.681 E1077.56649
G1 X91.846 Y84.82 E1077.58273
G1 X91.147 Y85.177 E1077.61374
G1 X90.514 Y85.601 E1077.64383
G1 X89.935 Y86.097 E1077.67394
G1 X89.423 Y86.653 E1077.70379
G1 X89.168 Y86.99 E1077.72048
G1 X88.825 Y87.539 E1077.74605
G1 X88.681 Y87.823 E1077.75863
G1 X88.487 Y88.235 E1077.77661
G1 X88.214 Y89.022 E1077.80951
G1 X88.036 Y90.045 E1077.85053
G1 X88.008 Y90.453 E1077.86668
G1 X88 Y90.75 E1077.87841
G1 X88.001 Y129.311 E1079.40143
G1 X88.066 Y130.268 E1079.43932
G1 X88.236 Y131.049 E1079.47089
G1 X88.489 Y131.764 E1079.50084
G1 X88.873 Y132.479 E1079.5329
G1 X88.967 Y132.678 E1079.54159
G1 X89.164 Y133 E1079.5565
G1 X89.567 Y133.511 E1079.5822
G1 X90.009 Y133.974 E1079.60749
G1 X90.711 Y134.545 E1079.64323
G1 X91.353 Y134.941 E1079.67302
G1 X92.047 Y135.261 E1079.7032
G1 X92.745 Y135.497 E1079.7323
G1 X93.853 Y135.678 E1079.77665
G1 X94.385 Y135.705 E1079.79769
G1 X123.987 Y135.704 E1080.96686
G1 X124.768 Y135.624 E1080.99787
G1 X125.299 Y135.511 E1081.01931
G1 X125.896 Y135.509 E1081.04289
G1 X128.892 Y134.267 E1081.17098
G1 X128.892 Y85.107 E1083.11263
G0 F9000 X129.392 Y84.705
G1 F3900 X126.589 Y84.089 E1083.22598
G1 X125.764 Y84.089 E1083.25856
G1 X125.079 Y83.919 E1083.28644
G1 X124.283 Y83.815 E1083.31815
G1 X123.837 Y83.795 E1083.33578
G1 X94.377 Y83.795 E1084.49934
G1 X93.559 Y83.848 E1084.53172
G1 X93.099 Y83.927 E1084.55015
G1 X92.651 Y84.02 E1084.56822
G1 X92.072 Y84.207 E1084.59226
G1 X91.646 Y84.36 E1084.61013
G1 X90.893 Y84.745 E1084.64354
G1 X90.212 Y85.202 E1084.67593
G1 X89.587 Y85.736 E1084.7084
G1 X89.039 Y86.332 E1084.74037
G1 X88.756 Y86.706 E1084.7589
G1 X88.389 Y87.294 E1084.78627
G1 X88.232 Y87.603 E1084.79996
G1 X88.023 Y88.046 E1084.81931
G1 X87.728 Y88.897 E1084.85488
G1 X87.539 Y89.985 E1084.8985
G1 X87.509 Y90.428 E1084.91604
G1 X87.5 Y90.75 E1084.92876
G1 X87.501 Y129.328 E1086.45245
G1 X87.57 Y130.34 E1086.49252
G1 X87.756 Y131.191 E1086.52692
G1 X88.031 Y131.967 E1086.55944
G1 X88.425 Y132.702 E1086.59238
G1 X88.527 Y132.917 E1086.60177
G1 X88.753 Y133.287 E1086.6189
G1 X89.189 Y133.839 E1086.64668
G1 X89.669 Y134.342 E1086.67414
G1 X90.421 Y134.953 E1086.71241
G1 X91.117 Y135.382 E1086.7447
G1 X91.861 Y135.726 E1086.77708
G1 X92.624 Y135.984 E1086.80889
G1 X93.8 Y136.176 E1086.85595
G1 X94.373 Y136.205 E1086.87861
G1 X124.012 Y136.204 E1088.04925
G1 X124.846 Y136.119 E1088.08236
G1 X125.357 Y136.01 E1088.10299
G1 X125.995 Y136.009 E1088.12819
G1 X129.392 Y134.601 E1088.27343
G1 X129.392 Y84.705 E1090.24414
G0 F9000 X129.861 Y84.326
;TYPE:WALL-OUTER
G1 F3000 X126.641 Y83.614 E1090.36137
G1 X125.821 Y83.614 E1090.39052
G1 X125.167 Y83.452 E1090.41447
G1 X124.325 Y83.342 E1090.44465
G1 X123.847 Y83.32 E1090.46166
G1 X94.362 Y83.32 E1091.50976
G1 X93.503 Y83.375 E1091.54035
G1 X93.011 Y83.461 E1091.55811
G1 X92.529 Y83.56 E1091.5756
G1 X91.918 Y83.758 E1091.59843
G1 X91.457 Y83.923 E1091.61584
G1 X90.652 Y84.335 E1091.64798
G1 X89.924 Y84.823 E1091.67914
G1 X89.257 Y85.394 E1091.71035
G1 X88.673 Y86.027 E1091.74096
G1 X88.364 Y86.436 E1091.75918
G1 X87.975 Y87.06 E1091.78532
G1 X87.806 Y87.394 E1091.79863
G1 X87.582 Y87.866 E1091.8172
G1 X87.267 Y88.778 E1091.8515
G1 X87.066 Y89.928 E1091.89299
G1 X87.034 Y90.404 E1091.90995
G1 X87.025 Y90.75 E1091.92226
G1 X87.026 Y129.344 E1093.29415
G1 X87.095 Y130.377 E1093.33095
G1 X87.282 Y131.276 E1093.36359
G1 X87.595 Y132.16 E1093.39693
G1 X87.996 Y132.906 E1093.42703
G1 X88.109 Y133.143 E1093.43637
G1 X88.362 Y133.559 E1093.45367
G1 X88.83 Y134.151 E1093.4805
G1 X89.346 Y134.692 E1093.50707
G1 X90.145 Y135.342 E1093.54369
G1 X90.892 Y135.802 E1093.57487
G1 X91.685 Y136.167 E1093.6059
G1 X92.378 Y136.402 E1093.63191
G1 X92.645 Y136.469 E1093.6417
G1 X93.75 Y136.649 E1093.6815
G1 X94.361 Y136.68 E1093.70324
G1 X124.036 Y136.679 E1094.75809
G1 X124.92 Y136.589 E1094.78968
G1 X125.423 Y136.484 E1094.80794
G1 X126.09 Y136.484 E1094.83165
G1 X129.867 Y134.915 E1094.97704
G1 X129.861 Y84.326 E1096.77531
G0 F9000 X129.666 Y84.283
G1 F2400 E1094.77531
G0 F9000 X129.189 Y84.866
G0 X128.064 Y85.149
G0 X107.238 Y125.749
G0 X105.365 Y126.184
G0 X100.885 Y126.645
;TYPE:WALL-INNER
G1 F1200 E1096.77531
G1 F3923.5 X101.942 Y126.921 E1096.8182
G1 F3900 X102.271 Y127.063 E1096.83235
G1 X102.841 Y127.418 E1096.85888
G1 X103.386 Y127.942 E1096.88874
G1 X103.837 Y128.557 E1096.91886
G1 X104.138 Y129.209 E1096.94722
G1 X104.268 Y129.662 E1096.96584
G1 X104.358 Y130.362 E1096.99371
G1 X104.346 Y130.982 E1097.0182
G1 X104.207 Y131.645 E1097.04496
G1 X103.974 Y132.261 E1097.07097
G1 X103.781 Y132.596 E1097.08624
G1 X103.508 Y132.93 E1097.10328
G1 X103.417 Y133.071 E1097.10991
G1 X103.242 Y133.286 E1097.12086
G1 X102.984 Y133.536 E1097.13505
G1 X102.787 Y133.691 E1097.14495
G1 X102.268 Y134.017 E1097.16915
G1 X101.665 Y134.278 E1097.19511
G1 X101.192 Y134.399 E1097.21439
G1 X100.633 Y134.467 E1097.23663
G1 X99.974 Y134.446 E1097.26267
G1 X99.418 Y134.344 E1097.285
G1 X98.711 Y134.077 E1097.31485
G1 X98.092 Y133.704 E1097.34339
G1 X97.623 Y133.285 E1097.36823
G1 X97.451 Y133.096 E1097.37832
G1 X97.079 Y132.586 E1097.40326
G1 X96.947 Y132.355 E1097.41376
G1 X96.697 Y131.775 E1097.43871
G1 X96.511 Y130.987 E1097.47069
G1 X96.54 Y130.028 E1097.50858
G1 X96.579 Y129.766 E1097.51904
G1 X96.893 Y128.828 E1097.55811
G1 X97.455 Y127.945 E1097.59945
G1 X98.098 Y127.371 E1097.6335
G1 X98.676 Y127.021 E1097.66018
G1 X98.944 Y126.902 E1097.67177
G1 F3869 X99.639 Y126.685 E1097.70075
G1 F3779.1 X99.922 Y126.627 E1097.71253
G1 F3742.8 X99.526 Y126.596 E1097.72887
G1 F3786.4 X99.129 Y126.565 E1097.74507
G1 F3831 X98.527 Y126.452 E1097.7697
G1 F3876.7 X97.924 Y126.339 E1097.79408
G1 F3900 X97.131 Y126.113 E1097.82665
G1 X95.882 Y125.619 E1097.8797
G1 X94.707 Y124.971 E1097.93269
G1 X93.839 Y124.351 E1097.97482
G1 X93.091 Y123.723 E1098.0134
G1 X92.364 Y122.957 E1098.05511
G1 X91.756 Y122.202 E1098.0934
G1 X91.036 Y121.069 E1098.14642
G1 X90.577 Y120.109 E1098.18844
G1 X90.212 Y119.157 E1098.22871
G1 X90.077 Y118.689 E1098.24795
G1 X89.883 Y117.858 E1098.28166
G1 X89.75 Y116.837 E1098.32232
G1 X89.702 Y115.923 E1098.35847
G1 X89.701 Y110.692 E1098.56508
G1 X89.729 Y109.925 E1098.59539
G1 X89.889 Y108.664 E1098.6456
G1 X90.102 Y107.792 E1098.68105
G1 X90.417 Y106.828 E1098.72111
G1 X90.73 Y106.081 E1098.75309
G1 X91.4 Y104.874 E1098.80762
G1 X91.728 Y104.389 E1098.83074
G1 X92.371 Y103.589 E1098.87128
G1 X93.093 Y102.831 E1098.91263
G1 X93.917 Y102.14 E1098.9551
G1 X94.703 Y101.58 E1098.99322
G1 X95.595 Y101.079 E1099.03363
G1 X96.502 Y100.665 E1099.07301
G1 X97.364 Y100.369 E1099.109
G1 X98.362 Y100.115 E1099.14968
G1 X99.082 Y99.996 E1099.1785
G1 X100.418 Y99.906 E1099.23139
G1 X104.431 Y99.904 E1099.38989
G1 X105.268 Y99.996 E1099.42314
G1 X106.105 Y100.289 E1099.45817
G1 X106.81 Y100.731 E1099.49103
G1 X107.318 Y101.215 E1099.51875
G1 X107.735 Y101.753 E1099.54563
G1 X108.028 Y102.341 E1099.57158
G1 X108.246 Y103.04 E1099.6005
G1 X108.323 Y103.721 E1099.62757
G1 X108.328 Y122.705 E1100.37737
G1 X108.264 Y123.414 E1100.40548
G1 X108.031 Y124.196 E1100.43771
G1 X107.721 Y124.819 E1100.4652
G1 X107.187 Y125.493 E1100.49916
G1 X106.661 Y125.928 E1100.52612
G1 X105.88 Y126.355 E1100.56127
G1 F3907.8 X105.221 Y126.563 E1100.58851
G1 F3923.5 X104.455 Y126.648 E1100.61877
G1 F3931.5 X102.67 Y126.647 E1100.68871
G1 F3947.4 X100.885 Y126.645 E1100.75836
G0 F9000 X101.977 Y127.216
G0 X101.919 Y127.433
G1 F3900 X102.535 Y127.817 E1100.78703
G1 X103.006 Y128.27 E1100.81284
G1 X103.404 Y128.811 E1100.83937
G1 X103.653 Y129.349 E1100.86278
G1 X103.779 Y129.768 E1100.88007
G1 X103.859 Y130.395 E1100.90503
G1 X103.847 Y130.929 E1100.92613
G1 X103.727 Y131.5 E1100.94917
G1 X103.465 Y132.192 E1100.9784
G1 X103.102 Y132.636 E1101.00105
G1 X102.894 Y132.927 E1101.01518
G1 X102.581 Y133.23 E1101.03238
G1 X102.035 Y133.573 E1101.05785
G1 X101.502 Y133.804 E1101.08079
G1 X101.105 Y133.906 E1101.09698
G1 X100.599 Y133.967 E1101.11711
G1 X100.027 Y133.947 E1101.13972
G1 X99.552 Y133.86 E1101.15879
G1 X98.93 Y133.624 E1101.18507
G1 X98.394 Y133.303 E1101.20974
G1 X97.898 Y132.86 E1101.23601
G1 X97.437 Y132.228 E1101.26691
G1 X97.173 Y131.618 E1101.29316
G1 X97.031 Y131.016 E1101.31759
G1 X97.013 Y130.891 E1101.32258
G1 X97.043 Y129.95 E1101.35976
G1 X97.351 Y129.035 E1101.39789
G1 X97.843 Y128.267 E1101.43392
G1 X98.421 Y127.76 E1101.46428
G1 X99.008 Y127.405 E1101.49138
G1 F3907.8 X99.862 Y127.145 E1101.52657
G1 X100.658 Y127.098 E1101.558
G1 F3900 X101.919 Y127.433 E1101.60953
G0 F9000 X101.977 Y127.216
G0 X102.442 Y126.889
G0 X105.143 Y126.295
G0 X105.12 Y126.071
G1 F3900 X104.455 Y126.145 E1101.63596
G1 X100.449 Y126.147 E1101.79418
G1 X99.153 Y126.061 E1101.84548
G1 X98.017 Y125.847 E1101.89114
G1 X97.271 Y125.633 E1101.92179
G1 X96.097 Y125.168 E1101.97166
G1 X94.976 Y124.549 E1102.02224
G1 X94.206 Y124.003 E1102.05952
G1 X93.41 Y123.332 E1102.10064
G1 X92.753 Y122.643 E1102.13824
G1 X92.188 Y121.942 E1102.1738
G1 X91.493 Y120.856 E1102.22473
G1 X91.065 Y119.979 E1102.26327
G1 X90.713 Y119.078 E1102.30148
G1 X90.549 Y118.516 E1102.3246
G1 X90.371 Y117.743 E1102.35593
G1 X90.249 Y116.81 E1102.39309
G1 X90.201 Y115.896 E1102.42924
G1 X90.201 Y110.692 E1102.63478
G1 X90.225 Y109.988 E1102.6626
G1 X90.39 Y108.721 E1102.71307
G1 X90.588 Y107.91 E1102.74604
G1 X90.912 Y106.93 E1102.78681
G1 X91.167 Y106.331 E1102.81252
G1 X91.781 Y105.209 E1102.86304
G1 X92.143 Y104.669 E1102.88871
G1 X92.799 Y103.859 E1102.92988
G1 X93.413 Y103.22 E1102.96488
G1 X94.207 Y102.547 E1103.00599
G1 X94.945 Y102.021 E1103.04179
G1 X95.839 Y101.516 E1103.08234
G1 X96.692 Y101.128 E1103.11935
G1 X97.552 Y100.834 E1103.15525
G1 X98.481 Y100.601 E1103.19308
G1 X99.161 Y100.49 E1103.22029
G1 X100.45 Y100.405 E1103.27131
G1 X104.41 Y100.404 E1103.42772
G1 X105.161 Y100.487 E1103.45756
G1 X105.898 Y100.747 E1103.48843
G1 X106.507 Y101.13 E1103.51684
G1 X106.947 Y101.547 E1103.54079
G1 X107.31 Y102.02 E1103.56433
G1 X107.572 Y102.558 E1103.58797
G1 X107.618 Y102.722 E1103.5947
G1 X107.758 Y103.15 E1103.61248
G1 X107.824 Y103.749 E1103.63628
G1 X107.825 Y122.771 E1104.38758
G1 X107.773 Y123.297 E1104.40846
G1 X107.567 Y124.02 E1104.43815
G1 X107.295 Y124.546 E1104.46154
G1 X106.827 Y125.136 E1104.49129
G1 X106.376 Y125.512 E1104.51448
G1 X105.708 Y125.88 E1104.5446
G1 X105.12 Y126.071 E1104.56902
G1 F2400 E1102.56902
G0 F9000 X105.143 Y126.295
G0 X105.725 Y126.058
G0 X106.463 Y125.656
G0 X106.946 Y125.254
G0 X107.437 Y124.637
G0 X107.972 Y123.424
G1 F1200 E1104.56902
G0 F9000 X107.301 Y123.231
;TYPE:WALL-OUTER
G1 F3000 X107.123 Y123.841 E1104.59161
G1 X106.894 Y124.291 E1104.60955
G1 X106.487 Y124.805 E1104.63286
G1 X106.119 Y125.111 E1104.64987
G1 X105.507 Y125.449 E1104.67472
G1 X105.031 Y125.6 E1104.69247
G1 X104.403 Y125.672 E1104.71494
G1 X100.478 Y125.673 E1104.85447
G1 X99.241 Y125.594 E1104.89853
G1 X98.105 Y125.38 E1104.93962
G1 X97.404 Y125.177 E1104.96556
G1 X96.302 Y124.739 E1105.00771
G1 X95.237 Y124.152 E1105.05094
G1 X94.467 Y123.605 E1105.08451
G1 X93.753 Y123.003 E1105.11771
G1 X93.123 Y122.345 E1105.15009
G1 X92.558 Y121.644 E1105.1821
G1 X91.882 Y120.578 E1105.22697
G1 X91.486 Y119.756 E1105.2594
G1 X91.149 Y118.887 E1105.29253
G1 X91.011 Y118.408 E1105.31025
G1 X90.842 Y117.68 E1105.33682
G1 X90.725 Y116.803 E1105.36827
G1 X90.676 Y115.871 E1105.40145
G1 X90.676 Y110.692 E1105.58554
G1 X90.696 Y110.048 E1105.60845
G1 X90.847 Y108.859 E1105.65105
G1 X91.055 Y108.006 E1105.68226
G1 X91.349 Y107.116 E1105.71558
G1 X91.604 Y106.517 E1105.73872
G1 X92.208 Y105.42 E1105.78323
G1 X92.536 Y104.935 E1105.80405
G1 X93.141 Y104.189 E1105.83819
G1 X93.772 Y103.534 E1105.87052
G1 X94.483 Y102.934 E1105.90359
G1 X95.221 Y102.408 E1105.9358
G1 X96.089 Y101.921 E1105.97118
G1 X96.88 Y101.564 E1106.00203
G1 X97.696 Y101.287 E1106.03266
G1 X98.611 Y101.059 E1106.06618
G1 X99.257 Y100.957 E1106.08943
G1 X100.48 Y100.879 E1106.13299
G1 X104.405 Y100.88 E1106.27251
G1 X105.046 Y100.952 E1106.29544
G1 X105.675 Y101.171 E1106.31912
G1 X106.204 Y101.5 E1106.34126
G1 X106.581 Y101.854 E1106.35965
G1 X106.902 Y102.269 E1106.3783
G1 X107.119 Y102.705 E1106.39561
G1 X107.291 Y103.253 E1106.41602
G1 X107.349 Y103.775 E1106.43469
G1 X107.353 Y122.705 E1107.10759
G1 X107.301 Y123.231 E1107.12638
G0 F9000 X107.245 Y123.423
G0 X107.916 Y123.616
G0 X107.437 Y124.637
G0 X106.946 Y125.254
G0 X106.463 Y125.656
G0 X105.575 Y126.095
G0 X105.236 Y126.206
G0 X100.885 Y126.645
;TYPE:WALL-INNER
G1 F4105.3 X100.579 Y126.625 E1107.13789
G1 F4122.6 X100.25 Y126.626 E1107.15018
G1 F3846.2 X99.921 Y126.627 E1107.16336
G1 F2400 E1105.16336
G0 F9000 X98.303 Y127.638
G0 X97.721 Y128.156
G0 X97.224 Y128.927
G0 X96.945 Y129.735
G0 X96.805 Y130.515
G1 F1200 E1107.16336
G0 F9000 X97.504 Y130.553
;TYPE:WALL-OUTER
G1 F3000 X97.516 Y130.034 E1107.18181
G1 X97.787 Y129.229 E1107.212
G1 X98.208 Y128.578 E1107.23956
G1 X98.673 Y128.165 E1107.26167
G1 X99.203 Y127.842 E1107.28373
G1 X99.954 Y127.613 E1107.31164
G1 X100.605 Y127.577 E1107.33482
G1 X101.729 Y127.874 E1107.37614
G1 X102.256 Y128.209 E1107.39834
G1 X102.662 Y128.603 E1107.41845
G1 X102.978 Y129.032 E1107.43739
G1 X103.215 Y129.533 E1107.45709
G1 X103.318 Y129.888 E1107.47023
G1 X103.385 Y130.427 E1107.48954
G1 X103.369 Y130.892 E1107.50608
G1 X103.272 Y131.354 E1107.52286
G1 X103.049 Y131.951 E1107.54551
G1 X102.717 Y132.357 E1107.56416
G1 X102.563 Y132.586 E1107.57397
G1 X102.268 Y132.865 E1107.5884
G1 X101.795 Y133.159 E1107.6082
G1 X101.331 Y133.357 E1107.62613
G1 X101.023 Y133.438 E1107.63745
G1 X100.594 Y133.489 E1107.65281
G1 X100.063 Y133.471 E1107.67169
G1 X99.699 Y133.404 E1107.68485
G1 X99.16 Y133.204 E1107.70529
G1 X98.662 Y132.905 E1107.72593
G1 X98.271 Y132.557 E1107.74454
G1 X97.852 Y131.99 E1107.7696
G1 X97.633 Y131.484 E1107.7892
G1 X97.494 Y130.906 E1107.81033
G1 X97.488 Y130.866 E1107.81177
G1 X97.504 Y130.553 E1107.82291
G0 F9000 X97.508 Y130.353
G1 F2400 E1105.82291
G0 F9000 X96.809 Y130.337
G0 X96.904 Y131.185
G0 X97.02 Y131.675
G0 X97.296 Y132.312
G0 X97.777 Y132.972
G0 X98.3 Y133.436
G0 X98.864 Y133.774
G0 X99.506 Y134.018
G0 X100.009 Y134.11
G0 X100.605 Y134.131
G0 X101.557 Y133.959
G0 X102.111 Y133.718
G0 X102.682 Y133.358
G0 X102.907 Y133.141
G0 X104.555 Y131.098
G0 X119.389 Y135.494
G0 X124.225 Y135.468
G0 X125.853 Y135.298
G0 X128.064 Y134.375
G0 X128.337 Y133.897
;TYPE:FILL
G1 F1200 E1107.82291
G1 F3363.9 X128.337 Y85.553 E1110.1524
G0 F9000 X128.009 Y85.193
;TYPE:SKIN
G1 F2700 X126.503 Y84.863 E1110.1865
G1 X125.842 Y84.862 E1110.20112
G1 X125.511 Y84.822 E1110.20849
G1 X124.934 Y84.68 E1110.22163
G1 X124.215 Y84.586 E1110.23767
G1 X123.82 Y84.568 E1110.24642
G1 X94.403 Y84.568 E1110.89706
G1 X93.652 Y84.618 E1110.91371
G1 X93.244 Y84.687 E1110.92286
G1 X92.847 Y84.771 E1110.93184
G1 X92.323 Y84.938 E1110.944
G1 X91.956 Y85.072 E1110.95264
G1 X91.285 Y85.414 E1110.9693
G1 X90.679 Y85.82 E1110.98543
G1 X90.125 Y86.294 E1111.00156
G1 X89.632 Y86.829 E1111.01765
G1 X89.394 Y87.144 E1111.02638
G1 X89.065 Y87.672 E1111.04014
G1 X88.927 Y87.943 E1111.04687
G1 X88.74 Y88.34 E1111.05658
G1 X88.481 Y89.091 E1111.07415
G1 X88.309 Y90.08 E1111.09635
G1 X88.274 Y90.683 E1111.10971
G1 X88.275 Y129.3 E1111.96384
G1 X88.338 Y130.227 E1111.98439
G1 X88.497 Y130.959 E1112.00096
G1 X88.741 Y131.653 E1112.01723
G1 X89.116 Y132.352 E1112.03477
G1 X89.209 Y132.549 E1112.03959
G1 X89.39 Y132.842 E1112.04721
G1 X89.773 Y133.33 E1112.06093
G1 X90.195 Y133.77 E1112.07441
G1 X90.871 Y134.322 E1112.09372
G1 X91.484 Y134.698 E1112.10962
G1 X92.145 Y135.004 E1112.12573
G1 X92.819 Y135.232 E1112.14147
G1 X93.883 Y135.406 E1112.16532
G1 X94.39 Y135.431 E1112.17655
G1 X123.97 Y135.431 E1112.8308
G1 X124.725 Y135.354 E1112.84758
G1 X125.252 Y135.241 E1112.8595
G1 X125.84 Y135.236 E1112.87251
G1 X128.008 Y134.338 E1112.92441
G1 X128.009 Y85.193 E1114.0114
G1 F2400 E1112.0114
G0 F9000 X128.132 Y85.194
G0 X126.763 Y84.895
G0 X104.57 Y89.927
G0 X103.224 Y91.738
G0 X102.726 Y92.233
G0 X102.159 Y92.62
G0 X101.556 Y92.882
G0 X101.133 Y92.993
G0 X100.454 Y93.06
G0 X99.788 Y92.986
G0 X97.625 Y92.416
G1 F1200 E1114.0114
G0 F9000 X97.541 Y92.507
G1 F2700 X97.167 Y92.114 E1114.0234
G1 X96.988 Y91.884 E1114.02984
G1 X96.752 Y91.512 E1114.03959
G1 X96.386 Y90.635 E1114.06061
G1 X96.24 Y89.838 E1114.07853
G1 X96.273 Y88.859 E1114.1002
G1 X96.337 Y88.545 E1114.10728
G1 X96.637 Y87.655 E1114.12806
G1 X96.918 Y87.151 E1114.14082
G1 X97.065 Y86.936 E1114.14658
G1 X97.411 Y86.531 E1114.15836
G1 X97.929 Y86.087 E1114.17345
G1 X98.194 Y85.907 E1114.18054
G1 X98.657 Y85.656 E1114.19219
G1 X98.926 Y85.545 E1114.19862
G1 X99.697 Y85.307 E1114.21647
G1 X100.509 Y85.256 E1114.23446
G1 X101.26 Y85.33 E1114.25116
G1 X101.76 Y85.466 E1114.26262
G1 X102.409 Y85.746 E1114.27825
G1 X102.927 Y86.074 E1114.29181
G1 X103.166 Y86.261 E1114.29852
G1 X103.503 Y86.589 E1114.30892
G1 X103.877 Y87.043 E1114.32193
G1 X104.07 Y87.344 E1114.32984
G1 X104.332 Y87.884 E1114.34312
G1 X104.447 Y88.209 E1114.35074
G1 X104.617 Y88.957 E1114.36771
G1 X104.62 Y89.925 E1114.38912
G1 X104.469 Y90.634 E1114.40515
G1 X104.212 Y91.326 E1114.42148
G1 X103.706 Y92.117 E1114.44225
G1 X103.109 Y92.705 E1114.46078
G1 X102.467 Y93.148 E1114.47803
G1 X101.754 Y93.46 E1114.49525
G1 X101.235 Y93.592 E1114.50709
G1 X100.484 Y93.671 E1114.5238
G1 X99.579 Y93.594 E1114.54388
G1 X98.65 Y93.261 E1114.56571
G1 X98.376 Y93.131 E1114.57242
G1 X97.935 Y92.81 E1114.58448
G1 X97.541 Y92.507 E1114.59548
G1 F2400 E1112.59548
G0 F9000 X97.625 Y92.416
G0 X98.318 Y93.036
G0 X99.112 Y99.759
G0 X105.192 Y100.324
G0 X105.961 Y100.593
G0 X106.606 Y100.999
G0 X107.068 Y101.436
G0 X107.442 Y101.924
G0 X107.778 Y102.683
G0 X107.917 Y103.106
G0 X107.988 Y103.742
G0 X107.991 Y122.745
G0 X107.937 Y123.328
G0 X107.721 Y124.078
G0 X107.437 Y124.637
G0 X106.946 Y125.254
G0 X106.463 Y125.656
G0 X105.575 Y126.095
G0 X105.156 Y126.233
G0 X104.427 Y126.312
G0 X102.404 Y126.311
G0 X102.493 Y127.023
G1 F1200 E1114.59548
G0 F9000 X102.557 Y126.922
G1 F2700 X102.863 Y127.11 E1114.60342
G1 X103.131 Y127.316 E1114.6109
G1 X103.581 Y127.748 E1114.62469
G1 X103.983 Y128.293 E1114.63967
G1 X104.139 Y128.555 E1114.64642
G1 X104.399 Y129.121 E1114.66019
G1 X104.541 Y129.632 E1114.67192
G1 X104.634 Y130.35 E1114.68794
G1 X104.616 Y131.033 E1114.70305
G1 X104.474 Y131.713 E1114.71841
G1 X104.223 Y132.371 E1114.73399
G1 X103.989 Y132.774 E1114.7443
G1 X103.728 Y133.092 E1114.7534
G1 X103.647 Y133.219 E1114.75673
G1 X103.425 Y133.49 E1114.76448
G1 X103.169 Y133.737 E1114.77235
G1 X102.929 Y133.925 E1114.77909
G1 X102.415 Y134.251 E1114.79255
G1 X101.757 Y134.536 E1114.80841
G1 X101.223 Y134.673 E1114.8206
G1 X100.651 Y134.74 E1114.83334
G1 X99.931 Y134.717 E1114.84928
G1 X99.468 Y134.631 E1114.85969
G1 X99.198 Y134.555 E1114.8659
G1 X98.724 Y134.375 E1114.87711
G1 X98.472 Y134.252 E1114.88331
G1 X98.048 Y133.997 E1114.89426
G1 X97.827 Y133.836 E1114.9003
G1 X97.432 Y133.483 E1114.91202
G1 X97.229 Y133.257 E1114.91874
G1 X96.85 Y132.734 E1114.93303
G1 X96.698 Y132.472 E1114.93972
G1 X96.429 Y131.838 E1114.95496
G1 X96.232 Y130.987 E1114.97428
G1 X96.256 Y130.505 E1114.98495
G1 X96.275 Y129.817 E1115.00017
G1 X96.652 Y128.688 E1115.0265
G1 X97.148 Y127.918 E1115.04676
G1 X97.361 Y127.663 E1115.05411
G1 X97.931 Y127.154 E1115.07101
G1 X98.605 Y126.744 E1115.08846
G1 X97.789 Y126.591 E1115.10682
G1 X97.047 Y126.373 E1115.12393
G1 X95.751 Y125.86 E1115.15476
G1 X94.565 Y125.207 E1115.1847
G1 X93.75 Y124.629 E1115.2068
G1 X92.889 Y123.908 E1115.23164
G1 X92.229 Y123.219 E1115.25274
G1 X91.533 Y122.361 E1115.27718
G1 X90.79 Y121.191 E1115.30783
G1 X90.319 Y120.202 E1115.33206
G1 X89.945 Y119.227 E1115.35516
G1 X89.811 Y118.756 E1115.36599
G1 X89.613 Y117.896 E1115.38551
G1 X89.477 Y116.863 E1115.40856
G1 X89.429 Y115.931 E1115.4292
G1 X89.428 Y110.651 E1115.54598
G1 X89.449 Y109.956 E1115.56136
G1 X89.621 Y108.614 E1115.59128
G1 X89.867 Y107.618 E1115.61397
G1 X90.202 Y106.628 E1115.63709
G1 X90.492 Y105.946 E1115.65348
G1 X91.103 Y104.835 E1115.68153
G1 X91.506 Y104.229 E1115.69762
G1 X92.241 Y103.322 E1115.72344
G1 X92.907 Y102.631 E1115.74467
G1 X93.667 Y101.988 E1115.76669
G1 X94.567 Y101.342 E1115.79119
G1 X95.457 Y100.842 E1115.81377
G1 X96.464 Y100.386 E1115.83822
G1 X97.335 Y100.091 E1115.85856
G1 X98.312 Y99.845 E1115.88085
G1 X99.098 Y99.718 E1115.89846
G1 X100.401 Y99.633 E1115.92734
G1 X104.449 Y99.632 E1116.01687
G1 X105.296 Y99.721 E1116.03571
G1 X106.209 Y100.034 E1116.05706
G1 X106.984 Y100.518 E1116.07726
G1 X107.529 Y101.033 E1116.09385
G1 X107.972 Y101.612 E1116.10997
G1 X108.271 Y102.224 E1116.12504
G1 X108.516 Y102.979 E1116.1426
G1 X108.595 Y103.702 E1116.15868
G1 X108.602 Y122.776 E1116.58056
G1 X108.535 Y123.427 E1116.59504
G1 X108.278 Y124.324 E1116.61567
G1 X108.015 Y124.844 E1116.62856
G1 X107.868 Y125.073 E1116.63458
G1 X107.353 Y125.708 E1116.65266
G1 X106.815 Y126.156 E1116.66815
G1 X105.975 Y126.613 E1116.6893
G1 X105.259 Y126.835 E1116.70588
G1 X104.473 Y126.921 E1116.72337
G1 X102.557 Y126.922 E1116.76575
G1 F2400 E1114.76575
G0 F9000 X102.493 Y127.023
G0 X103.772 Y128.078
G0 X126.468 Y135.001
G0 X127.779 Y134.565
G1 F1200 E1116.76575
G0 F9000 X127.68 Y134.322
G1 F2700 X127.68 Y85.265 E1117.85079
G0 F9000 X127.4 Y85.204
G1 F2700 X127.4 Y134.438 E1118.93975
G0 F9000 X127.12 Y134.554
G1 F2700 X127.12 Y85.142 E1120.03264
G0 F9000 X126.84 Y85.081
G1 F2700 X126.84 Y134.67 E1121.12945
G0 F9000 X126.56 Y134.787
G1 F2700 X126.56 Y85.019 E1122.23022
G0 F9000 X126.28 Y85.003
G1 F2700 X126.28 Y134.903 E1123.33391
G0 F9000 X126 Y135.019
G1 F2700 X126 Y85.003 E1124.44016
G0 F9000 X125.72 Y84.988
G1 F2700 X125.72 Y135.097 E1125.54847
G0 F9000 X125.44 Y135.098
G1 F2700 X125.44 Y84.948 E1126.65769
G0 F9000 X125.16 Y84.88
G1 F2700 X125.16 Y135.118 E1127.76885
G0 F9000 X124.88 Y135.178
G1 F2700 X124.88 Y84.815 E1128.88278
G0 F9000 X124.6 Y84.778
G1 F2700 X124.6 Y135.226 E1129.99859
G0 F9000 X124.32 Y135.255
G1 F2700 X124.32 Y84.742 E1131.11583
G0 F9000 X124.04 Y84.719
G1 F2700 X124.04 Y135.284 E1132.23423
G0 F9000 X123.76 Y135.291
G1 F2700 X123.76 Y84.708 E1133.35302
G0 F9000 X123.48 Y84.708
G1 F2700 X123.48 Y135.291 E1134.47182
G0 F9000 X123.2 Y135.291
G1 F2700 X123.2 Y84.708 E1135.59061
G0 F9000 X122.92 Y84.708
G1 F2700 X122.92 Y135.291 E1136.70941
G0 F9000 X122.64 Y135.291
G1 F2700 X122.64 Y84.708 E1137.8282
G0 F9000 X122.36 Y84.708
G1 F2700 X122.36 Y135.291 E1138.94699
G0 F9000 X122.08 Y135.291
G1 F2700 X122.08 Y84.708 E1140.06579
G0 F9000 X121.8 Y84.708
G1 F2700 X121.8 Y135.291 E1141.18458
G0 F9000 X121.52 Y135.291
G1 F2700 X121.52 Y84.708 E1142.30338
G0 F9000 X121.24 Y84.708
G1 F2700 X121.24 Y135.291 E1143.42217
G0 F9000 X120.96 Y135.291
G1 F2700 X120.96 Y84.708 E1144.54097
G0 F9000 X120.68 Y84.708
G1 F2700 X120.68 Y135.291 E1145.65976
G0 F9000 X120.4 Y135.291
G1 F2700 X120.4 Y84.708 E1146.77855
G0 F9000 X120.12 Y84.708
G1 F2700 X120.12 Y135.291 E1147.89735
G0 F9000 X119.84 Y135.291
G1 F2700 X119.84 Y84.708 E1149.01614
G0 F9000 X119.56 Y84.708
G1 F2700 X119.56 Y135.291 E1150.13494
G0 F9000 X119.28 Y135.291
G1 F2700 X119.28 Y84.708 E1151.25373
G0 F9000 X119 Y84.708
G1 F2700 X119 Y135.291 E1152.37253
G0 F9000 X118.72 Y135.291
G1 F2700 X118.72 Y84.708 E1153.49132
G0 F9000 X118.44 Y84.708
G1 F2700 X118.44 Y135.291 E1154.61011
G0 F9000 X118.16 Y135.291
G1 F2700 X118.16 Y84.708 E1155.72891
G0 F9000 X117.88 Y84.708
G1 F2700 X117.88 Y135.291 E1156.8477
G0 F9000 X117.6 Y135.291
G1 F2700 X117.6 Y84.708 E1157.9665
G0 F9000 X117.32 Y84.708
G1 F2700 X117.32 Y135.291 E1159.08529
G0 F9000 X117.04 Y135.291
G1 F2700 X117.04 Y84.708 E1160.20409
G0 F9000 X116.76 Y84.708
G1 F2700 X116.76 Y135.291 E1161.32288
G0 F9000 X116.48 Y135.291
G1 F2700 X116.48 Y84.708 E1162.44167
G0 F9000 X116.2 Y84.708
G1 F2700 X116.2 Y135.291 E1163.56047
G0 F9000 X115.92 Y135.291
G1 F2700 X115.92 Y84.708 E1164.67926
G0 F9000 X115.64 Y84.708
G1 F2700 X115.64 Y135.291 E1165.79806
G0 F9000 X115.36 Y135.291
G1 F2700 X115.36 Y84.708 E1166.91685
G0 F9000 X115.08 Y84.708
G1 F2700 X115.08 Y135.291 E1168.03565
G0 F9000 X114.8 Y135.291
G1 F2700 X114.8 Y84.708 E1169.15444
G0 F9000 X114.52 Y84.708
G1 F2700 X114.52 Y135.291 E1170.27323
G0 F9000 X114.24 Y135.291
G1 F2700 X114.24 Y84.708 E1171.39203
G0 F9000 X113.96 Y84.708
G1 F2700 X113.96 Y135.291 E1172.51082
G0 F9000 X113.68 Y135.291
G1 F2700 X113.68 Y84.708 E1173.62962
G0 F9000 X113.4 Y84.708
G1 F2700 X113.4 Y135.291 E1174.74841
G0 F9000 X113.12 Y135.291
G1 F2700 X113.12 Y84.708 E1175.86721
G0 F9000 X112.84 Y84.708
G1 F2700 X112.84 Y135.291 E1176.986
G0 F9000 X112.56 Y135.291
G1 F2700 X112.56 Y84.708 E1178.10479
G0 F9000 X112.28 Y84.708
G1 F2700 X112.28 Y135.291 E1179.22359
G0 F9000 X112 Y135.291
G1 F2700 X112 Y84.708 E1180.34238
G0 F9000 X111.72 Y84.708
G1 F2700 X111.72 Y135.291 E1181.46118
G0 F9000 X111.44 Y135.291
G1 F2700 X111.44 Y84.708 E1182.57997
G0 F9000 X111.16 Y84.708
G1 F2700 X111.16 Y135.291 E1183.69877
G0 F9000 X110.88 Y135.291
G1 F2700 X110.88 Y84.708 E1184.81756
G0 F9000 X110.6 Y84.708
G1 F2700 X110.6 Y135.291 E1185.93635
G0 F9000 X110.32 Y135.291
G1 F2700 X110.32 Y84.708 E1187.05515
G0 F9000 X110.04 Y84.708
G1 F2700 X110.04 Y135.291 E1188.17394
G0 F9000 X109.76 Y135.291
G1 F2700 X109.76 Y84.708 E1189.29274
G0 F9000 X109.48 Y84.708
G1 F2700 X109.48 Y135.291 E1190.41153
G0 F9000 X109.2 Y135.291
G1 F2700 X109.2 Y84.708 E1191.53033
G0 F9000 X108.92 Y84.708
G1 F2700 X108.92 Y135.291 E1192.64912
G0 F9000 X108.64 Y135.291
G1 F2700 X108.64 Y123.569 E1192.90839
G0 F9000 X108.36 Y124.471
G1 F2700 X108.36 Y135.291 E1193.1477
G0 F9000 X108.08 Y135.291
G1 F2700 X108.08 Y125.002 E1193.37528
G0 F9000 X107.8 Y125.377
G1 F2700 X107.8 Y135.291 E1193.59455
G0 F9000 X107.52 Y135.291
G1 F2700 X107.52 Y125.72 E1193.80624
G0 F9000 X107.24 Y125.983
G1 F2700 X107.24 Y135.291 E1194.01212
G0 F9000 X106.96 Y135.291
G1 F2700 X106.96 Y126.216 E1194.21284
G0 F9000 X106.68 Y126.388
G1 F2700 X106.68 Y135.291 E1194.40976
G0 F9000 X106.4 Y135.291
G1 F2700 X106.4 Y126.541 E1194.60329
G0 F9000 X106.12 Y126.693
G1 F2700 X106.12 Y135.291 E1194.79346
G0 F9000 X105.84 Y135.291
G1 F2700 X105.84 Y126.8 E1194.98126
G0 F9000 X105.56 Y126.889
G1 F2700 X105.56 Y135.291 E1195.1671
G0 F9000 X105.28 Y135.291
G1 F2700 X105.28 Y126.968 E1195.35119
G0 F9000 X105 Y127
G1 F2700 X105 Y135.291 E1195.53457
G1 F2400 E1193.53457
G0 F9000 X105 Y135.554
G0 X108.38 Y135.454
G0 X107.98 Y124.818
G0 X108.38 Y102.974
G1 F1200 E1195.53457
G0 F9000 X108.64 Y102.918
G1 F2700 X108.64 Y84.708 E1195.93734
G0 F9000 X108.36 Y84.708
G1 F2700 X108.36 Y102.086 E1196.3217
G0 F9000 X108.08 Y101.524
G1 F2700 X108.08 Y84.708 E1196.69364
G0 F9000 X107.8 Y84.708
G1 F2700 X107.8 Y101.157 E1197.05746
G0 F9000 X107.52 Y100.834
G1 F2700 X107.52 Y84.708 E1197.41413
G0 F9000 X107.24 Y84.708
G1 F2700 X107.24 Y100.568 E1197.76492
G0 F9000 X106.96 Y100.34
G1 F2700 X106.96 Y84.708 E1198.11067
G0 F9000 X106.68 Y84.708
G1 F2700 X106.68 Y100.165 E1198.45255
G0 F9000 X106.4 Y99.99
G1 F2700 X106.4 Y84.708 E1198.79056
G0 F9000 X106.12 Y84.708
G1 F2700 X106.12 Y99.854 E1199.12555
G0 F9000 X105.84 Y99.757
G1 F2700 X105.84 Y84.708 E1199.45841
G0 F9000 X105.56 Y84.708
G1 F2700 X105.56 Y99.66 E1199.78912
G0 F9000 X105.28 Y99.578
G1 F2700 X105.28 Y84.708 E1200.11801
G0 F9000 X105 Y84.708
G1 F2700 X105 Y99.549 E1200.44626
G0 F9000 X104.72 Y99.519
G1 F2700 X104.72 Y90.122 E1200.65411
G0 F9000 X104.465 Y90.069
G0 X104.197 Y91.02
G0 X104.44 Y91.113
G1 F2700 X104.44 Y99.494 E1200.83948
G0 F9000 X104.16 Y99.494
G1 F2700 X104.16 Y91.667 E1201.0126
G0 F9000 X103.88 Y92.103
G1 F2700 X103.88 Y99.494 E1201.17607
G0 F9000 X103.6 Y99.494
G1 F2700 X103.6 Y92.415 E1201.33264
G0 F9000 X103.32 Y92.692
G1 F2700 X103.32 Y99.494 E1201.48309
G0 F9000 X103.04 Y99.494
G1 F2700 X103.04 Y92.921 E1201.62847
G0 F9000 X102.76 Y93.115
G1 F2700 X102.76 Y99.494 E1201.76956
G0 F9000 X102.48 Y99.494
G1 F2700 X102.48 Y93.296 E1201.90665
G0 F9000 X102.2 Y93.417
G1 F2700 X102.2 Y99.494 E1202.04106
G0 F9000 X101.92 Y99.494
G1 F2700 X101.92 Y93.537 E1202.17282
G0 F9000 X101.64 Y93.634
G1 F2700 X101.64 Y99.494 E1202.30243
G0 F9000 X101.36 Y99.494
G1 F2700 X101.36 Y93.705 E1202.43047
G0 F9000 X101.08 Y93.747
G1 F2700 X101.08 Y99.494 E1202.55758
G0 F9000 X100.8 Y99.494
G1 F2700 X100.8 Y93.775 E1202.68407
G0 F9000 X100.52 Y93.803
G1 F2700 X100.52 Y99.494 E1202.80995
G0 F9000 X100.24 Y99.504
G1 F2700 X100.24 Y93.793 E1202.93626
G0 F9000 X99.96 Y93.769
G1 F2700 X99.96 Y99.522 E1203.06351
G0 F9000 X99.68 Y99.541
G1 F2700 X99.68 Y93.744 E1203.19173
G0 F9000 X99.4 Y93.683
G1 F2700 X99.4 Y99.559 E1203.32169
G0 F9000 X99.12 Y99.578
G1 F2700 X99.12 Y93.582 E1203.45431
G0 F9000 X98.84 Y93.48
G1 F2700 X98.84 Y99.619 E1203.59009
G0 F9000 X98.56 Y99.665
G1 F2700 X98.56 Y93.372 E1203.72928
G0 F9000 X98.28 Y93.236
G1 F2700 X98.28 Y99.71 E1203.87247
G0 F9000 X98 Y99.78
G1 F2700 X98 Y93.032 E1204.02173
G0 F9000 X97.72 Y92.822
G1 F2700 X97.72 Y99.85 E1204.17717
G0 F9000 X97.44 Y99.921
G1 F2700 X97.44 Y92.603 E1204.33903
G0 F9000 X97.16 Y92.31
G1 F2700 X97.16 Y100.002 E1204.50916
G0 F9000 X96.88 Y100.098
G1 F2700 X96.88 Y91.972 E1204.68889
G0 F9000 X96.6 Y91.507
G1 F2700 X96.6 Y100.193 E1204.88101
G0 F9000 X96.32 Y100.297
G1 F2700 X96.32 Y90.84 E1205.09018
G0 F9000 X96.567 Y90.763
G0 X98.329 Y92.342
G0 X98.744 Y92.645
G0 X99.63 Y92.967
G0 X100.454 Y93.06
G0 X101.133 Y92.993
G0 X101.556 Y92.882
G0 X102.159 Y92.62
G0 X102.726 Y92.233
G0 X103.224 Y91.738
G0 X103.577 Y91.189
G0 X104.461 Y88.834
G0 X104.72 Y88.776
G1 F2700 X104.72 Y84.708 E1205.18016
G0 F9000 X104.44 Y84.708
G1 F2700 X104.44 Y87.787 E1205.24826
G0 F9000 X104.16 Y87.223
G1 F2700 X104.16 Y84.708 E1205.30388
G0 F9000 X103.88 Y84.708
G1 F2700 X103.88 Y86.826 E1205.35073
G0 F9000 X103.6 Y86.489
G1 F2700 X103.6 Y84.708 E1205.39012
G0 F9000 X103.32 Y84.708
G1 F2700 X103.32 Y86.216 E1205.42348
G0 F9000 X103.04 Y85.985
G1 F2700 X103.04 Y84.708 E1205.45172
G0 F9000 X102.76 Y84.708
G1 F2700 X102.76 Y85.804 E1205.47596
G0 F9000 X102.48 Y85.628
G1 F2700 X102.48 Y84.708 E1205.49631
G0 F9000 X102.2 Y84.708
G1 F2700 X102.2 Y85.502 E1205.51387
G0 F9000 X101.92 Y85.383
G1 F2700 X101.92 Y84.708 E1205.5288
G0 F9000 X101.64 Y84.708
G1 F2700 X101.64 Y85.288 E1205.54163
G0 F9000 X101.36 Y85.212
G1 F2700 X101.36 Y84.708 E1205.55278
G0 F9000 X101.08 Y84.708
G1 F2700 X101.08 Y85.174 E1205.56308
G0 F9000 X100.8 Y85.147
G1 F2700 X100.8 Y84.708 E1205.57279
G0 F9000 X100.52 Y84.708
G1 F2700 X100.52 Y85.12 E1205.58191
G0 F9000 X100.24 Y85.132
G1 F2700 X100.24 Y84.708 E1205.59128
G0 F9000 X99.96 Y84.708
G1 F2700 X99.96 Y85.151 E1205.60108
G0 F9000 X99.68 Y85.169
G1 F2700 X99.68 Y84.708 E1205.61128
G0 F9000 X99.4 Y84.708
G1 F2700 X99.4 Y85.254 E1205.62336
G0 F9000 X99.12 Y85.34
G1 F2700 X99.12 Y84.708 E1205.63733
G0 F9000 X98.84 Y84.708
G1 F2700 X98.84 Y85.429 E1205.65328
G0 F9000 X98.56 Y85.551
G1 F2700 X98.56 Y84.708 E1205.67193
G0 F9000 X98.28 Y84.708
G1 F2700 X98.28 Y85.702 E1205.69391
G0 F9000 X98 Y85.871
G1 F2700 X98 Y84.708 E1205.71964
G0 F9000 X97.72 Y84.708
G1 F2700 X97.72 Y86.084 E1205.75007
G0 F9000 X97.44 Y86.326
G1 F2700 X97.44 Y84.708 E1205.78586
G0 F9000 X97.16 Y84.708
G1 F2700 X97.16 Y86.609 E1205.8279
G0 F9000 X96.88 Y86.958
G1 F2700 X96.88 Y84.708 E1205.87767
G0 F9000 X96.6 Y84.708
G1 F2700 X96.6 Y87.436 E1205.93801
G0 F9000 X96.32 Y88.155
G1 F2700 X96.32 Y84.708 E1206.01425
G1 F2400 E1204.01425
G0 F9000 X96.321 Y84.446
G0 X97.381 Y84.546
G0 X99.181 Y99.754
G0 X105.192 Y100.324
G0 X105.961 Y100.593
G0 X106.606 Y100.999
G0 X107.068 Y101.436
G0 X107.442 Y101.924
G0 X107.778 Y102.683
G0 X107.917 Y103.106
G0 X107.988 Y103.742
G0 X107.991 Y122.745
G0 X107.937 Y123.328
G0 X107.721 Y124.078
G0 X107.437 Y124.637
G0 X106.946 Y125.254
G0 X106.673 Y125.48
G0 X104.694 Y126.772
G1 F1200 E1206.01425
G0 F9000 X104.72 Y127.033
G1 F2700 X104.72 Y129.933 E1206.07839
G0 F9000 X104.461 Y129.964
G0 X104.201 Y128.985
G0 X104.44 Y128.875
G1 F2700 X104.44 Y127.06 E1206.11853
G0 F9000 X104.16 Y127.06
G1 F2700 X104.16 Y128.317 E1206.14634
G0 F9000 X103.88 Y127.919
G1 F2700 X103.88 Y127.061 E1206.16531
G0 F9000 X103.6 Y127.061
G1 F2700 X103.6 Y127.572 E1206.17662
G0 F9000 X103.32 Y127.303
G1 F2700 X103.32 Y127.062 E1206.18195
G0 F9000 X103.32 Y126.799
G0 X102.442 Y126.889
G0 X103.093 Y127.426
G0 X104.463 Y131.166
G0 X104.72 Y131.22
G1 F2700 X104.72 Y135.291 E1206.27199
G0 F9000 X104.44 Y135.291
G1 F2700 X104.44 Y132.196 E1206.34044
G0 F9000 X104.16 Y132.753
G1 F2700 X104.16 Y135.291 E1206.39658
G0 F9000 X103.88 Y135.291
G1 F2700 X103.88 Y133.127 E1206.44444
G0 F9000 X103.6 Y133.498
G1 F2700 X103.6 Y135.291 E1206.4841
G0 F9000 X103.32 Y135.291
G1 F2700 X103.32 Y133.784 E1206.51743
G0 F9000 X103.04 Y134.016
G1 F2700 X103.04 Y135.291 E1206.54563
G0 F9000 X102.76 Y135.291
G1 F2700 X102.76 Y134.197 E1206.56983
G0 F9000 X102.48 Y134.373
G1 F2700 X102.48 Y135.291 E1206.59013
G0 F9000 X102.2 Y135.291
G1 F2700 X102.2 Y134.495 E1206.60774
G0 F9000 X101.92 Y134.617
G1 F2700 X101.92 Y135.291 E1206.62265
G0 F9000 X101.64 Y135.291
G1 F2700 X101.64 Y134.709 E1206.63552
G0 F9000 X101.36 Y134.782
G1 F2700 X101.36 Y135.291 E1206.64678
G0 F9000 X101.08 Y135.291
G1 F2700 X101.08 Y134.83 E1206.65697
G0 F9000 X100.8 Y134.863
G1 F2700 X100.8 Y135.291 E1206.66644
G0 F9000 X100.52 Y135.291
G1 F2700 X100.52 Y134.875 E1206.67564
G0 F9000 X100.24 Y134.866
G1 F2700 X100.24 Y135.291 E1206.68504
G0 F9000 X99.96 Y135.291
G1 F2700 X99.96 Y134.857 E1206.69464
G0 F9000 X99.68 Y134.814
G1 F2700 X99.68 Y135.291 E1206.70519
G0 F9000 X99.4 Y135.291
G1 F2700 X99.4 Y134.757 E1206.717
G0 F9000 X99.12 Y134.676
G1 F2700 X99.12 Y135.291 E1206.7306
G0 F9000 X98.84 Y135.291
G1 F2700 X98.84 Y134.57 E1206.74655
G0 F9000 X98.56 Y134.451
G1 F2700 X98.56 Y135.291 E1206.76513
G0 F9000 X98.28 Y135.291
G1 F2700 X98.28 Y134.299 E1206.78707
G0 F9000 X98 Y134.131
G1 F2700 X98 Y135.291 E1206.81273
G0 F9000 X97.72 Y135.291
G1 F2700 X97.72 Y133.928 E1206.84288
G0 F9000 X97.44 Y133.679
G1 F2700 X97.44 Y135.291 E1206.87853
G0 F9000 X97.16 Y135.291
G1 F2700 X97.16 Y133.388 E1206.92062
G0 F9000 X96.88 Y133.013
G1 F2700 X96.88 Y135.291 E1206.97101
G0 F9000 X96.6 Y135.291
G1 F2700 X96.6 Y132.582 E1207.03092
G0 F9000 X96.32 Y131.944
G1 F2700 X96.32 Y135.291 E1207.10495
G1 F2400 E1205.10495
G0 F9000 X96.32 Y135.555
G0 X97.225 Y135.455
G0 X97.859 Y133.805
G0 X97.02 Y131.675
G0 X96.848 Y130.848
G0 X96.879 Y129.925
G0 X97.158 Y129.117
G0 X98.133 Y127.172
G1 F1200 E1207.10495
G0 F9000 X98 Y126.948
G1 F2700 X98 Y126.774 E1207.1088
G0 F9000 X97.72 Y126.715
G1 F2700 X97.72 Y127.155 E1207.11853
G0 F9000 X97.44 Y127.405
G1 F2700 X97.44 Y126.633 E1207.13561
G0 F9000 X97.16 Y126.551
G1 F2700 X97.16 Y127.689 E1207.16078
G0 F9000 X96.88 Y128.075
G1 F2700 X96.88 Y126.458 E1207.19654
G0 F9000 X96.6 Y126.347
G1 F2700 X96.6 Y128.512 E1207.24443
G0 F9000 X96.32 Y129.245
G1 F2700 X96.32 Y126.237 E1207.31096
G1 F2400 E1205.31096
G0 F9000 X96.417 Y125.997
G0 X93.326 Y123.479
G0 X92.651 Y122.776
G0 X92.03 Y122.007
G0 X91.33 Y120.903
G0 X90.902 Y120.019
G0 X90.396 Y118.576
G0 X90.219 Y117.819
G0 X90.088 Y116.854
G0 X90.037 Y115.881
G0 X90.058 Y110.008
G0 X90.219 Y108.732
G0 X90.436 Y107.838
G0 X91.035 Y106.226
G0 X91.657 Y105.096
G0 X92.655 Y103.774
G0 X93.034 Y103.378
G0 X96.146 Y100.661
G1 F1200 E1207.31096
G0 F9000 X96.04 Y100.424
G1 F2700 X96.04 Y84.708 E1207.65856
G0 F9000 X95.76 Y84.708
G1 F2700 X95.76 Y100.552 E1208.009
G0 F9000 X95.48 Y100.679
G1 F2700 X95.48 Y84.708 E1208.36225
G0 F9000 X95.2 Y84.708
G1 F2700 X95.2 Y100.826 E1208.71875
G0 F9000 X94.92 Y100.983
G1 F2700 X94.92 Y84.708 E1209.07872
G0 F9000 X94.64 Y84.708
G1 F2700 X94.64 Y101.141 E1209.44218
G0 F9000 X94.36 Y101.32
G1 F2700 X94.36 Y84.711 E1209.80954
G0 F9000 X94.08 Y84.729
G1 F2700 X94.08 Y101.52 E1210.18092
G0 F9000 X93.8 Y101.721
G1 F2700 X93.8 Y84.748 E1210.55633
G0 F9000 X93.52 Y84.782
G1 F2700 X93.52 Y101.928 E1210.93557
G0 F9000 X93.24 Y102.166
G1 F2700 X93.24 Y84.831 E1211.31898
G0 F9000 X92.96 Y84.89
G1 F2700 X92.96 Y102.404 E1211.70636
G0 F9000 X92.68 Y102.664
G1 F2700 X92.68 Y84.971 E1212.09769
G0 F9000 X92.4 Y85.06
G1 F2700 X92.4 Y102.956 E1212.49351
G0 F9000 X92.12 Y103.248
G1 F2700 X92.12 Y85.161 E1212.89356
G0 F9000 X91.84 Y85.288
G1 F2700 X91.84 Y103.595 E1213.29848
G0 F9000 X91.56 Y103.942
G1 F2700 X91.56 Y85.431 E1213.7079
G0 F9000 X91.28 Y85.585
G1 F2700 X91.28 Y104.316 E1214.12219
G0 F9000 X91 Y104.737
G1 F2700 X91 Y85.773 E1214.54164
G0 F9000 X90.72 Y85.969
G1 F2700 X90.72 Y105.242 E1214.96792
G0 F9000 X90.44 Y105.751
G1 F2700 X90.44 Y86.208 E1215.40017
G0 F9000 X90.16 Y86.462
G1 F2700 X90.16 Y106.37 E1215.8405
G0 F9000 X89.88 Y107.142
G1 F2700 X89.88 Y86.766 E1216.29117
G0 F9000 X89.6 Y87.103
G1 F2700 X89.6 Y108.119 E1216.756
G0 F9000 X89.852 Y108.18
G0 X89.581 Y109.893
G0 X89.32 Y109.86
G1 F2700 X89.32 Y87.527 E1217.24996
G1 F2400 E1215.24996
G0 F9000 X89.098 Y87.387
G0 X88.966 Y87.816
G0 X92.886 Y102.714
G0 X91.035 Y106.226
G0 X90.436 Y107.838
G0 X90.219 Y108.732
G0 X90.058 Y110.008
G0 X90.037 Y115.881
G0 X90.088 Y116.854
G0 X90.219 Y117.819
G0 X90.546 Y119.094
G0 X90.902 Y120.019
G0 X91.33 Y120.903
G0 X92.03 Y122.007
G0 X92.651 Y122.776
G0 X93.033 Y123.173
G0 X96.138 Y125.886
G1 F1200 E1217.24996
G0 F9000 X96.04 Y126.126
G1 F2700 X96.04 Y135.291 E1217.45268
G0 F9000 X95.76 Y135.291
G1 F2700 X95.76 Y126.016 E1217.65782
G0 F9000 X95.48 Y125.869
G1 F2700 X95.48 Y135.291 E1217.86622
G0 F9000 X95.2 Y135.291
G1 F2700 X95.2 Y125.716 E1218.078
G0 F9000 X94.92 Y125.562
G1 F2700 X94.92 Y135.291 E1218.29318
G0 F9000 X94.64 Y135.291
G1 F2700 X94.64 Y125.409 E1218.51175
G0 F9000 X94.36 Y125.234
G1 F2700 X94.36 Y135.289 E1218.73415
G0 F9000 X94.08 Y135.275
G1 F2700 X94.08 Y125.035 E1218.96064
G0 F9000 X93.8 Y124.837
G1 F2700 X93.8 Y135.25 E1219.19095
G0 F9000 X93.52 Y135.205
G1 F2700 X93.52 Y124.618 E1219.42511
G0 F9000 X93.24 Y124.384
G1 F2700 X93.24 Y135.159 E1219.66344
G0 F9000 X92.96 Y135.113
G1 F2700 X92.96 Y124.149 E1219.90594
G0 F9000 X92.68 Y123.893
G1 F2700 X92.68 Y135.037 E1220.15242
G0 F9000 X92.4 Y134.942
G1 F2700 X92.4 Y123.601 E1220.40326
G0 F9000 X92.12 Y123.306
G1 F2700 X92.12 Y134.838 E1220.65832
G0 F9000 X91.84 Y134.708
G1 F2700 X91.84 Y122.961 E1220.91814
G0 F9000 X91.56 Y122.615
G1 F2700 X91.56 Y134.578 E1221.18274
G0 F9000 X91.28 Y134.408
G1 F2700 X91.28 Y122.224 E1221.45223
G0 F9000 X91 Y121.783
G1 F2700 X91 Y134.237 E1221.72769
G0 F9000 X90.72 Y134.018
G1 F2700 X90.72 Y121.342 E1222.00805
G0 F9000 X90.44 Y120.78
G1 F2700 X90.44 Y133.789 E1222.29579
G0 F9000 X90.16 Y133.531
G1 F2700 X90.16 Y120.18 E1222.59108
G0 F9000 X89.88 Y119.451
G1 F2700 X89.88 Y133.239 E1222.89605
G0 F9000 X89.6 Y132.882
G1 F2700 X89.6 Y118.464 E1223.21494
G0 F9000 X89.855 Y118.406
G0 X89.582 Y116.52
G0 X89.32 Y116.533
G1 F2700 X89.32 Y132.456 E1223.56713
G0 F9000 X89.04 Y131.914
G1 F2700 X89.04 Y88.031 E1224.53773
G0 F9000 X88.76 Y88.711
G1 F2700 X88.76 Y131.285 E1225.47938
G0 F9000 X88.51 Y131.373
G0 X88.222 Y130.264
G0 X88.48 Y130.22
G1 F2700 X88.48 Y89.912 E1226.37092
G0 F9000 X88.192 Y89.864
G1 F2400 E1224.37092
;MESH:NONMESH
G0 F600 X88.192 Y89.864 Z1.88
G0 F9000 X88.251 Y91.228
G0 X97.036 Y91.875
G0 X99.633 Y93.321
;TIME_ELAPSED:1218.471701
;LAYER:8
;TYPE:WALL-INNER
;MESH:DoorStrikePlate.stl
G1 F1200 E1226.37092
G1 F3900 X98.615 Y92.959 E1226.41359
G1 X97.808 Y92.386 E1226.45268
G1 X97.266 Y91.806 E1226.48403
G1 X96.987 Y91.368 E1226.50454
G1 X96.667 Y90.614 E1226.5369
G1 X96.54 Y89.966 E1226.56298
G1 X96.521 Y89.817 E1226.56891
G1 X96.543 Y88.899 E1226.60518
G1 X96.581 Y88.681 E1226.61392
G1 X96.876 Y87.798 E1226.65069
G1 X97.229 Y87.169 E1226.67918
G1 X97.574 Y86.753 E1226.70052
G1 X98.11 Y86.294 E1226.72839
G1 X98.318 Y86.15 E1226.73838
G1 X98.86 Y85.855 E1226.76276
G1 X99.807 Y85.567 E1226.80185
G1 X100.531 Y85.531 E1226.83048
G1 X101.196 Y85.598 E1226.85688
G1 X101.67 Y85.725 E1226.87626
G1 X102.268 Y85.983 E1226.90199
G1 X102.824 Y86.331 E1226.92789
G1 X103.241 Y86.705 E1226.95002
G1 X103.665 Y87.224 E1226.97649
G1 X103.813 Y87.455 E1226.98732
G1 X104.084 Y88.008 E1227.01164
G1 X104.176 Y88.267 E1227.0225
G1 X104.341 Y88.981 E1227.05144
G1 X104.348 Y89.897 E1227.08762
G1 X104.207 Y90.554 E1227.11416
G1 X103.962 Y91.212 E1227.14189
G1 X103.486 Y91.951 E1227.17661
G1 X102.957 Y92.479 E1227.20613
G1 X102.276 Y92.937 E1227.23855
G1 X101.663 Y93.201 E1227.26491
G1 X101.192 Y93.322 E1227.28412
G1 X100.498 Y93.396 E1227.31168
G1 X99.633 Y93.321 E1227.34597
G0 F9000 X101.557 Y92.882
G0 X102.118 Y92.638
G0 X102.753 Y92.209
G0 X103.225 Y91.736
G0 X103.661 Y91.06
G0 X103.882 Y90.476
G0 X104.011 Y89.864
G0 X104.011 Y89.405
G0 X103.891 Y88.255
G0 X103.672 Y88.304
G1 F3900 X103.844 Y89.072 E1227.37706
G1 X103.847 Y89.848 E1227.40771
G1 X103.726 Y90.419 E1227.43076
G1 X103.511 Y90.99 E1227.45486
G1 X103.102 Y91.621 E1227.48456
G1 X102.643 Y92.087 E1227.51039
G1 X102.038 Y92.494 E1227.53919
G1 X101.499 Y92.727 E1227.56239
G1 X101.105 Y92.829 E1227.57846
G1 X100.487 Y92.894 E1227.603
G1 X99.72 Y92.822 E1227.63343
G1 X98.842 Y92.51 E1227.67023
G1 X98.119 Y91.994 E1227.70532
G1 X97.661 Y91.497 E1227.73201
G1 X97.432 Y91.138 E1227.74883
G1 X97.14 Y90.438 E1227.77878
G1 X97.031 Y89.875 E1227.80143
G1 X97.021 Y89.788 E1227.80489
G1 X97.044 Y88.873 E1227.84104
G1 X97.323 Y88.035 E1227.87593
G1 X97.642 Y87.454 E1227.90211
G1 X97.936 Y87.102 E1227.92022
G1 X98.491 Y86.625 E1227.94912
G1 X99.053 Y86.319 E1227.9744
G1 X99.897 Y86.068 E1228.00918
G1 X100.493 Y86.03 E1228.03276
G1 X101.111 Y86.093 E1228.0573
G1 X101.505 Y86.197 E1228.07339
G1 X102.032 Y86.426 E1228.09609
G1 X102.525 Y86.735 E1228.11907
G1 X102.883 Y87.057 E1228.13809
G1 X103.329 Y87.604 E1228.16596
G1 X103.672 Y88.304 E1228.19675
G1 F2400 E1226.19675
G0 F9000 X103.891 Y88.255
G0 X103.469 Y87.516
G0 X103 Y86.944
G0 X102.622 Y86.603
G0 X102.111 Y86.282
G0 X101.557 Y86.041
G0 X101.136 Y85.931
G0 X100.503 Y85.867
G0 X99.869 Y85.901
G0 X98.99 Y86.168
G0 X98.655 Y86.35
G0 X97.723 Y87.008
G1 F1200 E1228.19675
G0 F9000 X98.258 Y87.456
;TYPE:WALL-OUTER
G1 F3000 X98.784 Y87.007 E1228.22133
G1 X99.26 Y86.753 E1228.24051
G1 X99.977 Y86.534 E1228.26716
G1 X100.482 Y86.508 E1228.28514
G1 X101.042 Y86.566 E1228.30515
G1 X101.363 Y86.654 E1228.31698
G1 X101.795 Y86.841 E1228.33371
G1 X102.252 Y87.128 E1228.3529
G1 X102.547 Y87.397 E1228.36709
G1 X102.927 Y87.862 E1228.38843
G1 X103.22 Y88.459 E1228.41207
G1 X103.371 Y89.123 E1228.43628
G1 X103.371 Y89.796 E1228.4602
G1 X103.272 Y90.277 E1228.47766
G1 X103.074 Y90.792 E1228.49727
G1 X102.728 Y91.328 E1228.51995
G1 X102.349 Y91.71 E1228.53908
G1 X101.822 Y92.068 E1228.56172
G1 X101.363 Y92.269 E1228.57954
G1 X101.023 Y92.361 E1228.59206
G1 X100.463 Y92.415 E1228.61206
G1 X99.831 Y92.357 E1228.63462
G1 X99.044 Y92.073 E1228.66436
G1 X98.443 Y91.641 E1228.69067
G1 X98.028 Y91.188 E1228.7125
G1 X97.846 Y90.897 E1228.72471
G1 X97.589 Y90.277 E1228.74856
G1 X97.498 Y89.788 E1228.76624
G1 X97.515 Y88.957 E1228.79579
G1 X97.773 Y88.192 E1228.82449
G1 X98.026 Y87.741 E1228.84287
G1 X98.258 Y87.456 E1228.85593
G0 F9000 X98.41 Y87.327
G1 F2400 E1226.85593
G0 F9000 X97.952 Y86.795
G0 X98.99 Y86.168
G0 X99.869 Y85.901
G0 X100.503 Y85.867
G0 X101.136 Y85.931
G0 X103.842 Y87.077
G0 X126.792 Y84.902
G0 X129.136 Y85.162
;TYPE:WALL-INNER
G1 F1200 E1228.85593
G1 F3900 X126.535 Y84.589 E1228.96113
G1 X125.667 Y84.589 E1228.99541
G1 X124.896 Y84.403 E1229.02673
G1 X124.24 Y84.315 E1229.05288
G1 X123.884 Y84.297 E1229.06695
G1 X94.407 Y84.295 E1230.23119
G1 X93.601 Y84.347 E1230.26309
G1 X93.237 Y84.41 E1230.27768
G1 X92.762 Y84.507 E1230.29683
G1 X92.294 Y84.658 E1230.31625
G1 X91.846 Y84.82 E1230.33507
G1 X91.132 Y85.186 E1230.36676
G1 X90.516 Y85.601 E1230.39609
G1 X89.924 Y86.108 E1230.42688
G1 X89.423 Y86.653 E1230.45612
G1 X89.168 Y86.989 E1230.47278
G1 X88.825 Y87.54 E1230.49841
G1 X88.48 Y88.25 E1230.52959
G1 X88.218 Y89.009 E1230.5613
G1 X88.033 Y90.077 E1230.60411
G1 X88.009 Y90.421 E1230.61773
G1 X88 Y90.678 E1230.62789
G1 X88.001 Y129.311 E1232.15375
G1 X88.067 Y130.286 E1232.19235
G1 X88.236 Y131.048 E1232.22318
G1 X88.495 Y131.78 E1232.25385
G1 X88.829 Y132.403 E1232.28177
G1 X88.933 Y132.623 E1232.29138
G1 X89.176 Y133.02 E1232.30976
G1 X89.566 Y133.511 E1232.33453
G1 X90.009 Y133.975 E1232.35986
G1 X90.709 Y134.544 E1232.39549
G1 X91.367 Y134.948 E1232.42599
G1 X92.027 Y135.253 E1232.45471
G1 X92.768 Y135.504 E1232.48561
G1 X93.26 Y135.578 E1232.50526
G1 X93.841 Y135.678 E1232.52854
G1 X94.386 Y135.704 E1232.55009
G1 X123.968 Y135.705 E1233.71848
G1 X124.704 Y135.632 E1233.74769
G1 X125.248 Y135.511 E1233.7697
G1 X125.896 Y135.508 E1233.79529
G1 X129.136 Y134.165 E1233.93382
G1 X129.136 Y85.162 E1235.86926
G0 F9000 X129.636 Y84.761
G1 F3900 X126.589 Y84.089 E1235.9925
G1 X125.724 Y84.084 E1236.02666
G1 X124.988 Y83.911 E1236.05653
G1 X124.286 Y83.816 E1236.0845
G1 X123.897 Y83.797 E1236.09989
G1 X94.391 Y83.795 E1237.26527
G1 X93.543 Y83.85 E1237.29883
G1 X93.092 Y83.929 E1237.31692
G1 X92.635 Y84.023 E1237.33534
G1 X92.133 Y84.185 E1237.35618
G1 X91.646 Y84.36 E1237.37662
G1 X90.878 Y84.755 E1237.41073
G1 X90.212 Y85.202 E1237.44241
G1 X89.576 Y85.748 E1237.47551
G1 X89.039 Y86.332 E1237.50685
G1 X88.756 Y86.706 E1237.52537
G1 X88.389 Y87.294 E1237.55275
G1 X88.254 Y87.56 E1237.56453
G1 X88.017 Y88.06 E1237.58638
G1 X87.732 Y88.884 E1237.62082
G1 X87.535 Y90.017 E1237.66624
G1 X87.5 Y90.669 E1237.69203
G1 X87.501 Y129.328 E1239.21892
G1 X87.564 Y130.27 E1239.25621
G1 X87.609 Y130.528 E1239.26656
G1 X87.738 Y131.138 E1239.29118
G1 X88.037 Y131.983 E1239.32658
G1 X88.377 Y132.617 E1239.355
G1 X88.493 Y132.862 E1239.3657
G1 X88.766 Y133.307 E1239.38632
G1 X89.188 Y133.839 E1239.41314
G1 X89.669 Y134.343 E1239.44066
G1 X90.419 Y134.953 E1239.47884
G1 X91.13 Y135.39 E1239.51181
G1 X91.842 Y135.718 E1239.54277
G1 X92.513 Y135.946 E1239.57076
G1 X92.768 Y136.01 E1239.58114
G1 X93.787 Y136.175 E1239.62191
G1 X94.374 Y136.204 E1239.64513
G1 X124.003 Y136.205 E1240.81536
G1 X124.783 Y136.126 E1240.84633
G1 X125.307 Y136.01 E1240.86753
G1 X125.995 Y136.008 E1240.8947
G1 X129.636 Y134.499 E1241.05037
G1 X129.636 Y84.761 E1243.01484
G0 F9000 X130.111 Y84.379
;TYPE:WALL-OUTER
G1 F3000 X126.641 Y83.614 E1243.14115
G1 X125.783 Y83.613 E1243.17165
G1 X125.076 Y83.444 E1243.19749
G1 X124.33 Y83.343 E1243.22425
G1 X123.909 Y83.322 E1243.23923
G1 X94.376 Y83.32 E1244.28903
G1 X93.487 Y83.377 E1244.3207
G1 X92.997 Y83.463 E1244.33838
G1 X92.514 Y83.562 E1244.35591
G1 X91.979 Y83.735 E1244.3759
G1 X91.456 Y83.923 E1244.39565
G1 X90.636 Y84.345 E1244.42844
G1 X89.924 Y84.823 E1244.45892
G1 X89.245 Y85.406 E1244.49073
G1 X88.673 Y86.027 E1244.52074
G1 X88.364 Y86.436 E1244.53896
G1 X87.975 Y87.06 E1244.5651
G1 X87.828 Y87.351 E1244.57669
G1 X87.576 Y87.881 E1244.59755
G1 X87.271 Y88.765 E1244.63079
G1 X87.063 Y89.96 E1244.67391
G1 X87.035 Y90.372 E1244.68859
G1 X87.025 Y90.66 E1244.69883
G1 X87.026 Y129.344 E1246.07393
G1 X87.096 Y130.384 E1246.11098
G1 X87.278 Y131.262 E1246.14285
G1 X87.601 Y132.176 E1246.17731
G1 X87.948 Y132.821 E1246.20334
G1 X88.075 Y133.088 E1246.21385
G1 X88.375 Y133.579 E1246.23431
G1 X88.829 Y134.152 E1246.26029
G1 X89.346 Y134.693 E1246.2869
G1 X90.144 Y135.342 E1246.32346
G1 X90.906 Y135.81 E1246.35525
G1 X91.665 Y136.159 E1246.38494
G1 X92.378 Y136.402 E1246.41172
G1 X92.675 Y136.476 E1246.4226
G1 X93.735 Y136.648 E1246.46077
G1 X94.362 Y136.679 E1246.48309
G1 X123.845 Y136.68 E1247.53111
G1 X124.114 Y136.671 E1247.54068
G1 X124.859 Y136.596 E1247.56729
G1 X125.392 Y136.483 E1247.58666
G1 X126.09 Y136.483 E1247.61147
G1 X130.106 Y134.815 E1247.76605
G1 X130.111 Y84.379 E1249.55889
G0 F9000 X129.916 Y84.336
G1 F2400 E1247.55889
G0 F9000 X129.434 Y84.922
G0 X128.631 Y85.275
G0 X107.237 Y125.75
G0 X105.38 Y126.182
G0 X100.845 Y126.648
;TYPE:WALL-INNER
G1 F1200 E1249.55889
G1 F3907.8 X101.987 Y126.949 E1249.60544
G1 F3900 X102.315 Y127.091 E1249.61956
G1 X102.843 Y127.42 E1249.64413
G1 X103.367 Y127.918 E1249.67268
G1 X103.856 Y128.594 E1249.70563
G1 X104.122 Y129.174 E1249.73084
G1 X104.268 Y129.665 E1249.75107
G1 X104.357 Y130.336 E1249.7778
G1 X104.345 Y130.98 E1249.80324
G1 X104.206 Y131.649 E1249.83023
G1 X103.958 Y132.299 E1249.85771
G1 X103.767 Y132.63 E1249.8728
G1 X103.356 Y133.143 E1249.89876
G1 X103.174 Y133.351 E1249.90968
G1 X102.826 Y133.668 E1249.92827
G1 X102.269 Y134.016 E1249.95421
G1 X101.665 Y134.278 E1249.98022
G1 X101.191 Y134.399 E1249.99954
G1 X100.574 Y134.47 E1250.02407
G1 X99.931 Y134.441 E1250.04949
G1 X99.413 Y134.344 E1250.0703
G1 X98.749 Y134.094 E1250.09833
G1 X98.069 Y133.687 E1250.12963
G1 X97.525 Y133.197 E1250.15855
G1 X97.078 Y132.583 E1250.18854
G1 X96.946 Y132.354 E1250.19898
G1 X96.712 Y131.81 E1250.22237
G1 X96.518 Y130.995 E1250.25546
G1 X96.542 Y129.987 E1250.29528
G1 X96.579 Y129.765 E1250.30417
G1 X96.88 Y128.853 E1250.3421
G1 X97.484 Y127.917 E1250.3861
G1 X98.068 Y127.393 E1250.41709
G1 X98.683 Y127.022 E1250.44546
G1 X98.951 Y126.904 E1250.45703
G1 F3876.7 X99.67 Y126.683 E1250.48691
G1 F3808.6 X99.956 Y126.627 E1250.4987
G1 F3801.2 X99.11 Y126.562 E1250.53308
G1 F3853.8 X98.449 Y126.435 E1250.55999
G1 F3884.5 X97.788 Y126.307 E1250.58669
G1 F3900 X97.056 Y126.086 E1250.61689
G1 X95.883 Y125.619 E1250.66675
G1 X94.707 Y124.971 E1250.71978
G1 X93.839 Y124.351 E1250.76191
G1 X93.091 Y123.723 E1250.80049
G1 X92.364 Y122.957 E1250.8422
G1 X91.756 Y122.202 E1250.88049
G1 X91.036 Y121.069 E1250.93351
G1 X90.577 Y120.109 E1250.97554
G1 X90.212 Y119.155 E1251.01588
G1 X90.044 Y118.563 E1251.04018
G1 X89.883 Y117.857 E1251.06878
G1 X89.75 Y116.837 E1251.10941
G1 X89.702 Y115.923 E1251.14556
G1 X89.701 Y110.692 E1251.35217
G1 X89.72 Y110.039 E1251.37797
G1 X89.885 Y108.679 E1251.43208
G1 X90.112 Y107.758 E1251.46954
G1 X90.424 Y106.805 E1251.50915
G1 X90.763 Y106.02 E1251.54292
G1 X91.343 Y104.967 E1251.5904
G1 X91.728 Y104.389 E1251.61783
G1 X92.371 Y103.589 E1251.65837
G1 X93.093 Y102.831 E1251.69972
G1 X93.917 Y102.14 E1251.74219
G1 X94.71 Y101.575 E1251.78065
G1 X95.565 Y101.094 E1251.81939
G1 X96.515 Y100.66 E1251.86065
G1 X97.442 Y100.345 E1251.89931
G1 X98.38 Y100.112 E1251.93749
G1 X99.08 Y99.996 E1251.96551
G1 X100.418 Y99.906 E1252.01848
G1 X104.414 Y99.904 E1252.17631
G1 X105.251 Y99.994 E1252.20956
G1 X106.095 Y100.289 E1252.24487
G1 X106.832 Y100.747 E1252.27914
G1 X107.323 Y101.216 E1252.30596
G1 X107.738 Y101.758 E1252.33292
G1 X108.026 Y102.346 E1252.35878
G1 X108.237 Y102.981 E1252.38521
G1 X108.325 Y103.754 E1252.41594
G1 X108.328 Y122.706 E1253.16447
G1 X108.27 Y123.383 E1253.19131
G1 X108.021 Y124.23 E1253.22618
G1 X107.7 Y124.846 E1253.25361
G1 X107.186 Y125.493 E1253.28625
G1 X106.655 Y125.933 E1253.31349
G1 X105.892 Y126.348 E1253.34779
G1 F3907.8 X105.238 Y126.562 E1253.37492
G1 X104.455 Y126.648 E1253.40596
G1 F3915.7 X100.845 Y126.648 E1253.54798
G0 F9000 X102.632 Y127.688
G0 X103.112 Y128.139
G0 X103.559 Y128.76
G0 X103.943 Y129.739
G0 X104.023 Y130.364
G0 X104.011 Y130.89
G0 X103.676 Y132.225
G0 X103.491 Y132.121
G1 F3900 X103.379 Y132.314 E1253.55679
G1 X102.832 Y132.987 E1253.59104
G1 X102.526 Y133.265 E1253.60737
G1 X102.032 Y133.574 E1253.63039
G1 X101.502 Y133.804 E1253.65321
G1 X101.105 Y133.906 E1253.66939
G1 X100.559 Y133.968 E1253.6911
G1 X99.982 Y133.943 E1253.71391
G1 X99.55 Y133.861 E1253.73128
G1 X98.965 Y133.641 E1253.75596
G1 X98.365 Y133.281 E1253.7836
G1 X97.9 Y132.862 E1253.80832
G1 X97.435 Y132.224 E1253.8395
G1 X97.186 Y131.646 E1253.86436
G1 X97.037 Y131.018 E1253.88985
G1 X97.019 Y130.893 E1253.89484
G1 X97.043 Y129.948 E1253.93217
G1 X97.333 Y129.077 E1253.96843
G1 X97.857 Y128.26 E1254.00677
G1 X98.366 Y127.797 E1254.03394
G1 X99.013 Y127.408 E1254.06376
G1 X99.898 Y127.139 E1254.1003
G1 X100.62 Y127.104 E1254.12885
G1 X101.96 Y127.459 E1254.1836
G1 X102.534 Y127.818 E1254.21034
G1 X102.987 Y128.246 E1254.23495
G1 X103.422 Y128.848 E1254.26429
G1 X103.665 Y129.374 E1254.28717
G1 X103.779 Y129.769 E1254.30341
G1 X103.854 Y130.325 E1254.32557
G1 X103.846 Y130.926 E1254.34931
G1 X103.725 Y131.507 E1254.37275
G1 X103.491 Y132.121 E1254.3987
G1 F2400 E1252.3987
G0 F9000 X103.676 Y132.225
G0 X103.029 Y133.029
G0 X102.622 Y133.397
G0 X102.111 Y133.718
G0 X101.557 Y133.959
G0 X100.567 Y134.132
G0 X99.964 Y134.106
G0 X99.506 Y134.018
G0 X98.897 Y133.79
G0 X98.271 Y133.415
G0 X97.776 Y132.971
G0 X97.296 Y132.31
G0 X97.032 Y131.708
G0 X96.721 Y130.364
G0 X96.843 Y129.794
G1 F1200 E1254.3987
G0 F9000 X97.516 Y130.034
;TYPE:WALL-OUTER
G1 F3000 X97.768 Y129.277 E1254.42706
G1 X98.234 Y128.553 E1254.45767
G1 X98.643 Y128.186 E1254.4772
G1 X99.207 Y127.845 E1254.50063
G1 X99.983 Y127.611 E1254.52944
G1 X100.565 Y127.582 E1254.55015
G1 X101.77 Y127.901 E1254.59446
G1 X102.258 Y128.211 E1254.61501
G1 X102.64 Y128.577 E1254.63382
G1 X102.995 Y129.067 E1254.65533
G1 X103.216 Y129.537 E1254.67379
G1 X103.315 Y129.868 E1254.68607
G1 X103.383 Y130.396 E1254.70499
G1 X103.368 Y130.892 E1254.72263
G1 X103.262 Y131.388 E1254.74066
G1 X103.034 Y131.985 E1254.76338
G1 X102.597 Y132.522 E1254.78799
G1 X102.518 Y132.63 E1254.79274
G1 X102.253 Y132.871 E1254.80548
G1 X101.795 Y133.159 E1254.82471
G1 X101.331 Y133.357 E1254.84264
G1 X101.023 Y133.438 E1254.85396
G1 X100.563 Y133.49 E1254.87042
G1 X100.024 Y133.467 E1254.8896
G1 X99.699 Y133.406 E1254.90135
G1 X99.156 Y133.201 E1254.92198
G1 X98.669 Y132.91 E1254.94215
G1 X98.271 Y132.557 E1254.96106
G1 X97.851 Y131.988 E1254.9862
G1 X97.645 Y131.514 E1255.00457
G1 X97.5 Y130.908 E1255.02672
G1 X97.494 Y130.868 E1255.02816
G1 X97.516 Y130.034 E1255.05781
G0 F9000 X97.579 Y129.845
G0 X96.91 Y129.606
G0 X97.194 Y128.99
G0 X97.74 Y128.138
G0 X98.273 Y127.661
G0 X98.946 Y127.257
G0 X99.871 Y126.977
G0 X105.173 Y126.231
G0 X105.766 Y126.037
G0 X106.971 Y125.311
G0 X106.827 Y125.136
;TYPE:WALL-INNER
G1 F3900 X106.372 Y125.515 E1255.0812
G1 X105.72 Y125.874 E1255.1106
G1 X105.135 Y126.07 E1255.13497
G1 X104.455 Y126.145 E1255.16199
G1 X100.483 Y126.149 E1255.31887
G1 X99.145 Y126.06 E1255.37183
G1 X97.929 Y125.827 E1255.42073
G1 X97.24 Y125.621 E1255.44913
G1 X96.098 Y125.168 E1255.49766
G1 X94.976 Y124.549 E1255.54827
G1 X94.206 Y124.003 E1255.58555
G1 X93.41 Y123.332 E1255.62667
G1 X92.753 Y122.643 E1255.66427
G1 X92.188 Y121.942 E1255.69983
G1 X91.493 Y120.856 E1255.75076
G1 X91.065 Y119.979 E1255.7893
G1 X90.713 Y119.078 E1255.82751
G1 X90.531 Y118.451 E1255.85329
G1 X90.371 Y117.742 E1255.882
G1 X90.249 Y116.81 E1255.91913
G1 X90.201 Y115.896 E1255.95527
G1 X90.201 Y110.692 E1256.16081
G1 X90.225 Y109.989 E1256.1886
G1 X90.375 Y108.802 E1256.23585
G1 X90.613 Y107.824 E1256.27561
G1 X90.92 Y106.907 E1256.3138
G1 X91.171 Y106.323 E1256.33891
G1 X91.781 Y105.209 E1256.38907
G1 X92.143 Y104.669 E1256.41475
G1 X92.799 Y103.859 E1256.45591
G1 X93.413 Y103.22 E1256.49092
G1 X94.207 Y102.547 E1256.53203
G1 X95.008 Y101.981 E1256.57076
G1 X95.81 Y101.53 E1256.6071
G1 X96.699 Y101.125 E1256.64569
G1 X97.583 Y100.825 E1256.68256
G1 X98.552 Y100.587 E1256.72197
G1 X99.159 Y100.49 E1256.74625
G1 X100.45 Y100.405 E1256.79735
G1 X104.4 Y100.404 E1256.95336
G1 X105.148 Y100.487 E1256.98308
G1 X105.879 Y100.741 E1257.01365
G1 X106.519 Y101.14 E1257.04344
G1 X106.949 Y101.553 E1257.06698
G1 X107.308 Y102.018 E1257.09019
G1 X107.564 Y102.536 E1257.11301
G1 X107.752 Y103.115 E1257.13705
G1 X107.826 Y103.782 E1257.16356
G1 X107.828 Y122.706 E1257.91099
G1 X107.767 Y123.326 E1257.93559
G1 X107.566 Y124.021 E1257.96417
G1 X107.295 Y124.546 E1257.9875
G1 X106.827 Y125.136 E1258.01725
G0 F9000 X106.487 Y124.805
;TYPE:WALL-OUTER
G1 F3000 X106.115 Y125.114 E1258.03444
G1 X105.52 Y125.443 E1258.05861
G1 X105.048 Y125.599 E1258.07628
G1 X104.403 Y125.672 E1258.09935
G1 X100.478 Y125.673 E1258.23887
G1 X99.233 Y125.593 E1258.28322
G1 X98.062 Y125.371 E1258.32559
G1 X97.415 Y125.18 E1258.34957
G1 X96.29 Y124.733 E1258.3926
G1 X95.237 Y124.152 E1258.43535
G1 X94.467 Y123.605 E1258.46892
G1 X93.753 Y123.003 E1258.50212
G1 X93.123 Y122.345 E1258.5345
G1 X92.558 Y121.644 E1258.56651
G1 X91.882 Y120.578 E1258.61138
G1 X91.486 Y119.756 E1258.64381
G1 X91.149 Y118.887 E1258.67694
G1 X90.994 Y118.345 E1258.69698
G1 X90.842 Y117.679 E1258.72126
G1 X90.725 Y116.803 E1258.75268
G1 X90.676 Y115.871 E1258.78585
G1 X90.676 Y110.692 E1258.96995
G1 X90.696 Y110.048 E1258.99285
G1 X90.846 Y108.861 E1259.03538
G1 X91.064 Y107.974 E1259.06785
G1 X91.357 Y107.095 E1259.10079
G1 X91.617 Y106.491 E1259.12416
G1 X92.208 Y105.42 E1259.16764
G1 X92.536 Y104.935 E1259.18846
G1 X93.141 Y104.189 E1259.2226
G1 X93.772 Y103.534 E1259.25493
G1 X94.483 Y102.934 E1259.288
G1 X95.241 Y102.395 E1259.32106
G1 X96.043 Y101.944 E1259.35377
G1 X96.885 Y101.562 E1259.38663
G1 X97.726 Y101.278 E1259.41819
G1 X98.627 Y101.056 E1259.45117
G1 X99.255 Y100.957 E1259.47377
G1 X100.48 Y100.879 E1259.51741
G1 X104.406 Y100.88 E1259.65696
G1 X105.038 Y100.953 E1259.67958
G1 X105.657 Y101.165 E1259.70283
G1 X106.225 Y101.517 E1259.72659
G1 X106.595 Y101.87 E1259.74477
G1 X106.889 Y102.25 E1259.76184
G1 X107.124 Y102.715 E1259.78036
G1 X107.282 Y103.2 E1259.7985
G1 X107.351 Y103.808 E1259.82025
G1 X107.353 Y122.706 E1260.49201
G1 X107.301 Y123.231 E1260.51076
G1 X107.13 Y123.821 E1260.5326
G1 X106.894 Y124.291 E1260.55129
G1 X106.487 Y124.805 E1260.5746
G0 F9000 X106.333 Y124.932
G0 X106.78 Y125.471
G0 X105.766 Y126.037
G0 X105.287 Y126.193
G0 X100.845 Y126.648
;TYPE:WALL-INNER
G1 F4071 X100.538 Y126.628 E1260.58624
G1 F4113.9 X100.247 Y126.628 E1260.59714
G1 F3876.7 X99.956 Y126.627 E1260.6087
G1 F2400 E1258.6087
G0 F9000 X101.635 Y127.178
G0 X103.766 Y128.078
G0 X120.45 Y135.495
G0 X124.374 Y135.454
G0 X125.853 Y135.297
G0 X128.641 Y134.135
G0 X128.747 Y133.906
;TYPE:FILL
G1 F1200 E1260.6087
G1 F6035.3 X128.743 Y85.478 E1261.90936
G0 F9000 X126.915 Y84.891
G0 X125.34 Y84.665
G0 X125.283 Y84.899
;TYPE:SKIN
G1 F2700 X124.822 Y84.787 E1261.91985
G1 X124.203 Y84.704 E1261.93366
G1 X123.875 Y84.687 E1261.94093
G1 X101.883 Y84.686 E1262.42735
G1 F2430.9 X101.591 Y84.717 E1262.43456
G1 F2026.8 X101.298 Y84.748 E1262.44324
G1 F1899.5 X101.038 Y84.742 E1262.45142
G1 F1958.5 X100.778 Y84.736 E1262.45935
G1 F2026.8 X100.518 Y84.73 E1262.46701
G1 F2043.2 X100.242 Y84.732 E1262.47508
G1 F2000 X99.967 Y84.736 E1262.48329
G1 F1958.5 X99.692 Y84.74 E1262.49168
G1 F2037.7 X99.378 Y84.722 E1262.50089
G1 F2256.7 X99.062 Y84.704 E1262.50927
G1 F2536.9 X98.747 Y84.686 E1262.5167
G1 F2700 X94.421 Y84.685 E1262.61238
G1 X93.649 Y84.736 E1262.62949
G1 X93.309 Y84.794 E1262.63712
G1 X92.86 Y84.886 E1262.64726
G1 X92.468 Y85.011 E1262.65636
G1 X92.003 Y85.179 E1262.66729
G1 X91.331 Y85.524 E1262.684
G1 X90.751 Y85.912 E1262.69943
G1 X90.195 Y86.389 E1262.71564
G1 X89.717 Y86.909 E1262.73126
G1 X89.49 Y87.212 E1262.73963
G1 X89.165 Y87.731 E1262.75318
G1 X88.842 Y88.4 E1262.76961
G1 X88.599 Y89.106 E1262.78612
G1 X88.421 Y90.124 E1262.80898
G1 X88.39 Y90.686 E1262.82143
G1 X88.392 Y129.296 E1263.67541
G1 X88.453 Y130.221 E1263.69591
G1 X88.608 Y130.924 E1263.71183
G1 X88.853 Y131.62 E1263.72815
G1 X89.182 Y132.234 E1263.74356
G1 X89.279 Y132.438 E1263.74856
G1 X89.497 Y132.794 E1263.75779
G1 X89.859 Y133.252 E1263.7707
G1 X90.274 Y133.685 E1263.78397
G1 X90.937 Y134.225 E1263.80288
G1 X91.552 Y134.602 E1263.81883
G1 X92.173 Y134.888 E1263.83396
G1 X92.855 Y135.121 E1263.8499
G1 X93.886 Y135.289 E1263.873
G1 X94.395 Y135.314 E1263.88427
G1 X96.894 Y135.313 E1263.93955
G1 F2690.4 X99.393 Y135.312 E1263.99502
G1 F2270.3 X99.832 Y135.261 E1264.00664
G1 F1994.7 X100.21 Y135.266 E1264.01796
G1 F2037.7 X100.588 Y135.271 E1264.02904
G1 F2005.3 X100.962 Y135.26 E1264.04018
G1 F1894.7 X101.337 Y135.248 E1264.05201
G1 F2005.3 X101.595 Y135.28 E1264.05975
G1 F2423.1 X101.854 Y135.313 E1264.06618
G1 F2700 X123.955 Y135.315 E1264.55501
G1 X124.641 Y135.245 E1264.57026
G1 X125.077 Y135.149 E1264.58014
G1 X125.294 Y135.13 E1264.58496
G1 X125.283 Y84.899 E1265.69597
G1 F2400 E1263.69597
G0 F9000 X125.34 Y84.665
G0 X123.746 Y84.507
G0 X113.524 Y84.545
G0 X102.86 Y86.082
G0 X99.785 Y85.428
G1 F1200 E1265.69597
G0 F9000 X99.726 Y85.125
G1 F1958.5 X99.996 Y85.116 E1265.7042
G1 F1994.7 X100.266 Y85.106 E1265.71229
G1 F2032.3 X100.536 Y85.096 E1265.72023
G1 F2000 X100.906 Y85.124 E1265.73131
G1 F1909.1 X101.278 Y85.152 E1265.74298
G1 F2026.8 X101.545 Y85.256 E1265.75142
G1 F2430.9 X101.813 Y85.361 E1265.75849
G1 F2700 X102.468 Y85.644 E1265.77428
G1 X102.958 Y85.955 E1265.78711
G1 X103.167 Y86.114 E1265.79292
G1 X103.522 Y86.432 E1265.80346
G1 X103.977 Y86.991 E1265.8194
G1 X104.16 Y87.273 E1265.82684
G1 X104.44 Y87.849 E1265.841
G1 X104.558 Y88.179 E1265.84876
G1 X104.734 Y88.94 E1265.86603
G1 X104.735 Y89.915 E1265.8876
G1 X104.586 Y90.665 E1265.90451
G1 X104.303 Y91.403 E1265.92199
G1 X103.799 Y92.19 E1265.94266
G1 X103.2 Y92.779 E1265.96124
G1 X102.456 Y93.285 E1265.98114
G1 X101.784 Y93.573 E1265.99731
G1 X101.252 Y93.708 E1266.00945
G1 X100.513 Y93.787 E1266.02589
G1 X99.54 Y93.701 E1266.0475
G1 X98.605 Y93.369 E1266.06944
G1 X98.324 Y93.239 E1266.07629
G1 X97.555 Y92.686 E1266.09724
G1 X97.037 Y92.133 E1266.114
G1 X96.87 Y91.916 E1266.12006
G1 X96.637 Y91.545 E1266.12975
G1 X96.274 Y90.672 E1266.15066
G1 X96.127 Y89.872 E1266.16865
G1 X96.155 Y88.857 E1266.19111
G1 X96.194 Y88.602 E1266.19681
G1 X96.52 Y87.636 E1266.21936
G1 X96.842 Y87.063 E1266.2339
G1 X96.997 Y86.835 E1266.24
G1 X97.28 Y86.496 E1266.24977
G1 X97.855 Y85.996 E1266.26662
G1 X98.13 Y85.808 E1266.27399
G1 X98.566 Y85.569 E1266.28498
G1 X98.861 Y85.448 E1266.29204
G1 F2536.9 X99.149 Y85.341 E1266.29927
G1 F2256.7 X99.438 Y85.233 E1266.30743
G1 F2037.7 X99.726 Y85.125 E1266.31645
G1 F2400 E1264.31645
G0 F9000 X99.785 Y85.428
G0 X97.813 Y86.994
G0 X97.51 Y87.358
G0 X97.175 Y87.953
G0 X96.88 Y88.846
G0 X96.854 Y89.817
G0 X96.978 Y90.483
G0 X97.287 Y91.215
G0 X97.53 Y91.593
G0 X98.011 Y92.118
G0 X98.61 Y92.549
G0 X100.63 Y93.614
G0 X100.63 Y99.674
G0 X105.18 Y100.324
G0 X105.939 Y100.585
G0 X106.62 Y101.01
G0 X107.07 Y101.44
G0 X107.442 Y101.924
G0 X107.717 Y102.47
G0 X107.912 Y103.07
G0 X107.99 Y103.775
G0 X107.991 Y122.745
G0 X107.937 Y123.328
G0 X107.721 Y124.078
G0 X107.437 Y124.637
G0 X106.946 Y125.254
G0 X106.46 Y125.659
G0 X105.766 Y126.037
G0 X102.965 Y126.8
G1 F1200 E1266.31645
G0 F9000 X102.964 Y127.039
G1 F2700 X103.197 Y127.218 E1266.32295
G1 X103.56 Y127.563 E1266.33402
G1 X103.746 Y127.777 E1266.34029
G1 X104.107 Y128.276 E1266.35392
G1 X104.256 Y128.529 E1266.36041
G1 X104.505 Y129.073 E1266.37364
G1 X104.654 Y129.594 E1266.38563
G1 X104.746 Y130.306 E1266.40151
G1 X104.737 Y130.899 E1266.41462
G1 X104.705 Y131.171 E1266.42068
G1 X104.585 Y131.751 E1266.43378
G1 X104.313 Y132.461 E1266.4506
G1 X104.084 Y132.857 E1266.46072
G1 X103.669 Y133.377 E1266.47543
G1 X103.449 Y133.629 E1266.48283
G1 X103.164 Y133.89 E1266.49138
G1 X102.946 Y134.052 E1266.49739
G1 X102.452 Y134.363 E1266.5103
G1 X101.794 Y134.648 E1266.52616
G1 F2423.1 X101.54 Y134.746 E1266.53287
G1 F2005.3 X101.286 Y134.844 E1266.54097
G1 F1894.7 X100.948 Y134.874 E1266.55167
G1 F2005.3 X100.609 Y134.904 E1266.5618
G1 F2037.7 X100.238 Y134.892 E1266.57268
G1 F1994.7 X99.867 Y134.88 E1266.5838
G1 F2111.7 X99.519 Y134.776 E1266.59407
G1 F2470.6 X99.171 Y134.672 E1266.60285
G1 F2700 X98.695 Y134.491 E1266.61411
G1 X98.453 Y134.373 E1266.62006
G1 X97.959 Y134.075 E1266.63283
G1 X97.719 Y133.899 E1266.63941
G1 X97.356 Y133.572 E1266.65021
G1 X97.136 Y133.328 E1266.65748
G1 X96.754 Y132.801 E1266.67188
G1 X96.594 Y132.524 E1266.67895
G1 X96.332 Y131.907 E1266.69378
G1 X96.129 Y131.047 E1266.71332
G1 X96.154 Y129.947 E1266.73766
G1 X96.201 Y129.666 E1266.74396
G1 X96.464 Y128.874 E1266.76242
G1 X96.579 Y128.607 E1266.76885
G1 X97.068 Y127.838 E1266.789
G1 X97.24 Y127.613 E1266.79527
G1 X97.821 Y127.088 E1266.81259
G1 X98.293 Y126.806 E1266.82475
G1 X97.748 Y126.703 E1266.83702
G1 X96.98 Y126.476 E1266.85473
G1 X95.728 Y125.979 E1266.88452
G1 X94.528 Y125.319 E1266.91482
G1 X93.681 Y124.722 E1266.93773
G1 X92.813 Y123.998 E1266.96274
G1 X92.141 Y123.295 E1266.98425
G1 X91.438 Y122.43 E1267.0089
G1 X90.69 Y121.254 E1267.03973
G1 X90.216 Y120.259 E1267.0641
G1 X89.836 Y119.262 E1267.0877
G1 X89.663 Y118.65 E1267.10177
G1 X89.498 Y117.917 E1267.11839
G1 X89.36 Y116.857 E1267.14203
G1 X89.312 Y115.937 E1267.16241
G1 X89.311 Y110.646 E1267.27943
G1 X89.332 Y109.95 E1267.29483
G1 X89.502 Y108.605 E1267.32482
G1 X89.734 Y107.655 E1267.34645
G1 X90.057 Y106.672 E1267.36933
G1 X90.385 Y105.897 E1267.38795
G1 X91.076 Y104.654 E1267.4194
G1 X91.41 Y104.161 E1267.43257
G1 X92.075 Y103.334 E1267.45604
G1 X92.778 Y102.594 E1267.47862
G1 X93.585 Y101.903 E1267.50212
G1 X94.515 Y101.236 E1267.52743
G1 X95.383 Y100.748 E1267.54946
G1 X96.381 Y100.291 E1267.57373
G1 X97.339 Y99.968 E1267.5961
G1 X98.291 Y99.731 E1267.61779
G1 X99.086 Y99.601 E1267.63561
G1 X100.394 Y99.516 E1267.6646
G1 X104.437 Y99.514 E1267.75403
G1 X105.366 Y99.619 E1267.7747
G1 X106.253 Y99.931 E1267.7955
G1 X107.083 Y100.447 E1267.81712
G1 X107.621 Y100.961 E1267.83358
G1 X108.063 Y101.537 E1267.84963
G1 X108.391 Y102.207 E1267.86613
G1 X108.629 Y102.938 E1267.88314
G1 X108.716 Y103.739 E1267.90096
G1 X108.716 Y104.428 E1267.9162
G1 X109.309 Y104.429 E1267.92931
G1 X109.514 Y104.516 E1267.93424
G1 X109.627 Y104.754 E1267.94007
G1 X109.627 Y119.453 E1268.26518
G1 X109.569 Y119.629 E1268.26928
G1 X109.287 Y119.778 E1268.27633
G1 X108.718 Y119.778 E1268.28892
G1 X108.718 Y122.719 E1268.35397
G1 X108.656 Y123.453 E1268.37026
G1 X108.384 Y124.376 E1268.39154
G1 X108.116 Y124.903 E1268.40462
G1 X107.961 Y125.147 E1268.41101
G1 X107.474 Y125.749 E1268.42814
G1 X106.884 Y126.252 E1268.44529
G1 X106.018 Y126.721 E1268.46707
G1 X105.302 Y126.948 E1268.48368
G1 X104.48 Y127.038 E1268.50197
G1 X102.964 Y127.039 E1268.5355
G1 F2400 E1266.5355
G0 F9000 X102.965 Y126.8
G0 X105.766 Y126.037
G0 X106.46 Y125.659
G0 X106.946 Y125.254
G0 X107.437 Y124.637
G0 X107.721 Y124.078
G0 X107.937 Y123.328
G0 X107.991 Y122.745
G0 X107.99 Y103.775
G0 X107.912 Y103.07
G0 X107.717 Y102.47
G0 X107.442 Y101.924
G0 X107.07 Y101.44
G0 X106.62 Y101.01
G0 X105.939 Y100.585
G0 X105.325 Y100.375
G0 X99.841 Y99.693
G0 X99.472 Y84.546
G0 X98.871 Y84.446
G1 F1200 E1268.5355
G0 F9000 X98.871 Y84.84
;TYPE:SKIN
G1 F3000 X94.198 Y84.84 E1268.63886
G0 F9000 X94.174 Y84.46
G0 X92.472 Y84.758
G0 X92.586 Y85.12
G1 F3000 X99.264 Y85.12 E1268.78656
G0 F9000 X98.61 Y85.4
G1 F3000 X91.88 Y85.4 E1268.93542
G0 F9000 X91.35 Y85.68
G1 F3000 X98.073 Y85.68 E1269.08412
G0 F9000 X97.682 Y85.96
G1 F3000 X90.932 Y85.96 E1269.23341
G0 F9000 X90.584 Y86.24
G1 F3000 X97.362 Y86.24 E1269.38333
G0 F9000 X97.076 Y86.52
G1 F3000 X90.265 Y86.52 E1269.53398
G0 F9000 X90.008 Y86.8
G1 F3000 X96.851 Y86.8 E1269.68533
G0 F9000 X96.672 Y87.08
G1 F3000 X89.765 Y87.08 E1269.8381
G0 F9000 X89.563 Y87.36
G1 F3000 X96.516 Y87.36 E1269.99188
G0 F9000 X96.37 Y87.64
G1 F3000 X89.388 Y87.64 E1270.14631
G0 F9000 X89.23 Y87.92
G1 F3000 X96.276 Y87.92 E1270.30216
G0 F9000 X96.182 Y88.2
G1 F3000 X89.095 Y88.2 E1270.45891
G0 F9000 X88.963 Y88.48
G1 F3000 X96.088 Y88.48 E1270.6165
G0 F9000 X96.028 Y88.76
G1 F3000 X88.867 Y88.76 E1270.77488
G0 F9000 X88.77 Y89.04
G1 F3000 X96.008 Y89.04 E1270.93497
G0 F9000 X96 Y89.32
G1 F3000 X88.704 Y89.32 E1271.09635
G0 F9000 X88.655 Y89.6
G1 F3000 X95.992 Y89.6 E1271.25863
G0 F9000 X95.989 Y89.88
G1 F3000 X88.606 Y89.88 E1271.42192
G0 F9000 X88.559 Y90.16
G1 F3000 X96.038 Y90.16 E1271.58734
G0 F9000 X96.088 Y90.44
G1 F3000 X88.544 Y90.44 E1271.7542
G0 F9000 X88.53 Y90.72
G1 F3000 X96.143 Y90.72 E1271.92259
G0 F9000 X96.259 Y91
G1 F3000 X88.53 Y91 E1272.09354
G0 F9000 X88.53 Y91.28
G1 F3000 X96.376 Y91.28 E1272.26707
G0 F9000 X96.492 Y91.56
G1 F3000 X88.53 Y91.56 E1272.44318
G0 F9000 X88.53 Y91.84
G1 F3000 X96.659 Y91.84 E1272.62297
G0 F9000 X96.851 Y92.12
G1 F3000 X88.53 Y92.12 E1272.80702
G0 F9000 X88.53 Y92.4
G1 F3000 X97.095 Y92.4 E1272.99646
G0 F9000 X97.359 Y92.68
G1 F3000 X88.53 Y92.68 E1273.19174
G0 F9000 X88.53 Y92.96
G1 F3000 X97.697 Y92.96 E1273.39449
G0 F9000 X98.085 Y93.24
G1 F3000 X88.53 Y93.24 E1273.60583
G0 F9000 X88.53 Y93.52
G1 F3000 X98.613 Y93.52 E1273.82885
G0 F9000 X99.401 Y93.8
G1 F3000 X88.53 Y93.8 E1274.06929
G0 F9000 X88.151 Y93.799
G0 X88.242 Y90.103
G0 X88.423 Y89.063
G0 X88.916 Y87.828
G0 X89.585 Y86.788
G0 X90.485 Y85.904
G0 X91.417 Y85.277
G0 X92.41 Y84.842
G0 X93.627 Y84.557
G0 X101.814 Y84.446
G0 X101.814 Y84.84
G1 F3000 X124.151 Y84.84 E1274.56334
G0 F9000 X124.169 Y84.462
G0 X125.259 Y84.645
G0 X125.144 Y85.12
G1 F3000 X101.634 Y85.12 E1275.08333
G0 F9000 X102.256 Y85.4
G1 F3000 X125.144 Y85.4 E1275.58957
G0 F9000 X125.144 Y85.68
G1 F3000 X102.783 Y85.68 E1276.08415
G0 F9000 X103.194 Y85.96
G1 F3000 X125.144 Y85.96 E1276.56964
G0 F9000 X125.144 Y86.24
G1 F3000 X103.514 Y86.24 E1277.04805
G0 F9000 X103.775 Y86.52
G1 F3000 X125.144 Y86.52 E1277.52069
G0 F9000 X125.144 Y86.8
G1 F3000 X104.003 Y86.8 E1277.98829
G0 F9000 X104.199 Y87.08
G1 F3000 X125.144 Y87.08 E1278.45155
G0 F9000 X125.144 Y87.36
G1 F3000 X104.358 Y87.36 E1278.9113
G0 F9000 X104.493 Y87.64
G1 F3000 X125.144 Y87.64 E1279.36805
G0 F9000 X125.144 Y87.92
G1 F3000 X104.614 Y87.92 E1279.82214
G0 F9000 X104.704 Y88.2
G1 F3000 X125.144 Y88.2 E1280.27423
G0 F9000 X125.144 Y88.48
G1 F3000 X104.769 Y88.48 E1280.72488
G0 F9000 X104.835 Y88.76
G1 F3000 X125.144 Y88.76 E1281.17408
G0 F9000 X125.144 Y89.04
G1 F3000 X104.877 Y89.04 E1281.62234
G0 F9000 X104.876 Y89.32
G1 F3000 X125.144 Y89.32 E1282.07063
G0 F9000 X125.145 Y89.6
G1 F3000 X104.874 Y89.6 E1282.51898
G0 F9000 X104.873 Y89.88
G1 F3000 X125.145 Y89.88 E1282.96736
G0 F9000 X125.145 Y90.16
G1 F3000 X104.829 Y90.16 E1283.41671
G0 F9000 X104.773 Y90.44
G1 F3000 X125.145 Y90.44 E1283.8673
G0 F9000 X125.145 Y90.72
G1 F3000 X104.715 Y90.72 E1284.31917
G0 F9000 X104.608 Y91
G1 F3000 X125.145 Y91 E1284.7734
G0 F9000 X125.145 Y91.28
G1 F3000 X104.501 Y91.28 E1285.23001
G0 F9000 X104.368 Y91.56
G1 F3000 X125.145 Y91.56 E1285.68955
G0 F9000 X125.145 Y91.84
G1 F3000 X104.189 Y91.84 E1286.15306
G0 F9000 X104.01 Y92.12
G1 F3000 X125.145 Y92.12 E1286.62052
G0 F9000 X125.145 Y92.4
G1 F3000 X103.783 Y92.4 E1287.09301
G0 F9000 X103.5 Y92.68
G1 F3000 X125.145 Y92.68 E1287.57175
G0 F9000 X125.145 Y92.96
G1 F3000 X103.182 Y92.96 E1288.05753
G0 F9000 X102.768 Y93.24
G1 F3000 X125.145 Y93.24 E1288.55246
G0 F9000 X125.145 Y93.52
G1 F3000 X102.264 Y93.52 E1289.05854
G0 F9000 X101.458 Y93.8
G1 F3000 X125.145 Y93.8 E1289.58245
G0 F9000 X125.145 Y94.08
G1 F3000 X88.53 Y94.08 E1290.3923
G0 F9000 X88.53 Y94.36
G1 F3000 X125.146 Y94.36 E1291.20217
G0 F9000 X125.146 Y94.64
G1 F3000 X88.53 Y94.64 E1292.01205
G0 F9000 X88.53 Y94.92
G1 F3000 X125.146 Y94.92 E1292.82192
G0 F9000 X125.146 Y95.2
G1 F3000 X88.53 Y95.2 E1293.63179
G0 F9000 X88.53 Y95.48
G1 F3000 X125.146 Y95.48 E1294.44166
G0 F9000 X125.146 Y95.76
G1 F3000 X88.53 Y95.76 E1295.25154
G0 F9000 X88.53 Y96.04
G1 F3000 X125.146 Y96.04 E1296.06141
G0 F9000 X125.146 Y96.32
G1 F3000 X88.53 Y96.32 E1296.87128
G0 F9000 X88.53 Y96.6
G1 F3000 X125.146 Y96.6 E1297.68115
G0 F9000 X125.146 Y96.88
G1 F3000 X88.53 Y96.88 E1298.49102
G0 F9000 X88.53 Y97.16
G1 F3000 X125.146 Y97.16 E1299.3009
G0 F9000 X125.146 Y97.44
G1 F3000 X88.53 Y97.44 E1300.11077
G0 F9000 X88.53 Y97.72
G1 F3000 X125.146 Y97.72 E1300.92064
G0 F9000 X125.146 Y98
G1 F3000 X88.53 Y98 E1301.73051
G0 F9000 X88.53 Y98.28
G1 F3000 X125.146 Y98.28 E1302.54039
G0 F9000 X125.146 Y98.56
G1 F3000 X88.53 Y98.56 E1303.35026
G0 F9000 X88.53 Y98.84
G1 F3000 X125.147 Y98.84 E1304.16015
G0 F9000 X125.147 Y99.12
G1 F3000 X88.53 Y99.12 E1304.97005
G1 F2400 E1302.97005
G0 F9000 X88.15 Y99.12
G0 X88.25 Y99.774
G0 X97.436 Y100.108
G0 X104.637 Y99.774
G1 F1200 E1304.97005
G0 F9000 X104.679 Y99.4
G1 F3000 X125.147 Y99.4 E1305.42276
G0 F9000 X125.147 Y99.68
G1 F3000 X105.959 Y99.68 E1305.84716
G0 F9000 X106.562 Y99.96
G1 F3000 X125.147 Y99.96 E1306.25822
G0 F9000 X125.147 Y100.24
G1 F3000 X107.01 Y100.24 E1306.65938
G0 F9000 X107.362 Y100.52
G1 F3000 X125.147 Y100.52 E1307.05274
G0 F9000 X125.147 Y100.8
G1 F3000 X107.654 Y100.8 E1307.43965
G0 F9000 X107.888 Y101.08
G1 F3000 X125.147 Y101.08 E1307.82139
G0 F9000 X125.147 Y101.36
G1 F3000 X108.103 Y101.36 E1308.19837
G0 F9000 X108.266 Y101.64
G1 F3000 X125.147 Y101.64 E1308.57174
G0 F9000 X125.147 Y101.92
G1 F3000 X108.404 Y101.92 E1308.94206
G0 F9000 X108.536 Y102.2
G1 F3000 X125.147 Y102.2 E1309.30946
G0 F9000 X125.147 Y102.48
G1 F3000 X108.627 Y102.48 E1309.67485
G0 F9000 X108.719 Y102.76
G1 F3000 X125.147 Y102.76 E1310.03821
G0 F9000 X125.147 Y103.04
G1 F3000 X108.781 Y103.04 E1310.40019
G0 F9000 X108.811 Y103.32
G1 F3000 X125.148 Y103.32 E1310.76153
G0 F9000 X125.148 Y103.6
G1 F3000 X108.841 Y103.6 E1311.12221
G0 F9000 X108.856 Y103.88
G1 F3000 X125.148 Y103.88 E1311.48256
G0 F9000 X125.148 Y104.16
G1 F3000 X108.856 Y104.16 E1311.8429
G0 F9000 X109.628 Y104.44
G1 F3000 X125.148 Y104.44 E1312.18617
G0 F9000 X125.148 Y104.72
G1 F3000 X109.763 Y104.72 E1312.52646
G0 F9000 X109.763 Y105
G1 F3000 X125.148 Y105 E1312.86674
G0 F9000 X125.148 Y105.28
G1 F3000 X109.763 Y105.28 E1313.20703
G0 F9000 X109.763 Y105.56
G1 F3000 X125.148 Y105.56 E1313.54732
G0 F9000 X125.148 Y105.84
G1 F3000 X109.763 Y105.84 E1313.8876
G0 F9000 X109.763 Y106.12
G1 F3000 X125.148 Y106.12 E1314.22789
G0 F9000 X125.148 Y106.4
G1 F3000 X109.763 Y106.4 E1314.56817
G0 F9000 X109.763 Y106.68
G1 F3000 X125.148 Y106.68 E1314.90846
G0 F9000 X125.148 Y106.96
G1 F3000 X109.763 Y106.96 E1315.24874
G0 F9000 X109.763 Y107.24
G1 F3000 X125.148 Y107.24 E1315.58903
G0 F9000 X125.148 Y107.52
G1 F3000 X109.763 Y107.52 E1315.92931
G0 F9000 X109.763 Y107.8
G1 F3000 X125.149 Y107.8 E1316.26962
G0 F9000 X125.149 Y108.08
G1 F3000 X109.763 Y108.08 E1316.60993
G0 F9000 X109.763 Y108.36
G1 F3000 X125.149 Y108.36 E1316.95023
G0 F9000 X125.149 Y108.64
G1 F3000 X109.763 Y108.64 E1317.29054
G0 F9000 X109.763 Y108.92
G1 F3000 X125.149 Y108.92 E1317.63085
G0 F9000 X125.149 Y109.2
G1 F3000 X109.763 Y109.2 E1317.97116
G0 F9000 X109.763 Y109.48
G1 F3000 X125.149 Y109.48 E1318.31146
G0 F9000 X125.149 Y109.76
G1 F3000 X109.764 Y109.76 E1318.65175
G0 F9000 X109.764 Y110.04
G1 F3000 X125.149 Y110.04 E1318.99203
G0 F9000 X125.149 Y110.32
G1 F3000 X109.764 Y110.32 E1319.33232
G0 F9000 X109.764 Y110.6
G1 F3000 X125.149 Y110.6 E1319.6726
G0 F9000 X125.149 Y110.88
G1 F3000 X109.764 Y110.88 E1320.01289
G0 F9000 X109.764 Y111.16
G1 F3000 X125.149 Y111.16 E1320.35318
G0 F9000 X125.149 Y111.44
G1 F3000 X109.764 Y111.44 E1320.69346
G0 F9000 X109.764 Y111.72
G1 F3000 X125.149 Y111.72 E1321.03375
G0 F9000 X125.149 Y112
G1 F3000 X109.764 Y112 E1321.37403
G0 F9000 X109.764 Y112.28
G1 F3000 X125.15 Y112.28 E1321.71434
G0 F9000 X125.15 Y112.56
G1 F3000 X109.764 Y112.56 E1322.05465
G0 F9000 X109.764 Y112.84
G1 F3000 X125.15 Y112.84 E1322.39495
G0 F9000 X125.15 Y113.12
G1 F3000 X109.764 Y113.12 E1322.73526
G0 F9000 X109.764 Y113.4
G1 F3000 X125.15 Y113.4 E1323.07557
G0 F9000 X125.15 Y113.68
G1 F3000 X109.764 Y113.68 E1323.41588
G0 F9000 X109.764 Y113.96
G1 F3000 X125.15 Y113.96 E1323.75618
G0 F9000 X125.15 Y114.24
G1 F3000 X109.764 Y114.24 E1324.09649
G0 F9000 X109.764 Y114.52
G1 F3000 X125.15 Y114.52 E1324.4368
G0 F9000 X125.15 Y114.8
G1 F3000 X109.765 Y114.8 E1324.77708
G0 F9000 X109.765 Y115.08
G1 F3000 X125.15 Y115.08 E1325.11737
G0 F9000 X125.15 Y115.36
G1 F3000 X109.765 Y115.36 E1325.45765
G0 F9000 X109.765 Y115.64
G1 F3000 X125.15 Y115.64 E1325.79794
G0 F9000 X125.15 Y115.92
G1 F3000 X109.765 Y115.92 E1326.13822
G0 F9000 X109.765 Y116.2
G1 F3000 X125.15 Y116.2 E1326.47851
G0 F9000 X125.15 Y116.48
G1 F3000 X109.765 Y116.48 E1326.81879
G0 F9000 X109.765 Y116.76
G1 F3000 X125.15 Y116.76 E1327.15908
G0 F9000 X125.151 Y117.04
G1 F3000 X109.765 Y117.04 E1327.49939
G0 F9000 X109.765 Y117.32
G1 F3000 X125.151 Y117.32 E1327.83969
G0 F9000 X125.151 Y117.6
G1 F3000 X109.765 Y117.6 E1328.18
G0 F9000 X109.765 Y117.88
G1 F3000 X125.151 Y117.88 E1328.52031
G0 F9000 X125.151 Y118.16
G1 F3000 X109.765 Y118.16 E1328.86062
G0 F9000 X109.765 Y118.44
G1 F3000 X125.151 Y118.44 E1329.20092
G0 F9000 X125.151 Y118.72
G1 F3000 X109.765 Y118.72 E1329.54123
G0 F9000 X109.764 Y119
G1 F3000 X125.15 Y119 E1329.88154
G0 F9000 X125.15 Y119.28
G1 F3000 X109.764 Y119.28 E1330.22185
G0 F9000 X109.736 Y119.56
G1 F3000 X125.15 Y119.56 E1330.56277
G0 F9000 X125.15 Y119.84
G1 F3000 X109.49 Y119.84 E1330.90914
G0 F9000 X108.857 Y120.12
G1 F3000 X125.15 Y120.12 E1331.26951
G0 F9000 X125.15 Y120.4
G1 F3000 X108.857 Y120.4 E1331.62988
G0 F9000 X108.857 Y120.68
G1 F3000 X125.15 Y120.68 E1331.99025
G0 F9000 X125.15 Y120.96
G1 F3000 X108.857 Y120.96 E1332.35061
G0 F9000 X108.857 Y121.24
G1 F3000 X125.15 Y121.24 E1332.71098
G0 F9000 X125.151 Y121.52
G1 F3000 X108.857 Y121.52 E1333.07137
G0 F9000 X108.857 Y121.8
G1 F3000 X125.151 Y121.8 E1333.43176
G0 F9000 X125.151 Y122.08
G1 F3000 X108.857 Y122.08 E1333.79215
G0 F9000 X108.857 Y122.36
G1 F3000 X125.151 Y122.36 E1334.15255
G0 F9000 X125.151 Y122.64
G1 F3000 X108.857 Y122.64 E1334.51294
G0 F9000 X108.842 Y122.92
G1 F3000 X125.151 Y122.92 E1334.87366
G0 F9000 X125.151 Y123.2
G1 F3000 X108.819 Y123.2 E1335.23489
G0 F9000 X108.795 Y123.48
G1 F3000 X125.151 Y123.48 E1335.59665
G0 F9000 X125.151 Y123.76
G1 F3000 X108.711 Y123.76 E1335.96027
G0 F9000 X108.628 Y124.04
G1 F3000 X125.151 Y124.04 E1336.32573
G0 F9000 X125.151 Y124.32
G1 F3000 X108.545 Y124.32 E1336.69302
G0 F9000 X108.426 Y124.6
G1 F3000 X125.151 Y124.6 E1337.06294
G0 F9000 X125.151 Y124.88
G1 F3000 X108.283 Y124.88 E1337.43603
G0 F9000 X108.118 Y125.16
G1 F3000 X125.151 Y125.16 E1337.81276
G0 F9000 X125.151 Y125.44
G1 F3000 X107.901 Y125.44 E1338.1943
G0 F9000 X107.672 Y125.72
G1 F3000 X125.151 Y125.72 E1338.5809
G0 F9000 X125.152 Y126
G1 F3000 X107.398 Y126 E1338.97358
G0 F9000 X107.068 Y126.28
G1 F3000 X125.152 Y126.28 E1339.37356
G0 F9000 X125.152 Y126.56
G1 F3000 X106.609 Y126.56 E1339.7837
G0 F9000 X106.094 Y126.84
G1 F3000 X125.152 Y126.84 E1340.20522
G0 F9000 X125.152 Y127.12
G1 F3000 X105.015 Y127.12 E1340.65061
G0 F9000 X104.975 Y126.741
G0 X102.439 Y126.889
G0 X103.33 Y127.674
G0 X103.591 Y127.4
G1 F3000 X125.152 Y127.4 E1341.1275
G0 F9000 X125.152 Y127.68
G1 F3000 X103.844 Y127.68 E1341.59879
G0 F9000 X104.049 Y127.96
G1 F3000 X125.152 Y127.96 E1342.06554
G0 F9000 X125.152 Y128.24
G1 F3000 X104.247 Y128.24 E1342.52792
G0 F9000 X104.404 Y128.52
G1 F3000 X125.152 Y128.52 E1342.98682
G0 F9000 X125.152 Y128.8
G1 F3000 X104.53 Y128.8 E1343.44294
G0 F9000 X104.653 Y129.08
G1 F3000 X125.152 Y129.08 E1343.89634
G0 F9000 X125.152 Y129.36
G1 F3000 X104.732 Y129.36 E1344.34799
G0 F9000 X104.799 Y129.64
G1 F3000 X125.152 Y129.64 E1344.79815
G0 F9000 X125.152 Y129.92
G1 F3000 X104.835 Y129.92 E1345.24753
G0 F9000 X104.871 Y130.2
G1 F3000 X125.152 Y130.2 E1345.6961
G0 F9000 X125.153 Y130.48
G1 F3000 X104.883 Y130.48 E1346.14443
G0 F9000 X104.879 Y130.76
G1 F3000 X125.153 Y130.76 E1346.59285
G0 F9000 X125.153 Y131.04
G1 F3000 X104.86 Y131.04 E1347.04169
G0 F9000 X104.816 Y131.32
G1 F3000 X125.153 Y131.32 E1347.49151
G0 F9000 X125.153 Y131.6
G1 F3000 X104.758 Y131.6 E1347.9426
G0 F9000 X104.683 Y131.88
G1 F3000 X125.153 Y131.88 E1348.39536
G0 F9000 X125.153 Y132.16
G1 F3000 X104.578 Y132.16 E1348.85044
G0 F9000 X104.472 Y132.44
G1 F3000 X125.153 Y132.44 E1349.30786
G0 F9000 X125.153 Y132.72
G1 F3000 X104.322 Y132.72 E1349.7686
G0 F9000 X104.147 Y133
G1 F3000 X125.153 Y133 E1350.23321
G0 F9000 X125.153 Y133.28
G1 F3000 X103.924 Y133.28 E1350.70275
G0 F9000 X103.695 Y133.56
G1 F3000 X125.153 Y133.56 E1351.17736
G0 F9000 X125.153 Y133.84
G1 F3000 X103.424 Y133.84 E1351.65796
G0 F9000 X103.088 Y134.12
G1 F3000 X125.153 Y134.12 E1352.14599
G0 F9000 X125.153 Y134.4
G1 F3000 X102.654 Y134.4 E1352.64363
G0 F9000 X102.067 Y134.68
G1 F3000 X125.153 Y134.68 E1353.15424
G0 F9000 X125.153 Y134.96
G1 F3000 X101.491 Y134.96 E1353.6776
G1 F2400 E1351.6776
G0 F9000 X101.373 Y134.511
G0 X103.029 Y133.029
G0 X103.668 Y132.116
G0 X103.882 Y131.553
G0 X104.009 Y130.949
G0 X104.023 Y130.364
G0 X103.943 Y129.739
G0 X103.559 Y128.76
G0 X103.112 Y128.139
G0 X101.058 Y126.311
G0 X104.427 Y126.312
G0 X105.173 Y126.231
G0 X105.766 Y126.037
G0 X106.46 Y125.659
G0 X106.946 Y125.254
G0 X107.437 Y124.637
G0 X107.721 Y124.078
G0 X107.937 Y123.328
G0 X107.991 Y122.745
G0 X107.99 Y103.775
G0 X107.912 Y103.07
G0 X107.717 Y102.47
G0 X107.442 Y101.924
G0 X107.07 Y101.44
G0 X106.62 Y101.01
G0 X105.939 Y100.585
G0 X105.325 Y100.375
G0 X100.043 Y99.779
G1 F1200 E1353.6776
G0 F9000 X100.02 Y99.4
G1 F3000 X88.53 Y99.4 E1353.93173
G0 F9000 X88.53 Y99.68
G1 F3000 X97.916 Y99.68 E1354.13933
G0 F9000 X98.007 Y100.05
G0 X97.044 Y100.32
G0 X96.922 Y99.96
G1 F3000 X88.53 Y99.96 E1354.32495
G0 F9000 X88.53 Y100.24
G1 F3000 X96.156 Y100.24 E1354.49362
G0 F9000 X95.546 Y100.52
G1 F3000 X88.53 Y100.52 E1354.6488
G0 F9000 X88.53 Y100.8
G1 F3000 X95.003 Y100.8 E1354.79197
G0 F9000 X94.506 Y101.08
G1 F3000 X88.53 Y101.08 E1354.92415
G0 F9000 X88.53 Y101.36
G1 F3000 X94.102 Y101.36 E1355.04739
G0 F9000 X93.711 Y101.64
G1 F3000 X88.53 Y101.64 E1355.16198
G0 F9000 X88.53 Y101.92
G1 F3000 X93.352 Y101.92 E1355.26863
G0 F9000 X93.025 Y102.2
G1 F3000 X88.53 Y102.2 E1355.36805
G0 F9000 X88.53 Y102.48
G1 F3000 X92.698 Y102.48 E1355.46024
G0 F9000 X92.427 Y102.76
G1 F3000 X88.53 Y102.76 E1355.54644
G0 F9000 X88.53 Y103.04
G1 F3000 X92.161 Y103.04 E1355.62675
G0 F9000 X91.905 Y103.32
G1 F3000 X88.53 Y103.32 E1355.70139
G0 F9000 X88.53 Y103.6
G1 F3000 X91.681 Y103.6 E1355.77109
G0 F9000 X91.456 Y103.88
G1 F3000 X88.53 Y103.88 E1355.83581
G0 F9000 X88.53 Y104.16
G1 F3000 X91.241 Y104.16 E1355.89577
G0 F9000 X91.051 Y104.44
G1 F3000 X88.53 Y104.44 E1355.95153
G0 F9000 X88.53 Y104.72
G1 F3000 X90.88 Y104.72 E1356.0035
G0 F9000 X90.724 Y105
G1 F3000 X88.53 Y105 E1356.05203
G0 F9000 X88.53 Y105.28
G1 F3000 X90.569 Y105.28 E1356.09713
G0 F9000 X90.413 Y105.56
G1 F3000 X88.53 Y105.56 E1356.13878
G0 F9000 X88.53 Y105.84
G1 F3000 X90.258 Y105.84 E1356.177
G0 F9000 X90.138 Y106.12
G1 F3000 X88.53 Y106.12 E1356.21256
G0 F9000 X88.53 Y106.4
G1 F3000 X90.02 Y106.4 E1356.24552
G0 F9000 X89.906 Y106.68
G1 F3000 X88.53 Y106.68 E1356.27595
G0 F9000 X88.53 Y106.96
G1 F3000 X89.814 Y106.96 E1356.30435
G0 F9000 X89.723 Y107.24
G1 F3000 X88.53 Y107.24 E1356.33074
G0 F9000 X88.53 Y107.52
G1 F3000 X89.631 Y107.52 E1356.35509
G0 F9000 X89.554 Y107.8
G1 F3000 X88.53 Y107.8 E1356.37774
G0 F9000 X88.53 Y108.08
G1 F3000 X89.485 Y108.08 E1356.39886
G0 F9000 X89.417 Y108.36
G1 F3000 X88.53 Y108.36 E1356.41848
G0 F9000 X88.53 Y108.64
G1 F3000 X89.357 Y108.64 E1356.43677
G0 F9000 X89.321 Y108.92
G1 F3000 X88.53 Y108.92 E1356.45427
G0 F9000 X88.53 Y109.2
G1 F3000 X89.286 Y109.2 E1356.47099
G0 F9000 X89.25 Y109.48
G1 F3000 X88.53 Y109.48 E1356.48692
G0 F9000 X88.53 Y109.76
G1 F3000 X89.214 Y109.76 E1356.50204
G0 F9000 X89.189 Y110.04
G1 F3000 X88.531 Y110.04 E1356.5166
G0 F9000 X88.531 Y110.32
G1 F3000 X89.181 Y110.32 E1356.53097
G0 F9000 X89.172 Y110.6
G1 F3000 X88.531 Y110.6 E1356.54515
G0 F9000 X88.531 Y110.88
G1 F3000 X89.172 Y110.88 E1356.55933
G0 F9000 X89.172 Y111.16
G1 F3000 X88.531 Y111.16 E1356.57351
G0 F9000 X88.531 Y111.44
G1 F3000 X89.172 Y111.44 E1356.58768
G0 F9000 X89.172 Y111.72
G1 F3000 X88.531 Y111.72 E1356.60186
G0 F9000 X88.531 Y112
G1 F3000 X89.172 Y112 E1356.61604
G0 F9000 X89.172 Y112.28
G1 F3000 X88.531 Y112.28 E1356.63022
G0 F9000 X88.531 Y112.56
G1 F3000 X89.172 Y112.56 E1356.6444
G0 F9000 X89.172 Y112.84
G1 F3000 X88.531 Y112.84 E1356.65857
G0 F9000 X88.531 Y113.12
G1 F3000 X89.172 Y113.12 E1356.67275
G0 F9000 X89.172 Y113.4
G1 F3000 X88.531 Y113.4 E1356.68693
G0 F9000 X88.531 Y113.68
G1 F3000 X89.172 Y113.68 E1356.70111
G0 F9000 X89.172 Y113.96
G1 F3000 X88.531 Y113.96 E1356.71528
G0 F9000 X88.531 Y114.24
G1 F3000 X89.172 Y114.24 E1356.72946
G0 F9000 X89.172 Y114.52
G1 F3000 X88.531 Y114.52 E1356.74364
G0 F9000 X88.531 Y114.8
G1 F3000 X89.172 Y114.8 E1356.75782
G0 F9000 X89.172 Y115.08
G1 F3000 X88.531 Y115.08 E1356.77199
G0 F9000 X88.531 Y115.36
G1 F3000 X89.172 Y115.36 E1356.78617
G0 F9000 X89.172 Y115.64
G1 F3000 X88.531 Y115.64 E1356.80035
G0 F9000 X88.531 Y115.92
G1 F3000 X89.172 Y115.92 E1356.81453
G0 F9000 X89.186 Y116.2
G1 F3000 X88.531 Y116.2 E1356.82901
G0 F9000 X88.531 Y116.48
G1 F3000 X89.201 Y116.48 E1356.84383
G0 F9000 X89.216 Y116.76
G1 F3000 X88.531 Y116.76 E1356.85898
G0 F9000 X88.531 Y117.04
G1 F3000 X89.243 Y117.04 E1356.87473
G0 F9000 X89.279 Y117.32
G1 F3000 X88.531 Y117.32 E1356.89128
G0 F9000 X88.531 Y117.6
G1 F3000 X89.316 Y117.6 E1356.90864
G0 F9000 X89.353 Y117.88
G1 F3000 X88.531 Y117.88 E1356.92682
G0 F9000 X88.531 Y118.16
G1 F3000 X89.409 Y118.16 E1356.94624
G0 F9000 X89.472 Y118.44
G1 F3000 X88.531 Y118.44 E1356.96705
G0 F9000 X88.531 Y118.72
G1 F3000 X89.537 Y118.72 E1356.9893
G0 F9000 X89.616 Y119
G1 F3000 X88.53 Y119 E1357.01332
G0 F9000 X88.53 Y119.28
G1 F3000 X89.695 Y119.28 E1357.03909
G0 F9000 X89.8 Y119.56
G1 F3000 X88.53 Y119.56 E1357.06718
G0 F9000 X88.53 Y119.84
G1 F3000 X89.907 Y119.84 E1357.09764
G0 F9000 X90.014 Y120.12
G1 F3000 X88.53 Y120.12 E1357.13046
G0 F9000 X88.53 Y120.4
G1 F3000 X90.128 Y120.4 E1357.1658
G0 F9000 X90.262 Y120.68
G1 F3000 X88.53 Y120.68 E1357.20411
G0 F9000 X88.53 Y120.96
G1 F3000 X90.395 Y120.96 E1357.24536
G0 F9000 X90.529 Y121.24
G1 F3000 X88.53 Y121.24 E1357.28958
G0 F9000 X88.53 Y121.52
G1 F3000 X90.693 Y121.52 E1357.33742
G0 F9000 X90.871 Y121.8
G1 F3000 X88.53 Y121.8 E1357.3892
G0 F9000 X88.53 Y122.08
G1 F3000 X91.049 Y122.08 E1357.44491
G0 F9000 X91.227 Y122.36
G1 F3000 X88.53 Y122.36 E1357.50456
G0 F9000 X88.53 Y122.64
G1 F3000 X91.429 Y122.64 E1357.56868
G0 F9000 X91.657 Y122.92
G1 F3000 X88.53 Y122.92 E1357.63785
G0 F9000 X88.53 Y123.2
G1 F3000 X91.884 Y123.2 E1357.71203
G0 F9000 X92.123 Y123.48
G1 F3000 X88.53 Y123.48 E1357.7915
G0 F9000 X88.53 Y123.76
G1 F3000 X92.392 Y123.76 E1357.87692
G0 F9000 X92.661 Y124.04
G1 F3000 X88.53 Y124.04 E1357.96829
G0 F9000 X88.53 Y124.32
G1 F3000 X92.979 Y124.32 E1358.06669
G0 F9000 X93.315 Y124.6
G1 F3000 X88.53 Y124.6 E1358.17253
G0 F9000 X88.53 Y124.88
G1 F3000 X93.66 Y124.88 E1358.28599
G0 F9000 X94.059 Y125.16
G1 F3000 X88.53 Y125.16 E1358.40828
G0 F9000 X88.53 Y125.44
G1 F3000 X94.458 Y125.44 E1358.5394
G0 F9000 X94.965 Y125.72
G1 F3000 X88.53 Y125.72 E1358.68173
G0 F9000 X88.53 Y126
G1 F3000 X95.477 Y126 E1358.83538
G0 F9000 X96.106 Y126.28
G1 F3000 X88.53 Y126.28 E1359.00295
G0 F9000 X88.53 Y126.56
G1 F3000 X96.812 Y126.56 E1359.18613
G0 F9000 X97.724 Y126.84
G1 F3000 X88.53 Y126.84 E1359.38948
G0 F9000 X88.53 Y127.12
G1 F3000 X97.575 Y127.12 E1359.58954
G0 F9000 X97.266 Y127.4
G1 F3000 X88.53 Y127.4 E1359.78276
G0 F9000 X88.53 Y127.68
G1 F3000 X97.012 Y127.68 E1359.97037
G0 F9000 X96.823 Y127.96
G1 F3000 X88.53 Y127.96 E1360.15379
G0 F9000 X88.53 Y128.24
G1 F3000 X96.646 Y128.24 E1360.3333
G0 F9000 X96.468 Y128.52
G1 F3000 X88.53 Y128.52 E1360.50887
G0 F9000 X88.53 Y128.8
G1 F3000 X96.343 Y128.8 E1360.68168
G0 F9000 X96.246 Y129.08
G1 F3000 X88.53 Y129.08 E1360.85234
G0 F9000 X88.535 Y129.36
G1 F3000 X96.154 Y129.36 E1361.02086
G0 F9000 X96.063 Y129.64
G1 F3000 X88.554 Y129.64 E1361.18694
G0 F9000 X88.572 Y129.92
G1 F3000 X96.016 Y129.92 E1361.35159
G0 F9000 X96.006 Y130.2
G1 F3000 X88.59 Y130.2 E1361.51562
G0 F9000 X88.652 Y130.48
G1 F3000 X96.001 Y130.48 E1361.67816
G0 F9000 X95.995 Y130.76
G1 F3000 X88.714 Y130.76 E1361.8392
G0 F9000 X88.796 Y131.04
G1 F3000 X95.989 Y131.04 E1361.9983
G0 F9000 X96.049 Y131.32
G1 F3000 X88.895 Y131.32 E1362.15653
G0 F9000 X89 Y131.6
G1 F3000 X96.115 Y131.6 E1362.3139
G0 F9000 X96.182 Y131.88
G1 F3000 X89.15 Y131.88 E1362.46943
G0 F9000 X89.299 Y132.16
G1 F3000 X96.289 Y132.16 E1362.62404
G0 F9000 X96.407 Y132.44
G1 F3000 X89.443 Y132.44 E1362.77807
G0 F9000 X89.615 Y132.72
G1 F3000 X96.545 Y132.72 E1362.93135
G0 F9000 X96.726 Y133
G1 F3000 X89.837 Y133 E1363.08372
G0 F9000 X90.078 Y133.28
G1 F3000 X96.929 Y133.28 E1363.23525
G0 F9000 X97.156 Y133.56
G1 F3000 X90.346 Y133.56 E1363.38587
G0 F9000 X90.685 Y133.84
G1 F3000 X97.445 Y133.84 E1363.53539
G0 F9000 X97.783 Y134.12
G1 F3000 X91.033 Y134.12 E1363.68468
G0 F9000 X91.489 Y134.4
G1 F3000 X98.227 Y134.4 E1363.83372
G0 F9000 X98.796 Y134.68
G1 F3000 X92.054 Y134.68 E1363.98283
G0 F9000 X92.814 Y134.96
G1 F3000 X99.583 Y134.96 E1364.13255
G1 F2400 E1362.13255
G0 F9000 X99.661 Y134.544
G0 X102.86 Y133.918
G0 X118.013 Y135.455
G0 X123.892 Y135.492
G0 X125.457 Y135.358
G1 F1200 E1364.13255
G0 F9000 X125.457 Y135.235
;TYPE:SKIN
G1 F2700 X125.841 Y135.235 E1364.14104
G1 X128.585 Y134.098 E1364.20674
G1 X128.577 Y85.319 E1365.28563
G1 X126.503 Y84.863 E1365.3326
G1 X125.664 Y84.859 E1365.35116
G1 X125.446 Y84.812 E1365.35609
G1 X125.457 Y135.235 E1366.47135
G1 F2400 E1364.47135
G0 F9000 X125.457 Y135.358
G0 X124.952 Y135.321
G0 X108.559 Y122.706
G0 X108.476 Y104.591
G1 F1200 E1366.47135
G0 F9000 X108.6 Y104.591
G1 F2700 X108.601 Y119.615 E1366.80365
G1 X109.281 Y119.615 E1366.81869
G1 X109.43 Y119.54 E1366.82238
G1 X109.464 Y119.438 E1366.82476
G1 X109.464 Y104.774 E1367.14909
G1 X109.389 Y104.625 E1367.15278
G1 X109.287 Y104.591 E1367.15516
G1 X108.6 Y104.591 E1367.17036
G1 F2400 E1365.17036
G0 F9000 X108.476 Y104.591
G0 X108.471 Y103
G0 X124.85 Y84.649
G0 X125.643 Y84.729
G1 F1200 E1367.17036
G0 F9000 X125.586 Y85.12
G1 F2700 X127.025 Y85.12 E1367.20218
G0 F9000 X127.082 Y84.864
G0 X128.354 Y85.145
G0 X128.297 Y85.4
G1 F2700 X125.586 Y85.4 E1367.26215
G0 F9000 X125.586 Y85.68
G1 F2700 X128.438 Y85.68 E1367.32523
G0 F9000 X128.438 Y85.96
G1 F2700 X125.586 Y85.96 E1367.38831
G0 F9000 X125.586 Y86.24
G1 F2700 X128.438 Y86.24 E1367.45139
G0 F9000 X128.438 Y86.52
G1 F2700 X125.586 Y86.52 E1367.51447
G0 F9000 X125.586 Y86.8
G1 F2700 X128.438 Y86.8 E1367.57755
G0 F9000 X128.438 Y87.08
G1 F2700 X125.586 Y87.08 E1367.64063
G0 F9000 X125.586 Y87.36
G1 F2700 X128.438 Y87.36 E1367.70371
G0 F9000 X128.438 Y87.64
G1 F2700 X125.586 Y87.64 E1367.76679
G0 F9000 X125.586 Y87.92
G1 F2700 X128.438 Y87.92 E1367.82987
G0 F9000 X128.438 Y88.2
G1 F2700 X125.586 Y88.2 E1367.89295
G0 F9000 X125.586 Y88.48
G1 F2700 X128.438 Y88.48 E1367.95603
G0 F9000 X128.438 Y88.76
G1 F2700 X125.586 Y88.76 E1368.01911
G0 F9000 X125.586 Y89.04
G1 F2700 X128.438 Y89.04 E1368.08219
G0 F9000 X128.438 Y89.32
G1 F2700 X125.586 Y89.32 E1368.14527
G0 F9000 X125.587 Y89.6
G1 F2700 X128.438 Y89.6 E1368.20833
G0 F9000 X128.438 Y89.88
G1 F2700 X125.587 Y89.88 E1368.27139
G0 F9000 X125.587 Y90.16
G1 F2700 X128.438 Y90.16 E1368.33445
G0 F9000 X128.438 Y90.44
G1 F2700 X125.587 Y90.44 E1368.39751
G0 F9000 X125.587 Y90.72
G1 F2700 X128.438 Y90.72 E1368.46057
G0 F9000 X128.438 Y91
G1 F2700 X125.587 Y91 E1368.52362
G0 F9000 X125.587 Y91.28
G1 F2700 X128.438 Y91.28 E1368.58668
G0 F9000 X128.439 Y91.56
G1 F2700 X125.587 Y91.56 E1368.64976
G0 F9000 X125.587 Y91.84
G1 F2700 X128.439 Y91.84 E1368.71284
G0 F9000 X128.439 Y92.12
G1 F2700 X125.587 Y92.12 E1368.77592
G0 F9000 X125.587 Y92.4
G1 F2700 X128.439 Y92.4 E1368.839
G0 F9000 X128.439 Y92.68
G1 F2700 X125.587 Y92.68 E1368.90208
G0 F9000 X125.587 Y92.96
G1 F2700 X128.439 Y92.96 E1368.96517
G0 F9000 X128.439 Y93.24
G1 F2700 X125.587 Y93.24 E1369.02825
G0 F9000 X125.587 Y93.52
G1 F2700 X128.439 Y93.52 E1369.09133
G0 F9000 X128.439 Y93.8
G1 F2700 X125.587 Y93.8 E1369.15441
G0 F9000 X125.587 Y94.08
G1 F2700 X128.439 Y94.08 E1369.21749
G0 F9000 X128.439 Y94.36
G1 F2700 X125.588 Y94.36 E1369.28055
G0 F9000 X125.588 Y94.64
G1 F2700 X128.439 Y94.64 E1369.3436
G0 F9000 X128.439 Y94.92
G1 F2700 X125.588 Y94.92 E1369.40666
G0 F9000 X125.588 Y95.2
G1 F2700 X128.439 Y95.2 E1369.46972
G0 F9000 X128.439 Y95.48
G1 F2700 X125.588 Y95.48 E1369.53278
G0 F9000 X125.588 Y95.76
G1 F2700 X128.439 Y95.76 E1369.59584
G0 F9000 X128.439 Y96.04
G1 F2700 X125.588 Y96.04 E1369.6589
G0 F9000 X125.588 Y96.32
G1 F2700 X128.439 Y96.32 E1369.72195
G0 F9000 X128.439 Y96.6
G1 F2700 X125.588 Y96.6 E1369.78501
G0 F9000 X125.588 Y96.88
G1 F2700 X128.439 Y96.88 E1369.84807
G0 F9000 X128.439 Y97.16
G1 F2700 X125.588 Y97.16 E1369.91113
G0 F9000 X125.588 Y97.44
G1 F2700 X128.439 Y97.44 E1369.97419
G0 F9000 X128.44 Y97.72
G1 F2700 X125.588 Y97.72 E1370.03727
G0 F9000 X125.588 Y98
G1 F2700 X128.44 Y98 E1370.10035
G0 F9000 X128.44 Y98.28
G1 F2700 X125.588 Y98.28 E1370.16343
G0 F9000 X125.588 Y98.56
G1 F2700 X128.44 Y98.56 E1370.22651
G0 F9000 X128.44 Y98.84
G1 F2700 X125.589 Y98.84 E1370.28957
G0 F9000 X125.589 Y99.12
G1 F2700 X128.44 Y99.12 E1370.35263
G0 F9000 X128.44 Y99.4
G1 F2700 X125.589 Y99.4 E1370.41569
G0 F9000 X125.589 Y99.68
G1 F2700 X128.44 Y99.68 E1370.47874
G0 F9000 X128.44 Y99.96
G1 F2700 X125.589 Y99.96 E1370.5418
G0 F9000 X125.589 Y100.24
G1 F2700 X128.44 Y100.24 E1370.60486
G0 F9000 X128.44 Y100.52
G1 F2700 X125.589 Y100.52 E1370.66792
G0 F9000 X125.589 Y100.8
G1 F2700 X128.44 Y100.8 E1370.73098
G0 F9000 X128.44 Y101.08
G1 F2700 X125.589 Y101.08 E1370.79404
G0 F9000 X125.589 Y101.36
G1 F2700 X128.44 Y101.36 E1370.85709
G0 F9000 X128.44 Y101.64
G1 F2700 X125.589 Y101.64 E1370.92015
G0 F9000 X125.589 Y101.92
G1 F2700 X128.44 Y101.92 E1370.98321
G0 F9000 X128.44 Y102.2
G1 F2700 X125.589 Y102.2 E1371.04627
G0 F9000 X125.589 Y102.48
G1 F2700 X128.44 Y102.48 E1371.10933
G0 F9000 X128.44 Y102.76
G1 F2700 X125.589 Y102.76 E1371.17239
G0 F9000 X125.589 Y103.04
G1 F2700 X128.44 Y103.04 E1371.23544
G0 F9000 X128.44 Y103.32
G1 F2700 X125.59 Y103.32 E1371.29848
G0 F9000 X125.59 Y103.6
G1 F2700 X128.44 Y103.6 E1371.36152
G0 F9000 X128.441 Y103.88
G1 F2700 X125.59 Y103.88 E1371.42458
G0 F9000 X125.59 Y104.16
G1 F2700 X128.441 Y104.16 E1371.48763
G0 F9000 X128.441 Y104.44
G1 F2700 X125.59 Y104.44 E1371.55069
G0 F9000 X125.59 Y104.72
G1 F2700 X128.441 Y104.72 E1371.61375
G0 F9000 X128.441 Y105
G1 F2700 X125.59 Y105 E1371.67681
G0 F9000 X125.59 Y105.28
G1 F2700 X128.441 Y105.28 E1371.73987
G0 F9000 X128.441 Y105.56
G1 F2700 X125.59 Y105.56 E1371.80293
G0 F9000 X125.59 Y105.84
G1 F2700 X128.441 Y105.84 E1371.86598
G0 F9000 X128.441 Y106.12
G1 F2700 X125.59 Y106.12 E1371.92904
G0 F9000 X125.59 Y106.4
G1 F2700 X128.441 Y106.4 E1371.9921
G0 F9000 X128.441 Y106.68
G1 F2700 X125.59 Y106.68 E1372.05516
G0 F9000 X125.59 Y106.96
G1 F2700 X128.441 Y106.96 E1372.11822
G0 F9000 X128.441 Y107.24
G1 F2700 X125.59 Y107.24 E1372.18128
G0 F9000 X125.59 Y107.52
G1 F2700 X128.441 Y107.52 E1372.24433
G0 F9000 X128.441 Y107.8
G1 F2700 X125.591 Y107.8 E1372.30737
G0 F9000 X125.591 Y108.08
G1 F2700 X128.441 Y108.08 E1372.37041
G0 F9000 X128.441 Y108.36
G1 F2700 X125.591 Y108.36 E1372.43344
G0 F9000 X125.591 Y108.64
G1 F2700 X128.441 Y108.64 E1372.49648
G0 F9000 X128.441 Y108.92
G1 F2700 X125.591 Y108.92 E1372.55952
G0 F9000 X125.591 Y109.2
G1 F2700 X128.441 Y109.2 E1372.62255
G0 F9000 X128.441 Y109.48
G1 F2700 X125.591 Y109.48 E1372.68559
G0 F9000 X125.591 Y109.76
G1 F2700 X128.442 Y109.76 E1372.74865
G0 F9000 X128.442 Y110.04
G1 F2700 X125.591 Y110.04 E1372.8117
G0 F9000 X125.591 Y110.32
G1 F2700 X128.442 Y110.32 E1372.87476
G0 F9000 X128.442 Y110.6
G1 F2700 X125.591 Y110.6 E1372.93782
G0 F9000 X125.591 Y110.88
G1 F2700 X128.442 Y110.88 E1373.00088
G0 F9000 X128.442 Y111.16
G1 F2700 X125.591 Y111.16 E1373.06394
G0 F9000 X125.591 Y111.44
G1 F2700 X128.442 Y111.44 E1373.127
G0 F9000 X128.442 Y111.72
G1 F2700 X125.591 Y111.72 E1373.19006
G0 F9000 X125.591 Y112
G1 F2700 X128.442 Y112 E1373.25311
G0 F9000 X128.442 Y112.28
G1 F2700 X125.591 Y112.28 E1373.31617
G0 F9000 X125.592 Y112.56
G1 F2700 X128.442 Y112.56 E1373.37921
G0 F9000 X128.442 Y112.84
G1 F2700 X125.592 Y112.84 E1373.44224
G0 F9000 X125.592 Y113.12
G1 F2700 X128.442 Y113.12 E1373.50528
G0 F9000 X128.442 Y113.4
G1 F2700 X125.592 Y113.4 E1373.56832
G0 F9000 X125.592 Y113.68
G1 F2700 X128.442 Y113.68 E1373.63135
G0 F9000 X128.442 Y113.96
G1 F2700 X125.592 Y113.96 E1373.69439
G0 F9000 X125.592 Y114.24
G1 F2700 X128.442 Y114.24 E1373.75743
G0 F9000 X128.442 Y114.52
G1 F2700 X125.592 Y114.52 E1373.82046
G0 F9000 X125.592 Y114.8
G1 F2700 X128.442 Y114.8 E1373.8835
G0 F9000 X128.442 Y115.08
G1 F2700 X125.592 Y115.08 E1373.94653
G0 F9000 X125.592 Y115.36
G1 F2700 X128.442 Y115.36 E1374.00957
G0 F9000 X128.442 Y115.64
G1 F2700 X125.592 Y115.64 E1374.07261
G0 F9000 X125.592 Y115.92
G1 F2700 X128.443 Y115.92 E1374.13567
G0 F9000 X128.443 Y116.2
G1 F2700 X125.592 Y116.2 E1374.19872
G0 F9000 X125.592 Y116.48
G1 F2700 X128.443 Y116.48 E1374.26178
G0 F9000 X128.443 Y116.76
G1 F2700 X125.592 Y116.76 E1374.32484
G0 F9000 X125.593 Y117.04
G1 F2700 X128.443 Y117.04 E1374.38788
G0 F9000 X128.443 Y117.32
G1 F2700 X125.593 Y117.32 E1374.45091
G0 F9000 X125.593 Y117.6
G1 F2700 X128.443 Y117.6 E1374.51395
G0 F9000 X128.443 Y117.88
G1 F2700 X125.593 Y117.88 E1374.57699
G0 F9000 X125.593 Y118.16
G1 F2700 X128.443 Y118.16 E1374.64002
G0 F9000 X128.443 Y118.44
G1 F2700 X125.593 Y118.44 E1374.70306
G0 F9000 X125.593 Y118.72
G1 F2700 X128.443 Y118.72 E1374.76609
G0 F9000 X128.442 Y119
G1 F2700 X125.592 Y119 E1374.82913
G0 F9000 X125.592 Y119.28
G1 F2700 X128.442 Y119.28 E1374.89217
G0 F9000 X128.442 Y119.56
G1 F2700 X125.592 Y119.56 E1374.9552
G0 F9000 X125.592 Y119.84
G1 F2700 X128.442 Y119.84 E1375.01824
G0 F9000 X128.442 Y120.12
G1 F2700 X125.592 Y120.12 E1375.08128
G0 F9000 X125.592 Y120.4
G1 F2700 X128.442 Y120.4 E1375.14431
G0 F9000 X128.442 Y120.68
G1 F2700 X125.592 Y120.68 E1375.20735
G0 F9000 X125.592 Y120.96
G1 F2700 X128.442 Y120.96 E1375.27038
G0 F9000 X128.442 Y121.24
G1 F2700 X125.592 Y121.24 E1375.33342
G0 F9000 X125.593 Y121.52
G1 F2700 X128.442 Y121.52 E1375.39644
G0 F9000 X128.442 Y121.8
G1 F2700 X125.593 Y121.8 E1375.45945
G0 F9000 X125.593 Y122.08
G1 F2700 X128.443 Y122.08 E1375.52249
G0 F9000 X128.443 Y122.36
G1 F2700 X125.593 Y122.36 E1375.58552
G0 F9000 X125.593 Y122.64
G1 F2700 X128.443 Y122.64 E1375.64856
G0 F9000 X128.443 Y122.92
G1 F2700 X125.593 Y122.92 E1375.71159
G0 F9000 X125.593 Y123.2
G1 F2700 X128.443 Y123.2 E1375.77463
G0 F9000 X128.443 Y123.48
G1 F2700 X125.593 Y123.48 E1375.83767
G0 F9000 X125.593 Y123.76
G1 F2700 X128.443 Y123.76 E1375.9007
G0 F9000 X128.443 Y124.04
G1 F2700 X125.593 Y124.04 E1375.96374
G0 F9000 X125.593 Y124.32
G1 F2700 X128.443 Y124.32 E1376.02678
G0 F9000 X128.443 Y124.6
G1 F2700 X125.593 Y124.6 E1376.08981
G0 F9000 X125.593 Y124.88
G1 F2700 X128.443 Y124.88 E1376.15285
G0 F9000 X128.443 Y125.16
G1 F2700 X125.593 Y125.16 E1376.21588
G0 F9000 X125.593 Y125.44
G1 F2700 X128.443 Y125.44 E1376.27892
G0 F9000 X128.443 Y125.72
G1 F2700 X125.593 Y125.72 E1376.34196
G0 F9000 X125.594 Y126
G1 F2700 X128.443 Y126 E1376.40497
G0 F9000 X128.443 Y126.28
G1 F2700 X125.594 Y126.28 E1376.46799
G0 F9000 X125.594 Y126.56
G1 F2700 X128.443 Y126.56 E1376.531
G0 F9000 X128.443 Y126.84
G1 F2700 X125.594 Y126.84 E1376.59401
G0 F9000 X125.594 Y127.12
G1 F2700 X128.443 Y127.12 E1376.65703
G0 F9000 X128.443 Y127.4
G1 F2700 X125.594 Y127.4 E1376.72004
G0 F9000 X125.594 Y127.68
G1 F2700 X128.443 Y127.68 E1376.78306
G0 F9000 X128.444 Y127.96
G1 F2700 X125.594 Y127.96 E1376.84609
G0 F9000 X125.594 Y128.24
G1 F2700 X128.444 Y128.24 E1376.90913
G0 F9000 X128.444 Y128.52
G1 F2700 X125.594 Y128.52 E1376.97217
G0 F9000 X125.594 Y128.8
G1 F2700 X128.444 Y128.8 E1377.0352
G0 F9000 X128.444 Y129.08
G1 F2700 X125.594 Y129.08 E1377.09824
G0 F9000 X125.594 Y129.36
G1 F2700 X128.444 Y129.36 E1377.16127
G0 F9000 X128.444 Y129.64
G1 F2700 X125.594 Y129.64 E1377.22431
G0 F9000 X125.594 Y129.92
G1 F2700 X128.444 Y129.92 E1377.28735
G0 F9000 X128.444 Y130.2
G1 F2700 X125.594 Y130.2 E1377.35038
G0 F9000 X125.594 Y130.48
G1 F2700 X128.444 Y130.48 E1377.41342
G0 F9000 X128.444 Y130.76
G1 F2700 X125.595 Y130.76 E1377.47643
G0 F9000 X125.595 Y131.04
G1 F2700 X128.444 Y131.04 E1377.53945
G0 F9000 X128.444 Y131.32
G1 F2700 X125.595 Y131.32 E1377.60246
G0 F9000 X125.595 Y131.6
G1 F2700 X128.444 Y131.6 E1377.66548
G0 F9000 X128.444 Y131.88
G1 F2700 X125.595 Y131.88 E1377.72849
G0 F9000 X125.595 Y132.16
G1 F2700 X128.444 Y132.16 E1377.7915
G0 F9000 X128.444 Y132.44
G1 F2700 X125.595 Y132.44 E1377.85452
G0 F9000 X125.595 Y132.72
G1 F2700 X128.444 Y132.72 E1377.91753
G0 F9000 X128.444 Y133
G1 F2700 X125.595 Y133 E1377.98055
G0 F9000 X125.595 Y133.28
G1 F2700 X128.444 Y133.28 E1378.04356
G0 F9000 X128.444 Y133.56
G1 F2700 X125.595 Y133.56 E1378.10657
G0 F9000 X125.595 Y133.84
G1 F2700 X128.444 Y133.84 E1378.16959
G0 F9000 X128.164 Y134.12
G1 F2700 X125.595 Y134.12 E1378.22641
G0 F9000 X125.595 Y134.4
G1 F2700 X127.488 Y134.4 E1378.26828
G0 F9000 X126.813 Y134.68
G1 F2700 X125.595 Y134.68 E1378.29522
G0 F9000 X125.595 Y134.96
G1 F2700 X126.137 Y134.96 E1378.30721
G1 F2400 E1376.30721
G0 F9000 X126.236 Y135.204
G0 X125.846 Y135.258
G0 X108.559 Y122.706
G0 X108.476 Y105
G1 F1200 E1378.30721
G0 F9000 X109.324 Y105
G1 F2700 X108.74 Y105 E1378.32012
G0 F9000 X108.74 Y105.28
G1 F2700 X109.324 Y105.28 E1378.33304
G0 F9000 X109.324 Y105.56
G1 F2700 X108.74 Y105.56 E1378.34596
G0 F9000 X108.74 Y105.84
G1 F2700 X109.324 Y105.84 E1378.35887
G0 F9000 X109.324 Y106.12
G1 F2700 X108.74 Y106.12 E1378.37179
G0 F9000 X108.74 Y106.4
G1 F2700 X109.324 Y106.4 E1378.38471
G0 F9000 X109.324 Y106.68
G1 F2700 X108.74 Y106.68 E1378.39763
G0 F9000 X108.74 Y106.96
G1 F2700 X109.324 Y106.96 E1378.41054
G0 F9000 X109.324 Y107.24
G1 F2700 X108.74 Y107.24 E1378.42346
G0 F9000 X108.74 Y107.52
G1 F2700 X109.324 Y107.52 E1378.43638
G0 F9000 X109.324 Y107.8
G1 F2700 X108.74 Y107.8 E1378.44929
G0 F9000 X108.74 Y108.08
G1 F2700 X109.324 Y108.08 E1378.46221
G0 F9000 X109.324 Y108.36
G1 F2700 X108.74 Y108.36 E1378.47513
G0 F9000 X108.74 Y108.64
G1 F2700 X109.324 Y108.64 E1378.48804
G0 F9000 X109.324 Y108.92
G1 F2700 X108.74 Y108.92 E1378.50096
G0 F9000 X108.74 Y109.2
G1 F2700 X109.324 Y109.2 E1378.51388
G0 F9000 X109.324 Y109.48
G1 F2700 X108.74 Y109.48 E1378.52679
G0 F9000 X108.74 Y109.76
G1 F2700 X109.324 Y109.76 E1378.53971
G0 F9000 X109.324 Y110.04
G1 F2700 X108.74 Y110.04 E1378.55263
G0 F9000 X108.74 Y110.32
G1 F2700 X109.324 Y110.32 E1378.56555
G0 F9000 X109.324 Y110.6
G1 F2700 X108.74 Y110.6 E1378.57846
G0 F9000 X108.74 Y110.88
G1 F2700 X109.324 Y110.88 E1378.59138
G0 F9000 X109.324 Y111.16
G1 F2700 X108.74 Y111.16 E1378.6043
G0 F9000 X108.74 Y111.44
G1 F2700 X109.324 Y111.44 E1378.61721
G0 F9000 X109.324 Y111.72
G1 F2700 X108.74 Y111.72 E1378.63013
G0 F9000 X108.74 Y112
G1 F2700 X109.324 Y112 E1378.64305
G0 F9000 X109.324 Y112.28
G1 F2700 X108.74 Y112.28 E1378.65596
G0 F9000 X108.74 Y112.56
G1 F2700 X109.324 Y112.56 E1378.66888
G0 F9000 X109.324 Y112.84
G1 F2700 X108.74 Y112.84 E1378.6818
G0 F9000 X108.74 Y113.12
G1 F2700 X109.324 Y113.12 E1378.69471
G0 F9000 X109.324 Y113.4
G1 F2700 X108.74 Y113.4 E1378.70763
G0 F9000 X108.74 Y113.68
G1 F2700 X109.324 Y113.68 E1378.72055
G0 F9000 X109.324 Y113.96
G1 F2700 X108.74 Y113.96 E1378.73346
G0 F9000 X108.74 Y114.24
G1 F2700 X109.324 Y114.24 E1378.74638
G0 F9000 X109.324 Y114.52
G1 F2700 X108.74 Y114.52 E1378.7593
G0 F9000 X108.74 Y114.8
G1 F2700 X109.324 Y114.8 E1378.77222
G0 F9000 X109.324 Y115.08
G1 F2700 X108.74 Y115.08 E1378.78513
G0 F9000 X108.74 Y115.36
G1 F2700 X109.324 Y115.36 E1378.79805
G0 F9000 X109.324 Y115.64
G1 F2700 X108.74 Y115.64 E1378.81097
G0 F9000 X108.74 Y115.92
G1 F2700 X109.324 Y115.92 E1378.82388
G0 F9000 X109.324 Y116.2
G1 F2700 X108.74 Y116.2 E1378.8368
G0 F9000 X108.74 Y116.48
G1 F2700 X109.324 Y116.48 E1378.84972
G0 F9000 X109.324 Y116.76
G1 F2700 X108.74 Y116.76 E1378.86263
G0 F9000 X108.74 Y117.04
G1 F2700 X109.324 Y117.04 E1378.87555
G0 F9000 X109.324 Y117.32
G1 F2700 X108.74 Y117.32 E1378.88847
G0 F9000 X108.74 Y117.6
G1 F2700 X109.324 Y117.6 E1378.90138
G0 F9000 X109.324 Y117.88
G1 F2700 X108.74 Y117.88 E1378.9143
G0 F9000 X108.74 Y118.16
G1 F2700 X109.324 Y118.16 E1378.92722
G0 F9000 X109.324 Y118.44
G1 F2700 X108.74 Y118.44 E1378.94014
G0 F9000 X108.74 Y118.72
G1 F2700 X109.324 Y118.72 E1378.95305
G0 F9000 X109.323 Y119
G1 F2700 X108.739 Y119 E1378.96597
G0 F9000 X108.739 Y119.28
G1 F2700 X109.323 Y119.28 E1378.97889
G0 F9000 X108.452 Y119.281
;MESH:NONMESH
G0 F600 X108.452 Y119.281 Z2.08
G0 F9000 X108.052 Y105.268
G0 X107.831 Y105.268
;TIME_ELAPSED:1400.589751
;LAYER:9
;TYPE:WALL-INNER
;MESH:DoorStrikePlate.stl
G1 F3900 X107.831 Y118.938 E1379.5188
G1 X108.787 Y118.938 E1379.55656
G1 X108.787 Y105.268 E1380.09648
G1 X107.831 Y105.268 E1380.13424
G0 F9000 X107.356 Y104.808
;TYPE:WALL-OUTER
G1 F3000 X107.356 Y119.413 E1380.6534
G1 X109.262 Y119.413 E1380.72115
G1 X109.262 Y104.793 E1381.24084
G1 X107.385 Y104.793 E1381.30756
G1 X107.356 Y104.808 E1381.30872
G0 F9000 X107.356 Y105.008
G0 X108.026 Y105.463
G0 X108.309 Y105.746
;TYPE:WALL-INNER
G1 F4276.3 X108.309 Y118.46 E1381.76669
G0 F9000 X108.456 Y118.46
G1 F2400 E1379.76669
G0 F9000 X109.048 Y119.199
G0 X110.152 Y119.199
G0 X124.766 Y119.197
G0 X125.856 Y119.196
G0 X126.634 Y135.203
G1 F1200 E1381.76669
G1 F3900 X129.36 Y134.073 E1381.88324
G1 X129.36 Y85.213 E1383.81304
G1 X126.624 Y84.61 E1383.92369
G1 X126.634 Y135.203 E1385.92193
G0 F9000 X126.134 Y135.951
G1 F3900 X129.86 Y134.407 E1386.08123
G1 X129.86 Y84.811 E1388.0401
G1 X126.589 Y84.09 E1388.17239
G1 X126.124 Y84.09 E1388.19076
G1 X126.134 Y135.951 E1390.23908
G0 F9000 X125.659 Y136.484
;TYPE:WALL-OUTER
G1 F3000 X126.09 Y136.484 E1390.2544
G1 X130.33 Y134.723 E1390.4176
G1 X130.335 Y84.432 E1392.20528
G1 X126.641 Y83.615 E1392.33977
G1 X125.747 Y83.614 E1392.37155
G1 X125.649 Y83.603 E1392.37505
G1 X125.659 Y136.484 E1394.2548
G0 F9000 X125.859 Y136.484
G0 X126.314 Y135.682
G0 X126.953 Y134.908
G0 X126.907 Y134.795
;TYPE:SKIN
G1 F2700 X129.043 Y133.909 E1394.30595
G1 X129.009 Y85.416 E1395.37851
G1 X126.897 Y84.951 E1395.42635
G1 X126.907 Y134.795 E1396.5288
G0 F9000 X126.953 Y134.908
G0 X128.9 Y134.101
G0 X128.8 Y133.859
G1 F2700 X128.8 Y85.513 E1397.59811
G0 F9000 X128.52 Y85.452
G1 F2700 X128.52 Y133.975 E1398.67134
G0 F9000 X128.24 Y134.091
G1 F2700 X128.24 Y85.39 E1399.74851
G0 F9000 X127.96 Y85.329
G1 F2700 X127.96 Y134.207 E1400.82959
G0 F9000 X127.68 Y134.323
G1 F2700 X127.68 Y85.267 E1401.91461
G0 F9000 X127.4 Y85.205
G1 F2700 X127.4 Y134.439 E1403.00357
G0 F9000 X127.12 Y134.555
G1 F2700 X127.12 Y85.144 E1404.09644
G0 F9000 X127.183 Y84.855
G1 F2400 E1402.09644
;MESH:NONMESH
G0 F600 X127.183 Y84.855 Z2.28
G0 F9000 X126.849 Y84.89
G0 X125.853 Y105.46
G0 X124.763 Y105.461
G0 X110.152 Y105.46
G0 X109.042 Y105.46
G0 X108.026 Y105.463
G1 F1200 E1404.09644
G0 F9000 X107.831 Y105.268
;TIME_ELAPSED:1421.602935
;LAYER:10
;TYPE:WALL-INNER
;MESH:DoorStrikePlate.stl
G1 F3535.2 X107.831 Y118.938 E1404.63636
G1 X108.787 Y118.938 E1404.67412
G1 X108.787 Y105.268 E1405.21403
G1 X107.831 Y105.268 E1405.25179
G0 F9000 X107.356 Y104.808
;TYPE:WALL-OUTER
G1 F2719.4 X107.356 Y119.413 E1405.77095
G1 X109.262 Y119.413 E1405.83871
G1 X109.262 Y104.793 E1406.3584
G1 X107.385 Y104.793 E1406.42512
G1 X107.356 Y104.808 E1406.42628
G0 F9000 X107.356 Y105.008
G0 X108.026 Y105.463
G0 X108.309 Y105.746
;TYPE:WALL-INNER
G1 F3876.3 X108.309 Y118.46 E1406.88425
G0 F9000 X108.456 Y118.46
G1 F2400 E1404.88425
G0 F9000 X109.048 Y119.199
G0 X110.152 Y119.199
G0 X125.916 Y119.201
G0 X127.026 Y119.201
G0 X127.781 Y134.728
G1 F1200 E1406.88425
G1 F3535.2 X129.585 Y133.981 E1406.96137
G1 X129.586 Y85.262 E1408.88559
G1 X127.784 Y84.863 E1408.95849
G1 X127.781 Y134.728 E1410.92798
G0 F9000 X127.281 Y135.476
G1 F3535.2 X130.085 Y134.314 E1411.04786
G1 X130.086 Y84.861 E1413.00107
G1 X127.284 Y84.24 E1413.11443
G1 X127.281 Y135.476 E1415.13807
G0 F9000 X126.806 Y136.187
;TYPE:WALL-OUTER
G1 F2719.4 X130.555 Y134.63 E1415.28237
G1 X130.561 Y84.482 E1417.06497
G1 X126.809 Y83.648 E1417.20159
G1 X126.806 Y136.187 E1419.06919
G0 F9000 X126.99 Y136.111
G0 X127.461 Y135.207
G0 X129.049 Y132.866
;TYPE:FILL
G1 F3263.3 X128.316 Y133.6 E1419.11589
G1 X128.315 Y133.927 E1419.13062
G1 X129.049 Y133.623 E1419.16639
G1 X129.049 Y132.06 E1419.23676
G1 X128.316 Y132.793 E1419.28344
G1 X128.316 Y131.987 E1419.31973
G1 X129.049 Y131.254 E1419.3664
G1 X129.049 Y130.448 E1419.40269
G1 X128.316 Y131.181 E1419.44937
G1 X128.316 Y130.375 E1419.48566
G1 X129.049 Y129.642 E1419.53233
G1 X129.049 Y128.836 E1419.56862
G1 X128.316 Y129.569 E1419.6153
G1 X128.316 Y128.763 E1419.65159
G1 X129.049 Y128.03 E1419.69827
G1 X129.049 Y127.224 E1419.73456
G1 X128.316 Y127.957 E1419.78123
G1 X128.316 Y127.151 E1419.81752
G1 X129.049 Y126.417 E1419.86423
G1 X129.049 Y125.611 E1419.90052
G1 X128.316 Y126.345 E1419.94723
G1 X128.316 Y125.539 E1419.98352
G1 X129.049 Y124.805 E1420.03022
G1 X129.049 Y123.999 E1420.06651
G1 X128.316 Y124.732 E1420.11319
G1 X128.316 Y123.926 E1420.14948
G1 X129.049 Y123.193 E1420.19615
G1 X129.049 Y122.387 E1420.23245
G1 X128.316 Y123.12 E1420.27912
G1 X128.316 Y122.314 E1420.31541
G1 X129.049 Y121.581 E1420.36209
G1 X129.049 Y120.775 E1420.39838
G1 X128.317 Y121.507 E1420.44499
G1 X128.317 Y120.701 E1420.48128
G1 X129.049 Y119.969 E1420.52789
G1 X129.049 Y119.163 E1420.56418
G1 X128.317 Y119.895 E1420.61079
G1 X128.317 Y119.089 E1420.64708
G1 X129.049 Y118.356 E1420.69372
G1 X129.049 Y117.55 E1420.73002
G1 X128.317 Y118.283 E1420.77666
G1 X128.317 Y117.477 E1420.81295
G1 X129.049 Y116.744 E1420.85959
G1 X129.049 Y115.938 E1420.89588
G1 X128.317 Y116.671 E1420.94253
G1 X128.317 Y115.865 E1420.97882
G1 X129.049 Y115.132 E1421.02546
G1 X129.049 Y114.326 E1421.06175
G1 X128.317 Y115.059 E1421.10839
G1 X128.317 Y114.252 E1421.14473
G1 X129.049 Y113.52 E1421.19134
G1 X129.049 Y112.714 E1421.22763
G1 X128.317 Y113.446 E1421.27424
G1 X128.317 Y112.64 E1421.31053
G1 X129.049 Y111.908 E1421.35714
G1 X129.049 Y111.102 E1421.39344
G1 X128.317 Y111.834 E1421.44005
G1 X128.317 Y111.028 E1421.47634
G1 X129.049 Y110.295 E1421.52298
G1 X129.049 Y109.489 E1421.55927
G1 X128.317 Y110.222 E1421.60591
G1 X128.317 Y109.415 E1421.64225
G1 X129.049 Y108.683 E1421.68886
G1 X129.049 Y107.877 E1421.72515
G1 X128.317 Y108.609 E1421.77176
G1 X128.317 Y107.803 E1421.80805
G1 X129.049 Y107.071 E1421.85466
G1 X129.049 Y106.265 E1421.89096
G1 X128.317 Y106.997 E1421.93757
G1 X128.317 Y106.191 E1421.97386
G1 X129.049 Y105.459 E1422.02047
G1 X129.049 Y104.653 E1422.05676
G1 X128.317 Y105.385 E1422.10337
G1 X128.317 Y104.578 E1422.13971
G1 X129.049 Y103.847 E1422.18629
G1 X129.049 Y103.041 E1422.22258
G1 X128.317 Y103.772 E1422.26916
G1 X128.317 Y102.966 E1422.30545
G1 X129.049 Y102.234 E1422.35206
G1 X129.049 Y101.428 E1422.38835
G1 X128.317 Y102.16 E1422.43496
G1 X128.317 Y101.354 E1422.47125
G1 X129.049 Y100.622 E1422.51786
G1 X129.049 Y99.816 E1422.55415
G1 X128.317 Y100.548 E1422.60076
G1 X128.317 Y99.742 E1422.63705
G1 X129.049 Y99.01 E1422.68366
G1 X129.049 Y98.204 E1422.71996
G1 X128.317 Y98.936 E1422.76657
G1 X128.317 Y98.13 E1422.80286
G1 X129.049 Y97.398 E1422.84947
G1 X129.049 Y96.592 E1422.88576
G1 X128.318 Y97.323 E1422.93231
G1 X128.318 Y96.517 E1422.9686
G1 X129.049 Y95.786 E1423.01514
G1 X129.049 Y94.979 E1423.05148
G1 X128.318 Y95.711 E1423.09806
G1 X128.318 Y94.905 E1423.13435
G1 X129.049 Y94.173 E1423.18093
G1 X129.049 Y93.367 E1423.21722
G1 X128.318 Y94.098 E1423.26377
G1 X128.318 Y93.292 E1423.30006
G1 X129.049 Y92.561 E1423.34661
G1 X129.049 Y91.755 E1423.3829
G1 X128.318 Y92.486 E1423.42944
G1 X128.318 Y91.68 E1423.46574
G1 X129.049 Y90.949 E1423.51228
G1 X129.049 Y90.143 E1423.54857
G1 X128.318 Y90.874 E1423.59512
G1 X128.318 Y90.068 E1423.63141
G1 X129.049 Y89.337 E1423.67796
G1 X129.049 Y88.531 E1423.71425
G1 X128.318 Y89.262 E1423.7608
G1 X128.318 Y88.456 E1423.79709
G1 X129.049 Y87.725 E1423.84364
G1 X129.049 Y86.918 E1423.87997
G1 X128.318 Y87.65 E1423.92655
G1 X128.318 Y86.844 E1423.96284
G1 X129.049 Y86.112 E1424.00942
G1 X129.05 Y85.692 E1424.02833
G1 X128.735 Y85.621 E1424.04287
G1 X128.318 Y86.037 E1424.06939
G1 X128.318 Y85.528 E1424.09231
G1 F2400 E1422.09231
;MESH:NONMESH
G0 F600 X128.318 Y85.528 Z2.48
G0 F9000 X127.027 Y105.465
G0 X125.917 Y105.465
G0 X110.152 Y105.465
G0 X109.042 Y105.465
G0 X108.026 Y105.463
G1 F1200 E1424.09231
G0 F9000 X107.831 Y105.268
;TIME_ELAPSED:1437.545677
;LAYER:11
;TYPE:WALL-INNER
;MESH:DoorStrikePlate.stl
G1 F3072.3 X107.831 Y118.938 E1424.63223
G1 X108.787 Y118.938 E1424.66998
G1 X108.787 Y105.268 E1425.2099
G1 X107.831 Y105.268 E1425.24766
G0 F9000 X107.356 Y104.808
;TYPE:WALL-OUTER
G1 F2363.3 X107.356 Y119.413 E1425.76682
G1 X109.262 Y119.413 E1425.83457
G1 X109.262 Y104.793 E1426.35427
G1 X107.385 Y104.793 E1426.42099
G1 X107.356 Y104.808 E1426.42215
G0 F9000 X107.356 Y105.008
G0 X108.026 Y105.463
G0 X108.309 Y105.746
;TYPE:WALL-INNER
G1 F3368.8 X108.309 Y118.46 E1426.88012
G0 F9000 X108.456 Y118.46
G1 F2400 E1424.88012
G0 F9000 X109.048 Y119.199
G0 X110.152 Y119.199
G0 X126.491 Y119.198
G0 X127.581 Y119.197
G0 X128.358 Y134.489
G1 F1200 E1426.88012
G1 F3072.3 X129.792 Y133.895 E1426.94142
G1 X129.793 Y85.309 E1428.86039
G1 X128.351 Y84.988 E1428.91874
G1 X128.358 Y134.489 E1430.87385
G0 F9000 X127.858 Y135.237
G1 F3072.3 X130.292 Y134.229 E1430.9779
G1 X130.293 Y84.907 E1432.92595
G1 X127.851 Y84.365 E1433.02474
G1 X127.858 Y135.237 E1435.034
G0 F9000 X127.383 Y135.948
;TYPE:WALL-OUTER
G1 F2363.3 X130.762 Y134.545 E1435.16406
G1 X130.768 Y84.528 E1436.942
G1 X127.375 Y83.772 E1437.06557
G1 X127.383 Y135.948 E1438.92026
G0 F9000 X127.567 Y135.872
G0 X128.038 Y134.968
G0 X128.836 Y133.774
;TYPE:FILL
G1 F3537.2 X128.836 Y133.442 E1438.93224
G1 X128.836 Y133.11 E1438.94423
G1 X128.836 Y132.778 E1438.95621
G1 X128.836 Y132.446 E1438.9682
G1 X128.836 Y132.114 E1438.98018
G1 X128.836 Y131.782 E1438.99217
G1 F3545 X128.836 Y131.45 E1439.00413
G1 X128.835 Y131.118 E1439.01609
G1 X128.835 Y130.786 E1439.02805
G1 X128.835 Y130.454 E1439.04
G1 X128.835 Y130.122 E1439.05196
G1 X128.835 Y129.79 E1439.06392
G1 F3552.8 X128.835 Y129.458 E1439.07585
G1 X128.835 Y129.126 E1439.08779
G1 X128.835 Y128.794 E1439.09972
G1 X128.834 Y128.462 E1439.11165
G1 X128.834 Y128.13 E1439.12359
G1 X128.834 Y127.798 E1439.13552
G1 F3560.6 X128.834 Y127.466 E1439.14742
G1 X128.834 Y127.134 E1439.15933
G1 X128.834 Y126.802 E1439.17124
G1 X128.834 Y126.47 E1439.18314
G1 X128.833 Y126.138 E1439.19505
G1 X128.833 Y125.806 E1439.20696
G1 F3568.5 X128.833 Y125.474 E1439.21884
G1 X128.833 Y125.142 E1439.23072
G1 X128.833 Y124.81 E1439.2426
G1 X128.833 Y124.478 E1439.25448
G1 X128.833 Y124.146 E1439.26636
G1 X128.833 Y123.814 E1439.27824
G1 F3576.4 X128.832 Y123.482 E1439.29009
G1 X128.832 Y123.15 E1439.30195
G1 X128.832 Y122.818 E1439.3138
G1 X128.832 Y122.486 E1439.32565
G1 X128.832 Y122.154 E1439.33751
G1 X128.832 Y121.822 E1439.34936
G1 F3584.3 X128.832 Y121.49 E1439.36119
G1 X128.832 Y121.158 E1439.37302
G1 X128.831 Y120.826 E1439.38485
G1 X128.831 Y120.494 E1439.39667
G1 X128.831 Y120.162 E1439.4085
G1 X128.831 Y119.83 E1439.42033
G1 F3592.3 X128.831 Y119.498 E1439.43213
G1 X128.831 Y119.166 E1439.44393
G1 X128.831 Y118.834 E1439.45573
G1 X128.83 Y118.502 E1439.46753
G1 X128.83 Y118.17 E1439.47934
G1 X128.83 Y117.838 E1439.49114
G1 F3600.3 X128.83 Y117.506 E1439.50291
G1 X128.83 Y117.174 E1439.51469
G1 X128.83 Y116.842 E1439.52646
G1 X128.83 Y116.51 E1439.53824
G1 X128.83 Y116.178 E1439.55001
G1 X128.829 Y115.846 E1439.56179
G1 F3608.3 X128.829 Y115.514 E1439.57354
G1 X128.829 Y115.182 E1439.58529
G1 X128.829 Y114.85 E1439.59704
G1 X128.829 Y114.518 E1439.60879
G1 X128.829 Y114.186 E1439.62054
G1 X128.829 Y113.854 E1439.63228
G1 F3616.4 X128.829 Y113.522 E1439.64401
G1 X128.828 Y113.19 E1439.65573
G1 X128.828 Y112.858 E1439.66745
G1 X128.828 Y112.526 E1439.67918
G1 X128.828 Y112.194 E1439.6909
G1 X128.828 Y111.862 E1439.70262
G1 F3624.5 X128.828 Y111.53 E1439.71432
G1 X128.828 Y111.198 E1439.72601
G1 X128.827 Y110.866 E1439.73771
G1 X128.827 Y110.534 E1439.74941
G1 X128.827 Y110.202 E1439.7611
G1 X128.827 Y109.87 E1439.7728
G1 X128.827 Y109.538 E1439.7845
G1 F3632.6 X128.827 Y109.206 E1439.79617
G1 X128.827 Y108.874 E1439.80784
G1 X128.827 Y108.542 E1439.81951
G1 X128.826 Y108.21 E1439.83118
G1 X128.826 Y107.878 E1439.84285
G1 X128.826 Y107.546 E1439.85452
G1 F3640.8 X128.826 Y107.214 E1439.86616
G1 X128.826 Y106.882 E1439.87781
G1 X128.826 Y106.55 E1439.88945
G1 X128.826 Y106.218 E1439.9011
G1 X128.826 Y105.886 E1439.91274
G1 X128.825 Y105.554 E1439.92439
G1 F3649 X128.825 Y105.222 E1439.936
G1 X128.825 Y104.89 E1439.94762
G1 X128.825 Y104.558 E1439.95924
G1 X128.825 Y104.226 E1439.97086
G1 X128.825 Y103.894 E1439.98248
G1 X128.825 Y103.562 E1439.99409
G1 F3657.3 X128.824 Y103.23 E1440.00568
G1 X128.824 Y102.898 E1440.01728
G1 X128.824 Y102.566 E1440.02887
G1 X128.824 Y102.234 E1440.04046
G1 X128.824 Y101.902 E1440.05205
G1 X128.824 Y101.57 E1440.06364
G1 F3665.6 X128.824 Y101.238 E1440.07521
G1 X128.824 Y100.906 E1440.08677
G1 X128.823 Y100.574 E1440.09834
G1 X128.823 Y100.242 E1440.10991
G1 X128.823 Y99.91 E1440.12147
G1 X128.823 Y99.578 E1440.13304
G1 F3673.9 X128.823 Y99.246 E1440.14458
G1 X128.823 Y98.914 E1440.15612
G1 X128.823 Y98.582 E1440.16765
G1 X128.822 Y98.25 E1440.17919
G1 X128.822 Y97.918 E1440.19073
G1 X128.822 Y97.586 E1440.20227
G1 F3682.3 X128.822 Y97.254 E1440.21379
G1 X128.822 Y96.922 E1440.2253
G1 X128.822 Y96.59 E1440.23681
G1 X128.822 Y96.258 E1440.24832
G1 X128.822 Y95.926 E1440.25984
G1 X128.821 Y95.594 E1440.27135
G1 F3690.7 X128.821 Y95.262 E1440.28284
G1 X128.821 Y94.93 E1440.29432
G1 X128.821 Y94.598 E1440.30581
G1 X128.821 Y94.266 E1440.3173
G1 X128.821 Y93.934 E1440.32878
G1 X128.821 Y93.602 E1440.34027
G1 F3699.1 X128.821 Y93.27 E1440.35173
G1 X128.82 Y92.938 E1440.36319
G1 X128.82 Y92.606 E1440.37465
G1 X128.82 Y92.274 E1440.38611
G1 X128.82 Y91.942 E1440.39757
G1 X128.82 Y91.61 E1440.40904
G1 F3707.6 X128.82 Y91.278 E1440.42047
G1 X128.82 Y90.946 E1440.4319
G1 X128.819 Y90.614 E1440.44334
G1 X128.819 Y90.282 E1440.45477
G1 X128.819 Y89.95 E1440.46621
G1 X128.819 Y89.618 E1440.47764
G1 F3716.1 X128.819 Y89.286 E1440.48905
G1 X128.819 Y88.954 E1440.50046
G1 X128.819 Y88.622 E1440.51187
G1 X128.819 Y88.29 E1440.52327
G1 X128.818 Y87.958 E1440.53468
G1 X128.818 Y87.626 E1440.54609
G1 F3724.7 X128.818 Y87.294 E1440.55747
G1 X128.818 Y86.962 E1440.56885
G1 X128.818 Y86.63 E1440.58024
G1 X128.818 Y86.298 E1440.59162
G1 X128.818 Y85.966 E1440.603
G1 X128.818 Y85.634 E1440.61438
G1 F2400 E1438.61438
;MESH:NONMESH
G0 F600 X128.818 Y85.634 Z2.68
G0 F9000 X127.579 Y105.46
G0 X126.489 Y105.461
G0 X110.152 Y105.46
G0 X109.042 Y105.46
G0 X108.026 Y105.463
G1 F1200 E1440.61438
G0 F9000 X107.831 Y105.268
;TIME_ELAPSED:1449.977743
;LAYER:12
;TYPE:WALL-INNER
;MESH:DoorStrikePlate.stl
G1 F3052.7 X107.831 Y118.938 E1441.1543
G1 X108.787 Y118.938 E1441.19206
G1 X108.787 Y105.268 E1441.73197
G1 X107.831 Y105.268 E1441.76973
G0 F9000 X107.356 Y104.808
;TYPE:WALL-OUTER
G1 F2348.3 X107.356 Y119.413 E1442.28889
G1 X109.262 Y119.413 E1442.35664
G1 X109.262 Y104.793 E1442.87634
G1 X107.385 Y104.793 E1442.94306
G1 X107.356 Y104.808 E1442.94422
G0 F9000 X107.356 Y105.008
G0 X108.026 Y105.463
G0 X108.309 Y105.746
;TYPE:WALL-INNER
G1 F3347.3 X108.309 Y118.46 E1443.40219
G0 F9000 X108.456 Y118.46
G1 F2400 E1441.40219
G0 F9000 X109.048 Y119.199
G0 X110.152 Y119.199
G0 X126.941 Y119.187
G0 X128.031 Y119.186
G0 X128.816 Y134.299
G1 F1200 E1443.40219
G1 F3052.7 X129.969 Y133.822 E1443.45147
G1 X129.973 Y85.347 E1445.36606
G1 X128.783 Y85.083 E1445.4142
G1 X128.816 Y134.299 E1447.35806
G0 F9000 X128.317 Y135.047
G1 F3052.7 X130.469 Y134.155 E1447.45007
G1 X130.473 Y84.946 E1449.39364
G1 X128.283 Y84.46 E1449.48225
G1 X128.317 Y135.047 E1451.48025
G0 F9000 X127.842 Y135.757
;TYPE:WALL-OUTER
G1 F2348.3 X130.939 Y134.471 E1451.59945
G1 X130.948 Y84.567 E1453.37338
G1 X127.808 Y83.869 E1453.48772
G1 X127.842 Y135.757 E1455.33217
G0 F9000 X128.026 Y135.681
G0 X128.496 Y134.778
G0 X129.631 Y133.597
;TYPE:FILL
G1 F4724.2 X129.633 Y85.621 E1456.62069
G1 F2400 E1454.62069
;MESH:NONMESH
G0 F600 X129.633 Y85.621 Z2.88
G0 F9000 X128.021 Y105.449
G0 X126.931 Y105.45
G0 X110.152 Y105.449
G0 X109.042 Y105.449
G0 X108.026 Y105.463
G1 F1200 E1456.62069
G0 F9000 X107.831 Y105.268
;TIME_ELAPSED:1462.232519
;LAYER:13
;TYPE:WALL-INNER
;MESH:DoorStrikePlate.stl
G1 F2921.9 X107.831 Y118.938 E1457.16061
G1 X108.787 Y118.938 E1457.19836
G1 X108.787 Y105.268 E1457.73828
G1 X107.831 Y105.268 E1457.77604
G0 F9000 X107.356 Y104.808
;TYPE:WALL-OUTER
G1 F2247.6 X107.356 Y119.413 E1458.2952
G1 X109.262 Y119.413 E1458.36295
G1 X109.262 Y104.793 E1458.88265
G1 X107.385 Y104.793 E1458.94937
G1 X107.356 Y104.808 E1458.95053
G0 F9000 X107.356 Y105.008
G0 X108.026 Y105.463
G0 X108.309 Y105.746
;TYPE:WALL-INNER
G1 F3203.8 X108.309 Y118.46 E1459.40849
G0 F9000 X108.456 Y118.46
G1 F2400 E1457.40849
G0 F9000 X109.048 Y119.199
G0 X110.152 Y119.199
G0 X127.302 Y119.185
G0 X128.392 Y119.184
G0 X129.296 Y133.974
G1 F1200 E1459.40849
G1 F1990.4 X130.029 Y133.671 E1459.45448
G1 X130.029 Y132.882 E1459.50023
G1 X130.029 Y132.093 E1459.54598
G1 X130.029 Y131.304 E1459.59172
G1 F1987.7 X130.029 Y130.515 E1459.63753
G1 X130.029 Y129.726 E1459.68334
G1 X130.029 Y128.937 E1459.72915
G1 F1985 X130.029 Y128.148 E1459.77502
G1 X130.029 Y127.359 E1459.82089
G1 X130.029 Y126.57 E1459.86676
G1 F1982.3 X130.028 Y125.781 E1459.9127
G1 X130.028 Y124.992 E1459.95863
G1 X130.028 Y124.203 E1460.00457
G1 F1979.6 X130.028 Y123.414 E1460.05056
G1 X130.028 Y122.625 E1460.09656
G1 F1976.9 X130.028 Y121.836 E1460.14262
G1 X130.028 Y121.047 E1460.18868
G1 X130.028 Y120.258 E1460.23473
G1 F1974.3 X130.028 Y119.469 E1460.28085
G1 X130.028 Y118.68 E1460.32697
G1 X130.027 Y117.891 E1460.3731
G1 F1971.6 X130.027 Y117.102 E1460.41928
G1 X130.027 Y116.313 E1460.46546
G1 X130.027 Y115.524 E1460.51164
G1 F1968.9 X130.027 Y114.735 E1460.55789
G1 X130.027 Y113.946 E1460.60414
G1 X130.027 Y113.157 E1460.65038
G1 F1966.3 X130.027 Y112.368 E1460.69669
G1 X130.027 Y111.579 E1460.743
G1 X130.026 Y110.79 E1460.7893
G1 F2348.8 X130.149 Y110.34 E1460.81223
G1 F2921.9 X130.154 Y85.387 E1461.79778
G1 X129.14 Y85.163 E1461.83879
G1 X129.159 Y110.34 E1462.8332
G1 F2348.8 X129.282 Y110.79 E1462.85612
G1 F1966.3 X129.282 Y111.589 E1462.90301
G1 X129.282 Y112.388 E1462.94991
G1 X129.283 Y113.187 E1462.9968
G1 F1968.9 X129.283 Y113.986 E1463.04363
G1 X129.284 Y114.785 E1463.09046
G1 X129.284 Y115.584 E1463.1373
G1 F1971.6 X129.285 Y116.383 E1463.18406
G1 X129.285 Y117.182 E1463.23083
G1 X129.286 Y117.981 E1463.2776
G1 F1974.3 X129.286 Y118.78 E1463.32431
G1 X129.287 Y119.579 E1463.37101
G1 X129.287 Y120.378 E1463.41772
G1 F1976.9 X129.288 Y121.177 E1463.46436
G1 X129.288 Y121.976 E1463.511
G1 X129.289 Y122.775 E1463.55764
G1 F1979.6 X129.289 Y123.574 E1463.60422
G1 X129.29 Y124.373 E1463.6508
G1 F1982.3 X129.29 Y125.172 E1463.69732
G1 X129.291 Y125.971 E1463.74383
G1 X129.291 Y126.77 E1463.79035
G1 F1985 X129.292 Y127.569 E1463.8368
G1 X129.292 Y128.368 E1463.88326
G1 X129.293 Y129.167 E1463.92971
G1 F1987.7 X129.293 Y129.966 E1463.9761
G1 X129.294 Y130.765 E1464.02249
G1 X129.294 Y131.564 E1464.06888
G1 F1990.4 X129.295 Y132.363 E1464.1152
G1 X129.295 Y133.162 E1464.16153
G1 X129.295 Y133.961 E1464.20786
G0 F9000 X128.859 Y134.628
G0 X128.68 Y134.897
G1 F2921.9 X130.646 Y134.082 E1464.29191
G1 X130.648 Y110.79 E1465.21187
G1 X130.654 Y84.986 E1466.23103
G1 X128.64 Y84.541 E1466.31249
G1 X128.68 Y134.897 E1468.30138
G0 F9000 X128.205 Y135.608
;TYPE:WALL-OUTER
G1 F2247.6 X131.116 Y134.398 E1468.41344
G1 X131.123 Y110.79 E1469.25262
G1 X131.129 Y84.609 E1470.18327
G1 X128.165 Y83.95 E1470.29121
G1 X128.205 Y135.608 E1472.12748
G0 F9000 X128.389 Y135.532
G0 X128.859 Y134.628
G0 X129.654 Y110.277
;TYPE:FILL
G1 F3137.5 X129.654 Y109.917 E1472.14142
G1 X129.654 Y109.557 E1472.15535
G1 X129.654 Y109.197 E1472.16929
G1 F3131.1 X129.654 Y108.837 E1472.18325
G1 X129.654 Y108.477 E1472.19721
G1 X129.654 Y108.117 E1472.21117
G1 F3124.7 X129.654 Y107.757 E1472.22517
G1 X129.654 Y107.397 E1472.23916
G1 X129.654 Y107.037 E1472.25315
G1 F3118.4 X129.653 Y106.677 E1472.26717
G1 X129.653 Y106.317 E1472.28119
G1 X129.653 Y105.957 E1472.29521
G1 F3112.1 X129.653 Y105.597 E1472.30926
G1 X129.653 Y105.237 E1472.3233
G1 X129.653 Y104.877 E1472.33735
G1 F3105.8 X129.653 Y104.517 E1472.35143
G1 X129.653 Y104.157 E1472.3655
G1 X129.653 Y103.797 E1472.37958
G1 X129.653 Y103.437 E1472.39366
G1 F3099.5 X129.652 Y103.077 E1472.40776
G1 X129.652 Y102.717 E1472.42187
G1 X129.652 Y102.357 E1472.43597
G1 F3093.3 X129.652 Y101.997 E1472.45011
G1 X129.652 Y101.637 E1472.46424
G1 X129.652 Y101.277 E1472.47837
G1 F3087.1 X129.652 Y100.917 E1472.49253
G1 X129.652 Y100.557 E1472.5067
G1 X129.652 Y100.197 E1472.52086
G1 F3080.9 X129.652 Y99.837 E1472.53505
G1 X129.651 Y99.477 E1472.54924
G1 X129.651 Y99.117 E1472.56343
G1 F3074.7 X129.651 Y98.757 E1472.57765
G1 X129.651 Y98.397 E1472.59187
G1 X129.651 Y98.037 E1472.60609
G1 F3068.6 X129.651 Y97.677 E1472.62033
G1 X129.651 Y97.317 E1472.63458
G1 X129.651 Y96.957 E1472.64883
G1 F3062.5 X129.651 Y96.597 E1472.6631
G1 X129.65 Y96.237 E1472.67738
G1 X129.65 Y95.877 E1472.69165
G1 F3056.4 X129.65 Y95.517 E1472.70596
G1 X129.65 Y95.157 E1472.72026
G1 X129.65 Y94.797 E1472.73457
G1 F3050.3 X129.65 Y94.437 E1472.7489
G1 X129.65 Y94.077 E1472.76323
G1 X129.65 Y93.717 E1472.77756
G1 F3044.3 X129.65 Y93.357 E1472.79192
G1 X129.65 Y92.997 E1472.80628
G1 X129.649 Y92.637 E1472.82065
G1 F3038.3 X129.649 Y92.277 E1472.83504
G1 X129.649 Y91.917 E1472.84942
G1 X129.649 Y91.557 E1472.86381
G1 X129.649 Y91.197 E1472.8782
G1 F3032.3 X129.649 Y90.837 E1472.89262
G1 X129.649 Y90.477 E1472.90704
G1 X129.649 Y90.117 E1472.92146
G1 F3026.3 X129.649 Y89.757 E1472.9359
G1 X129.649 Y89.397 E1472.95035
G1 X129.648 Y89.037 E1472.9648
G1 F3020.4 X129.648 Y88.677 E1472.97927
G1 X129.648 Y88.317 E1472.99374
G1 X129.648 Y87.957 E1473.00822
G1 F3014.4 X129.648 Y87.597 E1473.02272
G1 X129.648 Y87.237 E1473.03723
G1 X129.648 Y86.877 E1473.05173
G1 F3008.5 X129.648 Y86.517 E1473.06626
G1 X129.648 Y86.157 E1473.08079
G1 X129.648 Y85.797 E1473.09532
G1 F2400 E1471.09532
;MESH:NONMESH
G0 F600 X129.648 Y85.797 Z3.08
G0 F9000 X128.381 Y105.447
G0 X127.291 Y105.448
G0 X110.152 Y105.447
G0 X109.042 Y105.447
G0 X108.026 Y105.463
G1 F1200 E1473.09532
G0 F9000 X107.831 Y105.268
;TIME_ELAPSED:1475.321386
;LAYER:14
;TYPE:WALL-INNER
;MESH:DoorStrikePlate.stl
G1 F2690 X107.831 Y118.938 E1473.63524
G1 X108.787 Y118.938 E1473.673
G1 X108.787 Y105.268 E1474.21291
G1 X107.831 Y105.268 E1474.25067
G0 F9000 X107.356 Y104.808
;TYPE:WALL-OUTER
G1 F2069.2 X107.356 Y119.413 E1474.76983
G1 X109.262 Y119.413 E1474.83758
G1 X109.262 Y104.793 E1475.35728
G1 X107.385 Y104.793 E1475.424
G1 X107.356 Y104.808 E1475.42516
G0 F9000 X107.356 Y105.008
G0 X108.026 Y105.463
G0 X108.309 Y105.746
;TYPE:WALL-INNER
G1 F2949.5 X108.309 Y118.46 E1475.88313
G0 F9000 X108.456 Y118.46
G1 F2400 E1473.88313
G0 F9000 X109.048 Y119.199
G0 X110.152 Y119.199
G0 X127.63 Y119.2
G0 X128.72 Y119.199
G0 X129.577 Y133.895
G1 F1200 E1475.88313
G1 F2022.5 X130.243 Y133.619 E1475.921
G1 F2025.6 X130.243 Y131.694 E1476.02197
G1 X130.243 Y129.769 E1476.12294
G1 X130.243 Y127.844 E1476.2239
G1 X130.242 Y125.919 E1476.32487
G1 X130.242 Y123.994 E1476.42584
G1 X130.242 Y122.069 E1476.52681
G1 F2028.6 X130.241 Y120.144 E1476.62763
G1 X130.241 Y118.219 E1476.72844
G1 X130.241 Y116.294 E1476.82926
G1 X130.24 Y114.369 E1476.93008
G1 X130.24 Y112.444 E1477.03089
G1 X130.24 Y110.519 E1477.13171
G1 X130.239 Y108.594 E1477.23253
G1 F2031.7 X130.239 Y106.669 E1477.33319
G1 X130.239 Y104.744 E1477.43385
G1 X130.238 Y102.819 E1477.53452
G1 X130.238 Y100.894 E1477.63518
G1 X130.238 Y98.969 E1477.73585
G1 X130.237 Y97.044 E1477.83651
G1 F2034.8 X130.237 Y95.119 E1477.93703
G1 X130.237 Y93.194 E1478.03754
G1 X130.236 Y91.269 E1478.13805
G1 X130.236 Y89.344 E1478.23856
G1 X130.236 Y87.419 E1478.33908
G1 X130.236 Y85.494 E1478.43959
G1 X129.574 Y85.341 E1478.47506
G1 X129.574 Y87.283 E1478.57646
G1 X129.574 Y89.225 E1478.67786
G1 X129.574 Y91.167 E1478.77926
G1 X129.574 Y93.109 E1478.88066
G1 X129.574 Y95.051 E1478.98206
G1 X129.574 Y96.993 E1479.08347
G1 F2031.7 X129.574 Y98.935 E1479.18502
G1 X129.574 Y100.877 E1479.28657
G1 X129.575 Y102.819 E1479.38813
G1 X129.575 Y104.761 E1479.48968
G1 X129.575 Y106.703 E1479.59123
G1 X129.575 Y108.645 E1479.69279
G1 F2028.6 X129.575 Y110.587 E1479.79449
G1 X129.575 Y112.529 E1479.8962
G1 X129.575 Y114.471 E1479.99791
G1 X129.575 Y116.413 E1480.09961
G1 X129.576 Y118.355 E1480.20132
G1 X129.576 Y120.297 E1480.30303
G1 X129.576 Y122.239 E1480.40473
G1 F2025.6 X129.576 Y124.181 E1480.50659
G1 X129.576 Y126.123 E1480.60845
G1 X129.576 Y128.065 E1480.71032
G1 X129.576 Y130.007 E1480.81218
G1 X129.576 Y131.949 E1480.91404
G1 X129.576 Y133.891 E1481.0159
G0 F9000 X129.175 Y134.496
G0 X128.995 Y134.765
G1 F2690 X130.825 Y134.007 E1481.09413
G1 X130.815 Y85.021 E1483.0289
G1 X128.995 Y84.619 E1483.10252
G1 X128.995 Y134.765 E1485.0831
G0 F9000 X128.52 Y135.476
;TYPE:WALL-OUTER
G1 F2069.2 X131.3 Y134.321 E1485.19011
G1 X131.284 Y84.642 E1486.95604
G1 X128.52 Y84.028 E1487.05669
G1 X128.52 Y135.476 E1488.8855
G0 F9000 X128.704 Y135.4
G0 X129.62 Y134.165
G1 F2400 E1486.8855
;MESH:NONMESH
G0 F600 X129.62 Y134.165 Z3.28
G0 F9000 X128.72 Y105.463
G0 X127.63 Y105.464
G0 X110.152 Y105.463
G0 X109.042 Y105.463
G0 X108.026 Y105.463
G1 F1200 E1488.8855
G0 F9000 X107.831 Y105.268
;TIME_ELAPSED:1488.451045
;LAYER:15
;TYPE:WALL-INNER
;MESH:DoorStrikePlate.stl
G1 F2694 X107.831 Y118.938 E1489.42541
G1 X108.787 Y118.938 E1489.46317
G1 X108.787 Y105.268 E1490.00309
G1 X107.831 Y105.268 E1490.04085
G0 F9000 X107.356 Y104.808
;TYPE:WALL-OUTER
G1 F2072.3 X107.356 Y119.413 E1490.56001
G1 X109.262 Y119.413 E1490.62776
G1 X109.262 Y104.793 E1491.14745
G1 X107.385 Y104.793 E1491.21417
G1 X107.356 Y104.808 E1491.21534
G0 F9000 X107.356 Y105.008
G0 X108.026 Y105.463
G0 X108.309 Y105.746
;TYPE:WALL-INNER
G1 F2953.9 X108.309 Y118.46 E1491.6733
G0 F9000 X108.456 Y118.46
G1 F2400 E1489.6733
G0 F9000 X109.048 Y119.199
G0 X110.152 Y119.199
G0 X127.902 Y119.2
G0 X128.992 Y119.199
G0 X129.818 Y133.828
G1 F1200 E1491.6733
G1 F2233.8 X130.422 Y133.578 E1491.70444
G1 F2237.5 X130.422 Y129.879 E1491.88034
G1 X130.422 Y126.18 E1492.05624
G1 X130.422 Y122.481 E1492.23214
G1 X130.421 Y118.782 E1492.40804
G1 X130.421 Y115.083 E1492.58395
G1 X130.421 Y111.384 E1492.75985
G1 X130.42 Y107.685 E1492.93575
G1 F2241.2 X130.42 Y103.986 E1493.11136
G1 X130.42 Y100.287 E1493.28696
G1 X130.419 Y96.588 E1493.46257
G1 X130.419 Y92.889 E1493.63818
G1 X130.419 Y89.19 E1493.81379
G1 X130.418 Y85.491 E1493.9894
G1 X129.817 Y85.363 E1494.01857
G1 X129.817 Y89.091 E1494.19556
G1 X129.817 Y92.819 E1494.37254
G1 X129.817 Y96.547 E1494.54953
G1 X129.817 Y100.275 E1494.72652
G1 X129.817 Y104.003 E1494.9035
G1 X129.817 Y107.731 E1495.08049
G1 F2237.5 X129.817 Y111.459 E1495.25777
G1 X129.817 Y115.187 E1495.43505
G1 X129.817 Y118.915 E1495.61233
G1 X129.817 Y122.643 E1495.78961
G1 X129.817 Y126.371 E1495.96689
G1 X129.817 Y130.099 E1496.14417
G1 X129.817 Y133.827 E1496.32145
G0 F9000 X129.267 Y134.652
G1 F2694 X130.973 Y133.947 E1496.39435
G1 X130.968 Y85.054 E1498.32545
G1 X129.267 Y84.679 E1498.39425
G1 X129.267 Y134.652 E1500.368
G0 F9000 X128.792 Y135.363
;TYPE:WALL-OUTER
G1 F2072.3 X131.444 Y134.262 E1500.47007
G1 X131.442 Y84.718 E1502.2312
G1 X131.34 Y84.65 E1502.23556
G1 X128.792 Y84.088 E1502.32831
G1 X128.792 Y135.363 E1504.15097
G0 F9000 X128.976 Y135.287
G0 X129.892 Y134.053
G1 F2400 E1502.15097
;MESH:NONMESH
G0 F600 X129.892 Y134.053 Z3.48
G0 F9000 X128.992 Y105.463
G0 X127.902 Y105.464
G0 X110.152 Y105.463
G0 X109.042 Y105.463
G0 X108.026 Y105.463
G1 F1200 E1504.15097
G0 F9000 X107.831 Y105.268
;TIME_ELAPSED:1501.265670
;LAYER:16
;TYPE:WALL-INNER
;MESH:DoorStrikePlate.stl
G1 F2684.7 X107.831 Y118.938 E1504.69089
G1 X108.787 Y118.938 E1504.72865
G1 X108.787 Y105.268 E1505.26856
G1 X107.831 Y105.268 E1505.30632
G0 F9000 X107.356 Y104.808
;TYPE:WALL-OUTER
G1 F2065.2 X107.356 Y119.413 E1505.82548
G1 X109.262 Y119.413 E1505.89323
G1 X109.262 Y104.793 E1506.41293
G1 X107.385 Y104.793 E1506.47965
G1 X107.356 Y104.808 E1506.48081
G0 F9000 X107.356 Y105.008
G0 X108.026 Y105.463
G0 X108.309 Y105.746
;TYPE:WALL-INNER
G1 F2943.8 X108.309 Y118.46 E1506.93878
G0 F9000 X108.456 Y118.46
G1 F2400 E1504.93878
G0 F9000 X109.048 Y119.199
G0 X110.152 Y119.199
G0 X128.144 Y119.2
G0 X129.234 Y119.199
G0 X130.036 Y133.765
G1 F1200 E1506.93878
G1 F2418.7 X130.592 Y133.534 E1506.96517
G1 X130.592 Y85.512 E1509.07051
G1 X130.036 Y85.389 E1509.09547
G1 X130.036 Y133.765 E1511.21632
G0 F9000 X129.509 Y134.553
G1 F2684.7 X131.119 Y133.886 E1511.28515
G1 X131.119 Y85.238 E1513.20658
G1 X130.714 Y84.999 E1513.22515
G1 X129.509 Y84.733 E1513.27389
G1 X129.509 Y134.553 E1515.2416
G0 F9000 X129.034 Y135.264
;TYPE:WALL-OUTER
G1 F2065.2 X131.589 Y134.202 E1515.33995
G1 X131.59 Y84.924 E1517.09163
G1 X131.314 Y84.806 E1517.1023
G1 X130.893 Y84.552 E1517.11978
G1 X129.034 Y84.142 E1517.18745
G1 X129.034 Y135.264 E1519.00467
G0 F9000 X129.218 Y135.188
G0 X130.134 Y133.953
G1 F2400 E1517.00467
;MESH:NONMESH
G0 F600 X130.134 Y133.953 Z3.68
G0 F9000 X129.234 Y105.463
G0 X128.144 Y105.464
G0 X110.152 Y105.463
G0 X109.042 Y105.463
G0 X108.026 Y105.463
G1 F1200 E1519.00467
G0 F9000 X107.831 Y105.268
;TIME_ELAPSED:1513.877757
;LAYER:17
;TYPE:WALL-INNER
;MESH:DoorStrikePlate.stl
G1 F2823.6 X107.831 Y118.938 E1519.54458
G1 X108.787 Y118.938 E1519.58234
G1 X108.787 Y105.268 E1520.12226
G1 X107.831 Y105.268 E1520.16002
G0 F9000 X107.356 Y104.808
;TYPE:WALL-OUTER
G1 F2172 X107.356 Y119.413 E1520.67918
G1 X109.262 Y119.413 E1520.74693
G1 X109.262 Y104.793 E1521.26662
G1 X107.385 Y104.793 E1521.33334
G1 X107.356 Y104.808 E1521.33451
G0 F9000 X107.356 Y105.008
G0 X108.026 Y105.463
G0 X108.309 Y105.746
;TYPE:WALL-INNER
G1 F3096.1 X108.309 Y118.46 E1521.79247
G0 F9000 X108.456 Y118.46
G1 F2400 E1519.79247
G0 F9000 X109.048 Y105.007
G0 X110.152 Y105.007
G0 X128.365 Y105.008
G0 X129.455 Y105.007
G0 X130.235 Y85.445
G1 F1200 E1521.79247
G1 F2768.2 X130.235 Y133.707 E1523.73677
G1 X130.744 Y133.496 E1523.75897
G1 X130.744 Y85.75 E1525.68248
G1 X130.235 Y85.445 E1525.70639
G0 F9000 X129.73 Y84.782
G1 F2823.6 X129.73 Y134.462 E1527.66857
G1 X131.249 Y133.833 E1527.7335
G1 X131.249 Y85.464 E1529.64391
G1 X130.332 Y84.915 E1529.68612
G1 X129.73 Y84.782 E1529.71047
G1 F2400 E1527.71047
G0 F9000 X129.916 Y85.014
G0 X129.51 Y134.79
G1 F1200 E1529.71047
G0 F9000 X129.255 Y135.172
;TYPE:WALL-OUTER
G1 F2172 X131.72 Y134.148 E1529.80535
G1 X131.724 Y85.157 E1531.54682
G1 X131.437 Y85.008 E1531.55832
G1 X131.348 Y84.97 E1531.56176
G1 X130.51 Y84.467 E1531.5965
G1 X129.255 Y84.191 E1531.64218
G1 X129.255 Y135.172 E1533.45439
G0 F9000 X129.439 Y135.096
G0 X130.355 Y133.862
G1 F2400 E1531.45439
;MESH:NONMESH
G0 F600 X130.355 Y133.862 Z3.88
G0 F9000 X129.455 Y105.463
G0 X128.365 Y105.464
G0 X110.152 Y105.463
G0 X109.042 Y105.463
G0 X108.026 Y105.463
G1 F1200 E1533.45439
G0 F9000 X107.831 Y105.268
;TIME_ELAPSED:1526.970364
;LAYER:18
;TYPE:WALL-INNER
;MESH:DoorStrikePlate.stl
G1 F2696.8 X107.831 Y118.938 E1533.9943
G1 X108.787 Y118.938 E1534.03206
G1 X108.787 Y105.268 E1534.57198
G1 X107.831 Y105.268 E1534.60974
G0 F9000 X107.356 Y104.808
;TYPE:WALL-OUTER
G1 F2074.5 X107.356 Y119.413 E1535.1289
G1 X109.262 Y119.413 E1535.19665
G1 X109.262 Y104.793 E1535.71634
G1 X107.385 Y104.793 E1535.78306
G1 X107.356 Y104.808 E1535.78422
G0 F9000 X107.356 Y105.008
G0 X108.026 Y105.463
G0 X108.309 Y105.746
;TYPE:WALL-INNER
G1 F2957 X108.309 Y118.46 E1536.24219
G0 F9000 X108.456 Y118.46
G1 F2400 E1534.24219
G0 F9000 X109.048 Y105.007
G0 X110.152 Y105.007
G0 X128.567 Y105.008
G0 X129.657 Y105.007
G0 X130.418 Y85.68
G1 F1200 E1536.24219
G1 F2856.8 X130.418 Y133.651 E1538.03077
G1 X130.89 Y133.455 E1538.04983
G1 X130.89 Y85.96 E1539.82066
G1 X130.418 Y85.68 E1539.84112
G0 F9000 X129.933 Y84.827
G1 F2696.8 X129.932 Y134.377 E1541.79817
G1 X131.376 Y133.78 E1541.85988
G1 X131.376 Y85.683 E1543.75954
G1 X129.933 Y84.827 E1543.82581
G0 F9000 X129.457 Y84.236
;TYPE:WALL-OUTER
G1 F2074.5 X129.457 Y135.088 E1545.63343
G1 X131.847 Y134.095 E1545.72543
G1 X131.851 Y85.391 E1547.4567
G1 X131.432 Y85.164 E1547.47364
G1 X130.11 Y84.379 E1547.52829
G1 X129.457 Y84.236 E1547.55206
G0 F9000 X129.457 Y84.436
G0 X130.557 Y85.482
G1 F2400 E1545.55206
;MESH:NONMESH
G0 F600 X130.557 Y85.482 Z4.08
G0 F9000 X129.657 Y105.463
G0 X128.567 Y105.464
G0 X110.152 Y105.463
G0 X109.042 Y105.463
G0 X108.026 Y105.463
G1 F1200 E1547.55206
G0 F9000 X107.831 Y105.268
;TIME_ELAPSED:1539.359858
;LAYER:19
;TYPE:WALL-INNER
;MESH:DoorStrikePlate.stl
G1 F2671.9 X107.831 Y118.938 E1548.09197
G1 X108.787 Y118.938 E1548.12973
G1 X108.787 Y105.268 E1548.66965
G1 X107.831 Y105.268 E1548.70741
G0 F9000 X107.356 Y104.808
;TYPE:WALL-OUTER
G1 F2055.3 X107.356 Y119.413 E1549.22657
G1 X109.262 Y119.413 E1549.29432
G1 X109.262 Y104.793 E1549.81401
G1 X107.385 Y104.793 E1549.88073
G1 X107.356 Y104.808 E1549.88189
G0 F9000 X107.356 Y105.008
G0 X108.026 Y105.463
G0 X108.309 Y105.746
;TYPE:WALL-INNER
G1 F2929.7 X108.309 Y118.46 E1550.33986
G0 F9000 X108.456 Y118.46
G1 F2400 E1548.33986
G0 F9000 X109.048 Y105.007
G0 X110.152 Y105.007
G0 X128.748 Y105.008
G0 X129.838 Y105.007
G0 X130.582 Y85.931
G1 F1200 E1550.33986
G1 F3050.1 X130.582 Y87.917 E1550.40857
G1 X130.582 Y89.903 E1550.47729
G1 X130.582 Y91.889 E1550.546
G1 X130.582 Y93.875 E1550.61471
G1 X130.582 Y95.861 E1550.68343
G1 X130.582 Y97.847 E1550.75214
G1 F3057.1 X130.582 Y99.833 E1550.8207
G1 X130.582 Y101.819 E1550.88925
G1 X130.582 Y103.805 E1550.95781
G1 X130.582 Y105.791 E1551.02637
G1 X130.582 Y107.777 E1551.09492
G1 X130.582 Y109.763 E1551.16348
G1 F3064.1 X130.581 Y111.749 E1551.23188
G1 X130.581 Y113.735 E1551.30028
G1 X130.581 Y115.721 E1551.36868
G1 X130.581 Y117.707 E1551.43708
G1 X130.581 Y119.693 E1551.50548
G1 X130.581 Y121.679 E1551.57388
G1 F3071.1 X130.581 Y123.665 E1551.64212
G1 X130.581 Y125.651 E1551.71036
G1 X130.581 Y127.637 E1551.77861
G1 X130.581 Y129.623 E1551.84685
G1 X130.581 Y131.609 E1551.91509
G1 X130.581 Y133.595 E1551.98333
G1 X131.016 Y133.424 E1551.99939
G1 X131.016 Y131.456 E1552.06702
G1 X131.016 Y129.488 E1552.13464
G1 X131.016 Y127.52 E1552.20227
G1 X131.016 Y125.552 E1552.26989
G1 X131.017 Y123.584 E1552.33752
G1 X131.017 Y121.616 E1552.40514
G1 F3064.1 X131.017 Y119.648 E1552.47292
G1 X131.017 Y117.68 E1552.5407
G1 X131.017 Y115.712 E1552.60848
G1 X131.018 Y113.744 E1552.67626
G1 X131.018 Y111.776 E1552.74404
G1 X131.018 Y109.808 E1552.81182
G1 F3057.1 X131.018 Y107.84 E1552.87975
G1 X131.018 Y105.872 E1552.94769
G1 X131.019 Y103.904 E1553.01562
G1 X131.019 Y101.936 E1553.08356
G1 X131.019 Y99.968 E1553.15149
G1 X131.019 Y98 E1553.21943
G1 F3050.1 X131.019 Y96.032 E1553.28752
G1 X131.02 Y94.064 E1553.35561
G1 X131.02 Y92.096 E1553.4237
G1 X131.02 Y90.128 E1553.49179
G1 X131.02 Y88.16 E1553.55988
G1 X131.021 Y86.192 E1553.62797
G1 F3043.2 X130.747 Y86.04 E1553.63884
G1 X130.582 Y85.931 E1553.64569
G0 F9000 X130.113 Y85.099
G1 F2671.9 X130.113 Y134.303 E1555.58908
G1 X131.483 Y133.736 E1555.64764
G1 X131.49 Y85.922 E1557.53612
G1 X131.049 Y85.675 E1557.55608
G1 X130.677 Y85.432 E1557.57363
G1 X130.113 Y85.099 E1557.5995
G0 F9000 X129.638 Y84.297
;TYPE:WALL-OUTER
G1 F2055.3 X129.638 Y135.014 E1559.40233
G1 X131.954 Y134.051 E1559.49149
G1 X131.965 Y85.644 E1561.2122
G1 X131.267 Y85.251 E1561.24067
G1 X130.911 Y85.018 E1561.2558
G1 X130.158 Y84.573 E1561.28689
G1 X129.801 Y84.326 E1561.30232
G1 X129.638 Y84.297 E1561.3082
G0 F9000 X129.638 Y84.497
G0 X130.738 Y85.752
G1 F2400 E1559.3082
;MESH:NONMESH
G0 F600 X130.738 Y85.752 Z4.28
G0 F9000 X129.838 Y105.463
G0 X128.748 Y105.464
G0 X110.152 Y105.463
G0 X109.042 Y105.463
G0 X108.026 Y105.463
G1 F1200 E1561.3082
G0 F9000 X107.831 Y105.268
;TIME_ELAPSED:1551.646829
;LAYER:20
;TYPE:WALL-INNER
;MESH:DoorStrikePlate.stl
G1 F2657 X107.831 Y118.938 E1561.84812
G1 X108.787 Y118.938 E1561.88588
G1 X108.787 Y105.268 E1562.42579
G1 X107.831 Y105.268 E1562.46355
G0 F9000 X107.356 Y104.808
;TYPE:WALL-OUTER
G1 F2043.8 X107.356 Y119.413 E1562.98271
G1 X109.262 Y119.413 E1563.05047
G1 X109.262 Y104.793 E1563.57016
G1 X107.385 Y104.793 E1563.63688
G1 X107.356 Y104.808 E1563.63804
G0 F9000 X107.356 Y105.008
G0 X108.026 Y105.463
G0 X108.309 Y105.746
;TYPE:WALL-INNER
G1 F2913.4 X108.309 Y118.46 E1564.09601
G0 F9000 X108.456 Y118.46
G1 F2400 E1562.09601
G0 F9000 X109.048 Y105.007
G0 X110.152 Y105.007
G0 X128.912 Y105.008
G0 X130.002 Y105.007
G0 X130.733 Y86.206
G1 F1200 E1564.09601
G1 F3232.3 X130.733 Y87.521 E1564.1387
G1 X130.733 Y88.836 E1564.1814
G1 X130.733 Y90.151 E1564.22409
G1 X130.733 Y91.466 E1564.26678
G1 X130.733 Y92.781 E1564.30947
G1 X130.733 Y94.096 E1564.35217
G1 F3240.2 X130.733 Y95.411 E1564.39476
G1 X130.733 Y96.726 E1564.43734
G1 X130.733 Y98.041 E1564.47993
G1 X130.733 Y99.356 E1564.52252
G1 X130.733 Y100.671 E1564.56511
G1 X130.733 Y101.986 E1564.6077
G1 F3248.1 X130.733 Y103.301 E1564.65019
G1 X130.733 Y104.616 E1564.69267
G1 X130.733 Y105.931 E1564.73516
G1 X130.733 Y107.246 E1564.77764
G1 X130.733 Y108.561 E1564.82013
G1 X130.733 Y109.876 E1564.86261
G1 F3256.1 X130.732 Y111.191 E1564.90499
G1 X130.732 Y112.506 E1564.94737
G1 X130.732 Y113.821 E1564.98975
G1 X130.732 Y115.136 E1565.03214
G1 X130.732 Y116.451 E1565.07452
G1 X130.732 Y117.766 E1565.1169
G1 F3264.1 X130.732 Y119.081 E1565.15918
G1 X130.732 Y120.396 E1565.20145
G1 X130.732 Y121.711 E1565.24373
G1 X130.732 Y123.026 E1565.28601
G1 X130.732 Y124.341 E1565.32829
G1 X130.732 Y125.656 E1565.37056
G1 F3272.1 X130.732 Y126.971 E1565.41274
G1 X130.732 Y128.286 E1565.45491
G1 X130.732 Y129.601 E1565.49708
G1 X130.732 Y130.916 E1565.53926
G1 X130.732 Y132.231 E1565.58143
G1 X130.732 Y133.546 E1565.6236
G1 X131.137 Y133.388 E1565.63755
G1 X131.137 Y132.084 E1565.67937
G1 X131.137 Y130.78 E1565.72119
G1 X131.137 Y129.476 E1565.76301
G1 X131.137 Y128.172 E1565.80483
G1 X131.138 Y126.868 E1565.84665
G1 X131.138 Y125.564 E1565.88847
G1 F3264.1 X131.138 Y124.26 E1565.93039
G1 X131.138 Y122.956 E1565.97232
G1 X131.138 Y121.652 E1566.01424
G1 X131.139 Y120.348 E1566.05616
G1 X131.139 Y119.044 E1566.09809
G1 X131.139 Y117.74 E1566.14001
G1 F3256.1 X131.139 Y116.436 E1566.18204
G1 X131.14 Y115.132 E1566.22407
G1 X131.14 Y113.828 E1566.26609
G1 X131.14 Y112.524 E1566.30812
G1 X131.14 Y111.22 E1566.35015
G1 X131.14 Y109.916 E1566.39217
G1 F3248.1 X131.141 Y108.612 E1566.4343
G1 X131.141 Y107.308 E1566.47643
G1 X131.141 Y106.004 E1566.51856
G1 X131.141 Y104.7 E1566.56069
G1 X131.142 Y103.396 E1566.60282
G1 X131.142 Y102.092 E1566.64495
G1 F3240.2 X131.142 Y100.788 E1566.68718
G1 X131.142 Y99.484 E1566.72942
G1 X131.142 Y98.18 E1566.77165
G1 X131.143 Y96.876 E1566.81388
G1 X131.143 Y95.572 E1566.85611
G1 X131.143 Y94.268 E1566.89835
G1 F3232.3 X131.143 Y92.964 E1566.94068
G1 X131.144 Y91.66 E1566.98302
G1 X131.144 Y90.356 E1567.02535
G1 X131.144 Y89.052 E1567.06769
G1 X131.144 Y87.748 E1567.11003
G1 X131.144 Y86.444 E1567.15236
G1 F3224.5 X130.733 Y86.206 E1567.16782
G0 F9000 X130.278 Y85.372
G1 F2657 X130.278 Y134.235 E1569.09773
G1 X131.59 Y133.691 E1569.15383
G1 X131.601 Y86.167 E1571.03086
G1 X130.828 Y85.736 E1571.06581
G1 X130.278 Y85.372 E1571.09186
G0 F9000 X129.805 Y84.511
;TYPE:WALL-OUTER
G1 F2043.8 X129.803 Y134.946 E1572.88466
G1 X132.06 Y134.007 E1572.97156
G1 X132.076 Y85.881 E1574.68228
G1 X131.67 Y85.665 E1574.69863
G1 X131.09 Y85.339 E1574.72228
G1 X130.345 Y84.847 E1574.75402
G1 X130.012 Y84.651 E1574.76775
G1 X129.805 Y84.511 E1574.77663
G0 F9000 X129.805 Y84.711
G0 X130.902 Y86.043
G1 F2400 E1572.77663
;MESH:NONMESH
G0 F600 X130.902 Y86.043 Z4.48
G0 F9000 X130.002 Y105.463
G0 X128.912 Y105.464
G0 X110.152 Y105.463
G0 X109.042 Y105.463
G0 X108.026 Y105.463
G1 F1200 E1574.77663
G0 F9000 X107.831 Y105.268
;TIME_ELAPSED:1563.820880
;LAYER:21
;TYPE:WALL-INNER
;MESH:DoorStrikePlate.stl
G1 F2640.2 X107.831 Y118.938 E1575.31655
G1 X108.787 Y118.938 E1575.35431
G1 X108.787 Y105.268 E1575.89422
G1 X107.831 Y105.268 E1575.93198
G0 F9000 X107.356 Y104.808
;TYPE:WALL-OUTER
G1 F2031 X107.356 Y119.413 E1576.45114
G1 X109.262 Y119.413 E1576.5189
G1 X109.262 Y104.793 E1577.03859
G1 X107.385 Y104.793 E1577.10531
G1 X107.356 Y104.808 E1577.10647
G0 F9000 X107.356 Y105.008
G0 X108.026 Y105.463
G0 X108.309 Y105.746
;TYPE:WALL-INNER
G1 F2895 X108.309 Y118.46 E1577.56444
G0 F9000 X108.456 Y118.46
G1 F2400 E1575.56444
G0 F9000 X109.048 Y105.007
G0 X110.152 Y105.007
G0 X129.065 Y105.009
G0 X130.175 Y105.009
G0 X130.874 Y86.466
G1 F1200 E1577.56444
G1 F3446.8 X130.874 Y94.307 E1577.80166
G1 X130.873 Y102.148 E1578.03889
G1 X130.873 Y109.989 E1578.27611
G1 X130.872 Y117.83 E1578.51333
G1 X130.872 Y125.671 E1578.75056
G1 X130.871 Y133.512 E1578.98778
G1 X131.004 Y133.457 E1578.99213
G1 X131.256 Y133.319 E1579.00083
G1 X131.256 Y125.547 E1579.23596
G1 X131.256 Y117.775 E1579.4711
G1 X131.256 Y110.003 E1579.70624
G1 X131.257 Y102.231 E1579.94137
G1 X131.257 Y94.459 E1580.17651
G1 X131.257 Y86.687 E1580.41164
G1 F3437.8 X130.874 Y86.466 E1580.42506
G0 F9000 X130.432 Y85.678
G1 F2640.2 X130.43 Y134.171 E1582.34036
G1 X131.194 Y133.855 E1582.37301
G1 X131.697 Y133.58 E1582.39565
G1 X131.7 Y86.429 E1584.25795
G1 X130.641 Y85.816 E1584.30628
G1 X130.432 Y85.678 E1584.31617
G0 F9000 X129.96 Y84.802
;TYPE:WALL-OUTER
G1 F2031 X129.955 Y134.882 E1586.09635
G1 X131.399 Y134.284 E1586.15191
G1 X132.172 Y133.855 E1586.18333
G1 X132.175 Y86.152 E1587.87902
G1 X131.375 Y85.697 E1587.91174
G1 X130.903 Y85.419 E1587.93121
G1 X129.96 Y84.802 E1587.97127
G0 F9000 X129.96 Y85.002
G0 X131.055 Y86.352
G1 F2400 E1585.97127
;MESH:NONMESH
G0 F600 X131.055 Y86.352 Z4.68
G0 F9000 X130.175 Y105.465
G0 X129.065 Y105.465
G0 X110.152 Y105.465
G0 X109.042 Y105.465
G0 X108.026 Y105.463
G1 F1200 E1587.97127
G0 F9000 X107.831 Y105.268
;TIME_ELAPSED:1575.877039
;LAYER:22
;TYPE:WALL-INNER
;MESH:DoorStrikePlate.stl
G1 F2330.2 X107.831 Y118.938 E1588.51118
G1 X108.787 Y118.938 E1588.54894
G1 X108.787 Y105.268 E1589.08886
G1 X107.831 Y105.268 E1589.12661
G0 F9000 X107.356 Y104.808
;TYPE:WALL-OUTER
G1 F1792.4 X107.356 Y119.413 E1589.64578
G1 X109.262 Y119.413 E1589.71353
G1 X109.262 Y104.793 E1590.23322
G1 X107.385 Y104.793 E1590.29994
G1 X107.356 Y104.808 E1590.3011
G0 F9000 X107.356 Y105.008
G0 X108.026 Y105.463
G0 X108.309 Y105.746
;TYPE:WALL-INNER
G1 F2555 X108.309 Y118.46 E1590.75907
G0 F9000 X108.456 Y118.46
G1 F2400 E1588.75907
G0 F9000 X109.048 Y105.007
G0 X110.152 Y105.007
G0 X129.203 Y105.009
G0 X130.313 Y105.009
G0 X130.743 Y86.285
G1 F1200 E1590.75907
G0 F9000 X130.57 Y85.983
G1 F2330.2 X130.569 Y134.015 E1592.65616
G1 X131.141 Y133.664 E1592.68267
G1 X131.799 Y133.313 E1592.71212
G1 X131.799 Y86.7 E1594.55317
G1 X130.57 Y85.983 E1594.60937
G0 F9000 X130.743 Y86.285
G0 X131.183 Y87.052
G1 F1593.8 X131.183 Y90.876 E1594.83018
G1 X131.183 Y94.7 E1595.05099
G1 X131.183 Y98.524 E1595.2718
G1 X131.183 Y102.348 E1595.49262
G1 X131.183 Y106.172 E1595.71343
G1 X131.183 Y109.996 E1595.93424
G1 F1596 X131.183 Y113.82 E1596.15475
G1 X131.183 Y117.644 E1596.37526
G1 X131.183 Y121.468 E1596.59577
G1 X131.183 Y125.292 E1596.81628
G1 X131.183 Y129.116 E1597.03679
G1 X131.183 Y132.94 E1597.2573
G1 F2400 E1595.2573
G0 F9000 X130.347 Y134.442
G1 F1200 E1597.2573
G0 F9000 X130.093 Y134.823
;TYPE:WALL-OUTER
G1 F1792.4 X130.432 Y134.682 E1597.27035
G1 X130.917 Y134.353 E1597.29118
G1 X131.365 Y134.083 E1597.30978
G1 X132.274 Y133.597 E1597.34642
G1 X132.273 Y86.401 E1599.02408
G1 X131.907 Y86.214 E1599.03869
G1 X130.71 Y85.515 E1599.08797
G1 X130.344 Y85.261 E1599.1038
G1 X130.098 Y85.103 E1599.1142
G1 X130.093 Y134.823 E1600.88158
G0 F9000 X130.277 Y134.747
G0 X130.836 Y133.121
G1 F2400 E1598.88158
;MESH:NONMESH
G0 F600 X130.836 Y133.121 Z4.88
G0 F9000 X130.313 Y105.465
G0 X129.203 Y105.465
G0 X110.152 Y105.465
G0 X109.042 Y105.465
G0 X108.026 Y105.463
G1 F1200 E1600.88158
G0 F9000 X107.831 Y105.268
;TIME_ELAPSED:1589.117099
;LAYER:23
;TYPE:WALL-INNER
;MESH:DoorStrikePlate.stl
G1 F2302.8 X107.831 Y118.938 E1601.4215
G1 X108.787 Y118.938 E1601.45926
G1 X108.787 Y105.268 E1601.99917
G1 X107.831 Y105.268 E1602.03693
G0 F9000 X107.356 Y104.808
;TYPE:WALL-OUTER
G1 F1771.4 X107.356 Y119.413 E1602.55609
G1 X109.262 Y119.413 E1602.62384
G1 X109.262 Y104.793 E1603.14354
G1 X107.385 Y104.793 E1603.21026
G1 X107.356 Y104.808 E1603.21142
G0 F9000 X107.356 Y105.008
G0 X108.026 Y105.463
G0 X108.309 Y105.746
;TYPE:WALL-INNER
G1 F2525 X108.309 Y118.46 E1603.66939
G0 F9000 X108.456 Y118.46
G1 F2400 E1601.66939
G0 F9000 X109.048 Y105.007
G0 X110.152 Y105.007
G0 X129.328 Y105.007
G0 X130.438 Y105.007
G0 X130.867 Y86.571
G1 F1200 E1603.66939
G0 F9000 X130.694 Y86.27
G1 F2302.8 X130.694 Y133.71 E1605.5431
G1 X130.952 Y133.555 E1605.55498
G1 X131.884 Y133.028 E1605.59727
G1 X131.884 Y86.97 E1607.4164
G1 X131.501 Y86.767 E1607.43352
G1 X130.958 Y86.423 E1607.45891
G1 X130.694 Y86.27 E1607.47096
G0 F9000 X130.222 Y85.417
;TYPE:WALL-OUTER
G1 F1771.4 X130.221 Y134.586 E1609.21876
G1 X130.84 Y134.176 E1609.24515
G1 X131.186 Y133.969 E1609.25948
G1 X132.359 Y133.304 E1609.30741
G1 X132.358 Y86.685 E1610.96457
G1 X131.726 Y86.348 E1610.99003
G1 X131.197 Y86.012 E1611.0123
G1 X130.494 Y85.604 E1611.0412
G1 X130.222 Y85.417 E1611.05293
G0 F9000 X130.222 Y85.617
G0 X130.467 Y85.877
G0 X131.288 Y87.326
;TYPE:WALL-INNER
G1 F1663.9 X131.288 Y132.681 E1613.53217
G0 F9000 X131.258 Y132.68
G1 F2400 E1611.53217
;MESH:NONMESH
G0 F600 X131.258 Y132.68 Z5.08
G0 F9000 X130.438 Y105.463
G0 X129.328 Y105.463
G0 X110.152 Y105.463
G0 X109.042 Y105.463
G0 X108.026 Y105.463
G1 F1200 E1613.53217
G0 F9000 X107.831 Y105.268
;TIME_ELAPSED:1601.941100
;LAYER:24
;TYPE:WALL-INNER
;MESH:DoorStrikePlate.stl
G1 F2279.5 X107.831 Y118.938 E1614.07209
G1 X108.787 Y118.938 E1614.10985
G1 X108.787 Y105.268 E1614.64976
G1 X107.831 Y105.268 E1614.68752
G0 F9000 X107.356 Y104.808
;TYPE:WALL-OUTER
G1 F1753.4 X107.356 Y119.413 E1615.20668
G1 X109.262 Y119.413 E1615.27443
G1 X109.262 Y104.793 E1615.79413
G1 X107.385 Y104.793 E1615.86085
G1 X107.356 Y104.808 E1615.86201
G0 F9000 X107.356 Y105.008
G0 X108.026 Y105.463
G0 X108.309 Y105.746
;TYPE:WALL-INNER
G1 F2499.4 X108.309 Y118.46 E1616.31998
G0 F9000 X108.456 Y118.46
G1 F2400 E1614.31998
G0 F9000 X109.048 Y105.007
G0 X110.152 Y105.007
G0 X129.448 Y105.007
G0 X130.558 Y105.007
G0 X130.985 Y86.912
G1 F1200 E1616.31998
G0 F9000 X130.814 Y86.599
G1 F2279.5 X130.814 Y133.393 E1618.16817
G1 X131.964 Y132.736 E1618.22048
G1 X131.964 Y87.249 E1620.01705
G1 X131.252 Y86.877 E1620.04878
G1 X130.814 Y86.599 E1620.06927
G0 F9000 X130.342 Y85.734
;TYPE:WALL-OUTER
G1 F1753.4 X130.341 Y134.265 E1621.79439
G1 X130.818 Y133.937 E1621.81497
G1 X132.082 Y133.216 E1621.8667
G1 X132.439 Y133.037 E1621.88089
G1 X132.439 Y86.962 E1623.51871
G1 X131.456 Y86.446 E1623.55818
G1 X130.342 Y85.734 E1623.60517
G0 F9000 X130.342 Y85.934
G0 X130.585 Y86.181
G0 X131.389 Y87.597
;TYPE:WALL-INNER
G1 F1753.4 X131.389 Y132.403 E1625.90575
G0 F9000 X131.438 Y132.359
G1 F2400 E1623.90575
;MESH:NONMESH
G0 F600 X131.438 Y132.359 Z5.28
G0 F9000 X130.558 Y105.463
G0 X129.448 Y105.463
G0 X110.152 Y105.463
G0 X109.042 Y105.463
G0 X108.026 Y105.463
G1 F1200 E1625.90575
G0 F9000 X107.831 Y105.268
;TIME_ELAPSED:1614.658184
;LAYER:25
;TYPE:WALL-INNER
;MESH:DoorStrikePlate.stl
G1 F2243.2 X107.831 Y118.938 E1626.44567
G1 X108.787 Y118.938 E1626.48342
G1 X108.787 Y105.268 E1627.02334
G1 X107.831 Y105.268 E1627.0611
G0 F9000 X107.356 Y104.808
;TYPE:WALL-OUTER
G1 F1725.6 X107.356 Y119.413 E1627.58026
G1 X109.262 Y119.413 E1627.64801
G1 X109.262 Y104.793 E1628.16771
G1 X107.385 Y104.793 E1628.23443
G1 X107.356 Y104.808 E1628.23559
G0 F9000 X107.356 Y105.008
G0 X108.026 Y105.463
G0 X108.309 Y105.746
;TYPE:WALL-INNER
G1 F2459.7 X108.309 Y118.46 E1628.69356
G0 F9000 X108.456 Y118.46
G1 F2400 E1626.69356
G0 F9000 X109.048 Y119.199
G0 X110.152 Y119.199
G0 X129.551 Y119.199
G0 X130.661 Y119.199
G0 X131.089 Y132.787
G1 F1200 E1628.69356
G0 F9000 X130.916 Y133.093
G1 F2243.2 X131.509 Y132.73 E1628.72102
G1 X132.032 Y132.446 E1628.74452
G1 X132.032 Y87.553 E1630.51763
G1 X131.498 Y87.265 E1630.5416
G1 X130.917 Y86.931 E1630.56807
G1 X130.916 Y133.093 E1632.3913
G0 F9000 X131.089 Y132.787
G0 X131.474 Y132.115
G1 F1820.8 X131.474 Y87.885 E1634.54351
G1 F2400 E1632.54351
G0 F9000 X130.689 Y86.518
G1 F1200 E1634.54351
G0 F9000 X130.445 Y86.073
;TYPE:WALL-OUTER
G1 F1725.6 X130.443 Y133.91 E1636.24396
G1 X131.27 Y133.437 E1636.27783
G1 X131.724 Y133.154 E1636.29685
G1 X132.507 Y132.729 E1636.32852
G1 X132.507 Y87.27 E1637.94444
G1 X131.732 Y86.851 E1637.97575
G1 X131.229 Y86.567 E1637.99629
G1 X130.445 Y86.073 E1638.02923
G0 F9000 X130.445 Y86.273
G0 X131.541 Y87.581
G1 F2400 E1636.02923
;MESH:NONMESH
G0 F600 X131.541 Y87.581 Z5.48
G0 F9000 X130.661 Y105.463
G0 X129.551 Y105.463
G0 X110.152 Y105.463
G0 X109.042 Y105.463
G0 X108.026 Y105.463
G1 F1200 E1638.02923
G0 F9000 X107.831 Y105.268
;TIME_ELAPSED:1627.282812
;LAYER:26
;TYPE:WALL-INNER
;MESH:DoorStrikePlate.stl
G1 F2219.7 X107.831 Y118.938 E1638.56914
G1 X108.787 Y118.938 E1638.6069
G1 X108.787 Y105.268 E1639.14682
G1 X107.831 Y105.268 E1639.18457
G0 F9000 X107.356 Y104.808
;TYPE:WALL-OUTER
G1 F1707.5 X107.356 Y119.413 E1639.70374
G1 X109.262 Y119.413 E1639.77149
G1 X109.262 Y104.793 E1640.29118
G1 X107.385 Y104.793 E1640.3579
G1 X107.356 Y104.808 E1640.35906
G0 F9000 X107.356 Y105.008
G0 X108.026 Y105.463
G0 X108.309 Y105.746
;TYPE:WALL-INNER
G1 F2433.9 X108.309 Y118.46 E1640.81703
G0 F9000 X108.456 Y118.46
G1 F2400 E1638.81703
G0 F9000 X109.048 Y105.007
G0 X110.152 Y105.007
G0 X129.648 Y105.008
G0 X130.738 Y105.007
G0 X131.187 Y87.564
G1 F1200 E1640.81703
G0 F9000 X131.013 Y87.268
G1 F2219.7 X131.014 Y132.728 E1642.61254
G1 X132.1 Y132.138 E1642.66135
G1 X132.1 Y87.863 E1644.41006
G1 X131.013 Y87.268 E1644.459
G0 F9000 X130.541 Y86.423
;TYPE:WALL-OUTER
G1 F1707.5 X130.542 Y133.579 E1646.13524
G1 X131.238 Y133.148 E1646.16434
G1 X132.575 Y132.42 E1646.21846
G1 X132.575 Y87.589 E1647.81205
G1 X132.343 Y87.443 E1647.8218
G1 X132.211 Y87.383 E1647.82695
G1 X130.936 Y86.684 E1647.87864
G1 X130.541 Y86.423 E1647.89547
G0 F9000 X130.541 Y86.623
G0 X130.783 Y86.878
G0 X131.556 Y88.185
;TYPE:WALL-INNER
G1 F1887.5 X131.556 Y131.815 E1649.92198
G0 F9000 X131.475 Y131.816
G1 F2400 E1647.92198
;MESH:NONMESH
G0 F600 X131.475 Y131.816 Z5.68
G0 F9000 X130.738 Y105.463
G0 X129.648 Y105.464
G0 X110.152 Y105.463
G0 X109.042 Y105.463
G0 X108.026 Y105.463
G1 F1200 E1649.92198
G0 F9000 X107.831 Y105.268
;TIME_ELAPSED:1639.868188
;LAYER:27
;TYPE:WALL-INNER
;MESH:DoorStrikePlate.stl
G1 F2203.5 X107.831 Y118.938 E1650.4619
G1 X108.787 Y118.938 E1650.49966
G1 X108.787 Y105.268 E1651.03958
G1 X107.831 Y105.268 E1651.07733
G0 F9000 X107.356 Y104.808
;TYPE:WALL-OUTER
G1 F1695 X107.356 Y119.413 E1651.59649
G1 X109.262 Y119.413 E1651.66425
G1 X109.262 Y104.793 E1652.18394
G1 X107.385 Y104.793 E1652.25066
G1 X107.356 Y104.808 E1652.25182
G0 F9000 X107.356 Y105.008
G0 X108.026 Y105.463
G0 X108.309 Y105.746
;TYPE:WALL-INNER
G1 F2416.1 X108.309 Y118.46 E1652.70979
G0 F9000 X108.456 Y118.46
G1 F2400 E1650.70979
G0 F9000 X109.048 Y105.007
G0 X110.152 Y105.007
G0 X129.735 Y105.008
G0 X130.825 Y105.007
G0 X131.273 Y87.907
G1 F1200 E1652.70979
G0 F9000 X131.1 Y87.605
G1 F2203.5 X131.101 Y132.395 E1654.47883
G1 X131.742 Y132.02 E1654.50817
G1 X132.169 Y131.791 E1654.5273
G1 X132.169 Y88.208 E1656.24867
G1 X131.723 Y87.971 E1656.26862
G1 X131.1 Y87.605 E1656.29716
G0 F9000 X130.624 Y86.792
;TYPE:WALL-OUTER
G1 F1695 X130.626 Y133.206 E1657.94703
G1 X131.044 Y132.979 E1657.96394
G1 X131.968 Y132.438 E1658.002
G1 X132.231 Y132.298 E1658.01259
G1 X132.64 Y132.133 E1658.02827
G1 X132.64 Y87.887 E1659.60107
G1 X132.358 Y87.773 E1659.61188
G1 X131.964 Y87.562 E1659.62777
G1 X131.025 Y87.01 E1659.66649
G1 X130.624 Y86.792 E1659.68271
G0 F9000 X130.624 Y86.992
G0 X130.874 Y87.212
G0 X131.634 Y88.53
;TYPE:WALL-INNER
G1 F1932.9 X131.634 Y131.472 E1661.61621
G0 F9000 X131.544 Y131.473
G1 F2400 E1659.61621
;MESH:NONMESH
G0 F600 X131.544 Y131.473 Z5.88
G0 F9000 X130.825 Y105.463
G0 X129.735 Y105.464
G0 X110.152 Y105.463
G0 X109.042 Y105.463
G0 X108.026 Y105.463
G1 F1200 E1661.61621
G0 F9000 X107.831 Y105.268
;TIME_ELAPSED:1652.366980
;LAYER:28
;TYPE:WALL-INNER
;MESH:DoorStrikePlate.stl
G1 F2164.1 X107.831 Y118.938 E1662.15613
G1 X108.787 Y118.938 E1662.19389
G1 X108.787 Y105.268 E1662.7338
G1 X107.831 Y105.268 E1662.77156
G0 F9000 X107.356 Y104.808
;TYPE:WALL-OUTER
G1 F1664.7 X107.356 Y119.413 E1663.29072
G1 X109.262 Y119.413 E1663.35848
G1 X109.262 Y104.793 E1663.87817
G1 X107.385 Y104.793 E1663.94489
G1 X107.356 Y104.808 E1663.94605
G0 F9000 X107.356 Y105.008
G0 X108.026 Y105.463
G0 X108.309 Y105.746
;TYPE:WALL-INNER
G1 F2372.9 X108.309 Y118.46 E1664.40402
G0 F9000 X108.456 Y118.46
G1 F2400 E1662.40402
G0 F9000 X109.048 Y119.199
G0 X110.152 Y119.199
G0 X129.811 Y119.199
G0 X130.921 Y119.199
G0 X131.35 Y131.706
G1 F1200 E1664.40402
G0 F9000 X131.177 Y132.007
G1 F2164.1 X131.418 Y131.867 E1664.41503
G1 X132.226 Y131.434 E1664.45123
G1 X132.227 Y88.558 E1666.14468
G1 X131.422 Y88.137 E1666.18056
G1 X131.177 Y87.995 E1666.19175
G1 X131.177 Y132.007 E1667.93006
G0 F9000 X131.35 Y131.706
G0 X131.701 Y131.121
G1 F1967.4 X131.702 Y88.879 E1669.76531
G1 F2400 E1667.76531
G0 F9000 X130.95 Y87.601
G1 F1200 E1669.76531
G0 F9000 X130.702 Y87.172
;TYPE:WALL-OUTER
G1 F1664.7 X130.702 Y132.83 E1671.3883
G1 X131.642 Y132.286 E1671.42691
G1 X132.264 Y131.953 E1671.45199
G1 X132.701 Y131.78 E1671.4687
G1 X132.698 Y88.226 E1673.0169
G1 X132.399 Y88.115 E1673.02824
G1 X131.644 Y87.717 E1673.05858
G1 X130.702 Y87.172 E1673.09726
G0 F9000 X130.702 Y87.372
G0 X131.801 Y88.643
G1 F2400 E1671.09726
;MESH:NONMESH
G0 F600 X131.801 Y88.643 Z6.08
G0 F9000 X130.921 Y105.463
G0 X129.811 Y105.463
G0 X110.152 Y105.463
G0 X109.042 Y105.463
G0 X108.026 Y105.463
G1 F1200 E1673.09726
G0 F9000 X107.831 Y105.268
;TIME_ELAPSED:1664.797915
;LAYER:29
;TYPE:WALL-INNER
;MESH:DoorStrikePlate.stl
G1 F2151.5 X107.831 Y118.938 E1673.63718
G1 X108.787 Y118.938 E1673.67494
G1 X108.787 Y105.268 E1674.21485
G1 X107.831 Y105.268 E1674.25261
G0 F9000 X107.356 Y104.808
;TYPE:WALL-OUTER
G1 F1655 X107.356 Y119.413 E1674.77177
G1 X109.262 Y119.413 E1674.83952
G1 X109.262 Y104.793 E1675.35922
G1 X107.385 Y104.793 E1675.42594
G1 X107.356 Y104.808 E1675.4271
G0 F9000 X107.356 Y105.008
G0 X108.026 Y105.463
G0 X108.309 Y105.746
;TYPE:WALL-INNER
G1 F2359.1 X108.309 Y118.46 E1675.88507
G0 F9000 X108.456 Y118.46
G1 F2400 E1673.88507
G0 F9000 X109.048 Y105.007
G0 X110.152 Y105.007
G0 X129.885 Y105.007
G0 X130.995 Y105.007
G0 X131.428 Y88.674
G1 F1200 E1675.88507
G0 F9000 X131.251 Y88.393
G1 F2151.5 X131.251 Y131.61 E1677.59198
G1 X131.675 Y131.405 E1677.61058
G1 X132.273 Y131.085 E1677.63737
G1 X132.274 Y88.913 E1679.30301
G1 X131.722 Y88.62 E1679.3277
G1 X131.251 Y88.393 E1679.34835
G0 F9000 X131.763 Y89.221
G1 F2049.1 X131.763 Y91.2 E1679.43042
G1 X131.763 Y93.179 E1679.51249
G1 X131.763 Y95.158 E1679.59456
G1 X131.763 Y97.137 E1679.67663
G1 X131.763 Y99.116 E1679.75871
G1 F2053 X131.763 Y101.095 E1679.84062
G1 X131.763 Y103.074 E1679.92254
G1 X131.763 Y105.053 E1680.00445
G1 X131.763 Y107.032 E1680.08637
G1 X131.763 Y109.011 E1680.16828
G1 X131.763 Y110.99 E1680.2502
G1 F2056.9 X131.763 Y112.969 E1680.33196
G1 X131.763 Y114.948 E1680.41372
G1 X131.763 Y116.927 E1680.49547
G1 X131.763 Y118.906 E1680.57723
G1 X131.763 Y120.885 E1680.65899
G1 F2060.8 X131.763 Y122.864 E1680.74059
G1 X131.763 Y124.843 E1680.8222
G1 X131.763 Y126.822 E1680.9038
G1 X131.763 Y128.801 E1680.9854
G1 X131.762 Y130.78 E1681.067
G1 F2400 E1679.067
G0 F9000 X131.024 Y131.992
G1 F1200 E1681.067
G0 F9000 X130.776 Y132.429
;TYPE:WALL-OUTER
G1 F1655 X131.321 Y132.104 E1681.08956
G1 X131.899 Y131.824 E1681.11239
G1 X132.332 Y131.591 E1681.12987
G1 X132.479 Y131.534 E1681.13547
G1 X132.748 Y131.401 E1681.14614
G1 X132.748 Y88.591 E1682.6679
G1 X132.504 Y88.474 E1682.67752
G1 X132.382 Y88.432 E1682.6821
G1 X131.943 Y88.198 E1682.69979
G1 X131.297 Y87.886 E1682.72529
G1 X130.777 Y87.574 E1682.74684
G1 X130.776 Y132.429 E1684.34129
G0 F9000 X130.947 Y132.327
G0 X131.527 Y130.776
G1 F2400 E1682.34129
;MESH:NONMESH
G0 F600 X131.527 Y130.776 Z6.28
G0 F9000 X130.995 Y105.463
G0 X129.885 Y105.463
G0 X110.152 Y105.463
G0 X109.042 Y105.463
G0 X108.026 Y105.463
G1 F1200 E1684.34129
G0 F9000 X107.831 Y105.268
;TIME_ELAPSED:1677.463352
;LAYER:30
;TYPE:WALL-INNER
;MESH:DoorStrikePlate.stl
G1 F2130.1 X107.831 Y118.938 E1684.88121
G1 X108.787 Y118.938 E1684.91897
G1 X108.787 Y105.268 E1685.45889
G1 X107.831 Y105.268 E1685.49664
G0 F9000 X107.356 Y104.808
;TYPE:WALL-OUTER
G1 F1638.6 X107.356 Y119.413 E1686.0158
G1 X109.262 Y119.413 E1686.08356
G1 X109.262 Y104.793 E1686.60325
G1 X107.385 Y104.793 E1686.66997
G1 X107.356 Y104.808 E1686.67113
G0 F9000 X107.356 Y105.008
G0 X108.026 Y105.463
G0 X108.309 Y105.746
;TYPE:WALL-INNER
G1 F2335.7 X108.309 Y118.46 E1687.1291
G0 F9000 X108.456 Y118.46
G1 F2400 E1685.1291
G0 F9000 X109.048 Y105.007
G0 X110.152 Y105.007
G0 X129.945 Y105.007
G0 X131.055 Y105.007
G0 X131.487 Y89.058
G1 F1200 E1687.1291
G0 F9000 X131.311 Y88.777
G1 F2130.1 X131.311 Y131.224 E1688.8056
G1 X132.32 Y130.719 E1688.85017
G1 X132.324 Y89.287 E1690.48658
G1 X131.587 Y88.91 E1690.51928
G1 X131.311 Y88.777 E1690.53138
G0 F9000 X131.817 Y89.598
G1 F2076.2 X131.817 Y91.541 E1690.61012
G1 X131.817 Y93.484 E1690.68885
G1 X131.817 Y95.427 E1690.76759
G1 X131.817 Y97.37 E1690.84633
G1 X131.817 Y99.313 E1690.92506
G1 F2080.2 X131.817 Y101.256 E1691.00365
G1 X131.817 Y103.199 E1691.08223
G1 X131.817 Y105.142 E1691.16081
G1 X131.817 Y107.085 E1691.2394
G1 X131.817 Y109.028 E1691.31798
G1 X131.816 Y110.971 E1691.39656
G1 F2084.3 X131.816 Y112.914 E1691.47499
G1 X131.816 Y114.857 E1691.55342
G1 X131.816 Y116.8 E1691.63185
G1 X131.816 Y118.743 E1691.71028
G1 X131.816 Y120.686 E1691.78871
G1 F2088.4 X131.816 Y122.629 E1691.86699
G1 X131.816 Y124.572 E1691.94527
G1 X131.816 Y126.515 E1692.02354
G1 X131.816 Y128.458 E1692.10182
G1 X131.816 Y130.401 E1692.1801
G1 F2400 E1690.1801
G0 F9000 X131.088 Y131.579
G1 F1200 E1692.1801
G0 F9000 X130.836 Y131.98
;TYPE:WALL-OUTER
G1 F1638.6 X131.84 Y131.495 E1692.21973
G1 X132.295 Y131.262 E1692.2379
G1 X132.463 Y131.194 E1692.24434
G1 X132.795 Y131.03 E1692.25751
G1 X132.796 Y88.955 E1693.75314
G1 X132.306 Y88.746 E1693.77207
G1 X131.793 Y88.481 E1693.7926
G1 X130.837 Y88.021 E1693.83031
G1 X130.836 Y131.98 E1695.39291
G0 F9000 X131.016 Y131.894
G0 X131.589 Y130.388
G1 F2400 E1693.39291
;MESH:NONMESH
G0 F600 X131.589 Y130.388 Z6.48
G0 F9000 X131.055 Y105.463
G0 X129.945 Y105.463
G0 X110.152 Y105.463
G0 X109.042 Y105.463
G0 X108.026 Y105.463
G1 F1200 E1695.39291
G0 F9000 X107.831 Y105.268
;TIME_ELAPSED:1690.049342
;LAYER:31
;TYPE:WALL-INNER
;MESH:DoorStrikePlate.stl
G1 F2097.9 X107.831 Y118.938 E1695.93283
G1 X108.787 Y118.938 E1695.97059
G1 X108.787 Y105.268 E1696.5105
G1 X107.831 Y105.268 E1696.54826
G0 F9000 X107.356 Y104.808
;TYPE:WALL-OUTER
G1 F1613.8 X107.356 Y119.413 E1697.06742
G1 X109.262 Y119.413 E1697.13517
G1 X109.262 Y104.793 E1697.65487
G1 X107.385 Y104.793 E1697.72159
G1 X107.356 Y104.808 E1697.72275
G0 F9000 X107.356 Y105.008
G0 X108.026 Y105.463
G0 X108.309 Y105.746
;TYPE:WALL-INNER
G1 F2300.3 X108.309 Y118.46 E1698.18072
G0 F9000 X108.456 Y118.46
G1 F2400 E1696.18072
G0 F9000 X109.048 Y105.007
G0 X110.152 Y105.007
G0 X129.999 Y105.007
G0 X131.109 Y105.007
G0 X131.54 Y89.52
G1 F1200 E1698.18072
G0 F9000 X131.365 Y89.23
G1 F2097.9 X131.364 Y130.77 E1699.8214
G1 X131.669 Y130.612 E1699.83496
G1 X132.368 Y130.332 E1699.8647
G1 X132.364 Y89.684 E1701.47015
G1 X131.729 Y89.418 E1701.49735
G1 X131.365 Y89.23 E1701.51353
G0 F9000 X131.864 Y90.016
G1 F2097.9 X131.864 Y92.015 E1701.59248
G1 X131.864 Y94.014 E1701.67143
G1 X131.864 Y96.013 E1701.75039
G1 X131.864 Y98.012 E1701.82934
G1 X131.864 Y100.011 E1701.90829
G1 F2093.7 X131.864 Y102.01 E1701.9874
G1 X131.864 Y104.009 E1702.06652
G1 X131.864 Y106.008 E1702.14563
G1 X131.864 Y108.007 E1702.22474
G1 X131.865 Y110.006 E1702.30385
G1 F2089.5 X131.865 Y112.005 E1702.38312
G1 X131.865 Y114.004 E1702.46239
G1 X131.865 Y116.003 E1702.54166
G1 X131.865 Y118.002 E1702.62093
G1 X131.865 Y120.001 E1702.7002
G1 F2085.4 X131.865 Y122 E1702.77962
G1 X131.865 Y123.999 E1702.85905
G1 X131.865 Y125.998 E1702.93848
G1 X131.865 Y127.997 E1703.0179
G1 X131.866 Y129.996 E1703.09733
G1 F2400 E1701.09733
G0 F9000 X131.142 Y131.137
G1 F1200 E1703.09733
G0 F9000 X130.89 Y131.54
;TYPE:WALL-OUTER
G1 F1613.8 X131.24 Y131.369 E1703.11118
G1 X131.909 Y131.024 E1703.13793
G1 X132.843 Y130.655 E1703.17363
G1 X132.835 Y89.367 E1704.64129
G1 X131.914 Y88.98 E1704.6768
G1 X131.253 Y88.637 E1704.70327
G1 X130.891 Y88.461 E1704.71758
G1 X130.89 Y131.54 E1706.2489
G0 F9000 X131.069 Y131.453
G0 X131.989 Y130.139
G1 F2400 E1704.2489
;MESH:NONMESH
G0 F600 X131.989 Y130.139 Z6.68
G0 F9000 X131.109 Y105.463
G0 X129.999 Y105.463
G0 X110.152 Y105.463
G0 X109.042 Y105.463
G0 X108.026 Y105.463
G1 F1200 E1706.2489
G0 F9000 X107.831 Y105.268
;TIME_ELAPSED:1702.602634
;LAYER:32
;TYPE:WALL-INNER
;MESH:DoorStrikePlate.stl
G1 F2038.4 X107.831 Y118.938 E1706.78881
G1 X108.787 Y118.938 E1706.82657
G1 X108.787 Y105.268 E1707.36649
G1 X107.831 Y105.268 E1707.40425
G0 F9000 X107.356 Y104.808
;TYPE:WALL-OUTER
G1 F1568 X107.356 Y119.413 E1707.92341
G1 X109.262 Y119.413 E1707.99116
G1 X109.262 Y104.793 E1708.51085
G1 X107.385 Y104.793 E1708.57757
G1 X107.356 Y104.808 E1708.57873
G0 F9000 X107.356 Y105.008
G0 X108.026 Y105.463
G0 X108.309 Y105.746
;TYPE:WALL-INNER
G1 F2235 X108.309 Y118.46 E1709.0367
G0 F9000 X108.456 Y118.46
G1 F2400 E1707.0367
G0 F9000 X109.048 Y119.199
G0 X110.152 Y119.199
G0 X130.048 Y119.2
G0 X131.138 Y119.199
G0 X131.592 Y130.01
G1 F1200 E1709.0367
G0 F9000 X131.413 Y130.283
G1 F2038.4 X132.086 Y129.992 E1709.06566
G1 X132.399 Y129.872 E1709.0789
G1 X132.399 Y90.108 E1710.64944
G1 X132.01 Y89.942 E1710.66614
G1 X131.413 Y89.715 E1710.69137
G1 X131.413 Y130.283 E1712.29366
G0 F9000 X131.906 Y129.533
G1 F2097.1 X131.906 Y90.433 E1713.79473
G1 F2400 E1711.79473
G0 F9000 X131.188 Y89.36
G1 F1200 E1713.79473
G0 F9000 X130.939 Y88.95
;TYPE:WALL-OUTER
G1 F1568 X130.939 Y131.049 E1715.29121
G1 X131.51 Y130.759 E1715.31398
G1 X132.255 Y130.435 E1715.34285
G1 X132.87 Y130.196 E1715.36631
G1 X132.87 Y89.794 E1716.80247
G1 X132.196 Y89.504 E1716.82855
G1 X131.491 Y89.235 E1716.85537
G1 X130.939 Y88.95 E1716.87746
G0 F9000 X130.939 Y89.15
G0 X132.038 Y90.308
G1 F2400 E1714.87746
;MESH:NONMESH
G0 F600 X132.038 Y90.308 Z6.88
G0 F9000 X131.138 Y105.463
G0 X130.048 Y105.464
G0 X110.152 Y105.463
G0 X109.042 Y105.463
G0 X108.026 Y105.463
G1 F1200 E1716.87746
G0 F9000 X107.831 Y105.268
;TIME_ELAPSED:1714.809350
;LAYER:33
;TYPE:WALL-INNER
;MESH:DoorStrikePlate.stl
G1 F2003.3 X107.831 Y118.938 E1717.41737
G1 X108.787 Y118.938 E1717.45513
G1 X108.787 Y105.268 E1717.99505
G1 X107.831 Y105.268 E1718.03281
G0 F9000 X107.356 Y104.808
;TYPE:WALL-OUTER
G1 F1541 X107.356 Y119.413 E1718.55197
G1 X109.262 Y119.413 E1718.61972
G1 X109.262 Y104.793 E1719.13941
G1 X107.385 Y104.793 E1719.20613
G1 X107.356 Y104.808 E1719.20729
G0 F9000 X107.356 Y105.008
G0 X108.026 Y105.463
G0 X108.309 Y105.746
;TYPE:WALL-INNER
G1 F2196.6 X108.309 Y118.46 E1719.66526
G0 F9000 X108.456 Y118.46
G1 F2400 E1717.66526
G0 F9000 X109.048 Y105.007
G0 X110.152 Y105.007
G0 X130.087 Y105.008
G0 X131.177 Y105.007
G0 X131.632 Y90.483
G1 F1200 E1719.66526
G0 F9000 X131.452 Y90.215
G1 F2003.3 X131.453 Y129.782 E1721.22802
G1 X132.43 Y129.414 E1721.26925
G1 X132.43 Y90.59 E1722.80266
G1 X131.543 Y90.256 E1722.84009
G1 X131.452 Y90.215 E1722.84404
G0 F9000 X130.978 Y89.506
;TYPE:WALL-OUTER
G1 F1541 X130.978 Y130.497 E1724.30113
G1 X131.551 Y130.261 E1724.32316
G1 X131.695 Y130.194 E1724.32881
G1 X132.901 Y129.741 E1724.3746
G1 X132.901 Y90.26 E1725.77802
G1 X131.695 Y89.804 E1725.82385
G1 X131.54 Y89.732 E1725.82993
G1 X130.978 Y89.506 E1725.85146
G0 F9000 X130.978 Y89.706
G0 X131.632 Y90.483
G0 X131.941 Y90.928
;TYPE:WALL-INNER
G1 F2095.5 X131.941 Y129.075 E1727.29184
G0 F9000 X132.077 Y128.947
G1 F2400 E1725.29184
;MESH:NONMESH
G0 F600 X132.077 Y128.947 Z7.08
G0 F9000 X131.177 Y105.463
G0 X130.087 Y105.464
G0 X110.152 Y105.463
G0 X109.042 Y105.463
G0 X108.026 Y105.463
G1 F1200 E1727.29184
G0 F9000 X107.831 Y105.268
;TIME_ELAPSED:1727.042228
;LAYER:34
;TYPE:WALL-INNER
;MESH:DoorStrikePlate.stl
G1 F1982.8 X107.831 Y118.938 E1727.83175
G1 X108.787 Y118.938 E1727.86951
G1 X108.787 Y105.268 E1728.40943
G1 X107.831 Y105.268 E1728.44719
G0 F9000 X107.356 Y104.808
;TYPE:WALL-OUTER
G1 F1525.2 X107.356 Y119.413 E1728.96635
G1 X109.262 Y119.413 E1729.0341
G1 X109.262 Y104.793 E1729.55379
G1 X107.385 Y104.793 E1729.62051
G1 X107.356 Y104.808 E1729.62168
G0 F9000 X107.356 Y105.008
G0 X108.026 Y105.463
G0 X108.309 Y105.746
;TYPE:WALL-INNER
G1 F2174.1 X108.309 Y118.46 E1730.07964
G0 F9000 X108.456 Y118.46
G1 F2400 E1728.07964
G0 F9000 X109.048 Y105.007
G0 X110.152 Y105.007
G0 X130.119 Y105.007
G0 X131.229 Y105.007
G0 X131.666 Y91.042
G1 F1200 E1730.07964
G0 F9000 X131.485 Y90.785
G1 F1982.8 X131.485 Y129.216 E1731.59753
G1 X132.452 Y128.886 E1731.63788
G1 X132.453 Y91.11 E1733.1299
G1 X131.485 Y90.785 E1733.17023
G0 F9000 X131.969 Y91.46
G1 F2118.4 X131.968 Y128.541 E1734.54107
G1 F2400 E1732.54107
G0 F9000 X131.267 Y129.521
G1 F1200 E1734.54107
G0 F9000 X131.01 Y129.909
;TYPE:WALL-OUTER
G1 F1525.2 X131.227 Y129.807 E1734.54959
G1 X132.595 Y129.34 E1734.60097
G1 X132.927 Y129.214 E1734.61359
G1 X132.924 Y90.784 E1735.97966
G1 X132.681 Y90.684 E1735.989
G1 X131.995 Y90.459 E1736.01466
G1 X131.228 Y90.192 E1736.04353
G1 X131.011 Y90.091 E1736.05204
G1 X131.01 Y129.909 E1737.46744
G0 F9000 X131.191 Y129.824
G0 X131.834 Y128.438
G1 F2400 E1735.46744
;MESH:NONMESH
G0 F600 X131.834 Y128.438 Z7.28
G0 F9000 X131.229 Y105.463
G0 X130.119 Y105.463
G0 X110.152 Y105.463
G0 X109.042 Y105.463
G0 X108.026 Y105.463
G1 F1200 E1737.46744
G0 F9000 X107.831 Y105.268
;TIME_ELAPSED:1739.455071
;LAYER:35
;TYPE:WALL-INNER
;MESH:DoorStrikePlate.stl
G1 F1899.7 X107.831 Y118.938 E1738.00736
G1 X108.787 Y118.938 E1738.04511
G1 X108.787 Y105.268 E1738.58503
G1 X107.831 Y105.268 E1738.62279
G0 F9000 X107.356 Y104.808
;TYPE:WALL-OUTER
G1 F1461.3 X107.356 Y119.413 E1739.14195
G1 X109.262 Y119.413 E1739.2097
G1 X109.262 Y104.793 E1739.7294
G1 X107.385 Y104.793 E1739.79612
G1 X107.356 Y104.808 E1739.79728
G0 F9000 X107.356 Y105.008
G0 X108.026 Y105.463
G0 X108.309 Y105.746
;TYPE:WALL-INNER
G1 F2083 X108.309 Y118.46 E1740.25524
G0 F9000 X108.456 Y118.46
G1 F2400 E1738.25524
G0 F9000 X109.048 Y119.199
G0 X110.152 Y119.199
G0 X130.143 Y119.2
G0 X131.233 Y119.199
G0 X131.689 Y128.297
G1 F1200 E1740.25524
G0 F9000 X131.509 Y128.561
G1 F1899.7 X131.953 Y128.386 E1740.27409
G1 X132.474 Y128.239 E1740.29547
G1 X132.474 Y91.707 E1741.73836
G1 X131.507 Y91.438 E1741.778
G1 X131.509 Y128.561 E1743.24423
G0 F9000 X131.036 Y129.241
;TYPE:WALL-OUTER
G1 F1461.3 X131.277 Y129.164 E1743.25322
G1 X132.127 Y128.829 E1743.2857
G1 X132.558 Y128.705 E1743.30164
G1 X132.947 Y128.648 E1743.31561
G1 X132.944 Y91.352 E1744.64137
G1 X131.78 Y91.017 E1744.68442
G1 X131.704 Y91.003 E1744.68717
G1 X131.035 Y90.789 E1744.71214
G1 X131.036 Y129.241 E1746.07898
G0 F9000 X131.226 Y129.181
G0 X131.689 Y128.297
G0 X131.991 Y127.871
;TYPE:WALL-INNER
G1 F2038.3 X131.991 Y123.893 E1746.22541
G1 X131.991 Y119.915 E1746.37185
G1 X131.991 Y115.937 E1746.51828
G1 X131.991 Y111.959 E1746.66471
G1 F2033.9 X131.991 Y107.981 E1746.81146
G1 X131.991 Y104.003 E1746.95821
G1 X131.991 Y100.025 E1747.10495
G1 X131.991 Y96.047 E1747.2517
G1 X131.99 Y92.069 E1747.39845
G0 F9000 X132.133 Y92.207
G1 F2400 E1745.39845
;MESH:NONMESH
G0 F600 X132.133 Y92.207 Z7.48
G0 F9000 X131.233 Y105.463
G0 X130.143 Y105.464
G0 X110.152 Y105.463
G0 X109.042 Y105.463
G0 X108.026 Y105.463
G1 F1200 E1747.39845
G0 F9000 X107.831 Y105.268
;TIME_ELAPSED:1751.292888
;LAYER:36
;TYPE:WALL-INNER
;MESH:DoorStrikePlate.stl
G1 F1860.2 X107.831 Y118.938 E1747.93836
G1 X108.787 Y118.938 E1747.97612
G1 X108.787 Y105.268 E1748.51604
G1 X107.831 Y105.268 E1748.5538
G0 F9000 X107.356 Y104.808
;TYPE:WALL-OUTER
G1 F1430.9 X107.356 Y119.413 E1749.07296
G1 X109.262 Y119.413 E1749.14071
G1 X109.262 Y104.793 E1749.6604
G1 X107.385 Y104.793 E1749.72712
G1 X107.356 Y104.808 E1749.72828
G0 F9000 X107.356 Y105.008
G0 X108.026 Y105.463
G0 X108.309 Y105.746
;TYPE:WALL-INNER
G1 F2039.7 X108.309 Y118.46 E1750.18625
G0 F9000 X108.456 Y118.46
G1 F2400 E1748.18625
G0 F9000 X109.048 Y105.007
G0 X110.152 Y105.007
G0 X130.162 Y105.008
G0 X131.252 Y105.007
G0 X131.712 Y92.414
G1 F1200 E1750.18625
G0 F9000 X131.527 Y92.179
G1 F1860.2 X131.527 Y127.805 E1751.59335
G1 X131.892 Y127.727 E1751.60809
G1 X132.487 Y127.588 E1751.63223
G1 X132.487 Y92.412 E1753.02155
G1 X131.527 Y92.179 E1753.06057
G0 F9000 X131.051 Y91.61
;TYPE:WALL-OUTER
G1 F1430.9 X131.053 Y128.43 E1754.3694
G1 X131.838 Y128.211 E1754.39837
G1 X131.952 Y128.201 E1754.40244
G1 X132.959 Y127.967 E1754.43919
G1 X132.962 Y92.049 E1755.71596
G1 X132.671 Y91.968 E1755.72669
G1 X131.567 Y91.7 E1755.76708
G1 X131.247 Y91.65 E1755.77859
G1 X131.051 Y91.61 E1755.7857
G0 F9000 X131.051 Y91.81
G0 X131.712 Y92.414
G0 X132.007 Y92.789
;TYPE:WALL-INNER
G1 F2022 X132.007 Y127.208 E1757.03637
G0 F9000 X132.152 Y127.209
G1 F2400 E1755.03637
;MESH:NONMESH
G0 F600 X132.152 Y127.209 Z7.68
G0 F9000 X131.252 Y105.463
G0 X130.162 Y105.464
G0 X110.152 Y105.463
G0 X109.042 Y105.463
G0 X108.026 Y105.463
G1 F1200 E1757.03637
G0 F9000 X107.831 Y105.268
;TIME_ELAPSED:1763.413261
;LAYER:37
;TYPE:WALL-INNER
;MESH:DoorStrikePlate.stl
G1 F1776.9 X107.831 Y118.938 E1757.57629
G1 X108.787 Y118.938 E1757.61405
G1 X108.787 Y105.268 E1758.15397
G1 X107.831 Y105.268 E1758.19172
G0 F9000 X107.356 Y104.808
;TYPE:WALL-OUTER
G1 F1366.8 X107.356 Y119.413 E1758.71088
G1 X109.262 Y119.413 E1758.77864
G1 X109.262 Y104.793 E1759.29833
G1 X107.385 Y104.793 E1759.36505
G1 X107.356 Y104.808 E1759.36621
G0 F9000 X107.356 Y105.008
G0 X108.026 Y105.463
G0 X108.309 Y105.746
;TYPE:WALL-INNER
G1 F1948.4 X108.309 Y118.46 E1759.82418
G0 F9000 X108.456 Y118.46
G1 F2400 E1757.82418
G0 F9000 X109.048 Y119.199
G0 X110.152 Y119.199
G0 X130.173 Y119.201
G0 X131.283 Y119.201
G0 X131.723 Y126.614
G1 F1200 E1759.82418
G0 F9000 X131.538 Y126.855
G1 F1776.9 X132.175 Y126.675 E1759.85032
G1 X132.496 Y126.656 E1759.86302
G1 X132.496 Y93.324 E1761.17952
G1 X131.54 Y93.126 E1761.21808
G1 X131.538 Y126.855 E1762.55025
G0 F9000 X131.064 Y127.416
;TYPE:WALL-OUTER
G1 F1366.8 X131.475 Y127.366 E1762.56497
G1 X132.304 Y127.132 E1762.59559
G1 X132.63 Y127.141 E1762.60718
G1 X132.971 Y127.035 E1762.61988
G1 X132.971 Y92.966 E1763.83092
G1 X132.824 Y92.887 E1763.83685
G1 X132.695 Y92.881 E1763.84144
G1 X131.703 Y92.673 E1763.87747
G1 X131.065 Y92.548 E1763.90058
G1 X131.064 Y127.416 E1765.14003
G0 F9000 X131.262 Y127.392
G0 X131.723 Y126.614
G0 X132.017 Y126.222
;TYPE:WALL-INNER
G1 F1939.9 X132.017 Y93.712 E1766.3162
G0 F9000 X132.163 Y93.856
G1 F2400 E1764.3162
;MESH:NONMESH
G0 F600 X132.163 Y93.856 Z7.88
G0 F9000 X131.283 Y105.465
G0 X130.173 Y105.465
G0 X110.152 Y105.465
G0 X109.042 Y105.465
G0 X108.026 Y105.463
G1 F1200 E1766.3162
G0 F9000 X107.831 Y105.268
;TIME_ELAPSED:1775.154223
;LAYER:38
;TYPE:WALL-INNER
;MESH:DoorStrikePlate.stl
G1 F1665.5 X107.831 Y118.938 E1766.85611
G1 X108.787 Y118.938 E1766.89387
G1 X108.787 Y105.268 E1767.43379
G1 X107.831 Y105.268 E1767.47154
G0 F9000 X107.356 Y104.808
;TYPE:WALL-OUTER
G1 F1281.1 X107.356 Y119.413 E1767.99071
G1 X109.262 Y119.413 E1768.05846
G1 X109.262 Y104.793 E1768.57815
G1 X107.385 Y104.793 E1768.64487
G1 X107.356 Y104.808 E1768.64603
G0 F9000 X107.356 Y105.008
G0 X108.026 Y105.463
G0 X108.309 Y105.746
;TYPE:WALL-INNER
G1 F1826.2 X108.309 Y118.46 E1769.104
G0 F9000 X108.456 Y118.46
G1 F2400 E1767.104
G0 F9000 X109.048 Y105.007
G0 X110.152 Y105.007
G0 X130.179 Y105.007
G0 X131.289 Y105.007
G0 X132.305 Y95.106
G1 F1200 E1769.104
G0 F9000 X132.5 Y94.901
G1 F1665.5 X131.544 Y94.953 E1769.14182
G1 X131.545 Y125.083 E1770.33184
G1 X131.846 Y125.065 E1770.34375
G1 X132.5 Y125.065 E1770.36958
G1 X132.5 Y94.901 E1771.56095
G0 F9000 X132.947 Y94.604
;TYPE:WALL-OUTER
G1 F1281.1 X132.731 Y94.436 E1771.57068
G1 X132.266 Y94.437 E1771.58721
G1 X131.096 Y94.501 E1771.62886
G1 X131.069 Y94.516 E1771.62996
G1 X131.07 Y125.583 E1772.73429
G1 X131.874 Y125.54 E1772.76291
G1 X132.975 Y125.54 E1772.80205
G1 X132.975 Y94.665 E1773.89955
G1 X132.947 Y94.604 E1773.90194
G0 F9000 X132.789 Y94.481
G0 X132.305 Y95.106
G0 X132.022 Y95.405
;TYPE:WALL-INNER
G1 F1826.2 X132.022 Y124.587 E1774.9531
G0 F9000 X132.169 Y124.587
G1 F2400 E1772.9531
;MESH:NONMESH
G0 F600 X132.169 Y124.587 Z8.08
G0 F9000 X131.289 Y105.463
G0 X130.179 Y105.463
G0 X110.152 Y105.463
G0 X109.042 Y105.463
G0 X108.026 Y105.463
G1 F1200 E1774.9531
G0 F9000 X107.831 Y105.268
;TIME_ELAPSED:1787.162960
;LAYER:39
;TYPE:WALL-INNER
;MESH:DoorStrikePlate.stl
G1 F780 X107.831 Y118.938 E1775.49301
G1 X108.787 Y118.938 E1775.53077
G1 X108.787 Y105.268 E1776.07069
G1 X107.831 Y105.268 E1776.10845
G0 F9000 X107.356 Y104.808
;TYPE:WALL-OUTER
G1 F600 X107.356 Y119.413 E1776.62761
G1 X109.262 Y119.413 E1776.69536
G1 X109.262 Y104.793 E1777.21505
G1 X107.385 Y104.793 E1777.28177
G1 X107.356 Y104.808 E1777.28293
G0 F9000 X107.356 Y105.008
G0 X108.026 Y105.463
G0 X108.309 Y105.746
;TYPE:WALL-INNER
G1 F855.3 X108.309 Y118.46 E1777.7409
G0 F9000 X108.456 Y118.46
;MESH:NONMESH
G0 F600 X108.456 Y118.46 Z8.28
G0 F9000 X108.026 Y105.463
G0 X107.831 Y105.268
;TIME_ELAPSED:1794.164414
;LAYER:40
;TYPE:WALL-INNER
;MESH:DoorStrikePlate.stl
G1 F780 X107.831 Y118.938 E1778.28082
G1 X108.787 Y118.938 E1778.31858
G1 X108.787 Y105.268 E1778.85849
G1 X107.831 Y105.268 E1778.89625
G0 F9000 X107.356 Y104.808
;TYPE:WALL-OUTER
G1 F600 X107.356 Y119.413 E1779.41541
G1 X109.262 Y119.413 E1779.48316
G1 X109.262 Y104.793 E1780.00286
G1 X107.385 Y104.793 E1780.06958
G1 X107.356 Y104.808 E1780.07074
G0 F9000 X107.356 Y105.008
G0 X108.026 Y105.463
G0 X108.309 Y105.746
;TYPE:WALL-INNER
G1 F855.3 X108.309 Y118.46 E1780.52871
G0 F9000 X108.456 Y118.46
;MESH:NONMESH
G0 F600 X108.456 Y118.46 Z8.48
G0 F9000 X108.026 Y105.463
G0 X107.831 Y105.268
;TIME_ELAPSED:1801.165868
;LAYER:41
;TYPE:WALL-INNER
;MESH:DoorStrikePlate.stl
G1 F780 X107.831 Y118.938 E1781.06862
G1 X108.787 Y118.938 E1781.10638
G1 X108.787 Y105.268 E1781.6463
G1 X107.831 Y105.268 E1781.68406
G0 F9000 X107.356 Y104.808
;TYPE:WALL-OUTER
G1 F600 X107.356 Y119.413 E1782.20322
G1 X109.262 Y119.413 E1782.27097
G1 X109.262 Y104.793 E1782.79066
G1 X107.385 Y104.793 E1782.85738
G1 X107.356 Y104.808 E1782.85854
G0 F9000 X107.356 Y105.008
G0 X108.026 Y105.463
G0 X108.309 Y105.746
;TYPE:WALL-INNER
G1 F855.3 X108.309 Y118.46 E1783.31651
G0 F9000 X108.456 Y118.46
;MESH:NONMESH
G0 F600 X108.456 Y118.46 Z8.68
G0 F9000 X108.026 Y105.463
G0 X107.831 Y105.268
;TIME_ELAPSED:1808.167322
;LAYER:42
;TYPE:WALL-INNER
;MESH:DoorStrikePlate.stl
G1 F780 X107.831 Y118.938 E1783.85643
G1 X108.787 Y118.938 E1783.89419
G1 X108.787 Y105.268 E1784.4341
G1 X107.831 Y105.268 E1784.47186
G0 F9000 X107.356 Y104.808
;TYPE:WALL-OUTER
G1 F600 X107.356 Y119.413 E1784.99102
G1 X109.262 Y119.413 E1785.05877
G1 X109.262 Y104.793 E1785.57847
G1 X107.385 Y104.793 E1785.64519
G1 X107.356 Y104.808 E1785.64635
G0 F9000 X107.356 Y105.008
G0 X108.026 Y105.463
G0 X108.309 Y105.746
;TYPE:WALL-INNER
G1 F855.3 X108.309 Y118.46 E1786.10432
G0 F9000 X108.456 Y118.46
;MESH:NONMESH
G0 F600 X108.456 Y118.46 Z8.88
G0 F9000 X108.026 Y105.463
G0 X107.831 Y105.268
;TIME_ELAPSED:1815.168776
;LAYER:43
;TYPE:WALL-INNER
;MESH:DoorStrikePlate.stl
G1 F780 X107.831 Y118.938 E1786.64423
G1 X108.787 Y118.938 E1786.68199
G1 X108.787 Y105.268 E1787.22191
G1 X107.831 Y105.268 E1787.25966
G0 F9000 X107.356 Y104.808
;TYPE:WALL-OUTER
G1 F600 X107.356 Y119.413 E1787.77883
G1 X109.262 Y119.413 E1787.84658
G1 X109.262 Y104.793 E1788.36627
G1 X107.385 Y104.793 E1788.43299
G1 X107.356 Y104.808 E1788.43415
G0 F9000 X107.356 Y105.008
G0 X108.026 Y105.463
G0 X108.309 Y105.746
;TYPE:WALL-INNER
G1 F855.3 X108.309 Y118.46 E1788.89212
G0 F9000 X108.456 Y118.46
;TIME_ELAPSED:1821.797216
G1 F2400 E1786.89212
M140 S0
M205 X10 Y10
M107
G91 ;Relative positioning
G1 E-2 F2700 ;Retract a bit
G1 E-2 Z0.2 F2400 ;Retract and raise Z
G1 X5 Y5 F3000 ;Wipe out
G1 Z10 ;Raise Z more
G90 ;Absolute positioning

G28 X0 Y0 ;Present print
M106 S0 ;Turn-off fan
M104 S0 ;Turn-off hotend
M140 S0 ;Turn-off bed

;*** Message and End Tones
M117 Print Completed
M300 S440 P200 ; Make Print Completed Tones
M300 S660 P250
M300 S880 P300
;*** End Message and End Tones

M84 X Y E ;Disable all steppers but Z
M82 ;absolute extrusion mode
M104 S0
;End of Gcode
;SETTING_3 {"global_quality": "[general]\\nversion = 4\\nname = FFV5.1_EF(.20)\\
;SETTING_3 ndefinition = creality_ender5\\n\\n[metadata]\\ntype = quality_change
;SETTING_3 s\\nquality_type = standard\\nsetting_version = 20\\n\\n[values]\\nac
;SETTING_3 celeration_enabled = True\\nadhesion_type = skirt\\njerk_enabled = Tr
;SETTING_3 ue\\nlayer_height = 0.2\\nlayer_height_0 = 0.28\\nmaterial_bed_temper
;SETTING_3 ature = 40\\nmaterial_bed_temperature_layer_0 = 50\\n\\n", "extruder_
;SETTING_3 quality": ["[general]\\nversion = 4\\nname = FFV5.1_EF(.20)\\ndefinit
;SETTING_3 ion = creality_ender5\\n\\n[metadata]\\ntype = quality_changes\\nqual
;SETTING_3 ity_type = standard\\nintent_category = default\\nposition = 0\\nsett
;SETTING_3 ing_version = 20\\n\\n[values]\\nacceleration_print = 500.0\\nacceler
;SETTING_3 ation_roofing = 500.0\\nacceleration_topbottom = 500.0\\nacceleration
;SETTING_3 _travel = 500.0\\nacceleration_wall = 500.0\\nbottom_layers = 3\\nbri
;SETTING_3 m_line_count = 10\\ncoasting_enable = False\\nfill_outline_gaps = Tru
;SETTING_3 e\\ninfill_line_distance = =0 if infill_sparse_density == 0 else (inf
;SETTING_3 ill_line_width * 100) / infill_sparse_density * (2 if infill_pattern 
;SETTING_3 == 'grid' else (3 if infill_pattern == 'triangles' or infill_pattern 
;SETTING_3 == 'trihexagon' or infill_pattern == 'cubic' or infill_pattern == 'cu
;SETTING_3 bicsubdiv' else (2 if infill_pattern == 'tetrahedral' or infill_patte
;SETTING_3 rn == 'quarter_cubic' else (1 if infill_pattern == 'cross' or infill_
;SETTING_3 pattern == 'cross_3d' else 1))))\\ninfill_line_width = 0.57\\ninfill_
;SETTING_3 overlap = 0\\ninfill_pattern = ='zigzag' if infill_sparse_density > 8
;SETTING_3 9 else 'lines' if infill_sparse_density > 31 else 'cubic'\\ninfill_sp
;SETTING_3 arse_density = 100\\ninfill_sparse_thickness = 0.3\\ninitial_layer_li
;SETTING_3 ne_width_factor = 100.0\\ninset_direction = inside_out\\nironing_enab
;SETTING_3 led = False\\njerk_layer_0 = 8\\njerk_print = 20\\njerk_travel_layer_
;SETTING_3 0 = 5\\nline_width = 0.45\\nmaterial_flow = 95\\nmaterial_flow_layer_
;SETTING_3 0 = 95\\nmaterial_print_temperature = 210\\nretraction_amount = 2\\nr
;SETTING_3 etraction_extrusion_window = 6\\nretraction_prime_speed = 20\\nretrac
;SETTING_3 tion_retract_speed = 40\\nroofing_layer_count = 1\\nskin_angles = [90
;SETTING_3 ,0 ]\\nskin_line_width = 0.28\\nskin_monotonic = True\\nskin_overlap 
;SETTING_3 = 30.0\\nskirt_brim_speed = 25.0\\nskirt_line_count = 1\\nspeed_layer
;SETTING_3 _0 = 25\\nspeed_print = 60.0\\nspeed_roofing = 50\\nspeed_topbottom =
;SETTING_3  45\\nspeed_travel_layer_0 = 125.0\\nspeed_wall_0 = 50\\nspeed_wall_x
;SETTING_3  = 65\\nspeed_z_hop = 10\\ntop_bottom_pattern = lines\\ntop_bottom_th
;SETTING_3 ickness = =layer_height_0+layer_height*3\\ntop_layers = 3\\nwall_0_ma
;SETTING_3 terial_flow = 95\\nwall_0_wipe_dist = 0.2\\nwall_line_count = 3\\nwal
;SETTING_3 l_line_width_x = 0.5\\nwall_thickness = =line_width*2\\nxy_offset = 0
;SETTING_3 .2\\nxy_offset_layer_0 = -0.2\\nz_seam_corner = z_seam_corner_weighte
;SETTING_3 d\\nz_seam_type = sharpest_corner\\n\\n"]}
