;FLAVOR:Marlin
;TIME:1458
;Filament used: 2.35652m
;Layer height: 0.28
;MINX:83.943
;MINY:82.456
;MINZ:0.28
;MAXX:135.685
;MAXY:134.608
;MAXZ:19.88
;Generated with Cura_SteamEngine main
M82 ;absolute extrusion mode
M201 X500.00 Y500.00 Z100.00 E5000.00 ;Setup machine max acceleration
M203 X500.00 Y500.00 Z10.00 E50.00 ;Setup machine max feedrate
M204 P500.00 R1000.00 T500.00 ;Setup Print/Retract/Travel acceleration
M205 X8.00 Y8.00 Z0.40 E5.00 ;Setup Jerk
M220 S100 ;Reset Feedrate
M221 S100 ;Reset Flowrate

;*** Start Dual Nozzle/Bed Preheating ***
M140 S50 ; start preheating the bed
M104 S210 ?T0 ; start preheating hotend
M190 S50 ; heat to Cura Bed setting and WAIT
M109 S210 ?T0 ; heat to Cura Hotend and WAIT
;*** End Preheating ***


;*** Single Print Start Tone
M300 S1000 P500 ; chirp to indicate starting to print
;*** End Single Start Tone

G28 ;Home

G92 E0 ;Reset Extruder
G1 Z2.0 F3000 ;Move Z Axis up
G1 X10.1 Y20 Z0.28 F5000.0 ;Move to start position
G1 X10.1 Y200.0 Z0.28 F1500.0 E15 ;Draw the first line
G1 X10.4 Y200.0 Z0.28 F5000.0 ;Move to side a little
G1 X10.4 Y20 Z0.28 F1500.0 E30 ;Draw the second line
G92 E0 ;Reset Extruder
G1 Z2.0 F3000 ;Move Z Axis up
G92 E0
G92 E0
G1 F2400 E-2
;LAYER_COUNT:71
;LAYER:0
M107
M204 S500
M205 X5 Y5
G0 F7500 X107.966 Y86.17 Z0.28
M205 X8 Y8
;TYPE:SKIRT
G1 F1200 E0
G1 F1500 X108.631 Y85.86 E0.03469
G1 X109.313 Y85.677 E0.06807
G1 X109.989 Y85.618 E0.10015
G1 X110.677 Y85.678 E0.1328
G1 X111.351 Y85.859 E0.1658
G1 X112.018 Y86.17 E0.20059
G1 X107.966 Y86.17 E0.39216
M205 X5 Y5
G0 F7500 X106.706 Y86.647
M205 X8 Y8
G1 F1500 X107.151 Y86.202 E0.42191
G1 X107.786 Y85.757 E0.45857
G1 X108.479 Y85.434 E0.49472
G1 X109.23 Y85.233 E0.53147
G1 X109.989 Y85.166 E0.56749
G1 X110.753 Y85.234 E0.60376
G1 X111.509 Y85.436 E0.64075
G1 X112.2 Y85.758 E0.67679
G1 X112.825 Y86.196 E0.71287
G1 X113.316 Y86.687 E0.7457
G1 X112.765 Y86.62 E0.77194
G1 X107.027 Y86.62 E1.04322
G1 X106.706 Y86.647 E1.05845
M205 X5 Y5
G0 F7500 X105.597 Y87.537
M205 X8 Y8
G1 F1500 X105.78 Y87.144 E1.07895
G1 X106.265 Y86.452 E1.1189
G1 X106.863 Y85.854 E1.15888
G1 X107.559 Y85.367 E1.19904
G1 X108.32 Y85.012 E1.23874
G1 X109.155 Y84.788 E1.27961
G1 X109.996 Y84.715 E1.31952
G1 X110.828 Y84.788 E1.35901
G1 X111.663 Y85.011 E1.39987
G1 X112.422 Y85.365 E1.43946
G1 X113.12 Y85.854 E1.47975
G1 X113.715 Y86.45 E1.51957
G1 X114.205 Y87.15 E1.55996
G1 X114.512 Y87.806 E1.59421
G1 X114.352 Y87.646 E1.6049
G1 X113.987 Y87.393 E1.6259
G1 X113.582 Y87.209 E1.64693
G1 X113.151 Y87.1 E1.66795
G1 X112.765 Y87.07 E1.68625
G1 X107.027 Y87.07 E1.95753
G1 X106.584 Y87.11 E1.97856
G1 X106.156 Y87.228 E1.99955
G1 X105.755 Y87.422 E2.02061
G1 X105.597 Y87.537 E2.02985
M205 X5 Y5
G0 F7500 X104.675 Y89.581
M205 X8 Y8
G1 F1500 X104.756 Y88.659 E2.07361
G1 X104.994 Y87.765 E2.11734
G1 X105.389 Y86.917 E2.16157
G1 X105.917 Y86.164 E2.20505
G1 X106.571 Y85.51 E2.24878
G1 X107.337 Y84.974 E2.29298
G1 X108.167 Y84.586 E2.33629
G1 X109.077 Y84.342 E2.38083
G1 X109.99 Y84.263 E2.42416
G1 X110.911 Y84.344 E2.46787
G1 X111.81 Y84.584 E2.51186
G1 X112.653 Y84.977 E2.55583
G1 X113.412 Y85.508 E2.59963
G1 X114.058 Y86.155 E2.64285
G1 X114.6 Y86.929 E2.68752
G1 X114.985 Y87.756 E2.73065
G1 X115.23 Y88.666 E2.77521
G1 X115.31 Y89.581 E2.81863
G1 X115.232 Y90.473 E2.86096
G1 X114.677 Y88.879 E2.94076
G1 X114.508 Y88.515 E2.95973
G1 X114.27 Y88.191 E2.97874
G1 X113.973 Y87.92 E2.99775
G1 X113.628 Y87.713 E3.01677
G1 X113.25 Y87.579 E3.03573
G1 X112.765 Y87.52 E3.05883
G1 X107.027 Y87.52 E3.3301
G1 X106.627 Y87.56 E3.34911
G1 X106.243 Y87.678 E3.3681
G1 X105.889 Y87.87 E3.38714
G1 X105.581 Y88.127 E3.4061
G1 X105.329 Y88.441 E3.42514
G1 X105.115 Y88.879 E3.44819
G1 X104.714 Y90.03 E3.50581
G1 X104.675 Y89.581 E3.52712
M205 X5 Y5
G0 F7500 X104.223 Y89.581
M205 X8 Y8
G1 F1500 X104.311 Y88.584 E3.57444
G1 X104.572 Y87.607 E3.62225
G1 X104.997 Y86.694 E3.66986
G1 X105.572 Y85.873 E3.71724
G1 X106.286 Y85.159 E3.76498
G1 X107.107 Y84.584 E3.81237
G1 X108.014 Y84.161 E3.85968
G1 X108.996 Y83.898 E3.90775
G1 X109.99 Y83.811 E3.95492
G1 X110.986 Y83.899 E4.00219
G1 X111.969 Y84.162 E4.0503
G1 X112.88 Y84.586 E4.09781
G1 X113.7 Y85.16 E4.14513
G1 X114.406 Y85.867 E4.19236
G1 X114.99 Y86.702 E4.24054
G1 X115.411 Y87.603 E4.28755
G1 X115.674 Y88.584 E4.33557
G1 X115.761 Y89.581 E4.38289
G1 X115.674 Y90.576 E4.43011
G1 X115.41 Y91.559 E4.47823
G1 X115.252 Y91.899 E4.49595
G1 X114.252 Y89.027 E4.63973
G1 X114.099 Y88.708 E4.65645
G1 X113.878 Y88.431 E4.67321
G1 X113.601 Y88.21 E4.68996
G1 X113.281 Y88.057 E4.70673
G1 X112.765 Y87.97 E4.73147
G1 X107.027 Y87.97 E5.00274
G1 X106.675 Y88.01 E5.01949
G1 X106.341 Y88.127 E5.03622
G1 X106.041 Y88.317 E5.05301
G1 X105.791 Y88.568 E5.06976
G1 X105.54 Y89.027 E5.09449
G1 X104.622 Y91.663 E5.22646
G1 X104.57 Y91.552 E5.23225
G1 X104.311 Y90.584 E5.27963
G1 X104.223 Y89.581 E5.32723
M205 X5 Y5
G0 F7500 X103.772 Y89.581
M205 X8 Y8
G1 F1500 X103.867 Y88.501 E5.37849
G1 X104.146 Y87.454 E5.42971
G1 X104.606 Y86.468 E5.48115
G1 X105.229 Y85.578 E5.53251
G1 X105.988 Y84.819 E5.58326
G1 X106.882 Y84.193 E5.63486
G1 X107.859 Y83.738 E5.68581
G1 X108.919 Y83.453 E5.7377
G1 X109.99 Y83.36 E5.78853
G1 X111.067 Y83.454 E5.83964
G1 X112.123 Y83.737 E5.89132
G1 X113.102 Y84.193 E5.94238
G1 X113.991 Y84.816 E5.99371
G1 X114.756 Y85.582 E6.04489
G1 X115.38 Y86.472 E6.09628
G1 X115.833 Y87.444 E6.14697
G1 X116.119 Y88.508 E6.19906
G1 X116.212 Y89.581 E6.24998
G1 X116.118 Y90.659 E6.30114
G1 X115.835 Y91.711 E6.35264
G1 X115.38 Y92.691 E6.40373
G1 X115.16 Y93.004 E6.42181
G1 X113.827 Y89.175 E6.61349
G1 X113.692 Y88.908 E6.62764
G1 X113.492 Y88.686 E6.64176
G1 X113.239 Y88.525 E6.65594
G1 X112.903 Y88.42 E6.67259
G1 X107.027 Y88.42 E6.95039
G1 X106.73 Y88.46 E6.96455
G1 X106.455 Y88.576 E6.97866
G1 X106.22 Y88.762 E6.99283
G1 X106.01 Y89.045 E7.00949
G1 X104.695 Y92.821 E7.19853
G1 X104.605 Y92.692 E7.20597
G1 X104.148 Y91.711 E7.25713
G1 X103.867 Y90.659 E7.30861
G1 X103.772 Y89.581 E7.35977
M205 X5 Y5
G0 F7500 X103.319 Y89.581
M205 X8 Y8
G1 F1500 X103.421 Y88.426 E7.41459
G1 X103.721 Y87.301 E7.46963
G1 X104.214 Y86.242 E7.52486
G1 X104.882 Y85.289 E7.57988
G1 X105.7 Y84.471 E7.63457
G1 X106.655 Y83.802 E7.6897
G1 X107.705 Y83.313 E7.74446
G1 X108.843 Y83.008 E7.80016
G1 X109.991 Y82.907 E7.85464
G1 X111.144 Y83.009 E7.90937
G1 X112.275 Y83.311 E7.96471
G1 X113.329 Y83.802 E8.01968
G1 X114.28 Y84.468 E8.07457
G1 X115.101 Y85.291 E8.12953
G1 X115.771 Y86.247 E8.18472
G1 X116.259 Y87.294 E8.23934
G1 X116.564 Y88.431 E8.29499
G1 X116.665 Y89.581 E8.34957
G1 X116.564 Y90.73 E8.4041
G1 X116.259 Y91.866 E8.45971
G1 X115.769 Y92.92 E8.51466
G1 X115.105 Y93.866 E8.5693
G1 X115.015 Y93.956 E8.57532
G1 X113.402 Y89.323 E8.80725
G1 X113.29 Y89.121 E8.81817
G1 X113.116 Y88.968 E8.82912
G1 X112.864 Y88.87 E8.84191
G1 X107.027 Y88.87 E9.11786
G1 X106.799 Y88.91 E9.12881
G1 X106.598 Y89.024 E9.13973
G1 X106.423 Y89.228 E9.15244
G1 X104.831 Y93.799 E9.38127
G1 X104.212 Y92.915 E9.43229
G1 X103.722 Y91.863 E9.48716
G1 X103.421 Y90.736 E9.54231
G1 X103.319 Y89.581 E9.59713
M205 X5 Y5
G0 F7500 X102.868 Y89.581
M205 X8 Y8
G1 F1500 X102.976 Y88.345 E9.65578
G1 X103.296 Y87.147 E9.71441
G1 X103.823 Y86.015 E9.77344
G1 X104.534 Y85.001 E9.83199
G1 X105.412 Y84.123 E9.89069
G1 X106.428 Y83.411 E9.94935
G1 X107.552 Y82.887 E10.00798
G1 X108.761 Y82.563 E10.06715
G1 X109.991 Y82.456 E10.12552
G1 X111.225 Y82.564 E10.18409
G1 X112.429 Y82.886 E10.24301
G1 X113.556 Y83.411 E10.30179
G1 X114.571 Y84.122 E10.36038
G1 X115.447 Y85 E10.41901
G1 X116.162 Y86.02 E10.4779
G1 X116.685 Y87.142 E10.53643
G1 X117.009 Y88.348 E10.59547
G1 X117.116 Y89.581 E10.65398
G1 X117.009 Y90.813 E10.71244
G1 X116.685 Y92.019 E10.77148
G1 X116.161 Y93.146 E10.83024
G1 X115.45 Y94.158 E10.88871
G1 X114.826 Y94.783 E10.93047
G1 X112.977 Y89.471 E11.19638
G1 X112.899 Y89.364 E11.20264
G1 X112.765 Y89.32 E11.20931
G1 X107.027 Y89.32 E11.48059
G1 X106.9 Y89.359 E11.48687
G1 X106.815 Y89.471 E11.49352
G1 X105.015 Y94.641 E11.75233
G1 X104.536 Y94.162 E11.78436
G1 X103.821 Y93.142 E11.84325
G1 X103.297 Y92.017 E11.90192
G1 X102.976 Y90.817 E11.96065
G1 X102.868 Y89.581 E12.0193
M205 X5 Y5
G1 F2400 E10.0193
G0 F7500 X91.067 Y120.36
M205 X8 Y8
G1 F1200 E12.0193
G1 F1500 X92.303 Y120.468 E12.07796
G1 X93.503 Y120.788 E12.13668
G1 X94.63 Y121.314 E12.19548
G1 X95.515 Y121.934 E12.24656
G1 X94.512 Y124.813 E12.3907
G1 X94.358 Y125.202 E12.41048
G1 X94.067 Y125.68 E12.43693
G1 X93.798 Y126.021 E12.45747
G1 X93.519 Y126.317 E12.4767
G1 X93.144 Y126.637 E12.5
G1 X92.699 Y126.873 E12.52382
G1 X92.303 Y127.015 E12.54371
G1 X91.982 Y127.11 E12.55953
G1 X91.683 Y127.179 E12.57404
G1 X91.404 Y127.212 E12.58732
G1 X89.978 Y127.216 E12.65474
G1 X89.852 Y127.255 E12.66098
G1 X89.754 Y127.378 E12.66841
G1 X89.754 Y130.455 E12.81388
G1 X89.793 Y130.582 E12.82016
G1 X89.917 Y130.68 E12.82764
G1 X97.407 Y130.68 E13.18174
G1 X97.236 Y131.048 E13.20093
G1 X96.524 Y132.064 E13.25958
G1 X95.647 Y132.941 E13.31822
G1 X94.631 Y133.653 E13.37687
G1 X93.505 Y134.177 E13.43559
G1 X92.299 Y134.501 E13.49463
G1 X91.067 Y134.608 E13.55309
G1 X89.834 Y134.501 E13.6116
G1 X88.628 Y134.177 E13.67064
G1 X87.506 Y133.654 E13.72917
G1 X86.486 Y132.939 E13.78806
G1 X85.608 Y132.063 E13.84669
G1 X84.897 Y131.048 E13.90528
G1 X84.372 Y129.92 E13.9641
G1 X84.051 Y128.72 E14.02283
G1 X83.943 Y127.484 E14.08149
G1 X84.051 Y126.249 E14.1401
G1 X84.372 Y125.047 E14.19892
G1 X84.897 Y123.92 E14.25769
G1 X85.606 Y122.908 E14.31611
G1 X86.491 Y122.024 E14.37525
G1 X87.504 Y121.314 E14.43373
G1 X88.63 Y120.788 E14.49249
G1 X89.831 Y120.468 E14.55125
G1 X91.067 Y120.36 E14.60991
M205 X5 Y5
G1 F2400 E12.60991
G0 F7500 X88.679 Y124.337
M205 X8 Y8
G1 F1200 E14.60991
G1 F1500 X89.084 Y124.054 E14.63327
G1 X89.712 Y123.76 E14.66605
G1 X90.379 Y123.583 E14.69868
G1 X91.067 Y123.522 E14.73133
G1 X91.609 Y123.57 E14.75705
G1 X91.528 Y123.793 E14.76827
G1 X91.37 Y124.004 E14.78073
G1 X91.177 Y124.063 E14.79027
G1 X89.97 Y124.066 E14.84734
G1 X89.452 Y124.107 E14.8719
G1 X88.947 Y124.228 E14.89646
G1 X88.679 Y124.337 E14.91013
M205 X5 Y5
G1 F2400 E12.91013
G0 F7500 X86.654 Y127.484
M205 X8 Y8
G1 F1200 E14.91013
G1 F1500 X86.721 Y126.72 E14.94639
G1 X86.922 Y125.968 E14.98319
G1 X87.242 Y125.279 E15.01911
G1 X87.685 Y124.647 E15.0556
G1 X88.229 Y124.104 E15.09193
G1 X88.863 Y123.659 E15.12856
G1 X89.556 Y123.336 E15.1647
G1 X90.298 Y123.138 E15.20101
G1 X91.067 Y123.071 E15.2375
G1 X91.834 Y123.138 E15.2739
G1 X92.202 Y123.236 E15.29191
G1 X91.946 Y123.971 E15.3287
G1 X91.758 Y124.248 E15.34453
G1 X91.612 Y124.394 E15.35429
G1 X91.231 Y124.512 E15.37315
G1 X89.971 Y124.516 E15.43272
G1 X89.489 Y124.557 E15.45559
G1 X89.021 Y124.677 E15.47843
G1 X88.579 Y124.873 E15.50129
G1 X88.175 Y125.138 E15.52413
G1 X87.821 Y125.467 E15.54698
G1 X87.525 Y125.849 E15.56983
G1 X87.296 Y126.275 E15.59269
G1 X87.141 Y126.733 E15.61555
G1 X87.054 Y127.441 E15.64928
G1 X87.054 Y129.283 E15.73636
G1 X86.921 Y128.998 E15.75123
G1 X86.721 Y128.247 E15.78797
G1 X86.654 Y127.484 E15.82418
M205 X5 Y5
G0 F7500 X86.201 Y127.484
M205 X8 Y8
G1 F1500 X86.275 Y126.644 E15.86405
G1 X86.497 Y125.814 E15.90467
G1 X86.851 Y125.054 E15.94431
G1 X87.338 Y124.358 E15.98447
G1 X87.941 Y123.756 E16.02475
G1 X88.636 Y123.269 E16.06487
G1 X89.397 Y122.913 E16.10459
G1 X90.228 Y122.692 E16.14524
G1 X91.067 Y122.618 E16.18506
G1 X91.91 Y122.692 E16.22507
G1 X92.786 Y122.926 E16.26794
G1 X92.354 Y124.167 E16.33006
G1 X92.215 Y124.395 E16.34269
G1 X91.969 Y124.681 E16.36052
G1 X91.787 Y124.81 E16.37107
G1 X91.326 Y124.962 E16.39402
G1 X89.972 Y124.966 E16.45803
G1 X89.529 Y125.007 E16.47906
G1 X89.101 Y125.127 E16.50008
G1 X88.702 Y125.321 E16.52105
G1 X88.343 Y125.584 E16.54209
G1 X88.037 Y125.906 E16.5631
G1 X87.794 Y126.279 E16.58414
G1 X87.621 Y126.688 E16.60514
G1 X87.525 Y127.122 E16.62615
G1 X87.504 Y127.441 E16.64127
G1 X87.504 Y130.455 E16.78376
G1 X87.536 Y130.808 E16.80052
G1 X87.34 Y130.612 E16.81362
G1 X86.854 Y129.919 E16.85364
G1 X86.496 Y129.149 E16.89378
G1 X86.275 Y128.323 E16.93421
G1 X86.201 Y127.484 E16.97403
M205 X5 Y5
G0 F7500 X85.75 Y127.484
M205 X8 Y8
G1 F1500 X85.831 Y126.563 E17.01774
G1 X86.07 Y125.665 E17.06167
G1 X86.463 Y124.823 E17.1056
G1 X86.99 Y124.07 E17.14905
G1 X87.65 Y123.411 E17.19315
G1 X88.411 Y122.878 E17.23707
G1 X89.246 Y122.488 E17.28064
G1 X90.147 Y122.247 E17.32474
G1 X91.067 Y122.167 E17.3684
G1 X91.985 Y122.247 E17.41196
G1 X92.888 Y122.488 E17.45615
G1 X93.342 Y122.7 E17.47983
G1 X92.826 Y124.181 E17.55398
G1 X92.724 Y124.424 E17.56644
G1 X92.583 Y124.654 E17.57919
G1 X92.196 Y125.103 E17.60722
G1 X91.895 Y125.262 E17.62331
G1 X91.344 Y125.412 E17.65031
G1 X89.973 Y125.416 E17.71513
G1 X89.573 Y125.457 E17.73414
G1 X89.19 Y125.576 E17.7531
G1 X88.837 Y125.769 E17.77212
G1 X88.529 Y126.028 E17.79114
G1 X88.278 Y126.342 E17.81015
G1 X88.095 Y126.699 E17.82912
G1 X87.985 Y127.086 E17.84814
G1 X87.954 Y127.441 E17.86498
G1 X87.954 Y130.455 E18.00748
G1 X87.994 Y130.855 E18.02648
G1 X88.112 Y131.239 E18.04547
G1 X88.304 Y131.593 E18.06451
G1 X88.561 Y131.901 E18.08348
G1 X88.875 Y132.153 E18.10251
G1 X89.232 Y132.337 E18.1215
G1 X89.619 Y132.448 E18.14053
G1 X89.979 Y132.48 E18.15762
G1 X92.88 Y132.48 E18.29477
G1 X91.98 Y132.722 E18.33883
G1 X91.067 Y132.802 E18.38216
G1 X90.152 Y132.722 E18.42559
G1 X89.242 Y132.477 E18.47014
G1 X88.415 Y132.092 E18.51327
G1 X87.641 Y131.55 E18.55794
G1 X86.994 Y130.904 E18.60117
G1 X86.463 Y130.145 E18.64496
G1 X86.07 Y129.301 E18.68897
G1 X85.831 Y128.405 E18.73282
G1 X85.75 Y127.484 E18.77653
M205 X5 Y5
G0 F7500 X85.298 Y127.484
M205 X8 Y8
G1 F1500 X85.386 Y126.486 E18.82389
G1 X85.647 Y125.508 E18.87175
G1 X86.072 Y124.596 E18.91932
G1 X86.644 Y123.779 E18.96647
G1 X87.359 Y123.065 E19.01424
G1 X88.184 Y122.487 E19.06186
G1 X89.091 Y122.063 E19.1092
G1 X90.068 Y121.803 E19.15699
G1 X91.067 Y121.715 E19.20441
G1 X92.066 Y121.803 E19.25182
G1 X93.044 Y122.064 E19.29968
G1 X93.901 Y122.464 E19.34439
G1 X93.248 Y124.337 E19.43817
G1 X93.118 Y124.642 E19.45384
G1 X92.957 Y124.908 E19.46854
G1 X92.774 Y125.139 E19.48247
G1 X92.589 Y125.335 E19.49521
G1 X92.379 Y125.515 E19.50829
G1 X92.15 Y125.636 E19.52054
G1 X91.886 Y125.731 E19.5338
G1 X91.396 Y125.862 E19.55778
G1 X89.975 Y125.866 E19.62496
G1 X89.623 Y125.907 E19.64172
G1 X89.289 Y126.025 E19.65846
G1 X88.99 Y126.216 E19.67524
G1 X88.741 Y126.468 E19.69199
G1 X88.554 Y126.769 E19.70874
G1 X88.44 Y127.105 E19.72551
G1 X88.404 Y127.441 E19.74149
G1 X88.404 Y130.455 E19.88398
G1 X88.444 Y130.807 E19.90073
G1 X88.561 Y131.141 E19.91746
G1 X88.751 Y131.441 E19.93425
G1 X89.002 Y131.691 E19.951
G1 X89.303 Y131.878 E19.96775
G1 X89.639 Y131.993 E19.98454
G1 X89.979 Y132.03 E20.00071
G1 X94.594 Y132.03 E20.2189
G1 X93.955 Y132.478 E20.25579
G1 X93.042 Y132.903 E20.3034
G1 X92.062 Y133.166 E20.35137
G1 X91.067 Y133.253 E20.39859
G1 X90.07 Y133.166 E20.44591
G1 X89.089 Y132.903 E20.49392
G1 X88.188 Y132.482 E20.54094
G1 X87.353 Y131.898 E20.58912
G1 X86.646 Y131.192 E20.63635
G1 X86.072 Y130.372 E20.68367
G1 X85.645 Y129.455 E20.7315
G1 X85.386 Y128.487 E20.77887
G1 X85.298 Y127.484 E20.82647
M205 X5 Y5
G0 F7500 X84.847 Y127.484
M205 X8 Y8
G1 F1500 X84.942 Y126.405 E20.87768
G1 X85.222 Y125.355 E20.92906
G1 X85.68 Y124.373 E20.98028
G1 X86.3 Y123.487 E21.03141
G1 X87.073 Y122.715 E21.08306
G1 X87.956 Y122.096 E21.13404
G1 X88.935 Y121.639 E21.18512
G1 X89.987 Y121.359 E21.23659
G1 X91.067 Y121.264 E21.28784
G1 X92.147 Y121.359 E21.3391
G1 X93.198 Y121.639 E21.39052
G1 X94.174 Y122.094 E21.44143
G1 X94.441 Y122.281 E21.45684
G1 X93.675 Y124.481 E21.56698
G1 X93.548 Y124.801 E21.58325
G1 X93.325 Y125.167 E21.60352
G1 X93.121 Y125.426 E21.6191
G1 X92.893 Y125.668 E21.63482
G1 X92.634 Y125.89 E21.65095
G1 X92.339 Y126.046 E21.66673
G1 X92.013 Y126.163 E21.6831
G1 X91.621 Y126.279 E21.70243
G1 X91.347 Y126.312 E21.71548
G1 X89.976 Y126.316 E21.78029
G1 X89.679 Y126.357 E21.79447
G1 X89.404 Y126.474 E21.8086
G1 X89.169 Y126.66 E21.82277
G1 X88.992 Y126.901 E21.8369
G1 X88.885 Y127.18 E21.85103
G1 X88.854 Y127.441 E21.86346
G1 X88.854 Y130.455 E22.00595
G1 X88.894 Y130.752 E22.02012
G1 X89.01 Y131.027 E22.03423
G1 X89.196 Y131.262 E22.0484
G1 X89.436 Y131.44 E22.06252
G1 X89.715 Y131.549 E22.07668
G1 X89.979 Y131.58 E22.08925
G1 X95.736 Y131.58 E22.36143
G1 X95.071 Y132.245 E22.40589
G1 X94.177 Y132.871 E22.45749
G1 X93.195 Y133.328 E22.50869
G1 X92.145 Y133.61 E22.56009
G1 X91.067 Y133.704 E22.61125
G1 X89.994 Y133.611 E22.66217
G1 X88.93 Y133.325 E22.71426
G1 X87.958 Y132.872 E22.76496
G1 X87.068 Y132.248 E22.81635
G1 X86.302 Y131.483 E22.86753
G1 X85.679 Y130.594 E22.91885
G1 X85.223 Y129.614 E22.96995
G1 X84.942 Y128.562 E23.02143
G1 X84.847 Y127.484 E23.07259
M205 X5 Y5
G0 F7500 X84.394 Y127.484
M205 X8 Y8
G1 F1500 X84.496 Y126.33 E23.12736
G1 X84.797 Y125.201 E23.1826
G1 X85.288 Y124.147 E23.23758
G1 X85.952 Y123.199 E23.29229
G1 X86.782 Y122.37 E23.34776
G1 X87.729 Y121.706 E23.40244
G1 X88.786 Y121.213 E23.45758
G1 X89.912 Y120.913 E23.51267
G1 X91.067 Y120.811 E23.56748
G1 X92.222 Y120.913 E23.6223
G1 X93.347 Y121.213 E23.67735
G1 X94.405 Y121.707 E23.73255
G1 X94.978 Y122.108 E23.76562
G1 X94.089 Y124.659 E23.89333
G1 X93.917 Y125.061 E23.91401
G1 X93.694 Y125.426 E23.93423
G1 X93.457 Y125.727 E23.95234
G1 X93.211 Y125.988 E23.9693
G1 X92.89 Y126.262 E23.98925
G1 X92.51 Y126.463 E24.00957
G1 X92.176 Y126.583 E24.02635
G1 X91.871 Y126.673 E24.04139
G1 X91.488 Y126.762 E24.05998
G1 X89.977 Y126.766 E24.13141
G1 X89.749 Y126.806 E24.14236
G1 X89.548 Y126.921 E24.1533
G1 X89.398 Y127.097 E24.16424
G1 X89.304 Y127.346 E24.17682
G1 X89.304 Y130.455 E24.3238
G1 X89.344 Y130.683 E24.33475
G1 X89.458 Y130.884 E24.34567
G1 X89.634 Y131.035 E24.35664
G1 X89.881 Y131.13 E24.36915
G1 X96.628 Y131.13 E24.68813
G1 X96.176 Y131.776 E24.7254
G1 X95.359 Y132.593 E24.78003
G1 X94.404 Y133.262 E24.83515
G1 X93.352 Y133.751 E24.89
G1 X92.216 Y134.056 E24.94561
G1 X91.067 Y134.157 E25.00014
G1 X89.917 Y134.056 E25.05472
G1 X88.78 Y133.751 E25.11037
G1 X87.733 Y133.263 E25.16498
G1 X86.777 Y132.593 E25.22017
G1 X85.954 Y131.772 E25.27513
G1 X85.288 Y130.821 E25.33002
G1 X84.797 Y129.766 E25.38504
G1 X84.496 Y128.639 E25.44019
G1 X84.394 Y127.484 E25.495
M205 X5 Y5
G1 F2400 E23.495
G0 F7500 X89.476 Y130.958
G0 X122.223 Y130.97
G0 X122.223 Y130.68
M205 X8 Y8
G1 F1200 E25.495
G1 F1500 X130.021 Y130.68 E25.86367
G1 X130.148 Y130.641 E25.86995
G1 X130.246 Y130.517 E25.87742
G1 X130.246 Y127.441 E26.02285
G1 X130.207 Y127.314 E26.02913
G1 X130.083 Y127.216 E26.0366
G1 X127.121 Y127.211 E26.17664
G1 X126.818 Y127.138 E26.19137
G1 X126.545 Y126.987 E26.20612
G1 X126.33 Y126.803 E26.2195
G1 X126.078 Y126.488 E26.23857
G1 X125.847 Y126.085 E26.26053
G1 X125.591 Y125.516 E26.29003
G1 X125.249 Y124.675 E26.33295
G1 X124.85 Y123.582 E26.38796
G1 X124.243 Y121.836 E26.47535
G1 X124.996 Y121.308 E26.51883
G1 X126.121 Y120.785 E26.57749
G1 X127.33 Y120.46 E26.63667
G1 X128.56 Y120.353 E26.69505
G1 X129.794 Y120.461 E26.75361
G1 X130.998 Y120.783 E26.81253
G1 X132.125 Y121.308 E26.87131
G1 X133.14 Y122.019 E26.9299
G1 X134.016 Y122.897 E26.98853
G1 X134.731 Y123.917 E27.04742
G1 X135.254 Y125.039 E27.10595
G1 X135.578 Y126.245 E27.16499
G1 X135.685 Y127.478 E27.2235
G1 X135.578 Y128.71 E27.28196
G1 X135.254 Y129.916 E27.341
G1 X134.73 Y131.043 E27.39976
G1 X134.019 Y132.055 E27.45823
G1 X133.14 Y132.936 E27.51707
G1 X132.126 Y133.646 E27.57559
G1 X130.999 Y134.171 E27.63437
G1 X129.793 Y134.495 E27.69341
G1 X128.561 Y134.602 E27.75187
G1 X127.33 Y134.495 E27.81029
G1 X126.121 Y134.17 E27.86948
G1 X124.995 Y133.646 E27.9282
G1 X123.985 Y132.938 E27.98651
G1 X123.103 Y132.055 E28.04551
G1 X122.39 Y131.038 E28.10423
G1 X122.223 Y130.68 E28.12291
M205 X5 Y5
G0 F7500 X123.005 Y131.13
M205 X8 Y8
G1 F1500 X130.021 Y131.13 E28.45461
G1 X130.249 Y131.09 E28.46555
G1 X130.45 Y130.976 E28.47648
G1 X130.601 Y130.8 E28.48744
G1 X130.696 Y130.553 E28.49995
G1 X130.696 Y127.441 E28.64708
G1 X130.656 Y127.213 E28.65802
G1 X130.542 Y127.012 E28.66895
G1 X130.366 Y126.861 E28.67991
G1 X130.119 Y126.766 E28.69242
G1 X127.173 Y126.761 E28.8317
G1 X126.985 Y126.716 E28.84084
G1 X126.655 Y126.489 E28.85977
G1 X126.451 Y126.235 E28.87518
G1 X126.248 Y125.881 E28.89447
G1 X126.008 Y125.347 E28.92215
G1 X125.667 Y124.506 E28.96505
G1 X125.275 Y123.434 E29.01902
G1 X124.78 Y122.01 E29.09029
G1 X125.223 Y121.699 E29.11588
G1 X126.274 Y121.211 E29.17066
G1 X127.413 Y120.905 E29.22642
G1 X128.56 Y120.804 E29.28086
G1 X129.713 Y120.906 E29.33558
G1 X130.844 Y121.208 E29.39092
G1 X131.898 Y121.699 E29.4459
G1 X132.849 Y122.365 E29.50079
G1 X133.67 Y123.188 E29.55574
G1 X134.34 Y124.144 E29.61094
G1 X134.828 Y125.191 E29.66555
G1 X135.133 Y126.328 E29.7212
G1 X135.234 Y127.478 E29.77578
G1 X135.133 Y128.627 E29.83031
G1 X134.828 Y129.763 E29.88592
G1 X134.338 Y130.817 E29.94087
G1 X133.674 Y131.763 E29.99551
G1 X132.849 Y132.59 E30.05074
G1 X131.898 Y133.256 E30.10563
G1 X130.846 Y133.745 E30.16048
G1 X129.71 Y134.05 E30.21609
G1 X128.561 Y134.151 E30.27062
G1 X127.413 Y134.05 E30.3251
G1 X126.274 Y133.744 E30.38086
G1 X125.223 Y133.256 E30.43564
G1 X124.276 Y132.592 E30.49032
G1 X123.449 Y131.764 E30.54565
G1 X123.005 Y131.13 E30.58224
M205 X5 Y5
G0 F7500 X123.901 Y131.58
M205 X8 Y8
G1 F1500 X130.021 Y131.58 E30.87158
G1 X130.318 Y131.54 E30.88575
G1 X130.593 Y131.424 E30.89986
G1 X130.828 Y131.238 E30.91403
G1 X131.006 Y130.998 E30.92815
G1 X131.115 Y130.719 E30.94231
G1 X131.146 Y130.455 E30.95488
G1 X131.146 Y127.441 E31.09737
G1 X131.106 Y127.144 E31.11154
G1 X130.99 Y126.869 E31.12565
G1 X130.804 Y126.634 E31.13982
G1 X130.564 Y126.456 E31.15395
G1 X130.285 Y126.347 E31.16811
G1 X130.023 Y126.316 E31.18058
G1 X127.175 Y126.311 E31.31523
G1 X126.906 Y126.122 E31.33077
G1 X126.65 Y125.676 E31.35508
G1 X126.42 Y125.165 E31.38158
G1 X126.084 Y124.337 E31.42382
G1 X125.7 Y123.286 E31.47672
G1 X125.316 Y122.183 E31.53194
G1 X125.447 Y122.091 E31.53951
G1 X126.429 Y121.634 E31.59072
G1 X127.485 Y121.351 E31.6424
G1 X128.559 Y121.257 E31.69337
G1 X129.636 Y121.351 E31.74448
G1 X130.692 Y121.634 E31.79617
G1 X131.671 Y122.09 E31.84723
G1 X132.56 Y122.713 E31.89855
G1 X133.325 Y123.479 E31.94973
G1 X133.949 Y124.369 E32.00112
G1 X134.402 Y125.341 E32.05182
G1 X134.688 Y126.405 E32.10391
G1 X134.781 Y127.478 E32.15483
G1 X134.687 Y128.556 E32.20599
G1 X134.404 Y129.608 E32.25749
G1 X133.949 Y130.588 E32.30857
G1 X133.326 Y131.475 E32.35982
G1 X132.56 Y132.242 E32.41106
G1 X131.671 Y132.865 E32.46239
G1 X130.689 Y133.322 E32.51359
G1 X129.639 Y133.604 E32.56499
G1 X128.561 Y133.698 E32.61615
G1 X127.485 Y133.604 E32.66722
G1 X126.429 Y133.321 E32.7189
G1 X125.45 Y132.865 E32.76996
G1 X124.565 Y132.245 E32.82105
G1 X123.901 Y131.58 E32.86548
M205 X5 Y5
G0 F7500 X125.043 Y132.03
M205 X8 Y8
G1 F1500 X130.021 Y132.03 E33.10082
G1 X130.373 Y131.99 E33.11757
G1 X130.707 Y131.873 E33.1343
G1 X131.007 Y131.683 E33.15109
G1 X131.257 Y131.432 E33.16784
G1 X131.444 Y131.131 E33.18459
G1 X131.559 Y130.795 E33.20138
G1 X131.596 Y130.455 E33.21755
G1 X131.596 Y127.441 E33.36004
G1 X131.556 Y127.089 E33.37679
G1 X131.439 Y126.755 E33.39352
G1 X131.249 Y126.455 E33.41031
G1 X130.998 Y126.205 E33.42706
G1 X130.697 Y126.018 E33.44381
G1 X130.361 Y125.903 E33.4606
G1 X130.024 Y125.866 E33.47663
G1 X127.276 Y125.861 E33.60655
G1 X127.051 Y125.472 E33.6278
G1 X126.835 Y124.991 E33.65272
G1 X126.501 Y124.168 E33.69472
G1 X126.125 Y123.139 E33.74651
G1 X125.865 Y122.393 E33.78386
G1 X126.581 Y122.06 E33.82119
G1 X127.568 Y121.795 E33.86951
G1 X128.559 Y121.708 E33.91654
G1 X129.555 Y121.796 E33.96381
G1 X130.538 Y122.059 E34.01192
G1 X131.449 Y122.483 E34.05942
G1 X132.269 Y123.057 E34.10675
G1 X132.975 Y123.764 E34.15398
G1 X133.559 Y124.599 E34.20216
G1 X133.98 Y125.5 E34.24917
G1 X134.243 Y126.481 E34.29719
G1 X134.33 Y127.478 E34.3445
G1 X134.243 Y128.473 E34.39173
G1 X133.979 Y129.456 E34.43985
G1 X133.557 Y130.363 E34.48714
G1 X132.979 Y131.186 E34.53469
G1 X132.269 Y131.898 E34.58222
G1 X131.449 Y132.472 E34.62955
G1 X130.536 Y132.897 E34.67716
G1 X129.556 Y133.16 E34.72513
G1 X128.561 Y133.247 E34.77235
G1 X127.567 Y133.16 E34.81952
G1 X126.581 Y132.895 E34.86779
G1 X125.677 Y132.475 E34.91492
G1 X125.043 Y132.03 E34.95154
M205 X5 Y5
G0 F7500 X126.773 Y132.48
M205 X8 Y8
G1 F1500 X130.021 Y132.48 E35.10509
G1 X130.458 Y132.436 E35.12586
G1 X130.382 Y132.472 E35.12983
G1 X129.474 Y132.716 E35.17428
G1 X128.561 Y132.796 E35.21761
G1 X127.65 Y132.716 E35.26085
G1 X126.773 Y132.48 E35.30379
M205 X5 Y5
G1 F2400 E33.30379
G0 F7500 X131.212 Y132.086
M205 X8 Y8
G1 F1200 E35.30379
G1 F1500 X131.467 Y131.873 E35.31949
G1 X131.719 Y131.559 E35.33853
G1 X131.903 Y131.202 E35.35752
G1 X132.014 Y130.815 E35.37655
G1 X132.046 Y130.455 E35.39364
G1 X132.046 Y127.441 E35.53613
G1 X132.006 Y127.041 E35.55514
G1 X131.888 Y126.657 E35.57413
G1 X131.696 Y126.303 E35.59317
G1 X131.439 Y125.995 E35.61213
G1 X131.125 Y125.743 E35.63117
G1 X130.768 Y125.559 E35.65016
G1 X130.381 Y125.448 E35.66919
G1 X130.024 Y125.416 E35.68613
G1 X127.517 Y125.412 E35.80466
G1 X127.25 Y124.818 E35.83545
G1 X126.93 Y124.03 E35.87566
G1 X126.424 Y122.629 E35.94608
G1 X126.734 Y122.485 E35.96224
G1 X127.65 Y122.239 E36.00708
G1 X128.559 Y122.16 E36.05022
G1 X129.48 Y122.241 E36.09393
G1 X130.379 Y122.481 E36.13792
G1 X131.222 Y122.874 E36.18189
G1 X131.981 Y123.405 E36.22568
G1 X132.627 Y124.052 E36.26891
G1 X133.169 Y124.826 E36.31358
G1 X133.554 Y125.653 E36.35671
G1 X133.799 Y126.563 E36.40126
G1 X133.879 Y127.478 E36.44469
G1 X133.799 Y128.391 E36.48802
G1 X133.554 Y129.302 E36.53262
G1 X133.164 Y130.14 E36.57632
G1 X132.635 Y130.895 E36.6199
G1 X131.981 Y131.55 E36.66366
G1 X131.212 Y132.086 E36.70798
M205 X5 Y5
G1 F2400 E34.70798
G0 F7500 X132.456 Y126.998
M205 X8 Y8
G1 F1200 E36.70798
G1 F1500 X132.338 Y126.57 E36.72896
G1 X132.144 Y126.169 E36.75003
G1 X131.883 Y125.81 E36.77101
G1 X131.561 Y125.503 E36.79204
G1 X131.19 Y125.259 E36.81304
G1 X130.78 Y125.085 E36.83409
G1 X130.347 Y124.988 E36.85507
G1 X130.025 Y124.966 E36.87033
G1 X127.808 Y124.962 E36.97514
G1 X127.662 Y124.637 E36.99199
G1 X127.346 Y123.858 E37.03173
G1 X126.989 Y122.882 E37.08086
G1 X127.72 Y122.685 E37.11666
G1 X128.565 Y122.612 E37.15675
G1 X129.397 Y122.685 E37.19624
G1 X130.232 Y122.908 E37.2371
G1 X130.991 Y123.262 E37.27669
G1 X131.689 Y123.751 E37.31699
G1 X132.284 Y124.347 E37.3568
G1 X132.774 Y125.047 E37.3972
G1 X133.131 Y125.81 E37.43702
G1 X133.353 Y126.635 E37.47742
G1 X133.426 Y127.478 E37.51742
G1 X133.353 Y128.319 E37.55733
G1 X133.131 Y129.144 E37.59772
G1 X132.775 Y129.91 E37.63765
G1 X132.496 Y130.307 E37.66059
G1 X132.496 Y127.441 E37.79609
G1 X132.456 Y126.998 E37.81712
M205 X5 Y5
G1 F2400 E35.81712
G0 F7500 X128.1 Y124.513
M205 X8 Y8
G1 F1200 E37.81712
G1 F1500 X127.768 Y123.702 E37.85855
G1 X127.581 Y123.189 E37.88436
G1 X127.803 Y123.13 E37.89522
G1 X128.558 Y123.063 E37.93106
G1 X129.322 Y123.131 E37.96732
G1 X130.078 Y123.333 E38.00432
G1 X130.769 Y123.655 E38.04036
G1 X131.394 Y124.093 E38.07644
G1 X131.938 Y124.638 E38.11285
G1 X132.384 Y125.274 E38.14957
G1 X132.707 Y125.967 E38.18572
G1 X132.908 Y126.717 E38.22243
G1 X132.975 Y127.477 E38.2585
G1 X132.946 Y127.807 E38.27416
G1 X132.946 Y127.441 E38.29146
G1 X132.906 Y126.959 E38.31433
G1 X132.787 Y126.491 E38.33716
G1 X132.593 Y126.048 E38.36002
G1 X132.329 Y125.644 E38.38284
G1 X132.001 Y125.288 E38.40572
G1 X131.62 Y124.992 E38.42853
G1 X131.194 Y124.762 E38.45142
G1 X130.737 Y124.605 E38.47427
G1 X130.026 Y124.516 E38.50814
G1 X128.1 Y124.513 E38.5992
M205 X5 Y5
G0 F7500 X128.191 Y123.547
M205 X8 Y8
G1 F1500 X128.558 Y123.515 E38.61662
G1 X129.246 Y123.575 E38.64927
G1 X129.92 Y123.756 E38.68226
G1 X130.542 Y124.046 E38.7147
G1 X130.66 Y124.128 E38.7215
G1 X130.027 Y124.066 E38.75157
G1 X128.401 Y124.063 E38.82844
G1 X128.191 Y123.547 E38.85478
M205 X5 Y5
G1 F2400 E36.85478
;MESH:felipe_mvm_v.stl
G0 F7500 X125.12 Y123.48
G0 X124.078 Y123.857
G0 X125.518 Y127.802
G0 X128.949 Y128.511
G0 X128.949 Y129.383
G0 X116.273 Y129.383
G0 X116.273 Y128.513
G0 X120.594 Y127.677
G0 X121.429 Y124.617
G0 X114.845 Y104.893
G0 X112.753 Y97.897
G1 F1200 E38.85478
G0 F7500 X112.621 Y97.969
M205 X8 Y8
;TYPE:WALL-INNER
G1 F1500 X112.748 Y98.205 E38.86886
G1 X113.051 Y99.523 E38.9399
G1 X113.383 Y100.699 E39.00409
G1 X113.541 Y101.315 E39.03749
G1 X114.656 Y104.993 E39.23938
G1 X120.588 Y122.379 E40.20437
G1 X120.886 Y123.232 E40.25183
G1 X120.967 Y123.513 E40.2672
G1 X121.063 Y123.89 E40.28763
G1 X121.286 Y124.958 E40.34494
G1 X121.338 Y125.451 E40.37099
G1 X121.313 Y125.85 E40.39199
G1 X121.244 Y126.24 E40.41279
G1 X121.102 Y126.653 E40.43573
G1 X120.921 Y126.995 E40.45606
G1 X120.68 Y127.308 E40.47681
G1 X120.378 Y127.583 E40.49827
G1 X120.115 Y127.771 E40.51525
G1 X119.753 Y127.972 E40.537
G1 X119.322 Y128.132 E40.56115
G1 X119.032 Y128.206 E40.57687
G1 X118.543 Y128.277 E40.60283
G1 X118.211 Y128.291 E40.62028
G1 X116.051 Y128.291 E40.73375
G1 X116.051 Y129.605 E40.80277
G1 X129.171 Y129.605 E41.49197
G1 X129.171 Y128.289 E41.5611
G1 X126.966 Y128.283 E41.67693
G1 X126.402 Y128.139 E41.70751
G1 X125.914 Y127.865 E41.7369
G1 X125.654 Y127.642 E41.7549
G1 X125.197 Y127.137 E41.79068
G1 X124.842 Y126.47 E41.83037
G1 X124.597 Y125.928 E41.86161
G1 X124.366 Y125.363 E41.89368
G1 X124.115 Y124.714 E41.93023
G1 X123.834 Y123.937 E41.97363
G1 X112.16 Y90.395 E43.83927
G1 X107.631 Y90.395 E44.07718
G1 X95.512 Y125.21 E46.01365
G1 X95.411 Y125.466 E46.02811
G1 X95.244 Y125.815 E46.04843
G1 X94.967 Y126.27 E46.07641
G1 X94.587 Y126.753 E46.1087
G1 X94.178 Y127.186 E46.13999
G1 X93.65 Y127.589 E46.17488
G1 X93.145 Y127.854 E46.20484
G1 X92.612 Y128.048 E46.23463
G1 X92.283 Y128.144 E46.25263
G1 X91.877 Y128.236 E46.2745
G1 X91.46 Y128.286 E46.29656
G1 X90.829 Y128.289 E46.32971
G1 X90.829 Y128.89 E46.36128
G1 X90.829 Y129.605 E46.39884
G1 X108.034 Y129.605 E47.30262
G1 X108.034 Y128.29 E47.3717
G1 X105.975 Y128.288 E47.47986
G1 X105.566 Y128.227 E47.50158
G1 X105.09 Y128.112 E47.52731
G1 X104.705 Y127.97 E47.54886
G1 X104.357 Y127.773 E47.56987
G1 X104.055 Y127.56 E47.58928
G1 X103.734 Y127.272 E47.61194
G1 X103.424 Y126.816 E47.6409
G1 X103.264 Y126.369 E47.66584
G1 X103.182 Y125.891 E47.69132
G1 X103.156 Y125.412 E47.71652
G1 X103.208 Y124.842 E47.74658
G1 X103.287 Y124.364 E47.77203
G1 X103.407 Y123.816 E47.8015
G1 X103.529 Y123.343 E47.82716
G1 X103.645 Y122.963 E47.84803
G1 X109.555 Y105.159 E48.83346
G1 X110.006 Y103.636 E48.9169
G1 X110.173 Y103.026 E48.95012
G1 X110.309 Y102.483 E48.97953
G1 X110.856 Y99.996 E49.11329
G1 X110.953 Y99.429 E49.14351
G1 X111.031 Y98.891 E49.17207
G1 X111.106 Y98.264 E49.20524
G1 X111.192 Y98.024 E49.21863
G1 X111.374 Y97.819 E49.23303
G1 X111.685 Y97.645 E49.25175
G1 X111.912 Y97.613 E49.26379
G1 X112.221 Y97.669 E49.28029
G1 X112.437 Y97.773 E49.29288
G1 X112.621 Y97.969 E49.307
M205 X5 Y5
G0 F7500 X112.159 Y98.159
M205 X8 Y8
;TYPE:WALL-OUTER
G1 F1500 X112.299 Y98.361 E49.31862
G1 X112.38 Y98.743 E49.33708
G1 X112.591 Y99.642 E49.38074
G1 X112.922 Y100.817 E49.43845
G1 X113.083 Y101.443 E49.46901
G1 X114.207 Y105.146 E49.65197
G1 X120.139 Y122.536 E50.52063
G1 X120.43 Y123.365 E50.56217
G1 X120.507 Y123.629 E50.57517
G1 X120.604 Y124.016 E50.59404
G1 X120.817 Y125.041 E50.64353
G1 X120.86 Y125.482 E50.66448
G1 X120.84 Y125.809 E50.67997
G1 X120.784 Y126.122 E50.695
G1 X120.668 Y126.459 E50.71185
G1 X120.508 Y126.753 E50.72767
G1 X120.339 Y126.973 E50.74079
G1 X120.101 Y127.197 E50.75624
G1 X119.814 Y127.4 E50.77286
G1 X119.539 Y127.545 E50.78756
G1 X119.204 Y127.672 E50.8045
G1 X118.914 Y127.746 E50.81865
G1 X118.546 Y127.8 E50.83623
G1 X118.191 Y127.816 E50.85303
G1 X115.576 Y127.816 E50.97666
G1 X115.576 Y130.08 E51.0837
G1 X129.646 Y130.08 E51.74889
G1 X129.646 Y127.816 E51.85592
G1 X127.026 Y127.808 E51.97979
G1 X126.578 Y127.693 E52.00166
G1 X126.168 Y127.458 E52.024
G1 X125.943 Y127.261 E52.03814
G1 X125.59 Y126.862 E52.06332
G1 X125.252 Y126.228 E52.09729
G1 X125.036 Y125.748 E52.12217
G1 X124.809 Y125.192 E52.15057
G1 X124.562 Y124.552 E52.183
G1 X124.283 Y123.781 E52.22176
G1 X112.498 Y89.92 E53.9168
G1 X107.293 Y89.92 E54.16288
G1 X95.07 Y125.036 E55.92076
G1 X94.963 Y125.306 E55.9345
G1 X94.838 Y125.568 E55.94822
G1 X94.561 Y126.023 E55.9734
G1 X94.24 Y126.428 E55.99784
G1 X93.847 Y126.842 E56.02482
G1 X93.408 Y127.176 E56.0509
G1 X92.937 Y127.424 E56.07607
G1 X92.479 Y127.592 E56.09913
G1 X92.136 Y127.691 E56.11601
G1 X91.784 Y127.77 E56.13306
G1 X91.456 Y127.81 E56.14869
G1 X90.354 Y127.816 E56.20079
G1 X90.354 Y128.89 E56.25156
G1 X90.354 Y130.08 E56.30782
G1 X108.509 Y130.08 E57.16614
G1 X108.509 Y127.816 E57.27318
G1 X105.998 Y127.811 E57.39189
G1 X105.615 Y127.753 E57.4102
G1 X105.178 Y127.643 E57.43151
G1 X104.92 Y127.544 E57.44457
G1 X104.625 Y127.381 E57.46051
G1 X104.394 Y127.223 E57.47374
G1 X104.095 Y126.958 E57.49263
G1 X103.851 Y126.598 E57.51319
G1 X103.722 Y126.232 E57.53153
G1 X103.66 Y125.892 E57.54787
G1 X103.633 Y125.409 E57.57074
G1 X103.684 Y124.869 E57.59639
G1 X103.758 Y124.432 E57.61734
G1 X103.868 Y123.934 E57.64145
G1 X103.983 Y123.482 E57.6635
G1 X104.096 Y123.113 E57.68175
G1 X110.009 Y105.301 E58.56904
G1 X110.463 Y103.766 E58.64471
G1 X110.624 Y103.179 E58.67349
G1 X110.771 Y102.592 E58.7021
G1 X111.323 Y100.087 E58.82337
G1 X111.428 Y99.462 E58.85333
G1 X111.502 Y98.953 E58.87765
G1 X111.575 Y98.34 E58.90684
G1 X111.661 Y98.197 E58.91473
G1 X111.921 Y98.088 E58.92805
G1 X112.159 Y98.159 E58.9398
M205 X5 Y5
G0 F7500 X112.273 Y98.323
G0 X112.903 Y97.79
M205 X8 Y8
;TYPE:SKIN
G1 F1500 X113.077 Y98.131 E58.95789
G1 X113.165 Y98.549 E58.97809
G1 X113.373 Y99.437 E59.02121
G1 X113.702 Y100.598 E59.07826
G1 X113.866 Y101.241 E59.10963
G1 X114.962 Y104.855 E59.28817
G1 X120.898 Y122.256 E60.1574
G1 X121.207 Y123.137 E60.20153
G1 X121.283 Y123.4 E60.21448
G1 X121.388 Y123.817 E60.23481
G1 X121.615 Y124.901 E60.28717
G1 X121.671 Y125.466 E60.31401
G1 X121.632 Y125.973 E60.33805
G1 X121.567 Y126.333 E60.35534
G1 X121.408 Y126.786 E60.37804
G1 X121.192 Y127.189 E60.39966
G1 X120.933 Y127.525 E60.41972
G1 X120.615 Y127.822 E60.44029
G1 X120.199 Y128.11 E60.46421
G1 X119.927 Y128.255 E60.47878
G1 F1490.1 X119.426 Y128.451 E60.50438
G1 F1442.3 X119.403 Y128.471 E60.50588
G1 F1254.6 X119.098 Y128.608 E60.52478
G1 F1165.8 X118.671 Y128.656 E60.55092
G1 F1214 X118.229 Y128.673 E60.57676
G1 F1227.3 X116.433 Y128.673 E60.68054
G1 X116.433 Y129.223 E60.71232
G1 X118.243 Y129.223 E60.8169
G1 F1211.8 X118.545 Y129.216 E60.83458
G1 F1178 X118.847 Y129.208 E60.85277
G1 F1148 X119.149 Y129.2 E60.87143
G1 F1283.3 X119.578 Y129.269 E60.89544
G1 F1483.5 X120.902 Y129.269 E60.95873
G1 F1486.8 X122.226 Y129.27 E61.02188
G1 F1490.1 X123.55 Y129.271 E61.0849
G1 F1496.7 X124.874 Y129.272 E61.14763
G1 F1500 X126.198 Y129.273 E61.21023
G1 F1412.1 X126.505 Y129.245 E61.22571
G1 F1264 X126.815 Y129.216 E61.24318
G1 F1205.4 X127.473 Y129.218 E61.28189
G1 F1211.8 X128.131 Y129.22 E61.32039
G1 F1220.6 X128.789 Y129.222 E61.35862
G1 F1222.8 X128.788 Y128.671 E61.39058
G1 F1220.6 X128.154 Y128.669 E61.42741
G1 F1211.8 X127.52 Y128.666 E61.46451
G1 F1205.4 X126.886 Y128.664 E61.50181
G1 F1264 X126.565 Y128.548 E61.52096
G1 F1412.1 X126.245 Y128.433 E61.53804
G1 F1500 X125.734 Y128.146 E61.56575
G1 X125.401 Y127.864 E61.58638
G1 X124.922 Y127.328 E61.62036
G1 X124.541 Y126.614 E61.65862
G1 X124.299 Y126.079 E61.68638
G1 X124.063 Y125.505 E61.71572
G1 X123.803 Y124.829 E61.74997
G1 X123.524 Y124.053 E61.78895
G1 X111.924 Y90.728 E63.45719
G1 X107.868 Y90.728 E63.64894
G1 X95.835 Y125.297 E65.37945
G1 X95.717 Y125.597 E65.39469
G1 X95.572 Y125.907 E65.41087
G1 X95.226 Y126.485 E65.44272
G1 X94.825 Y126.986 E65.47306
G1 X94.384 Y127.449 E65.50329
G1 X93.832 Y127.868 E65.53605
G1 X93.268 Y128.162 E65.56612
G1 X92.769 Y128.348 E65.5913
G1 X92.379 Y128.464 E65.61053
G1 F1305.6 X91.983 Y128.623 E65.63371
G1 F1171.9 X91.728 Y128.646 E65.6492
G1 F1205.4 X91.473 Y128.669 E65.66427
G1 F1222.8 X91.212 Y128.671 E65.6794
G1 X91.213 Y128.945 E65.69529
G1 X91.213 Y129.221 E65.7113
G1 F1220.6 X91.524 Y129.22 E65.72937
G1 F1186.3 X92.018 Y129.205 E65.75891
G1 F1305.6 X92.472 Y129.273 E65.78385
G1 F1500 X104.907 Y129.272 E66.37174
G1 F1295.6 X105.383 Y129.201 E66.39808
G1 F1161.8 X105.674 Y129.211 E66.41586
G1 F1203.2 X105.965 Y129.222 E66.43302
G1 F1225 X107.652 Y129.223 E66.53068
G1 X107.652 Y128.672 E66.56257
G1 F1222.8 X105.923 Y128.669 E66.66285
G1 F1178 X105.428 Y128.612 E66.69284
G1 F1295.6 X105.01 Y128.435 E66.71769
G1 F1500 X104.575 Y128.277 E66.73957
G1 X104.169 Y128.049 E66.76158
G1 X103.943 Y127.894 E66.77454
G1 X103.484 Y127.5 E66.80314
G1 X103.131 Y126.978 E66.83293
G1 X102.95 Y126.485 E66.85776
G1 X102.851 Y125.909 E66.88539
G1 X102.823 Y125.388 E66.91006
G1 X102.877 Y124.811 E66.93745
G1 X102.97 Y124.252 E66.96424
G1 X103.084 Y123.733 E66.98937
G1 X103.2 Y123.277 E67.01161
G1 X103.33 Y122.858 E67.03235
G1 X109.239 Y105.059 E67.919
G1 X109.694 Y103.52 E67.99487
G1 X109.849 Y102.963 E68.02221
G1 X109.99 Y102.38 E68.05056
G1 X110.53 Y99.933 E68.16903
G1 X110.618 Y99.414 E68.19392
G1 X110.701 Y98.849 E68.22092
G1 X110.776 Y98.22 E68.25087
G1 X110.892 Y97.866 E68.26848
G1 X111.223 Y97.509 E68.2915
G1 X111.648 Y97.314 E68.3136
G1 X111.939 Y97.284 E68.32743
G1 X112.264 Y97.326 E68.34293
G1 X112.633 Y97.502 E68.36225
G1 X112.903 Y97.79 E68.38092
M205 X5 Y5
G1 F2400 E66.38092
G0 F7500 X112.753 Y97.897
G0 X112.979 Y98.253
G0 X113.749 Y101.277
G0 X114.855 Y104.924
G0 X121.275 Y123.876
G0 X121.524 Y125.852
G0 X121.133 Y127.045
G0 X120.135 Y128.006
G0 X118.646 Y128.479
G0 X116.273 Y128.513
G0 X116.273 Y129.383
G0 X128.949 Y129.383
G0 X128.949 Y128.511
G0 X126.826 Y128.464
G0 X125.719 Y127.976
G0 X124.97 Y127.158
G0 X123.635 Y124.005
G0 X112.005 Y90.613
G0 X111.317 Y90.545
G1 F1200 E68.38092
G0 F7500 X111.317 Y90.953
M205 X8 Y8
G1 F1500 X112.001 Y91.636 E68.42662
M205 X5 Y5
G0 F7500 X112.386 Y91.503
G0 X112.726 Y92.48
G0 X112.341 Y92.613
M205 X8 Y8
G1 F1500 X110.681 Y90.953 E68.5376
M205 X5 Y5
G0 F7500 X110.044 Y90.953
M205 X8 Y8
G1 F1500 X112.681 Y93.589 E68.71388
M205 X5 Y5
G0 F7500 X113.066 Y93.456
G0 X113.406 Y94.433
G0 X113.021 Y94.565
M205 X8 Y8
G1 F1500 X109.408 Y90.953 E68.95541
M205 X5 Y5
G0 F7500 X108.772 Y90.953
M205 X8 Y8
G1 F1500 X113.36 Y95.541 E69.26217
M205 X5 Y5
G0 F7500 X113.746 Y95.407
G0 X114.085 Y96.384
G0 X113.7 Y96.517
M205 X8 Y8
G1 F1500 X108.135 Y90.953 E69.63421
M205 X5 Y5
G0 F7500 X107.89 Y91.344
M205 X8 Y8
G1 F1500 X114.04 Y97.494 E70.0454
M205 X5 Y5
G0 F7500 X113.245 Y97.971
M205 X8 Y8
G1 F1500 X114.72 Y99.446 E70.14402
M205 X5 Y5
G0 F7500 X115.104 Y99.313
G0 X115.445 Y100.289
G0 X115.059 Y100.422
M205 X8 Y8
G1 F1500 X113.458 Y98.821 E70.25106
M205 X5 Y5
G0 F7500 X113.673 Y99.672
M205 X8 Y8
G1 F1500 X115.399 Y101.399 E70.36649
M205 X5 Y5
G0 F7500 X115.785 Y101.266
G0 X116.125 Y102.242
G0 X115.739 Y102.375
M205 X8 Y8
G1 F1500 X113.923 Y100.559 E70.48791
M205 X5 Y5
G0 F7500 X114.158 Y101.43
M205 X8 Y8
G1 F1500 X116.079 Y103.351 E70.61635
M205 X5 Y5
G0 F7500 X116.464 Y103.218
G0 X116.804 Y104.194
G0 X116.419 Y104.327
M205 X8 Y8
G1 F1500 X114.434 Y102.343 E70.74903
M205 X5 Y5
G0 F7500 X114.711 Y103.255
M205 X8 Y8
G1 F1500 X116.758 Y105.303 E70.88593
M205 X5 Y5
G0 F7500 X117.144 Y105.17
G0 X117.484 Y106.147
G0 X117.099 Y106.28
M205 X8 Y8
G1 F1500 X114.987 Y104.168 E71.02714
M205 X5 Y5
G0 F7500 X115.281 Y105.099
M205 X8 Y8
G1 F1500 X117.439 Y107.256 E71.17139
M205 X5 Y5
G0 F7500 X117.824 Y107.124
G0 X118.163 Y108.099
G0 X117.778 Y108.232
M205 X8 Y8
G1 F1500 X115.611 Y106.065 E71.31627
M205 X5 Y5
G0 F7500 X115.226 Y106.196
G0 X115.555 Y107.162
G0 X115.94 Y107.031
M205 X8 Y8
G1 F1500 X118.118 Y109.209 E71.4619
M205 X5 Y5
G0 F7500 X118.503 Y109.076
G0 X118.843 Y110.052
G0 X118.458 Y110.184
M205 X8 Y8
G1 F1500 X116.27 Y107.997 E71.60815
M205 X5 Y5
G0 F7500 X115.885 Y108.128
G0 X116.214 Y109.094
G0 X116.6 Y108.963
M205 X8 Y8
G1 F1500 X118.798 Y111.161 E71.75511
M205 X5 Y5
G0 F7500 X119.182 Y111.029
G0 X119.522 Y112.005
G0 X119.138 Y112.137
M205 X8 Y8
G1 F1500 X116.93 Y109.929 E71.90274
M205 X5 Y5
G0 F7500 X116.544 Y110.06
G0 X116.873 Y111.026
G0 X117.259 Y110.895
M205 X8 Y8
G1 F1500 X119.477 Y113.113 E72.05103
M205 X5 Y5
G0 F7500 X119.862 Y112.981
G0 X120.202 Y113.958
G0 X119.817 Y114.09
M205 X8 Y8
G1 F1500 X117.589 Y111.861 E72.20003
M205 X5 Y5
G0 F7500 X117.203 Y111.992
G0 X117.532 Y112.958
G0 X117.918 Y112.827
M205 X8 Y8
G1 F1500 X120.157 Y115.066 E72.34973
M205 X5 Y5
G0 F7500 X120.541 Y114.934
G0 X120.881 Y115.91
G0 X120.497 Y116.042
M205 X8 Y8
G1 F1500 X118.248 Y113.793 E72.5001
M205 X5 Y5
G0 F7500 X117.862 Y113.924
G0 X118.192 Y114.89
G0 X118.577 Y114.759
M205 X8 Y8
G1 F1500 X120.837 Y117.019 E72.6512
M205 X5 Y5
G0 F7500 X121.221 Y116.887
G0 X121.56 Y117.862
G0 X121.176 Y117.994
M205 X8 Y8
G1 F1500 X118.907 Y115.725 E72.80291
M205 X5 Y5
G0 F7500 X118.521 Y115.856
G0 X118.851 Y116.822
G0 X119.237 Y116.691
M205 X8 Y8
G1 F1500 X121.517 Y118.971 E72.95535
M205 X5 Y5
G0 F7500 X121.9 Y118.839
G0 X122.24 Y119.815
G0 X121.856 Y119.947
M205 X8 Y8
G1 F1500 X119.566 Y117.657 E73.10846
M205 X5 Y5
G0 F7500 X119.18 Y117.788
G0 X119.51 Y118.754
G0 X119.896 Y118.623
M205 X8 Y8
G1 F1500 X122.196 Y120.923 E73.26224
M205 X5 Y5
G0 F7500 X122.58 Y120.791
G0 X122.92 Y121.766
G0 X122.536 Y121.9
M205 X8 Y8
G1 F1500 X120.225 Y119.589 E73.41675
M205 X5 Y5
G0 F7500 X119.839 Y119.72
G0 X120.169 Y120.686
G0 X120.555 Y120.555
M205 X8 Y8
G1 F1500 X122.876 Y122.876 E73.57193
M205 X5 Y5
G0 F7500 X123.264 Y122.755
G0 X123.6 Y123.72
G0 X123.216 Y123.852
M205 X8 Y8
G1 F1500 X120.885 Y121.521 E73.72778
M205 X5 Y5
G0 F7500 X120.498 Y121.652
G0 X120.833 Y122.626
G0 X121.219 Y122.492
M205 X8 Y8
G1 F1500 X123.566 Y124.839 E73.8847
M205 X5 Y5
G0 F7500 X123.951 Y124.701
G0 X124.353 Y125.732
G0 X123.976 Y125.885
M205 X8 Y8
G1 F1500 X121.521 Y123.431 E74.04881
M205 X5 Y5
G0 F7500 X121.709 Y124.254
M205 X8 Y8
G1 F1500 X124.535 Y127.081 E74.23779
M205 X5 Y5
G0 F7500 X124.895 Y126.889
G0 X125.095 Y127.338
G0 X125.872 Y128.084
G0 X127.054 Y128.494
G0 X128.949 Y128.511
G0 X128.949 Y129.383
G0 X124.592 Y129.455
G0 X124.592 Y129.046
M205 X8 Y8
G1 F1500 X121.808 Y126.263 E74.4239
M205 X5 Y5
G0 F7500 X121.657 Y126.748
M205 X8 Y8
G1 F1500 X123.955 Y129.046 E74.57754
M205 X5 Y5
G0 F7500 X123.319 Y129.046
M205 X8 Y8
G1 F1500 X121.452 Y127.18 E74.70234
M205 X5 Y5
G0 F7500 X121.189 Y127.553
M205 X8 Y8
G1 F1500 X122.683 Y129.046 E74.80219
M205 X5 Y5
G0 F7500 X122.046 Y129.046
M205 X8 Y8
G1 F1500 X120.883 Y127.883 E74.87995
M205 X5 Y5
G0 F7500 X120.52 Y128.157
M205 X8 Y8
G1 F1500 X121.41 Y129.046 E74.93942
M205 X5 Y5
G0 F7500 X120.773 Y129.046
M205 X8 Y8
G1 F1500 X120.128 Y128.401 E74.98255
M205 X5 Y5
G0 F7500 X119.684 Y128.593
M205 X8 Y8
G1 F1500 X120.137 Y129.046 E75.01283
M205 X5 Y5
G0 F7500 X119.454 Y129
M205 X8 Y8
G1 F1500 X119.275 Y128.821 E75.0248
M205 X5 Y5
G0 F7500 X119.151 Y128.332
G0 X119.844 Y128.107
G0 X120.538 Y127.665
G0 X121.052 Y127.093
G0 X121.37 Y126.347
G0 X121.475 Y125.672
G0 X121.879 Y125.698
M205 X8 Y8
G1 F1500 X125.228 Y129.046 E75.24868
M205 X5 Y5
G0 F7500 X125.865 Y129.046
M205 X8 Y8
G1 F1500 X121.855 Y125.037 E75.51676
M205 X5 Y5
G0 F7500 X121.45 Y125.078
G0 X121.512 Y125.952
G0 X121.051 Y127.172
G0 X120.135 Y128.006
G0 X118.646 Y128.479
G0 X116.273 Y128.513
G0 X116.273 Y129.383
G0 X128.949 Y129.383
G0 X128.949 Y128.511
G0 X126.826 Y128.464
G0 X126.214 Y128.206
G0 X126.016 Y128.561
M205 X8 Y8
G1 F1500 X126.454 Y128.999 E75.54604
M205 X5 Y5
G1 F2400 E73.54604
G0 F7500 X126.453 Y129.454
G0 X116.216 Y129.454
G0 X116.204 Y128.444
G0 X118.647 Y128.431
G0 X119.443 Y128.266
G0 X120.203 Y127.91
G0 X120.837 Y127.376
G0 X121.278 Y126.661
G0 X121.478 Y125.844
G0 X121.448 Y124.935
G0 X121.038 Y123.167
G0 X114.812 Y104.946
G0 X112.902 Y98.106
G0 X112.578 Y97.601
G0 X111.84 Y97.394
G0 X111.172 Y97.724
G0 X110.948 Y98.208
G0 X110.148 Y102.456
G0 X109.393 Y105.126
G0 X103.35 Y123.383
G0 X103.056 Y124.86
G0 X102.992 Y125.435
G0 X103.118 Y126.445
G0 X103.303 Y126.924
G0 X103.647 Y127.412
G0 X104.302 Y127.934
G0 X105.031 Y128.265
G0 X105.995 Y128.452
G0 X107.881 Y128.443
G0 X107.869 Y129.454
G0 X104.863 Y129.454
G1 F1200 E75.54604
G0 F7500 X104.863 Y129.046
M205 X8 Y8
G1 F1500 X104.065 Y128.248 E75.5994
M205 X5 Y5
G0 F7500 X104.226 Y129.046
M205 X8 Y8
G1 F1500 X97.21 Y122.029 E76.06852
M205 X5 Y5
G0 F7500 X97.374 Y121.557
M205 X8 Y8
G1 F1500 X102.995 Y127.178 E76.44434
M205 X5 Y5
G0 F7500 X103.352 Y126.978
G0 X103.072 Y126.151
G0 X102.676 Y126.222
M205 X8 Y8
G1 F1500 X97.538 Y121.084 E76.78787
M205 X5 Y5
G0 F7500 X97.703 Y120.613
M205 X8 Y8
G1 F1500 X102.606 Y125.517 E77.11572
M205 X5 Y5
G0 F7500 X102.64 Y124.914
M205 X8 Y8
G1 F1500 X97.867 Y120.14 E77.43487
M205 X5 Y5
G0 F7500 X98.031 Y119.668
M205 X8 Y8
G1 F1500 X102.724 Y124.361 E77.74865
M205 X5 Y5
G0 F7500 X102.831 Y123.832
M205 X8 Y8
G1 F1500 X98.195 Y119.196 E78.05861
M205 X5 Y5
G0 F7500 X98.359 Y118.724
M205 X8 Y8
G1 F1500 X102.956 Y123.32 E78.36593
M205 X5 Y5
G0 F7500 X103.102 Y122.83
M205 X8 Y8
G1 F1500 X98.524 Y118.253 E78.67198
M205 X5 Y5
G0 F7500 X98.688 Y117.78
M205 X8 Y8
G1 F1500 X103.26 Y122.352 E78.97767
M205 X5 Y5
G0 F7500 X103.419 Y121.874
M205 X8 Y8
G1 F1500 X98.852 Y117.308 E79.28299
M205 X5 Y5
G0 F7500 X99.017 Y116.836
M205 X8 Y8
G1 F1500 X103.577 Y121.396 E79.58787
M205 X5 Y5
G0 F7500 X103.736 Y120.919
M205 X8 Y8
G1 F1500 X99.181 Y116.364 E79.89241
M205 X5 Y5
G0 F7500 X99.345 Y115.891
M205 X8 Y8
G1 F1500 X103.895 Y120.441 E80.19663
M205 X5 Y5
G0 F7500 X104.053 Y119.963
M205 X8 Y8
G1 F1500 X99.51 Y115.42 E80.50037
M205 X5 Y5
G0 F7500 X99.674 Y114.947
M205 X8 Y8
G1 F1500 X104.212 Y119.486 E80.80382
M205 X5 Y5
G0 F7500 X104.371 Y119.008
M205 X8 Y8
G1 F1500 X99.839 Y114.476 E81.10683
M205 X5 Y5
G0 F7500 X100.003 Y114.003
M205 X8 Y8
G1 F1500 X104.529 Y118.53 E81.40947
M205 X5 Y5
G0 F7500 X104.688 Y118.052
M205 X8 Y8
G1 F1500 X100.167 Y113.531 E81.71174
M205 X5 Y5
G0 F7500 X100.332 Y113.06
M205 X8 Y8
G1 F1500 X104.846 Y117.574 E82.01355
M205 X5 Y5
G0 F7500 X105.005 Y117.096
M205 X8 Y8
G1 F1500 X100.496 Y112.587 E82.31502
M205 X5 Y5
G0 F7500 X100.66 Y112.115
M205 X8 Y8
G1 F1500 X105.164 Y116.619 E82.61616
M205 X5 Y5
G0 F7500 X105.322 Y116.141
M205 X8 Y8
G1 F1500 X100.824 Y111.643 E82.9169
M205 X5 Y5
G0 F7500 X100.988 Y111.171
M205 X8 Y8
G1 F1500 X105.481 Y115.663 E83.21727
M205 X5 Y5
G0 F7500 X105.64 Y115.186
M205 X8 Y8
G1 F1500 X101.153 Y110.699 E83.51727
M205 X5 Y5
G0 F7500 X101.317 Y110.227
M205 X8 Y8
G1 F1500 X105.798 Y114.708 E83.81687
M205 X5 Y5
G0 F7500 X105.957 Y114.23
M205 X8 Y8
G1 F1500 X101.481 Y109.754 E84.11613
M205 X5 Y5
G0 F7500 X101.646 Y109.283
M205 X8 Y8
G1 F1500 X106.116 Y113.752 E84.41496
M205 X5 Y5
G0 F7500 X106.274 Y113.274
M205 X8 Y8
G1 F1500 X101.81 Y108.811 E84.71339
M205 X5 Y5
G0 F7500 X101.974 Y108.338
M205 X8 Y8
G1 F1500 X106.433 Y112.796 E85.01149
M205 X5 Y5
G0 F7500 X106.591 Y112.318
M205 X8 Y8
G1 F1500 X102.139 Y107.867 E85.30912
M205 X5 Y5
G0 F7500 X102.303 Y107.394
M205 X8 Y8
G1 F1500 X106.75 Y111.841 E85.60644
M205 X5 Y5
G0 F7500 X106.908 Y111.363
M205 X8 Y8
G1 F1500 X102.468 Y106.923 E85.9033
M205 X5 Y5
G0 F7500 X102.632 Y106.45
M205 X8 Y8
G1 F1500 X107.067 Y110.885 E86.19983
M205 X5 Y5
G0 F7500 X107.226 Y110.408
M205 X8 Y8
G1 F1500 X102.796 Y105.978 E86.49602
M205 X5 Y5
G0 F7500 X102.961 Y105.506
M205 X8 Y8
G1 F1500 X107.384 Y109.93 E86.79177
M205 X5 Y5
G0 F7500 X107.543 Y109.452
M205 X8 Y8
G1 F1500 X103.125 Y105.034 E87.08716
M205 X5 Y5
G0 F7500 X103.289 Y104.562
M205 X8 Y8
G1 F1500 X107.702 Y108.975 E87.38221
M205 X5 Y5
G0 F7500 X107.86 Y108.497
M205 X8 Y8
G1 F1500 X103.453 Y104.09 E87.67686
M205 X5 Y5
G0 F7500 X103.618 Y103.618
M205 X8 Y8
G1 F1500 X108.019 Y108.019 E87.97112
M205 X5 Y5
G0 F7500 X108.178 Y107.541
M205 X8 Y8
G1 F1500 X103.782 Y103.146 E88.265
M205 X5 Y5
G0 F7500 X103.946 Y102.674
M205 X8 Y8
G1 F1500 X108.336 Y107.063 E88.55848
M205 X5 Y5
G0 F7500 X108.494 Y106.585
M205 X8 Y8
G1 F1500 X104.11 Y102.201 E88.8516
M205 X5 Y5
G0 F7500 X104.275 Y101.73
M205 X8 Y8
G1 F1500 X108.654 Y106.108 E89.14434
M205 X5 Y5
G0 F7500 X108.812 Y105.63
M205 X8 Y8
G1 F1500 X104.439 Y101.257 E89.43672
M205 X5 Y5
G0 F7500 X104.603 Y100.785
M205 X8 Y8
G1 F1500 X108.97 Y105.152 E89.7287
M205 X5 Y5
G0 F7500 X109.12 Y104.665
M205 X8 Y8
G1 F1500 X104.768 Y100.313 E90.01967
M205 X5 Y5
G0 F7500 X104.932 Y99.841
M205 X8 Y8
G1 F1500 X109.265 Y104.174 E90.30938
M205 X5 Y5
G0 F7500 X109.41 Y103.683
M205 X8 Y8
G1 F1500 X105.097 Y99.369 E90.59778
M205 X5 Y5
G0 F7500 X105.261 Y98.897
M205 X8 Y8
G1 F1500 X109.552 Y103.188 E90.88468
M205 X5 Y5
G0 F7500 X109.684 Y102.684
M205 X8 Y8
G1 F1500 X105.425 Y98.425 E91.16943
M205 X5 Y5
G0 F7500 X105.59 Y97.953
M205 X8 Y8
G1 F1500 X109.805 Y102.169 E91.45128
M205 X5 Y5
G0 F7500 X109.921 Y101.648
M205 X8 Y8
G1 F1500 X105.754 Y97.481 E91.72989
M205 X5 Y5
G0 F7500 X105.918 Y97.008
M205 X8 Y8
G1 F1500 X110.035 Y101.126 E92.00518
M205 X5 Y5
G0 F7500 X110.15 Y100.605
M205 X8 Y8
G1 F1500 X106.082 Y96.537 E92.27717
M205 X5 Y5
G0 F7500 X106.247 Y96.064
M205 X8 Y8
G1 F1500 X110.266 Y100.083 E92.54588
M205 X5 Y5
G0 F7500 X110.366 Y99.547
M205 X8 Y8
G1 F1500 X106.411 Y95.593 E92.81028
M205 X5 Y5
G0 F7500 X106.575 Y95.12
M205 X8 Y8
G1 F1500 X110.451 Y98.996 E93.06943
M205 X5 Y5
G0 F7500 X110.523 Y98.432
M205 X8 Y8
G1 F1500 X106.739 Y94.648 E93.32243
M205 X5 Y5
G0 F7500 X106.904 Y94.176
M205 X8 Y8
G1 F1500 X110.64 Y97.912 E93.57222
M205 X5 Y5
G0 F7500 X110.893 Y97.529
M205 X8 Y8
G1 F1500 X107.068 Y93.704 E93.82796
M205 X5 Y5
G0 F7500 X107.232 Y93.232
M205 X8 Y8
G1 F1500 X111.246 Y97.246 E94.09633
M205 X5 Y5
G0 F7500 X111.719 Y97.082
M205 X8 Y8
G1 F1500 X107.397 Y92.76 E94.3853
M205 X5 Y5
G0 F7500 X107.561 Y92.288
M205 X8 Y8
G1 F1500 X112.428 Y97.155 E94.71071
M205 X5 Y5
G1 F2400 E92.71071
G0 F7500 X112.254 Y97.522
G0 X112.641 Y97.663
G0 X112.979 Y98.253
G0 X113.749 Y101.277
G0 X114.855 Y104.924
G0 X121.275 Y123.876
G0 X121.524 Y125.852
G0 X121.133 Y127.045
G0 X120.135 Y128.006
G0 X118.646 Y128.479
G0 X116.273 Y128.513
G0 X116.273 Y129.383
G0 X128.949 Y129.383
G0 X128.949 Y128.511
G0 X126.826 Y128.464
G0 X125.719 Y127.976
G0 X124.97 Y127.158
G0 X123.89 Y124.605
G0 X114.765 Y98.338
G1 F1200 E94.71071
G0 F7500 X114.38 Y98.47
M205 X8 Y8
G1 F1500 X107.726 Y91.816 E95.1556
M205 X5 Y5
G1 F2400 E93.1556
G0 F7500 X107.343 Y91.683
G0 X96.663 Y122.368
G1 F1200 E95.1556
G0 F7500 X97.045 Y122.501
M205 X8 Y8
G1 F1500 X103.59 Y129.046 E95.5932
M205 X5 Y5
G0 F7500 X102.954 Y129.046
M205 X8 Y8
G1 F1500 X96.881 Y122.973 E95.99924
M205 X5 Y5
G0 F7500 X96.716 Y123.445
M205 X8 Y8
G1 F1500 X102.317 Y129.046 E96.37372
M205 X5 Y5
G0 F7500 X101.681 Y129.046
M205 X8 Y8
G1 F1500 X96.552 Y123.917 E96.71665
M205 X5 Y5
G0 F7500 X96.388 Y124.389
M205 X8 Y8
G1 F1500 X101.044 Y129.046 E97.02798
M205 X5 Y5
G0 F7500 X100.408 Y129.046
M205 X8 Y8
G1 F1500 X96.223 Y124.861 E97.30779
M205 X5 Y5
G0 F7500 X96.059 Y125.333
M205 X8 Y8
G1 F1500 X99.772 Y129.046 E97.55604
M205 X5 Y5
G0 F7500 X99.135 Y129.046
M205 X8 Y8
G1 F1500 X95.875 Y125.786 E97.774
M205 X5 Y5
G0 F7500 X95.655 Y126.203
M205 X8 Y8
G1 F1500 X98.499 Y129.046 E97.96412
M205 X5 Y5
G0 F7500 X97.863 Y129.046
M205 X8 Y8
G1 F1500 X95.417 Y126.601 E98.12763
M205 X5 Y5
G0 F7500 X95.135 Y126.955
M205 X8 Y8
G1 F1500 X97.227 Y129.046 E98.26747
M205 X5 Y5
G0 F7500 X96.59 Y129.046
M205 X8 Y8
G1 F1500 X94.84 Y127.296 E98.38447
M205 X5 Y5
G0 F7500 X94.529 Y127.622
M205 X8 Y8
G1 F1500 X95.954 Y129.046 E98.47971
M205 X5 Y5
G0 F7500 X95.317 Y129.046
M205 X8 Y8
G1 F1500 X94.167 Y127.896 E98.5566
M205 X5 Y5
G0 F7500 X93.784 Y128.149
M205 X8 Y8
G1 F1500 X94.681 Y129.046 E98.61658
M205 X5 Y5
G0 F7500 X94.045 Y129.046
M205 X8 Y8
G1 F1500 X93.362 Y128.363 E98.66224
M205 X5 Y5
G0 F7500 X92.9 Y128.538
M205 X8 Y8
G1 F1500 X93.408 Y129.046 E98.69621
M205 X5 Y5
G0 F7500 X92.772 Y129.046
M104 S210
M205 X8 Y8
G1 F1500 X92.416 Y128.69 E98.72001
M205 X5 Y5
G1 F2400 E96.72001
;MESH:NONMESH
G0 F600 X92.416 Y128.69 Z0.56
G0 F7500 X92.317 Y128.289
G0 X91.051 Y128.51
G0 X91.051 Y129.383
G0 X107.812 Y129.383
G0 X107.812 Y128.512
G0 X105.448 Y128.418
G0 X104.237 Y127.947
G0 X103.51 Y127.318
G0 X103.048 Y126.354
G0 X103.008 Y124.754
G0 X103.446 Y122.896
G0 X109.369 Y105.047
G0 X110.362 Y101.593
G0 X110.948 Y98.208
G0 X111.172 Y97.724
G0 X111.84 Y97.394
G0 X112.504 Y97.58
G0 X112.851 Y97.913
G1 F1200 E98.72001
G0 F7500 X112.527 Y98.118
;TIME_ELAPSED:124.036434
;LAYER:1
M140 S40
M106 S85
M205 X14 Y14
;TYPE:WALL-INNER
;MESH:felipe_mvm_v.stl
G1 F2700 X112.624 Y98.31 E98.7319
G1 X112.697 Y98.673 E98.75238
G1 X112.903 Y99.548 E98.80208
G1 X113.236 Y100.734 E98.8702
G1 X113.405 Y101.394 E98.90787
G1 X113.973 Y103.256 E99.01551
G1 X114.25 Y104.193 E99.06954
G1 X114.509 Y105.033 E99.11815
G1 X120.446 Y122.428 E100.13448
G1 X120.736 Y123.25 E100.18268
G1 X120.884 Y123.787 E100.21348
G1 X121.09 Y124.751 E100.26799
G1 X121.197 Y125.307 E100.2993
G1 X121.166 Y125.804 E100.32683
G1 X121.103 Y126.182 E100.34802
G1 X120.979 Y126.558 E100.36991
G1 X120.718 Y127.064 E100.4014
G1 X120.313 Y127.448 E100.43226
G1 X119.966 Y127.687 E100.45556
G1 X119.618 Y127.865 E100.47717
G1 X119.289 Y127.984 E100.49651
G1 X118.942 Y128.073 E100.51632
G1 X118.61 Y128.12 E100.53486
G1 X118.212 Y128.141 E100.5569
G1 X115.901 Y128.141 E100.68469
G1 X115.901 Y129.755 E100.77393
G1 X129.321 Y129.755 E101.51599
G1 X129.321 Y128.141 E101.60524
G1 X127.005 Y128.136 E101.7333
G1 X126.481 Y128.009 E101.76312
G1 X126.013 Y127.75 E101.79269
G1 X125.661 Y127.451 E101.81823
G1 X125.312 Y127.012 E101.84924
G1 X125.007 Y126.476 E101.88334
G1 X124.733 Y125.865 E101.92037
G1 X124.377 Y124.986 E101.97281
G1 X123.976 Y123.888 E102.03744
G1 X112.267 Y90.245 E104.00718
G1 X107.526 Y90.245 E104.26933
G1 X95.373 Y125.154 E106.31326
G1 X95.271 Y125.412 E106.3286
G1 X95.108 Y125.751 E106.3494
G1 X94.802 Y126.245 E106.38153
G1 X94.519 Y126.603 E106.40676
G1 X94.187 Y126.959 E106.43368
G1 X93.668 Y127.407 E106.47159
G1 X93.078 Y127.72 E106.50852
G1 X92.61 Y127.89 E106.53605
G1 X92.242 Y127.999 E106.55727
G1 X91.834 Y128.094 E106.58044
G1 X91.448 Y128.137 E106.60191
G1 X90.679 Y128.14 E106.64444
G1 X90.68 Y129.754 E106.73368
G1 X108.184 Y129.755 E107.70157
G1 X108.184 Y128.141 E107.79081
G1 X106.037 Y128.135 E107.90953
G1 X105.692 Y128.097 E107.92872
G1 X105.37 Y128.031 E107.9469
G1 X105.051 Y127.941 E107.96522
G1 X104.755 Y127.83 E107.98271
G1 X104.429 Y127.642 E108.00351
G1 X104.138 Y127.435 E108.02326
G1 X103.898 Y127.217 E108.04119
G1 X103.568 Y126.794 E108.07085
G1 X103.404 Y126.311 E108.09906
G1 X103.342 Y125.966 E108.11844
G1 X103.306 Y125.412 E108.14914
G1 X103.357 Y124.857 E108.17996
G1 X103.434 Y124.392 E108.20602
G1 X103.554 Y123.845 E108.23699
G1 X103.672 Y123.394 E108.26276
G1 X103.79 Y123.005 E108.28524
G1 X109.707 Y105.174 E109.32407
G1 X110.15 Y103.68 E109.41024
G1 X110.314 Y103.078 E109.44474
G1 X110.453 Y102.523 E109.47638
G1 X111.003 Y100.025 E109.61781
G1 X111.107 Y99.414 E109.65208
G1 X111.179 Y98.913 E109.68007
G1 X111.24 Y98.407 E109.70825
G1 X111.348 Y98.103 E109.72609
G1 X111.606 Y97.9 E109.74424
G1 X111.895 Y97.82 E109.76083
G1 X112.115 Y97.838 E109.77303
G1 X112.333 Y97.932 E109.78616
G1 X112.527 Y98.118 E109.80102
M205 X12.5 Y12.5
G0 F8250 X111.793 Y98.342
M205 X14 Y14
;TYPE:WALL-OUTER
G1 F2250 X111.867 Y98.304 E109.80516
G1 X112.074 Y98.33 E109.81554
G1 X112.164 Y98.444 E109.82277
G1 X112.235 Y98.781 E109.83991
G1 X112.452 Y99.7 E109.8869
G1 X112.776 Y100.852 E109.94645
G1 X112.94 Y101.495 E109.97948
G1 X114.06 Y105.186 E110.17143
G1 X119.998 Y122.586 E111.08639
G1 X120.292 Y123.421 E111.13044
G1 X120.429 Y123.924 E111.15639
G1 X120.624 Y124.838 E111.2029
G1 X120.718 Y125.341 E111.22836
G1 X120.689 Y125.802 E111.25135
G1 X120.637 Y126.091 E111.26596
G1 X120.543 Y126.37 E111.28061
G1 X120.333 Y126.774 E111.30327
G1 X120.025 Y127.066 E111.32439
G1 X119.741 Y127.268 E111.34174
G1 X119.454 Y127.42 E111.3579
G1 X119.189 Y127.518 E111.37196
G1 X118.853 Y127.605 E111.38923
G1 X118.522 Y127.651 E111.40586
G1 X118.191 Y127.666 E111.42235
G1 X115.426 Y127.666 E111.55995
G1 X115.426 Y130.23 E111.68755
G1 X129.796 Y130.23 E112.40268
G1 X129.796 Y127.666 E112.53028
G1 X127.064 Y127.661 E112.66624
G1 X126.655 Y127.562 E112.68718
G1 X126.269 Y127.344 E112.70924
G1 X125.99 Y127.102 E112.72762
G1 X125.697 Y126.73 E112.75119
G1 X125.45 Y126.301 E112.77582
G1 X125.173 Y125.686 E112.80939
G1 X124.823 Y124.824 E112.85569
G1 X124.425 Y123.732 E112.91353
G1 X112.605 Y89.77 E114.7031
G1 X107.188 Y89.77 E114.97268
G1 X94.931 Y124.979 E116.82801
G1 X94.823 Y125.251 E116.84258
G1 X94.713 Y125.484 E116.8554
G1 X94.429 Y125.95 E116.88256
G1 X94.133 Y126.323 E116.90625
G1 X93.824 Y126.65 E116.92864
G1 X93.416 Y126.998 E116.95533
G1 X92.867 Y127.291 E116.9863
G1 X92.435 Y127.447 E117.00916
G1 X92.095 Y127.547 E117.02679
G1 X91.752 Y127.626 E117.04431
G1 X91.424 Y127.662 E117.06073
G1 X90.204 Y127.666 E117.12145
G1 X90.205 Y130.229 E117.249
G1 X108.659 Y130.23 E118.16737
G1 X108.659 Y127.666 E118.29497
G1 X106.085 Y127.662 E118.42306
G1 X105.785 Y127.631 E118.43807
G1 X105.495 Y127.573 E118.45279
G1 X105.238 Y127.503 E118.46605
G1 X104.945 Y127.391 E118.48166
G1 X104.714 Y127.261 E118.49485
G1 X104.457 Y127.083 E118.5104
G1 X104.237 Y126.879 E118.52534
G1 X103.993 Y126.565 E118.54513
G1 X103.864 Y126.182 E118.56524
G1 X103.81 Y125.882 E118.58041
G1 X103.783 Y125.399 E118.60448
G1 X103.833 Y124.885 E118.63018
G1 X103.905 Y124.46 E118.65163
G1 X104.014 Y123.965 E118.67686
G1 X104.127 Y123.531 E118.69918
G1 X104.241 Y123.155 E118.71873
G1 X110.161 Y105.316 E119.6541
G1 X110.607 Y103.81 E119.73227
G1 X110.765 Y103.232 E119.76209
G1 X110.915 Y102.632 E119.79287
G1 X111.47 Y100.116 E119.92109
G1 X111.577 Y99.482 E119.95308
G1 X111.65 Y98.975 E119.97857
G1 X111.709 Y98.483 E120.00323
G1 X111.793 Y98.342 E120.0114
M205 X12.5 Y12.5
G0 F8250 X111.867 Y98.304
G0 X111.983 Y98.318
G0 X112.517 Y97.654
M205 X14 Y14
;TYPE:SKIN
G1 F2100 X112.801 Y97.926 E120.03097
G1 X112.942 Y98.211 E120.0468
G1 X113.014 Y98.568 E120.06492
G1 X113.225 Y99.461 E120.11058
G1 X113.556 Y100.639 E120.17148
G1 X113.724 Y101.298 E120.20532
G1 X114.83 Y104.944 E120.39493
G1 X120.758 Y122.314 E121.30831
G1 X121.054 Y123.149 E121.3524
G1 X121.219 Y123.756 E121.3837
G1 X121.408 Y124.641 E121.42874
G1 X121.525 Y125.253 E121.45975
G1 X121.497 Y125.836 E121.48879
G1 X121.426 Y126.268 E121.51058
G1 X121.276 Y126.711 E121.53386
G1 X121.067 Y127.111 E121.55632
G1 X120.852 Y127.396 E121.57408
G1 X120.522 Y127.707 E121.59665
G1 X120.133 Y127.973 E121.6201
G1 X119.808 Y128.148 E121.63847
G1 X119.362 Y128.31 E121.66208
G1 X118.985 Y128.405 E121.68143
G1 X118.649 Y128.451 E121.69831
G1 X118.229 Y128.473 E121.71924
G1 X116.233 Y128.473 E121.81857
G1 X116.233 Y129.423 E121.86585
G1 X128.989 Y129.423 E122.50066
G1 X128.989 Y128.472 E122.54798
G1 X126.979 Y128.469 E122.64801
G1 X126.366 Y128.327 E122.67933
G1 X125.807 Y128.011 E122.71128
G1 X125.406 Y127.666 E122.73761
G1 X125.02 Y127.175 E122.76869
G1 X124.724 Y126.657 E122.79838
G1 X124.436 Y126.016 E122.83335
G1 X124.075 Y125.128 E122.88106
G1 X123.69 Y124.07 E122.93709
G1 X112.031 Y90.577 E124.70198
G1 X107.762 Y90.577 E124.91443
G1 X95.695 Y125.241 E126.74104
G1 X95.574 Y125.548 E126.75746
G1 X95.392 Y125.926 E126.77834
G1 X95.079 Y126.43 E126.80786
G1 X94.773 Y126.819 E126.83249
G1 X94.438 Y127.179 E126.85697
G1 X93.851 Y127.69 E126.8957
G1 X93.2 Y128.029 E126.93222
G1 X92.716 Y128.206 E126.95787
G1 X92.326 Y128.322 E126.97812
G1 X91.878 Y128.424 E127.00098
G1 X91.46 Y128.469 E127.02191
G1 X91.011 Y128.472 E127.04425
G1 X91.012 Y129.421 E127.09148
G1 X107.852 Y129.423 E127.92953
G1 X107.852 Y128.473 E127.97681
G1 X106.092 Y128.47 E128.06439
G1 X105.72 Y128.438 E128.08297
G1 X105.336 Y128.365 E128.10243
G1 X105.018 Y128.279 E128.11882
G1 X104.604 Y128.126 E128.14079
G1 X104.301 Y127.954 E128.15812
G1 X104.032 Y127.774 E128.17423
G1 X103.677 Y127.469 E128.19752
G1 X103.364 Y127.067 E128.22288
G1 X103.214 Y126.783 E128.23886
G1 X103.09 Y126.427 E128.25762
G1 X103.012 Y126 E128.27922
G1 X102.973 Y125.422 E128.30805
G1 X103.036 Y124.755 E128.3414
G1 X103.108 Y124.33 E128.36285
G1 X103.223 Y123.794 E128.39013
G1 X103.345 Y123.33 E128.414
G1 X103.468 Y122.923 E128.43516
G1 X109.391 Y105.074 E129.37106
G1 X109.83 Y103.589 E129.44812
G1 X109.973 Y103.064 E129.4752
G1 X110.138 Y102.402 E129.50915
G1 X110.677 Y99.96 E129.6336
G1 X110.77 Y99.411 E129.66131
G1 X110.931 Y98.24 E129.72014
G1 X111.035 Y98 E129.73316
G1 X111.297 Y97.705 E129.75279
G1 X111.627 Y97.53 E129.77138
G1 X111.924 Y97.488 E129.78631
G1 X112.228 Y97.528 E129.80157
G1 X112.517 Y97.654 E129.81726
M205 X12.5 Y12.5
G1 F2400 E127.81726
G0 F8250 X112.135 Y97.691
G0 X113.113 Y99.516
G0 X114.709 Y104.964
G0 X121.363 Y125.925
G0 X119.341 Y128.188
G0 X116.123 Y128.363
G0 X116.123 Y129.533
G0 X129.099 Y129.533
G0 X129.099 Y128.362
G0 X125.453 Y127.527
G0 X112.112 Y90.463
G0 X108.39 Y90.395
G1 F1200 E129.81726
G0 F8250 X108.39 Y90.801
M205 X14 Y14
G1 F2100 X107.671 Y91.52 E129.86786
M205 X12.5 Y12.5
G0 F8250 X107.289 Y91.387
G0 X106.949 Y92.363
G0 X107.331 Y92.496
M205 X14 Y14
G1 F2100 X109.026 Y90.801 E129.98715
M205 X12.5 Y12.5
G0 F8250 X109.663 Y90.801
M205 X14 Y14
G1 F2100 X106.992 Y93.472 E130.17513
M205 X12.5 Y12.5
G0 F8250 X106.609 Y93.338
G0 X106.269 Y94.315
G0 X106.652 Y94.448
M205 X14 Y14
G1 F2100 X110.299 Y90.801 E130.4318
M205 X12.5 Y12.5
G0 F8250 X110.935 Y90.801
M205 X14 Y14
G1 F2100 X106.312 Y95.424 E130.75717
M205 X12.5 Y12.5
G0 F8250 X105.929 Y95.291
G0 X105.589 Y96.268
G0 X105.972 Y96.401
M205 X14 Y14
G1 F2100 X111.572 Y90.801 E131.15129
M205 X12.5 Y12.5
G0 F8250 X111.957 Y91.052
M205 X14 Y14
G1 F2100 X105.632 Y97.377 E131.59644
M205 X12.5 Y12.5
G0 F8250 X105.25 Y97.244
G0 X104.911 Y98.218
G0 X105.293 Y98.353
M205 X14 Y14
G1 F2100 X112.121 Y91.525 E132.07698
M205 X12.5 Y12.5
G0 F8250 X112.286 Y91.996
M205 X14 Y14
G1 F2100 X104.953 Y99.33 E132.59311
M205 X12.5 Y12.5
G0 F8250 X104.57 Y99.197
G0 X104.231 Y100.172
G0 X104.613 Y100.305
M205 X14 Y14
G1 F2100 X112.45 Y92.469 E133.14463
M205 X12.5 Y12.5
G0 F8250 X112.615 Y92.94
M205 X14 Y14
G1 F2100 X104.273 Y101.282 E133.73174
M205 X12.5 Y12.5
G0 F8250 X103.89 Y101.147
G0 X103.55 Y102.125
G0 X103.934 Y102.258
M205 X14 Y14
G1 F2100 X112.779 Y93.413 E134.35424
M205 X12.5 Y12.5
G0 F8250 X112.943 Y93.885
M205 X14 Y14
G1 F2100 X103.593 Y103.234 E135.01225
M205 X12.5 Y12.5
G0 F8250 X103.211 Y103.101
G0 X102.871 Y104.078
G0 X103.253 Y104.211
M205 X14 Y14
G1 F2100 X113.108 Y94.357 E135.7058
M205 X12.5 Y12.5
G0 F8250 X113.272 Y94.829
M205 X14 Y14
G1 F2100 X102.914 Y105.187 E136.43478
M205 X12.5 Y12.5
G0 F8250 X102.531 Y105.054
G0 X102.191 Y106.03
G0 X102.574 Y106.163
M205 X14 Y14
G1 F2100 X110.828 Y97.909 E137.01569
M205 X12.5 Y12.5
G0 F8250 X111.283 Y97.454
M205 X14 Y14
G1 F2100 X113.436 Y95.301 E137.16722
M205 X12.5 Y12.5
G0 F8250 X113.6 Y95.773
M205 X14 Y14
G1 F2100 X112.087 Y97.286 E137.2737
M205 X12.5 Y12.5
G0 F8250 X112.575 Y97.435
M205 X14 Y14
G1 F2100 X113.764 Y96.245 E137.35742
M205 X12.5 Y12.5
G0 F8250 X113.929 Y96.717
M205 X14 Y14
G1 F2100 X112.919 Y97.727 E137.4285
M205 X12.5 Y12.5
G0 F8250 X113.152 Y98.13
M205 X14 Y14
G1 F2100 X114.093 Y97.189 E137.49473
M205 X12.5 Y12.5
G0 F8250 X114.258 Y97.661
M205 X14 Y14
G1 F2100 X113.265 Y98.654 E137.56461
M205 X12.5 Y12.5
G0 F8250 X113.386 Y99.169
M205 X14 Y14
G1 F2100 X114.422 Y98.133 E137.63752
M205 X12.5 Y12.5
G0 F8250 X114.587 Y98.605
M205 X14 Y14
G1 F2100 X113.518 Y99.673 E137.71272
M205 X12.5 Y12.5
G0 F8250 X113.658 Y100.17
M205 X14 Y14
G1 F2100 X114.751 Y99.077 E137.78965
M205 X12.5 Y12.5
G0 F8250 X114.915 Y99.55
M205 X14 Y14
G1 F2100 X113.795 Y100.67 E137.86847
M205 X12.5 Y12.5
G0 F8250 X113.924 Y101.177
M205 X14 Y14
G1 F2100 X115.08 Y100.021 E137.94983
M205 X12.5 Y12.5
G0 F8250 X115.244 Y100.494
M205 X14 Y14
G1 F2100 X114.071 Y101.666 E138.03235
M205 X12.5 Y12.5
G0 F8250 X114.219 Y102.155
M205 X14 Y14
G1 F2100 X115.409 Y100.965 E138.1161
M205 X12.5 Y12.5
G0 F8250 X115.573 Y101.438
M205 X14 Y14
G1 F2100 X114.367 Y102.643 E138.20094
M205 X12.5 Y12.5
G0 F8250 X114.515 Y103.132
M205 X14 Y14
G1 F2100 X115.737 Y101.91 E138.28695
M205 X12.5 Y12.5
G0 F8250 X115.901 Y102.381
M205 X14 Y14
G1 F2100 X114.663 Y103.62 E138.37411
M205 X12.5 Y12.5
G0 F8250 X114.811 Y104.108
M205 X14 Y14
G1 F2100 X116.065 Y102.854 E138.46237
M205 X12.5 Y12.5
G0 F8250 X116.23 Y103.325
M205 X14 Y14
G1 F2100 X114.959 Y104.597 E138.55185
M205 X12.5 Y12.5
G0 F8250 X115.114 Y105.078
M205 X14 Y14
G1 F2100 X116.394 Y103.798 E138.64194
M205 X12.5 Y12.5
G0 F8250 X116.558 Y104.27
M205 X14 Y14
G1 F2100 X115.276 Y105.553 E138.7322
M205 X12.5 Y12.5
G0 F8250 X115.438 Y106.027
M205 X14 Y14
G1 F2100 X116.723 Y104.742 E138.82264
M205 X12.5 Y12.5
G0 F8250 X116.887 Y105.214
M205 X14 Y14
G1 F2100 X115.599 Y106.502 E138.91329
M205 X12.5 Y12.5
G0 F8250 X115.761 Y106.976
M205 X14 Y14
G1 F2100 X117.052 Y105.686 E139.00411
M205 X12.5 Y12.5
G0 F8250 X117.216 Y106.158
M205 X14 Y14
G1 F2100 X115.923 Y107.451 E139.09511
M205 X12.5 Y12.5
G0 F8250 X116.085 Y107.925
M205 X14 Y14
G1 F2100 X117.381 Y106.63 E139.18629
M205 X12.5 Y12.5
G0 F8250 X117.545 Y107.102
M205 X14 Y14
G1 F2100 X116.247 Y108.4 E139.27764
M205 X12.5 Y12.5
G0 F8250 X116.409 Y108.874
M205 X14 Y14
G1 F2100 X117.709 Y107.574 E139.36913
M205 X12.5 Y12.5
G0 F8250 X117.873 Y108.046
M205 X14 Y14
G1 F2100 X116.571 Y109.349 E139.4608
M205 X12.5 Y12.5
G0 F8250 X116.733 Y109.823
M205 X14 Y14
G1 F2100 X118.038 Y108.518 E139.55264
M205 X12.5 Y12.5
G0 F8250 X118.202 Y108.99
M205 X14 Y14
G1 F2100 X116.895 Y110.298 E139.64466
M205 X12.5 Y12.5
G0 F8250 X117.057 Y110.772
M205 X14 Y14
G1 F2100 X118.366 Y109.462 E139.73683
M205 X12.5 Y12.5
G0 F8250 X118.53 Y109.935
M205 X14 Y14
G1 F2100 X117.219 Y111.246 E139.82909
M205 X12.5 Y12.5
G0 F8250 X117.381 Y111.721
M205 X14 Y14
G1 F2100 X118.695 Y110.406 E139.92161
M205 X12.5 Y12.5
G0 F8250 X118.859 Y110.879
M205 X14 Y14
G1 F2100 X117.543 Y112.195 E140.01422
M205 X12.5 Y12.5
G0 F8250 X117.704 Y112.67
M205 X14 Y14
G1 F2100 X119.024 Y111.35 E140.10712
M205 X12.5 Y12.5
G0 F8250 X119.188 Y111.823
M205 X14 Y14
G1 F2100 X117.866 Y113.144 E140.20013
M205 X12.5 Y12.5
G0 F8250 X118.028 Y113.619
M205 X14 Y14
G1 F2100 X119.352 Y112.295 E140.29331
M205 X12.5 Y12.5
G0 F8250 X119.517 Y112.767
M205 X14 Y14
G1 F2100 X118.19 Y114.093 E140.38667
M205 X12.5 Y12.5
G0 F8250 X118.352 Y114.568
M205 X14 Y14
G1 F2100 X119.681 Y113.239 E140.4802
M205 X12.5 Y12.5
G0 F8250 X119.846 Y113.711
M205 X14 Y14
G1 F2100 X118.514 Y115.042 E140.57391
M205 X12.5 Y12.5
G0 F8250 X118.676 Y115.517
M205 X14 Y14
G1 F2100 X120.01 Y114.183 E140.6678
M205 X12.5 Y12.5
G0 F8250 X120.174 Y114.655
M205 X14 Y14
G1 F2100 X118.838 Y115.991 E140.76183
M205 X12.5 Y12.5
G0 F8250 X119 Y116.466
M205 X14 Y14
G1 F2100 X120.338 Y115.127 E140.85603
M205 X12.5 Y12.5
G0 F8250 X120.503 Y115.599
M205 X14 Y14
G1 F2100 X119.162 Y116.94 E140.95041
M205 X12.5 Y12.5
G0 F8250 X119.324 Y117.415
M205 X14 Y14
G1 F2100 X120.667 Y116.071 E141.04496
M205 X12.5 Y12.5
G0 F8250 X120.831 Y116.543
M205 X14 Y14
G1 F2100 X119.486 Y117.889 E141.13965
M205 X12.5 Y12.5
G0 F8250 X119.648 Y118.364
M205 X14 Y14
G1 F2100 X120.996 Y117.015 E141.23456
M205 X12.5 Y12.5
G0 F8250 X121.16 Y117.487
M205 X14 Y14
G1 F2100 X119.81 Y118.838 E141.32961
M205 X12.5 Y12.5
G0 F8250 X119.971 Y119.312
M205 X14 Y14
G1 F2100 X121.324 Y117.96 E141.4248
M205 X12.5 Y12.5
G0 F8250 X121.489 Y118.431
M205 X14 Y14
G1 F2100 X120.133 Y119.787 E141.52023
M205 X12.5 Y12.5
G0 F8250 X120.295 Y120.261
M205 X14 Y14
G1 F2100 X121.653 Y118.904 E141.61577
M205 X12.5 Y12.5
G0 F8250 X121.818 Y119.375
M205 X14 Y14
G1 F2100 X120.457 Y120.736 E141.71155
M205 X12.5 Y12.5
G0 F8250 X120.619 Y121.21
M205 X14 Y14
G1 F2100 X121.982 Y119.848 E141.80745
M205 X12.5 Y12.5
G0 F8250 X122.146 Y120.32
M205 X14 Y14
G1 F2100 X120.781 Y121.685 E141.90351
M205 X12.5 Y12.5
G0 F8250 X120.943 Y122.159
M205 X14 Y14
G1 F2100 X122.311 Y120.792 E141.99976
M205 X12.5 Y12.5
G0 F8250 X122.475 Y121.264
M205 X14 Y14
G1 F2100 X121.109 Y122.629 E142.09586
M205 X12.5 Y12.5
G0 F8250 X121.273 Y123.102
M205 X14 Y14
G1 F2100 X122.639 Y121.736 E142.192
M205 X12.5 Y12.5
G0 F8250 X122.803 Y122.208
M205 X14 Y14
G1 F2100 X121.41 Y123.601 E142.29004
M205 X12.5 Y12.5
G0 F8250 X121.527 Y124.121
M205 X14 Y14
G1 F2100 X122.967 Y122.68 E142.39142
M205 X12.5 Y12.5
G0 F8250 X123.132 Y123.152
M205 X14 Y14
G1 F2100 X121.638 Y124.646 E142.49656
M205 X12.5 Y12.5
G0 F8250 X121.741 Y125.179
M205 X14 Y14
G1 F2100 X123.296 Y123.624 E142.606
M205 X12.5 Y12.5
G0 F8250 X123.461 Y124.096
M205 X14 Y14
G1 F2100 X121.721 Y125.836 E142.72846
M205 X12.5 Y12.5
G0 F8250 X121.528 Y126.666
M205 X14 Y14
G1 F2100 X123.63 Y124.563 E142.87643
M205 X12.5 Y12.5
G0 F8250 X123.799 Y125.031
M205 X14 Y14
G1 F2100 X119.633 Y129.197 E143.16963
M205 X12.5 Y12.5
G0 F8250 X120.269 Y129.197
M205 X14 Y14
G1 F2100 X123.977 Y125.489 E143.4306
M205 X12.5 Y12.5
G0 F8250 X124.163 Y125.94
M205 X14 Y14
G1 F2100 X120.906 Y129.197 E143.65982
M205 X12.5 Y12.5
G0 F8250 X121.542 Y129.197
M205 X14 Y14
G1 F2100 X124.354 Y126.385 E143.85773
M205 X12.5 Y12.5
G0 F8250 X124.557 Y126.818
M205 X14 Y14
G1 F2100 X122.178 Y129.197 E144.02516
M205 X12.5 Y12.5
G0 F8250 X122.815 Y129.197
M205 X14 Y14
G1 F2100 X124.789 Y127.223 E144.16409
M205 X12.5 Y12.5
G0 F8250 X125.06 Y127.588
M205 X14 Y14
G1 F2100 X123.451 Y129.197 E144.27733
M205 X12.5 Y12.5
G0 F8250 X124.088 Y129.197
M205 X14 Y14
G1 F2100 X125.36 Y127.925 E144.36685
M205 X12.5 Y12.5
G0 F8250 X125.705 Y128.216
M205 X14 Y14
G1 F2100 X124.724 Y129.197 E144.43589
M205 X12.5 Y12.5
G0 F8250 X125.36 Y129.197
M205 X14 Y14
G1 F2100 X126.114 Y128.443 E144.48896
M205 X12.5 Y12.5
G0 F8250 X126.586 Y128.607
M205 X14 Y14
G1 F2100 X125.997 Y129.197 E144.53045
M205 X12.5 Y12.5
G0 F8250 X126.633 Y129.197
M205 X14 Y14
G1 F2100 X127.137 Y128.693 E144.56592
M205 X12.5 Y12.5
G0 F8250 X127.27 Y129.197
M205 X14 Y14
G1 F2100 X127.772 Y128.694 E144.60128
M205 X12.5 Y12.5
G0 F8250 X127.906 Y129.197
M205 X14 Y14
G1 F2100 X128.407 Y128.696 E144.63654
M205 X12.5 Y12.5
G0 F8250 X128.763 Y128.976
M205 X14 Y14
G1 F2100 X128.542 Y129.197 E144.6521
M205 X12.5 Y12.5
G0 F8250 X128.542 Y129.605
G0 X116.123 Y129.533
G0 X116.123 Y128.363
G0 X118.76 Y128.273
G0 X119.668 Y128.008
G0 X119.81 Y128.383
M205 X14 Y14
G1 F2100 X118.996 Y129.197 E144.70938
M205 X12.5 Y12.5
G0 F8250 X118.918 Y128.639
M205 X14 Y14
G1 F2100 X118.36 Y129.197 E144.74866
M205 X12.5 Y12.5
G0 F8250 X118.224 Y128.696
M205 X14 Y14
G1 F2100 X117.724 Y129.197 E144.78388
M205 X12.5 Y12.5
G0 F8250 X117.588 Y128.696
M205 X14 Y14
G1 F2100 X117.087 Y129.197 E144.81914
M205 X12.5 Y12.5
G0 F8250 X116.951 Y128.696
M205 X14 Y14
G1 F2100 X116.458 Y129.19 E144.85387
M205 X12.5 Y12.5
G1 F2400 E142.85387
G0 F8250 X116.051 Y129.19
G0 X116.054 Y129.602
G0 X129.168 Y129.602
G0 X129.168 Y128.293
G0 X126.99 Y128.3
G0 X126.42 Y128.163
G0 X125.919 Y127.885
G0 X125.543 Y127.563
G0 X125.177 Y127.107
G0 X124.587 Y125.941
G0 X123.823 Y123.946
G0 X112.156 Y90.402
G0 X107.636 Y90.402
G0 X95.412 Y125.497
G0 X94.962 Y126.304
G0 X94.272 Y127.105
G0 X93.76 Y127.544
G0 X93.139 Y127.873
G0 X91.873 Y128.253
G0 X90.832 Y128.292
G0 X90.832 Y129.602
G0 X108.031 Y129.602
G0 X108.034 Y129.112
G1 F1200 E144.85387
G0 F8250 X107.626 Y129.112
M205 X14 Y14
G1 F2100 X107.541 Y129.197 E144.85985
M205 X12.5 Y12.5
G0 F8250 X107.407 Y128.695
M205 X14 Y14
G1 F2100 X106.905 Y129.197 E144.89518
M205 X12.5 Y12.5
G0 F8250 X106.771 Y128.694
M205 X14 Y14
G1 F2100 X106.268 Y129.197 E144.93059
M205 X12.5 Y12.5
G0 F8250 X106.135 Y128.694
M205 X14 Y14
G1 F2100 X105.632 Y129.197 E144.96599
M205 X12.5 Y12.5
G0 F8250 X105.559 Y128.634
M205 X14 Y14
G1 F2100 X104.996 Y129.197 E145.00561
M205 X12.5 Y12.5
G0 F8250 X104.359 Y129.197
M205 X14 Y14
G1 F2100 X105.04 Y128.516 E145.05354
M205 X12.5 Y12.5
G0 F8250 X104.566 Y128.354
M205 X14 Y14
G1 F2100 X103.723 Y129.197 E145.11287
M205 X12.5 Y12.5
G0 F8250 X103.086 Y129.197
M205 X14 Y14
G1 F2100 X104.157 Y128.127 E145.18821
M205 X12.5 Y12.5
G0 F8250 X103.789 Y127.859
M205 X14 Y14
G1 F2100 X102.45 Y129.197 E145.28241
M205 X12.5 Y12.5
G0 F8250 X101.814 Y129.196
M205 X14 Y14
G1 F2100 X103.455 Y127.556 E145.39787
M205 X12.5 Y12.5
G0 F8250 X103.181 Y127.194
M205 X14 Y14
G1 F2100 X101.178 Y129.196 E145.5388
M205 X12.5 Y12.5
G0 F8250 X100.542 Y129.196
M205 X14 Y14
G1 F2100 X102.971 Y126.767 E145.70975
M205 X12.5 Y12.5
G0 F8250 X102.831 Y126.271
M205 X14 Y14
G1 F2100 X99.905 Y129.196 E145.91565
M205 X12.5 Y12.5
G0 F8250 X99.269 Y129.196
M205 X14 Y14
G1 F2100 X102.765 Y125.7 E146.16169
M205 X12.5 Y12.5
G0 F8250 X102.783 Y125.046
M205 X14 Y14
G1 F2100 X98.632 Y129.196 E146.4538
M205 X12.5 Y12.5
G0 F8250 X97.996 Y129.196
M205 X14 Y14
G1 F2100 X102.881 Y124.311 E146.7976
M205 X12.5 Y12.5
G0 F8250 X103.07 Y123.487
M205 X14 Y14
G1 F2100 X97.36 Y129.196 E147.19943
M205 X12.5 Y12.5
G0 F8250 X96.723 Y129.196
M205 X14 Y14
G1 F2100 X103.346 Y122.574 E147.66551
M205 X12.5 Y12.5
G0 F8250 X103.731 Y122.702
G0 X104.047 Y121.751
G0 X103.661 Y121.622
M205 X14 Y14
G1 F2100 X96.088 Y129.196 E148.19853
M205 X12.5 Y12.5
G0 F8250 X95.451 Y129.196
M205 X14 Y14
G1 F2100 X103.977 Y120.669 E148.79862
M205 X12.5 Y12.5
G0 F8250 X104.363 Y120.798
G0 X104.679 Y119.845
G0 X104.294 Y119.717
M205 X14 Y14
G1 F2100 X94.815 Y129.196 E149.46574
M205 X12.5 Y12.5
G0 F8250 X94.178 Y129.196
M205 X14 Y14
G1 F2100 X104.61 Y118.764 E150.19993
M205 X12.5 Y12.5
G0 F8250 X104.995 Y118.892
G0 X105.311 Y117.94
G0 X104.926 Y117.812
M205 X14 Y14
G1 F2100 X93.542 Y129.196 E151.00113
M205 X12.5 Y12.5
G0 F8250 X92.906 Y129.196
M205 X14 Y14
G1 F2100 X105.242 Y116.86 E151.86932
M205 X12.5 Y12.5
G0 F8250 X105.627 Y116.988
G0 X105.943 Y116.035
G0 X105.558 Y115.907
M205 X14 Y14
G1 F2100 X95.734 Y125.731 E152.56073
M205 X12.5 Y12.5
G0 F8250 X95.37 Y125.559
G0 X95.733 Y124.578
G0 X96.117 Y124.711
M205 X14 Y14
G1 F2100 X105.874 Y114.955 E153.24738
M205 X12.5 Y12.5
G0 F8250 X106.259 Y115.083
G0 X106.575 Y114.13
G0 X106.19 Y114.002
M205 X14 Y14
G1 F2100 X96.457 Y123.735 E153.93238
M205 X12.5 Y12.5
G0 F8250 X96.074 Y123.602
G0 X96.414 Y122.624
G0 X96.797 Y122.759
M205 X14 Y14
G1 F2100 X106.506 Y113.05 E154.61569
M205 X12.5 Y12.5
G0 F8250 X106.891 Y113.178
G0 X107.208 Y112.225
G0 X106.822 Y112.097
M205 X14 Y14
G1 F2100 X97.137 Y121.782 E155.29731
M205 X12.5 Y12.5
G0 F8250 X96.754 Y121.647
G0 X97.094 Y120.674
G0 X97.476 Y120.807
M205 X14 Y14
G1 F2100 X107.137 Y111.145 E155.97728
M205 X12.5 Y12.5
G0 F8250 X107.523 Y111.274
G0 X107.839 Y110.321
G0 X107.454 Y110.193
M205 X14 Y14
G1 F2100 X97.816 Y119.83 E156.65555
M205 X12.5 Y12.5
G0 F8250 X97.434 Y119.697
G0 X97.774 Y118.721
G0 X98.157 Y118.854
M205 X14 Y14
G1 F2100 X107.77 Y109.24 E157.33214
M205 X12.5 Y12.5
G0 F8250 X108.156 Y109.368
G0 X108.471 Y108.416
G0 X108.086 Y108.288
M205 X14 Y14
G1 F2100 X98.496 Y117.878 E158.00708
M205 X12.5 Y12.5
G0 F8250 X98.113 Y117.745
G0 X98.453 Y116.768
G0 X98.836 Y116.901
M205 X14 Y14
G1 F2100 X108.402 Y107.335 E158.68032
M205 X12.5 Y12.5
G0 F8250 X108.788 Y107.463
G0 X109.104 Y106.511
G0 X108.718 Y106.383
M205 X14 Y14
G1 F2100 X99.175 Y115.925 E159.35191
M205 X12.5 Y12.5
G0 F8250 X98.793 Y115.792
G0 X99.133 Y114.816
G0 X99.516 Y114.949
M205 X14 Y14
G1 F2100 X109.034 Y105.431 E160.02178
M205 X12.5 Y12.5
G0 F8250 X109.322 Y104.506
M205 X14 Y14
G1 F2100 X99.856 Y113.972 E160.68799
M205 X12.5 Y12.5
G0 F8250 X99.473 Y113.839
G0 X99.812 Y112.864
G0 X100.195 Y112.997
M205 X14 Y14
G1 F2100 X109.59 Y103.602 E161.3492
M205 X12.5 Y12.5
G0 F8250 X109.821 Y102.734
M205 X14 Y14
G1 F2100 X100.535 Y112.02 E162.00274
M205 X12.5 Y12.5
G0 F8250 X100.153 Y111.887
G0 X100.492 Y110.911
G0 X100.875 Y111.044
M205 X14 Y14
G1 F2100 X110.016 Y101.903 E162.64607
M205 X12.5 Y12.5
G0 F8250 X110.196 Y101.086
M205 X14 Y14
G1 F2100 X101.215 Y110.068 E163.27818
M205 X12.5 Y12.5
G0 F8250 X100.832 Y109.935
G0 X101.172 Y108.959
G0 X101.554 Y109.092
M205 X14 Y14
G1 F2100 X110.377 Y100.269 E163.89914
M205 X12.5 Y12.5
G0 F8250 X110.53 Y99.48
M205 X14 Y14
G1 F2100 X101.894 Y108.115 E164.50689
M205 X12.5 Y12.5
G0 F8250 X101.512 Y107.982
G0 X101.852 Y107.006
G0 X102.234 Y107.139
M205 X14 Y14
G1 F2100 X110.637 Y98.736 E165.09829
M205 X12.5 Y12.5
G1 F2400 E163.09829
G0 F8250 X111.042 Y98.786
G0 X109.948 Y103.621
G0 X109.489 Y105.16
G0 X103.341 Y123.826
G0 X103.104 Y125.574
G0 X103.331 Y126.75
G0 X104.095 Y127.668
G0 X105.376 Y128.248
G0 X107.962 Y128.362
G0 X107.962 Y129.533
G0 X90.902 Y129.532
G0 X90.901 Y128.361
G0 X92.299 Y128.154
G0 X93.059 Y127.886
G1 F1200 E165.09829
G0 F8250 X93.197 Y128.268
M205 X14 Y14
G1 F2100 X92.269 Y129.196 E165.1636
M205 X12.5 Y12.5
G0 F8250 X92.263 Y128.565
M205 X14 Y14
G1 F2100 X91.633 Y129.196 E165.20798
M205 X12.5 Y12.5
G0 F8250 X91.236 Y128.956
M205 X14 Y14
G1 F2100 X91.501 Y128.691 E165.22663
M205 X12.5 Y12.5
G1 F2400 E163.22663
;MESH:NONMESH
G0 F600 X91.501 Y128.691 Z0.84
G0 F8250 X91.457 Y128.288
G0 X92.265 Y128.162
G0 X93.139 Y127.873
G0 X93.76 Y127.544
G0 X94.624 Y126.733
G0 X95.27 Y125.798
G0 X95.531 Y125.197
G0 X107.636 Y90.402
G0 X112.156 Y90.402
G0 X124.234 Y125.071
G0 X124.876 Y126.583
G0 X125.177 Y127.107
G0 X125.543 Y127.563
G0 X125.919 Y127.885
G0 X126.42 Y128.163
G0 X126.99 Y128.3
G0 X129.168 Y128.293
G0 X129.168 Y129.602
G0 X116.054 Y129.602
G0 X116.054 Y128.294
G0 X118.592 Y128.287
G0 X119.376 Y128.132
G0 X120.091 Y127.805
G0 X120.845 Y127.167
G0 X121.127 Y126.638
G0 X121.327 Y125.867
G0 X121.322 Y125.094
G0 X120.899 Y123.224
G0 X114.13 Y103.209
G0 X112.732 Y98.084
G1 F1200 E165.22663
G0 F8250 X112.519 Y98.106
;TIME_ELAPSED:185.061146
;LAYER:2
M106 S170
M205 X20 Y20
;TYPE:WALL-INNER
;MESH:felipe_mvm_v.stl
G1 F3900 X112.614 Y98.287 E165.23793
G1 X112.697 Y98.673 E165.25976
G1 X112.902 Y99.544 E165.30924
G1 X113.234 Y100.729 E165.37729
G1 X113.396 Y101.357 E165.41315
G1 X114.511 Y105.038 E165.62582
G1 X120.445 Y122.429 E166.6419
G1 X120.742 Y123.273 E166.69137
G1 X120.824 Y123.556 E166.70766
G1 X120.924 Y123.957 E166.73051
G1 X121.155 Y125.086 E166.79424
G1 X121.187 Y125.447 E166.81427
G1 X121.165 Y125.823 E166.8351
G1 X121.098 Y126.205 E166.85655
G1 X120.968 Y126.585 E166.87875
G1 X120.801 Y126.903 E166.89862
G1 X120.577 Y127.196 E166.91901
G1 X120.313 Y127.447 E166.93915
G1 X120.039 Y127.641 E166.95772
G1 X119.674 Y127.845 E166.98084
G1 X119.289 Y127.984 E167.00347
G1 X118.942 Y128.073 E167.02328
G1 X118.616 Y128.12 E167.04149
G1 X118.216 Y128.141 E167.06364
G1 X115.901 Y128.141 E167.19165
G1 X115.901 Y129.755 E167.28089
G1 X129.321 Y129.755 E168.02295
G1 X129.321 Y128.141 E168.1122
G1 X127.029 Y128.136 E168.23893
G1 X126.625 Y128.062 E168.26165
G1 X126.021 Y127.758 E168.29904
G1 X125.721 Y127.501 E168.32088
G1 X125.307 Y127.033 E168.35543
G1 X124.975 Y126.402 E168.39485
G1 X124.734 Y125.868 E168.42725
G1 X124.496 Y125.287 E168.46197
G1 X124.258 Y124.669 E168.49859
G1 X123.976 Y123.888 E168.5445
G1 X112.267 Y90.245 E170.51424
G1 X107.526 Y90.245 E170.77639
G1 X95.374 Y125.149 E172.82003
G1 X95.271 Y125.411 E172.8356
G1 X95.07 Y125.841 E172.86185
G1 X94.802 Y126.245 E172.88865
G1 X94.481 Y126.646 E172.91706
G1 X94.073 Y127.078 E172.94991
G1 X93.575 Y127.456 E172.98448
G1 X93.072 Y127.722 E173.01595
G1 X92.61 Y127.89 E173.04313
G1 X91.915 Y128.083 E173.08301
G1 X91.449 Y128.137 E173.10895
G1 X90.679 Y128.14 E173.15153
G1 X90.68 Y129.754 E173.24078
G1 X108.184 Y129.755 E174.20866
G1 X108.184 Y128.141 E174.29791
G1 X105.974 Y128.138 E174.42011
G1 X105.591 Y128.08 E174.44153
G1 X105.123 Y127.967 E174.46815
G1 X104.759 Y127.831 E174.48964
G1 X104.481 Y127.675 E174.50726
G1 X104.213 Y127.494 E174.52514
G1 X103.9 Y127.221 E174.54811
G1 X103.609 Y126.844 E174.57444
G1 X103.485 Y126.591 E174.59002
G1 X103.364 Y126.122 E174.61681
G1 X103.318 Y125.695 E174.64055
G1 X103.32 Y125.252 E174.66505
G1 X103.357 Y124.857 E174.68699
G1 X103.434 Y124.394 E174.71294
G1 X103.554 Y123.845 E174.74401
G1 X103.671 Y123.397 E174.76962
G1 X103.79 Y123.005 E174.79227
G1 X109.707 Y105.174 E175.8311
G1 X110.15 Y103.682 E175.91716
G1 X110.379 Y102.822 E175.96637
G1 X110.594 Y101.909 E176.01824
G1 X111.002 Y100.031 E176.1245
G1 X111.101 Y99.454 E176.15688
G1 X111.184 Y98.876 E176.18916
G1 X111.24 Y98.407 E176.21528
G1 X111.324 Y98.172 E176.22908
G1 X111.5 Y97.968 E176.24398
G1 X111.717 Y97.853 E176.25756
G1 X112.083 Y97.829 E176.27784
G1 X112.312 Y97.917 E176.29141
G1 X112.519 Y98.106 E176.30691
G0 F9000 X111.793 Y98.342
;TYPE:WALL-OUTER
G1 F3000 X111.994 Y98.296 E176.31717
G1 X112.067 Y98.324 E176.32106
G1 X112.164 Y98.443 E176.3287
G1 X112.235 Y98.781 E176.34589
G1 X112.451 Y99.696 E176.39267
G1 X112.774 Y100.848 E176.45221
G1 X112.938 Y101.485 E176.48495
G1 X114.062 Y105.192 E176.67772
G1 X119.997 Y122.586 E177.59235
G1 X120.286 Y123.406 E177.63561
G1 X120.363 Y123.671 E177.64935
G1 X120.458 Y124.052 E177.66889
G1 X120.689 Y125.188 E177.72658
G1 X120.71 Y125.44 E177.73916
G1 X120.692 Y125.782 E177.75621
G1 X120.638 Y126.088 E177.77167
G1 X120.535 Y126.39 E177.78755
G1 X120.388 Y126.66 E177.80285
G1 X120.209 Y126.89 E177.81735
G1 X120.022 Y127.069 E177.83023
G1 X119.742 Y127.267 E177.8473
G1 X119.457 Y127.419 E177.86337
G1 X119.188 Y127.518 E177.87764
G1 X118.854 Y127.605 E177.89482
G1 X118.549 Y127.649 E177.91015
G1 X118.195 Y127.666 E177.92779
G1 X115.426 Y127.666 E178.06559
G1 X115.426 Y130.23 E178.19319
G1 X129.796 Y130.23 E178.90832
G1 X129.796 Y127.666 E179.03592
G1 X127.056 Y127.658 E179.17227
G1 X126.777 Y127.607 E179.18639
G1 X126.286 Y127.36 E179.21374
G1 X126.066 Y127.172 E179.22814
G1 X125.701 Y126.76 E179.25554
G1 X125.389 Y126.168 E179.28884
G1 X125.173 Y125.687 E179.31508
G1 X124.939 Y125.116 E179.34579
G1 X124.705 Y124.508 E179.37821
G1 X124.425 Y123.731 E179.41931
G1 X112.605 Y89.77 E181.20884
G1 X107.188 Y89.77 E181.47841
G1 X94.932 Y124.975 E183.33354
G1 X94.823 Y125.251 E183.34831
G1 X94.645 Y125.623 E183.36883
G1 X94.441 Y125.934 E183.38734
G1 X94.135 Y126.32 E183.41185
G1 X93.739 Y126.736 E183.44044
G1 X93.333 Y127.044 E183.4658
G1 X92.867 Y127.291 E183.49204
G1 X92.432 Y127.448 E183.51506
G1 X91.82 Y127.617 E183.54666
G1 X91.426 Y127.662 E183.56639
G1 X90.204 Y127.666 E183.6272
G1 X90.205 Y130.229 E183.75475
G1 X108.659 Y130.23 E184.67313
G1 X108.659 Y127.666 E184.80072
G1 X105.999 Y127.661 E184.9331
G1 X105.641 Y127.606 E184.95113
G1 X105.237 Y127.506 E184.97184
G1 X104.947 Y127.392 E184.98734
G1 X104.714 Y127.261 E185.00065
G1 X104.457 Y127.083 E185.0162
G1 X104.263 Y126.907 E185.02924
G1 X103.956 Y126.516 E185.05398
G1 X103.831 Y126.024 E185.07924
G1 X103.794 Y125.704 E185.09527
G1 X103.793 Y125.297 E185.11553
G1 X103.833 Y124.885 E185.13613
G1 X103.905 Y124.464 E185.15738
G1 X104.014 Y123.965 E185.1828
G1 X104.126 Y123.534 E185.20496
G1 X104.241 Y123.155 E185.22467
G1 X110.161 Y105.316 E186.16005
G1 X110.607 Y103.81 E186.23821
G1 X110.84 Y102.938 E186.28313
G1 X111.064 Y101.984 E186.3319
G1 X111.469 Y100.122 E186.42673
G1 X111.57 Y99.528 E186.45671
G1 X111.656 Y98.932 E186.48668
G1 X111.709 Y98.483 E186.50918
G1 X111.793 Y98.342 E186.51735
G0 F9000 X111.988 Y98.298
G0 X111.811 Y97.495
;TYPE:SKIN
G1 F2700 X112.143 Y97.502 E186.53387
G1 X112.487 Y97.631 E186.55216
G1 X112.788 Y97.905 E186.57241
G1 X112.942 Y98.209 E186.58937
G1 X113.014 Y98.565 E186.60745
G1 X113.221 Y99.444 E186.65239
G1 X113.551 Y100.623 E186.71332
G1 X113.709 Y101.242 E186.74511
G1 X114.813 Y104.892 E186.93488
G1 X120.754 Y122.299 E187.85021
G1 X121.064 Y123.184 E187.89688
G1 X121.138 Y123.442 E187.91023
G1 X121.252 Y123.896 E187.93353
G1 X121.484 Y125.028 E187.99104
G1 X121.519 Y125.419 E188.01057
G1 X121.498 Y125.846 E188.03185
G1 X121.429 Y126.251 E188.05229
G1 X121.307 Y126.643 E188.07272
G1 X121.099 Y127.053 E188.0956
G1 X120.806 Y127.439 E188.11972
G1 X120.579 Y127.655 E188.13531
G1 X120.214 Y127.923 E188.15785
G1 X119.832 Y128.138 E188.17966
G1 X119.358 Y128.312 E188.20479
G1 X119.009 Y128.4 E188.2227
G1 X118.664 Y128.45 E188.24005
G1 X118.233 Y128.473 E188.26153
G1 X116.233 Y128.473 E188.36106
G1 X116.233 Y129.423 E188.40834
G1 X128.989 Y129.423 E189.04315
G1 X128.989 Y128.472 E189.09047
G1 X127.075 Y128.467 E189.18573
G1 X126.541 Y128.391 E189.21257
G1 X125.834 Y128.037 E189.25192
G1 X125.508 Y127.757 E189.2733
G1 X125.034 Y127.229 E189.30861
G1 X124.651 Y126.496 E189.34977
G1 X124.426 Y125.996 E189.37706
G1 X124.199 Y125.443 E189.40681
G1 X123.956 Y124.81 E189.44055
G1 X123.666 Y124.004 E189.48318
G1 X112.031 Y90.577 E191.24458
G1 X107.762 Y90.577 E191.45703
G1 X95.684 Y125.272 E193.28527
G1 X95.575 Y125.547 E193.29999
G1 X95.358 Y126.007 E193.3253
G1 X95.108 Y126.389 E193.34802
G1 X94.718 Y126.881 E193.37927
G1 X94.277 Y127.342 E193.41102
G1 X93.742 Y127.742 E193.44426
G1 X93.228 Y128.017 E193.47327
G1 X92.721 Y128.202 E193.50013
G1 X91.947 Y128.416 E193.54009
G1 X91.459 Y128.469 E193.56452
G1 X91.011 Y128.471 E193.58681
G1 X91.012 Y129.421 E193.63409
G1 X107.852 Y129.423 E194.47214
G1 X107.852 Y128.472 E194.51947
G1 X105.929 Y128.468 E194.61517
G1 X105.458 Y128.393 E194.6389
G1 X105.02 Y128.282 E194.66139
G1 X104.633 Y128.14 E194.68191
G1 X104.238 Y127.914 E194.70455
G1 X104.01 Y127.757 E194.71833
G1 X103.675 Y127.468 E194.74035
G1 X103.357 Y127.062 E194.76601
G1 X103.174 Y126.703 E194.78606
G1 X103.035 Y126.172 E194.81338
G1 X102.986 Y125.69 E194.83749
G1 X102.99 Y125.212 E194.86128
G1 X103.037 Y124.749 E194.88444
G1 X103.113 Y124.304 E194.90691
G1 X103.22 Y123.805 E194.9323
G1 X103.343 Y123.333 E194.95658
G1 X103.467 Y122.924 E194.97785
G1 X109.39 Y105.076 E195.91369
G1 X109.829 Y103.592 E195.99071
G1 X110.055 Y102.741 E196.03453
G1 X110.274 Y101.81 E196.08212
G1 X110.676 Y99.966 E196.17605
G1 X110.776 Y99.372 E196.20602
G1 X110.85 Y98.871 E196.23123
G1 X110.913 Y98.347 E196.25749
G1 X111.03 Y98.005 E196.27548
G1 X111.295 Y97.706 E196.29536
G1 X111.576 Y97.553 E196.31128
G1 X111.811 Y97.495 E196.32333
G1 F2400 E194.32333
G0 F9000 X111.853 Y97.674
G0 X112.845 Y98.337
G0 X113.605 Y101.321
G0 X114.71 Y104.97
G0 X121.364 Y125.923
G0 X119.342 Y128.188
G0 X116.123 Y128.363
G0 X116.123 Y129.533
G0 X129.099 Y129.533
G0 X129.099 Y128.362
G0 X125.529 Y127.602
G0 X112.112 Y90.463
G0 X111.803 Y90.395
G1 F1200 E196.32333
G0 F9000 X111.803 Y90.802
G1 F2700 X111.907 Y90.906 E196.33065
G0 F9000 X111.167 Y90.802
G1 F2700 X112.246 Y91.882 E196.40662
G0 F9000 X112.631 Y91.749
G0 X112.971 Y92.725
G0 X112.586 Y92.858
G1 F2700 X110.53 Y90.802 E196.55132
G0 F9000 X109.894 Y90.802
G1 F2700 X112.926 Y93.834 E196.76471
G0 F9000 X113.311 Y93.702
G0 X113.65 Y94.677
G0 X113.266 Y94.81
G1 F2700 X109.257 Y90.802 E197.04683
G0 F9000 X108.621 Y90.802
G1 F2700 X113.605 Y95.786 E197.39759
G0 F9000 X113.99 Y95.653
G0 X114.33 Y96.63
G0 X113.946 Y96.763
G1 F2700 X107.985 Y90.802 E197.81712
G0 F9000 X107.772 Y91.226
G1 F2700 X114.285 Y97.739 E198.2755
G0 F9000 X114.67 Y97.606
G0 X115.01 Y98.583
G0 X114.625 Y98.715
G1 F2700 X107.608 Y91.699 E198.76932
G0 F9000 X107.444 Y92.171
G1 F2700 X114.964 Y99.691 E199.29857
G0 F9000 X115.349 Y99.558
G0 X115.689 Y100.535
G0 X115.305 Y100.667
G1 F2700 X113.258 Y98.62 E199.44263
G0 F9000 X113.457 Y99.456
G1 F2700 X115.644 Y101.643 E199.59655
G0 F9000 X116.028 Y101.511
G0 X116.369 Y102.488
G0 X115.984 Y102.62
G1 F2700 X113.704 Y100.339 E199.75705
G0 F9000 X113.932 Y101.204
G1 F2700 X116.324 Y103.596 E199.9254
G0 F9000 X116.708 Y103.464
G0 X117.048 Y104.44
G0 X116.664 Y104.572
G1 F2700 X114.208 Y102.116 E200.09825
G0 F9000 X114.484 Y103.028
G1 F2700 X117.003 Y105.548 E200.27557
G0 F9000 X117.388 Y105.415
G0 X117.728 Y106.392
G0 X117.343 Y106.524
G1 F2700 X114.759 Y103.941 E200.45739
G0 F9000 X115.037 Y104.855
G1 F2700 X117.683 Y107.5 E200.64358
G0 F9000 X118.067 Y107.368
G0 X118.407 Y108.345
G0 X118.023 Y108.477
G1 F2700 X115.368 Y105.822 E200.83044
G0 F9000 X114.982 Y105.953
G0 X115.312 Y106.918
G0 X115.697 Y106.787
G1 F2700 X118.362 Y109.453 E201.01803
G0 F9000 X118.747 Y109.32
G0 X119.087 Y110.296
G0 X118.702 Y110.429
G1 F2700 X116.027 Y107.754 E201.2063
G0 F9000 X115.642 Y107.885
G0 X115.971 Y108.851
G0 X116.357 Y108.72
G1 F2700 X119.042 Y111.405 E201.39526
G0 F9000 X119.427 Y111.273
G0 X119.766 Y112.249
G0 X119.382 Y112.381
G1 F2700 X116.687 Y109.687 E201.5849
G0 F9000 X116.301 Y109.818
G0 X116.631 Y110.784
G0 X117.016 Y110.653
G1 F2700 X119.721 Y113.357 E201.77524
G0 F9000 X120.106 Y113.224
G0 X120.446 Y114.201
G0 X120.061 Y114.334
G1 F2700 X117.347 Y111.619 E201.96628
G0 F9000 X116.961 Y111.75
G0 X117.29 Y112.716
G0 X117.676 Y112.585
G1 F2700 X120.401 Y115.31 E202.15807
G0 F9000 X120.786 Y115.177
G0 X121.126 Y116.153
G0 X120.741 Y116.286
G1 F2700 X118.006 Y113.552 E202.35052
G0 F9000 X117.62 Y113.683
G0 X117.95 Y114.649
G0 X118.336 Y114.518
G1 F2700 X121.08 Y117.262 E202.54364
G0 F9000 X121.465 Y117.129
G0 X121.805 Y118.105
G0 X121.42 Y118.238
G1 F2700 X118.666 Y115.484 E202.73746
G0 F9000 X118.28 Y115.615
G0 X118.609 Y116.581
G0 X118.996 Y116.45
G1 F2700 X121.76 Y119.214 E202.93199
G0 F9000 X122.145 Y119.081
G0 X122.485 Y120.058
G0 X122.1 Y120.191
G1 F2700 X119.326 Y117.417 E203.12722
G0 F9000 X118.939 Y117.548
G0 X119.269 Y118.514
G0 X119.655 Y118.383
G1 F2700 X122.439 Y121.166 E203.32312
G0 F9000 X122.824 Y121.033
G0 X123.164 Y122.01
G0 X122.779 Y122.143
G1 F2700 X119.986 Y119.349 E203.51972
G0 F9000 X119.599 Y119.48
G0 X119.928 Y120.446
G0 X120.315 Y120.315
G1 F2700 X123.119 Y123.119 E203.71707
G0 F9000 X123.504 Y122.986
G0 X123.842 Y123.957
G0 X123.459 Y124.095
G1 F2700 X120.645 Y121.282 E203.91508
G0 F9000 X120.258 Y121.413
G0 X120.583 Y122.362
G0 X120.975 Y122.248
G1 F2700 X123.826 Y125.099 E204.11573
G0 F9000 X124.206 Y124.952
G0 X124.629 Y125.999
G0 X124.257 Y126.166
G1 F2700 X121.305 Y123.214 E204.32349
G0 F9000 X121.516 Y124.061
G1 F2700 X125.169 Y127.715 E204.58062
G0 F9000 X125.509 Y128.054
G1 F2700 X126.651 Y129.196 E204.66099
G0 F9000 X126.736 Y128.645
G1 F2700 X127.287 Y129.196 E204.69977
G0 F9000 X127.418 Y128.691
G1 F2700 X127.924 Y129.196 E204.73535
G0 F9000 X128.057 Y128.694
G1 F2700 X128.56 Y129.196 E204.77071
G0 F9000 X128.764 Y128.764
G1 F2700 X128.696 Y128.696 E204.7755
G0 F9000 X128.697 Y128.29
G0 X129.099 Y128.362
G0 X129.099 Y129.533
G0 X126.014 Y129.605
G0 X126.014 Y129.196
G1 F2700 X121.679 Y124.861 E205.08059
G0 F9000 X121.735 Y125.553
G1 F2700 X125.378 Y129.196 E205.33698
G0 F9000 X124.742 Y129.196
G1 F2700 X121.677 Y126.132 E205.55266
G0 F9000 X121.541 Y126.632
G1 F2700 X124.105 Y129.196 E205.73311
G0 F9000 X123.469 Y129.196
G1 F2700 X121.342 Y127.069 E205.88281
G0 F9000 X121.082 Y127.446
G1 F2700 X122.832 Y129.196 E206.00597
G0 F9000 X122.196 Y129.196
G1 F2700 X120.776 Y127.777 E206.10587
G0 F9000 X120.415 Y128.052
G1 F2700 X121.56 Y129.196 E206.18642
G0 F9000 X120.923 Y129.196
G1 F2700 X120.017 Y128.291 E206.25015
G0 F9000 X119.566 Y128.476
G1 F2700 X120.287 Y129.196 E206.30086
G0 F9000 X119.65 Y129.196
G1 F2700 X119.069 Y128.614 E206.34178
G0 F9000 X118.501 Y128.683
G1 F2700 X119.014 Y129.196 E206.37789
G0 F9000 X118.378 Y129.196
G1 F2700 X117.878 Y128.697 E206.41304
G0 F9000 X117.741 Y129.196
G1 F2700 X117.242 Y128.697 E206.44816
G0 F9000 X117.105 Y129.196
G1 F2700 X116.606 Y128.697 E206.48328
G1 F2400 E204.48328
G0 F9000 X116.606 Y128.291
G0 X116.065 Y128.369
G0 X116.054 Y129.602
G0 X129.168 Y129.602
G0 X129.168 Y128.293
G0 X127.014 Y128.3
G0 X126.574 Y128.216
G0 X125.932 Y127.898
G0 X125.176 Y127.131
G0 X124.357 Y125.38
G0 X112.156 Y90.402
G0 X107.636 Y90.402
G0 X95.412 Y125.496
G0 X94.953 Y126.316
G0 X94.181 Y127.203
G0 X93.663 Y127.595
G0 X93.139 Y127.872
G0 X91.96 Y128.244
G0 X90.832 Y128.292
G0 X90.832 Y129.602
G0 X107.559 Y129.605
G1 F1200 E206.48328
G0 F9000 X107.559 Y129.196
G1 F2700 X107.056 Y128.694 E206.51864
G0 F9000 X106.923 Y129.196
G1 F2700 X106.418 Y128.692 E206.55415
G0 F9000 X106.286 Y129.196
G1 F2700 X105.758 Y128.668 E206.59131
G0 F9000 X105.65 Y129.196
G1 F2700 X104.943 Y128.49 E206.64103
G0 F9000 X105.013 Y129.196
G1 F2700 X97.256 Y121.439 E207.18696
G0 F9000 X97.092 Y121.911
G1 F2700 X104.377 Y129.196 E207.69968
G0 F9000 X103.741 Y129.196
G1 F2700 X96.927 Y122.383 E208.1792
G0 F9000 X96.763 Y122.855
G1 F2700 X103.104 Y129.196 E208.62548
G0 F9000 X102.468 Y129.196
G1 F2700 X96.598 Y123.327 E209.03857
G0 F9000 X96.434 Y123.799
G1 F2700 X101.831 Y129.196 E209.4184
G0 F9000 X101.194 Y129.196
G1 F2700 X96.27 Y124.271 E209.76498
G0 F9000 X96.105 Y124.743
G1 F2700 X100.558 Y129.196 E210.07838
G0 F9000 X99.921 Y129.196
G1 F2700 X95.941 Y125.215 E210.35852
G0 F9000 X95.762 Y125.672
G1 F2700 X99.285 Y129.196 E210.6065
G0 F9000 X98.649 Y129.196
G1 F2700 X95.558 Y126.105 E210.82405
G0 F9000 X95.308 Y126.492
G1 F2700 X98.012 Y129.196 E211.01435
G0 F9000 X97.376 Y129.196
G1 F2700 X95.03 Y126.85 E211.17946
G0 F9000 X94.733 Y127.189
G1 F2700 X96.739 Y129.196 E211.32068
G0 F9000 X96.102 Y129.195
G1 F2700 X94.422 Y127.514 E211.43895
G0 F9000 X94.059 Y127.788
G1 F2700 X95.466 Y129.195 E211.53797
G0 F9000 X94.83 Y129.195
G1 F2700 X93.666 Y128.032 E211.61986
G0 F9000 X93.249 Y128.251
G1 F2700 X94.193 Y129.195 E211.68629
G0 F9000 X93.557 Y129.195
G1 F2700 X92.78 Y128.418 E211.74098
G0 F9000 X92.282 Y128.556
G1 F2700 X92.92 Y129.195 E211.78592
G0 F9000 X92.284 Y129.195
G1 F2700 X91.752 Y128.663 E211.82336
G0 F9000 X91.235 Y128.783
G1 F2700 X91.648 Y129.195 E211.85239
G0 F9000 X91.648 Y129.605
G0 X90.902 Y129.532
G0 X90.901 Y128.361
G0 X92.548 Y128.138
G0 X93.663 Y127.595
G0 X94.181 Y127.203
G0 X94.953 Y126.316
G0 X95.366 Y125.578
G0 X97.038 Y120.834
G0 X97.42 Y120.966
G1 F2700 X102.865 Y126.412 E212.23564
G0 F9000 X102.761 Y125.671
G1 F2700 X97.584 Y120.495 E212.59995
G0 F9000 X97.749 Y120.022
G1 F2700 X102.78 Y125.053 E212.95403
G0 F9000 X102.852 Y124.49
G1 F2700 X97.913 Y119.551 E213.30163
G0 F9000 X98.077 Y119.078
G1 F2700 X102.957 Y123.958 E213.64508
G0 F9000 X103.081 Y123.445
G1 F2700 X98.241 Y118.606 E213.98568
G0 F9000 X98.406 Y118.134
G1 F2700 X103.223 Y122.951 E214.3247
G0 F9000 X103.379 Y122.471
G1 F2700 X98.57 Y117.662 E214.66315
G0 F9000 X98.735 Y117.19
G1 F2700 X103.538 Y121.994 E215.00122
G0 F9000 X103.697 Y121.516
G1 F2700 X98.899 Y116.718 E215.33889
G0 F9000 X99.063 Y116.246
G1 F2700 X103.855 Y121.038 E215.67615
G0 F9000 X104.013 Y120.56
G1 F2700 X99.228 Y115.774 E216.01295
G0 F9000 X99.392 Y115.302
G1 F2700 X104.172 Y120.082 E216.34936
G0 F9000 X104.331 Y119.604
G1 F2700 X99.557 Y114.83 E216.68535
G0 F9000 X99.721 Y114.358
G1 F2700 X104.489 Y119.126 E217.02092
G0 F9000 X104.648 Y118.648
G1 F2700 X99.885 Y113.885 E217.35613
G0 F9000 X100.049 Y113.414
G1 F2700 X104.806 Y118.17 E217.69089
G0 F9000 X104.965 Y117.693
G1 F2700 X100.214 Y112.941 E218.0253
G0 F9000 X100.378 Y112.47
G1 F2700 X105.124 Y117.215 E218.35928
G0 F9000 X105.282 Y116.737
G1 F2700 X100.542 Y111.997 E218.69288
G0 F9000 X100.706 Y111.525
G1 F2700 X105.44 Y116.259 E219.02605
G0 F9000 X105.599 Y115.781
G1 F2700 X100.871 Y111.053 E219.3588
G0 F9000 X101.035 Y110.581
G1 F2700 X105.758 Y115.304 E219.6912
G0 F9000 X105.916 Y114.826
G1 F2700 X101.2 Y110.109 E220.02315
G0 F9000 X101.364 Y109.637
G1 F2700 X106.075 Y114.348 E220.3547
G0 F9000 X106.233 Y113.87
G1 F2700 X101.528 Y109.165 E220.68583
G0 F9000 X101.693 Y108.693
G1 F2700 X106.392 Y113.393 E221.01658
G0 F9000 X106.551 Y112.915
G1 F2700 X101.857 Y108.221 E221.34694
G0 F9000 X102.022 Y107.749
G1 F2700 X106.709 Y112.437 E221.67684
G0 F9000 X106.867 Y111.959
G1 F2700 X102.186 Y107.277 E222.00632
G0 F9000 X102.35 Y106.804
G1 F2700 X107.026 Y111.481 E222.33545
G0 F9000 X107.185 Y111.003
G1 F2700 X102.514 Y106.333 E222.66415
G0 F9000 X102.678 Y105.86
G1 F2700 X107.343 Y110.525 E222.99247
G0 F9000 X107.502 Y110.047
G1 F2700 X102.843 Y105.388 E223.32037
G0 F9000 X103.007 Y104.916
G1 F2700 X107.66 Y109.569 E223.64784
G0 F9000 X107.819 Y109.092
G1 F2700 X103.171 Y104.444 E223.97496
G0 F9000 X103.336 Y103.972
G1 F2700 X107.978 Y108.614 E224.30166
G0 F9000 X108.136 Y108.136
G1 F2700 X103.5 Y103.5 E224.62794
G0 F9000 X103.664 Y103.028
G1 F2700 X108.294 Y107.658 E224.95379
G0 F9000 X108.453 Y107.181
G1 F2700 X103.829 Y102.556 E225.27926
G0 F9000 X103.993 Y102.084
G1 F2700 X108.612 Y106.703 E225.60434
G0 F9000 X108.77 Y106.225
G1 F2700 X104.158 Y101.612 E225.92897
G0 F9000 X104.322 Y101.14
G1 F2700 X108.929 Y105.747 E226.2532
G0 F9000 X109.087 Y105.269
G1 F2700 X104.486 Y100.667 E226.57705
G0 F9000 X104.651 Y100.196
G1 F2700 X109.24 Y104.785 E226.90002
G0 F9000 X109.385 Y104.294
G1 F2700 X104.815 Y99.723 E227.22169
G0 F9000 X104.979 Y99.252
G1 F2700 X109.53 Y103.803 E227.54198
G0 F9000 X109.67 Y103.306
G1 F2700 X105.143 Y98.779 E227.86059
G0 F9000 X105.307 Y98.307
G1 F2700 X109.805 Y102.804 E228.17712
G0 F9000 X109.929 Y102.292
G1 F2700 X105.472 Y97.836 E228.49076
G0 F9000 X105.636 Y97.363
G1 F2700 X110.051 Y101.778 E228.80148
G0 F9000 X110.164 Y101.254
G1 F2700 X105.801 Y96.892 E229.10851
G0 F9000 X105.965 Y96.419
G1 F2700 X110.278 Y100.732 E229.41206
G0 F9000 X110.392 Y100.209
G1 F2700 X106.129 Y95.947 E229.71205
G0 F9000 X106.294 Y95.475
G1 F2700 X110.496 Y99.677 E230.00778
G0 F9000 X110.583 Y99.128
G1 F2700 X106.458 Y95.003 E230.29809
G0 F9000 X106.623 Y94.531
G1 F2700 X110.659 Y98.567 E230.58214
G0 F9000 X110.776 Y98.048
G1 F2700 X106.787 Y94.059 E230.86289
G0 F9000 X106.951 Y93.586
G1 F2700 X111.028 Y97.664 E231.14986
G0 F9000 X111.394 Y97.394
G1 F2700 X107.116 Y93.115 E231.45097
G0 F9000 X107.28 Y92.643
G1 F2700 X111.906 Y97.268 E231.77651
;MESH:NONMESH
G0 F600 X111.906 Y97.268 Z1.12
G0 F9000 X111.885 Y97.674
G0 X112.687 Y98.107
G0 X112.515 Y98.106
;TIME_ELAPSED:232.731362
;LAYER:3
M106 S255
;TYPE:WALL-INNER
;MESH:felipe_mvm_v.stl
G1 F3900 X112.612 Y98.292 E231.78811
G1 X112.904 Y99.552 E231.85963
G1 X113.235 Y100.726 E231.92708
G1 X113.392 Y101.339 E231.96207
G1 X114.511 Y105.038 E232.17576
G1 X120.434 Y122.397 E233.18996
G1 X120.571 Y122.763 E233.21157
G1 X120.745 Y123.281 E233.24178
G1 X120.824 Y123.554 E233.2575
G1 X120.923 Y123.955 E233.28034
G1 X121.139 Y124.991 E233.33885
G1 X121.19 Y125.408 E233.36208
G1 X121.165 Y125.823 E233.38507
G1 X121.097 Y126.212 E233.40691
G1 X120.975 Y126.574 E233.42803
G1 X120.801 Y126.904 E233.44866
G1 X120.577 Y127.196 E233.46901
G1 X120.313 Y127.447 E233.48915
G1 X120.039 Y127.641 E233.50772
G1 X119.659 Y127.852 E233.53175
G1 X119.289 Y127.984 E233.55347
G1 X118.942 Y128.073 E233.57328
G1 X118.536 Y128.127 E233.59593
G1 X118.221 Y128.141 E233.61336
G1 X115.901 Y128.141 E233.74165
G1 X115.901 Y129.755 E233.83089
G1 X129.321 Y129.755 E234.57295
G1 X129.321 Y128.141 E234.6622
G1 X127.011 Y128.136 E234.78993
G1 X126.48 Y128.009 E234.82012
G1 X125.942 Y127.712 E234.8541
G1 X125.562 Y127.324 E234.88413
G1 X125.316 Y127.019 E234.9058
G1 X125.021 Y126.506 E234.93852
G1 X124.734 Y125.868 E234.9772
G1 X124.496 Y125.287 E235.01192
G1 X124.265 Y124.687 E235.04747
G1 X123.976 Y123.888 E235.09445
G1 X112.267 Y90.245 E237.06419
G1 X107.526 Y90.245 E237.32634
G1 X95.371 Y125.159 E239.37056
G1 X95.271 Y125.412 E239.38561
G1 X95.07 Y125.841 E239.4118
G1 X94.802 Y126.245 E239.43861
G1 X94.523 Y126.598 E239.46349
G1 X94.176 Y126.97 E239.49162
G1 X93.66 Y127.413 E239.52922
G1 X93.022 Y127.739 E239.56884
G1 X92.582 Y127.901 E239.59477
G1 X92.245 Y127.999 E239.61417
G1 X91.839 Y128.093 E239.63722
G1 X91.45 Y128.137 E239.65886
G1 X90.679 Y128.14 E239.7015
G1 X90.68 Y129.754 E239.79074
G1 X108.184 Y129.755 E240.75863
G1 X108.184 Y128.141 E240.84787
G1 X105.972 Y128.138 E240.97018
G1 X105.592 Y128.08 E240.99144
G1 X104.994 Y127.934 E241.02548
G1 X104.548 Y127.727 E241.05267
G1 X104.207 Y127.49 E241.07563
G1 X103.9 Y127.22 E241.09823
G1 X103.609 Y126.844 E241.12452
G1 X103.485 Y126.591 E241.1401
G1 X103.364 Y126.122 E241.16689
G1 X103.318 Y125.695 E241.19063
G1 X103.32 Y125.252 E241.21513
G1 X103.357 Y124.857 E241.23707
G1 X103.433 Y124.398 E241.26279
G1 X103.554 Y123.845 E241.29409
G1 X103.671 Y123.401 E241.31948
G1 X103.79 Y123.005 E241.34235
G1 X109.707 Y105.174 E242.38118
G1 X110.16 Y103.643 E242.46947
G1 X110.451 Y102.531 E242.53302
G1 X111.001 Y100.034 E242.67441
G1 X111.1 Y99.458 E242.70672
G1 X111.24 Y98.412 E242.76508
G1 X111.327 Y98.171 E242.77924
G1 X111.502 Y97.972 E242.7939
G1 X111.715 Y97.859 E242.80723
G1 X112.077 Y97.833 E242.8273
G1 X112.306 Y97.919 E242.84082
G1 X112.515 Y98.106 E242.85633
G0 F9000 X112.065 Y98.329
;TYPE:WALL-OUTER
G1 F3000 X112.163 Y98.448 E242.864
G1 X112.444 Y99.671 E242.92645
G1 X112.775 Y100.844 E242.98711
G1 X112.934 Y101.467 E243.0191
G1 X114.062 Y105.192 E243.21279
G1 X120.003 Y122.602 E244.12827
G1 X120.121 Y122.915 E244.14491
G1 X120.289 Y123.414 E244.17112
G1 X120.363 Y123.669 E244.18433
G1 X120.458 Y124.052 E244.20397
G1 X120.671 Y125.073 E244.25587
G1 X120.712 Y125.402 E244.27237
G1 X120.692 Y125.782 E244.29131
G1 X120.636 Y126.096 E244.30718
G1 X120.535 Y126.39 E244.32265
G1 X120.388 Y126.66 E244.33795
G1 X120.209 Y126.89 E244.35246
G1 X120.022 Y127.069 E244.36534
G1 X119.741 Y127.268 E244.38247
G1 X119.448 Y127.423 E244.39897
G1 X119.188 Y127.518 E244.41275
G1 X118.853 Y127.605 E244.42997
G1 X118.537 Y127.65 E244.44585
G1 X118.2 Y127.666 E244.46264
G1 X115.426 Y127.666 E244.60069
G1 X115.426 Y130.23 E244.72829
G1 X129.796 Y130.23 E245.44342
G1 X129.796 Y127.666 E245.57102
G1 X127.068 Y127.661 E245.70678
G1 X126.652 Y127.561 E245.72807
G1 X126.234 Y127.331 E245.75182
G1 X125.932 Y127.026 E245.77318
G1 X125.72 Y126.763 E245.78999
G1 X125.442 Y126.285 E245.81751
G1 X125.173 Y125.687 E245.85014
G1 X124.939 Y125.116 E245.88085
G1 X124.707 Y124.512 E245.91305
G1 X124.425 Y123.731 E245.95437
G1 X112.605 Y89.77 E247.7439
G1 X107.188 Y89.77 E248.01348
G1 X94.929 Y124.984 E249.86907
G1 X94.823 Y125.251 E249.88337
G1 X94.645 Y125.623 E249.90389
G1 X94.441 Y125.934 E249.9224
G1 X94.137 Y126.318 E249.94678
G1 X93.812 Y126.661 E249.97029
G1 X93.373 Y127.026 E249.9987
G1 X92.882 Y127.282 E250.02626
G1 X92.449 Y127.445 E250.04928
G1 X92.1 Y127.546 E250.06736
G1 X91.744 Y127.627 E250.08553
G1 X91.427 Y127.662 E250.10141
G1 X90.204 Y127.666 E250.16227
G1 X90.205 Y130.229 E250.28982
G1 X108.659 Y130.23 E251.20819
G1 X108.659 Y127.666 E251.33579
G1 X105.999 Y127.661 E251.46817
G1 X105.643 Y127.606 E251.48609
G1 X105.132 Y127.474 E251.51236
G1 X104.804 Y127.322 E251.53035
G1 X104.455 Y127.081 E251.55145
G1 X104.263 Y126.907 E251.56435
G1 X103.956 Y126.516 E251.58909
G1 X103.831 Y126.024 E251.61435
G1 X103.794 Y125.704 E251.63038
G1 X103.793 Y125.297 E251.65064
G1 X103.833 Y124.885 E251.67124
G1 X103.904 Y124.467 E251.69234
G1 X104.014 Y123.966 E251.71786
G1 X104.126 Y123.538 E251.73988
G1 X104.241 Y123.155 E251.75978
G1 X110.161 Y105.316 E252.69515
G1 X110.607 Y103.81 E252.77332
G1 X110.762 Y103.24 E252.80272
G1 X110.913 Y102.641 E252.83346
G1 X111.468 Y100.125 E252.96168
G1 X111.57 Y99.529 E252.99177
G1 X111.717 Y98.427 E253.0471
G1 X111.862 Y98.311 E253.05634
G1 X112.065 Y98.329 E253.06648
G0 F9000 X112.163 Y98.448
G0 X112.173 Y98.492
G0 X112.467 Y97.732
;TYPE:FILL
G1 F3600 X113.398 Y94.257 E253.29326
G0 F9000 X112.744 Y92.379
G1 F3600 X106.461 Y94.062 E253.70328
G0 F9000 X106.67 Y93.46
G1 F3600 X111.178 Y97.968 E254.10515
G0 F9000 X111.067 Y97.955
G0 X111.172 Y97.639
G0 X112.633 Y97.577
G0 X113.32 Y100.11
G1 F3600 X116.565 Y103.354 E254.39439
G0 F9000 X115.562 Y100.475
G1 F3600 X113.565 Y101.011 E254.52472
G0 F9000 X112.633 Y97.577
G0 X111.172 Y97.639
G0 X110.339 Y101.875
G1 F3600 X103.063 Y103.824 E254.99955
G0 F9000 X103.548 Y102.429
G1 F3600 X108.658 Y107.54 E255.45513
G0 F9000 X107.333 Y111.532
G1 F3600 X99.664 Y113.587 E255.95561
G0 F9000 X100.425 Y111.398
G1 F3600 X105.645 Y116.618 E256.42096
G0 F9000 X104.108 Y121.248
G1 F3600 X96.265 Y123.349 E256.93278
G0 F9000 X97.303 Y120.367
G1 F3600 X103.121 Y126.186 E257.45148
G0 F9000 X103.372 Y126.804
G0 X103.603 Y127.101
G0 X104.38 Y127.914
G1 F3600 X103.954 Y129.504 E257.55524
G0 F9000 X105.168 Y128.233
G1 F3600 X106.439 Y129.503 E257.66851
G1 X106.329 Y129.504
G1 X107.932 Y129.075 E257.77311
G1 F2400 E255.77311
G0 F9000 X104.935 Y128.087
G0 X104.467 Y127.866
G0 X103.78 Y127.33
G0 X103.372 Y126.804
G0 X103.154 Y125.725
G0 X103.197 Y124.811
G0 X103.629 Y122.965
G0 X111.172 Y97.639
G0 X112.633 Y97.577
G0 X121.079 Y123.906
G0 X121.354 Y125.396
G0 X121.255 Y126.26
G0 X120.94 Y126.991
G0 X120.414 Y127.575
G0 X119.743 Y127.991
G0 X119.133 Y128.185
G0 X117.417 Y128.39
G1 F1200 E257.77311
G1 F3600 X118.53 Y129.503 E257.87233
G0 F9000 X121.657 Y129.504
G1 F3600 X123.4 Y122.996 E258.29703
G0 F9000 X123.021 Y121.903
G1 F3600 X119.238 Y118.12 E258.63427
G0 F9000 X118.949 Y117.271
G1 F3600 X121.199 Y116.668 E258.78111
G0 F9000 X117.344 Y112.565
G1 F3600 X118.399 Y108.627 E259.0381
G1 X118.381 Y108.572
G1 X116.181 Y109.161 E259.18166
G0 F9000 X120.978 Y123.499
G0 X121.437 Y125.456
G1 F3600 X124.027 Y124.762 E259.35068
G1 F2400 E257.35068
G0 F9000 X112.633 Y97.577
G0 X111.172 Y97.639
G0 X98.376 Y117.285
G1 F1200 E259.35068
G1 F3600 X95.102 Y129.504 E260.1481
G0 F9000 X94.347 Y129.503
G1 F3600 X92.896 Y128.052 E260.27745
G0 F9000 X93.022 Y128.405
G1 F2400 E258.27745
;MESH:NONMESH
G0 F600 X93.022 Y128.405 Z1.4
G0 F9000 X94.628 Y126.728
G0 X95.211 Y125.922
G0 X111.172 Y97.639
G0 X112.633 Y97.577
G0 X112.8 Y98.05
G1 F1200 E260.27745
G0 F9000 X112.514 Y98.106
;TIME_ELAPSED:250.149324
;LAYER:4
;TYPE:WALL-INNER
;MESH:felipe_mvm_v.stl
G1 F3900 X112.612 Y98.291 E260.28902
G1 X112.903 Y99.55 E260.36047
G1 X113.234 Y100.722 E260.42782
G1 X113.396 Y101.355 E260.46395
G1 X114.511 Y105.038 E260.67672
G1 X120.436 Y122.401 E261.69117
G1 X120.572 Y122.769 E261.71287
G1 X120.777 Y123.376 E261.74829
G1 X120.923 Y123.955 E261.78131
G1 X121.139 Y124.989 E261.83972
G1 X121.191 Y125.403 E261.86279
G1 X121.157 Y125.886 E261.88956
G1 X121.096 Y126.213 E261.90796
G1 X120.968 Y126.586 E261.92976
G1 X120.801 Y126.903 E261.94958
G1 X120.577 Y127.196 E261.96997
G1 X120.313 Y127.447 E261.99011
G1 X120.039 Y127.641 E262.00868
G1 X119.659 Y127.852 E262.03271
G1 X119.289 Y127.984 E262.05443
G1 X118.942 Y128.073 E262.07424
G1 X118.535 Y128.127 E262.09694
G1 X118.224 Y128.14 E262.11415
G1 X115.901 Y128.141 E262.24261
G1 X115.901 Y129.755 E262.33185
G1 X129.321 Y129.755 E263.07391
G1 X129.321 Y128.141 E263.16316
G1 X127.027 Y128.136 E263.29
G1 X126.614 Y128.057 E263.31325
G1 X126.386 Y127.971 E263.32673
G1 X126.006 Y127.744 E263.3512
G1 X125.725 Y127.506 E263.37157
G1 X125.353 Y127.085 E263.40263
G1 X125.038 Y126.535 E263.43768
G1 X124.743 Y125.89 E263.4769
G1 X124.381 Y124.997 E263.53018
G1 X123.976 Y123.888 E263.59546
G1 X112.267 Y90.245 E265.5652
G1 X107.526 Y90.245 E265.82735
G1 X95.371 Y125.159 E267.87157
G1 X95.271 Y125.412 E267.88661
G1 X95.143 Y125.686 E267.90334
G1 X94.904 Y126.114 E267.93044
G1 X94.524 Y126.595 E267.96434
G1 X94.077 Y127.075 E268.0006
G1 X93.57 Y127.46 E268.03581
G1 X93.103 Y127.703 E268.06492
G1 X92.58 Y127.898 E268.09578
G1 X92.074 Y128.042 E268.12487
G1 X91.544 Y128.138 E268.15465
G1 X90.679 Y128.14 E268.20248
G1 X90.68 Y129.754 E268.29173
G1 X108.184 Y129.755 E269.25961
G1 X108.184 Y128.141 E269.34886
G1 X106.044 Y128.135 E269.46719
G1 X105.695 Y128.098 E269.4866
G1 X105.425 Y128.045 E269.50181
G1 X105.118 Y127.963 E269.51938
G1 X104.767 Y127.835 E269.54004
G1 X104.483 Y127.676 E269.55804
G1 X104.213 Y127.494 E269.57604
G1 X103.902 Y127.222 E269.59889
G1 X103.569 Y126.794 E269.62887
G1 X103.403 Y126.309 E269.65722
G1 X103.33 Y125.864 E269.68215
G1 X103.306 Y125.401 E269.70779
G1 X103.364 Y124.805 E269.7409
G1 X103.439 Y124.37 E269.76531
G1 X103.554 Y123.845 E269.79503
G1 X103.67 Y123.404 E269.82024
G1 X103.79 Y123.005 E269.84328
G1 X109.707 Y105.174 E270.88211
G1 X110.16 Y103.644 E270.97035
G1 X110.45 Y102.535 E271.03373
G1 X111 Y100.039 E271.17506
G1 X111.107 Y99.413 E271.21017
G1 X111.178 Y98.923 E271.23755
G1 X111.24 Y98.411 E271.26607
G1 X111.324 Y98.175 E271.27992
G1 X111.501 Y97.972 E271.29481
G1 X111.716 Y97.858 E271.30827
G1 X112.077 Y97.833 E271.32828
G1 X112.306 Y97.919 E271.34181
G1 X112.514 Y98.106 E271.35727
G0 F9000 X111.793 Y98.346
;TYPE:WALL-OUTER
G1 F3000 X111.991 Y98.3 E271.36739
G1 X112.065 Y98.328 E271.37132
G1 X112.163 Y98.447 E271.379
G1 X112.443 Y99.668 E271.44134
G1 X112.774 Y100.84 E271.50194
G1 X112.938 Y101.483 E271.53497
G1 X114.062 Y105.192 E271.72784
G1 X120.002 Y122.597 E272.64306
G1 X120.122 Y122.921 E272.66025
G1 X120.332 Y123.546 E272.69307
G1 X120.458 Y124.052 E272.71902
G1 X120.671 Y125.072 E272.77087
G1 X120.711 Y125.393 E272.78697
G1 X120.689 Y125.802 E272.80735
G1 X120.636 Y126.097 E272.82227
G1 X120.535 Y126.39 E272.83769
G1 X120.388 Y126.66 E272.85299
G1 X120.209 Y126.89 E272.8675
G1 X120.022 Y127.069 E272.88038
G1 X119.741 Y127.268 E272.89751
G1 X119.448 Y127.423 E272.91401
G1 X119.188 Y127.518 E272.92779
G1 X118.853 Y127.605 E272.94501
G1 X118.515 Y127.652 E272.96199
G1 X118.195 Y127.665 E272.97793
G1 X115.426 Y127.666 E273.11573
G1 X115.426 Y130.23 E273.24333
G1 X129.796 Y130.23 E273.95846
G1 X129.796 Y127.666 E274.08606
G1 X127.058 Y127.658 E274.22232
G1 X126.663 Y127.584 E274.24232
G1 X126.299 Y127.366 E274.26343
G1 X126.047 Y127.153 E274.27985
G1 X125.758 Y126.826 E274.30157
G1 X125.44 Y126.279 E274.33306
G1 X125.173 Y125.686 E274.36542
G1 X124.827 Y124.834 E274.41118
G1 X124.425 Y123.731 E274.46961
G1 X112.605 Y89.77 E276.25913
G1 X107.188 Y89.77 E276.52871
G1 X94.929 Y124.984 E278.38431
G1 X94.823 Y125.251 E278.39861
G1 X94.706 Y125.497 E278.41216
G1 X94.498 Y125.863 E278.43311
G1 X94.139 Y126.315 E278.46184
G1 X93.741 Y126.734 E278.4906
G1 X93.333 Y127.044 E278.5161
G1 X92.857 Y127.293 E278.54283
G1 X92.45 Y127.441 E278.56438
G1 X91.944 Y127.585 E278.59057
G1 X91.517 Y127.66 E278.61214
G1 X90.204 Y127.666 E278.67748
G1 X90.205 Y130.229 E278.80503
G1 X108.659 Y130.23 E279.7234
G1 X108.659 Y127.666 E279.851
G1 X106.09 Y127.662 E279.97885
G1 X105.786 Y127.631 E279.99406
G1 X105.5 Y127.575 E280.00856
G1 X105.243 Y127.505 E280.02182
G1 X104.951 Y127.393 E280.03738
G1 X104.697 Y127.25 E280.05189
G1 X104.457 Y127.083 E280.06644
G1 X104.237 Y126.879 E280.08137
G1 X103.993 Y126.565 E280.10116
G1 X103.864 Y126.182 E280.12127
G1 X103.808 Y125.868 E280.13714
G1 X103.784 Y125.397 E280.16061
G1 X103.833 Y124.885 E280.18621
G1 X103.904 Y124.471 E280.20711
G1 X104.014 Y123.966 E280.23283
G1 X104.125 Y123.541 E280.25469
G1 X104.241 Y123.155 E280.27475
G1 X110.161 Y105.316 E281.21013
G1 X110.607 Y103.81 E281.28829
G1 X110.761 Y103.244 E281.31748
G1 X110.912 Y102.645 E281.34822
G1 X111.467 Y100.13 E281.4764
G1 X111.577 Y99.482 E281.5091
G1 X111.649 Y98.986 E281.53405
G1 X111.709 Y98.487 E281.55906
G1 X111.793 Y98.346 E281.56723
G0 F9000 X111.988 Y98.301
G0 X112.285 Y97.646
;TYPE:FILL
G1 F3600 X113.282 Y93.925 E281.81006
G0 F9000 X112.809 Y92.566
G1 F3600 X106.383 Y94.288 E282.22942
G0 F9000 X106.742 Y93.252
G1 F3600 X111.309 Y97.819 E282.63655
G0 F9000 X111.088 Y97.793
G0 X112.633 Y97.579
G0 X113.21 Y99.72
G1 F3600 X116.415 Y102.925 E282.92227
G0 F9000 X115.628 Y100.663
G1 F3600 X113.614 Y101.202 E283.05369
G0 F9000 X112.633 Y97.579
G0 X111.176 Y97.636
G0 X110.29 Y102.093
G1 F3600 X102.984 Y104.051 E283.53049
G0 F9000 X103.62 Y102.221
G1 F3600 X108.728 Y107.329 E283.98585
G0 F9000 X107.257 Y111.757
G1 F3600 X99.585 Y113.813 E284.48653
G0 F9000 X100.498 Y111.191
G1 F3600 X105.715 Y116.408 E284.95161
G0 F9000 X104.033 Y121.473
G1 F3600 X96.187 Y123.575 E285.46363
G0 F9000 X97.375 Y120.16
G1 F3600 X103.08 Y125.865 E285.97221
G0 F9000 X103.423 Y126.873
G0 X104.207 Y127.791
G1 F3600 X103.749 Y129.503 E286.08393
G0 F9000 X105.536 Y128.32
G1 F3600 X106.719 Y129.503 E286.18939
G0 F9000 X107.094 Y129.504
G1 F3600 X107.932 Y129.28 E286.24407
G1 F2400 E284.24407
G0 F9000 X104.697 Y127.982
G0 X104.07 Y127.593
G0 X103.781 Y127.331
G0 X103.423 Y126.873
G0 X103.17 Y125.929
G0 X103.143 Y125.4
G0 X103.277 Y124.34
G0 X103.629 Y122.964
G0 X111.176 Y97.636
G0 X112.633 Y97.579
G0 X121.079 Y123.906
G0 X121.354 Y125.395
G0 X121.255 Y126.26
G0 X120.94 Y126.991
G0 X120.414 Y127.575
G0 X119.743 Y127.991
G0 X119.133 Y128.185
G0 X117.697 Y128.39
G1 F1200 E286.24407
G1 F3600 X118.81 Y129.503 E286.34329
G0 F9000 X121.452 Y129.504
G1 F3600 X123.285 Y122.663 E286.78973
G0 F9000 X122.871 Y121.473
G1 F3600 X119.095 Y117.696 E287.12639
G1 X119.013 Y117.459
G1 X121.264 Y116.856 E287.27329
G0 F9000 X117.229 Y112.228
G1 F3600 X118.283 Y108.294 E287.53002
G0 F9000 X118.446 Y108.759
G1 F3600 X116.246 Y109.349 E287.6736
G0 F9000 X120.943 Y123.359
G0 X121.422 Y125.665
G1 F3600 X124.097 Y124.948 E287.84818
G1 F2400 E285.84818
G0 F9000 X112.633 Y97.579
G0 X111.176 Y97.636
G0 X97.486 Y119.84
G1 F1200 E287.84818
G1 F3600 X94.897 Y129.504 E288.47884
G1 X94.627 Y129.503
G1 X93.099 Y127.975 E288.61506
G0 F9000 X93.227 Y128.33
G1 F2400 E286.61506
;MESH:NONMESH
G0 F600 X93.227 Y128.33 Z1.68
G0 F9000 X95.04 Y126.206
G0 X111.055 Y98.069
G1 F1200 E288.61506
G0 F9000 X111.348 Y98.104
;TIME_ELAPSED:267.470613
;LAYER:5
;TYPE:WALL-INNER
;MESH:felipe_mvm_v.stl
G1 F3900 X111.606 Y97.901 E288.63321
G1 X111.951 Y97.82 E288.6528
G1 X112.147 Y97.848 E288.66375
G1 X112.356 Y97.949 E288.67659
G1 X112.536 Y98.133 E288.69082
G1 X112.613 Y98.29 E288.70049
G1 X112.908 Y99.572 E288.77323
G1 X113.231 Y100.717 E288.83901
G1 X113.398 Y101.369 E288.87623
G1 X114.511 Y105.039 E289.08829
G1 X120.437 Y122.406 E290.10296
G1 X120.57 Y122.771 E290.12444
G1 X120.791 Y123.433 E290.16304
G1 X120.884 Y123.786 E290.18322
G1 X121.197 Y125.287 E290.268
G1 X121.167 Y125.805 E290.29669
G1 X121.098 Y126.208 E290.3193
G1 X120.968 Y126.585 E290.34135
G1 X120.801 Y126.903 E290.36121
G1 X120.577 Y127.196 E290.38161
G1 X120.313 Y127.447 E290.40175
G1 X120.039 Y127.641 E290.42032
G1 X119.659 Y127.852 E290.44435
G1 X119.289 Y127.984 E290.46607
G1 X118.942 Y128.073 E290.48588
G1 X118.535 Y128.127 E290.50858
G1 X118.228 Y128.14 E290.52557
G1 X115.901 Y128.141 E290.65424
G1 X115.901 Y129.755 E290.74349
G1 X129.321 Y129.755 E291.48555
G1 X129.321 Y128.141 E291.57479
G1 X126.922 Y128.136 E291.70745
G1 X126.402 Y127.982 E291.73744
G1 X126.006 Y127.744 E291.76298
G1 X125.717 Y127.498 E291.78397
G1 X125.351 Y127.081 E291.81465
G1 X125.064 Y126.576 E291.84677
G1 X124.84 Y126.107 E291.87551
G1 X124.733 Y125.865 E291.89014
G1 X124.385 Y125.007 E291.94133
G1 X124.117 Y124.284 E291.98397
G1 X112.267 Y90.246 E293.9769
G1 X107.526 Y90.246 E294.23905
G1 X95.388 Y125.112 E296.28045
G1 X95.253 Y125.453 E296.30073
G1 X95.143 Y125.686 E296.31498
G1 X94.905 Y126.113 E296.34201
G1 X94.487 Y126.639 E296.37916
G1 X94.076 Y127.076 E296.41233
G1 X93.575 Y127.457 E296.44714
G1 X93.137 Y127.686 E296.47447
G1 X92.743 Y127.849 E296.49804
G1 X91.914 Y128.084 E296.54569
G1 X91.454 Y128.136 E296.57129
G1 X90.679 Y128.139 E296.61414
G1 X90.679 Y129.755 E296.7035
G1 X108.184 Y129.755 E297.67144
G1 X108.184 Y128.141 E297.76068
G1 X105.974 Y128.138 E297.88289
G1 X105.53 Y128.068 E297.90774
G1 X104.908 Y127.912 E297.9432
G1 X104.484 Y127.676 E297.97003
G1 X104.17 Y127.465 E297.99095
G1 X103.834 Y127.157 E298.01615
G1 X103.567 Y126.757 E298.04275
G1 X103.471 Y126.543 E298.05571
G1 X103.364 Y126.127 E298.07947
G1 X103.318 Y125.695 E298.10349
G1 X103.32 Y125.252 E298.12798
G1 X103.357 Y124.857 E298.14992
G1 X103.438 Y124.372 E298.17711
G1 X103.554 Y123.844 E298.207
G1 X103.669 Y123.407 E298.23199
G1 X103.79 Y123.005 E298.2552
G1 X109.707 Y105.174 E299.29404
G1 X110.149 Y103.682 E299.38008
G1 X110.376 Y102.833 E299.42867
G1 X110.534 Y102.176 E299.46604
G1 X110.999 Y100.043 E299.58675
G1 X111.101 Y99.454 E299.61981
G1 X111.177 Y98.927 E299.64925
G1 X111.24 Y98.408 E299.67816
G1 X111.348 Y98.104 E299.696
G0 F9000 X112.081 Y98.337
;TYPE:WALL-OUTER
G1 F3000 X112.164 Y98.446 E299.70281
G1 X112.225 Y98.745 E299.718
G1 X112.45 Y99.701 E299.76688
G1 X112.771 Y100.836 E299.82558
G1 X112.94 Y101.497 E299.85953
G1 X114.062 Y105.193 E300.05175
G1 X120.001 Y122.596 E300.96686
G1 X120.12 Y122.922 E300.98413
G1 X120.331 Y123.554 E301.01729
G1 X120.427 Y123.919 E301.03607
G1 X120.719 Y125.33 E301.10778
G1 X120.689 Y125.802 E301.13132
G1 X120.636 Y126.095 E301.14614
G1 X120.535 Y126.39 E301.16165
G1 X120.388 Y126.66 E301.17695
G1 X120.209 Y126.89 E301.19146
G1 X120.022 Y127.069 E301.20434
G1 X119.741 Y127.268 E301.22147
G1 X119.448 Y127.423 E301.23797
G1 X119.188 Y127.518 E301.25175
G1 X118.853 Y127.605 E301.26897
G1 X118.537 Y127.65 E301.28485
G1 X118.199 Y127.665 E301.30169
G1 X115.426 Y127.666 E301.43969
G1 X115.426 Y130.23 E301.56729
G1 X129.796 Y130.23 E302.28242
G1 X129.796 Y127.666 E302.41002
G1 X126.993 Y127.661 E302.54951
G1 X126.596 Y127.544 E302.57011
G1 X126.268 Y127.344 E302.58923
G1 X126.063 Y127.169 E302.60264
G1 X125.73 Y126.787 E302.62786
G1 X125.499 Y126.385 E302.65093
G1 X125.294 Y125.959 E302.67446
G1 X125.173 Y125.686 E302.68932
G1 X124.83 Y124.842 E302.73466
G1 X124.566 Y124.127 E302.77259
G1 X112.605 Y89.771 E304.58299
G1 X107.188 Y89.771 E304.85257
G1 X94.936 Y124.964 E306.70706
G1 X94.823 Y125.251 E306.72241
G1 X94.706 Y125.498 E306.73601
G1 X94.518 Y125.833 E306.75513
G1 X94.141 Y126.313 E306.7855
G1 X93.741 Y126.734 E306.8144
G1 X93.333 Y127.044 E306.83991
G1 X92.956 Y127.247 E306.86121
G1 X92.561 Y127.41 E306.88248
G1 X91.855 Y127.611 E306.91901
G1 X91.423 Y127.661 E306.94065
G1 X90.204 Y127.666 E307.00132
G1 X90.204 Y130.23 E307.12892
G1 X108.659 Y130.23 E308.04734
G1 X108.659 Y127.666 E308.17494
G1 X106 Y127.661 E308.30726
G1 X105.646 Y127.607 E308.32508
G1 X105.083 Y127.466 E308.35397
G1 X104.697 Y127.25 E308.37598
G1 X104.481 Y127.102 E308.38901
G1 X104.197 Y126.845 E308.40807
G1 X103.942 Y126.463 E308.43093
G1 X103.831 Y126.024 E308.45346
G1 X103.794 Y125.704 E308.46949
G1 X103.793 Y125.297 E308.48975
G1 X103.833 Y124.885 E308.51035
G1 X103.903 Y124.474 E308.5311
G1 X104.014 Y123.965 E308.55702
G1 X104.124 Y123.544 E308.57868
G1 X104.241 Y123.155 E308.59889
G1 X110.161 Y105.316 E309.53427
G1 X110.607 Y103.811 E309.61238
G1 X110.847 Y102.906 E309.65898
G1 X110.998 Y102.277 E309.69117
G1 X111.466 Y100.134 E309.80033
G1 X111.57 Y99.528 E309.83093
G1 X111.648 Y98.99 E309.85798
G1 X111.715 Y98.432 E309.88595
G1 X111.872 Y98.303 E309.89606
G1 X112.081 Y98.337 E309.9066
G0 F9000 X112.164 Y98.446
G0 X112.176 Y98.507
G0 X112.095 Y97.59
;TYPE:FILL
G1 F3600 X113.166 Y93.592 E310.16751
G0 F9000 X112.874 Y92.754
G1 F3600 X106.304 Y94.514 E310.59626
G0 F9000 X106.814 Y93.044
G1 F3600 X111.466 Y97.695 E311.01092
G0 F9000 X111.462 Y97.555
G0 X112.634 Y97.579
G0 X113.107 Y99.337
G1 F3600 X116.266 Y102.496 E311.29254
G0 F9000 X115.694 Y100.85
G1 F3600 X113.665 Y101.394 E311.42496
G0 F9000 X112.634 Y97.579
G0 X111.177 Y97.636
G0 X110.243 Y102.311
G1 F3600 X102.905 Y104.277 E311.90383
G0 F9000 X103.692 Y102.014
G1 F3600 X108.798 Y107.119 E312.35897
G0 F9000 X107.183 Y111.982
G1 F3600 X99.507 Y114.039 E312.85991
G0 F9000 X100.57 Y110.983
G1 F3600 X105.785 Y116.198 E313.32481
G0 F9000 X103.959 Y121.698
G1 F3600 X96.109 Y123.801 E313.83709
G0 F9000 X96.594 Y122.404
G1 F3600 X94.692 Y129.504 E314.30043
G1 X94.908 Y129.504
G1 X93.292 Y127.888 E314.44449
G0 F9000 X94.183 Y127.2
G0 X95.041 Y126.205
G0 X95.442 Y125.377
G0 X97.447 Y119.952
G1 F3600 X103.069 Y125.573 E314.94563
G0 F9000 X103.35 Y126.723
G0 X104.034 Y127.675
G1 F3600 X103.543 Y129.504 E315.06501
G0 F9000 X105.87 Y128.374
G1 F3600 X107 Y129.504 E315.16574
G1 F2400 E313.16574
G0 F9000 X104.07 Y127.592
G0 X103.71 Y127.266
G0 X103.35 Y126.723
G0 X103.154 Y125.725
G0 X103.197 Y124.811
G0 X103.629 Y122.964
G0 X111.177 Y97.636
G0 X112.634 Y97.579
G0 X121.047 Y123.766
G0 X121.361 Y125.283
G0 X121.255 Y126.26
G0 X120.94 Y126.991
G0 X120.414 Y127.575
G0 X119.743 Y127.991
G0 X119.133 Y128.185
G0 X117.977 Y128.39
G1 F1200 E315.16574
G1 F3600 X119.09 Y129.503 E315.26496
G0 F9000 X121.247 Y129.504
G1 F3600 X123.17 Y122.327 E315.73333
G0 F9000 X122.725 Y121.046
G1 F3600 X118.948 Y117.269 E316.07004
G0 F9000 X119.076 Y117.647
G1 F3600 X121.331 Y117.043 E316.2172
G0 F9000 X117.114 Y111.892
G1 F3600 X118.168 Y107.959 E316.47387
G0 F9000 X118.512 Y108.946
G1 F3600 X116.309 Y109.537 E316.61765
G0 F9000 X121.047 Y123.766
G0 X121.224 Y124.625
G0 X121.412 Y125.873
G1 F3600 X124.166 Y125.135 E316.79737
G0 F9000 X123.82 Y125.275
;MESH:NONMESH
G0 F600 X123.82 Y125.275 Z1.96
G0 F9000 X112.799 Y98.043
G0 X112.516 Y98.098
;TIME_ELAPSED:283.578698
;LAYER:6
;TYPE:WALL-INNER
;MESH:felipe_mvm_v.stl
G1 F3900 X112.613 Y98.284 E316.80897
G1 X112.791 Y99.089 E316.85456
G1 X112.909 Y99.573 E316.88211
G1 X113.23 Y100.712 E316.94754
G1 X113.407 Y101.395 E316.98655
G1 X114.512 Y105.039 E317.19711
G1 X120.446 Y122.429 E318.21313
G1 X120.727 Y123.225 E318.25981
G1 X120.83 Y123.573 E318.27987
G1 X120.923 Y123.954 E318.30156
G1 X121.152 Y125.039 E318.36288
G1 X121.185 Y125.501 E318.38849
G1 X121.164 Y125.833 E318.40688
G1 X121.098 Y126.219 E318.42854
G1 X120.968 Y126.585 E318.45001
G1 X120.801 Y126.903 E318.46987
G1 X120.577 Y127.196 E318.49027
G1 X120.313 Y127.447 E318.51041
G1 X120.039 Y127.641 E318.52898
G1 X119.659 Y127.852 E318.55301
G1 X119.289 Y127.984 E318.57473
G1 X118.942 Y128.073 E318.59454
G1 X118.536 Y128.127 E318.61719
G1 X118.234 Y128.14 E318.6339
G1 X115.901 Y128.141 E318.7629
G1 X115.901 Y129.755 E318.85215
G1 X129.321 Y129.755 E319.59421
G1 X129.321 Y128.141 E319.68346
G1 X127.001 Y128.136 E319.81174
G1 X126.481 Y128.009 E319.84134
G1 X126.013 Y127.75 E319.87092
G1 X125.717 Y127.498 E319.89241
G1 X125.351 Y127.081 E319.92309
G1 X125.064 Y126.576 E319.95521
G1 X124.852 Y126.135 E319.98227
G1 X124.506 Y125.312 E320.03163
G1 X124.265 Y124.687 E320.06867
G1 X123.976 Y123.888 E320.11565
G1 X112.267 Y90.245 E322.08539
G1 X107.526 Y90.245 E322.34754
G1 X95.371 Y125.159 E324.39176
G1 X95.271 Y125.412 E324.4068
G1 X95.143 Y125.686 E324.42353
G1 X94.904 Y126.116 E324.45073
G1 X94.476 Y126.652 E324.48866
G1 X94.074 Y127.078 E324.52105
G1 X93.575 Y127.456 E324.55566
G1 X93.137 Y127.686 E324.58302
G1 X92.729 Y127.851 E324.60735
G1 X92.159 Y128.026 E324.64032
G1 X91.549 Y128.137 E324.67461
G1 X90.679 Y128.14 E324.72271
G1 X90.679 Y129.755 E324.81201
G1 X108.184 Y129.755 E325.77995
G1 X108.184 Y128.141 E325.8692
G1 X106.207 Y128.141 E325.97852
G1 X105.821 Y128.122 E325.99989
G1 X105.429 Y128.046 E326.02197
G1 X104.984 Y127.929 E326.04741
G1 X104.543 Y127.725 E326.07428
G1 X104.134 Y127.432 E326.1021
G1 X103.831 Y127.156 E326.12476
G1 X103.566 Y126.756 E326.15129
G1 X103.471 Y126.543 E326.16419
G1 X103.364 Y126.127 E326.18794
G1 X103.318 Y125.695 E326.21196
G1 X103.32 Y125.252 E326.23646
G1 X103.357 Y124.857 E326.25839
G1 X103.435 Y124.387 E326.28474
G1 X103.554 Y123.845 E326.31542
G1 X103.668 Y123.41 E326.34029
G1 X103.79 Y123.005 E326.36368
G1 X109.707 Y105.174 E327.40251
G1 X110.15 Y103.68 E327.48867
G1 X110.299 Y103.135 E327.51992
G1 X110.536 Y102.167 E327.57502
G1 X110.998 Y100.048 E327.69494
G1 X111.113 Y99.381 E327.73237
G1 X111.177 Y98.932 E327.75745
G1 X111.24 Y98.404 E327.78685
G1 X111.324 Y98.169 E327.80065
G1 X111.5 Y97.965 E327.81555
G1 X111.717 Y97.85 E327.82913
G1 X112.081 Y97.827 E327.8493
G1 X112.309 Y97.912 E327.86275
G1 X112.516 Y98.098 E327.87814
G0 F9000 X111.793 Y98.339
;TYPE:WALL-OUTER
G1 F3000 X111.993 Y98.293 E327.88835
G1 X112.066 Y98.321 E327.89224
G1 X112.164 Y98.44 E327.89992
G1 X112.329 Y99.2 E327.93862
G1 X112.443 Y99.671 E327.96273
G1 X112.77 Y100.83 E328.02266
G1 X112.941 Y101.496 E328.05688
G1 X114.053 Y105.163 E328.24758
G1 X119.998 Y122.586 E329.16373
G1 X120.281 Y123.392 E329.20624
G1 X120.368 Y123.686 E329.2215
G1 X120.458 Y124.052 E329.24026
G1 X120.684 Y125.121 E329.29463
G1 X120.71 Y125.441 E329.31061
G1 X120.689 Y125.802 E329.3286
G1 X120.639 Y126.081 E329.34271
G1 X120.535 Y126.39 E329.35893
G1 X120.388 Y126.66 E329.37423
G1 X120.209 Y126.89 E329.38874
G1 X120.022 Y127.069 E329.40162
G1 X119.741 Y127.268 E329.41876
G1 X119.448 Y127.423 E329.43525
G1 X119.188 Y127.518 E329.44903
G1 X118.853 Y127.605 E329.46625
G1 X118.537 Y127.65 E329.48214
G1 X118.204 Y127.665 E329.49873
G1 X115.426 Y127.666 E329.63697
G1 X115.426 Y130.23 E329.76457
G1 X129.796 Y130.23 E330.4797
G1 X129.796 Y127.666 E330.6073
G1 X127.06 Y127.661 E330.74346
G1 X126.655 Y127.562 E330.76421
G1 X126.268 Y127.344 E330.78631
G1 X126.063 Y127.169 E330.79973
G1 X125.73 Y126.787 E330.82495
G1 X125.499 Y126.385 E330.84802
G1 X125.29 Y125.951 E330.87199
G1 X124.95 Y125.141 E330.91571
G1 X124.712 Y124.526 E330.94853
G1 X124.425 Y123.732 E330.99054
G1 X112.605 Y89.77 E332.78011
G1 X107.188 Y89.77 E333.04969
G1 X94.929 Y124.984 E334.90529
G1 X94.823 Y125.251 E334.91959
G1 X94.706 Y125.497 E334.93314
G1 X94.498 Y125.863 E334.95409
G1 X94.13 Y126.326 E334.98353
G1 X93.768 Y126.71 E335.00979
G1 X93.332 Y127.044 E335.03712
G1 X92.956 Y127.247 E335.05839
G1 X92.59 Y127.397 E335.07807
G1 X92.02 Y127.572 E335.10775
G1 X91.484 Y127.662 E335.13479
G1 X90.204 Y127.666 E335.19849
G1 X90.204 Y130.23 E335.32609
G1 X108.659 Y130.23 E336.24451
G1 X108.659 Y127.666 E336.37211
G1 X106.23 Y127.666 E336.49299
G1 X105.863 Y127.646 E336.51128
G1 X105.506 Y127.576 E336.52939
G1 X105.13 Y127.473 E336.54879
G1 X104.802 Y127.321 E336.56678
G1 X104.455 Y127.081 E336.58778
G1 X104.194 Y126.843 E336.60535
G1 X103.942 Y126.462 E336.62809
G1 X103.831 Y126.024 E336.65057
G1 X103.794 Y125.704 E336.66661
G1 X103.793 Y125.297 E336.68686
G1 X103.833 Y124.885 E336.70746
G1 X103.906 Y124.456 E336.72912
G1 X104.014 Y123.965 E336.75413
G1 X104.123 Y123.547 E336.77563
G1 X104.241 Y123.155 E336.796
G1 X110.161 Y105.316 E337.73138
G1 X110.607 Y103.81 E337.80954
G1 X110.759 Y103.254 E337.83823
G1 X110.989 Y102.318 E337.88619
G1 X111.465 Y100.139 E337.99719
G1 X111.583 Y99.449 E338.03203
G1 X111.648 Y98.994 E338.0549
G1 X111.709 Y98.48 E338.08066
G1 X111.793 Y98.339 E338.08883
G0 F9000 X111.988 Y98.295
G0 X111.895 Y97.572
;TYPE:FILL
G1 F3600 X113.05 Y93.259 E338.37028
G0 F9000 X112.94 Y92.941
G1 F3600 X106.226 Y94.74 E338.80844
G0 F9000 X106.886 Y92.836
G1 F3600 X111.658 Y97.608 E339.23385
G0 F9000 X111.656 Y97.55
G0 X112.623 Y97.575
G0 X113.02 Y98.97
G1 F3600 X116.116 Y102.066 E339.50984
G0 F9000 X115.758 Y101.038
G1 F3600 X113.725 Y101.582 E339.64251
G0 F9000 X112.623 Y97.575
G0 X111.176 Y97.641
G0 X110.188 Y102.53
G1 F3600 X102.827 Y104.503 E340.12289
G0 F9000 X103.765 Y101.806
G1 F3600 X108.868 Y106.909 E340.57781
G0 F9000 X107.109 Y112.207
G1 F3600 X99.428 Y114.265 E341.07907
G0 F9000 X100.642 Y110.775
G1 F3600 X105.855 Y115.988 E341.54379
G0 F9000 X103.883 Y121.923
G1 F3600 X96.029 Y124.027 E342.05634
G0 F9000 X95.706 Y124.954
G1 F3600 X94.487 Y129.504 E342.35327
G0 F9000 X95.188 Y129.504
G1 F3600 X93.476 Y127.792 E342.50589
G0 F9000 X94.183 Y127.202
G0 X95.04 Y126.206
G0 X95.436 Y125.394
G0 X97.52 Y119.744
G1 F3600 X103.07 Y125.295 E343.00069
G0 F9000 X103.349 Y126.722
G0 X103.868 Y127.526
G1 F3600 X103.338 Y129.504 E343.12978
G0 F9000 X106.164 Y128.388
G1 F3600 X107.28 Y129.504 E343.22927
G1 F2400 E341.22927
G0 F9000 X104.07 Y127.593
G0 X103.707 Y127.265
G0 X103.349 Y126.722
G0 X103.154 Y125.725
G0 X103.197 Y124.81
G0 X103.629 Y122.964
G0 X111.176 Y97.641
G0 X112.623 Y97.575
G0 X121.079 Y123.905
G0 X121.318 Y125.036
G0 X121.327 Y125.867
G0 X121.126 Y126.639
G0 X120.699 Y127.307
G0 X120.092 Y127.806
G0 X119.512 Y128.069
G0 X118.256 Y128.389
G1 F1200 E343.22927
G1 F3600 X119.37 Y129.503 E343.32858
G0 F9000 X121.042 Y129.504
G1 F3600 X123.053 Y121.998 E343.81841
G0 F9000 X122.573 Y120.614
G1 F3600 X118.806 Y116.847 E344.15423
G0 F9000 X119.142 Y117.834
G1 F3600 X121.395 Y117.231 E344.30125
G0 F9000 X117 Y111.554
G1 F3600 X118.052 Y107.628 E344.55746
G0 F9000 X118.576 Y109.134
G1 F3600 X116.375 Y109.724 E344.7011
G0 F9000 X120.978 Y123.499
G0 X121.284 Y124.882
G0 X121.372 Y126.088
G1 F3600 X124.241 Y125.32 E344.88832
G0 F9000 X123.891 Y125.453
G1 F2400 E342.88832
;MESH:NONMESH
G0 F600 X123.891 Y125.453 Z2.24
G0 F9000 X112.623 Y97.575
G0 X111.176 Y97.641
G0 X111.055 Y98.068
G1 F1200 E344.88832
G0 F9000 X111.348 Y98.103
;TIME_ELAPSED:300.013243
;LAYER:7
;TYPE:WALL-INNER
;MESH:felipe_mvm_v.stl
G1 F3900 X111.606 Y97.9 E344.90647
G1 X111.895 Y97.82 E344.92305
G1 X112.115 Y97.838 E344.93526
G1 X112.333 Y97.932 E344.94839
G1 X112.527 Y98.118 E344.96325
G1 X112.624 Y98.31 E344.97514
G1 X112.697 Y98.673 E344.99562
G1 X112.904 Y99.553 E345.0456
G1 X113.229 Y100.707 E345.1119
G1 X113.405 Y101.394 E345.15111
G1 X114.511 Y105.038 E345.36168
G1 X120.446 Y122.428 E346.37772
G1 X120.726 Y123.221 E346.42422
G1 X120.858 Y123.684 E346.45084
G1 X120.928 Y123.973 E346.46729
G1 X121.154 Y125.076 E346.52954
G1 X121.188 Y125.457 E346.5507
G1 X121.157 Y125.886 E346.57448
G1 X121.096 Y126.213 E346.59287
G1 X120.968 Y126.586 E346.61468
G1 X120.801 Y126.903 E346.63449
G1 X120.577 Y127.196 E346.65488
G1 X120.313 Y127.447 E346.67503
G1 X120.039 Y127.641 E346.69359
G1 X119.659 Y127.852 E346.71762
G1 X119.289 Y127.984 E346.73935
G1 X118.942 Y128.073 E346.75915
G1 X118.536 Y128.127 E346.7818
G1 X118.239 Y128.14 E346.79824
G1 X115.901 Y128.141 E346.92752
G1 X115.901 Y129.755 E347.01677
G1 X129.321 Y129.755 E347.75882
G1 X129.321 Y128.141 E347.84807
G1 X127.091 Y128.136 E347.97138
G1 X126.634 Y128.066 E347.99694
G1 X126.022 Y127.758 E348.03483
G1 X125.663 Y127.455 E348.0608
G1 X125.306 Y127.003 E348.09265
G1 X125.021 Y126.504 E348.12443
G1 X124.743 Y125.89 E348.1617
G1 X124.387 Y125.013 E348.21403
G1 X123.976 Y123.888 E348.28026
G1 X112.267 Y90.245 E350.25
G1 X107.526 Y90.245 E350.51215
G1 X95.371 Y125.159 E352.55637
G1 X95.271 Y125.412 E352.57141
G1 X95.143 Y125.686 E352.58814
G1 X94.904 Y126.116 E352.61534
G1 X94.476 Y126.652 E352.65327
G1 X94.127 Y127.015 E352.68111
G1 X93.662 Y127.41 E352.71485
G1 X93.137 Y127.686 E352.74764
G1 X92.665 Y127.876 E352.77578
G1 X92.072 Y128.043 E352.80984
G1 X91.549 Y128.137 E352.83923
G1 X90.679 Y128.14 E352.88733
G1 X90.679 Y129.755 E352.97664
G1 X108.184 Y129.755 E353.94457
G1 X108.184 Y128.141 E354.03382
G1 X106.207 Y128.141 E354.14314
G1 X105.863 Y128.121 E354.16219
G1 X105.586 Y128.079 E354.17768
G1 X104.905 Y127.91 E354.21648
G1 X104.429 Y127.642 E354.24669
G1 X104.136 Y127.434 E354.26656
G1 X103.829 Y127.152 E354.28961
G1 X103.566 Y126.756 E354.31589
G1 X103.471 Y126.543 E354.32879
G1 X103.365 Y126.128 E354.35247
G1 X103.308 Y125.624 E354.38052
G1 X103.337 Y125.034 E354.41318
G1 X103.39 Y124.632 E354.4356
G1 X103.497 Y124.093 E354.46599
G1 X103.667 Y123.413 E354.50475
G1 X103.79 Y123.005 E354.52831
G1 X109.707 Y105.174 E355.56714
G1 X110.15 Y103.679 E355.65336
G1 X110.298 Y103.139 E355.68432
G1 X110.536 Y102.167 E355.73966
G1 X111.004 Y100.02 E355.86116
G1 X111.101 Y99.454 E355.89292
G1 X111.176 Y98.935 E355.92191
G1 X111.24 Y98.407 E355.95132
G1 X111.348 Y98.103 E355.96916
G0 F9000 X111.762 Y98.371
;TYPE:WALL-OUTER
G1 F3000 X111.939 Y98.294 E355.97877
G1 X112.074 Y98.33 E355.98572
G1 X112.164 Y98.444 E355.99295
G1 X112.235 Y98.781 E356.01009
G1 X112.444 Y99.671 E356.05558
G1 X112.769 Y100.825 E356.11525
G1 X112.94 Y101.495 E356.14966
G1 X114.062 Y105.192 E356.34193
G1 X119.998 Y122.586 E357.25657
G1 X120.281 Y123.39 E357.29898
G1 X120.396 Y123.796 E357.31998
G1 X120.462 Y124.068 E357.33391
G1 X120.688 Y125.18 E357.39038
G1 X120.71 Y125.439 E357.40332
G1 X120.689 Y125.802 E357.42141
G1 X120.636 Y126.097 E357.43633
G1 X120.535 Y126.39 E357.45175
G1 X120.388 Y126.66 E357.46705
G1 X120.209 Y126.89 E357.48156
G1 X120.022 Y127.069 E357.49444
G1 X119.741 Y127.268 E357.51157
G1 X119.448 Y127.423 E357.52807
G1 X119.188 Y127.518 E357.54185
G1 X118.853 Y127.605 E357.55907
G1 X118.537 Y127.65 E357.57495
G1 X118.209 Y127.665 E357.59129
G1 X115.426 Y127.666 E357.72979
G1 X115.426 Y130.23 E357.85739
G1 X129.796 Y130.23 E358.57252
G1 X129.796 Y127.666 E358.70012
G1 X127.051 Y127.658 E358.83673
G1 X126.749 Y127.593 E358.8521
G1 X126.288 Y127.361 E358.87778
G1 X125.993 Y127.106 E358.89719
G1 X125.714 Y126.755 E358.9195
G1 X125.442 Y126.283 E358.94661
G1 X125.173 Y125.686 E358.9792
G1 X124.833 Y124.85 E359.02411
G1 X124.425 Y123.731 E359.08339
G1 X112.605 Y89.77 E360.87291
G1 X107.188 Y89.77 E361.14249
G1 X94.929 Y124.984 E362.99809
G1 X94.823 Y125.251 E363.01238
G1 X94.706 Y125.497 E363.02594
G1 X94.498 Y125.863 E363.04689
G1 X94.13 Y126.326 E363.07632
G1 X93.82 Y126.653 E363.09875
G1 X93.412 Y126.999 E363.12537
G1 X92.956 Y127.247 E363.1512
G1 X92.561 Y127.41 E363.17247
G1 X91.921 Y127.59 E363.20555
G1 X91.484 Y127.662 E363.22759
G1 X90.204 Y127.666 E363.29129
G1 X90.204 Y130.23 E363.41889
G1 X108.659 Y130.23 E364.33731
G1 X108.659 Y127.666 E364.46491
G1 X106.23 Y127.666 E364.58579
G1 X105.934 Y127.651 E364.60054
G1 X105.635 Y127.605 E364.6156
G1 X105.085 Y127.466 E364.64383
G1 X104.697 Y127.25 E364.66593
G1 X104.457 Y127.083 E364.68048
G1 X104.194 Y126.843 E364.6982
G1 X103.942 Y126.462 E364.72093
G1 X103.831 Y126.025 E364.74337
G1 X103.783 Y125.604 E364.76446
G1 X103.808 Y125.096 E364.78977
G1 X103.862 Y124.687 E364.8103
G1 X103.958 Y124.207 E364.83466
G1 X104.122 Y123.55 E364.86836
G1 X104.241 Y123.155 E364.88889
G1 X110.161 Y105.316 E365.82426
G1 X110.607 Y103.809 E365.90247
G1 X110.758 Y103.258 E365.93091
G1 X111 Y102.268 E365.98162
G1 X111.471 Y100.11 E366.09155
G1 X111.57 Y99.528 E366.12093
G1 X111.647 Y98.998 E366.14758
G1 X111.709 Y98.483 E366.17339
G1 X111.762 Y98.371 E366.17956
G0 F9000 X111.939 Y98.294
G0 X111.945 Y98.295
G0 X111.674 Y97.629
;TYPE:FILL
G1 F3600 X112.935 Y92.926 E366.48649
G1 X113.005 Y93.129
G1 X106.147 Y94.967 E366.93405
G0 F9000 X106.959 Y92.629
G1 F3600 X111.9 Y97.57 E367.37452
G0 F9000 X111.9 Y97.538
G0 X112.634 Y97.579
G0 X112.937 Y98.607
G1 F3600 X115.966 Y101.636 E367.64455
G0 F9000 X115.823 Y101.225
G1 F3600 X113.78 Y101.773 E367.77789
G0 F9000 X112.634 Y97.579
G0 X111.177 Y97.636
G0 X110.135 Y102.749
G1 F3600 X102.748 Y104.729 E368.25997
G0 F9000 X103.837 Y101.598
G1 F3600 X108.938 Y106.699 E368.71471
G0 F9000 X107.034 Y112.432
G1 F3600 X99.349 Y114.491 E369.21623
G0 F9000 X100.714 Y110.567
G1 F3600 X105.925 Y115.778 E369.68077
G0 F9000 X103.81 Y122.147
G1 F3600 X95.95 Y124.253 E370.19371
G0 F9000 X95.19 Y126.113
G1 F3600 X94.282 Y129.504 E370.415
G0 F9000 X95.468 Y129.504
G1 F3600 X93.657 Y127.693 E370.57645
G0 F9000 X94.621 Y126.736
G0 X95.04 Y126.206
G0 X95.436 Y125.394
G0 X97.592 Y119.537
G1 F3600 X103.088 Y125.032 E371.06635
G0 F9000 X103.203 Y126.155
G0 X103.32 Y126.614
G0 X103.704 Y127.376
G1 F3600 X103.133 Y129.504 E371.20524
G0 F9000 X106.446 Y128.39
G1 F3600 X107.56 Y129.504 E371.30455
G1 F2400 E369.30455
G0 F9000 X104.369 Y127.8
G0 X103.707 Y127.265
G0 X103.349 Y126.722
G0 X103.142 Y125.621
G0 X103.234 Y124.569
G0 X103.629 Y122.964
G0 X111.177 Y97.636
G0 X112.634 Y97.579
G0 X121.085 Y123.925
G0 X121.351 Y125.449
G0 X121.255 Y126.26
G0 X120.94 Y126.991
G0 X120.414 Y127.575
G0 X119.811 Y127.949
G0 X118.524 Y128.377
G1 F1200 E371.30455
G1 F3600 X119.65 Y129.503 E371.40493
G0 F9000 X120.837 Y129.504
G1 F3600 X122.937 Y121.665 E371.91649
G0 F9000 X122.423 Y120.184
G1 F3600 X118.66 Y116.421 E372.25195
G0 F9000 X119.205 Y118.022
G1 F3600 X121.459 Y117.418 E372.39905
G0 F9000 X116.885 Y111.218
G1 F3600 X117.936 Y107.296 E372.655
G0 F9000 X118.642 Y109.322
G1 F3600 X116.439 Y109.912 E372.79876
G0 F9000 X121.013 Y123.629
G0 X121.317 Y125.267
G0 X121.328 Y126.305
G1 F3600 X124.317 Y125.504 E372.99383
G0 F9000 X123.969 Y125.643
G1 F2400 E370.99383
;MESH:NONMESH
G0 F600 X123.969 Y125.643 Z2.52
G0 F9000 X112.634 Y97.579
G0 X112.298 Y97.523
G1 F1200 E372.99383
G0 F9000 X112.312 Y97.917
;TIME_ELAPSED:316.477762
;LAYER:8
;TYPE:WALL-INNER
;MESH:felipe_mvm_v.stl
G1 F3900 X112.519 Y98.106 E373.00932
G1 X112.614 Y98.287 E373.02063
G1 X112.697 Y98.673 E373.04246
G1 X112.912 Y99.58 E373.094
G1 X113.078 Y100.15 E373.12683
G1 X113.398 Y101.366 E373.19636
G1 X114.512 Y105.039 E373.40859
G1 X120.446 Y122.429 E374.42461
G1 X120.747 Y123.291 E374.4751
G1 X120.895 Y123.829 E374.50595
G1 X121.139 Y124.99 E374.57155
G1 X121.188 Y125.435 E374.59631
G1 X121.165 Y125.823 E374.6178
G1 X121.102 Y126.19 E374.63839
G1 X120.968 Y126.586 E374.66151
G1 X120.801 Y126.903 E374.68132
G1 X120.577 Y127.196 E374.70171
G1 X120.313 Y127.447 E374.72185
G1 X120.039 Y127.641 E374.74042
G1 X119.659 Y127.852 E374.76445
G1 X119.289 Y127.984 E374.78617
G1 X118.942 Y128.073 E374.80598
G1 X118.536 Y128.127 E374.82863
G1 X118.244 Y128.14 E374.84479
G1 X115.901 Y128.141 E374.97435
G1 X115.901 Y129.755 E375.0636
G1 X129.321 Y129.755 E375.80565
G1 X129.321 Y128.141 E375.8949
G1 X127.001 Y128.136 E376.02318
G1 X126.481 Y128.009 E376.05278
G1 X126.013 Y127.75 E376.08236
G1 X125.718 Y127.499 E376.10378
G1 X125.354 Y127.087 E376.13418
G1 X125.024 Y126.509 E376.17098
G1 X124.734 Y125.868 E376.20988
G1 X124.5 Y125.298 E376.24395
G1 X124.269 Y124.698 E376.2795
G1 X123.976 Y123.888 E376.32713
G1 X112.267 Y90.245 E378.29687
G1 X107.526 Y90.245 E378.55902
G1 X95.371 Y125.159 E380.60324
G1 X95.271 Y125.412 E380.61828
G1 X95.143 Y125.686 E380.63501
G1 X94.904 Y126.116 E380.66221
G1 X94.476 Y126.652 E380.70014
G1 X94.127 Y127.015 E380.72798
G1 X93.662 Y127.41 E380.76172
G1 X93.139 Y127.685 E380.79439
G1 X92.743 Y127.846 E380.81803
G1 X92.247 Y127.998 E380.84671
G1 X91.867 Y128.087 E380.86829
G1 X91.456 Y128.136 E380.89118
G1 X90.679 Y128.139 E380.93415
G1 X90.679 Y129.755 E381.0235
G1 X108.184 Y129.755 E381.99144
G1 X108.184 Y128.141 E382.08069
G1 X105.974 Y128.138 E382.20289
G1 X105.537 Y128.069 E382.22735
G1 X105.001 Y127.936 E382.25789
G1 X104.54 Y127.723 E382.28597
G1 X104.134 Y127.432 E382.31359
G1 X103.833 Y127.157 E382.33613
G1 X103.545 Y126.722 E382.36498
G1 X103.4 Y126.299 E382.38971
G1 X103.318 Y125.833 E382.41587
G1 X103.32 Y125.252 E382.448
G1 X103.357 Y124.857 E382.46994
G1 X103.436 Y124.381 E382.49662
G1 X103.554 Y123.845 E382.52696
G1 X103.673 Y123.39 E382.55297
G1 X103.79 Y123.005 E382.57522
G1 X109.707 Y105.174 E383.61405
G1 X110.15 Y103.679 E383.70027
G1 X110.297 Y103.142 E383.73106
G1 X110.536 Y102.166 E383.78662
G1 X111.004 Y100.02 E383.90807
G1 X111.101 Y99.454 E383.93982
G1 X111.176 Y98.939 E383.9686
G1 X111.24 Y98.407 E383.99823
G1 X111.324 Y98.172 E384.01203
G1 X111.5 Y97.968 E384.02693
G1 X111.717 Y97.853 E384.04051
G1 X112.083 Y97.829 E384.06079
G1 X112.312 Y97.917 E384.07435
G0 F9000 X111.793 Y98.342
;TYPE:WALL-OUTER
G1 F3000 X111.994 Y98.296 E384.08462
G1 X112.067 Y98.324 E384.08851
G1 X112.164 Y98.443 E384.09615
G1 X112.235 Y98.781 E384.11333
G1 X112.444 Y99.671 E384.15883
G1 X112.622 Y100.287 E384.19074
G1 X112.941 Y101.495 E384.25292
G1 X114.053 Y105.163 E384.44366
G1 X119.998 Y122.585 E385.35976
G1 X120.289 Y123.417 E385.40363
G1 X120.43 Y123.926 E385.42991
G1 X120.67 Y125.072 E385.48818
G1 X120.71 Y125.437 E385.50646
G1 X120.692 Y125.782 E385.52365
G1 X120.636 Y126.097 E385.53957
G1 X120.535 Y126.39 E385.55499
G1 X120.388 Y126.66 E385.57029
G1 X120.209 Y126.89 E385.5848
G1 X120.022 Y127.069 E385.59768
G1 X119.741 Y127.268 E385.61481
G1 X119.448 Y127.423 E385.63131
G1 X119.188 Y127.518 E385.64509
G1 X118.853 Y127.605 E385.66231
G1 X118.537 Y127.65 E385.67819
G1 X118.213 Y127.665 E385.69434
G1 X115.426 Y127.666 E385.83303
G1 X115.426 Y130.23 E385.96063
G1 X129.796 Y130.23 E386.67576
G1 X129.796 Y127.666 E386.80336
G1 X127.06 Y127.661 E386.93952
G1 X126.655 Y127.562 E386.96027
G1 X126.268 Y127.344 E386.98237
G1 X126.063 Y127.169 E386.99578
G1 X125.731 Y126.79 E387.02086
G1 X125.455 Y126.31 E387.04841
G1 X125.173 Y125.687 E387.08245
G1 X124.94 Y125.117 E387.11309
G1 X124.709 Y124.515 E387.14518
G1 X124.425 Y123.731 E387.18668
G1 X112.605 Y89.77 E388.9762
G1 X107.188 Y89.77 E389.24578
G1 X94.929 Y124.984 E391.10138
G1 X94.823 Y125.251 E391.11568
G1 X94.706 Y125.497 E391.12923
G1 X94.498 Y125.863 E391.15018
G1 X94.13 Y126.326 E391.17961
G1 X93.82 Y126.653 E391.20204
G1 X93.412 Y126.999 E391.22866
G1 X92.957 Y127.246 E391.25443
G1 X92.603 Y127.392 E391.27348
G1 X92.092 Y127.548 E391.30007
G1 X91.736 Y127.628 E391.31823
G1 X91.428 Y127.661 E391.33364
G1 X90.204 Y127.666 E391.39456
G1 X90.204 Y130.23 E391.52216
G1 X108.659 Y130.23 E392.44058
G1 X108.659 Y127.666 E392.56818
G1 X106 Y127.661 E392.7005
G1 X105.652 Y127.608 E392.71802
G1 X105.138 Y127.476 E392.74443
G1 X104.8 Y127.32 E392.76296
G1 X104.455 Y127.081 E392.78384
G1 X104.194 Y126.843 E392.80142
G1 X103.976 Y126.513 E392.8211
G1 X103.859 Y126.164 E392.83942
G1 X103.796 Y125.808 E392.85741
G1 X103.793 Y125.297 E392.88285
G1 X103.833 Y124.885 E392.90344
G1 X103.901 Y124.483 E392.92373
G1 X104.014 Y123.965 E392.95012
G1 X104.128 Y123.527 E392.97264
G1 X104.241 Y123.155 E392.99199
G1 X110.161 Y105.316 E393.92737
G1 X110.607 Y103.809 E394.00558
G1 X110.757 Y103.262 E394.0338
G1 X110.989 Y102.317 E394.08223
G1 X111.471 Y100.11 E394.19465
G1 X111.57 Y99.528 E394.22403
G1 X111.653 Y98.954 E394.25289
G1 X111.709 Y98.483 E394.2765
G1 X111.793 Y98.342 E394.28466
G0 F9000 X111.988 Y98.298
G0 X112.233 Y97.623
;TYPE:FILL
G1 F3600 X107.031 Y92.421 E394.74841
G0 F9000 X106.067 Y95.193
G1 F3600 X113.07 Y93.316 E395.20543
G0 F9000 X112.819 Y92.593
G1 F3600 X111.446 Y97.718 E395.53988
G0 F9000 X111.441 Y97.556
G0 X112.634 Y97.579
G0 X112.867 Y98.257
G1 F3600 X115.817 Y101.207 E395.80287
G1 X115.888 Y101.413
G1 X113.839 Y101.962 E395.93658
G0 F9000 X112.634 Y97.579
G0 X111.176 Y97.636
G0 X110.391 Y101.654
G1 F3600 X109.468 Y105.098 E396.16134
G0 F9000 X109.007 Y106.488
G1 F3600 X103.909 Y101.39 E396.61581
G0 F9000 X102.669 Y104.955
G1 F3600 X110.08 Y102.969 E397.09946
G0 F9000 X111.176 Y97.636
G0 X112.634 Y97.579
G0 X117.82 Y106.962
G1 F3600 X116.77 Y110.881 E397.35521
G0 F9000 X116.502 Y110.1
G1 F3600 X118.707 Y109.509 E397.49911
G0 F9000 X118.515 Y115.996
G1 F3600 X122.273 Y119.754 E397.83412
G0 F9000 X122.821 Y121.332
G1 F3600 X120.631 Y129.505 E398.36749
G0 F9000 X119.93 Y129.503
G1 F3600 X118.774 Y128.346 E398.47059
G0 F9000 X119.743 Y127.991
G0 X120.414 Y127.575
G0 X120.711 Y127.245
G0 X121.25 Y126.531
G1 F3600 X124.39 Y125.69 E398.6755
G0 F9000 X121.524 Y117.606
G1 F3600 X119.27 Y118.21 E398.8226
G1 F2400 E396.8226
G0 F9000 X112.634 Y97.579
G0 X111.176 Y97.636
G0 X106.959 Y112.657
G1 F1200 E398.8226
G1 F3600 X99.27 Y114.717 E399.32438
G0 F9000 X100.787 Y110.36
G1 F3600 X105.995 Y115.568 E399.78866
G0 F9000 X103.734 Y122.373
G1 F3600 X95.872 Y124.479 E400.30172
G0 F9000 X94.864 Y126.567
G1 F3600 X94.077 Y129.504 E400.49339
G0 F9000 X95.748 Y129.504
G1 F3600 X93.835 Y127.591 E400.66393
G0 F9000 X95.04 Y126.206
G0 X95.436 Y125.394
G0 X97.664 Y119.329
G1 F3600 X103.116 Y124.781 E401.14995
G0 F9000 X103.154 Y125.847
G0 X103.29 Y126.381
G0 X103.55 Y127.185
G1 F3600 X102.928 Y129.504 E401.3013
G0 F9000 X106.724 Y128.388
G1 F3600 X107.84 Y129.504 E401.40079
G0 F9000 X107.559 Y129.13
G1 F2400 E399.40079
;MESH:NONMESH
G0 F600 X107.559 Y129.13 Z2.8
G0 F9000 X104.463 Y127.865
G0 X103.707 Y127.265
G0 X103.396 Y126.791
G0 X103.154 Y125.847
G0 X103.197 Y124.811
G0 X103.63 Y122.964
G0 X111.176 Y97.636
G0 X112.634 Y97.579
G0 X112.799 Y98.041
G1 F1200 E401.40079
G0 F9000 X112.508 Y98.098
;TIME_ELAPSED:333.117087
;LAYER:9
;TYPE:WALL-INNER
;MESH:felipe_mvm_v.stl
G1 F3900 X112.611 Y98.291 E401.41289
G1 X112.908 Y99.567 E401.48533
G1 X113.227 Y100.7 E401.55041
G1 X113.396 Y101.355 E401.58782
G1 X114.511 Y105.038 E401.8006
G1 X120.436 Y122.401 E402.81504
G1 X120.573 Y122.774 E402.83702
G1 X120.793 Y123.444 E402.87601
G1 X120.923 Y123.953 E402.90506
G1 X121.124 Y124.909 E402.95908
G1 X121.192 Y125.365 E402.98457
G1 X121.167 Y125.805 E403.00894
G1 X121.096 Y126.213 E403.03184
G1 X120.968 Y126.585 E403.05359
G1 X120.801 Y126.903 E403.07345
G1 X120.577 Y127.196 E403.09385
G1 X120.313 Y127.447 E403.11399
G1 X120.039 Y127.641 E403.13255
G1 X119.659 Y127.852 E403.15659
G1 X119.289 Y127.984 E403.17831
G1 X118.942 Y128.073 E403.19812
G1 X118.535 Y128.127 E403.22082
G1 X118.203 Y128.141 E403.23919
G1 X115.901 Y128.141 E403.36648
G1 X115.901 Y129.755 E403.45573
G1 X129.321 Y129.755 E404.19779
G1 X129.321 Y128.141 E404.28703
G1 X127.001 Y128.136 E404.41532
G1 X126.481 Y128.009 E404.44492
G1 X126.013 Y127.75 E404.47449
G1 X125.718 Y127.499 E404.49591
G1 X125.456 Y127.201 E404.51785
G1 X125.262 Y126.948 E404.53548
G1 X124.985 Y126.422 E404.56835
G1 X124.743 Y125.89 E404.60067
G1 X124.392 Y125.025 E404.65229
G1 X124.097 Y124.231 E404.69913
G1 X112.267 Y90.245 E406.68897
G1 X107.526 Y90.245 E406.95113
G1 X95.371 Y125.159 E408.99535
G1 X95.271 Y125.412 E409.01039
G1 X95.143 Y125.686 E409.02711
G1 X94.904 Y126.116 E409.05431
G1 X94.476 Y126.652 E409.09224
G1 X94.127 Y127.015 E409.12009
G1 X93.662 Y127.41 E409.15382
G1 X93.137 Y127.686 E409.18662
G1 X92.747 Y127.844 E409.20989
G1 X92.156 Y128.027 E409.2441
G1 X91.548 Y128.137 E409.27826
G1 X90.679 Y128.14 E409.32631
G1 X90.679 Y129.755 E409.41561
G1 X108.184 Y129.755 E410.38355
G1 X108.184 Y128.141 E410.4728
G1 X106.034 Y128.135 E410.59168
G1 X105.695 Y128.098 E410.61054
G1 X105.435 Y128.047 E410.62519
G1 X105.113 Y127.962 E410.64361
G1 X104.753 Y127.829 E410.66483
G1 X104.429 Y127.642 E410.68551
G1 X104.136 Y127.434 E410.70538
G1 X103.829 Y127.152 E410.72843
G1 X103.566 Y126.756 E410.75472
G1 X103.472 Y126.543 E410.76759
G1 X103.338 Y126.025 E410.79718
G1 X103.306 Y125.401 E410.83173
G1 X103.364 Y124.805 E410.86484
G1 X103.435 Y124.387 E410.88828
G1 X103.554 Y123.845 E410.91897
G1 X103.666 Y123.419 E410.94332
G1 X103.79 Y123.005 E410.96722
G1 X109.707 Y105.174 E412.00605
G1 X110.162 Y103.64 E412.09453
G1 X110.296 Y103.147 E412.12278
G1 X110.536 Y102.166 E412.17862
G1 X111.004 Y100.02 E412.30007
G1 X111.101 Y99.454 E412.33183
G1 X111.175 Y98.944 E412.36032
G1 X111.239 Y98.411 E412.39001
G1 X111.323 Y98.175 E412.40386
G1 X111.5 Y97.972 E412.41875
G1 X111.715 Y97.858 E412.43221
G1 X112.074 Y97.832 E412.45211
G1 X112.301 Y97.915 E412.46547
G1 X112.508 Y98.098 E412.48075
G0 F9000 X111.792 Y98.346
;TYPE:WALL-OUTER
G1 F3000 X111.989 Y98.3 E412.49082
G1 X112.062 Y98.327 E412.49469
G1 X112.162 Y98.447 E412.50247
G1 X112.448 Y99.685 E412.5657
G1 X112.767 Y100.818 E412.62427
G1 X112.938 Y101.483 E412.65845
G1 X114.062 Y105.192 E412.85131
G1 X120.002 Y122.597 E413.76654
G1 X120.122 Y122.923 E413.78382
G1 X120.333 Y123.562 E413.81731
G1 X120.458 Y124.052 E413.84248
G1 X120.654 Y124.981 E413.88973
G1 X120.712 Y125.362 E413.90891
G1 X120.689 Y125.802 E413.93083
G1 X120.636 Y126.097 E413.94575
G1 X120.535 Y126.39 E413.96117
G1 X120.388 Y126.66 E413.97647
G1 X120.209 Y126.89 E413.99098
G1 X120.022 Y127.069 E414.00386
G1 X119.741 Y127.268 E414.021
G1 X119.448 Y127.423 E414.03749
G1 X119.188 Y127.518 E414.05127
G1 X118.853 Y127.605 E414.06849
G1 X118.515 Y127.652 E414.08547
G1 X118.183 Y127.666 E414.10201
G1 X115.426 Y127.666 E414.23921
G1 X115.426 Y130.23 E414.36681
G1 X129.796 Y130.23 E415.08194
G1 X129.796 Y127.666 E415.20954
G1 X127.06 Y127.661 E415.3457
G1 X126.655 Y127.562 E415.36645
G1 X126.268 Y127.344 E415.38855
G1 X126.063 Y127.169 E415.40197
G1 X125.844 Y126.925 E415.41828
G1 X125.654 Y126.672 E415.43403
G1 X125.399 Y126.188 E415.46125
G1 X125.173 Y125.686 E415.48865
G1 X124.838 Y124.859 E415.53306
G1 X124.546 Y124.075 E415.57469
G1 X112.605 Y89.77 E417.38236
G1 X107.188 Y89.77 E417.65194
G1 X94.929 Y124.984 E419.50754
G1 X94.823 Y125.251 E419.52184
G1 X94.706 Y125.497 E419.53539
G1 X94.498 Y125.863 E419.55634
G1 X94.13 Y126.326 E419.58578
G1 X93.82 Y126.653 E419.6082
G1 X93.412 Y126.999 E419.63482
G1 X92.956 Y127.247 E419.66065
G1 X92.606 Y127.39 E419.67947
G1 X92.015 Y127.573 E419.71026
G1 X91.522 Y127.659 E419.73516
G1 X90.204 Y127.666 E419.80076
G1 X90.204 Y130.23 E419.92835
G1 X108.659 Y130.23 E420.84678
G1 X108.659 Y127.666 E420.97437
G1 X106.082 Y127.662 E421.10262
G1 X105.786 Y127.631 E421.11743
G1 X105.511 Y127.577 E421.13138
G1 X105.237 Y127.503 E421.1455
G1 X104.943 Y127.39 E421.16118
G1 X104.714 Y127.261 E421.17426
G1 X104.457 Y127.083 E421.18981
G1 X104.194 Y126.843 E421.20753
G1 X103.941 Y126.461 E421.23034
G1 X103.809 Y125.929 E421.25761
G1 X103.784 Y125.397 E421.28412
G1 X103.833 Y124.885 E421.30971
G1 X103.906 Y124.456 E421.33137
G1 X104.014 Y123.965 E421.35639
G1 X104.121 Y123.555 E421.37748
G1 X104.241 Y123.155 E421.39826
G1 X110.161 Y105.316 E422.33363
G1 X110.619 Y103.77 E422.41388
G1 X110.756 Y103.266 E422.43987
G1 X110.989 Y102.317 E422.4885
G1 X111.471 Y100.11 E422.60092
G1 X111.57 Y99.528 E422.6303
G1 X111.646 Y99.006 E422.65655
G1 X111.708 Y98.487 E422.68256
G1 X111.792 Y98.346 E422.69073
G0 F9000 X111.987 Y98.301
G0 X111.172 Y97.973
;TYPE:FILL
G1 F3600 X112.703 Y92.26 E423.06356
G0 F9000 X113.136 Y93.504
G1 F3600 X105.989 Y95.419 E423.52998
G0 F9000 X107.104 Y92.213
G1 F3600 X115.669 Y100.778 E424.29352
G0 F9000 X115.955 Y101.6
G1 F3600 X113.897 Y102.151 E424.42782
G0 F9000 X112.634 Y97.579
G0 X111.177 Y97.636
G0 X110.024 Y103.189
G1 F3600 X102.59 Y105.181 E424.91296
G0 F9000 X103.982 Y101.183
G1 F3600 X109.077 Y106.278 E425.36716
G0 F9000 X108.403 Y108.307
G1 F3600 X110.931 Y98.875 E425.98271
G0 F9000 X111.177 Y97.636
G0 X112.634 Y97.579
G0 X117.705 Y106.628
G1 F3600 X116.655 Y110.546 E426.2384
G1 X116.566 Y110.288
G1 X118.773 Y109.696 E426.38244
G0 F9000 X118.369 Y115.57
G1 F3600 X122.126 Y119.327 E426.71736
G0 F9000 X121.592 Y117.793
G1 F3600 X119.333 Y118.398 E426.86478
G0 F9000 X122.706 Y120.996
G1 F3600 X121.409 Y125.837 E427.1807
G0 F9000 X121.168 Y126.736
G1 F3600 X120.426 Y129.505 E427.3614
G1 X120.21 Y129.503
G1 X119.018 Y128.31 E427.46771
G0 F9000 X120.092 Y127.806
G0 X120.583 Y127.402
G0 X121.155 Y126.761
G1 F3600 X124.467 Y125.874 E427.68385
G1 F2400 E425.68385
G0 F9000 X112.634 Y97.579
G0 X111.177 Y97.636
G0 X103.393 Y123.822
G0 X103.197 Y124.811
G0 X103.143 Y125.399
G0 X103.175 Y126.043
G0 X103.349 Y126.722
G0 X103.707 Y127.265
G0 X104.367 Y127.798
G0 X107.934 Y129.318
G1 F1200 E427.68385
G1 F3600 X107.002 Y128.387 E427.76689
G0 F9000 X105.379 Y128.201
G0 X104.687 Y127.978
G0 X104.188 Y127.667
G0 X103.404 Y126.965
G1 F3600 X102.723 Y129.504 E427.93259
G0 F9000 X103.156 Y124.54
G1 F3600 X97.737 Y119.121 E428.41568
G0 F9000 X99.192 Y114.943
G1 F3600 X106.885 Y112.882 E428.91772
G0 F9000 X106.064 Y115.357
G1 F3600 X100.859 Y110.152 E429.38173
G0 F9000 X103.66 Y122.598
G1 F3600 X95.793 Y124.706 E429.89513
G0 F9000 X95.184 Y125.921
G0 X94.565 Y126.916
G1 F3600 X93.872 Y129.505 E430.06407
G0 F9000 X93.985 Y127.461
G1 F3600 X96.028 Y129.504 E430.2462
G0 F9000 X96.028 Y129.13
G1 F2400 E428.2462
;MESH:NONMESH
G0 F600 X96.028 Y129.13 Z3.08
G0 F9000 X111.177 Y97.636
G0 X112.298 Y97.523
G1 F1200 E430.2462
G0 F9000 X112.312 Y97.917
;TIME_ELAPSED:350.023218
;LAYER:10
;TYPE:WALL-INNER
;MESH:felipe_mvm_v.stl
G1 F3900 X112.519 Y98.106 E430.2617
G1 X112.614 Y98.287 E430.273
G1 X112.697 Y98.672 E430.29478
G1 X112.904 Y99.553 E430.34482
G1 X113.222 Y100.68 E430.40957
G1 X113.399 Y101.368 E430.44885
G1 X114.511 Y105.038 E430.6609
G1 X120.445 Y122.429 E431.67697
G1 X120.734 Y123.247 E431.72494
G1 X120.836 Y123.594 E431.74494
G1 X120.923 Y123.954 E431.76542
G1 X121.149 Y125.025 E431.82595
G1 X121.184 Y125.409 E431.84727
G1 X121.165 Y125.823 E431.87018
G1 X121.098 Y126.208 E431.89179
G1 X120.968 Y126.585 E431.91384
G1 X120.801 Y126.903 E431.9337
G1 X120.577 Y127.196 E431.9541
G1 X120.313 Y127.447 E431.97424
G1 X120.039 Y127.641 E431.9928
G1 X119.659 Y127.852 E432.01684
G1 X119.289 Y127.984 E432.03856
G1 X118.942 Y128.073 E432.05837
G1 X118.535 Y128.127 E432.08107
G1 X118.203 Y128.141 E432.09944
G1 X115.901 Y128.141 E432.22673
G1 X115.901 Y129.755 E432.31598
G1 X129.321 Y129.755 E433.05804
G1 X129.321 Y128.141 E433.14728
G1 X127.001 Y128.136 E433.27557
G1 X126.481 Y128.009 E433.30517
G1 X126.008 Y127.747 E433.33507
G1 X125.684 Y127.461 E433.35896
G1 X125.354 Y127.087 E433.38654
G1 X125.087 Y126.621 E433.41624
G1 X124.866 Y126.167 E433.44416
G1 X124.734 Y125.868 E433.46223
G1 X124.5 Y125.299 E433.49625
G1 X124.272 Y124.707 E433.53133
G1 X123.953 Y123.825 E433.58319
G1 X112.267 Y90.245 E435.54922
G1 X107.526 Y90.245 E435.81138
G1 X95.371 Y125.159 E437.85559
G1 X95.271 Y125.412 E437.87064
G1 X95.143 Y125.686 E437.88736
G1 X94.904 Y126.116 E437.91456
G1 X94.476 Y126.652 E437.95249
G1 X94.127 Y127.015 E437.98033
G1 X93.662 Y127.41 E438.01407
G1 X93.139 Y127.685 E438.04674
G1 X92.742 Y127.846 E438.07043
G1 X92.174 Y128.018 E438.10325
G1 X91.813 Y128.096 E438.12367
G1 X91.447 Y128.137 E438.14403
G1 X90.679 Y128.14 E438.1865
G1 X90.679 Y129.755 E438.2758
G1 X108.184 Y129.755 E439.24374
G1 X108.184 Y128.141 E439.33299
G1 X105.972 Y128.138 E439.4553
G1 X105.585 Y128.079 E439.47695
G1 X105.07 Y127.954 E439.50625
G1 X104.71 Y127.804 E439.52782
G1 X104.429 Y127.642 E439.54575
G1 X104.138 Y127.435 E439.5655
G1 X103.896 Y127.216 E439.58354
G1 X103.609 Y126.844 E439.60952
G1 X103.485 Y126.591 E439.6251
G1 X103.364 Y126.122 E439.65189
G1 X103.318 Y125.695 E439.67563
G1 X103.32 Y125.252 E439.70013
G1 X103.357 Y124.857 E439.72207
G1 X103.435 Y124.388 E439.74836
G1 X103.554 Y123.845 E439.77909
G1 X103.665 Y123.422 E439.80328
G1 X103.79 Y123.005 E439.82735
G1 X109.707 Y105.174 E440.86618
G1 X110.15 Y103.679 E440.9524
G1 X110.295 Y103.15 E440.98273
G1 X110.536 Y102.166 E441.03875
G1 X111.004 Y100.02 E441.1602
G1 X111.101 Y99.453 E441.19201
G1 X111.175 Y98.947 E441.22028
G1 X111.24 Y98.407 E441.25036
G1 X111.324 Y98.172 E441.26416
G1 X111.5 Y97.968 E441.27906
G1 X111.717 Y97.853 E441.29264
G1 X112.083 Y97.83 E441.31291
G1 X112.312 Y97.917 E441.32646
G0 F9000 X111.793 Y98.342
;TYPE:WALL-OUTER
G1 F3000 X111.994 Y98.296 E441.33672
G1 X112.067 Y98.325 E441.34063
G1 X112.164 Y98.443 E441.34823
G1 X112.235 Y98.781 E441.36542
G1 X112.444 Y99.671 E441.41092
G1 X112.765 Y100.813 E441.46995
G1 X112.941 Y101.496 E441.50505
G1 X114.052 Y105.162 E441.69569
G1 X119.997 Y122.586 E442.61188
G1 X120.288 Y123.414 E442.65556
G1 X120.374 Y123.706 E442.67071
G1 X120.458 Y124.052 E442.68843
G1 X120.683 Y125.127 E442.74308
G1 X120.71 Y125.439 E442.75867
G1 X120.692 Y125.782 E442.77576
G1 X120.636 Y126.095 E442.79159
G1 X120.535 Y126.39 E442.8071
G1 X120.388 Y126.66 E442.8224
G1 X120.209 Y126.89 E442.83691
G1 X120.022 Y127.069 E442.84979
G1 X119.741 Y127.268 E442.86692
G1 X119.448 Y127.423 E442.88342
G1 X119.188 Y127.518 E442.8972
G1 X118.853 Y127.605 E442.91442
G1 X118.515 Y127.652 E442.9314
G1 X118.183 Y127.666 E442.94794
G1 X115.426 Y127.666 E443.08514
G1 X115.426 Y130.23 E443.21274
G1 X129.796 Y130.23 E443.92787
G1 X129.796 Y127.666 E444.05547
G1 X127.06 Y127.661 E444.19163
G1 X126.655 Y127.562 E444.21238
G1 X126.268 Y127.344 E444.23448
G1 X126.063 Y127.169 E444.2479
G1 X125.73 Y126.787 E444.27311
G1 X125.492 Y126.37 E444.29701
G1 X125.301 Y125.975 E444.31884
G1 X125.173 Y125.687 E444.33453
G1 X124.944 Y125.128 E444.36459
G1 X124.719 Y124.545 E444.39569
G1 X124.402 Y123.668 E444.4421
G1 X112.605 Y89.77 E446.22829
G1 X107.188 Y89.77 E446.49787
G1 X94.929 Y124.984 E448.35346
G1 X94.823 Y125.251 E448.36776
G1 X94.706 Y125.497 E448.38132
G1 X94.498 Y125.863 E448.40227
G1 X94.13 Y126.326 E448.4317
G1 X93.82 Y126.653 E448.45412
G1 X93.412 Y126.999 E448.48074
G1 X92.957 Y127.246 E448.50651
G1 X92.603 Y127.392 E448.52557
G1 X92.068 Y127.555 E448.5534
G1 X91.759 Y127.624 E448.56916
G1 X91.421 Y127.662 E448.58608
G1 X90.204 Y127.666 E448.64665
G1 X90.204 Y130.23 E448.77425
G1 X108.659 Y130.23 E449.69267
G1 X108.659 Y127.666 E449.82027
G1 X105.999 Y127.661 E449.95264
G1 X105.636 Y127.605 E449.97092
G1 X105.204 Y127.496 E449.99309
G1 X104.97 Y127.403 E450.00562
G1 X104.714 Y127.261 E450.02019
G1 X104.457 Y127.083 E450.03575
G1 X104.263 Y126.907 E450.04879
G1 X103.956 Y126.516 E450.07353
G1 X103.831 Y126.024 E450.09879
G1 X103.794 Y125.704 E450.11482
G1 X103.793 Y125.297 E450.13507
G1 X103.833 Y124.885 E450.15567
G1 X103.9 Y124.489 E450.17566
G1 X104.014 Y123.965 E450.20235
G1 X104.12 Y123.558 E450.22328
G1 X104.241 Y123.155 E450.24422
G1 X110.161 Y105.316 E451.17959
G1 X110.607 Y103.809 E451.2578
G1 X110.755 Y103.27 E451.28562
G1 X110.989 Y102.317 E451.33446
G1 X111.471 Y100.11 E451.44688
G1 X111.57 Y99.528 E451.47626
G1 X111.646 Y99.01 E451.50231
G1 X111.709 Y98.483 E451.52872
G1 X111.793 Y98.342 E451.53689
G0 F9000 X111.988 Y98.298
G0 X111.96 Y97.536
G0 X112.634 Y97.579
G0 X115.517 Y100.347
;TYPE:FILL
G1 F3600 X107.176 Y92.005 E452.28051
G0 F9000 X105.91 Y95.645
G1 F3600 X113.201 Y93.691 E452.75633
G0 F9000 X112.587 Y91.928
G1 F3600 X107.339 Y111.515 E454.03457
G0 F9000 X106.809 Y113.107
G1 F3600 X99.113 Y115.169 E454.53681
G0 F9000 X97.809 Y118.914
G1 F3600 X103.198 Y124.303 E455.01722
G0 F9000 X103.586 Y122.822
G1 F3600 X95.715 Y124.932 E455.5309
G0 F9000 X95.169 Y125.963
G0 X94.284 Y127.201
G1 F3600 X93.667 Y129.505 E455.68125
G0 F9000 X94.135 Y127.331
G1 F3600 X96.308 Y129.504 E455.87496
G0 F9000 X102.518 Y129.504
G1 F3600 X103.268 Y126.707 E456.05751
G0 F9000 X104.07 Y127.593
G0 X104.687 Y127.978
G0 X105.522 Y128.235
G0 X107.285 Y128.389
G1 F3600 X107.934 Y129.038 E456.11536
G1 F2400 E454.11536
G0 F9000 X104.687 Y127.978
G0 X104.07 Y127.593
G0 X103.78 Y127.33
G0 X103.372 Y126.804
G0 X103.154 Y125.725
G0 X103.197 Y124.811
G0 X103.629 Y122.965
G0 X111.176 Y97.636
G0 X112.634 Y97.579
G0 X121.079 Y123.906
G0 X121.351 Y125.449
G0 X121.255 Y126.26
G0 X120.94 Y126.991
G0 X120.414 Y127.575
G0 X119.241 Y128.254
G1 F1200 E456.11536
G1 F3600 X120.49 Y129.503 E456.22671
G1 X120.221 Y129.505
G1 X120.814 Y127.294 E456.371
G0 F9000 X121.033 Y126.999
G1 F3600 X124.545 Y126.058 E456.6002
G0 F9000 X121.405 Y125.087
G1 F3600 X122.589 Y120.669 E456.88852
G0 F9000 X121.973 Y118.894
G1 F3600 X118.224 Y115.145 E457.22273
G0 F9000 X119.397 Y118.586
G1 F3600 X121.654 Y117.981 E457.37003
G0 F9000 X118.836 Y109.885
G1 F3600 X116.63 Y110.476 E457.51399
G1 X116.54 Y110.209
G1 X117.588 Y106.299 E457.76916
G0 F9000 X116.019 Y101.788
G1 F3600 X113.954 Y102.341 E457.90392
G0 F9000 X112.634 Y97.579
G0 X111.176 Y97.636
G0 X109.963 Y103.41
G1 F3600 X102.512 Y105.407 E458.39018
G0 F9000 X104.054 Y100.975
G1 F3600 X109.147 Y106.068 E458.8442
G0 F9000 X100.931 Y109.944
G1 F3600 X106.134 Y115.147 E459.30803
G0 F9000 X105.779 Y115.029
;MESH:NONMESH
G0 F600 X105.779 Y115.029 Z3.36
G0 F9000 X111.055 Y98.068
G0 X111.348 Y98.103
;TIME_ELAPSED:366.396054
;LAYER:11
;TYPE:WALL-INNER
;MESH:felipe_mvm_v.stl
G1 F3900 X111.606 Y97.9 E459.32618
G1 X111.895 Y97.82 E459.34276
G1 X112.115 Y97.838 E459.35497
G1 X112.333 Y97.932 E459.3681
G1 X112.527 Y98.118 E459.38296
G1 X112.624 Y98.31 E459.39485
G1 X112.697 Y98.673 E459.41533
G1 X112.905 Y99.553 E459.46533
G1 X113.22 Y100.674 E459.52971
G1 X113.405 Y101.393 E459.57077
G1 X114.511 Y105.038 E459.78139
G1 X120.445 Y122.427 E460.79736
G1 X120.754 Y123.31 E460.84909
G1 X120.858 Y123.685 E460.87061
G1 X120.924 Y123.958 E460.88614
G1 X121.194 Y125.283 E460.96091
G1 X121.164 Y125.833 E460.99136
G1 X121.096 Y126.224 E461.01331
G1 X120.968 Y126.585 E461.03449
G1 X120.801 Y126.903 E461.05435
G1 X120.577 Y127.196 E461.07474
G1 X120.313 Y127.447 E461.09489
G1 X120.039 Y127.641 E461.11345
G1 X119.659 Y127.852 E461.13748
G1 X119.289 Y127.984 E461.15921
G1 X118.942 Y128.073 E461.17901
G1 X118.535 Y128.127 E461.20172
G1 X118.203 Y128.141 E461.22009
G1 X115.901 Y128.141 E461.34738
G1 X115.901 Y129.755 E461.43663
G1 X129.321 Y129.755 E462.17868
G1 X129.321 Y128.141 E462.26793
G1 X127.001 Y128.136 E462.39622
G1 X126.481 Y128.009 E462.42581
G1 X126.008 Y127.747 E462.45571
G1 X125.686 Y127.462 E462.47949
G1 X125.348 Y127.076 E462.50786
G1 X125.064 Y126.577 E462.53961
G1 X124.856 Y126.143 E462.56622
G1 X124.497 Y125.286 E462.6176
G1 X124.274 Y124.711 E462.6517
G1 X123.976 Y123.888 E462.7001
G1 X112.267 Y90.245 E464.66984
G1 X107.526 Y90.245 E464.93199
G1 X95.371 Y125.159 E466.97621
G1 X95.271 Y125.412 E466.99125
G1 X95.143 Y125.686 E467.00797
G1 X94.904 Y126.116 E467.03518
G1 X94.476 Y126.652 E467.0731
G1 X94.127 Y127.015 E467.10095
G1 X93.662 Y127.41 E467.13468
G1 X93.137 Y127.686 E467.16748
G1 X92.747 Y127.844 E467.19075
G1 X92.156 Y128.027 E467.22496
G1 X91.548 Y128.137 E467.25912
G1 X90.679 Y128.14 E467.30718
G1 X90.679 Y129.755 E467.39648
G1 X108.184 Y129.755 E468.36442
G1 X108.184 Y128.141 E468.45366
G1 X106.034 Y128.135 E468.57255
G1 X105.695 Y128.098 E468.5914
G1 X105.439 Y128.048 E468.60583
G1 X105.113 Y127.962 E468.62447
G1 X104.753 Y127.829 E468.64569
G1 X104.429 Y127.642 E468.66638
G1 X104.136 Y127.434 E468.68624
G1 X103.83 Y127.154 E468.70918
G1 X103.546 Y126.724 E468.73767
G1 X103.406 Y126.319 E468.76137
G1 X103.314 Y125.824 E468.78921
G1 X103.32 Y125.252 E468.82084
G1 X103.357 Y124.857 E468.84278
G1 X103.435 Y124.387 E468.86912
G1 X103.554 Y123.845 E468.8998
G1 X103.664 Y123.424 E468.92386
G1 X103.79 Y123.005 E468.94806
G1 X109.707 Y105.174 E469.98689
G1 X110.15 Y103.68 E470.07306
G1 X110.294 Y103.154 E470.10321
G1 X110.536 Y102.166 E470.15946
G1 X111.004 Y100.02 E470.28091
G1 X111.109 Y99.408 E470.31525
G1 X111.174 Y98.952 E470.34071
G1 X111.24 Y98.407 E470.37107
G1 X111.348 Y98.103 E470.38891
G0 F9000 X111.762 Y98.371
;TYPE:WALL-OUTER
G1 F3000 X111.939 Y98.294 E470.39852
G1 X112.074 Y98.33 E470.40547
G1 X112.164 Y98.444 E470.4127
G1 X112.235 Y98.781 E470.42984
G1 X112.454 Y99.706 E470.47714
G1 X112.763 Y100.807 E470.53405
G1 X112.94 Y101.495 E470.5694
G1 X114.062 Y105.192 E470.76167
G1 X119.997 Y122.584 E471.6762
G1 X120.296 Y123.438 E471.72123
G1 X120.396 Y123.797 E471.73978
G1 X120.458 Y124.053 E471.75289
G1 X120.715 Y125.312 E471.81683
G1 X120.689 Y125.802 E471.84125
G1 X120.628 Y126.123 E471.85751
G1 X120.535 Y126.39 E471.87158
G1 X120.388 Y126.66 E471.88688
G1 X120.209 Y126.89 E471.90139
G1 X120.022 Y127.069 E471.91427
G1 X119.741 Y127.268 E471.9314
G1 X119.448 Y127.423 E471.9479
G1 X119.188 Y127.518 E471.96168
G1 X118.853 Y127.605 E471.9789
G1 X118.515 Y127.652 E471.99588
G1 X118.183 Y127.666 E472.01242
G1 X115.426 Y127.666 E472.14962
G1 X115.426 Y130.23 E472.27722
G1 X129.796 Y130.23 E472.99235
G1 X129.796 Y127.666 E473.11995
G1 X127.06 Y127.661 E473.25611
G1 X126.655 Y127.562 E473.27686
G1 X126.268 Y127.343 E473.29899
G1 X126.043 Y127.148 E473.3138
G1 X125.727 Y126.782 E473.33787
G1 X125.499 Y126.385 E473.36065
G1 X125.294 Y125.959 E473.38418
G1 X124.94 Y125.115 E473.42972
G1 X124.721 Y124.55 E473.45988
G1 X124.425 Y123.732 E473.50317
G1 X112.605 Y89.77 E475.29274
G1 X107.188 Y89.77 E475.56232
G1 X94.929 Y124.984 E477.41792
G1 X94.823 Y125.251 E477.43222
G1 X94.706 Y125.497 E477.44577
G1 X94.498 Y125.863 E477.46672
G1 X94.13 Y126.326 E477.49616
G1 X93.82 Y126.653 E477.51858
G1 X93.412 Y126.999 E477.5452
G1 X92.956 Y127.247 E477.57103
G1 X92.606 Y127.39 E477.58985
G1 X92.015 Y127.573 E477.62064
G1 X91.522 Y127.659 E477.64554
G1 X90.204 Y127.666 E477.71114
G1 X90.204 Y130.23 E477.83874
G1 X108.659 Y130.23 E478.75716
G1 X108.659 Y127.666 E478.88476
G1 X106.082 Y127.662 E479.013
G1 X105.786 Y127.631 E479.02781
G1 X105.515 Y127.578 E479.04155
G1 X105.237 Y127.503 E479.05588
G1 X104.943 Y127.39 E479.07156
G1 X104.714 Y127.261 E479.08464
G1 X104.457 Y127.083 E479.1002
G1 X104.194 Y126.843 E479.11792
G1 X103.975 Y126.512 E479.13767
G1 X103.864 Y126.184 E479.1549
G1 X103.793 Y125.801 E479.17428
G1 X103.793 Y125.297 E479.19937
G1 X103.833 Y124.885 E479.21997
G1 X103.906 Y124.456 E479.24162
G1 X104.014 Y123.965 E479.26664
G1 X104.119 Y123.561 E479.28741
G1 X104.241 Y123.155 E479.30851
G1 X110.161 Y105.316 E480.24389
G1 X110.607 Y103.81 E480.32205
G1 X110.754 Y103.274 E480.34971
G1 X110.989 Y102.317 E480.39875
G1 X111.471 Y100.11 E480.51117
G1 X111.578 Y99.482 E480.54287
G1 X111.65 Y98.973 E480.56846
G1 X111.709 Y98.483 E480.59302
G1 X111.762 Y98.371 E480.59918
G0 F9000 X111.939 Y98.294
G0 X111.945 Y98.295
G0 X111.917 Y97.538
G0 X112.634 Y97.579
G0 X115.368 Y99.918
;TYPE:FILL
G1 F3600 X107.249 Y91.798 E481.32301
G0 F9000 X105.832 Y95.871
G1 F3600 X113.266 Y93.879 E481.80815
G0 F9000 X112.471 Y91.595
G1 F3600 X106.274 Y114.722 E483.31742
G1 X106.203 Y114.936
G1 X101.003 Y109.736 E483.78099
G0 F9000 X102.433 Y105.633
G1 F3600 X109.901 Y103.632 E484.26835
G0 F9000 X109.216 Y105.858
G1 F3600 X104.126 Y100.767 E484.72215
G0 F9000 X111.177 Y97.636
G0 X112.634 Y97.579
G0 X114.01 Y102.531
G1 F3600 X116.084 Y101.975 E484.8575
G0 F9000 X117.473 Y105.964
G1 F3600 X116.425 Y109.873 E485.11261
G0 F9000 X116.695 Y110.663
G1 F3600 X118.902 Y110.072 E485.25664
G0 F9000 X118.08 Y114.721
G1 F3600 X121.825 Y118.466 E485.59049
G0 F9000 X121.72 Y118.168
G1 F3600 X119.462 Y118.773 E485.73785
G0 F9000 X122.474 Y120.334
G1 F3600 X121.319 Y124.643 E486.01906
G0 F9000 X121.361 Y125.288
G0 X121.255 Y126.26
G0 X120.845 Y127.254
G1 F3600 X124.627 Y126.241 E486.26587
G0 F9000 X120.532 Y127.583
G1 F3600 X120.016 Y129.505 E486.39131
G0 F9000 X120.771 Y129.503
G1 F3600 X119.456 Y128.189 E486.5085
G0 F9000 X116.607 Y128.39
G1 F3600 X116.151 Y128.512 E486.53825
G1 F2400 E484.53825
G0 F9000 X118.989 Y128.231
G0 X119.743 Y127.991
G0 X120.414 Y127.575
G0 X120.94 Y126.991
G0 X121.255 Y126.26
G0 X121.361 Y125.288
G0 X120.904 Y123.244
G0 X112.634 Y97.579
G0 X111.177 Y97.636
G0 X103.392 Y123.822
G0 X103.154 Y125.276
G0 X103.15 Y125.838
G0 X103.396 Y126.793
G0 X103.707 Y127.265
G0 X104.367 Y127.798
G0 X104.961 Y128.078
G0 X107.934 Y128.758
G1 F1200 E486.53825
G1 F3600 X107.564 Y128.388 E486.57124
G0 F9000 X105.703 Y128.266
G0 X104.687 Y127.978
G0 X104.07 Y127.593
G0 X103.777 Y127.328
G0 X103.157 Y126.355
G1 F3600 X102.314 Y129.504 E486.77673
G0 F9000 X103.248 Y124.072
G1 F3600 X97.881 Y118.706 E487.25513
G0 F9000 X99.035 Y115.395
G1 F3600 X106.735 Y113.332 E487.75763
G0 F9000 X103.514 Y123.047
G1 F3600 X95.636 Y125.158 E488.27175
G0 F9000 X95.154 Y126.006
G0 X94.286 Y127.202
G1 F3600 X96.588 Y129.504 E488.47697
G0 F9000 X93.462 Y129.505
G1 F3600 X94.017 Y127.432 E488.61224
G1 F2400 E486.61224
G0 F9000 X103.629 Y122.964
G0 X111.177 Y97.636
G0 X112.634 Y97.579
G0 X121.081 Y123.911
G0 X121.361 Y125.288
G0 X128.868 Y129.505
G1 F1200 E488.61224
G1 F3600 X129.07 Y128.752 E488.66139
G0 F9000 X128.696 Y128.764
G1 F2400 E486.66139
;MESH:NONMESH
G0 F600 X128.696 Y128.764 Z3.64
G0 F9000 X126.42 Y128.163
G0 X125.918 Y127.885
G0 X125.218 Y127.178
G0 X124.717 Y126.237
G0 X112.634 Y97.579
G0 X112.297 Y97.523
G1 F1200 E488.66139
G0 F9000 X112.311 Y97.918
;TIME_ELAPSED:384.970099
;LAYER:12
;TYPE:WALL-INNER
;MESH:felipe_mvm_v.stl
G1 F3900 X112.518 Y98.107 E488.67689
G1 X112.624 Y98.309 E488.6895
G1 X112.697 Y98.673 E488.71003
G1 X112.911 Y99.578 E488.76145
G1 X113.223 Y100.685 E488.82505
G1 X113.406 Y101.394 E488.86554
G1 X114.509 Y105.033 E489.07579
G1 X120.446 Y122.43 E490.09223
G1 X120.745 Y123.281 E490.14211
G1 X120.832 Y123.581 E490.15938
G1 X120.924 Y123.958 E490.18084
G1 X121.194 Y125.284 E490.25567
G1 X121.165 Y125.823 E490.28551
G1 X121.097 Y126.212 E490.30735
G1 X120.968 Y126.586 E490.32923
G1 X120.801 Y126.903 E490.34904
G1 X120.577 Y127.196 E490.36943
G1 X120.313 Y127.447 E490.38957
G1 X120.039 Y127.641 E490.40814
G1 X119.659 Y127.852 E490.43217
G1 X119.289 Y127.984 E490.45389
G1 X118.942 Y128.073 E490.4737
G1 X118.535 Y128.127 E490.4964
G1 X118.203 Y128.141 E490.51478
G1 X115.901 Y128.141 E490.64207
G1 X115.901 Y129.755 E490.73131
G1 X129.321 Y129.755 E491.47337
G1 X129.321 Y128.141 E491.56262
G1 X127.001 Y128.136 E491.6909
G1 X126.481 Y128.009 E491.7205
G1 X126.013 Y127.75 E491.75008
G1 X125.717 Y127.498 E491.77157
G1 X125.355 Y127.087 E491.80186
G1 X125.019 Y126.5 E491.83926
G1 X124.734 Y125.868 E491.87759
G1 X124.497 Y125.29 E491.91214
G1 X124.276 Y124.717 E491.94609
G1 X123.976 Y123.888 E491.99484
G1 X112.267 Y90.245 E493.96458
G1 X107.526 Y90.245 E494.22673
G1 X95.371 Y125.159 E496.27095
G1 X95.271 Y125.412 E496.286
G1 X95.143 Y125.686 E496.30272
G1 X94.904 Y126.116 E496.32992
G1 X94.476 Y126.652 E496.36785
G1 X94.127 Y127.015 E496.39569
G1 X93.658 Y127.414 E496.42974
G1 X93.02 Y127.74 E496.46936
G1 X92.6 Y127.892 E496.49406
G1 X91.912 Y128.084 E496.53355
G1 X91.447 Y128.137 E496.55943
G1 X90.679 Y128.14 E496.6019
G1 X90.679 Y129.755 E496.6912
G1 X108.184 Y129.755 E497.65914
G1 X108.184 Y128.141 E497.74838
G1 X105.972 Y128.138 E497.8707
G1 X105.585 Y128.079 E497.89234
G1 X105.07 Y127.954 E497.92165
G1 X104.71 Y127.804 E497.94321
G1 X104.429 Y127.642 E497.96115
G1 X104.136 Y127.434 E497.98102
G1 X103.83 Y127.154 E498.00395
G1 X103.546 Y126.723 E498.03249
G1 X103.405 Y126.315 E498.05636
G1 X103.314 Y125.806 E498.08495
G1 X103.32 Y125.252 E498.11559
G1 X103.357 Y124.857 E498.13752
G1 X103.435 Y124.387 E498.16387
G1 X103.554 Y123.845 E498.19455
G1 X103.673 Y123.39 E498.22056
G1 X103.79 Y123.005 E498.24281
G1 X109.707 Y105.174 E499.28164
G1 X110.149 Y103.682 E499.36768
G1 X110.369 Y102.862 E499.41463
G1 X110.534 Y102.175 E499.4537
G1 X111.004 Y100.02 E499.57566
G1 X111.107 Y99.414 E499.60965
G1 X111.187 Y98.86 E499.6406
G1 X111.24 Y98.408 E499.66576
G1 X111.323 Y98.173 E499.67955
G1 X111.5 Y97.969 E499.69448
G1 X111.717 Y97.854 E499.70806
G1 X112.082 Y97.831 E499.72828
G1 X112.311 Y97.918 E499.74183
G0 F9000 X111.793 Y98.343
;TYPE:WALL-OUTER
G1 F3000 X111.994 Y98.297 E499.75209
G1 X112.067 Y98.326 E499.756
G1 X112.164 Y98.444 E499.7636
G1 X112.235 Y98.781 E499.78074
G1 X112.444 Y99.671 E499.82624
G1 X112.763 Y100.804 E499.88481
G1 X112.951 Y101.531 E499.92218
G1 X114.06 Y105.186 E500.11226
G1 X119.998 Y122.587 E501.02726
G1 X120.289 Y123.414 E501.07089
G1 X120.37 Y123.694 E501.0854
G1 X120.458 Y124.053 E501.10379
G1 X120.719 Y125.336 E501.16895
G1 X120.692 Y125.782 E501.19119
G1 X120.636 Y126.096 E501.20706
G1 X120.535 Y126.39 E501.22253
G1 X120.388 Y126.66 E501.23783
G1 X120.209 Y126.89 E501.25233
G1 X120.022 Y127.069 E501.26522
G1 X119.741 Y127.268 E501.28235
G1 X119.448 Y127.423 E501.29885
G1 X119.188 Y127.518 E501.31262
G1 X118.853 Y127.605 E501.32985
G1 X118.515 Y127.652 E501.34683
G1 X118.183 Y127.666 E501.36337
G1 X115.426 Y127.666 E501.50057
G1 X115.426 Y130.23 E501.62817
G1 X129.796 Y130.23 E502.3433
G1 X129.796 Y127.666 E502.4709
G1 X127.06 Y127.661 E502.60706
G1 X126.655 Y127.562 E502.6278
G1 X126.268 Y127.344 E502.64991
G1 X126.063 Y127.169 E502.66332
G1 X125.732 Y126.79 E502.68836
G1 X125.439 Y126.278 E502.71772
G1 X125.173 Y125.687 E502.74997
G1 X124.941 Y125.119 E502.78051
G1 X124.723 Y124.555 E502.8106
G1 X124.425 Y123.732 E502.85416
G1 X112.605 Y89.77 E504.64373
G1 X107.188 Y89.77 E504.91331
G1 X94.929 Y124.984 E506.76891
G1 X94.823 Y125.251 E506.7832
G1 X94.706 Y125.497 E506.79676
G1 X94.498 Y125.863 E506.81771
G1 X94.13 Y126.326 E506.84714
G1 X93.82 Y126.653 E506.86957
G1 X93.371 Y127.027 E506.89865
G1 X92.856 Y127.294 E506.92752
G1 X92.469 Y127.435 E506.94802
G1 X91.853 Y127.611 E506.9799
G1 X91.422 Y127.662 E507.0015
G1 X90.204 Y127.666 E507.06211
G1 X90.204 Y130.23 E507.18971
G1 X108.659 Y130.23 E508.10813
G1 X108.659 Y127.666 E508.23573
G1 X105.999 Y127.661 E508.36811
G1 X105.636 Y127.605 E508.38639
G1 X105.204 Y127.496 E508.40856
G1 X104.97 Y127.403 E508.42109
G1 X104.714 Y127.261 E508.43566
G1 X104.457 Y127.083 E508.45122
G1 X104.194 Y126.843 E508.46893
G1 X103.975 Y126.512 E508.48869
G1 X103.864 Y126.182 E508.50601
G1 X103.793 Y125.787 E508.52598
G1 X103.793 Y125.297 E508.55037
G1 X103.833 Y124.885 E508.57097
G1 X103.906 Y124.456 E508.59263
G1 X104.014 Y123.965 E508.61764
G1 X104.128 Y123.527 E508.64017
G1 X104.241 Y123.155 E508.65952
G1 X110.161 Y105.316 E509.59489
G1 X110.607 Y103.81 E509.67305
G1 X110.84 Y102.934 E509.71816
G1 X110.998 Y102.276 E509.75184
G1 X111.471 Y100.11 E509.86217
G1 X111.577 Y99.482 E509.89387
G1 X111.658 Y98.921 E509.92208
G1 X111.709 Y98.484 E509.94397
G1 X111.793 Y98.343 E509.95214
G0 F9000 X111.988 Y98.299
G0 X111.958 Y97.536
G0 X112.565 Y97.573
G0 X115.219 Y99.489
;TYPE:FILL
G1 F3600 X107.321 Y91.59 E510.65626
G0 F9000 X105.753 Y96.097
G1 F3600 X113.331 Y94.066 E511.15081
G0 F9000 X112.355 Y91.262
G1 F3600 X105.21 Y117.928 E512.89103
G0 F9000 X106.273 Y114.726
G1 F3600 X101.076 Y109.529 E513.35433
G0 F9000 X102.355 Y105.859
G1 F3600 X109.836 Y103.855 E513.84253
G0 F9000 X109.286 Y105.648
G1 F3600 X104.198 Y100.559 E514.29615
G0 F9000 X111.174 Y97.637
G0 X112.633 Y97.578
G0 X114.068 Y102.72
G1 F3600 X116.149 Y102.163 E514.43195
G0 F9000 X117.357 Y105.632
G1 F3600 X116.31 Y109.536 E514.68674
G0 F9000 X116.759 Y110.851
G1 F3600 X118.968 Y110.259 E514.8309
G0 F9000 X117.934 Y114.296
G1 F3600 X121.675 Y118.036 E515.16435
G0 F9000 X121.785 Y118.356
G1 F3600 X119.526 Y118.961 E515.31177
G0 F9000 X122.358 Y120.001
G1 F3600 X121.23 Y124.211 E515.58651
G0 F9000 X121.361 Y125.29
G0 X121.255 Y126.26
G0 X121.078 Y126.673
G0 X120.589 Y127.528
G1 F3600 X124.71 Y126.424 E515.85545
G0 F9000 X120.274 Y127.78
G1 F3600 X119.812 Y129.505 E515.96802
G0 F9000 X121.051 Y129.503
G1 F3600 X119.663 Y128.116 E516.09171
G0 F9000 X119.358 Y128.164
G0 X117.371 Y128.39
G1 F3600 X116.151 Y128.717 E516.17133
G1 F2400 E514.17133
G0 F9000 X119.375 Y128.132
G0 X120.092 Y127.806
G0 X120.699 Y127.307
G0 X121.126 Y126.639
G0 X121.326 Y125.868
G0 X121.361 Y125.29
G0 X120.896 Y123.217
G0 X112.633 Y97.578
G0 X111.174 Y97.637
G0 X103.393 Y123.822
G0 X103.154 Y125.275
G0 X103.15 Y125.825
G0 X103.396 Y126.793
G0 X103.707 Y127.265
G0 X104.367 Y127.798
G0 X105.032 Y128.112
G0 X105.788 Y128.265
G0 X107.934 Y128.478
G1 F1200 E516.17133
G1 F3600 X107.845 Y128.389 E516.17926
G0 F9000 X105.522 Y128.235
G0 X104.687 Y127.978
G0 X104.07 Y127.593
G0 X103.707 Y127.265
G0 X103.456 Y126.884
G0 X103.075 Y125.897
G1 F3600 X102.109 Y129.504 E516.41464
G0 F9000 X96.868 Y129.504
G1 F3600 X94.428 Y127.064 E516.63216
G0 F9000 X93.756 Y127.642
G1 F3600 X93.257 Y129.505 E516.75374
G0 F9000 X95.548 Y125.386
G1 F3600 X103.447 Y123.27 E517.26922
G0 F9000 X103.297 Y123.841
G1 F3600 X97.954 Y118.498 E517.74553
G0 F9000 X98.956 Y115.622
G1 F3600 X106.66 Y113.557 E518.2483
G1 F2400 E516.2483
G0 F9000 X111.174 Y97.637
G0 X112.633 Y97.578
G0 X124.875 Y126.58
G0 X125.223 Y127.185
G0 X125.918 Y127.885
G0 X126.42 Y128.163
G0 X126.879 Y128.273
G0 X128.962 Y128.388
G1 F1200 E518.2483
G1 F3600 X128.663 Y129.505 E518.32119
G0 F9000 X128.663 Y129.13
G1 F2400 E516.32119
;MESH:NONMESH
G0 F600 X128.663 Y129.13 Z3.92
G0 F9000 X126.42 Y128.163
G0 X125.918 Y127.885
G0 X125.223 Y127.185
G0 X124.588 Y125.942
G0 X112.633 Y97.578
G0 X111.174 Y97.637
G0 X111.054 Y98.07
G1 F1200 E518.32119
G0 F9000 X111.348 Y98.104
;TIME_ELAPSED:403.192043
;LAYER:13
;TYPE:WALL-INNER
;MESH:felipe_mvm_v.stl
G1 F3900 X111.606 Y97.901 E518.33935
G1 X111.951 Y97.821 E518.35893
G1 X112.147 Y97.848 E518.36987
G1 X112.356 Y97.949 E518.38271
G1 X112.536 Y98.133 E518.39694
G1 X112.613 Y98.29 E518.40661
G1 X112.912 Y99.592 E518.48048
G1 X113.222 Y100.682 E518.54314
G1 X113.398 Y101.369 E518.58235
G1 X114.511 Y105.04 E518.79446
G1 X120.447 Y122.434 E519.81073
G1 X120.568 Y122.763 E519.83011
G1 X120.781 Y123.402 E519.86736
G1 X120.923 Y123.954 E519.89887
G1 X121.155 Y125.06 E519.96136
G1 X121.185 Y125.501 E519.9858
G1 X121.165 Y125.823 E520.00364
G1 X121.098 Y126.208 E520.02525
G1 X120.968 Y126.585 E520.0473
G1 X120.801 Y126.903 E520.06716
G1 X120.577 Y127.196 E520.08756
G1 X120.313 Y127.447 E520.1077
G1 X120.039 Y127.641 E520.12626
G1 X119.659 Y127.852 E520.1503
G1 X119.289 Y127.984 E520.17202
G1 X118.942 Y128.073 E520.19183
G1 X118.535 Y128.127 E520.21453
G1 X118.203 Y128.141 E520.2329
G1 X115.901 Y128.141 E520.36019
G1 X115.901 Y129.755 E520.44944
G1 X129.321 Y129.755 E521.1915
G1 X129.321 Y128.141 E521.28074
G1 X127.001 Y128.136 E521.40903
G1 X126.481 Y128.009 E521.43863
G1 X126.008 Y127.747 E521.46853
G1 X125.686 Y127.462 E521.4923
G1 X125.348 Y127.076 E521.52067
G1 X125.064 Y126.578 E521.55237
G1 X124.87 Y126.176 E521.57706
G1 X124.734 Y125.868 E521.59567
G1 X124.5 Y125.298 E521.62974
G1 X124.278 Y124.721 E521.66393
G1 X123.976 Y123.888 E521.71292
G1 X112.267 Y90.245 E523.68266
G1 X107.526 Y90.245 E523.94481
G1 X95.371 Y125.159 E525.98903
G1 X95.271 Y125.412 E526.00407
G1 X95.143 Y125.686 E526.0208
G1 X94.904 Y126.116 E526.048
G1 X94.476 Y126.652 E526.08593
G1 X94.127 Y127.015 E526.11377
G1 X93.662 Y127.41 E526.14751
G1 X93.137 Y127.686 E526.18031
G1 X92.665 Y127.876 E526.20844
G1 X92.072 Y128.043 E526.24251
G1 X91.537 Y128.139 E526.27256
G1 X90.679 Y128.141 E526.32
G1 X90.679 Y129.755 E526.40925
G1 X108.184 Y129.755 E527.37719
G1 X108.184 Y128.141 E527.46643
G1 X106.034 Y128.135 E527.58532
G1 X105.696 Y128.098 E527.60412
G1 X105.444 Y128.049 E527.61832
G1 X105.113 Y127.962 E527.63724
G1 X104.753 Y127.829 E527.65846
G1 X104.429 Y127.642 E527.67915
G1 X104.136 Y127.434 E527.69902
G1 X103.83 Y127.154 E527.72195
G1 X103.546 Y126.723 E527.75049
G1 X103.405 Y126.315 E527.77436
G1 X103.314 Y125.806 E527.80295
G1 X103.32 Y125.252 E527.83359
G1 X103.357 Y124.857 E527.85552
G1 X103.435 Y124.387 E527.88187
G1 X103.554 Y123.845 E527.91255
G1 X103.673 Y123.39 E527.93856
G1 X103.79 Y123.005 E527.96081
G1 X109.707 Y105.174 E528.99964
G1 X110.149 Y103.681 E529.08574
G1 X110.368 Y102.867 E529.13235
G1 X110.534 Y102.176 E529.17164
G1 X111.004 Y100.02 E529.29366
G1 X111.101 Y99.454 E529.32541
G1 X111.178 Y98.919 E529.3553
G1 X111.24 Y98.408 E529.38376
G1 X111.348 Y98.104 E529.4016
G0 F9000 X112.081 Y98.337
;TYPE:WALL-OUTER
G1 F3000 X112.164 Y98.446 E529.40842
G1 X112.225 Y98.745 E529.42361
G1 X112.445 Y99.684 E529.4716
G1 X112.762 Y100.801 E529.52939
G1 X112.94 Y101.497 E529.56514
G1 X114.062 Y105.194 E529.75741
G1 X120.001 Y122.597 E530.67252
G1 X120.118 Y122.916 E530.68943
G1 X120.335 Y123.568 E530.72362
G1 X120.458 Y124.051 E530.74843
G1 X120.686 Y125.143 E530.80394
G1 X120.71 Y125.441 E530.81882
G1 X120.692 Y125.782 E530.83582
G1 X120.636 Y126.095 E530.85164
G1 X120.535 Y126.39 E530.86716
G1 X120.388 Y126.66 E530.88246
G1 X120.209 Y126.89 E530.89696
G1 X120.022 Y127.069 E530.90984
G1 X119.741 Y127.268 E530.92698
G1 X119.448 Y127.423 E530.94347
G1 X119.188 Y127.518 E530.95725
G1 X118.853 Y127.605 E530.97447
G1 X118.515 Y127.652 E530.99146
G1 X118.183 Y127.666 E531.00799
G1 X115.426 Y127.666 E531.1452
G1 X115.426 Y130.23 E531.2728
G1 X129.796 Y130.23 E531.98793
G1 X129.796 Y127.666 E532.11552
G1 X127.06 Y127.661 E532.25168
G1 X126.655 Y127.562 E532.27243
G1 X126.268 Y127.343 E532.29456
G1 X126.043 Y127.148 E532.30938
G1 X125.727 Y126.782 E532.33344
G1 X125.492 Y126.371 E532.357
G1 X125.305 Y125.984 E532.37839
G1 X125.173 Y125.687 E532.39457
G1 X124.943 Y125.127 E532.42469
G1 X124.725 Y124.559 E532.45497
G1 X124.425 Y123.732 E532.49875
G1 X112.605 Y89.77 E534.28832
G1 X107.188 Y89.77 E534.5579
G1 X94.929 Y124.984 E536.4135
G1 X94.823 Y125.251 E536.4278
G1 X94.706 Y125.497 E536.44135
G1 X94.498 Y125.863 E536.4623
G1 X94.13 Y126.326 E536.49174
G1 X93.82 Y126.653 E536.51416
G1 X93.412 Y126.999 E536.54078
G1 X92.956 Y127.247 E536.56661
G1 X92.561 Y127.41 E536.58788
G1 X91.921 Y127.59 E536.62097
G1 X91.511 Y127.661 E536.64167
G1 X90.204 Y127.666 E536.70672
G1 X90.204 Y130.23 E536.83432
G1 X108.659 Y130.23 E537.75274
G1 X108.659 Y127.666 E537.88034
G1 X106.082 Y127.662 E538.00858
G1 X105.787 Y127.631 E538.02334
G1 X105.519 Y127.579 E538.03693
G1 X105.237 Y127.503 E538.05146
G1 X104.943 Y127.39 E538.06714
G1 X104.714 Y127.261 E538.08022
G1 X104.457 Y127.083 E538.09578
G1 X104.194 Y126.843 E538.1135
G1 X103.975 Y126.512 E538.13325
G1 X103.864 Y126.182 E538.15057
G1 X103.793 Y125.787 E538.17055
G1 X103.793 Y125.297 E538.19493
G1 X103.833 Y124.885 E538.21553
G1 X103.906 Y124.456 E538.23719
G1 X104.014 Y123.965 E538.26221
G1 X104.128 Y123.527 E538.28473
G1 X104.241 Y123.155 E538.30408
G1 X110.161 Y105.316 E539.23945
G1 X110.607 Y103.81 E539.31762
G1 X110.828 Y102.984 E539.36017
G1 X110.998 Y102.277 E539.39636
G1 X111.471 Y100.11 E539.50674
G1 X111.57 Y99.528 E539.53612
G1 X111.644 Y99.021 E539.56161
G1 X111.716 Y98.427 E539.59139
G1 X111.827 Y98.321 E539.59903
G1 X111.951 Y98.296 E539.60532
G1 X112.081 Y98.337 E539.61211
G0 F9000 X112.164 Y98.446
G0 X112.176 Y98.507
G0 X112.864 Y98.37
G0 X115.069 Y99.059
;TYPE:FILL
G1 F3600 X107.393 Y91.382 E540.29644
G0 F9000 X112.24 Y90.93
G1 F3600 X104.146 Y121.135 E542.26763
G0 F9000 X103.386 Y123.491
G1 F3600 X95.451 Y125.617 E542.78546
G0 F9000 X94.563 Y126.919
G1 F3600 X97.148 Y129.504 E543.01591
G0 F9000 X93.518 Y127.766
G1 F3600 X93.052 Y129.505 E543.1294
G0 F9000 X101.904 Y129.504
G1 F3600 X103.082 Y125.104 E543.41652
G0 F9000 X103.354 Y123.619
G1 F3600 X98.026 Y118.29 E543.89154
G0 F9000 X98.877 Y115.847
G1 F3600 X106.585 Y113.782 E544.39456
G0 F9000 X106.343 Y114.516
G1 F3600 X101.148 Y109.321 E544.85768
G0 F9000 X102.275 Y106.085
G1 F3600 X109.77 Y104.077 E545.3468
G0 F9000 X109.356 Y105.438
G1 F3600 X104.271 Y100.352 E545.80015
G0 F9000 X105.675 Y96.323
G1 F3600 X113.396 Y94.254 E546.30403
G0 F9000 X116.215 Y102.35
G1 F3600 X114.125 Y102.91 E546.44042
G0 F9000 X117.241 Y105.299
G1 F3600 X116.196 Y109.2 E546.695
G0 F9000 X116.822 Y111.039
G1 F3600 X119.032 Y110.447 E546.83922
G0 F9000 X117.789 Y113.87
G1 F3600 X121.525 Y117.606 E547.17227
G0 F9000 X121.851 Y118.543
G1 F3600 X119.59 Y119.149 E547.31983
G0 F9000 X122.242 Y119.669
G1 F3600 X121.138 Y123.789 E547.5887
G0 F9000 X121.352 Y125.453
G0 X121.255 Y126.26
G0 X120.94 Y126.991
G0 X120.188 Y127.841
G1 F3600 X124.799 Y126.605 E547.88962
G0 F9000 X125.603 Y127.614
G0 X125.918 Y127.885
G0 X126.42 Y128.163
G0 X126.879 Y128.273
G0 X128.757 Y128.388
G1 F3600 X128.458 Y129.505 E547.96251
G0 F9000 X121.331 Y129.503
G1 F3600 X119.857 Y128.03 E548.09387
G1 X120.027 Y127.937
G1 X119.607 Y129.505 E548.19619
G0 F9000 X118.136 Y128.39
G1 F3600 X116.15 Y128.922 E548.3258
G0 F9000 X116.526 Y128.922
G1 F2400 E546.3258
;MESH:NONMESH
G0 F600 X116.526 Y128.922 Z4.2
G0 F9000 X119.743 Y127.991
G0 X120.414 Y127.575
G0 X120.94 Y126.991
G0 X121.255 Y126.26
G0 X121.352 Y125.453
G0 X121.079 Y123.902
G0 X112.8 Y98.051
G1 F1200 E548.3258
G0 F9000 X112.519 Y98.106
;TIME_ELAPSED:418.923692
;LAYER:14
;TYPE:WALL-INNER
;MESH:felipe_mvm_v.stl
G1 F3900 X112.613 Y98.288 E548.33712
G1 X112.911 Y99.579 E548.41039
G1 X113.053 Y100.07 E548.43865
G1 X113.403 Y101.385 E548.51389
G1 X114.511 Y105.037 E548.72492
G1 X120.445 Y122.429 E549.74104
G1 X120.734 Y123.247 E549.78902
G1 X120.83 Y123.573 E549.80781
G1 X120.923 Y123.955 E549.82955
G1 X121.15 Y125.045 E549.89111
G1 X121.188 Y125.451 E549.91366
G1 X121.157 Y125.886 E549.93777
G1 X121.096 Y126.213 E549.95617
G1 X120.978 Y126.563 E549.97659
G1 X120.802 Y126.902 E549.99771
G1 X120.577 Y127.196 E550.01818
G1 X120.313 Y127.447 E550.03833
G1 X120.039 Y127.641 E550.05689
G1 X119.659 Y127.852 E550.08092
G1 X119.289 Y127.984 E550.10265
G1 X118.942 Y128.073 E550.12245
G1 X118.535 Y128.127 E550.14516
G1 X118.203 Y128.141 E550.16353
G1 X115.901 Y128.141 E550.29082
G1 X115.901 Y129.755 E550.38007
G1 X129.321 Y129.755 E551.12212
G1 X129.321 Y128.141 E551.21137
G1 X127.001 Y128.136 E551.33965
G1 X126.481 Y128.009 E551.36925
G1 X126.013 Y127.75 E551.39883
G1 X125.72 Y127.5 E551.42013
G1 X125.359 Y127.094 E551.45017
G1 X125.025 Y126.512 E551.48727
G1 X124.733 Y125.865 E551.52652
G1 X124.392 Y125.024 E551.5767
G1 X124.117 Y124.284 E551.62036
G1 X112.267 Y90.246 E553.61328
G1 X107.526 Y90.246 E553.87544
G1 X95.371 Y125.159 E555.9196
G1 X95.271 Y125.412 E555.93465
G1 X95.143 Y125.686 E555.95137
G1 X94.904 Y126.116 E555.97857
G1 X94.476 Y126.652 E556.0165
G1 X94.127 Y127.015 E556.04434
G1 X93.662 Y127.41 E556.07808
G1 X93.137 Y127.686 E556.11088
G1 X92.747 Y127.844 E556.13414
G1 X92.156 Y128.027 E556.16835
G1 X91.535 Y128.139 E556.20325
G1 X90.679 Y128.141 E556.25058
G1 X90.679 Y129.755 E556.33983
G1 X108.184 Y129.755 E557.30776
G1 X108.184 Y128.141 E557.39701
G1 X105.972 Y128.138 E557.51932
G1 X105.585 Y128.079 E557.54097
G1 X105.07 Y127.954 E557.57027
G1 X104.71 Y127.804 E557.59184
G1 X104.429 Y127.642 E557.60977
G1 X104.136 Y127.434 E557.62964
G1 X103.829 Y127.152 E557.65269
G1 X103.566 Y126.756 E557.67898
G1 X103.472 Y126.544 E557.6918
G1 X103.336 Y126.019 E557.72179
G1 X103.306 Y125.399 E557.75611
G1 X103.364 Y124.805 E557.78911
G1 X103.435 Y124.387 E557.81256
G1 X103.554 Y123.845 E557.84324
G1 X103.673 Y123.39 E557.86925
G1 X103.79 Y123.005 E557.8915
G1 X109.707 Y105.174 E558.93033
G1 X110.149 Y103.681 E559.01643
G1 X110.367 Y102.871 E559.06281
G1 X110.534 Y102.176 E559.10233
G1 X111.004 Y100.02 E559.22435
G1 X111.107 Y99.414 E559.25834
G1 X111.188 Y98.852 E559.28974
G1 X111.24 Y98.408 E559.31445
G1 X111.323 Y98.173 E559.32824
G1 X111.5 Y97.969 E559.34317
G1 X111.717 Y97.854 E559.35675
G1 X112.083 Y97.83 E559.37703
G1 X112.312 Y97.918 E559.3906
G1 X112.519 Y98.106 E559.40606
G0 F9000 X112.067 Y98.325
;TYPE:WALL-OUTER
G1 F3000 X112.164 Y98.444 E559.4137
G1 X112.235 Y98.781 E559.43084
G1 X112.444 Y99.671 E559.47633
G1 X112.594 Y100.192 E559.50331
G1 X112.948 Y101.522 E559.57181
G1 X114.062 Y105.191 E559.76263
G1 X119.997 Y122.586 E560.6773
G1 X120.288 Y123.414 E560.72097
G1 X120.368 Y123.686 E560.73508
G1 X120.458 Y124.052 E560.75384
G1 X120.681 Y125.121 E560.80819
G1 X120.71 Y125.438 E560.82403
G1 X120.689 Y125.802 E560.84217
G1 X120.636 Y126.097 E560.85709
G1 X120.535 Y126.39 E560.87251
G1 X120.388 Y126.66 E560.88781
G1 X120.209 Y126.89 E560.90231
G1 X120.022 Y127.069 E560.9152
G1 X119.741 Y127.268 E560.93233
G1 X119.448 Y127.423 E560.94883
G1 X119.188 Y127.518 E560.9626
G1 X118.853 Y127.605 E560.97983
G1 X118.515 Y127.652 E560.99681
G1 X118.183 Y127.666 E561.01335
G1 X115.426 Y127.666 E561.15055
G1 X115.426 Y130.23 E561.27815
G1 X129.796 Y130.23 E561.99328
G1 X129.796 Y127.666 E562.12088
G1 X127.06 Y127.661 E562.25704
G1 X126.655 Y127.562 E562.27778
G1 X126.268 Y127.344 E562.29989
G1 X126.063 Y127.169 E562.3133
G1 X125.733 Y126.793 E562.3382
G1 X125.457 Y126.313 E562.36575
G1 X125.173 Y125.686 E562.40001
G1 X124.837 Y124.859 E562.44443
G1 X124.566 Y124.128 E562.48323
G1 X112.605 Y89.771 E564.29367
G1 X107.188 Y89.771 E564.56325
G1 X94.929 Y124.984 E566.4188
G1 X94.823 Y125.251 E566.4331
G1 X94.706 Y125.497 E566.44666
G1 X94.498 Y125.863 E566.46761
G1 X94.13 Y126.326 E566.49704
G1 X93.82 Y126.653 E566.51946
G1 X93.412 Y126.999 E566.54609
G1 X92.956 Y127.247 E566.57192
G1 X92.606 Y127.39 E566.59073
G1 X92.015 Y127.573 E566.62152
G1 X91.51 Y127.661 E566.64703
G1 X90.204 Y127.666 E566.71203
G1 X90.204 Y130.23 E566.83963
G1 X108.659 Y130.23 E567.75805
G1 X108.659 Y127.666 E567.88565
G1 X105.999 Y127.661 E568.01802
G1 X105.636 Y127.605 E568.0363
G1 X105.204 Y127.496 E568.05847
G1 X104.97 Y127.403 E568.07101
G1 X104.714 Y127.261 E568.08557
G1 X104.457 Y127.083 E568.10113
G1 X104.194 Y126.843 E568.11885
G1 X103.941 Y126.461 E568.14165
G1 X103.808 Y125.926 E568.16909
G1 X103.784 Y125.396 E568.19549
G1 X103.833 Y124.885 E568.22104
G1 X103.906 Y124.456 E568.24269
G1 X104.014 Y123.965 E568.26771
G1 X104.128 Y123.527 E568.29024
G1 X104.241 Y123.155 E568.30958
G1 X110.161 Y105.316 E569.24496
G1 X110.607 Y103.81 E569.32312
G1 X110.827 Y102.988 E569.36547
G1 X110.998 Y102.277 E569.40186
G1 X111.471 Y100.11 E569.51224
G1 X111.577 Y99.482 E569.54394
G1 X111.659 Y98.913 E569.57255
G1 X111.709 Y98.484 E569.59404
G1 X111.793 Y98.343 E569.60221
G1 X111.994 Y98.297 E569.61247
G1 X112.067 Y98.325 E569.61636
G0 F9000 X112.164 Y98.444
G0 X112.173 Y98.49
G0 X112.861 Y98.353
G0 X114.921 Y98.63
;TYPE:FILL
G1 F3600 X107.466 Y91.175 E570.28095
G0 F9000 X112.124 Y90.597
G1 F3600 X101.699 Y129.504 E572.82002
G0 F9000 X97.428 Y129.504
G1 F3600 X94.698 Y126.774 E573.06339
G0 F9000 X95.334 Y125.853
G1 F3600 X103.328 Y123.711 E573.58508
G0 F9000 X103.412 Y123.397
G1 F3600 X98.099 Y118.083 E574.05876
G0 F9000 X98.798 Y116.074
G1 F3600 X106.511 Y114.007 E574.56211
G0 F9000 X106.413 Y114.306
G1 F3600 X101.22 Y109.113 E575.02505
G0 F9000 X102.196 Y106.312
G1 F3600 X109.704 Y104.3 E575.51503
G0 F9000 X109.426 Y105.227
G1 F3600 X104.343 Y100.144 E575.96816
G0 F9000 X105.595 Y96.549
G1 F3600 X113.462 Y94.441 E576.48156
G0 F9000 X116.281 Y102.537
G1 F3600 X114.183 Y103.1 E576.61849
G0 F9000 X117.126 Y104.965
G1 F3600 X116.081 Y108.863 E576.87288
G0 F9000 X116.887 Y111.227
G1 F3600 X119.1 Y110.634 E577.0173
G0 F9000 X117.644 Y113.445
G1 F3600 X121.38 Y117.181 E577.35035
G0 F9000 X121.919 Y118.73
G1 F3600 X119.653 Y119.337 E577.49823
G0 F9000 X122.128 Y119.331
G1 F3600 X121.038 Y123.396 E577.76352
G0 F9000 X121.351 Y125.447
G0 X121.255 Y126.26
G0 X120.94 Y126.991
G0 X120.643 Y127.321
G0 X120.039 Y127.931
G1 F3600 X121.611 Y129.503 E577.90366
G0 F9000 X119.402 Y129.505
G1 F3600 X119.787 Y128.067 E577.9975
G0 F9000 X116.15 Y129.127
G1 F3600 X124.894 Y126.785 E578.56812
G0 F9000 X125.605 Y127.616
G0 X125.918 Y127.885
G0 X126.42 Y128.163
G0 X126.879 Y128.273
G0 X128.553 Y128.387
G1 F3600 X128.253 Y129.505 E578.64109
G1 F2400 E576.64109
G0 F9000 X121.312 Y125.013
G0 X120.896 Y123.217
G0 X112.633 Y97.578
G0 X111.174 Y97.638
G0 X104.873 Y118.846
G0 X93.279 Y127.892
G1 F1200 E578.64109
G1 F3600 X92.847 Y129.505 E578.74635
G0 F9000 X92.847 Y129.13
G1 F2400 E576.74635
;MESH:NONMESH
G0 F600 X92.847 Y129.13 Z4.48
G0 F9000 X95.04 Y126.206
G0 X111.055 Y98.069
G1 F1200 E578.74635
G0 F9000 X111.348 Y98.103
;TIME_ELAPSED:435.657000
;LAYER:15
;TYPE:WALL-INNER
;MESH:felipe_mvm_v.stl
G1 F3900 X111.606 Y97.9 E578.7645
G1 X111.895 Y97.82 E578.78108
G1 X112.115 Y97.838 E578.79329
G1 X112.333 Y97.932 E578.80641
G1 X112.527 Y98.118 E578.82128
G1 X112.624 Y98.31 E578.83317
G1 X112.697 Y98.673 E578.85364
G1 X112.904 Y99.551 E578.90352
G1 X113.089 Y100.196 E578.94063
G1 X113.398 Y101.367 E579.00759
G1 X114.511 Y105.039 E579.21976
G1 X120.446 Y122.43 E580.23585
G1 X120.734 Y123.247 E580.28375
G1 X120.824 Y123.557 E580.3016
G1 X120.924 Y123.958 E580.32445
G1 X121.152 Y125.066 E580.387
G1 X121.184 Y125.417 E580.40649
G1 X121.165 Y125.823 E580.42897
G1 X121.097 Y126.212 E580.4508
G1 X120.968 Y126.586 E580.47268
G1 X120.801 Y126.903 E580.49249
G1 X120.577 Y127.196 E580.51288
G1 X120.313 Y127.447 E580.53303
G1 X120.039 Y127.641 E580.55159
G1 X119.659 Y127.852 E580.57563
G1 X119.289 Y127.984 E580.59735
G1 X118.942 Y128.073 E580.61716
G1 X118.535 Y128.127 E580.63986
G1 X118.203 Y128.141 E580.65823
G1 X115.901 Y128.141 E580.78552
G1 X115.901 Y129.755 E580.87477
G1 X129.321 Y129.755 E581.61683
G1 X129.321 Y128.141 E581.70607
G1 X127.001 Y128.136 E581.83436
G1 X126.481 Y128.009 E581.86396
G1 X126.008 Y127.747 E581.89385
G1 X125.686 Y127.462 E581.91763
G1 X125.349 Y127.077 E581.94592
G1 X125.037 Y126.534 E581.98055
G1 X124.734 Y125.868 E582.02101
G1 X124.495 Y125.286 E582.0558
G1 X124.275 Y124.714 E582.08969
G1 X123.976 Y123.888 E582.13826
G1 X112.267 Y90.245 E584.108
G1 X107.526 Y90.245 E584.37015
G1 X95.371 Y125.159 E586.41437
G1 X95.271 Y125.412 E586.42941
G1 X95.143 Y125.686 E586.44614
G1 X94.904 Y126.116 E586.47334
G1 X94.476 Y126.652 E586.51127
G1 X94.127 Y127.015 E586.53911
G1 X93.662 Y127.41 E586.57285
G1 X93.137 Y127.686 E586.60564
G1 X92.747 Y127.844 E586.62891
G1 X92.156 Y128.027 E586.66312
G1 X91.535 Y128.139 E586.69801
G1 X90.679 Y128.141 E586.74535
G1 X90.679 Y129.755 E586.83459
G1 X108.184 Y129.755 E587.80253
G1 X108.184 Y128.141 E587.89178
G1 X105.972 Y128.138 E588.01409
G1 X105.585 Y128.079 E588.03574
G1 X105.07 Y127.954 E588.06504
G1 X104.71 Y127.804 E588.08661
G1 X104.429 Y127.642 E588.10454
G1 X104.136 Y127.434 E588.12441
G1 X103.83 Y127.154 E588.14734
G1 X103.546 Y126.724 E588.17584
G1 X103.405 Y126.317 E588.19966
G1 X103.342 Y125.962 E588.21959
G1 X103.306 Y125.412 E588.25007
G1 X103.357 Y124.857 E588.28089
G1 X103.435 Y124.387 E588.30723
G1 X103.613 Y123.609 E588.35136
G1 X103.723 Y123.221 E588.37366
G1 X109.707 Y105.174 E589.425
G1 X110.15 Y103.68 E589.51116
G1 X110.29 Y103.169 E589.54046
G1 X110.439 Y102.579 E589.57411
G1 X110.615 Y101.81 E589.61773
G1 X111.004 Y100.02 E589.71902
G1 X111.101 Y99.454 E589.75077
G1 X111.177 Y98.926 E589.78027
G1 X111.24 Y98.407 E589.80918
G1 X111.348 Y98.103 E589.82702
G0 F9000 X111.762 Y98.371
;TYPE:WALL-OUTER
G1 F3000 X111.939 Y98.294 E589.83662
G1 X112.074 Y98.33 E589.84358
G1 X112.164 Y98.444 E589.8508
G1 X112.235 Y98.781 E589.86794
G1 X112.444 Y99.671 E589.91344
G1 X112.63 Y100.317 E589.94689
G1 X112.941 Y101.496 E590.00757
G1 X114.062 Y105.193 E590.19983
G1 X119.998 Y122.588 E591.11452
G1 X120.289 Y123.415 E591.15814
G1 X120.363 Y123.671 E591.17141
G1 X120.465 Y124.082 E591.19248
G1 X120.686 Y125.168 E591.24763
G1 X120.71 Y125.439 E591.26117
G1 X120.692 Y125.782 E591.27827
G1 X120.636 Y126.096 E591.29414
G1 X120.535 Y126.39 E591.30961
G1 X120.388 Y126.66 E591.32491
G1 X120.209 Y126.89 E591.33941
G1 X120.022 Y127.069 E591.35229
G1 X119.741 Y127.268 E591.36943
G1 X119.448 Y127.423 E591.38593
G1 X119.188 Y127.518 E591.3997
G1 X118.853 Y127.605 E591.41693
G1 X118.515 Y127.652 E591.43391
G1 X118.183 Y127.666 E591.45045
G1 X115.426 Y127.666 E591.58765
G1 X115.426 Y130.23 E591.71525
G1 X129.796 Y130.23 E592.43038
G1 X129.796 Y127.666 E592.55798
G1 X127.06 Y127.661 E592.69413
G1 X126.655 Y127.562 E592.71488
G1 X126.268 Y127.343 E592.73701
G1 X126.043 Y127.148 E592.75183
G1 X125.727 Y126.782 E592.77589
G1 X125.439 Y126.278 E592.80478
G1 X125.173 Y125.687 E592.83703
G1 X124.939 Y125.115 E592.86779
G1 X124.722 Y124.553 E592.89777
G1 X124.425 Y123.731 E592.94127
G1 X112.605 Y89.77 E594.73079
G1 X107.188 Y89.77 E595.00037
G1 X94.929 Y124.984 E596.85597
G1 X94.823 Y125.251 E596.87026
G1 X94.706 Y125.497 E596.88382
G1 X94.498 Y125.863 E596.90477
G1 X94.13 Y126.326 E596.9342
G1 X93.82 Y126.653 E596.95663
G1 X93.412 Y126.999 E596.98325
G1 X92.956 Y127.247 E597.00908
G1 X92.606 Y127.39 E597.0279
G1 X92.015 Y127.573 E597.05869
G1 X91.51 Y127.661 E597.0842
G1 X90.204 Y127.666 E597.14919
G1 X90.204 Y130.23 E597.27679
G1 X108.659 Y130.23 E598.19521
G1 X108.659 Y127.666 E598.32281
G1 X105.999 Y127.661 E598.45519
G1 X105.636 Y127.605 E598.47347
G1 X105.204 Y127.496 E598.49564
G1 X104.97 Y127.403 E598.50817
G1 X104.714 Y127.261 E598.52274
G1 X104.457 Y127.083 E598.5383
G1 X104.194 Y126.843 E598.55601
G1 X103.975 Y126.512 E598.57577
G1 X103.864 Y126.182 E598.59309
G1 X103.81 Y125.879 E598.60841
G1 X103.783 Y125.399 E598.63233
G1 X103.833 Y124.885 E598.65803
G1 X103.906 Y124.454 E598.67979
G1 X104.07 Y123.738 E598.71634
G1 X104.174 Y123.371 E598.73533
G1 X110.161 Y105.316 E599.68195
G1 X110.607 Y103.81 E599.76012
G1 X110.749 Y103.29 E599.78694
G1 X110.901 Y102.691 E599.8177
G1 X111.08 Y101.911 E599.85752
G1 X111.471 Y100.111 E599.94919
G1 X111.57 Y99.528 E599.97862
G1 X111.643 Y99.029 E600.00372
G1 X111.709 Y98.483 E600.03109
G1 X111.762 Y98.371 E600.03725
G0 F9000 X111.939 Y98.294
G0 X111.945 Y98.295
G0 X111.917 Y97.538
G0 X112.497 Y97.57
G0 X114.771 Y98.2
;TYPE:FILL
G1 F3600 X107.538 Y90.967 E600.68205
G0 F9000 X111.947 Y90.493
G1 F3600 X101.494 Y129.504 E603.22791
G0 F9000 X97.708 Y129.504
G1 F3600 X94.823 Y126.619 E603.4851
G0 F9000 X95.201 Y126.094
G1 F3600 X103.281 Y123.929 E604.0124
G0 F9000 X103.473 Y123.178
G1 F3600 X98.171 Y117.875 E604.4851
G0 F9000 X98.72 Y116.3
G1 F3600 X106.44 Y114.231 E604.98891
G1 X106.485 Y114.098
G1 X101.293 Y108.906 E605.45176
G0 F9000 X102.118 Y106.537
G1 F3600 X109.638 Y104.523 E605.9425
G0 F9000 X109.494 Y105.015
G1 F3600 X104.415 Y99.936 E606.39528
G0 F9000 X105.517 Y96.775
G1 F3600 X113.527 Y94.629 E606.918
G0 F9000 X116.345 Y102.725
G1 F3600 X114.241 Y103.289 E607.05531
G0 F9000 X117.009 Y104.633
G1 F3600 X115.966 Y108.527 E607.30943
G0 F9000 X116.95 Y111.415
G1 F3600 X119.163 Y110.822 E607.45385
G0 F9000 X117.498 Y113.019
G1 F3600 X121.227 Y116.748 E607.78628
G0 F9000 X121.981 Y118.918
G1 F3600 X119.717 Y119.525 E607.93403
G0 F9000 X122.01 Y119.003
G1 F3600 X120.927 Y123.046 E608.19787
G0 F9000 X121.351 Y125.448
G0 X121.255 Y126.26
G0 X120.94 Y126.991
G0 X120.212 Y127.825
G1 F3600 X121.891 Y129.503 E608.34751
G0 F9000 X119.197 Y129.505
G1 F3600 X119.559 Y128.152 E608.4358
G0 F9000 X116.15 Y129.332
G1 F3600 X124.995 Y126.962 E609.01302
G0 F9000 X125.918 Y127.885
G0 X126.42 Y128.163
G0 X126.741 Y128.24
G0 X128.348 Y128.387
G1 F3600 X128.048 Y129.505 E609.08599
G1 F2400 E607.08599
G0 F9000 X121.318 Y125.066
G0 X120.896 Y123.219
G0 X112.634 Y97.579
G0 X111.177 Y97.636
G0 X104.223 Y120.992
G0 X93.048 Y127.99
G1 F1200 E609.08599
G1 F3600 X92.642 Y129.505 E609.18486
G0 F9000 X92.642 Y129.13
G1 F2400 E607.18486
;MESH:NONMESH
G0 F600 X92.642 Y129.13 Z4.76
G0 F9000 X95.04 Y126.206
G0 X111.177 Y97.636
G0 X112.634 Y97.579
G0 X112.8 Y98.051
G1 F1200 E609.18486
G0 F9000 X112.519 Y98.106
;TIME_ELAPSED:452.412532
;LAYER:16
;TYPE:WALL-INNER
;MESH:felipe_mvm_v.stl
G1 F3900 X112.613 Y98.288 E609.19618
G1 X112.898 Y99.526 E609.26643
G1 X113.218 Y100.668 E609.33201
G1 X113.406 Y101.393 E609.37342
G1 X114.512 Y105.039 E609.5841
G1 X120.446 Y122.428 E610.60007
G1 X120.746 Y123.285 E610.65028
G1 X120.867 Y123.716 E610.67503
G1 X121.151 Y125.043 E610.75007
G1 X121.185 Y125.488 E610.77475
G1 X121.157 Y125.886 E610.79681
G1 X121.103 Y126.186 E610.81366
G1 X120.968 Y126.585 E610.83695
G1 X120.801 Y126.903 E610.85681
G1 X120.577 Y127.196 E610.87721
G1 X120.313 Y127.447 E610.89735
G1 X120.039 Y127.641 E610.91592
G1 X119.659 Y127.852 E610.93995
G1 X119.289 Y127.984 E610.96167
G1 X118.942 Y128.073 E610.98148
G1 X118.535 Y128.127 E611.00418
G1 X118.203 Y128.141 E611.02256
G1 X115.901 Y128.141 E611.14985
G1 X115.901 Y129.755 E611.23909
G1 X129.321 Y129.755 E611.98115
G1 X129.321 Y128.141 E612.0704
G1 X127.001 Y128.136 E612.19868
G1 X126.481 Y128.009 E612.22828
G1 X126.008 Y127.747 E612.25818
G1 X125.686 Y127.462 E612.28196
G1 X125.308 Y127.029 E612.31374
G1 X125 Y126.453 E612.34986
G1 X124.733 Y125.865 E612.38556
G1 X124.376 Y124.983 E612.43818
G1 X124.117 Y124.284 E612.4794
G1 X112.267 Y90.246 E614.47232
G1 X107.526 Y90.246 E614.73448
G1 X95.371 Y125.159 E616.77864
G1 X95.271 Y125.412 E616.79369
G1 X95.143 Y125.686 E616.81041
G1 X94.904 Y126.116 E616.83761
G1 X94.476 Y126.652 E616.87554
G1 X94.127 Y127.015 E616.90338
G1 X93.662 Y127.41 E616.93712
G1 X93.137 Y127.686 E616.96992
G1 X92.747 Y127.844 E616.99319
G1 X92.156 Y128.027 E617.0274
G1 X91.535 Y128.139 E617.06229
G1 X90.679 Y128.141 E617.10962
G1 X90.679 Y129.755 E617.19887
G1 X108.184 Y129.755 E618.1668
G1 X108.184 Y128.141 E618.25605
G1 X105.972 Y128.138 E618.37836
G1 X105.585 Y128.079 E618.40001
G1 X105.07 Y127.954 E618.42931
G1 X104.71 Y127.804 E618.45088
G1 X104.429 Y127.642 E618.46881
G1 X104.136 Y127.434 E618.48868
G1 X103.83 Y127.154 E618.51162
G1 X103.546 Y126.724 E618.54011
G1 X103.405 Y126.317 E618.56393
G1 X103.342 Y125.962 E618.58387
G1 X103.306 Y125.412 E618.61434
G1 X103.357 Y124.857 E618.64516
G1 X103.435 Y124.387 E618.6715
G1 X103.554 Y123.845 E618.70219
G1 X103.673 Y123.39 E618.72819
G1 X103.79 Y123.005 E618.75044
G1 X109.708 Y105.172 E619.7894
G1 X109.933 Y104.429 E619.83233
G1 X110.289 Y103.172 E619.90457
G1 X110.535 Y102.168 E619.96172
G1 X111.004 Y100.02 E620.0833
G1 X111.112 Y99.388 E620.11875
G1 X111.189 Y98.846 E620.14902
G1 X111.24 Y98.408 E620.1734
G1 X111.323 Y98.174 E620.18713
G1 X111.5 Y97.969 E620.20211
G1 X111.717 Y97.854 E620.21569
G1 X112.083 Y97.83 E620.23597
G1 X112.312 Y97.918 E620.24953
G1 X112.519 Y98.106 E620.265
G0 F9000 X111.793 Y98.343
;TYPE:WALL-OUTER
G1 F3000 X111.994 Y98.297 E620.27526
G1 X112.067 Y98.325 E620.27915
G1 X112.164 Y98.444 E620.28679
G1 X112.235 Y98.781 E620.30393
G1 X112.454 Y99.707 E620.35128
G1 X112.758 Y100.786 E620.40707
G1 X112.941 Y101.496 E620.44356
G1 X114.063 Y105.193 E620.63583
G1 X119.998 Y122.585 E621.55036
G1 X120.289 Y123.416 E621.59417
G1 X120.402 Y123.816 E621.61486
G1 X120.682 Y125.12 E621.68123
G1 X120.71 Y125.439 E621.69717
G1 X120.689 Y125.802 E621.71526
G1 X120.636 Y126.097 E621.73018
G1 X120.535 Y126.39 E621.7456
G1 X120.388 Y126.66 E621.7609
G1 X120.209 Y126.89 E621.77541
G1 X120.022 Y127.069 E621.78829
G1 X119.741 Y127.268 E621.80542
G1 X119.448 Y127.423 E621.82192
G1 X119.188 Y127.518 E621.83569
G1 X118.853 Y127.605 E621.85292
G1 X118.515 Y127.652 E621.8699
G1 X118.183 Y127.666 E621.88644
G1 X115.426 Y127.666 E622.02364
G1 X115.426 Y130.23 E622.15124
G1 X129.796 Y130.23 E622.86637
G1 X129.796 Y127.666 E622.99397
G1 X127.06 Y127.661 E623.13013
G1 X126.655 Y127.562 E623.15088
G1 X126.268 Y127.343 E623.17301
G1 X126.043 Y127.148 E623.18782
G1 X125.718 Y126.778 E623.21233
G1 X125.409 Y126.209 E623.24455
G1 X125.173 Y125.686 E623.27311
G1 X124.821 Y124.819 E623.31967
G1 X124.566 Y124.128 E623.35633
G1 X112.605 Y89.771 E625.16677
G1 X107.188 Y89.771 E625.43635
G1 X94.929 Y124.984 E627.2919
G1 X94.823 Y125.251 E627.3062
G1 X94.706 Y125.497 E627.31976
G1 X94.498 Y125.863 E627.34071
G1 X94.13 Y126.326 E627.37014
G1 X93.82 Y126.653 E627.39256
G1 X93.412 Y126.999 E627.41919
G1 X92.956 Y127.247 E627.44502
G1 X92.606 Y127.39 E627.46383
G1 X92.015 Y127.573 E627.49462
G1 X91.51 Y127.661 E627.52013
G1 X90.204 Y127.666 E627.58513
G1 X90.204 Y130.23 E627.71273
G1 X108.659 Y130.23 E628.63115
G1 X108.659 Y127.666 E628.75875
G1 X105.999 Y127.661 E628.89112
G1 X105.636 Y127.605 E628.9094
G1 X105.204 Y127.496 E628.93157
G1 X104.97 Y127.403 E628.9441
G1 X104.714 Y127.261 E628.95867
G1 X104.457 Y127.083 E628.97423
G1 X104.194 Y126.843 E628.99195
G1 X103.975 Y126.512 E629.0117
G1 X103.864 Y126.182 E629.02903
G1 X103.81 Y125.879 E629.04434
G1 X103.783 Y125.399 E629.06827
G1 X103.833 Y124.885 E629.09397
G1 X103.906 Y124.456 E629.11563
G1 X104.014 Y123.965 E629.14065
G1 X104.128 Y123.527 E629.16317
G1 X104.241 Y123.155 E629.18252
G1 X110.161 Y105.315 E630.11794
G1 X110.389 Y104.562 E630.15709
G1 X110.748 Y103.294 E630.22267
G1 X110.999 Y102.269 E630.27519
G1 X111.471 Y100.111 E630.38512
G1 X111.581 Y99.462 E630.41788
G1 X111.66 Y98.907 E630.44578
G1 X111.709 Y98.484 E630.46697
G1 X111.793 Y98.343 E630.47514
G0 F9000 X111.988 Y98.299
G0 X111.957 Y97.536
G0 X114.622 Y97.771
;TYPE:FILL
G1 F3600 X107.61 Y90.759 E631.10024
G0 F9000 X111.741 Y90.494
G1 F3600 X101.288 Y129.505 E633.64609
G0 F9000 X97.988 Y129.504
G1 F3600 X94.947 Y126.463 E633.91719
G1 X95.043 Y126.341
G1 X103.23 Y124.148 E634.45146
G0 F9000 X103.54 Y122.965
G1 F3600 X98.243 Y117.667 E634.92372
G0 F9000 X98.641 Y116.526
G1 F3600 X106.361 Y114.457 E635.42753
G0 F9000 X106.553 Y113.885
G1 F3600 X101.365 Y108.698 E635.88998
G0 F9000 X102.039 Y106.764
G1 F3600 X109.574 Y104.745 E636.38171
G1 X109.559 Y104.8
G1 X104.488 Y99.729 E636.83378
G0 F9000 X105.438 Y97.001
G1 F3600 X113.592 Y94.816 E637.36591
G0 F9000 X116.411 Y102.913
G1 F3600 X114.299 Y103.479 E637.50374
G0 F9000 X116.894 Y104.299
G1 F3600 X115.852 Y108.189 E637.75759
G0 F9000 X117.016 Y111.602
G1 F3600 X119.231 Y111.009 E637.90214
G0 F9000 X117.354 Y112.596
G1 F3600 X121.08 Y116.321 E638.23425
G0 F9000 X121.896 Y118.666
G1 F3600 X120.811 Y122.713 E638.49837
G0 F9000 X119.783 Y119.712
G1 F3600 X122.049 Y119.105 E638.64625
G0 F9000 X124.105 Y124.642
G0 X125.085 Y127.143
G1 F3600 X116.273 Y129.505 E639.22133
G0 F9000 X118.992 Y129.505
G1 F3600 X119.334 Y128.229 E639.3046
G0 F9000 X120.376 Y127.709
G1 F3600 X122.171 Y129.503 E639.46458
G0 F9000 X127.843 Y129.505
G1 F3600 X128.143 Y128.387 E639.53754
G1 F2400 E637.53754
G0 F9000 X120.414 Y127.575
G0 X120.94 Y126.991
G0 X121.255 Y126.26
G0 X121.351 Y125.448
G0 X121.081 Y123.908
G0 X112.633 Y97.578
G0 X111.174 Y97.638
G0 X104.172 Y121.203
G0 X92.819 Y128.078
G1 F1200 E639.53754
G1 F3600 X92.437 Y129.505 E639.63066
G0 F9000 X92.437 Y129.13
G1 F2400 E637.63066
;MESH:NONMESH
G0 F600 X92.437 Y129.13 Z5.04
G0 F9000 X94.621 Y126.736
G0 X94.96 Y126.307
G0 X111.054 Y98.073
G1 F1200 E639.63066
G0 F9000 X111.347 Y98.107
;TIME_ELAPSED:469.152717
;LAYER:17
;TYPE:WALL-INNER
;MESH:felipe_mvm_v.stl
G1 F3900 X111.606 Y97.904 E639.64886
G1 X111.913 Y97.823 E639.66642
G1 X112.113 Y97.841 E639.67752
G1 X112.331 Y97.934 E639.69063
G1 X112.524 Y98.119 E639.70541
G1 X112.612 Y98.292 E639.71614
G1 X112.914 Y99.591 E639.78989
G1 X113.217 Y100.664 E639.85154
G1 X113.406 Y101.393 E639.89318
G1 X114.512 Y105.039 E640.10386
G1 X120.447 Y122.428 E641.11984
G1 X120.74 Y123.27 E641.16914
G1 X120.825 Y123.555 E641.18559
G1 X120.927 Y123.967 E641.20905
G1 X121.098 Y124.786 E641.25532
G1 X121.196 Y125.312 E641.2849
G1 X121.157 Y125.886 E641.31672
G1 X121.097 Y126.212 E641.33504
G1 X120.968 Y126.586 E641.35692
G1 X120.801 Y126.903 E641.37673
G1 X120.577 Y127.196 E641.39713
G1 X120.313 Y127.447 E641.41727
G1 X120.039 Y127.641 E641.43583
G1 X119.659 Y127.852 E641.45987
G1 X119.289 Y127.984 E641.48159
G1 X118.942 Y128.073 E641.5014
G1 X118.535 Y128.127 E641.5241
G1 X118.203 Y128.141 E641.54247
G1 X115.901 Y128.141 E641.66976
G1 X115.901 Y129.755 E641.75901
G1 X129.321 Y129.755 E642.50107
G1 X129.321 Y128.141 E642.59031
G1 X127.001 Y128.136 E642.7186
G1 X126.481 Y128.009 E642.7482
G1 X126.008 Y127.747 E642.7781
G1 X125.686 Y127.462 E642.80187
G1 X125.349 Y127.077 E642.83017
G1 X125.037 Y126.534 E642.86479
G1 X124.733 Y125.865 E642.90543
G1 X124.404 Y125.056 E642.95372
G1 X123.976 Y123.888 E643.0225
G1 X112.267 Y90.245 E644.99224
G1 X107.526 Y90.245 E645.25439
G1 X95.371 Y125.159 E647.29861
G1 X95.271 Y125.412 E647.31365
G1 X95.143 Y125.686 E647.33038
G1 X94.904 Y126.116 E647.35758
G1 X94.476 Y126.652 E647.39551
G1 X94.127 Y127.015 E647.42335
G1 X93.662 Y127.41 E647.45709
G1 X93.137 Y127.686 E647.48988
G1 X92.747 Y127.844 E647.51315
G1 X92.156 Y128.027 E647.54736
G1 X91.535 Y128.139 E647.58225
G1 X90.679 Y128.141 E647.62959
G1 X90.679 Y128.933 E647.67338
G1 X90.679 Y129.755 E647.71883
G1 X108.184 Y129.755 E648.68677
G1 X108.184 Y128.141 E648.77602
G1 X105.972 Y128.138 E648.89833
G1 X105.585 Y128.079 E648.91998
G1 X105.07 Y127.954 E648.94928
G1 X104.71 Y127.804 E648.97085
G1 X104.429 Y127.642 E648.98878
G1 X104.136 Y127.434 E649.00865
G1 X103.83 Y127.154 E649.03158
G1 X103.546 Y126.724 E649.06008
G1 X103.405 Y126.317 E649.0839
G1 X103.342 Y125.962 E649.10383
G1 X103.306 Y125.412 E649.13431
G1 X103.357 Y124.857 E649.16513
G1 X103.435 Y124.387 E649.19147
G1 X103.554 Y123.845 E649.22216
G1 X103.673 Y123.39 E649.24816
G1 X103.79 Y123.005 E649.27041
G1 X109.707 Y105.174 E650.30924
G1 X110.171 Y103.608 E650.39956
G1 X110.296 Y103.143 E650.42618
G1 X110.536 Y102.165 E650.48186
G1 X111.004 Y100.02 E650.60326
G1 X111.101 Y99.453 E650.63507
G1 X111.171 Y98.974 E650.66184
G1 X111.239 Y98.411 E650.6932
G1 X111.347 Y98.107 E650.71103
G0 F9000 X111.792 Y98.346
;TYPE:WALL-OUTER
G1 F3000 X111.866 Y98.308 E650.71517
G1 X112.073 Y98.333 E650.72555
G1 X112.163 Y98.448 E650.73282
G1 X112.447 Y99.684 E650.79593
G1 X112.757 Y100.782 E650.85271
G1 X112.941 Y101.496 E650.8894
G1 X114.053 Y105.163 E651.0801
G1 X119.998 Y122.584 E651.99615
G1 X120.285 Y123.406 E652.03948
G1 X120.364 Y123.67 E652.0532
G1 X120.462 Y124.064 E652.0734
G1 X120.631 Y124.871 E652.11443
G1 X120.718 Y125.347 E652.13851
G1 X120.689 Y125.802 E652.1612
G1 X120.636 Y126.096 E652.17607
G1 X120.535 Y126.39 E652.19154
G1 X120.388 Y126.66 E652.20684
G1 X120.209 Y126.89 E652.22134
G1 X120.022 Y127.069 E652.23423
G1 X119.741 Y127.268 E652.25136
G1 X119.448 Y127.423 E652.26786
G1 X119.188 Y127.518 E652.28163
G1 X118.853 Y127.605 E652.29886
G1 X118.515 Y127.652 E652.31584
G1 X118.183 Y127.666 E652.33238
G1 X115.426 Y127.666 E652.46958
G1 X115.426 Y130.23 E652.59718
G1 X129.796 Y130.23 E653.31231
G1 X129.796 Y127.666 E653.43991
G1 X127.06 Y127.661 E653.57607
G1 X126.655 Y127.562 E653.59682
G1 X126.268 Y127.343 E653.61894
G1 X126.043 Y127.148 E653.63376
G1 X125.727 Y126.782 E653.65783
G1 X125.439 Y126.278 E653.68671
G1 X125.173 Y125.686 E653.71901
G1 X124.85 Y124.893 E653.76162
G1 X124.425 Y123.732 E653.82315
G1 X112.605 Y89.77 E655.61272
G1 X107.188 Y89.77 E655.8823
G1 X94.929 Y124.984 E657.7379
G1 X94.823 Y125.251 E657.7522
G1 X94.706 Y125.497 E657.76575
G1 X94.498 Y125.863 E657.7867
G1 X94.13 Y126.326 E657.81614
G1 X93.82 Y126.653 E657.83856
G1 X93.412 Y126.999 E657.86518
G1 X92.956 Y127.247 E657.89101
G1 X92.606 Y127.39 E657.90983
G1 X92.015 Y127.573 E657.94062
G1 X91.51 Y127.661 E657.96613
G1 X90.204 Y127.666 E658.03112
G1 X90.204 Y128.933 E658.09418
G1 X90.204 Y130.23 E658.15872
G1 X108.659 Y130.23 E659.07714
G1 X108.659 Y127.666 E659.20474
G1 X105.999 Y127.661 E659.33712
G1 X105.636 Y127.605 E659.3554
G1 X105.204 Y127.496 E659.37757
G1 X104.97 Y127.403 E659.3901
G1 X104.714 Y127.261 E659.40467
G1 X104.457 Y127.083 E659.42023
G1 X104.194 Y126.843 E659.43795
G1 X103.975 Y126.512 E659.4577
G1 X103.864 Y126.182 E659.47503
G1 X103.81 Y125.879 E659.49034
G1 X103.783 Y125.399 E659.51427
G1 X103.833 Y124.885 E659.53997
G1 X103.906 Y124.456 E659.56162
G1 X104.014 Y123.965 E659.58664
G1 X104.128 Y123.527 E659.60917
G1 X104.241 Y123.155 E659.62851
G1 X110.161 Y105.316 E660.56389
G1 X110.628 Y103.737 E660.64583
G1 X110.747 Y103.299 E660.66842
G1 X110.989 Y102.317 E660.71875
G1 X111.471 Y100.11 E660.83117
G1 X111.57 Y99.528 E660.86055
G1 X111.648 Y98.989 E660.88766
G1 X111.708 Y98.487 E660.91282
G1 X111.792 Y98.346 E660.92098
G0 F9000 X111.866 Y98.308
G0 X111.982 Y98.322
G0 X111.953 Y97.536
G0 X114.472 Y97.341
;TYPE:FILL
G1 F3600 X107.682 Y90.552 E661.52625
G0 F9000 X111.537 Y90.493
G1 F3600 X101.083 Y129.505 E664.07218
G0 F9000 X98.268 Y129.504
G1 F3600 X95.071 Y126.306 E664.35723
G0 F9000 X94.836 Y126.602
G1 F3600 X103.185 Y124.365 E664.90208
G0 F9000 X103.61 Y122.754
G1 F3600 X98.315 Y117.459 E665.37411
G0 F9000 X98.562 Y116.752
G1 F3600 X106.286 Y114.682 E665.87818
G0 F9000 X106.623 Y113.675
G1 F3600 X101.438 Y108.49 E666.34041
G0 F9000 X101.961 Y106.99
G1 F3600 X109.506 Y104.968 E666.8328
G0 F9000 X109.621 Y104.582
G1 F3600 X104.56 Y99.521 E667.28397
G0 F9000 X105.36 Y97.227
G1 F3600 X113.657 Y95.004 E667.82543
G0 F9000 X116.476 Y103.1
G1 F3600 X114.356 Y103.668 E667.96378
G0 F9000 X116.778 Y103.968
G1 F3600 X115.737 Y107.853 E668.21732
G0 F9000 X117.079 Y111.79
G1 F3600 X119.294 Y111.197 E668.36186
G0 F9000 X117.21 Y112.171
G1 F3600 X120.928 Y115.889 E668.69331
G0 F9000 X121.779 Y118.336
G1 F3600 X120.695 Y122.382 E668.95735
G0 F9000 X119.847 Y119.9
G1 F3600 X122.112 Y119.293 E669.10516
G0 F9000 X121.255 Y126.26
G0 X121.001 Y126.851
G0 X120.532 Y127.584
G1 F3600 X122.451 Y129.503 E669.27624
G0 F9000 X125.222 Y127.312
G1 F3600 X117.038 Y129.505 E669.81033
G0 F9000 X118.787 Y129.505
G1 F3600 X119.114 Y128.285 E669.88994
G0 F9000 X127.638 Y129.505
G1 F3600 X127.938 Y128.386 E669.96297
G1 F2400 E667.96297
G0 F9000 X120.414 Y127.575
G0 X120.94 Y126.991
G0 X121.255 Y126.26
G0 X121.359 Y125.306
G0 X120.896 Y123.217
G0 X112.634 Y97.579
G0 X111.177 Y97.636
G0 X103.393 Y123.822
G0 X92.595 Y128.15
G1 F1200 E669.96297
G1 F3600 X92.232 Y129.505 E670.0514
G0 F9000 X92.232 Y129.13
G1 F2400 E668.0514
;MESH:NONMESH
G0 F600 X92.232 Y129.13 Z5.32
G0 F9000 X94.621 Y126.736
G0 X95.04 Y126.206
G0 X111.177 Y97.636
G0 X111.485 Y97.554
G1 F1200 E670.0514
G0 F9000 X111.5 Y97.969
;TIME_ELAPSED:486.019290
;LAYER:18
;TYPE:WALL-INNER
;MESH:felipe_mvm_v.stl
G1 F3900 X111.717 Y97.854 E670.06498
G1 X112.082 Y97.831 E670.0852
G1 X112.311 Y97.918 E670.09875
G1 X112.518 Y98.107 E670.11425
G1 X112.624 Y98.309 E670.12686
G1 X112.697 Y98.673 E670.14739
G1 X112.911 Y99.578 E670.19881
G1 X113.213 Y100.643 E670.26002
G1 X113.399 Y101.368 E670.30141
G1 X114.512 Y105.039 E670.51352
G1 X120.446 Y122.429 E671.52954
G1 X120.746 Y123.286 E671.57975
G1 X120.856 Y123.672 E671.60194
G1 X121.155 Y125.051 E671.67997
G1 X121.185 Y125.421 E671.70049
G1 X121.165 Y125.823 E671.72275
G1 X121.097 Y126.212 E671.74458
G1 X120.968 Y126.586 E671.76646
G1 X120.801 Y126.903 E671.78627
G1 X120.577 Y127.196 E671.80667
G1 X120.313 Y127.447 E671.82681
G1 X120.039 Y127.641 E671.84537
G1 X119.659 Y127.852 E671.86941
G1 X119.289 Y127.984 E671.89113
G1 X118.942 Y128.073 E671.91094
G1 X118.535 Y128.127 E671.93364
G1 X118.203 Y128.141 E671.95201
G1 X115.901 Y128.141 E672.0793
G1 X115.901 Y129.755 E672.16855
G1 X129.321 Y129.755 E672.91061
G1 X129.321 Y128.141 E672.99985
G1 X127.001 Y128.136 E673.12814
G1 X126.481 Y128.009 E673.15774
G1 X126.008 Y127.747 E673.18764
G1 X125.686 Y127.462 E673.21141
G1 X125.349 Y127.077 E673.23971
G1 X125.037 Y126.534 E673.27433
G1 X124.734 Y125.868 E673.31479
G1 X124.496 Y125.287 E673.34951
G1 X124.284 Y124.737 E673.3821
G1 X123.976 Y123.888 E673.43204
G1 X112.267 Y90.245 E675.40178
G1 X107.526 Y90.245 E675.66393
G1 X95.371 Y125.159 E677.70815
G1 X95.271 Y125.412 E677.72319
G1 X95.143 Y125.686 E677.73992
G1 X94.904 Y126.116 E677.76712
G1 X94.476 Y126.652 E677.80505
G1 X94.127 Y127.015 E677.83289
G1 X93.662 Y127.41 E677.86663
G1 X93.137 Y127.686 E677.89942
G1 X92.747 Y127.844 E677.92269
G1 X92.156 Y128.027 E677.9569
G1 X91.548 Y128.137 E677.99107
G1 X90.679 Y128.14 E678.03912
G1 X90.679 Y129.755 E678.12842
G1 X108.184 Y129.755 E679.09636
G1 X108.184 Y128.141 E679.18561
G1 X105.972 Y128.138 E679.30792
G1 X105.585 Y128.079 E679.32956
G1 X105.07 Y127.954 E679.35887
G1 X104.71 Y127.804 E679.38043
G1 X104.429 Y127.642 E679.39837
G1 X104.136 Y127.434 E679.41824
G1 X103.83 Y127.154 E679.44117
G1 X103.546 Y126.724 E679.46967
G1 X103.405 Y126.317 E679.49348
G1 X103.342 Y125.962 E679.51342
G1 X103.306 Y125.412 E679.5439
G1 X103.357 Y124.857 E679.57472
G1 X103.435 Y124.387 E679.60106
G1 X103.554 Y123.845 E679.63174
G1 X103.673 Y123.39 E679.65775
G1 X103.79 Y123.005 E679.68
G1 X109.707 Y105.174 E680.71883
G1 X110.171 Y103.607 E680.8092
G1 X110.437 Y102.588 E680.86743
G1 X111.004 Y100.02 E681.01285
G1 X111.113 Y99.38 E681.04875
G1 X111.19 Y98.838 E681.07902
G1 X111.24 Y98.408 E681.10295
G1 X111.323 Y98.174 E681.11668
G1 X111.5 Y97.969 E681.13166
G0 F9000 X111.793 Y98.343
;TYPE:WALL-OUTER
G1 F3000 X111.994 Y98.297 E681.14192
G1 X112.067 Y98.326 E681.14583
G1 X112.164 Y98.444 E681.15343
G1 X112.235 Y98.781 E681.17057
G1 X112.444 Y99.671 E681.21607
G1 X112.756 Y100.777 E681.27326
G1 X112.941 Y101.496 E681.3102
G1 X114.053 Y105.163 E681.5009
G1 X119.998 Y122.585 E682.417
G1 X120.289 Y123.416 E682.46082
G1 X120.403 Y123.816 E682.48152
G1 X120.686 Y125.134 E682.5486
G1 X120.71 Y125.441 E682.56393
G1 X120.692 Y125.782 E682.58092
G1 X120.636 Y126.096 E682.5968
G1 X120.535 Y126.39 E682.61227
G1 X120.388 Y126.66 E682.62756
G1 X120.209 Y126.89 E682.64207
G1 X120.022 Y127.069 E682.65495
G1 X119.741 Y127.268 E682.67209
G1 X119.448 Y127.423 E682.68858
G1 X119.188 Y127.518 E682.70236
G1 X118.853 Y127.605 E682.71958
G1 X118.515 Y127.652 E682.73657
G1 X118.183 Y127.666 E682.7531
G1 X115.426 Y127.666 E682.89031
G1 X115.426 Y130.23 E683.0179
G1 X129.796 Y130.23 E683.73303
G1 X129.796 Y127.666 E683.86063
G1 X127.06 Y127.661 E683.99679
G1 X126.655 Y127.562 E684.01754
G1 X126.268 Y127.343 E684.03967
G1 X126.043 Y127.148 E684.05449
G1 X125.727 Y126.782 E684.07855
G1 X125.439 Y126.278 E684.10744
G1 X125.173 Y125.687 E684.13969
G1 X124.939 Y125.116 E684.1704
G1 X124.731 Y124.575 E684.19924
G1 X124.425 Y123.731 E684.24392
G1 X112.605 Y89.77 E686.03345
G1 X107.188 Y89.77 E686.30303
G1 X94.929 Y124.984 E688.15862
G1 X94.823 Y125.251 E688.17292
G1 X94.706 Y125.497 E688.18648
G1 X94.498 Y125.863 E688.20743
G1 X94.13 Y126.326 E688.23686
G1 X93.82 Y126.653 E688.25928
G1 X93.412 Y126.999 E688.28591
G1 X92.956 Y127.247 E688.31174
G1 X92.606 Y127.39 E688.33055
G1 X92.015 Y127.573 E688.36134
G1 X91.522 Y127.659 E688.38625
G1 X90.204 Y127.666 E688.45184
G1 X90.204 Y130.23 E688.57944
G1 X108.659 Y130.23 E689.49786
G1 X108.659 Y127.666 E689.62546
G1 X105.999 Y127.661 E689.75784
G1 X105.636 Y127.605 E689.77611
G1 X105.204 Y127.496 E689.79829
G1 X104.97 Y127.403 E689.81082
G1 X104.714 Y127.261 E689.82539
G1 X104.457 Y127.083 E689.84094
G1 X104.194 Y126.843 E689.85866
G1 X103.975 Y126.512 E689.87841
G1 X103.864 Y126.182 E689.89574
G1 X103.81 Y125.879 E689.91106
G1 X103.783 Y125.399 E689.93498
G1 X103.833 Y124.885 E689.96068
G1 X103.906 Y124.456 E689.98234
G1 X104.014 Y123.965 E690.00736
G1 X104.128 Y123.527 E690.02988
G1 X104.241 Y123.155 E690.04923
G1 X110.161 Y105.316 E690.9846
G1 X110.629 Y103.734 E691.06671
G1 X110.898 Y102.702 E691.11978
G1 X111.471 Y100.111 E691.25184
G1 X111.589 Y99.407 E691.28736
G1 X111.661 Y98.899 E691.3129
G1 X111.709 Y98.484 E691.33369
G1 X111.793 Y98.343 E691.34185
G0 F9000 X111.988 Y98.299
G0 X111.957 Y97.536
G0 X114.322 Y96.911
;TYPE:FILL
G1 F3600 X107.905 Y90.494 E691.91391
G0 F9000 X111.332 Y90.493
G1 F3600 X100.878 Y129.505 E694.45984
G0 F9000 X98.548 Y129.504
G1 F3600 X95.179 Y126.135 E694.76018
G0 F9000 X94.612 Y126.867
G1 F3600 X103.148 Y124.58 E695.31723
G0 F9000 X103.68 Y122.544
G1 F3600 X98.388 Y117.252 E695.789
G0 F9000 X98.484 Y116.978
G1 F3600 X106.212 Y114.907 E696.29333
G0 F9000 X106.692 Y113.465
G1 F3600 X101.51 Y108.282 E696.75533
G0 F9000 X101.882 Y107.216
G1 F3600 X109.437 Y105.191 E697.24838
G0 F9000 X109.685 Y104.366
G1 F3600 X104.632 Y99.313 E697.69884
G0 F9000 X105.281 Y97.453
G1 F3600 X113.723 Y95.191 E698.24977
G0 F9000 X116.541 Y103.288
G1 F3600 X114.414 Y103.858 E698.38857
G0 F9000 X116.662 Y103.635
G1 F3600 X115.622 Y107.515 E698.64179
G0 F9000 X117.065 Y111.746
G1 F3600 X120.777 Y115.458 E698.9727
G0 F9000 X121.663 Y118.005
G1 F3600 X120.58 Y122.046 E699.23642
G0 F9000 X119.911 Y120.088
G1 F3600 X122.177 Y119.481 E699.3843
G0 F9000 X121.255 Y126.26
G0 X121.078 Y126.673
G0 X120.675 Y127.448
G1 F3600 X122.731 Y129.503 E699.56754
G0 F9000 X125.368 Y127.477
G1 F3600 X117.803 Y129.505 E700.06125
G0 F9000 X118.582 Y129.505
G1 F3600 X118.897 Y128.329 E700.13799
G0 F9000 X127.433 Y129.505
G1 F3600 X127.733 Y128.386 E700.21102
G0 F9000 X126.988 Y128.3
G0 X126.42 Y128.163
G0 X125.918 Y127.885
G0 X125.218 Y127.178
G0 X124.588 Y125.942
G0 X124.372 Y125.377
G0 X119.359 Y111.384
G1 F3600 X117.143 Y111.978 E700.35564
G1 F2400 E698.35564
G0 F9000 X112.633 Y97.578
G0 X111.174 Y97.638
G0 X104.552 Y120.233
G0 X93.756 Y127.546
G0 X92.371 Y128.22
G1 F1200 E700.35564
G1 F3600 X92.027 Y129.505 E700.43949
G0 F9000 X92.027 Y129.13
G1 F2400 E698.43949
;MESH:NONMESH
G0 F600 X92.027 Y129.13 Z5.6
G0 F9000 X94.621 Y126.736
G0 X94.96 Y126.307
G0 X111.054 Y98.073
G1 F1200 E700.43949
G0 F9000 X111.347 Y98.107
;TIME_ELAPSED:502.658168
;LAYER:19
;TYPE:WALL-INNER
;MESH:felipe_mvm_v.stl
G1 F3900 X111.606 Y97.903 E700.45772
G1 X111.913 Y97.823 E700.47526
G1 X112.113 Y97.842 E700.48637
G1 X112.331 Y97.935 E700.49948
G1 X112.524 Y98.12 E700.51426
G1 X112.612 Y98.292 E700.52494
G1 X112.914 Y99.591 E700.59869
G1 X113.215 Y100.655 E700.65983
G1 X113.391 Y101.342 E700.69905
G1 X114.512 Y105.039 E700.91266
G1 X120.447 Y122.428 E701.92865
G1 X120.74 Y123.27 E701.97795
G1 X120.825 Y123.556 E701.99444
G1 X120.927 Y123.966 E702.01781
G1 X121.1 Y124.791 E702.06442
G1 X121.196 Y125.325 E702.09442
G1 X121.157 Y125.886 E702.12551
G1 X121.097 Y126.212 E702.14384
G1 X120.968 Y126.586 E702.16572
G1 X120.801 Y126.903 E702.18553
G1 X120.577 Y127.196 E702.20592
G1 X120.313 Y127.447 E702.22607
G1 X120.039 Y127.641 E702.24463
G1 X119.659 Y127.852 E702.26866
G1 X119.289 Y127.984 E702.29039
G1 X118.942 Y128.073 E702.31019
G1 X118.535 Y128.127 E702.3329
G1 X118.203 Y128.141 E702.35127
G1 X115.901 Y128.141 E702.47856
G1 X115.901 Y129.755 E702.56781
G1 X129.321 Y129.755 E703.30986
G1 X129.321 Y128.141 E703.39911
G1 X127.001 Y128.136 E703.52739
G1 X126.481 Y128.009 E703.55699
G1 X126.008 Y127.747 E703.58689
G1 X125.686 Y127.462 E703.61067
G1 X125.349 Y127.077 E703.63896
G1 X125.037 Y126.534 E703.67359
G1 X124.733 Y125.865 E703.71422
G1 X124.376 Y124.983 E703.76684
G1 X124.117 Y124.284 E703.80806
G1 X112.267 Y90.246 E705.80098
G1 X107.526 Y90.246 E706.06314
G1 X95.371 Y125.159 E708.1073
G1 X95.271 Y125.412 E708.12235
G1 X95.143 Y125.686 E708.13907
G1 X94.904 Y126.116 E708.16627
G1 X94.476 Y126.652 E708.2042
G1 X94.127 Y127.015 E708.23204
G1 X93.662 Y127.41 E708.26578
G1 X93.137 Y127.686 E708.29858
G1 X92.747 Y127.844 E708.32184
G1 X92.156 Y128.027 E708.35605
G1 X91.548 Y128.137 E708.39022
G1 X90.679 Y128.14 E708.43827
G1 X90.679 Y129.755 E708.52757
G1 X108.184 Y129.755 E709.49551
G1 X108.184 Y128.141 E709.58476
G1 X105.972 Y128.138 E709.70707
G1 X105.585 Y128.079 E709.72872
G1 X105.07 Y127.954 E709.75802
G1 X104.71 Y127.804 E709.77958
G1 X104.429 Y127.642 E709.79752
G1 X104.136 Y127.434 E709.81739
G1 X103.829 Y127.152 E709.84044
G1 X103.566 Y126.756 E709.86672
G1 X103.472 Y126.544 E709.87955
G1 X103.335 Y126.015 E709.90976
G1 X103.307 Y125.397 E709.94397
G1 X103.357 Y124.857 E709.97396
G1 X103.435 Y124.387 E710.0003
G1 X103.554 Y123.845 E710.03099
G1 X103.673 Y123.39 E710.05699
G1 X103.79 Y123.005 E710.07924
G1 X109.707 Y105.174 E711.11807
G1 X110.172 Y103.604 E711.20862
G1 X110.435 Y102.594 E711.26633
G1 X110.619 Y101.793 E711.31177
G1 X111.004 Y100.02 E711.41209
G1 X111.101 Y99.453 E711.4439
G1 X111.17 Y98.982 E711.47022
G1 X111.239 Y98.411 E711.50203
G1 X111.347 Y98.107 E711.51986
G0 F9000 X112.073 Y98.334
;TYPE:WALL-OUTER
G1 F3000 X112.163 Y98.448 E711.52709
G1 X112.447 Y99.684 E711.59021
G1 X112.755 Y100.773 E711.64653
G1 X112.941 Y101.496 E711.68368
G1 X114.063 Y105.193 E711.87595
G1 X119.998 Y122.584 E712.79043
G1 X120.285 Y123.406 E712.83376
G1 X120.364 Y123.67 E712.84747
G1 X120.462 Y124.064 E712.86768
G1 X120.632 Y124.875 E712.90891
G1 X120.718 Y125.353 E712.93308
G1 X120.689 Y125.802 E712.95548
G1 X120.636 Y126.096 E712.97034
G1 X120.535 Y126.39 E712.98581
G1 X120.388 Y126.66 E713.00111
G1 X120.209 Y126.89 E713.01562
G1 X120.022 Y127.069 E713.0285
G1 X119.741 Y127.268 E713.04563
G1 X119.448 Y127.423 E713.06213
G1 X119.188 Y127.518 E713.07591
G1 X118.853 Y127.605 E713.09313
G1 X118.515 Y127.652 E713.11011
G1 X118.183 Y127.666 E713.12665
G1 X115.426 Y127.666 E713.26385
G1 X115.426 Y130.23 E713.39145
G1 X129.796 Y130.23 E714.10658
G1 X129.796 Y127.666 E714.23418
G1 X127.06 Y127.661 E714.37034
G1 X126.655 Y127.562 E714.39109
G1 X126.268 Y127.343 E714.41322
G1 X126.043 Y127.148 E714.42803
G1 X125.727 Y126.782 E714.4521
G1 X125.439 Y126.278 E714.48098
G1 X125.173 Y125.686 E714.51328
G1 X124.821 Y124.819 E714.55985
G1 X124.566 Y124.128 E714.59651
G1 X112.605 Y89.771 E716.40695
G1 X107.188 Y89.771 E716.67653
G1 X94.929 Y124.984 E718.53208
G1 X94.823 Y125.251 E718.54638
G1 X94.706 Y125.497 E718.55993
G1 X94.498 Y125.863 E718.58088
G1 X94.13 Y126.326 E718.61031
G1 X93.82 Y126.653 E718.63274
G1 X93.412 Y126.999 E718.65936
G1 X92.956 Y127.247 E718.68519
G1 X92.606 Y127.39 E718.70401
G1 X92.015 Y127.573 E718.7348
G1 X91.522 Y127.659 E718.7597
G1 X90.204 Y127.666 E718.82529
G1 X90.204 Y130.23 E718.95289
G1 X108.659 Y130.23 E719.87132
G1 X108.659 Y127.666 E719.99891
G1 X105.999 Y127.661 E720.13129
G1 X105.636 Y127.605 E720.14957
G1 X105.204 Y127.496 E720.17174
G1 X104.97 Y127.403 E720.18427
G1 X104.714 Y127.261 E720.19884
G1 X104.457 Y127.083 E720.2144
G1 X104.194 Y126.843 E720.23212
G1 X103.941 Y126.461 E720.25492
G1 X103.807 Y125.923 E720.28251
G1 X103.784 Y125.395 E720.30881
G1 X103.833 Y124.885 E720.33431
G1 X103.906 Y124.456 E720.35597
G1 X104.014 Y123.965 E720.38098
G1 X104.128 Y123.527 E720.40351
G1 X104.241 Y123.155 E720.42286
G1 X110.161 Y105.316 E721.35823
G1 X110.63 Y103.731 E721.44049
G1 X110.897 Y102.707 E721.49315
G1 X111.084 Y101.894 E721.53467
G1 X111.471 Y100.111 E721.62547
G1 X111.57 Y99.528 E721.6549
G1 X111.647 Y98.997 E721.6816
G1 X111.715 Y98.43 E721.71002
G1 X111.826 Y98.324 E721.71765
G1 X111.938 Y98.298 E721.72338
G1 X112.073 Y98.334 E721.73033
G0 F9000 X112.163 Y98.448
G0 X112.175 Y98.501
G0 X112.863 Y98.364
G0 X114.172 Y96.482
;TYPE:FILL
G1 F3600 X108.186 Y90.496 E722.26396
G0 F9000 X111.126 Y90.494
G1 F3600 X100.673 Y129.505 E724.80982
G0 F9000 X98.828 Y129.504
G1 F3600 X95.279 Y125.954 E725.12625
G0 F9000 X94.355 Y127.141
G1 F3600 X103.113 Y124.794 E725.6978
G0 F9000 X103.75 Y122.334
G1 F3600 X98.46 Y117.044 E726.16938
G1 X98.404 Y117.204
G1 X106.138 Y115.132 E726.6741
G0 F9000 X106.762 Y113.255
G1 F3600 X101.582 Y108.075 E727.13588
G0 F9000 X101.803 Y107.442
G1 F3600 X109.362 Y105.416 E727.62919
G0 F9000 X109.749 Y104.15
G1 F3600 X104.704 Y99.105 E728.07893
G0 F9000 X105.202 Y97.68
G1 F3600 X113.789 Y95.379 E728.63932
G0 F9000 X116.546 Y103.301
G1 F3600 X115.507 Y107.179 E728.8924
G0 F9000 X114.471 Y104.048
G1 F3600 X116.607 Y103.475 E729.0318
G0 F9000 X116.92 Y111.321
G1 F3600 X120.632 Y115.033 E729.36272
G0 F9000 X121.548 Y117.668
G1 F3600 X120.465 Y121.71 E729.6265
G0 F9000 X119.975 Y120.276
G1 F3600 X122.244 Y119.668 E729.77457
G0 F9000 X121.255 Y126.26
G0 X120.809 Y127.301
G1 F3600 X123.011 Y129.503 E729.97087
G0 F9000 X125.514 Y127.643
G1 F3600 X118.568 Y129.504 E730.42417
G1 X118.377 Y129.505
G1 X118.684 Y128.357 E730.49907
G0 F9000 X127.228 Y129.505
G1 F3600 X127.528 Y128.385 E730.57216
G0 F9000 X126.42 Y128.163
G0 X125.918 Y127.885
G0 X125.218 Y127.178
G0 X124.587 Y125.941
G0 X124.411 Y125.489
G0 X119.426 Y111.571
G1 F3600 X117.207 Y112.166 E730.71698
G1 F2400 E728.71698
G0 F9000 X112.634 Y97.579
G0 X111.177 Y97.636
G0 X104.519 Y120.327
G0 X93.756 Y127.546
G0 X92.148 Y128.287
G1 F1200 E730.71698
G1 F3600 X91.822 Y129.505 E730.79646
G0 F9000 X91.822 Y129.13
G1 F2400 E728.79646
;MESH:NONMESH
G0 F600 X91.822 Y129.13 Z5.88
G0 F9000 X94.268 Y127.109
G0 X95.04 Y126.206
G0 X111.177 Y97.636
G0 X112.297 Y97.523
G1 F1200 E730.79646
G0 F9000 X112.311 Y97.918
;TIME_ELAPSED:519.341686
;LAYER:20
;TYPE:WALL-INNER
;MESH:felipe_mvm_v.stl
G1 F3900 X112.518 Y98.107 E730.81196
G1 X112.624 Y98.309 E730.82458
G1 X112.697 Y98.673 E730.84511
G1 X112.904 Y99.551 E730.89499
G1 X113.094 Y100.216 E730.93323
G1 X113.404 Y101.388 E731.00026
G1 X114.511 Y105.039 E731.21122
G1 X120.445 Y122.429 E732.22724
G1 X120.747 Y123.287 E732.27754
G1 X120.858 Y123.685 E732.30038
G1 X120.923 Y123.955 E732.31574
G1 X121.155 Y125.061 E732.37823
G1 X121.185 Y125.501 E732.40261
G1 X121.157 Y125.886 E732.42396
G1 X121.097 Y126.212 E732.44229
G1 X120.968 Y126.586 E732.46416
G1 X120.801 Y126.903 E732.48398
G1 X120.577 Y127.196 E732.50437
G1 X120.313 Y127.447 E732.52451
G1 X120.039 Y127.641 E732.54308
G1 X119.659 Y127.852 E732.56711
G1 X119.289 Y127.984 E732.58883
G1 X118.942 Y128.073 E732.60864
G1 X118.535 Y128.127 E732.63134
G1 X118.203 Y128.141 E732.64972
G1 X115.901 Y128.141 E732.77701
G1 X115.901 Y129.755 E732.86625
G1 X129.321 Y129.755 E733.60831
G1 X129.321 Y128.141 E733.69756
G1 X127.001 Y128.136 E733.82584
G1 X126.481 Y128.009 E733.85544
G1 X126.008 Y127.747 E733.88534
G1 X125.686 Y127.462 E733.90912
G1 X125.349 Y127.077 E733.93741
G1 X125.037 Y126.534 E733.97204
G1 X124.733 Y125.866 E734.01262
G1 X124.409 Y125.069 E734.06019
G1 X123.976 Y123.888 E734.12975
G1 X112.267 Y90.245 E736.09948
G1 X107.526 Y90.245 E736.36164
G1 X95.371 Y125.159 E738.40585
G1 X95.271 Y125.412 E738.4209
G1 X95.143 Y125.686 E738.43762
G1 X94.904 Y126.116 E738.46482
G1 X94.476 Y126.652 E738.50275
G1 X94.127 Y127.015 E738.53059
G1 X93.662 Y127.41 E738.56433
G1 X93.137 Y127.686 E738.59713
G1 X92.747 Y127.844 E738.6204
G1 X92.156 Y128.027 E738.65461
G1 X91.548 Y128.137 E738.68877
G1 X90.679 Y128.14 E738.73682
G1 X90.679 Y128.946 E738.78139
G1 X90.679 Y129.755 E738.82612
G1 X108.184 Y129.755 E739.79406
G1 X108.184 Y128.141 E739.88331
G1 X105.972 Y128.138 E740.00562
G1 X105.585 Y128.079 E740.02727
G1 X105.07 Y127.954 E740.05657
G1 X104.71 Y127.804 E740.07814
G1 X104.429 Y127.642 E740.09607
G1 X104.136 Y127.434 E740.11594
G1 X103.83 Y127.154 E740.13888
G1 X103.546 Y126.724 E740.16737
G1 X103.405 Y126.317 E740.19119
G1 X103.342 Y125.962 E740.21112
G1 X103.306 Y125.412 E740.2416
G1 X103.357 Y124.857 E740.27242
G1 X103.435 Y124.387 E740.29876
G1 X103.554 Y123.846 E740.32939
G1 X103.657 Y123.452 E740.35191
G1 X103.79 Y123.005 E740.3777
G1 X109.708 Y105.172 E741.41665
G1 X109.937 Y104.415 E741.46039
G1 X110.297 Y103.14 E741.53364
G1 X110.434 Y102.6 E741.56445
G1 X110.62 Y101.788 E741.61051
G1 X111.004 Y100.02 E741.71055
G1 X111.107 Y99.413 E741.7446
G1 X111.191 Y98.829 E741.77722
G1 X111.24 Y98.408 E741.80066
G1 X111.323 Y98.174 E741.81439
G1 X111.5 Y97.969 E741.82936
G1 X111.717 Y97.854 E741.84294
G1 X112.082 Y97.831 E741.86316
G1 X112.311 Y97.918 E741.87671
G0 F9000 X111.793 Y98.343
;TYPE:WALL-OUTER
G1 F3000 X111.994 Y98.297 E741.88697
G1 X112.067 Y98.326 E741.89088
G1 X112.164 Y98.444 E741.89848
G1 X112.235 Y98.781 E741.91562
G1 X112.444 Y99.671 E741.96112
G1 X112.635 Y100.337 E741.9956
G1 X112.94 Y101.495 E742.05519
G1 X114.062 Y105.193 E742.24751
G1 X119.997 Y122.586 E743.16208
G1 X120.289 Y123.416 E743.20587
G1 X120.396 Y123.797 E743.22556
G1 X120.458 Y124.052 E743.23862
G1 X120.686 Y125.146 E743.29424
G1 X120.71 Y125.441 E743.30897
G1 X120.689 Y125.802 E743.32696
G1 X120.636 Y126.096 E743.34183
G1 X120.535 Y126.39 E743.3573
G1 X120.388 Y126.66 E743.3726
G1 X120.209 Y126.89 E743.3871
G1 X120.022 Y127.069 E743.39999
G1 X119.741 Y127.268 E743.41712
G1 X119.448 Y127.423 E743.43362
G1 X119.188 Y127.518 E743.44739
G1 X118.853 Y127.605 E743.46462
G1 X118.515 Y127.652 E743.4816
G1 X118.183 Y127.666 E743.49814
G1 X115.426 Y127.666 E743.63534
G1 X115.426 Y130.23 E743.76294
G1 X129.796 Y130.23 E744.47807
G1 X129.796 Y127.666 E744.60567
G1 X127.06 Y127.661 E744.74183
G1 X126.655 Y127.562 E744.76257
G1 X126.268 Y127.343 E744.7847
G1 X126.043 Y127.148 E744.79952
G1 X125.727 Y126.782 E744.82358
G1 X125.439 Y126.278 E744.85247
G1 X125.173 Y125.686 E744.88477
G1 X124.855 Y124.906 E744.92669
G1 X124.425 Y123.731 E744.98896
G1 X112.605 Y89.77 E746.77848
G1 X107.188 Y89.77 E747.04806
G1 X94.929 Y124.984 E748.90366
G1 X94.823 Y125.251 E748.91796
G1 X94.706 Y125.497 E748.93151
G1 X94.498 Y125.863 E748.95246
G1 X94.13 Y126.326 E748.9819
G1 X93.82 Y126.653 E749.00432
G1 X93.412 Y126.999 E749.03094
G1 X92.956 Y127.247 E749.05677
G1 X92.606 Y127.39 E749.07559
G1 X92.015 Y127.573 E749.10638
G1 X91.522 Y127.659 E749.13128
G1 X90.204 Y127.666 E749.19687
G1 X90.204 Y128.946 E749.26057
G1 X90.204 Y130.23 E749.32447
G1 X108.659 Y130.23 E750.2429
G1 X108.659 Y127.666 E750.37049
G1 X105.999 Y127.661 E750.50287
G1 X105.636 Y127.605 E750.52115
G1 X105.204 Y127.496 E750.54332
G1 X104.97 Y127.403 E750.55585
G1 X104.714 Y127.261 E750.57042
G1 X104.457 Y127.083 E750.58598
G1 X104.194 Y126.843 E750.6037
G1 X103.975 Y126.512 E750.62345
G1 X103.864 Y126.182 E750.64078
G1 X103.81 Y125.879 E750.65609
G1 X103.783 Y125.399 E750.68002
G1 X103.833 Y124.885 E750.70572
G1 X103.906 Y124.456 E750.72737
G1 X104.014 Y123.965 E750.75239
G1 X104.112 Y123.587 E750.77183
G1 X104.241 Y123.155 E750.79426
G1 X110.161 Y105.316 E751.72964
G1 X110.401 Y104.518 E751.77111
G1 X110.744 Y103.309 E751.83365
G1 X110.896 Y102.712 E751.86431
G1 X111.085 Y101.889 E751.90633
G1 X111.471 Y100.111 E751.99687
G1 X111.577 Y99.481 E752.02867
G1 X111.662 Y98.891 E752.05833
G1 X111.709 Y98.484 E752.07872
G1 X111.793 Y98.343 E752.08689
G0 F9000 X111.988 Y98.299
G0 X111.957 Y97.536
G0 X114.023 Y96.052
;TYPE:FILL
G1 F3600 X108.465 Y90.494 E752.58237
G0 F9000 X110.922 Y90.493
G1 F3600 X100.469 Y129.505 E755.12828
G0 F9000 X99.108 Y129.504
G1 F3600 X95.377 Y125.773 E755.46089
G0 F9000 X94.011 Y127.438
G1 F3600 X103.092 Y125.005 E756.05351
G0 F9000 X103.82 Y122.124
G1 F3600 X98.532 Y116.836 E756.52492
G0 F9000 X98.326 Y117.43
G1 F3600 X106.063 Y115.357 E757.02983
G0 F9000 X106.832 Y113.045
G1 F3600 X101.655 Y107.867 E757.49139
G1 X101.724 Y107.668
G1 X109.287 Y105.642 E757.98494
G0 F9000 X109.812 Y103.934
G1 F3600 X104.776 Y98.898 E758.43389
G0 F9000 X105.123 Y97.905
G1 F3600 X113.853 Y95.566 E759.0036
G0 F9000 X116.43 Y102.97
G1 F3600 X115.392 Y106.844 E759.25642
G0 F9000 X114.528 Y104.237
G1 F3600 X116.671 Y103.663 E759.39627
G0 F9000 X116.773 Y110.894
G1 F3600 X120.478 Y114.6 E759.7266
G0 F9000 X121.431 Y117.34
G1 F3600 X120.35 Y121.375 E759.98992
G0 F9000 X120.038 Y120.464
G1 F3600 X122.307 Y119.856 E760.138
G0 F9000 X121.255 Y126.26
G0 X120.93 Y127.143
G1 F3600 X123.291 Y129.503 E760.34843
G0 F9000 X125.689 Y127.801
G1 F3600 X119.333 Y129.504 E760.76322
G0 F9000 X118.172 Y129.505
G1 F3600 X118.474 Y128.378 E760.83677
G0 F9000 X127.023 Y129.504
G1 F3600 X127.323 Y128.385 E760.9098
G0 F9000 X126.42 Y128.163
G0 X125.918 Y127.885
G0 X125.218 Y127.178
G0 X124.588 Y125.941
G0 X124.372 Y125.377
G0 X119.49 Y111.759
G1 F3600 X117.271 Y112.354 E761.05461
G1 F2400 E759.05461
G0 F9000 X112.633 Y97.578
G0 X111.174 Y97.638
G0 X104.493 Y120.406
G0 X93.756 Y127.546
G0 X93.232 Y127.796
G0 X91.933 Y128.323
G1 F1200 E761.05461
G1 F3600 X91.617 Y129.505 E761.13174
G0 F9000 X91.617 Y129.13
G1 F2400 E759.13174
;MESH:NONMESH
G0 F600 X91.617 Y129.13 Z6.16
G0 F9000 X94.268 Y127.109
G0 X95.04 Y126.206
G0 X111.174 Y97.638
G0 X112.633 Y97.578
G0 X112.8 Y98.052
G1 F1200 E761.13174
G0 F9000 X112.518 Y98.107
;TIME_ELAPSED:536.059931
;LAYER:21
;TYPE:WALL-INNER
;MESH:felipe_mvm_v.stl
G1 F3900 X112.624 Y98.309 E761.14435
G1 X112.697 Y98.673 E761.16488
G1 X112.904 Y99.551 E761.21476
G1 X113.045 Y100.04 E761.2429
G1 X113.403 Y101.385 E761.31986
G1 X114.511 Y105.038 E761.53094
G1 X120.446 Y122.43 E762.54709
G1 X120.734 Y123.247 E762.59499
G1 X120.836 Y123.597 E762.61515
G1 X120.923 Y123.955 E762.63552
G1 X121.155 Y125.061 E762.69801
G1 X121.185 Y125.501 E762.72239
G1 X121.157 Y125.886 E762.74374
G1 X121.097 Y126.212 E762.76207
G1 X120.968 Y126.586 E762.78394
G1 X120.801 Y126.903 E762.80375
G1 X120.577 Y127.196 E762.82415
G1 X120.313 Y127.447 E762.84429
G1 X120.039 Y127.641 E762.86285
G1 X119.659 Y127.852 E762.88689
G1 X119.289 Y127.984 E762.90861
G1 X118.942 Y128.073 E762.92842
G1 X118.535 Y128.127 E762.95112
G1 X118.203 Y128.141 E762.96949
G1 X115.901 Y128.141 E763.09678
G1 X115.901 Y129.755 E763.18603
G1 X129.321 Y129.755 E763.92809
G1 X129.321 Y128.141 E764.01733
G1 X127.001 Y128.136 E764.14562
G1 X126.481 Y128.009 E764.17522
G1 X126.008 Y127.747 E764.20512
G1 X125.686 Y127.462 E764.22889
G1 X125.349 Y127.077 E764.25719
G1 X125.037 Y126.534 E764.29181
G1 X124.733 Y125.865 E764.33245
G1 X124.411 Y125.074 E764.37967
G1 X123.976 Y123.888 E764.44952
G1 X112.267 Y90.245 E766.41926
G1 X107.526 Y90.245 E766.68141
G1 X95.371 Y125.159 E768.72563
G1 X95.271 Y125.412 E768.74067
G1 X95.143 Y125.686 E768.7574
G1 X94.904 Y126.116 E768.7846
G1 X94.476 Y126.652 E768.82253
G1 X94.127 Y127.015 E768.85037
G1 X93.662 Y127.41 E768.88411
G1 X93.137 Y127.686 E768.91691
G1 X92.747 Y127.844 E768.94017
G1 X92.156 Y128.027 E768.97438
G1 X91.548 Y128.137 E769.00855
G1 X90.679 Y128.14 E769.0566
G1 X90.679 Y129.755 E769.1459
G1 X108.184 Y129.755 E770.11384
G1 X108.184 Y128.141 E770.20309
G1 X105.972 Y128.138 E770.3254
G1 X105.585 Y128.079 E770.34704
G1 X105.07 Y127.954 E770.37635
G1 X104.71 Y127.804 E770.39791
G1 X104.429 Y127.642 E770.41585
G1 X104.136 Y127.434 E770.43572
G1 X103.83 Y127.154 E770.45865
G1 X103.546 Y126.724 E770.48715
G1 X103.405 Y126.317 E770.51096
G1 X103.342 Y125.962 E770.5309
G1 X103.306 Y125.412 E770.56138
G1 X103.357 Y124.857 E770.5922
G1 X103.435 Y124.387 E770.61854
G1 X103.554 Y123.845 E770.64922
G1 X103.673 Y123.39 E770.67523
G1 X103.79 Y123.005 E770.69748
G1 X109.707 Y105.174 E771.73631
G1 X110.16 Y103.643 E771.8246
G1 X110.433 Y102.605 E771.88394
G1 X110.621 Y101.784 E771.93052
G1 X111.004 Y100.021 E772.03028
G1 X111.115 Y99.369 E772.06685
G1 X111.191 Y98.827 E772.09711
G1 X111.24 Y98.408 E772.12044
G1 X111.323 Y98.173 E772.13422
G1 X111.5 Y97.969 E772.14915
G1 X111.717 Y97.854 E772.16273
G1 X112.082 Y97.831 E772.18295
G1 X112.311 Y97.918 E772.1965
G1 X112.518 Y98.107 E772.212
G0 F9000 X112.067 Y98.326
;TYPE:WALL-OUTER
G1 F3000 X112.164 Y98.444 E772.2196
G1 X112.235 Y98.781 E772.23674
G1 X112.444 Y99.671 E772.28224
G1 X112.586 Y100.163 E772.30772
G1 X112.948 Y101.522 E772.37771
G1 X114.062 Y105.192 E772.56858
G1 X119.998 Y122.587 E773.48326
G1 X120.289 Y123.415 E773.52694
G1 X120.374 Y123.71 E773.54222
G1 X120.458 Y124.052 E773.55974
G1 X120.686 Y125.146 E773.61536
G1 X120.71 Y125.441 E773.63009
G1 X120.689 Y125.802 E773.64808
G1 X120.636 Y126.096 E773.66295
G1 X120.535 Y126.39 E773.67842
G1 X120.388 Y126.66 E773.69372
G1 X120.209 Y126.89 E773.70822
G1 X120.022 Y127.069 E773.7211
G1 X119.741 Y127.268 E773.73824
G1 X119.448 Y127.423 E773.75474
G1 X119.188 Y127.518 E773.76851
G1 X118.853 Y127.605 E773.78574
G1 X118.515 Y127.652 E773.80272
G1 X118.183 Y127.666 E773.81926
G1 X115.426 Y127.666 E773.95646
G1 X115.426 Y130.23 E774.08406
G1 X129.796 Y130.23 E774.79919
G1 X129.796 Y127.666 E774.92679
G1 X127.06 Y127.661 E775.06295
G1 X126.655 Y127.562 E775.08369
G1 X126.268 Y127.343 E775.10582
G1 X126.043 Y127.148 E775.12064
G1 X125.727 Y126.782 E775.1447
G1 X125.439 Y126.278 E775.17359
G1 X125.173 Y125.686 E775.20589
G1 X124.857 Y124.91 E775.24759
G1 X124.425 Y123.731 E775.31008
G1 X112.605 Y89.77 E777.0996
G1 X107.188 Y89.77 E777.36918
G1 X94.929 Y124.984 E779.22478
G1 X94.823 Y125.251 E779.23907
G1 X94.706 Y125.497 E779.25263
G1 X94.498 Y125.863 E779.27358
G1 X94.13 Y126.326 E779.30301
G1 X93.82 Y126.653 E779.32544
G1 X93.412 Y126.999 E779.35206
G1 X92.956 Y127.247 E779.37789
G1 X92.606 Y127.39 E779.39671
G1 X92.015 Y127.573 E779.4275
G1 X91.522 Y127.659 E779.4524
G1 X90.204 Y127.666 E779.51799
G1 X90.204 Y130.23 E779.64559
G1 X108.659 Y130.23 E780.56401
G1 X108.659 Y127.666 E780.69161
G1 X105.999 Y127.661 E780.82399
G1 X105.636 Y127.605 E780.84227
G1 X105.204 Y127.496 E780.86444
G1 X104.97 Y127.403 E780.87697
G1 X104.714 Y127.261 E780.89154
G1 X104.457 Y127.083 E780.9071
G1 X104.194 Y126.843 E780.92482
G1 X103.975 Y126.512 E780.94457
G1 X103.864 Y126.182 E780.96189
G1 X103.81 Y125.879 E780.97721
G1 X103.783 Y125.399 E781.00114
G1 X103.833 Y124.885 E781.02684
G1 X103.906 Y124.456 E781.04849
G1 X104.014 Y123.965 E781.07351
G1 X104.128 Y123.527 E781.09604
G1 X104.241 Y123.155 E781.11538
G1 X110.161 Y105.316 E782.05076
G1 X110.607 Y103.81 E782.12892
G1 X110.895 Y102.717 E782.18517
G1 X111.086 Y101.885 E782.22765
G1 X111.471 Y100.111 E782.31799
G1 X111.584 Y99.442 E782.35176
G1 X111.662 Y98.888 E782.3796
G1 X111.709 Y98.484 E782.39984
G1 X111.793 Y98.343 E782.40801
G1 X111.994 Y98.297 E782.41827
G1 X112.067 Y98.326 E782.42218
G0 F9000 X112.164 Y98.444
G0 X112.173 Y98.491
G0 X112.861 Y98.354
G0 X113.918 Y95.754
;TYPE:FILL
G1 F3600 X105.044 Y98.132 E783.0013
G0 F9000 X104.849 Y98.69
G1 F3600 X109.877 Y103.718 E783.44953
G0 F9000 X109.212 Y105.866
G1 F3600 X101.646 Y107.894 E783.9433
G1 X101.727 Y107.659
G1 X106.901 Y112.834 E784.40459
G0 F9000 X105.988 Y115.582
G1 F3600 X98.247 Y117.656 E784.90976
G0 F9000 X98.605 Y116.629
G1 F3600 X103.889 Y121.913 E785.38081
G0 F9000 X103.072 Y125.215
G1 F3600 X93.493 Y127.782 E786.00594
G0 F9000 X91.719 Y128.36
G1 F3600 X91.412 Y129.505 E786.08067
G0 F9000 X91.233 Y128.387
G1 F3600 X90.929 Y128.469 E786.10052
G0 F9000 X92.83 Y127.989
G0 X93.756 Y127.546
G0 X94.534 Y126.817
G0 X95.467 Y125.582
G1 F3600 X99.388 Y129.504 E786.45011
G0 F9000 X100.264 Y129.505
G1 F3600 X110.716 Y90.494 E788.99595
G0 F9000 X108.745 Y90.494
G1 F3600 X113.873 Y95.623 E789.45313
G0 F9000 X116.314 Y102.637
G1 F3600 X115.277 Y106.508 E789.70575
G0 F9000 X114.586 Y104.427
G1 F3600 X116.737 Y103.85 E789.84614
G0 F9000 X116.628 Y110.469
G1 F3600 X120.329 Y114.17 E790.17607
G0 F9000 X119.554 Y111.947
G1 F3600 X117.336 Y112.541 E790.32081
G0 F9000 X121.316 Y117.006
G1 F3600 X120.236 Y121.037 E790.58387
G0 F9000 X120.102 Y120.652
G1 F3600 X122.373 Y120.043 E790.73209
G0 F9000 X121.367 Y125.638
G0 X121.043 Y126.976
G1 F3600 X123.571 Y129.503 E790.9574
G0 F9000 X125.872 Y127.957
G1 F3600 X120.098 Y129.504 E791.33421
G0 F9000 X117.967 Y129.504
G1 F3600 X118.266 Y128.387 E791.4071
G0 F9000 X126.818 Y129.504
G1 F3600 X127.118 Y128.385 E791.48013
G0 F9000 X127.118 Y128.761
G1 F2400 E789.48013
;MESH:NONMESH
G0 F600 X127.118 Y128.761 Z6.44
G0 F9000 X125.603 Y127.614
G0 X125.218 Y127.178
G0 X124.708 Y126.177
G0 X112.798 Y98.041
G1 F1200 E791.48013
G0 F9000 X112.508 Y98.098
;TIME_ELAPSED:551.530475
;LAYER:22
;TYPE:WALL-INNER
;MESH:felipe_mvm_v.stl
G1 F3900 X112.611 Y98.291 E791.49223
G1 X112.908 Y99.568 E791.56472
G1 X113.212 Y100.643 E791.6265
G1 X113.407 Y101.394 E791.6694
G1 X114.513 Y105.04 E791.88008
G1 X120.449 Y122.434 E792.89634
G1 X120.586 Y122.808 E792.91837
G1 X120.746 Y123.285 E792.94619
G1 X120.867 Y123.716 E792.97094
G1 X121.112 Y124.852 E793.0352
G1 X121.194 Y125.364 E793.06387
G1 X121.157 Y125.886 E793.09281
G1 X121.097 Y126.212 E793.11114
G1 X120.968 Y126.586 E793.13301
G1 X120.801 Y126.903 E793.15283
G1 X120.577 Y127.196 E793.17322
G1 X120.313 Y127.447 E793.19336
G1 X120.039 Y127.641 E793.21193
G1 X119.659 Y127.852 E793.23596
G1 X119.289 Y127.984 E793.25768
G1 X118.942 Y128.073 E793.27749
G1 X118.535 Y128.127 E793.30019
G1 X118.203 Y128.141 E793.31857
G1 X115.901 Y128.141 E793.44586
G1 X115.901 Y129.755 E793.5351
G1 X129.321 Y129.755 E794.27716
G1 X129.321 Y128.141 E794.36641
G1 X127.001 Y128.136 E794.49469
G1 X126.481 Y128.009 E794.52429
G1 X126.008 Y127.747 E794.55419
G1 X125.686 Y127.462 E794.57797
G1 X125.349 Y127.077 E794.60626
G1 X125.037 Y126.534 E794.64089
G1 X124.733 Y125.865 E794.68152
G1 X124.369 Y124.964 E794.73525
G1 X124.117 Y124.284 E794.77535
G1 X112.267 Y90.246 E796.76828
G1 X107.526 Y90.246 E797.03043
G1 X95.371 Y125.159 E799.0746
G1 X95.271 Y125.412 E799.08964
G1 X95.143 Y125.686 E799.10636
G1 X94.904 Y126.116 E799.13357
G1 X94.476 Y126.652 E799.1715
G1 X94.127 Y127.015 E799.19934
G1 X93.662 Y127.41 E799.23308
G1 X93.137 Y127.686 E799.26587
G1 X92.747 Y127.844 E799.28914
G1 X92.156 Y128.027 E799.32335
G1 X91.548 Y128.137 E799.35752
G1 X90.679 Y128.14 E799.40557
G1 X90.679 Y129.755 E799.49487
G1 X108.184 Y129.755 E800.46281
G1 X108.184 Y128.141 E800.55205
G1 X105.972 Y128.138 E800.67437
G1 X105.585 Y128.079 E800.69601
G1 X105.07 Y127.954 E800.72532
G1 X104.71 Y127.804 E800.74688
G1 X104.429 Y127.642 E800.76482
G1 X104.136 Y127.434 E800.78469
G1 X103.83 Y127.154 E800.80762
G1 X103.546 Y126.724 E800.83611
G1 X103.405 Y126.317 E800.85993
G1 X103.342 Y125.962 E800.87987
G1 X103.306 Y125.412 E800.91035
G1 X103.357 Y124.857 E800.94116
G1 X103.435 Y124.387 E800.96751
G1 X103.554 Y123.845 E800.99819
G1 X103.673 Y123.39 E801.0242
G1 X103.79 Y123.005 E801.04645
G1 X109.707 Y105.174 E802.08528
G1 X110.16 Y103.643 E802.17356
G1 X110.306 Y103.108 E802.20423
G1 X110.536 Y102.167 E802.25779
G1 X111.004 Y100.02 E802.3793
G1 X111.101 Y99.453 E802.41111
G1 X111.173 Y98.954 E802.43898
G1 X111.239 Y98.411 E802.46923
G1 X111.323 Y98.175 E802.48308
G1 X111.5 Y97.972 E802.49797
G1 X111.715 Y97.858 E802.51143
G1 X112.074 Y97.832 E802.53133
G1 X112.301 Y97.915 E802.5447
G1 X112.508 Y98.098 E802.55998
G0 F9000 X112.062 Y98.327
;TYPE:WALL-OUTER
G1 F3000 X112.162 Y98.447 E802.56775
G1 X112.448 Y99.686 E802.63103
G1 X112.752 Y100.762 E802.68667
G1 X112.942 Y101.497 E802.72445
G1 X114.064 Y105.194 E802.91672
G1 X120.003 Y122.596 E803.83179
G1 X120.136 Y122.96 E803.85107
G1 X120.289 Y123.416 E803.87501
G1 X120.402 Y123.816 E803.8957
G1 X120.65 Y124.964 E803.95414
G1 X120.712 Y125.357 E803.97394
G1 X120.689 Y125.802 E803.99612
G1 X120.636 Y126.096 E804.01099
G1 X120.535 Y126.39 E804.02646
G1 X120.388 Y126.66 E804.04176
G1 X120.209 Y126.89 E804.05626
G1 X120.022 Y127.069 E804.06914
G1 X119.741 Y127.268 E804.08628
G1 X119.448 Y127.423 E804.10277
G1 X119.188 Y127.518 E804.11655
G1 X118.853 Y127.605 E804.13377
G1 X118.515 Y127.652 E804.15076
G1 X118.183 Y127.666 E804.16729
G1 X115.426 Y127.666 E804.3045
G1 X115.426 Y130.23 E804.4321
G1 X129.796 Y130.23 E805.14723
G1 X129.796 Y127.666 E805.27482
G1 X127.06 Y127.661 E805.41098
G1 X126.655 Y127.562 E805.43173
G1 X126.268 Y127.343 E805.45386
G1 X126.043 Y127.148 E805.46868
G1 X125.727 Y126.782 E805.49274
G1 X125.439 Y126.278 E805.52163
G1 X125.173 Y125.686 E805.55393
G1 X124.821 Y124.819 E805.60049
G1 X124.566 Y124.128 E805.63715
G1 X112.605 Y89.771 E807.44759
G1 X107.188 Y89.771 E807.71717
G1 X94.929 Y124.984 E809.57272
G1 X94.823 Y125.251 E809.58702
G1 X94.706 Y125.497 E809.60058
G1 X94.498 Y125.863 E809.62153
G1 X94.13 Y126.326 E809.65096
G1 X93.82 Y126.653 E809.67338
G1 X93.412 Y126.999 E809.70001
G1 X92.956 Y127.247 E809.72584
G1 X92.606 Y127.39 E809.74465
G1 X92.015 Y127.573 E809.77544
G1 X91.522 Y127.659 E809.80035
G1 X90.204 Y127.666 E809.86594
G1 X90.204 Y130.23 E809.99354
G1 X108.659 Y130.23 E810.91196
G1 X108.659 Y127.666 E811.03956
G1 X105.999 Y127.661 E811.17193
G1 X105.636 Y127.605 E811.19021
G1 X105.204 Y127.496 E811.21239
G1 X104.97 Y127.403 E811.22492
G1 X104.714 Y127.261 E811.23948
G1 X104.457 Y127.083 E811.25504
G1 X104.194 Y126.843 E811.27276
G1 X103.975 Y126.512 E811.29251
G1 X103.864 Y126.182 E811.30984
G1 X103.81 Y125.879 E811.32516
G1 X103.783 Y125.399 E811.34908
G1 X103.833 Y124.885 E811.37478
G1 X103.906 Y124.456 E811.39644
G1 X104.014 Y123.965 E811.42146
G1 X104.128 Y123.527 E811.44398
G1 X104.241 Y123.155 E811.46333
G1 X110.161 Y105.316 E812.3987
G1 X110.607 Y103.81 E812.47687
G1 X110.766 Y103.227 E812.50694
G1 X111 Y102.268 E812.55607
G1 X111.471 Y100.11 E812.66599
G1 X111.57 Y99.528 E812.69537
G1 X111.639 Y99.057 E812.71906
G1 X111.715 Y98.43 E812.75049
G1 X111.826 Y98.324 E812.75813
G1 X111.924 Y98.298 E812.76317
G1 X112.062 Y98.327 E812.77019
G0 F9000 X112.162 Y98.447
G0 X112.171 Y98.489
G0 X112.861 Y98.352
G0 X113.984 Y95.941
;TYPE:FILL
G1 F3600 X104.966 Y98.358 E813.35871
G1 X104.921 Y98.483
G1 X109.939 Y103.5 E813.80601
G0 F9000 X109.138 Y106.091
G1 F3600 X101.567 Y108.12 E814.3001
G0 F9000 X101.8 Y107.452
G1 F3600 X106.971 Y112.624 E814.76112
G0 F9000 X105.914 Y115.807
G1 F3600 X98.169 Y117.882 E815.26655
G0 F9000 X98.677 Y116.421
G1 F3600 X103.959 Y121.703 E815.73743
G0 F9000 X103.574 Y123.189
G0 X103.054 Y125.425
G1 F3600 X90.929 Y128.674 E816.52871
G0 F9000 X91.507 Y128.386
G1 F3600 X91.207 Y129.505 E816.60173
G0 F9000 X94.268 Y127.109
G0 X94.892 Y126.379
G0 X95.548 Y125.384
G1 F3600 X99.668 Y129.504 E816.96902
G0 F9000 X100.059 Y129.504
G1 F3600 X110.511 Y90.495 E819.51474
G0 F9000 X109.026 Y90.496
G1 F3600 X113.724 Y95.194 E819.93355
G0 F9000 X116.199 Y102.303
G1 F3600 X115.163 Y106.168 E820.18578
G0 F9000 X114.644 Y104.616
G1 F3600 X116.803 Y104.037 E820.32669
G0 F9000 X116.485 Y110.046
G1 F3600 X120.183 Y113.744 E820.65635
G0 F9000 X119.622 Y112.134
G1 F3600 X117.4 Y112.729 E820.80135
G0 F9000 X121.201 Y116.67
G1 F3600 X120.121 Y120.699 E821.06429
G1 X120.168 Y120.839
G1 X122.441 Y120.23 E821.21263
G0 F9000 X121.139 Y126.792
G1 F3600 X123.851 Y129.503 E821.45435
G0 F9000 X126.122 Y128.095
G1 F3600 X120.863 Y129.504 E821.79755
G0 F9000 X118.06 Y128.39
G1 F3600 X117.762 Y129.504 E821.87024
G0 F9000 X126.613 Y129.504
G1 F3600 X126.917 Y128.371 E821.94419
G0 F9000 X126.829 Y128.735
G1 F2400 E819.94419
;MESH:NONMESH
G0 F600 X126.829 Y128.735 Z6.72
G0 F9000 X125.603 Y127.614
G0 X125.218 Y127.178
G0 X124.587 Y125.941
G0 X112.634 Y97.58
G0 X111.485 Y97.555
G1 F1200 E821.94419
G0 F9000 X111.5 Y97.969
;TIME_ELAPSED:566.942229
;LAYER:23
;TYPE:WALL-INNER
;MESH:felipe_mvm_v.stl
G1 F3900 X111.717 Y97.854 E821.95777
G1 X112.082 Y97.831 E821.97799
G1 X112.311 Y97.918 E821.99154
G1 X112.518 Y98.107 E822.00704
G1 X112.624 Y98.309 E822.01965
G1 X112.697 Y98.673 E822.04018
G1 X112.911 Y99.578 E822.0916
G1 X113.21 Y100.638 E822.1525
G1 X113.406 Y101.393 E822.19563
G1 X114.511 Y105.038 E822.40624
G1 X120.446 Y122.43 E823.42238
G1 X120.745 Y123.281 E823.47226
G1 X120.843 Y123.62 E823.49177
G1 X120.933 Y123.999 E823.51331
G1 X121.15 Y125.032 E823.57168
G1 X121.188 Y125.454 E823.59511
G1 X121.165 Y125.823 E823.61555
G1 X121.097 Y126.212 E823.63739
G1 X120.968 Y126.586 E823.65926
G1 X120.801 Y126.903 E823.67907
G1 X120.577 Y127.196 E823.69947
G1 X120.313 Y127.447 E823.71961
G1 X120.039 Y127.641 E823.73817
G1 X119.659 Y127.852 E823.76221
G1 X119.289 Y127.984 E823.78393
G1 X118.942 Y128.073 E823.80374
G1 X118.535 Y128.127 E823.82644
G1 X118.203 Y128.141 E823.84481
G1 X115.901 Y128.141 E823.9721
G1 X115.901 Y129.755 E824.06135
G1 X129.321 Y129.755 E824.80341
G1 X129.321 Y128.141 E824.89265
G1 X127.001 Y128.136 E825.02094
G1 X126.481 Y128.009 E825.05054
G1 X126.008 Y127.747 E825.08044
G1 X125.686 Y127.462 E825.10421
G1 X125.349 Y127.077 E825.13251
G1 X125.037 Y126.534 E825.16713
G1 X124.734 Y125.868 E825.20759
G1 X124.5 Y125.298 E825.24166
G1 X124.254 Y124.657 E825.27963
G1 X123.976 Y123.888 E825.32484
G1 X112.267 Y90.245 E827.29458
G1 X107.526 Y90.245 E827.55673
G1 X95.371 Y125.159 E829.60095
G1 X95.271 Y125.412 E829.61599
G1 X95.143 Y125.686 E829.63272
G1 X94.904 Y126.116 E829.65992
G1 X94.476 Y126.652 E829.69785
G1 X94.127 Y127.015 E829.72569
G1 X93.662 Y127.41 E829.75943
G1 X93.137 Y127.686 E829.79223
G1 X92.747 Y127.844 E829.81549
G1 X92.156 Y128.027 E829.8497
G1 X91.548 Y128.137 E829.88387
G1 X90.679 Y128.14 E829.93192
G1 X90.679 Y129.755 E830.02122
G1 X108.184 Y129.755 E830.98916
G1 X108.184 Y128.141 E831.07841
G1 X105.972 Y128.138 E831.20072
G1 X105.585 Y128.079 E831.22237
G1 X105.07 Y127.954 E831.25167
G1 X104.71 Y127.804 E831.27323
G1 X104.429 Y127.642 E831.29117
G1 X104.136 Y127.434 E831.31104
G1 X103.83 Y127.154 E831.33397
G1 X103.546 Y126.724 E831.36247
G1 X103.405 Y126.317 E831.38628
G1 X103.342 Y125.962 E831.40622
G1 X103.306 Y125.412 E831.4367
G1 X103.357 Y124.857 E831.46752
G1 X103.435 Y124.387 E831.49386
G1 X103.554 Y123.845 E831.52454
G1 X103.673 Y123.39 E831.55055
G1 X103.79 Y123.005 E831.5728
G1 X109.708 Y105.173 E832.6117
G1 X110.106 Y103.834 E832.68894
G1 X110.306 Y103.107 E832.73064
G1 X110.536 Y102.167 E832.78415
G1 X111.004 Y100.02 E832.90565
G1 X111.101 Y99.455 E832.93735
G1 X111.192 Y98.819 E832.97288
G1 X111.24 Y98.408 E832.99576
G1 X111.323 Y98.174 E833.00949
G1 X111.5 Y97.969 E833.02446
G0 F9000 X112.067 Y98.326
;TYPE:WALL-OUTER
G1 F3000 X112.164 Y98.444 E833.03206
G1 X112.235 Y98.781 E833.0492
G1 X112.444 Y99.671 E833.0947
G1 X112.75 Y100.757 E833.15085
G1 X112.941 Y101.496 E833.18884
G1 X114.062 Y105.192 E833.38104
G1 X119.998 Y122.587 E834.29573
G1 X120.289 Y123.414 E834.33936
G1 X120.38 Y123.729 E834.35568
G1 X120.468 Y124.097 E834.37451
G1 X120.682 Y125.114 E834.42623
G1 X120.71 Y125.439 E834.44246
G1 X120.692 Y125.782 E834.45955
G1 X120.636 Y126.096 E834.47543
G1 X120.535 Y126.39 E834.4909
G1 X120.388 Y126.66 E834.50619
G1 X120.209 Y126.89 E834.5207
G1 X120.022 Y127.069 E834.53358
G1 X119.741 Y127.268 E834.55072
G1 X119.448 Y127.423 E834.56721
G1 X119.188 Y127.518 E834.58099
G1 X118.853 Y127.605 E834.59821
G1 X118.515 Y127.652 E834.6152
G1 X118.183 Y127.666 E834.63173
G1 X115.426 Y127.666 E834.76894
G1 X115.426 Y130.23 E834.89653
G1 X129.796 Y130.23 E835.61166
G1 X129.796 Y127.666 E835.73926
G1 X127.06 Y127.661 E835.87542
G1 X126.655 Y127.562 E835.89617
G1 X126.268 Y127.343 E835.9183
G1 X126.043 Y127.148 E835.93312
G1 X125.727 Y126.782 E835.95718
G1 X125.439 Y126.278 E835.98607
G1 X125.173 Y125.687 E836.01832
G1 X124.94 Y125.118 E836.04892
G1 X124.701 Y124.496 E836.08208
G1 X124.425 Y123.732 E836.12251
G1 X112.605 Y89.77 E837.91208
G1 X107.188 Y89.77 E838.18166
G1 X94.929 Y124.984 E840.03726
G1 X94.823 Y125.251 E840.05155
G1 X94.706 Y125.497 E840.06511
G1 X94.498 Y125.863 E840.08606
G1 X94.13 Y126.326 E840.11549
G1 X93.82 Y126.653 E840.13791
G1 X93.412 Y126.999 E840.16454
G1 X92.956 Y127.247 E840.19037
G1 X92.606 Y127.39 E840.20918
G1 X92.015 Y127.573 E840.23997
G1 X91.522 Y127.659 E840.26488
G1 X90.204 Y127.666 E840.33047
G1 X90.204 Y130.23 E840.45807
G1 X108.659 Y130.23 E841.37649
G1 X108.659 Y127.666 E841.50409
G1 X105.999 Y127.661 E841.63647
G1 X105.636 Y127.605 E841.65474
G1 X105.204 Y127.496 E841.67692
G1 X104.97 Y127.403 E841.68945
G1 X104.714 Y127.261 E841.70402
G1 X104.457 Y127.083 E841.71957
G1 X104.194 Y126.843 E841.73729
G1 X103.975 Y126.512 E841.75705
G1 X103.864 Y126.182 E841.77437
G1 X103.81 Y125.879 E841.78969
G1 X103.783 Y125.399 E841.81361
G1 X103.833 Y124.885 E841.83931
G1 X103.906 Y124.456 E841.86097
G1 X104.014 Y123.965 E841.88599
G1 X104.128 Y123.527 E841.90851
G1 X104.241 Y123.155 E841.92786
G1 X110.161 Y105.316 E842.86323
G1 X110.564 Y103.961 E842.93359
G1 X110.766 Y103.227 E842.97147
G1 X111 Y102.268 E843.0206
G1 X111.471 Y100.11 E843.13052
G1 X111.57 Y99.528 E843.1599
G1 X111.669 Y98.832 E843.19488
G1 X111.715 Y98.434 E843.21482
G1 X111.863 Y98.306 E843.22456
G1 X112.067 Y98.326 E843.23476
G0 F9000 X112.164 Y98.444
G0 X112.173 Y98.491
G0 X112.861 Y98.354
G0 X114.05 Y96.129
;TYPE:FILL
G1 F3600 X104.887 Y98.584 E843.83273
G0 F9000 X104.994 Y98.275
G1 F3600 X109.998 Y103.28 E844.27887
G0 F9000 X109.063 Y106.317
G1 F3600 X101.489 Y108.346 E844.77314
G0 F9000 X101.872 Y107.244
G1 F3600 X107.041 Y112.413 E845.23394
G0 F9000 X105.838 Y116.032
G1 F3600 X98.09 Y118.108 E845.73957
G0 F9000 X98.749 Y116.213
G1 F3600 X104.028 Y121.492 E846.21018
G0 F9000 X103.422 Y123.787
G0 X103.066 Y125.627
G1 F3600 X90.928 Y128.879 E847.0023
G0 F9000 X91.301 Y128.387
G1 F3600 X91.002 Y129.504 E847.07519
G0 F9000 X93.756 Y127.546
G0 X94.621 Y126.736
G0 X94.858 Y126.436
G0 X95.626 Y125.182
G1 F3600 X99.948 Y129.504 E847.46048
G1 X99.854 Y129.504
G1 X110.307 Y90.494 E850.00628
G0 F9000 X109.305 Y90.494
G1 F3600 X113.574 Y94.764 E850.38689
G0 F9000 X116.083 Y101.972
G1 F3600 X115.048 Y105.834 E850.63893
G0 F9000 X114.701 Y104.806
G1 F3600 X116.867 Y104.225 E850.78029
G0 F9000 X116.338 Y109.619
G1 F3600 X120.031 Y113.312 E851.10951
G0 F9000 X119.686 Y112.322
G1 F3600 X117.463 Y112.917 E851.25457
G0 F9000 X121.084 Y116.341
G1 F3600 X120.006 Y120.364 E851.51711
G0 F9000 X120.231 Y121.027
G1 F3600 X122.504 Y120.418 E851.66545
G0 F9000 X121.228 Y126.601
G1 F3600 X124.131 Y129.503 E851.9242
G0 F9000 X126.408 Y129.504
G1 F3600 X126.725 Y128.324 E852.00122
G0 F9000 X126.394 Y128.227
G1 F3600 X121.628 Y129.504 E852.31224
G0 F9000 X117.856 Y128.39
G1 F3600 X117.557 Y129.504 E852.38495
G0 F9000 X117.557 Y129.13
G1 F2400 E850.38495
;MESH:NONMESH
G0 F600 X117.557 Y129.13 Z7
G0 F9000 X120.092 Y127.806
G0 X120.699 Y127.307
G0 X121.126 Y126.639
G0 X121.327 Y125.867
G0 X121.316 Y125.027
G0 X120.896 Y123.218
G0 X112.633 Y97.578
G0 X111.174 Y97.638
G0 X111.06 Y98.019
G1 F1200 E852.38495
G0 F9000 X111.404 Y98.059
;TIME_ELAPSED:582.205489
;LAYER:24
;TYPE:WALL-INNER
;MESH:felipe_mvm_v.stl
G1 F3900 X111.606 Y97.9 E852.39917
G1 X111.895 Y97.82 E852.41575
G1 X112.115 Y97.838 E852.42795
G1 X112.333 Y97.932 E852.44108
G1 X112.527 Y98.118 E852.45594
G1 X112.624 Y98.31 E852.46784
G1 X112.697 Y98.673 E852.48831
G1 X112.911 Y99.578 E852.53973
G1 X113.209 Y100.635 E852.60046
G1 X113.406 Y101.394 E852.64382
G1 X114.511 Y105.039 E852.85442
G1 X120.446 Y122.43 E853.87052
G1 X120.734 Y123.247 E853.91842
G1 X120.824 Y123.556 E853.93621
G1 X120.923 Y123.955 E853.95894
G1 X121.156 Y125.068 E854.02182
G1 X121.185 Y125.485 E854.04494
G1 X121.157 Y125.886 E854.06716
G1 X121.097 Y126.212 E854.08549
G1 X120.968 Y126.586 E854.10737
G1 X120.801 Y126.903 E854.12718
G1 X120.577 Y127.196 E854.14757
G1 X120.313 Y127.447 E854.16772
G1 X120.039 Y127.641 E854.18628
G1 X119.659 Y127.852 E854.21031
G1 X119.289 Y127.984 E854.23204
G1 X118.942 Y128.073 E854.25184
G1 X118.535 Y128.127 E854.27455
G1 X118.203 Y128.141 E854.29292
G1 X115.901 Y128.141 E854.42021
G1 X115.901 Y129.755 E854.50946
G1 X129.321 Y129.755 E855.25151
G1 X129.321 Y128.141 E855.34076
G1 X127.001 Y128.136 E855.46905
G1 X126.481 Y128.009 E855.49864
G1 X126.008 Y127.747 E855.52854
G1 X125.686 Y127.462 E855.55232
G1 X125.349 Y127.077 E855.58061
G1 X125.037 Y126.534 E855.61524
G1 X124.733 Y125.865 E855.65587
G1 X124.375 Y124.98 E855.70866
G1 X123.976 Y123.888 E855.77295
G1 X112.267 Y90.245 E857.74269
G1 X107.526 Y90.245 E858.00484
G1 X95.371 Y125.159 E860.04906
G1 X95.271 Y125.412 E860.0641
G1 X95.143 Y125.686 E860.08082
G1 X94.904 Y126.116 E860.10802
G1 X94.476 Y126.652 E860.14595
G1 X94.127 Y127.015 E860.1738
G1 X93.662 Y127.41 E860.20753
G1 X93.137 Y127.686 E860.24033
G1 X92.747 Y127.844 E860.2636
G1 X92.156 Y128.027 E860.29781
G1 X91.548 Y128.137 E860.33197
G1 X90.679 Y128.14 E860.38002
G1 X90.679 Y129.755 E860.46933
G1 X108.184 Y129.755 E861.43726
G1 X108.184 Y128.141 E861.52651
G1 X105.972 Y128.138 E861.64882
G1 X105.585 Y128.079 E861.67047
G1 X105.07 Y127.954 E861.69977
G1 X104.71 Y127.804 E861.72134
G1 X104.429 Y127.642 E861.73927
G1 X104.136 Y127.434 E861.75914
G1 X103.83 Y127.154 E861.78208
G1 X103.546 Y126.724 E861.81057
G1 X103.405 Y126.317 E861.83439
G1 X103.342 Y125.962 E861.85433
G1 X103.306 Y125.412 E861.8848
G1 X103.357 Y124.857 E861.91562
G1 X103.435 Y124.387 E861.94197
G1 X103.554 Y123.845 E861.97265
G1 X103.673 Y123.39 E861.99865
G1 X103.79 Y123.005 E862.0209
G1 X109.707 Y105.174 E863.05974
G1 X110.179 Y103.58 E863.15166
G1 X110.314 Y103.073 E863.18067
G1 X110.536 Y102.167 E863.23225
G1 X111.004 Y100.02 E863.35376
G1 X111.101 Y99.453 E863.38556
G1 X111.172 Y98.963 E863.41294
G1 X111.24 Y98.407 E863.44392
G1 X111.404 Y98.059 E863.46519
G0 F9000 X112.074 Y98.33
;TYPE:WALL-OUTER
G1 F3000 X112.164 Y98.444 E863.47242
G1 X112.235 Y98.781 E863.48955
G1 X112.444 Y99.671 E863.53505
G1 X112.749 Y100.754 E863.59104
G1 X112.941 Y101.497 E863.62923
G1 X114.062 Y105.193 E863.82144
G1 X119.998 Y122.588 E864.73613
G1 X120.289 Y123.415 E864.77976
G1 X120.361 Y123.663 E864.79261
G1 X120.458 Y124.052 E864.81256
G1 X120.687 Y125.152 E864.86848
G1 X120.71 Y125.442 E864.88295
G1 X120.689 Y125.802 E864.9009
G1 X120.636 Y126.096 E864.91577
G1 X120.535 Y126.39 E864.93124
G1 X120.388 Y126.66 E864.94654
G1 X120.209 Y126.89 E864.96104
G1 X120.022 Y127.069 E864.97392
G1 X119.741 Y127.268 E864.99106
G1 X119.448 Y127.423 E865.00755
G1 X119.188 Y127.518 E865.02133
G1 X118.853 Y127.605 E865.03855
G1 X118.515 Y127.652 E865.05554
G1 X118.183 Y127.666 E865.07207
G1 X115.426 Y127.666 E865.20928
G1 X115.426 Y130.23 E865.33687
G1 X129.796 Y130.23 E866.052
G1 X129.796 Y127.666 E866.1796
G1 X127.06 Y127.661 E866.31576
G1 X126.655 Y127.562 E866.33651
G1 X126.268 Y127.343 E866.35864
G1 X126.043 Y127.148 E866.37346
G1 X125.727 Y126.782 E866.39752
G1 X125.439 Y126.278 E866.42641
G1 X125.173 Y125.686 E866.45871
G1 X124.821 Y124.818 E866.50532
G1 X124.425 Y123.731 E866.56289
G1 X112.605 Y89.77 E868.35242
G1 X107.188 Y89.77 E868.622
G1 X94.929 Y124.984 E870.4776
G1 X94.823 Y125.251 E870.49189
G1 X94.706 Y125.497 E870.50545
G1 X94.498 Y125.863 E870.5264
G1 X94.13 Y126.326 E870.55583
G1 X93.82 Y126.653 E870.57826
G1 X93.412 Y126.999 E870.60488
G1 X92.956 Y127.247 E870.63071
G1 X92.606 Y127.39 E870.64953
G1 X92.015 Y127.573 E870.68031
G1 X91.522 Y127.659 E870.70522
G1 X90.204 Y127.666 E870.77081
G1 X90.204 Y130.23 E870.89841
G1 X108.659 Y130.23 E871.81683
G1 X108.659 Y127.666 E871.94443
G1 X105.999 Y127.661 E872.07681
G1 X105.636 Y127.605 E872.09509
G1 X105.204 Y127.496 E872.11726
G1 X104.97 Y127.403 E872.12979
G1 X104.714 Y127.261 E872.14436
G1 X104.457 Y127.083 E872.15992
G1 X104.194 Y126.843 E872.17763
G1 X103.975 Y126.512 E872.19739
G1 X103.864 Y126.182 E872.21471
G1 X103.81 Y125.879 E872.23003
G1 X103.783 Y125.399 E872.25395
G1 X103.833 Y124.885 E872.27965
G1 X103.906 Y124.456 E872.30131
G1 X104.014 Y123.965 E872.32633
G1 X104.128 Y123.527 E872.34885
G1 X104.241 Y123.155 E872.3682
G1 X110.161 Y105.316 E873.30358
G1 X110.636 Y103.709 E873.38697
G1 X110.766 Y103.227 E873.41181
G1 X111 Y102.268 E873.46094
G1 X111.471 Y100.11 E873.57086
G1 X111.57 Y99.528 E873.60024
G1 X111.638 Y99.064 E873.62358
G1 X111.716 Y98.426 E873.65556
G1 X111.827 Y98.32 E873.6632
G1 X111.939 Y98.294 E873.66892
G1 X112.074 Y98.33 E873.67588
G0 F9000 X112.164 Y98.444
G0 X112.175 Y98.497
G0 X112.862 Y98.36
G0 X114.114 Y96.316
;TYPE:FILL
G1 F3600 X104.809 Y98.81 E874.28313
G0 F9000 X105.066 Y98.067
G1 F3600 X110.059 Y103.06 E874.72824
G0 F9000 X108.988 Y106.541
G1 F3600 X101.41 Y108.572 E875.22279
G0 F9000 X101.944 Y107.036
G1 F3600 X107.111 Y112.203 E875.68341
G0 F9000 X105.764 Y116.257
G1 F3600 X98.011 Y118.334 E876.18937
G0 F9000 X98.821 Y116.005
G1 F3600 X104.098 Y121.282 E876.65979
G0 F9000 X103.361 Y124.021
G0 X103.078 Y125.828
G1 F3600 X90.928 Y129.084 E877.45271
G1 X90.928 Y129.014
G1 X91.096 Y128.388 E877.49357
G0 F9000 X92.148 Y128.199
G0 X93.237 Y127.821
G0 X93.756 Y127.546
G0 X94.621 Y126.736
G0 X94.96 Y126.307
G0 X95.699 Y124.975
G1 F3600 X100.228 Y129.504 E877.89731
G0 F9000 X99.649 Y129.504
G1 F3600 X110.102 Y90.494 E880.44311
G0 F9000 X109.585 Y90.494
G1 F3600 X113.425 Y94.335 E880.78547
G0 F9000 X115.967 Y101.638
G1 F3600 X114.932 Y105.499 E881.03745
G0 F9000 X114.759 Y104.995
G1 F3600 X116.933 Y104.413 E881.17932
G0 F9000 X116.193 Y109.194
G1 F3600 X119.881 Y112.882 E881.50809
G0 F9000 X119.752 Y112.509
G1 F3600 X117.526 Y113.105 E881.65335
G0 F9000 X120.968 Y116.007
G1 F3600 X119.891 Y120.03 E881.91588
G0 F9000 X120.293 Y121.215
G1 F3600 X122.569 Y120.606 E882.06439
G0 F9000 X121.299 Y126.391
G1 F3600 X124.411 Y129.503 E882.34182
G0 F9000 X126.203 Y129.504
G1 F3600 X126.532 Y128.278 E882.42184
G1 X126.761 Y128.334
G1 X122.393 Y129.504 E882.70689
G0 F9000 X117.651 Y128.39
G1 F3600 X117.352 Y129.504 E882.77959
G0 F9000 X117.352 Y129.13
G1 F2400 E880.77959
;MESH:NONMESH
G0 F600 X117.352 Y129.13 Z7.28
G0 F9000 X120.092 Y127.806
G0 X120.699 Y127.307
G0 X121.126 Y126.639
G0 X121.327 Y125.867
G0 X121.323 Y125.074
G0 X120.978 Y123.572
G0 X112.8 Y98.049
G1 F1200 E882.77959
G0 F9000 X112.516 Y98.105
;TIME_ELAPSED:597.347599
;LAYER:25
;TYPE:WALL-INNER
;MESH:felipe_mvm_v.stl
G1 F3900 X112.613 Y98.29 E882.79114
G1 X112.915 Y99.592 E882.86505
G1 X113.209 Y100.631 E882.92476
G1 X113.407 Y101.394 E882.96834
G1 X114.512 Y105.039 E883.17895
G1 X120.45 Y122.436 E884.19541
G1 X120.571 Y122.764 E884.21474
G1 X120.744 Y123.28 E884.24483
G1 X120.839 Y123.604 E884.2635
G1 X120.927 Y123.967 E884.28416
G1 X121.098 Y124.781 E884.33015
G1 X121.196 Y125.324 E884.36066
G1 X121.157 Y125.886 E884.39181
G1 X121.097 Y126.212 E884.41014
G1 X120.968 Y126.586 E884.43202
G1 X120.801 Y126.903 E884.45183
G1 X120.577 Y127.196 E884.47222
G1 X120.313 Y127.447 E884.49236
G1 X120.039 Y127.641 E884.51093
G1 X119.659 Y127.852 E884.53496
G1 X119.289 Y127.984 E884.55668
G1 X118.942 Y128.073 E884.57649
G1 X118.535 Y128.127 E884.5992
G1 X118.203 Y128.141 E884.61757
G1 X115.901 Y128.141 E884.74486
G1 X115.901 Y129.755 E884.8341
G1 X129.321 Y129.755 E885.57616
G1 X129.321 Y128.141 E885.66541
G1 X127.001 Y128.136 E885.79369
G1 X126.481 Y128.009 E885.82329
G1 X126.008 Y127.747 E885.85319
G1 X125.686 Y127.462 E885.87697
G1 X125.349 Y127.077 E885.90526
G1 X125.037 Y126.534 E885.93989
G1 X124.733 Y125.865 E885.98052
G1 X124.365 Y124.953 E886.0349
G1 X123.922 Y123.736 E886.10652
G1 X112.267 Y90.245 E888.06733
G1 X107.526 Y90.245 E888.32949
G1 X95.371 Y125.159 E890.37371
G1 X95.271 Y125.412 E890.38875
G1 X95.143 Y125.686 E890.40547
G1 X94.904 Y126.116 E890.43267
G1 X94.476 Y126.652 E890.4706
G1 X94.127 Y127.015 E890.49844
G1 X93.662 Y127.41 E890.53218
G1 X93.137 Y127.686 E890.56498
G1 X92.747 Y127.844 E890.58825
G1 X92.156 Y128.027 E890.62246
G1 X91.548 Y128.137 E890.65662
G1 X90.679 Y128.14 E890.70467
G1 X90.679 Y129.755 E890.79397
G1 X108.184 Y129.755 E891.76191
G1 X108.184 Y128.141 E891.85116
G1 X105.972 Y128.138 E891.97347
G1 X105.585 Y128.079 E891.99512
G1 X105.07 Y127.954 E892.02442
G1 X104.71 Y127.804 E892.04599
G1 X104.429 Y127.642 E892.06392
G1 X104.136 Y127.434 E892.08379
G1 X103.83 Y127.154 E892.10673
G1 X103.546 Y126.724 E892.13522
G1 X103.405 Y126.317 E892.15904
G1 X103.342 Y125.962 E892.17897
G1 X103.306 Y125.412 E892.20945
G1 X103.357 Y124.857 E892.24027
G1 X103.435 Y124.387 E892.26661
G1 X103.554 Y123.845 E892.2973
G1 X103.673 Y123.39 E892.3233
G1 X103.79 Y123.005 E892.34555
G1 X109.707 Y105.174 E893.38439
G1 X110.15 Y103.681 E893.4705
G1 X110.355 Y102.916 E893.51429
G1 X110.535 Y102.173 E893.55656
G1 X111.004 Y100.02 E893.67841
G1 X111.101 Y99.455 E893.7101
G1 X111.198 Y98.77 E893.74836
G1 X111.24 Y98.41 E893.7684
G1 X111.323 Y98.176 E893.78213
G1 X111.5 Y97.971 E893.79711
G1 X111.716 Y97.857 E893.81061
G1 X112.077 Y97.832 E893.83062
G1 X112.307 Y97.917 E893.84418
G1 X112.516 Y98.105 E893.85972
G0 F9000 X112.065 Y98.327
;TYPE:WALL-OUTER
G1 F3000 X112.163 Y98.446 E893.86739
G1 X112.438 Y99.647 E893.92871
G1 X112.749 Y100.749 E893.98569
G1 X112.942 Y101.497 E894.02414
G1 X114.053 Y105.163 E894.21477
G1 X120.004 Y122.602 E895.13177
G1 X120.121 Y122.915 E895.1484
G1 X120.288 Y123.414 E895.17459
G1 X120.377 Y123.716 E895.19026
G1 X120.462 Y124.064 E895.20808
G1 X120.634 Y124.885 E895.24983
G1 X120.714 Y125.329 E895.27228
G1 X120.689 Y125.802 E895.29585
G1 X120.636 Y126.096 E895.31072
G1 X120.535 Y126.39 E895.32619
G1 X120.388 Y126.66 E895.34149
G1 X120.209 Y126.89 E895.35599
G1 X120.022 Y127.069 E895.36887
G1 X119.741 Y127.268 E895.38601
G1 X119.448 Y127.423 E895.4025
G1 X119.188 Y127.518 E895.41628
G1 X118.853 Y127.605 E895.43351
G1 X118.515 Y127.652 E895.45049
G1 X118.183 Y127.666 E895.46702
G1 X115.426 Y127.666 E895.60423
G1 X115.426 Y130.23 E895.73183
G1 X129.796 Y130.23 E896.44696
G1 X129.796 Y127.666 E896.57456
G1 X127.06 Y127.661 E896.71071
G1 X126.655 Y127.562 E896.73146
G1 X126.268 Y127.343 E896.75359
G1 X126.043 Y127.148 E896.76841
G1 X125.727 Y126.782 E896.79247
G1 X125.439 Y126.278 E896.82136
G1 X125.173 Y125.686 E896.85366
G1 X124.821 Y124.817 E896.90032
G1 X124.371 Y123.579 E896.96587
G1 X112.605 Y89.77 E898.74737
G1 X107.188 Y89.77 E899.01695
G1 X94.929 Y124.984 E900.87255
G1 X94.823 Y125.251 E900.88684
G1 X94.706 Y125.497 E900.9004
G1 X94.498 Y125.863 E900.92135
G1 X94.13 Y126.326 E900.95078
G1 X93.82 Y126.653 E900.97321
G1 X93.412 Y126.999 E900.99983
G1 X92.956 Y127.247 E901.02566
G1 X92.606 Y127.39 E901.04448
G1 X92.015 Y127.573 E901.07527
G1 X91.522 Y127.659 E901.10017
G1 X90.204 Y127.666 E901.16576
G1 X90.204 Y130.23 E901.29336
G1 X108.659 Y130.23 E902.21178
G1 X108.659 Y127.666 E902.33938
G1 X105.999 Y127.661 E902.47176
G1 X105.636 Y127.605 E902.49004
G1 X105.204 Y127.496 E902.51221
G1 X104.97 Y127.403 E902.52474
G1 X104.714 Y127.261 E902.53931
G1 X104.457 Y127.083 E902.55487
G1 X104.194 Y126.843 E902.57259
G1 X103.975 Y126.512 E902.59234
G1 X103.864 Y126.182 E902.60966
G1 X103.81 Y125.879 E902.62498
G1 X103.783 Y125.399 E902.6489
G1 X103.833 Y124.885 E902.67461
G1 X103.906 Y124.456 E902.69626
G1 X104.014 Y123.965 E902.72128
G1 X104.128 Y123.527 E902.7438
G1 X104.241 Y123.155 E902.76315
G1 X110.161 Y105.316 E903.69853
G1 X110.607 Y103.81 E903.77669
G1 X110.815 Y103.034 E903.81667
G1 X110.999 Y102.274 E903.85559
G1 X111.471 Y100.11 E903.96581
G1 X111.57 Y99.528 E903.99519
G1 X111.67 Y98.824 E904.03058
G1 X111.715 Y98.436 E904.05002
G1 X111.862 Y98.309 E904.05968
G1 X112.065 Y98.327 E904.06982
G0 F9000 X112.163 Y98.446
G0 X112.173 Y98.49
G0 X112.861 Y98.353
G0 X114.179 Y96.504
;TYPE:FILL
G1 F3600 X104.73 Y99.036 E904.68647
G0 F9000 X105.139 Y97.86
G1 F3600 X110.116 Y102.837 E905.13015
G0 F9000 X108.914 Y106.766
G1 F3600 X101.331 Y108.798 E905.62502
G0 F9000 X102.016 Y106.828
G1 F3600 X107.181 Y111.993 E906.08546
G0 F9000 X105.69 Y116.482
G1 F3600 X97.932 Y118.56 E906.59174
G0 F9000 X98.894 Y115.798
G1 F3600 X104.168 Y121.072 E907.0619
G0 F9000 X103.279 Y124.326
G0 X103.098 Y126.028
G1 F3600 X90.928 Y129.289 E907.85611
G0 F9000 X93.756 Y127.546
G0 X94.621 Y126.736
G0 X94.96 Y126.307
G0 X95.771 Y124.767
G1 F3600 X100.508 Y129.504 E908.2784
G0 F9000 X99.444 Y129.504
G1 F3600 X109.897 Y90.493 E910.82426
G1 X109.865 Y90.494
G1 X113.275 Y93.905 E911.12829
G0 F9000 X115.851 Y101.306
G1 F3600 X114.818 Y105.16 E911.37981
G1 X114.824 Y105.183
G1 X116.998 Y104.6 E911.52169
G0 F9000 X116.049 Y108.77
G1 F3600 X119.73 Y112.451 E911.84984
G1 X119.815 Y112.697
G1 X117.592 Y113.293 E911.99492
G0 F9000 X120.852 Y115.676
G1 F3600 X119.776 Y119.691 E912.25694
G0 F9000 X120.359 Y121.403
G1 F3600 X122.634 Y120.793 E912.40541
G0 F9000 X121.357 Y126.17
G1 F3600 X124.691 Y129.503 E912.70259
G0 F9000 X125.998 Y129.505
G1 F3600 X126.346 Y128.209 E912.78717
G0 F9000 X127.334 Y128.386
G1 F3600 X123.157 Y129.505 E913.05976
G0 F9000 X117.446 Y128.39
G1 F3600 X117.147 Y129.504 E913.13247
G0 F9000 X117.147 Y129.13
G1 F2400 E911.13247
;MESH:NONMESH
G0 F600 X117.147 Y129.13 Z7.56
G0 F9000 X120.092 Y127.806
G0 X120.699 Y127.307
G0 X121.126 Y126.639
G0 X121.326 Y125.868
G0 X121.359 Y125.317
G0 X120.896 Y123.218
G0 X112.633 Y97.578
G0 X111.174 Y97.638
G0 X111.055 Y98.064
G1 F1200 E913.13247
G0 F9000 X111.349 Y98.098
;TIME_ELAPSED:612.575970
;LAYER:26
;TYPE:WALL-INNER
;MESH:felipe_mvm_v.stl
G1 F3900 X111.605 Y97.897 E913.15047
G1 X111.95 Y97.817 E913.17005
G1 X112.146 Y97.844 E913.18099
G1 X112.354 Y97.943 E913.19373
G1 X112.533 Y98.126 E913.20788
G1 X112.612 Y98.286 E913.21775
G1 X112.904 Y99.551 E913.28954
G1 X113.103 Y100.241 E913.32925
G1 X113.405 Y101.388 E913.39483
G1 X114.509 Y105.033 E913.60542
G1 X120.446 Y122.43 E914.62186
G1 X120.734 Y123.247 E914.66976
G1 X120.83 Y123.573 E914.68856
G1 X120.923 Y123.955 E914.71029
G1 X121.154 Y125.05 E914.77218
G1 X121.185 Y125.485 E914.79629
G1 X121.157 Y125.886 E914.81852
G1 X121.097 Y126.212 E914.83685
G1 X120.968 Y126.586 E914.85872
G1 X120.801 Y126.903 E914.87853
G1 X120.577 Y127.196 E914.89893
G1 X120.313 Y127.447 E914.91907
G1 X120.039 Y127.641 E914.93763
G1 X119.659 Y127.852 E914.96167
G1 X119.289 Y127.984 E914.98339
G1 X118.942 Y128.073 E915.0032
G1 X118.535 Y128.127 E915.0259
G1 X118.203 Y128.141 E915.04428
G1 X115.901 Y128.141 E915.17156
G1 X115.901 Y129.755 E915.26081
G1 X129.321 Y129.755 E916.00287
G1 X129.321 Y128.141 E916.09211
G1 X127.001 Y128.136 E916.2204
G1 X126.481 Y128.009 E916.25
G1 X126.008 Y127.747 E916.2799
G1 X125.686 Y127.462 E916.30367
G1 X125.349 Y127.077 E916.33197
G1 X125.037 Y126.534 E916.3666
G1 X124.733 Y125.865 E916.40723
G1 X124.375 Y124.98 E916.46002
G1 X123.976 Y123.888 E916.5243
G1 X112.267 Y90.245 E918.49404
G1 X107.526 Y90.245 E918.75619
G1 X95.371 Y125.159 E920.80041
G1 X95.271 Y125.412 E920.81545
G1 X95.143 Y125.686 E920.83218
G1 X94.904 Y126.116 E920.85938
G1 X94.476 Y126.652 E920.89731
G1 X94.127 Y127.015 E920.92515
G1 X93.662 Y127.41 E920.95889
G1 X93.137 Y127.686 E920.99168
G1 X92.747 Y127.844 E921.01495
G1 X92.156 Y128.027 E921.04916
G1 X91.548 Y128.137 E921.08333
G1 X90.679 Y128.14 E921.13138
G1 X90.679 Y129.755 E921.22068
G1 X108.184 Y129.755 E922.18862
G1 X108.184 Y128.141 E922.27787
G1 X105.972 Y128.138 E922.40018
G1 X105.585 Y128.079 E922.42182
G1 X105.07 Y127.954 E922.45113
G1 X104.71 Y127.804 E922.47269
G1 X104.429 Y127.642 E922.49063
G1 X104.136 Y127.434 E922.5105
G1 X103.83 Y127.154 E922.53343
G1 X103.546 Y126.724 E922.56193
G1 X103.405 Y126.317 E922.58574
G1 X103.342 Y125.962 E922.60568
G1 X103.306 Y125.412 E922.63616
G1 X103.357 Y124.857 E922.66698
G1 X103.435 Y124.387 E922.69332
G1 X103.553 Y123.848 E922.72383
G1 X103.671 Y123.39 E922.74998
G1 X103.788 Y123.005 E922.77223
G1 X109.701 Y105.186 E923.81036
G1 X110.15 Y103.679 E923.89731
G1 X110.354 Y102.919 E923.94083
G1 X110.533 Y102.175 E923.98314
G1 X111.004 Y100.022 E924.105
G1 X111.117 Y99.353 E924.14252
G1 X111.239 Y98.404 E924.19543
G1 X111.349 Y98.098 E924.21341
G0 F9000 X111.826 Y98.317
;TYPE:WALL-OUTER
G1 F3000 X111.95 Y98.292 E924.2197
G1 X112.08 Y98.332 E924.22647
G1 X112.163 Y98.442 E924.23333
G1 X112.229 Y98.756 E924.2493
G1 X112.444 Y99.671 E924.29607
G1 X112.643 Y100.362 E924.33186
G1 X112.941 Y101.495 E924.39016
G1 X113.792 Y104.322 E924.53708
G1 X114.06 Y105.186 E924.5821
G1 X119.998 Y122.587 E925.4971
G1 X120.288 Y123.414 E925.54072
G1 X120.368 Y123.686 E925.55483
G1 X120.458 Y124.052 E925.57358
G1 X120.685 Y125.134 E925.6286
G1 X120.71 Y125.441 E925.64393
G1 X120.689 Y125.802 E925.66193
G1 X120.636 Y126.096 E925.67679
G1 X120.535 Y126.39 E925.69226
G1 X120.388 Y126.66 E925.70756
G1 X120.209 Y126.89 E925.72207
G1 X120.022 Y127.069 E925.73495
G1 X119.741 Y127.268 E925.75208
G1 X119.448 Y127.423 E925.76858
G1 X119.188 Y127.518 E925.78236
G1 X118.853 Y127.605 E925.79958
G1 X118.515 Y127.652 E925.81656
G1 X118.183 Y127.666 E925.8331
G1 X115.426 Y127.666 E925.9703
G1 X115.426 Y130.23 E926.0979
G1 X129.796 Y130.23 E926.81303
G1 X129.796 Y127.666 E926.94063
G1 X127.06 Y127.661 E927.07679
G1 X126.655 Y127.562 E927.09754
G1 X126.268 Y127.343 E927.11967
G1 X126.043 Y127.148 E927.13448
G1 X125.727 Y126.782 E927.15855
G1 X125.439 Y126.278 E927.18744
G1 X125.173 Y125.686 E927.21973
G1 X124.821 Y124.818 E927.26635
G1 X124.425 Y123.732 E927.32387
G1 X112.605 Y89.77 E929.11345
G1 X107.188 Y89.77 E929.38303
G1 X94.929 Y124.984 E931.23862
G1 X94.823 Y125.251 E931.25292
G1 X94.706 Y125.497 E931.26648
G1 X94.498 Y125.863 E931.28743
G1 X94.13 Y126.326 E931.31686
G1 X93.82 Y126.653 E931.33928
G1 X93.412 Y126.999 E931.3659
G1 X92.956 Y127.247 E931.39174
G1 X92.606 Y127.39 E931.41055
G1 X92.015 Y127.573 E931.44134
G1 X91.522 Y127.659 E931.46625
G1 X90.204 Y127.666 E931.53184
G1 X90.204 Y130.23 E931.65944
G1 X108.659 Y130.23 E932.57786
G1 X108.659 Y127.666 E932.70546
G1 X105.999 Y127.661 E932.83783
G1 X105.636 Y127.605 E932.85611
G1 X105.204 Y127.496 E932.87828
G1 X104.97 Y127.403 E932.89082
G1 X104.714 Y127.261 E932.90538
G1 X104.457 Y127.083 E932.92094
G1 X104.194 Y126.843 E932.93866
G1 X103.975 Y126.512 E932.95841
G1 X103.864 Y126.182 E932.97574
G1 X103.81 Y125.879 E932.99106
G1 X103.783 Y125.399 E933.01498
G1 X103.833 Y124.885 E933.04068
G1 X103.906 Y124.455 E933.06239
G1 X104.014 Y123.966 E933.08731
G1 X104.126 Y123.527 E933.10986
G1 X104.239 Y123.155 E933.1292
G1 X110.155 Y105.329 E934.0639
G1 X110.607 Y103.808 E934.14287
G1 X110.826 Y102.989 E934.18506
G1 X110.997 Y102.276 E934.22154
G1 X111.471 Y100.113 E934.33174
G1 X111.587 Y99.423 E934.36656
G1 X111.718 Y98.442 E934.41581
G1 X111.826 Y98.317 E934.42404
G0 F9000 X111.95 Y98.292
G0 X112.02 Y98.313
G0 X111.994 Y97.534
G0 X114.245 Y96.691
;TYPE:FILL
G1 F3600 X104.651 Y99.262 E935.05014
G0 F9000 X105.211 Y97.652
G1 F3600 X110.17 Y102.611 E935.49222
G0 F9000 X108.837 Y106.992
G1 F3600 X101.252 Y109.024 E935.98721
G0 F9000 X102.088 Y106.621
G1 F3600 X107.249 Y111.781 E936.44726
G0 F9000 X105.612 Y116.708
G1 F3600 X97.854 Y118.786 E936.95353
G0 F9000 X98.966 Y115.59
G1 F3600 X104.236 Y120.86 E937.42333
G0 F9000 X103.279 Y124.326
G0 X103.202 Y124.937
G0 X103.134 Y126.223
G1 F3600 X90.928 Y129.494 E938.2199
G0 F9000 X93.756 Y127.546
G0 X94.621 Y126.736
G0 X94.998 Y126.259
G0 X95.844 Y124.559
G1 F3600 X100.788 Y129.504 E938.66069
G0 F9000 X99.239 Y129.504
G1 F3600 X109.692 Y90.493 E941.20655
G0 F9000 X110.145 Y90.494
G1 F3600 X113.126 Y93.475 E941.47229
G0 F9000 X115.735 Y100.973
G1 F3600 X114.705 Y104.818 E941.72321
G0 F9000 X114.887 Y105.371
G1 F3600 X117.064 Y104.788 E941.86528
G0 F9000 X115.903 Y108.344
G1 F3600 X119.582 Y112.023 E942.19325
G0 F9000 X119.882 Y112.884
G1 F3600 X117.656 Y113.481 E942.33853
G0 F9000 X120.737 Y115.342
G1 F3600 X119.661 Y119.355 E942.60043
G0 F9000 X120.423 Y121.591
G1 F3600 X122.7 Y120.981 E942.74902
G0 F9000 X121.401 Y125.933
G1 F3600 X124.971 Y129.503 E943.06727
G0 F9000 X125.793 Y129.505
G1 F3600 X126.164 Y128.12 E943.15766
G0 F9000 X126.63 Y128.221
G0 X128.093 Y128.387
G1 F3600 X123.922 Y129.505 E943.42986
G0 F9000 X117.241 Y128.39
G1 F3600 X116.942 Y129.505 E943.50263
G0 F9000 X116.942 Y129.13
G1 F2400 E941.50263
;MESH:NONMESH
G0 F600 X116.942 Y129.13 Z7.84
G0 F9000 X120.092 Y127.806
G0 X120.699 Y127.307
G0 X121.126 Y126.639
G0 X121.327 Y125.867
G0 X121.32 Y125.051
G0 X120.896 Y123.217
G0 X112.634 Y97.582
G0 X112.298 Y97.523
G1 F1200 E943.50263
G0 F9000 X112.311 Y97.918
;TIME_ELAPSED:627.946888
;LAYER:27
;TYPE:WALL-INNER
;MESH:felipe_mvm_v.stl
G1 F3900 X112.518 Y98.107 E943.51813
G1 X112.624 Y98.309 E943.53075
G1 X112.697 Y98.673 E943.55127
G1 X112.904 Y99.551 E943.60115
G1 X113.103 Y100.247 E943.64118
G1 X113.405 Y101.39 E943.70655
G1 X114.512 Y105.04 E943.91746
G1 X120.448 Y122.434 E944.93372
G1 X120.588 Y122.815 E944.95617
G1 X120.736 Y123.253 E944.98173
G1 X120.856 Y123.672 E945.00583
G1 X121.15 Y125.03 E945.08266
G1 X121.188 Y125.45 E945.10598
G1 X121.157 Y125.886 E945.13015
G1 X121.097 Y126.212 E945.14848
G1 X120.968 Y126.586 E945.17036
G1 X120.801 Y126.903 E945.19017
G1 X120.577 Y127.196 E945.21056
G1 X120.313 Y127.447 E945.2307
G1 X120.039 Y127.641 E945.24927
G1 X119.659 Y127.852 E945.2733
G1 X119.289 Y127.984 E945.29502
G1 X118.942 Y128.073 E945.31483
G1 X118.535 Y128.127 E945.33753
G1 X118.203 Y128.141 E945.35591
G1 X115.901 Y128.141 E945.4832
G1 X115.901 Y129.755 E945.57244
G1 X129.321 Y129.755 E946.3145
G1 X129.321 Y128.141 E946.40375
G1 X127.001 Y128.136 E946.53203
G1 X126.481 Y128.009 E946.56163
G1 X126.008 Y127.747 E946.59153
G1 X125.686 Y127.462 E946.61531
G1 X125.349 Y127.077 E946.6436
G1 X125.037 Y126.534 E946.67823
G1 X124.733 Y125.866 E946.71881
G1 X124.421 Y125.1 E946.76455
G1 X123.976 Y123.888 E946.83594
G1 X112.267 Y90.245 E948.80567
G1 X107.526 Y90.245 E949.06783
G1 X95.371 Y125.159 E951.11205
G1 X95.271 Y125.412 E951.12709
G1 X95.143 Y125.686 E951.14381
G1 X94.904 Y126.116 E951.17101
G1 X94.476 Y126.652 E951.20894
G1 X94.127 Y127.015 E951.23679
G1 X93.662 Y127.41 E951.27052
G1 X93.139 Y127.685 E951.3032
G1 X92.743 Y127.846 E951.32683
G1 X92.19 Y128.013 E951.35878
G1 X91.784 Y128.1 E951.38174
G1 X91.447 Y128.137 E951.40048
G1 X90.679 Y128.14 E951.44295
G1 X90.679 Y128.872 E951.48342
G1 X90.679 Y129.755 E951.53225
G1 X108.184 Y129.755 E952.50019
G1 X108.184 Y128.141 E952.58943
G1 X105.972 Y128.138 E952.71175
G1 X105.585 Y128.079 E952.73339
G1 X105.07 Y127.954 E952.7627
G1 X104.71 Y127.804 E952.78426
G1 X104.429 Y127.642 E952.8022
G1 X104.136 Y127.434 E952.82207
G1 X103.83 Y127.154 E952.845
G1 X103.546 Y126.724 E952.8735
G1 X103.405 Y126.317 E952.89731
G1 X103.342 Y125.962 E952.91725
G1 X103.306 Y125.412 E952.94773
G1 X103.357 Y124.857 E952.97854
G1 X103.435 Y124.387 E953.00489
G1 X103.554 Y123.845 E953.03557
G1 X103.673 Y123.39 E953.06158
G1 X103.79 Y123.005 E953.08383
G1 X109.707 Y105.174 E954.12266
G1 X110.15 Y103.681 E954.20877
G1 X110.363 Y102.884 E954.25439
G1 X110.534 Y102.174 E954.29477
G1 X111.004 Y100.018 E954.41679
G1 X111.072 Y99.631 E954.43852
G1 X111.194 Y98.802 E954.48485
G1 X111.24 Y98.408 E954.50678
G1 X111.323 Y98.174 E954.52051
G1 X111.5 Y97.969 E954.53549
G1 X111.717 Y97.854 E954.54907
G1 X112.082 Y97.831 E954.56929
G1 X112.311 Y97.918 E954.58284
G0 F9000 X112.067 Y98.326
;TYPE:WALL-OUTER
G1 F3000 X112.164 Y98.444 E954.59044
G1 X112.235 Y98.781 E954.60758
G1 X112.444 Y99.671 E954.65307
G1 X112.644 Y100.367 E954.68911
G1 X112.932 Y101.465 E954.7456
G1 X114.053 Y105.164 E954.93795
G1 X120.002 Y122.596 E955.85459
G1 X120.138 Y122.967 E955.87425
G1 X120.289 Y123.416 E955.89783
G1 X120.403 Y123.816 E955.91853
G1 X120.684 Y125.135 E955.98564
G1 X120.71 Y125.439 E956.00083
G1 X120.689 Y125.802 E956.01892
G1 X120.636 Y126.096 E956.03379
G1 X120.535 Y126.39 E956.04926
G1 X120.388 Y126.66 E956.06456
G1 X120.209 Y126.89 E956.07906
G1 X120.022 Y127.069 E956.09194
G1 X119.741 Y127.268 E956.10908
G1 X119.448 Y127.423 E956.12557
G1 X119.188 Y127.518 E956.13935
G1 X118.853 Y127.605 E956.15657
G1 X118.515 Y127.652 E956.17356
G1 X118.183 Y127.666 E956.19009
G1 X115.426 Y127.666 E956.3273
G1 X115.426 Y130.23 E956.4549
G1 X129.796 Y130.23 E957.17003
G1 X129.796 Y127.666 E957.29763
G1 X127.06 Y127.661 E957.43378
G1 X126.655 Y127.562 E957.45453
G1 X126.268 Y127.343 E957.47666
G1 X126.043 Y127.148 E957.49148
G1 X125.727 Y126.782 E957.51554
G1 X125.439 Y126.278 E957.54443
G1 X125.173 Y125.686 E957.57673
G1 X124.867 Y124.936 E957.61704
G1 X124.425 Y123.731 E957.68091
G1 X112.605 Y89.77 E959.47044
G1 X107.188 Y89.77 E959.74002
G1 X94.929 Y124.984 E961.59562
G1 X94.823 Y125.251 E961.60991
G1 X94.706 Y125.497 E961.62347
G1 X94.498 Y125.863 E961.64442
G1 X94.13 Y126.326 E961.67385
G1 X93.82 Y126.653 E961.69628
G1 X93.412 Y126.999 E961.7229
G1 X92.957 Y127.246 E961.74866
G1 X92.603 Y127.392 E961.76772
G1 X92.089 Y127.549 E961.79447
G1 X91.702 Y127.632 E961.81416
G1 X91.422 Y127.662 E961.82818
G1 X90.204 Y127.666 E961.88879
G1 X90.204 Y128.872 E961.94881
G1 X90.204 Y130.23 E962.01639
G1 X108.659 Y130.23 E962.93481
G1 X108.659 Y127.666 E963.06241
G1 X105.999 Y127.661 E963.19479
G1 X105.636 Y127.605 E963.21307
G1 X105.204 Y127.496 E963.23524
G1 X104.97 Y127.403 E963.24777
G1 X104.714 Y127.261 E963.26234
G1 X104.457 Y127.083 E963.2779
G1 X104.194 Y126.843 E963.29561
G1 X103.975 Y126.512 E963.31537
G1 X103.864 Y126.182 E963.33269
G1 X103.81 Y125.879 E963.34801
G1 X103.783 Y125.399 E963.37193
G1 X103.833 Y124.885 E963.39763
G1 X103.906 Y124.456 E963.41929
G1 X104.014 Y123.965 E963.44431
G1 X104.128 Y123.527 E963.46683
G1 X104.241 Y123.155 E963.48618
G1 X110.161 Y105.316 E964.42156
G1 X110.607 Y103.81 E964.49972
G1 X110.825 Y102.995 E964.5417
G1 X110.989 Y102.317 E964.57642
G1 X111.471 Y100.11 E964.68884
G1 X111.541 Y99.707 E964.7092
G1 X111.665 Y98.864 E964.7516
G1 X111.715 Y98.433 E964.77319
G1 X111.863 Y98.306 E964.7829
G1 X112.067 Y98.326 E964.7931
G0 F9000 X112.164 Y98.444
G0 X112.173 Y98.491
G0 X112.861 Y98.354
G0 X114.311 Y96.879
;TYPE:FILL
G1 F3600 X104.572 Y99.488 E965.42866
G0 F9000 X105.283 Y97.444
G1 F3600 X110.225 Y102.386 E965.86922
G0 F9000 X111.174 Y97.638
G0 X112.633 Y97.578
G0 X114.597 Y104.458
G1 F3600 X115.62 Y100.639 E966.11844
G0 F9000 X117.128 Y104.975
G1 F3600 X114.953 Y105.558 E966.26039
G0 F9000 X115.759 Y107.92
G1 F3600 X119.433 Y111.594 E966.58791
G0 F9000 X119.947 Y113.072
G1 F3600 X117.72 Y113.668 E966.73323
G0 F9000 X120.621 Y115.008
G1 F3600 X119.547 Y119.018 E966.99492
G0 F9000 X120.488 Y121.778
G1 F3600 X122.765 Y121.168 E967.14351
G0 F9000 X121.421 Y125.674
G1 F3600 X125.251 Y129.503 E967.4849
G0 F9000 X125.588 Y129.505
G1 F3600 X125.986 Y128.02 E967.58181
G0 F9000 X124.688 Y129.505
G1 F3600 X128.853 Y128.389 E967.85362
G0 F9000 X117.036 Y128.389
G1 F3600 X116.737 Y129.505 E967.92645
G1 F2400 E965.92645
G0 F9000 X120.092 Y127.806
G0 X120.699 Y127.307
G0 X121.126 Y126.639
G0 X121.327 Y125.867
G0 X121.316 Y125.029
G0 X120.897 Y123.223
G0 X112.633 Y97.578
G0 X111.174 Y97.638
G0 X103.393 Y123.822
G0 X103.142 Y125.405
G0 X103.248 Y126.362
G0 X103.396 Y126.793
G0 X103.707 Y127.265
G0 X104.367 Y127.798
G0 X107.933 Y129.325
G1 F1200 E967.92645
G1 F3600 X107.885 Y129.504 E967.93813
G0 F9000 X104.367 Y127.798
G0 X103.773 Y127.319
G0 X103.175 Y126.417
G1 F3600 X91.654 Y129.504 E968.68999
G0 F9000 X94.621 Y126.736
G0 X95.04 Y126.206
G0 X95.916 Y124.351
G1 F3600 X101.068 Y129.504 E969.14932
G0 F9000 X99.034 Y129.504
G1 F3600 X109.487 Y90.493 E971.69518
G0 F9000 X110.425 Y90.494
G1 F3600 X112.976 Y93.046 E971.92263
G0 F9000 X111.174 Y97.638
G0 X108.764 Y107.216
G1 F3600 X101.174 Y109.25 E972.41796
G0 F9000 X102.161 Y106.413
G1 F3600 X107.32 Y111.572 E972.87787
G0 F9000 X105.54 Y116.932
G1 F3600 X97.775 Y119.013 E973.38462
G0 F9000 X99.038 Y115.382
G1 F3600 X104.308 Y120.652 E973.85442
G0 F9000 X103.953 Y120.534
;MESH:NONMESH
G0 F600 X103.953 Y120.534 Z8.12
G0 F9000 X111.174 Y97.638
G0 X112.633 Y97.578
G0 X112.804 Y98.073
G0 X112.533 Y98.126
;TIME_ELAPSED:644.984206
;LAYER:28
;TYPE:WALL-INNER
;MESH:felipe_mvm_v.stl
G1 F3900 X112.612 Y98.286 E973.86429
G1 X112.912 Y99.58 E973.93774
G1 X113.037 Y100.009 E973.96245
G1 X113.288 Y100.931 E974.01528
G1 X113.399 Y101.369 E974.04027
G1 X114.512 Y105.039 E974.25233
G1 X120.446 Y122.428 E975.2683
G1 X120.75 Y123.297 E975.3192
G1 X120.886 Y123.794 E975.3477
G1 X121.139 Y124.991 E975.41535
G1 X121.185 Y125.441 E975.44036
G1 X121.167 Y125.804 E975.46046
G1 X121.097 Y126.212 E975.48335
G1 X120.968 Y126.586 E975.50522
G1 X120.801 Y126.903 E975.52503
G1 X120.577 Y127.196 E975.54543
G1 X120.313 Y127.447 E975.56557
G1 X120.039 Y127.641 E975.58413
G1 X119.659 Y127.852 E975.60817
G1 X119.289 Y127.984 E975.62989
G1 X118.942 Y128.073 E975.6497
G1 X118.535 Y128.127 E975.6724
G1 X118.203 Y128.141 E975.69077
G1 X115.901 Y128.141 E975.81806
G1 X115.901 Y129.755 E975.90731
G1 X129.321 Y129.755 E976.64937
G1 X129.321 Y128.141 E976.73861
G1 X127.001 Y128.136 E976.8669
G1 X126.481 Y128.009 E976.8965
G1 X126.008 Y127.747 E976.9264
G1 X125.686 Y127.462 E976.95017
G1 X125.349 Y127.077 E976.97847
G1 X125.037 Y126.534 E977.01309
G1 X124.743 Y125.889 E977.05229
G1 X124.297 Y124.776 E977.11859
G1 X123.976 Y123.888 E977.1708
G1 X112.267 Y90.245 E979.14054
G1 X107.526 Y90.245 E979.40269
G1 X95.371 Y125.159 E981.44691
G1 X95.271 Y125.412 E981.46195
G1 X95.143 Y125.686 E981.47868
G1 X94.904 Y126.116 E981.50588
G1 X94.476 Y126.652 E981.54381
G1 X94.127 Y127.015 E981.57165
G1 X93.662 Y127.41 E981.60539
G1 X93.137 Y127.686 E981.63818
G1 X92.747 Y127.844 E981.66145
G1 X92.156 Y128.027 E981.69566
G1 X91.548 Y128.137 E981.72983
G1 X90.679 Y128.14 E981.77788
G1 X90.679 Y129.755 E981.86718
G1 X108.184 Y129.755 E982.83512
G1 X108.184 Y128.141 E982.92437
G1 X105.972 Y128.138 E983.04668
G1 X105.585 Y128.079 E983.06832
G1 X105.07 Y127.954 E983.09763
G1 X104.71 Y127.804 E983.11919
G1 X104.429 Y127.642 E983.13713
G1 X104.136 Y127.434 E983.157
G1 X103.83 Y127.154 E983.17993
G1 X103.546 Y126.724 E983.20843
G1 X103.405 Y126.317 E983.23224
G1 X103.342 Y125.962 E983.25218
G1 X103.306 Y125.412 E983.28266
G1 X103.357 Y124.857 E983.31348
G1 X103.435 Y124.387 E983.33982
G1 X103.553 Y123.848 E983.37033
G1 X103.671 Y123.39 E983.39648
G1 X103.788 Y123.005 E983.41873
G1 X109.701 Y105.186 E984.45686
G1 X110.15 Y103.679 E984.54381
G1 X110.352 Y102.927 E984.58687
G1 X110.533 Y102.175 E984.62964
G1 X111.004 Y100.022 E984.7515
G1 X111.118 Y99.346 E984.78941
G1 X111.239 Y98.404 E984.84193
G1 X111.349 Y98.098 E984.85991
G1 X111.605 Y97.897 E984.87791
G1 X111.95 Y97.817 E984.89749
G1 X112.146 Y97.844 E984.90843
G1 X112.354 Y97.943 E984.92117
G1 X112.533 Y98.126 E984.93532
G0 F9000 X111.826 Y98.317
;TYPE:WALL-OUTER
G1 F3000 X111.95 Y98.292 E984.94162
G1 X112.08 Y98.332 E984.94839
G1 X112.163 Y98.442 E984.95524
G1 X112.229 Y98.756 E984.97121
G1 X112.444 Y99.67 E985.01794
G1 X112.579 Y100.133 E985.04194
G1 X112.828 Y101.048 E985.08913
G1 X112.941 Y101.496 E985.11212
G1 X114.053 Y105.163 E985.30282
G1 X119.997 Y122.584 E986.21886
G1 X120.306 Y123.468 E986.26546
G1 X120.421 Y123.892 E986.28732
G1 X120.671 Y125.073 E986.3474
G1 X120.71 Y125.445 E986.36601
G1 X120.689 Y125.802 E986.38381
G1 X120.636 Y126.096 E986.39868
G1 X120.535 Y126.39 E986.41415
G1 X120.388 Y126.66 E986.42945
G1 X120.209 Y126.89 E986.44395
G1 X120.022 Y127.069 E986.45683
G1 X119.741 Y127.268 E986.47397
G1 X119.448 Y127.423 E986.49047
G1 X119.188 Y127.518 E986.50424
G1 X118.853 Y127.605 E986.52147
G1 X118.515 Y127.652 E986.53845
G1 X118.183 Y127.666 E986.55499
G1 X115.426 Y127.666 E986.69219
G1 X115.426 Y130.23 E986.81979
G1 X129.796 Y130.23 E987.53492
G1 X129.796 Y127.666 E987.66252
G1 X127.06 Y127.661 E987.79867
G1 X126.655 Y127.562 E987.81942
G1 X126.268 Y127.343 E987.84155
G1 X126.043 Y127.148 E987.85637
G1 X125.727 Y126.782 E987.88043
G1 X125.439 Y126.278 E987.90932
G1 X125.173 Y125.685 E987.94166
G1 X124.744 Y124.615 E987.99903
G1 X124.425 Y123.731 E988.0458
G1 X112.605 Y89.77 E989.83533
G1 X107.188 Y89.77 E990.10491
G1 X94.929 Y124.984 E991.96051
G1 X94.823 Y125.251 E991.9748
G1 X94.706 Y125.497 E991.98836
G1 X94.498 Y125.863 E992.00931
G1 X94.13 Y126.326 E992.03874
G1 X93.82 Y126.653 E992.06117
G1 X93.412 Y126.999 E992.08779
G1 X92.956 Y127.247 E992.11362
G1 X92.606 Y127.39 E992.13244
G1 X92.015 Y127.573 E992.16322
G1 X91.522 Y127.659 E992.18813
G1 X90.204 Y127.666 E992.25372
G1 X90.204 Y130.23 E992.38132
G1 X108.659 Y130.23 E993.29974
G1 X108.659 Y127.666 E993.42734
G1 X105.999 Y127.661 E993.55972
G1 X105.636 Y127.605 E993.578
G1 X105.204 Y127.496 E993.60017
G1 X104.97 Y127.403 E993.6127
G1 X104.714 Y127.261 E993.62727
G1 X104.457 Y127.083 E993.64283
G1 X104.194 Y126.843 E993.66054
G1 X103.975 Y126.512 E993.6803
G1 X103.864 Y126.182 E993.69762
G1 X103.81 Y125.879 E993.71294
G1 X103.783 Y125.399 E993.73686
G1 X103.833 Y124.885 E993.76256
G1 X103.906 Y124.455 E993.78427
G1 X104.014 Y123.966 E993.80919
G1 X104.126 Y123.527 E993.83174
G1 X104.239 Y123.155 E993.85109
G1 X110.155 Y105.329 E994.78578
G1 X110.607 Y103.808 E994.86475
G1 X110.812 Y103.045 E994.90407
G1 X110.997 Y102.276 E994.94343
G1 X111.471 Y100.113 E995.05363
G1 X111.588 Y99.415 E995.08885
G1 X111.718 Y98.442 E995.1377
G1 X111.826 Y98.317 E995.14592
G0 F9000 X111.95 Y98.292
G0 X112.02 Y98.313
G0 X112.271 Y97.63
;TYPE:FILL
G1 F3600 X114.375 Y97.066 E995.28323
G0 F9000 X111.185 Y97.633
G0 X111.08 Y97.903
G0 X111.199 Y97.918
G1 F3600 X104.494 Y99.714 E995.72079
G0 F9000 X105.355 Y97.236
G1 F3600 X110.278 Y102.159 E996.15966
G0 F9000 X111.185 Y97.633
G0 X112.634 Y97.582
G0 X114.488 Y104.099
G1 F3600 X115.504 Y100.307 E996.40712
G0 F9000 X117.194 Y105.163
G1 F3600 X115.017 Y105.746 E996.54919
G0 F9000 X115.614 Y107.495
G1 F3600 X119.283 Y111.164 E996.87627
G0 F9000 X120.013 Y113.259
G1 F3600 X117.784 Y113.856 E997.02173
G0 F9000 X120.505 Y114.677
G1 F3600 X119.432 Y118.682 E997.28309
G0 F9000 X120.552 Y121.966
G1 F3600 X122.83 Y121.356 E997.43175
G0 F9000 X121.434 Y125.406
G1 F3600 X125.531 Y129.503 E997.79698
G1 X125.453 Y129.505
G1 X129.07 Y128.535 E998.03304
G0 F9000 X126.988 Y128.3
G0 X126.667 Y128.223
G0 X125.811 Y127.907
G1 F3600 X125.383 Y129.505 E998.13732
G0 F9000 X116.831 Y128.389
G1 F3600 X116.532 Y129.505 E998.21015
G1 F2400 E996.21015
G0 F9000 X120.092 Y127.806
G0 X120.699 Y127.307
G0 X121.126 Y126.639
G0 X121.327 Y125.867
G0 X121.303 Y124.975
G0 X120.914 Y123.275
G0 X112.634 Y97.582
G0 X111.185 Y97.633
G0 X103.393 Y123.822
G0 X103.142 Y125.405
G0 X103.248 Y126.362
G0 X103.396 Y126.793
G0 X103.707 Y127.265
G0 X104.367 Y127.798
G0 X105.032 Y128.112
G0 X105.296 Y128.165
G0 X107.933 Y128.559
G1 F1200 E998.21015
G1 F3600 X107.68 Y129.504 E998.27182
G0 F9000 X104.367 Y127.798
G0 X103.833 Y127.367
G0 X103.24 Y126.605
G1 F3600 X92.419 Y129.504 E998.97799
G0 F9000 X98.829 Y129.504
G1 F3600 X109.282 Y90.493 E1001.52385
G0 F9000 X110.705 Y90.494
G1 F3600 X112.827 Y92.616 E1001.71302
G0 F9000 X111.185 Y97.633
G0 X108.688 Y107.442
G1 F3600 X101.095 Y109.476 E1002.20853
G0 F9000 X102.233 Y106.206
G1 F3600 X107.389 Y111.361 E1002.66812
G0 F9000 X105.464 Y117.157
G1 F3600 X97.697 Y119.239 E1003.17501
G0 F9000 X99.11 Y115.174
G1 F3600 X104.376 Y120.44 E1003.64446
G0 F9000 X95.989 Y124.144
G1 F3600 X101.348 Y129.504 E1004.12224
G0 F9000 X101.348 Y129.13
G1 F2400 E1002.12224
;MESH:NONMESH
G0 F600 X101.348 Y129.13 Z8.4
G0 F9000 X111.185 Y97.633
G0 X112.634 Y97.582
G0 X112.8 Y98.051
G1 F1200 E1004.12224
G0 F9000 X112.519 Y98.106
;TIME_ELAPSED:662.615883
;LAYER:29
;TYPE:WALL-INNER
;MESH:felipe_mvm_v.stl
G1 F3900 X112.613 Y98.288 E1004.13356
G1 X112.904 Y99.553 E1004.20534
G1 X113.236 Y100.739 E1004.27344
G1 X113.398 Y101.368 E1004.30936
G1 X114.511 Y105.038 E1004.52142
G1 X120.445 Y122.429 E1005.53749
G1 X120.734 Y123.247 E1005.58546
G1 X120.858 Y123.685 E1005.61063
G1 X120.924 Y123.958 E1005.62616
G1 X121.198 Y125.296 E1005.70168
G1 X121.157 Y125.886 E1005.73438
G1 X121.097 Y126.212 E1005.75271
G1 X120.968 Y126.586 E1005.77459
G1 X120.801 Y126.903 E1005.7944
G1 X120.577 Y127.196 E1005.81479
G1 X120.313 Y127.447 E1005.83494
G1 X120.039 Y127.641 E1005.8535
G1 X119.659 Y127.852 E1005.87754
G1 X119.289 Y127.984 E1005.89926
G1 X118.942 Y128.073 E1005.91907
G1 X118.535 Y128.127 E1005.94177
G1 X118.203 Y128.141 E1005.96014
G1 X115.901 Y128.141 E1006.08743
G1 X115.901 Y129.755 E1006.17668
G1 X129.321 Y129.755 E1006.91874
G1 X129.321 Y128.141 E1007.00798
G1 X127.001 Y128.136 E1007.13627
G1 X126.481 Y128.009 E1007.16587
G1 X126.008 Y127.747 E1007.19576
G1 X125.686 Y127.462 E1007.21954
G1 X125.349 Y127.077 E1007.24783
G1 X125.037 Y126.534 E1007.28246
G1 X124.733 Y125.865 E1007.3231
G1 X124.376 Y124.983 E1007.37571
G1 X124.117 Y124.284 E1007.41693
G1 X112.267 Y90.246 E1009.40986
G1 X107.526 Y90.246 E1009.67201
G1 X95.371 Y125.159 E1011.71618
G1 X95.271 Y125.412 E1011.73122
G1 X95.143 Y125.686 E1011.74794
G1 X94.904 Y126.116 E1011.77514
G1 X94.476 Y126.652 E1011.81307
G1 X94.127 Y127.015 E1011.84092
G1 X93.662 Y127.41 E1011.87465
G1 X93.137 Y127.686 E1011.90745
G1 X92.747 Y127.844 E1011.93072
G1 X92.156 Y128.027 E1011.96493
G1 X91.548 Y128.137 E1011.99909
G1 X90.679 Y128.14 E1012.04714
G1 X90.679 Y128.946 E1012.09171
G1 X90.679 Y129.755 E1012.13644
G1 X108.184 Y129.755 E1013.10438
G1 X108.184 Y128.141 E1013.19363
G1 X105.972 Y128.138 E1013.31594
G1 X105.585 Y128.079 E1013.33759
G1 X105.07 Y127.954 E1013.36689
G1 X104.71 Y127.804 E1013.38846
G1 X104.429 Y127.642 E1013.40639
G1 X104.136 Y127.434 E1013.42626
G1 X103.83 Y127.154 E1013.4492
G1 X103.546 Y126.724 E1013.47769
G1 X103.405 Y126.317 E1013.50151
G1 X103.342 Y125.962 E1013.52144
G1 X103.306 Y125.412 E1013.55192
G1 X103.357 Y124.857 E1013.58274
G1 X103.435 Y124.387 E1013.60908
G1 X103.554 Y123.845 E1013.63977
G1 X103.673 Y123.39 E1013.66577
G1 X103.79 Y123.005 E1013.68802
G1 X109.707 Y105.174 E1014.72686
G1 X110.149 Y103.682 E1014.8129
G1 X110.382 Y102.811 E1014.86275
G1 X110.532 Y102.18 E1014.89862
G1 X111.004 Y100.02 E1015.02087
G1 X111.119 Y99.338 E1015.05912
G1 X111.195 Y98.797 E1015.08933
G1 X111.24 Y98.408 E1015.11098
G1 X111.323 Y98.174 E1015.12471
G1 X111.5 Y97.969 E1015.13968
G1 X111.717 Y97.854 E1015.15326
G1 X112.083 Y97.83 E1015.17354
G1 X112.312 Y97.918 E1015.18711
G1 X112.519 Y98.106 E1015.20257
G0 F9000 X111.793 Y98.343
;TYPE:WALL-OUTER
G1 F3000 X111.994 Y98.297 E1015.21283
G1 X112.067 Y98.325 E1015.21672
G1 X112.164 Y98.444 E1015.22437
G1 X112.235 Y98.781 E1015.2415
G1 X112.453 Y99.705 E1015.28875
G1 X112.776 Y100.858 E1015.34834
G1 X112.94 Y101.496 E1015.38112
G1 X114.062 Y105.192 E1015.57334
G1 X119.997 Y122.586 E1016.48797
G1 X120.289 Y123.416 E1016.53175
G1 X120.396 Y123.797 E1016.55145
G1 X120.458 Y124.053 E1016.56456
G1 X120.719 Y125.333 E1016.62957
G1 X120.689 Y125.802 E1016.65295
G1 X120.636 Y126.096 E1016.66782
G1 X120.535 Y126.39 E1016.68329
G1 X120.388 Y126.66 E1016.69859
G1 X120.209 Y126.89 E1016.71309
G1 X120.022 Y127.069 E1016.72598
G1 X119.741 Y127.268 E1016.74311
G1 X119.448 Y127.423 E1016.75961
G1 X119.188 Y127.518 E1016.77338
G1 X118.853 Y127.605 E1016.79061
G1 X118.515 Y127.652 E1016.80759
G1 X118.183 Y127.666 E1016.82413
G1 X115.426 Y127.666 E1016.96133
G1 X115.426 Y130.23 E1017.08893
G1 X129.796 Y130.23 E1017.80406
G1 X129.796 Y127.666 E1017.93166
G1 X127.06 Y127.661 E1018.06782
G1 X126.655 Y127.562 E1018.08857
G1 X126.268 Y127.343 E1018.11069
G1 X126.043 Y127.148 E1018.12551
G1 X125.727 Y126.782 E1018.14958
G1 X125.439 Y126.278 E1018.17846
G1 X125.173 Y125.686 E1018.21076
G1 X124.821 Y124.819 E1018.25733
G1 X124.566 Y124.127 E1018.29403
G1 X112.605 Y89.771 E1020.10443
G1 X107.188 Y89.771 E1020.37401
G1 X94.929 Y124.984 E1022.22956
G1 X94.823 Y125.251 E1022.24385
G1 X94.706 Y125.497 E1022.25741
G1 X94.498 Y125.863 E1022.27836
G1 X94.13 Y126.326 E1022.30779
G1 X93.82 Y126.653 E1022.33022
G1 X93.412 Y126.999 E1022.35684
G1 X92.956 Y127.247 E1022.38267
G1 X92.606 Y127.39 E1022.40149
G1 X92.015 Y127.573 E1022.43228
G1 X91.522 Y127.659 E1022.45718
G1 X90.204 Y127.666 E1022.52277
G1 X90.204 Y128.946 E1022.58647
G1 X90.204 Y130.23 E1022.65037
G1 X108.659 Y130.23 E1023.56879
G1 X108.659 Y127.666 E1023.69639
G1 X105.999 Y127.661 E1023.82877
G1 X105.636 Y127.605 E1023.84705
G1 X105.204 Y127.496 E1023.86922
G1 X104.97 Y127.403 E1023.88175
G1 X104.714 Y127.261 E1023.89632
G1 X104.457 Y127.083 E1023.91188
G1 X104.194 Y126.843 E1023.9296
G1 X103.975 Y126.512 E1023.94935
G1 X103.864 Y126.182 E1023.96667
G1 X103.81 Y125.879 E1023.98199
G1 X103.783 Y125.399 E1024.00592
G1 X103.833 Y124.885 E1024.03162
G1 X103.906 Y124.456 E1024.05327
G1 X104.014 Y123.965 E1024.07829
G1 X104.128 Y123.527 E1024.10081
G1 X104.241 Y123.155 E1024.12016
G1 X110.161 Y105.316 E1025.05554
G1 X110.607 Y103.811 E1025.13365
G1 X110.854 Y102.88 E1025.18159
G1 X110.996 Y102.281 E1025.21222
G1 X111.47 Y100.111 E1025.32276
G1 X111.589 Y99.41 E1025.35815
G1 X111.709 Y98.484 E1025.40461
G1 X111.793 Y98.343 E1025.41278
G0 F9000 X111.988 Y98.299
G0 X112.514 Y97.77
;TYPE:FILL
G1 F3600 X114.441 Y97.254 E1025.53853
G0 F9000 X115.388 Y99.974
G1 F3600 X114.378 Y103.742 E1025.78444
G0 F9000 X115.081 Y105.934
G1 F3600 X117.26 Y105.35 E1025.92664
G0 F9000 X115.467 Y107.068
G1 F3600 X119.136 Y110.737 E1026.25372
G0 F9000 X120.078 Y113.446
G1 F3600 X117.847 Y114.044 E1026.39932
G0 F9000 X120.39 Y114.341
G1 F3600 X119.317 Y118.347 E1026.66074
G0 F9000 X120.614 Y122.154
G1 F3600 X122.898 Y121.543 E1026.80978
G0 F9000 X121.413 Y125.106
G1 F3600 X125.811 Y129.503 E1027.2018
G0 F9000 X126.218 Y129.505
G1 F3600 X129.07 Y128.74 E1027.38794
G0 F9000 X126.42 Y128.163
G0 X125.645 Y127.764
G1 F3600 X125.178 Y129.505 E1027.50156
G0 F9000 X116.626 Y128.389
G1 F3600 X116.327 Y129.505 E1027.57439
G1 F2400 E1025.57439
G0 F9000 X120.092 Y127.806
G0 X120.699 Y127.307
G0 X121.126 Y126.639
G0 X121.327 Y125.868
G0 X121.361 Y125.287
G0 X120.897 Y123.223
G0 X112.633 Y97.578
G0 X111.174 Y97.638
G0 X103.393 Y123.822
G0 X103.142 Y125.405
G0 X103.248 Y126.362
G0 X103.396 Y126.793
G0 X103.707 Y127.265
G0 X104.367 Y127.798
G0 X105.032 Y128.112
G0 X105.788 Y128.265
G0 X107.774 Y128.388
G1 F1200 E1027.57439
G1 F3600 X107.475 Y129.504 E1027.64722
G0 F9000 X104.07 Y127.593
G0 X103.305 Y126.792
G1 F3600 X93.184 Y129.504 E1028.30772
G0 F9000 X98.624 Y129.504
G1 F3600 X109.076 Y90.494 E1030.8535
G0 F9000 X110.986 Y90.496
G1 F3600 X112.677 Y92.186 E1031.0042
G0 F9000 X111.044 Y98.161
G0 X111.053 Y98.162
G1 F3600 X104.415 Y99.94 E1031.43739
G0 F9000 X105.428 Y97.029
G1 F3600 X110.329 Y101.93 E1031.8743
G0 F9000 X108.615 Y107.666
G1 F3600 X101.016 Y109.703 E1032.37022
G0 F9000 X102.305 Y105.998
G1 F3600 X107.46 Y111.152 E1032.82973
G0 F9000 X105.39 Y117.382
G1 F3600 X97.618 Y119.465 E1033.33694
G0 F9000 X96.061 Y123.936
G1 F3600 X101.628 Y129.504 E1033.83326
G0 F9000 X104.447 Y120.231
G1 F3600 X99.183 Y114.967 E1034.30253
G0 F9000 X99.536 Y115.09
;MESH:NONMESH
G0 F600 X99.536 Y115.09 Z8.68
G0 F9000 X111.054 Y98.068
G0 X111.349 Y98.102
;TIME_ELAPSED:679.326502
;LAYER:30
;TYPE:WALL-INNER
;MESH:felipe_mvm_v.stl
G1 F3900 X111.606 Y97.9 E1034.3206
G1 X111.895 Y97.82 E1034.33718
G1 X112.115 Y97.838 E1034.34939
G1 X112.333 Y97.932 E1034.36252
G1 X112.527 Y98.118 E1034.37738
G1 X112.624 Y98.31 E1034.38927
G1 X112.697 Y98.673 E1034.40975
G1 X112.905 Y99.553 E1034.45975
G1 X113.238 Y100.74 E1034.52792
G1 X113.399 Y101.368 E1034.56376
G1 X114.512 Y105.039 E1034.77588
G1 X120.446 Y122.428 E1035.79185
G1 X120.751 Y123.301 E1035.84298
G1 X120.846 Y123.631 E1035.86197
G1 X120.923 Y123.955 E1035.88038
G1 X121.15 Y125.031 E1035.94119
G1 X121.185 Y125.485 E1035.96637
G1 X121.157 Y125.886 E1035.9886
G1 X121.097 Y126.212 E1036.00692
G1 X120.968 Y126.586 E1036.0288
G1 X120.801 Y126.903 E1036.04861
G1 X120.577 Y127.196 E1036.06901
G1 X120.313 Y127.447 E1036.08915
G1 X120.039 Y127.641 E1036.10771
G1 X119.659 Y127.852 E1036.13175
G1 X119.289 Y127.984 E1036.15347
G1 X118.942 Y128.073 E1036.17328
G1 X118.535 Y128.127 E1036.19598
G1 X118.203 Y128.141 E1036.21435
G1 X115.901 Y128.141 E1036.34164
G1 X115.901 Y129.755 E1036.43089
G1 X129.321 Y129.755 E1037.17295
G1 X129.321 Y128.141 E1037.26219
G1 X127.001 Y128.136 E1037.39048
G1 X126.481 Y128.009 E1037.42008
G1 X126.008 Y127.747 E1037.44998
G1 X125.686 Y127.462 E1037.47375
G1 X125.349 Y127.077 E1037.50204
G1 X125.037 Y126.534 E1037.53667
G1 X124.733 Y125.865 E1037.57731
G1 X124.375 Y124.98 E1037.63009
G1 X123.976 Y123.888 E1037.69438
G1 X112.267 Y90.245 E1039.66412
G1 X107.526 Y90.245 E1039.92627
G1 X95.371 Y125.159 E1041.97049
G1 X95.271 Y125.412 E1041.98553
G1 X95.143 Y125.686 E1042.00225
G1 X94.904 Y126.116 E1042.02946
G1 X94.476 Y126.652 E1042.06739
G1 X94.127 Y127.015 E1042.09523
G1 X93.662 Y127.41 E1042.12897
G1 X93.137 Y127.686 E1042.16176
G1 X92.745 Y127.845 E1042.18515
G1 X92.174 Y128.017 E1042.21813
G1 X91.607 Y128.137 E1042.25018
G1 X90.679 Y128.14 E1042.30149
G1 X90.679 Y129.755 E1042.39079
G1 X108.184 Y129.755 E1043.35873
G1 X108.184 Y128.141 E1043.44798
G1 X105.972 Y128.138 E1043.57029
G1 X105.585 Y128.079 E1043.59193
G1 X105.07 Y127.954 E1043.62124
G1 X104.71 Y127.804 E1043.6428
G1 X104.429 Y127.642 E1043.66074
G1 X104.136 Y127.434 E1043.68061
G1 X103.83 Y127.154 E1043.70354
G1 X103.546 Y126.724 E1043.73204
G1 X103.405 Y126.317 E1043.75585
G1 X103.342 Y125.962 E1043.77579
G1 X103.306 Y125.412 E1043.80627
G1 X103.357 Y124.857 E1043.83709
G1 X103.435 Y124.387 E1043.86343
G1 X103.554 Y123.845 E1043.89411
G1 X103.673 Y123.39 E1043.92012
G1 X103.79 Y123.005 E1043.94237
G1 X109.707 Y105.174 E1044.9812
G1 X110.149 Y103.682 E1045.06725
G1 X110.382 Y102.81 E1045.11715
G1 X110.534 Y102.176 E1045.1532
G1 X111.004 Y100.018 E1045.27533
G1 X111.074 Y99.618 E1045.29778
G1 X111.165 Y99.023 E1045.33107
G1 X111.24 Y98.407 E1045.36538
G1 X111.349 Y98.102 E1045.38329
G0 F9000 X112.074 Y98.33
;TYPE:WALL-OUTER
G1 F3000 X112.164 Y98.444 E1045.39052
G1 X112.235 Y98.781 E1045.40766
G1 X112.454 Y99.706 E1045.45496
G1 X112.778 Y100.858 E1045.51452
G1 X112.941 Y101.496 E1045.54729
G1 X114.053 Y105.163 E1045.73798
G1 X119.997 Y122.584 E1046.65402
G1 X120.306 Y123.47 E1046.70072
G1 X120.383 Y123.741 E1046.71474
G1 X120.458 Y124.052 E1046.73066
G1 X120.684 Y125.135 E1046.78572
G1 X120.71 Y125.439 E1046.8009
G1 X120.689 Y125.802 E1046.819
G1 X120.636 Y126.096 E1046.83386
G1 X120.535 Y126.39 E1046.84933
G1 X120.388 Y126.66 E1046.86463
G1 X120.209 Y126.89 E1046.87914
G1 X120.022 Y127.069 E1046.89202
G1 X119.741 Y127.268 E1046.90915
G1 X119.448 Y127.423 E1046.92565
G1 X119.188 Y127.518 E1046.93943
G1 X118.853 Y127.605 E1046.95665
G1 X118.515 Y127.652 E1046.97363
G1 X118.183 Y127.666 E1046.99017
G1 X115.426 Y127.666 E1047.12737
G1 X115.426 Y130.23 E1047.25497
G1 X129.796 Y130.23 E1047.9701
G1 X129.796 Y127.666 E1048.0977
G1 X127.06 Y127.661 E1048.23386
G1 X126.655 Y127.562 E1048.25461
G1 X126.268 Y127.343 E1048.27674
G1 X126.043 Y127.148 E1048.29155
G1 X125.727 Y126.782 E1048.31562
G1 X125.439 Y126.278 E1048.34451
G1 X125.173 Y125.686 E1048.3768
G1 X124.821 Y124.818 E1048.42342
G1 X124.425 Y123.732 E1048.48094
G1 X112.605 Y89.77 E1050.27052
G1 X107.188 Y89.77 E1050.5401
G1 X94.929 Y124.984 E1052.39569
G1 X94.823 Y125.251 E1052.40999
G1 X94.706 Y125.497 E1052.42355
G1 X94.498 Y125.863 E1052.4445
G1 X94.13 Y126.326 E1052.47393
G1 X93.82 Y126.653 E1052.49635
G1 X93.412 Y126.999 E1052.52297
G1 X92.956 Y127.247 E1052.54881
G1 X92.605 Y127.391 E1052.56769
G1 X92.076 Y127.553 E1052.59522
G1 X91.571 Y127.659 E1052.6209
G1 X90.204 Y127.666 E1052.68893
G1 X90.204 Y130.23 E1052.81653
G1 X108.659 Y130.23 E1053.73495
G1 X108.659 Y127.666 E1053.86255
G1 X105.999 Y127.661 E1053.99492
G1 X105.636 Y127.605 E1054.0132
G1 X105.204 Y127.496 E1054.03538
G1 X104.97 Y127.403 E1054.04791
G1 X104.714 Y127.261 E1054.06248
G1 X104.457 Y127.083 E1054.07803
G1 X104.194 Y126.843 E1054.09575
G1 X103.975 Y126.512 E1054.1155
G1 X103.864 Y126.182 E1054.13283
G1 X103.81 Y125.879 E1054.14815
G1 X103.783 Y125.399 E1054.17207
G1 X103.833 Y124.885 E1054.19777
G1 X103.906 Y124.456 E1054.21943
G1 X104.014 Y123.965 E1054.24445
G1 X104.128 Y123.527 E1054.26697
G1 X104.241 Y123.155 E1054.28632
G1 X110.161 Y105.316 E1055.22169
G1 X110.607 Y103.811 E1055.29981
G1 X110.853 Y102.882 E1055.34764
G1 X110.998 Y102.278 E1055.37855
G1 X111.471 Y100.11 E1055.48898
G1 X111.635 Y99.087 E1055.54054
G1 X111.716 Y98.426 E1055.57368
G1 X111.827 Y98.32 E1055.58132
G1 X111.939 Y98.294 E1055.58704
G1 X112.074 Y98.33 E1055.59399
G0 F9000 X112.164 Y98.444
G0 X112.175 Y98.497
G0 X112.683 Y97.93
;TYPE:FILL
G1 F3600 X114.506 Y97.441 E1055.71297
G0 F9000 X115.272 Y99.641
G1 F3600 X114.27 Y103.382 E1055.9571
G0 F9000 X115.145 Y106.122
G1 F3600 X117.325 Y105.538 E1056.09937
G0 F9000 X115.324 Y106.645
G1 F3600 X118.984 Y110.305 E1056.42564
G0 F9000 X120.143 Y113.634
G1 F3600 X117.913 Y114.232 E1056.57118
G0 F9000 X120.274 Y114.011
G1 F3600 X119.203 Y118.008 E1056.83202
G0 F9000 X120.68 Y122.342
G1 F3600 X122.961 Y121.731 E1056.98088
G0 F9000 X121.348 Y124.761
G1 F3600 X126.091 Y129.503 E1057.40366
G0 F9000 X126.983 Y129.505
G1 F3600 X129.069 Y128.946 E1057.53979
G0 F9000 X126.42 Y128.163
G0 X125.482 Y127.608
G1 F3600 X124.973 Y129.505 E1057.6636
G0 F9000 X116.42 Y128.39
G1 F3600 X116.15 Y129.4 E1057.7295
G1 F2400 E1055.7295
G0 F9000 X119.743 Y127.991
G0 X120.414 Y127.575
G0 X120.94 Y126.991
G0 X121.255 Y126.26
G0 X121.351 Y125.449
G0 X121.08 Y123.907
G0 X112.634 Y97.58
G0 X111.178 Y97.635
G0 X103.393 Y123.822
G0 X103.142 Y125.405
G0 X103.248 Y126.362
G0 X103.396 Y126.793
G0 X103.707 Y127.265
G0 X104.367 Y127.798
G0 X105.032 Y128.112
G0 X105.788 Y128.265
G0 X107.57 Y128.387
G1 F1200 E1057.7295
G1 F3600 X107.27 Y129.504 E1057.80241
G0 F9000 X104.07 Y127.593
G0 X103.408 Y126.97
G1 F3600 X93.949 Y129.504 E1058.41969
G0 F9000 X98.419 Y129.504
G1 F3600 X108.872 Y90.493 E1060.96555
G0 F9000 X111.265 Y90.494
G1 F3600 X112.528 Y91.757 E1061.07814
G0 F9000 X110.99 Y98.383
G1 F3600 X104.337 Y100.166 E1061.51232
G0 F9000 X105.5 Y96.821
G1 F3600 X110.38 Y101.701 E1061.94736
G0 F9000 X108.54 Y107.891
G1 F3600 X100.938 Y109.929 E1062.44348
G0 F9000 X102.377 Y105.79
G1 F3600 X107.529 Y110.942 E1062.90277
G0 F9000 X105.316 Y117.607
G1 F3600 X97.538 Y119.691 E1063.41036
G0 F9000 X96.133 Y123.728
G1 F3600 X101.908 Y129.504 E1063.92522
G0 F9000 X103.302 Y124.207
G0 X104.517 Y120.021
G1 F3600 X99.255 Y114.759 E1064.39431
G0 F9000 X99.609 Y114.882
;MESH:NONMESH
G0 F600 X99.609 Y114.882 Z8.96
G0 F9000 X111.061 Y98.021
G0 X111.403 Y98.063
;TIME_ELAPSED:696.048976
;LAYER:31
;TYPE:WALL-INNER
;MESH:felipe_mvm_v.stl
G1 F3900 X111.606 Y97.902 E1064.40864
G1 X111.951 Y97.822 E1064.42822
G1 X112.147 Y97.85 E1064.43917
G1 X112.356 Y97.95 E1064.45198
G1 X112.535 Y98.135 E1064.46622
G1 X112.613 Y98.292 E1064.47591
G1 X112.905 Y99.566 E1064.54818
G1 X113.2 Y100.605 E1064.6079
G1 X113.39 Y101.343 E1064.65004
G1 X114.511 Y105.04 E1064.86366
G1 X120.447 Y122.433 E1065.87987
G1 X120.591 Y122.827 E1065.90307
G1 X120.805 Y123.482 E1065.94117
G1 X120.908 Y123.885 E1065.96417
G1 X121.157 Y125.071 E1066.03118
G1 X121.188 Y125.459 E1066.0527
G1 X121.157 Y125.886 E1066.07638
G1 X121.097 Y126.212 E1066.09471
G1 X120.968 Y126.586 E1066.11658
G1 X120.801 Y126.903 E1066.13639
G1 X120.577 Y127.196 E1066.15679
G1 X120.313 Y127.447 E1066.17693
G1 X120.039 Y127.641 E1066.19549
G1 X119.659 Y127.852 E1066.21953
G1 X119.289 Y127.984 E1066.24125
G1 X118.942 Y128.073 E1066.26106
G1 X118.535 Y128.127 E1066.28376
G1 X118.203 Y128.141 E1066.30214
G1 X115.901 Y128.141 E1066.42942
G1 X115.901 Y129.755 E1066.51867
G1 X129.321 Y129.755 E1067.26073
G1 X129.321 Y128.141 E1067.34998
G1 X127.001 Y128.136 E1067.47826
G1 X126.481 Y128.009 E1067.50786
G1 X126.008 Y127.747 E1067.53776
G1 X125.686 Y127.462 E1067.56153
G1 X125.349 Y127.077 E1067.58983
G1 X125.037 Y126.534 E1067.62446
G1 X124.733 Y125.865 E1067.66509
G1 X124.375 Y124.98 E1067.71788
G1 X123.976 Y123.888 E1067.78216
G1 X112.267 Y90.245 E1069.7519
G1 X107.526 Y90.245 E1070.01405
G1 X95.371 Y125.159 E1072.05827
G1 X95.271 Y125.412 E1072.07331
G1 X95.143 Y125.686 E1072.09004
G1 X94.904 Y126.116 E1072.11724
G1 X94.476 Y126.652 E1072.15517
G1 X94.127 Y127.015 E1072.18301
G1 X93.662 Y127.41 E1072.21675
G1 X93.137 Y127.686 E1072.24955
G1 X92.747 Y127.844 E1072.27281
G1 X92.156 Y128.027 E1072.30702
G1 X91.535 Y128.14 E1072.34192
G1 X90.679 Y128.141 E1072.38926
G1 X90.68 Y129.754 E1072.47845
G1 X108.184 Y129.755 E1073.44633
G1 X108.184 Y128.141 E1073.53558
G1 X105.972 Y128.138 E1073.65789
G1 X105.585 Y128.079 E1073.67954
G1 X105.07 Y127.954 E1073.70884
G1 X104.71 Y127.804 E1073.73041
G1 X104.429 Y127.642 E1073.74834
G1 X104.136 Y127.434 E1073.76821
G1 X103.83 Y127.154 E1073.79114
G1 X103.546 Y126.724 E1073.81964
G1 X103.405 Y126.317 E1073.84346
G1 X103.342 Y125.962 E1073.86339
G1 X103.306 Y125.412 E1073.89387
G1 X103.357 Y124.857 E1073.92469
G1 X103.435 Y124.387 E1073.95103
G1 X103.554 Y123.845 E1073.98172
G1 X103.673 Y123.39 E1074.00772
G1 X103.79 Y123.005 E1074.02997
G1 X109.707 Y105.173 E1075.06886
G1 X110.106 Y103.834 E1075.14611
G1 X110.238 Y103.359 E1075.17337
G1 X110.487 Y102.379 E1075.22928
G1 X111.004 Y100.02 E1075.36282
G1 X111.12 Y99.33 E1075.40151
G1 X111.196 Y98.79 E1075.43166
G1 X111.24 Y98.41 E1075.45282
G1 X111.403 Y98.063 E1075.47402
G0 F9000 X111.793 Y98.345
;TYPE:WALL-OUTER
G1 F3000 X111.872 Y98.305 E1075.47842
G1 X112.081 Y98.339 E1075.48896
G1 X112.164 Y98.448 E1075.49578
G1 X112.231 Y98.77 E1075.51215
G1 X112.445 Y99.685 E1075.55891
G1 X112.74 Y100.723 E1075.61261
G1 X112.94 Y101.497 E1075.6524
G1 X114.062 Y105.194 E1075.84466
G1 X120 Y122.595 E1076.75967
G1 X120.139 Y122.976 E1076.77985
G1 X120.344 Y123.6 E1076.81254
G1 X120.443 Y123.982 E1076.83217
G1 X120.688 Y125.155 E1076.89181
G1 X120.71 Y125.442 E1076.90613
G1 X120.689 Y125.802 E1076.92408
G1 X120.636 Y126.096 E1076.93895
G1 X120.535 Y126.39 E1076.95442
G1 X120.388 Y126.66 E1076.96972
G1 X120.209 Y126.89 E1076.98422
G1 X120.022 Y127.069 E1076.9971
G1 X119.741 Y127.268 E1077.01424
G1 X119.448 Y127.423 E1077.03073
G1 X119.188 Y127.518 E1077.04451
G1 X118.853 Y127.605 E1077.06173
G1 X118.515 Y127.652 E1077.07872
G1 X118.183 Y127.666 E1077.09525
G1 X115.426 Y127.666 E1077.23246
G1 X115.426 Y130.23 E1077.36005
G1 X129.796 Y130.23 E1078.07518
G1 X129.796 Y127.666 E1078.20278
G1 X127.06 Y127.661 E1078.33894
G1 X126.655 Y127.562 E1078.35969
G1 X126.268 Y127.343 E1078.38182
G1 X126.043 Y127.148 E1078.39664
G1 X125.727 Y126.782 E1078.4207
G1 X125.439 Y126.278 E1078.44959
G1 X125.173 Y125.686 E1078.48189
G1 X124.821 Y124.818 E1078.5285
G1 X124.425 Y123.731 E1078.58607
G1 X112.605 Y89.77 E1080.3756
G1 X107.188 Y89.77 E1080.64518
G1 X94.929 Y124.984 E1082.50078
G1 X94.823 Y125.251 E1082.51507
G1 X94.706 Y125.497 E1082.52863
G1 X94.498 Y125.863 E1082.54958
G1 X94.13 Y126.326 E1082.57901
G1 X93.82 Y126.653 E1082.60144
G1 X93.412 Y126.999 E1082.62806
G1 X92.956 Y127.247 E1082.65389
G1 X92.606 Y127.39 E1082.67271
G1 X92.015 Y127.573 E1082.70349
G1 X91.504 Y127.662 E1082.72931
G1 X90.204 Y127.666 E1082.794
G1 X90.205 Y130.229 E1082.92155
G1 X108.659 Y130.23 E1083.83992
G1 X108.659 Y127.666 E1083.96752
G1 X105.999 Y127.661 E1084.0999
G1 X105.636 Y127.605 E1084.11818
G1 X105.204 Y127.496 E1084.14035
G1 X104.97 Y127.403 E1084.15288
G1 X104.714 Y127.261 E1084.16745
G1 X104.457 Y127.083 E1084.18301
G1 X104.194 Y126.843 E1084.20073
G1 X103.975 Y126.512 E1084.22048
G1 X103.864 Y126.182 E1084.2378
G1 X103.81 Y125.879 E1084.25312
G1 X103.783 Y125.399 E1084.27705
G1 X103.833 Y124.885 E1084.30275
G1 X103.906 Y124.456 E1084.3244
G1 X104.014 Y123.965 E1084.34942
G1 X104.128 Y123.527 E1084.37195
G1 X104.241 Y123.155 E1084.39129
G1 X110.161 Y105.316 E1085.32667
G1 X110.687 Y103.52 E1085.4198
G1 X110.949 Y102.489 E1085.47274
G1 X111.47 Y100.111 E1085.59389
G1 X111.59 Y99.402 E1085.62967
G1 X111.709 Y98.486 E1085.67564
G1 X111.793 Y98.345 E1085.68381
G0 F9000 X111.872 Y98.305
G0 X111.982 Y98.323
G0 X112.796 Y98.104
;TYPE:FILL
G1 F3600 X114.572 Y97.629 E1085.7997
G0 F9000 X115.156 Y99.309
G1 F3600 X114.16 Y103.025 E1086.04221
G0 F9000 X115.177 Y106.218
G1 F3600 X118.834 Y109.875 E1086.36822
G0 F9000 X120.158 Y113.678
G1 F3600 X119.087 Y117.673 E1086.62894
G0 F9000 X117.976 Y114.42
G1 F3600 X120.208 Y113.822 E1086.7746
G0 F9000 X123.026 Y121.918
G1 F3600 X120.747 Y122.529 E1086.92333
G0 F9000 X121.272 Y124.404
G1 F3600 X126.371 Y129.503 E1087.37789
G0 F9000 X127.748 Y129.505
G1 F3600 X129.069 Y129.151 E1087.4641
G0 F9000 X126.42 Y128.163
G0 X126.137 Y128.006
G0 X125.325 Y127.429
G1 F3600 X124.768 Y129.505 E1087.59959
G0 F9000 X116.216 Y128.39
G1 F3600 X116.15 Y128.634 E1087.61553
G1 F2400 E1085.61553
G0 F9000 X119.375 Y128.132
G0 X120.092 Y127.806
G0 X120.699 Y127.307
G0 X121.126 Y126.639
G0 X121.327 Y125.867
G0 X121.324 Y125.077
G0 X120.955 Y123.414
G0 X112.633 Y97.577
G0 X111.173 Y97.638
G0 X103.393 Y123.822
G0 X103.142 Y125.405
G0 X103.248 Y126.362
G0 X103.396 Y126.793
G0 X103.707 Y127.265
G0 X104.367 Y127.798
G0 X105.032 Y128.112
G0 X105.788 Y128.265
G0 X107.365 Y128.387
G1 F1200 E1087.61553
G1 F3600 X107.065 Y129.504 E1087.68843
G0 F9000 X104.37 Y127.785
G0 X103.523 Y127.144
G1 F3600 X94.718 Y129.503 E1088.26304
G0 F9000 X98.214 Y129.503
G1 F3600 X108.667 Y90.493 E1090.80884
G0 F9000 X108.164 Y90.494
G1 F3600 X107.657 Y90.63 E1090.84193
G0 F9000 X111.545 Y90.494
G1 F3600 X112.379 Y91.328 E1090.91628
G0 F9000 X110.962 Y98.596
G1 F3600 X104.258 Y100.392 E1091.35377
G0 F9000 X105.572 Y96.613
G1 F3600 X110.429 Y101.47 E1091.78676
G0 F9000 X111.173 Y97.638
G0 X112.633 Y97.577
G0 X115.208 Y106.31
G1 F3600 X117.389 Y105.725 E1091.9291
G0 F9000 X112.633 Y97.577
G0 X111.173 Y97.638
G0 X108.465 Y108.117
G1 F3600 X100.859 Y110.154 E1092.42545
G0 F9000 X99.327 Y114.552
G1 F3600 X104.586 Y119.81 E1092.89423
G0 F9000 X105.241 Y117.832
G1 F3600 X97.46 Y119.917 E1093.40202
G0 F9000 X96.206 Y123.521
G1 F3600 X102.188 Y129.503 E1093.93529
G0 F9000 X103.51 Y123.36
G0 X107.599 Y110.731
G1 F3600 X102.45 Y105.583 E1094.39427
G0 F9000 X102.803 Y105.706
;MESH:NONMESH
G0 F600 X102.803 Y105.706 Z9.24
G0 F9000 X111.054 Y98.068
G0 X111.349 Y98.102
;TIME_ELAPSED:713.364761
;LAYER:32
;TYPE:WALL-INNER
;MESH:felipe_mvm_v.stl
G1 F3900 X111.606 Y97.9 E1094.41234
G1 X111.895 Y97.82 E1094.42892
G1 X112.115 Y97.838 E1094.44113
G1 X112.333 Y97.932 E1094.45426
G1 X112.527 Y98.118 E1094.46912
G1 X112.624 Y98.31 E1094.48101
G1 X112.697 Y98.673 E1094.50148
G1 X112.904 Y99.551 E1094.55136
G1 X113.109 Y100.266 E1094.59249
G1 X113.404 Y101.388 E1094.65664
G1 X114.511 Y105.038 E1094.86755
G1 X120.447 Y122.432 E1095.88381
G1 X120.57 Y122.767 E1095.90355
G1 X120.765 Y123.344 E1095.93722
G1 X120.841 Y123.616 E1095.95284
G1 X120.923 Y123.955 E1095.97213
G1 X121.139 Y124.985 E1096.03032
G1 X121.188 Y125.441 E1096.05568
G1 X121.157 Y125.886 E1096.08034
G1 X121.097 Y126.212 E1096.09867
G1 X120.968 Y126.586 E1096.12055
G1 X120.801 Y126.903 E1096.14036
G1 X120.577 Y127.196 E1096.16076
G1 X120.313 Y127.447 E1096.1809
G1 X120.039 Y127.641 E1096.19946
G1 X119.659 Y127.852 E1096.2235
G1 X119.289 Y127.984 E1096.24522
G1 X118.942 Y128.073 E1096.26503
G1 X118.535 Y128.127 E1096.28773
G1 X118.203 Y128.141 E1096.3061
G1 X115.901 Y128.141 E1096.43339
G1 X115.901 Y129.755 E1096.52264
G1 X129.321 Y129.755 E1097.2647
G1 X129.321 Y128.141 E1097.35394
G1 X127.001 Y128.136 E1097.48223
G1 X126.481 Y128.009 E1097.51183
G1 X126.008 Y127.747 E1097.54172
G1 X125.686 Y127.462 E1097.5655
G1 X125.349 Y127.077 E1097.59379
G1 X125.037 Y126.534 E1097.62842
G1 X124.733 Y125.865 E1097.66906
G1 X124.375 Y124.98 E1097.72184
G1 X123.976 Y123.888 E1097.78613
G1 X112.267 Y90.245 E1099.75587
G1 X107.526 Y90.245 E1100.01802
G1 X95.371 Y125.159 E1102.06224
G1 X95.271 Y125.412 E1102.07728
G1 X95.143 Y125.686 E1102.094
G1 X94.904 Y126.116 E1102.12121
G1 X94.476 Y126.652 E1102.15913
G1 X94.127 Y127.015 E1102.18698
G1 X93.662 Y127.41 E1102.22072
G1 X93.137 Y127.686 E1102.25351
G1 X92.747 Y127.844 E1102.27678
G1 X92.156 Y128.027 E1102.31099
G1 X91.535 Y128.14 E1102.34589
G1 X90.679 Y128.141 E1102.39323
G1 X90.68 Y129.754 E1102.48242
G1 X108.184 Y129.755 E1103.4503
G1 X108.184 Y128.141 E1103.53955
G1 X105.972 Y128.138 E1103.66186
G1 X105.585 Y128.079 E1103.6835
G1 X105.07 Y127.954 E1103.71281
G1 X104.71 Y127.804 E1103.73437
G1 X104.429 Y127.642 E1103.75231
G1 X104.136 Y127.434 E1103.77218
G1 X103.83 Y127.154 E1103.79511
G1 X103.546 Y126.724 E1103.82361
G1 X103.405 Y126.317 E1103.84742
G1 X103.342 Y125.962 E1103.86736
G1 X103.306 Y125.412 E1103.89784
G1 X103.357 Y124.857 E1103.92866
G1 X103.435 Y124.387 E1103.955
G1 X103.554 Y123.845 E1103.98568
G1 X103.673 Y123.39 E1104.01169
G1 X103.79 Y123.005 E1104.03394
G1 X109.707 Y105.174 E1105.07277
G1 X110.188 Y103.547 E1105.16659
G1 X110.488 Y102.377 E1105.23337
G1 X111.004 Y100.02 E1105.36679
G1 X111.164 Y99.032 E1105.42213
G1 X111.24 Y98.407 E1105.45695
G1 X111.349 Y98.102 E1105.47486
G0 F9000 X112.074 Y98.33
;TYPE:WALL-OUTER
G1 F3000 X112.164 Y98.444 E1105.48209
G1 X112.235 Y98.781 E1105.49922
G1 X112.444 Y99.671 E1105.54472
G1 X112.649 Y100.386 E1105.58174
G1 X112.931 Y101.463 E1105.63714
G1 X114.062 Y105.192 E1105.83106
G1 X120.001 Y122.595 E1106.74618
G1 X120.12 Y122.919 E1106.76335
G1 X120.307 Y123.473 E1106.79245
G1 X120.379 Y123.729 E1106.80568
G1 X120.458 Y124.052 E1106.82223
G1 X120.67 Y125.069 E1106.87393
G1 X120.709 Y125.435 E1106.89225
G1 X120.689 Y125.802 E1106.91054
G1 X120.636 Y126.096 E1106.92541
G1 X120.535 Y126.39 E1106.94088
G1 X120.388 Y126.66 E1106.95618
G1 X120.209 Y126.89 E1106.97068
G1 X120.022 Y127.069 E1106.98356
G1 X119.741 Y127.268 E1107.0007
G1 X119.448 Y127.423 E1107.01719
G1 X119.188 Y127.518 E1107.03097
G1 X118.853 Y127.605 E1107.0482
G1 X118.515 Y127.652 E1107.06518
G1 X118.183 Y127.666 E1107.08171
G1 X115.426 Y127.666 E1107.21892
G1 X115.426 Y130.23 E1107.34652
G1 X129.796 Y130.23 E1108.06165
G1 X129.796 Y127.666 E1108.18925
G1 X127.06 Y127.661 E1108.3254
G1 X126.655 Y127.562 E1108.34615
G1 X126.268 Y127.343 E1108.36828
G1 X126.043 Y127.148 E1108.3831
G1 X125.727 Y126.782 E1108.40716
G1 X125.439 Y126.278 E1108.43605
G1 X125.173 Y125.686 E1108.46835
G1 X124.821 Y124.818 E1108.51496
G1 X124.425 Y123.731 E1108.57253
G1 X112.605 Y89.77 E1110.36206
G1 X107.188 Y89.77 E1110.63164
G1 X94.929 Y124.984 E1112.48724
G1 X94.823 Y125.251 E1112.50153
G1 X94.706 Y125.497 E1112.51509
G1 X94.498 Y125.863 E1112.53604
G1 X94.13 Y126.326 E1112.56547
G1 X93.82 Y126.653 E1112.5879
G1 X93.412 Y126.999 E1112.61452
G1 X92.956 Y127.247 E1112.64035
G1 X92.606 Y127.39 E1112.65917
G1 X92.015 Y127.573 E1112.68996
G1 X91.504 Y127.662 E1112.71577
G1 X90.204 Y127.666 E1112.78046
G1 X90.205 Y130.229 E1112.90801
G1 X108.659 Y130.23 E1113.82639
G1 X108.659 Y127.666 E1113.95398
G1 X105.999 Y127.661 E1114.08636
G1 X105.636 Y127.605 E1114.10464
G1 X105.204 Y127.496 E1114.12681
G1 X104.97 Y127.403 E1114.13934
G1 X104.714 Y127.261 E1114.15391
G1 X104.457 Y127.083 E1114.16947
G1 X104.194 Y126.843 E1114.18719
G1 X103.975 Y126.512 E1114.20694
G1 X103.864 Y126.182 E1114.22427
G1 X103.81 Y125.879 E1114.23958
G1 X103.783 Y125.399 E1114.26351
G1 X103.833 Y124.885 E1114.28921
G1 X103.906 Y124.456 E1114.31086
G1 X104.014 Y123.965 E1114.33588
G1 X104.128 Y123.527 E1114.35841
G1 X104.241 Y123.155 E1114.37775
G1 X110.161 Y105.316 E1115.31313
G1 X110.645 Y103.676 E1115.39822
G1 X110.766 Y103.227 E1115.42137
G1 X110.95 Y102.485 E1115.45941
G1 X111.471 Y100.11 E1115.58041
G1 X111.576 Y99.488 E1115.61181
G1 X111.64 Y99.049 E1115.63388
G1 X111.716 Y98.426 E1115.66512
G1 X111.827 Y98.32 E1115.67276
G1 X111.939 Y98.294 E1115.67848
G1 X112.074 Y98.33 E1115.68543
G0 F9000 X112.164 Y98.444
G0 X112.175 Y98.497
G0 X112.875 Y98.288
;TYPE:FILL
G1 F3600 X114.637 Y97.816 E1115.80042
G0 F9000 X115.04 Y98.976
G1 F3600 X114.052 Y102.665 E1116.04115
G0 F9000 X115.032 Y105.793
G1 F3600 X118.685 Y109.446 E1116.36681
G0 F9000 X117.455 Y105.913
G1 F3600 X115.273 Y106.497 E1116.50919
G0 F9000 X112.634 Y97.58
G0 X111.178 Y97.635
G0 X110.479 Y101.24
G1 F3600 X105.644 Y96.405 E1116.94022
G0 F9000 X104.179 Y100.618
G1 F3600 X110.938 Y98.807 E1117.38131
G0 F9000 X112.229 Y90.898
G1 F3600 X111.825 Y90.494 E1117.41732
G0 F9000 X108.928 Y90.494
G1 F3600 X107.578 Y90.856 E1117.50543
G0 F9000 X108.462 Y90.493
G1 F3600 X98.009 Y129.503 E1120.05122
G0 F9000 X95.482 Y129.504
G1 F3600 X103.639 Y127.318 E1120.58356
G0 F9000 X102.468 Y129.503
G1 F3600 X96.278 Y123.313 E1121.13537
G0 F9000 X97.381 Y120.143
G1 F3600 X105.167 Y118.057 E1121.64348
G0 F9000 X104.656 Y119.6
G1 F3600 X99.4 Y114.344 E1122.11204
G0 F9000 X100.78 Y110.381
G1 F3600 X108.391 Y108.341 E1122.60874
G0 F9000 X107.669 Y110.522
G1 F3600 X102.522 Y105.375 E1123.06758
G1 F2400 E1121.06758
G0 F9000 X111.178 Y97.635
G0 X112.634 Y97.58
G0 X118.04 Y114.607
G1 F1200 E1123.06758
G1 F3600 X120.274 Y114.009 E1123.21336
G0 F9000 X120.042 Y113.346
G1 F3600 X118.972 Y117.336 E1123.47376
G0 F9000 X120.814 Y122.716
G1 F3600 X123.091 Y122.106 E1123.62236
G0 F9000 X121.198 Y124.051
G1 F3600 X126.651 Y129.503 E1124.10843
G0 F9000 X128.513 Y129.505
G1 F3600 X129.069 Y129.355 E1124.14473
G0 F9000 X126.42 Y128.163
G0 X126.015 Y127.938
G0 X125.168 Y127.25
G1 F3600 X124.563 Y129.505 E1124.29191
G1 F2400 E1122.29191
G0 F9000 X112.634 Y97.58
G0 X111.178 Y97.635
G0 X103.393 Y123.822
G0 X103.142 Y125.405
G0 X103.248 Y126.362
G0 X103.396 Y126.793
G0 X103.707 Y127.265
G0 X104.367 Y127.798
G0 X105.032 Y128.112
G0 X105.788 Y128.265
G0 X107.16 Y128.387
G1 F1200 E1124.29191
G1 F3600 X106.86 Y129.504 E1124.36481
G0 F9000 X106.86 Y129.13
G1 F2400 E1122.36481
;MESH:NONMESH
G0 F600 X106.86 Y129.13 Z9.52
G0 F9000 X104.367 Y127.798
G0 X103.707 Y127.265
G0 X103.396 Y126.793
G0 X103.172 Y125.943
G0 X103.142 Y125.405
G0 X103.393 Y123.822
G0 X111.062 Y98.021
G1 F1200 E1124.36481
G0 F9000 X111.403 Y98.063
;TIME_ELAPSED:730.826081
;LAYER:33
;TYPE:WALL-INNER
;MESH:felipe_mvm_v.stl
G1 F3900 X111.606 Y97.902 E1124.37914
G1 X111.951 Y97.822 E1124.39872
G1 X112.147 Y97.85 E1124.40967
G1 X112.356 Y97.95 E1124.42248
G1 X112.535 Y98.135 E1124.43672
G1 X112.613 Y98.292 E1124.44641
G1 X112.905 Y99.564 E1124.51857
G1 X113.11 Y100.273 E1124.55938
G1 X113.404 Y101.39 E1124.62325
G1 X114.511 Y105.04 E1124.83416
G1 X120.447 Y122.433 E1125.85037
G1 X120.592 Y122.831 E1125.87379
G1 X120.792 Y123.441 E1125.90929
G1 X120.923 Y123.954 E1125.93857
G1 X121.128 Y124.927 E1125.99355
G1 X121.188 Y125.44 E1126.02211
G1 X121.157 Y125.886 E1126.04683
G1 X121.097 Y126.212 E1126.06516
G1 X120.968 Y126.586 E1126.08704
G1 X120.801 Y126.903 E1126.10685
G1 X120.577 Y127.196 E1126.12724
G1 X120.313 Y127.447 E1126.14738
G1 X120.039 Y127.641 E1126.16595
G1 X119.659 Y127.852 E1126.18998
G1 X119.289 Y127.984 E1126.2117
G1 X118.942 Y128.073 E1126.23151
G1 X118.535 Y128.127 E1126.25421
G1 X118.203 Y128.141 E1126.27259
G1 X115.901 Y128.141 E1126.39988
G1 X115.901 Y129.755 E1126.48912
G1 X129.321 Y129.755 E1127.23118
G1 X129.321 Y128.141 E1127.32043
G1 X127.001 Y128.136 E1127.44871
G1 X126.481 Y128.009 E1127.47831
G1 X126.008 Y127.747 E1127.50821
G1 X125.686 Y127.462 E1127.53199
G1 X125.349 Y127.077 E1127.56028
G1 X125.037 Y126.534 E1127.59491
G1 X124.733 Y125.865 E1127.63554
G1 X124.375 Y124.982 E1127.68823
G1 X124.049 Y124.094 E1127.74053
G1 X112.267 Y90.245 E1129.72236
G1 X107.526 Y90.245 E1129.98451
G1 X95.371 Y125.159 E1132.02873
G1 X95.271 Y125.412 E1132.04377
G1 X95.143 Y125.686 E1132.06049
G1 X94.904 Y126.116 E1132.08769
G1 X94.476 Y126.652 E1132.12562
G1 X94.127 Y127.015 E1132.15347
G1 X93.662 Y127.41 E1132.1872
G1 X93.137 Y127.686 E1132.22
G1 X92.747 Y127.844 E1132.24327
G1 X92.156 Y128.027 E1132.27748
G1 X91.535 Y128.14 E1132.31238
G1 X90.679 Y128.141 E1132.35971
G1 X90.68 Y129.754 E1132.4489
G1 X108.184 Y129.755 E1133.41679
G1 X108.184 Y128.141 E1133.50603
G1 X105.972 Y128.138 E1133.62835
G1 X105.585 Y128.079 E1133.64999
G1 X105.07 Y127.954 E1133.6793
G1 X104.71 Y127.804 E1133.70086
G1 X104.429 Y127.642 E1133.7188
G1 X104.136 Y127.434 E1133.73866
G1 X103.83 Y127.154 E1133.7616
G1 X103.546 Y126.724 E1133.79009
G1 X103.405 Y126.317 E1133.81391
G1 X103.342 Y125.962 E1133.83385
G1 X103.306 Y125.412 E1133.86433
G1 X103.357 Y124.857 E1133.89514
G1 X103.435 Y124.387 E1133.92149
G1 X103.554 Y123.845 E1133.95217
G1 X103.673 Y123.39 E1133.97818
G1 X103.79 Y123.005 E1134.00043
G1 X109.707 Y105.174 E1135.03926
G1 X110.189 Y103.543 E1135.1333
G1 X110.489 Y102.372 E1135.20014
G1 X111.004 Y100.02 E1135.33328
G1 X111.121 Y99.322 E1135.37241
G1 X111.197 Y98.782 E1135.40257
G1 X111.24 Y98.41 E1135.42327
G1 X111.403 Y98.063 E1135.44447
G0 F9000 X111.793 Y98.345
;TYPE:WALL-OUTER
G1 F3000 X111.872 Y98.305 E1135.44888
G1 X112.081 Y98.339 E1135.45942
G1 X112.164 Y98.448 E1135.46623
G1 X112.231 Y98.77 E1135.4826
G1 X112.445 Y99.685 E1135.52937
G1 X112.65 Y100.393 E1135.56605
G1 X112.931 Y101.465 E1135.6212
G1 X114.062 Y105.194 E1135.81512
G1 X120 Y122.595 E1136.73012
G1 X120.14 Y122.979 E1136.75046
G1 X120.345 Y123.604 E1136.7832
G1 X120.458 Y124.052 E1136.80619
G1 X120.66 Y125.011 E1136.85496
G1 X120.709 Y125.433 E1136.8761
G1 X120.689 Y125.802 E1136.89449
G1 X120.636 Y126.096 E1136.90936
G1 X120.535 Y126.39 E1136.92483
G1 X120.388 Y126.66 E1136.94013
G1 X120.209 Y126.89 E1136.95463
G1 X120.022 Y127.069 E1136.96752
G1 X119.741 Y127.268 E1136.98465
G1 X119.448 Y127.423 E1137.00115
G1 X119.188 Y127.518 E1137.01492
G1 X118.853 Y127.605 E1137.03215
G1 X118.515 Y127.652 E1137.04913
G1 X118.183 Y127.666 E1137.06567
G1 X115.426 Y127.666 E1137.20287
G1 X115.426 Y130.23 E1137.33047
G1 X129.796 Y130.23 E1138.0456
G1 X129.796 Y127.666 E1138.1732
G1 X127.06 Y127.661 E1138.30936
G1 X126.655 Y127.562 E1138.33011
G1 X126.268 Y127.343 E1138.35223
G1 X126.043 Y127.148 E1138.36705
G1 X125.727 Y126.782 E1138.39112
G1 X125.439 Y126.278 E1138.42
G1 X125.173 Y125.686 E1138.4523
G1 X124.821 Y124.818 E1138.49892
G1 X124.498 Y123.938 E1138.54557
G1 X112.605 Y89.77 E1140.34601
G1 X107.188 Y89.77 E1140.61559
G1 X94.929 Y124.984 E1142.47119
G1 X94.823 Y125.251 E1142.48549
G1 X94.706 Y125.497 E1142.49904
G1 X94.498 Y125.863 E1142.51999
G1 X94.13 Y126.326 E1142.54943
G1 X93.82 Y126.653 E1142.57185
G1 X93.412 Y126.999 E1142.59847
G1 X92.956 Y127.247 E1142.62431
G1 X92.606 Y127.39 E1142.64312
G1 X92.015 Y127.573 E1142.67391
G1 X91.504 Y127.662 E1142.69972
G1 X90.204 Y127.666 E1142.76442
G1 X90.205 Y130.229 E1142.89197
G1 X108.659 Y130.23 E1143.81034
G1 X108.659 Y127.666 E1143.93794
G1 X105.999 Y127.661 E1144.07031
G1 X105.636 Y127.605 E1144.08859
G1 X105.204 Y127.496 E1144.11077
G1 X104.97 Y127.403 E1144.1233
G1 X104.714 Y127.261 E1144.13787
G1 X104.457 Y127.083 E1144.15342
G1 X104.194 Y126.843 E1144.17114
G1 X103.975 Y126.512 E1144.19089
G1 X103.864 Y126.182 E1144.20822
G1 X103.81 Y125.879 E1144.22354
G1 X103.783 Y125.399 E1144.24746
G1 X103.833 Y124.885 E1144.27316
G1 X103.906 Y124.456 E1144.29482
G1 X104.014 Y123.965 E1144.31984
G1 X104.128 Y123.527 E1144.34236
G1 X104.241 Y123.155 E1144.36171
G1 X110.161 Y105.316 E1145.29708
G1 X110.646 Y103.672 E1145.38238
G1 X110.766 Y103.227 E1145.40532
G1 X110.963 Y102.428 E1145.44627
G1 X111.471 Y100.111 E1145.56432
G1 X111.591 Y99.394 E1145.6005
G1 X111.709 Y98.486 E1145.64606
G1 X111.793 Y98.345 E1145.65423
G0 F9000 X111.872 Y98.305
G0 X111.982 Y98.323
G0 X112.911 Y98.484
;TYPE:FILL
G1 F3600 X114.702 Y98.004 E1145.77111
G0 F9000 X114.925 Y98.643
G1 F3600 X113.943 Y102.306 E1146.01017
G0 F9000 X114.887 Y105.368
G1 F3600 X118.537 Y109.018 E1146.33556
G0 F9000 X117.521 Y106.1
G1 F3600 X115.336 Y106.685 E1146.47814
G0 F9000 X112.633 Y97.577
G0 X111.173 Y97.638
G0 X108.316 Y108.566
G1 F3600 X100.701 Y110.607 E1146.9751
G0 F9000 X99.472 Y114.136
G1 F3600 X104.726 Y119.39 E1147.44348
G0 F9000 X105.092 Y118.282
G1 F3600 X97.303 Y120.369 E1147.95179
G0 F9000 X96.35 Y123.105
G1 F3600 X102.748 Y129.503 E1148.52215
G0 F9000 X103.813 Y127.476
G1 F3600 X96.247 Y129.504 E1149.01592
G0 F9000 X97.804 Y129.503
G1 F3600 X108.257 Y90.493 E1151.56171
G0 F9000 X107.499 Y91.082
G1 F3600 X109.693 Y90.494 E1151.7049
G0 F9000 X105.717 Y96.198
G1 F3600 X110.531 Y101.012 E1152.13405
G0 F9000 X110.907 Y99.021
G1 F3600 X104.1 Y100.844 E1152.57826
G0 F9000 X102.594 Y105.167
G1 F3600 X107.739 Y110.311 E1153.03687
G1 F2400 E1151.03687
G0 F9000 X111.173 Y97.638
G0 X112.633 Y97.577
G0 X118.103 Y114.796
G1 F1200 E1153.03687
G1 F3600 X120.339 Y114.196 E1153.18281
G0 F9000 X119.926 Y113.011
G1 F3600 X118.857 Y117.001 E1153.44319
G0 F9000 X120.877 Y122.904
G1 F3600 X123.159 Y122.293 E1153.59211
G0 F9000 X121.113 Y123.685
G1 F3600 X126.931 Y129.503 E1154.11077
G0 F9000 X124.359 Y129.505
G1 F3600 X125.025 Y127.017 E1154.27312
G1 F2400 E1152.27312
G0 F9000 X112.633 Y97.577
G0 X111.173 Y97.638
G0 X103.393 Y123.822
G0 X103.142 Y125.405
G0 X103.248 Y126.362
G0 X103.396 Y126.793
G0 X103.707 Y127.265
G0 X104.367 Y127.798
G0 X105.032 Y128.112
G0 X105.561 Y128.219
G0 X106.955 Y128.387
G1 F1200 E1154.27312
G1 F3600 X106.656 Y129.504 E1154.34601
G0 F9000 X106.656 Y129.13
G1 F2400 E1152.34601
;MESH:NONMESH
G0 F600 X106.656 Y129.13 Z9.8
G0 F9000 X104.07 Y127.593
G0 X103.707 Y127.265
G0 X103.396 Y126.793
G0 X103.172 Y125.943
G0 X103.142 Y125.405
G0 X103.393 Y123.822
G0 X111.054 Y98.069
G1 F1200 E1154.34601
G0 F9000 X111.35 Y98.103
;TIME_ELAPSED:748.089040
;LAYER:34
;TYPE:WALL-INNER
;MESH:felipe_mvm_v.stl
G1 F3900 X111.606 Y97.901 E1154.36404
G1 X111.951 Y97.821 E1154.38363
G1 X112.147 Y97.849 E1154.39458
G1 X112.356 Y97.95 E1154.40741
G1 X112.536 Y98.134 E1154.42164
G1 X112.613 Y98.291 E1154.43131
G1 X112.906 Y99.564 E1154.50354
G1 X113.111 Y100.277 E1154.54457
G1 X113.405 Y101.39 E1154.60822
G1 X114.51 Y105.035 E1154.81883
G1 X120.448 Y122.433 E1155.83534
G1 X120.592 Y122.829 E1155.85864
G1 X120.768 Y123.358 E1155.88947
G1 X120.913 Y123.905 E1155.92076
G1 X121.15 Y125.034 E1155.98455
G1 X121.188 Y125.453 E1156.00781
G1 X121.165 Y125.823 E1156.02831
G1 X121.097 Y126.212 E1156.05014
G1 X120.968 Y126.586 E1156.07202
G1 X120.801 Y126.903 E1156.09183
G1 X120.577 Y127.196 E1156.11223
G1 X120.313 Y127.447 E1156.13237
G1 X120.039 Y127.641 E1156.15093
G1 X119.659 Y127.852 E1156.17497
G1 X119.289 Y127.984 E1156.19669
G1 X118.942 Y128.073 E1156.2165
G1 X118.535 Y128.127 E1156.2392
G1 X118.203 Y128.141 E1156.25757
G1 X115.901 Y128.141 E1156.38486
G1 X115.901 Y129.755 E1156.47411
G1 X129.321 Y129.755 E1157.21617
G1 X129.321 Y128.141 E1157.30541
G1 X127.001 Y128.136 E1157.4337
G1 X126.481 Y128.009 E1157.4633
G1 X126.008 Y127.747 E1157.4932
G1 X125.686 Y127.462 E1157.51697
G1 X125.349 Y127.077 E1157.54527
G1 X125.037 Y126.534 E1157.57989
G1 X124.734 Y125.868 E1157.62035
G1 X124.5 Y125.298 E1157.65442
G1 X124.255 Y124.659 E1157.69226
G1 X124.048 Y124.092 E1157.72564
G1 X112.267 Y90.245 E1159.70734
G1 X107.526 Y90.245 E1159.96949
G1 X95.371 Y125.159 E1162.01371
G1 X95.271 Y125.412 E1162.02875
G1 X95.143 Y125.686 E1162.04548
G1 X94.904 Y126.116 E1162.07268
G1 X94.476 Y126.652 E1162.11061
G1 X94.127 Y127.015 E1162.13845
G1 X93.662 Y127.41 E1162.17219
G1 X93.137 Y127.686 E1162.20499
G1 X92.747 Y127.844 E1162.22825
G1 X92.156 Y128.027 E1162.26246
G1 X91.535 Y128.14 E1162.29737
G1 X90.679 Y128.141 E1162.3447
G1 X90.68 Y129.754 E1162.43389
G1 X108.184 Y129.755 E1163.40177
G1 X108.184 Y128.141 E1163.49102
G1 X105.972 Y128.138 E1163.61333
G1 X105.585 Y128.079 E1163.63498
G1 X105.07 Y127.954 E1163.66428
G1 X104.71 Y127.804 E1163.68585
G1 X104.429 Y127.642 E1163.70378
G1 X104.136 Y127.434 E1163.72365
G1 X103.83 Y127.154 E1163.74658
G1 X103.546 Y126.724 E1163.77508
G1 X103.405 Y126.317 E1163.7989
G1 X103.342 Y125.962 E1163.81883
G1 X103.306 Y125.412 E1163.84931
G1 X103.357 Y124.857 E1163.88013
G1 X103.435 Y124.387 E1163.90647
G1 X103.554 Y123.845 E1163.93716
G1 X103.673 Y123.39 E1163.96316
G1 X103.79 Y123.005 E1163.98541
G1 X109.707 Y105.174 E1165.02424
G1 X110.19 Y103.539 E1165.11851
G1 X110.306 Y103.108 E1165.14319
G1 X110.49 Y102.368 E1165.18536
G1 X111.004 Y100.02 E1165.31827
G1 X111.122 Y99.321 E1165.35746
G1 X111.24 Y98.409 E1165.40831
G1 X111.35 Y98.103 E1165.42629
G0 F9000 X111.793 Y98.344
;TYPE:WALL-OUTER
G1 F3000 X111.872 Y98.304 E1165.4307
G1 X112.081 Y98.338 E1165.44124
G1 X112.164 Y98.447 E1165.44806
G1 X112.225 Y98.745 E1165.46319
G1 X112.446 Y99.684 E1165.5112
G1 X112.652 Y100.397 E1165.54813
G1 X112.941 Y101.496 E1165.60469
G1 X113.469 Y103.23 E1165.69489
G1 X113.792 Y104.322 E1165.75156
G1 X114.061 Y105.188 E1165.79669
G1 X120.002 Y122.596 E1166.71207
G1 X120.142 Y122.98 E1166.73241
G1 X120.309 Y123.481 E1166.75869
G1 X120.448 Y124.002 E1166.78553
G1 X120.684 Y125.137 E1166.84322
G1 X120.71 Y125.439 E1166.8583
G1 X120.692 Y125.782 E1166.8754
G1 X120.636 Y126.096 E1166.89127
G1 X120.535 Y126.39 E1166.90674
G1 X120.388 Y126.66 E1166.92204
G1 X120.209 Y126.89 E1166.93654
G1 X120.022 Y127.069 E1166.94942
G1 X119.741 Y127.268 E1166.96656
G1 X119.448 Y127.423 E1166.98306
G1 X119.188 Y127.518 E1166.99683
G1 X118.853 Y127.605 E1167.01406
G1 X118.515 Y127.652 E1167.03104
G1 X118.183 Y127.666 E1167.04757
G1 X115.426 Y127.666 E1167.18478
G1 X115.426 Y130.23 E1167.31238
G1 X129.796 Y130.23 E1168.02751
G1 X129.796 Y127.666 E1168.15511
G1 X127.06 Y127.661 E1168.29126
G1 X126.655 Y127.562 E1168.31201
G1 X126.268 Y127.343 E1168.33414
G1 X126.043 Y127.148 E1168.34896
G1 X125.727 Y126.782 E1168.37302
G1 X125.439 Y126.278 E1168.40191
G1 X125.173 Y125.687 E1168.43416
G1 X124.94 Y125.118 E1168.46476
G1 X124.701 Y124.496 E1168.49792
G1 X124.497 Y123.936 E1168.52758
G1 X112.605 Y89.77 E1170.32792
G1 X107.188 Y89.77 E1170.5975
G1 X94.929 Y124.984 E1172.4531
G1 X94.823 Y125.251 E1172.46739
G1 X94.706 Y125.497 E1172.48095
G1 X94.498 Y125.863 E1172.5019
G1 X94.13 Y126.326 E1172.53133
G1 X93.82 Y126.653 E1172.55376
G1 X93.412 Y126.999 E1172.58038
G1 X92.956 Y127.247 E1172.60621
G1 X92.606 Y127.39 E1172.62503
G1 X92.015 Y127.573 E1172.65582
G1 X91.504 Y127.662 E1172.68163
G1 X90.204 Y127.666 E1172.74633
G1 X90.205 Y130.229 E1172.87387
G1 X108.659 Y130.23 E1173.79225
G1 X108.659 Y127.666 E1173.91985
G1 X105.999 Y127.661 E1174.05222
G1 X105.636 Y127.605 E1174.0705
G1 X105.204 Y127.496 E1174.09267
G1 X104.97 Y127.403 E1174.1052
G1 X104.714 Y127.261 E1174.11977
G1 X104.457 Y127.083 E1174.13533
G1 X104.194 Y126.843 E1174.15305
G1 X103.975 Y126.512 E1174.1728
G1 X103.864 Y126.182 E1174.19013
G1 X103.81 Y125.879 E1174.20544
G1 X103.783 Y125.399 E1174.22937
G1 X103.833 Y124.885 E1174.25507
G1 X103.906 Y124.456 E1174.27673
G1 X104.014 Y123.965 E1174.30174
G1 X104.128 Y123.527 E1174.32427
G1 X104.241 Y123.155 E1174.34362
G1 X110.161 Y105.316 E1175.27899
G1 X110.647 Y103.668 E1175.3645
G1 X110.766 Y103.227 E1175.38723
G1 X110.964 Y102.424 E1175.42839
G1 X111.47 Y100.111 E1175.54622
G1 X111.592 Y99.391 E1175.58256
G1 X111.709 Y98.485 E1175.62802
G1 X111.793 Y98.344 E1175.63619
G0 F9000 X111.872 Y98.304
G0 X111.982 Y98.322
G0 X111.95 Y97.536
G0 X112.633 Y97.578
G0 X112.957 Y98.676
;TYPE:FILL
G1 F3600 X114.767 Y98.191 E1175.75431
G1 X114.809 Y98.31
G1 X113.835 Y101.945 E1175.99153
G0 F9000 X114.742 Y104.943
G1 F3600 X118.386 Y108.587 E1176.31638
G0 F9000 X117.586 Y106.288
G1 F3600 X115.402 Y106.873 E1176.4589
G0 F9000 X119.81 Y112.68
G1 F3600 X118.743 Y116.663 E1176.71883
G0 F9000 X118.169 Y114.983
G1 F3600 X120.404 Y114.384 E1176.86469
G0 F9000 X123.223 Y122.48
G1 F3600 X120.941 Y123.092 E1177.01362
G1 X121.012 Y123.305
G1 X127.211 Y129.503 E1177.5662
G0 F9000 X124.154 Y129.505
G1 F3600 X124.886 Y126.772 E1177.74455
G1 F2400 E1175.74455
G0 F9000 X112.633 Y97.578
G0 X111.174 Y97.638
G0 X103.393 Y123.822
G0 X103.142 Y125.405
G0 X103.248 Y126.362
G0 X103.396 Y126.793
G0 X103.707 Y127.265
G0 X104.367 Y127.798
G0 X105.032 Y128.112
G0 X105.296 Y128.165
G0 X106.75 Y128.387
G1 F1200 E1177.74455
G1 F3600 X106.451 Y129.504 E1177.81744
G0 F9000 X103.986 Y127.635
G1 F3600 X97.012 Y129.503 E1178.27255
G0 F9000 X97.599 Y129.504
G1 F3600 X108.052 Y90.493 E1180.8184
G0 F9000 X107.42 Y91.308
G1 F3600 X110.458 Y90.494 E1181.01666
G0 F9000 X105.789 Y95.99
G1 F3600 X110.58 Y100.781 E1181.44377
G0 F9000 X110.879 Y99.233
G1 F3600 X104.021 Y101.071 E1181.89133
G0 F9000 X102.666 Y104.959
G1 F3600 X107.809 Y110.101 E1182.34976
G0 F9000 X108.242 Y108.791
G1 F3600 X100.623 Y110.833 E1182.84699
G0 F9000 X99.545 Y113.929
G1 F3600 X104.796 Y119.18 E1183.3151
G0 F9000 X105.017 Y118.507
G1 F3600 X97.224 Y120.595 E1183.82366
G0 F9000 X96.422 Y122.897
G1 F3600 X103.028 Y129.503 E1184.41257
G0 F9000 X103.028 Y129.13
G1 F2400 E1182.41257
;MESH:NONMESH
G0 F600 X103.028 Y129.13 Z10.08
G0 F9000 X103.198 Y124.81
G0 X103.63 Y122.964
G0 X111.174 Y97.638
G0 X112.295 Y97.522
G1 F1200 E1184.41257
G0 F9000 X112.311 Y97.918
;TIME_ELAPSED:764.237528
;LAYER:35
;TYPE:WALL-INNER
;MESH:felipe_mvm_v.stl
G1 F3900 X112.518 Y98.107 E1184.42807
G1 X112.624 Y98.309 E1184.44068
G1 X112.697 Y98.673 E1184.46121
G1 X112.904 Y99.551 E1184.51109
G1 X113.113 Y100.279 E1184.55297
G1 X113.405 Y101.389 E1184.61644
G1 X114.512 Y105.039 E1184.82734
G1 X120.446 Y122.429 E1185.84336
G1 X120.745 Y123.282 E1185.89334
G1 X120.848 Y123.639 E1185.91389
G1 X120.923 Y123.955 E1185.93185
G1 X121.15 Y125.035 E1185.99287
G1 X121.185 Y125.485 E1186.01783
G1 X121.157 Y125.886 E1186.04005
G1 X121.097 Y126.212 E1186.05838
G1 X120.968 Y126.586 E1186.08026
G1 X120.801 Y126.903 E1186.10007
G1 X120.577 Y127.196 E1186.12047
G1 X120.313 Y127.447 E1186.14061
G1 X120.039 Y127.641 E1186.15917
G1 X119.659 Y127.852 E1186.18321
G1 X119.289 Y127.984 E1186.20493
G1 X118.942 Y128.073 E1186.22474
G1 X118.535 Y128.127 E1186.24744
G1 X118.203 Y128.141 E1186.26581
G1 X115.901 Y128.141 E1186.3931
G1 X115.901 Y129.755 E1186.48235
G1 X129.321 Y129.755 E1187.22441
G1 X129.321 Y128.141 E1187.31365
G1 X127.001 Y128.136 E1187.44194
G1 X126.481 Y128.009 E1187.47154
G1 X126.008 Y127.747 E1187.50143
G1 X125.686 Y127.462 E1187.52521
G1 X125.349 Y127.077 E1187.5535
G1 X125.037 Y126.534 E1187.58813
G1 X124.733 Y125.865 E1187.62877
G1 X124.375 Y124.98 E1187.68155
G1 X123.976 Y123.888 E1187.74584
G1 X112.267 Y90.245 E1189.71558
G1 X107.526 Y90.245 E1189.97773
G1 X95.371 Y125.159 E1192.02195
G1 X95.271 Y125.412 E1192.03699
G1 X95.143 Y125.686 E1192.05371
G1 X94.904 Y126.116 E1192.08092
G1 X94.476 Y126.652 E1192.11884
G1 X94.127 Y127.015 E1192.14669
G1 X93.662 Y127.41 E1192.18043
G1 X93.137 Y127.686 E1192.21322
G1 X92.747 Y127.844 E1192.23649
G1 X92.156 Y128.027 E1192.2707
G1 X91.535 Y128.14 E1192.3056
G1 X90.679 Y128.141 E1192.35294
G1 X90.68 Y129.754 E1192.44213
G1 X108.184 Y129.755 E1193.41001
G1 X108.184 Y128.141 E1193.49926
G1 X105.972 Y128.138 E1193.62157
G1 X105.585 Y128.079 E1193.64321
G1 X105.07 Y127.954 E1193.67252
G1 X104.71 Y127.804 E1193.69408
G1 X104.429 Y127.642 E1193.71202
G1 X104.136 Y127.434 E1193.73189
G1 X103.83 Y127.154 E1193.75482
G1 X103.546 Y126.724 E1193.78332
G1 X103.405 Y126.317 E1193.80713
G1 X103.342 Y125.962 E1193.82707
G1 X103.306 Y125.412 E1193.85755
G1 X103.357 Y124.857 E1193.88837
G1 X103.435 Y124.387 E1193.91471
G1 X103.554 Y123.845 E1193.94539
G1 X103.673 Y123.39 E1193.9714
G1 X103.79 Y123.005 E1193.99365
G1 X109.708 Y105.173 E1195.03255
G1 X110.11 Y103.821 E1195.11054
G1 X110.306 Y103.106 E1195.15154
G1 X110.491 Y102.364 E1195.19382
G1 X111.004 Y100.021 E1195.32645
G1 X111.122 Y99.314 E1195.36608
G1 X111.198 Y98.775 E1195.39618
G1 X111.24 Y98.408 E1195.41661
G1 X111.323 Y98.174 E1195.43034
G1 X111.5 Y97.969 E1195.44531
G1 X111.717 Y97.854 E1195.45889
G1 X112.082 Y97.831 E1195.47912
G1 X112.311 Y97.918 E1195.49266
G0 F9000 X112.067 Y98.326
;TYPE:WALL-OUTER
G1 F3000 X112.164 Y98.444 E1195.50026
G1 X112.235 Y98.781 E1195.5174
G1 X112.444 Y99.671 E1195.5629
G1 X112.653 Y100.4 E1195.60064
G1 X112.95 Y101.526 E1195.65859
G1 X114.053 Y105.163 E1195.84773
G1 X119.998 Y122.585 E1196.76383
G1 X120.289 Y123.415 E1196.8076
G1 X120.385 Y123.749 E1196.8249
G1 X120.458 Y124.052 E1196.84041
G1 X120.684 Y125.139 E1196.89566
G1 X120.71 Y125.439 E1196.91064
G1 X120.689 Y125.802 E1196.92874
G1 X120.636 Y126.096 E1196.94361
G1 X120.535 Y126.39 E1196.95908
G1 X120.388 Y126.66 E1196.97438
G1 X120.209 Y126.89 E1196.98888
G1 X120.022 Y127.069 E1197.00176
G1 X119.741 Y127.268 E1197.0189
G1 X119.448 Y127.423 E1197.03539
G1 X119.188 Y127.518 E1197.04917
G1 X118.853 Y127.605 E1197.06639
G1 X118.515 Y127.652 E1197.08338
G1 X118.183 Y127.666 E1197.09991
G1 X115.426 Y127.666 E1197.23712
G1 X115.426 Y130.23 E1197.36472
G1 X129.796 Y130.23 E1198.07985
G1 X129.796 Y127.666 E1198.20744
G1 X127.06 Y127.661 E1198.3436
G1 X126.655 Y127.562 E1198.36435
G1 X126.268 Y127.343 E1198.38648
G1 X126.043 Y127.148 E1198.4013
G1 X125.727 Y126.782 E1198.42536
G1 X125.439 Y126.278 E1198.45425
G1 X125.173 Y125.686 E1198.48655
G1 X124.821 Y124.818 E1198.53316
G1 X124.425 Y123.732 E1198.59069
G1 X112.605 Y89.77 E1200.38026
G1 X107.188 Y89.77 E1200.64984
G1 X94.929 Y124.984 E1202.50544
G1 X94.823 Y125.251 E1202.51973
G1 X94.706 Y125.497 E1202.53329
G1 X94.498 Y125.863 E1202.55424
G1 X94.13 Y126.326 E1202.58367
G1 X93.82 Y126.653 E1202.6061
G1 X93.412 Y126.999 E1202.63272
G1 X92.956 Y127.247 E1202.65855
G1 X92.606 Y127.39 E1202.67737
G1 X92.015 Y127.573 E1202.70815
G1 X91.504 Y127.662 E1202.73397
G1 X90.204 Y127.666 E1202.79866
G1 X90.205 Y130.229 E1202.92621
G1 X108.659 Y130.23 E1203.84458
G1 X108.659 Y127.666 E1203.97218
G1 X105.999 Y127.661 E1204.10456
G1 X105.636 Y127.605 E1204.12284
G1 X105.204 Y127.496 E1204.14501
G1 X104.97 Y127.403 E1204.15754
G1 X104.714 Y127.261 E1204.17211
G1 X104.457 Y127.083 E1204.18767
G1 X104.194 Y126.843 E1204.20539
G1 X103.975 Y126.512 E1204.22514
G1 X103.864 Y126.182 E1204.24247
G1 X103.81 Y125.879 E1204.25778
G1 X103.783 Y125.399 E1204.28171
G1 X103.833 Y124.885 E1204.30741
G1 X103.906 Y124.456 E1204.32906
G1 X104.014 Y123.965 E1204.35408
G1 X104.128 Y123.527 E1204.37661
G1 X104.241 Y123.155 E1204.39595
G1 X110.161 Y105.316 E1205.33133
G1 X110.567 Y103.952 E1205.40215
G1 X110.766 Y103.227 E1205.43957
G1 X110.965 Y102.42 E1205.48093
G1 X111.47 Y100.111 E1205.59855
G1 X111.592 Y99.386 E1205.63514
G1 X111.669 Y98.835 E1205.66283
G1 X111.715 Y98.434 E1205.68292
G1 X111.863 Y98.306 E1205.69265
G1 X112.067 Y98.326 E1205.70285
G0 F9000 X112.164 Y98.444
G0 X112.173 Y98.491
G0 X112.999 Y98.87
;TYPE:FILL
G1 F3600 X114.833 Y98.379 E1205.82253
G0 F9000 X114.693 Y97.978
G1 F3600 X113.726 Y101.586 E1206.058
G0 F9000 X114.62 Y104.541
G1 F3600 X118.236 Y108.157 E1206.38035
G0 F9000 X117.65 Y106.475
G1 F3600 X115.465 Y107.061 E1206.52295
G0 F9000 X119.694 Y112.347
G1 F3600 X118.628 Y116.326 E1206.78262
G0 F9000 X118.233 Y115.171
G1 F3600 X120.469 Y114.572 E1206.92854
G0 F9000 X120.87 Y122.883
G1 F3600 X125.056 Y127.068 E1207.30166
G0 F9000 X124.75 Y126.513
G1 F3600 X123.949 Y129.505 E1207.49691
G0 F9000 X126.034 Y128.047
G1 F3600 X127.491 Y129.503 E1207.62675
G0 F9000 X125.218 Y127.178
G0 X124.708 Y126.177
G0 X123.287 Y122.668
G1 F3600 X121.002 Y123.28 E1207.77586
G1 F2400 E1205.77586
G0 F9000 X112.633 Y97.577
G0 X111.173 Y97.638
G0 X103.393 Y123.822
G0 X103.142 Y125.405
G0 X103.248 Y126.362
G0 X103.396 Y126.793
G0 X103.707 Y127.265
G0 X104.367 Y127.798
G0 X105.032 Y128.112
G0 X106.545 Y128.387
G1 F1200 E1207.77586
G1 F3600 X106.246 Y129.504 E1207.84876
G0 F9000 X104.197 Y127.783
G1 F3600 X97.777 Y129.503 E1208.26772
G0 F9000 X97.394 Y129.504
G1 F3600 X107.847 Y90.493 E1210.81358
G0 F9000 X107.341 Y91.534
G1 F3600 X111.223 Y90.494 E1211.06691
G0 F9000 X105.861 Y95.782
G1 F3600 X110.631 Y100.551 E1211.4921
G0 F9000 X110.844 Y99.447
G1 F3600 X103.943 Y101.297 E1211.94247
G0 F9000 X102.739 Y104.752
G1 F3600 X107.878 Y109.89 E1212.40055
G0 F9000 X108.167 Y109.016
G1 F3600 X100.544 Y111.059 E1212.89804
G0 F9000 X99.617 Y113.721
G1 F3600 X104.866 Y118.97 E1213.36597
G1 X104.943 Y118.732
G1 X97.146 Y120.821 E1213.8748
G0 F9000 X96.495 Y122.69
G1 F3600 X103.308 Y129.503 E1214.48215
G0 F9000 X91.216 Y129.503
G1 F3600 X90.929 Y129.216 E1214.50774
G0 F9000 X91.304 Y129.13
G1 F2400 E1212.50774
;MESH:NONMESH
G0 F600 X91.304 Y129.13 Z10.36
G0 F9000 X93.756 Y127.546
G0 X94.621 Y126.736
G0 X94.96 Y126.307
G0 X111.054 Y98.07
G1 F1200 E1214.50774
G0 F9000 X111.35 Y98.104
;TIME_ELAPSED:780.716363
;LAYER:36
;TYPE:WALL-INNER
;MESH:felipe_mvm_v.stl
G1 F3900 X111.606 Y97.902 E1214.52577
G1 X111.951 Y97.822 E1214.54535
G1 X112.147 Y97.85 E1214.5563
G1 X112.356 Y97.95 E1214.56911
G1 X112.535 Y98.135 E1214.58335
G1 X112.613 Y98.292 E1214.59304
G1 X112.9 Y99.541 E1214.6639
G1 X113.233 Y100.725 E1214.73191
G1 X113.398 Y101.369 E1214.76867
G1 X114.511 Y105.04 E1214.98078
G1 X120.447 Y122.433 E1215.997
G1 X120.592 Y122.831 E1216.02042
G1 X120.769 Y123.361 E1216.05132
G1 X120.91 Y123.892 E1216.0817
G1 X121.106 Y124.82 E1216.13414
G1 X121.192 Y125.299 E1216.16105
G1 X121.165 Y125.823 E1216.19007
G1 X121.097 Y126.212 E1216.2119
G1 X120.968 Y126.586 E1216.23378
G1 X120.801 Y126.903 E1216.25359
G1 X120.577 Y127.196 E1216.27398
G1 X120.313 Y127.447 E1216.29413
G1 X120.039 Y127.641 E1216.31269
G1 X119.659 Y127.852 E1216.33672
G1 X119.289 Y127.984 E1216.35845
G1 X118.942 Y128.073 E1216.37825
G1 X118.535 Y128.127 E1216.40096
G1 X118.203 Y128.141 E1216.41933
G1 X115.901 Y128.141 E1216.54662
G1 X115.901 Y129.755 E1216.63587
G1 X129.321 Y129.755 E1217.37792
G1 X129.321 Y128.141 E1217.46717
G1 X127.001 Y128.136 E1217.59545
G1 X126.481 Y128.009 E1217.62505
G1 X126.008 Y127.747 E1217.65495
G1 X125.686 Y127.462 E1217.67873
G1 X125.349 Y127.077 E1217.70702
G1 X125.037 Y126.534 E1217.74165
G1 X124.734 Y125.868 E1217.78211
G1 X124.498 Y125.29 E1217.81663
G1 X124.255 Y124.659 E1217.85402
G1 X124.044 Y124.081 E1217.88804
G1 X112.267 Y90.245 E1219.8691
G1 X107.526 Y90.245 E1220.13125
G1 X95.371 Y125.159 E1222.17547
G1 X95.271 Y125.412 E1222.19051
G1 X95.143 Y125.686 E1222.20723
G1 X94.904 Y126.116 E1222.23444
G1 X94.476 Y126.652 E1222.27236
G1 X94.127 Y127.015 E1222.30021
G1 X93.662 Y127.41 E1222.33394
G1 X93.137 Y127.686 E1222.36674
G1 X92.747 Y127.844 E1222.39001
G1 X92.156 Y128.027 E1222.42422
G1 X91.548 Y128.137 E1222.45838
G1 X90.679 Y128.14 E1222.50644
G1 X90.679 Y129.755 E1222.59574
G1 X108.184 Y129.755 E1223.56368
G1 X108.184 Y128.141 E1223.65292
G1 X105.972 Y128.138 E1223.77523
G1 X105.585 Y128.079 E1223.79688
G1 X105.07 Y127.954 E1223.82618
G1 X104.71 Y127.804 E1223.84775
G1 X104.429 Y127.642 E1223.86568
G1 X104.136 Y127.434 E1223.88555
G1 X103.83 Y127.154 E1223.90849
G1 X103.546 Y126.724 E1223.93698
G1 X103.405 Y126.317 E1223.9608
G1 X103.342 Y125.962 E1223.98074
G1 X103.306 Y125.412 E1224.01121
G1 X103.357 Y124.857 E1224.04203
G1 X103.435 Y124.387 E1224.06838
G1 X103.554 Y123.845 E1224.09906
G1 X103.673 Y123.39 E1224.12506
G1 X103.79 Y123.005 E1224.14731
G1 X109.708 Y105.173 E1225.18622
G1 X110.122 Y103.778 E1225.26668
G1 X110.343 Y102.962 E1225.31343
G1 X110.533 Y102.175 E1225.35819
G1 X111.004 Y100.021 E1225.48011
G1 X111.123 Y99.313 E1225.51981
G1 X111.24 Y98.41 E1225.57016
G1 X111.35 Y98.104 E1225.58814
G0 F9000 X111.793 Y98.345
;TYPE:WALL-OUTER
G1 F3000 X111.872 Y98.305 E1225.59255
G1 X112.081 Y98.339 E1225.60308
G1 X112.164 Y98.448 E1225.6099
G1 X112.225 Y98.745 E1225.62499
G1 X112.456 Y99.719 E1225.67481
G1 X112.776 Y100.859 E1225.73373
G1 X112.94 Y101.497 E1225.76651
G1 X114.062 Y105.194 E1225.95878
G1 X120.001 Y122.596 E1226.87385
G1 X120.142 Y122.983 E1226.89435
G1 X120.31 Y123.484 E1226.92064
G1 X120.445 Y123.991 E1226.94675
G1 X120.638 Y124.904 E1226.99319
G1 X120.716 Y125.347 E1227.01558
G1 X120.692 Y125.782 E1227.03726
G1 X120.636 Y126.096 E1227.05313
G1 X120.535 Y126.39 E1227.0686
G1 X120.388 Y126.66 E1227.0839
G1 X120.209 Y126.89 E1227.09841
G1 X120.022 Y127.069 E1227.11129
G1 X119.741 Y127.268 E1227.12842
G1 X119.448 Y127.423 E1227.14492
G1 X119.188 Y127.518 E1227.1587
G1 X118.853 Y127.605 E1227.17592
G1 X118.515 Y127.652 E1227.1929
G1 X118.183 Y127.666 E1227.20944
G1 X115.426 Y127.666 E1227.34664
G1 X115.426 Y130.23 E1227.47424
G1 X129.796 Y130.23 E1228.18937
G1 X129.796 Y127.666 E1228.31697
G1 X127.06 Y127.661 E1228.45313
G1 X126.655 Y127.562 E1228.47388
G1 X126.268 Y127.343 E1228.49601
G1 X126.043 Y127.148 E1228.51082
G1 X125.727 Y126.782 E1228.53489
G1 X125.439 Y126.278 E1228.56377
G1 X125.173 Y125.687 E1228.59603
G1 X124.941 Y125.12 E1228.62652
G1 X124.701 Y124.496 E1228.65979
G1 X124.461 Y123.832 E1228.69492
G1 X112.605 Y89.77 E1230.48978
G1 X107.188 Y89.77 E1230.75936
G1 X94.929 Y124.984 E1232.61496
G1 X94.823 Y125.251 E1232.62926
G1 X94.706 Y125.497 E1232.64281
G1 X94.498 Y125.863 E1232.66376
G1 X94.13 Y126.326 E1232.6932
G1 X93.82 Y126.653 E1232.71562
G1 X93.412 Y126.999 E1232.74224
G1 X92.956 Y127.247 E1232.76808
G1 X92.606 Y127.39 E1232.78689
G1 X92.015 Y127.573 E1232.81768
G1 X91.522 Y127.659 E1232.84259
G1 X90.204 Y127.666 E1232.90818
G1 X90.204 Y130.23 E1233.03578
G1 X108.659 Y130.23 E1233.9542
G1 X108.659 Y127.666 E1234.0818
G1 X105.999 Y127.661 E1234.21417
G1 X105.636 Y127.605 E1234.23245
G1 X105.204 Y127.496 E1234.25462
G1 X104.97 Y127.403 E1234.26715
G1 X104.714 Y127.261 E1234.28172
G1 X104.457 Y127.083 E1234.29728
G1 X104.194 Y126.843 E1234.315
G1 X103.975 Y126.512 E1234.33475
G1 X103.864 Y126.182 E1234.35208
G1 X103.81 Y125.879 E1234.36739
G1 X103.783 Y125.399 E1234.39132
G1 X103.833 Y124.885 E1234.41702
G1 X103.906 Y124.456 E1234.43868
G1 X104.014 Y123.965 E1234.4637
G1 X104.128 Y123.527 E1234.48622
G1 X104.241 Y123.155 E1234.50557
G1 X110.161 Y105.316 E1235.44094
G1 X110.568 Y103.948 E1235.51197
G1 X110.804 Y103.081 E1235.55669
G1 X110.988 Y102.318 E1235.59575
G1 X111.47 Y100.111 E1235.70817
G1 X111.593 Y99.383 E1235.74491
G1 X111.709 Y98.486 E1235.78992
G1 X111.793 Y98.345 E1235.79809
G0 F9000 X111.872 Y98.305
G0 X111.982 Y98.323
G0 X111.95 Y97.536
G0 X112.633 Y97.578
G0 X113.046 Y99.062
;TYPE:FILL
G1 F3600 X114.898 Y98.566 E1235.91895
G0 F9000 X114.577 Y97.645
G1 F3600 X113.618 Y101.223 E1236.15245
G0 F9000 X114.497 Y104.138
G1 F3600 X118.087 Y107.728 E1236.47249
G0 F9000 X117.716 Y106.663
G1 F3600 X115.528 Y107.249 E1236.61527
G0 F9000 X119.579 Y112.014
G1 F3600 X118.513 Y115.99 E1236.87476
G0 F9000 X118.296 Y115.359
G1 F3600 X120.535 Y114.759 E1237.02087
G0 F9000 X120.72 Y122.453
G1 F3600 X124.727 Y126.46 E1237.37808
G1 X124.621 Y126.229
G1 X123.744 Y129.505 E1237.59186
G0 F9000 X126.55 Y128.283
G1 F3600 X127.771 Y129.503 E1237.70067
G0 F9000 X125.603 Y127.614
G0 X125.218 Y127.178
G0 X124.708 Y126.178
G0 X123.352 Y122.856
G1 F3600 X121.057 Y123.471 E1237.85044
G1 F2400 E1235.85044
G0 F9000 X112.633 Y97.578
G0 X111.174 Y97.638
G0 X103.393 Y123.822
G0 X103.142 Y125.405
G0 X103.248 Y126.362
G0 X103.396 Y126.793
G0 X103.707 Y127.265
G0 X104.367 Y127.798
G0 X104.905 Y128.051
G0 X106.34 Y128.386
G1 F1200 E1237.85044
G1 F3600 X106.041 Y129.504 E1237.92339
G0 F9000 X104.423 Y127.928
G1 F3600 X98.539 Y129.504 E1238.30737
G0 F9000 X97.189 Y129.505
G1 F3600 X107.438 Y91.255 E1240.80356
G0 F9000 X107.263 Y91.76
G1 F3600 X111.987 Y90.494 E1241.11185
G0 F9000 X105.933 Y95.574
G1 F3600 X110.681 Y100.322 E1241.53512
G0 F9000 X110.809 Y99.662
G1 F3600 X103.864 Y101.523 E1241.98835
G0 F9000 X102.811 Y104.544
G1 F3600 X107.948 Y109.68 E1242.44626
G0 F9000 X108.092 Y109.242
G1 F3600 X100.466 Y111.285 E1242.94392
G0 F9000 X99.689 Y113.513
G1 F3600 X104.936 Y118.759 E1243.41163
G1 X104.867 Y118.957
G1 X97.066 Y121.047 E1243.92072
G0 F9000 X96.567 Y122.482
G1 F3600 X103.589 Y129.504 E1244.54671
G0 F9000 X91.497 Y129.504
G1 F3600 X90.928 Y128.935 E1244.59743
G0 F9000 X91.304 Y128.935
G1 F2400 E1242.59743
;MESH:NONMESH
G0 F600 X91.304 Y128.935 Z10.64
G0 F9000 X93.756 Y127.546
G0 X94.621 Y126.736
G0 X95.04 Y126.206
G0 X111.174 Y97.638
G0 X112.296 Y97.522
G1 F1200 E1244.59743
G0 F9000 X112.312 Y97.917
;TIME_ELAPSED:797.191009
;LAYER:37
;TYPE:WALL-INNER
;MESH:felipe_mvm_v.stl
G1 F3900 X112.519 Y98.106 E1244.61293
G1 X112.614 Y98.287 E1244.62424
G1 X112.697 Y98.672 E1244.64601
G1 X112.905 Y99.553 E1244.69607
G1 X113.238 Y100.74 E1244.76424
G1 X113.407 Y101.395 E1244.80164
G1 X113.929 Y103.107 E1244.90061
G1 X114.253 Y104.199 E1244.96359
G1 X114.51 Y105.034 E1245.0119
G1 X120.446 Y122.429 E1246.02822
G1 X120.745 Y123.283 E1246.07825
G1 X120.849 Y123.643 E1246.09897
G1 X120.923 Y123.954 E1246.11665
G1 X121.157 Y125.064 E1246.17938
G1 X121.185 Y125.501 E1246.20359
G1 X121.165 Y125.823 E1246.22143
G1 X121.097 Y126.212 E1246.24326
G1 X120.968 Y126.586 E1246.26514
G1 X120.801 Y126.903 E1246.28495
G1 X120.577 Y127.196 E1246.30535
G1 X120.313 Y127.447 E1246.32549
G1 X120.039 Y127.641 E1246.34405
G1 X119.659 Y127.852 E1246.36809
G1 X119.289 Y127.984 E1246.38981
G1 X118.942 Y128.073 E1246.40962
G1 X118.535 Y128.127 E1246.43232
G1 X118.203 Y128.141 E1246.45069
G1 X115.901 Y128.141 E1246.57798
G1 X115.901 Y129.755 E1246.66723
G1 X129.321 Y129.755 E1247.40929
G1 X129.321 Y128.141 E1247.49853
G1 X127.001 Y128.136 E1247.62682
G1 X126.481 Y128.009 E1247.65642
G1 X126.008 Y127.747 E1247.68632
G1 X125.686 Y127.462 E1247.71009
G1 X125.349 Y127.077 E1247.73838
G1 X125.037 Y126.534 E1247.77301
G1 X124.734 Y125.868 E1247.81347
G1 X124.5 Y125.298 E1247.84754
G1 X124.254 Y124.659 E1247.8854
G1 X124.042 Y124.075 E1247.91976
G1 X112.267 Y90.245 E1249.90046
G1 X107.526 Y90.245 E1250.16261
G1 X95.371 Y125.159 E1252.20683
G1 X95.271 Y125.412 E1252.22187
G1 X95.143 Y125.686 E1252.2386
G1 X94.904 Y126.116 E1252.2658
G1 X94.476 Y126.652 E1252.30373
G1 X94.127 Y127.015 E1252.33157
G1 X93.662 Y127.41 E1252.36531
G1 X93.137 Y127.686 E1252.39811
G1 X92.747 Y127.844 E1252.42137
G1 X92.156 Y128.027 E1252.45558
G1 X91.548 Y128.137 E1252.48975
G1 X90.679 Y128.14 E1252.5378
G1 X90.679 Y129.755 E1252.6271
G1 X108.184 Y129.755 E1253.59504
G1 X108.184 Y128.141 E1253.68429
G1 X105.972 Y128.138 E1253.8066
G1 X105.585 Y128.079 E1253.82825
G1 X105.07 Y127.954 E1253.85755
G1 X104.71 Y127.804 E1253.87911
G1 X104.429 Y127.642 E1253.89705
G1 X104.136 Y127.434 E1253.91692
G1 X103.83 Y127.154 E1253.93985
G1 X103.546 Y126.724 E1253.96835
G1 X103.405 Y126.317 E1253.99216
G1 X103.342 Y125.962 E1254.0121
G1 X103.306 Y125.412 E1254.04258
G1 X103.357 Y124.857 E1254.0734
G1 X103.435 Y124.387 E1254.09974
G1 X103.554 Y123.845 E1254.13042
G1 X103.673 Y123.39 E1254.15643
G1 X103.79 Y123.005 E1254.17868
G1 X109.707 Y105.173 E1255.21756
G1 X110.113 Y103.812 E1255.2961
G1 X110.265 Y103.26 E1255.32776
G1 X110.493 Y102.354 E1255.37942
G1 X111.004 Y100.02 E1255.51153
G1 X111.101 Y99.455 E1255.54323
G1 X111.199 Y98.767 E1255.58166
G1 X111.24 Y98.408 E1255.60164
G1 X111.323 Y98.174 E1255.61537
G1 X111.5 Y97.969 E1255.63034
G1 X111.717 Y97.854 E1255.64392
G1 X112.083 Y97.83 E1255.6642
G1 X112.312 Y97.917 E1255.67775
G0 F9000 X112.067 Y98.325
;TYPE:WALL-OUTER
G1 F3000 X112.164 Y98.444 E1255.68539
G1 X112.235 Y98.781 E1255.70253
G1 X112.454 Y99.706 E1255.74983
G1 X112.778 Y100.859 E1255.80944
G1 X112.941 Y101.496 E1255.84216
G1 X113.473 Y103.242 E1255.93299
G1 X113.792 Y104.321 E1255.98899
G1 X114.061 Y105.187 E1256.03412
G1 X119.998 Y122.585 E1256.94896
G1 X120.289 Y123.415 E1256.99273
G1 X120.386 Y123.753 E1257.01023
G1 X120.458 Y124.052 E1257.02553
G1 X120.688 Y125.147 E1257.08122
G1 X120.71 Y125.443 E1257.09599
G1 X120.692 Y125.782 E1257.11288
G1 X120.636 Y126.096 E1257.12876
G1 X120.535 Y126.39 E1257.14423
G1 X120.388 Y126.66 E1257.15952
G1 X120.209 Y126.89 E1257.17403
G1 X120.022 Y127.069 E1257.18691
G1 X119.741 Y127.268 E1257.20405
G1 X119.448 Y127.423 E1257.22054
G1 X119.188 Y127.518 E1257.23432
G1 X118.853 Y127.605 E1257.25154
G1 X118.515 Y127.652 E1257.26853
G1 X118.183 Y127.666 E1257.28506
G1 X115.426 Y127.666 E1257.42227
G1 X115.426 Y130.23 E1257.54986
G1 X129.796 Y130.23 E1258.26499
G1 X129.796 Y127.666 E1258.39259
G1 X127.06 Y127.661 E1258.52875
G1 X126.655 Y127.562 E1258.5495
G1 X126.268 Y127.343 E1258.57163
G1 X126.043 Y127.148 E1258.58645
G1 X125.727 Y126.782 E1258.61051
G1 X125.439 Y126.278 E1258.6394
G1 X125.173 Y125.687 E1258.67165
G1 X124.94 Y125.118 E1258.70225
G1 X124.701 Y124.496 E1258.73541
G1 X124.491 Y123.918 E1258.76601
G1 X112.605 Y89.77 E1260.56541
G1 X107.188 Y89.77 E1260.83499
G1 X94.929 Y124.984 E1262.69059
G1 X94.823 Y125.251 E1262.70488
G1 X94.706 Y125.497 E1262.71844
G1 X94.498 Y125.863 E1262.73939
G1 X94.13 Y126.326 E1262.76882
G1 X93.82 Y126.653 E1262.79124
G1 X93.412 Y126.999 E1262.81787
G1 X92.956 Y127.247 E1262.8437
G1 X92.606 Y127.39 E1262.86251
G1 X92.015 Y127.573 E1262.8933
G1 X91.522 Y127.659 E1262.91821
G1 X90.204 Y127.666 E1262.9838
G1 X90.204 Y130.23 E1263.1114
G1 X108.659 Y130.23 E1264.02982
G1 X108.659 Y127.666 E1264.15742
G1 X105.999 Y127.661 E1264.2898
G1 X105.636 Y127.605 E1264.30807
G1 X105.204 Y127.496 E1264.33025
G1 X104.97 Y127.403 E1264.34278
G1 X104.714 Y127.261 E1264.35735
G1 X104.457 Y127.083 E1264.3729
G1 X104.194 Y126.843 E1264.39062
G1 X103.975 Y126.512 E1264.41038
G1 X103.864 Y126.182 E1264.4277
G1 X103.81 Y125.879 E1264.44302
G1 X103.783 Y125.399 E1264.46694
G1 X103.833 Y124.885 E1264.49264
G1 X103.906 Y124.456 E1264.5143
G1 X104.014 Y123.965 E1264.53932
G1 X104.128 Y123.527 E1264.56184
G1 X104.241 Y123.155 E1264.58119
G1 X110.161 Y105.316 E1265.51656
G1 X110.579 Y103.908 E1265.58966
G1 X110.725 Y103.381 E1265.61687
G1 X110.955 Y102.463 E1265.66397
G1 X111.471 Y100.11 E1265.78385
G1 X111.57 Y99.529 E1265.81318
G1 X111.67 Y98.827 E1265.84847
G1 X111.715 Y98.434 E1265.86815
G1 X111.863 Y98.306 E1265.87789
G1 X112.067 Y98.325 E1265.88809
G0 F9000 X112.164 Y98.444
G0 X112.173 Y98.49
G0 X112.861 Y98.353
G0 X113.091 Y99.255
;TYPE:FILL
G1 F3600 X114.963 Y98.754 E1266.01024
G0 F9000 X114.461 Y97.312
G1 F3600 X113.518 Y100.831 E1266.2399
G0 F9000 X112.633 Y97.577
G0 X111.173 Y97.638
G0 X110.732 Y100.093
G1 F3600 X106.006 Y95.367 E1266.6612
G0 F9000 X106.548 Y93.812
G1 F3600 X96.984 Y129.505 E1268.99053
G0 F9000 X99.305 Y129.504
G1 F3600 X104.675 Y128.065 E1269.34098
G0 F9000 X106.135 Y128.386
G1 F3600 X105.836 Y129.504 E1269.41393
G0 F9000 X103.869 Y129.504
G1 F3600 X96.639 Y122.275 E1270.05841
G0 F9000 X96.988 Y121.273
G1 F3600 X104.793 Y119.182 E1270.56776
G0 F9000 X105.005 Y118.549
G1 F3600 X99.762 Y113.306 E1271.03516
G0 F9000 X100.386 Y111.511
G1 F3600 X108.017 Y109.466 E1271.53316
G1 X108.017 Y109.47
G1 X102.884 Y104.336 E1271.9908
G0 F9000 X103.786 Y101.749
G1 F3600 X110.774 Y99.876 E1272.44684
G0 F9000 X111.173 Y97.638
G0 X112.633 Y97.577
G0 X114.374 Y103.735
G1 F3600 X117.938 Y107.299 E1272.76456
G0 F9000 X117.781 Y106.85
G1 F3600 X115.594 Y107.436 E1272.90728
G0 F9000 X119.463 Y111.681
G1 F3600 X118.398 Y115.653 E1273.16651
G1 X118.361 Y115.546
G1 X120.599 Y114.947 E1273.31255
G0 F9000 X120.573 Y122.025
G1 F3600 X124.498 Y125.951 E1273.66249
G1 X124.493 Y125.941
G1 X123.539 Y129.505 E1273.89507
G0 F9000 X126.92 Y128.373
G1 F3600 X128.051 Y129.503 E1273.99585
G0 F9000 X125.603 Y127.614
G0 X125.218 Y127.178
G0 X124.708 Y126.178
G0 X123.417 Y123.043
G1 F3600 X121.109 Y123.662 E1274.14647
G1 F2400 E1272.14647
G0 F9000 X112.633 Y97.577
G0 X111.173 Y97.638
G0 X104.872 Y118.846
G0 X91.777 Y129.504
G1 F1200 E1274.14647
G1 F3600 X90.928 Y128.655 E1274.22216
G1 F2400 E1272.22216
G0 F9000 X93.237 Y127.821
G0 X93.756 Y127.546
G0 X94.621 Y126.736
G0 X95.04 Y126.206
G0 X95.436 Y125.394
G0 X107.184 Y91.987
G1 F1200 E1274.22216
G1 F3600 X112.145 Y90.657 E1274.54593
G0 F9000 X111.792 Y90.87
;MESH:NONMESH
G0 F600 X111.792 Y90.87 Z10.92
G0 F9000 X112.296 Y97.521
G0 X112.312 Y97.918
;TIME_ELAPSED:813.861843
;LAYER:38
;TYPE:WALL-INNER
;MESH:felipe_mvm_v.stl
G1 F3900 X112.518 Y98.106 E1274.56135
G1 X112.624 Y98.309 E1274.57401
G1 X112.697 Y98.673 E1274.59454
G1 X112.905 Y99.553 E1274.64454
G1 X113.238 Y100.74 E1274.71271
G1 X113.399 Y101.369 E1274.74861
G1 X114.512 Y105.04 E1274.96072
G1 X120.448 Y122.433 E1275.97694
G1 X120.594 Y122.833 E1276.00048
G1 X120.747 Y123.287 E1276.02697
G1 X120.883 Y123.776 E1276.05504
G1 X121.139 Y124.987 E1276.12348
G1 X121.188 Y125.441 E1276.14873
G1 X121.157 Y125.886 E1276.1734
G1 X121.097 Y126.212 E1276.19172
G1 X120.968 Y126.586 E1276.2136
G1 X120.801 Y126.903 E1276.23341
G1 X120.577 Y127.196 E1276.25381
G1 X120.313 Y127.447 E1276.27395
G1 X120.039 Y127.641 E1276.29251
G1 X119.659 Y127.852 E1276.31655
G1 X119.289 Y127.984 E1276.33827
G1 X118.942 Y128.073 E1276.35808
G1 X118.535 Y128.127 E1276.38078
G1 X118.203 Y128.141 E1276.39915
G1 X115.901 Y128.141 E1276.52644
G1 X115.901 Y129.755 E1276.61569
G1 X129.321 Y129.755 E1277.35775
G1 X129.321 Y128.141 E1277.44699
G1 X127.001 Y128.136 E1277.57528
G1 X126.481 Y128.009 E1277.60488
G1 X126.008 Y127.747 E1277.63478
G1 X125.686 Y127.462 E1277.65855
G1 X125.349 Y127.077 E1277.68685
G1 X125.037 Y126.534 E1277.72147
G1 X124.733 Y125.865 E1277.76211
G1 X124.375 Y124.982 E1277.81479
G1 X124.04 Y124.07 E1277.86852
G1 X112.267 Y90.245 E1279.84892
G1 X107.526 Y90.245 E1280.11107
G1 X95.371 Y125.159 E1282.15529
G1 X95.271 Y125.412 E1282.17034
G1 X95.143 Y125.686 E1282.18706
G1 X94.904 Y126.116 E1282.21426
G1 X94.476 Y126.652 E1282.25219
G1 X94.127 Y127.015 E1282.28003
G1 X93.662 Y127.41 E1282.31377
G1 X93.137 Y127.686 E1282.34657
G1 X92.747 Y127.844 E1282.36983
G1 X92.156 Y128.027 E1282.40404
G1 X91.548 Y128.137 E1282.43821
G1 X90.679 Y128.14 E1282.48626
G1 X90.679 Y129.755 E1282.57556
G1 X108.184 Y129.755 E1283.5435
G1 X108.184 Y128.141 E1283.63275
G1 X105.972 Y128.138 E1283.75506
G1 X105.585 Y128.079 E1283.77671
G1 X105.07 Y127.954 E1283.80601
G1 X104.71 Y127.804 E1283.82757
G1 X104.429 Y127.642 E1283.84551
G1 X104.136 Y127.434 E1283.86538
G1 X103.83 Y127.154 E1283.88831
G1 X103.546 Y126.724 E1283.91681
G1 X103.405 Y126.317 E1283.94062
G1 X103.342 Y125.962 E1283.96056
G1 X103.306 Y125.412 E1283.99104
G1 X103.357 Y124.857 E1284.02186
G1 X103.435 Y124.387 E1284.0482
G1 X103.554 Y123.845 E1284.07888
G1 X103.673 Y123.39 E1284.10489
G1 X103.79 Y123.005 E1284.12714
G1 X109.707 Y105.173 E1285.16602
G1 X110.122 Y103.778 E1285.2465
G1 X110.265 Y103.264 E1285.276
G1 X110.494 Y102.35 E1285.32811
G1 X111.004 Y100.021 E1285.45994
G1 X111.124 Y99.306 E1285.50003
G1 X111.24 Y98.408 E1285.55009
G1 X111.326 Y98.169 E1285.56414
G1 X111.501 Y97.968 E1285.57888
G1 X111.717 Y97.854 E1285.59238
G1 X112.082 Y97.831 E1285.6126
G1 X112.312 Y97.918 E1285.6262
G0 F9000 X112.067 Y98.325
;TYPE:WALL-OUTER
G1 F3000 X112.164 Y98.444 E1285.63384
G1 X112.235 Y98.781 E1285.65098
G1 X112.454 Y99.706 E1285.69829
G1 X112.778 Y100.859 E1285.75789
G1 X112.941 Y101.497 E1285.79066
G1 X114.063 Y105.194 E1285.98293
G1 X120.001 Y122.595 E1286.89793
G1 X120.144 Y122.985 E1286.9186
G1 X120.289 Y123.416 E1286.94123
G1 X120.418 Y123.874 E1286.96491
G1 X120.67 Y125.071 E1287.02579
G1 X120.709 Y125.435 E1287.044
G1 X120.689 Y125.802 E1287.0623
G1 X120.636 Y126.096 E1287.07716
G1 X120.535 Y126.39 E1287.09263
G1 X120.388 Y126.66 E1287.10793
G1 X120.209 Y126.89 E1287.12244
G1 X120.022 Y127.069 E1287.13532
G1 X119.741 Y127.268 E1287.15245
G1 X119.448 Y127.423 E1287.16895
G1 X119.188 Y127.518 E1287.18273
G1 X118.853 Y127.605 E1287.19995
G1 X118.515 Y127.652 E1287.21693
G1 X118.183 Y127.666 E1287.23347
G1 X115.426 Y127.666 E1287.37067
G1 X115.426 Y130.23 E1287.49827
G1 X129.796 Y130.23 E1288.2134
G1 X129.796 Y127.666 E1288.341
G1 X127.06 Y127.661 E1288.47716
G1 X126.655 Y127.562 E1288.49791
G1 X126.268 Y127.343 E1288.52004
G1 X126.043 Y127.148 E1288.53485
G1 X125.727 Y126.782 E1288.55892
G1 X125.439 Y126.278 E1288.5878
G1 X125.173 Y125.686 E1288.6201
G1 X124.821 Y124.818 E1288.66672
G1 X124.489 Y123.913 E1288.71469
G1 X112.605 Y89.77 E1290.51382
G1 X107.188 Y89.77 E1290.7834
G1 X94.929 Y124.984 E1292.63899
G1 X94.823 Y125.251 E1292.65329
G1 X94.706 Y125.497 E1292.66685
G1 X94.498 Y125.863 E1292.6878
G1 X94.13 Y126.326 E1292.71723
G1 X93.82 Y126.653 E1292.73965
G1 X93.412 Y126.999 E1292.76627
G1 X92.956 Y127.247 E1292.79211
G1 X92.606 Y127.39 E1292.81092
G1 X92.015 Y127.573 E1292.84171
G1 X91.522 Y127.659 E1292.86662
G1 X90.204 Y127.666 E1292.93221
G1 X90.204 Y130.23 E1293.05981
G1 X108.659 Y130.23 E1293.97823
G1 X108.659 Y127.666 E1294.10583
G1 X105.999 Y127.661 E1294.2382
G1 X105.636 Y127.605 E1294.25648
G1 X105.204 Y127.496 E1294.27865
G1 X104.97 Y127.403 E1294.29119
G1 X104.714 Y127.261 E1294.30575
G1 X104.457 Y127.083 E1294.32131
G1 X104.194 Y126.843 E1294.33903
G1 X103.975 Y126.512 E1294.35878
G1 X103.864 Y126.182 E1294.37611
G1 X103.81 Y125.879 E1294.39143
G1 X103.783 Y125.399 E1294.41535
G1 X103.833 Y124.885 E1294.44105
G1 X103.906 Y124.456 E1294.46271
G1 X104.014 Y123.965 E1294.48773
G1 X104.128 Y123.527 E1294.51025
G1 X104.241 Y123.155 E1294.5296
G1 X110.161 Y105.316 E1295.46497
G1 X110.58 Y103.905 E1295.53822
G1 X110.724 Y103.385 E1295.56507
G1 X110.956 Y102.459 E1295.61258
G1 X111.47 Y100.111 E1295.7322
G1 X111.594 Y99.375 E1295.76934
G1 X111.717 Y98.423 E1295.81711
G1 X111.863 Y98.306 E1295.82642
G1 X112.067 Y98.325 E1295.83662
G0 F9000 X112.164 Y98.444
G0 X112.173 Y98.49
G0 X112.861 Y98.353
G0 X113.137 Y99.448
;TYPE:FILL
G1 F3600 X115.029 Y98.941 E1295.96009
G0 F9000 X114.346 Y96.979
G1 F3600 X113.416 Y100.45 E1296.18661
G0 F9000 X112.633 Y97.578
G0 X111.173 Y97.638
G0 X110.777 Y99.858
G1 F3600 X106.078 Y95.159 E1296.60551
G0 F9000 X105.658 Y96.368
G1 F3600 X96.779 Y129.505 E1298.76803
G0 F9000 X100.07 Y129.504
G1 F3600 X104.983 Y128.188 E1299.08864
G0 F9000 X105.931 Y128.383
G1 F3600 X105.63 Y129.505 E1299.16187
G0 F9000 X104.149 Y129.504
G1 F3600 X96.711 Y122.067 E1299.8249
G0 F9000 X96.909 Y121.499
G1 F3600 X104.719 Y119.407 E1300.33457
G0 F9000 X105.075 Y118.339
G1 F3600 X99.834 Y113.098 E1300.80179
G0 F9000 X100.308 Y111.737
G1 F3600 X107.943 Y109.691 E1301.30005
G0 F9000 X108.087 Y109.26
G1 F3600 X102.956 Y104.128 E1301.7575
G0 F9000 X103.706 Y101.975
G1 F3600 X110.731 Y100.093 E1302.21595
G0 F9000 X111.173 Y97.638
G0 X112.633 Y97.578
G0 X114.256 Y103.337
G1 F3600 X117.789 Y106.87 E1302.53091
G1 X117.848 Y107.037
G1 X115.658 Y107.624 E1302.67383
G0 F9000 X119.347 Y111.347
G1 F3600 X118.284 Y115.316 E1302.93284
G0 F9000 X118.425 Y115.734
G1 F3600 X120.666 Y115.134 E1303.07908
G0 F9000 X120.428 Y121.601
G1 F3600 X124.307 Y125.48 E1303.42488
G1 X124.37 Y125.637
G1 X123.334 Y129.505 E1303.6773
G0 F9000 X127.213 Y128.385
G1 F3600 X128.331 Y129.503 E1303.77696
G0 F9000 X125.918 Y127.885
G0 X125.218 Y127.178
G0 X124.708 Y126.177
G0 X123.485 Y123.23
G1 F3600 X121.153 Y123.855 E1303.92915
G0 F9000 X121.352 Y125.441
G0 X121.255 Y126.26
G0 X120.94 Y126.991
G0 X120.414 Y127.575
G0 X119.872 Y127.911
G0 X116.151 Y129.415
G1 F3600 X116.239 Y129.503 E1303.937
G1 F2400 E1301.937
G0 F9000 X120.092 Y127.806
G0 X120.699 Y127.307
G0 X121.126 Y126.639
G0 X121.327 Y125.867
G0 X121.303 Y124.975
G0 X120.898 Y123.224
G0 X112.633 Y97.578
G0 X111.173 Y97.638
G0 X104.872 Y118.846
G0 X92.057 Y129.504
G1 F1200 E1303.937
G1 F3600 X90.941 Y128.388 E1304.03648
G1 F2400 E1302.03648
G0 F9000 X92.148 Y128.199
G0 X93.237 Y127.821
G0 X93.756 Y127.546
G0 X94.621 Y126.736
G0 X95.04 Y126.206
G0 X95.436 Y125.394
G0 X107.106 Y92.213
G1 F1200 E1304.03648
G1 F3600 X112.21 Y90.845 E1304.36958
G0 F9000 X111.857 Y90.967
;MESH:NONMESH
G0 F600 X111.857 Y90.967 Z11.2
G0 F9000 X112.8 Y98.051
G0 X112.519 Y98.106
;TIME_ELAPSED:830.692676
;LAYER:39
;TYPE:WALL-INNER
;MESH:felipe_mvm_v.stl
G1 F3900 X112.613 Y98.288 E1304.3809
G1 X112.904 Y99.551 E1304.45257
G1 X113.117 Y100.296 E1304.49542
G1 X113.404 Y101.388 E1304.55785
G1 X114.511 Y105.038 E1304.76875
G1 X120.445 Y122.427 E1305.78472
G1 X120.782 Y123.393 E1305.84129
G1 X120.911 Y123.899 E1305.87017
G1 X121.139 Y124.984 E1305.93147
G1 X121.188 Y125.442 E1305.95694
G1 X121.157 Y125.886 E1305.98155
G1 X121.097 Y126.212 E1305.99988
G1 X120.968 Y126.586 E1306.02176
G1 X120.801 Y126.903 E1306.04157
G1 X120.577 Y127.196 E1306.06196
G1 X120.313 Y127.447 E1306.08211
G1 X120.039 Y127.641 E1306.10067
G1 X119.659 Y127.852 E1306.1247
G1 X119.289 Y127.984 E1306.14643
G1 X118.942 Y128.073 E1306.16624
G1 X118.535 Y128.127 E1306.18894
G1 X118.203 Y128.141 E1306.20731
G1 X115.901 Y128.141 E1306.3346
G1 X115.901 Y129.755 E1306.42385
G1 X129.321 Y129.755 E1307.16591
G1 X129.321 Y128.141 E1307.25515
G1 X127.001 Y128.136 E1307.38344
G1 X126.481 Y128.009 E1307.41303
G1 X126.008 Y127.747 E1307.44293
G1 X125.686 Y127.462 E1307.46671
G1 X125.349 Y127.077 E1307.495
G1 X125.037 Y126.534 E1307.52963
G1 X124.733 Y125.865 E1307.57026
G1 X124.375 Y124.982 E1307.62295
G1 X124.038 Y124.064 E1307.67702
G1 X112.267 Y90.245 E1309.65708
G1 X107.526 Y90.245 E1309.91923
G1 X95.371 Y125.159 E1311.96345
G1 X95.271 Y125.412 E1311.97849
G1 X95.143 Y125.686 E1311.99522
G1 X94.904 Y126.116 E1312.02242
G1 X94.476 Y126.652 E1312.06035
G1 X94.127 Y127.015 E1312.08819
G1 X93.662 Y127.41 E1312.12193
G1 X93.137 Y127.686 E1312.15472
G1 X92.747 Y127.844 E1312.17799
G1 X92.156 Y128.027 E1312.2122
G1 X91.548 Y128.137 E1312.24637
G1 X90.679 Y128.14 E1312.29442
G1 X90.679 Y129.755 E1312.38372
G1 X108.184 Y129.755 E1313.35166
G1 X108.184 Y128.141 E1313.4409
G1 X105.972 Y128.138 E1313.56322
G1 X105.585 Y128.079 E1313.58486
G1 X105.07 Y127.954 E1313.61417
G1 X104.71 Y127.804 E1313.63573
G1 X104.429 Y127.642 E1313.65367
G1 X104.136 Y127.434 E1313.67354
G1 X103.83 Y127.154 E1313.69647
G1 X103.546 Y126.724 E1313.72497
G1 X103.405 Y126.317 E1313.74878
G1 X103.342 Y125.962 E1313.76872
G1 X103.306 Y125.412 E1313.7992
G1 X103.357 Y124.857 E1313.83001
G1 X103.435 Y124.387 E1313.85636
G1 X103.554 Y123.845 E1313.88704
G1 X103.673 Y123.39 E1313.91305
G1 X103.79 Y123.005 E1313.9353
G1 X109.707 Y105.174 E1314.97413
G1 X110.195 Y103.52 E1315.06949
G1 X110.382 Y102.811 E1315.11003
G1 X110.502 Y102.311 E1315.13846
G1 X111.004 Y100.02 E1315.26815
G1 X111.125 Y99.302 E1315.30841
G1 X111.24 Y98.408 E1315.35825
G1 X111.326 Y98.169 E1315.3723
G1 X111.501 Y97.968 E1315.38703
G1 X111.717 Y97.854 E1315.40054
G1 X112.083 Y97.831 E1315.42082
G1 X112.312 Y97.918 E1315.43436
G1 X112.519 Y98.106 E1315.44982
G0 F9000 X112.067 Y98.325
;TYPE:WALL-OUTER
G1 F3000 X112.164 Y98.444 E1315.45746
G1 X112.235 Y98.781 E1315.4746
G1 X112.444 Y99.671 E1315.5201
G1 X112.657 Y100.416 E1315.55866
G1 X112.949 Y101.525 E1315.61573
G1 X114.062 Y105.192 E1315.80644
G1 X119.997 Y122.584 E1316.72097
G1 X120.322 Y123.512 E1316.7699
G1 X120.446 Y123.996 E1316.79477
G1 X120.67 Y125.068 E1316.84927
G1 X120.709 Y125.435 E1316.86764
G1 X120.689 Y125.802 E1316.88593
G1 X120.636 Y126.096 E1316.90079
G1 X120.535 Y126.39 E1316.91626
G1 X120.388 Y126.66 E1316.93156
G1 X120.209 Y126.89 E1316.94607
G1 X120.022 Y127.069 E1316.95895
G1 X119.741 Y127.268 E1316.97609
G1 X119.448 Y127.423 E1316.99258
G1 X119.188 Y127.518 E1317.00636
G1 X118.853 Y127.605 E1317.02358
G1 X118.515 Y127.652 E1317.04056
G1 X118.183 Y127.666 E1317.0571
G1 X115.426 Y127.666 E1317.1943
G1 X115.426 Y130.23 E1317.3219
G1 X129.796 Y130.23 E1318.03703
G1 X129.796 Y127.666 E1318.16463
G1 X127.06 Y127.661 E1318.30079
G1 X126.655 Y127.562 E1318.32154
G1 X126.268 Y127.343 E1318.34367
G1 X126.043 Y127.148 E1318.35848
G1 X125.727 Y126.782 E1318.38255
G1 X125.439 Y126.278 E1318.41144
G1 X125.173 Y125.686 E1318.44373
G1 X124.821 Y124.818 E1318.49035
G1 X124.487 Y123.907 E1318.53864
G1 X112.605 Y89.77 E1320.33745
G1 X107.188 Y89.77 E1320.60703
G1 X94.929 Y124.984 E1322.46262
G1 X94.823 Y125.251 E1322.47692
G1 X94.706 Y125.497 E1322.49048
G1 X94.498 Y125.863 E1322.51143
G1 X94.13 Y126.326 E1322.54086
G1 X93.82 Y126.653 E1322.56328
G1 X93.412 Y126.999 E1322.58991
G1 X92.956 Y127.247 E1322.61574
G1 X92.606 Y127.39 E1322.63455
G1 X92.015 Y127.573 E1322.66534
G1 X91.522 Y127.659 E1322.69025
G1 X90.204 Y127.666 E1322.75584
G1 X90.204 Y130.23 E1322.88344
G1 X108.659 Y130.23 E1323.80186
G1 X108.659 Y127.666 E1323.92946
G1 X105.999 Y127.661 E1324.06183
G1 X105.636 Y127.605 E1324.08011
G1 X105.204 Y127.496 E1324.10229
G1 X104.97 Y127.403 E1324.11482
G1 X104.714 Y127.261 E1324.12939
G1 X104.457 Y127.083 E1324.14494
G1 X104.194 Y126.843 E1324.16266
G1 X103.975 Y126.512 E1324.18241
G1 X103.864 Y126.182 E1324.19974
G1 X103.81 Y125.879 E1324.21506
G1 X103.783 Y125.399 E1324.23898
G1 X103.833 Y124.885 E1324.26468
G1 X103.906 Y124.456 E1324.28634
G1 X104.014 Y123.965 E1324.31136
G1 X104.128 Y123.527 E1324.33388
G1 X104.241 Y123.155 E1324.35323
G1 X110.161 Y105.316 E1325.2886
G1 X110.653 Y103.648 E1325.37515
G1 X110.957 Y102.455 E1325.43642
G1 X111.471 Y100.111 E1325.55584
G1 X111.595 Y99.371 E1325.59318
G1 X111.719 Y98.446 E1325.63962
G1 X111.863 Y98.306 E1325.64962
G1 X112.067 Y98.325 E1325.65981
G0 F9000 X112.164 Y98.444
G0 X112.173 Y98.49
G0 X112.861 Y98.353
G0 X113.188 Y99.639
;TYPE:FILL
G1 F3600 X115.094 Y99.129 E1325.78419
G0 F9000 X113.312 Y100.071
G1 F3600 X114.23 Y96.647 E1326.00765
G0 F9000 X111.172 Y97.638
G0 X110.817 Y99.618
G1 F3600 X106.15 Y94.951 E1326.42369
G0 F9000 X107.026 Y92.439
G1 F3600 X112.275 Y91.032 E1326.76625
G0 F9000 X110.684 Y100.31
G1 F3600 X103.628 Y102.201 E1327.22673
G0 F9000 X103.028 Y103.921
G1 F3600 X108.158 Y109.05 E1327.68401
G0 F9000 X107.869 Y109.916
G1 F3600 X100.229 Y111.963 E1328.18259
G0 F9000 X99.906 Y112.89
G1 F3600 X105.145 Y118.129 E1328.64963
G0 F9000 X104.644 Y119.632
G1 F3600 X96.831 Y121.725 E1329.1595
G1 X96.784 Y121.859
G1 X104.429 Y129.504 E1329.84103
G0 F9000 X105.425 Y129.505
G1 F3600 X105.734 Y128.351 E1329.91634
G0 F9000 X105.376 Y128.287
G1 F3600 X100.835 Y129.504 E1330.21268
G0 F9000 X96.574 Y129.505
G1 F3600 X104.768 Y98.924 E1332.2084
G0 F9000 X111.172 Y97.638
G0 X112.633 Y97.577
G0 X114.134 Y102.934
G1 F3600 X117.64 Y106.441 E1332.52099
G0 F9000 X117.913 Y107.225
G1 F3600 X115.723 Y107.812 E1332.66391
G0 F9000 X119.231 Y111.015
G1 F3600 X118.17 Y114.976 E1332.9224
G0 F9000 X118.492 Y115.921
G1 F3600 X120.732 Y115.321 E1333.06858
G0 F9000 X120.29 Y121.182
G1 F3600 X124.121 Y125.014 E1333.41015
G0 F9000 X124.247 Y125.333
G1 F3600 X123.129 Y129.504 E1333.68235
G0 F9000 X127.494 Y128.386
G1 F3600 X128.611 Y129.503 E1333.78193
G0 F9000 X125.918 Y127.885
G0 X125.218 Y127.178
G0 X124.708 Y126.177
G0 X123.55 Y123.418
G1 F3600 X121.197 Y124.048 E1333.93548
G0 F9000 X121.352 Y125.441
G0 X121.255 Y126.26
G0 X120.94 Y126.991
G0 X120.414 Y127.575
G0 X119.743 Y127.991
G0 X116.151 Y129.135
G1 F3600 X116.519 Y129.503 E1333.96828
G1 F2400 E1331.96828
G0 F9000 X120.092 Y127.806
G0 X120.699 Y127.307
G0 X121.126 Y126.639
G0 X121.327 Y125.867
G0 X121.303 Y124.977
G0 X120.93 Y123.317
G0 X112.633 Y97.577
G0 X111.172 Y97.638
G0 X106.762 Y112.483
G0 X92.337 Y129.504
G1 F1200 E1333.96828
G1 F3600 X91.221 Y128.387 E1334.06782
G0 F9000 X91.304 Y128.763
G1 F2400 E1332.06782
;MESH:NONMESH
G0 F600 X91.304 Y128.763 Z11.48
G0 F9000 X93.756 Y127.546
G0 X94.621 Y126.736
G0 X94.96 Y126.307
G0 X111.059 Y98.02
G1 F1200 E1334.06782
G0 F9000 X111.403 Y98.06
;TIME_ELAPSED:847.540293
;LAYER:40
;TYPE:WALL-INNER
;MESH:felipe_mvm_v.stl
G1 F3900 X111.606 Y97.9 E1334.08211
G1 X111.951 Y97.82 E1334.10169
G1 X112.145 Y97.847 E1334.11252
G1 X112.352 Y97.945 E1334.12519
G1 X112.531 Y98.125 E1334.13922
G1 X112.613 Y98.289 E1334.14936
G1 X112.787 Y99.078 E1334.19404
G1 X112.912 Y99.587 E1334.22302
G1 X113.119 Y100.302 E1334.26418
G1 X113.405 Y101.39 E1334.32638
G1 X114.509 Y105.034 E1334.53692
G1 X120.447 Y122.432 E1335.55343
G1 X120.595 Y122.839 E1335.57738
G1 X120.772 Y123.371 E1335.60838
G1 X120.927 Y123.968 E1335.64249
G1 X121.131 Y124.94 E1335.69741
G1 X121.188 Y125.441 E1335.72529
G1 X121.157 Y125.886 E1335.74995
G1 X121.097 Y126.212 E1335.76828
G1 X120.968 Y126.586 E1335.79016
G1 X120.801 Y126.903 E1335.80997
G1 X120.577 Y127.196 E1335.83036
G1 X120.313 Y127.447 E1335.85051
G1 X120.039 Y127.641 E1335.86907
G1 X119.659 Y127.852 E1335.8931
G1 X119.289 Y127.984 E1335.91483
G1 X118.942 Y128.073 E1335.93463
G1 X118.535 Y128.127 E1335.95734
G1 X118.203 Y128.141 E1335.97571
G1 X115.901 Y128.141 E1336.103
G1 X115.901 Y129.755 E1336.19225
G1 X129.321 Y129.755 E1336.9343
G1 X129.321 Y128.141 E1337.02355
G1 X127.001 Y128.136 E1337.15184
G1 X126.481 Y128.009 E1337.18143
G1 X126.008 Y127.747 E1337.21133
G1 X125.686 Y127.462 E1337.23511
G1 X125.349 Y127.077 E1337.2634
G1 X125.037 Y126.534 E1337.29803
G1 X124.733 Y125.865 E1337.33866
G1 X124.375 Y124.982 E1337.39135
G1 X124.036 Y124.059 E1337.44572
G1 X112.267 Y90.245 E1339.42548
G1 X107.526 Y90.245 E1339.68763
G1 X95.371 Y125.159 E1341.73185
G1 X95.271 Y125.412 E1341.74689
G1 X95.143 Y125.686 E1341.76361
G1 X94.904 Y126.116 E1341.79082
G1 X94.476 Y126.652 E1341.82874
G1 X94.127 Y127.015 E1341.85659
G1 X93.662 Y127.41 E1341.89033
G1 X93.137 Y127.686 E1341.92312
G1 X92.747 Y127.844 E1341.94639
G1 X92.156 Y128.027 E1341.9806
G1 X91.548 Y128.137 E1342.01477
G1 X90.679 Y128.14 E1342.06282
G1 X90.679 Y129.755 E1342.15212
G1 X108.184 Y129.755 E1343.12006
G1 X108.184 Y128.141 E1343.2093
G1 X105.972 Y128.138 E1343.33162
G1 X105.585 Y128.079 E1343.35326
G1 X105.07 Y127.954 E1343.38257
G1 X104.71 Y127.804 E1343.40413
G1 X104.429 Y127.642 E1343.42207
G1 X104.136 Y127.434 E1343.44193
G1 X103.83 Y127.154 E1343.46487
G1 X103.546 Y126.724 E1343.49336
G1 X103.405 Y126.317 E1343.51718
G1 X103.342 Y125.962 E1343.53712
G1 X103.306 Y125.412 E1343.5676
G1 X103.357 Y124.857 E1343.59841
G1 X103.435 Y124.387 E1343.62476
G1 X103.554 Y123.845 E1343.65544
G1 X103.673 Y123.39 E1343.68145
G1 X103.79 Y123.005 E1343.7037
G1 X109.707 Y105.174 E1344.74253
G1 X110.196 Y103.516 E1344.83811
G1 X110.389 Y102.782 E1344.88008
G1 X110.505 Y102.302 E1344.90738
G1 X111.004 Y100.018 E1345.03666
G1 X111.088 Y99.533 E1345.06387
G1 X111.2 Y98.755 E1345.10734
G1 X111.24 Y98.407 E1345.12671
G1 X111.403 Y98.06 E1345.14791
G0 F9000 X112.08 Y98.335
;TYPE:WALL-OUTER
G1 F3000 X112.164 Y98.445 E1345.15479
G1 X112.325 Y99.189 E1345.19268
G1 X112.446 Y99.684 E1345.21803
G1 X112.659 Y100.422 E1345.25626
G1 X112.95 Y101.527 E1345.31313
G1 X114.06 Y105.187 E1345.50346
G1 X120.001 Y122.595 E1346.41884
G1 X120.145 Y122.99 E1346.43976
G1 X120.312 Y123.492 E1346.46609
G1 X120.462 Y124.065 E1346.49557
G1 X120.662 Y125.024 E1346.54432
G1 X120.709 Y125.433 E1346.56481
G1 X120.689 Y125.802 E1346.5832
G1 X120.636 Y126.096 E1346.59806
G1 X120.535 Y126.39 E1346.61353
G1 X120.388 Y126.66 E1346.62883
G1 X120.209 Y126.89 E1346.64334
G1 X120.022 Y127.069 E1346.65622
G1 X119.741 Y127.268 E1346.67336
G1 X119.448 Y127.423 E1346.68985
G1 X119.188 Y127.518 E1346.70363
G1 X118.853 Y127.605 E1346.72085
G1 X118.515 Y127.652 E1346.73783
G1 X118.183 Y127.666 E1346.75437
G1 X115.426 Y127.666 E1346.89157
G1 X115.426 Y130.23 E1347.01917
G1 X129.796 Y130.23 E1347.7343
G1 X129.796 Y127.666 E1347.8619
G1 X127.06 Y127.661 E1347.99806
G1 X126.655 Y127.562 E1348.01881
G1 X126.268 Y127.343 E1348.04094
G1 X126.043 Y127.148 E1348.05576
G1 X125.727 Y126.782 E1348.07982
G1 X125.439 Y126.278 E1348.10871
G1 X125.173 Y125.686 E1348.14101
G1 X124.821 Y124.818 E1348.18762
G1 X124.485 Y123.903 E1348.23613
G1 X112.605 Y89.77 E1350.03472
G1 X107.188 Y89.77 E1350.3043
G1 X94.929 Y124.984 E1352.1599
G1 X94.823 Y125.251 E1352.17419
G1 X94.706 Y125.497 E1352.18775
G1 X94.498 Y125.863 E1352.2087
G1 X94.13 Y126.326 E1352.23813
G1 X93.82 Y126.653 E1352.26055
G1 X93.412 Y126.999 E1352.28718
G1 X92.956 Y127.247 E1352.31301
G1 X92.606 Y127.39 E1352.33182
G1 X92.015 Y127.573 E1352.36261
G1 X91.522 Y127.659 E1352.38752
G1 X90.204 Y127.666 E1352.45311
G1 X90.204 Y130.23 E1352.58071
G1 X108.659 Y130.23 E1353.49913
G1 X108.659 Y127.666 E1353.62673
G1 X105.999 Y127.661 E1353.75911
G1 X105.636 Y127.605 E1353.77738
G1 X105.204 Y127.496 E1353.79956
G1 X104.97 Y127.403 E1353.81209
G1 X104.714 Y127.261 E1353.82666
G1 X104.457 Y127.083 E1353.84222
G1 X104.194 Y126.843 E1353.85993
G1 X103.975 Y126.512 E1353.87969
G1 X103.864 Y126.182 E1353.89701
G1 X103.81 Y125.879 E1353.91233
G1 X103.783 Y125.399 E1353.93625
G1 X103.833 Y124.885 E1353.96195
G1 X103.906 Y124.456 E1353.98361
G1 X104.014 Y123.965 E1354.00863
G1 X104.128 Y123.527 E1354.03115
G1 X104.241 Y123.155 E1354.0505
G1 X110.161 Y105.316 E1354.98588
G1 X110.654 Y103.644 E1355.07262
G1 X110.959 Y102.45 E1355.13395
G1 X111.471 Y100.11 E1355.25316
G1 X111.55 Y99.654 E1355.27619
G1 X111.671 Y98.816 E1355.31833
G1 X111.715 Y98.433 E1355.33751
G1 X111.872 Y98.303 E1355.34766
G1 X112.08 Y98.335 E1355.35813
G0 F9000 X112.164 Y98.445
G0 X112.177 Y98.505
G0 X112.863 Y98.36
G0 X113.206 Y99.702
;TYPE:FILL
G1 F3600 X114.114 Y96.314 E1355.57923
G0 F9000 X115.159 Y99.316
G1 F3600 X113.242 Y99.83 E1355.70434
G0 F9000 X112.623 Y97.573
G0 X111.173 Y97.643
G0 X110.857 Y99.378
G1 F3600 X106.222 Y94.743 E1356.11754
G0 F9000 X106.948 Y92.665
G1 F3600 X112.341 Y91.22 E1356.46948
G0 F9000 X110.635 Y100.528
G1 F3600 X103.549 Y102.427 E1356.93192
G0 F9000 X103.878 Y101.481
G1 F3600 X96.369 Y129.504 E1358.7607
G0 F9000 X92.617 Y129.504
G1 F3600 X91.499 Y128.386 E1358.86037
G0 F9000 X93.237 Y127.821
G0 X93.756 Y127.546
G0 X94.621 Y126.736
G0 X95.04 Y126.206
G0 X95.436 Y125.394
G0 X96.752 Y121.952
G1 F3600 X104.569 Y119.857 E1359.37051
G0 F9000 X105.214 Y117.918
G1 F3600 X99.978 Y112.682 E1359.83729
G0 F9000 X100.151 Y112.189
G1 F3600 X107.793 Y110.141 E1360.33601
G0 F9000 X108.226 Y108.839
G1 F3600 X103.101 Y103.713 E1360.79293
G0 F9000 X111.173 Y97.643
G0 X112.623 Y97.573
G0 X114.01 Y102.531
G1 F3600 X117.49 Y106.01 E1361.10312
G0 F9000 X117.978 Y107.412
G1 F3600 X115.785 Y108 E1361.24624
G0 F9000 X119.115 Y110.682
G1 F3600 X118.054 Y114.644 E1361.50479
G0 F9000 X118.553 Y116.11
G1 F3600 X120.797 Y115.509 E1361.65123
G0 F9000 X120.137 Y120.749
G1 F3600 X123.959 Y124.571 E1361.99194
G0 F9000 X124.124 Y125.024
G1 F3600 X122.924 Y129.504 E1362.2843
G0 F9000 X127.774 Y128.387
G1 F3600 X128.891 Y129.503 E1362.38383
G0 F9000 X125.918 Y127.885
G0 X125.218 Y127.178
G0 X124.861 Y126.478
G0 X123.615 Y123.605
G1 F3600 X121.24 Y124.242 E1362.53884
G0 F9000 X121.352 Y125.437
G0 X121.255 Y126.26
G0 X120.94 Y126.991
G0 X120.414 Y127.575
G0 X119.743 Y127.991
G0 X119.316 Y128.126
G0 X116.151 Y128.855
G1 F3600 X116.799 Y129.503 E1362.5966
G1 F2400 E1360.5966
G0 F9000 X120.092 Y127.806
G0 X120.699 Y127.307
G0 X121.126 Y126.639
G0 X121.327 Y125.867
G0 X121.352 Y125.437
G0 X121.078 Y123.899
G0 X112.623 Y97.573
G0 X111.173 Y97.643
G0 X103.393 Y123.822
G0 X103.142 Y125.405
G0 X103.248 Y126.362
G0 X103.396 Y126.793
G0 X103.707 Y127.265
G0 X104.367 Y127.798
G0 X104.743 Y127.975
G0 X105.838 Y128.368
G1 F1200 E1362.5966
G1 F3600 X101.6 Y129.504 E1362.87318
G0 F9000 X104.709 Y129.504
G1 F3600 X96.856 Y121.652 E1363.57321
G0 F9000 X104.367 Y127.798
G0 X105.538 Y128.32
G1 F3600 X105.22 Y129.504 E1363.65049
G0 F9000 X105.22 Y129.13
G1 F2400 E1361.65049
;MESH:NONMESH
G0 F600 X105.22 Y129.13 Z11.76
G0 F9000 X103.707 Y127.265
G0 X103.396 Y126.793
G0 X103.172 Y125.943
G0 X103.142 Y125.405
G0 X103.393 Y123.822
G0 X111.054 Y98.07
G1 F1200 E1363.65049
G0 F9000 X111.35 Y98.104
;TIME_ELAPSED:864.941539
;LAYER:41
;TYPE:WALL-INNER
;MESH:felipe_mvm_v.stl
G1 F3900 X111.606 Y97.902 E1363.66852
G1 X111.951 Y97.823 E1363.68809
G1 X112.147 Y97.85 E1363.69903
G1 X112.356 Y97.95 E1363.71184
G1 X112.535 Y98.135 E1363.72608
G1 X112.613 Y98.292 E1363.73577
G1 X112.914 Y99.594 E1363.80966
G1 X113.119 Y100.306 E1363.85063
G1 X113.405 Y101.39 E1363.91262
G1 X114.511 Y105.039 E1364.12346
G1 X120.447 Y122.433 E1365.13972
G1 X120.599 Y122.846 E1365.16406
G1 X120.81 Y123.501 E1365.20211
G1 X120.916 Y123.917 E1365.22585
G1 X121.139 Y124.984 E1365.28612
G1 X121.188 Y125.442 E1365.31159
G1 X121.157 Y125.886 E1365.3362
G1 X121.097 Y126.212 E1365.35453
G1 X120.968 Y126.586 E1365.37641
G1 X120.801 Y126.903 E1365.39622
G1 X120.577 Y127.196 E1365.41661
G1 X120.313 Y127.447 E1365.43676
G1 X120.039 Y127.641 E1365.45532
G1 X119.659 Y127.852 E1365.47935
G1 X119.289 Y127.984 E1365.50108
G1 X118.942 Y128.073 E1365.52088
G1 X118.535 Y128.127 E1365.54359
G1 X118.203 Y128.141 E1365.56196
G1 X115.901 Y128.141 E1365.68925
G1 X115.901 Y129.755 E1365.7785
G1 X129.321 Y129.755 E1366.52055
G1 X129.321 Y128.141 E1366.6098
G1 X127.001 Y128.136 E1366.73808
G1 X126.481 Y128.009 E1366.76768
G1 X126.008 Y127.747 E1366.79758
G1 X125.686 Y127.462 E1366.82136
G1 X125.349 Y127.077 E1366.84965
G1 X125.037 Y126.534 E1366.88428
G1 X124.733 Y125.865 E1366.92491
G1 X124.375 Y124.982 E1366.9776
G1 X124.034 Y124.053 E1367.03232
G1 X112.267 Y90.245 E1369.01173
G1 X107.526 Y90.245 E1369.27388
G1 X95.371 Y125.159 E1371.3181
G1 X95.271 Y125.412 E1371.33314
G1 X95.143 Y125.686 E1371.34986
G1 X94.904 Y126.116 E1371.37707
G1 X94.476 Y126.652 E1371.41499
G1 X94.127 Y127.015 E1371.44284
G1 X93.662 Y127.41 E1371.47658
G1 X93.137 Y127.686 E1371.50937
G1 X92.747 Y127.844 E1371.53264
G1 X92.156 Y128.027 E1371.56685
G1 X91.548 Y128.137 E1371.60102
G1 X90.679 Y128.14 E1371.64907
G1 X90.679 Y129.755 E1371.73837
G1 X108.184 Y129.755 E1372.70631
G1 X108.184 Y128.141 E1372.79555
G1 X105.972 Y128.138 E1372.91787
G1 X105.585 Y128.079 E1372.93951
G1 X105.07 Y127.954 E1372.96882
G1 X104.71 Y127.804 E1372.99038
G1 X104.429 Y127.642 E1373.00832
G1 X104.136 Y127.434 E1373.02818
G1 X103.83 Y127.154 E1373.05112
G1 X103.546 Y126.724 E1373.07961
G1 X103.405 Y126.317 E1373.10343
G1 X103.342 Y125.962 E1373.12337
G1 X103.306 Y125.412 E1373.15385
G1 X103.357 Y124.857 E1373.18466
G1 X103.435 Y124.387 E1373.21101
G1 X103.554 Y123.845 E1373.24169
G1 X103.673 Y123.39 E1373.2677
G1 X103.79 Y123.005 E1373.28995
G1 X109.707 Y105.174 E1374.32878
G1 X110.197 Y103.512 E1374.42459
G1 X110.382 Y102.811 E1374.46468
G1 X110.505 Y102.303 E1374.49358
G1 X111.004 Y100.021 E1374.62275
G1 X111.126 Y99.294 E1374.66351
G1 X111.24 Y98.41 E1374.71279
G1 X111.35 Y98.104 E1374.73077
G0 F9000 X111.793 Y98.345
;TYPE:WALL-OUTER
G1 F3000 X111.872 Y98.305 E1374.73518
G1 X112.081 Y98.339 E1374.74572
G1 X112.164 Y98.448 E1374.75253
G1 X112.225 Y98.745 E1374.76762
G1 X112.446 Y99.685 E1374.81568
G1 X112.66 Y100.426 E1374.85406
G1 X112.95 Y101.527 E1374.91072
G1 X114.062 Y105.193 E1375.10137
G1 X119.987 Y122.559 E1376.01451
G1 X120.147 Y122.993 E1376.03753
G1 X120.346 Y123.606 E1376.06961
G1 X120.451 Y124.014 E1376.09057
G1 X120.67 Y125.068 E1376.14415
G1 X120.709 Y125.435 E1376.16251
G1 X120.689 Y125.802 E1376.1808
G1 X120.636 Y126.096 E1376.19567
G1 X120.535 Y126.39 E1376.21114
G1 X120.388 Y126.66 E1376.22644
G1 X120.209 Y126.89 E1376.24094
G1 X120.022 Y127.069 E1376.25383
G1 X119.741 Y127.268 E1376.27096
G1 X119.448 Y127.423 E1376.28746
G1 X119.188 Y127.518 E1376.30123
G1 X118.853 Y127.605 E1376.31846
G1 X118.515 Y127.652 E1376.33544
G1 X118.183 Y127.666 E1376.35198
G1 X115.426 Y127.666 E1376.48918
G1 X115.426 Y130.23 E1376.61678
G1 X129.796 Y130.23 E1377.33191
G1 X129.796 Y127.666 E1377.45951
G1 X127.06 Y127.661 E1377.59567
G1 X126.655 Y127.562 E1377.61642
G1 X126.268 Y127.343 E1377.63855
G1 X126.043 Y127.148 E1377.65336
G1 X125.727 Y126.782 E1377.67743
G1 X125.439 Y126.278 E1377.70631
G1 X125.173 Y125.686 E1377.73861
G1 X124.821 Y124.818 E1377.78523
G1 X124.483 Y123.896 E1377.8341
G1 X112.605 Y89.77 E1379.63232
G1 X107.188 Y89.77 E1379.9019
G1 X94.929 Y124.984 E1381.7575
G1 X94.823 Y125.251 E1381.7718
G1 X94.706 Y125.497 E1381.78535
G1 X94.498 Y125.863 E1381.8063
G1 X94.13 Y126.326 E1381.83574
G1 X93.82 Y126.653 E1381.85816
G1 X93.412 Y126.999 E1381.88478
G1 X92.956 Y127.247 E1381.91062
G1 X92.606 Y127.39 E1381.92943
G1 X92.015 Y127.573 E1381.96022
G1 X91.522 Y127.659 E1381.98513
G1 X90.204 Y127.666 E1382.05072
G1 X90.204 Y130.23 E1382.17832
G1 X108.659 Y130.23 E1383.09674
G1 X108.659 Y127.666 E1383.22434
G1 X105.999 Y127.661 E1383.35671
G1 X105.636 Y127.605 E1383.37499
G1 X105.204 Y127.496 E1383.39716
G1 X104.97 Y127.403 E1383.40969
G1 X104.714 Y127.261 E1383.42426
G1 X104.457 Y127.083 E1383.43982
G1 X104.194 Y126.843 E1383.45754
G1 X103.975 Y126.512 E1383.47729
G1 X103.864 Y126.182 E1383.49462
G1 X103.81 Y125.879 E1383.50993
G1 X103.783 Y125.399 E1383.53386
G1 X103.833 Y124.885 E1383.55956
G1 X103.906 Y124.456 E1383.58122
G1 X104.014 Y123.965 E1383.60624
G1 X104.128 Y123.527 E1383.62876
G1 X104.241 Y123.155 E1383.64811
G1 X110.161 Y105.316 E1384.58348
G1 X110.655 Y103.64 E1384.67044
G1 X110.85 Y102.893 E1384.70886
G1 X110.969 Y102.404 E1384.7339
G1 X111.47 Y100.111 E1384.85071
G1 X111.596 Y99.363 E1384.88846
G1 X111.709 Y98.486 E1384.93246
G1 X111.793 Y98.345 E1384.94063
G0 F9000 X111.872 Y98.305
G0 X111.982 Y98.323
G0 X111.949 Y97.536
G0 X111.172 Y97.639
G0 X110.893 Y99.134
;TYPE:FILL
G1 F3600 X106.295 Y94.536 E1385.35052
G0 F9000 X106.869 Y92.891
G1 F3600 X112.406 Y91.407 E1385.71188
G0 F9000 X113.998 Y95.981
G1 F3600 X113.104 Y99.317 E1385.92958
G0 F9000 X113.296 Y100.02
G1 F3600 X115.224 Y99.504 E1386.0554
G0 F9000 X113.89 Y102.131
G1 F3600 X117.34 Y105.58 E1386.36291
G0 F9000 X118.043 Y107.6
G1 F3600 X115.849 Y108.188 E1386.50609
G0 F9000 X118.999 Y110.35
G1 F3600 X117.939 Y114.309 E1386.76444
G0 F9000 X118.617 Y116.298
G1 F3600 X120.861 Y115.696 E1386.9109
G0 F9000 X119.991 Y120.323
G1 F3600 X123.797 Y124.129 E1387.25019
G0 F9000 X123.68 Y123.793
G1 F3600 X121.28 Y124.436 E1387.40681
G0 F9000 X124.006 Y124.702
G1 F3600 X122.719 Y129.504 E1387.72019
G0 F9000 X128.055 Y128.387
G1 F3600 X129.071 Y129.403 E1387.81077
G0 F9000 X117.079 Y129.503
G1 F3600 X116.151 Y128.575 E1387.8935
G1 F2400 E1385.8935
G0 F9000 X118.989 Y128.231
G0 X119.743 Y127.991
G0 X120.414 Y127.575
G0 X120.94 Y126.991
G0 X121.255 Y126.26
G0 X121.352 Y125.441
G0 X121.068 Y123.851
G0 X112.633 Y97.577
G0 X111.172 Y97.639
G0 X103.393 Y123.822
G0 X103.142 Y125.405
G0 X103.248 Y126.362
G0 X103.396 Y126.793
G0 X103.707 Y127.265
G0 X104.367 Y127.798
G0 X105.032 Y128.112
G0 X106.533 Y128.387
G1 F1200 E1387.8935
G1 F3600 X102.365 Y129.504 E1388.1655
G0 F9000 X104.989 Y129.504
G1 F3600 X96.928 Y121.444 E1388.88407
G0 F9000 X96.674 Y122.178
G1 F3600 X104.495 Y120.082 E1389.39447
G0 F9000 X105.284 Y117.708
G1 F3600 X100.051 Y112.475 E1389.86098
G1 X100.072 Y112.415
G1 X107.718 Y110.367 E1390.35994
G0 F9000 X108.296 Y108.628
G1 F3600 X103.173 Y103.505 E1390.81664
G0 F9000 X102.988 Y104.037
G1 F3600 X96.164 Y129.504 E1392.47862
G0 F9000 X92.897 Y129.504
G1 F3600 X91.749 Y128.356 E1392.58096
G0 F9000 X105.015 Y129.504
G1 F3600 X105.344 Y128.279 E1392.66092
G0 F9000 X104.367 Y127.798
G0 X103.707 Y127.265
G0 X103.396 Y126.793
G0 X103.172 Y125.943
G0 X103.471 Y102.653
G1 F3600 X110.588 Y100.746 E1393.12537
G0 F9000 X110.224 Y100.667
;MESH:NONMESH
G0 F600 X110.224 Y100.667 Z12.04
G0 F9000 X111.172 Y97.639
G0 X112.633 Y97.577
G0 X112.8 Y98.05
G0 X112.515 Y98.106
;TIME_ELAPSED:881.335836
;LAYER:42
;TYPE:WALL-INNER
;MESH:felipe_mvm_v.stl
G1 F3900 X112.612 Y98.292 E1393.13697
G1 X112.907 Y99.566 E1393.20928
G1 X113.239 Y100.741 E1393.2768
G1 X113.396 Y101.355 E1393.31184
G1 X114.511 Y105.038 E1393.52462
G1 X120.449 Y122.437 E1394.54118
G1 X120.555 Y122.717 E1394.55774
G1 X120.745 Y123.281 E1394.59065
G1 X120.824 Y123.552 E1394.60625
G1 X120.912 Y123.905 E1394.62637
G1 X121.138 Y124.987 E1394.68749
G1 X121.189 Y125.413 E1394.71121
G1 X121.157 Y125.886 E1394.73743
G1 X121.097 Y126.212 E1394.75576
G1 X120.968 Y126.586 E1394.77763
G1 X120.801 Y126.903 E1394.79745
G1 X120.577 Y127.196 E1394.81784
G1 X120.313 Y127.447 E1394.83798
G1 X120.039 Y127.641 E1394.85655
G1 X119.659 Y127.852 E1394.88058
G1 X119.289 Y127.984 E1394.9023
G1 X118.942 Y128.073 E1394.92211
G1 X118.535 Y128.127 E1394.94481
G1 X118.203 Y128.141 E1394.96319
G1 X115.901 Y128.141 E1395.09048
G1 X115.901 Y129.755 E1395.17972
G1 X129.321 Y129.755 E1395.92178
G1 X129.321 Y128.141 E1396.01103
G1 X127.001 Y128.136 E1396.13931
G1 X126.481 Y128.009 E1396.16891
G1 X126.008 Y127.747 E1396.19881
G1 X125.686 Y127.462 E1396.22259
G1 X125.349 Y127.077 E1396.25088
G1 X125.037 Y126.534 E1396.28551
G1 X124.733 Y125.865 E1396.32614
G1 X124.375 Y124.982 E1396.37883
G1 X124.032 Y124.048 E1396.43384
G1 X112.267 Y90.245 E1398.41295
G1 X107.526 Y90.245 E1398.67511
G1 X95.371 Y125.159 E1400.71933
G1 X95.271 Y125.412 E1400.73437
G1 X95.143 Y125.686 E1400.75109
G1 X94.904 Y126.116 E1400.77829
G1 X94.476 Y126.652 E1400.81622
G1 X94.127 Y127.015 E1400.84407
G1 X93.662 Y127.41 E1400.8778
G1 X93.137 Y127.686 E1400.9106
G1 X92.747 Y127.844 E1400.93387
G1 X92.156 Y128.027 E1400.96808
G1 X91.548 Y128.137 E1401.00224
G1 X90.679 Y128.14 E1401.05029
G1 X90.679 Y128.946 E1401.09486
G1 X90.679 Y129.755 E1401.1396
G1 X108.184 Y129.755 E1402.10753
G1 X108.184 Y128.141 E1402.19678
G1 X105.972 Y128.138 E1402.31909
G1 X105.585 Y128.079 E1402.34074
G1 X105.07 Y127.954 E1402.37004
G1 X104.71 Y127.804 E1402.39161
G1 X104.429 Y127.642 E1402.40954
G1 X104.136 Y127.434 E1402.42941
G1 X103.83 Y127.154 E1402.45235
G1 X103.546 Y126.724 E1402.48084
G1 X103.405 Y126.317 E1402.50466
G1 X103.342 Y125.962 E1402.52459
G1 X103.306 Y125.412 E1402.55507
G1 X103.357 Y124.857 E1402.58589
G1 X103.435 Y124.387 E1402.61223
G1 X103.554 Y123.845 E1402.64292
G1 X103.673 Y123.39 E1402.66892
G1 X103.79 Y123.005 E1402.69117
G1 X109.708 Y105.172 E1403.73013
G1 X109.967 Y104.313 E1403.77974
G1 X110.207 Y103.474 E1403.82799
G1 X110.382 Y102.81 E1403.86596
G1 X110.507 Y102.294 E1403.89532
G1 X111.004 Y100.019 E1404.02408
G1 X111.089 Y99.526 E1404.05174
G1 X111.201 Y98.746 E1404.09532
G1 X111.24 Y98.412 E1404.11391
G1 X111.323 Y98.178 E1404.12764
G1 X111.5 Y97.973 E1404.14262
G1 X111.716 Y97.859 E1404.15612
G1 X112.077 Y97.833 E1404.17613
G1 X112.306 Y97.919 E1404.18966
G1 X112.515 Y98.106 E1404.20517
G0 F9000 X112.065 Y98.329
;TYPE:WALL-OUTER
G1 F3000 X112.163 Y98.448 E1404.21284
G1 X112.447 Y99.684 E1404.27595
G1 X112.779 Y100.859 E1404.33672
G1 X112.938 Y101.483 E1404.36876
G1 X114.062 Y105.192 E1404.56163
G1 X119.994 Y122.576 E1405.47574
G1 X120.105 Y122.869 E1405.49133
G1 X120.289 Y123.414 E1405.51995
G1 X120.363 Y123.668 E1405.53312
G1 X120.447 Y124.002 E1405.55026
G1 X120.672 Y125.085 E1405.60531
G1 X120.709 Y125.404 E1405.62129
G1 X120.689 Y125.802 E1405.64112
G1 X120.636 Y126.096 E1405.65599
G1 X120.535 Y126.39 E1405.67146
G1 X120.388 Y126.66 E1405.68676
G1 X120.209 Y126.89 E1405.70126
G1 X120.022 Y127.069 E1405.71414
G1 X119.741 Y127.268 E1405.73128
G1 X119.448 Y127.423 E1405.74777
G1 X119.188 Y127.518 E1405.76155
G1 X118.853 Y127.605 E1405.77877
G1 X118.515 Y127.652 E1405.79576
G1 X118.183 Y127.666 E1405.81229
G1 X115.426 Y127.666 E1405.9495
G1 X115.426 Y130.23 E1406.0771
G1 X129.796 Y130.23 E1406.79223
G1 X129.796 Y127.666 E1406.91982
G1 X127.06 Y127.661 E1407.05598
G1 X126.655 Y127.562 E1407.07673
G1 X126.268 Y127.343 E1407.09886
G1 X126.043 Y127.148 E1407.11368
G1 X125.727 Y126.782 E1407.13774
G1 X125.439 Y126.278 E1407.16663
G1 X125.173 Y125.686 E1407.19893
G1 X124.821 Y124.818 E1407.24554
G1 X124.481 Y123.892 E1407.29463
G1 X112.605 Y89.77 E1409.09264
G1 X107.188 Y89.77 E1409.36222
G1 X94.929 Y124.984 E1411.21782
G1 X94.823 Y125.251 E1411.23211
G1 X94.706 Y125.497 E1411.24567
G1 X94.498 Y125.863 E1411.26662
G1 X94.13 Y126.326 E1411.29605
G1 X93.82 Y126.653 E1411.31848
G1 X93.412 Y126.999 E1411.3451
G1 X92.956 Y127.247 E1411.37093
G1 X92.606 Y127.39 E1411.38975
G1 X92.015 Y127.573 E1411.42054
G1 X91.522 Y127.659 E1411.44544
G1 X90.204 Y127.666 E1411.51103
G1 X90.204 Y128.946 E1411.57473
G1 X90.204 Y130.23 E1411.63863
G1 X108.659 Y130.23 E1412.55705
G1 X108.659 Y127.666 E1412.68465
G1 X105.999 Y127.661 E1412.81703
G1 X105.636 Y127.605 E1412.83531
G1 X105.204 Y127.496 E1412.85748
G1 X104.97 Y127.403 E1412.87001
G1 X104.714 Y127.261 E1412.88458
G1 X104.457 Y127.083 E1412.90014
G1 X104.194 Y126.843 E1412.91786
G1 X103.975 Y126.512 E1412.93761
G1 X103.864 Y126.182 E1412.95493
G1 X103.81 Y125.879 E1412.97025
G1 X103.783 Y125.399 E1412.99418
G1 X103.833 Y124.885 E1413.01988
G1 X103.906 Y124.456 E1413.04153
G1 X104.014 Y123.965 E1413.06655
G1 X104.128 Y123.527 E1413.08908
G1 X104.241 Y123.155 E1413.10842
G1 X110.161 Y105.316 E1414.0438
G1 X110.417 Y104.468 E1414.08788
G1 X110.656 Y103.637 E1414.13091
G1 X110.961 Y102.441 E1414.19234
G1 X111.471 Y100.11 E1414.31108
G1 X111.559 Y99.594 E1414.33713
G1 X111.672 Y98.808 E1414.37665
G1 X111.715 Y98.438 E1414.39519
G1 X111.862 Y98.31 E1414.40489
G1 X112.065 Y98.329 E1414.41503
G0 F9000 X112.163 Y98.448
G0 X112.173 Y98.492
G0 X113.01 Y98.904
;TYPE:FILL
G1 F3600 X113.882 Y95.649 E1414.62745
G0 F9000 X115.29 Y99.691
G1 F3600 X113.348 Y100.212 E1414.7542
G0 F9000 X113.768 Y101.729
G1 F3600 X117.191 Y105.152 E1415.05935
G0 F9000 X118.108 Y107.788
G1 F3600 X115.914 Y108.375 E1415.20251
G0 F9000 X118.884 Y110.017
G1 F3600 X117.824 Y113.971 E1415.46056
G0 F9000 X118.681 Y116.486
G1 F3600 X120.926 Y115.884 E1415.60708
G0 F9000 X119.846 Y119.898
G1 F3600 X123.648 Y123.701 E1415.94606
G0 F9000 X123.745 Y123.98
G1 F3600 X121.319 Y124.63 E1416.10438
G0 F9000 X123.887 Y124.38
G1 F3600 X122.514 Y129.504 E1416.43877
G0 F9000 X117.359 Y129.503
G1 F3600 X116.246 Y128.39 E1416.53799
G1 F2400 E1414.53799
G0 F9000 X118.989 Y128.231
G0 X119.743 Y127.991
G0 X120.414 Y127.575
G0 X120.94 Y126.991
G0 X121.255 Y126.26
G0 X121.352 Y125.405
G0 X120.978 Y123.498
G0 X112.633 Y97.577
G0 X111.173 Y97.638
G0 X103.393 Y123.822
G0 X103.142 Y125.405
G0 X103.248 Y126.362
G0 X103.396 Y126.793
G0 X103.707 Y127.265
G0 X104.367 Y127.798
G0 X105.032 Y128.112
G0 X105.788 Y128.265
G0 X107.295 Y128.388
G1 F1200 E1416.53799
G1 F3600 X103.129 Y129.504 E1416.80986
G0 F9000 X104.811 Y129.504
G1 F3600 X105.152 Y128.231 E1416.89293
G0 F9000 X105.269 Y129.504
G1 F3600 X97 Y121.236 E1417.63004
G0 F9000 X96.594 Y122.404
G1 F3600 X104.419 Y120.307 E1418.14071
G0 F9000 X105.354 Y117.498
G1 F3600 X100.123 Y112.267 E1418.60703
G0 F9000 X99.994 Y112.641
G1 F3600 X107.645 Y110.591 E1419.10633
G0 F9000 X108.366 Y108.419
G1 F3600 X103.245 Y103.297 E1419.5629
G0 F9000 X103.392 Y102.879
G1 F3600 X110.541 Y100.964 E1420.02943
G0 F9000 X110.927 Y98.888
G1 F3600 X106.367 Y94.328 E1420.43594
G0 F9000 X106.791 Y93.117
G1 F3600 X112.471 Y91.595 E1420.80662
G0 F9000 X102.098 Y106.594
G1 F3600 X95.959 Y129.504 E1422.30173
G0 F9000 X93.177 Y129.504
G1 F3600 X91.988 Y128.315 E1422.40773
G1 F2400 E1420.40773
G0 F9000 X103.393 Y123.822
G0 X111.173 Y97.638
G0 X112.633 Y97.577
G0 X121.068 Y123.854
G0 X121.352 Y125.405
G0 X121.255 Y126.26
G0 X120.94 Y126.991
G0 X120.414 Y127.575
G0 X128.336 Y128.388
G1 F1200 E1422.40773
G1 F3600 X129.071 Y129.123 E1422.47325
G0 F9000 X128.696 Y129.123
G1 F2400 E1420.47325
;MESH:NONMESH
G0 F600 X128.696 Y129.123 Z12.32
G0 F9000 X126.42 Y128.163
G0 X125.918 Y127.885
G0 X125.218 Y127.178
G0 X124.587 Y125.941
G0 X112.633 Y97.577
G0 X111.173 Y97.638
G0 X111.053 Y98.073
G1 F1200 E1422.47325
G0 F9000 X111.348 Y98.107
;TIME_ELAPSED:899.245242
;LAYER:43
;TYPE:WALL-INNER
;MESH:felipe_mvm_v.stl
G1 F3900 X111.606 Y97.903 E1422.49144
G1 X111.872 Y97.826 E1422.50675
G1 X112.077 Y97.833 E1422.51809
G1 X112.306 Y97.919 E1422.53162
G1 X112.514 Y98.106 E1422.54708
G1 X112.612 Y98.291 E1422.55866
G1 X112.907 Y99.566 E1422.63102
G1 X113.239 Y100.741 E1422.69854
G1 X113.403 Y101.381 E1422.73507
G1 X114.509 Y105.033 E1422.94606
G1 X120.445 Y122.429 E1423.96243
G1 X120.734 Y123.247 E1424.01041
G1 X120.843 Y123.619 E1424.03184
G1 X121.131 Y124.945 E1424.10687
G1 X121.189 Y125.416 E1424.13311
G1 X121.157 Y125.886 E1424.15916
G1 X121.097 Y126.212 E1424.17749
G1 X120.968 Y126.586 E1424.19937
G1 X120.801 Y126.903 E1424.21918
G1 X120.577 Y127.196 E1424.23957
G1 X120.313 Y127.447 E1424.25971
G1 X120.039 Y127.641 E1424.27828
G1 X119.659 Y127.852 E1424.30231
G1 X119.289 Y127.984 E1424.32403
G1 X118.942 Y128.073 E1424.34384
G1 X118.535 Y128.127 E1424.36654
G1 X118.203 Y128.141 E1424.38492
G1 X115.901 Y128.141 E1424.51221
G1 X115.901 Y129.755 E1424.60145
G1 X129.321 Y129.755 E1425.34351
G1 X129.321 Y128.141 E1425.43276
G1 X127.001 Y128.136 E1425.56104
G1 X126.481 Y128.009 E1425.59064
G1 X126.008 Y127.747 E1425.62054
G1 X125.686 Y127.462 E1425.64432
G1 X125.349 Y127.077 E1425.67261
G1 X125.037 Y126.534 E1425.70724
G1 X124.733 Y125.865 E1425.74787
G1 X124.375 Y124.982 E1425.80056
G1 X124.03 Y124.042 E1425.85592
G1 X112.267 Y90.245 E1427.83469
G1 X107.526 Y90.245 E1428.09684
G1 X95.371 Y125.159 E1430.14106
G1 X95.271 Y125.412 E1430.1561
G1 X95.143 Y125.686 E1430.17282
G1 X94.904 Y126.116 E1430.20003
G1 X94.476 Y126.652 E1430.23795
G1 X94.127 Y127.015 E1430.2658
G1 X93.662 Y127.41 E1430.29953
G1 X93.137 Y127.686 E1430.33233
G1 X92.747 Y127.844 E1430.3556
G1 X92.156 Y128.027 E1430.38981
G1 X91.548 Y128.137 E1430.42397
G1 X90.679 Y128.14 E1430.47203
G1 X90.679 Y129.755 E1430.56133
G1 X108.184 Y129.755 E1431.52927
G1 X108.184 Y128.141 E1431.61851
G1 X105.972 Y128.138 E1431.74082
G1 X105.585 Y128.079 E1431.76247
G1 X105.07 Y127.954 E1431.79177
G1 X104.71 Y127.804 E1431.81334
G1 X104.429 Y127.642 E1431.83127
G1 X104.136 Y127.434 E1431.85114
G1 X103.83 Y127.154 E1431.87408
G1 X103.546 Y126.724 E1431.90257
G1 X103.405 Y126.317 E1431.92639
G1 X103.342 Y125.962 E1431.94633
G1 X103.306 Y125.412 E1431.9768
G1 X103.357 Y124.857 E1432.00762
G1 X103.435 Y124.387 E1432.03397
G1 X103.554 Y123.845 E1432.06465
G1 X103.673 Y123.39 E1432.09065
G1 X103.79 Y123.005 E1432.1129
G1 X109.707 Y105.173 E1433.15179
G1 X110.129 Y103.753 E1433.2337
G1 X110.306 Y103.106 E1433.27079
G1 X110.5 Y102.329 E1433.31508
G1 X111.004 Y100.019 E1433.44581
G1 X111.083 Y99.565 E1433.47129
G1 X111.18 Y98.906 E1433.50813
G1 X111.24 Y98.411 E1433.5357
G1 X111.348 Y98.107 E1433.55354
G0 F9000 X112.065 Y98.328
;TYPE:WALL-OUTER
G1 F3000 X112.163 Y98.447 E1433.56121
G1 X112.447 Y99.684 E1433.62437
G1 X112.779 Y100.859 E1433.68513
G1 X112.948 Y101.518 E1433.71899
G1 X114.06 Y105.186 E1433.90973
G1 X119.997 Y122.586 E1434.82467
G1 X120.289 Y123.415 E1434.86841
G1 X120.387 Y123.752 E1434.88588
G1 X120.665 Y125.042 E1434.95155
G1 X120.709 Y125.403 E1434.96965
G1 X120.689 Y125.802 E1434.98953
G1 X120.636 Y126.096 E1435.00439
G1 X120.535 Y126.39 E1435.01987
G1 X120.388 Y126.66 E1435.03516
G1 X120.209 Y126.89 E1435.04967
G1 X120.022 Y127.069 E1435.06255
G1 X119.741 Y127.268 E1435.07969
G1 X119.448 Y127.423 E1435.09618
G1 X119.188 Y127.518 E1435.10996
G1 X118.853 Y127.605 E1435.12718
G1 X118.515 Y127.652 E1435.14416
G1 X118.183 Y127.666 E1435.1607
G1 X115.426 Y127.666 E1435.29791
G1 X115.426 Y130.23 E1435.4255
G1 X129.796 Y130.23 E1436.14063
G1 X129.796 Y127.666 E1436.26823
G1 X127.06 Y127.661 E1436.40439
G1 X126.655 Y127.562 E1436.42514
G1 X126.268 Y127.343 E1436.44727
G1 X126.043 Y127.148 E1436.46209
G1 X125.727 Y126.782 E1436.48615
G1 X125.439 Y126.278 E1436.51504
G1 X125.173 Y125.686 E1436.54734
G1 X124.821 Y124.818 E1436.59395
G1 X124.479 Y123.885 E1436.6434
G1 X112.605 Y89.77 E1438.44105
G1 X107.188 Y89.77 E1438.71063
G1 X94.929 Y124.984 E1440.56623
G1 X94.823 Y125.251 E1440.58052
G1 X94.706 Y125.497 E1440.59408
G1 X94.498 Y125.863 E1440.61503
G1 X94.13 Y126.326 E1440.64446
G1 X93.82 Y126.653 E1440.66688
G1 X93.412 Y126.999 E1440.69351
G1 X92.956 Y127.247 E1440.71934
G1 X92.606 Y127.39 E1440.73815
G1 X92.015 Y127.573 E1440.76894
G1 X91.522 Y127.659 E1440.79385
G1 X90.204 Y127.666 E1440.85944
G1 X90.204 Y130.23 E1440.98704
G1 X108.659 Y130.23 E1441.90546
G1 X108.659 Y127.666 E1442.03306
G1 X105.999 Y127.661 E1442.16544
G1 X105.636 Y127.605 E1442.18371
G1 X105.204 Y127.496 E1442.20589
G1 X104.97 Y127.403 E1442.21842
G1 X104.714 Y127.261 E1442.23299
G1 X104.457 Y127.083 E1442.24854
G1 X104.194 Y126.843 E1442.26626
G1 X103.975 Y126.512 E1442.28602
G1 X103.864 Y126.182 E1442.30334
G1 X103.81 Y125.879 E1442.31866
G1 X103.783 Y125.399 E1442.34258
G1 X103.833 Y124.885 E1442.36828
G1 X103.906 Y124.456 E1442.38994
G1 X104.014 Y123.965 E1442.41496
G1 X104.128 Y123.527 E1442.43748
G1 X104.241 Y123.155 E1442.45683
G1 X110.161 Y105.316 E1443.3922
G1 X110.576 Y103.92 E1443.46468
G1 X110.766 Y103.227 E1443.50044
G1 X110.962 Y102.437 E1443.54095
G1 X111.471 Y100.11 E1443.65949
G1 X111.552 Y99.641 E1443.68318
G1 X111.657 Y98.921 E1443.71939
G1 X111.715 Y98.436 E1443.7437
G1 X111.862 Y98.31 E1443.75333
G1 X112.065 Y98.328 E1443.76347
G0 F9000 X112.163 Y98.447
G0 X112.173 Y98.491
G0 X112.914 Y98.496
;TYPE:FILL
G1 F3600 X113.766 Y95.316 E1443.971
G0 F9000 X112.536 Y91.782
G1 F3600 X106.712 Y93.343 E1444.35108
G0 F9000 X106.44 Y94.12
G1 F3600 X110.96 Y98.641 E1444.75407
G0 F9000 X110.492 Y101.182
G1 F3600 X103.314 Y103.105 E1445.2225
G1 X103.318 Y103.09
G1 X108.436 Y108.208 E1445.67875
G0 F9000 X107.569 Y110.816
G1 F3600 X99.914 Y112.868 E1446.17833
G0 F9000 X100.195 Y112.059
G1 F3600 X105.423 Y117.287 E1446.64439
G0 F9000 X104.345 Y120.532
G1 F3600 X96.515 Y122.63 E1447.15537
G0 F9000 X97.073 Y121.029
G1 F3600 X105.549 Y129.504 E1447.91094
G0 F9000 X104.606 Y129.504
G1 F3600 X104.961 Y128.179 E1447.99741
G0 F9000 X103.894 Y129.504
G1 F3600 X107.932 Y128.422 E1448.26093
G1 F2400 E1446.26093
G0 F9000 X105.522 Y128.235
G0 X104.687 Y127.978
G0 X104.07 Y127.593
G0 X103.707 Y127.265
G0 X103.396 Y126.793
G0 X103.172 Y125.943
G0 X103.142 Y125.405
G0 X103.393 Y123.822
G0 X111.176 Y97.636
G0 X112.634 Y97.579
G0 X121.069 Y123.858
G0 X121.352 Y125.403
G0 X121.255 Y126.26
G0 X120.94 Y126.991
G0 X120.414 Y127.575
G0 X119.743 Y127.991
G0 X118.989 Y128.231
G0 X116.526 Y128.39
G1 F1200 E1448.26093
G1 F3600 X117.639 Y129.503 E1448.36015
G0 F9000 X122.309 Y129.504
G1 F3600 X123.769 Y124.054 E1448.71581
G1 X123.809 Y124.168
G1 X121.361 Y124.824 E1448.87556
G0 F9000 X123.496 Y123.268
G1 F3600 X119.701 Y119.473 E1449.21388
G0 F9000 X118.745 Y116.673
G1 F3600 X120.991 Y116.072 E1449.36044
G0 F9000 X117.709 Y113.635
G1 F3600 X118.768 Y109.685 E1449.61822
G0 F9000 X118.173 Y107.975
G1 F3600 X115.977 Y108.564 E1449.76154
G0 F9000 X117.04 Y104.721
G1 F3600 X113.648 Y101.329 E1450.06393
G0 F9000 X113.402 Y100.402
G1 F3600 X115.355 Y99.879 E1450.19138
G0 F9000 X112.634 Y97.579
G0 X111.176 Y97.636
G0 X101.208 Y109.15
G1 F3600 X95.754 Y129.504 E1451.51968
G0 F9000 X93.457 Y129.504
G1 F3600 X92.222 Y128.269 E1451.62978
G1 F2400 E1449.62978
G0 F9000 X103.63 Y122.964
G0 X111.176 Y97.636
G0 X112.634 Y97.579
G0 X121.069 Y123.858
G0 X121.352 Y125.403
G0 X121.255 Y126.26
G0 X120.94 Y126.991
G0 X120.414 Y127.575
G0 X120.035 Y127.81
G0 X128.617 Y128.389
G1 F1200 E1451.62978
G1 F3600 X129.071 Y128.843 E1451.67025
G0 F9000 X128.696 Y128.843
G1 F2400 E1449.67025
;MESH:NONMESH
G0 F600 X128.696 Y128.843 Z12.6
G0 F9000 X126.42 Y128.163
G0 X125.918 Y127.885
G0 X125.218 Y127.178
G0 X124.708 Y126.177
G0 X112.8 Y98.047
G1 F1200 E1451.67025
G0 F9000 X112.513 Y98.103
;TIME_ELAPSED:917.074615
;LAYER:44
;TYPE:WALL-INNER
;MESH:felipe_mvm_v.stl
G1 F3900 X112.611 Y98.289 E1451.68188
G1 X112.901 Y99.539 E1451.75283
G1 X113.239 Y100.741 E1451.82187
G1 X113.396 Y101.355 E1451.85692
G1 X114.512 Y105.039 E1452.06976
G1 X120.449 Y122.434 E1453.0861
G1 X120.557 Y122.725 E1453.10326
G1 X120.736 Y123.252 E1453.13404
G1 X120.883 Y123.766 E1453.1636
G1 X121.132 Y124.946 E1453.23028
G1 X121.189 Y125.418 E1453.25657
G1 X121.157 Y125.886 E1453.28251
G1 X121.097 Y126.212 E1453.30084
G1 X120.968 Y126.586 E1453.32272
G1 X120.801 Y126.903 E1453.34253
G1 X120.577 Y127.196 E1453.36292
G1 X120.313 Y127.447 E1453.38307
G1 X120.039 Y127.641 E1453.40163
G1 X119.659 Y127.852 E1453.42566
G1 X119.289 Y127.984 E1453.44739
G1 X118.942 Y128.073 E1453.46719
G1 X118.535 Y128.127 E1453.4899
G1 X118.203 Y128.141 E1453.50827
G1 X115.901 Y128.141 E1453.63556
G1 X115.901 Y129.755 E1453.72481
G1 X129.321 Y129.755 E1454.46686
G1 X129.321 Y128.141 E1454.55611
G1 X127.001 Y128.136 E1454.68439
G1 X126.481 Y128.009 E1454.71399
G1 X126.008 Y127.747 E1454.74389
G1 X125.686 Y127.462 E1454.76767
G1 X125.349 Y127.077 E1454.79596
G1 X125.037 Y126.534 E1454.83059
G1 X124.733 Y125.865 E1454.87122
G1 X124.375 Y124.982 E1454.92391
G1 X124.028 Y124.037 E1454.97957
G1 X112.267 Y90.245 E1456.95804
G1 X107.526 Y90.245 E1457.22019
G1 X95.371 Y125.159 E1459.26441
G1 X95.271 Y125.412 E1459.27945
G1 X95.143 Y125.686 E1459.29617
G1 X94.904 Y126.116 E1459.32338
G1 X94.476 Y126.652 E1459.3613
G1 X94.127 Y127.015 E1459.38915
G1 X93.662 Y127.41 E1459.42289
G1 X93.137 Y127.686 E1459.45568
G1 X92.665 Y127.876 E1459.48382
G1 X92.072 Y128.043 E1459.51788
G1 X91.55 Y128.137 E1459.54721
G1 X90.679 Y128.14 E1459.59537
G1 X90.679 Y129.755 E1459.68467
G1 X108.184 Y129.755 E1460.65261
G1 X108.184 Y128.141 E1460.74186
G1 X105.972 Y128.138 E1460.86417
G1 X105.585 Y128.079 E1460.88582
G1 X105.07 Y127.954 E1460.91512
G1 X104.71 Y127.804 E1460.93669
G1 X104.429 Y127.642 E1460.95462
G1 X104.136 Y127.434 E1460.97449
G1 X103.83 Y127.154 E1460.99743
G1 X103.546 Y126.724 E1461.02592
G1 X103.405 Y126.317 E1461.04974
G1 X103.342 Y125.962 E1461.06967
G1 X103.306 Y125.412 E1461.10015
G1 X103.357 Y124.857 E1461.13097
G1 X103.435 Y124.387 E1461.15731
G1 X103.553 Y123.848 E1461.18782
G1 X103.671 Y123.39 E1461.21398
G1 X103.788 Y123.005 E1461.23622
G1 X109.702 Y105.186 E1462.27438
G1 X110.13 Y103.746 E1462.35744
G1 X110.316 Y103.065 E1462.39648
G1 X110.5 Y102.323 E1462.43875
G1 X111.004 Y100.023 E1462.56895
G1 X111.128 Y99.282 E1462.61049
G1 X111.239 Y98.409 E1462.65915
G1 X111.325 Y98.17 E1462.6732
G1 X111.5 Y97.969 E1462.68793
G1 X111.715 Y97.856 E1462.70136
G1 X112.076 Y97.83 E1462.72138
G1 X112.305 Y97.916 E1462.7349
G1 X112.513 Y98.103 E1462.75037
G0 F9000 X111.826 Y98.322
;TYPE:WALL-OUTER
G1 F3000 X111.99 Y98.298 E1462.75862
G1 X112.064 Y98.326 E1462.76255
G1 X112.162 Y98.445 E1462.77023
G1 X112.457 Y99.72 E1462.83535
G1 X112.779 Y100.859 E1462.89426
G1 X112.938 Y101.483 E1462.9263
G1 X114.053 Y105.163 E1463.11766
G1 X120.004 Y122.599 E1464.03452
G1 X120.107 Y122.878 E1464.04932
G1 X120.289 Y123.415 E1464.07754
G1 X120.418 Y123.864 E1464.10079
G1 X120.665 Y125.043 E1464.16073
G1 X120.709 Y125.404 E1464.17883
G1 X120.689 Y125.802 E1464.19866
G1 X120.636 Y126.096 E1464.21353
G1 X120.535 Y126.39 E1464.229
G1 X120.388 Y126.66 E1464.2443
G1 X120.209 Y126.89 E1464.2588
G1 X120.022 Y127.069 E1464.27169
G1 X119.741 Y127.268 E1464.28882
G1 X119.448 Y127.423 E1464.30532
G1 X119.188 Y127.518 E1464.31909
G1 X118.853 Y127.605 E1464.33632
G1 X118.515 Y127.652 E1464.3533
G1 X118.183 Y127.666 E1464.36984
G1 X115.426 Y127.666 E1464.50704
G1 X115.426 Y130.23 E1464.63464
G1 X129.796 Y130.23 E1465.34977
G1 X129.796 Y127.666 E1465.47737
G1 X127.06 Y127.661 E1465.61353
G1 X126.655 Y127.562 E1465.63428
G1 X126.268 Y127.343 E1465.6564
G1 X126.043 Y127.148 E1465.67122
G1 X125.727 Y126.782 E1465.69529
G1 X125.439 Y126.278 E1465.72417
G1 X125.173 Y125.686 E1465.75647
G1 X124.821 Y124.818 E1465.80308
G1 X124.477 Y123.88 E1465.8528
G1 X112.605 Y89.77 E1467.65018
G1 X107.188 Y89.77 E1467.91976
G1 X94.929 Y124.984 E1469.77536
G1 X94.823 Y125.251 E1469.78966
G1 X94.706 Y125.497 E1469.80321
G1 X94.498 Y125.863 E1469.82416
G1 X94.13 Y126.326 E1469.8536
G1 X93.82 Y126.653 E1469.87602
G1 X93.412 Y126.999 E1469.90264
G1 X92.956 Y127.247 E1469.92847
G1 X92.561 Y127.41 E1469.94974
G1 X91.921 Y127.59 E1469.98283
G1 X91.523 Y127.659 E1470.00293
G1 X90.204 Y127.666 E1470.06857
G1 X90.204 Y130.23 E1470.19617
G1 X108.659 Y130.23 E1471.11459
G1 X108.659 Y127.666 E1471.24219
G1 X105.999 Y127.661 E1471.37457
G1 X105.636 Y127.605 E1471.39284
G1 X105.204 Y127.496 E1471.41502
G1 X104.97 Y127.403 E1471.42755
G1 X104.714 Y127.261 E1471.44212
G1 X104.457 Y127.083 E1471.45767
G1 X104.194 Y126.843 E1471.47539
G1 X103.975 Y126.512 E1471.49514
G1 X103.864 Y126.182 E1471.51247
G1 X103.81 Y125.879 E1471.52779
G1 X103.783 Y125.399 E1471.55171
G1 X103.833 Y124.885 E1471.57741
G1 X103.906 Y124.455 E1471.59912
G1 X104.014 Y123.966 E1471.62404
G1 X104.126 Y123.527 E1471.64659
G1 X104.239 Y123.155 E1471.66593
G1 X110.155 Y105.329 E1472.60063
G1 X110.577 Y103.914 E1472.67412
G1 X110.766 Y103.225 E1472.70967
G1 X110.962 Y102.431 E1472.75037
G1 X111.47 Y100.113 E1472.86846
G1 X111.598 Y99.352 E1472.90687
G1 X111.718 Y98.447 E1472.9523
G1 X111.826 Y98.322 E1472.96052
G0 F9000 X111.99 Y98.298
G0 X112.022 Y98.31
G0 X112.808 Y98.129
;TYPE:FILL
G1 F3600 X113.651 Y94.983 E1473.16583
G0 F9000 X112.602 Y91.97
G1 F3600 X106.634 Y93.569 E1473.5553
G0 F9000 X106.512 Y93.912
G1 F3600 X110.99 Y98.391 E1473.95454
G0 F9000 X110.444 Y101.399
G1 F3600 X103.234 Y103.331 E1474.42507
G0 F9000 X103.39 Y102.882
G1 F3600 X108.504 Y107.997 E1474.88101
G0 F9000 X107.493 Y111.042
G1 F3600 X99.836 Y113.093 E1475.38069
G0 F9000 X100.267 Y111.851
G1 F3600 X105.492 Y117.076 E1475.84648
G0 F9000 X104.269 Y120.757
G1 F3600 X96.437 Y122.856 E1476.35761
G0 F9000 X97.145 Y120.821
G1 F3600 X103.636 Y127.311 E1476.93621
G1 X103.656 Y127.331
G1 X105.829 Y129.504 E1477.12993
G0 F9000 X104.659 Y129.504
G1 F3600 X107.933 Y128.627 E1477.34359
G0 F9000 X104.775 Y128.106
G1 F3600 X104.401 Y129.504 E1477.43481
G0 F9000 X95.549 Y129.504
G1 F3600 X100.318 Y111.706 E1478.59631
G1 F2400 E1476.59631
G0 F9000 X111.184 Y97.633
G0 X112.634 Y97.582
G0 X116.043 Y108.751
G1 F1200 E1478.59631
G1 F3600 X118.239 Y108.162 E1478.73963
G0 F9000 X118.652 Y109.35
G1 F3600 X117.595 Y113.297 E1478.9972
G0 F9000 X118.81 Y116.861
G1 F3600 X121.059 Y116.259 E1479.14396
G0 F9000 X119.557 Y119.049
G1 F3600 X123.351 Y122.843 E1479.48218
G0 F9000 X123.654 Y123.718
G1 F3600 X122.104 Y129.505 E1479.85983
G0 F9000 X117.919 Y129.503
G1 F3600 X116.806 Y128.39 E1479.95905
G0 F9000 X118.989 Y128.231
G0 X119.743 Y127.991
G0 X120.414 Y127.575
G0 X120.94 Y126.991
G0 X121.255 Y126.26
G0 X121.393 Y125.021
G1 F3600 X123.879 Y124.354 E1480.1213
G0 F9000 X124.875 Y126.579
G0 X125.218 Y127.178
G0 X125.918 Y127.885
G0 X126.42 Y128.163
G0 X126.879 Y128.273
G0 X128.897 Y128.39
G1 F3600 X129.071 Y128.563 E1480.13677
G0 F9000 X126.988 Y128.3
G0 X126.42 Y128.163
G0 X125.918 Y127.885
G0 X125.218 Y127.178
G0 X124.587 Y125.941
G0 X124.184 Y124.896
G0 X116.892 Y104.293
G1 F3600 X113.55 Y100.951 E1480.4347
G0 F9000 X113.456 Y100.592
G1 F3600 X115.42 Y100.066 E1480.56286
G1 F2400 E1478.56286
G0 F9000 X112.634 Y97.582
G0 X111.184 Y97.633
G0 X95.04 Y126.206
G0 X94.268 Y127.109
G0 X93.854 Y127.462
G0 X92.433 Y128.2
G1 F1200 E1480.56286
G1 F3600 X93.737 Y129.504 E1480.67911
G0 F9000 X93.737 Y129.13
G1 F2400 E1478.67911
;MESH:NONMESH
G0 F600 X93.737 Y129.13 Z12.88
G0 F9000 X111.058 Y98.07
G1 F1200 E1480.67911
G0 F9000 X111.348 Y98.107
;TIME_ELAPSED:934.038512
;LAYER:45
;TYPE:WALL-INNER
;MESH:felipe_mvm_v.stl
G1 F3900 X111.606 Y97.903 E1480.6973
G1 X111.872 Y97.826 E1480.71261
G1 X112.077 Y97.833 E1480.72395
G1 X112.306 Y97.919 E1480.73748
G1 X112.514 Y98.106 E1480.75295
G1 X112.612 Y98.291 E1480.76452
G1 X112.907 Y99.564 E1480.83678
G1 X113.126 Y100.323 E1480.88046
G1 X113.395 Y101.354 E1480.93938
G1 X114.509 Y105.033 E1481.15193
G1 X120.445 Y122.429 E1482.1683
G1 X120.734 Y123.247 E1482.21627
G1 X120.88 Y123.754 E1482.24544
G1 X121.131 Y124.948 E1482.31291
G1 X121.188 Y125.417 E1482.33903
G1 X121.157 Y125.886 E1482.36502
G1 X121.097 Y126.212 E1482.38335
G1 X120.968 Y126.586 E1482.40523
G1 X120.801 Y126.903 E1482.42504
G1 X120.577 Y127.196 E1482.44543
G1 X120.313 Y127.447 E1482.46558
G1 X120.039 Y127.641 E1482.48414
G1 X119.659 Y127.852 E1482.50817
G1 X119.289 Y127.984 E1482.5299
G1 X118.942 Y128.073 E1482.5497
G1 X118.535 Y128.127 E1482.57241
G1 X118.203 Y128.141 E1482.59078
G1 X115.901 Y128.141 E1482.71807
G1 X115.901 Y129.755 E1482.80732
G1 X129.321 Y129.755 E1483.54937
G1 X129.321 Y128.141 E1483.63862
G1 X127.001 Y128.136 E1483.76691
G1 X126.481 Y128.009 E1483.7965
G1 X126.008 Y127.747 E1483.8264
G1 X125.686 Y127.462 E1483.85018
G1 X125.349 Y127.077 E1483.87847
G1 X125.037 Y126.534 E1483.9131
G1 X124.733 Y125.865 E1483.95373
G1 X124.375 Y124.982 E1484.00642
G1 X124.026 Y124.031 E1484.06243
G1 X112.267 Y90.245 E1486.04055
G1 X107.526 Y90.245 E1486.3027
G1 X95.371 Y125.159 E1488.34692
G1 X95.271 Y125.412 E1488.36196
G1 X95.143 Y125.686 E1488.37868
G1 X94.904 Y126.116 E1488.40589
G1 X94.476 Y126.652 E1488.44381
G1 X94.127 Y127.015 E1488.47166
G1 X93.662 Y127.41 E1488.5054
G1 X93.137 Y127.686 E1488.53819
G1 X92.747 Y127.844 E1488.56146
G1 X92.156 Y128.027 E1488.59567
G1 X91.548 Y128.137 E1488.62984
G1 X90.679 Y128.14 E1488.67789
G1 X90.679 Y129.755 E1488.76719
G1 X108.184 Y129.755 E1489.73513
G1 X108.184 Y128.141 E1489.82437
G1 X105.972 Y128.138 E1489.94669
G1 X105.585 Y128.079 E1489.96833
G1 X105.07 Y127.954 E1489.99764
G1 X104.71 Y127.804 E1490.0192
G1 X104.429 Y127.642 E1490.03714
G1 X104.136 Y127.434 E1490.057
G1 X103.83 Y127.154 E1490.07994
G1 X103.546 Y126.724 E1490.10843
G1 X103.405 Y126.317 E1490.13225
G1 X103.342 Y125.962 E1490.15219
G1 X103.306 Y125.412 E1490.18267
G1 X103.357 Y124.857 E1490.21348
G1 X103.435 Y124.387 E1490.23983
G1 X103.554 Y123.845 E1490.27051
G1 X103.673 Y123.39 E1490.29652
G1 X103.79 Y123.005 E1490.31877
G1 X109.707 Y105.173 E1491.35765
G1 X110.121 Y103.781 E1491.43795
G1 X110.306 Y103.106 E1491.47665
G1 X110.502 Y102.32 E1491.52145
G1 X111.004 Y100.019 E1491.65167
G1 X111.09 Y99.518 E1491.67978
G1 X111.18 Y98.906 E1491.71399
G1 X111.24 Y98.411 E1491.74156
G1 X111.348 Y98.107 E1491.7594
G0 F9000 X112.065 Y98.328
;TYPE:WALL-OUTER
G1 F3000 X112.163 Y98.447 E1491.76707
G1 X112.447 Y99.685 E1491.83028
G1 X112.666 Y100.443 E1491.86954
G1 X112.938 Y101.483 E1491.92304
G1 X114.06 Y105.186 E1492.1156
G1 X119.997 Y122.586 E1493.03053
G1 X120.289 Y123.415 E1493.07427
G1 X120.415 Y123.852 E1493.09691
G1 X120.665 Y125.045 E1493.15757
G1 X120.709 Y125.405 E1493.17562
G1 X120.689 Y125.802 E1493.1954
G1 X120.636 Y126.096 E1493.21026
G1 X120.535 Y126.39 E1493.22573
G1 X120.388 Y126.66 E1493.24103
G1 X120.209 Y126.89 E1493.25554
G1 X120.022 Y127.069 E1493.26842
G1 X119.741 Y127.268 E1493.28556
G1 X119.448 Y127.423 E1493.30205
G1 X119.188 Y127.518 E1493.31583
G1 X118.853 Y127.605 E1493.33305
G1 X118.515 Y127.652 E1493.35003
G1 X118.183 Y127.666 E1493.36657
G1 X115.426 Y127.666 E1493.50377
G1 X115.426 Y130.23 E1493.63137
G1 X129.796 Y130.23 E1494.3465
G1 X129.796 Y127.666 E1494.4741
G1 X127.06 Y127.661 E1494.61026
G1 X126.655 Y127.562 E1494.63101
G1 X126.268 Y127.343 E1494.65314
G1 X126.043 Y127.148 E1494.66796
G1 X125.727 Y126.782 E1494.69202
G1 X125.439 Y126.278 E1494.72091
G1 X125.173 Y125.686 E1494.75321
G1 X124.821 Y124.818 E1494.79982
G1 X124.475 Y123.874 E1494.84985
G1 X112.605 Y89.77 E1496.64692
G1 X107.188 Y89.77 E1496.9165
G1 X94.929 Y124.984 E1498.7721
G1 X94.823 Y125.251 E1498.78639
G1 X94.706 Y125.497 E1498.79995
G1 X94.498 Y125.863 E1498.8209
G1 X94.13 Y126.326 E1498.85033
G1 X93.82 Y126.653 E1498.87275
G1 X93.412 Y126.999 E1498.89938
G1 X92.956 Y127.247 E1498.92521
G1 X92.606 Y127.39 E1498.94402
G1 X92.015 Y127.573 E1498.97481
G1 X91.522 Y127.659 E1498.99972
G1 X90.204 Y127.666 E1499.06531
G1 X90.204 Y130.23 E1499.19291
G1 X108.659 Y130.23 E1500.11133
G1 X108.659 Y127.666 E1500.23893
G1 X105.999 Y127.661 E1500.37131
G1 X105.636 Y127.605 E1500.38958
G1 X105.204 Y127.496 E1500.41176
G1 X104.97 Y127.403 E1500.42429
G1 X104.714 Y127.261 E1500.43886
G1 X104.457 Y127.083 E1500.45441
G1 X104.194 Y126.843 E1500.47213
G1 X103.975 Y126.512 E1500.49188
G1 X103.864 Y126.182 E1500.50921
G1 X103.81 Y125.879 E1500.52453
G1 X103.783 Y125.399 E1500.54845
G1 X103.833 Y124.885 E1500.57415
G1 X103.906 Y124.456 E1500.59581
G1 X104.014 Y123.965 E1500.62083
G1 X104.128 Y123.527 E1500.64335
G1 X104.241 Y123.155 E1500.6627
G1 X110.161 Y105.316 E1501.59807
G1 X110.578 Y103.912 E1501.67096
G1 X110.766 Y103.227 E1501.70631
G1 X110.964 Y102.428 E1501.74728
G1 X111.471 Y100.11 E1501.86536
G1 X111.56 Y99.588 E1501.89171
G1 X111.657 Y98.921 E1501.92526
G1 X111.716 Y98.428 E1501.94997
G1 X111.862 Y98.309 E1501.95934
G1 X112.065 Y98.328 E1501.96949
G0 F9000 X112.163 Y98.447
G0 X112.173 Y98.491
G0 X112.662 Y97.909
;TYPE:FILL
G1 F3600 X113.535 Y94.651 E1502.1821
G0 F9000 X112.667 Y92.157
G1 F3600 X106.554 Y93.795 E1502.58104
G1 X106.585 Y93.705
G1 X111.051 Y98.171 E1502.97917
G0 F9000 X111.043 Y98.17
G0 X111.176 Y97.636
G0 X112.634 Y97.579
G0 X113.446 Y100.567
G1 F3600 X116.741 Y103.862 E1503.27291
G0 F9000 X115.485 Y100.254
G1 F3600 X113.504 Y100.784 E1503.40217
G0 F9000 X112.634 Y97.579
G0 X111.176 Y97.636
G0 X110.398 Y101.617
G1 F3600 X103.156 Y103.557 E1503.87478
G0 F9000 X103.462 Y102.674
G1 F3600 X108.575 Y107.787 E1504.33058
G0 F9000 X107.42 Y111.266
G1 F3600 X99.757 Y113.32 E1504.83068
G0 F9000 X99.428 Y114.263
G1 F3600 X95.344 Y129.504 E1505.82531
G0 F9000 X94.017 Y129.504
G1 F3600 X92.647 Y128.134 E1505.94744
G0 F9000 X93.756 Y127.546
G0 X94.621 Y126.736
G0 X95.04 Y126.206
G0 X95.317 Y125.638
G0 X96.358 Y123.082
G1 F3600 X104.195 Y120.982 E1506.45889
G0 F9000 X105.563 Y116.867
G1 F3600 X100.34 Y111.644 E1506.9245
G0 F9000 X97.217 Y120.613
G1 F3600 X103.257 Y126.652 E1507.4629
G0 F9000 X103.621 Y127.147
G0 X104.592 Y128.023
G1 F3600 X104.196 Y129.504 E1507.55954
G0 F9000 X105.424 Y129.504
G1 F3600 X107.933 Y128.832 E1507.72327
G0 F9000 X106.109 Y129.504
G1 F3600 X104.666 Y128.061 E1507.85191
G1 F2400 E1505.85191
G0 F9000 X103.707 Y127.265
G0 X103.396 Y126.793
G0 X103.172 Y125.943
G0 X103.142 Y125.405
G0 X103.393 Y123.822
G0 X111.176 Y97.636
G0 X112.634 Y97.579
G0 X121.07 Y123.863
G0 X121.352 Y125.405
G0 X121.255 Y126.26
G0 X120.94 Y126.991
G0 X120.414 Y127.575
G0 X119.743 Y127.991
G0 X119.065 Y128.207
G0 X117.086 Y128.39
G1 F1200 E1507.85191
G1 F3600 X118.199 Y129.503 E1507.95113
G0 F9000 X121.899 Y129.505
G1 F3600 X123.537 Y123.389 E1508.35025
G0 F9000 X123.197 Y122.41
G1 F3600 X119.41 Y118.622 E1508.68789
G0 F9000 X118.873 Y117.049
G1 F3600 X121.121 Y116.447 E1508.83459
G0 F9000 X117.48 Y112.963
G1 F3600 X118.536 Y109.02 E1509.0919
G0 F9000 X118.303 Y108.35
G1 F3600 X116.105 Y108.939 E1509.23534
G0 F9000 X121.07 Y123.863
G0 X121.416 Y125.219
G1 F3600 X123.948 Y124.541 E1509.40057
G0 F9000 X123.595 Y124.668
G1 F2400 E1507.40057
;MESH:NONMESH
G0 F600 X123.595 Y124.668 Z13.16
G0 F9000 X112.634 Y97.579
G0 X111.176 Y97.636
G0 X111.056 Y98.061
G1 F1200 E1509.40057
G0 F9000 X111.351 Y98.096
;TIME_ELAPSED:950.614396
;LAYER:46
;TYPE:WALL-INNER
;MESH:felipe_mvm_v.stl
G1 F3900 X111.606 Y97.897 E1509.41846
G1 X111.951 Y97.817 E1509.43804
G1 X112.148 Y97.844 E1509.44904
G1 X112.356 Y97.944 E1509.4618
G1 X112.536 Y98.128 E1509.47603
G1 X112.614 Y98.286 E1509.48578
G1 X112.904 Y99.551 E1509.55754
G1 X113.126 Y100.326 E1509.60212
G1 X113.405 Y101.39 E1509.66294
G1 X113.941 Y103.147 E1509.76451
G1 X114.253 Y104.2 E1509.82524
G1 X114.51 Y105.034 E1509.8735
G1 X120.447 Y122.428 E1510.88978
G1 X120.764 Y123.336 E1510.94296
G1 X120.918 Y123.925 E1510.97662
G1 X121.139 Y124.984 E1511.03644
G1 X121.189 Y125.421 E1511.06076
G1 X121.157 Y125.886 E1511.08654
G1 X121.097 Y126.212 E1511.10486
G1 X120.968 Y126.586 E1511.12674
G1 X120.801 Y126.903 E1511.14655
G1 X120.577 Y127.196 E1511.16695
G1 X120.313 Y127.447 E1511.18709
G1 X120.039 Y127.641 E1511.20565
G1 X119.659 Y127.852 E1511.22969
G1 X119.289 Y127.984 E1511.25141
G1 X118.942 Y128.073 E1511.27122
G1 X118.535 Y128.127 E1511.29392
G1 X118.203 Y128.141 E1511.31229
G1 X115.901 Y128.141 E1511.43958
G1 X115.901 Y129.755 E1511.52883
G1 X129.321 Y129.755 E1512.27089
G1 X129.321 Y128.141 E1512.36013
G1 X127.001 Y128.136 E1512.48842
G1 X126.481 Y128.009 E1512.51802
G1 X126.008 Y127.747 E1512.54792
G1 X125.686 Y127.462 E1512.57169
G1 X125.349 Y127.077 E1512.59999
G1 X125.037 Y126.534 E1512.63461
G1 X124.733 Y125.865 E1512.67525
G1 X124.375 Y124.981 E1512.72798
G1 X124.024 Y124.025 E1512.7843
G1 X112.267 Y90.245 E1514.76206
G1 X107.526 Y90.245 E1515.02421
G1 X95.371 Y125.159 E1517.06843
G1 X95.271 Y125.412 E1517.08347
G1 X95.143 Y125.686 E1517.1002
G1 X94.904 Y126.116 E1517.1274
G1 X94.476 Y126.652 E1517.16533
G1 X94.127 Y127.015 E1517.19317
G1 X93.662 Y127.41 E1517.22691
G1 X93.137 Y127.686 E1517.2597
G1 X92.665 Y127.876 E1517.28784
G1 X92.072 Y128.043 E1517.3219
G1 X91.55 Y128.137 E1517.35123
G1 X90.679 Y128.14 E1517.3994
G1 X90.679 Y129.755 E1517.4887
G1 X108.184 Y129.755 E1518.45664
G1 X108.184 Y128.141 E1518.54588
G1 X105.972 Y128.138 E1518.66819
G1 X105.585 Y128.079 E1518.68984
G1 X105.07 Y127.954 E1518.71914
G1 X104.71 Y127.804 E1518.74071
G1 X104.429 Y127.642 E1518.75864
G1 X104.136 Y127.434 E1518.77851
G1 X103.83 Y127.154 E1518.80145
G1 X103.546 Y126.724 E1518.82994
G1 X103.405 Y126.317 E1518.85376
G1 X103.342 Y125.962 E1518.8737
G1 X103.306 Y125.412 E1518.90417
G1 X103.357 Y124.857 E1518.93499
G1 X103.435 Y124.387 E1518.96134
G1 X103.553 Y123.848 E1518.99185
G1 X103.671 Y123.39 E1519.018
G1 X103.788 Y123.005 E1519.04025
G1 X109.701 Y105.186 E1520.07838
G1 X110.15 Y103.678 E1520.16538
G1 X110.315 Y103.068 E1520.20033
G1 X110.502 Y102.314 E1520.24328
G1 X111.004 Y100.023 E1520.37297
G1 X111.129 Y99.274 E1520.41496
G1 X111.24 Y98.404 E1520.46345
G1 X111.351 Y98.096 E1520.48156
G0 F9000 X111.827 Y98.317
;TYPE:WALL-OUTER
G1 F3000 X111.951 Y98.292 E1520.48785
G1 X112.082 Y98.332 E1520.49467
G1 X112.164 Y98.442 E1520.50149
G1 X112.235 Y98.782 E1520.51878
G1 X112.444 Y99.671 E1520.56423
G1 X112.666 Y100.447 E1520.60439
G1 X112.941 Y101.495 E1520.65831
G1 X114.061 Y105.187 E1520.85032
G1 X119.998 Y122.584 E1521.76511
G1 X120.316 Y123.493 E1521.81304
G1 X120.453 Y124.022 E1521.84023
G1 X120.67 Y125.068 E1521.8934
G1 X120.709 Y125.408 E1521.91043
G1 X120.689 Y125.802 E1521.93006
G1 X120.636 Y126.096 E1521.94493
G1 X120.535 Y126.39 E1521.9604
G1 X120.388 Y126.66 E1521.9757
G1 X120.209 Y126.89 E1521.9902
G1 X120.022 Y127.069 E1522.00308
G1 X119.741 Y127.268 E1522.02022
G1 X119.448 Y127.423 E1522.03671
G1 X119.188 Y127.518 E1522.05049
G1 X118.853 Y127.605 E1522.06771
G1 X118.515 Y127.652 E1522.0847
G1 X118.183 Y127.666 E1522.10123
G1 X115.426 Y127.666 E1522.23844
G1 X115.426 Y130.23 E1522.36604
G1 X129.796 Y130.23 E1523.08117
G1 X129.796 Y127.666 E1523.20876
G1 X127.06 Y127.661 E1523.34492
G1 X126.655 Y127.562 E1523.36567
G1 X126.268 Y127.343 E1523.3878
G1 X126.043 Y127.148 E1523.40262
G1 X125.727 Y126.782 E1523.42668
G1 X125.439 Y126.278 E1523.45557
G1 X125.173 Y125.686 E1523.48787
G1 X124.821 Y124.818 E1523.53448
G1 X124.473 Y123.868 E1523.58483
G1 X112.605 Y89.77 E1525.38158
G1 X107.188 Y89.77 E1525.65116
G1 X94.929 Y124.984 E1527.50676
G1 X94.823 Y125.251 E1527.52105
G1 X94.706 Y125.497 E1527.53461
G1 X94.498 Y125.863 E1527.55556
G1 X94.13 Y126.326 E1527.58499
G1 X93.82 Y126.653 E1527.60742
G1 X93.412 Y126.999 E1527.63404
G1 X92.956 Y127.247 E1527.65987
G1 X92.561 Y127.41 E1527.68114
G1 X91.921 Y127.59 E1527.71422
G1 X91.523 Y127.659 E1527.73432
G1 X90.204 Y127.666 E1527.79997
G1 X90.204 Y130.23 E1527.92756
G1 X108.659 Y130.23 E1528.84599
G1 X108.659 Y127.666 E1528.97359
G1 X105.999 Y127.661 E1529.10596
G1 X105.636 Y127.605 E1529.12424
G1 X105.204 Y127.496 E1529.14641
G1 X104.97 Y127.403 E1529.15894
G1 X104.714 Y127.261 E1529.17351
G1 X104.457 Y127.083 E1529.18907
G1 X104.194 Y126.843 E1529.20679
G1 X103.975 Y126.512 E1529.22654
G1 X103.864 Y126.182 E1529.24387
G1 X103.81 Y125.879 E1529.25918
G1 X103.783 Y125.399 E1529.28311
G1 X103.833 Y124.885 E1529.30881
G1 X103.906 Y124.455 E1529.33051
G1 X104.014 Y123.966 E1529.35544
G1 X104.126 Y123.527 E1529.37798
G1 X104.239 Y123.155 E1529.39733
G1 X110.155 Y105.329 E1530.33203
G1 X110.607 Y103.808 E1530.41099
G1 X110.766 Y103.225 E1530.44107
G1 X110.975 Y102.373 E1530.48472
G1 X111.47 Y100.113 E1530.59986
G1 X111.599 Y99.344 E1530.63866
G1 X111.719 Y98.442 E1530.68395
G1 X111.827 Y98.317 E1530.69217
G0 F9000 X111.951 Y98.292
G0 X112.022 Y98.313
G0 X112.502 Y97.74
;TYPE:FILL
G1 F3600 X113.419 Y94.317 E1530.91555
G0 F9000 X112.732 Y92.345
G1 F3600 X106.476 Y94.021 E1531.32381
G0 F9000 X106.657 Y93.497
G1 F3600 X111.156 Y97.997 E1531.72493
G0 F9000 X111.068 Y97.986
G0 X111.184 Y97.633
G0 X112.634 Y97.582
G0 X113.344 Y100.185
G1 F3600 X116.592 Y103.432 E1532.01443
G0 F9000 X115.55 Y100.441
G1 F3600 X113.554 Y100.976 E1532.14469
G0 F9000 X112.634 Y97.582
G0 X111.184 Y97.633
G0 X110.349 Y101.835
G1 F3600 X103.077 Y103.783 E1532.61926
G0 F9000 X103.534 Y102.466
G1 F3600 X108.644 Y107.577 E1533.07484
G0 F9000 X107.343 Y111.492
G1 F3600 X99.678 Y113.546 E1533.57506
G0 F9000 X100.412 Y111.436
G1 F3600 X105.631 Y116.655 E1534.04032
G0 F9000 X104.119 Y121.207
G1 F3600 X96.28 Y123.308 E1534.5519
G0 F9000 X97.29 Y120.405
G1 F3600 X103.141 Y126.256 E1535.0735
G0 F9000 X103.396 Y126.793
G0 X103.647 Y127.174
G0 X104.414 Y127.924
G1 F3600 X103.991 Y129.504 E1535.1766
G0 F9000 X105.105 Y128.22
G1 F3600 X106.389 Y129.504 E1535.29107
G1 X106.189 Y129.504
G1 X107.933 Y129.037 E1535.40487
G1 F2400 E1533.40487
G0 F9000 X104.687 Y127.978
G0 X104.07 Y127.593
G0 X103.707 Y127.265
G0 X103.396 Y126.793
G0 X103.172 Y125.943
G0 X103.142 Y125.405
G0 X103.393 Y123.822
G0 X111.184 Y97.633
G0 X112.634 Y97.582
G0 X121.07 Y123.859
G0 X121.352 Y125.41
G0 X121.255 Y126.26
G0 X120.94 Y126.991
G0 X120.414 Y127.575
G0 X119.743 Y127.991
G0 X119.065 Y128.207
G0 X117.366 Y128.39
G1 F1200 E1535.40487
G1 F3600 X118.479 Y129.503 E1535.50409
G0 F9000 X121.694 Y129.505
G1 F3600 X123.421 Y123.057 E1535.92488
G0 F9000 X123.048 Y121.98
G1 F3600 X119.274 Y118.206 E1536.26132
G0 F9000 X118.941 Y117.236
G1 F3600 X121.186 Y116.634 E1536.40783
G0 F9000 X117.366 Y112.621
G1 F3600 X118.42 Y108.687 E1536.66457
G1 X118.369 Y108.538
G1 X116.172 Y109.126 E1536.80793
G0 F9000 X121.07 Y123.859
G0 X121.439 Y125.418
G1 F3600 X124.015 Y124.728 E1536.97604
G1 F2400 E1534.97604
G0 F9000 X112.634 Y97.582
G0 X111.184 Y97.633
G0 X98.538 Y116.82
G1 F1200 E1536.97604
G1 F3600 X95.139 Y129.505 E1537.80386
G0 F9000 X94.297 Y129.504
G1 F3600 X92.859 Y128.066 E1537.93205
G0 F9000 X93.004 Y128.417
G1 F2400 E1535.93205
;MESH:NONMESH
G0 F600 X93.004 Y128.417 Z13.44
G0 F9000 X94.621 Y126.736
G0 X94.96 Y126.307
G0 X111.058 Y98.07
G1 F1200 E1537.93205
G0 F9000 X111.348 Y98.107
;TIME_ELAPSED:967.917302
;LAYER:47
;TYPE:WALL-INNER
;MESH:felipe_mvm_v.stl
G1 F3900 X111.606 Y97.903 E1537.95024
G1 X111.872 Y97.826 E1537.96555
G1 X112.077 Y97.833 E1537.97689
G1 X112.306 Y97.919 E1537.99042
G1 X112.515 Y98.106 E1538.00593
G1 X112.612 Y98.291 E1538.01748
G1 X112.907 Y99.564 E1538.08973
G1 X113.128 Y100.331 E1538.13387
G1 X113.402 Y101.376 E1538.19361
G1 X114.511 Y105.038 E1538.40518
G1 X120.445 Y122.429 E1539.42125
G1 X120.734 Y123.247 E1539.46922
G1 X120.845 Y123.626 E1539.49106
G1 X121.133 Y124.949 E1539.56593
G1 X121.192 Y125.384 E1539.5902
G1 X121.157 Y125.886 E1539.61803
G1 X121.097 Y126.212 E1539.63636
G1 X120.968 Y126.586 E1539.65823
G1 X120.801 Y126.903 E1539.67804
G1 X120.577 Y127.196 E1539.69844
G1 X120.313 Y127.447 E1539.71858
G1 X120.039 Y127.641 E1539.73715
G1 X119.659 Y127.852 E1539.76118
G1 X119.289 Y127.984 E1539.7829
G1 X118.942 Y128.073 E1539.80271
G1 X118.535 Y128.127 E1539.82541
G1 X118.203 Y128.141 E1539.84379
G1 X115.901 Y128.141 E1539.97108
G1 X115.901 Y129.755 E1540.06032
G1 X129.321 Y129.755 E1540.80238
G1 X129.321 Y128.141 E1540.89163
G1 X127.001 Y128.136 E1541.01991
G1 X126.481 Y128.009 E1541.04951
G1 X126.008 Y127.747 E1541.07941
G1 X125.686 Y127.462 E1541.10319
G1 X125.349 Y127.077 E1541.13148
G1 X125.037 Y126.534 E1541.16611
G1 X124.733 Y125.865 E1541.20674
G1 X124.375 Y124.982 E1541.25942
G1 X124.022 Y124.02 E1541.31609
G1 X112.267 Y90.245 E1543.29355
G1 X107.526 Y90.245 E1543.55571
G1 X95.371 Y125.159 E1545.59992
G1 X95.271 Y125.412 E1545.61497
G1 X95.143 Y125.686 E1545.63169
G1 X94.904 Y126.116 E1545.65889
G1 X94.476 Y126.652 E1545.69682
G1 X94.127 Y127.015 E1545.72466
G1 X93.662 Y127.41 E1545.7584
G1 X93.137 Y127.686 E1545.7912
G1 X92.665 Y127.876 E1545.81933
G1 X92.072 Y128.043 E1545.8534
G1 X91.55 Y128.137 E1545.88273
G1 X90.679 Y128.14 E1545.93089
G1 X90.679 Y129.755 E1546.02019
G1 X108.184 Y129.755 E1546.98813
G1 X108.184 Y128.141 E1547.07737
G1 X105.972 Y128.138 E1547.19969
G1 X105.585 Y128.079 E1547.22133
G1 X105.07 Y127.954 E1547.25064
G1 X104.71 Y127.804 E1547.2722
G1 X104.429 Y127.642 E1547.29014
G1 X104.136 Y127.434 E1547.31001
G1 X103.83 Y127.154 E1547.33294
G1 X103.546 Y126.724 E1547.36144
G1 X103.405 Y126.317 E1547.38525
G1 X103.342 Y125.962 E1547.40519
G1 X103.306 Y125.412 E1547.43567
G1 X103.357 Y124.857 E1547.46648
G1 X103.435 Y124.387 E1547.49283
G1 X103.554 Y123.845 E1547.52351
G1 X103.673 Y123.39 E1547.54952
G1 X103.79 Y123.005 E1547.57177
G1 X109.707 Y105.174 E1548.6106
G1 X110.204 Y103.489 E1548.70774
G1 X110.382 Y102.811 E1548.7465
G1 X110.512 Y102.273 E1548.77711
G1 X111.004 Y100.019 E1548.90468
G1 X111.085 Y99.55 E1548.93099
G1 X111.18 Y98.905 E1548.96704
G1 X111.24 Y98.411 E1548.99456
G1 X111.348 Y98.107 E1549.0124
G0 F9000 X112.065 Y98.328
;TYPE:WALL-OUTER
G1 F3000 X112.163 Y98.447 E1549.02007
G1 X112.447 Y99.685 E1549.08328
G1 X112.668 Y100.452 E1549.123
G1 X112.947 Y101.513 E1549.1776
G1 X114.062 Y105.192 E1549.36891
G1 X119.997 Y122.586 E1550.28353
G1 X120.289 Y123.415 E1550.32727
G1 X120.389 Y123.759 E1550.3451
G1 X120.664 Y125.033 E1550.40996
G1 X120.713 Y125.423 E1550.42952
G1 X120.689 Y125.802 E1550.44842
G1 X120.636 Y126.096 E1550.46329
G1 X120.535 Y126.39 E1550.47876
G1 X120.388 Y126.66 E1550.49406
G1 X120.209 Y126.89 E1550.50856
G1 X120.022 Y127.069 E1550.52145
G1 X119.741 Y127.268 E1550.53858
G1 X119.448 Y127.423 E1550.55508
G1 X119.188 Y127.518 E1550.56885
G1 X118.853 Y127.605 E1550.58608
G1 X118.515 Y127.652 E1550.60306
G1 X118.183 Y127.666 E1550.6196
G1 X115.426 Y127.666 E1550.7568
G1 X115.426 Y130.23 E1550.8844
G1 X129.796 Y130.23 E1551.59953
G1 X129.796 Y127.666 E1551.72713
G1 X127.06 Y127.661 E1551.86329
G1 X126.655 Y127.562 E1551.88403
G1 X126.268 Y127.343 E1551.90616
G1 X126.043 Y127.148 E1551.92098
G1 X125.727 Y126.782 E1551.94504
G1 X125.439 Y126.278 E1551.97393
G1 X125.173 Y125.686 E1552.00623
G1 X124.821 Y124.818 E1552.05284
G1 X124.471 Y123.863 E1552.10346
G1 X112.605 Y89.77 E1553.89994
G1 X107.188 Y89.77 E1554.16952
G1 X94.929 Y124.984 E1556.02512
G1 X94.823 Y125.251 E1556.03942
G1 X94.706 Y125.497 E1556.05297
G1 X94.498 Y125.863 E1556.07392
G1 X94.13 Y126.326 E1556.10336
G1 X93.82 Y126.653 E1556.12578
G1 X93.412 Y126.999 E1556.1524
G1 X92.956 Y127.247 E1556.17823
G1 X92.561 Y127.41 E1556.1995
G1 X91.921 Y127.59 E1556.23259
G1 X91.523 Y127.659 E1556.25269
G1 X90.204 Y127.666 E1556.31833
G1 X90.204 Y130.23 E1556.44593
G1 X108.659 Y130.23 E1557.36435
G1 X108.659 Y127.666 E1557.49195
G1 X105.999 Y127.661 E1557.62432
G1 X105.636 Y127.605 E1557.6426
G1 X105.204 Y127.496 E1557.66478
G1 X104.97 Y127.403 E1557.67731
G1 X104.714 Y127.261 E1557.69188
G1 X104.457 Y127.083 E1557.70743
G1 X104.194 Y126.843 E1557.72515
G1 X103.975 Y126.512 E1557.7449
G1 X103.864 Y126.182 E1557.76223
G1 X103.81 Y125.879 E1557.77755
G1 X103.783 Y125.399 E1557.80147
G1 X103.833 Y124.885 E1557.82717
G1 X103.906 Y124.456 E1557.84883
G1 X104.014 Y123.965 E1557.87385
G1 X104.128 Y123.527 E1557.89637
G1 X104.241 Y123.155 E1557.91572
G1 X110.161 Y105.316 E1558.85109
G1 X110.662 Y103.616 E1558.93929
G1 X110.966 Y102.42 E1559.0007
G1 X111.471 Y100.11 E1559.11838
G1 X111.554 Y99.625 E1559.14286
G1 X111.651 Y98.969 E1559.17587
G1 X111.716 Y98.428 E1559.20298
G1 X111.862 Y98.309 E1559.21236
G1 X112.065 Y98.328 E1559.2225
G0 F9000 X112.163 Y98.447
G0 X112.173 Y98.491
G0 X112.319 Y97.658
;TYPE:FILL
G1 F3600 X113.303 Y93.984 E1559.46226
G0 F9000 X112.797 Y92.532
G1 F3600 X106.397 Y94.247 E1559.87993
G0 F9000 X106.729 Y93.29
G1 F3600 X111.285 Y97.845 E1560.28603
G0 F9000 X111.085 Y97.821
G0 X112.634 Y97.579
G0 X113.232 Y99.793
G1 F3600 X116.444 Y103.004 E1560.57233
G0 F9000 X115.616 Y100.629
G1 F3600 X113.605 Y101.168 E1560.70357
G0 F9000 X112.634 Y97.579
G0 X111.176 Y97.636
G0 X110.303 Y102.052
G1 F3600 X102.998 Y104.01 E1561.1803
G0 F9000 X103.607 Y102.259
G1 F3600 X108.714 Y107.367 E1561.63562
G0 F9000 X107.27 Y111.716
G1 F3600 X99.6 Y113.772 E1562.13618
G0 F9000 X100.484 Y111.228
G1 F3600 X105.703 Y116.447 E1562.60143
G0 F9000 X104.046 Y121.432
G1 F3600 X96.201 Y123.534 E1563.1134
G0 F9000 X97.362 Y120.198
G1 F3600 X103.084 Y125.92 E1563.6235
G0 F9000 X103.396 Y126.793
G0 X103.571 Y127.059
G0 X104.239 Y127.813
G1 F3600 X103.786 Y129.504 E1563.73385
G0 F9000 X105.476 Y128.311
G1 F3600 X106.669 Y129.504 E1563.8402
G0 F9000 X106.954 Y129.504
G1 F3600 X107.932 Y129.242 E1563.90402
G1 F2400 E1561.90402
G0 F9000 X104.687 Y127.978
G0 X104.07 Y127.593
G0 X103.707 Y127.265
G0 X103.396 Y126.793
G0 X103.172 Y125.943
G0 X103.142 Y125.405
G0 X103.393 Y123.822
G0 X111.176 Y97.636
G0 X112.634 Y97.579
G0 X121.071 Y123.866
G0 X121.355 Y125.371
G0 X121.255 Y126.26
G0 X120.94 Y126.991
G0 X120.414 Y127.575
G0 X119.743 Y127.991
G0 X119.133 Y128.185
G0 X117.647 Y128.39
G1 F1200 E1563.90402
G1 F3600 X118.759 Y129.503 E1564.0032
G0 F9000 X121.489 Y129.505
G1 F3600 X123.307 Y122.72 E1564.44599
G0 F9000 X122.902 Y121.554
G1 F3600 X119.12 Y117.772 E1564.78314
G0 F9000 X119.001 Y117.425
G1 F3600 X121.253 Y116.821 E1564.93012
G0 F9000 X117.25 Y112.289
G1 F3600 X118.305 Y108.352 E1565.18705
G0 F9000 X118.434 Y108.725
G1 F3600 X116.234 Y109.315 E1565.33063
G0 F9000 X121.071 Y123.866
G0 X121.424 Y125.627
G1 F3600 X124.084 Y124.914 E1565.50422
G1 F2400 E1563.50422
G0 F9000 X112.634 Y97.579
G0 X111.176 Y97.636
G0 X97.648 Y119.376
G1 F1200 E1565.50422
G1 F3600 X94.934 Y129.505 E1566.16524
G0 F9000 X94.577 Y129.504
G1 F3600 X93.059 Y127.986 E1566.30056
G0 F9000 X93.202 Y128.335
G1 F2400 E1564.30056
;MESH:NONMESH
G0 F600 X93.202 Y128.335 Z13.72
G0 F9000 X95.04 Y126.206
G0 X111.056 Y98.063
G1 F1200 E1566.30056
G0 F9000 X111.35 Y98.098
;TIME_ELAPSED:985.260693
;LAYER:48
;TYPE:WALL-INNER
;MESH:felipe_mvm_v.stl
G1 F3900 X111.606 Y97.897 E1566.31856
G1 X111.951 Y97.816 E1566.33816
G1 X112.147 Y97.844 E1566.3491
G1 X112.355 Y97.944 E1566.36187
G1 X112.536 Y98.128 E1566.37614
G1 X112.613 Y98.286 E1566.38586
G1 X112.904 Y99.553 E1566.45774
G1 X113.237 Y100.74 E1566.52591
G1 X113.406 Y101.396 E1566.56337
G1 X113.943 Y103.156 E1566.66511
G1 X114.252 Y104.199 E1566.72526
G1 X114.51 Y105.034 E1566.77359
G1 X120.445 Y122.43 E1567.78994
G1 X120.734 Y123.247 E1567.83786
G1 X120.882 Y123.763 E1567.86754
G1 X121.146 Y125.015 E1567.9383
G1 X121.188 Y125.45 E1567.96246
G1 X121.157 Y125.886 E1567.98663
G1 X121.097 Y126.212 E1568.00496
G1 X120.968 Y126.586 E1568.02684
G1 X120.801 Y126.903 E1568.04665
G1 X120.577 Y127.196 E1568.06704
G1 X120.313 Y127.447 E1568.08718
G1 X120.039 Y127.641 E1568.10575
G1 X119.659 Y127.852 E1568.12978
G1 X119.289 Y127.984 E1568.1515
G1 X118.942 Y128.073 E1568.17131
G1 X118.535 Y128.127 E1568.19401
G1 X118.203 Y128.141 E1568.21239
G1 X115.901 Y128.141 E1568.33968
G1 X115.901 Y129.755 E1568.42892
G1 X129.321 Y129.755 E1569.17098
G1 X129.321 Y128.141 E1569.26023
G1 X127.001 Y128.136 E1569.38851
G1 X126.481 Y128.009 E1569.41811
G1 X126.008 Y127.747 E1569.44801
G1 X125.686 Y127.462 E1569.47179
G1 X125.349 Y127.077 E1569.50008
G1 X125.037 Y126.534 E1569.53471
G1 X124.733 Y125.865 E1569.57534
G1 X124.376 Y124.985 E1569.62785
G1 X124.159 Y124.401 E1569.6623
G1 X112.267 Y90.246 E1571.6621
G1 X107.526 Y90.246 E1571.92426
G1 X95.371 Y125.159 E1573.96842
G1 X95.271 Y125.412 E1573.98347
G1 X95.143 Y125.686 E1574.00019
G1 X94.904 Y126.116 E1574.02739
G1 X94.476 Y126.652 E1574.06532
G1 X94.127 Y127.015 E1574.09316
G1 X93.662 Y127.41 E1574.1269
G1 X93.137 Y127.686 E1574.1597
G1 X92.747 Y127.844 E1574.18296
G1 X92.156 Y128.027 E1574.21717
G1 X91.548 Y128.137 E1574.25134
G1 X90.679 Y128.14 E1574.29939
G1 X90.679 Y129.755 E1574.38869
G1 X108.184 Y129.755 E1575.35663
G1 X108.184 Y128.141 E1575.44588
G1 X105.972 Y128.138 E1575.56819
G1 X105.585 Y128.079 E1575.58984
G1 X105.07 Y127.954 E1575.61914
G1 X104.71 Y127.804 E1575.6407
G1 X104.429 Y127.642 E1575.65864
G1 X104.136 Y127.434 E1575.67851
G1 X103.83 Y127.154 E1575.70144
G1 X103.546 Y126.724 E1575.72994
G1 X103.405 Y126.317 E1575.75376
G1 X103.342 Y125.962 E1575.77369
G1 X103.306 Y125.412 E1575.80417
G1 X103.357 Y124.857 E1575.83499
G1 X103.435 Y124.387 E1575.86133
G1 X103.553 Y123.849 E1575.89179
G1 X103.671 Y123.389 E1575.91805
G1 X103.788 Y123.004 E1575.9403
G1 X109.702 Y105.185 E1576.97845
G1 X109.973 Y104.288 E1577.03026
G1 X110.214 Y103.446 E1577.07869
G1 X110.382 Y102.809 E1577.11512
G1 X110.511 Y102.272 E1577.14565
G1 X111.004 Y100.023 E1577.27296
G1 X111.13 Y99.267 E1577.31534
G1 X111.24 Y98.404 E1577.36345
G1 X111.35 Y98.098 E1577.38143
G0 F9000 X111.827 Y98.317
;TYPE:WALL-OUTER
G1 F3000 X111.951 Y98.291 E1577.38774
G1 X112.081 Y98.332 E1577.39452
G1 X112.164 Y98.442 E1577.40138
G1 X112.235 Y98.782 E1577.41866
G1 X112.444 Y99.671 E1577.46411
G1 X112.777 Y100.859 E1577.52551
G1 X112.941 Y101.497 E1577.55829
G1 X114.061 Y105.188 E1577.75025
G1 X119.997 Y122.587 E1578.66512
G1 X120.289 Y123.415 E1578.70881
G1 X120.417 Y123.861 E1578.73191
G1 X120.681 Y125.113 E1578.79558
G1 X120.71 Y125.44 E1578.81192
G1 X120.689 Y125.802 E1578.82997
G1 X120.636 Y126.096 E1578.84483
G1 X120.535 Y126.39 E1578.8603
G1 X120.388 Y126.66 E1578.8756
G1 X120.209 Y126.89 E1578.89011
G1 X120.022 Y127.069 E1578.90299
G1 X119.741 Y127.268 E1578.92012
G1 X119.448 Y127.423 E1578.93662
G1 X119.188 Y127.518 E1578.9504
G1 X118.853 Y127.605 E1578.96762
G1 X118.515 Y127.652 E1578.9846
G1 X118.183 Y127.666 E1579.00114
G1 X115.426 Y127.666 E1579.13834
G1 X115.426 Y130.23 E1579.26594
G1 X129.796 Y130.23 E1579.98107
G1 X129.796 Y127.666 E1580.10867
G1 X127.06 Y127.661 E1580.24483
G1 X126.655 Y127.562 E1580.26558
G1 X126.268 Y127.343 E1580.28771
G1 X126.043 Y127.148 E1580.30252
G1 X125.727 Y126.782 E1580.32659
G1 X125.439 Y126.278 E1580.35547
G1 X125.173 Y125.686 E1580.38777
G1 X124.822 Y124.819 E1580.43432
G1 X124.608 Y124.244 E1580.46485
G1 X112.605 Y89.771 E1582.28144
G1 X107.188 Y89.771 E1582.55102
G1 X94.929 Y124.984 E1584.40657
G1 X94.823 Y125.251 E1584.42086
G1 X94.706 Y125.497 E1584.43442
G1 X94.498 Y125.863 E1584.45537
G1 X94.13 Y126.326 E1584.4848
G1 X93.82 Y126.653 E1584.50723
G1 X93.412 Y126.999 E1584.53385
G1 X92.956 Y127.247 E1584.55968
G1 X92.606 Y127.39 E1584.5785
G1 X92.015 Y127.573 E1584.60929
G1 X91.522 Y127.659 E1584.63419
G1 X90.204 Y127.666 E1584.69978
G1 X90.204 Y130.23 E1584.82738
G1 X108.659 Y130.23 E1585.7458
G1 X108.659 Y127.666 E1585.8734
G1 X105.999 Y127.661 E1586.00578
G1 X105.636 Y127.605 E1586.02406
G1 X105.204 Y127.496 E1586.04623
G1 X104.97 Y127.403 E1586.05876
G1 X104.714 Y127.261 E1586.07333
G1 X104.457 Y127.083 E1586.08889
G1 X104.194 Y126.843 E1586.10661
G1 X103.975 Y126.512 E1586.12636
G1 X103.864 Y126.182 E1586.14368
G1 X103.81 Y125.879 E1586.159
G1 X103.783 Y125.399 E1586.18293
G1 X103.833 Y124.885 E1586.20863
G1 X103.906 Y124.455 E1586.23033
G1 X104.013 Y123.967 E1586.25519
G1 X104.126 Y123.526 E1586.27785
G1 X104.239 Y123.154 E1586.2972
G1 X110.155 Y105.328 E1587.2319
G1 X110.423 Y104.444 E1587.27787
G1 X110.663 Y103.61 E1587.32105
G1 X110.851 Y102.89 E1587.35809
G1 X110.975 Y102.374 E1587.3845
G1 X111.47 Y100.113 E1587.49968
G1 X111.6 Y99.336 E1587.53889
G1 X111.719 Y98.442 E1587.58377
G1 X111.827 Y98.317 E1587.59199
G0 F9000 X111.951 Y98.291
G0 X112.021 Y98.313
G0 X112.132 Y97.592
;TYPE:FILL
G1 F3600 X113.187 Y93.652 E1587.8491
G0 F9000 X112.863 Y92.72
G1 F3600 X106.318 Y94.473 E1588.27622
G0 F9000 X106.802 Y93.082
G1 F3600 X111.435 Y97.715 E1588.68923
G0 F9000 X111.43 Y97.554
G0 X112.634 Y97.582
G0 X113.125 Y99.405
G1 F3600 X116.295 Y102.576 E1588.97187
G0 F9000 X115.682 Y100.816
G1 F3600 X113.655 Y101.359 E1589.10415
G0 F9000 X112.634 Y97.582
G0 X111.184 Y97.633
G0 X110.254 Y102.27
G1 F3600 X102.92 Y104.236 E1589.58278
G0 F9000 X103.679 Y102.051
G1 F3600 X108.784 Y107.157 E1590.03792
G0 F9000 X107.194 Y111.942
G1 F3600 X99.521 Y113.998 E1590.53866
G0 F9000 X100.557 Y111.021
G1 F3600 X105.771 Y116.235 E1591.00347
G0 F9000 X103.971 Y121.657
G1 F3600 X96.122 Y123.76 E1591.5157
G0 F9000 X96.757 Y121.934
G1 F3600 X94.729 Y129.505 E1592.00977
G1 X94.857 Y129.504
G1 X93.255 Y127.902 E1592.15258
G0 F9000 X94.268 Y127.109
G0 X95.04 Y126.206
G0 X95.436 Y125.394
G0 X97.435 Y119.99
G1 F3600 X103.067 Y125.622 E1592.65466
G0 F9000 X103.396 Y126.793
G0 X104.065 Y127.696
G1 F3600 X103.581 Y129.504 E1592.77264
G0 F9000 X105.809 Y128.364
G1 F3600 X106.949 Y129.504 E1592.87427
G0 F9000 X107.719 Y129.504
G1 F3600 X107.932 Y129.447 E1592.88817
G1 F2400 E1590.88817
G0 F9000 X104.367 Y127.798
G0 X103.707 Y127.265
G0 X103.396 Y126.793
G0 X103.172 Y125.943
G0 X103.142 Y125.405
G0 X103.393 Y123.822
G0 X111.184 Y97.633
G0 X112.634 Y97.582
G0 X121.07 Y123.867
G0 X121.317 Y125.034
G0 X121.327 Y125.867
G0 X121.126 Y126.639
G0 X120.699 Y127.307
G0 X120.092 Y127.806
G0 X119.375 Y128.132
G0 X117.927 Y128.39
G1 F1200 E1592.88817
G1 F3600 X119.04 Y129.503 E1592.98739
G0 F9000 X121.284 Y129.505
G1 F3600 X123.192 Y122.383 E1593.45216
G0 F9000 X122.756 Y121.128
G1 F3600 X118.975 Y117.347 E1593.78923
G1 X119.065 Y117.613
G1 X121.321 Y117.008 E1593.93646
G0 F9000 X117.135 Y111.952
G1 F3600 X118.189 Y108.018 E1594.19319
G0 F9000 X118.502 Y108.912
G1 F3600 X116.298 Y109.503 E1594.33703
G0 F9000 X121.07 Y123.867
G0 X121.209 Y124.528
G0 X121.409 Y125.836
G1 F3600 X124.153 Y125.101 E1594.5161
G0 F9000 X123.805 Y125.235
G1 F2400 E1592.5161
;MESH:NONMESH
G0 F600 X123.805 Y125.235 Z14
G0 F9000 X112.634 Y97.582
G0 X111.184 Y97.633
G0 X111.058 Y98.07
G1 F1200 E1594.5161
G0 F9000 X111.348 Y98.107
;TIME_ELAPSED:1001.682762
;LAYER:49
;TYPE:WALL-INNER
;MESH:felipe_mvm_v.stl
G1 F3900 X111.607 Y97.903 E1594.53433
G1 X111.914 Y97.823 E1594.55187
G1 X112.114 Y97.842 E1594.56298
G1 X112.333 Y97.935 E1594.57614
G1 X112.526 Y98.121 E1594.59096
G1 X112.613 Y98.292 E1594.60157
G1 X112.908 Y99.566 E1594.67388
G1 X113.234 Y100.724 E1594.7404
G1 X113.406 Y101.395 E1594.7787
G1 X114.51 Y105.034 E1594.98898
G1 X120.443 Y122.419 E1596.00472
G1 X120.559 Y122.733 E1596.02323
G1 X120.742 Y123.274 E1596.05481
G1 X120.85 Y123.645 E1596.07617
G1 X120.919 Y123.93 E1596.09239
G1 X121.11 Y124.842 E1596.14391
G1 X121.196 Y125.324 E1596.17098
G1 X121.157 Y125.886 E1596.20213
G1 X121.097 Y126.212 E1596.22046
G1 X120.968 Y126.586 E1596.24234
G1 X120.801 Y126.903 E1596.26215
G1 X120.577 Y127.196 E1596.28254
G1 X120.313 Y127.447 E1596.30269
G1 X120.039 Y127.641 E1596.32125
G1 X119.659 Y127.852 E1596.34529
G1 X119.289 Y127.984 E1596.36701
G1 X118.942 Y128.073 E1596.38682
G1 X118.535 Y128.127 E1596.40952
G1 X118.203 Y128.141 E1596.42789
G1 X115.901 Y128.141 E1596.55518
G1 X115.901 Y129.755 E1596.64443
G1 X129.321 Y129.755 E1597.38649
G1 X129.321 Y128.141 E1597.47573
G1 X127.001 Y128.136 E1597.60402
G1 X126.481 Y128.009 E1597.63362
G1 X126.008 Y127.747 E1597.66351
G1 X125.686 Y127.462 E1597.68729
G1 X125.349 Y127.077 E1597.71558
G1 X125.037 Y126.534 E1597.75021
G1 X124.733 Y125.865 E1597.79084
G1 X124.376 Y124.985 E1597.84336
G1 X124.157 Y124.396 E1597.8781
G1 X112.267 Y90.245 E1599.87766
G1 X107.526 Y90.245 E1600.13981
G1 X95.371 Y125.159 E1602.18403
G1 X95.271 Y125.412 E1602.19907
G1 X95.143 Y125.686 E1602.2158
G1 X94.904 Y126.116 E1602.243
G1 X94.476 Y126.652 E1602.28093
G1 X94.127 Y127.015 E1602.30877
G1 X93.662 Y127.41 E1602.34251
G1 X93.137 Y127.686 E1602.3753
G1 X92.665 Y127.876 E1602.40344
G1 X92.072 Y128.043 E1602.4375
G1 X91.611 Y128.122 E1602.46337
G1 X91.349 Y128.14 E1602.47789
G1 X90.679 Y128.141 E1602.51494
G1 X90.68 Y129.754 E1602.60413
G1 X108.184 Y129.755 E1603.57201
G1 X108.184 Y128.141 E1603.66126
G1 X105.972 Y128.138 E1603.78357
G1 X105.585 Y128.079 E1603.80522
G1 X105.07 Y127.954 E1603.83452
G1 X104.71 Y127.804 E1603.85608
G1 X104.429 Y127.642 E1603.87402
G1 X104.136 Y127.434 E1603.89389
G1 X103.83 Y127.154 E1603.91682
G1 X103.546 Y126.724 E1603.94532
G1 X103.405 Y126.317 E1603.96913
G1 X103.342 Y125.962 E1603.98907
G1 X103.306 Y125.412 E1604.01955
G1 X103.357 Y124.857 E1604.05037
G1 X103.435 Y124.387 E1604.07671
G1 X103.554 Y123.845 E1604.10739
G1 X103.673 Y123.39 E1604.1334
G1 X103.79 Y123.005 E1604.15565
G1 X109.707 Y105.173 E1605.19453
G1 X110.136 Y103.729 E1605.27783
G1 X110.306 Y103.107 E1605.31348
G1 X110.506 Y102.303 E1605.3593
G1 X111.004 Y100.019 E1605.48856
G1 X111.087 Y99.542 E1605.51533
G1 X111.18 Y98.906 E1605.55087
G1 X111.24 Y98.411 E1605.57844
G1 X111.348 Y98.107 E1605.59628
G0 F9000 X112.074 Y98.334
;TYPE:WALL-OUTER
G1 F3000 X112.164 Y98.448 E1605.60351
G1 X112.234 Y98.778 E1605.6203
G1 X112.457 Y99.72 E1605.66847
G1 X112.777 Y100.858 E1605.7273
G1 X112.941 Y101.496 E1605.76008
G1 X113.489 Y103.296 E1605.85372
G1 X113.792 Y104.321 E1605.90691
G1 X114.061 Y105.187 E1605.95204
G1 X119.988 Y122.557 E1606.86541
G1 X120.109 Y122.885 E1606.8828
G1 X120.286 Y123.407 E1606.91023
G1 X120.388 Y123.758 E1606.92842
G1 X120.454 Y124.027 E1606.94221
G1 X120.642 Y124.925 E1606.98787
G1 X120.718 Y125.351 E1607.0094
G1 X120.689 Y125.802 E1607.03189
G1 X120.636 Y126.096 E1607.04676
G1 X120.535 Y126.39 E1607.06223
G1 X120.388 Y126.66 E1607.07753
G1 X120.209 Y126.89 E1607.09203
G1 X120.022 Y127.069 E1607.10492
G1 X119.741 Y127.268 E1607.12205
G1 X119.448 Y127.423 E1607.13855
G1 X119.188 Y127.518 E1607.15232
G1 X118.853 Y127.605 E1607.16955
G1 X118.515 Y127.652 E1607.18653
G1 X118.183 Y127.666 E1607.20307
G1 X115.426 Y127.666 E1607.34027
G1 X115.426 Y130.23 E1607.46787
G1 X129.796 Y130.23 E1608.183
G1 X129.796 Y127.666 E1608.3106
G1 X127.06 Y127.661 E1608.44676
G1 X126.655 Y127.562 E1608.4675
G1 X126.268 Y127.343 E1608.48963
G1 X126.043 Y127.148 E1608.50445
G1 X125.727 Y126.782 E1608.52851
G1 X125.439 Y126.278 E1608.5574
G1 X125.173 Y125.686 E1608.5897
G1 X124.822 Y124.819 E1608.63625
G1 X124.606 Y124.239 E1608.66705
G1 X112.605 Y89.77 E1610.48341
G1 X107.188 Y89.77 E1610.75299
G1 X94.929 Y124.984 E1612.60859
G1 X94.823 Y125.251 E1612.62289
G1 X94.706 Y125.497 E1612.63644
G1 X94.498 Y125.863 E1612.65739
G1 X94.13 Y126.326 E1612.68682
G1 X93.82 Y126.653 E1612.70925
G1 X93.412 Y126.999 E1612.73587
G1 X92.956 Y127.247 E1612.7617
G1 X92.561 Y127.41 E1612.78297
G1 X91.921 Y127.59 E1612.81605
G1 X91.579 Y127.648 E1612.83332
G1 X91.317 Y127.666 E1612.84639
G1 X90.204 Y127.666 E1612.90177
G1 X90.205 Y130.229 E1613.02932
G1 X108.659 Y130.23 E1613.9477
G1 X108.659 Y127.666 E1614.07529
G1 X105.999 Y127.661 E1614.20767
G1 X105.636 Y127.605 E1614.22595
G1 X105.204 Y127.496 E1614.24812
G1 X104.97 Y127.403 E1614.26065
G1 X104.714 Y127.261 E1614.27522
G1 X104.457 Y127.083 E1614.29078
G1 X104.194 Y126.843 E1614.3085
G1 X103.975 Y126.512 E1614.32825
G1 X103.864 Y126.182 E1614.34558
G1 X103.81 Y125.879 E1614.36089
G1 X103.783 Y125.399 E1614.38482
G1 X103.833 Y124.885 E1614.41052
G1 X103.906 Y124.456 E1614.43217
G1 X104.014 Y123.965 E1614.45719
G1 X104.128 Y123.527 E1614.47972
G1 X104.241 Y123.155 E1614.49907
G1 X110.161 Y105.316 E1615.43444
G1 X110.583 Y103.896 E1615.50816
G1 X110.766 Y103.227 E1615.54268
G1 X110.968 Y102.411 E1615.58451
G1 X111.471 Y100.11 E1615.70173
G1 X111.556 Y99.617 E1615.72662
G1 X111.651 Y98.969 E1615.75922
G1 X111.709 Y98.487 E1615.78338
G1 X111.793 Y98.346 E1615.79154
G1 X111.867 Y98.308 E1615.79568
G1 X112.074 Y98.334 E1615.80607
G0 F9000 X112.164 Y98.448
G0 X112.175 Y98.501
G0 X111.931 Y97.575
;TYPE:FILL
G1 F3600 X113.072 Y93.318 E1616.08388
G0 F9000 X112.929 Y92.907
G1 F3600 X106.24 Y94.699 E1616.5204
G0 F9000 X106.874 Y92.874
G1 F3600 X111.64 Y97.641 E1616.94532
G0 F9000 X111.638 Y97.548
G0 X112.634 Y97.579
G0 X113.04 Y99.04
G1 F3600 X116.145 Y102.146 E1617.22216
G0 F9000 X115.747 Y101.003
G1 F3600 X113.713 Y101.548 E1617.3549
G0 F9000 X112.634 Y97.579
G0 X111.176 Y97.636
G0 X110.199 Y102.49
G1 F3600 X102.841 Y104.462 E1617.83509
G0 F9000 X103.751 Y101.843
G1 F3600 X108.854 Y106.947 E1618.29005
G0 F9000 X107.121 Y112.166
G1 F3600 X99.442 Y114.224 E1618.79119
G0 F9000 X100.629 Y110.813
G1 F3600 X105.842 Y116.026 E1619.25591
G0 F9000 X103.897 Y121.882
G1 F3600 X96.043 Y123.986 E1619.76846
G0 F9000 X95.868 Y124.489
G1 F3600 X94.524 Y129.503 E1620.09568
G0 F9000 X95.136 Y129.503
G1 F3600 X93.44 Y127.807 E1620.24687
G0 F9000 X94.268 Y127.109
G0 X95.04 Y126.206
G0 X95.436 Y125.394
G0 X97.507 Y119.782
G1 F3600 X103.061 Y125.336 E1620.74199
G0 F9000 X103.248 Y126.362
G0 X103.367 Y126.71
G0 X103.898 Y127.555
G1 F3600 X103.376 Y129.504 E1620.86918
G0 F9000 X106.112 Y128.387
G1 F3600 X107.228 Y129.503 E1620.96867
G1 F2400 E1618.96867
G0 F9000 X104.07 Y127.593
G0 X103.707 Y127.265
G0 X103.396 Y126.793
G0 X103.172 Y125.943
G0 X103.142 Y125.405
G0 X103.393 Y123.822
G0 X111.176 Y97.636
G0 X112.634 Y97.579
G0 X121.071 Y123.869
G0 X121.359 Y125.311
G0 X121.255 Y126.26
G0 X120.94 Y126.991
G0 X120.414 Y127.575
G0 X119.743 Y127.991
G0 X118.207 Y128.39
G1 F1200 E1620.96867
G1 F3600 X119.32 Y129.503 E1621.06789
G0 F9000 X121.079 Y129.505
G1 F3600 X123.076 Y122.051 E1621.55433
G0 F9000 X122.605 Y120.698
G1 F3600 X118.832 Y116.924 E1621.89073
G0 F9000 X119.13 Y117.8
G1 F3600 X121.386 Y117.196 E1622.03794
G0 F9000 X117.021 Y111.615
G1 F3600 X118.074 Y107.685 E1622.29442
G0 F9000 X118.567 Y109.1
G1 F3600 X116.363 Y109.69 E1622.43824
G0 F9000 X121.071 Y123.869
G0 X121.304 Y125.036
G0 X121.38 Y126.049
G1 F3600 X124.228 Y125.286 E1622.6241
G0 F9000 X123.881 Y125.424
G1 F2400 E1620.6241
;MESH:NONMESH
G0 F600 X123.881 Y125.424 Z14.28
G0 F9000 X112.634 Y97.579
G0 X112.298 Y97.523
G1 F1200 E1622.6241
G0 F9000 X112.312 Y97.918
;TIME_ELAPSED:1018.026050
;LAYER:50
;TYPE:WALL-INNER
;MESH:felipe_mvm_v.stl
G1 F3900 X112.518 Y98.106 E1622.63952
G1 X112.624 Y98.309 E1622.65218
G1 X112.697 Y98.673 E1622.67271
G1 X112.911 Y99.577 E1622.72408
G1 X113.237 Y100.741 E1622.79092
G1 X113.391 Y101.343 E1622.82528
G1 X114.511 Y105.039 E1623.03883
G1 X120.446 Y122.43 E1624.05492
G1 X120.734 Y123.247 E1624.10282
G1 X120.883 Y123.767 E1624.13273
G1 X121.134 Y124.959 E1624.20008
G1 X121.188 Y125.432 E1624.22641
G1 X121.167 Y125.804 E1624.24701
G1 X121.097 Y126.212 E1624.2699
G1 X120.968 Y126.586 E1624.29178
G1 X120.801 Y126.903 E1624.31159
G1 X120.577 Y127.196 E1624.33198
G1 X120.313 Y127.447 E1624.35213
G1 X120.039 Y127.641 E1624.37069
G1 X119.659 Y127.852 E1624.39472
G1 X119.289 Y127.984 E1624.41645
G1 X118.942 Y128.073 E1624.43625
G1 X118.535 Y128.127 E1624.45896
G1 X118.203 Y128.141 E1624.47733
G1 X115.901 Y128.141 E1624.60462
G1 X115.901 Y129.755 E1624.69387
G1 X129.321 Y129.755 E1625.43592
G1 X129.321 Y128.141 E1625.52517
G1 X127.001 Y128.136 E1625.65346
G1 X126.481 Y128.009 E1625.68305
G1 X126.008 Y127.747 E1625.71295
G1 X125.686 Y127.462 E1625.73673
G1 X125.349 Y127.077 E1625.76502
G1 X125.037 Y126.534 E1625.79965
G1 X124.734 Y125.869 E1625.84006
G1 X124.532 Y125.379 E1625.86937
G1 X124.254 Y124.658 E1625.91209
G1 X124.017 Y124.003 E1625.95061
G1 X112.267 Y90.245 E1627.9271
G1 X107.526 Y90.245 E1628.18925
G1 X95.371 Y125.159 E1630.23347
G1 X95.271 Y125.412 E1630.24851
G1 X95.143 Y125.686 E1630.26524
G1 X94.904 Y126.116 E1630.29244
G1 X94.476 Y126.652 E1630.33037
G1 X94.127 Y127.015 E1630.35821
G1 X93.662 Y127.41 E1630.39195
G1 X93.137 Y127.686 E1630.42474
G1 X92.665 Y127.876 E1630.45288
G1 X92.072 Y128.043 E1630.48694
G1 X91.611 Y128.122 E1630.51281
G1 X91.348 Y128.14 E1630.52738
G1 X90.679 Y128.141 E1630.56438
G1 X90.68 Y129.754 E1630.65357
G1 X108.184 Y129.755 E1631.62145
G1 X108.184 Y128.141 E1631.7107
G1 X105.972 Y128.138 E1631.83301
G1 X105.585 Y128.079 E1631.85465
G1 X105.07 Y127.954 E1631.88396
G1 X104.71 Y127.804 E1631.90552
G1 X104.429 Y127.642 E1631.92346
G1 X104.136 Y127.434 E1631.94333
G1 X103.829 Y127.152 E1631.96638
G1 X103.5 Y126.657 E1631.99924
G1 X103.376 Y126.173 E1632.02687
G1 X103.326 Y125.813 E1632.04697
G1 X103.32 Y125.253 E1632.07793
G1 X103.357 Y124.857 E1632.09993
G1 X103.435 Y124.387 E1632.12627
G1 X103.554 Y123.845 E1632.15695
G1 X103.673 Y123.39 E1632.18296
G1 X103.79 Y123.005 E1632.20521
G1 X109.707 Y105.173 E1633.24409
G1 X110.137 Y103.725 E1633.32762
G1 X110.316 Y103.067 E1633.36532
G1 X110.495 Y102.344 E1633.40651
G1 X111.004 Y100.021 E1633.53801
G1 X111.131 Y99.258 E1633.58078
G1 X111.24 Y98.408 E1633.62816
G1 X111.326 Y98.169 E1633.64221
G1 X111.501 Y97.968 E1633.65694
G1 X111.717 Y97.854 E1633.67045
G1 X112.082 Y97.831 E1633.69067
G1 X112.312 Y97.918 E1633.70427
G0 F9000 X112.067 Y98.325
;TYPE:WALL-OUTER
G1 F3000 X112.164 Y98.444 E1633.71191
G1 X112.235 Y98.781 E1633.72905
G1 X112.453 Y99.705 E1633.77629
G1 X112.777 Y100.86 E1633.83599
G1 X112.941 Y101.497 E1633.86873
G1 X114.062 Y105.193 E1634.06093
G1 X119.998 Y122.588 E1634.97562
G1 X120.289 Y123.415 E1635.01925
G1 X120.418 Y123.865 E1635.04255
G1 X120.667 Y125.056 E1635.1031
G1 X120.71 Y125.438 E1635.12223
G1 X120.691 Y125.79 E1635.13977
G1 X120.636 Y126.096 E1635.15524
G1 X120.535 Y126.39 E1635.17071
G1 X120.388 Y126.66 E1635.18601
G1 X120.209 Y126.89 E1635.20052
G1 X120.022 Y127.069 E1635.2134
G1 X119.741 Y127.268 E1635.23054
G1 X119.448 Y127.423 E1635.24703
G1 X119.188 Y127.518 E1635.26081
G1 X118.853 Y127.605 E1635.27803
G1 X118.515 Y127.652 E1635.29501
G1 X118.183 Y127.666 E1635.31155
G1 X115.426 Y127.666 E1635.44875
G1 X115.426 Y130.23 E1635.57635
G1 X129.796 Y130.23 E1636.29148
G1 X129.796 Y127.666 E1636.41908
G1 X127.06 Y127.661 E1636.55524
G1 X126.655 Y127.562 E1636.57599
G1 X126.268 Y127.343 E1636.59812
G1 X126.043 Y127.148 E1636.61294
G1 X125.727 Y126.782 E1636.637
G1 X125.439 Y126.278 E1636.66589
G1 X125.173 Y125.687 E1636.69814
G1 X124.976 Y125.208 E1636.72391
G1 X124.701 Y124.496 E1636.7619
G1 X124.466 Y123.847 E1636.79625
G1 X112.605 Y89.77 E1638.5919
G1 X107.188 Y89.77 E1638.86148
G1 X94.929 Y124.984 E1640.71707
G1 X94.823 Y125.251 E1640.73137
G1 X94.706 Y125.497 E1640.74493
G1 X94.498 Y125.863 E1640.76588
G1 X94.13 Y126.326 E1640.79531
G1 X93.82 Y126.653 E1640.81773
G1 X93.412 Y126.999 E1640.84436
G1 X92.956 Y127.247 E1640.87019
G1 X92.561 Y127.41 E1640.89145
G1 X91.921 Y127.59 E1640.92454
G1 X91.579 Y127.648 E1640.9418
G1 X91.316 Y127.666 E1640.95492
G1 X90.204 Y127.666 E1641.01026
G1 X90.205 Y130.229 E1641.13781
G1 X108.659 Y130.23 E1642.05618
G1 X108.659 Y127.666 E1642.18378
G1 X105.999 Y127.661 E1642.31616
G1 X105.636 Y127.605 E1642.33443
G1 X105.204 Y127.496 E1642.35661
G1 X104.97 Y127.403 E1642.36914
G1 X104.714 Y127.261 E1642.38371
G1 X104.457 Y127.083 E1642.39926
G1 X104.194 Y126.843 E1642.41698
G1 X103.942 Y126.462 E1642.43972
G1 X103.831 Y126.026 E1642.46211
G1 X103.797 Y125.754 E1642.47575
G1 X103.793 Y125.298 E1642.49844
G1 X103.833 Y124.885 E1642.51909
G1 X103.906 Y124.456 E1642.54075
G1 X104.014 Y123.965 E1642.56577
G1 X104.128 Y123.527 E1642.58829
G1 X104.241 Y123.155 E1642.60764
G1 X110.161 Y105.316 E1643.54301
G1 X110.584 Y103.892 E1643.61694
G1 X110.766 Y103.227 E1643.65125
G1 X110.968 Y102.407 E1643.69328
G1 X111.47 Y100.111 E1643.81024
G1 X111.601 Y99.328 E1643.84975
G1 X111.719 Y98.446 E1643.89403
G1 X111.863 Y98.306 E1643.90402
G1 X112.067 Y98.325 E1643.91422
G0 F9000 X112.164 Y98.444
G0 X112.173 Y98.49
G0 X112.953 Y98.674
;TYPE:FILL
G1 F3600 X115.994 Y101.715 E1644.18532
G0 F9000 X115.812 Y101.191
G1 F3600 X113.77 Y101.738 E1644.31857
G0 F9000 X112.633 Y97.577
G0 X111.172 Y97.639
G0 X110.145 Y102.71
G1 F3600 X102.762 Y104.688 E1644.80038
G0 F9000 X103.823 Y101.635
G1 F3600 X108.924 Y106.737 E1645.25517
G0 F9000 X107.046 Y112.391
G1 F3600 X99.363 Y114.45 E1645.75656
G0 F9000 X100.701 Y110.605
G1 F3600 X105.912 Y115.816 E1646.22111
G0 F9000 X103.822 Y122.107
G1 F3600 X95.965 Y124.212 E1646.73385
G0 F9000 X95.263 Y125.983
G1 F3600 X94.319 Y129.503 E1646.96358
G0 F9000 X95.416 Y129.503
G1 F3600 X93.624 Y127.711 E1647.12333
G0 F9000 X94.621 Y126.736
G0 X95.04 Y126.206
G0 X95.436 Y125.394
G0 X97.579 Y119.574
G1 F3600 X103.086 Y125.081 E1647.61426
G0 F9000 X103.204 Y126.158
G0 X103.321 Y126.614
G0 X103.733 Y127.404
G1 F3600 X103.171 Y129.504 E1647.7513
G0 F9000 X106.392 Y128.387
G1 F3600 X107.508 Y129.503 E1647.85078
G1 F2400 E1645.85078
G0 F9000 X104.07 Y127.593
G0 X103.707 Y127.265
G0 X103.349 Y126.722
G0 X103.157 Y125.78
G0 X103.197 Y124.81
G0 X103.63 Y122.964
G0 X111.172 Y97.639
G0 X112.633 Y97.577
G0 X121.072 Y123.871
G0 X121.352 Y125.438
G0 X121.255 Y126.26
G0 X120.94 Y126.991
G0 X120.414 Y127.575
G0 X119.743 Y127.991
G0 X118.475 Y128.379
G1 F1200 E1647.85078
G1 F3600 X119.6 Y129.503 E1647.95103
G0 F9000 X120.874 Y129.505
G1 F3600 X122.959 Y121.723 E1648.45888
G0 F9000 X122.451 Y120.263
G1 F3600 X118.685 Y116.497 E1648.79461
G0 F9000 X119.193 Y117.988
G1 F3600 X121.448 Y117.384 E1648.94176
G0 F9000 X116.905 Y111.281
G1 F3600 X117.957 Y107.354 E1649.19804
G0 F9000 X118.63 Y109.288
G1 F3600 X116.425 Y109.878 E1649.34192
G0 F9000 X112.633 Y97.577
G0 X111.854 Y97.54
G0 X111.855 Y97.575
G1 F3600 X106.946 Y92.667 E1649.7795
G0 F9000 X106.161 Y94.926
G1 F3600 X112.993 Y93.095 E1650.22536
G1 X112.956 Y92.986
G1 X111.72 Y97.597 E1650.52628
G1 F2400 E1648.52628
G0 F9000 X111.719 Y97.546
G0 X112.633 Y97.577
G0 X121.072 Y123.871
G0 X121.324 Y125.281
G0 X121.34 Y126.265
G1 F1200 E1650.52628
G1 F3600 X124.3 Y125.471 E1650.71946
G0 F9000 X123.951 Y125.606
G1 F2400 E1648.71946
;MESH:NONMESH
G0 F600 X123.951 Y125.606 Z14.56
G0 F9000 X112.798 Y98.041
G1 F1200 E1650.71946
G0 F9000 X112.515 Y98.097
;TIME_ELAPSED:1035.048794
;LAYER:51
;TYPE:WALL-INNER
;MESH:felipe_mvm_v.stl
G1 F3900 X112.614 Y98.284 E1650.73116
G1 X112.791 Y99.089 E1650.77674
G1 X112.91 Y99.573 E1650.8043
G1 X113.132 Y100.347 E1650.84882
G1 X113.405 Y101.39 E1650.90844
G1 X113.948 Y103.169 E1651.01129
G1 X114.253 Y104.2 E1651.07074
G1 X114.51 Y105.034 E1651.119
G1 X120.446 Y122.429 E1652.13531
G1 X120.745 Y123.283 E1652.18535
G1 X120.884 Y123.77 E1652.21335
G1 X121.133 Y124.958 E1652.28047
G1 X121.188 Y125.442 E1652.3074
G1 X121.157 Y125.886 E1652.33201
G1 X121.097 Y126.212 E1652.35034
G1 X120.968 Y126.586 E1652.37222
G1 X120.801 Y126.903 E1652.39203
G1 X120.577 Y127.196 E1652.41243
G1 X120.313 Y127.447 E1652.43257
G1 X120.039 Y127.641 E1652.45113
G1 X119.659 Y127.852 E1652.47517
G1 X119.289 Y127.984 E1652.49689
G1 X118.942 Y128.073 E1652.5167
G1 X118.535 Y128.127 E1652.5394
G1 X118.203 Y128.141 E1652.55777
G1 X115.901 Y128.141 E1652.68506
G1 X115.901 Y129.755 E1652.77431
G1 X129.321 Y129.755 E1653.51637
G1 X129.321 Y128.141 E1653.60561
G1 X127.001 Y128.136 E1653.7339
G1 X126.481 Y128.009 E1653.7635
G1 X126.008 Y127.747 E1653.79339
G1 X125.686 Y127.462 E1653.81717
G1 X125.349 Y127.077 E1653.84546
G1 X125.037 Y126.534 E1653.88009
G1 X124.733 Y125.865 E1653.92073
G1 X124.375 Y124.981 E1653.97346
G1 X124.015 Y123.998 E1654.03135
G1 X112.267 Y90.245 E1656.00754
G1 X107.526 Y90.245 E1656.26969
G1 X95.371 Y125.159 E1658.31391
G1 X95.271 Y125.412 E1658.32895
G1 X95.143 Y125.686 E1658.34568
G1 X94.904 Y126.116 E1658.37288
G1 X94.476 Y126.652 E1658.41081
G1 X94.127 Y127.015 E1658.43865
G1 X93.662 Y127.41 E1658.47239
G1 X93.137 Y127.686 E1658.50518
G1 X92.665 Y127.876 E1658.53332
G1 X92.072 Y128.043 E1658.56738
G1 X91.611 Y128.122 E1658.59325
G1 X91.346 Y128.14 E1658.60793
G1 X90.679 Y128.141 E1658.64481
G1 X90.679 Y129.755 E1658.73406
G1 X108.184 Y129.755 E1659.702
G1 X108.184 Y128.141 E1659.79125
G1 X105.972 Y128.138 E1659.91356
G1 X105.585 Y128.079 E1659.9352
G1 X105.07 Y127.954 E1659.96451
G1 X104.71 Y127.804 E1659.98607
G1 X104.429 Y127.642 E1660.00401
G1 X104.136 Y127.434 E1660.02388
G1 X103.83 Y127.154 E1660.04681
G1 X103.546 Y126.724 E1660.07531
G1 X103.405 Y126.317 E1660.09912
G1 X103.342 Y125.962 E1660.11906
G1 X103.306 Y125.412 E1660.14954
G1 X103.357 Y124.857 E1660.18036
G1 X103.435 Y124.387 E1660.2067
G1 X103.595 Y123.679 E1660.24684
G1 X103.673 Y123.39 E1660.26339
G1 X103.79 Y123.005 E1660.28564
G1 X109.707 Y105.174 E1661.32447
G1 X110.128 Y103.758 E1661.40616
G1 X110.306 Y103.107 E1661.44347
G1 X110.508 Y102.294 E1661.4898
G1 X111.004 Y100.019 E1661.61855
G1 X111.094 Y99.495 E1661.64795
G1 X111.18 Y98.906 E1661.68086
G1 X111.24 Y98.404 E1661.70882
G1 X111.324 Y98.169 E1661.72261
G1 X111.5 Y97.965 E1661.73751
G1 X111.717 Y97.85 E1661.75109
G1 X112.081 Y97.826 E1661.77126
G1 X112.309 Y97.912 E1661.78474
G1 X112.515 Y98.097 E1661.80005
G0 F9000 X111.793 Y98.339
;TYPE:WALL-OUTER
G1 F3000 X111.993 Y98.293 E1661.81026
G1 X112.066 Y98.321 E1661.81415
G1 X112.164 Y98.44 E1661.82182
G1 X112.329 Y99.2 E1661.86053
G1 X112.443 Y99.67 E1661.88459
G1 X112.672 Y100.468 E1661.92591
G1 X112.941 Y101.495 E1661.97874
G1 X113.492 Y103.304 E1662.07285
G1 X113.799 Y104.34 E1662.12663
G1 X114.061 Y105.187 E1662.17075
G1 X119.998 Y122.585 E1663.08559
G1 X120.289 Y123.415 E1663.12936
G1 X120.419 Y123.867 E1663.15277
G1 X120.665 Y125.042 E1663.21251
G1 X120.709 Y125.434 E1663.23214
G1 X120.689 Y125.802 E1663.25048
G1 X120.636 Y126.096 E1663.26535
G1 X120.535 Y126.39 E1663.28082
G1 X120.388 Y126.66 E1663.29612
G1 X120.209 Y126.89 E1663.31062
G1 X120.022 Y127.069 E1663.3235
G1 X119.741 Y127.268 E1663.34064
G1 X119.448 Y127.423 E1663.35714
G1 X119.188 Y127.518 E1663.37091
G1 X118.853 Y127.605 E1663.38814
G1 X118.515 Y127.652 E1663.40512
G1 X118.183 Y127.666 E1663.42166
G1 X115.426 Y127.666 E1663.55886
G1 X115.426 Y130.23 E1663.68646
G1 X129.796 Y130.23 E1664.40159
G1 X129.796 Y127.666 E1664.52919
G1 X127.06 Y127.661 E1664.66534
G1 X126.655 Y127.562 E1664.68609
G1 X126.268 Y127.343 E1664.70822
G1 X126.043 Y127.148 E1664.72304
G1 X125.727 Y126.782 E1664.7471
G1 X125.439 Y126.278 E1664.77599
G1 X125.173 Y125.686 E1664.80829
G1 X124.821 Y124.818 E1664.8549
G1 X124.464 Y123.841 E1664.90667
G1 X112.605 Y89.77 E1666.702
G1 X107.188 Y89.77 E1666.97158
G1 X94.929 Y124.984 E1668.82718
G1 X94.823 Y125.251 E1668.84147
G1 X94.706 Y125.497 E1668.85503
G1 X94.498 Y125.863 E1668.87598
G1 X94.13 Y126.326 E1668.90541
G1 X93.82 Y126.653 E1668.92784
G1 X93.412 Y126.999 E1668.95446
G1 X92.956 Y127.247 E1668.98029
G1 X92.561 Y127.41 E1669.00156
G1 X91.921 Y127.59 E1669.03464
G1 X91.579 Y127.648 E1669.05191
G1 X91.314 Y127.666 E1669.06512
G1 X90.204 Y127.666 E1669.12036
G1 X90.204 Y130.23 E1669.24796
G1 X108.659 Y130.23 E1670.16638
G1 X108.659 Y127.666 E1670.29398
G1 X105.999 Y127.661 E1670.42636
G1 X105.636 Y127.605 E1670.44464
G1 X105.204 Y127.496 E1670.46681
G1 X104.97 Y127.403 E1670.47934
G1 X104.714 Y127.261 E1670.49391
G1 X104.457 Y127.083 E1670.50947
G1 X104.194 Y126.843 E1670.52719
G1 X103.975 Y126.512 E1670.54694
G1 X103.864 Y126.182 E1670.56426
G1 X103.81 Y125.879 E1670.57958
G1 X103.783 Y125.399 E1670.60351
G1 X103.833 Y124.885 E1670.62921
G1 X103.906 Y124.455 E1670.65091
G1 X104.054 Y123.802 E1670.68423
G1 X104.128 Y123.527 E1670.69841
G1 X104.241 Y123.155 E1670.71775
G1 X110.161 Y105.316 E1671.65313
G1 X110.585 Y103.888 E1671.72726
G1 X110.766 Y103.227 E1671.76137
G1 X110.97 Y102.402 E1671.80366
G1 X111.471 Y100.11 E1671.92041
G1 X111.564 Y99.564 E1671.94798
G1 X111.651 Y98.969 E1671.9779
G1 X111.709 Y98.48 E1672.00241
G1 X111.793 Y98.339 E1672.01058
G0 F9000 X111.988 Y98.295
G0 X112.147 Y97.588
;TYPE:FILL
G1 F3600 X107.018 Y92.459 E1672.46781
G0 F9000 X106.082 Y95.151
G1 F3600 X113.058 Y93.282 E1672.92306
G0 F9000 X112.84 Y92.654
G1 F3600 X111.49 Y97.691 E1673.25178
G0 F9000 X111.485 Y97.557
G0 X112.623 Y97.575
G0 X112.881 Y98.322
G1 F3600 X115.844 Y101.285 E1673.51592
G1 X115.877 Y101.379
G1 X113.828 Y101.928 E1673.64964
G0 F9000 X112.623 Y97.575
G0 X111.176 Y97.641
G0 X110.145 Y102.711
G1 F3600 X109.846 Y103.828 E1673.72253
G0 F9000 X110.089 Y102.93
G1 F3600 X102.683 Y104.914 E1674.20584
G0 F9000 X103.896 Y101.428
G1 F3600 X108.994 Y106.527 E1674.66035
G0 F9000 X106.972 Y112.616
G1 F3600 X99.285 Y114.676 E1675.16201
G0 F9000 X100.774 Y110.397
G1 F3600 X105.982 Y115.606 E1675.62633
G0 F9000 X103.748 Y122.332
G1 F3600 X95.886 Y124.438 E1676.13939
G0 F9000 X94.92 Y126.495
G1 F3600 X94.114 Y129.505 E1676.33582
G0 F9000 X95.697 Y129.504
G1 F3600 X93.807 Y127.614 E1676.50431
G0 F9000 X95.04 Y126.206
G0 X95.436 Y125.394
G0 X97.652 Y119.367
G1 F3600 X103.111 Y124.826 E1676.99096
G0 F9000 X103.234 Y126.208
G0 X103.577 Y127.224
G1 F3600 X102.966 Y129.504 E1677.13975
G0 F9000 X106.673 Y128.388
G1 F3600 X107.789 Y129.504 E1677.23924
G1 F2400 E1675.23924
G0 F9000 X104.367 Y127.798
G0 X103.707 Y127.265
G0 X103.396 Y126.793
G0 X103.172 Y125.943
G0 X103.142 Y125.405
G0 X103.28 Y124.324
G0 X103.63 Y122.964
G0 X111.176 Y97.641
G0 X112.623 Y97.575
G0 X121.073 Y123.873
G0 X121.352 Y125.438
G0 X121.255 Y126.26
G0 X120.94 Y126.991
G0 X120.414 Y127.575
G0 X119.872 Y127.911
G0 X118.728 Y128.352
G1 F1200 E1677.23924
G1 F3600 X119.88 Y129.503 E1677.34189
G0 F9000 X120.669 Y129.505
G1 F3600 X122.843 Y121.391 E1677.87141
G0 F9000 X122.301 Y119.833
G1 F3600 X118.542 Y116.074 E1678.20651
G0 F9000 X119.258 Y118.176
G1 F3600 X121.514 Y117.571 E1678.35375
G0 F9000 X116.791 Y110.943
G1 F3600 X117.841 Y107.022 E1678.60962
G0 F9000 X118.695 Y109.475
G1 F3600 X116.491 Y110.066 E1678.75346
G0 F9000 X121.073 Y123.873
G0 X121.324 Y125.281
G0 X121.266 Y126.49
G1 F3600 X124.378 Y125.656 E1678.95655
G0 F9000 X124.031 Y125.794
G1 F2400 E1676.95655
;MESH:NONMESH
G0 F600 X124.031 Y125.794 Z14.84
G0 F9000 X112.623 Y97.575
G0 X112.295 Y97.52
G1 F1200 E1678.95655
G0 F9000 X112.312 Y97.918
;TIME_ELAPSED:1051.732057
;LAYER:52
;TYPE:WALL-INNER
;MESH:felipe_mvm_v.stl
G1 F3900 X112.519 Y98.107 E1678.97205
G1 X112.614 Y98.288 E1678.98335
G1 X112.697 Y98.672 E1679.00508
G1 X112.904 Y99.551 E1679.05501
G1 X113.133 Y100.352 E1679.10108
G1 X113.405 Y101.39 E1679.16041
G1 X114.509 Y105.034 E1679.37095
G1 X120.445 Y122.43 E1680.38732
G1 X120.734 Y123.247 E1680.43524
G1 X120.885 Y123.774 E1680.46555
G1 X121.134 Y124.962 E1680.53267
G1 X121.188 Y125.442 E1680.55938
G1 X121.157 Y125.886 E1680.58399
G1 X121.097 Y126.212 E1680.60232
G1 X120.968 Y126.586 E1680.6242
G1 X120.801 Y126.903 E1680.64401
G1 X120.577 Y127.196 E1680.6644
G1 X120.313 Y127.447 E1680.68454
G1 X120.039 Y127.641 E1680.70311
G1 X119.659 Y127.852 E1680.72714
G1 X119.289 Y127.984 E1680.74886
G1 X118.942 Y128.073 E1680.76867
G1 X118.535 Y128.127 E1680.79137
G1 X118.203 Y128.141 E1680.80975
G1 X115.901 Y128.141 E1680.93704
G1 X115.901 Y129.755 E1681.02628
G1 X129.321 Y129.755 E1681.76834
G1 X129.321 Y128.141 E1681.85759
G1 X127.001 Y128.136 E1681.98587
G1 X126.481 Y128.009 E1682.01547
G1 X126.008 Y127.747 E1682.04537
G1 X125.686 Y127.462 E1682.06915
G1 X125.349 Y127.077 E1682.09744
G1 X125.037 Y126.534 E1682.13207
G1 X124.733 Y125.865 E1682.1727
G1 X124.374 Y124.979 E1682.22556
G1 X123.866 Y123.575 E1682.30812
G1 X112.267 Y90.245 E1684.25951
G1 X107.526 Y90.245 E1684.52167
G1 X95.371 Y125.159 E1686.56589
G1 X95.271 Y125.412 E1686.58093
G1 X95.143 Y125.686 E1686.59765
G1 X94.904 Y126.116 E1686.62485
G1 X94.476 Y126.652 E1686.66278
G1 X94.127 Y127.015 E1686.69063
G1 X93.662 Y127.41 E1686.72436
G1 X93.137 Y127.686 E1686.75716
G1 X92.665 Y127.876 E1686.78529
G1 X92.072 Y128.043 E1686.81936
G1 X91.611 Y128.122 E1686.84522
G1 X91.344 Y128.14 E1686.86002
G1 X90.679 Y128.141 E1686.89679
G1 X90.679 Y129.755 E1686.98604
G1 X108.184 Y129.755 E1687.95397
G1 X108.184 Y128.141 E1688.04322
G1 X105.972 Y128.138 E1688.16553
G1 X105.585 Y128.079 E1688.18718
G1 X105.07 Y127.954 E1688.21648
G1 X104.71 Y127.804 E1688.23805
G1 X104.429 Y127.642 E1688.25598
G1 X104.136 Y127.434 E1688.27585
G1 X103.83 Y127.154 E1688.29879
G1 X103.546 Y126.724 E1688.32728
G1 X103.405 Y126.317 E1688.3511
G1 X103.342 Y125.962 E1688.37104
G1 X103.306 Y125.412 E1688.40151
G1 X103.357 Y124.857 E1688.43233
G1 X103.435 Y124.387 E1688.45867
G1 X103.554 Y123.845 E1688.48936
G1 X103.673 Y123.39 E1688.51536
G1 X103.79 Y123.005 E1688.53761
G1 X109.707 Y105.174 E1689.57645
G1 X110.129 Y103.753 E1689.65841
G1 X110.306 Y103.107 E1689.69545
G1 X110.509 Y102.29 E1689.742
G1 X111.004 Y100.019 E1689.87052
G1 X111.089 Y99.531 E1689.89791
G1 X111.206 Y98.709 E1689.94382
G1 X111.24 Y98.408 E1689.96057
G1 X111.323 Y98.175 E1689.97425
G1 X111.5 Y97.969 E1689.98927
G1 X111.717 Y97.854 E1690.00285
G1 X112.083 Y97.83 E1690.02313
G1 X112.312 Y97.918 E1690.03669
G0 F9000 X112.067 Y98.325
;TYPE:WALL-OUTER
G1 F3000 X112.164 Y98.444 E1690.04433
G1 X112.235 Y98.781 E1690.06147
G1 X112.444 Y99.671 E1690.10697
G1 X112.673 Y100.473 E1690.14848
G1 X112.932 Y101.465 E1690.1995
G1 X113.792 Y104.323 E1690.34803
G1 X114.06 Y105.187 E1690.39305
G1 X119.997 Y122.587 E1691.30798
G1 X120.289 Y123.415 E1691.35168
G1 X120.42 Y123.871 E1691.37529
G1 X120.664 Y125.037 E1691.43457
G1 X120.709 Y125.433 E1691.45441
G1 X120.689 Y125.802 E1691.4728
G1 X120.636 Y126.096 E1691.48766
G1 X120.535 Y126.39 E1691.50313
G1 X120.388 Y126.66 E1691.51843
G1 X120.209 Y126.89 E1691.53294
G1 X120.022 Y127.069 E1691.54582
G1 X119.741 Y127.268 E1691.56295
G1 X119.448 Y127.423 E1691.57945
G1 X119.188 Y127.518 E1691.59323
G1 X118.853 Y127.605 E1691.61045
G1 X118.515 Y127.652 E1691.62743
G1 X118.183 Y127.666 E1691.64397
G1 X115.426 Y127.666 E1691.78117
G1 X115.426 Y130.23 E1691.90877
G1 X129.796 Y130.23 E1692.6239
G1 X129.796 Y127.666 E1692.7515
G1 X127.06 Y127.661 E1692.88766
G1 X126.655 Y127.562 E1692.90841
G1 X126.268 Y127.343 E1692.93054
G1 X126.043 Y127.148 E1692.94535
G1 X125.727 Y126.782 E1692.96942
G1 X125.439 Y126.278 E1692.99831
G1 X125.173 Y125.686 E1693.0306
G1 X124.821 Y124.817 E1693.07726
G1 X124.315 Y123.419 E1693.15125
G1 X112.605 Y89.77 E1694.92431
G1 X107.188 Y89.77 E1695.19389
G1 X94.929 Y124.984 E1697.04949
G1 X94.823 Y125.251 E1697.06379
G1 X94.706 Y125.497 E1697.07734
G1 X94.498 Y125.863 E1697.09829
G1 X94.13 Y126.326 E1697.12773
G1 X93.82 Y126.653 E1697.15015
G1 X93.412 Y126.999 E1697.17677
G1 X92.956 Y127.247 E1697.20261
G1 X92.561 Y127.41 E1697.22387
G1 X91.921 Y127.59 E1697.25696
G1 X91.579 Y127.648 E1697.27422
G1 X91.312 Y127.666 E1697.28754
G1 X90.204 Y127.666 E1697.34268
G1 X90.204 Y130.23 E1697.47028
G1 X108.659 Y130.23 E1698.3887
G1 X108.659 Y127.666 E1698.5163
G1 X105.999 Y127.661 E1698.64867
G1 X105.636 Y127.605 E1698.66695
G1 X105.204 Y127.496 E1698.68912
G1 X104.97 Y127.403 E1698.70166
G1 X104.714 Y127.261 E1698.71622
G1 X104.457 Y127.083 E1698.73178
G1 X104.194 Y126.843 E1698.7495
G1 X103.975 Y126.512 E1698.76925
G1 X103.864 Y126.182 E1698.78658
G1 X103.81 Y125.879 E1698.8019
G1 X103.783 Y125.399 E1698.82582
G1 X103.833 Y124.885 E1698.85152
G1 X103.906 Y124.456 E1698.87318
G1 X104.014 Y123.965 E1698.8982
G1 X104.128 Y123.527 E1698.92072
G1 X104.241 Y123.155 E1698.94007
G1 X110.161 Y105.316 E1699.87544
G1 X110.586 Y103.884 E1699.94978
G1 X110.766 Y103.227 E1699.98368
G1 X110.971 Y102.398 E1700.02618
G1 X111.471 Y100.11 E1700.14273
G1 X111.558 Y99.605 E1700.16823
G1 X111.677 Y98.769 E1700.21025
G1 X111.715 Y98.434 E1700.22703
G1 X111.863 Y98.306 E1700.23677
G1 X112.067 Y98.325 E1700.24697
G0 F9000 X112.164 Y98.444
G0 X112.173 Y98.49
G0 X112.861 Y98.353
G0 X112.633 Y97.577
G0 X111.172 Y97.639
G0 X111.074 Y97.893
G0 X111.226 Y97.911
;TYPE:FILL
G1 F3600 X112.724 Y92.321 E1700.61177
G0 F9000 X113.124 Y93.47
G1 F3600 X106.003 Y95.378 E1701.07649
G0 F9000 X107.09 Y92.251
G1 F3600 X115.693 Y100.854 E1701.84342
G0 F9000 X115.942 Y101.566
G1 F3600 X113.886 Y102.117 E1701.97759
G0 F9000 X112.633 Y97.577
G0 X111.172 Y97.639
G0 X110.033 Y103.149
G1 F3600 X102.605 Y105.14 E1702.46235
G0 F9000 X103.968 Y101.22
G1 F3600 X109.064 Y106.317 E1702.91669
G0 F9000 X108.597 Y107.723
G1 F3600 X110.884 Y99.187 E1703.47375
G0 F9000 X111.172 Y97.639
G0 X112.633 Y97.577
G0 X117.725 Y106.692
G1 F3600 X116.676 Y110.607 E1703.72924
G0 F9000 X116.554 Y110.254
G1 F3600 X118.759 Y109.663 E1703.87314
G0 F9000 X118.394 Y115.646
G1 F3600 X122.149 Y119.401 E1704.20788
G0 F9000 X121.578 Y117.759
G1 F3600 X119.32 Y118.364 E1704.35524
G0 F9000 X122.726 Y121.063
G1 F3600 X121.358 Y126.169 E1704.68846
G1 X121.298 Y126.393
G1 X120.464 Y129.505 E1704.89155
G0 F9000 X120.16 Y129.503
G1 F3600 X118.976 Y128.32 E1704.99705
G0 F9000 X120.092 Y127.806
G0 X120.583 Y127.402
G0 X121.177 Y126.718
G1 F3600 X124.453 Y125.84 E1705.21085
G1 F2400 E1703.21085
G0 F9000 X112.633 Y97.577
G0 X111.172 Y97.639
G0 X103.393 Y123.822
G0 X103.142 Y125.405
G0 X103.248 Y126.362
G0 X103.396 Y126.793
G0 X103.707 Y127.265
G0 X104.367 Y127.798
G0 X107.934 Y129.369
G1 F1200 E1705.21085
G1 F3600 X106.953 Y128.388 E1705.2983
G0 F9000 X105.522 Y128.235
G0 X104.687 Y127.978
G0 X104.188 Y127.667
G0 X103.431 Y127.004
G1 F3600 X102.761 Y129.504 E1705.46145
G0 F9000 X103.149 Y124.584
G1 F3600 X97.724 Y119.159 E1705.94507
G0 F9000 X99.206 Y114.902
G1 F3600 X106.898 Y112.841 E1706.44705
G0 F9000 X106.051 Y115.395
G1 F3600 X100.846 Y110.189 E1706.91111
G0 F9000 X103.673 Y122.557
G1 F3600 X95.808 Y124.664 E1707.42437
G0 F9000 X95.187 Y125.912
G0 X94.618 Y126.86
G1 F3600 X93.909 Y129.505 E1707.59698
G0 F9000 X93.958 Y127.484
G1 F3600 X95.977 Y129.504 E1707.77702
G0 F9000 X95.977 Y129.13
G1 F2400 E1705.77702
;MESH:NONMESH
G0 F600 X95.977 Y129.13 Z15.12
G0 F9000 X111.172 Y97.639
G0 X112.633 Y97.577
G0 X112.798 Y98.043
G1 F1200 E1707.77702
G0 F9000 X112.516 Y98.098
;TIME_ELAPSED:1068.682397
;LAYER:53
;TYPE:WALL-INNER
;MESH:felipe_mvm_v.stl
G1 F3900 X112.613 Y98.284 E1707.78862
G1 X112.791 Y99.089 E1707.8342
G1 X112.903 Y99.549 E1707.86038
G1 X113.133 Y100.354 E1707.90668
G1 X113.405 Y101.389 E1707.96585
G1 X114.511 Y105.038 E1708.17669
G1 X120.445 Y122.428 E1709.19271
G1 X120.768 Y123.348 E1709.24662
G1 X120.916 Y123.925 E1709.27956
G1 X121.134 Y124.961 E1709.3381
G1 X121.188 Y125.442 E1709.36486
G1 X121.157 Y125.886 E1709.38947
G1 X121.097 Y126.212 E1709.4078
G1 X120.968 Y126.586 E1709.42968
G1 X120.801 Y126.903 E1709.44949
G1 X120.577 Y127.196 E1709.46989
G1 X120.313 Y127.447 E1709.49003
G1 X120.039 Y127.641 E1709.50859
G1 X119.659 Y127.852 E1709.53263
G1 X119.289 Y127.984 E1709.55435
G1 X118.942 Y128.073 E1709.57416
G1 X118.535 Y128.127 E1709.59686
G1 X118.203 Y128.141 E1709.61523
G1 X115.901 Y128.141 E1709.74252
G1 X115.901 Y129.755 E1709.83177
G1 X129.321 Y129.755 E1710.57383
G1 X129.321 Y128.141 E1710.66307
G1 X127.001 Y128.136 E1710.79136
G1 X126.481 Y128.009 E1710.82096
G1 X126.008 Y127.747 E1710.85085
G1 X125.686 Y127.462 E1710.87463
G1 X125.349 Y127.077 E1710.90292
G1 X125.037 Y126.534 E1710.93755
G1 X124.733 Y125.865 E1710.97819
G1 X124.375 Y124.981 E1711.03092
G1 X124.011 Y123.987 E1711.08946
G1 X112.267 Y90.245 E1713.065
G1 X107.526 Y90.245 E1713.32715
G1 X95.371 Y125.159 E1715.37137
G1 X95.271 Y125.412 E1715.38641
G1 X95.143 Y125.686 E1715.40314
G1 X94.904 Y126.116 E1715.43034
G1 X94.476 Y126.652 E1715.46827
G1 X94.127 Y127.015 E1715.49611
G1 X93.662 Y127.41 E1715.52985
G1 X93.137 Y127.686 E1715.56264
G1 X92.665 Y127.876 E1715.59078
G1 X92.072 Y128.043 E1715.62484
G1 X91.55 Y128.137 E1715.65417
G1 X90.679 Y128.14 E1715.70233
G1 X90.679 Y128.946 E1715.7469
G1 X90.679 Y129.755 E1715.79164
G1 X108.184 Y129.755 E1716.75957
G1 X108.184 Y128.141 E1716.84882
G1 X105.972 Y128.138 E1716.97113
G1 X105.585 Y128.079 E1716.99278
G1 X105.07 Y127.954 E1717.02208
G1 X104.71 Y127.804 E1717.04365
G1 X104.429 Y127.642 E1717.06158
G1 X104.136 Y127.434 E1717.08145
G1 X103.83 Y127.154 E1717.10439
G1 X103.546 Y126.724 E1717.13288
G1 X103.405 Y126.317 E1717.1567
G1 X103.342 Y125.962 E1717.17663
G1 X103.306 Y125.412 E1717.20711
G1 X103.357 Y124.857 E1717.23793
G1 X103.435 Y124.387 E1717.26427
G1 X103.554 Y123.845 E1717.29496
G1 X103.673 Y123.39 E1717.32096
G1 X103.79 Y123.005 E1717.34321
G1 X109.707 Y105.174 E1718.38205
G1 X110.13 Y103.749 E1718.46424
G1 X110.306 Y103.107 E1718.50105
G1 X110.51 Y102.286 E1718.54783
G1 X111.004 Y100.02 E1718.67607
G1 X111.089 Y99.526 E1718.70379
G1 X111.18 Y98.906 E1718.73844
G1 X111.24 Y98.404 E1718.76639
G1 X111.324 Y98.169 E1718.78019
G1 X111.5 Y97.965 E1718.79509
G1 X111.717 Y97.85 E1718.80867
G1 X112.081 Y97.827 E1718.82884
G1 X112.309 Y97.912 E1718.84229
G1 X112.516 Y98.098 E1718.85768
G0 F9000 X111.793 Y98.339
;TYPE:WALL-OUTER
G1 F3000 X111.993 Y98.293 E1718.86789
G1 X112.066 Y98.321 E1718.87178
G1 X112.164 Y98.44 E1718.87945
G1 X112.329 Y99.2 E1718.91816
G1 X112.443 Y99.67 E1718.94223
G1 X112.673 Y100.475 E1718.98389
G1 X112.94 Y101.494 E1719.03631
G1 X114.062 Y105.192 E1719.22863
G1 X119.997 Y122.584 E1720.14316
G1 X120.326 Y123.525 E1720.19277
G1 X120.451 Y124.022 E1720.21827
G1 X120.664 Y125.038 E1720.26993
G1 X120.709 Y125.433 E1720.28972
G1 X120.689 Y125.802 E1720.30811
G1 X120.636 Y126.096 E1720.32297
G1 X120.535 Y126.39 E1720.33844
G1 X120.388 Y126.66 E1720.35374
G1 X120.209 Y126.89 E1720.36825
G1 X120.022 Y127.069 E1720.38113
G1 X119.741 Y127.268 E1720.39827
G1 X119.448 Y127.423 E1720.41476
G1 X119.188 Y127.518 E1720.42854
G1 X118.853 Y127.605 E1720.44576
G1 X118.515 Y127.652 E1720.46274
G1 X118.183 Y127.666 E1720.47928
G1 X115.426 Y127.666 E1720.61648
G1 X115.426 Y130.23 E1720.74408
G1 X129.796 Y130.23 E1721.45921
G1 X129.796 Y127.666 E1721.58681
G1 X127.06 Y127.661 E1721.72297
G1 X126.655 Y127.562 E1721.74372
G1 X126.268 Y127.343 E1721.76585
G1 X126.043 Y127.148 E1721.78066
G1 X125.727 Y126.782 E1721.80473
G1 X125.439 Y126.278 E1721.83362
G1 X125.173 Y125.686 E1721.86591
G1 X124.821 Y124.818 E1721.91253
G1 X124.46 Y123.83 E1721.96488
G1 X112.605 Y89.77 E1723.75963
G1 X107.188 Y89.77 E1724.02921
G1 X94.929 Y124.984 E1725.8848
G1 X94.823 Y125.251 E1725.8991
G1 X94.706 Y125.497 E1725.91266
G1 X94.498 Y125.863 E1725.93361
G1 X94.13 Y126.326 E1725.96304
G1 X93.82 Y126.653 E1725.98546
G1 X93.412 Y126.999 E1726.01209
G1 X92.956 Y127.247 E1726.03792
G1 X92.561 Y127.41 E1726.05918
G1 X91.921 Y127.59 E1726.09227
G1 X91.523 Y127.659 E1726.11237
G1 X90.204 Y127.666 E1726.17801
G1 X90.204 Y128.946 E1726.24171
G1 X90.204 Y130.23 E1726.30561
G1 X108.659 Y130.23 E1727.22403
G1 X108.659 Y127.666 E1727.35163
G1 X105.999 Y127.661 E1727.48401
G1 X105.636 Y127.605 E1727.50229
G1 X105.204 Y127.496 E1727.52446
G1 X104.97 Y127.403 E1727.53699
G1 X104.714 Y127.261 E1727.55156
G1 X104.457 Y127.083 E1727.56712
G1 X104.194 Y126.843 E1727.58484
G1 X103.975 Y126.512 E1727.60459
G1 X103.864 Y126.182 E1727.62191
G1 X103.81 Y125.879 E1727.63723
G1 X103.783 Y125.399 E1727.66116
G1 X103.833 Y124.885 E1727.68686
G1 X103.906 Y124.456 E1727.70851
G1 X104.014 Y123.965 E1727.73353
G1 X104.128 Y123.527 E1727.75605
G1 X104.241 Y123.155 E1727.7754
G1 X110.161 Y105.316 E1728.71078
G1 X110.587 Y103.88 E1728.78532
G1 X110.766 Y103.227 E1728.81901
G1 X110.972 Y102.394 E1728.86172
G1 X111.471 Y100.11 E1728.97806
G1 X111.558 Y99.601 E1729.00376
G1 X111.651 Y98.969 E1729.03555
G1 X111.709 Y98.48 E1729.06006
G1 X111.793 Y98.339 E1729.06822
G0 F9000 X111.988 Y98.295
G0 X111.954 Y97.536
G0 X112.623 Y97.575
G0 X115.545 Y100.426
;TYPE:FILL
G1 F3600 X107.163 Y92.044 E1729.81545
G0 F9000 X105.925 Y95.604
G1 F3600 X113.189 Y93.657 E1730.28951
G0 F9000 X112.608 Y91.988
G1 F3600 X107.533 Y110.93 E1731.52566
G0 F9000 X106.823 Y113.066
G1 F3600 X99.128 Y115.128 E1732.02783
G0 F9000 X97.796 Y118.951
G1 F3600 X103.188 Y124.344 E1732.50856
G0 F9000 X103.598 Y122.782
G1 F3600 X95.729 Y124.891 E1733.0221
G0 F9000 X95.171 Y125.955
G0 X94.332 Y127.16
G1 F3600 X93.704 Y129.505 E1733.17513
G0 F9000 X94.108 Y127.354
G1 F3600 X96.257 Y129.504 E1733.36675
G0 F9000 X102.556 Y129.505
G1 F3600 X103.292 Y126.756 E1733.54614
G0 F9000 X103.707 Y127.265
G0 X104.367 Y127.798
G0 X105.032 Y128.112
G0 X105.788 Y128.265
G0 X107.233 Y128.388
G1 F3600 X107.934 Y129.089 E1733.60863
G1 F2400 E1731.60863
G0 F9000 X104.687 Y127.978
G0 X104.07 Y127.593
G0 X103.707 Y127.265
G0 X103.396 Y126.793
G0 X103.172 Y125.943
G0 X103.142 Y125.405
G0 X103.393 Y123.822
G0 X111.176 Y97.641
G0 X112.623 Y97.575
G0 X121.072 Y123.873
G0 X121.352 Y125.437
G0 X121.255 Y126.26
G0 X120.94 Y126.991
G0 X120.414 Y127.575
G0 X119.2 Y128.264
G1 F1200 E1733.60863
G1 F3600 X120.44 Y129.503 E1733.71913
G1 X120.259 Y129.505
G1 X120.871 Y127.219 E1733.8683
G0 F9000 X121.054 Y126.956
G1 F3600 X124.531 Y126.025 E1734.0952
G0 F9000 X121.411 Y125.203
G1 F3600 X122.611 Y120.726 E1734.38738
G0 F9000 X122.002 Y118.974
G1 F3600 X118.255 Y115.227 E1734.72141
G0 F9000 X119.39 Y118.551
G1 F3600 X121.644 Y117.946 E1734.86852
G0 F9000 X118.826 Y109.85
G1 F3600 X116.621 Y110.441 E1735.01242
G1 X116.562 Y110.268
G1 X117.61 Y106.357 E1735.26765
G0 F9000 X116.007 Y101.754
G1 F3600 X113.943 Y102.307 E1735.40235
G0 F9000 X112.623 Y97.575
G0 X111.176 Y97.641
G0 X109.972 Y103.371
G1 F3600 X102.526 Y105.366 E1735.88827
G0 F9000 X104.04 Y101.013
G1 F3600 X109.134 Y106.107 E1736.34239
G0 F9000 X100.918 Y109.982
G1 F3600 X106.121 Y115.185 E1736.80622
G0 F9000 X105.767 Y115.067
;MESH:NONMESH
G0 F600 X105.767 Y115.067 Z15.4
G0 F9000 X111.047 Y98.144
G0 X111.32 Y98.176
;TIME_ELAPSED:1085.023858
;LAYER:54
;TYPE:WALL-INNER
;MESH:felipe_mvm_v.stl
G1 F3900 X111.405 Y98.055 E1736.81439
G1 X111.606 Y97.897 E1736.82853
G1 X111.951 Y97.817 E1736.84811
G1 X112.148 Y97.844 E1736.85911
G1 X112.356 Y97.944 E1736.87187
G1 X112.536 Y98.128 E1736.8861
G1 X112.614 Y98.286 E1736.89585
G1 X112.905 Y99.553 E1736.96773
G1 X113.238 Y100.739 E1737.03585
G1 X113.407 Y101.395 E1737.0733
G1 X113.952 Y103.184 E1737.17671
G1 X114.253 Y104.2 E1737.23531
G1 X114.51 Y105.034 E1737.28356
G1 X120.443 Y122.419 E1738.2993
G1 X120.736 Y123.252 E1738.34813
G1 X120.886 Y123.777 E1738.37832
G1 X121.135 Y124.966 E1738.4455
G1 X121.187 Y125.419 E1738.47071
G1 X121.165 Y125.828 E1738.49336
G1 X121.097 Y126.212 E1738.51492
G1 X120.968 Y126.586 E1738.5368
G1 X120.801 Y126.903 E1738.55661
G1 X120.577 Y127.196 E1738.577
G1 X120.313 Y127.447 E1738.59714
G1 X120.039 Y127.641 E1738.61571
G1 X119.659 Y127.852 E1738.63974
G1 X119.289 Y127.984 E1738.66146
G1 X118.942 Y128.073 E1738.68127
G1 X118.535 Y128.127 E1738.70398
G1 X118.203 Y128.141 E1738.72235
G1 X115.901 Y128.141 E1738.84964
G1 X115.901 Y129.755 E1738.93888
G1 X129.321 Y129.755 E1739.68094
G1 X129.321 Y128.141 E1739.77019
G1 X127.001 Y128.136 E1739.89847
G1 X126.481 Y128.009 E1739.92807
G1 X126.008 Y127.747 E1739.95797
G1 X125.686 Y127.462 E1739.98175
G1 X125.349 Y127.077 E1740.01004
G1 X125.037 Y126.534 E1740.04467
G1 X124.734 Y125.868 E1740.08513
G1 X124.526 Y125.364 E1740.11528
G1 X124.248 Y124.64 E1740.15816
G1 X124.009 Y123.981 E1740.19692
G1 X112.267 Y90.245 E1742.17212
G1 X107.526 Y90.245 E1742.43427
G1 X95.371 Y125.159 E1744.47849
G1 X95.271 Y125.412 E1744.49353
G1 X95.143 Y125.686 E1744.51025
G1 X94.904 Y126.116 E1744.53746
G1 X94.476 Y126.652 E1744.57538
G1 X94.127 Y127.015 E1744.60323
G1 X93.662 Y127.41 E1744.63696
G1 X93.137 Y127.686 E1744.66976
G1 X92.665 Y127.876 E1744.6979
G1 X92.072 Y128.043 E1744.73196
G1 X91.55 Y128.137 E1744.76129
G1 X90.679 Y128.14 E1744.80945
G1 X90.679 Y128.946 E1744.85402
G1 X90.679 Y129.755 E1744.89875
G1 X108.184 Y129.755 E1745.86669
G1 X108.184 Y128.141 E1745.95594
G1 X105.972 Y128.138 E1746.07825
G1 X105.585 Y128.079 E1746.0999
G1 X105.07 Y127.954 E1746.1292
G1 X104.71 Y127.804 E1746.15077
G1 X104.429 Y127.642 E1746.1687
G1 X104.136 Y127.434 E1746.18857
G1 X103.83 Y127.154 E1746.2115
G1 X103.546 Y126.724 E1746.24
G1 X103.405 Y126.317 E1746.26382
G1 X103.342 Y125.962 E1746.28375
G1 X103.304 Y125.429 E1746.3133
G1 X103.357 Y124.858 E1746.34501
G1 X103.435 Y124.387 E1746.37141
G1 X103.553 Y123.849 E1746.40186
G1 X103.671 Y123.389 E1746.42812
G1 X103.788 Y123.004 E1746.45037
G1 X109.702 Y105.185 E1747.48852
G1 X109.981 Y104.263 E1747.54179
G1 X110.211 Y103.459 E1747.58803
G1 X110.389 Y102.779 E1747.6269
G1 X110.517 Y102.247 E1747.65715
G1 X111.004 Y100.023 E1747.78304
G1 X111.134 Y99.243 E1747.82677
G1 X111.24 Y98.404 E1747.87353
G1 X111.32 Y98.176 E1747.88689
G0 F9000 X111.827 Y98.317
;TYPE:WALL-OUTER
G1 F3000 X111.951 Y98.292 E1747.89318
G1 X112.082 Y98.332 E1747.9
G1 X112.164 Y98.442 E1747.90683
G1 X112.235 Y98.782 E1747.92411
G1 X112.454 Y99.706 E1747.97137
G1 X112.778 Y100.858 E1748.03093
G1 X112.941 Y101.496 E1748.0637
G1 X114.061 Y105.187 E1748.25565
G1 X120.003 Y122.597 E1749.17114
G1 X120.112 Y122.893 E1749.18684
G1 X120.289 Y123.415 E1749.21427
G1 X120.421 Y123.874 E1749.23804
G1 X120.668 Y125.062 E1749.29842
G1 X120.71 Y125.422 E1749.31646
G1 X120.691 Y125.789 E1749.33475
G1 X120.636 Y126.096 E1749.35027
G1 X120.535 Y126.39 E1749.36574
G1 X120.388 Y126.66 E1749.38104
G1 X120.209 Y126.89 E1749.39554
G1 X120.022 Y127.069 E1749.40842
G1 X119.741 Y127.268 E1749.42556
G1 X119.448 Y127.423 E1749.44206
G1 X119.188 Y127.518 E1749.45583
G1 X118.853 Y127.605 E1749.47306
G1 X118.515 Y127.652 E1749.49004
G1 X118.183 Y127.666 E1749.50657
G1 X115.426 Y127.666 E1749.64378
G1 X115.426 Y130.23 E1749.77138
G1 X129.796 Y130.23 E1750.48651
G1 X129.796 Y127.666 E1750.61411
G1 X127.06 Y127.661 E1750.75026
G1 X126.655 Y127.562 E1750.77101
G1 X126.268 Y127.343 E1750.79314
G1 X126.043 Y127.148 E1750.80796
G1 X125.727 Y126.782 E1750.83202
G1 X125.439 Y126.278 E1750.86091
G1 X125.173 Y125.687 E1750.89316
G1 X124.97 Y125.193 E1750.91974
G1 X124.695 Y124.479 E1750.95782
G1 X124.458 Y123.824 E1750.99248
G1 X112.605 Y89.77 E1752.78692
G1 X107.188 Y89.77 E1753.0565
G1 X94.929 Y124.984 E1754.9121
G1 X94.823 Y125.251 E1754.92639
G1 X94.706 Y125.497 E1754.93995
G1 X94.498 Y125.863 E1754.9609
G1 X94.13 Y126.326 E1754.99033
G1 X93.82 Y126.653 E1755.01276
G1 X93.412 Y126.999 E1755.03938
G1 X92.956 Y127.247 E1755.06521
G1 X92.561 Y127.41 E1755.08648
G1 X91.921 Y127.59 E1755.11956
G1 X91.523 Y127.659 E1755.13966
G1 X90.204 Y127.666 E1755.20531
G1 X90.204 Y128.946 E1755.26901
G1 X90.204 Y130.23 E1755.3329
G1 X108.659 Y130.23 E1756.25133
G1 X108.659 Y127.666 E1756.37892
G1 X105.999 Y127.661 E1756.5113
G1 X105.636 Y127.605 E1756.52958
G1 X105.204 Y127.496 E1756.55175
G1 X104.97 Y127.403 E1756.56428
G1 X104.714 Y127.261 E1756.57885
G1 X104.457 Y127.083 E1756.59441
G1 X104.194 Y126.843 E1756.61213
G1 X103.975 Y126.512 E1756.63188
G1 X103.864 Y126.182 E1756.64921
G1 X103.807 Y125.854 E1756.66577
G1 X103.782 Y125.42 E1756.68741
G1 X103.833 Y124.885 E1756.71415
G1 X103.906 Y124.455 E1756.73586
G1 X104.013 Y123.967 E1756.76072
G1 X104.126 Y123.526 E1756.78338
G1 X104.239 Y123.154 E1756.80273
G1 X110.155 Y105.328 E1757.73742
G1 X110.43 Y104.422 E1757.78454
G1 X110.669 Y103.585 E1757.82786
G1 X110.851 Y102.891 E1757.86357
G1 X110.981 Y102.348 E1757.89135
G1 X111.47 Y100.113 E1758.00521
G1 X111.604 Y99.312 E1758.04562
G1 X111.719 Y98.442 E1758.0893
G1 X111.827 Y98.317 E1758.09752
G0 F9000 X111.951 Y98.292
G0 X112.022 Y98.313
G0 X111.995 Y97.534
G0 X112.57 Y97.576
G0 X115.396 Y99.996
;TYPE:FILL
G1 F3600 X107.235 Y91.836 E1758.825
G0 F9000 X105.846 Y95.83
G1 F3600 X113.254 Y93.845 E1759.30845
G0 F9000 X112.492 Y91.656
G1 F3600 X106.476 Y114.11 E1760.77378
G0 F9000 X106.746 Y113.292
G1 F3600 X99.049 Y115.354 E1761.27608
G0 F9000 X97.868 Y118.743
G1 F3600 X103.239 Y124.114 E1761.75489
G0 F9000 X103.525 Y123.007
G1 F3600 X95.65 Y125.116 E1762.2688
G0 F9000 X95.156 Y125.998
G0 X94.258 Y127.225
G1 F3600 X96.537 Y129.504 E1762.47196
G0 F9000 X93.499 Y129.505
G1 F3600 X94.066 Y127.389 E1762.61005
G0 F9000 X102.351 Y129.505
G1 F3600 X103.177 Y126.421 E1762.81131
G0 F9000 X103.707 Y127.265
G0 X104.367 Y127.798
G0 X105.032 Y128.112
G0 X105.788 Y128.265
G0 X107.514 Y128.389
G1 F3600 X107.934 Y128.809 E1762.84875
G1 F2400 E1760.84875
G0 F9000 X105.032 Y128.112
G0 X104.367 Y127.798
G0 X103.707 Y127.265
G0 X103.396 Y126.793
G0 X103.173 Y125.945
G0 X103.141 Y125.427
G0 X103.279 Y124.326
G0 X103.63 Y122.964
G0 X111.183 Y97.634
G0 X112.634 Y97.581
G0 X121.074 Y123.878
G0 X121.352 Y125.418
G0 X121.255 Y126.26
G0 X120.94 Y126.991
G0 X120.414 Y127.575
G0 X119.743 Y127.991
G0 X119.065 Y128.207
G0 X116.15 Y128.475
G1 F1200 E1762.84875
G1 F3600 X116.467 Y128.39 E1762.86944
G0 F9000 X119.419 Y128.202
G1 F3600 X120.72 Y129.503 E1762.98542
G0 F9000 X120.054 Y129.505
G1 F3600 X120.582 Y127.534 E1763.11404
G0 F9000 X120.88 Y127.208
G1 F3600 X124.613 Y126.208 E1763.35765
G0 F9000 X121.338 Y124.714
G1 F3600 X122.495 Y120.393 E1763.63963
G0 F9000 X121.852 Y118.544
G1 F3600 X118.106 Y114.798 E1763.97357
G0 F9000 X119.45 Y118.739
G1 F3600 X121.709 Y118.134 E1764.12099
G0 F9000 X118.891 Y110.038
G1 F3600 X116.682 Y110.629 E1764.26513
G0 F9000 X116.446 Y109.933
G1 F3600 X117.494 Y106.024 E1764.52024
G0 F9000 X116.072 Y101.941
G1 F3600 X114 Y102.496 E1764.65546
G0 F9000 X112.634 Y97.581
G0 X111.183 Y97.634
G0 X109.911 Y103.592
G1 F3600 X102.448 Y105.592 E1765.1425
G0 F9000 X100.991 Y109.774
G1 F3600 X106.19 Y114.974 E1765.60602
G0 F9000 X109.203 Y105.895
G1 F3600 X104.112 Y100.805 E1766.05982
G1 F2400 E1764.05982
G0 F9000 X111.183 Y97.634
G0 X112.634 Y97.581
G0 X124.875 Y126.579
G0 X125.218 Y127.178
G0 X125.918 Y127.885
G0 X126.323 Y128.11
G0 X129.07 Y128.891
G1 F1200 E1766.05982
G1 F3600 X128.905 Y129.505 E1766.0999
G0 F9000 X128.696 Y129.13
G1 F2400 E1764.0999
;MESH:NONMESH
G0 F600 X128.696 Y129.13 Z15.68
G0 F9000 X126.42 Y128.163
G0 X125.918 Y127.885
G0 X125.218 Y127.178
G0 X124.588 Y125.943
G0 X112.634 Y97.581
G0 X111.183 Y97.634
G0 X111.064 Y98.018
G1 F1200 E1766.0999
G0 F9000 X111.403 Y98.061
;TIME_ELAPSED:1103.140944
;LAYER:55
;TYPE:WALL-INNER
;MESH:felipe_mvm_v.stl
G1 F3900 X111.606 Y97.9 E1766.11422
G1 X111.951 Y97.82 E1766.13381
G1 X112.146 Y97.848 E1766.1447
G1 X112.353 Y97.946 E1766.15736
G1 X112.533 Y98.128 E1766.17152
G1 X112.613 Y98.29 E1766.18151
G1 X112.738 Y98.857 E1766.21361
G1 X112.912 Y99.588 E1766.25516
G1 X113.234 Y100.725 E1766.32051
G1 X113.406 Y101.395 E1766.35876
G1 X114.509 Y105.034 E1766.56901
G1 X120.447 Y122.433 E1767.58558
G1 X120.607 Y122.871 E1767.61136
G1 X120.817 Y123.527 E1767.64945
G1 X120.917 Y123.928 E1767.6723
G1 X121.13 Y124.945 E1767.72976
G1 X121.189 Y125.427 E1767.75661
G1 X121.157 Y125.886 E1767.78205
G1 X121.092 Y126.229 E1767.80135
G1 X120.968 Y126.586 E1767.82225
G1 X120.801 Y126.903 E1767.84206
G1 X120.577 Y127.196 E1767.86246
G1 X120.313 Y127.447 E1767.8826
G1 X120.039 Y127.641 E1767.90116
G1 X119.659 Y127.852 E1767.9252
G1 X119.289 Y127.984 E1767.94692
G1 X118.942 Y128.073 E1767.96673
G1 X118.535 Y128.127 E1767.98943
G1 X118.203 Y128.141 E1768.0078
G1 X115.901 Y128.141 E1768.13509
G1 X115.901 Y129.755 E1768.22434
G1 X129.321 Y129.755 E1768.9664
G1 X129.321 Y128.141 E1769.05564
G1 X127.001 Y128.136 E1769.18393
G1 X126.481 Y128.009 E1769.21353
G1 X126.013 Y127.75 E1769.2431
G1 X125.718 Y127.498 E1769.26456
G1 X125.351 Y127.078 E1769.2954
G1 X125.039 Y126.537 E1769.32993
G1 X124.756 Y125.919 E1769.36752
G1 X124.376 Y124.984 E1769.42332
G1 X124.146 Y124.365 E1769.45984
G1 X112.267 Y90.245 E1771.45757
G1 X107.526 Y90.245 E1771.71973
G1 X95.371 Y125.159 E1773.76395
G1 X95.271 Y125.412 E1773.77899
G1 X95.143 Y125.686 E1773.79571
G1 X94.904 Y126.116 E1773.82291
G1 X94.476 Y126.652 E1773.86084
G1 X94.127 Y127.015 E1773.88869
G1 X93.664 Y127.409 E1773.9223
G1 X93.2 Y127.656 E1773.95137
G1 X92.672 Y127.873 E1773.98293
G1 X92.046 Y128.049 E1774.01889
G1 X91.569 Y128.137 E1774.04571
G1 X90.679 Y128.14 E1774.09492
G1 X90.679 Y129.755 E1774.18423
G1 X108.184 Y129.755 E1775.15216
G1 X108.184 Y128.141 E1775.24141
G1 X105.972 Y128.138 E1775.36372
G1 X105.585 Y128.079 E1775.38537
G1 X105.07 Y127.954 E1775.41467
G1 X104.71 Y127.804 E1775.43624
G1 X104.429 Y127.642 E1775.45417
G1 X104.136 Y127.434 E1775.47404
G1 X103.829 Y127.152 E1775.49709
G1 X103.5 Y126.657 E1775.52996
G1 X103.376 Y126.173 E1775.55758
G1 X103.325 Y125.8 E1775.5784
G1 X103.32 Y125.253 E1775.60865
G1 X103.357 Y124.857 E1775.63064
G1 X103.435 Y124.387 E1775.65698
G1 X103.592 Y123.693 E1775.69633
G1 X103.778 Y123.043 E1775.73371
G1 X109.708 Y105.172 E1776.77487
G1 X109.981 Y104.264 E1776.8273
G1 X110.212 Y103.457 E1776.87372
G1 X110.382 Y102.811 E1776.91065
G1 X110.52 Y102.24 E1776.94313
G1 X111.004 Y100.019 E1777.06883
G1 X111.091 Y99.519 E1777.09689
G1 X111.207 Y98.698 E1777.14274
G1 X111.24 Y98.408 E1777.15888
G1 X111.403 Y98.061 E1777.18008
G0 F9000 X112.081 Y98.336
;TYPE:WALL-OUTER
G1 F3000 X112.164 Y98.446 E1777.18693
G1 X112.275 Y98.967 E1777.21344
G1 X112.446 Y99.684 E1777.25013
G1 X112.777 Y100.859 E1777.31088
G1 X112.951 Y101.532 E1777.34547
G1 X114.06 Y105.187 E1777.53555
G1 X120.001 Y122.595 E1778.45093
G1 X120.155 Y123.016 E1778.47324
G1 X120.356 Y123.643 E1778.50601
G1 X120.452 Y124.025 E1778.52561
G1 X120.665 Y125.042 E1778.57732
G1 X120.709 Y125.417 E1778.59611
G1 X120.689 Y125.802 E1778.61529
G1 X120.637 Y126.093 E1778.63
G1 X120.535 Y126.39 E1778.64563
G1 X120.388 Y126.66 E1778.66093
G1 X120.209 Y126.89 E1778.67543
G1 X120.022 Y127.069 E1778.68832
G1 X119.741 Y127.268 E1778.70545
G1 X119.448 Y127.423 E1778.72195
G1 X119.188 Y127.518 E1778.73572
G1 X118.853 Y127.605 E1778.75295
G1 X118.515 Y127.652 E1778.76993
G1 X118.183 Y127.666 E1778.78647
G1 X115.426 Y127.666 E1778.92367
G1 X115.426 Y130.23 E1779.05127
G1 X129.796 Y130.23 E1779.7664
G1 X129.796 Y127.666 E1779.894
G1 X127.06 Y127.661 E1780.03016
G1 X126.655 Y127.562 E1780.05091
G1 X126.268 Y127.343 E1780.07303
G1 X126.043 Y127.148 E1780.08785
G1 X125.727 Y126.781 E1780.11195
G1 X125.442 Y126.282 E1780.14055
G1 X125.196 Y125.74 E1780.17017
G1 X124.822 Y124.819 E1780.21964
G1 X124.581 Y124.168 E1780.25419
G1 X112.605 Y89.77 E1782.0668
G1 X107.188 Y89.77 E1782.33638
G1 X94.929 Y124.984 E1784.19198
G1 X94.823 Y125.251 E1784.20628
G1 X94.706 Y125.497 E1784.21983
G1 X94.498 Y125.863 E1784.24078
G1 X94.13 Y126.326 E1784.27022
G1 X93.82 Y126.653 E1784.29264
G1 X93.412 Y126.999 E1784.31926
G1 X92.956 Y127.247 E1784.34509
G1 X92.541 Y127.416 E1784.36739
G1 X91.982 Y127.577 E1784.39634
G1 X91.54 Y127.659 E1784.41872
G1 X90.204 Y127.666 E1784.4852
G1 X90.204 Y130.23 E1784.6128
G1 X108.659 Y130.23 E1785.53122
G1 X108.659 Y127.666 E1785.65882
G1 X105.999 Y127.661 E1785.7912
G1 X105.636 Y127.605 E1785.80948
G1 X105.204 Y127.496 E1785.83165
G1 X104.97 Y127.403 E1785.84418
G1 X104.714 Y127.261 E1785.85875
G1 X104.457 Y127.083 E1785.87431
G1 X104.194 Y126.843 E1785.89203
G1 X103.942 Y126.462 E1785.91476
G1 X103.831 Y126.026 E1785.93715
G1 X103.796 Y125.742 E1785.95139
G1 X103.793 Y125.298 E1785.97349
G1 X103.833 Y124.885 E1785.99413
G1 X103.906 Y124.455 E1786.01584
G1 X104.058 Y123.786 E1786.04998
G1 X104.229 Y123.193 E1786.0807
G1 X110.161 Y105.316 E1787.01805
G1 X110.431 Y104.42 E1787.06462
G1 X110.67 Y103.583 E1787.10794
G1 X110.85 Y102.894 E1787.14338
G1 X110.984 Y102.341 E1787.1717
G1 X111.471 Y100.11 E1787.28534
G1 X111.56 Y99.593 E1787.31145
G1 X111.684 Y98.708 E1787.35592
G1 X111.736 Y98.409 E1787.37102
G1 X111.872 Y98.304 E1787.37957
G1 X112.081 Y98.336 E1787.39009
G0 F9000 X112.164 Y98.446
G0 X112.177 Y98.507
G0 X112.863 Y98.365
G0 X115.248 Y99.569
;TYPE:FILL
G1 F3600 X107.307 Y91.628 E1788.09801
G0 F9000 X105.768 Y96.056
G1 F3600 X113.32 Y94.032 E1788.59086
G0 F9000 X112.377 Y91.323
G1 F3600 X105.399 Y117.362 E1790.29018
G0 F9000 X106.261 Y114.765
G1 F3600 X101.063 Y109.566 E1790.75361
G0 F9000 X102.369 Y105.818
G1 F3600 X109.849 Y103.814 E1791.24175
G0 F9000 X109.274 Y105.686
G1 F3600 X104.185 Y100.597 E1791.69541
G0 F9000 X111.172 Y97.641
G0 X112.627 Y97.575
G0 X114.058 Y102.686
G1 F3600 X116.139 Y102.128 E1791.83123
G0 F9000 X117.379 Y105.689
G1 F3600 X116.331 Y109.598 E1792.08634
G0 F9000 X116.746 Y110.817
G1 F3600 X118.958 Y110.225 E1792.23068
G0 F9000 X117.96 Y114.372
G1 F3600 X121.707 Y118.12 E1792.56476
G1 X121.777 Y118.321
G1 X119.514 Y118.927 E1792.71244
G0 F9000 X122.381 Y120.055
G1 F3600 X121.247 Y124.289 E1792.98874
G0 F9000 X121.352 Y125.419
G0 X121.255 Y126.26
G0 X121.078 Y126.673
G0 X120.644 Y127.476
G1 F3600 X124.695 Y126.391 E1793.2531
G0 F9000 X120.32 Y127.747
G1 F3600 X119.849 Y129.505 E1793.36783
G0 F9000 X121 Y129.503
G1 F3600 X119.625 Y128.129 E1793.49036
G0 F9000 X119.331 Y128.174
G0 X117.232 Y128.39
G1 F3600 X116.15 Y128.68 E1793.56097
G1 F2400 E1791.56097
G0 F9000 X119.375 Y128.132
G0 X120.092 Y127.806
G0 X120.699 Y127.307
G0 X121.126 Y126.639
G0 X121.327 Y125.866
G0 X121.352 Y125.419
G0 X120.968 Y123.461
G0 X112.627 Y97.575
G0 X111.172 Y97.641
G0 X103.437 Y123.643
G0 X103.197 Y124.81
G0 X103.156 Y125.767
G0 X103.349 Y126.722
G0 X103.707 Y127.265
G0 X104.367 Y127.798
G0 X105.032 Y128.112
G0 X105.561 Y128.219
G0 X107.934 Y128.529
G1 F1200 E1793.56097
G1 F3600 X107.794 Y128.389 E1793.57345
G0 F9000 X105.522 Y128.235
G0 X104.687 Y127.978
G0 X104.07 Y127.593
G0 X103.707 Y127.265
G0 X103.418 Y126.826
G0 X103.094 Y125.965
G1 F3600 X102.146 Y129.505 E1793.80446
G0 F9000 X96.817 Y129.504
G1 F3600 X94.404 Y127.091 E1794.01957
G0 F9000 X93.799 Y127.618
G1 F3600 X93.294 Y129.505 E1794.14271
G0 F9000 X95.564 Y125.345
G1 F3600 X103.462 Y123.228 E1794.65814
G0 F9000 X103.292 Y123.887
G1 F3600 X97.941 Y118.536 E1795.13517
G0 F9000 X98.97 Y115.58
G1 F3600 X106.675 Y113.516 E1795.63799
G1 F2400 E1793.63799
G0 F9000 X111.172 Y97.641
G0 X112.627 Y97.575
G0 X124.878 Y126.584
G0 X125.218 Y127.177
G0 X125.918 Y127.885
G0 X126.42 Y128.163
G0 X126.879 Y128.273
G0 X128.999 Y128.389
G1 F1200 E1795.63799
G1 F3600 X128.701 Y129.505 E1795.7108
G0 F9000 X128.696 Y129.13
G1 F2400 E1793.7108
;MESH:NONMESH
G0 F600 X128.696 Y129.13 Z15.96
G0 F9000 X126.42 Y128.163
G0 X125.918 Y127.885
G0 X125.218 Y127.177
G0 X124.611 Y125.996
G0 X112.627 Y97.575
G0 X111.172 Y97.641
G0 X111.059 Y98.023
G1 F1200 E1795.7108
G0 F9000 X111.402 Y98.062
;TIME_ELAPSED:1121.252532
;LAYER:56
;TYPE:WALL-INNER
;MESH:felipe_mvm_v.stl
G1 F3900 X111.606 Y97.9 E1795.7252
G1 X111.951 Y97.82 E1795.74479
G1 X112.145 Y97.848 E1795.75563
G1 X112.352 Y97.946 E1795.76829
G1 X112.531 Y98.127 E1795.78237
G1 X112.613 Y98.29 E1795.79246
G1 X112.788 Y99.078 E1795.83709
G1 X112.906 Y99.563 E1795.86469
G1 X113.237 Y100.74 E1795.9323
G1 X113.399 Y101.369 E1795.96821
G1 X114.512 Y105.039 E1796.18027
G1 X120.446 Y122.43 E1797.19634
G1 X120.745 Y123.283 E1797.24632
G1 X120.886 Y123.776 E1797.27468
G1 X121.154 Y125.056 E1797.34699
G1 X121.188 Y125.439 E1797.36825
G1 X121.157 Y125.886 E1797.39303
G1 X121.097 Y126.212 E1797.41136
G1 X120.968 Y126.586 E1797.43323
G1 X120.801 Y126.903 E1797.45304
G1 X120.577 Y127.196 E1797.47344
G1 X120.313 Y127.447 E1797.49358
G1 X120.039 Y127.641 E1797.51215
G1 X119.659 Y127.852 E1797.53618
G1 X119.289 Y127.984 E1797.5579
G1 X118.942 Y128.073 E1797.57771
G1 X118.535 Y128.127 E1797.60041
G1 X118.203 Y128.141 E1797.61879
G1 X115.901 Y128.141 E1797.74608
G1 X115.901 Y129.755 E1797.83532
G1 X129.321 Y129.755 E1798.57738
G1 X129.321 Y128.141 E1798.66663
G1 X127.001 Y128.136 E1798.79491
G1 X126.481 Y128.009 E1798.82451
G1 X126.008 Y127.747 E1798.85441
G1 X125.686 Y127.462 E1798.87819
G1 X125.349 Y127.077 E1798.90648
G1 X125.037 Y126.534 E1798.94111
G1 X124.733 Y125.865 E1798.98174
G1 X124.376 Y124.984 E1799.0343
G1 X124.144 Y124.36 E1799.07111
G1 X112.267 Y90.245 E1801.06855
G1 X107.526 Y90.245 E1801.33071
G1 X95.371 Y125.159 E1803.37492
G1 X95.271 Y125.412 E1803.38997
G1 X95.143 Y125.686 E1803.40669
G1 X94.904 Y126.116 E1803.43389
G1 X94.476 Y126.652 E1803.47182
G1 X94.127 Y127.015 E1803.49966
G1 X93.662 Y127.41 E1803.5334
G1 X93.137 Y127.686 E1803.5662
G1 X92.665 Y127.876 E1803.59433
G1 X92.072 Y128.043 E1803.6284
G1 X91.564 Y128.137 E1803.65696
G1 X90.679 Y128.14 E1803.7059
G1 X90.679 Y129.755 E1803.7952
G1 X108.184 Y129.755 E1804.76314
G1 X108.184 Y128.141 E1804.85239
G1 X105.972 Y128.138 E1804.9747
G1 X105.585 Y128.079 E1804.99635
G1 X105.07 Y127.954 E1805.02565
G1 X104.71 Y127.804 E1805.04721
G1 X104.429 Y127.642 E1805.06515
G1 X104.136 Y127.434 E1805.08502
G1 X103.83 Y127.154 E1805.10795
G1 X103.546 Y126.724 E1805.13645
G1 X103.405 Y126.317 E1805.16027
G1 X103.342 Y125.962 E1805.1802
G1 X103.304 Y125.426 E1805.20991
G1 X103.364 Y124.805 E1805.24441
G1 X103.435 Y124.387 E1805.26786
G1 X103.543 Y123.896 E1805.29566
G1 X103.673 Y123.39 E1805.32454
G1 X103.79 Y123.005 E1805.34679
G1 X109.707 Y105.174 E1806.38563
G1 X110.214 Y103.452 E1806.48488
G1 X110.382 Y102.811 E1806.52153
G1 X110.521 Y102.236 E1806.55424
G1 X111.004 Y100.019 E1806.6797
G1 X111.092 Y99.515 E1806.70799
G1 X111.208 Y98.695 E1806.75378
G1 X111.24 Y98.408 E1806.76975
G1 X111.402 Y98.062 E1806.79088
G0 F9000 X111.827 Y98.321
;TYPE:WALL-OUTER
G1 F3000 X111.951 Y98.295 E1806.79718
G1 X112.08 Y98.336 E1806.80392
G1 X112.164 Y98.446 E1806.81081
G1 X112.326 Y99.19 E1806.8487
G1 X112.454 Y99.712 E1806.87545
G1 X112.777 Y100.859 E1806.93475
G1 X112.941 Y101.497 E1806.96753
G1 X114.063 Y105.193 E1807.15975
G1 X119.998 Y122.587 E1808.07438
G1 X120.289 Y123.415 E1808.11805
G1 X120.421 Y123.874 E1808.14182
G1 X120.682 Y125.114 E1808.20488
G1 X120.71 Y125.423 E1808.22032
G1 X120.689 Y125.802 E1808.23921
G1 X120.636 Y126.096 E1808.25408
G1 X120.535 Y126.39 E1808.26955
G1 X120.388 Y126.66 E1808.28485
G1 X120.209 Y126.89 E1808.29935
G1 X120.022 Y127.069 E1808.31224
G1 X119.741 Y127.268 E1808.32937
G1 X119.448 Y127.423 E1808.34587
G1 X119.188 Y127.518 E1808.35964
G1 X118.853 Y127.605 E1808.37687
G1 X118.515 Y127.652 E1808.39385
G1 X118.183 Y127.666 E1808.41039
G1 X115.426 Y127.666 E1808.54759
G1 X115.426 Y130.23 E1808.67519
G1 X129.796 Y130.23 E1809.39032
G1 X129.796 Y127.666 E1809.51792
G1 X127.06 Y127.661 E1809.65408
G1 X126.655 Y127.562 E1809.67482
G1 X126.268 Y127.343 E1809.69695
G1 X126.043 Y127.148 E1809.71177
G1 X125.727 Y126.782 E1809.73583
G1 X125.439 Y126.278 E1809.76472
G1 X125.173 Y125.686 E1809.79702
G1 X124.822 Y124.819 E1809.84357
G1 X124.593 Y124.203 E1809.87627
G1 X112.605 Y89.77 E1811.69073
G1 X107.188 Y89.77 E1811.96031
G1 X94.929 Y124.984 E1813.81591
G1 X94.823 Y125.251 E1813.83021
G1 X94.706 Y125.497 E1813.84376
G1 X94.498 Y125.863 E1813.86471
G1 X94.13 Y126.326 E1813.89414
G1 X93.82 Y126.653 E1813.91657
G1 X93.412 Y126.999 E1813.94319
G1 X92.956 Y127.247 E1813.96902
G1 X92.561 Y127.41 E1813.99029
G1 X91.922 Y127.59 E1814.02333
G1 X91.535 Y127.659 E1814.04289
G1 X90.204 Y127.666 E1814.10913
G1 X90.204 Y130.23 E1814.23673
G1 X108.659 Y130.23 E1815.15515
G1 X108.659 Y127.666 E1815.28275
G1 X105.999 Y127.661 E1815.41512
G1 X105.636 Y127.605 E1815.4334
G1 X105.204 Y127.496 E1815.45557
G1 X104.97 Y127.403 E1815.46811
G1 X104.714 Y127.261 E1815.48267
G1 X104.457 Y127.083 E1815.49823
G1 X104.194 Y126.843 E1815.51595
G1 X103.975 Y126.512 E1815.5357
G1 X103.864 Y126.182 E1815.55303
G1 X103.807 Y125.854 E1815.5696
G1 X103.782 Y125.418 E1815.59133
G1 X103.833 Y124.885 E1815.61798
G1 X103.906 Y124.456 E1815.63963
G1 X104.003 Y124.014 E1815.66215
G1 X104.128 Y123.527 E1815.68717
G1 X104.241 Y123.155 E1815.70652
G1 X110.161 Y105.316 E1816.6419
G1 X110.672 Y103.579 E1816.732
G1 X110.85 Y102.895 E1816.76717
G1 X110.985 Y102.337 E1816.79575
G1 X111.471 Y100.11 E1816.90918
G1 X111.561 Y99.588 E1816.93554
G1 X111.679 Y98.754 E1816.97746
G1 X111.712 Y98.458 E1816.99228
G1 X111.827 Y98.321 E1817.00118
G0 F9000 X111.951 Y98.295
G0 X112.021 Y98.317
G0 X111.983 Y97.534
G0 X112.559 Y97.568
G0 X115.098 Y99.139
;TYPE:FILL
G1 F3600 X107.379 Y91.42 E1817.68931
G0 F9000 X112.261 Y90.99
G1 F3600 X104.339 Y120.552 E1819.61854
G0 F9000 X103.397 Y123.451
G1 F3600 X95.471 Y125.575 E1820.13579
G0 F9000 X94.538 Y126.945
G1 F3600 X97.097 Y129.504 E1820.36392
G0 F9000 X93.561 Y127.743
G1 F3600 X93.089 Y129.505 E1820.4789
G0 F9000 X101.941 Y129.505
G1 F3600 X103.062 Y125.321 E1820.75195
G0 F9000 X103.345 Y123.66
G1 F3600 X98.013 Y118.328 E1821.22728
G0 F9000 X98.891 Y115.806
G1 F3600 X106.599 Y113.741 E1821.7303
G0 F9000 X106.331 Y114.554
G1 F3600 X101.135 Y109.359 E1822.19346
G0 F9000 X102.29 Y106.044
G1 F3600 X109.779 Y104.037 E1822.6822
G0 F9000 X109.344 Y105.476
G1 F3600 X104.257 Y100.39 E1823.13564
G0 F9000 X105.688 Y96.282
G1 F3600 X113.385 Y94.22 E1823.63794
G0 F9000 X116.204 Y102.316
G1 F3600 X114.115 Y102.876 E1823.77427
G0 F9000 X117.263 Y105.356
G1 F3600 X116.217 Y109.26 E1824.02905
G0 F9000 X116.811 Y111.005
G1 F3600 X119.023 Y110.412 E1824.17341
G0 F9000 X117.816 Y113.948
G1 F3600 X121.558 Y117.69 E1824.50699
G0 F9000 X121.843 Y118.508
G1 F3600 X119.578 Y119.115 E1824.65481
G0 F9000 X122.265 Y119.723
G1 F3600 X121.157 Y123.857 E1824.9246
G0 F9000 X121.351 Y125.432
G0 X121.255 Y126.26
G0 X120.972 Y126.917
G0 X120.272 Y127.781
G1 F3600 X124.778 Y126.573 E1825.21867
G0 F9000 X125.603 Y127.614
G0 X125.918 Y127.885
G0 X126.42 Y128.163
G0 X126.879 Y128.273
G0 X128.795 Y128.388
G1 F3600 X128.496 Y129.504 E1825.2915
G0 F9000 X121.28 Y129.503
G1 F3600 X119.824 Y128.047 E1825.4213
G1 X120.07 Y127.914
G1 X119.644 Y129.505 E1825.52512
G0 F9000 X117.997 Y128.39
G1 F3600 X116.15 Y128.885 E1825.64566
G0 F9000 X116.526 Y128.885
G1 F2400 E1823.64566
;MESH:NONMESH
G0 F600 X116.526 Y128.885 Z16.24
G0 F9000 X119.743 Y127.991
G0 X120.414 Y127.575
G0 X120.94 Y126.991
G0 X121.255 Y126.26
G0 X121.351 Y125.432
G0 X121.074 Y123.881
G0 X112.623 Y97.572
G0 X111.17 Y97.644
G0 X111.058 Y98.02
G1 F1200 E1825.64566
G0 F9000 X111.403 Y98.059
;TIME_ELAPSED:1137.126569
;LAYER:57
;TYPE:WALL-INNER
;MESH:felipe_mvm_v.stl
G1 F3900 X111.606 Y97.897 E1825.66002
G1 X111.951 Y97.817 E1825.6796
G1 X112.145 Y97.845 E1825.69044
G1 X112.352 Y97.943 E1825.7031
G1 X112.531 Y98.123 E1825.71714
G1 X112.613 Y98.287 E1825.72728
G1 X112.791 Y99.092 E1825.77287
G1 X112.912 Y99.586 E1825.80099
G1 X113.138 Y100.372 E1825.84621
G1 X113.404 Y101.39 E1825.90439
G1 X113.955 Y103.196 E1826.0088
G1 X114.252 Y104.199 E1826.06664
G1 X114.51 Y105.033 E1826.11491
G1 X120.448 Y122.432 E1827.13148
G1 X120.563 Y122.745 E1827.14992
G1 X120.775 Y123.372 E1827.18651
G1 X120.918 Y123.932 E1827.21847
G1 X121.131 Y124.947 E1827.27582
G1 X121.189 Y125.432 E1827.30283
G1 X121.157 Y125.886 E1827.32799
G1 X121.093 Y126.226 E1827.34712
G1 X120.979 Y126.559 E1827.36659
G1 X120.803 Y126.901 E1827.38786
G1 X120.577 Y127.196 E1827.4084
G1 X120.313 Y127.447 E1827.42855
G1 X120.039 Y127.641 E1827.44711
G1 X119.659 Y127.852 E1827.47114
G1 X119.289 Y127.984 E1827.49287
G1 X118.942 Y128.073 E1827.51267
G1 X118.535 Y128.127 E1827.53538
G1 X118.203 Y128.141 E1827.55375
G1 X115.901 Y128.141 E1827.68104
G1 X115.901 Y129.755 E1827.77029
G1 X129.321 Y129.755 E1828.51235
G1 X129.321 Y128.141 E1828.60159
G1 X127.001 Y128.136 E1828.72988
G1 X126.481 Y128.009 E1828.75947
G1 X126.008 Y127.747 E1828.78937
G1 X125.686 Y127.462 E1828.81315
G1 X125.35 Y127.078 E1828.84136
G1 X125.007 Y126.477 E1828.87963
G1 X124.763 Y125.937 E1828.91239
G1 X124.376 Y124.985 E1828.96922
G1 X124.142 Y124.355 E1829.00638
G1 X112.267 Y90.245 E1831.00352
G1 X107.526 Y90.245 E1831.26568
G1 X95.371 Y125.159 E1833.30989
G1 X95.271 Y125.412 E1833.32494
G1 X95.143 Y125.686 E1833.34166
G1 X94.904 Y126.116 E1833.36886
G1 X94.476 Y126.652 E1833.40679
G1 X94.127 Y127.015 E1833.43463
G1 X93.662 Y127.41 E1833.46837
G1 X93.136 Y127.686 E1833.50122
G1 X92.671 Y127.873 E1833.52893
G1 X91.938 Y128.079 E1833.57103
G1 X91.447 Y128.137 E1833.59837
G1 X90.679 Y128.14 E1833.64084
G1 X90.679 Y128.871 E1833.68126
G1 X90.679 Y129.755 E1833.73014
G1 X108.184 Y129.755 E1834.69808
G1 X108.184 Y128.141 E1834.78732
G1 X105.972 Y128.138 E1834.90963
G1 X105.585 Y128.079 E1834.93128
G1 X105.07 Y127.954 E1834.96059
G1 X104.71 Y127.804 E1834.98215
G1 X104.429 Y127.642 E1835.00009
G1 X104.136 Y127.434 E1835.01995
G1 X103.83 Y127.154 E1835.04289
G1 X103.568 Y126.76 E1835.06905
G1 X103.474 Y126.551 E1835.08172
G1 X103.343 Y126.057 E1835.10998
G1 X103.304 Y125.421 E1835.14522
G1 X103.357 Y124.857 E1835.17654
G1 X103.435 Y124.387 E1835.20289
G1 X103.554 Y123.845 E1835.23357
G1 X103.673 Y123.39 E1835.25957
G1 X103.79 Y123.005 E1835.28182
G1 X109.707 Y105.174 E1836.32066
G1 X110.135 Y103.735 E1836.40367
G1 X110.382 Y102.809 E1836.45666
G1 X110.522 Y102.232 E1836.4895
G1 X111.004 Y100.019 E1836.61473
G1 X111.092 Y99.511 E1836.64324
G1 X111.208 Y98.691 E1836.68903
G1 X111.24 Y98.405 E1836.70495
G1 X111.403 Y98.059 E1836.7261
G0 F9000 X111.827 Y98.318
;TYPE:WALL-OUTER
G1 F3000 X111.951 Y98.292 E1836.7324
G1 X112.08 Y98.333 E1836.73914
G1 X112.164 Y98.443 E1836.74602
G1 X112.329 Y99.203 E1836.78473
G1 X112.445 Y99.682 E1836.80925
G1 X112.678 Y100.492 E1836.8512
G1 X112.94 Y101.494 E1836.90274
G1 X113.798 Y104.339 E1837.05062
G1 X114.061 Y105.187 E1837.09481
G1 X120.002 Y122.596 E1838.01023
G1 X120.113 Y122.897 E1838.0262
G1 X120.33 Y123.541 E1838.06002
G1 X120.453 Y124.029 E1838.08506
G1 X120.666 Y125.044 E1838.13667
G1 X120.71 Y125.459 E1838.15744
G1 X120.689 Y125.802 E1838.17454
G1 X120.635 Y126.101 E1838.18966
G1 X120.535 Y126.39 E1838.20488
G1 X120.388 Y126.66 E1838.22018
G1 X120.209 Y126.89 E1838.23469
G1 X120.022 Y127.069 E1838.24757
G1 X119.741 Y127.268 E1838.2647
G1 X119.448 Y127.423 E1838.2812
G1 X119.188 Y127.518 E1838.29498
G1 X118.853 Y127.605 E1838.3122
G1 X118.515 Y127.652 E1838.32918
G1 X118.183 Y127.666 E1838.34572
G1 X115.426 Y127.666 E1838.48292
G1 X115.426 Y130.23 E1838.61052
G1 X129.796 Y130.23 E1839.32565
G1 X129.796 Y127.666 E1839.45325
G1 X127.06 Y127.661 E1839.58941
G1 X126.655 Y127.562 E1839.61016
G1 X126.268 Y127.343 E1839.63229
G1 X126.043 Y127.148 E1839.6471
G1 X125.727 Y126.782 E1839.67117
G1 X125.44 Y126.281 E1839.6999
G1 X125.193 Y125.733 E1839.72982
G1 X124.822 Y124.819 E1839.77891
G1 X124.584 Y124.177 E1839.81298
G1 X112.605 Y89.77 E1841.62607
G1 X107.188 Y89.77 E1841.89565
G1 X94.929 Y124.984 E1843.75125
G1 X94.823 Y125.251 E1843.76554
G1 X94.706 Y125.497 E1843.7791
G1 X94.498 Y125.863 E1843.80005
G1 X94.13 Y126.326 E1843.82948
G1 X93.82 Y126.653 E1843.8519
G1 X93.412 Y126.999 E1843.87853
G1 X92.956 Y127.247 E1843.90436
G1 X92.54 Y127.416 E1843.9267
G1 X91.88 Y127.606 E1843.96088
G1 X91.421 Y127.662 E1843.9839
G1 X90.204 Y127.666 E1844.04446
G1 X90.204 Y128.871 E1844.10443
G1 X90.204 Y130.23 E1844.17206
G1 X108.659 Y130.23 E1845.09048
G1 X108.659 Y127.666 E1845.21808
G1 X105.999 Y127.661 E1845.35046
G1 X105.636 Y127.605 E1845.36873
G1 X105.204 Y127.496 E1845.39091
G1 X104.97 Y127.403 E1845.40344
G1 X104.714 Y127.261 E1845.41801
G1 X104.457 Y127.083 E1845.43356
G1 X104.195 Y126.843 E1845.45125
G1 X103.942 Y126.465 E1845.47388
G1 X103.813 Y125.958 E1845.49992
G1 X103.782 Y125.416 E1845.52693
G1 X103.833 Y124.885 E1845.55348
G1 X103.906 Y124.456 E1845.57514
G1 X104.014 Y123.965 E1845.60016
G1 X104.128 Y123.527 E1845.62268
G1 X104.241 Y123.155 E1845.64203
G1 X110.161 Y105.316 E1846.5774
G1 X110.592 Y103.864 E1846.65278
G1 X110.842 Y102.927 E1846.70104
G1 X110.986 Y102.333 E1846.73146
G1 X111.471 Y100.11 E1846.84469
G1 X111.561 Y99.585 E1846.8712
G1 X111.679 Y98.75 E1846.91316
G1 X111.709 Y98.481 E1846.92663
G1 X111.827 Y98.318 E1846.93665
G0 F9000 X111.951 Y98.292
G0 X112.021 Y98.314
G0 X111.984 Y97.534
G0 X112.559 Y97.569
G0 X114.949 Y98.709
;TYPE:FILL
G1 F3600 X107.452 Y91.213 E1847.60494
G0 F9000 X112.145 Y90.657
G1 F3600 X101.736 Y129.505 E1850.14015
G0 F9000 X97.377 Y129.504
G1 F3600 X94.673 Y126.8 E1850.3812
G0 F9000 X95.359 Y125.81
G1 F3600 X103.339 Y123.671 E1850.90199
G1 X103.402 Y123.437
G1 X98.085 Y118.12 E1851.37598
G0 F9000 X98.813 Y116.032
G1 F3600 X106.524 Y113.966 E1851.8792
G0 F9000 X106.401 Y114.344
G1 F3600 X101.208 Y109.151 E1852.34214
G0 F9000 X102.211 Y106.27
G1 F3600 X109.716 Y104.259 E1852.83191
G0 F9000 X109.413 Y105.265
G1 F3600 X104.33 Y100.182 E1853.28505
G0 F9000 X105.61 Y96.508
G1 F3600 X113.451 Y94.407 E1853.79675
G0 F9000 X116.269 Y102.503
G1 F3600 X114.173 Y103.065 E1853.93354
G0 F9000 X117.147 Y105.024
G1 F3600 X116.102 Y108.923 E1854.188
G0 F9000 X116.875 Y111.193
G1 F3600 X119.089 Y110.6 E1854.33248
G0 F9000 X117.671 Y113.523
G1 F3600 X121.408 Y117.26 E1854.66562
G0 F9000 X121.907 Y118.696
G1 F3600 X119.642 Y119.303 E1854.81343
G0 F9000 X122.149 Y119.391
G1 F3600 X121.057 Y123.467 E1855.07943
G0 F9000 X121.352 Y125.423
G0 X121.255 Y126.26
G0 X120.94 Y126.991
G0 X120.643 Y127.321
G0 X120.005 Y127.949
G1 F3600 X121.56 Y129.503 E1855.21801
G0 F9000 X119.439 Y129.504
G1 F3600 X119.831 Y128.043 E1855.31336
G0 F9000 X116.15 Y129.09
G1 F3600 X124.875 Y126.752 E1855.88276
G0 F9000 X125.603 Y127.614
G0 X125.918 Y127.885
G0 X126.42 Y128.163
G0 X126.879 Y128.273
G0 X128.59 Y128.388
G1 F3600 X128.291 Y129.504 E1855.95559
G1 F2400 E1853.95559
G0 F9000 X121.299 Y124.953
G0 X120.941 Y123.354
G0 X112.623 Y97.573
G0 X111.171 Y97.643
G0 X104.871 Y118.847
G0 X93.323 Y127.868
G1 F1200 E1855.95559
G1 F3600 X92.884 Y129.505 E1856.06242
G0 F9000 X92.884 Y129.13
G1 F2400 E1854.06242
;MESH:NONMESH
G0 F600 X92.884 Y129.13 Z16.52
G0 F9000 X95.04 Y126.206
G0 X111.059 Y98.023
G1 F1200 E1856.06242
G0 F9000 X111.402 Y98.062
;TIME_ELAPSED:1153.898834
;LAYER:58
;TYPE:WALL-INNER
;MESH:felipe_mvm_v.stl
G1 F3900 X111.606 Y97.901 E1856.07679
G1 X111.951 Y97.821 E1856.09638
G1 X112.145 Y97.848 E1856.10721
G1 X112.352 Y97.946 E1856.11987
G1 X112.531 Y98.126 E1856.13391
G1 X112.613 Y98.29 E1856.14405
G1 X112.787 Y99.077 E1856.18862
G1 X112.898 Y99.537 E1856.21478
G1 X113.139 Y100.377 E1856.2631
G1 X113.405 Y101.391 E1856.32107
G1 X113.956 Y103.2 E1856.42563
G1 X114.252 Y104.199 E1856.48325
G1 X114.509 Y105.034 E1856.53156
G1 X120.445 Y122.429 E1857.54787
G1 X120.734 Y123.247 E1857.59585
G1 X120.846 Y123.635 E1857.61818
G1 X120.919 Y123.932 E1857.63509
G1 X121.136 Y124.966 E1857.69351
G1 X121.189 Y125.437 E1857.71972
G1 X121.157 Y125.886 E1857.74461
G1 X121.103 Y126.186 E1857.76146
G1 X120.98 Y126.558 E1857.78313
G1 X120.803 Y126.901 E1857.80447
G1 X120.577 Y127.196 E1857.82502
G1 X120.313 Y127.447 E1857.84516
G1 X120.039 Y127.641 E1857.86373
G1 X119.659 Y127.852 E1857.88776
G1 X119.289 Y127.984 E1857.90948
G1 X118.942 Y128.073 E1857.92929
G1 X118.535 Y128.127 E1857.95199
G1 X118.203 Y128.141 E1857.97037
G1 X115.901 Y128.141 E1858.09766
G1 X115.901 Y129.755 E1858.1869
G1 X129.321 Y129.755 E1858.92896
G1 X129.321 Y128.141 E1859.01821
G1 X127.001 Y128.136 E1859.14649
G1 X126.481 Y128.009 E1859.17609
G1 X126.013 Y127.75 E1859.20567
G1 X125.718 Y127.498 E1859.22712
G1 X125.35 Y127.077 E1859.25804
G1 X125.085 Y126.618 E1859.28734
G1 X124.958 Y126.363 E1859.3031
G1 X124.733 Y125.865 E1859.33331
G1 X124.375 Y124.981 E1859.38605
G1 X124.001 Y123.959 E1859.44623
G1 X112.267 Y90.245 E1861.42013
G1 X107.526 Y90.245 E1861.68228
G1 X95.371 Y125.159 E1863.7265
G1 X95.271 Y125.412 E1863.74154
G1 X95.143 Y125.686 E1863.75826
G1 X94.904 Y126.116 E1863.78547
G1 X94.476 Y126.652 E1863.82339
G1 X94.127 Y127.016 E1863.85128
G1 X93.663 Y127.409 E1863.8849
G1 X93.083 Y127.719 E1863.92127
G1 X92.56 Y127.906 E1863.95198
G1 X92.006 Y128.058 E1863.98374
G1 X91.565 Y128.137 E1864.00852
G1 X90.679 Y128.14 E1864.05751
G1 X90.679 Y129.755 E1864.14681
G1 X108.184 Y129.755 E1865.11475
G1 X108.184 Y128.141 E1865.20399
G1 X105.972 Y128.138 E1865.32631
G1 X105.585 Y128.079 E1865.34795
G1 X105.07 Y127.954 E1865.37726
G1 X104.71 Y127.804 E1865.39882
G1 X104.429 Y127.642 E1865.41676
G1 X104.135 Y127.433 E1865.4367
G1 X103.832 Y127.155 E1865.45944
G1 X103.568 Y126.759 E1865.48576
G1 X103.474 Y126.549 E1865.49848
G1 X103.344 Y126.058 E1865.52657
G1 X103.304 Y125.42 E1865.56191
G1 X103.357 Y124.857 E1865.59318
G1 X103.435 Y124.387 E1865.61953
G1 X103.554 Y123.845 E1865.65021
G1 X103.673 Y123.39 E1865.67621
G1 X103.79 Y123.005 E1865.69846
G1 X109.707 Y105.174 E1866.7373
G1 X110.146 Y103.693 E1866.82271
G1 X110.306 Y103.107 E1866.8563
G1 X110.515 Y102.265 E1866.90427
G1 X111.004 Y100.019 E1867.03137
G1 X111.093 Y99.507 E1867.06011
G1 X111.209 Y98.687 E1867.1059
G1 X111.24 Y98.408 E1867.12142
G1 X111.402 Y98.062 E1867.14255
G0 F9000 X111.827 Y98.321
;TYPE:WALL-OUTER
G1 F3000 X111.951 Y98.296 E1867.14884
G1 X112.08 Y98.336 E1867.15557
G1 X112.164 Y98.446 E1867.16245
G1 X112.325 Y99.188 E1867.20024
G1 X112.445 Y99.683 E1867.22559
G1 X112.679 Y100.497 E1867.26774
G1 X112.94 Y101.495 E1867.31907
G1 X114.06 Y105.187 E1867.51107
G1 X119.997 Y122.586 E1868.42597
G1 X120.289 Y123.416 E1868.46975
G1 X120.391 Y123.774 E1868.48828
G1 X120.454 Y124.029 E1868.50135
G1 X120.666 Y125.043 E1868.5529
G1 X120.71 Y125.46 E1868.57377
G1 X120.689 Y125.802 E1868.59082
G1 X120.636 Y126.097 E1868.60574
G1 X120.542 Y126.373 E1868.62025
G1 X120.388 Y126.66 E1868.63646
G1 X120.209 Y126.89 E1868.65096
G1 X120.022 Y127.069 E1868.66384
G1 X119.741 Y127.268 E1868.68098
G1 X119.448 Y127.423 E1868.69747
G1 X119.188 Y127.518 E1868.71125
G1 X118.853 Y127.605 E1868.72847
G1 X118.515 Y127.652 E1868.74546
G1 X118.183 Y127.666 E1868.76199
G1 X115.426 Y127.666 E1868.8992
G1 X115.426 Y130.23 E1869.0268
G1 X129.796 Y130.23 E1869.74193
G1 X129.796 Y127.666 E1869.86953
G1 X127.06 Y127.661 E1870.00568
G1 X126.655 Y127.562 E1870.02643
G1 X126.268 Y127.343 E1870.04856
G1 X126.043 Y127.148 E1870.06338
G1 X125.754 Y126.818 E1870.08521
G1 X125.509 Y126.404 E1870.10915
G1 X125.39 Y126.167 E1870.12235
G1 X125.173 Y125.686 E1870.14861
G1 X124.821 Y124.818 E1870.19522
G1 X124.45 Y123.802 E1870.24905
G1 X112.605 Y89.77 E1872.04232
G1 X107.188 Y89.77 E1872.3119
G1 X94.929 Y124.984 E1874.1675
G1 X94.823 Y125.251 E1874.18179
G1 X94.706 Y125.497 E1874.19535
G1 X94.498 Y125.863 E1874.2163
G1 X94.13 Y126.326 E1874.24573
G1 X93.82 Y126.653 E1874.26816
G1 X93.374 Y127.025 E1874.29706
G1 X92.908 Y127.274 E1874.32335
G1 X92.432 Y127.448 E1874.34857
G1 X91.922 Y127.59 E1874.37492
G1 X91.537 Y127.659 E1874.39438
G1 X90.204 Y127.666 E1874.46072
G1 X90.204 Y130.23 E1874.58832
G1 X108.659 Y130.23 E1875.50674
G1 X108.659 Y127.666 E1875.63434
G1 X105.999 Y127.661 E1875.76672
G1 X105.636 Y127.605 E1875.785
G1 X105.204 Y127.496 E1875.80717
G1 X104.97 Y127.403 E1875.8197
G1 X104.714 Y127.261 E1875.83427
G1 X104.481 Y127.102 E1875.84831
G1 X104.195 Y126.842 E1875.86754
G1 X103.942 Y126.464 E1875.89018
G1 X103.813 Y125.955 E1875.91631
G1 X103.782 Y125.415 E1875.94323
G1 X103.833 Y124.885 E1875.96972
G1 X103.906 Y124.456 E1875.99138
G1 X104.014 Y123.965 E1876.0164
G1 X104.128 Y123.527 E1876.03892
G1 X104.241 Y123.155 E1876.05827
G1 X110.161 Y105.316 E1876.99365
G1 X110.593 Y103.86 E1877.06923
G1 X110.766 Y103.227 E1877.10188
G1 X110.989 Y102.321 E1877.14832
G1 X111.471 Y100.11 E1877.26093
G1 X111.562 Y99.581 E1877.28764
G1 X111.68 Y98.746 E1877.32961
G1 X111.712 Y98.458 E1877.34403
G1 X111.827 Y98.321 E1877.35293
G0 F9000 X111.951 Y98.296
G0 X112.021 Y98.317
G0 X111.983 Y97.534
G0 X112.501 Y97.564
G0 X114.798 Y98.278
;TYPE:FILL
G1 F3600 X107.524 Y91.005 E1878.00134
G0 F9000 X111.984 Y90.494
G1 F3600 X101.531 Y129.504 E1880.54714
G0 F9000 X97.657 Y129.504
G1 F3600 X94.801 Y126.647 E1880.80179
G0 F9000 X95.226 Y126.05
G1 F3600 X103.285 Y123.891 E1881.32771
G0 F9000 X103.464 Y123.219
G1 F3600 X98.157 Y117.912 E1881.80081
G0 F9000 X98.734 Y116.259
G1 F3600 X106.45 Y114.191 E1882.30436
G1 X106.47 Y114.134
G1 X101.28 Y108.943 E1882.76708
G0 F9000 X102.133 Y106.496
G1 F3600 X109.651 Y104.482 E1883.2577
G0 F9000 X109.482 Y105.054
G1 F3600 X104.402 Y99.974 E1883.71056
G0 F9000 X105.531 Y96.734
G1 F3600 X113.515 Y94.595 E1884.23159
G0 F9000 X116.333 Y102.691
G1 F3600 X114.229 Y103.255 E1884.3689
G0 F9000 X117.03 Y104.694
G1 F3600 X115.987 Y108.588 E1884.62302
G0 F9000 X116.939 Y111.381
G1 F3600 X119.152 Y110.788 E1884.76744
G0 F9000 X117.524 Y113.096
G1 F3600 X121.253 Y116.826 E1885.09991
G0 F9000 X121.969 Y118.884
G1 F3600 X119.706 Y119.491 E1885.24761
G0 F9000 X122.032 Y119.063
G1 F3600 X120.949 Y123.105 E1885.51139
G0 F9000 X121.352 Y125.424
G0 X121.255 Y126.26
G0 X120.94 Y126.991
G0 X120.182 Y127.846
G1 F3600 X121.84 Y129.503 E1885.65915
G0 F9000 X119.234 Y129.504
G1 F3600 X119.6 Y128.137 E1885.74835
G0 F9000 X116.15 Y129.295
G1 F3600 X124.976 Y126.93 E1886.32434
G0 F9000 X125.918 Y127.885
G0 X126.42 Y128.163
G0 X126.741 Y128.24
G0 X128.385 Y128.387
G1 F3600 X128.086 Y129.504 E1886.39723
G1 F2400 E1884.39723
G0 F9000 X121.3 Y124.955
G0 X120.897 Y123.221
G0 X112.623 Y97.572
G0 X111.17 Y97.644
G0 X104.171 Y121.204
G0 X93.088 Y127.98
G1 F1200 E1886.39723
G1 F3600 X92.679 Y129.505 E1886.49676
G0 F9000 X92.679 Y129.13
G1 F2400 E1884.49676
;MESH:NONMESH
G0 F600 X92.679 Y129.13 Z16.8
G0 F9000 X95.04 Y126.206
G0 X111.058 Y98.023
G1 F1200 E1886.49676
G0 F9000 X111.403 Y98.062
;TIME_ELAPSED:1170.596772
;LAYER:59
;TYPE:WALL-INNER
;MESH:felipe_mvm_v.stl
G1 F3900 X111.606 Y97.901 E1886.51108
G1 X111.951 Y97.821 E1886.53067
G1 X112.145 Y97.848 E1886.5415
G1 X112.352 Y97.946 E1886.55416
G1 X112.531 Y98.126 E1886.5682
G1 X112.613 Y98.29 E1886.57834
G1 X112.779 Y99.042 E1886.62092
G1 X112.911 Y99.588 E1886.65198
G1 X113.14 Y100.381 E1886.69762
G1 X113.405 Y101.392 E1886.75541
G1 X113.958 Y103.207 E1886.86033
G1 X114.252 Y104.201 E1886.91765
G1 X114.509 Y105.035 E1886.9659
G1 X120.447 Y122.433 E1887.98241
G1 X120.608 Y122.877 E1888.00853
G1 X120.819 Y123.533 E1888.04663
G1 X120.919 Y123.934 E1888.06948
G1 X121.136 Y124.969 E1888.12796
G1 X121.188 Y125.426 E1888.15339
G1 X121.165 Y125.822 E1888.17533
G1 X121.093 Y126.226 E1888.19802
G1 X120.98 Y126.558 E1888.21741
G1 X120.803 Y126.901 E1888.23875
G1 X120.577 Y127.196 E1888.2593
G1 X120.313 Y127.447 E1888.27944
G1 X120.039 Y127.641 E1888.29801
G1 X119.659 Y127.852 E1888.32204
G1 X119.289 Y127.984 E1888.34376
G1 X118.942 Y128.073 E1888.36357
G1 X118.535 Y128.127 E1888.38627
G1 X118.203 Y128.141 E1888.40465
G1 X115.901 Y128.141 E1888.53194
G1 X115.901 Y129.755 E1888.62118
G1 X129.321 Y129.755 E1889.36324
G1 X129.321 Y128.141 E1889.45249
G1 X127.001 Y128.136 E1889.58077
G1 X126.481 Y128.009 E1889.61037
G1 X126.008 Y127.747 E1889.64027
G1 X125.686 Y127.462 E1889.66405
G1 X125.352 Y127.08 E1889.6921
G1 X125.084 Y126.616 E1889.72173
G1 X124.958 Y126.365 E1889.73726
G1 X124.751 Y125.909 E1889.76495
G1 X124.518 Y125.343 E1889.7988
G1 X124.253 Y124.655 E1889.83957
G1 X123.999 Y123.953 E1889.88085
G1 X112.267 Y90.245 E1891.8544
G1 X107.526 Y90.245 E1892.11655
G1 X95.371 Y125.159 E1894.16077
G1 X95.271 Y125.412 E1894.17581
G1 X95.143 Y125.686 E1894.19253
G1 X94.904 Y126.116 E1894.21974
G1 X94.476 Y126.652 E1894.25766
G1 X94.127 Y127.016 E1894.28555
G1 X93.663 Y127.409 E1894.31917
G1 X93.084 Y127.718 E1894.35546
G1 X92.61 Y127.89 E1894.38334
G1 X92.1 Y128.036 E1894.41268
G1 X91.565 Y128.137 E1894.44278
G1 X90.679 Y128.14 E1894.49177
G1 X90.679 Y129.755 E1894.58107
G1 X108.184 Y129.755 E1895.54901
G1 X108.184 Y128.141 E1895.63826
G1 X105.972 Y128.138 E1895.76057
G1 X105.585 Y128.079 E1895.78222
G1 X105.07 Y127.954 E1895.81152
G1 X104.71 Y127.804 E1895.83309
G1 X104.429 Y127.642 E1895.85102
G1 X104.135 Y127.433 E1895.87097
G1 X103.889 Y127.206 E1895.88948
G1 X103.582 Y126.782 E1895.91842
G1 X103.471 Y126.546 E1895.93284
G1 X103.342 Y126.045 E1895.96145
G1 X103.304 Y125.417 E1895.99624
G1 X103.357 Y124.857 E1896.02734
G1 X103.435 Y124.387 E1896.05369
G1 X103.554 Y123.845 E1896.08437
G1 X103.673 Y123.39 E1896.11037
G1 X103.79 Y123.005 E1896.13262
G1 X109.707 Y105.174 E1897.17146
G1 X110.137 Y103.727 E1897.25493
G1 X110.315 Y103.07 E1897.29257
G1 X110.516 Y102.261 E1897.33866
G1 X111.004 Y100.019 E1897.46553
G1 X111.094 Y99.503 E1897.4945
G1 X111.209 Y98.684 E1897.54023
G1 X111.24 Y98.408 E1897.55558
G1 X111.403 Y98.062 E1897.57673
G0 F9000 X111.827 Y98.321
;TYPE:WALL-OUTER
G1 F3000 X111.951 Y98.296 E1897.58303
G1 X112.08 Y98.336 E1897.58975
G1 X112.164 Y98.446 E1897.59664
G1 X112.317 Y99.152 E1897.63259
G1 X112.435 Y99.647 E1897.65791
G1 X112.68 Y100.502 E1897.70217
G1 X112.94 Y101.496 E1897.7533
G1 X113.502 Y103.342 E1897.84933
G1 X113.798 Y104.341 E1897.90119
G1 X114.06 Y105.188 E1897.94531
G1 X120 Y122.595 E1898.86062
G1 X120.156 Y123.023 E1898.8833
G1 X120.358 Y123.649 E1898.91603
G1 X120.454 Y124.031 E1898.93563
G1 X120.669 Y125.065 E1898.98819
G1 X120.71 Y125.428 E1899.00637
G1 X120.691 Y125.787 E1899.02426
G1 X120.635 Y126.101 E1899.04013
G1 X120.542 Y126.373 E1899.05444
G1 X120.388 Y126.66 E1899.07065
G1 X120.209 Y126.89 E1899.08515
G1 X120.022 Y127.069 E1899.09803
G1 X119.741 Y127.268 E1899.11517
G1 X119.448 Y127.423 E1899.13167
G1 X119.188 Y127.518 E1899.14544
G1 X118.853 Y127.605 E1899.16267
G1 X118.515 Y127.652 E1899.17965
G1 X118.183 Y127.666 E1899.19619
G1 X115.426 Y127.666 E1899.33339
G1 X115.426 Y130.23 E1899.46099
G1 X129.796 Y130.23 E1900.17612
G1 X129.796 Y127.666 E1900.30372
G1 X127.06 Y127.661 E1900.43987
G1 X126.655 Y127.562 E1900.46062
G1 X126.268 Y127.343 E1900.48275
G1 X126.043 Y127.148 E1900.49757
G1 X125.753 Y126.818 E1900.51943
G1 X125.508 Y126.403 E1900.54342
G1 X125.391 Y126.168 E1900.55648
G1 X125.19 Y125.727 E1900.5806
G1 X124.938 Y125.112 E1900.61367
G1 X124.7 Y124.493 E1900.64668
G1 X124.448 Y123.796 E1900.68356
G1 X112.605 Y89.77 E1902.47652
G1 X107.188 Y89.77 E1902.7461
G1 X94.929 Y124.984 E1904.60169
G1 X94.823 Y125.251 E1904.61599
G1 X94.706 Y125.497 E1904.62955
G1 X94.498 Y125.863 E1904.6505
G1 X94.13 Y126.326 E1904.67993
G1 X93.82 Y126.653 E1904.70235
G1 X93.374 Y127.025 E1904.73126
G1 X92.908 Y127.274 E1904.75755
G1 X92.433 Y127.448 E1904.78272
G1 X91.95 Y127.584 E1904.8077
G1 X91.535 Y127.659 E1904.82868
G1 X90.204 Y127.666 E1904.89492
G1 X90.204 Y130.23 E1905.02252
G1 X108.659 Y130.23 E1905.94094
G1 X108.659 Y127.666 E1906.06854
G1 X105.999 Y127.661 E1906.20092
G1 X105.636 Y127.605 E1906.2192
G1 X105.204 Y127.496 E1906.24137
G1 X104.97 Y127.403 E1906.2539
G1 X104.714 Y127.261 E1906.26847
G1 X104.481 Y127.102 E1906.28251
G1 X104.264 Y126.906 E1906.29706
G1 X103.942 Y126.469 E1906.32407
G1 X103.812 Y125.945 E1906.35094
G1 X103.782 Y125.412 E1906.37751
G1 X103.833 Y124.885 E1906.40386
G1 X103.906 Y124.456 E1906.42551
G1 X104.014 Y123.965 E1906.45053
G1 X104.128 Y123.527 E1906.47305
G1 X104.241 Y123.155 E1906.4924
G1 X110.161 Y105.316 E1907.42778
G1 X110.594 Y103.857 E1907.50351
G1 X110.766 Y103.227 E1907.53601
G1 X110.99 Y102.317 E1907.58265
G1 X111.471 Y100.11 E1907.69506
G1 X111.563 Y99.577 E1907.72198
G1 X111.719 Y98.446 E1907.7788
G1 X111.827 Y98.321 E1907.78702
G0 F9000 X111.951 Y98.296
G0 X112.021 Y98.317
G0 X111.984 Y97.534
G0 X114.648 Y97.849
;TYPE:FILL
G1 F3600 X107.596 Y90.797 E1908.41568
G0 F9000 X111.779 Y90.494
G1 F3600 X101.326 Y129.504 E1910.96148
G0 F9000 X97.937 Y129.504
G1 F3600 X94.924 Y126.491 E1911.23008
G1 X95.08 Y126.294
G1 X103.239 Y124.108 E1911.76253
G0 F9000 X103.528 Y123.004
G1 F3600 X98.23 Y117.705 E1912.23487
G0 F9000 X98.655 Y116.485
G1 F3600 X106.375 Y114.416 E1912.73869
G0 F9000 X106.54 Y113.924
G1 F3600 X101.352 Y108.736 E1913.20118
G0 F9000 X102.054 Y106.722
G1 F3600 X109.584 Y104.705 E1913.69258
G1 X109.546 Y104.838
G1 X104.475 Y99.767 E1914.14464
G0 F9000 X105.453 Y96.96
G1 F3600 X113.58 Y94.782 E1914.67501
G0 F9000 X116.399 Y102.879
G1 F3600 X114.286 Y103.445 E1914.81291
G0 F9000 X116.915 Y104.36
G1 F3600 X115.872 Y108.253 E1915.06696
G0 F9000 X117.002 Y111.569
G1 F3600 X119.217 Y110.975 E1915.21152
G0 F9000 X117.379 Y112.671
G1 F3600 X121.104 Y116.396 E1915.54359
G0 F9000 X121.916 Y118.729
G1 F3600 X120.834 Y122.768 E1915.80717
G0 F9000 X119.77 Y119.679
G1 F3600 X122.036 Y119.071 E1915.95506
G0 F9000 X124.117 Y124.669
G0 X125.078 Y127.108
G1 F3600 X116.15 Y129.5 E1916.5377
G0 F9000 X119.029 Y129.504
G1 F3600 X119.374 Y128.217 E1916.62169
G0 F9000 X120.346 Y127.73
G1 F3600 X122.12 Y129.503 E1916.7798
G0 F9000 X127.881 Y129.504
G1 F3600 X128.18 Y128.387 E1916.85269
G1 F2400 E1914.85269
G0 F9000 X120.414 Y127.575
G0 X120.94 Y126.991
G0 X121.255 Y126.26
G0 X121.352 Y125.425
G0 X120.97 Y123.468
G0 X112.623 Y97.573
G0 X111.171 Y97.643
G0 X104.171 Y121.204
G0 X92.86 Y128.063
G1 F1200 E1916.85269
G1 F3600 X92.474 Y129.504 E1916.94672
G0 F9000 X92.474 Y129.13
G1 F2400 E1914.94672
;MESH:NONMESH
G0 F600 X92.474 Y129.13 Z17.08
G0 F9000 X95.04 Y126.206
G0 X111.054 Y98.064
G1 F1200 E1916.94672
G0 F9000 X111.36 Y98.099
;TIME_ELAPSED:1187.337291
;LAYER:60
;TYPE:WALL-INNER
;MESH:felipe_mvm_v.stl
G1 F3900 X111.613 Y97.901 E1916.96449
G1 X111.887 Y97.822 E1916.98026
G1 X112.091 Y97.833 E1916.99155
G1 X112.318 Y97.923 E1917.00506
G1 X112.521 Y98.111 E1917.02035
G1 X112.613 Y98.289 E1917.03143
G1 X112.904 Y99.551 E1917.10305
G1 X113.142 Y100.384 E1917.15095
G1 X113.405 Y101.391 E1917.2085
G1 X113.96 Y103.209 E1917.31361
G1 X114.253 Y104.2 E1917.37075
G1 X114.51 Y105.034 E1917.41901
G1 X120.446 Y122.429 E1918.43532
G1 X120.733 Y123.246 E1918.48321
G1 X120.863 Y123.699 E1918.50927
G1 X121.137 Y124.972 E1918.58127
G1 X121.188 Y125.424 E1918.60642
G1 X121.167 Y125.803 E1918.62741
G1 X121.094 Y126.223 E1918.65098
G1 X120.968 Y126.586 E1918.67223
G1 X120.801 Y126.903 E1918.69204
G1 X120.577 Y127.196 E1918.71243
G1 X120.313 Y127.447 E1918.73258
G1 X120.039 Y127.641 E1918.75114
G1 X119.659 Y127.852 E1918.77517
G1 X119.289 Y127.984 E1918.7969
G1 X118.942 Y128.073 E1918.8167
G1 X118.535 Y128.127 E1918.83941
G1 X118.203 Y128.141 E1918.85778
G1 X115.901 Y128.141 E1918.98507
G1 X115.901 Y129.755 E1919.07432
G1 X129.321 Y129.755 E1919.81637
G1 X129.321 Y128.141 E1919.90562
G1 X127.001 Y128.136 E1920.03391
G1 X126.481 Y128.009 E1920.0635
G1 X126.008 Y127.747 E1920.0934
G1 X125.686 Y127.462 E1920.11718
G1 X125.349 Y127.077 E1920.14547
G1 X125.02 Y126.502 E1920.1821
G1 X124.749 Y125.902 E1920.21851
G1 X124.375 Y124.981 E1920.27347
G1 X123.997 Y123.948 E1920.3343
G1 X112.267 Y90.245 E1922.30755
G1 X107.526 Y90.245 E1922.5697
G1 X95.371 Y125.159 E1924.61392
G1 X95.271 Y125.412 E1924.62896
G1 X95.143 Y125.686 E1924.64569
G1 X94.904 Y126.116 E1924.67289
G1 X94.476 Y126.652 E1924.71082
G1 X94.127 Y127.015 E1924.73866
G1 X93.663 Y127.41 E1924.77236
G1 X93.138 Y127.686 E1924.80515
G1 X92.751 Y127.846 E1924.82831
G1 X92.004 Y128.058 E1924.87124
G1 X91.558 Y128.137 E1924.89629
G1 X90.679 Y128.14 E1924.9449
G1 X90.679 Y129.755 E1925.0342
G1 X108.184 Y129.755 E1926.00213
G1 X108.184 Y128.141 E1926.09138
G1 X105.972 Y128.138 E1926.21369
G1 X105.585 Y128.079 E1926.23534
G1 X105.07 Y127.954 E1926.26464
G1 X104.71 Y127.804 E1926.28621
G1 X104.429 Y127.642 E1926.30414
G1 X104.135 Y127.433 E1926.32409
G1 X103.887 Y127.205 E1926.34272
G1 X103.578 Y126.768 E1926.37231
G1 X103.473 Y126.543 E1926.38604
G1 X103.343 Y126.054 E1926.41402
G1 X103.304 Y125.416 E1926.44936
G1 X103.357 Y124.857 E1926.48041
G1 X103.435 Y124.387 E1926.50676
G1 X103.546 Y123.883 E1926.53529
G1 X103.704 Y123.275 E1926.57003
G1 X109.707 Y105.174 E1927.62453
G1 X110.148 Y103.686 E1927.71035
G1 X110.306 Y103.107 E1927.74353
G1 X110.517 Y102.257 E1927.79196
G1 X111.004 Y100.02 E1927.91855
G1 X111.094 Y99.499 E1927.94779
G1 X111.248 Y98.408 E1928.00871
G1 X111.36 Y98.099 E1928.02689
G0 F9000 X111.771 Y98.371
;TYPE:WALL-OUTER
G1 F3000 X111.93 Y98.295 E1928.03566
G1 X112.069 Y98.328 E1928.04277
G1 X112.164 Y98.445 E1928.05027
G1 X112.229 Y98.756 E1928.06608
G1 X112.444 Y99.671 E1928.11285
G1 X112.682 Y100.505 E1928.15601
G1 X112.931 Y101.461 E1928.20518
G1 X113.504 Y103.344 E1928.30313
G1 X113.799 Y104.34 E1928.35482
G1 X114.061 Y105.187 E1928.39894
G1 X119.998 Y122.585 E1929.31379
G1 X120.289 Y123.415 E1929.35756
G1 X120.399 Y123.798 E1929.37739
G1 X120.668 Y125.056 E1929.44141
G1 X120.71 Y125.462 E1929.46172
G1 X120.689 Y125.802 E1929.47868
G1 X120.635 Y126.1 E1929.49375
G1 X120.535 Y126.39 E1929.50901
G1 X120.388 Y126.66 E1929.52431
G1 X120.209 Y126.89 E1929.53882
G1 X120.022 Y127.069 E1929.5517
G1 X119.741 Y127.268 E1929.56883
G1 X119.448 Y127.423 E1929.58533
G1 X119.188 Y127.518 E1929.59911
G1 X118.853 Y127.605 E1929.61633
G1 X118.515 Y127.652 E1929.63331
G1 X118.183 Y127.666 E1929.64985
G1 X115.426 Y127.666 E1929.78705
G1 X115.426 Y130.23 E1929.91465
G1 X129.796 Y130.23 E1930.62978
G1 X129.796 Y127.666 E1930.75738
G1 X127.06 Y127.661 E1930.89354
G1 X126.655 Y127.562 E1930.91429
G1 X126.268 Y127.343 E1930.93642
G1 X126.043 Y127.148 E1930.95123
G1 X125.727 Y126.782 E1930.9753
G1 X125.44 Y126.28 E1931.00407
G1 X125.189 Y125.723 E1931.03448
G1 X124.821 Y124.818 E1931.0831
G1 X124.446 Y123.791 E1931.13751
G1 X112.605 Y89.77 E1932.93019
G1 X107.188 Y89.77 E1933.19977
G1 X94.929 Y124.984 E1935.05537
G1 X94.823 Y125.251 E1935.06967
G1 X94.706 Y125.497 E1935.08322
G1 X94.498 Y125.863 E1935.10417
G1 X94.13 Y126.326 E1935.13361
G1 X93.82 Y126.653 E1935.15603
G1 X93.412 Y126.999 E1935.18265
G1 X92.957 Y127.247 E1935.20844
G1 X92.545 Y127.415 E1935.23058
G1 X91.922 Y127.59 E1935.26279
G1 X91.531 Y127.659 E1935.28255
G1 X90.204 Y127.666 E1935.34859
G1 X90.204 Y130.23 E1935.47619
G1 X108.659 Y130.23 E1936.39461
G1 X108.659 Y127.666 E1936.52221
G1 X105.999 Y127.661 E1936.65458
G1 X105.636 Y127.605 E1936.67286
G1 X105.204 Y127.496 E1936.69503
G1 X104.97 Y127.403 E1936.70757
G1 X104.714 Y127.261 E1936.72213
G1 X104.481 Y127.102 E1936.73617
G1 X104.233 Y126.871 E1936.75304
G1 X103.942 Y126.46 E1936.7781
G1 X103.813 Y125.955 E1936.80404
G1 X103.782 Y125.411 E1936.83115
G1 X103.833 Y124.885 E1936.85745
G1 X103.906 Y124.456 E1936.87911
G1 X104.006 Y124.001 E1936.90229
G1 X104.155 Y123.425 E1936.9319
G1 X110.161 Y105.316 E1937.88138
G1 X110.595 Y103.853 E1937.95732
G1 X110.766 Y103.227 E1937.98961
G1 X110.991 Y102.313 E1938.03646
G1 X111.471 Y100.11 E1938.14866
G1 X111.563 Y99.573 E1938.17578
G1 X111.717 Y98.484 E1938.23051
G1 X111.771 Y98.371 E1938.23674
G0 F9000 X111.93 Y98.295
G0 X111.953 Y98.3
G0 X111.92 Y97.538
G0 X114.498 Y97.419
;TYPE:FILL
G1 F3600 X107.669 Y90.59 E1938.84553
G0 F9000 X111.574 Y90.494
G1 F3600 X101.121 Y129.504 E1941.39132
G0 F9000 X98.217 Y129.504
G1 F3600 X95.048 Y126.335 E1941.67383
G1 X94.874 Y126.554
G1 X103.191 Y124.326 E1942.21659
G0 F9000 X103.599 Y122.794
G1 F3600 X98.302 Y117.497 E1942.6888
G0 F9000 X98.577 Y116.711
G1 F3600 X106.303 Y114.64 E1943.19301
G0 F9000 X106.611 Y113.714
G1 F3600 X101.424 Y108.528 E1943.65537
G0 F9000 X101.975 Y106.949
G1 F3600 X109.519 Y104.927 E1944.1477
G0 F9000 X109.61 Y104.622
G1 F3600 X104.547 Y99.559 E1944.59905
G0 F9000 X105.374 Y97.186
G1 F3600 X113.646 Y94.97 E1945.13887
G0 F9000 X116.464 Y103.066
G1 F3600 X114.345 Y103.634 E1945.27716
G0 F9000 X116.799 Y104.028
G1 F3600 X115.758 Y107.914 E1945.53076
G0 F9000 X117.067 Y111.756
G1 F3600 X119.282 Y111.163 E1945.6753
G0 F9000 X117.236 Y112.248
G1 F3600 X120.955 Y115.967 E1946.00684
G0 F9000 X121.8 Y118.398
G1 F3600 X120.716 Y122.442 E1946.27075
G0 F9000 X119.836 Y119.866
G1 F3600 X122.1 Y119.259 E1946.41851
G0 F9000 X121.255 Y126.26
G0 X121.001 Y126.851
G0 X120.505 Y127.609
G1 F3600 X122.4 Y129.503 E1946.5874
G0 F9000 X119.154 Y128.275
G1 F3600 X118.824 Y129.504 E1946.66761
G0 F9000 X116.899 Y129.504
G1 F3600 X125.195 Y127.281 E1947.20901
G0 F9000 X125.918 Y127.885
G0 X126.42 Y128.163
G0 X126.741 Y128.24
G0 X127.975 Y128.387
G1 F3600 X127.676 Y129.504 E1947.2819
G1 F2400 E1945.2819
G0 F9000 X120.895 Y123.216
G0 X112.633 Y97.576
G0 X111.17 Y97.64
G0 X103.384 Y123.858
G0 X92.634 Y128.142
G1 F1200 E1947.2819
G1 F3600 X92.269 Y129.504 E1947.37079
G0 F9000 X92.269 Y129.13
G1 F2400 E1945.37079
;MESH:NONMESH
G0 F600 X92.269 Y129.13 Z17.36
G0 F9000 X94.621 Y126.736
G0 X94.96 Y126.307
G0 X111.053 Y98.067
G1 F1200 E1947.37079
G0 F9000 X111.358 Y98.101
;TIME_ELAPSED:1203.992635
;LAYER:61
;TYPE:WALL-INNER
;MESH:felipe_mvm_v.stl
G1 F3900 X111.612 Y97.901 E1947.38866
G1 X111.951 Y97.821 E1947.40792
G1 X112.146 Y97.848 E1947.41881
G1 X112.353 Y97.947 E1947.4315
G1 X112.533 Y98.128 E1947.44561
G1 X112.613 Y98.29 E1947.4556
G1 X112.738 Y98.857 E1947.48771
G1 X112.911 Y99.588 E1947.52924
G1 X113.236 Y100.739 E1947.59538
G1 X113.398 Y101.368 E1947.63129
G1 X114.511 Y105.039 E1947.8434
G1 X120.447 Y122.432 E1948.85962
G1 X120.606 Y122.87 E1948.88538
G1 X120.794 Y123.433 E1948.9182
G1 X120.92 Y123.939 E1948.94704
G1 X121.137 Y124.975 E1949.00557
G1 X121.188 Y125.428 E1949.03077
G1 X121.164 Y125.836 E1949.05337
G1 X121.094 Y126.224 E1949.07517
G1 X120.968 Y126.586 E1949.09637
G1 X120.801 Y126.903 E1949.11618
G1 X120.577 Y127.196 E1949.13657
G1 X120.313 Y127.447 E1949.15672
G1 X120.039 Y127.641 E1949.17528
G1 X119.659 Y127.852 E1949.19932
G1 X119.289 Y127.984 E1949.22104
G1 X118.942 Y128.073 E1949.24085
G1 X118.535 Y128.127 E1949.26355
G1 X118.203 Y128.141 E1949.28192
G1 X115.901 Y128.141 E1949.40921
G1 X115.901 Y129.755 E1949.49846
G1 X129.321 Y129.755 E1950.24052
G1 X129.321 Y128.141 E1950.32976
G1 X127.001 Y128.136 E1950.45805
G1 X126.481 Y128.009 E1950.48765
G1 X126.013 Y127.75 E1950.51722
G1 X125.718 Y127.498 E1950.53868
G1 X125.35 Y127.077 E1950.56959
G1 X125.031 Y126.525 E1950.60485
G1 X124.748 Y125.902 E1950.64268
G1 X124.515 Y125.336 E1950.67653
G1 X124.254 Y124.658 E1950.7167
G1 X123.995 Y123.942 E1950.7588
G1 X112.267 Y90.245 E1952.7317
G1 X107.526 Y90.245 E1952.99386
G1 X95.371 Y125.159 E1955.03808
G1 X95.271 Y125.412 E1955.05312
G1 X95.143 Y125.686 E1955.06984
G1 X94.904 Y126.116 E1955.09704
G1 X94.476 Y126.652 E1955.13497
G1 X94.127 Y127.015 E1955.16282
G1 X93.662 Y127.41 E1955.19655
G1 X93.139 Y127.685 E1955.22923
G1 X92.679 Y127.871 E1955.25666
G1 X92.096 Y128.037 E1955.29018
G1 X91.568 Y128.137 E1955.3199
G1 X90.679 Y128.14 E1955.36905
G1 X90.679 Y129.755 E1955.45835
G1 X108.184 Y129.755 E1956.42629
G1 X108.184 Y128.141 E1956.51554
G1 X105.972 Y128.138 E1956.63785
G1 X105.585 Y128.079 E1956.6595
G1 X105.07 Y127.954 E1956.6888
G1 X104.71 Y127.804 E1956.71037
G1 X104.429 Y127.642 E1956.7283
G1 X104.135 Y127.433 E1956.74825
G1 X103.888 Y127.206 E1956.7668
G1 X103.582 Y126.774 E1956.79607
G1 X103.476 Y126.55 E1956.80977
G1 X103.343 Y126.056 E1956.83806
G1 X103.305 Y125.422 E1956.87318
G1 X103.357 Y124.857 E1956.90456
G1 X103.435 Y124.387 E1956.9309
G1 X103.554 Y123.845 E1956.96158
G1 X103.673 Y123.39 E1956.98759
G1 X103.79 Y123.005 E1957.00984
G1 X109.708 Y105.174 E1958.04869
G1 X110.149 Y103.682 E1958.13472
G1 X110.306 Y103.107 E1958.16768
G1 X110.517 Y102.252 E1958.21637
G1 X111.004 Y100.019 E1958.34275
G1 X111.095 Y99.495 E1958.37216
G1 X111.247 Y98.408 E1958.43285
G1 X111.358 Y98.101 E1958.4509
G0 F9000 X111.77 Y98.371
;TYPE:WALL-OUTER
G1 F3000 X111.951 Y98.296 E1958.46065
G1 X112.081 Y98.336 E1958.46742
G1 X112.164 Y98.446 E1958.47427
G1 X112.275 Y98.966 E1958.50074
G1 X112.454 Y99.717 E1958.53916
G1 X112.776 Y100.858 E1958.59816
G1 X112.94 Y101.496 E1958.63094
G1 X114.062 Y105.193 E1958.82321
G1 X120 Y122.593 E1959.73816
G1 X120.156 Y123.022 E1959.76088
G1 X120.333 Y123.549 E1959.78855
G1 X120.455 Y124.036 E1959.81353
G1 X120.669 Y125.058 E1959.86549
G1 X120.71 Y125.429 E1959.88407
G1 X120.691 Y125.786 E1959.90186
G1 X120.635 Y126.1 E1959.91773
G1 X120.535 Y126.39 E1959.933
G1 X120.388 Y126.66 E1959.9483
G1 X120.209 Y126.89 E1959.9628
G1 X120.022 Y127.069 E1959.97568
G1 X119.741 Y127.268 E1959.99282
G1 X119.448 Y127.423 E1960.00932
G1 X119.188 Y127.518 E1960.02309
G1 X118.853 Y127.605 E1960.04032
G1 X118.515 Y127.652 E1960.0573
G1 X118.183 Y127.666 E1960.07384
G1 X115.426 Y127.666 E1960.21104
G1 X115.426 Y130.23 E1960.33864
G1 X129.796 Y130.23 E1961.05377
G1 X129.796 Y127.666 E1961.18137
G1 X127.06 Y127.661 E1961.31752
G1 X126.655 Y127.562 E1961.33827
G1 X126.268 Y127.343 E1961.3604
G1 X126.043 Y127.148 E1961.37522
G1 X125.754 Y126.818 E1961.39705
G1 X125.456 Y126.311 E1961.42632
G1 X125.187 Y125.72 E1961.45863
G1 X124.958 Y125.165 E1961.48851
G1 X124.701 Y124.496 E1961.52417
G1 X124.444 Y123.785 E1961.5618
G1 X112.605 Y89.77 E1963.35417
G1 X107.188 Y89.77 E1963.62375
G1 X94.929 Y124.984 E1965.47935
G1 X94.823 Y125.251 E1965.49365
G1 X94.706 Y125.497 E1965.5072
G1 X94.498 Y125.863 E1965.52815
G1 X94.13 Y126.326 E1965.55759
G1 X93.82 Y126.653 E1965.58001
G1 X93.412 Y126.999 E1965.60663
G1 X92.957 Y127.246 E1965.6324
G1 X92.549 Y127.414 E1965.65435
G1 X91.945 Y127.585 E1965.68559
G1 X91.537 Y127.659 E1965.70623
G1 X90.204 Y127.666 E1965.77257
G1 X90.204 Y130.23 E1965.90017
G1 X108.659 Y130.23 E1966.81859
G1 X108.659 Y127.666 E1966.94619
G1 X105.999 Y127.661 E1967.07856
G1 X105.636 Y127.605 E1967.09684
G1 X105.204 Y127.496 E1967.11901
G1 X104.97 Y127.403 E1967.13155
G1 X104.714 Y127.261 E1967.14611
G1 X104.481 Y127.102 E1967.16015
G1 X104.233 Y126.871 E1967.17702
G1 X103.945 Y126.466 E1967.20175
G1 X103.82 Y125.998 E1967.22586
G1 X103.782 Y125.41 E1967.25518
G1 X103.833 Y124.885 E1967.28143
G1 X103.906 Y124.456 E1967.30309
G1 X104.014 Y123.965 E1967.32811
G1 X104.128 Y123.527 E1967.35063
G1 X104.241 Y123.155 E1967.36998
G1 X110.161 Y105.316 E1968.30535
G1 X110.596 Y103.849 E1968.3815
G1 X110.766 Y103.227 E1968.41359
G1 X110.98 Y102.36 E1968.45803
G1 X111.471 Y100.11 E1968.57264
G1 X111.564 Y99.569 E1968.59996
G1 X111.716 Y98.484 E1968.65448
G1 X111.77 Y98.371 E1968.66071
G0 F9000 X111.951 Y98.296
G0 X111.955 Y98.297
G0 X111.92 Y97.537
G0 X114.349 Y96.99
;TYPE:FILL
G1 F3600 X107.854 Y90.494 E1969.23976
G0 F9000 X111.369 Y90.493
G1 F3600 X100.916 Y129.504 E1971.78562
G0 F9000 X98.497 Y129.504
G1 F3600 X95.161 Y126.167 E1972.08306
G0 F9000 X94.658 Y126.817
G1 F3600 X103.154 Y124.541 E1972.6375
G0 F9000 X103.667 Y122.582
G1 F3600 X98.374 Y117.289 E1973.10935
G0 F9000 X98.497 Y116.937
G1 F3600 X106.226 Y114.866 E1973.61375
G0 F9000 X106.679 Y113.503
G1 F3600 X101.497 Y108.32 E1974.07575
G0 F9000 X101.896 Y107.175
G1 F3600 X109.45 Y105.151 E1974.56872
G0 F9000 X109.674 Y104.406
G1 F3600 X104.619 Y99.351 E1975.01936
G0 F9000 X105.296 Y97.412
G1 F3600 X113.711 Y95.157 E1975.56852
G0 F9000 X116.529 Y103.254
G1 F3600 X114.402 Y103.824 E1975.70733
G0 F9000 X116.683 Y103.696
G1 F3600 X115.643 Y107.578 E1975.96067
G0 F9000 X117.089 Y111.821
G1 F3600 X120.805 Y115.537 E1976.29194
G0 F9000 X121.684 Y118.065
G1 F3600 X120.601 Y122.109 E1976.55584
G0 F9000 X119.898 Y120.054
G1 F3600 X122.165 Y119.447 E1976.70378
G0 F9000 X121.255 Y126.26
G0 X121.078 Y126.673
G0 X120.649 Y127.472
G1 F3600 X122.68 Y129.503 E1976.88484
G0 F9000 X125.342 Y127.447
G1 F3600 X117.663 Y129.505 E1977.38597
G0 F9000 X118.619 Y129.504
G1 F3600 X118.935 Y128.325 E1977.46292
G0 F9000 X127.471 Y129.504
G1 F3600 X127.77 Y128.386 E1977.53587
G0 F9000 X126.988 Y128.3
G0 X126.42 Y128.163
G0 X125.918 Y127.885
G0 X125.22 Y127.179
G0 X124.603 Y125.977
G0 X124.388 Y125.417
G0 X119.348 Y111.35
G1 F3600 X117.131 Y111.944 E1977.68055
G1 F2400 E1975.68055
G0 F9000 X112.627 Y97.574
G0 X111.171 Y97.642
G0 X104.558 Y120.214
G0 X93.756 Y127.546
G0 X92.412 Y128.205
G1 F1200 E1977.68055
G1 F3600 X92.064 Y129.504 E1977.76532
G0 F9000 X92.064 Y129.13
G1 F2400 E1975.76532
;MESH:NONMESH
G0 F600 X92.064 Y129.13 Z17.64
G0 F9000 X94.621 Y126.736
G0 X94.96 Y126.307
G0 X111.059 Y98.019
G1 F1200 E1977.76532
G0 F9000 X111.404 Y98.058
;TIME_ELAPSED:1220.656115
;LAYER:62
;TYPE:WALL-INNER
;MESH:felipe_mvm_v.stl
G1 F3900 X111.606 Y97.899 E1977.77953
G1 X111.932 Y97.818 E1977.79811
G1 X112.145 Y97.846 E1977.80999
G1 X112.352 Y97.944 E1977.82265
G1 X112.531 Y98.125 E1977.83673
G1 X112.613 Y98.288 E1977.84682
G1 X112.781 Y99.051 E1977.89002
G1 X112.905 Y99.562 E1977.91909
G1 X113.233 Y100.724 E1977.98586
G1 X113.406 Y101.395 E1978.02417
G1 X113.962 Y103.218 E1978.12956
G1 X114.252 Y104.199 E1978.18613
G1 X114.51 Y105.034 E1978.23445
G1 X120.445 Y122.429 E1979.25075
G1 X120.734 Y123.247 E1979.29872
G1 X120.855 Y123.67 E1979.32305
G1 X120.92 Y123.939 E1979.33835
G1 X121.143 Y125.019 E1979.39933
G1 X121.188 Y125.44 E1979.42274
G1 X121.167 Y125.803 E1979.44285
G1 X121.094 Y126.222 E1979.46637
G1 X120.968 Y126.586 E1979.48766
G1 X120.801 Y126.903 E1979.50748
G1 X120.577 Y127.196 E1979.52787
G1 X120.313 Y127.447 E1979.54801
G1 X120.039 Y127.641 E1979.56658
G1 X119.659 Y127.852 E1979.59061
G1 X119.289 Y127.984 E1979.61233
G1 X118.942 Y128.073 E1979.63214
G1 X118.535 Y128.127 E1979.65484
G1 X118.203 Y128.141 E1979.67322
G1 X115.901 Y128.141 E1979.80051
G1 X115.901 Y129.755 E1979.88975
G1 X129.321 Y129.755 E1980.63181
G1 X129.321 Y128.141 E1980.72106
G1 X127.001 Y128.136 E1980.84934
G1 X126.481 Y128.009 E1980.87894
G1 X126.008 Y127.747 E1980.90884
G1 X125.686 Y127.462 E1980.93262
G1 X125.349 Y127.077 E1980.96091
G1 X125.049 Y126.558 E1980.99406
G1 X124.746 Y125.895 E1981.03436
G1 X124.376 Y124.984 E1981.08873
G1 X124.133 Y124.329 E1981.12736
G1 X112.267 Y90.245 E1983.12299
G1 X107.526 Y90.245 E1983.38514
G1 X95.371 Y125.159 E1985.42936
G1 X95.271 Y125.412 E1985.4444
G1 X95.143 Y125.686 E1985.46112
G1 X94.904 Y126.116 E1985.48833
G1 X94.476 Y126.652 E1985.52625
G1 X94.127 Y127.015 E1985.5541
G1 X93.662 Y127.41 E1985.58783
G1 X93.216 Y127.647 E1985.61576
G1 X92.681 Y127.871 E1985.64783
G1 X92.025 Y128.054 E1985.68549
G1 X91.56 Y128.137 E1985.71161
G1 X90.679 Y128.14 E1985.76032
G1 X90.679 Y129.755 E1985.84963
G1 X108.184 Y129.755 E1986.81756
G1 X108.184 Y128.141 E1986.90681
G1 X105.972 Y128.138 E1987.02912
G1 X105.585 Y128.079 E1987.05077
G1 X105.07 Y127.954 E1987.08007
G1 X104.71 Y127.804 E1987.10164
G1 X104.429 Y127.642 E1987.11957
G1 X104.135 Y127.433 E1987.13952
G1 X103.832 Y127.155 E1987.16226
G1 X103.568 Y126.759 E1987.18857
G1 X103.473 Y126.548 E1987.20137
G1 X103.343 Y126.053 E1987.22967
G1 X103.305 Y125.413 E1987.26512
G1 X103.364 Y124.805 E1987.2989
G1 X103.435 Y124.387 E1987.32234
G1 X103.554 Y123.845 E1987.35302
G1 X103.673 Y123.39 E1987.37903
G1 X103.79 Y123.005 E1987.40128
G1 X109.708 Y105.172 E1988.44023
G1 X109.988 Y104.241 E1988.49399
G1 X110.22 Y103.429 E1988.54069
G1 X110.382 Y102.811 E1988.57602
G1 X110.527 Y102.211 E1988.61015
G1 X111.004 Y100.019 E1988.73419
G1 X111.096 Y99.49 E1988.76388
G1 X111.18 Y98.907 E1988.79645
G1 X111.24 Y98.406 E1988.82435
G1 X111.404 Y98.058 E1988.84562
G0 F9000 X111.793 Y98.341
;TYPE:WALL-OUTER
G1 F3000 X111.872 Y98.302 E1988.85001
G1 X112.08 Y98.334 E1988.86048
G1 X112.164 Y98.444 E1988.86737
G1 X112.319 Y99.162 E1988.90392
G1 X112.445 Y99.683 E1988.9306
G1 X112.776 Y100.858 E1988.99135
G1 X112.94 Y101.496 E1989.02413
G1 X113.506 Y103.353 E1989.12074
G1 X113.791 Y104.32 E1989.17091
G1 X114.061 Y105.188 E1989.21615
G1 X119.997 Y122.586 E1990.13098
G1 X120.289 Y123.416 E1990.17477
G1 X120.393 Y123.782 E1990.1937
G1 X120.455 Y124.036 E1990.20671
G1 X120.667 Y125.049 E1990.25822
G1 X120.71 Y125.464 E1990.27898
G1 X120.689 Y125.802 E1990.29583
G1 X120.635 Y126.1 E1990.31091
G1 X120.535 Y126.39 E1990.32617
G1 X120.388 Y126.66 E1990.34147
G1 X120.209 Y126.89 E1990.35597
G1 X120.022 Y127.069 E1990.36886
G1 X119.741 Y127.268 E1990.38599
G1 X119.448 Y127.423 E1990.40249
G1 X119.188 Y127.518 E1990.41626
G1 X118.853 Y127.605 E1990.43349
G1 X118.515 Y127.652 E1990.45047
G1 X118.183 Y127.666 E1990.46701
G1 X115.426 Y127.666 E1990.60421
G1 X115.426 Y130.23 E1990.73181
G1 X129.796 Y130.23 E1991.44694
G1 X129.796 Y127.666 E1991.57454
G1 X127.06 Y127.661 E1991.7107
G1 X126.655 Y127.562 E1991.73145
G1 X126.268 Y127.343 E1991.75357
G1 X126.043 Y127.148 E1991.76839
G1 X125.753 Y126.818 E1991.79025
G1 X125.451 Y126.3 E1991.82009
G1 X125.186 Y125.716 E1991.85201
G1 X124.821 Y124.819 E1991.9002
G1 X124.582 Y124.172 E1991.93453
G1 X112.605 Y89.77 E1993.74735
G1 X107.188 Y89.77 E1994.01693
G1 X94.929 Y124.984 E1995.87253
G1 X94.823 Y125.251 E1995.88682
G1 X94.706 Y125.497 E1995.90038
G1 X94.498 Y125.863 E1995.92133
G1 X94.13 Y126.326 E1995.95076
G1 X93.82 Y126.653 E1995.97319
G1 X93.412 Y126.999 E1995.99981
G1 X92.975 Y127.236 E1996.02455
G1 X92.577 Y127.405 E1996.04607
G1 X91.963 Y127.581 E1996.07785
G1 X91.533 Y127.659 E1996.0996
G1 X90.204 Y127.666 E1996.16574
G1 X90.204 Y130.23 E1996.29334
G1 X108.659 Y130.23 E1997.21176
G1 X108.659 Y127.666 E1997.33936
G1 X105.999 Y127.661 E1997.47174
G1 X105.636 Y127.605 E1997.49001
G1 X105.204 Y127.496 E1997.51219
G1 X104.97 Y127.403 E1997.52472
G1 X104.714 Y127.261 E1997.53929
G1 X104.481 Y127.102 E1997.55332
G1 X104.195 Y126.842 E1997.57256
G1 X103.942 Y126.464 E1997.5952
G1 X103.813 Y125.953 E1997.62142
G1 X103.783 Y125.41 E1997.64849
G1 X103.833 Y124.885 E1997.67473
G1 X103.906 Y124.456 E1997.69639
G1 X104.014 Y123.965 E1997.72141
G1 X104.128 Y123.527 E1997.74393
G1 X104.241 Y123.155 E1997.76328
G1 X110.161 Y105.316 E1998.69865
G1 X110.43 Y104.418 E1998.74531
G1 X110.69 Y103.511 E1998.79226
G1 X110.991 Y102.312 E1998.85378
G1 X111.471 Y100.11 E1998.96594
G1 X111.565 Y99.564 E1998.99351
G1 X111.651 Y98.969 E1999.02343
G1 X111.709 Y98.482 E1999.04783
G1 X111.793 Y98.341 E1999.056
G0 F9000 X111.872 Y98.302
G0 X111.982 Y98.319
G0 X111.947 Y97.536
G0 X114.201 Y96.561
;TYPE:FILL
G1 F3600 X108.134 Y90.494 E1999.59686
G0 F9000 X111.164 Y90.493
G1 F3600 X100.711 Y129.504 E2002.14271
G0 F9000 X98.777 Y129.504
G1 F3600 X95.26 Y125.987 E2002.45624
G0 F9000 X94.404 Y127.09
G1 F3600 X103.117 Y124.756 E2003.02484
G0 F9000 X103.737 Y122.372
G1 F3600 X98.446 Y117.082 E2003.49647
G1 X98.419 Y117.163
G1 X106.15 Y115.091 E2004.001
G0 F9000 X106.749 Y113.293
G1 F3600 X101.569 Y108.113 E2004.46278
G0 F9000 X101.817 Y107.401
G1 F3600 X109.376 Y105.375 E2004.95609
G0 F9000 X109.74 Y104.192
G1 F3600 X104.691 Y99.143 E2005.4062
G0 F9000 X105.216 Y97.638
G1 F3600 X113.776 Y95.345 E2005.96481
G0 F9000 X116.568 Y103.361
G1 F3600 X115.528 Y107.241 E2006.21802
G0 F9000 X114.456 Y104.014
G1 F3600 X116.596 Y103.441 E2006.35767
G0 F9000 X116.945 Y111.397
G1 F3600 X120.659 Y115.112 E2006.68881
G0 F9000 X121.57 Y117.728
G1 F3600 X120.486 Y121.773 E2006.95279
G0 F9000 X119.961 Y120.242
G1 F3600 X122.234 Y119.633 E2007.10112
G0 F9000 X121.255 Y126.26
G0 X120.787 Y127.33
G1 F3600 X122.96 Y129.503 E2007.29484
G0 F9000 X125.487 Y127.613
G1 F3600 X118.428 Y129.505 E2007.75552
G1 X118.414 Y129.504
G1 X118.723 Y128.352 E2007.8307
G0 F9000 X127.265 Y129.505
G1 F3600 X127.565 Y128.386 E2007.90373
G0 F9000 X126.42 Y128.163
G0 X125.918 Y127.885
G0 X125.218 Y127.178
G0 X124.601 Y125.971
G0 X124.426 Y125.524
G0 X119.415 Y111.537
G1 F3600 X117.195 Y112.132 E2008.04861
G1 F2400 E2006.04861
G0 F9000 X112.623 Y97.575
G0 X111.176 Y97.641
G0 X104.527 Y120.306
G0 X93.757 Y127.545
G0 X92.191 Y128.268
G1 F1200 E2008.04861
G1 F3600 X91.859 Y129.505 E2008.12935
G0 F9000 X91.859 Y129.13
G1 F2400 E2006.12935
;MESH:NONMESH
G0 F600 X91.859 Y129.13 Z17.92
G0 F9000 X94.268 Y127.109
G0 X94.962 Y126.297
G0 X111.047 Y98.144
G1 F1200 E2008.12935
G0 F9000 X111.32 Y98.176
;TIME_ELAPSED:1237.322153
;LAYER:63
;TYPE:WALL-INNER
;MESH:felipe_mvm_v.stl
G1 F3900 X111.405 Y98.055 E2008.13752
G1 X111.606 Y97.897 E2008.15166
G1 X111.951 Y97.816 E2008.17126
G1 X112.147 Y97.844 E2008.1822
G1 X112.355 Y97.944 E2008.19497
G1 X112.536 Y98.128 E2008.20924
G1 X112.613 Y98.286 E2008.21896
G1 X112.904 Y99.551 E2008.29073
G1 X113.145 Y100.397 E2008.33937
G1 X113.404 Y101.389 E2008.39606
G1 X113.963 Y103.223 E2008.50208
G1 X114.252 Y104.199 E2008.55836
G1 X114.509 Y105.033 E2008.60662
G1 X120.447 Y122.432 E2009.62318
G1 X120.565 Y122.754 E2009.64215
G1 X120.776 Y123.374 E2009.67836
G1 X120.921 Y123.942 E2009.71078
G1 X121.142 Y125.014 E2009.7713
G1 X121.188 Y125.437 E2009.79483
G1 X121.167 Y125.803 E2009.8151
G1 X121.095 Y126.22 E2009.8385
G1 X120.975 Y126.575 E2009.85922
G1 X120.8 Y126.904 E2009.87982
G1 X120.577 Y127.196 E2009.90014
G1 X120.313 Y127.447 E2009.92028
G1 X120.039 Y127.641 E2009.93885
G1 X119.659 Y127.852 E2009.96288
G1 X119.289 Y127.984 E2009.9846
G1 X118.942 Y128.073 E2010.00441
G1 X118.535 Y128.127 E2010.02711
G1 X118.203 Y128.141 E2010.04549
G1 X115.901 Y128.141 E2010.17278
G1 X115.901 Y129.755 E2010.26202
G1 X129.321 Y129.755 E2011.00408
G1 X129.321 Y128.141 E2011.09333
G1 X127.001 Y128.136 E2011.22161
G1 X126.481 Y128.009 E2011.25121
G1 X126.008 Y127.747 E2011.28111
G1 X125.686 Y127.462 E2011.30489
G1 X125.35 Y127.078 E2011.3331
G1 X125.011 Y126.485 E2011.37087
G1 X124.744 Y125.891 E2011.40688
G1 X124.376 Y124.984 E2011.461
G1 X124.131 Y124.324 E2011.49993
G1 X112.267 Y90.246 E2013.4952
G1 X107.526 Y90.246 E2013.75736
G1 X95.371 Y125.159 E2015.80152
G1 X95.271 Y125.412 E2015.81656
G1 X95.143 Y125.686 E2015.83329
G1 X94.904 Y126.116 E2015.86049
G1 X94.476 Y126.652 E2015.89842
G1 X94.128 Y127.015 E2015.92622
G1 X93.663 Y127.41 E2015.95996
G1 X93.157 Y127.676 E2015.99157
G1 X92.68 Y127.871 E2016.02006
G1 X92.023 Y128.054 E2016.05778
G1 X91.558 Y128.137 E2016.08389
G1 X90.679 Y128.14 E2016.1325
G1 X90.679 Y129.755 E2016.2218
G1 X108.184 Y129.755 E2017.18974
G1 X108.184 Y128.141 E2017.27899
G1 X105.972 Y128.138 E2017.4013
G1 X105.585 Y128.079 E2017.42294
G1 X105.07 Y127.954 E2017.45225
G1 X104.71 Y127.804 E2017.47381
G1 X104.429 Y127.642 E2017.49175
G1 X104.136 Y127.434 E2017.51162
G1 X103.83 Y127.154 E2017.53455
G1 X103.547 Y126.725 E2017.56297
G1 X103.411 Y126.337 E2017.5857
G1 X103.343 Y125.965 E2017.60661
G1 X103.305 Y125.416 E2017.63704
G1 X103.357 Y124.858 E2017.66803
G1 X103.435 Y124.387 E2017.69443
G1 X103.553 Y123.848 E2017.72494
G1 X103.671 Y123.39 E2017.75109
G1 X103.788 Y123.005 E2017.77334
G1 X109.702 Y105.186 E2018.81149
G1 X110.142 Y103.71 E2018.89666
G1 X110.382 Y102.808 E2018.94827
G1 X110.526 Y102.209 E2018.98234
G1 X111.004 Y100.023 E2019.10607
G1 X111.138 Y99.207 E2019.15179
G1 X111.24 Y98.404 E2019.19655
G1 X111.32 Y98.176 E2019.20991
G0 F9000 X111.827 Y98.317
;TYPE:WALL-OUTER
G1 F3000 X111.951 Y98.291 E2019.21622
G1 X112.081 Y98.333 E2019.22301
G1 X112.164 Y98.442 E2019.22983
G1 X112.235 Y98.782 E2019.24712
G1 X112.444 Y99.671 E2019.29257
G1 X112.685 Y100.517 E2019.33634
G1 X112.93 Y101.46 E2019.38483
G1 X114.06 Y105.186 E2019.57859
G1 X119.987 Y122.557 E2020.49201
G1 X120.116 Y122.907 E2020.51057
G1 X120.327 Y123.527 E2020.54316
G1 X120.456 Y124.039 E2020.56944
G1 X120.67 Y125.073 E2020.62199
G1 X120.71 Y125.466 E2020.64164
G1 X120.689 Y125.802 E2020.6584
G1 X120.635 Y126.099 E2020.67342
G1 X120.535 Y126.39 E2020.68873
G1 X120.388 Y126.66 E2020.70403
G1 X120.209 Y126.89 E2020.71854
G1 X120.022 Y127.069 E2020.73142
G1 X119.741 Y127.268 E2020.74856
G1 X119.448 Y127.423 E2020.76505
G1 X119.188 Y127.518 E2020.77883
G1 X118.853 Y127.605 E2020.79605
G1 X118.515 Y127.652 E2020.81303
G1 X118.183 Y127.666 E2020.82957
G1 X115.426 Y127.666 E2020.96677
G1 X115.426 Y130.23 E2021.09437
G1 X129.796 Y130.23 E2021.8095
G1 X129.796 Y127.666 E2021.9371
G1 X127.06 Y127.661 E2022.07326
G1 X126.655 Y127.562 E2022.09401
G1 X126.268 Y127.343 E2022.11614
G1 X126.043 Y127.148 E2022.13095
G1 X125.753 Y126.818 E2022.15282
G1 X125.444 Y126.289 E2022.18331
G1 X125.184 Y125.712 E2022.2148
G1 X124.821 Y124.819 E2022.26277
G1 X124.58 Y124.168 E2022.29732
G1 X112.605 Y89.771 E2024.10987
G1 X107.188 Y89.771 E2024.37945
G1 X94.929 Y124.984 E2026.235
G1 X94.823 Y125.251 E2026.2493
G1 X94.706 Y125.497 E2026.26285
G1 X94.498 Y125.863 E2026.2838
G1 X94.13 Y126.326 E2026.31324
G1 X93.82 Y126.653 E2026.33566
G1 X93.413 Y126.999 E2026.36225
G1 X92.972 Y127.238 E2026.38721
G1 X92.551 Y127.414 E2026.40992
G1 X91.961 Y127.581 E2026.44043
G1 X91.531 Y127.659 E2026.46218
G1 X90.204 Y127.666 E2026.52822
G1 X90.204 Y130.23 E2026.65582
G1 X108.659 Y130.23 E2027.57424
G1 X108.659 Y127.666 E2027.70184
G1 X105.999 Y127.661 E2027.83422
G1 X105.636 Y127.605 E2027.85249
G1 X105.204 Y127.496 E2027.87467
G1 X104.97 Y127.403 E2027.8872
G1 X104.714 Y127.261 E2027.90177
G1 X104.457 Y127.083 E2027.91732
G1 X104.194 Y126.843 E2027.93504
G1 X103.975 Y126.511 E2027.95484
G1 X103.868 Y126.198 E2027.9713
G1 X103.81 Y125.88 E2027.98738
G1 X103.783 Y125.409 E2028.01086
G1 X103.833 Y124.885 E2028.03706
G1 X103.906 Y124.455 E2028.05876
G1 X104.014 Y123.966 E2028.08368
G1 X104.126 Y123.527 E2028.10623
G1 X104.239 Y123.155 E2028.12558
G1 X110.155 Y105.329 E2029.06028
G1 X110.599 Y103.839 E2029.13765
G1 X110.853 Y102.882 E2029.18692
G1 X110.99 Y102.31 E2029.2162
G1 X111.47 Y100.113 E2029.32811
G1 X111.609 Y99.276 E2029.37033
G1 X111.719 Y98.442 E2029.4122
G1 X111.827 Y98.317 E2029.42042
G0 F9000 X111.951 Y98.291
G0 X112.021 Y98.313
G0 X111.994 Y97.534
G0 X114.05 Y96.131
;TYPE:FILL
G1 F3600 X108.415 Y90.496 E2029.92276
G0 F9000 X110.959 Y90.494
G1 F3600 X100.506 Y129.504 E2032.46856
G0 F9000 X99.057 Y129.504
G1 F3600 X95.36 Y125.807 E2032.79813
G0 F9000 X94.074 Y127.384
G1 F3600 X103.096 Y124.966 E2033.38692
G0 F9000 X103.805 Y122.16
G1 F3600 X98.519 Y116.874 E2033.85815
G0 F9000 X98.34 Y117.389
G1 F3600 X106.074 Y115.317 E2034.36286
G0 F9000 X106.817 Y113.081
G1 F3600 X101.641 Y107.905 E2034.82428
G0 F9000 X101.739 Y107.627
G1 F3600 X109.298 Y105.601 E2035.31759
G0 F9000 X109.801 Y103.973
G1 F3600 X104.764 Y98.936 E2035.76663
G0 F9000 X105.137 Y97.865
G1 F3600 X113.842 Y95.532 E2036.33472
G0 F9000 X116.452 Y103.028
G1 F3600 X115.413 Y106.906 E2036.5878
G0 F9000 X114.516 Y104.203
G1 F3600 X116.661 Y103.628 E2036.72778
G0 F9000 X116.799 Y110.971
G1 F3600 X120.51 Y114.682 E2037.05861
G0 F9000 X121.454 Y117.395
G1 F3600 X120.371 Y121.436 E2037.32233
G0 F9000 X120.027 Y120.43
G1 F3600 X122.299 Y119.821 E2037.4706
G0 F9000 X121.255 Y126.26
G0 X120.908 Y127.172
G1 F3600 X123.24 Y129.503 E2037.67845
G0 F9000 X125.655 Y127.773
G1 F3600 X119.193 Y129.505 E2038.10017
G0 F9000 X118.209 Y129.505
G1 F3600 X118.511 Y128.377 E2038.17377
G0 F9000 X127.06 Y129.505
G1 F3600 X127.361 Y128.385 E2038.24688
G0 F9000 X126.42 Y128.163
G0 X125.918 Y127.885
G0 X125.218 Y127.179
G0 X124.599 Y125.967
G0 X124.424 Y125.519
G0 X119.48 Y111.725
G1 F3600 X117.259 Y112.32 E2038.39182
G1 F2400 E2036.39182
G0 F9000 X112.634 Y97.581
G0 X111.183 Y97.634
G0 X104.498 Y120.389
G0 X93.758 Y127.545
G0 X93.481 Y127.677
G0 X91.974 Y128.312
G1 F1200 E2038.39182
G1 F3600 X91.654 Y129.505 E2038.46968
G0 F9000 X91.654 Y129.13
G1 F2400 E2036.46968
;MESH:NONMESH
G0 F600 X91.654 Y129.13 Z18.2
G0 F9000 X94.269 Y127.108
G0 X94.962 Y126.297
G0 X111.058 Y98.063
G1 F1200 E2038.46968
G0 F9000 X111.349 Y98.1
;TIME_ELAPSED:1253.983228
;LAYER:64
;TYPE:WALL-INNER
;MESH:felipe_mvm_v.stl
G1 F3900 X111.606 Y97.897 E2038.48779
G1 X111.951 Y97.818 E2038.50736
G1 X112.145 Y97.845 E2038.51819
G1 X112.352 Y97.943 E2038.53086
G1 X112.531 Y98.124 E2038.54493
G1 X112.613 Y98.287 E2038.55502
G1 X112.78 Y99.047 E2038.59805
G1 X112.905 Y99.562 E2038.62735
G1 X113.147 Y100.403 E2038.67574
G1 X113.391 Y101.342 E2038.72939
G1 X113.965 Y103.227 E2038.83834
G1 X114.253 Y104.2 E2038.89445
G1 X114.51 Y105.035 E2038.94276
G1 X120.439 Y122.408 E2039.9578
G1 X120.609 Y122.876 E2039.98534
G1 X120.745 Y123.284 E2040.00912
G1 X120.865 Y123.706 E2040.03338
G1 X121.144 Y125.026 E2040.10798
G1 X121.188 Y125.432 E2040.13056
G1 X121.167 Y125.803 E2040.15111
G1 X121.095 Y126.219 E2040.17445
G1 X120.975 Y126.575 E2040.19523
G1 X120.8 Y126.904 E2040.21583
G1 X120.577 Y127.196 E2040.23615
G1 X120.313 Y127.447 E2040.25629
G1 X120.039 Y127.641 E2040.27485
G1 X119.659 Y127.852 E2040.29889
G1 X119.289 Y127.984 E2040.32061
G1 X118.942 Y128.073 E2040.34042
G1 X118.535 Y128.127 E2040.36312
G1 X118.203 Y128.141 E2040.38149
G1 X115.901 Y128.141 E2040.50878
G1 X115.901 Y129.755 E2040.59803
G1 X129.321 Y129.755 E2041.34009
G1 X129.321 Y128.141 E2041.42933
G1 X127.001 Y128.136 E2041.55762
G1 X126.481 Y128.009 E2041.58722
G1 X126.008 Y127.747 E2041.61712
G1 X125.686 Y127.462 E2041.64089
G1 X125.349 Y127.078 E2041.66914
G1 X125.01 Y126.482 E2041.70706
G1 X124.743 Y125.888 E2041.74307
G1 X124.376 Y124.984 E2041.79702
G1 X124.129 Y124.319 E2041.83624
G1 X112.267 Y90.246 E2043.83122
G1 X107.526 Y90.246 E2044.09337
G1 X95.371 Y125.159 E2046.13754
G1 X95.271 Y125.412 E2046.15258
G1 X95.143 Y125.686 E2046.1693
G1 X94.904 Y126.116 E2046.1965
G1 X94.476 Y126.652 E2046.23443
G1 X94.128 Y127.015 E2046.26224
G1 X93.663 Y127.41 E2046.29598
G1 X93.155 Y127.678 E2046.32773
G1 X92.682 Y127.87 E2046.35596
G1 X92.021 Y128.055 E2046.39392
G1 X91.561 Y128.137 E2046.41975
G1 X90.679 Y128.14 E2046.46852
G1 X90.679 Y128.946 E2046.51309
G1 X90.679 Y129.755 E2046.55782
G1 X108.184 Y129.755 E2047.52576
G1 X108.184 Y128.141 E2047.61501
G1 X105.972 Y128.138 E2047.73732
G1 X105.585 Y128.079 E2047.75897
G1 X105.119 Y127.966 E2047.78548
G1 X104.795 Y127.844 E2047.80463
G1 X104.491 Y127.681 E2047.8237
G1 X104.164 Y127.461 E2047.84549
G1 X103.782 Y127.084 E2047.87517
G1 X103.546 Y126.722 E2047.89906
G1 X103.407 Y126.328 E2047.92217
G1 X103.333 Y125.88 E2047.94727
G1 X103.306 Y125.41 E2047.97331
G1 X103.357 Y124.858 E2048.00396
G1 X103.435 Y124.387 E2048.03036
G1 X103.548 Y123.874 E2048.0594
G1 X103.671 Y123.389 E2048.08707
G1 X103.783 Y123.02 E2048.10839
G1 X109.702 Y105.184 E2049.14752
G1 X109.915 Y104.484 E2049.18798
G1 X110.222 Y103.419 E2049.24927
G1 X110.382 Y102.81 E2049.28409
G1 X110.527 Y102.204 E2049.31854
G1 X111.004 Y100.023 E2049.44199
G1 X111.139 Y99.203 E2049.48794
G1 X111.24 Y98.405 E2049.53242
G1 X111.349 Y98.1 E2049.55033
G0 F9000 X112.08 Y98.333
;TYPE:WALL-OUTER
G1 F3000 X112.164 Y98.443 E2049.55722
G1 X112.326 Y99.19 E2049.59526
G1 X112.446 Y99.684 E2049.62056
G1 X112.687 Y100.523 E2049.664
G1 X112.931 Y101.462 E2049.71228
G1 X114.061 Y105.188 E2049.90604
G1 X120.002 Y122.596 E2050.82142
G1 X120.159 Y123.028 E2050.8443
G1 X120.289 Y123.415 E2050.86461
G1 X120.401 Y123.805 E2050.88481
G1 X120.668 Y125.054 E2050.94837
G1 X120.71 Y125.467 E2050.96903
G1 X120.689 Y125.802 E2050.98573
G1 X120.635 Y126.099 E2051.00076
G1 X120.535 Y126.39 E2051.01607
G1 X120.388 Y126.66 E2051.03137
G1 X120.209 Y126.89 E2051.04587
G1 X120.022 Y127.069 E2051.05875
G1 X119.741 Y127.268 E2051.07589
G1 X119.448 Y127.423 E2051.09239
G1 X119.188 Y127.518 E2051.10616
G1 X118.853 Y127.605 E2051.12339
G1 X118.515 Y127.652 E2051.14037
G1 X118.183 Y127.666 E2051.1569
G1 X115.426 Y127.666 E2051.29411
G1 X115.426 Y130.23 E2051.42171
G1 X129.796 Y130.23 E2052.13684
G1 X129.796 Y127.666 E2052.26444
G1 X127.06 Y127.661 E2052.40059
G1 X126.655 Y127.562 E2052.42134
G1 X126.268 Y127.343 E2052.44347
G1 X126.043 Y127.148 E2052.45829
G1 X125.753 Y126.818 E2052.48015
G1 X125.443 Y126.287 E2052.51075
G1 X125.183 Y125.709 E2052.54229
G1 X124.821 Y124.819 E2052.59011
G1 X124.578 Y124.162 E2052.62497
G1 X112.605 Y89.771 E2054.43721
G1 X107.188 Y89.771 E2054.70678
G1 X94.929 Y124.984 E2056.56234
G1 X94.823 Y125.251 E2056.57663
G1 X94.706 Y125.497 E2056.59019
G1 X94.498 Y125.863 E2056.61114
G1 X94.13 Y126.326 E2056.64057
G1 X93.82 Y126.653 E2056.66299
G1 X93.374 Y127.026 E2056.69193
G1 X92.992 Y127.23 E2056.71348
G1 X92.551 Y127.413 E2056.73724
G1 X91.959 Y127.582 E2056.76788
G1 X91.534 Y127.659 E2056.78937
G1 X90.204 Y127.666 E2056.85556
G1 X90.204 Y128.946 E2056.91926
G1 X90.204 Y130.23 E2056.98316
G1 X108.659 Y130.23 E2057.90158
G1 X108.659 Y127.666 E2058.02918
G1 X105.999 Y127.661 E2058.16156
G1 X105.636 Y127.605 E2058.17984
G1 X105.204 Y127.496 E2058.20201
G1 X104.943 Y127.39 E2058.21603
G1 X104.708 Y127.257 E2058.22947
G1 X104.45 Y127.076 E2058.24515
G1 X104.138 Y126.761 E2058.26722
G1 X103.975 Y126.513 E2058.28198
G1 X103.876 Y126.23 E2058.2969
G1 X103.807 Y125.853 E2058.31598
G1 X103.783 Y125.407 E2058.33821
G1 X103.833 Y124.885 E2058.3643
G1 X103.906 Y124.455 E2058.38601
G1 X104.008 Y123.99 E2058.4097
G1 X104.126 Y123.526 E2058.43352
G1 X104.234 Y123.17 E2058.45204
G1 X110.155 Y105.328 E2059.38757
G1 X110.364 Y104.644 E2059.42316
G1 X110.693 Y103.498 E2059.4825
G1 X110.851 Y102.891 E2059.51371
G1 X110.991 Y102.305 E2059.5437
G1 X111.47 Y100.113 E2059.65536
G1 X111.61 Y99.272 E2059.69778
G1 X111.719 Y98.443 E2059.7394
G1 X111.872 Y98.3 E2059.74982
G1 X112.08 Y98.333 E2059.7603
G0 F9000 X112.164 Y98.443
G0 X112.177 Y98.503
G0 X112.862 Y98.358
G0 X113.907 Y95.72
;TYPE:FILL
G1 F3600 X105.059 Y98.09 E2060.3377
G0 F9000 X104.836 Y98.728
G1 F3600 X109.864 Y103.756 E2060.78593
G0 F9000 X109.224 Y105.826
G1 F3600 X101.66 Y107.853 E2061.27956
G1 X101.714 Y107.698
G1 X106.887 Y112.871 E2061.74072
G0 F9000 X106 Y115.542
G1 F3600 X98.262 Y117.615 E2062.2457
G0 F9000 X98.591 Y116.666
G1 F3600 X103.875 Y121.95 E2062.71675
G0 F9000 X103.075 Y125.177
G1 F3600 X93.639 Y127.705 E2063.33253
G0 F9000 X91.757 Y128.355
G1 F3600 X91.449 Y129.505 E2063.40758
G0 F9000 X91.093 Y128.388
G1 F3600 X90.928 Y128.432 E2063.41835
G0 F9000 X92.093 Y128.208
G0 X93.254 Y127.813
G0 X93.758 Y127.545
G0 X94.534 Y126.817
G0 X95.45 Y125.617
G1 F3600 X99.337 Y129.504 E2063.76486
G0 F9000 X100.301 Y129.504
G1 F3600 X110.754 Y90.494 E2066.31065
G0 F9000 X108.695 Y90.496
G1 F3600 X113.901 Y95.701 E2066.77471
G0 F9000 X116.336 Y102.696
G1 F3600 X115.298 Y106.568 E2067.0274
G0 F9000 X114.575 Y104.392
G1 F3600 X116.727 Y103.816 E2067.16783
G0 F9000 X116.656 Y110.548
G1 F3600 X120.361 Y114.253 E2067.49812
G0 F9000 X119.545 Y111.912
G1 F3600 X117.323 Y112.507 E2067.64312
G0 F9000 X121.338 Y117.062
G1 F3600 X120.256 Y121.099 E2067.90658
G0 F9000 X120.092 Y120.617
G1 F3600 X122.365 Y120.008 E2068.05492
G0 F9000 X121.255 Y126.26
G0 X121.026 Y127.01
G1 F3600 X123.52 Y129.503 E2068.2772
G0 F9000 X125.838 Y127.929
G1 F3600 X119.958 Y129.505 E2068.66094
G0 F9000 X118.004 Y129.505
G1 F3600 X118.304 Y128.386 E2068.73397
G0 F9000 X126.856 Y129.505
G1 F3600 X127.156 Y128.385 E2068.80706
G0 F9000 X127.156 Y128.761
G1 F2400 E2066.80706
;MESH:NONMESH
G0 F600 X127.156 Y128.761 Z18.48
G0 F9000 X125.603 Y127.614
G0 X125.218 Y127.178
G0 X124.598 Y125.964
G0 X112.624 Y97.577
G0 X111.18 Y97.639
G0 X111.057 Y98.062
G1 F1200 E2068.80706
G0 F9000 X111.358 Y98.1
;TIME_ELAPSED:1269.526894
;LAYER:65
;TYPE:WALL-INNER
;MESH:felipe_mvm_v.stl
G1 F3900 X111.612 Y97.9 E2068.82493
G1 X111.892 Y97.821 E2068.84102
G1 X112.096 Y97.833 E2068.85232
G1 X112.321 Y97.923 E2068.86572
G1 X112.522 Y98.111 E2068.88094
G1 X112.624 Y98.309 E2068.89325
G1 X112.697 Y98.673 E2068.91378
G1 X112.904 Y99.551 E2068.96366
G1 X113.147 Y100.405 E2069.01276
G1 X113.39 Y101.34 E2069.06618
G1 X113.966 Y103.231 E2069.17548
G1 X114.252 Y104.199 E2069.2313
G1 X114.509 Y105.033 E2069.27955
G1 X120.447 Y122.433 E2070.29617
G1 X120.566 Y122.757 E2070.31525
G1 X120.795 Y123.437 E2070.35493
G1 X120.921 Y123.944 E2070.38382
G1 X121.133 Y124.957 E2070.44104
G1 X121.189 Y125.439 E2070.46787
G1 X121.157 Y125.886 E2070.49265
G1 X121.095 Y126.219 E2070.51138
G1 X120.975 Y126.569 E2070.53184
G1 X120.802 Y126.902 E2070.55259
G1 X120.577 Y127.196 E2070.57306
G1 X120.313 Y127.447 E2070.59321
G1 X120.039 Y127.641 E2070.61177
G1 X119.659 Y127.852 E2070.6358
G1 X119.289 Y127.984 E2070.65753
G1 X118.942 Y128.073 E2070.67734
G1 X118.535 Y128.127 E2070.70004
G1 X118.203 Y128.141 E2070.71841
G1 X115.901 Y128.141 E2070.8457
G1 X115.901 Y129.755 E2070.93495
G1 X129.321 Y129.755 E2071.67701
G1 X129.321 Y128.141 E2071.76625
G1 X127.003 Y128.136 E2071.89443
G1 X126.489 Y128.012 E2071.92366
G1 X126.015 Y127.752 E2071.95356
G1 X125.719 Y127.499 E2071.97509
G1 X125.305 Y127.027 E2072.0098
G1 X124.953 Y126.357 E2072.05165
G1 X124.751 Y125.91 E2072.07878
G1 X124.376 Y124.984 E2072.13402
G1 X124.127 Y124.314 E2072.17354
G1 X112.267 Y90.245 E2074.16827
G1 X107.526 Y90.245 E2074.43042
G1 X95.371 Y125.159 E2076.47464
G1 X95.271 Y125.412 E2076.48969
G1 X95.143 Y125.686 E2076.50641
G1 X94.904 Y126.116 E2076.53361
G1 X94.476 Y126.652 E2076.57154
G1 X94.128 Y127.015 E2076.59934
G1 X93.662 Y127.411 E2076.63316
G1 X93.083 Y127.718 E2076.6694
G1 X92.61 Y127.89 E2076.69723
G1 X92.085 Y128.04 E2076.72742
G1 X91.561 Y128.137 E2076.75689
G1 X90.679 Y128.14 E2076.80566
G1 X90.679 Y129.755 E2076.89496
G1 X108.184 Y129.755 E2077.8629
G1 X108.184 Y128.141 E2077.95214
G1 X105.972 Y128.138 E2078.07445
G1 X105.585 Y128.079 E2078.0961
G1 X105.07 Y127.954 E2078.1254
G1 X104.71 Y127.804 E2078.14697
G1 X104.44 Y127.649 E2078.16418
G1 X104.163 Y127.461 E2078.1827
G1 X103.783 Y127.084 E2078.21229
G1 X103.5 Y126.657 E2078.24062
G1 X103.362 Y126.095 E2078.27262
G1 X103.308 Y125.639 E2078.29801
G1 X103.337 Y124.998 E2078.33349
G1 X103.435 Y124.388 E2078.36765
G1 X103.551 Y123.86 E2078.39754
G1 X103.723 Y123.219 E2078.43424
G1 X109.708 Y105.172 E2079.4856
G1 X109.916 Y104.486 E2079.52523
G1 X110.223 Y103.416 E2079.58679
G1 X110.382 Y102.811 E2079.62138
G1 X110.53 Y102.198 E2079.65625
G1 X111.004 Y100.019 E2079.77955
G1 X111.098 Y99.478 E2079.80991
G1 X111.247 Y98.407 E2079.8697
G1 X111.358 Y98.1 E2079.88776
G0 F9000 X111.77 Y98.37
;TYPE:WALL-OUTER
G1 F3000 X111.932 Y98.294 E2079.89666
G1 X112.07 Y98.327 E2079.90372
G1 X112.164 Y98.444 E2079.91119
G1 X112.235 Y98.781 E2079.92833
G1 X112.444 Y99.671 E2079.97383
G1 X112.687 Y100.525 E2080.01801
G1 X112.93 Y101.46 E2080.06609
G1 X113.51 Y103.366 E2080.16524
G1 X113.798 Y104.339 E2080.21574
G1 X114.06 Y105.186 E2080.25986
G1 X119.987 Y122.558 E2081.17332
G1 X120.117 Y122.91 E2081.19199
G1 X120.329 Y123.534 E2081.22479
G1 X120.456 Y124.041 E2081.2508
G1 X120.671 Y125.072 E2081.30321
G1 X120.71 Y125.468 E2081.32301
G1 X120.689 Y125.802 E2081.33967
G1 X120.635 Y126.098 E2081.35464
G1 X120.535 Y126.39 E2081.37
G1 X120.388 Y126.66 E2081.3853
G1 X120.209 Y126.89 E2081.3998
G1 X120.022 Y127.069 E2081.41269
G1 X119.741 Y127.268 E2081.42982
G1 X119.448 Y127.423 E2081.44632
G1 X119.188 Y127.518 E2081.46009
G1 X118.853 Y127.605 E2081.47732
G1 X118.515 Y127.652 E2081.4943
G1 X118.183 Y127.666 E2081.51084
G1 X115.426 Y127.666 E2081.64804
G1 X115.426 Y130.23 E2081.77564
G1 X129.796 Y130.23 E2082.49077
G1 X129.796 Y127.666 E2082.61837
G1 X127.062 Y127.661 E2082.75443
G1 X126.661 Y127.564 E2082.77496
G1 X126.307 Y127.37 E2082.79505
G1 X126.066 Y127.17 E2082.81063
G1 X125.699 Y126.757 E2082.83813
G1 X125.386 Y126.161 E2082.87163
G1 X125.181 Y125.706 E2082.89646
G1 X124.822 Y124.819 E2082.94409
G1 X124.576 Y124.157 E2082.97923
G1 X112.605 Y89.77 E2084.79125
G1 X107.188 Y89.77 E2085.06083
G1 X94.929 Y124.984 E2086.91643
G1 X94.823 Y125.251 E2086.93072
G1 X94.706 Y125.497 E2086.94428
G1 X94.498 Y125.863 E2086.96523
G1 X94.13 Y126.326 E2086.99466
G1 X93.82 Y126.653 E2087.01708
G1 X93.373 Y127.026 E2087.04606
G1 X92.875 Y127.288 E2087.07406
G1 X92.432 Y127.448 E2087.0975
G1 X91.957 Y127.582 E2087.12206
G1 X91.532 Y127.659 E2087.14356
G1 X90.204 Y127.666 E2087.20965
G1 X90.204 Y130.23 E2087.33725
G1 X108.659 Y130.23 E2088.25567
G1 X108.659 Y127.666 E2088.38327
G1 X105.999 Y127.661 E2088.51564
G1 X105.636 Y127.605 E2088.53392
G1 X105.204 Y127.496 E2088.55609
G1 X104.943 Y127.39 E2088.57011
G1 X104.707 Y127.256 E2088.58362
G1 X104.482 Y127.103 E2088.59716
G1 X104.168 Y126.797 E2088.61898
G1 X103.943 Y126.466 E2088.6389
G1 X103.833 Y126.037 E2088.66094
G1 X103.784 Y125.639 E2088.68089
G1 X103.815 Y124.996 E2088.71293
G1 X103.906 Y124.456 E2088.74018
G1 X104.01 Y123.983 E2088.76428
G1 X104.186 Y123.33 E2088.79794
G1 X110.161 Y105.315 E2089.74249
G1 X110.365 Y104.643 E2089.77744
G1 X110.681 Y103.542 E2089.83444
G1 X110.85 Y102.894 E2089.86777
G1 X110.994 Y102.299 E2089.89823
G1 X111.471 Y100.11 E2090.00973
G1 X111.567 Y99.552 E2090.0379
G1 X111.716 Y98.483 E2090.09162
G1 X111.77 Y98.37 E2090.09785
G0 F9000 X111.932 Y98.294
G0 X111.953 Y98.299
G0 X111.921 Y97.537
G0 X113.973 Y95.907
;TYPE:FILL
G1 F3600 X104.98 Y98.317 E2090.68474
G1 X104.908 Y98.52
G1 X109.927 Y103.539 E2091.13217
G0 F9000 X109.152 Y106.05
G1 F3600 X101.582 Y108.079 E2091.62619
G0 F9000 X101.786 Y107.49
G1 F3600 X106.96 Y112.664 E2092.08744
G0 F9000 X105.93 Y115.765
G1 F3600 X98.183 Y117.841 E2092.59301
G0 F9000 X98.664 Y116.459
G1 F3600 X103.948 Y121.743 E2093.06406
G0 F9000 X103.57 Y123.206
G0 X103.068 Y125.384
G1 F3600 X90.929 Y128.637 E2093.85626
G0 F9000 X91.544 Y128.386
G1 F3600 X91.244 Y129.505 E2093.92929
G0 F9000 X94.269 Y127.108
G0 X94.892 Y126.379
G0 X95.534 Y125.42
G1 F3600 X99.617 Y129.504 E2094.29332
G0 F9000 X100.096 Y129.504
G1 F3600 X110.549 Y90.493 E2096.83917
G0 F9000 X108.974 Y90.494
G1 F3600 X113.752 Y95.272 E2097.26512
G0 F9000 X116.22 Y102.363
G1 F3600 X115.183 Y106.233 E2097.51767
G0 F9000 X114.631 Y104.582
G1 F3600 X116.791 Y104.003 E2097.65864
G0 F9000 X116.509 Y110.121
G1 F3600 X120.211 Y113.823 E2097.98866
G0 F9000 X119.61 Y112.1
G1 F3600 X117.387 Y112.695 E2098.13372
G0 F9000 X121.222 Y116.731
G1 F3600 X120.141 Y120.764 E2098.39692
G1 X120.155 Y120.805
G1 X122.429 Y120.196 E2098.54532
G0 F9000 X121.122 Y126.825
G1 F3600 X123.8 Y129.503 E2098.78405
G0 F9000 X126.077 Y128.07
G1 F3600 X120.723 Y129.505 E2099.13346
G0 F9000 X118.098 Y128.389
G1 F3600 X117.799 Y129.505 E2099.20629
G0 F9000 X126.651 Y129.505
G1 F3600 X126.952 Y128.379 E2099.27976
G0 F9000 X126.864 Y128.744
G1 F2400 E2097.27976
;MESH:NONMESH
G0 F600 X126.864 Y128.744 Z18.76
G0 F9000 X125.603 Y127.614
G0 X125.171 Y127.123
G0 X124.846 Y126.465
G0 X112.798 Y98.039
G1 F1200 E2099.27976
G0 F9000 X112.513 Y98.095
;TIME_ELAPSED:1284.895774
;LAYER:66
;TYPE:WALL-INNER
;MESH:felipe_mvm_v.stl
G1 F3900 X112.612 Y98.283 E2099.29151
G1 X112.787 Y99.073 E2099.33625
G1 X112.913 Y99.587 E2099.36552
G1 X113.149 Y100.41 E2099.41286
G1 X113.406 Y101.391 E2099.46893
G1 X113.967 Y103.235 E2099.57551
G1 X114.252 Y104.198 E2099.63104
G1 X114.509 Y105.033 E2099.67935
G1 X120.445 Y122.429 E2100.69572
G1 X120.767 Y123.342 E2100.74925
G1 X120.922 Y123.947 E2100.78379
G1 X121.142 Y125.012 E2100.84392
G1 X121.188 Y125.447 E2100.86811
G1 X121.166 Y125.803 E2100.88783
G1 X121.102 Y126.191 E2100.90958
G1 X120.979 Y126.56 E2100.93108
G1 X120.803 Y126.901 E2100.9523
G1 X120.577 Y127.196 E2100.97285
G1 X120.313 Y127.447 E2100.99299
G1 X120.039 Y127.641 E2101.01156
G1 X119.659 Y127.852 E2101.03559
G1 X119.289 Y127.984 E2101.05731
G1 X118.942 Y128.073 E2101.07712
G1 X118.535 Y128.127 E2101.09982
G1 X118.203 Y128.141 E2101.1182
G1 X115.901 Y128.141 E2101.24549
G1 X115.901 Y129.755 E2101.33473
G1 X129.321 Y129.755 E2102.07679
G1 X129.321 Y128.141 E2102.16604
G1 X127.001 Y128.136 E2102.29432
G1 X126.481 Y128.009 E2102.32392
G1 X126.016 Y127.753 E2102.35327
G1 X125.686 Y127.462 E2102.3776
G1 X125.349 Y127.077 E2102.40589
G1 X125.042 Y126.546 E2102.43981
G1 X124.74 Y125.881 E2102.48019
G1 X124.376 Y124.984 E2102.53372
G1 X124.125 Y124.309 E2102.57354
G1 X112.267 Y90.245 E2104.56797
G1 X107.526 Y90.245 E2104.83013
G1 X95.371 Y125.159 E2106.87435
G1 X95.271 Y125.412 E2106.88939
G1 X95.143 Y125.686 E2106.90611
G1 X94.904 Y126.116 E2106.93331
G1 X94.476 Y126.652 E2106.97124
G1 X94.128 Y127.015 E2106.99905
G1 X93.663 Y127.41 E2107.03278
G1 X93.15 Y127.68 E2107.06484
G1 X92.673 Y127.873 E2107.09329
G1 X92.014 Y128.056 E2107.13111
G1 X91.556 Y128.137 E2107.15683
G1 X90.679 Y128.14 E2107.20532
G1 X90.679 Y129.755 E2107.29462
G1 X108.184 Y129.755 E2108.26256
G1 X108.184 Y128.141 E2108.35181
G1 X105.972 Y128.138 E2108.47412
G1 X105.585 Y128.079 E2108.49577
G1 X105.07 Y127.954 E2108.52507
G1 X104.71 Y127.804 E2108.54664
G1 X104.488 Y127.679 E2108.56072
G1 X104.176 Y127.469 E2108.58152
G1 X103.834 Y127.157 E2108.60712
G1 X103.507 Y126.668 E2108.63965
G1 X103.366 Y126.138 E2108.66997
G1 X103.305 Y125.631 E2108.69821
G1 X103.337 Y125.034 E2108.73127
G1 X103.402 Y124.539 E2108.75887
G1 X103.55 Y123.865 E2108.79703
G1 X103.702 Y123.275 E2108.83072
G1 X109.702 Y105.186 E2109.88454
G1 X110.145 Y103.697 E2109.97044
G1 X110.306 Y103.106 E2110.00431
G1 X110.531 Y102.187 E2110.05662
G1 X111.004 Y100.023 E2110.17911
G1 X111.14 Y99.196 E2110.22545
G1 X111.24 Y98.403 E2110.26965
G1 X111.325 Y98.165 E2110.28362
G1 X111.501 Y97.963 E2110.29844
G1 X111.715 Y97.85 E2110.31182
G1 X112.076 Y97.825 E2110.33183
G1 X112.305 Y97.909 E2110.34531
G1 X112.513 Y98.095 E2110.36074
G0 F9000 X112.064 Y98.319
;TYPE:WALL-OUTER
G1 F3000 X112.163 Y98.439 E2110.36849
G1 X112.325 Y99.184 E2110.40643
G1 X112.446 Y99.683 E2110.43198
G1 X112.689 Y100.53 E2110.47583
G1 X112.941 Y101.495 E2110.52547
G1 X114.06 Y105.186 E2110.71741
G1 X119.997 Y122.586 E2111.63234
G1 X120.324 Y123.517 E2111.68145
G1 X120.457 Y124.044 E2111.7085
G1 X120.671 Y125.077 E2111.761
G1 X120.71 Y125.469 E2111.7806
G1 X120.689 Y125.802 E2111.79721
G1 X120.635 Y126.098 E2111.81218
G1 X120.535 Y126.39 E2111.82754
G1 X120.388 Y126.66 E2111.84284
G1 X120.209 Y126.89 E2111.85734
G1 X120.022 Y127.069 E2111.87023
G1 X119.741 Y127.268 E2111.88736
G1 X119.448 Y127.423 E2111.90386
G1 X119.188 Y127.518 E2111.91763
G1 X118.853 Y127.605 E2111.93486
G1 X118.515 Y127.652 E2111.95184
G1 X118.183 Y127.666 E2111.96838
G1 X115.426 Y127.666 E2112.10558
G1 X115.426 Y130.23 E2112.23318
G1 X129.796 Y130.23 E2112.94831
G1 X129.796 Y127.666 E2113.07591
G1 X127.06 Y127.661 E2113.21207
G1 X126.653 Y127.562 E2113.23291
G1 X126.312 Y127.374 E2113.25229
G1 X126.043 Y127.148 E2113.26978
G1 X125.753 Y126.818 E2113.29164
G1 X125.443 Y126.288 E2113.32219
G1 X125.18 Y125.702 E2113.35416
G1 X124.822 Y124.819 E2113.40158
G1 X124.574 Y124.152 E2113.43699
G1 X112.605 Y89.77 E2115.24874
G1 X107.188 Y89.77 E2115.51832
G1 X94.929 Y124.984 E2117.37392
G1 X94.823 Y125.251 E2117.38821
G1 X94.706 Y125.497 E2117.40177
G1 X94.498 Y125.863 E2117.42272
G1 X94.13 Y126.326 E2117.45215
G1 X93.82 Y126.653 E2117.47458
G1 X93.374 Y127.026 E2117.50351
G1 X92.968 Y127.241 E2117.52637
G1 X92.544 Y127.416 E2117.5492
G1 X91.932 Y127.588 E2117.58084
G1 X91.529 Y127.659 E2117.6012
G1 X90.204 Y127.666 E2117.66714
G1 X90.204 Y130.23 E2117.79474
G1 X108.659 Y130.23 E2118.71316
G1 X108.659 Y127.666 E2118.84076
G1 X105.999 Y127.661 E2118.97314
G1 X105.636 Y127.605 E2118.99142
G1 X105.204 Y127.496 E2119.01359
G1 X104.97 Y127.403 E2119.02612
G1 X104.721 Y127.265 E2119.04029
G1 X104.457 Y127.083 E2119.05624
G1 X104.195 Y126.844 E2119.07389
G1 X103.945 Y126.469 E2119.09632
G1 X103.832 Y126.034 E2119.11869
G1 X103.784 Y125.634 E2119.13874
G1 X103.808 Y125.096 E2119.16554
G1 X103.874 Y124.594 E2119.19074
G1 X104.01 Y123.982 E2119.22193
G1 X104.148 Y123.44 E2119.24977
G1 X110.155 Y105.329 E2120.19935
G1 X110.602 Y103.827 E2120.27734
G1 X110.766 Y103.225 E2120.30839
G1 X110.995 Y102.288 E2120.35639
G1 X111.47 Y100.113 E2120.46719
G1 X111.611 Y99.264 E2120.51002
G1 X111.719 Y98.441 E2120.55132
G1 X111.862 Y98.301 E2120.56128
G1 X112.064 Y98.319 E2120.57137
G0 F9000 X112.163 Y98.439
G0 X112.172 Y98.482
G0 X112.857 Y98.335
G0 X114.038 Y96.095
;TYPE:FILL
G1 F3600 X104.902 Y98.543 E2121.16759
G1 X104.98 Y98.312
G1 X109.988 Y103.32 E2121.61404
G0 F9000 X109.075 Y106.276
G1 F3600 X101.503 Y108.305 E2122.10819
G0 F9000 X101.858 Y107.282
G1 F3600 X107.028 Y112.451 E2122.56903
G0 F9000 X105.853 Y115.991
G1 F3600 X98.104 Y118.067 E2123.07472
G0 F9000 X98.736 Y116.251
G1 F3600 X104.016 Y121.531 E2123.54542
G0 F9000 X103.394 Y123.908
G0 X103.059 Y125.591
G1 F3600 X90.929 Y128.842 E2124.33704
G0 F9000 X91.339 Y128.387
G1 F3600 X91.039 Y129.505 E2124.41
G0 F9000 X93.758 Y127.545
G0 X94.621 Y126.736
G0 X94.858 Y126.436
G0 X95.614 Y125.22
G1 F3600 X99.897 Y129.504 E2124.79186
G1 X99.891 Y129.504
G1 X110.344 Y90.493 E2127.33772
G0 F9000 X109.254 Y90.494
G1 F3600 X113.602 Y94.842 E2127.72533
G0 F9000 X116.104 Y102.03
G1 F3600 X115.068 Y105.896 E2127.97763
G0 F9000 X114.689 Y104.772
G1 F3600 X116.856 Y104.191 E2128.11905
G0 F9000 X116.365 Y109.697
G1 F3600 X120.06 Y113.392 E2128.44845
G0 F9000 X119.676 Y112.287
G1 F3600 X117.451 Y112.883 E2128.59365
G0 F9000 X121.106 Y116.397
G1 F3600 X120.027 Y120.425 E2128.85651
G0 F9000 X120.218 Y120.993
G1 F3600 X122.494 Y120.384 E2129.00503
G0 F9000 X121.215 Y126.639
G1 F3600 X124.08 Y129.503 E2129.26039
G0 F9000 X126.446 Y129.505
G1 F3600 X126.76 Y128.333 E2129.33687
G0 F9000 X126.337 Y128.206
G1 F3600 X121.489 Y129.505 E2129.65325
G0 F9000 X117.893 Y128.389
G1 F3600 X117.594 Y129.505 E2129.72608
G0 F9000 X117.594 Y129.13
G1 F2400 E2127.72608
;MESH:NONMESH
G0 F600 X117.594 Y129.13 Z19.04
G0 F9000 X120.092 Y127.806
G0 X120.699 Y127.307
G0 X121.126 Y126.639
G0 X121.327 Y125.867
G0 X121.302 Y124.969
G0 X120.974 Y123.551
G0 X112.795 Y98.045
G1 F1200 E2129.72608
G0 F9000 X112.518 Y98.104
;TIME_ELAPSED:1300.084098
;LAYER:67
;TYPE:WALL-INNER
;MESH:felipe_mvm_v.stl
G1 F3900 X112.614 Y98.287 E2129.73751
G1 X112.742 Y98.871 E2129.77057
G1 X112.911 Y99.575 E2129.8106
G1 X113.15 Y100.414 E2129.85884
G1 X113.405 Y101.39 E2129.91462
G1 X114.505 Y105.019 E2130.1243
G1 X120.446 Y122.43 E2131.14155
G1 X120.744 Y123.278 E2131.19125
G1 X120.829 Y123.567 E2131.2079
G1 X120.922 Y123.949 E2131.22964
G1 X121.139 Y124.985 E2131.28817
G1 X121.188 Y125.447 E2131.31386
G1 X121.165 Y125.828 E2131.33497
G1 X121.101 Y126.194 E2131.35551
G1 X120.968 Y126.586 E2131.3784
G1 X120.801 Y126.903 E2131.39821
G1 X120.577 Y127.196 E2131.41861
G1 X120.313 Y127.447 E2131.43875
G1 X120.039 Y127.641 E2131.45731
G1 X119.659 Y127.852 E2131.48135
G1 X119.291 Y127.983 E2131.50295
G1 X119.017 Y128.056 E2131.51863
G1 X118.606 Y128.121 E2131.54164
G1 X118.203 Y128.141 E2131.56395
G1 X115.901 Y128.141 E2131.69124
G1 X115.901 Y129.755 E2131.78048
G1 X129.321 Y129.755 E2132.52254
G1 X129.321 Y128.141 E2132.61179
G1 X127.001 Y128.136 E2132.74007
G1 X126.483 Y128.009 E2132.76956
G1 X126.022 Y127.757 E2132.79861
G1 X125.72 Y127.5 E2132.82054
G1 X125.351 Y127.078 E2132.85154
G1 X125.039 Y126.537 E2132.88607
G1 X124.739 Y125.881 E2132.92596
G1 X124.505 Y125.312 E2132.95998
G1 X124.254 Y124.658 E2132.99871
G1 X123.983 Y123.909 E2133.04275
G1 X112.267 Y90.245 E2135.01372
G1 X107.526 Y90.245 E2135.27587
G1 X95.371 Y125.159 E2137.32009
G1 X95.271 Y125.412 E2137.33513
G1 X95.121 Y125.729 E2137.35452
G1 X94.908 Y126.11 E2137.37866
G1 X94.516 Y126.606 E2137.41362
G1 X94.184 Y126.961 E2137.44049
G1 X93.665 Y127.409 E2137.4784
G1 X93.148 Y127.681 E2137.51071
G1 X92.815 Y127.82 E2137.53066
G1 X92.247 Y127.998 E2137.56357
G1 X91.831 Y128.094 E2137.58718
G1 X91.447 Y128.137 E2137.60855
G1 X90.679 Y128.14 E2137.65101
G1 X90.679 Y129.755 E2137.74031
G1 X108.184 Y129.755 E2138.70825
G1 X108.184 Y128.141 E2138.7975
G1 X105.983 Y128.138 E2138.9192
G1 X105.522 Y128.066 E2138.945
G1 X105.119 Y127.966 E2138.96796
G1 X104.752 Y127.828 E2138.98964
G1 X104.436 Y127.646 E2139.00981
G1 X104.143 Y127.438 E2139.02968
G1 X103.834 Y127.158 E2139.05273
G1 X103.57 Y126.765 E2139.07891
G1 X103.474 Y126.551 E2139.09188
G1 X103.36 Y126.089 E2139.11819
G1 X103.305 Y125.628 E2139.14387
G1 X103.337 Y125.034 E2139.17676
G1 X103.402 Y124.539 E2139.20436
G1 X103.552 Y123.858 E2139.24292
G1 X103.673 Y123.39 E2139.26965
G1 X103.79 Y123.005 E2139.2919
G1 X109.708 Y105.174 E2140.33075
G1 X110.156 Y103.658 E2140.41816
G1 X110.306 Y103.108 E2140.44969
G1 X110.533 Y102.18 E2140.50251
G1 X111.004 Y100.02 E2140.62476
G1 X111.098 Y99.473 E2140.65545
G1 X111.241 Y98.407 E2140.71492
G1 X111.328 Y98.166 E2140.72909
G1 X111.503 Y97.967 E2140.74374
G1 X111.718 Y97.853 E2140.7572
G1 X112.083 Y97.83 E2140.77742
G1 X112.311 Y97.916 E2140.79089
G1 X112.518 Y98.104 E2140.80635
G0 F9000 X112.068 Y98.324
;TYPE:WALL-OUTER
G1 F3000 X112.165 Y98.443 E2140.81399
G1 X112.279 Y98.981 E2140.84136
G1 X112.444 Y99.671 E2140.87667
G1 X112.69 Y100.534 E2140.92133
G1 X112.95 Y101.527 E2140.97241
G1 X113.792 Y104.322 E2141.11768
G1 X114.056 Y105.172 E2141.16197
G1 X119.998 Y122.587 E2142.0777
G1 X120.288 Y123.413 E2142.12126
G1 X120.367 Y123.68 E2142.13512
G1 X120.457 Y124.046 E2142.15388
G1 X120.67 Y125.067 E2142.20578
G1 X120.71 Y125.434 E2142.22415
G1 X120.692 Y125.783 E2142.24155
G1 X120.635 Y126.098 E2142.25748
G1 X120.535 Y126.39 E2142.27284
G1 X120.388 Y126.66 E2142.28814
G1 X120.209 Y126.89 E2142.30264
G1 X120.022 Y127.069 E2142.31552
G1 X119.741 Y127.268 E2142.33266
G1 X119.448 Y127.423 E2142.34915
G1 X119.188 Y127.518 E2142.36293
G1 X118.894 Y127.597 E2142.37808
G1 X118.538 Y127.65 E2142.39599
G1 X118.183 Y127.666 E2142.41368
G1 X115.426 Y127.666 E2142.55088
G1 X115.426 Y130.23 E2142.67848
G1 X129.796 Y130.23 E2143.39361
G1 X129.796 Y127.666 E2143.52121
G1 X127.06 Y127.661 E2143.65737
G1 X126.656 Y127.562 E2143.67807
G1 X126.311 Y127.373 E2143.69764
G1 X126.043 Y127.148 E2143.71506
G1 X125.727 Y126.781 E2143.73916
G1 X125.451 Y126.301 E2143.76671
G1 X125.178 Y125.7 E2143.79956
G1 X124.939 Y125.117 E2143.83092
G1 X124.701 Y124.496 E2143.86402
G1 X124.432 Y123.752 E2143.90339
G1 X112.605 Y89.77 E2145.69401
G1 X107.188 Y89.77 E2145.96359
G1 X94.929 Y124.984 E2147.81919
G1 X94.823 Y125.251 E2147.83349
G1 X94.706 Y125.497 E2147.84704
G1 X94.501 Y125.858 E2147.8677
G1 X94.13 Y126.326 E2147.89742
G1 X93.82 Y126.653 E2147.91985
G1 X93.412 Y126.999 E2147.94647
G1 X92.965 Y127.242 E2147.97179
G1 X92.612 Y127.389 E2147.99082
G1 X92.092 Y127.548 E2148.01788
G1 X91.749 Y127.626 E2148.03539
G1 X91.421 Y127.662 E2148.05181
G1 X90.204 Y127.666 E2148.11237
G1 X90.204 Y130.23 E2148.23997
G1 X108.659 Y130.23 E2149.15839
G1 X108.659 Y127.666 E2149.28599
G1 X106.009 Y127.661 E2149.41787
G1 X105.636 Y127.605 E2149.43664
G1 X105.204 Y127.496 E2149.45881
G1 X104.97 Y127.403 E2149.47134
G1 X104.704 Y127.253 E2149.48654
G1 X104.462 Y127.086 E2149.50117
G1 X104.198 Y126.847 E2149.5189
G1 X103.943 Y126.468 E2149.54163
G1 X103.832 Y126.032 E2149.56402
G1 X103.783 Y125.614 E2149.58496
G1 X103.808 Y125.096 E2149.61077
G1 X103.874 Y124.594 E2149.63597
G1 X104.012 Y123.977 E2149.66743
G1 X104.128 Y123.527 E2149.69056
G1 X104.241 Y123.155 E2149.70991
G1 X110.161 Y105.316 E2150.64528
G1 X110.603 Y103.825 E2150.72267
G1 X110.766 Y103.227 E2150.75352
G1 X110.986 Y102.333 E2150.79934
G1 X111.471 Y100.11 E2150.91257
G1 X111.568 Y99.544 E2150.94115
G1 X111.718 Y98.422 E2150.99748
G1 X111.864 Y98.305 E2151.00679
G1 X112.068 Y98.324 E2151.01699
G0 F9000 X112.165 Y98.443
G0 X112.174 Y98.489
G0 X112.859 Y98.347
G0 X114.102 Y96.282
;TYPE:FILL
G1 F3600 X104.823 Y98.769 E2151.62254
G0 F9000 X105.053 Y98.105
G1 F3600 X110.048 Y103.1 E2152.06783
G0 F9000 X109.002 Y106.5
G1 F3600 X101.424 Y108.531 E2152.56238
G0 F9000 X101.93 Y107.074
G1 F3600 X107.098 Y112.241 E2153.02305
G0 F9000 X105.778 Y116.216
G1 F3600 X98.025 Y118.293 E2153.529
G0 F9000 X98.808 Y116.044
G1 F3600 X104.086 Y121.321 E2153.99947
G0 F9000 X103.331 Y124.152
G0 X103.073 Y125.792
G1 F3600 X90.929 Y129.046 E2154.79199
G1 X90.929 Y129.152
G1 X91.134 Y128.386 E2154.84197
G0 F9000 X92.266 Y128.163
G0 X93.246 Y127.817
G0 X93.756 Y127.546
G0 X94.621 Y126.736
G0 X94.963 Y126.303
G0 X95.686 Y125.012
G1 F3600 X100.177 Y129.504 E2155.24238
G0 F9000 X99.686 Y129.504
G1 F3600 X110.139 Y90.493 E2157.78823
G0 F9000 X109.534 Y90.494
G1 F3600 X113.452 Y94.412 E2158.13751
G0 F9000 X115.988 Y101.699
G1 F3600 X114.954 Y105.558 E2158.38935
G0 F9000 X114.748 Y104.961
G1 F3600 X116.921 Y104.379 E2158.53115
G0 F9000 X116.221 Y109.273
G1 F3600 X119.907 Y112.959 E2158.85975
G0 F9000 X119.739 Y112.475
G1 F3600 X117.516 Y113.071 E2159.00483
G0 F9000 X120.989 Y116.069
G1 F3600 X119.912 Y120.089 E2159.26717
G0 F9000 X120.283 Y121.181
G1 F3600 X122.557 Y120.572 E2159.41557
G0 F9000 X121.285 Y126.428
G1 F3600 X124.36 Y129.503 E2159.68969
G0 F9000 X126.241 Y129.505
G1 F3600 X126.567 Y128.286 E2159.76923
G1 X126.688 Y128.316
G1 X122.254 Y129.505 E2160.05861
G0 F9000 X117.688 Y128.389
G1 F3600 X117.389 Y129.505 E2160.13144
G0 F9000 X117.389 Y129.13
G1 F2400 E2158.13144
;MESH:NONMESH
G0 F600 X117.389 Y129.13 Z19.32
G0 F9000 X120.092 Y127.806
G0 X120.699 Y127.307
G0 X121.126 Y126.639
G0 X121.327 Y125.867
G0 X121.303 Y124.972
G0 X120.973 Y123.55
G0 X112.796 Y98.045
G1 F1200 E2160.13144
G0 F9000 X112.518 Y98.102
;TIME_ELAPSED:1315.232389
;LAYER:68
;TYPE:WALL-INNER
;MESH:felipe_mvm_v.stl
G1 F3900 X112.614 Y98.286 E2160.14292
G1 X112.742 Y98.872 E2160.17608
G1 X112.91 Y99.574 E2160.216
G1 X113.237 Y100.74 E2160.28296
G1 X113.407 Y101.394 E2160.32032
G1 X113.97 Y103.244 E2160.42725
G1 X114.252 Y104.198 E2160.48226
G1 X114.506 Y105.023 E2160.52999
G1 X120.446 Y122.43 E2161.54701
G1 X120.734 Y123.247 E2161.59491
G1 X120.822 Y123.55 E2161.61235
G1 X120.923 Y123.95 E2161.63517
G1 X121.139 Y124.983 E2161.69352
G1 X121.188 Y125.445 E2161.71921
G1 X121.157 Y125.886 E2161.74366
G1 X121.096 Y126.214 E2161.7621
G1 X120.979 Y126.56 E2161.7823
G1 X120.803 Y126.901 E2161.80352
G1 X120.577 Y127.196 E2161.82407
G1 X120.313 Y127.447 E2161.84421
G1 X120.039 Y127.641 E2161.86278
G1 X119.659 Y127.852 E2161.88681
G1 X119.291 Y127.983 E2161.90841
G1 X118.932 Y128.074 E2161.92889
G1 X118.605 Y128.121 E2161.94715
G1 X118.203 Y128.141 E2161.96941
G1 X115.901 Y128.141 E2162.0967
G1 X115.901 Y129.755 E2162.18595
G1 X129.321 Y129.755 E2162.928
G1 X129.321 Y128.141 E2163.01725
G1 X126.985 Y128.136 E2163.14642
G1 X126.323 Y127.941 E2163.18458
G1 X125.867 Y127.64 E2163.21479
G1 X125.555 Y127.317 E2163.23962
G1 X125.309 Y127.008 E2163.26146
G1 X125.042 Y126.546 E2163.29097
G1 X124.738 Y125.877 E2163.3316
G1 X124.504 Y125.309 E2163.36557
G1 X124.254 Y124.657 E2163.40418
G1 X123.981 Y123.903 E2163.44852
G1 X112.267 Y90.245 E2165.41913
G1 X107.526 Y90.245 E2165.68129
G1 X95.371 Y125.159 E2167.72551
G1 X95.226 Y125.526 E2167.74733
G1 X94.915 Y126.1 E2167.78342
G1 X94.476 Y126.652 E2167.82242
G1 X94.128 Y127.015 E2167.85023
G1 X93.663 Y127.41 E2167.88397
G1 X93.145 Y127.682 E2167.91632
G1 X92.672 Y127.873 E2167.94452
G1 X92.01 Y128.057 E2167.98252
G1 X91.558 Y128.137 E2168.0079
G1 X90.679 Y128.14 E2168.0565
G1 X90.679 Y129.755 E2168.1458
G1 X108.184 Y129.755 E2169.11374
G1 X108.184 Y128.141 E2169.20299
G1 X105.981 Y128.138 E2169.3248
G1 X105.587 Y128.079 E2169.34683
G1 X105.119 Y127.966 E2169.37345
G1 X104.753 Y127.828 E2169.39508
G1 X104.434 Y127.645 E2169.41542
G1 X104.138 Y127.436 E2169.43545
G1 X103.908 Y127.228 E2169.4526
G1 X103.614 Y126.855 E2169.47886
G1 X103.486 Y126.597 E2169.49479
G1 X103.36 Y126.087 E2169.52384
G1 X103.305 Y125.625 E2169.54956
G1 X103.337 Y125.034 E2169.58229
G1 X103.413 Y124.481 E2169.61316
G1 X103.552 Y123.854 E2169.64867
G1 X103.673 Y123.39 E2169.67518
G1 X103.788 Y123.011 E2169.69708
G1 X109.707 Y105.174 E2170.73627
G1 X110.157 Y103.655 E2170.82387
G1 X110.306 Y103.108 E2170.85522
G1 X110.534 Y102.177 E2170.90822
G1 X111.004 Y100.019 E2171.03034
G1 X111.099 Y99.468 E2171.06126
G1 X111.241 Y98.406 E2171.1205
G1 X111.328 Y98.165 E2171.13467
G1 X111.503 Y97.966 E2171.14932
G1 X111.718 Y97.852 E2171.16278
G1 X112.083 Y97.829 E2171.183
G1 X112.311 Y97.915 E2171.19648
G1 X112.518 Y98.102 E2171.2119
G0 F9000 X112.068 Y98.323
;TYPE:WALL-OUTER
G1 F3000 X112.165 Y98.442 E2171.21954
G1 X112.279 Y98.982 E2171.24701
G1 X112.444 Y99.671 E2171.28227
G1 X112.777 Y100.858 E2171.34362
G1 X112.941 Y101.496 E2171.3764
G1 X114.057 Y105.176 E2171.56777
G1 X119.998 Y122.587 E2172.48329
G1 X120.289 Y123.415 E2172.52697
G1 X120.362 Y123.666 E2172.53998
G1 X120.458 Y124.048 E2172.55958
G1 X120.67 Y125.066 E2172.61133
G1 X120.71 Y125.435 E2172.6298
G1 X120.689 Y125.802 E2172.64809
G1 X120.636 Y126.097 E2172.66301
G1 X120.535 Y126.39 E2172.67843
G1 X120.388 Y126.66 E2172.69373
G1 X120.209 Y126.89 E2172.70824
G1 X120.022 Y127.069 E2172.72112
G1 X119.741 Y127.268 E2172.73825
G1 X119.448 Y127.423 E2172.75475
G1 X119.188 Y127.518 E2172.76853
G1 X118.89 Y127.598 E2172.78388
G1 X118.515 Y127.652 E2172.80274
G1 X118.183 Y127.666 E2172.81927
G1 X115.426 Y127.666 E2172.95648
G1 X115.426 Y130.23 E2173.08408
G1 X129.796 Y130.23 E2173.7992
G1 X129.796 Y127.666 E2173.9268
G1 X127.056 Y127.661 E2174.06316
G1 X126.524 Y127.504 E2174.09077
G1 X126.19 Y127.283 E2174.1107
G1 X125.942 Y127.039 E2174.12801
G1 X125.696 Y126.727 E2174.14778
G1 X125.443 Y126.288 E2174.173
G1 X125.177 Y125.696 E2174.2053
G1 X124.947 Y125.138 E2174.23533
G1 X124.701 Y124.496 E2174.26955
G1 X124.43 Y123.746 E2174.30923
G1 X112.605 Y89.77 E2176.09954
G1 X107.188 Y89.77 E2176.36912
G1 X94.929 Y124.984 E2178.22472
G1 X94.784 Y125.351 E2178.24436
G1 X94.524 Y125.824 E2178.27122
G1 X94.13 Y126.326 E2178.30298
G1 X93.82 Y126.653 E2178.3254
G1 X93.376 Y127.024 E2178.3542
G1 X92.963 Y127.243 E2178.37746
G1 X92.543 Y127.416 E2178.40007
G1 X91.928 Y127.589 E2178.43186
G1 X91.531 Y127.659 E2178.45192
G1 X90.204 Y127.666 E2178.51796
G1 X90.204 Y130.23 E2178.64556
G1 X108.659 Y130.23 E2179.56398
G1 X108.659 Y127.666 E2179.69158
G1 X106.005 Y127.661 E2179.82366
G1 X105.636 Y127.605 E2179.84223
G1 X105.204 Y127.496 E2179.8644
G1 X104.97 Y127.403 E2179.87694
G1 X104.718 Y127.263 E2179.89128
G1 X104.457 Y127.083 E2179.90706
G1 X104.241 Y126.883 E2179.92171
G1 X103.958 Y126.524 E2179.94446
G1 X103.832 Y126.03 E2179.96983
G1 X103.783 Y125.612 E2179.99077
G1 X103.808 Y125.096 E2180.01648
G1 X103.874 Y124.596 E2180.04158
G1 X104.012 Y123.974 E2180.07329
G1 X104.128 Y123.527 E2180.09627
G1 X104.239 Y123.161 E2180.1153
G1 X110.161 Y105.316 E2181.05099
G1 X110.604 Y103.821 E2181.12859
G1 X110.766 Y103.227 E2181.15923
G1 X110.987 Y102.33 E2181.20521
G1 X111.471 Y100.11 E2181.31828
G1 X111.569 Y99.54 E2181.34706
G1 X111.718 Y98.421 E2181.40324
G1 X111.864 Y98.304 E2181.41255
G1 X112.068 Y98.323 E2181.42275
G0 F9000 X112.165 Y98.442
G0 X112.174 Y98.488
G0 X112.788 Y98.36
G0 X112.734 Y97.992
G0 X111.673 Y97.71
G0 X111.298 Y97.704
;TYPE:SKIN
G1 F2700 X111.604 Y97.537 E2181.4401
G1 X111.861 Y97.49 E2181.4531
G1 X112.143 Y97.501 E2181.46714
G1 X112.483 Y97.627 E2181.48519
G1 X112.788 Y97.904 E2181.50569
G1 X112.942 Y98.202 E2181.52239
G1 X113.063 Y98.777 E2181.55163
G1 X113.226 Y99.465 E2181.58681
G1 X113.556 Y100.638 E2181.64745
G1 X113.719 Y101.272 E2181.68003
G1 X114.821 Y104.918 E2181.86958
G1 X120.755 Y122.311 E2182.78414
G1 X121.049 Y123.144 E2182.8281
G1 X121.138 Y123.437 E2182.84334
G1 X121.25 Y123.881 E2182.86613
G1 X121.466 Y124.919 E2182.91889
G1 X121.521 Y125.455 E2182.94571
G1 X121.485 Y125.933 E2182.96956
G1 X121.416 Y126.307 E2182.98849
G1 X121.284 Y126.693 E2183.00879
G1 X121.101 Y127.05 E2183.02876
G1 X120.806 Y127.439 E2183.05305
G1 X120.516 Y127.711 E2183.07284
G1 X120.156 Y127.96 E2183.09462
G1 X119.786 Y128.159 E2183.11553
G1 X119.372 Y128.307 E2183.13741
G1 X119.005 Y128.398 E2183.15623
G1 X118.654 Y128.45 E2183.17389
G1 X118.22 Y128.473 E2183.19551
G1 X116.233 Y128.473 E2183.2944
G1 X116.233 Y129.423 E2183.34168
G1 X128.989 Y129.423 E2183.97648
G1 X128.989 Y128.472 E2184.02381
G1 X127.07 Y128.467 E2184.11931
G1 X126.782 Y128.423 E2184.13381
G1 X126.312 Y128.282 E2184.15823
G1 X126.07 Y128.17 E2184.1715
G1 X125.675 Y127.912 E2184.19498
G1 X125.293 Y127.523 E2184.22211
G1 X125.021 Y127.176 E2184.24405
G1 X124.716 Y126.643 E2184.27461
G1 X124.441 Y126.028 E2184.30814
G1 X124.184 Y125.411 E2184.3414
G1 X123.947 Y124.788 E2184.37457
G1 X123.671 Y124.02 E2184.41519
G1 X112.031 Y90.577 E2186.17742
G1 X107.762 Y90.577 E2186.38987
G1 X95.679 Y125.286 E2188.21885
G1 X95.491 Y125.745 E2188.24354
G1 X95.197 Y126.277 E2188.27379
G1 X94.714 Y126.886 E2188.31247
G1 X94.433 Y127.185 E2188.33289
G1 X93.882 Y127.663 E2188.36919
G1 X93.372 Y127.944 E2188.39817
G1 X92.843 Y128.168 E2188.42676
G1 X92.176 Y128.36 E2188.4613
G1 X91.604 Y128.466 E2188.49025
G1 X91.011 Y128.472 E2188.51976
G1 X91.011 Y129.423 E2188.56709
G1 X107.852 Y129.423 E2189.40519
G1 X107.852 Y128.472 E2189.45252
G1 X105.936 Y128.468 E2189.54787
G1 X105.44 Y128.39 E2189.57285
G1 X105.041 Y128.289 E2189.59334
G1 X104.623 Y128.136 E2189.61549
G1 X104.247 Y127.92 E2189.63707
G1 X104.027 Y127.772 E2189.65026
G1 X103.644 Y127.435 E2189.67565
G1 X103.341 Y127.039 E2189.70046
G1 X103.175 Y126.706 E2189.71898
G1 X103.046 Y126.22 E2189.74401
G1 X102.977 Y125.658 E2189.77218
G1 X103.006 Y125 E2189.80496
G1 X103.077 Y124.465 E2189.83182
G1 X103.222 Y123.801 E2189.86564
G1 X103.344 Y123.325 E2189.8901
G1 X103.466 Y122.93 E2189.91067
G1 X109.378 Y105.111 E2190.84497
G1 X109.823 Y103.607 E2190.92303
G1 X109.984 Y103.023 E2190.95318
G1 X110.211 Y102.103 E2191.00033
G1 X110.678 Y99.953 E2191.10982
G1 X110.77 Y99.419 E2191.13679
G1 X110.911 Y98.362 E2191.18986
G1 X111.028 Y98.009 E2191.20836
G1 X111.298 Y97.704 E2191.22864
G1 F2400 E2189.22864
G0 F9000 X111.673 Y97.71
G0 X112.814 Y98.217
G0 X113.608 Y101.332
G0 X114.706 Y104.954
G0 X121.364 Y125.924
G0 X119.344 Y128.187
G0 X116.123 Y128.363
G0 X116.123 Y129.533
G0 X129.099 Y129.533
G0 X129.099 Y128.362
G0 X125.455 Y127.521
G0 X112.112 Y90.463
G0 X111.803 Y90.395
G1 F1200 E2191.22864
G0 F9000 X111.803 Y90.802
G1 F2700 X111.907 Y90.906 E2191.23596
G0 F9000 X111.167 Y90.802
G1 F2700 X112.246 Y91.882 E2191.31193
G0 F9000 X112.631 Y91.749
G0 X112.971 Y92.725
G0 X112.586 Y92.858
G1 F2700 X110.53 Y90.802 E2191.45663
G0 F9000 X109.894 Y90.802
G1 F2700 X112.926 Y93.834 E2191.67002
G0 F9000 X113.311 Y93.701
G0 X113.65 Y94.678
G0 X113.266 Y94.81
G1 F2700 X109.257 Y90.802 E2191.95213
G0 F9000 X108.621 Y90.802
G1 F2700 X113.605 Y95.786 E2192.3029
G0 F9000 X113.991 Y95.654
G0 X114.33 Y96.631
G0 X113.946 Y96.763
G1 F2700 X107.985 Y90.802 E2192.72243
G0 F9000 X107.772 Y91.226
G1 F2700 X114.285 Y97.739 E2193.18081
G0 F9000 X114.67 Y97.607
G0 X115.01 Y98.582
G0 X114.625 Y98.715
G1 F2700 X107.608 Y91.699 E2193.67462
G0 F9000 X107.444 Y92.171
G1 F2700 X114.964 Y99.691 E2194.20387
G0 F9000 X115.349 Y99.558
G0 X115.689 Y100.533
G0 X115.305 Y100.667
G1 F2700 X113.257 Y98.62 E2194.34798
G0 F9000 X113.455 Y99.455
G1 F2700 X115.644 Y101.643 E2194.502
G0 F9000 X116.029 Y101.511
G0 X116.365 Y102.481
G0 X115.984 Y102.62
G1 F2700 X113.704 Y100.34 E2194.66246
G0 F9000 X113.934 Y101.206
G1 F2700 X116.324 Y103.596 E2194.83067
G0 F9000 X116.708 Y103.464
G0 X117.048 Y104.44
G0 X116.664 Y104.572
G1 F2700 X114.209 Y102.118 E2195.00341
G0 F9000 X114.484 Y103.029
G1 F2700 X117.003 Y105.548 E2195.1807
G0 F9000 X117.388 Y105.415
G0 X117.728 Y106.392
G0 X117.343 Y106.524
G1 F2700 X114.759 Y103.941 E2195.36252
G0 F9000 X115.036 Y104.854
G1 F2700 X117.683 Y107.5 E2195.54878
G0 F9000 X118.067 Y107.368
G0 X118.407 Y108.345
G0 X118.023 Y108.477
G1 F2700 X115.365 Y105.819 E2195.73585
G0 F9000 X114.981 Y105.949
G0 X115.311 Y106.915
G0 X115.695 Y106.785
G1 F2700 X118.362 Y109.453 E2195.92359
G0 F9000 X118.747 Y109.32
G0 X119.087 Y110.297
G0 X118.702 Y110.429
G1 F2700 X116.024 Y107.751 E2196.11206
G0 F9000 X115.641 Y107.881
G0 X115.971 Y108.848
G0 X116.355 Y108.718
G1 F2700 X119.042 Y111.405 E2196.30117
G0 F9000 X119.426 Y111.273
G0 X119.766 Y112.249
G0 X119.382 Y112.381
G1 F2700 X116.684 Y109.684 E2196.49102
G0 F9000 X116.3 Y109.814
G0 X116.63 Y110.78
G0 X117.014 Y110.65
G1 F2700 X119.721 Y113.357 E2196.68153
G0 F9000 X120.106 Y113.225
G0 X120.446 Y114.202
G0 X120.061 Y114.334
G1 F2700 X117.343 Y111.616 E2196.87282
G0 F9000 X116.96 Y111.746
G0 X117.289 Y112.712
G0 X117.673 Y112.582
G1 F2700 X120.401 Y115.31 E2197.06482
G0 F9000 X120.785 Y115.178
G0 X121.125 Y116.154
G0 X120.741 Y116.286
G1 F2700 X118.003 Y113.548 E2197.25751
G0 F9000 X117.619 Y113.678
G0 X117.949 Y114.644
G0 X118.332 Y114.514
G1 F2700 X121.08 Y117.262 E2197.45092
G0 F9000 X121.465 Y117.129
G0 X121.804 Y118.106
G0 X121.42 Y118.238
G1 F2700 X118.662 Y115.48 E2197.64502
G0 F9000 X118.278 Y115.61
G0 X118.608 Y116.576
G0 X118.991 Y116.446
G1 F2700 X121.76 Y119.214 E2197.83986
G0 F9000 X122.144 Y119.082
G0 X122.484 Y120.057
G0 X122.099 Y120.19
G1 F2700 X119.322 Y117.412 E2198.03534
G0 F9000 X118.938 Y117.542
G0 X119.267 Y118.508
G0 X119.651 Y118.378
G1 F2700 X122.439 Y121.166 E2198.23156
G0 F9000 X122.823 Y121.034
G0 X123.163 Y122.01
G0 X122.779 Y122.142
G1 F2700 X119.981 Y119.344 E2198.42848
G0 F9000 X119.597 Y119.474
G0 X119.926 Y120.44
G0 X120.31 Y120.31
G1 F2700 X123.119 Y123.119 E2198.62617
G0 F9000 X123.503 Y122.987
G0 X123.838 Y123.95
G0 X123.458 Y124.095
G1 F2700 X120.64 Y121.277 E2198.8245
G0 F9000 X120.256 Y121.407
G0 X120.583 Y122.362
G0 X120.97 Y122.243
G1 F2700 X123.825 Y125.097 E2199.0254
G0 F9000 X124.206 Y124.951
G0 X124.627 Y125.997
G0 X124.255 Y126.164
G1 F2700 X121.304 Y123.214 E2199.23305
G0 F9000 X121.517 Y124.062
G1 F2700 X125.11 Y127.656 E2199.48596
G0 F9000 X125.561 Y128.107
G1 F2700 X126.651 Y129.196 E2199.56264
G0 F9000 X126.731 Y128.641
G1 F2700 X127.287 Y129.196 E2199.60173
G0 F9000 X127.418 Y128.691
G1 F2700 X127.924 Y129.196 E2199.63731
G0 F9000 X128.057 Y128.694
G1 F2700 X128.56 Y129.196 E2199.67268
G0 F9000 X128.764 Y128.764
G1 F2700 X128.696 Y128.696 E2199.67746
G0 F9000 X128.697 Y128.29
G0 X129.099 Y128.362
G0 X129.099 Y129.533
G0 X126.014 Y129.605
G0 X126.014 Y129.196
G1 F2700 X121.684 Y124.866 E2199.9822
G0 F9000 X121.737 Y125.556
G1 F2700 X125.378 Y129.196 E2200.23842
G0 F9000 X124.742 Y129.196
G1 F2700 X121.676 Y126.13 E2200.4542
G0 F9000 X121.541 Y126.632
G1 F2700 X124.105 Y129.196 E2200.63465
G0 F9000 X123.469 Y129.196
G1 F2700 X121.342 Y127.069 E2200.78435
G0 F9000 X121.081 Y127.445
G1 F2700 X122.832 Y129.196 E2200.90758
G0 F9000 X122.196 Y129.196
G1 F2700 X120.774 Y127.774 E2201.00766
G0 F9000 X120.416 Y128.052
G1 F2700 X121.56 Y129.196 E2201.08817
G0 F9000 X120.923 Y129.196
G1 F2700 X120.017 Y128.291 E2201.1519
G0 F9000 X119.566 Y128.475
G1 F2700 X120.287 Y129.196 E2201.20264
G0 F9000 X119.65 Y129.196
G1 F2700 X119.068 Y128.614 E2201.24361
G0 F9000 X118.5 Y128.682
G1 F2700 X119.014 Y129.196 E2201.27978
G0 F9000 X118.378 Y129.196
G1 F2700 X117.878 Y128.696 E2201.31497
G0 F9000 X117.741 Y129.196
G1 F2700 X117.241 Y128.696 E2201.35016
G0 F9000 X117.105 Y129.196
G1 F2700 X116.605 Y128.696 E2201.38535
G1 F2400 E2199.38535
G0 F9000 X116.605 Y128.291
G0 X116.064 Y128.368
G0 X116.054 Y129.602
G0 X129.168 Y129.602
G0 X129.168 Y128.293
G0 X126.966 Y128.3
G0 X126.254 Y128.09
G0 X125.763 Y127.764
G0 X125.175 Y127.103
G0 X124.592 Y125.952
G0 X123.827 Y123.96
G0 X112.156 Y90.402
G0 X107.636 Y90.402
G0 X95.412 Y125.497
G0 X95.048 Y126.195
G0 X94.269 Y127.109
G0 X93.76 Y127.543
G0 X92.764 Y128.017
G0 X91.57 Y128.301
G0 X90.832 Y128.292
G0 X90.832 Y129.602
G0 X107.56 Y129.605
G1 F1200 E2201.38535
G0 F9000 X107.56 Y129.197
G1 F2700 X107.056 Y128.694 E2201.42078
G0 F9000 X106.923 Y129.197
G1 F2700 X106.417 Y128.691 E2201.4564
G0 F9000 X106.287 Y129.197
G1 F2700 X105.757 Y128.667 E2201.4937
G0 F9000 X105.65 Y129.197
G1 F2700 X104.944 Y128.491 E2201.54338
G0 F9000 X105.014 Y129.197
G1 F2700 X97.255 Y121.438 E2202.08946
G0 F9000 X97.091 Y121.91
G1 F2700 X104.378 Y129.197 E2202.60231
G0 F9000 X103.741 Y129.197
G1 F2700 X96.927 Y122.383 E2203.08187
G0 F9000 X96.762 Y122.854
G1 F2700 X103.105 Y129.197 E2203.52828
G0 F9000 X102.468 Y129.197
G1 F2700 X96.598 Y123.327 E2203.94141
G0 F9000 X96.433 Y123.798
G1 F2700 X101.832 Y129.197 E2204.32139
G0 F9000 X101.196 Y129.197
G1 F2700 X96.269 Y124.271 E2204.66811
G0 F9000 X96.105 Y124.742
G1 F2700 X100.559 Y129.197 E2204.98161
G0 F9000 X99.923 Y129.197
G1 F2700 X95.94 Y125.215 E2205.26189
G0 F9000 X95.762 Y125.672
G1 F2700 X99.286 Y129.197 E2205.50995
G0 F9000 X98.65 Y129.197
G1 F2700 X95.55 Y126.097 E2205.72812
G0 F9000 X95.312 Y126.495
G1 F2700 X98.014 Y129.197 E2205.91828
G0 F9000 X97.377 Y129.197
G1 F2700 X95.029 Y126.849 E2206.08353
G0 F9000 X94.734 Y127.19
G1 F2700 X96.741 Y129.197 E2206.22479
G0 F9000 X96.105 Y129.197
G1 F2700 X94.409 Y127.501 E2206.34415
G0 F9000 X94.069 Y127.798
G1 F2700 X95.468 Y129.197 E2206.44261
G0 F9000 X94.832 Y129.197
G1 F2700 X93.671 Y128.037 E2206.52428
G0 F9000 X93.241 Y128.243
G1 F2700 X94.195 Y129.197 E2206.59142
G0 F9000 X93.559 Y129.197
G1 F2700 X92.779 Y128.417 E2206.64632
G0 F9000 X92.287 Y128.561
G1 F2700 X92.923 Y129.197 E2206.69108
G0 F9000 X92.286 Y129.197
G1 F2700 X91.755 Y128.666 E2206.72845
G0 F9000 X91.235 Y128.783
G1 F2700 X91.65 Y129.197 E2206.75762
G0 F9000 X91.651 Y129.605
G0 X90.901 Y129.533
G0 X90.901 Y128.361
G0 X92.551 Y128.138
G0 X93.76 Y127.543
G0 X94.621 Y126.736
G0 X95.048 Y126.195
G0 X95.436 Y125.392
G0 X97.038 Y120.835
G0 X97.42 Y120.966
G1 F2700 X102.864 Y126.41 E2207.14077
G0 F9000 X102.753 Y125.663
G1 F2700 X97.584 Y120.494 E2207.50456
G0 F9000 X97.749 Y120.022
G1 F2700 X102.779 Y125.053 E2207.8586
G0 F9000 X102.847 Y124.484
G1 F2700 X97.913 Y119.55 E2208.20585
G0 F9000 X98.077 Y119.078
G1 F2700 X102.958 Y123.959 E2208.54937
G0 F9000 X103.081 Y123.445
G1 F2700 X98.241 Y118.606 E2208.88997
G0 F9000 X98.405 Y118.134
G1 F2700 X103.223 Y122.951 E2209.22902
G0 F9000 X103.38 Y122.472
G1 F2700 X98.57 Y117.662 E2209.56754
G0 F9000 X98.734 Y117.19
G1 F2700 X103.538 Y121.994 E2209.90564
G0 F9000 X103.697 Y121.516
G1 F2700 X98.898 Y116.717 E2210.24339
G0 F9000 X99.063 Y116.246
G1 F2700 X103.856 Y121.039 E2210.58072
G0 F9000 X104.014 Y120.56
G1 F2700 X99.227 Y115.773 E2210.91762
G0 F9000 X99.392 Y115.302
G1 F2700 X104.173 Y120.082 E2211.25407
G0 F9000 X104.331 Y119.604
G1 F2700 X99.556 Y114.829 E2211.59013
G0 F9000 X99.72 Y114.357
G1 F2700 X104.489 Y119.126 E2211.92577
G0 F9000 X104.648 Y118.649
G1 F2700 X99.885 Y113.885 E2212.26102
G0 F9000 X100.049 Y113.413
G1 F2700 X104.807 Y118.171 E2212.59588
G0 F9000 X104.965 Y117.693
G1 F2700 X100.214 Y112.941 E2212.93029
G0 F9000 X100.378 Y112.469
G1 F2700 X105.124 Y117.215 E2213.26431
G0 F9000 X105.283 Y116.738
G1 F2700 X100.542 Y111.997 E2213.59797
G0 F9000 X100.706 Y111.525
G1 F2700 X105.441 Y116.26 E2213.93122
G0 F9000 X105.6 Y115.782
G1 F2700 X100.87 Y111.053 E2214.26407
G0 F9000 X101.035 Y110.581
G1 F2700 X105.758 Y115.304 E2214.59647
G0 F9000 X105.916 Y114.826
G1 F2700 X101.199 Y110.109 E2214.92845
G0 F9000 X101.363 Y109.636
G1 F2700 X106.075 Y114.349 E2215.26011
G0 F9000 X106.234 Y113.871
G1 F2700 X101.528 Y109.165 E2215.59132
G0 F9000 X101.692 Y108.692
G1 F2700 X106.392 Y113.393 E2215.92213
G0 F9000 X106.551 Y112.915
G1 F2700 X101.857 Y108.221 E2216.25249
G0 F9000 X102.021 Y107.748
G1 F2700 X106.71 Y112.437 E2216.5825
G0 F9000 X106.868 Y111.959
G1 F2700 X102.186 Y107.277 E2216.91201
G0 F9000 X102.35 Y106.804
G1 F2700 X107.026 Y111.481 E2217.24114
G0 F9000 X107.185 Y111.003
G1 F2700 X102.514 Y106.332 E2217.56988
G0 F9000 X102.678 Y105.86
G1 F2700 X107.343 Y110.525 E2217.8982
G0 F9000 X107.502 Y110.048
G1 F2700 X102.843 Y105.388 E2218.22613
G0 F9000 X103.007 Y104.916
G1 F2700 X107.661 Y109.57 E2218.55368
G0 F9000 X107.819 Y109.092
G1 F2700 X103.171 Y104.444 E2218.8808
G0 F9000 X103.335 Y103.972
G1 F2700 X107.978 Y108.614 E2219.20753
G0 F9000 X108.137 Y108.137
G1 F2700 X103.5 Y103.5 E2219.53388
G0 F9000 X103.664 Y103.028
G1 F2700 X108.295 Y107.659 E2219.8598
G0 F9000 X108.453 Y107.181
G1 F2700 X103.829 Y102.556 E2220.18527
G0 F9000 X103.993 Y102.084
G1 F2700 X108.612 Y106.703 E2220.51035
G0 F9000 X108.77 Y106.225
G1 F2700 X104.157 Y101.611 E2220.83505
G0 F9000 X104.322 Y101.14
G1 F2700 X108.929 Y105.747 E2221.15928
G0 F9000 X109.088 Y105.269
G1 F2700 X104.486 Y100.667 E2221.48317
G0 F9000 X104.651 Y100.196
G1 F2700 X109.239 Y104.784 E2221.80607
G0 F9000 X109.385 Y104.294
G1 F2700 X104.815 Y99.723 E2222.12773
G0 F9000 X104.979 Y99.251
G1 F2700 X109.53 Y103.803 E2222.44806
G0 F9000 X109.671 Y103.307
G1 F2700 X105.143 Y98.779 E2222.76674
G0 F9000 X105.307 Y98.307
G1 F2700 X109.805 Y102.804 E2223.08327
G0 F9000 X109.931 Y102.295
G1 F2700 X105.472 Y97.836 E2223.39709
G0 F9000 X105.636 Y97.363
G1 F2700 X110.05 Y101.777 E2223.70774
G0 F9000 X110.164 Y101.254
G1 F2700 X105.8 Y96.891 E2224.01484
G0 F9000 X105.965 Y96.419
G1 F2700 X110.277 Y100.731 E2224.31831
G0 F9000 X110.391 Y100.209
G1 F2700 X106.129 Y95.947 E2224.61827
G0 F9000 X106.294 Y95.475
G1 F2700 X110.496 Y99.677 E2224.914
G0 F9000 X110.581 Y99.126
G1 F2700 X106.458 Y95.003 E2225.20418
G0 F9000 X106.622 Y94.53
G1 F2700 X110.656 Y98.565 E2225.48812
G0 F9000 X110.776 Y98.048
G1 F2700 X106.787 Y94.059 E2225.76886
G0 F9000 X106.951 Y93.586
G1 F2700 X111.029 Y97.664 E2226.05587
G0 F9000 X111.394 Y97.393
G1 F2700 X107.116 Y93.115 E2226.35695
G0 F9000 X107.28 Y92.643
G1 F2700 X111.905 Y97.268 E2226.68245
;MESH:NONMESH
G0 F600 X111.905 Y97.268 Z19.6
G0 F9000 X111.883 Y97.673
G0 X112.682 Y98.095
G0 X112.513 Y98.096
;TIME_ELAPSED:1362.975081
;LAYER:69
;TYPE:WALL-INNER
;MESH:felipe_mvm_v.stl
G1 F3900 X112.613 Y98.284 E2226.69423
G1 X112.79 Y99.085 E2226.73959
G1 X112.905 Y99.562 E2226.76672
G1 X113.153 Y100.423 E2226.81626
G1 X113.406 Y101.391 E2226.87159
G1 X113.971 Y103.249 E2226.97897
G1 X114.252 Y104.2 E2227.0338
G1 X114.508 Y105.026 E2227.08162
G1 X120.446 Y122.43 E2228.09844
G1 X120.734 Y123.247 E2228.14634
G1 X120.824 Y123.553 E2228.16398
G1 X120.923 Y123.952 E2228.18671
G1 X121.139 Y124.985 E2228.24507
G1 X121.187 Y125.442 E2228.27048
G1 X121.165 Y125.826 E2228.29174
G1 X121.096 Y126.214 E2228.31354
G1 X120.979 Y126.559 E2228.33368
G1 X120.806 Y126.895 E2228.35458
G1 X120.576 Y127.197 E2228.37557
G1 X120.313 Y127.447 E2228.39563
G1 X120.039 Y127.641 E2228.4142
G1 X119.66 Y127.851 E2228.43815
G1 X119.359 Y127.962 E2228.45589
G1 X119.009 Y128.058 E2228.47596
G1 X118.604 Y128.121 E2228.49863
G1 X118.203 Y128.141 E2228.52083
G1 X115.901 Y128.141 E2228.64812
G1 X115.901 Y129.755 E2228.73736
G1 X129.321 Y129.755 E2229.47942
G1 X129.321 Y128.141 E2229.56867
G1 X126.999 Y128.136 E2229.69706
G1 X126.479 Y128.007 E2229.72669
G1 X126.012 Y127.75 E2229.75616
G1 X125.686 Y127.462 E2229.78021
G1 X125.35 Y127.079 E2229.80839
G1 X125.02 Y126.504 E2229.84505
G1 X124.736 Y125.874 E2229.88326
G1 X124.496 Y125.29 E2229.91817
G1 X124.254 Y124.658 E2229.95559
G1 X123.979 Y123.898 E2230.00028
G1 X112.267 Y90.245 E2231.9706
G1 X107.526 Y90.245 E2232.23275
G1 X95.381 Y125.132 E2234.27538
G1 X95.272 Y125.407 E2234.29173
G1 X95.121 Y125.729 E2234.3114
G1 X94.908 Y126.11 E2234.33553
G1 X94.516 Y126.606 E2234.37049
G1 X94.184 Y126.961 E2234.39737
G1 X93.665 Y127.409 E2234.43528
G1 X93.205 Y127.655 E2234.46412
G1 X92.748 Y127.847 E2234.49153
G1 X92.078 Y128.042 E2234.53012
G1 X91.551 Y128.137 E2234.55973
G1 X90.679 Y128.14 E2234.60795
G1 X90.679 Y129.755 E2234.69725
G1 X108.184 Y129.755 E2235.66519
G1 X108.184 Y128.141 E2235.75443
G1 X105.979 Y128.138 E2235.87636
G1 X105.587 Y128.079 E2235.89828
G1 X105.07 Y127.954 E2235.92769
G1 X104.71 Y127.804 E2235.94925
G1 X104.482 Y127.675 E2235.96374
G1 X104.176 Y127.469 E2235.98414
G1 X103.831 Y127.155 E2236.00993
G1 X103.547 Y126.727 E2236.03833
G1 X103.377 Y126.238 E2236.06696
G1 X103.308 Y125.627 E2236.10096
G1 X103.337 Y125.034 E2236.13379
G1 X103.402 Y124.54 E2236.16134
G1 X103.552 Y123.856 E2236.20006
G1 X103.663 Y123.419 E2236.22499
G1 X103.787 Y123.008 E2236.24873
G1 X109.702 Y105.186 E2237.28706
G1 X110.148 Y103.686 E2237.37359
G1 X110.382 Y102.809 E2237.42378
G1 X110.532 Y102.183 E2237.45937
G1 X111.004 Y100.023 E2237.58163
G1 X111.142 Y99.184 E2237.62864
G1 X111.24 Y98.404 E2237.67211
G1 X111.325 Y98.166 E2237.68609
G1 X111.501 Y97.964 E2237.7009
G1 X111.716 Y97.851 E2237.71433
G1 X112.076 Y97.826 E2237.73428
G1 X112.305 Y97.91 E2237.74777
G1 X112.513 Y98.096 E2237.7632
G0 F9000 X111.827 Y98.317
;TYPE:WALL-OUTER
G1 F3000 X111.925 Y98.291 E2237.76825
G1 X112.064 Y98.32 E2237.77531
G1 X112.163 Y98.44 E2237.78306
G1 X112.328 Y99.197 E2237.82161
G1 X112.446 Y99.683 E2237.8465
G1 X112.693 Y100.543 E2237.89103
G1 X112.941 Y101.495 E2237.93999
G1 X113.798 Y104.34 E2238.08785
G1 X114.043 Y105.131 E2238.12906
G1 X119.998 Y122.587 E2239.04693
G1 X120.288 Y123.414 E2239.09054
G1 X120.363 Y123.668 E2239.10372
G1 X120.458 Y124.049 E2239.12326
G1 X120.67 Y125.067 E2239.17501
G1 X120.71 Y125.436 E2239.19348
G1 X120.692 Y125.783 E2239.21077
G1 X120.636 Y126.097 E2239.22665
G1 X120.535 Y126.39 E2239.24207
G1 X120.392 Y126.655 E2239.25706
G1 X120.233 Y126.864 E2239.27012
G1 X120.022 Y127.069 E2239.28476
G1 X119.741 Y127.268 E2239.3019
G1 X119.448 Y127.423 E2239.3184
G1 X119.176 Y127.522 E2239.3328
G1 X118.86 Y127.604 E2239.34905
G1 X118.515 Y127.652 E2239.36638
G1 X118.183 Y127.666 E2239.38292
G1 X115.426 Y127.666 E2239.52012
G1 X115.426 Y130.23 E2239.64772
G1 X129.796 Y130.23 E2240.36285
G1 X129.796 Y127.666 E2240.49045
G1 X127.06 Y127.661 E2240.62661
G1 X126.654 Y127.561 E2240.64742
G1 X126.27 Y127.345 E2240.66934
G1 X126.066 Y127.171 E2240.68269
G1 X125.753 Y126.818 E2240.70616
G1 X125.451 Y126.303 E2240.73588
G1 X125.175 Y125.693 E2240.7692
G1 X124.94 Y125.12 E2240.80002
G1 X124.701 Y124.496 E2240.83327
G1 X124.428 Y123.741 E2240.87322
G1 X112.605 Y89.77 E2242.66327
G1 X107.188 Y89.77 E2242.93285
G1 X94.929 Y124.984 E2244.78844
G1 X94.825 Y125.244 E2244.80238
G1 X94.706 Y125.497 E2244.81629
G1 X94.501 Y125.858 E2244.83695
G1 X94.13 Y126.326 E2244.86668
G1 X93.82 Y126.653 E2244.8891
G1 X93.373 Y127.026 E2244.91807
G1 X92.96 Y127.246 E2244.94136
G1 X92.543 Y127.416 E2244.96377
G1 X91.948 Y127.585 E2244.99455
G1 X91.525 Y127.659 E2245.01592
G1 X90.204 Y127.666 E2245.08166
G1 X90.204 Y130.23 E2245.20926
G1 X108.659 Y130.23 E2246.12768
G1 X108.659 Y127.666 E2246.25528
G1 X106.003 Y127.661 E2246.38746
G1 X105.636 Y127.605 E2246.40593
G1 X105.204 Y127.496 E2246.42811
G1 X104.943 Y127.39 E2246.44213
G1 X104.716 Y127.262 E2246.45509
G1 X104.459 Y127.084 E2246.47065
G1 X104.196 Y126.844 E2246.48837
G1 X103.976 Y126.514 E2246.50811
G1 X103.851 Y126.155 E2246.52703
G1 X103.783 Y125.608 E2246.55446
G1 X103.808 Y125.096 E2246.57997
G1 X103.874 Y124.595 E2246.60512
G1 X104.012 Y123.973 E2246.63682
G1 X104.126 Y123.526 E2246.65978
G1 X104.238 Y123.158 E2246.67892
G1 X110.155 Y105.329 E2247.61378
G1 X110.606 Y103.814 E2247.69244
G1 X110.853 Y102.882 E2247.74043
G1 X110.996 Y102.284 E2247.77102
G1 X111.47 Y100.113 E2247.88161
G1 X111.613 Y99.252 E2247.92505
G1 X111.719 Y98.442 E2247.9657
G1 X111.827 Y98.317 E2247.97392
G0 F9000 X111.925 Y98.291
G0 X112.022 Y98.311
G0 X112.783 Y97.897
;TYPE:SKIN
G1 F2700 X112.938 Y98.191 E2247.99046
G1 X113.112 Y99.005 E2248.03188
G1 X113.233 Y99.496 E2248.05705
G1 X113.47 Y100.316 E2248.09953
G1 X113.719 Y101.273 E2248.14874
G1 X114.813 Y104.891 E2248.33684
G1 X120.756 Y122.312 E2249.25287
G1 X121.061 Y123.173 E2249.29832
G1 X121.139 Y123.439 E2249.31212
G1 X121.25 Y123.888 E2249.33513
G1 X121.464 Y124.911 E2249.38715
G1 X121.52 Y125.4 E2249.41164
G1 X121.498 Y125.848 E2249.43396
G1 X121.421 Y126.293 E2249.45644
G1 X121.282 Y126.696 E2249.47765
G1 X121.072 Y127.099 E2249.50027
G1 X120.806 Y127.439 E2249.52175
G1 X120.516 Y127.711 E2249.54154
G1 X120.156 Y127.96 E2249.56332
G1 X119.784 Y128.161 E2249.58436
G1 X119.38 Y128.304 E2249.60569
G1 X119.076 Y128.384 E2249.62133
G1 X118.655 Y128.45 E2249.64254
G1 X118.22 Y128.473 E2249.66422
G1 X116.233 Y128.473 E2249.7631
G1 X116.233 Y129.423 E2249.81038
G1 X128.989 Y129.423 E2250.44519
G1 X128.989 Y128.472 E2250.49252
G1 X126.963 Y128.469 E2250.59334
G1 X126.363 Y128.323 E2250.62407
G1 X125.81 Y128.013 E2250.65562
G1 X125.499 Y127.749 E2250.67592
G1 X125.071 Y127.26 E2250.70826
G1 X124.741 Y126.687 E2250.74117
G1 X124.438 Y126.027 E2250.77731
G1 X124.192 Y125.424 E2250.80972
G1 X123.948 Y124.784 E2250.84381
G1 X123.669 Y124.016 E2250.88447
G1 X112.031 Y90.577 E2252.64648
G1 X107.762 Y90.577 E2252.85893
G1 X95.693 Y125.249 E2254.68595
G1 X95.563 Y125.576 E2254.70346
G1 X95.441 Y125.833 E2254.71762
G1 X95.172 Y126.314 E2254.74505
G1 X94.769 Y126.822 E2254.77731
G1 X94.435 Y127.183 E2254.80179
G1 X93.883 Y127.662 E2254.83816
G1 X93.369 Y127.945 E2254.86736
G1 X92.844 Y128.167 E2254.89573
G1 X92.18 Y128.361 E2254.93015
G1 X91.601 Y128.466 E2254.95944
G1 X91.011 Y128.472 E2254.9888
G1 X91.011 Y129.423 E2255.03613
G1 X107.852 Y129.423 E2255.87423
G1 X107.852 Y128.472 E2255.92156
G1 X105.936 Y128.468 E2256.01691
G1 X105.453 Y128.392 E2256.04124
G1 X105.019 Y128.282 E2256.06352
G1 X104.631 Y128.139 E2256.0841
G1 X104.237 Y127.914 E2256.10668
G1 X104.027 Y127.771 E2256.11932
G1 X103.58 Y127.378 E2256.14894
G1 X103.251 Y126.883 E2256.17852
G1 X103.06 Y126.345 E2256.20693
G1 X102.976 Y125.65 E2256.24177
G1 X103.002 Y125.057 E2256.27131
G1 X103.072 Y124.495 E2256.29949
G1 X103.222 Y123.8 E2256.33488
G1 X103.343 Y123.328 E2256.35913
G1 X103.465 Y122.928 E2256.37994
G1 X109.384 Y105.086 E2257.31544
G1 X109.828 Y103.595 E2257.39286
G1 X110.075 Y102.656 E2257.44118
G1 X110.212 Y102.081 E2257.47059
G1 X110.677 Y99.96 E2257.57865
G1 X110.813 Y99.135 E2257.62026
G1 X110.913 Y98.346 E2257.65984
G1 X111.025 Y98.015 E2257.67723
G1 X111.186 Y97.807 E2257.69032
G1 X111.45 Y97.602 E2257.70696
G1 X111.825 Y97.485 E2257.72651
G1 X112.169 Y97.51 E2257.74367
G1 X112.477 Y97.623 E2257.76
G1 X112.783 Y97.897 E2257.78044
G1 F2400 E2255.78044
G0 F9000 X112.732 Y97.987
G0 X113.607 Y101.328
G0 X114.708 Y104.957
G0 X121.13 Y123.908
G0 X121.375 Y125.844
G0 X120.937 Y127.072
G0 X120.065 Y127.873
G0 X118.636 Y128.329
G0 X116.123 Y128.363
G0 X116.123 Y129.533
G0 X129.099 Y129.533
G0 X129.099 Y128.362
G0 X126.871 Y128.321
G0 X125.824 Y127.865
G0 X125.132 Y127.123
G0 X123.78 Y123.967
G0 X112.112 Y90.463
G0 X108.39 Y90.395
G1 F1200 E2257.78044
G0 F9000 X108.39 Y90.801
G1 F2700 X107.671 Y91.52 E2257.83104
G0 F9000 X107.289 Y91.387
G0 X106.949 Y92.363
G0 X107.331 Y92.496
G1 F2700 X109.026 Y90.801 E2257.95033
G0 F9000 X109.663 Y90.801
G1 F2700 X106.992 Y93.472 E2258.13832
G0 F9000 X106.609 Y93.339
G0 X106.269 Y94.315
G0 X106.652 Y94.448
G1 F2700 X110.299 Y90.801 E2258.39499
G0 F9000 X110.935 Y90.801
G1 F2700 X106.312 Y95.424 E2258.72035
G0 F9000 X105.929 Y95.291
G0 X105.589 Y96.268
G0 X105.972 Y96.401
G1 F2700 X111.572 Y90.801 E2259.11447
G0 F9000 X111.957 Y91.052
G1 F2700 X105.633 Y97.377 E2259.55959
G0 F9000 X105.25 Y97.244
G0 X104.91 Y98.22
G0 X105.293 Y98.353
G1 F2700 X112.121 Y91.525 E2260.04013
G0 F9000 X112.286 Y91.996
G1 F2700 X104.953 Y99.329 E2260.55622
G0 F9000 X104.571 Y99.196
G0 X104.231 Y100.172
G0 X104.613 Y100.305
G1 F2700 X112.45 Y92.469 E2261.10775
G0 F9000 X112.614 Y92.941
G1 F2700 X104.274 Y101.281 E2261.69471
G0 F9000 X103.891 Y101.148
G0 X103.551 Y102.125
G0 X103.934 Y102.258
G1 F2700 X112.779 Y93.413 E2262.31721
G0 F9000 X112.943 Y93.885
G1 F2700 X103.593 Y103.234 E2262.97522
G0 F9000 X103.211 Y103.101
G0 X102.871 Y104.077
G0 X103.254 Y104.21
G1 F2700 X113.107 Y94.357 E2263.66866
G0 F9000 X113.272 Y94.829
G1 F2700 X102.914 Y105.187 E2264.39765
G0 F9000 X102.531 Y105.054
G0 X102.191 Y106.029
G0 X102.575 Y106.162
G1 F2700 X110.82 Y97.917 E2264.97792
G0 F9000 X111.341 Y97.396
G1 F2700 X113.436 Y95.301 E2265.12537
G0 F9000 X113.6 Y95.773
G1 F2700 X112.089 Y97.284 E2265.23171
G0 F9000 X112.586 Y97.424
G1 F2700 X113.764 Y96.245 E2265.31465
G0 F9000 X113.929 Y96.718
G1 F2700 X112.924 Y97.722 E2265.38535
G0 F9000 X113.152 Y98.13
G1 F2700 X114.093 Y97.189 E2265.45158
G0 F9000 X114.257 Y97.662
G1 F2700 X113.265 Y98.654 E2265.52139
G0 F9000 X113.383 Y99.172
G1 F2700 X114.421 Y98.134 E2265.59444
G0 F9000 X114.586 Y98.606
G1 F2700 X113.518 Y99.674 E2265.66961
G0 F9000 X113.661 Y100.167
G1 F2700 X114.75 Y99.078 E2265.74625
G0 F9000 X114.915 Y99.55
G1 F2700 X113.793 Y100.671 E2265.82518
G0 F9000 X113.924 Y101.177
G1 F2700 X115.079 Y100.022 E2265.90647
G0 F9000 X115.243 Y100.494
G1 F2700 X114.072 Y101.665 E2265.98888
G0 F9000 X114.22 Y102.154
G1 F2700 X115.408 Y100.966 E2266.07249
G0 F9000 X115.572 Y101.438
G1 F2700 X114.368 Y102.642 E2266.15723
G0 F9000 X114.515 Y103.131
G1 F2700 X115.736 Y101.911 E2266.24313
G0 F9000 X115.901 Y102.382
G1 F2700 X114.663 Y103.62 E2266.33026
G0 F9000 X114.811 Y104.108
G1 F2700 X116.065 Y102.855 E2266.41848
G0 F9000 X116.229 Y103.327
G1 F2700 X114.959 Y104.597 E2266.50786
G0 F9000 X115.114 Y105.078
G1 F2700 X116.394 Y103.799 E2266.59791
G0 F9000 X116.558 Y104.271
G1 F2700 X115.276 Y105.552 E2266.6881
G0 F9000 X115.438 Y106.027
G1 F2700 X116.722 Y104.743 E2266.77847
G0 F9000 X116.886 Y105.215
G1 F2700 X115.6 Y106.501 E2266.86897
G0 F9000 X115.762 Y106.976
G1 F2700 X117.05 Y105.687 E2266.95966
G0 F9000 X117.215 Y106.159
G1 F2700 X115.924 Y107.45 E2267.05052
G0 F9000 X116.086 Y107.925
G1 F2700 X117.379 Y106.631 E2267.14155
G0 F9000 X117.543 Y107.104
G1 F2700 X116.248 Y108.399 E2267.23269
G0 F9000 X116.41 Y108.873
G1 F2700 X117.708 Y107.575 E2267.32404
G0 F9000 X117.872 Y108.048
G1 F2700 X116.572 Y109.348 E2267.41554
G0 F9000 X116.733 Y109.823
G1 F2700 X118.036 Y108.52 E2267.50724
G0 F9000 X118.201 Y108.992
G1 F2700 X116.895 Y110.298 E2267.59916
G0 F9000 X117.057 Y110.772
G1 F2700 X118.365 Y109.464 E2267.69121
G0 F9000 X118.53 Y109.936
G1 F2700 X117.219 Y111.246 E2267.78344
G0 F9000 X117.381 Y111.721
G1 F2700 X118.694 Y110.408 E2267.87585
G0 F9000 X118.858 Y110.88
G1 F2700 X117.543 Y112.195 E2267.9684
G0 F9000 X117.704 Y112.67
G1 F2700 X119.023 Y111.352 E2268.06119
G0 F9000 X119.187 Y111.824
G1 F2700 X117.866 Y113.144 E2268.15413
G0 F9000 X118.028 Y113.619
G1 F2700 X119.351 Y112.297 E2268.24721
G0 F9000 X119.515 Y112.768
G1 F2700 X118.19 Y114.093 E2268.34046
G0 F9000 X118.352 Y114.568
G1 F2700 X119.679 Y113.241 E2268.43385
G0 F9000 X119.844 Y113.712
G1 F2700 X118.514 Y115.042 E2268.52745
G0 F9000 X118.676 Y115.517
G1 F2700 X120.008 Y114.185 E2268.6212
G0 F9000 X120.172 Y114.657
G1 F2700 X118.837 Y115.992 E2268.71516
G0 F9000 X118.999 Y116.466
G1 F2700 X120.337 Y115.129 E2268.80929
G0 F9000 X120.501 Y115.601
G1 F2700 X119.161 Y116.941 E2268.9036
G0 F9000 X119.323 Y117.415
G1 F2700 X120.665 Y116.073 E2268.99804
G0 F9000 X120.83 Y116.545
G1 F2700 X119.485 Y117.89 E2269.0927
G0 F9000 X119.647 Y118.364
G1 F2700 X120.994 Y117.017 E2269.1875
G0 F9000 X121.158 Y117.49
G1 F2700 X119.809 Y118.839 E2269.28245
G0 F9000 X119.971 Y119.313
G1 F2700 X121.323 Y117.961 E2269.3776
G0 F9000 X121.487 Y118.434
G1 F2700 X120.133 Y119.788 E2269.47289
G0 F9000 X120.295 Y120.262
G1 F2700 X121.652 Y118.905 E2269.5684
G0 F9000 X121.816 Y119.378
G1 F2700 X120.457 Y120.737 E2269.66404
G0 F9000 X120.618 Y121.211
G1 F2700 X121.98 Y119.85 E2269.75986
G0 F9000 X122.144 Y120.321
G1 F2700 X120.78 Y121.686 E2269.85589
G0 F9000 X120.942 Y122.161
G1 F2700 X122.308 Y120.794 E2269.95207
G0 F9000 X122.473 Y121.266
G1 F2700 X121.108 Y122.631 E2270.04813
G0 F9000 X121.274 Y123.101
G1 F2700 X122.637 Y121.738 E2270.14406
G0 F9000 X122.801 Y122.21
G1 F2700 X121.411 Y123.6 E2270.24189
G0 F9000 X121.528 Y124.12
G1 F2700 X122.965 Y122.683 E2270.34302
G0 F9000 X123.13 Y123.154
G1 F2700 X121.638 Y124.646 E2270.44803
G0 F9000 X121.724 Y125.197
G1 F2700 X123.294 Y123.627 E2270.55852
G0 F9000 X123.459 Y124.098
G1 F2700 X121.724 Y125.833 E2270.68063
G0 F9000 X121.531 Y126.663
G1 F2700 X123.629 Y124.565 E2270.82829
G0 F9000 X123.8 Y125.029
G1 F2700 X119.633 Y129.197 E2271.12159
G0 F9000 X120.269 Y129.197
G1 F2700 X123.976 Y125.49 E2271.38249
G0 F9000 X124.16 Y125.942
G1 F2700 X120.906 Y129.197 E2271.61153
G0 F9000 X121.542 Y129.197
G1 F2700 X124.355 Y126.384 E2271.80951
G0 F9000 X124.556 Y126.82
G1 F2700 X122.178 Y129.197 E2271.97684
G0 F9000 X122.815 Y129.197
G1 F2700 X124.789 Y127.223 E2272.11576
G0 F9000 X125.058 Y127.59
G1 F2700 X123.451 Y129.197 E2272.22886
G0 F9000 X124.088 Y129.197
G1 F2700 X125.36 Y127.925 E2272.31839
G0 F9000 X125.705 Y128.216
G1 F2700 X124.724 Y129.197 E2272.38743
G0 F9000 X125.36 Y129.197
G1 F2700 X126.116 Y128.442 E2272.4406
G0 F9000 X126.586 Y128.608
G1 F2700 X125.997 Y129.197 E2272.48205
G0 F9000 X126.633 Y129.197
G1 F2700 X127.137 Y128.693 E2272.51752
G0 F9000 X127.27 Y129.197
G1 F2700 X127.772 Y128.694 E2272.55289
G0 F9000 X127.906 Y129.197
G1 F2700 X128.407 Y128.696 E2272.58815
G0 F9000 X128.763 Y128.976
G1 F2700 X128.542 Y129.197 E2272.6037
G0 F9000 X128.542 Y129.605
G0 X116.123 Y129.533
G0 X116.123 Y128.363
G0 X118.769 Y128.273
G0 X119.661 Y128.012
G0 X119.801 Y128.392
G1 F2700 X118.996 Y129.197 E2272.66036
G0 F9000 X118.924 Y128.634
G1 F2700 X118.36 Y129.197 E2272.70002
G0 F9000 X118.224 Y128.696
G1 F2700 X117.724 Y129.197 E2272.73524
G0 F9000 X117.588 Y128.696
G1 F2700 X117.087 Y129.197 E2272.7705
G0 F9000 X116.951 Y128.696
G1 F2700 X116.458 Y129.19 E2272.80523
G1 F2400 E2270.80523
G0 F9000 X116.051 Y129.19
G0 X116.054 Y129.602
G0 X129.168 Y129.602
G0 X129.168 Y128.293
G0 X126.987 Y128.3
G0 X126.422 Y128.163
G0 X125.922 Y127.887
G0 X125.218 Y127.178
G0 X124.59 Y125.949
G0 X123.825 Y123.955
G0 X112.156 Y90.402
G0 X107.636 Y90.402
G0 X95.414 Y125.49
G0 X95.044 Y126.2
G0 X94.268 Y127.109
G0 X93.757 Y127.545
G0 X92.763 Y128.018
G0 X91.563 Y128.301
G0 X90.832 Y128.292
G0 X90.832 Y129.602
G0 X108.031 Y129.602
G0 X108.034 Y129.112
G1 F1200 E2272.80523
G0 F9000 X107.626 Y129.112
G1 F2700 X107.541 Y129.197 E2272.81121
G0 F9000 X107.407 Y128.695
G1 F2700 X106.905 Y129.197 E2272.84654
G0 F9000 X106.771 Y128.694
G1 F2700 X106.268 Y129.197 E2272.88195
G0 F9000 X106.135 Y128.694
G1 F2700 X105.632 Y129.197 E2272.91735
G0 F9000 X105.558 Y128.635
G1 F2700 X104.996 Y129.197 E2272.9569
G0 F9000 X104.359 Y129.197
G1 F2700 X105.04 Y128.516 E2273.00483
G0 F9000 X104.566 Y128.354
G1 F2700 X103.723 Y129.197 E2273.06416
G0 F9000 X103.086 Y129.197
G1 F2700 X104.157 Y128.127 E2273.1395
G0 F9000 X103.789 Y127.859
G1 F2700 X102.45 Y129.197 E2273.2337
G0 F9000 X101.814 Y129.197
G1 F2700 X103.449 Y127.562 E2273.34877
G0 F9000 X103.184 Y127.19
G1 F2700 X101.177 Y129.197 E2273.49002
G0 F9000 X100.541 Y129.197
G1 F2700 X102.971 Y126.767 E2273.66104
G0 F9000 X102.82 Y126.282
G1 F2700 X99.904 Y129.197 E2273.86623
G0 F9000 X99.268 Y129.197
G1 F2700 X102.756 Y125.709 E2274.11171
G0 F9000 X102.777 Y125.052
G1 F2700 X98.632 Y129.197 E2274.40343
G0 F9000 X97.995 Y129.197
G1 F2700 X102.881 Y124.312 E2274.74727
G0 F9000 X103.068 Y123.488
G1 F2700 X97.359 Y129.197 E2275.14906
G0 F9000 X96.723 Y129.197
G1 F2700 X103.344 Y122.576 E2275.61504
G0 F9000 X103.729 Y122.704
G0 X104.045 Y121.751
G0 X103.66 Y121.623
G1 F2700 X96.086 Y129.197 E2276.14809
G0 F9000 X95.45 Y129.197
G1 F2700 X103.976 Y120.671 E2276.74815
G0 F9000 X104.361 Y120.799
G0 X104.677 Y119.846
G0 X104.292 Y119.718
G1 F2700 X94.813 Y129.197 E2277.41527
G0 F9000 X94.177 Y129.197
G1 F2700 X104.607 Y118.767 E2278.14932
G0 F9000 X104.992 Y118.895
G0 X105.309 Y117.942
G0 X104.924 Y117.814
G1 F2700 X93.541 Y129.197 E2278.95045
G0 F9000 X92.904 Y129.197
G1 F2700 X105.24 Y116.862 E2279.81861
G0 F9000 X105.625 Y116.99
G0 X105.94 Y116.038
G0 X105.555 Y115.91
G1 F2700 X95.741 Y125.724 E2280.50931
G0 F9000 X95.373 Y125.551
G0 X95.734 Y124.577
G0 X96.118 Y124.711
G1 F2700 X105.871 Y114.957 E2281.19575
G0 F9000 X106.257 Y115.085
G0 X106.573 Y114.133
G0 X106.187 Y114.005
G1 F2700 X96.458 Y123.734 E2281.88047
G0 F9000 X96.074 Y123.601
G0 X96.414 Y122.622
G0 X96.797 Y122.758
G1 F2700 X106.503 Y113.053 E2282.56353
G0 F9000 X106.889 Y113.181
G0 X107.204 Y112.229
G0 X106.819 Y112.101
G1 F2700 X97.138 Y121.782 E2283.24487
G0 F9000 X96.754 Y121.648
G0 X97.094 Y120.671
G0 X97.478 Y120.805
G1 F2700 X107.135 Y111.148 E2283.92452
G0 F9000 X107.521 Y111.276
G0 X107.836 Y110.325
G0 X107.45 Y110.196
G1 F2700 X97.817 Y119.829 E2284.60248
G0 F9000 X97.434 Y119.696
G0 X97.773 Y118.72
G0 X98.157 Y118.853
G1 F2700 X107.766 Y109.244 E2285.27875
G0 F9000 X108.152 Y109.373
G0 X108.469 Y108.42
G0 X108.082 Y108.291
G1 F2700 X98.497 Y117.877 E2285.95337
G0 F9000 X98.113 Y117.743
G0 X98.453 Y116.767
G0 X98.837 Y116.901
G1 F2700 X108.398 Y107.339 E2286.6263
G0 F9000 X108.785 Y107.468
G0 X109.1 Y106.516
G0 X108.714 Y106.387
G1 F2700 X99.176 Y115.925 E2287.29757
G0 F9000 X98.793 Y115.792
G0 X99.133 Y114.815
G0 X99.516 Y114.948
G1 F2700 X109.03 Y105.435 E2287.96712
G0 F9000 X109.32 Y104.508
G1 F2700 X99.856 Y113.972 E2288.63319
G0 F9000 X99.473 Y113.839
G0 X99.812 Y112.863
G0 X100.196 Y112.996
G1 F2700 X109.59 Y103.602 E2289.29433
G0 F9000 X109.821 Y102.734
G1 F2700 X100.535 Y112.02 E2289.94787
G0 F9000 X100.152 Y111.887
G0 X100.492 Y110.911
G0 X100.875 Y111.044
G1 F2700 X110.02 Y101.899 E2290.59149
G0 F9000 X110.199 Y101.083
G1 F2700 X101.215 Y110.067 E2291.22377
G0 F9000 X100.832 Y109.934
G0 X101.172 Y108.958
G0 X101.555 Y109.091
G1 F2700 X110.377 Y100.269 E2291.84466
G0 F9000 X110.526 Y99.484
G1 F2700 X101.895 Y108.115 E2292.4521
G0 F9000 X101.512 Y107.982
G0 X101.851 Y107.006
G0 X102.234 Y107.139
G1 F2700 X110.635 Y98.738 E2293.04335
G1 F2400 E2291.04335
G0 F9000 X111.04 Y98.789
G0 X110.167 Y102.794
G0 X109.484 Y105.17
G0 X103.341 Y123.831
G0 X103.103 Y125.704
G0 X103.422 Y126.919
G0 X104.096 Y127.669
G0 X105.07 Y128.171
G0 X106.036 Y128.349
G0 X107.962 Y128.362
G0 X107.962 Y129.533
G0 X90.901 Y129.533
G0 X90.901 Y128.361
G0 X91.901 Y128.268
G0 X93.059 Y127.881
G1 F1200 E2293.04335
G0 F9000 X93.212 Y128.253
G1 F2700 X92.268 Y129.197 E2293.10979
G0 F9000 X92.256 Y128.572
G1 F2700 X91.631 Y129.197 E2293.15378
G0 F9000 X91.235 Y128.957
G1 F2700 X91.499 Y128.693 E2293.17236
G1 F2400 E2291.17236
;MESH:NONMESH
G0 F600 X91.499 Y128.693 Z19.88
G0 F9000 X91.483 Y128.288
G0 X92.077 Y128.213
G0 X93.242 Y127.82
G0 X93.757 Y127.545
G0 X94.621 Y126.736
G0 X95.044 Y126.2
G0 X95.529 Y125.202
G0 X107.636 Y90.402
G0 X112.156 Y90.402
G0 X124.358 Y125.386
G0 X124.878 Y126.585
G0 X125.218 Y127.178
G0 X125.922 Y127.887
G0 X126.422 Y128.163
G0 X126.987 Y128.3
G0 X129.168 Y128.293
G0 X129.168 Y129.602
G0 X116.054 Y129.602
G0 X116.054 Y128.294
G0 X118.585 Y128.289
G0 X119.384 Y128.13
G0 X120.092 Y127.805
G0 X120.7 Y127.307
G0 X121.126 Y126.638
G0 X121.327 Y125.867
G0 X121.303 Y124.975
G0 X120.895 Y123.216
G0 X114.128 Y103.201
G0 X112.729 Y98.081
G1 F1200 E2293.17236
G0 F9000 X112.518 Y98.104
;TIME_ELAPSED:1413.598164
;LAYER:70
;TYPE:WALL-INNER
;MESH:felipe_mvm_v.stl
G1 F3900 X112.614 Y98.287 E2293.18378
G1 X112.742 Y98.871 E2293.21684
G1 X112.911 Y99.575 E2293.25687
G1 X113.154 Y100.427 E2293.30586
G1 X113.406 Y101.391 E2293.36096
G1 X114.511 Y105.035 E2293.57152
G1 X120.445 Y122.429 E2294.58775
G1 X120.734 Y123.247 E2294.63572
G1 X120.824 Y123.555 E2294.65346
G1 X120.923 Y123.954 E2294.67619
G1 X121.134 Y124.964 E2294.73325
G1 X121.188 Y125.441 E2294.75979
G1 X121.157 Y125.886 E2294.78446
G1 X121.102 Y126.187 E2294.80137
G1 X120.98 Y126.558 E2294.82297
G1 X120.805 Y126.896 E2294.84402
G1 X120.575 Y127.198 E2294.86501
G1 X120.313 Y127.447 E2294.88499
G1 X120.041 Y127.64 E2294.90343
G1 X119.659 Y127.852 E2294.92759
G1 X119.294 Y127.982 E2294.94902
G1 X118.945 Y128.073 E2294.96896
G1 X118.603 Y128.121 E2294.98806
G1 X118.203 Y128.141 E2295.0102
G1 X115.901 Y128.141 E2295.13749
G1 X115.901 Y129.755 E2295.22674
G1 X129.321 Y129.755 E2295.9688
G1 X129.321 Y128.141 E2296.05804
G1 X127 Y128.136 E2296.18638
G1 X126.479 Y128.007 E2296.21606
G1 X126.015 Y127.751 E2296.24536
G1 X125.72 Y127.501 E2296.26674
G1 X125.35 Y127.078 E2296.29782
G1 X125.019 Y126.501 E2296.3346
G1 X124.734 Y125.867 E2296.37304
G1 X124.376 Y124.984 E2296.42572
G1 X124.118 Y124.288 E2296.46677
G1 X112.267 Y90.245 E2298.45998
G1 X107.526 Y90.245 E2298.72213
G1 X95.381 Y125.132 E2300.76475
G1 X95.254 Y125.449 E2300.78364
G1 X95.122 Y125.727 E2300.80065
G1 X94.907 Y126.112 E2300.82504
G1 X94.516 Y126.606 E2300.85987
G1 X94.128 Y127.015 E2300.89105
G1 X93.664 Y127.409 E2300.92471
G1 X93.138 Y127.686 E2300.95758
G1 X92.669 Y127.874 E2300.98552
G1 X92.004 Y128.058 E2301.02367
G1 X91.549 Y128.137 E2301.04921
G1 X90.679 Y128.14 E2301.09731
G1 X90.679 Y129.755 E2301.18661
G1 X108.184 Y129.755 E2302.15455
G1 X108.184 Y128.141 E2302.2438
G1 X105.975 Y128.138 E2302.36595
G1 X105.586 Y128.079 E2302.3877
G1 X105.119 Y127.966 E2302.41427
G1 X104.795 Y127.844 E2302.43341
G1 X104.481 Y127.674 E2302.45316
G1 X104.214 Y127.494 E2302.47096
G1 X103.904 Y127.224 E2302.49369
G1 X103.569 Y126.797 E2302.5237
G1 X103.404 Y126.317 E2302.55177
G1 X103.332 Y125.879 E2302.57631
G1 X103.313 Y125.468 E2302.59906
G1 X103.337 Y125.034 E2302.6231
G1 X103.415 Y124.466 E2302.6548
G1 X103.555 Y123.842 E2302.69016
G1 X103.723 Y123.218 E2302.7259
G1 X109.707 Y105.174 E2303.77707
G1 X110.162 Y103.638 E2303.86565
G1 X110.382 Y102.81 E2303.91303
G1 X110.534 Y102.177 E2303.94902
G1 X111.004 Y100.02 E2304.07109
G1 X111.1 Y99.461 E2304.10246
G1 X111.241 Y98.407 E2304.16126
G1 X111.328 Y98.166 E2304.17542
G1 X111.503 Y97.967 E2304.19008
G1 X111.718 Y97.853 E2304.20353
G1 X112.083 Y97.83 E2304.22376
G1 X112.312 Y97.916 E2304.23728
G1 X112.518 Y98.104 E2304.2527
G0 F9000 X112.068 Y98.324
;TYPE:WALL-OUTER
G1 F3000 X112.165 Y98.443 E2304.26034
G1 X112.279 Y98.981 E2304.28771
G1 X112.444 Y99.67 E2304.32297
G1 X112.694 Y100.547 E2304.36835
G1 X112.941 Y101.495 E2304.41711
G1 X114.062 Y105.189 E2304.60922
G1 X119.997 Y122.586 E2305.52398
G1 X120.289 Y123.415 E2305.56772
G1 X120.361 Y123.662 E2305.58053
G1 X120.458 Y124.051 E2305.60048
G1 X120.672 Y125.084 E2305.65298
G1 X120.709 Y125.435 E2305.67054
G1 X120.689 Y125.802 E2305.68883
G1 X120.636 Y126.096 E2305.7037
G1 X120.535 Y126.39 E2305.71917
G1 X120.389 Y126.658 E2305.73436
G1 X120.209 Y126.89 E2305.74897
G1 X120.022 Y127.069 E2305.76185
G1 X119.743 Y127.267 E2305.77888
G1 X119.448 Y127.423 E2305.79549
G1 X119.191 Y127.517 E2305.8091
G1 X118.882 Y127.6 E2305.82503
G1 X118.515 Y127.652 E2305.84347
G1 X118.183 Y127.666 E2305.86001
G1 X115.426 Y127.666 E2305.99721
G1 X115.426 Y130.23 E2306.12481
G1 X129.796 Y130.23 E2306.83994
G1 X129.796 Y127.666 E2306.96754
G1 X127.06 Y127.661 E2307.1037
G1 X126.656 Y127.562 E2307.1244
G1 X126.27 Y127.344 E2307.14646
G1 X126.043 Y127.148 E2307.16139
G1 X125.727 Y126.782 E2307.18545
G1 X125.443 Y126.288 E2307.21381
G1 X125.174 Y125.688 E2307.24653
G1 X124.821 Y124.819 E2307.29321
G1 X124.567 Y124.131 E2307.32971
G1 X112.605 Y89.77 E2309.14035
G1 X107.188 Y89.77 E2309.40993
G1 X94.929 Y124.984 E2311.26553
G1 X94.824 Y125.247 E2311.27962
G1 X94.707 Y125.495 E2311.29327
G1 X94.5 Y125.86 E2311.31415
G1 X94.13 Y126.326 E2311.34376
G1 X93.82 Y126.653 E2311.36619
G1 X93.414 Y126.998 E2311.3927
G1 X92.957 Y127.247 E2311.4186
G1 X92.54 Y127.417 E2311.44101
G1 X91.945 Y127.585 E2311.47178
G1 X91.524 Y127.659 E2311.49305
G1 X90.204 Y127.666 E2311.55874
G1 X90.204 Y130.23 E2311.68634
G1 X108.659 Y130.23 E2312.60476
G1 X108.659 Y127.666 E2312.73236
G1 X106 Y127.661 E2312.86469
G1 X105.636 Y127.605 E2312.88302
G1 X105.204 Y127.496 E2312.90519
G1 X104.97 Y127.403 E2312.91772
G1 X104.698 Y127.25 E2312.93325
G1 X104.459 Y127.084 E2312.94773
G1 X104.237 Y126.879 E2312.96277
G1 X103.994 Y126.568 E2312.98241
G1 X103.864 Y126.183 E2313.00263
G1 X103.807 Y125.852 E2313.01935
G1 X103.788 Y125.492 E2313.03729
G1 X103.808 Y125.096 E2313.05702
G1 X103.876 Y124.582 E2313.08282
G1 X104.014 Y123.966 E2313.11424
G1 X104.186 Y123.33 E2313.14703
G1 X110.161 Y105.316 E2314.09153
G1 X110.607 Y103.814 E2314.1695
G1 X110.852 Y102.886 E2314.21727
G1 X110.998 Y102.279 E2314.24834
G1 X111.471 Y100.11 E2314.35882
G1 X111.57 Y99.532 E2314.388
G1 X111.718 Y98.422 E2314.44373
G1 X111.864 Y98.305 E2314.45304
G1 X112.068 Y98.324 E2314.46323
G0 F9000 X112.165 Y98.443
G0 X112.174 Y98.489
G0 X112.901 Y97.816
;TYPE:SKIN
G1 F2700 X113.079 Y98.161 E2314.48255
G1 X113.2 Y98.738 E2314.51189
G1 X113.363 Y99.423 E2314.54693
G1 X113.608 Y100.285 E2314.59153
G1 X113.856 Y101.238 E2314.64054
G1 X114.955 Y104.862 E2314.829
G1 X120.893 Y122.267 E2315.74419
G1 X121.202 Y123.142 E2315.79037
G1 X121.287 Y123.44 E2315.80579
G1 X121.393 Y123.87 E2315.82783
G1 X121.613 Y124.949 E2315.88263
G1 X121.663 Y125.421 E2315.90625
G1 X121.625 Y125.97 E2315.93364
G1 X121.566 Y126.296 E2315.95013
G1 X121.413 Y126.753 E2315.97411
G1 X121.224 Y127.123 E2315.99479
G1 X120.92 Y127.527 E2316.01995
G1 X120.604 Y127.825 E2316.04156
G1 X120.205 Y128.098 E2316.06562
G1 X119.834 Y128.294 E2316.0865
G1 X119.432 Y128.438 E2316.10775
G1 F2323.1 X119.042 Y128.614 E2316.1325
G1 F2091.2 X118.583 Y128.658 E2316.16213
G1 F2165.8 X118.226 Y128.669 E2316.18429
G1 F2181.3 X116.429 Y128.669 E2316.29498
G1 X116.429 Y129.227 E2316.32935
G1 F2177.4 X117.159 Y129.226 E2316.3744
G1 F2165.8 X117.889 Y129.224 E2316.41969
G1 F2154.3 X118.619 Y129.222 E2316.46522
G1 F2091.2 X119.093 Y129.207 E2316.49569
G1 F2305.5 X119.518 Y129.277 E2316.5208
G1 F2664.5 X120.638 Y129.277 E2316.57728
G1 F2670.3 X121.758 Y129.277 E2316.63363
G1 F2676.2 X122.878 Y129.278 E2316.68987
G1 F2688.1 X123.998 Y129.278 E2316.74585
G1 F2694 X125.118 Y129.278 E2316.80171
G1 F2700 X126.238 Y129.279 E2316.85745
G1 F2536.5 X126.535 Y129.25 E2316.87326
G1 F2262.6 X126.833 Y129.221 E2316.89104
G1 F2150.4 X127.486 Y129.222 E2316.93184
G1 F2161.9 X128.139 Y129.224 E2316.97243
G1 F2173.5 X128.792 Y129.226 E2317.01279
G1 F2177.4 X128.792 Y128.669 E2317.04717
G1 F2173.5 X128.161 Y128.667 E2317.08617
G1 F2161.9 X127.53 Y128.665 E2317.12539
G1 F2150.4 X126.899 Y128.662 E2317.16482
G1 F2262.6 X126.59 Y128.552 E2317.1843
G1 F2536.5 X126.279 Y128.441 E2317.20179
G1 F2700 X125.753 Y128.149 E2317.23173
G1 X125.384 Y127.836 E2317.25581
G1 X124.952 Y127.341 E2317.28851
G1 X124.598 Y126.725 E2317.32386
G1 X124.293 Y126.046 E2317.36091
G1 X123.934 Y125.163 E2317.40834
G1 X123.676 Y124.463 E2317.44547
G1 X111.929 Y90.72 E2319.22355
G1 X107.864 Y90.72 E2319.42585
G1 X95.818 Y125.318 E2321.24901
G1 X95.708 Y125.598 E2321.26398
G1 X95.538 Y125.96 E2321.28389
G1 X95.309 Y126.368 E2321.30717
G1 X94.877 Y126.916 E2321.3419
G1 X94.515 Y127.304 E2321.3683
G1 X93.941 Y127.8 E2321.40606
G1 X93.408 Y128.084 E2321.43611
G1 X92.874 Y128.31 E2321.46497
G1 F2574.2 X92.621 Y128.403 E2321.47904
G1 F2350.1 X92.367 Y128.496 E2321.4945
G1 F2165.8 X92.113 Y128.589 E2321.51129
G1 F2045.5 X92.086 Y128.606 E2321.51338
G1 F2084 X91.619 Y128.665 E2321.54373
G1 F2165.8 X91.208 Y128.668 E2321.56923
G1 F2173.5 X91.208 Y128.946 E2321.58642
G1 X91.208 Y129.226 E2321.60373
G1 F2165.8 X91.666 Y129.224 E2321.63214
G1 F2084 X92.138 Y129.204 E2321.6626
G1 F2102.1 X92.417 Y129.229 E2321.68051
G1 F2305.5 X92.696 Y129.254 E2321.69683
G1 F2557.9 X92.975 Y129.28 E2321.71155
G1 F2700 X104.901 Y129.279 E2322.30505
G1 F2314.3 X105.38 Y129.205 E2322.33319
G1 F2094.8 X105.867 Y129.224 E2322.36445
G1 F2173.5 X107.655 Y129.226 E2322.47499
G1 F2177.4 X107.655 Y128.669 E2322.50936
G1 F2173.5 X105.911 Y128.666 E2322.61717
G1 F2094.8 X105.427 Y128.609 E2322.64843
G1 F2314.3 X105.005 Y128.428 E2322.67509
G1 F2700 X104.618 Y128.287 E2322.69559
G1 X104.249 Y128.09 E2322.71641
G1 X103.926 Y127.872 E2322.7358
G1 X103.542 Y127.536 E2322.76119
G1 X103.267 Y127.182 E2322.7835
G1 X103.098 Y126.876 E2322.8009
G1 X102.938 Y126.415 E2322.82518
G1 X102.86 Y125.928 E2322.84973
G1 X102.839 Y125.443 E2322.87389
G1 X102.867 Y124.97 E2322.89747
G1 X102.946 Y124.386 E2322.92679
G1 X103.085 Y123.757 E2322.95885
G1 X103.267 Y123.083 E2322.99359
G1 X109.253 Y105.032 E2323.94002
G1 X109.691 Y103.556 E2324.01664
G1 X109.916 Y102.7 E2324.06068
G1 X110.061 Y102.107 E2324.09106
G1 X110.538 Y99.928 E2324.20207
G1 X110.63 Y99.388 E2324.22933
G1 X110.772 Y98.329 E2324.2825
G1 X110.902 Y97.944 E2324.30273
G1 X111.203 Y97.591 E2324.32581
G1 X111.565 Y97.399 E2324.34621
G1 X111.863 Y97.348 E2324.36125
G1 X112.172 Y97.36 E2324.37664
G1 X112.562 Y97.506 E2324.39736
G1 X112.901 Y97.816 E2324.42022
G1 F2400 E2322.42022
G0 F9000 X112.735 Y97.998
G0 X113.607 Y101.329
G0 X114.71 Y104.967
G0 X121.129 Y123.911
G0 X121.377 Y125.816
G0 X120.934 Y127.076
G0 X120.067 Y127.872
G0 X118.634 Y128.329
G0 X116.123 Y128.363
G0 X116.123 Y129.533
G0 X129.099 Y129.533
G0 X129.099 Y128.362
G0 X126.871 Y128.321
G0 X125.823 Y127.865
G0 X125.132 Y127.123
G0 X123.872 Y124.221
G0 X112.112 Y90.463
G0 X111.309 Y90.395
G1 F1200 E2324.42022
G0 F9000 X111.309 Y90.945
;TYPE:SKIN
G1 F3000 X112.013 Y91.648 E2324.46974
G0 F9000 X112.533 Y91.468
G0 X112.873 Y92.444
G0 X112.352 Y92.624
G1 F3000 X110.673 Y90.945 E2324.5879
G0 F9000 X110.037 Y90.945
G1 F3000 X112.693 Y93.601 E2324.77483
G0 F9000 X113.213 Y93.421
G0 X113.553 Y94.397
G0 X113.033 Y94.577
G1 F3000 X109.4 Y90.945 E2325.03048
G0 F9000 X108.764 Y90.945
G1 F3000 X113.372 Y95.553 E2325.35479
G0 F9000 X113.893 Y95.373
G0 X114.232 Y96.349
G0 X113.712 Y96.529
G1 F3000 X108.127 Y90.945 E2325.74782
G0 F9000 X107.885 Y91.339
G1 F3000 X114.052 Y97.506 E2326.18185
G0 F9000 X113.219 Y97.945
G1 F3000 X114.732 Y99.458 E2326.28833
G0 F9000 X115.253 Y99.278
G0 X114.912 Y98.302
G0 X114.392 Y98.482
G1 F3000 X107.721 Y91.811 E2326.75783
G0 F9000 X107.556 Y92.283
G1 F3000 X112.526 Y97.252 E2327.10758
G0 F9000 X111.774 Y97.137
G1 F3000 X107.392 Y92.755 E2327.41598
G0 F9000 X107.228 Y93.227
G1 F3000 X111.289 Y97.288 E2327.70179
G0 F9000 X110.929 Y97.565
G1 F3000 X107.063 Y93.699 E2327.97387
G0 F9000 X106.899 Y94.171
G1 F3000 X110.665 Y97.937 E2328.23892
G0 F9000 X110.529 Y98.438
G1 F3000 X106.734 Y94.643 E2328.50601
G0 F9000 X106.57 Y95.115
G1 F3000 X110.454 Y98.999 E2328.77936
G0 F9000 X110.373 Y99.554
G1 F3000 X106.406 Y95.588 E2329.05852
G0 F9000 X106.242 Y96.059
G1 F3000 X110.271 Y100.089 E2329.34211
G0 F9000 X110.158 Y100.612
G1 F3000 X106.078 Y96.532 E2329.62926
G0 F9000 X105.913 Y97.003
G1 F3000 X110.043 Y101.133 E2329.91992
G0 F9000 X109.928 Y101.655
G1 F3000 X105.749 Y97.476 E2330.21404
G0 F9000 X105.585 Y97.948
G1 F3000 X109.812 Y102.176 E2330.51156
G0 F9000 X109.687 Y102.686
G1 F3000 X105.42 Y98.42 E2330.81184
G0 F9000 X105.256 Y98.892
G1 F3000 X109.554 Y103.19 E2331.11432
G0 F9000 X109.416 Y103.688
G1 F3000 X105.091 Y99.364 E2331.41868
G0 F9000 X104.927 Y99.836
G1 F3000 X109.27 Y104.179 E2331.72433
G0 F9000 X109.124 Y104.67
G1 F3000 X104.763 Y100.308 E2332.03129
G0 F9000 X104.598 Y100.78
G1 F3000 X108.974 Y105.155 E2332.33924
G0 F9000 X108.815 Y105.633
G1 F3000 X104.434 Y101.252 E2332.64757
G0 F9000 X104.269 Y101.724
G1 F3000 X108.657 Y106.111 E2332.95635
G0 F9000 X108.499 Y106.589
G1 F3000 X104.105 Y102.196 E2333.26556
G0 F9000 X103.941 Y102.668
G1 F3000 X108.34 Y107.067 E2333.57516
G0 F9000 X108.181 Y107.545
G1 F3000 X103.777 Y103.14 E2333.88515
G0 F9000 X103.613 Y103.613
G1 F3000 X108.023 Y108.023 E2334.19552
G0 F9000 X107.864 Y108.501
G1 F3000 X103.448 Y104.084 E2334.50635
G0 F9000 X103.284 Y104.557
G1 F3000 X107.706 Y108.979 E2334.81756
G0 F9000 X107.548 Y109.457
G1 F3000 X103.119 Y105.028 E2335.12927
G0 F9000 X102.955 Y105.501
G1 F3000 X107.389 Y109.935 E2335.44133
G0 F9000 X107.231 Y110.413
G1 F3000 X102.791 Y105.973 E2335.75381
G0 F9000 X102.626 Y106.445
G1 F3000 X107.072 Y110.891 E2336.06672
G0 F9000 X106.913 Y111.368
G1 F3000 X102.462 Y106.917 E2336.37998
G0 F9000 X102.297 Y107.389
G1 F3000 X106.755 Y111.846 E2336.69369
G0 F9000 X106.597 Y112.324
G1 F3000 X102.133 Y107.861 E2337.00783
G0 F9000 X101.969 Y108.333
G1 F3000 X106.438 Y112.802 E2337.32235
G0 F9000 X106.28 Y113.28
G1 F3000 X101.804 Y108.805 E2337.63733
G0 F9000 X101.64 Y109.277
G1 F3000 X106.121 Y113.758 E2337.9527
G0 F9000 X105.963 Y114.236
G1 F3000 X101.476 Y109.749 E2338.26849
G0 F9000 X101.312 Y110.221
G1 F3000 X105.805 Y114.714 E2338.5847
G0 F9000 X105.645 Y115.191
G1 F3000 X101.148 Y110.694 E2338.9012
G0 F9000 X100.983 Y111.165
G1 F3000 X105.487 Y115.669 E2339.21819
G0 F9000 X105.329 Y116.147
G1 F3000 X100.819 Y111.638 E2339.53556
G0 F9000 X100.654 Y112.109
G1 F3000 X105.17 Y116.625 E2339.85339
G0 F9000 X105.012 Y117.103
G1 F3000 X100.49 Y112.582 E2340.17161
G0 F9000 X100.326 Y113.054
G1 F3000 X104.854 Y117.581 E2340.49025
G0 F9000 X104.695 Y118.059
G1 F3000 X100.161 Y113.525 E2340.80935
G0 F9000 X99.997 Y113.998
G1 F3000 X104.537 Y118.537 E2341.12884
G0 F9000 X104.378 Y119.015
G1 F3000 X99.832 Y114.469 E2341.44878
G0 F9000 X99.668 Y114.942
G1 F3000 X104.219 Y119.493 E2341.76907
G0 F9000 X104.061 Y119.971
G1 F3000 X99.504 Y115.413 E2342.08983
G0 F9000 X99.34 Y115.886
G1 F3000 X103.902 Y120.449 E2342.41093
G0 F9000 X103.744 Y120.927
G1 F3000 X99.175 Y116.358 E2342.73249
G0 F9000 X99.011 Y116.83
G1 F3000 X103.586 Y121.405 E2343.05448
G0 F9000 X103.427 Y121.883
G1 F3000 X98.847 Y117.302 E2343.37685
G0 F9000 X98.682 Y117.774
G1 F3000 X103.269 Y122.361 E2343.69968
G0 F9000 X103.111 Y122.839
G1 F3000 X98.518 Y118.246 E2344.02293
G0 F9000 X98.354 Y118.718
G1 F3000 X102.967 Y123.332 E2344.34762
G0 F9000 X102.836 Y123.837
G1 F3000 X98.189 Y119.19 E2344.67467
G0 F9000 X98.025 Y119.662
G1 F3000 X102.722 Y124.36 E2345.00528
G0 F9000 X102.647 Y124.921
G1 F3000 X97.86 Y120.134 E2345.34218
G0 F9000 X97.696 Y120.606
G1 F3000 X102.618 Y125.529 E2345.68862
G0 F9000 X102.681 Y126.227
G1 F3000 X97.532 Y121.079 E2346.05097
G0 F9000 X97.367 Y121.55
G1 F3000 X103.022 Y127.205 E2346.44896
G0 F9000 X103.504 Y126.944
G0 X103.754 Y127.294
G0 X104.344 Y127.765
G0 X104.025 Y128.208
G1 F3000 X104.87 Y129.053 E2346.50843
G0 F9000 X104.233 Y129.053
G1 F3000 X97.203 Y122.023 E2347.0032
G0 F9000 X97.039 Y122.494
G1 F3000 X103.597 Y129.053 E2347.46478
G0 F9000 X102.961 Y129.053
G1 F3000 X96.875 Y122.967 E2347.8931
G0 F9000 X96.71 Y123.439
G1 F3000 X102.324 Y129.053 E2348.28821
G0 F9000 X101.688 Y129.053
G1 F3000 X96.546 Y123.911 E2348.6501
G0 F9000 X96.382 Y124.383
G1 F3000 X101.051 Y129.053 E2348.97873
G0 F9000 X100.415 Y129.053
G1 F3000 X96.217 Y124.855 E2349.27419
G0 F9000 X96.053 Y125.327
G1 F3000 X99.779 Y129.053 E2349.53642
G0 F9000 X99.142 Y129.053
G1 F3000 X95.869 Y125.78 E2349.76677
G0 F9000 X95.657 Y126.204
G1 F3000 X98.506 Y129.053 E2349.96728
G0 F9000 X97.869 Y129.053
G1 F3000 X95.412 Y126.595 E2350.14023
G0 F9000 X95.132 Y126.952
G1 F3000 X97.233 Y129.053 E2350.2881
G0 F9000 X96.597 Y129.053
G1 F3000 X94.833 Y127.289 E2350.41225
G0 F9000 X94.511 Y127.603
G1 F3000 X95.96 Y129.053 E2350.51426
G0 F9000 X95.324 Y129.053
G1 F3000 X94.169 Y127.898 E2350.59555
G0 F9000 X93.776 Y128.141
G1 F3000 X94.687 Y129.053 E2350.6597
G0 F9000 X94.051 Y129.053
G1 F3000 X93.35 Y128.351 E2350.70907
G0 F9000 X92.9 Y128.538
G1 F3000 X93.415 Y129.053 E2350.74532
G0 F9000 X92.738 Y129.013
G1 F3000 X92.466 Y128.741 E2350.76446
G1 F2400 E2348.76446
G0 F9000 X92.296 Y128.135
G0 X93.238 Y127.821
G0 X93.759 Y127.544
G0 X94.621 Y126.736
G0 X95.043 Y126.202
G0 X95.529 Y125.202
G0 X107.636 Y90.402
G0 X112.156 Y90.402
G0 X124.233 Y125.067
G0 X124.875 Y126.58
G0 X125.218 Y127.178
G0 X125.92 Y127.885
G0 X126.421 Y128.163
G0 X126.988 Y128.3
G0 X129.168 Y128.293
G0 X129.168 Y129.602
G0 X116.054 Y129.602
G0 X116.054 Y128.294
G0 X118.331 Y128.29
G0 X119.095 Y128.191
G1 F1200 E2350.76446
G0 F9000 X119.257 Y128.803
G1 F3000 X119.492 Y129.038 E2350.781
G0 F9000 X119.679 Y128.588
G1 F3000 X120.143 Y129.053 E2350.81369
G0 F9000 X120.78 Y129.053
G1 F3000 X120.122 Y128.395 E2350.86
G0 F9000 X120.517 Y128.154
G1 F3000 X121.416 Y129.053 E2350.92327
G0 F9000 X122.052 Y129.053
G1 F3000 X120.877 Y127.877 E2351.006
G0 F9000 X121.186 Y127.55
G1 F3000 X122.689 Y129.053 E2351.11178
G0 F9000 X123.325 Y129.052
G1 F3000 X121.448 Y127.175 E2351.24388
G0 F9000 X121.651 Y126.742
G1 F3000 X123.961 Y129.052 E2351.40646
G0 F9000 X124.597 Y129.052
G1 F3000 X121.801 Y126.256 E2351.60324
G0 F9000 X121.871 Y125.69
G1 F3000 X125.234 Y129.052 E2351.83989
G0 F9000 X125.87 Y129.052
G1 F3000 X121.848 Y125.03 E2352.12295
G0 F9000 X121.699 Y124.245
G1 F3000 X124.554 Y127.099 E2352.32385
G0 F9000 X125.031 Y126.826
G0 X124.502 Y125.693
G0 X123.991 Y125.9
G1 F3000 X121.514 Y123.424 E2352.49814
G0 F9000 X121.205 Y122.478
G1 F3000 X123.579 Y124.852 E2352.66522
G0 F9000 X124.096 Y124.661
G0 X123.749 Y123.686
G0 X123.229 Y123.866
G1 F3000 X120.87 Y121.507 E2352.83125
G0 F9000 X120.35 Y121.684
G0 X120.021 Y120.718
G0 X120.541 Y120.541
G1 F3000 X122.889 Y122.889 E2352.9965
G0 F9000 X123.408 Y122.706
G0 X123.071 Y121.733
G0 X122.55 Y121.913
G1 F3000 X120.211 Y119.575 E2353.16108
G0 F9000 X119.691 Y119.752
G0 X119.362 Y118.786
G0 X119.882 Y118.609
G1 F3000 X122.209 Y120.937 E2353.32489
G0 F9000 X122.731 Y120.757
G0 X122.39 Y119.78
G0 X121.869 Y119.96
G1 F3000 X119.552 Y117.643 E2353.48795
G0 F9000 X119.032 Y117.82
G0 X118.702 Y116.854
G0 X119.223 Y116.677
G1 F3000 X121.53 Y118.984 E2353.65032
G0 F9000 X122.051 Y118.804
G0 X121.711 Y117.828
G0 X121.19 Y118.008
G1 F3000 X118.893 Y115.711 E2353.81198
G0 F9000 X118.373 Y115.888
G0 X118.043 Y114.922
G0 X118.564 Y114.745
G1 F3000 X120.85 Y117.031 E2353.97286
G0 F9000 X121.371 Y116.851
G0 X121.031 Y115.876
G0 X120.51 Y116.056
G1 F3000 X118.234 Y113.779 E2354.13308
G0 F9000 X117.714 Y113.956
G0 X117.384 Y112.99
G0 X117.904 Y112.813
G1 F3000 X120.17 Y115.079 E2354.29256
G0 F9000 X120.691 Y114.899
G0 X120.351 Y113.922
G0 X119.83 Y114.102
G1 F3000 X117.574 Y111.847 E2354.4513
G0 F9000 X117.054 Y112.024
G0 X116.725 Y111.058
G0 X117.245 Y110.881
G1 F3000 X119.491 Y113.127 E2354.60937
G0 F9000 X120.011 Y112.947
G0 X119.671 Y111.97
G0 X119.151 Y112.15
G1 F3000 X116.915 Y109.915 E2354.7667
G0 F9000 X116.395 Y110.092
G0 X116.066 Y109.126
G0 X116.586 Y108.949
G1 F3000 X118.81 Y111.174 E2354.92326
G0 F9000 X119.331 Y110.994
G0 X118.992 Y110.018
G0 X118.471 Y110.198
G1 F3000 X116.256 Y107.983 E2355.07915
G0 F9000 X115.736 Y108.16
G0 X115.407 Y107.194
G0 X115.927 Y107.017
G1 F3000 X118.131 Y109.221 E2355.23427
G0 F9000 X118.651 Y109.041
G0 X118.312 Y108.065
G0 X117.791 Y108.245
G1 F3000 X115.597 Y106.051 E2355.38868
G0 F9000 X115.077 Y106.228
G0 X114.747 Y105.262
G0 X115.268 Y105.085
G1 F3000 X117.451 Y107.269 E2355.54235
G0 F9000 X117.972 Y107.089
G0 X117.632 Y106.112
G0 X117.111 Y106.292
G1 F3000 X114.974 Y104.155 E2355.69275
G0 F9000 X114.697 Y103.242
G1 F3000 X116.771 Y105.316 E2355.83872
G0 F9000 X117.292 Y105.136
G0 X116.952 Y104.159
G0 X116.431 Y104.339
G1 F3000 X114.421 Y102.329 E2355.98018
G0 F9000 X114.144 Y101.416
G1 F3000 X116.092 Y103.364 E2356.11728
G0 F9000 X116.612 Y103.184
G0 X116.272 Y102.207
G0 X115.751 Y102.387
G1 F3000 X113.906 Y100.542 E2356.24713
G0 F9000 X113.664 Y99.663
G1 F3000 X115.411 Y101.411 E2356.37011
G0 F9000 X115.932 Y101.231
G0 X115.592 Y100.256
G0 X115.072 Y100.435
G1 F3000 X113.446 Y98.809 E2356.48455
G1 F2400 E2354.48455
G0 F9000 X112.911 Y98.936
G0 X114.71 Y104.967
G0 X121.129 Y123.911
G0 X121.377 Y125.816
G0 X120.934 Y127.076
G0 X120.067 Y127.872
G0 X118.634 Y128.329
G0 X116.123 Y128.363
G0 X116.123 Y129.533
G0 X129.099 Y129.533
G0 X129.099 Y128.362
G0 X126.871 Y128.321
G0 X126.26 Y128.059
G1 F1200 E2356.48455
G0 F9000 X125.994 Y128.539
G1 F3000 X126.462 Y129.008 E2356.51752
;TIME_ELAPSED:1458.713629
G1 F2400 E2354.51752
M140 S0
M205 X10 Y10
M107
G91 ;Relative positioning
G1 E-2 F2700 ;Retract a bit
G1 E-2 Z0.2 F2400 ;Retract and raise Z
G1 X5 Y5 F3000 ;Wipe out
G1 Z10 ;Raise Z more
G90 ;Absolute positioning

G28 X0 Y0 ;Present print
M106 S0 ;Turn-off fan
M104 S0 ;Turn-off hotend
M140 S0 ;Turn-off bed

;*** Message and End Tones
M117 Print Completed
M300 S440 P200 ; Make Print Completed Tones
M300 S660 P250
M300 S880 P300
;*** End Message and End Tones

M84 X Y E ;Disable all steppers but Z
M82 ;absolute extrusion mode
M104 S0
;End of Gcode
;SETTING_3 {"global_quality": "[general]\\nversion = 4\\nname = FFV5.1_EF(.28)\\
;SETTING_3 ndefinition = creality_ender5\\n\\n[metadata]\\ntype = quality_change
;SETTING_3 s\\nquality_type = standard\\nsetting_version = 20\\n\\n[values]\\nac
;SETTING_3 celeration_enabled = True\\nadhesion_type = none\\njerk_enabled = Tru
;SETTING_3 e\\nlayer_height = 0.28\\nlayer_height_0 = 0.28\\nmaterial_bed_temper
;SETTING_3 ature = 40\\nmaterial_bed_temperature_layer_0 = 50\\n\\n", "extruder_
;SETTING_3 quality": ["[general]\\nversion = 4\\nname = FFV5.1_EF(.28)\\ndefinit
;SETTING_3 ion = creality_ender5\\n\\n[metadata]\\ntype = quality_changes\\nqual
;SETTING_3 ity_type = standard\\nintent_category = default\\nposition = 0\\nsett
;SETTING_3 ing_version = 20\\n\\n[values]\\nacceleration_print = 500.0\\nacceler
;SETTING_3 ation_roofing = 500.0\\nacceleration_topbottom = 500.0\\nacceleration
;SETTING_3 _travel = 500.0\\nacceleration_wall = 500.0\\nbottom_layers = 3\\ncoa
;SETTING_3 sting_enable = False\\nfill_outline_gaps = True\\ninfill_line_distanc
;SETTING_3 e = =0 if infill_sparse_density == 0 else (infill_line_width * 100) /
;SETTING_3  infill_sparse_density * (2 if infill_pattern == 'grid' else (3 if in
;SETTING_3 fill_pattern == 'triangles' or infill_pattern == 'trihexagon' or infi
;SETTING_3 ll_pattern == 'cubic' or infill_pattern == 'cubicsubdiv' else (2 if i
;SETTING_3 nfill_pattern == 'tetrahedral' or infill_pattern == 'quarter_cubic' e
;SETTING_3 lse (1 if infill_pattern == 'cross' or infill_pattern == 'cross_3d' e
;SETTING_3 lse 1))))\\ninfill_line_width = 0.57\\ninfill_overlap = 0\\ninfill_pa
;SETTING_3 ttern = ='zigzag' if infill_sparse_density > 89 else 'lines' if infil
;SETTING_3 l_sparse_density > 31 else 'cubic'\\ninfill_sparse_density = 20\\ninf
;SETTING_3 ill_sparse_thickness = 0.3\\ninitial_layer_line_width_factor = 100.0\
;SETTING_3 \ninset_direction = inside_out\\njerk_layer_0 = 8\\njerk_print = 20\\
;SETTING_3 njerk_travel_layer_0 = 5\\nline_width = 0.45\\nmaterial_flow = 95\\nm
;SETTING_3 aterial_flow_layer_0 = 95\\nmaterial_print_temperature = 210\\nretrac
;SETTING_3 tion_amount = 2\\nretraction_retract_speed = 40\\nretraction_speed = 
;SETTING_3 20\\nroofing_layer_count = 1\\nskin_angles = [45,135]\\nskin_line_wid
;SETTING_3 th = 0.45\\nskin_overlap = 30.0\\nskirt_brim_speed = 25.0\\nskirt_lin
;SETTING_3 e_count = 1\\nspeed_layer_0 = 25\\nspeed_print = 60.0\\nspeed_roofing
;SETTING_3  = 50\\nspeed_topbottom = 45\\nspeed_travel_layer_0 = 125.0\\nspeed_w
;SETTING_3 all_0 = 50\\nspeed_wall_x = 65\\nspeed_z_hop = 10\\nsupport_xy_distan
;SETTING_3 ce = 0.0\\ntop_bottom_pattern = lines\\ntop_bottom_thickness = =layer
;SETTING_3 _height_0+layer_height*3\\ntop_layers = 3\\nwall_0_material_flow = 95
;SETTING_3 \\nwall_0_wipe_dist = 0.2\\nwall_line_count = 2\\nwall_line_width_x =
;SETTING_3  0.5\\nwall_thickness = =line_width*2\\nxy_offset_layer_0 = -0.15\\nz
;SETTING_3 _seam_corner = z_seam_corner_weighted\\nz_seam_type = sharpest_corner
;SETTING_3 \\n\\n"]}
