;FLAVOR:Marlin
;TIME:447
;Filament used: 0.253934m
;Layer height: 0.12
;MINX:90.529
;MINY:90.529
;MINZ:0.28
;MAXX:132.203
;MAXY:148.596
;MAXZ:1.72
;Generated with Cura_SteamEngine main
M82 ;absolute extrusion mode
M201 X500.00 Y500.00 Z100.00 E5000.00 ;Setup machine max acceleration
M203 X500.00 Y500.00 Z10.00 E50.00 ;Setup machine max feedrate
M204 P500.00 R1000.00 T500.00 ;Setup Print/Retract/Travel acceleration
M205 X8.00 Y8.00 Z0.40 E5.00 ;Setup Jerk
M220 S100 ;Reset Feedrate
M221 S100 ;Reset Flowrate

;*** Start Dual Nozzle/Bed Preheating ***
M140 S60 ; start preheating the bed
M104 S210 ?T0 ; start preheating hotend
M190 S60 ; heat to Cura Bed setting and WAIT
M109 S210 ?T0 ; heat to Cura Hotend and WAIT
;*** End Preheating ***


;*** Single Print Start Tone
M300 S1000 P500 ; chirp to indicate starting to print
;*** End Single Start Tone

G28 ;Home

G92 E0 ;Reset Extruder
G1 Z2.0 F3000 ;Move Z Axis up
G1 X10.1 Y20 Z0.28 F5000.0 ;Move to start position
G1 X10.1 Y200.0 Z0.28 F1500.0 E15 ;Draw the first line
G1 X10.4 Y200.0 Z0.28 F5000.0 ;Move to side a little
G1 X10.4 Y20 Z0.28 F1500.0 E30 ;Draw the second line
G92 E0 ;Reset Extruder
G1 Z2.0 F3000 ;Move Z Axis up
G92 E0
G92 E0
G1 F1800 E-2
;LAYER_COUNT:13
;LAYER:0
M107
M204 S500
M205 X5 Y5
G0 F7500 X95.874 Y96.718 Z0.28
G0 X90.961 Y106.321
M205 X8 Y8
;TYPE:SKIRT
G1 F900 E0
G1 F1500 X91.106 Y105.474 E0.04153
G1 X91.303 Y104.57 E0.08624
G1 X91.576 Y103.687 E0.13091
G1 X92.041 Y102.587 E0.18862
G1 X92.454 Y101.747 E0.23386
G1 X93.04 Y100.597 E0.29624
G1 X93.445 Y99.831 E0.33811
G1 X93.913 Y99.034 E0.38278
G1 X94.448 Y98.28 E0.42746
G1 X95.208 Y97.404 E0.48351
G1 X95.874 Y96.718 E0.52971
G1 X96.891 Y95.702 E0.59919
G1 X97.373 Y95.233 E0.63169
G1 X98.063 Y94.618 E0.67636
G1 X98.803 Y94.064 E0.72103
G1 X99.837 Y93.442 E0.77935
G1 X100.632 Y93.023 E0.82278
G1 X101.777 Y92.439 E0.8849
G1 X102.548 Y92.058 E0.92646
G1 X103.394 Y91.685 E0.97114
G1 X104.27 Y91.387 E1.01586
G1 X105.437 Y91.115 E1.07377
G1 X106.391 Y90.95 E1.12056
G1 X107.788 Y90.731 E1.1889
G1 X108.469 Y90.633 E1.22215
G1 X109.389 Y90.541 E1.26683
G1 X110.314 Y90.529 E1.31154
G1 X111.506 Y90.632 E1.36936
G1 X112.445 Y90.767 E1.4152
G1 X113.677 Y90.961 E1.47548
G1 X114.528 Y91.107 E1.51721
G1 X115.431 Y91.303 E1.56186
G1 X116.314 Y91.577 E1.60654
G1 X117.413 Y92.041 E1.66419
G1 X118.113 Y92.384 E1.70187
G1 X119.518 Y93.101 E1.7781
G1 X120.146 Y93.432 E1.81241
G1 X120.945 Y93.898 E1.85711
G1 X121.7 Y94.432 E1.9018
G1 X122.608 Y95.218 E1.95984
G1 X123.153 Y95.747 E1.99654
G1 X124.194 Y96.787 E2.06766
G1 X124.77 Y97.379 E2.10757
G1 X125.385 Y98.07 E2.15228
G1 X125.938 Y98.811 E2.19696
G1 X126.541 Y99.811 E2.2534
G1 X127.002 Y100.681 E2.30098
G1 X127.576 Y101.808 E2.3621
G1 X127.94 Y102.545 E2.40183
G1 X128.313 Y103.391 E2.44651
G1 X128.612 Y104.266 E2.4912
G1 X128.886 Y105.443 E2.5496
G1 X129.015 Y106.184 E2.58595
G1 X129.251 Y107.67 E2.65867
G1 X129.368 Y108.479 E2.69817
G1 X129.45 Y109.238 E2.73507
G1 X129.649 Y112.028 E2.87024
G1 X129.9 Y114.515 E2.99104
G1 X130.227 Y117.042 E3.11419
G1 X130.622 Y119.537 E3.23627
G1 X131.084 Y122.009 E3.3578
G1 X131.319 Y123.081 E3.41084
G1 X131.606 Y124.497 E3.48066
G1 X131.756 Y125.359 E3.52295
G1 X131.975 Y126.741 E3.59057
G1 X132.1 Y127.607 E3.63286
G1 X132.191 Y128.527 E3.67753
G1 X132.203 Y129.452 E3.72224
G1 X132.101 Y130.627 E3.77924
G1 X131.967 Y131.563 E3.82494
G1 X131.772 Y132.802 E3.88555
G1 X131.625 Y133.657 E3.92748
G1 X131.428 Y134.56 E3.97214
G1 X131.154 Y135.443 E4.01682
G1 X130.69 Y136.541 E4.07443
G1 X130.328 Y137.279 E4.11416
G1 X129.629 Y138.651 E4.18857
G1 X129.298 Y139.278 E4.22284
G1 X128.831 Y140.076 E4.26752
G1 X128.297 Y140.831 E4.31221
G1 X127.522 Y141.726 E4.36943
G1 X126.993 Y142.272 E4.40617
G1 X125.946 Y143.32 E4.47776
G1 X125.354 Y143.896 E4.51768
G1 X124.663 Y144.511 E4.56238
G1 X123.922 Y145.064 E4.60707
G1 X122.922 Y145.667 E4.6635
G1 X122.052 Y146.128 E4.71109
G1 X120.925 Y146.702 E4.77221
G1 X120.19 Y147.065 E4.81183
G1 X119.344 Y147.438 E4.85651
G1 X118.469 Y147.737 E4.9012
G1 X117.293 Y148.011 E4.95955
G1 X116.512 Y148.147 E4.99786
G1 X115.112 Y148.368 E5.06636
G1 X114.263 Y148.491 E5.10782
G1 X113.343 Y148.584 E5.15251
G1 X112.419 Y148.596 E5.19717
G1 X111.225 Y148.494 E5.25508
G1 X110.316 Y148.363 E5.29946
G1 X109.054 Y148.164 E5.36121
G1 X108.207 Y148.019 E5.40274
G1 X107.303 Y147.822 E5.44745
G1 X106.42 Y147.549 E5.49212
G1 X105.32 Y147.084 E5.54983
G1 X104.48 Y146.671 E5.59507
G1 X103.33 Y146.085 E5.65744
G1 X102.584 Y145.692 E5.69819
G1 X101.786 Y145.226 E5.74285
G1 X101.031 Y144.692 E5.78755
G1 X100.139 Y143.919 E5.84459
G1 X99.451 Y143.251 E5.89093
G1 X98.435 Y142.234 E5.96041
G1 X97.967 Y141.753 E5.99284
G1 X97.352 Y141.063 E6.03751
G1 X96.798 Y140.322 E6.08222
G1 X96.179 Y139.294 E6.14021
G1 X95.758 Y138.497 E6.18377
G1 X95.175 Y137.355 E6.24574
G1 X94.788 Y136.571 E6.28799
G1 X94.416 Y135.725 E6.33266
G1 X94.118 Y134.849 E6.37737
G1 X93.848 Y133.688 E6.43498
G1 X93.683 Y132.734 E6.48177
G1 X93.485 Y131.477 E6.54327
G1 X93.363 Y130.632 E6.58453
G1 X93.282 Y129.875 E6.62132
G1 X93.088 Y127.146 E6.75354
G1 X92.834 Y124.618 E6.87633
G1 X92.511 Y122.114 E6.99834
G1 X92.121 Y119.64 E7.11938
G1 X91.656 Y117.156 E7.24151
G1 X91.41 Y116.03 E7.29721
G1 X91.131 Y114.652 E7.36516
G1 X90.98 Y113.79 E7.40745
G1 X90.736 Y112.243 E7.48314
G1 X90.633 Y111.528 E7.51805
G1 X90.541 Y110.608 E7.56274
G1 X90.529 Y109.684 E7.6074
G1 X90.631 Y108.492 E7.66521
G1 X90.762 Y107.583 E7.7096
G1 X90.961 Y106.321 E7.77134
M205 X5 Y5
G1 F1800 E5.77134
G0 F7500 X90.99 Y109.658
M205 X8 Y8
G1 F900 E7.77134
G1 F1500 X91.087 Y108.557 E7.82475
G1 X91.217 Y107.655 E7.8688
G1 X91.416 Y106.393 E7.93054
G1 X91.56 Y105.552 E7.97178
G1 X91.753 Y104.668 E8.0155
G1 X92.023 Y103.805 E8.0592
G1 X92.454 Y102.79 E8.1125
G1 X92.864 Y101.955 E8.15745
G1 X93.527 Y100.657 E8.22789
G1 X93.851 Y100.046 E8.26131
G1 X94.31 Y99.267 E8.30501
G1 X94.835 Y98.531 E8.3487
G1 X95.539 Y97.724 E8.40046
G1 X96.199 Y97.043 E8.44629
G1 X97.112 Y96.13 E8.50869
G1 X97.694 Y95.563 E8.54796
G1 X98.369 Y94.962 E8.59163
G1 X99.095 Y94.422 E8.63536
G1 X100.052 Y93.849 E8.68927
G1 X100.841 Y93.433 E8.73237
G1 X102.111 Y92.786 E8.80126
G1 X102.752 Y92.47 E8.83579
G1 X103.58 Y92.107 E8.87948
G1 X104.437 Y91.818 E8.92319
G1 X105.516 Y91.568 E8.97672
G1 X106.295 Y91.432 E9.01494
G1 X107.854 Y91.186 E9.09121
G1 X108.535 Y91.088 E9.12446
G1 X109.435 Y90.999 E9.16817
G1 X110.339 Y90.99 E9.21186
G1 X111.441 Y91.087 E9.26532
G1 X112.231 Y91.2 E9.30389
G1 X113.755 Y91.44 E9.37845
G1 X114.45 Y91.56 E9.41254
G1 X115.333 Y91.753 E9.45622
G1 X116.196 Y92.024 E9.49993
G1 X117.21 Y92.455 E9.55318
G1 X118.058 Y92.872 E9.59885
G1 X119.304 Y93.508 E9.66645
G1 X119.932 Y93.839 E9.70076
G1 X120.713 Y94.296 E9.74449
G1 X121.45 Y94.82 E9.7882
G1 X122.287 Y95.548 E9.84181
G1 X122.941 Y96.184 E9.88589
G1 X123.869 Y97.112 E9.94932
G1 X124.44 Y97.699 E9.98889
G1 X125.041 Y98.376 E10.03264
G1 X125.579 Y99.102 E10.07631
G1 X126.135 Y100.027 E10.12847
G1 X126.592 Y100.89 E10.17567
G1 X127.224 Y102.133 E10.24306
G1 X127.528 Y102.749 E10.27625
G1 X127.892 Y103.577 E10.31996
G1 X128.181 Y104.434 E10.36367
G1 X128.432 Y105.521 E10.41759
G1 X128.588 Y106.42 E10.46168
G1 X128.797 Y107.742 E10.52637
G1 X128.913 Y108.545 E10.56558
G1 X128.991 Y109.271 E10.60086
G1 X129.191 Y112.072 E10.73658
G1 X129.443 Y114.572 E10.85801
G1 X129.771 Y117.103 E10.98135
G1 X130.163 Y119.583 E11.10269
G1 X130.633 Y122.095 E11.22619
G1 X130.87 Y123.179 E11.27982
G1 X131.153 Y124.576 E11.34871
G1 X131.303 Y125.438 E11.39099
G1 X131.521 Y126.813 E11.45827
G1 X131.645 Y127.672 E11.50021
G1 X131.733 Y128.572 E11.54392
G1 X131.742 Y129.477 E11.58766
G1 X131.646 Y130.562 E11.6403
G1 X131.513 Y131.491 E11.68565
G1 X131.318 Y132.73 E11.74627
G1 X131.172 Y133.578 E11.78785
G1 X130.978 Y134.462 E11.83159
G1 X130.708 Y135.325 E11.87529
G1 X130.277 Y136.338 E11.92849
G1 X129.845 Y137.216 E11.97578
G1 X129.222 Y138.436 E12.04198
G1 X128.891 Y139.063 E12.07625
G1 X128.434 Y139.843 E12.11994
G1 X127.909 Y140.58 E12.16367
G1 X127.191 Y141.405 E12.21652
G1 X126.549 Y142.067 E12.26109
G1 X125.621 Y142.995 E12.32452
G1 X125.034 Y143.566 E12.36409
G1 X124.357 Y144.167 E12.40784
G1 X123.631 Y144.705 E12.45151
G1 X122.706 Y145.261 E12.50367
G1 X121.843 Y145.718 E12.55086
G1 X120.6 Y146.35 E12.61825
G1 X119.986 Y146.653 E12.65134
G1 X119.158 Y147.017 E12.69505
G1 X118.301 Y147.306 E12.73876
G1 X117.214 Y147.557 E12.79268
G1 X116.268 Y147.721 E12.83908
G1 X115.041 Y147.914 E12.89911
G1 X114.198 Y148.036 E12.94027
G1 X113.298 Y148.126 E12.98398
G1 X112.393 Y148.135 E13.02772
G1 X111.29 Y148.038 E13.08123
G1 X110.388 Y147.908 E13.12527
G1 X109.126 Y147.709 E13.18702
G1 X108.285 Y147.565 E13.22825
G1 X107.401 Y147.372 E13.27198
G1 X106.538 Y147.102 E13.31568
G1 X105.523 Y146.671 E13.36897
G1 X104.688 Y146.261 E13.41393
G1 X103.407 Y145.607 E13.48344
G1 X102.799 Y145.286 E13.51667
G1 X102.018 Y144.828 E13.56042
G1 X101.281 Y144.304 E13.60412
G1 X100.459 Y143.589 E13.65677
G1 X99.776 Y142.926 E13.70278
G1 X98.863 Y142.013 E13.76518
G1 X98.297 Y141.432 E13.80438
G1 X97.695 Y140.756 E13.84812
G1 X97.156 Y140.031 E13.89178
G1 X96.585 Y139.079 E13.94543
G1 X96.235 Y138.417 E13.98162
G1 X95.518 Y137.012 E14.05785
G1 X95.201 Y136.368 E14.09254
G1 X94.838 Y135.54 E14.13623
G1 X94.549 Y134.682 E14.17999
G1 X94.301 Y133.609 E14.23321
G1 X94.165 Y132.83 E14.27143
G1 X93.918 Y131.265 E14.348
G1 X93.818 Y130.567 E14.38207
G1 X93.741 Y129.843 E14.41726
G1 X93.546 Y127.1 E14.55016
G1 X93.293 Y124.576 E14.67275
G1 X92.967 Y122.054 E14.79564
G1 X92.573 Y119.56 E14.91767
G1 X92.102 Y117.038 E15.04166
G1 X91.832 Y115.802 E15.1028
G1 X91.584 Y114.572 E15.16344
G1 X91.404 Y113.536 E15.21426
G1 X91.211 Y112.31 E15.27424
G1 X91.089 Y111.463 E15.31559
G1 X90.999 Y110.563 E15.35931
G1 X90.99 Y109.658 E15.40304
M205 X5 Y5
G1 F1800 E13.40304
;MESH:Filler.stl
G0 F7500 X100.557 Y109.826
G0 X101.659 Y110
G0 X102.077 Y110.001
G1 F900 E15.40304
G0 F7500 X101.923 Y110.001
M205 X8 Y8
;TYPE:WALL-INNER
G1 F1500 X102.318 Y112.497 E15.53579
G1 X103.463 Y114.747 E15.66841
G1 X105.251 Y116.535 E15.80124
G1 X107.503 Y117.682 E15.934
G1 X110.001 Y118.078 E16.06685
G1 X112.496 Y117.682 E16.19956
G1 X114.748 Y116.535 E16.33232
G1 X116.536 Y114.747 E16.46514
G1 X117.681 Y112.497 E16.59776
G1 X118.077 Y110.001 E16.73052
G1 X117.681 Y107.504 E16.86332
G1 X116.536 Y105.253 E16.99599
G1 X114.748 Y103.465 E17.12882
G1 X112.496 Y102.319 E17.26155
G1 X110.001 Y101.923 E17.39425
G1 X107.503 Y102.318 E17.52711
G1 X105.251 Y103.465 E17.65986
G1 X103.463 Y105.253 E17.79269
G1 X102.318 Y107.504 E17.92536
G1 X101.923 Y110.001 E18.05816
M205 X5 Y5
G0 F7500 X101.639 Y110.001
M205 X8 Y8
;TYPE:WALL-OUTER
G1 F1500 X102.049 Y112.584 E18.18455
G1 X103.234 Y114.914 E18.31088
G1 X105.084 Y116.764 E18.43732
G1 X107.415 Y117.951 E18.56374
G1 X110.001 Y118.361 E18.69027
G1 X112.584 Y117.951 E18.81667
G1 X114.915 Y116.764 E18.94308
G1 X116.765 Y114.914 E19.06952
G1 X117.95 Y112.584 E19.19585
G1 X118.361 Y110.001 E19.32225
G1 X117.95 Y107.416 E19.44875
G1 X116.765 Y105.086 E19.57508
G1 X114.915 Y103.236 E19.70152
G1 X112.584 Y102.049 E19.82794
G1 X110.001 Y101.639 E19.95433
G1 X107.415 Y102.049 E20.08087
G1 X105.084 Y103.236 E20.20728
G1 X103.234 Y105.086 E20.33372
G1 X102.049 Y107.416 E20.46005
G1 X101.639 Y110.001 E20.58654
M205 X5 Y5
G0 F7500 X101.67 Y110.198
G0 X102.194 Y110.002
M205 X8 Y8
;TYPE:SKIN
G1 F1500 X102.576 Y112.414 E20.65325
G1 X103.68 Y114.585 E20.71978
G1 X105.411 Y116.316 E20.78665
G1 X107.586 Y117.424 E20.85333
G1 X110 Y117.807 E20.92009
G1 X112.412 Y117.424 E20.9868
G1 X114.588 Y116.316 E21.0535
G1 X116.319 Y114.585 E21.12037
G1 X117.423 Y112.412 E21.18695
G1 X117.807 Y110.002 E21.25361
G1 X117.423 Y107.588 E21.32038
G1 X116.319 Y105.415 E21.38696
G1 X114.588 Y103.684 E21.45383
G1 X112.412 Y102.577 E21.52052
G1 X110 Y102.194 E21.58723
G1 X107.587 Y102.576 E21.65396
G1 X105.411 Y103.684 E21.72066
G1 X103.68 Y105.415 E21.78753
G1 X102.576 Y107.586 E21.85406
G1 X102.194 Y110.002 E21.92087
M205 X5 Y5
G0 F7500 X102.08 Y109.984
G0 X102.521 Y107.57
G0 X103.636 Y105.379
G0 X105.377 Y103.638
G0 X107.569 Y102.521
G0 X109.242 Y102.196
G0 X109.279 Y102.44
M205 X8 Y8
G1 F1500 X110.719 Y102.44 E21.96021
M205 X5 Y5
G0 F7500 X110.758 Y102.197
G0 X112.398 Y102.457
G0 X112.359 Y102.7
M205 X8 Y8
G1 F1500 X107.635 Y102.7 E22.08925
M205 X5 Y5
G0 F7500 X107.12 Y102.96
M205 X8 Y8
G1 F1500 X112.878 Y102.96 E22.24653
M205 X5 Y5
G0 F7500 X113.389 Y103.22
M205 X8 Y8
G1 F1500 X106.61 Y103.22 E22.43171
M205 X5 Y5
G0 F7500 X106.099 Y103.48
M205 X8 Y8
G1 F1500 X113.9 Y103.48 E22.6448
M205 X5 Y5
G0 F7500 X114.411 Y103.74
M205 X8 Y8
G1 F1500 X105.589 Y103.74 E22.88577
M205 X5 Y5
G0 F7500 X105.279 Y104
M205 X8 Y8
G1 F1500 X114.72 Y104 E23.14366
M205 X5 Y5
G0 F7500 X114.98 Y104.26
M205 X8 Y8
G1 F1500 X105.019 Y104.26 E23.41575
M205 X5 Y5
G0 F7500 X104.759 Y104.52
M205 X8 Y8
G1 F1500 X115.24 Y104.52 E23.70205
M205 X5 Y5
G0 F7500 X115.5 Y104.78
M205 X8 Y8
G1 F1500 X104.499 Y104.78 E24.00255
M205 X5 Y5
G0 F7500 X104.239 Y105.04
M205 X8 Y8
G1 F1500 X115.76 Y105.04 E24.31726
M205 X5 Y5
G0 F7500 X116.02 Y105.3
M205 X8 Y8
G1 F1500 X103.979 Y105.3 E24.64616
M205 X5 Y5
G0 F7500 X103.753 Y105.56
M205 X8 Y8
G1 F1500 X116.247 Y105.56 E24.98745
M205 X5 Y5
G0 F7500 X116.379 Y105.82
M205 X8 Y8
G1 F1500 X103.621 Y105.82 E25.33594
M205 X5 Y5
G0 F7500 X103.488 Y106.08
M205 X8 Y8
G1 F1500 X116.511 Y106.08 E25.69167
M205 X5 Y5
G0 F7500 X116.643 Y106.34
M205 X8 Y8
G1 F1500 X103.356 Y106.34 E26.05462
M205 X5 Y5
G0 F7500 X103.224 Y106.6
M205 X8 Y8
G1 F1500 X116.776 Y106.6 E26.4248
M205 X5 Y5
G0 F7500 X116.908 Y106.86
M205 X8 Y8
G1 F1500 X103.092 Y106.86 E26.80219
M205 X5 Y5
G0 F7500 X102.959 Y107.12
M205 X8 Y8
G1 F1500 X117.04 Y107.12 E27.18683
M205 X5 Y5
G0 F7500 X117.172 Y107.38
M205 X8 Y8
G1 F1500 X102.827 Y107.38 E27.57867
M205 X5 Y5
G0 F7500 X102.699 Y107.64
M205 X8 Y8
G1 F1500 X117.3 Y107.64 E27.97751
M205 X5 Y5
G0 F7500 X117.342 Y107.9
M205 X8 Y8
G1 F1500 X102.658 Y107.9 E28.37861
M205 X5 Y5
G0 F7500 X102.617 Y108.16
M205 X8 Y8
G1 F1500 X117.383 Y108.16 E28.78195
M205 X5 Y5
G0 F7500 X117.424 Y108.42
M205 X8 Y8
G1 F1500 X102.576 Y108.42 E29.18754
M205 X5 Y5
G0 F7500 X102.535 Y108.68
M205 X8 Y8
G1 F1500 X117.465 Y108.68 E29.59536
M205 X5 Y5
G0 F7500 X117.507 Y108.94
M205 X8 Y8
G1 F1500 X102.494 Y108.94 E30.00545
M205 X5 Y5
G0 F7500 X102.453 Y109.2
M205 X8 Y8
G1 F1500 X117.548 Y109.2 E30.41778
M205 X5 Y5
G0 F7500 X117.589 Y109.46
M205 X8 Y8
G1 F1500 X102.412 Y109.46 E30.83235
M205 X5 Y5
G0 F7500 X102.371 Y109.72
M205 X8 Y8
G1 F1500 X117.631 Y109.72 E31.24919
M205 X5 Y5
G0 F7500 X117.672 Y109.98
M205 X8 Y8
G1 F1500 X102.33 Y109.98 E31.66827
M205 X5 Y5
G0 F7500 X102.363 Y110.24
M205 X8 Y8
G1 F1500 X117.637 Y110.24 E32.08549
M205 X5 Y5
G0 F7500 X117.595 Y110.5
M205 X8 Y8
G1 F1500 X102.404 Y110.5 E32.50044
M205 X5 Y5
G0 F7500 X102.445 Y110.76
M205 X8 Y8
G1 F1500 X117.554 Y110.76 E32.91316
M205 X5 Y5
G0 F7500 X117.512 Y111.02
M205 X8 Y8
G1 F1500 X102.487 Y111.02 E33.32357
M205 X5 Y5
G0 F7500 X102.528 Y111.28
M205 X8 Y8
G1 F1500 X117.471 Y111.28 E33.73175
M205 X5 Y5
G0 F7500 X117.43 Y111.54
M205 X8 Y8
G1 F1500 X102.569 Y111.54 E34.13769
M205 X5 Y5
G0 F7500 X102.61 Y111.8
M205 X8 Y8
G1 F1500 X117.388 Y111.8 E34.54136
M205 X5 Y5
G0 F7500 X117.347 Y112.06
M205 X8 Y8
G1 F1500 X102.651 Y112.06 E34.9428
M205 X5 Y5
G0 F7500 X102.692 Y112.32
M205 X8 Y8
G1 F1500 X117.306 Y112.32 E35.34199
M205 X5 Y5
G0 F7500 X117.191 Y112.58
M205 X8 Y8
G1 F1500 X102.806 Y112.58 E35.73492
M205 X5 Y5
G0 F7500 X102.938 Y112.84
M205 X8 Y8
G1 F1500 X117.059 Y112.84 E36.12065
M205 X5 Y5
G0 F7500 X116.927 Y113.1
M205 X8 Y8
G1 F1500 X103.07 Y113.1 E36.49916
M205 X5 Y5
G0 F7500 X103.203 Y113.36
M205 X8 Y8
G1 F1500 X116.795 Y113.36 E36.87044
M205 X5 Y5
G0 F7500 X116.663 Y113.62
M205 X8 Y8
G1 F1500 X103.335 Y113.62 E37.2345
M205 X5 Y5
G0 F7500 X103.467 Y113.88
M205 X8 Y8
G1 F1500 X116.531 Y113.88 E37.59136
M205 X5 Y5
G0 F7500 X116.399 Y114.14
M205 X8 Y8
G1 F1500 X103.599 Y114.14 E37.941
M205 X5 Y5
G0 F7500 X103.732 Y114.4
M205 X8 Y8
G1 F1500 X116.266 Y114.4 E38.28337
M205 X5 Y5
G0 F7500 X116.06 Y114.66
M205 X8 Y8
G1 F1500 X103.938 Y114.66 E38.61449
M205 X5 Y5
G0 F7500 X104.198 Y114.92
M205 X8 Y8
G1 F1500 X115.8 Y114.92 E38.93141
M205 X5 Y5
G0 F7500 X115.54 Y115.18
M205 X8 Y8
G1 F1500 X104.458 Y115.18 E39.23412
M205 X5 Y5
G0 F7500 X104.718 Y115.44
M205 X8 Y8
G1 F1500 X115.28 Y115.44 E39.52263
M205 X5 Y5
G0 F7500 X115.02 Y115.7
M205 X8 Y8
G1 F1500 X104.978 Y115.7 E39.79694
M205 X5 Y5
G0 F7500 X105.238 Y115.96
M205 X8 Y8
G1 F1500 X114.76 Y115.96 E40.05704
M205 X5 Y5
G0 F7500 X114.489 Y116.22
M205 X8 Y8
G1 F1500 X105.507 Y116.22 E40.30239
M205 X5 Y5
G0 F7500 X106.018 Y116.48
M205 X8 Y8
G1 F1500 X113.978 Y116.48 E40.51982
M205 X5 Y5
G0 F7500 X113.468 Y116.74
M205 X8 Y8
G1 F1500 X106.529 Y116.74 E40.70936
M205 X5 Y5
G0 F7500 X107.039 Y117
M205 X8 Y8
G1 F1500 X112.958 Y117 E40.87104
M205 X5 Y5
G0 F7500 X112.447 Y117.26
M205 X8 Y8
G1 F1500 X107.55 Y117.26 E41.00481
M205 X5 Y5
G0 F7500 X107.438 Y117.48
G0 X108.983 Y117.762
G0 X109.021 Y117.52
M205 X8 Y8
G1 F1500 X110.977 Y117.52 E41.05824
M205 X5 Y5
G1 F1800 E39.05824
;MESH:Filler.stl(1)
G0 F7500 X111.014 Y117.765
G0 X110.441 Y117.821
G0 X107.418 Y117.933
G0 X107.245 Y119.035
G0 X107.321 Y121.385
G0 X107.827 Y122.377
G0 X106.369 Y124.505
G0 X105.254 Y126.695
G0 X104.809 Y129.125
G1 F900 E41.05824
G0 F7500 X104.655 Y129.125
M205 X8 Y8
;TYPE:WALL-INNER
G1 F1500 X105.051 Y131.622 E41.19105
G1 X106.196 Y133.872 E41.32366
G1 X107.984 Y135.66 E41.45649
G1 X110.236 Y136.807 E41.58925
G1 X112.732 Y137.202 E41.722
G1 X115.23 Y136.807 E41.85485
G1 X117.482 Y135.66 E41.98761
G1 X119.27 Y133.872 E42.12043
G1 X120.415 Y131.622 E42.25305
G1 X120.811 Y129.126 E42.38581
G1 X120.415 Y126.629 E42.51861
G1 X119.27 Y124.379 E42.65123
G1 X117.482 Y122.591 E42.78406
G1 X115.228 Y121.445 E42.91689
G1 X112.732 Y121.049 E43.04964
G1 X110.236 Y121.445 E43.1824
G1 X107.984 Y122.591 E43.31513
G1 X106.196 Y124.379 E43.44796
G1 X105.051 Y126.629 E43.58058
G1 X104.655 Y129.125 E43.71333
M205 X5 Y5
G0 F7500 X104.372 Y129.125
M205 X8 Y8
;TYPE:WALL-OUTER
G1 F1500 X104.782 Y131.71 E43.83982
G1 X105.967 Y134.039 E43.96611
G1 X107.817 Y135.889 E44.09255
G1 X110.149 Y137.076 E44.21901
G1 X112.732 Y137.486 E44.3454
G1 X115.317 Y137.076 E44.47189
G1 X117.649 Y135.889 E44.59835
G1 X119.499 Y134.039 E44.72479
G1 X120.684 Y131.71 E44.85108
G1 X121.094 Y129.126 E44.97752
G1 X120.684 Y126.541 E45.10401
G1 X119.499 Y124.212 E45.2303
G1 X117.649 Y122.362 E45.35674
G1 X115.316 Y121.175 E45.48324
G1 X112.732 Y120.765 E45.60968
G1 X110.149 Y121.175 E45.73607
G1 X107.817 Y122.362 E45.86253
G1 X105.967 Y124.212 E45.98897
G1 X104.782 Y126.541 E46.11526
G1 X104.372 Y129.125 E46.2417
M205 X5 Y5
G0 F7500 X104.403 Y129.322
G0 X104.926 Y129.124
M205 X8 Y8
;TYPE:SKIN
G1 F1500 X105.309 Y131.538 E46.30847
G1 X106.413 Y133.71 E46.37502
G1 X108.144 Y135.441 E46.44189
G1 X110.32 Y136.549 E46.50859
G1 X112.731 Y136.932 E46.57528
G1 X115.146 Y136.549 E46.64207
G1 X117.322 Y135.441 E46.70877
G1 X119.053 Y133.71 E46.77564
G1 X120.157 Y131.54 E46.84214
G1 X120.54 Y129.125 E46.90893
G1 X120.157 Y126.712 E46.97567
G1 X119.053 Y124.541 E47.0422
G1 X117.322 Y122.81 E47.10907
G1 X115.144 Y121.703 E47.17581
G1 X112.731 Y121.319 E47.24255
G1 X110.32 Y121.703 E47.30924
G1 X108.144 Y122.81 E47.37593
G1 X106.413 Y124.541 E47.4428
G1 X105.309 Y126.712 E47.50933
G1 X104.926 Y129.124 E47.57604
M205 X5 Y5
G0 F7500 X104.812 Y129.106
G0 X105.254 Y126.695
G0 X106.369 Y124.505
G0 X108.11 Y122.764
G0 X110.302 Y121.648
G0 X111.253 Y121.436
G0 X111.291 Y121.68
M205 X8 Y8
G1 F1500 X114.171 Y121.68 E47.65471
M205 X5 Y5
G0 F7500 X114.21 Y121.437
G0 X115.436 Y121.72
G0 X115.323 Y121.94
M205 X8 Y8
G1 F1500 X110.14 Y121.94 E47.79628
M205 X5 Y5
G0 F7500 X109.629 Y122.2
M205 X8 Y8
G1 F1500 X115.834 Y122.2 E47.96578
M205 X5 Y5
G0 F7500 X116.346 Y122.46
M205 X8 Y8
G1 F1500 X109.119 Y122.46 E48.16319
M205 X5 Y5
G0 F7500 X108.608 Y122.72
M205 X8 Y8
G1 F1500 X116.857 Y122.72 E48.38852
M205 X5 Y5
G0 F7500 X117.308 Y122.98
M205 X8 Y8
G1 F1500 X108.157 Y122.98 E48.63848
M205 X5 Y5
G0 F7500 X107.897 Y123.24
M205 X8 Y8
G1 F1500 X117.568 Y123.24 E48.90265
M205 X5 Y5
G0 F7500 X117.828 Y123.5
M205 X8 Y8
G1 F1500 X107.637 Y123.5 E49.18103
M205 X5 Y5
G0 F7500 X107.377 Y123.76
M205 X8 Y8
G1 F1500 X118.088 Y123.76 E49.47361
M205 X5 Y5
G0 F7500 X118.348 Y124.02
M205 X8 Y8
G1 F1500 X107.117 Y124.02 E49.78039
M205 X5 Y5
G0 F7500 X106.857 Y124.28
M205 X8 Y8
G1 F1500 X118.608 Y124.28 E50.10137
M205 X5 Y5
G0 F7500 X118.868 Y124.54
M205 X8 Y8
G1 F1500 X106.597 Y124.54 E50.43657
M205 X5 Y5
G0 F7500 X106.427 Y124.8
M205 X8 Y8
G1 F1500 X119.039 Y124.8 E50.78107
M205 X5 Y5
G0 F7500 X119.171 Y125.06
M205 X8 Y8
G1 F1500 X106.295 Y125.06 E51.13279
M205 X5 Y5
G0 F7500 X106.162 Y125.32
M205 X8 Y8
G1 F1500 X119.303 Y125.32 E51.49174
M205 X5 Y5
G0 F7500 X119.435 Y125.58
M205 X8 Y8
G1 F1500 X106.03 Y125.58 E51.85791
M205 X5 Y5
G0 F7500 X105.898 Y125.84
M205 X8 Y8
G1 F1500 X119.568 Y125.84 E52.23132
M205 X5 Y5
G0 F7500 X119.7 Y126.1
M205 X8 Y8
G1 F1500 X105.766 Y126.1 E52.61194
M205 X5 Y5
G0 F7500 X105.633 Y126.36
M205 X8 Y8
G1 F1500 X119.832 Y126.36 E52.99979
M205 X5 Y5
G0 F7500 X119.964 Y126.62
M205 X8 Y8
G1 F1500 X105.501 Y126.62 E53.39486
M205 X5 Y5
G0 F7500 X105.413 Y126.88
M205 X8 Y8
G1 F1500 X120.052 Y126.88 E53.79473
M205 X5 Y5
G0 F7500 X120.093 Y127.14
M205 X8 Y8
G1 F1500 X105.372 Y127.14 E54.19685
M205 X5 Y5
G0 F7500 X105.331 Y127.4
M205 X8 Y8
G1 F1500 X120.134 Y127.4 E54.6012
M205 X5 Y5
G0 F7500 X120.175 Y127.66
M205 X8 Y8
G1 F1500 X105.29 Y127.66 E55.0078
M205 X5 Y5
G0 F7500 X105.248 Y127.92
M205 X8 Y8
G1 F1500 X120.217 Y127.92 E55.41669
M205 X5 Y5
G0 F7500 X120.258 Y128.18
M205 X8 Y8
G1 F1500 X105.207 Y128.18 E55.82781
M205 X5 Y5
G0 F7500 X105.166 Y128.44
M205 X8 Y8
G1 F1500 X120.299 Y128.44 E56.24118
M205 X5 Y5
G0 F7500 X120.34 Y128.7
M205 X8 Y8
G1 F1500 X105.125 Y128.7 E56.65679
M205 X5 Y5
G0 F7500 X105.084 Y128.96
M205 X8 Y8
G1 F1500 X120.382 Y128.96 E57.07467
M205 X5 Y5
G0 F7500 X120.391 Y129.22
M205 X8 Y8
G1 F1500 X105.072 Y129.22 E57.49312
M205 X5 Y5
G0 F7500 X105.113 Y129.48
M205 X8 Y8
G1 F1500 X120.35 Y129.48 E57.90933
M205 X5 Y5
G0 F7500 X120.309 Y129.74
M205 X8 Y8
G1 F1500 X105.154 Y129.74 E58.3233
M205 X5 Y5
G0 F7500 X105.195 Y130
M205 X8 Y8
G1 F1500 X120.268 Y130 E58.73503
M205 X5 Y5
G0 F7500 X120.227 Y130.26
M205 X8 Y8
G1 F1500 X105.236 Y130.26 E59.14452
M205 X5 Y5
G0 F7500 X105.278 Y130.52
M205 X8 Y8
G1 F1500 X120.185 Y130.52 E59.55171
M205 X5 Y5
G0 F7500 X120.144 Y130.78
M205 X8 Y8
G1 F1500 X105.319 Y130.78 E59.95667
M205 X5 Y5
G0 F7500 X105.36 Y131.04
M205 X8 Y8
G1 F1500 X120.103 Y131.04 E60.35938
M205 X5 Y5
G0 F7500 X120.062 Y131.3
M205 X8 Y8
G1 F1500 X105.401 Y131.3 E60.75986
M205 X5 Y5
G0 F7500 X105.465 Y131.56
M205 X8 Y8
G1 F1500 X119.999 Y131.56 E61.15687
M205 X5 Y5
G0 F7500 X119.867 Y131.82
M205 X8 Y8
G1 F1500 X105.597 Y131.82 E61.54666
M205 X5 Y5
G0 F7500 X105.729 Y132.08
M205 X8 Y8
G1 F1500 X119.735 Y132.08 E61.92924
M205 X5 Y5
G0 F7500 X119.603 Y132.34
M205 X8 Y8
G1 F1500 X105.861 Y132.34 E62.30462
M205 X5 Y5
G0 F7500 X105.993 Y132.6
M205 X8 Y8
G1 F1500 X119.47 Y132.6 E62.67275
M205 X5 Y5
G0 F7500 X119.338 Y132.86
M205 X8 Y8
G1 F1500 X106.125 Y132.86 E63.03367
M205 X5 Y5
G0 F7500 X106.258 Y133.12
M205 X8 Y8
G1 F1500 X119.206 Y133.12 E63.38736
M205 X5 Y5
G0 F7500 X119.073 Y133.38
M205 X8 Y8
G1 F1500 X106.39 Y133.38 E63.7338
M205 X5 Y5
G0 F7500 X106.526 Y133.64
M205 X8 Y8
G1 F1500 X118.937 Y133.64 E64.07282
M205 X5 Y5
G0 F7500 X118.677 Y133.9
M205 X8 Y8
G1 F1500 X106.786 Y133.9 E64.39763
M205 X5 Y5
G0 F7500 X107.046 Y134.16
M205 X8 Y8
G1 F1500 X118.417 Y134.16 E64.70824
M205 X5 Y5
G0 F7500 X118.157 Y134.42
M205 X8 Y8
G1 F1500 X107.306 Y134.42 E65.00464
M205 X5 Y5
G0 F7500 X107.566 Y134.68
M205 X8 Y8
G1 F1500 X117.897 Y134.68 E65.28684
M205 X5 Y5
G0 F7500 X117.637 Y134.94
M205 X8 Y8
G1 F1500 X107.826 Y134.94 E65.55483
M205 X5 Y5
G0 F7500 X108.086 Y135.2
M205 X8 Y8
G1 F1500 X117.377 Y135.2 E65.80862
M205 X5 Y5
G0 F7500 X116.995 Y135.46
M205 X8 Y8
G1 F1500 X108.467 Y135.46 E66.04157
M205 X5 Y5
G0 F7500 X108.977 Y135.72
M205 X8 Y8
G1 F1500 X116.485 Y135.72 E66.24666
M205 X5 Y5
G0 F7500 X115.975 Y135.98
M205 X8 Y8
G1 F1500 X109.488 Y135.98 E66.42385
M205 X5 Y5
G0 F7500 X109.998 Y136.24
M205 X8 Y8
G1 F1500 X115.465 Y136.24 E66.57319
M205 X5 Y5
G0 F7500 X114.624 Y136.5
M205 X8 Y8
G1 F1500 X110.839 Y136.5 E66.67658
M205 X5 Y5
G0 F7500 X110.801 Y136.743
G0 X112.438 Y137.002
G0 X112.477 Y136.76
M104 S210
M205 X8 Y8
G1 F1500 X112.982 Y136.76 E66.69037
M205 X5 Y5
G1 F1800 E64.69037
;MESH:NONMESH
G0 F600 X112.982 Y136.76 Z0.4
G0 F7500 X113.019 Y137.004
G0 X110.302 Y136.604
G0 X108.11 Y135.487
G0 X106.369 Y133.746
G0 X105.254 Y131.556
G0 X104.869 Y129.125
G0 X105.254 Y126.695
G0 X106.369 Y124.505
G0 X108.11 Y122.764
G0 X108.408 Y122.609
G0 X108.258 Y122.136
G0 X107.76 Y121.161
G0 X107.245 Y119.035
G0 X107.418 Y117.933
G0 X105.377 Y116.362
G0 X103.636 Y114.621
G0 X102.521 Y112.43
G0 X102.077 Y110.001
G1 F900 E66.69037
G0 F7500 X101.719 Y110.001
;TIME_ELAPSED:100.457139
;LAYER:1
M140 S50
M106 S85
M205 X14 Y14
;TYPE:WALL-INNER
;MESH:Filler.stl
G1 F2700 X101.923 Y111.282 E66.72111
G1 X102.125 Y112.558 E66.75173
G1 X103.298 Y114.864 E66.81304
G1 X105.133 Y116.699 E66.87454
G1 X107.441 Y117.875 E66.93592
G1 X109.999 Y118.28 E66.9973
G1 X112.557 Y117.875 E67.05867
G1 X114.865 Y116.699 E67.12006
G1 X116.7 Y114.864 E67.18155
G1 X117.873 Y112.558 E67.24286
G1 X118.28 Y110.001 E67.30422
G1 X117.873 Y107.443 E67.3656
G1 X116.7 Y105.136 E67.42694
G1 X114.865 Y103.302 E67.48842
G1 X112.557 Y102.126 E67.5498
G1 X109.999 Y101.72 E67.61118
G1 X107.441 Y102.126 E67.67256
G1 X105.133 Y103.302 E67.73394
G1 X103.298 Y105.136 E67.79543
G1 X102.125 Y107.442 E67.85674
G1 X101.719 Y110.001 E67.91814
M205 X12.5 Y12.5
G0 F8250 X101.436 Y110.001
M205 X14 Y14
;TYPE:WALL-OUTER
G1 F2250 X101.646 Y111.326 E67.94739
G1 X101.856 Y112.645 E67.9765
G1 X103.069 Y115.031 E68.03486
G1 X104.966 Y116.928 E68.09335
G1 X107.354 Y118.144 E68.15178
G1 X109.999 Y118.564 E68.21016
G1 X112.645 Y118.144 E68.26857
G1 X115.032 Y116.928 E68.32698
G1 X116.93 Y115.031 E68.38548
G1 X118.143 Y112.645 E68.44384
G1 X118.563 Y110.001 E68.50221
G1 X118.143 Y107.355 E68.56062
G1 X116.93 Y104.97 E68.61895
G1 X115.032 Y103.072 E68.67748
G1 X112.645 Y101.856 E68.73588
G1 X109.999 Y101.436 E68.79429
G1 X107.354 Y101.856 E68.85268
G1 X104.966 Y103.072 E68.9111
G1 X103.069 Y104.969 E68.96959
G1 X101.856 Y107.355 E69.02795
G1 X101.436 Y110.001 E69.08636
M205 X12.5 Y12.5
G0 F8250 X101.467 Y110.198
G0 X101.99 Y110
M205 X14 Y14
;TYPE:SKIN
G1 F2100 X102.383 Y112.475 E69.11724
G1 X103.515 Y114.702 E69.14803
G1 X105.293 Y116.48 E69.17901
G1 X107.525 Y117.617 E69.20988
G1 X109.999 Y118.01 E69.24075
G1 X112.472 Y117.617 E69.27161
G1 X114.705 Y116.48 E69.30248
G1 X116.483 Y114.702 E69.33347
G1 X117.615 Y112.473 E69.36428
G1 X118.009 Y110.002 E69.39511
G1 X117.615 Y107.527 E69.42599
G1 X116.483 Y105.298 E69.4568
G1 X114.705 Y103.521 E69.48778
G1 X112.472 Y102.384 E69.51866
G1 X109.998 Y101.991 E69.54953
G1 X107.525 Y102.384 E69.58038
G1 X105.293 Y103.521 E69.61125
G1 X103.515 Y105.298 E69.64223
G1 X102.383 Y107.525 E69.67301
G1 X101.99 Y110 E69.70389
M205 X12.5 Y12.5
G0 F8250 X101.876 Y109.982
G0 X102.328 Y107.509
G0 X103.471 Y105.262
G0 X105.259 Y103.475
G0 X107.507 Y102.329
G0 X109.999 Y101.934
G0 X112.49 Y102.329
G0 X114.739 Y103.475
G0 X116.527 Y105.262
G0 X117.67 Y107.509
G0 X118.024 Y109.354
G0 X117.78 Y109.392
M205 X14 Y14
G1 F2100 X117.78 Y110.612 E69.71893
M205 X12.5 Y12.5
G0 F8250 X118.022 Y110.651
G0 X117.763 Y112.283
G0 X117.52 Y112.244
M205 X14 Y14
G1 F2100 X117.52 Y107.757 E69.77422
M205 X12.5 Y12.5
G0 F8250 X117.26 Y107.116
M205 X14 Y14
G1 F2100 X117.26 Y112.885 E69.84531
M205 X12.5 Y12.5
G0 F8250 X117 Y113.397
M205 X14 Y14
G1 F2100 X117 Y106.604 E69.92902
M205 X12.5 Y12.5
G0 F8250 X116.74 Y106.092
M205 X14 Y14
G1 F2100 X116.74 Y113.909 E70.02535
M205 X12.5 Y12.5
G0 F8250 X116.48 Y114.421
M205 X14 Y14
G1 F2100 X116.48 Y105.58 E70.13429
M205 X12.5 Y12.5
G0 F8250 X116.22 Y105.22
M205 X14 Y14
G1 F2100 X116.22 Y114.782 E70.25213
M205 X12.5 Y12.5
G0 F8250 X115.96 Y115.042
M205 X14 Y14
G1 F2100 X115.96 Y104.96 E70.37637
M205 X12.5 Y12.5
G0 F8250 X115.7 Y104.7
M205 X14 Y14
G1 F2100 X115.7 Y115.302 E70.50701
M205 X12.5 Y12.5
G0 F8250 X115.44 Y115.562
M205 X14 Y14
G1 F2100 X115.44 Y104.44 E70.64407
M205 X12.5 Y12.5
G0 F8250 X115.18 Y104.18
M205 X14 Y14
G1 F2100 X115.18 Y115.822 E70.78753
M205 X12.5 Y12.5
G0 F8250 X114.92 Y116.082
M205 X14 Y14
G1 F2100 X114.92 Y103.92 E70.9374
M205 X12.5 Y12.5
G0 F8250 X114.66 Y103.66
M205 X14 Y14
G1 F2100 X114.66 Y116.342 E71.09368
M205 X12.5 Y12.5
G0 F8250 X114.4 Y116.491
M205 X14 Y14
G1 F2100 X114.4 Y103.512 E71.25362
M205 X12.5 Y12.5
G0 F8250 X114.14 Y103.38
M205 X14 Y14
G1 F2100 X114.14 Y116.623 E71.41681
M205 X12.5 Y12.5
G0 F8250 X113.88 Y116.755
M205 X14 Y14
G1 F2100 X113.88 Y103.248 E71.58326
M205 X12.5 Y12.5
G0 F8250 X113.62 Y103.115
M205 X14 Y14
G1 F2100 X113.62 Y116.887 E71.75297
M205 X12.5 Y12.5
G0 F8250 X113.36 Y117.02
M205 X14 Y14
G1 F2100 X113.36 Y102.983 E71.92594
M205 X12.5 Y12.5
G0 F8250 X113.1 Y102.85
M205 X14 Y14
G1 F2100 X113.1 Y117.152 E72.10218
M205 X12.5 Y12.5
G0 F8250 X112.84 Y117.284
M205 X14 Y14
G1 F2100 X112.84 Y102.718 E72.28168
M205 X12.5 Y12.5
G0 F8250 X112.58 Y102.585
M205 X14 Y14
G1 F2100 X112.58 Y117.417 E72.46445
M205 X12.5 Y12.5
G0 F8250 X112.32 Y117.51
M205 X14 Y14
G1 F2100 X112.32 Y102.492 E72.64952
M205 X12.5 Y12.5
G0 F8250 X112.06 Y102.451
M205 X14 Y14
G1 F2100 X112.06 Y117.551 E72.83559
M205 X12.5 Y12.5
G0 F8250 X111.8 Y117.593
M205 X14 Y14
G1 F2100 X111.8 Y102.409 E73.0227
M205 X12.5 Y12.5
G0 F8250 X111.54 Y102.368
M205 X14 Y14
G1 F2100 X111.54 Y117.634 E73.21082
M205 X12.5 Y12.5
G0 F8250 X111.28 Y117.675
M205 X14 Y14
G1 F2100 X111.28 Y102.327 E73.39996
M205 X12.5 Y12.5
G0 F8250 X111.02 Y102.286
M205 X14 Y14
G1 F2100 X111.02 Y117.716 E73.5901
M205 X12.5 Y12.5
G0 F8250 X110.76 Y117.758
M205 X14 Y14
G1 F2100 X110.76 Y102.244 E73.78128
M205 X12.5 Y12.5
G0 F8250 X110.5 Y102.203
M205 X14 Y14
G1 F2100 X110.5 Y117.799 E73.97346
M205 X12.5 Y12.5
G0 F8250 X110.24 Y117.84
M205 X14 Y14
G1 F2100 X110.24 Y102.162 E74.16666
M205 X12.5 Y12.5
G0 F8250 X109.98 Y102.125
M205 X14 Y14
G1 F2100 X109.98 Y117.874 E74.36073
M205 X12.5 Y12.5
G0 F8250 X109.72 Y117.833
M205 X14 Y14
G1 F2100 X109.72 Y102.167 E74.55378
M205 X12.5 Y12.5
G0 F8250 X109.46 Y102.208
M205 X14 Y14
G1 F2100 X109.46 Y117.792 E74.74582
M205 X12.5 Y12.5
G0 F8250 X109.2 Y117.751
M205 X14 Y14
G1 F2100 X109.2 Y102.249 E74.93685
M205 X12.5 Y12.5
G0 F8250 X108.94 Y102.29
M205 X14 Y14
G1 F2100 X108.94 Y117.709 E75.12686
M205 X12.5 Y12.5
G0 F8250 X108.68 Y117.668
M205 X14 Y14
G1 F2100 X108.68 Y102.332 E75.31584
M205 X12.5 Y12.5
G0 F8250 X108.42 Y102.373
M205 X14 Y14
G1 F2100 X108.42 Y117.627 E75.50382
M205 X12.5 Y12.5
G0 F8250 X108.16 Y117.586
M205 X14 Y14
G1 F2100 X108.16 Y102.414 E75.69078
M205 X12.5 Y12.5
G0 F8250 X107.9 Y102.455
M205 X14 Y14
G1 F2100 X107.9 Y117.544 E75.87672
M205 X12.5 Y12.5
G0 F8250 X107.64 Y117.503
M205 X14 Y14
G1 F2100 X107.64 Y102.497 E76.06164
M205 X12.5 Y12.5
G0 F8250 X107.38 Y102.603
M205 X14 Y14
G1 F2100 X107.38 Y117.397 E76.24394
M205 X12.5 Y12.5
G0 F8250 X107.12 Y117.264
M205 X14 Y14
G1 F2100 X107.12 Y102.736 E76.42297
M205 X12.5 Y12.5
G0 F8250 X106.86 Y102.868
M205 X14 Y14
G1 F2100 X106.86 Y117.132 E76.59874
M205 X12.5 Y12.5
G0 F8250 X106.6 Y117
M205 X14 Y14
G1 F2100 X106.6 Y103.001 E76.77125
M205 X12.5 Y12.5
G0 F8250 X106.34 Y103.133
M205 X14 Y14
G1 F2100 X106.34 Y116.867 E76.94049
M205 X12.5 Y12.5
G0 F8250 X106.08 Y116.735
M205 X14 Y14
G1 F2100 X106.08 Y103.266 E77.10647
M205 X12.5 Y12.5
G0 F8250 X105.82 Y103.398
M205 X14 Y14
G1 F2100 X105.82 Y116.603 E77.26919
M205 X12.5 Y12.5
G0 F8250 X105.56 Y116.47
M205 X14 Y14
G1 F2100 X105.56 Y103.531 E77.42864
M205 X12.5 Y12.5
G0 F8250 X105.3 Y103.697
M205 X14 Y14
G1 F2100 X105.3 Y116.303 E77.58398
M205 X12.5 Y12.5
G0 F8250 X105.04 Y116.043
M205 X14 Y14
G1 F2100 X105.04 Y103.957 E77.73292
M205 X12.5 Y12.5
G0 F8250 X104.78 Y104.217
M205 X14 Y14
G1 F2100 X104.78 Y115.783 E77.87544
M205 X12.5 Y12.5
G0 F8250 X104.52 Y115.523
M205 X14 Y14
G1 F2100 X104.52 Y104.477 E78.01156
M205 X12.5 Y12.5
G0 F8250 X104.26 Y104.737
M205 X14 Y14
G1 F2100 X104.26 Y115.263 E78.14127
M205 X12.5 Y12.5
G0 F8250 X104 Y115.003
M205 X14 Y14
G1 F2100 X104 Y104.997 E78.26457
M205 X12.5 Y12.5
G0 F8250 X103.74 Y105.257
M205 X14 Y14
G1 F2100 X103.74 Y114.743 E78.38147
M205 X12.5 Y12.5
G0 F8250 X103.48 Y114.345
M205 X14 Y14
G1 F2100 X103.48 Y105.654 E78.48857
M205 X12.5 Y12.5
G0 F8250 X103.22 Y106.165
M205 X14 Y14
G1 F2100 X103.22 Y113.834 E78.58307
M205 X12.5 Y12.5
G0 F8250 X102.96 Y113.322
M205 X14 Y14
G1 F2100 X102.96 Y106.677 E78.66496
M205 X12.5 Y12.5
G0 F8250 X102.7 Y107.188
M205 X14 Y14
G1 F2100 X102.7 Y112.811 E78.73425
M205 X12.5 Y12.5
G0 F8250 X102.44 Y112.005
M205 X14 Y14
G1 F2100 X102.44 Y107.994 E78.78367
M205 X12.5 Y12.5
G0 F8250 X102.197 Y107.956
G0 X101.937 Y109.595
G0 X102.18 Y109.634
M205 X14 Y14
G1 F2100 X102.18 Y110.365 E78.79268
M205 X12.5 Y12.5
G1 F1800 E76.79268
;MESH:Filler.stl(1)
G0 F8250 X101.936 Y110.402
G0 X102.252 Y112.094
G0 X103.086 Y115.023
G0 X102.299 Y115.811
G0 X105.032 Y123.315
G0 X105.82 Y124.102
G0 X105.137 Y126.38
G0 X104.606 Y129.126
G1 F900 E78.79268
G0 F8250 X104.452 Y129.126
M205 X14 Y14
;TYPE:WALL-INNER
G1 F2700 X104.858 Y131.683 E78.85404
G1 X106.032 Y133.99 E78.91538
G1 X107.867 Y135.825 E78.97688
G1 X110.175 Y137 E79.03825
G1 X112.732 Y137.405 E79.0996
G1 X115.29 Y137 E79.16098
G1 X117.599 Y135.825 E79.22237
G1 X119.434 Y133.99 E79.28387
G1 X120.608 Y131.683 E79.34521
G1 X121.013 Y129.126 E79.40656
G1 X120.608 Y126.568 E79.46794
G1 X119.434 Y124.261 E79.52928
G1 X117.599 Y122.427 E79.59076
G1 X115.29 Y121.252 E79.65216
G1 X112.732 Y120.845 E79.71354
G1 X110.175 Y121.252 E79.7749
G1 X107.867 Y122.427 E79.83627
G1 X106.032 Y124.261 E79.89775
G1 X104.858 Y126.568 E79.9591
G1 X104.452 Y129.126 E80.02047
M205 X12.5 Y12.5
G0 F8250 X104.169 Y129.126
M205 X14 Y14
;TYPE:WALL-OUTER
G1 F2250 X104.589 Y131.771 E80.07886
G1 X105.803 Y134.157 E80.13723
G1 X107.7 Y136.054 E80.19572
G1 X110.088 Y137.269 E80.25413
G1 X112.732 Y137.689 E80.3125
G1 X115.378 Y137.269 E80.37091
G1 X117.766 Y136.054 E80.42933
G1 X119.663 Y134.157 E80.48782
G1 X120.877 Y131.771 E80.54618
G1 X121.297 Y129.126 E80.60457
G1 X120.877 Y126.48 E80.66298
G1 X119.663 Y124.095 E80.72133
G1 X117.766 Y122.197 E80.77983
G1 X115.378 Y120.982 E80.83825
G1 X112.732 Y120.561 E80.89666
G1 X110.088 Y120.982 E80.95503
G1 X107.7 Y122.197 E81.01345
G1 X105.803 Y124.095 E81.07195
G1 X104.589 Y126.48 E81.1303
G1 X104.169 Y129.126 E81.18871
M205 X12.5 Y12.5
G0 F8250 X104.2 Y129.323
G0 X104.723 Y129.126
M205 X14 Y14
;TYPE:SKIN
G1 F2100 X104.919 Y130.363 E81.20414
G1 X105.116 Y131.601 E81.21959
G1 X106.249 Y133.828 E81.25038
G1 X108.027 Y135.606 E81.28136
G1 X110.259 Y136.742 E81.31223
G1 X112.731 Y137.135 E81.34307
G1 X115.206 Y136.742 E81.37395
G1 X117.439 Y135.606 E81.40483
G1 X119.217 Y133.828 E81.43581
G1 X120.35 Y131.599 E81.46662
G1 X120.743 Y129.126 E81.49748
G1 X120.35 Y126.652 E81.52835
G1 X119.217 Y124.423 E81.55916
G1 X117.439 Y122.646 E81.59014
G1 X115.206 Y121.51 E81.62101
G1 X112.733 Y121.115 E81.65187
G1 X110.259 Y121.51 E81.68275
G1 X108.027 Y122.646 E81.71361
G1 X106.249 Y124.423 E81.74459
G1 X105.116 Y126.652 E81.7754
G1 X104.723 Y129.126 E81.80627
M205 X12.5 Y12.5
G0 F8250 X104.609 Y129.108
G0 X105.061 Y131.617
G0 X106.205 Y133.864
G0 X107.993 Y135.652
G0 X110.241 Y136.797
G0 X112.732 Y137.192
G0 X115.224 Y136.797
G0 X117.473 Y135.652
G0 X119.261 Y133.864
G0 X120.405 Y131.617
G0 X120.623 Y130.62
G0 X120.38 Y130.582
M205 X14 Y14
G1 F2100 X120.38 Y127.67 E81.84215
M205 X12.5 Y12.5
G0 F8250 X120.625 Y127.632
G0 X120.342 Y126.375
G0 X120.12 Y126.487
M205 X14 Y14
G1 F2100 X120.12 Y131.765 E81.90719
M205 X12.5 Y12.5
G0 F8250 X119.86 Y132.276
M205 X14 Y14
G1 F2100 X119.86 Y125.976 E81.98483
M205 X12.5 Y12.5
G0 F8250 X119.6 Y125.464
M205 X14 Y14
G1 F2100 X119.6 Y132.788 E82.07508
M205 X12.5 Y12.5
G0 F8250 X119.34 Y133.299
M205 X14 Y14
G1 F2100 X119.34 Y124.953 E82.17792
M205 X12.5 Y12.5
G0 F8250 X119.08 Y124.471
M205 X14 Y14
G1 F2100 X119.08 Y133.781 E82.29265
M205 X12.5 Y12.5
G0 F8250 X118.82 Y134.041
M205 X14 Y14
G1 F2100 X118.82 Y124.211 E82.41378
M205 X12.5 Y12.5
G0 F8250 X118.56 Y123.951
M205 X14 Y14
G1 F2100 X118.56 Y134.301 E82.54133
M205 X12.5 Y12.5
G0 F8250 X118.3 Y134.561
M205 X14 Y14
G1 F2100 X118.3 Y123.691 E82.67528
M205 X12.5 Y12.5
G0 F8250 X118.04 Y123.431
M205 X14 Y14
G1 F2100 X118.04 Y134.821 E82.81563
M205 X12.5 Y12.5
G0 F8250 X117.78 Y135.081
M205 X14 Y14
G1 F2100 X117.78 Y123.171 E82.9624
M205 X12.5 Y12.5
G0 F8250 X117.52 Y122.911
M205 X14 Y14
G1 F2100 X117.52 Y135.341 E83.11557
M205 X12.5 Y12.5
G0 F8250 X117.26 Y135.551
M205 X14 Y14
G1 F2100 X117.26 Y122.702 E83.27391
M205 X12.5 Y12.5
G0 F8250 X117 Y122.569
M205 X14 Y14
G1 F2100 X117 Y135.684 E83.43552
M205 X12.5 Y12.5
G0 F8250 X116.74 Y135.816
M205 X14 Y14
G1 F2100 X116.74 Y122.437 E83.60039
M205 X12.5 Y12.5
G0 F8250 X116.48 Y122.305
M205 X14 Y14
G1 F2100 X116.48 Y135.948 E83.76851
M205 X12.5 Y12.5
G0 F8250 X116.22 Y136.081
M205 X14 Y14
G1 F2100 X116.22 Y122.172 E83.93991
M205 X12.5 Y12.5
G0 F8250 X115.96 Y122.04
M205 X14 Y14
G1 F2100 X115.96 Y136.213 E84.11456
M205 X12.5 Y12.5
G0 F8250 X115.7 Y136.345
M205 X14 Y14
G1 F2100 X115.7 Y121.908 E84.29247
M205 X12.5 Y12.5
G0 F8250 X115.44 Y121.775
M205 X14 Y14
G1 F2100 X115.44 Y136.478 E84.47365
M205 X12.5 Y12.5
G0 F8250 X115.18 Y136.61
M205 X14 Y14
G1 F2100 X115.18 Y121.643 E84.65809
M205 X12.5 Y12.5
G0 F8250 X114.92 Y121.596
M205 X14 Y14
G1 F2100 X114.92 Y136.656 E84.84367
M205 X12.5 Y12.5
G0 F8250 X114.66 Y136.698
M205 X14 Y14
G1 F2100 X114.66 Y121.555 E85.03028
M205 X12.5 Y12.5
G0 F8250 X114.4 Y121.513
M205 X14 Y14
G1 F2100 X114.4 Y136.739 E85.21791
M205 X12.5 Y12.5
G0 F8250 X114.14 Y136.78
M205 X14 Y14
G1 F2100 X114.14 Y121.472 E85.40654
M205 X12.5 Y12.5
G0 F8250 X113.88 Y121.43
M205 X14 Y14
G1 F2100 X113.88 Y136.821 E85.59621
M205 X12.5 Y12.5
G0 F8250 X113.62 Y136.863
M205 X14 Y14
G1 F2100 X113.62 Y121.389 E85.78689
M205 X12.5 Y12.5
G0 F8250 X113.36 Y121.348
M205 X14 Y14
G1 F2100 X113.36 Y136.904 E85.97858
M205 X12.5 Y12.5
G0 F8250 X113.1 Y136.945
M205 X14 Y14
G1 F2100 X113.1 Y121.306 E86.1713
M205 X12.5 Y12.5
G0 F8250 X112.84 Y121.265
M205 X14 Y14
G1 F2100 X112.84 Y136.986 E86.36503
M205 X12.5 Y12.5
G0 F8250 X112.58 Y136.979
M205 X14 Y14
G1 F2100 X112.58 Y121.271 E86.5586
M205 X12.5 Y12.5
G0 F8250 X112.32 Y121.312
M205 X14 Y14
G1 F2100 X112.32 Y136.937 E86.75114
M205 X12.5 Y12.5
G0 F8250 X112.06 Y136.896
M205 X14 Y14
G1 F2100 X112.06 Y121.354 E86.94266
M205 X12.5 Y12.5
G0 F8250 X111.8 Y121.395
M205 X14 Y14
G1 F2100 X111.8 Y136.855 E87.13318
M205 X12.5 Y12.5
G0 F8250 X111.54 Y136.813
M205 X14 Y14
G1 F2100 X111.54 Y121.437 E87.32265
M205 X12.5 Y12.5
G0 F8250 X111.28 Y121.478
M205 X14 Y14
G1 F2100 X111.28 Y136.772 E87.51112
M205 X12.5 Y12.5
G0 F8250 X111.02 Y136.731
M205 X14 Y14
G1 F2100 X111.02 Y121.52 E87.69856
M205 X12.5 Y12.5
G0 F8250 X110.76 Y121.561
M205 X14 Y14
G1 F2100 X110.76 Y136.69 E87.885
M205 X12.5 Y12.5
G0 F8250 X110.5 Y136.648
M205 X14 Y14
G1 F2100 X110.5 Y121.603 E88.07039
M205 X12.5 Y12.5
G0 F8250 X110.24 Y121.665
M205 X14 Y14
G1 F2100 X110.24 Y136.586 E88.25426
M205 X12.5 Y12.5
G0 F8250 X109.98 Y136.454
M205 X14 Y14
G1 F2100 X109.98 Y121.797 E88.43488
M205 X12.5 Y12.5
G0 F8250 X109.72 Y121.93
M205 X14 Y14
G1 F2100 X109.72 Y136.321 E88.61222
M205 X12.5 Y12.5
G0 F8250 X109.46 Y136.189
M205 X14 Y14
G1 F2100 X109.46 Y122.062 E88.7863
M205 X12.5 Y12.5
G0 F8250 X109.2 Y122.195
M205 X14 Y14
G1 F2100 X109.2 Y136.056 E88.95711
M205 X12.5 Y12.5
G0 F8250 X108.94 Y135.924
M205 X14 Y14
G1 F2100 X108.94 Y122.327 E89.12466
M205 X12.5 Y12.5
G0 F8250 X108.68 Y122.459
M205 X14 Y14
G1 F2100 X108.68 Y135.792 E89.28897
M205 X12.5 Y12.5
G0 F8250 X108.42 Y135.659
M205 X14 Y14
G1 F2100 X108.42 Y122.592 E89.44999
M205 X12.5 Y12.5
G0 F8250 X108.16 Y122.724
M205 X14 Y14
G1 F2100 X108.16 Y135.527 E89.60776
M205 X12.5 Y12.5
G0 F8250 X107.9 Y135.295
M205 X14 Y14
G1 F2100 X107.9 Y122.956 E89.75981
M205 X12.5 Y12.5
G0 F8250 X107.64 Y123.216
M205 X14 Y14
G1 F2100 X107.64 Y135.035 E89.90545
M205 X12.5 Y12.5
G0 F8250 X107.38 Y134.775
M205 X14 Y14
G1 F2100 X107.38 Y123.476 E90.04469
M205 X12.5 Y12.5
G0 F8250 X107.12 Y123.736
M205 X14 Y14
G1 F2100 X107.12 Y134.515 E90.17752
M205 X12.5 Y12.5
G0 F8250 X106.86 Y134.255
M205 X14 Y14
G1 F2100 X106.86 Y123.996 E90.30394
M205 X12.5 Y12.5
G0 F8250 X106.6 Y124.256
M205 X14 Y14
G1 F2100 X106.6 Y133.995 E90.42395
M205 X12.5 Y12.5
G0 F8250 X106.34 Y133.719
M205 X14 Y14
G1 F2100 X106.34 Y124.531 E90.53717
M205 X12.5 Y12.5
G0 F8250 X106.08 Y125.042
M205 X14 Y14
G1 F2100 X106.08 Y133.208 E90.6378
M205 X12.5 Y12.5
G0 F8250 X105.82 Y132.697
M205 X14 Y14
G1 F2100 X105.82 Y125.554 E90.72583
M205 X12.5 Y12.5
G0 F8250 X105.56 Y126.065
M205 X14 Y14
G1 F2100 X105.56 Y132.186 E90.80125
M205 X12.5 Y12.5
G0 F8250 X105.3 Y131.675
M205 X14 Y14
G1 F2100 X105.3 Y126.576 E90.86409
M205 X12.5 Y12.5
G0 F8250 X105.08 Y126.464
G0 X104.797 Y127.92
G0 X105.04 Y127.959
M205 X14 Y14
G1 F2100 X105.04 Y130.292 E90.89284
M205 X12.5 Y12.5
G1 F1800 E88.89284
;MESH:NONMESH
G0 F600 X105.04 Y130.292 Z0.52
G0 F8250 X104.796 Y130.329
G0 X104.666 Y129.126
G0 X105.021 Y126.884
G0 X105.82 Y124.102
G0 X105.032 Y123.315
G0 X104.471 Y117.906
G0 X104.976 Y116.913
G0 X103.471 Y114.738
G0 X102.328 Y112.491
G0 X101.873 Y110.001
G1 F900 E90.89284
G0 F8250 X101.719 Y110.001
;TIME_ELAPSED:163.612666
;LAYER:2
M106 S170
M205 X20 Y20
;TYPE:WALL-INNER
;MESH:Filler.stl
G1 F3900 X102.125 Y112.558 E90.95419
G1 X103.298 Y114.864 E91.0155
G1 X105.133 Y116.699 E91.077
G1 X107.441 Y117.875 E91.13839
G1 X109.999 Y118.28 E91.19976
G1 X112.557 Y117.875 E91.26113
G1 X114.865 Y116.699 E91.32252
G1 X116.7 Y114.864 E91.38402
G1 X117.873 Y112.558 E91.44533
G1 X118.28 Y110.001 E91.50669
G1 X117.873 Y107.443 E91.56807
G1 X116.7 Y105.136 E91.6294
G1 X114.865 Y103.302 E91.69088
G1 X112.557 Y102.126 E91.75227
G1 X109.999 Y101.72 E91.81365
G1 X107.441 Y102.126 E91.87502
G1 X105.133 Y103.302 E91.93641
G1 X103.298 Y105.136 E91.99789
G1 X102.125 Y107.442 E92.0592
G1 X101.719 Y110.001 E92.1206
G0 F9000 X101.436 Y110.001
;TYPE:WALL-OUTER
G1 F3000 X101.856 Y112.645 E92.17897
G1 X103.069 Y115.031 E92.23733
G1 X104.966 Y116.928 E92.29581
G1 X107.354 Y118.144 E92.35424
G1 X109.999 Y118.564 E92.41263
G1 X112.645 Y118.144 E92.47104
G1 X115.032 Y116.928 E92.52944
G1 X116.93 Y115.031 E92.58795
G1 X118.143 Y112.645 E92.6463
G1 X118.563 Y110.001 E92.70467
G1 X118.143 Y107.355 E92.76308
G1 X116.93 Y104.97 E92.82142
G1 X115.032 Y103.072 E92.87994
G1 X112.645 Y101.856 E92.93834
G1 X109.999 Y101.436 E92.99675
G1 X107.354 Y101.856 E93.05514
G1 X104.966 Y103.072 E93.11357
G1 X103.069 Y104.969 E93.17206
G1 X101.856 Y107.355 E93.23041
G1 X101.436 Y110.001 E93.28882
G0 F9000 X101.467 Y110.198
G0 X101.99 Y110
;TYPE:SKIN
G1 F2700 X102.383 Y112.475 E93.31971
G1 X103.515 Y114.702 E93.35049
G1 X105.293 Y116.48 E93.38148
G1 X107.525 Y117.617 E93.41234
G1 X109.999 Y118.01 E93.44321
G1 X112.472 Y117.617 E93.47407
G1 X114.705 Y116.48 E93.50495
G1 X116.483 Y114.702 E93.53593
G1 X117.615 Y112.473 E93.56674
G1 X118.009 Y110.002 E93.59758
G1 X117.615 Y107.527 E93.62846
G1 X116.483 Y105.298 E93.65927
G1 X114.705 Y103.521 E93.69024
G1 X112.472 Y102.384 E93.72112
G1 X109.998 Y101.991 E93.75199
G1 X107.525 Y102.384 E93.78285
G1 X105.293 Y103.521 E93.81371
G1 X103.515 Y105.298 E93.84469
G1 X102.383 Y107.525 E93.87548
G1 X101.99 Y110 E93.90636
G0 F9000 X101.876 Y109.982
G0 X102.328 Y107.509
G0 X103.471 Y105.262
G0 X105.259 Y103.475
G0 X107.507 Y102.329
G0 X109.602 Y101.936
G0 X109.639 Y102.18
G1 F2700 X110.358 Y102.18 E93.91522
G0 F9000 X110.397 Y101.937
G0 X112.036 Y102.197
G0 X111.997 Y102.44
G1 F2700 X108.001 Y102.44 E93.96446
G0 F9000 X107.192 Y102.7
G1 F2700 X112.807 Y102.7 E94.03365
G0 F9000 X113.317 Y102.96
G1 F2700 X106.681 Y102.96 E94.11543
G0 F9000 X106.171 Y103.22
G1 F2700 X113.827 Y103.22 E94.20977
G0 F9000 X114.338 Y103.48
G1 F2700 X105.661 Y103.48 E94.3167
G0 F9000 X105.258 Y103.74
G1 F2700 X114.741 Y103.74 E94.43355
G0 F9000 X115.001 Y104
G1 F2700 X104.998 Y104 E94.55682
G0 F9000 X104.738 Y104.26
G1 F2700 X115.261 Y104.26 E94.68649
G0 F9000 X115.521 Y104.52
G1 F2700 X104.478 Y104.52 E94.82258
G0 F9000 X104.218 Y104.78
G1 F2700 X115.781 Y104.78 E94.96507
G0 F9000 X116.041 Y105.04
G1 F2700 X103.958 Y105.04 E95.11396
G0 F9000 X103.698 Y105.3
G1 F2700 X116.301 Y105.3 E95.26927
G0 F9000 X116.47 Y105.56
G1 F2700 X103.528 Y105.56 E95.42875
G0 F9000 X103.396 Y105.82
G1 F2700 X116.603 Y105.82 E95.5915
G0 F9000 X116.735 Y106.08
G1 F2700 X103.264 Y106.08 E95.7575
G0 F9000 X103.132 Y106.34
G1 F2700 X116.867 Y106.34 E95.92676
G0 F9000 X116.999 Y106.6
G1 F2700 X103 Y106.6 E96.09926
G0 F9000 X102.867 Y106.86
G1 F2700 X117.131 Y106.86 E96.27504
G0 F9000 X117.263 Y107.12
G1 F2700 X102.735 Y107.12 E96.45406
G0 F9000 X102.603 Y107.38
G1 F2700 X117.395 Y107.38 E96.63634
G0 F9000 X117.502 Y107.64
G1 F2700 X102.497 Y107.64 E96.82125
G0 F9000 X102.456 Y107.9
G1 F2700 X117.543 Y107.9 E97.00716
G0 F9000 X117.585 Y108.16
G1 F2700 X102.414 Y108.16 E97.19411
G0 F9000 X102.373 Y108.42
G1 F2700 X117.626 Y108.42 E97.38207
G0 F9000 X117.667 Y108.68
G1 F2700 X102.332 Y108.68 E97.57105
G0 F9000 X102.291 Y108.94
G1 F2700 X117.709 Y108.94 E97.76104
G0 F9000 X117.75 Y109.2
G1 F2700 X102.249 Y109.2 E97.95206
G0 F9000 X102.208 Y109.46
G1 F2700 X117.791 Y109.46 E98.14408
G0 F9000 X117.833 Y109.72
G1 F2700 X102.167 Y109.72 E98.33714
G0 F9000 X102.126 Y109.98
G1 F2700 X117.874 Y109.98 E98.5312
G0 F9000 X117.839 Y110.24
G1 F2700 X102.16 Y110.24 E98.72441
G0 F9000 X102.201 Y110.5
G1 F2700 X117.797 Y110.5 E98.91659
G0 F9000 X117.756 Y110.76
G1 F2700 X102.242 Y110.76 E99.10777
G0 F9000 X102.283 Y111.02
G1 F2700 X117.714 Y111.02 E99.29793
G0 F9000 X117.673 Y111.28
G1 F2700 X102.324 Y111.28 E99.48707
G0 F9000 X102.366 Y111.54
G1 F2700 X117.632 Y111.54 E99.67519
G0 F9000 X117.59 Y111.8
G1 F2700 X102.407 Y111.8 E99.86229
G0 F9000 X102.448 Y112.06
G1 F2700 X117.549 Y112.06 E100.04838
G0 F9000 X117.507 Y112.32
G1 F2700 X102.489 Y112.32 E100.23344
G0 F9000 X102.582 Y112.58
G1 F2700 X117.414 Y112.58 E100.41621
G0 F9000 X117.282 Y112.84
G1 F2700 X102.714 Y112.84 E100.59573
G0 F9000 X102.846 Y113.1
G1 F2700 X117.15 Y113.1 E100.772
G0 F9000 X117.018 Y113.36
G1 F2700 X102.978 Y113.36 E100.94501
G0 F9000 X103.111 Y113.62
G1 F2700 X116.886 Y113.62 E101.11476
G0 F9000 X116.754 Y113.88
G1 F2700 X103.243 Y113.88 E101.28126
G0 F9000 X103.375 Y114.14
G1 F2700 X116.622 Y114.14 E101.4445
G0 F9000 X116.49 Y114.4
G1 F2700 X103.507 Y114.4 E101.60449
G0 F9000 X103.656 Y114.66
G1 F2700 X116.341 Y114.66 E101.7608
G0 F9000 X116.081 Y114.92
G1 F2700 X103.916 Y114.92 E101.91071
G0 F9000 X104.176 Y115.18
G1 F2700 X115.821 Y115.18 E102.05421
G0 F9000 X115.561 Y115.44
G1 F2700 X104.436 Y115.44 E102.1913
G0 F9000 X104.696 Y115.7
G1 F2700 X115.301 Y115.7 E102.32198
G0 F9000 X115.041 Y115.96
G1 F2700 X104.956 Y115.96 E102.44626
G0 F9000 X105.216 Y116.22
G1 F2700 X114.781 Y116.22 E102.56413
G0 F9000 X114.419 Y116.48
G1 F2700 X105.578 Y116.48 E102.67308
G0 F9000 X106.088 Y116.74
G1 F2700 X113.908 Y116.74 E102.76944
G0 F9000 X113.397 Y117
G1 F2700 X106.599 Y117 E102.85321
G0 F9000 X107.11 Y117.26
G1 F2700 X112.886 Y117.26 E102.92439
G0 F9000 X112.254 Y117.52
G1 F2700 X107.742 Y117.52 E102.97999
G0 F9000 X107.703 Y117.763
G0 X109.342 Y118.023
G0 X109.381 Y117.78
G1 F2700 X110.616 Y117.78 E102.99521
G1 F1800 E100.99521
;MESH:Filler.stl(1)
G0 F9000 X110.653 Y118.024
G0 X107.357 Y118.126
G0 X107.183 Y119.228
G0 X107.204 Y121.22
G0 X107.71 Y122.212
G0 X106.205 Y124.387
G0 X105.061 Y126.634
G0 X104.606 Y129.126
G1 F900 E102.99521
G0 F9000 X104.452 Y129.126
;TYPE:WALL-INNER
G1 F3900 X104.858 Y131.683 E103.05656
G1 X106.032 Y133.99 E103.11791
G1 X107.867 Y135.825 E103.1794
G1 X110.175 Y137 E103.24078
G1 X112.732 Y137.405 E103.30213
G1 X115.29 Y137 E103.3635
G1 X117.599 Y135.825 E103.4249
G1 X119.434 Y133.99 E103.4864
G1 X120.608 Y131.683 E103.54774
G1 X121.013 Y129.126 E103.60909
G1 X120.608 Y126.568 E103.67046
G1 X119.434 Y124.261 E103.73181
G1 X117.599 Y122.427 E103.79329
G1 X115.29 Y121.252 E103.85468
G1 X112.732 Y120.845 E103.91607
G1 X110.175 Y121.252 E103.97742
G1 X107.867 Y122.427 E104.0388
G1 X106.032 Y124.261 E104.10028
G1 X104.858 Y126.568 E104.16162
G1 X104.452 Y129.126 E104.223
G0 F9000 X104.169 Y129.126
;TYPE:WALL-OUTER
G1 F3000 X104.589 Y131.771 E104.28139
G1 X105.803 Y134.157 E104.33975
G1 X107.7 Y136.054 E104.39824
G1 X110.088 Y137.269 E104.45666
G1 X112.732 Y137.689 E104.51503
G1 X115.378 Y137.269 E104.57344
G1 X117.766 Y136.054 E104.63185
G1 X119.663 Y134.157 E104.69034
G1 X120.877 Y131.771 E104.74871
G1 X121.297 Y129.126 E104.8071
G1 X120.877 Y126.48 E104.86551
G1 X119.663 Y124.095 E104.92385
G1 X117.766 Y122.197 E104.98236
G1 X115.378 Y120.982 E105.04077
G1 X112.732 Y120.561 E105.09919
G1 X110.088 Y120.982 E105.15756
G1 X107.7 Y122.197 E105.21597
G1 X105.803 Y124.095 E105.27448
G1 X104.589 Y126.48 E105.33282
G1 X104.169 Y129.126 E105.39123
G0 F9000 X104.2 Y129.323
G0 X104.723 Y129.126
;TYPE:SKIN
G1 F2700 X105.116 Y131.601 E105.42211
G1 X106.249 Y133.828 E105.4529
G1 X108.027 Y135.606 E105.48389
G1 X110.259 Y136.742 E105.51475
G1 X112.731 Y137.135 E105.5456
G1 X115.206 Y136.742 E105.57648
G1 X117.439 Y135.606 E105.60735
G1 X119.217 Y133.828 E105.63834
G1 X120.35 Y131.599 E105.66915
G1 X120.743 Y129.126 E105.70001
G1 X120.35 Y126.652 E105.73088
G1 X119.217 Y124.423 E105.76169
G1 X117.439 Y122.646 E105.79266
G1 X115.206 Y121.51 E105.82354
G1 X112.733 Y121.115 E105.8544
G1 X110.259 Y121.51 E105.88527
G1 X108.027 Y122.646 E105.91613
G1 X106.249 Y124.423 E105.94711
G1 X105.116 Y126.652 E105.97792
G1 X104.723 Y129.126 E106.00879
G0 F9000 X104.609 Y129.108
G0 X105.061 Y126.634
G0 X106.205 Y124.387
G0 X107.993 Y122.6
G0 X110.241 Y121.455
G0 X111.61 Y121.176
G0 X111.648 Y121.42
G1 F2700 X113.817 Y121.42 E106.03552
G0 F9000 X113.856 Y121.177
G0 X115.366 Y121.46
G0 X115.253 Y121.68
G1 F2700 X110.211 Y121.68 E106.09765
G0 F9000 X109.7 Y121.94
G1 F2700 X115.764 Y121.94 E106.17238
G0 F9000 X116.275 Y122.2
G1 F2700 X109.19 Y122.2 E106.25969
G0 F9000 X108.679 Y122.46
G1 F2700 X116.786 Y122.46 E106.35959
G0 F9000 X117.297 Y122.72
G1 F2700 X108.168 Y122.72 E106.47208
G0 F9000 X107.876 Y122.98
G1 F2700 X117.589 Y122.98 E106.59178
G0 F9000 X117.849 Y123.24
G1 F2700 X107.616 Y123.24 E106.71788
G0 F9000 X107.356 Y123.5
G1 F2700 X118.109 Y123.5 E106.85038
G0 F9000 X118.37 Y123.76
G1 F2700 X107.096 Y123.76 E106.98931
G0 F9000 X106.836 Y124.02
G1 F2700 X118.63 Y124.02 E107.13465
G0 F9000 X118.89 Y124.28
G1 F2700 X106.576 Y124.28 E107.28639
G0 F9000 X106.335 Y124.54
G1 F2700 X119.13 Y124.54 E107.44406
G0 F9000 X119.263 Y124.8
G1 F2700 X106.203 Y124.8 E107.605
G0 F9000 X106.071 Y125.06
G1 F2700 X119.395 Y125.06 E107.76919
G0 F9000 X119.527 Y125.32
G1 F2700 X105.939 Y125.32 E107.93663
G0 F9000 X105.806 Y125.58
G1 F2700 X119.659 Y125.58 E108.10734
G0 F9000 X119.791 Y125.84
G1 F2700 X105.674 Y125.84 E108.2813
G0 F9000 X105.542 Y126.1
G1 F2700 X119.924 Y126.1 E108.45853
G0 F9000 X120.056 Y126.36
G1 F2700 X105.41 Y126.36 E108.63901
G0 F9000 X105.278 Y126.62
G1 F2700 X120.188 Y126.62 E108.82275
G0 F9000 X120.254 Y126.88
G1 F2700 X105.211 Y126.88 E109.00812
G0 F9000 X105.17 Y127.14
G1 F2700 X120.296 Y127.14 E109.19452
G0 F9000 X120.337 Y127.4
G1 F2700 X105.128 Y127.4 E109.38193
G0 F9000 X105.087 Y127.66
G1 F2700 X120.378 Y127.66 E109.57036
G0 F9000 X120.419 Y127.92
G1 F2700 X105.046 Y127.92 E109.7598
G0 F9000 X105.005 Y128.18
G1 F2700 X120.461 Y128.18 E109.95027
G0 F9000 X120.502 Y128.44
G1 F2700 X104.963 Y128.44 E110.14175
G0 F9000 X104.922 Y128.7
G1 F2700 X120.543 Y128.7 E110.33425
G0 F9000 X120.584 Y128.96
G1 F2700 X104.881 Y128.96 E110.52775
G0 F9000 X104.868 Y129.22
G1 F2700 X120.594 Y129.22 E110.72154
G0 F9000 X120.553 Y129.48
G1 F2700 X104.91 Y129.48 E110.91431
G0 F9000 X104.951 Y129.74
G1 F2700 X120.512 Y129.74 E111.10607
G0 F9000 X120.471 Y130
G1 F2700 X104.992 Y130 E111.29681
G0 F9000 X105.033 Y130.26
G1 F2700 X120.429 Y130.26 E111.48653
G0 F9000 X120.388 Y130.52
G1 F2700 X105.075 Y130.52 E111.67523
G0 F9000 X105.116 Y130.78
G1 F2700 X120.347 Y130.78 E111.86292
G0 F9000 X120.306 Y131.04
G1 F2700 X105.157 Y131.04 E112.0496
G0 F9000 X105.198 Y131.3
G1 F2700 X120.264 Y131.3 E112.23526
G0 F9000 X120.222 Y131.56
G1 F2700 X105.24 Y131.56 E112.41988
G0 F9000 X105.372 Y131.82
G1 F2700 X120.09 Y131.82 E112.60125
G0 F9000 X119.958 Y132.08
G1 F2700 X105.504 Y132.08 E112.77936
G0 F9000 X105.636 Y132.34
G1 F2700 X119.826 Y132.34 E112.95423
G0 F9000 X119.694 Y132.6
G1 F2700 X105.769 Y132.6 E113.12582
G0 F9000 X105.901 Y132.86
G1 F2700 X119.562 Y132.86 E113.29417
G0 F9000 X119.429 Y133.12
G1 F2700 X106.033 Y133.12 E113.45924
G0 F9000 X106.166 Y133.38
G1 F2700 X119.297 Y133.38 E113.62105
G0 F9000 X119.165 Y133.64
G1 F2700 X106.298 Y133.64 E113.77961
G0 F9000 X106.504 Y133.9
G1 F2700 X118.96 Y133.9 E113.93311
G0 F9000 X118.7 Y134.16
G1 F2700 X106.764 Y134.16 E114.08019
G0 F9000 X107.024 Y134.42
G1 F2700 X118.44 Y134.42 E114.22087
G0 F9000 X118.18 Y134.68
G1 F2700 X107.284 Y134.68 E114.35514
G0 F9000 X107.544 Y134.94
G1 F2700 X117.92 Y134.94 E114.483
G0 F9000 X117.66 Y135.2
G1 F2700 X107.804 Y135.2 E114.60446
G0 F9000 X108.064 Y135.46
G1 F2700 X117.4 Y135.46 E114.7195
G0 F9000 X116.926 Y135.72
G1 F2700 X108.537 Y135.72 E114.82288
G0 F9000 X109.047 Y135.98
G1 F2700 X116.415 Y135.98 E114.91368
G0 F9000 X115.904 Y136.24
G1 F2700 X109.558 Y136.24 E114.99188
G0 F9000 X110.069 Y136.5
G1 F2700 X115.393 Y136.5 E115.05748
G0 F9000 X115.505 Y136.722
G0 X114.3 Y137.005
G0 X114.262 Y136.76
G1 F2700 X111.199 Y136.76 E115.09523
G1 F1800 E113.09523
;MESH:NONMESH
G0 F600 X111.199 Y136.76 Z0.64
G0 F9000 X111.161 Y137.003
G0 X110.241 Y136.797
G0 X107.993 Y135.652
G0 X106.205 Y133.864
G0 X105.061 Y131.617
G0 X104.666 Y129.126
G0 X105.061 Y126.634
G0 X106.09 Y124.612
G0 X107.71 Y122.212
G0 X107.204 Y121.22
G0 X107.183 Y119.228
G0 X107.357 Y118.126
G0 X105.259 Y116.526
G0 X103.471 Y114.738
G0 X102.328 Y112.491
G0 X101.873 Y110.001
G1 F900 E115.09523
G0 F9000 X101.719 Y110.001
;TIME_ELAPSED:214.851952
;LAYER:3
M106 S255
;TYPE:WALL-INNER
;MESH:Filler.stl
G1 F2831.7 X102.125 Y112.558 E115.15658
G1 X103.298 Y114.864 E115.21789
G1 X105.133 Y116.699 E115.27939
G1 X107.441 Y117.875 E115.34078
G1 X109.999 Y118.28 E115.40215
G1 X112.557 Y117.875 E115.46352
G1 X114.865 Y116.699 E115.52491
G1 X116.7 Y114.864 E115.58641
G1 X117.873 Y112.558 E115.64772
G1 X118.28 Y110.001 E115.70908
G1 X117.873 Y107.443 E115.77046
G1 X116.7 Y105.136 E115.83179
G1 X114.865 Y103.302 E115.89327
G1 X112.557 Y102.126 E115.95466
G1 X109.999 Y101.72 E116.01604
G1 X107.441 Y102.126 E116.07741
G1 X105.133 Y103.302 E116.1388
G1 X103.298 Y105.136 E116.20028
G1 X102.125 Y107.442 E116.26159
G1 X101.719 Y110.001 E116.32299
G0 F9000 X101.436 Y110.001
;TYPE:WALL-OUTER
G1 F2178.2 X101.856 Y112.645 E116.38136
G1 X103.069 Y115.031 E116.43972
G1 X104.966 Y116.928 E116.4982
G1 X107.354 Y118.144 E116.55663
G1 X109.999 Y118.564 E116.61502
G1 X112.645 Y118.144 E116.67343
G1 X115.032 Y116.928 E116.73183
G1 X116.93 Y115.031 E116.79034
G1 X118.143 Y112.645 E116.84869
G1 X118.563 Y110.001 E116.90706
G1 X118.143 Y107.355 E116.96547
G1 X116.93 Y104.97 E117.02381
G1 X115.032 Y103.072 E117.08233
G1 X112.645 Y101.856 E117.14073
G1 X109.999 Y101.436 E117.19914
G1 X107.354 Y101.856 E117.25753
G1 X104.966 Y103.072 E117.31596
G1 X103.069 Y104.969 E117.37445
G1 X101.856 Y107.355 E117.4328
G1 X101.436 Y110.001 E117.49121
G0 F9000 X101.467 Y110.198
G0 X102.103 Y110.827
;TYPE:FILL
G1 F2613.8 X103.621 Y105.164 E117.65238
G0 F9000 X103.889 Y104.898
G1 F2613.8 X112.774 Y102.518 E117.90524
G0 F9000 X113.236 Y102.753
G1 F2613.8 X117.246 Y106.764 E118.06115
G0 F9000 X117.48 Y107.223
G1 F2613.8 X115.099 Y116.11 E118.31407
G0 F9000 X114.831 Y116.377
G1 F2613.8 X109.168 Y117.895 E118.47523
G0 F9000 X108.6 Y117.804
G1 F2613.8 X102.194 Y111.398 E118.72427
G0 F9000 X102.379 Y112.508
G1 F2613.8 X117.768 Y108.385 E119.16223
G0 F9000 X115.924 Y115.285
G1 F2613.8 X104.714 Y104.074 E119.59805
G0 F9000 X111.613 Y102.229
G1 F2613.8 X107.489 Y117.618 E120.03601
G0 F9000 X107.658 Y117.284
G1 F1800 E118.03601
;MESH:Filler.stl(1)
G0 F9000 X107.357 Y118.126
G0 X107.183 Y119.228
G0 X107.204 Y121.22
G0 X107.71 Y122.212
G0 X104.674 Y129.125
G1 F900 E120.03601
G0 F9000 X104.452 Y129.126
;TYPE:WALL-INNER
G1 F2831.7 X104.858 Y131.683 E120.09737
G1 X106.032 Y133.99 E120.15871
G1 X107.867 Y135.825 E120.22021
G1 X110.175 Y137 E120.28158
G1 X112.732 Y137.405 E120.34293
G1 X115.29 Y137 E120.40431
G1 X117.599 Y135.825 E120.4657
G1 X119.434 Y133.99 E120.5272
G1 X120.608 Y131.683 E120.58854
G1 X121.013 Y129.126 E120.64989
G1 X120.608 Y126.568 E120.71127
G1 X119.434 Y124.261 E120.77261
G1 X117.599 Y122.427 E120.83409
G1 X115.29 Y121.252 E120.89549
G1 X112.732 Y120.845 E120.95687
G1 X110.175 Y121.252 E121.01823
G1 X107.867 Y122.427 E121.0796
G1 X106.032 Y124.261 E121.14108
G1 X104.858 Y126.568 E121.20243
G1 X104.452 Y129.126 E121.2638
G0 F9000 X104.169 Y129.126
;TYPE:WALL-OUTER
G1 F2178.2 X104.589 Y131.771 E121.32219
G1 X105.803 Y134.157 E121.38056
G1 X107.7 Y136.054 E121.43905
G1 X110.088 Y137.269 E121.49746
G1 X112.732 Y137.689 E121.55583
G1 X115.378 Y137.269 E121.61424
G1 X117.766 Y136.054 E121.67266
G1 X119.663 Y134.157 E121.73115
G1 X120.877 Y131.771 E121.78951
G1 X121.297 Y129.126 E121.8479
G1 X120.877 Y126.48 E121.90631
G1 X119.663 Y124.095 E121.96466
G1 X117.766 Y122.197 E122.02316
G1 X115.378 Y120.982 E122.08158
G1 X112.732 Y120.561 E122.13999
G1 X110.088 Y120.982 E122.19836
G1 X107.7 Y122.197 E122.25678
G1 X105.803 Y124.095 E122.31528
G1 X104.589 Y126.48 E122.37363
G1 X104.169 Y129.126 E122.43204
G0 F9000 X104.2 Y129.323
G0 X104.836 Y129.952
;TYPE:FILL
G1 F2613.8 X106.353 Y124.291 E122.59315
G0 F9000 X106.621 Y124.024
G1 F2613.8 X115.507 Y121.643 E122.84603
G0 F9000 X115.969 Y121.878
G1 F2613.8 X119.984 Y125.893 E123.00212
G0 F9000 X120.214 Y126.346
G1 F2613.8 X117.832 Y135.237 E123.25515
G0 F9000 X117.565 Y135.502
G1 F2613.8 X111.903 Y137.02 E123.41629
G0 F9000 X111.334 Y136.929
G1 F2613.8 X104.927 Y130.522 E123.66537
G0 F9000 X105.112 Y131.634
G1 F2613.8 X120.503 Y127.51 E124.10339
G0 F9000 X118.658 Y134.41
G1 F2613.8 X107.447 Y123.199 E124.53923
G0 F9000 X114.346 Y121.354
G1 F2613.8 X110.223 Y136.742 E124.97716
G0 F9000 X110.391 Y136.409
G1 F1800 E122.97716
;MESH:NONMESH
G0 F600 X110.391 Y136.409 Z0.76
G0 F9000 X107.71 Y122.212
G0 X107.204 Y121.22
G0 X107.183 Y119.228
G0 X107.357 Y118.126
G0 X101.941 Y110
G1 F900 E124.97716
G0 F9000 X101.719 Y110.001
;TIME_ELAPSED:228.197790
;LAYER:4
;TYPE:WALL-INNER
;MESH:Filler.stl
G1 F1519.3 X102.125 Y112.558 E125.03851
G1 X103.298 Y114.864 E125.09982
G1 X105.133 Y116.699 E125.16132
G1 X107.441 Y117.875 E125.2227
G1 X109.999 Y118.28 E125.28408
G1 X112.557 Y117.875 E125.34545
G1 X114.865 Y116.699 E125.40684
G1 X116.7 Y114.864 E125.46834
G1 X117.873 Y112.558 E125.52965
G1 X118.28 Y110.001 E125.59101
G1 X117.873 Y107.443 E125.65239
G1 X116.7 Y105.136 E125.71372
G1 X114.865 Y103.302 E125.7752
G1 X112.557 Y102.126 E125.83659
G1 X109.999 Y101.72 E125.89796
G1 X107.441 Y102.126 E125.95934
G1 X105.133 Y103.302 E126.02073
G1 X103.298 Y105.136 E126.08221
G1 X102.125 Y107.442 E126.14352
G1 X101.719 Y110.001 E126.20492
G0 F9000 X101.436 Y110.001
;TYPE:WALL-OUTER
G1 F1168.7 X101.856 Y112.645 E126.26329
G1 X103.069 Y115.031 E126.32164
G1 X104.966 Y116.928 E126.38013
G1 X107.354 Y118.144 E126.43856
G1 X109.999 Y118.564 E126.49695
G1 X112.645 Y118.144 E126.55536
G1 X115.032 Y116.928 E126.61376
G1 X116.93 Y115.031 E126.67227
G1 X118.143 Y112.645 E126.73062
G1 X118.563 Y110.001 E126.78899
G1 X118.143 Y107.355 E126.8474
G1 X116.93 Y104.97 E126.90574
G1 X115.032 Y103.072 E126.96426
G1 X112.645 Y101.856 E127.02266
G1 X109.999 Y101.436 E127.08107
G1 X107.354 Y101.856 E127.13946
G1 X104.966 Y103.072 E127.19789
G1 X103.069 Y104.969 E127.25638
G1 X101.856 Y107.355 E127.31473
G1 X101.436 Y110.001 E127.37314
G0 F9000 X101.467 Y110.198
G0 X102.356 Y110.06
G1 F1800 E125.37314
;MESH:Filler.stl(1)
G0 F9000 X104.976 Y116.913
G0 X104.471 Y117.906
G0 X105.032 Y123.315
G0 X105.82 Y124.102
G0 X104.674 Y129.125
G1 F900 E127.37314
G0 F9000 X104.452 Y129.126
;TYPE:WALL-INNER
G1 F1519.3 X104.858 Y131.683 E127.4345
G1 X106.032 Y133.99 E127.49584
G1 X107.867 Y135.825 E127.55734
G1 X110.175 Y137 E127.61871
G1 X112.732 Y137.405 E127.68006
G1 X115.29 Y137 E127.74144
G1 X117.599 Y135.825 E127.80283
G1 X119.434 Y133.99 E127.86433
G1 X120.608 Y131.683 E127.92567
G1 X121.013 Y129.126 E127.98702
G1 X120.608 Y126.568 E128.0484
G1 X119.434 Y124.261 E128.10974
G1 X117.599 Y122.427 E128.17122
G1 X115.29 Y121.252 E128.23262
G1 X112.732 Y120.845 E128.294
G1 X110.175 Y121.252 E128.35536
G1 X107.867 Y122.427 E128.41673
G1 X106.032 Y124.261 E128.47821
G1 X104.858 Y126.568 E128.53956
G1 X104.452 Y129.126 E128.60093
G0 F9000 X104.169 Y129.126
;TYPE:WALL-OUTER
G1 F1168.7 X104.589 Y131.771 E128.65932
G1 X105.803 Y134.157 E128.71769
G1 X107.7 Y136.054 E128.77618
G1 X110.088 Y137.269 E128.83459
G1 X112.732 Y137.689 E128.89296
G1 X115.378 Y137.269 E128.95137
G1 X117.766 Y136.054 E129.00978
G1 X119.663 Y134.157 E129.06827
G1 X120.877 Y131.771 E129.12664
G1 X121.297 Y129.126 E129.18503
G1 X120.877 Y126.48 E129.24344
G1 X119.663 Y124.095 E129.30179
G1 X117.766 Y122.197 E129.36029
G1 X115.378 Y120.982 E129.41871
G1 X112.732 Y120.561 E129.47712
G1 X110.088 Y120.982 E129.53549
G1 X107.7 Y122.197 E129.5939
G1 X105.803 Y124.095 E129.65241
G1 X104.589 Y126.48 E129.71076
G1 X104.169 Y129.126 E129.76917
G0 F9000 X104.2 Y129.323
G0 X105.089 Y129.184
G1 F1800 E127.76917
;MESH:NONMESH
G0 F600 X105.089 Y129.184 Z0.88
G0 F9000 X105.82 Y124.102
G0 X105.032 Y123.315
G0 X104.471 Y117.906
G0 X104.976 Y116.913
G0 X101.941 Y110
G1 F900 E129.76917
G0 F9000 X101.719 Y110.001
;TIME_ELAPSED:239.725407
;LAYER:5
;TYPE:WALL-INNER
;MESH:Filler.stl
G1 F1510.6 X102.125 Y112.558 E129.83052
G1 X103.298 Y114.864 E129.89183
G1 X105.133 Y116.699 E129.95333
G1 X107.441 Y117.875 E130.01472
G1 X109.999 Y118.28 E130.07609
G1 X112.557 Y117.875 E130.13746
G1 X114.865 Y116.699 E130.19885
G1 X116.7 Y114.864 E130.26035
G1 X117.873 Y112.558 E130.32166
G1 X118.28 Y110.001 E130.38302
G1 X117.873 Y107.443 E130.4444
G1 X116.7 Y105.136 E130.50573
G1 X114.865 Y103.302 E130.56721
G1 X112.557 Y102.126 E130.6286
G1 X109.999 Y101.72 E130.68997
G1 X107.441 Y102.126 E130.75135
G1 X105.133 Y103.302 E130.81274
G1 X103.298 Y105.136 E130.87422
G1 X102.125 Y107.442 E130.93553
G1 X101.719 Y110.001 E130.99693
G0 F9000 X101.436 Y110.001
;TYPE:WALL-OUTER
G1 F1162 X101.856 Y112.645 E131.0553
G1 X103.069 Y115.031 E131.11365
G1 X104.966 Y116.928 E131.17214
G1 X107.354 Y118.144 E131.23057
G1 X109.999 Y118.564 E131.28896
G1 X112.645 Y118.144 E131.34737
G1 X115.032 Y116.928 E131.40577
G1 X116.93 Y115.031 E131.46428
G1 X118.143 Y112.645 E131.52263
G1 X118.563 Y110.001 E131.581
G1 X118.143 Y107.355 E131.63941
G1 X116.93 Y104.97 E131.69775
G1 X115.032 Y103.072 E131.75627
G1 X112.645 Y101.856 E131.81467
G1 X109.999 Y101.436 E131.87308
G1 X107.354 Y101.856 E131.93147
G1 X104.966 Y103.072 E131.9899
G1 X103.069 Y104.969 E132.04839
G1 X101.856 Y107.355 E132.10674
G1 X101.436 Y110.001 E132.16515
G0 F9000 X101.467 Y110.198
G0 X102.356 Y110.06
G1 F1800 E130.16515
;MESH:Filler.stl(1)
G0 F9000 X104.976 Y116.913
G0 X104.471 Y117.906
G0 X105.032 Y123.315
G0 X105.82 Y124.102
G0 X104.674 Y129.125
G1 F900 E132.16515
G0 F9000 X104.452 Y129.126
;TYPE:WALL-INNER
G1 F1510.6 X104.858 Y131.683 E132.22651
G1 X106.032 Y133.99 E132.28785
G1 X107.867 Y135.825 E132.34935
G1 X110.175 Y137 E132.41072
G1 X112.732 Y137.405 E132.47207
G1 X115.29 Y137 E132.53345
G1 X117.599 Y135.825 E132.59484
G1 X119.434 Y133.99 E132.65634
G1 X120.608 Y131.683 E132.71768
G1 X121.013 Y129.126 E132.77903
G1 X120.608 Y126.568 E132.84041
G1 X119.434 Y124.261 E132.90175
G1 X117.599 Y122.427 E132.96323
G1 X115.29 Y121.252 E133.02463
G1 X112.732 Y120.845 E133.08601
G1 X110.175 Y121.252 E133.14737
G1 X107.867 Y122.427 E133.20874
G1 X106.032 Y124.261 E133.27022
G1 X104.858 Y126.568 E133.33157
G1 X104.452 Y129.126 E133.39294
G0 F9000 X104.169 Y129.126
;TYPE:WALL-OUTER
G1 F1162 X104.589 Y131.771 E133.45133
G1 X105.803 Y134.157 E133.5097
G1 X107.7 Y136.054 E133.56819
G1 X110.088 Y137.269 E133.6266
G1 X112.732 Y137.689 E133.68497
G1 X115.378 Y137.269 E133.74338
G1 X117.766 Y136.054 E133.8018
G1 X119.663 Y134.157 E133.86029
G1 X120.877 Y131.771 E133.91865
G1 X121.297 Y129.126 E133.97704
G1 X120.877 Y126.48 E134.03545
G1 X119.663 Y124.095 E134.0938
G1 X117.766 Y122.197 E134.1523
G1 X115.378 Y120.982 E134.21072
G1 X112.732 Y120.561 E134.26913
G1 X110.088 Y120.982 E134.3275
G1 X107.7 Y122.197 E134.38592
G1 X105.803 Y124.095 E134.44442
G1 X104.589 Y126.48 E134.50277
G1 X104.169 Y129.126 E134.56118
G0 F9000 X104.2 Y129.323
G0 X105.089 Y129.184
G1 F1800 E132.56118
;MESH:NONMESH
G0 F600 X105.089 Y129.184 Z1
G0 F9000 X105.82 Y124.102
G0 X105.032 Y123.315
G0 X104.471 Y117.906
G0 X104.976 Y116.913
G0 X101.941 Y110
G1 F900 E134.56118
G0 F9000 X101.719 Y110.001
;TIME_ELAPSED:251.308001
;LAYER:6
;TYPE:WALL-INNER
;MESH:Filler.stl
G1 F2783.6 X102.125 Y112.558 E134.62253
G1 X103.298 Y114.864 E134.68384
G1 X105.133 Y116.699 E134.74534
G1 X107.441 Y117.875 E134.80673
G1 X109.999 Y118.28 E134.8681
G1 X112.557 Y117.875 E134.92947
G1 X114.865 Y116.699 E134.99086
G1 X116.7 Y114.864 E135.05236
G1 X117.873 Y112.558 E135.11367
G1 X118.28 Y110.001 E135.17503
G1 X117.873 Y107.443 E135.23641
G1 X116.7 Y105.136 E135.29774
G1 X114.865 Y103.302 E135.35922
G1 X112.557 Y102.126 E135.42061
G1 X109.999 Y101.72 E135.48198
G1 X107.441 Y102.126 E135.54336
G1 X105.133 Y103.302 E135.60475
G1 X103.298 Y105.136 E135.66623
G1 X102.125 Y107.442 E135.72754
G1 X101.719 Y110.001 E135.78894
G0 F9000 X101.436 Y110.001
;TYPE:WALL-OUTER
G1 F2141.2 X101.856 Y112.645 E135.84731
G1 X103.069 Y115.031 E135.90566
G1 X104.966 Y116.928 E135.96415
G1 X107.354 Y118.144 E136.02258
G1 X109.999 Y118.564 E136.08097
G1 X112.645 Y118.144 E136.13938
G1 X115.032 Y116.928 E136.19778
G1 X116.93 Y115.031 E136.25629
G1 X118.143 Y112.645 E136.31464
G1 X118.563 Y110.001 E136.37301
G1 X118.143 Y107.355 E136.43142
G1 X116.93 Y104.97 E136.48976
G1 X115.032 Y103.072 E136.54828
G1 X112.645 Y101.856 E136.60668
G1 X109.999 Y101.436 E136.66509
G1 X107.354 Y101.856 E136.72348
G1 X104.966 Y103.072 E136.78191
G1 X103.069 Y104.969 E136.8404
G1 X101.856 Y107.355 E136.89875
G1 X101.436 Y110.001 E136.95716
G0 F9000 X101.467 Y110.198
G0 X102.006 Y110.204
;TYPE:FILL
G1 F2569.5 X103.127 Y106.02 E137.31438
G0 F9000 X103.528 Y105.259
G1 F2569.5 X113.115 Y102.69 E138.1329
G0 F9000 X113.97 Y103.127
G1 F2569.5 X116.874 Y106.032 E138.47165
G0 F9000 X117.307 Y106.882
G1 F2569.5 X114.738 Y116.471 E139.29033
G0 F9000 X113.973 Y116.871
G1 F2569.5 X109.788 Y117.993 E139.64765
G0 F9000 X109.028 Y117.871
G1 F2569.5 X102.127 Y110.97 E140.4525
G0 F9000 X102.497 Y112.741
G1 F2569.5 X117.808 Y108.638 E141.75972
G0 F9000 X116.104 Y115.104
G1 F2569.5 X104.893 Y103.893 E143.06724
G0 F9000 X111.36 Y102.188
G1 F2569.5 X107.257 Y117.5 E144.37455
G0 F9000 X107.425 Y117.173
G1 F1800 E142.37455
;MESH:Filler.stl(1)
G0 F9000 X107.357 Y118.126
G0 X107.183 Y119.228
G0 X107.204 Y121.22
G0 X107.71 Y122.212
G0 X104.674 Y129.125
G1 F900 E144.37455
G0 F9000 X104.452 Y129.126
;TYPE:WALL-INNER
G1 F2783.6 X104.858 Y131.683 E144.4359
G1 X106.032 Y133.99 E144.49724
G1 X107.867 Y135.825 E144.55874
G1 X110.175 Y137 E144.62012
G1 X112.732 Y137.405 E144.68147
G1 X115.29 Y137 E144.74284
G1 X117.599 Y135.825 E144.80424
G1 X119.434 Y133.99 E144.86573
G1 X120.608 Y131.683 E144.92708
G1 X121.013 Y129.126 E144.98843
G1 X120.608 Y126.568 E145.0498
G1 X119.434 Y124.261 E145.11115
G1 X117.599 Y122.427 E145.17263
G1 X115.29 Y121.252 E145.23402
G1 X112.732 Y120.845 E145.2954
G1 X110.175 Y121.252 E145.35676
G1 X107.867 Y122.427 E145.41814
G1 X106.032 Y124.261 E145.47962
G1 X104.858 Y126.568 E145.54096
G1 X104.452 Y129.126 E145.60234
G0 F9000 X104.169 Y129.126
;TYPE:WALL-OUTER
G1 F2141.2 X104.589 Y131.771 E145.66073
G1 X105.803 Y134.157 E145.71909
G1 X107.7 Y136.054 E145.77758
G1 X110.088 Y137.269 E145.836
G1 X112.732 Y137.689 E145.89436
G1 X115.378 Y137.269 E145.95277
G1 X117.766 Y136.054 E146.01119
G1 X119.663 Y134.157 E146.06968
G1 X120.877 Y131.771 E146.12805
G1 X121.297 Y129.126 E146.18643
G1 X120.877 Y126.48 E146.24484
G1 X119.663 Y124.095 E146.30319
G1 X117.766 Y122.197 E146.3617
G1 X115.378 Y120.982 E146.42011
G1 X112.732 Y120.561 E146.47852
G1 X110.088 Y120.982 E146.53689
G1 X107.7 Y122.197 E146.59531
G1 X105.803 Y124.095 E146.65381
G1 X104.589 Y126.48 E146.71216
G1 X104.169 Y129.126 E146.77057
G0 F9000 X104.2 Y129.323
G0 X104.739 Y129.329
;TYPE:FILL
G1 F2569.5 X105.86 Y125.148 E147.12755
G0 F9000 X106.259 Y124.385
G1 F2569.5 X115.848 Y121.815 E147.94625
G0 F9000 X116.703 Y122.25
G1 F2569.5 X119.612 Y125.16 E148.28558
G0 F9000 X120.041 Y126.005
G1 F2569.5 X117.471 Y135.599 E149.10468
G0 F9000 X116.714 Y135.995
G1 F2569.5 X112.523 Y137.117 E149.46248
G0 F9000 X111.762 Y136.996
G1 F2569.5 X104.86 Y130.094 E150.26744
G0 F9000 X105.23 Y131.866
G1 F2569.5 X120.543 Y127.763 E151.57483
G0 F9000 X118.839 Y134.23
G1 F2569.5 X107.628 Y123.018 E152.8824
G0 F9000 X114.093 Y121.313
G1 F2569.5 X109.99 Y136.625 E154.18971
G0 F9000 X110.159 Y136.298
G1 F1800 E152.18971
;MESH:NONMESH
G0 F600 X110.159 Y136.298 Z1.12
G0 F9000 X107.71 Y122.212
G0 X107.204 Y121.22
G0 X107.183 Y119.228
G0 X107.357 Y118.126
G0 X101.941 Y110
G1 F900 E154.18971
G0 F9000 X101.719 Y110.001
;TIME_ELAPSED:264.803867
;LAYER:7
;TYPE:WALL-INNER
;MESH:Filler.stl
G1 F1519.2 X102.125 Y112.558 E154.25107
G1 X103.298 Y114.864 E154.31238
G1 X105.133 Y116.699 E154.37387
G1 X107.441 Y117.875 E154.43526
G1 X109.999 Y118.28 E154.49663
G1 X112.557 Y117.875 E154.55801
G1 X114.865 Y116.699 E154.61939
G1 X116.7 Y114.864 E154.68089
G1 X117.873 Y112.558 E154.7422
G1 X118.28 Y110.001 E154.80356
G1 X117.873 Y107.443 E154.86494
G1 X116.7 Y105.136 E154.92627
G1 X114.865 Y103.302 E154.98775
G1 X112.557 Y102.126 E155.04914
G1 X109.999 Y101.72 E155.11052
G1 X107.441 Y102.126 E155.1719
G1 X105.133 Y103.302 E155.23328
G1 X103.298 Y105.136 E155.29476
G1 X102.125 Y107.442 E155.35607
G1 X101.719 Y110.001 E155.41747
G0 F9000 X101.436 Y110.001
;TYPE:WALL-OUTER
G1 F1168.6 X101.856 Y112.645 E155.47584
G1 X103.069 Y115.031 E155.5342
G1 X104.966 Y116.928 E155.59269
G1 X107.354 Y118.144 E155.65111
G1 X109.999 Y118.564 E155.7095
G1 X112.645 Y118.144 E155.76791
G1 X115.032 Y116.928 E155.82632
G1 X116.93 Y115.031 E155.88482
G1 X118.143 Y112.645 E155.94318
G1 X118.563 Y110.001 E156.00154
G1 X118.143 Y107.355 E156.05996
G1 X116.93 Y104.97 E156.11829
G1 X115.032 Y103.072 E156.17681
G1 X112.645 Y101.856 E156.23522
G1 X109.999 Y101.436 E156.29363
G1 X107.354 Y101.856 E156.35202
G1 X104.966 Y103.072 E156.41044
G1 X103.069 Y104.969 E156.46893
G1 X101.856 Y107.355 E156.52729
G1 X101.436 Y110.001 E156.5857
G0 F9000 X101.467 Y110.198
G0 X102.356 Y110.06
G1 F1800 E154.5857
;MESH:Filler.stl(1)
G0 F9000 X104.976 Y116.913
G0 X104.471 Y117.906
G0 X105.032 Y123.315
G0 X105.82 Y124.102
G0 X104.674 Y129.125
G1 F900 E156.5857
G0 F9000 X104.452 Y129.126
;TYPE:WALL-INNER
G1 F1519.2 X104.858 Y131.683 E156.64705
G1 X106.032 Y133.99 E156.70839
G1 X107.867 Y135.825 E156.76989
G1 X110.175 Y137 E156.83127
G1 X112.732 Y137.405 E156.89262
G1 X115.29 Y137 E156.95399
G1 X117.599 Y135.825 E157.01539
G1 X119.434 Y133.99 E157.07689
G1 X120.608 Y131.683 E157.13823
G1 X121.013 Y129.126 E157.19958
G1 X120.608 Y126.568 E157.26095
G1 X119.434 Y124.261 E157.3223
G1 X117.599 Y122.427 E157.38378
G1 X115.29 Y121.252 E157.44517
G1 X112.732 Y120.845 E157.50655
G1 X110.175 Y121.252 E157.56791
G1 X107.867 Y122.427 E157.62929
G1 X106.032 Y124.261 E157.69077
G1 X104.858 Y126.568 E157.75211
G1 X104.452 Y129.126 E157.81349
G0 F9000 X104.169 Y129.126
;TYPE:WALL-OUTER
G1 F1168.6 X104.589 Y131.771 E157.87188
G1 X105.803 Y134.157 E157.93024
G1 X107.7 Y136.054 E157.98873
G1 X110.088 Y137.269 E158.04715
G1 X112.732 Y137.689 E158.10551
G1 X115.378 Y137.269 E158.16393
G1 X117.766 Y136.054 E158.22234
G1 X119.663 Y134.157 E158.28083
G1 X120.877 Y131.771 E158.3392
G1 X121.297 Y129.126 E158.39758
G1 X120.877 Y126.48 E158.45599
G1 X119.663 Y124.095 E158.51434
G1 X117.766 Y122.197 E158.57285
G1 X115.378 Y120.982 E158.63126
G1 X112.732 Y120.561 E158.68967
G1 X110.088 Y120.982 E158.74805
G1 X107.7 Y122.197 E158.80646
G1 X105.803 Y124.095 E158.86496
G1 X104.589 Y126.48 E158.92331
G1 X104.169 Y129.126 E158.98172
G0 F9000 X104.2 Y129.323
G0 X105.089 Y129.184
G1 F1800 E156.98172
;MESH:NONMESH
G0 F600 X105.089 Y129.184 Z1.24
G0 F9000 X105.82 Y124.102
G0 X105.032 Y123.315
G0 X104.471 Y117.906
G0 X104.976 Y116.913
G0 X101.941 Y110
G1 F900 E158.98172
G0 F9000 X101.719 Y110.001
;TIME_ELAPSED:276.332654
;LAYER:8
;TYPE:WALL-INNER
;MESH:Filler.stl
G1 F1510.6 X102.125 Y112.558 E159.04308
G1 X103.298 Y114.864 E159.10439
G1 X105.133 Y116.699 E159.16588
G1 X107.441 Y117.875 E159.22727
G1 X109.999 Y118.28 E159.28864
G1 X112.557 Y117.875 E159.35002
G1 X114.865 Y116.699 E159.4114
G1 X116.7 Y114.864 E159.4729
G1 X117.873 Y112.558 E159.53421
G1 X118.28 Y110.001 E159.59557
G1 X117.873 Y107.443 E159.65695
G1 X116.7 Y105.136 E159.71828
G1 X114.865 Y103.302 E159.77977
G1 X112.557 Y102.126 E159.84115
G1 X109.999 Y101.72 E159.90253
G1 X107.441 Y102.126 E159.96391
G1 X105.133 Y103.302 E160.02529
G1 X103.298 Y105.136 E160.08677
G1 X102.125 Y107.442 E160.14808
G1 X101.719 Y110.001 E160.20949
G0 F9000 X101.436 Y110.001
;TYPE:WALL-OUTER
G1 F1162 X101.856 Y112.645 E160.26785
G1 X103.069 Y115.031 E160.32621
G1 X104.966 Y116.928 E160.3847
G1 X107.354 Y118.144 E160.44312
G1 X109.999 Y118.564 E160.50151
G1 X112.645 Y118.144 E160.55992
G1 X115.032 Y116.928 E160.61833
G1 X116.93 Y115.031 E160.67683
G1 X118.143 Y112.645 E160.73519
G1 X118.563 Y110.001 E160.79356
G1 X118.143 Y107.355 E160.85197
G1 X116.93 Y104.97 E160.9103
G1 X115.032 Y103.072 E160.96882
G1 X112.645 Y101.856 E161.02723
G1 X109.999 Y101.436 E161.08564
G1 X107.354 Y101.856 E161.14403
G1 X104.966 Y103.072 E161.20245
G1 X103.069 Y104.969 E161.26094
G1 X101.856 Y107.355 E161.3193
G1 X101.436 Y110.001 E161.37771
G0 F9000 X101.467 Y110.198
G0 X102.356 Y110.06
G1 F1800 E159.37771
;MESH:Filler.stl(1)
G0 F9000 X104.976 Y116.913
G0 X104.471 Y117.906
G0 X105.032 Y123.315
G0 X105.82 Y124.102
G0 X104.674 Y129.125
G1 F900 E161.37771
G0 F9000 X104.452 Y129.126
;TYPE:WALL-INNER
G1 F1510.6 X104.656 Y130.407 E161.40845
G1 X104.858 Y131.683 E161.43906
G1 X106.032 Y133.99 E161.50041
G1 X107.867 Y135.825 E161.5619
G1 X110.175 Y137 E161.62328
G1 X112.732 Y137.405 E161.68463
G1 X115.29 Y137 E161.746
G1 X117.599 Y135.825 E161.8074
G1 X119.434 Y133.99 E161.8689
G1 X120.608 Y131.683 E161.93024
G1 X121.013 Y129.126 E161.99159
G1 X120.608 Y126.568 E162.05296
G1 X119.434 Y124.261 E162.11431
G1 X117.599 Y122.427 E162.17579
G1 X115.29 Y121.252 E162.23718
G1 X112.732 Y120.845 E162.29856
G1 X110.175 Y121.252 E162.35992
G1 X107.867 Y122.427 E162.4213
G1 X106.032 Y124.261 E162.48278
G1 X104.858 Y126.568 E162.54412
G1 X104.452 Y129.126 E162.6055
G0 F9000 X104.169 Y129.126
;TYPE:WALL-OUTER
G1 F1162 X104.379 Y130.451 E162.63475
G1 X104.589 Y131.771 E162.66389
G1 X105.803 Y134.157 E162.72225
G1 X107.7 Y136.054 E162.78074
G1 X110.088 Y137.269 E162.83916
G1 X112.732 Y137.689 E162.89753
G1 X115.378 Y137.269 E162.95594
G1 X117.766 Y136.054 E163.01435
G1 X119.663 Y134.157 E163.07284
G1 X120.877 Y131.771 E163.13121
G1 X121.297 Y129.126 E163.1896
G1 X120.877 Y126.48 E163.24801
G1 X119.663 Y124.095 E163.30635
G1 X117.766 Y122.197 E163.36486
G1 X115.378 Y120.982 E163.42327
G1 X112.732 Y120.561 E163.48169
G1 X110.088 Y120.982 E163.54006
G1 X107.7 Y122.197 E163.59847
G1 X105.803 Y124.095 E163.65698
G1 X104.589 Y126.48 E163.71532
G1 X104.169 Y129.126 E163.77373
G0 F9000 X104.2 Y129.323
G0 X105.089 Y129.184
G1 F1800 E161.77373
;MESH:NONMESH
G0 F600 X105.089 Y129.184 Z1.36
G0 F9000 X105.82 Y124.102
G0 X105.032 Y123.315
G0 X104.471 Y117.906
G0 X104.976 Y116.913
G0 X101.941 Y110
G1 F900 E163.77373
G0 F9000 X101.719 Y110.001
;TIME_ELAPSED:287.915249
;LAYER:9
;TYPE:WALL-INNER
;MESH:Filler.stl
G1 F2724.9 X102.125 Y112.558 E163.83509
G1 X103.298 Y114.864 E163.8964
G1 X105.133 Y116.699 E163.9579
G1 X107.441 Y117.875 E164.01928
G1 X109.999 Y118.28 E164.08066
G1 X112.557 Y117.875 E164.14203
G1 X114.865 Y116.699 E164.20342
G1 X116.7 Y114.864 E164.26491
G1 X117.873 Y112.558 E164.32622
G1 X118.28 Y110.001 E164.38758
G1 X117.873 Y107.443 E164.44896
G1 X116.7 Y105.136 E164.5103
G1 X114.865 Y103.302 E164.57178
G1 X112.557 Y102.126 E164.63316
G1 X109.999 Y101.72 E164.69454
G1 X107.441 Y102.126 E164.75592
G1 X105.133 Y103.302 E164.8173
G1 X103.298 Y105.136 E164.87878
G1 X102.125 Y107.442 E164.9401
G1 X101.719 Y110.001 E165.0015
G0 F9000 X101.436 Y110.001
;TYPE:WALL-OUTER
G1 F2096.1 X101.856 Y112.645 E165.05986
G1 X103.069 Y115.031 E165.11822
G1 X104.966 Y116.928 E165.17671
G1 X107.354 Y118.144 E165.23513
G1 X109.999 Y118.564 E165.29352
G1 X112.645 Y118.144 E165.35193
G1 X115.032 Y116.928 E165.41034
G1 X116.93 Y115.031 E165.46884
G1 X118.143 Y112.645 E165.5272
G1 X118.563 Y110.001 E165.58557
G1 X118.143 Y107.355 E165.64398
G1 X116.93 Y104.97 E165.70231
G1 X115.032 Y103.072 E165.76083
G1 X112.645 Y101.856 E165.81924
G1 X109.999 Y101.436 E165.87765
G1 X107.354 Y101.856 E165.93604
G1 X104.966 Y103.072 E165.99446
G1 X103.069 Y104.969 E166.05295
G1 X101.856 Y107.355 E166.11131
G1 X101.436 Y110.001 E166.16972
G0 F9000 X101.467 Y110.198
G0 X102.06 Y110.544
;TYPE:FILL
G1 F2515.3 X109.455 Y117.939 E167.03218
G0 F9000 X111.582 Y117.775
G1 F2515.3 X112.885 Y117.426 E167.14343
G0 F9000 X114.43 Y116.64
G1 F2515.3 X117.135 Y106.544 E168.0054
G0 F9000 X116.502 Y105.3
G1 F2515.3 X114.702 Y103.5 E168.21533
G0 F9000 X113.453 Y102.862
G1 F2515.3 X103.358 Y105.567 E169.07722
G0 F9000 X102.571 Y107.114
G1 F2515.3 X102.226 Y108.402 E169.18718
G0 F9000 X102.615 Y112.972
G1 F2515.3 X117.848 Y108.89 E170.48774
G0 F9000 X116.284 Y114.925
G1 F2515.3 X105.073 Y103.714 E171.79526
G0 F9000 X111.107 Y102.148
G1 F2515.3 X107.025 Y117.383 E173.09599
G0 F9000 X107.194 Y117.056
G1 F1800 E171.09599
;MESH:Filler.stl(1)
G0 F9000 X107.357 Y118.126
G0 X107.183 Y119.228
G0 X107.204 Y121.22
G0 X107.71 Y122.212
G0 X104.674 Y129.125
G1 F900 E173.09599
G0 F9000 X104.452 Y129.126
;TYPE:WALL-INNER
G1 F2724.9 X104.858 Y131.683 E173.15734
G1 X106.032 Y133.99 E173.21868
G1 X107.867 Y135.825 E173.28018
G1 X110.175 Y137 E173.34156
G1 X112.732 Y137.405 E173.40291
G1 X115.29 Y137 E173.46428
G1 X117.599 Y135.825 E173.52568
G1 X119.434 Y133.99 E173.58717
G1 X120.608 Y131.683 E173.64852
G1 X121.013 Y129.126 E173.70987
G1 X120.608 Y126.568 E173.77124
G1 X119.434 Y124.261 E173.83259
G1 X117.599 Y122.427 E173.89407
G1 X115.29 Y121.252 E173.95546
G1 X112.732 Y120.845 E174.01684
G1 X110.175 Y121.252 E174.0782
G1 X107.867 Y122.427 E174.13958
G1 X106.032 Y124.261 E174.20106
G1 X104.858 Y126.568 E174.2624
G1 X104.452 Y129.126 E174.32378
G0 F9000 X104.169 Y129.126
;TYPE:WALL-OUTER
G1 F2096.1 X104.589 Y131.771 E174.38217
G1 X105.803 Y134.157 E174.44053
G1 X107.7 Y136.054 E174.49902
G1 X110.088 Y137.269 E174.55744
G1 X112.732 Y137.689 E174.6158
G1 X115.378 Y137.269 E174.67421
G1 X117.766 Y136.054 E174.73263
G1 X119.663 Y134.157 E174.79112
G1 X120.877 Y131.771 E174.84948
G1 X121.297 Y129.126 E174.90787
G1 X120.877 Y126.48 E174.96628
G1 X119.663 Y124.095 E175.02463
G1 X117.766 Y122.197 E175.08314
G1 X115.378 Y120.982 E175.14155
G1 X112.732 Y120.561 E175.19996
G1 X110.088 Y120.982 E175.25833
G1 X107.7 Y122.197 E175.31675
G1 X105.803 Y124.095 E175.37525
G1 X104.589 Y126.48 E175.4336
G1 X104.169 Y129.126 E175.49201
G0 F9000 X104.2 Y129.323
G0 X104.793 Y129.667
;TYPE:FILL
G1 F2515.3 X112.188 Y137.063 E176.35453
G0 F9000 X114.319 Y136.899
G1 F2515.3 X115.621 Y136.55 E176.4657
G0 F9000 X117.163 Y135.767
G1 F2515.3 X119.869 Y125.667 E177.32801
G0 F9000 X119.239 Y124.428
G1 F2515.3 X117.435 Y122.624 E177.5384
G0 F9000 X116.186 Y121.988
G1 F2515.3 X106.091 Y124.693 E178.40029
G0 F9000 X105.305 Y126.237
G1 F2515.3 X104.958 Y127.533 E178.51094
G0 F9000 X105.348 Y132.098
G1 F2515.3 X120.582 Y128.015 E179.8116
G0 F9000 X119.019 Y134.051
G1 F2515.3 X107.807 Y122.839 E181.11924
G0 F9000 X113.841 Y121.273
G1 F2515.3 X109.759 Y136.507 E182.41988
G0 F9000 X109.928 Y136.181
G1 F1800 E180.41988
;MESH:NONMESH
G0 F600 X109.928 Y136.181 Z1.48
G0 F9000 X107.71 Y122.212
G0 X107.204 Y121.22
G0 X107.183 Y119.228
G0 X107.357 Y118.126
G0 X101.941 Y110
G1 F900 E182.41988
G0 F9000 X101.719 Y110.001
;TIME_ELAPSED:301.591671
;LAYER:10
;TYPE:WALL-INNER
;MESH:Filler.stl
G1 F3900 X102.125 Y112.558 E182.48124
G1 X103.298 Y114.864 E182.54255
G1 X105.133 Y116.699 E182.60405
G1 X107.441 Y117.875 E182.66543
G1 X109.999 Y118.28 E182.7268
G1 X112.557 Y117.875 E182.78818
G1 X114.865 Y116.699 E182.84956
G1 X116.7 Y114.864 E182.91106
G1 X117.873 Y112.558 E182.97237
G1 X118.28 Y110.001 E183.03373
G1 X117.873 Y107.443 E183.09511
G1 X116.7 Y105.136 E183.15644
G1 X114.865 Y103.302 E183.21793
G1 X112.557 Y102.126 E183.27931
G1 X109.999 Y101.72 E183.34069
G1 X107.441 Y102.126 E183.40207
G1 X105.133 Y103.302 E183.46345
G1 X103.298 Y105.136 E183.52493
G1 X102.125 Y107.442 E183.58624
G1 X101.719 Y110.001 E183.64765
G0 F9000 X101.436 Y110.001
;TYPE:WALL-OUTER
G1 F3000 X101.856 Y112.645 E183.70601
G1 X103.069 Y115.031 E183.76437
G1 X104.966 Y116.928 E183.82286
G1 X107.354 Y118.144 E183.88128
G1 X109.999 Y118.564 E183.93967
G1 X112.645 Y118.144 E183.99808
G1 X115.032 Y116.928 E184.05649
G1 X116.93 Y115.031 E184.11499
G1 X118.143 Y112.645 E184.17335
G1 X118.563 Y110.001 E184.23172
G1 X118.143 Y107.355 E184.29013
G1 X116.93 Y104.97 E184.34846
G1 X115.032 Y103.072 E184.40698
G1 X112.645 Y101.856 E184.46539
G1 X109.999 Y101.436 E184.5238
G1 X107.354 Y101.856 E184.58219
G1 X104.966 Y103.072 E184.64061
G1 X103.069 Y104.969 E184.6991
G1 X101.856 Y107.355 E184.75746
G1 X101.436 Y110.001 E184.81587
G0 F9000 X101.467 Y110.198
G0 X101.99 Y110
;TYPE:SKIN
G1 F2700 X102.186 Y111.238 E184.83131
G1 X102.383 Y112.475 E184.84675
G1 X103.515 Y114.702 E184.87753
G1 X105.293 Y116.48 E184.90852
G1 X107.525 Y117.617 E184.93939
G1 X109.999 Y118.01 E184.97026
G1 X112.472 Y117.617 E185.00111
G1 X114.705 Y116.48 E185.03199
G1 X116.483 Y114.702 E185.06298
G1 X117.615 Y112.473 E185.09378
G1 X118.009 Y110.002 E185.12462
G1 X117.615 Y107.527 E185.1555
G1 X116.483 Y105.298 E185.18631
G1 X114.705 Y103.521 E185.21729
G1 X112.472 Y102.384 E185.24816
G1 X109.998 Y101.991 E185.27903
G1 X107.525 Y102.384 E185.30989
G1 X105.293 Y103.521 E185.34076
G1 X103.515 Y105.298 E185.37174
G1 X102.383 Y107.525 E185.40252
G1 X101.99 Y110 E185.4334
G0 F9000 X101.876 Y109.982
G0 X102.328 Y107.509
G0 X103.471 Y105.262
G0 X105.259 Y103.475
G0 X107.507 Y102.329
G0 X109.602 Y101.936
G0 X109.639 Y102.18
G1 F2700 X110.358 Y102.18 E185.44226
G0 F9000 X110.397 Y101.937
G0 X112.036 Y102.197
G0 X111.997 Y102.44
G1 F2700 X108.001 Y102.44 E185.4915
G0 F9000 X107.192 Y102.7
G1 F2700 X112.807 Y102.7 E185.5607
G0 F9000 X113.317 Y102.96
G1 F2700 X106.681 Y102.96 E185.64247
G0 F9000 X106.171 Y103.22
G1 F2700 X113.827 Y103.22 E185.73682
G0 F9000 X114.338 Y103.48
G1 F2700 X105.661 Y103.48 E185.84374
G0 F9000 X105.258 Y103.74
G1 F2700 X114.741 Y103.74 E185.9606
G0 F9000 X115.001 Y104
G1 F2700 X104.998 Y104 E186.08386
G0 F9000 X104.738 Y104.26
G1 F2700 X115.261 Y104.26 E186.21354
G0 F9000 X115.521 Y104.52
G1 F2700 X104.478 Y104.52 E186.34962
G0 F9000 X104.218 Y104.78
G1 F2700 X115.781 Y104.78 E186.49211
G0 F9000 X116.041 Y105.04
G1 F2700 X103.958 Y105.04 E186.64101
G0 F9000 X103.698 Y105.3
G1 F2700 X116.301 Y105.3 E186.79631
G0 F9000 X116.47 Y105.56
G1 F2700 X103.528 Y105.56 E186.95579
G0 F9000 X103.396 Y105.82
G1 F2700 X116.603 Y105.82 E187.11854
G0 F9000 X116.735 Y106.08
G1 F2700 X103.264 Y106.08 E187.28454
G0 F9000 X103.132 Y106.34
G1 F2700 X116.867 Y106.34 E187.4538
G0 F9000 X116.999 Y106.6
G1 F2700 X103 Y106.6 E187.62631
G0 F9000 X102.867 Y106.86
G1 F2700 X117.131 Y106.86 E187.80208
G0 F9000 X117.263 Y107.12
G1 F2700 X102.735 Y107.12 E187.98111
G0 F9000 X102.603 Y107.38
G1 F2700 X117.395 Y107.38 E188.16339
G0 F9000 X117.502 Y107.64
G1 F2700 X102.497 Y107.64 E188.34829
G0 F9000 X102.456 Y107.9
G1 F2700 X117.543 Y107.9 E188.53421
G0 F9000 X117.585 Y108.16
G1 F2700 X102.414 Y108.16 E188.72116
G0 F9000 X102.373 Y108.42
G1 F2700 X117.626 Y108.42 E188.90912
G0 F9000 X117.667 Y108.68
G1 F2700 X102.332 Y108.68 E189.09809
G0 F9000 X102.291 Y108.94
G1 F2700 X117.709 Y108.94 E189.28808
G0 F9000 X117.75 Y109.2
G1 F2700 X102.249 Y109.2 E189.4791
G0 F9000 X102.208 Y109.46
G1 F2700 X117.791 Y109.46 E189.67113
G0 F9000 X117.833 Y109.72
G1 F2700 X102.167 Y109.72 E189.86418
G0 F9000 X102.126 Y109.98
G1 F2700 X117.874 Y109.98 E190.05824
G0 F9000 X117.839 Y110.24
G1 F2700 X102.16 Y110.24 E190.25145
G0 F9000 X102.201 Y110.5
G1 F2700 X117.797 Y110.5 E190.44364
G0 F9000 X117.756 Y110.76
G1 F2700 X102.242 Y110.76 E190.63482
G0 F9000 X102.283 Y111.02
G1 F2700 X117.714 Y111.02 E190.82497
G0 F9000 X117.673 Y111.28
G1 F2700 X102.324 Y111.28 E191.01411
G0 F9000 X102.366 Y111.54
G1 F2700 X117.632 Y111.54 E191.20223
G0 F9000 X117.59 Y111.8
G1 F2700 X102.407 Y111.8 E191.38933
G0 F9000 X102.448 Y112.06
G1 F2700 X117.549 Y112.06 E191.57542
G0 F9000 X117.507 Y112.32
G1 F2700 X102.489 Y112.32 E191.76049
G0 F9000 X102.582 Y112.58
G1 F2700 X117.414 Y112.58 E191.94326
G0 F9000 X117.282 Y112.84
G1 F2700 X102.714 Y112.84 E192.12278
G0 F9000 X102.846 Y113.1
G1 F2700 X117.15 Y113.1 E192.29904
G0 F9000 X117.018 Y113.36
G1 F2700 X102.978 Y113.36 E192.47206
G0 F9000 X103.111 Y113.62
G1 F2700 X116.886 Y113.62 E192.64181
G0 F9000 X116.754 Y113.88
G1 F2700 X103.243 Y113.88 E192.8083
G0 F9000 X103.375 Y114.14
G1 F2700 X116.622 Y114.14 E192.97154
G0 F9000 X116.49 Y114.4
G1 F2700 X103.507 Y114.4 E193.13153
G0 F9000 X103.656 Y114.66
G1 F2700 X116.341 Y114.66 E193.28784
G0 F9000 X116.081 Y114.92
G1 F2700 X103.916 Y114.92 E193.43775
G0 F9000 X104.176 Y115.18
G1 F2700 X115.821 Y115.18 E193.58125
G0 F9000 X115.561 Y115.44
G1 F2700 X104.436 Y115.44 E193.71834
G0 F9000 X104.696 Y115.7
G1 F2700 X115.301 Y115.7 E193.84903
G0 F9000 X115.041 Y115.96
G1 F2700 X104.956 Y115.96 E193.97331
G0 F9000 X105.216 Y116.22
G1 F2700 X114.781 Y116.22 E194.09117
G0 F9000 X114.419 Y116.48
G1 F2700 X105.578 Y116.48 E194.20012
G0 F9000 X106.088 Y116.74
G1 F2700 X113.908 Y116.74 E194.29648
G0 F9000 X113.397 Y117
G1 F2700 X106.599 Y117 E194.38026
G0 F9000 X107.11 Y117.26
G1 F2700 X112.886 Y117.26 E194.45143
G0 F9000 X112.254 Y117.52
G1 F2700 X107.742 Y117.52 E194.50703
G0 F9000 X107.703 Y117.763
G0 X109.342 Y118.023
G0 X109.381 Y117.78
G1 F2700 X110.616 Y117.78 E194.52225
G1 F1800 E192.52225
;MESH:Filler.stl(1)
G0 F9000 X110.653 Y118.024
G0 X107.357 Y118.126
G0 X107.183 Y119.228
G0 X107.204 Y121.22
G0 X107.71 Y122.212
G0 X106.205 Y124.387
G0 X105.061 Y126.634
G0 X104.606 Y129.126
G1 F900 E194.52225
G0 F9000 X104.452 Y129.126
;TYPE:WALL-INNER
G1 F3900 X104.858 Y131.683 E194.58361
G1 X106.032 Y133.99 E194.64495
G1 X107.867 Y135.825 E194.70645
G1 X110.175 Y137 E194.76782
G1 X112.732 Y137.405 E194.82917
G1 X115.29 Y137 E194.89055
G1 X117.599 Y135.825 E194.95194
G1 X119.434 Y133.99 E195.01344
G1 X120.608 Y131.683 E195.07478
G1 X121.013 Y129.126 E195.13613
G1 X120.608 Y126.568 E195.19751
G1 X119.434 Y124.261 E195.25885
G1 X117.599 Y122.427 E195.32033
G1 X115.29 Y121.252 E195.38173
G1 X112.732 Y120.845 E195.44311
G1 X110.175 Y121.252 E195.50447
G1 X107.867 Y122.427 E195.56584
G1 X106.032 Y124.261 E195.62732
G1 X104.858 Y126.568 E195.68867
G1 X104.452 Y129.126 E195.75004
G0 F9000 X104.169 Y129.126
;TYPE:WALL-OUTER
G1 F3000 X104.589 Y131.771 E195.80843
G1 X105.803 Y134.157 E195.8668
G1 X107.7 Y136.054 E195.92529
G1 X110.088 Y137.269 E195.9837
G1 X112.732 Y137.689 E196.04207
G1 X115.378 Y137.269 E196.10048
G1 X117.766 Y136.054 E196.1589
G1 X119.663 Y134.157 E196.21739
G1 X120.877 Y131.771 E196.27575
G1 X121.297 Y129.126 E196.33414
G1 X120.877 Y126.48 E196.39255
G1 X119.663 Y124.095 E196.4509
G1 X117.766 Y122.197 E196.5094
G1 X115.378 Y120.982 E196.56782
G1 X112.732 Y120.561 E196.62623
G1 X110.088 Y120.982 E196.6846
G1 X107.7 Y122.197 E196.74302
G1 X105.803 Y124.095 E196.80152
G1 X104.589 Y126.48 E196.85987
G1 X104.169 Y129.126 E196.91828
G0 F9000 X104.2 Y129.323
G0 X104.723 Y129.126
;TYPE:SKIN
G1 F2700 X105.116 Y131.601 E196.94916
G1 X106.249 Y133.828 E196.97995
G1 X108.027 Y135.606 E197.01093
G1 X110.259 Y136.742 E197.0418
G1 X112.731 Y137.135 E197.07264
G1 X115.206 Y136.742 E197.10352
G1 X117.439 Y135.606 E197.1344
G1 X119.217 Y133.828 E197.16538
G1 X120.35 Y131.599 E197.19619
G1 X120.743 Y129.126 E197.22705
G1 X120.35 Y126.652 E197.25792
G1 X119.217 Y124.423 E197.28873
G1 X117.439 Y122.646 E197.31971
G1 X115.206 Y121.51 E197.35058
G1 X112.733 Y121.115 E197.38144
G1 X110.259 Y121.51 E197.41232
G1 X108.027 Y122.646 E197.44318
G1 X106.249 Y124.423 E197.47415
G1 X105.116 Y126.652 E197.50497
G1 X104.723 Y129.126 E197.53584
G0 F9000 X104.609 Y129.108
G0 X105.061 Y126.634
G0 X106.205 Y124.387
G0 X107.993 Y122.6
G0 X110.241 Y121.455
G0 X111.61 Y121.176
G0 X111.648 Y121.42
G1 F2700 X113.817 Y121.42 E197.56256
G0 F9000 X113.856 Y121.177
G0 X115.366 Y121.46
G0 X115.253 Y121.68
G1 F2700 X110.211 Y121.68 E197.6247
G0 F9000 X109.7 Y121.94
G1 F2700 X115.764 Y121.94 E197.69942
G0 F9000 X116.275 Y122.2
G1 F2700 X109.19 Y122.2 E197.78673
G0 F9000 X108.679 Y122.46
G1 F2700 X116.786 Y122.46 E197.88663
G0 F9000 X117.297 Y122.72
G1 F2700 X108.168 Y122.72 E197.99913
G0 F9000 X107.876 Y122.98
G1 F2700 X117.589 Y122.98 E198.11882
G0 F9000 X117.849 Y123.24
G1 F2700 X107.616 Y123.24 E198.24492
G0 F9000 X107.356 Y123.5
G1 F2700 X118.109 Y123.5 E198.37743
G0 F9000 X118.37 Y123.76
G1 F2700 X107.096 Y123.76 E198.51636
G0 F9000 X106.836 Y124.02
G1 F2700 X118.63 Y124.02 E198.66169
G0 F9000 X118.89 Y124.28
G1 F2700 X106.576 Y124.28 E198.81344
G0 F9000 X106.335 Y124.54
G1 F2700 X119.13 Y124.54 E198.97111
G0 F9000 X119.263 Y124.8
G1 F2700 X106.203 Y124.8 E199.13204
G0 F9000 X106.071 Y125.06
G1 F2700 X119.395 Y125.06 E199.29623
G0 F9000 X119.527 Y125.32
G1 F2700 X105.939 Y125.32 E199.46368
G0 F9000 X105.806 Y125.58
G1 F2700 X119.659 Y125.58 E199.63439
G0 F9000 X119.791 Y125.84
G1 F2700 X105.674 Y125.84 E199.80835
G0 F9000 X105.542 Y126.1
G1 F2700 X119.924 Y126.1 E199.98558
G0 F9000 X120.056 Y126.36
G1 F2700 X105.41 Y126.36 E200.16606
G0 F9000 X105.278 Y126.62
G1 F2700 X120.188 Y126.62 E200.34979
G0 F9000 X120.254 Y126.88
G1 F2700 X105.211 Y126.88 E200.53516
G0 F9000 X105.17 Y127.14
G1 F2700 X120.296 Y127.14 E200.72156
G0 F9000 X120.337 Y127.4
G1 F2700 X105.128 Y127.4 E200.90898
G0 F9000 X105.087 Y127.66
G1 F2700 X120.378 Y127.66 E201.09741
G0 F9000 X120.419 Y127.92
G1 F2700 X105.046 Y127.92 E201.28685
G0 F9000 X105.005 Y128.18
G1 F2700 X120.461 Y128.18 E201.47731
G0 F9000 X120.502 Y128.44
G1 F2700 X104.963 Y128.44 E201.66879
G0 F9000 X104.922 Y128.7
G1 F2700 X120.543 Y128.7 E201.86129
G0 F9000 X120.584 Y128.96
G1 F2700 X104.881 Y128.96 E202.0548
G0 F9000 X104.868 Y129.22
G1 F2700 X120.594 Y129.22 E202.24859
G0 F9000 X120.553 Y129.48
G1 F2700 X104.91 Y129.48 E202.44135
G0 F9000 X104.951 Y129.74
G1 F2700 X120.512 Y129.74 E202.63311
G0 F9000 X120.471 Y130
G1 F2700 X104.992 Y130 E202.82386
G0 F9000 X105.033 Y130.26
G1 F2700 X120.429 Y130.26 E203.01358
G0 F9000 X120.388 Y130.52
G1 F2700 X105.075 Y130.52 E203.20228
G0 F9000 X105.116 Y130.78
G1 F2700 X120.347 Y130.78 E203.38997
G0 F9000 X120.306 Y131.04
G1 F2700 X105.157 Y131.04 E203.57665
G0 F9000 X105.198 Y131.3
G1 F2700 X120.264 Y131.3 E203.7623
G0 F9000 X120.222 Y131.56
G1 F2700 X105.24 Y131.56 E203.94693
G0 F9000 X105.372 Y131.82
G1 F2700 X120.09 Y131.82 E204.12829
G0 F9000 X119.958 Y132.08
G1 F2700 X105.504 Y132.08 E204.30641
G0 F9000 X105.636 Y132.34
G1 F2700 X119.826 Y132.34 E204.48127
G0 F9000 X119.694 Y132.6
G1 F2700 X105.769 Y132.6 E204.65287
G0 F9000 X105.901 Y132.86
G1 F2700 X119.562 Y132.86 E204.82121
G0 F9000 X119.429 Y133.12
G1 F2700 X106.033 Y133.12 E204.98629
G0 F9000 X106.166 Y133.38
G1 F2700 X119.297 Y133.38 E205.1481
G0 F9000 X119.165 Y133.64
G1 F2700 X106.298 Y133.64 E205.30666
G0 F9000 X106.504 Y133.9
G1 F2700 X118.96 Y133.9 E205.46015
G0 F9000 X118.7 Y134.16
G1 F2700 X106.764 Y134.16 E205.60724
G0 F9000 X107.024 Y134.42
G1 F2700 X118.44 Y134.42 E205.74791
G0 F9000 X118.18 Y134.68
G1 F2700 X107.284 Y134.68 E205.88218
G0 F9000 X107.544 Y134.94
G1 F2700 X117.92 Y134.94 E206.01005
G0 F9000 X117.66 Y135.2
G1 F2700 X107.804 Y135.2 E206.1315
G0 F9000 X108.064 Y135.46
G1 F2700 X117.4 Y135.46 E206.24655
G0 F9000 X116.926 Y135.72
G1 F2700 X108.537 Y135.72 E206.34992
G0 F9000 X109.047 Y135.98
G1 F2700 X116.415 Y135.98 E206.44072
G0 F9000 X115.904 Y136.24
G1 F2700 X109.558 Y136.24 E206.51892
G0 F9000 X110.069 Y136.5
G1 F2700 X115.393 Y136.5 E206.58453
G0 F9000 X115.505 Y136.722
G0 X114.3 Y137.005
G0 X114.262 Y136.76
G1 F2700 X111.199 Y136.76 E206.62227
G1 F1800 E204.62227
;MESH:NONMESH
G0 F600 X111.199 Y136.76 Z1.6
G0 F9000 X111.161 Y137.003
G0 X110.241 Y136.797
G0 X107.993 Y135.652
G0 X106.205 Y133.864
G0 X105.061 Y131.617
G0 X104.666 Y129.126
G0 X105.061 Y126.634
G0 X106.09 Y124.612
G0 X107.71 Y122.212
G0 X107.204 Y121.22
G0 X107.183 Y119.228
G0 X107.357 Y118.126
G0 X105.259 Y116.526
G0 X103.471 Y114.738
G0 X102.328 Y112.491
G0 X101.873 Y110.001
G1 F900 E206.62227
G0 F9000 X101.719 Y110.001
;TIME_ELAPSED:352.830959
;LAYER:11
;TYPE:WALL-INNER
;MESH:Filler.stl
G1 F3900 X102.125 Y112.558 E206.68363
G1 X103.298 Y114.864 E206.74494
G1 X105.133 Y116.699 E206.80644
G1 X107.441 Y117.875 E206.86782
G1 X109.999 Y118.28 E206.92919
G1 X112.557 Y117.875 E206.99057
G1 X114.865 Y116.699 E207.05195
G1 X116.7 Y114.864 E207.11345
G1 X117.873 Y112.558 E207.17476
G1 X118.28 Y110.001 E207.23612
G1 X117.873 Y107.443 E207.2975
G1 X116.7 Y105.136 E207.35884
G1 X114.865 Y103.302 E207.42032
G1 X112.557 Y102.126 E207.4817
G1 X109.999 Y101.72 E207.54308
G1 X107.441 Y102.126 E207.60446
G1 X105.133 Y103.302 E207.66584
G1 X103.298 Y105.136 E207.72732
G1 X102.125 Y107.442 E207.78863
G1 X101.719 Y110.001 E207.85004
G0 F9000 X101.436 Y110.001
;TYPE:WALL-OUTER
G1 F3000 X101.856 Y112.645 E207.9084
G1 X103.069 Y115.031 E207.96676
G1 X104.966 Y116.928 E208.02525
G1 X107.354 Y118.144 E208.08367
G1 X109.999 Y118.564 E208.14206
G1 X112.645 Y118.144 E208.20047
G1 X115.032 Y116.928 E208.25888
G1 X116.93 Y115.031 E208.31738
G1 X118.143 Y112.645 E208.37574
G1 X118.563 Y110.001 E208.43411
G1 X118.143 Y107.355 E208.49252
G1 X116.93 Y104.97 E208.55085
G1 X115.032 Y103.072 E208.60937
G1 X112.645 Y101.856 E208.66778
G1 X109.999 Y101.436 E208.72619
G1 X107.354 Y101.856 E208.78458
G1 X104.966 Y103.072 E208.843
G1 X103.069 Y104.969 E208.90149
G1 X101.856 Y107.355 E208.95985
G1 X101.436 Y110.001 E209.01826
G0 F9000 X101.467 Y110.198
G0 X102.105 Y110
;TYPE:SKIN
G1 F2700 X102.493 Y112.439 E209.04869
G1 X103.608 Y114.634 E209.07903
G1 X105.361 Y116.387 E209.10958
G1 X107.561 Y117.507 E209.14
G1 X109.999 Y117.895 E209.17042
G1 X112.436 Y117.507 E209.20083
G1 X114.637 Y116.387 E209.23126
G1 X116.39 Y114.634 E209.26181
G1 X117.505 Y112.437 E209.29217
G1 X117.894 Y110 E209.32259
G1 X117.505 Y107.563 E209.353
G1 X116.39 Y105.366 E209.38336
G1 X114.637 Y103.614 E209.4139
G1 X112.436 Y102.494 E209.44433
G1 X109.999 Y102.106 E209.47474
G1 X107.561 Y102.494 E209.50516
G1 X105.361 Y103.614 E209.53558
G1 X103.608 Y105.366 E209.56612
G1 X102.493 Y107.561 E209.59646
G1 X102.105 Y110 E209.62689
G0 F9000 X101.879 Y109.964
G0 X102.328 Y107.509
G0 X103.471 Y105.262
G0 X105.259 Y103.475
G0 X107.507 Y102.329
G0 X109.999 Y101.934
G0 X112.49 Y102.329
G0 X114.739 Y103.475
G0 X116.527 Y105.262
G0 X117.67 Y107.509
G0 X117.877 Y108.427
G0 X117.52 Y108.483
;TYPE:SKIN
G1 F3000 X117.52 Y111.518 E209.66429
G0 F9000 X117.876 Y111.574
G0 X117.582 Y112.797
G0 X117.26 Y112.633
G1 F3000 X117.26 Y107.368 E209.72917
G0 F9000 X117 Y106.856
G1 F3000 X117 Y113.145 E209.80667
G0 F9000 X116.74 Y113.657
G1 F3000 X116.74 Y106.344 E209.89679
G0 F9000 X116.48 Y105.832
G1 F3000 X116.48 Y114.169 E209.99953
G0 F9000 X116.22 Y114.62
G1 F3000 X116.22 Y105.381 E210.11338
G0 F9000 X115.96 Y105.121
G1 F3000 X115.96 Y114.88 E210.23364
G0 F9000 X115.7 Y115.14
G1 F3000 X115.7 Y104.861 E210.3603
G0 F9000 X115.44 Y104.601
G1 F3000 X115.44 Y115.4 E210.49338
G0 F9000 X115.18 Y115.66
G1 F3000 X115.18 Y104.341 E210.63286
G0 F9000 X114.92 Y104.081
G1 F3000 X114.92 Y115.92 E210.77875
G0 F9000 X114.66 Y116.18
G1 F3000 X114.66 Y103.821 E210.93105
G0 F9000 X114.4 Y103.64
G1 F3000 X114.4 Y116.362 E211.08782
G0 F9000 X114.14 Y116.494
G1 F3000 X114.14 Y103.508 E211.24785
G0 F9000 X113.88 Y103.375
G1 F3000 X113.88 Y116.627 E211.41115
G0 F9000 X113.62 Y116.759
G1 F3000 X113.62 Y103.243 E211.57771
G0 F9000 X113.36 Y103.111
G1 F3000 X113.36 Y116.891 E211.74751
G0 F9000 X113.1 Y117.024
G1 F3000 X113.1 Y102.978 E211.9206
G0 F9000 X112.84 Y102.846
G1 F3000 X112.84 Y117.156 E212.09694
G0 F9000 X112.58 Y117.288
G1 F3000 X112.58 Y102.714 E212.27654
G0 F9000 X112.32 Y102.608
G1 F3000 X112.32 Y117.394 E212.45874
G0 F9000 X112.06 Y117.436
G1 F3000 X112.06 Y102.566 E212.64198
G0 F9000 X111.8 Y102.525
G1 F3000 X111.8 Y117.477 E212.82623
G0 F9000 X111.54 Y117.518
G1 F3000 X111.54 Y102.484 E213.0115
G0 F9000 X111.28 Y102.442
G1 F3000 X111.28 Y117.56 E213.19779
G0 F9000 X111.02 Y117.601
G1 F3000 X111.02 Y102.401 E213.3851
G0 F9000 X110.76 Y102.36
G1 F3000 X110.76 Y117.642 E213.57342
G0 F9000 X110.5 Y117.684
G1 F3000 X110.5 Y102.318 E213.76277
G0 F9000 X110.24 Y102.277
G1 F3000 X110.24 Y117.725 E213.95314
G0 F9000 X109.98 Y117.759
G1 F3000 X109.98 Y102.241 E214.14436
G0 F9000 X109.72 Y102.282
G1 F3000 X109.72 Y117.718 E214.33458
G0 F9000 X109.46 Y117.677
G1 F3000 X109.46 Y102.323 E214.52379
G0 F9000 X109.2 Y102.365
G1 F3000 X109.2 Y117.636 E214.71197
G0 F9000 X108.94 Y117.594
G1 F3000 X108.94 Y102.406 E214.89913
G0 F9000 X108.68 Y102.447
G1 F3000 X108.68 Y117.553 E215.08528
G0 F9000 X108.42 Y117.512
G1 F3000 X108.42 Y102.488 E215.27042
G0 F9000 X108.16 Y102.53
G1 F3000 X108.16 Y117.47 E215.45452
G0 F9000 X107.9 Y117.429
G1 F3000 X107.9 Y102.571 E215.63761
G0 F9000 X107.64 Y102.612
G1 F3000 X107.64 Y117.388 E215.8197
G0 F9000 X107.38 Y117.268
G1 F3000 X107.38 Y102.732 E215.99882
G0 F9000 X107.12 Y102.864
G1 F3000 X107.12 Y117.136 E216.17469
G0 F9000 X106.86 Y117.004
G1 F3000 X106.86 Y102.996 E216.34731
G0 F9000 X106.6 Y103.129
G1 F3000 X106.6 Y116.871 E216.51665
G0 F9000 X106.34 Y116.739
G1 F3000 X106.34 Y103.261 E216.68274
G0 F9000 X106.08 Y103.394
G1 F3000 X106.08 Y116.606 E216.84555
G0 F9000 X105.82 Y116.474
G1 F3000 X105.82 Y103.526 E217.00511
G0 F9000 X105.56 Y103.658
G1 F3000 X105.56 Y116.342 E217.16141
G0 F9000 X105.3 Y116.142
G1 F3000 X105.3 Y103.858 E217.31279
G0 F9000 X105.04 Y104.118
G1 F3000 X105.04 Y115.882 E217.45775
G0 F9000 X104.78 Y115.622
G1 F3000 X104.78 Y104.378 E217.59631
G0 F9000 X104.52 Y104.638
G1 F3000 X104.52 Y115.362 E217.72846
G0 F9000 X104.26 Y115.102
G1 F3000 X104.26 Y104.898 E217.8542
G0 F9000 X104 Y105.158
G1 F3000 X104 Y114.842 E217.97354
G0 F9000 X103.74 Y114.582
G1 F3000 X103.74 Y105.418 E218.08647
G0 F9000 X103.48 Y105.905
G1 F3000 X103.48 Y114.094 E218.18738
G0 F9000 X103.22 Y113.582
G1 F3000 X103.22 Y106.417 E218.27567
G0 F9000 X102.96 Y106.928
G1 F3000 X102.96 Y113.071 E218.35137
G0 F9000 X102.7 Y112.559
G1 F3000 X102.7 Y107.44 E218.41445
G0 F9000 X102.379 Y107.276
G0 X102.085 Y108.666
G0 X102.44 Y108.722
G1 F3000 X102.44 Y111.277 E218.44594
G1 F1800 E216.44594
;MESH:Filler.stl(1)
G0 F9000 X102.083 Y111.331
G0 X102.221 Y111.988
G0 X103.086 Y115.023
G0 X102.299 Y115.811
G0 X105.032 Y123.315
G0 X105.82 Y124.102
G0 X105.137 Y126.38
G0 X104.606 Y129.126
G1 F900 E218.44594
G0 F9000 X104.452 Y129.126
;TYPE:WALL-INNER
G1 F3900 X104.858 Y131.683 E218.50729
G1 X106.032 Y133.99 E218.56863
G1 X107.867 Y135.825 E218.63013
G1 X110.175 Y137 E218.69151
G1 X112.732 Y137.405 E218.75286
G1 X115.29 Y137 E218.81423
G1 X117.599 Y135.825 E218.87563
G1 X119.434 Y133.99 E218.93712
G1 X120.608 Y131.683 E218.99847
G1 X121.013 Y129.126 E219.05982
G1 X120.608 Y126.568 E219.12119
G1 X119.434 Y124.261 E219.18254
G1 X117.599 Y122.427 E219.24402
G1 X115.29 Y121.252 E219.30541
G1 X112.732 Y120.845 E219.36679
G1 X110.175 Y121.252 E219.42815
G1 X107.867 Y122.427 E219.48953
G1 X106.032 Y124.261 E219.55101
G1 X104.858 Y126.568 E219.61235
G1 X104.452 Y129.126 E219.67373
G0 F9000 X104.169 Y129.126
;TYPE:WALL-OUTER
G1 F3000 X104.589 Y131.771 E219.73212
G1 X105.803 Y134.157 E219.79048
G1 X107.7 Y136.054 E219.84897
G1 X110.088 Y137.269 E219.90739
G1 X112.732 Y137.689 E219.96575
G1 X115.378 Y137.269 E220.02416
G1 X117.766 Y136.054 E220.08258
G1 X119.663 Y134.157 E220.14107
G1 X120.877 Y131.771 E220.19943
G1 X121.297 Y129.126 E220.25782
G1 X120.877 Y126.48 E220.31623
G1 X119.663 Y124.095 E220.37458
G1 X117.766 Y122.197 E220.43309
G1 X115.378 Y120.982 E220.4915
G1 X112.732 Y120.561 E220.54991
G1 X110.088 Y120.982 E220.60828
G1 X107.7 Y122.197 E220.6667
G1 X105.803 Y124.095 E220.7252
G1 X104.589 Y126.48 E220.78355
G1 X104.169 Y129.126 E220.84196
G0 F9000 X104.2 Y129.323
G0 X104.838 Y129.126
;TYPE:SKIN
G1 F2700 X105.226 Y131.565 E220.87239
G1 X106.342 Y133.76 E220.90274
G1 X108.095 Y135.513 E220.93329
G1 X110.295 Y136.632 E220.9637
G1 X112.731 Y137.02 E220.9941
G1 X115.17 Y136.632 E221.02453
G1 X117.371 Y135.513 E221.05496
G1 X119.124 Y133.76 E221.08551
G1 X120.24 Y131.563 E221.11588
G1 X120.628 Y129.126 E221.14629
G1 X120.24 Y126.688 E221.17671
G1 X119.124 Y124.491 E221.20707
G1 X117.371 Y122.739 E221.23761
G1 X115.17 Y121.62 E221.26804
G1 X112.733 Y121.23 E221.29845
G1 X110.295 Y121.62 E221.32888
G1 X108.095 Y122.739 E221.3593
G1 X106.342 Y124.491 E221.38984
G1 X105.226 Y126.688 E221.4202
G1 X104.838 Y129.126 E221.45062
G0 F9000 X104.612 Y129.09
G0 X105.061 Y126.634
G0 X106.205 Y124.387
G0 X107.993 Y122.6
G0 X110.241 Y121.455
G0 X112.732 Y121.058
G0 X115.224 Y121.455
G0 X117.473 Y122.6
G0 X119.261 Y124.387
G0 X120.405 Y126.634
G0 X120.737 Y128.342
G0 X120.38 Y128.397
;TYPE:SKIN
G1 F3000 X120.38 Y129.856 E221.4686
G0 F9000 X120.735 Y129.912
G0 X120.476 Y131.547
G0 X120.12 Y131.491
G1 F3000 X120.12 Y126.761 E221.52689
G0 F9000 X119.86 Y126.228
G1 F3000 X119.86 Y132.024 E221.59831
G0 F9000 X119.6 Y132.536
G1 F3000 X119.6 Y125.716 E221.68236
G0 F9000 X119.34 Y125.204
G1 F3000 X119.34 Y133.048 E221.77902
G0 F9000 X119.08 Y133.56
G1 F3000 X119.08 Y124.692 E221.8883
G0 F9000 X118.82 Y124.372
G1 F3000 X118.82 Y133.88 E222.00546
G0 F9000 X118.56 Y134.14
G1 F3000 X118.56 Y124.112 E222.12904
G0 F9000 X118.3 Y123.852
G1 F3000 X118.3 Y134.4 E222.25902
G0 F9000 X118.04 Y134.66
G1 F3000 X118.04 Y123.592 E222.39541
G0 F9000 X117.78 Y123.332
G1 F3000 X117.78 Y134.92 E222.5382
G0 F9000 X117.52 Y135.18
G1 F3000 X117.52 Y123.072 E222.68741
G0 F9000 X117.26 Y122.829
G1 F3000 X117.26 Y135.424 E222.84262
G0 F9000 X117 Y135.556
G1 F3000 X117 Y122.697 E223.00108
G0 F9000 X116.74 Y122.565
G1 F3000 X116.74 Y135.688 E223.16279
G0 F9000 X116.48 Y135.82
G1 F3000 X116.48 Y122.433 E223.32776
G0 F9000 X116.22 Y122.3
G1 F3000 X116.22 Y135.953 E223.496
G0 F9000 X115.96 Y136.085
G1 F3000 X115.96 Y122.168 E223.6675
G0 F9000 X115.7 Y122.036
G1 F3000 X115.7 Y136.217 E223.84225
G0 F9000 X115.44 Y136.349
G1 F3000 X115.44 Y121.904 E224.02025
G0 F9000 X115.18 Y121.771
G1 F3000 X115.18 Y136.482 E224.20153
G0 F9000 X114.92 Y136.541
G1 F3000 X114.92 Y121.712 E224.38427
G0 F9000 X114.66 Y121.671
G1 F3000 X114.66 Y136.582 E224.56802
G0 F9000 X114.4 Y136.623
G1 F3000 X114.4 Y121.629 E224.75279
G0 F9000 X114.14 Y121.587
G1 F3000 X114.14 Y136.665 E224.93859
G0 F9000 X113.88 Y136.706
G1 F3000 X113.88 Y121.546 E225.12541
G0 F9000 X113.62 Y121.504
G1 F3000 X113.62 Y136.747 E225.31324
G0 F9000 X113.36 Y136.789
G1 F3000 X113.36 Y121.463 E225.5021
G0 F9000 X113.1 Y121.421
G1 F3000 X113.1 Y136.83 E225.69199
G0 F9000 X112.84 Y136.871
G1 F3000 X112.84 Y121.38 E225.88288
G0 F9000 X112.58 Y121.386
G1 F3000 X112.58 Y136.863 E226.0736
G0 F9000 X112.32 Y136.822
G1 F3000 X112.32 Y121.427 E226.26331
G0 F9000 X112.06 Y121.469
G1 F3000 X112.06 Y136.781 E226.452
G0 F9000 X111.8 Y136.739
G1 F3000 X111.8 Y121.511 E226.63965
G0 F9000 X111.54 Y121.552
G1 F3000 X111.54 Y136.698 E226.8263
G0 F9000 X111.28 Y136.657
G1 F3000 X111.28 Y121.594 E227.01191
G0 F9000 X111.02 Y121.635
G1 F3000 X111.02 Y136.615 E227.19651
G0 F9000 X110.76 Y136.574
G1 F3000 X110.76 Y121.677 E227.38009
G0 F9000 X110.5 Y121.718
G1 F3000 X110.5 Y136.533 E227.56265
G0 F9000 X110.24 Y136.458
G1 F3000 X110.24 Y121.793 E227.74336
G0 F9000 X109.98 Y121.926
G1 F3000 X109.98 Y136.325 E227.9208
G0 F9000 X109.72 Y136.193
G1 F3000 X109.72 Y122.058 E228.09498
G0 F9000 X109.46 Y122.19
G1 F3000 X109.46 Y136.061 E228.26592
G0 F9000 X109.2 Y135.929
G1 F3000 X109.2 Y122.322 E228.43359
G0 F9000 X108.94 Y122.455
G1 F3000 X108.94 Y135.796 E228.59799
G0 F9000 X108.68 Y135.664
G1 F3000 X108.68 Y122.587 E228.75914
G0 F9000 X108.42 Y122.719
G1 F3000 X108.42 Y135.532 E228.91703
G0 F9000 X108.16 Y135.394
G1 F3000 X108.16 Y122.857 E229.07152
G0 F9000 X107.9 Y123.117
G1 F3000 X107.9 Y135.134 E229.21961
G0 F9000 X107.64 Y134.874
G1 F3000 X107.64 Y123.377 E229.36128
G0 F9000 X107.38 Y123.637
G1 F3000 X107.38 Y134.614 E229.49655
G0 F9000 X107.12 Y134.354
G1 F3000 X107.12 Y123.897 E229.62541
G0 F9000 X106.86 Y124.157
G1 F3000 X106.86 Y134.094 E229.74787
G0 F9000 X106.6 Y133.834
G1 F3000 X106.6 Y124.417 E229.86391
G0 F9000 X106.34 Y124.782
G1 F3000 X106.34 Y133.468 E229.97095
G0 F9000 X106.08 Y132.957
G1 F3000 X106.08 Y125.294 E230.06538
G0 F9000 X105.82 Y125.805
G1 F3000 X105.82 Y132.446 E230.14721
G0 F9000 X105.56 Y131.934
G1 F3000 X105.56 Y126.317 E230.21643
G0 F9000 X105.3 Y127.049
G1 F3000 X105.3 Y131.203 E230.26762
G0 F9000 X104.943 Y131.258
G0 X104.684 Y129.621
G0 X105.04 Y129.566
G1 F3000 X105.04 Y128.685 E230.27848
G1 F1800 E228.27848
;MESH:NONMESH
G0 F600 X105.04 Y128.685 Z1.72
G0 F9000 X104.685 Y128.629
G0 X104.989 Y127.014
G0 X105.82 Y124.102
G0 X105.032 Y123.315
G0 X104.471 Y117.906
G0 X104.976 Y116.913
G0 X103.471 Y114.738
G0 X102.328 Y112.491
G0 X101.873 Y110.001
G1 F900 E230.27848
G0 F9000 X101.719 Y110.001
;TIME_ELAPSED:400.941640
;LAYER:12
;TYPE:WALL-INNER
;MESH:Filler.stl
G1 F3900 X102.125 Y112.558 E230.33983
G1 X103.298 Y114.864 E230.40114
G1 X105.133 Y116.699 E230.46264
G1 X107.441 Y117.875 E230.52402
G1 X109.999 Y118.28 E230.5854
G1 X112.557 Y117.875 E230.64677
G1 X114.865 Y116.699 E230.70816
G1 X116.7 Y114.864 E230.76966
G1 X117.873 Y112.558 E230.83097
G1 X118.28 Y110.001 E230.89233
G1 X117.873 Y107.443 E230.95371
G1 X116.7 Y105.136 E231.01504
G1 X114.865 Y103.302 E231.07652
G1 X112.557 Y102.126 E231.13791
G1 X109.999 Y101.72 E231.19928
G1 X107.441 Y102.126 E231.26066
G1 X105.133 Y103.302 E231.32205
G1 X103.298 Y105.136 E231.38353
G1 X102.125 Y107.442 E231.44484
G1 X101.719 Y110.001 E231.50624
G0 F9000 X101.436 Y110.001
;TYPE:WALL-OUTER
G1 F3000 X101.856 Y112.645 E231.56461
G1 X103.069 Y115.031 E231.62296
G1 X104.966 Y116.928 E231.68145
G1 X107.354 Y118.144 E231.73988
G1 X109.999 Y118.564 E231.79827
G1 X112.645 Y118.144 E231.85668
G1 X115.032 Y116.928 E231.91508
G1 X116.93 Y115.031 E231.97359
G1 X118.143 Y112.645 E232.03194
G1 X118.563 Y110.001 E232.09031
G1 X118.143 Y107.355 E232.14872
G1 X116.93 Y104.97 E232.20706
G1 X115.032 Y103.072 E232.26558
G1 X112.645 Y101.856 E232.32398
G1 X109.999 Y101.436 E232.38239
G1 X107.354 Y101.856 E232.44078
G1 X104.966 Y103.072 E232.49921
G1 X103.069 Y104.969 E232.5577
G1 X101.856 Y107.355 E232.61605
G1 X101.436 Y110.001 E232.67446
G0 F9000 X101.467 Y110.198
G0 X102.105 Y110
;TYPE:SKIN
G1 F2700 X102.493 Y112.439 E232.7049
G1 X103.608 Y114.634 E232.73523
G1 X105.361 Y116.387 E232.76578
G1 X107.561 Y117.507 E232.79621
G1 X109.999 Y117.895 E232.82663
G1 X112.436 Y117.507 E232.85704
G1 X114.637 Y116.387 E232.88747
G1 X116.39 Y114.634 E232.91802
G1 X117.505 Y112.437 E232.94838
G1 X117.894 Y110 E232.97879
G1 X117.505 Y107.563 E233.0092
G1 X116.39 Y105.366 E233.03956
G1 X114.637 Y103.614 E233.0701
G1 X112.436 Y102.494 E233.10053
G1 X109.999 Y102.106 E233.13094
G1 X107.561 Y102.494 E233.16136
G1 X105.361 Y103.614 E233.19179
G1 X103.608 Y105.366 E233.22233
G1 X102.493 Y107.561 E233.25267
G1 X102.105 Y110 E233.2831
G0 F9000 X101.879 Y109.964
G0 X102.328 Y107.509
G0 X103.471 Y105.262
G0 X105.259 Y103.475
G0 X107.507 Y102.329
G0 X108.673 Y102.083
G0 X108.729 Y102.44
;TYPE:SKIN
G1 F3000 X111.27 Y102.44 E233.31441
G0 F9000 X111.326 Y102.085
G0 X112.719 Y102.378
G0 X112.555 Y102.7
G1 F3000 X107.443 Y102.7 E233.37741
G0 F9000 X106.933 Y102.96
G1 F3000 X113.065 Y102.96 E233.45297
G0 F9000 X113.576 Y103.22
G1 F3000 X106.422 Y103.22 E233.54113
G0 F9000 X105.912 Y103.48
G1 F3000 X114.087 Y103.48 E233.64187
G0 F9000 X114.58 Y103.74
G1 F3000 X105.419 Y103.74 E233.75476
G0 F9000 X105.159 Y104
G1 F3000 X114.84 Y104 E233.87405
G0 F9000 X115.1 Y104.26
G1 F3000 X104.899 Y104.26 E233.99976
G0 F9000 X104.639 Y104.52
G1 F3000 X115.36 Y104.52 E234.13187
G0 F9000 X115.62 Y104.78
G1 F3000 X104.379 Y104.78 E234.2704
G0 F9000 X104.119 Y105.04
G1 F3000 X115.88 Y105.04 E234.41532
G0 F9000 X116.14 Y105.3
G1 F3000 X103.859 Y105.3 E234.56666
G0 F9000 X103.656 Y105.56
G1 F3000 X116.343 Y105.56 E234.723
G0 F9000 X116.475 Y105.82
G1 F3000 X103.524 Y105.82 E234.8826
G0 F9000 X103.392 Y106.08
G1 F3000 X116.607 Y106.08 E235.04544
G0 F9000 X116.739 Y106.34
G1 F3000 X103.26 Y106.34 E235.21154
G0 F9000 X103.128 Y106.6
G1 F3000 X116.871 Y106.6 E235.3809
G0 F9000 X117.003 Y106.86
G1 F3000 X102.996 Y106.86 E235.5535
G0 F9000 X102.863 Y107.12
G1 F3000 X117.135 Y107.12 E235.72938
G0 F9000 X117.267 Y107.38
G1 F3000 X102.731 Y107.38 E235.9085
G0 F9000 X102.612 Y107.64
G1 F3000 X117.386 Y107.64 E236.09056
G0 F9000 X117.428 Y107.9
G1 F3000 X102.571 Y107.9 E236.27364
G0 F9000 X102.53 Y108.16
G1 F3000 X117.469 Y108.16 E236.45773
G0 F9000 X117.511 Y108.42
G1 F3000 X102.489 Y108.42 E236.64285
G0 F9000 X102.447 Y108.68
G1 F3000 X117.552 Y108.68 E236.82898
G0 F9000 X117.594 Y108.94
G1 F3000 X102.406 Y108.94 E237.01614
G0 F9000 X102.365 Y109.2
G1 F3000 X117.635 Y109.2 E237.20431
G0 F9000 X117.676 Y109.46
G1 F3000 X102.323 Y109.46 E237.39351
G0 F9000 X102.282 Y109.72
G1 F3000 X117.718 Y109.72 E237.58372
G0 F9000 X117.759 Y109.98
G1 F3000 X102.241 Y109.98 E237.77495
G0 F9000 X102.275 Y110.24
G1 F3000 X117.723 Y110.24 E237.96531
G0 F9000 X117.682 Y110.5
G1 F3000 X102.316 Y110.5 E238.15467
G0 F9000 X102.357 Y110.76
G1 F3000 X117.64 Y110.76 E238.343
G0 F9000 X117.599 Y111.02
G1 F3000 X102.399 Y111.02 E238.5303
G0 F9000 X102.44 Y111.28
G1 F3000 X117.557 Y111.28 E238.71659
G0 F9000 X117.516 Y111.54
G1 F3000 X102.481 Y111.54 E238.90186
G0 F9000 X102.522 Y111.8
G1 F3000 X117.475 Y111.8 E239.08613
G0 F9000 X117.433 Y112.06
G1 F3000 X102.564 Y112.06 E239.26936
G0 F9000 X102.605 Y112.32
G1 F3000 X117.392 Y112.32 E239.45158
G0 F9000 X117.286 Y112.58
G1 F3000 X102.71 Y112.58 E239.63119
G0 F9000 X102.842 Y112.84
G1 F3000 X117.154 Y112.84 E239.80756
G0 F9000 X117.022 Y113.1
G1 F3000 X102.974 Y113.1 E239.98067
G0 F9000 X103.106 Y113.36
G1 F3000 X116.89 Y113.36 E240.15053
G0 F9000 X116.758 Y113.62
G1 F3000 X103.238 Y113.62 E240.31713
G0 F9000 X103.371 Y113.88
G1 F3000 X116.626 Y113.88 E240.48047
G0 F9000 X116.494 Y114.14
G1 F3000 X103.503 Y114.14 E240.64056
G0 F9000 X103.635 Y114.4
G1 F3000 X116.362 Y114.4 E240.79739
G0 F9000 X116.18 Y114.66
G1 F3000 X103.818 Y114.66 E240.94973
G0 F9000 X104.078 Y114.92
G1 F3000 X115.92 Y114.92 E241.09566
G0 F9000 X115.66 Y115.18
G1 F3000 X104.338 Y115.18 E241.23518
G0 F9000 X104.598 Y115.44
G1 F3000 X115.4 Y115.44 E241.36829
G0 F9000 X115.14 Y115.7
G1 F3000 X104.858 Y115.7 E241.49499
G0 F9000 X105.118 Y115.96
G1 F3000 X114.88 Y115.96 E241.61529
G0 F9000 X114.62 Y116.22
G1 F3000 X105.378 Y116.22 E241.72918
G0 F9000 X105.83 Y116.48
G1 F3000 X114.167 Y116.48 E241.83191
G0 F9000 X113.656 Y116.74
G1 F3000 X106.341 Y116.74 E241.92205
G0 F9000 X106.851 Y117
G1 F3000 X113.145 Y117 E241.99961
G0 F9000 X112.634 Y117.26
G1 F3000 X107.362 Y117.26 E242.06458
G0 F9000 X107.198 Y117.582
G0 X108.414 Y117.875
G0 X108.47 Y117.52
G1 F3000 X111.527 Y117.52 E242.10225
G1 F1800 E240.10225
;MESH:Filler.stl(1)
G0 F9000 X111.582 Y117.877
G0 X110.301 Y118.03
G0 X107.357 Y118.126
G0 X107.183 Y119.228
G0 X107.204 Y121.22
G0 X107.71 Y122.212
G0 X106.205 Y124.387
G0 X105.061 Y126.634
G0 X104.606 Y129.126
G1 F900 E242.10225
G0 F9000 X104.452 Y129.126
;TYPE:WALL-INNER
G1 F3900 X104.858 Y131.683 E242.16361
G1 X106.032 Y133.99 E242.22495
G1 X107.867 Y135.825 E242.28645
G1 X110.175 Y137 E242.34782
G1 X112.732 Y137.405 E242.40917
G1 X115.29 Y137 E242.47055
G1 X117.599 Y135.825 E242.53194
G1 X119.434 Y133.99 E242.59344
G1 X120.608 Y131.683 E242.65478
G1 X121.013 Y129.126 E242.71613
G1 X120.608 Y126.568 E242.77751
G1 X119.434 Y124.261 E242.83885
G1 X117.599 Y122.427 E242.90033
G1 X115.29 Y121.252 E242.96173
G1 X112.732 Y120.845 E243.02311
G1 X110.175 Y121.252 E243.08447
G1 X107.867 Y122.427 E243.14584
G1 X106.032 Y124.261 E243.20732
G1 X104.858 Y126.568 E243.26867
G1 X104.452 Y129.126 E243.33004
G0 F9000 X104.169 Y129.126
;TYPE:WALL-OUTER
G1 F3000 X104.589 Y131.771 E243.38843
G1 X105.803 Y134.157 E243.4468
G1 X107.7 Y136.054 E243.50529
G1 X110.088 Y137.269 E243.5637
G1 X112.732 Y137.689 E243.62207
G1 X115.378 Y137.269 E243.68048
G1 X117.766 Y136.054 E243.73889
G1 X119.663 Y134.157 E243.79738
G1 X120.877 Y131.771 E243.85575
G1 X121.297 Y129.126 E243.91414
G1 X120.877 Y126.48 E243.97255
G1 X119.663 Y124.095 E244.0309
G1 X117.766 Y122.197 E244.0894
G1 X115.378 Y120.982 E244.14782
G1 X112.732 Y120.561 E244.20623
G1 X110.088 Y120.982 E244.2646
G1 X107.7 Y122.197 E244.32301
G1 X105.803 Y124.095 E244.38152
G1 X104.589 Y126.48 E244.43987
G1 X104.169 Y129.126 E244.49828
G0 F9000 X104.2 Y129.323
G0 X104.838 Y129.126
;TYPE:SKIN
G1 F2700 X105.226 Y131.565 E244.52871
G1 X106.342 Y133.76 E244.55905
G1 X108.095 Y135.513 E244.5896
G1 X110.295 Y136.632 E244.62002
G1 X112.731 Y137.02 E244.65042
G1 X115.17 Y136.632 E244.68085
G1 X117.371 Y135.513 E244.71128
G1 X119.124 Y133.76 E244.74183
G1 X120.24 Y131.563 E244.77219
G1 X120.628 Y129.126 E244.8026
G1 X120.24 Y126.688 E244.83302
G1 X119.124 Y124.491 E244.86339
G1 X117.371 Y122.739 E244.89393
G1 X115.17 Y121.62 E244.92436
G1 X112.733 Y121.23 E244.95477
G1 X110.295 Y121.62 E244.98519
G1 X108.095 Y122.739 E245.01561
G1 X106.342 Y124.491 E245.04615
G1 X105.226 Y126.688 E245.07652
G1 X104.838 Y129.126 E245.10694
G0 F9000 X104.612 Y129.09
G0 X105.061 Y126.634
G0 X106.205 Y124.387
G0 X107.993 Y122.6
G0 X110.241 Y121.455
G0 X112.314 Y121.064
G0 X112.37 Y121.42
;TYPE:SKIN
G1 F3000 X113.095 Y121.42 E245.11587
G0 F9000 X113.152 Y121.065
G0 X114.779 Y121.324
G0 X114.722 Y121.68
G1 F3000 X110.742 Y121.68 E245.16492
G0 F9000 X109.952 Y121.94
G1 F3000 X115.512 Y121.94 E245.23343
G0 F9000 X116.023 Y122.2
G1 F3000 X109.441 Y122.2 E245.31454
G0 F9000 X108.93 Y122.46
G1 F3000 X116.534 Y122.46 E245.40825
G0 F9000 X117.046 Y122.72
G1 F3000 X108.419 Y122.72 E245.51455
G0 F9000 X108.037 Y122.98
G1 F3000 X117.428 Y122.98 E245.63028
G0 F9000 X117.688 Y123.24
G1 F3000 X107.777 Y123.24 E245.75241
G0 F9000 X107.517 Y123.5
G1 F3000 X117.948 Y123.5 E245.88095
G0 F9000 X118.209 Y123.76
G1 F3000 X107.257 Y123.76 E246.01591
G0 F9000 X106.997 Y124.02
G1 F3000 X118.469 Y124.02 E246.15728
G0 F9000 X118.729 Y124.28
G1 F3000 X106.737 Y124.28 E246.30506
G0 F9000 X106.477 Y124.54
G1 F3000 X118.989 Y124.54 E246.45924
G0 F9000 X119.135 Y124.8
G1 F3000 X106.331 Y124.8 E246.61702
G0 F9000 X106.199 Y125.06
G1 F3000 X119.267 Y125.06 E246.77806
G0 F9000 X119.399 Y125.32
G1 F3000 X106.066 Y125.32 E246.94236
G0 F9000 X105.934 Y125.58
G1 F3000 X119.531 Y125.58 E247.10991
G0 F9000 X119.663 Y125.84
G1 F3000 X105.802 Y125.84 E247.28072
G0 F9000 X105.67 Y126.1
G1 F3000 X119.795 Y126.1 E247.45478
G0 F9000 X119.928 Y126.36
G1 F3000 X105.538 Y126.36 E247.63211
G0 F9000 X105.406 Y126.62
G1 F3000 X120.06 Y126.62 E247.81269
G0 F9000 X120.139 Y126.88
G1 F3000 X105.326 Y126.88 E247.99522
G0 F9000 X105.285 Y127.14
G1 F3000 X120.18 Y127.14 E248.17877
G0 F9000 X120.221 Y127.4
G1 F3000 X105.244 Y127.4 E248.36333
G0 F9000 X105.203 Y127.66
G1 F3000 X120.263 Y127.66 E248.54892
G0 F9000 X120.304 Y127.92
G1 F3000 X105.161 Y127.92 E248.73552
G0 F9000 X105.12 Y128.18
G1 F3000 X120.345 Y128.18 E248.92314
G0 F9000 X120.387 Y128.44
G1 F3000 X105.079 Y128.44 E249.11178
G0 F9000 X105.037 Y128.7
G1 F3000 X120.428 Y128.7 E249.30144
G0 F9000 X120.469 Y128.96
G1 F3000 X104.996 Y128.96 E249.49211
G0 F9000 X104.983 Y129.22
G1 F3000 X120.479 Y129.22 E249.68306
G0 F9000 X120.438 Y129.48
G1 F3000 X105.025 Y129.48 E249.873
G0 F9000 X105.066 Y129.74
G1 F3000 X120.397 Y129.74 E250.06192
G0 F9000 X120.355 Y130
G1 F3000 X105.107 Y130 E250.24982
G0 F9000 X105.149 Y130.26
G1 F3000 X120.314 Y130.26 E250.43669
G0 F9000 X120.273 Y130.52
G1 F3000 X105.19 Y130.52 E250.62256
G0 F9000 X105.231 Y130.78
G1 F3000 X120.231 Y130.78 E250.8074
G0 F9000 X120.19 Y131.04
G1 F3000 X105.273 Y131.04 E250.99122
G0 F9000 X105.314 Y131.3
G1 F3000 X120.149 Y131.3 E251.17403
G0 F9000 X120.094 Y131.56
G1 F3000 X105.368 Y131.56 E251.3555
G0 F9000 X105.5 Y131.82
G1 F3000 X119.962 Y131.82 E251.53371
G0 F9000 X119.83 Y132.08
G1 F3000 X105.632 Y132.08 E251.70867
G0 F9000 X105.764 Y132.34
G1 F3000 X119.698 Y132.34 E251.88038
G0 F9000 X119.566 Y132.6
G1 F3000 X105.897 Y132.6 E252.04882
G0 F9000 X106.029 Y132.86
G1 F3000 X119.434 Y132.86 E252.21401
G0 F9000 X119.302 Y133.12
G1 F3000 X106.161 Y133.12 E252.37595
G0 F9000 X106.293 Y133.38
G1 F3000 X119.169 Y133.38 E252.53462
G0 F9000 X119.037 Y133.64
G1 F3000 X106.426 Y133.64 E252.69002
G0 F9000 X106.665 Y133.9
G1 F3000 X118.799 Y133.9 E252.83955
G0 F9000 X118.539 Y134.16
G1 F3000 X106.925 Y134.16 E252.98266
G0 F9000 X107.185 Y134.42
G1 F3000 X118.279 Y134.42 E253.11937
G0 F9000 X118.019 Y134.68
G1 F3000 X107.445 Y134.68 E253.24968
G0 F9000 X107.705 Y134.94
G1 F3000 X117.759 Y134.94 E253.37357
G0 F9000 X117.499 Y135.2
G1 F3000 X107.965 Y135.2 E253.49106
G0 F9000 X108.277 Y135.46
G1 F3000 X117.186 Y135.46 E253.60084
G0 F9000 X116.675 Y135.72
G1 F3000 X108.788 Y135.72 E253.69803
G0 F9000 X109.299 Y135.98
G1 F3000 X116.164 Y135.98 E253.78263
G0 F9000 X115.653 Y136.24
G1 F3000 X109.81 Y136.24 E253.85463
G0 F9000 X110.321 Y136.5
G1 F3000 X115.141 Y136.5 E253.91403
G0 F9000 X115.305 Y136.824
G0 X113.59 Y137.117
G0 X113.535 Y136.76
G1 F3000 X111.925 Y136.76 E253.93387
;TIME_ELAPSED:447.732584
G1 F1800 E251.93387
M140 S0
M205 X10 Y10
M107
G91 ;Relative positioning
G1 E-2 F2700 ;Retract a bit
G1 E-2 Z0.2 F2400 ;Retract and raise Z
G1 X5 Y5 F3000 ;Wipe out
G1 Z10 ;Raise Z more
G90 ;Absolute positioning

G28 X0 Y0 ;Present print
M106 S0 ;Turn-off fan
M104 S0 ;Turn-off hotend
M140 S0 ;Turn-off bed

;*** Message and End Tones
M117 Print Completed
M300 S440 P200 ; Make Print Completed Tones
M300 S660 P250
M300 S880 P300
;*** End Message and End Tones

M84 X Y E ;Disable all steppers but Z
M82 ;absolute extrusion mode
M104 S0
;End of Gcode
;SETTING_3 {"global_quality": "[general]\\nversion = 4\\nname = FFV5.1_EF(.12)\\
;SETTING_3 ndefinition = creality_ender5\\n\\n[metadata]\\ntype = quality_change
;SETTING_3 s\\nquality_type = standard\\nsetting_version = 20\\n\\n[values]\\nac
;SETTING_3 celeration_enabled = True\\njerk_enabled = True\\nlayer_height = 0.12
;SETTING_3 \\nlayer_height_0 = 0.28\\nmaterial_bed_temperature = 50\\nmaterial_b
;SETTING_3 ed_temperature_layer_0 = 60\\n\\n", "extruder_quality": ["[general]\\
;SETTING_3 nversion = 4\\nname = FFV5.1_EF(.12)\\ndefinition = creality_ender5\\
;SETTING_3 n\\n[metadata]\\ntype = quality_changes\\nquality_type = standard\\ni
;SETTING_3 ntent_category = default\\nposition = 0\\nsetting_version = 20\\n\\n[
;SETTING_3 values]\\nacceleration_print = 500.0\\nacceleration_roofing = 500.0\\
;SETTING_3 nacceleration_topbottom = 500.0\\nacceleration_travel = 500.0\\naccel
;SETTING_3 eration_wall = 500.0\\nbottom_layers = 3\\ncoasting_enable = False\\n
;SETTING_3 fill_outline_gaps = True\\ninfill_line_distance = =0 if infill_sparse
;SETTING_3 _density == 0 else (infill_line_width * 100) / infill_sparse_density 
;SETTING_3 * (2 if infill_pattern == 'grid' else (3 if infill_pattern == 'triang
;SETTING_3 les' or infill_pattern == 'trihexagon' or infill_pattern == 'cubic' o
;SETTING_3 r infill_pattern == 'cubicsubdiv' else (2 if infill_pattern == 'tetra
;SETTING_3 hedral' or infill_pattern == 'quarter_cubic' else (1 if infill_patter
;SETTING_3 n == 'cross' or infill_pattern == 'cross_3d' else 1))))\\ninfill_line
;SETTING_3 _width = 0.58\\ninfill_overlap = 0\\ninfill_pattern = ='zigzag' if in
;SETTING_3 fill_sparse_density > 89 else 'lines' if infill_sparse_density > 31 e
;SETTING_3 lse 'cubic'\\ninfill_sparse_density = 25.0\\ninfill_sparse_thickness 
;SETTING_3 = 0.3\\ninitial_layer_line_width_factor = 100.0\\ninset_direction = i
;SETTING_3 nside_out\\njerk_layer_0 = 8\\njerk_print = 20\\njerk_travel_layer_0 
;SETTING_3 = 5\\nline_width = 0.46\\nmaterial_flow = 95\\nmaterial_flow_layer_0 
;SETTING_3 = 95\\nmaterial_print_temperature = 210\\nretraction_amount = 2\\nret
;SETTING_3 raction_extrusion_window = 6\\nretraction_prime_speed = 15\\nretracti
;SETTING_3 on_retract_speed = 30\\nroofing_layer_count = 2\\nskin_angles = [ 90,
;SETTING_3 0]\\nskin_line_width = 0.26\\nskin_monotonic = True\\nskin_overlap = 
;SETTING_3 30.0\\nskirt_brim_speed = 25.0\\nskirt_line_count = 1\\nspeed_layer_0
;SETTING_3  = 25\\nspeed_print = 60.0\\nspeed_roofing = 50\\nspeed_topbottom = 4
;SETTING_3 5\\nspeed_travel_layer_0 = 125.0\\nspeed_wall_0 = 50\\nspeed_wall_x =
;SETTING_3  65\\nspeed_z_hop = 10\\ntop_bottom_pattern = lines\\ntop_bottom_thic
;SETTING_3 kness = =layer_height_0+layer_height*3\\ntop_layers = 3\\nwall_0_inse
;SETTING_3 t = 0.2\\nwall_0_material_flow = 95\\nwall_0_wipe_dist = 0.2\\nwall_l
;SETTING_3 ine_count = 2\\nwall_line_width_x = 0.5\\nwall_thickness = =line_widt
;SETTING_3 h*2\\nxy_offset_layer_0 = -0.2\\nz_seam_corner = z_seam_corner_weight
;SETTING_3 ed\\nz_seam_type = sharpest_corner\\n\\n"]}
