solid stl_item0
  facet normal -0.99959 -0.02854 0
    outer loop
      vertex -50.459 2.1 2
      vertex -50.53 4.587 2
      vertex -50.53 4.587 0
    endloop
  endfacet
  facet normal -0.99959 -0.02854 0
    outer loop
      vertex -50.459 2.1 2
      vertex -50.53 4.587 0
      vertex -50.459 2.1 0
    endloop
  endfacet
  facet normal -0.99747 0.07115 0
    outer loop
      vertex -50.374 6.774 0
      vertex -50.53 4.587 0
      vertex -50.53 4.587 2
    endloop
  endfacet
  facet normal -0.99747 0.07115 0
    outer loop
      vertex -50.374 6.774 0
      vertex -50.53 4.587 2
      vertex -50.374 6.774 2
    endloop
  endfacet
  facet normal 0 0 1
    outer loop
      vertex 9.407 12.728 15
      vertex 10.226 12.318 15
      vertex 10.582 14.068 15
    endloop
  endfacet
  facet normal 0 0 1
    outer loop
      vertex 10.582 14.068 15
      vertex 8.963 14.404 15
      vertex 9.407 12.728 15
    endloop
  endfacet
  facet normal 0 0 1
    outer loop
      vertex 9.407 12.728 15
      vertex 8.963 14.404 15
      vertex 8.612 13.158 15
    endloop
  endfacet
  facet normal 0 0 1
    outer loop
      vertex 11.908 12.439 15
      vertex 10.582 14.068 15
      vertex 10.226 12.318 15
    endloop
  endfacet
  facet normal 0 0 1
    outer loop
      vertex 12.797 11.11 15
      vertex 11.577 10.493 15
      vertex 13.134 9.899 15
    endloop
  endfacet
  facet normal 0 0 -1
    outer loop
      vertex 10.108 37.414 0
      vertex 5.551 33.749 0
      vertex 5.803 39.592 0
    endloop
  endfacet
  facet normal 0 0 -1
    outer loop
      vertex -5.405 37.631 0
      vertex -6.697 39.011 0
      vertex -0.007 42.246 0
    endloop
  endfacet
  facet normal 0 0 -1
    outer loop
      vertex 5.551 33.749 0
      vertex 10.108 37.414 0
      vertex 7.133 33.127 0
    endloop
  endfacet
  facet normal -0.92967 0.36839 0
    outer loop
      vertex 11.236 -1.396 12.5
      vertex 11.236 -1.396 15
      vertex 11.681 -0.273 12.5
    endloop
  endfacet
  facet normal -0.92967 0.36839 0
    outer loop
      vertex 11.681 -0.273 12.5
      vertex 11.236 -1.396 15
      vertex 11.681 -0.273 15
    endloop
  endfacet
  facet normal -0.96866 -0.24838 0
    outer loop
      vertex 11.611 0 12.5
      vertex 11.681 -0.273 12.5
      vertex 11.681 -0.273 15
    endloop
  endfacet
  facet normal 0 0 -1
    outer loop
      vertex 5.344 33.509 0
      vertex 0.593 30.117 0
      vertex -0.007 42.246 0
    endloop
  endfacet
  facet normal 0 0 -1
    outer loop
      vertex 5.344 33.509 0
      vertex 5.309 32.872 0
      vertex 0.593 30.117 0
    endloop
  endfacet
  facet normal 0 0 1
    outer loop
      vertex 11.562 -0.386 12.5
      vertex 11.681 -0.273 12.5
      vertex 11.611 0 12.5
    endloop
  endfacet
  facet normal 0 0 -1
    outer loop
      vertex 5.551 33.749 0
      vertex 5.344 33.509 0
      vertex -0.007 42.246 0
    endloop
  endfacet
  facet normal 0 0 -1
    outer loop
      vertex -0.77 30.584 0
      vertex -3.026 31.36 0
      vertex -0.007 42.246 0
    endloop
  endfacet
  facet normal 0 0 1
    outer loop
      vertex 11.447 -0.776 12.5
      vertex 11.681 -0.273 12.5
      vertex 11.562 -0.386 12.5
    endloop
  endfacet
  facet normal 0 0 1
    outer loop
      vertex 14.39 6.54 2
      vertex 14.968 8.246 2
      vertex 12.926 8.573 2
    endloop
  endfacet
  facet normal 0.98792 -0.15497 0
    outer loop
      vertex 13.134 9.899 15
      vertex 12.926 8.573 2
      vertex 13.134 9.899 2
    endloop
  endfacet
  facet normal 0 0 1
    outer loop
      vertex -5.409 -25.117 12.5
      vertex -5.369 -25.768 12.5
      vertex -4.171 -24.922 12.5
    endloop
  endfacet
  facet normal 0 0 -1
    outer loop
      vertex 5.204 32.069 0
      vertex 1.98 29.871 0
      vertex 5.309 32.872 0
    endloop
  endfacet
  facet normal 0 0 1
    outer loop
      vertex -5.654 -24.764 12.5
      vertex -5.409 -25.117 12.5
      vertex -4.171 -24.922 12.5
    endloop
  endfacet
  facet normal 0 0 -1
    outer loop
      vertex 18 27.188 0
      vertex 12.909 27.071 0
      vertex 17.858 28.687 0
    endloop
  endfacet
  facet normal 0 0 -1
    outer loop
      vertex 18 24.737 0
      vertex 13.033 25.136 0
      vertex 18 27.188 0
    endloop
  endfacet
  facet normal 0.79721 -0.60371 0
    outer loop
      vertex -4.171 -24.922 0
      vertex -3.937 -24.613 12.5
      vertex -4.171 -24.922 12.5
    endloop
  endfacet
  facet normal 0 0 -1
    outer loop
      vertex 12.999 35.57 0
      vertex 14.078 34.646 0
      vertex 10.211 30.657 0
    endloop
  endfacet
  facet normal 0 0 1
    outer loop
      vertex 11.681 -0.273 12.5
      vertex 11.447 -0.776 12.5
      vertex 11.236 -1.396 12.5
    endloop
  endfacet
  facet normal 0 0 1
    outer loop
      vertex 11.236 -1.396 12.5
      vertex 11.447 -0.776 12.5
      vertex 11.208 -1.078 12.5
    endloop
  endfacet
  facet normal 0 0 1
    outer loop
      vertex 11.208 -1.078 12.5
      vertex 10.355 -1.468 12.5
      vertex 11.236 -1.396 12.5
    endloop
  endfacet
  facet normal 0 0 -1
    outer loop
      vertex 17.858 28.687 0
      vertex 12.708 27.802 0
      vertex 17.444 29.845 0
    endloop
  endfacet
  facet normal 0 0 -1
    outer loop
      vertex 17.444 29.845 0
      vertex 12.708 27.802 0
      vertex 16.632 31.274 0
    endloop
  endfacet
  facet normal 0 0 1
    outer loop
      vertex 8.612 13.158 12.5
      vertex 8.271 13.561 12.5
      vertex 6.722 11.502 12.5
    endloop
  endfacet
  facet normal 0 0 1
    outer loop
      vertex 4.5 -44.941 2
      vertex 6.449 -45.908 2
      vertex 5.203 -41.261 2
    endloop
  endfacet
  facet normal 0 0 1
    outer loop
      vertex 4.482 -45.035 2
      vertex 6.449 -45.908 2
      vertex 4.5 -44.941 2
    endloop
  endfacet
  facet normal -0.98196 0.18908 0
    outer loop
      vertex 3.345 -44.311 2
      vertex 3.345 -44.311 12.5
      vertex 3.79 -42 2
    endloop
  endfacet
  facet normal 0 0 1
    outer loop
      vertex 8.069 10.403 12.5
      vertex 9.407 12.728 12.5
      vertex 7.399 11.207 12.5
    endloop
  endfacet
  facet normal -0.84461 0.53539 0
    outer loop
      vertex 10.165 -3.17 12.5
      vertex 8.65 -5.56 15
      vertex 10.165 -3.17 15
    endloop
  endfacet
  facet normal 0 0 -1
    outer loop
      vertex 10.211 30.657 0
      vertex 14.998 33.657 0
      vertex 12.415 28.296 0
    endloop
  endfacet
  facet normal 0 0 -1
    outer loop
      vertex 12.999 35.57 0
      vertex 10.211 30.657 0
      vertex 8.629 32.11 0
    endloop
  endfacet
  facet normal -0.85608 0.51684 0
    outer loop
      vertex 10.165 -3.17 12.5
      vertex 10.165 -3.17 15
      vertex 11.236 -1.396 15
    endloop
  endfacet
  facet normal -0.85608 0.51684 0
    outer loop
      vertex 10.165 -3.17 12.5
      vertex 11.236 -1.396 15
      vertex 11.236 -1.396 12.5
    endloop
  endfacet
  facet normal 0 0 -1
    outer loop
      vertex 16.632 31.274 0
      vertex 12.415 28.296 0
      vertex 14.998 33.657 0
    endloop
  endfacet
  facet normal 0 0 -1
    outer loop
      vertex 14.998 33.657 0
      vertex 10.211 30.657 0
      vertex 14.078 34.646 0
    endloop
  endfacet
  facet normal 0 0 1
    outer loop
      vertex 3.79 -42 2
      vertex 1.844 -42 2
      vertex 3.345 -44.311 2
    endloop
  endfacet
  facet normal 0 0 1
    outer loop
      vertex 6.722 11.502 12.5
      vertex 7.399 11.207 12.5
      vertex 8.612 13.158 12.5
    endloop
  endfacet
  facet normal 0 0 1
    outer loop
      vertex 5.732 11.171 12.5
      vertex 6.722 11.502 12.5
      vertex 6.376 12.973 12.5
    endloop
  endfacet
  facet normal 0 0 1
    outer loop
      vertex 5.732 11.171 12.5
      vertex 6.376 12.973 12.5
      vertex 3.826 11.786 12.5
    endloop
  endfacet
  facet normal 0 0 1
    outer loop
      vertex 8.388 -3.25 12.5
      vertex 8.512 -3.383 12.5
      vertex 10.355 -1.468 12.5
    endloop
  endfacet
  facet normal 0 0 1
    outer loop
      vertex 11.236 -1.396 12.5
      vertex 10.355 -1.468 12.5
      vertex 10.165 -3.17 12.5
    endloop
  endfacet
  facet normal 0 0 1
    outer loop
      vertex 10.165 -3.17 12.5
      vertex 10.355 -1.468 12.5
      vertex 8.512 -3.383 12.5
    endloop
  endfacet
  facet normal 0.40523 -0.91422 0
    outer loop
      vertex -1.083 -41.803 12.5
      vertex -1.083 -41.803 0
      vertex 0.503 -41.1 12.5
    endloop
  endfacet
  facet normal 0.5376 -0.8432 0
    outer loop
      vertex 1.488 -40.472 12.5
      vertex 0.503 -41.1 12.5
      vertex 0.503 -41.1 0
    endloop
  endfacet
  facet normal 0.31709 -0.9484 0
    outer loop
      vertex 5.732 11.171 0
      vertex 6.722 11.502 12.5
      vertex 5.732 11.171 12.5
    endloop
  endfacet
  facet normal 0.38187 -0.92421 0
    outer loop
      vertex 3.457 10.231 12.5
      vertex 5.732 11.171 0
      vertex 5.732 11.171 12.5
    endloop
  endfacet
  facet normal -0.99812 -0.06133 0
    outer loop
      vertex -5.409 -25.117 0
      vertex -5.369 -25.768 12.5
      vertex -5.409 -25.117 12.5
    endloop
  endfacet
  facet normal 0 0 1
    outer loop
      vertex 4.482 -45.035 2
      vertex 3.93 -48 2
      vertex 6.449 -45.908 2
    endloop
  endfacet
  facet normal 0 0 1
    outer loop
      vertex 12.797 11.11 15
      vertex 11.908 12.439 15
      vertex 11.312 11.188 15
    endloop
  endfacet
  facet normal 0 0 1
    outer loop
      vertex 10.226 12.318 15
      vertex 10.861 11.8 15
      vertex 11.908 12.439 15
    endloop
  endfacet
  facet normal -0.82152 -0.57018 0
    outer loop
      vertex -5.409 -25.117 0
      vertex -5.409 -25.117 12.5
      vertex -5.654 -24.764 12.5
    endloop
  endfacet
  facet normal 0 0 1
    outer loop
      vertex 0.693 9.329 12.5
      vertex 3.457 10.231 12.5
      vertex 0.579 10.592 12.5
    endloop
  endfacet
  facet normal 0 0 1
    outer loop
      vertex 3.826 11.786 12.5
      vertex 0.579 10.592 12.5
      vertex 3.457 10.231 12.5
    endloop
  endfacet
  facet normal 0 0 1
    outer loop
      vertex 3.826 11.786 12.5
      vertex 3.457 10.231 12.5
      vertex 5.732 11.171 12.5
    endloop
  endfacet
  facet normal 0 0 1
    outer loop
      vertex 11.653 9.725 15
      vertex 13.134 9.899 15
      vertex 11.577 10.493 15
    endloop
  endfacet
  facet normal 0 0 1
    outer loop
      vertex 11.539 8.899 15
      vertex 12.926 8.573 15
      vertex 11.653 9.725 15
    endloop
  endfacet
  facet normal 0 0 1
    outer loop
      vertex 11.577 10.493 15
      vertex 12.797 11.11 15
      vertex 11.312 11.188 15
    endloop
  endfacet
  facet normal 0 0 1
    outer loop
      vertex 10.861 11.8 15
      vertex 11.312 11.188 15
      vertex 11.908 12.439 15
    endloop
  endfacet
  facet normal 0 0 1
    outer loop
      vertex -3.854 -29.825 12.5
      vertex -4.081 -26.819 12.5
      vertex -5.104 -28.883 12.5
    endloop
  endfacet
  facet normal 0 0 1
    outer loop
      vertex -3.816 -30.251 12.5
      vertex -4.877 -30.839 12.5
      vertex -3.632 -30.463 12.5
    endloop
  endfacet
  facet normal 0 0 1
    outer loop
      vertex -3.93 -31.853 12.5
      vertex -2.452 -31.635 12.5
      vertex -3.632 -30.463 12.5
    endloop
  endfacet
  facet normal 0 0 1
    outer loop
      vertex -2.414 -30.368 12.5
      vertex -3.632 -30.463 12.5
      vertex -2.452 -31.635 12.5
    endloop
  endfacet
  facet normal 0 0 1
    outer loop
      vertex 11.232 8.025 15
      vertex 10.733 7.115 15
      vertex 12.173 6.898 15
    endloop
  endfacet
  facet normal 0 0 1
    outer loop
      vertex 13.134 9.899 15
      vertex 11.653 9.725 15
      vertex 12.926 8.573 15
    endloop
  endfacet
  facet normal 0 0 1
    outer loop
      vertex 12.173 6.898 15
      vertex 12.926 8.573 15
      vertex 11.232 8.025 15
    endloop
  endfacet
  facet normal 0 0 1
    outer loop
      vertex 11.232 8.025 15
      vertex 12.926 8.573 15
      vertex 11.539 8.899 15
    endloop
  endfacet
  facet normal 0 0 1
    outer loop
      vertex 10.733 7.115 15
      vertex 11.112 4.942 15
      vertex 12.173 6.898 15
    endloop
  endfacet
  facet normal -0.42201 0.90659 0
    outer loop
      vertex 3.826 11.786 0
      vertex 3.826 11.786 12.5
      vertex 6.376 12.973 0
    endloop
  endfacet
  facet normal 0.99605 0.08885 0
    outer loop
      vertex -3.854 -29.825 0
      vertex -3.854 -29.825 12.5
      vertex -3.816 -30.251 12.5
    endloop
  endfacet
  facet normal 0 0 1
    outer loop
      vertex 9.853 5.037 15
      vertex 11.112 4.942 15
      vertex 10.073 5.973 15
    endloop
  endfacet
  facet normal 0 0 1
    outer loop
      vertex 10.073 3.973 15
      vertex 11.112 4.942 15
      vertex 9.853 5.037 15
    endloop
  endfacet
  facet normal 0 0 1
    outer loop
      vertex 10.073 3.973 15
      vertex 10.733 2.443 15
      vertex 11.112 4.942 15
    endloop
  endfacet
  facet normal 0 0 1
    outer loop
      vertex 10.733 7.115 15
      vertex 10.073 5.973 15
      vertex 11.112 4.942 15
    endloop
  endfacet
  facet normal 0 0 1
    outer loop
      vertex 12.887 0.7 15
      vertex 12.211 2.335 15
      vertex 11.407 0.8 15
    endloop
  endfacet
  facet normal -0.34513 0.93856 0
    outer loop
      vertex 3.826 11.786 12.5
      vertex 0.579 10.592 0
      vertex 0.579 10.592 12.5
    endloop
  endfacet
  facet normal -0.76822 -0.64018 0
    outer loop
      vertex 7.399 11.207 12.5
      vertex 8.069 10.403 0
      vertex 8.069 10.403 12.5
    endloop
  endfacet
  facet normal 0.98308 -0.18319 0
    outer loop
      vertex 6.449 -45.908 2
      vertex 5.461 -51.21 0
      vertex 6.449 -45.908 0
    endloop
  endfacet
  facet normal 0 0 1
    outer loop
      vertex -0.563 -31.187 12.5
      vertex -2.414 -30.368 12.5
      vertex -2.452 -31.635 12.5
    endloop
  endfacet
  facet normal 0.31024 -0.95066 0
    outer loop
      vertex 0.693 9.329 12.5
      vertex 0.693 9.329 0
      vertex 3.457 10.231 12.5
    endloop
  endfacet
  facet normal 0 0 1
    outer loop
      vertex -4.877 -30.839 12.5
      vertex -5.142 -31.961 12.5
      vertex -3.93 -31.853 12.5
    endloop
  endfacet
  facet normal 0.85753 0.51443 0
    outer loop
      vertex -44.495 -8.344 2
      vertex -44.495 -8.344 15
      vertex -43.384 -10.196 15
    endloop
  endfacet
  facet normal 0 0 1
    outer loop
      vertex -0.809 -47.14 2
      vertex 0.754 -48 2
      vertex -0.532 -46.933 2
    endloop
  endfacet
  facet normal 0.59701 0.80223 0
    outer loop
      vertex -42.8 -10.834 2
      vertex -42.8 -10.834 15
      vertex -42.198 -11.282 15
    endloop
  endfacet
  facet normal -0.98456 0.17503 0
    outer loop
      vertex 0.674 -48.45 2
      vertex 0.754 -48 2
      vertex 0.754 -48 0
    endloop
  endfacet
  facet normal -0.98456 0.17503 0
    outer loop
      vertex 0.674 -48.45 2
      vertex 0.754 -48 0
      vertex 0.674 -48.45 0
    endloop
  endfacet
  facet normal 0 0 -1
    outer loop
      vertex 12.415 28.296 0
      vertex 16.632 31.274 0
      vertex 12.708 27.802 0
    endloop
  endfacet
  facet normal 0.44879 0.89364 0
    outer loop
      vertex -41.517 -11.624 2
      vertex -42.198 -11.282 15
      vertex -41.517 -11.624 15
    endloop
  endfacet
  facet normal 0 0 -1
    outer loop
      vertex 12.708 27.802 0
      vertex 17.858 28.687 0
      vertex 12.909 27.071 0
    endloop
  endfacet
  facet normal 0.99716 0.0753 0
    outer loop
      vertex -4.081 -26.819 12.5
      vertex -3.854 -29.825 0
      vertex -4.081 -26.819 0
    endloop
  endfacet
  facet normal 0 0 -1
    outer loop
      vertex 12.909 27.071 0
      vertex 18 27.188 0
      vertex 13.033 25.136 0
    endloop
  endfacet
  facet normal -0.9831 0.18308 0
    outer loop
      vertex 3.345 -44.311 12.5
      vertex 3.345 -44.311 2
      vertex 2.658 -48 2
    endloop
  endfacet
  facet normal 0 0 -1
    outer loop
      vertex 7.133 33.127 0
      vertex 10.108 37.414 0
      vertex 8.629 32.11 0
    endloop
  endfacet
  facet normal 0 0 -1
    outer loop
      vertex 12.999 35.57 0
      vertex 8.629 32.11 0
      vertex 10.108 37.414 0
    endloop
  endfacet
  facet normal 0 0 -1
    outer loop
      vertex 4.018 30.112 0
      vertex 3.189 29.864 0
      vertex 4.508 30.569 0
    endloop
  endfacet
  facet normal 0 0 1
    outer loop
      vertex 3.497 -50.322 2
      vertex 5.461 -51.21 2
      vertex 3.93 -48 2
    endloop
  endfacet
  facet normal 0 0 -1
    outer loop
      vertex 4.508 30.569 0
      vertex 3.189 29.864 0
      vertex 4.921 31.261 0
    endloop
  endfacet
  facet normal 0 0 1
    outer loop
      vertex 2.658 -48 2
      vertex 0.674 -48.45 2
      vertex 2.36 -49.598 2
    endloop
  endfacet
  facet normal 0 0 1
    outer loop
      vertex -0.444 -46.484 2
      vertex 0.754 -48 2
      vertex 3.345 -44.311 2
    endloop
  endfacet
  facet normal 0 0 1
    outer loop
      vertex -0.444 -46.484 2
      vertex -0.532 -46.933 2
      vertex 0.754 -48 2
    endloop
  endfacet
  facet normal 0 0 1
    outer loop
      vertex 2.658 -48 2
      vertex 3.345 -44.311 2
      vertex 0.754 -48 2
    endloop
  endfacet
  facet normal 0 0 1
    outer loop
      vertex 0.674 -48.45 2
      vertex 2.658 -48 2
      vertex 0.754 -48 2
    endloop
  endfacet
  facet normal 0 0 -1
    outer loop
      vertex 1.98 29.871 0
      vertex 4.921 31.261 0
      vertex 3.189 29.864 0
    endloop
  endfacet
  facet normal 0 0 -1
    outer loop
      vertex 0.593 30.117 0
      vertex 5.309 32.872 0
      vertex 1.98 29.871 0
    endloop
  endfacet
  facet normal 0 0 -1
    outer loop
      vertex 17.504 19.675 0
      vertex 12.225 21.105 0
      vertex 17.824 20.891 0
    endloop
  endfacet
  facet normal -0.73142 -0.68193 0
    outer loop
      vertex 8.388 -3.25 2
      vertex 8.512 -3.383 12.5
      vertex 8.388 -3.25 12.5
    endloop
  endfacet
  facet normal -0.41581 0.90945 0
    outer loop
      vertex 10.355 -1.468 12.5
      vertex 11.208 -1.078 12.5
      vertex 10.355 -1.468 2
    endloop
  endfacet
  facet normal 0.75522 0.65547 0
    outer loop
      vertex -3.632 -30.463 0
      vertex -3.816 -30.251 0
      vertex -3.632 -30.463 12.5
    endloop
  endfacet
  facet normal 0 0 1
    outer loop
      vertex 6.829 14.167 2
      vertex 8.192 14.101 2
      vertex 6.929 14.815 2
    endloop
  endfacet
  facet normal 0 0 1
    outer loop
      vertex 6.922 13.312 2
      vertex 8.192 14.101 2
      vertex 6.829 14.167 2
    endloop
  endfacet
  facet normal 0 0 1
    outer loop
      vertex 7.29 15.484 2
      vertex 6.929 14.815 2
      vertex 8.192 14.101 2
    endloop
  endfacet
  facet normal -0.07776 0.99697 0
    outer loop
      vertex -2.414 -30.368 12.5
      vertex -3.632 -30.463 0
      vertex -3.632 -30.463 12.5
    endloop
  endfacet
  facet normal -0.88005 0.47488 0
    outer loop
      vertex 7.29 15.484 0
      vertex 6.929 14.815 0
      vertex 6.929 14.815 2
    endloop
  endfacet
  facet normal -0.88005 0.47488 0
    outer loop
      vertex 7.29 15.484 0
      vertex 6.929 14.815 2
      vertex 7.29 15.484 2
    endloop
  endfacet
  facet normal 0 0 1
    outer loop
      vertex 10.733 2.443 15
      vertex 11.407 0.8 15
      vertex 12.211 2.335 15
    endloop
  endfacet
  facet normal 0 0 1
    outer loop
      vertex 12.211 2.335 15
      vertex 11.112 4.942 15
      vertex 10.733 2.443 15
    endloop
  endfacet
  facet normal 0 0 1
    outer loop
      vertex 11.407 0.8 15
      vertex 11.681 -0.273 15
      vertex 12.887 0.7 15
    endloop
  endfacet
  facet normal -0.9883 0.15252 0
    outer loop
      vertex 6.929 14.815 0
      vertex 6.829 14.167 0
      vertex 6.829 14.167 2
    endloop
  endfacet
  facet normal -0.9883 0.15252 0
    outer loop
      vertex 6.929 14.815 0
      vertex 6.829 14.167 2
      vertex 6.929 14.815 2
    endloop
  endfacet
  facet normal 0 0 -1
    outer loop
      vertex 12.8 22.985 0
      vertex 17.824 20.891 0
      vertex 12.225 21.105 0
    endloop
  endfacet
  facet normal 0 0 -1
    outer loop
      vertex 13.033 25.136 0
      vertex 18 24.737 0
      vertex 12.8 22.985 0
    endloop
  endfacet
  facet normal 0 0 -1
    outer loop
      vertex 18 24.737 0
      vertex 17.824 20.891 0
      vertex 12.8 22.985 0
    endloop
  endfacet
  facet normal 0 0 1
    outer loop
      vertex -6.127 41.628 15
      vertex -4.886 40.143 15
      vertex -5.995 41.913 15
    endloop
  endfacet
  facet normal 0 0 1
    outer loop
      vertex -5.573 42 15
      vertex -5.995 41.913 15
      vertex -4.886 40.143 15
    endloop
  endfacet
  facet normal 0 0 1
    outer loop
      vertex -3.74 41.538 15
      vertex -5.573 42 15
      vertex -4.886 40.143 15
    endloop
  endfacet
  facet normal 0 0 1
    outer loop
      vertex -4.334 33.702 15
      vertex -4.422 35.001 15
      vertex -6.587 34.204 15
    endloop
  endfacet
  facet normal 0.23076 -0.97301 0
    outer loop
      vertex -0.563 -31.187 12.5
      vertex -2.452 -31.635 12.5
      vertex -0.563 -31.187 0
    endloop
  endfacet
  facet normal 0 0 -1
    outer loop
      vertex 15.867 16.51 0
      vertex 12.225 21.105 0
      vertex 16.936 18.38 0
    endloop
  endfacet
  facet normal 0 0 -1
    outer loop
      vertex 17.504 19.675 0
      vertex 16.936 18.38 0
      vertex 12.225 21.105 0
    endloop
  endfacet
  facet normal -0.98305 0.18332 0
    outer loop
      vertex 2.658 -48 2
      vertex 2.36 -49.598 2
      vertex 2.36 -49.598 15
    endloop
  endfacet
  facet normal 0 0 -1
    outer loop
      vertex 15.867 16.51 0
      vertex 14.77 15.075 0
      vertex 11.042 19.348 0
    endloop
  endfacet
  facet normal 0 0 1
    outer loop
      vertex -3.93 -31.853 12.5
      vertex -3.632 -30.463 12.5
      vertex -4.877 -30.839 12.5
    endloop
  endfacet
  facet normal 0 0 1
    outer loop
      vertex -5.104 -28.883 12.5
      vertex -4.877 -30.839 12.5
      vertex -3.854 -29.825 12.5
    endloop
  endfacet
  facet normal 0 0 1
    outer loop
      vertex -3.854 -29.825 12.5
      vertex -4.877 -30.839 12.5
      vertex -3.816 -30.251 12.5
    endloop
  endfacet
  facet normal 0 0 -1
    outer loop
      vertex 15.867 16.51 0
      vertex 11.042 19.348 0
      vertex 12.225 21.105 0
    endloop
  endfacet
  facet normal 0 0 1
    outer loop
      vertex -7.567 -30.621 12.5
      vertex -5.142 -31.961 12.5
      vertex -4.877 -30.839 12.5
    endloop
  endfacet
  facet normal 0 0 1
    outer loop
      vertex -4.877 -35.474 12.5
      vertex -3.664 -34.822 12.5
      vertex -5.142 -31.961 12.5
    endloop
  endfacet
  facet normal 0.08078 0.99673 0
    outer loop
      vertex -4.877 -30.839 12.5
      vertex -4.877 -30.839 0
      vertex -7.567 -30.621 12.5
    endloop
  endfacet
  facet normal 0 0 -1
    outer loop
      vertex 6.922 13.312 0
      vertex 6.829 14.167 0
      vertex 13.63 13.949 0
    endloop
  endfacet
  facet normal 0 0 -1
    outer loop
      vertex 7.29 15.484 0
      vertex 9.147 17.4 0
      vertex 13.63 13.949 0
    endloop
  endfacet
  facet normal 0 0 -1
    outer loop
      vertex 9.147 17.4 0
      vertex 11.042 19.348 0
      vertex 13.63 13.949 0
    endloop
  endfacet
  facet normal 0 0 -1
    outer loop
      vertex 14.77 15.075 0
      vertex 13.63 13.949 0
      vertex 11.042 19.348 0
    endloop
  endfacet
  facet normal 0 0 1
    outer loop
      vertex -2.149 33.045 15
      vertex -1.505 34.191 15
      vertex -4.334 33.702 15
    endloop
  endfacet
  facet normal 0 0 1
    outer loop
      vertex -4.422 35.001 15
      vertex -4.334 33.702 15
      vertex -1.505 34.191 15
    endloop
  endfacet
  facet normal 0 0 -1
    outer loop
      vertex 15.16 9.886 0
      vertex 8.716 9.148 0
      vertex 14.968 11.397 0
    endloop
  endfacet
  facet normal 0 0 -1
    outer loop
      vertex 14.968 11.397 0
      vertex 8.716 9.148 0
      vertex 14.39 12.714 0
    endloop
  endfacet
  facet normal 0 0 1
    outer loop
      vertex -2.149 39.528 15
      vertex -3.74 41.538 15
      vertex -4.886 40.143 15
    endloop
  endfacet
  facet normal 0 0 1
    outer loop
      vertex -2.149 39.528 15
      vertex -4.886 40.143 15
      vertex -1.884 37.246 15
    endloop
  endfacet
  facet normal 0.99716 0.0753 0
    outer loop
      vertex -3.854 -29.825 12.5
      vertex -3.854 -29.825 0
      vertex -4.081 -26.819 12.5
    endloop
  endfacet
  facet normal 0 0 1
    outer loop
      vertex -3.74 41.538 15
      vertex -2.149 39.528 15
      vertex -0.373 40.152 15
    endloop
  endfacet
  facet normal 0.59701 0.80223 0
    outer loop
      vertex -42.198 -11.282 2
      vertex -42.8 -10.834 2
      vertex -42.198 -11.282 15
    endloop
  endfacet
  facet normal 0.79721 -0.60371 0
    outer loop
      vertex -3.937 -24.613 0
      vertex -3.937 -24.613 12.5
      vertex -4.171 -24.922 0
    endloop
  endfacet
  facet normal 0.44879 0.89364 0
    outer loop
      vertex -41.517 -11.624 2
      vertex -42.198 -11.282 2
      vertex -42.198 -11.282 15
    endloop
  endfacet
  facet normal 0 0 -1
    outer loop
      vertex 8.716 9.148 0
      vertex 15.16 9.886 0
      vertex 9.129 8.004 0
    endloop
  endfacet
  facet normal 0 0 -1
    outer loop
      vertex 13.63 13.949 0
      vertex 14.39 12.714 0
      vertex 8.069 10.403 0
    endloop
  endfacet
  facet normal 0 0 -1
    outer loop
      vertex 6.922 13.312 0
      vertex 13.63 13.949 0
      vertex 7.399 11.207 0
    endloop
  endfacet
  facet normal 0 0 -1
    outer loop
      vertex 8.069 10.403 0
      vertex 7.399 11.207 0
      vertex 13.63 13.949 0
    endloop
  endfacet
  facet normal 0.99888 0.04739 0
    outer loop
      vertex -4.081 -26.819 12.5
      vertex -4.081 -26.819 0
      vertex -4.171 -24.922 12.5
    endloop
  endfacet
  facet normal 0 0 -1
    outer loop
      vertex 6.929 14.815 0
      vertex 13.63 13.949 0
      vertex 6.829 14.167 0
    endloop
  endfacet
  facet normal 0 0 -1
    outer loop
      vertex 7.29 15.484 0
      vertex 13.63 13.949 0
      vertex 6.929 14.815 0
    endloop
  endfacet
  facet normal 0 0 -1
    outer loop
      vertex 6.922 13.312 0
      vertex 6.722 11.502 0
      vertex 6.376 12.973 0
    endloop
  endfacet
  facet normal 0 0 1
    outer loop
      vertex -11.256 34.742 15
      vertex -8.899 34.552 15
      vertex -8.513 35.714 15
    endloop
  endfacet
  facet normal 0 0 1
    outer loop
      vertex -8.899 34.552 15
      vertex -6.587 34.204 15
      vertex -8.513 35.714 15
    endloop
  endfacet
  facet normal 0 0 1
    outer loop
      vertex -4.422 35.001 15
      vertex -8.513 35.714 15
      vertex -6.587 34.204 15
    endloop
  endfacet
  facet normal 0 0 1
    outer loop
      vertex -8.513 35.714 15
      vertex -12.909 35.956 15
      vertex -11.256 34.742 15
    endloop
  endfacet
  facet normal 0 0 -1
    outer loop
      vertex 8.716 9.148 0
      vertex 8.069 10.403 0
      vertex 14.39 12.714 0
    endloop
  endfacet
  facet normal -0.26578 -0.96403 0
    outer loop
      vertex -6.296 -24.587 0
      vertex -5.654 -24.764 0
      vertex -6.296 -24.587 12.5
    endloop
  endfacet
  facet normal 0 0 1
    outer loop
      vertex -16.061 34.65 15
      vertex -13.648 34.775 15
      vertex -12.909 35.956 15
    endloop
  endfacet
  facet normal 0 0 1
    outer loop
      vertex -13.648 34.775 15
      vertex -11.256 34.742 15
      vertex -12.909 35.956 15
    endloop
  endfacet
  facet normal 0 0 -1
    outer loop
      vertex 6.722 11.502 0
      vertex 6.922 13.312 0
      vertex 7.399 11.207 0
    endloop
  endfacet
  facet normal 0 0 -1
    outer loop
      vertex 0.579 10.592 0
      vertex 3.826 11.786 0
      vertex 3.457 10.231 0
    endloop
  endfacet
  facet normal 0 0 1
    outer loop
      vertex -12.909 35.956 15
      vertex -17.39 35.729 15
      vertex -16.061 34.65 15
    endloop
  endfacet
  facet normal 0 0 1
    outer loop
      vertex -20.904 33.914 15
      vertex -18.483 34.362 15
      vertex -21.738 35.037 15
    endloop
  endfacet
  facet normal 0 0 1
    outer loop
      vertex -17.39 35.729 15
      vertex -21.738 35.037 15
      vertex -18.483 34.362 15
    endloop
  endfacet
  facet normal 0 0 1
    outer loop
      vertex -18.483 34.362 15
      vertex -16.061 34.65 15
      vertex -17.39 35.729 15
    endloop
  endfacet
  facet normal 0 0 -1
    outer loop
      vertex 6.722 11.502 0
      vertex 5.732 11.171 0
      vertex 6.376 12.973 0
    endloop
  endfacet
  facet normal 0 0 -1
    outer loop
      vertex 3.826 11.786 0
      vertex 6.376 12.973 0
      vertex 5.732 11.171 0
    endloop
  endfacet
  facet normal 0 0 -1
    outer loop
      vertex 5.732 11.171 0
      vertex 3.457 10.231 0
      vertex 3.826 11.786 0
    endloop
  endfacet
  facet normal 0 0 -1
    outer loop
      vertex 3.457 10.231 0
      vertex 0.693 9.329 0
      vertex 0.579 10.592 0
    endloop
  endfacet
  facet normal 0 0 -1
    outer loop
      vertex -2.258 9.703 0
      vertex 0.579 10.592 0
      vertex 0.693 9.329 0
    endloop
  endfacet
  facet normal -0.98727 0.15905 0
    outer loop
      vertex 2.36 -49.598 2
      vertex 1.829 -52.894 15
      vertex 2.36 -49.598 15
    endloop
  endfacet
  facet normal 0 0 -1
    outer loop
      vertex 14.39 6.54 0
      vertex 9.129 8.004 0
      vertex 14.968 8.246 0
    endloop
  endfacet
  facet normal 0 0 -1
    outer loop
      vertex 13.555 4.76 0
      vertex 9.129 8.004 0
      vertex 14.39 6.54 0
    endloop
  endfacet
  facet normal 0.99605 0.08885 0
    outer loop
      vertex -3.816 -30.251 12.5
      vertex -3.816 -30.251 0
      vertex -3.854 -29.825 0
    endloop
  endfacet
  facet normal -0.9964 -0.08477 0
    outer loop
      vertex -5.369 -25.768 0
      vertex -5.104 -28.883 0
      vertex -5.369 -25.768 12.5
    endloop
  endfacet
  facet normal -0.22028 0.97544 0
    outer loop
      vertex -2.414 -30.368 0
      vertex -2.414 -30.368 12.5
      vertex -0.842 -30.013 0
    endloop
  endfacet
  facet normal 0 0 -1
    outer loop
      vertex 8.919 7.666 0
      vertex 9.129 8.004 0
      vertex 13.555 4.76 0
    endloop
  endfacet
  facet normal 0 0 -1
    outer loop
      vertex 15.16 9.886 0
      vertex 14.968 8.246 0
      vertex 9.129 8.004 0
    endloop
  endfacet
  facet normal -0.40027 0.9164 0
    outer loop
      vertex -41.047 -11.707 15
      vertex -40.96 -11.669 2
      vertex -41.047 -11.707 2
    endloop
  endfacet
  facet normal 0.75522 0.65547 0
    outer loop
      vertex -3.816 -30.251 12.5
      vertex -3.632 -30.463 12.5
      vertex -3.816 -30.251 0
    endloop
  endfacet
  facet normal 0 0 -1
    outer loop
      vertex 8.012 5.115 0
      vertex 8.235 6.448 0
      vertex 13.555 4.76 0
    endloop
  endfacet
  facet normal 0.98305 -0.18332 0
    outer loop
      vertex 3.93 -48 2
      vertex 3.497 -50.322 15
      vertex 3.497 -50.322 2
    endloop
  endfacet
  facet normal -0.99333 -0.11528 0
    outer loop
      vertex -5.104 -28.883 0
      vertex -4.877 -30.839 0
      vertex -5.104 -28.883 12.5
    endloop
  endfacet
  facet normal 0.80947 0.58716 0
    outer loop
      vertex -42.127 -8.76 2
      vertex -41.781 -9.237 2
      vertex -41.781 -9.237 0
    endloop
  endfacet
  facet normal 0.80947 0.58716 0
    outer loop
      vertex -42.127 -8.76 2
      vertex -41.781 -9.237 0
      vertex -42.127 -8.76 0
    endloop
  endfacet
  facet normal 0.98727 -0.15905 0
    outer loop
      vertex 2.966 -53.618 15
      vertex 2.966 -53.618 2
      vertex 3.497 -50.322 15
    endloop
  endfacet
  facet normal 0 0 -1
    outer loop
      vertex 13.555 4.76 0
      vertex 8.957 1.637 0
      vertex 8.252 3.549 0
    endloop
  endfacet
  facet normal 0.5145 0.85749 0
    outer loop
      vertex -41.781 -9.237 2
      vertex -41.501 -9.405 2
      vertex -41.501 -9.405 0
    endloop
  endfacet
  facet normal 0.5145 0.85749 0
    outer loop
      vertex -41.781 -9.237 2
      vertex -41.501 -9.405 0
      vertex -41.781 -9.237 0
    endloop
  endfacet
  facet normal -0.07776 0.99697 0
    outer loop
      vertex -2.414 -30.368 12.5
      vertex -2.414 -30.368 0
      vertex -3.632 -30.463 0
    endloop
  endfacet
  facet normal 0 0 -1
    outer loop
      vertex 13.555 4.76 0
      vertex 14.39 2.726 0
      vertex 8.957 1.637 0
    endloop
  endfacet
  facet normal 0.9794 -0.20191 0
    outer loop
      vertex 2.966 -53.618 2
      vertex 2.966 -53.618 15
      vertex 2.725 -54.787 15
    endloop
  endfacet
  facet normal 0 0 -1
    outer loop
      vertex 14.995 0.896 0
      vertex 9.945 -0.579 0
      vertex 14.39 2.726 0
    endloop
  endfacet
  facet normal -0.99717 -0.07522 0
    outer loop
      vertex -5.142 -31.961 12.5
      vertex -5.142 -31.961 0
      vertex -4.877 -35.474 12.5
    endloop
  endfacet
  facet normal -0.46724 0.88413 0
    outer loop
      vertex -0.842 -30.013 12.5
      vertex 0.106 -29.512 12.5
      vertex -0.842 -30.013 0
    endloop
  endfacet
  facet normal -0.99414 -0.10813 0
    outer loop
      vertex 6.829 14.167 0
      vertex 6.922 13.312 0
      vertex 6.922 13.312 2
    endloop
  endfacet
  facet normal -0.99414 -0.10813 0
    outer loop
      vertex 6.829 14.167 0
      vertex 6.922 13.312 2
      vertex 6.829 14.167 2
    endloop
  endfacet
  facet normal 0 0 1
    outer loop
      vertex -42.127 -8.76 2
      vertex -43.384 -10.196 2
      vertex -41.781 -9.237 2
    endloop
  endfacet
  facet normal 0 0 1
    outer loop
      vertex -44.495 -8.344 2
      vertex -43.384 -10.196 2
      vertex -42.127 -8.76 2
    endloop
  endfacet
  facet normal 0 0 1
    outer loop
      vertex -43.233 -10.361 2
      vertex -41.781 -9.237 2
      vertex -43.384 -10.196 2
    endloop
  endfacet
  facet normal -0.52748 0.84957 0
    outer loop
      vertex 6.376 12.973 0
      vertex 6.376 12.973 12.5
      vertex 6.922 13.312 2
    endloop
  endfacet
  facet normal 0.73771 0.67512 0
    outer loop
      vertex -43.384 -10.196 15
      vertex -43.233 -10.361 2
      vertex -43.384 -10.196 2
    endloop
  endfacet
  facet normal 0 0 -1
    outer loop
      vertex 8.919 7.666 0
      vertex 13.555 4.76 0
      vertex 8.235 6.448 0
    endloop
  endfacet
  facet normal 0 0 -1
    outer loop
      vertex 8.252 3.549 0
      vertex 8.012 5.115 0
      vertex 13.555 4.76 0
    endloop
  endfacet
  facet normal 0.14592 -0.9893 0
    outer loop
      vertex -2.452 -31.635 0
      vertex -2.452 -31.635 12.5
      vertex -3.93 -31.853 12.5
    endloop
  endfacet
  facet normal 0 0 -1
    outer loop
      vertex 5.803 39.592 0
      vertex 5.551 33.749 0
      vertex -0.007 42.246 0
    endloop
  endfacet
  facet normal 0.61264 -0.79036 0
    outer loop
      vertex 1.943 -55.791 2
      vertex 1.943 -55.791 15
      vertex 0.76 -56.708 15
    endloop
  endfacet
  facet normal 0.93016 0.36717 0
    outer loop
      vertex -44.495 -8.344 2
      vertex -44.555 -8.192 2
      vertex -44.495 -8.344 15
    endloop
  endfacet
  facet normal 0.23076 -0.97301 0
    outer loop
      vertex -2.452 -31.635 12.5
      vertex -2.452 -31.635 0
      vertex -0.563 -31.187 0
    endloop
  endfacet
  facet normal 0 0 -1
    outer loop
      vertex -5.072 43.958 0
      vertex -7.979 41.399 0
      vertex -6.059 44 0
    endloop
  endfacet
  facet normal 0.85753 0.51443 0
    outer loop
      vertex -43.384 -10.196 15
      vertex -43.384 -10.196 2
      vertex -44.495 -8.344 2
    endloop
  endfacet
  facet normal -0.98062 0.19594 0
    outer loop
      vertex 0.028 -51.683 2
      vertex 0.674 -48.45 2
      vertex 0.028 -51.683 0
    endloop
  endfacet
  facet normal -0.98062 0.19594 0
    outer loop
      vertex 0.674 -48.45 0
      vertex 0.028 -51.683 0
      vertex 0.674 -48.45 2
    endloop
  endfacet
  facet normal 0 0 -1
    outer loop
      vertex -7.926 42.514 0
      vertex -7.381 43.406 0
      vertex -7.979 41.399 0
    endloop
  endfacet
  facet normal 0 0 -1
    outer loop
      vertex -7.979 41.399 0
      vertex -7.381 43.406 0
      vertex -6.805 43.809 0
    endloop
  endfacet
  facet normal 0.99888 0.04739 0
    outer loop
      vertex -4.171 -24.922 0
      vertex -4.171 -24.922 12.5
      vertex -4.081 -26.819 0
    endloop
  endfacet
  facet normal 0 0 -1
    outer loop
      vertex -5.072 43.958 0
      vertex -3.78 43.665 0
      vertex -6.697 39.011 0
    endloop
  endfacet
  facet normal 0 0 -1
    outer loop
      vertex -5.072 43.958 0
      vertex -6.697 39.011 0
      vertex -7.562 40.188 0
    endloop
  endfacet
  facet normal 0 0 -1
    outer loop
      vertex -6.805 43.809 0
      vertex -6.059 44 0
      vertex -7.979 41.399 0
    endloop
  endfacet
  facet normal 0 0 -1
    outer loop
      vertex -7.562 40.188 0
      vertex -7.979 41.399 0
      vertex -5.072 43.958 0
    endloop
  endfacet
  facet normal -0.98727 0.15905 0
    outer loop
      vertex 2.36 -49.598 2
      vertex 1.829 -52.894 2
      vertex 1.829 -52.894 15
    endloop
  endfacet
  facet normal 0 0 1
    outer loop
      vertex -42.8 -10.834 2
      vertex -42.198 -11.282 2
      vertex -41.501 -9.405 2
    endloop
  endfacet
  facet normal 0 0 1
    outer loop
      vertex -43.233 -10.361 2
      vertex -42.8 -10.834 2
      vertex -41.781 -9.237 2
    endloop
  endfacet
  facet normal 0 0 1
    outer loop
      vertex -41.501 -9.405 2
      vertex -41.781 -9.237 2
      vertex -42.8 -10.834 2
    endloop
  endfacet
  facet normal 0 0 1
    outer loop
      vertex -42.198 -11.282 2
      vertex -41.517 -11.624 2
      vertex -41.501 -9.405 2
    endloop
  endfacet
  facet normal 0 0 1
    outer loop
      vertex -41.237 -11.674 2
      vertex -41.501 -9.405 2
      vertex -41.517 -11.624 2
    endloop
  endfacet
  facet normal 0 0 1
    outer loop
      vertex -41.237 -11.674 2
      vertex -41.047 -11.707 2
      vertex -41.501 -9.405 2
    endloop
  endfacet
  facet normal 0 0 1
    outer loop
      vertex -40.96 -11.669 2
      vertex -41.501 -9.405 2
      vertex -41.047 -11.707 2
    endloop
  endfacet
  facet normal -0.99812 -0.06133 0
    outer loop
      vertex -5.369 -25.768 12.5
      vertex -5.409 -25.117 0
      vertex -5.369 -25.768 0
    endloop
  endfacet
  facet normal -0.82152 -0.57018 0
    outer loop
      vertex -5.654 -24.764 0
      vertex -5.409 -25.117 0
      vertex -5.654 -24.764 12.5
    endloop
  endfacet
  facet normal 0 0 -1
    outer loop
      vertex -3.78 43.665 0
      vertex -0.007 42.246 0
      vertex -6.697 39.011 0
    endloop
  endfacet
  facet normal 0 0 -1
    outer loop
      vertex -5.405 37.631 0
      vertex -0.007 42.246 0
      vertex -3.026 31.36 0
    endloop
  endfacet
  facet normal 0.73761 0.67523 0
    outer loop
      vertex -43.233 -10.361 2
      vertex -42.8 -10.834 15
      vertex -42.8 -10.834 2
    endloop
  endfacet
  facet normal 0 0 1
    outer loop
      vertex 1.829 -52.894 2
      vertex 2.36 -49.598 2
      vertex 0.028 -51.683 2
    endloop
  endfacet
  facet normal 0 0 1
    outer loop
      vertex 0.674 -48.45 2
      vertex 0.028 -51.683 2
      vertex 2.36 -49.598 2
    endloop
  endfacet
  facet normal 0 0 1
    outer loop
      vertex 0.028 -51.683 2
      vertex -0.354 -53.149 2
      vertex 1.829 -52.894 2
    endloop
  endfacet
  facet normal -0.26578 -0.96403 0
    outer loop
      vertex -5.654 -24.764 12.5
      vertex -6.296 -24.587 12.5
      vertex -5.654 -24.764 0
    endloop
  endfacet
  facet normal 0 0 1
    outer loop
      vertex 6.449 -45.908 2
      vertex 3.93 -48 2
      vertex 5.461 -51.21 2
    endloop
  endfacet
  facet normal 0 0 -1
    outer loop
      vertex -11.789 37.739 0
      vertex -5.405 37.631 0
      vertex -9.516 32.872 0
    endloop
  endfacet
  facet normal 0.1739 0.98476 -0.00004
    outer loop
      vertex -41.517 -11.624 15
      vertex -41.047 -11.707 15
      vertex -41.237 -11.674 2
    endloop
  endfacet
  facet normal 0.17579 0.98443 0
    outer loop
      vertex -41.517 -11.624 15
      vertex -41.237 -11.674 2
      vertex -41.517 -11.624 2
    endloop
  endfacet
  facet normal 0.98308 -0.18319 0
    outer loop
      vertex 5.461 -51.21 2
      vertex 5.461 -51.21 0
      vertex 6.449 -45.908 2
    endloop
  endfacet
  facet normal -0.52748 0.84957 0
    outer loop
      vertex 6.922 13.312 0
      vertex 6.376 12.973 0
      vertex 6.922 13.312 2
    endloop
  endfacet
  facet normal 0.17112 0.98525 0
    outer loop
      vertex -41.047 -11.707 15
      vertex -41.047 -11.707 2
      vertex -41.237 -11.674 2
    endloop
  endfacet
  facet normal -0.42201 0.90659 0
    outer loop
      vertex 6.376 12.973 12.5
      vertex 6.376 12.973 0
      vertex 3.826 11.786 12.5
    endloop
  endfacet
  facet normal 0.97895 -0.20409 0
    outer loop
      vertex 4.683 -55.732 2
      vertex 4.683 -55.732 0
      vertex 4.929 -54.552 0
    endloop
  endfacet
  facet normal 0.97895 -0.20409 0
    outer loop
      vertex 4.683 -55.732 2
      vertex 4.929 -54.552 0
      vertex 4.929 -54.552 2
    endloop
  endfacet
  facet normal -0.51569 -0.85678 0
    outer loop
      vertex 0.021 -25.516 0
      vertex -0.823 -25.008 12.5
      vertex -0.823 -25.008 0
    endloop
  endfacet
  facet normal 0.98757 -0.15721 0
    outer loop
      vertex 5.461 -51.21 2
      vertex 4.929 -54.552 2
      vertex 5.461 -51.21 0
    endloop
  endfacet
  facet normal 0.98757 -0.15721 0
    outer loop
      vertex 4.929 -54.552 0
      vertex 5.461 -51.21 0
      vertex 4.929 -54.552 2
    endloop
  endfacet
  facet normal -0.9964 -0.08477 0
    outer loop
      vertex -5.104 -28.883 12.5
      vertex -5.369 -25.768 12.5
      vertex -5.104 -28.883 0
    endloop
  endfacet
  facet normal -0.34513 0.93856 0
    outer loop
      vertex 3.826 11.786 12.5
      vertex 3.826 11.786 0
      vertex 0.579 10.592 0
    endloop
  endfacet
  facet normal 0 0 1
    outer loop
      vertex -45.208 -13.366 2
      vertex -43.545 -11.899 2
      vertex -44.237 -11.22 2
    endloop
  endfacet
  facet normal -0.76822 -0.64018 0
    outer loop
      vertex 7.399 11.207 0
      vertex 8.069 10.403 0
      vertex 7.399 11.207 12.5
    endloop
  endfacet
  facet normal -0.22028 0.97544 0
    outer loop
      vertex -0.842 -30.013 12.5
      vertex -0.842 -30.013 0
      vertex -2.414 -30.368 12.5
    endloop
  endfacet
  facet normal 0.61264 -0.79036 0
    outer loop
      vertex 0.76 -56.708 15
      vertex 0.76 -56.708 2
      vertex 1.943 -55.791 2
    endloop
  endfacet
  facet normal -0.39947 -0.91675 0
    outer loop
      vertex 7.399 11.207 12.5
      vertex 6.722 11.502 12.5
      vertex 7.399 11.207 0
    endloop
  endfacet
  facet normal 0 0 1
    outer loop
      vertex -45.208 -13.366 2
      vertex -44.351 -13.945 2
      vertex -43.545 -11.899 2
    endloop
  endfacet
  facet normal 0.78767 -0.6161 0
    outer loop
      vertex 2.646 -54.888 2
      vertex 2.725 -54.787 2
      vertex 2.725 -54.787 15
    endloop
  endfacet
  facet normal 0.31024 -0.95066 0
    outer loop
      vertex 0.693 9.329 0
      vertex 3.457 10.231 0
      vertex 3.457 10.231 12.5
    endloop
  endfacet
  facet normal -0.99333 -0.11528 0
    outer loop
      vertex -4.877 -30.839 12.5
      vertex -5.104 -28.883 12.5
      vertex -4.877 -30.839 0
    endloop
  endfacet
  facet normal 0.78893 -0.61448 -0.00002
    outer loop
      vertex 2.725 -54.787 15
      vertex 1.943 -55.791 15
      vertex 2.646 -54.888 2
    endloop
  endfacet
  facet normal -0.39947 -0.91675 0
    outer loop
      vertex 6.722 11.502 0
      vertex 7.399 11.207 0
      vertex 6.722 11.502 12.5
    endloop
  endfacet
  facet normal 0.31709 -0.9484 0
    outer loop
      vertex 5.732 11.171 0
      vertex 6.722 11.502 0
      vertex 6.722 11.502 12.5
    endloop
  endfacet
  facet normal 0.38187 -0.92421 0
    outer loop
      vertex 3.457 10.231 0
      vertex 5.732 11.171 0
      vertex 3.457 10.231 12.5
    endloop
  endfacet
  facet normal 0 0 1
    outer loop
      vertex -31.239 33.244 15
      vertex -30.325 32.207 15
      vertex -27.028 33.903 15
    endloop
  endfacet
  facet normal 0.73763 0.6752 0
    outer loop
      vertex -43.233 -10.361 2
      vertex -43.384 -10.196 15
      vertex -42.8 -10.834 15
    endloop
  endfacet
  facet normal 0 0 1
    outer loop
      vertex -21.738 35.037 15
      vertex -27.028 33.903 15
      vertex -26.152 32.856 15
    endloop
  endfacet
  facet normal 0 0 1
    outer loop
      vertex -21.738 35.037 15
      vertex -26.152 32.856 15
      vertex -20.904 33.914 15
    endloop
  endfacet
  facet normal -0.87683 0.48081 0
    outer loop
      vertex 11.232 8.025 12.5
      vertex 10.733 7.115 12.5
      vertex 10.733 7.115 15
    endloop
  endfacet
  facet normal -0.87683 0.48081 0
    outer loop
      vertex 11.232 8.025 12.5
      vertex 10.733 7.115 15
      vertex 11.232 8.025 15
    endloop
  endfacet
  facet normal -0.83612 -0.54854 0
    outer loop
      vertex -44.237 -11.22 15
      vertex -45.494 -9.304 15
      vertex -44.237 -11.22 2
    endloop
  endfacet
  facet normal -0.94289 0.33312 0
    outer loop
      vertex 11.291 8.192 12.5
      vertex 11.232 8.025 12.5
      vertex 11.232 8.025 15
    endloop
  endfacet
  facet normal 0.89187 0.45229 0
    outer loop
      vertex 11.719 -7.443 2
      vertex 10.544 -5.126 15
      vertex 11.719 -7.443 15
    endloop
  endfacet
  facet normal 0 0 1
    outer loop
      vertex -47.277 -10.567 2
      vertex -45.914 -12.692 2
      vertex -44.237 -11.22 2
    endloop
  endfacet
  facet normal 0 0 1
    outer loop
      vertex -44.237 -11.22 2
      vertex -45.494 -9.304 2
      vertex -47.277 -10.567 2
    endloop
  endfacet
  facet normal 0 0 1
    outer loop
      vertex -48.235 -8.41 2
      vertex -47.277 -10.567 2
      vertex -45.494 -9.304 2
    endloop
  endfacet
  facet normal -0.84461 0.53539 0
    outer loop
      vertex 8.65 -5.56 12.5
      vertex 8.65 -5.56 15
      vertex 10.165 -3.17 12.5
    endloop
  endfacet
  facet normal -0.91392 -0.4059 0
    outer loop
      vertex -48.235 -8.41 0
      vertex -47.277 -10.567 0
      vertex -47.277 -10.567 2
    endloop
  endfacet
  facet normal -0.91392 -0.4059 0
    outer loop
      vertex -48.235 -8.41 0
      vertex -47.277 -10.567 2
      vertex -48.235 -8.41 2
    endloop
  endfacet
  facet normal -0.84173 -0.5399 0
    outer loop
      vertex -47.277 -10.567 0
      vertex -45.914 -12.692 0
      vertex -47.277 -10.567 2
    endloop
  endfacet
  facet normal 0 0 1
    outer loop
      vertex 10.165 -3.17 12.5
      vertex 8.512 -3.383 12.5
      vertex 8.65 -5.56 12.5
    endloop
  endfacet
  facet normal -0.9249 -0.3802 0
    outer loop
      vertex -45.494 -9.304 15
      vertex -46.608 -6.594 15
      vertex -45.494 -9.304 2
    endloop
  endfacet
  facet normal 0 0 1
    outer loop
      vertex 9.32 -6.833 12.5
      vertex 9.521 -6.538 12.5
      vertex 8.65 -5.56 12.5
    endloop
  endfacet
  facet normal 0 0 1
    outer loop
      vertex 10.733 7.115 12.5
      vertex 11.232 8.025 12.5
      vertex 9.265 7.627 12.5
    endloop
  endfacet
  facet normal 0 0 1
    outer loop
      vertex -45.494 -9.304 2
      vertex -46.608 -6.594 2
      vertex -48.235 -8.41 2
    endloop
  endfacet
  facet normal -0.83612 -0.54854 0
    outer loop
      vertex -44.237 -11.22 2
      vertex -45.494 -9.304 15
      vertex -45.494 -9.304 2
    endloop
  endfacet
  facet normal -0.74678 -0.66507 0
    outer loop
      vertex 8.65 -5.56 12.5
      vertex 9.521 -6.538 12.5
      vertex 8.65 -5.56 15
    endloop
  endfacet
  facet normal -0.74678 -0.66507 0
    outer loop
      vertex 9.521 -6.538 15
      vertex 8.65 -5.56 15
      vertex 9.521 -6.538 12.5
    endloop
  endfacet
  facet normal -0.56392 -0.82583 0
    outer loop
      vertex -42.804 -12.405 15
      vertex -43.545 -11.899 2
      vertex -42.804 -12.405 2
    endloop
  endfacet
  facet normal 0.98727 -0.15905 0
    outer loop
      vertex 3.497 -50.322 2
      vertex 3.497 -50.322 15
      vertex 2.966 -53.618 2
    endloop
  endfacet
  facet normal -0.37556 -0.9268 0
    outer loop
      vertex -41.464 -12.948 2
      vertex -41.464 -12.948 15
      vertex -42.804 -12.405 2
    endloop
  endfacet
  facet normal 0.78907 -0.6143 0
    outer loop
      vertex 1.943 -55.791 15
      vertex 1.943 -55.791 2
      vertex 2.646 -54.888 2
    endloop
  endfacet
  facet normal 0 0 -1
    outer loop
      vertex -17.844 37.721 0
      vertex -11.789 37.739 0
      vertex -12.937 33.09 0
    endloop
  endfacet
  facet normal 0 0 -1
    outer loop
      vertex -9.516 32.872 0
      vertex -12.937 33.09 0
      vertex -11.789 37.739 0
    endloop
  endfacet
  facet normal 0 0 -1
    outer loop
      vertex -12.937 33.09 0
      vertex -16.46 32.872 0
      vertex -17.844 37.721 0
    endloop
  endfacet
  facet normal -0.81674 -0.577 0.0001
    outer loop
      vertex 9.521 -6.538 15
      vertex 9.621 -6.68 12.5
      vertex 9.763 -6.881 12.5
    endloop
  endfacet
  facet normal 0 0 -1
    outer loop
      vertex -19.979 37.454 0
      vertex -17.844 37.721 0
      vertex -16.46 32.872 0
    endloop
  endfacet
  facet normal 0 0 -1
    outer loop
      vertex -16.46 32.872 0
      vertex -20.224 32.219 0
      vertex -19.979 37.454 0
    endloop
  endfacet
  facet normal 0 0 -1
    outer loop
      vertex -22.503 36.94 0
      vertex -19.979 37.454 0
      vertex -20.224 32.219 0
    endloop
  endfacet
  facet normal -0.81685 -0.57685 0.00007
    outer loop
      vertex 9.763 -6.881 12.5
      vertex 10.331 -7.685 15
      vertex 9.521 -6.538 15
    endloop
  endfacet
  facet normal 0 0 1
    outer loop
      vertex -42.945 -14.589 2
      vertex -42.804 -12.405 2
      vertex -44.351 -13.945 2
    endloop
  endfacet
  facet normal 0 0 1
    outer loop
      vertex -43.545 -11.899 2
      vertex -44.351 -13.945 2
      vertex -42.804 -12.405 2
    endloop
  endfacet
  facet normal 0.9794 -0.20191 0
    outer loop
      vertex 2.725 -54.787 15
      vertex 2.725 -54.787 2
      vertex 2.966 -53.618 2
    endloop
  endfacet
  facet normal -0.55982 -0.82861 0
    outer loop
      vertex -45.208 -13.366 2
      vertex -44.351 -13.945 0
      vertex -44.351 -13.945 2
    endloop
  endfacet
  facet normal -0.69146 0.72242 0
    outer loop
      vertex 1.209 -54.627 15
      vertex 1.209 -54.627 2
      vertex 0.439 -55.364 15
    endloop
  endfacet
  facet normal -0.69146 0.72242 0
    outer loop
      vertex 0.439 -55.364 2
      vertex 0.439 -55.364 15
      vertex 1.209 -54.627 2
    endloop
  endfacet
  facet normal -0.41643 -0.90917 0
    outer loop
      vertex -44.351 -13.945 0
      vertex -42.945 -14.589 2
      vertex -44.351 -13.945 2
    endloop
  endfacet
  facet normal -0.8709 0.49147 0
    outer loop
      vertex 1.209 -54.627 15
      vertex 1.674 -53.803 15
      vertex 1.209 -54.627 2
    endloop
  endfacet
  facet normal -0.8709 0.49147 0
    outer loop
      vertex 1.674 -53.803 2
      vertex 1.209 -54.627 2
      vertex 1.674 -53.803 15
    endloop
  endfacet
  facet normal -0.81761 -0.57578 0
    outer loop
      vertex 9.521 -6.538 15
      vertex 9.521 -6.538 12.5
      vertex 9.621 -6.68 12.5
    endloop
  endfacet
  facet normal -0.98577 0.16809 0
    outer loop
      vertex 1.674 -53.803 15
      vertex 1.829 -52.894 15
      vertex 1.674 -53.803 2
    endloop
  endfacet
  facet normal -0.98577 0.16809 0
    outer loop
      vertex 1.829 -52.894 2
      vertex 1.674 -53.803 2
      vertex 1.829 -52.894 15
    endloop
  endfacet
  facet normal 0 0 1
    outer loop
      vertex -42.804 -12.405 2
      vertex -42.945 -14.589 2
      vertex -41.464 -12.948 2
    endloop
  endfacet
  facet normal 0 0 1
    outer loop
      vertex 3.497 -50.322 2
      vertex 2.966 -53.618 2
      vertex 5.461 -51.21 2
    endloop
  endfacet
  facet normal -0.37556 -0.9268 0
    outer loop
      vertex -42.804 -12.405 15
      vertex -42.804 -12.405 2
      vertex -41.464 -12.948 15
    endloop
  endfacet
  facet normal 0 0 1
    outer loop
      vertex 2.646 -54.888 2
      vertex 4.683 -55.732 2
      vertex 2.725 -54.787 2
    endloop
  endfacet
  facet normal 0 0 -1
    outer loop
      vertex -6.051 32.219 0
      vertex -5.405 37.631 0
      vertex -3.026 31.36 0
    endloop
  endfacet
  facet normal 0 0 -1
    outer loop
      vertex -0.77 30.584 0
      vertex -0.007 42.246 0
      vertex 0.593 30.117 0
    endloop
  endfacet
  facet normal 0 0 1
    outer loop
      vertex 2.725 -54.787 2
      vertex 4.683 -55.732 2
      vertex 4.929 -54.552 2
    endloop
  endfacet
  facet normal 0 0 -1
    outer loop
      vertex -9.516 32.872 0
      vertex -5.405 37.631 0
      vertex -6.051 32.219 0
    endloop
  endfacet
  facet normal 0 0 -1
    outer loop
      vertex 4.921 31.261 0
      vertex 1.98 29.871 0
      vertex 5.204 32.069 0
    endloop
  endfacet
  facet normal 0 0 1
    outer loop
      vertex 2.966 -53.618 2
      vertex 2.725 -54.787 2
      vertex 4.929 -54.552 2
    endloop
  endfacet
  facet normal 0 0 1
    outer loop
      vertex 9.734 -6.859 12.5
      vertex 9.621 -6.68 12.5
      vertex 9.32 -6.833 12.5
    endloop
  endfacet
  facet normal 0 0 1
    outer loop
      vertex 9.32 -6.833 12.5
      vertex 8.65 -5.56 12.5
      vertex 8.812 -7.033 12.5
    endloop
  endfacet
  facet normal 0.04361 -0.99905 0
    outer loop
      vertex -40.96 -12.926 2
      vertex -41.464 -12.948 15
      vertex -41.464 -12.948 2
    endloop
  endfacet
  facet normal 0 0 -1
    outer loop
      vertex -14.225 18.166 0
      vertex -13.554 19.32 0
      vertex -11.921 16.816 0
    endloop
  endfacet
  facet normal 0 0 1
    outer loop
      vertex 9.763 -6.881 12.5
      vertex 9.621 -6.68 12.5
      vertex 9.734 -6.859 12.5
    endloop
  endfacet
  facet normal 0 0 1
    outer loop
      vertex 9.621 -6.68 12.5
      vertex 9.521 -6.538 12.5
      vertex 9.32 -6.833 12.5
    endloop
  endfacet
  facet normal 0 0 1
    outer loop
      vertex 1.674 -53.803 2
      vertex -0.354 -53.149 2
      vertex 1.209 -54.627 2
    endloop
  endfacet
  facet normal 0 0 -1
    outer loop
      vertex -13.554 19.32 0
      vertex -11.203 17.943 0
      vertex -11.921 16.816 0
    endloop
  endfacet
  facet normal 0.08078 0.99673 0
    outer loop
      vertex -7.567 -30.621 0
      vertex -7.567 -30.621 12.5
      vertex -4.877 -30.839 0
    endloop
  endfacet
  facet normal 0 0 1
    outer loop
      vertex -40.96 -12.926 2
      vertex -41.464 -12.948 2
      vertex -41.397 -14.954 2
    endloop
  endfacet
  facet normal -0.51536 0.85698 0
    outer loop
      vertex 0 -55.628 2
      vertex 0.439 -55.364 15
      vertex 0.439 -55.364 2
    endloop
  endfacet
  facet normal -0.99975 -0.02221 0
    outer loop
      vertex -41.15 -15.575 0
      vertex -41.045 -20.301 0
      vertex -41.15 -15.575 2
    endloop
  endfacet
  facet normal -0.9292 -0.36958 0
    outer loop
      vertex -41.397 -14.954 2
      vertex -41.397 -14.954 0
      vertex -41.15 -15.575 2
    endloop
  endfacet
  facet normal 0.14592 -0.9893 0
    outer loop
      vertex -3.93 -31.853 0
      vertex -2.452 -31.635 0
      vertex -3.93 -31.853 12.5
    endloop
  endfacet
  facet normal -0.86581 0.50038 0
    outer loop
      vertex 10.073 5.973 12.5
      vertex 10.073 5.973 15
      vertex 10.733 7.115 12.5
    endloop
  endfacet
  facet normal -0.86581 0.50038 0
    outer loop
      vertex 10.733 7.115 15
      vertex 10.733 7.115 12.5
      vertex 10.073 5.973 15
    endloop
  endfacet
  facet normal 0 0 1
    outer loop
      vertex 4.683 -55.732 2
      vertex 2.646 -54.888 2
      vertex 3.985 -56.881 2
    endloop
  endfacet
  facet normal 0 0 1
    outer loop
      vertex 5.461 -51.21 2
      vertex 2.966 -53.618 2
      vertex 4.929 -54.552 2
    endloop
  endfacet
  facet normal 0 0 1
    outer loop
      vertex 1.943 -55.791 2
      vertex 3.985 -56.881 2
      vertex 2.646 -54.888 2
    endloop
  endfacet
  facet normal -0.9736 0.22827 0
    outer loop
      vertex 10.073 5.973 15
      vertex 10.073 5.973 12.5
      vertex 9.99 5.619 12.5
    endloop
  endfacet
  facet normal 0.99601 0.08924 0
    outer loop
      vertex -3.93 -31.853 0
      vertex -3.93 -31.853 12.5
      vertex -3.664 -34.822 0
    endloop
  endfacet
  facet normal -0.41643 -0.90917 0
    outer loop
      vertex -42.945 -14.589 2
      vertex -44.351 -13.945 0
      vertex -42.945 -14.589 0
    endloop
  endfacet
  facet normal -0.97347 0.22881 -0.00008
    outer loop
      vertex 9.853 5.037 15
      vertex 10.073 5.973 15
      vertex 9.99 5.619 12.5
    endloop
  endfacet
  facet normal -0.97327 0.22967 0.00013
    outer loop
      vertex 9.868 5.102 12.5
      vertex 9.853 5.037 15
      vertex 9.99 5.619 12.5
    endloop
  endfacet
  facet normal 0 0 1
    outer loop
      vertex 0.545 -59.154 2
      vertex 1.472 -58.801 2
      vertex 0.76 -56.708 2
    endloop
  endfacet
  facet normal 0 0 1
    outer loop
      vertex 3.985 -56.881 2
      vertex 1.943 -55.791 2
      vertex 2.894 -57.929 2
    endloop
  endfacet
  facet normal 0 0 -1
    outer loop
      vertex -29.994 30.394 0
      vertex -27.455 35.909 0
      vertex -25.662 31.05 0
    endloop
  endfacet
  facet normal 0 0 -1
    outer loop
      vertex -27.455 35.909 0
      vertex -22.503 36.94 0
      vertex -25.662 31.05 0
    endloop
  endfacet
  facet normal 0 0 -1
    outer loop
      vertex -20.224 32.219 0
      vertex -25.662 31.05 0
      vertex -22.503 36.94 0
    endloop
  endfacet
  facet normal 0 0 1
    outer loop
      vertex 0.76 -56.708 2
      vertex 2.894 -57.929 2
      vertex 1.943 -55.791 2
    endloop
  endfacet
  facet normal 0.85466 -0.51919 0
    outer loop
      vertex 3.985 -56.881 2
      vertex 3.985 -56.881 0
      vertex 4.683 -55.732 0
    endloop
  endfacet
  facet normal 0.85466 -0.51919 0
    outer loop
      vertex 3.985 -56.881 2
      vertex 4.683 -55.732 0
      vertex 4.683 -55.732 2
    endloop
  endfacet
  facet normal 0 0 1
    outer loop
      vertex -26.152 32.856 15
      vertex -27.028 33.903 15
      vertex -30.325 32.207 15
    endloop
  endfacet
  facet normal -0.9292 -0.36958 0
    outer loop
      vertex -41.15 -15.575 0
      vertex -41.15 -15.575 2
      vertex -41.397 -14.954 0
    endloop
  endfacet
  facet normal 0 0 -1
    outer loop
      vertex -19.199 20.08 0
      vertex -18.891 21.27 0
      vertex -16.745 19.304 0
    endloop
  endfacet
  facet normal 0 0 -1
    outer loop
      vertex -16.745 19.304 0
      vertex -16.225 20.48 0
      vertex -14.225 18.166 0
    endloop
  endfacet
  facet normal -0.24082 -0.97057 0
    outer loop
      vertex -42.945 -14.589 0
      vertex -41.881 -14.853 0
      vertex -41.881 -14.853 2
    endloop
  endfacet
  facet normal -0.24082 -0.97057 0
    outer loop
      vertex -42.945 -14.589 0
      vertex -41.881 -14.853 2
      vertex -42.945 -14.589 2
    endloop
  endfacet
  facet normal 0 0 1
    outer loop
      vertex -12.758 -26.131 12.5
      vertex -12.639 -28.358 12.5
      vertex -11.432 -26.855 12.5
    endloop
  endfacet
  facet normal 0 0 1
    outer loop
      vertex -40.796 32.864 15
      vertex -45.466 32.863 15
      vertex -39.659 31.669 15
    endloop
  endfacet
  facet normal 0 0 -1
    outer loop
      vertex -21.721 21.728 0
      vertex -18.891 21.27 0
      vertex -21.457 20.521 0
    endloop
  endfacet
  facet normal 0 0 -1
    outer loop
      vertex -23.655 20.76 0
      vertex -21.721 21.728 0
      vertex -21.457 20.521 0
    endloop
  endfacet
  facet normal 0 0 -1
    outer loop
      vertex -19.199 20.08 0
      vertex -21.457 20.521 0
      vertex -18.891 21.27 0
    endloop
  endfacet
  facet normal 0 0 -1
    outer loop
      vertex -18.891 21.27 0
      vertex -16.225 20.48 0
      vertex -16.745 19.304 0
    endloop
  endfacet
  facet normal 0 0 -1
    outer loop
      vertex -13.554 19.32 0
      vertex -14.225 18.166 0
      vertex -16.225 20.48 0
    endloop
  endfacet
  facet normal -0.20428 -0.97891 0
    outer loop
      vertex -41.881 -14.853 0
      vertex -41.397 -14.954 0
      vertex -41.397 -14.954 2
    endloop
  endfacet
  facet normal -0.20428 -0.97891 0
    outer loop
      vertex -41.881 -14.853 0
      vertex -41.397 -14.954 2
      vertex -41.881 -14.853 2
    endloop
  endfacet
  facet normal 0 0 1
    outer loop
      vertex -45.208 -13.366 2
      vertex -44.237 -11.22 2
      vertex -45.914 -12.692 2
    endloop
  endfacet
  facet normal 0 0 1
    outer loop
      vertex -48.957 31.842 15
      vertex -46.891 31.633 15
      vertex -48.317 32.986 15
    endloop
  endfacet
  facet normal -0.84173 -0.5399 0
    outer loop
      vertex -45.914 -12.692 0
      vertex -45.914 -12.692 2
      vertex -47.277 -10.567 2
    endloop
  endfacet
  facet normal -0.69052 -0.72331 0
    outer loop
      vertex -45.914 -12.692 0
      vertex -45.208 -13.366 0
      vertex -45.208 -13.366 2
    endloop
  endfacet
  facet normal -0.69052 -0.72331 0
    outer loop
      vertex -45.914 -12.692 0
      vertex -45.208 -13.366 2
      vertex -45.914 -12.692 2
    endloop
  endfacet
  facet normal -0.55982 -0.82861 0
    outer loop
      vertex -45.208 -13.366 0
      vertex -44.351 -13.945 0
      vertex -45.208 -13.366 2
    endloop
  endfacet
  facet normal 0 0 1
    outer loop
      vertex -50.514 33.348 15
      vertex -53.223 34.059 15
      vertex -51.026 32.248 15
    endloop
  endfacet
  facet normal -0.99858 -0.05336 0
    outer loop
      vertex -12.758 -26.131 12.5
      vertex -12.758 -26.131 0
      vertex -12.639 -28.358 12.5
    endloop
  endfacet
  facet normal -0.99858 -0.05336 0
    outer loop
      vertex -12.639 -28.358 0
      vertex -12.639 -28.358 12.5
      vertex -12.758 -26.131 0
    endloop
  endfacet
  facet normal -0.99449 -0.10482 0
    outer loop
      vertex -50.178 -0.566 2
      vertex -50.459 2.1 2
      vertex -50.178 -0.566 0
    endloop
  endfacet
  facet normal -0.99449 -0.10482 0
    outer loop
      vertex -50.459 2.1 0
      vertex -50.178 -0.566 0
      vertex -50.459 2.1 2
    endloop
  endfacet
  facet normal 0 0 1
    outer loop
      vertex -55.118 33.226 15
      vertex -51.026 32.248 15
      vertex -53.223 34.059 15
    endloop
  endfacet
  facet normal 0 0 1
    outer loop
      vertex -48.317 32.986 15
      vertex -50.514 33.348 15
      vertex -48.957 31.842 15
    endloop
  endfacet
  facet normal 0 0 1
    outer loop
      vertex -51.026 32.248 15
      vertex -48.957 31.842 15
      vertex -50.514 33.348 15
    endloop
  endfacet
  facet normal 0 0 1
    outer loop
      vertex 10.733 7.115 12.5
      vertex 9.265 7.627 12.5
      vertex 10.073 5.973 12.5
    endloop
  endfacet
  facet normal 0 0 1
    outer loop
      vertex 9.635 6.029 12.5
      vertex 10.073 5.973 12.5
      vertex 9.265 7.627 12.5
    endloop
  endfacet
  facet normal -0.9851 -0.17197 0
    outer loop
      vertex -50.178 -0.566 0
      vertex -49.703 -3.287 0
      vertex -49.703 -3.287 2
    endloop
  endfacet
  facet normal -0.9851 -0.17197 0
    outer loop
      vertex -50.178 -0.566 0
      vertex -49.703 -3.287 2
      vertex -50.178 -0.566 2
    endloop
  endfacet
  facet normal 0 0 1
    outer loop
      vertex -55.503 33.323 15
      vertex -55.118 33.226 15
      vertex -56.458 34.829 15
    endloop
  endfacet
  facet normal 0 0 1
    outer loop
      vertex -53.223 34.059 15
      vertex -56.458 34.829 15
      vertex -55.118 33.226 15
    endloop
  endfacet
  facet normal 0 0 1
    outer loop
      vertex 9.635 6.029 12.5
      vertex 9.868 5.102 12.5
      vertex 9.99 5.619 12.5
    endloop
  endfacet
  facet normal 0 0 1
    outer loop
      vertex 9.635 6.029 12.5
      vertex 9.99 5.619 12.5
      vertex 10.073 5.973 12.5
    endloop
  endfacet
  facet normal 0 0 1
    outer loop
      vertex -49.703 -3.287 2
      vertex -47.616 -3.025 2
      vertex -50.178 -0.566 2
    endloop
  endfacet
  facet normal 0 0 1
    outer loop
      vertex -55.64 33.236 15
      vertex -55.503 33.323 15
      vertex -56.458 34.829 15
    endloop
  endfacet
  facet normal 0 0 1
    outer loop
      vertex -58 34.66 15
      vertex -57.782 34.04 15
      vertex -56.458 34.829 15
    endloop
  endfacet
  facet normal 0 0 1
    outer loop
      vertex -57.96 35.001 15
      vertex -58 34.66 15
      vertex -56.458 34.829 15
    endloop
  endfacet
  facet normal 0 0 1
    outer loop
      vertex -55.64 33.236 15
      vertex -56.458 34.829 15
      vertex -57.782 34.04 15
    endloop
  endfacet
  facet normal 0.36633 -0.93048 0
    outer loop
      vertex 8.812 -7.033 12.5
      vertex 9.32 -6.833 2
      vertex 9.32 -6.833 12.5
    endloop
  endfacet
  facet normal 0 0 -1
    outer loop
      vertex -27.71 20.651 0
      vertex -28.065 21.741 0
      vertex -25.754 20.801 0
    endloop
  endfacet
  facet normal 0 0 -1
    outer loop
      vertex -25.754 20.801 0
      vertex -24.882 21.891 0
      vertex -23.655 20.76 0
    endloop
  endfacet
  facet normal 0 0 -1
    outer loop
      vertex -29.483 20.313 0
      vertex -28.065 21.741 0
      vertex -27.71 20.651 0
    endloop
  endfacet
  facet normal 0 0 1
    outer loop
      vertex -35.464 32.939 15
      vertex -40.796 32.864 15
      vertex -39.659 31.669 15
    endloop
  endfacet
  facet normal 0 0 1
    outer loop
      vertex -39.659 31.669 15
      vertex -34.475 31.851 15
      vertex -35.464 32.939 15
    endloop
  endfacet
  facet normal 0 0 1
    outer loop
      vertex -31.239 33.244 15
      vertex -35.464 32.939 15
      vertex -34.475 31.851 15
    endloop
  endfacet
  facet normal 0 0 1
    outer loop
      vertex -31.239 33.244 15
      vertex -34.475 31.851 15
      vertex -30.325 32.207 15
    endloop
  endfacet
  facet normal 0 0 -1
    outer loop
      vertex -31.033 19.795 0
      vertex -30.684 21.239 0
      vertex -29.483 20.313 0
    endloop
  endfacet
  facet normal 0 0 -1
    outer loop
      vertex -28.065 21.741 0
      vertex -24.882 21.891 0
      vertex -25.754 20.801 0
    endloop
  endfacet
  facet normal 0 0 -1
    outer loop
      vertex -21.721 21.728 0
      vertex -23.655 20.76 0
      vertex -24.882 21.891 0
    endloop
  endfacet
  facet normal 0 0 1
    outer loop
      vertex -46.891 31.633 15
      vertex -39.659 31.669 15
      vertex -45.466 32.863 15
    endloop
  endfacet
  facet normal 0 0 1
    outer loop
      vertex -45.466 32.863 15
      vertex -48.317 32.986 15
      vertex -46.891 31.633 15
    endloop
  endfacet
  facet normal 0 0 -1
    outer loop
      vertex -30.684 21.239 0
      vertex -31.033 19.795 0
      vertex -32.742 20.383 0
    endloop
  endfacet
  facet normal 0 0 -1
    outer loop
      vertex -28.065 21.741 0
      vertex -29.483 20.313 0
      vertex -30.684 21.239 0
    endloop
  endfacet
  facet normal 0 0 -1
    outer loop
      vertex -33.294 18.233 0
      vertex -33.56 19.823 0
      vertex -32.316 19.1 0
    endloop
  endfacet
  facet normal 0 0 -1
    outer loop
      vertex -32.742 20.383 0
      vertex -31.033 19.795 0
      vertex -32.316 19.1 0
    endloop
  endfacet
  facet normal 0.99983 0.0183 0
    outer loop
      vertex -37.968 -16.384 2
      vertex -37.954 -17.149 15
      vertex -37.954 -17.149 2
    endloop
  endfacet
  facet normal 0 0 -1
    outer loop
      vertex -1.93 8.651 0
      vertex -3.778 8.383 0
      vertex -3.188 9.534 0
    endloop
  endfacet
  facet normal 0 0 -1
    outer loop
      vertex -2.258 9.703 0
      vertex -1.93 8.651 0
      vertex -3.188 9.534 0
    endloop
  endfacet
  facet normal 0 0 -1
    outer loop
      vertex -3.897 9.569 0
      vertex -3.188 9.534 0
      vertex -3.778 8.383 0
    endloop
  endfacet
  facet normal -0.81674 -0.577 0
    outer loop
      vertex 9.763 -6.881 2
      vertex 10.331 -7.685 2
      vertex 9.763 -6.881 12.5
    endloop
  endfacet
  facet normal 0 0 -1
    outer loop
      vertex 0.693 9.329 0
      vertex -1.93 8.651 0
      vertex -2.258 9.703 0
    endloop
  endfacet
  facet normal 0 0 -1
    outer loop
      vertex -4.946 10.316 0
      vertex -7.037 11.099 0
      vertex -6.014 12.077 0
    endloop
  endfacet
  facet normal 0 0 1
    outer loop
      vertex -54.133 30.828 15
      vertex -55.194 32.212 15
      vertex -55.296 30.245 15
    endloop
  endfacet
  facet normal 0 0 1
    outer loop
      vertex -54.133 30.828 15
      vertex -53.754 28.591 15
      vertex -52.504 29.17 15
    endloop
  endfacet
  facet normal 0 0 1
    outer loop
      vertex -56.766 32.258 15
      vertex -55.296 30.245 15
      vertex -55.194 32.212 15
    endloop
  endfacet
  facet normal 0 0 1
    outer loop
      vertex -55.194 32.212 15
      vertex -55.64 33.236 15
      vertex -56.766 32.258 15
    endloop
  endfacet
  facet normal 0 0 1
    outer loop
      vertex -57.782 34.04 15
      vertex -56.766 32.258 15
      vertex -55.64 33.236 15
    endloop
  endfacet
  facet normal 0 0 -1
    outer loop
      vertex -4.458 9.824 0
      vertex -3.897 9.569 0
      vertex -5.559 8.383 0
    endloop
  endfacet
  facet normal 0 0 -1
    outer loop
      vertex -3.778 8.383 0
      vertex -5.559 8.383 0
      vertex -3.897 9.569 0
    endloop
  endfacet
  facet normal 0 0 -1
    outer loop
      vertex -7.037 11.099 0
      vertex -4.946 10.316 0
      vertex -5.559 8.383 0
    endloop
  endfacet
  facet normal 0 0 -1
    outer loop
      vertex -4.458 9.824 0
      vertex -5.559 8.383 0
      vertex -4.946 10.316 0
    endloop
  endfacet
  facet normal 1 0 0
    outer loop
      vertex -37.954 -24.247 2
      vertex -37.954 -17.149 2
      vertex -37.954 -24.247 15
    endloop
  endfacet
  facet normal 0 0 -1
    outer loop
      vertex -11.203 17.943 0
      vertex -10.106 15.408 0
      vertex -11.921 16.816 0
    endloop
  endfacet
  facet normal 0 0 -1
    outer loop
      vertex -7.037 11.099 0
      vertex -8.542 13.499 0
      vertex -6.014 12.077 0
    endloop
  endfacet
  facet normal 0 0 -1
    outer loop
      vertex -7.469 14.35 0
      vertex -6.014 12.077 0
      vertex -8.542 13.499 0
    endloop
  endfacet
  facet normal 0 0 -1
    outer loop
      vertex -8.542 13.499 0
      vertex -10.106 15.408 0
      vertex -7.469 14.35 0
    endloop
  endfacet
  facet normal 0 0 -1
    outer loop
      vertex -9.186 16.296 0
      vertex -7.469 14.35 0
      vertex -10.106 15.408 0
    endloop
  endfacet
  facet normal 0 0 -1
    outer loop
      vertex -11.203 17.943 0
      vertex -9.186 16.296 0
      vertex -10.106 15.408 0
    endloop
  endfacet
  facet normal 0 0 1
    outer loop
      vertex -50.878 27.369 15
      vertex -52.011 26.671 15
      vertex -50.524 26.652 15
    endloop
  endfacet
  facet normal 0 0 1
    outer loop
      vertex -52.442 27.333 15
      vertex -52.011 26.671 15
      vertex -50.878 27.369 15
    endloop
  endfacet
  facet normal 0 0 1
    outer loop
      vertex -50.878 27.369 15
      vertex -51.536 28.214 15
      vertex -52.442 27.333 15
    endloop
  endfacet
  facet normal 0 0 1
    outer loop
      vertex -51.536 28.214 15
      vertex -52.504 29.17 15
      vertex -52.442 27.333 15
    endloop
  endfacet
  facet normal 0 0 1
    outer loop
      vertex -53.754 28.591 15
      vertex -52.442 27.333 15
      vertex -52.504 29.17 15
    endloop
  endfacet
  facet normal 0 0 1
    outer loop
      vertex -53.186 25.657 15
      vertex -52.077 25.448 15
      vertex -52.011 26.671 15
    endloop
  endfacet
  facet normal 0 0 1
    outer loop
      vertex -52.855 26.875 15
      vertex -53.186 25.657 15
      vertex -52.011 26.671 15
    endloop
  endfacet
  facet normal 0 0 -1
    outer loop
      vertex -28.132 10.129 0
      vertex -28.745 10.652 0
      vertex -27.132 10.959 0
    endloop
  endfacet
  facet normal 0 0 1
    outer loop
      vertex -50.524 26.652 15
      vertex -52.011 26.671 15
      vertex -50.471 26.083 15
    endloop
  endfacet
  facet normal 0 0 1
    outer loop
      vertex -51.252 25.463 15
      vertex -50.715 25.68 15
      vertex -52.011 26.671 15
    endloop
  endfacet
  facet normal 0 0 1
    outer loop
      vertex -50.471 26.083 15
      vertex -52.011 26.671 15
      vertex -50.715 25.68 15
    endloop
  endfacet
  facet normal 0 0 1
    outer loop
      vertex -52.077 25.448 15
      vertex -51.252 25.463 15
      vertex -52.011 26.671 15
    endloop
  endfacet
  facet normal 0 0 1
    outer loop
      vertex -56.279 28.373 15
      vertex -57.126 28.554 15
      vertex -57.213 28.341 15
    endloop
  endfacet
  facet normal 0 0 1
    outer loop
      vertex -55.296 30.245 15
      vertex -53.754 28.591 15
      vertex -54.133 30.828 15
    endloop
  endfacet
  facet normal 0 0 -1
    outer loop
      vertex -28.334 11.926 0
      vertex -27.132 10.959 0
      vertex -28.745 10.652 0
    endloop
  endfacet
  facet normal 0.52276 -0.85248 0
    outer loop
      vertex 2.894 -57.929 2
      vertex 1.472 -58.801 2
      vertex 1.472 -58.801 0
    endloop
  endfacet
  facet normal 0.52276 -0.85248 0
    outer loop
      vertex 2.894 -57.929 2
      vertex 1.472 -58.801 0
      vertex 2.894 -57.929 0
    endloop
  endfacet
  facet normal 0.35587 -0.93454 0
    outer loop
      vertex 1.472 -58.801 2
      vertex 0.545 -59.154 2
      vertex 0.545 -59.154 0
    endloop
  endfacet
  facet normal 0.35587 -0.93454 0
    outer loop
      vertex 1.472 -58.801 2
      vertex 0.545 -59.154 0
      vertex 1.472 -58.801 0
    endloop
  endfacet
  facet normal 0 0 -1
    outer loop
      vertex -28.132 10.129 0
      vertex -27.132 10.959 0
      vertex -27.833 9.614 0
    endloop
  endfacet
  facet normal 0 0 -1
    outer loop
      vertex -26.435 9.971 0
      vertex -26.208 8.926 0
      vertex -27.833 9.614 0
    endloop
  endfacet
  facet normal 0 0 -1
    outer loop
      vertex -27.838 9.072 0
      vertex -27.833 9.614 0
      vertex -26.208 8.926 0
    endloop
  endfacet
  facet normal 0 0 -1
    outer loop
      vertex -27.838 9.072 0
      vertex -26.208 8.926 0
      vertex -26.829 7.907 0
    endloop
  endfacet
  facet normal 0.69275 -0.72118 0
    outer loop
      vertex 3.985 -56.881 2
      vertex 2.894 -57.929 2
      vertex 2.894 -57.929 0
    endloop
  endfacet
  facet normal 0.69275 -0.72118 0
    outer loop
      vertex 3.985 -56.881 2
      vertex 2.894 -57.929 0
      vertex 3.985 -56.881 0
    endloop
  endfacet
  facet normal 0 0 -1
    outer loop
      vertex -26.435 9.971 0
      vertex -27.833 9.614 0
      vertex -27.132 10.959 0
    endloop
  endfacet
  facet normal 0 0 -1
    outer loop
      vertex -28.745 10.652 0
      vertex -30.945 11.859 0
      vertex -28.334 11.926 0
    endloop
  endfacet
  facet normal 0 0 -1
    outer loop
      vertex -30.073 12.909 0
      vertex -28.334 11.926 0
      vertex -30.945 11.859 0
    endloop
  endfacet
  facet normal 0 0 -1
    outer loop
      vertex -30.945 11.859 0
      vertex -32.472 12.655 0
      vertex -30.073 12.909 0
    endloop
  endfacet
  facet normal 0 0 -1
    outer loop
      vertex -33.44 13.308 0
      vertex -34.062 13.987 0
      vertex -32.559 14.317 0
    endloop
  endfacet
  facet normal 0 0 1
    outer loop
      vertex 2.894 -57.929 2
      vertex 0.76 -56.708 2
      vertex 1.472 -58.801 2
    endloop
  endfacet
  facet normal 0 0 -1
    outer loop
      vertex -28.33 6.318 0
      vertex -28.137 8.467 0
      vertex -26.829 7.907 0
    endloop
  endfacet
  facet normal 0 0 -1
    outer loop
      vertex -30.109 4.333 0
      vertex -29.581 6.934 0
      vertex -28.33 6.318 0
    endloop
  endfacet
  facet normal 0 0 -1
    outer loop
      vertex -31.47 2.218 0
      vertex -32.493 3.145 0
      vertex -30.109 4.333 0
    endloop
  endfacet
  facet normal 0 0 -1
    outer loop
      vertex -28.137 8.467 0
      vertex -27.838 9.072 0
      vertex -26.829 7.907 0
    endloop
  endfacet
  facet normal 0 0 1
    outer loop
      vertex -3.627 -5.126 12.5
      vertex -2.528 -3.75 12.5
      vertex -5.034 -3.775 12.5
    endloop
  endfacet
  facet normal 0 0 -1
    outer loop
      vertex -28.137 8.467 0
      vertex -28.33 6.318 0
      vertex -29.581 6.934 0
    endloop
  endfacet
  facet normal 0 0 -1
    outer loop
      vertex -29.581 6.934 0
      vertex -30.109 4.333 0
      vertex -31.149 5.187 0
    endloop
  endfacet
  facet normal 0 0 -1
    outer loop
      vertex -31.665 1.748 0
      vertex -32.493 3.145 0
      vertex -31.47 2.218 0
    endloop
  endfacet
  facet normal -0.23246 -0.97261 0
    outer loop
      vertex -55.118 33.226 15
      vertex -51.026 32.248 2
      vertex -51.026 32.248 15
    endloop
  endfacet
  facet normal 0 0 -1
    outer loop
      vertex -31.149 5.187 0
      vertex -30.109 4.333 0
      vertex -32.493 3.145 0
    endloop
  endfacet
  facet normal 0.9386 -0.34501 0
    outer loop
      vertex 13.045 -0.395 2
      vertex 13.045 -0.395 15
      vertex 12.605 -1.592 15
    endloop
  endfacet
  facet normal -0.97423 -0.22557 0
    outer loop
      vertex 9.265 7.627 12.5
      vertex 9.265 7.627 2
      vertex 9.635 6.029 12.5
    endloop
  endfacet
  facet normal -0.19269 -0.98126 0
    outer loop
      vertex -49.152 31.88 2
      vertex -51.026 32.248 15
      vertex -51.026 32.248 2
    endloop
  endfacet
  facet normal -0.19106 -0.98158 0
    outer loop
      vertex -1.467 -4.8 0
      vertex -0.794 -4.931 12.5
      vertex -1.467 -4.8 12.5
    endloop
  endfacet
  facet normal -0.01827 -0.99983 0
    outer loop
      vertex 8.005 -3.243 12.5
      vertex 8.005 -3.243 2
      vertex 8.388 -3.25 12.5
    endloop
  endfacet
  facet normal 0 0 1
    outer loop
      vertex -0.794 -4.931 12.5
      vertex 3.402 -2.907 12.5
      vertex -1.467 -4.8 12.5
    endloop
  endfacet
  facet normal 0.789 0.61439 0
    outer loop
      vertex -51.536 28.214 2
      vertex -51.536 28.214 15
      vertex -50.878 27.369 2
    endloop
  endfacet
  facet normal 0 0 1
    outer loop
      vertex -1.467 -4.8 12.5
      vertex -2.528 -3.75 12.5
      vertex -1.707 -4.969 12.5
    endloop
  endfacet
  facet normal 0 0 1
    outer loop
      vertex -3.627 -5.126 12.5
      vertex -1.707 -4.969 12.5
      vertex -2.528 -3.75 12.5
    endloop
  endfacet
  facet normal 0 0 1
    outer loop
      vertex -3.627 -5.126 12.5
      vertex -2.225 -7.226 12.5
      vertex -1.737 -5.257 12.5
    endloop
  endfacet
  facet normal 0 0 1
    outer loop
      vertex -1.737 -5.257 12.5
      vertex -1.707 -4.969 12.5
      vertex -3.627 -5.126 12.5
    endloop
  endfacet
  facet normal -0.83804 -0.54561 0
    outer loop
      vertex -52.011 26.671 15
      vertex -52.442 27.333 15
      vertex -52.011 26.671 2
    endloop
  endfacet
  facet normal -0.83804 -0.54561 0
    outer loop
      vertex -52.442 27.333 2
      vertex -52.011 26.671 2
      vertex -52.442 27.333 15
    endloop
  endfacet
  facet normal 0 0 1
    outer loop
      vertex -1.126 -6.502 12.5
      vertex -1.737 -5.257 12.5
      vertex -2.225 -7.226 12.5
    endloop
  endfacet
  facet normal -0.78415 0.62057 0
    outer loop
      vertex 11.447 -0.776 2
      vertex 11.208 -1.078 2
      vertex 11.447 -0.776 12.5
    endloop
  endfacet
  facet normal 0.85972 -0.51076 0
    outer loop
      vertex 11.491 -3.532 2
      vertex 11.491 -3.532 15
      vertex 10.544 -5.126 15
    endloop
  endfacet
  facet normal -0.97561 0.21951 0
    outer loop
      vertex 9.868 5.102 2
      vertex 9.859 5.062 2
      vertex 9.868 5.102 12.5
    endloop
  endfacet
  facet normal 0.23494 0.97201 0
    outer loop
      vertex -52.855 26.875 2
      vertex -52.855 26.875 15
      vertex -52.011 26.671 2
    endloop
  endfacet
  facet normal 0.23494 0.97201 0
    outer loop
      vertex -52.011 26.671 15
      vertex -52.011 26.671 2
      vertex -52.855 26.875 15
    endloop
  endfacet
  facet normal 0.86232 0.50636 0
    outer loop
      vertex -1.126 -6.502 12.5
      vertex -0.254 -7.987 12.5
      vertex -0.254 -7.987 0
    endloop
  endfacet
  facet normal 0.89772 0.44057 0
    outer loop
      vertex -1.737 -5.257 12.5
      vertex -1.126 -6.502 12.5
      vertex -1.126 -6.502 0
    endloop
  endfacet
  facet normal 0.85543 -0.51793 0
    outer loop
      vertex -50.715 25.68 15
      vertex -50.715 25.68 2
      vertex -50.471 26.083 15
    endloop
  endfacet
  facet normal -0.08456 -0.99642 0
    outer loop
      vertex -3.627 -5.126 12.5
      vertex -6.62 -4.872 12.5
      vertex -3.627 -5.126 0
    endloop
  endfacet
  facet normal 0.36633 -0.93048 0
    outer loop
      vertex 8.812 -7.033 12.5
      vertex 8.812 -7.033 2
      vertex 9.32 -6.833 2
    endloop
  endfacet
  facet normal -0.83168 -0.55525 0
    outer loop
      vertex -3.627 -5.126 12.5
      vertex -3.627 -5.126 0
      vertex -2.225 -7.226 12.5
    endloop
  endfacet
  facet normal -0.96964 -0.24455 0
    outer loop
      vertex 9.635 6.029 2
      vertex 9.778 5.462 2
      vertex 9.635 6.029 12.5
    endloop
  endfacet
  facet normal 0.98975 0.14281 0
    outer loop
      vertex 12.887 0.7 15
      vertex 13.045 -0.395 15
      vertex 12.887 0.7 2
    endloop
  endfacet
  facet normal 0.37466 -0.92716 0
    outer loop
      vertex -51.252 25.463 2
      vertex -50.715 25.68 15
      vertex -51.252 25.463 15
    endloop
  endfacet
  facet normal 0.98975 0.14281 0
    outer loop
      vertex 13.045 -0.395 15
      vertex 13.045 -0.395 2
      vertex 12.887 0.7 2
    endloop
  endfacet
  facet normal 0.57575 -0.81763 0
    outer loop
      vertex -1.467 -4.8 0
      vertex -1.467 -4.8 12.5
      vertex -1.707 -4.969 12.5
    endloop
  endfacet
  facet normal 0.92413 0.38209 0
    outer loop
      vertex 12.211 2.335 15
      vertex 12.887 0.7 15
      vertex 12.887 0.7 2
    endloop
  endfacet
  facet normal -0.81674 -0.577 0
    outer loop
      vertex 10.331 -7.685 15
      vertex 9.763 -6.881 12.5
      vertex 10.331 -7.685 2
    endloop
  endfacet
  facet normal 0.86232 0.50636 0
    outer loop
      vertex -1.126 -6.502 0
      vertex -1.126 -6.502 12.5
      vertex -0.254 -7.987 0
    endloop
  endfacet
  facet normal -0.60439 -0.79669 0
    outer loop
      vertex 9.763 -6.881 2
      vertex 9.763 -6.881 12.5
      vertex 9.734 -6.859 12.5
    endloop
  endfacet
  facet normal -0.96891 -0.24742 0.00011
    outer loop
      vertex 11.611 0 12.5
      vertex 11.681 -0.273 15
      vertex 11.407 0.8 15
    endloop
  endfacet
  facet normal -0.1852 -0.9827 0
    outer loop
      vertex -52.077 25.448 2
      vertex -52.077 25.448 15
      vertex -53.186 25.657 2
    endloop
  endfacet
  facet normal -0.9689 -0.24744 0.00012
    outer loop
      vertex 11.407 0.8 15
      vertex 11.421 0.744 12.5
      vertex 11.611 0 12.5
    endloop
  endfacet
  facet normal -0.08456 -0.99642 0
    outer loop
      vertex -6.62 -4.872 0
      vertex -3.627 -5.126 0
      vertex -6.62 -4.872 12.5
    endloop
  endfacet
  facet normal 0 0 1
    outer loop
      vertex -3.627 -5.126 12.5
      vertex -5.034 -3.775 12.5
      vertex -6.62 -4.872 12.5
    endloop
  endfacet
  facet normal 0.8672 -0.49797 0
    outer loop
      vertex 11.491 -3.532 15
      vertex 12.605 -1.592 2
      vertex 12.605 -1.592 15
    endloop
  endfacet
  facet normal -0.97014 -0.24254 0
    outer loop
      vertex 11.407 0.8 12.5
      vertex 11.421 0.744 12.5
      vertex 11.407 0.8 15
    endloop
  endfacet
  facet normal 0.9386 -0.34501 0
    outer loop
      vertex 13.045 -0.395 2
      vertex 12.605 -1.592 15
      vertex 12.605 -1.592 2
    endloop
  endfacet
  facet normal -0.92575 0.37813 0
    outer loop
      vertex -57.213 28.341 15
      vertex -57.126 28.554 15
      vertex -57.213 28.341 2
    endloop
  endfacet
  facet normal -0.14074 0.99005 0
    outer loop
      vertex 3.402 -2.907 12.5
      vertex 3.402 -2.907 0
      vertex -2.528 -3.75 12.5
    endloop
  endfacet
  facet normal -0.92495 -0.38008 0
    outer loop
      vertex 11.407 0.8 15
      vertex 11.091 1.569 12.5
      vertex 11.407 0.8 12.5
    endloop
  endfacet
  facet normal -0.00998 0.99995 0
    outer loop
      vertex -2.528 -3.75 12.5
      vertex -2.528 -3.75 0
      vertex -5.034 -3.775 12.5
    endloop
  endfacet
  facet normal -0.92518 -0.37953 0.0002
    outer loop
      vertex 11.407 0.8 15
      vertex 10.733 2.443 15
      vertex 11.091 1.569 12.5
    endloop
  endfacet
  facet normal -0.6921 -0.7218 0
    outer loop
      vertex -52.442 27.333 2
      vertex -52.442 27.333 15
      vertex -53.754 28.591 15
    endloop
  endfacet
  facet normal -0.00998 0.99995 0
    outer loop
      vertex -5.034 -3.775 0
      vertex -5.034 -3.775 12.5
      vertex -2.528 -3.75 0
    endloop
  endfacet
  facet normal 0 0 1
    outer loop
      vertex 15.145 -0.588 2
      vertex 13.045 -0.395 2
      vertex 14.834 -1.922 2
    endloop
  endfacet
  facet normal 0 0 1
    outer loop
      vertex 13.045 -0.395 2
      vertex 12.605 -1.592 2
      vertex 14.834 -1.922 2
    endloop
  endfacet
  facet normal 0 0 1
    outer loop
      vertex 14.048 -3.303 2
      vertex 14.834 -1.922 2
      vertex 12.605 -1.592 2
    endloop
  endfacet
  facet normal -0.73144 -0.68191 0.00003
    outer loop
      vertex -55.296 30.245 15
      vertex -53.83 28.672 2
      vertex -53.754 28.591 15
    endloop
  endfacet
  facet normal -0.06032 -0.99818 0
    outer loop
      vertex -6.62 -4.872 12.5
      vertex -8.341 -4.768 0
      vertex -6.62 -4.872 0
    endloop
  endfacet
  facet normal 0 0 1
    outer loop
      vertex 11.421 0.744 12.5
      vertex 11.407 0.8 12.5
      vertex 11.091 1.569 12.5
    endloop
  endfacet
  facet normal 0 0 1
    outer loop
      vertex 11.421 0.744 12.5
      vertex 11.091 1.569 12.5
      vertex 11.426 0.706 12.5
    endloop
  endfacet
  facet normal 0 0 1
    outer loop
      vertex 11.426 0.706 12.5
      vertex 11.611 0 12.5
      vertex 11.421 0.744 12.5
    endloop
  endfacet
  facet normal -0.83168 -0.55525 0
    outer loop
      vertex -3.627 -5.126 0
      vertex -2.225 -7.226 0
      vertex -2.225 -7.226 12.5
    endloop
  endfacet
  facet normal 0.86909 -0.49465 0
    outer loop
      vertex 14.048 -3.303 0
      vertex 14.834 -1.922 0
      vertex 14.834 -1.922 2
    endloop
  endfacet
  facet normal 0.86909 -0.49465 0
    outer loop
      vertex 14.048 -3.303 0
      vertex 14.834 -1.922 2
      vertex 14.048 -3.303 2
    endloop
  endfacet
  facet normal 0.38624 0.9224 0
    outer loop
      vertex -54.55 27.649 2
      vertex -56.279 28.373 2
      vertex -54.55 27.649 15
    endloop
  endfacet
  facet normal 0.97388 -0.22704 0
    outer loop
      vertex 14.834 -1.922 0
      vertex 15.145 -0.588 0
      vertex 15.145 -0.588 2
    endloop
  endfacet
  facet normal 0.97388 -0.22704 0
    outer loop
      vertex 14.834 -1.922 0
      vertex 15.145 -0.588 2
      vertex 14.834 -1.922 2
    endloop
  endfacet
  facet normal 0 0 -1
    outer loop
      vertex -27.455 35.909 0
      vertex -29.994 30.394 0
      vertex -31.489 35.252 0
    endloop
  endfacet
  facet normal 0 0 -1
    outer loop
      vertex -29.994 30.394 0
      vertex -34.559 30.104 0
      vertex -31.489 35.252 0
    endloop
  endfacet
  facet normal 0 0 -1
    outer loop
      vertex -35.38 34.867 0
      vertex -31.489 35.252 0
      vertex -34.559 30.104 0
    endloop
  endfacet
  facet normal -0.19106 -0.98158 0
    outer loop
      vertex -1.467 -4.8 0
      vertex -0.794 -4.931 0
      vertex -0.794 -4.931 12.5
    endloop
  endfacet
  facet normal 0.57575 -0.81763 0
    outer loop
      vertex -1.707 -4.969 0
      vertex -1.467 -4.8 0
      vertex -1.707 -4.969 12.5
    endloop
  endfacet
  facet normal 0.99462 -0.10361 0
    outer loop
      vertex -1.737 -5.257 12.5
      vertex -1.737 -5.257 0
      vertex -1.707 -4.969 12.5
    endloop
  endfacet
  facet normal 0.99462 -0.10361 0
    outer loop
      vertex -1.707 -4.969 0
      vertex -1.707 -4.969 12.5
      vertex -1.737 -5.257 0
    endloop
  endfacet
  facet normal 0 0 -1
    outer loop
      vertex -43.81 34.566 0
      vertex -40.703 30.039 0
      vertex -46.294 34.644 0
    endloop
  endfacet
  facet normal 0 0 -1
    outer loop
      vertex -39.905 34.652 0
      vertex -40.703 30.039 0
      vertex -43.81 34.566 0
    endloop
  endfacet
  facet normal 0.89772 0.44057 0
    outer loop
      vertex -1.737 -5.257 0
      vertex -1.737 -5.257 12.5
      vertex -1.126 -6.502 0
    endloop
  endfacet
  facet normal -0.20227 0.97933 0
    outer loop
      vertex 10.355 -1.468 12.5
      vertex 10.355 -1.468 2
      vertex 9.009 -1.746 2
    endloop
  endfacet
  facet normal 0 0 1
    outer loop
      vertex -11.432 -26.855 12.5
      vertex -12.639 -28.358 12.5
      vertex -11.393 -28.89 12.5
    endloop
  endfacet
  facet normal 0 0 1
    outer loop
      vertex -12.639 -28.358 12.5
      vertex -12.72 -29.281 12.5
      vertex -11.393 -28.89 12.5
    endloop
  endfacet
  facet normal 0 0 1
    outer loop
      vertex 11.562 -0.386 12.5
      vertex 11.611 0 12.5
      vertex 11.426 0.706 12.5
    endloop
  endfacet
  facet normal -0.95917 0.28283 0
    outer loop
      vertex 11.447 -0.776 12.5
      vertex 11.562 -0.386 12.5
      vertex 11.447 -0.776 2
    endloop
  endfacet
  facet normal -0.41581 0.90945 0
    outer loop
      vertex 11.208 -1.078 12.5
      vertex 11.208 -1.078 2
      vertex 10.355 -1.468 2
    endloop
  endfacet
  facet normal -0.78415 0.62057 0
    outer loop
      vertex 11.208 -1.078 12.5
      vertex 11.447 -0.776 12.5
      vertex 11.208 -1.078 2
    endloop
  endfacet
  facet normal -0.92538 -0.37905 0
    outer loop
      vertex 10.733 2.443 15
      vertex 10.733 2.443 2
      vertex 11.091 1.569 12.5
    endloop
  endfacet
  facet normal -0.93223 -0.36187 0
    outer loop
      vertex 11.426 0.706 2
      vertex 11.426 0.706 12.5
      vertex 11.091 1.569 2
    endloop
  endfacet
  facet normal -0.93223 -0.36187 0
    outer loop
      vertex 11.091 1.569 12.5
      vertex 11.091 1.569 2
      vertex 11.426 0.706 12.5
    endloop
  endfacet
  facet normal 0 0 1
    outer loop
      vertex 9.009 -1.746 2
      vertex 10.355 -1.468 2
      vertex 9.945 -0.579 2
    endloop
  endfacet
  facet normal 0 0 1
    outer loop
      vertex 10.355 -1.468 2
      vertex 11.208 -1.078 2
      vertex 9.945 -0.579 2
    endloop
  endfacet
  facet normal 0 0 1
    outer loop
      vertex 11.208 -1.078 2
      vertex 11.447 -0.776 2
      vertex 9.945 -0.579 2
    endloop
  endfacet
  facet normal 0 0 1
    outer loop
      vertex 11.447 -0.776 2
      vertex 11.562 -0.386 2
      vertex 9.945 -0.579 2
    endloop
  endfacet
  facet normal 0 0 1
    outer loop
      vertex 11.514 0 2
      vertex 9.945 -0.579 2
      vertex 11.562 -0.386 2
    endloop
  endfacet
  facet normal -0.91334 -0.40721 0
    outer loop
      vertex 8.957 1.637 0
      vertex 9.945 -0.579 0
      vertex 9.945 -0.579 2
    endloop
  endfacet
  facet normal 0 0 1
    outer loop
      vertex -10.555 -30.206 12.5
      vertex -11.005 -29.933 12.5
      vertex -11.053 -31.454 12.5
    endloop
  endfacet
  facet normal -0.78009 0.62567 0
    outer loop
      vertex 9.945 -0.579 2
      vertex 9.945 -0.579 0
      vertex 9.009 -1.746 0
    endloop
  endfacet
  facet normal -0.78009 0.62567 0
    outer loop
      vertex 9.945 -0.579 2
      vertex 9.009 -1.746 0
      vertex 9.009 -1.746 2
    endloop
  endfacet
  facet normal 0.97787 0.20919 0
    outer loop
      vertex -35.673 -24.282 0
      vertex -35.968 -22.903 0
      vertex -35.968 -22.903 2
    endloop
  endfacet
  facet normal 0.97787 0.20919 0
    outer loop
      vertex -35.673 -24.282 0
      vertex -35.968 -22.903 2
      vertex -35.673 -24.282 2
    endloop
  endfacet
  facet normal 0 0 1
    outer loop
      vertex -9.866 -30.379 12.5
      vertex -11.053 -31.454 12.5
      vertex -7.567 -30.621 12.5
    endloop
  endfacet
  facet normal 0 0 1
    outer loop
      vertex -5.142 -31.961 12.5
      vertex -7.567 -30.621 12.5
      vertex -11.053 -31.454 12.5
    endloop
  endfacet
  facet normal 0 0 1
    outer loop
      vertex -9.866 -30.379 12.5
      vertex -10.555 -30.206 12.5
      vertex -11.053 -31.454 12.5
    endloop
  endfacet
  facet normal -0.99236 -0.1234 0
    outer loop
      vertex 11.562 -0.386 12.5
      vertex 11.514 0 2
      vertex 11.562 -0.386 2
    endloop
  endfacet
  facet normal 0.87901 -0.4768 0
    outer loop
      vertex 12.173 6.898 2
      vertex 12.173 6.898 15
      vertex 11.112 4.942 15
    endloop
  endfacet
  facet normal 0.99976 0.02179 0
    outer loop
      vertex -35.968 -22.903 0
      vertex -36.035 -19.829 0
      vertex -35.968 -22.903 2
    endloop
  endfacet
  facet normal 0.99976 0.02179 0
    outer loop
      vertex -36.035 -19.829 2
      vertex -35.968 -22.903 2
      vertex -36.035 -19.829 0
    endloop
  endfacet
  facet normal 0.51868 0.85497 0
    outer loop
      vertex -10.555 -30.206 0
      vertex -11.005 -29.933 12.5
      vertex -10.555 -30.206 12.5
    endloop
  endfacet
  facet normal -0.20276 0.97923 0
    outer loop
      vertex 9.009 -1.746 0
      vertex 3.402 -2.907 0
      vertex 9.009 -1.746 2
    endloop
  endfacet
  facet normal 1 0 0
    outer loop
      vertex -37.954 -17.149 15
      vertex -37.954 -24.247 15
      vertex -37.954 -17.149 2
    endloop
  endfacet
  facet normal -0.95917 0.28283 0
    outer loop
      vertex 11.562 -0.386 12.5
      vertex 11.562 -0.386 2
      vertex 11.447 -0.776 2
    endloop
  endfacet
  facet normal 0.10468 0.99451 0
    outer loop
      vertex -7.567 -30.621 0
      vertex -9.866 -30.379 12.5
      vertex -7.567 -30.621 12.5
    endloop
  endfacet
  facet normal 0.8672 -0.49797 0
    outer loop
      vertex 12.605 -1.592 2
      vertex 11.491 -3.532 15
      vertex 11.491 -3.532 2
    endloop
  endfacet
  facet normal 0 0 1
    outer loop
      vertex -35.968 -22.903 2
      vertex -36.035 -19.829 2
      vertex -37.954 -24.247 2
    endloop
  endfacet
  facet normal 0 0 1
    outer loop
      vertex -37.954 -17.149 2
      vertex -37.954 -24.247 2
      vertex -36.035 -19.829 2
    endloop
  endfacet
  facet normal -0.08546 -0.99634 0
    outer loop
      vertex -5.142 -31.961 12.5
      vertex -11.053 -31.454 12.5
      vertex -11.053 -31.454 0
    endloop
  endfacet
  facet normal -0.97423 -0.22557 0
    outer loop
      vertex 9.635 6.029 2
      vertex 9.635 6.029 12.5
      vertex 9.265 7.627 2
    endloop
  endfacet
  facet normal 0 0 1
    outer loop
      vertex -39.091 -24.972 2
      vertex -39.091 -12.333 2
      vertex -41.045 -20.301 2
    endloop
  endfacet
  facet normal 0 0 1
    outer loop
      vertex -41.045 -25.749 2
      vertex -39.091 -24.972 2
      vertex -41.045 -20.301 2
    endloop
  endfacet
  facet normal -0.87451 0.485 0
    outer loop
      vertex 8.512 -3.383 2
      vertex 8.192 -3.96 2
      vertex 8.512 -3.383 12.5
    endloop
  endfacet
  facet normal -0.99975 -0.02221 0
    outer loop
      vertex -41.045 -20.301 0
      vertex -41.045 -20.301 2
      vertex -41.15 -15.575 2
    endloop
  endfacet
  facet normal 0 0 1
    outer loop
      vertex -11.268 -29.511 12.5
      vertex -11.393 -28.89 12.5
      vertex -12.72 -29.281 12.5
    endloop
  endfacet
  facet normal -0.73142 -0.68193 0
    outer loop
      vertex 8.512 -3.383 2
      vertex 8.512 -3.383 12.5
      vertex 8.388 -3.25 2
    endloop
  endfacet
  facet normal 0 0 1
    outer loop
      vertex 10.544 -5.126 2
      vertex 12.909 -4.901 2
      vertex 11.491 -3.532 2
    endloop
  endfacet
  facet normal 0 0 1
    outer loop
      vertex 12.605 -1.592 2
      vertex 11.491 -3.532 2
      vertex 14.048 -3.303 2
    endloop
  endfacet
  facet normal 0 0 1
    outer loop
      vertex -11.053 -31.454 12.5
      vertex -11.005 -29.933 12.5
      vertex -12.303 -31.092 12.5
    endloop
  endfacet
  facet normal 0 0 1
    outer loop
      vertex -15.069 -29.643 12.5
      vertex -12.303 -31.092 12.5
      vertex -12.72 -29.281 12.5
    endloop
  endfacet
  facet normal 0 0 1
    outer loop
      vertex -12.72 -29.281 12.5
      vertex -15.562 -27.905 12.5
      vertex -15.069 -29.643 12.5
    endloop
  endfacet
  facet normal 0 0 1
    outer loop
      vertex 8.192 -3.96 2
      vertex 8.512 -3.383 2
      vertex 8.388 -3.25 2
    endloop
  endfacet
  facet normal 0 0 1
    outer loop
      vertex -12.72 -29.281 12.5
      vertex -12.303 -31.092 12.5
      vertex -11.268 -29.511 12.5
    endloop
  endfacet
  facet normal 0 0 1
    outer loop
      vertex -11.268 -29.511 12.5
      vertex -12.303 -31.092 12.5
      vertex -11.005 -29.933 12.5
    endloop
  endfacet
  facet normal 0 0 1
    outer loop
      vertex 14.048 -3.303 2
      vertex 11.491 -3.532 2
      vertex 12.909 -4.901 2
    endloop
  endfacet
  facet normal 0.81432 -0.58042 0
    outer loop
      vertex 12.909 -4.901 0
      vertex 14.048 -3.303 0
      vertex 14.048 -3.303 2
    endloop
  endfacet
  facet normal 0.81432 -0.58042 0
    outer loop
      vertex 12.909 -4.901 0
      vertex 14.048 -3.303 2
      vertex 12.909 -4.901 2
    endloop
  endfacet
  facet normal 0.91476 0.404 0
    outer loop
      vertex 14.048 -7.48 2
      vertex 14.048 -7.48 0
      vertex 12.909 -4.901 0
    endloop
  endfacet
  facet normal 0.91476 0.404 0
    outer loop
      vertex 14.048 -7.48 2
      vertex 12.909 -4.901 0
      vertex 12.909 -4.901 2
    endloop
  endfacet
  facet normal 0.93826 0.34594 0
    outer loop
      vertex 14.048 -7.48 2
      vertex 14.736 -9.346 0
      vertex 14.048 -7.48 0
    endloop
  endfacet
  facet normal 0 0 -1
    outer loop
      vertex -59.397 36.541 0
      vertex -58.584 36.951 0
      vertex -59.89 35.731 0
    endloop
  endfacet
  facet normal 0 0 -1
    outer loop
      vertex -58.584 36.951 0
      vertex -57.136 36.963 0
      vertex -59.89 35.731 0
    endloop
  endfacet
  facet normal 0.92147 0.38845 0
    outer loop
      vertex 11.112 4.942 15
      vertex 12.211 2.335 15
      vertex 12.211 2.335 2
    endloop
  endfacet
  facet normal 0.85972 -0.51076 0
    outer loop
      vertex 10.544 -5.126 2
      vertex 11.491 -3.532 2
      vertex 10.544 -5.126 15
    endloop
  endfacet
  facet normal 0.43578 0.90006 0
    outer loop
      vertex -15.562 -27.905 0
      vertex -15.562 -27.905 12.5
      vertex -12.72 -29.281 12.5
    endloop
  endfacet
  facet normal -0.06422 -0.99794 0
    outer loop
      vertex 9.32 -6.833 12.5
      vertex 9.32 -6.833 2
      vertex 9.522 -6.846 2
    endloop
  endfacet
  facet normal -0.06268 -0.99803 0.00003
    outer loop
      vertex 9.522 -6.846 2
      vertex 9.734 -6.859 12.5
      vertex 9.32 -6.833 12.5
    endloop
  endfacet
  facet normal -0.06121 -0.99813 0
    outer loop
      vertex 9.522 -6.846 2
      vertex 9.734 -6.859 2
      vertex 9.734 -6.859 12.5
    endloop
  endfacet
  facet normal 0.99982 0.01916 0
    outer loop
      vertex -11.393 -28.89 0
      vertex -11.432 -26.855 0
      vertex -11.393 -28.89 12.5
    endloop
  endfacet
  facet normal 0.99982 0.01916 0
    outer loop
      vertex -11.432 -26.855 12.5
      vertex -11.393 -28.89 12.5
      vertex -11.432 -26.855 0
    endloop
  endfacet
  facet normal 0.98034 0.19733 0
    outer loop
      vertex -11.268 -29.511 12.5
      vertex -11.268 -29.511 0
      vertex -11.393 -28.89 12.5
    endloop
  endfacet
  facet normal 0 0 1
    outer loop
      vertex -16.215 -3.269 12.5
      vertex -13.857 -3.568 12.5
      vertex -14.223 -2.303 12.5
    endloop
  endfacet
  facet normal 0 0 1
    outer loop
      vertex -13.857 -3.568 12.5
      vertex -11.242 -4.039 12.5
      vertex -14.223 -2.303 12.5
    endloop
  endfacet
  facet normal 0 0 1
    outer loop
      vertex -8.566 -3.351 12.5
      vertex -14.223 -2.303 12.5
      vertex -11.242 -4.039 12.5
    endloop
  endfacet
  facet normal 0 0 1
    outer loop
      vertex -11.242 -4.039 12.5
      vertex -9.448 -4.826 12.5
      vertex -8.566 -3.351 12.5
    endloop
  endfacet
  facet normal -0.99233 -0.12359 -0.00001
    outer loop
      vertex 11.426 0.706 12.5
      vertex 11.514 0 2
      vertex 11.562 -0.386 12.5
    endloop
  endfacet
  facet normal -0.98963 -0.14361 0
    outer loop
      vertex -57.213 28.341 2
      vertex -57.158 27.962 15
      vertex -57.213 28.341 15
    endloop
  endfacet
  facet normal 0.18216 0.98327 0
    outer loop
      vertex -14.223 -2.303 12.5
      vertex -8.566 -3.351 0
      vertex -14.223 -2.303 0
    endloop
  endfacet
  facet normal 0.18216 0.98327 0
    outer loop
      vertex -8.566 -3.351 0
      vertex -14.223 -2.303 12.5
      vertex -8.566 -3.351 12.5
    endloop
  endfacet
  facet normal 0.11919 0.99287 0
    outer loop
      vertex -5.034 -3.775 12.5
      vertex -8.566 -3.351 0
      vertex -8.566 -3.351 12.5
    endloop
  endfacet
  facet normal 0.37242 -0.92806 0
    outer loop
      vertex -16.215 -3.269 12.5
      vertex -16.681 -3.456 12.5
      vertex -16.215 -3.269 0
    endloop
  endfacet
  facet normal -0.60439 -0.79669 0
    outer loop
      vertex 9.734 -6.859 2
      vertex 9.763 -6.881 2
      vertex 9.734 -6.859 12.5
    endloop
  endfacet
  facet normal 0.94712 -0.32089 0
    outer loop
      vertex 14.39 6.54 2
      vertex 14.39 6.54 0
      vertex 14.968 8.246 0
    endloop
  endfacet
  facet normal -0.42118 0.90698 0
    outer loop
      vertex -11.242 -4.039 0
      vertex -13.895 -5.271 0
      vertex -11.242 -4.039 12.5
    endloop
  endfacet
  facet normal -0.17726 -0.98416 0
    outer loop
      vertex -13.857 -3.568 0
      vertex -11.242 -4.039 0
      vertex -11.242 -4.039 12.5
    endloop
  endfacet
  facet normal -0.17726 -0.98416 0
    outer loop
      vertex -13.857 -3.568 0
      vertex -11.242 -4.039 12.5
      vertex -13.857 -3.568 12.5
    endloop
  endfacet
  facet normal -0.1258 -0.99206 0
    outer loop
      vertex -16.215 -3.269 12.5
      vertex -16.215 -3.269 0
      vertex -13.857 -3.568 0
    endloop
  endfacet
  facet normal -0.1258 -0.99206 0
    outer loop
      vertex -16.215 -3.269 12.5
      vertex -13.857 -3.568 0
      vertex -13.857 -3.568 12.5
    endloop
  endfacet
  facet normal 0 0 1
    outer loop
      vertex -5.034 -3.775 12.5
      vertex -8.566 -3.351 12.5
      vertex -6.62 -4.872 12.5
    endloop
  endfacet
  facet normal 0 0 1
    outer loop
      vertex 12.926 8.573 2
      vertex 12.173 6.898 2
      vertex 14.39 6.54 2
    endloop
  endfacet
  facet normal 0 0 1
    outer loop
      vertex -8.341 -4.768 12.5
      vertex -6.62 -4.872 12.5
      vertex -8.566 -3.351 12.5
    endloop
  endfacet
  facet normal 0.89187 0.45229 0
    outer loop
      vertex 10.544 -5.126 2
      vertex 10.544 -5.126 15
      vertex 11.719 -7.443 2
    endloop
  endfacet
  facet normal 0 0 1
    outer loop
      vertex -8.341 -4.768 12.5
      vertex -8.566 -3.351 12.5
      vertex -9.448 -4.826 12.5
    endloop
  endfacet
  facet normal 0 0 1
    outer loop
      vertex 14.39 6.54 2
      vertex 12.173 6.898 2
      vertex 13.555 4.76 2
    endloop
  endfacet
  facet normal 0 0 1
    outer loop
      vertex 11.719 -7.443 2
      vertex 12.909 -4.901 2
      vertex 10.544 -5.126 2
    endloop
  endfacet
  facet normal 0 0 1
    outer loop
      vertex -10.333 -5.116 12.5
      vertex -9.448 -4.826 12.5
      vertex -11.242 -4.039 12.5
    endloop
  endfacet
  facet normal 0.90534 -0.42469 0
    outer loop
      vertex 13.555 4.76 0
      vertex 14.39 6.54 0
      vertex 14.39 6.54 2
    endloop
  endfacet
  facet normal 0.90534 -0.42469 0
    outer loop
      vertex 13.555 4.76 0
      vertex 14.39 6.54 2
      vertex 13.555 4.76 2
    endloop
  endfacet
  facet normal 0.87901 -0.4768 0
    outer loop
      vertex 11.112 4.942 15
      vertex 11.112 4.942 2
      vertex 12.173 6.898 2
    endloop
  endfacet
  facet normal 0.88623 0.46324 0
    outer loop
      vertex -37.954 -24.247 2
      vertex -37.954 -24.247 15
      vertex -36.78 -26.493 15
    endloop
  endfacet
  facet normal 0.57699 -0.81675 0
    outer loop
      vertex 8.192 -7.471 2
      vertex 8.812 -7.033 2
      vertex 8.812 -7.033 12.5
    endloop
  endfacet
  facet normal 0 0 1
    outer loop
      vertex -49.328 28.914 2
      vertex -50.05 30.003 2
      vertex -51.536 28.214 2
    endloop
  endfacet
  facet normal 0 0 1
    outer loop
      vertex -52 28.672 2
      vertex -51.536 28.214 2
      vertex -50.05 30.003 2
    endloop
  endfacet
  facet normal 0.92147 0.38845 0
    outer loop
      vertex 11.112 4.942 2
      vertex 11.112 4.942 15
      vertex 12.211 2.335 2
    endloop
  endfacet
  facet normal -0.97439 0.22486 0
    outer loop
      vertex 9.853 5.037 2
      vertex 9.853 5.037 15
      vertex 9.868 5.102 12.5
    endloop
  endfacet
  facet normal 0 0 1
    outer loop
      vertex -49.152 31.88 2
      vertex -51.026 32.248 2
      vertex -50.05 30.003 2
    endloop
  endfacet
  facet normal -0.97929 -0.20248 0
    outer loop
      vertex 10.073 3.973 2
      vertex 10.073 3.973 15
      vertex 9.853 5.037 2
    endloop
  endfacet
  facet normal 0.84868 0.52891 0
    outer loop
      vertex -11.005 -29.933 12.5
      vertex -11.005 -29.933 0
      vertex -11.268 -29.511 12.5
    endloop
  endfacet
  facet normal -0.90728 -0.42053 0
    outer loop
      vertex 10.331 -7.685 15
      vertex 10.331 -7.685 2
      vertex 10.566 -8.192 2
    endloop
  endfacet
  facet normal -0.94066 -0.33934 0
    outer loop
      vertex 9.265 7.627 12.5
      vertex 9.129 8.004 2
      vertex 9.265 7.627 2
    endloop
  endfacet
  facet normal 0 0 1
    outer loop
      vertex -15.77 -7.951 12.5
      vertex -13.522 -6.892 12.5
      vertex -16.452 -6.275 12.5
    endloop
  endfacet
  facet normal 0 0 1
    outer loop
      vertex -13.895 -5.271 12.5
      vertex -16.452 -6.275 12.5
      vertex -13.522 -6.892 12.5
    endloop
  endfacet
  facet normal 0 0 1
    outer loop
      vertex -13.895 -5.271 12.5
      vertex -13.522 -6.892 12.5
      vertex -11.394 -5.705 12.5
    endloop
  endfacet
  facet normal 0 0 1
    outer loop
      vertex -10.333 -5.116 12.5
      vertex -11.242 -4.039 12.5
      vertex -11.394 -5.705 12.5
    endloop
  endfacet
  facet normal 0 0 1
    outer loop
      vertex -13.895 -5.271 12.5
      vertex -11.394 -5.705 12.5
      vertex -11.242 -4.039 12.5
    endloop
  endfacet
  facet normal 0.24353 0.96989 0
    outer loop
      vertex -10.555 -30.206 0
      vertex -10.555 -30.206 12.5
      vertex -9.866 -30.379 12.5
    endloop
  endfacet
  facet normal -0.06032 -0.99818 0
    outer loop
      vertex -6.62 -4.872 12.5
      vertex -8.341 -4.768 12.5
      vertex -8.341 -4.768 0
    endloop
  endfacet
  facet normal 0.05232 -0.99863 0
    outer loop
      vertex -9.448 -4.826 12.5
      vertex -8.341 -4.768 0
      vertex -8.341 -4.768 12.5
    endloop
  endfacet
  facet normal -0.46404 -0.88581 0
    outer loop
      vertex -12.303 -31.092 0
      vertex -12.303 -31.092 12.5
      vertex -15.069 -29.643 12.5
    endloop
  endfacet
  facet normal 0 0 1
    outer loop
      vertex 8.812 -7.033 2
      vertex 8.672 -8.739 2
      vertex 9.32 -6.833 2
    endloop
  endfacet
  facet normal 0 0 1
    outer loop
      vertex 9.522 -6.846 2
      vertex 9.32 -6.833 2
      vertex 8.672 -8.739 2
    endloop
  endfacet
  facet normal 0 0 1
    outer loop
      vertex 8.192 -7.471 2
      vertex 8.672 -8.739 2
      vertex 8.812 -7.033 2
    endloop
  endfacet
  facet normal 0 0 1
    outer loop
      vertex 10.331 -7.685 2
      vertex 9.763 -6.881 2
      vertex 8.672 -8.739 2
    endloop
  endfacet
  facet normal 0 0 1
    outer loop
      vertex 9.734 -6.859 2
      vertex 8.672 -8.739 2
      vertex 9.763 -6.881 2
    endloop
  endfacet
  facet normal -0.97239 0.23337 -0.00006
    outer loop
      vertex 9.853 5.037 2
      vertex 9.868 5.102 12.5
      vertex 9.859 5.062 2
    endloop
  endfacet
  facet normal 0.83346 0.55258 0
    outer loop
      vertex -49.328 28.914 2
      vertex -49.328 28.914 0
      vertex -50.05 30.003 0
    endloop
  endfacet
  facet normal 0.83346 0.55258 0
    outer loop
      vertex -49.328 28.914 2
      vertex -50.05 30.003 0
      vertex -50.05 30.003 2
    endloop
  endfacet
  facet normal -0.96983 -0.24377 -0.00004
    outer loop
      vertex 9.868 5.102 12.5
      vertex 9.635 6.029 12.5
      vertex 9.778 5.462 2
    endloop
  endfacet
  facet normal 0.48714 -0.87332 0
    outer loop
      vertex -13.522 -6.892 12.5
      vertex -13.522 -6.892 0
      vertex -11.394 -5.705 12.5
    endloop
  endfacet
  facet normal 0 0 1
    outer loop
      vertex 9.522 -6.846 2
      vertex 8.672 -8.739 2
      vertex 9.734 -6.859 2
    endloop
  endfacet
  facet normal 0.42617 -0.90465 0
    outer loop
      vertex -15.77 -7.951 12.5
      vertex -13.522 -6.892 0
      vertex -13.522 -6.892 12.5
    endloop
  endfacet
  facet normal -0.97014 -0.24254 0
    outer loop
      vertex 9.868 5.102 12.5
      vertex 9.778 5.462 2
      vertex 9.868 5.102 2
    endloop
  endfacet
  facet normal 0 0 1
    outer loop
      vertex -55.296 30.245 2
      vertex -56.766 32.258 2
      vertex -56.663 28.455 2
    endloop
  endfacet
  facet normal -0.42118 0.90698 0
    outer loop
      vertex -13.895 -5.271 12.5
      vertex -11.242 -4.039 12.5
      vertex -13.895 -5.271 0
    endloop
  endfacet
  facet normal 0 0 1
    outer loop
      vertex 8.235 6.448 2
      vertex 9.635 6.029 2
      vertex 8.919 7.666 2
    endloop
  endfacet
  facet normal 0 0 1
    outer loop
      vertex 9.129 8.004 2
      vertex 8.919 7.666 2
      vertex 9.265 7.627 2
    endloop
  endfacet
  facet normal -0.87192 0.48965 0
    outer loop
      vertex 8.919 7.666 2
      vertex 8.919 7.666 0
      vertex 8.235 6.448 0
    endloop
  endfacet
  facet normal -0.87192 0.48965 0
    outer loop
      vertex 8.919 7.666 2
      vertex 8.235 6.448 0
      vertex 8.235 6.448 2
    endloop
  endfacet
  facet normal 0.05232 -0.99863 0
    outer loop
      vertex -9.448 -4.826 0
      vertex -8.341 -4.768 0
      vertex -9.448 -4.826 12.5
    endloop
  endfacet
  facet normal 0.31139 -0.95028 0
    outer loop
      vertex -9.448 -4.826 12.5
      vertex -10.333 -5.116 12.5
      vertex -9.448 -4.826 0
    endloop
  endfacet
  facet normal 0.31139 -0.95028 0
    outer loop
      vertex -10.333 -5.116 0
      vertex -9.448 -4.826 0
      vertex -10.333 -5.116 12.5
    endloop
  endfacet
  facet normal 0 0 1
    outer loop
      vertex -54.133 30.828 2
      vertex -53.31 29.99 2
      vertex -51.026 32.248 2
    endloop
  endfacet
  facet normal 0 0 1
    outer loop
      vertex -53.31 29.99 2
      vertex -52.504 29.17 2
      vertex -51.026 32.248 2
    endloop
  endfacet
  facet normal 0 0 1
    outer loop
      vertex -52.504 29.17 2
      vertex -52 28.672 2
      vertex -50.05 30.003 2
    endloop
  endfacet
  facet normal 0 0 1
    outer loop
      vertex -50.05 30.003 2
      vertex -51.026 32.248 2
      vertex -52.504 29.17 2
    endloop
  endfacet
  facet normal -0.84941 0.52774 0
    outer loop
      vertex 9.129 8.004 0
      vertex 8.919 7.666 0
      vertex 8.919 7.666 2
    endloop
  endfacet
  facet normal -0.84941 0.52774 0
    outer loop
      vertex 9.129 8.004 0
      vertex 8.919 7.666 2
      vertex 9.129 8.004 2
    endloop
  endfacet
  facet normal 0.48536 -0.87431 0
    outer loop
      vertex -11.394 -5.705 0
      vertex -10.333 -5.116 0
      vertex -10.333 -5.116 12.5
    endloop
  endfacet
  facet normal 0.48536 -0.87431 0
    outer loop
      vertex -11.394 -5.705 0
      vertex -10.333 -5.116 12.5
      vertex -11.394 -5.705 12.5
    endloop
  endfacet
  facet normal 0.48714 -0.87332 0
    outer loop
      vertex -13.522 -6.892 0
      vertex -11.394 -5.705 0
      vertex -11.394 -5.705 12.5
    endloop
  endfacet
  facet normal 0 0 1
    outer loop
      vertex 7.967 -4.365 12.5
      vertex 8.65 -5.56 12.5
      vertex 8.512 -3.383 12.5
    endloop
  endfacet
  facet normal 0.91691 0.39909 0
    outer loop
      vertex -55.194 32.212 2
      vertex -55.436 32.768 2
      vertex -55.194 32.212 15
    endloop
  endfacet
  facet normal 0.42617 -0.90465 0
    outer loop
      vertex -15.77 -7.951 12.5
      vertex -15.77 -7.951 0
      vertex -13.522 -6.892 0
    endloop
  endfacet
  facet normal 0 0 1
    outer loop
      vertex 6.831 -3.404 12.5
      vertex 3.402 -2.907 12.5
      vertex 5.689 -3.718 12.5
    endloop
  endfacet
  facet normal 0 0 1
    outer loop
      vertex 5.689 -3.718 12.5
      vertex 3.402 -2.907 12.5
      vertex 4.824 -4.094 12.5
    endloop
  endfacet
  facet normal -0.94058 -0.33956 0
    outer loop
      vertex 9.129 8.004 0
      vertex 9.129 8.004 2
      vertex 8.716 9.148 0
    endloop
  endfacet
  facet normal 0.79362 0.60841 0
    outer loop
      vertex -55.194 32.212 2
      vertex -55.194 32.212 15
      vertex -54.133 30.828 2
    endloop
  endfacet
  facet normal 0 0 1
    outer loop
      vertex -2.528 -3.75 12.5
      vertex -1.467 -4.8 12.5
      vertex 3.402 -2.907 12.5
    endloop
  endfacet
  facet normal 0 0 1
    outer loop
      vertex -0.794 -4.931 12.5
      vertex 0.049 -5.524 12.5
      vertex 3.402 -2.907 12.5
    endloop
  endfacet
  facet normal 0 0 1
    outer loop
      vertex 0.049 -5.524 12.5
      vertex 1.001 -6.184 12.5
      vertex 3.402 -2.907 12.5
    endloop
  endfacet
  facet normal 0 0 1
    outer loop
      vertex -54.204 25.87 15
      vertex -54.55 27.649 15
      vertex -54.625 25.838 15
    endloop
  endfacet
  facet normal 0 0 1
    outer loop
      vertex -57.126 28.554 2
      vertex -56.663 28.455 2
      vertex -56.766 32.258 2
    endloop
  endfacet
  facet normal 0 0 1
    outer loop
      vertex -54.625 25.838 15
      vertex -54.55 27.649 15
      vertex -56.587 26.635 15
    endloop
  endfacet
  facet normal -0.80759 -0.58974 0
    outer loop
      vertex -56.766 32.258 2
      vertex -55.296 30.245 2
      vertex -55.296 30.245 15
    endloop
  endfacet
  facet normal 0 0 1
    outer loop
      vertex 12.173 6.898 2
      vertex 11.112 4.942 2
      vertex 13.555 4.76 2
    endloop
  endfacet
  facet normal 0 0 1
    outer loop
      vertex -54.55 27.649 15
      vertex -56.279 28.373 15
      vertex -56.587 26.635 15
    endloop
  endfacet
  facet normal 0 0 1
    outer loop
      vertex -53.186 25.657 15
      vertex -52.855 26.875 15
      vertex -54.204 25.87 15
    endloop
  endfacet
  facet normal 0 0 1
    outer loop
      vertex -52.855 26.875 15
      vertex -54.55 27.649 15
      vertex -54.204 25.87 15
    endloop
  endfacet
  facet normal 0 0 1
    outer loop
      vertex -57.158 27.962 15
      vertex -56.587 26.635 15
      vertex -56.279 28.373 15
    endloop
  endfacet
  facet normal 0 0 1
    outer loop
      vertex -56.279 28.373 15
      vertex -57.213 28.341 15
      vertex -57.158 27.962 15
    endloop
  endfacet
  facet normal 0 0 1
    outer loop
      vertex -50.948 17.304 15
      vertex -51.973 21.565 15
      vertex -53.375 21.239 15
    endloop
  endfacet
  facet normal 0.11919 0.99287 0
    outer loop
      vertex -5.034 -3.775 0
      vertex -8.566 -3.351 0
      vertex -5.034 -3.775 12.5
    endloop
  endfacet
  facet normal -0.73155 -0.68179 0
    outer loop
      vertex -55.296 30.245 2
      vertex -53.83 28.672 2
      vertex -55.296 30.245 15
    endloop
  endfacet
  facet normal 0 0 1
    outer loop
      vertex -51.973 21.565 15
      vertex -50.948 17.304 15
      vertex -49.553 17.605 15
    endloop
  endfacet
  facet normal 0 0 1
    outer loop
      vertex -56.587 26.635 15
      vertex -53.375 21.239 15
      vertex -54.625 25.838 15
    endloop
  endfacet
  facet normal 0 0 1
    outer loop
      vertex -51.973 21.565 15
      vertex -54.625 25.838 15
      vertex -53.375 21.239 15
    endloop
  endfacet
  facet normal 0.89667 0.44271 0
    outer loop
      vertex -50.878 27.369 15
      vertex -50.524 26.652 15
      vertex -50.878 27.369 2
    endloop
  endfacet
  facet normal 0 0 1
    outer loop
      vertex -0.861 -10.015 12.5
      vertex -0.254 -7.987 12.5
      vertex -1.521 -8.488 12.5
    endloop
  endfacet
  facet normal 0 0 1
    outer loop
      vertex -0.861 -10.015 12.5
      vertex 0.693 -9.942 12.5
      vertex -0.254 -7.987 12.5
    endloop
  endfacet
  facet normal 0 0 1
    outer loop
      vertex -2.225 -7.226 12.5
      vertex -1.521 -8.488 12.5
      vertex -1.126 -6.502 12.5
    endloop
  endfacet
  facet normal 0 0 1
    outer loop
      vertex -0.254 -7.987 12.5
      vertex -1.126 -6.502 12.5
      vertex -1.521 -8.488 12.5
    endloop
  endfacet
  facet normal 0 0 1
    outer loop
      vertex -50.948 17.304 15
      vertex -48.933 13.765 15
      vertex -49.553 17.605 15
    endloop
  endfacet
  facet normal 0 0 1
    outer loop
      vertex -47.559 13.955 15
      vertex -49.553 17.605 15
      vertex -48.933 13.765 15
    endloop
  endfacet
  facet normal 0.789 0.61439 0
    outer loop
      vertex -50.878 27.369 15
      vertex -50.878 27.369 2
      vertex -51.536 28.214 15
    endloop
  endfacet
  facet normal -0.91793 -0.39675 0
    outer loop
      vertex -1.521 -8.488 0
      vertex -0.861 -10.015 0
      vertex -0.861 -10.015 12.5
    endloop
  endfacet
  facet normal -0.91793 -0.39675 0
    outer loop
      vertex -1.521 -8.488 0
      vertex -0.861 -10.015 12.5
      vertex -1.521 -8.488 12.5
    endloop
  endfacet
  facet normal -0.87331 -0.48717 0
    outer loop
      vertex -2.225 -7.226 12.5
      vertex -2.225 -7.226 0
      vertex -1.521 -8.488 12.5
    endloop
  endfacet
  facet normal -0.87331 -0.48717 0
    outer loop
      vertex -1.521 -8.488 0
      vertex -1.521 -8.488 12.5
      vertex -2.225 -7.226 0
    endloop
  endfacet
  facet normal 0 0 1
    outer loop
      vertex -46.219 11.059 15
      vertex -47.559 13.955 15
      vertex -47.557 11.048 15
    endloop
  endfacet
  facet normal 0 0 1
    outer loop
      vertex -48.933 13.765 15
      vertex -47.557 11.048 15
      vertex -47.559 13.955 15
    endloop
  endfacet
  facet normal 0 0 1
    outer loop
      vertex -14.223 -2.303 12.5
      vertex -20.48 -1.00002 12.5
      vertex -16.215 -3.269 12.5
    endloop
  endfacet
  facet normal 0 0 1
    outer loop
      vertex -17.397 -4.251 12.5
      vertex -17.039 -3.894 12.5
      vertex -20.48 -1.00002 12.5
    endloop
  endfacet
  facet normal 0 0 1
    outer loop
      vertex -17.039 -3.894 12.5
      vertex -16.681 -3.456 12.5
      vertex -20.48 -1.00002 12.5
    endloop
  endfacet
  facet normal 0 0 1
    outer loop
      vertex -16.681 -3.456 12.5
      vertex -16.215 -3.269 12.5
      vertex -20.48 -1.00002 12.5
    endloop
  endfacet
  facet normal 0 0 1
    outer loop
      vertex 9.853 5.037 2
      vertex 9.859 5.062 2
      vertex 8.012 5.115 2
    endloop
  endfacet
  facet normal 0 0 1
    outer loop
      vertex 9.859 5.062 2
      vertex 9.868 5.102 2
      vertex 8.012 5.115 2
    endloop
  endfacet
  facet normal 0 0 1
    outer loop
      vertex 9.778 5.462 2
      vertex 9.635 6.029 2
      vertex 8.012 5.115 2
    endloop
  endfacet
  facet normal 0 0 1
    outer loop
      vertex 9.265 7.627 2
      vertex 8.919 7.666 2
      vertex 9.635 6.029 2
    endloop
  endfacet
  facet normal 0.77427 -0.63285 0
    outer loop
      vertex -17.039 -3.894 0
      vertex -16.681 -3.456 12.5
      vertex -17.039 -3.894 12.5
    endloop
  endfacet
  facet normal 1 0 0
    outer loop
      vertex -11.053 -31.454 0
      vertex -11.053 -31.454 12.5
      vertex -11.053 -32.504 12.5
    endloop
  endfacet
  facet normal 0 0 1
    outer loop
      vertex -46.219 11.059 15
      vertex -47.048 9.578 15
      vertex -45.759 9.36 15
    endloop
  endfacet
  facet normal 0 0 1
    outer loop
      vertex -45.978 8.455 15
      vertex -45.759 9.36 15
      vertex -47.048 9.578 15
    endloop
  endfacet
  facet normal 0 0 1
    outer loop
      vertex -47.557 11.048 15
      vertex -47.048 9.578 15
      vertex -46.219 11.059 15
    endloop
  endfacet
  facet normal 0 0 1
    outer loop
      vertex -45.978 8.455 15
      vertex -47.048 9.578 15
      vertex -47.242 8.957 15
    endloop
  endfacet
  facet normal 0 0 1
    outer loop
      vertex 9.778 5.462 2
      vertex 8.012 5.115 2
      vertex 9.868 5.102 2
    endloop
  endfacet
  facet normal 0 0 1
    outer loop
      vertex 8.235 6.448 2
      vertex 8.012 5.115 2
      vertex 9.635 6.029 2
    endloop
  endfacet
  facet normal 0.20387 0.979 0
    outer loop
      vertex -14.223 -2.303 0
      vertex -20.48 -1.00002 12.5
      vertex -14.223 -2.303 12.5
    endloop
  endfacet
  facet normal 0.99493 0.10057 0
    outer loop
      vertex 15.145 -0.588 2
      vertex 15.145 -0.588 0
      vertex 14.995 0.896 2
    endloop
  endfacet
  facet normal 0.99493 0.10057 0
    outer loop
      vertex 14.995 0.896 0
      vertex 14.995 0.896 2
      vertex 15.145 -0.588 0
    endloop
  endfacet
  facet normal 0 0 1
    outer loop
      vertex -47.242 8.957 15
      vertex -46.479 7.658 15
      vertex -45.978 8.455 15
    endloop
  endfacet
  facet normal 0 0 1
    outer loop
      vertex -22.032 -1.934 12.5
      vertex -23.102 -0.454 12.5
      vertex -23.253 -1.613 12.5
    endloop
  endfacet
  facet normal 0 0 1
    outer loop
      vertex -47.242 8.957 15
      vertex -47.692 8.31 15
      vertex -46.479 7.658 15
    endloop
  endfacet
  facet normal 0 0 1
    outer loop
      vertex -21.75 -2.157 12.5
      vertex -20.48 -1.00002 12.5
      vertex -22.032 -1.934 12.5
    endloop
  endfacet
  facet normal 0 0 1
    outer loop
      vertex -48.076 7.68 15
      vertex -48.346 6.743 15
      vertex -46.866 7.07 15
    endloop
  endfacet
  facet normal 0 0 1
    outer loop
      vertex -46.866 7.07 15
      vertex -46.479 7.658 15
      vertex -47.692 8.31 15
    endloop
  endfacet
  facet normal 0 0 1
    outer loop
      vertex 13.555 4.76 2
      vertex 12.211 2.335 2
      vertex 14.39 2.726 2
    endloop
  endfacet
  facet normal 0 0 1
    outer loop
      vertex 14.995 0.896 2
      vertex 14.39 2.726 2
      vertex 12.887 0.7 2
    endloop
  endfacet
  facet normal 0 0 1
    outer loop
      vertex 14.995 0.896 2
      vertex 12.887 0.7 2
      vertex 13.045 -0.395 2
    endloop
  endfacet
  facet normal 0 0 1
    outer loop
      vertex 14.995 0.896 2
      vertex 13.045 -0.395 2
      vertex 15.145 -0.588 2
    endloop
  endfacet
  facet normal 0 0 1
    outer loop
      vertex 11.112 4.942 2
      vertex 12.211 2.335 2
      vertex 13.555 4.76 2
    endloop
  endfacet
  facet normal 0.92508 0.37977 0
    outer loop
      vertex 13.555 4.76 0
      vertex 13.555 4.76 2
      vertex 14.39 2.726 0
    endloop
  endfacet
  facet normal 0.92508 0.37977 0
    outer loop
      vertex 14.39 2.726 2
      vertex 14.39 2.726 0
      vertex 13.555 4.76 2
    endloop
  endfacet
  facet normal 0 0 1
    outer loop
      vertex -23.102 -0.454 12.5
      vertex -22.032 -1.934 12.5
      vertex -20.48 -1.00002 12.5
    endloop
  endfacet
  facet normal 0 0 1
    outer loop
      vertex -20.48 -1.00002 12.5
      vertex -21.75 -2.157 12.5
      vertex -21.662 -2.446 12.5
    endloop
  endfacet
  facet normal 0 0 1
    outer loop
      vertex -21.662 -2.446 12.5
      vertex -21.486 -3.111 12.5
      vertex -20.48 -1.00002 12.5
    endloop
  endfacet
  facet normal 0 0 1
    outer loop
      vertex -20.48 -1.00002 12.5
      vertex -21.486 -3.111 12.5
      vertex -21.056 -3.858 12.5
    endloop
  endfacet
  facet normal 0 0 1
    outer loop
      vertex -21.056 -3.858 12.5
      vertex -20.686 -4.226 12.5
      vertex -20.48 -1.00002 12.5
    endloop
  endfacet
  facet normal 0.94946 0.31389 0
    outer loop
      vertex 14.995 0.896 2
      vertex 14.995 0.896 0
      vertex 14.39 2.726 0
    endloop
  endfacet
  facet normal 0.94946 0.31389 0
    outer loop
      vertex 14.995 0.896 2
      vertex 14.39 2.726 0
      vertex 14.39 2.726 2
    endloop
  endfacet
  facet normal -0.25426 -0.96714 0
    outer loop
      vertex -22.032 -1.934 0
      vertex -22.032 -1.934 12.5
      vertex -23.253 -1.613 0
    endloop
  endfacet
  facet normal -0.25426 -0.96714 0
    outer loop
      vertex -23.253 -1.613 12.5
      vertex -23.253 -1.613 0
      vertex -22.032 -1.934 12.5
    endloop
  endfacet
  facet normal 0 0 1
    outer loop
      vertex -47.145 6.264 15
      vertex -46.866 7.07 15
      vertex -48.346 6.743 15
    endloop
  endfacet
  facet normal 0 0 1
    outer loop
      vertex -48.076 7.68 15
      vertex -46.866 7.07 15
      vertex -47.692 8.31 15
    endloop
  endfacet
  facet normal 0.92413 0.38209 0
    outer loop
      vertex 12.211 2.335 15
      vertex 12.887 0.7 2
      vertex 12.211 2.335 2
    endloop
  endfacet
  facet normal 0 0 1
    outer loop
      vertex -48.346 6.743 15
      vertex -48.549 4.109 15
      vertex -47.145 6.264 15
    endloop
  endfacet
  facet normal 0 0 -1
    outer loop
      vertex -60 34.662 0
      vertex -59.89 35.731 0
      vertex -57.136 36.963 0
    endloop
  endfacet
  facet normal 0 0 1
    outer loop
      vertex -47.145 6.264 15
      vertex -48.549 4.109 15
      vertex -47.375 4.06 15
    endloop
  endfacet
  facet normal -0.62028 -0.78438 0
    outer loop
      vertex -22.032 -1.934 12.5
      vertex -22.032 -1.934 0
      vertex -21.75 -2.157 12.5
    endloop
  endfacet
  facet normal 0 0 1
    outer loop
      vertex 8.005 -3.243 12.5
      vertex 10.355 -1.468 12.5
      vertex 6.831 -3.404 12.5
    endloop
  endfacet
  facet normal 0 0 1
    outer loop
      vertex 8.388 -3.25 12.5
      vertex 10.355 -1.468 12.5
      vertex 8.005 -3.243 12.5
    endloop
  endfacet
  facet normal 0 0 1
    outer loop
      vertex 3.402 -2.907 12.5
      vertex 6.831 -3.404 12.5
      vertex 10.355 -1.468 12.5
    endloop
  endfacet
  facet normal 0.01818 -0.99983 0
    outer loop
      vertex -52.077 25.448 2
      vertex -51.252 25.463 2
      vertex -52.077 25.448 15
    endloop
  endfacet
  facet normal 0.01818 -0.99983 0
    outer loop
      vertex -51.252 25.463 15
      vertex -52.077 25.448 15
      vertex -51.252 25.463 2
    endloop
  endfacet
  facet normal -0.97929 -0.20248 0
    outer loop
      vertex 9.853 5.037 15
      vertex 9.853 5.037 2
      vertex 10.073 3.973 15
    endloop
  endfacet
  facet normal -0.91821 -0.39609 0
    outer loop
      vertex 10.073 3.973 2
      vertex 10.733 2.443 2
      vertex 10.073 3.973 15
    endloop
  endfacet
  facet normal -0.92538 -0.37905 0
    outer loop
      vertex 11.091 1.569 2
      vertex 11.091 1.569 12.5
      vertex 10.733 2.443 2
    endloop
  endfacet
  facet normal -0.1852 -0.9827 0
    outer loop
      vertex -53.186 25.657 15
      vertex -53.186 25.657 2
      vertex -52.077 25.448 15
    endloop
  endfacet
  facet normal 0 0 1
    outer loop
      vertex -47.156 1.155 15
      vertex -47.375 4.06 15
      vertex -48.549 4.109 15
    endloop
  endfacet
  facet normal 0 0 1
    outer loop
      vertex -17.874 -4.505 12.5
      vertex -20.48 -1.00002 12.5
      vertex -19.034 -4.704 12.5
    endloop
  endfacet
  facet normal 0 0 1
    outer loop
      vertex -17.397 -4.251 12.5
      vertex -20.48 -1.00002 12.5
      vertex -17.874 -4.505 12.5
    endloop
  endfacet
  facet normal 0 0 1
    outer loop
      vertex -17.465 -6.402 12.5
      vertex -18.669 -6.357 12.5
      vertex -17.734 -8.71 12.5
    endloop
  endfacet
  facet normal -0.99242 -0.1229 -0.00005
    outer loop
      vertex 11.426 0.706 12.5
      vertex 11.474 0.323 2
      vertex 11.514 0 2
    endloop
  endfacet
  facet normal 0 0 1
    outer loop
      vertex -48.549 4.109 15
      vertex -48.304 0.742 15
      vertex -47.156 1.155 15
    endloop
  endfacet
  facet normal 0 0 1
    outer loop
      vertex -17.465 -6.402 12.5
      vertex -17.734 -8.71 12.5
      vertex -16.452 -6.275 12.5
    endloop
  endfacet
  facet normal 0 0 1
    outer loop
      vertex 13.045 -0.395 15
      vertex 12.887 0.7 15
      vertex 11.681 -0.273 15
    endloop
  endfacet
  facet normal -0.91821 -0.39609 0
    outer loop
      vertex 10.733 2.443 15
      vertex 10.073 3.973 15
      vertex 10.733 2.443 2
    endloop
  endfacet
  facet normal 0 0 1
    outer loop
      vertex 12.887 0.7 2
      vertex 14.39 2.726 2
      vertex 12.211 2.335 2
    endloop
  endfacet
  facet normal 0.51868 0.85497 0
    outer loop
      vertex -11.005 -29.933 12.5
      vertex -10.555 -30.206 0
      vertex -11.005 -29.933 0
    endloop
  endfacet
  facet normal 0 0 1
    outer loop
      vertex 8.252 3.549 2
      vertex 8.957 1.637 2
      vertex 10.073 3.973 2
    endloop
  endfacet
  facet normal 0 0 1
    outer loop
      vertex 8.012 5.115 2
      vertex 8.252 3.549 2
      vertex 9.853 5.037 2
    endloop
  endfacet
  facet normal 0.84868 0.52891 0
    outer loop
      vertex -11.268 -29.511 0
      vertex -11.268 -29.511 12.5
      vertex -11.005 -29.933 0
    endloop
  endfacet
  facet normal 0 0 1
    outer loop
      vertex 12.605 -1.592 15
      vertex 13.045 -0.395 15
      vertex 11.681 -0.273 15
    endloop
  endfacet
  facet normal 0 0 1
    outer loop
      vertex 11.681 -0.273 15
      vertex 11.236 -1.396 15
      vertex 12.605 -1.592 15
    endloop
  endfacet
  facet normal 0.16908 -0.9856 0
    outer loop
      vertex -17.874 -4.505 12.5
      vertex -19.034 -4.704 12.5
      vertex -19.034 -4.704 0
    endloop
  endfacet
  facet normal 0.24353 0.96989 0
    outer loop
      vertex -9.866 -30.379 0
      vertex -10.555 -30.206 0
      vertex -9.866 -30.379 12.5
    endloop
  endfacet
  facet normal 0.10468 0.99451 0
    outer loop
      vertex -9.866 -30.379 0
      vertex -9.866 -30.379 12.5
      vertex -7.567 -30.621 0
    endloop
  endfacet
  facet normal 0 0 1
    outer loop
      vertex 10.165 -3.17 15
      vertex 11.491 -3.532 15
      vertex 11.236 -1.396 15
    endloop
  endfacet
  facet normal 0 0 1
    outer loop
      vertex 8.65 -5.56 15
      vertex 10.544 -5.126 15
      vertex 10.165 -3.17 15
    endloop
  endfacet
  facet normal 0 0 1
    outer loop
      vertex 10.544 -5.126 15
      vertex 11.491 -3.532 15
      vertex 10.165 -3.17 15
    endloop
  endfacet
  facet normal 0 0 1
    outer loop
      vertex 12.605 -1.592 15
      vertex 11.236 -1.396 15
      vertex 11.491 -3.532 15
    endloop
  endfacet
  facet normal -0.08546 -0.99634 0
    outer loop
      vertex -5.142 -31.961 0
      vertex -5.142 -31.961 12.5
      vertex -11.053 -31.454 0
    endloop
  endfacet
  facet normal 1 0 0
    outer loop
      vertex -11.053 -31.454 0
      vertex -11.053 -32.504 12.5
      vertex -11.053 -32.504 0
    endloop
  endfacet
  facet normal -0.36548 0.93082 0
    outer loop
      vertex -13.895 -5.271 0
      vertex -16.452 -6.275 0
      vertex -13.895 -5.271 12.5
    endloop
  endfacet
  facet normal 0 0 1
    outer loop
      vertex 11.436 0.626 2
      vertex 11.426 0.706 2
      vertex 9.945 -0.579 2
    endloop
  endfacet
  facet normal 0 0 1
    outer loop
      vertex 11.474 0.323 2
      vertex 9.945 -0.579 2
      vertex 11.514 0 2
    endloop
  endfacet
  facet normal 0 0 1
    outer loop
      vertex 11.426 0.706 2
      vertex 11.091 1.569 2
      vertex 9.945 -0.579 2
    endloop
  endfacet
  facet normal 0 0 1
    outer loop
      vertex 8.957 1.637 2
      vertex 9.945 -0.579 2
      vertex 11.091 1.569 2
    endloop
  endfacet
  facet normal 0 0 1
    outer loop
      vertex 11.091 1.569 2
      vertex 10.733 2.443 2
      vertex 8.957 1.637 2
    endloop
  endfacet
  facet normal 0 0 1
    outer loop
      vertex 10.733 2.443 2
      vertex 10.073 3.973 2
      vertex 8.957 1.637 2
    endloop
  endfacet
  facet normal 0.98034 0.19733 0
    outer loop
      vertex -11.393 -28.89 0
      vertex -11.393 -28.89 12.5
      vertex -11.268 -29.511 0
    endloop
  endfacet
  facet normal -0.91334 -0.40721 0
    outer loop
      vertex 8.957 1.637 2
      vertex 8.957 1.637 0
      vertex 9.945 -0.579 2
    endloop
  endfacet
  facet normal -0.93825 -0.34596 0
    outer loop
      vertex 8.957 1.637 2
      vertex 8.252 3.549 2
      vertex 8.957 1.637 0
    endloop
  endfacet
  facet normal -0.93825 -0.34596 0
    outer loop
      vertex 8.252 3.549 0
      vertex 8.957 1.637 0
      vertex 8.252 3.549 2
    endloop
  endfacet
  facet normal -0.99617 0.08742 0
    outer loop
      vertex -12.639 -28.358 0
      vertex -12.72 -29.281 0
      vertex -12.72 -29.281 12.5
    endloop
  endfacet
  facet normal -0.99617 0.08742 0
    outer loop
      vertex -12.72 -29.281 12.5
      vertex -12.639 -28.358 12.5
      vertex -12.639 -28.358 0
    endloop
  endfacet
  facet normal 0.43578 0.90006 0
    outer loop
      vertex -12.72 -29.281 12.5
      vertex -12.72 -29.281 0
      vertex -15.562 -27.905 0
    endloop
  endfacet
  facet normal 0.81814 0.57502 -0.00004
    outer loop
      vertex -34.814 -29.706 15
      vertex -32.768 -32.618 2
      vertex -34.381 -30.323 2
    endloop
  endfacet
  facet normal 0 0 1
    outer loop
      vertex 9.521 -6.538 15
      vertex 10.544 -5.126 15
      vertex 8.65 -5.56 15
    endloop
  endfacet
  facet normal -0.99228 -0.12403 0
    outer loop
      vertex 11.436 0.626 2
      vertex 11.426 0.706 12.5
      vertex 11.426 0.706 2
    endloop
  endfacet
  facet normal 0 0 1
    outer loop
      vertex 9.521 -6.538 15
      vertex 10.331 -7.685 15
      vertex 10.544 -5.126 15
    endloop
  endfacet
  facet normal 0 0 1
    outer loop
      vertex 11.719 -7.443 15
      vertex 10.544 -5.126 15
      vertex 10.331 -7.685 15
    endloop
  endfacet
  facet normal 0 0 1
    outer loop
      vertex 10.331 -7.685 15
      vertex 11.141 -9.435 15
      vertex 11.719 -7.443 15
    endloop
  endfacet
  facet normal 0 0 1
    outer loop
      vertex 12.519 -9.264 15
      vertex 11.719 -7.443 15
      vertex 11.141 -9.435 15
    endloop
  endfacet
  facet normal -0.46404 -0.88581 0
    outer loop
      vertex -15.069 -29.643 12.5
      vertex -15.069 -29.643 0
      vertex -12.303 -31.092 0
    endloop
  endfacet
  facet normal -0.99223 -0.12444 0
    outer loop
      vertex 11.474 0.323 2
      vertex 11.426 0.706 12.5
      vertex 11.436 0.626 2
    endloop
  endfacet
  facet normal 0 0 1
    outer loop
      vertex 13.076 -11.048 15
      vertex 12.519 -9.264 15
      vertex 11.823 -11.457 15
    endloop
  endfacet
  facet normal 0 0 1
    outer loop
      vertex 11.436 0.626 2
      vertex 9.945 -0.579 2
      vertex 11.474 0.323 2
    endloop
  endfacet
  facet normal 0 0 1
    outer loop
      vertex -19.767 -18.091 12.5
      vertex -18.631 -19.105 12.5
      vertex -16.736 -17.548 12.5
    endloop
  endfacet
  facet normal 0 0 1
    outer loop
      vertex 11.141 -9.435 15
      vertex 11.823 -11.457 15
      vertex 12.519 -9.264 15
    endloop
  endfacet
  facet normal 0 0 1
    outer loop
      vertex 10.073 3.973 2
      vertex 9.853 5.037 2
      vertex 8.252 3.549 2
    endloop
  endfacet
  facet normal 0 0 1
    outer loop
      vertex -19.767 -18.091 12.5
      vertex -16.736 -17.548 12.5
      vertex -21.813 -16.606 12.5
    endloop
  endfacet
  facet normal 0 0 1
    outer loop
      vertex -16.736 -17.548 12.5
      vertex -23.102 -13.89 12.5
      vertex -21.813 -16.606 12.5
    endloop
  endfacet
  facet normal 0 0 1
    outer loop
      vertex -24.347 -14.229 12.5
      vertex -24.087 -14.578 12.5
      vertex -23.102 -13.89 12.5
    endloop
  endfacet
  facet normal 0 0 1
    outer loop
      vertex -23.334 -15.388 12.5
      vertex -21.813 -16.606 12.5
      vertex -23.102 -13.89 12.5
    endloop
  endfacet
  facet normal -0.98629 0.165 0
    outer loop
      vertex 8.012 5.115 2
      vertex 8.235 6.448 2
      vertex 8.012 5.115 0
    endloop
  endfacet
  facet normal -0.98629 0.165 0
    outer loop
      vertex 8.235 6.448 0
      vertex 8.012 5.115 0
      vertex 8.235 6.448 2
    endloop
  endfacet
  facet normal 0.70612 -0.7081 0
    outer loop
      vertex -17.039 -3.894 0
      vertex -17.039 -3.894 12.5
      vertex -17.397 -4.251 12.5
    endloop
  endfacet
  facet normal 0.26512 -0.96422 0
    outer loop
      vertex 6.831 -3.404 0
      vertex 6.831 -3.404 12.5
      vertex 5.689 -3.718 12.5
    endloop
  endfacet
  facet normal -0.98846 -0.15149 0
    outer loop
      vertex 8.252 3.549 2
      vertex 8.012 5.115 2
      vertex 8.252 3.549 0
    endloop
  endfacet
  facet normal -0.98846 -0.15149 0
    outer loop
      vertex 8.012 5.115 0
      vertex 8.252 3.549 0
      vertex 8.012 5.115 2
    endloop
  endfacet
  facet normal 0 0 1
    outer loop
      vertex -50.878 27.369 2
      vertex -50.524 26.652 2
      vertex -48.817 27.725 2
    endloop
  endfacet
  facet normal 0.91874 0.39485 0
    outer loop
      vertex -48.817 27.725 2
      vertex -49.328 28.914 0
      vertex -49.328 28.914 2
    endloop
  endfacet
  facet normal 0.89667 0.44271 0
    outer loop
      vertex -50.524 26.652 2
      vertex -50.878 27.369 2
      vertex -50.524 26.652 15
    endloop
  endfacet
  facet normal -0.88599 -0.46371 -0.00001
    outer loop
      vertex -37.916 -27.217 15
      vertex -39.091 -24.972 15
      vertex -37.954 -27.144 2
    endloop
  endfacet
  facet normal 0 0 1
    outer loop
      vertex -48.817 27.725 2
      vertex -49.328 28.914 2
      vertex -50.878 27.369 2
    endloop
  endfacet
  facet normal -0.88702 -0.46174 0
    outer loop
      vertex -37.916 -27.217 15
      vertex -37.954 -27.144 2
      vertex -37.916 -27.217 2
    endloop
  endfacet
  facet normal -0.21748 -0.97606 0
    outer loop
      vertex -4.334 33.702 15
      vertex -6.587 34.204 15
      vertex -6.587 34.204 2
    endloop
  endfacet
  facet normal 0.70249 0.71169 0
    outer loop
      vertex -52 28.672 2
      vertex -51.536 28.214 15
      vertex -51.536 28.214 2
    endloop
  endfacet
  facet normal 0 0 1
    outer loop
      vertex -35.968 -22.903 2
      vertex -37.954 -24.247 2
      vertex -35.673 -24.282 2
    endloop
  endfacet
  facet normal 0 0 1
    outer loop
      vertex -35.673 -24.282 2
      vertex -36.78 -26.493 2
      vertex -35.118 -25.495 2
    endloop
  endfacet
  facet normal 0.90934 0.41606 0
    outer loop
      vertex -35.673 -24.282 2
      vertex -35.118 -25.495 2
      vertex -35.673 -24.282 0
    endloop
  endfacet
  facet normal 0.90934 0.41606 0
    outer loop
      vertex -35.118 -25.495 0
      vertex -35.673 -24.282 0
      vertex -35.118 -25.495 2
    endloop
  endfacet
  facet normal 0 0 -1
    outer loop
      vertex -40.703 30.039 0
      vertex -39.905 34.652 0
      vertex -34.559 30.104 0
    endloop
  endfacet
  facet normal 0 0 -1
    outer loop
      vertex -39.905 34.652 0
      vertex -35.38 34.867 0
      vertex -34.559 30.104 0
    endloop
  endfacet
  facet normal 0.85037 0.52618 0
    outer loop
      vertex -33.219 -28.564 2
      vertex -33.219 -28.564 0
      vertex -35.118 -25.495 0
    endloop
  endfacet
  facet normal 0.85037 0.52618 0
    outer loop
      vertex -33.219 -28.564 2
      vertex -35.118 -25.495 0
      vertex -35.118 -25.495 2
    endloop
  endfacet
  facet normal 0 0 1
    outer loop
      vertex 8.65 -5.56 12.5
      vertex 7.967 -4.365 12.5
      vertex 6.794 -5.85 12.5
    endloop
  endfacet
  facet normal 0 0 -1
    outer loop
      vertex -40.703 30.039 0
      vertex -50.05 30.003 0
      vertex -46.294 34.644 0
    endloop
  endfacet
  facet normal 0 0 1
    outer loop
      vertex -51.536 28.214 2
      vertex -50.878 27.369 2
      vertex -49.328 28.914 2
    endloop
  endfacet
  facet normal 0.85299 0.52193 -0.00001
    outer loop
      vertex -35.858 -28 2
      vertex -36.78 -26.493 15
      vertex -34.814 -29.706 15
    endloop
  endfacet
  facet normal 0 0 1
    outer loop
      vertex -52.011 26.671 2
      vertex -52.442 27.333 2
      vertex -52.855 26.875 2
    endloop
  endfacet
  facet normal 0.85166 0.5241 -0.00035
    outer loop
      vertex -35.874 -27.974 2
      vertex -36.78 -26.493 15
      vertex -35.858 -28 2
    endloop
  endfacet
  facet normal 0 0 1
    outer loop
      vertex -50.492 26.304 2
      vertex -48.655 26.453 2
      vertex -50.524 26.652 2
    endloop
  endfacet
  facet normal 0 0 -1
    outer loop
      vertex -33.814 17.516 0
      vertex -34.955 18.201 0
      vertex -33.294 18.233 0
    endloop
  endfacet
  facet normal 0.4145 0.91005 0
    outer loop
      vertex -52.855 26.875 15
      vertex -52.855 26.875 2
      vertex -53.248 27.054 2
    endloop
  endfacet
  facet normal 0.85304 0.52185 0
    outer loop
      vertex -35.874 -27.974 2
      vertex -36.78 -26.493 2
      vertex -36.78 -26.493 15
    endloop
  endfacet
  facet normal 0 0 -1
    outer loop
      vertex -34.241 19.175 0
      vertex -33.294 18.233 0
      vertex -34.955 18.201 0
    endloop
  endfacet
  facet normal 0 0 -1
    outer loop
      vertex -33.56 19.823 0
      vertex -33.294 18.233 0
      vertex -34.241 19.175 0
    endloop
  endfacet
  facet normal 0 0 -1
    outer loop
      vertex -32.742 20.383 0
      vertex -32.316 19.1 0
      vertex -33.56 19.823 0
    endloop
  endfacet
  facet normal 0 0 -1
    outer loop
      vertex -35.231 17.278 0
      vertex -34.955 18.201 0
      vertex -33.814 17.516 0
    endloop
  endfacet
  facet normal 0 0 -1
    outer loop
      vertex -35.231 17.278 0
      vertex -33.814 17.516 0
      vertex -34.091 16.846 0
    endloop
  endfacet
  facet normal 0 0 1
    outer loop
      vertex -36.78 -26.493 2
      vertex -35.874 -27.974 2
      vertex -35.118 -25.495 2
    endloop
  endfacet
  facet normal 0 0 1
    outer loop
      vertex -49.404 24.373 2
      vertex -48.847 25.277 2
      vertex -50.715 25.68 2
    endloop
  endfacet
  facet normal 0 0 1
    outer loop
      vertex -52.077 25.448 2
      vertex -51.973 21.565 2
      vertex -50.544 23.647 2
    endloop
  endfacet
  facet normal -0.17985 -0.98369 0
    outer loop
      vertex -19.034 -4.704 0
      vertex -19.034 -4.704 12.5
      vertex -20.199 -4.491 12.5
    endloop
  endfacet
  facet normal 0 0 -1
    outer loop
      vertex -48.385 34.979 0
      vertex -50.05 30.003 0
      vertex -51.114 35.669 0
    endloop
  endfacet
  facet normal 0 0 -1
    outer loop
      vertex -48.385 34.979 0
      vertex -46.294 34.644 0
      vertex -50.05 30.003 0
    endloop
  endfacet
  facet normal 0 0 1
    outer loop
      vertex -50.544 23.647 2
      vertex -50.045 23.86 2
      vertex -51.252 25.463 2
    endloop
  endfacet
  facet normal 0 0 -1
    outer loop
      vertex -50.05 30.003 0
      vertex -58.404 30.662 0
      vertex -51.114 35.669 0
    endloop
  endfacet
  facet normal -0.1244 0.99223 0
    outer loop
      vertex -16.452 -6.275 0
      vertex -17.465 -6.402 12.5
      vertex -16.452 -6.275 12.5
    endloop
  endfacet
  facet normal 0.37466 -0.92716 0
    outer loop
      vertex -50.715 25.68 15
      vertex -51.252 25.463 2
      vertex -50.715 25.68 2
    endloop
  endfacet
  facet normal 0 0 1
    outer loop
      vertex 13.388 -12.823 15
      vertex 12.249 -13.419 15
      vertex 13.456 -14.609 15
    endloop
  endfacet
  facet normal 0 0 1
    outer loop
      vertex 13.076 -11.048 15
      vertex 11.823 -11.457 15
      vertex 13.388 -12.823 15
    endloop
  endfacet
  facet normal 0 0 1
    outer loop
      vertex 12.249 -13.419 15
      vertex 13.388 -12.823 15
      vertex 11.823 -11.457 15
    endloop
  endfacet
  facet normal 0 0 1
    outer loop
      vertex 12.249 -13.419 15
      vertex 12.25 -15.138 15
      vertex 13.456 -14.609 15
    endloop
  endfacet
  facet normal 0 0 1
    outer loop
      vertex 13.282 -16.436 15
      vertex 13.456 -14.609 15
      vertex 12.25 -15.138 15
    endloop
  endfacet
  facet normal 0.36047 -0.93277 0
    outer loop
      vertex -15.77 -7.951 12.5
      vertex -17.734 -8.71 12.5
      vertex -15.77 -7.951 0
    endloop
  endfacet
  facet normal -0.78472 0.61985 -0.00002
    outer loop
      vertex 6.794 -5.85 12.5
      vertex 7.967 -4.365 12.5
      vertex 7.224 -5.306 2
    endloop
  endfacet
  facet normal 0.85543 -0.51793 0
    outer loop
      vertex -50.471 26.083 2
      vertex -50.471 26.083 15
      vertex -50.715 25.68 2
    endloop
  endfacet
  facet normal 0.99552 0.0946 0
    outer loop
      vertex -50.492 26.304 2
      vertex -50.471 26.083 15
      vertex -50.471 26.083 2
    endloop
  endfacet
  facet normal 0 0 1
    outer loop
      vertex -21.001 -5.907 12.5
      vertex -23.093 -4.981 12.5
      vertex -23.671 -7.442 12.5
    endloop
  endfacet
  facet normal 0 0 1
    outer loop
      vertex -23.671 -7.442 12.5
      vertex -22.027 -8.331 12.5
      vertex -21.001 -5.907 12.5
    endloop
  endfacet
  facet normal 0 0 1
    outer loop
      vertex -48.847 25.277 2
      vertex -48.655 26.453 2
      vertex -50.471 26.083 2
    endloop
  endfacet
  facet normal 0 0 1
    outer loop
      vertex -20.199 -4.491 12.5
      vertex -19.034 -4.704 12.5
      vertex -20.48 -1.00002 12.5
    endloop
  endfacet
  facet normal 0 0 1
    outer loop
      vertex -20.686 -4.226 12.5
      vertex -20.199 -4.491 12.5
      vertex -20.48 -1.00002 12.5
    endloop
  endfacet
  facet normal 0.9958 0.09157 0
    outer loop
      vertex -50.492 26.304 2
      vertex -50.524 26.652 2
      vertex -50.524 26.652 15
    endloop
  endfacet
  facet normal 0.99569 0.09274 -0.00003
    outer loop
      vertex -50.471 26.083 15
      vertex -50.492 26.304 2
      vertex -50.524 26.652 15
    endloop
  endfacet
  facet normal -0.55982 -0.82861 0
    outer loop
      vertex -16.433 -20.59 0
      vertex -16.433 -20.59 12.5
      vertex -18.631 -19.105 12.5
    endloop
  endfacet
  facet normal 0 0 -1
    outer loop
      vertex -48.655 26.453 0
      vertex -58.447 30.28 0
      vertex -48.817 27.725 0
    endloop
  endfacet
  facet normal 0 0 1
    outer loop
      vertex 8.65 -5.56 12.5
      vertex 6.794 -5.85 12.5
      vertex 8.812 -7.033 12.5
    endloop
  endfacet
  facet normal 0 0 1
    outer loop
      vertex 6.794 -5.85 12.5
      vertex 5.458 -6.905 12.5
      vertex 7.361 -8.059 12.5
    endloop
  endfacet
  facet normal 0 0 1
    outer loop
      vertex 5.458 -6.905 12.5
      vertex 3.907 -7.558 12.5
      vertex 5.329 -9.363 12.5
    endloop
  endfacet
  facet normal 0 0 1
    outer loop
      vertex 5.329 -9.363 12.5
      vertex 7.361 -8.059 12.5
      vertex 5.458 -6.905 12.5
    endloop
  endfacet
  facet normal 0.18947 0.98189 0
    outer loop
      vertex -21.001 -5.907 12.5
      vertex -18.669 -6.357 12.5
      vertex -21.001 -5.907 0
    endloop
  endfacet
  facet normal -0.20521 -0.97872 0
    outer loop
      vertex -53.248 25.67 2
      vertex -53.186 25.657 2
      vertex -53.186 25.657 15
    endloop
  endfacet
  facet normal 0.40476 0.91442 0
    outer loop
      vertex -21.001 -5.907 12.5
      vertex -21.001 -5.907 0
      vertex -23.093 -4.981 12.5
    endloop
  endfacet
  facet normal 0 0 1
    outer loop
      vertex -53.248 25.67 2
      vertex -51.973 21.565 2
      vertex -53.186 25.657 2
    endloop
  endfacet
  facet normal 0 0 1
    outer loop
      vertex -53.186 25.657 2
      vertex -51.973 21.565 2
      vertex -52.077 25.448 2
    endloop
  endfacet
  facet normal 0.57735 -0.8165 -0.00003
    outer loop
      vertex 8.192 -7.471 2
      vertex 8.812 -7.033 12.5
      vertex 7.361 -8.059 12.5
    endloop
  endfacet
  facet normal 0 0 -1
    outer loop
      vertex -50.045 23.86 0
      vertex -58.447 30.28 0
      vertex -49.404 24.373 0
    endloop
  endfacet
  facet normal 0 0 -1
    outer loop
      vertex -49.404 24.373 0
      vertex -58.447 30.28 0
      vertex -48.847 25.277 0
    endloop
  endfacet
  facet normal 0 0 1
    outer loop
      vertex -35.874 -27.974 2
      vertex -35.858 -28 2
      vertex -35.118 -25.495 2
    endloop
  endfacet
  facet normal 0 0 1
    outer loop
      vertex -33.219 -28.564 2
      vertex -35.118 -25.495 2
      vertex -35.858 -28 2
    endloop
  endfacet
  facet normal 0 0 -1
    outer loop
      vertex -58.447 30.28 0
      vertex -58.404 30.662 0
      vertex -50.05 30.003 0
    endloop
  endfacet
  facet normal 0 0 -1
    outer loop
      vertex -49.328 28.914 0
      vertex -48.817 27.725 0
      vertex -58.447 30.28 0
    endloop
  endfacet
  facet normal -0.5874 -0.8093 0
    outer loop
      vertex -21.813 -16.606 12.5
      vertex -21.813 -16.606 0
      vertex -19.767 -18.091 12.5
    endloop
  endfacet
  facet normal 0 0 -1
    outer loop
      vertex -50.05 30.003 0
      vertex -49.328 28.914 0
      vertex -58.447 30.28 0
    endloop
  endfacet
  facet normal 0.88623 0.46324 0
    outer loop
      vertex -37.954 -24.247 2
      vertex -36.78 -26.493 15
      vertex -36.78 -26.493 2
    endloop
  endfacet
  facet normal 0 0 -1
    outer loop
      vertex -54.749 36.546 0
      vertex -51.114 35.669 0
      vertex -58.404 30.662 0
    endloop
  endfacet
  facet normal 0 0 1
    outer loop
      vertex -19.767 -18.091 12.5
      vertex -19.767 -25.66 12.5
      vertex -18.631 -21.567 12.5
    endloop
  endfacet
  facet normal 0 0 -1
    outer loop
      vertex -58.404 30.662 0
      vertex -59.093 32.073 0
      vertex -54.749 36.546 0
    endloop
  endfacet
  facet normal 0 0 1
    outer loop
      vertex -18.566 -24.284 12.5
      vertex -18.631 -21.567 12.5
      vertex -19.767 -25.66 12.5
    endloop
  endfacet
  facet normal 0 0 1
    outer loop
      vertex -19.767 -18.091 12.5
      vertex -18.631 -21.567 12.5
      vertex -18.631 -19.105 12.5
    endloop
  endfacet
  facet normal -1 0 0
    outer loop
      vertex -39.091 -24.972 15
      vertex -39.091 -12.333 15
      vertex -39.091 -24.972 2
    endloop
  endfacet
  facet normal -0.88595 -0.46378 0
    outer loop
      vertex -39.091 -24.972 2
      vertex -37.954 -27.144 2
      vertex -39.091 -24.972 15
    endloop
  endfacet
  facet normal 0 0 -1
    outer loop
      vertex -59.268 28.705 0
      vertex -59.105 29.393 0
      vertex -50.544 23.647 0
    endloop
  endfacet
  facet normal 0.57811 -0.81596 0.00006
    outer loop
      vertex 8.192 -7.471 2
      vertex 7.361 -8.059 12.5
      vertex 7.945 -7.646 2
    endloop
  endfacet
  facet normal 0 0 1
    outer loop
      vertex -18.631 -19.105 12.5
      vertex -16.433 -20.59 12.5
      vertex -16.736 -17.548 12.5
    endloop
  endfacet
  facet normal 0.5774 -0.81646 0
    outer loop
      vertex 7.361 -8.059 12.5
      vertex 7.361 -8.059 0
      vertex 7.945 -7.646 2
    endloop
  endfacet
  facet normal -0.85318 -0.52162 0.00002
    outer loop
      vertex -37.916 -27.217 15
      vertex -37.772 -27.453 2
      vertex -35.951 -30.431 15
    endloop
  endfacet
  facet normal -0.85364 -0.52086 0
    outer loop
      vertex -37.916 -27.217 2
      vertex -37.772 -27.453 2
      vertex -37.916 -27.217 15
    endloop
  endfacet
  facet normal 0 0 -1
    outer loop
      vertex -48.655 26.453 0
      vertex -48.847 25.277 0
      vertex -58.447 30.28 0
    endloop
  endfacet
  facet normal 0.99971 0.02392 0
    outer loop
      vertex -18.631 -21.567 12.5
      vertex -18.566 -24.284 12.5
      vertex -18.631 -21.567 0
    endloop
  endfacet
  facet normal 0.54009 -0.84161 0
    outer loop
      vertex 5.329 -9.363 12.5
      vertex 5.329 -9.363 0
      vertex 7.361 -8.059 12.5
    endloop
  endfacet
  facet normal 0 0 -1
    outer loop
      vertex -59.734 33.415 0
      vertex -60 34.662 0
      vertex -57.136 36.963 0
    endloop
  endfacet
  facet normal 0 0 -1
    outer loop
      vertex -57.136 36.963 0
      vertex -54.749 36.546 0
      vertex -59.734 33.415 0
    endloop
  endfacet
  facet normal 0 0 -1
    outer loop
      vertex -59.093 32.073 0
      vertex -59.734 33.415 0
      vertex -54.749 36.546 0
    endloop
  endfacet
  facet normal 1 0 0
    outer loop
      vertex -18.631 -21.567 0
      vertex -18.631 -19.105 12.5
      vertex -18.631 -21.567 12.5
    endloop
  endfacet
  facet normal 0 0 1
    outer loop
      vertex -36.78 -26.493 2
      vertex -35.673 -24.282 2
      vertex -37.954 -24.247 2
    endloop
  endfacet
  facet normal 0 0 -1
    outer loop
      vertex -50.045 23.86 0
      vertex -50.544 23.647 0
      vertex -58.447 30.28 0
    endloop
  endfacet
  facet normal 0 0 1
    outer loop
      vertex 4.482 -4.438 12.5
      vertex 3.402 -2.907 12.5
      vertex 4.206 -5.061 12.5
    endloop
  endfacet
  facet normal 0 0 1
    outer loop
      vertex 4.824 -4.094 12.5
      vertex 3.402 -2.907 12.5
      vertex 4.482 -4.438 12.5
    endloop
  endfacet
  facet normal 0 0 1
    outer loop
      vertex 3.529 -5.723 12.5
      vertex 4.206 -5.061 12.5
      vertex 3.402 -2.907 12.5
    endloop
  endfacet
  facet normal 0 0 1
    outer loop
      vertex -37.916 -27.217 2
      vertex -37.954 -27.144 2
      vertex -39.677 -28.401 2
    endloop
  endfacet
  facet normal 0 0 1
    outer loop
      vertex -39.091 -24.972 2
      vertex -41.045 -25.749 2
      vertex -37.954 -27.144 2
    endloop
  endfacet
  facet normal 0 0 1
    outer loop
      vertex -41.045 -25.749 2
      vertex -39.677 -28.401 2
      vertex -37.954 -27.144 2
    endloop
  endfacet
  facet normal 0 0 1
    outer loop
      vertex -37.772 -27.453 2
      vertex -37.916 -27.217 2
      vertex -39.677 -28.401 2
    endloop
  endfacet
  facet normal 0 0 -1
    outer loop
      vertex -58.713 29.931 0
      vertex -58.447 30.28 0
      vertex -50.544 23.647 0
    endloop
  endfacet
  facet normal 0 0 -1
    outer loop
      vertex -59.105 29.393 0
      vertex -58.713 29.931 0
      vertex -50.544 23.647 0
    endloop
  endfacet
  facet normal 0 0 -1
    outer loop
      vertex -59.189 27.828 0
      vertex -59.268 28.705 0
      vertex -50.544 23.647 0
    endloop
  endfacet
  facet normal -0.88873 -0.45844 0
    outer loop
      vertex -41.045 -25.749 0
      vertex -39.677 -28.401 0
      vertex -39.677 -28.401 2
    endloop
  endfacet
  facet normal -0.57535 -0.81791 0
    outer loop
      vertex 0.049 -5.524 12.5
      vertex -0.794 -4.931 12.5
      vertex 0.049 -5.524 0
    endloop
  endfacet
  facet normal -0.57535 -0.81791 0
    outer loop
      vertex -0.794 -4.931 0
      vertex 0.049 -5.524 0
      vertex -0.794 -4.931 12.5
    endloop
  endfacet
  facet normal 0.6646 0.7472 0
    outer loop
      vertex -23.703 -23.582 12.5
      vertex -24.282 -23.067 0
      vertex -24.282 -23.067 12.5
    endloop
  endfacet
  facet normal 0 0 1
    outer loop
      vertex 4.405 -9.698 12.5
      vertex 5.329 -9.363 12.5
      vertex 3.907 -7.558 12.5
    endloop
  endfacet
  facet normal 0.81577 0.57838 0
    outer loop
      vertex -33.219 -28.564 2
      vertex -30.444 -32.478 0
      vertex -33.219 -28.564 0
    endloop
  endfacet
  facet normal 0 0 -1
    outer loop
      vertex -50.359 22.957 0
      vertex -57.329 23.653 0
      vertex -50.544 23.647 0
    endloop
  endfacet
  facet normal 0 0 -1
    outer loop
      vertex -57.329 23.653 0
      vertex -58.851 26.721 0
      vertex -50.544 23.647 0
    endloop
  endfacet
  facet normal 0 0 1
    outer loop
      vertex 2.095 -7.842 12.5
      vertex 3.383 -9.906 12.5
      vertex 3.907 -7.558 12.5
    endloop
  endfacet
  facet normal 0 0 1
    outer loop
      vertex 1.072 -9.906 12.5
      vertex 1.929 -10.015 12.5
      vertex 2.095 -7.842 12.5
    endloop
  endfacet
  facet normal 0 0 1
    outer loop
      vertex -35.858 -28 2
      vertex -34.814 -29.706 2
      vertex -33.219 -28.564 2
    endloop
  endfacet
  facet normal -0.85314 -0.52168 0
    outer loop
      vertex -35.951 -30.431 2
      vertex -35.951 -30.431 15
      vertex -37.772 -27.453 2
    endloop
  endfacet
  facet normal 0 0 1
    outer loop
      vertex 11.231 -19.322 15
      vertex 12.864 -18.326 15
      vertex 11.894 -17.172 15
    endloop
  endfacet
  facet normal 0 0 1
    outer loop
      vertex 12.864 -18.326 15
      vertex 13.282 -16.436 15
      vertex 11.894 -17.172 15
    endloop
  endfacet
  facet normal 0 0 1
    outer loop
      vertex 11.894 -17.172 15
      vertex 13.282 -16.436 15
      vertex 12.25 -15.138 15
    endloop
  endfacet
  facet normal 0.85296 0.52198 0
    outer loop
      vertex -35.858 -28 2
      vertex -34.814 -29.706 15
      vertex -34.814 -29.706 2
    endloop
  endfacet
  facet normal 0 0 1
    outer loop
      vertex 11.231 -19.322 15
      vertex 10.317 -21.386 15
      vertex 12.204 -20.306 15
    endloop
  endfacet
  facet normal 0 0 1
    outer loop
      vertex 12.864 -18.326 15
      vertex 11.231 -19.322 15
      vertex 12.204 -20.306 15
    endloop
  endfacet
  facet normal 0.41564 0.90953 0
    outer loop
      vertex -53.248 27.054 2
      vertex -54.55 27.649 2
      vertex -54.55 27.649 15
    endloop
  endfacet
  facet normal 0.26756 0.96354 0
    outer loop
      vertex -1.505 34.191 15
      vertex -4.422 35.001 2
      vertex -4.422 35.001 15
    endloop
  endfacet
  facet normal 0.38624 0.9224 0
    outer loop
      vertex -56.279 28.373 15
      vertex -54.55 27.649 15
      vertex -56.279 28.373 2
    endloop
  endfacet
  facet normal 0 0 1
    outer loop
      vertex 11.302 -22.4 15
      vertex 12.204 -20.306 15
      vertex 10.317 -21.386 15
    endloop
  endfacet
  facet normal 0 0 1
    outer loop
      vertex 10.317 -21.386 15
      vertex 9.311 -23.513 15
      vertex 11.302 -22.4 15
    endloop
  endfacet
  facet normal 0 0 1
    outer loop
      vertex 9.028 -27.471 15
      vertex 11.302 -22.4 15
      vertex 9.311 -23.513 15
    endloop
  endfacet
  facet normal 0.41538 0.90965 -0.00003
    outer loop
      vertex -54.55 27.649 15
      vertex -52.855 26.875 15
      vertex -53.248 27.054 2
    endloop
  endfacet
  facet normal -0.62028 -0.78438 0
    outer loop
      vertex -22.032 -1.934 0
      vertex -21.75 -2.157 0
      vertex -21.75 -2.157 12.5
    endloop
  endfacet
  facet normal 0 0 1
    outer loop
      vertex 8.258 -26.134 15
      vertex 9.028 -27.471 15
      vertex 9.311 -23.513 15
    endloop
  endfacet
  facet normal 0 0 1
    outer loop
      vertex 6.178 -32.292 15
      vertex 7.839 -31.081 15
      vertex 8.258 -26.134 15
    endloop
  endfacet
  facet normal 0 0 1
    outer loop
      vertex 9.028 -27.471 15
      vertex 8.258 -26.134 15
      vertex 7.839 -31.081 15
    endloop
  endfacet
  facet normal -0.96672 -0.25585 0
    outer loop
      vertex -21.486 -3.111 12.5
      vertex -21.662 -2.446 12.5
      vertex -21.486 -3.111 0
    endloop
  endfacet
  facet normal -0.96672 -0.25585 0
    outer loop
      vertex -21.662 -2.446 0
      vertex -21.486 -3.111 0
      vertex -21.662 -2.446 12.5
    endloop
  endfacet
  facet normal 0 0 -1
    outer loop
      vertex -58.851 26.721 0
      vertex -59.189 27.828 0
      vertex -50.544 23.647 0
    endloop
  endfacet
  facet normal -0.86667 -0.49889 0
    outer loop
      vertex -21.486 -3.111 0
      vertex -21.056 -3.858 12.5
      vertex -21.486 -3.111 12.5
    endloop
  endfacet
  facet normal 0 0 1
    outer loop
      vertex 6.178 -32.292 15
      vertex 4.424 -38.727 15
      vertex 6.443 -36.144 15
    endloop
  endfacet
  facet normal 0 0 1
    outer loop
      vertex 6.178 -32.292 15
      vertex 6.443 -36.144 15
      vertex 7.839 -31.081 15
    endloop
  endfacet
  facet normal -0.95663 -0.29129 0
    outer loop
      vertex -21.662 -2.446 0
      vertex -21.662 -2.446 12.5
      vertex -21.75 -2.157 0
    endloop
  endfacet
  facet normal -0.95663 -0.29129 0
    outer loop
      vertex -21.75 -2.157 12.5
      vertex -21.75 -2.157 0
      vertex -21.662 -2.446 12.5
    endloop
  endfacet
  facet normal 0 0 -1
    outer loop
      vertex -57.329 23.653 0
      vertex -50.359 22.957 0
      vertex -54.572 19.18 0
    endloop
  endfacet
  facet normal 0 0 -1
    outer loop
      vertex -50.359 22.957 0
      vertex -49.404 21.286 0
      vertex -54.572 19.18 0
    endloop
  endfacet
  facet normal 0.49822 0.86705 0
    outer loop
      vertex -16.736 -17.548 12.5
      vertex -16.736 -17.548 0
      vertex -23.102 -13.89 12.5
    endloop
  endfacet
  facet normal -0.86667 -0.49889 0
    outer loop
      vertex -21.056 -3.858 12.5
      vertex -21.486 -3.111 0
      vertex -21.056 -3.858 0
    endloop
  endfacet
  facet normal 0.20387 0.979 0
    outer loop
      vertex -14.223 -2.303 0
      vertex -23.102 -0.454 0
      vertex -20.48 -1.00002 12.5
    endloop
  endfacet
  facet normal 0.20387 0.979 0
    outer loop
      vertex -23.102 -0.454 12.5
      vertex -20.48 -1.00002 12.5
      vertex -23.102 -0.454 0
    endloop
  endfacet
  facet normal 0.99971 0.02392 0
    outer loop
      vertex -18.631 -21.567 0
      vertex -18.566 -24.284 12.5
      vertex -18.566 -24.284 0
    endloop
  endfacet
  facet normal 0 0 1
    outer loop
      vertex 5.203 -41.261 15
      vertex 6.443 -36.144 15
      vertex 4.424 -38.727 15
    endloop
  endfacet
  facet normal -0.70519 -0.70902 0
    outer loop
      vertex -20.686 -4.226 12.5
      vertex -21.056 -3.858 12.5
      vertex -21.056 -3.858 0
    endloop
  endfacet
  facet normal -0.55982 -0.82861 0
    outer loop
      vertex -18.631 -19.105 12.5
      vertex -18.631 -19.105 0
      vertex -16.433 -20.59 0
    endloop
  endfacet
  facet normal -0.69441 -0.71958 0
    outer loop
      vertex -1.884 37.246 15
      vertex -4.886 40.143 15
      vertex -4.886 40.143 2
    endloop
  endfacet
  facet normal 1 0 0
    outer loop
      vertex -18.631 -19.105 0
      vertex -18.631 -19.105 12.5
      vertex -18.631 -21.567 0
    endloop
  endfacet
  facet normal -0.36548 0.93082 0
    outer loop
      vertex -16.452 -6.275 12.5
      vertex -13.895 -5.271 12.5
      vertex -16.452 -6.275 0
    endloop
  endfacet
  facet normal -1 0 0
    outer loop
      vertex -19.767 -18.091 0
      vertex -19.767 -25.66 0
      vertex -19.767 -18.091 12.5
    endloop
  endfacet
  facet normal 0 0 1
    outer loop
      vertex 4.482 -45.035 15
      vertex 5.203 -41.261 15
      vertex 3.345 -44.311 15
    endloop
  endfacet
  facet normal 0 0 1
    outer loop
      vertex 4.424 -38.727 15
      vertex 3.345 -44.311 15
      vertex 5.203 -41.261 15
    endloop
  endfacet
  facet normal 0.81855 0.57444 0
    outer loop
      vertex -34.814 -29.706 15
      vertex -34.381 -30.323 2
      vertex -34.814 -29.706 2
    endloop
  endfacet
  facet normal 0 0 1
    outer loop
      vertex 2.36 -49.598 15
      vertex 1.829 -52.894 15
      vertex 3.497 -50.322 15
    endloop
  endfacet
  facet normal 0.6646 0.7472 0
    outer loop
      vertex -23.703 -23.582 12.5
      vertex -23.703 -23.582 0
      vertex -24.282 -23.067 0
    endloop
  endfacet
  facet normal 0 0 1
    outer loop
      vertex -39.677 -28.401 2
      vertex -37.618 -31.798 2
      vertex -35.951 -30.431 2
    endloop
  endfacet
  facet normal 0 0 1
    outer loop
      vertex -39.677 -28.401 2
      vertex -35.951 -30.431 2
      vertex -37.772 -27.453 2
    endloop
  endfacet
  facet normal 0 0 1
    outer loop
      vertex 3.497 -50.322 15
      vertex 4.482 -45.035 15
      vertex 2.36 -49.598 15
    endloop
  endfacet
  facet normal 0 0 1
    outer loop
      vertex 1.943 -55.791 15
      vertex 0.439 -55.364 15
      vertex 0.76 -56.708 15
    endloop
  endfacet
  facet normal -1 0 0
    outer loop
      vertex -19.767 -25.66 12.5
      vertex -19.767 -18.091 12.5
      vertex -19.767 -25.66 0
    endloop
  endfacet
  facet normal 0 0 1
    outer loop
      vertex -34.381 -30.323 2
      vertex -33.219 -28.564 2
      vertex -34.814 -29.706 2
    endloop
  endfacet
  facet normal 0 0 1
    outer loop
      vertex -32.768 -32.618 2
      vertex -33.219 -28.564 2
      vertex -34.381 -30.323 2
    endloop
  endfacet
  facet normal 0 0 1
    outer loop
      vertex 0.76 -56.708 15
      vertex 0.439 -55.364 15
      vertex -0.633 -56.008 15
    endloop
  endfacet
  facet normal -0.85517 -0.51834 0
    outer loop
      vertex -37.618 -31.798 2
      vertex -39.677 -28.401 2
      vertex -37.618 -31.798 0
    endloop
  endfacet
  facet normal -0.85517 -0.51834 0
    outer loop
      vertex -39.677 -28.401 0
      vertex -37.618 -31.798 0
      vertex -39.677 -28.401 2
    endloop
  endfacet
  facet normal -0.82138 -0.57039 0
    outer loop
      vertex -37.618 -31.798 0
      vertex -34.8 -35.856 0
      vertex -37.618 -31.798 2
    endloop
  endfacet
  facet normal -0.76733 -0.64125 0
    outer loop
      vertex -4.886 40.143 2
      vertex -4.886 40.143 15
      vertex -6.127 41.628 15
    endloop
  endfacet
  facet normal 0 0 1
    outer loop
      vertex 1.209 -54.627 15
      vertex 0.439 -55.364 15
      vertex 1.943 -55.791 15
    endloop
  endfacet
  facet normal 0 0 1
    outer loop
      vertex 1.943 -55.791 15
      vertex 2.725 -54.787 15
      vertex 1.209 -54.627 15
    endloop
  endfacet
  facet normal -1 0 0
    outer loop
      vertex -41.045 -25.749 2
      vertex -41.045 -20.301 2
      vertex -41.045 -25.749 0
    endloop
  endfacet
  facet normal -1 0 0
    outer loop
      vertex -41.045 -20.301 0
      vertex -41.045 -25.749 0
      vertex -41.045 -20.301 2
    endloop
  endfacet
  facet normal -0.88873 -0.45844 0
    outer loop
      vertex -41.045 -25.749 0
      vertex -39.677 -28.401 2
      vertex -41.045 -25.749 2
    endloop
  endfacet
  facet normal 0.2444 0.96967 0
    outer loop
      vertex -3.74 41.538 2
      vertex -5.573 42 15
      vertex -3.74 41.538 15
    endloop
  endfacet
  facet normal 0 0 1
    outer loop
      vertex 1.674 -53.803 15
      vertex 1.209 -54.627 15
      vertex 2.725 -54.787 15
    endloop
  endfacet
  facet normal 0 0 1
    outer loop
      vertex 2.725 -54.787 15
      vertex 2.966 -53.618 15
      vertex 1.674 -53.803 15
    endloop
  endfacet
  facet normal 0 0 1
    outer loop
      vertex 1.829 -52.894 15
      vertex 1.674 -53.803 15
      vertex 2.966 -53.618 15
    endloop
  endfacet
  facet normal 0 0 1
    outer loop
      vertex 2.966 -53.618 15
      vertex 3.497 -50.322 15
      vertex 1.829 -52.894 15
    endloop
  endfacet
  facet normal 0 0 1
    outer loop
      vertex 3.345 -44.311 15
      vertex 2.36 -49.598 15
      vertex 4.482 -45.035 15
    endloop
  endfacet
  facet normal 0 0 1
    outer loop
      vertex -3.93 -31.853 12.5
      vertex -5.142 -31.961 12.5
      vertex -3.664 -34.822 12.5
    endloop
  endfacet
  facet normal 0 0 1
    outer loop
      vertex 3.529 -5.723 12.5
      vertex 3.402 -2.907 12.5
      vertex 2.676 -6.251 12.5
    endloop
  endfacet
  facet normal 0 0 1
    outer loop
      vertex 2.676 -6.251 12.5
      vertex 3.402 -2.907 12.5
      vertex 1.867 -6.466 12.5
    endloop
  endfacet
  facet normal 0 0 1
    outer loop
      vertex 1.001 -6.184 12.5
      vertex 1.867 -6.466 12.5
      vertex 3.402 -2.907 12.5
    endloop
  endfacet
  facet normal 0 0 1
    outer loop
      vertex -3.78 43.665 2
      vertex -3.74 41.538 2
      vertex -0.007 42.246 2
    endloop
  endfacet
  facet normal 0 0 1
    outer loop
      vertex -3.74 41.538 2
      vertex -0.373 40.152 2
      vertex -0.007 42.246 2
    endloop
  endfacet
  facet normal 0 0 1
    outer loop
      vertex -3.664 -34.822 12.5
      vertex -4.877 -35.474 12.5
      vertex -3.21 -38.045 12.5
    endloop
  endfacet
  facet normal 0.35202 0.93599 0
    outer loop
      vertex -0.007 42.246 2
      vertex -0.007 42.246 0
      vertex -3.78 43.665 0
    endloop
  endfacet
  facet normal 0.35202 0.93599 0
    outer loop
      vertex -0.007 42.246 2
      vertex -3.78 43.665 0
      vertex -3.78 43.665 2
    endloop
  endfacet
  facet normal 0.99601 0.08924 0
    outer loop
      vertex -3.93 -31.853 12.5
      vertex -3.664 -34.822 12.5
      vertex -3.664 -34.822 0
    endloop
  endfacet
  facet normal -0.20191 0.9794 0
    outer loop
      vertex -5.573 42 15
      vertex -5.573 42 2
      vertex -5.995 41.913 15
    endloop
  endfacet
  facet normal -0.20191 0.9794 0
    outer loop
      vertex -5.995 41.913 2
      vertex -5.995 41.913 15
      vertex -5.573 42 2
    endloop
  endfacet
  facet normal -0.56975 -0.82182 0
    outer loop
      vertex 0.049 -5.524 12.5
      vertex 0.049 -5.524 0
      vertex 1.001 -6.184 12.5
    endloop
  endfacet
  facet normal 0.99022 0.13949 0
    outer loop
      vertex -3.21 -38.045 12.5
      vertex -3.664 -34.822 0
      vertex -3.664 -34.822 12.5
    endloop
  endfacet
  facet normal -0.9074 0.42027 0
    outer loop
      vertex -5.995 41.913 2
      vertex -6.127 41.628 2
      vertex -5.995 41.913 15
    endloop
  endfacet
  facet normal -0.2048 -0.9788 0
    outer loop
      vertex -53.186 25.657 15
      vertex -54.204 25.87 15
      vertex -53.248 25.67 2
    endloop
  endfacet
  facet normal -0.92575 0.37813 0
    outer loop
      vertex -57.213 28.341 2
      vertex -57.126 28.554 15
      vertex -57.126 28.554 2
    endloop
  endfacet
  facet normal -0.9074 0.42027 0
    outer loop
      vertex -6.127 41.628 15
      vertex -5.995 41.913 15
      vertex -6.127 41.628 2
    endloop
  endfacet
  facet normal 0 0 1
    outer loop
      vertex -3.21 -38.045 12.5
      vertex -4.65 -38.987 12.5
      vertex -2.861 -38.284 12.5
    endloop
  endfacet
  facet normal -0.98963 -0.14361 0
    outer loop
      vertex -57.158 27.962 15
      vertex -57.213 28.341 2
      vertex -57.158 27.962 2
    endloop
  endfacet
  facet normal 0 0 1
    outer loop
      vertex -2.268 -38.299 12.5
      vertex -2.861 -38.284 12.5
      vertex -2.918 -42.437 12.5
    endloop
  endfacet
  facet normal 0.2444 0.96967 0
    outer loop
      vertex -5.573 42 15
      vertex -3.74 41.538 2
      vertex -5.573 42 2
    endloop
  endfacet
  facet normal -0.91857 -0.39526 0
    outer loop
      vertex -57.158 27.962 2
      vertex -56.587 26.635 2
      vertex -57.158 27.962 15
    endloop
  endfacet
  facet normal 0.69914 -0.71498 0
    outer loop
      vertex 3.529 -5.723 0
      vertex 4.206 -5.061 12.5
      vertex 3.529 -5.723 12.5
    endloop
  endfacet
  facet normal 0 0 1
    outer loop
      vertex -1.083 -41.803 12.5
      vertex 0.503 -41.1 12.5
      vertex -1.51 -38.096 12.5
    endloop
  endfacet
  facet normal 0 0 1
    outer loop
      vertex -1.51 -38.096 12.5
      vertex -2.268 -38.299 12.5
      vertex -1.083 -41.803 12.5
    endloop
  endfacet
  facet normal 0 0 1
    outer loop
      vertex -2.918 -42.437 12.5
      vertex -1.083 -41.803 12.5
      vertex -2.268 -38.299 12.5
    endloop
  endfacet
  facet normal 0 0 1
    outer loop
      vertex -5.995 41.913 2
      vertex -5.573 42 2
      vertex -6.059 44 2
    endloop
  endfacet
  facet normal 0 0 1
    outer loop
      vertex -5.072 43.958 2
      vertex -6.059 44 2
      vertex -5.573 42 2
    endloop
  endfacet
  facet normal 0 0 1
    outer loop
      vertex -3.78 43.665 2
      vertex -5.072 43.958 2
      vertex -5.573 42 2
    endloop
  endfacet
  facet normal 0 0 1
    outer loop
      vertex -6.059 44 2
      vertex -6.805 43.809 2
      vertex -5.995 41.913 2
    endloop
  endfacet
  facet normal 0 0 1
    outer loop
      vertex -7.381 43.406 2
      vertex -7.926 42.514 2
      vertex -5.995 41.913 2
    endloop
  endfacet
  facet normal 0.52632 -0.85029 0
    outer loop
      vertex 2.676 -6.251 12.5
      vertex 2.676 -6.251 0
      vertex 3.529 -5.723 12.5
    endloop
  endfacet
  facet normal 0 0 1
    outer loop
      vertex -3.78 43.665 2
      vertex -5.573 42 2
      vertex -3.74 41.538 2
    endloop
  endfacet
  facet normal -0.55717 0.8304 0
    outer loop
      vertex -0.671 -37.683 0
      vertex -0.671 -37.683 12.5
      vertex -0.051 -37.267 12.5
    endloop
  endfacet
  facet normal -0.56975 -0.82182 0
    outer loop
      vertex 1.001 -6.184 12.5
      vertex 0.049 -5.524 0
      vertex 1.001 -6.184 0
    endloop
  endfacet
  facet normal 0.56502 0.82508 0
    outer loop
      vertex -2.861 -38.284 0
      vertex -3.21 -38.045 0
      vertex -3.21 -38.045 12.5
    endloop
  endfacet
  facet normal 0.56502 0.82508 0
    outer loop
      vertex -2.861 -38.284 0
      vertex -3.21 -38.045 12.5
      vertex -2.861 -38.284 12.5
    endloop
  endfacet
  facet normal -0.24803 0.96875 0
    outer loop
      vertex -6.805 43.809 0
      vertex -6.059 44 2
      vertex -6.059 44 0
    endloop
  endfacet
  facet normal 0 0 1
    outer loop
      vertex -56.279 28.373 2
      vertex -54.55 27.649 2
      vertex -55.296 30.245 2
    endloop
  endfacet
  facet normal 0 0 1
    outer loop
      vertex -52.855 26.875 2
      vertex -52.442 27.333 2
      vertex -53.248 27.054 2
    endloop
  endfacet
  facet normal 0 0 1
    outer loop
      vertex -53.248 27.054 2
      vertex -53.754 28.591 2
      vertex -54.55 27.649 2
    endloop
  endfacet
  facet normal 0 0 1
    outer loop
      vertex -53.83 28.672 2
      vertex -54.55 27.649 2
      vertex -53.754 28.591 2
    endloop
  endfacet
  facet normal 0.02529 0.99968 0
    outer loop
      vertex -2.268 -38.299 12.5
      vertex -2.861 -38.284 0
      vertex -2.861 -38.284 12.5
    endloop
  endfacet
  facet normal 0.22116 0.97524 0
    outer loop
      vertex -5.072 43.958 2
      vertex -3.78 43.665 2
      vertex -5.072 43.958 0
    endloop
  endfacet
  facet normal 0.22116 0.97524 0
    outer loop
      vertex -3.78 43.665 0
      vertex -5.072 43.958 0
      vertex -3.78 43.665 2
    endloop
  endfacet
  facet normal 0 0 1
    outer loop
      vertex -53.83 28.672 2
      vertex -55.296 30.245 2
      vertex -54.55 27.649 2
    endloop
  endfacet
  facet normal -0.25869 0.96596 0
    outer loop
      vertex -1.51 -38.096 0
      vertex -2.268 -38.299 12.5
      vertex -1.51 -38.096 12.5
    endloop
  endfacet
  facet normal 0.04251 0.9991 0
    outer loop
      vertex -5.072 43.958 0
      vertex -6.059 44 0
      vertex -6.059 44 2
    endloop
  endfacet
  facet normal 0.04251 0.9991 0
    outer loop
      vertex -5.072 43.958 0
      vertex -6.059 44 2
      vertex -5.072 43.958 2
    endloop
  endfacet
  facet normal -0.30963 -0.95086 0
    outer loop
      vertex 1.867 -6.466 12.5
      vertex 1.001 -6.184 12.5
      vertex 1.001 -6.184 0
    endloop
  endfacet
  facet normal -0.44164 0.89719 0
    outer loop
      vertex -0.671 -37.683 12.5
      vertex -0.671 -37.683 0
      vertex -1.51 -38.096 0
    endloop
  endfacet
  facet normal -0.44164 0.89719 0
    outer loop
      vertex -0.671 -37.683 12.5
      vertex -1.51 -38.096 0
      vertex -1.51 -38.096 12.5
    endloop
  endfacet
  facet normal 0 0 1
    outer loop
      vertex -7.979 41.399 2
      vertex -6.127 41.628 2
      vertex -7.926 42.514 2
    endloop
  endfacet
  facet normal 0 0 1
    outer loop
      vertex -6.127 41.628 2
      vertex -5.995 41.913 2
      vertex -7.926 42.514 2
    endloop
  endfacet
  facet normal 0 0 1
    outer loop
      vertex -6.805 43.809 2
      vertex -7.381 43.406 2
      vertex -5.995 41.913 2
    endloop
  endfacet
  facet normal -0.24803 0.96875 0
    outer loop
      vertex -6.805 43.809 0
      vertex -6.805 43.809 2
      vertex -6.059 44 2
    endloop
  endfacet
  facet normal -0.72926 -0.68424 0
    outer loop
      vertex -53.754 28.591 2
      vertex -53.754 28.591 15
      vertex -53.83 28.672 2
    endloop
  endfacet
  facet normal -0.57327 0.81937 0
    outer loop
      vertex -6.805 43.809 0
      vertex -7.381 43.406 0
      vertex -7.381 43.406 2
    endloop
  endfacet
  facet normal -0.57327 0.81937 0
    outer loop
      vertex -6.805 43.809 0
      vertex -7.381 43.406 2
      vertex -6.805 43.809 2
    endloop
  endfacet
  facet normal 0 0 1
    outer loop
      vertex -53.754 28.591 2
      vertex -53.248 27.054 2
      vertex -52.442 27.333 2
    endloop
  endfacet
  facet normal 0 0 1
    outer loop
      vertex -6.115 -42.91 12.5
      vertex -4.65 -42.862 12.5
      vertex -5.824 -39.204 12.5
    endloop
  endfacet
  facet normal 0 0 1
    outer loop
      vertex -2.918 -42.437 12.5
      vertex -2.861 -38.284 12.5
      vertex -4.65 -38.987 12.5
    endloop
  endfacet
  facet normal 0 0 1
    outer loop
      vertex -4.877 -35.474 12.5
      vertex -4.65 -38.987 12.5
      vertex -3.21 -38.045 12.5
    endloop
  endfacet
  facet normal -0.85333 0.52137 0
    outer loop
      vertex -7.381 43.406 0
      vertex -7.926 42.514 0
      vertex -7.926 42.514 2
    endloop
  endfacet
  facet normal -0.85333 0.52137 0
    outer loop
      vertex -7.381 43.406 0
      vertex -7.926 42.514 2
      vertex -7.381 43.406 2
    endloop
  endfacet
  facet normal -0.6921 -0.7218 0
    outer loop
      vertex -53.754 28.591 2
      vertex -52.442 27.333 2
      vertex -53.754 28.591 15
    endloop
  endfacet
  facet normal -0.99887 0.04748 0
    outer loop
      vertex -7.926 42.514 0
      vertex -7.979 41.399 0
      vertex -7.979 41.399 2
    endloop
  endfacet
  facet normal -0.99887 0.04748 0
    outer loop
      vertex -7.926 42.514 0
      vertex -7.979 41.399 2
      vertex -7.926 42.514 2
    endloop
  endfacet
  facet normal -0.5874 -0.8093 0
    outer loop
      vertex -21.813 -16.606 0
      vertex -19.767 -18.091 0
      vertex -19.767 -18.091 12.5
    endloop
  endfacet
  facet normal -0.06001 0.9982 0
    outer loop
      vertex -5.824 -39.204 12.5
      vertex -7.188 -39.286 0
      vertex -7.188 -39.286 12.5
    endloop
  endfacet
  facet normal 0.13587 -0.99073 0.00005
    outer loop
      vertex 6.831 -3.404 12.5
      vertex 7.965 -3.249 2
      vertex 8.005 -3.243 12.5
    endloop
  endfacet
  facet normal 0.38065 0.92472 0
    outer loop
      vertex -0.373 40.152 2
      vertex -3.74 41.538 2
      vertex -0.373 40.152 15
    endloop
  endfacet
  facet normal 0.38065 0.92472 0
    outer loop
      vertex -3.74 41.538 2
      vertex -3.74 41.538 15
      vertex -0.373 40.152 15
    endloop
  endfacet
  facet normal 0.14834 -0.98894 0
    outer loop
      vertex 8.005 -3.243 12.5
      vertex 7.965 -3.249 2
      vertex 8.005 -3.243 2
    endloop
  endfacet
  facet normal 0.68216 -0.7312 0
    outer loop
      vertex -28.311 -12.623 0
      vertex -32.34236 -16.384 2
      vertex -36.035 -19.829 0
    endloop
  endfacet
  facet normal 0.68216 -0.7312 0
    outer loop
      vertex -36.035 -19.829 2
      vertex -36.035 -19.829 0
      vertex -32.34236 -16.384 2
    endloop
  endfacet
  facet normal 0.13543 -0.99079 0
    outer loop
      vertex 6.831 -3.404 12.5
      vertex 6.831 -3.404 0
      vertex 7.965 -3.249 2
    endloop
  endfacet
  facet normal -0.99717 -0.07522 0
    outer loop
      vertex -4.877 -35.474 0
      vertex -4.877 -35.474 12.5
      vertex -5.142 -31.961 0
    endloop
  endfacet
  facet normal -0.95564 -0.29455 0
    outer loop
      vertex -27.101 -17.216 12.5
      vertex -27.101 -17.216 0
      vertex -25.669 -21.862 0
    endloop
  endfacet
  facet normal -0.95564 -0.29455 0
    outer loop
      vertex -27.101 -17.216 12.5
      vertex -25.669 -21.862 0
      vertex -25.669 -21.862 12.5
    endloop
  endfacet
  facet normal -0.99792 -0.06448 0
    outer loop
      vertex -4.65 -38.987 0
      vertex -4.65 -38.987 12.5
      vertex -4.877 -35.474 0
    endloop
  endfacet
  facet normal 0 0 1
    outer loop
      vertex -25.067 -17.878 12.5
      vertex -27.101 -17.216 12.5
      vertex -24.943 -20.748 12.5
    endloop
  endfacet
  facet normal 0 0 1
    outer loop
      vertex -24.943 -20.748 12.5
      vertex -25.669 -21.862 12.5
      vertex -24.617 -22.581 12.5
    endloop
  endfacet
  facet normal 0 0 1
    outer loop
      vertex -25.669 -21.862 12.5
      vertex -24.051 -26.597 12.5
      vertex -24.617 -22.581 12.5
    endloop
  endfacet
  facet normal 0.99022 0.13949 0
    outer loop
      vertex -3.21 -38.045 12.5
      vertex -3.21 -38.045 0
      vertex -3.664 -34.822 0
    endloop
  endfacet
  facet normal 0 0 1
    outer loop
      vertex -25.067 -17.878 12.5
      vertex -24.985 -15.232 12.5
      vertex -27.101 -17.216 12.5
    endloop
  endfacet
  facet normal 0 0 1
    outer loop
      vertex -25.669 -21.862 12.5
      vertex -24.943 -20.748 12.5
      vertex -27.101 -17.216 12.5
    endloop
  endfacet
  facet normal -0.55717 0.8304 0
    outer loop
      vertex -0.051 -37.267 0
      vertex -0.671 -37.683 0
      vertex -0.051 -37.267 12.5
    endloop
  endfacet
  facet normal 0.99907 0.04317 0
    outer loop
      vertex -25.067 -17.878 12.5
      vertex -24.943 -20.748 12.5
      vertex -24.943 -20.748 0
    endloop
  endfacet
  facet normal 0.99907 0.04317 0
    outer loop
      vertex -25.067 -17.878 12.5
      vertex -24.943 -20.748 0
      vertex -25.067 -17.878 0
    endloop
  endfacet
  facet normal 0.20898 0.97792 0
    outer loop
      vertex -57.126 28.554 15
      vertex -56.279 28.373 15
      vertex -56.663 28.455 2
    endloop
  endfacet
  facet normal -0.20267 0.97925 0.00005
    outer loop
      vertex 10.355 -1.468 12.5
      vertex 9.009 -1.746 2
      vertex 3.402 -2.907 12.5
    endloop
  endfacet
  facet normal -0.99792 -0.06448 0
    outer loop
      vertex -4.877 -35.474 12.5
      vertex -4.877 -35.474 0
      vertex -4.65 -38.987 12.5
    endloop
  endfacet
  facet normal 0 0 1
    outer loop
      vertex -55.296 30.245 2
      vertex -56.663 28.455 2
      vertex -56.279 28.373 2
    endloop
  endfacet
  facet normal 0.02529 0.99968 0
    outer loop
      vertex -2.268 -38.299 0
      vertex -2.861 -38.284 0
      vertex -2.268 -38.299 12.5
    endloop
  endfacet
  facet normal 0.2091 0.9779 0
    outer loop
      vertex -57.126 28.554 15
      vertex -56.663 28.455 2
      vertex -57.126 28.554 2
    endloop
  endfacet
  facet normal 0.9143 -0.40505 0
    outer loop
      vertex 4.206 -5.061 12.5
      vertex 4.206 -5.061 0
      vertex 4.482 -4.438 12.5
    endloop
  endfacet
  facet normal -0.06001 0.9982 0
    outer loop
      vertex -5.824 -39.204 0
      vertex -7.188 -39.286 0
      vertex -5.824 -39.204 12.5
    endloop
  endfacet
  facet normal 0.20883 0.97795 0
    outer loop
      vertex -56.279 28.373 2
      vertex -56.663 28.455 2
      vertex -56.279 28.373 15
    endloop
  endfacet
  facet normal 0.03735 0.9993 0
    outer loop
      vertex -18.669 -6.357 12.5
      vertex -17.465 -6.402 12.5
      vertex -18.669 -6.357 0
    endloop
  endfacet
  facet normal 0.03735 0.9993 0
    outer loop
      vertex -17.465 -6.402 0
      vertex -18.669 -6.357 0
      vertex -17.465 -6.402 12.5
    endloop
  endfacet
  facet normal -0.61974 0.78481 0
    outer loop
      vertex 5.458 -6.905 12.5
      vertex 6.794 -5.85 12.5
      vertex 5.458 -6.905 0
    endloop
  endfacet
  facet normal 0.47001 -0.88266 0
    outer loop
      vertex -17.874 -4.505 12.5
      vertex -17.874 -4.505 0
      vertex -17.397 -4.251 12.5
    endloop
  endfacet
  facet normal -0.28795 -0.95765 0
    outer loop
      vertex -4.334 33.702 15
      vertex -4.334 33.702 2
      vertex -2.149 33.045 15
    endloop
  endfacet
  facet normal 0.16908 -0.9856 0
    outer loop
      vertex -17.874 -4.505 12.5
      vertex -19.034 -4.704 0
      vertex -17.874 -4.505 0
    endloop
  endfacet
  facet normal -0.91857 -0.39526 0
    outer loop
      vertex -56.587 26.635 15
      vertex -57.158 27.962 15
      vertex -56.587 26.635 2
    endloop
  endfacet
  facet normal -0.87294 0.48782 0.00011
    outer loop
      vertex 7.967 -4.365 12.5
      vertex 8.192 -3.96 2
      vertex 8.116 -4.096 2
    endloop
  endfacet
  facet normal -0.1244 0.99223 0
    outer loop
      vertex -16.452 -6.275 0
      vertex -17.465 -6.402 0
      vertex -17.465 -6.402 12.5
    endloop
  endfacet
  facet normal 0 0 1
    outer loop
      vertex -57.126 28.554 2
      vertex -59.105 29.393 2
      vertex -57.213 28.341 2
    endloop
  endfacet
  facet normal 0.36047 -0.93277 0
    outer loop
      vertex -17.734 -8.71 0
      vertex -15.77 -7.951 0
      vertex -17.734 -8.71 12.5
    endloop
  endfacet
  facet normal 0.1717 0.98515 0
    outer loop
      vertex -8.513 35.714 15
      vertex -4.422 35.001 15
      vertex -5.862 35.252 2
    endloop
  endfacet
  facet normal -0.47566 -0.87963 0.00004
    outer loop
      vertex -22.027 -8.331 12.5
      vertex -23.671 -7.442 12.5
      vertex -23.093 -7.755 2
    endloop
  endfacet
  facet normal -0.47619 -0.87935 0
    outer loop
      vertex -23.671 -7.442 12.5
      vertex -23.671 -7.442 2
      vertex -23.093 -7.755 2
    endloop
  endfacet
  facet normal 0.70612 0.70809 0
    outer loop
      vertex 0 37.385 2
      vertex -2.149 39.528 2
      vertex -2.149 39.528 15
    endloop
  endfacet
  facet normal -0.38803 0.92165 0
    outer loop
      vertex 5.458 -6.905 12.5
      vertex 5.458 -6.905 0
      vertex 3.907 -7.558 12.5
    endloop
  endfacet
  facet normal 0.18947 0.98189 0
    outer loop
      vertex -18.669 -6.357 12.5
      vertex -18.669 -6.357 0
      vertex -21.001 -5.907 0
    endloop
  endfacet
  facet normal 0.07579 -0.99712 0.00003
    outer loop
      vertex -54.625 25.838 15
      vertex -54.251 25.866 2
      vertex -54.204 25.87 15
    endloop
  endfacet
  facet normal -0.85916 -0.5117 0
    outer loop
      vertex -56.587 26.635 15
      vertex -56.587 26.635 2
      vertex -56.048 25.73 2
    endloop
  endfacet
  facet normal -0.85926 -0.51154 -0.00002
    outer loop
      vertex -55.361 24.576 2
      vertex -56.587 26.635 15
      vertex -56.048 25.73 2
    endloop
  endfacet
  facet normal 0.42075 0.90717 0
    outer loop
      vertex -0.373 40.152 2
      vertex -0.373 40.152 15
      vertex 0 39.979 2
    endloop
  endfacet
  facet normal -0.47797 -0.87838 0
    outer loop
      vertex -20.686 -4.226 0
      vertex -20.199 -4.491 12.5
      vertex -20.686 -4.226 12.5
    endloop
  endfacet
  facet normal -0.06161 0.9981 0
    outer loop
      vertex -0.254 -7.987 0
      vertex -0.254 -7.987 12.5
      vertex 2.095 -7.842 12.5
    endloop
  endfacet
  facet normal -0.70519 -0.70902 0
    outer loop
      vertex -21.056 -3.858 0
      vertex -20.686 -4.226 0
      vertex -20.686 -4.226 12.5
    endloop
  endfacet
  facet normal 0.52632 -0.85029 0
    outer loop
      vertex 3.529 -5.723 0
      vertex 3.529 -5.723 12.5
      vertex 2.676 -6.251 0
    endloop
  endfacet
  facet normal 0.77427 -0.63285 0
    outer loop
      vertex -16.681 -3.456 12.5
      vertex -17.039 -3.894 0
      vertex -16.681 -3.456 0
    endloop
  endfacet
  facet normal 0.07466 -0.99721 0
    outer loop
      vertex -54.251 25.866 2
      vertex -54.625 25.838 15
      vertex -54.625 25.838 2
    endloop
  endfacet
  facet normal -0.69441 -0.71958 0
    outer loop
      vertex -1.884 37.246 2
      vertex -1.884 37.246 15
      vertex -4.886 40.143 2
    endloop
  endfacet
  facet normal 0.0848 -0.9964 0
    outer loop
      vertex -54.204 25.87 2
      vertex -54.204 25.87 15
      vertex -54.251 25.866 2
    endloop
  endfacet
  facet normal 0.25684 -0.96645 0
    outer loop
      vertex 1.867 -6.466 0
      vertex 2.676 -6.251 0
      vertex 1.867 -6.466 12.5
    endloop
  endfacet
  facet normal 0.25684 -0.96645 0
    outer loop
      vertex 2.676 -6.251 12.5
      vertex 1.867 -6.466 12.5
      vertex 2.676 -6.251 0
    endloop
  endfacet
  facet normal 0.37242 -0.92806 0
    outer loop
      vertex -16.215 -3.269 0
      vertex -16.681 -3.456 12.5
      vertex -16.681 -3.456 0
    endloop
  endfacet
  facet normal 0 0 1
    outer loop
      vertex -56.048 25.73 2
      vertex -56.587 26.635 2
      vertex -57.329 23.653 2
    endloop
  endfacet
  facet normal 0 0 1
    outer loop
      vertex 4.5 37.886 2
      vertex 5.803 39.592 2
      vertex 0 39.979 2
    endloop
  endfacet
  facet normal 0 0 1
    outer loop
      vertex -0.373 40.152 2
      vertex 0 39.979 2
      vertex -0.007 42.246 2
    endloop
  endfacet
  facet normal -0.30963 -0.95086 0
    outer loop
      vertex 1.867 -6.466 12.5
      vertex 1.001 -6.184 0
      vertex 1.867 -6.466 0
    endloop
  endfacet
  facet normal 0.98455 0.1751 0
    outer loop
      vertex -24.943 -20.748 0
      vertex -24.943 -20.748 12.5
      vertex -24.617 -22.581 12.5
    endloop
  endfacet
  facet normal 0.98455 0.1751 0
    outer loop
      vertex -24.943 -20.748 0
      vertex -24.617 -22.581 12.5
      vertex -24.617 -22.581 0
    endloop
  endfacet
  facet normal 0.82335 0.56753 0
    outer loop
      vertex -24.617 -22.581 0
      vertex -24.617 -22.581 12.5
      vertex -24.282 -23.067 0
    endloop
  endfacet
  facet normal 0.82335 0.56753 0
    outer loop
      vertex -24.282 -23.067 12.5
      vertex -24.282 -23.067 0
      vertex -24.617 -22.581 12.5
    endloop
  endfacet
  facet normal 0 0 1
    outer loop
      vertex -1.884 37.246 2
      vertex -4.886 40.143 2
      vertex -5.405 37.631 2
    endloop
  endfacet
  facet normal -0.76733 -0.64125 0
    outer loop
      vertex -4.886 40.143 2
      vertex -6.127 41.628 15
      vertex -6.127 41.628 2
    endloop
  endfacet
  facet normal 0 0 1
    outer loop
      vertex 8.116 -4.096 2
      vertex 8.192 -3.96 2
      vertex 7.637 -3.764 2
    endloop
  endfacet
  facet normal 0 0 1
    outer loop
      vertex 7.965 -3.249 2
      vertex 7.637 -3.764 2
      vertex 8.192 -3.96 2
    endloop
  endfacet
  facet normal 0 0 1
    outer loop
      vertex 8.388 -3.25 2
      vertex 8.005 -3.243 2
      vertex 8.192 -3.96 2
    endloop
  endfacet
  facet normal 0 0 1
    outer loop
      vertex -8.192 35.658 2
      vertex -5.405 37.631 2
      vertex -8.513 35.714 2
    endloop
  endfacet
  facet normal 0.70917 -0.70504 0
    outer loop
      vertex 4.824 -4.094 12.5
      vertex 4.482 -4.438 0
      vertex 4.824 -4.094 0
    endloop
  endfacet
  facet normal -0.84346 0.53719 0
    outer loop
      vertex 7.637 -3.764 0
      vertex 7.637 -3.764 2
      vertex 7.965 -3.249 2
    endloop
  endfacet
  facet normal -0.95783 0.28735 0
    outer loop
      vertex 7.637 -3.764 0
      vertex 7.214 -5.174 0
      vertex 7.637 -3.764 2
    endloop
  endfacet
  facet normal 0 0 -1
    outer loop
      vertex -32.559 14.317 0
      vertex -30.073 12.909 0
      vertex -32.472 12.655 0
    endloop
  endfacet
  facet normal 0 0 -1
    outer loop
      vertex -32.472 12.655 0
      vertex -33.44 13.308 0
      vertex -32.559 14.317 0
    endloop
  endfacet
  facet normal 0 0 1
    outer loop
      vertex -18.566 -24.284 12.5
      vertex -19.767 -25.66 12.5
      vertex -18.205 -25.89 12.5
    endloop
  endfacet
  facet normal 0 0 1
    outer loop
      vertex -19.767 -25.66 12.5
      vertex -19.388 -27.253 12.5
      vertex -18.205 -25.89 12.5
    endloop
  endfacet
  facet normal 0 0 -1
    outer loop
      vertex -34.062 13.987 0
      vertex -34.544 14.865 0
      vertex -33.357 14.96 0
    endloop
  endfacet
  facet normal 0 0 -1
    outer loop
      vertex -33.872 15.585 0
      vertex -33.357 14.96 0
      vertex -34.544 14.865 0
    endloop
  endfacet
  facet normal 0 0 -1
    outer loop
      vertex -33.357 14.96 0
      vertex -32.559 14.317 0
      vertex -34.062 13.987 0
    endloop
  endfacet
  facet normal -0.87437 0.48526 -0.00002
    outer loop
      vertex 7.967 -4.365 12.5
      vertex 8.512 -3.383 12.5
      vertex 8.192 -3.96 2
    endloop
  endfacet
  facet normal 0.39865 -0.9171 0
    outer loop
      vertex 5.689 -3.718 0
      vertex 5.689 -3.718 12.5
      vertex 4.824 -4.094 12.5
    endloop
  endfacet
  facet normal 0 0 -1
    outer loop
      vertex -34.544 14.865 0
      vertex -35.088 16.226 0
      vertex -33.872 15.585 0
    endloop
  endfacet
  facet normal 0 0 -1
    outer loop
      vertex -34.113 16.209 0
      vertex -33.872 15.585 0
      vertex -35.088 16.226 0
    endloop
  endfacet
  facet normal 0 0 -1
    outer loop
      vertex -34.113 16.209 0
      vertex -35.088 16.226 0
      vertex -34.091 16.846 0
    endloop
  endfacet
  facet normal 0 0 -1
    outer loop
      vertex -35.231 17.278 0
      vertex -34.091 16.846 0
      vertex -35.088 16.226 0
    endloop
  endfacet
  facet normal 0.82881 0.55952 0
    outer loop
      vertex -17.831 -26.444 12.5
      vertex -17.831 -26.444 0
      vertex -18.205 -25.89 12.5
    endloop
  endfacet
  facet normal 0.39865 -0.9171 0
    outer loop
      vertex 5.689 -3.718 0
      vertex 4.824 -4.094 12.5
      vertex 4.824 -4.094 0
    endloop
  endfacet
  facet normal 0.97566 0.21931 0
    outer loop
      vertex -18.205 -25.89 0
      vertex -18.566 -24.284 0
      vertex -18.205 -25.89 12.5
    endloop
  endfacet
  facet normal 0 0 -1
    outer loop
      vertex -40.274 9.714 0
      vertex -38.958 8.501 0
      vertex -40.206 7.814 0
    endloop
  endfacet
  facet normal 0 0 1
    outer loop
      vertex 7.965 -3.249 2
      vertex 8.192 -3.96 2
      vertex 8.005 -3.243 2
    endloop
  endfacet
  facet normal -0.84346 0.53719 0
    outer loop
      vertex 7.965 -3.249 0
      vertex 7.637 -3.764 0
      vertex 7.965 -3.249 2
    endloop
  endfacet
  facet normal 0.47001 -0.88266 0
    outer loop
      vertex -17.397 -4.251 0
      vertex -17.397 -4.251 12.5
      vertex -17.874 -4.505 0
    endloop
  endfacet
  facet normal 0 0 -1
    outer loop
      vertex -45.985 15.293 0
      vertex -50.772 12.787 0
      vertex -49.404 21.286 0
    endloop
  endfacet
  facet normal 0.70612 -0.7081 0
    outer loop
      vertex -17.039 -3.894 0
      vertex -17.397 -4.251 12.5
      vertex -17.397 -4.251 0
    endloop
  endfacet
  facet normal 0.13543 -0.99079 0
    outer loop
      vertex 7.965 -3.249 2
      vertex 6.831 -3.404 0
      vertex 7.965 -3.249 0
    endloop
  endfacet
  facet normal 0 0 -1
    outer loop
      vertex -41.687 10.558 0
      vertex -42.88 9.605 0
      vertex -43.123 10.95 0
    endloop
  endfacet
  facet normal 0 0 1
    outer loop
      vertex -15.562 -27.905 12.5
      vertex -17.288 -26.92 12.5
      vertex -18.1 -28.195 12.5
    endloop
  endfacet
  facet normal 0 0 1
    outer loop
      vertex -17.831 -26.444 12.5
      vertex -18.1 -28.195 12.5
      vertex -17.288 -26.92 12.5
    endloop
  endfacet
  facet normal 0 0 1
    outer loop
      vertex -18.205 -25.89 12.5
      vertex -19.388 -27.253 12.5
      vertex -17.831 -26.444 12.5
    endloop
  endfacet
  facet normal -0.17985 -0.98369 0
    outer loop
      vertex -19.034 -4.704 0
      vertex -20.199 -4.491 12.5
      vertex -20.199 -4.491 0
    endloop
  endfacet
  facet normal 0.26512 -0.96422 0
    outer loop
      vertex 5.689 -3.718 12.5
      vertex 5.689 -3.718 0
      vertex 6.831 -3.404 0
    endloop
  endfacet
  facet normal -0.47797 -0.87838 0
    outer loop
      vertex -20.199 -4.491 12.5
      vertex -20.686 -4.226 0
      vertex -20.199 -4.491 0
    endloop
  endfacet
  facet normal 0 0 1
    outer loop
      vertex -18.1 -28.195 12.5
      vertex -17.831 -26.444 12.5
      vertex -19.388 -27.253 12.5
    endloop
  endfacet
  facet normal 0.65919 0.75198 0
    outer loop
      vertex -17.831 -26.444 12.5
      vertex -17.288 -26.92 12.5
      vertex -17.288 -26.92 0
    endloop
  endfacet
  facet normal 0 0 -1
    outer loop
      vertex -42.205 9.423 0
      vertex -41.687 10.558 0
      vertex -41.54 9.066 0
    endloop
  endfacet
  facet normal 0 0 -1
    outer loop
      vertex -42.88 9.605 0
      vertex -41.687 10.558 0
      vertex -42.205 9.423 0
    endloop
  endfacet
  facet normal 0 0 -1
    outer loop
      vertex -40.206 7.814 0
      vertex -41.54 9.066 0
      vertex -40.274 9.714 0
    endloop
  endfacet
  facet normal -0.01827 -0.99983 0
    outer loop
      vertex 8.388 -3.25 2
      vertex 8.388 -3.25 12.5
      vertex 8.005 -3.243 2
    endloop
  endfacet
  facet normal 0.49565 0.86852 0
    outer loop
      vertex -17.288 -26.92 12.5
      vertex -15.562 -27.905 12.5
      vertex -17.288 -26.92 0
    endloop
  endfacet
  facet normal -0.14074 0.99005 0
    outer loop
      vertex -2.528 -3.75 0
      vertex -2.528 -3.75 12.5
      vertex 3.402 -2.907 0
    endloop
  endfacet
  facet normal 0 0 1
    outer loop
      vertex -35.951 -30.431 15
      vertex -33.161 -34.401 15
      vertex -34.814 -29.706 15
    endloop
  endfacet
  facet normal 0.98815 -0.1535 0
    outer loop
      vertex -18.228 -29.019 12.5
      vertex -18.1 -28.195 0
      vertex -18.1 -28.195 12.5
    endloop
  endfacet
  facet normal 0 0 -1
    outer loop
      vertex -44.258 10.835 0
      vertex -43.123 10.95 0
      vertex -43.571 9.62 0
    endloop
  endfacet
  facet normal 0 0 -1
    outer loop
      vertex -44.044 9.52 0
      vertex -44.258 10.835 0
      vertex -43.571 9.62 0
    endloop
  endfacet
  facet normal 0 0 -1
    outer loop
      vertex -42.88 9.605 0
      vertex -43.571 9.62 0
      vertex -43.123 10.95 0
    endloop
  endfacet
  facet normal 0 0 -1
    outer loop
      vertex -40.274 9.714 0
      vertex -41.54 9.066 0
      vertex -41.687 10.558 0
    endloop
  endfacet
  facet normal 0 0 1
    outer loop
      vertex -48.304 0.742 15
      vertex -46.479 -2.337 15
      vertex -47.156 1.155 15
    endloop
  endfacet
  facet normal 0 0 -1
    outer loop
      vertex -49.65 9.528 0
      vertex -49.632 10.309 0
      vertex -44.044 9.52 0
    endloop
  endfacet
  facet normal 0.82881 0.55952 0
    outer loop
      vertex -18.205 -25.89 0
      vertex -18.205 -25.89 12.5
      vertex -17.831 -26.444 0
    endloop
  endfacet
  facet normal 0 0 1
    outer loop
      vertex -47.616 -3.025 15
      vertex -46.608 -6.594 15
      vertex -45.528 -5.726 15
    endloop
  endfacet
  facet normal 0 0 1
    outer loop
      vertex -45.528 -5.726 15
      vertex -46.479 -2.337 15
      vertex -47.616 -3.025 15
    endloop
  endfacet
  facet normal 0 0 1
    outer loop
      vertex -48.304 0.742 15
      vertex -47.616 -3.025 15
      vertex -46.479 -2.337 15
    endloop
  endfacet
  facet normal 0.65919 0.75198 0
    outer loop
      vertex -17.831 -26.444 12.5
      vertex -17.288 -26.92 0
      vertex -17.831 -26.444 0
    endloop
  endfacet
  facet normal 0 0 1
    outer loop
      vertex -54.625 25.838 2
      vertex -51.973 21.565 2
      vertex -54.251 25.866 2
    endloop
  endfacet
  facet normal 0 0 1
    outer loop
      vertex -53.248 25.67 2
      vertex -54.204 25.87 2
      vertex -51.973 21.565 2
    endloop
  endfacet
  facet normal 0 0 1
    outer loop
      vertex -41.047 -11.707 15
      vertex -40.265 -12.731 15
      vertex -40.584 -11.507 15
    endloop
  endfacet
  facet normal 0 0 -1
    outer loop
      vertex -36.911 5.289 0
      vertex -38.826 5.811 0
      vertex -37.813 6.998 0
    endloop
  endfacet
  facet normal 0 0 -1
    outer loop
      vertex -38.826 5.811 0
      vertex -40.206 7.814 0
      vertex -37.813 6.998 0
    endloop
  endfacet
  facet normal 0 0 -1
    outer loop
      vertex -38.958 8.501 0
      vertex -37.813 6.998 0
      vertex -40.206 7.814 0
    endloop
  endfacet
  facet normal 0.40476 0.91442 0
    outer loop
      vertex -23.093 -4.981 0
      vertex -23.093 -4.981 12.5
      vertex -21.001 -5.907 0
    endloop
  endfacet
  facet normal 0 0 1
    outer loop
      vertex -58.851 26.721 2
      vertex -57.329 23.653 2
      vertex -56.587 26.635 2
    endloop
  endfacet
  facet normal 0 0 1
    outer loop
      vertex -54.251 25.866 2
      vertex -51.973 21.565 2
      vertex -54.204 25.87 2
    endloop
  endfacet
  facet normal -0.20276 0.97923 0
    outer loop
      vertex 3.402 -2.907 12.5
      vertex 9.009 -1.746 2
      vertex 3.402 -2.907 0
    endloop
  endfacet
  facet normal -0.20477 -0.97881 0
    outer loop
      vertex -54.204 25.87 15
      vertex -54.204 25.87 2
      vertex -53.248 25.67 2
    endloop
  endfacet
  facet normal 0 0 1
    outer loop
      vertex -27.345 -7.335 2
      vertex -23.671 -7.442 2
      vertex -25.526 -6.14 2
    endloop
  endfacet
  facet normal 0 0 1
    outer loop
      vertex -40.584 -11.507 15
      vertex -39.091 -12.333 15
      vertex -39.924 -10.993 15
    endloop
  endfacet
  facet normal 0.69914 -0.71498 0
    outer loop
      vertex 4.206 -5.061 0
      vertex 4.206 -5.061 12.5
      vertex 3.529 -5.723 0
    endloop
  endfacet
  facet normal -0.25869 0.96596 0
    outer loop
      vertex -2.268 -38.299 12.5
      vertex -1.51 -38.096 0
      vertex -2.268 -38.299 0
    endloop
  endfacet
  facet normal 0 0 1
    outer loop
      vertex -38.371 -10.087 15
      vertex -39.006 -10.349 15
      vertex -38.178 -10.498 15
    endloop
  endfacet
  facet normal 0 0 1
    outer loop
      vertex -38.049 -11.771 15
      vertex -38.178 -10.498 15
      vertex -39.006 -10.349 15
    endloop
  endfacet
  facet normal 0.9143 -0.40505 0
    outer loop
      vertex 4.482 -4.438 12.5
      vertex 4.206 -5.061 0
      vertex 4.482 -4.438 0
    endloop
  endfacet
  facet normal 0.49565 0.86852 0
    outer loop
      vertex -15.562 -27.905 12.5
      vertex -15.562 -27.905 0
      vertex -17.288 -26.92 0
    endloop
  endfacet
  facet normal 0 0 1
    outer loop
      vertex -39.006 -10.349 15
      vertex -39.091 -12.333 15
      vertex -38.049 -11.771 15
    endloop
  endfacet
  facet normal 0 0 1
    outer loop
      vertex -39.091 -12.333 15
      vertex -40.584 -11.507 15
      vertex -40.265 -12.731 15
    endloop
  endfacet
  facet normal 0.70917 -0.70504 0
    outer loop
      vertex 4.824 -4.094 12.5
      vertex 4.482 -4.438 12.5
      vertex 4.482 -4.438 0
    endloop
  endfacet
  facet normal -0.47538 -0.87978 0
    outer loop
      vertex -23.093 -7.755 2
      vertex -23.093 -7.755 0
      vertex -22.027 -8.331 0
    endloop
  endfacet
  facet normal 0.97566 0.21931 0
    outer loop
      vertex -18.566 -24.284 12.5
      vertex -18.205 -25.89 12.5
      vertex -18.566 -24.284 0
    endloop
  endfacet
  facet normal 0 0 1
    outer loop
      vertex 7.214 -5.174 2
      vertex 7.967 -4.365 2
      vertex 7.637 -3.764 2
    endloop
  endfacet
  facet normal 0 0 1
    outer loop
      vertex 7.224 -5.306 2
      vertex 7.967 -4.365 2
      vertex 7.214 -5.174 2
    endloop
  endfacet
  facet normal 0 0 1
    outer loop
      vertex 8.116 -4.096 2
      vertex 7.637 -3.764 2
      vertex 7.967 -4.365 2
    endloop
  endfacet
  facet normal 0.43105 0.90233 0
    outer loop
      vertex -21.965 -24.61 0
      vertex -21.965 -24.61 12.5
      vertex -19.767 -25.66 12.5
    endloop
  endfacet
  facet normal 0 0 -1
    outer loop
      vertex -37.392 2.613 0
      vertex -36.135 1.574 0
      vertex -37.424 1.864 0
    endloop
  endfacet
  facet normal 0 0 -1
    outer loop
      vertex -37.424 1.864 0
      vertex -36.135 1.574 0
      vertex -37.457 0.511 0
    endloop
  endfacet
  facet normal 0 0 -1
    outer loop
      vertex -36.135 1.574 0
      vertex -37.392 2.613 0
      vertex -36.327 3.454 0
    endloop
  endfacet
  facet normal 0 0 -1
    outer loop
      vertex -36.911 5.289 0
      vertex -36.327 3.454 0
      vertex -37.57 3.403 0
    endloop
  endfacet
  facet normal 0 0 -1
    outer loop
      vertex -38.826 5.811 0
      vertex -36.911 5.289 0
      vertex -37.57 3.403 0
    endloop
  endfacet
  facet normal 0 0 -1
    outer loop
      vertex -37.392 2.613 0
      vertex -37.57 3.403 0
      vertex -36.327 3.454 0
    endloop
  endfacet
  facet normal 0 0 -1
    outer loop
      vertex -36.062 0.06 0
      vertex -37.457 0.511 0
      vertex -36.135 1.574 0
    endloop
  endfacet
  facet normal -0.95783 0.28735 0
    outer loop
      vertex 7.214 -5.174 0
      vertex 7.214 -5.174 2
      vertex 7.637 -3.764 2
    endloop
  endfacet
  facet normal 0 0 -1
    outer loop
      vertex -32.493 3.145 0
      vertex -31.665 1.748 0
      vertex -33.433 1.123 0
    endloop
  endfacet
  facet normal -0.99714 -0.07554 0
    outer loop
      vertex 7.214 -5.174 0
      vertex 7.224 -5.306 0
      vertex 7.224 -5.306 2
    endloop
  endfacet
  facet normal -0.99714 -0.07554 0
    outer loop
      vertex 7.214 -5.174 0
      vertex 7.224 -5.306 2
      vertex 7.214 -5.174 2
    endloop
  endfacet
  facet normal 0 0 1
    outer loop
      vertex -23.102 -0.454 12.5
      vertex -27.724 0.524 12.5
      vertex -25.754 -1.142 12.5
    endloop
  endfacet
  facet normal -0.61974 0.78481 0
    outer loop
      vertex 6.794 -5.85 0
      vertex 5.458 -6.905 0
      vertex 6.794 -5.85 12.5
    endloop
  endfacet
  facet normal 0 0 1
    outer loop
      vertex -26.465 -1.096 12.5
      vertex -29.126 -0.526 12.5
      vertex -26.095 -1.975 12.5
    endloop
  endfacet
  facet normal 0 0 1
    outer loop
      vertex -29.126 -0.526 12.5
      vertex -30.076 -1.336 12.5
      vertex -26.095 -1.975 12.5
    endloop
  endfacet
  facet normal 0 0 1
    outer loop
      vertex -26.465 -1.096 12.5
      vertex -25.754 -1.142 12.5
      vertex -27.724 0.524 12.5
    endloop
  endfacet
  facet normal 0 0 1
    outer loop
      vertex -23.253 -1.613 12.5
      vertex -23.102 -0.454 12.5
      vertex -25.754 -1.142 12.5
    endloop
  endfacet
  facet normal 0 0 -1
    outer loop
      vertex -44.845 6.322 0
      vertex -45.392 4.995 0
      vertex -50.374 6.774 0
    endloop
  endfacet
  facet normal -0.78451 0.62011 0
    outer loop
      vertex 7.224 -5.306 2
      vertex 6.794 -5.85 0
      vertex 6.794 -5.85 12.5
    endloop
  endfacet
  facet normal 0 0 1
    outer loop
      vertex -57.158 27.962 2
      vertex -58.851 26.721 2
      vertex -56.587 26.635 2
    endloop
  endfacet
  facet normal -0.78451 0.62011 0
    outer loop
      vertex 7.224 -5.306 2
      vertex 7.224 -5.306 0
      vertex 6.794 -5.85 0
    endloop
  endfacet
  facet normal 0 0 1
    outer loop
      vertex -24.828 -3.648 12.5
      vertex -25.526 -2.849 12.5
      vertex -25.526 -6.14 12.5
    endloop
  endfacet
  facet normal 0 0 1
    outer loop
      vertex -57.126 28.554 2
      vertex -56.766 32.258 2
      vertex -58.404 30.662 2
    endloop
  endfacet
  facet normal 0 0 1
    outer loop
      vertex -58.447 30.28 2
      vertex -58.713 29.931 2
      vertex -57.126 28.554 2
    endloop
  endfacet
  facet normal 0 0 1
    outer loop
      vertex -58.404 30.662 2
      vertex -56.766 32.258 2
      vertex -59.093 32.073 2
    endloop
  endfacet
  facet normal 0 0 -1
    outer loop
      vertex -50.374 6.774 0
      vertex -49.974 8.538 0
      vertex -44.845 6.322 0
    endloop
  endfacet
  facet normal -0.99372 0.11186 0
    outer loop
      vertex -58.404 30.662 0
      vertex -58.447 30.28 0
      vertex -58.447 30.28 2
    endloop
  endfacet
  facet normal -0.99372 0.11186 0
    outer loop
      vertex -58.404 30.662 0
      vertex -58.447 30.28 2
      vertex -58.404 30.662 2
    endloop
  endfacet
  facet normal -0.87477 0.48454 0
    outer loop
      vertex 8.116 -4.096 2
      vertex 7.967 -4.365 2
      vertex 7.967 -4.365 12.5
    endloop
  endfacet
  facet normal -0.89859 -0.43879 0
    outer loop
      vertex -59.093 32.073 2
      vertex -59.093 32.073 0
      vertex -58.404 30.662 0
    endloop
  endfacet
  facet normal -0.89859 -0.43879 0
    outer loop
      vertex -59.093 32.073 2
      vertex -58.404 30.662 0
      vertex -58.404 30.662 2
    endloop
  endfacet
  facet normal -0.90235 -0.431 0
    outer loop
      vertex -59.734 33.415 0
      vertex -59.093 32.073 0
      vertex -59.093 32.073 2
    endloop
  endfacet
  facet normal 0 0 -1
    outer loop
      vertex -49.65 9.528 0
      vertex -44.044 9.52 0
      vertex -44.023 9.119 0
    endloop
  endfacet
  facet normal -0.78484 0.6197 0
    outer loop
      vertex 7.967 -4.365 12.5
      vertex 7.967 -4.365 2
      vertex 7.224 -5.306 2
    endloop
  endfacet
  facet normal -0.79533 0.60618 0
    outer loop
      vertex -58.713 29.931 2
      vertex -58.447 30.28 2
      vertex -58.447 30.28 0
    endloop
  endfacet
  facet normal -0.79533 0.60618 0
    outer loop
      vertex -58.713 29.931 2
      vertex -58.447 30.28 0
      vertex -58.713 29.931 0
    endloop
  endfacet
  facet normal 0 0 1
    outer loop
      vertex 7.945 -7.646 2
      vertex 8.672 -8.739 2
      vertex 8.192 -7.471 2
    endloop
  endfacet
  facet normal 0 0 -1
    outer loop
      vertex -44.41 7.234 0
      vertex -44.845 6.322 0
      vertex -49.974 8.538 0
    endloop
  endfacet
  facet normal -0.18507 -0.98273 0
    outer loop
      vertex -25.754 -1.142 12.5
      vertex -25.754 -1.142 0
      vertex -23.253 -1.613 12.5
    endloop
  endfacet
  facet normal -0.80822 0.58889 0
    outer loop
      vertex -58.713 29.931 0
      vertex -59.105 29.393 0
      vertex -59.105 29.393 2
    endloop
  endfacet
  facet normal -0.80822 0.58889 0
    outer loop
      vertex -58.713 29.931 0
      vertex -59.105 29.393 2
      vertex -58.713 29.931 2
    endloop
  endfacet
  facet normal -0.83264 -0.55382 0
    outer loop
      vertex 7.945 -7.646 2
      vertex 7.945 -7.646 0
      vertex 8.672 -8.739 2
    endloop
  endfacet
  facet normal -0.83264 -0.55382 0
    outer loop
      vertex 8.672 -8.739 0
      vertex 8.672 -8.739 2
      vertex 7.945 -7.646 0
    endloop
  endfacet
  facet normal -0.97306 0.23054 0
    outer loop
      vertex -59.105 29.393 0
      vertex -59.268 28.705 0
      vertex -59.268 28.705 2
    endloop
  endfacet
  facet normal -0.97306 0.23054 0
    outer loop
      vertex -59.105 29.393 0
      vertex -59.268 28.705 2
      vertex -59.105 29.393 2
    endloop
  endfacet
  facet normal 0 0 -1
    outer loop
      vertex -50.53 4.587 0
      vertex -50.374 6.774 0
      vertex -45.392 4.995 0
    endloop
  endfacet
  facet normal 0 0 1
    outer loop
      vertex -58.404 30.662 2
      vertex -58.447 30.28 2
      vertex -57.126 28.554 2
    endloop
  endfacet
  facet normal 0 0 1
    outer loop
      vertex -58.713 29.931 2
      vertex -59.105 29.393 2
      vertex -57.126 28.554 2
    endloop
  endfacet
  facet normal 0 0 1
    outer loop
      vertex -59.268 28.705 2
      vertex -57.213 28.341 2
      vertex -59.105 29.393 2
    endloop
  endfacet
  facet normal 0.5774 -0.81646 0
    outer loop
      vertex 7.945 -7.646 0
      vertex 7.945 -7.646 2
      vertex 7.361 -8.059 0
    endloop
  endfacet
  facet normal -0.95641 -0.29202 0
    outer loop
      vertex -58.851 26.721 2
      vertex -59.189 27.828 2
      vertex -59.189 27.828 0
    endloop
  endfacet
  facet normal -0.95641 -0.29202 0
    outer loop
      vertex -58.851 26.721 2
      vertex -59.189 27.828 0
      vertex -58.851 26.721 0
    endloop
  endfacet
  facet normal -0.99597 -0.08972 0
    outer loop
      vertex -59.189 27.828 2
      vertex -59.268 28.705 2
      vertex -59.189 27.828 0
    endloop
  endfacet
  facet normal -0.99597 -0.08972 0
    outer loop
      vertex -59.268 28.705 0
      vertex -59.189 27.828 0
      vertex -59.268 28.705 2
    endloop
  endfacet
  facet normal 0 0 -1
    outer loop
      vertex -49.974 8.538 0
      vertex -49.65 9.528 0
      vertex -44.41 7.234 0
    endloop
  endfacet
  facet normal 0 0 1
    outer loop
      vertex -30.59 -1.952 12.5
      vertex -30.263 -2.482 12.5
      vertex -30.076 -1.336 12.5
    endloop
  endfacet
  facet normal 0 0 1
    outer loop
      vertex -30.263 -2.482 12.5
      vertex -29.694 -2.717 12.5
      vertex -30.076 -1.336 12.5
    endloop
  endfacet
  facet normal 0 0 1
    outer loop
      vertex -30.076 -1.336 12.5
      vertex -29.694 -2.717 12.5
      vertex -26.095 -1.975 12.5
    endloop
  endfacet
  facet normal 0 0 1
    outer loop
      vertex -21.093 -26.457 12.5
      vertex -19.388 -27.253 12.5
      vertex -19.767 -25.66 12.5
    endloop
  endfacet
  facet normal -0.38803 0.92165 0
    outer loop
      vertex 3.907 -7.558 12.5
      vertex 5.458 -6.905 0
      vertex 3.907 -7.558 0
    endloop
  endfacet
  facet normal 0 0 1
    outer loop
      vertex -22.822 -25.752 12.5
      vertex -21.093 -26.457 12.5
      vertex -21.965 -24.61 12.5
    endloop
  endfacet
  facet normal 0 0 1
    outer loop
      vertex -19.767 -25.66 12.5
      vertex -21.965 -24.61 12.5
      vertex -21.093 -26.457 12.5
    endloop
  endfacet
  facet normal -0.15484 0.98794 0
    outer loop
      vertex 2.095 -7.842 12.5
      vertex 3.907 -7.558 12.5
      vertex 2.095 -7.842 0
    endloop
  endfacet
  facet normal -0.15484 0.98794 0
    outer loop
      vertex 3.907 -7.558 0
      vertex 2.095 -7.842 0
      vertex 3.907 -7.558 12.5
    endloop
  endfacet
  facet normal 0 0 1
    outer loop
      vertex -7.562 40.188 2
      vertex -6.697 39.011 2
      vertex -4.886 40.143 2
    endloop
  endfacet
  facet normal 0 0 1
    outer loop
      vertex -4.886 40.143 2
      vertex -6.697 39.011 2
      vertex -5.405 37.631 2
    endloop
  endfacet
  facet normal 0 0 1
    outer loop
      vertex -4.886 40.143 2
      vertex -6.127 41.628 2
      vertex -7.562 40.188 2
    endloop
  endfacet
  facet normal 0 0 1
    outer loop
      vertex -7.979 41.399 2
      vertex -7.562 40.188 2
      vertex -6.127 41.628 2
    endloop
  endfacet
  facet normal 0 0 1
    outer loop
      vertex -21.965 -24.61 12.5
      vertex -23.703 -23.582 12.5
      vertex -22.822 -25.752 12.5
    endloop
  endfacet
  facet normal 0 0 1
    outer loop
      vertex -23.289 -25.696 12.5
      vertex -22.822 -25.752 12.5
      vertex -23.703 -23.582 12.5
    endloop
  endfacet
  facet normal 0 0 1
    outer loop
      vertex -23.499 -25.869 12.5
      vertex -23.289 -25.696 12.5
      vertex -23.703 -23.582 12.5
    endloop
  endfacet
  facet normal 0 0 1
    outer loop
      vertex -23.703 -23.582 12.5
      vertex -24.282 -23.067 12.5
      vertex -23.499 -25.869 12.5
    endloop
  endfacet
  facet normal -0.06161 0.9981 0
    outer loop
      vertex -0.254 -7.987 0
      vertex 2.095 -7.842 12.5
      vertex 2.095 -7.842 0
    endloop
  endfacet
  facet normal 0.01691 0.99986 0
    outer loop
      vertex -5.405 37.631 0
      vertex -11.789 37.739 0
      vertex -11.789 37.739 2
    endloop
  endfacet
  facet normal 0 0 1
    outer loop
      vertex -24.282 -23.067 12.5
      vertex -24.051 -26.597 12.5
      vertex -23.499 -25.869 12.5
    endloop
  endfacet
  facet normal 0 0 1
    outer loop
      vertex -23.462 -26.288 12.5
      vertex -23.499 -25.869 12.5
      vertex -24.051 -26.597 12.5
    endloop
  endfacet
  facet normal -0.94551 -0.32558 0
    outer loop
      vertex -7.562 40.188 2
      vertex -7.979 41.399 2
      vertex -7.562 40.188 0
    endloop
  endfacet
  facet normal -0.94551 -0.32558 0
    outer loop
      vertex -7.979 41.399 0
      vertex -7.562 40.188 0
      vertex -7.979 41.399 2
    endloop
  endfacet
  facet normal -0.8058 -0.59219 0
    outer loop
      vertex -7.562 40.188 0
      vertex -6.697 39.011 0
      vertex -6.697 39.011 2
    endloop
  endfacet
  facet normal -0.8058 -0.59219 0
    outer loop
      vertex -7.562 40.188 0
      vertex -6.697 39.011 2
      vertex -7.562 40.188 2
    endloop
  endfacet
  facet normal -0.73 -0.68345 0
    outer loop
      vertex -6.697 39.011 0
      vertex -5.405 37.631 0
      vertex -5.405 37.631 2
    endloop
  endfacet
  facet normal -0.73 -0.68345 0
    outer loop
      vertex -6.697 39.011 0
      vertex -5.405 37.631 2
      vertex -6.697 39.011 2
    endloop
  endfacet
  facet normal -0.89582 -0.44441 0
    outer loop
      vertex -58.851 26.721 0
      vertex -57.329 23.653 0
      vertex -58.851 26.721 2
    endloop
  endfacet
  facet normal -0.18176 0.98334 0
    outer loop
      vertex -5.824 -39.204 0
      vertex -5.824 -39.204 12.5
      vertex -4.65 -38.987 0
    endloop
  endfacet
  facet normal -0.18176 0.98334 0
    outer loop
      vertex -4.65 -38.987 0
      vertex -5.824 -39.204 12.5
      vertex -4.65 -38.987 12.5
    endloop
  endfacet
  facet normal 0.01691 0.99986 0
    outer loop
      vertex -5.405 37.631 2
      vertex -5.405 37.631 0
      vertex -11.789 37.739 2
    endloop
  endfacet
  facet normal 0.5091 0.86071 0
    outer loop
      vertex -21.965 -24.61 0
      vertex -23.703 -23.582 0
      vertex -21.965 -24.61 12.5
    endloop
  endfacet
  facet normal -0.21748 -0.97606 0
    outer loop
      vertex -4.334 33.702 15
      vertex -6.587 34.204 2
      vertex -4.334 33.702 2
    endloop
  endfacet
  facet normal -0.14909 -0.98882 0
    outer loop
      vertex -6.587 34.204 15
      vertex -8.192 34.446 2
      vertex -6.587 34.204 2
    endloop
  endfacet
  facet normal 0 0 1
    outer loop
      vertex -12.076 -34.605 12.5
      vertex -11.053 -32.504 12.5
      vertex -12.303 -31.092 12.5
    endloop
  endfacet
  facet normal -0.97721 -0.21228 0
    outer loop
      vertex 11.823 -11.457 12.5
      vertex 12.002 -12.281 12.5
      vertex 11.823 -11.457 15
    endloop
  endfacet
  facet normal -0.94755 -0.31962 0
    outer loop
      vertex 11.141 -9.435 2
      vertex 11.48 -10.44 12.5
      vertex 11.141 -9.435 15
    endloop
  endfacet
  facet normal -0.94755 -0.3196 -0.00001
    outer loop
      vertex 11.823 -11.457 15
      vertex 11.141 -9.435 15
      vertex 11.48 -10.44 12.5
    endloop
  endfacet
  facet normal -0.28795 -0.95765 0
    outer loop
      vertex -2.149 33.045 15
      vertex -4.334 33.702 2
      vertex -2.149 33.045 2
    endloop
  endfacet
  facet normal -0.94756 -0.31958 0
    outer loop
      vertex 11.823 -11.457 12.5
      vertex 11.823 -11.457 15
      vertex 11.48 -10.44 12.5
    endloop
  endfacet
  facet normal -0.31051 -0.95057 0
    outer loop
      vertex -2.149 33.045 2
      vertex -1.301 32.768 2
      vertex -2.149 33.045 15
    endloop
  endfacet
  facet normal 0 0 1
    outer loop
      vertex 11.48 -10.44 12.5
      vertex 12.002 -12.281 12.5
      vertex 11.823 -11.457 12.5
    endloop
  endfacet
  facet normal 0.17172 0.98515 0
    outer loop
      vertex -5.862 35.252 2
      vertex -4.422 35.001 15
      vertex -4.422 35.001 2
    endloop
  endfacet
  facet normal 0 0 1
    outer loop
      vertex -57.158 27.962 2
      vertex -57.213 28.341 2
      vertex -59.189 27.828 2
    endloop
  endfacet
  facet normal 0 0 1
    outer loop
      vertex -59.268 28.705 2
      vertex -59.189 27.828 2
      vertex -57.213 28.341 2
    endloop
  endfacet
  facet normal 0 0 1
    outer loop
      vertex -58.851 26.721 2
      vertex -57.158 27.962 2
      vertex -59.189 27.828 2
    endloop
  endfacet
  facet normal 0.3355 0.94204 0
    outer loop
      vertex -1.505 34.191 2
      vertex -1.505 34.191 15
      vertex 0 33.655 2
    endloop
  endfacet
  facet normal 0.26756 0.96354 0
    outer loop
      vertex -1.505 34.191 2
      vertex -4.422 35.001 2
      vertex -1.505 34.191 15
    endloop
  endfacet
  facet normal 0 0 1
    outer loop
      vertex -6.587 34.204 2
      vertex -8.192 34.446 2
      vertex -6.051 32.219 2
    endloop
  endfacet
  facet normal 0 0 1
    outer loop
      vertex -9.516 32.872 2
      vertex -6.051 32.219 2
      vertex -8.192 34.446 2
    endloop
  endfacet
  facet normal 0 0 1
    outer loop
      vertex -4.334 33.702 2
      vertex -6.587 34.204 2
      vertex -6.051 32.219 2
    endloop
  endfacet
  facet normal 0 0 1
    outer loop
      vertex -30.59 -1.952 12.5
      vertex -30.655 -2.344 12.5
      vertex -30.263 -2.482 12.5
    endloop
  endfacet
  facet normal 0 0 1
    outer loop
      vertex -25.526 -2.849 12.5
      vertex -26.095 -1.975 12.5
      vertex -29.012 -3.279 12.5
    endloop
  endfacet
  facet normal 0 0 1
    outer loop
      vertex -29.012 -3.279 12.5
      vertex -25.526 -6.14 12.5
      vertex -25.526 -2.849 12.5
    endloop
  endfacet
  facet normal 0 0 1
    outer loop
      vertex -29.694 -2.717 12.5
      vertex -29.012 -3.279 12.5
      vertex -26.095 -1.975 12.5
    endloop
  endfacet
  facet normal 0 0 1
    outer loop
      vertex -11.789 37.739 2
      vertex -8.513 35.714 2
      vertex -5.405 37.631 2
    endloop
  endfacet
  facet normal 0 0 1
    outer loop
      vertex -5.862 35.252 2
      vertex -4.422 35.001 2
      vertex -5.405 37.631 2
    endloop
  endfacet
  facet normal 0 0 1
    outer loop
      vertex 0.539 34.911 2
      vertex -1.884 37.246 2
      vertex -1.505 34.191 2
    endloop
  endfacet
  facet normal 0 0 1
    outer loop
      vertex -4.422 35.001 2
      vertex -1.505 34.191 2
      vertex -1.884 37.246 2
    endloop
  endfacet
  facet normal 0 0 1
    outer loop
      vertex -4.422 35.001 2
      vertex -1.884 37.246 2
      vertex -5.405 37.631 2
    endloop
  endfacet
  facet normal -0.98503 0.1724 -0.00004
    outer loop
      vertex 12.248 -15.15 12.5
      vertex 11.894 -17.172 15
      vertex 12.25 -15.138 15
    endloop
  endfacet
  facet normal -0.98639 0.1644 0
    outer loop
      vertex 12.25 -15.138 12.5
      vertex 12.248 -15.15 12.5
      vertex 12.25 -15.138 15
    endloop
  endfacet
  facet normal -1 0 0
    outer loop
      vertex 12.25 -14.993 12.5
      vertex 12.25 -15.138 12.5
      vertex 12.25 -15.138 15
    endloop
  endfacet
  facet normal 0.63584 -0.77182 0
    outer loop
      vertex -23.499 -25.869 0
      vertex -23.289 -25.696 0
      vertex -23.499 -25.869 12.5
    endloop
  endfacet
  facet normal -1 -0.00095 -0.00005
    outer loop
      vertex 12.25 -15.138 15
      vertex 12.249 -13.937 12.5
      vertex 12.25 -14.993 12.5
    endloop
  endfacet
  facet normal -1 -0.00058 0.00012
    outer loop
      vertex 12.25 -15.138 15
      vertex 12.249 -13.419 15
      vertex 12.249 -13.937 12.5
    endloop
  endfacet
  facet normal 0 0 1
    outer loop
      vertex -11.053 -32.504 12.5
      vertex -12.076 -34.605 12.5
      vertex -10.826 -36.235 12.5
    endloop
  endfacet
  facet normal 0 0 1
    outer loop
      vertex -11.053 -31.454 12.5
      vertex -12.303 -31.092 12.5
      vertex -11.053 -32.504 12.5
    endloop
  endfacet
  facet normal 0 0 1
    outer loop
      vertex -12.076 -34.605 12.5
      vertex -11.971 -37.158 12.5
      vertex -10.826 -36.235 12.5
    endloop
  endfacet
  facet normal -0.97723 -0.21218 -0.00003
    outer loop
      vertex 12.249 -13.419 15
      vertex 11.823 -11.457 15
      vertex 12.002 -12.281 12.5
    endloop
  endfacet
  facet normal -0.9773 -0.21184 0.00013
    outer loop
      vertex 12.121 -12.83 12.5
      vertex 12.249 -13.419 15
      vertex 12.002 -12.281 12.5
    endloop
  endfacet
  facet normal 0 0 -1
    outer loop
      vertex -50.53 4.587 0
      vertex -45.392 4.995 0
      vertex -45.543 3.471 0
    endloop
  endfacet
  facet normal -1 0 0
    outer loop
      vertex 12.249 -13.419 12.5
      vertex 12.249 -13.937 12.5
      vertex 12.249 -13.419 15
    endloop
  endfacet
  facet normal -0.97719 -0.21236 0
    outer loop
      vertex 12.121 -12.83 12.5
      vertex 12.249 -13.419 12.5
      vertex 12.249 -13.419 15
    endloop
  endfacet
  facet normal 0 0 1
    outer loop
      vertex -24.051 -26.597 12.5
      vertex -23.182 -26.976 12.5
      vertex -23.462 -26.288 12.5
    endloop
  endfacet
  facet normal 0.99536 0.09621 0
    outer loop
      vertex -10.56 -38.987 12.5
      vertex -10.56 -38.987 0
      vertex -10.826 -36.235 12.5
    endloop
  endfacet
  facet normal 0.99928 0.03805 0
    outer loop
      vertex 13.456 -14.609 15
      vertex 13.456 -14.609 2
      vertex 13.388 -12.823 15
    endloop
  endfacet
  facet normal 0 0 -1
    outer loop
      vertex -54.572 19.18 0
      vertex -49.404 21.286 0
      vertex -50.772 12.787 0
    endloop
  endfacet
  facet normal 0 0 -1
    outer loop
      vertex -50.772 12.787 0
      vertex -45.985 15.293 0
      vertex -49.984 11.265 0
    endloop
  endfacet
  facet normal 0 0 -1
    outer loop
      vertex -44.684 12.457 0
      vertex -49.984 11.265 0
      vertex -45.985 15.293 0
    endloop
  endfacet
  facet normal 0 0 1
    outer loop
      vertex 12.248 -15.15 12.5
      vertex 12.25 -15.138 12.5
      vertex 12.25 -14.993 12.5
    endloop
  endfacet
  facet normal 0.57375 0.81903 0
    outer loop
      vertex -15.794 -36.425 12.5
      vertex -14.268 -37.494 12.5
      vertex -15.794 -36.425 0
    endloop
  endfacet
  facet normal 0 0 1
    outer loop
      vertex 12.249 -13.937 12.5
      vertex 12.249 -13.419 12.5
      vertex 12.121 -12.83 12.5
    endloop
  endfacet
  facet normal 0 0 -1
    outer loop
      vertex -44.023 9.119 0
      vertex -44.136 8.157 0
      vertex -49.65 9.528 0
    endloop
  endfacet
  facet normal 0 0 -1
    outer loop
      vertex -44.258 10.835 0
      vertex -44.044 9.52 0
      vertex -49.632 10.309 0
    endloop
  endfacet
  facet normal 0 0 -1
    outer loop
      vertex -44.258 10.835 0
      vertex -49.632 10.309 0
      vertex -44.684 12.457 0
    endloop
  endfacet
  facet normal 0 0 -1
    outer loop
      vertex -49.984 11.265 0
      vertex -44.684 12.457 0
      vertex -49.632 10.309 0
    endloop
  endfacet
  facet normal 0 0 -1
    outer loop
      vertex -44.136 8.157 0
      vertex -44.41 7.234 0
      vertex -49.65 9.528 0
    endloop
  endfacet
  facet normal 0 0 -1
    outer loop
      vertex -50.459 2.1 0
      vertex -50.53 4.587 0
      vertex -45.543 3.471 0
    endloop
  endfacet
  facet normal 0 0 1
    outer loop
      vertex -12.493 -41.739 12.5
      vertex -10.56 -38.987 12.5
      vertex -12.038 -38.299 12.5
    endloop
  endfacet
  facet normal 0 0 1
    outer loop
      vertex -10.826 -36.235 12.5
      vertex -11.971 -37.158 12.5
      vertex -10.56 -38.987 12.5
    endloop
  endfacet
  facet normal 0 0 -1
    outer loop
      vertex 12.909 -4.901 0
      vertex 9.945 -0.579 0
      vertex 14.048 -3.303 0
    endloop
  endfacet
  facet normal 0 0 -1
    outer loop
      vertex 14.048 -3.303 0
      vertex 9.945 -0.579 0
      vertex 14.834 -1.922 0
    endloop
  endfacet
  facet normal 0 0 -1
    outer loop
      vertex 9.009 -1.746 0
      vertex 9.945 -0.579 0
      vertex 12.909 -4.901 0
    endloop
  endfacet
  facet normal 0 0 1
    outer loop
      vertex -12.038 -38.299 12.5
      vertex -10.56 -38.987 12.5
      vertex -11.971 -37.158 12.5
    endloop
  endfacet
  facet normal 0 0 1
    outer loop
      vertex -12.493 -41.739 12.5
      vertex -10.367 -42.302 12.5
      vertex -10.56 -38.987 12.5
    endloop
  endfacet
  facet normal 0 0 -1
    outer loop
      vertex 8.957 1.637 0
      vertex 14.39 2.726 0
      vertex 9.945 -0.579 0
    endloop
  endfacet
  facet normal 0 0 1
    outer loop
      vertex -8.779 -39.204 12.5
      vertex -10.56 -38.987 12.5
      vertex -10.367 -42.302 12.5
    endloop
  endfacet
  facet normal 0 0 1
    outer loop
      vertex -10.367 -42.302 12.5
      vertex -8.13 -42.709 12.5
      vertex -8.779 -39.204 12.5
    endloop
  endfacet
  facet normal -0.20684 0.97838 0
    outer loop
      vertex -12.336 -38.362 0
      vertex -12.336 -38.362 12.5
      vertex -12.038 -38.299 12.5
    endloop
  endfacet
  facet normal -0.99992 0.01274 0
    outer loop
      vertex 12.248 -15.15 12.5
      vertex 12.25 -14.993 12.5
      vertex 12.248 -15.15 2
    endloop
  endfacet
  facet normal 0.12095 0.99266 0
    outer loop
      vertex -8.779 -39.204 0
      vertex -10.56 -38.987 0
      vertex -10.56 -38.987 12.5
    endloop
  endfacet
  facet normal 0.12095 0.99266 0
    outer loop
      vertex -8.779 -39.204 0
      vertex -10.56 -38.987 12.5
      vertex -8.779 -39.204 12.5
    endloop
  endfacet
  facet normal 0 0 -1
    outer loop
      vertex 15.145 -0.588 0
      vertex 14.834 -1.922 0
      vertex 9.945 -0.579 0
    endloop
  endfacet
  facet normal 0 0 -1
    outer loop
      vertex 9.945 -0.579 0
      vertex 14.995 0.896 0
      vertex 15.145 -0.588 0
    endloop
  endfacet
  facet normal 0 0 1
    outer loop
      vertex -39.091 -24.972 15
      vertex -37.954 -17.149 15
      vertex -39.091 -12.333 15
    endloop
  endfacet
  facet normal 0 0 1
    outer loop
      vertex -39.006 -10.349 15
      vertex -39.924 -10.993 15
      vertex -39.091 -12.333 15
    endloop
  endfacet
  facet normal 0 0 1
    outer loop
      vertex -45.494 -9.304 15
      vertex -44.237 -11.22 15
      vertex -43.384 -10.196 15
    endloop
  endfacet
  facet normal 0 0 -1
    outer loop
      vertex 8.672 -8.739 0
      vertex 12.909 -4.901 0
      vertex 14.048 -7.48 0
    endloop
  endfacet
  facet normal 0.87762 0.47936 0.00003
    outer loop
      vertex -49.152 16.871 12.5
      vertex -49.553 17.605 15
      vertex -48.886 16.384 12.5
    endloop
  endfacet
  facet normal 0.84966 0.52733 0
    outer loop
      vertex -54.625 25.838 15
      vertex -51.973 21.565 15
      vertex -51.973 21.565 12.5
    endloop
  endfacet
  facet normal 0 0 1
    outer loop
      vertex -43.384 -10.196 15
      vertex -44.495 -8.344 15
      vertex -45.494 -9.304 15
    endloop
  endfacet
  facet normal 0 0 1
    outer loop
      vertex -45.528 -5.726 15
      vertex -46.608 -6.594 15
      vertex -44.495 -8.344 15
    endloop
  endfacet
  facet normal 0 0 1
    outer loop
      vertex -45.494 -9.304 15
      vertex -44.495 -8.344 15
      vertex -46.608 -6.594 15
    endloop
  endfacet
  facet normal 0.85328 0.52145 0
    outer loop
      vertex -51.973 21.565 15
      vertex -49.553 17.605 15
      vertex -49.553 17.605 12.5
    endloop
  endfacet
  facet normal 0.85328 0.52145 0
    outer loop
      vertex -51.973 21.565 15
      vertex -49.553 17.605 12.5
      vertex -51.973 21.565 12.5
    endloop
  endfacet
  facet normal 0.87758 0.47944 0
    outer loop
      vertex -49.553 17.605 15
      vertex -49.152 16.871 12.5
      vertex -49.553 17.605 12.5
    endloop
  endfacet
  facet normal 0 0 1
    outer loop
      vertex -42.8 -10.834 15
      vertex -43.384 -10.196 15
      vertex -44.237 -11.22 15
    endloop
  endfacet
  facet normal -0.38173 -0.92427 0
    outer loop
      vertex -30.263 -2.482 2
      vertex -29.694 -2.717 12.5
      vertex -30.263 -2.482 12.5
    endloop
  endfacet
  facet normal 0 0 1
    outer loop
      vertex -44.237 -11.22 15
      vertex -43.545 -11.899 15
      vertex -42.8 -10.834 15
    endloop
  endfacet
  facet normal 0 0 1
    outer loop
      vertex -42.198 -11.282 15
      vertex -42.8 -10.834 15
      vertex -43.545 -11.899 15
    endloop
  endfacet
  facet normal 0 0 1
    outer loop
      vertex -49.605 17.7 12.5
      vertex -51.973 21.565 12.5
      vertex -49.553 17.605 12.5
    endloop
  endfacet
  facet normal 0 0 1
    outer loop
      vertex -49.152 16.871 12.5
      vertex -47.578 14.105 12.5
      vertex -49.553 17.605 12.5
    endloop
  endfacet
  facet normal 0 0 1
    outer loop
      vertex -43.545 -11.899 15
      vertex -42.804 -12.405 15
      vertex -42.198 -11.282 15
    endloop
  endfacet
  facet normal 0 0 1
    outer loop
      vertex -41.517 -11.624 15
      vertex -42.198 -11.282 15
      vertex -42.804 -12.405 15
    endloop
  endfacet
  facet normal 0 0 1
    outer loop
      vertex -42.804 -12.405 15
      vertex -41.464 -12.948 15
      vertex -41.517 -11.624 15
    endloop
  endfacet
  facet normal 0 0 1
    outer loop
      vertex -41.464 -12.948 15
      vertex -40.912 -12.924 15
      vertex -41.047 -11.707 15
    endloop
  endfacet
  facet normal 0 0 -1
    outer loop
      vertex 7.224 -5.306 0
      vertex 7.214 -5.174 0
      vertex 12.909 -4.901 0
    endloop
  endfacet
  facet normal 0 0 -1
    outer loop
      vertex -0.794 -4.931 0
      vertex -1.467 -4.8 0
      vertex 3.402 -2.907 0
    endloop
  endfacet
  facet normal -1 -0.00095 0
    outer loop
      vertex 12.25 -14.993 12.5
      vertex 12.249 -13.937 12.5
      vertex 12.25 -14.993 2
    endloop
  endfacet
  facet normal 0 0 -1
    outer loop
      vertex 9.009 -1.746 0
      vertex 12.909 -4.901 0
      vertex 7.965 -3.249 0
    endloop
  endfacet
  facet normal 0 0 1
    outer loop
      vertex -40.265 -12.731 15
      vertex -41.047 -11.707 15
      vertex -40.912 -12.924 15
    endloop
  endfacet
  facet normal 0 0 1
    outer loop
      vertex -41.517 -11.624 15
      vertex -41.464 -12.948 15
      vertex -41.047 -11.707 15
    endloop
  endfacet
  facet normal 0 0 -1
    outer loop
      vertex 6.831 -3.404 0
      vertex 5.689 -3.718 0
      vertex 3.402 -2.907 0
    endloop
  endfacet
  facet normal 0 0 -1
    outer loop
      vertex 5.689 -3.718 0
      vertex 4.824 -4.094 0
      vertex 3.402 -2.907 0
    endloop
  endfacet
  facet normal 0 0 -1
    outer loop
      vertex 4.482 -4.438 0
      vertex 3.402 -2.907 0
      vertex 4.824 -4.094 0
    endloop
  endfacet
  facet normal 0 0 1
    outer loop
      vertex -39.091 -24.972 15
      vertex -37.954 -24.247 15
      vertex -37.954 -17.149 15
    endloop
  endfacet
  facet normal 0 0 1
    outer loop
      vertex -38.049 -11.771 15
      vertex -39.091 -12.333 15
      vertex -37.954 -17.149 15
    endloop
  endfacet
  facet normal 0 0 -1
    outer loop
      vertex 6.831 -3.404 0
      vertex 9.009 -1.746 0
      vertex 7.965 -3.249 0
    endloop
  endfacet
  facet normal 0 0 -1
    outer loop
      vertex 3.402 -2.907 0
      vertex 9.009 -1.746 0
      vertex 6.831 -3.404 0
    endloop
  endfacet
  facet normal -0.99992 0.01274 0
    outer loop
      vertex 12.25 -14.993 12.5
      vertex 12.25 -14.993 2
      vertex 12.248 -15.15 2
    endloop
  endfacet
  facet normal -0.96207 -0.27279 0
    outer loop
      vertex 11.48 -10.44 2
      vertex 12.002 -12.281 12.5
      vertex 11.48 -10.44 12.5
    endloop
  endfacet
  facet normal 0 0 -1
    outer loop
      vertex 4.482 -4.438 0
      vertex 4.206 -5.061 0
      vertex 3.402 -2.907 0
    endloop
  endfacet
  facet normal 0 0 1
    outer loop
      vertex -37.954 -24.247 15
      vertex -39.091 -24.972 15
      vertex -36.78 -26.493 15
    endloop
  endfacet
  facet normal 0 0 -1
    outer loop
      vertex 7.965 -3.249 0
      vertex 12.909 -4.901 0
      vertex 7.637 -3.764 0
    endloop
  endfacet
  facet normal 0 0 -1
    outer loop
      vertex 7.214 -5.174 0
      vertex 7.637 -3.764 0
      vertex 12.909 -4.901 0
    endloop
  endfacet
  facet normal -0.98653 0.16358 0.00002
    outer loop
      vertex -30.594 -1.975 2
      vertex -30.655 -2.344 12.5
      vertex -30.59 -1.952 12.5
    endloop
  endfacet
  facet normal 0 0 -1
    outer loop
      vertex 6.794 -5.85 0
      vertex 7.361 -8.059 0
      vertex 5.458 -6.905 0
    endloop
  endfacet
  facet normal 0.95456 0.29803 0
    outer loop
      vertex 12.519 -9.264 15
      vertex 13.076 -11.048 15
      vertex 12.519 -9.264 2
    endloop
  endfacet
  facet normal 0 0 1
    outer loop
      vertex -34.814 -29.706 15
      vertex -36.78 -26.493 15
      vertex -37.916 -27.217 15
    endloop
  endfacet
  facet normal 0 0 1
    outer loop
      vertex -37.916 -27.217 15
      vertex -36.78 -26.493 15
      vertex -39.091 -24.972 15
    endloop
  endfacet
  facet normal 0 0 1
    outer loop
      vertex -37.916 -27.217 15
      vertex -35.951 -30.431 15
      vertex -34.814 -29.706 15
    endloop
  endfacet
  facet normal 0 0 1
    outer loop
      vertex -32.024 -33.677 15
      vertex -34.814 -29.706 15
      vertex -33.161 -34.401 15
    endloop
  endfacet
  facet normal 0 0 -1
    outer loop
      vertex 7.224 -5.306 0
      vertex 12.909 -4.901 0
      vertex 7.945 -7.646 0
    endloop
  endfacet
  facet normal 0.99928 0.03805 0
    outer loop
      vertex 13.388 -12.823 2
      vertex 13.388 -12.823 15
      vertex 13.456 -14.609 2
    endloop
  endfacet
  facet normal 0 0 -1
    outer loop
      vertex 7.361 -8.059 0
      vertex 6.794 -5.85 0
      vertex 7.945 -7.646 0
    endloop
  endfacet
  facet normal 0 0 -1
    outer loop
      vertex 5.329 -9.363 0
      vertex 5.458 -6.905 0
      vertex 7.361 -8.059 0
    endloop
  endfacet
  facet normal 0.9849 0.17312 0
    outer loop
      vertex 13.388 -12.823 2
      vertex 13.076 -11.048 2
      vertex 13.388 -12.823 15
    endloop
  endfacet
  facet normal 0 0 1
    outer loop
      vertex -27.345 -7.335 12.5
      vertex -27.591 -7.016 12.5
      vertex -27.469 -7.587 12.5
    endloop
  endfacet
  facet normal 0 0 1
    outer loop
      vertex -27.852 -7.801 12.5
      vertex -27.469 -7.587 12.5
      vertex -27.591 -7.016 12.5
    endloop
  endfacet
  facet normal 0 0 1
    outer loop
      vertex -27.852 -7.801 12.5
      vertex -27.591 -7.016 12.5
      vertex -28.316 -6.877 12.5
    endloop
  endfacet
  facet normal 0.05147 0.99867 0
    outer loop
      vertex -7.188 -39.286 12.5
      vertex -7.188 -39.286 0
      vertex -8.779 -39.204 0
    endloop
  endfacet
  facet normal 0.05147 0.99867 0
    outer loop
      vertex -7.188 -39.286 12.5
      vertex -8.779 -39.204 0
      vertex -8.779 -39.204 12.5
    endloop
  endfacet
  facet normal 0 0 1
    outer loop
      vertex -23.671 -7.442 12.5
      vertex -23.093 -4.981 12.5
      vertex -25.526 -6.14 12.5
    endloop
  endfacet
  facet normal 0 0 1
    outer loop
      vertex -23.093 -4.981 12.5
      vertex -24.828 -3.648 12.5
      vertex -25.526 -6.14 12.5
    endloop
  endfacet
  facet normal 0 0 -1
    outer loop
      vertex 7.224 -5.306 0
      vertex 7.945 -7.646 0
      vertex 6.794 -5.85 0
    endloop
  endfacet
  facet normal 0 0 -1
    outer loop
      vertex 8.672 -8.739 0
      vertex 7.945 -7.646 0
      vertex 12.909 -4.901 0
    endloop
  endfacet
  facet normal 0 0 1
    outer loop
      vertex 12.909 -4.901 2
      vertex 11.719 -7.443 2
      vertex 14.048 -7.48 2
    endloop
  endfacet
  facet normal 0 0 1
    outer loop
      vertex 14.736 -9.346 2
      vertex 14.048 -7.48 2
      vertex 12.519 -9.264 2
    endloop
  endfacet
  facet normal 0 0 1
    outer loop
      vertex 15.204 -11.276 2
      vertex 14.736 -9.346 2
      vertex 13.076 -11.048 2
    endloop
  endfacet
  facet normal 0 0 -1
    outer loop
      vertex 5.458 -6.905 0
      vertex 5.329 -9.363 0
      vertex 3.907 -7.558 0
    endloop
  endfacet
  facet normal 0 0 1
    outer loop
      vertex -18.024 -38.136 12.5
      vertex -16.804 -39.358 12.5
      vertex -15.794 -36.425 12.5
    endloop
  endfacet
  facet normal 0 0 1
    outer loop
      vertex -15.794 -36.425 12.5
      vertex -16.804 -39.358 12.5
      vertex -14.268 -37.494 12.5
    endloop
  endfacet
  facet normal 0 0 1
    outer loop
      vertex -12.85 -38.222 12.5
      vertex -14.268 -37.494 12.5
      vertex -15.496 -40.341 12.5
    endloop
  endfacet
  facet normal 0 0 -1
    outer loop
      vertex 4.405 -9.698 0
      vertex 3.383 -9.906 0
      vertex 3.907 -7.558 0
    endloop
  endfacet
  facet normal 0 0 1
    outer loop
      vertex -15.496 -40.341 12.5
      vertex -14.07 -41.124 12.5
      vertex -12.85 -38.222 12.5
    endloop
  endfacet
  facet normal 0 0 1
    outer loop
      vertex -12.336 -38.362 12.5
      vertex -12.85 -38.222 12.5
      vertex -14.07 -41.124 12.5
    endloop
  endfacet
  facet normal 0 0 1
    outer loop
      vertex -14.07 -41.124 12.5
      vertex -12.493 -41.739 12.5
      vertex -12.336 -38.362 12.5
    endloop
  endfacet
  facet normal 0 0 1
    outer loop
      vertex -12.038 -38.299 12.5
      vertex -12.336 -38.362 12.5
      vertex -12.493 -41.739 12.5
    endloop
  endfacet
  facet normal 0 0 -1
    outer loop
      vertex 0.812 -9.829 0
      vertex 0.693 -9.942 0
      vertex -0.254 -7.987 0
    endloop
  endfacet
  facet normal 0.45672 0.88961 0
    outer loop
      vertex -14.268 -37.494 12.5
      vertex -12.85 -38.222 12.5
      vertex -14.268 -37.494 0
    endloop
  endfacet
  facet normal 0.45672 0.88961 0
    outer loop
      vertex -12.85 -38.222 0
      vertex -14.268 -37.494 0
      vertex -12.85 -38.222 12.5
    endloop
  endfacet
  facet normal 0.57375 0.81903 0
    outer loop
      vertex -14.268 -37.494 0
      vertex -15.794 -36.425 0
      vertex -14.268 -37.494 12.5
    endloop
  endfacet
  facet normal 0.17166 0.98516 -0.00001
    outer loop
      vertex -5.862 35.252 2
      vertex -8.192 35.658 2
      vertex -8.513 35.714 15
    endloop
  endfacet
  facet normal 0.2628 0.96485 0
    outer loop
      vertex -12.336 -38.362 0
      vertex -12.85 -38.222 0
      vertex -12.85 -38.222 12.5
    endloop
  endfacet
  facet normal 0.2628 0.96485 0
    outer loop
      vertex -12.336 -38.362 0
      vertex -12.85 -38.222 12.5
      vertex -12.336 -38.362 12.5
    endloop
  endfacet
  facet normal -0.85929 -0.5115 -0.00002
    outer loop
      vertex -56.587 26.635 15
      vertex -55.361 24.576 2
      vertex -53.375 21.239 15
    endloop
  endfacet
  facet normal -0.48131 -0.87655 0
    outer loop
      vertex -15.496 -40.341 0
      vertex -14.07 -41.124 12.5
      vertex -15.496 -40.341 12.5
    endloop
  endfacet
  facet normal -0.14884 -0.98886 -0.00003
    outer loop
      vertex -8.192 34.446 2
      vertex -6.587 34.204 15
      vertex -8.899 34.552 15
    endloop
  endfacet
  facet normal -0.85113 -0.52495 0
    outer loop
      vertex -53.375 21.239 15
      vertex -53.375 21.239 2
      vertex -50.948 17.304 15
    endloop
  endfacet
  facet normal 0.99536 0.09621 0
    outer loop
      vertex -10.826 -36.235 12.5
      vertex -10.56 -38.987 0
      vertex -10.826 -36.235 0
    endloop
  endfacet
  facet normal -0.08035 -0.99677 0
    outer loop
      vertex -11.256 34.742 2
      vertex -8.899 34.552 2
      vertex -11.256 34.742 15
    endloop
  endfacet
  facet normal -0.01379 -0.9999 0
    outer loop
      vertex -13.648 34.775 15
      vertex -11.256 34.742 2
      vertex -11.256 34.742 15
    endloop
  endfacet
  facet normal 0.99815 0.06073 0
    outer loop
      vertex -11.053 -32.504 12.5
      vertex -10.826 -36.235 12.5
      vertex -11.053 -32.504 0
    endloop
  endfacet
  facet normal 0.99815 0.06073 0
    outer loop
      vertex -10.826 -36.235 0
      vertex -11.053 -32.504 0
      vertex -10.826 -36.235 12.5
    endloop
  endfacet
  facet normal -0.5745 -0.81851 0
    outer loop
      vertex -23.671 -7.442 2
      vertex -23.671 -7.442 12.5
      vertex -25.526 -6.14 2
    endloop
  endfacet
  facet normal -0.99792 -0.06448 0
    outer loop
      vertex -12.303 -31.092 12.5
      vertex -12.303 -31.092 0
      vertex -12.076 -34.605 12.5
    endloop
  endfacet
  facet normal -0.99792 -0.06448 0
    outer loop
      vertex -12.076 -34.605 0
      vertex -12.076 -34.605 12.5
      vertex -12.303 -31.092 0
    endloop
  endfacet
  facet normal 0.84966 0.52733 0
    outer loop
      vertex -54.625 25.838 15
      vertex -51.973 21.565 12.5
      vertex -54.625 25.838 2
    endloop
  endfacet
  facet normal 0.17186 0.98512 0
    outer loop
      vertex -8.192 35.658 2
      vertex -8.513 35.714 2
      vertex -8.513 35.714 15
    endloop
  endfacet
  facet normal 0.85269 0.52242 0
    outer loop
      vertex -49.605 17.7 12.5
      vertex -49.605 17.7 2
      vertex -51.973 21.565 12.5
    endloop
  endfacet
  facet normal 0.05497 0.99849 0
    outer loop
      vertex -8.513 35.714 15
      vertex -12.909 35.956 2
      vertex -12.909 35.956 15
    endloop
  endfacet
  facet normal 0 0 1
    outer loop
      vertex -32.455 -7.662 12.5
      vertex -31.329 -8.535 12.5
      vertex -31.841 -7.342 12.5
    endloop
  endfacet
  facet normal 0 0 1
    outer loop
      vertex -31.841 -7.342 12.5
      vertex -31.329 -8.535 12.5
      vertex -31.134 -7.154 12.5
    endloop
  endfacet
  facet normal 0 0 1
    outer loop
      vertex -28.316 -6.877 12.5
      vertex -31.134 -7.154 12.5
      vertex -29.467 -8.132 12.5
    endloop
  endfacet
  facet normal 0 0 1
    outer loop
      vertex -28.316 -6.877 12.5
      vertex -29.467 -8.132 12.5
      vertex -27.852 -7.801 12.5
    endloop
  endfacet
  facet normal 0 0 -1
    outer loop
      vertex 3.529 -5.723 0
      vertex 2.676 -6.251 0
      vertex 3.402 -2.907 0
    endloop
  endfacet
  facet normal 0 0 -1
    outer loop
      vertex 4.206 -5.061 0
      vertex 3.529 -5.723 0
      vertex 3.402 -2.907 0
    endloop
  endfacet
  facet normal 0 0 -1
    outer loop
      vertex 2.676 -6.251 0
      vertex 1.867 -6.466 0
      vertex 3.402 -2.907 0
    endloop
  endfacet
  facet normal 0 0 -1
    outer loop
      vertex 1.867 -6.466 0
      vertex 1.001 -6.184 0
      vertex 3.402 -2.907 0
    endloop
  endfacet
  facet normal 0 0 -1
    outer loop
      vertex 0.049 -5.524 0
      vertex 3.402 -2.907 0
      vertex 1.001 -6.184 0
    endloop
  endfacet
  facet normal 0 0 -1
    outer loop
      vertex -0.794 -4.931 0
      vertex 3.402 -2.907 0
      vertex 0.049 -5.524 0
    endloop
  endfacet
  facet normal 0.97184 0.23566 0
    outer loop
      vertex 15.204 -11.276 0
      vertex 14.736 -9.346 0
      vertex 14.736 -9.346 2
    endloop
  endfacet
  facet normal 0.97184 0.23566 0
    outer loop
      vertex 15.204 -11.276 0
      vertex 14.736 -9.346 2
      vertex 15.204 -11.276 2
    endloop
  endfacet
  facet normal -0.20684 0.97838 0
    outer loop
      vertex -12.038 -38.299 0
      vertex -12.336 -38.362 0
      vertex -12.038 -38.299 12.5
    endloop
  endfacet
  facet normal 0.93826 0.34594 0
    outer loop
      vertex 14.048 -7.48 2
      vertex 14.736 -9.346 2
      vertex 14.736 -9.346 0
    endloop
  endfacet
  facet normal 0.95456 0.29803 0
    outer loop
      vertex 13.076 -11.048 15
      vertex 13.076 -11.048 2
      vertex 12.519 -9.264 2
    endloop
  endfacet
  facet normal 0 0 -1
    outer loop
      vertex 15.452 -13.249 0
      vertex 10.211 -13.182 0
      vertex 15.204 -11.276 0
    endloop
  endfacet
  facet normal 0 0 1
    outer loop
      vertex 12.519 -9.264 2
      vertex 13.076 -11.048 2
      vertex 14.736 -9.346 2
    endloop
  endfacet
  facet normal 0.5091 0.86071 0
    outer loop
      vertex -23.703 -23.582 12.5
      vertex -21.965 -24.61 12.5
      vertex -23.703 -23.582 0
    endloop
  endfacet
  facet normal 0 0 1
    outer loop
      vertex -2.206 -56.329 15
      vertex -4.915 -56.624 15
      vertex -2.276 -57.579 15
    endloop
  endfacet
  facet normal 0 0 1
    outer loop
      vertex -4.953 -57.783 15
      vertex -2.276 -57.579 15
      vertex -4.915 -56.624 15
    endloop
  endfacet
  facet normal 0 0 -1
    outer loop
      vertex 8.672 -8.739 0
      vertex 14.048 -7.48 0
      vertex 9.328 -10.104 0
    endloop
  endfacet
  facet normal 0 0 -1
    outer loop
      vertex 14.736 -9.346 0
      vertex 9.328 -10.104 0
      vertex 14.048 -7.48 0
    endloop
  endfacet
  facet normal -0.42303 -0.90612 0
    outer loop
      vertex -21.093 -26.457 12.5
      vertex -21.093 -26.457 0
      vertex -19.388 -27.253 12.5
    endloop
  endfacet
  facet normal 0 0 1
    outer loop
      vertex 0.76 -56.708 15
      vertex -0.633 -56.008 15
      vertex -0.51 -57.262 15
    endloop
  endfacet
  facet normal 0 0 1
    outer loop
      vertex -0.633 -56.008 15
      vertex -2.206 -56.329 15
      vertex -0.51 -57.262 15
    endloop
  endfacet
  facet normal 0 0 1
    outer loop
      vertex -2.276 -57.579 15
      vertex -0.51 -57.262 15
      vertex -2.206 -56.329 15
    endloop
  endfacet
  facet normal 0 0 -1
    outer loop
      vertex 9.328 -10.104 0
      vertex 14.736 -9.346 0
      vertex 9.855 -11.619 0
    endloop
  endfacet
  facet normal 0 0 -1
    outer loop
      vertex 10.211 -13.182 0
      vertex 9.855 -11.619 0
      vertex 15.204 -11.276 0
    endloop
  endfacet
  facet normal -0.11906 -0.99289 0
    outer loop
      vertex -23.289 -25.696 0
      vertex -22.822 -25.752 0
      vertex -23.289 -25.696 12.5
    endloop
  endfacet
  facet normal 0 0 1
    outer loop
      vertex -16.287 -53.473 15
      vertex -14.273 -54.964 15
      vertex -15.391 -52.505 15
    endloop
  endfacet
  facet normal 0.63584 -0.77182 0
    outer loop
      vertex -23.289 -25.696 12.5
      vertex -23.499 -25.869 12.5
      vertex -23.289 -25.696 0
    endloop
  endfacet
  facet normal 0.91554 0.40222 0
    outer loop
      vertex 12.519 -9.264 2
      vertex 11.719 -7.443 2
      vertex 12.519 -9.264 15
    endloop
  endfacet
  facet normal 0.92623 0.37695 0
    outer loop
      vertex -23.182 -26.976 0
      vertex -23.462 -26.288 0
      vertex -23.182 -26.976 12.5
    endloop
  endfacet
  facet normal -0.14827 -0.98895 0
    outer loop
      vertex -8.899 34.552 15
      vertex -8.899 34.552 2
      vertex -8.192 34.446 2
    endloop
  endfacet
  facet normal 0 0 1
    outer loop
      vertex -10.977 -55.429 15
      vertex -13.489 -53.913 15
      vertex -11.697 -56.515 15
    endloop
  endfacet
  facet normal 0 0 1
    outer loop
      vertex -14.273 -54.964 15
      vertex -11.697 -56.515 15
      vertex -13.489 -53.913 15
    endloop
  endfacet
  facet normal 0 0 1
    outer loop
      vertex -13.489 -53.913 15
      vertex -15.391 -52.505 15
      vertex -14.273 -54.964 15
    endloop
  endfacet
  facet normal -0.08035 -0.99677 0
    outer loop
      vertex -8.899 34.552 15
      vertex -11.256 34.742 15
      vertex -8.899 34.552 2
    endloop
  endfacet
  facet normal 0 0 1
    outer loop
      vertex -8.401 -56.877 15
      vertex -10.977 -55.429 15
      vertex -9.12 -58 15
    endloop
  endfacet
  facet normal -0.9076 -0.41985 0
    outer loop
      vertex 10.566 -8.192 2
      vertex 11.141 -9.435 2
      vertex 11.141 -9.435 15
    endloop
  endfacet
  facet normal -0.9075 -0.42004 -0.00002
    outer loop
      vertex 10.331 -7.685 15
      vertex 10.566 -8.192 2
      vertex 11.141 -9.435 15
    endloop
  endfacet
  facet normal 0.05173 -0.99866 0
    outer loop
      vertex -13.648 34.775 2
      vertex -13.648 34.775 15
      vertex -16.061 34.65 15
    endloop
  endfacet
  facet normal 0 0 1
    outer loop
      vertex -11.697 -56.515 15
      vertex -9.12 -58 15
      vertex -10.977 -55.429 15
    endloop
  endfacet
  facet normal 0.91554 0.40222 0
    outer loop
      vertex 11.719 -7.443 15
      vertex 12.519 -9.264 15
      vertex 11.719 -7.443 2
    endloop
  endfacet
  facet normal 0 0 1
    outer loop
      vertex -4.953 -57.783 15
      vertex -8.401 -56.877 15
      vertex -9.12 -58 15
    endloop
  endfacet
  facet normal 0 0 1
    outer loop
      vertex -4.915 -56.624 15
      vertex -8.401 -56.877 15
      vertex -4.953 -57.783 15
    endloop
  endfacet
  facet normal 0 0 1
    outer loop
      vertex -18.1 -28.195 12.5
      vertex -15.069 -29.643 12.5
      vertex -15.562 -27.905 12.5
    endloop
  endfacet
  facet normal 0 0 1
    outer loop
      vertex -30.116 -38.365 15
      vertex -27.383 -41.558 15
      vertex -28.979 -37.641 15
    endloop
  endfacet
  facet normal 0 0 1
    outer loop
      vertex -18.1 -28.195 12.5
      vertex -19.388 -27.253 12.5
      vertex -18.228 -29.019 12.5
    endloop
  endfacet
  facet normal 0 0 1
    outer loop
      vertex 10.566 -8.192 2
      vertex 10.331 -7.685 2
      vertex 8.672 -8.739 2
    endloop
  endfacet
  facet normal 0 0 1
    outer loop
      vertex 8.672 -8.739 2
      vertex 9.328 -10.104 2
      vertex 10.566 -8.192 2
    endloop
  endfacet
  facet normal 0 0 1
    outer loop
      vertex 11.141 -9.435 2
      vertex 10.566 -8.192 2
      vertex 9.328 -10.104 2
    endloop
  endfacet
  facet normal 0 0 1
    outer loop
      vertex 12.519 -9.264 2
      vertex 14.048 -7.48 2
      vertex 11.719 -7.443 2
    endloop
  endfacet
  facet normal 0 0 1
    outer loop
      vertex -19.487 -31.506 12.5
      vertex -18.214 -30.983 12.5
      vertex -19.388 -29.752 12.5
    endloop
  endfacet
  facet normal 0 0 1
    outer loop
      vertex -18.214 -30.983 12.5
      vertex -18.228 -29.019 12.5
      vertex -19.388 -29.752 12.5
    endloop
  endfacet
  facet normal 0 0 1
    outer loop
      vertex -19.388 -27.253 12.5
      vertex -19.388 -29.752 12.5
      vertex -18.228 -29.019 12.5
    endloop
  endfacet
  facet normal 0 0 -1
    outer loop
      vertex 14.736 -9.346 0
      vertex 15.204 -11.276 0
      vertex 9.855 -11.619 0
    endloop
  endfacet
  facet normal 0 0 -1
    outer loop
      vertex 10.211 -13.182 0
      vertex 15.452 -13.249 0
      vertex 10.307 -14.853 0
    endloop
  endfacet
  facet normal -0.90132 -0.43316 0
    outer loop
      vertex 8.672 -8.739 0
      vertex 9.328 -10.104 0
      vertex 9.328 -10.104 2
    endloop
  endfacet
  facet normal -0.90132 -0.43316 0
    outer loop
      vertex 8.672 -8.739 0
      vertex 9.328 -10.104 2
      vertex 8.672 -8.739 2
    endloop
  endfacet
  facet normal 0 0 1
    outer loop
      vertex -28.979 -37.641 15
      vertex -32.024 -33.677 15
      vertex -30.116 -38.365 15
    endloop
  endfacet
  facet normal 0 0 1
    outer loop
      vertex -33.161 -34.401 15
      vertex -30.116 -38.365 15
      vertex -32.024 -33.677 15
    endloop
  endfacet
  facet normal -1 0 0
    outer loop
      vertex -19.388 -27.253 12.5
      vertex -19.388 -27.253 0
      vertex -19.388 -29.752 12.5
    endloop
  endfacet
  facet normal 0 0 -1
    outer loop
      vertex 15.483 -15.239 0
      vertex 10.307 -14.853 0
      vertex 15.452 -13.249 0
    endloop
  endfacet
  facet normal -0.99828 0.05862 0
    outer loop
      vertex -12.038 -38.299 12.5
      vertex -11.971 -37.158 12.5
      vertex -12.038 -38.299 0
    endloop
  endfacet
  facet normal -0.99828 0.05862 0
    outer loop
      vertex -11.971 -37.158 0
      vertex -12.038 -38.299 0
      vertex -11.971 -37.158 12.5
    endloop
  endfacet
  facet normal 0.5423 0.84018 0
    outer loop
      vertex -20.192 -31.812 0
      vertex -20.192 -31.812 12.5
      vertex -19.862 -32.025 12.5
    endloop
  endfacet
  facet normal -0.99916 -0.04109 0
    outer loop
      vertex -11.971 -37.158 0
      vertex -11.971 -37.158 12.5
      vertex -12.076 -34.605 0
    endloop
  endfacet
  facet normal -0.99916 -0.04109 0
    outer loop
      vertex -12.076 -34.605 12.5
      vertex -12.076 -34.605 0
      vertex -11.971 -37.158 12.5
    endloop
  endfacet
  facet normal -0.94755 -0.31962 0
    outer loop
      vertex 11.48 -10.44 12.5
      vertex 11.141 -9.435 2
      vertex 11.48 -10.44 2
    endloop
  endfacet
  facet normal 0 0 1
    outer loop
      vertex -2.918 -42.437 12.5
      vertex -4.65 -38.987 12.5
      vertex -4.65 -42.862 12.5
    endloop
  endfacet
  facet normal 0 0 1
    outer loop
      vertex -4.65 -38.987 12.5
      vertex -5.824 -39.204 12.5
      vertex -4.65 -42.862 12.5
    endloop
  endfacet
  facet normal 0 0 1
    outer loop
      vertex -0.671 -37.683 12.5
      vertex -1.51 -38.096 12.5
      vertex 0.503 -41.1 12.5
    endloop
  endfacet
  facet normal 0 0 1
    outer loop
      vertex -5.824 -39.204 12.5
      vertex -7.188 -39.286 12.5
      vertex -6.115 -42.91 12.5
    endloop
  endfacet
  facet normal -0.43107 -0.90232 0
    outer loop
      vertex -15.069 -29.643 12.5
      vertex -18.1 -28.195 12.5
      vertex -18.1 -28.195 0
    endloop
  endfacet
  facet normal 0 0 -1
    outer loop
      vertex 2.081 -15.497 0
      vertex 0.503 -14.324 0
      vertex 0.693 -9.942 0
    endloop
  endfacet
  facet normal 0 0 -1
    outer loop
      vertex 0.812 -9.829 0
      vertex 2.095 -7.842 0
      vertex 1.072 -9.906 0
    endloop
  endfacet
  facet normal 0 0 -1
    outer loop
      vertex 4.405 -9.698 0
      vertex 3.907 -7.558 0
      vertex 5.329 -9.363 0
    endloop
  endfacet
  facet normal 0 0 -1
    outer loop
      vertex 2.095 -7.842 0
      vertex 3.907 -7.558 0
      vertex 3.383 -9.906 0
    endloop
  endfacet
  facet normal 0 0 -1
    outer loop
      vertex 3.383 -9.906 0
      vertex 1.929 -10.015 0
      vertex 2.095 -7.842 0
    endloop
  endfacet
  facet normal 0 0 -1
    outer loop
      vertex 1.072 -9.906 0
      vertex 2.095 -7.842 0
      vertex 1.929 -10.015 0
    endloop
  endfacet
  facet normal 0 0 -1
    outer loop
      vertex -0.861 -10.015 0
      vertex -0.254 -7.987 0
      vertex 0.693 -9.942 0
    endloop
  endfacet
  facet normal 0 0 1
    outer loop
      vertex -21.927 -29.245 12.5
      vertex -22.647 -30.187 12.5
      vertex -20.635 -31.28 12.5
    endloop
  endfacet
  facet normal 0 0 1
    outer loop
      vertex -22.647 -30.187 12.5
      vertex -20.326 -34.844 12.5
      vertex -20.635 -31.28 12.5
    endloop
  endfacet
  facet normal 0 0 -1
    outer loop
      vertex 9.431 -18.714 0
      vertex 10.04 -16.719 0
      vertex 14.893 -19.181 0
    endloop
  endfacet
  facet normal 0 0 -1
    outer loop
      vertex 14.274 -21.087 0
      vertex 9.431 -18.714 0
      vertex 14.893 -19.181 0
    endloop
  endfacet
  facet normal 0 0 1
    outer loop
      vertex 12.002 -12.281 2
      vertex 11.48 -10.44 2
      vertex 9.855 -11.619 2
    endloop
  endfacet
  facet normal 0 0 1
    outer loop
      vertex 9.328 -10.104 2
      vertex 9.855 -11.619 2
      vertex 11.48 -10.44 2
    endloop
  endfacet
  facet normal 0 0 1
    outer loop
      vertex 11.141 -9.435 2
      vertex 9.328 -10.104 2
      vertex 11.48 -10.44 2
    endloop
  endfacet
  facet normal 0 0 -1
    outer loop
      vertex 10.04 -16.719 0
      vertex 10.307 -14.853 0
      vertex 15.296 -17.225 0
    endloop
  endfacet
  facet normal 0 0 1
    outer loop
      vertex -20.192 -31.812 12.5
      vertex -20.635 -31.28 12.5
      vertex -20.326 -34.844 12.5
    endloop
  endfacet
  facet normal 0 0 1
    outer loop
      vertex -21.927 -29.245 12.5
      vertex -23.182 -26.976 12.5
      vertex -22.647 -30.187 12.5
    endloop
  endfacet
  facet normal 0 0 1
    outer loop
      vertex -24.051 -26.597 12.5
      vertex -22.647 -30.187 12.5
      vertex -23.182 -26.976 12.5
    endloop
  endfacet
  facet normal -0.94449 -0.32854 0
    outer loop
      vertex 9.855 -11.619 2
      vertex 9.328 -10.104 2
      vertex 9.855 -11.619 0
    endloop
  endfacet
  facet normal -0.94449 -0.32854 0
    outer loop
      vertex 9.328 -10.104 0
      vertex 9.855 -11.619 0
      vertex 9.328 -10.104 2
    endloop
  endfacet
  facet normal 0 0 -1
    outer loop
      vertex 15.296 -17.225 0
      vertex 14.893 -19.181 0
      vertex 10.04 -16.719 0
    endloop
  endfacet
  facet normal 0 0 -1
    outer loop
      vertex 15.483 -15.239 0
      vertex 15.296 -17.225 0
      vertex 10.307 -14.853 0
    endloop
  endfacet
  facet normal -0.96207 -0.27279 0
    outer loop
      vertex 12.002 -12.281 2
      vertex 12.002 -12.281 12.5
      vertex 11.48 -10.44 2
    endloop
  endfacet
  facet normal -0.09783 0.9952 0
    outer loop
      vertex -28.316 -6.877 12.5
      vertex -28.316 -6.877 2
      vertex -31.134 -7.154 12.5
    endloop
  endfacet
  facet normal 0.9849 0.17312 0
    outer loop
      vertex 13.076 -11.048 15
      vertex 13.388 -12.823 15
      vertex 13.076 -11.048 2
    endloop
  endfacet
  facet normal 0 0 -1
    outer loop
      vertex 9.431 -18.714 0
      vertex 14.274 -21.087 0
      vertex 8.501 -20.773 0
    endloop
  endfacet
  facet normal 0 0 -1
    outer loop
      vertex 14.274 -21.087 0
      vertex 13.441 -22.916 0
      vertex 8.501 -20.773 0
    endloop
  endfacet
  facet normal 0 0 1
    outer loop
      vertex 15.483 -15.239 2
      vertex 15.452 -13.249 2
      vertex 13.456 -14.609 2
    endloop
  endfacet
  facet normal 0 0 1
    outer loop
      vertex 15.204 -11.276 2
      vertex 13.388 -12.823 2
      vertex 15.452 -13.249 2
    endloop
  endfacet
  facet normal 0 0 -1
    outer loop
      vertex 0.503 -14.324 0
      vertex 2.081 -15.497 0
      vertex 1.437 -18.127 0
    endloop
  endfacet
  facet normal 0 0 1
    outer loop
      vertex 13.456 -14.609 2
      vertex 15.452 -13.249 2
      vertex 13.388 -12.823 2
    endloop
  endfacet
  facet normal 0 0 -1
    outer loop
      vertex 2.081 -15.497 0
      vertex 3.951 -22.219 0
      vertex 1.437 -18.127 0
    endloop
  endfacet
  facet normal 0 0 1
    outer loop
      vertex 13.076 -11.048 2
      vertex 13.388 -12.823 2
      vertex 15.204 -11.276 2
    endloop
  endfacet
  facet normal 0.99988 0.01558 0
    outer loop
      vertex 15.483 -15.239 2
      vertex 15.483 -15.239 0
      vertex 15.452 -13.249 0
    endloop
  endfacet
  facet normal 0.99988 0.01558 0
    outer loop
      vertex 15.483 -15.239 2
      vertex 15.452 -13.249 0
      vertex 15.452 -13.249 2
    endloop
  endfacet
  facet normal 0 0 1
    outer loop
      vertex -1.997 -46.846 12.5
      vertex -1.291 -47.11 12.5
      vertex -0.996 -45.858 12.5
    endloop
  endfacet
  facet normal 0 0 1
    outer loop
      vertex -0.996 -45.858 12.5
      vertex -2.333 -45.361 12.5
      vertex -1.997 -46.846 12.5
    endloop
  endfacet
  facet normal 0 0 1
    outer loop
      vertex -3.077 -46.434 12.5
      vertex -1.997 -46.846 12.5
      vertex -2.333 -45.361 12.5
    endloop
  endfacet
  facet normal 0 0 1
    outer loop
      vertex -2.333 -45.361 12.5
      vertex -3.976 -45.109 12.5
      vertex -3.077 -46.434 12.5
    endloop
  endfacet
  facet normal 0 0 1
    outer loop
      vertex -0.592 -46.161 12.5
      vertex -0.996 -45.858 12.5
      vertex -1.291 -47.11 12.5
    endloop
  endfacet
  facet normal 0 0 1
    outer loop
      vertex -0.444 -46.484 12.5
      vertex -0.592 -46.161 12.5
      vertex -1.291 -47.11 12.5
    endloop
  endfacet
  facet normal 0.99219 0.12472 0
    outer loop
      vertex 15.452 -13.249 0
      vertex 15.204 -11.276 0
      vertex 15.204 -11.276 2
    endloop
  endfacet
  facet normal 0.99219 0.12472 0
    outer loop
      vertex 15.452 -13.249 0
      vertex 15.204 -11.276 2
      vertex 15.452 -13.249 2
    endloop
  endfacet
  facet normal 0 0 -1
    outer loop
      vertex 4.335 -23.831 0
      vertex 2.587 -22.763 0
      vertex 3.951 -22.219 0
    endloop
  endfacet
  facet normal 0 0 -1
    outer loop
      vertex 3.32 -24.431 0
      vertex 2.587 -22.763 0
      vertex 4.335 -23.831 0
    endloop
  endfacet
  facet normal 0 0 -1
    outer loop
      vertex 2.587 -22.763 0
      vertex 2.052 -21.45 0
      vertex 3.951 -22.219 0
    endloop
  endfacet
  facet normal 0 0 -1
    outer loop
      vertex 2.052 -21.45 0
      vertex 1.829 -20.3 0
      vertex 3.951 -22.219 0
    endloop
  endfacet
  facet normal 0 0 -1
    outer loop
      vertex 1.829 -20.3 0
      vertex 1.437 -18.127 0
      vertex 3.951 -22.219 0
    endloop
  endfacet
  facet normal -0.98502 0.17242 0
    outer loop
      vertex 12.248 -15.15 12.5
      vertex 12.248 -15.15 2
      vertex 12.032 -16.384 2
    endloop
  endfacet
  facet normal 0 0 -1
    outer loop
      vertex 8.501 -20.773 0
      vertex 12.432 -25.05 0
      vertex 7.493 -22.895 0
    endloop
  endfacet
  facet normal 0.83805 0.54559 0
    outer loop
      vertex -26.095 -1.975 0
      vertex -26.095 -1.975 12.5
      vertex -25.526 -2.849 12.5
    endloop
  endfacet
  facet normal -1 -0.00095 0
    outer loop
      vertex 12.25 -14.993 2
      vertex 12.249 -13.937 12.5
      vertex 12.249 -13.937 2
    endloop
  endfacet
  facet normal 0 0 -1
    outer loop
      vertex 6.437 -25.515 0
      vertex 7.493 -22.895 0
      vertex 12.432 -25.05 0
    endloop
  endfacet
  facet normal 0 0 -1
    outer loop
      vertex 11.376 -27.678 0
      vertex 6.437 -25.515 0
      vertex 12.432 -25.05 0
    endloop
  endfacet
  facet normal 0 0 -1
    outer loop
      vertex 13.441 -22.916 0
      vertex 12.432 -25.05 0
      vertex 8.501 -20.773 0
    endloop
  endfacet
  facet normal 0.20701 0.97834 0
    outer loop
      vertex -23.102 -0.454 0
      vertex -27.724 0.524 0
      vertex -23.102 -0.454 12.5
    endloop
  endfacet
  facet normal -0.9773 -0.21184 0
    outer loop
      vertex 12.002 -12.281 2
      vertex 12.121 -12.83 2
      vertex 12.002 -12.281 12.5
    endloop
  endfacet
  facet normal -0.9773 -0.21184 0
    outer loop
      vertex 12.121 -12.83 12.5
      vertex 12.002 -12.281 12.5
      vertex 12.121 -12.83 2
    endloop
  endfacet
  facet normal 0 0 -1
    outer loop
      vertex 4.103 -26.013 0
      vertex 3.34 -24.893 0
      vertex 4.311 -25.669 0
    endloop
  endfacet
  facet normal 0 0 -1
    outer loop
      vertex 4.406 -25.117 0
      vertex 4.311 -25.669 0
      vertex 3.34 -24.893 0
    endloop
  endfacet
  facet normal -0.895 -0.44606 0
    outer loop
      vertex -22.647 -30.187 0
      vertex -20.326 -34.844 0
      vertex -22.647 -30.187 12.5
    endloop
  endfacet
  facet normal 0.84422 0.53599 0
    outer loop
      vertex -21.927 -29.245 12.5
      vertex -20.635 -31.28 12.5
      vertex -21.927 -29.245 0
    endloop
  endfacet
  facet normal 0 0 1
    outer loop
      vertex -50.715 25.68 2
      vertex -51.252 25.463 2
      vertex -50.045 23.86 2
    endloop
  endfacet
  facet normal 0 0 1
    outer loop
      vertex -49.404 24.373 2
      vertex -50.715 25.68 2
      vertex -50.045 23.86 2
    endloop
  endfacet
  facet normal 0.76846 0.6399 0
    outer loop
      vertex -20.192 -31.812 0
      vertex -20.635 -31.28 0
      vertex -20.192 -31.812 12.5
    endloop
  endfacet
  facet normal 0 0 1
    outer loop
      vertex -50.544 23.647 2
      vertex -51.973 21.565 2
      vertex -50.359 22.957 2
    endloop
  endfacet
  facet normal 0 0 1
    outer loop
      vertex -51.252 25.463 2
      vertex -52.077 25.448 2
      vertex -50.544 23.647 2
    endloop
  endfacet
  facet normal 0.87507 0.484 0
    outer loop
      vertex -23.182 -26.976 0
      vertex -23.182 -26.976 12.5
      vertex -21.927 -29.245 0
    endloop
  endfacet
  facet normal 0.87507 0.484 0
    outer loop
      vertex -21.927 -29.245 12.5
      vertex -21.927 -29.245 0
      vertex -23.182 -26.976 12.5
    endloop
  endfacet
  facet normal -0.00297 1 0
    outer loop
      vertex -11.789 37.739 0
      vertex -17.844 37.721 2
      vertex -11.789 37.739 2
    endloop
  endfacet
  facet normal 0.85137 -0.52457 0
    outer loop
      vertex -48.847 25.277 0
      vertex -49.404 24.373 2
      vertex -49.404 24.373 0
    endloop
  endfacet
  facet normal 0.62484 -0.78075 0
    outer loop
      vertex -49.404 24.373 2
      vertex -50.045 23.86 2
      vertex -50.045 23.86 0
    endloop
  endfacet
  facet normal 0.62484 -0.78075 0
    outer loop
      vertex -49.404 24.373 2
      vertex -50.045 23.86 0
      vertex -49.404 24.373 0
    endloop
  endfacet
  facet normal 0.05497 0.99849 0
    outer loop
      vertex -8.513 35.714 2
      vertex -12.909 35.956 2
      vertex -8.513 35.714 15
    endloop
  endfacet
  facet normal 0.39258 -0.91972 0
    outer loop
      vertex -50.045 23.86 2
      vertex -50.544 23.647 2
      vertex -50.544 23.647 0
    endloop
  endfacet
  facet normal 0.39258 -0.91972 0
    outer loop
      vertex -50.045 23.86 2
      vertex -50.544 23.647 0
      vertex -50.045 23.86 0
    endloop
  endfacet
  facet normal 0 0 1
    outer loop
      vertex -0.532 -46.933 12.5
      vertex -0.444 -46.484 12.5
      vertex -0.809 -47.14 12.5
    endloop
  endfacet
  facet normal 0 0 1
    outer loop
      vertex -1.291 -47.11 12.5
      vertex -0.809 -47.14 12.5
      vertex -0.444 -46.484 12.5
    endloop
  endfacet
  facet normal 0.96589 0.25897 0
    outer loop
      vertex -50.359 22.957 0
      vertex -50.544 23.647 2
      vertex -50.359 22.957 2
    endloop
  endfacet
  facet normal 0.96589 0.25897 0
    outer loop
      vertex -50.544 23.647 2
      vertex -50.359 22.957 0
      vertex -50.544 23.647 0
    endloop
  endfacet
  facet normal 0 0 1
    outer loop
      vertex -19.692 -48.005 15
      vertex -26.246 -40.834 15
      vertex -20.79 -48.801 15
    endloop
  endfacet
  facet normal 0 0 1
    outer loop
      vertex -27.383 -41.558 15
      vertex -20.79 -48.801 15
      vertex -26.246 -40.834 15
    endloop
  endfacet
  facet normal 0 0 1
    outer loop
      vertex -26.246 -40.834 15
      vertex -28.979 -37.641 15
      vertex -27.383 -41.558 15
    endloop
  endfacet
  facet normal 0 0 1
    outer loop
      vertex -5.862 35.252 2
      vertex -5.405 37.631 2
      vertex -8.192 35.658 2
    endloop
  endfacet
  facet normal 0 0 1
    outer loop
      vertex -51.973 21.565 2
      vertex -49.605 17.7 2
      vertex -49.404 21.286 2
    endloop
  endfacet
  facet normal 0 0 1
    outer loop
      vertex -49.605 17.7 2
      vertex -49.533 17.572 2
      vertex -49.404 21.286 2
    endloop
  endfacet
  facet normal 0 0 1
    outer loop
      vertex -49.404 21.286 2
      vertex -50.359 22.957 2
      vertex -51.973 21.565 2
    endloop
  endfacet
  facet normal -1 0 0
    outer loop
      vertex -19.388 -29.752 12.5
      vertex -19.388 -27.253 0
      vertex -19.388 -29.752 0
    endloop
  endfacet
  facet normal 0 0 1
    outer loop
      vertex -15.391 -52.505 15
      vertex -17.264 -50.703 15
      vertex -16.287 -53.473 15
    endloop
  endfacet
  facet normal 0 0 1
    outer loop
      vertex -18.277 -51.575 15
      vertex -16.287 -53.473 15
      vertex -17.264 -50.703 15
    endloop
  endfacet
  facet normal 0 0 1
    outer loop
      vertex -20.79 -48.801 15
      vertex -18.277 -51.575 15
      vertex -19.692 -48.005 15
    endloop
  endfacet
  facet normal 0 0 1
    outer loop
      vertex -17.264 -50.703 15
      vertex -19.692 -48.005 15
      vertex -18.277 -51.575 15
    endloop
  endfacet
  facet normal 0 0 -1
    outer loop
      vertex 0.659 -26.587 0
      vertex 1.943 -26.42 0
      vertex 0.693 -27.543 0
    endloop
  endfacet
  facet normal 0.86859 0.49553 0
    outer loop
      vertex -45.985 15.293 2
      vertex -49.404 21.286 0
      vertex -49.404 21.286 2
    endloop
  endfacet
  facet normal 0 0 -1
    outer loop
      vertex 0.476 -25.977 0
      vertex 1.943 -26.42 0
      vertex 0.659 -26.587 0
    endloop
  endfacet
  facet normal 0.86821 0.49619 0
    outer loop
      vertex -49.404 21.286 0
      vertex -50.359 22.957 0
      vertex -50.359 22.957 2
    endloop
  endfacet
  facet normal 0.86821 0.49619 0
    outer loop
      vertex -49.404 21.286 0
      vertex -50.359 22.957 2
      vertex -49.404 21.286 2
    endloop
  endfacet
  facet normal -0.85933 -0.51143 0
    outer loop
      vertex -53.375 21.239 15
      vertex -55.361 24.576 2
      vertex -53.375 21.239 2
    endloop
  endfacet
  facet normal -0.52825 -0.84909 0
    outer loop
      vertex 10.336 33.182 15
      vertex 9.071 33.969 12.5
      vertex 10.336 33.182 12.5
    endloop
  endfacet
  facet normal -0.37757 -0.92598 0
    outer loop
      vertex -21.093 -26.457 12.5
      vertex -22.822 -25.752 12.5
      vertex -22.822 -25.752 0
    endloop
  endfacet
  facet normal -0.67267 -0.73994 0
    outer loop
      vertex 10.391 33.132 12.5
      vertex 10.336 33.182 15
      vertex 10.336 33.182 12.5
    endloop
  endfacet
  facet normal 0 0 -1
    outer loop
      vertex 0.476 -25.977 0
      vertex 0.021 -25.516 0
      vertex 1.831 -24.835 0
    endloop
  endfacet
  facet normal 0 0 -1
    outer loop
      vertex 2.61 -25.091 0
      vertex 1.943 -26.42 0
      vertex 1.831 -24.835 0
    endloop
  endfacet
  facet normal 0 0 -1
    outer loop
      vertex 3.724 -26.207 0
      vertex 3.118 -26.312 0
      vertex 3.109 -25.112 0
    endloop
  endfacet
  facet normal 0 0 -1
    outer loop
      vertex 3.109 -25.112 0
      vertex 3.118 -26.312 0
      vertex 2.61 -25.091 0
    endloop
  endfacet
  facet normal 0 0 -1
    outer loop
      vertex 1.943 -26.42 0
      vertex 2.61 -25.091 0
      vertex 3.118 -26.312 0
    endloop
  endfacet
  facet normal 0 0 -1
    outer loop
      vertex 0.476 -25.977 0
      vertex 1.831 -24.835 0
      vertex 1.943 -26.42 0
    endloop
  endfacet
  facet normal -0.85113 -0.52495 0
    outer loop
      vertex -50.948 17.304 2
      vertex -50.948 17.304 15
      vertex -53.375 21.239 2
    endloop
  endfacet
  facet normal -0.11906 -0.99289 0
    outer loop
      vertex -22.822 -25.752 12.5
      vertex -23.289 -25.696 12.5
      vertex -22.822 -25.752 0
    endloop
  endfacet
  facet normal 0 0 -1
    outer loop
      vertex 4.103 -26.013 0
      vertex 3.724 -26.207 0
      vertex 3.109 -25.112 0
    endloop
  endfacet
  facet normal 0 0 -1
    outer loop
      vertex 4.103 -26.013 0
      vertex 3.109 -25.112 0
      vertex 3.34 -24.893 0
    endloop
  endfacet
  facet normal 0 0 -1
    outer loop
      vertex 4.335 -23.831 0
      vertex 4.406 -25.117 0
      vertex 3.32 -24.431 0
    endloop
  endfacet
  facet normal 0 0 -1
    outer loop
      vertex 3.34 -24.893 0
      vertex 3.32 -24.431 0
      vertex 4.406 -25.117 0
    endloop
  endfacet
  facet normal 0.84966 0.52733 0
    outer loop
      vertex -54.625 25.838 2
      vertex -51.973 21.565 12.5
      vertex -51.973 21.565 2
    endloop
  endfacet
  facet normal 0 0 -1
    outer loop
      vertex 0.57 -28.733 0
      vertex 0.693 -27.543 0
      vertex 1.943 -26.42 0
    endloop
  endfacet
  facet normal 0 0 -1
    outer loop
      vertex 1.943 -26.42 0
      vertex 1.678 -30.911 0
      vertex 0.57 -28.733 0
    endloop
  endfacet
  facet normal 0 0 1
    outer loop
      vertex 9.071 33.969 12.5
      vertex 10.391 33.132 12.5
      vertex 10.336 33.182 12.5
    endloop
  endfacet
  facet normal 0 0 1
    outer loop
      vertex -57.329 23.653 2
      vertex -54.572 19.18 2
      vertex -53.375 21.239 2
    endloop
  endfacet
  facet normal 0 0 1
    outer loop
      vertex -53.375 21.239 2
      vertex -55.361 24.576 2
      vertex -57.329 23.653 2
    endloop
  endfacet
  facet normal 0.99612 0.08796 0
    outer loop
      vertex -23.499 -25.869 0
      vertex -23.499 -25.869 12.5
      vertex -23.462 -26.288 12.5
    endloop
  endfacet
  facet normal 0 0 -1
    outer loop
      vertex 0.503 -30.766 0
      vertex 1.678 -30.911 0
      vertex 0.465 -33.881 0
    endloop
  endfacet
  facet normal 0 0 1
    outer loop
      vertex -55.361 24.576 2
      vertex -56.048 25.73 2
      vertex -57.329 23.653 2
    endloop
  endfacet
  facet normal 0 0 1
    outer loop
      vertex -53.375 21.239 2
      vertex -54.572 19.18 2
      vertex -50.948 17.304 2
    endloop
  endfacet
  facet normal 0 0 -1
    outer loop
      vertex 0.106 -29.512 0
      vertex 0.57 -28.733 0
      vertex 1.678 -30.911 0
    endloop
  endfacet
  facet normal 0 0 -1
    outer loop
      vertex 1.678 -30.911 0
      vertex 0.503 -30.766 0
      vertex 0.106 -29.512 0
    endloop
  endfacet
  facet normal 0 0 -1
    outer loop
      vertex -0.563 -31.187 0
      vertex -0.842 -30.013 0
      vertex 0.503 -30.766 0
    endloop
  endfacet
  facet normal 0.60925 0.79298 0
    outer loop
      vertex -23.093 -4.981 12.5
      vertex -23.093 -4.981 0
      vertex -24.828 -3.648 12.5
    endloop
  endfacet
  facet normal 0 0 -1
    outer loop
      vertex 6.437 -25.515 0
      vertex 11.376 -27.678 0
      vertex 4.351 -31.679 0
    endloop
  endfacet
  facet normal 0 0 -1
    outer loop
      vertex 11.376 -27.678 0
      vertex 9.29 -33.854 0
      vertex 4.351 -31.679 0
    endloop
  endfacet
  facet normal 0 0 1
    outer loop
      vertex 12.032 -16.384 2
      vertex 12.248 -15.15 2
      vertex 10.307 -14.853 2
    endloop
  endfacet
  facet normal 0 0 1
    outer loop
      vertex 12.248 -15.15 2
      vertex 12.25 -14.993 2
      vertex 10.307 -14.853 2
    endloop
  endfacet
  facet normal 0 0 1
    outer loop
      vertex 12.25 -14.993 2
      vertex 12.249 -13.937 2
      vertex 10.307 -14.853 2
    endloop
  endfacet
  facet normal 0 0 1
    outer loop
      vertex 10.211 -13.182 2
      vertex 10.307 -14.853 2
      vertex 12.249 -13.937 2
    endloop
  endfacet
  facet normal 0 0 1
    outer loop
      vertex 12.249 -13.937 2
      vertex 12.121 -12.83 2
      vertex 10.211 -13.182 2
    endloop
  endfacet
  facet normal 0 0 1
    outer loop
      vertex 12.121 -12.83 2
      vertex 12.002 -12.281 2
      vertex 10.211 -13.182 2
    endloop
  endfacet
  facet normal 0 0 1
    outer loop
      vertex 9.855 -11.619 2
      vertex 10.211 -13.182 2
      vertex 12.002 -12.281 2
    endloop
  endfacet
  facet normal -0.97503 -0.22208 0
    outer loop
      vertex 10.211 -13.182 2
      vertex 9.855 -11.619 2
      vertex 10.211 -13.182 0
    endloop
  endfacet
  facet normal -0.97503 -0.22208 0
    outer loop
      vertex 9.855 -11.619 0
      vertex 10.211 -13.182 0
      vertex 9.855 -11.619 2
    endloop
  endfacet
  facet normal -0.63435 -0.77304 0
    outer loop
      vertex -29.012 -3.279 12.5
      vertex -29.012 -3.279 2
      vertex -28.672 -3.558 2
    endloop
  endfacet
  facet normal 0 0 -1
    outer loop
      vertex 1.583 -34.442 0
      vertex 0.465 -33.881 0
      vertex 1.678 -30.911 0
    endloop
  endfacet
  facet normal -0.99835 -0.05736 0
    outer loop
      vertex 10.211 -13.182 2
      vertex 10.211 -13.182 0
      vertex 10.307 -14.853 0
    endloop
  endfacet
  facet normal -0.99835 -0.05736 0
    outer loop
      vertex 10.211 -13.182 2
      vertex 10.307 -14.853 0
      vertex 10.307 -14.853 2
    endloop
  endfacet
  facet normal -0.33206 -0.94326 0
    outer loop
      vertex -30.263 -2.482 2
      vertex -30.263 -2.482 12.5
      vertex -30.655 -2.344 12.5
    endloop
  endfacet
  facet normal -0.99338 -0.11486 0
    outer loop
      vertex 12.249 -13.937 12.5
      vertex 12.121 -12.83 12.5
      vertex 12.249 -13.937 2
    endloop
  endfacet
  facet normal -0.99338 -0.11486 0
    outer loop
      vertex 12.121 -12.83 2
      vertex 12.249 -13.937 2
      vertex 12.121 -12.83 12.5
    endloop
  endfacet
  facet normal 0 0 -1
    outer loop
      vertex 1.583 -34.442 0
      vertex 1.829 -36.126 0
      vertex 0.281 -36.719 0
    endloop
  endfacet
  facet normal 0 0 -1
    outer loop
      vertex 1.583 -34.442 0
      vertex 0.281 -36.719 0
      vertex 0.465 -33.881 0
    endloop
  endfacet
  facet normal -0.85129 -0.5247 0
    outer loop
      vertex -57.329 23.653 0
      vertex -54.572 19.18 0
      vertex -54.572 19.18 2
    endloop
  endfacet
  facet normal -0.85129 -0.5247 0
    outer loop
      vertex -57.329 23.653 0
      vertex -54.572 19.18 2
      vertex -57.329 23.653 2
    endloop
  endfacet
  facet normal -0.6712 -0.74127 0
    outer loop
      vertex 10.391 33.132 12.5
      vertex 10.391 33.132 2
      vertex 10.793 32.768 2
    endloop
  endfacet
  facet normal -0.53551 -0.84453 0
    outer loop
      vertex 9.071 33.969 12.5
      vertex 9.071 33.969 2
      vertex 10.391 33.132 12.5
    endloop
  endfacet
  facet normal -0.86894 -0.49492 0
    outer loop
      vertex -50.948 17.304 2
      vertex -50.424 16.384 2
      vertex -50.948 17.304 15
    endloop
  endfacet
  facet normal 0 0 -1
    outer loop
      vertex 4.351 -31.679 0
      vertex 9.29 -33.854 0
      vertex 2.591 -38.129 0
    endloop
  endfacet
  facet normal 0 0 -1
    outer loop
      vertex 7.531 -40.308 0
      vertex 2.591 -38.129 0
      vertex 9.29 -33.854 0
    endloop
  endfacet
  facet normal 0 0 1
    outer loop
      vertex 2.081 -15.497 12.5
      vertex 0.693 -9.942 12.5
      vertex 0.503 -14.324 12.5
    endloop
  endfacet
  facet normal 0 0 1
    outer loop
      vertex -54.572 19.18 2
      vertex -50.772 12.787 2
      vertex -50.948 17.304 2
    endloop
  endfacet
  facet normal 0 0 1
    outer loop
      vertex -17.844 37.721 2
      vertex -12.909 35.956 2
      vertex -11.789 37.739 2
    endloop
  endfacet
  facet normal 0 0 1
    outer loop
      vertex -6.051 32.219 2
      vertex -3.026 31.36 2
      vertex -4.334 33.702 2
    endloop
  endfacet
  facet normal 0 0 1
    outer loop
      vertex -8.192 34.446 2
      vertex -8.899 34.552 2
      vertex -9.516 32.872 2
    endloop
  endfacet
  facet normal 0 0 1
    outer loop
      vertex -8.899 34.552 2
      vertex -11.256 34.742 2
      vertex -9.516 32.872 2
    endloop
  endfacet
  facet normal 0 0 1
    outer loop
      vertex -12.937 33.09 2
      vertex -9.516 32.872 2
      vertex -11.256 34.742 2
    endloop
  endfacet
  facet normal 0 0 1
    outer loop
      vertex -0.861 -10.015 12.5
      vertex 0.503 -14.324 12.5
      vertex 0.693 -9.942 12.5
    endloop
  endfacet
  facet normal 0 0 1
    outer loop
      vertex -8.513 35.714 2
      vertex -11.789 37.739 2
      vertex -12.909 35.956 2
    endloop
  endfacet
  facet normal 0.87158 0.49026 0
    outer loop
      vertex -49.605 17.7 2
      vertex -49.605 17.7 12.5
      vertex -49.533 17.572 2
    endloop
  endfacet
  facet normal -0.1852 -0.9827 0
    outer loop
      vertex -6.051 32.219 2
      vertex -9.516 32.872 2
      vertex -9.516 32.872 0
    endloop
  endfacet
  facet normal 0.87085 0.49155 -0.00002
    outer loop
      vertex -49.533 17.572 2
      vertex -49.605 17.7 12.5
      vertex -49.152 16.897 2
    endloop
  endfacet
  facet normal -0.0636 -0.99798 0
    outer loop
      vertex -9.516 32.872 0
      vertex -9.516 32.872 2
      vertex -12.937 33.09 0
    endloop
  endfacet
  facet normal -0.0636 -0.99798 0
    outer loop
      vertex -12.937 33.09 2
      vertex -12.937 33.09 0
      vertex -9.516 32.872 2
    endloop
  endfacet
  facet normal 0 0 1
    outer loop
      vertex 3.383 -9.906 12.5
      vertex 2.095 -7.842 12.5
      vertex 1.929 -10.015 12.5
    endloop
  endfacet
  facet normal 0 0 1
    outer loop
      vertex 7.361 -8.059 12.5
      vertex 8.812 -7.033 12.5
      vertex 6.794 -5.85 12.5
    endloop
  endfacet
  facet normal 0 0 1
    outer loop
      vertex 4.405 -9.698 12.5
      vertex 3.907 -7.558 12.5
      vertex 3.383 -9.906 12.5
    endloop
  endfacet
  facet normal 0.85269 0.52242 0
    outer loop
      vertex -51.973 21.565 2
      vertex -51.973 21.565 12.5
      vertex -49.605 17.7 2
    endloop
  endfacet
  facet normal 0 0 1
    outer loop
      vertex 0.812 -9.829 12.5
      vertex -0.254 -7.987 12.5
      vertex 0.693 -9.942 12.5
    endloop
  endfacet
  facet normal 0 0 1
    outer loop
      vertex 2.095 -7.842 12.5
      vertex -0.254 -7.987 12.5
      vertex 0.812 -9.829 12.5
    endloop
  endfacet
  facet normal 0 0 1
    outer loop
      vertex 2.095 -7.842 12.5
      vertex 0.812 -9.829 12.5
      vertex 1.072 -9.906 12.5
    endloop
  endfacet
  facet normal 0.87126 0.49083 0.00005
    outer loop
      vertex -49.605 17.7 12.5
      vertex -48.863 16.384 2
      vertex -49.152 16.897 2
    endloop
  endfacet
  facet normal -0.01379 -0.9999 0
    outer loop
      vertex -11.256 34.742 2
      vertex -13.648 34.775 15
      vertex -13.648 34.775 2
    endloop
  endfacet
  facet normal 0.05173 -0.99866 0
    outer loop
      vertex -13.648 34.775 2
      vertex -16.061 34.65 15
      vertex -16.061 34.65 2
    endloop
  endfacet
  facet normal 0 0 1
    outer loop
      vertex -45.985 15.293 2
      vertex -49.533 17.572 2
      vertex -49.152 16.897 2
    endloop
  endfacet
  facet normal 0.11684 -0.99315 0
    outer loop
      vertex -16.061 34.65 2
      vertex -16.061 34.65 15
      vertex -16.384 34.612 2
    endloop
  endfacet
  facet normal -0.89582 -0.44441 0
    outer loop
      vertex -57.329 23.653 0
      vertex -57.329 23.653 2
      vertex -58.851 26.721 2
    endloop
  endfacet
  facet normal -0.05058 0.99872 0
    outer loop
      vertex -12.909 35.956 2
      vertex -16.384 35.78 2
      vertex -12.909 35.956 15
    endloop
  endfacet
  facet normal 0 0 1
    outer loop
      vertex -16.061 34.65 2
      vertex -16.46 32.872 2
      vertex -13.648 34.775 2
    endloop
  endfacet
  facet normal 0 0 1
    outer loop
      vertex -16.384 34.612 2
      vertex -16.46 32.872 2
      vertex -16.061 34.65 2
    endloop
  endfacet
  facet normal 0 0 1
    outer loop
      vertex -11.256 34.742 2
      vertex -13.648 34.775 2
      vertex -12.937 33.09 2
    endloop
  endfacet
  facet normal 0.68859 -0.72515 0
    outer loop
      vertex 0.812 -9.829 12.5
      vertex 0.693 -9.942 12.5
      vertex 0.693 -9.942 0
    endloop
  endfacet
  facet normal 0 0 1
    outer loop
      vertex -35.231 17.278 12.5
      vertex -35.088 16.226 12.5
      vertex -34.091 16.846 12.5
    endloop
  endfacet
  facet normal 0 0 1
    outer loop
      vertex -17.844 37.721 2
      vertex -16.384 35.78 2
      vertex -12.909 35.956 2
    endloop
  endfacet
  facet normal 0 0 -1
    outer loop
      vertex 1.829 -36.126 0
      vertex 2.16 -37.203 0
      vertex 0.281 -36.719 0
    endloop
  endfacet
  facet normal 0 0 -1
    outer loop
      vertex 2.16 -37.203 0
      vertex 2.2 -38.462 0
      vertex 0.281 -36.719 0
    endloop
  endfacet
  facet normal 0 0 -1
    outer loop
      vertex 1.968 -39.64 0
      vertex -0.051 -37.267 0
      vertex 2.2 -38.462 0
    endloop
  endfacet
  facet normal 0 0 -1
    outer loop
      vertex 1.488 -40.472 0
      vertex -0.671 -37.683 0
      vertex 1.968 -39.64 0
    endloop
  endfacet
  facet normal 0 0 -1
    outer loop
      vertex 0.503 -41.1 0
      vertex -0.671 -37.683 0
      vertex 1.488 -40.472 0
    endloop
  endfacet
  facet normal 0 0 1
    outer loop
      vertex -33.44 13.308 12.5
      vertex -32.559 14.317 12.5
      vertex -34.062 13.987 12.5
    endloop
  endfacet
  facet normal 0 0 1
    outer loop
      vertex -34.544 14.865 12.5
      vertex -34.062 13.987 12.5
      vertex -33.357 14.96 12.5
    endloop
  endfacet
  facet normal 0 0 1
    outer loop
      vertex -34.544 14.865 12.5
      vertex -33.357 14.96 12.5
      vertex -33.872 15.585 12.5
    endloop
  endfacet
  facet normal 0 0 1
    outer loop
      vertex -34.113 16.209 12.5
      vertex -35.088 16.226 12.5
      vertex -33.872 15.585 12.5
    endloop
  endfacet
  facet normal -0.28396 -0.95884 0
    outer loop
      vertex 0.812 -9.829 0
      vertex 1.072 -9.906 12.5
      vertex 0.812 -9.829 12.5
    endloop
  endfacet
  facet normal -0.92857 -0.37116 0
    outer loop
      vertex -35.088 16.226 12.5
      vertex -34.544 14.865 0
      vertex -34.544 14.865 12.5
    endloop
  endfacet
  facet normal 0.68859 -0.72515 0
    outer loop
      vertex 0.693 -9.942 0
      vertex 0.812 -9.829 0
      vertex 0.812 -9.829 12.5
    endloop
  endfacet
  facet normal 0 0 -1
    outer loop
      vertex 2.591 -38.129 0
      vertex 7.531 -40.308 0
      vertex 1.844 -42 0
    endloop
  endfacet
  facet normal 0 0 -1
    outer loop
      vertex 6.449 -45.908 0
      vertex 1.844 -42 0
      vertex 7.531 -40.308 0
    endloop
  endfacet
  facet normal 0.93284 0.36028 0
    outer loop
      vertex -34.113 16.209 12.5
      vertex -33.872 15.585 12.5
      vertex -34.113 16.209 0
    endloop
  endfacet
  facet normal 0.93284 0.36028 0
    outer loop
      vertex -33.872 15.585 0
      vertex -34.113 16.209 0
      vertex -33.872 15.585 12.5
    endloop
  endfacet
  facet normal 0.77175 0.63592 0
    outer loop
      vertex -33.872 15.585 0
      vertex -33.872 15.585 12.5
      vertex -33.357 14.96 12.5
    endloop
  endfacet
  facet normal -0.95338 -0.30179 0
    outer loop
      vertex -0.861 -10.015 0
      vertex 0.503 -14.324 12.5
      vertex -0.861 -10.015 12.5
    endloop
  endfacet
  facet normal 0 0 -1
    outer loop
      vertex 6.449 -45.908 0
      vertex 5.461 -51.21 0
      vertex 0.754 -48 0
    endloop
  endfacet
  facet normal -0.8766 -0.48123 0
    outer loop
      vertex -34.062 13.987 12.5
      vertex -34.544 14.865 12.5
      vertex -34.062 13.987 0
    endloop
  endfacet
  facet normal -0.8766 -0.48123 0
    outer loop
      vertex -34.544 14.865 0
      vertex -34.062 13.987 0
      vertex -34.544 14.865 12.5
    endloop
  endfacet
  facet normal -0.55924 -0.82901 0
    outer loop
      vertex -33.44 13.308 0
      vertex -32.472 12.655 12.5
      vertex -33.44 13.308 12.5
    endloop
  endfacet
  facet normal 0.53776 0.8431 0
    outer loop
      vertex 10.108 37.414 2
      vertex 12.999 35.57 2
      vertex 10.108 37.414 0
    endloop
  endfacet
  facet normal 0.53776 0.8431 0
    outer loop
      vertex 12.999 35.57 0
      vertex 10.108 37.414 0
      vertex 12.999 35.57 2
    endloop
  endfacet
  facet normal -0.95338 -0.30179 0
    outer loop
      vertex 0.503 -14.324 12.5
      vertex -0.861 -10.015 0
      vertex 0.503 -14.324 0
    endloop
  endfacet
  facet normal 0 0 -1
    outer loop
      vertex 1.844 -42 0
      vertex 6.449 -45.908 0
      vertex 0.754 -48 0
    endloop
  endfacet
  facet normal 0 0 -1
    outer loop
      vertex 0.674 -48.45 0
      vertex 0.754 -48 0
      vertex 5.461 -51.21 0
    endloop
  endfacet
  facet normal 0 0 1
    outer loop
      vertex -41.54 9.066 12.5
      vertex -40.206 7.814 12.5
      vertex -40.274 9.714 12.5
    endloop
  endfacet
  facet normal 0.97017 0.24241 0
    outer loop
      vertex 2.081 -15.497 0
      vertex 0.693 -9.942 0
      vertex 2.081 -15.497 12.5
    endloop
  endfacet
  facet normal 0.97017 0.24241 0
    outer loop
      vertex 0.693 -9.942 0
      vertex 0.693 -9.942 12.5
      vertex 2.081 -15.497 12.5
    endloop
  endfacet
  facet normal 0.34084 -0.94012 0
    outer loop
      vertex 5.329 -9.363 0
      vertex 5.329 -9.363 12.5
      vertex 4.405 -9.698 0
    endloop
  endfacet
  facet normal 0.34084 -0.94012 0
    outer loop
      vertex 4.405 -9.698 12.5
      vertex 4.405 -9.698 0
      vertex 5.329 -9.363 12.5
    endloop
  endfacet
  facet normal 0.54009 -0.84161 0
    outer loop
      vertex 7.361 -8.059 0
      vertex 7.361 -8.059 12.5
      vertex 5.329 -9.363 0
    endloop
  endfacet
  facet normal 0 0 1
    outer loop
      vertex 12.999 35.57 2
      vertex 11.496 33.978 2
      vertex 14.078 34.646 2
    endloop
  endfacet
  facet normal 0.73219 0.6811 0
    outer loop
      vertex 14.998 33.657 2
      vertex 14.998 33.657 0
      vertex 14.078 34.646 0
    endloop
  endfacet
  facet normal 0.73219 0.6811 0
    outer loop
      vertex 14.998 33.657 2
      vertex 14.078 34.646 0
      vertex 14.078 34.646 2
    endloop
  endfacet
  facet normal 0 0 -1
    outer loop
      vertex 0.028 -51.683 0
      vertex 0.674 -48.45 0
      vertex 5.461 -51.21 0
    endloop
  endfacet
  facet normal 0.65044 0.75955 0
    outer loop
      vertex 14.078 34.646 0
      vertex 12.999 35.57 0
      vertex 12.999 35.57 2
    endloop
  endfacet
  facet normal 0.65044 0.75955 0
    outer loop
      vertex 14.078 34.646 0
      vertex 12.999 35.57 2
      vertex 14.078 34.646 2
    endloop
  endfacet
  facet normal 0.19943 -0.97991 0
    outer loop
      vertex 3.383 -9.906 12.5
      vertex 3.383 -9.906 0
      vertex 4.405 -9.698 0
    endloop
  endfacet
  facet normal 0.19943 -0.97991 0
    outer loop
      vertex 3.383 -9.906 12.5
      vertex 4.405 -9.698 0
      vertex 4.405 -9.698 12.5
    endloop
  endfacet
  facet normal 0.62743 0.77867 0
    outer loop
      vertex -33.357 14.96 0
      vertex -33.357 14.96 12.5
      vertex -32.559 14.317 0
    endloop
  endfacet
  facet normal 0.53993 0.84171 0
    outer loop
      vertex 8.785 35.717 2
      vertex 8.785 35.717 15
      vertex 11.496 33.978 15
    endloop
  endfacet
  facet normal 0.53993 0.84171 0
    outer loop
      vertex 8.785 35.717 2
      vertex 11.496 33.978 15
      vertex 11.496 33.978 2
    endloop
  endfacet
  facet normal 0.07476 -0.9972 0
    outer loop
      vertex 3.383 -9.906 0
      vertex 3.383 -9.906 12.5
      vertex 1.929 -10.015 0
    endloop
  endfacet
  facet normal 0.07476 -0.9972 0
    outer loop
      vertex 1.929 -10.015 12.5
      vertex 1.929 -10.015 0
      vertex 3.383 -9.906 12.5
    endloop
  endfacet
  facet normal 0.77175 0.63592 0
    outer loop
      vertex -33.357 14.96 12.5
      vertex -33.357 14.96 0
      vertex -33.872 15.585 0
    endloop
  endfacet
  facet normal 0.45381 0.8911 0
    outer loop
      vertex 8.192 36.019 2
      vertex 8.785 35.717 15
      vertex 8.785 35.717 2
    endloop
  endfacet
  facet normal -0.73738 -0.67548 0
    outer loop
      vertex -34.062 13.987 12.5
      vertex -34.062 13.987 0
      vertex -33.44 13.308 0
    endloop
  endfacet
  facet normal -0.73738 -0.67548 0
    outer loop
      vertex -34.062 13.987 12.5
      vertex -33.44 13.308 0
      vertex -33.44 13.308 12.5
    endloop
  endfacet
  facet normal -0.12617 -0.99201 0
    outer loop
      vertex 1.072 -9.906 12.5
      vertex 1.072 -9.906 0
      vertex 1.929 -10.015 0
    endloop
  endfacet
  facet normal -0.12617 -0.99201 0
    outer loop
      vertex 1.072 -9.906 12.5
      vertex 1.929 -10.015 0
      vertex 1.929 -10.015 12.5
    endloop
  endfacet
  facet normal -0.28396 -0.95884 0
    outer loop
      vertex 1.072 -9.906 12.5
      vertex 0.812 -9.829 0
      vertex 1.072 -9.906 0
    endloop
  endfacet
  facet normal 0 0 -1
    outer loop
      vertex -2.528 -3.75 0
      vertex 3.402 -2.907 0
      vertex -1.467 -4.8 0
    endloop
  endfacet
  facet normal -0.53551 -0.84453 0
    outer loop
      vertex 10.391 33.132 2
      vertex 10.391 33.132 12.5
      vertex 9.071 33.969 2
    endloop
  endfacet
  facet normal -0.99089 -0.13469 0
    outer loop
      vertex -35.231 17.278 0
      vertex -35.088 16.226 0
      vertex -35.088 16.226 12.5
    endloop
  endfacet
  facet normal 0.9955 -0.09481 0
    outer loop
      vertex 13.456 -14.609 2
      vertex 13.456 -14.609 15
      vertex 13.282 -16.436 15
    endloop
  endfacet
  facet normal -0.92857 -0.37116 0
    outer loop
      vertex -35.088 16.226 0
      vertex -34.544 14.865 0
      vertex -35.088 16.226 12.5
    endloop
  endfacet
  facet normal 0 0 -1
    outer loop
      vertex -5.034 -3.775 0
      vertex -3.627 -5.126 0
      vertex -6.62 -4.872 0
    endloop
  endfacet
  facet normal 0.69048 0.72335 0
    outer loop
      vertex 11.496 33.978 15
      vertex 13.389 32.171 2
      vertex 11.496 33.978 2
    endloop
  endfacet
  facet normal 0.79547 0.606 0
    outer loop
      vertex -38.958 8.501 12.5
      vertex -37.813 6.998 12.5
      vertex -38.958 8.501 0
    endloop
  endfacet
  facet normal 0.67775 0.7353 0
    outer loop
      vertex -38.958 8.501 0
      vertex -40.274 9.714 0
      vertex -40.274 9.714 12.5
    endloop
  endfacet
  facet normal 0.67775 0.7353 0
    outer loop
      vertex -38.958 8.501 0
      vertex -40.274 9.714 12.5
      vertex -38.958 8.501 12.5
    endloop
  endfacet
  facet normal -0.93131 -0.36422 0
    outer loop
      vertex -22.647 -30.187 0
      vertex -22.647 -30.187 12.5
      vertex -24.051 -26.597 12.5
    endloop
  endfacet
  facet normal 0 0 1
    outer loop
      vertex 8.785 35.717 2
      vertex 10.108 37.414 2
      vertex 8.192 36.019 2
    endloop
  endfacet
  facet normal 0 0 1
    outer loop
      vertex 12.999 35.57 2
      vertex 10.108 37.414 2
      vertex 11.496 33.978 2
    endloop
  endfacet
  facet normal 0 0 1
    outer loop
      vertex 8.785 35.717 2
      vertex 11.496 33.978 2
      vertex 10.108 37.414 2
    endloop
  endfacet
  facet normal 0 0 1
    outer loop
      vertex 10.391 33.132 2
      vertex 9.071 33.969 2
      vertex 8.629 32.11 2
    endloop
  endfacet
  facet normal 0 0 -1
    outer loop
      vertex -1.737 -5.257 0
      vertex -3.627 -5.126 0
      vertex -1.707 -4.969 0
    endloop
  endfacet
  facet normal 0 0 1
    outer loop
      vertex 13.389 32.171 2
      vertex 14.078 34.646 2
      vertex 11.496 33.978 2
    endloop
  endfacet
  facet normal 0 0 -1
    outer loop
      vertex -1.126 -6.502 0
      vertex -2.225 -7.226 0
      vertex -1.737 -5.257 0
    endloop
  endfacet
  facet normal 0 0 -1
    outer loop
      vertex -0.254 -7.987 0
      vertex -1.521 -8.488 0
      vertex -1.126 -6.502 0
    endloop
  endfacet
  facet normal 0 0 -1
    outer loop
      vertex -2.225 -7.226 0
      vertex -3.627 -5.126 0
      vertex -1.737 -5.257 0
    endloop
  endfacet
  facet normal 0 0 -1
    outer loop
      vertex -2.528 -3.75 0
      vertex -1.707 -4.969 0
      vertex -3.627 -5.126 0
    endloop
  endfacet
  facet normal 0 0 -1
    outer loop
      vertex -5.034 -3.775 0
      vertex -2.528 -3.75 0
      vertex -3.627 -5.126 0
    endloop
  endfacet
  facet normal 0 0 -1
    outer loop
      vertex -1.467 -4.8 0
      vertex -1.707 -4.969 0
      vertex -2.528 -3.75 0
    endloop
  endfacet
  facet normal 0.84422 0.53599 0
    outer loop
      vertex -20.635 -31.28 12.5
      vertex -20.635 -31.28 0
      vertex -21.927 -29.245 0
    endloop
  endfacet
  facet normal 0 0 -1
    outer loop
      vertex -9.448 -4.826 0
      vertex -8.566 -3.351 0
      vertex -8.341 -4.768 0
    endloop
  endfacet
  facet normal 0 0 -1
    outer loop
      vertex -8.341 -4.768 0
      vertex -8.566 -3.351 0
      vertex -6.62 -4.872 0
    endloop
  endfacet
  facet normal 0 0 -1
    outer loop
      vertex -10.333 -5.116 0
      vertex -11.242 -4.039 0
      vertex -9.448 -4.826 0
    endloop
  endfacet
  facet normal 0.87758 0.47943 0
    outer loop
      vertex -47.559 13.955 12.5
      vertex -48.886 16.384 12.5
      vertex -47.559 13.955 15
    endloop
  endfacet
  facet normal 0.90762 0.41978 0
    outer loop
      vertex -46.788 12.288 12.5
      vertex -47.559 13.955 12.5
      vertex -47.559 13.955 15
    endloop
  endfacet
  facet normal -0.9556 0.29468 -0.00021
    outer loop
      vertex 11.231 -19.322 15
      vertex 11.894 -17.172 15
      vertex 11.296 -19.113 12.5
    endloop
  endfacet
  facet normal -0.95489 0.29697 0
    outer loop
      vertex 11.231 -19.322 15
      vertex 11.296 -19.113 12.5
      vertex 11.231 -19.322 12.5
    endloop
  endfacet
  facet normal -0.52803 -0.84923 -0.00007
    outer loop
      vertex 9.071 33.969 12.5
      vertex 7.813 34.751 15
      vertex 7.831 34.74 12.5
    endloop
  endfacet
  facet normal 0 0 1
    outer loop
      vertex -47.559 13.955 12.5
      vertex -47.578 14.105 12.5
      vertex -48.886 16.384 12.5
    endloop
  endfacet
  facet normal -0.52145 -0.85328 0
    outer loop
      vertex 7.831 34.74 12.5
      vertex 7.813 34.751 15
      vertex 7.813 34.751 12.5
    endloop
  endfacet
  facet normal 0 0 1
    outer loop
      vertex -46.788 12.288 12.5
      vertex -47.578 14.105 12.5
      vertex -47.559 13.955 12.5
    endloop
  endfacet
  facet normal -0.45162 -0.89221 0
    outer loop
      vertex 7.813 34.751 12.5
      vertex 7.813 34.751 15
      vertex 4.5 36.428 12.5
    endloop
  endfacet
  facet normal -0.05059 0.99872 0
    outer loop
      vertex -16.384 35.78 2
      vertex -17.39 35.729 15
      vertex -12.909 35.956 15
    endloop
  endfacet
  facet normal 0.87108 0.49115 0
    outer loop
      vertex -48.863 16.384 2
      vertex -49.605 17.7 12.5
      vertex -47.578 14.105 12.5
    endloop
  endfacet
  facet normal -0.15718 0.98757 0
    outer loop
      vertex -17.39 35.729 2
      vertex -21.738 35.037 2
      vertex -17.39 35.729 15
    endloop
  endfacet
  facet normal 0 0 1
    outer loop
      vertex -19.979 37.454 2
      vertex -17.39 35.729 2
      vertex -17.844 37.721 2
    endloop
  endfacet
  facet normal 0 0 1
    outer loop
      vertex -22.503 36.94 2
      vertex -21.738 35.037 2
      vertex -19.979 37.454 2
    endloop
  endfacet
  facet normal -0.00297 1 0
    outer loop
      vertex -11.789 37.739 0
      vertex -17.844 37.721 0
      vertex -17.844 37.721 2
    endloop
  endfacet
  facet normal -0.12409 0.99227 0
    outer loop
      vertex -17.844 37.721 0
      vertex -19.979 37.454 0
      vertex -19.979 37.454 2
    endloop
  endfacet
  facet normal -0.12409 0.99227 0
    outer loop
      vertex -17.844 37.721 0
      vertex -19.979 37.454 2
      vertex -17.844 37.721 2
    endloop
  endfacet
  facet normal -0.99841 0.05635 0
    outer loop
      vertex -19.388 -29.752 12.5
      vertex -19.388 -29.752 0
      vertex -19.487 -31.506 12.5
    endloop
  endfacet
  facet normal -0.19955 0.97989 0
    outer loop
      vertex -19.979 37.454 0
      vertex -22.503 36.94 0
      vertex -22.503 36.94 2
    endloop
  endfacet
  facet normal -0.19955 0.97989 0
    outer loop
      vertex -19.979 37.454 0
      vertex -22.503 36.94 2
      vertex -19.979 37.454 2
    endloop
  endfacet
  facet normal 0.98815 -0.1535 0
    outer loop
      vertex -18.1 -28.195 0
      vertex -18.228 -29.019 12.5
      vertex -18.228 -29.019 0
    endloop
  endfacet
  facet normal 0.99997 0.00713 0
    outer loop
      vertex -18.214 -30.983 12.5
      vertex -18.214 -30.983 0
      vertex -18.228 -29.019 12.5
    endloop
  endfacet
  facet normal 0.99997 0.00713 0
    outer loop
      vertex -18.228 -29.019 0
      vertex -18.228 -29.019 12.5
      vertex -18.214 -30.983 0
    endloop
  endfacet
  facet normal 0 0 -1
    outer loop
      vertex -8.566 -3.351 0
      vertex -11.242 -4.039 0
      vertex -14.223 -2.303 0
    endloop
  endfacet
  facet normal 0 0 -1
    outer loop
      vertex -13.857 -3.568 0
      vertex -16.215 -3.269 0
      vertex -14.223 -2.303 0
    endloop
  endfacet
  facet normal 0 0 -1
    outer loop
      vertex -16.681 -3.456 0
      vertex -23.102 -0.454 0
      vertex -16.215 -3.269 0
    endloop
  endfacet
  facet normal 0 0 1
    outer loop
      vertex 7.813 34.751 12.5
      vertex 4.5 36.428 12.5
      vertex 7.831 34.74 12.5
    endloop
  endfacet
  facet normal 0 0 -1
    outer loop
      vertex -13.857 -3.568 0
      vertex -14.223 -2.303 0
      vertex -11.242 -4.039 0
    endloop
  endfacet
  facet normal 0 0 -1
    outer loop
      vertex -8.566 -3.351 0
      vertex -9.448 -4.826 0
      vertex -11.242 -4.039 0
    endloop
  endfacet
  facet normal 0 0 -1
    outer loop
      vertex -13.895 -5.271 0
      vertex -11.242 -4.039 0
      vertex -11.394 -5.705 0
    endloop
  endfacet
  facet normal 0 0 -1
    outer loop
      vertex -5.034 -3.775 0
      vertex -6.62 -4.872 0
      vertex -8.566 -3.351 0
    endloop
  endfacet
  facet normal 0 0 -1
    outer loop
      vertex -11.394 -5.705 0
      vertex -11.242 -4.039 0
      vertex -10.333 -5.116 0
    endloop
  endfacet
  facet normal 0 0 -1
    outer loop
      vertex -17.734 -8.71 0
      vertex -16.452 -6.275 0
      vertex -15.77 -7.951 0
    endloop
  endfacet
  facet normal 0 0 1
    outer loop
      vertex -42.88 9.605 12.5
      vertex -43.123 10.95 12.5
      vertex -43.571 9.62 12.5
    endloop
  endfacet
  facet normal 0 0 -1
    outer loop
      vertex -2.225 -7.226 0
      vertex -1.126 -6.502 0
      vertex -1.521 -8.488 0
    endloop
  endfacet
  facet normal 0 0 -1
    outer loop
      vertex -0.254 -7.987 0
      vertex -0.861 -10.015 0
      vertex -1.521 -8.488 0
    endloop
  endfacet
  facet normal 0 0 -1
    outer loop
      vertex 2.095 -7.842 0
      vertex 0.812 -9.829 0
      vertex -0.254 -7.987 0
    endloop
  endfacet
  facet normal 0 0 -1
    outer loop
      vertex -0.861 -10.015 0
      vertex 0.693 -9.942 0
      vertex 0.503 -14.324 0
    endloop
  endfacet
  facet normal 0 0 1
    outer loop
      vertex -44.509 10.809 12.5
      vertex -43.571 9.62 12.5
      vertex -43.123 10.95 12.5
    endloop
  endfacet
  facet normal -0.52809 -0.84919 -0.00011
    outer loop
      vertex 10.336 33.182 15
      vertex 7.813 34.751 15
      vertex 9.071 33.969 12.5
    endloop
  endfacet
  facet normal 0 0 1
    outer loop
      vertex -44.282 9.469 12.5
      vertex -43.571 9.62 12.5
      vertex -44.509 10.809 12.5
    endloop
  endfacet
  facet normal -0.45154 -0.89225 -0.00013
    outer loop
      vertex 4.027 36.667 15
      vertex 4.5 36.428 12.5
      vertex 7.813 34.751 15
    endloop
  endfacet
  facet normal 0 0 -1
    outer loop
      vertex -23.253 -1.613 0
      vertex -25.754 -1.142 0
      vertex -23.102 -0.454 0
    endloop
  endfacet
  facet normal 0 0 -1
    outer loop
      vertex -23.102 -0.454 0
      vertex -16.681 -3.456 0
      vertex -22.032 -1.934 0
    endloop
  endfacet
  facet normal 0 0 -1
    outer loop
      vertex -22.032 -1.934 0
      vertex -23.253 -1.613 0
      vertex -23.102 -0.454 0
    endloop
  endfacet
  facet normal 0 0 1
    outer loop
      vertex -42.205 9.423 12.5
      vertex -41.54 9.066 12.5
      vertex -41.687 10.558 12.5
    endloop
  endfacet
  facet normal 0 0 1
    outer loop
      vertex -40.274 9.714 12.5
      vertex -41.687 10.558 12.5
      vertex -41.54 9.066 12.5
    endloop
  endfacet
  facet normal 0 0 1
    outer loop
      vertex -42.88 9.605 12.5
      vertex -42.205 9.423 12.5
      vertex -41.687 10.558 12.5
    endloop
  endfacet
  facet normal 0 0 1
    outer loop
      vertex -41.687 10.558 12.5
      vertex -43.123 10.95 12.5
      vertex -42.88 9.605 12.5
    endloop
  endfacet
  facet normal 0 0 1
    outer loop
      vertex 4.027 36.667 12.5
      vertex 7.831 34.74 12.5
      vertex 4.5 36.428 12.5
    endloop
  endfacet
  facet normal 0 0 -1
    outer loop
      vertex -14.223 -2.303 0
      vertex -16.215 -3.269 0
      vertex -23.102 -0.454 0
    endloop
  endfacet
  facet normal 0 0 -1
    outer loop
      vertex -17.039 -3.894 0
      vertex -21.662 -2.446 0
      vertex -16.681 -3.456 0
    endloop
  endfacet
  facet normal 0 0 -1
    outer loop
      vertex -20.686 -4.226 0
      vertex -21.056 -3.858 0
      vertex -17.039 -3.894 0
    endloop
  endfacet
  facet normal 0 0 -1
    outer loop
      vertex -21.056 -3.858 0
      vertex -21.486 -3.111 0
      vertex -17.039 -3.894 0
    endloop
  endfacet
  facet normal 0 0 -1
    outer loop
      vertex -21.662 -2.446 0
      vertex -17.039 -3.894 0
      vertex -21.486 -3.111 0
    endloop
  endfacet
  facet normal 0 0 -1
    outer loop
      vertex -21.75 -2.157 0
      vertex -16.681 -3.456 0
      vertex -21.662 -2.446 0
    endloop
  endfacet
  facet normal 0 0 -1
    outer loop
      vertex -22.032 -1.934 0
      vertex -16.681 -3.456 0
      vertex -21.75 -2.157 0
    endloop
  endfacet
  facet normal 0 0 -1
    outer loop
      vertex -21.001 -5.907 0
      vertex -18.669 -6.357 0
      vertex -20.502 -8.839 0
    endloop
  endfacet
  facet normal 0 0 -1
    outer loop
      vertex -11.394 -5.705 0
      vertex -13.522 -6.892 0
      vertex -13.895 -5.271 0
    endloop
  endfacet
  facet normal 0 0 -1
    outer loop
      vertex -17.465 -6.402 0
      vertex -17.734 -8.71 0
      vertex -18.669 -6.357 0
    endloop
  endfacet
  facet normal -0.42303 -0.90612 0
    outer loop
      vertex -19.388 -27.253 0
      vertex -19.388 -27.253 12.5
      vertex -21.093 -26.457 0
    endloop
  endfacet
  facet normal 0.11808 -0.993 -0.00003
    outer loop
      vertex -16.384 34.612 2
      vertex -16.061 34.65 15
      vertex -18.483 34.362 15
    endloop
  endfacet
  facet normal 0.11827 -0.99298 0
    outer loop
      vertex -16.384 34.612 2
      vertex -18.483 34.362 15
      vertex -18.483 34.362 2
    endloop
  endfacet
  facet normal 0 0 1
    outer loop
      vertex -5.28 -46.602 12.5
      vertex -6.697 -45.692 12.5
      vertex -6.658 -47.208 12.5
    endloop
  endfacet
  facet normal 0.18196 -0.98331 0
    outer loop
      vertex -18.483 34.362 15
      vertex -20.904 33.914 15
      vertex -18.483 34.362 2
    endloop
  endfacet
  facet normal 0.43105 0.90233 0
    outer loop
      vertex -19.767 -25.66 0
      vertex -21.965 -24.61 0
      vertex -19.767 -25.66 12.5
    endloop
  endfacet
  facet normal -0.05063 0.99872 0
    outer loop
      vertex -16.384 35.78 2
      vertex -17.39 35.729 2
      vertex -17.39 35.729 15
    endloop
  endfacet
  facet normal -0.37757 -0.92598 0
    outer loop
      vertex -21.093 -26.457 12.5
      vertex -22.822 -25.752 0
      vertex -21.093 -26.457 0
    endloop
  endfacet
  facet normal 0 0 1
    outer loop
      vertex -6.697 -45.692 12.5
      vertex -5.28 -46.602 12.5
      vertex -5.445 -45.216 12.5
    endloop
  endfacet
  facet normal 0 0 1
    outer loop
      vertex -5.28 -46.602 12.5
      vertex -4.128 -46.348 12.5
      vertex -5.445 -45.216 12.5
    endloop
  endfacet
  facet normal 0 0 1
    outer loop
      vertex -3.077 -46.434 12.5
      vertex -3.976 -45.109 12.5
      vertex -4.128 -46.348 12.5
    endloop
  endfacet
  facet normal 0 0 1
    outer loop
      vertex -5.445 -45.216 12.5
      vertex -4.128 -46.348 12.5
      vertex -3.976 -45.109 12.5
    endloop
  endfacet
  facet normal 0 0 1
    outer loop
      vertex -12.937 33.09 2
      vertex -13.648 34.775 2
      vertex -16.46 32.872 2
    endloop
  endfacet
  facet normal 0 0 1
    outer loop
      vertex -16.384 35.78 2
      vertex -17.844 37.721 2
      vertex -17.39 35.729 2
    endloop
  endfacet
  facet normal 0 0 1
    outer loop
      vertex -17.39 35.729 2
      vertex -19.979 37.454 2
      vertex -21.738 35.037 2
    endloop
  endfacet
  facet normal 0.99612 0.08796 0
    outer loop
      vertex -23.462 -26.288 0
      vertex -23.499 -25.869 0
      vertex -23.462 -26.288 12.5
    endloop
  endfacet
  facet normal 0.21531 -0.97654 0
    outer loop
      vertex -4.128 -46.348 2
      vertex -4.128 -46.348 12.5
      vertex -5.28 -46.602 12.5
    endloop
  endfacet
  facet normal 0 0 -1
    outer loop
      vertex -17.039 -3.894 0
      vertex -17.397 -4.251 0
      vertex -19.034 -4.704 0
    endloop
  endfacet
  facet normal 0 0 -1
    outer loop
      vertex -20.199 -4.491 0
      vertex -17.039 -3.894 0
      vertex -19.034 -4.704 0
    endloop
  endfacet
  facet normal 0 0 -1
    outer loop
      vertex -17.874 -4.505 0
      vertex -19.034 -4.704 0
      vertex -17.397 -4.251 0
    endloop
  endfacet
  facet normal 0.92623 0.37695 0
    outer loop
      vertex -23.462 -26.288 12.5
      vertex -23.182 -26.976 12.5
      vertex -23.462 -26.288 0
    endloop
  endfacet
  facet normal -0.93131 -0.36422 0
    outer loop
      vertex -22.647 -30.187 0
      vertex -24.051 -26.597 12.5
      vertex -24.051 -26.597 0
    endloop
  endfacet
  facet normal 0 0 -1
    outer loop
      vertex -13.895 -5.271 0
      vertex -13.522 -6.892 0
      vertex -16.452 -6.275 0
    endloop
  endfacet
  facet normal 0 0 -1
    outer loop
      vertex -17.465 -6.402 0
      vertex -16.452 -6.275 0
      vertex -17.734 -8.71 0
    endloop
  endfacet
  facet normal 0 0 -1
    outer loop
      vertex -15.77 -7.951 0
      vertex -16.452 -6.275 0
      vertex -13.522 -6.892 0
    endloop
  endfacet
  facet normal 0 0 -1
    outer loop
      vertex -17.734 -8.71 0
      vertex -19.01 -9.001 0
      vertex -18.669 -6.357 0
    endloop
  endfacet
  facet normal -0.895 -0.44606 0
    outer loop
      vertex -20.326 -34.844 12.5
      vertex -22.647 -30.187 12.5
      vertex -20.326 -34.844 0
    endloop
  endfacet
  facet normal -0.09334 -0.99563 0
    outer loop
      vertex -4.096 -46.351 2
      vertex -4.128 -46.348 12.5
      vertex -4.128 -46.348 2
    endloop
  endfacet
  facet normal 0 0 -1
    outer loop
      vertex -20.199 -4.491 0
      vertex -20.686 -4.226 0
      vertex -17.039 -3.894 0
    endloop
  endfacet
  facet normal 0.76846 0.6399 0
    outer loop
      vertex -20.635 -31.28 12.5
      vertex -20.192 -31.812 12.5
      vertex -20.635 -31.28 0
    endloop
  endfacet
  facet normal 0 0 -1
    outer loop
      vertex -22.027 -8.331 0
      vertex -23.093 -7.755 0
      vertex -21.001 -5.907 0
    endloop
  endfacet
  facet normal 0 0 -1
    outer loop
      vertex -20.502 -8.839 0
      vertex -22.027 -8.331 0
      vertex -21.001 -5.907 0
    endloop
  endfacet
  facet normal 0 0 -1
    outer loop
      vertex -23.093 -4.981 0
      vertex -21.001 -5.907 0
      vertex -23.093 -7.755 0
    endloop
  endfacet
  facet normal 0.5423 0.84018 0
    outer loop
      vertex -19.862 -32.025 0
      vertex -20.192 -31.812 0
      vertex -19.862 -32.025 12.5
    endloop
  endfacet
  facet normal -0.35537 0.93472 0
    outer loop
      vertex -5.445 -45.216 2
      vertex -6.697 -45.692 2
      vertex -5.445 -45.216 12.5
    endloop
  endfacet
  facet normal 0 0 -1
    outer loop
      vertex -27.724 0.524 0
      vertex -23.102 -0.454 0
      vertex -25.754 -1.142 0
    endloop
  endfacet
  facet normal 0.32652 -0.94519 0
    outer loop
      vertex -1.653 -42 2
      vertex -2.918 -42.437 12.5
      vertex -2.918 -42.437 2
    endloop
  endfacet
  facet normal -0.69391 -0.72006 0
    outer loop
      vertex -1.884 37.246 2
      vertex 0.539 34.911 2
      vertex -1.884 37.246 15
    endloop
  endfacet
  facet normal 0.17093 -0.98528 0
    outer loop
      vertex -16.46 32.872 2
      vertex -20.224 32.219 0
      vertex -16.46 32.872 0
    endloop
  endfacet
  facet normal -0.41201 0.91118 0
    outer loop
      vertex -19.862 -32.025 12.5
      vertex -19.632 -31.921 12.5
      vertex -19.862 -32.025 0
    endloop
  endfacet
  facet normal -0.41201 0.91118 0
    outer loop
      vertex -19.632 -31.921 0
      vertex -19.862 -32.025 0
      vertex -19.632 -31.921 12.5
    endloop
  endfacet
  facet normal -0.09926 -0.99506 0
    outer loop
      vertex -6.115 -42.91 2
      vertex -6.115 -42.91 12.5
      vertex -8.13 -42.709 2
    endloop
  endfacet
  facet normal -0.09926 -0.99506 0
    outer loop
      vertex -8.13 -42.709 12.5
      vertex -8.13 -42.709 2
      vertex -6.115 -42.91 12.5
    endloop
  endfacet
  facet normal 0.06176 -0.99809 0
    outer loop
      vertex -12.937 33.09 0
      vertex -12.937 33.09 2
      vertex -16.46 32.872 0
    endloop
  endfacet
  facet normal 0.06176 -0.99809 0
    outer loop
      vertex -16.46 32.872 2
      vertex -16.46 32.872 0
      vertex -12.937 33.09 2
    endloop
  endfacet
  facet normal -0.94404 0.32984 0
    outer loop
      vertex -19.487 -31.506 0
      vertex -19.632 -31.921 0
      vertex -19.632 -31.921 12.5
    endloop
  endfacet
  facet normal -0.94404 0.32984 0
    outer loop
      vertex -19.487 -31.506 0
      vertex -19.632 -31.921 12.5
      vertex -19.487 -31.506 12.5
    endloop
  endfacet
  facet normal 0.03275 -0.99946 0
    outer loop
      vertex -6.115 -42.91 12.5
      vertex -6.115 -42.91 2
      vertex -4.65 -42.862 12.5
    endloop
  endfacet
  facet normal -0.99841 0.05635 0
    outer loop
      vertex -19.388 -29.752 0
      vertex -19.487 -31.506 0
      vertex -19.487 -31.506 12.5
    endloop
  endfacet
  facet normal 0.23831 -0.97119 0
    outer loop
      vertex -2.918 -42.437 12.5
      vertex -4.65 -42.862 12.5
      vertex -2.918 -42.437 2
    endloop
  endfacet
  facet normal 0.18196 -0.98331 0
    outer loop
      vertex -20.904 33.914 15
      vertex -20.904 33.914 2
      vertex -18.483 34.362 2
    endloop
  endfacet
  facet normal -0.43107 -0.90232 0
    outer loop
      vertex -18.1 -28.195 0
      vertex -15.069 -29.643 0
      vertex -15.069 -29.643 12.5
    endloop
  endfacet
  facet normal -0.15718 0.98757 0
    outer loop
      vertex -21.738 35.037 15
      vertex -17.39 35.729 15
      vertex -21.738 35.037 2
    endloop
  endfacet
  facet normal 0.32656 -0.94518 0.00001
    outer loop
      vertex -2.918 -42.437 12.5
      vertex -1.653 -42 2
      vertex -1.083 -41.803 12.5
    endloop
  endfacet
  facet normal 0.99204 0.12591 0
    outer loop
      vertex -17.883 -33.591 12.5
      vertex -17.883 -33.591 0
      vertex -18.214 -30.983 12.5
    endloop
  endfacet
  facet normal 0.81823 0.57489 0
    outer loop
      vertex -34.814 -29.706 15
      vertex -32.024 -33.677 15
      vertex -32.768 -32.618 2
    endloop
  endfacet
  facet normal 0 0 1
    outer loop
      vertex -27.455 35.909 2
      vertex -27.028 33.903 2
      vertex -22.503 36.94 2
    endloop
  endfacet
  facet normal 0 0 1
    outer loop
      vertex -24.282 -23.067 12.5
      vertex -24.617 -22.581 12.5
      vertex -24.051 -26.597 12.5
    endloop
  endfacet
  facet normal -0.072 0.9974 0
    outer loop
      vertex -31.239 33.244 2
      vertex -35.464 32.939 2
      vertex -31.239 33.244 15
    endloop
  endfacet
  facet normal -0.08155 -0.99667 0.00004
    outer loop
      vertex -3.077 -46.434 12.5
      vertex -4.128 -46.348 12.5
      vertex -4.096 -46.351 2
    endloop
  endfacet
  facet normal -0.15461 0.98798 0
    outer loop
      vertex -31.239 33.244 2
      vertex -31.239 33.244 15
      vertex -27.028 33.903 15
    endloop
  endfacet
  facet normal -0.15461 0.98798 0
    outer loop
      vertex -31.239 33.244 2
      vertex -27.028 33.903 15
      vertex -27.028 33.903 2
    endloop
  endfacet
  facet normal 0 0 1
    outer loop
      vertex -30.444 -32.478 2
      vertex -33.219 -28.564 2
      vertex -32.768 -32.618 2
    endloop
  endfacet
  facet normal 0 0 -1
    outer loop
      vertex -27.724 0.524 0
      vertex -25.754 -1.142 0
      vertex -26.465 -1.096 0
    endloop
  endfacet
  facet normal 0.91842 -0.39561 0
    outer loop
      vertex 11.302 -22.4 2
      vertex 12.204 -20.306 2
      vertex 11.302 -22.4 15
    endloop
  endfacet
  facet normal 0 0 -1
    outer loop
      vertex -26.095 -1.975 0
      vertex -29.126 -0.526 0
      vertex -26.465 -1.096 0
    endloop
  endfacet
  facet normal -0.90399 0.42756 0
    outer loop
      vertex 10.317 -21.386 12.5
      vertex 9.311 -23.513 12.5
      vertex 9.311 -23.513 15
    endloop
  endfacet
  facet normal -0.90399 0.42756 0
    outer loop
      vertex 10.317 -21.386 12.5
      vertex 9.311 -23.513 15
      vertex 10.317 -21.386 15
    endloop
  endfacet
  facet normal -0.45098 -0.89253 0
    outer loop
      vertex 4.027 36.667 12.5
      vertex 4.5 36.428 12.5
      vertex 4.027 36.667 15
    endloop
  endfacet
  facet normal 0 0 1
    outer loop
      vertex -31.489 35.252 2
      vertex -35.38 34.867 2
      vertex -31.239 33.244 2
    endloop
  endfacet
  facet normal -0.91436 0.4049 0
    outer loop
      vertex 11.231 -19.322 15
      vertex 10.317 -21.386 12.5
      vertex 10.317 -21.386 15
    endloop
  endfacet
  facet normal -0.91436 0.4049 0
    outer loop
      vertex 11.231 -19.322 12.5
      vertex 10.317 -21.386 12.5
      vertex 11.231 -19.322 15
    endloop
  endfacet
  facet normal -0.5745 -0.81851 0
    outer loop
      vertex -25.526 -6.14 2
      vertex -23.671 -7.442 12.5
      vertex -25.526 -6.14 12.5
    endloop
  endfacet
  facet normal 0 0 1
    outer loop
      vertex 11.296 -19.113 12.5
      vertex 10.279 -21.423 12.5
      vertex 11.231 -19.322 12.5
    endloop
  endfacet
  facet normal 0 0 1
    outer loop
      vertex 10.317 -21.386 12.5
      vertex 11.231 -19.322 12.5
      vertex 10.279 -21.423 12.5
    endloop
  endfacet
  facet normal 0 0 1
    outer loop
      vertex -27.455 35.909 2
      vertex -31.489 35.252 2
      vertex -31.239 33.244 2
    endloop
  endfacet
  facet normal 0 0 1
    outer loop
      vertex -31.239 33.244 2
      vertex -27.028 33.903 2
      vertex -27.455 35.909 2
    endloop
  endfacet
  facet normal 0 0 1
    outer loop
      vertex -21.738 35.037 2
      vertex -22.503 36.94 2
      vertex -27.028 33.903 2
    endloop
  endfacet
  facet normal -0.63441 -0.77299 0
    outer loop
      vertex -28.672 -3.558 2
      vertex -25.526 -6.14 2
      vertex -25.526 -6.14 12.5
    endloop
  endfacet
  facet normal 0 0 1
    outer loop
      vertex 10.279 -21.423 12.5
      vertex 9.275 -23.55 12.5
      vertex 9.311 -23.513 12.5
    endloop
  endfacet
  facet normal 0 0 1
    outer loop
      vertex 9.311 -23.513 12.5
      vertex 10.317 -21.386 12.5
      vertex 10.279 -21.423 12.5
    endloop
  endfacet
  facet normal -0.16075 0.987 0
    outer loop
      vertex -27.455 35.909 0
      vertex -31.489 35.252 0
      vertex -31.489 35.252 2
    endloop
  endfacet
  facet normal -0.16075 0.987 0
    outer loop
      vertex -27.455 35.909 0
      vertex -31.489 35.252 2
      vertex -27.455 35.909 2
    endloop
  endfacet
  facet normal 0.89726 -0.44151 0
    outer loop
      vertex -27.469 -7.587 12.5
      vertex -27.345 -7.335 2
      vertex -27.345 -7.335 12.5
    endloop
  endfacet
  facet normal -0.20383 0.97901 0
    outer loop
      vertex -27.455 35.909 2
      vertex -22.503 36.94 2
      vertex -27.455 35.909 0
    endloop
  endfacet
  facet normal -0.20383 0.97901 0
    outer loop
      vertex -22.503 36.94 0
      vertex -27.455 35.909 0
      vertex -22.503 36.94 2
    endloop
  endfacet
  facet normal -0.2096 0.97779 0
    outer loop
      vertex -21.738 35.037 15
      vertex -21.738 35.037 2
      vertex -27.028 33.903 15
    endloop
  endfacet
  facet normal -0.2096 0.97779 0
    outer loop
      vertex -27.028 33.903 2
      vertex -27.028 33.903 15
      vertex -21.738 35.037 2
    endloop
  endfacet
  facet normal 0 0 1
    outer loop
      vertex -26.152 32.856 2
      vertex -25.662 31.05 2
      vertex -20.904 33.914 2
    endloop
  endfacet
  facet normal -0.42033 -0.90737 0
    outer loop
      vertex 4.027 36.667 15
      vertex -2.149 39.528 15
      vertex 4.027 36.667 12.5
    endloop
  endfacet
  facet normal 0.81577 0.57838 0
    outer loop
      vertex -33.219 -28.564 2
      vertex -30.444 -32.478 2
      vertex -30.444 -32.478 0
    endloop
  endfacet
  facet normal 0.19762 -0.98028 0
    outer loop
      vertex -26.152 32.856 2
      vertex -20.904 33.914 2
      vertex -26.152 32.856 15
    endloop
  endfacet
  facet normal 0.19762 -0.98028 0
    outer loop
      vertex -20.904 33.914 2
      vertex -20.904 33.914 15
      vertex -26.152 32.856 15
    endloop
  endfacet
  facet normal -0.46217 0.88679 0
    outer loop
      vertex -31.841 -7.342 12.5
      vertex -32.455 -7.662 2
      vertex -32.455 -7.662 12.5
    endloop
  endfacet
  facet normal -0.47299 -0.88107 0
    outer loop
      vertex -42.205 9.423 0
      vertex -41.54 9.066 12.5
      vertex -42.205 9.423 12.5
    endloop
  endfacet
  facet normal 0.79172 0.61088 0
    outer loop
      vertex -30.444 -32.478 2
      vertex -27.414 -36.405 0
      vertex -30.444 -32.478 0
    endloop
  endfacet
  facet normal 0 0 1
    outer loop
      vertex -26.718 32.768 2
      vertex -25.662 31.05 2
      vertex -26.152 32.856 2
    endloop
  endfacet
  facet normal 0.15363 -0.98813 0
    outer loop
      vertex -26.152 32.856 15
      vertex -26.718 32.768 2
      vertex -26.152 32.856 2
    endloop
  endfacet
  facet normal -0.94628 -0.32335 0
    outer loop
      vertex -25.669 -21.862 12.5
      vertex -25.669 -21.862 0
      vertex -24.051 -26.597 12.5
    endloop
  endfacet
  facet normal -0.94628 -0.32335 0
    outer loop
      vertex -24.051 -26.597 0
      vertex -24.051 -26.597 12.5
      vertex -25.669 -21.862 0
    endloop
  endfacet
  facet normal -0.31052 -0.95057 0
    outer loop
      vertex 0 32.343 2
      vertex -2.149 33.045 15
      vertex -1.301 32.768 2
    endloop
  endfacet
  facet normal 0.48777 -0.87297 0
    outer loop
      vertex -27.852 -7.801 12.5
      vertex -27.852 -7.801 2
      vertex -27.469 -7.587 12.5
    endloop
  endfacet
  facet normal 0.79189 0.61067 0
    outer loop
      vertex -27.591 -7.016 12.5
      vertex -27.345 -7.335 12.5
      vertex -27.345 -7.335 2
    endloop
  endfacet
  facet normal 0 0 1
    outer loop
      vertex -34.506 -1.758 12.5
      vertex -35.037 -2.989 12.5
      vertex -34.154 -1.703 12.5
    endloop
  endfacet
  facet normal 0 0 -1
    outer loop
      vertex -27.724 0.524 0
      vertex -26.465 -1.096 0
      vertex -29.126 -0.526 0
    endloop
  endfacet
  facet normal -0.35643 -0.93432 0
    outer loop
      vertex -3.077 -46.434 2
      vertex -1.997 -46.846 2
      vertex -3.077 -46.434 12.5
    endloop
  endfacet
  facet normal -0.35643 -0.93432 0
    outer loop
      vertex -1.997 -46.846 12.5
      vertex -3.077 -46.434 12.5
      vertex -1.997 -46.846 2
    endloop
  endfacet
  facet normal 0.18829 0.98211 0
    outer loop
      vertex -27.591 -7.016 12.5
      vertex -28.316 -6.877 2
      vertex -28.316 -6.877 12.5
    endloop
  endfacet
  facet normal 0.90746 0.42013 0
    outer loop
      vertex -46.219 11.059 15
      vertex -46.219 11.059 12.5
      vertex -46.788 12.288 12.5
    endloop
  endfacet
  facet normal 0.90756 0.41993 -0.00012
    outer loop
      vertex -47.559 13.955 15
      vertex -46.219 11.059 15
      vertex -46.788 12.288 12.5
    endloop
  endfacet
  facet normal 0 0 -1
    outer loop
      vertex -29.126 -0.526 0
      vertex -26.095 -1.975 0
      vertex -29.323 -0.694 0
    endloop
  endfacet
  facet normal -0.98502 0.17245 0
    outer loop
      vertex 11.894 -17.172 2
      vertex 11.894 -17.172 15
      vertex 12.248 -15.15 12.5
    endloop
  endfacet
  facet normal 0.4155 0.90959 0
    outer loop
      vertex 5.803 39.592 0
      vertex -0.007 42.246 0
      vertex -0.007 42.246 2
    endloop
  endfacet
  facet normal -0.98493 0.17298 -0.0001
    outer loop
      vertex 11.894 -17.172 2
      vertex 12.248 -15.15 12.5
      vertex 11.943 -16.893 2
    endloop
  endfacet
  facet normal -0.63441 -0.773 0
    outer loop
      vertex -28.672 -3.558 2
      vertex -25.526 -6.14 12.5
      vertex -29.012 -3.279 12.5
    endloop
  endfacet
  facet normal -0.91523 0.40294 0
    outer loop
      vertex 11.296 -19.113 12.5
      vertex 11.296 -19.113 2
      vertex 10.279 -21.423 12.5
    endloop
  endfacet
  facet normal -0.90432 0.42686 0
    outer loop
      vertex 9.275 -23.55 2
      vertex 9.275 -23.55 12.5
      vertex 10.279 -21.423 12.5
    endloop
  endfacet
  facet normal 0 0 1
    outer loop
      vertex -47.578 14.105 12.5
      vertex -46.788 12.288 12.5
      vertex -45.684 10.592 12.5
    endloop
  endfacet
  facet normal 0 0 1
    outer loop
      vertex -46.219 11.059 12.5
      vertex -45.684 10.592 12.5
      vertex -46.788 12.288 12.5
    endloop
  endfacet
  facet normal -0.18507 -0.98273 0
    outer loop
      vertex -23.253 -1.613 0
      vertex -23.253 -1.613 12.5
      vertex -25.754 -1.142 0
    endloop
  endfacet
  facet normal 0.92167 0.38796 0
    outer loop
      vertex -26.465 -1.096 0
      vertex -26.465 -1.096 12.5
      vertex -26.095 -1.975 0
    endloop
  endfacet
  facet normal 0.92167 0.38796 0
    outer loop
      vertex -26.095 -1.975 12.5
      vertex -26.095 -1.975 0
      vertex -26.465 -1.096 12.5
    endloop
  endfacet
  facet normal -0.06456 -0.99791 0
    outer loop
      vertex -25.754 -1.142 0
      vertex -25.754 -1.142 12.5
      vertex -26.465 -1.096 0
    endloop
  endfacet
  facet normal -0.06456 -0.99791 0
    outer loop
      vertex -26.465 -1.096 12.5
      vertex -26.465 -1.096 0
      vertex -25.754 -1.142 12.5
    endloop
  endfacet
  facet normal 0 0 1
    outer loop
      vertex -46.219 11.059 12.5
      vertex -45.759 9.36 12.5
      vertex -45.684 10.592 12.5
    endloop
  endfacet
  facet normal 0 0 1
    outer loop
      vertex -45.759 9.36 12.5
      vertex -44.282 9.469 12.5
      vertex -45.684 10.592 12.5
    endloop
  endfacet
  facet normal 0.91842 -0.39561 0
    outer loop
      vertex 12.204 -20.306 15
      vertex 11.302 -22.4 15
      vertex 12.204 -20.306 2
    endloop
  endfacet
  facet normal 0.83805 0.54559 0
    outer loop
      vertex -25.526 -2.849 0
      vertex -26.095 -1.975 0
      vertex -25.526 -2.849 12.5
    endloop
  endfacet
  facet normal 0.94868 -0.31623 0
    outer loop
      vertex 12.204 -20.306 15
      vertex 12.204 -20.306 2
      vertex 12.864 -18.326 15
    endloop
  endfacet
  facet normal 0.94868 -0.31623 0
    outer loop
      vertex 12.864 -18.326 15
      vertex 12.204 -20.306 2
      vertex 12.864 -18.326 2
    endloop
  endfacet
  facet normal 0.7531 0.6579 0
    outer loop
      vertex -25.526 -2.849 12.5
      vertex -24.828 -3.648 12.5
      vertex -25.526 -2.849 0
    endloop
  endfacet
  facet normal 0.7531 0.6579 0
    outer loop
      vertex -24.828 -3.648 0
      vertex -25.526 -2.849 0
      vertex -24.828 -3.648 12.5
    endloop
  endfacet
  facet normal 0.97641 -0.21595 0
    outer loop
      vertex 12.864 -18.326 2
      vertex 13.282 -16.436 2
      vertex 12.864 -18.326 15
    endloop
  endfacet
  facet normal 0 0 1
    outer loop
      vertex 0 32.343 2
      vertex -1.301 32.768 2
      vertex -0.77 30.584 2
    endloop
  endfacet
  facet normal 0.60925 0.79298 0
    outer loop
      vertex -24.828 -3.648 12.5
      vertex -23.093 -4.981 0
      vertex -24.828 -3.648 0
    endloop
  endfacet
  facet normal 0.97641 -0.21595 0
    outer loop
      vertex 13.282 -16.436 15
      vertex 12.864 -18.326 15
      vertex 13.282 -16.436 2
    endloop
  endfacet
  facet normal 0 0 1
    outer loop
      vertex -3.026 31.36 2
      vertex -0.77 30.584 2
      vertex -1.301 32.768 2
    endloop
  endfacet
  facet normal 0 0 1
    outer loop
      vertex -1.301 32.768 2
      vertex -2.149 33.045 2
      vertex -3.026 31.36 2
    endloop
  endfacet
  facet normal 0 0 1
    outer loop
      vertex -2.149 33.045 2
      vertex -4.334 33.702 2
      vertex -3.026 31.36 2
    endloop
  endfacet
  facet normal -0.63595 -0.77173 0
    outer loop
      vertex -29.012 -3.279 2
      vertex -29.012 -3.279 12.5
      vertex -29.694 -2.717 12.5
    endloop
  endfacet
  facet normal -0.32527 -0.94562 0
    outer loop
      vertex -3.026 31.36 0
      vertex -0.77 30.584 0
      vertex -0.77 30.584 2
    endloop
  endfacet
  facet normal -0.32527 -0.94562 0
    outer loop
      vertex -3.026 31.36 0
      vertex -0.77 30.584 2
      vertex -3.026 31.36 2
    endloop
  endfacet
  facet normal 0.9955 -0.09481 0
    outer loop
      vertex 13.456 -14.609 2
      vertex 13.282 -16.436 15
      vertex 13.282 -16.436 2
    endloop
  endfacet
  facet normal -0.32413 -0.94601 0
    outer loop
      vertex -0.77 30.584 0
      vertex 0.593 30.117 0
      vertex -0.77 30.584 2
    endloop
  endfacet
  facet normal 0.84549 -0.53399 0.00037
    outer loop
      vertex -45.978 8.455 15
      vertex -46.155 8.173 12.5
      vertex -46.143 8.192 12.5
    endloop
  endfacet
  facet normal -0.27317 -0.96197 0
    outer loop
      vertex -6.051 32.219 0
      vertex -3.026 31.36 0
      vertex -3.026 31.36 2
    endloop
  endfacet
  facet normal -0.27317 -0.96197 0
    outer loop
      vertex -6.051 32.219 0
      vertex -3.026 31.36 2
      vertex -6.051 32.219 2
    endloop
  endfacet
  facet normal -0.82096 0.57099 0
    outer loop
      vertex -47.242 8.957 2
      vertex -47.692 8.31 15
      vertex -47.242 8.957 15
    endloop
  endfacet
  facet normal 0 0 1
    outer loop
      vertex 13.456 -14.609 2
      vertex 13.282 -16.436 2
      vertex 15.483 -15.239 2
    endloop
  endfacet
  facet normal 0 0 1
    outer loop
      vertex 14.893 -19.181 2
      vertex 15.296 -17.225 2
      vertex 12.864 -18.326 2
    endloop
  endfacet
  facet normal 0 0 1
    outer loop
      vertex 12.864 -18.326 2
      vertex 12.204 -20.306 2
      vertex 14.893 -19.181 2
    endloop
  endfacet
  facet normal 0 0 1
    outer loop
      vertex 14.274 -21.087 2
      vertex 14.893 -19.181 2
      vertex 12.204 -20.306 2
    endloop
  endfacet
  facet normal -0.07479 0.9972 0
    outer loop
      vertex -4.096 -45.118 2
      vertex -3.976 -45.109 12.5
      vertex -3.976 -45.109 2
    endloop
  endfacet
  facet normal -0.1852 -0.9827 0
    outer loop
      vertex -6.051 32.219 2
      vertex -9.516 32.872 0
      vertex -6.051 32.219 0
    endloop
  endfacet
  facet normal 0.39835 0.91723 0
    outer loop
      vertex -13.554 19.32 12.5
      vertex -13.554 19.32 0
      vertex -16.225 20.48 0
    endloop
  endfacet
  facet normal 0.39835 0.91723 0
    outer loop
      vertex -13.554 19.32 12.5
      vertex -16.225 20.48 0
      vertex -16.225 20.48 12.5
    endloop
  endfacet
  facet normal -0.95451 0.29819 0
    outer loop
      vertex -47.242 8.957 2
      vertex -47.242 8.957 15
      vertex -47.048 9.578 15
    endloop
  endfacet
  facet normal 0 0 1
    outer loop
      vertex -32.744 -3.066 12.5
      vertex -32.65 -1.83 12.5
      vertex -33.933 -1.513 12.5
    endloop
  endfacet
  facet normal 0 0 1
    outer loop
      vertex -33.786 -0.563 12.5
      vertex -33.933 -1.513 12.5
      vertex -32.65 -1.83 12.5
    endloop
  endfacet
  facet normal 0 0 1
    outer loop
      vertex -11.921 16.816 12.5
      vertex -13.554 19.32 12.5
      vertex -14.225 18.166 12.5
    endloop
  endfacet
  facet normal 0 0 1
    outer loop
      vertex -13.554 19.32 12.5
      vertex -11.921 16.816 12.5
      vertex -11.203 17.943 12.5
    endloop
  endfacet
  facet normal 0 0 1
    outer loop
      vertex -16.225 20.48 12.5
      vertex -14.225 18.166 12.5
      vertex -13.554 19.32 12.5
    endloop
  endfacet
  facet normal 0 0 1
    outer loop
      vertex -33.433 1.123 12.5
      vertex -33.786 -0.563 12.5
      vertex -32.343 0.116 12.5
    endloop
  endfacet
  facet normal -0.42033 -0.90737 0
    outer loop
      vertex 4.027 36.667 12.5
      vertex -2.149 39.528 15
      vertex -2.149 39.528 2
    endloop
  endfacet
  facet normal 0.5054 0.86289 0
    outer loop
      vertex -11.203 17.943 12.5
      vertex -11.203 17.943 0
      vertex -13.554 19.32 0
    endloop
  endfacet
  facet normal 0.5054 0.86289 0
    outer loop
      vertex -11.203 17.943 12.5
      vertex -13.554 19.32 0
      vertex -13.554 19.32 12.5
    endloop
  endfacet
  facet normal 0 0 1
    outer loop
      vertex -33.933 -1.513 12.5
      vertex -34.154 -1.703 12.5
      vertex -32.744 -3.066 12.5
    endloop
  endfacet
  facet normal 0.90911 0.41656 0
    outer loop
      vertex -0.592 -46.161 2
      vertex -0.592 -46.161 12.5
      vertex -0.444 -46.484 12.5
    endloop
  endfacet
  facet normal -0.50555 -0.8628 0
    outer loop
      vertex -14.225 18.166 0
      vertex -11.921 16.816 0
      vertex -11.921 16.816 12.5
    endloop
  endfacet
  facet normal -0.50555 -0.8628 0
    outer loop
      vertex -14.225 18.166 0
      vertex -11.921 16.816 12.5
      vertex -14.225 18.166 12.5
    endloop
  endfacet
  facet normal 0.42289 0.90618 0
    outer loop
      vertex 4.785 37.753 2
      vertex 4.5 37.886 2
      vertex 4.785 37.753 15
    endloop
  endfacet
  facet normal 0.63248 0.77457 0
    outer loop
      vertex -11.203 17.943 0
      vertex -11.203 17.943 12.5
      vertex -9.186 16.296 12.5
    endloop
  endfacet
  facet normal 0.6 0.8 0
    outer loop
      vertex -0.592 -46.161 2
      vertex -0.996 -45.858 12.5
      vertex -0.592 -46.161 12.5
    endloop
  endfacet
  facet normal 0.15368 -0.98812 0
    outer loop
      vertex -26.152 32.856 15
      vertex -30.325 32.207 15
      vertex -26.718 32.768 2
    endloop
  endfacet
  facet normal 0.70483 0.70938 -0.00001
    outer loop
      vertex 0.503 36.884 15
      vertex 2.216 35.182 15
      vertex 0.523 36.864 2
    endloop
  endfacet
  facet normal 0.15368 -0.98812 0
    outer loop
      vertex -26.718 32.768 2
      vertex -30.325 32.207 15
      vertex -30.325 32.207 2
    endloop
  endfacet
  facet normal 0 0 1
    outer loop
      vertex -36.59 -2.27 12.5
      vertex -35.998 -2.641 12.5
      vertex -35.261 -1.568 12.5
    endloop
  endfacet
  facet normal 0 0 1
    outer loop
      vertex -35.998 -2.641 12.5
      vertex -35.037 -2.989 12.5
      vertex -35.261 -1.568 12.5
    endloop
  endfacet
  facet normal 0 0 1
    outer loop
      vertex -20.224 32.219 2
      vertex -20.904 33.914 2
      vertex -25.662 31.05 2
    endloop
  endfacet
  facet normal 0.84709 -0.53145 0
    outer loop
      vertex -45.978 8.455 12.5
      vertex -45.978 8.455 15
      vertex -46.143 8.192 12.5
    endloop
  endfacet
  facet normal 0 0 1
    outer loop
      vertex -25.662 31.05 2
      vertex -26.718 32.768 2
      vertex -29.994 30.394 2
    endloop
  endfacet
  facet normal 0 0 1
    outer loop
      vertex -16.384 34.612 2
      vertex -18.483 34.362 2
      vertex -16.46 32.872 2
    endloop
  endfacet
  facet normal 0 0 1
    outer loop
      vertex -20.224 32.219 2
      vertex -16.46 32.872 2
      vertex -18.483 34.362 2
    endloop
  endfacet
  facet normal 0 0 1
    outer loop
      vertex -18.483 34.362 2
      vertex -20.904 33.914 2
      vertex -20.224 32.219 2
    endloop
  endfacet
  facet normal 0.97195 -0.2352 -0.00013
    outer loop
      vertex -45.759 9.36 15
      vertex -45.978 8.455 15
      vertex -45.958 8.539 12.5
    endloop
  endfacet
  facet normal 0.97186 -0.23557 0
    outer loop
      vertex -45.759 9.36 12.5
      vertex -45.759 9.36 15
      vertex -45.958 8.539 12.5
    endloop
  endfacet
  facet normal 0 0 1
    outer loop
      vertex -30.325 32.207 2
      vertex -34.475 31.851 2
      vertex -29.994 30.394 2
    endloop
  endfacet
  facet normal 0 0 1
    outer loop
      vertex -30.325 32.207 2
      vertex -29.994 30.394 2
      vertex -26.718 32.768 2
    endloop
  endfacet
  facet normal 0.21017 -0.97767 0
    outer loop
      vertex -25.662 31.05 2
      vertex -25.662 31.05 0
      vertex -20.224 32.219 0
    endloop
  endfacet
  facet normal 0.21017 -0.97767 0
    outer loop
      vertex -25.662 31.05 2
      vertex -20.224 32.219 0
      vertex -20.224 32.219 2
    endloop
  endfacet
  facet normal 0.0634 -0.99799 0
    outer loop
      vertex -29.994 30.394 0
      vertex -29.994 30.394 2
      vertex -34.559 30.104 2
    endloop
  endfacet
  facet normal 0.97281 -0.23162 0
    outer loop
      vertex -45.958 8.539 12.5
      vertex -45.978 8.455 15
      vertex -45.978 8.455 12.5
    endloop
  endfacet
  facet normal 0.92402 -0.38235 0
    outer loop
      vertex -32.768 -3.124 2
      vertex -32.744 -3.066 2
      vertex -32.744 -3.066 12.5
    endloop
  endfacet
  facet normal 0.14972 -0.98873 0
    outer loop
      vertex -25.662 31.05 2
      vertex -29.994 30.394 2
      vertex -29.994 30.394 0
    endloop
  endfacet
  facet normal 0.14972 -0.98873 0
    outer loop
      vertex -25.662 31.05 2
      vertex -29.994 30.394 0
      vertex -25.662 31.05 0
    endloop
  endfacet
  facet normal 0.96525 0.26134 0
    outer loop
      vertex -45.759 9.36 12.5
      vertex -46.219 11.059 12.5
      vertex -45.759 9.36 15
    endloop
  endfacet
  facet normal 0.96525 0.26134 0
    outer loop
      vertex -46.219 11.059 15
      vertex -45.759 9.36 15
      vertex -46.219 11.059 12.5
    endloop
  endfacet
  facet normal 0.17093 -0.98528 0
    outer loop
      vertex -20.224 32.219 2
      vertex -20.224 32.219 0
      vertex -16.46 32.872 2
    endloop
  endfacet
  facet normal 0 0 1
    outer loop
      vertex -35.261 -1.568 12.5
      vertex -35.776 -0.974 12.5
      vertex -36.59 -2.27 12.5
    endloop
  endfacet
  facet normal 0 0 1
    outer loop
      vertex -46.143 8.192 12.5
      vertex -45.348 8.935 12.5
      vertex -45.978 8.455 12.5
    endloop
  endfacet
  facet normal 0 0 1
    outer loop
      vertex -14.225 18.166 12.5
      vertex -16.225 20.48 12.5
      vertex -16.745 19.304 12.5
    endloop
  endfacet
  facet normal 0 0 1
    outer loop
      vertex -16.225 20.48 12.5
      vertex -18.891 21.27 12.5
      vertex -16.745 19.304 12.5
    endloop
  endfacet
  facet normal 0 0 1
    outer loop
      vertex -45.759 9.36 12.5
      vertex -45.348 8.935 12.5
      vertex -44.282 9.469 12.5
    endloop
  endfacet
  facet normal -0.19168 -0.98146 0
    outer loop
      vertex -21.457 20.521 12.5
      vertex -21.457 20.521 0
      vertex -19.199 20.08 0
    endloop
  endfacet
  facet normal -0.19168 -0.98146 0
    outer loop
      vertex -21.457 20.521 12.5
      vertex -19.199 20.08 0
      vertex -19.199 20.08 12.5
    endloop
  endfacet
  facet normal -0.3015 -0.95347 0
    outer loop
      vertex -19.199 20.08 12.5
      vertex -19.199 20.08 0
      vertex -16.745 19.304 0
    endloop
  endfacet
  facet normal -0.3015 -0.95347 0
    outer loop
      vertex -19.199 20.08 12.5
      vertex -16.745 19.304 0
      vertex -16.745 19.304 12.5
    endloop
  endfacet
  facet normal 0 0 1
    outer loop
      vertex -44.509 10.809 12.5
      vertex -45.684 10.592 12.5
      vertex -44.282 9.469 12.5
    endloop
  endfacet
  facet normal -0.41157 -0.91138 0
    outer loop
      vertex -16.745 19.304 12.5
      vertex -16.745 19.304 0
      vertex -14.225 18.166 0
    endloop
  endfacet
  facet normal -0.41157 -0.91138 0
    outer loop
      vertex -16.745 19.304 12.5
      vertex -14.225 18.166 0
      vertex -14.225 18.166 12.5
    endloop
  endfacet
  facet normal -0.1081 -0.99414 0
    outer loop
      vertex -21.457 20.521 0
      vertex -21.457 20.521 12.5
      vertex -23.655 20.76 12.5
    endloop
  endfacet
  facet normal -0.1081 -0.99414 0
    outer loop
      vertex -21.457 20.521 0
      vertex -23.655 20.76 12.5
      vertex -23.655 20.76 0
    endloop
  endfacet
  facet normal 0 0 1
    outer loop
      vertex -45.978 8.455 12.5
      vertex -45.348 8.935 12.5
      vertex -45.958 8.539 12.5
    endloop
  endfacet
  facet normal 0 0 1
    outer loop
      vertex -45.759 9.36 12.5
      vertex -45.958 8.539 12.5
      vertex -45.348 8.935 12.5
    endloop
  endfacet
  facet normal 0 0 1
    outer loop
      vertex 12.864 -18.326 2
      vertex 15.296 -17.225 2
      vertex 13.282 -16.436 2
    endloop
  endfacet
  facet normal 0 0 1
    outer loop
      vertex 15.296 -17.225 2
      vertex 15.483 -15.239 2
      vertex 13.282 -16.436 2
    endloop
  endfacet
  facet normal -0.76781 0.64067 0
    outer loop
      vertex -30.59 -1.952 2
      vertex -30.59 -1.952 12.5
      vertex -30.076 -1.336 2
    endloop
  endfacet
  facet normal 0 0 1
    outer loop
      vertex -21.721 21.728 12.5
      vertex -21.457 20.521 12.5
      vertex -18.891 21.27 12.5
    endloop
  endfacet
  facet normal 0 0 1
    outer loop
      vertex -21.721 21.728 12.5
      vertex -24.882 21.891 12.5
      vertex -23.655 20.76 12.5
    endloop
  endfacet
  facet normal 0 0 1
    outer loop
      vertex -23.655 20.76 12.5
      vertex -21.457 20.521 12.5
      vertex -21.721 21.728 12.5
    endloop
  endfacet
  facet normal 0 0 1
    outer loop
      vertex -21.457 20.521 12.5
      vertex -19.199 20.08 12.5
      vertex -18.891 21.27 12.5
    endloop
  endfacet
  facet normal 0 0 1
    outer loop
      vertex -19.199 20.08 12.5
      vertex -16.745 19.304 12.5
      vertex -18.891 21.27 12.5
    endloop
  endfacet
  facet normal 0 0 1
    outer loop
      vertex -32.744 -3.066 12.5
      vertex -34.154 -1.703 12.5
      vertex -35.037 -2.989 12.5
    endloop
  endfacet
  facet normal 0 0 1
    outer loop
      vertex -32.953 -3.568 12.5
      vertex -32.744 -3.066 12.5
      vertex -35.037 -2.989 12.5
    endloop
  endfacet
  facet normal 0 0 1
    outer loop
      vertex -34.506 -1.758 12.5
      vertex -35.261 -1.568 12.5
      vertex -35.037 -2.989 12.5
    endloop
  endfacet
  facet normal -0.76781 0.64067 0
    outer loop
      vertex -30.076 -1.336 12.5
      vertex -30.076 -1.336 2
      vertex -30.59 -1.952 12.5
    endloop
  endfacet
  facet normal 0.28411 0.95879 0
    outer loop
      vertex -18.891 21.27 12.5
      vertex -16.225 20.48 12.5
      vertex -18.891 21.27 0
    endloop
  endfacet
  facet normal 0.28411 0.95879 0
    outer loop
      vertex -16.225 20.48 0
      vertex -18.891 21.27 0
      vertex -16.225 20.48 12.5
    endloop
  endfacet
  facet normal 0.15976 0.98716 0
    outer loop
      vertex -18.891 21.27 0
      vertex -21.721 21.728 0
      vertex -21.721 21.728 12.5
    endloop
  endfacet
  facet normal 0.15976 0.98716 0
    outer loop
      vertex -18.891 21.27 0
      vertex -21.721 21.728 12.5
      vertex -18.891 21.27 12.5
    endloop
  endfacet
  facet normal -0.98521 0.17134 0
    outer loop
      vertex -30.59 -1.952 2
      vertex -30.594 -1.975 2
      vertex -30.59 -1.952 12.5
    endloop
  endfacet
  facet normal -0.59945 0.80041 0
    outer loop
      vertex -27.724 0.524 12.5
      vertex -27.724 0.524 0
      vertex -29.126 -0.526 12.5
    endloop
  endfacet
  facet normal 0.70711 0.70711 0
    outer loop
      vertex 0.523 36.864 2
      vertex 0.503 36.884 2
      vertex 0.503 36.884 15
    endloop
  endfacet
  facet normal 0 0 1
    outer loop
      vertex -25.754 20.801 12.5
      vertex -23.655 20.76 12.5
      vertex -24.882 21.891 12.5
    endloop
  endfacet
  facet normal 0.45362 0.8912 0.00001
    outer loop
      vertex 8.785 35.717 15
      vertex 8.192 36.019 2
      vertex 4.785 37.753 15
    endloop
  endfacet
  facet normal 0.45358 0.89121 0
    outer loop
      vertex 4.785 37.753 15
      vertex 8.192 36.019 2
      vertex 4.785 37.753 2
    endloop
  endfacet
  facet normal 0 0 1
    outer loop
      vertex -30.684 21.239 12.5
      vertex -29.483 20.313 12.5
      vertex -28.065 21.741 12.5
    endloop
  endfacet
  facet normal 0 0 1
    outer loop
      vertex -27.71 20.651 12.5
      vertex -25.754 20.801 12.5
      vertex -28.065 21.741 12.5
    endloop
  endfacet
  facet normal 0 0 1
    outer loop
      vertex -24.882 21.891 12.5
      vertex -28.065 21.741 12.5
      vertex -25.754 20.801 12.5
    endloop
  endfacet
  facet normal -0.52803 -0.84923 0
    outer loop
      vertex 7.831 34.74 2
      vertex 9.071 33.969 2
      vertex 7.831 34.74 12.5
    endloop
  endfacet
  facet normal 0.0515 0.99867 0
    outer loop
      vertex -24.882 21.891 0
      vertex -24.882 21.891 12.5
      vertex -21.721 21.728 12.5
    endloop
  endfacet
  facet normal -0.01953 -0.99981 0
    outer loop
      vertex -23.655 20.76 0
      vertex -23.655 20.76 12.5
      vertex -25.754 20.801 12.5
    endloop
  endfacet
  facet normal -0.18825 0.98212 0
    outer loop
      vertex -30.684 21.239 12.5
      vertex -28.065 21.741 0
      vertex -30.684 21.239 0
    endloop
  endfacet
  facet normal -0.18825 0.98212 0
    outer loop
      vertex -28.065 21.741 12.5
      vertex -28.065 21.741 0
      vertex -30.684 21.239 12.5
    endloop
  endfacet
  facet normal -0.98678 0.16209 -0.00004
    outer loop
      vertex -30.655 -2.344 12.5
      vertex -30.594 -1.975 2
      vertex -30.651 -2.322 2
    endloop
  endfacet
  facet normal -0.04707 0.99889 0
    outer loop
      vertex -28.065 21.741 12.5
      vertex -24.882 21.891 12.5
      vertex -28.065 21.741 0
    endloop
  endfacet
  facet normal -0.04707 0.99889 0
    outer loop
      vertex -24.882 21.891 0
      vertex -28.065 21.741 0
      vertex -24.882 21.891 12.5
    endloop
  endfacet
  facet normal -0.38404 0.92332 0
    outer loop
      vertex -30.684 21.239 0
      vertex -32.742 20.383 12.5
      vertex -30.684 21.239 12.5
    endloop
  endfacet
  facet normal 0 0 1
    outer loop
      vertex -27.71 20.651 12.5
      vertex -28.065 21.741 12.5
      vertex -29.483 20.313 12.5
    endloop
  endfacet
  facet normal 0 0 1
    outer loop
      vertex -30.684 21.239 12.5
      vertex -31.033 19.795 12.5
      vertex -29.483 20.313 12.5
    endloop
  endfacet
  facet normal -0.52803 -0.84923 0
    outer loop
      vertex 9.071 33.969 12.5
      vertex 7.831 34.74 12.5
      vertex 9.071 33.969 2
    endloop
  endfacet
  facet normal -0.4519 -0.89207 0.00003
    outer loop
      vertex 4.5 36.427 2
      vertex 7.831 34.74 12.5
      vertex 4.027 36.667 12.5
    endloop
  endfacet
  facet normal 0 0 -1
    outer loop
      vertex -29.323 -0.694 0
      vertex -26.095 -1.975 0
      vertex -32.21 -5.664 0
    endloop
  endfacet
  facet normal 0 0 1
    outer loop
      vertex -32.65 -1.83 2
      vertex -30.59 -1.952 2
      vertex -32.361 0 2
    endloop
  endfacet
  facet normal 0 0 1
    outer loop
      vertex -30.076 -1.336 2
      vertex -29.421 -0.778 2
      vertex -32.361 0 2
    endloop
  endfacet
  facet normal 0 0 1
    outer loop
      vertex -30.076 -1.336 2
      vertex -32.361 0 2
      vertex -30.59 -1.952 2
    endloop
  endfacet
  facet normal 0 0 1
    outer loop
      vertex -29.323 -0.694 2
      vertex -31.699 1.667 2
      vertex -29.421 -0.778 2
    endloop
  endfacet
  facet normal 0.9511 -0.30888 0
    outer loop
      vertex 14.274 -21.087 2
      vertex 14.893 -19.181 0
      vertex 14.893 -19.181 2
    endloop
  endfacet
  facet normal -0.42032 -0.90738 -0.00001
    outer loop
      vertex 4.027 36.667 12.5
      vertex -2.149 39.528 2
      vertex 3.602 36.864 2
    endloop
  endfacet
  facet normal 0.97943 -0.20179 0
    outer loop
      vertex 14.893 -19.181 0
      vertex 15.296 -17.225 0
      vertex 15.296 -17.225 2
    endloop
  endfacet
  facet normal 0.97943 -0.20179 0
    outer loop
      vertex 14.893 -19.181 0
      vertex 15.296 -17.225 2
      vertex 14.893 -19.181 2
    endloop
  endfacet
  facet normal 0.99712 -0.07583 0
    outer loop
      vertex -32.65 -1.83 12.5
      vertex -32.744 -3.066 2
      vertex -32.65 -1.83 2
    endloop
  endfacet
  facet normal 0.9956 -0.09374 0
    outer loop
      vertex 15.296 -17.225 0
      vertex 15.483 -15.239 0
      vertex 15.483 -15.239 2
    endloop
  endfacet
  facet normal 0.9956 -0.09374 0
    outer loop
      vertex 15.296 -17.225 0
      vertex 15.483 -15.239 2
      vertex 15.296 -17.225 2
    endloop
  endfacet
  facet normal 0 0 -1
    outer loop
      vertex -23.093 -7.755 0
      vertex -32.21 -5.664 0
      vertex -23.093 -4.981 0
    endloop
  endfacet
  facet normal -0.95567 0.29443 0
    outer loop
      vertex 11.894 -17.172 15
      vertex 11.894 -17.172 2
      vertex 11.296 -19.113 12.5
    endloop
  endfacet
  facet normal -0.95567 0.29443 0
    outer loop
      vertex 11.296 -19.113 2
      vertex 11.296 -19.113 12.5
      vertex 11.894 -17.172 2
    endloop
  endfacet
  facet normal 0 0 1
    outer loop
      vertex -30.59 -1.952 2
      vertex -32.65 -1.83 2
      vertex -30.594 -1.975 2
    endloop
  endfacet
  facet normal 0 0 -1
    outer loop
      vertex -25.526 -2.849 0
      vertex -32.21 -5.664 0
      vertex -26.095 -1.975 0
    endloop
  endfacet
  facet normal -0.69391 -0.72006 0
    outer loop
      vertex 0.539 34.911 15
      vertex -1.884 37.246 15
      vertex 0.539 34.911 2
    endloop
  endfacet
  facet normal 0.348 0.93749 0
    outer loop
      vertex 0.39 33.516 15
      vertex 1.675 33.039 15
      vertex 0.39 33.516 2
    endloop
  endfacet
  facet normal -0.98506 0.17224 0.00002
    outer loop
      vertex 11.943 -16.893 2
      vertex 12.248 -15.15 12.5
      vertex 12.032 -16.384 2
    endloop
  endfacet
  facet normal 0.72173 0.69217 0
    outer loop
      vertex -31.665 1.748 0
      vertex -29.323 -0.694 2
      vertex -29.323 -0.694 0
    endloop
  endfacet
  facet normal -0.76343 -0.64589 0
    outer loop
      vertex 0.539 34.911 15
      vertex 0.539 34.911 2
      vertex 1.726 33.508 15
    endloop
  endfacet
  facet normal 0 0 1
    outer loop
      vertex 11.943 -16.893 2
      vertex 10.04 -16.719 2
      vertex 11.894 -17.172 2
    endloop
  endfacet
  facet normal 0 0 1
    outer loop
      vertex 11.296 -19.113 2
      vertex 11.894 -17.172 2
      vertex 10.04 -16.719 2
    endloop
  endfacet
  facet normal 0 0 1
    outer loop
      vertex 10.307 -14.853 2
      vertex 10.04 -16.719 2
      vertex 12.032 -16.384 2
    endloop
  endfacet
  facet normal 0 0 1
    outer loop
      vertex 10.04 -16.719 2
      vertex 9.431 -18.714 2
      vertex 11.296 -19.113 2
    endloop
  endfacet
  facet normal 0 0 1
    outer loop
      vertex 12.032 -16.384 2
      vertex 10.04 -16.719 2
      vertex 11.943 -16.893 2
    endloop
  endfacet
  facet normal 0 0 -1
    outer loop
      vertex -24.828 -3.648 0
      vertex -23.093 -4.981 0
      vertex -32.21 -5.664 0
    endloop
  endfacet
  facet normal 0 0 1
    outer loop
      vertex 11.302 -22.4 2
      vertex 13.441 -22.916 2
      vertex 12.204 -20.306 2
    endloop
  endfacet
  facet normal -0.48441 0.87484 0
    outer loop
      vertex -6.697 -45.692 12.5
      vertex -6.697 -45.692 2
      vertex -7.898 -46.357 12.5
    endloop
  endfacet
  facet normal -0.95643 0.29196 0
    outer loop
      vertex 10.04 -16.719 0
      vertex 9.431 -18.714 0
      vertex 9.431 -18.714 2
    endloop
  endfacet
  facet normal -0.95643 0.29196 0
    outer loop
      vertex 10.04 -16.719 0
      vertex 9.431 -18.714 2
      vertex 10.04 -16.719 2
    endloop
  endfacet
  facet normal -0.98992 0.14164 0
    outer loop
      vertex 10.04 -16.719 2
      vertex 10.307 -14.853 2
      vertex 10.04 -16.719 0
    endloop
  endfacet
  facet normal -0.98992 0.14164 0
    outer loop
      vertex 10.307 -14.853 0
      vertex 10.04 -16.719 0
      vertex 10.307 -14.853 2
    endloop
  endfacet
  facet normal 0 0 1
    outer loop
      vertex 14.274 -21.087 2
      vertex 12.204 -20.306 2
      vertex 13.441 -22.916 2
    endloop
  endfacet
  facet normal -0.95451 0.29819 0
    outer loop
      vertex -47.048 9.578 2
      vertex -47.242 8.957 2
      vertex -47.048 9.578 15
    endloop
  endfacet
  facet normal 0.90404 -0.42745 0
    outer loop
      vertex 12.432 -25.05 2
      vertex 13.441 -22.916 0
      vertex 13.441 -22.916 2
    endloop
  endfacet
  facet normal -0.94496 -0.3272 0
    outer loop
      vertex -47.557 11.048 15
      vertex -47.557 11.048 2
      vertex -47.048 9.578 15
    endloop
  endfacet
  facet normal 0.91006 -0.41448 0
    outer loop
      vertex 13.441 -22.916 0
      vertex 14.274 -21.087 0
      vertex 14.274 -21.087 2
    endloop
  endfacet
  facet normal 0.91006 -0.41448 0
    outer loop
      vertex 13.441 -22.916 0
      vertex 14.274 -21.087 2
      vertex 13.441 -22.916 2
    endloop
  endfacet
  facet normal 0.9511 -0.30888 0
    outer loop
      vertex 14.274 -21.087 0
      vertex 14.893 -19.181 0
      vertex 14.274 -21.087 2
    endloop
  endfacet
  facet normal -0.07265 0.99736 -0.00002
    outer loop
      vertex -3.976 -45.109 12.5
      vertex -4.096 -45.118 2
      vertex -5.445 -45.216 12.5
    endloop
  endfacet
  facet normal 0.91246 -0.40917 0
    outer loop
      vertex 11.302 -22.4 2
      vertex 11.302 -22.4 15
      vertex 9.028 -27.471 2
    endloop
  endfacet
  facet normal 0 0 -1
    outer loop
      vertex -24.087 -14.578 0
      vertex -23.102 -13.89 0
      vertex -23.334 -15.388 0
    endloop
  endfacet
  facet normal 0 0 -1
    outer loop
      vertex -24.347 -14.229 0
      vertex -23.102 -13.89 0
      vertex -24.087 -14.578 0
    endloop
  endfacet
  facet normal -0.92773 0.37326 0
    outer loop
      vertex 9.275 -23.55 12.5
      vertex 9.275 -23.55 2
      vertex 9.172 -23.806 2
    endloop
  endfacet
  facet normal -0.91523 0.40294 0
    outer loop
      vertex 10.279 -21.423 12.5
      vertex 11.296 -19.113 2
      vertex 10.279 -21.423 2
    endloop
  endfacet
  facet normal -0.90432 0.42686 0
    outer loop
      vertex 9.275 -23.55 2
      vertex 10.279 -21.423 12.5
      vertex 10.279 -21.423 2
    endloop
  endfacet
  facet normal 0 0 -1
    outer loop
      vertex -20.502 -8.839 0
      vertex -18.669 -6.357 0
      vertex -19.01 -9.001 0
    endloop
  endfacet
  facet normal 0 0 1
    outer loop
      vertex -4.096 -45.118 2
      vertex -3.976 -45.109 2
      vertex -4.65 -42.862 2
    endloop
  endfacet
  facet normal 0 0 1
    outer loop
      vertex -5.445 -45.216 2
      vertex -4.096 -45.118 2
      vertex -4.65 -42.862 2
    endloop
  endfacet
  facet normal -0.92823 0.372 0.00004
    outer loop
      vertex 8.225 -26.17 12.5
      vertex 9.275 -23.55 12.5
      vertex 9.172 -23.806 2
    endloop
  endfacet
  facet normal 0 1 0
    outer loop
      vertex -1.653 -42 2
      vertex 1.844 -42 2
      vertex -1.653 -42 0
    endloop
  endfacet
  facet normal 0 1 0
    outer loop
      vertex 1.844 -42 0
      vertex -1.653 -42 0
      vertex 1.844 -42 2
    endloop
  endfacet
  facet normal 0 0 1
    outer loop
      vertex -32.316 19.1 12.5
      vertex -31.033 19.795 12.5
      vertex -32.742 20.383 12.5
    endloop
  endfacet
  facet normal 0 0 1
    outer loop
      vertex -30.684 21.239 12.5
      vertex -32.742 20.383 12.5
      vertex -31.033 19.795 12.5
    endloop
  endfacet
  facet normal 0 0 1
    outer loop
      vertex 9.028 -27.471 2
      vertex 12.432 -25.05 2
      vertex 11.302 -22.4 2
    endloop
  endfacet
  facet normal 0 0 1
    outer loop
      vertex -8.192 -42.698 2
      vertex -10.367 -42.302 2
      vertex -7.898 -46.357 2
    endloop
  endfacet
  facet normal 0 0 1
    outer loop
      vertex -8.192 -46.582 2
      vertex -7.898 -46.357 2
      vertex -10.367 -42.302 2
    endloop
  endfacet
  facet normal 0.47631 -0.87928 0
    outer loop
      vertex -31.033 19.795 12.5
      vertex -32.316 19.1 12.5
      vertex -31.033 19.795 0
    endloop
  endfacet
  facet normal 0.18726 -0.98231 0
    outer loop
      vertex -29.483 20.313 0
      vertex -27.71 20.651 12.5
      vertex -29.483 20.313 12.5
    endloop
  endfacet
  facet normal 0 0 1
    outer loop
      vertex 9.172 -23.806 2
      vertex 9.275 -23.55 2
      vertex 7.493 -22.895 2
    endloop
  endfacet
  facet normal 0 0 1
    outer loop
      vertex 8.501 -20.773 2
      vertex 7.493 -22.895 2
      vertex 9.275 -23.55 2
    endloop
  endfacet
  facet normal 0 0 1
    outer loop
      vertex 9.275 -23.55 2
      vertex 10.279 -21.423 2
      vertex 8.501 -20.773 2
    endloop
  endfacet
  facet normal 0 0 1
    outer loop
      vertex 8.501 -20.773 2
      vertex 10.279 -21.423 2
      vertex 9.431 -18.714 2
    endloop
  endfacet
  facet normal 0.31696 -0.94844 0
    outer loop
      vertex -29.483 20.313 0
      vertex -29.483 20.313 12.5
      vertex -31.033 19.795 0
    endloop
  endfacet
  facet normal 0.31696 -0.94844 0
    outer loop
      vertex -31.033 19.795 12.5
      vertex -31.033 19.795 0
      vertex -29.483 20.313 12.5
    endloop
  endfacet
  facet normal 0 0 1
    outer loop
      vertex 9.431 -18.714 2
      vertex 10.279 -21.423 2
      vertex 11.296 -19.113 2
    endloop
  endfacet
  facet normal 0.03275 -0.99946 0
    outer loop
      vertex -4.65 -42.862 2
      vertex -4.65 -42.862 12.5
      vertex -6.115 -42.91 2
    endloop
  endfacet
  facet normal -0.90327 0.42907 0
    outer loop
      vertex 8.501 -20.773 0
      vertex 7.493 -22.895 2
      vertex 8.501 -20.773 2
    endloop
  endfacet
  facet normal 0.23831 -0.97119 0
    outer loop
      vertex -2.918 -42.437 2
      vertex -4.65 -42.862 12.5
      vertex -4.65 -42.862 2
    endloop
  endfacet
  facet normal 0.0515 0.99867 0
    outer loop
      vertex -24.882 21.891 0
      vertex -21.721 21.728 12.5
      vertex -21.721 21.728 0
    endloop
  endfacet
  facet normal -0.91135 0.41163 0
    outer loop
      vertex 8.501 -20.773 2
      vertex 9.431 -18.714 2
      vertex 8.501 -20.773 0
    endloop
  endfacet
  facet normal -0.91135 0.41163 0
    outer loop
      vertex 9.431 -18.714 0
      vertex 8.501 -20.773 0
      vertex 9.431 -18.714 2
    endloop
  endfacet
  facet normal 0 0 1
    outer loop
      vertex -8.802 -47.05 2
      vertex -8.192 -46.582 2
      vertex -10.367 -42.302 2
    endloop
  endfacet
  facet normal -0.86921 -0.49444 0
    outer loop
      vertex -48.933 13.765 2
      vertex -48.933 13.765 15
      vertex -49.152 14.15 2
    endloop
  endfacet
  facet normal 0.07646 -0.99707 0
    outer loop
      vertex -25.754 20.801 12.5
      vertex -27.71 20.651 12.5
      vertex -27.71 20.651 0
    endloop
  endfacet
  facet normal 0.07646 -0.99707 0
    outer loop
      vertex -25.754 20.801 12.5
      vertex -27.71 20.651 0
      vertex -25.754 20.801 0
    endloop
  endfacet
  facet normal -0.17469 -0.98462 0
    outer loop
      vertex -8.13 -42.709 12.5
      vertex -8.192 -42.698 2
      vertex -8.13 -42.709 2
    endloop
  endfacet
  facet normal 0.47631 -0.87928 0
    outer loop
      vertex -31.033 19.795 0
      vertex -32.316 19.1 12.5
      vertex -32.316 19.1 0
    endloop
  endfacet
  facet normal -0.89212 -0.4518 0
    outer loop
      vertex -47.557 11.048 2
      vertex -47.557 11.048 15
      vertex -48.933 13.765 2
    endloop
  endfacet
  facet normal -0.01953 -0.99981 0
    outer loop
      vertex -25.754 20.801 12.5
      vertex -25.754 20.801 0
      vertex -23.655 20.76 0
    endloop
  endfacet
  facet normal 0 0 -1
    outer loop
      vertex -19.767 -18.091 0
      vertex -21.813 -16.606 0
      vertex -16.736 -17.548 0
    endloop
  endfacet
  facet normal 0.40523 -0.91422 0
    outer loop
      vertex 0.503 -41.1 0
      vertex 0.503 -41.1 12.5
      vertex -1.083 -41.803 0
    endloop
  endfacet
  facet normal 0.32665 -0.94514 0
    outer loop
      vertex -1.083 -41.803 0
      vertex -1.083 -41.803 12.5
      vertex -1.653 -42 2
    endloop
  endfacet
  facet normal 0.32665 -0.94514 0
    outer loop
      vertex -1.653 -42 0
      vertex -1.083 -41.803 0
      vertex -1.653 -42 2
    endloop
  endfacet
  facet normal 0 0 -1
    outer loop
      vertex -27.042 -11.44 0
      vertex -32.21 -5.664 0
      vertex -23.093 -7.755 0
    endloop
  endfacet
  facet normal 0 0 1
    outer loop
      vertex 2.052 -21.45 12.5
      vertex 2.587 -22.763 12.5
      vertex 3.951 -22.219 12.5
    endloop
  endfacet
  facet normal 0.87112 0.49107 -0.00002
    outer loop
      vertex -47.578 14.105 12.5
      vertex -47.859 14.603 2
      vertex -48.863 16.384 2
    endloop
  endfacet
  facet normal -0.07125 -0.99746 0
    outer loop
      vertex -3.077 -46.434 2
      vertex -3.077 -46.434 12.5
      vertex -3.105 -46.432 2
    endloop
  endfacet
  facet normal 0.18726 -0.98231 0
    outer loop
      vertex -27.71 20.651 12.5
      vertex -29.483 20.313 0
      vertex -27.71 20.651 0
    endloop
  endfacet
  facet normal -0.08146 -0.99668 0.00003
    outer loop
      vertex -3.077 -46.434 12.5
      vertex -4.096 -46.351 2
      vertex -3.105 -46.432 2
    endloop
  endfacet
  facet normal -0.0217 -0.99976 0
    outer loop
      vertex -43.571 9.62 0
      vertex -42.88 9.605 12.5
      vertex -43.571 9.62 12.5
    endloop
  endfacet
  facet normal 0.66337 -0.7483 0
    outer loop
      vertex -33.294 18.233 12.5
      vertex -33.294 18.233 0
      vertex -32.316 19.1 0
    endloop
  endfacet
  facet normal 0.66337 -0.7483 0
    outer loop
      vertex -33.294 18.233 12.5
      vertex -32.316 19.1 0
      vertex -32.316 19.1 12.5
    endloop
  endfacet
  facet normal -0.64888 0.76089 0
    outer loop
      vertex -29.126 -0.526 12.5
      vertex -29.126 -0.526 0
      vertex -29.323 -0.694 2
    endloop
  endfacet
  facet normal -0.64888 0.76089 0
    outer loop
      vertex -29.126 -0.526 0
      vertex -29.323 -0.694 0
      vertex -29.323 -0.694 2
    endloop
  endfacet
  facet normal -0.38404 0.92332 0
    outer loop
      vertex -32.742 20.383 12.5
      vertex -30.684 21.239 0
      vertex -32.742 20.383 0
    endloop
  endfacet
  facet normal -0.65079 0.75926 0.00006
    outer loop
      vertex -29.421 -0.778 2
      vertex -29.126 -0.526 12.5
      vertex -29.323 -0.694 2
    endloop
  endfacet
  facet normal 0.15161 0.98844 0
    outer loop
      vertex -3.976 -45.109 2
      vertex -3.976 -45.109 12.5
      vertex -2.333 -45.361 12.5
    endloop
  endfacet
  facet normal -0.06212 -0.99807 0
    outer loop
      vertex -0.809 -47.14 2
      vertex -0.809 -47.14 12.5
      vertex -1.291 -47.11 12.5
    endloop
  endfacet
  facet normal -0.34049 -0.94025 0
    outer loop
      vertex -35.037 -2.989 0
      vertex -35.037 -2.989 12.5
      vertex -35.998 -2.641 12.5
    endloop
  endfacet
  facet normal 0 0 1
    outer loop
      vertex 0.693 9.329 12.5
      vertex -2.258 9.703 12.5
      vertex -1.93 8.651 12.5
    endloop
  endfacet
  facet normal 0 0 1
    outer loop
      vertex 0.579 10.592 12.5
      vertex -2.258 9.703 12.5
      vertex 0.693 9.329 12.5
    endloop
  endfacet
  facet normal 0 0 1
    outer loop
      vertex -2.258 9.703 12.5
      vertex -3.188 9.534 12.5
      vertex -1.93 8.651 12.5
    endloop
  endfacet
  facet normal 0 0 1
    outer loop
      vertex -3.778 8.383 12.5
      vertex -1.93 8.651 12.5
      vertex -3.188 9.534 12.5
    endloop
  endfacet
  facet normal 0.98133 -0.19233 0
    outer loop
      vertex -0.444 -46.484 2
      vertex -0.444 -46.484 12.5
      vertex -0.532 -46.933 12.5
    endloop
  endfacet
  facet normal 0.26334 0.9647 0
    outer loop
      vertex -43.123 10.95 0
      vertex -43.123 10.95 12.5
      vertex -41.687 10.558 12.5
    endloop
  endfacet
  facet normal 0.04931 0.99878 0
    outer loop
      vertex -3.188 9.534 12.5
      vertex -3.897 9.569 0
      vertex -3.897 9.569 12.5
    endloop
  endfacet
  facet normal 0.90911 0.41656 0
    outer loop
      vertex -0.444 -46.484 12.5
      vertex -0.444 -46.484 2
      vertex -0.592 -46.161 2
    endloop
  endfacet
  facet normal -0.26769 -0.9635 -0.00003
    outer loop
      vertex -35.037 -2.989 12.5
      vertex -34.197 -3.222 2
      vertex -32.953 -3.568 12.5
    endloop
  endfacet
  facet normal -0.18157 0.98338 0
    outer loop
      vertex -44.509 10.809 12.5
      vertex -44.509 10.809 2
      vertex -45.056 10.708 2
    endloop
  endfacet
  facet normal 0 0 1
    outer loop
      vertex -4.458 9.824 12.5
      vertex -5.559 8.383 12.5
      vertex -3.897 9.569 12.5
    endloop
  endfacet
  facet normal 0.4138 0.91037 0
    outer loop
      vertex -3.897 9.569 12.5
      vertex -3.897 9.569 0
      vertex -4.458 9.824 12.5
    endloop
  endfacet
  facet normal 0 0 1
    outer loop
      vertex -7.469 14.35 12.5
      vertex -8.542 13.499 12.5
      vertex -6.014 12.077 12.5
    endloop
  endfacet
  facet normal -0.64849 0.76122 0
    outer loop
      vertex -29.421 -0.778 2
      vertex -30.076 -1.336 2
      vertex -30.076 -1.336 12.5
    endloop
  endfacet
  facet normal 0.84222 0.53913 0
    outer loop
      vertex -6.014 12.077 12.5
      vertex -6.014 12.077 0
      vertex -7.469 14.35 12.5
    endloop
  endfacet
  facet normal -0.64881 0.76095 -0.00003
    outer loop
      vertex -29.126 -0.526 12.5
      vertex -29.421 -0.778 2
      vertex -30.076 -1.336 12.5
    endloop
  endfacet
  facet normal -0.94496 -0.3272 0
    outer loop
      vertex -47.048 9.578 2
      vertex -47.048 9.578 15
      vertex -47.557 11.048 2
    endloop
  endfacet
  facet normal -0.89212 -0.4518 0
    outer loop
      vertex -48.933 13.765 15
      vertex -48.933 13.765 2
      vertex -47.557 11.048 15
    endloop
  endfacet
  facet normal 0.98776 -0.15599 0
    outer loop
      vertex -32.65 -1.83 2
      vertex -32.361 0 2
      vertex -32.65 -1.83 12.5
    endloop
  endfacet
  facet normal 0 0 1
    outer loop
      vertex -3.188 9.534 12.5
      vertex -3.897 9.569 12.5
      vertex -3.778 8.383 12.5
    endloop
  endfacet
  facet normal 0 0 1
    outer loop
      vertex -3.778 8.383 12.5
      vertex -3.897 9.569 12.5
      vertex -5.559 8.383 12.5
    endloop
  endfacet
  facet normal 0 0 1
    outer loop
      vertex -5.559 8.383 12.5
      vertex -4.458 9.824 12.5
      vertex -4.946 10.316 12.5
    endloop
  endfacet
  facet normal 0 0 1
    outer loop
      vertex -4.946 10.316 12.5
      vertex -6.014 12.077 12.5
      vertex -7.037 11.099 12.5
    endloop
  endfacet
  facet normal 0 0 1
    outer loop
      vertex -5.559 8.383 12.5
      vertex -4.946 10.316 12.5
      vertex -7.037 11.099 12.5
    endloop
  endfacet
  facet normal 0 -1 0
    outer loop
      vertex -3.778 8.383 0
      vertex -3.778 8.383 12.5
      vertex -5.559 8.383 0
    endloop
  endfacet
  facet normal 0 -1 0
    outer loop
      vertex -5.559 8.383 12.5
      vertex -5.559 8.383 0
      vertex -3.778 8.383 12.5
    endloop
  endfacet
  facet normal 0.4138 0.91037 0
    outer loop
      vertex -4.458 9.824 12.5
      vertex -3.897 9.569 0
      vertex -4.458 9.824 0
    endloop
  endfacet
  facet normal 0.04931 0.99878 0
    outer loop
      vertex -3.188 9.534 0
      vertex -3.897 9.569 0
      vertex -3.188 9.534 12.5
    endloop
  endfacet
  facet normal 0 0 1
    outer loop
      vertex -32.768 -3.124 2
      vertex -32.953 -3.568 2
      vertex -30.655 -2.344 2
    endloop
  endfacet
  facet normal 0 0 1
    outer loop
      vertex -32.744 -3.066 2
      vertex -32.768 -3.124 2
      vertex -30.655 -2.344 2
    endloop
  endfacet
  facet normal 0 0 1
    outer loop
      vertex -29.694 -2.717 2
      vertex -30.263 -2.482 2
      vertex -32.21 -5.664 2
    endloop
  endfacet
  facet normal 0 0 1
    outer loop
      vertex -30.655 -2.344 2
      vertex -32.21 -5.664 2
      vertex -30.263 -2.482 2
    endloop
  endfacet
  facet normal 0 0 1
    outer loop
      vertex -32.65 -1.83 2
      vertex -32.744 -3.066 2
      vertex -30.655 -2.344 2
    endloop
  endfacet
  facet normal 0 0 1
    outer loop
      vertex 0.503 -14.324 12.5
      vertex 1.437 -18.127 12.5
      vertex 2.081 -15.497 12.5
    endloop
  endfacet
  facet normal 0 0 1
    outer loop
      vertex 3.951 -22.219 12.5
      vertex 2.081 -15.497 12.5
      vertex 1.437 -18.127 12.5
    endloop
  endfacet
  facet normal 0 0 1
    outer loop
      vertex 1.437 -18.127 12.5
      vertex 1.829 -20.3 12.5
      vertex 3.951 -22.219 12.5
    endloop
  endfacet
  facet normal 0 0 1
    outer loop
      vertex 1.829 -20.3 12.5
      vertex 2.052 -21.45 12.5
      vertex 3.951 -22.219 12.5
    endloop
  endfacet
  facet normal 0 0 1
    outer loop
      vertex 4.335 -23.831 12.5
      vertex 3.951 -22.219 12.5
      vertex 2.587 -22.763 12.5
    endloop
  endfacet
  facet normal 0 0 1
    outer loop
      vertex 4.335 -23.831 12.5
      vertex 2.587 -22.763 12.5
      vertex 3.32 -24.431 12.5
    endloop
  endfacet
  facet normal 0 0 1
    outer loop
      vertex 3.34 -24.893 12.5
      vertex 4.406 -25.117 12.5
      vertex 3.32 -24.431 12.5
    endloop
  endfacet
  facet normal -0.33206 -0.94326 0
    outer loop
      vertex -30.655 -2.344 2
      vertex -30.263 -2.482 2
      vertex -30.655 -2.344 12.5
    endloop
  endfacet
  facet normal 0.88193 0.47138 -0.00063
    outer loop
      vertex -46.505 12.114 2
      vertex -46.598 12.288 2
      vertex -45.684 10.592 12.5
    endloop
  endfacet
  facet normal 0.59861 -0.80104 0
    outer loop
      vertex -0.532 -46.933 2
      vertex -0.532 -46.933 12.5
      vertex -0.809 -47.14 12.5
    endloop
  endfacet
  facet normal 0 0 1
    outer loop
      vertex 1.844 -42 2
      vertex -1.653 -42 2
      vertex -0.996 -45.858 2
    endloop
  endfacet
  facet normal 0.98133 -0.19233 0
    outer loop
      vertex -0.532 -46.933 2
      vertex -0.444 -46.484 2
      vertex -0.532 -46.933 12.5
    endloop
  endfacet
  facet normal -0.18161 0.98337 0
    outer loop
      vertex -45.056 10.708 2
      vertex -45.684 10.592 12.5
      vertex -44.509 10.809 12.5
    endloop
  endfacet
  facet normal 0 0 1
    outer loop
      vertex 3.345 -44.311 2
      vertex 1.844 -42 2
      vertex -0.592 -46.161 2
    endloop
  endfacet
  facet normal 0 0 1
    outer loop
      vertex -0.444 -46.484 2
      vertex 3.345 -44.311 2
      vertex -0.592 -46.161 2
    endloop
  endfacet
  facet normal -0.98171 -0.19037 0
    outer loop
      vertex 1.829 -20.3 12.5
      vertex 2.052 -21.45 0
      vertex 2.052 -21.45 12.5
    endloop
  endfacet
  facet normal 0.90892 0.41696 0
    outer loop
      vertex -44.684 12.457 0
      vertex -45.985 15.293 0
      vertex -45.985 15.293 2
    endloop
  endfacet
  facet normal 0.90892 0.41696 0
    outer loop
      vertex -44.684 12.457 0
      vertex -45.985 15.293 2
      vertex -44.684 12.457 2
    endloop
  endfacet
  facet normal -0.92607 -0.37734 0
    outer loop
      vertex 2.587 -22.763 12.5
      vertex 2.052 -21.45 12.5
      vertex 2.052 -21.45 0
    endloop
  endfacet
  facet normal 0.34843 0.93733 0
    outer loop
      vertex -2.333 -45.361 2
      vertex -2.333 -45.361 12.5
      vertex -0.996 -45.858 2
    endloop
  endfacet
  facet normal 0 0 1
    outer loop
      vertex -0.996 -45.858 2
      vertex -0.592 -46.161 2
      vertex 1.844 -42 2
    endloop
  endfacet
  facet normal 0 0 1
    outer loop
      vertex -49.152 14.15 2
      vertex -50.772 12.787 2
      vertex -48.933 13.765 2
    endloop
  endfacet
  facet normal 0.6 0.8 0
    outer loop
      vertex -0.996 -45.858 12.5
      vertex -0.592 -46.161 2
      vertex -0.996 -45.858 2
    endloop
  endfacet
  facet normal 0.86859 0.49553 0
    outer loop
      vertex -49.404 21.286 0
      vertex -45.985 15.293 2
      vertex -45.985 15.293 0
    endloop
  endfacet
  facet normal -0.9155 -0.40232 0
    outer loop
      vertex 2.587 -22.763 0
      vertex 3.32 -24.431 0
      vertex 2.587 -22.763 12.5
    endloop
  endfacet
  facet normal -0.97114 -0.23851 0
    outer loop
      vertex 0.503 -14.324 0
      vertex 1.437 -18.127 0
      vertex 0.503 -14.324 12.5
    endloop
  endfacet
  facet normal -0.17879 0.98389 0
    outer loop
      vertex -2.258 9.703 0
      vertex -3.188 9.534 0
      vertex -3.188 9.534 12.5
    endloop
  endfacet
  facet normal -0.17879 0.98389 0
    outer loop
      vertex -2.258 9.703 0
      vertex -3.188 9.534 12.5
      vertex -2.258 9.703 12.5
    endloop
  endfacet
  facet normal 0 0 1
    outer loop
      vertex -2.333 -45.361 2
      vertex -0.996 -45.858 2
      vertex -1.653 -42 2
    endloop
  endfacet
  facet normal -0.29902 0.95425 0
    outer loop
      vertex -2.258 9.703 12.5
      vertex 0.579 10.592 12.5
      vertex -2.258 9.703 0
    endloop
  endfacet
  facet normal -0.29902 0.95425 0
    outer loop
      vertex 0.579 10.592 0
      vertex -2.258 9.703 0
      vertex 0.579 10.592 12.5
    endloop
  endfacet
  facet normal 0.15161 0.98844 0
    outer loop
      vertex -2.333 -45.361 12.5
      vertex -2.333 -45.361 2
      vertex -3.976 -45.109 2
    endloop
  endfacet
  facet normal 0.14352 -0.98965 0
    outer loop
      vertex -3.778 8.383 12.5
      vertex -3.778 8.383 0
      vertex -1.93 8.651 12.5
    endloop
  endfacet
  facet normal 0.88014 0.47471 0
    outer loop
      vertex -46.598 12.288 2
      vertex -47.578 14.105 2
      vertex -47.578 14.105 12.5
    endloop
  endfacet
  facet normal 0.25026 -0.96818 0
    outer loop
      vertex -1.93 8.651 12.5
      vertex -1.93 8.651 0
      vertex 0.693 9.329 12.5
    endloop
  endfacet
  facet normal 0.25026 -0.96818 0
    outer loop
      vertex 0.693 9.329 0
      vertex 0.693 9.329 12.5
      vertex -1.93 8.651 0
    endloop
  endfacet
  facet normal 0 0 1
    outer loop
      vertex -3.077 -46.434 2
      vertex -3.105 -46.432 2
      vertex -1.997 -46.846 2
    endloop
  endfacet
  facet normal 0 0 1
    outer loop
      vertex -4.096 -46.351 2
      vertex -5.28 -46.602 2
      vertex -3.105 -46.432 2
    endloop
  endfacet
  facet normal 0.85504 0.51856 0
    outer loop
      vertex -6.014 12.077 12.5
      vertex -4.946 10.316 12.5
      vertex -6.014 12.077 0
    endloop
  endfacet
  facet normal 0.85504 0.51856 0
    outer loop
      vertex -4.946 10.316 0
      vertex -6.014 12.077 0
      vertex -4.946 10.316 12.5
    endloop
  endfacet
  facet normal 0.87092 0.49142 0
    outer loop
      vertex -47.859 14.603 2
      vertex -47.578 14.105 12.5
      vertex -47.578 14.105 2
    endloop
  endfacet
  facet normal 0.84222 0.53913 0
    outer loop
      vertex -7.469 14.35 0
      vertex -7.469 14.35 12.5
      vertex -6.014 12.077 0
    endloop
  endfacet
  facet normal 0.74985 0.66161 0
    outer loop
      vertex -7.469 14.35 0
      vertex -9.186 16.296 0
      vertex -7.469 14.35 12.5
    endloop
  endfacet
  facet normal -0.98171 -0.19037 0
    outer loop
      vertex 1.829 -20.3 12.5
      vertex 1.829 -20.3 0
      vertex 2.052 -21.45 0
    endloop
  endfacet
  facet normal 0 0 1
    outer loop
      vertex -48.863 16.384 2
      vertex -47.859 14.603 2
      vertex -45.985 15.293 2
    endloop
  endfacet
  facet normal 0 0 1
    outer loop
      vertex -46.598 12.288 2
      vertex -45.985 15.293 2
      vertex -47.578 14.105 2
    endloop
  endfacet
  facet normal 0 0 1
    outer loop
      vertex -44.684 12.457 2
      vertex -45.985 15.293 2
      vertex -46.598 12.288 2
    endloop
  endfacet
  facet normal -0.92607 -0.37734 0
    outer loop
      vertex 2.052 -21.45 0
      vertex 2.587 -22.763 0
      vertex 2.587 -22.763 12.5
    endloop
  endfacet
  facet normal 0.96342 0.26801 0
    outer loop
      vertex 2.081 -15.497 0
      vertex 2.081 -15.497 12.5
      vertex 3.951 -22.219 0
    endloop
  endfacet
  facet normal 0.96342 0.26801 0
    outer loop
      vertex 3.951 -22.219 12.5
      vertex 3.951 -22.219 0
      vertex 2.081 -15.497 12.5
    endloop
  endfacet
  facet normal 0 0 -1
    outer loop
      vertex -27.042 -11.44 0
      vertex -28.311 -12.623 0
      vertex -32.21 -5.664 0
    endloop
  endfacet
  facet normal 0 0 1
    outer loop
      vertex -47.578 14.105 2
      vertex -45.985 15.293 2
      vertex -47.859 14.603 2
    endloop
  endfacet
  facet normal 0 0 -1
    outer loop
      vertex -25.067 -17.878 0
      vertex -27.101 -17.216 0
      vertex -24.985 -15.232 0
    endloop
  endfacet
  facet normal -0.9155 -0.40232 0
    outer loop
      vertex 3.32 -24.431 12.5
      vertex 2.587 -22.763 12.5
      vertex 3.32 -24.431 0
    endloop
  endfacet
  facet normal 0.34843 0.93733 0
    outer loop
      vertex -0.996 -45.858 12.5
      vertex -0.996 -45.858 2
      vertex -2.333 -45.361 12.5
    endloop
  endfacet
  facet normal -0.98412 -0.17753 0
    outer loop
      vertex 1.829 -20.3 12.5
      vertex 1.437 -18.127 12.5
      vertex 1.829 -20.3 0
    endloop
  endfacet
  facet normal -0.98412 -0.17753 0
    outer loop
      vertex 1.437 -18.127 0
      vertex 1.829 -20.3 0
      vertex 1.437 -18.127 12.5
    endloop
  endfacet
  facet normal 0 -1 0
    outer loop
      vertex 0.754 -48 2
      vertex -8.507 -48 0
      vertex 0.754 -48 0
    endloop
  endfacet
  facet normal 0.70999 0.70421 0
    outer loop
      vertex -4.946 10.316 0
      vertex -4.946 10.316 12.5
      vertex -4.458 9.824 0
    endloop
  endfacet
  facet normal 0.70999 0.70421 0
    outer loop
      vertex -4.458 9.824 12.5
      vertex -4.458 9.824 0
      vertex -4.946 10.316 12.5
    endloop
  endfacet
  facet normal 0 0 1
    outer loop
      vertex -0.809 -47.14 2
      vertex -1.291 -47.11 2
      vertex 0.754 -48 2
    endloop
  endfacet
  facet normal 0 0 1
    outer loop
      vertex -1.997 -46.846 2
      vertex -6.658 -47.208 2
      vertex -1.291 -47.11 2
    endloop
  endfacet
  facet normal -0.87836 -0.47799 0
    outer loop
      vertex -7.037 11.099 0
      vertex -5.559 8.383 0
      vertex -5.559 8.383 12.5
    endloop
  endfacet
  facet normal -0.87836 -0.47799 0
    outer loop
      vertex -7.037 11.099 0
      vertex -5.559 8.383 12.5
      vertex -7.037 11.099 12.5
    endloop
  endfacet
  facet normal -0.06212 -0.99807 0
    outer loop
      vertex -1.291 -47.11 12.5
      vertex -1.291 -47.11 2
      vertex -0.809 -47.14 2
    endloop
  endfacet
  facet normal 0.14352 -0.98965 0
    outer loop
      vertex -1.93 8.651 0
      vertex -1.93 8.651 12.5
      vertex -3.778 8.383 0
    endloop
  endfacet
  facet normal 0.59861 -0.80104 0
    outer loop
      vertex -0.809 -47.14 12.5
      vertex -0.809 -47.14 2
      vertex -0.532 -46.933 2
    endloop
  endfacet
  facet normal -0.35025 -0.93666 0
    outer loop
      vertex -1.291 -47.11 2
      vertex -1.291 -47.11 12.5
      vertex -1.997 -46.846 2
    endloop
  endfacet
  facet normal -0.35025 -0.93666 0
    outer loop
      vertex -1.291 -47.11 12.5
      vertex -1.997 -46.846 12.5
      vertex -1.997 -46.846 2
    endloop
  endfacet
  facet normal 0.42173 0.90672 0.00003
    outer loop
      vertex 4.785 37.753 15
      vertex 4.5 37.886 2
      vertex 0 39.979 2
    endloop
  endfacet
  facet normal 0.40256 -0.91539 0
    outer loop
      vertex -6.658 -47.208 12.5
      vertex -6.658 -47.208 2
      vertex -5.28 -46.602 12.5
    endloop
  endfacet
  facet normal 0.42172 0.90673 0.00003
    outer loop
      vertex 0 39.979 2
      vertex -0.373 40.152 15
      vertex 4.785 37.753 15
    endloop
  endfacet
  facet normal 0.3937 -0.91924 0
    outer loop
      vertex -8.192 -47.865 2
      vertex -6.658 -47.208 2
      vertex -6.658 -47.208 12.5
    endloop
  endfacet
  facet normal -0.77354 -0.63375 0
    outer loop
      vertex -10.106 15.408 0
      vertex -8.542 13.499 0
      vertex -8.542 13.499 12.5
    endloop
  endfacet
  facet normal -0.77354 -0.63375 0
    outer loop
      vertex -10.106 15.408 0
      vertex -8.542 13.499 12.5
      vertex -10.106 15.408 12.5
    endloop
  endfacet
  facet normal -0.61295 -0.79013 0
    outer loop
      vertex -11.921 16.816 12.5
      vertex -11.921 16.816 0
      vertex -10.106 15.408 0
    endloop
  endfacet
  facet normal -0.61295 -0.79013 0
    outer loop
      vertex -11.921 16.816 12.5
      vertex -10.106 15.408 0
      vertex -10.106 15.408 12.5
    endloop
  endfacet
  facet normal 0.70604 0.70817 -0.00003
    outer loop
      vertex 0 37.385 2
      vertex -2.149 39.528 15
      vertex 0.503 36.884 15
    endloop
  endfacet
  facet normal -0.8472 -0.53127 0
    outer loop
      vertex -8.542 13.499 0
      vertex -7.037 11.099 12.5
      vertex -8.542 13.499 12.5
    endloop
  endfacet
  facet normal -0.8472 -0.53127 0
    outer loop
      vertex -7.037 11.099 0
      vertex -7.037 11.099 12.5
      vertex -8.542 13.499 0
    endloop
  endfacet
  facet normal -0.98824 0.15292 0
    outer loop
      vertex -33.786 -0.563 2
      vertex -33.933 -1.513 12.5
      vertex -33.786 -0.563 12.5
    endloop
  endfacet
  facet normal 0 0 1
    outer loop
      vertex -11.921 16.816 12.5
      vertex -10.106 15.408 12.5
      vertex -11.203 17.943 12.5
    endloop
  endfacet
  facet normal 0 0 1
    outer loop
      vertex -9.186 16.296 12.5
      vertex -11.203 17.943 12.5
      vertex -10.106 15.408 12.5
    endloop
  endfacet
  facet normal 0 0 1
    outer loop
      vertex -7.469 14.35 12.5
      vertex -9.186 16.296 12.5
      vertex -10.106 15.408 12.5
    endloop
  endfacet
  facet normal 0 0 1
    outer loop
      vertex -7.469 14.35 12.5
      vertex -10.106 15.408 12.5
      vertex -8.542 13.499 12.5
    endloop
  endfacet
  facet normal 0 0 1
    outer loop
      vertex -7.037 11.099 12.5
      vertex -6.014 12.077 12.5
      vertex -8.542 13.499 12.5
    endloop
  endfacet
  facet normal 0.74985 0.66161 0
    outer loop
      vertex -7.469 14.35 12.5
      vertex -9.186 16.296 0
      vertex -9.186 16.296 12.5
    endloop
  endfacet
  facet normal 0.63248 0.77457 0
    outer loop
      vertex -9.186 16.296 0
      vertex -11.203 17.943 0
      vertex -9.186 16.296 12.5
    endloop
  endfacet
  facet normal 0 0 1
    outer loop
      vertex -33.357 14.96 12.5
      vertex -34.062 13.987 12.5
      vertex -32.559 14.317 12.5
    endloop
  endfacet
  facet normal 0 0 1
    outer loop
      vertex -30.655 -2.344 2
      vertex -30.651 -2.322 2
      vertex -32.65 -1.83 2
    endloop
  endfacet
  facet normal 0 0 1
    outer loop
      vertex 4.785 37.753 2
      vertex 8.192 36.019 2
      vertex 5.803 39.592 2
    endloop
  endfacet
  facet normal 0 0 -1
    outer loop
      vertex -28.311 -12.623 0
      vertex -25.976 -12.214 0
      vertex -27.951 -13.89 0
    endloop
  endfacet
  facet normal 0 0 -1
    outer loop
      vertex -24.985 -15.232 0
      vertex -27.951 -13.89 0
      vertex -24.865 -14.387 0
    endloop
  endfacet
  facet normal -0.98387 0.17889 0
    outer loop
      vertex -30.655 -2.344 12.5
      vertex -30.651 -2.322 2
      vertex -30.655 -2.344 2
    endloop
  endfacet
  facet normal 0 0 1
    outer loop
      vertex 4.785 37.753 2
      vertex 5.803 39.592 2
      vertex 4.5 37.886 2
    endloop
  endfacet
  facet normal 0 0 1
    outer loop
      vertex -0.007 42.246 2
      vertex 0 39.979 2
      vertex 5.803 39.592 2
    endloop
  endfacet
  facet normal 0 0 -1
    outer loop
      vertex -25.976 -12.214 0
      vertex -28.311 -12.623 0
      vertex -27.042 -11.44 0
    endloop
  endfacet
  facet normal 0 0 1
    outer loop
      vertex 0.503 36.884 2
      vertex 3.602 36.864 2
      vertex 0 37.385 2
    endloop
  endfacet
  facet normal 0 0 1
    outer loop
      vertex -2.149 39.528 2
      vertex 0 37.385 2
      vertex 3.602 36.864 2
    endloop
  endfacet
  facet normal 0 0 -1
    outer loop
      vertex -24.865 -14.387 0
      vertex -27.951 -13.89 0
      vertex -24.693 -14.071 0
    endloop
  endfacet
  facet normal 0 0 -1
    outer loop
      vertex -24.693 -14.071 0
      vertex -27.951 -13.89 0
      vertex -25.976 -12.214 0
    endloop
  endfacet
  facet normal 0 0 -1
    outer loop
      vertex -25.976 -12.214 0
      vertex -23.102 -13.89 0
      vertex -24.693 -14.071 0
    endloop
  endfacet
  facet normal 0 0 -1
    outer loop
      vertex -24.347 -14.229 0
      vertex -24.693 -14.071 0
      vertex -23.102 -13.89 0
    endloop
  endfacet
  facet normal 0.4155 0.90959 0
    outer loop
      vertex 5.803 39.592 2
      vertex 5.803 39.592 0
      vertex -0.007 42.246 2
    endloop
  endfacet
  facet normal 0.99712 -0.07583 0
    outer loop
      vertex -32.65 -1.83 12.5
      vertex -32.744 -3.066 12.5
      vertex -32.744 -3.066 2
    endloop
  endfacet
  facet normal 0.45144 0.8923 0
    outer loop
      vertex 5.803 39.592 2
      vertex 10.108 37.414 2
      vertex 5.803 39.592 0
    endloop
  endfacet
  facet normal 0.45144 0.8923 0
    outer loop
      vertex 10.108 37.414 0
      vertex 5.803 39.592 0
      vertex 10.108 37.414 2
    endloop
  endfacet
  facet normal 0 0 -1
    outer loop
      vertex -7.373 -18.381 0
      vertex -7.643 -17.33 0
      vertex -6.492 -17.249 0
    endloop
  endfacet
  facet normal 0 0 -1
    outer loop
      vertex -6.492 -17.249 0
      vertex -5.938 -18.308 0
      vertex -7.373 -18.381 0
    endloop
  endfacet
  facet normal 0 0 -1
    outer loop
      vertex -6.733 -19.865 0
      vertex -7.373 -18.381 0
      vertex -5.938 -18.308 0
    endloop
  endfacet
  facet normal 0 0 -1
    outer loop
      vertex -5.141 -19.863 0
      vertex -6.733 -19.865 0
      vertex -5.938 -18.308 0
    endloop
  endfacet
  facet normal -0.26723 -0.96363 0
    outer loop
      vertex -35.037 -2.989 0
      vertex -34.68 -3.088 2
      vertex -35.037 -2.989 12.5
    endloop
  endfacet
  facet normal 0.7057 0.70851 0
    outer loop
      vertex 0.503 36.884 15
      vertex 0.503 36.884 2
      vertex 0 37.385 2
    endloop
  endfacet
  facet normal 0 0 -1
    outer loop
      vertex -7.045 -16.678 0
      vertex -6.492 -17.249 0
      vertex -7.643 -17.33 0
    endloop
  endfacet
  facet normal 0 0 -1
    outer loop
      vertex -7.283 -16.602 0
      vertex -7.045 -16.678 0
      vertex -7.643 -17.33 0
    endloop
  endfacet
  facet normal 0 0 -1
    outer loop
      vertex -7.472 -16.678 0
      vertex -7.283 -16.602 0
      vertex -7.643 -17.33 0
    endloop
  endfacet
  facet normal -0.63595 -0.77173 0
    outer loop
      vertex -29.012 -3.279 2
      vertex -29.694 -2.717 12.5
      vertex -29.694 -2.717 2
    endloop
  endfacet
  facet normal 0 0 -1
    outer loop
      vertex -2.538 -22.484 0
      vertex -0.633 -23.632 0
      vertex -2.414 -24.247 0
    endloop
  endfacet
  facet normal 0 0 -1
    outer loop
      vertex -4.024 -21.242 0
      vertex -5.824 -21.676 0
      vertex -5.141 -19.863 0
    endloop
  endfacet
  facet normal -0.38173 -0.92427 0
    outer loop
      vertex -29.694 -2.717 2
      vertex -29.694 -2.717 12.5
      vertex -30.263 -2.482 2
    endloop
  endfacet
  facet normal 0 0 1
    outer loop
      vertex -36.59 -2.27 12.5
      vertex -35.776 -0.974 12.5
      vertex -36.955 -1.741 12.5
    endloop
  endfacet
  facet normal 0 0 1
    outer loop
      vertex -32.65 -1.83 2
      vertex -30.651 -2.322 2
      vertex -30.594 -1.975 2
    endloop
  endfacet
  facet normal 0 0 -1
    outer loop
      vertex -5.824 -21.676 0
      vertex -6.296 -24.587 0
      vertex -7.074 -21.676 0
    endloop
  endfacet
  facet normal -0.94622 -0.32352 0
    outer loop
      vertex -36.955 -1.741 12.5
      vertex -37.234 -0.925 12.5
      vertex -36.955 -1.741 0
    endloop
  endfacet
  facet normal -0.94622 -0.32352 0
    outer loop
      vertex -37.234 -0.925 0
      vertex -36.955 -1.741 0
      vertex -37.234 -0.925 12.5
    endloop
  endfacet
  facet normal 0 0 -1
    outer loop
      vertex -2.414 -24.247 0
      vertex -3.437 -24.465 0
      vertex -2.538 -22.484 0
    endloop
  endfacet
  facet normal 0 0 -1
    outer loop
      vertex -4.024 -21.242 0
      vertex -2.538 -22.484 0
      vertex -3.437 -24.465 0
    endloop
  endfacet
  facet normal 0 0 -1
    outer loop
      vertex -3.437 -24.465 0
      vertex -3.937 -24.613 0
      vertex -4.024 -21.242 0
    endloop
  endfacet
  facet normal 0 0 -1
    outer loop
      vertex -6.733 -19.865 0
      vertex -5.141 -19.863 0
      vertex -5.824 -21.676 0
    endloop
  endfacet
  facet normal -0.45181 -0.89211 0
    outer loop
      vertex 4.5 36.427 2
      vertex 7.831 34.74 2
      vertex 7.831 34.74 12.5
    endloop
  endfacet
  facet normal -0.35537 0.93472 0
    outer loop
      vertex -6.697 -45.692 12.5
      vertex -5.445 -45.216 12.5
      vertex -6.697 -45.692 2
    endloop
  endfacet
  facet normal -0.97114 -0.23851 0
    outer loop
      vertex 1.437 -18.127 12.5
      vertex 0.503 -14.324 12.5
      vertex 1.437 -18.127 0
    endloop
  endfacet
  facet normal 0.99848 0.05513 0
    outer loop
      vertex 4.335 -23.831 12.5
      vertex 4.406 -25.117 12.5
      vertex 4.335 -23.831 0
    endloop
  endfacet
  facet normal 0 0 -1
    outer loop
      vertex -7.074 -21.676 0
      vertex -7.529 -24.465 0
      vertex -8.797 -21.321 0
    endloop
  endfacet
  facet normal 0 0 -1
    outer loop
      vertex -10.56 -24.03 0
      vertex -8.797 -21.321 0
      vertex -7.529 -24.465 0
    endloop
  endfacet
  facet normal 0 0 -1
    outer loop
      vertex -8.797 -21.321 0
      vertex -10.56 -24.03 0
      vertex -11.28 -20.386 0
    endloop
  endfacet
  facet normal 0.97278 0.23173 0
    outer loop
      vertex 3.951 -22.219 12.5
      vertex 4.335 -23.831 12.5
      vertex 4.335 -23.831 0
    endloop
  endfacet
  facet normal 0.97278 0.23173 0
    outer loop
      vertex 3.951 -22.219 12.5
      vertex 4.335 -23.831 0
      vertex 3.951 -22.219 0
    endloop
  endfacet
  facet normal -0.90327 0.42907 0
    outer loop
      vertex 8.501 -20.773 0
      vertex 7.493 -22.895 0
      vertex 7.493 -22.895 2
    endloop
  endfacet
  facet normal 0 0 1
    outer loop
      vertex 10.108 37.414 2
      vertex 5.803 39.592 2
      vertex 8.192 36.019 2
    endloop
  endfacet
  facet normal 0 0 -1
    outer loop
      vertex -13.36 -22.901 0
      vertex -11.064 -23.937 0
      vertex -13.113 -23.577 0
    endloop
  endfacet
  facet normal 0 0 -1
    outer loop
      vertex -13.113 -23.577 0
      vertex -11.323 -24.206 0
      vertex -12.758 -26.131 0
    endloop
  endfacet
  facet normal -0.9275 0.37383 0
    outer loop
      vertex 7.493 -22.895 0
      vertex 6.437 -25.515 0
      vertex 7.493 -22.895 2
    endloop
  endfacet
  facet normal -0.48441 0.87484 0
    outer loop
      vertex -7.898 -46.357 2
      vertex -7.898 -46.357 12.5
      vertex -6.697 -45.692 2
    endloop
  endfacet
  facet normal 0 0 1
    outer loop
      vertex 7.133 33.127 2
      vertex 9.071 33.969 2
      vertex 7.831 34.74 2
    endloop
  endfacet
  facet normal 0.91246 -0.40917 0
    outer loop
      vertex 11.302 -22.4 15
      vertex 9.028 -27.471 15
      vertex 9.028 -27.471 2
    endloop
  endfacet
  facet normal 0 0 -1
    outer loop
      vertex -11.432 -26.855 0
      vertex -12.758 -26.131 0
      vertex -11.323 -24.206 0
    endloop
  endfacet
  facet normal 0 0 1
    outer loop
      vertex -27.345 -7.335 2
      vertex -27.469 -7.587 2
      vertex -23.671 -7.442 2
    endloop
  endfacet
  facet normal 0 0 1
    outer loop
      vertex -27.469 -7.587 2
      vertex -27.977 -10.734 2
      vertex -23.671 -7.442 2
    endloop
  endfacet
  facet normal 0 0 1
    outer loop
      vertex 5.551 33.749 2
      vertex 7.133 33.127 2
      vertex 7.831 34.74 2
    endloop
  endfacet
  facet normal 0.94981 -0.31283 0
    outer loop
      vertex 7.839 -31.081 2
      vertex 9.028 -27.471 15
      vertex 7.839 -31.081 15
    endloop
  endfacet
  facet normal 0 0 -1
    outer loop
      vertex -11.064 -23.937 0
      vertex -11.28 -20.386 0
      vertex -10.56 -24.03 0
    endloop
  endfacet
  facet normal 0.94981 -0.31283 0
    outer loop
      vertex 9.028 -27.471 15
      vertex 7.839 -31.081 2
      vertex 9.028 -27.471 2
    endloop
  endfacet
  facet normal 0 0 1
    outer loop
      vertex -30.073 12.909 12.5
      vertex -32.559 14.317 12.5
      vertex -32.472 12.655 12.5
    endloop
  endfacet
  facet normal 0 0 1
    outer loop
      vertex -32.472 12.655 12.5
      vertex -32.559 14.317 12.5
      vertex -33.44 13.308 12.5
    endloop
  endfacet
  facet normal -0.92791 0.37279 0
    outer loop
      vertex 8.258 -26.134 12.5
      vertex 8.258 -26.134 15
      vertex 9.311 -23.513 15
    endloop
  endfacet
  facet normal -0.92791 0.37279 0
    outer loop
      vertex 8.258 -26.134 12.5
      vertex 9.311 -23.513 15
      vertex 9.311 -23.513 12.5
    endloop
  endfacet
  facet normal -0.94722 0.3206 0
    outer loop
      vertex 8.258 -26.134 12.5
      vertex 8.192 -26.329 12.5
      vertex 8.258 -26.134 15
    endloop
  endfacet
  facet normal 0.89726 -0.44151 0
    outer loop
      vertex -27.469 -7.587 12.5
      vertex -27.469 -7.587 2
      vertex -27.345 -7.335 2
    endloop
  endfacet
  facet normal 0 0 1
    outer loop
      vertex 7.831 34.74 2
      vertex 4.5 36.427 2
      vertex 5.551 33.749 2
    endloop
  endfacet
  facet normal -0.82309 -0.56791 0
    outer loop
      vertex -36.955 -1.741 0
      vertex -36.59 -2.27 12.5
      vertex -36.955 -1.741 12.5
    endloop
  endfacet
  facet normal 0.48777 -0.87297 0
    outer loop
      vertex -27.469 -7.587 12.5
      vertex -27.852 -7.801 2
      vertex -27.469 -7.587 2
    endloop
  endfacet
  facet normal 0 0 1
    outer loop
      vertex 4.5 36.427 2
      vertex 4.027 36.667 2
      vertex 3.147 33.919 2
    endloop
  endfacet
  facet normal 0 0 1
    outer loop
      vertex 3.147 33.919 2
      vertex 5.344 33.509 2
      vertex 4.5 36.427 2
    endloop
  endfacet
  facet normal 0 0 1
    outer loop
      vertex -27.345 -7.335 2
      vertex -25.526 -6.14 2
      vertex -27.591 -7.016 2
    endloop
  endfacet
  facet normal 0 0 1
    outer loop
      vertex -28.334 11.926 12.5
      vertex -28.745 10.652 12.5
      vertex -27.132 10.959 12.5
    endloop
  endfacet
  facet normal 0.79189 0.61067 0
    outer loop
      vertex -27.591 -7.016 2
      vertex -27.591 -7.016 12.5
      vertex -27.345 -7.335 2
    endloop
  endfacet
  facet normal -0.36591 -0.93065 0
    outer loop
      vertex 5.551 33.749 0
      vertex 7.133 33.127 0
      vertex 7.133 33.127 2
    endloop
  endfacet
  facet normal -0.36591 -0.93065 0
    outer loop
      vertex 5.551 33.749 0
      vertex 7.133 33.127 2
      vertex 5.551 33.749 2
    endloop
  endfacet
  facet normal 0.75725 -0.65313 0
    outer loop
      vertex 5.551 33.749 0
      vertex 5.551 33.749 2
      vertex 5.344 33.509 2
    endloop
  endfacet
  facet normal -0.97873 0.20513 0
    outer loop
      vertex -33.668 0 2
      vertex -33.786 -0.563 2
      vertex -33.786 -0.563 12.5
    endloop
  endfacet
  facet normal 0.99156 -0.12966 0
    outer loop
      vertex 5.309 32.872 2
      vertex 5.204 32.069 0
      vertex 5.309 32.872 0
    endloop
  endfacet
  facet normal 0.75725 -0.65313 0
    outer loop
      vertex 5.344 33.509 2
      vertex 5.344 33.509 0
      vertex 5.551 33.749 0
    endloop
  endfacet
  facet normal 0 0 1
    outer loop
      vertex -25.526 -6.14 2
      vertex -28.672 -3.558 2
      vertex -27.591 -7.016 2
    endloop
  endfacet
  facet normal 0.99849 -0.05486 0
    outer loop
      vertex 5.309 32.872 0
      vertex 5.344 33.509 0
      vertex 5.344 33.509 2
    endloop
  endfacet
  facet normal 0.99849 -0.05486 0
    outer loop
      vertex 5.309 32.872 0
      vertex 5.344 33.509 2
      vertex 5.309 32.872 2
    endloop
  endfacet
  facet normal -0.42055 -0.90727 0
    outer loop
      vertex 4.027 36.667 12.5
      vertex 3.602 36.864 2
      vertex 4.027 36.667 2
    endloop
  endfacet
  facet normal 0.18829 0.98211 0
    outer loop
      vertex -27.591 -7.016 2
      vertex -28.316 -6.877 2
      vertex -27.591 -7.016 12.5
    endloop
  endfacet
  facet normal -0.45248 -0.89177 0
    outer loop
      vertex 4.027 36.667 2
      vertex 4.5 36.427 2
      vertex 4.027 36.667 12.5
    endloop
  endfacet
  facet normal 0 0 1
    outer loop
      vertex -26.435 9.971 12.5
      vertex -27.132 10.959 12.5
      vertex -27.833 9.614 12.5
    endloop
  endfacet
  facet normal 0 0 1
    outer loop
      vertex -27.838 9.072 12.5
      vertex -26.208 8.926 12.5
      vertex -27.833 9.614 12.5
    endloop
  endfacet
  facet normal 0 0 1
    outer loop
      vertex -28.132 10.129 12.5
      vertex -27.833 9.614 12.5
      vertex -27.132 10.959 12.5
    endloop
  endfacet
  facet normal -0.25698 0.96642 0
    outer loop
      vertex -31.841 -7.342 2
      vertex -31.841 -7.342 12.5
      vertex -31.134 -7.154 2
    endloop
  endfacet
  facet normal -0.25698 0.96642 0
    outer loop
      vertex -31.134 -7.154 12.5
      vertex -31.134 -7.154 2
      vertex -31.841 -7.342 12.5
    endloop
  endfacet
  facet normal 0 0 1
    outer loop
      vertex -28.137 8.467 12.5
      vertex -26.829 7.907 12.5
      vertex -27.838 9.072 12.5
    endloop
  endfacet
  facet normal 0 0 1
    outer loop
      vertex -29.581 6.934 12.5
      vertex -28.33 6.318 12.5
      vertex -28.137 8.467 12.5
    endloop
  endfacet
  facet normal 0 0 1
    outer loop
      vertex -26.435 9.971 12.5
      vertex -27.833 9.614 12.5
      vertex -26.208 8.926 12.5
    endloop
  endfacet
  facet normal -0.46217 0.88679 0
    outer loop
      vertex -31.841 -7.342 12.5
      vertex -31.841 -7.342 2
      vertex -32.455 -7.662 2
    endloop
  endfacet
  facet normal 0.7048 0.70941 0
    outer loop
      vertex 2.216 35.182 15
      vertex 2.216 35.182 2
      vertex 0.523 36.864 2
    endloop
  endfacet
  facet normal 0 0 1
    outer loop
      vertex 9.311 -23.513 12.5
      vertex 9.275 -23.55 12.5
      vertex 8.258 -26.134 12.5
    endloop
  endfacet
  facet normal 0 0 1
    outer loop
      vertex 9.275 -23.55 12.5
      vertex 8.225 -26.17 12.5
      vertex 8.258 -26.134 12.5
    endloop
  endfacet
  facet normal 0.2117 -0.97734 0
    outer loop
      vertex -29.467 -8.132 2
      vertex -29.467 -8.132 12.5
      vertex -29.744 -8.192 2
    endloop
  endfacet
  facet normal -0.92829 0.37186 0
    outer loop
      vertex 8.225 -26.17 2
      vertex 8.225 -26.17 12.5
      vertex 9.172 -23.806 2
    endloop
  endfacet
  facet normal 0.20078 -0.97964 0
    outer loop
      vertex -27.852 -7.801 2
      vertex -27.852 -7.801 12.5
      vertex -29.467 -8.132 12.5
    endloop
  endfacet
  facet normal -0.94771 0.31913 0
    outer loop
      vertex 8.225 -26.17 2
      vertex 8.192 -26.268 2
      vertex 8.225 -26.17 12.5
    endloop
  endfacet
  facet normal -0.26033 -0.96552 0
    outer loop
      vertex -42.205 9.423 0
      vertex -42.205 9.423 12.5
      vertex -42.88 9.605 12.5
    endloop
  endfacet
  facet normal 0.24405 0.96976 0
    outer loop
      vertex -35.261 -1.568 2
      vertex -35.261 -1.568 12.5
      vertex -34.506 -1.758 12.5
    endloop
  endfacet
  facet normal 0.81713 0.57646 0
    outer loop
      vertex -27.132 10.959 0
      vertex -27.132 10.959 12.5
      vertex -26.435 9.971 0
    endloop
  endfacet
  facet normal 0.81713 0.57646 0
    outer loop
      vertex -26.435 9.971 0
      vertex -27.132 10.959 12.5
      vertex -26.435 9.971 12.5
    endloop
  endfacet
  facet normal 0.5128 0.85851 0
    outer loop
      vertex -40.274 9.714 12.5
      vertex -40.274 9.714 0
      vertex -41.687 10.558 0
    endloop
  endfacet
  facet normal 0.62683 0.77916 0
    outer loop
      vertex -27.132 10.959 0
      vertex -28.334 11.926 0
      vertex -27.132 10.959 12.5
    endloop
  endfacet
  facet normal 0.26334 0.9647 0
    outer loop
      vertex -41.687 10.558 0
      vertex -43.123 10.95 0
      vertex -41.687 10.558 12.5
    endloop
  endfacet
  facet normal 0 0 1
    outer loop
      vertex -29.012 -3.279 2
      vertex -29.694 -2.717 2
      vertex -32.21 -5.664 2
    endloop
  endfacet
  facet normal 0 0 1
    outer loop
      vertex -29.012 -3.279 2
      vertex -31.134 -7.154 2
      vertex -28.672 -3.558 2
    endloop
  endfacet
  facet normal 0 0 1
    outer loop
      vertex -4.128 -46.348 2
      vertex -5.28 -46.602 2
      vertex -4.096 -46.351 2
    endloop
  endfacet
  facet normal 0 0 1
    outer loop
      vertex -1.997 -46.846 2
      vertex -3.105 -46.432 2
      vertex -5.28 -46.602 2
    endloop
  endfacet
  facet normal 0 0 1
    outer loop
      vertex -6.658 -47.208 2
      vertex -1.997 -46.846 2
      vertex -5.28 -46.602 2
    endloop
  endfacet
  facet normal -0.10121 0.99487 0.00004
    outer loop
      vertex -44.509 10.809 12.5
      vertex -43.123 10.95 12.5
      vertex -44.258 10.835 2
    endloop
  endfacet
  facet normal 0.40256 -0.91539 0
    outer loop
      vertex -5.28 -46.602 12.5
      vertex -6.658 -47.208 2
      vertex -5.28 -46.602 2
    endloop
  endfacet
  facet normal -0.10303 0.99468 0
    outer loop
      vertex -44.258 10.835 2
      vertex -44.509 10.809 2
      vertex -44.509 10.809 12.5
    endloop
  endfacet
  facet normal 0.21531 -0.97654 0
    outer loop
      vertex -4.128 -46.348 2
      vertex -5.28 -46.602 12.5
      vertex -5.28 -46.602 2
    endloop
  endfacet
  facet normal -0.86481 -0.50209 0
    outer loop
      vertex -28.132 10.129 12.5
      vertex -27.833 9.614 0
      vertex -27.833 9.614 12.5
    endloop
  endfacet
  facet normal -0.10081 0.99491 0
    outer loop
      vertex -43.123 10.95 12.5
      vertex -43.123 10.95 0
      vertex -44.258 10.835 2
    endloop
  endfacet
  facet normal -0.60775 0.79413 0
    outer loop
      vertex -7.898 -46.357 2
      vertex -8.192 -46.582 2
      vertex -7.898 -46.357 12.5
    endloop
  endfacet
  facet normal 0.97721 0.21227 0
    outer loop
      vertex -26.208 8.926 0
      vertex -26.435 9.971 12.5
      vertex -26.208 8.926 12.5
    endloop
  endfacet
  facet normal 0.5128 0.85851 0
    outer loop
      vertex -41.687 10.558 12.5
      vertex -40.274 9.714 12.5
      vertex -41.687 10.558 0
    endloop
  endfacet
  facet normal 0 0 1
    outer loop
      vertex -28.745 10.652 12.5
      vertex -28.334 11.926 12.5
      vertex -30.945 11.859 12.5
    endloop
  endfacet
  facet normal 0 0 1
    outer loop
      vertex -28.132 10.129 12.5
      vertex -27.132 10.959 12.5
      vertex -28.745 10.652 12.5
    endloop
  endfacet
  facet normal 0 0 1
    outer loop
      vertex -30.073 12.909 12.5
      vertex -30.945 11.859 12.5
      vertex -28.334 11.926 12.5
    endloop
  endfacet
  facet normal 0 0 1
    outer loop
      vertex -32.472 12.655 12.5
      vertex -30.945 11.859 12.5
      vertex -30.073 12.909 12.5
    endloop
  endfacet
  facet normal 0 0 1
    outer loop
      vertex 13.441 -22.916 2
      vertex 11.302 -22.4 2
      vertex 12.432 -25.05 2
    endloop
  endfacet
  facet normal 0 0 1
    outer loop
      vertex -29.012 -3.279 2
      vertex -32.21 -5.664 2
      vertex -31.134 -7.154 2
    endloop
  endfacet
  facet normal 0 0 1
    outer loop
      vertex -28.316 -6.877 2
      vertex -27.591 -7.016 2
      vertex -28.672 -3.558 2
    endloop
  endfacet
  facet normal 0 0 1
    outer loop
      vertex -31.134 -7.154 2
      vertex -28.316 -6.877 2
      vertex -28.672 -3.558 2
    endloop
  endfacet
  facet normal 0 0 1
    outer loop
      vertex -32.455 -7.662 2
      vertex -31.841 -7.342 2
      vertex -32.21 -5.664 2
    endloop
  endfacet
  facet normal -0.481 -0.87672 0
    outer loop
      vertex -28.745 10.652 12.5
      vertex -30.945 11.859 12.5
      vertex -28.745 10.652 0
    endloop
  endfacet
  facet normal 0 0 1
    outer loop
      vertex 12.432 -25.05 2
      vertex 9.028 -27.471 2
      vertex 11.376 -27.678 2
    endloop
  endfacet
  facet normal 0 0 1
    outer loop
      vertex 9.028 -27.471 2
      vertex 7.839 -31.081 2
      vertex 11.376 -27.678 2
    endloop
  endfacet
  facet normal 0 0 1
    outer loop
      vertex -32.455 -7.662 2
      vertex -32.21 -5.664 2
      vertex -32.768 -7.932 2
    endloop
  endfacet
  facet normal 0 0 1
    outer loop
      vertex -31.841 -7.342 2
      vertex -31.134 -7.154 2
      vertex -32.21 -5.664 2
    endloop
  endfacet
  facet normal 0 0 1
    outer loop
      vertex 7.493 -22.895 2
      vertex 6.437 -25.515 2
      vertex 9.172 -23.806 2
    endloop
  endfacet
  facet normal 0.90404 -0.42745 0
    outer loop
      vertex 12.432 -25.05 0
      vertex 13.441 -22.916 0
      vertex 12.432 -25.05 2
    endloop
  endfacet
  facet normal 0.62683 0.77916 0
    outer loop
      vertex -28.334 11.926 12.5
      vertex -27.132 10.959 12.5
      vertex -28.334 11.926 0
    endloop
  endfacet
  facet normal 0.92789 -0.37285 0
    outer loop
      vertex 11.376 -27.678 0
      vertex 12.432 -25.05 0
      vertex 12.432 -25.05 2
    endloop
  endfacet
  facet normal 0.92789 -0.37285 0
    outer loop
      vertex 11.376 -27.678 0
      vertex 12.432 -25.05 2
      vertex 11.376 -27.678 2
    endloop
  endfacet
  facet normal 0.94742 -0.32 0
    outer loop
      vertex 9.29 -33.854 2
      vertex 11.376 -27.678 0
      vertex 11.376 -27.678 2
    endloop
  endfacet
  facet normal 0.62743 0.77867 0
    outer loop
      vertex -32.559 14.317 0
      vertex -33.357 14.96 12.5
      vertex -32.559 14.317 12.5
    endloop
  endfacet
  facet normal 0 0 1
    outer loop
      vertex -29.744 -8.192 2
      vertex -30.918 -8.446 2
      vertex -28.449 -10.766 2
    endloop
  endfacet
  facet normal 0.49282 0.87013 0
    outer loop
      vertex -32.559 14.317 12.5
      vertex -30.073 12.909 12.5
      vertex -32.559 14.317 0
    endloop
  endfacet
  facet normal 0.49282 0.87013 0
    outer loop
      vertex -30.073 12.909 0
      vertex -32.559 14.317 0
      vertex -30.073 12.909 12.5
    endloop
  endfacet
  facet normal 0.80494 0.59335 0
    outer loop
      vertex 2.216 35.182 2
      vertex 2.216 35.182 15
      vertex 3.147 33.919 2
    endloop
  endfacet
  facet normal 0.80494 0.59335 0
    outer loop
      vertex 3.147 33.919 15
      vertex 3.147 33.919 2
      vertex 2.216 35.182 15
    endloop
  endfacet
  facet normal -0.94741 0.32001 0.00005
    outer loop
      vertex 6.178 -32.292 15
      vertex 8.258 -26.134 15
      vertex 8.192 -26.329 12.5
    endloop
  endfacet
  facet normal 0.49209 0.87054 0
    outer loop
      vertex -28.334 11.926 0
      vertex -30.073 12.909 0
      vertex -30.073 12.909 12.5
    endloop
  endfacet
  facet normal 0.49209 0.87054 0
    outer loop
      vertex -28.334 11.926 0
      vertex -30.073 12.909 12.5
      vertex -28.334 11.926 12.5
    endloop
  endfacet
  facet normal 0 0 1
    outer loop
      vertex 4.335 -23.831 12.5
      vertex 3.32 -24.431 12.5
      vertex 4.406 -25.117 12.5
    endloop
  endfacet
  facet normal 0.20078 -0.97964 0
    outer loop
      vertex -27.852 -7.801 2
      vertex -29.467 -8.132 12.5
      vertex -29.467 -8.132 2
    endloop
  endfacet
  facet normal -0.10081 0.99491 0
    outer loop
      vertex -43.123 10.95 0
      vertex -44.258 10.835 0
      vertex -44.258 10.835 2
    endloop
  endfacet
  facet normal 0 0 1
    outer loop
      vertex 8.225 -26.17 12.5
      vertex 6.159 -32.323 12.5
      vertex 8.192 -26.329 12.5
    endloop
  endfacet
  facet normal 0 0 1
    outer loop
      vertex 6.178 -32.292 12.5
      vertex 8.192 -26.329 12.5
      vertex 6.159 -32.323 12.5
    endloop
  endfacet
  facet normal 0 0 1
    outer loop
      vertex 8.225 -26.17 12.5
      vertex 8.192 -26.329 12.5
      vertex 8.258 -26.134 12.5
    endloop
  endfacet
  facet normal -0.89649 0.44306 0
    outer loop
      vertex -28.137 8.467 12.5
      vertex -27.838 9.072 12.5
      vertex -28.137 8.467 0
    endloop
  endfacet
  facet normal -0.89649 0.44306 0
    outer loop
      vertex -27.838 9.072 0
      vertex -28.137 8.467 0
      vertex -27.838 9.072 12.5
    endloop
  endfacet
  facet normal 0.9672 0.25402 0
    outer loop
      vertex -44.258 10.835 2
      vertex -44.684 12.457 0
      vertex -44.684 12.457 2
    endloop
  endfacet
  facet normal -0.99996 0.00922 0
    outer loop
      vertex -27.833 9.614 12.5
      vertex -27.833 9.614 0
      vertex -27.838 9.072 12.5
    endloop
  endfacet
  facet normal -0.09783 0.9952 0
    outer loop
      vertex -31.134 -7.154 2
      vertex -31.134 -7.154 12.5
      vertex -28.316 -6.877 2
    endloop
  endfacet
  facet normal 0.9672 0.25402 0
    outer loop
      vertex -44.258 10.835 2
      vertex -44.258 10.835 0
      vertex -44.684 12.457 0
    endloop
  endfacet
  facet normal -0.55924 -0.82901 0
    outer loop
      vertex -33.44 13.308 0
      vertex -32.472 12.655 0
      vertex -32.472 12.655 12.5
    endloop
  endfacet
  facet normal -0.481 -0.87672 0
    outer loop
      vertex -28.745 10.652 0
      vertex -30.945 11.859 12.5
      vertex -30.945 11.859 0
    endloop
  endfacet
  facet normal -0.65318 0.7572 0
    outer loop
      vertex -32.455 -7.662 2
      vertex -32.768 -7.932 2
      vertex -32.455 -7.662 12.5
    endloop
  endfacet
  facet normal -0.64905 -0.76074 0
    outer loop
      vertex -28.745 10.652 0
      vertex -28.132 10.129 0
      vertex -28.745 10.652 12.5
    endloop
  endfacet
  facet normal -0.64905 -0.76074 0
    outer loop
      vertex -28.132 10.129 12.5
      vertex -28.745 10.652 12.5
      vertex -28.132 10.129 0
    endloop
  endfacet
  facet normal 0 0 1
    outer loop
      vertex 2.61 -25.091 12.5
      vertex 3.118 -26.312 12.5
      vertex 3.109 -25.112 12.5
    endloop
  endfacet
  facet normal 0 0 1
    outer loop
      vertex 3.118 -26.312 12.5
      vertex 3.724 -26.207 12.5
      vertex 3.109 -25.112 12.5
    endloop
  endfacet
  facet normal 0 0 1
    outer loop
      vertex -17.734 -8.71 12.5
      vertex -18.669 -6.357 12.5
      vertex -19.01 -9.001 12.5
    endloop
  endfacet
  facet normal 0 0 1
    outer loop
      vertex -20.502 -8.839 12.5
      vertex -19.01 -9.001 12.5
      vertex -18.669 -6.357 12.5
    endloop
  endfacet
  facet normal 0 0 1
    outer loop
      vertex -18.669 -6.357 12.5
      vertex -21.001 -5.907 12.5
      vertex -20.502 -8.839 12.5
    endloop
  endfacet
  facet normal 0 0 1
    outer loop
      vertex -15.77 -7.951 12.5
      vertex -16.452 -6.275 12.5
      vertex -17.734 -8.71 12.5
    endloop
  endfacet
  facet normal 0 0 1
    outer loop
      vertex -22.027 -8.331 12.5
      vertex -20.502 -8.839 12.5
      vertex -21.001 -5.907 12.5
    endloop
  endfacet
  facet normal -0.99996 0.00922 0
    outer loop
      vertex -27.838 9.072 0
      vertex -27.838 9.072 12.5
      vertex -27.833 9.614 0
    endloop
  endfacet
  facet normal 0.92894 -0.37023 0
    outer loop
      vertex 3.325 32.768 2
      vertex 3.38 32.906 2
      vertex 3.38 32.906 15
    endloop
  endfacet
  facet normal 0 0 1
    outer loop
      vertex 1.831 -24.835 12.5
      vertex 1.943 -26.42 12.5
      vertex 2.61 -25.091 12.5
    endloop
  endfacet
  facet normal -0.86481 -0.50209 0
    outer loop
      vertex -28.132 10.129 12.5
      vertex -28.132 10.129 0
      vertex -27.833 9.614 0
    endloop
  endfacet
  facet normal 0 0 1
    outer loop
      vertex 4.311 -25.669 12.5
      vertex 4.406 -25.117 12.5
      vertex 3.34 -24.893 12.5
    endloop
  endfacet
  facet normal 0 0 1
    outer loop
      vertex 3.724 -26.207 12.5
      vertex 4.103 -26.013 12.5
      vertex 3.109 -25.112 12.5
    endloop
  endfacet
  facet normal 0 0 1
    outer loop
      vertex 3.34 -24.893 12.5
      vertex 3.109 -25.112 12.5
      vertex 4.103 -26.013 12.5
    endloop
  endfacet
  facet normal 0 0 1
    outer loop
      vertex 4.311 -25.669 12.5
      vertex 3.34 -24.893 12.5
      vertex 4.103 -26.013 12.5
    endloop
  endfacet
  facet normal -0.46225 -0.88675 0
    outer loop
      vertex -32.472 12.655 0
      vertex -30.945 11.859 0
      vertex -32.472 12.655 12.5
    endloop
  endfacet
  facet normal -0.46225 -0.88675 0
    outer loop
      vertex -30.945 11.859 12.5
      vertex -32.472 12.655 12.5
      vertex -30.945 11.859 0
    endloop
  endfacet
  facet normal 0.97721 0.21227 0
    outer loop
      vertex -26.435 9.971 12.5
      vertex -26.208 8.926 0
      vertex -26.435 9.971 0
    endloop
  endfacet
  facet normal 0.22235 -0.97497 0
    outer loop
      vertex -17.734 -8.71 12.5
      vertex -19.01 -9.001 12.5
      vertex -17.734 -8.71 0
    endloop
  endfacet
  facet normal 0 0 1
    outer loop
      vertex -23.334 -15.388 12.5
      vertex -23.102 -13.89 12.5
      vertex -24.087 -14.578 12.5
    endloop
  endfacet
  facet normal 0 0 1
    outer loop
      vertex 0.503 36.884 2
      vertex 0.523 36.864 2
      vertex 3.602 36.864 2
    endloop
  endfacet
  facet normal 0 0 1
    outer loop
      vertex 2.216 35.182 2
      vertex 3.602 36.864 2
      vertex 0.523 36.864 2
    endloop
  endfacet
  facet normal 0 0 1
    outer loop
      vertex 2.216 35.182 2
      vertex 3.147 33.919 2
      vertex 3.602 36.864 2
    endloop
  endfacet
  facet normal 0 0 1
    outer loop
      vertex 4.027 36.667 2
      vertex 3.602 36.864 2
      vertex 3.147 33.919 2
    endloop
  endfacet
  facet normal 0 0 -1
    outer loop
      vertex -11.064 -23.937 0
      vertex -13.36 -22.901 0
      vertex -11.28 -20.386 0
    endloop
  endfacet
  facet normal 0 0 -1
    outer loop
      vertex -13.36 -22.901 0
      vertex -13.667 -22.545 0
      vertex -11.28 -20.386 0
    endloop
  endfacet
  facet normal 0 0 -1
    outer loop
      vertex -11.323 -24.206 0
      vertex -13.113 -23.577 0
      vertex -11.064 -23.937 0
    endloop
  endfacet
  facet normal 0 0 -1
    outer loop
      vertex -14.075 -19.064 0
      vertex -11.28 -20.386 0
      vertex -13.667 -22.545 0
    endloop
  endfacet
  facet normal 0 0 -1
    outer loop
      vertex -14.075 -19.064 0
      vertex -13.667 -22.545 0
      vertex -16.433 -20.59 0
    endloop
  endfacet
  facet normal 0 0 -1
    outer loop
      vertex -5.409 -25.117 0
      vertex -4.171 -24.922 0
      vertex -5.369 -25.768 0
    endloop
  endfacet
  facet normal 0 0 -1
    outer loop
      vertex -5.369 -25.768 0
      vertex -4.081 -26.819 0
      vertex -5.104 -28.883 0
    endloop
  endfacet
  facet normal 0 0 -1
    outer loop
      vertex -4.081 -26.819 0
      vertex -5.369 -25.768 0
      vertex -4.171 -24.922 0
    endloop
  endfacet
  facet normal 0 0 -1
    outer loop
      vertex -5.654 -24.764 0
      vertex -5.824 -21.676 0
      vertex -4.171 -24.922 0
    endloop
  endfacet
  facet normal 0 0 -1
    outer loop
      vertex -6.296 -24.587 0
      vertex -5.824 -21.676 0
      vertex -5.654 -24.764 0
    endloop
  endfacet
  facet normal 0 0 -1
    outer loop
      vertex -5.409 -25.117 0
      vertex -5.654 -24.764 0
      vertex -4.171 -24.922 0
    endloop
  endfacet
  facet normal 0.348 0.93749 0
    outer loop
      vertex 1.675 33.039 15
      vertex 1.675 33.039 2
      vertex 0.39 33.516 2
    endloop
  endfacet
  facet normal 0 0 -1
    outer loop
      vertex -3.937 -24.613 0
      vertex -4.171 -24.922 0
      vertex -5.824 -21.676 0
    endloop
  endfacet
  facet normal 0 0 -1
    outer loop
      vertex -0.823 -25.008 0
      vertex -2.414 -24.247 0
      vertex -0.633 -23.632 0
    endloop
  endfacet
  facet normal 0.33572 0.94196 0
    outer loop
      vertex 0.39 33.516 2
      vertex 0 33.655 2
      vertex 0.39 33.516 15
    endloop
  endfacet
  facet normal -0.80193 -0.59742 0
    outer loop
      vertex -24.087 -14.578 12.5
      vertex -24.347 -14.229 12.5
      vertex -24.087 -14.578 0
    endloop
  endfacet
  facet normal -0.80193 -0.59742 0
    outer loop
      vertex -24.347 -14.229 0
      vertex -24.087 -14.578 0
      vertex -24.347 -14.229 12.5
    endloop
  endfacet
  facet normal -0.73241 -0.68087 0
    outer loop
      vertex -24.087 -14.578 0
      vertex -23.334 -15.388 0
      vertex -23.334 -15.388 12.5
    endloop
  endfacet
  facet normal -0.73241 -0.68087 0
    outer loop
      vertex -24.087 -14.578 0
      vertex -23.334 -15.388 12.5
      vertex -24.087 -14.578 12.5
    endloop
  endfacet
  facet normal 0.33555 0.94202 0.00001
    outer loop
      vertex 0 33.655 2
      vertex -1.505 34.191 15
      vertex 0.39 33.516 15
    endloop
  endfacet
  facet normal 0 0 -1
    outer loop
      vertex -7.529 -24.465 0
      vertex -7.074 -21.676 0
      vertex -6.296 -24.587 0
    endloop
  endfacet
  facet normal 0 0 -1
    outer loop
      vertex -5.824 -21.676 0
      vertex -4.024 -21.242 0
      vertex -3.937 -24.613 0
    endloop
  endfacet
  facet normal -0.62507 -0.78057 0
    outer loop
      vertex -21.813 -16.606 12.5
      vertex -23.334 -15.388 12.5
      vertex -21.813 -16.606 0
    endloop
  endfacet
  facet normal -0.62507 -0.78057 0
    outer loop
      vertex -23.334 -15.388 0
      vertex -21.813 -16.606 0
      vertex -23.334 -15.388 12.5
    endloop
  endfacet
  facet normal -0.76343 -0.64589 0
    outer loop
      vertex 1.726 33.508 15
      vertex 0.539 34.911 2
      vertex 1.726 33.508 2
    endloop
  endfacet
  facet normal 0 0 -1
    outer loop
      vertex 1.831 -24.835 0
      vertex 0.021 -25.516 0
      vertex -0.633 -23.632 0
    endloop
  endfacet
  facet normal 0 0 -1
    outer loop
      vertex -0.823 -25.008 0
      vertex -0.633 -23.632 0
      vertex 0.021 -25.516 0
    endloop
  endfacet
  facet normal 0 0 1
    outer loop
      vertex 1.831 -24.835 12.5
      vertex 0.021 -25.516 12.5
      vertex 0.476 -25.977 12.5
    endloop
  endfacet
  facet normal 0 0 1
    outer loop
      vertex 0.659 -26.587 12.5
      vertex 1.943 -26.42 12.5
      vertex 0.476 -25.977 12.5
    endloop
  endfacet
  facet normal 0 0 1
    outer loop
      vertex 1.831 -24.835 12.5
      vertex 0.476 -25.977 12.5
      vertex 1.943 -26.42 12.5
    endloop
  endfacet
  facet normal 0 0 1
    outer loop
      vertex 3.118 -26.312 12.5
      vertex 2.61 -25.091 12.5
      vertex 1.943 -26.42 12.5
    endloop
  endfacet
  facet normal 0 0 1
    outer loop
      vertex 1.726 33.508 2
      vertex 0.539 34.911 2
      vertex 0.39 33.516 2
    endloop
  endfacet
  facet normal 0 0 1
    outer loop
      vertex 0 33.655 2
      vertex 0.39 33.516 2
      vertex 0.539 34.911 2
    endloop
  endfacet
  facet normal 0 0 1
    outer loop
      vertex 1.855 33.156 2
      vertex 1.726 33.508 2
      vertex 1.675 33.039 2
    endloop
  endfacet
  facet normal 0 0 1
    outer loop
      vertex 0.39 33.516 2
      vertex 1.675 33.039 2
      vertex 1.726 33.508 2
    endloop
  endfacet
  facet normal 0 0 1
    outer loop
      vertex -1.505 34.191 2
      vertex 0 33.655 2
      vertex 0.539 34.911 2
    endloop
  endfacet
  facet normal 0 0 -1
    outer loop
      vertex -3.816 -30.251 0
      vertex -4.877 -30.839 0
      vertex -3.854 -29.825 0
    endloop
  endfacet
  facet normal 0 0 -1
    outer loop
      vertex -4.081 -26.819 0
      vertex -3.854 -29.825 0
      vertex -5.104 -28.883 0
    endloop
  endfacet
  facet normal 0.49822 0.86705 0
    outer loop
      vertex -23.102 -13.89 0
      vertex -23.102 -13.89 12.5
      vertex -16.736 -17.548 0
    endloop
  endfacet
  facet normal -0.54499 0.83844 0
    outer loop
      vertex 1.675 33.039 15
      vertex 1.855 33.156 15
      vertex 1.675 33.039 2
    endloop
  endfacet
  facet normal -0.54499 0.83844 0
    outer loop
      vertex 1.855 33.156 2
      vertex 1.675 33.039 2
      vertex 1.855 33.156 15
    endloop
  endfacet
  facet normal 0 0 -1
    outer loop
      vertex -5.104 -28.883 0
      vertex -3.854 -29.825 0
      vertex -4.877 -30.839 0
    endloop
  endfacet
  facet normal 0 0 -1
    outer loop
      vertex -3.632 -30.463 0
      vertex -4.877 -30.839 0
      vertex -3.816 -30.251 0
    endloop
  endfacet
  facet normal -0.93893 -0.3441 0
    outer loop
      vertex 1.855 33.156 15
      vertex 1.726 33.508 15
      vertex 1.855 33.156 2
    endloop
  endfacet
  facet normal -0.93893 -0.3441 0
    outer loop
      vertex 1.726 33.508 2
      vertex 1.855 33.156 2
      vertex 1.726 33.508 15
    endloop
  endfacet
  facet normal -0.31604 -0.94875 0
    outer loop
      vertex -20.502 -8.839 0
      vertex -20.502 -8.839 12.5
      vertex -22.027 -8.331 0
    endloop
  endfacet
  facet normal 0.97531 0.22083 0
    outer loop
      vertex 3.147 33.919 2
      vertex 3.147 33.919 15
      vertex 3.171 33.813 2
    endloop
  endfacet
  facet normal 0 0 -1
    outer loop
      vertex -2.414 -30.368 0
      vertex -2.452 -31.635 0
      vertex -3.632 -30.463 0
    endloop
  endfacet
  facet normal -0.31604 -0.94875 0
    outer loop
      vertex -22.027 -8.331 12.5
      vertex -22.027 -8.331 0
      vertex -20.502 -8.839 12.5
    endloop
  endfacet
  facet normal -0.10794 -0.99416 0
    outer loop
      vertex -19.01 -9.001 12.5
      vertex -20.502 -8.839 12.5
      vertex -19.01 -9.001 0
    endloop
  endfacet
  facet normal -0.10794 -0.99416 0
    outer loop
      vertex -20.502 -8.839 0
      vertex -19.01 -9.001 0
      vertex -20.502 -8.839 12.5
    endloop
  endfacet
  facet normal 0 0 -1
    outer loop
      vertex -5.142 -31.961 0
      vertex -11.053 -31.454 0
      vertex -7.567 -30.621 0
    endloop
  endfacet
  facet normal 0 0 -1
    outer loop
      vertex -5.142 -31.961 0
      vertex -7.567 -30.621 0
      vertex -4.877 -30.839 0
    endloop
  endfacet
  facet normal 0.97446 0.22455 0
    outer loop
      vertex 3.38 32.906 15
      vertex 3.38 32.906 2
      vertex 3.171 33.813 2
    endloop
  endfacet
  facet normal 0 0 -1
    outer loop
      vertex -4.877 -30.839 0
      vertex -3.93 -31.853 0
      vertex -5.142 -31.961 0
    endloop
  endfacet
  facet normal 0 0 -1
    outer loop
      vertex -4.877 -30.839 0
      vertex -3.632 -30.463 0
      vertex -3.93 -31.853 0
    endloop
  endfacet
  facet normal 0.97455 0.22416 -0.00003
    outer loop
      vertex 3.171 33.813 2
      vertex 3.147 33.919 15
      vertex 3.38 32.906 15
    endloop
  endfacet
  facet normal 0 0 -1
    outer loop
      vertex -3.93 -31.853 0
      vertex -3.632 -30.463 0
      vertex -2.452 -31.635 0
    endloop
  endfacet
  facet normal 0 0 -1
    outer loop
      vertex -0.563 -31.187 0
      vertex -2.452 -31.635 0
      vertex -2.414 -30.368 0
    endloop
  endfacet
  facet normal 0 0 -1
    outer loop
      vertex -0.563 -31.187 0
      vertex -2.414 -30.368 0
      vertex -0.842 -30.013 0
    endloop
  endfacet
  facet normal 0 0 -1
    outer loop
      vertex 0.106 -29.512 0
      vertex 0.503 -30.766 0
      vertex -0.842 -30.013 0
    endloop
  endfacet
  facet normal -0.47538 -0.87978 0
    outer loop
      vertex -22.027 -8.331 12.5
      vertex -23.093 -7.755 2
      vertex -22.027 -8.331 0
    endloop
  endfacet
  facet normal 0.22235 -0.97497 0
    outer loop
      vertex -17.734 -8.71 0
      vertex -19.01 -9.001 12.5
      vertex -19.01 -9.001 0
    endloop
  endfacet
  facet normal 0 0 -1
    outer loop
      vertex -3.664 -34.822 0
      vertex -5.142 -31.961 0
      vertex -3.93 -31.853 0
    endloop
  endfacet
  facet normal 0 0 1
    outer loop
      vertex -29.581 6.934 12.5
      vertex -31.149 5.187 12.5
      vertex -30.109 4.333 12.5
    endloop
  endfacet
  facet normal 0 0 1
    outer loop
      vertex -29.581 6.934 12.5
      vertex -30.109 4.333 12.5
      vertex -28.33 6.318 12.5
    endloop
  endfacet
  facet normal 0 0 1
    outer loop
      vertex -26.829 7.907 12.5
      vertex -28.137 8.467 12.5
      vertex -28.33 6.318 12.5
    endloop
  endfacet
  facet normal 0 0 1
    outer loop
      vertex -26.208 8.926 12.5
      vertex -27.838 9.072 12.5
      vertex -26.829 7.907 12.5
    endloop
  endfacet
  facet normal 0 0 1
    outer loop
      vertex 0.693 -27.543 12.5
      vertex 0.57 -28.733 12.5
      vertex 1.943 -26.42 12.5
    endloop
  endfacet
  facet normal 0 0 1
    outer loop
      vertex 1.943 -26.42 12.5
      vertex 0.659 -26.587 12.5
      vertex 0.693 -27.543 12.5
    endloop
  endfacet
  facet normal 0 0 1
    outer loop
      vertex 5.309 32.872 2
      vertex 5.344 33.509 2
      vertex 3.38 32.906 2
    endloop
  endfacet
  facet normal 0 0 1
    outer loop
      vertex 3.171 33.813 2
      vertex 3.38 32.906 2
      vertex 5.344 33.509 2
    endloop
  endfacet
  facet normal 0 0 1
    outer loop
      vertex 3.147 33.919 2
      vertex 3.171 33.813 2
      vertex 5.344 33.509 2
    endloop
  endfacet
  facet normal 0 0 1
    outer loop
      vertex 5.551 33.749 2
      vertex 4.5 36.427 2
      vertex 5.344 33.509 2
    endloop
  endfacet
  facet normal 0 0 1
    outer loop
      vertex -1.653 -42 2
      vertex -2.918 -42.437 2
      vertex -2.333 -45.361 2
    endloop
  endfacet
  facet normal 0 0 1
    outer loop
      vertex -3.976 -45.109 2
      vertex -2.333 -45.361 2
      vertex -2.918 -42.437 2
    endloop
  endfacet
  facet normal 0 0 1
    outer loop
      vertex 3.325 32.768 2
      vertex 5.204 32.069 2
      vertex 3.38 32.906 2
    endloop
  endfacet
  facet normal 0 0 -1
    outer loop
      vertex -12.758 -26.131 0
      vertex -11.432 -26.855 0
      vertex -12.639 -28.358 0
    endloop
  endfacet
  facet normal -0.07246 0.99737 0
    outer loop
      vertex -5.445 -45.216 12.5
      vertex -4.096 -45.118 2
      vertex -5.445 -45.216 2
    endloop
  endfacet
  facet normal 0 0 1
    outer loop
      vertex -44.258 10.835 2
      vertex -44.684 12.457 2
      vertex -44.509 10.809 2
    endloop
  endfacet
  facet normal 0 0 1
    outer loop
      vertex -46.598 12.288 2
      vertex -46.505 12.114 2
      vertex -44.684 12.457 2
    endloop
  endfacet
  facet normal -0.99937 -0.03554 0
    outer loop
      vertex 0.693 -27.543 0
      vertex 0.693 -27.543 12.5
      vertex 0.659 -26.587 12.5
    endloop
  endfacet
  facet normal 0 0 1
    outer loop
      vertex -44.509 10.809 2
      vertex -44.684 12.457 2
      vertex -45.056 10.708 2
    endloop
  endfacet
  facet normal -0.0217 -0.99976 0
    outer loop
      vertex -42.88 9.605 12.5
      vertex -43.571 9.62 0
      vertex -42.88 9.605 0
    endloop
  endfacet
  facet normal -0.68434 -0.72916 0
    outer loop
      vertex -41.54 9.066 12.5
      vertex -41.54 9.066 0
      vertex -40.206 7.814 0
    endloop
  endfacet
  facet normal -0.26033 -0.96552 0
    outer loop
      vertex -42.205 9.423 0
      vertex -42.88 9.605 12.5
      vertex -42.88 9.605 0
    endloop
  endfacet
  facet normal -0.47299 -0.88107 0
    outer loop
      vertex -42.205 9.423 0
      vertex -41.54 9.066 0
      vertex -41.54 9.066 12.5
    endloop
  endfacet
  facet normal 0.99317 -0.11666 0
    outer loop
      vertex -44.023 9.119 2
      vertex -44.136 8.157 0
      vertex -44.023 9.119 0
    endloop
  endfacet
  facet normal 0 0 1
    outer loop
      vertex -28.449 -10.766 12.5
      vertex -28.7 -11.137 12.5
      vertex -27.977 -10.734 12.5
    endloop
  endfacet
  facet normal 0 0 1
    outer loop
      vertex -27.459 -11.137 12.5
      vertex -27.977 -10.734 12.5
      vertex -28.558 -11.753 12.5
    endloop
  endfacet
  facet normal 0 0 1
    outer loop
      vertex -28.558 -11.753 12.5
      vertex -27.977 -10.734 12.5
      vertex -28.7 -11.137 12.5
    endloop
  endfacet
  facet normal 0 0 1
    outer loop
      vertex -29.126 -0.526 12.5
      vertex -26.465 -1.096 12.5
      vertex -27.724 0.524 12.5
    endloop
  endfacet
  facet normal 0.20774 -0.97818 -0.00004
    outer loop
      vertex -43.571 9.62 12.5
      vertex -44.282 9.469 12.5
      vertex -44.044 9.52 2
    endloop
  endfacet
  facet normal 0 0 1
    outer loop
      vertex -31.149 5.187 12.5
      vertex -32.493 3.145 12.5
      vertex -30.109 4.333 12.5
    endloop
  endfacet
  facet normal 0.99863 0.0523 0
    outer loop
      vertex -44.044 9.52 2
      vertex -44.023 9.119 2
      vertex -44.023 9.119 0
    endloop
  endfacet
  facet normal 0.99863 0.0523 0
    outer loop
      vertex -44.044 9.52 2
      vertex -44.023 9.119 0
      vertex -44.044 9.52 0
    endloop
  endfacet
  facet normal 0.44721 -0.89443 0
    outer loop
      vertex -44.984 9.118 2
      vertex -44.282 9.469 2
      vertex -44.282 9.469 12.5
    endloop
  endfacet
  facet normal 0 0 1
    outer loop
      vertex -31.47 2.218 12.5
      vertex -30.109 4.333 12.5
      vertex -32.493 3.145 12.5
    endloop
  endfacet
  facet normal 0.61405 0.78927 0
    outer loop
      vertex -27.459 -11.137 12.5
      vertex -27.459 -11.137 2
      vertex -27.977 -10.734 12.5
    endloop
  endfacet
  facet normal -0.59945 0.80041 0
    outer loop
      vertex -29.126 -0.526 0
      vertex -29.126 -0.526 12.5
      vertex -27.724 0.524 0
    endloop
  endfacet
  facet normal 0 0 1
    outer loop
      vertex -6.697 -45.692 2
      vertex -5.445 -45.216 2
      vertex -6.115 -42.91 2
    endloop
  endfacet
  facet normal 0 0 1
    outer loop
      vertex -4.65 -42.862 2
      vertex -6.115 -42.91 2
      vertex -5.445 -45.216 2
    endloop
  endfacet
  facet normal 0 0 1
    outer loop
      vertex 17.444 29.845 2
      vertex 15.542 28.85 2
      vertex 17.858 28.687 2
    endloop
  endfacet
  facet normal 0 0 1
    outer loop
      vertex 16.632 31.274 2
      vertex 14.939 29.931 2
      vertex 17.444 29.845 2
    endloop
  endfacet
  facet normal 0 0 1
    outer loop
      vertex 18 27.188 2
      vertex 17.858 28.687 2
      vertex 15.867 27.862 2
    endloop
  endfacet
  facet normal 0 0 1
    outer loop
      vertex 15.867 27.862 2
      vertex 16 24.679 2
      vertex 18 27.188 2
    endloop
  endfacet
  facet normal 0.99895 -0.04571 0
    outer loop
      vertex 17.824 20.891 2
      vertex 18 24.737 0
      vertex 18 24.737 2
    endloop
  endfacet
  facet normal 0.99554 0.09431 0
    outer loop
      vertex 18 27.188 0
      vertex 17.858 28.687 0
      vertex 17.858 28.687 2
    endloop
  endfacet
  facet normal 0.99554 0.09431 0
    outer loop
      vertex 18 27.188 0
      vertex 17.858 28.687 2
      vertex 18 27.188 2
    endloop
  endfacet
  facet normal 0.92352 -0.38355 -0.00001
    outer loop
      vertex -31.47 2.218 12.5
      vertex -32.343 0.116 12.5
      vertex -31.699 1.667 2
    endloop
  endfacet
  facet normal 0.94163 0.33665 0
    outer loop
      vertex 17.858 28.687 0
      vertex 17.444 29.845 0
      vertex 17.444 29.845 2
    endloop
  endfacet
  facet normal 0.94163 0.33665 0
    outer loop
      vertex 17.858 28.687 0
      vertex 17.444 29.845 2
      vertex 17.858 28.687 2
    endloop
  endfacet
  facet normal 0.86944 0.49404 0
    outer loop
      vertex 17.444 29.845 0
      vertex 16.632 31.274 0
      vertex 16.632 31.274 2
    endloop
  endfacet
  facet normal 0.86944 0.49404 0
    outer loop
      vertex 17.444 29.845 0
      vertex 16.632 31.274 2
      vertex 17.444 29.845 2
    endloop
  endfacet
  facet normal 0.92206 -0.38704 0.0002
    outer loop
      vertex -31.47 2.218 12.5
      vertex -31.699 1.667 2
      vertex -31.665 1.748 2
    endloop
  endfacet
  facet normal 0.82474 0.56551 0
    outer loop
      vertex 16.632 31.274 0
      vertex 14.998 33.657 2
      vertex 16.632 31.274 2
    endloop
  endfacet
  facet normal 0 -1 0
    outer loop
      vertex -8.507 -48 0
      vertex 0.754 -48 2
      vertex -8.507 -48 2
    endloop
  endfacet
  facet normal 0 0 1
    outer loop
      vertex -8.192 -47.865 2
      vertex 0.754 -48 2
      vertex -6.658 -47.208 2
    endloop
  endfacet
  facet normal 0 0 1
    outer loop
      vertex -1.291 -47.11 2
      vertex -6.658 -47.208 2
      vertex 0.754 -48 2
    endloop
  endfacet
  facet normal 0 0 -1
    outer loop
      vertex -11.432 -26.855 0
      vertex -11.393 -28.89 0
      vertex -12.639 -28.358 0
    endloop
  endfacet
  facet normal 0 0 -1
    outer loop
      vertex -12.639 -28.358 0
      vertex -11.393 -28.89 0
      vertex -12.72 -29.281 0
    endloop
  endfacet
  facet normal 0.86816 -0.49629 0
    outer loop
      vertex 16.936 18.38 2
      vertex 15.867 16.51 0
      vertex 16.936 18.38 0
    endloop
  endfacet
  facet normal 0.91578 -0.40167 0
    outer loop
      vertex 16.936 18.38 0
      vertex 17.504 19.675 0
      vertex 17.504 19.675 2
    endloop
  endfacet
  facet normal 0.91578 -0.40167 0
    outer loop
      vertex 16.936 18.38 0
      vertex 17.504 19.675 2
      vertex 16.936 18.38 2
    endloop
  endfacet
  facet normal 0.96707 -0.25449 0
    outer loop
      vertex 17.504 19.675 0
      vertex 17.824 20.891 0
      vertex 17.824 20.891 2
    endloop
  endfacet
  facet normal 0.96707 -0.25449 0
    outer loop
      vertex 17.504 19.675 0
      vertex 17.824 20.891 2
      vertex 17.504 19.675 2
    endloop
  endfacet
  facet normal 0.75556 0.65508 0.00006
    outer loop
      vertex -35.516 -1.273 2
      vertex -35.776 -0.974 12.5
      vertex -35.261 -1.568 12.5
    endloop
  endfacet
  facet normal 0.99895 -0.04571 0
    outer loop
      vertex 17.824 20.891 0
      vertex 18 24.737 0
      vertex 17.824 20.891 2
    endloop
  endfacet
  facet normal 0 0 1
    outer loop
      vertex -32.343 0.116 12.5
      vertex -31.47 2.218 12.5
      vertex -33.433 1.123 12.5
    endloop
  endfacet
  facet normal 0 0 1
    outer loop
      vertex -32.493 3.145 12.5
      vertex -33.433 1.123 12.5
      vertex -31.47 2.218 12.5
    endloop
  endfacet
  facet normal -0.71172 -0.70246 0
    outer loop
      vertex 0.021 -25.516 0
      vertex 0.476 -25.977 12.5
      vertex 0.021 -25.516 12.5
    endloop
  endfacet
  facet normal 0 0 1
    outer loop
      vertex -8.507 -48 2
      vertex 0.754 -48 2
      vertex -8.192 -47.865 2
    endloop
  endfacet
  facet normal 0 0 -1
    outer loop
      vertex -10.555 -30.206 0
      vertex -11.053 -31.454 0
      vertex -11.005 -29.933 0
    endloop
  endfacet
  facet normal -0.51569 -0.85678 0
    outer loop
      vertex 0.021 -25.516 12.5
      vertex -0.823 -25.008 12.5
      vertex 0.021 -25.516 0
    endloop
  endfacet
  facet normal 0 0 -1
    outer loop
      vertex -9.866 -30.379 0
      vertex -11.053 -31.454 0
      vertex -10.555 -30.206 0
    endloop
  endfacet
  facet normal 0 0 -1
    outer loop
      vertex -11.053 -31.454 0
      vertex -9.866 -30.379 0
      vertex -7.567 -30.621 0
    endloop
  endfacet
  facet normal 0 0 1
    outer loop
      vertex -7.188 -39.286 12.5
      vertex -8.779 -39.204 12.5
      vertex -8.13 -42.709 12.5
    endloop
  endfacet
  facet normal 0 0 1
    outer loop
      vertex -8.13 -42.709 12.5
      vertex -6.115 -42.91 12.5
      vertex -7.188 -39.286 12.5
    endloop
  endfacet
  facet normal 0 0 -1
    outer loop
      vertex -11.268 -29.511 0
      vertex -12.72 -29.281 0
      vertex -11.393 -28.89 0
    endloop
  endfacet
  facet normal 0.20953 -0.9778 0
    outer loop
      vertex -44.044 9.52 2
      vertex -44.282 9.469 12.5
      vertex -44.282 9.469 2
    endloop
  endfacet
  facet normal 0 0 -1
    outer loop
      vertex -15.562 -27.905 0
      vertex -12.72 -29.281 0
      vertex -15.069 -29.643 0
    endloop
  endfacet
  facet normal 0 0 -1
    outer loop
      vertex -12.303 -31.092 0
      vertex -15.069 -29.643 0
      vertex -12.72 -29.281 0
    endloop
  endfacet
  facet normal 0 0 1
    outer loop
      vertex -44.984 9.118 2
      vertex -44.023 9.119 2
      vertex -44.282 9.469 2
    endloop
  endfacet
  facet normal 0 0 1
    outer loop
      vertex -45.348 8.935 2
      vertex -46.135 8.192 2
      vertex -44.136 8.157 2
    endloop
  endfacet
  facet normal 0 0 1
    outer loop
      vertex -44.044 9.52 2
      vertex -44.282 9.469 2
      vertex -44.023 9.119 2
    endloop
  endfacet
  facet normal 0 0 -1
    outer loop
      vertex -11.005 -29.933 0
      vertex -12.303 -31.092 0
      vertex -11.268 -29.511 0
    endloop
  endfacet
  facet normal 0 0 -1
    outer loop
      vertex -12.72 -29.281 0
      vertex -11.268 -29.511 0
      vertex -12.303 -31.092 0
    endloop
  endfacet
  facet normal 0 0 -1
    outer loop
      vertex -11.005 -29.933 0
      vertex -11.053 -31.454 0
      vertex -12.303 -31.092 0
    endloop
  endfacet
  facet normal 0 0 -1
    outer loop
      vertex -12.076 -34.605 0
      vertex -12.303 -31.092 0
      vertex -11.053 -32.504 0
    endloop
  endfacet
  facet normal 0 0 -1
    outer loop
      vertex -11.053 -31.454 0
      vertex -11.053 -32.504 0
      vertex -12.303 -31.092 0
    endloop
  endfacet
  facet normal -0.179 -0.98385 0.00003
    outer loop
      vertex -10.367 -42.302 12.5
      vertex -8.192 -42.698 2
      vertex -8.13 -42.709 12.5
    endloop
  endfacet
  facet normal 0.20684 -0.97837 0
    outer loop
      vertex -44.044 9.52 0
      vertex -43.571 9.62 0
      vertex -44.044 9.52 2
    endloop
  endfacet
  facet normal 0.20684 -0.97837 0
    outer loop
      vertex -44.044 9.52 2
      vertex -43.571 9.62 0
      vertex -43.571 9.62 12.5
    endloop
  endfacet
  facet normal -0.82096 0.57099 0
    outer loop
      vertex -47.692 8.31 15
      vertex -47.242 8.957 2
      vertex -47.692 8.31 2
    endloop
  endfacet
  facet normal 0 0 -1
    outer loop
      vertex -19.767 -25.66 0
      vertex -19.767 -18.091 0
      vertex -18.631 -21.567 0
    endloop
  endfacet
  facet normal 0 0 -1
    outer loop
      vertex -18.631 -21.567 0
      vertex -18.566 -24.284 0
      vertex -19.767 -25.66 0
    endloop
  endfacet
  facet normal 0 0 -1
    outer loop
      vertex -18.631 -19.105 0
      vertex -18.631 -21.567 0
      vertex -19.767 -18.091 0
    endloop
  endfacet
  facet normal 0 0 1
    outer loop
      vertex -9.055 -47.997 12.5
      vertex -8.675 -48.072 12.5
      vertex -9.158 -47.606 12.5
    endloop
  endfacet
  facet normal 0 0 1
    outer loop
      vertex -8.802 -47.05 12.5
      vertex -9.158 -47.606 12.5
      vertex -8.675 -48.072 12.5
    endloop
  endfacet
  facet normal 0 0 1
    outer loop
      vertex -8.675 -48.072 12.5
      vertex -6.658 -47.208 12.5
      vertex -8.802 -47.05 12.5
    endloop
  endfacet
  facet normal 0 0 1
    outer loop
      vertex -6.697 -45.692 12.5
      vertex -7.898 -46.357 12.5
      vertex -6.658 -47.208 12.5
    endloop
  endfacet
  facet normal 0 0 1
    outer loop
      vertex -7.898 -46.357 12.5
      vertex -8.802 -47.05 12.5
      vertex -6.658 -47.208 12.5
    endloop
  endfacet
  facet normal 0 0 -1
    outer loop
      vertex -19.767 -18.091 0
      vertex -16.736 -17.548 0
      vertex -18.631 -19.105 0
    endloop
  endfacet
  facet normal 0.96403 -0.26581 0
    outer loop
      vertex 7.839 -31.081 15
      vertex 6.443 -36.144 15
      vertex 7.839 -31.081 2
    endloop
  endfacet
  facet normal -0.94742 0.31999 0
    outer loop
      vertex 8.192 -26.329 12.5
      vertex 6.178 -32.292 12.5
      vertex 6.178 -32.292 15
    endloop
  endfacet
  facet normal 0 0 -1
    outer loop
      vertex -21.813 -16.606 0
      vertex -23.334 -15.388 0
      vertex -23.102 -13.89 0
    endloop
  endfacet
  facet normal 0 0 -1
    outer loop
      vertex -23.102 -13.89 0
      vertex -16.736 -17.548 0
      vertex -21.813 -16.606 0
    endloop
  endfacet
  facet normal 0 0 -1
    outer loop
      vertex -14.075 -19.064 0
      vertex -16.433 -20.59 0
      vertex -16.736 -17.548 0
    endloop
  endfacet
  facet normal 0 0 -1
    outer loop
      vertex -18.631 -19.105 0
      vertex -16.736 -17.548 0
      vertex -16.433 -20.59 0
    endloop
  endfacet
  facet normal -0.96467 0.26346 0
    outer loop
      vertex 6.178 -32.292 12.5
      vertex 6.048 -32.768 12.5
      vertex 6.178 -32.292 15
    endloop
  endfacet
  facet normal 0 0 1
    outer loop
      vertex -31.329 -8.535 12.5
      vertex -32.455 -7.662 12.5
      vertex -31.849 -8.91 12.5
    endloop
  endfacet
  facet normal 0 0 1
    outer loop
      vertex 6.048 -32.768 12.5
      vertex 6.178 -32.292 12.5
      vertex 6.159 -32.323 12.5
    endloop
  endfacet
  facet normal 0.82243 0.56886 -0.00002
    outer loop
      vertex 14.939 29.931 15
      vertex 14.828 30.091 2
      vertex 14.321 30.824 2
    endloop
  endfacet
  facet normal -0.85364 0.52086 0
    outer loop
      vertex -47.692 8.31 2
      vertex -47.764 8.192 2
      vertex -47.692 8.31 15
    endloop
  endfacet
  facet normal 0 0 1
    outer loop
      vertex 1.678 -30.911 12.5
      vertex 1.943 -26.42 12.5
      vertex 0.57 -28.733 12.5
    endloop
  endfacet
  facet normal 0 0 1
    outer loop
      vertex 0.106 -29.512 12.5
      vertex 1.678 -30.911 12.5
      vertex 0.57 -28.733 12.5
    endloop
  endfacet
  facet normal -0.72792 0.68566 0
    outer loop
      vertex -28.137 8.467 12.5
      vertex -28.137 8.467 0
      vertex -29.581 6.934 12.5
    endloop
  endfacet
  facet normal 0 0 1
    outer loop
      vertex -0.563 -31.187 12.5
      vertex 0.503 -30.766 12.5
      vertex -0.842 -30.013 12.5
    endloop
  endfacet
  facet normal 0 0 1
    outer loop
      vertex -2.414 -30.368 12.5
      vertex -0.563 -31.187 12.5
      vertex -0.842 -30.013 12.5
    endloop
  endfacet
  facet normal 0 0 1
    outer loop
      vertex 0.106 -29.512 12.5
      vertex -0.842 -30.013 12.5
      vertex 0.503 -30.766 12.5
    endloop
  endfacet
  facet normal 0 0 1
    outer loop
      vertex 1.678 -30.911 12.5
      vertex 0.106 -29.512 12.5
      vertex 0.503 -30.766 12.5
    endloop
  endfacet
  facet normal -0.48131 -0.87655 0
    outer loop
      vertex -15.496 -40.341 0
      vertex -14.07 -41.124 0
      vertex -14.07 -41.124 12.5
    endloop
  endfacet
  facet normal 0.68649 -0.72714 0
    outer loop
      vertex -46.135 8.192 2
      vertex -45.348 8.935 2
      vertex -45.348 8.935 12.5
    endloop
  endfacet
  facet normal 0.92355 -0.38347 0
    outer loop
      vertex -32.343 0.116 12.5
      vertex -32.343 0.116 2
      vertex -31.699 1.667 2
    endloop
  endfacet
  facet normal -0.36333 -0.93166 0
    outer loop
      vertex -14.07 -41.124 0
      vertex -12.493 -41.739 0
      vertex -14.07 -41.124 12.5
    endloop
  endfacet
  facet normal 0 0 1
    outer loop
      vertex -29.467 -8.132 12.5
      vertex -31.134 -7.154 12.5
      vertex -31.329 -8.535 12.5
    endloop
  endfacet
  facet normal 0 0 1
    outer loop
      vertex -32.455 -7.662 12.5
      vertex -32.976 -8.112 12.5
      vertex -31.849 -8.91 12.5
    endloop
  endfacet
  facet normal -0.9947 0.10281 0
    outer loop
      vertex 0.693 -27.543 0
      vertex 0.57 -28.733 12.5
      vertex 0.693 -27.543 12.5
    endloop
  endfacet
  facet normal 0 0 -1
    outer loop
      vertex -24.617 -22.581 0
      vertex -25.669 -21.862 0
      vertex -24.943 -20.748 0
    endloop
  endfacet
  facet normal -0.25589 -0.96671 0
    outer loop
      vertex -12.493 -41.739 0
      vertex -11.507 -42 2
      vertex -12.493 -41.739 12.5
    endloop
  endfacet
  facet normal 0.44788 -0.89409 -0.00006
    outer loop
      vertex -44.984 9.118 2
      vertex -44.282 9.469 12.5
      vertex -45.348 8.935 12.5
    endloop
  endfacet
  facet normal 0 0 -1
    outer loop
      vertex -24.282 -23.067 0
      vertex -24.051 -26.597 0
      vertex -24.617 -22.581 0
    endloop
  endfacet
  facet normal 0.45707 -0.88943 0.00034
    outer loop
      vertex -44.984 9.118 2
      vertex -45.348 8.935 12.5
      vertex -45.056 9.081 2
    endloop
  endfacet
  facet normal 0 0 -1
    outer loop
      vertex -25.067 -17.878 0
      vertex -24.943 -20.748 0
      vertex -27.101 -17.216 0
    endloop
  endfacet
  facet normal 0 0 -1
    outer loop
      vertex -25.669 -21.862 0
      vertex -27.101 -17.216 0
      vertex -24.943 -20.748 0
    endloop
  endfacet
  facet normal 0 0 -1
    outer loop
      vertex -27.951 -13.89 0
      vertex -24.985 -15.232 0
      vertex -27.101 -17.216 0
    endloop
  endfacet
  facet normal -0.25599 -0.96668 -0.00001
    outer loop
      vertex -10.367 -42.302 12.5
      vertex -12.493 -41.739 12.5
      vertex -11.507 -42 2
    endloop
  endfacet
  facet normal 0 0 -1
    outer loop
      vertex -15.069 -29.643 0
      vertex -18.1 -28.195 0
      vertex -15.562 -27.905 0
    endloop
  endfacet
  facet normal 0.88022 0.47456 0.00003
    outer loop
      vertex -45.684 10.592 12.5
      vertex -46.598 12.288 2
      vertex -47.578 14.105 12.5
    endloop
  endfacet
  facet normal 0.99848 0.05513 0
    outer loop
      vertex 4.406 -25.117 0
      vertex 4.335 -23.831 0
      vertex 4.406 -25.117 12.5
    endloop
  endfacet
  facet normal -0.17912 -0.98383 0
    outer loop
      vertex -10.367 -42.302 2
      vertex -8.192 -42.698 2
      vertex -10.367 -42.302 12.5
    endloop
  endfacet
  facet normal 0.85573 -0.51742 0
    outer loop
      vertex 4.103 -26.013 0
      vertex 4.311 -25.669 0
      vertex 4.103 -26.013 12.5
    endloop
  endfacet
  facet normal 0.88012 0.47475 0
    outer loop
      vertex -46.505 12.114 2
      vertex -45.684 10.592 12.5
      vertex -45.684 10.592 2
    endloop
  endfacet
  facet normal -0.6087 0.7934 0
    outer loop
      vertex -8.802 -47.05 12.5
      vertex -8.192 -46.582 2
      vertex -8.802 -47.05 2
    endloop
  endfacet
  facet normal 0.98817 -0.15334 0
    outer loop
      vertex -32.343 0.116 2
      vertex -32.343 0.116 12.5
      vertex -32.361 0 2
    endloop
  endfacet
  facet normal -0.83531 0.54978 0
    outer loop
      vertex -31.149 5.187 12.5
      vertex -31.149 5.187 0
      vertex -32.493 3.145 12.5
    endloop
  endfacet
  facet normal -0.18073 0.98353 0
    outer loop
      vertex -45.684 10.592 2
      vertex -45.684 10.592 12.5
      vertex -45.45 10.635 2
    endloop
  endfacet
  facet normal -0.65192 0.75829 0.00001
    outer loop
      vertex -33.996 -1.567 2
      vertex -34.154 -1.703 12.5
      vertex -33.933 -1.513 12.5
    endloop
  endfacet
  facet normal 0 0 -1
    outer loop
      vertex -17.288 -26.92 0
      vertex -15.562 -27.905 0
      vertex -18.1 -28.195 0
    endloop
  endfacet
  facet normal 0.21154 -0.97737 0
    outer loop
      vertex -29.467 -8.132 12.5
      vertex -31.329 -8.535 12.5
      vertex -30.918 -8.446 2
    endloop
  endfacet
  facet normal 0 0 -1
    outer loop
      vertex -17.831 -26.444 0
      vertex -19.388 -27.253 0
      vertex -18.205 -25.89 0
    endloop
  endfacet
  facet normal 0 0 -1
    outer loop
      vertex -18.566 -24.284 0
      vertex -18.205 -25.89 0
      vertex -19.767 -25.66 0
    endloop
  endfacet
  facet normal -0.18218 0.98327 -0.00003
    outer loop
      vertex -45.684 10.592 12.5
      vertex -45.056 10.708 2
      vertex -45.45 10.635 2
    endloop
  endfacet
  facet normal 0.85392 -0.5204 0
    outer loop
      vertex -26.208 8.926 0
      vertex -26.208 8.926 12.5
      vertex -26.829 7.907 12.5
    endloop
  endfacet
  facet normal 0.74469 -0.66741 0
    outer loop
      vertex -30.109 4.333 0
      vertex -28.33 6.318 0
      vertex -30.109 4.333 12.5
    endloop
  endfacet
  facet normal 0 0 1
    outer loop
      vertex -48.933 13.765 2
      vertex -49.984 11.265 2
      vertex -47.557 11.048 2
    endloop
  endfacet
  facet normal 0 0 1
    outer loop
      vertex -24.865 -14.387 12.5
      vertex -24.693 -14.071 12.5
      vertex -27.951 -13.89 12.5
    endloop
  endfacet
  facet normal 0 0 1
    outer loop
      vertex -27.951 -13.89 12.5
      vertex -27.101 -17.216 12.5
      vertex -24.985 -15.232 12.5
    endloop
  endfacet
  facet normal 0 0 1
    outer loop
      vertex -24.865 -14.387 12.5
      vertex -27.951 -13.89 12.5
      vertex -24.985 -15.232 12.5
    endloop
  endfacet
  facet normal -0.84216 0.53923 0
    outer loop
      vertex -8.802 -47.05 2
      vertex -9.158 -47.606 12.5
      vertex -8.802 -47.05 12.5
    endloop
  endfacet
  facet normal 0 0 1
    outer loop
      vertex -31.665 1.748 2
      vertex -31.699 1.667 2
      vertex -29.323 -0.694 2
    endloop
  endfacet
  facet normal 0 0 1
    outer loop
      vertex -32.361 0 2
      vertex -29.421 -0.778 2
      vertex -32.343 0.116 2
    endloop
  endfacet
  facet normal 0.72695 -0.68669 0
    outer loop
      vertex -28.33 6.318 0
      vertex -26.829 7.907 0
      vertex -26.829 7.907 12.5
    endloop
  endfacet
  facet normal 0.72695 -0.68669 0
    outer loop
      vertex -28.33 6.318 0
      vertex -26.829 7.907 12.5
      vertex -28.33 6.318 12.5
    endloop
  endfacet
  facet normal -0.19363 -0.98107 0
    outer loop
      vertex -9.04 -48 2
      vertex -8.675 -48.072 12.5
      vertex -9.055 -47.997 12.5
    endloop
  endfacet
  facet normal -0.78757 -0.61622 0
    outer loop
      vertex 13.802 29.424 15
      vertex 13.41 29.925 12.5
      vertex 13.802 29.424 12.5
    endloop
  endfacet
  facet normal 0.74469 -0.66741 0
    outer loop
      vertex -28.33 6.318 12.5
      vertex -30.109 4.333 12.5
      vertex -28.33 6.318 0
    endloop
  endfacet
  facet normal 0 0 1
    outer loop
      vertex -23.102 -13.89 12.5
      vertex -25.976 -12.214 12.5
      vertex -24.693 -14.071 12.5
    endloop
  endfacet
  facet normal 0 0 1
    outer loop
      vertex -24.347 -14.229 12.5
      vertex -23.102 -13.89 12.5
      vertex -24.693 -14.071 12.5
    endloop
  endfacet
  facet normal 0 0 1
    outer loop
      vertex -24.693 -14.071 12.5
      vertex -25.976 -12.214 12.5
      vertex -27.951 -13.89 12.5
    endloop
  endfacet
  facet normal 0 0 1
    outer loop
      vertex -28.558 -11.753 12.5
      vertex -27.951 -13.89 12.5
      vertex -27.459 -11.137 12.5
    endloop
  endfacet
  facet normal 0 0 1
    outer loop
      vertex -25.976 -12.214 12.5
      vertex -27.459 -11.137 12.5
      vertex -27.951 -13.89 12.5
    endloop
  endfacet
  facet normal 0.85392 -0.5204 0
    outer loop
      vertex -26.208 8.926 0
      vertex -26.829 7.907 12.5
      vertex -26.829 7.907 0
    endloop
  endfacet
  facet normal 0 0 1
    outer loop
      vertex 14.373 28.157 12.5
      vertex 14.39 28.482 12.5
      vertex 13.802 29.206 12.5
    endloop
  endfacet
  facet normal 0 0 -1
    outer loop
      vertex -18.1 -28.195 0
      vertex -18.228 -29.019 0
      vertex -19.388 -27.253 0
    endloop
  endfacet
  facet normal 0 0 1
    outer loop
      vertex 12.519 31.067 12.5
      vertex 13.802 29.206 12.5
      vertex 13.41 29.925 12.5
    endloop
  endfacet
  facet normal -0.98816 -0.15345 0
    outer loop
      vertex -37.234 -0.925 12.5
      vertex -37.457 0.511 12.5
      vertex -37.234 -0.925 0
    endloop
  endfacet
  facet normal 0 0 -1
    outer loop
      vertex -19.388 -27.253 0
      vertex -17.831 -26.444 0
      vertex -18.1 -28.195 0
    endloop
  endfacet
  facet normal 0 0 1
    outer loop
      vertex 13.41 29.925 12.5
      vertex 13.802 29.206 12.5
      vertex 13.802 29.424 12.5
    endloop
  endfacet
  facet normal 0.99952 -0.03098 0
    outer loop
      vertex -25.067 -17.878 0
      vertex -24.985 -15.232 12.5
      vertex -25.067 -17.878 12.5
    endloop
  endfacet
  facet normal 0 0 -1
    outer loop
      vertex -17.831 -26.444 0
      vertex -17.288 -26.92 0
      vertex -18.1 -28.195 0
    endloop
  endfacet
  facet normal 0 0 -1
    outer loop
      vertex -19.767 -25.66 0
      vertex -18.205 -25.89 0
      vertex -19.388 -27.253 0
    endloop
  endfacet
  facet normal 0 0 -1
    outer loop
      vertex -19.767 -25.66 0
      vertex -19.388 -27.253 0
      vertex -21.093 -26.457 0
    endloop
  endfacet
  facet normal 0 0 -1
    outer loop
      vertex -21.965 -24.61 0
      vertex -22.822 -25.752 0
      vertex -23.703 -23.582 0
    endloop
  endfacet
  facet normal 0 0 -1
    outer loop
      vertex -21.927 -29.245 0
      vertex -22.647 -30.187 0
      vertex -23.182 -26.976 0
    endloop
  endfacet
  facet normal -0.65438 0.75617 0
    outer loop
      vertex -32.976 -8.112 12.5
      vertex -32.768 -7.932 2
      vertex -32.976 -8.112 2
    endloop
  endfacet
  facet normal -0.65366 0.75679 0.00002
    outer loop
      vertex -32.976 -8.112 12.5
      vertex -32.455 -7.662 12.5
      vertex -32.768 -7.932 2
    endloop
  endfacet
  facet normal 0 0 -1
    outer loop
      vertex -21.093 -26.457 0
      vertex -22.822 -25.752 0
      vertex -21.965 -24.61 0
    endloop
  endfacet
  facet normal 0 0 -1
    outer loop
      vertex -21.093 -26.457 0
      vertex -21.965 -24.61 0
      vertex -19.767 -25.66 0
    endloop
  endfacet
  facet normal 0 0 -1
    outer loop
      vertex -23.289 -25.696 0
      vertex -23.499 -25.869 0
      vertex -23.703 -23.582 0
    endloop
  endfacet
  facet normal 0 0 -1
    outer loop
      vertex -24.282 -23.067 0
      vertex -23.703 -23.582 0
      vertex -23.499 -25.869 0
    endloop
  endfacet
  facet normal 0 0 -1
    outer loop
      vertex -22.822 -25.752 0
      vertex -23.289 -25.696 0
      vertex -23.703 -23.582 0
    endloop
  endfacet
  facet normal -0.78811 -0.61554 0.00022
    outer loop
      vertex 12.147 31.543 15
      vertex 13.41 29.925 12.5
      vertex 13.802 29.424 15
    endloop
  endfacet
  facet normal 0 0 -1
    outer loop
      vertex -23.462 -26.288 0
      vertex -24.051 -26.597 0
      vertex -23.499 -25.869 0
    endloop
  endfacet
  facet normal 0 0 1
    outer loop
      vertex 11.485 32.142 12.5
      vertex 12.239 31.426 12.5
      vertex 12.147 31.543 12.5
    endloop
  endfacet
  facet normal 0 0 -1
    outer loop
      vertex -23.462 -26.288 0
      vertex -23.182 -26.976 0
      vertex -24.051 -26.597 0
    endloop
  endfacet
  facet normal 0 0 -1
    outer loop
      vertex -24.282 -23.067 0
      vertex -23.499 -25.869 0
      vertex -24.051 -26.597 0
    endloop
  endfacet
  facet normal -0.15438 0.98801 0
    outer loop
      vertex -34.154 -1.703 12.5
      vertex -34.154 -1.703 2
      vertex -34.506 -1.758 12.5
    endloop
  endfacet
  facet normal 0.20701 0.97834 0
    outer loop
      vertex -27.724 0.524 12.5
      vertex -23.102 -0.454 12.5
      vertex -27.724 0.524 0
    endloop
  endfacet
  facet normal -0.67098 -0.74147 0.00002
    outer loop
      vertex 10.391 33.132 12.5
      vertex 10.793 32.768 2
      vertex 11.485 32.142 12.5
    endloop
  endfacet
  facet normal -0.78852 -0.615 -0.00024
    outer loop
      vertex 12.239 31.426 12.5
      vertex 12.519 31.067 12.5
      vertex 12.147 31.543 15
    endloop
  endfacet
  facet normal 0.72173 0.69217 0
    outer loop
      vertex -31.665 1.748 2
      vertex -29.323 -0.694 2
      vertex -31.665 1.748 0
    endloop
  endfacet
  facet normal -0.78842 -0.61513 -0.0002
    outer loop
      vertex 12.519 31.067 12.5
      vertex 13.41 29.925 12.5
      vertex 12.147 31.543 15
    endloop
  endfacet
  facet normal 0.39375 -0.91922 -0.00001
    outer loop
      vertex -6.658 -47.208 12.5
      vertex -8.675 -48.072 12.5
      vertex -8.192 -47.865 2
    endloop
  endfacet
  facet normal 0.84093 -0.54114 0
    outer loop
      vertex -31.47 2.218 12.5
      vertex -30.109 4.333 0
      vertex -30.109 4.333 12.5
    endloop
  endfacet
  facet normal -0.67102 -0.74144 0.00004
    outer loop
      vertex 11.485 32.142 12.5
      vertex 12.147 31.543 15
      vertex 10.336 33.182 15
    endloop
  endfacet
  facet normal 0.84093 -0.54114 0
    outer loop
      vertex -31.47 2.218 0
      vertex -30.109 4.333 0
      vertex -31.47 2.218 12.5
    endloop
  endfacet
  facet normal -0.78609 -0.61812 0
    outer loop
      vertex 12.147 31.543 12.5
      vertex 12.239 31.426 12.5
      vertex 12.147 31.543 15
    endloop
  endfacet
  facet normal -0.72792 0.68566 0
    outer loop
      vertex -28.137 8.467 0
      vertex -29.581 6.934 0
      vertex -29.581 6.934 12.5
    endloop
  endfacet
  facet normal -0.67094 -0.74151 0
    outer loop
      vertex 12.147 31.543 12.5
      vertex 12.147 31.543 15
      vertex 11.485 32.142 12.5
    endloop
  endfacet
  facet normal 0 0 1
    outer loop
      vertex -2.918 -42.437 2
      vertex -4.65 -42.862 2
      vertex -3.976 -45.109 2
    endloop
  endfacet
  facet normal 0.24405 0.96976 0
    outer loop
      vertex -34.506 -1.758 12.5
      vertex -34.506 -1.758 2
      vertex -35.261 -1.568 2
    endloop
  endfacet
  facet normal -0.67098 -0.74147 0.00007
    outer loop
      vertex 11.485 32.142 12.5
      vertex 10.336 33.182 15
      vertex 10.391 33.132 12.5
    endloop
  endfacet
  facet normal 0.92366 -0.38322 0
    outer loop
      vertex -31.665 1.748 0
      vertex -31.47 2.218 0
      vertex -31.665 1.748 2
    endloop
  endfacet
  facet normal 0.92366 -0.38322 0
    outer loop
      vertex -31.47 2.218 12.5
      vertex -31.665 1.748 2
      vertex -31.47 2.218 0
    endloop
  endfacet
  facet normal 0.79262 -0.60971 0
    outer loop
      vertex -32.309 -9.508 12.5
      vertex -32.309 -9.508 2
      vertex -31.849 -8.91 12.5
    endloop
  endfacet
  facet normal -0.7442 0.66795 0
    outer loop
      vertex -31.149 5.187 12.5
      vertex -29.581 6.934 12.5
      vertex -31.149 5.187 0
    endloop
  endfacet
  facet normal 0.92889 -0.37034 0
    outer loop
      vertex -32.309 -9.508 2
      vertex -32.309 -9.508 12.5
      vertex -32.675 -10.426 2
    endloop
  endfacet
  facet normal 0 0 1
    outer loop
      vertex -32.343 0.116 2
      vertex -29.421 -0.778 2
      vertex -31.699 1.667 2
    endloop
  endfacet
  facet normal -0.94799 0.31831 0.00001
    outer loop
      vertex 6.159 -32.323 12.5
      vertex 8.225 -26.17 12.5
      vertex 8.192 -26.268 2
    endloop
  endfacet
  facet normal -0.93482 -0.35513 0
    outer loop
      vertex 14.39 28.482 12.5
      vertex 14.613 27.895 12.5
      vertex 14.39 28.482 15
    endloop
  endfacet
  facet normal -0.7442 0.66795 0
    outer loop
      vertex -29.581 6.934 0
      vertex -31.149 5.187 0
      vertex -29.581 6.934 12.5
    endloop
  endfacet
  facet normal 0 0 1
    outer loop
      vertex -45.056 10.708 2
      vertex -44.684 12.457 2
      vertex -45.45 10.635 2
    endloop
  endfacet
  facet normal 0 0 1
    outer loop
      vertex -46.505 12.114 2
      vertex -45.45 10.635 2
      vertex -44.684 12.457 2
    endloop
  endfacet
  facet normal 0.21093 -0.9775 -0.00003
    outer loop
      vertex -31.108 -8.487 2
      vertex -30.918 -8.446 2
      vertex -31.329 -8.535 12.5
    endloop
  endfacet
  facet normal 0 0 1
    outer loop
      vertex -45.684 10.592 2
      vertex -45.45 10.635 2
      vertex -46.505 12.114 2
    endloop
  endfacet
  facet normal -0.99937 -0.03554 0
    outer loop
      vertex 0.659 -26.587 0
      vertex 0.693 -27.543 0
      vertex 0.659 -26.587 12.5
    endloop
  endfacet
  facet normal 0.98778 -0.15583 0.00003
    outer loop
      vertex -32.343 0.116 12.5
      vertex -32.65 -1.83 12.5
      vertex -32.361 0 2
    endloop
  endfacet
  facet normal 0.09153 -0.9958 0
    outer loop
      vertex 3.118 -26.312 0
      vertex 3.118 -26.312 12.5
      vertex 1.943 -26.42 12.5
    endloop
  endfacet
  facet normal 0.09153 -0.9958 0
    outer loop
      vertex 3.118 -26.312 0
      vertex 1.943 -26.42 12.5
      vertex 1.943 -26.42 0
    endloop
  endfacet
  facet normal -0.83531 0.54978 0
    outer loop
      vertex -32.493 3.145 12.5
      vertex -31.149 5.187 0
      vertex -32.493 3.145 0
    endloop
  endfacet
  facet normal -0.00021 1 0
    outer loop
      vertex -40.796 32.864 2
      vertex -45.466 32.863 2
      vertex -40.796 32.864 15
    endloop
  endfacet
  facet normal -0.01406 0.9999 0
    outer loop
      vertex -35.464 32.939 2
      vertex -40.796 32.864 2
      vertex -40.796 32.864 15
    endloop
  endfacet
  facet normal -0.01406 0.9999 0
    outer loop
      vertex -35.464 32.939 2
      vertex -40.796 32.864 15
      vertex -35.464 32.939 15
    endloop
  endfacet
  facet normal -0.072 0.9974 0
    outer loop
      vertex -31.239 33.244 15
      vertex -35.464 32.939 2
      vertex -35.464 32.939 15
    endloop
  endfacet
  facet normal -0.95783 -0.28735 0
    outer loop
      vertex 0.659 -26.587 0
      vertex 0.659 -26.587 12.5
      vertex 0.476 -25.977 12.5
    endloop
  endfacet
  facet normal 0.44721 -0.89443 0
    outer loop
      vertex -45.348 8.935 12.5
      vertex -45.348 8.935 2
      vertex -45.056 9.081 2
    endloop
  endfacet
  facet normal 0 0 -1
    outer loop
      vertex -19.862 -32.025 0
      vertex -20.326 -34.844 0
      vertex -20.192 -31.812 0
    endloop
  endfacet
  facet normal 0.04205 0.99912 0
    outer loop
      vertex 2.61 -25.091 12.5
      vertex 3.109 -25.112 12.5
      vertex 2.61 -25.091 0
    endloop
  endfacet
  facet normal 0 0 -1
    outer loop
      vertex -20.326 -34.844 0
      vertex -22.647 -30.187 0
      vertex -20.635 -31.28 0
    endloop
  endfacet
  facet normal 0 0 -1
    outer loop
      vertex -20.635 -31.28 0
      vertex -20.192 -31.812 0
      vertex -20.326 -34.844 0
    endloop
  endfacet
  facet normal 0 0 -1
    outer loop
      vertex -21.927 -29.245 0
      vertex -20.635 -31.28 0
      vertex -22.647 -30.187 0
    endloop
  endfacet
  facet normal 0 0 -1
    outer loop
      vertex -24.051 -26.597 0
      vertex -23.182 -26.976 0
      vertex -22.647 -30.187 0
    endloop
  endfacet
  facet normal -0.97444 -0.22463 0
    outer loop
      vertex -28.7 -11.137 12.5
      vertex -28.7 -11.137 2
      vertex -28.558 -11.753 12.5
    endloop
  endfacet
  facet normal 0 0 1
    outer loop
      vertex -45.466 32.863 2
      vertex -40.796 32.864 2
      vertex -43.81 34.566 2
    endloop
  endfacet
  facet normal 0 0 1
    outer loop
      vertex -39.905 34.652 2
      vertex -43.81 34.566 2
      vertex -40.796 32.864 2
    endloop
  endfacet
  facet normal 0 0 1
    outer loop
      vertex -47.692 8.31 2
      vertex -47.242 8.957 2
      vertex -49.65 9.528 2
    endloop
  endfacet
  facet normal 0 0 1
    outer loop
      vertex -49.632 10.309 2
      vertex -49.65 9.528 2
      vertex -47.048 9.578 2
    endloop
  endfacet
  facet normal 0 0 1
    outer loop
      vertex -47.557 11.048 2
      vertex -49.632 10.309 2
      vertex -47.048 9.578 2
    endloop
  endfacet
  facet normal 0 0 1
    outer loop
      vertex -40.796 32.864 2
      vertex -35.464 32.939 2
      vertex -39.905 34.652 2
    endloop
  endfacet
  facet normal 0 0 1
    outer loop
      vertex -35.38 34.867 2
      vertex -39.905 34.652 2
      vertex -35.464 32.939 2
    endloop
  endfacet
  facet normal 0 0 1
    outer loop
      vertex -35.464 32.939 2
      vertex -31.239 33.244 2
      vertex -35.38 34.867 2
    endloop
  endfacet
  facet normal 0.3122 0.95002 0
    outer loop
      vertex 1.831 -24.835 0
      vertex 1.831 -24.835 12.5
      vertex 2.61 -25.091 0
    endloop
  endfacet
  facet normal 0.3122 0.95002 0
    outer loop
      vertex 2.61 -25.091 12.5
      vertex 2.61 -25.091 0
      vertex 1.831 -24.835 12.5
    endloop
  endfacet
  facet normal -0.02202 0.99976 0
    outer loop
      vertex -39.905 34.652 0
      vertex -43.81 34.566 2
      vertex -39.905 34.652 2
    endloop
  endfacet
  facet normal -0.04746 0.99887 0
    outer loop
      vertex -35.38 34.867 0
      vertex -39.905 34.652 0
      vertex -39.905 34.652 2
    endloop
  endfacet
  facet normal -0.04746 0.99887 0
    outer loop
      vertex -35.38 34.867 0
      vertex -39.905 34.652 2
      vertex -35.38 34.867 2
    endloop
  endfacet
  facet normal 0 0 1
    outer loop
      vertex -44.845 6.322 2
      vertex -44.41 7.234 2
      vertex -46.135 8.192 2
    endloop
  endfacet
  facet normal 0 0 1
    outer loop
      vertex -44.41 7.234 2
      vertex -44.136 8.157 2
      vertex -46.135 8.192 2
    endloop
  endfacet
  facet normal -0.09847 0.99514 0
    outer loop
      vertex -35.38 34.867 2
      vertex -31.489 35.252 2
      vertex -35.38 34.867 0
    endloop
  endfacet
  facet normal -0.09847 0.99514 0
    outer loop
      vertex -31.489 35.252 0
      vertex -35.38 34.867 0
      vertex -31.489 35.252 2
    endloop
  endfacet
  facet normal 0 0 1
    outer loop
      vertex -38.958 8.501 12.5
      vertex -40.274 9.714 12.5
      vertex -40.206 7.814 12.5
    endloop
  endfacet
  facet normal -0.34049 -0.94025 0
    outer loop
      vertex -35.998 -2.641 0
      vertex -35.037 -2.989 0
      vertex -35.998 -2.641 12.5
    endloop
  endfacet
  facet normal -0.36333 -0.93166 0
    outer loop
      vertex -12.493 -41.739 12.5
      vertex -14.07 -41.124 12.5
      vertex -12.493 -41.739 0
    endloop
  endfacet
  facet normal 0 0 1
    outer loop
      vertex -38.826 5.811 12.5
      vertex -37.813 6.998 12.5
      vertex -40.206 7.814 12.5
    endloop
  endfacet
  facet normal 0.0431 0.99907 0
    outer loop
      vertex -45.466 32.863 2
      vertex -48.317 32.986 2
      vertex -48.317 32.986 15
    endloop
  endfacet
  facet normal 0.0431 0.99907 0
    outer loop
      vertex -45.466 32.863 2
      vertex -48.317 32.986 15
      vertex -45.466 32.863 15
    endloop
  endfacet
  facet normal 0 0 1
    outer loop
      vertex -37.813 6.998 12.5
      vertex -38.958 8.501 12.5
      vertex -40.206 7.814 12.5
    endloop
  endfacet
  facet normal 0 0 1
    outer loop
      vertex -36.911 5.289 12.5
      vertex -37.813 6.998 12.5
      vertex -38.826 5.811 12.5
    endloop
  endfacet
  facet normal -0.26796 -0.96343 0
    outer loop
      vertex -32.953 -3.568 2
      vertex -32.953 -3.568 12.5
      vertex -34.197 -3.222 2
    endloop
  endfacet
  facet normal 0 0 -1
    outer loop
      vertex -20.326 -34.844 0
      vertex -19.862 -32.025 0
      vertex -17.883 -33.591 0
    endloop
  endfacet
  facet normal 0 0 -1
    outer loop
      vertex -19.632 -31.921 0
      vertex -17.883 -33.591 0
      vertex -19.862 -32.025 0
    endloop
  endfacet
  facet normal 0 0 -1
    outer loop
      vertex -18.214 -30.983 0
      vertex -17.883 -33.591 0
      vertex -19.487 -31.506 0
    endloop
  endfacet
  facet normal 0.21146 -0.97739 0.00001
    outer loop
      vertex -29.744 -8.192 2
      vertex -29.467 -8.132 12.5
      vertex -30.918 -8.446 2
    endloop
  endfacet
  facet normal 0 0 -1
    outer loop
      vertex -19.388 -29.752 0
      vertex -19.388 -27.253 0
      vertex -18.228 -29.019 0
    endloop
  endfacet
  facet normal 0 0 -1
    outer loop
      vertex -18.214 -30.983 0
      vertex -19.388 -29.752 0
      vertex -18.228 -29.019 0
    endloop
  endfacet
  facet normal -0.88664 -0.46247 0
    outer loop
      vertex -38.826 5.811 0
      vertex -37.57 3.403 12.5
      vertex -38.826 5.811 12.5
    endloop
  endfacet
  facet normal 0.87832 -0.47807 0
    outer loop
      vertex -24.693 -14.071 12.5
      vertex -24.865 -14.387 12.5
      vertex -24.693 -14.071 0
    endloop
  endfacet
  facet normal 0 0 -1
    outer loop
      vertex -19.388 -29.752 0
      vertex -18.214 -30.983 0
      vertex -19.487 -31.506 0
    endloop
  endfacet
  facet normal 0 0 -1
    outer loop
      vertex -19.632 -31.921 0
      vertex -19.487 -31.506 0
      vertex -17.883 -33.591 0
    endloop
  endfacet
  facet normal 0 0 -1
    outer loop
      vertex -17.883 -33.591 0
      vertex -17.522 -34.447 0
      vertex -20.326 -34.844 0
    endloop
  endfacet
  facet normal -0.93405 -0.35714 0
    outer loop
      vertex 14.717 27.623 15
      vertex 14.613 27.895 12.5
      vertex 14.717 27.623 12.5
    endloop
  endfacet
  facet normal -0.93457 -0.35577 0.00017
    outer loop
      vertex 14.717 27.623 15
      vertex 14.39 28.482 15
      vertex 14.613 27.895 12.5
    endloop
  endfacet
  facet normal -0.00021 1 0
    outer loop
      vertex -40.796 32.864 15
      vertex -45.466 32.863 2
      vertex -45.466 32.863 15
    endloop
  endfacet
  facet normal -0.8483 -0.52951 0
    outer loop
      vertex 13.802 29.424 12.5
      vertex 14.39 28.482 12.5
      vertex 13.802 29.424 15
    endloop
  endfacet
  facet normal -0.8483 -0.52951 0
    outer loop
      vertex 14.39 28.482 15
      vertex 13.802 29.424 15
      vertex 14.39 28.482 12.5
    endloop
  endfacet
  facet normal -0.96192 -0.27332 0
    outer loop
      vertex -28.311 -12.623 2
      vertex -27.951 -13.89 0
      vertex -27.951 -13.89 12.5
    endloop
  endfacet
  facet normal 0.92319 -0.38435 0.00001
    outer loop
      vertex -32.768 -3.124 2
      vertex -32.744 -3.066 12.5
      vertex -32.953 -3.568 12.5
    endloop
  endfacet
  facet normal 0 0 -1
    outer loop
      vertex -25.669 -21.862 0
      vertex -24.617 -22.581 0
      vertex -24.051 -26.597 0
    endloop
  endfacet
  facet normal -0.82309 -0.56791 0
    outer loop
      vertex -36.59 -2.27 12.5
      vertex -36.955 -1.741 0
      vertex -36.59 -2.27 0
    endloop
  endfacet
  facet normal 0 0 1
    outer loop
      vertex 14.847 26.156 12.5
      vertex 14.852 26.531 12.5
      vertex 14.703 27.228 12.5
    endloop
  endfacet
  facet normal -0.53103 -0.84735 0
    outer loop
      vertex -35.998 -2.641 12.5
      vertex -36.59 -2.27 12.5
      vertex -36.59 -2.27 0
    endloop
  endfacet
  facet normal -0.53103 -0.84735 0
    outer loop
      vertex -35.998 -2.641 12.5
      vertex -36.59 -2.27 0
      vertex -35.998 -2.641 0
    endloop
  endfacet
  facet normal -0.67173 0.7408 0
    outer loop
      vertex -33.564 0.497 0
      vertex -35.516 -1.273 0
      vertex -35.516 -1.273 2
    endloop
  endfacet
  facet normal -0.41539 -0.90964 0
    outer loop
      vertex -24.693 -14.071 0
      vertex -24.347 -14.229 12.5
      vertex -24.693 -14.071 12.5
    endloop
  endfacet
  facet normal 0 0 1
    outer loop
      vertex -38.826 5.811 12.5
      vertex -37.57 3.403 12.5
      vertex -36.911 5.289 12.5
    endloop
  endfacet
  facet normal 0.50376 0.86384 0
    outer loop
      vertex -23.102 -13.89 0
      vertex -25.976 -12.214 12.5
      vertex -23.102 -13.89 12.5
    endloop
  endfacet
  facet normal 0 0 -1
    outer loop
      vertex -33.564 0.497 0
      vertex -33.433 1.123 0
      vertex -29.323 -0.694 0
    endloop
  endfacet
  facet normal 0 0 1
    outer loop
      vertex -36.062 0.06 12.5
      vertex -37.234 -0.925 12.5
      vertex -35.776 -0.974 12.5
    endloop
  endfacet
  facet normal 0 0 1
    outer loop
      vertex -36.135 1.574 12.5
      vertex -37.457 0.511 12.5
      vertex -36.062 0.06 12.5
    endloop
  endfacet
  facet normal 0 0 1
    outer loop
      vertex -36.327 3.454 12.5
      vertex -37.392 2.613 12.5
      vertex -36.135 1.574 12.5
    endloop
  endfacet
  facet normal 0 0 1
    outer loop
      vertex -35.261 -1.568 2
      vertex -33.786 -0.563 2
      vertex -35.516 -1.273 2
    endloop
  endfacet
  facet normal 0 0 1
    outer loop
      vertex -34.506 -1.758 2
      vertex -33.786 -0.563 2
      vertex -35.261 -1.568 2
    endloop
  endfacet
  facet normal 0 0 1
    outer loop
      vertex -34.154 -1.703 2
      vertex -33.786 -0.563 2
      vertex -34.506 -1.758 2
    endloop
  endfacet
  facet normal 0 0 1
    outer loop
      vertex -33.668 0 2
      vertex -35.516 -1.273 2
      vertex -33.786 -0.563 2
    endloop
  endfacet
  facet normal -0.96195 -0.27323 0.00001
    outer loop
      vertex -28.311 -12.623 2
      vertex -27.951 -13.89 12.5
      vertex -28.558 -11.753 12.5
    endloop
  endfacet
  facet normal 0 0 1
    outer loop
      vertex -32.65 -1.83 12.5
      vertex -32.343 0.116 12.5
      vertex -33.786 -0.563 12.5
    endloop
  endfacet
  facet normal -0.96198 -0.27311 0
    outer loop
      vertex -28.558 -11.753 12.5
      vertex -28.558 -11.753 2
      vertex -28.311 -12.623 2
    endloop
  endfacet
  facet normal 0 0 1
    outer loop
      vertex -33.996 -1.567 2
      vertex -33.786 -0.563 2
      vertex -34.154 -1.703 2
    endloop
  endfacet
  facet normal 0 0 1
    outer loop
      vertex -19.697 -48 2
      vertex -16.966 -48 2
      vertex -22.483 -42 2
    endloop
  endfacet
  facet normal 0 0 1
    outer loop
      vertex -11.507 -42 2
      vertex -16.966 -48 2
      vertex -10.367 -42.302 2
    endloop
  endfacet
  facet normal 0 1 0
    outer loop
      vertex -11.507 -42 0
      vertex -22.483 -42 2
      vertex -11.507 -42 2
    endloop
  endfacet
  facet normal -0.25589 -0.96671 0
    outer loop
      vertex -12.493 -41.739 0
      vertex -11.507 -42 0
      vertex -11.507 -42 2
    endloop
  endfacet
  facet normal -0.25608 -0.96666 0
    outer loop
      vertex -11.507 -42 2
      vertex -10.367 -42.302 2
      vertex -10.367 -42.302 12.5
    endloop
  endfacet
  facet normal -0.15438 0.98801 0
    outer loop
      vertex -34.506 -1.758 2
      vertex -34.506 -1.758 12.5
      vertex -34.154 -1.703 2
    endloop
  endfacet
  facet normal 0 0 -1
    outer loop
      vertex -35.516 -1.273 0
      vertex -36.59 -2.27 0
      vertex -35.776 -0.974 0
    endloop
  endfacet
  facet normal -0.65237 0.7579 0
    outer loop
      vertex -34.154 -1.703 12.5
      vertex -33.996 -1.567 2
      vertex -34.154 -1.703 2
    endloop
  endfacet
  facet normal 0 0 1
    outer loop
      vertex -33.933 -1.513 2
      vertex -33.786 -0.563 2
      vertex -33.996 -1.567 2
    endloop
  endfacet
  facet normal 0 0 1
    outer loop
      vertex -27.852 -7.801 2
      vertex -29.467 -8.132 2
      vertex -28.449 -10.766 2
    endloop
  endfacet
  facet normal 0 0 1
    outer loop
      vertex -27.852 -7.801 2
      vertex -27.977 -10.734 2
      vertex -27.469 -7.587 2
    endloop
  endfacet
  facet normal 0 0 1
    outer loop
      vertex -27.977 -10.734 2
      vertex -27.459 -11.137 2
      vertex -23.671 -7.442 2
    endloop
  endfacet
  facet normal 0 0 1
    outer loop
      vertex -27.459 -11.137 2
      vertex -27.042 -11.44 2
      vertex -23.671 -7.442 2
    endloop
  endfacet
  facet normal 0 0 1
    outer loop
      vertex -23.093 -7.755 2
      vertex -23.671 -7.442 2
      vertex -27.042 -11.44 2
    endloop
  endfacet
  facet normal 0 0 -1
    outer loop
      vertex -36.955 -1.741 0
      vertex -37.234 -0.925 0
      vertex -35.776 -0.974 0
    endloop
  endfacet
  facet normal 0.68225 -0.73112 0
    outer loop
      vertex -27.042 -11.44 2
      vertex -27.042 -11.44 0
      vertex -23.093 -7.755 0
    endloop
  endfacet
  facet normal 0.68225 -0.73112 0
    outer loop
      vertex -27.042 -11.44 2
      vertex -23.093 -7.755 0
      vertex -23.093 -7.755 2
    endloop
  endfacet
  facet normal 0 0 1
    outer loop
      vertex -37.234 -0.925 12.5
      vertex -36.062 0.06 12.5
      vertex -37.457 0.511 12.5
    endloop
  endfacet
  facet normal 0 0 1
    outer loop
      vertex -37.457 0.511 12.5
      vertex -36.135 1.574 12.5
      vertex -37.424 1.864 12.5
    endloop
  endfacet
  facet normal 0 0 1
    outer loop
      vertex -36.955 -1.741 12.5
      vertex -35.776 -0.974 12.5
      vertex -37.234 -0.925 12.5
    endloop
  endfacet
  facet normal 0 0 1
    outer loop
      vertex -37.424 1.864 12.5
      vertex -36.135 1.574 12.5
      vertex -37.392 2.613 12.5
    endloop
  endfacet
  facet normal 0 0 -1
    outer loop
      vertex -31.665 1.748 0
      vertex -29.323 -0.694 0
      vertex -33.433 1.123 0
    endloop
  endfacet
  facet normal 0 0 1
    outer loop
      vertex -37.392 2.613 12.5
      vertex -36.327 3.454 12.5
      vertex -37.57 3.403 12.5
    endloop
  endfacet
  facet normal 0 0 1
    outer loop
      vertex -36.327 3.454 12.5
      vertex -36.911 5.289 12.5
      vertex -37.57 3.403 12.5
    endloop
  endfacet
  facet normal 0.58762 0.80914 -0.00001
    outer loop
      vertex -27.459 -11.137 12.5
      vertex -25.976 -12.214 12.5
      vertex -27.042 -11.44 2
    endloop
  endfacet
  facet normal 0.75461 0.65618 0
    outer loop
      vertex -35.516 -1.273 0
      vertex -35.776 -0.974 0
      vertex -35.516 -1.273 2
    endloop
  endfacet
  facet normal 0.75461 0.65618 0
    outer loop
      vertex -35.776 -0.974 12.5
      vertex -35.516 -1.273 2
      vertex -35.776 -0.974 0
    endloop
  endfacet
  facet normal 0.58783 0.80899 0
    outer loop
      vertex -27.459 -11.137 12.5
      vertex -27.042 -11.44 2
      vertex -27.459 -11.137 2
    endloop
  endfacet
  facet normal 0.75653 0.65395 0
    outer loop
      vertex -35.516 -1.273 2
      vertex -35.261 -1.568 12.5
      vertex -35.261 -1.568 2
    endloop
  endfacet
  facet normal 0.61405 0.78927 0
    outer loop
      vertex -27.459 -11.137 2
      vertex -27.977 -10.734 2
      vertex -27.977 -10.734 12.5
    endloop
  endfacet
  facet normal 0.88438 0.46677 0
    outer loop
      vertex -36.911 5.289 12.5
      vertex -36.911 5.289 0
      vertex -37.813 6.998 12.5
    endloop
  endfacet
  facet normal 0.96381 0.26659 0
    outer loop
      vertex -35.776 -0.974 12.5
      vertex -35.776 -0.974 0
      vertex -36.062 0.06 0
    endloop
  endfacet
  facet normal 0 0 1
    outer loop
      vertex -27.977 -10.734 2
      vertex -27.852 -7.801 2
      vertex -28.011 -10.736 2
    endloop
  endfacet
  facet normal 0.95291 0.30327 0
    outer loop
      vertex -36.911 5.289 0
      vertex -36.911 5.289 12.5
      vertex -36.327 3.454 0
    endloop
  endfacet
  facet normal -0.05872 0.99827 0
    outer loop
      vertex -27.977 -10.734 2
      vertex -28.011 -10.736 2
      vertex -27.977 -10.734 12.5
    endloop
  endfacet
  facet normal -0.68434 -0.72916 0
    outer loop
      vertex -40.206 7.814 12.5
      vertex -41.54 9.066 12.5
      vertex -40.206 7.814 0
    endloop
  endfacet
  facet normal 0 0 1
    outer loop
      vertex -28.011 -10.736 2
      vertex -27.852 -7.801 2
      vertex -28.449 -10.766 2
    endloop
  endfacet
  facet normal -0.82348 -0.56735 0
    outer loop
      vertex -38.826 5.811 0
      vertex -38.826 5.811 12.5
      vertex -40.206 7.814 0
    endloop
  endfacet
  facet normal -0.82348 -0.56735 0
    outer loop
      vertex -40.206 7.814 12.5
      vertex -40.206 7.814 0
      vertex -38.826 5.811 12.5
    endloop
  endfacet
  facet normal 0.58754 0.8092 0
    outer loop
      vertex -25.976 -12.214 12.5
      vertex -25.976 -12.214 0
      vertex -27.042 -11.44 2
    endloop
  endfacet
  facet normal 0.58754 0.8092 0
    outer loop
      vertex -27.042 -11.44 0
      vertex -27.042 -11.44 2
      vertex -25.976 -12.214 0
    endloop
  endfacet
  facet normal 0 0 -1
    outer loop
      vertex -29.323 -0.694 0
      vertex -34.68 -3.088 0
      vertex -33.564 0.497 0
    endloop
  endfacet
  facet normal -0.06764 0.99771 0.00003
    outer loop
      vertex -28.449 -10.766 12.5
      vertex -27.977 -10.734 12.5
      vertex -28.011 -10.736 2
    endloop
  endfacet
  facet normal -0.98824 0.15292 0
    outer loop
      vertex -33.933 -1.513 12.5
      vertex -33.786 -0.563 2
      vertex -33.933 -1.513 2
    endloop
  endfacet
  facet normal 0 0 1
    outer loop
      vertex 14.717 27.623 12.5
      vertex 14.613 27.895 12.5
      vertex 14.703 27.228 12.5
    endloop
  endfacet
  facet normal 0 0 1
    outer loop
      vertex 14.373 28.157 12.5
      vertex 14.703 27.228 12.5
      vertex 14.613 27.895 12.5
    endloop
  endfacet
  facet normal -0.65079 0.75926 0
    outer loop
      vertex -33.996 -1.567 2
      vertex -33.933 -1.513 12.5
      vertex -33.933 -1.513 2
    endloop
  endfacet
  facet normal 0 0 -1
    outer loop
      vertex -24.828 -3.648 0
      vertex -32.21 -5.664 0
      vertex -25.526 -2.849 0
    endloop
  endfacet
  facet normal 0 0 -1
    outer loop
      vertex -34.68 -3.088 0
      vertex -35.037 -2.989 0
      vertex -33.564 0.497 0
    endloop
  endfacet
  facet normal 0 0 -1
    outer loop
      vertex -35.998 -2.641 0
      vertex -35.516 -1.273 0
      vertex -35.037 -2.989 0
    endloop
  endfacet
  facet normal 0 0 -1
    outer loop
      vertex -36.59 -2.27 0
      vertex -35.516 -1.273 0
      vertex -35.998 -2.641 0
    endloop
  endfacet
  facet normal 0 0 -1
    outer loop
      vertex -36.955 -1.741 0
      vertex -35.776 -0.974 0
      vertex -36.59 -2.27 0
    endloop
  endfacet
  facet normal 0 0 -1
    outer loop
      vertex -35.516 -1.273 0
      vertex -33.564 0.497 0
      vertex -35.037 -2.989 0
    endloop
  endfacet
  facet normal 0 0 1
    outer loop
      vertex 14.613 27.895 12.5
      vertex 14.39 28.482 12.5
      vertex 14.373 28.157 12.5
    endloop
  endfacet
  facet normal 0 0 1
    outer loop
      vertex 13.802 29.424 12.5
      vertex 13.802 29.206 12.5
      vertex 14.39 28.482 12.5
    endloop
  endfacet
  facet normal 0 0 -1
    outer loop
      vertex -36.062 0.06 0
      vertex -35.776 -0.974 0
      vertex -37.234 -0.925 0
    endloop
  endfacet
  facet normal 0 0 -1
    outer loop
      vertex -36.062 0.06 0
      vertex -37.234 -0.925 0
      vertex -37.457 0.511 0
    endloop
  endfacet
  facet normal -0.06833 0.99766 0
    outer loop
      vertex -28.011 -10.736 2
      vertex -28.449 -10.766 2
      vertex -28.449 -10.766 12.5
    endloop
  endfacet
  facet normal 0 0 1
    outer loop
      vertex -32.953 -3.568 2
      vertex -32.21 -5.664 2
      vertex -30.655 -2.344 2
    endloop
  endfacet
  facet normal 0 0 1
    outer loop
      vertex -34.68 -3.088 2
      vertex -32.21 -5.664 2
      vertex -34.335 -3.184 2
    endloop
  endfacet
  facet normal -0.26808 -0.9634 -0.00003
    outer loop
      vertex -34.68 -3.088 2
      vertex -34.335 -3.184 2
      vertex -35.037 -2.989 12.5
    endloop
  endfacet
  facet normal -0.82825 0.56035 0
    outer loop
      vertex -28.7 -11.137 12.5
      vertex -28.449 -10.766 12.5
      vertex -28.449 -10.766 2
    endloop
  endfacet
  facet normal 0 0 -1
    outer loop
      vertex -34.68 -3.088 0
      vertex -29.323 -0.694 0
      vertex -32.21 -5.664 0
    endloop
  endfacet
  facet normal 0 0 1
    outer loop
      vertex -34.197 -3.222 2
      vertex -32.21 -5.664 2
      vertex -32.953 -3.568 2
    endloop
  endfacet
  facet normal 0 0 1
    outer loop
      vertex -34.335 -3.184 2
      vertex -32.21 -5.664 2
      vertex -34.197 -3.222 2
    endloop
  endfacet
  facet normal 0 0 1
    outer loop
      vertex -28.7 -11.137 2
      vertex -32.99 -12.288 2
      vertex -28.558 -11.753 2
    endloop
  endfacet
  facet normal 0 0 1
    outer loop
      vertex -32.675 -10.426 2
      vertex -32.768 -10.658 2
      vertex -28.7 -11.137 2
    endloop
  endfacet
  facet normal 0 0 1
    outer loop
      vertex -32.309 -9.508 2
      vertex -32.675 -10.426 2
      vertex -28.7 -11.137 2
    endloop
  endfacet
  facet normal 0 0 1
    outer loop
      vertex -31.849 -8.91 2
      vertex -32.309 -9.508 2
      vertex -28.7 -11.137 2
    endloop
  endfacet
  facet normal 0 0 1
    outer loop
      vertex -28.449 -10.766 2
      vertex -30.918 -8.446 2
      vertex -28.7 -11.137 2
    endloop
  endfacet
  facet normal 0 0 1
    outer loop
      vertex -29.467 -8.132 2
      vertex -29.744 -8.192 2
      vertex -28.449 -10.766 2
    endloop
  endfacet
  facet normal 0 0 1
    outer loop
      vertex -30.918 -8.446 2
      vertex -31.108 -8.487 2
      vertex -28.7 -11.137 2
    endloop
  endfacet
  facet normal 0 0 1
    outer loop
      vertex -31.108 -8.487 2
      vertex -31.329 -8.535 2
      vertex -28.7 -11.137 2
    endloop
  endfacet
  facet normal -0.9997 0.02438 0
    outer loop
      vertex -37.424 1.864 12.5
      vertex -37.424 1.864 0
      vertex -37.457 0.511 12.5
    endloop
  endfacet
  facet normal 0.21225 -0.97722 0
    outer loop
      vertex -31.329 -8.535 2
      vertex -31.108 -8.487 2
      vertex -31.329 -8.535 12.5
    endloop
  endfacet
  facet normal 0 0 -1
    outer loop
      vertex -45.288 1.347 0
      vertex -44.617 -1.778 0
      vertex -50.178 -0.566 0
    endloop
  endfacet
  facet normal 0 0 -1
    outer loop
      vertex -50.178 -0.566 0
      vertex -50.459 2.1 0
      vertex -45.288 1.347 0
    endloop
  endfacet
  facet normal -0.98816 -0.15345 0
    outer loop
      vertex -37.457 0.511 12.5
      vertex -37.457 0.511 0
      vertex -37.234 -0.925 0
    endloop
  endfacet
  facet normal 0.58492 -0.81109 0
    outer loop
      vertex -31.849 -8.91 2
      vertex -31.329 -8.535 2
      vertex -31.329 -8.535 12.5
    endloop
  endfacet
  facet normal 0.58492 -0.81109 0
    outer loop
      vertex -31.849 -8.91 2
      vertex -31.329 -8.535 12.5
      vertex -31.849 -8.91 12.5
    endloop
  endfacet
  facet normal -0.26548 -0.96412 0.00016
    outer loop
      vertex -34.335 -3.184 2
      vertex -34.197 -3.222 2
      vertex -35.037 -2.989 12.5
    endloop
  endfacet
  facet normal 0.79262 -0.60971 0
    outer loop
      vertex -32.309 -9.508 2
      vertex -31.849 -8.91 2
      vertex -31.849 -8.91 12.5
    endloop
  endfacet
  facet normal -0.26723 -0.96363 0
    outer loop
      vertex -34.68 -3.088 0
      vertex -34.68 -3.088 2
      vertex -35.037 -2.989 0
    endloop
  endfacet
  facet normal 0.99884 0.04816 0
    outer loop
      vertex -36.135 1.574 12.5
      vertex -36.062 0.06 12.5
      vertex -36.062 0.06 0
    endloop
  endfacet
  facet normal 0 0 1
    outer loop
      vertex -32.768 -10.658 2
      vertex -32.853 -10.871 2
      vertex -28.7 -11.137 2
    endloop
  endfacet
  facet normal 0.96381 0.26659 0
    outer loop
      vertex -36.062 0.06 12.5
      vertex -35.776 -0.974 12.5
      vertex -36.062 0.06 0
    endloop
  endfacet
  facet normal 0.92308 -0.38462 0
    outer loop
      vertex -32.953 -3.568 12.5
      vertex -32.953 -3.568 2
      vertex -32.768 -3.124 2
    endloop
  endfacet
  facet normal 0 0 -1
    outer loop
      vertex -49.05 -5.942 0
      vertex -49.703 -3.287 0
      vertex -43.82 -4.609 0
    endloop
  endfacet
  facet normal 0 0 -1
    outer loop
      vertex -42.945 -7.049 0
      vertex -48.235 -8.41 0
      vertex -43.82 -4.609 0
    endloop
  endfacet
  facet normal 0 0 1
    outer loop
      vertex -46.294 34.644 2
      vertex -48.385 34.979 2
      vertex -48.317 32.986 2
    endloop
  endfacet
  facet normal -0.82825 0.56035 0
    outer loop
      vertex -28.449 -10.766 2
      vertex -28.7 -11.137 2
      vertex -28.7 -11.137 12.5
    endloop
  endfacet
  facet normal 0 0 1
    outer loop
      vertex -48.317 32.986 2
      vertex -45.466 32.863 2
      vertex -46.294 34.644 2
    endloop
  endfacet
  facet normal 0 0 1
    outer loop
      vertex -43.81 34.566 2
      vertex -46.294 34.644 2
      vertex -45.466 32.863 2
    endloop
  endfacet
  facet normal -0.97444 -0.22463 0
    outer loop
      vertex -28.558 -11.753 2
      vertex -28.558 -11.753 12.5
      vertex -28.7 -11.137 2
    endloop
  endfacet
  facet normal 0.15819 0.98741 0
    outer loop
      vertex -46.294 34.644 0
      vertex -48.385 34.979 0
      vertex -48.385 34.979 2
    endloop
  endfacet
  facet normal 0.15819 0.98741 0
    outer loop
      vertex -46.294 34.644 0
      vertex -48.385 34.979 2
      vertex -46.294 34.644 2
    endloop
  endfacet
  facet normal -0.99624 0.08663 0
    outer loop
      vertex 14.863 24.897 12.5
      vertex 14.861 24.874 12.5
      vertex 14.863 24.897 15
    endloop
  endfacet
  facet normal 0.03139 0.99951 0
    outer loop
      vertex -43.81 34.566 0
      vertex -46.294 34.644 0
      vertex -46.294 34.644 2
    endloop
  endfacet
  facet normal 0.03139 0.99951 0
    outer loop
      vertex -43.81 34.566 0
      vertex -46.294 34.644 2
      vertex -43.81 34.566 2
    endloop
  endfacet
  facet normal -0.68221 0.73116 0
    outer loop
      vertex -36.392 -9.566 2
      vertex -32.21 -5.664 2
      vertex -36.392 -9.566 0
    endloop
  endfacet
  facet normal -0.68221 0.73116 0
    outer loop
      vertex -32.21 -5.664 0
      vertex -36.392 -9.566 0
      vertex -32.21 -5.664 2
    endloop
  endfacet
  facet normal -0.02202 0.99976 0
    outer loop
      vertex -39.905 34.652 0
      vertex -43.81 34.566 0
      vertex -43.81 34.566 2
    endloop
  endfacet
  facet normal 0 0 1
    outer loop
      vertex -36.392 -9.566 2
      vertex -33.035 -8.192 2
      vertex -32.976 -8.112 2
    endloop
  endfacet
  facet normal 0 0 1
    outer loop
      vertex -32.768 -7.932 2
      vertex -32.21 -5.664 2
      vertex -32.976 -8.112 2
    endloop
  endfacet
  facet normal 0 0 1
    outer loop
      vertex -36.392 -9.566 2
      vertex -32.976 -8.112 2
      vertex -32.21 -5.664 2
    endloop
  endfacet
  facet normal 0.88438 0.46677 0
    outer loop
      vertex -37.813 6.998 0
      vertex -37.813 6.998 12.5
      vertex -36.911 5.289 0
    endloop
  endfacet
  facet normal -0.7218 -0.6921 0
    outer loop
      vertex -34.68 -3.088 2
      vertex -34.68 -3.088 0
      vertex -32.21 -5.664 2
    endloop
  endfacet
  facet normal -0.7218 -0.6921 0
    outer loop
      vertex -32.21 -5.664 0
      vertex -32.21 -5.664 2
      vertex -34.68 -3.088 0
    endloop
  endfacet
  facet normal 0 0 1
    outer loop
      vertex -16.966 -48 2
      vertex -8.802 -47.05 2
      vertex -10.367 -42.302 2
    endloop
  endfacet
  facet normal 0.95291 0.30327 0
    outer loop
      vertex -36.327 3.454 12.5
      vertex -36.327 3.454 0
      vertex -36.911 5.289 12.5
    endloop
  endfacet
  facet normal 0 0 1
    outer loop
      vertex -8.13 -42.709 2
      vertex -8.192 -42.698 2
      vertex -7.898 -46.357 2
    endloop
  endfacet
  facet normal 0 0 1
    outer loop
      vertex -6.115 -42.91 2
      vertex -8.13 -42.709 2
      vertex -6.697 -45.692 2
    endloop
  endfacet
  facet normal 0 0 1
    outer loop
      vertex -9.055 -47.997 2
      vertex -9.158 -47.606 2
      vertex -16.966 -48 2
    endloop
  endfacet
  facet normal 0 0 1
    outer loop
      vertex -7.898 -46.357 2
      vertex -6.697 -45.692 2
      vertex -8.13 -42.709 2
    endloop
  endfacet
  facet normal 0 0 -1
    outer loop
      vertex -50.178 -0.566 0
      vertex -44.617 -1.778 0
      vertex -49.703 -3.287 0
    endloop
  endfacet
  facet normal 0.79547 0.606 0
    outer loop
      vertex -37.813 6.998 12.5
      vertex -37.813 6.998 0
      vertex -38.958 8.501 0
    endloop
  endfacet
  facet normal -0.99998 -0.00673 0
    outer loop
      vertex 14.852 26.531 12.5
      vertex 14.863 24.897 12.5
      vertex 14.863 24.897 15
    endloop
  endfacet
  facet normal -0.99998 -0.00673 0
    outer loop
      vertex 14.852 26.531 12.5
      vertex 14.863 24.897 15
      vertex 14.852 26.531 15
    endloop
  endfacet
  facet normal 0.25386 0.96724 0
    outer loop
      vertex -53.223 34.059 15
      vertex -50.514 33.348 15
      vertex -50.514 33.348 2
    endloop
  endfacet
  facet normal 0 -1 0
    outer loop
      vertex -9.04 -48 2
      vertex -16.966 -48 2
      vertex -9.04 -48 0
    endloop
  endfacet
  facet normal -0.99244 -0.12269 0
    outer loop
      vertex 14.852 26.531 12.5
      vertex 14.852 26.531 15
      vertex 14.717 27.623 15
    endloop
  endfacet
  facet normal -0.99244 -0.12269 0
    outer loop
      vertex 14.852 26.531 12.5
      vertex 14.717 27.623 15
      vertex 14.717 27.623 12.5
    endloop
  endfacet
  facet normal -0.8048 0.59354 0
    outer loop
      vertex -32.976 -8.112 12.5
      vertex -32.976 -8.112 2
      vertex -33.035 -8.192 2
    endloop
  endfacet
  facet normal 0 0 1
    outer loop
      vertex -9.04 -48 2
      vertex -9.055 -47.997 2
      vertex -16.966 -48 2
    endloop
  endfacet
  facet normal 0 0 1
    outer loop
      vertex 14.847 26.156 12.5
      vertex 14.861 24.874 12.5
      vertex 14.863 24.897 12.5
    endloop
  endfacet
  facet normal -0.19353 -0.98109 0
    outer loop
      vertex -9.04 -48 0
      vertex -8.675 -48.072 0
      vertex -9.04 -48 2
    endloop
  endfacet
  facet normal -0.19353 -0.98109 0
    outer loop
      vertex -9.04 -48 2
      vertex -8.675 -48.072 0
      vertex -8.675 -48.072 12.5
    endloop
  endfacet
  facet normal 0 0 -1
    outer loop
      vertex -44.617 -1.778 0
      vertex -43.82 -4.609 0
      vertex -49.703 -3.287 0
    endloop
  endfacet
  facet normal 0 0 1
    outer loop
      vertex 14.863 24.897 12.5
      vertex 14.852 26.531 12.5
      vertex 14.847 26.156 12.5
    endloop
  endfacet
  facet normal 0 0 1
    outer loop
      vertex 14.717 27.623 12.5
      vertex 14.703 27.228 12.5
      vertex 14.852 26.531 12.5
    endloop
  endfacet
  facet normal 0 0 -1
    outer loop
      vertex -49.05 -5.942 0
      vertex -43.82 -4.609 0
      vertex -48.235 -8.41 0
    endloop
  endfacet
  facet normal 0.98172 0.19033 -0.00006
    outer loop
      vertex -47.156 1.155 15
      vertex -46.479 -2.337 15
      vertex -47.072 0.721 12.5
    endloop
  endfacet
  facet normal 0.39392 -0.91915 0
    outer loop
      vertex -8.675 -48.072 0
      vertex -8.507 -48 0
      vertex -8.507 -48 2
    endloop
  endfacet
  facet normal 0.39392 -0.91915 0
    outer loop
      vertex -8.675 -48.072 0
      vertex -8.507 -48 2
      vertex -8.675 -48.072 12.5
    endloop
  endfacet
  facet normal 0.96281 0.27018 0
    outer loop
      vertex -46.479 -2.337 15
      vertex -45.528 -5.726 15
      vertex -45.528 -5.726 2
    endloop
  endfacet
  facet normal -0.67173 0.7408 0
    outer loop
      vertex -33.564 0.497 0
      vertex -35.516 -1.273 2
      vertex -33.564 0.497 2
    endloop
  endfacet
  facet normal 0 0 1
    outer loop
      vertex -35.516 -1.273 2
      vertex -33.668 0 2
      vertex -33.564 0.497 2
    endloop
  endfacet
  facet normal -0.9788 0.20483 0
    outer loop
      vertex -33.433 1.123 0
      vertex -33.564 0.497 0
      vertex -33.564 0.497 2
    endloop
  endfacet
  facet normal 0 0 1
    outer loop
      vertex -31.849 -8.91 2
      vertex -28.7 -11.137 2
      vertex -31.329 -8.535 2
    endloop
  endfacet
  facet normal 0.39392 -0.91915 0
    outer loop
      vertex -8.675 -48.072 12.5
      vertex -8.507 -48 2
      vertex -8.192 -47.865 2
    endloop
  endfacet
  facet normal -0.60839 0.79363 0.00003
    outer loop
      vertex -7.898 -46.357 12.5
      vertex -8.192 -46.582 2
      vertex -8.802 -47.05 12.5
    endloop
  endfacet
  facet normal 0 0 1
    outer loop
      vertex -8.802 -47.05 2
      vertex -16.966 -48 2
      vertex -9.158 -47.606 2
    endloop
  endfacet
  facet normal -0.84216 0.53923 0
    outer loop
      vertex -8.802 -47.05 2
      vertex -9.158 -47.606 2
      vertex -9.158 -47.606 12.5
    endloop
  endfacet
  facet normal -0.88664 -0.46247 0
    outer loop
      vertex -37.57 3.403 12.5
      vertex -38.826 5.811 0
      vertex -37.57 3.403 0
    endloop
  endfacet
  facet normal -0.96701 -0.25474 0
    outer loop
      vertex -9.158 -47.606 2
      vertex -9.055 -47.997 2
      vertex -9.055 -47.997 12.5
    endloop
  endfacet
  facet normal -0.96701 -0.25474 0
    outer loop
      vertex -9.158 -47.606 2
      vertex -9.055 -47.997 12.5
      vertex -9.158 -47.606 12.5
    endloop
  endfacet
  facet normal -0.99909 0.04268 0
    outer loop
      vertex -37.424 1.864 12.5
      vertex -37.392 2.613 12.5
      vertex -37.424 1.864 0
    endloop
  endfacet
  facet normal -0.99909 0.04268 0
    outer loop
      vertex -37.392 2.613 0
      vertex -37.424 1.864 0
      vertex -37.392 2.613 12.5
    endloop
  endfacet
  facet normal -0.9997 0.02438 0
    outer loop
      vertex -37.457 0.511 0
      vertex -37.457 0.511 12.5
      vertex -37.424 1.864 0
    endloop
  endfacet
  facet normal -0.96235 -0.2718 0
    outer loop
      vertex -47.616 -3.025 15
      vertex -47.616 -3.025 2
      vertex -46.608 -6.594 15
    endloop
  endfacet
  facet normal 0 0 -1
    outer loop
      vertex -36.392 -9.566 0
      vertex -32.21 -5.664 0
      vertex -28.311 -12.623 0
    endloop
  endfacet
  facet normal -0.9249 -0.3802 0
    outer loop
      vertex -46.608 -6.594 2
      vertex -45.494 -9.304 2
      vertex -46.608 -6.594 15
    endloop
  endfacet
  facet normal -0.97554 -0.21981 0
    outer loop
      vertex -37.392 2.613 0
      vertex -37.392 2.613 12.5
      vertex -37.57 3.403 0
    endloop
  endfacet
  facet normal -0.97554 -0.21981 0
    outer loop
      vertex -37.57 3.403 12.5
      vertex -37.57 3.403 0
      vertex -37.392 2.613 12.5
    endloop
  endfacet
  facet normal -0.19612 -0.98058 0
    outer loop
      vertex -9.055 -47.997 2
      vertex -9.04 -48 2
      vertex -9.055 -47.997 12.5
    endloop
  endfacet
  facet normal 0.97772 0.20994 0
    outer loop
      vertex -44.617 -1.778 0
      vertex -45.288 1.347 0
      vertex -44.617 -1.778 2
    endloop
  endfacet
  facet normal 0.99483 0.1016 0
    outer loop
      vertex -36.135 1.574 0
      vertex -36.327 3.454 0
      vertex -36.135 1.574 12.5
    endloop
  endfacet
  facet normal 0.99483 0.1016 0
    outer loop
      vertex -36.327 3.454 12.5
      vertex -36.135 1.574 12.5
      vertex -36.327 3.454 0
    endloop
  endfacet
  facet normal 0 -1 0
    outer loop
      vertex -16.966 -48 2
      vertex -16.966 -48 0
      vertex -9.04 -48 0
    endloop
  endfacet
  facet normal 0.99884 0.04816 0
    outer loop
      vertex -36.135 1.574 12.5
      vertex -36.062 0.06 0
      vertex -36.135 1.574 0
    endloop
  endfacet
  facet normal 0.96258 0.27099 0
    outer loop
      vertex -44.617 -1.778 0
      vertex -44.617 -1.778 2
      vertex -43.82 -4.609 2
    endloop
  endfacet
  facet normal 0 0 1
    outer loop
      vertex -47.616 -3.025 2
      vertex -48.168 0 2
      vertex -50.178 -0.566 2
    endloop
  endfacet
  facet normal 0 0 1
    outer loop
      vertex -48.168 0 2
      vertex -48.304 0.742 2
      vertex -50.178 -0.566 2
    endloop
  endfacet
  facet normal -0.9788 0.20482 -0.00002
    outer loop
      vertex -33.564 0.497 2
      vertex -33.668 0 2
      vertex -33.786 -0.563 12.5
    endloop
  endfacet
  facet normal -0.98376 -0.17952 0
    outer loop
      vertex -47.616 -3.025 15
      vertex -48.168 0 2
      vertex -47.616 -3.025 2
    endloop
  endfacet
  facet normal -0.9788 0.20483 0
    outer loop
      vertex -33.564 0.497 2
      vertex -33.433 1.123 12.5
      vertex -33.433 1.123 0
    endloop
  endfacet
  facet normal 0 0 1
    outer loop
      vertex -46.479 -2.337 2
      vertex -43.82 -4.609 2
      vertex -44.617 -1.778 2
    endloop
  endfacet
  facet normal 0 0 1
    outer loop
      vertex -46.932 0 2
      vertex -46.479 -2.337 2
      vertex -44.617 -1.778 2
    endloop
  endfacet
  facet normal 0.98171 0.19037 0
    outer loop
      vertex -47.072 0.721 12.5
      vertex -46.479 -2.337 15
      vertex -46.479 -2.337 2
    endloop
  endfacet
  facet normal -0.9068 0.42156 0
    outer loop
      vertex -33.433 1.123 12.5
      vertex -32.493 3.145 12.5
      vertex -33.433 1.123 0
    endloop
  endfacet
  facet normal -0.97878 0.20493 -0.00001
    outer loop
      vertex -33.786 -0.563 12.5
      vertex -33.433 1.123 12.5
      vertex -33.564 0.497 2
    endloop
  endfacet
  facet normal 0.98173 0.1903 0.00002
    outer loop
      vertex -46.479 -2.337 2
      vertex -46.932 0 2
      vertex -47.072 0.721 12.5
    endloop
  endfacet
  facet normal -0.9068 0.42156 0
    outer loop
      vertex -32.493 3.145 0
      vertex -33.433 1.123 0
      vertex -32.493 3.145 12.5
    endloop
  endfacet
  facet normal 0.96281 0.27018 0
    outer loop
      vertex -46.479 -2.337 2
      vertex -46.479 -2.337 15
      vertex -45.528 -5.726 2
    endloop
  endfacet
  facet normal 0.83531 -0.54977 0
    outer loop
      vertex -46.866 7.07 15
      vertex -46.479 7.658 12.5
      vertex -46.479 7.658 15
    endloop
  endfacet
  facet normal -0.10826 0.99412 0
    outer loop
      vertex -2.206 -56.329 2
      vertex -4.915 -56.624 2
      vertex -2.206 -56.329 15
    endloop
  endfacet
  facet normal -0.19995 0.97981 0
    outer loop
      vertex -0.633 -56.008 2
      vertex -2.206 -56.329 15
      vertex -0.633 -56.008 15
    endloop
  endfacet
  facet normal 0.8459 -0.53335 -0.00024
    outer loop
      vertex -46.155 8.173 12.5
      vertex -46.479 7.658 15
      vertex -46.341 7.878 12.5
    endloop
  endfacet
  facet normal 0.9022 0.43132 0
    outer loop
      vertex -42.127 -8.76 0
      vertex -42.945 -7.049 0
      vertex -42.127 -8.76 2
    endloop
  endfacet
  facet normal 0.9022 0.43132 0
    outer loop
      vertex -42.945 -7.049 2
      vertex -42.127 -8.76 2
      vertex -42.945 -7.049 0
    endloop
  endfacet
  facet normal 0 0 1
    outer loop
      vertex -42.945 -7.049 2
      vertex -44.495 -8.344 2
      vertex -42.127 -8.76 2
    endloop
  endfacet
  facet normal 0.84662 -0.53219 0.00009
    outer loop
      vertex -46.155 8.173 12.5
      vertex -45.978 8.455 15
      vertex -46.479 7.658 15
    endloop
  endfacet
  facet normal 0.96258 0.27099 0
    outer loop
      vertex -43.82 -4.609 2
      vertex -43.82 -4.609 0
      vertex -44.617 -1.778 0
    endloop
  endfacet
  facet normal 0.05201 -0.99865 0.00001
    outer loop
      vertex -4.953 -57.783 15
      vertex -9.12 -58 15
      vertex -6.908 -57.885 2
    endloop
  endfacet
  facet normal 0.84713 -0.53138 0
    outer loop
      vertex -46.341 7.878 12.5
      vertex -46.479 7.658 15
      vertex -46.479 7.658 12.5
    endloop
  endfacet
  facet normal 0.9413 0.33756 0
    outer loop
      vertex -43.82 -4.609 2
      vertex -42.945 -7.049 2
      vertex -42.945 -7.049 0
    endloop
  endfacet
  facet normal 0.9413 0.33756 0
    outer loop
      vertex -43.82 -4.609 2
      vertex -42.945 -7.049 0
      vertex -43.82 -4.609 0
    endloop
  endfacet
  facet normal 0.17072 -0.98532 0
    outer loop
      vertex 3.724 -26.207 0
      vertex 3.724 -26.207 12.5
      vertex 3.118 -26.312 0
    endloop
  endfacet
  facet normal 0.94499 -0.32711 0.00013
    outer loop
      vertex -46.947 6.835 12.5
      vertex -46.866 7.07 15
      vertex -47.145 6.264 15
    endloop
  endfacet
  facet normal 0.83531 -0.54977 0
    outer loop
      vertex -46.866 7.07 12.5
      vertex -46.479 7.658 12.5
      vertex -46.866 7.07 15
    endloop
  endfacet
  facet normal 0.94542 -0.32587 0
    outer loop
      vertex -46.866 7.07 12.5
      vertex -46.866 7.07 15
      vertex -46.947 6.835 12.5
    endloop
  endfacet
  facet normal 0.39983 -0.91659 0
    outer loop
      vertex -0.51 -57.262 2
      vertex 0.76 -56.708 2
      vertex -0.51 -57.262 15
    endloop
  endfacet
  facet normal 0.07598 -0.99711 0
    outer loop
      vertex -4.953 -57.783 15
      vertex -4.953 -57.783 2
      vertex -2.276 -57.579 15
    endloop
  endfacet
  facet normal 0.07598 -0.99711 0
    outer loop
      vertex -2.276 -57.579 2
      vertex -2.276 -57.579 15
      vertex -4.953 -57.783 2
    endloop
  endfacet
  facet normal 0 0 1
    outer loop
      vertex -46.143 8.192 12.5
      vertex -46.155 8.173 12.5
      vertex -45.348 8.935 12.5
    endloop
  endfacet
  facet normal -0.24431 -0.9697 0
    outer loop
      vertex -55.503 33.323 15
      vertex -55.503 33.323 2
      vertex -55.118 33.226 15
    endloop
  endfacet
  facet normal 0.17668 -0.98427 0
    outer loop
      vertex -2.276 -57.579 2
      vertex -0.51 -57.262 15
      vertex -2.276 -57.579 15
    endloop
  endfacet
  facet normal -0.23246 -0.97261 0
    outer loop
      vertex -55.118 33.226 2
      vertex -51.026 32.248 2
      vertex -55.118 33.226 15
    endloop
  endfacet
  facet normal 0 0 1
    outer loop
      vertex -46.799 7.09 12.5
      vertex -46.341 7.878 12.5
      vertex -46.479 7.658 12.5
    endloop
  endfacet
  facet normal 0 0 1
    outer loop
      vertex -46.479 7.658 12.5
      vertex -46.866 7.07 12.5
      vertex -46.799 7.09 12.5
    endloop
  endfacet
  facet normal 0 0 1
    outer loop
      vertex -46.947 6.835 12.5
      vertex -46.799 7.09 12.5
      vertex -46.866 7.07 12.5
    endloop
  endfacet
  facet normal 0.16263 0.98669 0
    outer loop
      vertex -50.514 33.348 15
      vertex -49.61 33.199 2
      vertex -50.514 33.348 2
    endloop
  endfacet
  facet normal -0.99993 0.0122 0
    outer loop
      vertex 0.503 -30.766 0
      vertex 0.465 -33.881 0
      vertex 0.503 -30.766 12.5
    endloop
  endfacet
  facet normal 0.36733 -0.93009 0
    outer loop
      vertex 0.503 -30.766 12.5
      vertex -0.563 -31.187 12.5
      vertex -0.563 -31.187 0
    endloop
  endfacet
  facet normal -0.10826 0.99412 0
    outer loop
      vertex -4.915 -56.624 15
      vertex -2.206 -56.329 15
      vertex -4.915 -56.624 2
    endloop
  endfacet
  facet normal -0.51469 0.85737 0
    outer loop
      vertex -0.633 -56.008 15
      vertex 0 -55.628 2
      vertex -0.633 -56.008 2
    endloop
  endfacet
  facet normal 0.98551 -0.16961 0
    outer loop
      vertex 4.311 -25.669 12.5
      vertex 4.311 -25.669 0
      vertex 4.406 -25.117 12.5
    endloop
  endfacet
  facet normal 0.39983 -0.91659 0
    outer loop
      vertex 0.76 -56.708 15
      vertex -0.51 -57.262 15
      vertex 0.76 -56.708 2
    endloop
  endfacet
  facet normal 0.95998 -0.28008 0
    outer loop
      vertex -46.799 7.09 2
      vertex -46.799 7.09 12.5
      vertex -47.185 5.767 12.5
    endloop
  endfacet
  facet normal -0.97106 -0.23883 0
    outer loop
      vertex -49.05 -5.942 2
      vertex -49.703 -3.287 2
      vertex -49.05 -5.942 0
    endloop
  endfacet
  facet normal -0.97106 -0.23883 0
    outer loop
      vertex -49.703 -3.287 0
      vertex -49.05 -5.942 0
      vertex -49.703 -3.287 2
    endloop
  endfacet
  facet normal -0.83761 0.54627 0
    outer loop
      vertex -0.354 -53.149 0
      vertex -0.699 -53.678 0
      vertex -0.354 -53.149 2
    endloop
  endfacet
  facet normal 0.94469 -0.32797 -0.00009
    outer loop
      vertex -47.145 6.264 15
      vertex -47.131 6.305 12.5
      vertex -46.947 6.835 12.5
    endloop
  endfacet
  facet normal 0 0 1
    outer loop
      vertex -44.555 -8.192 2
      vertex -44.495 -8.344 2
      vertex -42.945 -7.049 2
    endloop
  endfacet
  facet normal 0 0 1
    outer loop
      vertex -43.82 -4.609 2
      vertex -45.528 -5.726 2
      vertex -42.945 -7.049 2
    endloop
  endfacet
  facet normal 0 0 1
    outer loop
      vertex -46.479 -2.337 2
      vertex -45.528 -5.726 2
      vertex -43.82 -4.609 2
    endloop
  endfacet
  facet normal 0 0 1
    outer loop
      vertex -44.555 -8.192 2
      vertex -42.945 -7.049 2
      vertex -45.528 -5.726 2
    endloop
  endfacet
  facet normal -0.96769 0.25215 0
    outer loop
      vertex -0.354 -53.149 2
      vertex 0.028 -51.683 2
      vertex -0.354 -53.149 0
    endloop
  endfacet
  facet normal -0.96769 0.25215 0
    outer loop
      vertex 0.028 -51.683 0
      vertex -0.354 -53.149 0
      vertex 0.028 -51.683 2
    endloop
  endfacet
  facet normal 0.94635 -0.32314 0
    outer loop
      vertex -47.131 6.305 12.5
      vertex -47.145 6.264 15
      vertex -47.145 6.264 12.5
    endloop
  endfacet
  facet normal 0.93021 0.36704 0
    outer loop
      vertex -45.528 -5.726 15
      vertex -44.495 -8.344 15
      vertex -44.555 -8.192 2
    endloop
  endfacet
  facet normal 0 0 1
    outer loop
      vertex 1.674 -53.803 2
      vertex 1.829 -52.894 2
      vertex -0.354 -53.149 2
    endloop
  endfacet
  facet normal 0 0 1
    outer loop
      vertex -0.354 -53.149 2
      vertex -0.699 -53.678 2
      vertex 1.209 -54.627 2
    endloop
  endfacet
  facet normal -0.35539 0.93472 0
    outer loop
      vertex -1.178 -54.093 0
      vertex -2.643 -54.65 0
      vertex -2.643 -54.65 2
    endloop
  endfacet
  facet normal -0.35539 0.93472 0
    outer loop
      vertex -1.178 -54.093 0
      vertex -2.643 -54.65 2
      vertex -1.178 -54.093 2
    endloop
  endfacet
  facet normal 0 0 1
    outer loop
      vertex -4.949 -54.951 2
      vertex -4.915 -56.624 2
      vertex -2.643 -54.65 2
    endloop
  endfacet
  facet normal 0.11377 0.99351 0
    outer loop
      vertex -56.458 34.829 2
      vertex -57.96 35.001 15
      vertex -56.458 34.829 15
    endloop
  endfacet
  facet normal 0 0 1
    outer loop
      vertex 8.225 -26.17 2
      vertex 9.172 -23.806 2
      vertex 6.437 -25.515 2
    endloop
  endfacet
  facet normal 0 0 1
    outer loop
      vertex 8.225 -26.17 2
      vertex 6.437 -25.515 2
      vertex 8.192 -26.268 2
    endloop
  endfacet
  facet normal -0.65481 0.75579 0
    outer loop
      vertex -0.699 -53.678 0
      vertex -1.178 -54.093 0
      vertex -1.178 -54.093 2
    endloop
  endfacet
  facet normal -0.65481 0.75579 0
    outer loop
      vertex -0.699 -53.678 0
      vertex -1.178 -54.093 2
      vertex -0.699 -53.678 2
    endloop
  endfacet
  facet normal 0 0 1
    outer loop
      vertex -58.584 36.951 2
      vertex -57.96 35.001 2
      vertex -57.136 36.963 2
    endloop
  endfacet
  facet normal 0.98551 -0.16961 0
    outer loop
      vertex 4.406 -25.117 0
      vertex 4.406 -25.117 12.5
      vertex 4.311 -25.669 0
    endloop
  endfacet
  facet normal 0 0 1
    outer loop
      vertex -47.145 6.264 12.5
      vertex -47.185 5.767 12.5
      vertex -47.131 6.305 12.5
    endloop
  endfacet
  facet normal 0 0 1
    outer loop
      vertex -2.206 -56.329 2
      vertex -0.633 -56.008 2
      vertex -2.643 -54.65 2
    endloop
  endfacet
  facet normal 0.85573 -0.51742 0
    outer loop
      vertex 4.311 -25.669 12.5
      vertex 4.103 -26.013 12.5
      vertex 4.311 -25.669 0
    endloop
  endfacet
  facet normal -0.00829 0.99997 0
    outer loop
      vertex -57.136 36.963 0
      vertex -58.584 36.951 2
      vertex -57.136 36.963 2
    endloop
  endfacet
  facet normal -0.96886 -0.2476 0
    outer loop
      vertex -27.951 -13.89 0
      vertex -27.101 -17.216 0
      vertex -27.101 -17.216 12.5
    endloop
  endfacet
  facet normal -0.96886 -0.2476 0
    outer loop
      vertex -27.951 -13.89 0
      vertex -27.101 -17.216 12.5
      vertex -27.951 -13.89 12.5
    endloop
  endfacet
  facet normal -0.9275 0.37383 0
    outer loop
      vertex 6.437 -25.515 0
      vertex 6.437 -25.515 2
      vertex 7.493 -22.895 2
    endloop
  endfacet
  facet normal 0.68216 -0.7312 0
    outer loop
      vertex -28.311 -12.623 2
      vertex -32.34236 -16.384 2
      vertex -28.311 -12.623 0
    endloop
  endfacet
  facet normal 0.9946 -0.10379 0
    outer loop
      vertex -47.145 6.264 15
      vertex -47.375 4.06 15
      vertex -47.145 6.264 12.5
    endloop
  endfacet
  facet normal 0 0 1
    outer loop
      vertex -33.029 -12.695 2
      vertex -33.142 -14.356 2
      vertex -28.311 -12.623 2
    endloop
  endfacet
  facet normal 0.16258 0.9867 0
    outer loop
      vertex -50.514 33.348 15
      vertex -48.317 32.986 15
      vertex -49.61 33.199 2
    endloop
  endfacet
  facet normal -0.96192 -0.27332 0
    outer loop
      vertex -28.311 -12.623 0
      vertex -27.951 -13.89 0
      vertex -28.311 -12.623 2
    endloop
  endfacet
  facet normal 0.87832 -0.47807 0
    outer loop
      vertex -24.693 -14.071 0
      vertex -24.865 -14.387 12.5
      vertex -24.865 -14.387 0
    endloop
  endfacet
  facet normal 0.16254 0.9867 0
    outer loop
      vertex -48.317 32.986 2
      vertex -49.61 33.199 2
      vertex -48.317 32.986 15
    endloop
  endfacet
  facet normal 0 0 1
    outer loop
      vertex -47.145 6.264 12.5
      vertex -47.375 4.06 12.5
      vertex -47.185 5.767 12.5
    endloop
  endfacet
  facet normal 0.99007 -0.1406 0
    outer loop
      vertex -24.865 -14.387 0
      vertex -24.865 -14.387 12.5
      vertex -24.985 -15.232 12.5
    endloop
  endfacet
  facet normal 0.99007 -0.1406 0
    outer loop
      vertex -24.865 -14.387 0
      vertex -24.985 -15.232 12.5
      vertex -24.985 -15.232 0
    endloop
  endfacet
  facet normal 0.25386 0.96724 0
    outer loop
      vertex -53.223 34.059 15
      vertex -50.514 33.348 2
      vertex -53.223 34.059 2
    endloop
  endfacet
  facet normal 0 0 1
    outer loop
      vertex -47.346 4.167 12.5
      vertex -47.185 5.767 12.5
      vertex -47.375 4.06 12.5
    endloop
  endfacet
  facet normal 0.99952 -0.03098 0
    outer loop
      vertex -24.985 -15.232 0
      vertex -24.985 -15.232 12.5
      vertex -25.067 -17.878 0
    endloop
  endfacet
  facet normal 0 0 1
    outer loop
      vertex -47.131 6.305 12.5
      vertex -47.185 5.767 12.5
      vertex -46.947 6.835 12.5
    endloop
  endfacet
  facet normal 0 0 1
    outer loop
      vertex -46.799 7.09 12.5
      vertex -46.947 6.835 12.5
      vertex -47.185 5.767 12.5
    endloop
  endfacet
  facet normal -0.71172 -0.70246 0
    outer loop
      vertex 0.021 -25.516 0
      vertex 0.476 -25.977 0
      vertex 0.476 -25.977 12.5
    endloop
  endfacet
  facet normal 0 0 1
    outer loop
      vertex -50.514 33.348 2
      vertex -49.61 33.199 2
      vertex -51.114 35.669 2
    endloop
  endfacet
  facet normal 0 0 1
    outer loop
      vertex -53.223 34.059 2
      vertex -50.514 33.348 2
      vertex -51.114 35.669 2
    endloop
  endfacet
  facet normal 0 0 1
    outer loop
      vertex -57.136 36.963 2
      vertex -56.458 34.829 2
      vertex -54.749 36.546 2
    endloop
  endfacet
  facet normal 0 0 1
    outer loop
      vertex -51.114 35.669 2
      vertex -54.749 36.546 2
      vertex -53.223 34.059 2
    endloop
  endfacet
  facet normal -0.95783 -0.28735 0
    outer loop
      vertex 0.476 -25.977 12.5
      vertex 0.476 -25.977 0
      vertex 0.659 -26.587 0
    endloop
  endfacet
  facet normal 0 0 1
    outer loop
      vertex -48.385 34.979 2
      vertex -51.114 35.669 2
      vertex -49.61 33.199 2
    endloop
  endfacet
  facet normal 0 0 1
    outer loop
      vertex -48.317 32.986 2
      vertex -48.385 34.979 2
      vertex -49.61 33.199 2
    endloop
  endfacet
  facet normal -0.41539 -0.90964 0
    outer loop
      vertex -24.347 -14.229 0
      vertex -24.347 -14.229 12.5
      vertex -24.693 -14.071 0
    endloop
  endfacet
  facet normal 0.04205 0.99912 0
    outer loop
      vertex 3.109 -25.112 0
      vertex 2.61 -25.091 0
      vertex 3.109 -25.112 12.5
    endloop
  endfacet
  facet normal 0.24513 0.96949 0
    outer loop
      vertex -51.114 35.669 2
      vertex -48.385 34.979 2
      vertex -51.114 35.669 0
    endloop
  endfacet
  facet normal 0.24513 0.96949 0
    outer loop
      vertex -48.385 34.979 0
      vertex -51.114 35.669 0
      vertex -48.385 34.979 2
    endloop
  endfacet
  facet normal 0 0 1
    outer loop
      vertex -33.029 -12.695 2
      vertex -28.311 -12.623 2
      vertex -32.99 -12.288 2
    endloop
  endfacet
  facet normal 0 0 1
    outer loop
      vertex -28.558 -11.753 2
      vertex -32.99 -12.288 2
      vertex -28.311 -12.623 2
    endloop
  endfacet
  facet normal 0.23454 0.97211 0
    outer loop
      vertex -51.114 35.669 0
      vertex -54.749 36.546 2
      vertex -51.114 35.669 2
    endloop
  endfacet
  facet normal -0.68801 0.7257 0
    outer loop
      vertex 3.109 -25.112 12.5
      vertex 3.34 -24.893 12.5
      vertex 3.109 -25.112 0
    endloop
  endfacet
  facet normal -0.68801 0.7257 0
    outer loop
      vertex 3.34 -24.893 0
      vertex 3.109 -25.112 0
      vertex 3.34 -24.893 12.5
    endloop
  endfacet
  facet normal 0.50376 0.86384 0
    outer loop
      vertex -23.102 -13.89 0
      vertex -25.976 -12.214 0
      vertex -25.976 -12.214 12.5
    endloop
  endfacet
  facet normal 0.23155 0.97282 0
    outer loop
      vertex -56.458 34.829 15
      vertex -53.223 34.059 15
      vertex -53.223 34.059 2
    endloop
  endfacet
  facet normal 0.93021 0.36703 0
    outer loop
      vertex -44.555 -8.192 2
      vertex -45.528 -5.726 2
      vertex -45.528 -5.726 15
    endloop
  endfacet
  facet normal 0 0 1
    outer loop
      vertex -7.472 -16.678 12.5
      vertex -7.643 -17.33 12.5
      vertex -7.283 -16.602 12.5
    endloop
  endfacet
  facet normal 0 0 1
    outer loop
      vertex -7.045 -16.678 12.5
      vertex -7.283 -16.602 12.5
      vertex -7.643 -17.33 12.5
    endloop
  endfacet
  facet normal 0 0 1
    outer loop
      vertex -6.492 -17.249 12.5
      vertex -7.045 -16.678 12.5
      vertex -7.643 -17.33 12.5
    endloop
  endfacet
  facet normal 0 0 1
    outer loop
      vertex -7.643 -17.33 12.5
      vertex -7.373 -18.381 12.5
      vertex -6.492 -17.249 12.5
    endloop
  endfacet
  facet normal 0.53521 -0.84472 0
    outer loop
      vertex -55.64 33.236 2
      vertex -55.509 33.319 2
      vertex -55.64 33.236 15
    endloop
  endfacet
  facet normal 0 0 1
    outer loop
      vertex -49.703 -3.287 2
      vertex -49.05 -5.942 2
      vertex -47.616 -3.025 2
    endloop
  endfacet
  facet normal 0 0 1
    outer loop
      vertex -49.05 -5.942 2
      vertex -48.235 -8.41 2
      vertex -46.608 -6.594 2
    endloop
  endfacet
  facet normal 0 0 1
    outer loop
      vertex -47.616 -3.025 2
      vertex -49.05 -5.942 2
      vertex -46.608 -6.594 2
    endloop
  endfacet
  facet normal -0.24431 -0.9697 0
    outer loop
      vertex -55.118 33.226 2
      vertex -55.118 33.226 15
      vertex -55.503 33.323 2
    endloop
  endfacet
  facet normal 0 0 1
    outer loop
      vertex -5.938 -18.308 12.5
      vertex -6.492 -17.249 12.5
      vertex -7.373 -18.381 12.5
    endloop
  endfacet
  facet normal 0 0 1
    outer loop
      vertex -7.373 -18.381 12.5
      vertex -6.733 -19.865 12.5
      vertex -5.938 -18.308 12.5
    endloop
  endfacet
  facet normal 0 0 1
    outer loop
      vertex -5.141 -19.863 12.5
      vertex -5.938 -18.308 12.5
      vertex -6.733 -19.865 12.5
    endloop
  endfacet
  facet normal -0.94956 -0.31357 0
    outer loop
      vertex -49.05 -5.942 0
      vertex -48.235 -8.41 0
      vertex -48.235 -8.41 2
    endloop
  endfacet
  facet normal -0.94956 -0.31357 0
    outer loop
      vertex -49.05 -5.942 0
      vertex -48.235 -8.41 2
      vertex -49.05 -5.942 2
    endloop
  endfacet
  facet normal 0.53608 -0.84417 0.00001
    outer loop
      vertex -55.509 33.319 2
      vertex -55.503 33.323 15
      vertex -55.64 33.236 15
    endloop
  endfacet
  facet normal -0.96235 -0.2718 0
    outer loop
      vertex -46.608 -6.594 2
      vertex -46.608 -6.594 15
      vertex -47.616 -3.025 2
    endloop
  endfacet
  facet normal -0.99906 -0.04325 0
    outer loop
      vertex 3.32 -24.431 12.5
      vertex 3.32 -24.431 0
      vertex 3.34 -24.893 12.5
    endloop
  endfacet
  facet normal -0.99906 -0.04325 0
    outer loop
      vertex 3.34 -24.893 0
      vertex 3.34 -24.893 12.5
      vertex 3.32 -24.431 0
    endloop
  endfacet
  facet normal 0.88992 0.45612 0
    outer loop
      vertex -5.938 -18.308 0
      vertex -5.938 -18.308 12.5
      vertex -5.141 -19.863 12.5
    endloop
  endfacet
  facet normal 0.5547 -0.83205 0
    outer loop
      vertex -55.503 33.323 2
      vertex -55.503 33.323 15
      vertex -55.509 33.319 2
    endloop
  endfacet
  facet normal 0.23155 0.97282 0
    outer loop
      vertex -53.223 34.059 2
      vertex -56.458 34.829 2
      vertex -56.458 34.829 15
    endloop
  endfacet
  facet normal 0.8459 -0.53335 0
    outer loop
      vertex -46.155 8.173 12.5
      vertex -46.341 7.878 12.5
      vertex -46.155 8.173 2
    endloop
  endfacet
  facet normal 0.9167 0.39959 0
    outer loop
      vertex -55.64 33.236 2
      vertex -55.64 33.236 15
      vertex -55.436 32.768 2
    endloop
  endfacet
  facet normal 0 0 1
    outer loop
      vertex -33.975 -10.241 12.5
      vertex -34.165 -12.296 12.5
      vertex -32.853 -10.871 12.5
    endloop
  endfacet
  facet normal 0.88608 0.46354 0
    outer loop
      vertex -5.938 -18.308 0
      vertex -6.492 -17.249 12.5
      vertex -5.938 -18.308 12.5
    endloop
  endfacet
  facet normal 0 0 1
    outer loop
      vertex -33.975 -10.241 12.5
      vertex -32.853 -10.871 12.5
      vertex -32.309 -9.508 12.5
    endloop
  endfacet
  facet normal 0 0 1
    outer loop
      vertex -32.976 -8.112 12.5
      vertex -33.402 -8.693 12.5
      vertex -32.309 -9.508 12.5
    endloop
  endfacet
  facet normal 0 0 1
    outer loop
      vertex -33.975 -10.241 12.5
      vertex -32.309 -9.508 12.5
      vertex -33.402 -8.693 12.5
    endloop
  endfacet
  facet normal 0 0 1
    outer loop
      vertex -32.309 -9.508 12.5
      vertex -31.849 -8.91 12.5
      vertex -32.976 -8.112 12.5
    endloop
  endfacet
  facet normal 0 0 1
    outer loop
      vertex -55.503 33.323 2
      vertex -55.436 32.768 2
      vertex -55.118 33.226 2
    endloop
  endfacet
  facet normal 0 0 1
    outer loop
      vertex -55.64 33.236 2
      vertex -55.436 32.768 2
      vertex -55.509 33.319 2
    endloop
  endfacet
  facet normal 0 0 1
    outer loop
      vertex -55.194 32.212 2
      vertex -51.026 32.248 2
      vertex -55.436 32.768 2
    endloop
  endfacet
  facet normal 0 0 1
    outer loop
      vertex -2.414 -24.247 12.5
      vertex -0.823 -25.008 12.5
      vertex -0.633 -23.632 12.5
    endloop
  endfacet
  facet normal 0 0 1
    outer loop
      vertex -55.194 32.212 2
      vertex -54.133 30.828 2
      vertex -51.026 32.248 2
    endloop
  endfacet
  facet normal 0 0 1
    outer loop
      vertex -55.118 33.226 2
      vertex -55.436 32.768 2
      vertex -51.026 32.248 2
    endloop
  endfacet
  facet normal 0.94993 0.31248 0
    outer loop
      vertex 15.542 28.85 2
      vertex 15.542 28.85 15
      vertex 15.867 27.862 15
    endloop
  endfacet
  facet normal 0 0 1
    outer loop
      vertex -2.538 -22.484 12.5
      vertex -2.414 -24.247 12.5
      vertex -0.633 -23.632 12.5
    endloop
  endfacet
  facet normal 0.92876 -0.37069 0.00003
    outer loop
      vertex -32.675 -10.426 2
      vertex -32.309 -9.508 12.5
      vertex -32.853 -10.871 12.5
    endloop
  endfacet
  facet normal 0 0 1
    outer loop
      vertex -2.414 -24.247 12.5
      vertex -2.538 -22.484 12.5
      vertex -3.437 -24.465 12.5
    endloop
  endfacet
  facet normal 0 0 1
    outer loop
      vertex -3.437 -24.465 12.5
      vertex -2.538 -22.484 12.5
      vertex -4.024 -21.242 12.5
    endloop
  endfacet
  facet normal 0 0 1
    outer loop
      vertex -3.937 -24.613 12.5
      vertex -3.437 -24.465 12.5
      vertex -4.024 -21.242 12.5
    endloop
  endfacet
  facet normal 0 0 1
    outer loop
      vertex -55.509 33.319 2
      vertex -55.436 32.768 2
      vertex -55.503 33.323 2
    endloop
  endfacet
  facet normal 0 0 1
    outer loop
      vertex -53.223 34.059 2
      vertex -54.749 36.546 2
      vertex -56.458 34.829 2
    endloop
  endfacet
  facet normal 0.6413 0.76729 0
    outer loop
      vertex -4.024 -21.242 0
      vertex -4.024 -21.242 12.5
      vertex -2.538 -22.484 12.5
    endloop
  endfacet
  facet normal 0 0 1
    outer loop
      vertex -57.665 33.835 2
      vertex -59.093 32.073 2
      vertex -56.766 32.258 2
    endloop
  endfacet
  facet normal -0.83761 0.54627 0
    outer loop
      vertex -0.699 -53.678 0
      vertex -0.699 -53.678 2
      vertex -0.354 -53.149 2
    endloop
  endfacet
  facet normal -0.51497 0.85721 -0.00002
    outer loop
      vertex 0 -55.628 2
      vertex -0.633 -56.008 15
      vertex 0.439 -55.364 15
    endloop
  endfacet
  facet normal 0.23454 0.97211 0
    outer loop
      vertex -51.114 35.669 0
      vertex -54.749 36.546 0
      vertex -54.749 36.546 2
    endloop
  endfacet
  facet normal 0.9949 0.10082 0
    outer loop
      vertex -38.178 -10.498 15
      vertex -38.049 -11.771 15
      vertex -38.11 -11.169 2
    endloop
  endfacet
  facet normal 0.17209 0.98508 0
    outer loop
      vertex -57.136 36.963 2
      vertex -54.749 36.546 2
      vertex -57.136 36.963 0
    endloop
  endfacet
  facet normal 0.17209 0.98508 0
    outer loop
      vertex -54.749 36.546 0
      vertex -57.136 36.963 0
      vertex -54.749 36.546 2
    endloop
  endfacet
  facet normal 0 0 1
    outer loop
      vertex 0.439 -55.364 2
      vertex 1.209 -54.627 2
      vertex -0.699 -53.678 2
    endloop
  endfacet
  facet normal 0 0 1
    outer loop
      vertex 0 -55.628 2
      vertex 0.439 -55.364 2
      vertex -0.699 -53.678 2
    endloop
  endfacet
  facet normal 0 0 1
    outer loop
      vertex -0.699 -53.678 2
      vertex -1.178 -54.093 2
      vertex 0 -55.628 2
    endloop
  endfacet
  facet normal 0 0 1
    outer loop
      vertex -1.178 -54.093 2
      vertex -2.643 -54.65 2
      vertex -0.633 -56.008 2
    endloop
  endfacet
  facet normal 0 0 1
    outer loop
      vertex 0 -55.628 2
      vertex -1.178 -54.093 2
      vertex -0.633 -56.008 2
    endloop
  endfacet
  facet normal 0 0 -1
    outer loop
      vertex -41.15 -15.575 0
      vertex -41.397 -14.954 0
      vertex -36.392 -9.566 0
    endloop
  endfacet
  facet normal -0.19995 0.97981 0
    outer loop
      vertex -2.206 -56.329 15
      vertex -0.633 -56.008 2
      vertex -2.206 -56.329 2
    endloop
  endfacet
  facet normal -0.87831 -0.47809 0
    outer loop
      vertex 14.373 28.157 2
      vertex 14.373 28.157 12.5
      vertex 13.802 29.206 12.5
    endloop
  endfacet
  facet normal -0.39655 0.91801 -0.00003
    outer loop
      vertex -41.047 -11.707 15
      vertex -40.584 -11.507 15
      vertex -40.773 -11.589 2
    endloop
  endfacet
  facet normal 0.17668 -0.98427 0
    outer loop
      vertex -0.51 -57.262 2
      vertex -0.51 -57.262 15
      vertex -2.276 -57.579 2
    endloop
  endfacet
  facet normal -0.78852 -0.615 0
    outer loop
      vertex 12.239 31.426 2
      vertex 12.519 31.067 12.5
      vertex 12.239 31.426 12.5
    endloop
  endfacet
  facet normal 0 0 1
    outer loop
      vertex 0.76 -56.708 2
      vertex -0.51 -57.262 2
      vertex 0.545 -59.154 2
    endloop
  endfacet
  facet normal 0.28383 -0.95888 0
    outer loop
      vertex -3.437 -24.465 12.5
      vertex -3.937 -24.613 12.5
      vertex -3.437 -24.465 0
    endloop
  endfacet
  facet normal -0.6886 -0.72514 0
    outer loop
      vertex 11.485 32.142 12.5
      vertex 11.485 32.142 2
      vertex 12.239 31.426 12.5
    endloop
  endfacet
  facet normal 0.20842 -0.97804 0
    outer loop
      vertex -3.437 -24.465 0
      vertex -2.414 -24.247 12.5
      vertex -3.437 -24.465 12.5
    endloop
  endfacet
  facet normal 0 0 1
    outer loop
      vertex -7.529 -24.465 12.5
      vertex -6.296 -24.587 12.5
      vertex -7.074 -21.676 12.5
    endloop
  endfacet
  facet normal 0 0 1
    outer loop
      vertex -4.024 -21.242 12.5
      vertex -5.141 -19.863 12.5
      vertex -5.824 -21.676 12.5
    endloop
  endfacet
  facet normal 0 0 1
    outer loop
      vertex -6.733 -19.865 12.5
      vertex -5.824 -21.676 12.5
      vertex -5.141 -19.863 12.5
    endloop
  endfacet
  facet normal 0.69048 0.72335 0
    outer loop
      vertex 13.389 32.171 2
      vertex 11.496 33.978 15
      vertex 13.389 32.171 15
    endloop
  endfacet
  facet normal -0.61444 0.78897 0
    outer loop
      vertex -39.924 -10.993 2
      vertex -40.584 -11.507 15
      vertex -39.924 -10.993 15
    endloop
  endfacet
  facet normal 0 0 1
    outer loop
      vertex -5.824 -21.676 12.5
      vertex -7.074 -21.676 12.5
      vertex -6.296 -24.587 12.5
    endloop
  endfacet
  facet normal 0 0 1
    outer loop
      vertex -6.296 -24.587 12.5
      vertex -5.654 -24.764 12.5
      vertex -5.824 -21.676 12.5
    endloop
  endfacet
  facet normal 0.17072 -0.98532 0
    outer loop
      vertex 3.118 -26.312 12.5
      vertex 3.118 -26.312 0
      vertex 3.724 -26.207 12.5
    endloop
  endfacet
  facet normal 0.45565 -0.89016 0
    outer loop
      vertex 4.103 -26.013 12.5
      vertex 3.724 -26.207 12.5
      vertex 4.103 -26.013 0
    endloop
  endfacet
  facet normal 0.45565 -0.89016 0
    outer loop
      vertex 3.724 -26.207 0
      vertex 4.103 -26.013 0
      vertex 3.724 -26.207 12.5
    endloop
  endfacet
  facet normal 0 0 1
    outer loop
      vertex -2.276 -57.579 2
      vertex -0.703 -59.41 2
      vertex -0.51 -57.262 2
    endloop
  endfacet
  facet normal 0.87332 0.48715 0
    outer loop
      vertex 14.939 29.931 2
      vertex 14.939 29.931 15
      vertex 15.542 28.85 15
    endloop
  endfacet
  facet normal -0.07527 0.99716 0
    outer loop
      vertex -4.949 -54.951 0
      vertex -7.837 -55.169 0
      vertex -7.837 -55.169 2
    endloop
  endfacet
  facet normal -0.07527 0.99716 0
    outer loop
      vertex -4.949 -54.951 0
      vertex -7.837 -55.169 2
      vertex -4.949 -54.951 2
    endloop
  endfacet
  facet normal 0 0 1
    outer loop
      vertex -33.029 -12.695 12.5
      vertex -32.853 -10.871 12.5
      vertex -34.165 -12.296 12.5
    endloop
  endfacet
  facet normal -0.12943 0.99159 0
    outer loop
      vertex -4.949 -54.951 2
      vertex -2.643 -54.65 2
      vertex -4.949 -54.951 0
    endloop
  endfacet
  facet normal -0.12943 0.99159 0
    outer loop
      vertex -2.643 -54.65 0
      vertex -4.949 -54.951 0
      vertex -2.643 -54.65 2
    endloop
  endfacet
  facet normal 0 0 1
    outer loop
      vertex -33.877 -14.685 12.5
      vertex -33.597 -14.795 12.5
      vertex -34.052 -14.293 12.5
    endloop
  endfacet
  facet normal 0 0 1
    outer loop
      vertex -33.597 -14.795 12.5
      vertex -33.316 -14.696 12.5
      vertex -34.052 -14.293 12.5
    endloop
  endfacet
  facet normal 0 0 1
    outer loop
      vertex -33.316 -14.696 12.5
      vertex -33.142 -14.356 12.5
      vertex -34.052 -14.293 12.5
    endloop
  endfacet
  facet normal 0 0 1
    outer loop
      vertex -33.142 -14.356 12.5
      vertex -33.029 -12.695 12.5
      vertex -34.052 -14.293 12.5
    endloop
  endfacet
  facet normal 0 0 1
    outer loop
      vertex -34.165 -12.296 12.5
      vertex -34.052 -14.293 12.5
      vertex -33.029 -12.695 12.5
    endloop
  endfacet
  facet normal 0.82164 0.57001 0
    outer loop
      vertex 14.939 29.931 15
      vertex 14.939 29.931 2
      vertex 14.828 30.091 2
    endloop
  endfacet
  facet normal -0.89374 -0.44859 0
    outer loop
      vertex -6.733 -19.865 0
      vertex -5.824 -21.676 12.5
      vertex -6.733 -19.865 12.5
    endloop
  endfacet
  facet normal -0.67114 -0.74133 0
    outer loop
      vertex 11.485 32.142 12.5
      vertex 11.316 32.295 2
      vertex 11.485 32.142 2
    endloop
  endfacet
  facet normal -0.45029 0.89288 0
    outer loop
      vertex -59.397 36.541 0
      vertex -58.584 36.951 2
      vertex -58.584 36.951 0
    endloop
  endfacet
  facet normal -0.09846 -0.99514 0
    outer loop
      vertex -7.529 -24.465 0
      vertex -6.296 -24.587 12.5
      vertex -7.529 -24.465 12.5
    endloop
  endfacet
  facet normal -0.00829 0.99997 0
    outer loop
      vertex -57.136 36.963 0
      vertex -58.584 36.951 0
      vertex -58.584 36.951 2
    endloop
  endfacet
  facet normal -0.96729 0.25369 0
    outer loop
      vertex -7.472 -16.678 12.5
      vertex -7.472 -16.678 0
      vertex -7.643 -17.33 0
    endloop
  endfacet
  facet normal -0.96729 0.25369 0
    outer loop
      vertex -7.472 -16.678 12.5
      vertex -7.643 -17.33 0
      vertex -7.643 -17.33 12.5
    endloop
  endfacet
  facet normal -0.8692 -0.49446 0
    outer loop
      vertex -57.782 34.04 2
      vertex -57.687 33.873 2
      vertex -57.782 34.04 15
    endloop
  endfacet
  facet normal -0.96855 -0.24882 0
    outer loop
      vertex -7.643 -17.33 0
      vertex -7.373 -18.381 12.5
      vertex -7.643 -17.33 12.5
    endloop
  endfacet
  facet normal 0.88992 0.45612 0
    outer loop
      vertex -5.938 -18.308 0
      vertex -5.141 -19.863 12.5
      vertex -5.141 -19.863 0
    endloop
  endfacet
  facet normal 0.30419 0.95261 0
    outer loop
      vertex -7.045 -16.678 0
      vertex -7.283 -16.602 12.5
      vertex -7.045 -16.678 12.5
    endloop
  endfacet
  facet normal -0.37308 0.9278 0
    outer loop
      vertex -7.472 -16.678 0
      vertex -7.472 -16.678 12.5
      vertex -7.283 -16.602 12.5
    endloop
  endfacet
  facet normal -0.99319 0.1165 0
    outer loop
      vertex -58 34.66 2
      vertex -58 34.66 15
      vertex -57.96 35.001 15
    endloop
  endfacet
  facet normal 0.71834 0.69569 0
    outer loop
      vertex -7.045 -16.678 0
      vertex -7.045 -16.678 12.5
      vertex -6.492 -17.249 12.5
    endloop
  endfacet
  facet normal 0.77706 0.62943 0
    outer loop
      vertex -4.024 -21.242 12.5
      vertex -5.141 -19.863 0
      vertex -5.141 -19.863 12.5
    endloop
  endfacet
  facet normal 0.11377 0.99351 0
    outer loop
      vertex -57.96 35.001 2
      vertex -57.96 35.001 15
      vertex -56.458 34.829 2
    endloop
  endfacet
  facet normal 0.04344 -0.99906 -0.00001
    outer loop
      vertex -41.464 -12.948 15
      vertex -40.96 -12.926 2
      vertex -40.912 -12.924 15
    endloop
  endfacet
  facet normal -0.91825 -0.39601 0
    outer loop
      vertex -7.373 -18.381 12.5
      vertex -6.733 -19.865 0
      vertex -6.733 -19.865 12.5
    endloop
  endfacet
  facet normal -0.99319 0.1165 0
    outer loop
      vertex -57.96 35.001 2
      vertex -58 34.66 2
      vertex -57.96 35.001 15
    endloop
  endfacet
  facet normal -0.9911 -0.13313 0
    outer loop
      vertex 14.847 26.156 12.5
      vertex 14.703 27.228 12.5
      vertex 14.847 26.156 2
    endloop
  endfacet
  facet normal -0.9911 -0.13313 0
    outer loop
      vertex 14.703 27.228 2
      vertex 14.847 26.156 2
      vertex 14.703 27.228 12.5
    endloop
  endfacet
  facet normal 0 0 1
    outer loop
      vertex -59.89 35.731 2
      vertex -57.96 35.001 2
      vertex -59.397 36.541 2
    endloop
  endfacet
  facet normal 0 0 1
    outer loop
      vertex -58.584 36.951 2
      vertex -59.397 36.541 2
      vertex -57.96 35.001 2
    endloop
  endfacet
  facet normal 0 0 1
    outer loop
      vertex -56.458 34.829 2
      vertex -57.136 36.963 2
      vertex -57.96 35.001 2
    endloop
  endfacet
  facet normal 0 0 1
    outer loop
      vertex -57.96 35.001 2
      vertex -59.89 35.731 2
      vertex -60 34.662 2
    endloop
  endfacet
  facet normal 0.77706 0.62943 0
    outer loop
      vertex -4.024 -21.242 12.5
      vertex -4.024 -21.242 0
      vertex -5.141 -19.863 0
    endloop
  endfacet
  facet normal -0.4315 -0.90212 0
    outer loop
      vertex -0.823 -25.008 0
      vertex -0.823 -25.008 12.5
      vertex -2.414 -24.247 12.5
    endloop
  endfacet
  facet normal 0.28383 -0.95888 0
    outer loop
      vertex -3.937 -24.613 12.5
      vertex -3.937 -24.613 0
      vertex -3.437 -24.465 0
    endloop
  endfacet
  facet normal 0.99826 -0.0589 0
    outer loop
      vertex 1.943 -26.42 0
      vertex 1.943 -26.42 12.5
      vertex 1.678 -30.911 12.5
    endloop
  endfacet
  facet normal -0.09846 -0.99514 0
    outer loop
      vertex -6.296 -24.587 0
      vertex -6.296 -24.587 12.5
      vertex -7.529 -24.465 0
    endloop
  endfacet
  facet normal -0.46724 0.88413 0
    outer loop
      vertex 0.106 -29.512 0
      vertex -0.842 -30.013 0
      vertex 0.106 -29.512 12.5
    endloop
  endfacet
  facet normal 0 0 -1
    outer loop
      vertex -28.311 -12.623 0
      vertex -36.035 -19.829 0
      vertex -36.392 -9.566 0
    endloop
  endfacet
  facet normal -0.96855 -0.24882 0
    outer loop
      vertex -7.373 -18.381 12.5
      vertex -7.643 -17.33 0
      vertex -7.373 -18.381 0
    endloop
  endfacet
  facet normal 0.36733 -0.93009 0
    outer loop
      vertex 0.503 -30.766 0
      vertex 0.503 -30.766 12.5
      vertex -0.563 -31.187 0
    endloop
  endfacet
  facet normal 0 0 -1
    outer loop
      vertex -41.15 -15.575 0
      vertex -36.392 -9.566 0
      vertex -36.035 -19.829 0
    endloop
  endfacet
  facet normal -0.94799 0.31829 0
    outer loop
      vertex 6.159 -32.323 2
      vertex 6.159 -32.323 12.5
      vertex 8.192 -26.268 2
    endloop
  endfacet
  facet normal -0.45029 0.89288 0
    outer loop
      vertex -59.397 36.541 0
      vertex -59.397 36.541 2
      vertex -58.584 36.951 2
    endloop
  endfacet
  facet normal 0 0 1
    outer loop
      vertex -2.206 -56.329 2
      vertex -2.643 -54.65 2
      vertex -4.915 -56.624 2
    endloop
  endfacet
  facet normal 0 0 1
    outer loop
      vertex -6.997 -56.775 2
      vertex -5.902 -56.696 2
      vertex -7.837 -55.169 2
    endloop
  endfacet
  facet normal 0 0 1
    outer loop
      vertex -4.949 -54.951 2
      vertex -7.837 -55.169 2
      vertex -5.902 -56.696 2
    endloop
  endfacet
  facet normal 0 0 1
    outer loop
      vertex -5.902 -56.696 2
      vertex -5.451 -56.663 2
      vertex -4.949 -54.951 2
    endloop
  endfacet
  facet normal -0.85422 0.51991 0
    outer loop
      vertex -59.397 36.541 0
      vertex -59.89 35.731 0
      vertex -59.89 35.731 2
    endloop
  endfacet
  facet normal -0.85422 0.51991 0
    outer loop
      vertex -59.397 36.541 0
      vertex -59.89 35.731 2
      vertex -59.397 36.541 2
    endloop
  endfacet
  facet normal -0.99475 0.10236 0
    outer loop
      vertex -59.89 35.731 0
      vertex -60 34.662 0
      vertex -60 34.662 2
    endloop
  endfacet
  facet normal -0.99475 0.10236 0
    outer loop
      vertex -59.89 35.731 0
      vertex -60 34.662 2
      vertex -59.89 35.731 2
    endloop
  endfacet
  facet normal -0.07196 0.99741 -0.00006
    outer loop
      vertex -4.915 -56.624 15
      vertex -5.902 -56.696 2
      vertex -6.997 -56.775 2
    endloop
  endfacet
  facet normal 0 0 1
    outer loop
      vertex 6.443 -36.144 2
      vertex 9.29 -33.854 2
      vertex 7.839 -31.081 2
    endloop
  endfacet
  facet normal 0 0 1
    outer loop
      vertex 9.29 -33.854 2
      vertex 11.376 -27.678 2
      vertex 7.839 -31.081 2
    endloop
  endfacet
  facet normal 0 0 1
    outer loop
      vertex -57.782 34.04 2
      vertex -59.734 33.415 2
      vertex -57.687 33.873 2
    endloop
  endfacet
  facet normal 0 0 1
    outer loop
      vertex -59.093 32.073 2
      vertex -57.665 33.835 2
      vertex -59.734 33.415 2
    endloop
  endfacet
  facet normal 0 0 1
    outer loop
      vertex -57.971 34.577 2
      vertex -58 34.66 2
      vertex -59.734 33.415 2
    endloop
  endfacet
  facet normal 0 0 1
    outer loop
      vertex -60 34.662 2
      vertex -59.734 33.415 2
      vertex -58 34.66 2
    endloop
  endfacet
  facet normal 0 0 1
    outer loop
      vertex 6.159 -32.323 2
      vertex 8.192 -26.268 2
      vertex 4.351 -31.679 2
    endloop
  endfacet
  facet normal 0 0 1
    outer loop
      vertex 6.437 -25.515 2
      vertex 4.351 -31.679 2
      vertex 8.192 -26.268 2
    endloop
  endfacet
  facet normal -0.978 -0.20862 0
    outer loop
      vertex -60 34.662 2
      vertex -60 34.662 0
      vertex -59.734 33.415 0
    endloop
  endfacet
  facet normal -0.978 -0.20862 0
    outer loop
      vertex -60 34.662 2
      vertex -59.734 33.415 0
      vertex -59.734 33.415 2
    endloop
  endfacet
  facet normal -0.07257 0.99736 0
    outer loop
      vertex -4.915 -56.624 15
      vertex -4.915 -56.624 2
      vertex -5.451 -56.663 2
    endloop
  endfacet
  facet normal -0.90235 -0.431 0
    outer loop
      vertex -59.734 33.415 0
      vertex -59.093 32.073 2
      vertex -59.734 33.415 2
    endloop
  endfacet
  facet normal 0.9946 -0.10379 0
    outer loop
      vertex -47.375 4.06 12.5
      vertex -47.145 6.264 12.5
      vertex -47.375 4.06 15
    endloop
  endfacet
  facet normal 0 0 1
    outer loop
      vertex -5.451 -56.663 2
      vertex -4.915 -56.624 2
      vertex -4.949 -54.951 2
    endloop
  endfacet
  facet normal 0.99826 -0.0589 0
    outer loop
      vertex 1.678 -30.911 12.5
      vertex 1.678 -30.911 0
      vertex 1.943 -26.42 0
    endloop
  endfacet
  facet normal 0.9972 0.07484 0
    outer loop
      vertex -47.19 1.608 12.5
      vertex -47.156 1.155 15
      vertex -47.156 1.155 12.5
    endloop
  endfacet
  facet normal -0.94328 -0.33199 0
    outer loop
      vertex -57.782 34.04 15
      vertex -57.971 34.577 2
      vertex -57.782 34.04 2
    endloop
  endfacet
  facet normal 0 0 1
    outer loop
      vertex -57.782 34.04 2
      vertex -57.971 34.577 2
      vertex -59.734 33.415 2
    endloop
  endfacet
  facet normal -0.07298 0.99733 0.00002
    outer loop
      vertex -5.451 -56.663 2
      vertex -5.902 -56.696 2
      vertex -4.915 -56.624 15
    endloop
  endfacet
  facet normal 0.99724 0.07429 0.0001
    outer loop
      vertex -47.315 3.258 12.5
      vertex -47.367 3.956 12.5
      vertex -47.375 4.06 15
    endloop
  endfacet
  facet normal -0.85914 0.51174 0
    outer loop
      vertex 0.106 -29.512 12.5
      vertex 0.57 -28.733 12.5
      vertex 0.106 -29.512 0
    endloop
  endfacet
  facet normal -0.85914 0.51174 0
    outer loop
      vertex 0.57 -28.733 0
      vertex 0.106 -29.512 0
      vertex 0.57 -28.733 12.5
    endloop
  endfacet
  facet normal -0.9947 0.10281 0
    outer loop
      vertex 0.57 -28.733 12.5
      vertex 0.693 -27.543 0
      vertex 0.57 -28.733 0
    endloop
  endfacet
  facet normal 0.82235 0.56899 0
    outer loop
      vertex 14.321 30.824 2
      vertex 13.389 32.171 2
      vertex 13.389 32.171 15
    endloop
  endfacet
  facet normal 0 0 1
    outer loop
      vertex -57.687 33.873 2
      vertex -59.734 33.415 2
      vertex -57.665 33.835 2
    endloop
  endfacet
  facet normal 0.20094 -0.9796 0
    outer loop
      vertex -0.703 -59.41 0
      vertex 0.545 -59.154 0
      vertex -0.703 -59.41 2
    endloop
  endfacet
  facet normal 0.20094 -0.9796 0
    outer loop
      vertex 0.545 -59.154 2
      vertex -0.703 -59.41 2
      vertex 0.545 -59.154 0
    endloop
  endfacet
  facet normal 0.08032 -0.99677 0
    outer loop
      vertex -0.703 -59.41 2
      vertex -4.873 -59.746 2
      vertex -4.873 -59.746 0
    endloop
  endfacet
  facet normal 0.08032 -0.99677 0
    outer loop
      vertex -0.703 -59.41 2
      vertex -4.873 -59.746 0
      vertex -0.703 -59.41 0
    endloop
  endfacet
  facet normal 0.82232 0.56902 0
    outer loop
      vertex 13.389 32.171 15
      vertex 14.939 29.931 15
      vertex 14.321 30.824 2
    endloop
  endfacet
  facet normal 0.05135 -0.99868 0
    outer loop
      vertex -4.873 -59.746 2
      vertex -9.813 -60 2
      vertex -4.873 -59.746 0
    endloop
  endfacet
  facet normal -0.86543 -0.50104 0.00011
    outer loop
      vertex -57.782 34.04 15
      vertex -57.687 33.873 2
      vertex -57.665 33.835 2
    endloop
  endfacet
  facet normal -0.94723 0.32056 0
    outer loop
      vertex 4.351 -31.679 2
      vertex 6.437 -25.515 2
      vertex 4.351 -31.679 0
    endloop
  endfacet
  facet normal -0.94723 0.32056 0
    outer loop
      vertex 6.437 -25.515 0
      vertex 4.351 -31.679 0
      vertex 6.437 -25.515 2
    endloop
  endfacet
  facet normal 0.05103 -0.9987 0.00016
    outer loop
      vertex -4.953 -57.783 15
      vertex -6.908 -57.885 2
      vertex -6.634 -57.871 2
    endloop
  endfacet
  facet normal -0.78852 -0.615 0
    outer loop
      vertex 12.519 31.067 12.5
      vertex 12.239 31.426 2
      vertex 12.519 31.067 2
    endloop
  endfacet
  facet normal -0.94404 -0.32984 0
    outer loop
      vertex -58 34.66 2
      vertex -57.971 34.577 2
      vertex -58 34.66 15
    endloop
  endfacet
  facet normal 0.99491 0.10081 0
    outer loop
      vertex -38.11 -11.169 2
      vertex -38.049 -11.771 15
      vertex -38.049 -11.771 2
    endloop
  endfacet
  facet normal 0 0 1
    outer loop
      vertex -6.634 -57.871 2
      vertex -6.908 -57.885 2
      vertex -4.873 -59.746 2
    endloop
  endfacet
  facet normal 0 0 1
    outer loop
      vertex -0.703 -59.41 2
      vertex -2.276 -57.579 2
      vertex -4.873 -59.746 2
    endloop
  endfacet
  facet normal -0.94338 -0.33171 0.00001
    outer loop
      vertex -57.971 34.577 2
      vertex -57.782 34.04 15
      vertex -58 34.66 15
    endloop
  endfacet
  facet normal 0 0 1
    outer loop
      vertex -9.813 -60 2
      vertex -4.873 -59.746 2
      vertex -6.908 -57.885 2
    endloop
  endfacet
  facet normal 0 0 1
    outer loop
      vertex -57.96 35.001 2
      vertex -60 34.662 2
      vertex -58 34.66 2
    endloop
  endfacet
  facet normal -0.82331 -0.5676 0
    outer loop
      vertex 13.802 29.206 12.5
      vertex 12.519 31.067 12.5
      vertex 12.519 31.067 2
    endloop
  endfacet
  facet normal 0.00498 -0.99999 0
    outer loop
      vertex -46.891 31.633 15
      vertex -39.659 31.669 2
      vertex -39.659 31.669 15
    endloop
  endfacet
  facet normal 0.82474 0.56551 0
    outer loop
      vertex 16.632 31.274 0
      vertex 14.998 33.657 0
      vertex 14.998 33.657 2
    endloop
  endfacet
  facet normal 0.05228 -0.99863 0
    outer loop
      vertex -4.953 -57.783 15
      vertex -6.634 -57.871 2
      vertex -4.953 -57.783 2
    endloop
  endfacet
  facet normal 0.03509 -0.99938 0
    outer loop
      vertex -34.475 31.851 2
      vertex -34.475 31.851 15
      vertex -39.659 31.669 15
    endloop
  endfacet
  facet normal 0.03509 -0.99938 0
    outer loop
      vertex -34.475 31.851 2
      vertex -39.659 31.669 15
      vertex -39.659 31.669 2
    endloop
  endfacet
  facet normal 0.08547 -0.99634 0
    outer loop
      vertex -30.325 32.207 15
      vertex -34.475 31.851 15
      vertex -34.475 31.851 2
    endloop
  endfacet
  facet normal 0.08547 -0.99634 0
    outer loop
      vertex -30.325 32.207 15
      vertex -34.475 31.851 2
      vertex -30.325 32.207 2
    endloop
  endfacet
  facet normal 0 0 1
    outer loop
      vertex -34.559 30.104 2
      vertex -39.659 31.669 2
      vertex -40.703 30.039 2
    endloop
  endfacet
  facet normal 0 0 1
    outer loop
      vertex -39.659 31.669 2
      vertex -34.559 30.104 2
      vertex -34.475 31.851 2
    endloop
  endfacet
  facet normal 0 0 1
    outer loop
      vertex -34.559 30.104 2
      vertex -29.994 30.394 2
      vertex -34.475 31.851 2
    endloop
  endfacet
  facet normal 0 0 1
    outer loop
      vertex -6.634 -57.871 2
      vertex -4.873 -59.746 2
      vertex -4.953 -57.783 2
    endloop
  endfacet
  facet normal 0.01058 -0.99994 0
    outer loop
      vertex -40.703 30.039 2
      vertex -40.703 30.039 0
      vertex -34.559 30.104 0
    endloop
  endfacet
  facet normal 0.01058 -0.99994 0
    outer loop
      vertex -40.703 30.039 2
      vertex -34.559 30.104 0
      vertex -34.559 30.104 2
    endloop
  endfacet
  facet normal 0 0 1
    outer loop
      vertex -6.908 -57.885 2
      vertex -9.12 -58 2
      vertex -9.813 -60 2
    endloop
  endfacet
  facet normal 0 0 1
    outer loop
      vertex -4.953 -57.783 2
      vertex -4.873 -59.746 2
      vertex -2.276 -57.579 2
    endloop
  endfacet
  facet normal 0.0634 -0.99799 0
    outer loop
      vertex -29.994 30.394 0
      vertex -34.559 30.104 2
      vertex -34.559 30.104 0
    endloop
  endfacet
  facet normal 0 0 1
    outer loop
      vertex 0.545 -59.154 2
      vertex -0.51 -57.262 2
      vertex -0.703 -59.41 2
    endloop
  endfacet
  facet normal 0 0 1
    outer loop
      vertex 14.998 33.657 2
      vertex 14.078 34.646 2
      vertex 13.389 32.171 2
    endloop
  endfacet
  facet normal 0 0 1
    outer loop
      vertex 13.389 32.171 2
      vertex 14.321 30.824 2
      vertex 14.998 33.657 2
    endloop
  endfacet
  facet normal 0.30419 0.95261 0
    outer loop
      vertex -7.045 -16.678 0
      vertex -7.283 -16.602 0
      vertex -7.283 -16.602 12.5
    endloop
  endfacet
  facet normal 0 0 -1
    outer loop
      vertex -36.41 -9.45 0
      vertex -36.392 -9.566 0
      vertex -41.397 -14.954 0
    endloop
  endfacet
  facet normal -0.37308 0.9278 0
    outer loop
      vertex -7.283 -16.602 0
      vertex -7.472 -16.678 0
      vertex -7.283 -16.602 12.5
    endloop
  endfacet
  facet normal 0.88608 0.46354 0
    outer loop
      vertex -6.492 -17.249 0
      vertex -6.492 -17.249 12.5
      vertex -5.938 -18.308 0
    endloop
  endfacet
  facet normal 0.71834 0.69569 0
    outer loop
      vertex -7.045 -16.678 0
      vertex -6.492 -17.249 12.5
      vertex -6.492 -17.249 0
    endloop
  endfacet
  facet normal 0.87332 0.48715 0
    outer loop
      vertex 15.542 28.85 15
      vertex 15.542 28.85 2
      vertex 14.939 29.931 2
    endloop
  endfacet
  facet normal -0.91825 -0.39601 0
    outer loop
      vertex -7.373 -18.381 0
      vertex -6.733 -19.865 0
      vertex -7.373 -18.381 12.5
    endloop
  endfacet
  facet normal 0.43873 0.89862 0
    outer loop
      vertex -0.633 -23.632 12.5
      vertex 1.831 -24.835 12.5
      vertex -0.633 -23.632 0
    endloop
  endfacet
  facet normal 0.43873 0.89862 0
    outer loop
      vertex 1.831 -24.835 0
      vertex -0.633 -23.632 0
      vertex 1.831 -24.835 12.5
    endloop
  endfacet
  facet normal 0 0 -1
    outer loop
      vertex -36.714 -8.897 0
      vertex -36.41 -9.45 0
      vertex -41.397 -14.954 0
    endloop
  endfacet
  facet normal -0.4315 -0.90212 0
    outer loop
      vertex -2.414 -24.247 0
      vertex -0.823 -25.008 0
      vertex -2.414 -24.247 12.5
    endloop
  endfacet
  facet normal -0.80645 0.5913 0.00003
    outer loop
      vertex -33.035 -8.192 2
      vertex -33.402 -8.693 12.5
      vertex -32.976 -8.112 12.5
    endloop
  endfacet
  facet normal 0.20842 -0.97804 0
    outer loop
      vertex -2.414 -24.247 0
      vertex -2.414 -24.247 12.5
      vertex -3.437 -24.465 0
    endloop
  endfacet
  facet normal -0.82331 -0.5676 0
    outer loop
      vertex 13.802 29.206 2
      vertex 13.802 29.206 12.5
      vertex 12.519 31.067 2
    endloop
  endfacet
  facet normal 0.51615 0.8565 0
    outer loop
      vertex -2.538 -22.484 12.5
      vertex -0.633 -23.632 12.5
      vertex -2.538 -22.484 0
    endloop
  endfacet
  facet normal 0.51615 0.8565 0
    outer loop
      vertex -0.633 -23.632 0
      vertex -2.538 -22.484 0
      vertex -0.633 -23.632 12.5
    endloop
  endfacet
  facet normal 0 0 1
    outer loop
      vertex 15.867 27.862 2
      vertex 17.858 28.687 2
      vertex 15.542 28.85 2
    endloop
  endfacet
  facet normal 0 0 1
    outer loop
      vertex 15.542 28.85 2
      vertex 17.444 29.845 2
      vertex 14.939 29.931 2
    endloop
  endfacet
  facet normal 0 0 -1
    outer loop
      vertex -41.881 -14.853 0
      vertex -41.501 -9.405 0
      vertex -41.397 -14.954 0
    endloop
  endfacet
  facet normal 0 0 1
    outer loop
      vertex 14.939 29.931 2
      vertex 16.632 31.274 2
      vertex 14.828 30.091 2
    endloop
  endfacet
  facet normal 0 0 1
    outer loop
      vertex 14.998 33.657 2
      vertex 14.321 30.824 2
      vertex 16.632 31.274 2
    endloop
  endfacet
  facet normal 0 0 1
    outer loop
      vertex 14.828 30.091 2
      vertex 16.632 31.274 2
      vertex 14.321 30.824 2
    endloop
  endfacet
  facet normal 0.6413 0.76729 0
    outer loop
      vertex -2.538 -22.484 12.5
      vertex -2.538 -22.484 0
      vertex -4.024 -21.242 0
    endloop
  endfacet
  facet normal -0.14206 -0.98986 0
    outer loop
      vertex -10.56 -24.03 12.5
      vertex -10.56 -24.03 0
      vertex -7.529 -24.465 0
    endloop
  endfacet
  facet normal -0.93781 0.34714 0
    outer loop
      vertex -33.402 -8.693 12.5
      vertex -33.975 -10.241 2
      vertex -33.975 -10.241 12.5
    endloop
  endfacet
  facet normal 0.00498 -0.99999 0
    outer loop
      vertex -46.891 31.633 15
      vertex -46.891 31.633 2
      vertex -39.659 31.669 2
    endloop
  endfacet
  facet normal -0.19127 -0.98154 0
    outer loop
      vertex -48.957 31.842 2
      vertex -48.957 31.842 15
      vertex -49.152 31.88 2
    endloop
  endfacet
  facet normal -0.10065 -0.99492 0
    outer loop
      vertex -48.957 31.842 2
      vertex -46.891 31.633 2
      vertex -48.957 31.842 15
    endloop
  endfacet
  facet normal -0.10065 -0.99492 0
    outer loop
      vertex -46.891 31.633 15
      vertex -48.957 31.842 15
      vertex -46.891 31.633 2
    endloop
  endfacet
  facet normal -0.19256 -0.98129 0.00002
    outer loop
      vertex -48.957 31.842 15
      vertex -51.026 32.248 15
      vertex -49.152 31.88 2
    endloop
  endfacet
  facet normal 0 0 1
    outer loop
      vertex -39.659 31.669 2
      vertex -46.891 31.633 2
      vertex -40.703 30.039 2
    endloop
  endfacet
  facet normal 0 0 1
    outer loop
      vertex 10.793 32.768 2
      vertex 10.391 33.132 2
      vertex 8.629 32.11 2
    endloop
  endfacet
  facet normal 0 0 1
    outer loop
      vertex 10.793 32.768 2
      vertex 8.629 32.11 2
      vertex 10.211 30.657 2
    endloop
  endfacet
  facet normal 0 0 1
    outer loop
      vertex 12.239 31.426 2
      vertex 10.211 30.657 2
      vertex 12.519 31.067 2
    endloop
  endfacet
  facet normal 0 0 1
    outer loop
      vertex 12.239 31.426 2
      vertex 11.485 32.142 2
      vertex 10.211 30.657 2
    endloop
  endfacet
  facet normal -0.73099 -0.68238 0
    outer loop
      vertex 12.415 28.296 0
      vertex 12.415 28.296 2
      vertex 10.211 30.657 0
    endloop
  endfacet
  facet normal -0.67644 -0.7365 0
    outer loop
      vertex 8.629 32.11 2
      vertex 8.629 32.11 0
      vertex 10.211 30.657 0
    endloop
  endfacet
  facet normal -0.67644 -0.7365 0
    outer loop
      vertex 8.629 32.11 2
      vertex 10.211 30.657 0
      vertex 10.211 30.657 2
    endloop
  endfacet
  facet normal -0.6886 -0.72514 0
    outer loop
      vertex 12.239 31.426 12.5
      vertex 11.485 32.142 2
      vertex 12.239 31.426 2
    endloop
  endfacet
  facet normal 0.99984 0.01766 -0.00004
    outer loop
      vertex -38.049 -11.771 15
      vertex -37.954 -17.149 15
      vertex -37.968 -16.384 2
    endloop
  endfacet
  facet normal -0.67076 -0.74167 -0.00001
    outer loop
      vertex 11.316 32.295 2
      vertex 11.485 32.142 12.5
      vertex 10.793 32.768 2
    endloop
  endfacet
  facet normal 0 0 1
    outer loop
      vertex 10.793 32.768 2
      vertex 10.211 30.657 2
      vertex 11.316 32.295 2
    endloop
  endfacet
  facet normal 0 0 1
    outer loop
      vertex 11.316 32.295 2
      vertex 10.211 30.657 2
      vertex 11.485 32.142 2
    endloop
  endfacet
  facet normal -0.51582 -0.8567 0
    outer loop
      vertex -11.697 -56.515 15
      vertex -14.273 -54.964 15
      vertex -11.697 -56.515 12.5
    endloop
  endfacet
  facet normal 0.04163 -0.99913 0
    outer loop
      vertex -40.96 -12.926 2
      vertex -40.912 -12.924 2
      vertex -40.912 -12.924 15
    endloop
  endfacet
  facet normal 0.99913 0.04175 0
    outer loop
      vertex 15.867 27.862 2
      vertex 15.867 27.862 15
      vertex 16 24.679 2
    endloop
  endfacet
  facet normal 0.94993 0.31248 0
    outer loop
      vertex 15.542 28.85 2
      vertex 15.867 27.862 15
      vertex 15.867 27.862 2
    endloop
  endfacet
  facet normal 0.28585 -0.95827 0
    outer loop
      vertex -40.912 -12.924 15
      vertex -40.912 -12.924 2
      vertex -40.265 -12.731 15
    endloop
  endfacet
  facet normal 0.28585 -0.95827 0
    outer loop
      vertex -40.265 -12.731 2
      vertex -40.265 -12.731 15
      vertex -40.912 -12.924 2
    endloop
  endfacet
  facet normal 0.32073 -0.94717 0
    outer loop
      vertex -40.265 -12.731 2
      vertex -39.509 -12.475 2
      vertex -40.265 -12.731 15
    endloop
  endfacet
  facet normal 0 0 -1
    outer loop
      vertex -40.513 -8.86 0
      vertex -39.604 -8.457 0
      vertex -41.397 -14.954 0
    endloop
  endfacet
  facet normal 0 0 -1
    outer loop
      vertex -40.513 -8.86 0
      vertex -41.397 -14.954 0
      vertex -41.501 -9.405 0
    endloop
  endfacet
  facet normal 0 0 -1
    outer loop
      vertex -38.513 -8.334 0
      vertex -41.397 -14.954 0
      vertex -39.604 -8.457 0
    endloop
  endfacet
  facet normal -0.07239 0.99738 0.00001
    outer loop
      vertex -6.997 -56.775 2
      vertex -8.401 -56.877 15
      vertex -4.915 -56.624 15
    endloop
  endfacet
  facet normal -0.99592 0.09023 0
    outer loop
      vertex 14.861 24.874 2
      vertex 14.834 24.576 2
      vertex 14.861 24.874 12.5
    endloop
  endfacet
  facet normal 0 0 -1
    outer loop
      vertex -36.714 -8.897 0
      vertex -41.397 -14.954 0
      vertex -37.474 -8.482 0
    endloop
  endfacet
  facet normal 0.94742 -0.32 0
    outer loop
      vertex 9.29 -33.854 2
      vertex 9.29 -33.854 0
      vertex 11.376 -27.678 0
    endloop
  endfacet
  facet normal -0.99994 -0.01124 0
    outer loop
      vertex 14.861 24.874 2
      vertex 14.861 24.874 12.5
      vertex 14.857 25.23 2
    endloop
  endfacet
  facet normal -0.99994 -0.01092 0.00001
    outer loop
      vertex 14.861 24.874 12.5
      vertex 14.847 26.156 12.5
      vertex 14.857 25.23 2
    endloop
  endfacet
  facet normal -0.49921 -0.86648 0
    outer loop
      vertex -11.697 -56.515 15
      vertex -11.697 -56.515 12.5
      vertex -10.515 -57.196 12.5
    endloop
  endfacet
  facet normal 0 0 1
    outer loop
      vertex -11.697 -56.515 12.5
      vertex -9.121 -58 12.5
      vertex -10.515 -57.196 12.5
    endloop
  endfacet
  facet normal 0.96403 -0.26581 0
    outer loop
      vertex 6.443 -36.144 2
      vertex 7.839 -31.081 2
      vertex 6.443 -36.144 15
    endloop
  endfacet
  facet normal -0.94231 -0.33473 -0.00003
    outer loop
      vertex 14.703 27.228 12.5
      vertex 14.373 28.157 12.5
      vertex 14.557 27.64 2
    endloop
  endfacet
  facet normal 0 0 -1
    outer loop
      vertex -41.781 -9.237 0
      vertex -45.914 -12.692 0
      vertex -42.127 -8.76 0
    endloop
  endfacet
  facet normal -0.94257 -0.33402 0
    outer loop
      vertex 14.703 27.228 12.5
      vertex 14.557 27.64 2
      vertex 14.703 27.228 2
    endloop
  endfacet
  facet normal 0 0 1
    outer loop
      vertex 1.678 -30.911 12.5
      vertex 0.465 -33.881 12.5
      vertex 1.583 -34.442 12.5
    endloop
  endfacet
  facet normal -0.49929 -0.86644 -0.00004
    outer loop
      vertex -9.12 -58 15
      vertex -11.697 -56.515 15
      vertex -10.515 -57.196 12.5
    endloop
  endfacet
  facet normal 0 0 1
    outer loop
      vertex -48.957 31.842 2
      vertex -49.152 31.88 2
      vertex -50.05 30.003 2
    endloop
  endfacet
  facet normal -0.49935 -0.8664 0
    outer loop
      vertex -9.12 -58 12.5
      vertex -9.12 -58 15
      vertex -10.515 -57.196 12.5
    endloop
  endfacet
  facet normal 0 0 1
    outer loop
      vertex -48.957 31.842 2
      vertex -50.05 30.003 2
      vertex -46.891 31.633 2
    endloop
  endfacet
  facet normal -0.99993 0.0122 0
    outer loop
      vertex 0.503 -30.766 12.5
      vertex 0.465 -33.881 0
      vertex 0.465 -33.881 12.5
    endloop
  endfacet
  facet normal 0 0 1
    outer loop
      vertex -48.817 27.725 2
      vertex -50.524 26.652 2
      vertex -48.655 26.453 2
    endloop
  endfacet
  facet normal 0 0 1
    outer loop
      vertex -50.492 26.304 2
      vertex -50.471 26.083 2
      vertex -48.655 26.453 2
    endloop
  endfacet
  facet normal 0 0 1
    outer loop
      vertex -50.471 26.083 2
      vertex -50.715 25.68 2
      vertex -48.847 25.277 2
    endloop
  endfacet
  facet normal 0 0 1
    outer loop
      vertex -9.12 -58 12.5
      vertex -10.515 -57.196 12.5
      vertex -9.121 -58 12.5
    endloop
  endfacet
  facet normal 0 0 1
    outer loop
      vertex -40.703 30.039 2
      vertex -46.891 31.633 2
      vertex -50.05 30.003 2
    endloop
  endfacet
  facet normal 0 -1 0
    outer loop
      vertex -9.121 -58 12.5
      vertex -9.121 -58 2
      vertex -9.12 -58 12.5
    endloop
  endfacet
  facet normal -0.9979 0.0647 0
    outer loop
      vertex 0.465 -33.881 0
      vertex 0.281 -36.719 12.5
      vertex 0.465 -33.881 12.5
    endloop
  endfacet
  facet normal 0.98693 -0.16113 0
    outer loop
      vertex -48.847 25.277 2
      vertex -48.847 25.277 0
      vertex -48.655 26.453 0
    endloop
  endfacet
  facet normal 0.98693 -0.16113 0
    outer loop
      vertex -48.847 25.277 2
      vertex -48.655 26.453 0
      vertex -48.655 26.453 2
    endloop
  endfacet
  facet normal 0 0 1
    outer loop
      vertex 1.583 -34.442 12.5
      vertex 0.281 -36.719 12.5
      vertex 1.829 -36.126 12.5
    endloop
  endfacet
  facet normal 0 0 1
    outer loop
      vertex 0.503 -30.766 12.5
      vertex 0.465 -33.881 12.5
      vertex 1.678 -30.911 12.5
    endloop
  endfacet
  facet normal 0 0 1
    outer loop
      vertex 0.281 -36.719 12.5
      vertex 1.583 -34.442 12.5
      vertex 0.465 -33.881 12.5
    endloop
  endfacet
  facet normal 0.99199 0.12634 0
    outer loop
      vertex -48.655 26.453 0
      vertex -48.817 27.725 0
      vertex -48.817 27.725 2
    endloop
  endfacet
  facet normal 0.99199 0.12634 0
    outer loop
      vertex -48.655 26.453 0
      vertex -48.817 27.725 2
      vertex -48.655 26.453 2
    endloop
  endfacet
  facet normal -0.94211 -0.3353 0
    outer loop
      vertex 14.373 28.157 12.5
      vertex 14.373 28.157 2
      vertex 14.557 27.64 2
    endloop
  endfacet
  facet normal 0 0 -1
    outer loop
      vertex -42.127 -8.76 0
      vertex -47.277 -10.567 0
      vertex -42.945 -7.049 0
    endloop
  endfacet
  facet normal 0.2018 0.97943 0
    outer loop
      vertex -7.074 -21.676 0
      vertex -8.797 -21.321 0
      vertex -7.074 -21.676 12.5
    endloop
  endfacet
  facet normal -0.87831 -0.47809 0
    outer loop
      vertex 13.802 29.206 12.5
      vertex 13.802 29.206 2
      vertex 14.373 28.157 2
    endloop
  endfacet
  facet normal 0 1 0
    outer loop
      vertex -7.074 -21.676 12.5
      vertex -5.824 -21.676 12.5
      vertex -7.074 -21.676 0
    endloop
  endfacet
  facet normal 0 1 0
    outer loop
      vertex -5.824 -21.676 0
      vertex -7.074 -21.676 0
      vertex -5.824 -21.676 12.5
    endloop
  endfacet
  facet normal -0.9648 0.26298 0.0001
    outer loop
      vertex 4.424 -38.727 15
      vertex 6.178 -32.292 15
      vertex 6.048 -32.768 12.5
    endloop
  endfacet
  facet normal -0.89374 -0.44859 0
    outer loop
      vertex -6.733 -19.865 0
      vertex -5.824 -21.676 0
      vertex -5.824 -21.676 12.5
    endloop
  endfacet
  facet normal 0 0 -1
    outer loop
      vertex -41.501 -9.405 0
      vertex -44.351 -13.945 0
      vertex -41.781 -9.237 0
    endloop
  endfacet
  facet normal 0 0 -1
    outer loop
      vertex -47.277 -10.567 0
      vertex -42.127 -8.76 0
      vertex -45.914 -12.692 0
    endloop
  endfacet
  facet normal 0 0 1
    outer loop
      vertex 10.211 30.657 2
      vertex 12.415 28.296 2
      vertex 12.519 31.067 2
    endloop
  endfacet
  facet normal 0 0 1
    outer loop
      vertex 4.417 -38.748 12.5
      vertex 4.5 -38.448 12.5
      vertex 6.159 -32.323 12.5
    endloop
  endfacet
  facet normal 0 0 1
    outer loop
      vertex 14.557 27.64 2
      vertex 14.373 28.157 2
      vertex 12.909 27.071 2
    endloop
  endfacet
  facet normal 0 0 1
    outer loop
      vertex 12.708 27.802 2
      vertex 13.802 29.206 2
      vertex 12.415 28.296 2
    endloop
  endfacet
  facet normal 0 0 -1
    outer loop
      vertex -48.235 -8.41 0
      vertex -42.945 -7.049 0
      vertex -47.277 -10.567 0
    endloop
  endfacet
  facet normal 0 0 1
    outer loop
      vertex -16.736 -17.548 12.5
      vertex -16.433 -20.59 12.5
      vertex -14.075 -19.064 12.5
    endloop
  endfacet
  facet normal 0.49501 0.86889 0
    outer loop
      vertex -16.736 -17.548 0
      vertex -16.736 -17.548 12.5
      vertex -14.075 -19.064 12.5
    endloop
  endfacet
  facet normal 0.97187 -0.23551 0
    outer loop
      vertex 6.443 -36.144 15
      vertex 5.203 -41.261 15
      vertex 5.203 -41.261 2
    endloop
  endfacet
  facet normal 0 0 1
    outer loop
      vertex -7.074 -21.676 12.5
      vertex -8.797 -21.321 12.5
      vertex -7.529 -24.465 12.5
    endloop
  endfacet
  facet normal 0 0 1
    outer loop
      vertex 13.802 29.206 2
      vertex 12.708 27.802 2
      vertex 14.373 28.157 2
    endloop
  endfacet
  facet normal 0 0 1
    outer loop
      vertex 12.708 27.802 2
      vertex 12.909 27.071 2
      vertex 14.373 28.157 2
    endloop
  endfacet
  facet normal 0 0 1
    outer loop
      vertex 14.703 27.228 2
      vertex 14.557 27.64 2
      vertex 12.909 27.071 2
    endloop
  endfacet
  facet normal 0 0 1
    outer loop
      vertex 13.033 25.136 2
      vertex 14.847 26.156 2
      vertex 12.909 27.071 2
    endloop
  endfacet
  facet normal 0 0 -1
    outer loop
      vertex -42.945 -14.589 0
      vertex -41.501 -9.405 0
      vertex -41.881 -14.853 0
    endloop
  endfacet
  facet normal 0 0 -1
    outer loop
      vertex -45.208 -13.366 0
      vertex -41.781 -9.237 0
      vertex -44.351 -13.945 0
    endloop
  endfacet
  facet normal -0.96481 0.26294 0.00001
    outer loop
      vertex 6.048 -32.768 12.5
      vertex 4.5 -38.448 12.5
      vertex 4.424 -38.727 15
    endloop
  endfacet
  facet normal 0.99705 0.0767 0
    outer loop
      vertex -47.367 3.956 12.5
      vertex -47.375 4.06 12.5
      vertex -47.375 4.06 15
    endloop
  endfacet
  facet normal 0 0 -1
    outer loop
      vertex -38.513 -8.334 0
      vertex -37.474 -8.482 0
      vertex -41.397 -14.954 0
    endloop
  endfacet
  facet normal -0.96484 0.26282 0
    outer loop
      vertex 4.5 -38.448 12.5
      vertex 4.424 -38.727 12.5
      vertex 4.424 -38.727 15
    endloop
  endfacet
  facet normal 0.99717 0.07517 -0.00018
    outer loop
      vertex -47.315 3.258 12.5
      vertex -47.375 4.06 15
      vertex -47.156 1.155 15
    endloop
  endfacet
  facet normal 0.99714 0.07554 0.00013
    outer loop
      vertex -47.315 3.258 12.5
      vertex -47.156 1.155 15
      vertex -47.19 1.608 12.5
    endloop
  endfacet
  facet normal 0 0 1
    outer loop
      vertex -8.797 -21.321 12.5
      vertex -10.56 -24.03 12.5
      vertex -7.529 -24.465 12.5
    endloop
  endfacet
  facet normal 0.98178 0.19002 0
    outer loop
      vertex -47.156 1.155 12.5
      vertex -47.156 1.155 15
      vertex -47.072 0.721 12.5
    endloop
  endfacet
  facet normal 0 0 1
    outer loop
      vertex -11.064 -23.937 12.5
      vertex -10.56 -24.03 12.5
      vertex -11.28 -20.386 12.5
    endloop
  endfacet
  facet normal 0 0 1
    outer loop
      vertex -8.797 -21.321 12.5
      vertex -11.28 -20.386 12.5
      vertex -10.56 -24.03 12.5
    endloop
  endfacet
  facet normal 0 0 1
    outer loop
      vertex -11.28 -20.386 12.5
      vertex -13.36 -22.901 12.5
      vertex -11.064 -23.937 12.5
    endloop
  endfacet
  facet normal 0.2018 0.97943 0
    outer loop
      vertex -8.797 -21.321 0
      vertex -8.797 -21.321 12.5
      vertex -7.074 -21.676 12.5
    endloop
  endfacet
  facet normal 0.3524 0.93585 0
    outer loop
      vertex -8.797 -21.321 0
      vertex -11.28 -20.386 0
      vertex -8.797 -21.321 12.5
    endloop
  endfacet
  facet normal 0.32106 -0.94706 0.00002
    outer loop
      vertex -39.509 -12.475 2
      vertex -39.091 -12.333 15
      vertex -40.265 -12.731 15
    endloop
  endfacet
  facet normal 0.72037 -0.69359 0
    outer loop
      vertex -11.064 -23.937 0
      vertex -11.064 -23.937 12.5
      vertex -11.323 -24.206 12.5
    endloop
  endfacet
  facet normal 0 0 1
    outer loop
      vertex -47.375 4.06 12.5
      vertex -47.367 3.956 12.5
      vertex -47.346 4.167 12.5
    endloop
  endfacet
  facet normal 0 0 1
    outer loop
      vertex -47.315 3.258 12.5
      vertex -47.346 4.167 12.5
      vertex -47.367 3.956 12.5
    endloop
  endfacet
  facet normal 0.91874 0.39485 0
    outer loop
      vertex -48.817 27.725 0
      vertex -49.328 28.914 0
      vertex -48.817 27.725 2
    endloop
  endfacet
  facet normal -0.14206 -0.98986 0
    outer loop
      vertex -7.529 -24.465 0
      vertex -7.529 -24.465 12.5
      vertex -10.56 -24.03 12.5
    endloop
  endfacet
  facet normal 0.85137 -0.52457 0
    outer loop
      vertex -49.404 24.373 2
      vertex -48.847 25.277 0
      vertex -48.847 25.277 2
    endloop
  endfacet
  facet normal -0.18146 -0.9834 0
    outer loop
      vertex -11.064 -23.937 0
      vertex -10.56 -24.03 12.5
      vertex -11.064 -23.937 12.5
    endloop
  endfacet
  facet normal 0 0 1
    outer loop
      vertex -47.072 0.721 12.5
      vertex -47.19 1.608 12.5
      vertex -47.156 1.155 12.5
    endloop
  endfacet
  facet normal 0.00385 -0.99999 0
    outer loop
      vertex -40.703 30.039 0
      vertex -40.703 30.039 2
      vertex -50.05 30.003 0
    endloop
  endfacet
  facet normal 0.00385 -0.99999 0
    outer loop
      vertex -50.05 30.003 2
      vertex -50.05 30.003 0
      vertex -40.703 30.039 2
    endloop
  endfacet
  facet normal 0 0 1
    outer loop
      vertex -32.742 20.383 12.5
      vertex -33.56 19.823 12.5
      vertex -32.316 19.1 12.5
    endloop
  endfacet
  facet normal 0 0 1
    outer loop
      vertex -34.091 16.846 12.5
      vertex -33.814 17.516 12.5
      vertex -35.231 17.278 12.5
    endloop
  endfacet
  facet normal 0 0 1
    outer loop
      vertex -11.432 -26.855 12.5
      vertex -11.323 -24.206 12.5
      vertex -12.758 -26.131 12.5
    endloop
  endfacet
  facet normal 0 0 1
    outer loop
      vertex -13.113 -23.577 12.5
      vertex -12.758 -26.131 12.5
      vertex -11.323 -24.206 12.5
    endloop
  endfacet
  facet normal 0 0 1
    outer loop
      vertex -33.294 18.233 12.5
      vertex -32.316 19.1 12.5
      vertex -33.56 19.823 12.5
    endloop
  endfacet
  facet normal 0 0 1
    outer loop
      vertex -13.667 -22.545 12.5
      vertex -14.075 -19.064 12.5
      vertex -16.433 -20.59 12.5
    endloop
  endfacet
  facet normal 0 0 1
    outer loop
      vertex -11.28 -20.386 12.5
      vertex -14.075 -19.064 12.5
      vertex -13.667 -22.545 12.5
    endloop
  endfacet
  facet normal 0 0 1
    outer loop
      vertex -11.28 -20.386 12.5
      vertex -13.667 -22.545 12.5
      vertex -13.36 -22.901 12.5
    endloop
  endfacet
  facet normal 0 0 1
    outer loop
      vertex -11.323 -24.206 12.5
      vertex -11.064 -23.937 12.5
      vertex -13.113 -23.577 12.5
    endloop
  endfacet
  facet normal 0 0 1
    outer loop
      vertex -13.113 -23.577 12.5
      vertex -11.064 -23.937 12.5
      vertex -13.36 -22.901 12.5
    endloop
  endfacet
  facet normal 0 0 1
    outer loop
      vertex -34.955 18.201 12.5
      vertex -35.231 17.278 12.5
      vertex -33.814 17.516 12.5
    endloop
  endfacet
  facet normal 0 0 1
    outer loop
      vertex -33.814 17.516 12.5
      vertex -33.294 18.233 12.5
      vertex -34.955 18.201 12.5
    endloop
  endfacet
  facet normal 0 0 1
    outer loop
      vertex -33.56 19.823 12.5
      vertex -34.241 19.175 12.5
      vertex -33.294 18.233 12.5
    endloop
  endfacet
  facet normal 0 0 1
    outer loop
      vertex -34.955 18.201 12.5
      vertex -33.294 18.233 12.5
      vertex -34.241 19.175 12.5
    endloop
  endfacet
  facet normal 0 0 1
    outer loop
      vertex -34.544 14.865 12.5
      vertex -33.872 15.585 12.5
      vertex -35.088 16.226 12.5
    endloop
  endfacet
  facet normal 0 0 1
    outer loop
      vertex -34.113 16.209 12.5
      vertex -34.091 16.846 12.5
      vertex -35.088 16.226 12.5
    endloop
  endfacet
  facet normal -0.5649 0.82516 0
    outer loop
      vertex -33.56 19.823 12.5
      vertex -32.742 20.383 12.5
      vertex -33.56 19.823 0
    endloop
  endfacet
  facet normal -0.5649 0.82516 0
    outer loop
      vertex -32.742 20.383 0
      vertex -33.56 19.823 0
      vertex -32.742 20.383 12.5
    endloop
  endfacet
  facet normal 0 0 1
    outer loop
      vertex 6.048 -32.768 12.5
      vertex 6.159 -32.323 12.5
      vertex 4.5 -38.448 12.5
    endloop
  endfacet
  facet normal -0.68934 0.72444 0
    outer loop
      vertex -33.56 19.823 0
      vertex -34.241 19.175 0
      vertex -34.241 19.175 12.5
    endloop
  endfacet
  facet normal -0.68934 0.72444 0
    outer loop
      vertex -33.56 19.823 0
      vertex -34.241 19.175 12.5
      vertex -33.56 19.823 12.5
    endloop
  endfacet
  facet normal 0 0 -1
    outer loop
      vertex -44.351 -13.945 0
      vertex -41.501 -9.405 0
      vertex -42.945 -14.589 0
    endloop
  endfacet
  facet normal 0 0 1
    outer loop
      vertex 4.5 -38.448 12.5
      vertex 4.417 -38.748 12.5
      vertex 4.424 -38.727 12.5
    endloop
  endfacet
  facet normal -0.80651 0.59122 0
    outer loop
      vertex -34.241 19.175 0
      vertex -34.955 18.201 0
      vertex -34.955 18.201 12.5
    endloop
  endfacet
  facet normal -0.80651 0.59122 0
    outer loop
      vertex -34.241 19.175 0
      vertex -34.955 18.201 12.5
      vertex -34.241 19.175 12.5
    endloop
  endfacet
  facet normal 0 0 -1
    outer loop
      vertex -45.914 -12.692 0
      vertex -41.781 -9.237 0
      vertex -45.208 -13.366 0
    endloop
  endfacet
  facet normal -0.95808 0.28649 0
    outer loop
      vertex -34.955 18.201 0
      vertex -35.231 17.278 0
      vertex -35.231 17.278 12.5
    endloop
  endfacet
  facet normal -0.95808 0.28649 0
    outer loop
      vertex -34.955 18.201 0
      vertex -35.231 17.278 12.5
      vertex -34.955 18.201 12.5
    endloop
  endfacet
  facet normal 0.49501 0.86889 0
    outer loop
      vertex -14.075 -19.064 0
      vertex -16.736 -17.548 0
      vertex -14.075 -19.064 12.5
    endloop
  endfacet
  facet normal -0.99089 -0.13469 0
    outer loop
      vertex -35.231 17.278 0
      vertex -35.088 16.226 12.5
      vertex -35.231 17.278 12.5
    endloop
  endfacet
  facet normal 0 0 -1
    outer loop
      vertex -45.543 3.471 0
      vertex -45.288 1.347 0
      vertex -50.459 2.1 0
    endloop
  endfacet
  facet normal 0.3524 0.93585 0
    outer loop
      vertex -11.28 -20.386 12.5
      vertex -8.797 -21.321 12.5
      vertex -11.28 -20.386 0
    endloop
  endfacet
  facet normal 0 0 -1
    outer loop
      vertex -41.045 -20.301 0
      vertex -41.15 -15.575 0
      vertex -36.035 -19.829 0
    endloop
  endfacet
  facet normal 0.42757 0.90398 0
    outer loop
      vertex -14.075 -19.064 0
      vertex -14.075 -19.064 12.5
      vertex -11.28 -20.386 0
    endloop
  endfacet
  facet normal 0.42757 0.90398 0
    outer loop
      vertex -11.28 -20.386 12.5
      vertex -11.28 -20.386 0
      vertex -14.075 -19.064 12.5
    endloop
  endfacet
  facet normal 0.9994 -0.03452 0
    outer loop
      vertex -34.113 16.209 12.5
      vertex -34.113 16.209 0
      vertex -34.091 16.846 12.5
    endloop
  endfacet
  facet normal 0.9994 -0.03452 0
    outer loop
      vertex -34.091 16.846 12.5
      vertex -34.113 16.209 0
      vertex -34.091 16.846 0
    endloop
  endfacet
  facet normal -0.93926 -0.34319 0
    outer loop
      vertex -13.36 -22.901 0
      vertex -13.113 -23.577 0
      vertex -13.113 -23.577 12.5
    endloop
  endfacet
  facet normal -0.93926 -0.34319 0
    outer loop
      vertex -13.36 -22.901 0
      vertex -13.113 -23.577 12.5
      vertex -13.36 -22.901 12.5
    endloop
  endfacet
  facet normal 0.80952 -0.5871 0
    outer loop
      vertex -33.814 17.516 0
      vertex -33.294 18.233 0
      vertex -33.294 18.233 12.5
    endloop
  endfacet
  facet normal 0.80952 -0.5871 0
    outer loop
      vertex -33.814 17.516 0
      vertex -33.294 18.233 12.5
      vertex -33.814 17.516 12.5
    endloop
  endfacet
  facet normal 0.92413 -0.38207 0
    outer loop
      vertex -34.091 16.846 12.5
      vertex -34.091 16.846 0
      vertex -33.814 17.516 0
    endloop
  endfacet
  facet normal 0.92413 -0.38207 0
    outer loop
      vertex -34.091 16.846 12.5
      vertex -33.814 17.516 0
      vertex -33.814 17.516 12.5
    endloop
  endfacet
  facet normal -0.99048 -0.13767 0
    outer loop
      vertex -12.758 -26.131 0
      vertex -12.758 -26.131 12.5
      vertex -13.113 -23.577 0
    endloop
  endfacet
  facet normal -0.99048 -0.13767 0
    outer loop
      vertex -13.113 -23.577 12.5
      vertex -13.113 -23.577 0
      vertex -12.758 -26.131 12.5
    endloop
  endfacet
  facet normal -0.57718 -0.81662 0
    outer loop
      vertex -13.667 -22.545 0
      vertex -13.667 -22.545 12.5
      vertex -16.433 -20.59 0
    endloop
  endfacet
  facet normal -0.57718 -0.81662 0
    outer loop
      vertex -16.433 -20.59 12.5
      vertex -16.433 -20.59 0
      vertex -13.667 -22.545 12.5
    endloop
  endfacet
  facet normal 0.86619 -0.49972 0
    outer loop
      vertex 1.968 -39.64 12.5
      vertex 1.488 -40.472 12.5
      vertex 1.488 -40.472 0
    endloop
  endfacet
  facet normal -0.7573 -0.65307 0
    outer loop
      vertex -13.667 -22.545 12.5
      vertex -13.667 -22.545 0
      vertex -13.36 -22.901 0
    endloop
  endfacet
  facet normal -0.7573 -0.65307 0
    outer loop
      vertex -13.667 -22.545 12.5
      vertex -13.36 -22.901 0
      vertex -13.36 -22.901 12.5
    endloop
  endfacet
  facet normal 0.87758 0.47942 -0.00001
    outer loop
      vertex -49.553 17.605 15
      vertex -47.559 13.955 15
      vertex -48.886 16.384 12.5
    endloop
  endfacet
  facet normal 0.99915 -0.04111 0
    outer loop
      vertex -11.432 -26.855 12.5
      vertex -11.432 -26.855 0
      vertex -11.323 -24.206 12.5
    endloop
  endfacet
  facet normal 0.99915 -0.04111 0
    outer loop
      vertex -11.323 -24.206 12.5
      vertex -11.432 -26.855 0
      vertex -11.323 -24.206 0
    endloop
  endfacet
  facet normal 0.72037 -0.69359 0
    outer loop
      vertex -11.323 -24.206 0
      vertex -11.064 -23.937 0
      vertex -11.323 -24.206 12.5
    endloop
  endfacet
  facet normal 0 0 1
    outer loop
      vertex -49.605 17.7 12.5
      vertex -49.553 17.605 12.5
      vertex -47.578 14.105 12.5
    endloop
  endfacet
  facet normal 0 0 1
    outer loop
      vertex -47.578 14.105 12.5
      vertex -49.152 16.871 12.5
      vertex -48.886 16.384 12.5
    endloop
  endfacet
  facet normal -0.18146 -0.9834 0
    outer loop
      vertex -10.56 -24.03 12.5
      vertex -11.064 -23.937 0
      vertex -10.56 -24.03 0
    endloop
  endfacet
  facet normal 0 0 -1
    outer loop
      vertex -36.035 -19.829 0
      vertex -35.968 -22.903 0
      vertex -41.045 -20.301 0
    endloop
  endfacet
  facet normal 0 0 -1
    outer loop
      vertex -35.673 -24.282 0
      vertex -41.045 -25.749 0
      vertex -35.968 -22.903 0
    endloop
  endfacet
  facet normal 0 0 1
    outer loop
      vertex 0.503 -41.1 12.5
      vertex 1.488 -40.472 12.5
      vertex -0.671 -37.683 12.5
    endloop
  endfacet
  facet normal 0 0 1
    outer loop
      vertex 1.488 -40.472 12.5
      vertex 1.968 -39.64 12.5
      vertex -0.671 -37.683 12.5
    endloop
  endfacet
  facet normal 0 0 1
    outer loop
      vertex -0.051 -37.267 12.5
      vertex -0.671 -37.683 12.5
      vertex 1.968 -39.64 12.5
    endloop
  endfacet
  facet normal 0 0 1
    outer loop
      vertex 1.968 -39.64 12.5
      vertex 2.2 -38.462 12.5
      vertex -0.051 -37.267 12.5
    endloop
  endfacet
  facet normal 0 0 1
    outer loop
      vertex 0.281 -36.719 12.5
      vertex -0.051 -37.267 12.5
      vertex 2.2 -38.462 12.5
    endloop
  endfacet
  facet normal 0 0 1
    outer loop
      vertex 1.829 -36.126 12.5
      vertex 0.281 -36.719 12.5
      vertex 2.16 -37.203 12.5
    endloop
  endfacet
  facet normal 0 0 1
    outer loop
      vertex 2.2 -38.462 12.5
      vertex 2.16 -37.203 12.5
      vertex 0.281 -36.719 12.5
    endloop
  endfacet
  facet normal 0.05192 -0.99865 0
    outer loop
      vertex -9.12 -58 2
      vertex -6.908 -57.885 2
      vertex -9.12 -58 12.5
    endloop
  endfacet
  facet normal 0 0 1
    outer loop
      vertex -45.985 15.293 2
      vertex -49.404 21.286 2
      vertex -49.533 17.572 2
    endloop
  endfacet
  facet normal 0 0 1
    outer loop
      vertex -48.863 16.384 2
      vertex -45.985 15.293 2
      vertex -49.152 16.897 2
    endloop
  endfacet
  facet normal 0.95587 0.29377 0
    outer loop
      vertex 1.829 -36.126 0
      vertex 1.829 -36.126 12.5
      vertex 2.16 -37.203 12.5
    endloop
  endfacet
  facet normal -0.86875 -0.49525 0
    outer loop
      vertex -57.665 33.835 2
      vertex -56.766 32.258 2
      vertex -56.766 32.258 15
    endloop
  endfacet
  facet normal 0.59499 0.80374 0
    outer loop
      vertex -13.489 -53.913 2
      vertex -15.391 -52.505 2
      vertex -13.489 -53.913 15
    endloop
  endfacet
  facet normal -0.80759 -0.58974 0
    outer loop
      vertex -56.766 32.258 2
      vertex -55.296 30.245 15
      vertex -56.766 32.258 15
    endloop
  endfacet
  facet normal 0 0 -1
    outer loop
      vertex -33.219 -28.564 0
      vertex -39.677 -28.401 0
      vertex -35.118 -25.495 0
    endloop
  endfacet
  facet normal -0.86872 -0.4953 -0.00001
    outer loop
      vertex -57.665 33.835 2
      vertex -56.766 32.258 15
      vertex -57.782 34.04 15
    endloop
  endfacet
  facet normal 0.5167 0.85617 0
    outer loop
      vertex -10.977 -55.429 15
      vertex -10.977 -55.429 2
      vertex -13.489 -53.913 15
    endloop
  endfacet
  facet normal 0 0 -1
    outer loop
      vertex -35.673 -24.282 0
      vertex -35.118 -25.495 0
      vertex -39.677 -28.401 0
    endloop
  endfacet
  facet normal 0.71317 0.70099 0
    outer loop
      vertex -52.504 29.17 2
      vertex -53.31 29.99 2
      vertex -52.504 29.17 15
    endloop
  endfacet
  facet normal 0.71346 0.70069 0
    outer loop
      vertex -53.31 29.99 2
      vertex -54.133 30.828 2
      vertex -54.133 30.828 15
    endloop
  endfacet
  facet normal 0 0 -1
    outer loop
      vertex -35.673 -24.282 0
      vertex -39.677 -28.401 0
      vertex -41.045 -25.749 0
    endloop
  endfacet
  facet normal 0.99964 -0.02689 0
    outer loop
      vertex 1.583 -34.442 0
      vertex 1.678 -30.911 0
      vertex 1.583 -34.442 12.5
    endloop
  endfacet
  facet normal 0.49054 0.87142 0
    outer loop
      vertex -8.401 -56.877 2
      vertex -8.552 -56.792 2
      vertex -8.401 -56.877 15
    endloop
  endfacet
  facet normal 0.70268 0.7115 -0.00001
    outer loop
      vertex -51.536 28.214 15
      vertex -52 28.672 2
      vertex -52.504 29.17 15
    endloop
  endfacet
  facet normal 0.9895 0.14455 0
    outer loop
      vertex 1.829 -36.126 12.5
      vertex 1.829 -36.126 0
      vertex 1.583 -34.442 12.5
    endloop
  endfacet
  facet normal 0.9895 0.14455 0
    outer loop
      vertex 1.583 -34.442 0
      vertex 1.583 -34.442 12.5
      vertex 1.829 -36.126 0
    endloop
  endfacet
  facet normal 0.70286 0.71133 0
    outer loop
      vertex -52.504 29.17 2
      vertex -52.504 29.17 15
      vertex -52 28.672 2
    endloop
  endfacet
  facet normal 0 0 -1
    outer loop
      vertex -39.677 -28.401 0
      vertex -33.219 -28.564 0
      vertex -37.618 -31.798 0
    endloop
  endfacet
  facet normal 0 0 -1
    outer loop
      vertex -33.219 -28.564 0
      vertex -30.444 -32.478 0
      vertex -37.618 -31.798 0
    endloop
  endfacet
  facet normal 0 0 -1
    outer loop
      vertex -34.8 -35.856 0
      vertex -37.618 -31.798 0
      vertex -30.444 -32.478 0
    endloop
  endfacet
  facet normal 0.91681 0.39932 0.00001
    outer loop
      vertex -55.64 33.236 15
      vertex -55.194 32.212 15
      vertex -55.436 32.768 2
    endloop
  endfacet
  facet normal 0.48997 0.87174 0
    outer loop
      vertex -10.977 -55.429 15
      vertex -8.552 -56.792 2
      vertex -10.977 -55.429 2
    endloop
  endfacet
  facet normal -0.49943 -0.86635 0
    outer loop
      vertex -11.697 -56.515 12.5
      vertex -9.121 -58 2
      vertex -9.121 -58 12.5
    endloop
  endfacet
  facet normal 0.71332 0.70084 -0.00002
    outer loop
      vertex -52.504 29.17 15
      vertex -53.31 29.99 2
      vertex -54.133 30.828 15
    endloop
  endfacet
  facet normal 0.79362 0.60841 0
    outer loop
      vertex -54.133 30.828 2
      vertex -55.194 32.212 15
      vertex -54.133 30.828 15
    endloop
  endfacet
  facet normal -0.69207 -0.72183 0
    outer loop
      vertex -16.287 -53.473 2
      vertex -16.287 -53.473 15
      vertex -16.384 -53.38 2
    endloop
  endfacet
  facet normal -0.96515 0.26168 0
    outer loop
      vertex 6.159 -32.323 2
      vertex 4.417 -38.748 2
      vertex 6.159 -32.323 12.5
    endloop
  endfacet
  facet normal -0.86009 -0.51014 0
    outer loop
      vertex 12.415 28.296 2
      vertex 12.415 28.296 0
      vertex 12.708 27.802 0
    endloop
  endfacet
  facet normal -0.86009 -0.51014 0
    outer loop
      vertex 12.415 28.296 2
      vertex 12.708 27.802 0
      vertex 12.708 27.802 2
    endloop
  endfacet
  facet normal 0.68654 -0.72709 -0.00001
    outer loop
      vertex -46.155 8.173 12.5
      vertex -46.135 8.192 2
      vertex -45.348 8.935 12.5
    endloop
  endfacet
  facet normal -0.59501 -0.80372 0
    outer loop
      vertex -16.287 -53.473 2
      vertex -14.273 -54.964 2
      vertex -16.287 -53.473 15
    endloop
  endfacet
  facet normal -0.96421 -0.26513 0
    outer loop
      vertex 12.708 27.802 2
      vertex 12.708 27.802 0
      vertex 12.909 27.071 0
    endloop
  endfacet
  facet normal -0.96421 -0.26513 0
    outer loop
      vertex 12.708 27.802 2
      vertex 12.909 27.071 0
      vertex 12.909 27.071 2
    endloop
  endfacet
  facet normal -0.99795 -0.06395 0
    outer loop
      vertex 12.909 27.071 2
      vertex 12.909 27.071 0
      vertex 13.033 25.136 2
    endloop
  endfacet
  facet normal -0.98191 0.18934 -0.00001
    outer loop
      vertex 4.417 -38.748 12.5
      vertex 4.414 -38.764 2
      vertex 3.79 -42 2
    endloop
  endfacet
  facet normal 0.68875 -0.725 0
    outer loop
      vertex -46.135 8.192 2
      vertex -46.155 8.173 12.5
      vertex -46.155 8.173 2
    endloop
  endfacet
  facet normal 0.99913 0.04175 0
    outer loop
      vertex 16 24.679 15
      vertex 16 24.679 2
      vertex 15.867 27.862 15
    endloop
  endfacet
  facet normal -0.98193 0.18922 0.00003
    outer loop
      vertex 3.345 -44.311 12.5
      vertex 4.417 -38.748 12.5
      vertex 3.79 -42 2
    endloop
  endfacet
  facet normal 0.72242 0.69145 0
    outer loop
      vertex -16.966 -48 0
      vertex -14.51 -50.566 2
      vertex -14.51 -50.566 0
    endloop
  endfacet
  facet normal -0.9984 -0.05649 0
    outer loop
      vertex -34.052 -14.293 2
      vertex -34.052 -14.293 12.5
      vertex -34.165 -12.296 12.5
    endloop
  endfacet
  facet normal -0.99994 -0.0108 0
    outer loop
      vertex 14.847 26.156 12.5
      vertex 14.847 26.156 2
      vertex 14.857 25.23 2
    endloop
  endfacet
  facet normal 0.63707 0.77081 0
    outer loop
      vertex -12.925 -51.876 0
      vertex -14.51 -50.566 0
      vertex -14.51 -50.566 2
    endloop
  endfacet
  facet normal 0.63707 0.77081 0
    outer loop
      vertex -12.925 -51.876 0
      vertex -14.51 -50.566 2
      vertex -12.925 -51.876 2
    endloop
  endfacet
  facet normal 0.86619 -0.49972 0
    outer loop
      vertex 1.488 -40.472 0
      vertex 1.968 -39.64 0
      vertex 1.968 -39.64 12.5
    endloop
  endfacet
  facet normal 0.98115 -0.19323 0
    outer loop
      vertex 1.968 -39.64 0
      vertex 2.2 -38.462 12.5
      vertex 1.968 -39.64 12.5
    endloop
  endfacet
  facet normal 0.56586 0.8245 0
    outer loop
      vertex -11.143 -53.099 0
      vertex -12.925 -51.876 0
      vertex -12.925 -51.876 2
    endloop
  endfacet
  facet normal 0.56586 0.8245 0
    outer loop
      vertex -11.143 -53.099 0
      vertex -12.925 -51.876 2
      vertex -11.143 -53.099 2
    endloop
  endfacet
  facet normal 0.9995 0.03176 0
    outer loop
      vertex 2.2 -38.462 0
      vertex 2.16 -37.203 12.5
      vertex 2.2 -38.462 12.5
    endloop
  endfacet
  facet normal 0.99705 -0.07672 0
    outer loop
      vertex 16 24.679 15
      vertex 15.783 21.859 15
      vertex 16 24.679 2
    endloop
  endfacet
  facet normal 0 0 1
    outer loop
      vertex -11.143 -53.099 2
      vertex -12.925 -51.876 2
      vertex -13.489 -53.913 2
    endloop
  endfacet
  facet normal 0 0 1
    outer loop
      vertex -12.925 -51.876 2
      vertex -14.51 -50.566 2
      vertex -15.391 -52.505 2
    endloop
  endfacet
  facet normal 0 0 1
    outer loop
      vertex -13.489 -53.913 2
      vertex -12.925 -51.876 2
      vertex -15.391 -52.505 2
    endloop
  endfacet
  facet normal 0 0 -1
    outer loop
      vertex -41.045 -20.301 0
      vertex -35.968 -22.903 0
      vertex -41.045 -25.749 0
    endloop
  endfacet
  facet normal 0.59499 0.80374 0
    outer loop
      vertex -15.391 -52.505 15
      vertex -13.489 -53.913 15
      vertex -15.391 -52.505 2
    endloop
  endfacet
  facet normal 0.99964 -0.02689 0
    outer loop
      vertex 1.678 -30.911 12.5
      vertex 1.583 -34.442 12.5
      vertex 1.678 -30.911 0
    endloop
  endfacet
  facet normal 0 0 1
    outer loop
      vertex 18 24.737 2
      vertex 18 27.188 2
      vertex 16 24.679 2
    endloop
  endfacet
  facet normal 0.53069 0.84757 0
    outer loop
      vertex -7.837 -55.169 2
      vertex -7.837 -55.169 0
      vertex -11.143 -53.099 2
    endloop
  endfacet
  facet normal 0.53069 0.84757 0
    outer loop
      vertex -11.143 -53.099 0
      vertex -11.143 -53.099 2
      vertex -7.837 -55.169 0
    endloop
  endfacet
  facet normal 0 0 -1
    outer loop
      vertex -3.21 -38.045 0
      vertex -4.877 -35.474 0
      vertex -3.664 -34.822 0
    endloop
  endfacet
  facet normal 0 0 -1
    outer loop
      vertex -5.142 -31.961 0
      vertex -3.664 -34.822 0
      vertex -4.877 -35.474 0
    endloop
  endfacet
  facet normal 0 0 1
    outer loop
      vertex 14.834 24.576 2
      vertex 14.861 24.874 2
      vertex 13.033 25.136 2
    endloop
  endfacet
  facet normal 0 0 1
    outer loop
      vertex 14.861 24.874 2
      vertex 14.857 25.23 2
      vertex 13.033 25.136 2
    endloop
  endfacet
  facet normal 0 0 1
    outer loop
      vertex 13.033 25.136 2
      vertex 14.857 25.23 2
      vertex 14.847 26.156 2
    endloop
  endfacet
  facet normal 0 0 1
    outer loop
      vertex 14.703 27.228 2
      vertex 12.909 27.071 2
      vertex 14.847 26.156 2
    endloop
  endfacet
  facet normal 0 0 -1
    outer loop
      vertex -0.051 -37.267 0
      vertex 1.968 -39.64 0
      vertex -0.671 -37.683 0
    endloop
  endfacet
  facet normal 0 0 -1
    outer loop
      vertex 0.281 -36.719 0
      vertex 2.2 -38.462 0
      vertex -0.051 -37.267 0
    endloop
  endfacet
  facet normal 0 0 1
    outer loop
      vertex -6.997 -56.775 2
      vertex -7.837 -55.169 2
      vertex -8.401 -56.877 2
    endloop
  endfacet
  facet normal 0 0 1
    outer loop
      vertex -8.552 -56.792 2
      vertex -8.401 -56.877 2
      vertex -7.837 -55.169 2
    endloop
  endfacet
  facet normal 0 0 1
    outer loop
      vertex -11.143 -53.099 2
      vertex -10.977 -55.429 2
      vertex -7.837 -55.169 2
    endloop
  endfacet
  facet normal 0 0 -1
    outer loop
      vertex -4.65 -38.987 0
      vertex -4.877 -35.474 0
      vertex -3.21 -38.045 0
    endloop
  endfacet
  facet normal 0 0 -1
    outer loop
      vertex -2.861 -38.284 0
      vertex -4.65 -38.987 0
      vertex -3.21 -38.045 0
    endloop
  endfacet
  facet normal -0.9979 0.0647 0
    outer loop
      vertex 0.281 -36.719 0
      vertex 0.281 -36.719 12.5
      vertex 0.465 -33.881 0
    endloop
  endfacet
  facet normal 0.49 0.87172 0.00001
    outer loop
      vertex -8.401 -56.877 15
      vertex -8.552 -56.792 2
      vertex -10.977 -55.429 15
    endloop
  endfacet
  facet normal -0.96473 0.26324 0
    outer loop
      vertex 4.351 -31.679 0
      vertex 2.591 -38.129 0
      vertex 4.351 -31.679 2
    endloop
  endfacet
  facet normal -0.96473 0.26324 0
    outer loop
      vertex 2.591 -38.129 2
      vertex 4.351 -31.679 2
      vertex 2.591 -38.129 0
    endloop
  endfacet
  facet normal -0.99795 -0.06395 0
    outer loop
      vertex 12.909 27.071 0
      vertex 13.033 25.136 0
      vertex 13.033 25.136 2
    endloop
  endfacet
  facet normal 0 0 -1
    outer loop
      vertex -2.268 -38.299 0
      vertex -1.51 -38.096 0
      vertex -1.083 -41.803 0
    endloop
  endfacet
  facet normal 0 0 1
    outer loop
      vertex 13.802 29.206 2
      vertex 12.519 31.067 2
      vertex 12.415 28.296 2
    endloop
  endfacet
  facet normal 0 0 1
    outer loop
      vertex 4.417 -38.748 2
      vertex 6.159 -32.323 2
      vertex 2.591 -38.129 2
    endloop
  endfacet
  facet normal 0 0 -1
    outer loop
      vertex -4.65 -38.987 0
      vertex -2.861 -38.284 0
      vertex -1.653 -42 0
    endloop
  endfacet
  facet normal -0.73099 -0.68238 0
    outer loop
      vertex 10.211 30.657 2
      vertex 10.211 30.657 0
      vertex 12.415 28.296 2
    endloop
  endfacet
  facet normal 0 0 -1
    outer loop
      vertex -2.861 -38.284 0
      vertex -2.268 -38.299 0
      vertex -1.653 -42 0
    endloop
  endfacet
  facet normal 0 0 -1
    outer loop
      vertex 0.503 -41.1 0
      vertex -1.083 -41.803 0
      vertex -1.51 -38.096 0
    endloop
  endfacet
  facet normal 0 0 1
    outer loop
      vertex -3.937 -24.613 12.5
      vertex -5.824 -21.676 12.5
      vertex -4.171 -24.922 12.5
    endloop
  endfacet
  facet normal 0 0 -1
    outer loop
      vertex -1.083 -41.803 0
      vertex -1.653 -42 0
      vertex -2.268 -38.299 0
    endloop
  endfacet
  facet normal 0 0 -1
    outer loop
      vertex 0.503 -41.1 0
      vertex -1.51 -38.096 0
      vertex -0.671 -37.683 0
    endloop
  endfacet
  facet normal 0.97187 -0.23551 0
    outer loop
      vertex 6.443 -36.144 2
      vertex 6.443 -36.144 15
      vertex 5.203 -41.261 2
    endloop
  endfacet
  facet normal 0 0 1
    outer loop
      vertex -4.171 -24.922 12.5
      vertex -5.369 -25.768 12.5
      vertex -4.081 -26.819 12.5
    endloop
  endfacet
  facet normal 0 0 1
    outer loop
      vertex -5.369 -25.768 12.5
      vertex -5.104 -28.883 12.5
      vertex -4.081 -26.819 12.5
    endloop
  endfacet
  facet normal 0 0 -1
    outer loop
      vertex -10.56 -38.987 0
      vertex -11.507 -42 0
      vertex -12.038 -38.299 0
    endloop
  endfacet
  facet normal 0 0 1
    outer loop
      vertex 5.203 -41.261 2
      vertex 7.531 -40.308 2
      vertex 6.443 -36.144 2
    endloop
  endfacet
  facet normal 0 0 1
    outer loop
      vertex -8.552 -56.792 2
      vertex -7.837 -55.169 2
      vertex -10.977 -55.429 2
    endloop
  endfacet
  facet normal -0.31022 -0.95067 0
    outer loop
      vertex 0 32.343 2
      vertex 2.09 31.661 2
      vertex 2.09 31.661 15
    endloop
  endfacet
  facet normal -0.01757 -0.99985 0
    outer loop
      vertex 2.716 31.65 2
      vertex 2.716 31.65 15
      vertex 2.09 31.661 15
    endloop
  endfacet
  facet normal 0 0 -1
    outer loop
      vertex -12.85 -38.222 0
      vertex -15.496 -40.341 0
      vertex -14.268 -37.494 0
    endloop
  endfacet
  facet normal 0 0 -1
    outer loop
      vertex -15.496 -40.341 0
      vertex -16.804 -39.358 0
      vertex -14.268 -37.494 0
    endloop
  endfacet
  facet normal 0.73153 -0.68181 0
    outer loop
      vertex 2.716 31.65 15
      vertex 2.716 31.65 2
      vertex 3.004 31.959 15
    endloop
  endfacet
  facet normal 0 0 -1
    outer loop
      vertex -12.336 -38.362 0
      vertex -14.07 -41.124 0
      vertex -12.85 -38.222 0
    endloop
  endfacet
  facet normal -0.49943 -0.86635 0
    outer loop
      vertex -9.121 -58 2
      vertex -11.697 -56.515 12.5
      vertex -11.697 -56.515 2
    endloop
  endfacet
  facet normal 0 0 -1
    outer loop
      vertex -15.794 -36.425 0
      vertex -14.268 -37.494 0
      vertex -16.804 -39.358 0
    endloop
  endfacet
  facet normal -0.51582 -0.8567 0
    outer loop
      vertex -11.697 -56.515 2
      vertex -11.697 -56.515 12.5
      vertex -14.273 -54.964 2
    endloop
  endfacet
  facet normal -0.51582 -0.8567 0
    outer loop
      vertex -14.273 -54.964 15
      vertex -14.273 -54.964 2
      vertex -11.697 -56.515 12.5
    endloop
  endfacet
  facet normal 0 0 -1
    outer loop
      vertex -11.971 -37.158 0
      vertex -12.076 -34.605 0
      vertex -10.826 -36.235 0
    endloop
  endfacet
  facet normal 0.92942 -0.36902 -0.00001
    outer loop
      vertex 3.325 32.768 2
      vertex 3.38 32.906 15
      vertex 3.004 31.959 15
    endloop
  endfacet
  facet normal 0 0 1
    outer loop
      vertex -12.207 -58.692 2
      vertex -11.697 -56.515 2
      vertex -15.056 -57.047 2
    endloop
  endfacet
  facet normal 0 0 -1
    outer loop
      vertex -12.038 -38.299 0
      vertex -11.971 -37.158 0
      vertex -10.56 -38.987 0
    endloop
  endfacet
  facet normal 0 0 -1
    outer loop
      vertex -10.826 -36.235 0
      vertex -10.56 -38.987 0
      vertex -11.971 -37.158 0
    endloop
  endfacet
  facet normal 0 0 -1
    outer loop
      vertex -11.053 -32.504 0
      vertex -10.826 -36.235 0
      vertex -12.076 -34.605 0
    endloop
  endfacet
  facet normal -0.31037 -0.95062 0.00003
    outer loop
      vertex 0 32.343 2
      vertex 2.09 31.661 15
      vertex -2.149 33.045 15
    endloop
  endfacet
  facet normal -0.07246 0.99737 0
    outer loop
      vertex -8.401 -56.877 15
      vertex -6.997 -56.775 2
      vertex -8.401 -56.877 2
    endloop
  endfacet
  facet normal 0 0 1
    outer loop
      vertex 9.071 33.969 2
      vertex 7.133 33.127 2
      vertex 8.629 32.11 2
    endloop
  endfacet
  facet normal 0 0 1
    outer loop
      vertex -14.273 -54.964 2
      vertex -15.056 -57.047 2
      vertex -11.697 -56.515 2
    endloop
  endfacet
  facet normal 0 0 1
    outer loop
      vertex 5.309 32.872 2
      vertex 3.38 32.906 2
      vertex 5.204 32.069 2
    endloop
  endfacet
  facet normal -0.5622 -0.827 0
    outer loop
      vertex 7.133 33.127 0
      vertex 8.629 32.11 0
      vertex 8.629 32.11 2
    endloop
  endfacet
  facet normal -0.5622 -0.827 0
    outer loop
      vertex 7.133 33.127 0
      vertex 8.629 32.11 2
      vertex 7.133 33.127 2
    endloop
  endfacet
  facet normal -0.98287 0.18429 0
    outer loop
      vertex 4.414 -38.764 2
      vertex 4.417 -38.748 12.5
      vertex 4.417 -38.748 2
    endloop
  endfacet
  facet normal -0.96515 0.26168 0
    outer loop
      vertex 4.417 -38.748 12.5
      vertex 6.159 -32.323 12.5
      vertex 4.417 -38.748 2
    endloop
  endfacet
  facet normal -0.58439 -0.81148 0
    outer loop
      vertex -15.056 -57.047 2
      vertex -17.393 -55.364 0
      vertex -15.056 -57.047 0
    endloop
  endfacet
  facet normal 0.99156 -0.12966 0
    outer loop
      vertex 5.204 32.069 2
      vertex 5.204 32.069 0
      vertex 5.309 32.872 2
    endloop
  endfacet
  facet normal 0 0 1
    outer loop
      vertex -10.977 -55.429 2
      vertex -11.143 -53.099 2
      vertex -13.489 -53.913 2
    endloop
  endfacet
  facet normal 0.85869 -0.51249 0
    outer loop
      vertex 4.921 31.261 0
      vertex 4.921 31.261 2
      vertex 4.508 30.569 2
    endloop
  endfacet
  facet normal 0.85869 -0.51249 0
    outer loop
      vertex 4.921 31.261 0
      vertex 4.508 30.569 2
      vertex 4.508 30.569 0
    endloop
  endfacet
  facet normal 0 0 1
    outer loop
      vertex 6.449 -45.908 2
      vertex 7.531 -40.308 2
      vertex 5.203 -41.261 2
    endloop
  endfacet
  facet normal 0 0 1
    outer loop
      vertex 9.29 -33.854 2
      vertex 6.443 -36.144 2
      vertex 7.531 -40.308 2
    endloop
  endfacet
  facet normal 0.94379 -0.33056 0
    outer loop
      vertex 5.204 32.069 2
      vertex 4.921 31.261 2
      vertex 4.921 31.261 0
    endloop
  endfacet
  facet normal 0.94379 -0.33056 0
    outer loop
      vertex 5.204 32.069 2
      vertex 4.921 31.261 0
      vertex 5.204 32.069 0
    endloop
  endfacet
  facet normal 0.5167 0.85617 0
    outer loop
      vertex -13.489 -53.913 15
      vertex -10.977 -55.429 2
      vertex -13.489 -53.913 2
    endloop
  endfacet
  facet normal 0 0 1
    outer loop
      vertex 4.351 -31.679 2
      vertex 2.591 -38.129 2
      vertex 6.159 -32.323 2
    endloop
  endfacet
  facet normal -0.01757 -0.99985 0
    outer loop
      vertex 2.716 31.65 2
      vertex 2.09 31.661 15
      vertex 2.09 31.661 2
    endloop
  endfacet
  facet normal 0.98184 -0.18971 0
    outer loop
      vertex 6.449 -45.908 2
      vertex 6.449 -45.908 0
      vertex 7.531 -40.308 0
    endloop
  endfacet
  facet normal 0.98184 -0.18971 0
    outer loop
      vertex 6.449 -45.908 2
      vertex 7.531 -40.308 0
      vertex 7.531 -40.308 2
    endloop
  endfacet
  facet normal 0.96481 -0.26295 0
    outer loop
      vertex 9.29 -33.854 0
      vertex 9.29 -33.854 2
      vertex 7.531 -40.308 0
    endloop
  endfacet
  facet normal 0.96481 -0.26295 0
    outer loop
      vertex 7.531 -40.308 2
      vertex 7.531 -40.308 0
      vertex 9.29 -33.854 2
    endloop
  endfacet
  facet normal 0 0 -1
    outer loop
      vertex -1.653 -42 0
      vertex -8.507 -48 0
      vertex -4.65 -38.987 0
    endloop
  endfacet
  facet normal 0.95587 0.29377 0
    outer loop
      vertex 1.829 -36.126 0
      vertex 2.16 -37.203 12.5
      vertex 2.16 -37.203 0
    endloop
  endfacet
  facet normal -0.59501 -0.80372 0
    outer loop
      vertex -14.273 -54.964 15
      vertex -16.287 -53.473 15
      vertex -14.273 -54.964 2
    endloop
  endfacet
  facet normal 0.98115 -0.19323 0
    outer loop
      vertex 2.2 -38.462 0
      vertex 2.2 -38.462 12.5
      vertex 1.968 -39.64 0
    endloop
  endfacet
  facet normal -0.85528 0.51816 0
    outer loop
      vertex -0.051 -37.267 12.5
      vertex 0.281 -36.719 12.5
      vertex -0.051 -37.267 0
    endloop
  endfacet
  facet normal -0.85528 0.51816 0
    outer loop
      vertex 0.281 -36.719 0
      vertex -0.051 -37.267 0
      vertex 0.281 -36.719 12.5
    endloop
  endfacet
  facet normal 0 0 1
    outer loop
      vertex -16.287 -53.473 2
      vertex -17.393 -55.364 2
      vertex -14.273 -54.964 2
    endloop
  endfacet
  facet normal 0.9995 0.03176 0
    outer loop
      vertex 2.16 -37.203 12.5
      vertex 2.2 -38.462 0
      vertex 2.16 -37.203 0
    endloop
  endfacet
  facet normal 0.5376 -0.8432 0
    outer loop
      vertex 0.503 -41.1 0
      vertex 1.488 -40.472 0
      vertex 1.488 -40.472 12.5
    endloop
  endfacet
  facet normal -0.47947 -0.87756 0
    outer loop
      vertex -9.813 -60 2
      vertex -12.207 -58.692 2
      vertex -12.207 -58.692 0
    endloop
  endfacet
  facet normal -0.47947 -0.87756 0
    outer loop
      vertex -9.813 -60 2
      vertex -12.207 -58.692 0
      vertex -9.813 -60 0
    endloop
  endfacet
  facet normal 0.05135 -0.99868 0
    outer loop
      vertex -9.813 -60 2
      vertex -9.813 -60 0
      vertex -4.873 -59.746 0
    endloop
  endfacet
  facet normal 0 0 1
    outer loop
      vertex -5.654 -24.764 12.5
      vertex -4.171 -24.922 12.5
      vertex -5.824 -21.676 12.5
    endloop
  endfacet
  facet normal 0 0 1
    outer loop
      vertex -4.024 -21.242 12.5
      vertex -5.824 -21.676 12.5
      vertex -3.937 -24.613 12.5
    endloop
  endfacet
  facet normal 0.73153 -0.68181 0
    outer loop
      vertex 3.004 31.959 2
      vertex 3.004 31.959 15
      vertex 2.716 31.65 2
    endloop
  endfacet
  facet normal 0.9295 -0.36881 0
    outer loop
      vertex 3.325 32.768 2
      vertex 3.004 31.959 15
      vertex 3.004 31.959 2
    endloop
  endfacet
  facet normal 0 0 1
    outer loop
      vertex -0.823 -25.008 12.5
      vertex 0.021 -25.516 12.5
      vertex -0.633 -23.632 12.5
    endloop
  endfacet
  facet normal 0 0 1
    outer loop
      vertex -0.633 -23.632 12.5
      vertex 0.021 -25.516 12.5
      vertex 1.831 -24.835 12.5
    endloop
  endfacet
  facet normal 0 0 1
    outer loop
      vertex 4.414 -38.764 2
      vertex 2.591 -38.129 2
      vertex 3.79 -42 2
    endloop
  endfacet
  facet normal 0 0 1
    outer loop
      vertex 1.844 -42 2
      vertex 3.79 -42 2
      vertex 2.591 -38.129 2
    endloop
  endfacet
  facet normal 0 0 1
    outer loop
      vertex 4.414 -38.764 2
      vertex 4.417 -38.748 2
      vertex 2.591 -38.129 2
    endloop
  endfacet
  facet normal -0.98189 0.18948 0
    outer loop
      vertex 1.844 -42 2
      vertex 2.591 -38.129 2
      vertex 1.844 -42 0
    endloop
  endfacet
  facet normal -0.98189 0.18948 0
    outer loop
      vertex 2.591 -38.129 0
      vertex 1.844 -42 0
      vertex 2.591 -38.129 2
    endloop
  endfacet
  facet normal -0.50003 -0.86601 0
    outer loop
      vertex -15.056 -57.047 2
      vertex -15.056 -57.047 0
      vertex -12.207 -58.692 2
    endloop
  endfacet
  facet normal -0.50003 -0.86601 0
    outer loop
      vertex -12.207 -58.692 0
      vertex -12.207 -58.692 2
      vertex -15.056 -57.047 0
    endloop
  endfacet
  facet normal 0.98308 -0.18315 0.00003
    outer loop
      vertex 4.482 -45.035 15
      vertex 3.497 -50.322 15
      vertex 3.93 -48 2
    endloop
  endfacet
  facet normal 0 0 1
    outer loop
      vertex -9.12 -58 2
      vertex -9.121 -58 2
      vertex -9.813 -60 2
    endloop
  endfacet
  facet normal 0 0 1
    outer loop
      vertex -12.207 -58.692 2
      vertex -9.813 -60 2
      vertex -9.121 -58 2
    endloop
  endfacet
  facet normal 0 0 1
    outer loop
      vertex -9.121 -58 2
      vertex -11.697 -56.515 2
      vertex -12.207 -58.692 2
    endloop
  endfacet
  facet normal 0 0 1
    outer loop
      vertex -0.77 30.584 2
      vertex 0.593 30.117 2
      vertex 0 32.343 2
    endloop
  endfacet
  facet normal 0 0 1
    outer loop
      vertex 2.09 31.661 2
      vertex 0 32.343 2
      vertex 0.593 30.117 2
    endloop
  endfacet
  facet normal 0 0 1
    outer loop
      vertex 1.98 29.871 2
      vertex 3.189 29.864 2
      vertex 2.716 31.65 2
    endloop
  endfacet
  facet normal 0 0 1
    outer loop
      vertex 3.189 29.864 2
      vertex 4.018 30.112 2
      vertex 2.716 31.65 2
    endloop
  endfacet
  facet normal 0 -1 0
    outer loop
      vertex -9.121 -58 2
      vertex -9.12 -58 2
      vertex -9.12 -58 12.5
    endloop
  endfacet
  facet normal 0 0 1
    outer loop
      vertex 2.09 31.661 2
      vertex 1.98 29.871 2
      vertex 2.716 31.65 2
    endloop
  endfacet
  facet normal 0 0 1
    outer loop
      vertex 2.716 31.65 2
      vertex 4.508 30.569 2
      vertex 3.004 31.959 2
    endloop
  endfacet
  facet normal 0 0 1
    outer loop
      vertex 4.921 31.261 2
      vertex 5.204 32.069 2
      vertex 3.325 32.768 2
    endloop
  endfacet
  facet normal 0.98224 -0.18764 0
    outer loop
      vertex 5.203 -41.261 2
      vertex 5.203 -41.261 15
      vertex 4.5 -44.941 2
    endloop
  endfacet
  facet normal 0 0 1
    outer loop
      vertex 3.004 31.959 2
      vertex 4.921 31.261 2
      vertex 3.325 32.768 2
    endloop
  endfacet
  facet normal 0.05192 -0.99865 0
    outer loop
      vertex -9.12 -58 15
      vertex -9.12 -58 12.5
      vertex -6.908 -57.885 2
    endloop
  endfacet
  facet normal 0.98224 -0.18765 0
    outer loop
      vertex 4.5 -44.941 2
      vertex 5.203 -41.261 15
      vertex 4.482 -45.035 15
    endloop
  endfacet
  facet normal 0.98216 -0.18807 0
    outer loop
      vertex 4.482 -45.035 2
      vertex 4.5 -44.941 2
      vertex 4.482 -45.035 15
    endloop
  endfacet
  facet normal 0 0 1
    outer loop
      vertex 1.98 29.871 2
      vertex 2.09 31.661 2
      vertex 0.593 30.117 2
    endloop
  endfacet
  facet normal 0 0 1
    outer loop
      vertex 4.508 30.569 2
      vertex 2.716 31.65 2
      vertex 4.018 30.112 2
    endloop
  endfacet
  facet normal 0 0 1
    outer loop
      vertex 4.921 31.261 2
      vertex 3.004 31.959 2
      vertex 4.508 30.569 2
    endloop
  endfacet
  facet normal 0 0 1
    outer loop
      vertex -17.883 -33.591 12.5
      vertex -18.214 -30.983 12.5
      vertex -19.487 -31.506 12.5
    endloop
  endfacet
  facet normal -0.17464 -0.98463 0
    outer loop
      vertex 0.593 30.117 2
      vertex 0.593 30.117 0
      vertex 1.98 29.871 0
    endloop
  endfacet
  facet normal -0.17464 -0.98463 0
    outer loop
      vertex 0.593 30.117 2
      vertex 1.98 29.871 0
      vertex 1.98 29.871 2
    endloop
  endfacet
  facet normal -0.00579 -0.99998 0
    outer loop
      vertex 1.98 29.871 0
      vertex 3.189 29.864 0
      vertex 3.189 29.864 2
    endloop
  endfacet
  facet normal -0.00579 -0.99998 0
    outer loop
      vertex 1.98 29.871 0
      vertex 3.189 29.864 2
      vertex 1.98 29.871 2
    endloop
  endfacet
  facet normal 0 0 1
    outer loop
      vertex -20.326 -34.844 12.5
      vertex -19.188 -36.643 12.5
      vertex -17.522 -34.447 12.5
    endloop
  endfacet
  facet normal 0 0 1
    outer loop
      vertex -15.794 -36.425 12.5
      vertex -16.926 -35.329 12.5
      vertex -18.024 -38.136 12.5
    endloop
  endfacet
  facet normal 0.28661 -0.95805 0
    outer loop
      vertex 3.189 29.864 0
      vertex 4.018 30.112 0
      vertex 4.018 30.112 2
    endloop
  endfacet
  facet normal 0.28661 -0.95805 0
    outer loop
      vertex 3.189 29.864 0
      vertex 4.018 30.112 2
      vertex 3.189 29.864 2
    endloop
  endfacet
  facet normal -0.93781 0.34714 0
    outer loop
      vertex -33.402 -8.693 2
      vertex -33.975 -10.241 2
      vertex -33.402 -8.693 12.5
    endloop
  endfacet
  facet normal 0 0 -1
    outer loop
      vertex -8.507 -48 0
      vertex -1.653 -42 0
      vertex 0.754 -48 0
    endloop
  endfacet
  facet normal 0.68205 -0.7313 0
    outer loop
      vertex 4.508 30.569 2
      vertex 4.018 30.112 2
      vertex 4.508 30.569 0
    endloop
  endfacet
  facet normal 0.68205 -0.7313 0
    outer loop
      vertex 4.018 30.112 0
      vertex 4.508 30.569 0
      vertex 4.018 30.112 2
    endloop
  endfacet
  facet normal -0.32413 -0.94601 0
    outer loop
      vertex -0.77 30.584 2
      vertex 0.593 30.117 0
      vertex 0.593 30.117 2
    endloop
  endfacet
  facet normal 0 0 1
    outer loop
      vertex -19.632 -31.921 12.5
      vertex -19.862 -32.025 12.5
      vertex -17.883 -33.591 12.5
    endloop
  endfacet
  facet normal 0 0 1
    outer loop
      vertex -19.487 -31.506 12.5
      vertex -19.632 -31.921 12.5
      vertex -17.883 -33.591 12.5
    endloop
  endfacet
  facet normal 0 0 1
    outer loop
      vertex -19.862 -32.025 12.5
      vertex -20.326 -34.844 12.5
      vertex -17.883 -33.591 12.5
    endloop
  endfacet
  facet normal 0 0 1
    outer loop
      vertex -17.522 -34.447 12.5
      vertex -17.883 -33.591 12.5
      vertex -20.326 -34.844 12.5
    endloop
  endfacet
  facet normal 0 0 1
    outer loop
      vertex -20.192 -31.812 12.5
      vertex -20.326 -34.844 12.5
      vertex -19.862 -32.025 12.5
    endloop
  endfacet
  facet normal 0 0 1
    outer loop
      vertex -16.926 -35.329 12.5
      vertex -17.522 -34.447 12.5
      vertex -19.188 -36.643 12.5
    endloop
  endfacet
  facet normal 0 0 1
    outer loop
      vertex -18.024 -38.136 12.5
      vertex -16.926 -35.329 12.5
      vertex -19.188 -36.643 12.5
    endloop
  endfacet
  facet normal 0 0 1
    outer loop
      vertex -15.496 -40.341 12.5
      vertex -14.268 -37.494 12.5
      vertex -16.804 -39.358 12.5
    endloop
  endfacet
  facet normal -0.99575 0.09206 -0.00002
    outer loop
      vertex -33.975 -10.241 12.5
      vertex -34.164 -12.288 2
      vertex -34.165 -12.296 12.5
    endloop
  endfacet
  facet normal -0.996 0.08937 -0.00003
    outer loop
      vertex 14.861 24.874 12.5
      vertex 14.621 22.2 15
      vertex 14.863 24.897 15
    endloop
  endfacet
  facet normal 0.69559 0.71844 0
    outer loop
      vertex -15.794 -36.425 0
      vertex -16.926 -35.329 12.5
      vertex -15.794 -36.425 12.5
    endloop
  endfacet
  facet normal 0 0 -1
    outer loop
      vertex -5.824 -39.204 0
      vertex -4.65 -38.987 0
      vertex -8.507 -48 0
    endloop
  endfacet
  facet normal 0 0 -1
    outer loop
      vertex 1.844 -42 0
      vertex 0.754 -48 0
      vertex -1.653 -42 0
    endloop
  endfacet
  facet normal -0.60078 -0.79941 0
    outer loop
      vertex -16.804 -39.358 12.5
      vertex -16.804 -39.358 0
      vertex -15.496 -40.341 0
    endloop
  endfacet
  facet normal -0.60078 -0.79941 0
    outer loop
      vertex -16.804 -39.358 12.5
      vertex -15.496 -40.341 0
      vertex -15.496 -40.341 12.5
    endloop
  endfacet
  facet normal -0.84511 -0.53459 0
    outer loop
      vertex -20.326 -34.844 12.5
      vertex -19.188 -36.643 0
      vertex -19.188 -36.643 12.5
    endloop
  endfacet
  facet normal 0.98311 -0.18303 0
    outer loop
      vertex 4.482 -45.035 15
      vertex 3.93 -48 2
      vertex 4.482 -45.035 2
    endloop
  endfacet
  facet normal -0.70769 -0.70653 0
    outer loop
      vertex -18.024 -38.136 12.5
      vertex -16.804 -39.358 0
      vertex -16.804 -39.358 12.5
    endloop
  endfacet
  facet normal -0.98184 0.18972 0
    outer loop
      vertex 3.345 -44.311 15
      vertex 4.424 -38.727 15
      vertex 4.424 -38.727 12.5
    endloop
  endfacet
  facet normal -0.98184 0.18972 0
    outer loop
      vertex 3.345 -44.311 12.5
      vertex 3.345 -44.311 15
      vertex 4.424 -38.727 12.5
    endloop
  endfacet
  facet normal 0 0 -1
    outer loop
      vertex -11.507 -42 0
      vertex -8.779 -39.204 0
      vertex -8.507 -48 0
    endloop
  endfacet
  facet normal -0.78864 -0.61485 0
    outer loop
      vertex -19.188 -36.643 0
      vertex -18.024 -38.136 12.5
      vertex -19.188 -36.643 12.5
    endloop
  endfacet
  facet normal -0.98308 0.18315 0
    outer loop
      vertex 2.36 -49.598 15
      vertex 3.345 -44.311 15
      vertex 3.345 -44.311 12.5
    endloop
  endfacet
  facet normal -0.98309 0.18314 -0.00002
    outer loop
      vertex 3.345 -44.311 12.5
      vertex 2.658 -48 2
      vertex 2.36 -49.598 15
    endloop
  endfacet
  facet normal 0.99204 0.12591 0
    outer loop
      vertex -18.214 -30.983 0
      vertex -18.214 -30.983 12.5
      vertex -17.883 -33.591 0
    endloop
  endfacet
  facet normal 0 0 1
    outer loop
      vertex 4.424 -38.727 12.5
      vertex 4.417 -38.748 12.5
      vertex 3.345 -44.311 12.5
    endloop
  endfacet
  facet normal 0.69559 0.71844 0
    outer loop
      vertex -16.926 -35.329 12.5
      vertex -15.794 -36.425 0
      vertex -16.926 -35.329 0
    endloop
  endfacet
  facet normal 0.82857 0.55989 0
    outer loop
      vertex -16.926 -35.329 12.5
      vertex -16.926 -35.329 0
      vertex -17.522 -34.447 0
    endloop
  endfacet
  facet normal 0.82857 0.55989 0
    outer loop
      vertex -16.926 -35.329 12.5
      vertex -17.522 -34.447 0
      vertex -17.522 -34.447 12.5
    endloop
  endfacet
  facet normal 0.92141 0.38859 0
    outer loop
      vertex -17.883 -33.591 0
      vertex -17.883 -33.591 12.5
      vertex -17.522 -34.447 0
    endloop
  endfacet
  facet normal 0.92141 0.38859 0
    outer loop
      vertex -17.522 -34.447 12.5
      vertex -17.522 -34.447 0
      vertex -17.883 -33.591 12.5
    endloop
  endfacet
  facet normal 0 0 1
    outer loop
      vertex -33.035 -8.192 2
      vertex -36.392 -9.566 2
      vertex -33.402 -8.693 2
    endloop
  endfacet
  facet normal -0.80671 0.59094 0
    outer loop
      vertex -33.402 -8.693 12.5
      vertex -33.035 -8.192 2
      vertex -33.402 -8.693 2
    endloop
  endfacet
  facet normal 0 0 -1
    outer loop
      vertex -11.507 -42 0
      vertex -10.56 -38.987 0
      vertex -8.779 -39.204 0
    endloop
  endfacet
  facet normal 0.98817 0.15334 0
    outer loop
      vertex -36.41 -9.45 2
      vertex -36.392 -9.566 2
      vertex -36.392 -9.566 0
    endloop
  endfacet
  facet normal 0.98817 0.15334 0
    outer loop
      vertex -36.41 -9.45 2
      vertex -36.392 -9.566 0
      vertex -36.41 -9.45 0
    endloop
  endfacet
  facet normal -0.83974 0.54299 0.00001
    outer loop
      vertex 12.589 17.935 15
      vertex 12.964 18.515 12.5
      vertex 12.62 17.983 12.5
    endloop
  endfacet
  facet normal 0 0 -1
    outer loop
      vertex -7.188 -39.286 0
      vertex -8.507 -48 0
      vertex -8.779 -39.204 0
    endloop
  endfacet
  facet normal 0.87632 0.48174 0
    outer loop
      vertex -36.41 -9.45 0
      vertex -36.714 -8.897 0
      vertex -36.714 -8.897 2
    endloop
  endfacet
  facet normal 0.87632 0.48174 0
    outer loop
      vertex -36.41 -9.45 0
      vertex -36.714 -8.897 2
      vertex -36.41 -9.45 2
    endloop
  endfacet
  facet normal -0.84511 -0.53459 0
    outer loop
      vertex -20.326 -34.844 0
      vertex -19.188 -36.643 0
      vertex -20.326 -34.844 12.5
    endloop
  endfacet
  facet normal 0 0 -1
    outer loop
      vertex -8.507 -48 0
      vertex -8.675 -48.072 0
      vertex -11.507 -42 0
    endloop
  endfacet
  facet normal -0.70769 -0.70653 0
    outer loop
      vertex -18.024 -38.136 12.5
      vertex -18.024 -38.136 0
      vertex -16.804 -39.358 0
    endloop
  endfacet
  facet normal -0.84004 0.54253 0
    outer loop
      vertex 12.62 17.983 12.5
      vertex 12.589 17.935 12.5
      vertex 12.589 17.935 15
    endloop
  endfacet
  facet normal 0 0 -1
    outer loop
      vertex -12.493 -41.739 0
      vertex -12.336 -38.362 0
      vertex -11.507 -42 0
    endloop
  endfacet
  facet normal -0.8396 0.5432 0.00008
    outer loop
      vertex 12.589 17.935 15
      vertex 13.892 19.949 15
      vertex 12.964 18.515 12.5
    endloop
  endfacet
  facet normal -0.78864 -0.61485 0
    outer loop
      vertex -18.024 -38.136 12.5
      vertex -19.188 -36.643 0
      vertex -18.024 -38.136 0
    endloop
  endfacet
  facet normal 0 0 1
    outer loop
      vertex -36.714 -8.897 2
      vertex -38.371 -10.087 2
      vertex -36.41 -9.45 2
    endloop
  endfacet
  facet normal 0 0 1
    outer loop
      vertex -32.99 -12.288 2
      vertex -28.7 -11.137 2
      vertex -32.853 -10.871 2
    endloop
  endfacet
  facet normal 0 0 -1
    outer loop
      vertex -7.188 -39.286 0
      vertex -5.824 -39.204 0
      vertex -8.507 -48 0
    endloop
  endfacet
  facet normal 0.99536 -0.09623 0
    outer loop
      vertex -32.99 -12.288 2
      vertex -32.853 -10.871 2
      vertex -32.853 -10.871 12.5
    endloop
  endfacet
  facet normal 0.9282 -0.37208 -0.00003
    outer loop
      vertex -32.768 -10.658 2
      vertex -32.675 -10.426 2
      vertex -32.853 -10.871 12.5
    endloop
  endfacet
  facet normal 0 0 1
    outer loop
      vertex 12.964 18.515 12.5
      vertex 12.589 17.952 12.5
      vertex 12.62 17.983 12.5
    endloop
  endfacet
  facet normal 0 0 -1
    outer loop
      vertex -14.07 -41.124 0
      vertex -12.336 -38.362 0
      vertex -12.493 -41.739 0
    endloop
  endfacet
  facet normal 0 0 -1
    outer loop
      vertex -15.496 -40.341 0
      vertex -12.85 -38.222 0
      vertex -14.07 -41.124 0
    endloop
  endfacet
  facet normal 0 0 -1
    outer loop
      vertex -11.507 -42 0
      vertex -12.336 -38.362 0
      vertex -12.038 -38.299 0
    endloop
  endfacet
  facet normal 0 0 1
    outer loop
      vertex 12.62 17.983 12.5
      vertex 12.589 17.952 12.5
      vertex 12.589 17.935 12.5
    endloop
  endfacet
  facet normal 0.92878 -0.37064 0
    outer loop
      vertex -32.768 -10.658 2
      vertex -32.853 -10.871 12.5
      vertex -32.853 -10.871 2
    endloop
  endfacet
  facet normal -0.9609 0.27689 0
    outer loop
      vertex -48.076 7.68 15
      vertex -48.076 7.68 2
      vertex -48.346 6.743 15
    endloop
  endfacet
  facet normal 0 0 1
    outer loop
      vertex -38.178 -10.498 2
      vertex -38.11 -11.169 2
      vertex -34.164 -12.288 2
    endloop
  endfacet
  facet normal 0 0 1
    outer loop
      vertex -33.402 -8.693 2
      vertex -36.392 -9.566 2
      vertex -33.975 -10.241 2
    endloop
  endfacet
  facet normal -0.99704 0.07684 0
    outer loop
      vertex -48.346 6.743 2
      vertex -48.549 4.109 15
      vertex -48.346 6.743 15
    endloop
  endfacet
  facet normal 0.99714 0.07554 0
    outer loop
      vertex -47.19 1.608 2
      vertex -47.315 3.258 12.5
      vertex -47.19 1.608 12.5
    endloop
  endfacet
  facet normal -0.83228 0.55436 0
    outer loop
      vertex 12.964 18.515 12.5
      vertex 12.589 17.952 2
      vertex 12.589 17.952 12.5
    endloop
  endfacet
  facet normal 0 0 1
    outer loop
      vertex -33.975 -10.241 2
      vertex -36.392 -9.566 2
      vertex -34.164 -12.288 2
    endloop
  endfacet
  facet normal 0 0 -1
    outer loop
      vertex -16.966 -48 0
      vertex -11.507 -42 0
      vertex -9.04 -48 0
    endloop
  endfacet
  facet normal -0.99576 0.09194 0
    outer loop
      vertex -33.975 -10.241 12.5
      vertex -33.975 -10.241 2
      vertex -34.164 -12.288 2
    endloop
  endfacet
  facet normal 0.75971 0.65026 0
    outer loop
      vertex -26.246 -40.834 15
      vertex -26.246 -40.834 2
      vertex -28.979 -37.641 15
    endloop
  endfacet
  facet normal -0.996 0.08939 0
    outer loop
      vertex 14.621 22.2 15
      vertex 14.861 24.874 12.5
      vertex 14.621 22.2 2
    endloop
  endfacet
  facet normal 0.81923 0.57346 -0.00017
    outer loop
      vertex -32.663 -32.768 2
      vertex -32.768 -32.618 2
      vertex -32.024 -33.677 15
    endloop
  endfacet
  facet normal 0.9949 0.10082 0
    outer loop
      vertex -38.11 -11.169 2
      vertex -38.178 -10.498 2
      vertex -38.178 -10.498 15
    endloop
  endfacet
  facet normal -0.83954 0.5433 0
    outer loop
      vertex 13.892 19.949 15
      vertex 13.892 19.949 2
      vertex 12.964 18.515 12.5
    endloop
  endfacet
  facet normal 0.81809 0.57509 0
    outer loop
      vertex -32.024 -33.677 15
      vertex -32.024 -33.677 2
      vertex -32.663 -32.768 2
    endloop
  endfacet
  facet normal 0 0 -1
    outer loop
      vertex -9.04 -48 0
      vertex -11.507 -42 0
      vertex -8.675 -48.072 0
    endloop
  endfacet
  facet normal 0.79303 0.60918 0
    outer loop
      vertex -28.979 -37.641 15
      vertex -28.979 -37.641 2
      vertex -32.024 -33.677 15
    endloop
  endfacet
  facet normal -0.92901 0.37006 0
    outer loop
      vertex 14.323 21.031 2
      vertex 13.892 19.949 15
      vertex 14.323 21.031 15
    endloop
  endfacet
  facet normal -0.79348 -0.60859 0
    outer loop
      vertex -30.195 -38.262 2
      vertex -30.116 -38.365 2
      vertex -30.116 -38.365 15
    endloop
  endfacet
  facet normal -0.96901 0.24702 0
    outer loop
      vertex 14.621 22.2 15
      vertex 14.621 22.2 2
      vertex 14.323 21.031 15
    endloop
  endfacet
  facet normal 0 0 -1
    outer loop
      vertex -0.354 -53.149 0
      vertex 0.028 -51.683 0
      vertex 4.929 -54.552 0
    endloop
  endfacet
  facet normal -0.83228 0.55436 0
    outer loop
      vertex 12.964 18.515 12.5
      vertex 12.964 18.515 2
      vertex 12.589 17.952 2
    endloop
  endfacet
  facet normal 0 0 -1
    outer loop
      vertex 5.461 -51.21 0
      vertex 4.929 -54.552 0
      vertex 0.028 -51.683 0
    endloop
  endfacet
  facet normal -0.99601 0.08929 0.00003
    outer loop
      vertex 14.621 22.2 2
      vertex 14.861 24.874 12.5
      vertex 14.834 24.576 2
    endloop
  endfacet
  facet normal 0 0 -1
    outer loop
      vertex -1.178 -54.093 0
      vertex -0.699 -53.678 0
      vertex 2.894 -57.929 0
    endloop
  endfacet
  facet normal -0.75967 -0.6503 0
    outer loop
      vertex -30.116 -38.365 15
      vertex -30.116 -38.365 2
      vertex -27.922 -40.928 2
    endloop
  endfacet
  facet normal 0.87138 -0.49061 -0.00001
    outer loop
      vertex 15.142 19.532 15
      vertex 14.012 17.525 15
      vertex 14.237 17.925 2
    endloop
  endfacet
  facet normal 0 0 -1
    outer loop
      vertex -0.699 -53.678 0
      vertex -0.354 -53.149 0
      vertex 3.985 -56.881 0
    endloop
  endfacet
  facet normal -0.5743 0.81864 -0.00002
    outer loop
      vertex -39.006 -10.349 15
      vertex -39.091 -10.409 2
      vertex -39.924 -10.993 15
    endloop
  endfacet
  facet normal 0.79172 0.61088 0
    outer loop
      vertex -30.444 -32.478 2
      vertex -27.414 -36.405 2
      vertex -27.414 -36.405 0
    endloop
  endfacet
  facet normal -0.57406 0.81882 0
    outer loop
      vertex -39.924 -10.993 15
      vertex -39.091 -10.409 2
      vertex -39.924 -10.993 2
    endloop
  endfacet
  facet normal -0.96901 0.24702 0
    outer loop
      vertex 14.323 21.031 2
      vertex 14.323 21.031 15
      vertex 14.621 22.2 2
    endloop
  endfacet
  facet normal -0.99736 -0.07257 0
    outer loop
      vertex -48.549 4.109 2
      vertex -48.304 0.742 15
      vertex -48.549 4.109 15
    endloop
  endfacet
  facet normal 0 0 1
    outer loop
      vertex -30.444 -32.478 2
      vertex -32.024 -33.677 2
      vertex -27.414 -36.405 2
    endloop
  endfacet
  facet normal 0 0 1
    outer loop
      vertex -32.768 -32.618 2
      vertex -32.663 -32.768 2
      vertex -30.444 -32.478 2
    endloop
  endfacet
  facet normal -0.99736 -0.07257 0
    outer loop
      vertex -48.304 0.742 2
      vertex -48.304 0.742 15
      vertex -48.549 4.109 2
    endloop
  endfacet
  facet normal -0.39802 0.91738 0
    outer loop
      vertex -40.584 -11.507 2
      vertex -40.773 -11.589 2
      vertex -40.584 -11.507 15
    endloop
  endfacet
  facet normal -0.61444 0.78897 0
    outer loop
      vertex -39.924 -10.993 2
      vertex -40.584 -11.507 2
      vertex -40.584 -11.507 15
    endloop
  endfacet
  facet normal 0.99705 -0.07672 0
    outer loop
      vertex 15.783 21.859 2
      vertex 16 24.679 2
      vertex 15.783 21.859 15
    endloop
  endfacet
  facet normal 0 0 -1
    outer loop
      vertex 2.894 -57.929 0
      vertex 1.472 -58.801 0
      vertex -1.178 -54.093 0
    endloop
  endfacet
  facet normal 0 0 -1
    outer loop
      vertex 4.683 -55.732 0
      vertex 3.985 -56.881 0
      vertex -0.354 -53.149 0
    endloop
  endfacet
  facet normal 0 0 -1
    outer loop
      vertex 4.929 -54.552 0
      vertex 4.683 -55.732 0
      vertex -0.354 -53.149 0
    endloop
  endfacet
  facet normal 0 0 -1
    outer loop
      vertex 3.985 -56.881 0
      vertex 2.894 -57.929 0
      vertex -0.699 -53.678 0
    endloop
  endfacet
  facet normal 0.79303 0.60918 0
    outer loop
      vertex -32.024 -33.677 2
      vertex -32.024 -33.677 15
      vertex -28.979 -37.641 2
    endloop
  endfacet
  facet normal -0.79298 -0.60924 -0.00001
    outer loop
      vertex -32.768 -34.913 2
      vertex -30.195 -38.262 2
      vertex -30.116 -38.365 15
    endloop
  endfacet
  facet normal 0 0 -1
    outer loop
      vertex 1.472 -58.801 0
      vertex 0.545 -59.154 0
      vertex -1.178 -54.093 0
    endloop
  endfacet
  facet normal -0.79303 -0.60918 0.00002
    outer loop
      vertex -33.161 -34.401 15
      vertex -32.768 -34.913 2
      vertex -30.116 -38.365 15
    endloop
  endfacet
  facet normal 0 0 1
    outer loop
      vertex 14.834 24.576 2
      vertex 12.8 22.985 2
      vertex 14.621 22.2 2
    endloop
  endfacet
  facet normal 0 0 1
    outer loop
      vertex 14.323 21.031 2
      vertex 14.621 22.2 2
      vertex 12.8 22.985 2
    endloop
  endfacet
  facet normal 0 0 1
    outer loop
      vertex 13.033 25.136 2
      vertex 12.8 22.985 2
      vertex 14.834 24.576 2
    endloop
  endfacet
  facet normal 0 0 1
    outer loop
      vertex 12.8 22.985 2
      vertex 12.225 21.105 2
      vertex 14.323 21.031 2
    endloop
  endfacet
  facet normal -0.39333 0.9194 0.00006
    outer loop
      vertex -40.96 -11.669 2
      vertex -41.047 -11.707 15
      vertex -40.773 -11.589 2
    endloop
  endfacet
  facet normal 0 0 1
    outer loop
      vertex -32.024 -33.677 2
      vertex -30.444 -32.478 2
      vertex -32.663 -32.768 2
    endloop
  endfacet
  facet normal 0 0 1
    outer loop
      vertex -28.979 -37.641 2
      vertex -27.414 -36.405 2
      vertex -32.024 -33.677 2
    endloop
  endfacet
  facet normal 0 0 -1
    outer loop
      vertex -2.643 -54.65 0
      vertex -1.178 -54.093 0
      vertex -0.703 -59.41 0
    endloop
  endfacet
  facet normal 0 0 1
    outer loop
      vertex 17.504 19.675 2
      vertex 17.824 20.891 2
      vertex 15.783 21.859 2
    endloop
  endfacet
  facet normal 0 0 1
    outer loop
      vertex 16 24.679 2
      vertex 15.783 21.859 2
      vertex 18 24.737 2
    endloop
  endfacet
  facet normal 0 0 1
    outer loop
      vertex 17.824 20.891 2
      vertex 18 24.737 2
      vertex 15.783 21.859 2
    endloop
  endfacet
  facet normal 0.47926 0.87767 0
    outer loop
      vertex -37.474 -8.482 2
      vertex -36.714 -8.897 2
      vertex -37.474 -8.482 0
    endloop
  endfacet
  facet normal 0.47926 0.87767 0
    outer loop
      vertex -36.714 -8.897 0
      vertex -37.474 -8.482 0
      vertex -36.714 -8.897 2
    endloop
  endfacet
  facet normal 0.14102 0.99001 0
    outer loop
      vertex -37.474 -8.482 0
      vertex -38.513 -8.334 0
      vertex -38.513 -8.334 2
    endloop
  endfacet
  facet normal 0.14102 0.99001 0
    outer loop
      vertex -37.474 -8.482 0
      vertex -38.513 -8.334 2
      vertex -37.474 -8.482 2
    endloop
  endfacet
  facet normal -0.95627 0.29248 0
    outer loop
      vertex 12.8 22.985 0
      vertex 12.225 21.105 0
      vertex 12.225 21.105 2
    endloop
  endfacet
  facet normal -0.95627 0.29248 0
    outer loop
      vertex 12.8 22.985 0
      vertex 12.225 21.105 2
      vertex 12.8 22.985 2
    endloop
  endfacet
  facet normal 0.75971 0.65026 0
    outer loop
      vertex -26.246 -40.834 2
      vertex -28.979 -37.641 2
      vertex -28.979 -37.641 15
    endloop
  endfacet
  facet normal -0.99418 0.10769 0
    outer loop
      vertex 12.8 22.985 2
      vertex 13.033 25.136 2
      vertex 12.8 22.985 0
    endloop
  endfacet
  facet normal -0.99418 0.10769 0
    outer loop
      vertex 13.033 25.136 0
      vertex 12.8 22.985 0
      vertex 13.033 25.136 2
    endloop
  endfacet
  facet normal -0.11203 0.9937 0
    outer loop
      vertex -38.513 -8.334 0
      vertex -39.604 -8.457 0
      vertex -38.513 -8.334 2
    endloop
  endfacet
  facet normal -0.11203 0.9937 0
    outer loop
      vertex -39.604 -8.457 2
      vertex -38.513 -8.334 2
      vertex -39.604 -8.457 0
    endloop
  endfacet
  facet normal 0.86816 -0.49629 0
    outer loop
      vertex 15.867 16.51 2
      vertex 15.867 16.51 0
      vertex 16.936 18.38 2
    endloop
  endfacet
  facet normal 0.99317 -0.11666 0
    outer loop
      vertex -44.023 9.119 2
      vertex -44.136 8.157 2
      vertex -44.136 8.157 0
    endloop
  endfacet
  facet normal -0.4053 0.91418 0
    outer loop
      vertex -39.604 -8.457 0
      vertex -40.513 -8.86 0
      vertex -40.513 -8.86 2
    endloop
  endfacet
  facet normal -0.4053 0.91418 0
    outer loop
      vertex -39.604 -8.457 0
      vertex -40.513 -8.86 2
      vertex -39.604 -8.457 2
    endloop
  endfacet
  facet normal 0.90259 -0.43051 0
    outer loop
      vertex -44.41 7.234 0
      vertex -44.41 7.234 2
      vertex -44.845 6.322 2
    endloop
  endfacet
  facet normal 0.90259 -0.43051 0
    outer loop
      vertex -44.41 7.234 0
      vertex -44.845 6.322 2
      vertex -44.845 6.322 0
    endloop
  endfacet
  facet normal 0 0 1
    outer loop
      vertex 15.867 16.51 2
      vertex 14.012 17.525 2
      vertex 14.77 15.075 2
    endloop
  endfacet
  facet normal 0 0 1
    outer loop
      vertex 16.936 18.38 2
      vertex 14.237 17.925 2
      vertex 15.867 16.51 2
    endloop
  endfacet
  facet normal -0.48301 0.87562 0
    outer loop
      vertex -40.513 -8.86 0
      vertex -41.501 -9.405 0
      vertex -41.501 -9.405 2
    endloop
  endfacet
  facet normal -0.48301 0.87562 0
    outer loop
      vertex -40.513 -8.86 0
      vertex -41.501 -9.405 2
      vertex -40.513 -8.86 2
    endloop
  endfacet
  facet normal 0.79445 -0.60733 0
    outer loop
      vertex 14.77 15.075 2
      vertex 15.867 16.51 0
      vertex 15.867 16.51 2
    endloop
  endfacet
  facet normal 0 0 1
    outer loop
      vertex -37.474 -8.482 2
      vertex -38.371 -10.087 2
      vertex -36.714 -8.897 2
    endloop
  endfacet
  facet normal 0 0 1
    outer loop
      vertex -38.513 -8.334 2
      vertex -38.371 -10.087 2
      vertex -37.474 -8.482 2
    endloop
  endfacet
  facet normal 0.90517 0.42505 0
    outer loop
      vertex -38.371 -10.087 2
      vertex -38.371 -10.087 15
      vertex -38.178 -10.498 15
    endloop
  endfacet
  facet normal 0.87133 -0.4907 0
    outer loop
      vertex 15.142 19.532 2
      vertex 15.142 19.532 15
      vertex 14.237 17.925 2
    endloop
  endfacet
  facet normal 0.96409 -0.26557 0
    outer loop
      vertex 15.783 21.859 15
      vertex 15.142 19.532 15
      vertex 15.142 19.532 2
    endloop
  endfacet
  facet normal 0.96409 -0.26557 0
    outer loop
      vertex 15.783 21.859 15
      vertex 15.142 19.532 2
      vertex 15.783 21.859 2
    endloop
  endfacet
  facet normal 0 0 1
    outer loop
      vertex -24.745 -39.515 2
      vertex -27.414 -36.405 2
      vertex -26.246 -40.834 2
    endloop
  endfacet
  facet normal 0 0 1
    outer loop
      vertex -28.979 -37.641 2
      vertex -26.246 -40.834 2
      vertex -27.414 -36.405 2
    endloop
  endfacet
  facet normal 0 0 1
    outer loop
      vertex -41.501 -9.405 2
      vertex -39.924 -10.993 2
      vertex -40.513 -8.86 2
    endloop
  endfacet
  facet normal 0 0 1
    outer loop
      vertex -40.513 -8.86 2
      vertex -39.006 -10.349 2
      vertex -39.604 -8.457 2
    endloop
  endfacet
  facet normal 0 0 1
    outer loop
      vertex -38.513 -8.334 2
      vertex -39.604 -8.457 2
      vertex -38.371 -10.087 2
    endloop
  endfacet
  facet normal 0 0 1
    outer loop
      vertex 14.237 17.925 2
      vertex 16.936 18.38 2
      vertex 15.142 19.532 2
    endloop
  endfacet
  facet normal 0 0 1
    outer loop
      vertex 14.012 17.525 2
      vertex 15.867 16.51 2
      vertex 14.237 17.925 2
    endloop
  endfacet
  facet normal 0 0 -1
    outer loop
      vertex -4.949 -54.951 0
      vertex -2.643 -54.65 0
      vertex -4.873 -59.746 0
    endloop
  endfacet
  facet normal 0 0 1
    outer loop
      vertex -27.922 -40.928 2
      vertex -30.116 -38.365 2
      vertex -31.733 -39.872 2
    endloop
  endfacet
  facet normal 0 0 1
    outer loop
      vertex -30.195 -38.262 2
      vertex -32.768 -34.913 2
      vertex -31.733 -39.872 2
    endloop
  endfacet
  facet normal 0 0 1
    outer loop
      vertex -34.8 -35.856 2
      vertex -31.733 -39.872 2
      vertex -32.768 -34.913 2
    endloop
  endfacet
  facet normal 0 0 1
    outer loop
      vertex 16.936 18.38 2
      vertex 17.504 19.675 2
      vertex 15.142 19.532 2
    endloop
  endfacet
  facet normal 0.87158 -0.49026 0
    outer loop
      vertex 14.012 17.525 15
      vertex 14.012 17.525 2
      vertex 14.237 17.925 2
    endloop
  endfacet
  facet normal 0 0 1
    outer loop
      vertex -34.165 -12.296 2
      vertex -34.164 -12.288 2
      vertex -38.049 -11.771 2
    endloop
  endfacet
  facet normal 0 0 1
    outer loop
      vertex -36.41 -9.45 2
      vertex -38.371 -10.087 2
      vertex -36.392 -9.566 2
    endloop
  endfacet
  facet normal 0 0 1
    outer loop
      vertex -30.116 -38.365 2
      vertex -30.195 -38.262 2
      vertex -31.733 -39.872 2
    endloop
  endfacet
  facet normal 0 0 1
    outer loop
      vertex -31.733 -39.872 2
      vertex -28.925 -43.147 2
      vertex -27.922 -40.928 2
    endloop
  endfacet
  facet normal 0 0 -1
    outer loop
      vertex -0.703 -59.41 0
      vertex -4.873 -59.746 0
      vertex -2.643 -54.65 0
    endloop
  endfacet
  facet normal -0.83954 0.5433 0
    outer loop
      vertex 12.964 18.515 2
      vertex 12.964 18.515 12.5
      vertex 13.892 19.949 2
    endloop
  endfacet
  facet normal 0.75886 0.65125 0
    outer loop
      vertex -27.414 -36.405 2
      vertex -24.745 -39.515 2
      vertex -27.414 -36.405 0
    endloop
  endfacet
  facet normal 0.75886 0.65125 0
    outer loop
      vertex -24.745 -39.515 0
      vertex -27.414 -36.405 0
      vertex -24.745 -39.515 2
    endloop
  endfacet
  facet normal 0 0 -1
    outer loop
      vertex 0.545 -59.154 0
      vertex -0.703 -59.41 0
      vertex -1.178 -54.093 0
    endloop
  endfacet
  facet normal 0.73951 0.67315 0
    outer loop
      vertex -24.745 -39.515 2
      vertex -22.483 -42 0
      vertex -24.745 -39.515 0
    endloop
  endfacet
  facet normal -0.92901 0.37006 0
    outer loop
      vertex 13.892 19.949 2
      vertex 13.892 19.949 15
      vertex 14.323 21.031 2
    endloop
  endfacet
  facet normal 0 0 1
    outer loop
      vertex 14.323 21.031 2
      vertex 12.225 21.105 2
      vertex 13.892 19.949 2
    endloop
  endfacet
  facet normal 0 0 1
    outer loop
      vertex 12.964 18.515 2
      vertex 13.892 19.949 2
      vertex 12.225 21.105 2
    endloop
  endfacet
  facet normal 0 0 1
    outer loop
      vertex 12.225 21.105 2
      vertex 11.042 19.348 2
      vertex 12.964 18.515 2
    endloop
  endfacet
  facet normal -0.79475 -0.60694 0
    outer loop
      vertex -34.8 -35.856 0
      vertex -31.733 -39.872 0
      vertex -31.733 -39.872 2
    endloop
  endfacet
  facet normal -0.79475 -0.60694 0
    outer loop
      vertex -34.8 -35.856 0
      vertex -31.733 -39.872 2
      vertex -34.8 -35.856 2
    endloop
  endfacet
  facet normal 0 0 1
    outer loop
      vertex -38.178 -10.498 2
      vertex -36.392 -9.566 2
      vertex -38.371 -10.087 2
    endloop
  endfacet
  facet normal 0 0 1
    outer loop
      vertex -38.11 -11.169 2
      vertex -38.049 -11.771 2
      vertex -34.164 -12.288 2
    endloop
  endfacet
  facet normal 0 0 1
    outer loop
      vertex 15.783 21.859 2
      vertex 15.142 19.532 2
      vertex 17.504 19.675 2
    endloop
  endfacet
  facet normal 0.70711 0.70711 0
    outer loop
      vertex -19.692 -48.005 15
      vertex -19.692 -48.005 2
      vertex -19.697 -48 2
    endloop
  endfacet
  facet normal 0.90517 0.42505 0
    outer loop
      vertex -38.178 -10.498 15
      vertex -38.178 -10.498 2
      vertex -38.371 -10.087 2
    endloop
  endfacet
  facet normal 0 0 1
    outer loop
      vertex 9.147 17.4 2
      vertex 10.582 15.952 2
      vertex 11.042 19.348 2
    endloop
  endfacet
  facet normal 0 0 1
    outer loop
      vertex 12.589 17.952 2
      vertex 12.964 18.515 2
      vertex 11.042 19.348 2
    endloop
  endfacet
  facet normal -0.71679 0.69729 0
    outer loop
      vertex 11.042 19.348 0
      vertex 9.147 17.4 0
      vertex 9.147 17.4 2
    endloop
  endfacet
  facet normal -0.71679 0.69729 0
    outer loop
      vertex 11.042 19.348 0
      vertex 9.147 17.4 2
      vertex 11.042 19.348 2
    endloop
  endfacet
  facet normal 0 0 1
    outer loop
      vertex -38.371 -10.087 2
      vertex -39.604 -8.457 2
      vertex -39.006 -10.349 2
    endloop
  endfacet
  facet normal -0.38141 0.92441 0
    outer loop
      vertex -38.371 -10.087 2
      vertex -39.006 -10.349 2
      vertex -39.006 -10.349 15
    endloop
  endfacet
  facet normal -0.8295 0.55851 0
    outer loop
      vertex 11.042 19.348 2
      vertex 12.225 21.105 2
      vertex 11.042 19.348 0
    endloop
  endfacet
  facet normal -0.8295 0.55851 0
    outer loop
      vertex 12.225 21.105 0
      vertex 11.042 19.348 0
      vertex 12.225 21.105 2
    endloop
  endfacet
  facet normal 0 0 1
    outer loop
      vertex 8.192 14.101 2
      vertex 8.528 14.31 2
      vertex 7.29 15.484 2
    endloop
  endfacet
  facet normal -0.71808 0.69596 0
    outer loop
      vertex 7.29 15.484 2
      vertex 9.147 17.4 2
      vertex 7.29 15.484 0
    endloop
  endfacet
  facet normal -0.71808 0.69596 0
    outer loop
      vertex 9.147 17.4 0
      vertex 7.29 15.484 0
      vertex 9.147 17.4 2
    endloop
  endfacet
  facet normal 0 0 1
    outer loop
      vertex -41.501 -9.405 2
      vertex -40.96 -11.669 2
      vertex -40.773 -11.589 2
    endloop
  endfacet
  facet normal 0 0 1
    outer loop
      vertex -39.091 -10.409 2
      vertex -40.513 -8.86 2
      vertex -39.924 -10.993 2
    endloop
  endfacet
  facet normal 0 0 1
    outer loop
      vertex -39.006 -10.349 2
      vertex -40.513 -8.86 2
      vertex -39.091 -10.409 2
    endloop
  endfacet
  facet normal 0.74125 -0.67123 0
    outer loop
      vertex 12.325 15.662 15
      vertex 14.012 17.525 2
      vertex 14.012 17.525 15
    endloop
  endfacet
  facet normal -0.57668 0.81697 0
    outer loop
      vertex -39.006 -10.349 2
      vertex -39.091 -10.409 2
      vertex -39.006 -10.349 15
    endloop
  endfacet
  facet normal 0 0 -1
    outer loop
      vertex -11.143 -53.099 0
      vertex -7.837 -55.169 0
      vertex -12.207 -58.692 0
    endloop
  endfacet
  facet normal 0 0 -1
    outer loop
      vertex -12.207 -58.692 0
      vertex -7.837 -55.169 0
      vertex -9.813 -60 0
    endloop
  endfacet
  facet normal -0.68266 0.73073 0
    outer loop
      vertex 10.62 15.952 12.5
      vertex 8.963 14.404 12.5
      vertex 8.963 14.404 15
    endloop
  endfacet
  facet normal -0.68266 0.73073 0
    outer loop
      vertex 10.62 15.952 12.5
      vertex 8.963 14.404 15
      vertex 10.62 15.952 15
    endloop
  endfacet
  facet normal -0.73944 -0.67323 -0.00002
    outer loop
      vertex -20.79 -48.801 15
      vertex -24 -45.275 2
      vertex -21.519 -48 2
    endloop
  endfacet
  facet normal 0 0 1
    outer loop
      vertex -40.773 -11.589 2
      vertex -40.584 -11.507 2
      vertex -41.501 -9.405 2
    endloop
  endfacet
  facet normal 0 0 1
    outer loop
      vertex -39.924 -10.993 2
      vertex -41.501 -9.405 2
      vertex -40.584 -11.507 2
    endloop
  endfacet
  facet normal -0.77294 0.63449 0
    outer loop
      vertex 8.963 14.404 12.5
      vertex 8.271 13.561 15
      vertex 8.963 14.404 15
    endloop
  endfacet
  facet normal -0.70952 0.70469 0
    outer loop
      vertex 10.766 16.099 12.5
      vertex 10.62 15.952 12.5
      vertex 10.62 15.952 15
    endloop
  endfacet
  facet normal 0 0 -1
    outer loop
      vertex -11.143 -53.099 0
      vertex -15.056 -57.047 0
      vertex -12.925 -51.876 0
    endloop
  endfacet
  facet normal -0.70961 0.70459 0
    outer loop
      vertex 12.589 17.935 15
      vertex 12.589 17.935 12.5
      vertex 10.766 16.099 12.5
    endloop
  endfacet
  facet normal -0.70961 0.7046 -0.00001
    outer loop
      vertex 12.589 17.935 15
      vertex 10.766 16.099 12.5
      vertex 10.62 15.952 15
    endloop
  endfacet
  facet normal 0 0 -1
    outer loop
      vertex -12.207 -58.692 0
      vertex -15.056 -57.047 0
      vertex -11.143 -53.099 0
    endloop
  endfacet
  facet normal 0 0 -1
    outer loop
      vertex -17.393 -55.364 0
      vertex -12.925 -51.876 0
      vertex -15.056 -57.047 0
    endloop
  endfacet
  facet normal 0 0 -1
    outer loop
      vertex -12.925 -51.876 0
      vertex -17.393 -55.364 0
      vertex -14.51 -50.566 0
    endloop
  endfacet
  facet normal -0.73951 -0.67315 0.00002
    outer loop
      vertex -27.383 -41.558 15
      vertex -24 -45.275 2
      vertex -20.79 -48.801 15
    endloop
  endfacet
  facet normal 0 0 1
    outer loop
      vertex -11.507 -42 2
      vertex -22.483 -42 2
      vertex -16.966 -48 2
    endloop
  endfacet
  facet normal -0.38141 0.92441 0
    outer loop
      vertex -39.006 -10.349 15
      vertex -38.371 -10.087 15
      vertex -38.371 -10.087 2
    endloop
  endfacet
  facet normal 0 0 1
    outer loop
      vertex 10.582 15.952 12.5
      vertex 8.528 14.31 12.5
      vertex 8.963 14.404 12.5
    endloop
  endfacet
  facet normal 0 0 -1
    outer loop
      vertex -4.949 -54.951 0
      vertex -4.873 -59.746 0
      vertex -7.837 -55.169 0
    endloop
  endfacet
  facet normal 0 0 -1
    outer loop
      vertex -9.813 -60 0
      vertex -7.837 -55.169 0
      vertex -4.873 -59.746 0
    endloop
  endfacet
  facet normal 0 1 0
    outer loop
      vertex -11.507 -42 0
      vertex -22.483 -42 0
      vertex -22.483 -42 2
    endloop
  endfacet
  facet normal 0 0 1
    outer loop
      vertex 8.963 14.404 12.5
      vertex 10.62 15.952 12.5
      vertex 10.582 15.952 12.5
    endloop
  endfacet
  facet normal 0 0 1
    outer loop
      vertex 10.62 15.952 12.5
      vertex 10.766 16.099 12.5
      vertex 10.582 15.952 12.5
    endloop
  endfacet
  facet normal 0 0 1
    outer loop
      vertex 12.589 17.935 12.5
      vertex 12.589 17.952 12.5
      vertex 10.766 16.099 12.5
    endloop
  endfacet
  facet normal 0 0 1
    outer loop
      vertex 10.582 15.952 12.5
      vertex 10.766 16.099 12.5
      vertex 12.589 17.952 12.5
    endloop
  endfacet
  facet normal 0.73951 0.67315 0
    outer loop
      vertex -22.483 -42 2
      vertex -22.483 -42 0
      vertex -24.745 -39.515 2
    endloop
  endfacet
  facet normal 0 0 -1
    outer loop
      vertex -16.804 -39.358 0
      vertex -18.024 -38.136 0
      vertex -15.794 -36.425 0
    endloop
  endfacet
  facet normal 0.73815 0.67464 0.00002
    outer loop
      vertex -24 -43.291 2
      vertex -26.246 -40.834 15
      vertex -19.692 -48.005 15
    endloop
  endfacet
  facet normal -0.70587 0.70834 0
    outer loop
      vertex 12.589 17.952 2
      vertex 10.582 15.952 12.5
      vertex 12.589 17.952 12.5
    endloop
  endfacet
  facet normal 0.95865 -0.28458 0
    outer loop
      vertex -44.41 7.234 0
      vertex -44.136 8.157 0
      vertex -44.41 7.234 2
    endloop
  endfacet
  facet normal 0.95865 -0.28458 0
    outer loop
      vertex -44.136 8.157 2
      vertex -44.41 7.234 2
      vertex -44.136 8.157 0
    endloop
  endfacet
  facet normal -0.36565 -0.93075 0
    outer loop
      vertex -33.597 -14.795 2
      vertex -33.597 -14.795 12.5
      vertex -33.877 -14.685 12.5
    endloop
  endfacet
  facet normal -0.73955 -0.6731 0
    outer loop
      vertex -27.383 -41.558 2
      vertex -24 -45.275 2
      vertex -27.383 -41.558 15
    endloop
  endfacet
  facet normal 0 0 1
    outer loop
      vertex 6.376 12.973 12.5
      vertex 6.722 11.502 12.5
      vertex 8.271 13.561 12.5
    endloop
  endfacet
  facet normal 0.33229 -0.94318 0
    outer loop
      vertex -33.597 -14.795 12.5
      vertex -33.597 -14.795 2
      vertex -33.316 -14.696 12.5
    endloop
  endfacet
  facet normal 0 0 1
    outer loop
      vertex -44.984 9.118 2
      vertex -45.056 9.081 2
      vertex -44.136 8.157 2
    endloop
  endfacet
  facet normal 0 0 1
    outer loop
      vertex -44.023 9.119 2
      vertex -44.984 9.118 2
      vertex -44.136 8.157 2
    endloop
  endfacet
  facet normal 0 0 1
    outer loop
      vertex -24.745 -39.515 2
      vertex -24 -43.291 2
      vertex -22.483 -42 2
    endloop
  endfacet
  facet normal -0.76339 -0.64594 0
    outer loop
      vertex 8.271 13.561 15
      vertex 8.271 13.561 12.5
      vertex 8.612 13.158 12.5
    endloop
  endfacet
  facet normal -0.76339 -0.64594 0
    outer loop
      vertex 8.271 13.561 15
      vertex 8.612 13.158 12.5
      vertex 8.612 13.158 15
    endloop
  endfacet
  facet normal -0.47575 -0.87958 0
    outer loop
      vertex 8.612 13.158 12.5
      vertex 9.407 12.728 12.5
      vertex 9.407 12.728 15
    endloop
  endfacet
  facet normal -0.47575 -0.87958 0
    outer loop
      vertex 8.612 13.158 12.5
      vertex 9.407 12.728 15
      vertex 8.612 13.158 15
    endloop
  endfacet
  facet normal -0.6298 -0.77676 0
    outer loop
      vertex 10.263 12.288 12.5
      vertex 10.226 12.318 15
      vertex 10.226 12.318 12.5
    endloop
  endfacet
  facet normal 0.72242 0.69145 0
    outer loop
      vertex -16.966 -48 2
      vertex -14.51 -50.566 2
      vertex -16.966 -48 0
    endloop
  endfacet
  facet normal -0.44765 -0.89421 0
    outer loop
      vertex 9.407 12.728 12.5
      vertex 10.226 12.318 12.5
      vertex 10.226 12.318 15
    endloop
  endfacet
  facet normal -0.44765 -0.89421 0
    outer loop
      vertex 9.407 12.728 12.5
      vertex 10.226 12.318 15
      vertex 9.407 12.728 15
    endloop
  endfacet
  facet normal 0.86436 -0.50288 0
    outer loop
      vertex -46.39 7.793 2
      vertex -46.799 7.09 12.5
      vertex -46.799 7.09 2
    endloop
  endfacet
  facet normal 0 0 1
    outer loop
      vertex -19.692 -48.005 2
      vertex -17.264 -50.703 2
      vertex -16.966 -48 2
    endloop
  endfacet
  facet normal 0 0 1
    outer loop
      vertex -19.697 -48 2
      vertex -19.692 -48.005 2
      vertex -16.966 -48 2
    endloop
  endfacet
  facet normal 0.99538 -0.09605 -0.00003
    outer loop
      vertex -32.99 -12.288 2
      vertex -32.853 -10.871 12.5
      vertex -33.029 -12.695 12.5
    endloop
  endfacet
  facet normal 0.86457 -0.50251 0.00003
    outer loop
      vertex -46.341 7.878 12.5
      vertex -46.799 7.09 12.5
      vertex -46.39 7.793 2
    endloop
  endfacet
  facet normal 0.74332 0.66893 0
    outer loop
      vertex -17.264 -50.703 15
      vertex -17.264 -50.703 2
      vertex -19.692 -48.005 2
    endloop
  endfacet
  facet normal 0.99544 -0.09539 0
    outer loop
      vertex -33.029 -12.695 2
      vertex -32.99 -12.288 2
      vertex -33.029 -12.695 12.5
    endloop
  endfacet
  facet normal 0.99769 -0.06787 0
    outer loop
      vertex -33.142 -14.356 12.5
      vertex -33.142 -14.356 2
      vertex -33.029 -12.695 12.5
    endloop
  endfacet
  facet normal -0.77294 0.63449 0
    outer loop
      vertex 8.963 14.404 12.5
      vertex 8.271 13.561 12.5
      vertex 8.271 13.561 15
    endloop
  endfacet
  facet normal 0 0 -1
    outer loop
      vertex -18.024 -38.136 0
      vertex -19.188 -36.643 0
      vertex -16.926 -35.329 0
    endloop
  endfacet
  facet normal 0 0 -1
    outer loop
      vertex -17.522 -34.447 0
      vertex -16.926 -35.329 0
      vertex -19.188 -36.643 0
    endloop
  endfacet
  facet normal 0 0 -1
    outer loop
      vertex -19.188 -36.643 0
      vertex -20.326 -34.844 0
      vertex -17.522 -34.447 0
    endloop
  endfacet
  facet normal 0 0 -1
    outer loop
      vertex -16.926 -35.329 0
      vertex -15.794 -36.425 0
      vertex -18.024 -38.136 0
    endloop
  endfacet
  facet normal -0.9984 -0.05649 0
    outer loop
      vertex -34.052 -14.293 2
      vertex -34.165 -12.296 12.5
      vertex -34.165 -12.296 2
    endloop
  endfacet
  facet normal 0 0 1
    outer loop
      vertex -19.697 -48 2
      vertex -22.483 -42 2
      vertex -24 -43.291 2
    endloop
  endfacet
  facet normal 0 0 -1
    outer loop
      vertex -27.414 -36.405 0
      vertex -24.745 -39.515 0
      vertex -28.925 -43.147 0
    endloop
  endfacet
  facet normal 0.73821 0.67457 -0.00002
    outer loop
      vertex -24 -43.291 2
      vertex -19.692 -48.005 15
      vertex -19.697 -48 2
    endloop
  endfacet
  facet normal 0 0 1
    outer loop
      vertex 6.376 12.973 12.5
      vertex 8.271 13.561 12.5
      vertex 8.528 14.31 12.5
    endloop
  endfacet
  facet normal 0 0 1
    outer loop
      vertex 8.963 14.404 12.5
      vertex 8.528 14.31 12.5
      vertex 8.271 13.561 12.5
    endloop
  endfacet
  facet normal 0 0 -1
    outer loop
      vertex -27.414 -36.405 0
      vertex -28.925 -43.147 0
      vertex -31.733 -39.872 0
    endloop
  endfacet
  facet normal 0 0 -1
    outer loop
      vertex -27.414 -36.405 0
      vertex -31.733 -39.872 0
      vertex -34.8 -35.856 0
    endloop
  endfacet
  facet normal 0 0 1
    outer loop
      vertex -36.392 -9.566 2
      vertex -38.178 -10.498 2
      vertex -34.164 -12.288 2
    endloop
  endfacet
  facet normal 0 0 1
    outer loop
      vertex -18.277 -51.575 2
      vertex -20.79 -48.801 2
      vertex -22.237 -50.484 2
    endloop
  endfacet
  facet normal 0 0 1
    outer loop
      vertex -20.79 -48.801 2
      vertex -21.519 -48 2
      vertex -22.237 -50.484 2
    endloop
  endfacet
  facet normal 0 0 1
    outer loop
      vertex -21.519 -48 2
      vertex -24 -45.275 2
      vertex -22.237 -50.484 2
    endloop
  endfacet
  facet normal -0.99228 0.12403 0
    outer loop
      vertex -34.165 -12.296 12.5
      vertex -34.164 -12.288 2
      vertex -34.165 -12.296 2
    endloop
  endfacet
  facet normal 0 0 -1
    outer loop
      vertex -22.483 -42 0
      vertex -28.925 -43.147 0
      vertex -24.745 -39.515 0
    endloop
  endfacet
  facet normal 0.77555 0.63129 0
    outer loop
      vertex 11.908 12.439 2
      vertex 10.582 14.068 2
      vertex 11.908 12.439 15
    endloop
  endfacet
  facet normal -0.74111 -0.67138 0
    outer loop
      vertex -20.79 -48.801 2
      vertex -18.277 -51.575 2
      vertex -20.79 -48.801 15
    endloop
  endfacet
  facet normal -0.73956 -0.67309 0
    outer loop
      vertex -20.79 -48.801 15
      vertex -21.519 -48 2
      vertex -20.79 -48.801 2
    endloop
  endfacet
  facet normal 0 0 1
    outer loop
      vertex -37.954 -17.149 2
      vertex -33.877 -14.685 2
      vertex -37.968 -16.384 2
    endloop
  endfacet
  facet normal 0 0 1
    outer loop
      vertex -33.597 -14.795 2
      vertex -33.877 -14.685 2
      vertex -36.035 -19.829 2
    endloop
  endfacet
  facet normal 0 0 1
    outer loop
      vertex -37.954 -17.149 2
      vertex -36.035 -19.829 2
      vertex -33.877 -14.685 2
    endloop
  endfacet
  facet normal 0 0 1
    outer loop
      vertex -37.968 -16.384 2
      vertex -33.877 -14.685 2
      vertex -34.052 -14.293 2
    endloop
  endfacet
  facet normal 0 0 -1
    outer loop
      vertex -16.966 -48 0
      vertex -22.483 -42 0
      vertex -11.507 -42 0
    endloop
  endfacet
  facet normal -0.36565 -0.93075 0
    outer loop
      vertex -33.877 -14.685 12.5
      vertex -33.877 -14.685 2
      vertex -33.597 -14.795 2
    endloop
  endfacet
  facet normal 0 0 1
    outer loop
      vertex -36.035 -19.829 2
      vertex -32.34236 -16.384 2
      vertex -33.597 -14.795 2
    endloop
  endfacet
  facet normal -0.52773 0.84941 -0.00002
    outer loop
      vertex 6.376 12.973 12.5
      vertex 8.528 14.31 12.5
      vertex 6.922 13.312 2
    endloop
  endfacet
  facet normal 0.33229 -0.94318 0
    outer loop
      vertex -33.597 -14.795 2
      vertex -33.316 -14.696 2
      vertex -33.316 -14.696 12.5
    endloop
  endfacet
  facet normal 0 0 1
    outer loop
      vertex -32.34236 -16.384 2
      vertex -28.311 -12.623 2
      vertex -33.142 -14.356 2
    endloop
  endfacet
  facet normal 0 0 1
    outer loop
      vertex -33.142 -14.356 2
      vertex -33.316 -14.696 2
      vertex -32.34236 -16.384 2
    endloop
  endfacet
  facet normal 0 0 1
    outer loop
      vertex -33.316 -14.696 2
      vertex -33.597 -14.795 2
      vertex -32.34236 -16.384 2
    endloop
  endfacet
  facet normal 0.8902 -0.45557 0
    outer loop
      vertex -33.142 -14.356 12.5
      vertex -33.316 -14.696 12.5
      vertex -33.142 -14.356 2
    endloop
  endfacet
  facet normal 0.8902 -0.45557 0
    outer loop
      vertex -33.142 -14.356 2
      vertex -33.316 -14.696 12.5
      vertex -33.316 -14.696 2
    endloop
  endfacet
  facet normal -0.85388 0.52046 0.00001
    outer loop
      vertex -48.076 7.68 15
      vertex -47.692 8.31 15
      vertex -47.764 8.192 2
    endloop
  endfacet
  facet normal -0.85394 0.52037 0
    outer loop
      vertex -47.764 8.192 2
      vertex -48.076 7.68 2
      vertex -48.076 7.68 15
    endloop
  endfacet
  facet normal 0.73809 0.6747 0
    outer loop
      vertex -26.246 -40.834 2
      vertex -26.246 -40.834 15
      vertex -24 -43.291 2
    endloop
  endfacet
  facet normal 0.99769 -0.06787 0
    outer loop
      vertex -33.029 -12.695 2
      vertex -33.029 -12.695 12.5
      vertex -33.142 -14.356 2
    endloop
  endfacet
  facet normal -0.9609 0.27689 0
    outer loop
      vertex -48.346 6.743 2
      vertex -48.346 6.743 15
      vertex -48.076 7.68 2
    endloop
  endfacet
  facet normal -0.75971 -0.65026 -0.00001
    outer loop
      vertex -27.383 -41.558 15
      vertex -30.116 -38.365 15
      vertex -27.922 -40.928 2
    endloop
  endfacet
  facet normal -0.75985 -0.6501 0
    outer loop
      vertex -27.383 -41.558 2
      vertex -27.383 -41.558 15
      vertex -27.922 -40.928 2
    endloop
  endfacet
  facet normal -0.91314 -0.40765 0
    outer loop
      vertex -34.052 -14.293 2
      vertex -33.877 -14.685 2
      vertex -33.877 -14.685 12.5
    endloop
  endfacet
  facet normal -0.91314 -0.40765 0
    outer loop
      vertex -33.877 -14.685 12.5
      vertex -34.052 -14.293 12.5
      vertex -34.052 -14.293 2
    endloop
  endfacet
  facet normal -0.62442 0.78109 0
    outer loop
      vertex 8.528 14.31 2
      vertex 8.528 14.31 12.5
      vertex 10.582 15.952 12.5
    endloop
  endfacet
  facet normal 0 0 1
    outer loop
      vertex -34.052 -14.293 2
      vertex -34.165 -12.296 2
      vertex -38.049 -11.771 2
    endloop
  endfacet
  facet normal 0 0 1
    outer loop
      vertex -37.968 -16.384 2
      vertex -34.052 -14.293 2
      vertex -38.049 -11.771 2
    endloop
  endfacet
  facet normal 0.99985 0.01756 0
    outer loop
      vertex -37.968 -16.384 2
      vertex -38.049 -11.771 2
      vertex -38.049 -11.771 15
    endloop
  endfacet
  facet normal 0 0 1
    outer loop
      vertex -26.246 -40.834 2
      vertex -24 -43.291 2
      vertex -24.745 -39.515 2
    endloop
  endfacet
  facet normal 0 0 -1
    outer loop
      vertex -17.393 -55.364 0
      vertex -19.645 -53.294 0
      vertex -14.51 -50.566 0
    endloop
  endfacet
  facet normal 0 0 1
    outer loop
      vertex -22.237 -50.484 2
      vertex -24 -45.275 2
      vertex -28.925 -43.147 2
    endloop
  endfacet
  facet normal 0 0 1
    outer loop
      vertex -27.383 -41.558 2
      vertex -27.922 -40.928 2
      vertex -28.925 -43.147 2
    endloop
  endfacet
  facet normal 0.77555 0.63129 0
    outer loop
      vertex 10.582 14.068 15
      vertex 11.908 12.439 15
      vertex 10.582 14.068 2
    endloop
  endfacet
  facet normal 0 0 1
    outer loop
      vertex -42.945 -14.589 2
      vertex -41.881 -14.853 2
      vertex -41.464 -12.948 2
    endloop
  endfacet
  facet normal 0 0 1
    outer loop
      vertex -41.881 -14.853 2
      vertex -41.397 -14.954 2
      vertex -41.464 -12.948 2
    endloop
  endfacet
  facet normal 0 0 1
    outer loop
      vertex -41.045 -20.301 2
      vertex -39.091 -12.333 2
      vertex -41.15 -15.575 2
    endloop
  endfacet
  facet normal 0 0 1
    outer loop
      vertex -41.397 -14.954 2
      vertex -41.15 -15.575 2
      vertex -40.265 -12.731 2
    endloop
  endfacet
  facet normal 0 0 1
    outer loop
      vertex -40.96 -12.926 2
      vertex -41.397 -14.954 2
      vertex -40.912 -12.924 2
    endloop
  endfacet
  facet normal 0 0 1
    outer loop
      vertex -28.925 -43.147 2
      vertex -24 -45.275 2
      vertex -27.383 -41.558 2
    endloop
  endfacet
  facet normal -0.75916 -0.65091 0
    outer loop
      vertex -31.733 -39.872 0
      vertex -28.925 -43.147 0
      vertex -28.925 -43.147 2
    endloop
  endfacet
  facet normal -0.75916 -0.65091 0
    outer loop
      vertex -31.733 -39.872 0
      vertex -28.925 -43.147 2
      vertex -31.733 -39.872 2
    endloop
  endfacet
  facet normal -0.73904 -0.67366 0
    outer loop
      vertex -22.237 -50.484 2
      vertex -28.925 -43.147 2
      vertex -28.925 -43.147 0
    endloop
  endfacet
  facet normal -0.73504 -0.67802 0
    outer loop
      vertex -22.237 -50.484 2
      vertex -22.237 -50.484 0
      vertex -19.645 -53.294 0
    endloop
  endfacet
  facet normal -0.73504 -0.67802 0
    outer loop
      vertex -22.237 -50.484 2
      vertex -19.645 -53.294 0
      vertex -19.645 -53.294 2
    endloop
  endfacet
  facet normal -0.67673 -0.73623 0
    outer loop
      vertex -17.393 -55.364 0
      vertex -17.393 -55.364 2
      vertex -19.645 -53.294 2
    endloop
  endfacet
  facet normal -0.67673 -0.73623 0
    outer loop
      vertex -17.393 -55.364 0
      vertex -19.645 -53.294 2
      vertex -19.645 -53.294 0
    endloop
  endfacet
  facet normal 0 0 -1
    outer loop
      vertex -22.483 -42 0
      vertex -16.966 -48 0
      vertex -22.237 -50.484 0
    endloop
  endfacet
  facet normal 0 0 1
    outer loop
      vertex -40.912 -12.924 2
      vertex -41.397 -14.954 2
      vertex -40.265 -12.731 2
    endloop
  endfacet
  facet normal -0.58439 -0.81148 0
    outer loop
      vertex -15.056 -57.047 2
      vertex -17.393 -55.364 2
      vertex -17.393 -55.364 0
    endloop
  endfacet
  facet normal 0 0 1
    outer loop
      vertex -14.51 -50.566 2
      vertex -16.966 -48 2
      vertex -17.264 -50.703 2
    endloop
  endfacet
  facet normal 0 0 1
    outer loop
      vertex -15.391 -52.505 2
      vertex -14.51 -50.566 2
      vertex -17.264 -50.703 2
    endloop
  endfacet
  facet normal 0.69332 0.72063 0
    outer loop
      vertex -15.391 -52.505 15
      vertex -15.391 -52.505 2
      vertex -17.264 -50.703 15
    endloop
  endfacet
  facet normal 0.69332 0.72063 0
    outer loop
      vertex -17.264 -50.703 2
      vertex -17.264 -50.703 15
      vertex -15.391 -52.505 2
    endloop
  endfacet
  facet normal 0 0 1
    outer loop
      vertex -40.265 -12.731 2
      vertex -41.15 -15.575 2
      vertex -39.509 -12.475 2
    endloop
  endfacet
  facet normal 0.74332 0.66893 0
    outer loop
      vertex -19.692 -48.005 2
      vertex -19.692 -48.005 15
      vertex -17.264 -50.703 15
    endloop
  endfacet
  facet normal 0 0 -1
    outer loop
      vertex -16.966 -48 0
      vertex -14.51 -50.566 0
      vertex -19.645 -53.294 0
    endloop
  endfacet
  facet normal 0.96339 0.2681 0
    outer loop
      vertex 12.797 11.11 15
      vertex 13.134 9.899 15
      vertex 12.797 11.11 2
    endloop
  endfacet
  facet normal 0 0 1
    outer loop
      vertex -18.277 -51.575 2
      vertex -22.237 -50.484 2
      vertex -19.645 -53.294 2
    endloop
  endfacet
  facet normal 0 0 1
    outer loop
      vertex -16.287 -53.473 2
      vertex -16.384 -53.38 2
      vertex -17.393 -55.364 2
    endloop
  endfacet
  facet normal 0 0 1
    outer loop
      vertex -15.056 -57.047 2
      vertex -14.273 -54.964 2
      vertex -17.393 -55.364 2
    endloop
  endfacet
  facet normal 0 0 1
    outer loop
      vertex -19.645 -53.294 2
      vertex -17.393 -55.364 2
      vertex -16.384 -53.38 2
    endloop
  endfacet
  facet normal 0.98792 -0.15497 0
    outer loop
      vertex 13.134 9.899 15
      vertex 12.926 8.573 15
      vertex 12.926 8.573 2
    endloop
  endfacet
  facet normal 0 0 -1
    outer loop
      vertex -28.925 -43.147 0
      vertex -22.483 -42 0
      vertex -22.237 -50.484 0
    endloop
  endfacet
  facet normal -0.73904 -0.67366 0
    outer loop
      vertex -28.925 -43.147 0
      vertex -22.237 -50.484 0
      vertex -22.237 -50.484 2
    endloop
  endfacet
  facet normal 0.91207 -0.41003 0
    outer loop
      vertex 12.926 8.573 15
      vertex 12.173 6.898 15
      vertex 12.926 8.573 2
    endloop
  endfacet
  facet normal -0.74111 -0.67138 0
    outer loop
      vertex -18.277 -51.575 15
      vertex -20.79 -48.801 15
      vertex -18.277 -51.575 2
    endloop
  endfacet
  facet normal -0.80502 -0.59324 0
    outer loop
      vertex 10.861 11.8 12.5
      vertex 11.312 11.188 12.5
      vertex 11.312 11.188 15
    endloop
  endfacet
  facet normal -0.80502 -0.59324 0
    outer loop
      vertex 10.861 11.8 12.5
      vertex 11.312 11.188 15
      vertex 10.861 11.8 15
    endloop
  endfacet
  facet normal 0 0 1
    outer loop
      vertex -18.277 -51.575 2
      vertex -19.645 -53.294 2
      vertex -16.384 -53.38 2
    endloop
  endfacet
  facet normal -0.63225 -0.77476 0
    outer loop
      vertex 10.263 12.288 12.5
      vertex 10.861 11.8 12.5
      vertex 10.861 11.8 15
    endloop
  endfacet
  facet normal 0 0 1
    outer loop
      vertex -39.509 -12.475 2
      vertex -41.15 -15.575 2
      vertex -39.091 -12.333 2
    endloop
  endfacet
  facet normal 0 0 -1
    outer loop
      vertex -19.645 -53.294 0
      vertex -22.237 -50.484 0
      vertex -16.966 -48 0
    endloop
  endfacet
  facet normal -0.63211 -0.77488 -0.00006
    outer loop
      vertex 10.263 12.288 12.5
      vertex 10.861 11.8 15
      vertex 10.226 12.318 15
    endloop
  endfacet
  facet normal -1 0 0
    outer loop
      vertex -39.091 -12.333 2
      vertex -39.091 -24.972 2
      vertex -39.091 -12.333 15
    endloop
  endfacet
  facet normal 0 0 -1
    outer loop
      vertex -30.444 -32.478 0
      vertex -27.414 -36.405 0
      vertex -34.8 -35.856 0
    endloop
  endfacet
  facet normal -0.69018 -0.72364 -0.00003
    outer loop
      vertex -16.384 -53.38 2
      vertex -16.287 -53.473 15
      vertex -18.277 -51.575 15
    endloop
  endfacet
  facet normal -0.94349 0.33141 -0.00013
    outer loop
      vertex 11.291 8.192 12.5
      vertex 11.232 8.025 15
      vertex 11.539 8.899 15
    endloop
  endfacet
  facet normal 1 0 0
    outer loop
      vertex 18 27.188 0
      vertex 18 27.188 2
      vertex 18 24.737 2
    endloop
  endfacet
  facet normal 1 0 0
    outer loop
      vertex 18 27.188 0
      vertex 18 24.737 2
      vertex 18 24.737 0
    endloop
  endfacet
  facet normal -0.69008 -0.72373 0
    outer loop
      vertex -18.277 -51.575 2
      vertex -16.384 -53.38 2
      vertex -18.277 -51.575 15
    endloop
  endfacet
  facet normal 0.32166 -0.94686 0
    outer loop
      vertex -39.091 -12.333 15
      vertex -39.509 -12.475 2
      vertex -39.091 -12.333 2
    endloop
  endfacet
  facet normal -0.94363 0.331 0
    outer loop
      vertex 11.539 8.899 12.5
      vertex 11.291 8.192 12.5
      vertex 11.539 8.899 15
    endloop
  endfacet
  facet normal -0.81817 -0.57498 0
    outer loop
      vertex -35.951 -30.431 15
      vertex -35.951 -30.431 2
      vertex -33.161 -34.401 15
    endloop
  endfacet
  facet normal -0.81817 -0.57498 0
    outer loop
      vertex -33.161 -34.401 2
      vertex -33.161 -34.401 15
      vertex -35.951 -30.431 2
    endloop
  endfacet
  facet normal 0 0 1
    outer loop
      vertex 11.496 33.978 15
      vertex 8.785 35.717 15
      vertex 10.336 33.182 15
    endloop
  endfacet
  facet normal -0.99061 0.13672 0
    outer loop
      vertex 11.653 9.725 12.5
      vertex 11.539 8.899 12.5
      vertex 11.539 8.899 15
    endloop
  endfacet
  facet normal -0.99061 0.13672 0
    outer loop
      vertex 11.653 9.725 12.5
      vertex 11.539 8.899 15
      vertex 11.653 9.725 15
    endloop
  endfacet
  facet normal -0.99514 -0.09848 0
    outer loop
      vertex 11.577 10.493 12.5
      vertex 11.653 9.725 12.5
      vertex 11.653 9.725 15
    endloop
  endfacet
  facet normal -0.99514 -0.09848 0
    outer loop
      vertex 11.577 10.493 12.5
      vertex 11.653 9.725 15
      vertex 11.577 10.493 15
    endloop
  endfacet
  facet normal -0.79326 -0.60889 0
    outer loop
      vertex -33.161 -34.401 2
      vertex -32.768 -34.913 2
      vertex -33.161 -34.401 15
    endloop
  endfacet
  facet normal -0.93438 -0.35627 0
    outer loop
      vertex 11.577 10.493 12.5
      vertex 11.577 10.493 15
      vertex 11.312 11.188 15
    endloop
  endfacet
  facet normal -0.93438 -0.35627 0
    outer loop
      vertex 11.577 10.493 12.5
      vertex 11.312 11.188 15
      vertex 11.312 11.188 12.5
    endloop
  endfacet
  facet normal -0.70037 -0.71378 0
    outer loop
      vertex -43.545 -11.899 2
      vertex -43.545 -11.899 15
      vertex -44.237 -11.22 15
    endloop
  endfacet
  facet normal -0.70037 -0.71378 0
    outer loop
      vertex -43.545 -11.899 2
      vertex -44.237 -11.22 15
      vertex -44.237 -11.22 2
    endloop
  endfacet
  facet normal 0 0 1
    outer loop
      vertex 13.389 32.171 15
      vertex 11.496 33.978 15
      vertex 12.147 31.543 15
    endloop
  endfacet
  facet normal 0 0 1
    outer loop
      vertex 10.336 33.182 15
      vertex 12.147 31.543 15
      vertex 11.496 33.978 15
    endloop
  endfacet
  facet normal 0 0 1
    outer loop
      vertex -35.951 -30.431 2
      vertex -37.618 -31.798 2
      vertex -33.161 -34.401 2
    endloop
  endfacet
  facet normal 0 0 1
    outer loop
      vertex -34.8 -35.856 2
      vertex -33.161 -34.401 2
      vertex -37.618 -31.798 2
    endloop
  endfacet
  facet normal 0 0 1
    outer loop
      vertex -2.149 39.528 15
      vertex -1.884 37.246 15
      vertex 0.503 36.884 15
    endloop
  endfacet
  facet normal -0.56392 -0.82583 0
    outer loop
      vertex -42.804 -12.405 15
      vertex -43.545 -11.899 15
      vertex -43.545 -11.899 2
    endloop
  endfacet
  facet normal 0 0 1
    outer loop
      vertex -32.768 -34.913 2
      vertex -33.161 -34.401 2
      vertex -34.8 -35.856 2
    endloop
  endfacet
  facet normal 0 0 1
    outer loop
      vertex 9.265 7.627 12.5
      vertex 11.232 8.025 12.5
      vertex 8.716 9.148 12.5
    endloop
  endfacet
  facet normal 0 0 1
    outer loop
      vertex 11.539 8.899 12.5
      vertex 8.716 9.148 12.5
      vertex 11.291 8.192 12.5
    endloop
  endfacet
  facet normal -0.82138 -0.57039 0
    outer loop
      vertex -34.8 -35.856 0
      vertex -34.8 -35.856 2
      vertex -37.618 -31.798 2
    endloop
  endfacet
  facet normal 0 0 1
    outer loop
      vertex -2.149 39.528 15
      vertex 4.027 36.667 15
      vertex -0.373 40.152 15
    endloop
  endfacet
  facet normal 0 0 1
    outer loop
      vertex 4.785 37.753 15
      vertex -0.373 40.152 15
      vertex 4.027 36.667 15
    endloop
  endfacet
  facet normal 0 0 1
    outer loop
      vertex 4.027 36.667 15
      vertex 7.813 34.751 15
      vertex 4.785 37.753 15
    endloop
  endfacet
  facet normal 0 0 1
    outer loop
      vertex 9.407 12.728 12.5
      vertex 8.612 13.158 12.5
      vertex 7.399 11.207 12.5
    endloop
  endfacet
  facet normal 0 0 1
    outer loop
      vertex 11.539 8.899 12.5
      vertex 11.653 9.725 12.5
      vertex 8.716 9.148 12.5
    endloop
  endfacet
  facet normal 0 0 1
    outer loop
      vertex 11.232 8.025 12.5
      vertex 11.291 8.192 12.5
      vertex 8.716 9.148 12.5
    endloop
  endfacet
  facet normal 0 0 1
    outer loop
      vertex 11.653 9.725 12.5
      vertex 11.577 10.493 12.5
      vertex 8.716 9.148 12.5
    endloop
  endfacet
  facet normal 0 0 1
    outer loop
      vertex 11.577 10.493 12.5
      vertex 11.312 11.188 12.5
      vertex 8.716 9.148 12.5
    endloop
  endfacet
  facet normal 0 0 1
    outer loop
      vertex 11.312 11.188 12.5
      vertex 10.861 11.8 12.5
      vertex 8.716 9.148 12.5
    endloop
  endfacet
  facet normal 0 0 1
    outer loop
      vertex 8.069 10.403 12.5
      vertex 8.716 9.148 12.5
      vertex 10.861 11.8 12.5
    endloop
  endfacet
  facet normal 0 0 1
    outer loop
      vertex 10.263 12.288 12.5
      vertex 8.069 10.403 12.5
      vertex 10.861 11.8 12.5
    endloop
  endfacet
  facet normal 0 0 1
    outer loop
      vertex 9.407 12.728 12.5
      vertex 8.069 10.403 12.5
      vertex 10.226 12.318 12.5
    endloop
  endfacet
  facet normal 0 0 1
    outer loop
      vertex 10.263 12.288 12.5
      vertex 10.226 12.318 12.5
      vertex 8.069 10.403 12.5
    endloop
  endfacet
  facet normal 0 0 1
    outer loop
      vertex 10.336 33.182 15
      vertex 8.785 35.717 15
      vertex 7.813 34.751 15
    endloop
  endfacet
  facet normal 0 0 1
    outer loop
      vertex 4.785 37.753 15
      vertex 7.813 34.751 15
      vertex 8.785 35.717 15
    endloop
  endfacet
  facet normal 0 0 1
    outer loop
      vertex 0.539 34.911 15
      vertex 2.216 35.182 15
      vertex 0.503 36.884 15
    endloop
  endfacet
  facet normal 0 0 1
    outer loop
      vertex -2.149 33.045 15
      vertex 2.09 31.661 15
      vertex 0.39 33.516 15
    endloop
  endfacet
  facet normal 0 0 1
    outer loop
      vertex -1.505 34.191 15
      vertex -2.149 33.045 15
      vertex 0.39 33.516 15
    endloop
  endfacet
  facet normal -0.88883 -0.45823 0
    outer loop
      vertex 8.716 9.148 0
      vertex 8.716 9.148 12.5
      vertex 8.069 10.403 12.5
    endloop
  endfacet
  facet normal 0 0 1
    outer loop
      vertex 1.726 33.508 15
      vertex 2.216 35.182 15
      vertex 0.539 34.911 15
    endloop
  endfacet
  facet normal 0 0 1
    outer loop
      vertex -1.884 37.246 15
      vertex 0.539 34.911 15
      vertex 0.503 36.884 15
    endloop
  endfacet
  facet normal 0.67367 -0.73903 0
    outer loop
      vertex 10.582 14.068 15
      vertex 10.582 14.068 2
      vertex 10.729 14.202 2
    endloop
  endfacet
  facet normal 0 0 1
    outer loop
      vertex 1.675 33.039 15
      vertex 0.39 33.516 15
      vertex 2.09 31.661 15
    endloop
  endfacet
  facet normal 0 0 1
    outer loop
      vertex -45.056 9.081 2
      vertex -45.348 8.935 2
      vertex -44.136 8.157 2
    endloop
  endfacet
  facet normal 0 0 1
    outer loop
      vertex -44.845 6.322 2
      vertex -46.135 8.192 2
      vertex -46.155 8.173 2
    endloop
  endfacet
  facet normal 0 0 1
    outer loop
      vertex -44.845 6.322 2
      vertex -46.39 7.793 2
      vertex -46.799 7.09 2
    endloop
  endfacet
  facet normal 0 0 1
    outer loop
      vertex -44.845 6.322 2
      vertex -46.799 7.09 2
      vertex -47.185 5.767 2
    endloop
  endfacet
  facet normal 0 0 1
    outer loop
      vertex 1.726 33.508 15
      vertex 1.855 33.156 15
      vertex 3.147 33.919 15
    endloop
  endfacet
  facet normal 0 0 1
    outer loop
      vertex 2.216 35.182 15
      vertex 1.726 33.508 15
      vertex 3.147 33.919 15
    endloop
  endfacet
  facet normal 0 0 1
    outer loop
      vertex 1.675 33.039 15
      vertex 2.09 31.661 15
      vertex 1.855 33.156 15
    endloop
  endfacet
  facet normal 0 0 1
    outer loop
      vertex 3.147 33.919 15
      vertex 1.855 33.156 15
      vertex 3.38 32.906 15
    endloop
  endfacet
  facet normal 0 0 1
    outer loop
      vertex 3.38 32.906 15
      vertex 1.855 33.156 15
      vertex 3.004 31.959 15
    endloop
  endfacet
  facet normal 0.8459 -0.53335 0
    outer loop
      vertex -46.341 7.878 12.5
      vertex -46.341 7.878 2
      vertex -46.155 8.173 2
    endloop
  endfacet
  facet normal 0.67486 -0.73794 0.00002
    outer loop
      vertex 12.325 15.662 15
      vertex 10.582 14.068 15
      vertex 10.729 14.202 2
    endloop
  endfacet
  facet normal 0 0 1
    outer loop
      vertex 15.542 28.85 15
      vertex 14.939 29.931 15
      vertex 14.39 28.482 15
    endloop
  endfacet
  facet normal 0.74125 -0.67123 0
    outer loop
      vertex 12.325 15.662 2
      vertex 14.012 17.525 2
      vertex 12.325 15.662 15
    endloop
  endfacet
  facet normal 0 0 1
    outer loop
      vertex 14.939 29.931 15
      vertex 13.389 32.171 15
      vertex 13.802 29.424 15
    endloop
  endfacet
  facet normal 0 0 1
    outer loop
      vertex 13.802 29.424 15
      vertex 14.39 28.482 15
      vertex 14.939 29.931 15
    endloop
  endfacet
  facet normal 0 0 1
    outer loop
      vertex 12.147 31.543 15
      vertex 13.802 29.424 15
      vertex 13.389 32.171 15
    endloop
  endfacet
  facet normal 0 0 1
    outer loop
      vertex -46.155 8.173 2
      vertex -46.341 7.878 2
      vertex -44.845 6.322 2
    endloop
  endfacet
  facet normal 0 0 1
    outer loop
      vertex -46.39 7.793 2
      vertex -44.845 6.322 2
      vertex -46.341 7.878 2
    endloop
  endfacet
  facet normal 0.86636 -0.49943 0
    outer loop
      vertex -46.341 7.878 12.5
      vertex -46.39 7.793 2
      vertex -46.341 7.878 2
    endloop
  endfacet
  facet normal 0 0 1
    outer loop
      vertex 14.39 28.482 15
      vertex 14.717 27.623 15
      vertex 15.542 28.85 15
    endloop
  endfacet
  facet normal 0 0 1
    outer loop
      vertex 15.867 27.862 15
      vertex 15.542 28.85 15
      vertex 14.717 27.623 15
    endloop
  endfacet
  facet normal 0.83205 0.5547 0.00002
    outer loop
      vertex 12.009 12.288 2
      vertex 11.985 12.324 2
      vertex 11.908 12.439 15
    endloop
  endfacet
  facet normal 0.95998 -0.28008 0
    outer loop
      vertex -47.185 5.767 2
      vertex -46.799 7.09 2
      vertex -47.185 5.767 12.5
    endloop
  endfacet
  facet normal 0.83094 0.55637 0
    outer loop
      vertex 11.908 12.439 2
      vertex 11.908 12.439 15
      vertex 11.985 12.324 2
    endloop
  endfacet
  facet normal 0 0 1
    outer loop
      vertex 14.717 27.623 15
      vertex 14.852 26.531 15
      vertex 15.867 27.862 15
    endloop
  endfacet
  facet normal 0 0 1
    outer loop
      vertex 16 24.679 15
      vertex 15.867 27.862 15
      vertex 14.852 26.531 15
    endloop
  endfacet
  facet normal 0 0 1
    outer loop
      vertex 14.852 26.531 15
      vertex 14.863 24.897 15
      vertex 16 24.679 15
    endloop
  endfacet
  facet normal 0.83118 0.556 0
    outer loop
      vertex 12.009 12.288 2
      vertex 11.908 12.439 15
      vertex 12.797 11.11 15
    endloop
  endfacet
  facet normal 0 0 1
    outer loop
      vertex 3.004 31.959 15
      vertex 1.855 33.156 15
      vertex 2.716 31.65 15
    endloop
  endfacet
  facet normal 0 0 1
    outer loop
      vertex 2.716 31.65 15
      vertex 1.855 33.156 15
      vertex 2.09 31.661 15
    endloop
  endfacet
  facet normal 0.83118 0.556 0
    outer loop
      vertex 12.009 12.288 2
      vertex 12.797 11.11 15
      vertex 12.797 11.11 2
    endloop
  endfacet
  facet normal 0 0 1
    outer loop
      vertex 14.621 22.2 15
      vertex 14.323 21.031 15
      vertex 15.783 21.859 15
    endloop
  endfacet
  facet normal 0 0 1
    outer loop
      vertex 15.783 21.859 15
      vertex 16 24.679 15
      vertex 14.621 22.2 15
    endloop
  endfacet
  facet normal 0 0 1
    outer loop
      vertex 14.621 22.2 15
      vertex 16 24.679 15
      vertex 14.863 24.897 15
    endloop
  endfacet
  facet normal 0.96339 0.2681 0
    outer loop
      vertex 13.134 9.899 15
      vertex 13.134 9.899 2
      vertex 12.797 11.11 2
    endloop
  endfacet
  facet normal 0 0 1
    outer loop
      vertex 15.142 19.532 15
      vertex 13.892 19.949 15
      vertex 14.012 17.525 15
    endloop
  endfacet
  facet normal 0 0 1
    outer loop
      vertex 15.783 21.859 15
      vertex 14.323 21.031 15
      vertex 15.142 19.532 15
    endloop
  endfacet
  facet normal 0 0 1
    outer loop
      vertex -47.692 8.31 2
      vertex -49.65 9.528 2
      vertex -47.764 8.192 2
    endloop
  endfacet
  facet normal 0 0 1
    outer loop
      vertex -47.764 8.192 2
      vertex -49.65 9.528 2
      vertex -48.076 7.68 2
    endloop
  endfacet
  facet normal -0.94058 -0.33956 0
    outer loop
      vertex 8.716 9.148 12.5
      vertex 8.716 9.148 0
      vertex 9.129 8.004 2
    endloop
  endfacet
  facet normal 0 0 1
    outer loop
      vertex -48.076 7.68 2
      vertex -49.974 8.538 2
      vertex -48.346 6.743 2
    endloop
  endfacet
  facet normal -0.9406 -0.33951 -0.00001
    outer loop
      vertex 8.716 9.148 12.5
      vertex 9.129 8.004 2
      vertex 9.265 7.627 12.5
    endloop
  endfacet
  facet normal 0 0 1
    outer loop
      vertex 12.589 17.935 15
      vertex 14.012 17.525 15
      vertex 13.892 19.949 15
    endloop
  endfacet
  facet normal 0 0 1
    outer loop
      vertex 13.892 19.949 15
      vertex 15.142 19.532 15
      vertex 14.323 21.031 15
    endloop
  endfacet
  facet normal 0 0 1
    outer loop
      vertex 10.62 15.952 15
      vertex 12.325 15.662 15
      vertex 12.589 17.935 15
    endloop
  endfacet
  facet normal 0 0 1
    outer loop
      vertex 14.012 17.525 15
      vertex 12.589 17.935 15
      vertex 12.325 15.662 15
    endloop
  endfacet
  facet normal 0 0 1
    outer loop
      vertex 8.271 13.561 15
      vertex 8.612 13.158 15
      vertex 8.963 14.404 15
    endloop
  endfacet
  facet normal 0 0 1
    outer loop
      vertex 10.62 15.952 15
      vertex 8.963 14.404 15
      vertex 10.582 14.068 15
    endloop
  endfacet
  facet normal -0.88883 -0.45823 0
    outer loop
      vertex 8.069 10.403 12.5
      vertex 8.069 10.403 0
      vertex 8.716 9.148 0
    endloop
  endfacet
  facet normal 0.99513 -0.0986 0
    outer loop
      vertex -45.392 4.995 2
      vertex -45.543 3.471 2
      vertex -45.392 4.995 0
    endloop
  endfacet
  facet normal 0 0 1
    outer loop
      vertex -45.392 4.995 2
      vertex -47.346 4.167 2
      vertex -45.543 3.471 2
    endloop
  endfacet
  facet normal 0.91207 -0.41003 0
    outer loop
      vertex 12.173 6.898 15
      vertex 12.173 6.898 2
      vertex 12.926 8.573 2
    endloop
  endfacet
  facet normal 0 0 1
    outer loop
      vertex 10.582 14.068 15
      vertex 12.325 15.662 15
      vertex 10.62 15.952 15
    endloop
  endfacet
  facet normal 0.92453 -0.3811 0
    outer loop
      vertex -44.845 6.322 2
      vertex -45.392 4.995 2
      vertex -45.392 4.995 0
    endloop
  endfacet
  facet normal 0.92453 -0.3811 0
    outer loop
      vertex -44.845 6.322 2
      vertex -45.392 4.995 0
      vertex -44.845 6.322 0
    endloop
  endfacet
  facet normal 0 0 1
    outer loop
      vertex -47.315 3.258 2
      vertex -45.543 3.471 2
      vertex -47.346 4.167 2
    endloop
  endfacet
  facet normal 0 0 1
    outer loop
      vertex -47.346 4.167 2
      vertex -45.392 4.995 2
      vertex -47.185 5.767 2
    endloop
  endfacet
  facet normal 0 0 1
    outer loop
      vertex -44.845 6.322 2
      vertex -47.185 5.767 2
      vertex -45.392 4.995 2
    endloop
  endfacet
  facet normal 0.99498 -0.10012 0
    outer loop
      vertex -47.185 5.767 2
      vertex -47.185 5.767 12.5
      vertex -47.346 4.167 2
    endloop
  endfacet
  facet normal 0.99498 -0.10012 0
    outer loop
      vertex -47.346 4.167 12.5
      vertex -47.346 4.167 2
      vertex -47.185 5.767 12.5
    endloop
  endfacet
  facet normal 0 0 1
    outer loop
      vertex 14.012 17.525 2
      vertex 12.325 15.662 2
      vertex 14.77 15.075 2
    endloop
  endfacet
  facet normal 0.99942 0.03408 0
    outer loop
      vertex -47.346 4.167 12.5
      vertex -47.315 3.258 12.5
      vertex -47.346 4.167 2
    endloop
  endfacet
  facet normal 0 0 1
    outer loop
      vertex 13.63 13.949 2
      vertex 14.77 15.075 2
      vertex 12.325 15.662 2
    endloop
  endfacet
  facet normal -0.99704 0.07684 0
    outer loop
      vertex -48.549 4.109 2
      vertex -48.549 4.109 15
      vertex -48.346 6.743 2
    endloop
  endfacet
  facet normal 0.91569 0.40188 0
    outer loop
      vertex 14.968 11.397 2
      vertex 14.39 12.714 0
      vertex 14.39 12.714 2
    endloop
  endfacet
  facet normal 0.79445 -0.60733 0
    outer loop
      vertex 15.867 16.51 0
      vertex 14.77 15.075 2
      vertex 14.77 15.075 0
    endloop
  endfacet
  facet normal 0 0 1
    outer loop
      vertex -50.374 6.774 2
      vertex -50.53 4.587 2
      vertex -48.346 6.743 2
    endloop
  endfacet
  facet normal 0.70272 -0.71146 0
    outer loop
      vertex 14.77 15.075 2
      vertex 13.63 13.949 2
      vertex 13.63 13.949 0
    endloop
  endfacet
  facet normal 0.70272 -0.71146 0
    outer loop
      vertex 14.77 15.075 2
      vertex 13.63 13.949 0
      vertex 14.77 15.075 0
    endloop
  endfacet
  facet normal 0.85166 0.5241 0
    outer loop
      vertex 13.63 13.949 2
      vertex 14.39 12.714 2
      vertex 13.63 13.949 0
    endloop
  endfacet
  facet normal 0.85166 0.5241 0
    outer loop
      vertex 14.39 12.714 0
      vertex 13.63 13.949 0
      vertex 14.39 12.714 2
    endloop
  endfacet
  facet normal 0.97772 0.20994 0
    outer loop
      vertex -45.288 1.347 2
      vertex -44.617 -1.778 2
      vertex -45.288 1.347 0
    endloop
  endfacet
  facet normal 0 0 1
    outer loop
      vertex -45.288 1.347 2
      vertex -46.932 0 2
      vertex -44.617 -1.778 2
    endloop
  endfacet
  facet normal 0.67497 -0.73784 0
    outer loop
      vertex 10.729 14.202 2
      vertex 12.325 15.662 2
      vertex 12.325 15.662 15
    endloop
  endfacet
  facet normal 0.99513 -0.0986 0
    outer loop
      vertex -45.543 3.471 2
      vertex -45.543 3.471 0
      vertex -45.392 4.995 0
    endloop
  endfacet
  facet normal -0.62442 0.78109 0
    outer loop
      vertex 10.582 15.952 2
      vertex 8.528 14.31 2
      vertex 10.582 15.952 12.5
    endloop
  endfacet
  facet normal 0.99287 0.1192 0
    outer loop
      vertex -45.543 3.471 0
      vertex -45.543 3.471 2
      vertex -45.288 1.347 2
    endloop
  endfacet
  facet normal 0.99287 0.1192 0
    outer loop
      vertex -45.543 3.471 0
      vertex -45.288 1.347 2
      vertex -45.288 1.347 0
    endloop
  endfacet
  facet normal -0.70587 0.70834 0
    outer loop
      vertex 10.582 15.952 2
      vertex 10.582 15.952 12.5
      vertex 12.589 17.952 2
    endloop
  endfacet
  facet normal 0 0 1
    outer loop
      vertex -45.288 1.347 2
      vertex -45.543 3.471 2
      vertex -47.19 1.608 2
    endloop
  endfacet
  facet normal 0 0 1
    outer loop
      vertex -47.072 0.721 2
      vertex -45.288 1.347 2
      vertex -47.19 1.608 2
    endloop
  endfacet
  facet normal 0 0 1
    outer loop
      vertex -46.932 0 2
      vertex -45.288 1.347 2
      vertex -47.072 0.721 2
    endloop
  endfacet
  facet normal 0 0 1
    outer loop
      vertex -47.315 3.258 2
      vertex -47.19 1.608 2
      vertex -45.543 3.471 2
    endloop
  endfacet
  facet normal 0.99714 0.07554 0
    outer loop
      vertex -47.315 3.258 12.5
      vertex -47.19 1.608 2
      vertex -47.315 3.258 2
    endloop
  endfacet
  facet normal -0.52818 0.84913 0
    outer loop
      vertex 8.528 14.31 2
      vertex 8.192 14.101 2
      vertex 8.528 14.31 12.5
    endloop
  endfacet
  facet normal 0.98166 0.19061 0
    outer loop
      vertex -47.072 0.721 12.5
      vertex -46.932 0 2
      vertex -47.072 0.721 2
    endloop
  endfacet
  facet normal -0.52771 0.84942 -0.00002
    outer loop
      vertex 8.192 14.101 2
      vertex 6.922 13.312 2
      vertex 8.528 14.31 12.5
    endloop
  endfacet
  facet normal 0.99942 0.03408 0
    outer loop
      vertex -47.315 3.258 2
      vertex -47.346 4.167 2
      vertex -47.315 3.258 12.5
    endloop
  endfacet
  facet normal 0.99127 0.13187 0
    outer loop
      vertex -47.19 1.608 12.5
      vertex -47.072 0.721 12.5
      vertex -47.19 1.608 2
    endloop
  endfacet
  facet normal 0.99127 0.13187 0
    outer loop
      vertex -47.072 0.721 2
      vertex -47.19 1.608 2
      vertex -47.072 0.721 12.5
    endloop
  endfacet
  facet normal 0 0 1
    outer loop
      vertex 10.582 14.068 2
      vertex 11.908 12.439 2
      vertex 10.729 14.202 2
    endloop
  endfacet
  facet normal 0 0 1
    outer loop
      vertex 12.325 15.662 2
      vertex 10.729 14.202 2
      vertex 13.63 13.949 2
    endloop
  endfacet
  facet normal 0 0 1
    outer loop
      vertex 11.985 12.324 2
      vertex 13.63 13.949 2
      vertex 11.908 12.439 2
    endloop
  endfacet
  facet normal 0 0 1
    outer loop
      vertex 11.908 12.439 2
      vertex 13.63 13.949 2
      vertex 10.729 14.202 2
    endloop
  endfacet
  facet normal -0.98361 -0.18029 0
    outer loop
      vertex -48.304 0.742 2
      vertex -48.168 0 2
      vertex -48.304 0.742 15
    endloop
  endfacet
  facet normal 0 0 1
    outer loop
      vertex 12.589 17.952 2
      vertex 11.042 19.348 2
      vertex 10.582 15.952 2
    endloop
  endfacet
  facet normal -0.98373 -0.17967 -0.00004
    outer loop
      vertex -48.304 0.742 15
      vertex -48.168 0 2
      vertex -47.616 -3.025 15
    endloop
  endfacet
  facet normal 0 0 1
    outer loop
      vertex -48.549 4.109 2
      vertex -50.459 2.1 2
      vertex -48.304 0.742 2
    endloop
  endfacet
  facet normal 0 0 1
    outer loop
      vertex -50.178 -0.566 2
      vertex -48.304 0.742 2
      vertex -50.459 2.1 2
    endloop
  endfacet
  facet normal 0 0 1
    outer loop
      vertex -50.53 4.587 2
      vertex -50.459 2.1 2
      vertex -48.549 4.109 2
    endloop
  endfacet
  facet normal 0 0 1
    outer loop
      vertex -48.549 4.109 2
      vertex -48.346 6.743 2
      vertex -50.53 4.587 2
    endloop
  endfacet
  facet normal 0 0 1
    outer loop
      vertex 8.528 14.31 2
      vertex 10.582 15.952 2
      vertex 9.147 17.4 2
    endloop
  endfacet
  facet normal 0 0 1
    outer loop
      vertex 9.147 17.4 2
      vertex 7.29 15.484 2
      vertex 8.528 14.31 2
    endloop
  endfacet
  facet normal -0.86889 -0.495 -0.00002
    outer loop
      vertex -49.528 14.81 2
      vertex -49.152 14.15 2
      vertex -48.933 13.765 15
    endloop
  endfacet
  facet normal 0 0 1
    outer loop
      vertex 12.797 11.11 2
      vertex 13.134 9.899 2
      vertex 14.968 11.397 2
    endloop
  endfacet
  facet normal 0 0 1
    outer loop
      vertex 14.39 12.714 2
      vertex 12.797 11.11 2
      vertex 14.968 11.397 2
    endloop
  endfacet
  facet normal 0 0 1
    outer loop
      vertex 13.63 13.949 2
      vertex 12.009 12.288 2
      vertex 14.39 12.714 2
    endloop
  endfacet
  facet normal 0 0 1
    outer loop
      vertex 14.968 8.246 2
      vertex 15.16 9.886 2
      vertex 13.134 9.899 2
    endloop
  endfacet
  facet normal 0 0 1
    outer loop
      vertex 11.985 12.324 2
      vertex 12.009 12.288 2
      vertex 13.63 13.949 2
    endloop
  endfacet
  facet normal 0 0 1
    outer loop
      vertex 12.797 11.11 2
      vertex 14.39 12.714 2
      vertex 12.009 12.288 2
    endloop
  endfacet
  facet normal 0 0 1
    outer loop
      vertex 15.16 9.886 2
      vertex 14.968 11.397 2
      vertex 13.134 9.899 2
    endloop
  endfacet
  facet normal 0 0 1
    outer loop
      vertex 13.134 9.899 2
      vertex 12.926 8.573 2
      vertex 14.968 8.246 2
    endloop
  endfacet
  facet normal 0.94712 -0.32089 0
    outer loop
      vertex 14.39 6.54 2
      vertex 14.968 8.246 0
      vertex 14.968 8.246 2
    endloop
  endfacet
  facet normal 0.99322 -0.11628 0
    outer loop
      vertex 14.968 8.246 0
      vertex 15.16 9.886 0
      vertex 15.16 9.886 2
    endloop
  endfacet
  facet normal 0.99322 -0.11628 0
    outer loop
      vertex 14.968 8.246 0
      vertex 15.16 9.886 2
      vertex 14.968 8.246 2
    endloop
  endfacet
  facet normal -0.86906 -0.49471 -0.00002
    outer loop
      vertex -50.424 16.384 2
      vertex -49.528 14.81 2
      vertex -50.948 17.304 15
    endloop
  endfacet
  facet normal 0.99202 0.12605 0
    outer loop
      vertex 15.16 9.886 0
      vertex 14.968 11.397 0
      vertex 14.968 11.397 2
    endloop
  endfacet
  facet normal 0.99202 0.12605 0
    outer loop
      vertex 15.16 9.886 0
      vertex 14.968 11.397 2
      vertex 15.16 9.886 2
    endloop
  endfacet
  facet normal -0.86901 -0.49479 0
    outer loop
      vertex -49.528 14.81 2
      vertex -48.933 13.765 15
      vertex -50.948 17.304 15
    endloop
  endfacet
  facet normal 0.91569 0.40188 0
    outer loop
      vertex 14.968 11.397 0
      vertex 14.39 12.714 0
      vertex 14.968 11.397 2
    endloop
  endfacet
  facet normal -0.85961 -0.51095 0
    outer loop
      vertex -54.572 19.18 0
      vertex -50.772 12.787 0
      vertex -50.772 12.787 2
    endloop
  endfacet
  facet normal -0.85961 -0.51095 0
    outer loop
      vertex -54.572 19.18 0
      vertex -50.772 12.787 2
      vertex -54.572 19.18 2
    endloop
  endfacet
  facet normal 0 0 1
    outer loop
      vertex -49.528 14.81 2
      vertex -50.772 12.787 2
      vertex -49.152 14.15 2
    endloop
  endfacet
  facet normal 0 0 1
    outer loop
      vertex -49.528 14.81 2
      vertex -50.424 16.384 2
      vertex -50.772 12.787 2
    endloop
  endfacet
  facet normal 0 0 1
    outer loop
      vertex -50.424 16.384 2
      vertex -50.948 17.304 2
      vertex -50.772 12.787 2
    endloop
  endfacet
  facet normal -0.9504 0.31104 0
    outer loop
      vertex -49.65 9.528 0
      vertex -49.974 8.538 0
      vertex -49.974 8.538 2
    endloop
  endfacet
  facet normal -0.9504 0.31104 0
    outer loop
      vertex -49.65 9.528 0
      vertex -49.974 8.538 2
      vertex -49.65 9.528 2
    endloop
  endfacet
  facet normal -0.97524 0.22114 0
    outer loop
      vertex -49.974 8.538 0
      vertex -50.374 6.774 0
      vertex -50.374 6.774 2
    endloop
  endfacet
  facet normal -0.97524 0.22114 0
    outer loop
      vertex -49.974 8.538 0
      vertex -50.374 6.774 2
      vertex -49.974 8.538 2
    endloop
  endfacet
  facet normal -0.99973 0.02304 0
    outer loop
      vertex -49.632 10.309 0
      vertex -49.65 9.528 0
      vertex -49.65 9.528 2
    endloop
  endfacet
  facet normal -0.99973 0.02304 0
    outer loop
      vertex -49.632 10.309 0
      vertex -49.65 9.528 2
      vertex -49.632 10.309 2
    endloop
  endfacet
  facet normal 0 0 1
    outer loop
      vertex -50.374 6.774 2
      vertex -48.346 6.743 2
      vertex -49.974 8.538 2
    endloop
  endfacet
  facet normal -0.93841 -0.34552 0
    outer loop
      vertex -49.984 11.265 0
      vertex -49.632 10.309 0
      vertex -49.632 10.309 2
    endloop
  endfacet
  facet normal -0.93841 -0.34552 0
    outer loop
      vertex -49.984 11.265 0
      vertex -49.632 10.309 2
      vertex -49.984 11.265 2
    endloop
  endfacet
  facet normal 0 0 1
    outer loop
      vertex -47.242 8.957 2
      vertex -47.048 9.578 2
      vertex -49.65 9.528 2
    endloop
  endfacet
  facet normal 0 0 1
    outer loop
      vertex -49.65 9.528 2
      vertex -49.974 8.538 2
      vertex -48.076 7.68 2
    endloop
  endfacet
  facet normal -0.88804 -0.45977 0
    outer loop
      vertex -49.984 11.265 2
      vertex -50.772 12.787 2
      vertex -49.984 11.265 0
    endloop
  endfacet
  facet normal -0.88804 -0.45977 0
    outer loop
      vertex -50.772 12.787 0
      vertex -49.984 11.265 0
      vertex -50.772 12.787 2
    endloop
  endfacet
  facet normal 0 0 1
    outer loop
      vertex -50.772 12.787 2
      vertex -49.984 11.265 2
      vertex -48.933 13.765 2
    endloop
  endfacet
  facet normal 0 0 1
    outer loop
      vertex -49.632 10.309 2
      vertex -47.557 11.048 2
      vertex -49.984 11.265 2
    endloop
  endfacet
endsolid stl_item0
