solid Exported#from#Blender-2.93.1
 facet normal -0.382583 -0.923921       -0
  outer loop
   vertex -6.24263 -10.6329 -2.55619
   vertex -6.24263 -10.6329 -3.07019
   vertex -3.30363 -11.8499 -2.97719
  endloop
 endfacet
 facet normal -0.382583 -0.923921        0
  outer loop
   vertex -6.24263 -10.6329 -2.55619
   vertex -3.30363 -11.8499 -2.97719
   vertex -3.30363 -11.8499 -2.46419
  endloop
 endfacet
 facet normal 0.130483 0.991451        0
  outer loop
   vertex  3.00437  11.6911  2.54381
   vertex  2.11537  11.8081  2.56981
   vertex  2.11537  11.8081  3.08381
  endloop
 endfacet
 facet normal 0.130483 0.991451       -0
  outer loop
   vertex  3.00437  11.6911  2.54381
   vertex  2.11537  11.8081  3.08381
   vertex  3.00437  11.6911  3.05781
  endloop
 endfacet
 facet normal 0.00763544 0.0282257 0.999572
  outer loop
   vertex -11.5766  3.90312  3.58381
   vertex -11.9196  3.07512  3.60981
   vertex -12.0366  2.18612  3.63581
  endloop
 endfacet
 facet normal -0.457442 0.216579 0.862462
  outer loop
   vertex -13.0926  3.38912  2.39481
   vertex -11.9196  3.07512  3.09581
   vertex -11.5766  3.90312  3.06981
  endloop
 endfacet
 facet normal 0.500244 -0.865882 -0.00202176
  outer loop
   vertex  6.65437 -10.0869 -6.57919
   vertex  5.11537 -10.9759 -6.63119
   vertex  4.59132 -11.2753 -8.04519
  endloop
 endfacet
 facet normal 0.502401 -0.864613 -0.00608665
  outer loop
   vertex  6.65437 -10.0869 -6.57919
   vertex  4.59132 -11.2753 -8.04519
   vertex  7.22445  -9.7453 -8.04519
  endloop
 endfacet
 facet normal 0.511589 -0.165126 0.843214
  outer loop
   vertex  11.0964 -4.73788  4.25481
   vertex  6.66151 -1.78886  7.52301
   vertex  6.45029 -2.44325  7.52301
  endloop
 endfacet
 facet normal 0.991434 -0.13061        0
  outer loop
   vertex  13.2504 -0.0788777 -0.826192
   vertex  12.7934 -3.54788 -0.918191
   vertex  12.7934 -3.54788 -1.21119
  endloop
 endfacet
 facet normal 0.991434 -0.13061        0
  outer loop
   vertex  13.2504 -0.0788777 -0.826192
   vertex  12.7934 -3.54788 -1.21119
   vertex  13.2504 -0.0788777 -1.11919
  endloop
 endfacet
 facet normal -0.130647 0.991429        0
  outer loop
   vertex -3.61763  12.8641 -2.39019
   vertex -0.149626  13.3211 -2.48219
   vertex -0.149626  13.3211 -2.77519
  endloop
 endfacet
 facet normal -0.130647 0.991429        0
  outer loop
   vertex -3.61763  12.8641 -2.39019
   vertex -0.149626  13.3211 -2.77519
   vertex -3.61763  12.8641 -2.68319
  endloop
 endfacet
 facet normal -0.382503 0.923954        0
  outer loop
   vertex -3.61763  12.8641 -7.10019
   vertex -6.84963  11.5261 -7.00819
   vertex -6.84963  11.5261 -6.71619
  endloop
 endfacet
 facet normal -0.382503 0.923954        0
  outer loop
   vertex -3.61763  12.8641 -7.10019
   vertex -6.84963  11.5261 -6.71619
   vertex -3.61763  12.8641 -6.80819
  endloop
 endfacet
 facet normal 0.991434 -0.13061        0
  outer loop
   vertex  13.2504 -0.0788777 -5.24319
   vertex  12.7934 -3.54788 -5.33519
   vertex  12.7934 -3.54788 -5.62819
  endloop
 endfacet
 facet normal 0.991434 -0.13061        0
  outer loop
   vertex  13.2504 -0.0788777 -5.24319
   vertex  12.7934 -3.54788 -5.62819
   vertex  13.2504 -0.0788777 -5.53619
  endloop
 endfacet
 facet normal 0.866371  -0.4994 -0.00129941
  outer loop
   vertex  11.0615 -4.79383 -8.04519
   vertex  11.0964 -4.73788 -6.32219
   vertex  10.7464 -5.34488 -6.39519
  endloop
 endfacet
 facet normal 0.865935 -0.500156 -0.000549579
  outer loop
   vertex  10.0374 -6.57048 -8.04519
   vertex  9.85737 -6.88388 -6.44719
   vertex  9.50737 -7.48988 -6.41419
  endloop
 endfacet
 facet normal -0.866305 -0.499516        0
  outer loop
   vertex -11.0456 -5.34488  3.10381
   vertex -11.0456 -5.34488  3.85981
   vertex -11.3956 -4.73788  4.25481
  endloop
 endfacet
 facet normal -0.866305 -0.499516        0
  outer loop
   vertex -11.0456 -5.34488  3.10381
   vertex -11.3956 -4.73788  4.25481
   vertex -11.3956 -4.73788  3.06081
  endloop
 endfacet
 facet normal -0.136003 -0.507777 0.850686
  outer loop
   vertex -1.95438 -6.61484    7.523
   vertex -4.80763 -11.3259  4.25481
   vertex -1.73863 -12.1479  4.25481
  endloop
 endfacet
 facet normal -0.122989 -0.508266 0.852373
  outer loop
   vertex -1.95438 -6.61484    7.523
   vertex -1.73863 -12.1479  4.25481
   vertex -1.28605 -6.77656    7.523
  endloop
 endfacet
 facet normal        0       -0        1
  outer loop
   vertex -2.48429  -5.0079     35.4
   vertex -2.06646 -3.92365     35.4
   vertex -2.54193 -3.63372     35.4
  endloop
 endfacet
 facet normal        0        0        1
  outer loop
   vertex -2.48429  -5.0079     35.4
   vertex -2.54193 -3.63372     35.4
   vertex -3.02012 -4.70421     35.4
  endloop
 endfacet
 facet normal -0.130454 -0.991454        0
  outer loop
   vertex -0.149626 -12.2649 -2.37219
   vertex -3.30363 -11.8499 -2.46419
   vertex -3.30363 -11.8499 -2.97719
  endloop
 endfacet
 facet normal -0.130454 -0.991454       -0
  outer loop
   vertex -0.149626 -12.2649 -2.37219
   vertex -3.30363 -11.8499 -2.97719
   vertex -0.149626 -12.2649 -2.88519
  endloop
 endfacet
 facet normal 0.923921 -0.382583        0
  outer loop
   vertex  11.6204 -3.23388 -1.91219
   vertex  10.4034 -6.17288 -2.00419
   vertex  10.4034 -6.17288 -2.51719
  endloop
 endfacet
 facet normal 0.923921 -0.382583        0
  outer loop
   vertex  11.6204 -3.23388 -1.91219
   vertex  10.4034 -6.17288 -2.51719
   vertex  11.6204 -3.23388 -2.42519
  endloop
 endfacet
 facet normal -0.609064 -0.793121        0
  outer loop
   vertex -6.95363 -10.0869  3.00481
   vertex -6.24263 -10.6329  2.99081
   vertex -6.24263 -10.6329  4.06981
  endloop
 endfacet
 facet normal -0.609064 -0.793121        0
  outer loop
   vertex -6.95363 -10.0869  3.00481
   vertex -6.24263 -10.6329  4.06981
   vertex -6.95363 -10.0869  4.04381
  endloop
 endfacet
 facet normal 0.608966 0.793196        0
  outer loop
   vertex  5.94337  10.4741 0.756808
   vertex  8.46637  8.53712 0.664809
   vertex  8.46637  8.53712 0.150809
  endloop
 endfacet
 facet normal 0.608966 0.793196        0
  outer loop
   vertex  5.94337  10.4741 0.756808
   vertex  8.46637  8.53712 0.150809
   vertex  5.94337  10.4741 0.243808
  endloop
 endfacet
 facet normal -0.923921 0.382583        0
  outer loop
   vertex -10.7026  6.01412 -5.83019
   vertex -11.9196  3.07512 -5.73819
   vertex -11.9196  3.07512 -5.22519
  endloop
 endfacet
 facet normal -0.923921 0.382583        0
  outer loop
   vertex -10.7026  6.01412 -5.83019
   vertex -11.9196  3.07512 -5.22519
   vertex -10.7026  6.01412 -5.31719
  endloop
 endfacet
 facet normal 0.130484 -0.99145        0
  outer loop
   vertex 0.739374 -12.1479  2.07081
   vertex -0.149626 -12.2649  2.04481
   vertex -0.149626 -12.2649  1.53181
  endloop
 endfacet
 facet normal 0.130484 -0.99145        0
  outer loop
   vertex 0.739374 -12.1479  2.07081
   vertex -0.149626 -12.2649  1.53181
   vertex 0.739374 -12.1479  2.04481
  endloop
 endfacet
 facet normal -0.414019 -0.305209 0.857576
  outer loop
   vertex -9.80663 -7.48988  4.25481
   vertex -5.34106 -4.36449    7.523
   vertex -5.74908 -3.81101    7.523
  endloop
 endfacet
 facet normal -0.923954 0.382503        0
  outer loop
   vertex -11.7546  6.62112 -2.40719
   vertex -13.0926  3.38912 -2.31519
   vertex -13.0926  3.38912 -2.02219
  endloop
 endfacet
 facet normal -0.923954 0.382503        0
  outer loop
   vertex -11.7546  6.62112 -2.40719
   vertex -13.0926  3.38912 -2.02219
   vertex -11.7546  6.62112 -2.11419
  endloop
 endfacet
 facet normal -0.608881 0.793261        0
  outer loop
   vertex -9.62463  9.39612 0.00180721
   vertex -6.84963  11.5261 -0.0901918
   vertex -6.84963  11.5261 -0.382192
  endloop
 endfacet
 facet normal -0.608881 0.793261        0
  outer loop
   vertex -9.62463  9.39612 0.00180721
   vertex -6.84963  11.5261 -0.382192
   vertex -9.62463  9.39612 -0.290193
  endloop
 endfacet
 facet normal -0.258641 0.965974        0
  outer loop
   vertex -4.13163  11.3481  2.75381
   vertex -4.80763  11.1671  2.72081
   vertex -4.13163  11.3481  3.26781
  endloop
 endfacet
 facet normal -0.216437 0.457488 -0.862473
  outer loop
   vertex -3.61763  12.8641 -2.68319
   vertex -3.30363  11.6911 -3.38419
   vertex -6.24263  10.4741 -3.29219
  endloop
 endfacet
 facet normal -0.212559 0.453949 -0.865303
  outer loop
   vertex -3.61763  12.8641 -2.68319
   vertex -6.24263  10.4741 -3.29219
   vertex -6.84963  11.5261 -2.59119
  endloop
 endfacet
 facet normal -0.130454 0.991454        0
  outer loop
   vertex -3.30363  11.6911 -6.10619
   vertex -3.30363  11.6911 -5.59319
   vertex -0.149626  12.1061 -5.68519
  endloop
 endfacet
 facet normal -0.130454 0.991454        0
  outer loop
   vertex -3.30363  11.6911 -6.10619
   vertex -0.149626  12.1061 -5.68519
   vertex -0.149626  12.1061 -6.19919
  endloop
 endfacet
 facet normal -0.170675 0.475941 0.862757
  outer loop
   vertex -5.41463  10.8171  2.79381
   vertex -4.80763  11.1671  2.72081
   vertex -6.84963  11.5261  2.11881
  endloop
 endfacet
 facet normal -0.499517 0.866304        0
  outer loop
   vertex -4.80763  11.1671  2.72081
   vertex -5.41463  10.8171  2.79381
   vertex -5.41463  10.8171  3.30781
  endloop
 endfacet
 facet normal -0.268227 -0.450925 0.851306
  outer loop
   vertex -4.80763 -11.3259  4.25481
   vertex -3.22634 -6.09643    7.523
   vertex -3.81732  -5.7449    7.523
  endloop
 endfacet
 facet normal -0.261438 -0.452787 0.852428
  outer loop
   vertex -4.80763 -11.3259  4.25481
   vertex -3.81732  -5.7449    7.523
   vertex -7.55963 -9.73688  4.25481
  endloop
 endfacet
 facet normal -0.630936 -0.771031 0.0862036
  outer loop
   vertex -7.56327 -9.70495 -8.04519
   vertex -7.44322 -9.80319 -8.04519
   vertex -6.95363 -10.0869 -6.99919
  endloop
 endfacet
 facet normal -0.500939 -0.865152 -0.0239288
  outer loop
   vertex -7.56327 -9.70495 -8.04519
   vertex -6.95363 -10.0869 -6.99919
   vertex -7.55963 -9.73688 -6.96719
  endloop
 endfacet
 facet normal 0.525049 -0.140629 0.839373
  outer loop
   vertex  6.66151 -1.78886  7.52301
   vertex  11.0964 -4.73788  4.25481
   vertex  11.9184 -1.66888  4.25481
  endloop
 endfacet
 facet normal 0.526435 -0.113572 0.842596
  outer loop
   vertex  6.66151 -1.78886  7.52301
   vertex  11.9184 -1.66888  4.25481
   vertex  6.80652  -1.1167  7.52301
  endloop
 endfacet
 facet normal -0.46675 -0.217338 0.857268
  outer loop
   vertex -11.3956 -4.73788  4.25481
   vertex -6.09997 -3.21965    7.523
   vertex -6.39023 -2.59629    7.523
  endloop
 endfacet
 facet normal 0.467621 -0.270003 0.841682
  outer loop
   vertex  9.50737 -7.48988  4.25481
   vertex  11.0964 -4.73788  4.25481
   vertex  6.17497 -3.07335  7.52301
  endloop
 endfacet
 facet normal 0.472533 -0.265359 0.840415
  outer loop
   vertex  9.50737 -7.48988  4.25481
   vertex  6.17497 -3.07335  7.52301
   vertex  5.83828  -3.6729  7.52301
  endloop
 endfacet
 facet normal -0.486726 -0.170013 0.856851
  outer loop
   vertex -11.3956 -4.73788  4.25481
   vertex -6.39023 -2.59629    7.523
   vertex -6.61698 -1.94712    7.523
  endloop
 endfacet
 facet normal 0.130483 0.991451        0
  outer loop
   vertex -0.149626  12.1061 -5.68519
   vertex 0.739374  11.9891 -6.23719
   vertex 0.739374  11.9891 -6.26419
  endloop
 endfacet
 facet normal 0.130483 0.991451        0
  outer loop
   vertex -0.149626  12.1061 -5.68519
   vertex 0.739374  11.9891 -6.26419
   vertex -0.149626  12.1061 -6.19919
  endloop
 endfacet
 facet normal -0.259923 0.464046 0.846818
  outer loop
   vertex  -3.6665  5.84231    7.523
   vertex -3.06657  6.17834    7.523
   vertex -4.80763  11.1671  4.25481
  endloop
 endfacet
 facet normal -0.266744 0.461976 0.845828
  outer loop
   vertex  -3.6665  5.84231    7.523
   vertex -4.80763  11.1671  4.25481
   vertex -7.55963  9.57812  4.25481
  endloop
 endfacet
 facet normal        0        1        0
  outer loop
   vertex -1.73863  11.9891  4.25481
   vertex -1.03863  11.9891  3.17581
   vertex -1.73863  11.9891  2.62881
  endloop
 endfacet
 facet normal -0.25864 0.965974        0
  outer loop
   vertex -1.73863  11.9891  4.25481
   vertex -1.73863  11.9891  2.62881
   vertex -2.41463  11.8081  3.21581
  endloop
 endfacet
 facet normal 0.386088 0.385665 0.837973
  outer loop
   vertex  4.63091  5.11179  7.52301
   vertex  5.11687   4.6253  7.52301
   vertex  9.50737  7.33112  4.25481
  endloop
 endfacet
 facet normal 0.385932 0.385932 0.837922
  outer loop
   vertex  4.63091  5.11179  7.52301
   vertex  9.50737  7.33112  4.25481
   vertex  7.26037  9.57812  4.25481
  endloop
 endfacet
 facet normal -0.510038 -0.0701003  0.85729
  outer loop
   vertex -12.2176 -1.66888  4.25481
   vertex -6.77797 -1.27861    7.523
   vertex  -6.8716 -0.597388    7.523
  endloop
 endfacet
 facet normal -0.518698 -0.0191228 0.854743
  outer loop
   vertex -12.2176 -1.66888  4.25481
   vertex  -6.8716 -0.597388    7.523
   vertex -6.89693 0.0897709    7.523
  endloop
 endfacet
 facet normal 0.130483 0.991451        0
  outer loop
   vertex  3.00437  11.6911 -6.43219
   vertex  2.11537  11.8081 -6.36619
   vertex  2.11537  11.8081 -6.23719
  endloop
 endfacet
 facet normal 0.130483 0.991451       -0
  outer loop
   vertex  3.00437  11.6911 -6.43219
   vertex  2.11537  11.8081 -6.23719
   vertex  3.00437  11.6911 -5.77719
  endloop
 endfacet
 facet normal 0.382713 0.923867        0
  outer loop
   vertex  3.83237  11.3481 -6.23719
   vertex  3.83237  11.3481 -6.49819
   vertex  3.00437  11.6911 -6.43219
  endloop
 endfacet
 facet normal 0.382713 0.923867        0
  outer loop
   vertex  3.83237  11.3481 -6.23719
   vertex  3.00437  11.6911 -6.43219
   vertex  3.00437  11.6911 -5.77719
  endloop
 endfacet
 facet normal 0.527016  0.15508 0.835586
  outer loop
   vertex   6.5117  2.27453  7.52301
   vertex  6.70581  1.61487  7.52301
   vertex  11.9184  1.51012  4.25481
  endloop
 endfacet
 facet normal 0.526666 0.141062 0.838286
  outer loop
   vertex   6.5117  2.27453  7.52301
   vertex  11.9184  1.51012  4.25481
   vertex  11.0964  4.57912  4.25481
  endloop
 endfacet
 facet normal -0.965974 -0.258641       -0
  outer loop
   vertex -12.2176 -1.66888  4.25481
   vertex -12.2176 -1.66888  3.10981
   vertex -12.0366 -2.34488  3.15281
  endloop
 endfacet
 facet normal -0.965974 -0.258641        0
  outer loop
   vertex -12.2176 -1.66888  4.25481
   vertex -12.0366 -2.34488  3.15281
   vertex -12.0366 -2.34488  3.76781
  endloop
 endfacet
 facet normal 0.202123 0.495923 0.844516
  outer loop
   vertex  4.50837  11.1671  4.25481
   vertex  2.28168   6.5092    7.523
   vertex  2.91844  6.24967    7.523
  endloop
 endfacet
 facet normal        0        0       -1
  outer loop
   vertex -6.26122  2.51087  23.1033
   vertex -5.07445  2.34536  23.1033
   vertex -5.30166  1.77289  23.1033
  endloop
 endfacet
 facet normal        0       -0       -1
  outer loop
   vertex -6.26122  2.51087  23.1033
   vertex -5.30166  1.77289  23.1033
   vertex -6.48312  1.86455  23.1033
  endloop
 endfacet
 facet normal 0.545175       -0 0.838322
  outer loop
   vertex  11.9184 -1.66888  4.25481
   vertex  11.9184  1.51012  4.25481
   vertex  6.89283 0.254125  7.52301
  endloop
 endfacet
 facet normal 0.543259 -0.00707135 0.839536
  outer loop
   vertex  11.9184 -1.66888  4.25481
   vertex  6.89283 0.254125  7.52301
   vertex  6.88388 -0.433443  7.52301
  endloop
 endfacet
 facet normal -0.510116 0.0836917 0.856024
  outer loop
   vertex -12.2176  1.51012  4.25481
   vertex -6.85372 0.776037    7.523
   vertex  -6.7424  1.45459    7.523
  endloop
 endfacet
 facet normal  0.13712 -0.512862 0.847449
  outer loop
   vertex  4.50837 -11.3259  4.25481
   vertex  2.11148 -6.56638    7.523
   vertex  1.44719 -6.74399    7.523
  endloop
 endfacet
 facet normal 0.137333 -0.512745 0.847486
  outer loop
   vertex  4.50837 -11.3259  4.25481
   vertex  1.44719 -6.74399    7.523
   vertex  1.43937 -12.1479  4.25481
  endloop
 endfacet
 facet normal        0        0       -1
  outer loop
   vertex  4.76362 -4.77653  16.9549
   vertex  3.81886 -4.08252  16.9549
   vertex   4.2448 -3.63763  16.9549
  endloop
 endfacet
 facet normal        0        0       -1
  outer loop
   vertex  4.76362 -4.77653  16.9549
   vertex   4.2448 -3.63763  16.9549
   vertex  5.22241  -4.2701  16.9549
  endloop
 endfacet
 facet normal -0.516444 -0.156411 -0.841915
  outer loop
   vertex  8.88037  3.55812  4.25481
   vertex  9.42037  1.77512  4.25481
   vertex   4.1923  1.44563  7.52301
  endloop
 endfacet
 facet normal -0.495266 -0.20642 -0.843861
  outer loop
   vertex  8.88037  3.55812  4.25481
   vertex   4.1923  1.44563  7.52301
   vertex  3.97806  1.95967  7.52301
  endloop
 endfacet
 facet normal  0.99146 -0.130414        0
  outer loop
   vertex  12.0354 -0.0788777 -4.02919
   vertex  11.6204 -3.23388 -4.12119
   vertex  11.6204 -3.23388 -4.63419
  endloop
 endfacet
 facet normal  0.99146 -0.130414        0
  outer loop
   vertex  12.0354 -0.0788777 -4.02919
   vertex  11.6204 -3.23388 -4.63419
   vertex  12.0354 -0.0788777 -4.54219
  endloop
 endfacet
 facet normal 0.865919 0.500184 0.000359791
  outer loop
   vertex  11.0964  4.57912  4.25481
   vertex  10.7464  5.18612  2.75581
   vertex  9.85737  6.72512  2.80781
  endloop
 endfacet
 facet normal 0.866008 0.500031 5.71007e-05
  outer loop
   vertex  11.0964  4.57912  4.25481
   vertex  9.85737  6.72512  2.80781
   vertex  9.50737  7.33112  4.25481
  endloop
 endfacet
 facet normal    0.436 -0.305647 0.846453
  outer loop
   vertex  9.50737 -7.48988  4.25481
   vertex  5.83828  -3.6729  7.52301
   vertex  5.44356 -4.23596  7.52301
  endloop
 endfacet
 facet normal 0.609064 0.793121        0
  outer loop
   vertex  8.46637  8.53712  2.35981
   vertex  7.75537  9.08312  2.38581
   vertex  7.75537  9.08312  2.89981
  endloop
 endfacet
 facet normal 0.609064 0.793121       -0
  outer loop
   vertex  8.46637  8.53712  2.35981
   vertex  7.75537  9.08312  2.89981
   vertex  8.46637  8.53712  2.87381
  endloop
 endfacet
 facet normal -0.944064 -0.329761        0
  outer loop
   vertex -6.61698 -1.94712    7.523
   vertex -6.39023 -2.59629    7.523
   vertex -6.39023 -2.59629       10
  endloop
 endfacet
 facet normal -0.944064 -0.329761        0
  outer loop
   vertex -6.61698 -1.94712    7.523
   vertex -6.39023 -2.59629       10
   vertex -6.61698 -1.94712       10
  endloop
 endfacet
 facet normal -0.608966 -0.793196        0
  outer loop
   vertex -8.76563 -8.69588 -3.16219
   vertex -6.24263 -10.6329 -3.07019
   vertex -6.24263 -10.6329 -2.55619
  endloop
 endfacet
 facet normal -0.608966 -0.793196        0
  outer loop
   vertex -8.76563 -8.69588 -3.16219
   vertex -6.24263 -10.6329 -2.55619
   vertex -8.76563 -8.69588 -2.64819
  endloop
 endfacet
 facet normal 0.130454 0.991454       -0
  outer loop
   vertex -0.149626  12.1061  0.42781
   vertex -0.149626  12.1061 0.940806
   vertex  3.00437  11.6911 0.848807
  endloop
 endfacet
 facet normal 0.130454 0.991454        0
  outer loop
   vertex -0.149626  12.1061  0.42781
   vertex  3.00437  11.6911 0.848807
   vertex  3.00437  11.6911 0.335807
  endloop
 endfacet
 facet normal 0.130454 0.991454        0
  outer loop
   vertex -0.149626  12.1061 -1.26819
   vertex  3.00437  11.6911 -1.36019
   vertex  3.00437  11.6911 -1.87319
  endloop
 endfacet
 facet normal 0.130454 0.991454        0
  outer loop
   vertex -0.149626  12.1061 -1.26819
   vertex  3.00437  11.6911 -1.87319
   vertex -0.149626  12.1061 -1.78119
  endloop
 endfacet
 facet normal -0.130454 -0.991454        0
  outer loop
   vertex -3.30363 -11.8499 -0.769193
   vertex -0.149626 -12.2649 -0.677194
   vertex -0.149626 -12.2649 -0.163194
  endloop
 endfacet
 facet normal -0.130454 -0.991454        0
  outer loop
   vertex -3.30363 -11.8499 -0.769193
   vertex -0.149626 -12.2649 -0.163194
   vertex -3.30363 -11.8499 -0.255193
  endloop
 endfacet
 facet normal 0.382583 0.923921        0
  outer loop
   vertex  3.00437  11.6911 -1.36019
   vertex  5.94337  10.4741 -1.45219
   vertex  5.94337  10.4741 -1.96519
  endloop
 endfacet
 facet normal 0.382583 0.923921        0
  outer loop
   vertex  3.00437  11.6911 -1.36019
   vertex  5.94337  10.4741 -1.96519
   vertex  3.00437  11.6911 -1.87319
  endloop
 endfacet
 facet normal -0.819409 0.573209 -2.80321e-08
  outer loop
   vertex  3.78615 -2.30875  7.52301
   vertex  3.46693 -2.76507  7.52301
   vertex  3.46693 -2.76507     35.4
  endloop
 endfacet
 facet normal -0.81941 0.573209 -3.50401e-08
  outer loop
   vertex  3.78615 -2.30875  7.52301
   vertex  3.46693 -2.76507     35.4
   vertex  3.78615 -2.30875     35.4
  endloop
 endfacet
 facet normal -0.965952 0.258721 8.53872e-05
  outer loop
   vertex -11.5766  3.90312 -7.46019
   vertex -11.4214  4.48298 -8.04519
   vertex -12.1265  1.85048 -8.04519
  endloop
 endfacet
 facet normal -0.965936 0.258779 -0.000135099
  outer loop
   vertex -12.0366  2.18612 -7.40819
   vertex -11.5766  3.90312 -7.46019
   vertex -12.1265  1.85048 -8.04519
  endloop
 endfacet
 facet normal -0.00760397 -0.0282342 -0.999572
  outer loop
   vertex -11.9196  3.07512 -7.43419
   vertex -11.5766  3.90312 -7.46019
   vertex -12.0366  2.18612 -7.40819
  endloop
 endfacet
 facet normal 0.00762032 -0.028232 -0.999572
  outer loop
   vertex -11.5766 -4.06188 -7.22419
   vertex -11.9196 -3.23388 -7.25019
   vertex -12.0366 -2.34488 -7.27619
  endloop
 endfacet
 facet normal  0.47173 0.881743       -0
  outer loop
   vertex -5.17963 -7.97988 -8.04519
   vertex -5.17963 -7.97988  4.25481
   vertex -3.53663 -8.85888  4.25481
  endloop
 endfacet
 facet normal  0.47173 0.881743        0
  outer loop
   vertex -5.17963 -7.97988 -8.04519
   vertex -3.53663 -8.85888  4.25481
   vertex -3.53663 -8.85888 -8.04519
  endloop
 endfacet
 facet normal 0.0253389 0.0146043 0.999572
  outer loop
   vertex -5.41463  10.8171  3.30781
   vertex -6.24263  10.4741  3.33381
   vertex -6.95363  9.92812  3.35981
  endloop
 endfacet
 facet normal -0.382714 0.923867        0
  outer loop
   vertex -3.30363  11.6911  2.72781
   vertex -4.13163  11.3481  2.75381
   vertex -4.13163  11.3481  3.26781
  endloop
 endfacet
 facet normal -0.382714 0.923867        0
  outer loop
   vertex -3.30363  11.6911  2.72781
   vertex -4.13163  11.3481  3.26781
   vertex -3.30363  11.6911  3.24181
  endloop
 endfacet
 facet normal  -0.1703 0.476485 0.862531
  outer loop
   vertex -6.84963  11.5261  2.11881
   vertex -6.24263  10.4741  2.81981
   vertex -5.41463  10.8171  2.79381
  endloop
 endfacet
 facet normal -0.284927 0.412241 0.865375
  outer loop
   vertex -6.95363  9.92812  2.84581
   vertex -6.24263  10.4741  2.81981
   vertex -6.84963  11.5261  2.11881
  endloop
 endfacet
 facet normal -0.288258 0.412865 0.863973
  outer loop
   vertex -6.84963  11.5261  2.11881
   vertex -9.62463  9.39612  2.21081
   vertex -7.55963  9.57812  2.81281
  endloop
 endfacet
 facet normal -0.707106 0.707107        0
  outer loop
   vertex -8.05463  9.08312  2.88581
   vertex -8.05463  9.08312  3.39981
   vertex -7.55963  9.57812  2.81281
  endloop
 endfacet
 facet normal -0.484872  0.18366 0.855083
  outer loop
   vertex -11.3956  4.57912  4.25481
   vertex -6.56406  2.11869    7.523
   vertex -6.32049  2.76173    7.523
  endloop
 endfacet
 facet normal -0.707107 0.707107 1.07359e-06
  outer loop
   vertex -8.05463  9.08312  3.39981
   vertex -9.31163  7.82612  3.45181
   vertex -7.55963  9.57812  4.25481
  endloop
 endfacet
 facet normal -0.500135 0.865947        0
  outer loop
   vertex -6.95363  9.92812  2.84581
   vertex -7.55963  9.57812  2.81281
   vertex -6.95363  9.92812  3.35981
  endloop
 endfacet
 facet normal -0.285203 0.412222 0.865293
  outer loop
   vertex -6.95363  9.92812  2.84581
   vertex -6.84963  11.5261  2.11881
   vertex -7.55963  9.57812  2.81281
  endloop
 endfacet
 facet normal 0.411502 -0.287179 -0.864982
  outer loop
   vertex  10.4034 -6.17288 -4.21319
   vertex  11.4554 -6.77988 -3.51119
   vertex  9.32537 -9.55488 -3.60319
  endloop
 endfacet
 facet normal 0.416415 -0.288256 -0.862268
  outer loop
   vertex  10.4034 -6.17288 -4.21319
   vertex  9.32537 -9.55488 -3.60319
   vertex  8.46637 -8.69588 -4.30519
  endloop
 endfacet
 facet normal -0.793196 0.608966        0
  outer loop
   vertex -10.7026  6.01412 -0.900193
   vertex -8.76563  8.53712 -0.992192
   vertex -8.76563  8.53712 -1.50519
  endloop
 endfacet
 facet normal -0.793196 0.608966        0
  outer loop
   vertex -10.7026  6.01412 -0.900193
   vertex -8.76563  8.53712 -1.50519
   vertex -10.7026  6.01412 -1.41319
  endloop
 endfacet
 facet normal 0.991429 0.130647        0
  outer loop
   vertex  13.2504 -0.0788777  1.08981
   vertex  12.7934  3.38912  1.18181
   vertex  12.7934  3.38912  1.47481
  endloop
 endfacet
 facet normal 0.991429 0.130647       -0
  outer loop
   vertex  13.2504 -0.0788777  1.08981
   vertex  12.7934  3.38912  1.47481
   vertex  13.2504 -0.0788777  1.38281
  endloop
 endfacet
 facet normal 0.286845 -0.41108 0.865294
  outer loop
   vertex  5.94337 -10.6329  1.71581
   vertex  6.55037 -11.6849  1.01481
   vertex  9.32537 -9.55488  1.10681
  endloop
 endfacet
 facet normal 0.287924 -0.415998 0.862581
  outer loop
   vertex  5.94337 -10.6329  1.71581
   vertex  9.32537 -9.55488  1.10681
   vertex  8.46637 -8.69588  1.80781
  endloop
 endfacet
 facet normal -0.793261 -0.608882        0
  outer loop
   vertex -9.62463 -9.55488 -3.86319
   vertex -11.7546 -6.77988 -3.95519
   vertex -11.7546 -6.77988 -4.24719
  endloop
 endfacet
 facet normal -0.793261 -0.608882       -0
  outer loop
   vertex -9.62463 -9.55488 -3.86319
   vertex -11.7546 -6.77988 -4.24719
   vertex -9.62463 -9.55488 -4.15519
  endloop
 endfacet
 facet normal 0.043013 -0.499506 0.865242
  outer loop
   vertex -0.149626 -12.2649 -2.88519
   vertex -0.149626 -13.4809 -3.58719
   vertex  3.31837 -13.0229 -3.49519
  endloop
 endfacet
 facet normal 0.0412881 -0.504929 0.862173
  outer loop
   vertex -0.149626 -12.2649 -2.88519
   vertex  3.31837 -13.0229 -3.49519
   vertex  3.00437 -11.8499 -2.79319
  endloop
 endfacet
 facet normal -0.32289 0.383291 -0.865349
  outer loop
   vertex -8.76563  8.53712 -5.40919
   vertex -9.62463  9.39612 -4.70819
   vertex -6.84963  11.5261 -4.80019
  endloop
 endfacet
 facet normal -0.32758 0.385717 -0.862504
  outer loop
   vertex -8.76563  8.53712 -5.40919
   vertex -6.84963  11.5261 -4.80019
   vertex -6.24263  10.4741 -5.50119
  endloop
 endfacet
 facet normal -0.28814  0.41538 0.862807
  outer loop
   vertex -8.05463  9.08312  2.88581
   vertex -7.55963  9.57812  2.81281
   vertex -9.62463  9.39612  2.21081
  endloop
 endfacet
 facet normal -0.608882 -0.793261        0
  outer loop
   vertex -6.84963 -11.6849 -1.56219
   vertex -9.62463 -9.55488 -1.65419
   vertex -9.62463 -9.55488 -1.94719
  endloop
 endfacet
 facet normal -0.608882 -0.793261       -0
  outer loop
   vertex -6.84963 -11.6849 -1.56219
   vertex -9.62463 -9.55488 -1.94719
   vertex -6.84963 -11.6849 -1.85519
  endloop
 endfacet
 facet normal -0.381579 0.324675 0.865438
  outer loop
   vertex -9.31163  7.82612  2.93781
   vertex -8.76563  8.53712  2.91181
   vertex -9.62463  9.39612  2.21081
  endloop
 endfacet
 facet normal -0.380879 0.324916 0.865656
  outer loop
   vertex -9.80663  7.33112  2.90581
   vertex -9.31163  7.82612  2.93781
   vertex -9.62463  9.39612  2.21081
  endloop
 endfacet
 facet normal -0.608881 0.793261        0
  outer loop
   vertex -9.62463  9.39612 -6.91619
   vertex -9.62463  9.39612 -6.62419
   vertex -6.84963  11.5261 -6.71619
  endloop
 endfacet
 facet normal -0.608881 0.793261        0
  outer loop
   vertex -9.62463  9.39612 -6.91619
   vertex -6.84963  11.5261 -6.71619
   vertex -6.84963  11.5261 -7.00819
  endloop
 endfacet
 facet normal -0.965974  0.25864 -6.38392e-07
  outer loop
   vertex -12.1937  1.59946 -8.04519
   vertex -12.2176  1.51012 -7.33519
   vertex -12.0366  2.18612 -7.40819
  endloop
 endfacet
 facet normal -0.965938 0.258773 -0.000131744
  outer loop
   vertex -12.1937  1.59946 -8.04519
   vertex -12.0366  2.18612 -7.40819
   vertex -12.1265  1.85048 -8.04519
  endloop
 endfacet
 facet normal -0.411263 0.320028  0.85349
  outer loop
   vertex -9.80663  7.33112  4.25481
   vertex -5.64794  3.95935    7.523
   vertex -5.22565  4.50203    7.523
  endloop
 endfacet
 facet normal -0.466488 0.232176 0.853513
  outer loop
   vertex -11.3956  4.57912  4.25481
   vertex -6.32049  2.76173    7.523
   vertex  -6.0141  3.37732    7.523
  endloop
 endfacet
 facet normal -0.412806 0.338323 -0.845653
  outer loop
   vertex  8.00137 -5.35788  4.25481
   vertex  6.82037 -6.79888  4.25481
   vertex  3.09304 -3.17779  7.52301
  endloop
 endfacet
 facet normal -0.399789  0.36218 -0.842018
  outer loop
   vertex  8.00137 -5.35788  4.25481
   vertex  3.09304 -3.17779  7.52301
   vertex  3.46693 -2.76507  7.52301
  endloop
 endfacet
 facet normal 0.360028 -0.419671 -0.83322
  outer loop
   vertex -2.67037   3.5404  7.52301
   vertex -3.09304  3.17779  7.52301
   vertex -6.61963  6.64112  4.25481
  endloop
 endfacet
 facet normal 0.351934 -0.428752 -0.832055
  outer loop
   vertex -2.67037   3.5404  7.52301
   vertex -6.61963  6.64112  4.25481
   vertex -5.17963  7.82312  4.25481
  endloop
 endfacet
 facet normal        0       -0       -1
  outer loop
   vertex  1.71129 -5.32186  16.9549
   vertex    1.847 -6.48814  16.9549
   vertex  1.18113 -6.64171  16.9549
  endloop
 endfacet
 facet normal        0        0       -1
  outer loop
   vertex  1.71129 -5.32186  16.9549
   vertex  1.18113 -6.64171  16.9549
   vertex  1.11546 -5.47781  16.9549
  endloop
 endfacet
 facet normal 0.382713 0.923867        0
  outer loop
   vertex  5.94337  10.4741 -6.66519
   vertex  5.11537  10.8171 -6.59919
   vertex  5.11537  10.8171 -6.23719
  endloop
 endfacet
 facet normal 0.382713 0.923867       -0
  outer loop
   vertex  5.94337  10.4741 -6.66519
   vertex  5.11537  10.8171 -6.23719
   vertex  5.94337  10.4741 -5.86919
  endloop
 endfacet
 facet normal -0.339148 0.413525 -0.844971
  outer loop
   vertex  3.09304 -3.17779  7.52301
   vertex  6.82037 -6.79888  4.25481
   vertex  5.38037 -7.97988  4.25481
  endloop
 endfacet
 facet normal -0.349652 0.407575 -0.843579
  outer loop
   vertex  3.09304 -3.17779  7.52301
   vertex  5.38037 -7.97988  4.25481
   vertex  2.67037  -3.5404  7.52301
  endloop
 endfacet
 facet normal        1        0       -0
  outer loop
   vertex  11.9184  1.51012  2.07681
   vertex  11.9184  1.51012  4.25481
   vertex  11.9184 0.810122  2.62281
  endloop
 endfacet
 facet normal        1       -0        0
  outer loop
   vertex  11.9184 0.810122  2.10981
   vertex  11.9184  1.51012  2.07681
   vertex  11.9184 0.810122  2.62281
  endloop
 endfacet
 facet normal 0.965974  0.25864        0
  outer loop
   vertex  11.7374  2.18612  2.66381
   vertex  11.9184  1.51012  4.25481
   vertex  11.9184  1.51012  2.07681
  endloop
 endfacet
 facet normal 0.965974  0.25864        0
  outer loop
   vertex  11.7374  2.18612  2.66381
   vertex  11.9184  1.51012  2.07681
   vertex  11.7374  2.18612  2.14981
  endloop
 endfacet
 facet normal 0.00335144 -0.0287941  0.99958
  outer loop
   vertex  11.6204  3.07512  2.68981
   vertex  11.2774  3.90312  2.71481
   vertex  11.7374  2.18612  2.66381
  endloop
 endfacet
 facet normal 0.130454 -0.991454        0
  outer loop
   vertex -0.149626 -12.2649 -2.88519
   vertex  3.00437 -11.8499 -2.79319
   vertex  3.00437 -11.8499 -2.28019
  endloop
 endfacet
 facet normal 0.130454 -0.991454        0
  outer loop
   vertex -0.149626 -12.2649 -2.88519
   vertex  3.00437 -11.8499 -2.28019
   vertex -0.149626 -12.2649 -2.37219
  endloop
 endfacet
 facet normal -0.923921 -0.382583       -0
  outer loop
   vertex -11.9196 -3.23388 -5.04119
   vertex -11.9196 -3.23388 -5.55419
   vertex -10.7026 -6.17288 -5.46219
  endloop
 endfacet
 facet normal -0.923921 -0.382583        0
  outer loop
   vertex -11.9196 -3.23388 -5.04119
   vertex -10.7026 -6.17288 -5.46219
   vertex -10.7026 -6.17288 -4.94919
  endloop
 endfacet
 facet normal -0.804924 -0.593378        0
  outer loop
   vertex -5.74908 -3.81101    7.523
   vertex -5.34106 -4.36449    7.523
   vertex -5.34106 -4.36449       10
  endloop
 endfacet
 facet normal -0.804924 -0.593378        0
  outer loop
   vertex -5.74908 -3.81101    7.523
   vertex -5.34106 -4.36449       10
   vertex -5.74908 -3.81101       10
  endloop
 endfacet
 facet normal -0.416415 0.288255 -0.862269
  outer loop
   vertex -9.62463  9.39612 -0.290193
   vertex -8.76563  8.53712 -0.992192
   vertex -10.7026  6.01412 -0.900193
  endloop
 endfacet
 facet normal -0.411502 0.287179 -0.864982
  outer loop
   vertex -9.62463  9.39612 -0.290193
   vertex -10.7026  6.01412 -0.900193
   vertex -11.7546  6.62112 -0.198194
  endloop
 endfacet
 facet normal 0.130454 -0.991454        0
  outer loop
   vertex -0.149626 -12.2649 -0.677194
   vertex  3.00437 -11.8499 -0.585191
   vertex  3.00437 -11.8499 -0.0711908
  endloop
 endfacet
 facet normal 0.130454 -0.991454        0
  outer loop
   vertex -0.149626 -12.2649 -0.677194
   vertex  3.00437 -11.8499 -0.0711908
   vertex -0.149626 -12.2649 -0.163194
  endloop
 endfacet
 facet normal 0.497687 -0.0906273 0.862609
  outer loop
   vertex  11.9184 -0.968877  2.05781
   vertex  13.2504 -0.0788777  1.38281
   vertex  12.0354 -0.0788777  2.08381
  endloop
 endfacet
 facet normal 0.130483 0.991451        0
  outer loop
   vertex -0.149626  12.1061  3.14981
   vertex 0.739374  11.9891  3.12381
   vertex 0.739374  11.9891  2.60981
  endloop
 endfacet
 facet normal 0.130483 0.991451        0
  outer loop
   vertex -0.149626  12.1061  3.14981
   vertex 0.739374  11.9891  2.60981
   vertex -0.149626  12.1061  2.63581
  endloop
 endfacet
 facet normal -0.00414689 -0.0286572 0.999581
  outer loop
   vertex  12.0354 -0.0788777  2.59781
   vertex  11.9184 0.810122  2.62281
   vertex  11.9184 -0.968877  2.57181
  endloop
 endfacet
 facet normal   0.8335 0.552519        0
  outer loop
   vertex   5.9319   3.5197  7.52301
   vertex  5.55197  4.09284  7.52301
   vertex  5.55197  4.09284       10
  endloop
 endfacet
 facet normal   0.8335 0.552519       -0
  outer loop
   vertex   5.9319   3.5197  7.52301
   vertex  5.55197  4.09284       10
   vertex   5.9319   3.5197       10
  endloop
 endfacet
 facet normal -0.492998 0.0901884 0.865343
  outer loop
   vertex -13.0926  3.38912  2.39481
   vertex -12.0366  2.18612  3.12181
   vertex -11.9196  3.07512  3.09581
  endloop
 endfacet
 facet normal -0.496323 0.0883142 0.863634
  outer loop
   vertex -13.0926  3.38912  2.39481
   vertex -13.5496 -0.0788777  2.48681
   vertex -12.2176  1.51012  3.08981
  endloop
 endfacet
 facet normal -0.497815 0.089955 0.862605
  outer loop
   vertex -12.2176  1.51012  3.08981
   vertex -13.5496 -0.0788777  2.48681
   vertex -12.2176 0.810122  3.16281
  endloop
 endfacet
 facet normal 0.382503 -0.923954        0
  outer loop
   vertex  6.55037 -11.6849  1.01481
   vertex  3.31837 -13.0229 0.922809
   vertex  3.31837 -13.0229 0.629809
  endloop
 endfacet
 facet normal 0.382503 -0.923954        0
  outer loop
   vertex  6.55037 -11.6849  1.01481
   vertex  3.31837 -13.0229 0.629809
   vertex  6.55037 -11.6849 0.721808
  endloop
 endfacet
 facet normal -0.492405 0.0908694 0.865609
  outer loop
   vertex -13.0926  3.38912  2.39481
   vertex -12.2176  1.51012  3.08981
   vertex -12.0366  2.18612  3.12181
  endloop
 endfacet
 facet normal -0.965952  0.25872 9.33033e-05
  outer loop
   vertex -12.0366  2.18612  3.63581
   vertex -12.2176  1.51012  4.25481
   vertex -11.3956  4.57912  4.25481
  endloop
 endfacet
 facet normal -0.130482 -0.991451        0
  outer loop
   vertex -2.41463 -11.9669  2.72481
   vertex -3.30363 -11.8499  2.65981
   vertex -3.30363 -11.8499  1.43981
  endloop
 endfacet
 facet normal -0.130482 -0.991451       -0
  outer loop
   vertex -2.41463 -11.9669  2.72481
   vertex -3.30363 -11.8499  1.43981
   vertex -2.41463 -11.9669  2.04481
  endloop
 endfacet
 facet normal -0.162587 0.505619 0.847298
  outer loop
   vertex -4.80763  11.1671  4.25481
   vertex -2.43617  6.45297    7.523
   vertex -1.78155  6.66347    7.523
  endloop
 endfacet
 facet normal       -1        0        0
  outer loop
   vertex -12.2176 0.810122  3.67581
   vertex -12.2176  1.51012  3.08981
   vertex -12.2176 0.810122  3.16281
  endloop
 endfacet
 facet normal -0.965974  0.25864        0
  outer loop
   vertex -12.0366  2.18612  3.12181
   vertex -12.2176  1.51012  3.08981
   vertex -12.0366  2.18612  3.63581
  endloop
 endfacet
 facet normal 0.504933 -0.0412759 -0.862171
  outer loop
   vertex  12.7934 -3.54788 -3.41919
   vertex  11.6204 -3.23388 -4.12119
   vertex  12.0354 -0.0788777 -4.02919
  endloop
 endfacet
 facet normal 0.499817 -0.0429032 -0.865068
  outer loop
   vertex  12.7934 -3.54788 -3.41919
   vertex  12.0354 -0.0788777 -4.02919
   vertex  13.2504 -0.0788777 -3.32719
  endloop
 endfacet
 facet normal       -1        0        0
  outer loop
   vertex -12.2176 -0.968877  3.72781
   vertex -12.2176  1.51012  4.25481
   vertex -12.2176 0.810122  3.67581
  endloop
 endfacet
 facet normal -0.130647 0.991429        0
  outer loop
   vertex -0.149626  13.3211 -0.566194
   vertex -3.61763  12.8641 -0.474191
   vertex -3.61763  12.8641 -0.182191
  endloop
 endfacet
 facet normal -0.130647 0.991429        0
  outer loop
   vertex -0.149626  13.3211 -0.566194
   vertex -3.61763  12.8641 -0.182191
   vertex -0.149626  13.3211 -0.274194
  endloop
 endfacet
 facet normal -0.0907078 0.498215 -0.862296
  outer loop
   vertex -0.149626  13.3211 -0.566194
   vertex -0.149626  12.1061 -1.26819
   vertex -3.30363  11.6911 -1.17619
  endloop
 endfacet
 facet normal -0.0880533 0.494072 -0.864951
  outer loop
   vertex -0.149626  13.3211 -0.566194
   vertex -3.30363  11.6911 -1.17619
   vertex -3.61763  12.8641 -0.474191
  endloop
 endfacet
 facet normal  0.47546 0.172276 0.862704
  outer loop
   vertex  12.7934  3.38912 -5.15119
   vertex  11.4554  6.62112 -5.05919
   vertex  10.4034  6.01412 -4.35819
  endloop
 endfacet
 facet normal  0.47206 0.168386 0.865335
  outer loop
   vertex  12.7934  3.38912 -5.15119
   vertex  10.4034  6.01412 -4.35819
   vertex  11.6204  3.07512 -4.45019
  endloop
 endfacet
 facet normal -0.0435154 0.503894 0.862669
  outer loop
   vertex -0.149626  13.3211 -2.48219
   vertex -3.61763  12.8641 -2.39019
   vertex -3.30363  11.6911 -1.68919
  endloop
 endfacet
 facet normal -0.0404559 0.499334 0.865465
  outer loop
   vertex -0.149626  13.3211 -2.48219
   vertex -3.30363  11.6911 -1.68919
   vertex -0.149626  12.1061 -1.78119
  endloop
 endfacet
 facet normal 0.130454 -0.991454        0
  outer loop
   vertex -0.149626 -12.2649 -5.09419
   vertex  3.00437 -11.8499 -5.00219
   vertex  3.00437 -11.8499 -4.48919
  endloop
 endfacet
 facet normal 0.130454 -0.991454        0
  outer loop
   vertex -0.149626 -12.2649 -5.09419
   vertex  3.00437 -11.8499 -4.48919
   vertex -0.149626 -12.2649 -4.58119
  endloop
 endfacet
 facet normal -0.130482 -0.991451        0
  outer loop
   vertex -2.41463 -11.9669  2.92781
   vertex -2.41463 -11.9669  4.18881
   vertex -3.30363 -11.8499  4.16281
  endloop
 endfacet
 facet normal -0.130482 -0.991451        0
  outer loop
   vertex -2.41463 -11.9669  2.92781
   vertex -3.30363 -11.8499  4.16281
   vertex -3.30363 -11.8499  2.94181
  endloop
 endfacet
 facet normal       -1        0        0
  outer loop
   vertex -12.2176 -1.66888  4.25481
   vertex -12.2176  1.51012  4.25481
   vertex -12.2176 -0.968877  3.72781
  endloop
 endfacet
 facet normal 0.000124848 0.0292185 0.999573
  outer loop
   vertex -12.2176 0.810122  3.67581
   vertex -12.3346 -0.0788777  3.70181
   vertex -12.2176 -0.968877  3.72781
  endloop
 endfacet
 facet normal 0.0436573 -0.503863  0.86268
  outer loop
   vertex -0.149626 -13.4809  0.83081
   vertex  3.31837 -13.0229 0.922809
   vertex  3.00437 -11.8499  1.62381
  endloop
 endfacet
 facet normal  0.04041 -0.499025 0.865645
  outer loop
   vertex -0.149626 -13.4809  0.83081
   vertex  3.00437 -11.8499  1.62381
   vertex -0.149626 -12.2649  1.53181
  endloop
 endfacet
 facet normal -0.499175 -0.0801145  0.86279
  outer loop
   vertex -13.5496 -0.0788777  2.48681
   vertex -12.2176 -1.66888  3.10981
   vertex -12.2176 -0.968877  3.17481
  endloop
 endfacet
 facet normal -0.498216 -0.07811 0.863527
  outer loop
   vertex -13.5496 -0.0788777  2.48681
   vertex -12.2176 -0.968877  3.17481
   vertex -12.3346 -0.0788777  3.18781
  endloop
 endfacet
 facet normal -0.496909 -0.0776149 0.864325
  outer loop
   vertex -12.2176 -1.66888  3.10981
   vertex -13.5496 -0.0788777  2.48681
   vertex -12.8976 -3.49588  2.55481
  endloop
 endfacet
 facet normal 0.793261 -0.608882        0
  outer loop
   vertex  9.32537 -9.55488 -3.60319
   vertex  11.4554 -6.77988 -3.51119
   vertex  11.4554 -6.77988 -3.21919
  endloop
 endfacet
 facet normal 0.793261 -0.608882        0
  outer loop
   vertex  9.32537 -9.55488 -3.60319
   vertex  11.4554 -6.77988 -3.21919
   vertex  9.32537 -9.55488 -3.31119
  endloop
 endfacet
 facet normal 0.608882 -0.793261        0
  outer loop
   vertex  6.55037 -11.6849 -3.69519
   vertex  9.32537 -9.55488 -3.60319
   vertex  9.32537 -9.55488 -3.31119
  endloop
 endfacet
 facet normal 0.608882 -0.793261        0
  outer loop
   vertex  6.55037 -11.6849 -3.69519
   vertex  9.32537 -9.55488 -3.31119
   vertex  6.55037 -11.6849 -3.40319
  endloop
 endfacet
 facet normal -0.287924 -0.415998 -0.862581
  outer loop
   vertex -9.62463 -9.55488 0.261809
   vertex -8.76563 -8.69588 -0.439191
   vertex -6.24263 -10.6329 -0.347192
  endloop
 endfacet
 facet normal -0.286845 -0.41108 -0.865294
  outer loop
   vertex -9.62463 -9.55488 0.261809
   vertex -6.24263 -10.6329 -0.347192
   vertex -6.84963 -11.6849 0.353808
  endloop
 endfacet
 facet normal -0.793196 0.608966        0
  outer loop
   vertex -8.76563  8.53712 0.703807
   vertex -10.7026  6.01412 0.795806
   vertex -10.7026  6.01412  1.30881
  endloop
 endfacet
 facet normal -0.793196 0.608966        0
  outer loop
   vertex -8.76563  8.53712 0.703807
   vertex -10.7026  6.01412  1.30881
   vertex -8.76563  8.53712  1.21681
  endloop
 endfacet
 facet normal -0.793122 0.609063        0
  outer loop
   vertex -9.31163  7.82612  3.45181
   vertex -8.76563  8.53712  3.42581
   vertex -8.76563  8.53712  2.91181
  endloop
 endfacet
 facet normal -0.793122 0.609063        0
  outer loop
   vertex -9.31163  7.82612  3.45181
   vertex -8.76563  8.53712  2.91181
   vertex -9.31163  7.82612  2.93781
  endloop
 endfacet
 facet normal 0.020676 0.0206762 0.999572
  outer loop
   vertex -9.31163  7.82612  3.45181
   vertex -8.05463  9.08312  3.39981
   vertex -8.76563  8.53712  3.42581
  endloop
 endfacet
 facet normal -0.287918 0.416003  0.86258
  outer loop
   vertex -8.76563  8.53712  2.91181
   vertex -8.05463  9.08312  2.88581
   vertex -9.62463  9.39612  2.21081
  endloop
 endfacet
 facet normal 0.609064 0.793121        0
  outer loop
   vertex  6.65437  9.92812  2.93981
   vertex  6.65437  9.92812  2.42581
   vertex  5.94337  10.4741  2.45181
  endloop
 endfacet
 facet normal 0.609064 0.793121        0
  outer loop
   vertex  6.65437  9.92812  2.93981
   vertex  5.94337  10.4741  2.45181
   vertex  5.94337  10.4741  2.96581
  endloop
 endfacet
 facet normal -0.707107 0.707107 -6.54787e-07
  outer loop
   vertex -9.80663  7.33112  4.25481
   vertex -7.55963  9.57812  4.25481
   vertex -9.31163  7.82612  3.45181
  endloop
 endfacet
 facet normal -0.707106 0.707107        0
  outer loop
   vertex -9.31163  7.82612  2.93781
   vertex -9.80663  7.33112  2.90581
   vertex -9.31163  7.82612  3.45181
  endloop
 endfacet
 facet normal        0        0       -1
  outer loop
   vertex  5.58402 -0.263395  16.9549
   vertex  6.72574 -0.521338  16.9549
   vertex  6.63848  -1.1991  16.9549
  endloop
 endfacet
 facet normal        0       -0       -1
  outer loop
   vertex  5.58402 -0.263395  16.9549
   vertex  6.63848  -1.1991  16.9549
   vertex  5.52116 -0.876086  16.9549
  endloop
 endfacet
 facet normal -0.385828 0.325409 0.863276
  outer loop
   vertex -11.7546  6.62112  2.30281
   vertex -10.1566  6.72512  2.97781
   vertex -9.80663  7.33112  2.90581
  endloop
 endfacet
 facet normal -0.385664 0.324656 0.863633
  outer loop
   vertex -9.62463  9.39612  2.21081
   vertex -11.7546  6.62112  2.30281
   vertex -9.80663  7.33112  2.90581
  endloop
 endfacet
 facet normal -0.286845  0.41108 0.865294
  outer loop
   vertex -6.24263  10.4741 -3.80619
   vertex -6.84963  11.5261 -4.50719
   vertex -9.62463  9.39612 -4.41519
  endloop
 endfacet
 facet normal -0.287924 0.415998 0.862581
  outer loop
   vertex -6.24263  10.4741 -3.80619
   vertex -9.62463  9.39612 -4.41519
   vertex -8.76563  8.53712 -3.71419
  endloop
 endfacet
 facet normal -0.865915 0.500192 -6.11823e-05
  outer loop
   vertex -9.80663  7.33112  4.25481
   vertex -10.1566  6.72512  3.49181
   vertex -11.0456  5.18612  3.54381
  endloop
 endfacet
 facet normal -0.865948 0.500134        0
  outer loop
   vertex -9.80663  7.33112  2.90581
   vertex -10.1566  6.72512  2.97781
   vertex -10.1566  6.72512  3.49181
  endloop
 endfacet
 facet normal -0.866007 0.500031 0.000585775
  outer loop
   vertex -11.3956  4.57912  4.25481
   vertex -9.80663  7.33112  4.25481
   vertex -11.0456  5.18612  3.54381
  endloop
 endfacet
 facet normal -0.0901117 -0.493017  0.86534
  outer loop
   vertex -0.149626 -12.2649 -0.677194
   vertex -3.30363 -11.8499 -0.769193
   vertex -3.61763 -13.0229 -1.47019
  endloop
 endfacet
 facet normal -0.0885905 -0.497471 0.862945
  outer loop
   vertex -0.149626 -12.2649 -0.677194
   vertex -3.61763 -13.0229 -1.47019
   vertex -0.149626 -13.4809 -1.37819
  endloop
 endfacet
 facet normal -0.457024 0.214311  0.86325
  outer loop
   vertex -11.3956  4.57912  2.99781
   vertex -13.0926  3.38912  2.39481
   vertex -11.5766  3.90312  3.06981
  endloop
 endfacet
 facet normal -0.456678  0.21364 0.863599
  outer loop
   vertex -11.7546  6.62112  2.30281
   vertex -13.0926  3.38912  2.39481
   vertex -11.3956  4.57912  2.99781
  endloop
 endfacet
 facet normal -0.965974  0.25864        0
  outer loop
   vertex -11.5766  3.90312  3.06981
   vertex -11.5766  3.90312  3.58381
   vertex -11.3956  4.57912  2.99781
  endloop
 endfacet
 facet normal -0.705612 -0.708354 -0.0185931
  outer loop
   vertex -8.05463 -9.24188 -7.04019
   vertex -7.56327 -9.70495 -8.04519
   vertex -7.55963 -9.73688 -6.96719
  endloop
 endfacet
 facet normal 0.865937 -0.500151 -0.0016333
  outer loop
   vertex  11.0615 -4.79383 -8.04519
   vertex  10.7464 -5.34488 -6.39519
   vertex  9.85737 -6.88388 -6.44719
  endloop
 endfacet
 facet normal  0.86636 -0.49942 -0.000357391
  outer loop
   vertex  11.0615 -4.79383 -8.04519
   vertex  9.85737 -6.88388 -6.44719
   vertex  10.0374 -6.57048 -8.04519
  endloop
 endfacet
 facet normal -0.345239 -0.420596 -0.838993
  outer loop
   vertex  2.54192  3.63372  7.52301
   vertex  5.38037  7.82312  4.25481
   vertex  6.82037  6.64112  4.25481
  endloop
 endfacet
 facet normal -0.340247 -0.426613 -0.837994
  outer loop
   vertex  2.54192  3.63372  7.52301
   vertex  6.82037  6.64112  4.25481
   vertex  2.97731  3.28647  7.52301
  endloop
 endfacet
 facet normal -0.392134 -0.354462 0.848874
  outer loop
   vertex -7.55963 -9.73688  4.25481
   vertex -4.87996  -4.8746    7.523
   vertex -5.34106 -4.36449    7.523
  endloop
 endfacet
 facet normal -0.367736 -0.367736 0.854131
  outer loop
   vertex -7.55963 -9.73688  4.25481
   vertex -5.34106 -4.36449    7.523
   vertex -9.80663 -7.48988  4.25481
  endloop
 endfacet
 facet normal 0.530773 -0.16075 -0.83213
  outer loop
   vertex -4.24137  1.29464  7.52301
   vertex -9.21963  1.77512  4.25481
   vertex -8.67963  3.55812  4.25481
  endloop
 endfacet
 facet normal 0.515795 -0.193611 -0.834548
  outer loop
   vertex -4.24137  1.29464  7.52301
   vertex -8.67963  3.55812  4.25481
   vertex -4.04566  1.81601  7.52301
  endloop
 endfacet
 facet normal       -0        0       -1
  outer loop
   vertex -4.73891 -2.96537  16.9549
   vertex -5.81806  -3.4143  16.9549
   vertex -6.13363 -2.80818  16.9549
  endloop
 endfacet
 facet normal        0        0       -1
  outer loop
   vertex -4.73891 -2.96537  16.9549
   vertex -6.13363 -2.80818  16.9549
   vertex -5.03637 -2.42605  16.9549
  endloop
 endfacet
 facet normal -0.981945 0.046318 0.183407
  outer loop
   vertex -6.74397 -0.161768  29.2516
   vertex -5.59006 -0.0446158     35.4
   vertex -5.56104 0.570607     35.4
  endloop
 endfacet
 facet normal -0.982227 0.0262201 0.185856
  outer loop
   vertex -6.74397 -0.161768  29.2516
   vertex -5.56104 0.570607     35.4
   vertex -6.72574 0.521338  29.2516
  endloop
 endfacet
 facet normal  0.99146 -0.130414        0
  outer loop
   vertex  12.0354 -0.0788777 -1.82019
   vertex  11.6204 -3.23388 -1.91219
   vertex  11.6204 -3.23388 -2.42519
  endloop
 endfacet
 facet normal  0.99146 -0.130414        0
  outer loop
   vertex  12.0354 -0.0788777 -1.82019
   vertex  11.6204 -3.23388 -2.42519
   vertex  12.0354 -0.0788777 -2.33319
  endloop
 endfacet
 facet normal        1        0       -0
  outer loop
   vertex  11.9184 -0.968877  2.05781
   vertex  11.9184 -0.968877  2.57181
   vertex  11.9184 -1.09188  2.04481
  endloop
 endfacet
 facet normal        1        0        0
  outer loop
   vertex  11.9184 -1.66888  2.04481
   vertex  11.9184 -1.09188  2.04481
   vertex  11.9184 -0.968877  2.57181
  endloop
 endfacet
 facet normal        1        0        0
  outer loop
   vertex  11.9184 -1.66888  2.04481
   vertex  11.9184 -0.968877  2.57181
   vertex  11.9184 -1.66888  4.25481
  endloop
 endfacet
 facet normal        0       -0       -1
  outer loop
   vertex  11.9184 -1.09188  2.04481
   vertex  11.9184 -1.66888  2.04481
   vertex  11.8604 -1.40788  2.04481
  endloop
 endfacet
 facet normal 0.492338 -0.0903667   0.8657
  outer loop
   vertex  11.9184 -1.09188  2.04481
   vertex  11.8604 -1.40788  2.04481
   vertex  12.7934 -3.54788  1.29081
  endloop
 endfacet
 facet normal 0.489871 -0.0916338 0.866966
  outer loop
   vertex  12.7934 -3.54788  1.29081
   vertex  11.9184 -0.968877  2.05781
   vertex  11.9184 -1.09188  2.04481
  endloop
 endfacet
 facet normal 0.500135 0.865947        0
  outer loop
   vertex  6.65437  9.92812 -7.78119
   vertex  7.26037  9.57812 -7.71719
   vertex  7.26037  9.57812 -8.04519
  endloop
 endfacet
 facet normal 0.500135 0.865947        0
  outer loop
   vertex  6.65437  9.92812 -7.78119
   vertex  7.26037  9.57812 -8.04519
   vertex  6.65437  9.92812 -8.04519
  endloop
 endfacet
 facet normal 0.965974 -0.258641        0
  outer loop
   vertex  11.7374 -2.34488  2.04481
   vertex  11.9184 -1.66888  2.04481
   vertex  11.7374 -2.34488  2.53081
  endloop
 endfacet
 facet normal 0.965952 -0.258721        0
  outer loop
   vertex  11.0964 -4.73788  4.25481
   vertex  11.9184 -1.66888  2.04481
   vertex  11.9184 -1.66888  4.25481
  endloop
 endfacet
 facet normal 0.991478 -0.130151 -0.00565407
  outer loop
   vertex  11.7374 -2.34488  2.04481
   vertex  11.6204 -3.23388  1.99181
   vertex  11.8604 -1.40788  2.04481
  endloop
 endfacet
 facet normal 0.493064 -0.089921 0.865334
  outer loop
   vertex  11.6204 -3.23388  1.99181
   vertex  12.7934 -3.54788  1.29081
   vertex  11.8604 -1.40788  2.04481
  endloop
 endfacet
 facet normal       -0        0       -1
  outer loop
   vertex  11.9184 -1.66888  2.04481
   vertex  11.7374 -2.34488  2.04481
   vertex  11.8604 -1.40788  2.04481
  endloop
 endfacet
 facet normal 0.382583 -0.923921        0
  outer loop
   vertex  5.94337 -10.6329 -2.18819
   vertex  3.00437 -11.8499 -2.28019
   vertex  3.00437 -11.8499 -2.79319
  endloop
 endfacet
 facet normal 0.382583 -0.923921        0
  outer loop
   vertex  5.94337 -10.6329 -2.18819
   vertex  3.00437 -11.8499 -2.79319
   vertex  5.94337 -10.6329 -2.70119
  endloop
 endfacet
 facet normal -0.99146 -0.130414        0
  outer loop
   vertex -12.3346 -0.0788777 -5.64619
   vertex -11.9196 -3.23388 -5.55419
   vertex -11.9196 -3.23388 -5.04119
  endloop
 endfacet
 facet normal -0.99146 -0.130414        0
  outer loop
   vertex -12.3346 -0.0788777 -5.64619
   vertex -11.9196 -3.23388 -5.04119
   vertex -12.3346 -0.0788777 -5.13319
  endloop
 endfacet
 facet normal -0.504404 -0.0411982 0.862485
  outer loop
   vertex -13.0926 -3.54788 -1.83819
   vertex -11.9196 -3.23388 -1.13719
   vertex -12.3346 -0.0788777 -1.22919
  endloop
 endfacet
 facet normal -0.499285 -0.0428248 0.865379
  outer loop
   vertex -13.0926 -3.54788 -1.83819
   vertex -12.3346 -0.0788777 -1.22919
   vertex -13.5496 -0.0788777 -1.93019
  endloop
 endfacet
 facet normal -0.471436 -0.170538 0.865254
  outer loop
   vertex -11.9196 -3.23388 -3.34619
   vertex -13.0926 -3.54788 -4.04719
   vertex -11.7546 -6.77988 -3.95519
  endloop
 endfacet
 facet normal -0.476482 -0.170305 0.862532
  outer loop
   vertex -11.9196 -3.23388 -3.34619
   vertex -11.7546 -6.77988 -3.95519
   vertex -10.7026 -6.17288 -3.25419
  endloop
 endfacet
 facet normal  0.99146 -0.130414        0
  outer loop
   vertex  11.6204 -3.23388 0.296809
   vertex  11.6204 -3.23388 -0.217191
   vertex  12.0354 -0.0788777 -0.125192
  endloop
 endfacet
 facet normal  0.99146 -0.130414        0
  outer loop
   vertex  11.6204 -3.23388 0.296809
   vertex  12.0354 -0.0788777 -0.125192
   vertex  12.0354 -0.0788777 0.388808
  endloop
 endfacet
 facet normal -0.497726 0.0897665 0.862677
  outer loop
   vertex -12.3346 -0.0788777  3.18781
   vertex -12.2176 0.810122  3.16281
   vertex -13.5496 -0.0788777  2.48681
  endloop
 endfacet
 facet normal -0.965937 -0.258777 0.000203225
  outer loop
   vertex -12.2176 -1.66888  4.25481
   vertex -12.0366 -2.34488  3.76781
   vertex -11.5766 -4.06188  3.81981
  endloop
 endfacet
 facet normal -0.496363 -0.0779053 0.864612
  outer loop
   vertex -12.8976 -3.49588  2.55481
   vertex -12.0366 -2.34488  3.15281
   vertex -12.2176 -1.66888  3.10981
  endloop
 endfacet
 facet normal -0.49544 -0.0788273 0.865058
  outer loop
   vertex -12.8976 -3.49588  2.55481
   vertex -11.9196 -3.23388  3.13881
   vertex -12.0366 -2.34488  3.15281
  endloop
 endfacet
 facet normal -0.435923 0.304945 -0.846746
  outer loop
   vertex  3.78615 -2.30875  7.52301
   vertex  8.00137 -5.35788  4.25481
   vertex  3.46693 -2.76507  7.52301
  endloop
 endfacet
 facet normal 0.0539102 -0.549172 -0.833968
  outer loop
   vertex -0.634467  4.38893  7.52301
   vertex -1.75363  9.24212  4.25481
   vertex 0.100374  9.42412  4.25481
  endloop
 endfacet
 facet normal 0.044375 -0.548453 -0.835003
  outer loop
   vertex -0.634467  4.38893  7.52301
   vertex 0.100374  9.42412  4.25481
   vertex -0.0793845  4.43384  7.52301
  endloop
 endfacet
 facet normal -0.608882 -0.793261        0
  outer loop
   vertex -9.62463 -9.55488 -4.15519
   vertex -6.84963 -11.6849 -4.06319
   vertex -6.84963 -11.6849 -3.77119
  endloop
 endfacet
 facet normal -0.608882 -0.793261        0
  outer loop
   vertex -9.62463 -9.55488 -4.15519
   vertex -6.84963 -11.6849 -3.77119
   vertex -9.62463 -9.55488 -3.86319
  endloop
 endfacet
 facet normal 0.216633 0.457983 0.862161
  outer loop
   vertex  3.31837  12.8641 -2.57519
   vertex  3.00437  11.6911 -1.87319
   vertex  5.94337  10.4741 -1.96519
  endloop
 endfacet
 facet normal 0.212757 0.454449 0.864992
  outer loop
   vertex  3.31837  12.8641 -2.57519
   vertex  5.94337  10.4741 -1.96519
   vertex  6.55037  11.5261 -2.66719
  endloop
 endfacet
 facet normal 0.386145 -0.327897 0.862192
  outer loop
   vertex  11.4554 -6.77988 -3.21919
   vertex  10.4034 -6.17288 -2.51719
   vertex  8.46637 -8.69588 -2.60919
  endloop
 endfacet
 facet normal 0.383723 -0.323212 0.865038
  outer loop
   vertex  11.4554 -6.77988 -3.21919
   vertex  8.46637 -8.69588 -2.60919
   vertex  9.32537 -9.55488 -3.31119
  endloop
 endfacet
 facet normal 0.923954 0.382503        0
  outer loop
   vertex  12.7934  3.38912 -1.02619
   vertex  11.4554  6.62112 -0.934194
   vertex  11.4554  6.62112 -0.642194
  endloop
 endfacet
 facet normal 0.923954 0.382503       -0
  outer loop
   vertex  12.7934  3.38912 -1.02619
   vertex  11.4554  6.62112 -0.642194
   vertex  12.7934  3.38912 -0.734193
  endloop
 endfacet
 facet normal -0.504928 0.0412893 -0.862173
  outer loop
   vertex -13.0926  3.38912  2.10281
   vertex -11.9196  3.07512  1.40081
   vertex -12.3346 -0.0788777  1.49281
  endloop
 endfacet
 facet normal -0.499816 0.0429155 -0.865067
  outer loop
   vertex -13.0926  3.38912  2.10281
   vertex -12.3346 -0.0788777  1.49281
   vertex -13.5496 -0.0788777  2.19481
  endloop
 endfacet
 facet normal -0.793261 -0.608882        0
  outer loop
   vertex -9.62463 -9.55488 -6.07219
   vertex -11.7546 -6.77988 -6.16419
   vertex -11.7546 -6.77988 -6.45619
  endloop
 endfacet
 facet normal -0.793261 -0.608882       -0
  outer loop
   vertex -9.62463 -9.55488 -6.07219
   vertex -11.7546 -6.77988 -6.45619
   vertex -9.62463 -9.55488 -6.36419
  endloop
 endfacet
 facet normal 0.130647 0.991429        0
  outer loop
   vertex -0.149626  13.3211 -0.274194
   vertex  3.31837  12.8641 -0.366193
   vertex  3.31837  12.8641 -0.658193
  endloop
 endfacet
 facet normal 0.130647 0.991429        0
  outer loop
   vertex -0.149626  13.3211 -0.274194
   vertex  3.31837  12.8641 -0.658193
   vertex -0.149626  13.3211 -0.566194
  endloop
 endfacet
 facet normal -0.499334 -0.0404444 0.865465
  outer loop
   vertex -11.9196 -3.23388 -3.34619
   vertex -12.3346 -0.0788777 -3.43819
   vertex -13.5496 -0.0788777 -4.13919
  endloop
 endfacet
 facet normal -0.503896 -0.0435042 0.862668
  outer loop
   vertex -11.9196 -3.23388 -3.34619
   vertex -13.5496 -0.0788777 -4.13919
   vertex -13.0926 -3.54788 -4.04719
  endloop
 endfacet
 facet normal 0.382503 0.923954        0
  outer loop
   vertex  6.55037  11.5261 -2.95919
   vertex  3.31837  12.8641 -2.86719
   vertex  3.31837  12.8641 -2.57519
  endloop
 endfacet
 facet normal 0.382503 0.923954       -0
  outer loop
   vertex  6.55037  11.5261 -2.95919
   vertex  3.31837  12.8641 -2.57519
   vertex  6.55037  11.5261 -2.66719
  endloop
 endfacet
 facet normal -0.0906473 0.497686 -0.862608
  outer loop
   vertex -0.149626  13.3211  1.64181
   vertex -0.149626  12.1061 0.940806
   vertex -3.30363  11.6911  1.03281
  endloop
 endfacet
 facet normal -0.0879911 0.493538 -0.865262
  outer loop
   vertex -0.149626  13.3211  1.64181
   vertex -3.30363  11.6911  1.03281
   vertex -3.61763  12.8641  1.73381
  endloop
 endfacet
 facet normal -0.497686 0.0906465 0.862608
  outer loop
   vertex -13.5496 -0.0788777 -1.93019
   vertex -12.3346 -0.0788777 -1.22919
   vertex -11.9196  3.07512 -1.32119
  endloop
 endfacet
 facet normal -0.493538 0.0879903 0.865262
  outer loop
   vertex -13.5496 -0.0788777 -1.93019
   vertex -11.9196  3.07512 -1.32119
   vertex -13.0926  3.38912 -2.02219
  endloop
 endfacet
 facet normal 0.504421 0.0435942 0.862357
  outer loop
   vertex  13.2504 -0.0788777 -3.03519
   vertex  12.7934  3.38912 -2.94319
   vertex  11.6204  3.07512 -2.24119
  endloop
 endfacet
 facet normal 0.499866 0.0405363 0.865154
  outer loop
   vertex  13.2504 -0.0788777 -3.03519
   vertex  11.6204  3.07512 -2.24119
   vertex  12.0354 -0.0788777 -2.33319
  endloop
 endfacet
 facet normal -0.991429 0.130647        0
  outer loop
   vertex -13.5496 -0.0788777 -6.64019
   vertex -13.5496 -0.0788777 -6.34819
   vertex -13.0926  3.38912 -6.44019
  endloop
 endfacet
 facet normal -0.991429 0.130647        0
  outer loop
   vertex -13.5496 -0.0788777 -6.64019
   vertex -13.0926  3.38912 -6.44019
   vertex -13.0926  3.38912 -6.73219
  endloop
 endfacet
 facet normal -0.965937 0.258779 -0.000149415
  outer loop
   vertex -11.3956  4.57912  4.25481
   vertex -11.5766  3.90312  3.58381
   vertex -12.0366  2.18612  3.63581
  endloop
 endfacet
 facet normal 0.793121 0.609064        0
  outer loop
   vertex  10.4034  6.01412  2.26781
   vertex  9.85737  6.72512  2.29381
   vertex  9.85737  6.72512  2.80781
  endloop
 endfacet
 facet normal 0.793121 0.609064       -0
  outer loop
   vertex  10.4034  6.01412  2.26781
   vertex  9.85737  6.72512  2.80781
   vertex  10.4034  6.01412  2.78181
  endloop
 endfacet
 facet normal -0.382713 0.923867        0
  outer loop
   vertex -6.24263  10.4741  3.33381
   vertex -5.41463  10.8171  3.30781
   vertex -5.41463  10.8171  2.79381
  endloop
 endfacet
 facet normal -0.382713 0.923867        0
  outer loop
   vertex -6.24263  10.4741  3.33381
   vertex -5.41463  10.8171  2.79381
   vertex -6.24263  10.4741  2.81981
  endloop
 endfacet
 facet normal 0.014589 0.0253452 0.999572
  outer loop
   vertex -10.1566  6.72512  3.49181
   vertex -10.7026  6.01412  3.51781
   vertex -11.0456  5.18612  3.54381
  endloop
 endfacet
 facet normal -0.385646 0.327687 0.862495
  outer loop
   vertex -10.1566  6.72512  2.97781
   vertex -11.7546  6.62112  2.30281
   vertex -10.7026  6.01412  3.00381
  endloop
 endfacet
 facet normal -0.452754 0.214729 0.865393
  outer loop
   vertex -11.0456  5.18612  3.02981
   vertex -10.7026  6.01412  3.00381
   vertex -11.7546  6.62112  2.30281
  endloop
 endfacet
 facet normal -0.866305 0.499516        0
  outer loop
   vertex -11.0456  5.18612  3.02981
   vertex -11.3956  4.57912  2.99781
   vertex -11.0456  5.18612  3.54381
  endloop
 endfacet
 facet normal -0.452192 0.215108 0.865593
  outer loop
   vertex -11.7546  6.62112  2.30281
   vertex -11.3956  4.57912  2.99781
   vertex -11.0456  5.18612  3.02981
  endloop
 endfacet
 facet normal -0.288256 -0.416418 -0.862267
  outer loop
   vertex -9.62463 -9.55488 -4.15519
   vertex -8.76563 -8.69588 -4.85719
   vertex -6.24263 -10.6329 -4.76519
  endloop
 endfacet
 facet normal -0.287179 -0.411502 -0.864982
  outer loop
   vertex -9.62463 -9.55488 -4.15519
   vertex -6.24263 -10.6329 -4.76519
   vertex -6.84963 -11.6849 -4.06319
  endloop
 endfacet
 facet normal  0.47193 0.170751 0.864943
  outer loop
   vertex  11.6204  3.07512 -2.24119
   vertex  12.7934  3.38912 -2.94319
   vertex  11.4554  6.62112 -2.85119
  endloop
 endfacet
 facet normal 0.476971 0.170517 0.862219
  outer loop
   vertex  11.6204  3.07512 -2.24119
   vertex  11.4554  6.62112 -2.85119
   vertex  10.4034  6.01412 -2.14919
  endloop
 endfacet
 facet normal 0.383722 0.323212 -0.865038
  outer loop
   vertex  8.46637  8.53712 -1.54419
   vertex  9.32537  9.39612 -0.842191
   vertex  11.4554  6.62112 -0.934194
  endloop
 endfacet
 facet normal 0.386145 0.327898 -0.862192
  outer loop
   vertex  8.46637  8.53712 -1.54419
   vertex  11.4554  6.62112 -0.934194
   vertex  10.4034  6.01412 -1.63619
  endloop
 endfacet
 facet normal -0.457983 0.216634 0.862161
  outer loop
   vertex -13.0926  3.38912 -6.44019
   vertex -11.9196  3.07512 -5.73819
   vertex -10.7026  6.01412 -5.83019
  endloop
 endfacet
 facet normal -0.454448 0.212758 0.864992
  outer loop
   vertex -13.0926  3.38912 -6.44019
   vertex -10.7026  6.01412 -5.83019
   vertex -11.7546  6.62112 -6.53219
  endloop
 endfacet
 facet normal -0.608966 -0.793196        0
  outer loop
   vertex -8.76563 -8.69588 -0.953191
   vertex -6.24263 -10.6329 -0.861192
   vertex -6.24263 -10.6329 -0.347192
  endloop
 endfacet
 facet normal -0.608966 -0.793196        0
  outer loop
   vertex -8.76563 -8.69588 -0.953191
   vertex -6.24263 -10.6329 -0.347192
   vertex -8.76563 -8.69588 -0.439191
  endloop
 endfacet
 facet normal 0.923921 -0.382583        0
  outer loop
   vertex  11.6204 -3.23388 0.296809
   vertex  10.4034 -6.17288 0.204806
   vertex  10.4034 -6.17288 -0.309194
  endloop
 endfacet
 facet normal 0.923921 -0.382583        0
  outer loop
   vertex  11.6204 -3.23388 0.296809
   vertex  10.4034 -6.17288 -0.309194
   vertex  11.6204 -3.23388 -0.217191
  endloop
 endfacet
 facet normal 0.322891 0.383291 0.865349
  outer loop
   vertex  8.46637  8.53712 -4.26619
   vertex  9.32537  9.39612 -4.96719
   vertex  6.55037  11.5261 -4.87519
  endloop
 endfacet
 facet normal  0.32758 0.385717 0.862504
  outer loop
   vertex  8.46637  8.53712 -4.26619
   vertex  6.55037  11.5261 -4.87519
   vertex  5.94337  10.4741 -4.17419
  endloop
 endfacet
 facet normal -0.452828 -0.214599 -0.865387
  outer loop
   vertex -11.9196 -3.23388 -0.623193
   vertex -10.7026 -6.17288 -0.531194
   vertex -11.7546 -6.77988 0.169806
  endloop
 endfacet
 facet normal -0.458184 -0.214237 -0.862653
  outer loop
   vertex -11.9196 -3.23388 -0.623193
   vertex -11.7546 -6.77988 0.169806
   vertex -13.0926 -3.54788 0.0778074
  endloop
 endfacet
 facet normal -0.608966 0.793196        0
  outer loop
   vertex -8.76563  8.53712 -5.40919
   vertex -6.24263  10.4741 -5.50119
   vertex -6.24263  10.4741 -6.01419
  endloop
 endfacet
 facet normal -0.608966 0.793196        0
  outer loop
   vertex -8.76563  8.53712 -5.40919
   vertex -6.24263  10.4741 -6.01419
   vertex -8.76563  8.53712 -5.92219
  endloop
 endfacet
 facet normal -0.923954 0.382503        0
  outer loop
   vertex -13.0926  3.38912 -4.23119
   vertex -11.7546  6.62112 -4.32319
   vertex -11.7546  6.62112 -4.61619
  endloop
 endfacet
 facet normal -0.923954 0.382503        0
  outer loop
   vertex -13.0926  3.38912 -4.23119
   vertex -11.7546  6.62112 -4.61619
   vertex -13.0926  3.38912 -4.52419
  endloop
 endfacet
 facet normal 0.382503 -0.923954        0
  outer loop
   vertex  3.31837 -13.0229 -1.28619
   vertex  3.31837 -13.0229 -1.57919
   vertex  6.55037 -11.6849 -1.48719
  endloop
 endfacet
 facet normal 0.382503 -0.923954        0
  outer loop
   vertex  3.31837 -13.0229 -1.28619
   vertex  6.55037 -11.6849 -1.48719
   vertex  6.55037 -11.6849 -1.19419
  endloop
 endfacet
 facet normal -0.171444 0.473533 0.863929
  outer loop
   vertex -6.84963  11.5261  2.11881
   vertex -4.80763  11.1671  2.72081
   vertex -3.61763  12.8641  2.02681
  endloop
 endfacet
 facet normal -0.168644 0.472112 0.865257
  outer loop
   vertex -4.80763  11.1671  2.72081
   vertex -4.13163  11.3481  2.75381
   vertex -3.61763  12.8641  2.02681
  endloop
 endfacet
 facet normal 0.923954 -0.382503        0
  outer loop
   vertex  12.7934 -3.54788 -1.21119
   vertex  12.7934 -3.54788 -0.918191
   vertex  11.4554 -6.77988 -1.01019
  endloop
 endfacet
 facet normal 0.923954 -0.382503        0
  outer loop
   vertex  12.7934 -3.54788 -1.21119
   vertex  11.4554 -6.77988 -1.01019
   vertex  11.4554 -6.77988 -1.30319
  endloop
 endfacet
 facet normal -0.991429 0.130647        0
  outer loop
   vertex -13.5496 -0.0788777 -1.93019
   vertex -13.0926  3.38912 -2.02219
   vertex -13.0926  3.38912 -2.31519
  endloop
 endfacet
 facet normal -0.991429 0.130647        0
  outer loop
   vertex -13.5496 -0.0788777 -1.93019
   vertex -13.0926  3.38912 -2.31519
   vertex -13.5496 -0.0788777 -2.22319
  endloop
 endfacet
 facet normal 0.423399 0.347005 -0.836852
  outer loop
   vertex -3.36574  -2.8874  7.52301
   vertex -6.61963 -6.79888  4.25481
   vertex -7.80063 -5.35788  4.25481
  endloop
 endfacet
 facet normal  0.43508 0.328163 -0.83846
  outer loop
   vertex -3.36574  -2.8874  7.52301
   vertex -7.80063 -5.35788  4.25481
   vertex -3.70108  -2.4428  7.52301
  endloop
 endfacet
 facet normal -0.258641 0.965974        0
  outer loop
   vertex -4.80763  11.1671  4.25481
   vertex -4.13163  11.3481  3.26781
   vertex -4.80763  11.1671  2.72081
  endloop
 endfacet
 facet normal -0.499517 0.866304        0
  outer loop
   vertex -4.80763  11.1671  4.25481
   vertex -4.80763  11.1671  2.72081
   vertex -5.41463  10.8171  3.30781
  endloop
 endfacet
 facet normal 0.960689 -0.207257 0.184719
  outer loop
   vertex  5.52116 -0.876086  16.9549
   vertex  5.39127 -1.47814  16.9549
   vertex  6.66151 -1.78886       10
  endloop
 endfacet
 facet normal 0.960689 -0.207257 0.184719
  outer loop
   vertex  5.52116 -0.876086  16.9549
   vertex  6.66151 -1.78886       10
   vertex  6.80652  -1.1167       10
  endloop
 endfacet
 facet normal 0.965936 0.258782 6.43156e-05
  outer loop
   vertex  11.9184  1.51012  4.25481
   vertex  11.7374  2.18612  2.66381
   vertex  11.2774  3.90312  2.71481
  endloop
 endfacet
 facet normal 0.965952  0.25872 -3.76751e-05
  outer loop
   vertex  11.9184  1.51012  4.25481
   vertex  11.2774  3.90312  2.71481
   vertex  11.0964  4.57912  4.25481
  endloop
 endfacet
 facet normal -0.865948 -0.500134        0
  outer loop
   vertex -10.1566 -6.88388  3.07581
   vertex -9.80663 -7.48988  3.01181
   vertex -9.80663 -7.48988  4.25481
  endloop
 endfacet
 facet normal -0.865948 -0.500134        0
  outer loop
   vertex -10.1566 -6.88388  3.07581
   vertex -9.80663 -7.48988  4.25481
   vertex -10.1566 -6.88388  3.91181
  endloop
 endfacet
 facet normal -0.965974  0.25864        0
  outer loop
   vertex -12.2176  1.51012  4.25481
   vertex -12.0366  2.18612  3.63581
   vertex -12.2176  1.51012  3.08981
  endloop
 endfacet
 facet normal       -1        0       -0
  outer loop
   vertex -12.2176  1.51012  4.25481
   vertex -12.2176  1.51012  3.08981
   vertex -12.2176 0.810122  3.67581
  endloop
 endfacet
 facet normal -0.301122 0.430548 0.850855
  outer loop
   vertex -7.55963  9.57812  4.25481
   vertex -4.22998  5.44821    7.523
   vertex  -3.6665  5.84231    7.523
  endloop
 endfacet
 facet normal -0.793196 -0.608966        0
  outer loop
   vertex -8.76563 -8.69588 -4.85719
   vertex -10.7026 -6.17288 -4.94919
   vertex -10.7026 -6.17288 -5.46219
  endloop
 endfacet
 facet normal -0.793196 -0.608966       -0
  outer loop
   vertex -8.76563 -8.69588 -4.85719
   vertex -10.7026 -6.17288 -5.46219
   vertex -8.76563 -8.69588 -5.37019
  endloop
 endfacet
 facet normal 0.130454 0.991454        0
  outer loop
   vertex  3.00437  11.6911 -4.08219
   vertex -0.149626  12.1061 -3.99019
   vertex -0.149626  12.1061 -3.47619
  endloop
 endfacet
 facet normal 0.130454 0.991454       -0
  outer loop
   vertex  3.00437  11.6911 -4.08219
   vertex -0.149626  12.1061 -3.47619
   vertex  3.00437  11.6911 -3.56819
  endloop
 endfacet
 facet normal -0.382583 0.923921        0
  outer loop
   vertex -6.24263  10.4741  1.12481
   vertex -3.30363  11.6911  1.03281
   vertex -3.30363  11.6911 0.519809
  endloop
 endfacet
 facet normal -0.382583 0.923921        0
  outer loop
   vertex -6.24263  10.4741  1.12481
   vertex -3.30363  11.6911 0.519809
   vertex -6.24263  10.4741 0.611808
  endloop
 endfacet
 facet normal 0.991459 0.130417 0.000657906
  outer loop
   vertex  11.7374  2.18612 -6.23719
   vertex  11.6204  3.07512 -6.14519
   vertex  11.9184 0.810122 -6.23719
  endloop
 endfacet
 facet normal 0.923909 0.382611 -0.00107515
  outer loop
   vertex  11.6204  3.07512 -6.14519
   vertex  11.2774  3.90312 -6.23719
   vertex  10.4034  6.01412 -6.05319
  endloop
 endfacet
 facet normal 0.212559 -0.453949 -0.865303
  outer loop
   vertex  5.94337 -10.6329 0.0208082
   vertex  6.55037 -11.6849 0.721808
   vertex  3.31837 -13.0229 0.629809
  endloop
 endfacet
 facet normal 0.216437 -0.457488 -0.862473
  outer loop
   vertex  5.94337 -10.6329 0.0208082
   vertex  3.31837 -13.0229 0.629809
   vertex  3.00437 -11.8499 -0.0711908
  endloop
 endfacet
 facet normal  0.99145 0.130484 -0.00101916
  outer loop
   vertex  11.6204  3.07512 -6.14519
   vertex  12.0354 -0.0788777 -6.23719
   vertex  11.9184 0.810122 -6.23719
  endloop
 endfacet
 facet normal -0.493017 0.0901119 0.865341
  outer loop
   vertex -12.3346 -0.0788777 -3.43819
   vertex -11.9196  3.07512 -3.53019
   vertex -13.0926  3.38912 -4.23119
  endloop
 endfacet
 facet normal -0.497783 0.0884838 0.862776
  outer loop
   vertex -12.3346 -0.0788777 -3.43819
   vertex -13.0926  3.38912 -4.23119
   vertex -13.5496 -0.0788777 -4.13919
  endloop
 endfacet
 facet normal        0       -0        1
  outer loop
   vertex  11.9184 0.810122 -6.23719
   vertex  11.9184  1.51012 -6.23719
   vertex  11.7374  2.18612 -6.23719
  endloop
 endfacet
 facet normal -0.214433  0.45868 -0.862341
  outer loop
   vertex -6.84963  11.5261 -0.382192
   vertex -3.61763  12.8641 -0.474191
   vertex -3.30363  11.6911 -1.17619
  endloop
 endfacet
 facet normal -0.214797 0.453328 -0.865076
  outer loop
   vertex -6.84963  11.5261 -0.382192
   vertex -3.30363  11.6911 -1.17619
   vertex -6.24263  10.4741 -1.08419
  endloop
 endfacet
 facet normal 0.090708 0.498217 0.862295
  outer loop
   vertex -0.149626  13.3211 -0.274194
   vertex -0.149626  12.1061  0.42781
   vertex  3.00437  11.6911 0.335807
  endloop
 endfacet
 facet normal 0.0880523 0.494072  0.86495
  outer loop
   vertex -0.149626  13.3211 -0.274194
   vertex  3.00437  11.6911 0.335807
   vertex  3.31837  12.8641 -0.366193
  endloop
 endfacet
 facet normal 0.497687 -0.090618  0.86261
  outer loop
   vertex  13.2504 -0.0788777 -0.826192
   vertex  12.0354 -0.0788777 -0.125192
   vertex  11.6204 -3.23388 -0.217191
  endloop
 endfacet
 facet normal 0.493544 -0.0879657 0.865261
  outer loop
   vertex  13.2504 -0.0788777 -0.826192
   vertex  11.6204 -3.23388 -0.217191
   vertex  12.7934 -3.54788 -0.918191
  endloop
 endfacet
 facet normal -0.168601 0.472554 0.865024
  outer loop
   vertex -6.24263  10.4741 0.611808
   vertex -3.30363  11.6911 0.519809
   vertex -3.61763  12.8641 -0.182191
  endloop
 endfacet
 facet normal -0.172488 0.475949 0.862392
  outer loop
   vertex -6.24263  10.4741 0.611808
   vertex -3.61763  12.8641 -0.182191
   vertex -6.84963  11.5261 -0.0901918
  endloop
 endfacet
 facet normal 0.991454 0.130455        0
  outer loop
   vertex  12.0354 -0.0788777 -4.54219
   vertex  11.6204  3.07512 -4.45019
   vertex  11.6204  3.07512 -3.93719
  endloop
 endfacet
 facet normal 0.991454 0.130455       -0
  outer loop
   vertex  12.0354 -0.0788777 -4.54219
   vertex  11.6204  3.07512 -3.93719
   vertex  12.0354 -0.0788777 -4.02919
  endloop
 endfacet
 facet normal 0.382583 -0.923921        0
  outer loop
   vertex  3.00437 -11.8499 -5.00219
   vertex  5.94337 -10.6329 -4.91019
   vertex  5.94337 -10.6329 -4.39719
  endloop
 endfacet
 facet normal 0.382583 -0.923921        0
  outer loop
   vertex  3.00437 -11.8499 -5.00219
   vertex  5.94337 -10.6329 -4.39719
   vertex  3.00437 -11.8499 -4.48919
  endloop
 endfacet
 facet normal 0.996242 0.086609        0
  outer loop
   vertex  6.89283 0.254125  7.52301
   vertex  6.83328 0.939166  7.52301
   vertex  6.83328 0.939166       10
  endloop
 endfacet
 facet normal 0.996242 0.086609       -0
  outer loop
   vertex  6.89283 0.254125  7.52301
   vertex  6.83328 0.939166       10
   vertex  6.89283 0.254125       10
  endloop
 endfacet
 facet normal -0.499284 0.0428362 -0.865379
  outer loop
   vertex -12.3346 -0.0788777 -5.13319
   vertex -13.5496 -0.0788777 -4.43219
   vertex -13.0926  3.38912 -4.52419
  endloop
 endfacet
 facet normal -0.504401 0.0412098 -0.862486
  outer loop
   vertex -12.3346 -0.0788777 -5.13319
   vertex -13.0926  3.38912 -4.52419
   vertex -11.9196  3.07512 -5.22519
  endloop
 endfacet
 facet normal -0.216633 -0.457983 0.862161
  outer loop
   vertex -3.61763 -13.0229 -5.88819
   vertex -3.30363 -11.8499 -5.18619
   vertex -6.24263 -10.6329 -5.27819
  endloop
 endfacet
 facet normal -0.212757 -0.454449 0.864992
  outer loop
   vertex -3.61763 -13.0229 -5.88819
   vertex -6.24263 -10.6329 -5.27819
   vertex -6.84963 -11.6849 -5.98019
  endloop
 endfacet
 facet normal 0.130647 0.991429        0
  outer loop
   vertex -0.149626  13.3211  1.93481
   vertex  3.31837  12.8641  1.84281
   vertex  3.31837  12.8641  1.54981
  endloop
 endfacet
 facet normal 0.130647 0.991429        0
  outer loop
   vertex -0.149626  13.3211  1.93481
   vertex  3.31837  12.8641  1.54981
   vertex -0.149626  13.3211  1.64181
  endloop
 endfacet
 facet normal -0.991434 -0.13061        0
  outer loop
   vertex -13.0926 -3.54788 -4.34019
   vertex -13.0926 -3.54788 -4.04719
   vertex -13.5496 -0.0788777 -4.13919
  endloop
 endfacet
 facet normal -0.991434 -0.13061        0
  outer loop
   vertex -13.0926 -3.54788 -4.34019
   vertex -13.5496 -0.0788777 -4.13919
   vertex -13.5496 -0.0788777 -4.43219
  endloop
 endfacet
 facet normal -0.214599 0.452828 -0.865387
  outer loop
   vertex -3.30363  11.6911  1.03281
   vertex -6.24263  10.4741  1.12481
   vertex -6.84963  11.5261  1.82581
  endloop
 endfacet
 facet normal -0.214237 0.458184 -0.862653
  outer loop
   vertex -3.30363  11.6911  1.03281
   vertex -6.84963  11.5261  1.82581
   vertex -3.61763  12.8641  1.73381
  endloop
 endfacet
 facet normal -0.497687 -0.090618 -0.86261
  outer loop
   vertex -13.5496 -0.0788777 -4.43219
   vertex -12.3346 -0.0788777 -5.13319
   vertex -11.9196 -3.23388 -5.04119
  endloop
 endfacet
 facet normal -0.493544 -0.0879657 -0.865261
  outer loop
   vertex -13.5496 -0.0788777 -4.43219
   vertex -11.9196 -3.23388 -5.04119
   vertex -13.0926 -3.54788 -4.34019
  endloop
 endfacet
 facet normal 0.497686 0.0906465 -0.862608
  outer loop
   vertex  13.2504 -0.0788777  1.08981
   vertex  12.0354 -0.0788777 0.388808
   vertex  11.6204  3.07512 0.480807
  endloop
 endfacet
 facet normal 0.493538 0.0879903 -0.865262
  outer loop
   vertex  13.2504 -0.0788777  1.08981
   vertex  11.6204  3.07512 0.480807
   vertex  12.7934  3.38912  1.18181
  endloop
 endfacet
 facet normal 0.493544 -0.0879657 0.865261
  outer loop
   vertex  11.6204 -3.23388 -4.63419
   vertex  12.7934 -3.54788 -5.33519
   vertex  13.2504 -0.0788777 -5.24319
  endloop
 endfacet
 facet normal 0.497687 -0.090618  0.86261
  outer loop
   vertex  11.6204 -3.23388 -4.63419
   vertex  13.2504 -0.0788777 -5.24319
   vertex  12.0354 -0.0788777 -4.54219
  endloop
 endfacet
 facet normal -0.499866 -0.0405235 0.865154
  outer loop
   vertex -11.9196 -3.23388  1.07181
   vertex -12.3346 -0.0788777 0.979808
   vertex -13.5496 -0.0788777 0.277808
  endloop
 endfacet
 facet normal -0.504423 -0.043582 0.862356
  outer loop
   vertex -11.9196 -3.23388  1.07181
   vertex -13.5496 -0.0788777 0.277808
   vertex -13.0926 -3.54788 0.369807
  endloop
 endfacet
 facet normal -0.991434 -0.13061        0
  outer loop
   vertex -13.5496 -0.0788777 -6.64019
   vertex -13.0926 -3.54788 -6.54819
   vertex -13.0926 -3.54788 -6.25619
  endloop
 endfacet
 facet normal -0.991434 -0.13061        0
  outer loop
   vertex -13.5496 -0.0788777 -6.64019
   vertex -13.0926 -3.54788 -6.25619
   vertex -13.5496 -0.0788777 -6.34819
  endloop
 endfacet
 facet normal -0.496356 -0.0882927 -0.863617
  outer loop
   vertex -12.2176 -1.66888 -7.24319
   vertex -13.0926 -3.54788 -6.54819
   vertex -13.5496 -0.0788777 -6.64019
  endloop
 endfacet
 facet normal -0.130454 -0.991454        0
  outer loop
   vertex -0.149626 -12.2649 -4.58119
   vertex -3.30363 -11.8499 -4.67319
   vertex -3.30363 -11.8499 -5.18619
  endloop
 endfacet
 facet normal -0.130454 -0.991454       -0
  outer loop
   vertex -0.149626 -12.2649 -4.58119
   vertex -3.30363 -11.8499 -5.18619
   vertex -0.149626 -12.2649 -5.09419
  endloop
 endfacet
 facet normal -0.216438 0.457487 -0.862473
  outer loop
   vertex -3.61763  12.8641 -4.89219
   vertex -3.30363  11.6911 -5.59319
   vertex -6.24263  10.4741 -5.50119
  endloop
 endfacet
 facet normal -0.21256 0.453948 -0.865303
  outer loop
   vertex -3.61763  12.8641 -4.89219
   vertex -6.24263  10.4741 -5.50119
   vertex -6.84963  11.5261 -4.80019
  endloop
 endfacet
 facet normal -0.793196 -0.608966        0
  outer loop
   vertex -8.76563 -8.69588 -0.439191
   vertex -10.7026 -6.17288 -0.531194
   vertex -10.7026 -6.17288 -1.04519
  endloop
 endfacet
 facet normal -0.793196 -0.608966       -0
  outer loop
   vertex -8.76563 -8.69588 -0.439191
   vertex -10.7026 -6.17288 -1.04519
   vertex -8.76563 -8.69588 -0.953191
  endloop
 endfacet
 facet normal -0.793261 0.608881        0
  outer loop
   vertex -11.7546  6.62112 -2.40719
   vertex -11.7546  6.62112 -2.11419
   vertex -9.62463  9.39612 -2.20619
  endloop
 endfacet
 facet normal -0.793261 0.608881        0
  outer loop
   vertex -11.7546  6.62112 -2.40719
   vertex -9.62463  9.39612 -2.20619
   vertex -9.62463  9.39612 -2.49919
  endloop
 endfacet
 facet normal -0.382583 0.923921        0
  outer loop
   vertex -6.24263  10.4741 -1.08419
   vertex -3.30363  11.6911 -1.17619
   vertex -3.30363  11.6911 -1.68919
  endloop
 endfacet
 facet normal -0.382583 0.923921        0
  outer loop
   vertex -6.24263  10.4741 -1.08419
   vertex -3.30363  11.6911 -1.68919
   vertex -6.24263  10.4741 -1.59719
  endloop
 endfacet
 facet normal -0.608966 0.793196        0
  outer loop
   vertex -8.76563  8.53712 0.703807
   vertex -8.76563  8.53712  1.21681
   vertex -6.24263  10.4741  1.12481
  endloop
 endfacet
 facet normal -0.608966 0.793196        0
  outer loop
   vertex -8.76563  8.53712 0.703807
   vertex -6.24263  10.4741  1.12481
   vertex -6.24263  10.4741 0.611808
  endloop
 endfacet
 facet normal -0.608881 0.793261        0
  outer loop
   vertex -9.62463  9.39612 -4.41519
   vertex -6.84963  11.5261 -4.50719
   vertex -6.84963  11.5261 -4.80019
  endloop
 endfacet
 facet normal -0.608881 0.793261        0
  outer loop
   vertex -9.62463  9.39612 -4.41519
   vertex -6.84963  11.5261 -4.80019
   vertex -9.62463  9.39612 -4.70819
  endloop
 endfacet
 facet normal 0.284934 0.412237 -0.865375
  outer loop
   vertex  8.46637  8.53712 0.664809
   vertex  5.94337  10.4741 0.756808
   vertex  6.55037  11.5261  1.45781
  endloop
 endfacet
 facet normal 0.289558 0.414505 -0.862753
  outer loop
   vertex  8.46637  8.53712 0.664809
   vertex  6.55037  11.5261  1.45781
   vertex  9.32537  9.39612  1.36581
  endloop
 endfacet
 facet normal 0.322891 -0.383291 -0.865349
  outer loop
   vertex  8.46637 -8.69588 0.112807
   vertex  9.32537 -9.55488 0.813807
   vertex  6.55037 -11.6849 0.721808
  endloop
 endfacet
 facet normal  0.32758 -0.385717 -0.862504
  outer loop
   vertex  8.46637 -8.69588 0.112807
   vertex  6.55037 -11.6849 0.721808
   vertex  5.94337 -10.6329 0.0208082
  endloop
 endfacet
 facet normal 0.289889 -0.414923 0.862441
  outer loop
   vertex  6.55037 -11.6849 -3.40319
   vertex  9.32537 -9.55488 -3.31119
   vertex  8.46637 -8.69588 -2.60919
  endloop
 endfacet
 facet normal 0.285269 -0.412658 0.865064
  outer loop
   vertex  6.55037 -11.6849 -3.40319
   vertex  8.46637 -8.69588 -2.60919
   vertex  5.94337 -10.6329 -2.70119
  endloop
 endfacet
 facet normal -0.608881 0.793261        0
  outer loop
   vertex -9.62463  9.39612  2.21081
   vertex -6.84963  11.5261  2.11881
   vertex -6.84963  11.5261  1.82581
  endloop
 endfacet
 facet normal -0.608881 0.793261        0
  outer loop
   vertex -9.62463  9.39612  2.21081
   vertex -6.84963  11.5261  1.82581
   vertex -9.62463  9.39612  1.91781
  endloop
 endfacet
 facet normal 0.957069 0.289859       -0
  outer loop
   vertex -9.21963 -1.93288 -8.04519
   vertex -9.21963 -1.93288  4.25481
   vertex -8.67963 -3.71588  4.25481
  endloop
 endfacet
 facet normal 0.957069 0.289859        0
  outer loop
   vertex -9.21963 -1.93288 -8.04519
   vertex -8.67963 -3.71588  4.25481
   vertex -8.67963 -3.71588 -8.04519
  endloop
 endfacet
 facet normal 0.959328 0.282293        0
  outer loop
   vertex  6.70581  1.61487  7.52301
   vertex   6.5117  2.27453  7.52301
   vertex   6.5117  2.27453       10
  endloop
 endfacet
 facet normal 0.959328 0.282293       -0
  outer loop
   vertex  6.70581  1.61487  7.52301
   vertex   6.5117  2.27453       10
   vertex  6.70581  1.61487       10
  endloop
 endfacet
 facet normal 0.471434 -0.170537 -0.865255
  outer loop
   vertex  11.6204 -3.23388 -1.91219
   vertex  12.7934 -3.54788 -1.21119
   vertex  11.4554 -6.77988 -1.30319
  endloop
 endfacet
 facet normal 0.476483 -0.170304 -0.862531
  outer loop
   vertex  11.6204 -3.23388 -1.91219
   vertex  11.4554 -6.77988 -1.30319
   vertex  10.4034 -6.17288 -2.00419
  endloop
 endfacet
 facet normal -0.287924 0.415998 0.862581
  outer loop
   vertex -9.62463  9.39612 -2.20619
   vertex -8.76563  8.53712 -1.50519
   vertex -6.24263  10.4741 -1.59719
  endloop
 endfacet
 facet normal -0.286845  0.41108 0.865294
  outer loop
   vertex -9.62463  9.39612 -2.20619
   vertex -6.24263  10.4741 -1.59719
   vertex -6.84963  11.5261 -2.29819
  endloop
 endfacet
 facet normal 0.793261 -0.608882        0
  outer loop
   vertex  11.4554 -6.77988 -5.42719
   vertex  9.32537 -9.55488 -5.51919
   vertex  9.32537 -9.55488 -5.81219
  endloop
 endfacet
 facet normal 0.793261 -0.608882        0
  outer loop
   vertex  11.4554 -6.77988 -5.42719
   vertex  9.32537 -9.55488 -5.81219
   vertex  11.4554 -6.77988 -5.72019
  endloop
 endfacet
 facet normal -0.0412106 -0.504402 -0.862485
  outer loop
   vertex -3.61763 -13.0229 0.445807
   vertex -3.30363 -11.8499 -0.255193
   vertex -0.149626 -12.2649 -0.163194
  endloop
 endfacet
 facet normal -0.0429355 -0.498974 -0.865553
  outer loop
   vertex -3.61763 -13.0229 0.445807
   vertex -0.149626 -12.2649 -0.163194
   vertex -0.149626 -13.4809 0.537807
  endloop
 endfacet
 facet normal -0.130647 0.991429        0
  outer loop
   vertex -0.149626  13.3211 -7.19219
   vertex -3.61763  12.8641 -7.10019
   vertex -3.61763  12.8641 -6.80819
  endloop
 endfacet
 facet normal -0.130647 0.991429        0
  outer loop
   vertex -0.149626  13.3211 -7.19219
   vertex -3.61763  12.8641 -6.80819
   vertex -0.149626  13.3211 -6.90019
  endloop
 endfacet
 facet normal -0.216437 -0.457488 0.862473
  outer loop
   vertex -3.61763 -13.0229 0.738807
   vertex -3.30363 -11.8499  1.43981
   vertex -6.24263 -10.6329  1.34781
  endloop
 endfacet
 facet normal -0.212559 -0.453949 0.865303
  outer loop
   vertex -3.61763 -13.0229 0.738807
   vertex -6.24263 -10.6329  1.34781
   vertex -6.84963 -11.6849 0.646808
  endloop
 endfacet
 facet normal 0.793196 -0.608966        0
  outer loop
   vertex  8.46637 -8.69588 -0.401193
   vertex  10.4034 -6.17288 -0.309194
   vertex  10.4034 -6.17288 0.204806
  endloop
 endfacet
 facet normal 0.793196 -0.608966        0
  outer loop
   vertex  8.46637 -8.69588 -0.401193
   vertex  10.4034 -6.17288 0.204806
   vertex  8.46637 -8.69588 0.112807
  endloop
 endfacet
 facet normal -0.504421 0.0435942 -0.862357
  outer loop
   vertex -13.5496 -0.0788777 -0.0141916
   vertex -13.0926  3.38912 -0.106191
   vertex -11.9196  3.07512 -0.80819
  endloop
 endfacet
 facet normal -0.499866 0.0405363 -0.865154
  outer loop
   vertex -13.5496 -0.0788777 -0.0141916
   vertex -11.9196  3.07512 -0.80819
   vertex -12.3346 -0.0788777 -0.716191
  endloop
 endfacet
 facet normal 0.130928 -0.991392        0
  outer loop
   vertex  3.31837 -13.0229 -5.70319
   vertex -0.149626 -13.4809 -5.79619
   vertex -0.149626 -13.4809 -6.08819
  endloop
 endfacet
 facet normal 0.130928 -0.991392        0
  outer loop
   vertex  3.31837 -13.0229 -5.70319
   vertex -0.149626 -13.4809 -6.08819
   vertex  3.31837 -13.0229 -5.99619
  endloop
 endfacet
 facet normal -0.493024 -0.0900842 -0.86534
  outer loop
   vertex -12.3346 -0.0788777 -2.92419
   vertex -11.9196 -3.23388 -2.83219
   vertex -13.0926 -3.54788 -2.13119
  endloop
 endfacet
 facet normal -0.497784 -0.0884585 -0.862778
  outer loop
   vertex -12.3346 -0.0788777 -2.92419
   vertex -13.0926 -3.54788 -2.13119
   vertex -13.5496 -0.0788777 -2.22319
  endloop
 endfacet
 facet normal -0.923954 -0.382503        0
  outer loop
   vertex -13.0926 -3.54788 -4.34019
   vertex -11.7546 -6.77988 -4.24719
   vertex -11.7546 -6.77988 -3.95519
  endloop
 endfacet
 facet normal -0.923954 -0.382503        0
  outer loop
   vertex -13.0926 -3.54788 -4.34019
   vertex -11.7546 -6.77988 -3.95519
   vertex -13.0926 -3.54788 -4.04719
  endloop
 endfacet
 facet normal 0.130647 0.991429        0
  outer loop
   vertex -0.149626  13.3211 -2.48219
   vertex  3.31837  12.8641 -2.57519
   vertex  3.31837  12.8641 -2.86719
  endloop
 endfacet
 facet normal 0.130647 0.991429        0
  outer loop
   vertex -0.149626  13.3211 -2.48219
   vertex  3.31837  12.8641 -2.86719
   vertex -0.149626  13.3211 -2.77519
  endloop
 endfacet
 facet normal -0.476483 0.170304 -0.862531
  outer loop
   vertex -11.7546  6.62112  2.00981
   vertex -10.7026  6.01412  1.30881
   vertex -11.9196  3.07512  1.40081
  endloop
 endfacet
 facet normal   -0.472 0.170511 -0.864952
  outer loop
   vertex -11.7546  6.62112  2.00981
   vertex -11.9196  3.07512  1.40081
   vertex -13.0926  3.38912  2.10281
  endloop
 endfacet
 facet normal 0.654885 0.755728        0
  outer loop
   vertex  8.89637  8.96712 -7.39519
   vertex  6.34837  11.1751 -7.32819
   vertex  6.34837  11.1751 -7.13319
  endloop
 endfacet
 facet normal 0.654885 0.755728       -0
  outer loop
   vertex  8.89637  8.96712 -7.39519
   vertex  6.34837  11.1751 -7.13319
   vertex  8.89637  8.96712 -7.24919
  endloop
 endfacet
 facet normal -0.991429 0.130647        0
  outer loop
   vertex -13.5496 -0.0788777 -0.0141916
   vertex -13.5496 -0.0788777 0.277808
   vertex -13.0926  3.38912 0.185809
  endloop
 endfacet
 facet normal -0.991429 0.130647        0
  outer loop
   vertex -13.5496 -0.0788777 -0.0141916
   vertex -13.0926  3.38912 0.185809
   vertex -13.0926  3.38912 -0.106191
  endloop
 endfacet
 facet normal -0.382503 0.923954        0
  outer loop
   vertex -6.84963  11.5261 -4.50719
   vertex -3.61763  12.8641 -4.59919
   vertex -3.61763  12.8641 -4.89219
  endloop
 endfacet
 facet normal -0.382503 0.923954        0
  outer loop
   vertex -6.84963  11.5261 -4.50719
   vertex -3.61763  12.8641 -4.89219
   vertex -6.84963  11.5261 -4.80019
  endloop
 endfacet
 facet normal 0.453949 0.212559 -0.865303
  outer loop
   vertex  10.4034  6.01412 -6.05319
   vertex  11.4554  6.62112 -5.35219
   vertex  12.7934  3.38912 -5.44419
  endloop
 endfacet
 facet normal 0.457487 0.216437 -0.862473
  outer loop
   vertex  10.4034  6.01412 -6.05319
   vertex  12.7934  3.38912 -5.44419
   vertex  11.6204  3.07512 -6.14519
  endloop
 endfacet
 facet normal -0.923954 0.382503        0
  outer loop
   vertex -13.0926  3.38912 0.185809
   vertex -11.7546  6.62112 0.0938063
   vertex -11.7546  6.62112 -0.198194
  endloop
 endfacet
 facet normal -0.923954 0.382503        0
  outer loop
   vertex -13.0926  3.38912 0.185809
   vertex -11.7546  6.62112 -0.198194
   vertex -13.0926  3.38912 -0.106191
  endloop
 endfacet
 facet normal 0.0404569 0.499334 -0.865465
  outer loop
   vertex  3.00437  11.6911 -5.77719
   vertex -0.149626  12.1061 -5.68519
   vertex -0.149626  13.3211 -4.98419
  endloop
 endfacet
 facet normal 0.0435163 0.503894 -0.862669
  outer loop
   vertex  3.00437  11.6911 -5.77719
   vertex -0.149626  13.3211 -4.98419
   vertex  3.31837  12.8641 -5.07619
  endloop
 endfacet
 facet normal 0.328126 0.385999 0.862171
  outer loop
   vertex  6.55037  11.5261 -0.458192
   vertex  5.94337  10.4741 0.243808
   vertex  8.46637  8.53712 0.150809
  endloop
 endfacet
 facet normal 0.322891 0.383291 0.865349
  outer loop
   vertex  6.55037  11.5261 -0.458192
   vertex  8.46637  8.53712 0.150809
   vertex  9.32537  9.39612 -0.550191
  endloop
 endfacet
 facet normal  0.25872 0.965952 4.93327e-05
  outer loop
   vertex  2.11537  11.8081  3.08381
   vertex  1.43937  11.9891  4.25481
   vertex  4.50837  11.1671  4.25481
  endloop
 endfacet
 facet normal 0.258781 0.965936 -8.29683e-05
  outer loop
   vertex  2.11537  11.8081  3.08381
   vertex  4.50837  11.1671  4.25481
   vertex  3.83237  11.3481  3.03181
  endloop
 endfacet
 facet normal 0.258289 -0.966068        0
  outer loop
   vertex  1.44719 -6.74399    7.523
   vertex  2.11148 -6.56638    7.523
   vertex  2.11148 -6.56638       10
  endloop
 endfacet
 facet normal 0.258289 -0.966068        0
  outer loop
   vertex  1.44719 -6.74399    7.523
   vertex  2.11148 -6.56638       10
   vertex  1.44719 -6.74399       10
  endloop
 endfacet
 facet normal 0.499336 -0.0403591 -0.865468
  outer loop
   vertex  12.0354 -0.0788777 -6.23719
   vertex  13.2504 -0.0788777 -5.53619
   vertex  11.9184 -0.968877 -6.26319
  endloop
 endfacet
 facet normal 0.532667 0.146978 -0.833464
  outer loop
   vertex -4.34044 -0.908796  7.52301
   vertex -4.19231 -1.44563  7.52301
   vertex -8.67963 -3.71588  4.25481
  endloop
 endfacet
 facet normal 0.526102 0.159336 -0.835361
  outer loop
   vertex -4.34044 -0.908796  7.52301
   vertex -8.67963 -3.71588  4.25481
   vertex -9.21963 -1.93288  4.25481
  endloop
 endfacet
 facet normal        0       -1        0
  outer loop
   vertex  11.9184 -0.0788777 -6.23819
   vertex  11.9184 -0.0788777 -8.04519
   vertex  12.0354 -0.0788777 -7.59819
  endloop
 endfacet
 facet normal 0.00853859 0.0280795 -0.999569
  outer loop
   vertex  11.9184 -0.968877 -6.26319
   vertex  11.9184 -0.0788777 -6.23819
   vertex  12.0354 -0.0788777 -6.23719
  endloop
 endfacet
 facet normal 0.504412 -0.0411599 -0.862481
  outer loop
   vertex  11.7374 -2.34488 -6.30319
   vertex  12.7934 -3.54788 -5.62819
   vertex  11.6204 -3.23388 -6.32919
  endloop
 endfacet
 facet normal 0.503795 -0.0418845 -0.862807
  outer loop
   vertex  11.9014 -1.73188 -6.23719
   vertex  12.7934 -3.54788 -5.62819
   vertex  11.7374 -2.34488 -6.30319
  endloop
 endfacet
 facet normal 0.501845 -0.0432011 -0.863878
  outer loop
   vertex  11.9014 -1.73188 -6.23719
   vertex  13.2504 -0.0788777 -5.53619
   vertex  12.7934 -3.54788 -5.62819
  endloop
 endfacet
 facet normal 0.499463 -0.0406183 -0.865383
  outer loop
   vertex  13.2504 -0.0788777 -5.53619
   vertex  11.9014 -1.73188 -6.23719
   vertex  11.9184 -0.968877 -6.26319
  endloop
 endfacet
 facet normal 0.926454 0.376409        0
  outer loop
   vertex   6.5117  2.27453  7.52301
   vertex  6.25287  2.91159  7.52301
   vertex  6.25287  2.91159       10
  endloop
 endfacet
 facet normal 0.926454 0.376409       -0
  outer loop
   vertex   6.5117  2.27453  7.52301
   vertex  6.25287  2.91159       10
   vertex   6.5117  2.27453       10
  endloop
 endfacet
 facet normal 0.511856 0.0035893 0.859064
  outer loop
   vertex  11.8164  3.12712 -7.48219
   vertex  11.6204  3.07512 -7.36519
   vertex  11.7374  2.18612 -7.43119
  endloop
 endfacet
 facet normal 0.981859  0.18486 -0.0421881
  outer loop
   vertex  11.7116  2.49998 -8.04519
   vertex  11.6598  2.77536 -8.04519
   vertex  11.6204  3.07512 -7.64819
  endloop
 endfacet
 facet normal 0.793122 0.609063        0
  outer loop
   vertex  9.01237  7.82612 -7.73219
   vertex  9.01237  7.82612 -8.04519
   vertex  8.46637  8.53712 -8.04519
  endloop
 endfacet
 facet normal 0.793122 0.609063        0
  outer loop
   vertex  9.01237  7.82612 -7.73219
   vertex  8.46637  8.53712 -8.04519
   vertex  8.46637  8.53712 -7.74619
  endloop
 endfacet
 facet normal -0.502245 0.0432724 -0.863642
  outer loop
   vertex -12.2176  1.51012 -7.33519
   vertex -13.5496 -0.0788777 -6.64019
   vertex -13.0926  3.38912 -6.73219
  endloop
 endfacet
 facet normal -0.500013 0.0407824 -0.865057
  outer loop
   vertex -13.5496 -0.0788777 -6.64019
   vertex -12.2176  1.51012 -7.33519
   vertex -12.2176 0.810122 -7.36819
  endloop
 endfacet
 facet normal -0.504939 0.0412384 -0.862169
  outer loop
   vertex -12.0366  2.18612 -7.40819
   vertex -13.0926  3.38912 -6.73219
   vertex -11.9196  3.07512 -7.43419
  endloop
 endfacet
 facet normal -0.472555 0.168597 -0.865024
  outer loop
   vertex -11.5766  3.90312 -7.46019
   vertex -11.9196  3.07512 -7.43419
   vertex -13.0926  3.38912 -6.73219
  endloop
 endfacet
 facet normal       -1        0       -0
  outer loop
   vertex -12.2176 0.810122 -7.36819
   vertex -12.2176  1.51012 -8.04519
   vertex -12.2176 -1.66888 -8.04519
  endloop
 endfacet
 facet normal -0.965972 0.258645        0
  outer loop
   vertex -12.2176  1.51012 -7.33519
   vertex -12.1937  1.59946 -8.04519
   vertex -12.2176  1.51012 -8.04519
  endloop
 endfacet
 facet normal -0.50437 0.0419067 -0.86247
  outer loop
   vertex -12.0366  2.18612 -7.40819
   vertex -12.2176  1.51012 -7.33519
   vertex -13.0926  3.38912 -6.73219
  endloop
 endfacet
 facet normal       -1        0        0
  outer loop
   vertex -12.2176 0.810122 -7.36819
   vertex -12.2176  1.51012 -7.33519
   vertex -12.2176  1.51012 -8.04519
  endloop
 endfacet
 facet normal        0        0        1
  outer loop
   vertex -0.476953 -4.40883     35.4
   vertex -0.723623  -5.5432     35.4
   vertex -0.109434 -5.58916     35.4
  endloop
 endfacet
 facet normal        0        0        1
  outer loop
   vertex -0.476953 -4.40883     35.4
   vertex -0.109434 -5.58916     35.4
   vertex 0.0793805 -4.43384     35.4
  endloop
 endfacet
 facet normal  0.25872 -0.965952 -2.71442e-05
  outer loop
   vertex  3.83237 -11.5069  2.16281
   vertex  4.50837 -11.3259  4.25481
   vertex  1.43937 -12.1479  4.25481
  endloop
 endfacet
 facet normal 0.258781 -0.965936 4.75257e-05
  outer loop
   vertex  3.83237 -11.5069  2.16281
   vertex  1.43937 -12.1479  4.25481
   vertex  2.11537 -11.9669  2.11081
  endloop
 endfacet
 facet normal -0.34204 0.397899 0.851284
  outer loop
   vertex -7.55963  9.57812  4.25481
   vertex -4.75143  4.99997    7.523
   vertex -4.22998  5.44821    7.523
  endloop
 endfacet
 facet normal -0.000141134 -0.0292164 -0.999573
  outer loop
   vertex -12.2176 -0.968877 -7.31619
   vertex -12.3346 -0.0788777 -7.34219
   vertex -12.2176 0.810122 -7.36819
  endloop
 endfacet
 facet normal -0.499867 0.0404835 -0.865155
  outer loop
   vertex -12.2176 0.810122 -7.36819
   vertex -12.3346 -0.0788777 -7.34219
   vertex -13.5496 -0.0788777 -6.64019
  endloop
 endfacet
 facet normal -0.498216 -0.0906841 -0.862298
  outer loop
   vertex -12.3346 -0.0788777 -7.34219
   vertex -12.2176 -0.968877 -7.31619
   vertex -13.5496 -0.0788777 -6.64019
  endloop
 endfacet
 facet normal -0.49787 -0.0899564 -0.862574
  outer loop
   vertex -12.2176 -1.66888 -7.24319
   vertex -13.5496 -0.0788777 -6.64019
   vertex -12.2176 -0.968877 -7.31619
  endloop
 endfacet
 facet normal       -1        0       -0
  outer loop
   vertex -12.2176 -0.968877 -7.31619
   vertex -12.2176 0.810122 -7.36819
   vertex -12.2176 -1.66888 -8.04519
  endloop
 endfacet
 facet normal       -1        0        0
  outer loop
   vertex -12.2176 -1.66888 -7.24319
   vertex -12.2176 -0.968877 -7.31619
   vertex -12.2176 -1.66888 -8.04519
  endloop
 endfacet
 facet normal -0.493532 -0.0902533 -0.865032
  outer loop
   vertex -13.0926 -3.54788 -6.54819
   vertex -12.0366 -2.34488 -7.27619
   vertex -11.9196 -3.23388 -7.25019
  endloop
 endfacet
 facet normal -0.457938 -0.216775 -0.862149
  outer loop
   vertex -11.9196 -3.23388 -7.25019
   vertex -11.5766 -4.06188 -7.22419
   vertex -13.0926 -3.54788 -6.54819
  endloop
 endfacet
 facet normal -0.493767 -0.0899827 -0.864926
  outer loop
   vertex -13.0926 -3.54788 -6.54819
   vertex -12.2176 -1.66888 -7.24319
   vertex -12.0366 -2.34488 -7.27619
  endloop
 endfacet
 facet normal        0        1        0
  outer loop
   vertex 0.739374  11.9891 -7.92019
   vertex 0.739374  11.9891 -7.88019
   vertex  1.43937  11.9891 -7.81619
  endloop
 endfacet
 facet normal       -0        1        0
  outer loop
   vertex 0.739374  11.9891 -7.92019
   vertex  1.43937  11.9891 -7.81619
   vertex  1.43937  11.9891 -8.04519
  endloop
 endfacet
 facet normal -0.455325 0.262904 0.850624
  outer loop
   vertex -5.64794  3.95935    7.523
   vertex -9.80663  7.33112  4.25481
   vertex -11.3956  4.57912  4.25481
  endloop
 endfacet
 facet normal -0.450717 0.283549 0.846436
  outer loop
   vertex -5.64794  3.95935    7.523
   vertex -11.3956  4.57912  4.25481
   vertex  -6.0141  3.37732    7.523
  endloop
 endfacet
 facet normal 0.0976966 -0.995216        0
  outer loop
   vertex 0.100374  9.42412 -8.04519
   vertex 0.100374  9.42412  4.25481
   vertex -1.75363  9.24212  4.25481
  endloop
 endfacet
 facet normal 0.0976966 -0.995216        0
  outer loop
   vertex 0.100374  9.42412 -8.04519
   vertex -1.75363  9.24212  4.25481
   vertex -1.75363  9.24212 -8.04519
  endloop
 endfacet
 facet normal -0.798365 -0.602173 -2.73121e-08
  outer loop
   vertex  3.36573   2.8874  7.52301
   vertex  3.70108   2.4428  7.52301
   vertex  3.70108   2.4428     35.4
  endloop
 endfacet
 facet normal -0.798365 -0.602174 -3.41402e-08
  outer loop
   vertex  3.36573   2.8874  7.52301
   vertex  3.70108   2.4428     35.4
   vertex  3.36573   2.8874     35.4
  endloop
 endfacet
 facet normal -0.327897 -0.386145 0.862192
  outer loop
   vertex -6.84963 -11.6849 -5.98019
   vertex -6.24263 -10.6329 -5.27819
   vertex -8.76563 -8.69588 -5.37019
  endloop
 endfacet
 facet normal -0.323212 -0.383723 0.865038
  outer loop
   vertex -6.84963 -11.6849 -5.98019
   vertex -8.76563 -8.69588 -5.37019
   vertex -9.62463 -9.55488 -6.07219
  endloop
 endfacet
 facet normal -0.382503 -0.923954        0
  outer loop
   vertex -3.61763 -13.0229 -3.67919
   vertex -6.84963 -11.6849 -3.77119
   vertex -6.84963 -11.6849 -4.06319
  endloop
 endfacet
 facet normal -0.382503 -0.923954       -0
  outer loop
   vertex -3.61763 -13.0229 -3.67919
   vertex -6.84963 -11.6849 -4.06319
   vertex -3.61763 -13.0229 -3.97119
  endloop
 endfacet
 facet normal -0.793196 0.608966        0
  outer loop
   vertex -8.76563  8.53712 -5.92219
   vertex -10.7026  6.01412 -5.83019
   vertex -10.7026  6.01412 -5.31719
  endloop
 endfacet
 facet normal -0.793196 0.608966        0
  outer loop
   vertex -8.76563  8.53712 -5.92219
   vertex -10.7026  6.01412 -5.31719
   vertex -8.76563  8.53712 -5.40919
  endloop
 endfacet
 facet normal 0.382583 0.923921        0
  outer loop
   vertex  3.00437  11.6911 -3.56819
   vertex  5.94337  10.4741 -3.66019
   vertex  5.94337  10.4741 -4.17419
  endloop
 endfacet
 facet normal 0.382583 0.923921        0
  outer loop
   vertex  3.00437  11.6911 -3.56819
   vertex  5.94337  10.4741 -4.17419
   vertex  3.00437  11.6911 -4.08219
  endloop
 endfacet
 facet normal 0.381671 -0.32458 0.865434
  outer loop
   vertex  10.4034 -6.17288 -0.309194
   vertex  8.46637 -8.69588 -0.401193
   vertex  9.32537 -9.55488 -1.10219
  endloop
 endfacet
 facet normal 0.386967 -0.325624 0.862685
  outer loop
   vertex  10.4034 -6.17288 -0.309194
   vertex  9.32537 -9.55488 -1.10219
   vertex  11.4554 -6.77988 -1.01019
  endloop
 endfacet
 facet normal -0.499704 -0.866033 -0.0168384
  outer loop
   vertex -4.82595 -11.2942 -8.04519
   vertex -5.41463 -10.9759 -6.94819
   vertex -6.95363 -10.0869 -6.99919
  endloop
 endfacet
 facet normal -0.494995 -0.868887 -0.00396561
  outer loop
   vertex -4.82595 -11.2942 -8.04519
   vertex -6.95363 -10.0869 -6.99919
   vertex -7.44322 -9.80319 -8.04519
  endloop
 endfacet
 facet normal -0.377557 0.920101 0.104231
  outer loop
   vertex -4.66344  11.1604 -8.04519
   vertex -4.13163  11.3481 -7.77619
   vertex -4.34918  11.2893 -8.04519
  endloop
 endfacet
 facet normal -0.377556 0.920102 0.104229
  outer loop
   vertex -5.41463  10.8171 -7.73619
   vertex -4.13163  11.3481 -7.77619
   vertex -4.66344  11.1604 -8.04519
  endloop
 endfacet
 facet normal -0.246474 0.888287 0.387552
  outer loop
   vertex -5.41463  10.8171 -7.73619
   vertex -4.66344  11.1604 -8.04519
   vertex -4.94047  11.0835 -8.04519
  endloop
 endfacet
 facet normal -0.505078 0.862499 -0.0314999
  outer loop
   vertex -5.41463  10.8171 -7.73619
   vertex -4.94047  11.0835 -8.04519
   vertex -7.09662  9.82086 -8.04519
  endloop
 endfacet
 facet normal -0.706865 0.707317 -0.00671524
  outer loop
   vertex -7.70838  9.42534 -8.04519
   vertex -7.55963  9.57812 -7.61119
   vertex -7.61275  9.52091 -8.04519
  endloop
 endfacet
 facet normal -0.504145 0.862056 -0.051929
  outer loop
   vertex -7.55963  9.57812 -7.61119
   vertex -7.48251  9.59707 -8.04519
   vertex -7.61275  9.52091 -8.04519
  endloop
 endfacet
 facet normal -0.324656 0.385666 -0.863632
  outer loop
   vertex -7.55963  9.57812 -7.61119
   vertex -9.62463  9.39612 -6.91619
   vertex -6.84963  11.5261 -7.00819
  endloop
 endfacet
 facet normal -0.326938 0.386162 -0.862549
  outer loop
   vertex -7.55963  9.57812 -7.61119
   vertex -6.84963  11.5261 -7.00819
   vertex -6.95363  9.92812 -7.68419
  endloop
 endfacet
 facet normal -0.965974 -0.25864        0
  outer loop
   vertex -11.3956 -4.73788  4.25481
   vertex -11.5766 -4.06188  3.81981
   vertex -11.5766 -4.06188  3.12481
  endloop
 endfacet
 facet normal -0.965974 -0.25864       -0
  outer loop
   vertex -11.3956 -4.73788  4.25481
   vertex -11.5766 -4.06188  3.12481
   vertex -11.3956 -4.73788  3.06081
  endloop
 endfacet
 facet normal 0.0906462 0.497686 0.862608
  outer loop
   vertex -0.149626  13.3211 -2.48219
   vertex -0.149626  12.1061 -1.78119
   vertex  3.00437  11.6911 -1.87319
  endloop
 endfacet
 facet normal 0.0882941 0.494013  0.86496
  outer loop
   vertex -0.149626  13.3211 -2.48219
   vertex  3.00437  11.6911 -1.87319
   vertex  3.31837  12.8641 -2.57519
  endloop
 endfacet
 facet normal -0.500031 0.866007 9.37574e-05
  outer loop
   vertex -6.95363  9.92812  3.35981
   vertex -7.55963  9.57812  4.25481
   vertex -4.80763  11.1671  4.25481
  endloop
 endfacet
 facet normal -0.500179 0.865922 0.000565752
  outer loop
   vertex -6.95363  9.92812  3.35981
   vertex -4.80763  11.1671  4.25481
   vertex -5.41463  10.8171  3.30781
  endloop
 endfacet
 facet normal -0.218861 -0.468678 0.855827
  outer loop
   vertex -4.80763 -11.3259  4.25481
   vertex  -2.6033 -6.38738    7.523
   vertex -3.22634 -6.09643    7.523
  endloop
 endfacet
 facet normal -0.382503 -0.923954        0
  outer loop
   vertex -3.61763 -13.0229 -5.88819
   vertex -6.84963 -11.6849 -5.98019
   vertex -6.84963 -11.6849 -6.27219
  endloop
 endfacet
 facet normal -0.382503 -0.923954       -0
  outer loop
   vertex -3.61763 -13.0229 -5.88819
   vertex -6.84963 -11.6849 -6.27219
   vertex -3.61763 -13.0229 -6.18019
  endloop
 endfacet
 facet normal 0.923954 0.382503        0
  outer loop
   vertex  12.7934  3.38912 -3.23519
   vertex  11.4554  6.62112 -3.14319
   vertex  11.4554  6.62112 -2.85119
  endloop
 endfacet
 facet normal 0.923954 0.382503       -0
  outer loop
   vertex  12.7934  3.38912 -3.23519
   vertex  11.4554  6.62112 -2.85119
   vertex  12.7934  3.38912 -2.94319
  endloop
 endfacet
 facet normal -0.0883141 0.496324 -0.863634
  outer loop
   vertex -1.73863  11.9891 -7.79519
   vertex -3.61763  12.8641 -7.10019
   vertex -0.149626  13.3211 -7.19219
  endloop
 endfacet
 facet normal -0.089955 0.497815 -0.862605
  outer loop
   vertex -1.03863  11.9891 -7.86819
   vertex -1.73863  11.9891 -7.79519
   vertex -0.149626  13.3211 -7.19219
  endloop
 endfacet
 facet normal -0.811979 -0.583311 -0.0209535
  outer loop
   vertex -9.82433 -7.42981 -8.04519
   vertex -9.72554 -7.56733 -8.04519
   vertex -9.80663 -7.48988 -7.05919
  endloop
 endfacet
 facet normal -0.865066 -0.501433 -0.0150123
  outer loop
   vertex -9.82433 -7.42981 -8.04519
   vertex -9.80663 -7.48988 -7.05919
   vertex -10.1566 -6.88388 -7.13219
  endloop
 endfacet
 facet normal   0.4797 0.253192 0.840108
  outer loop
   vertex  11.0964  4.57912  4.25481
   vertex   5.9319   3.5197  7.52301
   vertex  6.25287  2.91159  7.52301
  endloop
 endfacet
 facet normal -0.707107 -0.707107        0
  outer loop
   vertex -8.05463 -9.24188  2.04481
   vertex -7.55963 -9.73688  2.04481
   vertex -7.55963 -9.73688  2.36181
  endloop
 endfacet
 facet normal -0.707107 -0.707107        0
  outer loop
   vertex -8.05463 -9.24188  2.04481
   vertex -7.55963 -9.73688  2.36181
   vertex -8.05463 -9.24188  2.25881
  endloop
 endfacet
 facet normal 0.793122 0.609063        0
  outer loop
   vertex  9.01237  7.82612 -6.96419
   vertex  8.46637  8.53712 -6.89819
   vertex  8.46637  8.53712 -5.96119
  endloop
 endfacet
 facet normal 0.793122 0.609063       -0
  outer loop
   vertex  9.01237  7.82612 -6.96419
   vertex  8.46637  8.53712 -5.96119
   vertex  9.01237  7.82612 -6.23719
  endloop
 endfacet
 facet normal 0.965723 0.259573        0
  outer loop
   vertex  11.2774  3.90312 -7.66119
   vertex  11.2774  3.90312 -8.04519
   vertex  11.2031  4.17935 -8.04519
  endloop
 endfacet
 facet normal 0.991481  0.13025        0
  outer loop
   vertex  11.6598  2.77536 -8.04519
   vertex  11.6204  3.07512 -8.04519
   vertex  11.6204  3.07512 -7.64819
  endloop
 endfacet
 facet normal 0.501545 0.0524633 -0.86354
  outer loop
   vertex  11.9184  1.51012 -7.57019
   vertex  11.6204  3.07512 -7.64819
   vertex  11.8164  3.12712 -7.53119
  endloop
 endfacet
 facet normal 0.482351 0.130771 0.866162
  outer loop
   vertex  11.2774  3.90312 -7.29919
   vertex  11.6204  3.07512 -7.36519
   vertex  11.8164  3.12712 -7.48219
  endloop
 endfacet
 facet normal 0.919034 0.382029 0.0971133
  outer loop
   vertex  11.2774  3.90312 -7.66119
   vertex  11.2031  4.17935 -8.04519
   vertex  11.0918  4.44714 -8.04519
  endloop
 endfacet
 facet normal 0.468396 0.180454 -0.864894
  outer loop
   vertex  11.8164  3.12712 -7.53119
   vertex  11.6204  3.07512 -7.64819
   vertex  11.2774  3.90312 -7.66119
  endloop
 endfacet
 facet normal 0.472967 0.180963 -0.862296
  outer loop
   vertex  11.2774  3.90312 -7.66119
   vertex  10.7464  5.18612 -7.68319
   vertex  10.7534  6.21612 -7.46319
  endloop
 endfacet
 facet normal 0.467927 0.180072 -0.865227
  outer loop
   vertex  11.8164  3.12712 -7.53119
   vertex  11.2774  3.90312 -7.66119
   vertex  10.7534  6.21612 -7.46319
  endloop
 endfacet
 facet normal -0.300915 0.935798 0.183664
  outer loop
   vertex -2.49392  6.26799  29.2516
   vertex -2.00187  5.21951     35.4
   vertex -1.41553  5.40805     35.4
  endloop
 endfacet
 facet normal -0.316558 0.930233  0.18563
  outer loop
   vertex -2.49392  6.26799  29.2516
   vertex -1.41553  5.40805     35.4
   vertex   -1.847  6.48814  29.2516
  endloop
 endfacet
 facet normal 0.981859 0.184859 -0.042186
  outer loop
   vertex  11.9184  1.51012 -7.57019
   vertex  11.7116  2.49998 -8.04519
   vertex  11.6204  3.07512 -7.64819
  endloop
 endfacet
 facet normal 0.978871 0.204478        0
  outer loop
   vertex  11.9184  1.51012 -7.57019
   vertex  11.9184  1.51012 -8.04519
   vertex  11.7116  2.49998 -8.04519
  endloop
 endfacet
 facet normal 0.609064 0.793121        0
  outer loop
   vertex  8.46637  8.53712 -7.74619
   vertex  8.46637  8.53712 -8.04519
   vertex  7.75537  9.08312 -8.04519
  endloop
 endfacet
 facet normal 0.609064 0.793121        0
  outer loop
   vertex  8.46637  8.53712 -7.74619
   vertex  7.75537  9.08312 -8.04519
   vertex  7.75537  9.08312 -7.76019
  endloop
 endfacet
 facet normal   0.5118 0.00359585 0.859097
  outer loop
   vertex  11.7374  2.18612 -7.43119
   vertex  11.9184  1.51012 -7.53619
   vertex  11.8164  3.12712 -7.48219
  endloop
 endfacet
 facet normal 0.470407 0.000205  0.88245
  outer loop
   vertex  12.0354 -0.0788777 -7.59819
   vertex  11.8164  3.12712 -7.48219
   vertex  11.9184  1.51012 -7.53619
  endloop
 endfacet
 facet normal 0.997675 0.0681506        0
  outer loop
   vertex  12.0354 -0.0788777 -7.59819
   vertex  11.8164  3.12712 -7.53119
   vertex  11.8164  3.12712 -7.48219
  endloop
 endfacet
 facet normal 0.999935 -0.0102839 -0.00487104
  outer loop
   vertex  11.9184 -0.968877 -6.26319
   vertex  11.9023 -1.69249 -8.04519
   vertex  11.9184 -0.124822 -8.04519
  endloop
 endfacet
 facet normal        0       -1        0
  outer loop
   vertex  11.9184 -0.0788777 -8.04519
   vertex  12.0354 -0.0788777 -8.04519
   vertex  12.0354 -0.0788777 -7.59819
  endloop
 endfacet
 facet normal        0       -1       -0
  outer loop
   vertex  12.0354 -0.0788777 -6.23719
   vertex  11.9184 -0.0788777 -6.23819
   vertex  12.0354 -0.0788777 -7.59819
  endloop
 endfacet
 facet normal 0.498156 0.0519316 -0.865531
  outer loop
   vertex  11.9184  1.51012 -7.57019
   vertex  12.0354 -0.0788777 -7.59819
   vertex  11.9184 0.810122 -7.61219
  endloop
 endfacet
 facet normal 0.506922 0.00369219 0.861984
  outer loop
   vertex  12.0354 -0.0788777 -7.59819
   vertex  11.9184  1.51012 -7.53619
   vertex  11.9184 0.810122 -7.53319
  endloop
 endfacet
 facet normal 0.523494 0.0535297 -0.850346
  outer loop
   vertex  12.0354 -0.0788777 -7.59819
   vertex  11.9184  1.51012 -7.57019
   vertex  11.8164  3.12712 -7.53119
  endloop
 endfacet
 facet normal 0.991434 -0.13061        0
  outer loop
   vertex  12.7934 -3.54788 -3.12719
   vertex  12.7934 -3.54788 -3.41919
   vertex  13.2504 -0.0788777 -3.32719
  endloop
 endfacet
 facet normal 0.991434 -0.13061        0
  outer loop
   vertex  12.7934 -3.54788 -3.12719
   vertex  13.2504 -0.0788777 -3.32719
   vertex  13.2504 -0.0788777 -3.03519
  endloop
 endfacet
 facet normal  0.25864 -0.965974 -4.57525e-06
  outer loop
   vertex  2.11537 -11.9669 -6.72319
   vertex  1.43937 -12.1479 -6.69119
   vertex  1.50738 -12.1297 -8.04519
  endloop
 endfacet
 facet normal 0.975327 -0.208044 0.073861
  outer loop
   vertex  11.7374 -2.34488  2.53081
   vertex  11.9184 -1.66888  2.04481
   vertex  11.0964 -4.73788  4.25481
  endloop
 endfacet
 facet normal 0.965936 -0.258782 -5.77919e-05
  outer loop
   vertex  11.7374 -2.34488  2.53081
   vertex  11.0964 -4.73788  4.25481
   vertex  11.2774 -4.06188  2.47981
  endloop
 endfacet
 facet normal -0.00336667 -0.0287878  0.99958
  outer loop
   vertex  11.6204 -3.23388  2.50481
   vertex  11.7374 -2.34488  2.53081
   vertex  11.2774 -4.06188  2.47981
  endloop
 endfacet
 facet normal 0.965974 -0.25864        0
  outer loop
   vertex  11.2774 -4.06188  2.04481
   vertex  11.2774 -4.06188  2.47981
   vertex  11.0964 -4.73788  2.04481
  endloop
 endfacet
 facet normal 0.965974 -0.25864        0
  outer loop
   vertex  11.0964 -4.73788  4.25481
   vertex  11.0964 -4.73788  2.04481
   vertex  11.2774 -4.06188  2.47981
  endloop
 endfacet
 facet normal 0.866304 -0.499517        0
  outer loop
   vertex  11.0964 -4.73788  2.04481
   vertex  10.7464 -5.34488  2.43881
   vertex  10.7464 -5.34488  2.04481
  endloop
 endfacet
 facet normal 0.866304 -0.499517        0
  outer loop
   vertex  11.0964 -4.73788  4.25481
   vertex  10.7464 -5.34488  2.43881
   vertex  11.0964 -4.73788  2.04481
  endloop
 endfacet
 facet normal        0        0       -1
  outer loop
   vertex  10.7464 -5.34488  2.04481
   vertex  11.2774 -4.06188  2.04481
   vertex  11.0964 -4.73788  2.04481
  endloop
 endfacet
 facet normal -0.991434 -0.13061        0
  outer loop
   vertex -13.0926 -3.54788 0.0778074
   vertex -13.0926 -3.54788 0.369807
   vertex -13.5496 -0.0788777 0.277808
  endloop
 endfacet
 facet normal -0.991434 -0.13061        0
  outer loop
   vertex -13.0926 -3.54788 0.0778074
   vertex -13.5496 -0.0788777 0.277808
   vertex -13.5496 -0.0788777 -0.0141916
  endloop
 endfacet
 facet normal -0.965952 -0.25872 -0.000133085
  outer loop
   vertex -12.2176 -1.66888  4.25481
   vertex -11.5766 -4.06188  3.81981
   vertex -11.3956 -4.73788  4.25481
  endloop
 endfacet
 facet normal -0.00762032 0.028232 0.999572
  outer loop
   vertex -11.5766 -4.06188  3.81981
   vertex -12.0366 -2.34488  3.76781
   vertex -11.9196 -3.23388  3.79381
  endloop
 endfacet
 facet normal -0.865932 -0.50016 0.00131854
  outer loop
   vertex -10.1566 -6.88388  3.91181
   vertex -11.3956 -4.73788  4.25481
   vertex -11.0456 -5.34488  3.85981
  endloop
 endfacet
 facet normal -0.0198688 -0.523339 0.851893
  outer loop
   vertex 0.0822014 -6.89703    7.523
   vertex -0.604929 -6.87094    7.523
   vertex -1.73863 -12.1479  4.25481
  endloop
 endfacet
 facet normal        0 -0.528418 0.848984
  outer loop
   vertex 0.0822014 -6.89703    7.523
   vertex -1.73863 -12.1479  4.25481
   vertex  1.43937 -12.1479  4.25481
  endloop
 endfacet
 facet normal -0.375084 0.375084 0.847717
  outer loop
   vertex -4.75143  4.99997    7.523
   vertex -7.55963  9.57812  4.25481
   vertex -9.80663  7.33112  4.25481
  endloop
 endfacet
 facet normal -0.38173 0.363553 0.849772
  outer loop
   vertex -4.75143  4.99997    7.523
   vertex -9.80663  7.33112  4.25481
   vertex -5.22565  4.50203    7.523
  endloop
 endfacet
 facet normal -0.346299 -0.346299 -0.871868
  outer loop
   vertex -10.7026 -6.17288  1.95981
   vertex -9.99163 -7.09788  2.04481
   vertex -10.0896 -6.99988  2.04481
  endloop
 endfacet
 facet normal        0        0       -1
  outer loop
   vertex -10.0896 -6.99988  2.04481
   vertex -9.99163 -7.09788  2.04481
   vertex -9.80663 -7.48988  2.04481
  endloop
 endfacet
 facet normal -0.865951 -0.500129        0
  outer loop
   vertex -10.0896 -6.99988  2.04481
   vertex -9.80663 -7.48988  2.04481
   vertex -9.80663 -7.48988  2.12881
  endloop
 endfacet
 facet normal  0.25864 0.965974        0
  outer loop
   vertex  1.43937  11.9891 -6.23719
   vertex  2.11537  11.8081 -6.23719
   vertex  2.11537  11.8081 -6.36619
  endloop
 endfacet
 facet normal  0.25864 0.965974        0
  outer loop
   vertex  1.43937  11.9891 -6.23719
   vertex  2.11537  11.8081 -6.36619
   vertex  1.43937  11.9891 -6.36819
  endloop
 endfacet
 facet normal -0.866007 -0.500031 0.000242765
  outer loop
   vertex -9.80663 -7.48988  4.25481
   vertex -11.3956 -4.73788  4.25481
   vertex -10.1566 -6.88388  3.91181
  endloop
 endfacet
 facet normal -0.0146172 0.0253289 0.999572
  outer loop
   vertex -11.0456 -5.34488  3.85981
   vertex -10.7026 -6.17288  3.88581
   vertex -10.1566 -6.88388  3.91181
  endloop
 endfacet
 facet normal -0.382714 -0.923867        0
  outer loop
   vertex -3.30363 -11.8499  4.16281
   vertex -4.13163 -11.5069  4.13581
   vertex -4.13163 -11.5069  2.95581
  endloop
 endfacet
 facet normal -0.382714 -0.923867       -0
  outer loop
   vertex -3.30363 -11.8499  4.16281
   vertex -4.13163 -11.5069  2.95581
   vertex -3.30363 -11.8499  2.94181
  endloop
 endfacet
 facet normal -0.460198 -0.204146 0.864027
  outer loop
   vertex -11.4036 -6.57788  2.62181
   vertex -11.0456 -5.34488  3.10381
   vertex -11.3956 -4.73788  3.06081
  endloop
 endfacet
 facet normal -0.458923 -0.204728 0.864567
  outer loop
   vertex -11.4036 -6.57788  2.62181
   vertex -10.7026 -6.17288  3.08981
   vertex -11.0456 -5.34488  3.10381
  endloop
 endfacet
 facet normal -0.79321 -0.608948 0.000789745
  outer loop
   vertex -8.76563 -8.69588  1.25581
   vertex -9.99163 -7.09788  2.04481
   vertex -10.7026 -6.17288  1.16381
  endloop
 endfacet
 facet normal -0.392303 -0.318255 0.863025
  outer loop
   vertex -10.7026 -6.17288  3.08981
   vertex -11.4036 -6.57788  2.62181
   vertex -10.1566 -6.88388  3.07581
  endloop
 endfacet
 facet normal -0.392251 -0.317714 0.863248
  outer loop
   vertex -10.1566 -6.88388  3.07581
   vertex -11.4036 -6.57788  2.62181
   vertex -9.80663 -7.48988  3.01181
  endloop
 endfacet
 facet normal -0.923867 -0.382713        0
  outer loop
   vertex -11.5766 -4.06188  3.81981
   vertex -11.9196 -3.23388  3.79381
   vertex -11.9196 -3.23388  3.13881
  endloop
 endfacet
 facet normal -0.923867 -0.382713       -0
  outer loop
   vertex -11.5766 -4.06188  3.81981
   vertex -11.9196 -3.23388  3.13881
   vertex -11.5766 -4.06188  3.12481
  endloop
 endfacet
 facet normal -0.792847 -0.609421        0
  outer loop
   vertex -9.99163 -7.09788  2.04481
   vertex -10.7026 -6.17288  1.95981
   vertex -10.7026 -6.17288  1.16381
  endloop
 endfacet
 facet normal 0.170538 -0.471436 0.865254
  outer loop
   vertex  3.00437 -11.8499 -0.585191
   vertex  3.31837 -13.0229 -1.28619
   vertex  6.55037 -11.6849 -1.19419
  endloop
 endfacet
 facet normal 0.170305 -0.476482 0.862532
  outer loop
   vertex  3.00437 -11.8499 -0.585191
   vertex  6.55037 -11.6849 -1.19419
   vertex  5.94337 -10.6329 -0.493192
  endloop
 endfacet
 facet normal -0.706866 0.707315 -0.00671439
  outer loop
   vertex -8.05463  9.08312 -7.64419
   vertex -7.55963  9.57812 -7.61119
   vertex -7.70838  9.42534 -8.04519
  endloop
 endfacet
 facet normal -0.328005 0.386076 -0.862182
  outer loop
   vertex -6.84963  11.5261 -7.00819
   vertex -6.24263  10.4741 -7.71019
   vertex -6.95363  9.92812 -7.68419
  endloop
 endfacet
 facet normal -0.500819 0.863593 -0.058208
  outer loop
   vertex -6.95363  9.92812 -7.68419
   vertex -5.41463  10.8171 -7.73619
   vertex -7.09662  9.82086 -8.04519
  endloop
 endfacet
 facet normal -0.0253451 -0.0145891 -0.999572
  outer loop
   vertex -6.95363  9.92812 -7.68419
   vertex -6.24263  10.4741 -7.71019
   vertex -5.41463  10.8171 -7.73619
  endloop
 endfacet
 facet normal -0.214928 0.453256 -0.865081
  outer loop
   vertex -5.41463  10.8171 -7.73619
   vertex -6.24263  10.4741 -7.71019
   vertex -6.84963  11.5261 -7.00819
  endloop
 endfacet
 facet normal -0.324829 0.382496 -0.864976
  outer loop
   vertex -7.55963  9.57812 -7.61119
   vertex -8.05463  9.08312 -7.64419
   vertex -9.62463  9.39612 -6.91619
  endloop
 endfacet
 facet normal -0.324996 0.382011 -0.865127
  outer loop
   vertex -8.76563  8.53712 -7.61819
   vertex -9.62463  9.39612 -6.91619
   vertex -8.05463  9.08312 -7.64419
  endloop
 endfacet
 facet normal -0.416421  0.28825 -0.862268
  outer loop
   vertex -9.62463  9.39612 -6.91619
   vertex -8.76563  8.53712 -7.61819
   vertex -9.31163  7.82612 -7.59219
  endloop
 endfacet
 facet normal 0.0982284 0.995164       -0
  outer loop
   vertex -1.75363 -9.39888 -8.04519
   vertex -1.75363 -9.39888  4.25481
   vertex 0.100374 -9.58188  4.25481
  endloop
 endfacet
 facet normal 0.0982284 0.995164        0
  outer loop
   vertex -1.75363 -9.39888 -8.04519
   vertex 0.100374 -9.58188  4.25481
   vertex 0.100374 -9.58188 -8.04519
  endloop
 endfacet
 facet normal -0.706227 0.707963 -0.00561021
  outer loop
   vertex -8.05463  9.08312 -7.64419
   vertex -7.70838  9.42534 -8.04519
   vertex -9.35103  7.78672 -8.04519
  endloop
 endfacet
 facet normal -0.707107 0.707107 1.48862e-06
  outer loop
   vertex -9.60237  7.53538 -8.04519
   vertex -9.31163  7.82612 -7.59219
   vertex -9.35103  7.78672 -8.04519
  endloop
 endfacet
 facet normal -0.707107 0.707107 1.52978e-06
  outer loop
   vertex -9.31163  7.82612 -7.59219
   vertex -8.05463  9.08312 -7.64419
   vertex -9.35103  7.78672 -8.04519
  endloop
 endfacet
 facet normal -0.676005 0.676005 0.293317
  outer loop
   vertex -10.1566  6.72512 -7.55219
   vertex -9.74551  7.35015 -8.04519
   vertex -9.86417  7.23149 -8.04519
  endloop
 endfacet
 facet normal -0.786048 0.607444 0.114631
  outer loop
   vertex -10.1566  6.72512 -7.55219
   vertex -9.31163  7.82612 -7.59219
   vertex -9.74551  7.35015 -8.04519
  endloop
 endfacet
 facet normal -0.786049 0.607443 0.114634
  outer loop
   vertex -9.74551  7.35015 -8.04519
   vertex -9.31163  7.82612 -7.59219
   vertex -9.60237  7.53538 -8.04519
  endloop
 endfacet
 facet normal -0.86592 0.500182 6.47336e-05
  outer loop
   vertex -10.1566  6.72512 -7.55219
   vertex -9.86417  7.23149 -8.04519
   vertex -11.0983  5.09488 -8.04519
  endloop
 endfacet
 facet normal -0.020676 -0.0206762 -0.999572
  outer loop
   vertex -8.05463  9.08312 -7.64419
   vertex -9.31163  7.82612 -7.59219
   vertex -8.76563  8.53712 -7.61819
  endloop
 endfacet
 facet normal -0.347508 -0.383594 0.855625
  outer loop
   vertex -7.55963 -9.73688  4.25481
   vertex -4.37035 -5.33627    7.523
   vertex -4.87996  -4.8746    7.523
  endloop
 endfacet
 facet normal -0.306259 -0.41449 0.856973
  outer loop
   vertex -7.55963 -9.73688  4.25481
   vertex -3.81732  -5.7449    7.523
   vertex -4.37035 -5.33627    7.523
  endloop
 endfacet
 facet normal -0.865915 0.500192 1.26732e-05
  outer loop
   vertex -11.2477  4.83637 -8.04519
   vertex -11.0456  5.18612 -7.50019
   vertex -11.0983  5.09488 -8.04519
  endloop
 endfacet
 facet normal -0.918793 0.383216 0.0946843
  outer loop
   vertex -11.5766  3.90312 -7.46019
   vertex -11.0456  5.18612 -7.50019
   vertex -11.3253  4.65024 -8.04519
  endloop
 endfacet
 facet normal -0.838612 0.481525 0.254684
  outer loop
   vertex -11.5766  3.90312 -7.46019
   vertex -11.3253  4.65024 -8.04519
   vertex -11.4016  4.51729 -8.04519
  endloop
 endfacet
 facet normal -0.838183 0.481961  0.25527
  outer loop
   vertex -11.5766  3.90312 -7.46019
   vertex -11.4016  4.51729 -8.04519
   vertex -11.4214  4.48298 -8.04519
  endloop
 endfacet
 facet normal -0.412662 0.285262 -0.865064
  outer loop
   vertex -10.1566  6.72512 -7.55219
   vertex -10.7026  6.01412 -7.52619
   vertex -11.7546  6.62112 -6.82419
  endloop
 endfacet
 facet normal -0.865913 0.500194 1.21817e-05
  outer loop
   vertex -11.0456  5.18612 -7.50019
   vertex -10.1566  6.72512 -7.55219
   vertex -11.0983  5.09488 -8.04519
  endloop
 endfacet
 facet normal -0.918792 0.383218 0.0946821
  outer loop
   vertex -11.3253  4.65024 -8.04519
   vertex -11.0456  5.18612 -7.50019
   vertex -11.2477  4.83637 -8.04519
  endloop
 endfacet
 facet normal -0.0146042 -0.0253389 -0.999572
  outer loop
   vertex -10.7026  6.01412 -7.52619
   vertex -10.1566  6.72512 -7.55219
   vertex -11.0456  5.18612 -7.50019
  endloop
 endfacet
 facet normal 0.604925 -0.796222 -0.00976072
  outer loop
   vertex  7.26037 -9.73688 -6.50619
   vertex  7.22445  -9.7453 -8.04519
   vertex  7.32716 -9.66727 -8.04519
  endloop
 endfacet
 facet normal 0.707062 -0.70715 -0.0012998
  outer loop
   vertex  7.26037 -9.73688 -6.50619
   vertex  7.32716 -9.66727 -8.04519
   vertex  7.75537 -9.24188 -6.53919
  endloop
 endfacet
 facet normal -0.476974 0.170512 -0.862219
  outer loop
   vertex -11.0456  5.18612 -7.50019
   vertex -11.7546  6.62112 -6.82419
   vertex -10.7026  6.01412 -7.52619
  endloop
 endfacet
 facet normal 0.130928 -0.991392        0
  outer loop
   vertex  3.31837 -13.0229 -3.49519
   vertex -0.149626 -13.4809 -3.58719
   vertex -0.149626 -13.4809 -3.87919
  endloop
 endfacet
 facet normal 0.130928 -0.991392        0
  outer loop
   vertex  3.31837 -13.0229 -3.49519
   vertex -0.149626 -13.4809 -3.87919
   vertex  3.31837 -13.0229 -3.78719
  endloop
 endfacet
 facet normal -0.793261 -0.608882        0
  outer loop
   vertex -11.7546 -6.77988 -2.03919
   vertex -9.62463 -9.55488 -1.94719
   vertex -9.62463 -9.55488 -1.65419
  endloop
 endfacet
 facet normal -0.793261 -0.608882        0
  outer loop
   vertex -11.7546 -6.77988 -2.03919
   vertex -9.62463 -9.55488 -1.65419
   vertex -11.7546 -6.77988 -1.74619
  endloop
 endfacet
 facet normal 0.214349  0.45332 0.865191
  outer loop
   vertex  5.11537  10.8171  2.47781
   vertex  6.55037  11.5261  1.75081
   vertex  4.50837  11.1671  2.44481
  endloop
 endfacet
 facet normal 0.327691 0.385646 0.862494
  outer loop
   vertex  5.94337  10.4741  2.45181
   vertex  6.65437  9.92812  2.42581
   vertex  6.55037  11.5261  1.75081
  endloop
 endfacet
 facet normal  0.21473 0.452756 0.865392
  outer loop
   vertex  6.55037  11.5261  1.75081
   vertex  5.11537  10.8171  2.47781
   vertex  5.94337  10.4741  2.45181
  endloop
 endfacet
 facet normal 0.499517 0.866304       -0
  outer loop
   vertex  5.11537  10.8171  2.47781
   vertex  4.50837  11.1671  2.44481
   vertex  5.11537  10.8171  2.99181
  endloop
 endfacet
 facet normal -0.25872 0.965952 -5.84319e-05
  outer loop
   vertex -4.13163  11.3481  3.26781
   vertex -4.80763  11.1671  4.25481
   vertex -1.73863  11.9891  4.25481
  endloop
 endfacet
 facet normal -0.25878 0.965936 9.74589e-05
  outer loop
   vertex -4.13163  11.3481  3.26781
   vertex -1.73863  11.9891  4.25481
   vertex -2.41463  11.8081  3.21581
  endloop
 endfacet
 facet normal 0.0322995 -0.522112 0.852265
  outer loop
   vertex  1.43937 -12.1479  4.25481
   vertex 0.768515 -6.85457    7.523
   vertex 0.0822014 -6.89703    7.523
  endloop
 endfacet
 facet normal 0.793261 0.608882        0
  outer loop
   vertex  11.4554  6.62112 -0.934194
   vertex  9.32537  9.39612 -0.842191
   vertex  9.32537  9.39612 -0.550191
  endloop
 endfacet
 facet normal 0.793261 0.608882       -0
  outer loop
   vertex  11.4554  6.62112 -0.934194
   vertex  9.32537  9.39612 -0.550191
   vertex  11.4554  6.62112 -0.642194
  endloop
 endfacet
 facet normal 0.923868 0.382712        0
  outer loop
   vertex  10.7464  5.18612  2.24181
   vertex  10.4034  6.01412  2.26781
   vertex  10.4034  6.01412  2.78181
  endloop
 endfacet
 facet normal 0.923868 0.382712       -0
  outer loop
   vertex  10.7464  5.18612  2.24181
   vertex  10.4034  6.01412  2.78181
   vertex  10.7464  5.18612  2.75581
  endloop
 endfacet
 facet normal -0.99146 -0.130414        0
  outer loop
   vertex -12.3346 -0.0788777 -1.22919
   vertex -11.9196 -3.23388 -1.13719
   vertex -11.9196 -3.23388 -0.623193
  endloop
 endfacet
 facet normal -0.99146 -0.130414        0
  outer loop
   vertex -12.3346 -0.0788777 -1.22919
   vertex -11.9196 -3.23388 -0.623193
   vertex -12.3346 -0.0788777 -0.716191
  endloop
 endfacet
 facet normal 0.0253389 -0.0146043 0.999572
  outer loop
   vertex  5.94337  10.4741  2.96581
   vertex  5.11537  10.8171  2.99181
   vertex  6.65437  9.92812  2.93981
  endloop
 endfacet
 facet normal -0.609064 0.793121        0
  outer loop
   vertex -6.95363  9.92812  3.35981
   vertex -6.24263  10.4741  3.33381
   vertex -6.24263  10.4741  2.81981
  endloop
 endfacet
 facet normal -0.609064 0.793121        0
  outer loop
   vertex -6.95363  9.92812  3.35981
   vertex -6.24263  10.4741  2.81981
   vertex -6.95363  9.92812  2.84581
  endloop
 endfacet
 facet normal 0.707105 0.707108        0
  outer loop
   vertex  7.26037  9.57812  2.35281
   vertex  7.75537  9.08312  2.89981
   vertex  7.75537  9.08312  2.38581
  endloop
 endfacet
 facet normal 0.500135 0.865947        0
  outer loop
   vertex  7.26037  9.57812  2.35281
   vertex  6.65437  9.92812  2.42581
   vertex  6.65437  9.92812  2.93981
  endloop
 endfacet
 facet normal 0.324475 0.382156 0.865259
  outer loop
   vertex  7.26037  9.57812  2.35281
   vertex  7.75537  9.08312  2.38581
   vertex  9.32537  9.39612  1.65881
  endloop
 endfacet
 facet normal 0.326714 0.385724 0.862829
  outer loop
   vertex  7.26037  9.57812  2.35281
   vertex  6.55037  11.5261  1.75081
   vertex  6.65437  9.92812  2.42581
  endloop
 endfacet
 facet normal -0.457487 0.216438 0.862473
  outer loop
   vertex -13.0926  3.38912 -4.23119
   vertex -11.9196  3.07512 -3.53019
   vertex -10.7026  6.01412 -3.62219
  endloop
 endfacet
 facet normal -0.453948  0.21256 0.865303
  outer loop
   vertex -13.0926  3.38912 -4.23119
   vertex -10.7026  6.01412 -3.62219
   vertex -11.7546  6.62112 -4.32319
  endloop
 endfacet
 facet normal -0.385717 -0.327581 -0.862504
  outer loop
   vertex -11.7546 -6.77988 -2.03919
   vertex -10.7026 -6.17288 -2.74019
   vertex -8.76563 -8.69588 -2.64819
  endloop
 endfacet
 facet normal -0.38329 -0.322891 -0.865349
  outer loop
   vertex -11.7546 -6.77988 -2.03919
   vertex -8.76563 -8.69588 -2.64819
   vertex -9.62463 -9.55488 -1.94719
  endloop
 endfacet
 facet normal 0.793261 0.608882        0
  outer loop
   vertex  11.4554  6.62112 -3.14319
   vertex  9.32537  9.39612 -3.05119
   vertex  9.32537  9.39612 -2.75919
  endloop
 endfacet
 facet normal 0.793261 0.608882       -0
  outer loop
   vertex  11.4554  6.62112 -3.14319
   vertex  9.32537  9.39612 -2.75919
   vertex  11.4554  6.62112 -2.85119
  endloop
 endfacet
 facet normal 0.991469 -0.13034        0
  outer loop
   vertex  12.0354 -0.0788777  2.59781
   vertex  11.9184 -0.968877  2.57181
   vertex  11.9184 -0.968877  2.05781
  endloop
 endfacet
 facet normal 0.991469 -0.13034        0
  outer loop
   vertex  12.0354 -0.0788777  2.59781
   vertex  11.9184 -0.968877  2.05781
   vertex  12.0354 -0.0788777  2.08381
  endloop
 endfacet
 facet normal 0.457487 -0.216438 0.862473
  outer loop
   vertex  12.7934 -3.54788  1.29081
   vertex  11.6204 -3.23388  1.99181
   vertex  10.4034 -6.17288  1.89981
  endloop
 endfacet
 facet normal 0.453947 -0.212558 0.865304
  outer loop
   vertex  12.7934 -3.54788  1.29081
   vertex  10.4034 -6.17288  1.89981
   vertex  11.4554 -6.77988  1.19881
  endloop
 endfacet
 facet normal -0.415998 0.287924 -0.862581
  outer loop
   vertex -9.62463  9.39612 -2.49919
   vertex -8.76563  8.53712 -3.20019
   vertex -10.7026  6.01412 -3.10819
  endloop
 endfacet
 facet normal -0.41108 0.286845 -0.865294
  outer loop
   vertex -9.62463  9.39612 -2.49919
   vertex -10.7026  6.01412 -3.10819
   vertex -11.7546  6.62112 -2.40719
  endloop
 endfacet
 facet normal -0.707107 -0.707107 -3.5375e-06
  outer loop
   vertex -9.31163 -7.98488  3.95181
   vertex -8.05463 -9.24188  4.00381
   vertex -9.80663 -7.48988  4.25481
  endloop
 endfacet
 facet normal -0.707107 -0.707107 -5.91845e-07
  outer loop
   vertex -7.55963 -9.73688  4.25481
   vertex -9.80663 -7.48988  4.25481
   vertex -8.05463 -9.24188  4.00381
  endloop
 endfacet
 facet normal 0.866304 0.499517        0
  outer loop
   vertex  10.7464  5.18612 -6.23719
   vertex  11.0964  4.57912 -6.23719
   vertex  11.0964  4.57912 -7.30119
  endloop
 endfacet
 facet normal 0.866304 0.499517        0
  outer loop
   vertex  10.7464  5.18612 -6.23719
   vertex  11.0964  4.57912 -7.30119
   vertex  10.7464  5.18612 -7.19719
  endloop
 endfacet
 facet normal 0.965974  0.25864       -0
  outer loop
   vertex  11.0964  4.57912 -7.30119
   vertex  11.0964  4.57912 -6.23719
   vertex  11.2774  3.90312 -6.23719
  endloop
 endfacet
 facet normal 0.965974  0.25864        0
  outer loop
   vertex  11.0964  4.57912 -7.30119
   vertex  11.2774  3.90312 -6.23719
   vertex  11.2774  3.90312 -7.29919
  endloop
 endfacet
 facet normal -0.923867 -0.382713        0
  outer loop
   vertex -10.7026 -6.17288  3.88581
   vertex -11.0456 -5.34488  3.85981
   vertex -11.0456 -5.34488  3.10381
  endloop
 endfacet
 facet normal -0.923867 -0.382713       -0
  outer loop
   vertex -10.7026 -6.17288  3.88581
   vertex -11.0456 -5.34488  3.10381
   vertex -10.7026 -6.17288  3.08981
  endloop
 endfacet
 facet normal 0.0906718 -0.49791 -0.862476
  outer loop
   vertex -0.149626 -13.4809 -3.87919
   vertex -0.149626 -12.2649 -4.58119
   vertex  3.00437 -11.8499 -4.48919
  endloop
 endfacet
 facet normal 0.0881917 -0.494041 -0.864954
  outer loop
   vertex -0.149626 -13.4809 -3.87919
   vertex  3.00437 -11.8499 -4.48919
   vertex  3.31837 -13.0229 -3.78719
  endloop
 endfacet
 facet normal 0.258641 0.965974        0
  outer loop
   vertex  4.50837  11.1671 -6.60119
   vertex  3.83237  11.3481 -6.49819
   vertex  3.83237  11.3481 -6.23719
  endloop
 endfacet
 facet normal 0.258641 0.965974       -0
  outer loop
   vertex  4.50837  11.1671 -6.60119
   vertex  3.83237  11.3481 -6.23719
   vertex  4.50837  11.1671 -6.23719
  endloop
 endfacet
 facet normal 0.991429 0.130647        0
  outer loop
   vertex  13.2504 -0.0788777 -1.11919
   vertex  12.7934  3.38912 -1.02619
   vertex  12.7934  3.38912 -0.734193
  endloop
 endfacet
 facet normal 0.991429 0.130647       -0
  outer loop
   vertex  13.2504 -0.0788777 -1.11919
   vertex  12.7934  3.38912 -0.734193
   vertex  13.2504 -0.0788777 -0.826192
  endloop
 endfacet
 facet normal -0.707049 -0.70716 -0.00273897
  outer loop
   vertex -8.05463 -9.24188 -7.04019
   vertex -9.31163 -7.98488 -7.09119
   vertex -9.72554 -7.56733 -8.04519
  endloop
 endfacet
 facet normal -0.702951 -0.711057 -0.0160465
  outer loop
   vertex -8.05463 -9.24188 -7.04019
   vertex -9.72554 -7.56733 -8.04519
   vertex -7.56327 -9.70495 -8.04519
  endloop
 endfacet
 facet normal 0.470867 0.271878 0.839266
  outer loop
   vertex  11.0964  4.57912  4.25481
   vertex  9.50737  7.33112  4.25481
   vertex  5.55197  4.09284  7.52301
  endloop
 endfacet
 facet normal  0.46315 0.307018 0.831403
  outer loop
   vertex  11.0964  4.57912  4.25481
   vertex  5.55197  4.09284  7.52301
   vertex   5.9319   3.5197  7.52301
  endloop
 endfacet
 facet normal  0.32431 0.385201 0.863969
  outer loop
   vertex  7.26037  9.57812  2.35281
   vertex  9.32537  9.39612  1.65881
   vertex  6.55037  11.5261  1.75081
  endloop
 endfacet
 facet normal 0.324673 0.381581 0.865438
  outer loop
   vertex  8.46637  8.53712  2.35981
   vertex  9.32537  9.39612  1.65881
   vertex  7.75537  9.08312  2.38581
  endloop
 endfacet
 facet normal -0.793261 0.608881        0
  outer loop
   vertex -11.7546  6.62112 0.0938063
   vertex -9.62463  9.39612 0.00180721
   vertex -9.62463  9.39612 -0.290193
  endloop
 endfacet
 facet normal -0.793261 0.608881        0
  outer loop
   vertex -11.7546  6.62112 0.0938063
   vertex -9.62463  9.39612 -0.290193
   vertex -11.7546  6.62112 -0.198194
  endloop
 endfacet
 facet normal -0.0528857 0.535791 -0.842693
  outer loop
   vertex 0.634463 -4.38893  7.52301
   vertex  1.95437 -9.39888  4.25481
   vertex 0.100374 -9.58188  4.25481
  endloop
 endfacet
 facet normal -0.0433135 0.535333 -0.84353
  outer loop
   vertex 0.634463 -4.38893  7.52301
   vertex 0.100374 -9.58188  4.25481
   vertex 0.0793813 -4.43384  7.52301
  endloop
 endfacet
 facet normal 0.453328 0.214796 -0.865076
  outer loop
   vertex  11.6204  3.07512 -3.93719
   vertex  10.4034  6.01412 -3.84519
   vertex  11.4554  6.62112 -3.14319
  endloop
 endfacet
 facet normal 0.458679 0.214433 -0.862341
  outer loop
   vertex  11.6204  3.07512 -3.93719
   vertex  11.4554  6.62112 -3.14319
   vertex  12.7934  3.38912 -3.23519
  endloop
 endfacet
 facet normal 0.382503 0.923954       -0
  outer loop
   vertex  3.31837  12.8641  1.54981
   vertex  3.31837  12.8641  1.84281
   vertex  6.55037  11.5261  1.75081
  endloop
 endfacet
 facet normal 0.382503 0.923954        0
  outer loop
   vertex  3.31837  12.8641  1.54981
   vertex  6.55037  11.5261  1.75081
   vertex  6.55037  11.5261  1.45781
  endloop
 endfacet
 facet normal -0.412237 0.284934 -0.865375
  outer loop
   vertex -8.76563  8.53712  1.21681
   vertex -10.7026  6.01412  1.30881
   vertex -11.7546  6.62112  2.00981
  endloop
 endfacet
 facet normal -0.414505 0.289558 -0.862753
  outer loop
   vertex -8.76563  8.53712  1.21681
   vertex -11.7546  6.62112  2.00981
   vertex -9.62463  9.39612  1.91781
  endloop
 endfacet
 facet normal 0.793261 0.608882        0
  outer loop
   vertex  9.32537  9.39612  1.65881
   vertex  11.4554  6.62112  1.56681
   vertex  11.4554  6.62112  1.27381
  endloop
 endfacet
 facet normal 0.793261 0.608882        0
  outer loop
   vertex  9.32537  9.39612  1.65881
   vertex  11.4554  6.62112  1.27381
   vertex  9.32537  9.39612  1.36581
  endloop
 endfacet
 facet normal 0.453328 -0.214797 0.865076
  outer loop
   vertex  11.6204 -3.23388 -2.42519
   vertex  10.4034 -6.17288 -2.51719
   vertex  11.4554 -6.77988 -3.21919
  endloop
 endfacet
 facet normal 0.458679 -0.214434 0.862341
  outer loop
   vertex  11.6204 -3.23388 -2.42519
   vertex  11.4554 -6.77988 -3.21919
   vertex  12.7934 -3.54788 -3.12719
  endloop
 endfacet
 facet normal 0.327897 0.386146 0.862192
  outer loop
   vertex  6.55037  11.5261 -2.66719
   vertex  5.94337  10.4741 -1.96519
   vertex  8.46637  8.53712 -2.05719
  endloop
 endfacet
 facet normal 0.323212 0.383723 0.865038
  outer loop
   vertex  6.55037  11.5261 -2.66719
   vertex  8.46637  8.53712 -2.05719
   vertex  9.32537  9.39612 -2.75919
  endloop
 endfacet
 facet normal -0.923921 0.382583        0
  outer loop
   vertex -10.7026  6.01412  1.30881
   vertex -10.7026  6.01412 0.795806
   vertex -11.9196  3.07512 0.887809
  endloop
 endfacet
 facet normal -0.923921 0.382583        0
  outer loop
   vertex -10.7026  6.01412  1.30881
   vertex -11.9196  3.07512 0.887809
   vertex -11.9196  3.07512  1.40081
  endloop
 endfacet
 facet normal 0.288255 0.416415 -0.862268
  outer loop
   vertex  9.32537  9.39612 -0.842191
   vertex  8.46637  8.53712 -1.54419
   vertex  5.94337  10.4741 -1.45219
  endloop
 endfacet
 facet normal 0.287179 0.411502 -0.864982
  outer loop
   vertex  9.32537  9.39612 -0.842191
   vertex  5.94337  10.4741 -1.45219
   vertex  6.55037  11.5261 -0.750192
  endloop
 endfacet
 facet normal -0.47193 -0.170751 0.864943
  outer loop
   vertex -11.9196 -3.23388  1.07181
   vertex -13.0926 -3.54788 0.369807
   vertex -11.7546 -6.77988 0.461806
  endloop
 endfacet
 facet normal -0.476971 -0.170517 0.862219
  outer loop
   vertex -11.9196 -3.23388  1.07181
   vertex -11.7546 -6.77988 0.461806
   vertex -10.7026 -6.17288  1.16381
  endloop
 endfacet
 facet normal 0.793196 -0.608966        0
  outer loop
   vertex  8.46637 -8.69588 -2.09619
   vertex  8.46637 -8.69588 -2.60919
   vertex  10.4034 -6.17288 -2.51719
  endloop
 endfacet
 facet normal 0.793196 -0.608966        0
  outer loop
   vertex  8.46637 -8.69588 -2.09619
   vertex  10.4034 -6.17288 -2.51719
   vertex  10.4034 -6.17288 -2.00419
  endloop
 endfacet
 facet normal -0.608882 -0.793261        0
  outer loop
   vertex -9.62463 -9.55488 -6.36419
   vertex -6.84963 -11.6849 -6.27219
   vertex -6.84963 -11.6849 -5.98019
  endloop
 endfacet
 facet normal -0.608882 -0.793261        0
  outer loop
   vertex -9.62463 -9.55488 -6.36419
   vertex -6.84963 -11.6849 -5.98019
   vertex -9.62463 -9.55488 -6.07219
  endloop
 endfacet
 facet normal 0.475944 0.170672 0.862756
  outer loop
   vertex  10.7464  5.18612  2.24181
   vertex  11.0964  4.57912  2.16881
   vertex  11.4554  6.62112  1.56681
  endloop
 endfacet
 facet normal 0.476482 0.170301 0.862532
  outer loop
   vertex  10.4034  6.01412  2.26781
   vertex  10.7464  5.18612  2.24181
   vertex  11.4554  6.62112  1.56681
  endloop
 endfacet
 facet normal 0.412863 0.288257 0.863974
  outer loop
   vertex  11.4554  6.62112  1.56681
   vertex  9.32537  9.39612  1.65881
   vertex  9.50737  7.33112  2.26081
  endloop
 endfacet
 facet normal 0.020663 -0.0206862 0.999572
  outer loop
   vertex  9.01237  7.82612  2.84781
   vertex  8.46637  8.53712  2.87381
   vertex  7.75537  9.08312  2.89981
  endloop
 endfacet
 facet normal 0.415383 0.288139 0.862805
  outer loop
   vertex  9.32537  9.39612  1.65881
   vertex  9.01237  7.82612  2.33381
   vertex  9.50737  7.33112  2.26081
  endloop
 endfacet
 facet normal 0.416004 0.287918  0.86258
  outer loop
   vertex  9.01237  7.82612  2.33381
   vertex  9.32537  9.39612  1.65881
   vertex  8.46637  8.53712  2.35981
  endloop
 endfacet
 facet normal -0.609064 0.793121        0
  outer loop
   vertex -8.76563  8.53712  3.42581
   vertex -8.05463  9.08312  3.39981
   vertex -8.05463  9.08312  2.88581
  endloop
 endfacet
 facet normal -0.609064 0.793121        0
  outer loop
   vertex -8.76563  8.53712  3.42581
   vertex -8.05463  9.08312  2.88581
   vertex -8.76563  8.53712  2.91181
  endloop
 endfacet
 facet normal 0.707106 0.707107       -0
  outer loop
   vertex  9.01237  7.82612  2.33381
   vertex  9.01237  7.82612  2.84781
   vertex  9.50737  7.33112  2.26081
  endloop
 endfacet
 facet normal  0.41222 0.285201 0.865295
  outer loop
   vertex  9.85737  6.72512  2.29381
   vertex  11.4554  6.62112  1.56681
   vertex  9.50737  7.33112  2.26081
  endloop
 endfacet
 facet normal -0.923867 0.382713        0
  outer loop
   vertex -11.5766  3.90312  3.06981
   vertex -11.9196  3.07512  3.09581
   vertex -11.9196  3.07512  3.60981
  endloop
 endfacet
 facet normal -0.923867 0.382713        0
  outer loop
   vertex -11.5766  3.90312  3.06981
   vertex -11.9196  3.07512  3.60981
   vertex -11.5766  3.90312  3.58381
  endloop
 endfacet
 facet normal 0.412239 0.284926 0.865376
  outer loop
   vertex  9.85737  6.72512  2.29381
   vertex  10.4034  6.01412  2.26781
   vertex  11.4554  6.62112  1.56681
  endloop
 endfacet
 facet normal 0.865949 0.500133        0
  outer loop
   vertex  9.50737  7.33112  2.26081
   vertex  9.85737  6.72512  2.80781
   vertex  9.85737  6.72512  2.29381
  endloop
 endfacet
 facet normal 0.923954 -0.382503        0
  outer loop
   vertex  11.4554 -6.77988 0.905807
   vertex  12.7934 -3.54788 0.997809
   vertex  12.7934 -3.54788  1.29081
  endloop
 endfacet
 facet normal 0.923954 -0.382503        0
  outer loop
   vertex  11.4554 -6.77988 0.905807
   vertex  12.7934 -3.54788  1.29081
   vertex  11.4554 -6.77988  1.19881
  endloop
 endfacet
 facet normal 0.490129 -0.258134 -0.83255
  outer loop
   vertex -3.78616  2.30875  7.52301
   vertex -4.04566  1.81601  7.52301
   vertex -8.67963  3.55812  4.25481
  endloop
 endfacet
 facet normal 0.488975  -0.2616 -0.832147
  outer loop
   vertex -3.78616  2.30875  7.52301
   vertex -8.67963  3.55812  4.25481
   vertex -7.80063  5.20112  4.25481
  endloop
 endfacet
 facet normal 0.707106 -0.707108        0
  outer loop
   vertex  9.50737 -7.48988  4.25481
   vertex  9.01237 -7.98488  2.34681
   vertex  9.50737 -7.48988  2.04481
  endloop
 endfacet
 facet normal 0.923989 -0.382415 -0.00198137
  outer loop
   vertex  11.2774 -4.06188  2.04481
   vertex  10.7464 -5.34488  2.04481
   vertex  10.4034 -6.17288  1.89981
  endloop
 endfacet
 facet normal 0.923902 -0.382625 0.00160762
  outer loop
   vertex  11.2774 -4.06188  2.04481
   vertex  10.4034 -6.17288  1.89981
   vertex  11.6204 -3.23388  1.99181
  endloop
 endfacet
 facet normal -0.0106162 -0.0269912 0.999579
  outer loop
   vertex  10.4034 -6.17288  2.41281
   vertex  10.7464 -5.34488  2.43881
   vertex  9.85737 -6.88388  2.38781
  endloop
 endfacet
 facet normal -0.382713 -0.923867        0
  outer loop
   vertex -6.24263 -10.6329  1.34781
   vertex -5.41463 -10.9759  2.04481
   vertex -5.41463 -10.9759  2.49181
  endloop
 endfacet
 facet normal -0.382713 -0.923867        0
  outer loop
   vertex -6.24263 -10.6329  1.34781
   vertex -5.41463 -10.9759  2.49181
   vertex -6.24263 -10.6329  2.42581
  endloop
 endfacet
 facet normal 0.498826 0.202668 0.842673
  outer loop
   vertex  11.0964  4.57912  4.25481
   vertex  6.25287  2.91159  7.52301
   vertex   6.5117  2.27453  7.52301
  endloop
 endfacet
 facet normal 0.865949 -0.500133        0
  outer loop
   vertex  9.50737 -7.48988  2.04481
   vertex  9.85737 -6.88388  2.04481
   vertex  9.85737 -6.88388  2.38781
  endloop
 endfacet
 facet normal 0.865949 -0.500133        0
  outer loop
   vertex  9.50737 -7.48988  4.25481
   vertex  9.50737 -7.48988  2.04481
   vertex  9.85737 -6.88388  2.38781
  endloop
 endfacet
 facet normal -0.284934 -0.412237 -0.865375
  outer loop
   vertex -8.76563 -8.69588 -2.64819
   vertex -6.24263 -10.6329 -2.55619
   vertex -6.84963 -11.6849 -1.85519
  endloop
 endfacet
 facet normal -0.289558 -0.414505 -0.862753
  outer loop
   vertex -8.76563 -8.69588 -2.64819
   vertex -6.84963 -11.6849 -1.85519
   vertex -9.62463 -9.55488 -1.94719
  endloop
 endfacet
 facet normal -0.793261 0.608881        0
  outer loop
   vertex -9.62463  9.39612 -6.91619
   vertex -11.7546  6.62112 -6.82419
   vertex -11.7546  6.62112 -6.53219
  endloop
 endfacet
 facet normal -0.793261 0.608881        0
  outer loop
   vertex -9.62463  9.39612 -6.91619
   vertex -11.7546  6.62112 -6.53219
   vertex -9.62463  9.39612 -6.62419
  endloop
 endfacet
 facet normal 0.608966 -0.793196        0
  outer loop
   vertex  8.46637 -8.69588 0.112807
   vertex  5.94337 -10.6329 0.0208082
   vertex  5.94337 -10.6329 -0.493192
  endloop
 endfacet
 facet normal 0.608966 -0.793196        0
  outer loop
   vertex  8.46637 -8.69588 0.112807
   vertex  5.94337 -10.6329 -0.493192
   vertex  8.46637 -8.69588 -0.401193
  endloop
 endfacet
 facet normal -0.130647 0.991429        0
  outer loop
   vertex -0.149626  13.3211 -4.98419
   vertex -3.61763  12.8641 -4.89219
   vertex -3.61763  12.8641 -4.59919
  endloop
 endfacet
 facet normal -0.130647 0.991429        0
  outer loop
   vertex -0.149626  13.3211 -4.98419
   vertex -3.61763  12.8641 -4.59919
   vertex -0.149626  13.3211 -4.69119
  endloop
 endfacet
 facet normal -0.608966 -0.793196        0
  outer loop
   vertex -8.76563 -8.69588 -5.37019
   vertex -6.24263 -10.6329 -5.27819
   vertex -6.24263 -10.6329 -4.76519
  endloop
 endfacet
 facet normal -0.608966 -0.793196        0
  outer loop
   vertex -8.76563 -8.69588 -5.37019
   vertex -6.24263 -10.6329 -4.76519
   vertex -8.76563 -8.69588 -4.85719
  endloop
 endfacet
 facet normal -0.499866 -0.0405235 0.865154
  outer loop
   vertex -11.9196 -3.23388 -5.55419
   vertex -12.3346 -0.0788777 -5.64619
   vertex -13.5496 -0.0788777 -6.34819
  endloop
 endfacet
 facet normal -0.504423 -0.043582 0.862356
  outer loop
   vertex -11.9196 -3.23388 -5.55419
   vertex -13.5496 -0.0788777 -6.34819
   vertex -13.0926 -3.54788 -6.25619
  endloop
 endfacet
 facet normal -0.385717  0.32758 0.862504
  outer loop
   vertex -11.7546  6.62112 -2.11419
   vertex -10.7026  6.01412 -1.41319
   vertex -8.76563  8.53712 -1.50519
  endloop
 endfacet
 facet normal -0.383291 0.322891 0.865349
  outer loop
   vertex -11.7546  6.62112 -2.11419
   vertex -8.76563  8.53712 -1.50519
   vertex -9.62463  9.39612 -2.20619
  endloop
 endfacet
 facet normal 0.793293 -0.608839 -0.00106602
  outer loop
   vertex  8.46637 -8.69588  1.80781
   vertex  9.85737 -6.88388  2.04481
   vertex  9.01237 -7.98488  2.04481
  endloop
 endfacet
 facet normal -0.965621 0.259953 -9.46902e-05
  outer loop
   vertex  11.6319 -2.73369 -8.04519
   vertex  11.9014 -1.73188 -6.23719
   vertex  11.8675 -1.85835 -8.04519
  endloop
 endfacet
 facet normal 0.966026 -0.258445 -1.83673e-05
  outer loop
   vertex  11.9014 -1.73188 -6.23719
   vertex  11.7374 -2.34488 -6.30319
   vertex  11.8675 -1.85835 -8.04519
  endloop
 endfacet
 facet normal 0.707106 -0.707108        0
  outer loop
   vertex  9.01237 -7.98488  2.04481
   vertex  9.50737 -7.48988  2.04481
   vertex  9.01237 -7.98488  2.34681
  endloop
 endfacet
 facet normal        0        1       -0
  outer loop
   vertex  1.43937  11.9891  2.53681
   vertex 0.739374  11.9891  3.12381
   vertex  1.43937  11.9891  4.25481
  endloop
 endfacet
 facet normal  0.25864 0.965974       -0
  outer loop
   vertex  1.43937  11.9891  2.53681
   vertex  1.43937  11.9891  4.25481
   vertex  2.11537  11.8081  3.08381
  endloop
 endfacet
 facet normal        0       -0       -1
  outer loop
   vertex  11.2031  4.17935 -8.04519
   vertex  11.2774  3.90312 -8.04519
   vertex  9.42037  1.77512 -8.04519
  endloop
 endfacet
 facet normal        0        0       -1
  outer loop
   vertex  11.2031  4.17935 -8.04519
   vertex  9.42037  1.77512 -8.04519
   vertex  8.88037  3.55812 -8.04519
  endloop
 endfacet
 facet normal        0        0       -1
  outer loop
   vertex  9.01237 -7.98488  2.04481
   vertex  9.85737 -6.88388  2.04481
   vertex  9.50737 -7.48988  2.04481
  endloop
 endfacet
 facet normal 0.793185 -0.608981 0.00065007
  outer loop
   vertex  8.46637 -8.69588  1.80781
   vertex  10.4034 -6.17288  1.89981
   vertex  9.85737 -6.88388  2.04481
  endloop
 endfacet
 facet normal 0.608882 -0.793261        0
  outer loop
   vertex  6.55037 -11.6849 -1.48719
   vertex  9.32537 -9.55488 -1.39519
   vertex  9.32537 -9.55488 -1.10219
  endloop
 endfacet
 facet normal 0.608882 -0.793261        0
  outer loop
   vertex  6.55037 -11.6849 -1.48719
   vertex  9.32537 -9.55488 -1.10219
   vertex  6.55037 -11.6849 -1.19419
  endloop
 endfacet
 facet normal -0.609064 -0.793121        0
  outer loop
   vertex -8.76563 -8.69588  3.04081
   vertex -8.05463 -9.24188  3.02681
   vertex -8.05463 -9.24188  4.00381
  endloop
 endfacet
 facet normal -0.609064 -0.793121        0
  outer loop
   vertex -8.76563 -8.69588  3.04081
   vertex -8.05463 -9.24188  4.00381
   vertex -8.76563 -8.69588  3.97781
  endloop
 endfacet
 facet normal -0.137005 -0.490818 -0.860423
  outer loop
   vertex -4.80763 -11.3259  2.59481
   vertex -6.44463 -10.9829  2.65981
   vertex -5.41463 -10.9759  2.49181
  endloop
 endfacet
 facet normal -0.382415 -0.92399 -0.000414725
  outer loop
   vertex -4.13163 -11.5069  2.04481
   vertex -5.41463 -10.9759  2.04481
   vertex -6.24263 -10.6329  1.34781
  endloop
 endfacet
 facet normal        0        0       -1
  outer loop
   vertex -5.41463 -10.9759  2.04481
   vertex -4.13163 -11.5069  2.04481
   vertex -4.80763 -11.3259  2.04481
  endloop
 endfacet
 facet normal 0.382713 0.923867        0
  outer loop
   vertex  3.00437  11.6911 -7.84519
   vertex  3.83237  11.3481 -7.83119
   vertex  3.83237  11.3481 -8.01219
  endloop
 endfacet
 facet normal 0.382713 0.923867        0
  outer loop
   vertex  3.00437  11.6911 -7.84519
   vertex  3.83237  11.3481 -8.01219
   vertex  3.00437  11.6911 -7.98619
  endloop
 endfacet
 facet normal -0.500029 -0.866004 0.0026224
  outer loop
   vertex -5.41463 -10.9759  4.09581
   vertex -4.80763 -11.3259  4.25481
   vertex -7.55963 -9.73688  4.25481
  endloop
 endfacet
 facet normal -0.500188 -0.865917 -0.000202921
  outer loop
   vertex -7.55963 -9.73688  4.25481
   vertex -6.95363 -10.0869  4.04381
   vertex -5.41463 -10.9759  4.09581
  endloop
 endfacet
 facet normal -0.0253389 0.0146043 0.999572
  outer loop
   vertex -6.24263 -10.6329  4.06981
   vertex -5.41463 -10.9759  4.09581
   vertex -6.95363 -10.0869  4.04381
  endloop
 endfacet
 facet normal -0.181277 -0.470337 0.863668
  outer loop
   vertex -5.41463 -10.9759  2.97781
   vertex -6.24263 -10.6329  2.99081
   vertex -6.44463 -10.9829  2.75781
  endloop
 endfacet
 facet normal -0.180873 -0.473756 0.861882
  outer loop
   vertex -6.44463 -10.9829  2.75781
   vertex -4.80763 -11.3259  2.91281
   vertex -5.41463 -10.9759  2.97781
  endloop
 endfacet
 facet normal -0.294305 -0.405731 0.865313
  outer loop
   vertex -7.55963 -9.73688  2.96281
   vertex -6.44463 -10.9829  2.75781
   vertex -6.95363 -10.0869  3.00481
  endloop
 endfacet
 facet normal -0.294651 -0.405876 0.865127
  outer loop
   vertex -6.24263 -10.6329  2.99081
   vertex -6.95363 -10.0869  3.00481
   vertex -6.44463 -10.9829  2.75781
  endloop
 endfacet
 facet normal -0.250693 -0.431582 -0.866539
  outer loop
   vertex -6.44463 -10.9829  2.65981
   vertex -7.55963 -9.73688  2.36181
   vertex -6.95363 -10.0869  2.36081
  endloop
 endfacet
 facet normal -0.259313 -0.437924 -0.860801
  outer loop
   vertex -6.44463 -10.9829  2.65981
   vertex -9.19563 -9.12588  2.54381
   vertex -7.55963 -9.73688  2.36181
  endloop
 endfacet
 facet normal -0.253042 -0.432531 -0.865382
  outer loop
   vertex -6.24263 -10.6329  2.42581
   vertex -6.44463 -10.9829  2.65981
   vertex -6.95363 -10.0869  2.36081
  endloop
 endfacet
 facet normal -0.136606 -0.494895 -0.858148
  outer loop
   vertex -6.24263 -10.6329  2.42581
   vertex -5.41463 -10.9759  2.49181
   vertex -6.44463 -10.9829  2.65981
  endloop
 endfacet
 facet normal -0.99145 0.130484        0
  outer loop
   vertex -12.2176 0.810122  3.16281
   vertex -12.3346 -0.0788777  3.18781
   vertex -12.3346 -0.0788777  3.70181
  endloop
 endfacet
 facet normal -0.99145 0.130484        0
  outer loop
   vertex -12.2176 0.810122  3.16281
   vertex -12.3346 -0.0788777  3.70181
   vertex -12.2176 0.810122  3.67581
  endloop
 endfacet
 facet normal -0.866566 -0.497787 -0.0356604
  outer loop
   vertex -11.0456 -5.34488 -7.18319
   vertex -11.3956 -4.73788 -7.15119
   vertex -11.3848 -4.69273 -8.04519
  endloop
 endfacet
 facet normal -0.930988 -0.350841 0.100858
  outer loop
   vertex -11.0456 -5.34488 -7.18319
   vertex -11.3848 -4.69273 -8.04519
   vertex -11.3189 -4.86759 -8.04519
  endloop
 endfacet
 facet normal 0.529987 0.0999781 0.842091
  outer loop
   vertex  11.9184  1.51012  4.25481
   vertex  6.70581  1.61487  7.52301
   vertex  6.83328 0.939166  7.52301
  endloop
 endfacet
 facet normal        0        0       -1
  outer loop
   vertex -8.05463 -9.24188  2.04481
   vertex -6.95363 -10.0869  2.04481
   vertex -7.55963 -9.73688  2.04481
  endloop
 endfacet
 facet normal -0.172277  0.47546 0.862704
  outer loop
   vertex -3.61763  12.8641 -2.39019
   vertex -6.84963  11.5261 -2.29819
   vertex -6.24263  10.4741 -1.59719
  endloop
 endfacet
 facet normal -0.168387 0.472061 0.865335
  outer loop
   vertex -3.61763  12.8641 -2.39019
   vertex -6.24263  10.4741 -1.59719
   vertex -3.30363  11.6911 -1.68919
  endloop
 endfacet
 facet normal        0        0       -1
  outer loop
   vertex  -4.0001 -5.43199  16.9549
   vertex -3.51929 -4.34342  16.9549
   vertex -3.02012 -4.70421  16.9549
  endloop
 endfacet
 facet normal        0        0       -1
  outer loop
   vertex  -4.0001 -5.43199  16.9549
   vertex -3.02012 -4.70421  16.9549
   vertex -3.43004  -5.8088  16.9549
  endloop
 endfacet
 facet normal 0.429304 -0.352088 -0.831704
  outer loop
   vertex -3.46694  2.76507  7.52301
   vertex -7.80063  5.20112  4.25481
   vertex -6.61963  6.64112  4.25481
  endloop
 endfacet
 facet normal  0.40898 -0.370506 -0.833943
  outer loop
   vertex -3.46694  2.76507  7.52301
   vertex -6.61963  6.64112  4.25481
   vertex -3.09304  3.17779  7.52301
  endloop
 endfacet
 facet normal -0.0405363 0.499868 0.865152
  outer loop
   vertex -3.30363  11.6911 0.519809
   vertex -0.149626  12.1061  0.42781
   vertex -0.149626  13.3211 -0.274194
  endloop
 endfacet
 facet normal -0.0435932 0.504421 0.862357
  outer loop
   vertex -3.30363  11.6911 0.519809
   vertex -0.149626  13.3211 -0.274194
   vertex -3.61763  12.8641 -0.182191
  endloop
 endfacet
 facet normal 0.473532 0.171442  0.86393
  outer loop
   vertex  11.4554  6.62112  1.56681
   vertex  11.0964  4.57912  2.16881
   vertex  12.7934  3.38912  1.47481
  endloop
 endfacet
 facet normal 0.866304 0.499517        0
  outer loop
   vertex  10.7464  5.18612  2.75581
   vertex  11.0964  4.57912  4.25481
   vertex  11.0964  4.57912  2.16881
  endloop
 endfacet
 facet normal 0.866304 0.499517        0
  outer loop
   vertex  10.7464  5.18612  2.75581
   vertex  11.0964  4.57912  2.16881
   vertex  10.7464  5.18612  2.24181
  endloop
 endfacet
 facet normal 0.500192 0.865914 -3.51722e-05
  outer loop
   vertex  7.26037  9.57812  4.25481
   vertex  6.65437  9.92812  2.93981
   vertex  5.11537  10.8171  2.99181
  endloop
 endfacet
 facet normal 0.500031 0.866007 0.000329628
  outer loop
   vertex  7.26037  9.57812  4.25481
   vertex  5.11537  10.8171  2.99181
   vertex  4.50837  11.1671  4.25481
  endloop
 endfacet
 facet normal 0.323895 -0.417176  0.84915
  outer loop
   vertex  7.26037 -9.73688  4.25481
   vertex  4.49629 -5.23059    7.523
   vertex  3.95315 -5.65228    7.523
  endloop
 endfacet
 facet normal 0.965974  0.25864        0
  outer loop
   vertex  11.0964  4.57912  4.25481
   vertex  11.2774  3.90312  2.71481
   vertex  11.0964  4.57912  2.16881
  endloop
 endfacet
 facet normal 0.965974  0.25864       -0
  outer loop
   vertex  11.2774  3.90312  2.20181
   vertex  11.0964  4.57912  2.16881
   vertex  11.2774  3.90312  2.71481
  endloop
 endfacet
 facet normal 0.382713 0.923867        0
  outer loop
   vertex  3.00437  11.6911  3.05781
   vertex  3.83237  11.3481  3.03181
   vertex  3.83237  11.3481  2.51781
  endloop
 endfacet
 facet normal 0.382713 0.923867        0
  outer loop
   vertex  3.00437  11.6911  3.05781
   vertex  3.83237  11.3481  2.51781
   vertex  3.00437  11.6911  2.54381
  endloop
 endfacet
 facet normal 0.014617 -0.025329 0.999572
  outer loop
   vertex  9.85737  6.72512  2.80781
   vertex  10.7464  5.18612  2.75581
   vertex  10.4034  6.01412  2.78181
  endloop
 endfacet
 facet normal 0.707105 0.707108        0
  outer loop
   vertex  7.75537  9.08312 -7.76019
   vertex  7.75537  9.08312 -8.04519
   vertex  7.26037  9.57812 -8.04519
  endloop
 endfacet
 facet normal 0.707105 0.707108        0
  outer loop
   vertex  7.75537  9.08312 -7.76019
   vertex  7.26037  9.57812 -8.04519
   vertex  7.26037  9.57812 -7.71719
  endloop
 endfacet
 facet normal 0.0429345 -0.498974 0.865553
  outer loop
   vertex -0.149626 -12.2649 -0.677194
   vertex -0.149626 -13.4809 -1.37819
   vertex  3.31837 -13.0229 -1.28619
  endloop
 endfacet
 facet normal 0.0412096 -0.504402 0.862485
  outer loop
   vertex -0.149626 -12.2649 -0.677194
   vertex  3.31837 -13.0229 -1.28619
   vertex  3.00437 -11.8499 -0.585191
  endloop
 endfacet
 facet normal  0.41108 0.286844 0.865294
  outer loop
   vertex  10.4034  6.01412 -4.35819
   vertex  11.4554  6.62112 -5.05919
   vertex  9.32537  9.39612 -4.96719
  endloop
 endfacet
 facet normal 0.415999 0.287923  0.86258
  outer loop
   vertex  10.4034  6.01412 -4.35819
   vertex  9.32537  9.39612 -4.96719
   vertex  8.46637  8.53712 -4.26619
  endloop
 endfacet
 facet normal -0.99145 0.130484        0
  outer loop
   vertex -12.0366  2.18612  3.63581
   vertex -11.9196  3.07512  3.60981
   vertex -11.9196  3.07512  3.09581
  endloop
 endfacet
 facet normal -0.99145 0.130484        0
  outer loop
   vertex -12.0366  2.18612  3.63581
   vertex -11.9196  3.07512  3.09581
   vertex -12.0366  2.18612  3.12181
  endloop
 endfacet
 facet normal -0.47206 0.168386 -0.865335
  outer loop
   vertex -10.7026  6.01412 -5.31719
   vertex -11.9196  3.07512 -5.22519
   vertex -13.0926  3.38912 -4.52419
  endloop
 endfacet
 facet normal -0.47546 0.172276 -0.862704
  outer loop
   vertex -10.7026  6.01412 -5.31719
   vertex -13.0926  3.38912 -4.52419
   vertex -11.7546  6.62112 -4.61619
  endloop
 endfacet
 facet normal -0.47193 -0.170751 0.864943
  outer loop
   vertex -11.9196 -3.23388 -5.55419
   vertex -13.0926 -3.54788 -6.25619
   vertex -11.7546 -6.77988 -6.16419
  endloop
 endfacet
 facet normal -0.476971 -0.170517 0.862219
  outer loop
   vertex -11.9196 -3.23388 -5.55419
   vertex -11.7546 -6.77988 -6.16419
   vertex -10.7026 -6.17288 -5.46219
  endloop
 endfacet
 facet normal 0.499334 0.0404572 0.865465
  outer loop
   vertex  11.6204  3.07512 -0.0331926
   vertex  12.0354 -0.0788777 -0.125192
   vertex  13.2504 -0.0788777 -0.826192
  endloop
 endfacet
 facet normal 0.503893 0.0435164 0.862669
  outer loop
   vertex  11.6204  3.07512 -0.0331926
   vertex  13.2504 -0.0788777 -0.826192
   vertex  12.7934  3.38912 -0.734193
  endloop
 endfacet
 facet normal -0.382503 0.923954        0
  outer loop
   vertex -3.61763  12.8641 -2.68319
   vertex -6.84963  11.5261 -2.59119
   vertex -6.84963  11.5261 -2.29819
  endloop
 endfacet
 facet normal -0.382503 0.923954        0
  outer loop
   vertex -3.61763  12.8641 -2.68319
   vertex -6.84963  11.5261 -2.29819
   vertex -3.61763  12.8641 -2.39019
  endloop
 endfacet
 facet normal -0.382583 -0.923921        0
  outer loop
   vertex -3.30363 -11.8499 -4.67319
   vertex -6.24263 -10.6329 -4.76519
   vertex -6.24263 -10.6329 -5.27819
  endloop
 endfacet
 facet normal -0.382583 -0.923921       -0
  outer loop
   vertex -3.30363 -11.8499 -4.67319
   vertex -6.24263 -10.6329 -5.27819
   vertex -3.30363 -11.8499 -5.18619
  endloop
 endfacet
 facet normal -0.386145 0.327897 0.862192
  outer loop
   vertex -11.7546  6.62112 0.0938063
   vertex -10.7026  6.01412 0.795806
   vertex -8.76563  8.53712 0.703807
  endloop
 endfacet
 facet normal -0.383723 0.323211 0.865038
  outer loop
   vertex -11.7546  6.62112 0.0938063
   vertex -8.76563  8.53712 0.703807
   vertex -9.62463  9.39612 0.00180721
  endloop
 endfacet
 facet normal  0.99145 0.130484        0
  outer loop
   vertex  11.7374  2.18612  2.14981
   vertex  11.6204  3.07512  2.17581
   vertex  11.6204  3.07512  2.68981
  endloop
 endfacet
 facet normal  0.99145 0.130484       -0
  outer loop
   vertex  11.7374  2.18612  2.14981
   vertex  11.6204  3.07512  2.68981
   vertex  11.7374  2.18612  2.66381
  endloop
 endfacet
 facet normal 0.386966 0.325624 -0.862685
  outer loop
   vertex  9.32537  9.39612  1.36581
   vertex  11.4554  6.62112  1.27381
   vertex  10.4034  6.01412 0.572806
  endloop
 endfacet
 facet normal  0.38167 0.324581 -0.865434
  outer loop
   vertex  9.32537  9.39612  1.36581
   vertex  10.4034  6.01412 0.572806
   vertex  8.46637  8.53712 0.664809
  endloop
 endfacet
 facet normal 0.608966 -0.793196        0
  outer loop
   vertex  5.94337 -10.6329 -2.70119
   vertex  8.46637 -8.69588 -2.60919
   vertex  8.46637 -8.69588 -2.09619
  endloop
 endfacet
 facet normal 0.608966 -0.793196        0
  outer loop
   vertex  5.94337 -10.6329 -2.70119
   vertex  8.46637 -8.69588 -2.09619
   vertex  5.94337 -10.6329 -2.18819
  endloop
 endfacet
 facet normal 0.289558 -0.414505 0.862753
  outer loop
   vertex  6.55037 -11.6849 -5.61119
   vertex  9.32537 -9.55488 -5.51919
   vertex  8.46637 -8.69588 -4.81819
  endloop
 endfacet
 facet normal 0.284934 -0.412237 0.865375
  outer loop
   vertex  6.55037 -11.6849 -5.61119
   vertex  8.46637 -8.69588 -4.81819
   vertex  5.94337 -10.6329 -4.91019
  endloop
 endfacet
 facet normal 0.287923 0.415999 -0.86258
  outer loop
   vertex  9.32537  9.39612 -5.26019
   vertex  8.46637  8.53712 -5.96119
   vertex  5.94337  10.4741 -5.86919
  endloop
 endfacet
 facet normal 0.286844 0.411081 -0.865294
  outer loop
   vertex  9.32537  9.39612 -5.26019
   vertex  5.94337  10.4741 -5.86919
   vertex  6.55037  11.5261 -5.16819
  endloop
 endfacet
 facet normal 0.608881 0.793261        0
  outer loop
   vertex  9.32537  9.39612  1.36581
   vertex  6.55037  11.5261  1.45781
   vertex  6.55037  11.5261  1.75081
  endloop
 endfacet
 facet normal 0.608881 0.793261       -0
  outer loop
   vertex  9.32537  9.39612  1.36581
   vertex  6.55037  11.5261  1.75081
   vertex  9.32537  9.39612  1.65881
  endloop
 endfacet
 facet normal -0.0172514 -0.0233063  0.99958
  outer loop
   vertex  8.46637 -8.69588  2.32081
   vertex  9.01237 -7.98488  2.34681
   vertex  7.75537 -9.24188  2.29581
  endloop
 endfacet
 facet normal 0.707106 -0.707107        0
  outer loop
   vertex  7.75537 -9.24188  2.04481
   vertex  7.75537 -9.24188  2.29581
   vertex  7.26037 -9.73688  2.04481
  endloop
 endfacet
 facet normal 0.707106 -0.707107        0
  outer loop
   vertex  7.26037 -9.73688  4.25481
   vertex  7.26037 -9.73688  2.04481
   vertex  7.75537 -9.24188  2.29581
  endloop
 endfacet
 facet normal -0.386145 0.327897 0.862192
  outer loop
   vertex -11.7546  6.62112 -6.53219
   vertex -10.7026  6.01412 -5.83019
   vertex -8.76563  8.53712 -5.92219
  endloop
 endfacet
 facet normal -0.383723 0.323211 0.865038
  outer loop
   vertex -11.7546  6.62112 -6.53219
   vertex -8.76563  8.53712 -5.92219
   vertex -9.62463  9.39612 -6.62419
  endloop
 endfacet
 facet normal  0.60884 -0.793293 0.000769033
  outer loop
   vertex  6.65437 -10.0869  2.04481
   vertex  5.94337 -10.6329  1.71581
   vertex  7.75537 -9.24188  2.04481
  endloop
 endfacet
 facet normal 0.608976 -0.793189 -0.000421148
  outer loop
   vertex  5.94337 -10.6329  1.71581
   vertex  8.46637 -8.69588  1.80781
   vertex  7.75537 -9.24188  2.04481
  endloop
 endfacet
 facet normal        0        0       -1
  outer loop
   vertex -3.51929 -4.34342  29.2516
   vertex -4.52913 -4.99943  29.2516
   vertex -5.01167 -4.51558  29.2516
  endloop
 endfacet
 facet normal       -0        0       -1
  outer loop
   vertex -3.51929 -4.34342  29.2516
   vertex -5.01167 -4.51558  29.2516
   vertex -3.97575 -3.92991  29.2516
  endloop
 endfacet
 facet normal       -0        0       -1
  outer loop
   vertex  7.26037 -9.73688  2.04481
   vertex  6.65437 -10.0869  2.04481
   vertex  7.75537 -9.24188  2.04481
  endloop
 endfacet
 facet normal        0        0       -1
  outer loop
   vertex  3.83237 -11.5069  2.04481
   vertex  5.11537 -10.9759  2.04481
   vertex  4.50837 -11.3259  2.04481
  endloop
 endfacet
 facet normal 0.258642 -0.965973        0
  outer loop
   vertex  4.50837 -11.3259  4.25481
   vertex  3.83237 -11.5069  2.16281
   vertex  4.50837 -11.3259  2.04481
  endloop
 endfacet
 facet normal 0.499516 -0.866305        0
  outer loop
   vertex  4.50837 -11.3259  4.25481
   vertex  4.50837 -11.3259  2.04481
   vertex  5.11537 -10.9759  2.20281
  endloop
 endfacet
 facet normal 0.499516 -0.866305        0
  outer loop
   vertex  5.11537 -10.9759  2.04481
   vertex  5.11537 -10.9759  2.20281
   vertex  4.50837 -11.3259  2.04481
  endloop
 endfacet
 facet normal -0.476207 -0.25477 -0.841617
  outer loop
   vertex  3.70108   2.4428  7.52301
   vertex  8.00137  5.20112  4.25481
   vertex  8.88037  3.55812  4.25481
  endloop
 endfacet
 facet normal -0.471482 -0.270302 -0.839429
  outer loop
   vertex  3.70108   2.4428  7.52301
   vertex  8.88037  3.55812  4.25481
   vertex  3.97806  1.95967  7.52301
  endloop
 endfacet
 facet normal  -0.5311 0.0334401 0.846649
  outer loop
   vertex -12.2176 -1.66888  4.25481
   vertex -6.89693 0.0897709    7.523
   vertex -6.85372 0.776037    7.523
  endloop
 endfacet
 facet normal -0.52032        0 0.853972
  outer loop
   vertex -12.2176 -1.66888  4.25481
   vertex -6.85372 0.776037    7.523
   vertex -12.2176  1.51012  4.25481
  endloop
 endfacet
 facet normal 0.500135 -0.865947        0
  outer loop
   vertex  7.26037 -9.73688  2.04481
   vertex  7.26037 -9.73688  4.25481
   vertex  6.65437 -10.0869  2.25481
  endloop
 endfacet
 facet normal 0.500135 -0.865947        0
  outer loop
   vertex  7.26037 -9.73688  2.04481
   vertex  6.65437 -10.0869  2.25481
   vertex  6.65437 -10.0869  2.04481
  endloop
 endfacet
 facet normal -0.0253389 -0.0146043 0.999572
  outer loop
   vertex  5.11537 -10.9759  2.20281
   vertex  5.94337 -10.6329  2.22881
   vertex  6.65437 -10.0869  2.25481
  endloop
 endfacet
 facet normal -0.923921 -0.382583        0
  outer loop
   vertex -10.7026 -6.17288 -2.74019
   vertex -11.9196 -3.23388 -2.83219
   vertex -11.9196 -3.23388 -3.34619
  endloop
 endfacet
 facet normal -0.923921 -0.382583       -0
  outer loop
   vertex -10.7026 -6.17288 -2.74019
   vertex -11.9196 -3.23388 -3.34619
   vertex -10.7026 -6.17288 -3.25419
  endloop
 endfacet
 facet normal 0.793196 -0.608966        0
  outer loop
   vertex  8.46637 -8.69588 -4.81819
   vertex  10.4034 -6.17288 -4.72619
   vertex  10.4034 -6.17288 -4.21319
  endloop
 endfacet
 facet normal 0.793196 -0.608966        0
  outer loop
   vertex  8.46637 -8.69588 -4.81819
   vertex  10.4034 -6.17288 -4.21319
   vertex  8.46637 -8.69588 -4.30519
  endloop
 endfacet
 facet normal -0.385717  0.32758 0.862504
  outer loop
   vertex -11.7546  6.62112 -4.32319
   vertex -10.7026  6.01412 -3.62219
   vertex -8.76563  8.53712 -3.71419
  endloop
 endfacet
 facet normal -0.383291 0.322891 0.865349
  outer loop
   vertex -11.7546  6.62112 -4.32319
   vertex -8.76563  8.53712 -3.71419
   vertex -9.62463  9.39612 -4.41519
  endloop
 endfacet
 facet normal 0.500135 0.865947       -0
  outer loop
   vertex  7.26037  9.57812  2.35281
   vertex  6.65437  9.92812  2.93981
   vertex  7.26037  9.57812  4.25481
  endloop
 endfacet
 facet normal 0.707105 0.707108       -0
  outer loop
   vertex  7.26037  9.57812  2.35281
   vertex  7.26037  9.57812  4.25481
   vertex  7.75537  9.08312  2.89981
  endloop
 endfacet
 facet normal 0.489218 -0.213763  0.84556
  outer loop
   vertex  11.0964 -4.73788  4.25481
   vertex  6.45029 -2.44325  7.52301
   vertex  6.17497 -3.07335  7.52301
  endloop
 endfacet
 facet normal        0        0       -1
  outer loop
   vertex  5.50647   0.9641  23.1033
   vertex    6.693 0.843214  23.1033
   vertex  6.74397 0.161768  23.1033
  endloop
 endfacet
 facet normal        0        0       -1
  outer loop
   vertex  5.50647   0.9641  23.1033
   vertex  6.74397 0.161768  23.1033
   vertex  5.57911 0.352492  23.1033
  endloop
 endfacet
 facet normal 0.287924 0.415998 -0.862581
  outer loop
   vertex  9.32537  9.39612 -3.05119
   vertex  8.46637  8.53712 -3.75219
   vertex  5.94337  10.4741 -3.66019
  endloop
 endfacet
 facet normal 0.286845  0.41108 -0.865294
  outer loop
   vertex  9.32537  9.39612 -3.05119
   vertex  5.94337  10.4741 -3.66019
   vertex  6.55037  11.5261 -2.95919
  endloop
 endfacet
 facet normal -0.982278 -0.187429        0
  outer loop
   vertex -12.8976 -3.49588  2.55481
   vertex -13.5496 -0.0788777  2.48681
   vertex -13.5496 -0.0788777  2.19481
  endloop
 endfacet
 facet normal -0.982278 -0.187429       -0
  outer loop
   vertex -12.8976 -3.49588  2.55481
   vertex -13.5496 -0.0788777  2.19481
   vertex -12.8976 -3.49588  2.31081
  endloop
 endfacet
 facet normal -0.130647 0.991429        0
  outer loop
   vertex -0.149626  13.3211  1.93481
   vertex -0.149626  13.3211  1.64181
   vertex -3.61763  12.8641  1.73381
  endloop
 endfacet
 facet normal -0.130647 0.991429        0
  outer loop
   vertex -0.149626  13.3211  1.93481
   vertex -3.61763  12.8641  1.73381
   vertex -3.61763  12.8641  2.02681
  endloop
 endfacet
 facet normal -0.415999 -0.287923 0.862581
  outer loop
   vertex -9.62463 -9.55488 -1.65419
   vertex -8.76563 -8.69588 -0.953191
   vertex -10.7026 -6.17288 -1.04519
  endloop
 endfacet
 facet normal -0.411081 -0.286844 0.865294
  outer loop
   vertex -9.62463 -9.55488 -1.65419
   vertex -10.7026 -6.17288 -1.04519
   vertex -11.7546 -6.77988 -1.74619
  endloop
 endfacet
 facet normal -0.493544 -0.0879657 -0.865261
  outer loop
   vertex -11.9196 -3.23388 -0.623193
   vertex -13.0926 -3.54788 0.0778074
   vertex -13.5496 -0.0788777 -0.0141916
  endloop
 endfacet
 facet normal -0.498204 -0.0909495 -0.862277
  outer loop
   vertex -11.9196 -3.23388 -0.623193
   vertex -13.5496 -0.0788777 -0.0141916
   vertex -12.3346 -0.0788777 -0.716191
  endloop
 endfacet
 facet normal -0.170305 0.476482 0.862532
  outer loop
   vertex -6.84963  11.5261 -4.50719
   vertex -6.24263  10.4741 -3.80619
   vertex -3.30363  11.6911 -3.89819
  endloop
 endfacet
 facet normal -0.170538 0.471436 0.865254
  outer loop
   vertex -6.84963  11.5261 -4.50719
   vertex -3.30363  11.6911 -3.89819
   vertex -3.61763  12.8641 -4.59919
  endloop
 endfacet
 facet normal -0.0206629 0.0206862 0.999572
  outer loop
   vertex -8.05463 -9.24188  4.00381
   vertex -9.31163 -7.98488  3.95181
   vertex -8.76563 -8.69588  3.97781
  endloop
 endfacet
 facet normal -0.355967 -0.352795 -0.865346
  outer loop
   vertex -10.0896 -6.99988  2.04481
   vertex -9.19563 -9.12588  2.54381
   vertex -10.7026 -6.17288  1.95981
  endloop
 endfacet
 facet normal -0.355984 -0.35249 -0.865463
  outer loop
   vertex -9.80663 -7.48988  2.12881
   vertex -9.31163 -7.98488  2.12681
   vertex -9.19563 -9.12588  2.54381
  endloop
 endfacet
 facet normal -0.354405 -0.352557 -0.866084
  outer loop
   vertex -8.76563 -8.69588  2.19281
   vertex -9.19563 -9.12588  2.54381
   vertex -9.31163 -7.98488  2.12681
  endloop
 endfacet
 facet normal -0.349992 -0.351022 -0.868498
  outer loop
   vertex -9.80663 -7.48988  2.12881
   vertex -9.19563 -9.12588  2.54381
   vertex -10.0896 -6.99988  2.04481
  endloop
 endfacet
 facet normal -0.366297 -0.356879 -0.859339
  outer loop
   vertex -10.7026 -6.17288  1.95981
   vertex -9.19563 -9.12588  2.54381
   vertex -11.4036 -6.57788  2.42681
  endloop
 endfacet
 facet normal 0.828838 0.559488        0
  outer loop
   vertex  10.7534  6.21612 -7.36519
   vertex  10.7534  6.21612 -7.46319
   vertex  8.89637  8.96712 -7.39519
  endloop
 endfacet
 facet normal 0.828838 0.559488        0
  outer loop
   vertex  10.7534  6.21612 -7.36519
   vertex  8.89637  8.96712 -7.39519
   vertex  8.89637  8.96712 -7.24919
  endloop
 endfacet
 facet normal -0.391652 -0.316331 0.864027
  outer loop
   vertex -9.19563 -9.12588  2.68981
   vertex -9.80663 -7.48988  3.01181
   vertex -11.4036 -6.57788  2.62181
  endloop
 endfacet
 facet normal 0.793261 0.608882        0
  outer loop
   vertex  11.4554  6.62112 -5.35219
   vertex  9.32537  9.39612 -5.26019
   vertex  9.32537  9.39612 -4.96719
  endloop
 endfacet
 facet normal 0.793261 0.608882       -0
  outer loop
   vertex  11.4554  6.62112 -5.35219
   vertex  9.32537  9.39612 -4.96719
   vertex  11.4554  6.62112 -5.05919
  endloop
 endfacet
 facet normal -0.793261 -0.608882        0
  outer loop
   vertex -9.62463 -9.55488 0.553809
   vertex -11.7546 -6.77988 0.461806
   vertex -11.7546 -6.77988 0.169806
  endloop
 endfacet
 facet normal -0.793261 -0.608882       -0
  outer loop
   vertex -9.62463 -9.55488 0.553809
   vertex -11.7546 -6.77988 0.169806
   vertex -9.62463 -9.55488 0.261809
  endloop
 endfacet
 facet normal -0.793261 0.608881        0
  outer loop
   vertex -9.62463  9.39612  1.91781
   vertex -11.7546  6.62112  2.00981
   vertex -11.7546  6.62112  2.30281
  endloop
 endfacet
 facet normal -0.793261 0.608881        0
  outer loop
   vertex -9.62463  9.39612  1.91781
   vertex -11.7546  6.62112  2.30281
   vertex -9.62463  9.39612  2.21081
  endloop
 endfacet
 facet normal 0.608966 -0.793196        0
  outer loop
   vertex  5.94337 -10.6329 -4.39719
   vertex  5.94337 -10.6329 -4.91019
   vertex  8.46637 -8.69588 -4.81819
  endloop
 endfacet
 facet normal 0.608966 -0.793196        0
  outer loop
   vertex  5.94337 -10.6329 -4.39719
   vertex  8.46637 -8.69588 -4.81819
   vertex  8.46637 -8.69588 -4.30519
  endloop
 endfacet
 facet normal -0.322891 -0.383291 0.865349
  outer loop
   vertex -8.76563 -8.69588 -3.16219
   vertex -9.62463 -9.55488 -3.86319
   vertex -6.84963 -11.6849 -3.77119
  endloop
 endfacet
 facet normal -0.32758 -0.385717 0.862504
  outer loop
   vertex -8.76563 -8.69588 -3.16219
   vertex -6.84963 -11.6849 -3.77119
   vertex -6.24263 -10.6329 -3.07019
  endloop
 endfacet
 facet normal -0.923921 0.382583        0
  outer loop
   vertex -10.7026  6.01412 -1.41319
   vertex -11.9196  3.07512 -1.32119
   vertex -11.9196  3.07512 -0.80819
  endloop
 endfacet
 facet normal -0.923921 0.382583        0
  outer loop
   vertex -10.7026  6.01412 -1.41319
   vertex -11.9196  3.07512 -0.80819
   vertex -10.7026  6.01412 -0.900193
  endloop
 endfacet
 facet normal 0.412237 0.284933 0.865375
  outer loop
   vertex  8.46637  8.53712 0.150809
   vertex  10.4034  6.01412 0.0588064
   vertex  11.4554  6.62112 -0.642194
  endloop
 endfacet
 facet normal 0.414506 0.289557 0.862752
  outer loop
   vertex  8.46637  8.53712 0.150809
   vertex  11.4554  6.62112 -0.642194
   vertex  9.32537  9.39612 -0.550191
  endloop
 endfacet
 facet normal 0.499517 0.866304        0
  outer loop
   vertex  5.11537  10.8171 -6.59919
   vertex  4.50837  11.1671 -6.60119
   vertex  4.50837  11.1671 -6.23719
  endloop
 endfacet
 facet normal 0.499517 0.866304       -0
  outer loop
   vertex  5.11537  10.8171 -6.59919
   vertex  4.50837  11.1671 -6.23719
   vertex  5.11537  10.8171 -6.23719
  endloop
 endfacet
 facet normal        0        1        0
  outer loop
   vertex 0.739374  11.9891 -6.26419
   vertex 0.739374  11.9891 -6.23719
   vertex  1.43937  11.9891 -6.23719
  endloop
 endfacet
 facet normal       -0        1        0
  outer loop
   vertex 0.739374  11.9891 -6.26419
   vertex  1.43937  11.9891 -6.23719
   vertex  1.43937  11.9891 -6.36819
  endloop
 endfacet
 facet normal -0.172276 -0.47546 -0.862704
  outer loop
   vertex -3.61763 -13.0229 -1.76319
   vertex -6.84963 -11.6849 -1.85519
   vertex -6.24263 -10.6329 -2.55619
  endloop
 endfacet
 facet normal -0.168387 -0.472061 -0.865335
  outer loop
   vertex -3.61763 -13.0229 -1.76319
   vertex -6.24263 -10.6329 -2.55619
   vertex -3.30363 -11.8499 -2.46419
  endloop
 endfacet
 facet normal        0        0        1
  outer loop
   vertex  3.83237  11.3481 -6.23719
   vertex  5.11537  10.8171 -6.23719
   vertex  4.50837  11.1671 -6.23719
  endloop
 endfacet
 facet normal -0.49804 -0.867013 -0.0156612
  outer loop
   vertex -4.82595 -11.2942 -8.04519
   vertex -4.80763 -11.3259 -6.87519
   vertex -5.41463 -10.9759 -6.94819
  endloop
 endfacet
 facet normal 0.415998 -0.287924 -0.86258
  outer loop
   vertex  9.32537 -9.55488 0.813807
   vertex  8.46637 -8.69588 0.112807
   vertex  10.4034 -6.17288 0.204806
  endloop
 endfacet
 facet normal  0.41108 -0.286845 -0.865294
  outer loop
   vertex  9.32537 -9.55488 0.813807
   vertex  10.4034 -6.17288 0.204806
   vertex  11.4554 -6.77988 0.905807
  endloop
 endfacet
 facet normal 0.608839 0.793293 -0.000688857
  outer loop
   vertex  6.65437  9.92812 -6.23719
   vertex  5.94337  10.4741 -5.86919
   vertex  7.75537  9.08312 -6.23719
  endloop
 endfacet
 facet normal 0.382713 -0.923867        0
  outer loop
   vertex  3.83237 -11.5069  2.16281
   vertex  3.00437 -11.8499  2.13681
   vertex  3.00437 -11.8499  1.62381
  endloop
 endfacet
 facet normal 0.382713 -0.923867        0
  outer loop
   vertex  3.83237 -11.5069  2.16281
   vertex  3.00437 -11.8499  1.62381
   vertex  3.83237 -11.5069  2.04481
  endloop
 endfacet
 facet normal        0        0        1
  outer loop
   vertex  7.75537  9.08312 -6.23719
   vertex  7.26037  9.57812 -6.23719
   vertex  6.65437  9.92812 -6.23719
  endloop
 endfacet
 facet normal -0.258642 -0.965973        0
  outer loop
   vertex -4.13163 -11.5069  2.59381
   vertex -4.80763 -11.3259  2.59481
   vertex -4.80763 -11.3259  2.04481
  endloop
 endfacet
 facet normal -0.258642 -0.965973       -0
  outer loop
   vertex -4.13163 -11.5069  2.59381
   vertex -4.80763 -11.3259  2.04481
   vertex -4.13163 -11.5069  2.04481
  endloop
 endfacet
 facet normal -0.923954 -0.382503        0
  outer loop
   vertex -13.0926 -3.54788 0.0778074
   vertex -11.7546 -6.77988 0.169806
   vertex -11.7546 -6.77988 0.461806
  endloop
 endfacet
 facet normal -0.923954 -0.382503        0
  outer loop
   vertex -13.0926 -3.54788 0.0778074
   vertex -11.7546 -6.77988 0.461806
   vertex -13.0926 -3.54788 0.369807
  endloop
 endfacet
 facet normal -0.289889 0.414923 0.862441
  outer loop
   vertex -6.84963  11.5261 -6.71619
   vertex -9.62463  9.39612 -6.62419
   vertex -8.76563  8.53712 -5.92219
  endloop
 endfacet
 facet normal -0.285269 0.412658 0.865064
  outer loop
   vertex -6.84963  11.5261 -6.71619
   vertex -8.76563  8.53712 -5.92219
   vertex -6.24263  10.4741 -6.01419
  endloop
 endfacet
 facet normal 0.865949 0.500133        0
  outer loop
   vertex  9.85737  6.72512 -7.71119
   vertex  9.85737  6.72512 -8.04519
   vertex  9.50737  7.33112 -8.04519
  endloop
 endfacet
 facet normal 0.865949 0.500133        0
  outer loop
   vertex  9.85737  6.72512 -7.71119
   vertex  9.50737  7.33112 -8.04519
   vertex  9.50737  7.33112 -7.66819
  endloop
 endfacet
 facet normal -0.386145 -0.327897 -0.862192
  outer loop
   vertex -11.7546 -6.77988 -4.24719
   vertex -10.7026 -6.17288 -4.94919
   vertex -8.76563 -8.69588 -4.85719
  endloop
 endfacet
 facet normal -0.383724 -0.323213 -0.865037
  outer loop
   vertex -11.7546 -6.77988 -4.24719
   vertex -8.76563 -8.69588 -4.85719
   vertex -9.62463 -9.55488 -4.15519
  endloop
 endfacet
 facet normal -0.433508 -0.248477 -0.866216
  outer loop
   vertex -11.9196 -3.23388  1.72581
   vertex -10.7026 -6.17288  1.95981
   vertex -11.4036 -6.57788  2.42681
  endloop
 endfacet
 facet normal -0.447142 -0.249085 -0.859081
  outer loop
   vertex -11.9196 -3.23388  1.72581
   vertex -11.4036 -6.57788  2.42681
   vertex -12.8976 -3.49588  2.31081
  endloop
 endfacet
 facet normal -0.906539 -0.422121        0
  outer loop
   vertex -6.39023 -2.59629    7.523
   vertex -6.09997 -3.21965    7.523
   vertex -6.09997 -3.21965       10
  endloop
 endfacet
 facet normal -0.906539 -0.422121        0
  outer loop
   vertex -6.39023 -2.59629    7.523
   vertex -6.09997 -3.21965       10
   vertex -6.39023 -2.59629       10
  endloop
 endfacet
 facet normal 0.608974  0.79319 0.000367456
  outer loop
   vertex  8.46637  8.53712 -5.96119
   vertex  7.75537  9.08312 -6.23719
   vertex  5.94337  10.4741 -5.86919
  endloop
 endfacet
 facet normal 0.965974  0.25864        0
  outer loop
   vertex  11.7374  2.18612 -6.23719
   vertex  11.9184  1.51012 -6.23719
   vertex  11.9184  1.51012 -7.53619
  endloop
 endfacet
 facet normal 0.965974  0.25864        0
  outer loop
   vertex  11.7374  2.18612 -6.23719
   vertex  11.9184  1.51012 -7.53619
   vertex  11.7374  2.18612 -7.43119
  endloop
 endfacet
 facet normal 0.608881 0.793261        0
  outer loop
   vertex  9.32537  9.39612 -2.75919
   vertex  9.32537  9.39612 -3.05119
   vertex  6.55037  11.5261 -2.95919
  endloop
 endfacet
 facet normal 0.608881 0.793261        0
  outer loop
   vertex  9.32537  9.39612 -2.75919
   vertex  6.55037  11.5261 -2.95919
   vertex  6.55037  11.5261 -2.66719
  endloop
 endfacet
 facet normal -0.471797 0.252564 -0.84476
  outer loop
   vertex  4.04566 -1.81601  7.52301
   vertex  8.88037 -3.71588  4.25481
   vertex  8.00137 -5.35788  4.25481
  endloop
 endfacet
 facet normal -0.474055 0.249669 -0.844356
  outer loop
   vertex  4.04566 -1.81601  7.52301
   vertex  8.00137 -5.35788  4.25481
   vertex  3.78615 -2.30875  7.52301
  endloop
 endfacet
 facet normal 0.170538 0.471436 -0.865254
  outer loop
   vertex  3.00437  11.6911 -5.77719
   vertex  3.31837  12.8641 -5.07619
   vertex  6.55037  11.5261 -5.16819
  endloop
 endfacet
 facet normal 0.170305 0.476482 -0.862532
  outer loop
   vertex  3.00437  11.6911 -5.77719
   vertex  6.55037  11.5261 -5.16819
   vertex  5.94337  10.4741 -5.86919
  endloop
 endfacet
 facet normal -0.0437352 -0.50439 -0.862368
  outer loop
   vertex -0.149626 -13.4809 -3.87919
   vertex -3.61763 -13.0229 -3.97119
   vertex -3.30363 -11.8499 -4.67319
  endloop
 endfacet
 facet normal -0.0404904 -0.499559 -0.865333
  outer loop
   vertex -0.149626 -13.4809 -3.87919
   vertex -3.30363 -11.8499 -4.67319
   vertex -0.149626 -12.2649 -4.58119
  endloop
 endfacet
 facet normal -0.416416 -0.288255 0.862269
  outer loop
   vertex -9.62463 -9.55488 0.553809
   vertex -8.76563 -8.69588  1.25581
   vertex -10.7026 -6.17288  1.16381
  endloop
 endfacet
 facet normal -0.411502 -0.287178 0.864983
  outer loop
   vertex -9.62463 -9.55488 0.553809
   vertex -10.7026 -6.17288  1.16381
   vertex -11.7546 -6.77988 0.461806
  endloop
 endfacet
 facet normal 0.608882 -0.793261        0
  outer loop
   vertex  9.32537 -9.55488 -5.51919
   vertex  6.55037 -11.6849 -5.61119
   vertex  6.55037 -11.6849 -5.90419
  endloop
 endfacet
 facet normal 0.608882 -0.793261        0
  outer loop
   vertex  9.32537 -9.55488 -5.51919
   vertex  6.55037 -11.6849 -5.90419
   vertex  9.32537 -9.55488 -5.81219
  endloop
 endfacet
 facet normal 0.608966 0.793196        0
  outer loop
   vertex  8.46637  8.53712 -4.26619
   vertex  5.94337  10.4741 -4.17419
   vertex  5.94337  10.4741 -3.66019
  endloop
 endfacet
 facet normal 0.608966 0.793196       -0
  outer loop
   vertex  8.46637  8.53712 -4.26619
   vertex  5.94337  10.4741 -3.66019
   vertex  8.46637  8.53712 -3.75219
  endloop
 endfacet
 facet normal -0.881743 -0.47173        0
  outer loop
   vertex  8.88037  3.55812 -8.04519
   vertex  8.88037  3.55812  4.25481
   vertex  8.00137  5.20112  4.25481
  endloop
 endfacet
 facet normal -0.881743 -0.47173        0
  outer loop
   vertex  8.88037  3.55812 -8.04519
   vertex  8.00137  5.20112  4.25481
   vertex  8.00137  5.20112 -8.04519
  endloop
 endfacet
 facet normal -0.991429 0.130647        0
  outer loop
   vertex -13.5496 -0.0788777  2.19481
   vertex -13.5496 -0.0788777  2.48681
   vertex -13.0926  3.38912  2.39481
  endloop
 endfacet
 facet normal -0.991429 0.130647        0
  outer loop
   vertex -13.5496 -0.0788777  2.19481
   vertex -13.0926  3.38912  2.39481
   vertex -13.0926  3.38912  2.10281
  endloop
 endfacet
 facet normal 0.382713 -0.923867        0
  outer loop
   vertex  5.94337 -10.6329  2.22881
   vertex  5.11537 -10.9759  2.20281
   vertex  5.11537 -10.9759  2.04481
  endloop
 endfacet
 facet normal 0.382713 -0.923867        0
  outer loop
   vertex  5.94337 -10.6329  2.22881
   vertex  5.11537 -10.9759  2.04481
   vertex  5.94337 -10.6329  1.71581
  endloop
 endfacet
 facet normal -0.389712 -0.316303 0.864915
  outer loop
   vertex -9.31163 -7.98488  3.05481
   vertex -9.19563 -9.12588  2.68981
   vertex -8.76563 -8.69588  3.04081
  endloop
 endfacet
 facet normal -0.296264 -0.407256 0.863927
  outer loop
   vertex -6.44463 -10.9829  2.75781
   vertex -7.55963 -9.73688  2.96281
   vertex -9.19563 -9.12588  2.68981
  endloop
 endfacet
 facet normal -0.391312 -0.316241 0.864214
  outer loop
   vertex -9.80663 -7.48988  3.01181
   vertex -9.19563 -9.12588  2.68981
   vertex -9.31163 -7.98488  3.05481
  endloop
 endfacet
 facet normal -0.793122 -0.609063        0
  outer loop
   vertex -9.31163 -7.98488  3.05481
   vertex -8.76563 -8.69588  3.04081
   vertex -8.76563 -8.69588  3.97781
  endloop
 endfacet
 facet normal -0.793122 -0.609063        0
  outer loop
   vertex -9.31163 -7.98488  3.05481
   vertex -8.76563 -8.69588  3.97781
   vertex -9.31163 -7.98488  3.95181
  endloop
 endfacet
 facet normal -0.250232 -0.430666 -0.867128
  outer loop
   vertex -8.05463 -9.24188  2.25881
   vertex -7.55963 -9.73688  2.36181
   vertex -8.76563 -8.69588  2.19281
  endloop
 endfacet
 facet normal -0.260235 -0.440932 -0.858986
  outer loop
   vertex -7.55963 -9.73688  2.36181
   vertex -9.19563 -9.12588  2.54381
   vertex -8.76563 -8.69588  2.19281
  endloop
 endfacet
 facet normal -0.296508 -0.40825 0.863374
  outer loop
   vertex -8.05463 -9.24188  3.02681
   vertex -8.76563 -8.69588  3.04081
   vertex -9.19563 -9.12588  2.68981
  endloop
 endfacet
 facet normal -0.296512 -0.408145 0.863423
  outer loop
   vertex -8.05463 -9.24188  3.02681
   vertex -9.19563 -9.12588  2.68981
   vertex -7.55963 -9.73688  2.96281
  endloop
 endfacet
 facet normal -0.609064 -0.793121        0
  outer loop
   vertex -8.05463 -9.24188  2.04481
   vertex -8.76563 -8.69588  2.19281
   vertex -8.76563 -8.69588  1.25581
  endloop
 endfacet
 facet normal -0.609064 -0.793121       -0
  outer loop
   vertex -8.05463 -9.24188  2.25881
   vertex -8.76563 -8.69588  2.19281
   vertex -8.05463 -9.24188  2.04481
  endloop
 endfacet
 facet normal 0.172488 0.475949 -0.862392
  outer loop
   vertex  3.31837  12.8641 -0.658193
   vertex  6.55037  11.5261 -0.750192
   vertex  5.94337  10.4741 -1.45219
  endloop
 endfacet
 facet normal 0.168601 0.472554 -0.865024
  outer loop
   vertex  3.31837  12.8641 -0.658193
   vertex  5.94337  10.4741 -1.45219
   vertex  3.00437  11.6911 -1.36019
  endloop
 endfacet
 facet normal -0.60884 -0.793293 -0.000320421
  outer loop
   vertex -6.95363 -10.0869  2.04481
   vertex -8.05463 -9.24188  2.04481
   vertex -8.76563 -8.69588  1.25581
  endloop
 endfacet
 facet normal -0.793122 -0.609063       -0
  outer loop
   vertex -9.31163 -7.98488  2.12681
   vertex -9.31163 -7.98488  2.04481
   vertex -8.76563 -8.69588  2.19281
  endloop
 endfacet
 facet normal -0.60897 -0.793194 0.000152413
  outer loop
   vertex -8.76563 -8.69588  1.25581
   vertex -6.24263 -10.6329  1.34781
   vertex -6.95363 -10.0869  2.04481
  endloop
 endfacet
 facet normal -0.79362 -0.608413 -0.00093121
  outer loop
   vertex -9.31163 -7.98488  2.04481
   vertex -9.99163 -7.09788  2.04481
   vertex -8.76563 -8.69588  1.25581
  endloop
 endfacet
 facet normal        0        0       -1
  outer loop
   vertex -9.31163 -7.98488  2.04481
   vertex -9.80663 -7.48988  2.04481
   vertex -9.99163 -7.09788  2.04481
  endloop
 endfacet
 facet normal -0.793122 -0.609063        0
  outer loop
   vertex -8.76563 -8.69588  1.25581
   vertex -8.76563 -8.69588  2.19281
   vertex -9.31163 -7.98488  2.04481
  endloop
 endfacet
 facet normal -0.416416 -0.288255 0.862269
  outer loop
   vertex -9.62463 -9.55488 -6.07219
   vertex -8.76563 -8.69588 -5.37019
   vertex -10.7026 -6.17288 -5.46219
  endloop
 endfacet
 facet normal -0.411502 -0.287178 0.864983
  outer loop
   vertex -9.62463 -9.55488 -6.07219
   vertex -10.7026 -6.17288 -5.46219
   vertex -11.7546 -6.77988 -6.16419
  endloop
 endfacet
 facet normal -0.793196 0.608966        0
  outer loop
   vertex -8.76563  8.53712 -3.71419
   vertex -10.7026  6.01412 -3.62219
   vertex -10.7026  6.01412 -3.10819
  endloop
 endfacet
 facet normal -0.793196 0.608966        0
  outer loop
   vertex -8.76563  8.53712 -3.71419
   vertex -10.7026  6.01412 -3.10819
   vertex -8.76563  8.53712 -3.20019
  endloop
 endfacet
 facet normal 0.793261 -0.608882        0
  outer loop
   vertex  11.4554 -6.77988 -1.01019
   vertex  9.32537 -9.55488 -1.10219
   vertex  9.32537 -9.55488 -1.39519
  endloop
 endfacet
 facet normal 0.793261 -0.608882        0
  outer loop
   vertex  11.4554 -6.77988 -1.01019
   vertex  9.32537 -9.55488 -1.39519
   vertex  11.4554 -6.77988 -1.30319
  endloop
 endfacet
 facet normal -0.386966 -0.325624 -0.862685
  outer loop
   vertex -9.62463 -9.55488 0.261809
   vertex -11.7546 -6.77988 0.169806
   vertex -10.7026 -6.17288 -0.531194
  endloop
 endfacet
 facet normal -0.38167 -0.324581 -0.865434
  outer loop
   vertex -9.62463 -9.55488 0.261809
   vertex -10.7026 -6.17288 -0.531194
   vertex -8.76563 -8.69588 -0.439191
  endloop
 endfacet
 facet normal -0.130928 -0.991392        0
  outer loop
   vertex -3.61763 -13.0229 -6.18019
   vertex -0.149626 -13.4809 -6.08819
   vertex -0.149626 -13.4809 -5.79619
  endloop
 endfacet
 facet normal -0.130928 -0.991392        0
  outer loop
   vertex -3.61763 -13.0229 -6.18019
   vertex -0.149626 -13.4809 -5.79619
   vertex -3.61763 -13.0229 -5.88819
  endloop
 endfacet
 facet normal -0.32289 0.383291 -0.865349
  outer loop
   vertex -8.76563  8.53712  1.21681
   vertex -9.62463  9.39612  1.91781
   vertex -6.84963  11.5261  1.82581
  endloop
 endfacet
 facet normal -0.32758 0.385717 -0.862504
  outer loop
   vertex -8.76563  8.53712  1.21681
   vertex -6.84963  11.5261  1.82581
   vertex -6.24263  10.4741  1.12481
  endloop
 endfacet
 facet normal 0.187482 0.982268        0
  outer loop
   vertex -0.149626  13.3211 -6.90019
   vertex  3.26637  12.6691 -7.01619
   vertex  3.26637  12.6691 -7.26019
  endloop
 endfacet
 facet normal 0.187482 0.982268        0
  outer loop
   vertex -0.149626  13.3211 -6.90019
   vertex  3.26637  12.6691 -7.26019
   vertex -0.149626  13.3211 -7.19219
  endloop
 endfacet
 facet normal 0.130928 -0.991392        0
  outer loop
   vertex -0.149626 -13.4809 -1.67119
   vertex  3.31837 -13.0229 -1.57919
   vertex  3.31837 -13.0229 -1.28619
  endloop
 endfacet
 facet normal 0.130928 -0.991392        0
  outer loop
   vertex -0.149626 -13.4809 -1.67119
   vertex  3.31837 -13.0229 -1.28619
   vertex -0.149626 -13.4809 -1.37819
  endloop
 endfacet
 facet normal 0.472113 -0.168649 -0.865255
  outer loop
   vertex  11.2774 -4.06188 -6.35519
   vertex  12.7934 -3.54788 -5.62819
   vertex  11.0964 -4.73788 -6.32219
  endloop
 endfacet
 facet normal 0.472061 -0.168383 -0.865335
  outer loop
   vertex  11.2774 -4.06188 -6.35519
   vertex  11.6204 -3.23388 -6.32919
   vertex  12.7934 -3.54788 -5.62819
  endloop
 endfacet
 facet normal 0.609064 -0.793121        0
  outer loop
   vertex  8.46637 -8.69588  2.32081
   vertex  7.75537 -9.24188  2.29581
   vertex  7.75537 -9.24188  2.04481
  endloop
 endfacet
 facet normal 0.609064 -0.793121        0
  outer loop
   vertex  8.46637 -8.69588  2.32081
   vertex  7.75537 -9.24188  2.04481
   vertex  8.46637 -8.69588  1.80781
  endloop
 endfacet
 facet normal 0.417103  0.34084 0.842528
  outer loop
   vertex  9.50737  7.33112  4.25481
   vertex  5.11687   4.6253  7.52301
   vertex  5.55197  4.09284  7.52301
  endloop
 endfacet
 facet normal 0.00760399 0.0282342 -0.999572
  outer loop
   vertex  11.7374 -2.34488 -6.30319
   vertex  11.6204 -3.23388 -6.32919
   vertex  11.2774 -4.06188 -6.35519
  endloop
 endfacet
 facet normal 0.0145888 0.0253453 -0.999572
  outer loop
   vertex  9.85737 -6.88388 -6.44719
   vertex  10.7464 -5.34488 -6.39519
   vertex  10.4034 -6.17288 -6.42119
  endloop
 endfacet
 facet normal 0.476486 -0.170299 -0.862531
  outer loop
   vertex  11.4554 -6.77988 -5.72019
   vertex  10.4034 -6.17288 -6.42119
   vertex  10.7464 -5.34488 -6.39519
  endloop
 endfacet
 facet normal 0.475944 -0.170672 -0.862756
  outer loop
   vertex  10.7464 -5.34488 -6.39519
   vertex  11.0964 -4.73788 -6.32219
   vertex  11.4554 -6.77988 -5.72019
  endloop
 endfacet
 facet normal 0.473531 -0.171443 -0.863931
  outer loop
   vertex  12.7934 -3.54788 -5.62819
   vertex  11.4554 -6.77988 -5.72019
   vertex  11.0964 -4.73788 -6.32219
  endloop
 endfacet
 facet normal 0.793261 -0.608882        0
  outer loop
   vertex  9.32537 -9.55488 0.813807
   vertex  11.4554 -6.77988 0.905807
   vertex  11.4554 -6.77988  1.19881
  endloop
 endfacet
 facet normal 0.793261 -0.608882        0
  outer loop
   vertex  9.32537 -9.55488 0.813807
   vertex  11.4554 -6.77988  1.19881
   vertex  9.32537 -9.55488  1.10681
  endloop
 endfacet
 facet normal 0.412239 -0.28493 -0.865375
  outer loop
   vertex  10.4034 -6.17288 -6.42119
   vertex  11.4554 -6.77988 -5.72019
   vertex  9.85737 -6.88388 -6.44719
  endloop
 endfacet
 facet normal -0.216437 -0.457488 0.862473
  outer loop
   vertex -3.61763 -13.0229 -1.47019
   vertex -3.30363 -11.8499 -0.769193
   vertex -6.24263 -10.6329 -0.861192
  endloop
 endfacet
 facet normal -0.212559 -0.453949 0.865303
  outer loop
   vertex -3.61763 -13.0229 -1.47019
   vertex -6.24263 -10.6329 -0.861192
   vertex -6.84963 -11.6849 -1.56219
  endloop
 endfacet
 facet normal  0.41222 -0.285196 -0.865296
  outer loop
   vertex  11.4554 -6.77988 -5.72019
   vertex  9.50737 -7.48988 -6.41419
   vertex  9.85737 -6.88388 -6.44719
  endloop
 endfacet
 facet normal 0.412865 -0.288259 -0.863973
  outer loop
   vertex  9.50737 -7.48988 -6.41419
   vertex  11.4554 -6.77988 -5.72019
   vertex  9.32537 -9.55488 -5.81219
  endloop
 endfacet
 facet normal -0.32758 0.385717 -0.862504
  outer loop
   vertex -6.84963  11.5261 -2.59119
   vertex -6.24263  10.4741 -3.29219
   vertex -8.76563  8.53712 -3.20019
  endloop
 endfacet
 facet normal -0.32289 0.383291 -0.865349
  outer loop
   vertex -6.84963  11.5261 -2.59119
   vertex -8.76563  8.53712 -3.20019
   vertex -9.62463  9.39612 -2.49919
  endloop
 endfacet
 facet normal 0.819409 -0.573209 3.50401e-08
  outer loop
   vertex -3.78616  2.30875  7.52301
   vertex -3.46694  2.76507  7.52301
   vertex -3.46694  2.76507     35.4
  endloop
 endfacet
 facet normal  0.81941 -0.573209 2.80321e-08
  outer loop
   vertex -3.78616  2.30875  7.52301
   vertex -3.46694  2.76507     35.4
   vertex -3.78616  2.30875     35.4
  endloop
 endfacet
 facet normal 0.327897 -0.386145 -0.862192
  outer loop
   vertex  6.55037 -11.6849 -3.69519
   vertex  5.94337 -10.6329 -4.39719
   vertex  8.46637 -8.69588 -4.30519
  endloop
 endfacet
 facet normal 0.323212 -0.383723 -0.865038
  outer loop
   vertex  6.55037 -11.6849 -3.69519
   vertex  8.46637 -8.69588 -4.30519
   vertex  9.32537 -9.55488 -3.60319
  endloop
 endfacet
 facet normal 0.793196 0.608966        0
  outer loop
   vertex  8.46637  8.53712 0.664809
   vertex  10.4034  6.01412 0.572806
   vertex  10.4034  6.01412 0.0588064
  endloop
 endfacet
 facet normal 0.793196 0.608966        0
  outer loop
   vertex  8.46637  8.53712 0.664809
   vertex  10.4034  6.01412 0.0588064
   vertex  8.46637  8.53712 0.150809
  endloop
 endfacet
 facet normal -0.499284 0.0428372 -0.865379
  outer loop
   vertex -12.3346 -0.0788777 -2.92419
   vertex -13.5496 -0.0788777 -2.22319
   vertex -13.0926  3.38912 -2.31519
  endloop
 endfacet
 facet normal -0.504401 0.0412108 -0.862486
  outer loop
   vertex -12.3346 -0.0788777 -2.92419
   vertex -13.0926  3.38912 -2.31519
   vertex -11.9196  3.07512 -3.01619
  endloop
 endfacet
 facet normal 0.416416 0.288255 0.862268
  outer loop
   vertex  9.32537  9.39612 -2.75919
   vertex  8.46637  8.53712 -2.05719
   vertex  10.4034  6.01412 -2.14919
  endloop
 endfacet
 facet normal 0.411502 0.287178 0.864983
  outer loop
   vertex  9.32537  9.39612 -2.75919
   vertex  10.4034  6.01412 -2.14919
   vertex  11.4554  6.62112 -2.85119
  endloop
 endfacet
 facet normal 0.416004 -0.287918 -0.86258
  outer loop
   vertex  9.32537 -9.55488 -5.81219
   vertex  8.46637 -8.69588 -6.51319
   vertex  9.01237 -7.98488 -6.48719
  endloop
 endfacet
 facet normal 0.415378 -0.288141 -0.862807
  outer loop
   vertex  9.01237 -7.98488 -6.48719
   vertex  9.50737 -7.48988 -6.41419
   vertex  9.32537 -9.55488 -5.81219
  endloop
 endfacet
 facet normal 0.500751 -0.865564 -0.00694976
  outer loop
   vertex  7.22445  -9.7453 -8.04519
   vertex  7.26037 -9.73688 -6.50619
   vertex  6.65437 -10.0869 -6.57919
  endloop
 endfacet
 facet normal 0.351868 0.355099  0.86608
  outer loop
   vertex  8.46637  8.53712 -6.89819
   vertex  8.89637  8.96712 -7.24919
   vertex  7.75537  9.08312 -6.83319
  endloop
 endfacet
 facet normal 0.963725 -0.266792 -0.00753055
  outer loop
   vertex  11.0615 -4.79383 -8.04519
   vertex  11.6319 -2.73369 -8.04519
   vertex  11.2774 -4.06188 -6.35519
  endloop
 endfacet
 facet normal 0.965778 -0.25913 -0.0111112
  outer loop
   vertex  11.0615 -4.79383 -8.04519
   vertex  11.2774 -4.06188 -6.35519
   vertex  11.0964 -4.73788 -6.32219
  endloop
 endfacet
 facet normal 0.500135 0.865947        0
  outer loop
   vertex  6.65437  9.92812 -6.23719
   vertex  7.26037  9.57812 -6.23719
   vertex  7.26037  9.57812 -6.83419
  endloop
 endfacet
 facet normal 0.500135 0.865947        0
  outer loop
   vertex  6.65437  9.92812 -6.23719
   vertex  7.26037  9.57812 -6.83419
   vertex  6.65437  9.92812 -6.73119
  endloop
 endfacet
 facet normal 0.385717  0.32758 -0.862504
  outer loop
   vertex  11.4554  6.62112 -5.35219
   vertex  10.4034  6.01412 -6.05319
   vertex  8.46637  8.53712 -5.96119
  endloop
 endfacet
 facet normal 0.383291 0.322891 -0.865349
  outer loop
   vertex  11.4554  6.62112 -5.35219
   vertex  8.46637  8.53712 -5.96119
   vertex  9.32537  9.39612 -5.26019
  endloop
 endfacet
 facet normal -0.476482 -0.170305 0.862532
  outer loop
   vertex -11.7546 -6.77988 -1.74619
   vertex -10.7026 -6.17288 -1.04519
   vertex -11.9196 -3.23388 -1.13719
  endloop
 endfacet
 facet normal -0.471436 -0.170538 0.865254
  outer loop
   vertex -11.7546 -6.77988 -1.74619
   vertex -11.9196 -3.23388 -1.13719
   vertex -13.0926 -3.54788 -1.83819
  endloop
 endfacet
 facet normal 0.793293 0.608839 0.000915023
  outer loop
   vertex  8.46637  8.53712 -5.96119
   vertex  9.85737  6.72512 -6.23719
   vertex  9.01237  7.82612 -6.23719
  endloop
 endfacet
 facet normal        0        0        1
  outer loop
   vertex  9.01237  7.82612 -6.23719
   vertex  9.85737  6.72512 -6.23719
   vertex  9.50737  7.33112 -6.23719
  endloop
 endfacet
 facet normal 0.489082 0.871758 -0.0289219
  outer loop
   vertex  5.10047  10.8257 -8.04519
   vertex  4.47872  11.1745 -8.04519
   vertex  4.50837  11.1671 -7.76719
  endloop
 endfacet
 facet normal 0.499517 0.866304 -3.14671e-07
  outer loop
   vertex  5.10047  10.8257 -8.04519
   vertex  4.50837  11.1671 -7.76719
   vertex  5.11537  10.8171 -7.80919
  endloop
 endfacet
 facet normal        1        0        0
  outer loop
   vertex  11.9184 0.810122 -6.23719
   vertex  11.9184 0.810122 -7.53319
   vertex  11.9184  1.51012 -7.53619
  endloop
 endfacet
 facet normal        1       -0        0
  outer loop
   vertex  11.9184 0.810122 -6.23719
   vertex  11.9184  1.51012 -7.53619
   vertex  11.9184  1.51012 -6.23719
  endloop
 endfacet
 facet normal 0.923954 -0.382503        0
  outer loop
   vertex  12.7934 -3.54788 -5.33519
   vertex  11.4554 -6.77988 -5.42719
   vertex  11.4554 -6.77988 -5.72019
  endloop
 endfacet
 facet normal 0.923954 -0.382503        0
  outer loop
   vertex  12.7934 -3.54788 -5.33519
   vertex  11.4554 -6.77988 -5.72019
   vertex  12.7934 -3.54788 -5.62819
  endloop
 endfacet
 facet normal        0        0        1
  outer loop
   vertex  10.7464  5.18612 -6.23719
   vertex  11.2774  3.90312 -6.23719
   vertex  11.0964  4.57912 -6.23719
  endloop
 endfacet
 facet normal 0.923989 0.382415 0.00156111
  outer loop
   vertex  11.2774  3.90312 -6.23719
   vertex  10.7464  5.18612 -6.23719
   vertex  10.4034  6.01412 -6.05319
  endloop
 endfacet
 facet normal 0.793187 0.608978 -0.000530087
  outer loop
   vertex  10.4034  6.01412 -6.05319
   vertex  9.85737  6.72512 -6.23719
   vertex  8.46637  8.53712 -5.96119
  endloop
 endfacet
 facet normal -0.724138 0.689656        0
  outer loop
   vertex -4.75143  4.99997    7.523
   vertex -5.22565  4.50203    7.523
   vertex -5.22565  4.50203       10
  endloop
 endfacet
 facet normal -0.724138 0.689656        0
  outer loop
   vertex -4.75143  4.99997    7.523
   vertex -5.22565  4.50203       10
   vertex -4.75143  4.99997       10
  endloop
 endfacet
 facet normal  0.40815 0.296511 -0.86342
  outer loop
   vertex  9.50737  7.33112 -7.66819
   vertex  9.01237  7.82612 -7.73219
   vertex  8.89637  8.96712 -7.39519
  endloop
 endfacet
 facet normal 0.609064 -0.793121        0
  outer loop
   vertex  5.94337 -10.6329  1.71581
   vertex  6.65437 -10.0869  2.04481
   vertex  6.65437 -10.0869  2.25481
  endloop
 endfacet
 facet normal 0.609064 -0.793121        0
  outer loop
   vertex  5.94337 -10.6329  1.71581
   vertex  6.65437 -10.0869  2.25481
   vertex  5.94337 -10.6329  2.22881
  endloop
 endfacet
 facet normal 0.475461 -0.172276 -0.862704
  outer loop
   vertex  12.7934 -3.54788 0.997809
   vertex  11.4554 -6.77988 0.905807
   vertex  10.4034 -6.17288 0.204806
  endloop
 endfacet
 facet normal 0.472061 -0.168385 -0.865335
  outer loop
   vertex  12.7934 -3.54788 0.997809
   vertex  10.4034 -6.17288 0.204806
   vertex  11.6204 -3.23388 0.296809
  endloop
 endfacet
 facet normal 0.923921 -0.382583        0
  outer loop
   vertex  10.4034 -6.17288 -4.21319
   vertex  10.4034 -6.17288 -4.72619
   vertex  11.6204 -3.23388 -4.63419
  endloop
 endfacet
 facet normal 0.923921 -0.382583        0
  outer loop
   vertex  10.4034 -6.17288 -4.21319
   vertex  11.6204 -3.23388 -4.63419
   vertex  11.6204 -3.23388 -4.12119
  endloop
 endfacet
 facet normal -0.288255 0.416415 0.862269
  outer loop
   vertex -9.62463  9.39612 0.00180721
   vertex -8.76563  8.53712 0.703807
   vertex -6.24263  10.4741 0.611808
  endloop
 endfacet
 facet normal -0.287179 0.411502 0.864982
  outer loop
   vertex -9.62463  9.39612 0.00180721
   vertex -6.24263  10.4741 0.611808
   vertex -6.84963  11.5261 -0.0901918
  endloop
 endfacet
 facet normal -0.386161 -0.326932 -0.862552
  outer loop
   vertex -9.80663 -7.48988 -7.05919
   vertex -11.7546 -6.77988 -6.45619
   vertex -10.1566 -6.88388 -7.13219
  endloop
 endfacet
 facet normal -0.130928 -0.991392        0
  outer loop
   vertex -0.149626 -13.4809 -3.58719
   vertex -3.61763 -13.0229 -3.67919
   vertex -3.61763 -13.0229 -3.97119
  endloop
 endfacet
 facet normal -0.130928 -0.991392       -0
  outer loop
   vertex -0.149626 -13.4809 -3.58719
   vertex -3.61763 -13.0229 -3.97119
   vertex -0.149626 -13.4809 -3.87919
  endloop
 endfacet
 facet normal -0.47193  0.17075 -0.864943
  outer loop
   vertex -11.9196  3.07512 -0.80819
   vertex -13.0926  3.38912 -0.106191
   vertex -11.7546  6.62112 -0.198194
  endloop
 endfacet
 facet normal -0.476972 0.170516 -0.862219
  outer loop
   vertex -11.9196  3.07512 -0.80819
   vertex -11.7546  6.62112 -0.198194
   vertex -10.7026  6.01412 -0.900193
  endloop
 endfacet
 facet normal  0.99984 0.0179006 3.42046e-08
  outer loop
   vertex -4.42011 -0.35763  7.52301
   vertex -4.43008 0.199177  7.52301
   vertex -4.43008 0.199177     35.4
  endloop
 endfacet
 facet normal  0.99984 0.0179006 3.42046e-08
  outer loop
   vertex -4.42011 -0.35763  7.52301
   vertex -4.43008 0.199177     35.4
   vertex -4.42011 -0.35763     35.4
  endloop
 endfacet
 facet normal -0.32758 -0.385717 0.862504
  outer loop
   vertex -6.84963 -11.6849 -1.56219
   vertex -6.24263 -10.6329 -0.861192
   vertex -8.76563 -8.69588 -0.953191
  endloop
 endfacet
 facet normal -0.322891 -0.383291 0.865349
  outer loop
   vertex -6.84963 -11.6849 -1.56219
   vertex -8.76563 -8.69588 -0.953191
   vertex -9.62463 -9.55488 -1.65419
  endloop
 endfacet
 facet normal -0.0412096 0.504401 0.862485
  outer loop
   vertex -3.61763  12.8641 -4.59919
   vertex -3.30363  11.6911 -3.89819
   vertex -0.149626  12.1061 -3.99019
  endloop
 endfacet
 facet normal -0.0428361 0.499284 0.865379
  outer loop
   vertex -3.61763  12.8641 -4.59919
   vertex -0.149626  12.1061 -3.99019
   vertex -0.149626  13.3211 -4.69119
  endloop
 endfacet
 facet normal 0.608881 0.793261       -0
  outer loop
   vertex  6.55037  11.5261 -0.750192
   vertex  6.55037  11.5261 -0.458192
   vertex  9.32537  9.39612 -0.550191
  endloop
 endfacet
 facet normal 0.608881 0.793261        0
  outer loop
   vertex  6.55037  11.5261 -0.750192
   vertex  9.32537  9.39612 -0.550191
   vertex  9.32537  9.39612 -0.842191
  endloop
 endfacet
 facet normal -0.608966 0.793196        0
  outer loop
   vertex -8.76563  8.53712 -3.71419
   vertex -8.76563  8.53712 -3.20019
   vertex -6.24263  10.4741 -3.29219
  endloop
 endfacet
 facet normal -0.608966 0.793196        0
  outer loop
   vertex -8.76563  8.53712 -3.71419
   vertex -6.24263  10.4741 -3.29219
   vertex -6.24263  10.4741 -3.80619
  endloop
 endfacet
 facet normal -0.382583 0.923921        0
  outer loop
   vertex -3.30363  11.6911 -3.89819
   vertex -6.24263  10.4741 -3.80619
   vertex -6.24263  10.4741 -3.29219
  endloop
 endfacet
 facet normal -0.382583 0.923921        0
  outer loop
   vertex -3.30363  11.6911 -3.89819
   vertex -6.24263  10.4741 -3.29219
   vertex -3.30363  11.6911 -3.38419
  endloop
 endfacet
 facet normal 0.0233162 -0.0172385 -0.99958
  outer loop
   vertex -9.31163 -7.98488 -7.09119
   vertex -8.05463 -9.24188 -7.04019
   vertex -8.76563 -8.69588 -7.06619
  endloop
 endfacet
 facet normal -0.793261 0.608881        0
  outer loop
   vertex -11.7546  6.62112 -4.32319
   vertex -9.62463  9.39612 -4.41519
   vertex -9.62463  9.39612 -4.70819
  endloop
 endfacet
 facet normal -0.793261 0.608881        0
  outer loop
   vertex -11.7546  6.62112 -4.32319
   vertex -9.62463  9.39612 -4.70819
   vertex -11.7546  6.62112 -4.61619
  endloop
 endfacet
 facet normal 0.324311 -0.385201 -0.863969
  outer loop
   vertex  6.55037 -11.6849 -5.90419
   vertex  7.26037 -9.73688 -6.50619
   vertex  9.32537 -9.55488 -5.81219
  endloop
 endfacet
 facet normal 0.608882 -0.793261        0
  outer loop
   vertex  9.32537 -9.55488  1.10681
   vertex  6.55037 -11.6849  1.01481
   vertex  6.55037 -11.6849 0.721808
  endloop
 endfacet
 facet normal 0.608882 -0.793261        0
  outer loop
   vertex  9.32537 -9.55488  1.10681
   vertex  6.55037 -11.6849 0.721808
   vertex  9.32537 -9.55488 0.813807
  endloop
 endfacet
 facet normal -0.412237 -0.284933 0.865375
  outer loop
   vertex -8.76563 -8.69588 -3.16219
   vertex -10.7026 -6.17288 -3.25419
   vertex -11.7546 -6.77988 -3.95519
  endloop
 endfacet
 facet normal -0.414505 -0.289557 0.862753
  outer loop
   vertex -8.76563 -8.69588 -3.16219
   vertex -11.7546 -6.77988 -3.95519
   vertex -9.62463 -9.55488 -3.86319
  endloop
 endfacet
 facet normal -0.457983 0.216634 0.862161
  outer loop
   vertex -13.0926  3.38912 0.185809
   vertex -11.9196  3.07512 0.887809
   vertex -10.7026  6.01412 0.795806
  endloop
 endfacet
 facet normal -0.454448 0.212758 0.864992
  outer loop
   vertex -13.0926  3.38912 0.185809
   vertex -10.7026  6.01412 0.795806
   vertex -11.7546  6.62112 0.0938063
  endloop
 endfacet
 facet normal 0.531567 -0.847016        0
  outer loop
   vertex  3.37072  -6.0178    7.523
   vertex  3.95315 -5.65228    7.523
   vertex  3.95315 -5.65228       10
  endloop
 endfacet
 facet normal 0.531567 -0.847016        0
  outer loop
   vertex  3.37072  -6.0178    7.523
   vertex  3.95315 -5.65228       10
   vertex  3.37072  -6.0178       10
  endloop
 endfacet
 facet normal        0        0       -1
  outer loop
   vertex  4.25595 -5.23395  29.2516
   vertex  3.34658 -4.47785  29.2516
   vertex  3.81886 -4.08252  29.2516
  endloop
 endfacet
 facet normal        0        0       -1
  outer loop
   vertex  4.25595 -5.23395  29.2516
   vertex  3.81886 -4.08252  29.2516
   vertex  4.76362 -4.77653  29.2516
  endloop
 endfacet
 facet normal 0.324475 -0.382161 -0.865256
  outer loop
   vertex  7.75537 -9.24188 -6.53919
   vertex  9.32537 -9.55488 -5.81219
   vertex  7.26037 -9.73688 -6.50619
  endloop
 endfacet
 facet normal 0.324676 -0.381579 -0.865438
  outer loop
   vertex  8.46637 -8.69588 -6.51319
   vertex  9.32537 -9.55488 -5.81219
   vertex  7.75537 -9.24188 -6.53919
  endloop
 endfacet
 facet normal 0.020676 0.0206762 -0.999572
  outer loop
   vertex  8.46637 -8.69588 -6.51319
   vertex  7.75537 -9.24188 -6.53919
   vertex  9.01237 -7.98488 -6.48719
  endloop
 endfacet
 facet normal 0.327688 -0.385648 -0.862494
  outer loop
   vertex  5.94337 -10.6329 -6.60519
   vertex  6.65437 -10.0869 -6.57919
   vertex  6.55037 -11.6849 -5.90419
  endloop
 endfacet
 facet normal  0.32672 -0.385726 -0.862827
  outer loop
   vertex  6.55037 -11.6849 -5.90419
   vertex  6.65437 -10.0869 -6.57919
   vertex  7.26037 -9.73688 -6.50619
  endloop
 endfacet
 facet normal 0.0253451 0.0145891 -0.999572
  outer loop
   vertex  6.65437 -10.0869 -6.57919
   vertex  5.94337 -10.6329 -6.60519
   vertex  5.11537 -10.9759 -6.63119
  endloop
 endfacet
 facet normal 0.549784 0.0542666 -0.833542
  outer loop
   vertex -4.42011 -0.35763  7.52301
   vertex -9.21963 -1.93288  4.25481
   vertex -9.40263 -0.0788777  4.25481
  endloop
 endfacet
 facet normal 0.548829 0.00982593 -0.835877
  outer loop
   vertex -4.42011 -0.35763  7.52301
   vertex -9.40263 -0.0788777  4.25481
   vertex -4.43008 0.199177  7.52301
  endloop
 endfacet
 facet normal 0.500187 -0.865918 0.000264508
  outer loop
   vertex  4.50837 -11.3259  4.25481
   vertex  5.11537 -10.9759  2.20281
   vertex  6.65437 -10.0869  2.25481
  endloop
 endfacet
 facet normal 0.500031 -0.866007 4.20474e-05
  outer loop
   vertex  4.50837 -11.3259  4.25481
   vertex  6.65437 -10.0869  2.25481
   vertex  7.26037 -9.73688  4.25481
  endloop
 endfacet
 facet normal -0.511013 0.154766 -0.845525
  outer loop
   vertex  4.37018 -0.752843  7.52301
   vertex  9.42037 -1.93288  4.25481
   vertex  8.88037 -3.71588  4.25481
  endloop
 endfacet
 facet normal -0.526869 0.125268 -0.840664
  outer loop
   vertex  4.37018 -0.752843  7.52301
   vertex  8.88037 -3.71588  4.25481
   vertex  4.24137 -1.29464  7.52301
  endloop
 endfacet
 facet normal -0.86558 -0.500523 -0.015744
  outer loop
   vertex -9.82433 -7.42981 -8.04519
   vertex -10.1566 -6.88388 -7.13219
   vertex -11.0456 -5.34488 -7.18319
  endloop
 endfacet
 facet normal -0.86378 -0.503842 -0.00516369
  outer loop
   vertex -9.82433 -7.42981 -8.04519
   vertex -11.0456 -5.34488 -7.18319
   vertex -11.3189 -4.86759 -8.04519
  endloop
 endfacet
 facet normal 0.0840363 -0.515762 0.852601
  outer loop
   vertex  1.43937 -12.1479  4.25481
   vertex  1.44719 -6.74399    7.523
   vertex 0.768515 -6.85457    7.523
  endloop
 endfacet
 facet normal -0.258715 -0.965951 -0.00241364
  outer loop
   vertex -2.41463 -11.9669 -6.85619
   vertex -4.13163 -11.5069 -6.90719
   vertex -4.69556  -11.353 -8.04519
  endloop
 endfacet
 facet normal -0.259662 -0.965699 -0.000465933
  outer loop
   vertex -2.41463 -11.9669 -6.85619
   vertex -4.69556  -11.353 -8.04519
   vertex -1.92658 -12.0975 -8.04519
  endloop
 endfacet
 facet normal -0.00644648 0.540846 0.841097
  outer loop
   vertex -0.42589  6.88436    7.523
   vertex 0.261687  6.89255    7.523
   vertex  1.43937  11.9891  4.25481
  endloop
 endfacet
 facet normal        0 0.539187 0.842186
  outer loop
   vertex -0.42589  6.88436    7.523
   vertex  1.43937  11.9891  4.25481
   vertex -1.73863  11.9891  4.25481
  endloop
 endfacet
 facet normal 0.945578 0.325397        0
  outer loop
   vertex  10.7534  6.21612 -7.36519
   vertex  11.8164  3.12712 -7.48219
   vertex  11.8164  3.12712 -7.53119
  endloop
 endfacet
 facet normal 0.945578 0.325397        0
  outer loop
   vertex  10.7534  6.21612 -7.36519
   vertex  11.8164  3.12712 -7.53119
   vertex  10.7534  6.21612 -7.46319
  endloop
 endfacet
 facet normal 0.437925 0.259314 0.860801
  outer loop
   vertex  9.50737  7.33112 -7.06719
   vertex  10.7534  6.21612 -7.36519
   vertex  8.89637  8.96712 -7.24919
  endloop
 endfacet
 facet normal 0.438542 0.259503  0.86043
  outer loop
   vertex  9.01237  7.82612 -6.96419
   vertex  9.50737  7.33112 -7.06719
   vertex  8.89637  8.96712 -7.24919
  endloop
 endfacet
 facet normal -0.325396 -0.945578        0
  outer loop
   vertex -6.44463 -10.9829  2.65981
   vertex -3.35563 -12.0459  2.77681
   vertex -3.35563 -12.0459  2.82481
  endloop
 endfacet
 facet normal -0.325396 -0.945578        0
  outer loop
   vertex -6.44463 -10.9829  2.65981
   vertex -3.35563 -12.0459  2.82481
   vertex -6.44463 -10.9829  2.75781
  endloop
 endfacet
 facet normal 0.248277 0.435535 0.865256
  outer loop
   vertex  4.50837  11.1671 -6.60119
   vertex  5.11537  10.8171 -6.59919
   vertex  6.34837  11.1751 -7.13319
  endloop
 endfacet
 facet normal 0.248455 0.433042 0.866455
  outer loop
   vertex  6.34837  11.1751 -7.13319
   vertex  3.00437  11.6911 -6.43219
   vertex  3.83237  11.3481 -6.49819
  endloop
 endfacet
 facet normal 0.248349 0.435013 0.865498
  outer loop
   vertex  4.50837  11.1671 -6.60119
   vertex  6.34837  11.1751 -7.13319
   vertex  3.83237  11.3481 -6.49819
  endloop
 endfacet
 facet normal -0.609064 -0.793121        0
  outer loop
   vertex -6.95363 -10.0869  2.04481
   vertex -6.24263 -10.6329  1.34781
   vertex -6.24263 -10.6329  2.42581
  endloop
 endfacet
 facet normal -0.609064 -0.793121        0
  outer loop
   vertex -6.95363 -10.0869  2.04481
   vertex -6.24263 -10.6329  2.42581
   vertex -6.95363 -10.0869  2.36081
  endloop
 endfacet
 facet normal 0.282171 -0.449621 0.847479
  outer loop
   vertex  7.26037 -9.73688  4.25481
   vertex  3.95315 -5.65228    7.523
   vertex  3.37072  -6.0178    7.523
  endloop
 endfacet
 facet normal 0.267343 -0.463014 0.845071
  outer loop
   vertex  7.26037 -9.73688  4.25481
   vertex  3.37072  -6.0178    7.523
   vertex  4.50837 -11.3259  4.25481
  endloop
 endfacet
 facet normal  0.24888 0.434201 0.865753
  outer loop
   vertex  5.11537  10.8171 -6.59919
   vertex  5.94337  10.4741 -6.66519
   vertex  6.34837  11.1751 -7.13319
  endloop
 endfacet
 facet normal 0.499513 0.866306        0
  outer loop
   vertex  5.10047  10.8257 -8.04519
   vertex  5.11537  10.8171 -7.80919
   vertex  5.11537  10.8171 -8.04519
  endloop
 endfacet
 facet normal 0.204386 0.458263 -0.864998
  outer loop
   vertex  4.50837  11.1671 -7.76719
   vertex  6.34837  11.1751 -7.32819
   vertex  5.11537  10.8171 -7.80919
  endloop
 endfacet
 facet normal 0.357176 0.367053 0.858893
  outer loop
   vertex  5.94337  10.4741 -6.66519
   vertex  8.89637  8.96712 -7.24919
   vertex  6.34837  11.1751 -7.13319
  endloop
 endfacet
 facet normal 0.351927 0.353678 0.866637
  outer loop
   vertex  7.26037  9.57812 -6.83419
   vertex  7.75537  9.08312 -6.83319
   vertex  8.89637  8.96712 -7.24919
  endloop
 endfacet
 facet normal 0.316242 0.391321 -0.86421
  outer loop
   vertex  8.89637  8.96712 -7.39519
   vertex  7.75537  9.08312 -7.76019
   vertex  7.26037  9.57812 -7.71719
  endloop
 endfacet
 facet normal 0.382713 0.923867        0
  outer loop
   vertex  5.94337  10.4741 -7.79519
   vertex  5.94337  10.4741 -8.04519
   vertex  5.11537  10.8171 -8.04519
  endloop
 endfacet
 facet normal 0.382713 0.923867        0
  outer loop
   vertex  5.94337  10.4741 -7.79519
   vertex  5.11537  10.8171 -8.04519
   vertex  5.11537  10.8171 -7.80919
  endloop
 endfacet
 facet normal 0.316182 0.391098 -0.864333
  outer loop
   vertex  7.26037  9.57812 -7.71719
   vertex  6.34837  11.1751 -7.32819
   vertex  8.89637  8.96712 -7.39519
  endloop
 endfacet
 facet normal 0.317402 0.391627 -0.863646
  outer loop
   vertex  6.34837  11.1751 -7.32819
   vertex  7.26037  9.57812 -7.71719
   vertex  6.65437  9.92812 -7.78119
  endloop
 endfacet
 facet normal 0.351683 0.353168 0.866944
  outer loop
   vertex  8.89637  8.96712 -7.24919
   vertex  5.94337  10.4741 -6.66519
   vertex  6.65437  9.92812 -6.73119
  endloop
 endfacet
 facet normal  0.35228 0.355123 0.865902
  outer loop
   vertex  8.89637  8.96712 -7.24919
   vertex  6.65437  9.92812 -6.73119
   vertex  7.26037  9.57812 -6.83419
  endloop
 endfacet
 facet normal -0.707107 -0.707107        0
  outer loop
   vertex -8.05463 -9.24188  3.02681
   vertex -7.55963 -9.73688  2.96281
   vertex -7.55963 -9.73688  4.25481
  endloop
 endfacet
 facet normal -0.707107 -0.707107        0
  outer loop
   vertex -8.05463 -9.24188  3.02681
   vertex -7.55963 -9.73688  4.25481
   vertex -8.05463 -9.24188  4.00381
  endloop
 endfacet
 facet normal -0.923921 -0.382583        0
  outer loop
   vertex -10.7026 -6.17288  1.95981
   vertex -11.9196 -3.23388  1.72581
   vertex -11.9196 -3.23388  1.07181
  endloop
 endfacet
 facet normal -0.923921 -0.382583       -0
  outer loop
   vertex -10.7026 -6.17288  1.95981
   vertex -11.9196 -3.23388  1.07181
   vertex -10.7026 -6.17288  1.16381
  endloop
 endfacet
 facet normal -0.968095  -0.1695  0.18456
  outer loop
   vertex -6.57336 -1.51601  23.1033
   vertex   -5.445 -1.26598  29.2516
   vertex -5.55122 -0.659297  29.2516
  endloop
 endfacet
 facet normal -0.967589 -0.172072 0.184834
  outer loop
   vertex -6.57336 -1.51601  23.1033
   vertex -5.55122 -0.659297  29.2516
   vertex -6.69301 -0.843214  23.1033
  endloop
 endfacet
 facet normal 0.317773 0.391663 -0.863493
  outer loop
   vertex  6.34837  11.1751 -7.32819
   vertex  6.65437  9.92812 -7.78119
   vertex  5.94337  10.4741 -7.79519
  endloop
 endfacet
 facet normal 0.130483 0.991451        0
  outer loop
   vertex  3.00437  11.6911 -7.98619
   vertex  2.11537  11.8081 -7.96019
   vertex  2.11537  11.8081 -7.85819
  endloop
 endfacet
 facet normal 0.130483 0.991451       -0
  outer loop
   vertex  3.00437  11.6911 -7.98619
   vertex  2.11537  11.8081 -7.85819
   vertex  3.00437  11.6911 -7.84519
  endloop
 endfacet
 facet normal 0.204426 0.458176 -0.865035
  outer loop
   vertex  5.94337  10.4741 -7.79519
   vertex  5.11537  10.8171 -7.80919
   vertex  6.34837  11.1751 -7.32819
  endloop
 endfacet
 facet normal -0.283852 -0.412316 -0.865693
  outer loop
   vertex -6.84963 -11.6849 -6.27219
   vertex -7.55963 -9.73688 -6.96719
   vertex -6.95363 -10.0869 -6.99919
  endloop
 endfacet
 facet normal 0.608881 0.793261        0
  outer loop
   vertex  6.55037  11.5261 -4.87519
   vertex  9.32537  9.39612 -4.96719
   vertex  9.32537  9.39612 -5.26019
  endloop
 endfacet
 facet normal 0.608881 0.793261        0
  outer loop
   vertex  6.55037  11.5261 -4.87519
   vertex  9.32537  9.39612 -5.26019
   vertex  6.55037  11.5261 -5.16819
  endloop
 endfacet
 facet normal -0.171158 -0.47604 -0.862607
  outer loop
   vertex -5.41463 -10.9759 -6.94819
   vertex -6.84963 -11.6849 -6.27219
   vertex -6.24263 -10.6329 -6.97319
  endloop
 endfacet
 facet normal -0.170941 -0.476355 -0.862476
  outer loop
   vertex -5.41463 -10.9759 -6.94819
   vertex -4.80763 -11.3259 -6.87519
   vertex -6.84963 -11.6849 -6.27219
  endloop
 endfacet
 facet normal 0.0227093 -0.0180289 -0.99958
  outer loop
   vertex -6.24263 -10.6329 -6.97319
   vertex -6.95363 -10.0869 -6.99919
   vertex -5.41463 -10.9759 -6.94819
  endloop
 endfacet
 facet normal -0.284927 -0.412241 -0.865375
  outer loop
   vertex -6.24263 -10.6329 -6.97319
   vertex -6.84963 -11.6849 -6.27219
   vertex -6.95363 -10.0869 -6.99919
  endloop
 endfacet
 facet normal -0.325942 0.387395 -0.862373
  outer loop
   vertex -9.62463  9.39612 -0.290193
   vertex -6.84963  11.5261 -0.382192
   vertex -6.24263  10.4741 -1.08419
  endloop
 endfacet
 facet normal  -0.3249 0.382103 -0.865123
  outer loop
   vertex -9.62463  9.39612 -0.290193
   vertex -6.24263  10.4741 -1.08419
   vertex -8.76563  8.53712 -0.992192
  endloop
 endfacet
 facet normal 0.289558 -0.414505 0.862753
  outer loop
   vertex  6.55037 -11.6849 -1.19419
   vertex  9.32537 -9.55488 -1.10219
   vertex  8.46637 -8.69588 -0.401193
  endloop
 endfacet
 facet normal 0.284934 -0.412237 0.865375
  outer loop
   vertex  6.55037 -11.6849 -1.19419
   vertex  8.46637 -8.69588 -0.401193
   vertex  5.94337 -10.6329 -0.493192
  endloop
 endfacet
 facet normal -0.793196 -0.608966        0
  outer loop
   vertex -8.76563 -8.69588 -2.64819
   vertex -10.7026 -6.17288 -2.74019
   vertex -10.7026 -6.17288 -3.25419
  endloop
 endfacet
 facet normal -0.793196 -0.608966       -0
  outer loop
   vertex -8.76563 -8.69588 -2.64819
   vertex -10.7026 -6.17288 -3.25419
   vertex -8.76563 -8.69588 -3.16219
  endloop
 endfacet
 facet normal 0.793196 0.608966        0
  outer loop
   vertex  10.4034  6.01412 -2.14919
   vertex  8.46637  8.53712 -2.05719
   vertex  8.46637  8.53712 -1.54419
  endloop
 endfacet
 facet normal 0.793196 0.608966       -0
  outer loop
   vertex  10.4034  6.01412 -2.14919
   vertex  8.46637  8.53712 -1.54419
   vertex  10.4034  6.01412 -1.63619
  endloop
 endfacet
 facet normal 0.608966 0.793196        0
  outer loop
   vertex  8.46637  8.53712 -1.54419
   vertex  8.46637  8.53712 -2.05719
   vertex  5.94337  10.4741 -1.96519
  endloop
 endfacet
 facet normal 0.608966 0.793196        0
  outer loop
   vertex  8.46637  8.53712 -1.54419
   vertex  5.94337  10.4741 -1.96519
   vertex  5.94337  10.4741 -1.45219
  endloop
 endfacet
 facet normal 0.385716 -0.327579 0.862505
  outer loop
   vertex  11.4554 -6.77988  1.19881
   vertex  10.4034 -6.17288  1.89981
   vertex  8.46637 -8.69588  1.80781
  endloop
 endfacet
 facet normal  0.38329 -0.322891 0.865349
  outer loop
   vertex  11.4554 -6.77988  1.19881
   vertex  8.46637 -8.69588  1.80781
   vertex  9.32537 -9.55488  1.10681
  endloop
 endfacet
 facet normal -0.288504 -0.415708 -0.862527
  outer loop
   vertex -8.05463 -9.24188 -7.04019
   vertex -7.55963 -9.73688 -6.96719
   vertex -9.62463 -9.55488 -6.36419
  endloop
 endfacet
 facet normal -0.288617 -0.413319 -0.863636
  outer loop
   vertex -7.55963 -9.73688 -6.96719
   vertex -6.84963 -11.6849 -6.27219
   vertex -9.62463 -9.55488 -6.36419
  endloop
 endfacet
 facet normal -0.28825 -0.41642 -0.862268
  outer loop
   vertex -8.76563 -8.69588 -7.06619
   vertex -8.05463 -9.24188 -7.04019
   vertex -9.62463 -9.55488 -6.36419
  endloop
 endfacet
 facet normal 0.130482 -0.991451        0
  outer loop
   vertex  3.00437 -11.8499  1.62381
   vertex  3.00437 -11.8499  2.13681
   vertex  2.11537 -11.9669  2.11081
  endloop
 endfacet
 facet normal 0.130482 -0.991451        0
  outer loop
   vertex  3.00437 -11.8499  1.62381
   vertex  2.11537 -11.9669  2.11081
   vertex  2.11537 -11.9669  2.04481
  endloop
 endfacet
 facet normal -0.258641 -0.965974 1.15751e-06
  outer loop
   vertex -1.78962 -12.1342 -8.04519
   vertex -1.73863 -12.1479 -6.78319
   vertex -2.41463 -11.9669 -6.85619
  endloop
 endfacet
 facet normal -0.258782 -0.965936 -7.86619e-05
  outer loop
   vertex -1.78962 -12.1342 -8.04519
   vertex -2.41463 -11.9669 -6.85619
   vertex -1.92658 -12.0975 -8.04519
  endloop
 endfacet
 facet normal -0.409627 -0.908729 0.0801081
  outer loop
   vertex -4.82595 -11.2942 -8.04519
   vertex -4.69556  -11.353 -8.04519
   vertex -4.13163 -11.5069 -6.90719
  endloop
 endfacet
 facet normal -0.259553 -0.965477 -0.0220598
  outer loop
   vertex -4.82595 -11.2942 -8.04519
   vertex -4.13163 -11.5069 -6.90719
   vertex -4.80763 -11.3259 -6.87519
  endloop
 endfacet
 facet normal -0.21052 0.483241   0.8498
  outer loop
   vertex -4.80763  11.1671  4.25481
   vertex -3.06657  6.17834    7.523
   vertex -2.43617  6.45297    7.523
  endloop
 endfacet
 facet normal 0.215105 -0.452199 -0.86559
  outer loop
   vertex  6.55037 -11.6849 -5.90419
   vertex  4.50837 -11.3259 -6.59919
   vertex  5.11537 -10.9759 -6.63119
  endloop
 endfacet
 facet normal  0.21473 -0.452756 -0.865392
  outer loop
   vertex  5.11537 -10.9759 -6.63119
   vertex  5.94337 -10.6329 -6.60519
   vertex  6.55037 -11.6849 -5.90419
  endloop
 endfacet
 facet normal 0.170538 0.471436 -0.865254
  outer loop
   vertex  3.00437  11.6911 -3.56819
   vertex  3.31837  12.8641 -2.86719
   vertex  6.55037  11.5261 -2.95919
  endloop
 endfacet
 facet normal 0.170305 0.476482 -0.862532
  outer loop
   vertex  3.00437  11.6911 -3.56819
   vertex  6.55037  11.5261 -2.95919
   vertex  5.94337  10.4741 -3.66019
  endloop
 endfacet
 facet normal 0.991429 0.130647        0
  outer loop
   vertex  12.7934  3.38912 -5.15119
   vertex  13.2504 -0.0788777 -5.24319
   vertex  13.2504 -0.0788777 -5.53619
  endloop
 endfacet
 facet normal 0.991429 0.130647        0
  outer loop
   vertex  12.7934  3.38912 -5.15119
   vertex  13.2504 -0.0788777 -5.53619
   vertex  12.7934  3.38912 -5.44419
  endloop
 endfacet
 facet normal 0.747915 -0.652014 -0.124504
  outer loop
   vertex  9.50737 -7.48988 -6.41419
   vertex  7.40916 -9.58526 -8.04519
   vertex  10.0374 -6.57048 -8.04519
  endloop
 endfacet
 facet normal -0.532869 0.0576457 -0.844232
  outer loop
   vertex  9.42037 -1.93288  4.25481
   vertex  4.37018 -0.752843  7.52301
   vertex  4.43008 -0.199177  7.52301
  endloop
 endfacet
 facet normal -0.534226 0.0527306 -0.843696
  outer loop
   vertex  9.42037 -1.93288  4.25481
   vertex  4.43008 -0.199177  7.52301
   vertex  9.60337 -0.0788777  4.25481
  endloop
 endfacet
 facet normal 0.707153 -0.707059 -0.00138231
  outer loop
   vertex  7.32716 -9.66727 -8.04519
   vertex  7.40916 -9.58526 -8.04519
   vertex  9.01237 -7.98488 -6.48719
  endloop
 endfacet
 facet normal 0.707216 -0.706995 -0.00151225
  outer loop
   vertex  9.01237 -7.98488 -6.48719
   vertex  7.40916 -9.58526 -8.04519
   vertex  9.50737 -7.48988 -6.41419
  endloop
 endfacet
 facet normal 0.707134 -0.707078 -0.00134061
  outer loop
   vertex  7.75537 -9.24188 -6.53919
   vertex  7.32716 -9.66727 -8.04519
   vertex  9.01237 -7.98488 -6.48719
  endloop
 endfacet
 facet normal 0.263731 -0.964537 -0.0107194
  outer loop
   vertex  4.50837 -11.3259 -6.59919
   vertex   1.6323 -12.0962 -8.04519
   vertex  4.55242 -11.2978 -8.04519
  endloop
 endfacet
 facet normal -0.500135 0.865947        0
  outer loop
   vertex -7.55963  9.57812  4.25481
   vertex -6.95363  9.92812  3.35981
   vertex -7.55963  9.57812  2.81281
  endloop
 endfacet
 facet normal -0.707106 0.707107        0
  outer loop
   vertex -7.55963  9.57812  4.25481
   vertex -7.55963  9.57812  2.81281
   vertex -8.05463  9.08312  3.39981
  endloop
 endfacet
 facet normal -0.0282342 -0.0076038 0.999572
  outer loop
   vertex  3.83237 -11.5069  2.16281
   vertex  2.11537 -11.9669  2.11081
   vertex  3.00437 -11.8499  2.13681
  endloop
 endfacet
 facet normal -0.172276 -0.47546 -0.862704
  outer loop
   vertex -3.61763 -13.0229 0.445807
   vertex -6.84963 -11.6849 0.353808
   vertex -6.24263 -10.6329 -0.347192
  endloop
 endfacet
 facet normal -0.168387 -0.472061 -0.865335
  outer loop
   vertex -3.61763 -13.0229 0.445807
   vertex -6.24263 -10.6329 -0.347192
   vertex -3.30363 -11.8499 -0.255193
  endloop
 endfacet
 facet normal 0.258642 -0.965973        0
  outer loop
   vertex  3.83237 -11.5069  2.04481
   vertex  4.50837 -11.3259  2.04481
   vertex  3.83237 -11.5069  2.16281
  endloop
 endfacet
 facet normal 0.382415 -0.92399 0.000686753
  outer loop
   vertex  3.00437 -11.8499  1.62381
   vertex  5.11537 -10.9759  2.04481
   vertex  3.83237 -11.5069  2.04481
  endloop
 endfacet
 facet normal 0.382593 -0.923917 -0.000355587
  outer loop
   vertex  3.00437 -11.8499  1.62381
   vertex  5.94337 -10.6329  1.71581
   vertex  5.11537 -10.9759  2.04481
  endloop
 endfacet
 facet normal 0.431582 0.250691  0.86654
  outer loop
   vertex  10.7534  6.21612 -7.36519
   vertex  9.50737  7.33112 -7.06719
   vertex  9.85737  6.72512 -7.06619
  endloop
 endfacet
 facet normal -0.707106 -0.707108        0
  outer loop
   vertex -9.31163 -7.98488  2.04481
   vertex -9.31163 -7.98488  2.12681
   vertex -9.80663 -7.48988  2.12881
  endloop
 endfacet
 facet normal -0.707106 -0.707108        0
  outer loop
   vertex -9.31163 -7.98488  2.04481
   vertex -9.80663 -7.48988  2.12881
   vertex -9.80663 -7.48988  2.04481
  endloop
 endfacet
 facet normal 0.441648 0.259427 0.858862
  outer loop
   vertex  8.89637  8.96712 -7.24919
   vertex  8.46637  8.53712 -6.89819
   vertex  9.01237  7.82612 -6.96419
  endloop
 endfacet
 facet normal 0.923868 0.382712        0
  outer loop
   vertex  10.7464  5.18612 -7.68319
   vertex  10.7464  5.18612 -8.04519
   vertex  10.4034  6.01412 -8.04519
  endloop
 endfacet
 facet normal 0.923868 0.382712        0
  outer loop
   vertex  10.7464  5.18612 -7.68319
   vertex  10.4034  6.01412 -8.04519
   vertex  10.4034  6.01412 -7.69719
  endloop
 endfacet
 facet normal  0.40825 0.296508 -0.863374
  outer loop
   vertex  8.89637  8.96712 -7.39519
   vertex  9.01237  7.82612 -7.73219
   vertex  8.46637  8.53712 -7.74619
  endloop
 endfacet
 facet normal 0.316303 0.389712 -0.864914
  outer loop
   vertex  8.46637  8.53712 -7.74619
   vertex  7.75537  9.08312 -7.76019
   vertex  8.89637  8.96712 -7.39519
  endloop
 endfacet
 facet normal 0.550588 -0.0595626 -0.83265
  outer loop
   vertex -4.37019 0.752843  7.52301
   vertex -4.43008 0.199177  7.52301
   vertex -9.40263 -0.0788777  4.25481
  endloop
 endfacet
 facet normal 0.550143 -0.054302 -0.833303
  outer loop
   vertex -4.37019 0.752843  7.52301
   vertex -9.40263 -0.0788777  4.25481
   vertex -9.21963  1.77512  4.25481
  endloop
 endfacet
 facet normal 0.407583 0.296686 -0.863628
  outer loop
   vertex  9.85737  6.72512 -7.71119
   vertex  9.50737  7.33112 -7.66819
   vertex  10.7534  6.21612 -7.46319
  endloop
 endfacet
 facet normal 0.407252 0.296261 -0.86393
  outer loop
   vertex  8.89637  8.96712 -7.39519
   vertex  10.7534  6.21612 -7.46319
   vertex  9.50737  7.33112 -7.66819
  endloop
 endfacet
 facet normal 0.472259 0.181047 -0.862666
  outer loop
   vertex  10.7534  6.21612 -7.46319
   vertex  10.7464  5.18612 -7.68319
   vertex  10.4034  6.01412 -7.69719
  endloop
 endfacet
 facet normal  0.99145 0.130484       -0
  outer loop
   vertex  11.9184 0.810122  2.10981
   vertex  11.9184 0.810122  2.62281
   vertex  12.0354 -0.0788777  2.59781
  endloop
 endfacet
 facet normal  0.99145 0.130484        0
  outer loop
   vertex  11.9184 0.810122  2.10981
   vertex  12.0354 -0.0788777  2.59781
   vertex  12.0354 -0.0788777  2.08381
  endloop
 endfacet
 facet normal 0.491787 0.136665 0.859924
  outer loop
   vertex  10.7534  6.21612 -7.36519
   vertex  11.0964  4.57912 -7.30119
   vertex  11.8164  3.12712 -7.48219
  endloop
 endfacet
 facet normal 0.493033 0.136791  0.85919
  outer loop
   vertex  10.4034  6.01412 -7.13219
   vertex  10.7464  5.18612 -7.19719
   vertex  10.7534  6.21612 -7.36519
  endloop
 endfacet
 facet normal 0.492662 0.136828 0.859397
  outer loop
   vertex  10.7464  5.18612 -7.19719
   vertex  11.0964  4.57912 -7.30119
   vertex  10.7534  6.21612 -7.36519
  endloop
 endfacet
 facet normal 0.866304 0.499518        0
  outer loop
   vertex  11.0224   4.7074 -8.04519
   vertex  10.7464  5.18612 -8.04519
   vertex  10.7464  5.18612 -7.68319
  endloop
 endfacet
 facet normal 0.898349 0.239558 0.368212
  outer loop
   vertex  11.0918  4.44714 -8.04519
   vertex  11.0224   4.7074 -8.04519
   vertex  10.7464  5.18612 -7.68319
  endloop
 endfacet
 facet normal 0.919033 0.382029 0.097114
  outer loop
   vertex  11.2774  3.90312 -7.66119
   vertex  11.0918  4.44714 -8.04519
   vertex  10.7464  5.18612 -7.68319
  endloop
 endfacet
 facet normal 0.483942 0.132134 0.865067
  outer loop
   vertex  11.2774  3.90312 -7.29919
   vertex  11.8164  3.12712 -7.48219
   vertex  11.0964  4.57912 -7.30119
  endloop
 endfacet
 facet normal 0.407144 0.295639 -0.864194
  outer loop
   vertex  10.7534  6.21612 -7.46319
   vertex  10.4034  6.01412 -7.69719
   vertex  9.85737  6.72512 -7.71119
  endloop
 endfacet
 facet normal 0.431769 0.251156 0.866312
  outer loop
   vertex  10.4034  6.01412 -7.13219
   vertex  10.7534  6.21612 -7.36519
   vertex  9.85737  6.72512 -7.06619
  endloop
 endfacet
 facet normal 0.793121 0.609064        0
  outer loop
   vertex  10.4034  6.01412 -8.04519
   vertex  9.85737  6.72512 -8.04519
   vertex  9.85737  6.72512 -7.71119
  endloop
 endfacet
 facet normal 0.793121 0.609064       -0
  outer loop
   vertex  10.4034  6.01412 -8.04519
   vertex  9.85737  6.72512 -7.71119
   vertex  10.4034  6.01412 -7.69719
  endloop
 endfacet
 facet normal 0.951656 -0.307167        0
  outer loop
   vertex  6.45029 -2.44325  7.52301
   vertex  6.66151 -1.78886  7.52301
   vertex  6.66151 -1.78886       10
  endloop
 endfacet
 facet normal 0.951656 -0.307167        0
  outer loop
   vertex  6.45029 -2.44325  7.52301
   vertex  6.66151 -1.78886       10
   vertex  6.45029 -2.44325       10
  endloop
 endfacet
 facet normal 0.923868 0.382712        0
  outer loop
   vertex  10.4034  6.01412 -6.05319
   vertex  10.7464  5.18612 -6.23719
   vertex  10.7464  5.18612 -7.19719
  endloop
 endfacet
 facet normal 0.923868 0.382712        0
  outer loop
   vertex  10.4034  6.01412 -6.05319
   vertex  10.7464  5.18612 -7.19719
   vertex  10.4034  6.01412 -7.13219
  endloop
 endfacet
 facet normal -0.385666 -0.324656 -0.863632
  outer loop
   vertex -9.80663 -7.48988 -7.05919
   vertex -9.62463 -9.55488 -6.36419
   vertex -11.7546 -6.77988 -6.45619
  endloop
 endfacet
 facet normal -0.382686 -0.324292 -0.865093
  outer loop
   vertex -9.62463 -9.55488 -6.36419
   vertex -9.31163 -7.98488 -7.09119
   vertex -8.76563 -8.69588 -7.06619
  endloop
 endfacet
 facet normal        0        0       -1
  outer loop
   vertex -4.25595  5.23395  29.2516
   vertex  -3.7046  5.63766  29.2516
   vertex -3.09482   4.6554  29.2516
  endloop
 endfacet
 facet normal        0        0       -1
  outer loop
   vertex -4.25595  5.23395  29.2516
   vertex -3.09482   4.6554  29.2516
   vertex -3.58817  4.28669  29.2516
  endloop
 endfacet
 facet normal -0.964034 -0.265712 -0.00592502
  outer loop
   vertex -12.0366 -2.34488 -7.27619
   vertex -12.1974  -1.7446 -8.04519
   vertex -11.3848 -4.69273 -8.04519
  endloop
 endfacet
 facet normal 0.368046 -0.387304 0.845303
  outer loop
   vertex  4.99475 -4.75691  7.52301
   vertex  4.49629 -5.23059    7.523
   vertex  7.26037 -9.73688  4.25481
  endloop
 endfacet
 facet normal 0.380278 -0.380278 0.843076
  outer loop
   vertex  4.99475 -4.75691  7.52301
   vertex  7.26037 -9.73688  4.25481
   vertex  9.50737 -7.48988  4.25481
  endloop
 endfacet
 facet normal -0.965404 -0.259436 -0.0262495
  outer loop
   vertex -11.5766 -4.06188 -7.22419
   vertex -12.0366 -2.34488 -7.27619
   vertex -11.3848 -4.69273 -8.04519
  endloop
 endfacet
 facet normal -0.866305 0.499516        0
  outer loop
   vertex -11.3956  4.57912  4.25481
   vertex -11.0456  5.18612  3.54381
   vertex -11.3956  4.57912  2.99781
  endloop
 endfacet
 facet normal -0.965974  0.25864        0
  outer loop
   vertex -11.3956  4.57912  4.25481
   vertex -11.3956  4.57912  2.99781
   vertex -11.5766  3.90312  3.58381
  endloop
 endfacet
 facet normal 0.339127 0.425209 -0.83916
  outer loop
   vertex -2.97731 -3.28647  7.52301
   vertex -2.54193 -3.63372  7.52301
   vertex -5.17963 -7.97988  4.25481
  endloop
 endfacet
 facet normal 0.345717 0.421535 -0.838325
  outer loop
   vertex -2.97731 -3.28647  7.52301
   vertex -5.17963 -7.97988  4.25481
   vertex -6.61963 -6.79888  4.25481
  endloop
 endfacet
 facet normal -0.386074 -0.328009 -0.862182
  outer loop
   vertex -11.7546 -6.77988 -6.45619
   vertex -10.7026 -6.17288 -7.15819
   vertex -10.1566 -6.88388 -7.13219
  endloop
 endfacet
 facet normal -0.453726 -0.214073 -0.865046
  outer loop
   vertex -11.0456 -5.34488 -7.18319
   vertex -10.7026 -6.17288 -7.15819
   vertex -11.7546 -6.77988 -6.45619
  endloop
 endfacet
 facet normal 0.0180287 -0.0227094 -0.99958
  outer loop
   vertex -11.0456 -5.34488 -7.18319
   vertex -10.1566 -6.88388 -7.13219
   vertex -10.7026 -6.17288 -7.15819
  endloop
 endfacet
 facet normal -0.452192 -0.215108 -0.865593
  outer loop
   vertex -11.7546 -6.77988 -6.45619
   vertex -11.3956 -4.73788 -7.15119
   vertex -11.0456 -5.34488 -7.18319
  endloop
 endfacet
 facet normal -0.380873 -0.324916 -0.865659
  outer loop
   vertex -9.31163 -7.98488 -7.09119
   vertex -9.62463 -9.55488 -6.36419
   vertex -9.80663 -7.48988 -7.05919
  endloop
 endfacet
 facet normal -0.707106 -0.707108       -0
  outer loop
   vertex -9.80663 -7.48988  4.25481
   vertex -9.80663 -7.48988  3.01181
   vertex -9.31163 -7.98488  3.05481
  endloop
 endfacet
 facet normal -0.707106 -0.707108        0
  outer loop
   vertex -9.80663 -7.48988  4.25481
   vertex -9.31163 -7.98488  3.05481
   vertex -9.31163 -7.98488  3.95181
  endloop
 endfacet
 facet normal 0.963708 -0.250271 0.0929076
  outer loop
   vertex  11.6319 -2.73369 -8.04519
   vertex  11.9023 -1.69249 -8.04519
   vertex  11.9184 -0.968877 -6.26319
  endloop
 endfacet
 facet normal 0.990766 -0.0266056 -0.13295
  outer loop
   vertex  11.6319 -2.73369 -8.04519
   vertex  11.9184 -0.968877 -6.26319
   vertex  11.9014 -1.73188 -6.23719
  endloop
 endfacet
 facet normal        0       -0       -1
  outer loop
   vertex  2.28636  -5.1013  23.1033
   vertex  2.49391 -6.26799  23.1033
   vertex    1.847 -6.48814  23.1033
  endloop
 endfacet
 facet normal        0        0       -1
  outer loop
   vertex  2.28636  -5.1013  23.1033
   vertex    1.847 -6.48814  23.1033
   vertex  1.71129 -5.32186  23.1033
  endloop
 endfacet
 facet normal -0.111677 0.520419 0.846577
  outer loop
   vertex -1.78155  6.66347    7.523
   vertex -1.10923  6.80774    7.523
   vertex -1.73863  11.9891  4.25481
  endloop
 endfacet
 facet normal -0.138949 0.518776 0.843543
  outer loop
   vertex -1.78155  6.66347    7.523
   vertex -1.73863  11.9891  4.25481
   vertex -4.80763  11.1671  4.25481
  endloop
 endfacet
 facet normal       -0        1        0
  outer loop
   vertex -1.73863  11.9891  4.25481
   vertex  1.43937  11.9891  4.25481
   vertex 0.739374  11.9891  3.12381
  endloop
 endfacet
 facet normal        0        1        0
  outer loop
   vertex -1.73863  11.9891  4.25481
   vertex 0.739374  11.9891  3.12381
   vertex -1.03863  11.9891  3.17581
  endloop
 endfacet
 facet normal 0.185399 -0.49109 0.851151
  outer loop
   vertex  4.50837 -11.3259  4.25481
   vertex  2.75479 -6.32352    7.523
   vertex  2.11148 -6.56638    7.523
  endloop
 endfacet
 facet normal 0.977978 -0.100349 0.182998
  outer loop
   vertex  5.58402 -0.263395     35.4
   vertex  5.52116 -0.876086     35.4
   vertex  6.63848  -1.1991  29.2516
  endloop
 endfacet
 facet normal 0.974467 -0.125448 0.186215
  outer loop
   vertex  5.58402 -0.263395     35.4
   vertex  6.63848  -1.1991  29.2516
   vertex  6.72574 -0.521338  29.2516
  endloop
 endfacet
 facet normal        1        0        0
  outer loop
   vertex  11.9184 -1.66888  4.25481
   vertex  11.9184 -0.968877  2.57181
   vertex  11.9184 0.810122  2.62281
  endloop
 endfacet
 facet normal        1       -0        0
  outer loop
   vertex  11.9184 -1.66888  4.25481
   vertex  11.9184 0.810122  2.62281
   vertex  11.9184  1.51012  4.25481
  endloop
 endfacet
 facet normal 0.923921 0.382583        0
  outer loop
   vertex  11.6204  3.07512 -0.0331926
   vertex  10.4034  6.01412 0.0588064
   vertex  10.4034  6.01412 0.572806
  endloop
 endfacet
 facet normal 0.923921 0.382583       -0
  outer loop
   vertex  11.6204  3.07512 -0.0331926
   vertex  10.4034  6.01412 0.572806
   vertex  11.6204  3.07512 0.480807
  endloop
 endfacet
 facet normal 0.382583 0.923921        0
  outer loop
   vertex  5.94337  10.4741 0.243808
   vertex  3.00437  11.6911 0.335807
   vertex  3.00437  11.6911 0.848807
  endloop
 endfacet
 facet normal 0.382583 0.923921       -0
  outer loop
   vertex  5.94337  10.4741 0.243808
   vertex  3.00437  11.6911 0.848807
   vertex  5.94337  10.4741 0.756808
  endloop
 endfacet
 facet normal -0.382583 -0.923921        0
  outer loop
   vertex -3.30363 -11.8499 -0.255193
   vertex -6.24263 -10.6329 -0.347192
   vertex -6.24263 -10.6329 -0.861192
  endloop
 endfacet
 facet normal -0.382583 -0.923921       -0
  outer loop
   vertex -3.30363 -11.8499 -0.255193
   vertex -6.24263 -10.6329 -0.861192
   vertex -3.30363 -11.8499 -0.769193
  endloop
 endfacet
 facet normal -0.214839 -0.452696 0.865396
  outer loop
   vertex -3.30363 -11.8499 -2.97719
   vertex -6.24263 -10.6329 -3.07019
   vertex -6.84963 -11.6849 -3.77119
  endloop
 endfacet
 facet normal -0.214433 -0.45868 0.862341
  outer loop
   vertex -3.30363 -11.8499 -2.97719
   vertex -6.84963 -11.6849 -3.77119
   vertex -3.61763 -13.0229 -3.67919
  endloop
 endfacet
 facet normal -0.170518 0.476971 0.862219
  outer loop
   vertex -6.84963  11.5261 -6.71619
   vertex -6.24263  10.4741 -6.01419
   vertex -3.30363  11.6911 -6.10619
  endloop
 endfacet
 facet normal -0.170751  0.47193 0.864943
  outer loop
   vertex -6.84963  11.5261 -6.71619
   vertex -3.30363  11.6911 -6.10619
   vertex -3.61763  12.8641 -6.80819
  endloop
 endfacet
 facet normal -0.382589 -0.923919 0.000200096
  outer loop
   vertex -4.13163 -11.5069  2.04481
   vertex -6.24263 -10.6329  1.34781
   vertex -3.30363 -11.8499  1.43981
  endloop
 endfacet
 facet normal -0.130285 -0.481786 -0.86655
  outer loop
   vertex -4.80763 -11.3259  2.59481
   vertex -4.13163 -11.5069  2.59381
   vertex -3.35563 -12.0459  2.77681
  endloop
 endfacet
 facet normal 0.707107 -0.707107 4.74918e-07
  outer loop
   vertex  7.26037 -9.73688  4.25481
   vertex  7.75537 -9.24188  2.29581
   vertex  9.01237 -7.98488  2.34681
  endloop
 endfacet
 facet normal 0.707107 -0.707107 -4.1336e-07
  outer loop
   vertex  7.26037 -9.73688  4.25481
   vertex  9.01237 -7.98488  2.34681
   vertex  9.50737 -7.48988  4.25481
  endloop
 endfacet
 facet normal 0.298322 0.448962 0.842281
  outer loop
   vertex  7.26037  9.57812  4.25481
   vertex  3.52621  5.92803    7.523
   vertex  4.09893  5.54748    7.523
  endloop
 endfacet
 facet normal -0.236039 0.479151 -0.845399
  outer loop
   vertex  3.73737 -8.85888  4.25481
   vertex  1.70601 -4.09326  7.52301
   vertex  2.20558 -3.84716  7.52301
  endloop
 endfacet
 facet normal -0.253053    0.473 -0.84394
  outer loop
   vertex  3.73737 -8.85888  4.25481
   vertex  2.20558 -3.84716  7.52301
   vertex  5.38037 -7.97988  4.25481
  endloop
 endfacet
 facet normal 0.0997878 0.525814 0.844726
  outer loop
   vertex  1.43937  11.9891  4.25481
   vertex 0.946663  6.83224    7.523
   vertex  1.62223  6.70404    7.523
  endloop
 endfacet
 facet normal -0.130417 -0.991459 -9.69699e-05
  outer loop
   vertex -1.03863 -12.1479  2.04481
   vertex -2.41463 -11.9669  2.04481
   vertex -3.30363 -11.8499  1.43981
  endloop
 endfacet
 facet normal -0.130772 -0.482354 -0.86616
  outer loop
   vertex -3.30363 -11.8499  2.65981
   vertex -3.35563 -12.0459  2.77681
   vertex -4.13163 -11.5069  2.59381
  endloop
 endfacet
 facet normal -0.137713 -0.494634 -0.858122
  outer loop
   vertex -4.80763 -11.3259  2.59481
   vertex -3.35563 -12.0459  2.77681
   vertex -6.44463 -10.9829  2.65981
  endloop
 endfacet
 facet normal -0.00452263 -0.511675 -0.859167
  outer loop
   vertex -2.41463 -11.9669  2.72481
   vertex -3.35563 -12.0459  2.77681
   vertex -3.30363 -11.8499  2.65981
  endloop
 endfacet
 facet normal -0.130484 -0.99145        0
  outer loop
   vertex -1.03863 -12.1479  2.90681
   vertex -0.149626 -12.2649  2.89281
   vertex -0.149626 -12.2649  4.25481
  endloop
 endfacet
 facet normal -0.130484 -0.99145        0
  outer loop
   vertex -1.03863 -12.1479  2.90681
   vertex -0.149626 -12.2649  4.25481
   vertex -1.03863 -12.1479  4.22881
  endloop
 endfacet
 facet normal -0.0276696 0.0118886 0.999546
  outer loop
   vertex -4.13163 -11.5069  4.13581
   vertex -3.30363 -11.8499  4.16281
   vertex -2.41463 -11.9669  4.18881
  endloop
 endfacet
 facet normal -0.258761 -0.965941 -0.000728162
  outer loop
   vertex -4.13163 -11.5069  4.13581
   vertex -2.41463 -11.9669  4.18881
   vertex -4.80763 -11.3259  4.25481
  endloop
 endfacet
 facet normal -0.180883 -0.470345 0.863746
  outer loop
   vertex -3.35563 -12.0459  2.82481
   vertex -4.13163 -11.5069  2.95581
   vertex -4.80763 -11.3259  2.91281
  endloop
 endfacet
 facet normal -0.179529 -0.468685  0.86493
  outer loop
   vertex -3.30363 -11.8499  2.94181
   vertex -4.13163 -11.5069  2.95581
   vertex -3.35563 -12.0459  2.82481
  endloop
 endfacet
 facet normal        0        0       -1
  outer loop
   vertex  4.93754 -2.62133  29.2516
   vertex  5.19594 -2.06225  29.2516
   vertex  6.26122 -2.51087  29.2516
  endloop
 endfacet
 facet normal        0        0       -1
  outer loop
   vertex  4.93754 -2.62133  29.2516
   vertex  6.26122 -2.51087  29.2516
   vertex  5.97507 -3.13142  29.2516
  endloop
 endfacet
 facet normal -0.608966 0.793196        0
  outer loop
   vertex -8.76563  8.53712 -0.992192
   vertex -6.24263  10.4741 -1.08419
   vertex -6.24263  10.4741 -1.59719
  endloop
 endfacet
 facet normal -0.608966 0.793196        0
  outer loop
   vertex -8.76563  8.53712 -0.992192
   vertex -6.24263  10.4741 -1.59719
   vertex -8.76563  8.53712 -1.50519
  endloop
 endfacet
 facet normal 0.215602 0.457263 0.862802
  outer loop
   vertex  3.31837  12.8641  1.84281
   vertex  3.83237  11.3481  2.51781
   vertex  4.50837  11.1671  2.44481
  endloop
 endfacet
 facet normal 0.213427  0.45614 0.863936
  outer loop
   vertex  6.55037  11.5261  1.75081
   vertex  3.31837  12.8641  1.84281
   vertex  4.50837  11.1671  2.44481
  endloop
 endfacet
 facet normal 0.130647 0.991429        0
  outer loop
   vertex  3.31837  12.8641 -5.07619
   vertex -0.149626  13.3211 -4.98419
   vertex -0.149626  13.3211 -4.69119
  endloop
 endfacet
 facet normal 0.130647 0.991429       -0
  outer loop
   vertex  3.31837  12.8641 -5.07619
   vertex -0.149626  13.3211 -4.69119
   vertex  3.31837  12.8641 -4.78319
  endloop
 endfacet
 facet normal 0.471436 0.170538 0.865254
  outer loop
   vertex  11.6204  3.07512 -0.0331926
   vertex  12.7934  3.38912 -0.734193
   vertex  11.4554  6.62112 -0.642194
  endloop
 endfacet
 facet normal 0.476482 0.170305 0.862532
  outer loop
   vertex  11.6204  3.07512 -0.0331926
   vertex  11.4554  6.62112 -0.642194
   vertex  10.4034  6.01412 0.0588064
  endloop
 endfacet
 facet normal -0.923867 0.382713        0
  outer loop
   vertex -11.0456  5.18612  3.54381
   vertex -10.7026  6.01412  3.51781
   vertex -10.7026  6.01412  3.00381
  endloop
 endfacet
 facet normal -0.923867 0.382713        0
  outer loop
   vertex -11.0456  5.18612  3.54381
   vertex -10.7026  6.01412  3.00381
   vertex -11.0456  5.18612  3.02981
  endloop
 endfacet
 facet normal 0.216579 0.457442 0.862461
  outer loop
   vertex  3.83237  11.3481  2.51781
   vertex  3.31837  12.8641  1.84281
   vertex  3.00437  11.6911  2.54381
  endloop
 endfacet
 facet normal 0.0282321 -0.00762012 0.999572
  outer loop
   vertex  3.00437  11.6911  3.05781
   vertex  2.11537  11.8081  3.08381
   vertex  3.83237  11.3481  3.03181
  endloop
 endfacet
 facet normal 0.258641 0.965974       -0
  outer loop
   vertex  3.83237  11.3481  2.51781
   vertex  3.83237  11.3481  3.03181
   vertex  4.50837  11.1671  2.44481
  endloop
 endfacet
 facet normal -0.793121 0.609064        0
  outer loop
   vertex -10.7026  6.01412  3.51781
   vertex -10.1566  6.72512  3.49181
   vertex -10.1566  6.72512  2.97781
  endloop
 endfacet
 facet normal -0.793121 0.609064        0
  outer loop
   vertex -10.7026  6.01412  3.51781
   vertex -10.1566  6.72512  2.97781
   vertex -10.7026  6.01412  3.00381
  endloop
 endfacet
 facet normal 0.088248 0.495747 0.863972
  outer loop
   vertex  1.43937  11.9891  2.53681
   vertex  3.31837  12.8641  1.84281
   vertex -0.149626  13.3211  1.93481
  endloop
 endfacet
 facet normal 0.0901916 0.492997 0.865343
  outer loop
   vertex  3.00437  11.6911  2.54381
   vertex  3.31837  12.8641  1.84281
   vertex  2.11537  11.8081  2.56981
  endloop
 endfacet
 facet normal 0.0898439   0.4933 0.865207
  outer loop
   vertex  1.43937  11.9891  2.53681
   vertex  2.11537  11.8081  2.56981
   vertex  3.31837  12.8641  1.84281
  endloop
 endfacet
 facet normal 0.0899885 0.497331 0.862881
  outer loop
   vertex  1.43937  11.9891  2.53681
   vertex -0.149626  13.3211  1.93481
   vertex 0.739374  11.9891  2.60981
  endloop
 endfacet
 facet normal       -0        1        0
  outer loop
   vertex 0.739374  11.9891  2.60981
   vertex 0.739374  11.9891  3.12381
   vertex  1.43937  11.9891  2.53681
  endloop
 endfacet
 facet normal       -1       -0        0
  outer loop
   vertex -12.2176 -0.968877  3.17481
   vertex -12.2176 -1.66888  3.10981
   vertex -12.2176 -1.66888  4.25481
  endloop
 endfacet
 facet normal       -1        0        0
  outer loop
   vertex -12.2176 -0.968877  3.17481
   vertex -12.2176 -1.66888  4.25481
   vertex -12.2176 -0.968877  3.72781
  endloop
 endfacet
 facet normal  0.25864 0.965974       -0
  outer loop
   vertex  2.11537  11.8081  2.56981
   vertex  1.43937  11.9891  2.53681
   vertex  2.11537  11.8081  3.08381
  endloop
 endfacet
 facet normal -0.473068 0.171243 -0.864224
  outer loop
   vertex -11.5766  3.90312 -7.46019
   vertex -13.0926  3.38912 -6.73219
   vertex -11.7546  6.62112 -6.82419
  endloop
 endfacet
 facet normal -0.476962  0.17052 -0.862224
  outer loop
   vertex -11.5766  3.90312 -7.46019
   vertex -11.7546  6.62112 -6.82419
   vertex -11.0456  5.18612 -7.50019
  endloop
 endfacet
 facet normal -0.0901127 0.493017 -0.86534
  outer loop
   vertex -0.149626  12.1061 -3.47619
   vertex -3.30363  11.6911 -3.38419
   vertex -3.61763  12.8641 -2.68319
  endloop
 endfacet
 facet normal -0.0884846 0.497783 -0.862776
  outer loop
   vertex -0.149626  12.1061 -3.47619
   vertex -3.61763  12.8641 -2.68319
   vertex -0.149626  13.3211 -2.77519
  endloop
 endfacet
 facet normal -0.382583 0.923921        0
  outer loop
   vertex -3.30363  11.6911 -5.59319
   vertex -3.30363  11.6911 -6.10619
   vertex -6.24263  10.4741 -6.01419
  endloop
 endfacet
 facet normal -0.382583 0.923921        0
  outer loop
   vertex -3.30363  11.6911 -5.59319
   vertex -6.24263  10.4741 -6.01419
   vertex -6.24263  10.4741 -5.50119
  endloop
 endfacet
 facet normal -0.130454 0.991454        0
  outer loop
   vertex -0.149626  12.1061 -3.99019
   vertex -3.30363  11.6911 -3.89819
   vertex -3.30363  11.6911 -3.38419
  endloop
 endfacet
 facet normal -0.130454 0.991454        0
  outer loop
   vertex -0.149626  12.1061 -3.99019
   vertex -3.30363  11.6911 -3.38419
   vertex -0.149626  12.1061 -3.47619
  endloop
 endfacet
 facet normal -0.137248 -0.990537        0
  outer loop
   vertex -1.28605 -6.77656    7.523
   vertex -0.604929 -6.87094    7.523
   vertex -0.604929 -6.87094       10
  endloop
 endfacet
 facet normal -0.137248 -0.990537        0
  outer loop
   vertex -1.28605 -6.77656    7.523
   vertex -0.604929 -6.87094       10
   vertex -1.28605 -6.77656       10
  endloop
 endfacet
 facet normal        0       -0       -1
  outer loop
   vertex -0.503138  6.72712  16.9549
   vertex -0.198631   5.5867  16.9549
   vertex -0.812008  5.53094  16.9549
  endloop
 endfacet
 facet normal        0        0       -1
  outer loop
   vertex -0.503138  6.72712  16.9549
   vertex -0.812008  5.53094  16.9549
   vertex -1.18113  6.64171  16.9549
  endloop
 endfacet
 facet normal -0.258925 0.965896 -0.00172094
  outer loop
   vertex -2.49729  11.7858 -8.04519
   vertex -4.34918  11.2893 -8.04519
   vertex -4.13163  11.3481 -7.77619
  endloop
 endfacet
 facet normal -0.25881 0.965928 -0.000970128
  outer loop
   vertex -2.49729  11.7858 -8.04519
   vertex -4.13163  11.3481 -7.77619
   vertex -2.41463  11.8081 -7.82819
  endloop
 endfacet
 facet normal 0.234622 -0.472701 0.849415
  outer loop
   vertex  4.50837 -11.3259  4.25481
   vertex  3.37072  -6.0178    7.523
   vertex  2.75479 -6.32352    7.523
  endloop
 endfacet
 facet normal 0.866008 -0.500031 0.000228788
  outer loop
   vertex  10.7464 -5.34488  2.43881
   vertex  11.0964 -4.73788  4.25481
   vertex  9.50737 -7.48988  4.25481
  endloop
 endfacet
 facet normal 0.865914 -0.500192 -2.56669e-05
  outer loop
   vertex  10.7464 -5.34488  2.43881
   vertex  9.50737 -7.48988  4.25481
   vertex  9.85737 -6.88388  2.38781
  endloop
 endfacet
 facet normal 0.957016 0.222509 0.186039
  outer loop
   vertex  5.36699  1.56401  29.2516
   vertex  5.50647   0.9641  29.2516
   vertex  6.57336  1.51601  23.1033
  endloop
 endfacet
 facet normal 0.945473  0.26915  0.18341
  outer loop
   vertex  5.36699  1.56401  29.2516
   vertex  6.57336  1.51601  23.1033
   vertex  6.38626  2.17325  23.1033
  endloop
 endfacet
 facet normal 0.993651 -0.11251        0
  outer loop
   vertex  6.80652  -1.1167  7.52301
   vertex  6.88388 -0.433443  7.52301
   vertex  6.88388 -0.433443       10
  endloop
 endfacet
 facet normal 0.993651 -0.11251        0
  outer loop
   vertex  6.80652  -1.1167  7.52301
   vertex  6.88388 -0.433443       10
   vertex  6.80652  -1.1167       10
  endloop
 endfacet
 facet normal -0.459952 -0.204177  0.86415
  outer loop
   vertex -12.8976 -3.49588  2.55481
   vertex -11.4036 -6.57788  2.62181
   vertex -11.3956 -4.73788  3.06081
  endloop
 endfacet
 facet normal -0.460516 -0.205067 0.863639
  outer loop
   vertex -12.8976 -3.49588  2.55481
   vertex -11.3956 -4.73788  3.06081
   vertex -11.5766 -4.06188  3.12481
  endloop
 endfacet
 facet normal -0.755728 -0.654885        0
  outer loop
   vertex -9.19563 -9.12588  2.68981
   vertex -11.4036 -6.57788  2.62181
   vertex -11.4036 -6.57788  2.42681
  endloop
 endfacet
 facet normal -0.755728 -0.654885       -0
  outer loop
   vertex -9.19563 -9.12588  2.68981
   vertex -11.4036 -6.57788  2.42681
   vertex -9.19563 -9.12588  2.54381
  endloop
 endfacet
 facet normal -0.460606 -0.205407  0.86351
  outer loop
   vertex -11.9196 -3.23388  3.13881
   vertex -12.8976 -3.49588  2.55481
   vertex -11.5766 -4.06188  3.12481
  endloop
 endfacet
 facet normal -0.382503 0.923954        0
  outer loop
   vertex -3.61763  12.8641 -0.474191
   vertex -6.84963  11.5261 -0.382192
   vertex -6.84963  11.5261 -0.0901918
  endloop
 endfacet
 facet normal -0.382503 0.923954        0
  outer loop
   vertex -3.61763  12.8641 -0.474191
   vertex -6.84963  11.5261 -0.0901918
   vertex -3.61763  12.8641 -0.182191
  endloop
 endfacet
 facet normal 0.991429 0.130647        0
  outer loop
   vertex  13.2504 -0.0788777 -3.32719
   vertex  12.7934  3.38912 -3.23519
   vertex  12.7934  3.38912 -2.94319
  endloop
 endfacet
 facet normal 0.991429 0.130647       -0
  outer loop
   vertex  13.2504 -0.0788777 -3.32719
   vertex  12.7934  3.38912 -2.94319
   vertex  13.2504 -0.0788777 -3.03519
  endloop
 endfacet
 facet normal -0.456678 -0.21364 -0.863599
  outer loop
   vertex -13.0926 -3.54788 -6.54819
   vertex -11.3956 -4.73788 -7.15119
   vertex -11.7546 -6.77988 -6.45619
  endloop
 endfacet
 facet normal -0.457741  -0.2157 -0.862524
  outer loop
   vertex -13.0926 -3.54788 -6.54819
   vertex -11.5766 -4.06188 -7.22419
   vertex -11.3956 -4.73788 -7.15119
  endloop
 endfacet
 facet normal -0.498215 0.0907071 0.862296
  outer loop
   vertex -13.5496 -0.0788777 -6.34819
   vertex -12.3346 -0.0788777 -5.64619
   vertex -11.9196  3.07512 -5.73819
  endloop
 endfacet
 facet normal -0.494072 0.0880525 0.864951
  outer loop
   vertex -13.5496 -0.0788777 -6.34819
   vertex -11.9196  3.07512 -5.73819
   vertex -13.0926  3.38912 -6.44019
  endloop
 endfacet
 facet normal -0.412473 0.287948 -0.864264
  outer loop
   vertex -10.1566  6.72512 -7.55219
   vertex -11.7546  6.62112 -6.82419
   vertex -9.62463  9.39612 -6.91619
  endloop
 endfacet
 facet normal -0.416401 0.288257 -0.862275
  outer loop
   vertex -10.1566  6.72512 -7.55219
   vertex -9.62463  9.39612 -6.91619
   vertex -9.31163  7.82612 -7.59219
  endloop
 endfacet
 facet normal -0.171519 -0.489312 0.855076
  outer loop
   vertex -4.80763 -11.3259  4.25481
   vertex -1.95438 -6.61484    7.523
   vertex  -2.6033 -6.38738    7.523
  endloop
 endfacet
 facet normal -0.634144 0.773215        0
  outer loop
   vertex  5.38037 -7.97988 -8.04519
   vertex  5.38037 -7.97988  4.25481
   vertex  6.82037 -6.79888  4.25481
  endloop
 endfacet
 facet normal -0.634144 0.773215        0
  outer loop
   vertex  5.38037 -7.97988 -8.04519
   vertex  6.82037 -6.79888  4.25481
   vertex  6.82037 -6.79888 -8.04519
  endloop
 endfacet
 facet normal 0.214316 -0.457025 -0.863248
  outer loop
   vertex  4.50837 -11.3259 -6.59919
   vertex  3.31837 -13.0229 -5.99619
   vertex  3.83237 -11.5069 -6.67119
  endloop
 endfacet
 facet normal 0.258621 -0.965979 0.000212596
  outer loop
   vertex  3.83237 -11.5069 -6.67119
   vertex   1.6323 -12.0962 -8.04519
   vertex  4.50837 -11.3259 -6.59919
  endloop
 endfacet
 facet normal 0.258712 -0.965954 5.53199e-05
  outer loop
   vertex  1.50738 -12.1297 -8.04519
   vertex   1.6323 -12.0962 -8.04519
   vertex  3.83237 -11.5069 -6.67119
  endloop
 endfacet
 facet normal 0.923921 0.382583        0
  outer loop
   vertex  11.6204  3.07512 -2.24119
   vertex  10.4034  6.01412 -2.14919
   vertex  10.4034  6.01412 -1.63619
  endloop
 endfacet
 facet normal 0.923921 0.382583       -0
  outer loop
   vertex  11.6204  3.07512 -2.24119
   vertex  10.4034  6.01412 -1.63619
   vertex  11.6204  3.07512 -1.72819
  endloop
 endfacet
 facet normal 0.963976 0.265989 3.29777e-08
  outer loop
   vertex -4.19231 -1.44563  7.52301
   vertex -4.34044 -0.908796  7.52301
   vertex -4.34044 -0.908796     35.4
  endloop
 endfacet
 facet normal 0.963976 0.265989 3.29777e-08
  outer loop
   vertex -4.19231 -1.44563  7.52301
   vertex -4.34044 -0.908796     35.4
   vertex -4.19231 -1.44563     35.4
  endloop
 endfacet
 facet normal -0.235191 -0.971949        0
  outer loop
   vertex -1.95438 -6.61484    7.523
   vertex -1.28605 -6.77656    7.523
   vertex -1.28605 -6.77656       10
  endloop
 endfacet
 facet normal -0.235191 -0.971949        0
  outer loop
   vertex -1.95438 -6.61484    7.523
   vertex -1.28605 -6.77656       10
   vertex -1.95438 -6.61484       10
  endloop
 endfacet
 facet normal -0.773431  0.63388        0
  outer loop
   vertex  6.82037 -6.79888 -8.04519
   vertex  6.82037 -6.79888  4.25481
   vertex  8.00137 -5.35788  4.25481
  endloop
 endfacet
 facet normal -0.773431  0.63388        0
  outer loop
   vertex  6.82037 -6.79888 -8.04519
   vertex  8.00137 -5.35788  4.25481
   vertex  8.00137 -5.35788 -8.04519
  endloop
 endfacet
 facet normal -0.518135 -0.142968 -0.843265
  outer loop
   vertex  9.42037  1.77512  4.25481
   vertex  4.34043 0.908796  7.52301
   vertex   4.1923  1.44563  7.52301
  endloop
 endfacet
 facet normal 0.172488 -0.475949 0.862392
  outer loop
   vertex  3.31837 -13.0229 -3.49519
   vertex  6.55037 -11.6849 -3.40319
   vertex  5.94337 -10.6329 -2.70119
  endloop
 endfacet
 facet normal 0.168601 -0.472554 0.865024
  outer loop
   vertex  3.31837 -13.0229 -3.49519
   vertex  5.94337 -10.6329 -2.70119
   vertex  3.00437 -11.8499 -2.79319
  endloop
 endfacet
 facet normal -0.382713 -0.923867        0
  outer loop
   vertex -6.24263 -10.6329  2.99081
   vertex -5.41463 -10.9759  2.97781
   vertex -5.41463 -10.9759  4.09581
  endloop
 endfacet
 facet normal -0.382713 -0.923867        0
  outer loop
   vertex -6.24263 -10.6329  2.99081
   vertex -5.41463 -10.9759  4.09581
   vertex -6.24263 -10.6329  4.06981
  endloop
 endfacet
 facet normal  0.96562 -0.259952 -0.00175741
  outer loop
   vertex  11.2774 -4.06188 -6.35519
   vertex  11.6319 -2.73369 -8.04519
   vertex  11.8675 -1.85835 -8.04519
  endloop
 endfacet
 facet normal 0.965936 -0.25878 -0.00011874
  outer loop
   vertex  11.2774 -4.06188 -6.35519
   vertex  11.8675 -1.85835 -8.04519
   vertex  11.7374 -2.34488 -6.30319
  endloop
 endfacet
 facet normal 0.00137639 -0.99991 -0.0133818
  outer loop
   vertex  1.50738 -12.1297 -8.04519
   vertex  1.43937 -12.1479 -6.69119
   vertex 0.739374 -12.1479 -6.76319
  endloop
 endfacet
 facet normal 0.536366 0.0466294 0.842696
  outer loop
   vertex  11.9184  1.51012  4.25481
   vertex  6.83328 0.939166  7.52301
   vertex  6.89283 0.254125  7.52301
  endloop
 endfacet
 facet normal 0.923954 0.382503        0
  outer loop
   vertex  11.4554  6.62112 -5.05919
   vertex  12.7934  3.38912 -5.15119
   vertex  12.7934  3.38912 -5.44419
  endloop
 endfacet
 facet normal 0.923954 0.382503        0
  outer loop
   vertex  11.4554  6.62112 -5.05919
   vertex  12.7934  3.38912 -5.44419
   vertex  11.4554  6.62112 -5.35219
  endloop
 endfacet
 facet normal -0.991454 0.130455        0
  outer loop
   vertex -12.3346 -0.0788777 -0.716191
   vertex -11.9196  3.07512 -0.80819
   vertex -11.9196  3.07512 -1.32119
  endloop
 endfacet
 facet normal -0.991454 0.130455        0
  outer loop
   vertex -12.3346 -0.0788777 -0.716191
   vertex -11.9196  3.07512 -1.32119
   vertex -12.3346 -0.0788777 -1.22919
  endloop
 endfacet
 facet normal 0.214797 0.453328 0.865076
  outer loop
   vertex  3.00437  11.6911 0.335807
   vertex  5.94337  10.4741 0.243808
   vertex  6.55037  11.5261 -0.458192
  endloop
 endfacet
 facet normal 0.214433  0.45868 0.862341
  outer loop
   vertex  3.00437  11.6911 0.335807
   vertex  6.55037  11.5261 -0.458192
   vertex  3.31837  12.8641 -0.366193
  endloop
 endfacet
 facet normal -0.0431886 0.501671  0.86398
  outer loop
   vertex -0.149626  13.3211  1.93481
   vertex -3.61763  12.8641  2.02681
   vertex -1.73863  11.9891  2.62881
  endloop
 endfacet
 facet normal 0.707107 0.707107 8.30896e-07
  outer loop
   vertex  7.75537  9.08312  2.89981
   vertex  7.26037  9.57812  4.25481
   vertex  9.50737  7.33112  4.25481
  endloop
 endfacet
 facet normal 0.707107 0.707106 -7.51453e-07
  outer loop
   vertex  7.75537  9.08312  2.89981
   vertex  9.50737  7.33112  4.25481
   vertex  9.01237  7.82612  2.84781
  endloop
 endfacet
 facet normal -0.059132 0.527414 0.847548
  outer loop
   vertex -1.73863  11.9891  4.25481
   vertex -1.10923  6.80774    7.523
   vertex -0.42589  6.88436    7.523
  endloop
 endfacet
 facet normal -0.0407957 0.499524 0.865339
  outer loop
   vertex -1.73863  11.9891  2.62881
   vertex -1.03863  11.9891  2.66181
   vertex -0.149626  13.3211  1.93481
  endloop
 endfacet
 facet normal -0.130483 0.991451        0
  outer loop
   vertex -2.41463  11.8081  3.21581
   vertex -2.41463  11.8081  2.70181
   vertex -3.30363  11.6911  2.72781
  endloop
 endfacet
 facet normal -0.130483 0.991451        0
  outer loop
   vertex -2.41463  11.8081  3.21581
   vertex -3.30363  11.6911  2.72781
   vertex -3.30363  11.6911  3.24181
  endloop
 endfacet
 facet normal 0.0292328 1.63175e-05 0.999573
  outer loop
   vertex -0.149626  12.1061  3.14981
   vertex -1.03863  11.9891  3.17581
   vertex 0.739374  11.9891  3.12381
  endloop
 endfacet
 facet normal 0.793122 0.609063       -0
  outer loop
   vertex  8.46637  8.53712  2.35981
   vertex  8.46637  8.53712  2.87381
   vertex  9.01237  7.82612  2.84781
  endloop
 endfacet
 facet normal 0.793122 0.609063        0
  outer loop
   vertex  8.46637  8.53712  2.35981
   vertex  9.01237  7.82612  2.84781
   vertex  9.01237  7.82612  2.33381
  endloop
 endfacet
 facet normal 0.090724  0.49768 0.862603
  outer loop
   vertex -0.149626  13.3211  1.93481
   vertex -0.149626  12.1061  2.63581
   vertex 0.739374  11.9891  2.60981
  endloop
 endfacet
 facet normal -0.0404036 0.499333 0.865468
  outer loop
   vertex -0.149626  13.3211  1.93481
   vertex -1.03863  11.9891  2.66181
   vertex -0.149626  12.1061  2.63581
  endloop
 endfacet
 facet normal        0        1       -0
  outer loop
   vertex -1.03863  11.9891  2.66181
   vertex -1.73863  11.9891  2.62881
   vertex -1.03863  11.9891  3.17581
  endloop
 endfacet
 facet normal 0.497783 0.0884838 -0.862776
  outer loop
   vertex  12.7934  3.38912 -5.44419
   vertex  13.2504 -0.0788777 -5.53619
   vertex  12.0354 -0.0788777 -6.23719
  endloop
 endfacet
 facet normal 0.493017 0.0901119 -0.865341
  outer loop
   vertex  12.7934  3.38912 -5.44419
   vertex  12.0354 -0.0788777 -6.23719
   vertex  11.6204  3.07512 -6.14519
  endloop
 endfacet
 facet normal -0.0417527 0.503907 0.862748
  outer loop
   vertex -1.73863  11.9891  2.62881
   vertex -3.61763  12.8641  2.02681
   vertex -2.41463  11.8081  2.70181
  endloop
 endfacet
 facet normal -0.0411594 0.504412 0.862481
  outer loop
   vertex -3.61763  12.8641  2.02681
   vertex -3.30363  11.6911  2.72781
   vertex -2.41463  11.8081  2.70181
  endloop
 endfacet
 facet normal -0.168383 0.472062 0.865335
  outer loop
   vertex -3.61763  12.8641  2.02681
   vertex -4.13163  11.3481  2.75381
   vertex -3.30363  11.6911  2.72781
  endloop
 endfacet
 facet normal -0.130483 0.991451        0
  outer loop
   vertex -0.149626  12.1061  2.63581
   vertex -1.03863  11.9891  2.66181
   vertex -1.03863  11.9891  3.17581
  endloop
 endfacet
 facet normal -0.130483 0.991451        0
  outer loop
   vertex -0.149626  12.1061  2.63581
   vertex -1.03863  11.9891  3.17581
   vertex -0.149626  12.1061  3.14981
  endloop
 endfacet
 facet normal 0.382713 0.923867        0
  outer loop
   vertex  5.11537  10.8171  2.99181
   vertex  5.94337  10.4741  2.96581
   vertex  5.94337  10.4741  2.45181
  endloop
 endfacet
 facet normal 0.382713 0.923867        0
  outer loop
   vertex  5.11537  10.8171  2.99181
   vertex  5.94337  10.4741  2.45181
   vertex  5.11537  10.8171  2.47781
  endloop
 endfacet
 facet normal -0.25864 0.965974        0
  outer loop
   vertex -2.41463  11.8081  3.21581
   vertex -1.73863  11.9891  2.62881
   vertex -2.41463  11.8081  2.70181
  endloop
 endfacet
 facet normal 0.0282342 0.00760385 0.999572
  outer loop
   vertex -2.41463  11.8081  3.21581
   vertex -3.30363  11.6911  3.24181
   vertex -4.13163  11.3481  3.26781
  endloop
 endfacet
 facet normal 0.991454 0.130455        0
  outer loop
   vertex  12.0354 -0.0788777 -2.33319
   vertex  11.6204  3.07512 -2.24119
   vertex  11.6204  3.07512 -1.72819
  endloop
 endfacet
 facet normal 0.991454 0.130455       -0
  outer loop
   vertex  12.0354 -0.0788777 -2.33319
   vertex  11.6204  3.07512 -1.72819
   vertex  12.0354 -0.0788777 -1.82019
  endloop
 endfacet
 facet normal 0.170538 -0.471436 0.865254
  outer loop
   vertex  3.00437 -11.8499  1.62381
   vertex  3.31837 -13.0229 0.922809
   vertex  6.55037 -11.6849  1.01481
  endloop
 endfacet
 facet normal 0.170305 -0.476482 0.862532
  outer loop
   vertex  3.00437 -11.8499  1.62381
   vertex  6.55037 -11.6849  1.01481
   vertex  5.94337 -10.6329  1.71581
  endloop
 endfacet
 facet normal 0.458679 0.214433 -0.862341
  outer loop
   vertex  11.4554  6.62112 -0.934194
   vertex  12.7934  3.38912 -1.02619
   vertex  11.6204  3.07512 -1.72819
  endloop
 endfacet
 facet normal 0.453328 0.214796 -0.865076
  outer loop
   vertex  11.4554  6.62112 -0.934194
   vertex  11.6204  3.07512 -1.72819
   vertex  10.4034  6.01412 -1.63619
  endloop
 endfacet
 facet normal 0.609064 0.793121        0
  outer loop
   vertex  6.65437  9.92812 -7.78119
   vertex  6.65437  9.92812 -8.04519
   vertex  5.94337  10.4741 -8.04519
  endloop
 endfacet
 facet normal 0.609064 0.793121        0
  outer loop
   vertex  6.65437  9.92812 -7.78119
   vertex  5.94337  10.4741 -8.04519
   vertex  5.94337  10.4741 -7.79519
  endloop
 endfacet
 facet normal        0        0        1
  outer loop
   vertex -2.20559  3.84716     35.4
   vertex -2.56391  4.96761     35.4
   vertex -3.09482   4.6554     35.4
  endloop
 endfacet
 facet normal        0        0        1
  outer loop
   vertex -2.20559  3.84716     35.4
   vertex -3.09482   4.6554     35.4
   vertex -2.67037   3.5404     35.4
  endloop
 endfacet
 facet normal -0.382503 -0.923954        0
  outer loop
   vertex -3.61763 -13.0229 -1.47019
   vertex -6.84963 -11.6849 -1.56219
   vertex -6.84963 -11.6849 -1.85519
  endloop
 endfacet
 facet normal -0.382503 -0.923954       -0
  outer loop
   vertex -3.61763 -13.0229 -1.47019
   vertex -6.84963 -11.6849 -1.85519
   vertex -3.61763 -13.0229 -1.76319
  endloop
 endfacet
 facet normal 0.452828 0.214599 -0.865387
  outer loop
   vertex  11.6204  3.07512 0.480807
   vertex  10.4034  6.01412 0.572806
   vertex  11.4554  6.62112  1.27381
  endloop
 endfacet
 facet normal 0.458184 0.214237 -0.862653
  outer loop
   vertex  11.6204  3.07512 0.480807
   vertex  11.4554  6.62112  1.27381
   vertex  12.7934  3.38912  1.18181
  endloop
 endfacet
 facet normal 0.923954 -0.382503        0
  outer loop
   vertex  11.4554 -6.77988 -3.51119
   vertex  12.7934 -3.54788 -3.41919
   vertex  12.7934 -3.54788 -3.12719
  endloop
 endfacet
 facet normal 0.923954 -0.382503        0
  outer loop
   vertex  11.4554 -6.77988 -3.51119
   vertex  12.7934 -3.54788 -3.12719
   vertex  11.4554 -6.77988 -3.21919
  endloop
 endfacet
 facet normal 0.923954 0.382503        0
  outer loop
   vertex  12.7934  3.38912  1.18181
   vertex  11.4554  6.62112  1.27381
   vertex  11.4554  6.62112  1.56681
  endloop
 endfacet
 facet normal 0.923954 0.382503       -0
  outer loop
   vertex  12.7934  3.38912  1.18181
   vertex  11.4554  6.62112  1.56681
   vertex  12.7934  3.38912  1.47481
  endloop
 endfacet
 facet normal -0.159189 -0.524648 -0.836303
  outer loop
   vertex  1.02576  4.31429  7.52301
   vertex  1.95437  9.24212  4.25481
   vertex  3.73737  8.70112  4.25481
  endloop
 endfacet
 facet normal -0.160013 -0.524221 -0.836414
  outer loop
   vertex  1.02576  4.31429  7.52301
   vertex  3.73737  8.70112  4.25481
   vertex   1.5584  4.15171  7.52301
  endloop
 endfacet
 facet normal 0.216635 -0.457985 -0.86216
  outer loop
   vertex  3.31837 -13.0229 -3.78719
   vertex  3.00437 -11.8499 -4.48919
   vertex  5.94337 -10.6329 -4.39719
  endloop
 endfacet
 facet normal 0.212757 -0.454449 -0.864992
  outer loop
   vertex  3.31837 -13.0229 -3.78719
   vertex  5.94337 -10.6329 -4.39719
   vertex  6.55037 -11.6849 -3.69519
  endloop
 endfacet
 facet normal 0.382503 0.923954        0
  outer loop
   vertex  3.31837  12.8641 -0.366193
   vertex  6.55037  11.5261 -0.458192
   vertex  6.55037  11.5261 -0.750192
  endloop
 endfacet
 facet normal 0.382503 0.923954        0
  outer loop
   vertex  3.31837  12.8641 -0.366193
   vertex  6.55037  11.5261 -0.750192
   vertex  3.31837  12.8641 -0.658193
  endloop
 endfacet
 facet normal -0.923954 -0.382503        0
  outer loop
   vertex -13.0926 -3.54788 -6.54819
   vertex -11.7546 -6.77988 -6.45619
   vertex -11.7546 -6.77988 -6.16419
  endloop
 endfacet
 facet normal -0.923954 -0.382503        0
  outer loop
   vertex -13.0926 -3.54788 -6.54819
   vertex -11.7546 -6.77988 -6.16419
   vertex -13.0926 -3.54788 -6.25619
  endloop
 endfacet
 facet normal 0.453948 -0.21256 0.865303
  outer loop
   vertex  10.4034 -6.17288 -0.309194
   vertex  11.4554 -6.77988 -1.01019
   vertex  12.7934 -3.54788 -0.918191
  endloop
 endfacet
 facet normal 0.457487 -0.216438 0.862473
  outer loop
   vertex  10.4034 -6.17288 -0.309194
   vertex  12.7934 -3.54788 -0.918191
   vertex  11.6204 -3.23388 -0.217191
  endloop
 endfacet
 facet normal -0.382503 -0.923954        0
  outer loop
   vertex -3.61763 -13.0229 0.738807
   vertex -6.84963 -11.6849 0.646808
   vertex -6.84963 -11.6849 0.353808
  endloop
 endfacet
 facet normal -0.382503 -0.923954       -0
  outer loop
   vertex -3.61763 -13.0229 0.738807
   vertex -6.84963 -11.6849 0.353808
   vertex -3.61763 -13.0229 0.445807
  endloop
 endfacet
 facet normal 0.213641 -0.456677 -0.863599
  outer loop
   vertex  3.31837 -13.0229 -5.99619
   vertex  4.50837 -11.3259 -6.59919
   vertex  6.55037 -11.6849 -5.90419
  endloop
 endfacet
 facet normal -0.216383 0.457866 -0.862286
  outer loop
   vertex -3.61763  12.8641 -7.10019
   vertex -4.13163  11.3481 -7.77619
   vertex -5.41463  10.8171 -7.73619
  endloop
 endfacet
 facet normal -0.213262 0.455721 -0.864198
  outer loop
   vertex -3.61763  12.8641 -7.10019
   vertex -5.41463  10.8171 -7.73619
   vertex -6.84963  11.5261 -7.00819
  endloop
 endfacet
 facet normal -0.0712316 -0.514088 0.854774
  outer loop
   vertex -1.73863 -12.1479  4.25481
   vertex -0.604929 -6.87094    7.523
   vertex -1.28605 -6.77656    7.523
  endloop
 endfacet
 facet normal -0.382714 -0.923867        0
  outer loop
   vertex -3.30363 -11.8499  2.65981
   vertex -4.13163 -11.5069  2.59381
   vertex -4.13163 -11.5069  2.04481
  endloop
 endfacet
 facet normal -0.382714 -0.923867       -0
  outer loop
   vertex -3.30363 -11.8499  2.65981
   vertex -4.13163 -11.5069  2.04481
   vertex -3.30363 -11.8499  1.43981
  endloop
 endfacet
 facet normal 0.0467965 0.531525 0.845749
  outer loop
   vertex  1.43937  11.9891  4.25481
   vertex 0.261687  6.89255    7.523
   vertex 0.946663  6.83224    7.523
  endloop
 endfacet
 facet normal -0.923921 0.382583        0
  outer loop
   vertex -11.9196  3.07512 -3.01619
   vertex -10.7026  6.01412 -3.10819
   vertex -10.7026  6.01412 -3.62219
  endloop
 endfacet
 facet normal -0.923921 0.382583        0
  outer loop
   vertex -11.9196  3.07512 -3.01619
   vertex -10.7026  6.01412 -3.62219
   vertex -11.9196  3.07512 -3.53019
  endloop
 endfacet
 facet normal 0.042837 0.499284 -0.865379
  outer loop
   vertex -0.149626  12.1061 0.940806
   vertex -0.149626  13.3211  1.64181
   vertex  3.31837  12.8641  1.54981
  endloop
 endfacet
 facet normal 0.0412106 0.504401 -0.862485
  outer loop
   vertex -0.149626  12.1061 0.940806
   vertex  3.31837  12.8641  1.54981
   vertex  3.00437  11.6911 0.848807
  endloop
 endfacet
 facet normal 0.158052 0.517797 -0.840777
  outer loop
   vertex  -1.5584 -4.15171  7.52301
   vertex -1.02576 -4.31429  7.52301
   vertex -1.75363 -9.39888  4.25481
  endloop
 endfacet
 facet normal  0.15686 0.517929 -0.840919
  outer loop
   vertex  -1.5584 -4.15171  7.52301
   vertex -1.75363 -9.39888  4.25481
   vertex -3.53663 -8.85888  4.25481
  endloop
 endfacet
 facet normal -0.923921 -0.382583        0
  outer loop
   vertex -10.7026 -6.17288 -0.531194
   vertex -11.9196 -3.23388 -0.623193
   vertex -11.9196 -3.23388 -1.13719
  endloop
 endfacet
 facet normal -0.923921 -0.382583       -0
  outer loop
   vertex -10.7026 -6.17288 -0.531194
   vertex -11.9196 -3.23388 -1.13719
   vertex -10.7026 -6.17288 -1.04519
  endloop
 endfacet
 facet normal 0.923921 0.382583        0
  outer loop
   vertex  10.4034  6.01412 -3.84519
   vertex  11.6204  3.07512 -3.93719
   vertex  11.6204  3.07512 -4.45019
  endloop
 endfacet
 facet normal 0.923921 0.382583        0
  outer loop
   vertex  10.4034  6.01412 -3.84519
   vertex  11.6204  3.07512 -4.45019
   vertex  10.4034  6.01412 -4.35819
  endloop
 endfacet
 facet normal 0.0427641 -0.499512 0.865251
  outer loop
   vertex -0.149626 -12.2649 -5.09419
   vertex -0.149626 -13.4809 -5.79619
   vertex  3.31837 -13.0229 -5.70319
  endloop
 endfacet
 facet normal 0.0412096 -0.504402 0.862485
  outer loop
   vertex -0.149626 -12.2649 -5.09419
   vertex  3.31837 -13.0229 -5.70319
   vertex  3.00437 -11.8499 -5.00219
  endloop
 endfacet
 facet normal 0.499285 -0.0428239 -0.865379
  outer loop
   vertex  12.0354 -0.0788777 -1.82019
   vertex  13.2504 -0.0788777 -1.11919
   vertex  12.7934 -3.54788 -1.21119
  endloop
 endfacet
 facet normal 0.504402 -0.0411979 -0.862486
  outer loop
   vertex  12.0354 -0.0788777 -1.82019
   vertex  12.7934 -3.54788 -1.21119
   vertex  11.6204 -3.23388 -1.91219
  endloop
 endfacet
 facet normal 0.170305 0.476482 -0.862532
  outer loop
   vertex  6.55037  11.5261  1.45781
   vertex  5.94337  10.4741 0.756808
   vertex  3.00437  11.6911 0.848807
  endloop
 endfacet
 facet normal 0.170538 0.471436 -0.865254
  outer loop
   vertex  6.55037  11.5261  1.45781
   vertex  3.00437  11.6911 0.848807
   vertex  3.31837  12.8641  1.54981
  endloop
 endfacet
 facet normal 0.042837 0.499284 -0.865379
  outer loop
   vertex -0.149626  12.1061 -3.47619
   vertex -0.149626  13.3211 -2.77519
   vertex  3.31837  12.8641 -2.86719
  endloop
 endfacet
 facet normal 0.0412106 0.504401 -0.862485
  outer loop
   vertex -0.149626  12.1061 -3.47619
   vertex  3.31837  12.8641 -2.86719
   vertex  3.00437  11.6911 -3.56819
  endloop
 endfacet
 facet normal 0.476971 -0.170517 -0.862219
  outer loop
   vertex  11.4554 -6.77988 -3.51119
   vertex  10.4034 -6.17288 -4.21319
   vertex  11.6204 -3.23388 -4.12119
  endloop
 endfacet
 facet normal 0.471932 -0.170751 -0.864942
  outer loop
   vertex  11.4554 -6.77988 -3.51119
   vertex  11.6204 -3.23388 -4.12119
   vertex  12.7934 -3.54788 -3.41919
  endloop
 endfacet
 facet normal -0.453949 -0.212559 -0.865303
  outer loop
   vertex -10.7026 -6.17288 -2.74019
   vertex -11.7546 -6.77988 -2.03919
   vertex -13.0926 -3.54788 -2.13119
  endloop
 endfacet
 facet normal -0.457487 -0.216437 -0.862473
  outer loop
   vertex -10.7026 -6.17288 -2.74019
   vertex -13.0926 -3.54788 -2.13119
   vertex -11.9196 -3.23388 -2.83219
  endloop
 endfacet
 facet normal 0.444591 -0.895734        0
  outer loop
   vertex  2.75479 -6.32352    7.523
   vertex  3.37072  -6.0178    7.523
   vertex  3.37072  -6.0178       10
  endloop
 endfacet
 facet normal 0.444591 -0.895734        0
  outer loop
   vertex  2.75479 -6.32352    7.523
   vertex  3.37072  -6.0178       10
   vertex  2.75479 -6.32352       10
  endloop
 endfacet
 facet normal -0.382503 0.923954        0
  outer loop
   vertex -3.61763  12.8641  1.73381
   vertex -6.84963  11.5261  1.82581
   vertex -6.84963  11.5261  2.11881
  endloop
 endfacet
 facet normal -0.382503 0.923954        0
  outer loop
   vertex -3.61763  12.8641  1.73381
   vertex -6.84963  11.5261  2.11881
   vertex -3.61763  12.8641  2.02681
  endloop
 endfacet
 facet normal -0.965975 -0.258636 4.05402e-06
  outer loop
   vertex -12.2176 -1.66888 -8.04519
   vertex -12.1974  -1.7446 -8.04519
   vertex -12.0366 -2.34488 -7.27619
  endloop
 endfacet
 facet normal -0.965974 -0.258641        0
  outer loop
   vertex -12.2176 -1.66888 -8.04519
   vertex -12.0366 -2.34488 -7.27619
   vertex -12.2176 -1.66888 -7.24319
  endloop
 endfacet
 facet normal 0.249057 0.446479 0.859434
  outer loop
   vertex  3.26637  12.6691 -7.01619
   vertex  3.00437  11.6911 -6.43219
   vertex  6.34837  11.1751 -7.13319
  endloop
 endfacet
 facet normal 0.127002 0.483891 0.865864
  outer loop
   vertex  2.11537  11.8081 -6.36619
   vertex  3.26637  12.6691 -7.01619
   vertex  1.43937  11.9891 -6.36819
  endloop
 endfacet
 facet normal 0.127875 0.483002 0.866232
  outer loop
   vertex  2.11537  11.8081 -6.36619
   vertex  3.00437  11.6911 -6.43219
   vertex  3.26637  12.6691 -7.01619
  endloop
 endfacet
 facet normal 0.382415  0.92399 -0.000628526
  outer loop
   vertex  3.83237  11.3481 -6.23719
   vertex  3.00437  11.6911 -5.77719
   vertex  5.11537  10.8171 -6.23719
  endloop
 endfacet
 facet normal 0.382592 0.923917 0.000320381
  outer loop
   vertex  5.94337  10.4741 -5.86919
   vertex  5.11537  10.8171 -6.23719
   vertex  3.00437  11.6911 -5.77719
  endloop
 endfacet
 facet normal 0.140413 0.524243 0.839913
  outer loop
   vertex  4.50837  11.1671  4.25481
   vertex  1.43937  11.9891  4.25481
   vertex  1.62223  6.70404    7.523
  endloop
 endfacet
 facet normal 0.152922  0.51758 0.841859
  outer loop
   vertex  4.50837  11.1671  4.25481
   vertex  1.62223  6.70404    7.523
   vertex  2.28168   6.5092    7.523
  endloop
 endfacet
 facet normal        0       -1        0
  outer loop
   vertex -1.73863 -12.1479  2.82981
   vertex -1.73863 -12.1479  2.04481
   vertex -1.03863 -12.1479  2.04481
  endloop
 endfacet
 facet normal        0       -1        0
  outer loop
   vertex -1.73863 -12.1479  2.82981
   vertex -1.03863 -12.1479  2.04481
   vertex -1.03863 -12.1479  2.82681
  endloop
 endfacet
 facet normal -0.25864 -0.965974        0
  outer loop
   vertex -2.41463 -11.9669  2.04481
   vertex -1.73863 -12.1479  2.04481
   vertex -1.73863 -12.1479  2.82981
  endloop
 endfacet
 facet normal -0.25864 -0.965974        0
  outer loop
   vertex -2.41463 -11.9669  2.04481
   vertex -1.73863 -12.1479  2.82981
   vertex -2.41463 -11.9669  2.72481
  endloop
 endfacet
 facet normal -0.964999 -0.261068 -0.0249005
  outer loop
   vertex -11.5766 -4.06188 -7.22419
   vertex -11.3848 -4.69273 -8.04519
   vertex -11.3956 -4.73788 -7.15119
  endloop
 endfacet
 facet normal        0        0       -1
  outer loop
   vertex   3.7046 -5.63766  29.2516
   vertex  2.83366 -4.81882  29.2516
   vertex  3.34658 -4.47785  29.2516
  endloop
 endfacet
 facet normal        0        0       -1
  outer loop
   vertex   3.7046 -5.63766  29.2516
   vertex  3.34658 -4.47785  29.2516
   vertex  4.25595 -5.23395  29.2516
  endloop
 endfacet
 facet normal        0        0       -1
  outer loop
   vertex  2.11537 -11.9669  2.04481
   vertex  1.43937 -12.1479  2.04481
   vertex 0.739374 -12.1479  2.04481
  endloop
 endfacet
 facet normal  0.25864 -0.965974        0
  outer loop
   vertex  1.43937 -12.1479  2.04481
   vertex  2.11537 -11.9669  2.11081
   vertex  1.43937 -12.1479  4.25481
  endloop
 endfacet
 facet normal  0.25864 -0.965974        0
  outer loop
   vertex  2.11537 -11.9669  2.04481
   vertex  2.11537 -11.9669  2.11081
   vertex  1.43937 -12.1479  2.04481
  endloop
 endfacet
 facet normal        0       -1       -0
  outer loop
   vertex  1.43937 -12.1479  4.25481
   vertex 0.739374 -12.1479  2.07081
   vertex  1.43937 -12.1479  2.04481
  endloop
 endfacet
 facet normal        0       -1        0
  outer loop
   vertex  1.43937 -12.1479  2.04481
   vertex 0.739374 -12.1479  2.07081
   vertex 0.739374 -12.1479  2.04481
  endloop
 endfacet
 facet normal -0.923954 0.382503        0
  outer loop
   vertex -11.7546  6.62112 -6.82419
   vertex -13.0926  3.38912 -6.73219
   vertex -13.0926  3.38912 -6.44019
  endloop
 endfacet
 facet normal -0.923954 0.382503        0
  outer loop
   vertex -11.7546  6.62112 -6.82419
   vertex -13.0926  3.38912 -6.44019
   vertex -11.7546  6.62112 -6.53219
  endloop
 endfacet
 facet normal 0.382503 0.923954        0
  outer loop
   vertex  6.55037  11.5261 -5.16819
   vertex  3.31837  12.8641 -5.07619
   vertex  3.31837  12.8641 -4.78319
  endloop
 endfacet
 facet normal 0.382503 0.923954       -0
  outer loop
   vertex  6.55037  11.5261 -5.16819
   vertex  3.31837  12.8641 -4.78319
   vertex  6.55037  11.5261 -4.87519
  endloop
 endfacet
 facet normal -0.453948  0.21256 0.865303
  outer loop
   vertex -10.7026  6.01412 -1.41319
   vertex -11.7546  6.62112 -2.11419
   vertex -13.0926  3.38912 -2.02219
  endloop
 endfacet
 facet normal -0.457487 0.216438 0.862473
  outer loop
   vertex -10.7026  6.01412 -1.41319
   vertex -13.0926  3.38912 -2.02219
   vertex -11.9196  3.07512 -1.32119
  endloop
 endfacet
 facet normal        0       -1        0
  outer loop
   vertex -1.03863 -12.1479  4.22881
   vertex -0.149626 -12.1479  4.25381
   vertex -1.73863 -12.1479  4.25481
  endloop
 endfacet
 facet normal       -0       -1        0
  outer loop
   vertex  1.43937 -12.1479  4.25481
   vertex -1.73863 -12.1479  4.25481
   vertex -0.149626 -12.1479  4.25381
  endloop
 endfacet
 facet normal -0.0281068 0.00857117 0.999568
  outer loop
   vertex -0.149626 -12.1479  4.25381
   vertex -1.03863 -12.1479  4.22881
   vertex -0.149626 -12.2649  4.25481
  endloop
 endfacet
 facet normal 0.123836 0.495896 0.859506
  outer loop
   vertex -0.149626  12.1061 -6.19919
   vertex  3.26637  12.6691 -7.01619
   vertex -0.149626  13.3211 -6.90019
  endloop
 endfacet
 facet normal  0.12707 0.484771 0.865361
  outer loop
   vertex  3.26637  12.6691 -7.01619
   vertex -0.149626  12.1061 -6.19919
   vertex 0.739374  11.9891 -6.26419
  endloop
 endfacet
 facet normal        0        0        1
  outer loop
   vertex  1.43937  11.9891 -6.23719
   vertex 0.739374  11.9891 -6.23719
   vertex  2.11537  11.8081 -6.23719
  endloop
 endfacet
 facet normal  0.12889 0.480403 0.867526
  outer loop
   vertex  1.43937  11.9891 -6.36819
   vertex  3.26637  12.6691 -7.01619
   vertex 0.739374  11.9891 -6.26419
  endloop
 endfacet
 facet normal 0.881624 0.471953       -0
  outer loop
   vertex -8.67963 -3.71588 -8.04519
   vertex -8.67963 -3.71588  4.25481
   vertex -7.80063 -5.35788  4.25481
  endloop
 endfacet
 facet normal 0.881624 0.471953        0
  outer loop
   vertex -8.67963 -3.71588 -8.04519
   vertex -7.80063 -5.35788  4.25481
   vertex -7.80063 -5.35788 -8.04519
  endloop
 endfacet
 facet normal -0.476483 0.170304 -0.862531
  outer loop
   vertex -11.7546  6.62112 -2.40719
   vertex -10.7026  6.01412 -3.10819
   vertex -11.9196  3.07512 -3.01619
  endloop
 endfacet
 facet normal -0.471436 0.170537 -0.865254
  outer loop
   vertex -11.7546  6.62112 -2.40719
   vertex -11.9196  3.07512 -3.01619
   vertex -13.0926  3.38912 -2.31519
  endloop
 endfacet
 facet normal -0.130454 0.991454        0
  outer loop
   vertex -3.30363  11.6911 -1.17619
   vertex -0.149626  12.1061 -1.26819
   vertex -0.149626  12.1061 -1.78119
  endloop
 endfacet
 facet normal -0.130454 0.991454        0
  outer loop
   vertex -3.30363  11.6911 -1.17619
   vertex -0.149626  12.1061 -1.78119
   vertex -3.30363  11.6911 -1.68919
  endloop
 endfacet
 facet normal 0.382583 -0.923921        0
  outer loop
   vertex  3.00437 -11.8499 -0.585191
   vertex  5.94337 -10.6329 -0.493192
   vertex  5.94337 -10.6329 0.0208082
  endloop
 endfacet
 facet normal 0.382583 -0.923921        0
  outer loop
   vertex  3.00437 -11.8499 -0.585191
   vertex  5.94337 -10.6329 0.0208082
   vertex  3.00437 -11.8499 -0.0711908
  endloop
 endfacet
 facet normal 0.991454 0.130455        0
  outer loop
   vertex  12.0354 -0.0788777 0.388808
   vertex  12.0354 -0.0788777 -0.125192
   vertex  11.6204  3.07512 -0.0331926
  endloop
 endfacet
 facet normal 0.991454 0.130455        0
  outer loop
   vertex  12.0354 -0.0788777 0.388808
   vertex  11.6204  3.07512 -0.0331926
   vertex  11.6204  3.07512 0.480807
  endloop
 endfacet
 facet normal 0.214599 -0.452828 -0.865387
  outer loop
   vertex  3.00437 -11.8499 -2.28019
   vertex  5.94337 -10.6329 -2.18819
   vertex  6.55037 -11.6849 -1.48719
  endloop
 endfacet
 facet normal 0.214237 -0.458182 -0.862654
  outer loop
   vertex  3.00437 -11.8499 -2.28019
   vertex  6.55037 -11.6849 -1.48719
   vertex  3.31837 -13.0229 -1.57919
  endloop
 endfacet
 facet normal -0.323391 -0.38355 0.865047
  outer loop
   vertex -8.76563 -8.69588  1.25581
   vertex -9.62463 -9.55488 0.553809
   vertex -6.84963 -11.6849 0.646808
  endloop
 endfacet
 facet normal -0.32758 -0.385717 0.862504
  outer loop
   vertex -8.76563 -8.69588  1.25581
   vertex -6.84963 -11.6849 0.646808
   vertex -6.24263 -10.6329  1.34781
  endloop
 endfacet
 facet normal 0.170305 -0.476482 0.862532
  outer loop
   vertex  6.55037 -11.6849 -5.61119
   vertex  5.94337 -10.6329 -4.91019
   vertex  3.00437 -11.8499 -5.00219
  endloop
 endfacet
 facet normal 0.170538 -0.471436 0.865254
  outer loop
   vertex  6.55037 -11.6849 -5.61119
   vertex  3.00437 -11.8499 -5.00219
   vertex  3.31837 -13.0229 -5.70319
  endloop
 endfacet
 facet normal 0.793196 0.608966        0
  outer loop
   vertex  10.4034  6.01412 -4.35819
   vertex  8.46637  8.53712 -4.26619
   vertex  8.46637  8.53712 -3.75219
  endloop
 endfacet
 facet normal 0.793196 0.608966       -0
  outer loop
   vertex  10.4034  6.01412 -4.35819
   vertex  8.46637  8.53712 -3.75219
   vertex  10.4034  6.01412 -3.84519
  endloop
 endfacet
 facet normal 0.130417 0.991459 -0.000107892
  outer loop
   vertex 0.739374  11.9891 -6.23719
   vertex -0.149626  12.1061 -5.68519
   vertex  2.11537  11.8081 -6.23719
  endloop
 endfacet
 facet normal 0.130456 0.991454 5.35155e-05
  outer loop
   vertex  3.00437  11.6911 -5.77719
   vertex  2.11537  11.8081 -6.23719
   vertex -0.149626  12.1061 -5.68519
  endloop
 endfacet
 facet normal -0.00367838 -0.512362 -0.858761
  outer loop
   vertex -0.149626 -12.2649  2.89281
   vertex -1.73863 -12.1479  2.82981
   vertex -1.03863 -12.1479  2.82681
  endloop
 endfacet
 facet normal -0.0529147 -0.505134 0.861417
  outer loop
   vertex -1.73863 -12.1479  2.86381
   vertex -0.149626 -12.2649  2.89281
   vertex -1.03863 -12.1479  2.90681
  endloop
 endfacet
 facet normal -0.793121 -0.609064        0
  outer loop
   vertex -10.1566 -6.88388  3.91181
   vertex -10.7026 -6.17288  3.88581
   vertex -10.7026 -6.17288  3.08981
  endloop
 endfacet
 facet normal -0.793121 -0.609064       -0
  outer loop
   vertex -10.1566 -6.88388  3.91181
   vertex -10.7026 -6.17288  3.08981
   vertex -10.1566 -6.88388  3.07581
  endloop
 endfacet
 facet normal        1        0        0
  outer loop
   vertex -0.149626 -12.2649  4.25481
   vertex -0.149626 -12.2649  2.89281
   vertex -0.149626 -12.1479  4.25381
  endloop
 endfacet
 facet normal        1        0       -0
  outer loop
   vertex -0.149626 -12.1479  2.04481
   vertex -0.149626 -12.1479  4.25381
   vertex -0.149626 -12.2649  2.89281
  endloop
 endfacet
 facet normal 0.387394 0.325942 -0.862373
  outer loop
   vertex  9.32537  9.39612 -3.05119
   vertex  11.4554  6.62112 -3.14319
   vertex  10.4034  6.01412 -3.84519
  endloop
 endfacet
 facet normal  0.38148 0.324778 -0.865443
  outer loop
   vertex  9.32537  9.39612 -3.05119
   vertex  10.4034  6.01412 -3.84519
   vertex  8.46637  8.53712 -3.75219
  endloop
 endfacet
 facet normal  0.89249 -0.411536 0.184662
  outer loop
   vertex  5.97507 -3.13142  29.2516
   vertex  6.26122 -2.51087  29.2516
   vertex  5.19594 -2.06225     35.4
  endloop
 endfacet
 facet normal 0.892108 -0.412323 0.184751
  outer loop
   vertex  5.97507 -3.13142  29.2516
   vertex  5.19594 -2.06225     35.4
   vertex  4.93754 -2.62133     35.4
  endloop
 endfacet
 facet normal -0.130484 -0.99145        0
  outer loop
   vertex -0.149626 -12.2649  1.53181
   vertex -0.149626 -12.2649  2.04481
   vertex -1.03863 -12.1479  2.04481
  endloop
 endfacet
 facet normal 0.130417 -0.991459 0.000117937
  outer loop
   vertex -0.149626 -12.2649  1.53181
   vertex  2.11537 -11.9669  2.04481
   vertex 0.739374 -12.1479  2.04481
  endloop
 endfacet
 facet normal 0.130456 -0.991454 -5.60698e-05
  outer loop
   vertex -0.149626 -12.2649  1.53181
   vertex  3.00437 -11.8499  1.62381
   vertex  2.11537 -11.9669  2.04481
  endloop
 endfacet
 facet normal -0.0292349        0 0.999573
  outer loop
   vertex -0.149626 -12.2649  2.04481
   vertex 0.739374 -12.1479  2.07081
   vertex -0.149626 -12.1479  2.04481
  endloop
 endfacet
 facet normal        1        0        0
  outer loop
   vertex -0.149626 -12.2649  2.04481
   vertex -0.149626 -12.1479  2.04481
   vertex -0.149626 -12.2649  2.89281
  endloop
 endfacet
 facet normal -0.25872 -0.965952 0.000875669
  outer loop
   vertex -1.73863 -12.1479  4.25481
   vertex -4.80763 -11.3259  4.25481
   vertex -2.41463 -11.9669  4.18881
  endloop
 endfacet
 facet normal  -0.7627 -0.620183  0.18347
  outer loop
   vertex -4.38394 -3.46869  23.1033
   vertex -5.44279 -3.98539  16.9549
   vertex -5.01167 -4.51558  16.9549
  endloop
 endfacet
 facet normal -0.735774 -0.651184 0.185999
  outer loop
   vertex -4.38394 -3.46869  23.1033
   vertex -5.01167 -4.51558  16.9549
   vertex -3.97575 -3.92991  23.1033
  endloop
 endfacet
 facet normal -0.130456 -0.991454 5.00007e-05
  outer loop
   vertex -3.30363 -11.8499  1.43981
   vertex -0.149626 -12.2649  1.53181
   vertex -1.03863 -12.1479  2.04481
  endloop
 endfacet
 facet normal        0        0       -1
  outer loop
   vertex -2.41463 -11.9669  2.04481
   vertex -1.03863 -12.1479  2.04481
   vertex -1.73863 -12.1479  2.04481
  endloop
 endfacet
 facet normal -0.00428479 -0.513709 -0.857954
  outer loop
   vertex -3.35563 -12.0459  2.77681
   vertex -2.41463 -11.9669  2.72481
   vertex -1.73863 -12.1479  2.82981
  endloop
 endfacet
 facet normal -0.0681506 -0.997675       -0
  outer loop
   vertex -3.35563 -12.0459  2.82481
   vertex -3.35563 -12.0459  2.77681
   vertex -0.149626 -12.2649  2.89281
  endloop
 endfacet
 facet normal -0.0516626 -0.485302 0.872819
  outer loop
   vertex -3.35563 -12.0459  2.82481
   vertex -0.149626 -12.2649  2.89281
   vertex -1.73863 -12.1479  2.86381
  endloop
 endfacet
 facet normal -0.0524117 -0.501572 0.863527
  outer loop
   vertex -2.41463 -11.9669  2.92781
   vertex -3.30363 -11.8499  2.94181
   vertex -3.35563 -12.0459  2.82481
  endloop
 endfacet
 facet normal -0.0524514 -0.501301 0.863682
  outer loop
   vertex -2.41463 -11.9669  2.92781
   vertex -3.35563 -12.0459  2.82481
   vertex -1.73863 -12.1479  2.86381
  endloop
 endfacet
 facet normal -0.00695925 -0.545711 -0.837944
  outer loop
   vertex -3.35563 -12.0459  2.77681
   vertex -1.73863 -12.1479  2.82981
   vertex -0.149626 -12.2649  2.89281
  endloop
 endfacet
 facet normal 0.923867 0.382714        0
  outer loop
   vertex  11.6204  3.07512  2.17581
   vertex  11.2774  3.90312  2.20181
   vertex  11.2774  3.90312  2.71481
  endloop
 endfacet
 facet normal 0.923867 0.382714       -0
  outer loop
   vertex  11.6204  3.07512  2.17581
   vertex  11.2774  3.90312  2.71481
   vertex  11.6204  3.07512  2.68981
  endloop
 endfacet
 facet normal -0.180126 -0.468933 0.864671
  outer loop
   vertex -4.80763 -11.3259  2.91281
   vertex -6.44463 -10.9829  2.75781
   vertex -3.35563 -12.0459  2.82481
  endloop
 endfacet
 facet normal -0.130454 0.991454        0
  outer loop
   vertex -3.30363  11.6911  1.03281
   vertex -0.149626  12.1061 0.940806
   vertex -0.149626  12.1061  0.42781
  endloop
 endfacet
 facet normal -0.130454 0.991454        0
  outer loop
   vertex -3.30363  11.6911  1.03281
   vertex -0.149626  12.1061  0.42781
   vertex -3.30363  11.6911 0.519809
  endloop
 endfacet
 facet normal 0.498216 -0.0906785 0.862298
  outer loop
   vertex  13.2504 -0.0788777 -3.03519
   vertex  12.0354 -0.0788777 -2.33319
   vertex  11.6204 -3.23388 -2.42519
  endloop
 endfacet
 facet normal 0.494078 -0.0880278  0.86495
  outer loop
   vertex  13.2504 -0.0788777 -3.03519
   vertex  11.6204 -3.23388 -2.42519
   vertex  12.7934 -3.54788 -3.12719
  endloop
 endfacet
 facet normal -0.454329 -0.212975 -0.865001
  outer loop
   vertex -10.7026 -6.17288 -4.94919
   vertex -11.7546 -6.77988 -4.24719
   vertex -13.0926 -3.54788 -4.34019
  endloop
 endfacet
 facet normal -0.457487 -0.216437 -0.862473
  outer loop
   vertex -10.7026 -6.17288 -4.94919
   vertex -13.0926 -3.54788 -4.34019
   vertex -11.9196 -3.23388 -5.04119
  endloop
 endfacet
 facet normal -0.0429355 -0.498974 -0.865553
  outer loop
   vertex -0.149626 -12.2649 -2.37219
   vertex -0.149626 -13.4809 -1.67119
   vertex -3.61763 -13.0229 -1.76319
  endloop
 endfacet
 facet normal -0.0412106 -0.504402 -0.862485
  outer loop
   vertex -0.149626 -12.2649 -2.37219
   vertex -3.61763 -13.0229 -1.76319
   vertex -3.30363 -11.8499 -2.46419
  endloop
 endfacet
 facet normal 0.130928 -0.991392        0
  outer loop
   vertex -0.149626 -13.4809  0.83081
   vertex -0.149626 -13.4809 0.537807
   vertex  3.31837 -13.0229 0.629809
  endloop
 endfacet
 facet normal 0.130928 -0.991392        0
  outer loop
   vertex -0.149626 -13.4809  0.83081
   vertex  3.31837 -13.0229 0.629809
   vertex  3.31837 -13.0229 0.922809
  endloop
 endfacet
 facet normal 0.865949 0.500133        0
  outer loop
   vertex  9.50737  7.33112  4.25481
   vertex  9.85737  6.72512  2.80781
   vertex  9.50737  7.33112  2.26081
  endloop
 endfacet
 facet normal 0.707106 0.707107        0
  outer loop
   vertex  9.50737  7.33112  4.25481
   vertex  9.50737  7.33112  2.26081
   vertex  9.01237  7.82612  2.84781
  endloop
 endfacet
 facet normal    0.403 -0.347195 0.846786
  outer loop
   vertex  9.50737 -7.48988  4.25481
   vertex  5.44356 -4.23596  7.52301
   vertex  4.99475 -4.75691  7.52301
  endloop
 endfacet
 facet normal 0.258641 0.965974       -0
  outer loop
   vertex  4.50837  11.1671  2.44481
   vertex  3.83237  11.3481  3.03181
   vertex  4.50837  11.1671  4.25481
  endloop
 endfacet
 facet normal 0.499517 0.866304       -0
  outer loop
   vertex  4.50837  11.1671  2.44481
   vertex  4.50837  11.1671  4.25481
   vertex  5.11537  10.8171  2.99181
  endloop
 endfacet
 facet normal 0.533039 -0.0603552 0.843935
  outer loop
   vertex  11.9184 -1.66888  4.25481
   vertex  6.88388 -0.433443  7.52301
   vertex  6.80652  -1.1167  7.52301
  endloop
 endfacet
 facet normal -0.913275 -0.363375 0.184084
  outer loop
   vertex -5.27269 -1.85729  29.2516
   vertex -6.38626 -2.17325  23.1033
   vertex -6.13363 -2.80818  23.1033
  endloop
 endfacet
 facet normal -0.907454 -0.377041 0.185382
  outer loop
   vertex -5.27269 -1.85729  29.2516
   vertex -6.13363 -2.80818  23.1033
   vertex -5.03637 -2.42605  29.2516
  endloop
 endfacet
 facet normal 0.205647 0.461201 -0.863136
  outer loop
   vertex  3.00437  11.6911 -7.84519
   vertex  3.26637  12.6691 -7.26019
   vertex  3.83237  11.3481 -7.83119
  endloop
 endfacet
 facet normal 0.204121 0.460404 -0.863923
  outer loop
   vertex  6.34837  11.1751 -7.32819
   vertex  4.50837  11.1671 -7.76719
   vertex  3.26637  12.6691 -7.26019
  endloop
 endfacet
 facet normal 0.205187 0.461079 -0.86331
  outer loop
   vertex  3.83237  11.3481 -7.83119
   vertex  3.26637  12.6691 -7.26019
   vertex  4.50837  11.1671 -7.76719
  endloop
 endfacet
 facet normal  0.07889 0.495377 -0.865088
  outer loop
   vertex  3.26637  12.6691 -7.26019
   vertex  2.11537  11.8081 -7.85819
   vertex  1.43937  11.9891 -7.81619
  endloop
 endfacet
 facet normal 0.259282   0.9658 -0.00189962
  outer loop
   vertex  3.83237  11.3481 -8.01219
   vertex  4.50837  11.1671 -7.76719
   vertex  3.99382  11.3047 -8.04519
  endloop
 endfacet
 facet normal 0.259284 0.965799 -0.00190312
  outer loop
   vertex  3.99382  11.3047 -8.04519
   vertex  4.50837  11.1671 -7.76719
   vertex  4.47872  11.1745 -8.04519
  endloop
 endfacet
 facet normal 0.258641 0.965974        0
  outer loop
   vertex  3.83237  11.3481 -7.83119
   vertex  4.50837  11.1671 -7.76719
   vertex  3.83237  11.3481 -8.01219
  endloop
 endfacet
 facet normal 0.258931 0.965889 -0.00373529
  outer loop
   vertex  3.83237  11.3481 -8.01219
   vertex  3.99382  11.3047 -8.04519
   vertex  3.22492  11.5108 -8.04519
  endloop
 endfacet
 facet normal 0.762602 0.620104 0.184147
  outer loop
   vertex  5.44279  3.98539  23.1033
   vertex  5.01167  4.51558  23.1033
   vertex  4.18619  3.70493  29.2516
  endloop
 endfacet
 facet normal  0.77063 0.609744 0.185315
  outer loop
   vertex  5.44279  3.98539  23.1033
   vertex  4.18619  3.70493  29.2516
   vertex  4.56836  3.22192  29.2516
  endloop
 endfacet
 facet normal 0.258768 0.965939 -0.000509402
  outer loop
   vertex  2.11537  11.8081 -7.96019
   vertex  3.22492  11.5108 -8.04519
   vertex  1.79966  11.8927 -8.04519
  endloop
 endfacet
 facet normal 0.258769 0.965939 -0.000498667
  outer loop
   vertex  2.11537  11.8081 -7.96019
   vertex  3.83237  11.3481 -8.01219
   vertex  3.22492  11.5108 -8.04519
  endloop
 endfacet
 facet normal 0.258641 0.965974        0
  outer loop
   vertex  1.43937  11.9891 -7.81619
   vertex  1.79966  11.8927 -8.04519
   vertex  1.43937  11.9891 -8.04519
  endloop
 endfacet
 facet normal -0.0495635  0.95943 -0.277555
  outer loop
   vertex 0.739374  11.9891 -7.92019
   vertex  1.43937  11.9891 -8.04519
   vertex -2.49729  11.7858 -8.04519
  endloop
 endfacet
 facet normal -0.0282321 0.00762012 -0.999572
  outer loop
   vertex  2.11537  11.8081 -7.96019
   vertex  3.00437  11.6911 -7.98619
   vertex  3.83237  11.3481 -8.01219
  endloop
 endfacet
 facet normal  0.25864 0.965974 -5.61914e-07
  outer loop
   vertex  1.43937  11.9891 -7.81619
   vertex  2.11537  11.8081 -7.85819
   vertex  1.79966  11.8927 -8.04519
  endloop
 endfacet
 facet normal  0.25864 0.965974        0
  outer loop
   vertex  1.79966  11.8927 -8.04519
   vertex  2.11537  11.8081 -7.85819
   vertex  2.11537  11.8081 -7.96019
  endloop
 endfacet
 facet normal -0.0245973 -0.547088 -0.836714
  outer loop
   vertex  0.47695  4.40883  7.52301
   vertex -0.0793845  4.43384  7.52301
   vertex 0.100374  9.42412  4.25481
  endloop
 endfacet
 facet normal -0.053795 -0.547999 -0.834747
  outer loop
   vertex  0.47695  4.40883  7.52301
   vertex 0.100374  9.42412  4.25481
   vertex  1.95437  9.24212  4.25481
  endloop
 endfacet
 facet normal 0.0789251 0.498561 -0.863254
  outer loop
   vertex  1.43937  11.9891 -7.81619
   vertex 0.739374  11.9891 -7.88019
   vertex -0.149626  13.3211 -7.19219
  endloop
 endfacet
 facet normal -0.99145 -0.130484        0
  outer loop
   vertex -11.9196 -3.23388  3.13881
   vertex -11.9196 -3.23388  3.79381
   vertex -12.0366 -2.34488  3.76781
  endloop
 endfacet
 facet normal -0.99145 -0.130484        0
  outer loop
   vertex -11.9196 -3.23388  3.13881
   vertex -12.0366 -2.34488  3.76781
   vertex -12.0366 -2.34488  3.15281
  endloop
 endfacet
 facet normal 0.130483 0.991451        0
  outer loop
   vertex 0.739374  11.9891 -7.88019
   vertex 0.739374  11.9891 -7.92019
   vertex -0.149626  12.1061 -7.89419
  endloop
 endfacet
 facet normal 0.0779622 0.496306 -0.86464
  outer loop
   vertex  3.26637  12.6691 -7.26019
   vertex  3.00437  11.6911 -7.84519
   vertex  2.11537  11.8081 -7.85819
  endloop
 endfacet
 facet normal 0.0777581 0.497504 -0.86397
  outer loop
   vertex -0.149626  13.3211 -7.19219
   vertex  3.26637  12.6691 -7.26019
   vertex  1.43937  11.9891 -7.81619
  endloop
 endfacet
 facet normal -0.965784 0.259349        0
  outer loop
   vertex -6.56406  2.11869    7.523
   vertex  -6.7424  1.45459    7.523
   vertex  -6.7424  1.45459       10
  endloop
 endfacet
 facet normal -0.965784 0.259349        0
  outer loop
   vertex -6.56406  2.11869    7.523
   vertex  -6.7424  1.45459       10
   vertex -6.56406  2.11869       10
  endloop
 endfacet
 facet normal 0.0792263 0.498705 -0.863143
  outer loop
   vertex 0.739374  11.9891 -7.88019
   vertex -0.149626  12.1061 -7.89419
   vertex -0.149626  13.3211 -7.19219
  endloop
 endfacet
 facet normal  0.27154 0.470281 0.839703
  outer loop
   vertex  7.26037  9.57812  4.25481
   vertex  4.50837  11.1671  4.25481
   vertex  2.91844  6.24967    7.523
  endloop
 endfacet
 facet normal 0.256899  0.48543  0.83568
  outer loop
   vertex  7.26037  9.57812  4.25481
   vertex  2.91844  6.24967    7.523
   vertex  3.52621  5.92803    7.523
  endloop
 endfacet
 facet normal 0.340842 0.416181 0.842983
  outer loop
   vertex  7.26037  9.57812  4.25481
   vertex  4.09893  5.54748    7.523
   vertex  4.63091  5.11179  7.52301
  endloop
 endfacet
 facet normal        0        0       -1
  outer loop
   vertex -4.03797  3.86595  16.9549
   vertex -4.76362  4.77653  16.9549
   vertex -4.25595  5.23395  16.9549
  endloop
 endfacet
 facet normal        0        0       -1
  outer loop
   vertex -4.03797  3.86595  16.9549
   vertex -4.25595  5.23395  16.9549
   vertex -3.58817  4.28669  16.9549
  endloop
 endfacet
 facet normal 0.474233 0.271878 -0.837368
  outer loop
   vertex -7.80063 -5.35788  4.25481
   vertex -3.97806 -1.95967  7.52301
   vertex -3.70108  -2.4428  7.52301
  endloop
 endfacet
 facet normal 0.088128 -0.493502 -0.865268
  outer loop
   vertex  3.00437 -11.8499 -2.28019
   vertex  3.31837 -13.0229 -1.57919
   vertex -0.149626 -13.4809 -1.67119
  endloop
 endfacet
 facet normal 0.0906123 -0.49738 -0.862787
  outer loop
   vertex  3.00437 -11.8499 -2.28019
   vertex -0.149626 -13.4809 -1.67119
   vertex -0.149626 -12.2649 -2.37219
  endloop
 endfacet
 facet normal -0.923954 -0.382503        0
  outer loop
   vertex -11.7546 -6.77988 -1.74619
   vertex -13.0926 -3.54788 -1.83819
   vertex -13.0926 -3.54788 -2.13119
  endloop
 endfacet
 facet normal -0.923954 -0.382503       -0
  outer loop
   vertex -11.7546 -6.77988 -1.74619
   vertex -13.0926 -3.54788 -2.13119
   vertex -11.7546 -6.77988 -2.03919
  endloop
 endfacet
 facet normal 0.383291 -0.322891 0.865349
  outer loop
   vertex  8.46637 -8.69588 -4.81819
   vertex  9.32537 -9.55488 -5.51919
   vertex  11.4554 -6.77988 -5.42719
  endloop
 endfacet
 facet normal 0.385717 -0.32758 0.862504
  outer loop
   vertex  8.46637 -8.69588 -4.81819
   vertex  11.4554 -6.77988 -5.42719
   vertex  10.4034 -6.17288 -4.72619
  endloop
 endfacet
 facet normal 0.00561086 -0.999925 -0.0108453
  outer loop
   vertex -1.73863 -12.1479 -8.04519
   vertex  1.50738 -12.1297 -8.04519
   vertex 0.739374 -12.1479 -6.76319
  endloop
 endfacet
 facet normal        0       -1        0
  outer loop
   vertex -1.73863 -12.1479 -8.04519
   vertex 0.739374 -12.1479 -6.76319
   vertex -1.03863 -12.1479 -6.81519
  endloop
 endfacet
 facet normal -0.447303 -0.265407 0.854096
  outer loop
   vertex -9.80663 -7.48988  4.25481
   vertex -5.74908 -3.81101    7.523
   vertex -6.09997 -3.21965    7.523
  endloop
 endfacet
 facet normal -0.451746 -0.260837 0.853164
  outer loop
   vertex -9.80663 -7.48988  4.25481
   vertex -6.09997 -3.21965    7.523
   vertex -11.3956 -4.73788  4.25481
  endloop
 endfacet
 facet normal 0.494072 0.0880525 -0.864951
  outer loop
   vertex  11.6204  3.07512 -3.93719
   vertex  12.7934  3.38912 -3.23519
   vertex  13.2504 -0.0788777 -3.32719
  endloop
 endfacet
 facet normal 0.498215 0.0907071 -0.862296
  outer loop
   vertex  11.6204  3.07512 -3.93719
   vertex  13.2504 -0.0788777 -3.32719
   vertex  12.0354 -0.0788777 -4.02919
  endloop
 endfacet
 facet normal -0.991454 0.130455        0
  outer loop
   vertex -12.3346 -0.0788777  1.49281
   vertex -11.9196  3.07512  1.40081
   vertex -11.9196  3.07512 0.887809
  endloop
 endfacet
 facet normal -0.991454 0.130455        0
  outer loop
   vertex -12.3346 -0.0788777  1.49281
   vertex -11.9196  3.07512 0.887809
   vertex -12.3346 -0.0788777 0.979808
  endloop
 endfacet
 facet normal -0.0410231 0.504987 0.862152
  outer loop
   vertex -3.61763  12.8641 -6.80819
   vertex -3.30363  11.6911 -6.10619
   vertex -0.149626  12.1061 -6.19919
  endloop
 endfacet
 facet normal -0.0428361 0.499284 0.865379
  outer loop
   vertex -3.61763  12.8641 -6.80819
   vertex -0.149626  12.1061 -6.19919
   vertex -0.149626  13.3211 -6.90019
  endloop
 endfacet
 facet normal 0.382503 -0.923954        0
  outer loop
   vertex  6.55037 -11.6849 -3.40319
   vertex  3.31837 -13.0229 -3.49519
   vertex  3.31837 -13.0229 -3.78719
  endloop
 endfacet
 facet normal 0.382503 -0.923954        0
  outer loop
   vertex  6.55037 -11.6849 -3.40319
   vertex  3.31837 -13.0229 -3.78719
   vertex  6.55037 -11.6849 -3.69519
  endloop
 endfacet
 facet normal -0.0901729 -0.493552 0.865029
  outer loop
   vertex -0.149626 -12.2649 -2.88519
   vertex -3.30363 -11.8499 -2.97719
   vertex -3.61763 -13.0229 -3.67919
  endloop
 endfacet
 facet normal -0.0886522   -0.498 0.862633
  outer loop
   vertex -0.149626 -12.2649 -2.88519
   vertex -3.61763 -13.0229 -3.67919
   vertex -0.149626 -13.4809 -3.58719
  endloop
 endfacet
 facet normal 0.258785 -0.965935 -7.57138e-05
  outer loop
   vertex  2.11537 -11.9669 -6.72319
   vertex  1.50738 -12.1297 -8.04519
   vertex  3.83237 -11.5069 -6.67119
  endloop
 endfacet
 facet normal 0.0282342 0.0076038 -0.999572
  outer loop
   vertex  2.11537 -11.9669 -6.72319
   vertex  3.83237 -11.5069 -6.67119
   vertex  3.00437 -11.8499 -6.69719
  endloop
 endfacet
 facet normal 0.216575 -0.457442 -0.862463
  outer loop
   vertex  3.00437 -11.8499 -6.69719
   vertex  3.83237 -11.5069 -6.67119
   vertex  3.31837 -13.0229 -5.99619
  endloop
 endfacet
 facet normal -0.923954 0.382503        0
  outer loop
   vertex -13.0926  3.38912  2.39481
   vertex -11.7546  6.62112  2.30281
   vertex -11.7546  6.62112  2.00981
  endloop
 endfacet
 facet normal -0.923954 0.382503        0
  outer loop
   vertex -13.0926  3.38912  2.39481
   vertex -11.7546  6.62112  2.00981
   vertex -13.0926  3.38912  2.10281
  endloop
 endfacet
 facet normal -0.172488 -0.475949 -0.862392
  outer loop
   vertex -3.61763 -13.0229 -3.97119
   vertex -6.84963 -11.6849 -4.06319
   vertex -6.24263 -10.6329 -4.76519
  endloop
 endfacet
 facet normal -0.168601 -0.472555 -0.865024
  outer loop
   vertex -3.61763 -13.0229 -3.97119
   vertex -6.24263 -10.6329 -4.76519
   vertex -3.30363 -11.8499 -4.67319
  endloop
 endfacet
 facet normal 0.0901908 -0.492996 -0.865344
  outer loop
   vertex  2.11537 -11.9669 -6.72319
   vertex  3.00437 -11.8499 -6.69719
   vertex  3.31837 -13.0229 -5.99619
  endloop
 endfacet
 facet normal 0.0908694 -0.492405 -0.865609
  outer loop
   vertex  2.11537 -11.9669 -6.72319
   vertex  3.31837 -13.0229 -5.99619
   vertex  1.43937 -12.1479 -6.69119
  endloop
 endfacet
 facet normal -0.991454 0.130455        0
  outer loop
   vertex -12.3346 -0.0788777 -5.13319
   vertex -11.9196  3.07512 -5.22519
   vertex -11.9196  3.07512 -5.73819
  endloop
 endfacet
 facet normal -0.991454 0.130455        0
  outer loop
   vertex -12.3346 -0.0788777 -5.13319
   vertex -11.9196  3.07512 -5.73819
   vertex -12.3346 -0.0788777 -5.64619
  endloop
 endfacet
 facet normal 0.0888145 -0.496483 -0.863491
  outer loop
   vertex -0.149626 -13.4809 -6.08819
   vertex 0.739374 -12.1479 -6.76319
   vertex  1.43937 -12.1479 -6.69119
  endloop
 endfacet
 facet normal  0.32458 -0.381671 -0.865434
  outer loop
   vertex  5.94337 -10.6329 -2.18819
   vertex  8.46637 -8.69588 -2.09619
   vertex  9.32537 -9.55488 -1.39519
  endloop
 endfacet
 facet normal 0.325624 -0.386967 -0.862685
  outer loop
   vertex  5.94337 -10.6329 -2.18819
   vertex  9.32537 -9.55488 -1.39519
   vertex  6.55037 -11.6849 -1.48719
  endloop
 endfacet
 facet normal -0.130928 -0.991392        0
  outer loop
   vertex -0.149626 -13.4809  0.83081
   vertex -3.61763 -13.0229 0.738807
   vertex -3.61763 -13.0229 0.445807
  endloop
 endfacet
 facet normal -0.130928 -0.991392       -0
  outer loop
   vertex -0.149626 -13.4809  0.83081
   vertex -3.61763 -13.0229 0.445807
   vertex -0.149626 -13.4809 0.537807
  endloop
 endfacet
 facet normal -0.0881292 -0.493504 0.865267
  outer loop
   vertex -3.30363 -11.8499  1.43981
   vertex -3.61763 -13.0229 0.738807
   vertex -0.149626 -13.4809  0.83081
  endloop
 endfacet
 facet normal -0.090611 -0.497378 0.862789
  outer loop
   vertex -3.30363 -11.8499  1.43981
   vertex -0.149626 -13.4809  0.83081
   vertex -0.149626 -12.2649  1.53181
  endloop
 endfacet
 facet normal -0.991454 0.130455        0
  outer loop
   vertex -12.3346 -0.0788777 -2.92419
   vertex -11.9196  3.07512 -3.01619
   vertex -11.9196  3.07512 -3.53019
  endloop
 endfacet
 facet normal -0.991454 0.130455        0
  outer loop
   vertex -12.3346 -0.0788777 -2.92419
   vertex -11.9196  3.07512 -3.53019
   vertex -12.3346 -0.0788777 -3.43819
  endloop
 endfacet
 facet normal -0.0403625 -0.499028 -0.865645
  outer loop
   vertex -0.149626 -12.2649 -6.78919
   vertex -0.149626 -13.4809 -6.08819
   vertex -1.03863 -12.1479 -6.81519
  endloop
 endfacet
 facet normal -0.0433914 -0.502062 -0.863742
  outer loop
   vertex -0.149626 -13.4809 -6.08819
   vertex -3.61763 -13.0229 -6.18019
   vertex -1.73863 -12.1479 -6.78319
  endloop
 endfacet
 facet normal -0.0907884 0.498211 -0.862289
  outer loop
   vertex -0.149626  12.1061 -7.89419
   vertex -1.03863  11.9891 -7.86819
   vertex -0.149626  13.3211 -7.19219
  endloop
 endfacet
 facet normal -0.089986 0.493762 -0.864929
  outer loop
   vertex -1.73863  11.9891 -7.79519
   vertex -2.41463  11.8081 -7.82819
   vertex -3.61763  12.8641 -7.10019
  endloop
 endfacet
 facet normal -0.0292349 -2.23403e-08 -0.999573
  outer loop
   vertex -1.03863  11.9891 -7.86819
   vertex -0.149626  12.1061 -7.89419
   vertex 0.739374  11.9891 -7.92019
  endloop
 endfacet
 facet normal -0.0547349 0.849421 -0.524869
  outer loop
   vertex -1.73863  11.9891 -7.79519
   vertex -1.03863  11.9891 -7.86819
   vertex -2.49729  11.7858 -8.04519
  endloop
 endfacet
 facet normal -0.0198655 0.733663 -0.679223
  outer loop
   vertex -1.03863  11.9891 -7.86819
   vertex 0.739374  11.9891 -7.92019
   vertex -2.49729  11.7858 -8.04519
  endloop
 endfacet
 facet normal -0.216775 0.457938 -0.862149
  outer loop
   vertex -3.30363  11.6911 -7.80219
   vertex -4.13163  11.3481 -7.77619
   vertex -3.61763  12.8641 -7.10019
  endloop
 endfacet
 facet normal -0.0902492 0.493533 -0.865032
  outer loop
   vertex -3.30363  11.6911 -7.80219
   vertex -3.61763  12.8641 -7.10019
   vertex -2.41463  11.8081 -7.82819
  endloop
 endfacet
 facet normal -0.258592 0.965986 -0.00105926
  outer loop
   vertex -2.41463  11.8081 -7.82819
   vertex -1.73863  11.9891 -7.79519
   vertex -2.49729  11.7858 -8.04519
  endloop
 endfacet
 facet normal -0.0282258 -0.00763532 -0.999572
  outer loop
   vertex -4.13163  11.3481 -7.77619
   vertex -3.30363  11.6911 -7.80219
   vertex -2.41463  11.8081 -7.82819
  endloop
 endfacet
 facet normal 0.865949 0.500133        0
  outer loop
   vertex  9.85737  6.72512 -6.23719
   vertex  9.85737  6.72512 -7.06619
   vertex  9.50737  7.33112 -7.06719
  endloop
 endfacet
 facet normal 0.865949 0.500133        0
  outer loop
   vertex  9.85737  6.72512 -6.23719
   vertex  9.50737  7.33112 -7.06719
   vertex  9.50737  7.33112 -6.23719
  endloop
 endfacet
 facet normal -0.111419 0.993774        0
  outer loop
   vertex -0.42589  6.88436    7.523
   vertex -1.10923  6.80774    7.523
   vertex -1.10923  6.80774       10
  endloop
 endfacet
 facet normal -0.111419 0.993774        0
  outer loop
   vertex -0.42589  6.88436    7.523
   vertex -1.10923  6.80774       10
   vertex -0.42589  6.88436       10
  endloop
 endfacet
 facet normal -0.500135 -0.865947        0
  outer loop
   vertex -7.55963 -9.73688  2.04481
   vertex -6.95363 -10.0869  2.04481
   vertex -6.95363 -10.0869  2.36081
  endloop
 endfacet
 facet normal -0.500135 -0.865947        0
  outer loop
   vertex -7.55963 -9.73688  2.04481
   vertex -6.95363 -10.0869  2.36081
   vertex -7.55963 -9.73688  2.36181
  endloop
 endfacet
 facet normal -0.991429 0.130647        0
  outer loop
   vertex -13.0926  3.38912 -4.52419
   vertex -13.5496 -0.0788777 -4.43219
   vertex -13.5496 -0.0788777 -4.13919
  endloop
 endfacet
 facet normal -0.991429 0.130647        0
  outer loop
   vertex -13.0926  3.38912 -4.52419
   vertex -13.5496 -0.0788777 -4.13919
   vertex -13.0926  3.38912 -4.23119
  endloop
 endfacet
 facet normal 0.499526 0.0407957 0.865338
  outer loop
   vertex  13.2504 -0.0788777  1.38281
   vertex  11.9184  1.51012  2.07681
   vertex  11.9184 0.810122  2.10981
  endloop
 endfacet
 facet normal 0.452827  -0.2146 0.865387
  outer loop
   vertex  11.6204 -3.23388 -4.63419
   vertex  10.4034 -6.17288 -4.72619
   vertex  11.4554 -6.77988 -5.42719
  endloop
 endfacet
 facet normal 0.458184 -0.214238 0.862653
  outer loop
   vertex  11.6204 -3.23388 -4.63419
   vertex  11.4554 -6.77988 -5.42719
   vertex  12.7934 -3.54788 -5.33519
  endloop
 endfacet
 facet normal 0.503904 0.0417565  0.86275
  outer loop
   vertex  11.7374  2.18612  2.14981
   vertex  11.9184  1.51012  2.07681
   vertex  12.7934  3.38912  1.47481
  endloop
 endfacet
 facet normal 0.504412 0.0411599 0.862481
  outer loop
   vertex  11.6204  3.07512  2.17581
   vertex  11.7374  2.18612  2.14981
   vertex  12.7934  3.38912  1.47481
  endloop
 endfacet
 facet normal 0.472062 0.168379 0.865335
  outer loop
   vertex  12.7934  3.38912  1.47481
   vertex  11.2774  3.90312  2.20181
   vertex  11.6204  3.07512  2.17581
  endloop
 endfacet
 facet normal 0.472115 0.168649 0.865254
  outer loop
   vertex  11.0964  4.57912  2.16881
   vertex  11.2774  3.90312  2.20181
   vertex  12.7934  3.38912  1.47481
  endloop
 endfacet
 facet normal -0.980955 0.0617648 0.184151
  outer loop
   vertex -5.56104 0.570607  16.9549
   vertex -6.85372 0.776037       10
   vertex -6.89693 0.0897709       10
  endloop
 endfacet
 facet normal -0.981583 0.0463009 0.185341
  outer loop
   vertex -5.56104 0.570607  16.9549
   vertex -6.89693 0.0897709       10
   vertex -5.59006 -0.0446158  16.9549
  endloop
 endfacet
 facet normal -0.0886522   -0.498 0.862633
  outer loop
   vertex -3.61763 -13.0229 -5.88819
   vertex -0.149626 -13.4809 -5.79619
   vertex -0.149626 -12.2649 -5.09419
  endloop
 endfacet
 facet normal -0.0901729 -0.493552 0.865029
  outer loop
   vertex -3.61763 -13.0229 -5.88819
   vertex -0.149626 -12.2649 -5.09419
   vertex -3.30363 -11.8499 -5.18619
  endloop
 endfacet
 facet normal 0.243741 -0.494787 -0.834132
  outer loop
   vertex -3.53663  8.70112  4.25481
   vertex -1.70602  4.09326  7.52301
   vertex -2.20559  3.84716  7.52301
  endloop
 endfacet
 facet normal 0.261213 -0.488808 -0.832367
  outer loop
   vertex -3.53663  8.70112  4.25481
   vertex -2.20559  3.84716  7.52301
   vertex -5.17963  7.82312  4.25481
  endloop
 endfacet
 facet normal -0.0395812 -0.498646 -0.865901
  outer loop
   vertex -1.03863 -12.1479 -6.81519
   vertex -0.149626 -13.4809 -6.08819
   vertex -1.73863 -12.1479 -6.78319
  endloop
 endfacet
 facet normal 0.0884353 -0.496138 -0.863728
  outer loop
   vertex  3.31837 -13.0229 -5.99619
   vertex -0.149626 -13.4809 -6.08819
   vertex  1.43937 -12.1479 -6.69119
  endloop
 endfacet
 facet normal 0.0292328 1.62727e-05 -0.999573
  outer loop
   vertex 0.739374 -12.1479 -6.76319
   vertex -0.149626 -12.2649 -6.78919
   vertex -1.03863 -12.1479 -6.81519
  endloop
 endfacet
 facet normal 0.0906935 -0.497377 -0.862781
  outer loop
   vertex 0.739374 -12.1479 -6.76319
   vertex -0.149626 -13.4809 -6.08819
   vertex -0.149626 -12.2649 -6.78919
  endloop
 endfacet
 facet normal 0.0265852 -0.0115961 -0.999579
  outer loop
   vertex -2.41463 -11.9669 -6.85619
   vertex -3.30363 -11.8499 -6.88119
   vertex -4.13163 -11.5069 -6.90719
  endloop
 endfacet
 facet normal -0.171673 -0.474065 -0.863592
  outer loop
   vertex -4.80763 -11.3259 -6.87519
   vertex -3.61763 -13.0229 -6.18019
   vertex -6.84963 -11.6849 -6.27219
  endloop
 endfacet
 facet normal -0.16838 -0.472063 -0.865335
  outer loop
   vertex -3.30363 -11.8499 -6.88119
   vertex -3.61763 -13.0229 -6.18019
   vertex -4.13163 -11.5069 -6.90719
  endloop
 endfacet
 facet normal -0.16732 -0.471856 -0.865653
  outer loop
   vertex -4.13163 -11.5069 -6.90719
   vertex -3.61763 -13.0229 -6.18019
   vertex -4.80763 -11.3259 -6.87519
  endloop
 endfacet
 facet normal -0.130928 -0.991392        0
  outer loop
   vertex -0.149626 -13.4809 -1.37819
   vertex -3.61763 -13.0229 -1.47019
   vertex -3.61763 -13.0229 -1.76319
  endloop
 endfacet
 facet normal -0.130928 -0.991392       -0
  outer loop
   vertex -0.149626 -13.4809 -1.37819
   vertex -3.61763 -13.0229 -1.76319
   vertex -0.149626 -13.4809 -1.67119
  endloop
 endfacet
 facet normal 0.0881292 -0.493504 -0.865267
  outer loop
   vertex  3.00437 -11.8499 -0.0711908
   vertex  3.31837 -13.0229 0.629809
   vertex -0.149626 -13.4809 0.537807
  endloop
 endfacet
 facet normal 0.0906123 -0.49738 -0.862787
  outer loop
   vertex  3.00437 -11.8499 -0.0711908
   vertex -0.149626 -13.4809 0.537807
   vertex -0.149626 -12.2649 -0.163194
  endloop
 endfacet
 facet normal -0.0420993 -0.504206 -0.862557
  outer loop
   vertex -2.41463 -11.9669 -6.85619
   vertex -3.61763 -13.0229 -6.18019
   vertex -3.30363 -11.8499 -6.88119
  endloop
 endfacet
 facet normal -0.0419106 -0.504367 -0.862472
  outer loop
   vertex -2.41463 -11.9669 -6.85619
   vertex -1.73863 -12.1479 -6.78319
   vertex -3.61763 -13.0229 -6.18019
  endloop
 endfacet
 facet normal -0.500819 0.863593 -0.0582081
  outer loop
   vertex -6.95363  9.92812 -7.68419
   vertex -7.09662  9.82086 -8.04519
   vertex -7.48251  9.59707 -8.04519
  endloop
 endfacet
 facet normal -0.504144 0.862057 -0.0519287
  outer loop
   vertex -6.95363  9.92812 -7.68419
   vertex -7.48251  9.59707 -8.04519
   vertex -7.55963  9.57812 -7.61119
  endloop
 endfacet
 facet normal        0       -1        0
  outer loop
   vertex -1.73863 -12.1479 -8.04519
   vertex -1.03863 -12.1479 -6.81519
   vertex -1.73863 -12.1479 -6.78319
  endloop
 endfacet
 facet normal -0.258614 -0.965981        0
  outer loop
   vertex -1.73863 -12.1479 -8.04519
   vertex -1.73863 -12.1479 -6.78319
   vertex -1.78962 -12.1342 -8.04519
  endloop
 endfacet
 facet normal 0.499285 -0.0428248 -0.865379
  outer loop
   vertex  12.0354 -0.0788777 0.388808
   vertex  13.2504 -0.0788777  1.08981
   vertex  12.7934 -3.54788 0.997809
  endloop
 endfacet
 facet normal 0.504404 -0.0411982 -0.862485
  outer loop
   vertex  12.0354 -0.0788777 0.388808
   vertex  12.7934 -3.54788 0.997809
   vertex  11.6204 -3.23388 0.296809
  endloop
 endfacet
 facet normal 0.0429154 0.499816 -0.865067
  outer loop
   vertex -0.149626  12.1061 -1.26819
   vertex -0.149626  13.3211 -0.566194
   vertex  3.31837  12.8641 -0.658193
  endloop
 endfacet
 facet normal 0.041289 0.504928 -0.862173
  outer loop
   vertex -0.149626  12.1061 -1.26819
   vertex  3.31837  12.8641 -0.658193
   vertex  3.00437  11.6911 -1.36019
  endloop
 endfacet
 facet normal 0.0901116 0.493017  0.86534
  outer loop
   vertex -0.149626  12.1061 -3.99019
   vertex  3.00437  11.6911 -4.08219
   vertex  3.31837  12.8641 -4.78319
  endloop
 endfacet
 facet normal 0.0884836 0.497783 0.862776
  outer loop
   vertex -0.149626  12.1061 -3.99019
   vertex  3.31837  12.8641 -4.78319
   vertex -0.149626  13.3211 -4.69119
  endloop
 endfacet
 facet normal -0.608881 0.793261        0
  outer loop
   vertex -9.62463  9.39612 -2.20619
   vertex -6.84963  11.5261 -2.29819
   vertex -6.84963  11.5261 -2.59119
  endloop
 endfacet
 facet normal -0.608881 0.793261        0
  outer loop
   vertex -9.62463  9.39612 -2.20619
   vertex -6.84963  11.5261 -2.59119
   vertex -9.62463  9.39612 -2.49919
  endloop
 endfacet
 facet normal 0.496587 -0.0883194 0.863482
  outer loop
   vertex  13.2504 -0.0788777  1.38281
   vertex  11.9184 -0.968877  2.05781
   vertex  12.7934 -3.54788  1.29081
  endloop
 endfacet
 facet normal  0.41108 -0.286845 -0.865294
  outer loop
   vertex  10.4034 -6.17288 -2.00419
   vertex  11.4554 -6.77988 -1.30319
   vertex  9.32537 -9.55488 -1.39519
  endloop
 endfacet
 facet normal 0.415998 -0.287924 -0.86258
  outer loop
   vertex  10.4034 -6.17288 -2.00419
   vertex  9.32537 -9.55488 -1.39519
   vertex  8.46637 -8.69588 -2.09619
  endloop
 endfacet
 facet normal 0.382503 -0.923954        0
  outer loop
   vertex  3.31837 -13.0229 -5.99619
   vertex  6.55037 -11.6849 -5.90419
   vertex  6.55037 -11.6849 -5.61119
  endloop
 endfacet
 facet normal 0.382503 -0.923954        0
  outer loop
   vertex  3.31837 -13.0229 -5.99619
   vertex  6.55037 -11.6849 -5.61119
   vertex  3.31837 -13.0229 -5.70319
  endloop
 endfacet
 facet normal 0.499335 0.0404044 0.865466
  outer loop
   vertex  11.9184 0.810122  2.10981
   vertex  12.0354 -0.0788777  2.08381
   vertex  13.2504 -0.0788777  1.38281
  endloop
 endfacet
 facet normal 0.501673 0.0431891 0.863979
  outer loop
   vertex  12.7934  3.38912  1.47481
   vertex  11.9184  1.51012  2.07681
   vertex  13.2504 -0.0788777  1.38281
  endloop
 endfacet
 facet normal -0.0901116 0.493017 -0.86534
  outer loop
   vertex -0.149626  12.1061 -5.68519
   vertex -3.30363  11.6911 -5.59319
   vertex -3.61763  12.8641 -4.89219
  endloop
 endfacet
 facet normal -0.0884836 0.497783 -0.862776
  outer loop
   vertex -0.149626  12.1061 -5.68519
   vertex -3.61763  12.8641 -4.89219
   vertex -0.149626  13.3211 -4.98419
  endloop
 endfacet
 facet normal -0.415998 0.287924 -0.862581
  outer loop
   vertex -9.62463  9.39612 -4.70819
   vertex -8.76563  8.53712 -5.40919
   vertex -10.7026  6.01412 -5.31719
  endloop
 endfacet
 facet normal -0.41108 0.286845 -0.865294
  outer loop
   vertex -9.62463  9.39612 -4.70819
   vertex -10.7026  6.01412 -5.31719
   vertex -11.7546  6.62112 -4.61619
  endloop
 endfacet
 facet normal 0.212559 0.453949 0.865303
  outer loop
   vertex  5.94337  10.4741 -4.17419
   vertex  6.55037  11.5261 -4.87519
   vertex  3.31837  12.8641 -4.78319
  endloop
 endfacet
 facet normal 0.216437 0.457488 0.862473
  outer loop
   vertex  5.94337  10.4741 -4.17419
   vertex  3.31837  12.8641 -4.78319
   vertex  3.00437  11.6911 -4.08219
  endloop
 endfacet
 facet normal -0.498215 0.0907071 0.862296
  outer loop
   vertex -13.5496 -0.0788777 0.277808
   vertex -12.3346 -0.0788777 0.979808
   vertex -11.9196  3.07512 0.887809
  endloop
 endfacet
 facet normal -0.494072 0.0880525 0.864951
  outer loop
   vertex -13.5496 -0.0788777 0.277808
   vertex -11.9196  3.07512 0.887809
   vertex -13.0926  3.38912 0.185809
  endloop
 endfacet
 facet normal 0.991434 -0.13061        0
  outer loop
   vertex  12.7934 -3.54788  1.29081
   vertex  12.7934 -3.54788 0.997809
   vertex  13.2504 -0.0788777  1.08981
  endloop
 endfacet
 facet normal 0.991434 -0.13061        0
  outer loop
   vertex  12.7934 -3.54788  1.29081
   vertex  13.2504 -0.0788777  1.08981
   vertex  13.2504 -0.0788777  1.38281
  endloop
 endfacet
 facet normal -0.608882 -0.793261       -0
  outer loop
   vertex -9.62463 -9.55488 0.553809
   vertex -9.62463 -9.55488 0.261809
   vertex -6.84963 -11.6849 0.353808
  endloop
 endfacet
 facet normal -0.608882 -0.793261        0
  outer loop
   vertex -9.62463 -9.55488 0.553809
   vertex -6.84963 -11.6849 0.353808
   vertex -6.84963 -11.6849 0.646808
  endloop
 endfacet
 facet normal 0.499284 0.0428372 0.865379
  outer loop
   vertex  12.0354 -0.0788777 -4.54219
   vertex  13.2504 -0.0788777 -5.24319
   vertex  12.7934  3.38912 -5.15119
  endloop
 endfacet
 facet normal 0.504401 0.0412108 0.862486
  outer loop
   vertex  12.0354 -0.0788777 -4.54219
   vertex  12.7934  3.38912 -5.15119
   vertex  11.6204  3.07512 -4.45019
  endloop
 endfacet
 facet normal 0.634465 -0.772952        0
  outer loop
   vertex -5.17963  7.82312 -8.04519
   vertex -5.17963  7.82312  4.25481
   vertex -6.61963  6.64112  4.25481
  endloop
 endfacet
 facet normal 0.634465 -0.772952        0
  outer loop
   vertex -5.17963  7.82312 -8.04519
   vertex -6.61963  6.64112  4.25481
   vertex -6.61963  6.64112 -8.04519
  endloop
 endfacet
 facet normal -2.5178e-05 -2.50222e-05       -1
  outer loop
   vertex -7.56327 -9.70495 -8.04519
   vertex -9.72554 -7.56733 -8.04519
   vertex -9.82433 -7.42981 -8.04519
  endloop
 endfacet
 facet normal -2.82208e-05 -1.6089e-05       -1
  outer loop
   vertex -9.82433 -7.42981 -8.04519
   vertex -11.3189 -4.86759 -8.04519
   vertex -11.3848 -4.69273 -8.04519
  endloop
 endfacet
 facet normal -4.1057e-05 -1.09929e-05       -1
  outer loop
   vertex -11.3848 -4.69273 -8.04519
   vertex -12.1974  -1.7446 -8.04519
   vertex -12.2176 -1.66888 -8.04519
  endloop
 endfacet
 facet normal        0        0       -1
  outer loop
   vertex -12.2176 -1.66888 -8.04519
   vertex -12.2176  1.51012 -8.04519
   vertex -12.1937  1.59946 -8.04519
  endloop
 endfacet
 facet normal        0        0       -1
  outer loop
   vertex -12.1265  1.85048 -8.04519
   vertex -11.4214  4.48298 -8.04519
   vertex -11.4016  4.51729 -8.04519
  endloop
 endfacet
 facet normal        0        0       -1
  outer loop
   vertex -12.2176 -1.66888 -8.04519
   vertex -12.1937  1.59946 -8.04519
   vertex -12.1265  1.85048 -8.04519
  endloop
 endfacet
 facet normal -1.04663e-06 2.71126e-08       -1
  outer loop
   vertex -11.3848 -4.69273 -8.04519
   vertex -12.2176 -1.66888 -8.04519
   vertex -12.1265  1.85048 -8.04519
  endloop
 endfacet
 facet normal        0        0       -1
  outer loop
   vertex -12.1265  1.85048 -8.04519
   vertex -11.4016  4.51729 -8.04519
   vertex -11.3253  4.65024 -8.04519
  endloop
 endfacet
 facet normal        0        0       -1
  outer loop
   vertex -11.3253  4.65024 -8.04519
   vertex -11.2477  4.83637 -8.04519
   vertex -11.0983  5.09488 -8.04519
  endloop
 endfacet
 facet normal        0        0       -1
  outer loop
   vertex -11.0983  5.09488 -8.04519
   vertex -9.86417  7.23149 -8.04519
   vertex -9.74551  7.35015 -8.04519
  endloop
 endfacet
 facet normal        0        0       -1
  outer loop
   vertex -9.74551  7.35015 -8.04519
   vertex -9.60237  7.53538 -8.04519
   vertex -9.35103  7.78672 -8.04519
  endloop
 endfacet
 facet normal        0        0       -1
  outer loop
   vertex -7.70838  9.42534 -8.04519
   vertex -7.61275  9.52091 -8.04519
   vertex -7.48251  9.59707 -8.04519
  endloop
 endfacet
 facet normal        0        0       -1
  outer loop
   vertex -9.74551  7.35015 -8.04519
   vertex -9.35103  7.78672 -8.04519
   vertex -7.70838  9.42534 -8.04519
  endloop
 endfacet
 facet normal        0        0       -1
  outer loop
   vertex -11.3253  4.65024 -8.04519
   vertex -11.0983  5.09488 -8.04519
   vertex -9.74551  7.35015 -8.04519
  endloop
 endfacet
 facet normal -3.64828e-07 1.04396e-07       -1
  outer loop
   vertex -11.3848 -4.69273 -8.04519
   vertex -12.1265  1.85048 -8.04519
   vertex -11.3253  4.65024 -8.04519
  endloop
 endfacet
 facet normal        0        0       -1
  outer loop
   vertex -7.56327 -9.70495 -8.04519
   vertex -9.82433 -7.42981 -8.04519
   vertex -11.3848 -4.69273 -8.04519
  endloop
 endfacet
 facet normal -1.76367e-07 1.03197e-07       -1
  outer loop
   vertex -11.3848 -4.69273 -8.04519
   vertex -11.3253  4.65024 -8.04519
   vertex -9.74551  7.35015 -8.04519
  endloop
 endfacet
 facet normal        0        0       -1
  outer loop
   vertex -9.74551  7.35015 -8.04519
   vertex -7.70838  9.42534 -8.04519
   vertex -7.48251  9.59707 -8.04519
  endloop
 endfacet
 facet normal        0        0       -1
  outer loop
   vertex -7.09662  9.82086 -8.04519
   vertex -4.94047  11.0835 -8.04519
   vertex -4.66344  11.1604 -8.04519
  endloop
 endfacet
 facet normal        0        0       -1
  outer loop
   vertex -9.74551  7.35015 -8.04519
   vertex -7.48251  9.59707 -8.04519
   vertex -7.09662  9.82086 -8.04519
  endloop
 endfacet
 facet normal 2.11227e-05 1.61047e-05       -1
  outer loop
   vertex -7.44322 -9.80319 -8.04519
   vertex -7.56327 -9.70495 -8.04519
   vertex -11.3848 -4.69273 -8.04519
  endloop
 endfacet
 facet normal -8.39591e-07 -8.34164e-07       -1
  outer loop
   vertex -4.82595 -11.2942 -8.04519
   vertex -7.44322 -9.80319 -8.04519
   vertex -11.3848 -4.69273 -8.04519
  endloop
 endfacet
 facet normal -8.4605e-08 9.07062e-08       -1
  outer loop
   vertex -11.3848 -4.69273 -8.04519
   vertex -9.74551  7.35015 -8.04519
   vertex -7.09662  9.82086 -8.04519
  endloop
 endfacet
 facet normal        0        0       -1
  outer loop
   vertex -7.09662  9.82086 -8.04519
   vertex -4.66344  11.1604 -8.04519
   vertex -4.34918  11.2893 -8.04519
  endloop
 endfacet
 facet normal -1.03314e-06 1.93297e-06       -1
  outer loop
   vertex -7.09662  9.82086 -8.04519
   vertex -4.34918  11.2893 -8.04519
   vertex -2.49729  11.7858 -8.04519
  endloop
 endfacet
 facet normal        0        0       -1
  outer loop
   vertex -1.78962 -12.1342 -8.04519
   vertex -1.92658 -12.0975 -8.04519
   vertex -4.69556  -11.353 -8.04519
  endloop
 endfacet
 facet normal 1.32467e-05 1.31611e-05       -1
  outer loop
   vertex -4.69556  -11.353 -8.04519
   vertex -4.82595 -11.2942 -8.04519
   vertex -11.3848 -4.69273 -8.04519
  endloop
 endfacet
 facet normal 2.03074e-07 7.58443e-07       -1
  outer loop
   vertex -2.49729  11.7858 -8.04519
   vertex  1.43937  11.9891 -8.04519
   vertex  1.79966  11.8927 -8.04519
  endloop
 endfacet
 facet normal        0        0       -1
  outer loop
   vertex  1.79966  11.8927 -8.04519
   vertex  3.22492  11.5108 -8.04519
   vertex  3.99382  11.3047 -8.04519
  endloop
 endfacet
 facet normal        0        0       -1
  outer loop
   vertex  3.99382  11.3047 -8.04519
   vertex  4.47872  11.1745 -8.04519
   vertex  5.10047  10.8257 -8.04519
  endloop
 endfacet
 facet normal        0        0       -1
  outer loop
   vertex  5.11537  10.8171 -8.04519
   vertex  5.94337  10.4741 -8.04519
   vertex  6.65437  9.92812 -8.04519
  endloop
 endfacet
 facet normal        0        0       -1
  outer loop
   vertex  3.99382  11.3047 -8.04519
   vertex  5.10047  10.8257 -8.04519
   vertex  5.11537  10.8171 -8.04519
  endloop
 endfacet
 facet normal 2.03087e-07 7.57911e-07       -1
  outer loop
   vertex -2.49729  11.7858 -8.04519
   vertex  1.79966  11.8927 -8.04519
   vertex  3.99382  11.3047 -8.04519
  endloop
 endfacet
 facet normal -5.27331e-08 -1.96151e-07       -1
  outer loop
   vertex -1.78962 -12.1342 -8.04519
   vertex -4.69556  -11.353 -8.04519
   vertex -11.3848 -4.69273 -8.04519
  endloop
 endfacet
 facet normal -2.87768e-07 -1.07488e-06       -1
  outer loop
   vertex  1.50738 -12.1297 -8.04519
   vertex -1.73863 -12.1479 -8.04519
   vertex -1.78962 -12.1342 -8.04519
  endloop
 endfacet
 facet normal 0.000372961 -0.00136402 -0.999999
  outer loop
   vertex  4.55242 -11.2978 -8.04519
   vertex   1.6323 -12.0962 -8.04519
   vertex  1.50738 -12.1297 -8.04519
  endloop
 endfacet
 facet normal 4.60012e-05 -7.97896e-05       -1
  outer loop
   vertex  7.22445  -9.7453 -8.04519
   vertex  4.59132 -11.2753 -8.04519
   vertex  4.55242 -11.2978 -8.04519
  endloop
 endfacet
 facet normal 9.32541e-05 -8.1613e-05       -1
  outer loop
   vertex  10.0374 -6.57048 -8.04519
   vertex  7.40916 -9.58526 -8.04519
   vertex  7.32716 -9.66727 -8.04519
  endloop
 endfacet
 facet normal        0        0       -1
  outer loop
   vertex  11.0615 -4.79383 -8.04519
   vertex  10.0374 -6.57048 -8.04519
   vertex  7.32716 -9.66727 -8.04519
  endloop
 endfacet
 facet normal 9.07944e-07 -2.17701e-06       -1
  outer loop
   vertex  7.22445  -9.7453 -8.04519
   vertex  4.55242 -11.2978 -8.04519
   vertex  1.50738 -12.1297 -8.04519
  endloop
 endfacet
 facet normal 9.455e-08 -7.06675e-07       -1
  outer loop
   vertex -7.09662  9.82086 -8.04519
   vertex -2.49729  11.7858 -8.04519
   vertex  3.99382  11.3047 -8.04519
  endloop
 endfacet
 facet normal        0        0       -1
  outer loop
   vertex  3.99382  11.3047 -8.04519
   vertex  5.11537  10.8171 -8.04519
   vertex  6.65437  9.92812 -8.04519
  endloop
 endfacet
 facet normal        0        0       -1
  outer loop
   vertex  6.65437  9.92812 -8.04519
   vertex  7.26037  9.57812 -8.04519
   vertex  7.75537  9.08312 -8.04519
  endloop
 endfacet
 facet normal        0        0       -1
  outer loop
   vertex  7.75537  9.08312 -8.04519
   vertex  8.46637  8.53712 -8.04519
   vertex  9.01237  7.82612 -8.04519
  endloop
 endfacet
 facet normal        0        0       -1
  outer loop
   vertex  9.01237  7.82612 -8.04519
   vertex  9.50737  7.33112 -8.04519
   vertex  9.85737  6.72512 -8.04519
  endloop
 endfacet
 facet normal        0        0       -1
  outer loop
   vertex  9.85737  6.72512 -8.04519
   vertex  10.4034  6.01412 -8.04519
   vertex  10.7464  5.18612 -8.04519
  endloop
 endfacet
 facet normal        0        0       -1
  outer loop
   vertex  10.7464  5.18612 -8.04519
   vertex  11.0224   4.7074 -8.04519
   vertex  11.0918  4.44714 -8.04519
  endloop
 endfacet
 facet normal       -0        0       -1
  outer loop
   vertex  11.0918  4.44714 -8.04519
   vertex  8.88037  3.55812 -8.04519
   vertex  8.00137  5.20112 -8.04519
  endloop
 endfacet
 facet normal        0        0       -1
  outer loop
   vertex  11.0918  4.44714 -8.04519
   vertex  8.00137  5.20112 -8.04519
   vertex  6.82037  6.64112 -8.04519
  endloop
 endfacet
 facet normal        0        0       -1
  outer loop
   vertex  9.85737  6.72512 -8.04519
   vertex  10.7464  5.18612 -8.04519
   vertex  11.0918  4.44714 -8.04519
  endloop
 endfacet
 facet normal        0        0       -1
  outer loop
   vertex  7.75537  9.08312 -8.04519
   vertex  9.01237  7.82612 -8.04519
   vertex  9.85737  6.72512 -8.04519
  endloop
 endfacet
 facet normal        0        0       -1
  outer loop
   vertex  3.99382  11.3047 -8.04519
   vertex  6.65437  9.92812 -8.04519
   vertex  7.75537  9.08312 -8.04519
  endloop
 endfacet
 facet normal -2.88564e-07 -5.00234e-07       -1
  outer loop
   vertex  1.50738 -12.1297 -8.04519
   vertex -1.78962 -12.1342 -8.04519
   vertex -11.3848 -4.69273 -8.04519
  endloop
 endfacet
 facet normal        0        0       -1
  outer loop
   vertex  7.32716 -9.66727 -8.04519
   vertex  7.22445  -9.7453 -8.04519
   vertex  1.50738 -12.1297 -8.04519
  endloop
 endfacet
 facet normal        0        0       -1
  outer loop
   vertex  11.6319 -2.73369 -8.04519
   vertex  11.0615 -4.79383 -8.04519
   vertex  7.32716 -9.66727 -8.04519
  endloop
 endfacet
 facet normal 3.67241e-06 -3.77693e-08       -1
  outer loop
   vertex  11.9184 -0.124822 -8.04519
   vertex  11.9023 -1.69249 -8.04519
   vertex  11.6319 -2.73369 -8.04519
  endloop
 endfacet
 facet normal        0        0       -1
  outer loop
   vertex  9.60337 -0.0788777 -8.04519
   vertex  11.9184 -0.0788777 -8.04519
   vertex  11.9184 -0.124822 -8.04519
  endloop
 endfacet
 facet normal        0        0       -1
  outer loop
   vertex  1.62613   5.3485  23.1033
   vertex  2.19052  6.38036  23.1033
   vertex  2.82477  6.12601  23.1033
  endloop
 endfacet
 facet normal        0        0       -1
  outer loop
   vertex  1.62613   5.3485  23.1033
   vertex  2.82477  6.12601  23.1033
   vertex  2.20464  5.13715  23.1033
  endloop
 endfacet
 facet normal        0        0       -1
  outer loop
   vertex  11.6319 -2.73369 -8.04519
   vertex  7.32716 -9.66727 -8.04519
   vertex  1.50738 -12.1297 -8.04519
  endloop
 endfacet
 facet normal        0        0       -1
  outer loop
   vertex -7.09662  9.82086 -8.04519
   vertex  3.99382  11.3047 -8.04519
   vertex  7.75537  9.08312 -8.04519
  endloop
 endfacet
 facet normal        0        0       -1
  outer loop
   vertex  7.75537  9.08312 -8.04519
   vertex  9.85737  6.72512 -8.04519
   vertex  11.0918  4.44714 -8.04519
  endloop
 endfacet
 facet normal        0        0       -1
  outer loop
   vertex  11.0918  4.44714 -8.04519
   vertex  6.82037  6.64112 -8.04519
   vertex  5.38037  7.82312 -8.04519
  endloop
 endfacet
 facet normal        0       -0       -1
  outer loop
   vertex  7.75537  9.08312 -8.04519
   vertex  11.0918  4.44714 -8.04519
   vertex  5.38037  7.82312 -8.04519
  endloop
 endfacet
 facet normal -3.88618e-07 1.17697e-07       -1
  outer loop
   vertex  8.88037 -3.71588 -8.04519
   vertex  9.42037 -1.93288 -8.04519
   vertex  11.6319 -2.73369 -8.04519
  endloop
 endfacet
 facet normal        0        0       -1
  outer loop
   vertex  7.75537  9.08312 -8.04519
   vertex  5.38037  7.82312 -8.04519
   vertex  3.73737  8.70112 -8.04519
  endloop
 endfacet
 facet normal       -0        0       -1
  outer loop
   vertex  7.75537  9.08312 -8.04519
   vertex  3.73737  8.70112 -8.04519
   vertex  1.95437  9.24212 -8.04519
  endloop
 endfacet
 facet normal -4.28484e-07 2.29378e-07       -1
  outer loop
   vertex  8.00137 -5.35788 -8.04519
   vertex  8.88037 -3.71588 -8.04519
   vertex  11.6319 -2.73369 -8.04519
  endloop
 endfacet
 facet normal -6.44472e-07 5.28189e-07       -1
  outer loop
   vertex  6.82037 -6.79888 -8.04519
   vertex  8.00137 -5.35788 -8.04519
   vertex  11.6319 -2.73369 -8.04519
  endloop
 endfacet
 facet normal        0        0       -1
  outer loop
   vertex  7.75537  9.08312 -8.04519
   vertex  1.95437  9.24212 -8.04519
   vertex 0.100374  9.42412 -8.04519
  endloop
 endfacet
 facet normal        0        0       -1
  outer loop
   vertex -7.09662  9.82086 -8.04519
   vertex  7.75537  9.08312 -8.04519
   vertex 0.100374  9.42412 -8.04519
  endloop
 endfacet
 facet normal -2.21218e-06 2.3837e-06       -1
  outer loop
   vertex  6.82037 -6.79888 -8.04519
   vertex  11.6319 -2.73369 -8.04519
   vertex  1.50738 -12.1297 -8.04519
  endloop
 endfacet
 facet normal -8.03527e-07 9.79745e-07       -1
  outer loop
   vertex  5.38037 -7.97988 -8.04519
   vertex  6.82037 -6.79888 -8.04519
   vertex  1.50738 -12.1297 -8.04519
  endloop
 endfacet
 facet normal        0        0       -1
  outer loop
   vertex -7.09662  9.82086 -8.04519
   vertex 0.100374  9.42412 -8.04519
   vertex -1.75363  9.24212 -8.04519
  endloop
 endfacet
 facet normal        0        0       -1
  outer loop
   vertex -7.09662  9.82086 -8.04519
   vertex -1.75363  9.24212 -8.04519
   vertex -3.53663  8.70112 -8.04519
  endloop
 endfacet
 facet normal -2.45561e-07 4.58995e-07       -1
  outer loop
   vertex  3.73737 -8.85888 -8.04519
   vertex  5.38037 -7.97988 -8.04519
   vertex  1.50738 -12.1297 -8.04519
  endloop
 endfacet
 facet normal -1.11285e-07 3.67447e-07       -1
  outer loop
   vertex  1.95437 -9.39888 -8.04519
   vertex  3.73737 -8.85888 -8.04519
   vertex  1.50738 -12.1297 -8.04519
  endloop
 endfacet
 facet normal        0        0       -1
  outer loop
   vertex -7.09662  9.82086 -8.04519
   vertex -3.53663  8.70112 -8.04519
   vertex -5.17963  7.82312 -8.04519
  endloop
 endfacet
 facet normal        0        0       -1
  outer loop
   vertex -7.09662  9.82086 -8.04519
   vertex -5.17963  7.82312 -8.04519
   vertex -6.61963  6.64112 -8.04519
  endloop
 endfacet
 facet normal -3.50372e-08 3.54966e-07       -1
  outer loop
   vertex 0.100374 -9.58188 -8.04519
   vertex  1.95437 -9.39888 -8.04519
   vertex  1.50738 -12.1297 -8.04519
  endloop
 endfacet
 facet normal 3.90772e-08 3.95895e-07       -1
  outer loop
   vertex -1.75363 -9.39888 -8.04519
   vertex 0.100374 -9.58188 -8.04519
   vertex  1.50738 -12.1297 -8.04519
  endloop
 endfacet
 facet normal        0       -0       -1
  outer loop
   vertex -7.09662  9.82086 -8.04519
   vertex -6.61963  6.64112 -8.04519
   vertex -7.80063  5.20112 -8.04519
  endloop
 endfacet
 facet normal        0        0       -1
  outer loop
   vertex -7.09662  9.82086 -8.04519
   vertex -7.80063  5.20112 -8.04519
   vertex -8.67963  3.55812 -8.04519
  endloop
 endfacet
 facet normal 1.65694e-07 5.47096e-07       -1
  outer loop
   vertex -3.53663 -8.85888 -8.04519
   vertex -1.75363 -9.39888 -8.04519
   vertex  1.50738 -12.1297 -8.04519
  endloop
 endfacet
 facet normal 8.91578e-07 1.66651e-06       -1
  outer loop
   vertex -5.17963 -7.97988 -8.04519
   vertex -3.53663 -8.85888 -8.04519
   vertex  1.50738 -12.1297 -8.04519
  endloop
 endfacet
 facet normal 1.53913e-06 -3.8904e-07       -1
  outer loop
   vertex -11.3848 -4.69273 -8.04519
   vertex -7.09662  9.82086 -8.04519
   vertex -8.67963  3.55812 -8.04519
  endloop
 endfacet
 facet normal 4.62304e-06 -1.40014e-06       -1
  outer loop
   vertex -11.3848 -4.69273 -8.04519
   vertex -8.67963  3.55812 -8.04519
   vertex -9.21963  1.77512 -8.04519
  endloop
 endfacet
 facet normal 1.88185e-06 3.26224e-06       -1
  outer loop
   vertex -5.17963 -7.97988 -8.04519
   vertex  1.50738 -12.1297 -8.04519
   vertex -11.3848 -4.69273 -8.04519
  endloop
 endfacet
 facet normal 4.3406e-07 5.29252e-07       -1
  outer loop
   vertex -6.61963 -6.79888 -8.04519
   vertex -5.17963 -7.97988 -8.04519
   vertex -11.3848 -4.69273 -8.04519
  endloop
 endfacet
 facet normal 6.2465e-07 -6.16562e-08       -1
  outer loop
   vertex -11.3848 -4.69273 -8.04519
   vertex -9.21963  1.77512 -8.04519
   vertex -9.40263 -0.0788777 -8.04519
  endloop
 endfacet
 facet normal 3.91242e-07 3.86176e-08       -1
  outer loop
   vertex -11.3848 -4.69273 -8.04519
   vertex -9.40263 -0.0788777 -8.04519
   vertex -9.21963 -1.93288 -8.04519
  endloop
 endfacet
 facet normal 3.13811e-07 2.5719e-07       -1
  outer loop
   vertex -7.80063 -5.35788 -8.04519
   vertex -6.61963 -6.79888 -8.04519
   vertex -11.3848 -4.69273 -8.04519
  endloop
 endfacet
 facet normal 3.17786e-07 9.62449e-08       -1
  outer loop
   vertex -11.3848 -4.69273 -8.04519
   vertex -9.21963 -1.93288 -8.04519
   vertex -8.67963 -3.71588 -8.04519
  endloop
 endfacet
 facet normal 2.95431e-07 1.58151e-07       -1
  outer loop
   vertex -11.3848 -4.69273 -8.04519
   vertex -8.67963 -3.71588 -8.04519
   vertex -7.80063 -5.35788 -8.04519
  endloop
 endfacet
 facet normal        0        0       -1
  outer loop
   vertex  8.88037  3.55812 -8.04519
   vertex  11.0918  4.44714 -8.04519
   vertex  11.2031  4.17935 -8.04519
  endloop
 endfacet
 facet normal        0        0       -1
  outer loop
   vertex  11.2774  3.90312 -8.04519
   vertex  11.6204  3.07512 -8.04519
   vertex  11.6598  2.77536 -8.04519
  endloop
 endfacet
 facet normal -0.707188 -0.707021 -0.00261782
  outer loop
   vertex -9.80663 -7.48988 -7.05919
   vertex -9.72554 -7.56733 -8.04519
   vertex -9.31163 -7.98488 -7.09119
  endloop
 endfacet
 facet normal        0        0       -1
  outer loop
   vertex  11.9184 -0.0788777 -8.04519
   vertex  9.60337 -0.0788777 -8.04519
   vertex  9.42037  1.77512 -8.04519
  endloop
 endfacet
 facet normal        0        0       -1
  outer loop
   vertex  11.2774  3.90312 -8.04519
   vertex  11.6598  2.77536 -8.04519
   vertex  11.7116  2.49998 -8.04519
  endloop
 endfacet
 facet normal        0        0       -1
  outer loop
   vertex  11.7116  2.49998 -8.04519
   vertex  11.9184  1.51012 -8.04519
   vertex  11.9184 0.810122 -8.04519
  endloop
 endfacet
 facet normal        0        0       -1
  outer loop
   vertex  11.9184 0.810122 -8.04519
   vertex  12.0354 -0.0788777 -8.04519
   vertex  11.9184 -0.0788777 -8.04519
  endloop
 endfacet
 facet normal        0        0       -1
  outer loop
   vertex  11.9184 -0.0788777 -8.04519
   vertex  9.42037  1.77512 -8.04519
   vertex  11.2774  3.90312 -8.04519
  endloop
 endfacet
 facet normal        0        0       -1
  outer loop
   vertex  11.2774  3.90312 -8.04519
   vertex  11.7116  2.49998 -8.04519
   vertex  11.9184 0.810122 -8.04519
  endloop
 endfacet
 facet normal        0        0       -1
  outer loop
   vertex  11.2774  3.90312 -8.04519
   vertex  11.9184 0.810122 -8.04519
   vertex  11.9184 -0.0788777 -8.04519
  endloop
 endfacet
 facet normal        0        0       -1
  outer loop
   vertex -1.32903 -5.42995  16.9549
   vertex -0.723622  -5.5432  16.9549
   vertex -0.861324  -6.6907  16.9549
  endloop
 endfacet
 facet normal        0       -0       -1
  outer loop
   vertex -1.32903 -5.42995  16.9549
   vertex -0.861324  -6.6907  16.9549
   vertex -1.53379 -6.56923  16.9549
  endloop
 endfacet
 facet normal 0.821469 0.539801  0.18386
  outer loop
   vertex  5.81806   3.4143  23.1033
   vertex  5.44279  3.98539  23.1033
   vertex  4.56836  3.22192  29.2516
  endloop
 endfacet
 facet normal 0.832981 0.521237 0.185619
  outer loop
   vertex  5.81806   3.4143  23.1033
   vertex  4.56836  3.22192  29.2516
   vertex  4.89507  2.69981  29.2516
  endloop
 endfacet
 facet normal -0.913275 -0.363375 0.184084
  outer loop
   vertex -5.27269 -1.85729  23.1033
   vertex -6.38626 -2.17325  16.9549
   vertex -6.13363 -2.80818  16.9549
  endloop
 endfacet
 facet normal -0.907454 -0.377041 0.185382
  outer loop
   vertex -5.27269 -1.85729  23.1033
   vertex -6.13363 -2.80818  16.9549
   vertex -5.03637 -2.42605  23.1033
  endloop
 endfacet
 facet normal        0        0       -1
  outer loop
   vertex -4.25595  5.23395  23.1033
   vertex  -3.7046  5.63766  23.1033
   vertex -3.09482   4.6554  23.1033
  endloop
 endfacet
 facet normal        0        0       -1
  outer loop
   vertex -4.25595  5.23395  23.1033
   vertex -3.09482   4.6554  23.1033
   vertex -3.58817  4.28669  23.1033
  endloop
 endfacet
 facet normal 0.122864 -0.975234 0.183912
  outer loop
   vertex 0.506085 -5.56728  23.1033
   vertex 0.503136 -6.72712  16.9549
   vertex  1.18113 -6.64171  16.9549
  endloop
 endfacet
 facet normal 0.142732 -0.97221 0.185565
  outer loop
   vertex 0.506085 -5.56728  23.1033
   vertex  1.18113 -6.64171  16.9549
   vertex  1.11546 -5.47781  23.1033
  endloop
 endfacet
 facet normal 0.960882 -0.207299 0.183665
  outer loop
   vertex  5.52116 -0.876086     35.4
   vertex  5.39127 -1.47814     35.4
   vertex  6.48311 -1.86455  29.2516
  endloop
 endfacet
 facet normal 0.956884 -0.223414  0.18563
  outer loop
   vertex  5.52116 -0.876086     35.4
   vertex  6.48311 -1.86455  29.2516
   vertex  6.63848  -1.1991  29.2516
  endloop
 endfacet
 facet normal -0.623529  -0.7818 -1.59982e-08
  outer loop
   vertex  2.54192  3.63372     35.4
   vertex  2.54192  3.63372  7.52301
   vertex  2.97731  3.28647  7.52301
  endloop
 endfacet
 facet normal -0.623529  -0.7818 -2.1331e-08
  outer loop
   vertex  2.54192  3.63372     35.4
   vertex  2.97731  3.28647  7.52301
   vertex  2.97731  3.28647     35.4
  endloop
 endfacet
 facet normal 0.204935 -0.978776 5.69632e-09
  outer loop
   vertex -1.17954  4.27481  7.52301
   vertex -0.634467  4.38893  7.52301
   vertex -0.634467  4.38893     35.4
  endloop
 endfacet
 facet normal 0.204935 -0.978776 4.38178e-09
  outer loop
   vertex -1.17954  4.27481  7.52301
   vertex -0.634467  4.38893     35.4
   vertex -1.17954  4.27481     35.4
  endloop
 endfacet
 facet normal 0.651115 -0.758979 1.6706e-08
  outer loop
   vertex -3.09304  3.17779  7.52301
   vertex -2.67037   3.5404  7.52301
   vertex -2.67037   3.5404     35.4
  endloop
 endfacet
 facet normal 0.651115 -0.758979 2.22747e-08
  outer loop
   vertex -3.09304  3.17779  7.52301
   vertex -2.67037   3.5404     35.4
   vertex -3.09305  3.17779     35.4
  endloop
 endfacet
 facet normal 0.884372 0.466784        0
  outer loop
   vertex  6.25287  2.91159  7.52301
   vertex   5.9319   3.5197  7.52301
   vertex   5.9319   3.5197       10
  endloop
 endfacet
 facet normal 0.884372 0.466784       -0
  outer loop
   vertex  6.25287  2.91159  7.52301
   vertex   5.9319   3.5197       10
   vertex  6.25287  2.91159       10
  endloop
 endfacet
 facet normal 0.774345 0.632763        0
  outer loop
   vertex  5.55197  4.09284  7.52301
   vertex  5.11687   4.6253  7.52301
   vertex  5.11687   4.6253       10
  endloop
 endfacet
 facet normal 0.774345 0.632763       -0
  outer loop
   vertex  5.55197  4.09284  7.52301
   vertex  5.11687   4.6253       10
   vertex  5.55197  4.09284       10
  endloop
 endfacet
 facet normal 0.550855 -0.834601 1.41336e-08
  outer loop
   vertex -2.67037   3.5404  7.52301
   vertex -2.20559  3.84716  7.52301
   vertex -2.20559  3.84716     35.4
  endloop
 endfacet
 facet normal 0.550855 -0.834601 1.41336e-08
  outer loop
   vertex -2.67037   3.5404  7.52301
   vertex -2.20559  3.84716     35.4
   vertex -2.67037   3.5404     35.4
  endloop
 endfacet
 facet normal -0.936217 0.351422 -4.80421e-08
  outer loop
   vertex  4.24137 -1.29464  7.52301
   vertex  4.04566 -1.81601  7.52301
   vertex  4.04566 -1.81601     35.4
  endloop
 endfacet
 facet normal -0.936217 0.351423 -3.20281e-08
  outer loop
   vertex  4.24137 -1.29464  7.52301
   vertex  4.04566 -1.81601     35.4
   vertex  4.24136 -1.29464     35.4
  endloop
 endfacet
 facet normal 0.867542 0.497363 2.96787e-08
  outer loop
   vertex -3.70108  -2.4428  7.52301
   vertex -3.97806 -1.95967  7.52301
   vertex -3.97807 -1.95967     35.4
  endloop
 endfacet
 facet normal 0.867542 0.497363 3.70984e-08
  outer loop
   vertex -3.70108  -2.4428  7.52301
   vertex -3.97807 -1.95967     35.4
   vertex -3.70109  -2.4428     35.4
  endloop
 endfacet
 facet normal -0.0119184 0.999929        0
  outer loop
   vertex 0.261687  6.89255    7.523
   vertex -0.42589  6.88436    7.523
   vertex -0.42589  6.88436       10
  endloop
 endfacet
 facet normal -0.0119184 0.999929        0
  outer loop
   vertex 0.261687  6.89255    7.523
   vertex -0.42589  6.88436       10
   vertex 0.261687  6.89255       10
  endloop
 endfacet
 facet normal 0.989712 0.143073 3.38581e-08
  outer loop
   vertex -4.34044 -0.908796  7.52301
   vertex -4.42011 -0.35763  7.52301
   vertex -4.42011 -0.35763     35.4
  endloop
 endfacet
 facet normal 0.989712 0.143073 3.38581e-08
  outer loop
   vertex -4.34044 -0.908796  7.52301
   vertex -4.42011 -0.35763     35.4
   vertex -4.34044 -0.908796     35.4
  endloop
 endfacet
 facet normal 0.409514 0.912304 1.05071e-08
  outer loop
   vertex  -1.5584 -4.15171  7.52301
   vertex -2.06646 -3.92365  7.52301
   vertex -2.06646 -3.92365     35.4
  endloop
 endfacet
 facet normal 0.409514 0.912304 1.05071e-08
  outer loop
   vertex  -1.5584 -4.15171  7.52301
   vertex -2.06646 -3.92365     35.4
   vertex  -1.5584 -4.15171     35.4
  endloop
 endfacet
 facet normal 0.520627 0.853784 1.3358e-08
  outer loop
   vertex -2.06646 -3.92365  7.52301
   vertex -2.54193 -3.63372  7.52301
   vertex -2.54193 -3.63372     35.4
  endloop
 endfacet
 facet normal 0.520627 0.853784 1.3358e-08
  outer loop
   vertex -2.06646 -3.92365  7.52301
   vertex -2.54193 -3.63372     35.4
   vertex -2.06646 -3.92365     35.4
  endloop
 endfacet
 facet normal 0.798366 0.602173 3.41402e-08
  outer loop
   vertex -3.36574  -2.8874  7.52301
   vertex -3.70108  -2.4428  7.52301
   vertex -3.70109  -2.4428     35.4
  endloop
 endfacet
 facet normal 0.798365 0.602173 2.73121e-08
  outer loop
   vertex -3.36574  -2.8874  7.52301
   vertex -3.70109  -2.4428     35.4
   vertex -3.36574  -2.8874     35.4
  endloop
 endfacet
 facet normal -0.399389 0.916782        0
  outer loop
   vertex -2.43617  6.45297    7.523
   vertex -3.06657  6.17834    7.523
   vertex -3.06657  6.17834       10
  endloop
 endfacet
 facet normal -0.399389 0.916782        0
  outer loop
   vertex -2.43617  6.45297    7.523
   vertex -3.06657  6.17834       10
   vertex -2.43617  6.45297       10
  endloop
 endfacet
 facet normal -0.97288 0.231312 -3.32823e-08
  outer loop
   vertex  4.37018 -0.752843  7.52301
   vertex  4.24137 -1.29464  7.52301
   vertex  4.24136 -1.29464     35.4
  endloop
 endfacet
 facet normal -0.97288 0.231311 -4.99234e-08
  outer loop
   vertex  4.37018 -0.752843  7.52301
   vertex  4.24136 -1.29464     35.4
   vertex  4.37018 -0.752843     35.4
  endloop
 endfacet
 facet normal 0.936217 -0.351422 3.20281e-08
  outer loop
   vertex -4.24137  1.29464  7.52301
   vertex -4.04566  1.81601  7.52301
   vertex -4.04566  1.81601     35.4
  endloop
 endfacet
 facet normal 0.936217 -0.351422 3.20281e-08
  outer loop
   vertex -4.24137  1.29464  7.52301
   vertex -4.04566  1.81601     35.4
   vertex -4.24137  1.29464     35.4
  endloop
 endfacet
 facet normal -0.716598 -0.697487 -3.06436e-08
  outer loop
   vertex  2.97731  3.28647  7.52301
   vertex  3.36573   2.8874  7.52301
   vertex  3.36573   2.8874     35.4
  endloop
 endfacet
 facet normal -0.716598 -0.697486 -2.45149e-08
  outer loop
   vertex  2.97731  3.28647  7.52301
   vertex  3.36573   2.8874     35.4
   vertex  2.97731  3.28647     35.4
  endloop
 endfacet
 facet normal -0.651115 0.758979 -1.6706e-08
  outer loop
   vertex  3.09304 -3.17779  7.52301
   vertex  2.67037  -3.5404  7.52301
   vertex  2.67037  -3.5404     35.4
  endloop
 endfacet
 facet normal -0.651115 0.758979 -2.78434e-08
  outer loop
   vertex  3.09304 -3.17779  7.52301
   vertex  2.67037  -3.5404     35.4
   vertex  3.09304 -3.17779     35.4
  endloop
 endfacet
 facet normal 0.291942 0.956436 7.49053e-09
  outer loop
   vertex -1.02576 -4.31429  7.52301
   vertex  -1.5584 -4.15171  7.52301
   vertex  -1.5584 -4.15171     35.4
  endloop
 endfacet
 facet normal 0.291942 0.956436 7.49053e-09
  outer loop
   vertex -1.02576 -4.31429  7.52301
   vertex  -1.5584 -4.15171     35.4
   vertex -1.02577 -4.31429     35.4
  endloop
 endfacet
 facet normal 0.741106 -0.671388 2.53533e-08
  outer loop
   vertex -3.46694  2.76507  7.52301
   vertex -3.09304  3.17779  7.52301
   vertex -3.09305  3.17779     35.4
  endloop
 endfacet
 facet normal 0.741106 -0.671388 3.16916e-08
  outer loop
   vertex -3.46694  2.76507  7.52301
   vertex -3.09305  3.17779     35.4
   vertex -3.46694  2.76507     35.4
  endloop
 endfacet
 facet normal 0.325993 -0.945372 6.97016e-09
  outer loop
   vertex -1.70602  4.09326  7.52301
   vertex -1.17954  4.27481  7.52301
   vertex -1.17954  4.27481     35.4
  endloop
 endfacet
 facet normal 0.325993 -0.945372 8.36419e-09
  outer loop
   vertex -1.70602  4.09326  7.52301
   vertex -1.17954  4.27481     35.4
   vertex -1.70602  4.09326     35.4
  endloop
 endfacet
 facet normal -0.963976 -0.265989 -3.29777e-08
  outer loop
   vertex   4.1923  1.44563  7.52301
   vertex  4.34043 0.908796  7.52301
   vertex  4.34043 0.908796     35.4
  endloop
 endfacet
 facet normal -0.963976 -0.265989 -4.94665e-08
  outer loop
   vertex   4.1923  1.44563  7.52301
   vertex  4.34043 0.908796     35.4
   vertex   4.1923  1.44563     35.4
  endloop
 endfacet
 facet normal 0.044915 0.998991 1.24844e-09
  outer loop
   vertex 0.0793813 -4.43384  7.52301
   vertex -0.476953 -4.40883  7.52301
   vertex -0.476953 -4.40883     35.4
  endloop
 endfacet
 facet normal 0.044915 0.998991 1.22443e-09
  outer loop
   vertex 0.0793813 -4.43384  7.52301
   vertex -0.476953 -4.40883     35.4
   vertex 0.0793805 -4.43384     35.4
  endloop
 endfacet
 facet normal 0.353194 -0.93555        0
  outer loop
   vertex  2.11148 -6.56638    7.523
   vertex  2.75479 -6.32352    7.523
   vertex  2.75479 -6.32352       10
  endloop
 endfacet
 facet normal 0.353194 -0.93555        0
  outer loop
   vertex  2.11148 -6.56638    7.523
   vertex  2.75479 -6.32352       10
   vertex  2.11148 -6.56638       10
  endloop
 endfacet
 facet normal -0.044915 -0.998991 -1.24844e-09
  outer loop
   vertex -0.0793845  4.43384  7.52301
   vertex  0.47695  4.40883  7.52301
   vertex 0.476949  4.40883     35.4
  endloop
 endfacet
 facet normal -0.044915 -0.998991 -1.22443e-09
  outer loop
   vertex -0.0793845  4.43384  7.52301
   vertex 0.476949  4.40883     35.4
   vertex -0.0793853  4.43384     35.4
  endloop
 endfacet
 facet normal -0.88479  0.46599 -3.78359e-08
  outer loop
   vertex  4.04566 -1.81601  7.52301
   vertex  3.78615 -2.30875  7.52301
   vertex  3.78615 -2.30875     35.4
  endloop
 endfacet
 facet normal -0.88479  0.46599 -4.54031e-08
  outer loop
   vertex  4.04566 -1.81601  7.52301
   vertex  3.78615 -2.30875     35.4
   vertex  4.04566 -1.81601     35.4
  endloop
 endfacet
 facet normal 0.613261 -0.78988        0
  outer loop
   vertex  3.95315 -5.65228    7.523
   vertex  4.49629 -5.23059    7.523
   vertex  4.49629 -5.23059       10
  endloop
 endfacet
 facet normal 0.613261 -0.78988        0
  outer loop
   vertex  3.95315 -5.65228    7.523
   vertex  4.49629 -5.23059       10
   vertex  3.95315 -5.65228       10
  endloop
 endfacet
 facet normal 0.957069 -0.289859        0
  outer loop
   vertex -8.67963  3.55812 -8.04519
   vertex -8.67963  3.55812  4.25481
   vertex -9.21963  1.77512  4.25481
  endloop
 endfacet
 facet normal 0.957069 -0.289859        0
  outer loop
   vertex -8.67963  3.55812 -8.04519
   vertex -9.21963  1.77512  4.25481
   vertex -9.21963  1.77512 -8.04519
  endloop
 endfacet
 facet normal -0.325993 0.945372 -8.36419e-09
  outer loop
   vertex  1.70601 -4.09326  7.52301
   vertex  1.17954 -4.27481  7.52301
   vertex  1.17954 -4.27481     35.4
  endloop
 endfacet
 facet normal -0.325993 0.945372 -8.36419e-09
  outer loop
   vertex  1.70601 -4.09326  7.52301
   vertex  1.17954 -4.27481     35.4
   vertex  1.70601 -4.09326     35.4
  endloop
 endfacet
 facet normal 0.688861 -0.724894        0
  outer loop
   vertex  4.49629 -5.23059    7.523
   vertex  4.99475 -4.75691  7.52301
   vertex  4.99475 -4.75691       10
  endloop
 endfacet
 facet normal 0.688861 -0.724894        0
  outer loop
   vertex  4.49629 -5.23059    7.523
   vertex  4.99475 -4.75691       10
   vertex  4.49629 -5.23059       10
  endloop
 endfacet
 facet normal 0.441908 -0.89706 1.13383e-08
  outer loop
   vertex -2.20559  3.84716  7.52301
   vertex -1.70602  4.09326  7.52301
   vertex -1.70602  4.09326     35.4
  endloop
 endfacet
 facet normal 0.441908 -0.89706 1.13383e-08
  outer loop
   vertex -2.20559  3.84716  7.52301
   vertex -1.70602  4.09326     35.4
   vertex -2.20559  3.84716     35.4
  endloop
 endfacet
 facet normal 0.995164 -0.0982279        0
  outer loop
   vertex -9.21963  1.77512 -8.04519
   vertex -9.21963  1.77512  4.25481
   vertex -9.40263 -0.0788777  4.25481
  endloop
 endfacet
 facet normal 0.995164 -0.0982279        0
  outer loop
   vertex -9.21963  1.77512 -8.04519
   vertex -9.40263 -0.0788777  4.25481
   vertex -9.40263 -0.0788777 -8.04519
  endloop
 endfacet
 facet normal -0.986807 0.161899        0
  outer loop
   vertex  -6.7424  1.45459    7.523
   vertex -6.85372 0.776037    7.523
   vertex -6.85372 0.776037       10
  endloop
 endfacet
 facet normal -0.986807 0.161899        0
  outer loop
   vertex  -6.7424  1.45459    7.523
   vertex -6.85372 0.776037       10
   vertex  -6.7424  1.45459       10
  endloop
 endfacet
 facet normal -0.441909  0.89706 -1.13383e-08
  outer loop
   vertex  2.20558 -3.84716  7.52301
   vertex  1.70601 -4.09326  7.52301
   vertex  1.70601 -4.09326     35.4
  endloop
 endfacet
 facet normal -0.441909  0.89706 -1.13383e-08
  outer loop
   vertex  2.20558 -3.84716  7.52301
   vertex  1.70601 -4.09326     35.4
   vertex  2.20558 -3.84716     35.4
  endloop
 endfacet
 facet normal -0.409514 -0.912304 -1.05071e-08
  outer loop
   vertex   1.5584  4.15171  7.52301
   vertex  2.06646  3.92365  7.52301
   vertex  2.06645  3.92365     35.4
  endloop
 endfacet
 facet normal -0.409514 -0.912304 -1.05071e-08
  outer loop
   vertex   1.5584  4.15171  7.52301
   vertex  2.06645  3.92365     35.4
   vertex   1.5584  4.15171     35.4
  endloop
 endfacet
 facet normal -0.258642 -0.965973        0
  outer loop
   vertex -4.80763 -11.3259  2.91281
   vertex -4.13163 -11.5069  2.95581
   vertex -4.13163 -11.5069  4.13581
  endloop
 endfacet
 facet normal -0.258642 -0.965973        0
  outer loop
   vertex -4.80763 -11.3259  2.91281
   vertex -4.13163 -11.5069  4.13581
   vertex -4.80763 -11.3259  4.25481
  endloop
 endfacet
 facet normal -0.991434 -0.13061        0
  outer loop
   vertex -13.5496 -0.0788777 -2.22319
   vertex -13.0926 -3.54788 -2.13119
   vertex -13.0926 -3.54788 -1.83819
  endloop
 endfacet
 facet normal -0.991434 -0.13061        0
  outer loop
   vertex -13.5496 -0.0788777 -2.22319
   vertex -13.0926 -3.54788 -1.83819
   vertex -13.5496 -0.0788777 -1.93019
  endloop
 endfacet
 facet normal        0        0       -1
  outer loop
   vertex -6.72574 0.521338  23.1033
   vertex -5.56104 0.570607  23.1033
   vertex -5.59006 -0.0446158  23.1033
  endloop
 endfacet
 facet normal        0       -0       -1
  outer loop
   vertex -6.72574 0.521338  23.1033
   vertex -5.59006 -0.0446158  23.1033
   vertex -6.74397 -0.161768  23.1033
  endloop
 endfacet
 facet normal        0       -1        0
  outer loop
   vertex -0.149626 -12.1479  4.25381
   vertex -0.149626 -12.1479  2.04481
   vertex 0.739374 -12.1479  2.07081
  endloop
 endfacet
 facet normal        0       -1        0
  outer loop
   vertex -0.149626 -12.1479  4.25381
   vertex 0.739374 -12.1479  2.07081
   vertex  1.43937 -12.1479  4.25481
  endloop
 endfacet
 facet normal        0        0        1
  outer loop
   vertex   1.5584  4.15171     35.4
   vertex  2.20464  5.13715     35.4
   vertex  1.62613   5.3485     35.4
  endloop
 endfacet
 facet normal        0       -0        1
  outer loop
   vertex   1.5584  4.15171     35.4
   vertex  1.62613   5.3485     35.4
   vertex  1.02576  4.31429     35.4
  endloop
 endfacet
 facet normal        0        0        1
  outer loop
   vertex  1.02576  4.31429     35.4
   vertex  1.62613   5.3485     35.4
   vertex  1.02788  5.49492     35.4
  endloop
 endfacet
 facet normal        0        0        1
  outer loop
   vertex 0.417157  5.57465     35.4
   vertex 0.476949  4.40883     35.4
   vertex  1.02576  4.31429     35.4
  endloop
 endfacet
 facet normal        0        0        1
  outer loop
   vertex 0.417157  5.57465     35.4
   vertex  1.02576  4.31429     35.4
   vertex  1.02788  5.49492     35.4
  endloop
 endfacet
 facet normal 0.923867 -0.382714        0
  outer loop
   vertex  11.6204 -3.23388  1.99181
   vertex  11.6204 -3.23388  2.50481
   vertex  11.2774 -4.06188  2.47981
  endloop
 endfacet
 facet normal 0.923867 -0.382714        0
  outer loop
   vertex  11.6204 -3.23388  1.99181
   vertex  11.2774 -4.06188  2.47981
   vertex  11.2774 -4.06188  2.04481
  endloop
 endfacet
 facet normal -0.499516 -0.866305       -0
  outer loop
   vertex -5.41463 -10.9759  4.09581
   vertex -5.41463 -10.9759  2.97781
   vertex -4.80763 -11.3259  2.91281
  endloop
 endfacet
 facet normal -0.499516 -0.866305        0
  outer loop
   vertex -5.41463 -10.9759  4.09581
   vertex -4.80763 -11.3259  2.91281
   vertex -4.80763 -11.3259  4.25481
  endloop
 endfacet
 facet normal        1        0       -0
  outer loop
   vertex  11.9184 -0.0788777 -8.04519
   vertex  11.9184 -0.0788777 -6.23819
   vertex  11.9184 -0.968877 -6.26319
  endloop
 endfacet
 facet normal        1        0        0
  outer loop
   vertex  11.9184 -0.0788777 -8.04519
   vertex  11.9184 -0.968877 -6.26319
   vertex  11.9184 -0.124822 -8.04519
  endloop
 endfacet
 facet normal        0        0        1
  outer loop
   vertex -2.67037   3.5404     35.4
   vertex -3.09482   4.6554     35.4
   vertex -3.58817  4.28669     35.4
  endloop
 endfacet
 facet normal        0        0        1
  outer loop
   vertex -4.03797  3.86595     35.4
   vertex -3.09305  3.17779     35.4
   vertex -2.67037   3.5404     35.4
  endloop
 endfacet
 facet normal       -0        0        1
  outer loop
   vertex -4.03797  3.86595     35.4
   vertex -2.67037   3.5404     35.4
   vertex -3.58817  4.28669     35.4
  endloop
 endfacet
 facet normal 0.976294 0.115951 0.182774
  outer loop
   vertex  5.50647   0.9641  16.9549
   vertex  5.57911 0.352492  16.9549
   vertex  6.89283 0.254125       10
  endloop
 endfacet
 facet normal 0.978779 0.0850908 0.186419
  outer loop
   vertex  5.50647   0.9641  16.9549
   vertex  6.89283 0.254125       10
   vertex  6.83328 0.939166       10
  endloop
 endfacet
 facet normal        0        0        1
  outer loop
   vertex -0.634467  4.38893     35.4
   vertex -0.812009  5.53094     35.4
   vertex -1.41553  5.40805     35.4
  endloop
 endfacet
 facet normal        0        0        1
  outer loop
   vertex -0.634467  4.38893     35.4
   vertex -1.41553  5.40805     35.4
   vertex -1.17954  4.27481     35.4
  endloop
 endfacet
 facet normal 0.256473 0.479391 -0.839289
  outer loop
   vertex -2.06646 -3.92365  7.52301
   vertex -3.53663 -8.85888  4.25481
   vertex -5.17963 -7.97988  4.25481
  endloop
 endfacet
 facet normal  0.28153 0.461685 -0.841182
  outer loop
   vertex -2.06646 -3.92365  7.52301
   vertex -5.17963 -7.97988  4.25481
   vertex -2.54193 -3.63372  7.52301
  endloop
 endfacet
 facet normal        0        0        1
  outer loop
   vertex -4.43008 0.199177     35.4
   vertex -5.56104 0.570607     35.4
   vertex -5.59006 -0.0446158     35.4
  endloop
 endfacet
 facet normal -0.417251 -0.342204 -0.841901
  outer loop
   vertex  2.97731  3.28647  7.52301
   vertex  6.82037  6.64112  4.25481
   vertex  8.00137  5.20112  4.25481
  endloop
 endfacet
 facet normal -0.39563 -0.385079 -0.833781
  outer loop
   vertex  2.97731  3.28647  7.52301
   vertex  8.00137  5.20112  4.25481
   vertex  3.36573   2.8874  7.52301
  endloop
 endfacet
 facet normal        0        0        1
  outer loop
   vertex -3.78616  2.30875     35.4
   vertex -4.78564  2.88935     35.4
   vertex -5.07445  2.34536     35.4
  endloop
 endfacet
 facet normal        0        0        1
  outer loop
   vertex -3.78616  2.30875     35.4
   vertex -5.07445  2.34536     35.4
   vertex -4.04566  1.81601     35.4
  endloop
 endfacet
 facet normal        0        0        1
  outer loop
   vertex -2.97731 -3.28647     35.4
   vertex -3.97575 -3.92991     35.4
   vertex -3.51929 -4.34342     35.4
  endloop
 endfacet
 facet normal        0        0       -1
  outer loop
   vertex  6.38626  2.17325  29.2516
   vertex  5.36699  1.56401  29.2516
   vertex  5.16236  2.14493  29.2516
  endloop
 endfacet
 facet normal       -0        0       -1
  outer loop
   vertex  6.38626  2.17325  29.2516
   vertex  5.16236  2.14493  29.2516
   vertex  6.13363  2.80818  29.2516
  endloop
 endfacet
 facet normal 0.793121 0.609064       -0
  outer loop
   vertex  9.85737  6.72512 -7.06619
   vertex  9.85737  6.72512 -6.23719
   vertex  10.4034  6.01412 -6.05319
  endloop
 endfacet
 facet normal 0.793121 0.609064        0
  outer loop
   vertex  9.85737  6.72512 -7.06619
   vertex  10.4034  6.01412 -6.05319
   vertex  10.4034  6.01412 -7.13219
  endloop
 endfacet
 facet normal        0       -0        1
  outer loop
   vertex  -1.9183 -5.25079     35.4
   vertex  -1.5584 -4.15171     35.4
   vertex -2.06646 -3.92365     35.4
  endloop
 endfacet
 facet normal        0        0        1
  outer loop
   vertex  -1.9183 -5.25079     35.4
   vertex -2.06646 -3.92365     35.4
   vertex -2.48429  -5.0079     35.4
  endloop
 endfacet
 facet normal        0       -0        1
  outer loop
   vertex -1.32903 -5.42995     35.4
   vertex -1.02577 -4.31429     35.4
   vertex  -1.5584 -4.15171     35.4
  endloop
 endfacet
 facet normal        0        0        1
  outer loop
   vertex -1.32903 -5.42995     35.4
   vertex  -1.5584 -4.15171     35.4
   vertex  -1.9183 -5.25079     35.4
  endloop
 endfacet
 facet normal -0.0890153 0.979215 0.182249
  outer loop
   vertex -1.18113  6.64171  16.9549
   vertex -0.812009  5.53094  23.1033
   vertex -0.198631   5.5867  23.1033
  endloop
 endfacet
 facet normal -0.122795  0.97468 0.186869
  outer loop
   vertex -1.18113  6.64171  16.9549
   vertex -0.198631   5.5867  23.1033
   vertex -0.503138  6.72712  16.9549
  endloop
 endfacet
 facet normal -0.533929 -0.0527013 -0.843886
  outer loop
   vertex  4.34043 0.908796  7.52301
   vertex  9.42037  1.77512  4.25481
   vertex  9.60337 -0.0788777  4.25481
  endloop
 endfacet
 facet normal -0.536416 -0.0775443 -0.840384
  outer loop
   vertex  4.34043 0.908796  7.52301
   vertex  9.60337 -0.0788777  4.25481
   vertex  4.42011  0.35763  7.52301
  endloop
 endfacet
 facet normal        0        0        1
  outer loop
   vertex 0.634463 -4.38893     35.4
   vertex 0.506084 -5.56728     35.4
   vertex  1.11546 -5.47781     35.4
  endloop
 endfacet
 facet normal 0.484133 0.259167 -0.835732
  outer loop
   vertex -3.97806 -1.95967  7.52301
   vertex -7.80063 -5.35788  4.25481
   vertex -8.67963 -3.71588  4.25481
  endloop
 endfacet
 facet normal 0.503935 0.210033 -0.837816
  outer loop
   vertex -3.97806 -1.95967  7.52301
   vertex -8.67963 -3.71588  4.25481
   vertex -4.19231 -1.44563  7.52301
  endloop
 endfacet
 facet normal -0.846475 0.499833 0.183434
  outer loop
   vertex -4.78564  2.88935  23.1033
   vertex -5.62762  3.71984  16.9549
   vertex -5.97508  3.13142  16.9549
  endloop
 endfacet
 facet normal -0.867827 0.460728 0.186025
  outer loop
   vertex -4.78564  2.88935  23.1033
   vertex -5.97508  3.13142  16.9549
   vertex -5.07445  2.34536  23.1033
  endloop
 endfacet
 facet normal        0       -0        1
  outer loop
   vertex  5.52116 -0.876086     35.4
   vertex  5.58402 -0.263395     35.4
   vertex  4.43008 -0.199177     35.4
  endloop
 endfacet
 facet normal        0        0        1
  outer loop
   vertex  5.52116 -0.876086     35.4
   vertex  4.43008 -0.199177     35.4
   vertex  4.37018 -0.752843     35.4
  endloop
 endfacet
 facet normal -0.563367  0.80551 0.183773
  outer loop
   vertex -3.09482   4.6554  16.9549
   vertex  -3.6665  5.84231       10
   vertex -4.22998  5.44821       10
  endloop
 endfacet
 facet normal -0.588231 0.787076  0.18573
  outer loop
   vertex -3.09482   4.6554  16.9549
   vertex -4.22998  5.44821       10
   vertex -3.58817  4.28669  16.9549
  endloop
 endfacet
 facet normal -0.483748 -0.127575 -0.865859
  outer loop
   vertex -12.3346 -0.0788777  1.49281
   vertex -11.9196 -3.23388  1.72581
   vertex -12.8976 -3.49588  2.31081
  endloop
 endfacet
 facet normal -0.496423 -0.123891 -0.859194
  outer loop
   vertex -12.3346 -0.0788777  1.49281
   vertex -12.8976 -3.49588  2.31081
   vertex -13.5496 -0.0788777  2.19481
  endloop
 endfacet
 facet normal        0        0        1
  outer loop
   vertex  3.78615 -2.30875     35.4
   vertex   4.6192 -3.14859     35.4
   vertex  4.93754 -2.62133     35.4
  endloop
 endfacet
 facet normal -0.696052 -0.694172 0.183401
  outer loop
   vertex -3.97575 -3.92991  23.1033
   vertex -5.01167 -4.51558  16.9549
   vertex -4.52913 -4.99943  16.9549
  endloop
 endfacet
 facet normal -0.659668 -0.728167  0.18604
  outer loop
   vertex -3.97575 -3.92991  23.1033
   vertex -4.52913 -4.99943  16.9549
   vertex -3.51929 -4.34342  23.1033
  endloop
 endfacet
 facet normal        0        0        1
  outer loop
   vertex  5.36699  1.56401     35.4
   vertex  5.16236  2.14493     35.4
   vertex   4.1923  1.44563     35.4
  endloop
 endfacet
 facet normal 0.780529 -0.597568 0.183538
  outer loop
   vertex  5.62762 -3.71984  16.9549
   vertex   4.6192 -3.14859  23.1033
   vertex   4.2448 -3.63763  23.1033
  endloop
 endfacet
 facet normal 0.791215 -0.582649 0.185742
  outer loop
   vertex  5.62762 -3.71984  16.9549
   vertex   4.2448 -3.63763  23.1033
   vertex  5.22241  -4.2701  16.9549
  endloop
 endfacet
 facet normal 0.618684 0.763565 0.184928
  outer loop
   vertex   4.0001  5.43199  16.9549
   vertex  3.27468  4.53069  23.1033
   vertex  3.75321  4.14295  23.1033
  endloop
 endfacet
 facet normal 0.622123 0.760869 0.184501
  outer loop
   vertex   4.0001  5.43199  16.9549
   vertex  3.75321  4.14295  23.1033
   vertex  4.52912  4.99943  16.9549
  endloop
 endfacet
 facet normal        0        0        1
  outer loop
   vertex -4.19231 -1.44563     35.4
   vertex -5.27269 -1.85729     35.4
   vertex -5.03637 -2.42605     35.4
  endloop
 endfacet
 facet normal        0        0        1
  outer loop
   vertex -4.19231 -1.44563     35.4
   vertex -5.03637 -2.42605     35.4
   vertex -3.97807 -1.95967     35.4
  endloop
 endfacet
 facet normal 0.365876 0.912365 0.183642
  outer loop
   vertex  2.20464  5.13715  23.1033
   vertex  2.82477  6.12601  16.9549
   vertex  2.19052  6.38036  16.9549
  endloop
 endfacet
 facet normal 0.337175 0.922917 0.185841
  outer loop
   vertex  2.20464  5.13715  23.1033
   vertex  2.19052  6.38036  16.9549
   vertex  1.62613   5.3485  23.1033
  endloop
 endfacet
 facet normal 0.271703 0.944726 0.183492
  outer loop
   vertex  1.62613   5.3485  23.1033
   vertex  2.19052  6.38036  16.9549
   vertex  1.53379  6.56923  16.9549
  endloop
 endfacet
 facet normal 0.233593 0.954382 0.185981
  outer loop
   vertex  1.62613   5.3485  23.1033
   vertex  1.53379  6.56923  16.9549
   vertex  1.02788  5.49492  23.1033
  endloop
 endfacet
 facet normal 0.957016 0.222509 0.186039
  outer loop
   vertex  5.36699  1.56401  23.1033
   vertex  5.50647   0.9641  23.1033
   vertex  6.57336  1.51601  16.9549
  endloop
 endfacet
 facet normal 0.945473  0.26915  0.18341
  outer loop
   vertex  5.36699  1.56401  23.1033
   vertex  6.57336  1.51601  16.9549
   vertex  6.38626  2.17325  16.9549
  endloop
 endfacet
 facet normal 0.0192509 0.983218 0.181417
  outer loop
   vertex -0.503139  6.72712  29.2516
   vertex -0.198632   5.5867     35.4
   vertex 0.417157  5.57465     35.4
  endloop
 endfacet
 facet normal -0.0235547 0.981965  0.18759
  outer loop
   vertex -0.503139  6.72712  29.2516
   vertex 0.417157  5.57465     35.4
   vertex 0.180014  6.74351  29.2516
  endloop
 endfacet
 facet normal 0.983221 0.0078476 0.182249
  outer loop
   vertex  5.57911 0.352492  23.1033
   vertex  5.58402 -0.263395  23.1033
   vertex  6.72574 -0.521338  16.9549
  endloop
 endfacet
 facet normal 0.982035 -0.0262157 0.186869
  outer loop
   vertex  5.57911 0.352492  23.1033
   vertex  6.72574 -0.521338  16.9549
   vertex  6.74397 0.161768  16.9549
  endloop
 endfacet
 facet normal 0.977978 -0.100349 0.182998
  outer loop
   vertex  5.58402 -0.263395  29.2516
   vertex  5.52116 -0.876086  29.2516
   vertex  6.63848  -1.1991  23.1033
  endloop
 endfacet
 facet normal 0.974467 -0.125448 0.186215
  outer loop
   vertex  5.58402 -0.263395  29.2516
   vertex  6.63848  -1.1991  23.1033
   vertex  6.72574 -0.521338  23.1033
  endloop
 endfacet
 facet normal 0.960882 -0.207298 0.183664
  outer loop
   vertex  5.52116 -0.876086  29.2516
   vertex  5.39127 -1.47814  29.2516
   vertex  6.48311 -1.86455  23.1033
  endloop
 endfacet
 facet normal 0.956884 -0.223414  0.18563
  outer loop
   vertex  5.52116 -0.876086  29.2516
   vertex  6.48311 -1.86455  23.1033
   vertex  6.63848  -1.1991  23.1033
  endloop
 endfacet
 facet normal 0.932142 -0.311711 0.184249
  outer loop
   vertex  5.39127 -1.47814  29.2516
   vertex  5.19594 -2.06225  29.2516
   vertex  6.26122 -2.51087  23.1033
  endloop
 endfacet
 facet normal 0.929465 -0.319106 0.185112
  outer loop
   vertex  5.39127 -1.47814  29.2516
   vertex  6.26122 -2.51087  23.1033
   vertex  6.48311 -1.86455  23.1033
  endloop
 endfacet
 facet normal  0.99145 0.130484        0
  outer loop
   vertex  11.9184 0.810122 -7.61219
   vertex  12.0354 -0.0788777 -7.59819
   vertex  12.0354 -0.0788777 -8.04519
  endloop
 endfacet
 facet normal  0.99145 0.130484        0
  outer loop
   vertex  11.9184 0.810122 -7.61219
   vertex  12.0354 -0.0788777 -8.04519
   vertex  11.9184 0.810122 -8.04519
  endloop
 endfacet
 facet normal        0        0        1
  outer loop
   vertex  3.34658 -4.47785     35.4
   vertex  2.67037  -3.5404     35.4
   vertex  2.20558 -3.84716     35.4
  endloop
 endfacet
 facet normal        0        0        1
  outer loop
   vertex  3.34658 -4.47785     35.4
   vertex  2.20558 -3.84716     35.4
   vertex  2.83366 -4.81882     35.4
  endloop
 endfacet
 facet normal 0.456282 0.870633  0.18386
  outer loop
   vertex  2.75639  4.86344     35.4
   vertex  3.43003   5.8088  29.2516
   vertex  2.82477  6.12601  29.2516
  endloop
 endfacet
 facet normal 0.436675 0.880261 0.185619
  outer loop
   vertex  2.75639  4.86344     35.4
   vertex  2.82477  6.12601  29.2516
   vertex  2.20464  5.13715     35.4
  endloop
 endfacet
 facet normal  0.92674 0.326441 0.185981
  outer loop
   vertex  5.16236  2.14493     35.4
   vertex  5.36699  1.56401     35.4
   vertex  6.38626  2.17325  29.2516
  endloop
 endfacet
 facet normal 0.913378 0.363416 0.183492
  outer loop
   vertex  5.16236  2.14493     35.4
   vertex  6.38626  2.17325  29.2516
   vertex  6.13363  2.80818  29.2516
  endloop
 endfacet
 facet normal 0.174736 0.967382  0.18341
  outer loop
   vertex  1.02788  5.49492     35.4
   vertex  1.53379  6.56923  29.2516
   vertex  0.86132   6.6907  29.2516
  endloop
 endfacet
 facet normal 0.127184 0.974276 0.186039
  outer loop
   vertex  1.02788  5.49492     35.4
   vertex  0.86132   6.6907  29.2516
   vertex 0.417157  5.57465     35.4
  endloop
 endfacet
 facet normal 0.075972 0.980099 0.183396
  outer loop
   vertex 0.417157  5.57465     35.4
   vertex  0.86132   6.6907  29.2516
   vertex 0.180014  6.74351  29.2516
  endloop
 endfacet
 facet normal 0.677153 -0.712573 0.183583
  outer loop
   vertex  3.81886 -4.08252  16.9549
   vertex  4.49629 -5.23059       10
   vertex  4.99475 -4.75691       10
  endloop
 endfacet
 facet normal 0.709736 -0.679501 0.185885
  outer loop
   vertex  3.81886 -4.08252  16.9549
   vertex  4.99475 -4.75691       10
   vertex   4.2448 -3.63763  16.9549
  endloop
 endfacet
 facet normal 0.631133 -0.753999 0.182089
  outer loop
   vertex  4.76362 -4.77653  29.2516
   vertex  3.81886 -4.08252     35.4
   vertex  3.34658 -4.47785     35.4
  endloop
 endfacet
 facet normal 0.657571 -0.729814 0.187007
  outer loop
   vertex  4.76362 -4.77653  29.2516
   vertex  3.34658 -4.47785     35.4
   vertex  4.25595 -5.23395  29.2516
  endloop
 endfacet
 facet normal 0.960882 -0.207299 0.183665
  outer loop
   vertex  5.52116 -0.876086  23.1033
   vertex  5.39127 -1.47814  23.1033
   vertex  6.48311 -1.86455  16.9549
  endloop
 endfacet
 facet normal 0.956884 -0.223414  0.18563
  outer loop
   vertex  5.52116 -0.876086  23.1033
   vertex  6.48311 -1.86455  16.9549
   vertex  6.63848  -1.1991  16.9549
  endloop
 endfacet
 facet normal  0.97776 -0.100326 0.184174
  outer loop
   vertex  5.58402 -0.263395  16.9549
   vertex  5.52116 -0.876086  16.9549
   vertex  6.80652  -1.1167       10
  endloop
 endfacet
 facet normal 0.976461 -0.110563 0.185202
  outer loop
   vertex  5.58402 -0.263395  16.9549
   vertex  6.80652  -1.1167       10
   vertex  6.88388 -0.433443       10
  endloop
 endfacet
 facet normal -0.497424 0.847625 0.184662
  outer loop
   vertex -2.56391  4.96761     35.4
   vertex -3.11524  5.98353  29.2516
   vertex  -3.7046  5.63766  29.2516
  endloop
 endfacet
 facet normal -0.49817 0.847168 0.184751
  outer loop
   vertex -2.56391  4.96761     35.4
   vertex  -3.7046  5.63766  29.2516
   vertex -3.09482   4.6554     35.4
  endloop
 endfacet
 facet normal 0.841433 -0.508019 0.184139
  outer loop
   vertex  5.97507 -3.13142  16.9549
   vertex  4.93754 -2.62133  23.1033
   vertex   4.6192 -3.14859  23.1033
  endloop
 endfacet
 facet normal 0.846187 -0.499665  0.18521
  outer loop
   vertex  5.97507 -3.13142  16.9549
   vertex   4.6192 -3.14859  23.1033
   vertex  5.62762 -3.71984  16.9549
  endloop
 endfacet
 facet normal 0.710147 -0.679894 0.182855
  outer loop
   vertex  5.22241  -4.2701  29.2516
   vertex   4.2448 -3.63763     35.4
   vertex  3.81886 -4.08252     35.4
  endloop
 endfacet
 facet normal 0.728125 -0.659629 0.186341
  outer loop
   vertex  5.22241  -4.2701  29.2516
   vertex  3.81886 -4.08252     35.4
   vertex  4.76362 -4.77653  29.2516
  endloop
 endfacet
 facet normal 0.316686 -0.930608 0.183516
  outer loop
   vertex  1.71129 -5.32186  29.2516
   vertex    1.847 -6.48814  23.1033
   vertex  2.49391 -6.26799  23.1033
  endloop
 endfacet
 facet normal 0.351855 -0.917397  0.18596
  outer loop
   vertex  1.71129 -5.32186  29.2516
   vertex  2.49391 -6.26799  23.1033
   vertex  2.28636  -5.1013  29.2516
  endloop
 endfacet
 facet normal 0.409218 -0.893811 0.183421
  outer loop
   vertex  2.28636  -5.1013  29.2516
   vertex  2.49391 -6.26799  23.1033
   vertex  3.11524 -5.98353  23.1033
  endloop
 endfacet
 facet normal 0.450634 -0.87311 0.186034
  outer loop
   vertex  2.28636  -5.1013  29.2516
   vertex  3.11524 -5.98353  23.1033
   vertex  2.83366 -4.81882  29.2516
  endloop
 endfacet
 facet normal -0.892705 0.411636 0.183393
  outer loop
   vertex -5.07445  2.34536     35.4
   vertex -5.97508  3.13142  29.2516
   vertex -6.26122  2.51087  29.2516
  endloop
 endfacet
 facet normal  0.99145 0.130484        0
  outer loop
   vertex  11.7374  2.18612 -6.23719
   vertex  11.7374  2.18612 -7.43119
   vertex  11.6204  3.07512 -7.36519
  endloop
 endfacet
 facet normal  0.99145 0.130484        0
  outer loop
   vertex  11.7374  2.18612 -6.23719
   vertex  11.6204  3.07512 -7.36519
   vertex  11.6204  3.07512 -6.14519
  endloop
 endfacet
 facet normal -0.980966 -0.0619781 0.184025
  outer loop
   vertex -6.69301 -0.843214  29.2516
   vertex -5.55122 -0.659297     35.4
   vertex -5.59006 -0.0446158     35.4
  endloop
 endfacet
 facet normal -0.979943 -0.0732919 0.185311
  outer loop
   vertex -6.69301 -0.843214  29.2516
   vertex -5.59006 -0.0446158     35.4
   vertex -6.74397 -0.161768  29.2516
  endloop
 endfacet
 facet normal -0.968095 -0.169499 0.184559
  outer loop
   vertex -6.57336 -1.51601  16.9549
   vertex   -5.445 -1.26598  23.1033
   vertex -5.55122 -0.659297  23.1033
  endloop
 endfacet
 facet normal -0.967589 -0.172071 0.184834
  outer loop
   vertex -6.57336 -1.51601  16.9549
   vertex -5.55122 -0.659297  23.1033
   vertex -6.69301 -0.843214  16.9549
  endloop
 endfacet
 facet normal -0.913275 -0.363375 0.184084
  outer loop
   vertex -5.27269 -1.85729     35.4
   vertex -6.38626 -2.17325  29.2516
   vertex -6.13363 -2.80818  29.2516
  endloop
 endfacet
 facet normal -0.907454 -0.377041 0.185382
  outer loop
   vertex -5.27269 -1.85729     35.4
   vertex -6.13363 -2.80818  29.2516
   vertex -5.03637 -2.42605     35.4
  endloop
 endfacet
 facet normal -0.871873 -0.453928 0.183811
  outer loop
   vertex -5.03637 -2.42605     35.4
   vertex -6.13363 -2.80818  29.2516
   vertex -5.81807  -3.4143  29.2516
  endloop
 endfacet
 facet normal -0.860422 -0.474554  0.18567
  outer loop
   vertex -5.03637 -2.42605     35.4
   vertex -5.81807  -3.4143  29.2516
   vertex -4.73891 -2.96537     35.4
  endloop
 endfacet
 facet normal -0.821508 -0.539827 0.183606
  outer loop
   vertex -4.73891 -2.96537     35.4
   vertex -5.81807  -3.4143  29.2516
   vertex -5.44279 -3.98539  29.2516
  endloop
 endfacet
 facet normal -0.802963 -0.566305 0.185876
  outer loop
   vertex -4.73891 -2.96537     35.4
   vertex -5.44279 -3.98539  29.2516
   vertex -4.38394 -3.46869     35.4
  endloop
 endfacet
 facet normal -0.576046 -0.796992  0.18159
  outer loop
   vertex -3.43004  -5.8088  16.9549
   vertex -3.02012 -4.70421  23.1033
   vertex -3.51929 -4.34342  23.1033
  endloop
 endfacet
 facet normal -0.541648 -0.819441  0.18744
  outer loop
   vertex -3.43004  -5.8088  16.9549
   vertex -3.51929 -4.34342  23.1033
   vertex  -4.0001 -5.43199  16.9549
  endloop
 endfacet
 facet normal -0.696053 -0.694172 0.183401
  outer loop
   vertex -3.97575 -3.92991     35.4
   vertex -5.01167 -4.51558  29.2516
   vertex -4.52913 -4.99943  29.2516
  endloop
 endfacet
 facet normal -0.659668 -0.728167  0.18604
  outer loop
   vertex -3.97575 -3.92991     35.4
   vertex -4.52913 -4.99943  29.2516
   vertex -3.51929 -4.34342     35.4
  endloop
 endfacet
 facet normal -0.622254 -0.761028 0.183401
  outer loop
   vertex -3.51929 -4.34342     35.4
   vertex -4.52913 -4.99943  29.2516
   vertex -4.00011 -5.43199  29.2516
  endloop
 endfacet
 facet normal 0.976543  0.11598 0.181417
  outer loop
   vertex  5.50647   0.9641     35.4
   vertex  5.57911 0.352492     35.4
   vertex  6.74397 0.161768  29.2516
  endloop
 endfacet
 facet normal 0.979512 0.0732596  0.18759
  outer loop
   vertex  5.50647   0.9641     35.4
   vertex  6.74397 0.161768  29.2516
   vertex    6.693 0.843214  29.2516
  endloop
 endfacet
 facet normal -0.387704 -0.903408 0.183138
  outer loop
   vertex -2.19052 -6.38036  29.2516
   vertex  -1.9183 -5.25079     35.4
   vertex -2.48429  -5.0079     35.4
  endloop
 endfacet
 facet normal -0.365705 -0.911937 0.186093
  outer loop
   vertex -2.19052 -6.38036  29.2516
   vertex -2.48429  -5.0079     35.4
   vertex -2.82477 -6.12601  29.2516
  endloop
 endfacet
 facet normal -0.559488 -0.828838        0
  outer loop
   vertex -9.19563 -9.12588  2.54381
   vertex -6.44463 -10.9829  2.65981
   vertex -6.44463 -10.9829  2.75781
  endloop
 endfacet
 facet normal -0.559488 -0.828838        0
  outer loop
   vertex -9.19563 -9.12588  2.54381
   vertex -6.44463 -10.9829  2.75781
   vertex -9.19563 -9.12588  2.68981
  endloop
 endfacet
 facet normal -0.94529 -0.269098 0.184425
  outer loop
   vertex   -5.445 -1.26598  29.2516
   vertex -6.57336 -1.51601  23.1033
   vertex -6.38626 -2.17325  23.1033
  endloop
 endfacet
 facet normal -0.943491 -0.274945 0.185012
  outer loop
   vertex   -5.445 -1.26598  29.2516
   vertex -6.38626 -2.17325  23.1033
   vertex -5.27269 -1.85729  29.2516
  endloop
 endfacet
 facet normal 0.248869 -0.95081 0.184459
  outer loop
   vertex  2.11148 -6.56638       10
   vertex  1.71129 -5.32186  16.9549
   vertex  1.11546 -5.47781  16.9549
  endloop
 endfacet
 facet normal 0.253833 -0.949401  0.18495
  outer loop
   vertex  2.11148 -6.56638       10
   vertex  1.11546 -5.47781  16.9549
   vertex  1.44719 -6.74399       10
  endloop
 endfacet
 facet normal  0.02357 -0.982604 0.184212
  outer loop
   vertex -0.109433 -5.58916  23.1033
   vertex -0.180018 -6.74351  16.9549
   vertex 0.503136 -6.72712  16.9549
  endloop
 endfacet
 facet normal 0.0349163 -0.982072 0.185244
  outer loop
   vertex -0.109433 -5.58916  23.1033
   vertex 0.503136 -6.72712  16.9549
   vertex 0.506085 -5.56728  23.1033
  endloop
 endfacet
 facet normal 0.122864 -0.975234 0.183912
  outer loop
   vertex 0.506084 -5.56728     35.4
   vertex 0.503135 -6.72712  29.2516
   vertex  1.18113 -6.64171  29.2516
  endloop
 endfacet
 facet normal 0.142732 -0.97221 0.185565
  outer loop
   vertex 0.506084 -5.56728     35.4
   vertex  1.18113 -6.64171  29.2516
   vertex  1.11546 -5.47781     35.4
  endloop
 endfacet
 facet normal 0.220906 -0.957842  0.18368
  outer loop
   vertex  1.11546 -5.47781  29.2516
   vertex  1.18113 -6.64171  23.1033
   vertex    1.847 -6.48814  23.1033
  endloop
 endfacet
 facet normal 0.248805 -0.950565 0.185803
  outer loop
   vertex  1.11546 -5.47781  29.2516
   vertex    1.847 -6.48814  23.1033
   vertex  1.71129 -5.32186  29.2516
  endloop
 endfacet
 facet normal -0.948315 0.260002 0.181926
  outer loop
   vertex -6.63849   1.1991  29.2516
   vertex -5.46451   1.1789     35.4
   vertex -5.30166  1.77289     35.4
  endloop
 endfacet
 facet normal -0.956604 0.223348 0.187149
  outer loop
   vertex -6.63849   1.1991  29.2516
   vertex -5.30166  1.77289     35.4
   vertex -6.48312  1.86455  29.2516
  endloop
 endfacet
 facet normal -0.914105 0.362806 0.181061
  outer loop
   vertex -6.48312  1.86455  29.2516
   vertex -5.30166  1.77289     35.4
   vertex -5.07445  2.34536     35.4
  endloop
 endfacet
 facet normal -0.928965 0.318934 0.187897
  outer loop
   vertex -6.48312  1.86455  29.2516
   vertex -5.07445  2.34536     35.4
   vertex -6.26122  2.51087  29.2516
  endloop
 endfacet
 facet normal 0.497545 -0.84783 0.183393
  outer loop
   vertex  2.83366 -4.81882     35.4
   vertex  3.11524 -5.98353  29.2516
   vertex   3.7046 -5.63766  29.2516
  endloop
 endfacet
 facet normal -0.846474 0.499833 0.183434
  outer loop
   vertex -4.78564  2.88935     35.4
   vertex -5.62762  3.71984  29.2516
   vertex -5.97508  3.13142  29.2516
  endloop
 endfacet
 facet normal -0.867827 0.460728 0.186025
  outer loop
   vertex -4.78564  2.88935     35.4
   vertex -5.97508  3.13142  29.2516
   vertex -5.07445  2.34536     35.4
  endloop
 endfacet
 facet normal -0.791547 0.582894 0.183543
  outer loop
   vertex -4.43874  3.39828  23.1033
   vertex -5.22242   4.2701  16.9549
   vertex -5.62762  3.71984  16.9549
  endloop
 endfacet
 facet normal -0.81189 0.553409 0.185935
  outer loop
   vertex -4.43874  3.39828  23.1033
   vertex -5.62762  3.71984  16.9549
   vertex -4.78564  2.88935  23.1033
  endloop
 endfacet
 facet normal 0.710146 -0.679894 0.182855
  outer loop
   vertex  5.22241  -4.2701  23.1033
   vertex   4.2448 -3.63763  29.2516
   vertex  3.81886 -4.08252  29.2516
  endloop
 endfacet
 facet normal 0.728125 -0.659629 0.186341
  outer loop
   vertex  5.22241  -4.2701  23.1033
   vertex  3.81886 -4.08252  29.2516
   vertex  4.76362 -4.77653  23.1033
  endloop
 endfacet
 facet normal 0.780529 -0.597568 0.183538
  outer loop
   vertex  5.62762 -3.71984  23.1033
   vertex   4.6192 -3.14859  29.2516
   vertex   4.2448 -3.63763  29.2516
  endloop
 endfacet
 facet normal 0.791215 -0.582648 0.185742
  outer loop
   vertex  5.62762 -3.71984  23.1033
   vertex   4.2448 -3.63763  29.2516
   vertex  5.22241  -4.2701  23.1033
  endloop
 endfacet
 facet normal -0.980966 -0.0619781 0.184025
  outer loop
   vertex -6.69301 -0.843214  16.9549
   vertex -5.55122 -0.659297  23.1033
   vertex -5.59006 -0.0446158  23.1033
  endloop
 endfacet
 facet normal -0.979943 -0.0732926 0.185311
  outer loop
   vertex -6.69301 -0.843214  16.9549
   vertex -5.59006 -0.0446158  23.1033
   vertex -6.74397 -0.161768  16.9549
  endloop
 endfacet
 facet normal 0.967854 0.172119 0.183396
  outer loop
   vertex    6.693 0.843214  29.2516
   vertex  6.57336  1.51601  29.2516
   vertex  5.50647   0.9641     35.4
  endloop
 endfacet
 facet normal  0.69899 0.690932 0.184459
  outer loop
   vertex  4.52912  4.99943  29.2516
   vertex  3.75321  4.14295     35.4
   vertex  4.18619  3.70493     35.4
  endloop
 endfacet
 facet normal 0.695851  0.69397 0.184924
  outer loop
   vertex  4.52912  4.99943  29.2516
   vertex  4.18619  3.70493     35.4
   vertex  5.01167  4.51558  29.2516
  endloop
 endfacet
 facet normal        0        0        1
  outer loop
   vertex -3.97807 -1.95967     35.4
   vertex -5.03637 -2.42605     35.4
   vertex -4.73891 -2.96537     35.4
  endloop
 endfacet
 facet normal        0        0        1
  outer loop
   vertex -3.97807 -1.95967     35.4
   vertex -4.73891 -2.96537     35.4
   vertex -3.70109  -2.4428     35.4
  endloop
 endfacet
 facet normal        0        0       -1
  outer loop
   vertex  1.62613   5.3485  29.2516
   vertex  2.19052  6.38036  29.2516
   vertex  2.82477  6.12601  29.2516
  endloop
 endfacet
 facet normal        0        0       -1
  outer loop
   vertex  1.62613   5.3485  29.2516
   vertex  2.82477  6.12601  29.2516
   vertex  2.20464  5.13715  29.2516
  endloop
 endfacet
 facet normal        0        0        1
  outer loop
   vertex  1.71129 -5.32186     35.4
   vertex  1.17954 -4.27481     35.4
   vertex 0.634463 -4.38893     35.4
  endloop
 endfacet
 facet normal        0        0        1
  outer loop
   vertex  1.71129 -5.32186     35.4
   vertex 0.634463 -4.38893     35.4
   vertex  1.11546 -5.47781     35.4
  endloop
 endfacet
 facet normal        0        0       -1
  outer loop
   vertex 0.417158  5.57465  23.1033
   vertex  0.86132   6.6907  23.1033
   vertex  1.53379  6.56923  23.1033
  endloop
 endfacet
 facet normal        0        0       -1
  outer loop
   vertex 0.417158  5.57465  23.1033
   vertex  1.53379  6.56923  23.1033
   vertex  1.02788  5.49492  23.1033
  endloop
 endfacet
 facet normal        0       -0       -1
  outer loop
   vertex 0.180015  6.74351  16.9549
   vertex 0.417158  5.57465  16.9549
   vertex -0.198631   5.5867  16.9549
  endloop
 endfacet
 facet normal        0        0       -1
  outer loop
   vertex 0.180015  6.74351  16.9549
   vertex -0.198631   5.5867  16.9549
   vertex -0.503138  6.72712  16.9549
  endloop
 endfacet
 facet normal        0        0        1
  outer loop
   vertex  3.46693 -2.76507     35.4
   vertex   4.2448 -3.63763     35.4
   vertex   4.6192 -3.14859     35.4
  endloop
 endfacet
 facet normal       -0        0        1
  outer loop
   vertex  3.46693 -2.76507     35.4
   vertex   4.6192 -3.14859     35.4
   vertex  3.78615 -2.30875     35.4
  endloop
 endfacet
 facet normal        0       -0       -1
  outer loop
   vertex   -1.847  6.48814  16.9549
   vertex -1.41553  5.40805  16.9549
   vertex -2.00187  5.21951  16.9549
  endloop
 endfacet
 facet normal        0        0       -1
  outer loop
   vertex   -1.847  6.48814  16.9549
   vertex -2.00187  5.21951  16.9549
   vertex -2.49392  6.26799  16.9549
  endloop
 endfacet
 facet normal       -0        0       -1
  outer loop
   vertex -2.00187  5.21951  16.9549
   vertex -2.56391  4.96761  16.9549
   vertex -3.11524  5.98353  16.9549
  endloop
 endfacet
 facet normal        0        0       -1
  outer loop
   vertex -2.00187  5.21951  16.9549
   vertex -3.11524  5.98353  16.9549
   vertex -2.49392  6.26799  16.9549
  endloop
 endfacet
 facet normal        0       -0       -1
  outer loop
   vertex -5.55122 -0.659297  23.1033
   vertex   -5.445 -1.26598  23.1033
   vertex -6.57336 -1.51601  23.1033
  endloop
 endfacet
 facet normal        0        0       -1
  outer loop
   vertex -5.55122 -0.659297  23.1033
   vertex -6.57336 -1.51601  23.1033
   vertex -6.69301 -0.843214  23.1033
  endloop
 endfacet
 facet normal       -0        0       -1
  outer loop
   vertex  0.86132   6.6907  29.2516
   vertex 0.417158  5.57465  29.2516
   vertex 0.180014  6.74351  29.2516
  endloop
 endfacet
 facet normal        0        0       -1
  outer loop
   vertex -4.25595  5.23395  16.9549
   vertex  -3.7046  5.63766  16.9549
   vertex -3.09482   4.6554  16.9549
  endloop
 endfacet
 facet normal        0        0       -1
  outer loop
   vertex -4.25595  5.23395  16.9549
   vertex -3.09482   4.6554  16.9549
   vertex -3.58817  4.28669  16.9549
  endloop
 endfacet
 facet normal        0        0       -1
  outer loop
   vertex -4.03797  3.86595  29.2516
   vertex -4.76362  4.77653  29.2516
   vertex -4.25595  5.23395  29.2516
  endloop
 endfacet
 facet normal        0        0       -1
  outer loop
   vertex -4.03797  3.86595  29.2516
   vertex -4.25595  5.23395  29.2516
   vertex -3.58817  4.28669  29.2516
  endloop
 endfacet
 facet normal        0        0       -1
  outer loop
   vertex -4.78564  2.88935  29.2516
   vertex -5.62762  3.71984  29.2516
   vertex -5.22242   4.2701  29.2516
  endloop
 endfacet
 facet normal        0        0       -1
  outer loop
   vertex -4.78564  2.88935  29.2516
   vertex -5.22242   4.2701  29.2516
   vertex -4.43875  3.39828  29.2516
  endloop
 endfacet
 facet normal        0       -0       -1
  outer loop
   vertex  2.83366 -4.81882  16.9549
   vertex  3.11524 -5.98353  16.9549
   vertex  2.49391 -6.26799  16.9549
  endloop
 endfacet
 facet normal        0        0       -1
  outer loop
   vertex  2.83366 -4.81882  16.9549
   vertex  2.49391 -6.26799  16.9549
   vertex  2.28636  -5.1013  16.9549
  endloop
 endfacet
 facet normal        0        0       -1
  outer loop
   vertex -6.48312  1.86455  23.1033
   vertex -5.30166  1.77289  23.1033
   vertex -5.46451   1.1789  23.1033
  endloop
 endfacet
 facet normal        0       -0       -1
  outer loop
   vertex -6.48312  1.86455  23.1033
   vertex -5.46451   1.1789  23.1033
   vertex -6.63849   1.1991  23.1033
  endloop
 endfacet
 facet normal        0       -0       -1
  outer loop
   vertex  1.71129 -5.32186  29.2516
   vertex    1.847 -6.48814  29.2516
   vertex  1.18113 -6.64171  29.2516
  endloop
 endfacet
 facet normal        0        0       -1
  outer loop
   vertex  1.71129 -5.32186  29.2516
   vertex  1.18113 -6.64171  29.2516
   vertex  1.11546 -5.47781  29.2516
  endloop
 endfacet
 facet normal        0       -0       -1
  outer loop
   vertex  1.11546 -5.47781  29.2516
   vertex  1.18113 -6.64171  29.2516
   vertex 0.503135 -6.72712  29.2516
  endloop
 endfacet
 facet normal        0        0       -1
  outer loop
   vertex  1.11546 -5.47781  29.2516
   vertex 0.503135 -6.72712  29.2516
   vertex 0.506085 -5.56728  29.2516
  endloop
 endfacet
 facet normal       -0        0       -1
  outer loop
   vertex 0.503136 -6.72712  16.9549
   vertex -0.180018 -6.74351  16.9549
   vertex -0.109433 -5.58916  16.9549
  endloop
 endfacet
 facet normal        0        0       -1
  outer loop
   vertex 0.503136 -6.72712  16.9549
   vertex -0.109433 -5.58916  16.9549
   vertex 0.506085 -5.56728  16.9549
  endloop
 endfacet
 facet normal        0       -0       -1
  outer loop
   vertex -5.55122 -0.659297  29.2516
   vertex   -5.445 -1.26598  29.2516
   vertex -6.57336 -1.51601  29.2516
  endloop
 endfacet
 facet normal        0        0       -1
  outer loop
   vertex -5.55122 -0.659297  29.2516
   vertex -6.57336 -1.51601  29.2516
   vertex -6.69301 -0.843214  29.2516
  endloop
 endfacet
 facet normal        0        0       -1
  outer loop
   vertex -6.38626 -2.17325  29.2516
   vertex -6.57336 -1.51601  29.2516
   vertex   -5.445 -1.26598  29.2516
  endloop
 endfacet
 facet normal        0        0       -1
  outer loop
   vertex -6.38626 -2.17325  29.2516
   vertex   -5.445 -1.26598  29.2516
   vertex -5.27269 -1.85729  29.2516
  endloop
 endfacet
 facet normal        0       -0       -1
  outer loop
   vertex -5.97508  3.13142  29.2516
   vertex -5.07445  2.34536  29.2516
   vertex -6.26122  2.51087  29.2516
  endloop
 endfacet
 facet normal        0        0       -1
  outer loop
   vertex -6.13363 -2.80818  29.2516
   vertex -6.38626 -2.17325  29.2516
   vertex -5.27269 -1.85729  29.2516
  endloop
 endfacet
 facet normal        0        0       -1
  outer loop
   vertex -6.13363 -2.80818  29.2516
   vertex -5.27269 -1.85729  29.2516
   vertex -5.03637 -2.42605  29.2516
  endloop
 endfacet
 facet normal        0        0       -1
  outer loop
   vertex -2.82477 -6.12601  29.2516
   vertex -2.48429  -5.0079  29.2516
   vertex  -1.9183 -5.25079  29.2516
  endloop
 endfacet
 facet normal        0        0       -1
  outer loop
   vertex -2.82477 -6.12601  29.2516
   vertex  -1.9183 -5.25079  29.2516
   vertex -2.19052 -6.38036  29.2516
  endloop
 endfacet
 facet normal       -0        0       -1
  outer loop
   vertex -4.38394 -3.46869  23.1033
   vertex -5.44279 -3.98539  23.1033
   vertex -5.81806  -3.4143  23.1033
  endloop
 endfacet
 facet normal        0        0       -1
  outer loop
   vertex -4.38394 -3.46869  23.1033
   vertex -5.81806  -3.4143  23.1033
   vertex -4.73891 -2.96537  23.1033
  endloop
 endfacet
 facet normal        0        0       -1
  outer loop
   vertex -3.97574 -3.92991  16.9549
   vertex -5.01167 -4.51558  16.9549
   vertex -5.44279 -3.98539  16.9549
  endloop
 endfacet
 facet normal       -0        0       -1
  outer loop
   vertex -3.97574 -3.92991  16.9549
   vertex -5.44279 -3.98539  16.9549
   vertex -4.38394 -3.46869  16.9549
  endloop
 endfacet
 facet normal -0.503184 -0.134773 0.853605
  outer loop
   vertex -6.77797 -1.27861    7.523
   vertex -12.2176 -1.66888  4.25481
   vertex -11.3956 -4.73788  4.25481
  endloop
 endfacet
 facet normal -0.510339 -0.122898 0.851146
  outer loop
   vertex -6.77797 -1.27861    7.523
   vertex -11.3956 -4.73788  4.25481
   vertex -6.61698 -1.94712    7.523
  endloop
 endfacet
 facet normal        0        0       -1
  outer loop
   vertex -4.00011 -5.43199  29.2516
   vertex -3.51929 -4.34342  29.2516
   vertex -3.02012 -4.70421  29.2516
  endloop
 endfacet
 facet normal        0        0       -1
  outer loop
   vertex -4.00011 -5.43199  29.2516
   vertex -3.02012 -4.70421  29.2516
   vertex -3.43004  -5.8088  29.2516
  endloop
 endfacet
 facet normal        0        0       -1
  outer loop
   vertex -3.43004  -5.8088  16.9549
   vertex -3.02012 -4.70421  16.9549
   vertex -2.48429  -5.0079  16.9549
  endloop
 endfacet
 facet normal        0        0       -1
  outer loop
   vertex -3.43004  -5.8088  16.9549
   vertex -2.48429  -5.0079  16.9549
   vertex -2.82477 -6.12601  16.9549
  endloop
 endfacet
 facet normal        0        0       -1
  outer loop
   vertex -2.82477 -6.12601  16.9549
   vertex -2.48429  -5.0079  16.9549
   vertex  -1.9183 -5.25079  16.9549
  endloop
 endfacet
 facet normal        0        0       -1
  outer loop
   vertex -2.82477 -6.12601  16.9549
   vertex  -1.9183 -5.25079  16.9549
   vertex -2.19052 -6.38036  16.9549
  endloop
 endfacet
 facet normal        0        0        1
  outer loop
   vertex  2.83366 -4.81882     35.4
   vertex  2.20558 -3.84716     35.4
   vertex  1.70601 -4.09326     35.4
  endloop
 endfacet
 facet normal        0        0        1
  outer loop
   vertex  2.83366 -4.81882     35.4
   vertex  1.70601 -4.09326     35.4
   vertex  2.28636  -5.1013     35.4
  endloop
 endfacet
 facet normal        0        0       -1
  outer loop
   vertex -1.32903 -5.42995  29.2516
   vertex -0.723623  -5.5432  29.2516
   vertex -0.861324  -6.6907  29.2516
  endloop
 endfacet
 facet normal        0       -0       -1
  outer loop
   vertex -1.32903 -5.42995  29.2516
   vertex -0.861324  -6.6907  29.2516
   vertex -1.53379 -6.56923  29.2516
  endloop
 endfacet
 facet normal        0        0       -1
  outer loop
   vertex  4.18619  3.70493  23.1033
   vertex  3.75321  4.14295  23.1033
   vertex  4.52912  4.99943  23.1033
  endloop
 endfacet
 facet normal        0        0       -1
  outer loop
   vertex  4.18619  3.70493  23.1033
   vertex  4.52912  4.99943  23.1033
   vertex  5.01167  4.51558  23.1033
  endloop
 endfacet
 facet normal        0        0       -1
  outer loop
   vertex -4.52913 -4.99943  29.2516
   vertex -3.51929 -4.34342  29.2516
   vertex -4.00011 -5.43199  29.2516
  endloop
 endfacet
 facet normal       -0        0       -1
  outer loop
   vertex 0.503135 -6.72712  29.2516
   vertex -0.180018 -6.74351  29.2516
   vertex -0.109433 -5.58916  29.2516
  endloop
 endfacet
 facet normal        0        0       -1
  outer loop
   vertex 0.503135 -6.72712  29.2516
   vertex -0.109433 -5.58916  29.2516
   vertex 0.506085 -5.56728  29.2516
  endloop
 endfacet
 facet normal        0        0        1
  outer loop
   vertex -0.198632   5.5867     35.4
   vertex -0.0793853  4.43384     35.4
   vertex 0.476949  4.40883     35.4
  endloop
 endfacet
 facet normal        0        0        1
  outer loop
   vertex -0.198632   5.5867     35.4
   vertex 0.476949  4.40883     35.4
   vertex 0.417157  5.57465     35.4
  endloop
 endfacet
 facet normal        0        0       -1
  outer loop
   vertex -6.63849   1.1991  29.2516
   vertex -5.46451   1.1789  29.2516
   vertex -5.56104 0.570607  29.2516
  endloop
 endfacet
 facet normal        0       -0       -1
  outer loop
   vertex -6.63849   1.1991  29.2516
   vertex -5.56104 0.570607  29.2516
   vertex -6.72574 0.521338  29.2516
  endloop
 endfacet
 facet normal        0       -0       -1
  outer loop
   vertex  2.28636  -5.1013  29.2516
   vertex  2.49391 -6.26799  29.2516
   vertex    1.847 -6.48814  29.2516
  endloop
 endfacet
 facet normal        0        0       -1
  outer loop
   vertex  2.28636  -5.1013  29.2516
   vertex    1.847 -6.48814  29.2516
   vertex  1.71129 -5.32186  29.2516
  endloop
 endfacet
 facet normal        0       -0       -1
  outer loop
   vertex  2.83366 -4.81882  29.2516
   vertex  3.11524 -5.98353  29.2516
   vertex  2.49391 -6.26799  29.2516
  endloop
 endfacet
 facet normal        0        0       -1
  outer loop
   vertex  2.83366 -4.81882  29.2516
   vertex  2.49391 -6.26799  29.2516
   vertex  2.28636  -5.1013  29.2516
  endloop
 endfacet
 facet normal        0        0       -1
  outer loop
   vertex -5.07445  2.34536  29.2516
   vertex -5.97508  3.13142  29.2516
   vertex -5.62762  3.71984  29.2516
  endloop
 endfacet
 facet normal        0        0       -1
  outer loop
   vertex -5.07445  2.34536  29.2516
   vertex -5.62762  3.71984  29.2516
   vertex -4.78564  2.88935  29.2516
  endloop
 endfacet
 facet normal        0        0       -1
  outer loop
   vertex -4.78564  2.88935  23.1033
   vertex -5.62762  3.71984  23.1033
   vertex -5.22242   4.2701  23.1033
  endloop
 endfacet
 facet normal        0        0       -1
  outer loop
   vertex -4.78564  2.88935  23.1033
   vertex -5.22242   4.2701  23.1033
   vertex -4.43874  3.39828  23.1033
  endloop
 endfacet
 facet normal        0        0       -1
  outer loop
   vertex  4.76362 -4.77653  23.1033
   vertex  3.81886 -4.08252  23.1033
   vertex   4.2448 -3.63763  23.1033
  endloop
 endfacet
 facet normal        0        0       -1
  outer loop
   vertex  4.76362 -4.77653  23.1033
   vertex   4.2448 -3.63763  23.1033
   vertex  5.22241  -4.2701  23.1033
  endloop
 endfacet
 facet normal        0        0        1
  outer loop
   vertex  2.54192  3.63372     35.4
   vertex  3.27468  4.53069     35.4
   vertex  2.75639  4.86344     35.4
  endloop
 endfacet
 facet normal        0       -0        1
  outer loop
   vertex  2.54192  3.63372     35.4
   vertex  2.75639  4.86344     35.4
   vertex  2.06645  3.92365     35.4
  endloop
 endfacet
 facet normal        0        0       -1
  outer loop
   vertex  4.93754 -2.62133  23.1033
   vertex  5.19594 -2.06225  23.1033
   vertex  6.26122 -2.51087  23.1033
  endloop
 endfacet
 facet normal        0        0       -1
  outer loop
   vertex  4.93754 -2.62133  23.1033
   vertex  6.26122 -2.51087  23.1033
   vertex  5.97507 -3.13142  23.1033
  endloop
 endfacet
 facet normal        0        0       -1
  outer loop
   vertex  6.48311 -1.86455  29.2516
   vertex  6.26122 -2.51087  29.2516
   vertex  5.19594 -2.06225  29.2516
  endloop
 endfacet
 facet normal       -0        0       -1
  outer loop
   vertex  6.48311 -1.86455  29.2516
   vertex  5.19594 -2.06225  29.2516
   vertex  5.39127 -1.47814  29.2516
  endloop
 endfacet
 facet normal        0        0       -1
  outer loop
   vertex  3.11524 -5.98353  29.2516
   vertex  2.83366 -4.81882  29.2516
   vertex   3.7046 -5.63766  29.2516
  endloop
 endfacet
 facet normal        0       -0       -1
  outer loop
   vertex   -1.847  6.48814  29.2516
   vertex -1.41553  5.40805  29.2516
   vertex -2.00187  5.21951  29.2516
  endloop
 endfacet
 facet normal        0        0       -1
  outer loop
   vertex   -1.847  6.48814  29.2516
   vertex -2.00187  5.21951  29.2516
   vertex -2.49392  6.26799  29.2516
  endloop
 endfacet
 facet normal        0       -0       -1
  outer loop
   vertex -1.18113  6.64171  29.2516
   vertex -0.812009  5.53094  29.2516
   vertex -1.41553  5.40805  29.2516
  endloop
 endfacet
 facet normal        0        0       -1
  outer loop
   vertex -1.18113  6.64171  29.2516
   vertex -1.41553  5.40805  29.2516
   vertex   -1.847  6.48814  29.2516
  endloop
 endfacet
 facet normal        0        0       -1
  outer loop
   vertex  5.57911 0.352492  29.2516
   vertex  6.74397 0.161768  29.2516
   vertex  6.72574 -0.521338  29.2516
  endloop
 endfacet
 facet normal        0        0       -1
  outer loop
   vertex  5.57911 0.352492  29.2516
   vertex  6.72574 -0.521338  29.2516
   vertex  5.58402 -0.263395  29.2516
  endloop
 endfacet
 facet normal       -0        0        1
  outer loop
   vertex  3.97806  1.95967     35.4
   vertex   4.1923  1.44563     35.4
   vertex  5.16236  2.14493     35.4
  endloop
 endfacet
 facet normal        0        0        1
  outer loop
   vertex  3.97806  1.95967     35.4
   vertex  5.16236  2.14493     35.4
   vertex  4.89507  2.69981     35.4
  endloop
 endfacet
 facet normal        0        0       -1
  outer loop
   vertex 0.417158  5.57465  16.9549
   vertex 0.861321   6.6907  16.9549
   vertex  1.53379  6.56923  16.9549
  endloop
 endfacet
 facet normal        0        0       -1
  outer loop
   vertex 0.417158  5.57465  16.9549
   vertex  1.53379  6.56923  16.9549
   vertex  1.02788  5.49492  16.9549
  endloop
 endfacet
 facet normal        0        0       -1
  outer loop
   vertex  6.38626  2.17325  23.1033
   vertex  5.36699  1.56401  23.1033
   vertex  5.16236  2.14493  23.1033
  endloop
 endfacet
 facet normal       -0        0       -1
  outer loop
   vertex  6.38626  2.17325  23.1033
   vertex  5.16236  2.14493  23.1033
   vertex  6.13363  2.80818  23.1033
  endloop
 endfacet
 facet normal        0        0       -1
  outer loop
   vertex  6.13363  2.80818  29.2516
   vertex  5.16236  2.14493  29.2516
   vertex  4.89507  2.69981  29.2516
  endloop
 endfacet
 facet normal       -0        0       -1
  outer loop
   vertex  6.13363  2.80818  29.2516
   vertex  4.89507  2.69981  29.2516
   vertex  5.81806   3.4143  29.2516
  endloop
 endfacet
 facet normal        0        0       -1
  outer loop
   vertex  5.81806   3.4143  23.1033
   vertex  4.89507  2.69981  23.1033
   vertex  4.56836  3.22192  23.1033
  endloop
 endfacet
 facet normal       -0        0       -1
  outer loop
   vertex  5.81806   3.4143  23.1033
   vertex  4.56836  3.22192  23.1033
   vertex  5.44279  3.98539  23.1033
  endloop
 endfacet
 facet normal        0        0       -1
  outer loop
   vertex  5.44279  3.98539  29.2516
   vertex  4.56836  3.22192  29.2516
   vertex  4.18619  3.70493  29.2516
  endloop
 endfacet
 facet normal       -0        0       -1
  outer loop
   vertex  5.44279  3.98539  29.2516
   vertex  4.18619  3.70493  29.2516
   vertex  5.01167  4.51558  29.2516
  endloop
 endfacet
 facet normal        0        0       -1
  outer loop
   vertex  3.27468  4.53069  16.9549
   vertex   4.0001  5.43199  16.9549
   vertex  4.52912  4.99943  16.9549
  endloop
 endfacet
 facet normal        0        0       -1
  outer loop
   vertex  3.27468  4.53069  16.9549
   vertex  4.52912  4.99943  16.9549
   vertex  3.75321  4.14295  16.9549
  endloop
 endfacet
 facet normal        0        0       -1
  outer loop
   vertex    6.693 0.843214  29.2516
   vertex  5.50647   0.9641  29.2516
   vertex  6.57336  1.51601  29.2516
  endloop
 endfacet
 facet normal 0.618684 0.763565 0.184928
  outer loop
   vertex   4.0001  5.43199  29.2516
   vertex  3.27468  4.53069     35.4
   vertex  3.75321  4.14295     35.4
  endloop
 endfacet
 facet normal 0.622123 0.760869 0.184501
  outer loop
   vertex   4.0001  5.43199  29.2516
   vertex  3.75321  4.14295     35.4
   vertex  4.52912  4.99943  29.2516
  endloop
 endfacet
 facet normal 0.541992  0.81996 0.184147
  outer loop
   vertex  3.27468  4.53069     35.4
   vertex   4.0001  5.43199  29.2516
   vertex  3.43003   5.8088  29.2516
  endloop
 endfacet
 facet normal 0.530892 0.826929 0.185315
  outer loop
   vertex  3.27468  4.53069     35.4
   vertex  3.43003   5.8088  29.2516
   vertex  2.75639  4.86344     35.4
  endloop
 endfacet
 facet normal        0        0       -1
  outer loop
   vertex  6.48311 -1.86455  16.9549
   vertex  6.26122 -2.51087  16.9549
   vertex  5.19594 -2.06225  16.9549
  endloop
 endfacet
 facet normal       -0        0       -1
  outer loop
   vertex  6.48311 -1.86455  16.9549
   vertex  5.19594 -2.06225  16.9549
   vertex  5.39127 -1.47814  16.9549
  endloop
 endfacet
 facet normal 0.885228  0.42642 0.185842
  outer loop
   vertex  4.89507  2.69981  23.1033
   vertex  5.16236  2.14493  23.1033
   vertex  6.13363  2.80818  16.9549
  endloop
 endfacet
 facet normal 0.871901 0.453944 0.183642
  outer loop
   vertex  4.89507  2.69981  23.1033
   vertex  6.13363  2.80818  16.9549
   vertex  5.81806   3.4143  16.9549
  endloop
 endfacet
 facet normal  0.92674 0.326441 0.185981
  outer loop
   vertex  5.16236  2.14493  23.1033
   vertex  5.36699  1.56401  23.1033
   vertex  6.38626  2.17325  16.9549
  endloop
 endfacet
 facet normal 0.913378 0.363416 0.183492
  outer loop
   vertex  5.16236  2.14493  23.1033
   vertex  6.38626  2.17325  16.9549
   vertex  6.13363  2.80818  16.9549
  endloop
 endfacet
 facet normal 0.957016 0.222509 0.186039
  outer loop
   vertex  5.36699  1.56401     35.4
   vertex  5.50647   0.9641     35.4
   vertex  6.57336  1.51601  29.2516
  endloop
 endfacet
 facet normal 0.945473  0.26915  0.18341
  outer loop
   vertex  5.36699  1.56401     35.4
   vertex  6.57336  1.51601  29.2516
   vertex  6.38626  2.17325  29.2516
  endloop
 endfacet
 facet normal 0.0192509 0.983218 0.181417
  outer loop
   vertex -0.503138  6.72712  16.9549
   vertex -0.198631   5.5867  23.1033
   vertex 0.417158  5.57465  23.1033
  endloop
 endfacet
 facet normal -0.0235547 0.981965  0.18759
  outer loop
   vertex -0.503138  6.72712  16.9549
   vertex 0.417158  5.57465  23.1033
   vertex 0.180015  6.74351  16.9549
  endloop
 endfacet
 facet normal 0.983221 0.0078476 0.182249
  outer loop
   vertex  5.57911 0.352492     35.4
   vertex  5.58402 -0.263395     35.4
   vertex  6.72574 -0.521338  29.2516
  endloop
 endfacet
 facet normal 0.982035 -0.026215 0.186869
  outer loop
   vertex  5.57911 0.352492     35.4
   vertex  6.72574 -0.521338  29.2516
   vertex  6.74397 0.161768  29.2516
  endloop
 endfacet
 facet normal       -0       -1        0
  outer loop
   vertex -1.03863 -12.1479  4.22881
   vertex -1.73863 -12.1479  4.25481
   vertex -1.73863 -12.1479  2.86381
  endloop
 endfacet
 facet normal        0       -1       -0
  outer loop
   vertex -1.03863 -12.1479  4.22881
   vertex -1.73863 -12.1479  2.86381
   vertex -1.03863 -12.1479  2.90681
  endloop
 endfacet
 facet normal -0.401989 0.896915 0.184249
  outer loop
   vertex -3.11524  5.98353  16.9549
   vertex -2.56391  4.96761  23.1033
   vertex -2.00187  5.21951  23.1033
  endloop
 endfacet
 facet normal -0.409085 0.893523 0.185112
  outer loop
   vertex -3.11524  5.98353  16.9549
   vertex -2.00187  5.21951  23.1033
   vertex -2.49392  6.26799  16.9549
  endloop
 endfacet
 facet normal -0.497424 0.847626 0.184662
  outer loop
   vertex -2.56391  4.96761  29.2516
   vertex -3.11524  5.98353  23.1033
   vertex  -3.7046  5.63766  23.1033
  endloop
 endfacet
 facet normal -0.49817 0.847168 0.184751
  outer loop
   vertex -2.56391  4.96761  29.2516
   vertex  -3.7046  5.63766  23.1033
   vertex -3.09482   4.6554  29.2516
  endloop
 endfacet
 facet normal 0.541991 0.819961 0.184147
  outer loop
   vertex  3.27468  4.53069  29.2516
   vertex   4.0001  5.43199  23.1033
   vertex  3.43003   5.8088  23.1033
  endloop
 endfacet
 facet normal 0.530892 0.826929 0.185315
  outer loop
   vertex  3.27468  4.53069  29.2516
   vertex  3.43003   5.8088  23.1033
   vertex  2.75639  4.86344  29.2516
  endloop
 endfacet
 facet normal 0.821468 0.539801  0.18386
  outer loop
   vertex  5.81806   3.4143  29.2516
   vertex  5.44279  3.98539  29.2516
   vertex  4.56836  3.22192     35.4
  endloop
 endfacet
 facet normal 0.832981 0.521237 0.185619
  outer loop
   vertex  5.81806   3.4143  29.2516
   vertex  4.56836  3.22192     35.4
   vertex  4.89507  2.69981     35.4
  endloop
 endfacet
 facet normal -0.821508 -0.539826 0.183606
  outer loop
   vertex -4.73891 -2.96537  23.1033
   vertex -5.81806  -3.4143  16.9549
   vertex -5.44279 -3.98539  16.9549
  endloop
 endfacet
 facet normal -0.802963 -0.566305 0.185876
  outer loop
   vertex -4.73891 -2.96537  23.1033
   vertex -5.44279 -3.98539  16.9549
   vertex -4.38394 -3.46869  23.1033
  endloop
 endfacet
 facet normal -0.499516 -0.866305        0
  outer loop
   vertex -4.80763 -11.3259  2.59481
   vertex -5.41463 -10.9759  2.49181
   vertex -5.41463 -10.9759  2.04481
  endloop
 endfacet
 facet normal -0.499516 -0.866305       -0
  outer loop
   vertex -4.80763 -11.3259  2.59481
   vertex -5.41463 -10.9759  2.04481
   vertex -4.80763 -11.3259  2.04481
  endloop
 endfacet
 facet normal 0.174736 0.967382  0.18341
  outer loop
   vertex  1.02788  5.49492  29.2516
   vertex  1.53379  6.56923  23.1033
   vertex  0.86132   6.6907  23.1033
  endloop
 endfacet
 facet normal 0.127184 0.974276 0.186039
  outer loop
   vertex  1.02788  5.49492  29.2516
   vertex  0.86132   6.6907  23.1033
   vertex 0.417158  5.57465  29.2516
  endloop
 endfacet
 facet normal 0.075972 0.980099 0.183396
  outer loop
   vertex 0.417158  5.57465  29.2516
   vertex  0.86132   6.6907  23.1033
   vertex 0.180015  6.74351  23.1033
  endloop
 endfacet
 facet normal -0.180819 -0.966633 0.181451
  outer loop
   vertex -0.604929 -6.87094       10
   vertex -0.723622  -5.5432  16.9549
   vertex -1.32903 -5.42995  16.9549
  endloop
 endfacet
 facet normal -0.134812 -0.97296 0.187551
  outer loop
   vertex -0.604929 -6.87094       10
   vertex -1.32903 -5.42995  16.9549
   vertex -1.28605 -6.77656       10
  endloop
 endfacet
 facet normal -0.0890153 0.979215 0.182249
  outer loop
   vertex -1.18113  6.64171  23.1033
   vertex -0.812009  5.53094  29.2516
   vertex -0.198631   5.5867  29.2516
  endloop
 endfacet
 facet normal -0.122795  0.97468 0.186869
  outer loop
   vertex -1.18113  6.64171  23.1033
   vertex -0.198631   5.5867  29.2516
   vertex -0.503139  6.72712  23.1033
  endloop
 endfacet
 facet normal -0.196167 0.963343 0.182998
  outer loop
   vertex   -1.847  6.48814  16.9549
   vertex -1.41553  5.40805  23.1033
   vertex -0.812009  5.53094  23.1033
  endloop
 endfacet
 facet normal -0.220799 0.957377 0.186215
  outer loop
   vertex   -1.847  6.48814  16.9549
   vertex -0.812009  5.53094  23.1033
   vertex -1.18113  6.64171  16.9549
  endloop
 endfacet
 facet normal -0.300915 0.935798 0.183664
  outer loop
   vertex -2.49392  6.26799  23.1033
   vertex -2.00187  5.21951  29.2516
   vertex -1.41553  5.40805  29.2516
  endloop
 endfacet
 facet normal -0.316558 0.930233  0.18563
  outer loop
   vertex -2.49392  6.26799  23.1033
   vertex -1.41553  5.40805  29.2516
   vertex   -1.847  6.48814  23.1033
  endloop
 endfacet
 facet normal -0.580668  0.79301  0.18428
  outer loop
   vertex -3.09482   4.6554     35.4
   vertex  -3.7046  5.63766  29.2516
   vertex -4.25595  5.23395  29.2516
  endloop
 endfacet
 facet normal -0.588294 0.787161  0.18517
  outer loop
   vertex -3.09482   4.6554     35.4
   vertex -4.25595  5.23395  29.2516
   vertex -3.58817  4.28669     35.4
  endloop
 endfacet
 facet normal -0.657956  0.73024 0.183966
  outer loop
   vertex -3.58817  4.28669  23.1033
   vertex -4.25595  5.23395  16.9549
   vertex -4.76362  4.77653  16.9549
  endloop
 endfacet
 facet normal -0.671274 0.717619 0.185507
  outer loop
   vertex -3.58817  4.28669  23.1033
   vertex -4.76362  4.77653  16.9549
   vertex -4.03797  3.86595  23.1033
  endloop
 endfacet
 facet normal -0.728491  0.65996 0.183721
  outer loop
   vertex -4.03797  3.86595  29.2516
   vertex -4.76362  4.77653  23.1033
   vertex -5.22242   4.2701  23.1033
  endloop
 endfacet
 facet normal -0.746108 0.639387 0.185762
  outer loop
   vertex -4.03797  3.86595  29.2516
   vertex -5.22242   4.2701  23.1033
   vertex -4.43875  3.39828  29.2516
  endloop
 endfacet
 facet normal -0.791547 0.582893 0.183543
  outer loop
   vertex -4.43875  3.39828  29.2516
   vertex -5.22242   4.2701  23.1033
   vertex -5.62762  3.71984  23.1033
  endloop
 endfacet
 facet normal -0.81189 0.553409 0.185935
  outer loop
   vertex -4.43875  3.39828  29.2516
   vertex -5.62762  3.71984  23.1033
   vertex -4.78564  2.88935  29.2516
  endloop
 endfacet
 facet normal 0.544444 -0.818983 0.181241
  outer loop
   vertex  4.25595 -5.23395  16.9549
   vertex  3.34658 -4.47785  23.1033
   vertex  2.83366 -4.81882  23.1033
  endloop
 endfacet
 facet normal 0.580281 -0.792481 0.187742
  outer loop
   vertex  4.25595 -5.23395  16.9549
   vertex  2.83366 -4.81882  23.1033
   vertex   3.7046 -5.63766  16.9549
  endloop
 endfacet
 facet normal -0.892705 0.411636 0.183393
  outer loop
   vertex -5.07445  2.34536  29.2516
   vertex -5.97508  3.13142  23.1033
   vertex -6.26122  2.51087  23.1033
  endloop
 endfacet
 facet normal -0.914106 0.362805 0.181061
  outer loop
   vertex -6.48312  1.86455  16.9549
   vertex -5.30166  1.77289  23.1033
   vertex -5.07445  2.34536  23.1033
  endloop
 endfacet
 facet normal -0.928965 0.318934 0.187897
  outer loop
   vertex -6.48312  1.86455  16.9549
   vertex -5.07445  2.34536  23.1033
   vertex -6.26122  2.51087  16.9549
  endloop
 endfacet
 facet normal -0.948315 0.260003 0.181926
  outer loop
   vertex -6.63849   1.1991  23.1033
   vertex -5.46451   1.1789  29.2516
   vertex -5.30166  1.77289  29.2516
  endloop
 endfacet
 facet normal -0.956604 0.223348 0.187149
  outer loop
   vertex -6.63849   1.1991  23.1033
   vertex -5.30166  1.77289  29.2516
   vertex -6.48312  1.86455  23.1033
  endloop
 endfacet
 facet normal -0.971019 0.154079 0.182708
  outer loop
   vertex -6.72574 0.521338  23.1033
   vertex -5.56104 0.570607  29.2516
   vertex -5.46451   1.1789  29.2516
  endloop
 endfacet
 facet normal -0.97442 0.125442 0.186468
  outer loop
   vertex -6.72574 0.521338  23.1033
   vertex -5.46451   1.1789  29.2516
   vertex -6.63849   1.1991  23.1033
  endloop
 endfacet
 facet normal -0.981945 0.046318 0.183407
  outer loop
   vertex -6.74397 -0.161768  23.1033
   vertex -5.59006 -0.0446158  29.2516
   vertex -5.56104 0.570607  29.2516
  endloop
 endfacet
 facet normal -0.982227 0.0262201 0.185856
  outer loop
   vertex -6.74397 -0.161768  23.1033
   vertex -5.56104 0.570607  29.2516
   vertex -6.72574 0.521338  23.1033
  endloop
 endfacet
 facet normal -0.968095 -0.169499 0.184559
  outer loop
   vertex -6.57336 -1.51601  29.2516
   vertex   -5.445 -1.26598     35.4
   vertex -5.55122 -0.659297     35.4
  endloop
 endfacet
 facet normal -0.967589 -0.172072 0.184834
  outer loop
   vertex -6.57336 -1.51601  29.2516
   vertex -5.55122 -0.659297     35.4
   vertex -6.69301 -0.843214  29.2516
  endloop
 endfacet
 facet normal -0.94529 -0.269098 0.184425
  outer loop
   vertex   -5.445 -1.26598     35.4
   vertex -6.57336 -1.51601  29.2516
   vertex -6.38626 -2.17325  29.2516
  endloop
 endfacet
 facet normal -0.943491 -0.274945 0.185012
  outer loop
   vertex   -5.445 -1.26598     35.4
   vertex -6.38626 -2.17325  29.2516
   vertex -5.27269 -1.85729     35.4
  endloop
 endfacet
 facet normal -0.285934 -0.940459 0.183788
  outer loop
   vertex -1.53379 -6.56923  29.2516
   vertex -1.32903 -5.42995     35.4
   vertex  -1.9183 -5.25079     35.4
  endloop
 endfacet
 facet normal -0.271598 -0.94436 0.185521
  outer loop
   vertex -1.53379 -6.56923  29.2516
   vertex  -1.9183 -5.25079     35.4
   vertex -2.19052 -6.38036  29.2516
  endloop
 endfacet
 facet normal  0.99145 -0.130484        0
  outer loop
   vertex  11.7374 -2.34488  2.53081
   vertex  11.6204 -3.23388  2.50481
   vertex  11.6204 -3.23388  1.99181
  endloop
 endfacet
 facet normal  0.99145 -0.130484        0
  outer loop
   vertex  11.7374 -2.34488  2.53081
   vertex  11.6204 -3.23388  1.99181
   vertex  11.7374 -2.34488  2.04481
  endloop
 endfacet
 facet normal  -0.4848 -0.855393 0.182405
  outer loop
   vertex -2.82477 -6.12601  29.2516
   vertex -2.48429  -5.0079     35.4
   vertex -3.02012 -4.70421     35.4
  endloop
 endfacet
 facet normal -0.456031 -0.870154 0.186733
  outer loop
   vertex -2.82477 -6.12601  29.2516
   vertex -3.02012 -4.70421     35.4
   vertex -3.43004  -5.8088  29.2516
  endloop
 endfacet
 facet normal  -0.7627 -0.620183  0.18347
  outer loop
   vertex -4.38394 -3.46869     35.4
   vertex -5.44279 -3.98539  29.2516
   vertex -5.01167 -4.51558  29.2516
  endloop
 endfacet
 facet normal -0.735774 -0.651184 0.185999
  outer loop
   vertex -4.38394 -3.46869     35.4
   vertex -5.01167 -4.51558  29.2516
   vertex -3.97575 -3.92991     35.4
  endloop
 endfacet
 facet normal -0.696052 -0.694172 0.183402
  outer loop
   vertex -3.97575 -3.92991  29.2516
   vertex -5.01167 -4.51558  23.1033
   vertex -4.52913 -4.99943  23.1033
  endloop
 endfacet
 facet normal -0.659668 -0.728167  0.18604
  outer loop
   vertex -3.97575 -3.92991  29.2516
   vertex -4.52913 -4.99943  23.1033
   vertex -3.51929 -4.34342  29.2516
  endloop
 endfacet
 facet normal -0.622254 -0.761028 0.183401
  outer loop
   vertex -3.51929 -4.34342  29.2516
   vertex -4.52913 -4.99943  23.1033
   vertex -4.00011 -5.43199  23.1033
  endloop
 endfacet
 facet normal -0.576046 -0.796992  0.18159
  outer loop
   vertex -3.43004  -5.8088  29.2516
   vertex -3.02012 -4.70421     35.4
   vertex -3.51929 -4.34342     35.4
  endloop
 endfacet
 facet normal -0.541648 -0.819441  0.18744
  outer loop
   vertex -3.43004  -5.8088  29.2516
   vertex -3.51929 -4.34342     35.4
   vertex -4.00011 -5.43199  29.2516
  endloop
 endfacet
 facet normal        0        0       -1
  outer loop
   vertex -6.74397 -0.161768  23.1033
   vertex -5.59006 -0.0446158  23.1033
   vertex -5.55122 -0.659297  23.1033
  endloop
 endfacet
 facet normal        0        0       -1
  outer loop
   vertex -6.74397 -0.161768  23.1033
   vertex -5.55122 -0.659297  23.1033
   vertex -6.69301 -0.843214  23.1033
  endloop
 endfacet
 facet normal -0.387704 -0.903408 0.183138
  outer loop
   vertex -2.19052 -6.38036  23.1033
   vertex  -1.9183 -5.25079  29.2516
   vertex -2.48429  -5.0079  29.2516
  endloop
 endfacet
 facet normal -0.365705 -0.911937 0.186093
  outer loop
   vertex -2.19052 -6.38036  23.1033
   vertex -2.48429  -5.0079  29.2516
   vertex -2.82477 -6.12601  23.1033
  endloop
 endfacet
 facet normal -0.180719 -0.966102 0.184356
  outer loop
   vertex -0.861324  -6.6907  23.1033
   vertex -0.723623  -5.5432  29.2516
   vertex -1.32903 -5.42995  29.2516
  endloop
 endfacet
 facet normal -0.174682 -0.967086 0.185017
  outer loop
   vertex -0.861324  -6.6907  23.1033
   vertex -1.32903 -5.42995  29.2516
   vertex -1.53379 -6.56923  23.1033
  endloop
 endfacet
 facet normal 0.618682 0.763561 0.184952
  outer loop
   vertex  4.09893  5.54748       10
   vertex  3.27468  4.53069  16.9549
   vertex  3.75321  4.14295  16.9549
  endloop
 endfacet
 facet normal 0.622735 0.760367 0.184508
  outer loop
   vertex  4.09893  5.54748       10
   vertex  3.75321  4.14295  16.9549
   vertex  4.63091  5.11179       10
  endloop
 endfacet
 facet normal  0.02357 -0.982604 0.184212
  outer loop
   vertex -0.109433 -5.58916  29.2516
   vertex -0.180018 -6.74351  23.1033
   vertex 0.503135 -6.72712  23.1033
  endloop
 endfacet
 facet normal 0.0349163 -0.982072 0.185244
  outer loop
   vertex -0.109433 -5.58916  29.2516
   vertex 0.503135 -6.72712  23.1033
   vertex 0.506085 -5.56728  29.2516
  endloop
 endfacet
 facet normal -0.981945 0.046318 0.183407
  outer loop
   vertex -6.74397 -0.161768  16.9549
   vertex -5.59006 -0.0446158  23.1033
   vertex -5.56104 0.570607  23.1033
  endloop
 endfacet
 facet normal -0.982227 0.0262208 0.185856
  outer loop
   vertex -6.74397 -0.161768  16.9549
   vertex -5.56104 0.570607  23.1033
   vertex -6.72574 0.521338  16.9549
  endloop
 endfacet
 facet normal 0.885228  0.42642 0.185841
  outer loop
   vertex  4.89507  2.69981  29.2516
   vertex  5.16236  2.14493  29.2516
   vertex  6.13363  2.80818  23.1033
  endloop
 endfacet
 facet normal 0.871901 0.453943 0.183642
  outer loop
   vertex  4.89507  2.69981  29.2516
   vertex  6.13363  2.80818  23.1033
   vertex  5.81806   3.4143  23.1033
  endloop
 endfacet
 facet normal -0.948315 0.260003 0.181926
  outer loop
   vertex -6.63849   1.1991  16.9549
   vertex -5.46451   1.1789  23.1033
   vertex -5.30166  1.77289  23.1033
  endloop
 endfacet
 facet normal -0.956604 0.223349 0.187149
  outer loop
   vertex -6.63849   1.1991  16.9549
   vertex -5.30166  1.77289  23.1033
   vertex -6.48312  1.86455  16.9549
  endloop
 endfacet
 facet normal -0.914105 0.362806 0.181061
  outer loop
   vertex -6.48312  1.86455  23.1033
   vertex -5.30166  1.77289  29.2516
   vertex -5.07445  2.34536  29.2516
  endloop
 endfacet
 facet normal -0.928965 0.318934 0.187897
  outer loop
   vertex -6.48312  1.86455  23.1033
   vertex -5.07445  2.34536  29.2516
   vertex -6.26122  2.51087  23.1033
  endloop
 endfacet
 facet normal 0.497544 -0.84783 0.183393
  outer loop
   vertex  2.83366 -4.81882  29.2516
   vertex  3.11524 -5.98353  23.1033
   vertex   3.7046 -5.63766  23.1033
  endloop
 endfacet
 facet normal 0.544444 -0.818983 0.181241
  outer loop
   vertex  4.25595 -5.23395  29.2516
   vertex  3.34658 -4.47785     35.4
   vertex  2.83366 -4.81882     35.4
  endloop
 endfacet
 facet normal 0.580281 -0.792482 0.187742
  outer loop
   vertex  4.25595 -5.23395  29.2516
   vertex  2.83366 -4.81882     35.4
   vertex   3.7046 -5.63766  29.2516
  endloop
 endfacet
 facet normal 0.631134 -0.753999 0.182089
  outer loop
   vertex  4.76362 -4.77653  23.1033
   vertex  3.81886 -4.08252  29.2516
   vertex  3.34658 -4.47785  29.2516
  endloop
 endfacet
 facet normal 0.657571 -0.729814 0.187007
  outer loop
   vertex  4.76362 -4.77653  23.1033
   vertex  3.34658 -4.47785  29.2516
   vertex  4.25595 -5.23395  23.1033
  endloop
 endfacet
 facet normal -0.99146 -0.130414        0
  outer loop
   vertex -11.9196 -3.23388  1.72581
   vertex -12.3346 -0.0788777  1.49281
   vertex -12.3346 -0.0788777 0.979808
  endloop
 endfacet
 facet normal -0.99146 -0.130414       -0
  outer loop
   vertex -11.9196 -3.23388  1.72581
   vertex -12.3346 -0.0788777 0.979808
   vertex -11.9196 -3.23388  1.07181
  endloop
 endfacet
 facet normal -0.657956  0.73024 0.183966
  outer loop
   vertex -3.58817  4.28669  29.2516
   vertex -4.25595  5.23395  23.1033
   vertex -4.76362  4.77653  23.1033
  endloop
 endfacet
 facet normal -0.671274 0.717619 0.185507
  outer loop
   vertex -3.58817  4.28669  29.2516
   vertex -4.76362  4.77653  23.1033
   vertex -4.03797  3.86595  29.2516
  endloop
 endfacet
 facet normal 0.967854 0.172119 0.183396
  outer loop
   vertex    6.693 0.843214  23.1033
   vertex  6.57336  1.51601  23.1033
   vertex  5.50647   0.9641  29.2516
  endloop
 endfacet
 facet normal -0.180719 -0.966102 0.184356
  outer loop
   vertex -0.861324  -6.6907  29.2516
   vertex -0.723623  -5.5432     35.4
   vertex -1.32903 -5.42995     35.4
  endloop
 endfacet
 facet normal -0.174682 -0.967086 0.185017
  outer loop
   vertex -0.861324  -6.6907  29.2516
   vertex -1.32903 -5.42995     35.4
   vertex -1.53379 -6.56923  29.2516
  endloop
 endfacet
 facet normal        1        0        0
  outer loop
   vertex  11.9184 0.810122 -8.04519
   vertex  11.9184  1.51012 -8.04519
   vertex  11.9184  1.51012 -7.57019
  endloop
 endfacet
 facet normal        1        0        0
  outer loop
   vertex  11.9184 0.810122 -8.04519
   vertex  11.9184  1.51012 -7.57019
   vertex  11.9184 0.810122 -7.61219
  endloop
 endfacet
 facet normal        0       -0       -1
  outer loop
   vertex  3.43003   5.8088  23.1033
   vertex   4.0001  5.43199  23.1033
   vertex  3.27468  4.53069  23.1033
  endloop
 endfacet
 facet normal        0        0       -1
  outer loop
   vertex  3.43003   5.8088  23.1033
   vertex  3.27468  4.53069  23.1033
   vertex  2.75639  4.86344  23.1033
  endloop
 endfacet
 facet normal        0       -0       -1
  outer loop
   vertex  2.82477  6.12601  29.2516
   vertex  3.43003   5.8088  29.2516
   vertex  2.75639  4.86344  29.2516
  endloop
 endfacet
 facet normal        0        0       -1
  outer loop
   vertex  2.82477  6.12601  29.2516
   vertex  2.75639  4.86344  29.2516
   vertex  2.20464  5.13715  29.2516
  endloop
 endfacet
 facet normal        0        0        1
  outer loop
   vertex  2.06645  3.92365     35.4
   vertex  2.75639  4.86344     35.4
   vertex  2.20464  5.13715     35.4
  endloop
 endfacet
 facet normal        0       -0        1
  outer loop
   vertex  2.06645  3.92365     35.4
   vertex  2.20464  5.13715     35.4
   vertex   1.5584  4.15171     35.4
  endloop
 endfacet
 facet normal        0        0       -1
  outer loop
   vertex  1.02788  5.49492  23.1033
   vertex  1.53379  6.56923  23.1033
   vertex  2.19052  6.38036  23.1033
  endloop
 endfacet
 facet normal        0        0       -1
  outer loop
   vertex  1.02788  5.49492  23.1033
   vertex  2.19052  6.38036  23.1033
   vertex  1.62613   5.3485  23.1033
  endloop
 endfacet
 facet normal -0.506755 0.136083 0.851282
  outer loop
   vertex -12.2176  1.51012  4.25481
   vertex  -6.7424  1.45459    7.523
   vertex -6.56406  2.11869    7.523
  endloop
 endfacet
 facet normal -0.50675 0.135728 0.851341
  outer loop
   vertex -12.2176  1.51012  4.25481
   vertex -6.56406  2.11869    7.523
   vertex -11.3956  4.57912  4.25481
  endloop
 endfacet
 facet normal        0       -0       -1
  outer loop
   vertex -0.503139  6.72712  23.1033
   vertex -0.198631   5.5867  23.1033
   vertex -0.812009  5.53094  23.1033
  endloop
 endfacet
 facet normal        0        0       -1
  outer loop
   vertex -0.503139  6.72712  23.1033
   vertex -0.812009  5.53094  23.1033
   vertex -1.18113  6.64171  23.1033
  endloop
 endfacet
 facet normal        0       -0       -1
  outer loop
   vertex -1.18113  6.64171  23.1033
   vertex -0.812009  5.53094  23.1033
   vertex -1.41553  5.40805  23.1033
  endloop
 endfacet
 facet normal        0        0       -1
  outer loop
   vertex -1.18113  6.64171  23.1033
   vertex -1.41553  5.40805  23.1033
   vertex   -1.847  6.48814  23.1033
  endloop
 endfacet
 facet normal       -0        0       -1
  outer loop
   vertex -2.00187  5.21951  23.1033
   vertex -2.56391  4.96761  23.1033
   vertex -3.11524  5.98353  23.1033
  endloop
 endfacet
 facet normal        0        0       -1
  outer loop
   vertex -2.00187  5.21951  23.1033
   vertex -3.11524  5.98353  23.1033
   vertex -2.49392  6.26799  23.1033
  endloop
 endfacet
 facet normal        0       -0       -1
  outer loop
   vertex -5.55122 -0.659297  16.9549
   vertex   -5.445 -1.26598  16.9549
   vertex -6.57336 -1.51601  16.9549
  endloop
 endfacet
 facet normal        0        0       -1
  outer loop
   vertex -5.55122 -0.659297  16.9549
   vertex -6.57336 -1.51601  16.9549
   vertex -6.69301 -0.843214  16.9549
  endloop
 endfacet
 facet normal       -0        0       -1
  outer loop
   vertex  0.86132   6.6907  23.1033
   vertex 0.417158  5.57465  23.1033
   vertex 0.180015  6.74351  23.1033
  endloop
 endfacet
 facet normal        0        0       -1
  outer loop
   vertex  5.62762 -3.71984  23.1033
   vertex   4.6192 -3.14859  23.1033
   vertex  4.93754 -2.62133  23.1033
  endloop
 endfacet
 facet normal        0        0       -1
  outer loop
   vertex  5.62762 -3.71984  23.1033
   vertex  4.93754 -2.62133  23.1033
   vertex  5.97507 -3.13142  23.1033
  endloop
 endfacet
 facet normal        0        0       -1
  outer loop
   vertex  5.22241  -4.2701  23.1033
   vertex   4.2448 -3.63763  23.1033
   vertex   4.6192 -3.14859  23.1033
  endloop
 endfacet
 facet normal        0        0       -1
  outer loop
   vertex  5.22241  -4.2701  23.1033
   vertex   4.6192 -3.14859  23.1033
   vertex  5.62762 -3.71984  23.1033
  endloop
 endfacet
 facet normal        0        0       -1
  outer loop
   vertex -4.43874  3.39828  23.1033
   vertex -5.22242   4.2701  23.1033
   vertex -4.76362  4.77653  23.1033
  endloop
 endfacet
 facet normal        0        0       -1
  outer loop
   vertex -4.43874  3.39828  23.1033
   vertex -4.76362  4.77653  23.1033
   vertex -4.03797  3.86595  23.1033
  endloop
 endfacet
 facet normal -0.865948 0.500134        0
  outer loop
   vertex -9.80663  7.33112  2.90581
   vertex -10.1566  6.72512  3.49181
   vertex -9.80663  7.33112  4.25481
  endloop
 endfacet
 facet normal -0.707106 0.707107        0
  outer loop
   vertex -9.80663  7.33112  2.90581
   vertex -9.80663  7.33112  4.25481
   vertex -9.31163  7.82612  3.45181
  endloop
 endfacet
 facet normal        0        0       -1
  outer loop
   vertex -6.26122  2.51087  29.2516
   vertex -5.07445  2.34536  29.2516
   vertex -5.30166  1.77289  29.2516
  endloop
 endfacet
 facet normal        0       -0       -1
  outer loop
   vertex -6.26122  2.51087  29.2516
   vertex -5.30166  1.77289  29.2516
   vertex -6.48312  1.86455  29.2516
  endloop
 endfacet
 facet normal        0        0       -1
  outer loop
   vertex -6.48312  1.86455  16.9549
   vertex -5.30166  1.77289  16.9549
   vertex -5.46451   1.1789  16.9549
  endloop
 endfacet
 facet normal        0       -0       -1
  outer loop
   vertex -6.48312  1.86455  16.9549
   vertex -5.46451   1.1789  16.9549
   vertex -6.63849   1.1991  16.9549
  endloop
 endfacet
 facet normal        0        0       -1
  outer loop
   vertex -6.72574 0.521338  16.9549
   vertex -5.56104 0.570607  16.9549
   vertex -5.59006 -0.0446158  16.9549
  endloop
 endfacet
 facet normal        0       -0       -1
  outer loop
   vertex -6.72574 0.521338  16.9549
   vertex -5.59006 -0.0446158  16.9549
   vertex -6.74397 -0.161768  16.9549
  endloop
 endfacet
 facet normal        0        0       -1
  outer loop
   vertex -6.74397 -0.161768  16.9549
   vertex -5.59006 -0.0446158  16.9549
   vertex -5.55122 -0.659297  16.9549
  endloop
 endfacet
 facet normal        0        0       -1
  outer loop
   vertex -6.74397 -0.161768  16.9549
   vertex -5.55122 -0.659297  16.9549
   vertex -6.69301 -0.843214  16.9549
  endloop
 endfacet
 facet normal        0        0       -1
  outer loop
   vertex  4.18619  3.70493  29.2516
   vertex  3.75321  4.14295  29.2516
   vertex  4.52912  4.99943  29.2516
  endloop
 endfacet
 facet normal        0        0       -1
  outer loop
   vertex  4.18619  3.70493  29.2516
   vertex  4.52912  4.99943  29.2516
   vertex  5.01167  4.51558  29.2516
  endloop
 endfacet
 facet normal        0        0       -1
  outer loop
   vertex -6.38626 -2.17325  23.1033
   vertex -6.57336 -1.51601  23.1033
   vertex   -5.445 -1.26598  23.1033
  endloop
 endfacet
 facet normal        0        0       -1
  outer loop
   vertex -6.38626 -2.17325  23.1033
   vertex   -5.445 -1.26598  23.1033
   vertex -5.27269 -1.85729  23.1033
  endloop
 endfacet
 facet normal        0       -0       -1
  outer loop
   vertex -5.97508  3.13142  23.1033
   vertex -5.07445  2.34536  23.1033
   vertex -6.26122  2.51087  23.1033
  endloop
 endfacet
 facet normal        0        0       -1
  outer loop
   vertex -2.19052 -6.38036  23.1033
   vertex  -1.9183 -5.25079  23.1033
   vertex -1.32903 -5.42995  23.1033
  endloop
 endfacet
 facet normal        0        0       -1
  outer loop
   vertex -2.19052 -6.38036  23.1033
   vertex -1.32903 -5.42995  23.1033
   vertex -1.53379 -6.56923  23.1033
  endloop
 endfacet
 facet normal -0.17425 0.505321 -0.845155
  outer loop
   vertex  1.17954 -4.27481  7.52301
   vertex  1.70601 -4.09326  7.52301
   vertex  3.73737 -8.85888  4.25481
  endloop
 endfacet
 facet normal -0.15577  0.51433 -0.843327
  outer loop
   vertex  1.17954 -4.27481  7.52301
   vertex  3.73737 -8.85888  4.25481
   vertex  1.95437 -9.39888  4.25481
  endloop
 endfacet
 facet normal 0.499467 -0.866331 -0.00163881
  outer loop
   vertex  4.55242 -11.2978 -8.04519
   vertex  4.59132 -11.2753 -8.04519
   vertex  5.11537 -10.9759 -6.63119
  endloop
 endfacet
 facet normal 0.499451 -0.866341 -0.00163017
  outer loop
   vertex  4.55242 -11.2978 -8.04519
   vertex  5.11537 -10.9759 -6.63119
   vertex  4.50837 -11.3259 -6.59919
  endloop
 endfacet
 facet normal        0        0       -1
  outer loop
   vertex -3.51929 -4.34342  23.1033
   vertex -4.52913 -4.99943  23.1033
   vertex -5.01167 -4.51558  23.1033
  endloop
 endfacet
 facet normal       -0        0       -1
  outer loop
   vertex -3.51929 -4.34342  23.1033
   vertex -5.01167 -4.51558  23.1033
   vertex -3.97575 -3.92991  23.1033
  endloop
 endfacet
 facet normal        0        0       -1
  outer loop
   vertex -4.00011 -5.43199  23.1033
   vertex -3.51929 -4.34342  23.1033
   vertex -3.02012 -4.70421  23.1033
  endloop
 endfacet
 facet normal        0        0       -1
  outer loop
   vertex -4.00011 -5.43199  23.1033
   vertex -3.02012 -4.70421  23.1033
   vertex -3.43004  -5.8088  23.1033
  endloop
 endfacet
 facet normal        0        0        1
  outer loop
   vertex   4.1923  1.44563     35.4
   vertex  4.34043 0.908796     35.4
   vertex  5.50647   0.9641     35.4
  endloop
 endfacet
 facet normal       -0        0        1
  outer loop
   vertex   4.1923  1.44563     35.4
   vertex  5.50647   0.9641     35.4
   vertex  5.36699  1.56401     35.4
  endloop
 endfacet
 facet normal        0        0       -1
  outer loop
   vertex -1.32903 -5.42995  23.1033
   vertex -0.723623  -5.5432  23.1033
   vertex -0.861324  -6.6907  23.1033
  endloop
 endfacet
 facet normal        0       -0       -1
  outer loop
   vertex -1.32903 -5.42995  23.1033
   vertex -0.861324  -6.6907  23.1033
   vertex -1.53379 -6.56923  23.1033
  endloop
 endfacet
 facet normal        0        0       -1
  outer loop
   vertex -0.180018 -6.74351  16.9549
   vertex -0.861324  -6.6907  16.9549
   vertex -0.723622  -5.5432  16.9549
  endloop
 endfacet
 facet normal        0        0       -1
  outer loop
   vertex -0.180018 -6.74351  16.9549
   vertex -0.723622  -5.5432  16.9549
   vertex -0.109433 -5.58916  16.9549
  endloop
 endfacet
 facet normal        0        0       -1
  outer loop
   vertex -4.52913 -4.99943  23.1033
   vertex -3.51929 -4.34342  23.1033
   vertex -4.00011 -5.43199  23.1033
  endloop
 endfacet
 facet normal        0        0        1
  outer loop
   vertex  4.34043 0.908796     35.4
   vertex  4.42011  0.35763     35.4
   vertex  5.57911 0.352492     35.4
  endloop
 endfacet
 facet normal       -0        0        1
  outer loop
   vertex  4.34043 0.908796     35.4
   vertex  5.57911 0.352492     35.4
   vertex  5.50647   0.9641     35.4
  endloop
 endfacet
 facet normal        0       -0       -1
  outer loop
   vertex  1.71129 -5.32186  23.1033
   vertex    1.847 -6.48814  23.1033
   vertex  1.18113 -6.64171  23.1033
  endloop
 endfacet
 facet normal        0        0       -1
  outer loop
   vertex  1.71129 -5.32186  23.1033
   vertex  1.18113 -6.64171  23.1033
   vertex  1.11546 -5.47781  23.1033
  endloop
 endfacet
 facet normal        0        0       -1
  outer loop
   vertex -6.48312  1.86455  29.2516
   vertex -5.30166  1.77289  29.2516
   vertex -5.46451   1.1789  29.2516
  endloop
 endfacet
 facet normal        0       -0       -1
  outer loop
   vertex -6.48312  1.86455  29.2516
   vertex -5.46451   1.1789  29.2516
   vertex -6.63849   1.1991  29.2516
  endloop
 endfacet
 facet normal       -0        0       -1
  outer loop
   vertex  6.57336  1.51601  29.2516
   vertex  5.50647   0.9641  29.2516
   vertex  5.36699  1.56401  29.2516
  endloop
 endfacet
 facet normal        0        0       -1
  outer loop
   vertex  6.57336  1.51601  29.2516
   vertex  5.36699  1.56401  29.2516
   vertex  6.38626  2.17325  29.2516
  endloop
 endfacet
 facet normal        0        0       -1
  outer loop
   vertex   3.7046 -5.63766  23.1033
   vertex  2.83366 -4.81882  23.1033
   vertex  3.34658 -4.47785  23.1033
  endloop
 endfacet
 facet normal        0        0       -1
  outer loop
   vertex   3.7046 -5.63766  23.1033
   vertex  3.34658 -4.47785  23.1033
   vertex  4.25595 -5.23395  23.1033
  endloop
 endfacet
 facet normal        0        0       -1
  outer loop
   vertex  4.25595 -5.23395  16.9549
   vertex  3.34658 -4.47785  16.9549
   vertex  3.81886 -4.08252  16.9549
  endloop
 endfacet
 facet normal        0        0       -1
  outer loop
   vertex  4.25595 -5.23395  16.9549
   vertex  3.81886 -4.08252  16.9549
   vertex  4.76362 -4.77653  16.9549
  endloop
 endfacet
 facet normal        0        0       -1
  outer loop
   vertex -4.43875  3.39828  29.2516
   vertex -5.22242   4.2701  29.2516
   vertex -4.76362  4.77653  29.2516
  endloop
 endfacet
 facet normal        0        0       -1
  outer loop
   vertex -4.43875  3.39828  29.2516
   vertex -4.76362  4.77653  29.2516
   vertex -4.03797  3.86595  29.2516
  endloop
 endfacet
 facet normal        0        0       -1
  outer loop
   vertex  5.62762 -3.71984  29.2516
   vertex   4.6192 -3.14859  29.2516
   vertex  4.93754 -2.62133  29.2516
  endloop
 endfacet
 facet normal        0        0       -1
  outer loop
   vertex  5.62762 -3.71984  29.2516
   vertex  4.93754 -2.62133  29.2516
   vertex  5.97507 -3.13142  29.2516
  endloop
 endfacet
 facet normal        0        0       -1
  outer loop
   vertex  4.93754 -2.62133  16.9549
   vertex  5.19594 -2.06225  16.9549
   vertex  6.26122 -2.51087  16.9549
  endloop
 endfacet
 facet normal        0        0       -1
  outer loop
   vertex  4.93754 -2.62133  16.9549
   vertex  6.26122 -2.51087  16.9549
   vertex  5.97507 -3.13142  16.9549
  endloop
 endfacet
 facet normal 0.793122 -0.609063        0
  outer loop
   vertex  9.01237 -7.98488  2.34681
   vertex  8.46637 -8.69588  2.32081
   vertex  8.46637 -8.69588  1.80781
  endloop
 endfacet
 facet normal 0.793122 -0.609063        0
  outer loop
   vertex  9.01237 -7.98488  2.34681
   vertex  8.46637 -8.69588  1.80781
   vertex  9.01237 -7.98488  2.04481
  endloop
 endfacet
 facet normal        0        0       -1
  outer loop
   vertex  3.11524 -5.98353  23.1033
   vertex  2.83366 -4.81882  23.1033
   vertex   3.7046 -5.63766  23.1033
  endloop
 endfacet
 facet normal        0        0       -1
  outer loop
   vertex  6.63848  -1.1991  23.1033
   vertex  6.48311 -1.86455  23.1033
   vertex  5.39127 -1.47814  23.1033
  endloop
 endfacet
 facet normal       -0        0       -1
  outer loop
   vertex  6.63848  -1.1991  23.1033
   vertex  5.39127 -1.47814  23.1033
   vertex  5.52116 -0.876086  23.1033
  endloop
 endfacet
 facet normal        0        0       -1
  outer loop
   vertex  5.58402 -0.263395  29.2516
   vertex  6.72574 -0.521338  29.2516
   vertex  6.63848  -1.1991  29.2516
  endloop
 endfacet
 facet normal        0       -0       -1
  outer loop
   vertex  5.58402 -0.263395  29.2516
   vertex  6.63848  -1.1991  29.2516
   vertex  5.52116 -0.876086  29.2516
  endloop
 endfacet
 facet normal        0       -0       -1
  outer loop
   vertex 0.180014  6.74351  29.2516
   vertex 0.417158  5.57465  29.2516
   vertex -0.198631   5.5867  29.2516
  endloop
 endfacet
 facet normal        0        0       -1
  outer loop
   vertex 0.180014  6.74351  29.2516
   vertex -0.198631   5.5867  29.2516
   vertex -0.503139  6.72712  29.2516
  endloop
 endfacet
 facet normal        0        0       -1
  outer loop
   vertex 0.417158  5.57465  29.2516
   vertex  0.86132   6.6907  29.2516
   vertex  1.53379  6.56923  29.2516
  endloop
 endfacet
 facet normal        0        0       -1
  outer loop
   vertex 0.417158  5.57465  29.2516
   vertex  1.53379  6.56923  29.2516
   vertex  1.02788  5.49492  29.2516
  endloop
 endfacet
 facet normal        0        0       -1
  outer loop
   vertex  1.02788  5.49492  16.9549
   vertex  1.53379  6.56923  16.9549
   vertex  2.19052  6.38036  16.9549
  endloop
 endfacet
 facet normal        0        0       -1
  outer loop
   vertex  1.02788  5.49492  16.9549
   vertex  2.19052  6.38036  16.9549
   vertex  1.62613   5.3485  16.9549
  endloop
 endfacet
 facet normal        0        0        1
  outer loop
   vertex  3.09304 -3.17779     35.4
   vertex  3.81886 -4.08252     35.4
   vertex   4.2448 -3.63763     35.4
  endloop
 endfacet
 facet normal       -0        0        1
  outer loop
   vertex  3.09304 -3.17779     35.4
   vertex   4.2448 -3.63763     35.4
   vertex  3.46693 -2.76507     35.4
  endloop
 endfacet
 facet normal        0       -0       -1
  outer loop
   vertex  3.43003   5.8088  16.9549
   vertex   4.0001  5.43199  16.9549
   vertex  3.27468  4.53069  16.9549
  endloop
 endfacet
 facet normal        0        0       -1
  outer loop
   vertex  3.43003   5.8088  16.9549
   vertex  3.27468  4.53069  16.9549
   vertex  2.75639  4.86344  16.9549
  endloop
 endfacet
 facet normal        0        0       -1
  outer loop
   vertex  3.27468  4.53069  29.2516
   vertex   4.0001  5.43199  29.2516
   vertex  4.52912  4.99943  29.2516
  endloop
 endfacet
 facet normal        0        0       -1
  outer loop
   vertex  3.27468  4.53069  29.2516
   vertex  4.52912  4.99943  29.2516
   vertex  3.75321  4.14295  29.2516
  endloop
 endfacet
 facet normal        0        0       -1
  outer loop
   vertex    6.693 0.843214  23.1033
   vertex  5.50647   0.9641  23.1033
   vertex  6.57336  1.51601  23.1033
  endloop
 endfacet
 facet normal  0.69899 0.690933 0.184459
  outer loop
   vertex  4.52912  4.99943  16.9549
   vertex  3.75321  4.14295  23.1033
   vertex  4.18619  3.70493  23.1033
  endloop
 endfacet
 facet normal  0.69585 0.693971 0.184924
  outer loop
   vertex  4.52912  4.99943  16.9549
   vertex  4.18619  3.70493  23.1033
   vertex  5.01167  4.51558  16.9549
  endloop
 endfacet
 facet normal 0.762602 0.620104 0.184147
  outer loop
   vertex  5.44279  3.98539  16.9549
   vertex  5.01167  4.51558  16.9549
   vertex  4.18619  3.70493  23.1033
  endloop
 endfacet
 facet normal  0.77063 0.609744 0.185315
  outer loop
   vertex  5.44279  3.98539  16.9549
   vertex  4.18619  3.70493  23.1033
   vertex  4.56836  3.22192  23.1033
  endloop
 endfacet
 facet normal 0.821468 0.539801  0.18386
  outer loop
   vertex  5.81806   3.4143  16.9549
   vertex  5.44279  3.98539  16.9549
   vertex  4.56836  3.22192  23.1033
  endloop
 endfacet
 facet normal 0.832981 0.521237 0.185619
  outer loop
   vertex  5.81806   3.4143  16.9549
   vertex  4.56836  3.22192  23.1033
   vertex  4.89507  2.69981  23.1033
  endloop
 endfacet
 facet normal 0.885228  0.42642 0.185842
  outer loop
   vertex  4.89507  2.69981     35.4
   vertex  5.16236  2.14493     35.4
   vertex  6.13363  2.80818  29.2516
  endloop
 endfacet
 facet normal 0.871901 0.453943 0.183642
  outer loop
   vertex  4.89507  2.69981     35.4
   vertex  6.13363  2.80818  29.2516
   vertex  5.81806   3.4143  29.2516
  endloop
 endfacet
 facet normal 0.271703 0.944726 0.183492
  outer loop
   vertex  1.62613   5.3485  29.2516
   vertex  2.19052  6.38036  23.1033
   vertex  1.53379  6.56923  23.1033
  endloop
 endfacet
 facet normal 0.233593 0.954382 0.185981
  outer loop
   vertex  1.62613   5.3485  29.2516
   vertex  1.53379  6.56923  23.1033
   vertex  1.02788  5.49492  29.2516
  endloop
 endfacet
 facet normal        0        0       -1
  outer loop
   vertex  6.63848  -1.1991  29.2516
   vertex  6.48311 -1.86455  29.2516
   vertex  5.39127 -1.47814  29.2516
  endloop
 endfacet
 facet normal       -0        0       -1
  outer loop
   vertex  6.63848  -1.1991  29.2516
   vertex  5.39127 -1.47814  29.2516
   vertex  5.52116 -0.876086  29.2516
  endloop
 endfacet
 facet normal 0.976543  0.11598 0.181417
  outer loop
   vertex  5.50647   0.9641  23.1033
   vertex  5.57911 0.352492  23.1033
   vertex  6.74397 0.161768  16.9549
  endloop
 endfacet
 facet normal 0.979512 0.0732603  0.18759
  outer loop
   vertex  5.50647   0.9641  23.1033
   vertex  6.74397 0.161768  16.9549
   vertex    6.693 0.843214  16.9549
  endloop
 endfacet
 facet normal -0.196168 0.963343 0.182998
  outer loop
   vertex   -1.847  6.48814  23.1033
   vertex -1.41553  5.40805  29.2516
   vertex -0.812009  5.53094  29.2516
  endloop
 endfacet
 facet normal -0.220799 0.957377 0.186215
  outer loop
   vertex   -1.847  6.48814  23.1033
   vertex -0.812009  5.53094  29.2516
   vertex -1.18113  6.64171  23.1033
  endloop
 endfacet
 facet normal        0        0       -1
  outer loop
   vertex -6.38626 -2.17325  16.9549
   vertex -6.57336 -1.51601  16.9549
   vertex   -5.445 -1.26598  16.9549
  endloop
 endfacet
 facet normal        0        0       -1
  outer loop
   vertex -6.38626 -2.17325  16.9549
   vertex   -5.445 -1.26598  16.9549
   vertex -5.27269 -1.85729  16.9549
  endloop
 endfacet
 facet normal -0.40199 0.896915 0.184249
  outer loop
   vertex -3.11524  5.98353  23.1033
   vertex -2.56391  4.96761  29.2516
   vertex -2.00187  5.21951  29.2516
  endloop
 endfacet
 facet normal -0.409086 0.893523 0.185112
  outer loop
   vertex -3.11524  5.98353  23.1033
   vertex -2.00187  5.21951  29.2516
   vertex -2.49392  6.26799  23.1033
  endloop
 endfacet
 facet normal  0.89249 -0.411536 0.184662
  outer loop
   vertex  5.97507 -3.13142  23.1033
   vertex  6.26122 -2.51087  23.1033
   vertex  5.19594 -2.06225  29.2516
  endloop
 endfacet
 facet normal 0.892108 -0.412323 0.184751
  outer loop
   vertex  5.97507 -3.13142  23.1033
   vertex  5.19594 -2.06225  29.2516
   vertex  4.93754 -2.62133  29.2516
  endloop
 endfacet
 facet normal 0.541992  0.81996 0.184147
  outer loop
   vertex  3.27468  4.53069  23.1033
   vertex   4.0001  5.43199  16.9549
   vertex  3.43003   5.8088  16.9549
  endloop
 endfacet
 facet normal 0.530892 0.826929 0.185315
  outer loop
   vertex  3.27468  4.53069  23.1033
   vertex  3.43003   5.8088  16.9549
   vertex  2.75639  4.86344  23.1033
  endloop
 endfacet
 facet normal 0.456282 0.870633  0.18386
  outer loop
   vertex  2.75639  4.86344  23.1033
   vertex  3.43003   5.8088  16.9549
   vertex  2.82477  6.12601  16.9549
  endloop
 endfacet
 facet normal 0.436675 0.880261 0.185619
  outer loop
   vertex  2.75639  4.86344  23.1033
   vertex  2.82477  6.12601  16.9549
   vertex  2.20464  5.13715  23.1033
  endloop
 endfacet
 facet normal 0.365877 0.912365 0.183642
  outer loop
   vertex  2.20464  5.13715  29.2516
   vertex  2.82477  6.12601  23.1033
   vertex  2.19052  6.38036  23.1033
  endloop
 endfacet
 facet normal 0.337175 0.922917 0.185841
  outer loop
   vertex  2.20464  5.13715  29.2516
   vertex  2.19052  6.38036  23.1033
   vertex  1.62613   5.3485  29.2516
  endloop
 endfacet
 facet normal 0.075972 0.980099 0.183396
  outer loop
   vertex 0.417158  5.57465  23.1033
   vertex 0.861321   6.6907  16.9549
   vertex 0.180015  6.74351  16.9549
  endloop
 endfacet
 facet normal 0.0192509 0.983218 0.181417
  outer loop
   vertex -0.503139  6.72712  23.1033
   vertex -0.198631   5.5867  29.2516
   vertex 0.417158  5.57465  29.2516
  endloop
 endfacet
 facet normal -0.0235547 0.981965  0.18759
  outer loop
   vertex -0.503139  6.72712  23.1033
   vertex 0.417158  5.57465  29.2516
   vertex 0.180015  6.74351  23.1033
  endloop
 endfacet
 facet normal 0.983221 0.0078476 0.182249
  outer loop
   vertex  5.57911 0.352492  29.2516
   vertex  5.58402 -0.263395  29.2516
   vertex  6.72574 -0.521338  23.1033
  endloop
 endfacet
 facet normal 0.982035 -0.026215 0.186869
  outer loop
   vertex  5.57911 0.352492  29.2516
   vertex  6.72574 -0.521338  23.1033
   vertex  6.74397 0.161768  23.1033
  endloop
 endfacet
 facet normal -0.196167 0.963343 0.182998
  outer loop
   vertex   -1.847  6.48814  29.2516
   vertex -1.41553  5.40805     35.4
   vertex -0.812009  5.53094     35.4
  endloop
 endfacet
 facet normal -0.220799 0.957377 0.186215
  outer loop
   vertex   -1.847  6.48814  29.2516
   vertex -0.812009  5.53094     35.4
   vertex -1.18113  6.64171  29.2516
  endloop
 endfacet
 facet normal -0.300915 0.935798 0.183664
  outer loop
   vertex -2.49392  6.26799  16.9549
   vertex -2.00187  5.21951  23.1033
   vertex -1.41553  5.40805  23.1033
  endloop
 endfacet
 facet normal -0.316558 0.930233  0.18563
  outer loop
   vertex -2.49392  6.26799  16.9549
   vertex -1.41553  5.40805  23.1033
   vertex   -1.847  6.48814  16.9549
  endloop
 endfacet
 facet normal -0.401989 0.896915 0.184249
  outer loop
   vertex -3.11524  5.98353  29.2516
   vertex -2.56391  4.96761     35.4
   vertex -2.00187  5.21951     35.4
  endloop
 endfacet
 facet normal -0.409085 0.893523 0.185112
  outer loop
   vertex -3.11524  5.98353  29.2516
   vertex -2.00187  5.21951     35.4
   vertex -2.49392  6.26799  29.2516
  endloop
 endfacet
 facet normal -0.497424 0.847625 0.184662
  outer loop
   vertex -2.56391  4.96761  23.1033
   vertex -3.11524  5.98353  16.9549
   vertex  -3.7046  5.63766  16.9549
  endloop
 endfacet
 facet normal -0.49817 0.847168 0.184751
  outer loop
   vertex -2.56391  4.96761  23.1033
   vertex  -3.7046  5.63766  16.9549
   vertex -3.09482   4.6554  23.1033
  endloop
 endfacet
 facet normal 0.841433 -0.508019 0.184139
  outer loop
   vertex  5.97507 -3.13142  23.1033
   vertex  4.93754 -2.62133  29.2516
   vertex   4.6192 -3.14859  29.2516
  endloop
 endfacet
 facet normal 0.846187 -0.499665  0.18521
  outer loop
   vertex  5.97507 -3.13142  23.1033
   vertex   4.6192 -3.14859  29.2516
   vertex  5.62762 -3.71984  23.1033
  endloop
 endfacet
 facet normal -0.0889938 0.978978 0.183526
  outer loop
   vertex -1.10923  6.80774       10
   vertex -0.812008  5.53094  16.9549
   vertex -0.198631   5.5867  16.9549
  endloop
 endfacet
 facet normal -0.109479 0.976475 0.185769
  outer loop
   vertex -1.10923  6.80774       10
   vertex -0.198631   5.5867  16.9549
   vertex -0.42589  6.88436       10
  endloop
 endfacet
 facet normal 0.544444 -0.818983 0.181241
  outer loop
   vertex  4.25595 -5.23395  23.1033
   vertex  3.34658 -4.47785  29.2516
   vertex  2.83366 -4.81882  29.2516
  endloop
 endfacet
 facet normal 0.580281 -0.792482 0.187742
  outer loop
   vertex  4.25595 -5.23395  23.1033
   vertex  2.83366 -4.81882  29.2516
   vertex   3.7046 -5.63766  23.1033
  endloop
 endfacet
 facet normal -0.892705 0.411636 0.183393
  outer loop
   vertex -5.07445  2.34536  23.1033
   vertex -5.97508  3.13142  16.9549
   vertex -6.26122  2.51087  16.9549
  endloop
 endfacet
 facet normal -0.325172 -0.927656 0.183625
  outer loop
   vertex  -1.9183 -5.25079  16.9549
   vertex  -2.6033 -6.38738       10
   vertex -1.95438 -6.61484       10
  endloop
 endfacet
 facet normal -0.285821 -0.940087 0.185859
  outer loop
   vertex  -1.9183 -5.25079  16.9549
   vertex -1.95438 -6.61484       10
   vertex -1.32903 -5.42995  16.9549
  endloop
 endfacet
 facet normal -0.971019 0.154079 0.182708
  outer loop
   vertex -6.72574 0.521338  16.9549
   vertex -5.56104 0.570607  23.1033
   vertex -5.46451   1.1789  23.1033
  endloop
 endfacet
 facet normal -0.97442 0.125441 0.186468
  outer loop
   vertex -6.72574 0.521338  16.9549
   vertex -5.46451   1.1789  23.1033
   vertex -6.63849   1.1991  16.9549
  endloop
 endfacet
 facet normal 0.122864 -0.975234 0.183912
  outer loop
   vertex 0.506085 -5.56728  29.2516
   vertex 0.503135 -6.72712  23.1033
   vertex  1.18113 -6.64171  23.1033
  endloop
 endfacet
 facet normal 0.142732 -0.97221 0.185565
  outer loop
   vertex 0.506085 -5.56728  29.2516
   vertex  1.18113 -6.64171  23.1033
   vertex  1.11546 -5.47781  29.2516
  endloop
 endfacet
 facet normal -0.991469 -0.13034        0
  outer loop
   vertex -12.3346 -0.0788777  3.18781
   vertex -12.2176 -0.968877  3.17481
   vertex -12.2176 -0.968877  3.72781
  endloop
 endfacet
 facet normal -0.991469 -0.13034        0
  outer loop
   vertex -12.3346 -0.0788777  3.18781
   vertex -12.2176 -0.968877  3.72781
   vertex -12.3346 -0.0788777  3.70181
  endloop
 endfacet
 facet normal -0.0759548 -0.979878  0.18458
  outer loop
   vertex -0.723623  -5.5432  23.1033
   vertex -0.861324  -6.6907  16.9549
   vertex -0.180018 -6.74351  16.9549
  endloop
 endfacet
 facet normal -0.0733373 -0.980028 0.184841
  outer loop
   vertex -0.723623  -5.5432  23.1033
   vertex -0.180018 -6.74351  16.9549
   vertex -0.109433 -5.58916  23.1033
  endloop
 endfacet
 facet normal 0.932142 -0.311711 0.184249
  outer loop
   vertex  5.39127 -1.47814     35.4
   vertex  5.19594 -2.06225     35.4
   vertex  6.26122 -2.51087  29.2516
  endloop
 endfacet
 facet normal 0.929465 -0.319106 0.185112
  outer loop
   vertex  5.39127 -1.47814     35.4
   vertex  6.26122 -2.51087  29.2516
   vertex  6.48311 -1.86455  29.2516
  endloop
 endfacet
 facet normal -0.285934 -0.940459 0.183788
  outer loop
   vertex -1.53379 -6.56923  23.1033
   vertex -1.32903 -5.42995  29.2516
   vertex  -1.9183 -5.25079  29.2516
  endloop
 endfacet
 facet normal -0.271598 -0.94436 0.185521
  outer loop
   vertex -1.53379 -6.56923  23.1033
   vertex  -1.9183 -5.25079  29.2516
   vertex -2.19052 -6.38036  23.1033
  endloop
 endfacet
 facet normal  -0.4848 -0.855393 0.182405
  outer loop
   vertex -2.82477 -6.12601  23.1033
   vertex -2.48429  -5.0079  29.2516
   vertex -3.02012 -4.70421  29.2516
  endloop
 endfacet
 facet normal -0.45603 -0.870154 0.186733
  outer loop
   vertex -2.82477 -6.12601  23.1033
   vertex -3.02012 -4.70421  29.2516
   vertex -3.43004  -5.8088  23.1033
  endloop
 endfacet
 facet normal -0.576046 -0.796992  0.18159
  outer loop
   vertex -3.43004  -5.8088  23.1033
   vertex -3.02012 -4.70421  29.2516
   vertex -3.51929 -4.34342  29.2516
  endloop
 endfacet
 facet normal -0.541648 -0.819441  0.18744
  outer loop
   vertex -3.43004  -5.8088  23.1033
   vertex -3.51929 -4.34342  29.2516
   vertex -4.00011 -5.43199  23.1033
  endloop
 endfacet
 facet normal -0.622254 -0.761028 0.183401
  outer loop
   vertex -3.51929 -4.34342  23.1033
   vertex -4.52913 -4.99943  16.9549
   vertex  -4.0001 -5.43199  16.9549
  endloop
 endfacet
 facet normal  -0.4848 -0.855393 0.182405
  outer loop
   vertex -2.82477 -6.12601  16.9549
   vertex -2.48429  -5.0079  23.1033
   vertex -3.02012 -4.70421  23.1033
  endloop
 endfacet
 facet normal -0.45603 -0.870154 0.186733
  outer loop
   vertex -2.82477 -6.12601  16.9549
   vertex -3.02012 -4.70421  23.1033
   vertex -3.43004  -5.8088  16.9549
  endloop
 endfacet
 facet normal -0.387704 -0.903408 0.183138
  outer loop
   vertex -2.19052 -6.38036  16.9549
   vertex  -1.9183 -5.25079  23.1033
   vertex -2.48429  -5.0079  23.1033
  endloop
 endfacet
 facet normal -0.365705 -0.911937 0.186093
  outer loop
   vertex -2.19052 -6.38036  16.9549
   vertex -2.48429  -5.0079  23.1033
   vertex -2.82477 -6.12601  16.9549
  endloop
 endfacet
 facet normal -0.285934 -0.940459 0.183788
  outer loop
   vertex -1.53379 -6.56923  16.9549
   vertex -1.32903 -5.42995  23.1033
   vertex  -1.9183 -5.25079  23.1033
  endloop
 endfacet
 facet normal -0.271598 -0.94436 0.185521
  outer loop
   vertex -1.53379 -6.56923  16.9549
   vertex  -1.9183 -5.25079  23.1033
   vertex -2.19052 -6.38036  16.9549
  endloop
 endfacet
 facet normal -0.94529 -0.269098 0.184425
  outer loop
   vertex   -5.445 -1.26598  23.1033
   vertex -6.57336 -1.51601  16.9549
   vertex -6.38626 -2.17325  16.9549
  endloop
 endfacet
 facet normal -0.943491 -0.274945 0.185012
  outer loop
   vertex   -5.445 -1.26598  23.1033
   vertex -6.38626 -2.17325  16.9549
   vertex -5.27269 -1.85729  23.1033
  endloop
 endfacet
 facet normal -0.0759548 -0.979878  0.18458
  outer loop
   vertex -0.723623  -5.5432     35.4
   vertex -0.861324  -6.6907  29.2516
   vertex -0.180018 -6.74351  29.2516
  endloop
 endfacet
 facet normal -0.0733373 -0.980028 0.184841
  outer loop
   vertex -0.723623  -5.5432     35.4
   vertex -0.180018 -6.74351  29.2516
   vertex -0.109434 -5.58916     35.4
  endloop
 endfacet
 facet normal -0.980966 -0.0619781 0.184025
  outer loop
   vertex -6.69301 -0.843214  23.1033
   vertex -5.55122 -0.659297  29.2516
   vertex -5.59006 -0.0446158  29.2516
  endloop
 endfacet
 facet normal -0.979943 -0.0732919 0.185311
  outer loop
   vertex -6.69301 -0.843214  23.1033
   vertex -5.59006 -0.0446158  29.2516
   vertex -6.74397 -0.161768  23.1033
  endloop
 endfacet
 facet normal 0.456282 0.870633  0.18386
  outer loop
   vertex  2.75639  4.86344  29.2516
   vertex  3.43003   5.8088  23.1033
   vertex  2.82477  6.12601  23.1033
  endloop
 endfacet
 facet normal 0.436675 0.880261 0.185619
  outer loop
   vertex  2.75639  4.86344  29.2516
   vertex  2.82477  6.12601  23.1033
   vertex  2.20464  5.13715  29.2516
  endloop
 endfacet
 facet normal -0.971019 0.154079 0.182708
  outer loop
   vertex -6.72574 0.521338  29.2516
   vertex -5.56104 0.570607     35.4
   vertex -5.46451   1.1789     35.4
  endloop
 endfacet
 facet normal -0.97442 0.125442 0.186468
  outer loop
   vertex -6.72574 0.521338  29.2516
   vertex -5.46451   1.1789     35.4
   vertex -6.63849   1.1991  29.2516
  endloop
 endfacet
 facet normal 0.316686 -0.930608 0.183516
  outer loop
   vertex  1.71129 -5.32186  23.1033
   vertex    1.847 -6.48814  16.9549
   vertex  2.49391 -6.26799  16.9549
  endloop
 endfacet
 facet normal 0.351855 -0.917397  0.18596
  outer loop
   vertex  1.71129 -5.32186  23.1033
   vertex  2.49391 -6.26799  16.9549
   vertex  2.28636  -5.1013  23.1033
  endloop
 endfacet
 facet normal 0.409218 -0.893811 0.183421
  outer loop
   vertex  2.28636  -5.1013  23.1033
   vertex  2.49391 -6.26799  16.9549
   vertex  3.11524 -5.98353  16.9549
  endloop
 endfacet
 facet normal 0.450634 -0.87311 0.186034
  outer loop
   vertex  2.28636  -5.1013  23.1033
   vertex  3.11524 -5.98353  16.9549
   vertex  2.83366 -4.81882  23.1033
  endloop
 endfacet
 facet normal 0.497545 -0.84783 0.183393
  outer loop
   vertex  2.83366 -4.81882  23.1033
   vertex  3.11524 -5.98353  16.9549
   vertex   3.7046 -5.63766  16.9549
  endloop
 endfacet
 facet normal 0.631133 -0.753999 0.182089
  outer loop
   vertex  4.76362 -4.77653  16.9549
   vertex  3.81886 -4.08252  23.1033
   vertex  3.34658 -4.47785  23.1033
  endloop
 endfacet
 facet normal 0.657571 -0.729814 0.187007
  outer loop
   vertex  4.76362 -4.77653  16.9549
   vertex  3.34658 -4.47785  23.1033
   vertex  4.25595 -5.23395  16.9549
  endloop
 endfacet
 facet normal -0.728491  0.65996 0.183721
  outer loop
   vertex -4.03797  3.86595     35.4
   vertex -4.76362  4.77653  29.2516
   vertex -5.22242   4.2701  29.2516
  endloop
 endfacet
 facet normal -0.746108 0.639387 0.185762
  outer loop
   vertex -4.03797  3.86595     35.4
   vertex -5.22242   4.2701  29.2516
   vertex -4.43875  3.39828     35.4
  endloop
 endfacet
 facet normal 0.780529 -0.597569 0.183538
  outer loop
   vertex  5.62762 -3.71984  29.2516
   vertex   4.6192 -3.14859     35.4
   vertex   4.2448 -3.63763     35.4
  endloop
 endfacet
 facet normal 0.791215 -0.582648 0.185742
  outer loop
   vertex  5.62762 -3.71984  29.2516
   vertex   4.2448 -3.63763     35.4
   vertex  5.22241  -4.2701  29.2516
  endloop
 endfacet
 facet normal 0.841433 -0.508019 0.184139
  outer loop
   vertex  5.97507 -3.13142  29.2516
   vertex  4.93754 -2.62133     35.4
   vertex   4.6192 -3.14859     35.4
  endloop
 endfacet
 facet normal 0.846187 -0.499665  0.18521
  outer loop
   vertex  5.97507 -3.13142  29.2516
   vertex   4.6192 -3.14859     35.4
   vertex  5.62762 -3.71984  29.2516
  endloop
 endfacet
 facet normal 0.967854 0.172118 0.183396
  outer loop
   vertex    6.693 0.843214  16.9549
   vertex  6.57336  1.51601  16.9549
   vertex  5.50647   0.9641  23.1033
  endloop
 endfacet
 facet normal        0        0       -1
  outer loop
   vertex  4.18619  3.70493  16.9549
   vertex  3.75321  4.14295  16.9549
   vertex  4.52912  4.99943  16.9549
  endloop
 endfacet
 facet normal        0        0       -1
  outer loop
   vertex  4.18619  3.70493  16.9549
   vertex  4.52912  4.99943  16.9549
   vertex  5.01167  4.51558  16.9549
  endloop
 endfacet
 facet normal        0       -0       -1
  outer loop
   vertex  2.82477  6.12601  23.1033
   vertex  3.43003   5.8088  23.1033
   vertex  2.75639  4.86344  23.1033
  endloop
 endfacet
 facet normal        0        0       -1
  outer loop
   vertex  2.82477  6.12601  23.1033
   vertex  2.75639  4.86344  23.1033
   vertex  2.20464  5.13715  23.1033
  endloop
 endfacet
 facet normal        0        0       -1
  outer loop
   vertex  1.62613   5.3485  16.9549
   vertex  2.19052  6.38036  16.9549
   vertex  2.82477  6.12601  16.9549
  endloop
 endfacet
 facet normal        0        0       -1
  outer loop
   vertex  1.62613   5.3485  16.9549
   vertex  2.82477  6.12601  16.9549
   vertex  2.20464  5.13715  16.9549
  endloop
 endfacet
 facet normal        0       -0       -1
  outer loop
   vertex 0.180015  6.74351  23.1033
   vertex 0.417158  5.57465  23.1033
   vertex -0.198631   5.5867  23.1033
  endloop
 endfacet
 facet normal        0        0       -1
  outer loop
   vertex 0.180015  6.74351  23.1033
   vertex -0.198631   5.5867  23.1033
   vertex -0.503139  6.72712  23.1033
  endloop
 endfacet
 facet normal        0        0       -1
  outer loop
   vertex  5.57911 0.352492  23.1033
   vertex  6.74397 0.161768  23.1033
   vertex  6.72574 -0.521338  23.1033
  endloop
 endfacet
 facet normal        0        0       -1
  outer loop
   vertex  5.57911 0.352492  23.1033
   vertex  6.72574 -0.521338  23.1033
   vertex  5.58402 -0.263395  23.1033
  endloop
 endfacet
 facet normal        0       -0       -1
  outer loop
   vertex -1.18113  6.64171  16.9549
   vertex -0.812008  5.53094  16.9549
   vertex -1.41553  5.40805  16.9549
  endloop
 endfacet
 facet normal        0        0       -1
  outer loop
   vertex -1.18113  6.64171  16.9549
   vertex -1.41553  5.40805  16.9549
   vertex   -1.847  6.48814  16.9549
  endloop
 endfacet
 facet normal        0        0        1
  outer loop
   vertex  5.52116 -0.876086     35.4
   vertex  4.37018 -0.752843     35.4
   vertex  4.24136 -1.29464     35.4
  endloop
 endfacet
 facet normal        0        0        1
  outer loop
   vertex  5.52116 -0.876086     35.4
   vertex  4.24136 -1.29464     35.4
   vertex  5.39127 -1.47814     35.4
  endloop
 endfacet
 facet normal        0        0       -1
  outer loop
   vertex  6.48311 -1.86455  23.1033
   vertex  6.26122 -2.51087  23.1033
   vertex  5.19594 -2.06225  23.1033
  endloop
 endfacet
 facet normal       -0        0       -1
  outer loop
   vertex  6.48311 -1.86455  23.1033
   vertex  5.19594 -2.06225  23.1033
   vertex  5.39127 -1.47814  23.1033
  endloop
 endfacet
 facet normal        0        0       -1
  outer loop
   vertex  -3.7046  5.63766  29.2516
   vertex -3.11524  5.98353  29.2516
   vertex -2.56391  4.96761  29.2516
  endloop
 endfacet
 facet normal        0        0       -1
  outer loop
   vertex  -3.7046  5.63766  29.2516
   vertex -2.56391  4.96761  29.2516
   vertex -3.09482   4.6554  29.2516
  endloop
 endfacet
 facet normal       -0        0       -1
  outer loop
   vertex 0.861321   6.6907  16.9549
   vertex 0.417158  5.57465  16.9549
   vertex 0.180015  6.74351  16.9549
  endloop
 endfacet
 facet normal        0        0       -1
  outer loop
   vertex  5.62762 -3.71984  16.9549
   vertex   4.6192 -3.14859  16.9549
   vertex  4.93754 -2.62133  16.9549
  endloop
 endfacet
 facet normal        0        0       -1
  outer loop
   vertex  5.62762 -3.71984  16.9549
   vertex  4.93754 -2.62133  16.9549
   vertex  5.97507 -3.13142  16.9549
  endloop
 endfacet
 facet normal        0        0       -1
  outer loop
   vertex  5.22241  -4.2701  29.2516
   vertex   4.2448 -3.63763  29.2516
   vertex   4.6192 -3.14859  29.2516
  endloop
 endfacet
 facet normal        0        0       -1
  outer loop
   vertex  5.22241  -4.2701  29.2516
   vertex   4.6192 -3.14859  29.2516
   vertex  5.62762 -3.71984  29.2516
  endloop
 endfacet
 facet normal        0        0        1
  outer loop
   vertex -4.24137  1.29464     35.4
   vertex -5.30166  1.77289     35.4
   vertex -5.46451   1.1789     35.4
  endloop
 endfacet
 facet normal        0        0        1
  outer loop
   vertex -4.24137  1.29464     35.4
   vertex -5.46451   1.1789     35.4
   vertex -4.37019 0.752843     35.4
  endloop
 endfacet
 facet normal        0        0        1
  outer loop
   vertex -5.55122 -0.659297     35.4
   vertex -4.42011 -0.35763     35.4
   vertex -4.43008 0.199177     35.4
  endloop
 endfacet
 facet normal        0       -0        1
  outer loop
   vertex -5.55122 -0.659297     35.4
   vertex -4.43008 0.199177     35.4
   vertex -5.59006 -0.0446158     35.4
  endloop
 endfacet
 facet normal        0        0       -1
  outer loop
   vertex -5.07445  2.34536  16.9549
   vertex -5.97508  3.13142  16.9549
   vertex -5.62762  3.71984  16.9549
  endloop
 endfacet
 facet normal        0        0       -1
  outer loop
   vertex -5.07445  2.34536  16.9549
   vertex -5.62762  3.71984  16.9549
   vertex -4.78564  2.88935  16.9549
  endloop
 endfacet
 facet normal        0       -0       -1
  outer loop
   vertex  2.83366 -4.81882  23.1033
   vertex  3.11524 -5.98353  23.1033
   vertex  2.49391 -6.26799  23.1033
  endloop
 endfacet
 facet normal        0        0       -1
  outer loop
   vertex  2.83366 -4.81882  23.1033
   vertex  2.49391 -6.26799  23.1033
   vertex  2.28636  -5.1013  23.1033
  endloop
 endfacet
 facet normal        0        0       -1
  outer loop
   vertex -6.63849   1.1991  16.9549
   vertex -5.46451   1.1789  16.9549
   vertex -5.56104 0.570607  16.9549
  endloop
 endfacet
 facet normal        0       -0       -1
  outer loop
   vertex -6.63849   1.1991  16.9549
   vertex -5.56104 0.570607  16.9549
   vertex -6.72574 0.521338  16.9549
  endloop
 endfacet
 facet normal        0       -0       -1
  outer loop
   vertex  1.11546 -5.47781  16.9549
   vertex  1.18113 -6.64171  16.9549
   vertex 0.503136 -6.72712  16.9549
  endloop
 endfacet
 facet normal        0        0       -1
  outer loop
   vertex  1.11546 -5.47781  16.9549
   vertex 0.503136 -6.72712  16.9549
   vertex 0.506085 -5.56728  16.9549
  endloop
 endfacet
 facet normal       -0        0       -1
  outer loop
   vertex 0.503135 -6.72712  23.1033
   vertex -0.180018 -6.74351  23.1033
   vertex -0.109433 -5.58916  23.1033
  endloop
 endfacet
 facet normal        0        0       -1
  outer loop
   vertex 0.503135 -6.72712  23.1033
   vertex -0.109433 -5.58916  23.1033
   vertex 0.506085 -5.56728  23.1033
  endloop
 endfacet
 facet normal        0        0       -1
  outer loop
   vertex -0.180018 -6.74351  23.1033
   vertex -0.861324  -6.6907  23.1033
   vertex -0.723623  -5.5432  23.1033
  endloop
 endfacet
 facet normal        0        0       -1
  outer loop
   vertex -0.180018 -6.74351  23.1033
   vertex -0.723623  -5.5432  23.1033
   vertex -0.109433 -5.58916  23.1033
  endloop
 endfacet
 facet normal        0        0        1
  outer loop
   vertex  3.27468  4.53069     35.4
   vertex  2.54192  3.63372     35.4
   vertex  2.97731  3.28647     35.4
  endloop
 endfacet
 facet normal        0        0        1
  outer loop
   vertex  3.27468  4.53069     35.4
   vertex  2.97731  3.28647     35.4
   vertex  3.75321  4.14295     35.4
  endloop
 endfacet
 facet normal        0       -0       -1
  outer loop
   vertex -5.97508  3.13142  16.9549
   vertex -5.07445  2.34536  16.9549
   vertex -6.26122  2.51087  16.9549
  endloop
 endfacet
 facet normal        0        0       -1
  outer loop
   vertex -2.19052 -6.38036  29.2516
   vertex  -1.9183 -5.25079  29.2516
   vertex -1.32903 -5.42995  29.2516
  endloop
 endfacet
 facet normal        0        0       -1
  outer loop
   vertex -2.19052 -6.38036  29.2516
   vertex -1.32903 -5.42995  29.2516
   vertex -1.53379 -6.56923  29.2516
  endloop
 endfacet
 facet normal       -0        0       -1
  outer loop
   vertex -4.73891 -2.96537  23.1033
   vertex -5.81806  -3.4143  23.1033
   vertex -6.13363 -2.80818  23.1033
  endloop
 endfacet
 facet normal        0        0       -1
  outer loop
   vertex -4.73891 -2.96537  23.1033
   vertex -6.13363 -2.80818  23.1033
   vertex -5.03637 -2.42605  23.1033
  endloop
 endfacet
 facet normal       -0        0       -1
  outer loop
   vertex -4.38394 -3.46869  29.2516
   vertex -5.44279 -3.98539  29.2516
   vertex -5.81807  -3.4143  29.2516
  endloop
 endfacet
 facet normal        0        0       -1
  outer loop
   vertex -4.38394 -3.46869  29.2516
   vertex -5.81807  -3.4143  29.2516
   vertex -4.73891 -2.96537  29.2516
  endloop
 endfacet
 facet normal        0        0       -1
  outer loop
   vertex -3.97575 -3.92991  23.1033
   vertex -5.01167 -4.51558  23.1033
   vertex -5.44279 -3.98539  23.1033
  endloop
 endfacet
 facet normal       -0        0       -1
  outer loop
   vertex -3.97575 -3.92991  23.1033
   vertex -5.44279 -3.98539  23.1033
   vertex -4.38394 -3.46869  23.1033
  endloop
 endfacet
 facet normal       -0        0       -1
  outer loop
   vertex -4.38394 -3.46869  16.9549
   vertex -5.44279 -3.98539  16.9549
   vertex -5.81806  -3.4143  16.9549
  endloop
 endfacet
 facet normal        0        0       -1
  outer loop
   vertex -4.38394 -3.46869  16.9549
   vertex -5.81806  -3.4143  16.9549
   vertex -4.73891 -2.96537  16.9549
  endloop
 endfacet
 facet normal        0        0       -1
  outer loop
   vertex -2.82477 -6.12601  23.1033
   vertex -2.48429  -5.0079  23.1033
   vertex  -1.9183 -5.25079  23.1033
  endloop
 endfacet
 facet normal        0        0       -1
  outer loop
   vertex -2.82477 -6.12601  23.1033
   vertex  -1.9183 -5.25079  23.1033
   vertex -2.19052 -6.38036  23.1033
  endloop
 endfacet
 facet normal        0        0       -1
  outer loop
   vertex -2.19052 -6.38036  16.9549
   vertex  -1.9183 -5.25079  16.9549
   vertex -1.32903 -5.42995  16.9549
  endloop
 endfacet
 facet normal        0        0       -1
  outer loop
   vertex -2.19052 -6.38036  16.9549
   vertex -1.32903 -5.42995  16.9549
   vertex -1.53379 -6.56923  16.9549
  endloop
 endfacet
 facet normal        0        0        1
  outer loop
   vertex  3.75321  4.14295     35.4
   vertex  2.97731  3.28647     35.4
   vertex  3.36573   2.8874     35.4
  endloop
 endfacet
 facet normal        0        0        1
  outer loop
   vertex  3.75321  4.14295     35.4
   vertex  3.36573   2.8874     35.4
   vertex  4.18619  3.70493     35.4
  endloop
 endfacet
 facet normal        0        0       -1
  outer loop
   vertex -0.180018 -6.74351  29.2516
   vertex -0.861324  -6.6907  29.2516
   vertex -0.723623  -5.5432  29.2516
  endloop
 endfacet
 facet normal        0        0       -1
  outer loop
   vertex -0.180018 -6.74351  29.2516
   vertex -0.723623  -5.5432  29.2516
   vertex -0.109433 -5.58916  29.2516
  endloop
 endfacet
 facet normal        0        0       -1
  outer loop
   vertex -4.52913 -4.99943  16.9549
   vertex -3.51929 -4.34342  16.9549
   vertex  -4.0001 -5.43199  16.9549
  endloop
 endfacet
 facet normal 0.371003 0.910283 0.183688
  outer loop
   vertex  2.20464  5.13715  16.9549
   vertex  2.91844  6.24967       10
   vertex  2.28168   6.5092       10
  endloop
 endfacet
 facet normal 0.337177 0.922923 0.185807
  outer loop
   vertex  2.20464  5.13715  16.9549
   vertex  2.28168   6.5092       10
   vertex  1.62613   5.3485  16.9549
  endloop
 endfacet
 facet normal        0       -0       -1
  outer loop
   vertex  1.11546 -5.47781  23.1033
   vertex  1.18113 -6.64171  23.1033
   vertex 0.503135 -6.72712  23.1033
  endloop
 endfacet
 facet normal        0        0       -1
  outer loop
   vertex  1.11546 -5.47781  23.1033
   vertex 0.503135 -6.72712  23.1033
   vertex 0.506085 -5.56728  23.1033
  endloop
 endfacet
 facet normal        0        0       -1
  outer loop
   vertex -6.63849   1.1991  23.1033
   vertex -5.46451   1.1789  23.1033
   vertex -5.56104 0.570607  23.1033
  endloop
 endfacet
 facet normal        0       -0       -1
  outer loop
   vertex -6.63849   1.1991  23.1033
   vertex -5.56104 0.570607  23.1033
   vertex -6.72574 0.521338  23.1033
  endloop
 endfacet
 facet normal        0        0        1
  outer loop
   vertex -3.02012 -4.70421     35.4
   vertex -2.54193 -3.63372     35.4
   vertex -2.97731 -3.28647     35.4
  endloop
 endfacet
 facet normal        0       -0        1
  outer loop
   vertex -3.02012 -4.70421     35.4
   vertex -2.97731 -3.28647     35.4
   vertex -3.51929 -4.34342     35.4
  endloop
 endfacet
 facet normal        0        0       -1
  outer loop
   vertex   3.7046 -5.63766  16.9549
   vertex  2.83366 -4.81882  16.9549
   vertex  3.34658 -4.47785  16.9549
  endloop
 endfacet
 facet normal        0        0       -1
  outer loop
   vertex   3.7046 -5.63766  16.9549
   vertex  3.34658 -4.47785  16.9549
   vertex  4.25595 -5.23395  16.9549
  endloop
 endfacet
 facet normal        0        0       -1
  outer loop
   vertex -4.78564  2.88935  16.9549
   vertex -5.62762  3.71984  16.9549
   vertex -5.22242   4.2701  16.9549
  endloop
 endfacet
 facet normal        0        0       -1
  outer loop
   vertex -4.78564  2.88935  16.9549
   vertex -5.22242   4.2701  16.9549
   vertex -4.43874  3.39828  16.9549
  endloop
 endfacet
 facet normal        0        0       -1
  outer loop
   vertex  4.76362 -4.77653  29.2516
   vertex  3.81886 -4.08252  29.2516
   vertex   4.2448 -3.63763  29.2516
  endloop
 endfacet
 facet normal        0        0       -1
  outer loop
   vertex  4.76362 -4.77653  29.2516
   vertex   4.2448 -3.63763  29.2516
   vertex  5.22241  -4.2701  29.2516
  endloop
 endfacet
 facet normal        0        0       -1
  outer loop
   vertex  5.22241  -4.2701  16.9549
   vertex   4.2448 -3.63763  16.9549
   vertex   4.6192 -3.14859  16.9549
  endloop
 endfacet
 facet normal        0        0       -1
  outer loop
   vertex  5.22241  -4.2701  16.9549
   vertex   4.6192 -3.14859  16.9549
   vertex  5.62762 -3.71984  16.9549
  endloop
 endfacet
 facet normal        0        0        1
  outer loop
   vertex -4.78564  2.88935     35.4
   vertex -3.78616  2.30875     35.4
   vertex -3.46694  2.76507     35.4
  endloop
 endfacet
 facet normal       -0        0        1
  outer loop
   vertex -4.78564  2.88935     35.4
   vertex -3.46694  2.76507     35.4
   vertex -4.43875  3.39828     35.4
  endloop
 endfacet
 facet normal        0        0       -1
  outer loop
   vertex  -3.7046  5.63766  23.1033
   vertex -3.11524  5.98353  23.1033
   vertex -2.56391  4.96761  23.1033
  endloop
 endfacet
 facet normal        0        0       -1
  outer loop
   vertex  -3.7046  5.63766  23.1033
   vertex -2.56391  4.96761  23.1033
   vertex -3.09482   4.6554  23.1033
  endloop
 endfacet
 facet normal        0        0        1
  outer loop
   vertex -0.812009  5.53094     35.4
   vertex -0.634467  4.38893     35.4
   vertex -0.0793853  4.43384     35.4
  endloop
 endfacet
 facet normal       -0        0        1
  outer loop
   vertex -0.812009  5.53094     35.4
   vertex -0.0793853  4.43384     35.4
   vertex -0.198632   5.5867     35.4
  endloop
 endfacet
 facet normal        0        0       -1
  outer loop
   vertex  3.11524 -5.98353  16.9549
   vertex  2.83366 -4.81882  16.9549
   vertex   3.7046 -5.63766  16.9549
  endloop
 endfacet
 facet normal        0        0       -1
  outer loop
   vertex  6.63848  -1.1991  16.9549
   vertex  6.48311 -1.86455  16.9549
   vertex  5.39127 -1.47814  16.9549
  endloop
 endfacet
 facet normal       -0        0       -1
  outer loop
   vertex  6.63848  -1.1991  16.9549
   vertex  5.39127 -1.47814  16.9549
   vertex  5.52116 -0.876086  16.9549
  endloop
 endfacet
 facet normal -0.282682 -0.463575 -0.839755
  outer loop
   vertex  5.38037  7.82312  4.25481
   vertex  2.54192  3.63372  7.52301
   vertex  2.06646  3.92365  7.52301
  endloop
 endfacet
 facet normal -0.257829 -0.482475 -0.837104
  outer loop
   vertex  5.38037  7.82312  4.25481
   vertex  2.06646  3.92365  7.52301
   vertex  3.73737  8.70112  4.25481
  endloop
 endfacet
 facet normal        0        0       -1
  outer loop
   vertex  5.57911 0.352492  16.9549
   vertex  6.74397 0.161768  16.9549
   vertex  6.72574 -0.521338  16.9549
  endloop
 endfacet
 facet normal        0        0       -1
  outer loop
   vertex  5.57911 0.352492  16.9549
   vertex  6.72574 -0.521338  16.9549
   vertex  5.58402 -0.263395  16.9549
  endloop
 endfacet
 facet normal        0        0       -1
  outer loop
   vertex  5.50647   0.9641  16.9549
   vertex    6.693 0.843214  16.9549
   vertex  6.74397 0.161768  16.9549
  endloop
 endfacet
 facet normal        0        0       -1
  outer loop
   vertex  5.50647   0.9641  16.9549
   vertex  6.74397 0.161768  16.9549
   vertex  5.57911 0.352492  16.9549
  endloop
 endfacet
 facet normal       -0        0       -1
  outer loop
   vertex  6.57336  1.51601  16.9549
   vertex  5.50647   0.9641  16.9549
   vertex  5.36699  1.56401  16.9549
  endloop
 endfacet
 facet normal        0        0       -1
  outer loop
   vertex  6.57336  1.51601  16.9549
   vertex  5.36699  1.56401  16.9549
   vertex  6.38626  2.17325  16.9549
  endloop
 endfacet
 facet normal        0        0       -1
  outer loop
   vertex  1.02788  5.49492  29.2516
   vertex  1.53379  6.56923  29.2516
   vertex  2.19052  6.38036  29.2516
  endloop
 endfacet
 facet normal        0        0       -1
  outer loop
   vertex  1.02788  5.49492  29.2516
   vertex  2.19052  6.38036  29.2516
   vertex  1.62613   5.3485  29.2516
  endloop
 endfacet
 facet normal        0        0       -1
  outer loop
   vertex  6.13363  2.80818  16.9549
   vertex  5.16236  2.14493  16.9549
   vertex  4.89507  2.69981  16.9549
  endloop
 endfacet
 facet normal       -0        0       -1
  outer loop
   vertex  6.13363  2.80818  16.9549
   vertex  4.89507  2.69981  16.9549
   vertex  5.81806   3.4143  16.9549
  endloop
 endfacet
 facet normal        0       -0       -1
  outer loop
   vertex  2.82477  6.12601  16.9549
   vertex  3.43003   5.8088  16.9549
   vertex  2.75639  4.86344  16.9549
  endloop
 endfacet
 facet normal        0        0       -1
  outer loop
   vertex  2.82477  6.12601  16.9549
   vertex  2.75639  4.86344  16.9549
   vertex  2.20464  5.13715  16.9549
  endloop
 endfacet
 facet normal        0       -0       -1
  outer loop
   vertex  3.43003   5.8088  29.2516
   vertex   4.0001  5.43199  29.2516
   vertex  3.27468  4.53069  29.2516
  endloop
 endfacet
 facet normal        0        0       -1
  outer loop
   vertex  3.43003   5.8088  29.2516
   vertex  3.27468  4.53069  29.2516
   vertex  2.75639  4.86344  29.2516
  endloop
 endfacet
 facet normal        0        0       -1
  outer loop
   vertex  3.27468  4.53069  23.1033
   vertex   4.0001  5.43199  23.1033
   vertex  4.52912  4.99943  23.1033
  endloop
 endfacet
 facet normal        0        0       -1
  outer loop
   vertex  3.27468  4.53069  23.1033
   vertex  4.52912  4.99943  23.1033
   vertex  3.75321  4.14295  23.1033
  endloop
 endfacet
 facet normal        0        0       -1
  outer loop
   vertex    6.693 0.843214  16.9549
   vertex  5.50647   0.9641  16.9549
   vertex  6.57336  1.51601  16.9549
  endloop
 endfacet
 facet normal 0.618684 0.763565 0.184928
  outer loop
   vertex   4.0001  5.43199  23.1033
   vertex  3.27468  4.53069  29.2516
   vertex  3.75321  4.14295  29.2516
  endloop
 endfacet
 facet normal 0.622124 0.760869 0.184501
  outer loop
   vertex   4.0001  5.43199  23.1033
   vertex  3.75321  4.14295  29.2516
   vertex  4.52912  4.99943  23.1033
  endloop
 endfacet
 facet normal 0.142779 -0.972527 0.183863
  outer loop
   vertex  1.44719 -6.74399       10
   vertex  1.11546 -5.47781  16.9549
   vertex 0.506085 -5.56728  16.9549
  endloop
 endfacet
 facet normal 0.158025 -0.969859 0.185475
  outer loop
   vertex  1.44719 -6.74399       10
   vertex 0.506085 -5.56728  16.9549
   vertex 0.768515 -6.85457       10
  endloop
 endfacet
 facet normal -0.868302 0.460981 0.183162
  outer loop
   vertex -6.32049  2.76173       10
   vertex -5.07445  2.34536  16.9549
   vertex -4.78564  2.88935  16.9549
  endloop
 endfacet
 facet normal -0.879609 0.437791 0.186083
  outer loop
   vertex -6.32049  2.76173       10
   vertex -4.78564  2.88935  16.9549
   vertex  -6.0141  3.37732       10
  endloop
 endfacet
 facet normal        0        0        1
  outer loop
   vertex -1.02577 -4.31429     35.4
   vertex -1.32903 -5.42995     35.4
   vertex -0.723623  -5.5432     35.4
  endloop
 endfacet
 facet normal        0        0        1
  outer loop
   vertex -1.02577 -4.31429     35.4
   vertex -0.723623  -5.5432     35.4
   vertex -0.476953 -4.40883     35.4
  endloop
 endfacet
 facet normal -0.74672 0.639911  0.18145
  outer loop
   vertex -5.64794  3.95935       10
   vertex -4.43874  3.39828  16.9549
   vertex -4.03797  3.86595  16.9549
  endloop
 endfacet
 facet normal -0.775202  0.60323 0.187551
  outer loop
   vertex -5.64794  3.95935       10
   vertex -4.03797  3.86595  16.9549
   vertex -5.22565  4.50203       10
  endloop
 endfacet
 facet normal        0        0       -1
  outer loop
   vertex  5.44279  3.98539  16.9549
   vertex  4.56836  3.22192  16.9549
   vertex  4.18619  3.70493  16.9549
  endloop
 endfacet
 facet normal       -0        0       -1
  outer loop
   vertex  5.44279  3.98539  16.9549
   vertex  4.18619  3.70493  16.9549
   vertex  5.01167  4.51558  16.9549
  endloop
 endfacet
 facet normal 0.019246 0.982967 0.182773
  outer loop
   vertex -0.42589  6.88436       10
   vertex -0.198631   5.5867  16.9549
   vertex 0.417158  5.57465  16.9549
  endloop
 endfacet
 facet normal -0.0117095 0.982401 0.186419
  outer loop
   vertex -0.42589  6.88436       10
   vertex 0.417158  5.57465  16.9549
   vertex 0.261687  6.89255       10
  endloop
 endfacet
 facet normal -0.58408 -0.790492 0.184319
  outer loop
   vertex -3.51929 -4.34342  16.9549
   vertex -4.37035 -5.33627       10
   vertex -3.81732  -5.7449       10
  endloop
 endfacet
 facet normal -0.575656 -0.796452 0.185159
  outer loop
   vertex -3.51929 -4.34342  16.9549
   vertex -3.81732  -5.7449       10
   vertex -3.02012 -4.70421  16.9549
  endloop
 endfacet
 facet normal -0.659834 -0.728353 0.184719
  outer loop
   vertex -3.97574 -3.92991  16.9549
   vertex -4.87996  -4.8746       10
   vertex -4.37035 -5.33627       10
  endloop
 endfacet
 facet normal -0.659835 -0.728352 0.184718
  outer loop
   vertex -3.97574 -3.92991  16.9549
   vertex -4.37035 -5.33627       10
   vertex -3.51929 -4.34342  16.9549
  endloop
 endfacet
 facet normal  0.93535 -0.301904 0.184319
  outer loop
   vertex  6.45029 -2.44325       10
   vertex  6.66151 -1.78886       10
   vertex  5.39127 -1.47814  16.9549
  endloop
 endfacet
 facet normal  0.93198 -0.311657 0.185159
  outer loop
   vertex  6.45029 -2.44325       10
   vertex  5.39127 -1.47814  16.9549
   vertex  5.19594 -2.06225  16.9549
  endloop
 endfacet
 facet normal -0.899849 -0.436202        0
  outer loop
   vertex -11.4036 -6.57788  2.62181
   vertex -12.8976 -3.49588  2.55481
   vertex -12.8976 -3.49588  2.31081
  endloop
 endfacet
 facet normal -0.899849 -0.436202       -0
  outer loop
   vertex -11.4036 -6.57788  2.62181
   vertex -12.8976 -3.49588  2.31081
   vertex -11.4036 -6.57788  2.42681
  endloop
 endfacet
 facet normal 0.459779 0.868788 0.183878
  outer loop
   vertex  2.75639  4.86344  16.9549
   vertex  3.52621  5.92803       10
   vertex  2.91844  6.24967       10
  endloop
 endfacet
 facet normal 0.436675  0.88026 0.185626
  outer loop
   vertex  2.75639  4.86344  16.9549
   vertex  2.91844  6.24967       10
   vertex  2.20464  5.13715  16.9549
  endloop
 endfacet
 facet normal -0.97383 -0.133844 0.183688
  outer loop
   vertex -5.55122 -0.659297  16.9549
   vertex  -6.8716 -0.597388       10
   vertex -6.77797 -1.27861       10
  endloop
 endfacet
 facet normal -0.967863 -0.169458 0.185807
  outer loop
   vertex -5.55122 -0.659297  16.9549
   vertex -6.77797 -1.27861       10
   vertex   -5.445 -1.26598  16.9549
  endloop
 endfacet
 facet normal -0.955683 -0.230144 0.183583
  outer loop
   vertex   -5.445 -1.26598  16.9549
   vertex -6.77797 -1.27861       10
   vertex -6.61698 -1.94712       10
  endloop
 endfacet
 facet normal -0.943333 -0.274899 0.185885
  outer loop
   vertex   -5.445 -1.26598  16.9549
   vertex -6.61698 -1.94712       10
   vertex -5.27269 -1.85729  16.9549
  endloop
 endfacet
 facet normal 0.183282 0.965771 0.183562
  outer loop
   vertex  1.02788  5.49492  16.9549
   vertex  1.62223  6.70404       10
   vertex 0.946663  6.83224       10
  endloop
 endfacet
 facet normal 0.780768 -0.597752 0.181917
  outer loop
   vertex  5.83828  -3.6729       10
   vertex   4.6192 -3.14859  16.9549
   vertex   4.2448 -3.63763  16.9549
  endloop
 endfacet
 facet normal 0.804369 -0.563883 0.187153
  outer loop
   vertex  5.83828  -3.6729       10
   vertex   4.2448 -3.63763  16.9549
   vertex  5.44356 -4.23596       10
  endloop
 endfacet
 facet normal -0.480342 0.857563 0.184004
  outer loop
   vertex -2.56391  4.96761  16.9549
   vertex -3.06657  6.17834       10
   vertex  -3.6665  5.84231       10
  endloop
 endfacet
 facet normal -0.498099 0.847047 0.185496
  outer loop
   vertex -2.56391  4.96761  16.9549
   vertex  -3.6665  5.84231       10
   vertex -3.09482   4.6554  16.9549
  endloop
 endfacet
 facet normal -0.392546 0.901074 0.184319
  outer loop
   vertex -2.00187  5.21951  16.9549
   vertex -2.43617  6.45297       10
   vertex -3.06657  6.17834       10
  endloop
 endfacet
 facet normal -0.401919 0.896759 0.185159
  outer loop
   vertex -2.00187  5.21951  16.9549
   vertex -3.06657  6.17834       10
   vertex -2.56391  4.96761  16.9549
  endloop
 endfacet
 facet normal 0.923867 0.382714        0
  outer loop
   vertex  11.2774  3.90312 -7.66119
   vertex  11.6204  3.07512 -7.64819
   vertex  11.6204  3.07512 -8.04519
  endloop
 endfacet
 facet normal 0.923867 0.382714        0
  outer loop
   vertex  11.2774  3.90312 -7.66119
   vertex  11.6204  3.07512 -8.04519
   vertex  11.2774  3.90312 -8.04519
  endloop
 endfacet
 facet normal 0.982984 0.0078457 0.183526
  outer loop
   vertex  5.57911 0.352492  16.9549
   vertex  5.58402 -0.263395  16.9549
   vertex  6.88388 -0.433443       10
  endloop
 endfacet
 facet normal  0.98251 -0.0127889 0.185769
  outer loop
   vertex  5.57911 0.352492  16.9549
   vertex  6.88388 -0.433443       10
   vertex  6.89283 0.254125       10
  endloop
 endfacet
 facet normal 0.841651 -0.50815 0.182774
  outer loop
   vertex  6.17497 -3.07335       10
   vertex  4.93754 -2.62133  16.9549
   vertex   4.6192 -3.14859  16.9549
  endloop
 endfacet
 facet normal 0.856638 -0.48106 0.186419
  outer loop
   vertex  6.17497 -3.07335       10
   vertex   4.6192 -3.14859  16.9549
   vertex  5.83828  -3.6729       10
  endloop
 endfacet
 facet normal 0.127284 0.975041 0.181917
  outer loop
   vertex 0.261687  6.89255       10
   vertex 0.417158  5.57465  16.9549
   vertex  1.02788  5.49492  16.9549
  endloop
 endfacet
 facet normal 0.086153 0.978546 0.187153
  outer loop
   vertex 0.261687  6.89255       10
   vertex  1.02788  5.49492  16.9549
   vertex 0.946663  6.83224       10
  endloop
 endfacet
 facet normal -0.711833 0.677937 0.183562
  outer loop
   vertex -4.03797  3.86595  16.9549
   vertex -4.75143  4.99997       10
   vertex -5.22565  4.50203       10
  endloop
 endfacet
 facet normal        0        0       -1
  outer loop
   vertex -6.13363 -2.80818  16.9549
   vertex -6.38626 -2.17325  16.9549
   vertex -5.27269 -1.85729  16.9549
  endloop
 endfacet
 facet normal        0        0       -1
  outer loop
   vertex -6.13363 -2.80818  16.9549
   vertex -5.27269 -1.85729  16.9549
   vertex -5.03637 -2.42605  16.9549
  endloop
 endfacet
 facet normal 0.885234 0.426423 0.185808
  outer loop
   vertex  4.89507  2.69981  16.9549
   vertex  5.16236  2.14493  16.9549
   vertex  6.25287  2.91159       10
  endloop
 endfacet
 facet normal 0.869324 0.458841 0.183689
  outer loop
   vertex  4.89507  2.69981  16.9549
   vertex  6.25287  2.91159       10
   vertex   5.9319   3.5197       10
  endloop
 endfacet
 facet normal 0.707106 0.707107        0
  outer loop
   vertex  9.01237  7.82612 -7.73219
   vertex  9.50737  7.33112 -7.66819
   vertex  9.50737  7.33112 -8.04519
  endloop
 endfacet
 facet normal 0.707106 0.707107        0
  outer loop
   vertex  9.01237  7.82612 -7.73219
   vertex  9.50737  7.33112 -8.04519
   vertex  9.01237  7.82612 -8.04519
  endloop
 endfacet
 facet normal -0.913622 0.362614 0.183863
  outer loop
   vertex -6.56406  2.11869       10
   vertex -5.30166  1.77289  16.9549
   vertex -5.07445  2.34536  16.9549
  endloop
 endfacet
 facet normal -0.918936 0.348075 0.185475
  outer loop
   vertex -6.56406  2.11869       10
   vertex -5.07445  2.34536  16.9549
   vertex -6.32049  2.76173       10
  endloop
 endfacet
 facet normal  0.34713 -0.919487 0.184508
  outer loop
   vertex  1.71129 -5.32186  16.9549
   vertex  2.11148 -6.56638       10
   vertex  2.75479 -6.32352       10
  endloop
 endfacet
 facet normal 0.351923 -0.917575 0.184952
  outer loop
   vertex  1.71129 -5.32186  16.9549
   vertex  2.75479 -6.32352       10
   vertex  2.28636  -5.1013  16.9549
  endloop
 endfacet
 facet normal -0.94786 0.259878 0.184459
  outer loop
   vertex  -6.7424  1.45459       10
   vertex -5.46451   1.1789  16.9549
   vertex -5.30166  1.77289  16.9549
  endloop
 endfacet
 facet normal -0.949122 0.254875  0.18495
  outer loop
   vertex  -6.7424  1.45459       10
   vertex -5.30166  1.77289  16.9549
   vertex -6.56406  2.11869       10
  endloop
 endfacet
 facet normal 0.543968  0.81865 0.184151
  outer loop
   vertex  3.27468  4.53069  16.9549
   vertex  4.09893  5.54748       10
   vertex  3.52621  5.92803       10
  endloop
 endfacet
 facet normal 0.530889 0.826925 0.185341
  outer loop
   vertex  3.27468  4.53069  16.9549
   vertex  3.52621  5.92803       10
   vertex  2.75639  4.86344  16.9549
  endloop
 endfacet
 facet normal -0.812444 0.553787 0.182358
  outer loop
   vertex  -6.0141  3.37732       10
   vertex -4.78564  2.88935  16.9549
   vertex -4.43874  3.39828  16.9549
  endloop
 endfacet
 facet normal -0.831537 0.523126 0.186776
  outer loop
   vertex  -6.0141  3.37732       10
   vertex -4.43874  3.39828  16.9549
   vertex -5.64794  3.95935       10
  endloop
 endfacet
 facet normal 0.926757 0.326447 0.185885
  outer loop
   vertex  5.16236  2.14493  16.9549
   vertex  5.36699  1.56401  16.9549
   vertex   6.5117  2.27453       10
  endloop
 endfacet
 facet normal 0.910708 0.370012 0.183583
  outer loop
   vertex  5.16236  2.14493  16.9549
   vertex   6.5117  2.27453       10
   vertex  6.25287  2.91159       10
  endloop
 endfacet
 facet normal -0.928023 -0.324158 0.183562
  outer loop
   vertex -5.27269 -1.85729  16.9549
   vertex -6.61698 -1.94712       10
   vertex -6.39023 -2.59629       10
  endloop
 endfacet
 facet normal -0.640787 0.745435 0.183625
  outer loop
   vertex -3.58817  4.28669  16.9549
   vertex -4.22998  5.44821       10
   vertex -4.75143  4.99997       10
  endloop
 endfacet
 facet normal -0.671229 0.717571 0.185859
  outer loop
   vertex -3.58817  4.28669  16.9549
   vertex -4.75143  4.99997       10
   vertex -4.03797  3.86595  16.9549
  endloop
 endfacet
 facet normal -0.415909 -0.890644 0.183773
  outer loop
   vertex -2.48429  -5.0079  16.9549
   vertex -3.22634 -6.09643       10
   vertex  -2.6033 -6.38738       10
  endloop
 endfacet
 facet normal -0.387512 -0.902961  0.18573
  outer loop
   vertex -2.48429  -5.0079  16.9549
   vertex  -2.6033 -6.38738       10
   vertex  -1.9183 -5.25079  16.9549
  endloop
 endfacet
 facet normal  -0.5025 -0.84477 0.184004
  outer loop
   vertex -3.02012 -4.70421  16.9549
   vertex -3.81732  -5.7449       10
   vertex -3.22634 -6.09643       10
  endloop
 endfacet
 facet normal -0.484515 -0.85489 0.185496
  outer loop
   vertex -3.02012 -4.70421  16.9549
   vertex -3.22634 -6.09643       10
   vertex -2.48429  -5.0079  16.9549
  endloop
 endfacet
 facet normal -0.736031 -0.651412 0.184174
  outer loop
   vertex -4.87996  -4.8746       10
   vertex -3.97574 -3.92991  16.9549
   vertex -4.38394 -3.46869  16.9549
  endloop
 endfacet
 facet normal -0.729009 -0.658974 0.185202
  outer loop
   vertex -4.87996  -4.8746       10
   vertex -4.38394 -3.46869  16.9549
   vertex -5.34106 -4.36449       10
  endloop
 endfacet
 facet normal -0.580669  0.79301  0.18428
  outer loop
   vertex -3.09482   4.6554  29.2516
   vertex  -3.7046  5.63766  23.1033
   vertex -4.25595  5.23395  23.1033
  endloop
 endfacet
 facet normal -0.588294 0.787161  0.18517
  outer loop
   vertex -3.09482   4.6554  29.2516
   vertex -4.25595  5.23395  23.1033
   vertex -3.58817  4.28669  29.2516
  endloop
 endfacet
 facet normal  0.99145 0.130484        0
  outer loop
   vertex  12.0354 -0.0788777 -7.59819
   vertex  11.9184 0.810122 -7.53319
   vertex  11.9184 0.810122 -6.23719
  endloop
 endfacet
 facet normal  0.99145 0.130484       -0
  outer loop
   vertex  12.0354 -0.0788777 -7.59819
   vertex  11.9184 0.810122 -6.23719
   vertex  12.0354 -0.0788777 -6.23719
  endloop
 endfacet
 facet normal -0.860897 -0.474816 0.182773
  outer loop
   vertex -5.74908 -3.81101       10
   vertex -4.73891 -2.96537  16.9549
   vertex -5.03637 -2.42605  16.9549
  endloop
 endfacet
 facet normal -0.84493 -0.50134 0.186419
  outer loop
   vertex -5.74908 -3.81101       10
   vertex -5.03637 -2.42605  16.9549
   vertex -6.09997 -3.21965       10
  endloop
 endfacet
 facet normal 0.957767 0.222683 0.181918
  outer loop
   vertex  5.36699  1.56401  16.9549
   vertex  5.50647   0.9641  16.9549
   vertex  6.83328 0.939166       10
  endloop
 endfacet
 facet normal 0.965305 0.182097 0.187153
  outer loop
   vertex  5.36699  1.56401  16.9549
   vertex  6.83328 0.939166       10
   vertex  6.70581  1.61487       10
  endloop
 endfacet
 facet normal -0.231194 -0.955434 0.183562
  outer loop
   vertex -1.32903 -5.42995  16.9549
   vertex -1.95438 -6.61484       10
   vertex -1.28605 -6.77656       10
  endloop
 endfacet
 facet normal 0.278531 0.942718 0.183583
  outer loop
   vertex  1.62613   5.3485  16.9549
   vertex  2.28168   6.5092       10
   vertex  1.62223  6.70404       10
  endloop
 endfacet
 facet normal 0.233597   0.9544 0.185885
  outer loop
   vertex  1.62613   5.3485  16.9549
   vertex  1.62223  6.70404       10
   vertex  1.02788  5.49492  16.9549
  endloop
 endfacet
 facet normal        0        0        1
  outer loop
   vertex -5.27269 -1.85729     35.4
   vertex -4.19231 -1.44563     35.4
   vertex -4.34044 -0.908796     35.4
  endloop
 endfacet
 facet normal        0       -0        1
  outer loop
   vertex -5.27269 -1.85729     35.4
   vertex -4.34044 -0.908796     35.4
   vertex   -5.445 -1.26598     35.4
  endloop
 endfacet
 facet normal -0.982282 -0.0362137 0.183878
  outer loop
   vertex -5.59006 -0.0446158  16.9549
   vertex -6.89693 0.0897709       10
   vertex  -6.8716 -0.597388       10
  endloop
 endfacet
 facet normal -0.980665 -0.0619591 0.185626
  outer loop
   vertex -5.59006 -0.0446158  16.9549
   vertex  -6.8716 -0.597388       10
   vertex -5.55122 -0.659297  16.9549
  endloop
 endfacet
 facet normal -0.969865  0.15912 0.184508
  outer loop
   vertex -5.46451   1.1789  16.9549
   vertex  -6.7424  1.45459       10
   vertex -6.85372 0.776037       10
  endloop
 endfacet
 facet normal -0.970604 0.154014 0.184952
  outer loop
   vertex -5.46451   1.1789  16.9549
   vertex -6.85372 0.776037       10
   vertex -5.56104 0.570607  16.9549
  endloop
 endfacet
 facet normal  0.69899 0.690932 0.184459
  outer loop
   vertex  4.52912  4.99943  23.1033
   vertex  3.75321  4.14295  29.2516
   vertex  4.18619  3.70493  29.2516
  endloop
 endfacet
 facet normal  0.69585 0.693971 0.184924
  outer loop
   vertex  4.52912  4.99943  23.1033
   vertex  4.18619  3.70493  29.2516
   vertex  5.01167  4.51558  23.1033
  endloop
 endfacet
 facet normal 0.436988 -0.880415 0.184151
  outer loop
   vertex  2.28636  -5.1013  16.9549
   vertex  2.75479 -6.32352       10
   vertex  3.37072  -6.0178       10
  endloop
 endfacet
 facet normal 0.450694 -0.873226 0.185341
  outer loop
   vertex  2.28636  -5.1013  16.9549
   vertex  3.37072  -6.0178       10
   vertex  2.83366 -4.81882  16.9549
  endloop
 endfacet
 facet normal 0.522503 -0.832574 0.183878
  outer loop
   vertex  2.83366 -4.81882  16.9549
   vertex  3.37072  -6.0178       10
   vertex  3.95315 -5.65228       10
  endloop
 endfacet
 facet normal 0.543991 -0.818301 0.185626
  outer loop
   vertex  2.83366 -4.81882  16.9549
   vertex  3.95315 -5.65228       10
   vertex  3.34658 -4.47785  16.9549
  endloop
 endfacet
 facet normal -0.0733719 -0.980491 0.182358
  outer loop
   vertex 0.0822014 -6.89703       10
   vertex -0.109433 -5.58916  16.9549
   vertex -0.723622  -5.5432  16.9549
  endloop
 endfacet
 facet normal -0.0372706 -0.981695 0.186776
  outer loop
   vertex 0.0822014 -6.89703       10
   vertex -0.723622  -5.5432  16.9549
   vertex -0.604929 -6.87094       10
  endloop
 endfacet
 facet normal  0.74474 -0.641612 0.183562
  outer loop
   vertex   4.2448 -3.63763  16.9549
   vertex  4.99475 -4.75691       10
   vertex  5.44356 -4.23596       10
  endloop
 endfacet
 facet normal 0.220906 -0.957842  0.18368
  outer loop
   vertex  1.11546 -5.47781     35.4
   vertex  1.18113 -6.64171  29.2516
   vertex    1.847 -6.48814  29.2516
  endloop
 endfacet
 facet normal 0.248805 -0.950565 0.185803
  outer loop
   vertex  1.11546 -5.47781     35.4
   vertex    1.847 -6.48814  29.2516
   vertex  1.71129 -5.32186     35.4
  endloop
 endfacet
 facet normal 0.892316 -0.412419 0.183526
  outer loop
   vertex  6.45029 -2.44325       10
   vertex  5.19594 -2.06225  16.9549
   vertex  4.93754 -2.62133  16.9549
  endloop
 endfacet
 facet normal 0.900392 -0.393426 0.185769
  outer loop
   vertex  6.45029 -2.44325       10
   vertex  4.93754 -2.62133  16.9549
   vertex  6.17497 -3.07335       10
  endloop
 endfacet
 facet normal 0.943027 0.277496 0.183562
  outer loop
   vertex  6.70581  1.61487       10
   vertex   6.5117  2.27453       10
   vertex  5.36699  1.56401  16.9549
  endloop
 endfacet
 facet normal  0.69899 0.690932 0.184459
  outer loop
   vertex  4.63091  5.11179       10
   vertex  3.75321  4.14295  16.9549
   vertex  4.18619  3.70493  16.9549
  endloop
 endfacet
 facet normal 0.695289 0.694527  0.18495
  outer loop
   vertex  4.63091  5.11179       10
   vertex  4.18619  3.70493  16.9549
   vertex  5.11687   4.6253       10
  endloop
 endfacet
 facet normal -0.741106 0.671388 -3.16916e-08
  outer loop
   vertex  3.46693 -2.76507  7.52301
   vertex  3.09304 -3.17779  7.52301
   vertex  3.09304 -3.17779     35.4
  endloop
 endfacet
 facet normal -0.741105 0.671389 -2.53533e-08
  outer loop
   vertex  3.46693 -2.76507  7.52301
   vertex  3.09304 -3.17779     35.4
   vertex  3.46693 -2.76507     35.4
  endloop
 endfacet
 facet normal  0.97288 -0.231312 3.32823e-08
  outer loop
   vertex -4.37019 0.752843  7.52301
   vertex -4.24137  1.29464  7.52301
   vertex -4.24137  1.29464     35.4
  endloop
 endfacet
 facet normal  0.97288 -0.231312 3.32823e-08
  outer loop
   vertex -4.37019 0.752843  7.52301
   vertex -4.24137  1.29464     35.4
   vertex -4.37019 0.752843     35.4
  endloop
 endfacet
 facet normal -0.291942 -0.956436 -7.49053e-09
  outer loop
   vertex  1.02576  4.31429  7.52301
   vertex   1.5584  4.15171  7.52301
   vertex   1.5584  4.15171     35.4
  endloop
 endfacet
 facet normal -0.291942 -0.956436 -7.49053e-09
  outer loop
   vertex  1.02576  4.31429  7.52301
   vertex   1.5584  4.15171     35.4
   vertex  1.02576  4.31429     35.4
  endloop
 endfacet
 facet normal 0.707106 0.707107        0
  outer loop
   vertex  9.50737  7.33112 -7.06719
   vertex  9.01237  7.82612 -6.96419
   vertex  9.01237  7.82612 -6.23719
  endloop
 endfacet
 facet normal 0.707106 0.707107       -0
  outer loop
   vertex  9.50737  7.33112 -7.06719
   vertex  9.01237  7.82612 -6.23719
   vertex  9.50737  7.33112 -6.23719
  endloop
 endfacet
 facet normal   0.3888 0.378431 -0.840015
  outer loop
   vertex -6.61963 -6.79888  4.25481
   vertex -3.36574  -2.8874  7.52301
   vertex -2.97731 -3.28647  7.52301
  endloop
 endfacet
 facet normal 0.494013 0.0882942 -0.86496
  outer loop
   vertex  11.6204  3.07512 -1.72819
   vertex  12.7934  3.38912 -1.02619
   vertex  13.2504 -0.0788777 -1.11919
  endloop
 endfacet
 facet normal 0.497686 0.0906465 -0.862608
  outer loop
   vertex  11.6204  3.07512 -1.72819
   vertex  13.2504 -0.0788777 -1.11919
   vertex  12.0354 -0.0788777 -1.82019
  endloop
 endfacet
 facet normal 0.220814 0.491923 -0.842172
  outer loop
   vertex -3.53663 -8.85888  4.25481
   vertex -2.06646 -3.92365  7.52301
   vertex  -1.5584 -4.15171  7.52301
  endloop
 endfacet
 facet normal 0.0911617 0.529184 -0.843596
  outer loop
   vertex -1.75363 -9.39888  4.25481
   vertex -1.02576 -4.31429  7.52301
   vertex -0.476953 -4.40883  7.52301
  endloop
 endfacet
 facet normal -0.109442 0.522698 -0.845464
  outer loop
   vertex  1.95437 -9.39888  4.25481
   vertex 0.634463 -4.38893  7.52301
   vertex  1.17954 -4.27481  7.52301
  endloop
 endfacet
 facet normal -0.846474 0.499834 0.183434
  outer loop
   vertex -4.78564  2.88935  29.2516
   vertex -5.62762  3.71984  23.1033
   vertex -5.97508  3.13142  23.1033
  endloop
 endfacet
 facet normal -0.867827 0.460728 0.186026
  outer loop
   vertex -4.78564  2.88935  29.2516
   vertex -5.97508  3.13142  23.1033
   vertex -5.07445  2.34536  29.2516
  endloop
 endfacet
 facet normal -0.330797 -0.943702        0
  outer loop
   vertex  -2.6033 -6.38738    7.523
   vertex -1.95438 -6.61484    7.523
   vertex -1.95438 -6.61484       10
  endloop
 endfacet
 facet normal -0.330797 -0.943702        0
  outer loop
   vertex  -2.6033 -6.38738    7.523
   vertex -1.95438 -6.61484       10
   vertex  -2.6033 -6.38738       10
  endloop
 endfacet
 facet normal 0.436202 0.899849       -0
  outer loop
   vertex  3.26637  12.6691 -7.26019
   vertex  3.26637  12.6691 -7.01619
   vertex  6.34837  11.1751 -7.13319
  endloop
 endfacet
 facet normal 0.436202 0.899849        0
  outer loop
   vertex  3.26637  12.6691 -7.26019
   vertex  6.34837  11.1751 -7.13319
   vertex  6.34837  11.1751 -7.32819
  endloop
 endfacet
 facet normal -0.293205 0.444236 -0.846573
  outer loop
   vertex  5.38037 -7.97988  4.25481
   vertex  2.20558 -3.84716  7.52301
   vertex  2.67037  -3.5404  7.52301
  endloop
 endfacet
 facet normal 0.179543 -0.52067 -0.834666
  outer loop
   vertex -1.17954  4.27481  7.52301
   vertex -1.70602  4.09326  7.52301
   vertex -3.53663  8.70112  4.25481
  endloop
 endfacet
 facet normal 0.160655 -0.529478 -0.832972
  outer loop
   vertex -1.17954  4.27481  7.52301
   vertex -3.53663  8.70112  4.25481
   vertex -1.75363  9.24212  4.25481
  endloop
 endfacet
 facet normal  -0.4986 0.187156 -0.846387
  outer loop
   vertex  8.88037 -3.71588  4.25481
   vertex  4.04566 -1.81601  7.52301
   vertex  4.24137 -1.29464  7.52301
  endloop
 endfacet
 facet normal        0        0       -1
  outer loop
   vertex  5.81806   3.4143  29.2516
   vertex  4.89507  2.69981  29.2516
   vertex  4.56836  3.22192  29.2516
  endloop
 endfacet
 facet normal       -0        0       -1
  outer loop
   vertex  5.81806   3.4143  29.2516
   vertex  4.56836  3.22192  29.2516
   vertex  5.44279  3.98539  29.2516
  endloop
 endfacet
 facet normal -0.533909 -0.00955881 -0.845488
  outer loop
   vertex  9.60337 -0.0788777  4.25481
   vertex  4.43008 -0.199177  7.52301
   vertex  4.42011  0.35763  7.52301
  endloop
 endfacet
 facet normal -2.87435e-07 3.97119e-07       -1
  outer loop
   vertex  11.9184 -0.124822 -8.04519
   vertex  11.6319 -2.73369 -8.04519
   vertex  9.42037 -1.93288 -8.04519
  endloop
 endfacet
 facet normal       -0        0       -1
  outer loop
   vertex  11.9184 -0.124822 -8.04519
   vertex  9.42037 -1.93288 -8.04519
   vertex  9.60337 -0.0788777 -8.04519
  endloop
 endfacet
 facet normal        0        0       -1
  outer loop
   vertex -3.43004  -5.8088  23.1033
   vertex -3.02012 -4.70421  23.1033
   vertex -2.48429  -5.0079  23.1033
  endloop
 endfacet
 facet normal        0        0       -1
  outer loop
   vertex -3.43004  -5.8088  23.1033
   vertex -2.48429  -5.0079  23.1033
   vertex -2.82477 -6.12601  23.1033
  endloop
 endfacet
 facet normal -0.657956  0.73024 0.183966
  outer loop
   vertex -3.58817  4.28669     35.4
   vertex -4.25595  5.23395  29.2516
   vertex -4.76362  4.77653  29.2516
  endloop
 endfacet
 facet normal -0.671275 0.717619 0.185507
  outer loop
   vertex -3.58817  4.28669     35.4
   vertex -4.76362  4.77653  29.2516
   vertex -4.03797  3.86595     35.4
  endloop
 endfacet
 facet normal 0.761102 0.621942 0.184151
  outer loop
   vertex  5.55197  4.09284       10
   vertex  5.11687   4.6253       10
   vertex  4.18619  3.70493  16.9549
  endloop
 endfacet
 facet normal 0.770626 0.609741 0.185341
  outer loop
   vertex  5.55197  4.09284       10
   vertex  4.18619  3.70493  16.9549
   vertex  4.56836  3.22192  16.9549
  endloop
 endfacet
 facet normal -0.580669  0.79301  0.18428
  outer loop
   vertex -3.09482   4.6554  23.1033
   vertex  -3.7046  5.63766  16.9549
   vertex -4.25595  5.23395  16.9549
  endloop
 endfacet
 facet normal -0.588294 0.787161  0.18517
  outer loop
   vertex -3.09482   4.6554  23.1033
   vertex -4.25595  5.23395  16.9549
   vertex -3.58817  4.28669  23.1033
  endloop
 endfacet
 facet normal        0        0       -1
  outer loop
   vertex  -3.7046  5.63766  16.9549
   vertex -3.11524  5.98353  16.9549
   vertex -2.56391  4.96761  16.9549
  endloop
 endfacet
 facet normal        0        0       -1
  outer loop
   vertex  -3.7046  5.63766  16.9549
   vertex -2.56391  4.96761  16.9549
   vertex -3.09482   4.6554  16.9549
  endloop
 endfacet
 facet normal -0.196124 0.963128 0.184174
  outer loop
   vertex -1.78155  6.66347       10
   vertex -1.41553  5.40805  16.9549
   vertex -0.812008  5.53094  16.9549
  endloop
 endfacet
 facet normal -0.206184 0.960827 0.185202
  outer loop
   vertex -1.78155  6.66347       10
   vertex -0.812008  5.53094  16.9549
   vertex -1.10923  6.80774       10
  endloop
 endfacet
 facet normal  0.02357 -0.982604 0.184212
  outer loop
   vertex -0.109434 -5.58916     35.4
   vertex -0.180018 -6.74351  29.2516
   vertex 0.503135 -6.72712  29.2516
  endloop
 endfacet
 facet normal 0.0349163 -0.982072 0.185244
  outer loop
   vertex -0.109434 -5.58916     35.4
   vertex 0.503135 -6.72712  29.2516
   vertex 0.506084 -5.56728     35.4
  endloop
 endfacet
 facet normal -0.180719 -0.966102 0.184356
  outer loop
   vertex -0.861324  -6.6907  16.9549
   vertex -0.723623  -5.5432  23.1033
   vertex -1.32903 -5.42995  23.1033
  endloop
 endfacet
 facet normal -0.174682 -0.967086 0.185017
  outer loop
   vertex -0.861324  -6.6907  16.9549
   vertex -1.32903 -5.42995  23.1033
   vertex -1.53379 -6.56923  16.9549
  endloop
 endfacet
 facet normal 0.762602 0.620104 0.184147
  outer loop
   vertex  5.44279  3.98539  29.2516
   vertex  5.01167  4.51558  29.2516
   vertex  4.18619  3.70493     35.4
  endloop
 endfacet
 facet normal  0.77063 0.609744 0.185315
  outer loop
   vertex  5.44279  3.98539  29.2516
   vertex  4.18619  3.70493     35.4
   vertex  4.56836  3.22192     35.4
  endloop
 endfacet
 facet normal -0.300854  0.93561 0.184719
  outer loop
   vertex -1.41553  5.40805  16.9549
   vertex -1.78155  6.66347       10
   vertex -2.43617  6.45297       10
  endloop
 endfacet
 facet normal -0.300854  0.93561 0.184719
  outer loop
   vertex -1.41553  5.40805  16.9549
   vertex -2.43617  6.45297       10
   vertex -2.00187  5.21951  16.9549
  endloop
 endfacet
 facet normal -0.0759548 -0.979878  0.18458
  outer loop
   vertex -0.723623  -5.5432  29.2516
   vertex -0.861324  -6.6907  23.1033
   vertex -0.180018 -6.74351  23.1033
  endloop
 endfacet
 facet normal -0.0733373 -0.980028 0.184841
  outer loop
   vertex -0.723623  -5.5432  29.2516
   vertex -0.180018 -6.74351  23.1033
   vertex -0.109433 -5.58916  29.2516
  endloop
 endfacet
 facet normal 0.932142 -0.311711 0.184249
  outer loop
   vertex  5.39127 -1.47814  23.1033
   vertex  5.19594 -2.06225  23.1033
   vertex  6.26122 -2.51087  16.9549
  endloop
 endfacet
 facet normal 0.929465 -0.319106 0.185112
  outer loop
   vertex  5.39127 -1.47814  23.1033
   vertex  6.26122 -2.51087  16.9549
   vertex  6.48311 -1.86455  16.9549
  endloop
 endfacet
 facet normal -0.803324 -0.566559 0.183526
  outer loop
   vertex -5.34106 -4.36449       10
   vertex -4.38394 -3.46869  16.9549
   vertex -4.73891 -2.96537  16.9549
  endloop
 endfacet
 facet normal -0.790913 -0.58305 0.185769
  outer loop
   vertex -5.34106 -4.36449       10
   vertex -4.73891 -2.96537  16.9549
   vertex -5.74908 -3.81101       10
  endloop
 endfacet
 facet normal -0.500135 -0.865947        0
  outer loop
   vertex -6.95363 -10.0869  3.00481
   vertex -6.95363 -10.0869  4.04381
   vertex -7.55963 -9.73688  4.25481
  endloop
 endfacet
 facet normal -0.500135 -0.865947        0
  outer loop
   vertex -6.95363 -10.0869  3.00481
   vertex -7.55963 -9.73688  4.25481
   vertex -7.55963 -9.73688  2.96281
  endloop
 endfacet
 facet normal -0.0890153 0.979215 0.182249
  outer loop
   vertex -1.18113  6.64171  29.2516
   vertex -0.812009  5.53094     35.4
   vertex -0.198632   5.5867     35.4
  endloop
 endfacet
 facet normal -0.122795  0.97468 0.186869
  outer loop
   vertex -1.18113  6.64171  29.2516
   vertex -0.198632   5.5867     35.4
   vertex -0.503139  6.72712  29.2516
  endloop
 endfacet
 facet normal        0        0       -1
  outer loop
   vertex  5.44279  3.98539  23.1033
   vertex  4.56836  3.22192  23.1033
   vertex  4.18619  3.70493  23.1033
  endloop
 endfacet
 facet normal       -0        0       -1
  outer loop
   vertex  5.44279  3.98539  23.1033
   vertex  4.18619  3.70493  23.1033
   vertex  5.01167  4.51558  23.1033
  endloop
 endfacet
 facet normal 0.976543  0.11598 0.181417
  outer loop
   vertex  5.50647   0.9641  29.2516
   vertex  5.57911 0.352492  29.2516
   vertex  6.74397 0.161768  23.1033
  endloop
 endfacet
 facet normal 0.979512 0.0732596  0.18759
  outer loop
   vertex  5.50647   0.9641  29.2516
   vertex  6.74397 0.161768  23.1033
   vertex    6.693 0.843214  23.1033
  endloop
 endfacet
 facet normal        0        0        1
  outer loop
   vertex  5.19594 -2.06225     35.4
   vertex  4.04566 -1.81601     35.4
   vertex  3.78615 -2.30875     35.4
  endloop
 endfacet
 facet normal        0        0        1
  outer loop
   vertex  5.19594 -2.06225     35.4
   vertex  3.78615 -2.30875     35.4
   vertex  4.93754 -2.62133     35.4
  endloop
 endfacet
 facet normal        0        0        1
  outer loop
   vertex -3.36574  -2.8874     35.4
   vertex -4.38394 -3.46869     35.4
   vertex -3.97575 -3.92991     35.4
  endloop
 endfacet
 facet normal        0        0        1
  outer loop
   vertex -3.36574  -2.8874     35.4
   vertex -3.97575 -3.92991     35.4
   vertex -2.97731 -3.28647     35.4
  endloop
 endfacet
 facet normal -0.25864 -0.965974        0
  outer loop
   vertex -1.73863 -12.1479  4.25481
   vertex -2.41463 -11.9669  4.18881
   vertex -2.41463 -11.9669  2.92781
  endloop
 endfacet
 facet normal -0.25864 -0.965974       -0
  outer loop
   vertex -1.73863 -12.1479  4.25481
   vertex -2.41463 -11.9669  2.92781
   vertex -1.73863 -12.1479  2.86381
  endloop
 endfacet
 facet normal        0        0       -1
  outer loop
   vertex  6.13363  2.80818  23.1033
   vertex  5.16236  2.14493  23.1033
   vertex  4.89507  2.69981  23.1033
  endloop
 endfacet
 facet normal       -0        0       -1
  outer loop
   vertex  6.13363  2.80818  23.1033
   vertex  4.89507  2.69981  23.1033
   vertex  5.81806   3.4143  23.1033
  endloop
 endfacet
 facet normal  -0.7627 -0.620183  0.18347
  outer loop
   vertex -4.38394 -3.46869  29.2516
   vertex -5.44279 -3.98539  23.1033
   vertex -5.01167 -4.51558  23.1033
  endloop
 endfacet
 facet normal -0.735774 -0.651184 0.185999
  outer loop
   vertex -4.38394 -3.46869  29.2516
   vertex -5.01167 -4.51558  23.1033
   vertex -3.97575 -3.92991  29.2516
  endloop
 endfacet
 facet normal        0        0        1
  outer loop
   vertex  5.39127 -1.47814     35.4
   vertex  4.24136 -1.29464     35.4
   vertex  4.04566 -1.81601     35.4
  endloop
 endfacet
 facet normal        0        0        1
  outer loop
   vertex  5.39127 -1.47814     35.4
   vertex  4.04566 -1.81601     35.4
   vertex  5.19594 -2.06225     35.4
  endloop
 endfacet
 facet normal 0.609064 0.793121        0
  outer loop
   vertex  8.46637  8.53712 -5.96119
   vertex  8.46637  8.53712 -6.89819
   vertex  7.75537  9.08312 -6.83319
  endloop
 endfacet
 facet normal 0.609064 0.793121        0
  outer loop
   vertex  8.46637  8.53712 -5.96119
   vertex  7.75537  9.08312 -6.83319
   vertex  7.75537  9.08312 -6.23719
  endloop
 endfacet
 facet normal 0.316686 -0.930608 0.183516
  outer loop
   vertex  1.71129 -5.32186     35.4
   vertex    1.847 -6.48814  29.2516
   vertex  2.49391 -6.26799  29.2516
  endloop
 endfacet
 facet normal 0.351855 -0.917397  0.18596
  outer loop
   vertex  1.71129 -5.32186     35.4
   vertex  2.49391 -6.26799  29.2516
   vertex  2.28636  -5.1013     35.4
  endloop
 endfacet
 facet normal        0        0        1
  outer loop
   vertex  4.56836  3.22192     35.4
   vertex  4.18619  3.70493     35.4
   vertex  3.36573   2.8874     35.4
  endloop
 endfacet
 facet normal        0        0        1
  outer loop
   vertex  4.56836  3.22192     35.4
   vertex  3.36573   2.8874     35.4
   vertex  3.70108   2.4428     35.4
  endloop
 endfacet
 facet normal        0        0        1
  outer loop
   vertex 0.0793805 -4.43384     35.4
   vertex -0.109434 -5.58916     35.4
   vertex 0.506084 -5.56728     35.4
  endloop
 endfacet
 facet normal       -0        0        1
  outer loop
   vertex 0.0793805 -4.43384     35.4
   vertex 0.506084 -5.56728     35.4
   vertex 0.634463 -4.38893     35.4
  endloop
 endfacet
 facet normal        0        0       -1
  outer loop
   vertex -3.43004  -5.8088  29.2516
   vertex -3.02012 -4.70421  29.2516
   vertex -2.48429  -5.0079  29.2516
  endloop
 endfacet
 facet normal        0        0       -1
  outer loop
   vertex -3.43004  -5.8088  29.2516
   vertex -2.48429  -5.0079  29.2516
   vertex -2.82477 -6.12601  29.2516
  endloop
 endfacet
 facet normal        0        0       -1
  outer loop
   vertex -4.43874  3.39828  16.9549
   vertex -5.22242   4.2701  16.9549
   vertex -4.76362  4.77653  16.9549
  endloop
 endfacet
 facet normal        0        0       -1
  outer loop
   vertex -4.43874  3.39828  16.9549
   vertex -4.76362  4.77653  16.9549
   vertex -4.03797  3.86595  16.9549
  endloop
 endfacet
 facet normal        0       -0       -1
  outer loop
   vertex  2.28636  -5.1013  16.9549
   vertex  2.49391 -6.26799  16.9549
   vertex    1.847 -6.48814  16.9549
  endloop
 endfacet
 facet normal        0        0       -1
  outer loop
   vertex  2.28636  -5.1013  16.9549
   vertex    1.847 -6.48814  16.9549
   vertex  1.71129 -5.32186  16.9549
  endloop
 endfacet
 facet normal        0        0       -1
  outer loop
   vertex -4.03797  3.86595  23.1033
   vertex -4.76362  4.77653  23.1033
   vertex -4.25595  5.23395  23.1033
  endloop
 endfacet
 facet normal        0        0       -1
  outer loop
   vertex -4.03797  3.86595  23.1033
   vertex -4.25595  5.23395  23.1033
   vertex -3.58817  4.28669  23.1033
  endloop
 endfacet
 facet normal        0        0       -1
  outer loop
   vertex  4.25595 -5.23395  23.1033
   vertex  3.34658 -4.47785  23.1033
   vertex  3.81886 -4.08252  23.1033
  endloop
 endfacet
 facet normal        0        0       -1
  outer loop
   vertex  4.25595 -5.23395  23.1033
   vertex  3.81886 -4.08252  23.1033
   vertex  4.76362 -4.77653  23.1033
  endloop
 endfacet
 facet normal        0        0       -1
  outer loop
   vertex -6.13363 -2.80818  23.1033
   vertex -6.38626 -2.17325  23.1033
   vertex -5.27269 -1.85729  23.1033
  endloop
 endfacet
 facet normal        0        0       -1
  outer loop
   vertex -6.13363 -2.80818  23.1033
   vertex -5.27269 -1.85729  23.1033
   vertex -5.03637 -2.42605  23.1033
  endloop
 endfacet
 facet normal       -0        0       -1
  outer loop
   vertex  6.57336  1.51601  23.1033
   vertex  5.50647   0.9641  23.1033
   vertex  5.36699  1.56401  23.1033
  endloop
 endfacet
 facet normal        0        0       -1
  outer loop
   vertex  6.57336  1.51601  23.1033
   vertex  5.36699  1.56401  23.1033
   vertex  6.38626  2.17325  23.1033
  endloop
 endfacet
 facet normal        0        0       -1
  outer loop
   vertex -3.51929 -4.34342  16.9549
   vertex -4.52913 -4.99943  16.9549
   vertex -5.01167 -4.51558  16.9549
  endloop
 endfacet
 facet normal       -0        0       -1
  outer loop
   vertex -3.51929 -4.34342  16.9549
   vertex -5.01167 -4.51558  16.9549
   vertex -3.97574 -3.92991  16.9549
  endloop
 endfacet
 facet normal 0.271703 0.944726 0.183492
  outer loop
   vertex  1.62613   5.3485     35.4
   vertex  2.19052  6.38036  29.2516
   vertex  1.53379  6.56923  29.2516
  endloop
 endfacet
 facet normal 0.233593 0.954382 0.185981
  outer loop
   vertex  1.62613   5.3485     35.4
   vertex  1.53379  6.56923  29.2516
   vertex  1.02788  5.49492     35.4
  endloop
 endfacet
 facet normal        0        0        1
  outer loop
   vertex -4.43875  3.39828     35.4
   vertex -3.46694  2.76507     35.4
   vertex -3.09305  3.17779     35.4
  endloop
 endfacet
 facet normal       -0        0        1
  outer loop
   vertex -4.43875  3.39828     35.4
   vertex -3.09305  3.17779     35.4
   vertex -4.03797  3.86595     35.4
  endloop
 endfacet
 facet normal        0        0        1
  outer loop
   vertex -4.37019 0.752843     35.4
   vertex -5.46451   1.1789     35.4
   vertex -5.56104 0.570607     35.4
  endloop
 endfacet
 facet normal        0        0        1
  outer loop
   vertex -4.37019 0.752843     35.4
   vertex -5.56104 0.570607     35.4
   vertex -4.43008 0.199177     35.4
  endloop
 endfacet
 facet normal 0.707494 0.706719        0
  outer loop
   vertex  5.11687   4.6253  7.52301
   vertex  4.63091  5.11179  7.52301
   vertex  4.63091  5.11179       10
  endloop
 endfacet
 facet normal 0.707494 0.706719       -0
  outer loop
   vertex  5.11687   4.6253  7.52301
   vertex  4.63091  5.11179       10
   vertex  5.11687   4.6253       10
  endloop
 endfacet
 facet normal       -0        0       -1
  outer loop
   vertex -4.73891 -2.96537  29.2516
   vertex -5.81807  -3.4143  29.2516
   vertex -6.13363 -2.80818  29.2516
  endloop
 endfacet
 facet normal        0        0       -1
  outer loop
   vertex -4.73891 -2.96537  29.2516
   vertex -6.13363 -2.80818  29.2516
   vertex -5.03637 -2.42605  29.2516
  endloop
 endfacet
 facet normal        0        0       -1
  outer loop
   vertex  5.50647   0.9641  29.2516
   vertex    6.693 0.843214  29.2516
   vertex  6.74397 0.161768  29.2516
  endloop
 endfacet
 facet normal        0        0       -1
  outer loop
   vertex  5.50647   0.9641  29.2516
   vertex  6.74397 0.161768  29.2516
   vertex  5.57911 0.352492  29.2516
  endloop
 endfacet
 facet normal        0        0       -1
  outer loop
   vertex  5.58402 -0.263395  23.1033
   vertex  6.72574 -0.521338  23.1033
   vertex  6.63848  -1.1991  23.1033
  endloop
 endfacet
 facet normal        0       -0       -1
  outer loop
   vertex  5.58402 -0.263395  23.1033
   vertex  6.63848  -1.1991  23.1033
   vertex  5.52116 -0.876086  23.1033
  endloop
 endfacet
 facet normal  0.92674 0.326441 0.185981
  outer loop
   vertex  5.16236  2.14493  29.2516
   vertex  5.36699  1.56401  29.2516
   vertex  6.38626  2.17325  23.1033
  endloop
 endfacet
 facet normal 0.913378 0.363416 0.183492
  outer loop
   vertex  5.16236  2.14493  29.2516
   vertex  6.38626  2.17325  23.1033
   vertex  6.13363  2.80818  23.1033
  endloop
 endfacet
 facet normal -0.791547 0.582893 0.183543
  outer loop
   vertex -4.43875  3.39828     35.4
   vertex -5.22242   4.2701  29.2516
   vertex -5.62762  3.71984  29.2516
  endloop
 endfacet
 facet normal -0.81189 0.553409 0.185935
  outer loop
   vertex -4.43875  3.39828     35.4
   vertex -5.62762  3.71984  29.2516
   vertex -4.78564  2.88935     35.4
  endloop
 endfacet
 facet normal        0       -0       -1
  outer loop
   vertex -0.503139  6.72712  29.2516
   vertex -0.198631   5.5867  29.2516
   vertex -0.812009  5.53094  29.2516
  endloop
 endfacet
 facet normal        0        0       -1
  outer loop
   vertex -0.503139  6.72712  29.2516
   vertex -0.812009  5.53094  29.2516
   vertex -1.18113  6.64171  29.2516
  endloop
 endfacet
 facet normal        0        0        1
  outer loop
   vertex  4.89507  2.69981     35.4
   vertex  4.56836  3.22192     35.4
   vertex  3.70108   2.4428     35.4
  endloop
 endfacet
 facet normal        0        0        1
  outer loop
   vertex  4.89507  2.69981     35.4
   vertex  3.70108   2.4428     35.4
   vertex  3.97806  1.95967     35.4
  endloop
 endfacet
 facet normal        0        0       -1
  outer loop
   vertex  5.81806   3.4143  16.9549
   vertex  4.89507  2.69981  16.9549
   vertex  4.56836  3.22192  16.9549
  endloop
 endfacet
 facet normal       -0        0       -1
  outer loop
   vertex  5.81806   3.4143  16.9549
   vertex  4.56836  3.22192  16.9549
   vertex  5.44279  3.98539  16.9549
  endloop
 endfacet
 facet normal        0        0       -1
  outer loop
   vertex -6.26122  2.51087  16.9549
   vertex -5.07445  2.34536  16.9549
   vertex -5.30166  1.77289  16.9549
  endloop
 endfacet
 facet normal        0       -0       -1
  outer loop
   vertex -6.26122  2.51087  16.9549
   vertex -5.30166  1.77289  16.9549
   vertex -6.48312  1.86455  16.9549
  endloop
 endfacet
 facet normal -0.995164 -0.0982274        0
  outer loop
   vertex  9.60337 -0.0788777 -8.04519
   vertex  9.60337 -0.0788777  4.25481
   vertex  9.42037  1.77512  4.25481
  endloop
 endfacet
 facet normal -0.995164 -0.0982274        0
  outer loop
   vertex  9.60337 -0.0788777 -8.04519
   vertex  9.42037  1.77512  4.25481
   vertex  9.42037  1.77512 -8.04519
  endloop
 endfacet
 facet normal        0        0       -1
  outer loop
   vertex -6.72574 0.521338  29.2516
   vertex -5.56104 0.570607  29.2516
   vertex -5.59006 -0.0446158  29.2516
  endloop
 endfacet
 facet normal        0       -0       -1
  outer loop
   vertex -6.72574 0.521338  29.2516
   vertex -5.59006 -0.0446158  29.2516
   vertex -6.74397 -0.161768  29.2516
  endloop
 endfacet
 facet normal        0        0       -1
  outer loop
   vertex -3.97575 -3.92991  29.2516
   vertex -5.01167 -4.51558  29.2516
   vertex -5.44279 -3.98539  29.2516
  endloop
 endfacet
 facet normal       -0        0       -1
  outer loop
   vertex -3.97575 -3.92991  29.2516
   vertex -5.44279 -3.98539  29.2516
   vertex -4.38394 -3.46869  29.2516
  endloop
 endfacet
 facet normal 0.409218 -0.893811 0.183421
  outer loop
   vertex  2.28636  -5.1013     35.4
   vertex  2.49391 -6.26799  29.2516
   vertex  3.11524 -5.98353  29.2516
  endloop
 endfacet
 facet normal 0.450634 -0.87311 0.186034
  outer loop
   vertex  2.28636  -5.1013     35.4
   vertex  3.11524 -5.98353  29.2516
   vertex  2.83366 -4.81882     35.4
  endloop
 endfacet
 facet normal        0        0       -1
  outer loop
   vertex  6.38626  2.17325  16.9549
   vertex  5.36699  1.56401  16.9549
   vertex  5.16236  2.14493  16.9549
  endloop
 endfacet
 facet normal       -0        0       -1
  outer loop
   vertex  6.38626  2.17325  16.9549
   vertex  5.16236  2.14493  16.9549
   vertex  6.13363  2.80818  16.9549
  endloop
 endfacet
 facet normal -0.431102 -0.325162 -0.841677
  outer loop
   vertex  8.00137  5.20112  4.25481
   vertex  3.70108   2.4428  7.52301
   vertex  3.36573   2.8874  7.52301
  endloop
 endfacet
 facet normal -0.728491  0.65996 0.183721
  outer loop
   vertex -4.03797  3.86595  23.1033
   vertex -4.76362  4.77653  16.9549
   vertex -5.22242   4.2701  16.9549
  endloop
 endfacet
 facet normal -0.746108 0.639387 0.185762
  outer loop
   vertex -4.03797  3.86595  23.1033
   vertex -5.22242   4.2701  16.9549
   vertex -4.43874  3.39828  23.1033
  endloop
 endfacet
 facet normal 0.0240932 0.535876 -0.843953
  outer loop
   vertex -0.476953 -4.40883  7.52301
   vertex 0.0793813 -4.43384  7.52301
   vertex 0.100374 -9.58188  4.25481
  endloop
 endfacet
 facet normal 0.0530627 0.537584 -0.841539
  outer loop
   vertex -0.476953 -4.40883  7.52301
   vertex 0.100374 -9.58188  4.25481
   vertex -1.75363 -9.39888  4.25481
  endloop
 endfacet
 facet normal -0.22272 -0.496169 -0.839173
  outer loop
   vertex  3.73737  8.70112  4.25481
   vertex  2.06646  3.92365  7.52301
   vertex   1.5584  4.15171  7.52301
  endloop
 endfacet
 facet normal 0.923038 0.384709 3.15772e-08
  outer loop
   vertex -3.97806 -1.95967  7.52301
   vertex -4.19231 -1.44563  7.52301
   vertex -4.19231 -1.44563     35.4
  endloop
 endfacet
 facet normal 0.923038 0.384709 3.15772e-08
  outer loop
   vertex -3.97806 -1.95967  7.52301
   vertex -4.19231 -1.44563     35.4
   vertex -3.97807 -1.95967     35.4
  endloop
 endfacet
 facet normal -0.0976966 -0.995216        0
  outer loop
   vertex  1.95437  9.24212 -8.04519
   vertex  1.95437  9.24212  4.25481
   vertex 0.100374  9.42412  4.25481
  endloop
 endfacet
 facet normal -0.0976966 -0.995216        0
  outer loop
   vertex  1.95437  9.24212 -8.04519
   vertex 0.100374  9.42412  4.25481
   vertex 0.100374  9.42412 -8.04519
  endloop
 endfacet
 facet normal -0.520627 -0.853784 -1.3358e-08
  outer loop
   vertex  2.06646  3.92365  7.52301
   vertex  2.54192  3.63372  7.52301
   vertex  2.54192  3.63372     35.4
  endloop
 endfacet
 facet normal -0.520627 -0.853784 -1.3358e-08
  outer loop
   vertex  2.06646  3.92365  7.52301
   vertex  2.54192  3.63372     35.4
   vertex  2.06645  3.92365     35.4
  endloop
 endfacet
 facet normal 0.467755 0.883858        0
  outer loop
   vertex  3.52621  5.92803    7.523
   vertex  2.91844  6.24967    7.523
   vertex  2.91844  6.24967       10
  endloop
 endfacet
 facet normal 0.467755 0.883858       -0
  outer loop
   vertex  3.52621  5.92803    7.523
   vertex  2.91844  6.24967       10
   vertex  3.52621  5.92803       10
  endloop
 endfacet
 facet normal -0.0927034 -0.538134 -0.837746
  outer loop
   vertex  1.95437  9.24212  4.25481
   vertex  1.02576  4.31429  7.52301
   vertex  0.47695  4.40883  7.52301
  endloop
 endfacet
 facet normal 0.169768 0.985484 4.35583e-09
  outer loop
   vertex -0.476953 -4.40883  7.52301
   vertex -1.02576 -4.31429  7.52301
   vertex -1.02577 -4.31429     35.4
  endloop
 endfacet
 facet normal 0.169768 0.985484 4.71881e-09
  outer loop
   vertex -0.476953 -4.40883  7.52301
   vertex -1.02577 -4.31429     35.4
   vertex -0.476953 -4.40883     35.4
  endloop
 endfacet
 facet normal 0.112448 -0.537054 -0.836019
  outer loop
   vertex -1.75363  9.24212  4.25481
   vertex -0.634467  4.38893  7.52301
   vertex -1.17954  4.27481  7.52301
  endloop
 endfacet
 facet normal -0.130484 -0.99145        0
  outer loop
   vertex -0.149626 -12.2649  2.04481
   vertex -0.149626 -12.2649  2.89281
   vertex -1.03863 -12.1479  2.82681
  endloop
 endfacet
 facet normal -0.130484 -0.99145        0
  outer loop
   vertex -0.149626 -12.2649  2.04481
   vertex -1.03863 -12.1479  2.82681
   vertex -1.03863 -12.1479  2.04481
  endloop
 endfacet
 facet normal 0.923867 0.382714        0
  outer loop
   vertex  11.6204  3.07512 -7.36519
   vertex  11.2774  3.90312 -7.29919
   vertex  11.2774  3.90312 -6.23719
  endloop
 endfacet
 facet normal 0.923867 0.382714       -0
  outer loop
   vertex  11.6204  3.07512 -7.36519
   vertex  11.2774  3.90312 -6.23719
   vertex  11.6204  3.07512 -6.14519
  endloop
 endfacet
 facet normal 0.871923 -0.489644        0
  outer loop
   vertex  5.83828  -3.6729  7.52301
   vertex  6.17497 -3.07335  7.52301
   vertex  6.17497 -3.07335       10
  endloop
 endfacet
 facet normal 0.871923 -0.489644        0
  outer loop
   vertex  5.83828  -3.6729  7.52301
   vertex  6.17497 -3.07335       10
   vertex  5.83828  -3.6729       10
  endloop
 endfacet
 facet normal -0.651871  0.75833        0
  outer loop
   vertex -4.22998  5.44821    7.523
   vertex -4.75143  4.99997    7.523
   vertex -4.75143  4.99997       10
  endloop
 endfacet
 facet normal -0.651871  0.75833        0
  outer loop
   vertex -4.22998  5.44821    7.523
   vertex -4.75143  4.99997       10
   vertex -4.22998  5.44821       10
  endloop
 endfacet
 facet normal -0.634465 -0.772952        0
  outer loop
   vertex  6.82037  6.64112 -8.04519
   vertex  6.82037  6.64112  4.25481
   vertex  5.38037  7.82312  4.25481
  endloop
 endfacet
 facet normal -0.634465 -0.772952        0
  outer loop
   vertex  6.82037  6.64112 -8.04519
   vertex  5.38037  7.82312  4.25481
   vertex  5.38037  7.82312 -8.04519
  endloop
 endfacet
 facet normal -0.471312 -0.881966        0
  outer loop
   vertex  5.38037  7.82312 -8.04519
   vertex  5.38037  7.82312  4.25481
   vertex  3.73737  8.70112  4.25481
  endloop
 endfacet
 facet normal -0.471312 -0.881966        0
  outer loop
   vertex  5.38037  7.82312 -8.04519
   vertex  3.73737  8.70112  4.25481
   vertex  3.73737  8.70112 -8.04519
  endloop
 endfacet
 facet normal -0.789206 0.614128        0
  outer loop
   vertex -5.22565  4.50203    7.523
   vertex -5.64794  3.95935    7.523
   vertex -5.64794  3.95935       10
  endloop
 endfacet
 facet normal -0.789206 0.614128        0
  outer loop
   vertex -5.22565  4.50203    7.523
   vertex -5.64794  3.95935       10
   vertex -5.22565  4.50203       10
  endloop
 endfacet
 facet normal  0.18645 0.982464        0
  outer loop
   vertex  1.62223  6.70404    7.523
   vertex 0.946663  6.83224    7.523
   vertex 0.946663  6.83224       10
  endloop
 endfacet
 facet normal  0.18645 0.982464       -0
  outer loop
   vertex  1.62223  6.70404    7.523
   vertex 0.946663  6.83224       10
   vertex  1.62223  6.70404       10
  endloop
 endfacet
 facet normal -0.860005 -0.510285        0
  outer loop
   vertex -6.09997 -3.21965    7.523
   vertex -5.74908 -3.81101    7.523
   vertex -5.74908 -3.81101       10
  endloop
 endfacet
 facet normal -0.860005 -0.510285        0
  outer loop
   vertex -6.09997 -3.21965    7.523
   vertex -5.74908 -3.81101       10
   vertex -6.09997 -3.21965       10
  endloop
 endfacet
 facet normal -0.99146 -0.130414        0
  outer loop
   vertex -12.3346 -0.0788777 -3.43819
   vertex -11.9196 -3.23388 -3.34619
   vertex -11.9196 -3.23388 -2.83219
  endloop
 endfacet
 facet normal -0.99146 -0.130414        0
  outer loop
   vertex -12.3346 -0.0788777 -3.43819
   vertex -11.9196 -3.23388 -2.83219
   vertex -12.3346 -0.0788777 -2.92419
  endloop
 endfacet
 facet normal 0.174736 0.967382  0.18341
  outer loop
   vertex  1.02788  5.49492  23.1033
   vertex  1.53379  6.56923  16.9549
   vertex 0.861321   6.6907  16.9549
  endloop
 endfacet
 facet normal 0.127184 0.974276 0.186039
  outer loop
   vertex  1.02788  5.49492  23.1033
   vertex 0.861321   6.6907  16.9549
   vertex 0.417158  5.57465  23.1033
  endloop
 endfacet
 facet normal 0.0617452 -0.998092        0
  outer loop
   vertex 0.0822014 -6.89703    7.523
   vertex 0.768515 -6.85457    7.523
   vertex 0.768515 -6.85457       10
  endloop
 endfacet
 facet normal 0.0617452 -0.998092        0
  outer loop
   vertex 0.0822014 -6.89703    7.523
   vertex 0.768515 -6.85457       10
   vertex 0.0822014 -6.89703       10
  endloop
 endfacet
 facet normal 0.994199 -0.107552 3.40116e-08
  outer loop
   vertex -4.43008 0.199177  7.52301
   vertex -4.37019 0.752843  7.52301
   vertex -4.37019 0.752843     35.4
  endloop
 endfacet
 facet normal 0.994199 -0.107552 3.40116e-08
  outer loop
   vertex -4.43008 0.199177  7.52301
   vertex -4.37019 0.752843     35.4
   vertex -4.43008 0.199177     35.4
  endloop
 endfacet
 facet normal 0.793121 -0.609064        0
  outer loop
   vertex  10.4034 -6.17288  1.89981
   vertex  10.4034 -6.17288  2.41281
   vertex  9.85737 -6.88388  2.38781
  endloop
 endfacet
 facet normal 0.793121 -0.609064        0
  outer loop
   vertex  10.4034 -6.17288  1.89981
   vertex  9.85737 -6.88388  2.38781
   vertex  9.85737 -6.88388  2.04481
  endloop
 endfacet
 facet normal -0.990687 -0.136161        0
  outer loop
   vertex  -6.8716 -0.597388    7.523
   vertex -6.77797 -1.27861    7.523
   vertex -6.77797 -1.27861       10
  endloop
 endfacet
 facet normal -0.990687 -0.136161        0
  outer loop
   vertex  -6.8716 -0.597388    7.523
   vertex -6.77797 -1.27861       10
   vertex  -6.8716 -0.597388       10
  endloop
 endfacet
 facet normal -0.881623 0.471953        0
  outer loop
   vertex  8.00137 -5.35788 -8.04519
   vertex  8.00137 -5.35788  4.25481
   vertex  8.88037 -3.71588  4.25481
  endloop
 endfacet
 facet normal -0.881623 0.471953        0
  outer loop
   vertex  8.00137 -5.35788 -8.04519
   vertex  8.88037 -3.71588  4.25481
   vertex  8.88037 -3.71588 -8.04519
  endloop
 endfacet
 facet normal -0.867542 -0.497363 -2.96787e-08
  outer loop
   vertex  3.70108   2.4428  7.52301
   vertex  3.97806  1.95967  7.52301
   vertex  3.97806  1.95967     35.4
  endloop
 endfacet
 facet normal -0.867542 -0.497363 -2.96787e-08
  outer loop
   vertex  3.70108   2.4428  7.52301
   vertex  3.97806  1.95967     35.4
   vertex  3.70108   2.4428     35.4
  endloop
 endfacet
 facet normal  0.30323 -0.459424 -0.834854
  outer loop
   vertex -5.17963  7.82312  4.25481
   vertex -2.20559  3.84716  7.52301
   vertex -2.67037   3.5404  7.52301
  endloop
 endfacet
 facet normal 0.995164 0.0982279       -0
  outer loop
   vertex -9.40263 -0.0788777 -8.04519
   vertex -9.40263 -0.0788777  4.25481
   vertex -9.21963 -1.93288  4.25481
  endloop
 endfacet
 facet normal 0.995164 0.0982279        0
  outer loop
   vertex -9.40263 -0.0788777 -8.04519
   vertex -9.21963 -1.93288  4.25481
   vertex -9.21963 -1.93288 -8.04519
  endloop
 endfacet
 facet normal -0.923038 -0.38471 -4.73658e-08
  outer loop
   vertex  3.97806  1.95967  7.52301
   vertex   4.1923  1.44563  7.52301
   vertex   4.1923  1.44563     35.4
  endloop
 endfacet
 facet normal -0.923038 -0.384709 -3.15772e-08
  outer loop
   vertex  3.97806  1.95967  7.52301
   vertex   4.1923  1.44563     35.4
   vertex  3.97806  1.95967     35.4
  endloop
 endfacet
 facet normal -0.972207 -0.234123        0
  outer loop
   vertex -6.77797 -1.27861    7.523
   vertex -6.61698 -1.94712    7.523
   vertex -6.61698 -1.94712       10
  endloop
 endfacet
 facet normal -0.972207 -0.234123        0
  outer loop
   vertex -6.77797 -1.27861    7.523
   vertex -6.61698 -1.94712       10
   vertex -6.77797 -1.27861       10
  endloop
 endfacet
 facet normal -0.871873 -0.453928 0.183811
  outer loop
   vertex -5.03637 -2.42605  29.2516
   vertex -6.13363 -2.80818  23.1033
   vertex -5.81806  -3.4143  23.1033
  endloop
 endfacet
 facet normal -0.860421 -0.474554  0.18567
  outer loop
   vertex -5.03637 -2.42605  29.2516
   vertex -5.81806  -3.4143  23.1033
   vertex -4.73891 -2.96537  29.2516
  endloop
 endfacet
 facet normal 0.819288 0.543098 0.183878
  outer loop
   vertex   5.9319   3.5197       10
   vertex  5.55197  4.09284       10
   vertex  4.56836  3.22192  16.9549
  endloop
 endfacet
 facet normal  0.83298 0.521236 0.185626
  outer loop
   vertex   5.9319   3.5197       10
   vertex  4.56836  3.22192  16.9549
   vertex  4.89507  2.69981  16.9549
  endloop
 endfacet
 facet normal -0.0379382 -0.99928        0
  outer loop
   vertex -0.604929 -6.87094    7.523
   vertex 0.0822014 -6.89703    7.523
   vertex 0.0822014 -6.89703       10
  endloop
 endfacet
 facet normal -0.0379382 -0.99928        0
  outer loop
   vertex -0.604929 -6.87094    7.523
   vertex 0.0822014 -6.89703       10
   vertex -0.604929 -6.87094       10
  endloop
 endfacet
 facet normal        0        0        1
  outer loop
   vertex  4.42011  0.35763     35.4
   vertex  4.43008 -0.199177     35.4
   vertex  5.58402 -0.263395     35.4
  endloop
 endfacet
 facet normal        0        0        1
  outer loop
   vertex  4.42011  0.35763     35.4
   vertex  5.58402 -0.263395     35.4
   vertex  5.57911 0.352492     35.4
  endloop
 endfacet
 facet normal 0.773215 -0.634144        0
  outer loop
   vertex -6.61963  6.64112 -8.04519
   vertex -6.61963  6.64112  4.25481
   vertex -7.80063  5.20112  4.25481
  endloop
 endfacet
 facet normal 0.773215 -0.634144        0
  outer loop
   vertex -6.61963  6.64112 -8.04519
   vertex -7.80063  5.20112  4.25481
   vertex -7.80063  5.20112 -8.04519
  endloop
 endfacet
 facet normal 0.923868 -0.382712        0
  outer loop
   vertex  10.7464 -5.34488  2.43881
   vertex  10.4034 -6.17288  2.41281
   vertex  10.4034 -6.17288  1.89981
  endloop
 endfacet
 facet normal 0.923868 -0.382712        0
  outer loop
   vertex  10.7464 -5.34488  2.43881
   vertex  10.4034 -6.17288  1.89981
   vertex  10.7464 -5.34488  2.04481
  endloop
 endfacet
 facet normal 0.451644 -0.315942 -0.834385
  outer loop
   vertex -7.80063  5.20112  4.25481
   vertex -3.46694  2.76507  7.52301
   vertex -3.78616  2.30875  7.52301
  endloop
 endfacet
 facet normal 0.881743 -0.47173        0
  outer loop
   vertex -7.80063  5.20112 -8.04519
   vertex -7.80063  5.20112  4.25481
   vertex -8.67963  3.55812  4.25481
  endloop
 endfacet
 facet normal 0.881743 -0.47173        0
  outer loop
   vertex -7.80063  5.20112 -8.04519
   vertex -8.67963  3.55812  4.25481
   vertex -8.67963  3.55812 -8.04519
  endloop
 endfacet
 facet normal -0.306122 0.951992        0
  outer loop
   vertex -1.78155  6.66347    7.523
   vertex -2.43617  6.45297    7.523
   vertex -2.43617  6.45297       10
  endloop
 endfacet
 facet normal -0.306122 0.951992        0
  outer loop
   vertex -1.78155  6.66347    7.523
   vertex -2.43617  6.45297       10
   vertex -1.78155  6.66347       10
  endloop
 endfacet
 facet normal -0.511229 -0.859444        0
  outer loop
   vertex -3.81732  -5.7449    7.523
   vertex -3.22634 -6.09643    7.523
   vertex -3.22634 -6.09643       10
  endloop
 endfacet
 facet normal -0.511229 -0.859444        0
  outer loop
   vertex -3.81732  -5.7449    7.523
   vertex -3.22634 -6.09643       10
   vertex -3.81732  -5.7449       10
  endloop
 endfacet
 facet normal 0.916343 -0.400395        0
  outer loop
   vertex  6.17497 -3.07335  7.52301
   vertex  6.45029 -2.44325  7.52301
   vertex  6.45029 -2.44325       10
  endloop
 endfacet
 facet normal 0.916343 -0.400395        0
  outer loop
   vertex  6.17497 -3.07335  7.52301
   vertex  6.45029 -2.44325       10
   vertex  6.17497 -3.07335       10
  endloop
 endfacet
 facet normal 0.535709 -0.12737 -0.834741
  outer loop
   vertex -9.21963  1.77512  4.25481
   vertex -4.24137  1.29464  7.52301
   vertex -4.37019 0.752843  7.52301
  endloop
 endfacet
 facet normal -0.741842 -0.670574        0
  outer loop
   vertex -5.34106 -4.36449    7.523
   vertex -4.87996  -4.8746    7.523
   vertex -4.87996  -4.8746       10
  endloop
 endfacet
 facet normal -0.741842 -0.670574        0
  outer loop
   vertex -5.34106 -4.36449    7.523
   vertex -4.87996  -4.8746       10
   vertex -5.34106 -4.36449       10
  endloop
 endfacet
 facet normal -0.895246 0.445573        0
  outer loop
   vertex  -6.0141  3.37732    7.523
   vertex -6.32049  2.76173    7.523
   vertex -6.32049  2.76173       10
  endloop
 endfacet
 facet normal -0.895246 0.445573        0
  outer loop
   vertex  -6.0141  3.37732    7.523
   vertex -6.32049  2.76173       10
   vertex  -6.0141  3.37732       10
  endloop
 endfacet
 facet normal 0.543362 0.0785484 -0.835815
  outer loop
   vertex -9.21963 -1.93288  4.25481
   vertex -4.42011 -0.35763  7.52301
   vertex -4.34044 -0.908796  7.52301
  endloop
 endfacet
 facet normal 0.553433 0.832894        0
  outer loop
   vertex  4.09893  5.54748    7.523
   vertex  3.52621  5.92803    7.523
   vertex  3.52621  5.92803       10
  endloop
 endfacet
 facet normal 0.553433 0.832894       -0
  outer loop
   vertex  4.09893  5.54748    7.523
   vertex  3.52621  5.92803       10
   vertex  4.09893  5.54748       10
  endloop
 endfacet
 facet normal        0        0       -1
  outer loop
   vertex -5.07445  2.34536  23.1033
   vertex -5.97508  3.13142  23.1033
   vertex -5.62762  3.71984  23.1033
  endloop
 endfacet
 facet normal        0        0       -1
  outer loop
   vertex -5.07445  2.34536  23.1033
   vertex -5.62762  3.71984  23.1033
   vertex -4.78564  2.88935  23.1033
  endloop
 endfacet
 facet normal        0        0        1
  outer loop
   vertex -1.70602  4.09326     35.4
   vertex -2.00187  5.21951     35.4
   vertex -2.56391  4.96761     35.4
  endloop
 endfacet
 facet normal        0        0        1
  outer loop
   vertex -1.70602  4.09326     35.4
   vertex -2.56391  4.96761     35.4
   vertex -2.20559  3.84716     35.4
  endloop
 endfacet
 facet normal        0        0        1
  outer loop
   vertex   -5.445 -1.26598     35.4
   vertex -4.34044 -0.908796     35.4
   vertex -4.42011 -0.35763     35.4
  endloop
 endfacet
 facet normal        0       -0        1
  outer loop
   vertex   -5.445 -1.26598     35.4
   vertex -4.42011 -0.35763     35.4
   vertex -5.55122 -0.659297     35.4
  endloop
 endfacet
 facet normal 0.609064 0.793121        0
  outer loop
   vertex  6.65437  9.92812 -6.73119
   vertex  5.94337  10.4741 -6.66519
   vertex  5.94337  10.4741 -5.86919
  endloop
 endfacet
 facet normal 0.609064 0.793121       -0
  outer loop
   vertex  6.65437  9.92812 -6.73119
   vertex  5.94337  10.4741 -5.86919
   vertex  6.65437  9.92812 -6.23719
  endloop
 endfacet
 facet normal        0        0        1
  outer loop
   vertex  2.28636  -5.1013     35.4
   vertex  1.70601 -4.09326     35.4
   vertex  1.17954 -4.27481     35.4
  endloop
 endfacet
 facet normal        0        0        1
  outer loop
   vertex  2.28636  -5.1013     35.4
   vertex  1.17954 -4.27481     35.4
   vertex  1.71129 -5.32186     35.4
  endloop
 endfacet
 facet normal        0        0        1
  outer loop
   vertex -3.70109  -2.4428     35.4
   vertex -4.73891 -2.96537     35.4
   vertex -4.38394 -3.46869     35.4
  endloop
 endfacet
 facet normal        0        0        1
  outer loop
   vertex -3.70109  -2.4428     35.4
   vertex -4.38394 -3.46869     35.4
   vertex -3.36574  -2.8874     35.4
  endloop
 endfacet
 facet normal        0        0       -1
  outer loop
   vertex -6.74397 -0.161768  29.2516
   vertex -5.59006 -0.0446158  29.2516
   vertex -5.55122 -0.659297  29.2516
  endloop
 endfacet
 facet normal        0        0       -1
  outer loop
   vertex -6.74397 -0.161768  29.2516
   vertex -5.55122 -0.659297  29.2516
   vertex -6.69301 -0.843214  29.2516
  endloop
 endfacet
 facet normal        0       -0       -1
  outer loop
   vertex   -1.847  6.48814  23.1033
   vertex -1.41553  5.40805  23.1033
   vertex -2.00187  5.21951  23.1033
  endloop
 endfacet
 facet normal        0        0       -1
  outer loop
   vertex   -1.847  6.48814  23.1033
   vertex -2.00187  5.21951  23.1033
   vertex -2.49392  6.26799  23.1033
  endloop
 endfacet
 facet normal -0.821508 -0.539826 0.183606
  outer loop
   vertex -4.73891 -2.96537  29.2516
   vertex -5.81806  -3.4143  23.1033
   vertex -5.44279 -3.98539  23.1033
  endloop
 endfacet
 facet normal -0.802963 -0.566305 0.185876
  outer loop
   vertex -4.73891 -2.96537  29.2516
   vertex -5.44279 -3.98539  23.1033
   vertex -4.38394 -3.46869  29.2516
  endloop
 endfacet
 facet normal -0.908052 -0.37729 0.181917
  outer loop
   vertex -6.09997 -3.21965       10
   vertex -5.03637 -2.42605  16.9549
   vertex -5.27269 -1.85729  16.9549
  endloop
 endfacet
 facet normal -0.890522 -0.414663 0.187153
  outer loop
   vertex -6.09997 -3.21965       10
   vertex -5.27269 -1.85729  16.9549
   vertex -6.39023 -2.59629       10
  endloop
 endfacet
 facet normal 0.602826 -0.77644 0.183688
  outer loop
   vertex  3.34658 -4.47785  16.9549
   vertex  3.95315 -5.65228       10
   vertex  4.49629 -5.23059       10
  endloop
 endfacet
 facet normal 0.630687 -0.753465 0.185808
  outer loop
   vertex  3.34658 -4.47785  16.9549
   vertex  4.49629 -5.23059       10
   vertex  3.81886 -4.08252  16.9549
  endloop
 endfacet
 facet normal        0        0        1
  outer loop
   vertex -4.04566  1.81601     35.4
   vertex -5.07445  2.34536     35.4
   vertex -5.30166  1.77289     35.4
  endloop
 endfacet
 facet normal        0        0        1
  outer loop
   vertex -4.04566  1.81601     35.4
   vertex -5.30166  1.77289     35.4
   vertex -4.24137  1.29464     35.4
  endloop
 endfacet
 facet normal        0        0        1
  outer loop
   vertex  2.67037  -3.5404     35.4
   vertex  3.34658 -4.47785     35.4
   vertex  3.81886 -4.08252     35.4
  endloop
 endfacet
 facet normal       -0        0        1
  outer loop
   vertex  2.67037  -3.5404     35.4
   vertex  3.81886 -4.08252     35.4
   vertex  3.09304 -3.17779     35.4
  endloop
 endfacet
 facet normal 0.220906 -0.957842  0.18368
  outer loop
   vertex  1.11546 -5.47781  23.1033
   vertex  1.18113 -6.64171  16.9549
   vertex    1.847 -6.48814  16.9549
  endloop
 endfacet
 facet normal 0.248805 -0.950565 0.185803
  outer loop
   vertex  1.11546 -5.47781  23.1033
   vertex    1.847 -6.48814  16.9549
   vertex  1.71129 -5.32186  23.1033
  endloop
 endfacet
 facet normal        0        0        1
  outer loop
   vertex -1.17954  4.27481     35.4
   vertex -1.41553  5.40805     35.4
   vertex -2.00187  5.21951     35.4
  endloop
 endfacet
 facet normal        0        0        1
  outer loop
   vertex -1.17954  4.27481     35.4
   vertex -2.00187  5.21951     35.4
   vertex -1.70602  4.09326     35.4
  endloop
 endfacet
 facet normal -0.871873 -0.453928 0.183811
  outer loop
   vertex -5.03637 -2.42605  23.1033
   vertex -6.13363 -2.80818  16.9549
   vertex -5.81806  -3.4143  16.9549
  endloop
 endfacet
 facet normal -0.860422 -0.474554  0.18567
  outer loop
   vertex -5.03637 -2.42605  23.1033
   vertex -5.81806  -3.4143  16.9549
   vertex -4.73891 -2.96537  23.1033
  endloop
 endfacet
 facet normal 0.710146 -0.679894 0.182855
  outer loop
   vertex  5.22241  -4.2701  16.9549
   vertex   4.2448 -3.63763  23.1033
   vertex  3.81886 -4.08252  23.1033
  endloop
 endfacet
 facet normal 0.728125 -0.659629 0.186341
  outer loop
   vertex  5.22241  -4.2701  16.9549
   vertex  3.81886 -4.08252  23.1033
   vertex  4.76362 -4.77653  16.9549
  endloop
 endfacet
 facet normal 0.0349302 -0.982462 0.183163
  outer loop
   vertex 0.768515 -6.85457       10
   vertex 0.506085 -5.56728  16.9549
   vertex -0.109433 -5.58916  16.9549
  endloop
 endfacet
 facet normal 0.0606668 -0.980659 0.186083
  outer loop
   vertex 0.768515 -6.85457       10
   vertex -0.109433 -5.58916  16.9549
   vertex 0.0822014 -6.89703       10
  endloop
 endfacet
 facet normal 0.977978 -0.100349 0.182998
  outer loop
   vertex  5.58402 -0.263395  23.1033
   vertex  5.52116 -0.876086  23.1033
   vertex  6.63848  -1.1991  16.9549
  endloop
 endfacet
 facet normal 0.974467 -0.125448 0.186215
  outer loop
   vertex  5.58402 -0.263395  23.1033
   vertex  6.63848  -1.1991  16.9549
   vertex  6.72574 -0.521338  16.9549
  endloop
 endfacet
 facet normal 0.365876 0.912365 0.183642
  outer loop
   vertex  2.20464  5.13715     35.4
   vertex  2.82477  6.12601  29.2516
   vertex  2.19052  6.38036  29.2516
  endloop
 endfacet
 facet normal 0.337175 0.922917 0.185841
  outer loop
   vertex  2.20464  5.13715     35.4
   vertex  2.19052  6.38036  29.2516
   vertex  1.62613   5.3485     35.4
  endloop
 endfacet
 facet normal       -0        0       -1
  outer loop
   vertex -2.00187  5.21951  29.2516
   vertex -2.56391  4.96761  29.2516
   vertex -3.11524  5.98353  29.2516
  endloop
 endfacet
 facet normal        0        0       -1
  outer loop
   vertex -2.00187  5.21951  29.2516
   vertex -3.11524  5.98353  29.2516
   vertex -2.49392  6.26799  29.2516
  endloop
 endfacet
 facet normal 0.977511 -0.210886        0
  outer loop
   vertex  6.66151 -1.78886  7.52301
   vertex  6.80652  -1.1167  7.52301
   vertex  6.80652  -1.1167       10
  endloop
 endfacet
 facet normal 0.977511 -0.210886        0
  outer loop
   vertex  6.66151 -1.78886  7.52301
   vertex  6.80652  -1.1167       10
   vertex  6.66151 -1.78886       10
  endloop
 endfacet
 facet normal -0.550855 0.834601 -1.41336e-08
  outer loop
   vertex  2.67037  -3.5404  7.52301
   vertex  2.20558 -3.84716  7.52301
   vertex  2.20558 -3.84716     35.4
  endloop
 endfacet
 facet normal -0.550855 0.834601 -1.41336e-08
  outer loop
   vertex  2.67037  -3.5404  7.52301
   vertex  2.20558 -3.84716     35.4
   vertex  2.67037  -3.5404     35.4
  endloop
 endfacet
 facet normal 0.471313 -0.881966        0
  outer loop
   vertex -3.53663  8.70112 -8.04519
   vertex -3.53663  8.70112  4.25481
   vertex -5.17963  7.82312  4.25481
  endloop
 endfacet
 facet normal 0.471313 -0.881966        0
  outer loop
   vertex -3.53663  8.70112 -8.04519
   vertex -5.17963  7.82312  4.25481
   vertex -5.17963  7.82312 -8.04519
  endloop
 endfacet
 facet normal 0.773431 0.633881       -0
  outer loop
   vertex -7.80063 -5.35788 -8.04519
   vertex -7.80063 -5.35788  4.25481
   vertex -6.61963 -6.79888  4.25481
  endloop
 endfacet
 facet normal 0.773431 0.633881        0
  outer loop
   vertex -7.80063 -5.35788 -8.04519
   vertex -6.61963 -6.79888  4.25481
   vertex -6.61963 -6.79888 -8.04519
  endloop
 endfacet
 facet normal -0.209814 0.977741        0
  outer loop
   vertex -1.10923  6.80774    7.523
   vertex -1.78155  6.66347    7.523
   vertex -1.78155  6.66347       10
  endloop
 endfacet
 facet normal -0.209814 0.977741        0
  outer loop
   vertex -1.10923  6.80774    7.523
   vertex -1.78155  6.66347       10
   vertex -1.10923  6.80774       10
  endloop
 endfacet
 facet normal 0.716597 0.697487 2.45149e-08
  outer loop
   vertex -2.97731 -3.28647  7.52301
   vertex -3.36574  -2.8874  7.52301
   vertex -3.36574  -2.8874     35.4
  endloop
 endfacet
 facet normal 0.716597 0.697487 2.45149e-08
  outer loop
   vertex -2.97731 -3.28647  7.52301
   vertex -3.36574  -2.8874     35.4
   vertex -2.97731 -3.28647     35.4
  endloop
 endfacet
 facet normal -0.995164 0.0982274        0
  outer loop
   vertex  9.42037 -1.93288 -8.04519
   vertex  9.42037 -1.93288  4.25481
   vertex  9.60337 -0.0788777  4.25481
  endloop
 endfacet
 facet normal -0.995164 0.0982274        0
  outer loop
   vertex  9.42037 -1.93288 -8.04519
   vertex  9.60337 -0.0788777  4.25481
   vertex  9.60337 -0.0788777 -8.04519
  endloop
 endfacet
 facet normal 0.707105 0.707108        0
  outer loop
   vertex  7.75537  9.08312 -6.83319
   vertex  7.26037  9.57812 -6.83419
   vertex  7.26037  9.57812 -6.23719
  endloop
 endfacet
 facet normal 0.707105 0.707108       -0
  outer loop
   vertex  7.75537  9.08312 -6.83319
   vertex  7.26037  9.57812 -6.23719
   vertex  7.75537  9.08312 -6.23719
  endloop
 endfacet
 facet normal -0.957069 0.289859        0
  outer loop
   vertex  8.88037 -3.71588 -8.04519
   vertex  8.88037 -3.71588  4.25481
   vertex  9.42037 -1.93288  4.25481
  endloop
 endfacet
 facet normal -0.957069 0.289859        0
  outer loop
   vertex  8.88037 -3.71588 -8.04519
   vertex  9.42037 -1.93288  4.25481
   vertex  9.42037 -1.93288 -8.04519
  endloop
 endfacet
 facet normal -0.998024 0.0628395        0
  outer loop
   vertex -6.85372 0.776037    7.523
   vertex -6.89693 0.0897709    7.523
   vertex -6.89693 0.0897709       10
  endloop
 endfacet
 facet normal -0.998024 0.0628395        0
  outer loop
   vertex -6.85372 0.776037    7.523
   vertex -6.89693 0.0897709       10
   vertex -6.85372 0.776037       10
  endloop
 endfacet
 facet normal -0.957069 -0.289859        0
  outer loop
   vertex  9.42037  1.77512 -8.04519
   vertex  9.42037  1.77512  4.25481
   vertex  8.88037  3.55812  4.25481
  endloop
 endfacet
 facet normal -0.957069 -0.289859        0
  outer loop
   vertex  9.42037  1.77512 -8.04519
   vertex  8.88037  3.55812  4.25481
   vertex  8.88037  3.55812 -8.04519
  endloop
 endfacet
 facet normal 0.999915 -0.0130154        0
  outer loop
   vertex  6.88388 -0.433443  7.52301
   vertex  6.89283 0.254125  7.52301
   vertex  6.89283 0.254125       10
  endloop
 endfacet
 facet normal 0.999915 -0.0130154        0
  outer loop
   vertex  6.88388 -0.433443  7.52301
   vertex  6.89283 0.254125       10
   vertex  6.88388 -0.433443       10
  endloop
 endfacet
 facet normal 0.818837 -0.574026        0
  outer loop
   vertex  5.44356 -4.23596  7.52301
   vertex  5.83828  -3.6729  7.52301
   vertex  5.83828  -3.6729       10
  endloop
 endfacet
 facet normal 0.818837 -0.574026        0
  outer loop
   vertex  5.44356 -4.23596  7.52301
   vertex  5.83828  -3.6729       10
   vertex  5.44356 -4.23596       10
  endloop
 endfacet
 facet normal -0.47173 0.881743        0
  outer loop
   vertex  3.73737 -8.85888 -8.04519
   vertex  3.73737 -8.85888  4.25481
   vertex  5.38037 -7.97988  4.25481
  endloop
 endfacet
 facet normal -0.47173 0.881743        0
  outer loop
   vertex  3.73737 -8.85888 -8.04519
   vertex  5.38037 -7.97988  4.25481
   vertex  5.38037 -7.97988 -8.04519
  endloop
 endfacet
 facet normal 0.0877026 0.996147        0
  outer loop
   vertex 0.946663  6.83224    7.523
   vertex 0.261687  6.89255    7.523
   vertex 0.261687  6.89255       10
  endloop
 endfacet
 facet normal 0.0877026 0.996147       -0
  outer loop
   vertex 0.946663  6.83224    7.523
   vertex 0.261687  6.89255       10
   vertex 0.946663  6.83224       10
  endloop
 endfacet
 facet normal 0.982668 0.185373        0
  outer loop
   vertex  6.83328 0.939166  7.52301
   vertex  6.70581  1.61487  7.52301
   vertex  6.70581  1.61487       10
  endloop
 endfacet
 facet normal 0.982668 0.185373       -0
  outer loop
   vertex  6.83328 0.939166  7.52301
   vertex  6.70581  1.61487       10
   vertex  6.83328 0.939166       10
  endloop
 endfacet
 facet normal 0.160816 -0.986984        0
  outer loop
   vertex 0.768515 -6.85457    7.523
   vertex  1.44719 -6.74399    7.523
   vertex  1.44719 -6.74399       10
  endloop
 endfacet
 facet normal 0.160816 -0.986984        0
  outer loop
   vertex 0.768515 -6.85457    7.523
   vertex  1.44719 -6.74399       10
   vertex 0.768515 -6.85457       10
  endloop
 endfacet
 facet normal 0.757614 -0.652703        0
  outer loop
   vertex  4.99475 -4.75691  7.52301
   vertex  5.44356 -4.23596  7.52301
   vertex  5.44356 -4.23596       10
  endloop
 endfacet
 facet normal 0.757614 -0.652703        0
  outer loop
   vertex  4.99475 -4.75691  7.52301
   vertex  5.44356 -4.23596       10
   vertex  4.99475 -4.75691       10
  endloop
 endfacet
 facet normal -0.204935 0.978776 -5.69632e-09
  outer loop
   vertex  1.17954 -4.27481  7.52301
   vertex 0.634463 -4.38893  7.52301
   vertex 0.634463 -4.38893     35.4
  endloop
 endfacet
 facet normal -0.204935 0.978776 -5.25814e-09
  outer loop
   vertex  1.17954 -4.27481  7.52301
   vertex 0.634463 -4.38893     35.4
   vertex  1.17954 -4.27481     35.4
  endloop
 endfacet
 facet normal  0.88479 -0.465989 3.02687e-08
  outer loop
   vertex -4.04566  1.81601  7.52301
   vertex -3.78616  2.30875  7.52301
   vertex -3.78616  2.30875     35.4
  endloop
 endfacet
 facet normal  0.88479 -0.465989 3.02687e-08
  outer loop
   vertex -4.04566  1.81601  7.52301
   vertex -3.78616  2.30875     35.4
   vertex -4.04566  1.81601     35.4
  endloop
 endfacet
 facet normal -0.0806459 0.996743 -2.1985e-09
  outer loop
   vertex 0.634463 -4.38893  7.52301
   vertex 0.0793813 -4.43384  7.52301
   vertex 0.0793805 -4.43384     35.4
  endloop
 endfacet
 facet normal -0.0806459 0.996743 -2.24161e-09
  outer loop
   vertex 0.634463 -4.38893  7.52301
   vertex 0.0793805 -4.43384     35.4
   vertex 0.634463 -4.38893     35.4
  endloop
 endfacet
 facet normal 0.623529   0.7818 2.1331e-08
  outer loop
   vertex -2.54193 -3.63372  7.52301
   vertex -2.97731 -3.28647  7.52301
   vertex -2.97731 -3.28647     35.4
  endloop
 endfacet
 facet normal 0.623528 0.781801 1.59982e-08
  outer loop
   vertex -2.54193 -3.63372  7.52301
   vertex -2.97731 -3.28647     35.4
   vertex -2.54193 -3.63372     35.4
  endloop
 endfacet
 facet normal  0.89249 -0.411536 0.184662
  outer loop
   vertex  5.97507 -3.13142  16.9549
   vertex  6.26122 -2.51087  16.9549
   vertex  5.19594 -2.06225  23.1033
  endloop
 endfacet
 facet normal 0.892108 -0.412322 0.184751
  outer loop
   vertex  5.97507 -3.13142  16.9549
   vertex  5.19594 -2.06225  23.1033
   vertex  4.93754 -2.62133  23.1033
  endloop
 endfacet
 facet normal 0.377425  0.92604        0
  outer loop
   vertex  2.91844  6.24967    7.523
   vertex  2.28168   6.5092    7.523
   vertex  2.28168   6.5092       10
  endloop
 endfacet
 facet normal 0.377425  0.92604       -0
  outer loop
   vertex  2.91844  6.24967    7.523
   vertex  2.28168   6.5092       10
   vertex  2.91844  6.24967       10
  endloop
 endfacet
 facet normal  0.29035 -0.956921        0
  outer loop
   vertex -1.75363  9.24212 -8.04519
   vertex -1.75363  9.24212  4.25481
   vertex -3.53663  8.70112  4.25481
  endloop
 endfacet
 facet normal  0.29035 -0.956921        0
  outer loop
   vertex -1.75363  9.24212 -8.04519
   vertex -3.53663  8.70112  4.25481
   vertex -3.53663  8.70112 -8.04519
  endloop
 endfacet
 facet normal 0.634144 0.773215        0
  outer loop
   vertex -6.61963 -6.79888  4.25481
   vertex -5.17963 -7.97988  4.25481
   vertex -5.17963 -7.97988 -8.04519
  endloop
 endfacet
 facet normal 0.634144 0.773215        0
  outer loop
   vertex -6.61963 -6.79888  4.25481
   vertex -5.17963 -7.97988 -8.04519
   vertex -6.61963 -6.79888 -8.04519
  endloop
 endfacet
 facet normal -0.999321 -0.0368419        0
  outer loop
   vertex -6.89693 0.0897709    7.523
   vertex  -6.8716 -0.597388    7.523
   vertex  -6.8716 -0.597388       10
  endloop
 endfacet
 facet normal -0.999321 -0.0368419        0
  outer loop
   vertex -6.89693 0.0897709    7.523
   vertex  -6.8716 -0.597388       10
   vertex -6.89693 0.0897709       10
  endloop
 endfacet
 facet normal -0.671388 -0.741106        0
  outer loop
   vertex -4.87996  -4.8746    7.523
   vertex -4.37035 -5.33627    7.523
   vertex -4.37035 -5.33627       10
  endloop
 endfacet
 facet normal -0.671388 -0.741106        0
  outer loop
   vertex -4.87996  -4.8746    7.523
   vertex -4.37035 -5.33627       10
   vertex -4.87996  -4.8746       10
  endloop
 endfacet
 facet normal -0.29035 -0.956921        0
  outer loop
   vertex  3.73737  8.70112 -8.04519
   vertex  3.73737  8.70112  4.25481
   vertex  1.95437  9.24212  4.25481
  endloop
 endfacet
 facet normal -0.29035 -0.956921        0
  outer loop
   vertex  3.73737  8.70112 -8.04519
   vertex  1.95437  9.24212  4.25481
   vertex  1.95437  9.24212 -8.04519
  endloop
 endfacet
 facet normal -0.488686  0.87246        0
  outer loop
   vertex -3.06657  6.17834    7.523
   vertex  -3.6665  5.84231    7.523
   vertex  -3.6665  5.84231       10
  endloop
 endfacet
 facet normal -0.488686  0.87246        0
  outer loop
   vertex -3.06657  6.17834    7.523
   vertex  -3.6665  5.84231       10
   vertex -3.06657  6.17834       10
  endloop
 endfacet
 facet normal -0.169768 -0.985484 -4.35583e-09
  outer loop
   vertex  0.47695  4.40883  7.52301
   vertex  1.02576  4.31429  7.52301
   vertex  1.02576  4.31429     35.4
  endloop
 endfacet
 facet normal -0.169768 -0.985484 -4.71881e-09
  outer loop
   vertex  0.47695  4.40883  7.52301
   vertex  1.02576  4.31429     35.4
   vertex 0.476949  4.40883     35.4
  endloop
 endfacet
 facet normal -0.846432 0.532496        0
  outer loop
   vertex -5.64794  3.95935    7.523
   vertex  -6.0141  3.37732    7.523
   vertex  -6.0141  3.37732       10
  endloop
 endfacet
 facet normal -0.846432 0.532496        0
  outer loop
   vertex -5.64794  3.95935    7.523
   vertex  -6.0141  3.37732       10
   vertex -5.64794  3.95935       10
  endloop
 endfacet
 facet normal -0.573128 0.819466        0
  outer loop
   vertex  -3.6665  5.84231    7.523
   vertex -4.22998  5.44821    7.523
   vertex -4.22998  5.44821       10
  endloop
 endfacet
 facet normal -0.573128 0.819466        0
  outer loop
   vertex  -3.6665  5.84231    7.523
   vertex -4.22998  5.44821       10
   vertex  -3.6665  5.84231       10
  endloop
 endfacet
 facet normal 0.633613  0.77365        0
  outer loop
   vertex  4.63091  5.11179  7.52301
   vertex  4.09893  5.54748    7.523
   vertex  4.09893  5.54748       10
  endloop
 endfacet
 facet normal 0.633613  0.77365       -0
  outer loop
   vertex  4.63091  5.11179  7.52301
   vertex  4.09893  5.54748       10
   vertex  4.63091  5.11179       10
  endloop
 endfacet
 facet normal 0.283347 0.959017        0
  outer loop
   vertex  2.28168   6.5092    7.523
   vertex  1.62223  6.70404    7.523
   vertex  1.62223  6.70404       10
  endloop
 endfacet
 facet normal 0.283347 0.959017       -0
  outer loop
   vertex  2.28168   6.5092    7.523
   vertex  1.62223  6.70404       10
   vertex  2.28168   6.5092       10
  endloop
 endfacet
 facet normal -0.423115 -0.906076        0
  outer loop
   vertex -3.22634 -6.09643    7.523
   vertex  -2.6033 -6.38738    7.523
   vertex  -2.6033 -6.38738       10
  endloop
 endfacet
 facet normal -0.423115 -0.906076        0
  outer loop
   vertex -3.22634 -6.09643    7.523
   vertex  -2.6033 -6.38738       10
   vertex -3.22634 -6.09643       10
  endloop
 endfacet
 facet normal -0.594262 -0.804272        0
  outer loop
   vertex -4.37035 -5.33627    7.523
   vertex -3.81732  -5.7449    7.523
   vertex -3.81732  -5.7449       10
  endloop
 endfacet
 facet normal -0.594262 -0.804272        0
  outer loop
   vertex -4.37035 -5.33627    7.523
   vertex -3.81732  -5.7449       10
   vertex -4.37035 -5.33627       10
  endloop
 endfacet
 facet normal 0.289858  0.95707       -0
  outer loop
   vertex -3.53663 -8.85888 -8.04519
   vertex -3.53663 -8.85888  4.25481
   vertex -1.75363 -9.39888  4.25481
  endloop
 endfacet
 facet normal 0.289858  0.95707        0
  outer loop
   vertex -3.53663 -8.85888 -8.04519
   vertex -1.75363 -9.39888  4.25481
   vertex -1.75363 -9.39888 -8.04519
  endloop
 endfacet
 facet normal -0.0982285 0.995164        0
  outer loop
   vertex 0.100374 -9.58188 -8.04519
   vertex 0.100374 -9.58188  4.25481
   vertex  1.95437 -9.39888  4.25481
  endloop
 endfacet
 facet normal -0.0982285 0.995164        0
  outer loop
   vertex 0.100374 -9.58188 -8.04519
   vertex  1.95437 -9.39888  4.25481
   vertex  1.95437 -9.39888 -8.04519
  endloop
 endfacet
 facet normal -0.773215 -0.634143        0
  outer loop
   vertex  8.00137  5.20112 -8.04519
   vertex  8.00137  5.20112  4.25481
   vertex  6.82037  6.64112  4.25481
  endloop
 endfacet
 facet normal -0.773215 -0.634143        0
  outer loop
   vertex  8.00137  5.20112 -8.04519
   vertex  6.82037  6.64112  4.25481
   vertex  6.82037  6.64112 -8.04519
  endloop
 endfacet
 facet normal -0.989712 -0.143073 -3.38581e-08
  outer loop
   vertex  4.34043 0.908796  7.52301
   vertex  4.42011  0.35763  7.52301
   vertex  4.42011  0.35763     35.4
  endloop
 endfacet
 facet normal -0.989712 -0.143073 -3.38581e-08
  outer loop
   vertex  4.34043 0.908796  7.52301
   vertex  4.42011  0.35763     35.4
   vertex  4.34043 0.908796     35.4
  endloop
 endfacet
 facet normal -0.994199 0.107552 -5.10175e-08
  outer loop
   vertex  4.43008 -0.199177  7.52301
   vertex  4.37018 -0.752843  7.52301
   vertex  4.37018 -0.752843     35.4
  endloop
 endfacet
 facet normal -0.994199 0.107553 -3.40116e-08
  outer loop
   vertex  4.43008 -0.199177  7.52301
   vertex  4.37018 -0.752843     35.4
   vertex  4.43008 -0.199177     35.4
  endloop
 endfacet
 facet normal -0.935162 0.354221        0
  outer loop
   vertex -6.32049  2.76173    7.523
   vertex -6.56406  2.11869    7.523
   vertex -6.56406  2.11869       10
  endloop
 endfacet
 facet normal -0.935162 0.354221        0
  outer loop
   vertex -6.32049  2.76173    7.523
   vertex -6.56406  2.11869       10
   vertex -6.32049  2.76173       10
  endloop
 endfacet
 facet normal 0.0806459 -0.996743 2.1985e-09
  outer loop
   vertex -0.634467  4.38893  7.52301
   vertex -0.0793845  4.43384  7.52301
   vertex -0.0793853  4.43384     35.4
  endloop
 endfacet
 facet normal 0.0806459 -0.996743 2.24161e-09
  outer loop
   vertex -0.634467  4.38893  7.52301
   vertex -0.0793853  4.43384     35.4
   vertex -0.634467  4.38893     35.4
  endloop
 endfacet
 facet normal -0.289858  0.95707        0
  outer loop
   vertex  1.95437 -9.39888 -8.04519
   vertex  1.95437 -9.39888  4.25481
   vertex  3.73737 -8.85888  4.25481
  endloop
 endfacet
 facet normal -0.289858  0.95707        0
  outer loop
   vertex  1.95437 -9.39888 -8.04519
   vertex  3.73737 -8.85888  4.25481
   vertex  3.73737 -8.85888 -8.04519
  endloop
 endfacet
 facet normal -0.99984 -0.0179006 -3.42046e-08
  outer loop
   vertex  4.42011  0.35763  7.52301
   vertex  4.43008 -0.199177  7.52301
   vertex  4.43008 -0.199177     35.4
  endloop
 endfacet
 facet normal -0.99984 -0.0179006 -3.42046e-08
  outer loop
   vertex  4.42011  0.35763  7.52301
   vertex  4.43008 -0.199177     35.4
   vertex  4.42011  0.35763     35.4
  endloop
 endfacet
endsolid Exported#from#Blender-2.93.1 written by HOOPS Exchange
