solid OpenSCAD_Model
  facet normal 0 0 0
    outer loop
      vertex -108.729 61.9125 3.98528
      vertex -108.744 61.9125 6
      vertex 108.744 61.9125 6
    endloop
  endfacet
  facet normal 0 0 0
    outer loop
      vertex -108.729 61.9125 3.98528
      vertex 108.744 61.9125 6
      vertex 108.744 61.9125 3.98528
    endloop
  endfacet
  facet normal 0 0 0
    outer loop
      vertex -108.744 61.9125 6
      vertex -108.729 61.9125 3.98528
      vertex -108.744 61.9125 4
    endloop
  endfacet
  facet normal 0 0 0
    outer loop
      vertex -52.4062 33.55 4.10869e-15
      vertex -66.2248 47.3238 5.79549e-15
      vertex -66.0043 48.8576 5.98332e-15
    endloop
  endfacet
  facet normal 0 0 0
    outer loop
      vertex -52.4062 33.55 4.10869e-15
      vertex -66.2515 47.1379 5.77273e-15
      vertex -66.2248 47.3238 5.79549e-15
    endloop
  endfacet
  facet normal 0 0 0
    outer loop
      vertex -52.4062 33.55 4.10869e-15
      vertex -66.3745 46.9959 5.75534e-15
      vertex -66.2515 47.1379 5.77273e-15
    endloop
  endfacet
  facet normal 0 0 0
    outer loop
      vertex -52.4062 33.55 4.10869e-15
      vertex -67.3893 45.8249 5.61193e-15
      vertex -66.3745 46.9959 5.75534e-15
    endloop
  endfacet
  facet normal 0 0 0
    outer loop
      vertex -52.4062 33.55 4.10869e-15
      vertex -67.5695 45.772 5.60545e-15
      vertex -67.3893 45.8249 5.61193e-15
    endloop
  endfacet
  facet normal 0 0 0
    outer loop
      vertex -52.4062 33.55 4.10869e-15
      vertex -69.0563 45.3354 5.55199e-15
      vertex -67.5695 45.772 5.60545e-15
    endloop
  endfacet
  facet normal 0 0 0
    outer loop
      vertex -85.7063 33.55 4.10869e-15
      vertex -69.0563 45.3354 5.55199e-15
      vertex -52.4062 33.55 4.10869e-15
    endloop
  endfacet
  facet normal 0 0 0
    outer loop
      vertex -69.0563 45.3354 5.55199e-15
      vertex -85.7063 33.55 4.10869e-15
      vertex -70.543 45.772 5.60545e-15
    endloop
  endfacet
  facet normal 0 0 0
    outer loop
      vertex -71.8877 47.3238 5.79549e-15
      vertex -85.7063 33.55 4.10869e-15
      vertex -72.1082 48.8576 5.98332e-15
    endloop
  endfacet
  facet normal 0 0 0
    outer loop
      vertex -71.8609 47.1379 5.77273e-15
      vertex -85.7063 33.55 4.10869e-15
      vertex -71.8877 47.3238 5.79549e-15
    endloop
  endfacet
  facet normal 0 0 0
    outer loop
      vertex -71.738 46.9959 5.75534e-15
      vertex -85.7063 33.55 4.10869e-15
      vertex -71.8609 47.1379 5.77273e-15
    endloop
  endfacet
  facet normal 0 0 0
    outer loop
      vertex -70.7232 45.8249 5.61193e-15
      vertex -85.7063 33.55 4.10869e-15
      vertex -71.738 46.9959 5.75534e-15
    endloop
  endfacet
  facet normal 0 0 0
    outer loop
      vertex -70.543 45.772 5.60545e-15
      vertex -85.7063 33.55 4.10869e-15
      vertex -70.7232 45.8249 5.61193e-15
    endloop
  endfacet
  facet normal 0 0 0
    outer loop
      vertex -66.648 -46.5704 -5.70323e-15
      vertex -52.4062 -33.55 -4.10869e-15
      vertex -66.0043 -47.9799 -5.87585e-15
    endloop
  endfacet
  facet normal 0 0 0
    outer loop
      vertex -66.726 -46.3996 -5.68231e-15
      vertex -52.4062 -33.55 -4.10869e-15
      vertex -66.648 -46.5704 -5.70323e-15
    endloop
  endfacet
  facet normal 0 0 0
    outer loop
      vertex -68.0296 -45.5619 -5.57972e-15
      vertex -52.4062 -33.55 -4.10869e-15
      vertex -66.726 -46.3996 -5.68231e-15
    endloop
  endfacet
  facet normal 0 0 0
    outer loop
      vertex -68.1876 -45.4603 -5.56728e-15
      vertex -52.4062 -33.55 -4.10869e-15
      vertex -68.0296 -45.5619 -5.57972e-15
    endloop
  endfacet
  facet normal 0 0 0
    outer loop
      vertex -69.9249 -45.4603 -5.56728e-15
      vertex -52.4062 -33.55 -4.10869e-15
      vertex -68.1876 -45.4603 -5.56728e-15
    endloop
  endfacet
  facet normal 0 0 0
    outer loop
      vertex -85.7063 -33.55 -4.10869e-15
      vertex -69.9249 -45.4603 -5.56728e-15
      vertex -70.0829 -45.5619 -5.57972e-15
    endloop
  endfacet
  facet normal 0 0 0
    outer loop
      vertex -85.7063 -33.55 -4.10869e-15
      vertex -70.0829 -45.5619 -5.57972e-15
      vertex -71.3865 -46.3996 -5.68231e-15
    endloop
  endfacet
  facet normal 0 0 0
    outer loop
      vertex -69.9249 -45.4603 -5.56728e-15
      vertex -85.7063 -33.55 -4.10869e-15
      vertex -52.4062 -33.55 -4.10869e-15
    endloop
  endfacet
  facet normal 0 0 0
    outer loop
      vertex -71.4645 -46.5704 -5.70323e-15
      vertex -85.7063 -33.55 -4.10869e-15
      vertex -71.3865 -46.3996 -5.68231e-15
    endloop
  endfacet
  facet normal 0 0 0
    outer loop
      vertex -85.7063 -33.55 -4.10869e-15
      vertex -71.4645 -46.5704 -5.70323e-15
      vertex -72.1082 -47.9799 -5.87585e-15
    endloop
  endfacet
  facet normal 0 0 0
    outer loop
      vertex 104.758 57.9272 7.09404e-15
      vertex 71.8877 29.0675 3.55975e-15
      vertex 72.1082 30.6013 3.74758e-15
    endloop
  endfacet
  facet normal 0 0 0
    outer loop
      vertex 74.2157 11.9063 1.4581e-15
      vertex 71.8609 28.8816 3.53698e-15
      vertex 71.8877 29.0675 3.55975e-15
    endloop
  endfacet
  facet normal 0 0 0
    outer loop
      vertex 74.2157 11.9063 1.4581e-15
      vertex 70.8462 27.7106 3.39357e-15
      vertex 71.8609 28.8816 3.53698e-15
    endloop
  endfacet
  facet normal 0 0 0
    outer loop
      vertex 74.2157 11.9063 1.4581e-15
      vertex 70.7232 27.5686 3.37618e-15
      vertex 70.8462 27.7106 3.39357e-15
    endloop
  endfacet
  facet normal 0 0 0
    outer loop
      vertex 74.2157 11.9063 1.4581e-15
      vertex 70.543 27.5157 3.3697e-15
      vertex 70.7232 27.5686 3.37618e-15
    endloop
  endfacet
  facet normal 0 0 0
    outer loop
      vertex 74.2157 11.9063 1.4581e-15
      vertex 69.0563 27.0792 3.31624e-15
      vertex 70.543 27.5157 3.3697e-15
    endloop
  endfacet
  facet normal 0 0 0
    outer loop
      vertex 63.8969 11.9063 1.4581e-15
      vertex 69.0563 27.0792 3.31624e-15
      vertex 74.2157 11.9063 1.4581e-15
    endloop
  endfacet
  facet normal 0 0 0
    outer loop
      vertex 69.0563 27.0792 3.31624e-15
      vertex 63.8969 11.9063 1.4581e-15
      vertex 67.5695 27.5157 3.3697e-15
    endloop
  endfacet
  facet normal 0 0 0
    outer loop
      vertex 67.5695 27.5157 3.3697e-15
      vertex 63.8969 11.9063 1.4581e-15
      vertex 67.3893 27.5686 3.37618e-15
    endloop
  endfacet
  facet normal 0 0 0
    outer loop
      vertex 67.3893 27.5686 3.37618e-15
      vertex 63.8969 11.9063 1.4581e-15
      vertex 67.2663 27.7106 3.39357e-15
    endloop
  endfacet
  facet normal 0 0 0
    outer loop
      vertex 25.8502 29.0675 3.55975e-15
      vertex 66.2248 29.0675 3.55975e-15
      vertex 66.2515 28.8816 3.53698e-15
    endloop
  endfacet
  facet normal 0 0 0
    outer loop
      vertex 25.8234 28.8816 3.53698e-15
      vertex 66.2515 28.8816 3.53698e-15
      vertex 63.8969 11.9063 1.4581e-15
    endloop
  endfacet
  facet normal 0 0 0
    outer loop
      vertex 67.2663 27.7106 3.39357e-15
      vertex 63.8969 11.9063 1.4581e-15
      vertex 66.2515 28.8816 3.53698e-15
    endloop
  endfacet
  facet normal 0 0 0
    outer loop
      vertex 104.758 -57.9625 -7.09836e-15
      vertex 74.2157 -11.9062 -1.4581e-15
      vertex 104.758 57.9272 7.09404e-15
    endloop
  endfacet
  facet normal 0 0 0
    outer loop
      vertex 104.758 -57.9625 -7.09836e-15
      vertex 72.1082 -29.7237 -3.6401e-15
      vertex 74.2157 -11.9062 -1.4581e-15
    endloop
  endfacet
  facet normal 0 0 0
    outer loop
      vertex 104.758 -57.9625 -7.09836e-15
      vertex 71.8877 -31.2575 -3.82793e-15
      vertex 72.1082 -29.7237 -3.6401e-15
    endloop
  endfacet
  facet normal 0 0 0
    outer loop
      vertex 104.758 -57.9625 -7.09836e-15
      vertex 71.8609 -31.4434 -3.8507e-15
      vertex 71.8877 -31.2575 -3.82793e-15
    endloop
  endfacet
  facet normal 0 0 0
    outer loop
      vertex 104.758 -57.9625 -7.09836e-15
      vertex 71.738 -31.5853 -3.86808e-15
      vertex 71.8609 -31.4434 -3.8507e-15
    endloop
  endfacet
  facet normal 0 0 0
    outer loop
      vertex 104.758 -57.9625 -7.09836e-15
      vertex 70.7232 -32.7564 -4.0115e-15
      vertex 71.738 -31.5853 -3.86808e-15
    endloop
  endfacet
  facet normal 0 0 0
    outer loop
      vertex 104.758 -57.9625 -7.09836e-15
      vertex 70.543 -32.8093 -4.01798e-15
      vertex 70.7232 -32.7564 -4.0115e-15
    endloop
  endfacet
  facet normal 0 0 0
    outer loop
      vertex 104.758 -57.9625 -7.09836e-15
      vertex 69.0563 -33.2458 -4.07144e-15
      vertex 70.543 -32.8093 -4.01798e-15
    endloop
  endfacet
  facet normal 0 0 0
    outer loop
      vertex 104.758 -57.9625 -7.09836e-15
      vertex 67.5695 -32.8093 -4.01798e-15
      vertex 69.0563 -33.2458 -4.07144e-15
    endloop
  endfacet
  facet normal 0 0 0
    outer loop
      vertex 104.758 -57.9625 -7.09836e-15
      vertex 67.3893 -32.7564 -4.0115e-15
      vertex 67.5695 -32.8093 -4.01798e-15
    endloop
  endfacet
  facet normal 0 0 0
    outer loop
      vertex 25.7005 -31.5853 -3.86808e-15
      vertex 66.3745 -31.5853 -3.86808e-15
      vertex 67.3893 -32.7564 -4.0115e-15
    endloop
  endfacet
  facet normal 0 0 0
    outer loop
      vertex 25.8502 -31.2575 -3.82793e-15
      vertex 66.2248 -31.2575 -3.82793e-15
      vertex 66.2515 -31.4434 -3.8507e-15
    endloop
  endfacet
  facet normal 0 0 0
    outer loop
      vertex 63.8969 -11.9062 -1.4581e-15
      vertex 28.1782 -11.9062 -1.4581e-15
      vertex 63.8969 11.9063 1.4581e-15
    endloop
  endfacet
  facet normal 0 0 0
    outer loop
      vertex 66.0043 -29.7237 -3.6401e-15
      vertex 28.1782 -11.9062 -1.4581e-15
      vertex 63.8969 -11.9062 -1.4581e-15
    endloop
  endfacet
  facet normal 0 0 0
    outer loop
      vertex 66.2248 -31.2575 -3.82793e-15
      vertex 26.0707 -29.7237 -3.6401e-15
      vertex 66.0043 -29.7237 -3.6401e-15
    endloop
  endfacet
  facet normal 0 0 0
    outer loop
      vertex 66.3745 -31.5853 -3.86808e-15
      vertex 25.7005 -31.5853 -3.86808e-15
      vertex 66.2515 -31.4434 -3.8507e-15
    endloop
  endfacet
  facet normal 0 0 0
    outer loop
      vertex 24.6857 -32.7564 -4.0115e-15
      vertex 67.3893 -32.7564 -4.0115e-15
      vertex 104.758 -57.9625 -7.09836e-15
    endloop
  endfacet
  facet normal 0 0 0
    outer loop
      vertex 66.0043 -29.7237 -3.6401e-15
      vertex 26.0707 -29.7237 -3.6401e-15
      vertex 28.1782 -11.9062 -1.4581e-15
    endloop
  endfacet
  facet normal 0 0 0
    outer loop
      vertex 66.2248 -31.2575 -3.82793e-15
      vertex 25.8502 -31.2575 -3.82793e-15
      vertex 26.0707 -29.7237 -3.6401e-15
    endloop
  endfacet
  facet normal 0 0 0
    outer loop
      vertex 66.2515 -31.4434 -3.8507e-15
      vertex 25.8234 -31.4434 -3.8507e-15
      vertex 25.8502 -31.2575 -3.82793e-15
    endloop
  endfacet
  facet normal 0 0 0
    outer loop
      vertex 66.2515 -31.4434 -3.8507e-15
      vertex 25.7005 -31.5853 -3.86808e-15
      vertex 25.8234 -31.4434 -3.8507e-15
    endloop
  endfacet
  facet normal 0 0 0
    outer loop
      vertex 67.3893 -32.7564 -4.0115e-15
      vertex 24.6857 -32.7564 -4.0115e-15
      vertex 25.7005 -31.5853 -3.86808e-15
    endloop
  endfacet
  facet normal 0 0 0
    outer loop
      vertex 104.758 -57.9625 -7.09836e-15
      vertex 24.5055 -32.8093 -4.01798e-15
      vertex 24.6857 -32.7564 -4.0115e-15
    endloop
  endfacet
  facet normal 0 0 0
    outer loop
      vertex 104.758 -57.9625 -7.09836e-15
      vertex 23.0187 -33.2458 -4.07144e-15
      vertex 24.5055 -32.8093 -4.01798e-15
    endloop
  endfacet
  facet normal 0 0 0
    outer loop
      vertex -67.3893 -51.0126 -6.24724e-15
      vertex 23.0187 -33.2458 -4.07144e-15
      vertex 104.758 -57.9625 -7.09836e-15
    endloop
  endfacet
  facet normal 0 0 0
    outer loop
      vertex -23.0187 -33.2458 -4.07144e-15
      vertex 23.0187 -33.2458 -4.07144e-15
      vertex -67.3893 -51.0126 -6.24724e-15
    endloop
  endfacet
  facet normal 0 0 0
    outer loop
      vertex -20.337 -31.5853 -3.86808e-15
      vertex 20.337 -31.5853 -3.86808e-15
      vertex 21.3518 -32.7564 -4.0115e-15
    endloop
  endfacet
  facet normal 0 0 0
    outer loop
      vertex -20.1873 -31.2575 -3.82793e-15
      vertex 20.1873 -31.2575 -3.82793e-15
      vertex 20.2141 -31.4434 -3.8507e-15
    endloop
  endfacet
  facet normal 0 0 0
    outer loop
      vertex 17.8594 -11.9062 -1.4581e-15
      vertex -17.8594 -11.9062 -1.4581e-15
      vertex 17.8594 11.9063 1.4581e-15
    endloop
  endfacet
  facet normal 0 0 0
    outer loop
      vertex 19.9668 -29.7237 -3.6401e-15
      vertex -17.8594 -11.9062 -1.4581e-15
      vertex 17.8594 -11.9062 -1.4581e-15
    endloop
  endfacet
  facet normal 0 0 0
    outer loop
      vertex 20.1873 -31.2575 -3.82793e-15
      vertex -19.9668 -29.7237 -3.6401e-15
      vertex 19.9668 -29.7237 -3.6401e-15
    endloop
  endfacet
  facet normal 0 0 0
    outer loop
      vertex 20.337 -31.5853 -3.86808e-15
      vertex -20.337 -31.5853 -3.86808e-15
      vertex 20.2141 -31.4434 -3.8507e-15
    endloop
  endfacet
  facet normal 0 0 0
    outer loop
      vertex 19.9668 -29.7237 -3.6401e-15
      vertex -19.9668 -29.7237 -3.6401e-15
      vertex -17.8594 -11.9062 -1.4581e-15
    endloop
  endfacet
  facet normal 0 0 0
    outer loop
      vertex 23.0187 -33.2458 -4.07144e-15
      vertex -23.0187 -33.2458 -4.07144e-15
      vertex 21.532 -32.8093 -4.01798e-15
    endloop
  endfacet
  facet normal 0 0 0
    outer loop
      vertex 20.1873 -31.2575 -3.82793e-15
      vertex -20.1873 -31.2575 -3.82793e-15
      vertex -19.9668 -29.7237 -3.6401e-15
    endloop
  endfacet
  facet normal 0 0 0
    outer loop
      vertex 20.2141 -31.4434 -3.8507e-15
      vertex -20.2141 -31.4434 -3.8507e-15
      vertex -20.1873 -31.2575 -3.82793e-15
    endloop
  endfacet
  facet normal 0 0 0
    outer loop
      vertex 20.2141 -31.4434 -3.8507e-15
      vertex -20.337 -31.5853 -3.86808e-15
      vertex -20.2141 -31.4434 -3.8507e-15
    endloop
  endfacet
  facet normal 0 0 0
    outer loop
      vertex 21.3518 -32.7564 -4.0115e-15
      vertex -21.3518 -32.7564 -4.0115e-15
      vertex -20.337 -31.5853 -3.86808e-15
    endloop
  endfacet
  facet normal 0 0 0
    outer loop
      vertex 21.3518 -32.7564 -4.0115e-15
      vertex -21.532 -32.8093 -4.01798e-15
      vertex -21.3518 -32.7564 -4.0115e-15
    endloop
  endfacet
  facet normal 0 0 0
    outer loop
      vertex 21.532 -32.8093 -4.01798e-15
      vertex -21.532 -32.8093 -4.01798e-15
      vertex 21.3518 -32.7564 -4.0115e-15
    endloop
  endfacet
  facet normal 0 0 0
    outer loop
      vertex -52.4062 -33.55 -4.10869e-15
      vertex -25.7005 -31.5853 -3.86808e-15
      vertex -24.6857 -32.7564 -4.0115e-15
    endloop
  endfacet
  facet normal 0 0 0
    outer loop
      vertex -52.4062 -33.55 -4.10869e-15
      vertex -25.8502 -31.2575 -3.82793e-15
      vertex -25.8234 -31.4434 -3.8507e-15
    endloop
  endfacet
  facet normal 0 0 0
    outer loop
      vertex -28.1782 -11.9062 -1.4581e-15
      vertex -52.4062 -33.55 -4.10869e-15
      vertex -28.1782 11.9063 1.4581e-15
    endloop
  endfacet
  facet normal 0 0 0
    outer loop
      vertex -26.0707 -29.7237 -3.6401e-15
      vertex -52.4062 -33.55 -4.10869e-15
      vertex -28.1782 -11.9062 -1.4581e-15
    endloop
  endfacet
  facet normal 0 0 0
    outer loop
      vertex -25.8502 -31.2575 -3.82793e-15
      vertex -52.4062 -33.55 -4.10869e-15
      vertex -26.0707 -29.7237 -3.6401e-15
    endloop
  endfacet
  facet normal 0 0 0
    outer loop
      vertex -25.7005 -31.5853 -3.86808e-15
      vertex -52.4062 -33.55 -4.10869e-15
      vertex -25.8234 -31.4434 -3.8507e-15
    endloop
  endfacet
  facet normal 0 0 0
    outer loop
      vertex -66.2515 -49.6996 -6.08645e-15
      vertex -24.6857 -32.7564 -4.0115e-15
      vertex -24.5055 -32.8093 -4.01798e-15
    endloop
  endfacet
  facet normal 0 0 0
    outer loop
      vertex -66.2515 -49.6996 -6.08645e-15
      vertex -24.5055 -32.8093 -4.01798e-15
      vertex -23.0187 -33.2458 -4.07144e-15
    endloop
  endfacet
  facet normal 0 0 0
    outer loop
      vertex -21.532 -32.8093 -4.01798e-15
      vertex 21.532 -32.8093 -4.01798e-15
      vertex -23.0187 -33.2458 -4.07144e-15
    endloop
  endfacet
  facet normal 0 0 0
    outer loop
      vertex -24.6857 -32.7564 -4.0115e-15
      vertex -66.2515 -49.6996 -6.08645e-15
      vertex -52.4062 -33.55 -4.10869e-15
    endloop
  endfacet
  facet normal 0 0 0
    outer loop
      vertex -52.4062 -33.55 -4.10869e-15
      vertex -66.2248 -49.5137 -6.06368e-15
      vertex -66.0043 -47.9799 -5.87585e-15
    endloop
  endfacet
  facet normal 0 0 0
    outer loop
      vertex -52.4062 -33.55 -4.10869e-15
      vertex -66.2515 -49.6996 -6.08645e-15
      vertex -66.2248 -49.5137 -6.06368e-15
    endloop
  endfacet
  facet normal 0 0 0
    outer loop
      vertex -23.0187 -33.2458 -4.07144e-15
      vertex -67.2663 -50.8707 -6.22986e-15
      vertex -66.2515 -49.6996 -6.08645e-15
    endloop
  endfacet
  facet normal 0 0 0
    outer loop
      vertex -23.0187 -33.2458 -4.07144e-15
      vertex -67.3893 -51.0126 -6.24724e-15
      vertex -67.2663 -50.8707 -6.22986e-15
    endloop
  endfacet
  facet normal 0 0 0
    outer loop
      vertex 104.758 -57.9625 -7.09836e-15
      vertex -68.876 -51.4492 -6.30071e-15
      vertex -67.3893 -51.0126 -6.24724e-15
    endloop
  endfacet
  facet normal 0 0 0
    outer loop
      vertex 104.758 -57.9625 -7.09836e-15
      vertex -69.0563 -51.5021 -6.30719e-15
      vertex -68.876 -51.4492 -6.30071e-15
    endloop
  endfacet
  facet normal 0 0 0
    outer loop
      vertex -104.744 -57.9625 -7.09836e-15
      vertex -70.8462 -50.8707 -6.22986e-15
      vertex -70.7232 -51.0126 -6.24724e-15
    endloop
  endfacet
  facet normal 0 0 0
    outer loop
      vertex -104.744 -57.9625 -7.09836e-15
      vertex -72.1082 -47.9799 -5.87585e-15
      vertex -71.8877 -49.5137 -6.06368e-15
    endloop
  endfacet
  facet normal 0 0 0
    outer loop
      vertex -104.744 -57.9625 -7.09836e-15
      vertex -71.8877 -49.5137 -6.06368e-15
      vertex -71.8609 -49.6996 -6.08645e-15
    endloop
  endfacet
  facet normal 0 0 0
    outer loop
      vertex -85.7063 -33.55 -4.10869e-15
      vertex -104.744 -57.9625 -7.09836e-15
      vertex -85.7063 33.55 4.10869e-15
    endloop
  endfacet
  facet normal 0 0 0
    outer loop
      vertex -72.1082 -47.9799 -5.87585e-15
      vertex -104.744 -57.9625 -7.09836e-15
      vertex -85.7063 -33.55 -4.10869e-15
    endloop
  endfacet
  facet normal 0 0 0
    outer loop
      vertex -70.8462 -50.8707 -6.22986e-15
      vertex -104.744 -57.9625 -7.09836e-15
      vertex -71.8609 -49.6996 -6.08645e-15
    endloop
  endfacet
  facet normal 0 0 0
    outer loop
      vertex -69.2365 -51.4492 -6.30071e-15
      vertex -104.744 -57.9625 -7.09836e-15
      vertex -70.7232 -51.0126 -6.24724e-15
    endloop
  endfacet
  facet normal 0 0 0
    outer loop
      vertex -69.0563 -51.5021 -6.30719e-15
      vertex -104.744 -57.9625 -7.09836e-15
      vertex -69.2365 -51.4492 -6.30071e-15
    endloop
  endfacet
  facet normal 0 0 0
    outer loop
      vertex -104.744 -57.9625 -7.09836e-15
      vertex -69.0563 -51.5021 -6.30719e-15
      vertex 104.758 -57.9625 -7.09836e-15
    endloop
  endfacet
  facet normal 0 0 0
    outer loop
      vertex 74.2157 11.9063 1.4581e-15
      vertex 104.758 57.9272 7.09404e-15
      vertex 74.2157 -11.9062 -1.4581e-15
    endloop
  endfacet
  facet normal 0 0 0
    outer loop
      vertex 71.8877 29.0675 3.55975e-15
      vertex 104.758 57.9272 7.09404e-15
      vertex 74.2157 11.9063 1.4581e-15
    endloop
  endfacet
  facet normal 0 0 0
    outer loop
      vertex 71.4645 32.0108 3.92019e-15
      vertex 104.758 57.9272 7.09404e-15
      vertex 72.1082 30.6013 3.74758e-15
    endloop
  endfacet
  facet normal 0 0 0
    outer loop
      vertex 71.3865 32.1817 3.94112e-15
      vertex 104.758 57.9272 7.09404e-15
      vertex 71.4645 32.0108 3.92019e-15
    endloop
  endfacet
  facet normal 0 0 0
    outer loop
      vertex 70.0829 33.0194 4.04371e-15
      vertex 104.758 57.9272 7.09404e-15
      vertex 71.3865 32.1817 3.94112e-15
    endloop
  endfacet
  facet normal 0 0 0
    outer loop
      vertex 69.9249 33.1209 4.05615e-15
      vertex 104.758 57.9272 7.09404e-15
      vertex 70.0829 33.0194 4.04371e-15
    endloop
  endfacet
  facet normal 0 0 0
    outer loop
      vertex 68.1876 33.1209 4.05615e-15
      vertex 104.758 57.9272 7.09404e-15
      vertex 69.9249 33.1209 4.05615e-15
    endloop
  endfacet
  facet normal 0 0 0
    outer loop
      vertex 23.8874 33.1209 4.05615e-15
      vertex 68.1876 33.1209 4.05615e-15
      vertex 68.0296 33.0194 4.04371e-15
    endloop
  endfacet
  facet normal 0 0 0
    outer loop
      vertex 24.0454 33.0194 4.04371e-15
      vertex 68.0296 33.0194 4.04371e-15
      vertex 66.726 32.1817 3.94112e-15
    endloop
  endfacet
  facet normal 0 0 0
    outer loop
      vertex 26.0707 30.6013 3.74758e-15
      vertex 66.648 32.0108 3.92019e-15
      vertex 66.0043 30.6013 3.74758e-15
    endloop
  endfacet
  facet normal 0 0 0
    outer loop
      vertex 28.1782 11.9063 1.4581e-15
      vertex 63.8969 11.9063 1.4581e-15
      vertex 28.1782 -11.9062 -1.4581e-15
    endloop
  endfacet
  facet normal 0 0 0
    outer loop
      vertex 25.8234 28.8816 3.53698e-15
      vertex 63.8969 11.9063 1.4581e-15
      vertex 28.1782 11.9063 1.4581e-15
    endloop
  endfacet
  facet normal 0 0 0
    outer loop
      vertex 25.8502 29.0675 3.55975e-15
      vertex 66.2515 28.8816 3.53698e-15
      vertex 25.8234 28.8816 3.53698e-15
    endloop
  endfacet
  facet normal 0 0 0
    outer loop
      vertex 66.2248 29.0675 3.55975e-15
      vertex 25.8502 29.0675 3.55975e-15
      vertex 66.0043 30.6013 3.74758e-15
    endloop
  endfacet
  facet normal 0 0 0
    outer loop
      vertex 66.648 32.0108 3.92019e-15
      vertex 25.427 32.0108 3.92019e-15
      vertex 66.726 32.1817 3.94112e-15
    endloop
  endfacet
  facet normal 0 0 0
    outer loop
      vertex 25.349 32.1817 3.94112e-15
      vertex 66.726 32.1817 3.94112e-15
      vertex 25.427 32.0108 3.92019e-15
    endloop
  endfacet
  facet normal 0 0 0
    outer loop
      vertex 24.0454 33.0194 4.04371e-15
      vertex 66.726 32.1817 3.94112e-15
      vertex 25.349 32.1817 3.94112e-15
    endloop
  endfacet
  facet normal 0 0 0
    outer loop
      vertex 68.0296 33.0194 4.04371e-15
      vertex 24.0454 33.0194 4.04371e-15
      vertex 23.8874 33.1209 4.05615e-15
    endloop
  endfacet
  facet normal 0 0 0
    outer loop
      vertex 68.1876 33.1209 4.05615e-15
      vertex 23.8874 33.1209 4.05615e-15
      vertex 104.758 57.9272 7.09404e-15
    endloop
  endfacet
  facet normal 0 0 0
    outer loop
      vertex 22.1501 33.1209 4.05615e-15
      vertex 104.758 57.9272 7.09404e-15
      vertex 23.8874 33.1209 4.05615e-15
    endloop
  endfacet
  facet normal 0 0 0
    outer loop
      vertex -19.9668 30.6013 3.74758e-15
      vertex 20.6105 32.0108 3.92019e-15
      vertex 19.9668 30.6013 3.74758e-15
    endloop
  endfacet
  facet normal 0 0 0
    outer loop
      vertex -17.8594 11.9063 1.4581e-15
      vertex 17.8594 11.9063 1.4581e-15
      vertex -17.8594 -11.9062 -1.4581e-15
    endloop
  endfacet
  facet normal 0 0 0
    outer loop
      vertex -20.2141 28.8816 3.53698e-15
      vertex 17.8594 11.9063 1.4581e-15
      vertex -17.8594 11.9063 1.4581e-15
    endloop
  endfacet
  facet normal 0 0 0
    outer loop
      vertex 17.8594 11.9063 1.4581e-15
      vertex -20.2141 28.8816 3.53698e-15
      vertex 19.9668 30.6013 3.74758e-15
    endloop
  endfacet
  facet normal 0 0 0
    outer loop
      vertex -20.1873 29.0675 3.55975e-15
      vertex 19.9668 30.6013 3.74758e-15
      vertex -20.2141 28.8816 3.53698e-15
    endloop
  endfacet
  facet normal 0 0 0
    outer loop
      vertex -19.9668 30.6013 3.74758e-15
      vertex 19.9668 30.6013 3.74758e-15
      vertex -20.1873 29.0675 3.55975e-15
    endloop
  endfacet
  facet normal 0 0 0
    outer loop
      vertex -20.6105 32.0108 3.92019e-15
      vertex 20.6105 32.0108 3.92019e-15
      vertex -19.9668 30.6013 3.74758e-15
    endloop
  endfacet
  facet normal 0 0 0
    outer loop
      vertex 20.6885 32.1817 3.94112e-15
      vertex -20.6885 32.1817 3.94112e-15
      vertex 21.9921 33.0194 4.04371e-15
    endloop
  endfacet
  facet normal 0 0 0
    outer loop
      vertex -21.9921 33.0194 4.04371e-15
      vertex 21.9921 33.0194 4.04371e-15
      vertex -20.6885 32.1817 3.94112e-15
    endloop
  endfacet
  facet normal 0 0 0
    outer loop
      vertex 21.9921 33.0194 4.04371e-15
      vertex -21.9921 33.0194 4.04371e-15
      vertex 22.1501 33.1209 4.05615e-15
    endloop
  endfacet
  facet normal 0 0 0
    outer loop
      vertex -22.1501 33.1209 4.05615e-15
      vertex 22.1501 33.1209 4.05615e-15
      vertex -21.9921 33.0194 4.04371e-15
    endloop
  endfacet
  facet normal 0 0 0
    outer loop
      vertex -68.1876 51.3772 6.29189e-15
      vertex 22.1501 33.1209 4.05615e-15
      vertex -22.1501 33.1209 4.05615e-15
    endloop
  endfacet
  facet normal 0 0 0
    outer loop
      vertex -66.726 50.4379 6.17686e-15
      vertex -22.1501 33.1209 4.05615e-15
      vertex -23.8874 33.1209 4.05615e-15
    endloop
  endfacet
  facet normal 0 0 0
    outer loop
      vertex -52.4062 33.55 4.10869e-15
      vertex -28.1782 11.9063 1.4581e-15
      vertex -52.4062 -33.55 -4.10869e-15
    endloop
  endfacet
  facet normal 0 0 0
    outer loop
      vertex -28.1782 11.9063 1.4581e-15
      vertex -52.4062 33.55 4.10869e-15
      vertex -26.0707 30.6013 3.74758e-15
    endloop
  endfacet
  facet normal 0 0 0
    outer loop
      vertex -52.4062 33.55 4.10869e-15
      vertex -25.427 32.0108 3.92019e-15
      vertex -26.0707 30.6013 3.74758e-15
    endloop
  endfacet
  facet normal 0 0 0
    outer loop
      vertex -52.4062 33.55 4.10869e-15
      vertex -25.349 32.1817 3.94112e-15
      vertex -25.427 32.0108 3.92019e-15
    endloop
  endfacet
  facet normal 0 0 0
    outer loop
      vertex -52.4062 33.55 4.10869e-15
      vertex -24.0454 33.0194 4.04371e-15
      vertex -25.349 32.1817 3.94112e-15
    endloop
  endfacet
  facet normal 0 0 0
    outer loop
      vertex -52.4062 33.55 4.10869e-15
      vertex -23.8874 33.1209 4.05615e-15
      vertex -24.0454 33.0194 4.04371e-15
    endloop
  endfacet
  facet normal 0 0 0
    outer loop
      vertex -66.0043 48.8576 5.98332e-15
      vertex -23.8874 33.1209 4.05615e-15
      vertex -52.4062 33.55 4.10869e-15
    endloop
  endfacet
  facet normal 0 0 0
    outer loop
      vertex -23.8874 33.1209 4.05615e-15
      vertex -66.0043 48.8576 5.98332e-15
      vertex -66.648 50.2671 6.15594e-15
    endloop
  endfacet
  facet normal 0 0 0
    outer loop
      vertex -23.8874 33.1209 4.05615e-15
      vertex -66.648 50.2671 6.15594e-15
      vertex -66.726 50.4379 6.17686e-15
    endloop
  endfacet
  facet normal 0 0 0
    outer loop
      vertex -22.1501 33.1209 4.05615e-15
      vertex -66.726 50.4379 6.17686e-15
      vertex -68.0296 51.2756 6.27946e-15
    endloop
  endfacet
  facet normal 0 0 0
    outer loop
      vertex -22.1501 33.1209 4.05615e-15
      vertex -68.0296 51.2756 6.27946e-15
      vertex -68.1876 51.3772 6.29189e-15
    endloop
  endfacet
  facet normal 0 0 0
    outer loop
      vertex 22.1501 33.1209 4.05615e-15
      vertex -68.1876 51.3772 6.29189e-15
      vertex 104.758 57.9272 7.09404e-15
    endloop
  endfacet
  facet normal 0 0 0
    outer loop
      vertex -104.744 57.9272 7.09404e-15
      vertex -68.1876 51.3772 6.29189e-15
      vertex -69.9249 51.3772 6.29189e-15
    endloop
  endfacet
  facet normal 0 0 0
    outer loop
      vertex -104.744 57.9272 7.09404e-15
      vertex -72.1082 48.8576 5.98332e-15
      vertex -85.7063 33.55 4.10869e-15
    endloop
  endfacet
  facet normal 0 0 0
    outer loop
      vertex -72.1082 48.8576 5.98332e-15
      vertex -104.744 57.9272 7.09404e-15
      vertex -71.4645 50.2671 6.15594e-15
    endloop
  endfacet
  facet normal 0 0 0
    outer loop
      vertex -68.1876 51.3772 6.29189e-15
      vertex -104.744 57.9272 7.09404e-15
      vertex 104.758 57.9272 7.09404e-15
    endloop
  endfacet
  facet normal 0 0 0
    outer loop
      vertex -70.0829 51.2756 6.27946e-15
      vertex -104.744 57.9272 7.09404e-15
      vertex -69.9249 51.3772 6.29189e-15
    endloop
  endfacet
  facet normal 0 0 0
    outer loop
      vertex -71.3865 50.4379 6.17686e-15
      vertex -104.744 57.9272 7.09404e-15
      vertex -70.0829 51.2756 6.27946e-15
    endloop
  endfacet
  facet normal 0 0 0
    outer loop
      vertex -71.4645 50.2671 6.15594e-15
      vertex -104.744 57.9272 7.09404e-15
      vertex -71.3865 50.4379 6.17686e-15
    endloop
  endfacet
  facet normal 0 0 0
    outer loop
      vertex -104.744 57.9272 7.09404e-15
      vertex -85.7063 33.55 4.10869e-15
      vertex -104.744 -57.9625 -7.09836e-15
    endloop
  endfacet
  facet normal 0 0 0
    outer loop
      vertex 71.4645 -28.3142 -3.46749e-15
      vertex 74.2157 -11.9062 -1.4581e-15
      vertex 72.1082 -29.7237 -3.6401e-15
    endloop
  endfacet
  facet normal 0 0 0
    outer loop
      vertex 71.3865 -28.1433 -3.44657e-15
      vertex 74.2157 -11.9062 -1.4581e-15
      vertex 71.4645 -28.3142 -3.46749e-15
    endloop
  endfacet
  facet normal 0 0 0
    outer loop
      vertex 70.0829 -27.3056 -3.34397e-15
      vertex 74.2157 -11.9062 -1.4581e-15
      vertex 71.3865 -28.1433 -3.44657e-15
    endloop
  endfacet
  facet normal 0 0 0
    outer loop
      vertex 69.9249 -27.2041 -3.33154e-15
      vertex 74.2157 -11.9062 -1.4581e-15
      vertex 70.0829 -27.3056 -3.34397e-15
    endloop
  endfacet
  facet normal 0 0 0
    outer loop
      vertex 68.1876 -27.2041 -3.33154e-15
      vertex 74.2157 -11.9062 -1.4581e-15
      vertex 69.9249 -27.2041 -3.33154e-15
    endloop
  endfacet
  facet normal 0 0 0
    outer loop
      vertex 63.8969 -11.9062 -1.4581e-15
      vertex 68.1876 -27.2041 -3.33154e-15
      vertex 68.0296 -27.3056 -3.34397e-15
    endloop
  endfacet
  facet normal 0 0 0
    outer loop
      vertex 63.8969 -11.9062 -1.4581e-15
      vertex 68.0296 -27.3056 -3.34397e-15
      vertex 66.726 -28.1433 -3.44657e-15
    endloop
  endfacet
  facet normal 0 0 0
    outer loop
      vertex 63.8969 -11.9062 -1.4581e-15
      vertex 66.648 -28.3142 -3.46749e-15
      vertex 66.0043 -29.7237 -3.6401e-15
    endloop
  endfacet
  facet normal 0 0 0
    outer loop
      vertex 68.1876 -27.2041 -3.33154e-15
      vertex 63.8969 -11.9062 -1.4581e-15
      vertex 74.2157 -11.9062 -1.4581e-15
    endloop
  endfacet
  facet normal 0 0 0
    outer loop
      vertex 66.648 -28.3142 -3.46749e-15
      vertex 63.8969 -11.9062 -1.4581e-15
      vertex 66.726 -28.1433 -3.44657e-15
    endloop
  endfacet
  facet normal 0 0 0
    outer loop
      vertex 25.427 32.0108 3.92019e-15
      vertex 66.648 32.0108 3.92019e-15
      vertex 26.0707 30.6013 3.74758e-15
    endloop
  endfacet
  facet normal 0 0 0
    outer loop
      vertex 26.0707 30.6013 3.74758e-15
      vertex 66.0043 30.6013 3.74758e-15
      vertex 25.8502 29.0675 3.55975e-15
    endloop
  endfacet
  facet normal 0 0 0
    outer loop
      vertex 28.1782 11.9063 1.4581e-15
      vertex 24.8087 27.7106 3.39357e-15
      vertex 25.8234 28.8816 3.53698e-15
    endloop
  endfacet
  facet normal 0 0 0
    outer loop
      vertex 28.1782 11.9063 1.4581e-15
      vertex 24.6857 27.5686 3.37618e-15
      vertex 24.8087 27.7106 3.39357e-15
    endloop
  endfacet
  facet normal 0 0 0
    outer loop
      vertex 28.1782 11.9063 1.4581e-15
      vertex 24.5055 27.5157 3.3697e-15
      vertex 24.6857 27.5686 3.37618e-15
    endloop
  endfacet
  facet normal 0 0 0
    outer loop
      vertex 28.1782 11.9063 1.4581e-15
      vertex 23.0187 27.0792 3.31624e-15
      vertex 24.5055 27.5157 3.3697e-15
    endloop
  endfacet
  facet normal 0 0 0
    outer loop
      vertex 17.8594 11.9063 1.4581e-15
      vertex 23.0187 27.0792 3.31624e-15
      vertex 28.1782 11.9063 1.4581e-15
    endloop
  endfacet
  facet normal 0 0 0
    outer loop
      vertex 23.0187 27.0792 3.31624e-15
      vertex 17.8594 11.9063 1.4581e-15
      vertex 21.532 27.5157 3.3697e-15
    endloop
  endfacet
  facet normal 0 0 0
    outer loop
      vertex 21.532 27.5157 3.3697e-15
      vertex 17.8594 11.9063 1.4581e-15
      vertex 21.3518 27.5686 3.37618e-15
    endloop
  endfacet
  facet normal 0 0 0
    outer loop
      vertex 21.3518 27.5686 3.37618e-15
      vertex 17.8594 11.9063 1.4581e-15
      vertex 21.2288 27.7106 3.39357e-15
    endloop
  endfacet
  facet normal 0 0 0
    outer loop
      vertex 17.8594 11.9063 1.4581e-15
      vertex 20.1873 29.0675 3.55975e-15
      vertex 20.2141 28.8816 3.53698e-15
    endloop
  endfacet
  facet normal 0 0 0
    outer loop
      vertex 20.1873 29.0675 3.55975e-15
      vertex 17.8594 11.9063 1.4581e-15
      vertex 19.9668 30.6013 3.74758e-15
    endloop
  endfacet
  facet normal 0 0 0
    outer loop
      vertex 21.2288 27.7106 3.39357e-15
      vertex 17.8594 11.9063 1.4581e-15
      vertex 20.2141 28.8816 3.53698e-15
    endloop
  endfacet
  facet normal 0 0 0
    outer loop
      vertex 25.427 -28.3142 -3.46749e-15
      vertex 28.1782 -11.9062 -1.4581e-15
      vertex 26.0707 -29.7237 -3.6401e-15
    endloop
  endfacet
  facet normal 0 0 0
    outer loop
      vertex 25.349 -28.1433 -3.44657e-15
      vertex 28.1782 -11.9062 -1.4581e-15
      vertex 25.427 -28.3142 -3.46749e-15
    endloop
  endfacet
  facet normal 0 0 0
    outer loop
      vertex 24.0454 -27.3056 -3.34397e-15
      vertex 28.1782 -11.9062 -1.4581e-15
      vertex 25.349 -28.1433 -3.44657e-15
    endloop
  endfacet
  facet normal 0 0 0
    outer loop
      vertex 23.8874 -27.2041 -3.33154e-15
      vertex 28.1782 -11.9062 -1.4581e-15
      vertex 24.0454 -27.3056 -3.34397e-15
    endloop
  endfacet
  facet normal 0 0 0
    outer loop
      vertex 22.1501 -27.2041 -3.33154e-15
      vertex 28.1782 -11.9062 -1.4581e-15
      vertex 23.8874 -27.2041 -3.33154e-15
    endloop
  endfacet
  facet normal 0 0 0
    outer loop
      vertex 17.8594 -11.9062 -1.4581e-15
      vertex 22.1501 -27.2041 -3.33154e-15
      vertex 21.9921 -27.3056 -3.34397e-15
    endloop
  endfacet
  facet normal 0 0 0
    outer loop
      vertex 17.8594 -11.9062 -1.4581e-15
      vertex 21.9921 -27.3056 -3.34397e-15
      vertex 20.6885 -28.1433 -3.44657e-15
    endloop
  endfacet
  facet normal 0 0 0
    outer loop
      vertex 22.1501 -27.2041 -3.33154e-15
      vertex 17.8594 -11.9062 -1.4581e-15
      vertex 28.1782 -11.9062 -1.4581e-15
    endloop
  endfacet
  facet normal 0 0 0
    outer loop
      vertex 20.6105 -28.3142 -3.46749e-15
      vertex 17.8594 -11.9062 -1.4581e-15
      vertex 20.6885 -28.1433 -3.44657e-15
    endloop
  endfacet
  facet normal 0 0 0
    outer loop
      vertex 17.8594 -11.9062 -1.4581e-15
      vertex 20.6105 -28.3142 -3.46749e-15
      vertex 19.9668 -29.7237 -3.6401e-15
    endloop
  endfacet
  facet normal 0 0 0
    outer loop
      vertex -20.6885 32.1817 3.94112e-15
      vertex 20.6885 32.1817 3.94112e-15
      vertex -20.6105 32.0108 3.92019e-15
    endloop
  endfacet
  facet normal 0 0 0
    outer loop
      vertex 20.6105 32.0108 3.92019e-15
      vertex -20.6105 32.0108 3.92019e-15
      vertex 20.6885 32.1817 3.94112e-15
    endloop
  endfacet
  facet normal 0 0 0
    outer loop
      vertex -17.8594 11.9063 1.4581e-15
      vertex -21.2288 27.7106 3.39357e-15
      vertex -20.2141 28.8816 3.53698e-15
    endloop
  endfacet
  facet normal 0 0 0
    outer loop
      vertex -17.8594 11.9063 1.4581e-15
      vertex -21.3518 27.5686 3.37618e-15
      vertex -21.2288 27.7106 3.39357e-15
    endloop
  endfacet
  facet normal 0 0 0
    outer loop
      vertex -17.8594 11.9063 1.4581e-15
      vertex -21.532 27.5157 3.3697e-15
      vertex -21.3518 27.5686 3.37618e-15
    endloop
  endfacet
  facet normal 0 0 0
    outer loop
      vertex -17.8594 11.9063 1.4581e-15
      vertex -23.0187 27.0792 3.31624e-15
      vertex -21.532 27.5157 3.3697e-15
    endloop
  endfacet
  facet normal 0 0 0
    outer loop
      vertex -28.1782 11.9063 1.4581e-15
      vertex -23.0187 27.0792 3.31624e-15
      vertex -17.8594 11.9063 1.4581e-15
    endloop
  endfacet
  facet normal 0 0 0
    outer loop
      vertex -23.0187 27.0792 3.31624e-15
      vertex -28.1782 11.9063 1.4581e-15
      vertex -24.5055 27.5157 3.3697e-15
    endloop
  endfacet
  facet normal 0 0 0
    outer loop
      vertex -24.5055 27.5157 3.3697e-15
      vertex -28.1782 11.9063 1.4581e-15
      vertex -24.6857 27.5686 3.37618e-15
    endloop
  endfacet
  facet normal 0 0 0
    outer loop
      vertex -24.6857 27.5686 3.37618e-15
      vertex -28.1782 11.9063 1.4581e-15
      vertex -24.8087 27.7106 3.39357e-15
    endloop
  endfacet
  facet normal 0 0 0
    outer loop
      vertex -28.1782 11.9063 1.4581e-15
      vertex -25.8502 29.0675 3.55975e-15
      vertex -25.8234 28.8816 3.53698e-15
    endloop
  endfacet
  facet normal 0 0 0
    outer loop
      vertex -25.8502 29.0675 3.55975e-15
      vertex -28.1782 11.9063 1.4581e-15
      vertex -26.0707 30.6013 3.74758e-15
    endloop
  endfacet
  facet normal 0 0 0
    outer loop
      vertex -24.8087 27.7106 3.39357e-15
      vertex -28.1782 11.9063 1.4581e-15
      vertex -25.8234 28.8816 3.53698e-15
    endloop
  endfacet
  facet normal 0 0 0
    outer loop
      vertex -20.6105 -28.3142 -3.46749e-15
      vertex -17.8594 -11.9062 -1.4581e-15
      vertex -19.9668 -29.7237 -3.6401e-15
    endloop
  endfacet
  facet normal 0 0 0
    outer loop
      vertex -20.6885 -28.1433 -3.44657e-15
      vertex -17.8594 -11.9062 -1.4581e-15
      vertex -20.6105 -28.3142 -3.46749e-15
    endloop
  endfacet
  facet normal 0 0 0
    outer loop
      vertex -21.9921 -27.3056 -3.34397e-15
      vertex -17.8594 -11.9062 -1.4581e-15
      vertex -20.6885 -28.1433 -3.44657e-15
    endloop
  endfacet
  facet normal 0 0 0
    outer loop
      vertex -22.1501 -27.2041 -3.33154e-15
      vertex -17.8594 -11.9062 -1.4581e-15
      vertex -21.9921 -27.3056 -3.34397e-15
    endloop
  endfacet
  facet normal 0 0 0
    outer loop
      vertex -23.8874 -27.2041 -3.33154e-15
      vertex -17.8594 -11.9062 -1.4581e-15
      vertex -22.1501 -27.2041 -3.33154e-15
    endloop
  endfacet
  facet normal 0 0 0
    outer loop
      vertex -28.1782 -11.9062 -1.4581e-15
      vertex -23.8874 -27.2041 -3.33154e-15
      vertex -24.0454 -27.3056 -3.34397e-15
    endloop
  endfacet
  facet normal 0 0 0
    outer loop
      vertex -28.1782 -11.9062 -1.4581e-15
      vertex -24.0454 -27.3056 -3.34397e-15
      vertex -25.349 -28.1433 -3.44657e-15
    endloop
  endfacet
  facet normal 0 0 0
    outer loop
      vertex -23.8874 -27.2041 -3.33154e-15
      vertex -28.1782 -11.9062 -1.4581e-15
      vertex -17.8594 -11.9062 -1.4581e-15
    endloop
  endfacet
  facet normal 0 0 0
    outer loop
      vertex -25.427 -28.3142 -3.46749e-15
      vertex -28.1782 -11.9062 -1.4581e-15
      vertex -25.349 -28.1433 -3.44657e-15
    endloop
  endfacet
  facet normal 0 0 0
    outer loop
      vertex -28.1782 -11.9062 -1.4581e-15
      vertex -25.427 -28.3142 -3.46749e-15
      vertex -26.0707 -29.7237 -3.6401e-15
    endloop
  endfacet
  facet normal 0 0 0
    outer loop
      vertex -108.694 -61.9125 3.95
      vertex -108.744 -61.9125 6
      vertex -108.744 -61.9125 4
    endloop
  endfacet
  facet normal 0 0 0
    outer loop
      vertex -108.744 -61.9125 6
      vertex -108.694 -61.9125 3.95
      vertex 108.744 -61.9125 6
    endloop
  endfacet
  facet normal 0 0 0
    outer loop
      vertex 108.708 -61.9125 3.95
      vertex 108.744 -61.9125 6
      vertex -108.694 -61.9125 3.95
    endloop
  endfacet
  facet normal 0 0 0
    outer loop
      vertex 108.744 -61.9125 6
      vertex 108.708 -61.9125 3.95
      vertex 108.744 -61.9125 3.98528
    endloop
  endfacet
  facet normal 0 0 0
    outer loop
      vertex -108.744 -61.9125 4
      vertex -108.744 61.9125 6
      vertex -108.744 61.9125 4
    endloop
  endfacet
  facet normal 0 0 0
    outer loop
      vertex -108.744 61.9125 6
      vertex -108.744 -61.9125 4
      vertex -108.744 -61.9125 6
    endloop
  endfacet
  facet normal 0 0 0
    outer loop
      vertex 104.878 -57.6688 6
      vertex 108.744 61.9125 6
      vertex 104.878 58.1265 6
    endloop
  endfacet
  facet normal 0 0 0
    outer loop
      vertex 108.744 61.9125 6
      vertex -104.159 58.1265 6
      vertex 104.878 58.1265 6
    endloop
  endfacet
  facet normal 0 0 0
    outer loop
      vertex -104.159 58.1265 6
      vertex -108.744 61.9125 6
      vertex -104.159 -57.6688 6
    endloop
  endfacet
  facet normal 0 0 0
    outer loop
      vertex -108.744 61.9125 6
      vertex -104.159 58.1265 6
      vertex 108.744 61.9125 6
    endloop
  endfacet
  facet normal 0 0 0
    outer loop
      vertex 108.744 61.9125 6
      vertex 104.878 -57.6688 6
      vertex 108.744 -61.9125 6
    endloop
  endfacet
  facet normal 0 0 0
    outer loop
      vertex -104.159 -57.6688 6
      vertex 108.744 -61.9125 6
      vertex 104.878 -57.6688 6
    endloop
  endfacet
  facet normal 0 0 0
    outer loop
      vertex -104.159 -57.6688 6
      vertex -108.744 -61.9125 6
      vertex 108.744 -61.9125 6
    endloop
  endfacet
  facet normal 0 0 0
    outer loop
      vertex -108.744 -61.9125 6
      vertex -104.159 -57.6688 6
      vertex -108.744 61.9125 6
    endloop
  endfacet
  facet normal 0 0 0
    outer loop
      vertex 108.744 -61.9125 6
      vertex 108.744 61.9125 3.98528
      vertex 108.744 61.9125 6
    endloop
  endfacet
  facet normal 0 0 0
    outer loop
      vertex 108.744 -61.9125 3.98528
      vertex 108.744 61.9125 3.98528
      vertex 108.744 -61.9125 6
    endloop
  endfacet
  facet normal 0 0 0
    outer loop
      vertex 108.744 61.9125 3.98528
      vertex 104.758 57.9272 7.09404e-15
      vertex -108.729 61.9125 3.98528
    endloop
  endfacet
  facet normal 0 0 0
    outer loop
      vertex -108.729 61.9125 3.98528
      vertex 104.758 57.9272 7.09404e-15
      vertex -104.744 57.9272 7.09404e-15
    endloop
  endfacet
  facet normal 0 0 0
    outer loop
      vertex -104.744 -57.9625 -7.09836e-15
      vertex 108.708 -61.9125 3.95
      vertex -108.694 -61.9125 3.95
    endloop
  endfacet
  facet normal 0 0 0
    outer loop
      vertex 108.708 -61.9125 3.95
      vertex -104.744 -57.9625 -7.09836e-15
      vertex 104.758 -57.9625 -7.09836e-15
    endloop
  endfacet
  facet normal 0 0 0
    outer loop
      vertex 104.758 -57.9625 -7.09836e-15
      vertex 108.744 -61.9125 3.98528
      vertex 108.708 -61.9125 3.95
    endloop
  endfacet
  facet normal 0 0 0
    outer loop
      vertex 108.744 -61.9125 3.98528
      vertex 104.758 -57.9625 -7.09836e-15
      vertex 108.744 61.9125 3.98528
    endloop
  endfacet
  facet normal 0 0 0
    outer loop
      vertex 108.744 61.9125 3.98528
      vertex 104.758 -57.9625 -7.09836e-15
      vertex 104.758 57.9272 7.09404e-15
    endloop
  endfacet
  facet normal 0 0 0
    outer loop
      vertex -104.744 57.9272 7.09404e-15
      vertex -108.744 61.9125 4
      vertex -108.729 61.9125 3.98528
    endloop
  endfacet
  facet normal 0 0 0
    outer loop
      vertex -104.744 -57.9625 -7.09836e-15
      vertex -108.744 61.9125 4
      vertex -104.744 57.9272 7.09404e-15
    endloop
  endfacet
  facet normal 0 0 0
    outer loop
      vertex -108.744 -61.9125 4
      vertex -104.744 -57.9625 -7.09836e-15
      vertex -108.694 -61.9125 3.95
    endloop
  endfacet
  facet normal 0 0 0
    outer loop
      vertex -104.744 -57.9625 -7.09836e-15
      vertex -108.744 -61.9125 4
      vertex -108.744 61.9125 4
    endloop
  endfacet
  facet normal 0 0 0
    outer loop
      vertex 74.2157 -11.9062 3
      vertex 70.7883 -29.1625 3
      vertex 71.0563 -30.1625 3
    endloop
  endfacet
  facet normal 0 0 0
    outer loop
      vertex 74.2157 -11.9062 3
      vertex 70.0563 -28.4304 3
      vertex 70.7883 -29.1625 3
    endloop
  endfacet
  facet normal 0 0 0
    outer loop
      vertex 74.2157 -11.9062 3
      vertex 69.0563 -28.1625 3
      vertex 70.0563 -28.4304 3
    endloop
  endfacet
  facet normal 0 0 0
    outer loop
      vertex 63.8969 -11.9062 3
      vertex 69.0563 -28.1625 3
      vertex 74.2157 -11.9062 3
    endloop
  endfacet
  facet normal 0 0 0
    outer loop
      vertex 69.0563 -28.1625 3
      vertex 63.8969 -11.9062 3
      vertex 68.0563 -28.4304 3
    endloop
  endfacet
  facet normal 0 0 0
    outer loop
      vertex 67.3242 -29.1625 3
      vertex 63.8969 -11.9062 3
      vertex 67.0563 -30.1625 3
    endloop
  endfacet
  facet normal 0 0 0
    outer loop
      vertex 68.0563 -28.4304 3
      vertex 63.8969 -11.9062 3
      vertex 67.3242 -29.1625 3
    endloop
  endfacet
  facet normal 0 0 0
    outer loop
      vertex 101.968 55.2765 3
      vertex 74.2157 11.9063 3
      vertex 101.968 -54.8187 3
    endloop
  endfacet
  facet normal 0 0 0
    outer loop
      vertex 101.968 55.2765 3
      vertex 71.0563 30.1625 3
      vertex 74.2157 11.9063 3
    endloop
  endfacet
  facet normal 0 0 0
    outer loop
      vertex 101.968 55.2765 3
      vertex 70.7883 31.1625 3
      vertex 71.0563 30.1625 3
    endloop
  endfacet
  facet normal 0 0 0
    outer loop
      vertex 101.968 55.2765 3
      vertex 70.0563 31.8946 3
      vertex 70.7883 31.1625 3
    endloop
  endfacet
  facet normal 0 0 0
    outer loop
      vertex 101.968 55.2765 3
      vertex 69.0563 32.1625 3
      vertex 70.0563 31.8946 3
    endloop
  endfacet
  facet normal 0 0 0
    outer loop
      vertex 101.968 55.2765 3
      vertex 68.0563 31.8946 3
      vertex 69.0563 32.1625 3
    endloop
  endfacet
  facet normal 0 0 0
    outer loop
      vertex 63.8969 11.9063 3
      vertex 28.1782 11.9063 3
      vertex 63.8969 -11.9062 3
    endloop
  endfacet
  facet normal 0 0 0
    outer loop
      vertex 67.0563 30.1625 3
      vertex 28.1782 11.9063 3
      vertex 63.8969 11.9063 3
    endloop
  endfacet
  facet normal 0 0 0
    outer loop
      vertex 25.0187 30.1625 3
      vertex 67.0563 30.1625 3
      vertex 67.3242 31.1625 3
    endloop
  endfacet
  facet normal 0 0 0
    outer loop
      vertex 24.7508 31.1625 3
      vertex 67.3242 31.1625 3
      vertex 68.0563 31.8946 3
    endloop
  endfacet
  facet normal 0 0 0
    outer loop
      vertex 24.0187 31.8946 3
      vertex 68.0563 31.8946 3
      vertex 101.968 55.2765 3
    endloop
  endfacet
  facet normal 0 0 0
    outer loop
      vertex 67.0563 30.1625 3
      vertex 25.0187 30.1625 3
      vertex 28.1782 11.9063 3
    endloop
  endfacet
  facet normal 0 0 0
    outer loop
      vertex 67.3242 31.1625 3
      vertex 24.7508 31.1625 3
      vertex 25.0187 30.1625 3
    endloop
  endfacet
  facet normal 0 0 0
    outer loop
      vertex 68.0563 31.8946 3
      vertex 24.0187 31.8946 3
      vertex 24.7508 31.1625 3
    endloop
  endfacet
  facet normal 0 0 0
    outer loop
      vertex 101.968 55.2765 3
      vertex 23.0187 32.1625 3
      vertex 24.0187 31.8946 3
    endloop
  endfacet
  facet normal 0 0 0
    outer loop
      vertex -68.0563 50.1508 3
      vertex 23.0187 32.1625 3
      vertex 101.968 55.2765 3
    endloop
  endfacet
  facet normal 0 0 0
    outer loop
      vertex 17.8594 11.9063 3
      vertex -17.8594 11.9063 3
      vertex 17.8594 -11.9062 3
    endloop
  endfacet
  facet normal 0 0 0
    outer loop
      vertex 21.0187 30.1625 3
      vertex -17.8594 11.9063 3
      vertex 17.8594 11.9063 3
    endloop
  endfacet
  facet normal 0 0 0
    outer loop
      vertex -21.0187 30.1625 3
      vertex 21.0187 30.1625 3
      vertex 21.2867 31.1625 3
    endloop
  endfacet
  facet normal 0 0 0
    outer loop
      vertex -21.2867 31.1625 3
      vertex 21.2867 31.1625 3
      vertex 22.0188 31.8946 3
    endloop
  endfacet
  facet normal 0 0 0
    outer loop
      vertex 21.0187 30.1625 3
      vertex -21.0187 30.1625 3
      vertex -17.8594 11.9063 3
    endloop
  endfacet
  facet normal 0 0 0
    outer loop
      vertex -23.0187 32.1625 3
      vertex 23.0187 32.1625 3
      vertex -68.0563 50.1508 3
    endloop
  endfacet
  facet normal 0 0 0
    outer loop
      vertex 21.2867 31.1625 3
      vertex -21.2867 31.1625 3
      vertex -21.0187 30.1625 3
    endloop
  endfacet
  facet normal 0 0 0
    outer loop
      vertex 22.0188 31.8946 3
      vertex -22.0188 31.8946 3
      vertex -21.2867 31.1625 3
    endloop
  endfacet
  facet normal 0 0 0
    outer loop
      vertex 22.0188 31.8946 3
      vertex -23.0187 32.1625 3
      vertex -22.0188 31.8946 3
    endloop
  endfacet
  facet normal 0 0 0
    outer loop
      vertex -28.1782 11.9063 3
      vertex -52.4062 33.55 3
      vertex -28.1782 -11.9062 3
    endloop
  endfacet
  facet normal 0 0 0
    outer loop
      vertex -24.7508 29.1625 3
      vertex -52.4062 33.55 3
      vertex -28.1782 11.9063 3
    endloop
  endfacet
  facet normal 0 0 0
    outer loop
      vertex -24.7508 31.1625 3
      vertex -52.4062 33.55 3
      vertex -25.0187 30.1625 3
    endloop
  endfacet
  facet normal 0 0 0
    outer loop
      vertex -24.0187 31.8946 3
      vertex -52.4062 33.55 3
      vertex -24.7508 31.1625 3
    endloop
  endfacet
  facet normal 0 0 0
    outer loop
      vertex -67.3242 49.4188 3
      vertex -24.0187 31.8946 3
      vertex -23.0187 32.1625 3
    endloop
  endfacet
  facet normal 0 0 0
    outer loop
      vertex 23.0187 32.1625 3
      vertex -23.0187 32.1625 3
      vertex 22.0188 31.8946 3
    endloop
  endfacet
  facet normal 0 0 0
    outer loop
      vertex -24.0187 31.8946 3
      vertex -67.3242 49.4188 3
      vertex -52.4062 33.55 3
    endloop
  endfacet
  facet normal 0 0 0
    outer loop
      vertex -52.4062 33.55 3
      vertex -67.3242 49.4188 3
      vertex -67.0563 48.4188 3
    endloop
  endfacet
  facet normal 0 0 0
    outer loop
      vertex -23.0187 32.1625 3
      vertex -68.0563 50.1508 3
      vertex -67.3242 49.4188 3
    endloop
  endfacet
  facet normal 0 0 0
    outer loop
      vertex 101.968 55.2765 3
      vertex -69.0563 50.4188 3
      vertex -68.0563 50.1508 3
    endloop
  endfacet
  facet normal 0 0 0
    outer loop
      vertex -101.249 55.2765 3
      vertex -71.0563 48.4188 3
      vertex -70.7883 49.4188 3
    endloop
  endfacet
  facet normal 0 0 0
    outer loop
      vertex -101.249 -54.8187 3
      vertex -85.7063 33.55 3
      vertex -101.249 55.2765 3
    endloop
  endfacet
  facet normal 0 0 0
    outer loop
      vertex -71.0563 48.4188 3
      vertex -101.249 55.2765 3
      vertex -85.7063 33.55 3
    endloop
  endfacet
  facet normal 0 0 0
    outer loop
      vertex -70.0563 50.1508 3
      vertex -101.249 55.2765 3
      vertex -70.7883 49.4188 3
    endloop
  endfacet
  facet normal 0 0 0
    outer loop
      vertex -69.0563 50.4188 3
      vertex -101.249 55.2765 3
      vertex -70.0563 50.1508 3
    endloop
  endfacet
  facet normal 0 0 0
    outer loop
      vertex -101.249 55.2765 3
      vertex -69.0563 50.4188 3
      vertex 101.968 55.2765 3
    endloop
  endfacet
  facet normal 0 0 0
    outer loop
      vertex 74.2157 -11.9062 3
      vertex 101.968 -54.8187 3
      vertex 74.2157 11.9063 3
    endloop
  endfacet
  facet normal 0 0 0
    outer loop
      vertex 71.0563 -30.1625 3
      vertex 101.968 -54.8187 3
      vertex 74.2157 -11.9062 3
    endloop
  endfacet
  facet normal 0 0 0
    outer loop
      vertex 70.7883 -31.1625 3
      vertex 101.968 -54.8187 3
      vertex 71.0563 -30.1625 3
    endloop
  endfacet
  facet normal 0 0 0
    outer loop
      vertex 70.0563 -31.8946 3
      vertex 101.968 -54.8187 3
      vertex 70.7883 -31.1625 3
    endloop
  endfacet
  facet normal 0 0 0
    outer loop
      vertex 69.0563 -32.1625 3
      vertex 101.968 -54.8187 3
      vertex 70.0563 -31.8946 3
    endloop
  endfacet
  facet normal 0 0 0
    outer loop
      vertex 68.0563 -31.8946 3
      vertex 101.968 -54.8187 3
      vertex 69.0563 -32.1625 3
    endloop
  endfacet
  facet normal 0 0 0
    outer loop
      vertex 28.1782 -11.9062 3
      vertex 63.8969 -11.9062 3
      vertex 28.1782 11.9063 3
    endloop
  endfacet
  facet normal 0 0 0
    outer loop
      vertex 63.8969 -11.9062 3
      vertex 28.1782 -11.9062 3
      vertex 67.0563 -30.1625 3
    endloop
  endfacet
  facet normal 0 0 0
    outer loop
      vertex 25.0187 -30.1625 3
      vertex 67.0563 -30.1625 3
      vertex 28.1782 -11.9062 3
    endloop
  endfacet
  facet normal 0 0 0
    outer loop
      vertex 67.0563 -30.1625 3
      vertex 25.0187 -30.1625 3
      vertex 67.3242 -31.1625 3
    endloop
  endfacet
  facet normal 0 0 0
    outer loop
      vertex 24.7508 -31.1625 3
      vertex 67.3242 -31.1625 3
      vertex 25.0187 -30.1625 3
    endloop
  endfacet
  facet normal 0 0 0
    outer loop
      vertex 67.3242 -31.1625 3
      vertex 24.7508 -31.1625 3
      vertex 68.0563 -31.8946 3
    endloop
  endfacet
  facet normal 0 0 0
    outer loop
      vertex 24.0187 -31.8946 3
      vertex 68.0563 -31.8946 3
      vertex 24.7508 -31.1625 3
    endloop
  endfacet
  facet normal 0 0 0
    outer loop
      vertex 68.0563 -31.8946 3
      vertex 24.0187 -31.8946 3
      vertex 101.968 -54.8187 3
    endloop
  endfacet
  facet normal 0 0 0
    outer loop
      vertex 23.0187 -32.1625 3
      vertex 101.968 -54.8187 3
      vertex 24.0187 -31.8946 3
    endloop
  endfacet
  facet normal 0 0 0
    outer loop
      vertex -23.0187 -32.1625 3
      vertex 23.0187 -32.1625 3
      vertex 22.0188 -31.8946 3
    endloop
  endfacet
  facet normal 0 0 0
    outer loop
      vertex -17.8594 -11.9062 3
      vertex 17.8594 -11.9062 3
      vertex -17.8594 11.9063 3
    endloop
  endfacet
  facet normal 0 0 0
    outer loop
      vertex 17.8594 -11.9062 3
      vertex -17.8594 -11.9062 3
      vertex 21.0187 -30.1625 3
    endloop
  endfacet
  facet normal 0 0 0
    outer loop
      vertex -21.0187 -30.1625 3
      vertex 21.0187 -30.1625 3
      vertex -17.8594 -11.9062 3
    endloop
  endfacet
  facet normal 0 0 0
    outer loop
      vertex 21.0187 -30.1625 3
      vertex -21.0187 -30.1625 3
      vertex 21.2867 -31.1625 3
    endloop
  endfacet
  facet normal 0 0 0
    outer loop
      vertex -21.2867 -31.1625 3
      vertex 21.2867 -31.1625 3
      vertex -21.0187 -30.1625 3
    endloop
  endfacet
  facet normal 0 0 0
    outer loop
      vertex 21.2867 -31.1625 3
      vertex -21.2867 -31.1625 3
      vertex 22.0188 -31.8946 3
    endloop
  endfacet
  facet normal 0 0 0
    outer loop
      vertex -22.0187 -31.8946 3
      vertex 22.0188 -31.8946 3
      vertex -21.2867 -31.1625 3
    endloop
  endfacet
  facet normal 0 0 0
    outer loop
      vertex -23.0187 -32.1625 3
      vertex 22.0188 -31.8946 3
      vertex -22.0187 -31.8946 3
    endloop
  endfacet
  facet normal 0 0 0
    outer loop
      vertex 23.0187 -32.1625 3
      vertex -23.0187 -32.1625 3
      vertex -68.0563 -50.1508 3
    endloop
  endfacet
  facet normal 0 0 0
    outer loop
      vertex -52.4062 -33.55 3
      vertex -28.1782 -11.9062 3
      vertex -52.4062 33.55 3
    endloop
  endfacet
  facet normal 0 0 0
    outer loop
      vertex -28.1782 -11.9062 3
      vertex -52.4062 -33.55 3
      vertex -25.0187 -30.1625 3
    endloop
  endfacet
  facet normal 0 0 0
    outer loop
      vertex -25.0187 -30.1625 3
      vertex -52.4062 -33.55 3
      vertex -24.7508 -31.1625 3
    endloop
  endfacet
  facet normal 0 0 0
    outer loop
      vertex -52.4062 -33.55 3
      vertex -24.0187 -31.8946 3
      vertex -24.7508 -31.1625 3
    endloop
  endfacet
  facet normal 0 0 0
    outer loop
      vertex -67.3242 -49.4188 3
      vertex -24.0187 -31.8946 3
      vertex -52.4062 -33.55 3
    endloop
  endfacet
  facet normal 0 0 0
    outer loop
      vertex -24.0187 -31.8946 3
      vertex -67.3242 -49.4188 3
      vertex -23.0187 -32.1625 3
    endloop
  endfacet
  facet normal 0 0 0
    outer loop
      vertex -67.3242 -49.4188 3
      vertex -52.4062 -33.55 3
      vertex -67.0563 -48.4188 3
    endloop
  endfacet
  facet normal 0 0 0
    outer loop
      vertex -68.0563 -50.1508 3
      vertex -23.0187 -32.1625 3
      vertex -67.3242 -49.4188 3
    endloop
  endfacet
  facet normal 0 0 0
    outer loop
      vertex 23.0187 -32.1625 3
      vertex -68.0563 -50.1508 3
      vertex 101.968 -54.8187 3
    endloop
  endfacet
  facet normal 0 0 0
    outer loop
      vertex -69.0563 -50.4188 3
      vertex 101.968 -54.8187 3
      vertex -68.0563 -50.1508 3
    endloop
  endfacet
  facet normal 0 0 0
    outer loop
      vertex -101.249 -54.8187 3
      vertex -71.0563 -48.4188 3
      vertex -85.7063 -33.55 3
    endloop
  endfacet
  facet normal 0 0 0
    outer loop
      vertex -69.0563 -50.4188 3
      vertex -101.249 -54.8187 3
      vertex 101.968 -54.8187 3
    endloop
  endfacet
  facet normal 0 0 0
    outer loop
      vertex -70.0563 -50.1508 3
      vertex -101.249 -54.8187 3
      vertex -69.0563 -50.4188 3
    endloop
  endfacet
  facet normal 0 0 0
    outer loop
      vertex -70.7883 -49.4188 3
      vertex -101.249 -54.8187 3
      vertex -70.0563 -50.1508 3
    endloop
  endfacet
  facet normal 0 0 0
    outer loop
      vertex -71.0563 -48.4188 3
      vertex -101.249 -54.8187 3
      vertex -70.7883 -49.4188 3
    endloop
  endfacet
  facet normal 0 0 0
    outer loop
      vertex -85.7063 33.55 3
      vertex -101.249 -54.8187 3
      vertex -85.7063 -33.55 3
    endloop
  endfacet
  facet normal 0 0 0
    outer loop
      vertex 70.7883 29.1625 3
      vertex 74.2157 11.9063 3
      vertex 71.0563 30.1625 3
    endloop
  endfacet
  facet normal 0 0 0
    outer loop
      vertex 70.0563 28.4305 3
      vertex 74.2157 11.9063 3
      vertex 70.7883 29.1625 3
    endloop
  endfacet
  facet normal 0 0 0
    outer loop
      vertex 69.0563 28.1625 3
      vertex 74.2157 11.9063 3
      vertex 70.0563 28.4305 3
    endloop
  endfacet
  facet normal 0 0 0
    outer loop
      vertex 63.8969 11.9063 3
      vertex 69.0563 28.1625 3
      vertex 68.0563 28.4305 3
    endloop
  endfacet
  facet normal 0 0 0
    outer loop
      vertex 63.8969 11.9063 3
      vertex 68.0563 28.4305 3
      vertex 67.3242 29.1625 3
    endloop
  endfacet
  facet normal 0 0 0
    outer loop
      vertex 69.0563 28.1625 3
      vertex 63.8969 11.9063 3
      vertex 74.2157 11.9063 3
    endloop
  endfacet
  facet normal 0 0 0
    outer loop
      vertex 63.8969 11.9063 3
      vertex 67.3242 29.1625 3
      vertex 67.0563 30.1625 3
    endloop
  endfacet
  facet normal 0 0 0
    outer loop
      vertex 28.1782 -11.9062 3
      vertex 24.7508 -29.1625 3
      vertex 25.0187 -30.1625 3
    endloop
  endfacet
  facet normal 0 0 0
    outer loop
      vertex 28.1782 -11.9062 3
      vertex 24.0187 -28.4304 3
      vertex 24.7508 -29.1625 3
    endloop
  endfacet
  facet normal 0 0 0
    outer loop
      vertex 28.1782 -11.9062 3
      vertex 23.0187 -28.1625 3
      vertex 24.0187 -28.4304 3
    endloop
  endfacet
  facet normal 0 0 0
    outer loop
      vertex 17.8594 -11.9062 3
      vertex 23.0187 -28.1625 3
      vertex 28.1782 -11.9062 3
    endloop
  endfacet
  facet normal 0 0 0
    outer loop
      vertex 23.0187 -28.1625 3
      vertex 17.8594 -11.9062 3
      vertex 22.0188 -28.4304 3
    endloop
  endfacet
  facet normal 0 0 0
    outer loop
      vertex 21.2867 -29.1625 3
      vertex 17.8594 -11.9062 3
      vertex 21.0187 -30.1625 3
    endloop
  endfacet
  facet normal 0 0 0
    outer loop
      vertex 22.0188 -28.4304 3
      vertex 17.8594 -11.9062 3
      vertex 21.2867 -29.1625 3
    endloop
  endfacet
  facet normal 0 0 0
    outer loop
      vertex 24.7508 29.1625 3
      vertex 28.1782 11.9063 3
      vertex 25.0187 30.1625 3
    endloop
  endfacet
  facet normal 0 0 0
    outer loop
      vertex 24.0187 28.4305 3
      vertex 28.1782 11.9063 3
      vertex 24.7508 29.1625 3
    endloop
  endfacet
  facet normal 0 0 0
    outer loop
      vertex 23.0187 28.1625 3
      vertex 28.1782 11.9063 3
      vertex 24.0187 28.4305 3
    endloop
  endfacet
  facet normal 0 0 0
    outer loop
      vertex 17.8594 11.9063 3
      vertex 23.0187 28.1625 3
      vertex 22.0188 28.4305 3
    endloop
  endfacet
  facet normal 0 0 0
    outer loop
      vertex 17.8594 11.9063 3
      vertex 22.0188 28.4305 3
      vertex 21.2867 29.1625 3
    endloop
  endfacet
  facet normal 0 0 0
    outer loop
      vertex 23.0187 28.1625 3
      vertex 17.8594 11.9063 3
      vertex 28.1782 11.9063 3
    endloop
  endfacet
  facet normal 0 0 0
    outer loop
      vertex 17.8594 11.9063 3
      vertex 21.2867 29.1625 3
      vertex 21.0187 30.1625 3
    endloop
  endfacet
  facet normal 0 0 0
    outer loop
      vertex -17.8594 -11.9062 3
      vertex -21.2867 -29.1625 3
      vertex -21.0187 -30.1625 3
    endloop
  endfacet
  facet normal 0 0 0
    outer loop
      vertex -17.8594 -11.9062 3
      vertex -22.0188 -28.4304 3
      vertex -21.2867 -29.1625 3
    endloop
  endfacet
  facet normal 0 0 0
    outer loop
      vertex -17.8594 -11.9062 3
      vertex -23.0187 -28.1625 3
      vertex -22.0188 -28.4304 3
    endloop
  endfacet
  facet normal 0 0 0
    outer loop
      vertex -28.1782 -11.9062 3
      vertex -23.0187 -28.1625 3
      vertex -17.8594 -11.9062 3
    endloop
  endfacet
  facet normal 0 0 0
    outer loop
      vertex -23.0187 -28.1625 3
      vertex -28.1782 -11.9062 3
      vertex -24.0187 -28.4304 3
    endloop
  endfacet
  facet normal 0 0 0
    outer loop
      vertex -24.7508 -29.1625 3
      vertex -28.1782 -11.9062 3
      vertex -25.0187 -30.1625 3
    endloop
  endfacet
  facet normal 0 0 0
    outer loop
      vertex -24.0187 -28.4304 3
      vertex -28.1782 -11.9062 3
      vertex -24.7508 -29.1625 3
    endloop
  endfacet
  facet normal 0 0 0
    outer loop
      vertex -21.2867 29.1625 3
      vertex -17.8594 11.9063 3
      vertex -21.0187 30.1625 3
    endloop
  endfacet
  facet normal 0 0 0
    outer loop
      vertex -22.0187 28.4305 3
      vertex -17.8594 11.9063 3
      vertex -21.2867 29.1625 3
    endloop
  endfacet
  facet normal 0 0 0
    outer loop
      vertex -23.0187 28.1625 3
      vertex -17.8594 11.9063 3
      vertex -22.0187 28.4305 3
    endloop
  endfacet
  facet normal 0 0 0
    outer loop
      vertex -28.1782 11.9063 3
      vertex -23.0187 28.1625 3
      vertex -24.0187 28.4305 3
    endloop
  endfacet
  facet normal 0 0 0
    outer loop
      vertex -28.1782 11.9063 3
      vertex -24.0187 28.4305 3
      vertex -24.7508 29.1625 3
    endloop
  endfacet
  facet normal 0 0 0
    outer loop
      vertex -23.0187 28.1625 3
      vertex -28.1782 11.9063 3
      vertex -17.8594 11.9063 3
    endloop
  endfacet
  facet normal 0 0 0
    outer loop
      vertex -52.4062 33.55 3
      vertex -24.7508 29.1625 3
      vertex -25.0187 30.1625 3
    endloop
  endfacet
  facet normal 0 0 0
    outer loop
      vertex -52.4062 -33.55 3
      vertex -67.3242 -47.4188 3
      vertex -67.0563 -48.4188 3
    endloop
  endfacet
  facet normal 0 0 0
    outer loop
      vertex -52.4062 -33.55 3
      vertex -68.0563 -46.6867 3
      vertex -67.3242 -47.4188 3
    endloop
  endfacet
  facet normal 0 0 0
    outer loop
      vertex -52.4062 -33.55 3
      vertex -69.0563 -46.4188 3
      vertex -68.0563 -46.6867 3
    endloop
  endfacet
  facet normal 0 0 0
    outer loop
      vertex -85.7063 -33.55 3
      vertex -69.0563 -46.4188 3
      vertex -52.4062 -33.55 3
    endloop
  endfacet
  facet normal 0 0 0
    outer loop
      vertex -70.7883 -47.4188 3
      vertex -85.7063 -33.55 3
      vertex -71.0563 -48.4188 3
    endloop
  endfacet
  facet normal 0 0 0
    outer loop
      vertex -70.0563 -46.6867 3
      vertex -85.7063 -33.55 3
      vertex -70.7883 -47.4188 3
    endloop
  endfacet
  facet normal 0 0 0
    outer loop
      vertex -69.0563 -46.4188 3
      vertex -85.7063 -33.55 3
      vertex -70.0563 -46.6867 3
    endloop
  endfacet
  facet normal 0 0 0
    outer loop
      vertex -67.3242 47.4188 3
      vertex -52.4062 33.55 3
      vertex -67.0563 48.4188 3
    endloop
  endfacet
  facet normal 0 0 0
    outer loop
      vertex -68.0563 46.6867 3
      vertex -52.4062 33.55 3
      vertex -67.3242 47.4188 3
    endloop
  endfacet
  facet normal 0 0 0
    outer loop
      vertex -69.0563 46.4188 3
      vertex -52.4062 33.55 3
      vertex -68.0563 46.6867 3
    endloop
  endfacet
  facet normal 0 0 0
    outer loop
      vertex -85.7063 33.55 3
      vertex -69.0563 46.4188 3
      vertex -70.0563 46.6867 3
    endloop
  endfacet
  facet normal 0 0 0
    outer loop
      vertex -69.0563 46.4188 3
      vertex -85.7063 33.55 3
      vertex -52.4062 33.55 3
    endloop
  endfacet
  facet normal 0 0 0
    outer loop
      vertex -70.7883 47.4188 3
      vertex -85.7063 33.55 3
      vertex -70.0563 46.6867 3
    endloop
  endfacet
  facet normal 0 0 0
    outer loop
      vertex -85.7063 33.55 3
      vertex -70.7883 47.4188 3
      vertex -71.0563 48.4188 3
    endloop
  endfacet
  facet normal 0 0 0
    outer loop
      vertex -101.249 55.2765 3
      vertex 104.878 58.1265 6
      vertex -104.159 58.1265 6
    endloop
  endfacet
  facet normal 0 0 0
    outer loop
      vertex 104.878 58.1265 6
      vertex -101.249 55.2765 3
      vertex 101.968 55.2765 3
    endloop
  endfacet
  facet normal 0 0 0
    outer loop
      vertex 101.968 -54.8187 3
      vertex -104.159 -57.6688 6
      vertex 104.878 -57.6688 6
    endloop
  endfacet
  facet normal 0 0 0
    outer loop
      vertex -104.159 -57.6688 6
      vertex 101.968 -54.8187 3
      vertex -101.249 -54.8187 3
    endloop
  endfacet
  facet normal 0 0 0
    outer loop
      vertex 101.968 -54.8187 3
      vertex 104.878 58.1265 6
      vertex 101.968 55.2765 3
    endloop
  endfacet
  facet normal 0 0 0
    outer loop
      vertex 104.878 58.1265 6
      vertex 101.968 -54.8187 3
      vertex 104.878 -57.6688 6
    endloop
  endfacet
  facet normal 0 0 0
    outer loop
      vertex -104.159 58.1265 6
      vertex -101.249 -54.8187 3
      vertex -101.249 55.2765 3
    endloop
  endfacet
  facet normal 0 0 0
    outer loop
      vertex -101.249 -54.8187 3
      vertex -104.159 58.1265 6
      vertex -104.159 -57.6688 6
    endloop
  endfacet
  facet normal 0 0 0
    outer loop
      vertex 69.0563 -32.1625 2.5
      vertex 68.0563 -31.8946 3
      vertex 69.0563 -32.1625 3
    endloop
  endfacet
  facet normal 0 0 0
    outer loop
      vertex 68.0563 -31.8946 3
      vertex 69.0563 -32.1625 2.5
      vertex 68.0563 -31.8946 2.44074
    endloop
  endfacet
  facet normal 0 0 0
    outer loop
      vertex 68.7539 -28.2435 2.5
      vertex 68.0563 -28.4304 3
      vertex 68.3061 -28.3635 2.5
    endloop
  endfacet
  facet normal 0 0 0
    outer loop
      vertex 68.3061 -28.3635 2.5
      vertex 68.0563 -28.4304 3
      vertex 68.0563 -28.4304 2.3106
    endloop
  endfacet
  facet normal 0 0 0
    outer loop
      vertex 68.0563 -28.4304 3
      vertex 68.7539 -28.2435 2.5
      vertex 69.0563 -28.1625 3
    endloop
  endfacet
  facet normal 0 0 0
    outer loop
      vertex 69.0563 -28.1625 3
      vertex 68.7539 -28.2435 2.5
      vertex 69.0563 -28.1625 2.30515
    endloop
  endfacet
  facet normal 0 0 0
    outer loop
      vertex 67.0563 -30.1625 3
      vertex 67.1885 -30.656 2.5
      vertex 67.0563 -30.1625 2.35411
    endloop
  endfacet
  facet normal 0 0 0
    outer loop
      vertex 67.3242 -31.1625 3
      vertex 67.1885 -30.656 2.5
      vertex 67.0563 -30.1625 3
    endloop
  endfacet
  facet normal 0 0 0
    outer loop
      vertex 67.1885 -30.656 2.5
      vertex 67.3242 -31.1625 3
      vertex 67.2976 -31.0633 2.5
    endloop
  endfacet
  facet normal 0 0 0
    outer loop
      vertex 67.2976 -31.0633 2.5
      vertex 67.3242 -31.1625 3
      vertex 67.3242 -31.1625 2.39208
    endloop
  endfacet
  facet normal 0 0 0
    outer loop
      vertex 67.3242 -31.1625 3
      vertex 67.769 -31.6073 2.5
      vertex 67.3242 -31.1625 2.39208
    endloop
  endfacet
  facet normal 0 0 0
    outer loop
      vertex 68.0563 -31.8946 3
      vertex 67.769 -31.6073 2.5
      vertex 67.3242 -31.1625 3
    endloop
  endfacet
  facet normal 0 0 0
    outer loop
      vertex 67.769 -31.6073 2.5
      vertex 68.0563 -31.8946 3
      vertex 68.0199 -31.8582 2.5
    endloop
  endfacet
  facet normal 0 0 0
    outer loop
      vertex 68.0199 -31.8582 2.5
      vertex 68.0563 -31.8946 3
      vertex 68.0563 -31.8946 2.44074
    endloop
  endfacet
  facet normal 0 0 0
    outer loop
      vertex 67.3242 -29.1625 3
      vertex 67.2119 -29.5816 2.5
      vertex 67.3242 -29.1625 2.32693
    endloop
  endfacet
  facet normal 0 0 0
    outer loop
      vertex 67.0563 -30.1625 3
      vertex 67.2119 -29.5816 2.5
      vertex 67.3242 -29.1625 3
    endloop
  endfacet
  facet normal 0 0 0
    outer loop
      vertex 67.2119 -29.5816 2.5
      vertex 67.0563 -30.1625 3
      vertex 67.0961 -30.0137 2.5
    endloop
  endfacet
  facet normal 0 0 0
    outer loop
      vertex 67.0961 -30.0137 2.5
      vertex 67.0563 -30.1625 3
      vertex 67.0563 -30.1625 2.35411
    endloop
  endfacet
  facet normal 0 0 0
    outer loop
      vertex 70.9006 -29.5816 2.5
      vertex 70.7883 -29.1625 3
      vertex 70.7883 -29.1625 2.32693
    endloop
  endfacet
  facet normal 0 0 0
    outer loop
      vertex 71.0563 -30.1625 3
      vertex 70.9006 -29.5816 2.5
      vertex 71.0164 -30.0137 2.5
    endloop
  endfacet
  facet normal 0 0 0
    outer loop
      vertex 70.9006 -29.5816 2.5
      vertex 71.0563 -30.1625 3
      vertex 70.7883 -29.1625 3
    endloop
  endfacet
  facet normal 0 0 0
    outer loop
      vertex 71.0563 -30.1625 3
      vertex 71.0164 -30.0137 2.5
      vertex 71.0563 -30.1625 2.35411
    endloop
  endfacet
  facet normal 0 0 0
    outer loop
      vertex 69.0563 -28.1625 3
      vertex 69.3586 -28.2435 2.5
      vertex 70.0563 -28.4304 3
    endloop
  endfacet
  facet normal 0 0 0
    outer loop
      vertex 69.3586 -28.2435 2.5
      vertex 69.0563 -28.1625 3
      vertex 69.0563 -28.1625 2.30515
    endloop
  endfacet
  facet normal 0 0 0
    outer loop
      vertex 69.8064 -28.3635 2.5
      vertex 70.0563 -28.4304 3
      vertex 69.3586 -28.2435 2.5
    endloop
  endfacet
  facet normal 0 0 0
    outer loop
      vertex 70.0563 -28.4304 3
      vertex 69.8064 -28.3635 2.5
      vertex 70.0563 -28.4304 2.3106
    endloop
  endfacet
  facet normal 0 0 0
    outer loop
      vertex 68.0563 -28.4304 3
      vertex 67.7943 -28.6924 2.5
      vertex 68.0563 -28.4304 2.3106
    endloop
  endfacet
  facet normal 0 0 0
    outer loop
      vertex 67.3242 -29.1625 3
      vertex 67.7943 -28.6924 2.5
      vertex 68.0563 -28.4304 3
    endloop
  endfacet
  facet normal 0 0 0
    outer loop
      vertex 67.7943 -28.6924 2.5
      vertex 67.3242 -29.1625 3
      vertex 67.4698 -29.0169 2.5
    endloop
  endfacet
  facet normal 0 0 0
    outer loop
      vertex 67.4698 -29.0169 2.5
      vertex 67.3242 -29.1625 3
      vertex 67.3242 -29.1625 2.32693
    endloop
  endfacet
  facet normal 0 0 0
    outer loop
      vertex 70.0563 -31.8946 3
      vertex 69.0563 -32.1625 2.5
      vertex 69.0563 -32.1625 3
    endloop
  endfacet
  facet normal 0 0 0
    outer loop
      vertex 69.0563 -32.1625 2.5
      vertex 70.0563 -31.8946 3
      vertex 70.0563 -31.8946 2.44074
    endloop
  endfacet
  facet normal 0 0 0
    outer loop
      vertex 70.3182 -28.6924 2.5
      vertex 70.0563 -28.4304 3
      vertex 70.0563 -28.4304 2.3106
    endloop
  endfacet
  facet normal 0 0 0
    outer loop
      vertex 70.7883 -29.1625 3
      vertex 70.3182 -28.6924 2.5
      vertex 70.6427 -29.0169 2.5
    endloop
  endfacet
  facet normal 0 0 0
    outer loop
      vertex 70.3182 -28.6924 2.5
      vertex 70.7883 -29.1625 3
      vertex 70.0563 -28.4304 3
    endloop
  endfacet
  facet normal 0 0 0
    outer loop
      vertex 70.7883 -29.1625 3
      vertex 70.6427 -29.0169 2.5
      vertex 70.7883 -29.1625 2.32693
    endloop
  endfacet
  facet normal 0 0 0
    outer loop
      vertex 70.3435 -31.6073 2.5
      vertex 70.7883 -31.1625 3
      vertex 70.7883 -31.1625 2.39208
    endloop
  endfacet
  facet normal 0 0 0
    outer loop
      vertex 70.0563 -31.8946 3
      vertex 70.3435 -31.6073 2.5
      vertex 70.0926 -31.8582 2.5
    endloop
  endfacet
  facet normal 0 0 0
    outer loop
      vertex 70.3435 -31.6073 2.5
      vertex 70.0563 -31.8946 3
      vertex 70.7883 -31.1625 3
    endloop
  endfacet
  facet normal 0 0 0
    outer loop
      vertex 70.0563 -31.8946 3
      vertex 70.0926 -31.8582 2.5
      vertex 70.0563 -31.8946 2.44074
    endloop
  endfacet
  facet normal 0 0 0
    outer loop
      vertex 70.924 -30.656 2.5
      vertex 71.0563 -30.1625 3
      vertex 71.0563 -30.1625 2.35411
    endloop
  endfacet
  facet normal 0 0 0
    outer loop
      vertex 70.7883 -31.1625 3
      vertex 70.924 -30.656 2.5
      vertex 70.8149 -31.0633 2.5
    endloop
  endfacet
  facet normal 0 0 0
    outer loop
      vertex 70.924 -30.656 2.5
      vertex 70.7883 -31.1625 3
      vertex 71.0563 -30.1625 3
    endloop
  endfacet
  facet normal 0 0 0
    outer loop
      vertex 70.7883 -31.1625 3
      vertex 70.8149 -31.0633 2.5
      vertex 70.7883 -31.1625 2.39208
    endloop
  endfacet
  facet normal 0 0 0
    outer loop
      vertex 69.8064 -28.3635 2.5
      vertex 69.3586 -28.2435 2.5
      vertex 69.6197 -28.2435 2.5
    endloop
  endfacet
  facet normal 0 0 0
    outer loop
      vertex 71.0359 -29.8779 2.5
      vertex 71.0164 -30.0137 2.5
      vertex 70.9006 -29.5816 2.5
    endloop
  endfacet
  facet normal 0 0 0
    outer loop
      vertex 70.5677 -28.8528 2.5
      vertex 70.6427 -29.0169 2.5
      vertex 70.3182 -28.6924 2.5
    endloop
  endfacet
  facet normal 0 0 0
    outer loop
      vertex 68.0199 -31.8582 2.5
      vertex 67.975 -31.845 2.5
      vertex 67.769 -31.6073 2.5
    endloop
  endfacet
  facet normal 0 0 0
    outer loop
      vertex 70.1375 -31.845 2.5
      vertex 70.0926 -31.8582 2.5
      vertex 70.3435 -31.6073 2.5
    endloop
  endfacet
  facet normal 0 0 0
    outer loop
      vertex 67.0961 -30.0137 2.5
      vertex 67.0766 -29.8779 2.5
      vertex 67.2119 -29.5816 2.5
    endloop
  endfacet
  facet normal 0 0 0
    outer loop
      vertex 70.8755 -30.9933 2.5
      vertex 70.8149 -31.0633 2.5
      vertex 70.924 -30.656 2.5
    endloop
  endfacet
  facet normal 0 0 0
    outer loop
      vertex 67.2976 -31.0633 2.5
      vertex 67.237 -30.9933 2.5
      vertex 67.1885 -30.656 2.5
    endloop
  endfacet
  facet normal 0 0 0
    outer loop
      vertex 68.3061 -28.3635 2.5
      vertex 68.4928 -28.2435 2.5
      vertex 68.7539 -28.2435 2.5
    endloop
  endfacet
  facet normal 0 0 0
    outer loop
      vertex 67.4698 -29.0169 2.5
      vertex 67.5448 -28.8528 2.5
      vertex 67.7943 -28.6924 2.5
    endloop
  endfacet
  facet normal 0 0 0
    outer loop
      vertex 69.0563 -33.2458 -4.07144e-15
      vertex 67.5695 -32.8093 -4.01798e-15
      vertex 69.0563 -32.1625 2.5
    endloop
  endfacet
  facet normal 0 0 0
    outer loop
      vertex 67.5695 -32.8093 -4.01798e-15
      vertex 68.0563 -31.8946 2.44074
      vertex 69.0563 -32.1625 2.5
    endloop
  endfacet
  facet normal 0 0 0
    outer loop
      vertex 68.0563 -31.8946 2.44074
      vertex 67.5695 -32.8093 -4.01798e-15
      vertex 67.3893 -32.7564 -4.0115e-15
    endloop
  endfacet
  facet normal 0 0 0
    outer loop
      vertex 68.0563 -31.8946 2.44074
      vertex 67.975 -31.845 2.5
      vertex 68.0199 -31.8582 2.5
    endloop
  endfacet
  facet normal 0 0 0
    outer loop
      vertex 67.975 -31.845 2.5
      vertex 68.0563 -31.8946 2.44074
      vertex 67.3893 -32.7564 -4.0115e-15
    endloop
  endfacet
  facet normal 0 0 0
    outer loop
      vertex 70.1375 -31.845 2.5
      vertex 70.0563 -31.8946 2.44074
      vertex 70.0926 -31.8582 2.5
    endloop
  endfacet
  facet normal 0 0 0
    outer loop
      vertex 70.0563 -31.8946 2.44074
      vertex 70.1375 -31.845 2.5
      vertex 70.7232 -32.7564 -4.0115e-15
    endloop
  endfacet
  facet normal 0 0 0
    outer loop
      vertex 70.543 -32.8093 -4.01798e-15
      vertex 70.0563 -31.8946 2.44074
      vertex 70.7232 -32.7564 -4.0115e-15
    endloop
  endfacet
  facet normal 0 0 0
    outer loop
      vertex 70.0563 -31.8946 2.44074
      vertex 70.543 -32.8093 -4.01798e-15
      vertex 69.0563 -32.1625 2.5
    endloop
  endfacet
  facet normal 0 0 0
    outer loop
      vertex 70.7232 -32.7564 -4.0115e-15
      vertex 70.1375 -31.845 2.5
      vertex 71.738 -31.5853 -3.86808e-15
    endloop
  endfacet
  facet normal 0 0 0
    outer loop
      vertex 70.543 -32.8093 -4.01798e-15
      vertex 69.0563 -33.2458 -4.07144e-15
      vertex 69.0563 -32.1625 2.5
    endloop
  endfacet
  facet normal 0 0 0
    outer loop
      vertex 69.6197 -28.2435 2.5
      vertex 70.0563 -28.4304 2.3106
      vertex 69.8064 -28.3635 2.5
    endloop
  endfacet
  facet normal 0 0 0
    outer loop
      vertex 70.0563 -28.4304 2.3106
      vertex 69.6197 -28.2435 2.5
      vertex 69.9249 -27.2041 -3.33154e-15
    endloop
  endfacet
  facet normal 0 0 0
    outer loop
      vertex 70.0563 -28.4304 2.3106
      vertex 70.5677 -28.8528 2.5
      vertex 70.3182 -28.6924 2.5
    endloop
  endfacet
  facet normal 0 0 0
    outer loop
      vertex 70.0829 -27.3056 -3.34397e-15
      vertex 70.0563 -28.4304 2.3106
      vertex 69.9249 -27.2041 -3.33154e-15
    endloop
  endfacet
  facet normal 0 0 0
    outer loop
      vertex 70.0563 -28.4304 2.3106
      vertex 70.0829 -27.3056 -3.34397e-15
      vertex 70.5677 -28.8528 2.5
    endloop
  endfacet
  facet normal 0 0 0
    outer loop
      vertex 67.0766 -29.8779 2.5
      vertex 66.0043 -29.7237 -3.6401e-15
      vertex 66.648 -28.3142 -3.46749e-15
    endloop
  endfacet
  facet normal 0 0 0
    outer loop
      vertex 71.0359 -29.8779 2.5
      vertex 71.0563 -30.1625 2.35411
      vertex 71.0164 -30.0137 2.5
    endloop
  endfacet
  facet normal 0 0 0
    outer loop
      vertex 71.8877 -31.2575 -3.82793e-15
      vertex 70.924 -30.656 2.5
      vertex 71.0563 -30.1625 2.35411
    endloop
  endfacet
  facet normal 0 0 0
    outer loop
      vertex 71.8877 -31.2575 -3.82793e-15
      vertex 71.0563 -30.1625 2.35411
      vertex 71.0359 -29.8779 2.5
    endloop
  endfacet
  facet normal 0 0 0
    outer loop
      vertex 70.924 -30.656 2.5
      vertex 71.8877 -31.2575 -3.82793e-15
      vertex 70.8755 -30.9933 2.5
    endloop
  endfacet
  facet normal 0 0 0
    outer loop
      vertex 70.8755 -30.9933 2.5
      vertex 71.8877 -31.2575 -3.82793e-15
      vertex 71.8609 -31.4434 -3.8507e-15
    endloop
  endfacet
  facet normal 0 0 0
    outer loop
      vertex 71.8877 -31.2575 -3.82793e-15
      vertex 71.0359 -29.8779 2.5
      vertex 72.1082 -29.7237 -3.6401e-15
    endloop
  endfacet
  facet normal 0 0 0
    outer loop
      vertex 71.3865 -28.1433 -3.44657e-15
      vertex 70.5677 -28.8528 2.5
      vertex 70.0829 -27.3056 -3.34397e-15
    endloop
  endfacet
  facet normal 0 0 0
    outer loop
      vertex 71.4645 -28.3142 -3.46749e-15
      vertex 70.5677 -28.8528 2.5
      vertex 71.3865 -28.1433 -3.44657e-15
    endloop
  endfacet
  facet normal 0 0 0
    outer loop
      vertex 70.7883 -29.1625 2.32693
      vertex 70.5677 -28.8528 2.5
      vertex 71.4645 -28.3142 -3.46749e-15
    endloop
  endfacet
  facet normal 0 0 0
    outer loop
      vertex 70.5677 -28.8528 2.5
      vertex 70.7883 -29.1625 2.32693
      vertex 70.6427 -29.0169 2.5
    endloop
  endfacet
  facet normal 0 0 0
    outer loop
      vertex 71.0359 -29.8779 2.5
      vertex 70.7883 -29.1625 2.32693
      vertex 71.4645 -28.3142 -3.46749e-15
    endloop
  endfacet
  facet normal 0 0 0
    outer loop
      vertex 70.7883 -29.1625 2.32693
      vertex 71.0359 -29.8779 2.5
      vertex 70.9006 -29.5816 2.5
    endloop
  endfacet
  facet normal 0 0 0
    outer loop
      vertex 67.0766 -29.8779 2.5
      vertex 66.2248 -31.2575 -3.82793e-15
      vertex 66.0043 -29.7237 -3.6401e-15
    endloop
  endfacet
  facet normal 0 0 0
    outer loop
      vertex 70.8755 -30.9933 2.5
      vertex 70.7883 -31.1625 2.39208
      vertex 70.8149 -31.0633 2.5
    endloop
  endfacet
  facet normal 0 0 0
    outer loop
      vertex 71.8609 -31.4434 -3.8507e-15
      vertex 70.7883 -31.1625 2.39208
      vertex 70.8755 -30.9933 2.5
    endloop
  endfacet
  facet normal 0 0 0
    outer loop
      vertex 71.738 -31.5853 -3.86808e-15
      vertex 70.7883 -31.1625 2.39208
      vertex 71.8609 -31.4434 -3.8507e-15
    endloop
  endfacet
  facet normal 0 0 0
    outer loop
      vertex 71.738 -31.5853 -3.86808e-15
      vertex 70.3435 -31.6073 2.5
      vertex 70.7883 -31.1625 2.39208
    endloop
  endfacet
  facet normal 0 0 0
    outer loop
      vertex 70.3435 -31.6073 2.5
      vertex 71.738 -31.5853 -3.86808e-15
      vertex 70.1375 -31.845 2.5
    endloop
  endfacet
  facet normal 0 0 0
    outer loop
      vertex 72.1082 -29.7237 -3.6401e-15
      vertex 71.0359 -29.8779 2.5
      vertex 71.4645 -28.3142 -3.46749e-15
    endloop
  endfacet
  facet normal 0 0 0
    outer loop
      vertex 68.4928 -28.2435 2.5
      vertex 69.0563 -28.1625 2.30515
      vertex 68.7539 -28.2435 2.5
    endloop
  endfacet
  facet normal 0 0 0
    outer loop
      vertex 69.0563 -28.1625 2.30515
      vertex 68.4928 -28.2435 2.5
      vertex 68.1876 -27.2041 -3.33154e-15
    endloop
  endfacet
  facet normal 0 0 0
    outer loop
      vertex 69.0563 -28.1625 2.30515
      vertex 69.6197 -28.2435 2.5
      vertex 69.3586 -28.2435 2.5
    endloop
  endfacet
  facet normal 0 0 0
    outer loop
      vertex 69.9249 -27.2041 -3.33154e-15
      vertex 69.0563 -28.1625 2.30515
      vertex 68.1876 -27.2041 -3.33154e-15
    endloop
  endfacet
  facet normal 0 0 0
    outer loop
      vertex 69.0563 -28.1625 2.30515
      vertex 69.9249 -27.2041 -3.33154e-15
      vertex 69.6197 -28.2435 2.5
    endloop
  endfacet
  facet normal 0 0 0
    outer loop
      vertex 67.975 -31.845 2.5
      vertex 67.3893 -32.7564 -4.0115e-15
      vertex 66.3745 -31.5853 -3.86808e-15
    endloop
  endfacet
  facet normal 0 0 0
    outer loop
      vertex 67.5448 -28.8528 2.5
      vertex 68.0563 -28.4304 2.3106
      vertex 67.7943 -28.6924 2.5
    endloop
  endfacet
  facet normal 0 0 0
    outer loop
      vertex 68.0296 -27.3056 -3.34397e-15
      vertex 68.0563 -28.4304 2.3106
      vertex 67.5448 -28.8528 2.5
    endloop
  endfacet
  facet normal 0 0 0
    outer loop
      vertex 68.0563 -28.4304 2.3106
      vertex 68.0296 -27.3056 -3.34397e-15
      vertex 68.1876 -27.2041 -3.33154e-15
    endloop
  endfacet
  facet normal 0 0 0
    outer loop
      vertex 68.0563 -28.4304 2.3106
      vertex 68.4928 -28.2435 2.5
      vertex 68.3061 -28.3635 2.5
    endloop
  endfacet
  facet normal 0 0 0
    outer loop
      vertex 68.4928 -28.2435 2.5
      vertex 68.0563 -28.4304 2.3106
      vertex 68.1876 -27.2041 -3.33154e-15
    endloop
  endfacet
  facet normal 0 0 0
    outer loop
      vertex 67.0563 -30.1625 2.35411
      vertex 67.0766 -29.8779 2.5
      vertex 67.0961 -30.0137 2.5
    endloop
  endfacet
  facet normal 0 0 0
    outer loop
      vertex 66.2248 -31.2575 -3.82793e-15
      vertex 67.1885 -30.656 2.5
      vertex 67.237 -30.9933 2.5
    endloop
  endfacet
  facet normal 0 0 0
    outer loop
      vertex 67.0563 -30.1625 2.35411
      vertex 66.2248 -31.2575 -3.82793e-15
      vertex 67.0766 -29.8779 2.5
    endloop
  endfacet
  facet normal 0 0 0
    outer loop
      vertex 67.1885 -30.656 2.5
      vertex 66.2248 -31.2575 -3.82793e-15
      vertex 67.0563 -30.1625 2.35411
    endloop
  endfacet
  facet normal 0 0 0
    outer loop
      vertex 66.2248 -31.2575 -3.82793e-15
      vertex 67.237 -30.9933 2.5
      vertex 66.2515 -31.4434 -3.8507e-15
    endloop
  endfacet
  facet normal 0 0 0
    outer loop
      vertex 67.3242 -31.1625 2.39208
      vertex 67.237 -30.9933 2.5
      vertex 67.2976 -31.0633 2.5
    endloop
  endfacet
  facet normal 0 0 0
    outer loop
      vertex 67.3242 -31.1625 2.39208
      vertex 66.2515 -31.4434 -3.8507e-15
      vertex 67.237 -30.9933 2.5
    endloop
  endfacet
  facet normal 0 0 0
    outer loop
      vertex 67.3242 -31.1625 2.39208
      vertex 66.3745 -31.5853 -3.86808e-15
      vertex 66.2515 -31.4434 -3.8507e-15
    endloop
  endfacet
  facet normal 0 0 0
    outer loop
      vertex 67.769 -31.6073 2.5
      vertex 66.3745 -31.5853 -3.86808e-15
      vertex 67.3242 -31.1625 2.39208
    endloop
  endfacet
  facet normal 0 0 0
    outer loop
      vertex 66.3745 -31.5853 -3.86808e-15
      vertex 67.769 -31.6073 2.5
      vertex 67.975 -31.845 2.5
    endloop
  endfacet
  facet normal 0 0 0
    outer loop
      vertex 67.5448 -28.8528 2.5
      vertex 66.726 -28.1433 -3.44657e-15
      vertex 68.0296 -27.3056 -3.34397e-15
    endloop
  endfacet
  facet normal 0 0 0
    outer loop
      vertex 67.5448 -28.8528 2.5
      vertex 66.648 -28.3142 -3.46749e-15
      vertex 66.726 -28.1433 -3.44657e-15
    endloop
  endfacet
  facet normal 0 0 0
    outer loop
      vertex 67.3242 -29.1625 2.32693
      vertex 67.5448 -28.8528 2.5
      vertex 67.4698 -29.0169 2.5
    endloop
  endfacet
  facet normal 0 0 0
    outer loop
      vertex 67.5448 -28.8528 2.5
      vertex 67.3242 -29.1625 2.32693
      vertex 66.648 -28.3142 -3.46749e-15
    endloop
  endfacet
  facet normal 0 0 0
    outer loop
      vertex 67.0766 -29.8779 2.5
      vertex 67.3242 -29.1625 2.32693
      vertex 67.2119 -29.5816 2.5
    endloop
  endfacet
  facet normal 0 0 0
    outer loop
      vertex 67.3242 -29.1625 2.32693
      vertex 67.0766 -29.8779 2.5
      vertex 66.648 -28.3142 -3.46749e-15
    endloop
  endfacet
  facet normal 0 0 0
    outer loop
      vertex 69.0563 28.1625 2.5
      vertex 68.0563 28.4305 3
      vertex 69.0563 28.1625 3
    endloop
  endfacet
  facet normal 0 0 0
    outer loop
      vertex 68.0563 28.4305 3
      vertex 69.0563 28.1625 2.5
      vertex 68.0563 28.4305 2.44075
    endloop
  endfacet
  facet normal 0 0 0
    outer loop
      vertex 69.0563 32.1625 3
      vertex 69.3586 32.0815 2.5
      vertex 70.0563 31.8946 3
    endloop
  endfacet
  facet normal 0 0 0
    outer loop
      vertex 69.3586 32.0815 2.5
      vertex 69.0563 32.1625 3
      vertex 69.0563 32.1625 2.30515
    endloop
  endfacet
  facet normal 0 0 0
    outer loop
      vertex 69.8064 31.9615 2.5
      vertex 70.0563 31.8946 3
      vertex 69.3586 32.0815 2.5
    endloop
  endfacet
  facet normal 0 0 0
    outer loop
      vertex 70.0563 31.8946 3
      vertex 69.8064 31.9615 2.5
      vertex 70.0563 31.8946 2.3106
    endloop
  endfacet
  facet normal 0 0 0
    outer loop
      vertex 70.924 29.669 2.5
      vertex 71.0563 30.1625 3
      vertex 71.0563 30.1625 2.35411
    endloop
  endfacet
  facet normal 0 0 0
    outer loop
      vertex 70.7883 29.1625 3
      vertex 70.924 29.669 2.5
      vertex 70.8149 29.2617 2.5
    endloop
  endfacet
  facet normal 0 0 0
    outer loop
      vertex 70.924 29.669 2.5
      vertex 70.7883 29.1625 3
      vertex 71.0563 30.1625 3
    endloop
  endfacet
  facet normal 0 0 0
    outer loop
      vertex 70.7883 29.1625 3
      vertex 70.8149 29.2617 2.5
      vertex 70.7883 29.1625 2.39208
    endloop
  endfacet
  facet normal 0 0 0
    outer loop
      vertex 67.3242 31.1625 3
      vertex 67.2119 30.7434 2.5
      vertex 67.3242 31.1625 2.32693
    endloop
  endfacet
  facet normal 0 0 0
    outer loop
      vertex 67.0563 30.1625 3
      vertex 67.2119 30.7434 2.5
      vertex 67.3242 31.1625 3
    endloop
  endfacet
  facet normal 0 0 0
    outer loop
      vertex 67.2119 30.7434 2.5
      vertex 67.0563 30.1625 3
      vertex 67.0961 30.3113 2.5
    endloop
  endfacet
  facet normal 0 0 0
    outer loop
      vertex 67.0961 30.3113 2.5
      vertex 67.0563 30.1625 3
      vertex 67.0563 30.1625 2.35411
    endloop
  endfacet
  facet normal 0 0 0
    outer loop
      vertex 68.0563 31.8946 3
      vertex 67.7943 31.6326 2.5
      vertex 68.0563 31.8946 2.3106
    endloop
  endfacet
  facet normal 0 0 0
    outer loop
      vertex 67.3242 31.1625 3
      vertex 67.7943 31.6326 2.5
      vertex 68.0563 31.8946 3
    endloop
  endfacet
  facet normal 0 0 0
    outer loop
      vertex 67.7943 31.6326 2.5
      vertex 67.3242 31.1625 3
      vertex 67.4698 31.3081 2.5
    endloop
  endfacet
  facet normal 0 0 0
    outer loop
      vertex 67.4698 31.3081 2.5
      vertex 67.3242 31.1625 3
      vertex 67.3242 31.1625 2.32693
    endloop
  endfacet
  facet normal 0 0 0
    outer loop
      vertex 67.0563 30.1625 3
      vertex 67.1885 29.669 2.5
      vertex 67.0563 30.1625 2.35411
    endloop
  endfacet
  facet normal 0 0 0
    outer loop
      vertex 67.3242 29.1625 3
      vertex 67.1885 29.669 2.5
      vertex 67.0563 30.1625 3
    endloop
  endfacet
  facet normal 0 0 0
    outer loop
      vertex 67.1885 29.669 2.5
      vertex 67.3242 29.1625 3
      vertex 67.2976 29.2617 2.5
    endloop
  endfacet
  facet normal 0 0 0
    outer loop
      vertex 67.2976 29.2617 2.5
      vertex 67.3242 29.1625 3
      vertex 67.3242 29.1625 2.39208
    endloop
  endfacet
  facet normal 0 0 0
    outer loop
      vertex 67.3242 29.1625 3
      vertex 67.769 28.7177 2.5
      vertex 67.3242 29.1625 2.39208
    endloop
  endfacet
  facet normal 0 0 0
    outer loop
      vertex 68.0563 28.4305 3
      vertex 67.769 28.7177 2.5
      vertex 67.3242 29.1625 3
    endloop
  endfacet
  facet normal 0 0 0
    outer loop
      vertex 67.769 28.7177 2.5
      vertex 68.0563 28.4305 3
      vertex 68.0199 28.4668 2.5
    endloop
  endfacet
  facet normal 0 0 0
    outer loop
      vertex 68.0199 28.4668 2.5
      vertex 68.0563 28.4305 3
      vertex 68.0563 28.4305 2.44075
    endloop
  endfacet
  facet normal 0 0 0
    outer loop
      vertex 68.7539 32.0815 2.5
      vertex 68.0563 31.8946 3
      vertex 68.3061 31.9615 2.5
    endloop
  endfacet
  facet normal 0 0 0
    outer loop
      vertex 68.3061 31.9615 2.5
      vertex 68.0563 31.8946 3
      vertex 68.0563 31.8946 2.3106
    endloop
  endfacet
  facet normal 0 0 0
    outer loop
      vertex 68.0563 31.8946 3
      vertex 68.7539 32.0815 2.5
      vertex 69.0563 32.1625 3
    endloop
  endfacet
  facet normal 0 0 0
    outer loop
      vertex 69.0563 32.1625 3
      vertex 68.7539 32.0815 2.5
      vertex 69.0563 32.1625 2.30515
    endloop
  endfacet
  facet normal 0 0 0
    outer loop
      vertex 70.0563 28.4305 3
      vertex 69.0563 28.1625 2.5
      vertex 69.0563 28.1625 3
    endloop
  endfacet
  facet normal 0 0 0
    outer loop
      vertex 69.0563 28.1625 2.5
      vertex 70.0563 28.4305 3
      vertex 70.0563 28.4305 2.44075
    endloop
  endfacet
  facet normal 0 0 0
    outer loop
      vertex 70.3435 28.7177 2.5
      vertex 70.7883 29.1625 3
      vertex 70.7883 29.1625 2.39208
    endloop
  endfacet
  facet normal 0 0 0
    outer loop
      vertex 70.0563 28.4305 3
      vertex 70.3435 28.7177 2.5
      vertex 70.0926 28.4668 2.5
    endloop
  endfacet
  facet normal 0 0 0
    outer loop
      vertex 70.3435 28.7177 2.5
      vertex 70.0563 28.4305 3
      vertex 70.7883 29.1625 3
    endloop
  endfacet
  facet normal 0 0 0
    outer loop
      vertex 70.0563 28.4305 3
      vertex 70.0926 28.4668 2.5
      vertex 70.0563 28.4305 2.44075
    endloop
  endfacet
  facet normal 0 0 0
    outer loop
      vertex 70.9006 30.7434 2.5
      vertex 70.7883 31.1625 3
      vertex 70.7883 31.1625 2.32693
    endloop
  endfacet
  facet normal 0 0 0
    outer loop
      vertex 71.0563 30.1625 3
      vertex 70.9006 30.7434 2.5
      vertex 71.0164 30.3113 2.5
    endloop
  endfacet
  facet normal 0 0 0
    outer loop
      vertex 70.9006 30.7434 2.5
      vertex 71.0563 30.1625 3
      vertex 70.7883 31.1625 3
    endloop
  endfacet
  facet normal 0 0 0
    outer loop
      vertex 71.0563 30.1625 3
      vertex 71.0164 30.3113 2.5
      vertex 71.0563 30.1625 2.35411
    endloop
  endfacet
  facet normal 0 0 0
    outer loop
      vertex 70.3182 31.6326 2.5
      vertex 70.0563 31.8946 3
      vertex 70.0563 31.8946 2.3106
    endloop
  endfacet
  facet normal 0 0 0
    outer loop
      vertex 70.7883 31.1625 3
      vertex 70.3182 31.6326 2.5
      vertex 70.6427 31.3081 2.5
    endloop
  endfacet
  facet normal 0 0 0
    outer loop
      vertex 70.3182 31.6326 2.5
      vertex 70.7883 31.1625 3
      vertex 70.0563 31.8946 3
    endloop
  endfacet
  facet normal 0 0 0
    outer loop
      vertex 70.7883 31.1625 3
      vertex 70.6427 31.3081 2.5
      vertex 70.7883 31.1625 2.32693
    endloop
  endfacet
  facet normal 0 0 0
    outer loop
      vertex 69.6197 32.0815 2.5
      vertex 70.0563 31.8946 2.3106
      vertex 69.8064 31.9615 2.5
    endloop
  endfacet
  facet normal 0 0 0
    outer loop
      vertex 70.0563 31.8946 2.3106
      vertex 69.6197 32.0815 2.5
      vertex 69.9249 33.1209 4.05615e-15
    endloop
  endfacet
  facet normal 0 0 0
    outer loop
      vertex 70.0563 31.8946 2.3106
      vertex 70.5677 31.4722 2.5
      vertex 70.3182 31.6326 2.5
    endloop
  endfacet
  facet normal 0 0 0
    outer loop
      vertex 70.0829 33.0194 4.04371e-15
      vertex 70.0563 31.8946 2.3106
      vertex 69.9249 33.1209 4.05615e-15
    endloop
  endfacet
  facet normal 0 0 0
    outer loop
      vertex 70.0563 31.8946 2.3106
      vertex 70.0829 33.0194 4.04371e-15
      vertex 70.5677 31.4722 2.5
    endloop
  endfacet
  facet normal 0 0 0
    outer loop
      vertex 69.0563 27.0792 3.31624e-15
      vertex 67.5695 27.5157 3.3697e-15
      vertex 69.0563 28.1625 2.5
    endloop
  endfacet
  facet normal 0 0 0
    outer loop
      vertex 67.5695 27.5157 3.3697e-15
      vertex 68.0563 28.4305 2.44075
      vertex 69.0563 28.1625 2.5
    endloop
  endfacet
  facet normal 0 0 0
    outer loop
      vertex 68.0563 28.4305 2.44075
      vertex 67.5695 27.5157 3.3697e-15
      vertex 67.3893 27.5686 3.37618e-15
    endloop
  endfacet
  facet normal 0 0 0
    outer loop
      vertex 68.0563 28.4305 2.44075
      vertex 67.975 28.48 2.5
      vertex 68.0199 28.4668 2.5
    endloop
  endfacet
  facet normal 0 0 0
    outer loop
      vertex 67.975 28.48 2.5
      vertex 68.0563 28.4305 2.44075
      vertex 67.3893 27.5686 3.37618e-15
    endloop
  endfacet
  facet normal 0 0 0
    outer loop
      vertex 70.1375 28.48 2.5
      vertex 70.0563 28.4305 2.44075
      vertex 70.0926 28.4668 2.5
    endloop
  endfacet
  facet normal 0 0 0
    outer loop
      vertex 70.0563 28.4305 2.44075
      vertex 70.1375 28.48 2.5
      vertex 70.7232 27.5686 3.37618e-15
    endloop
  endfacet
  facet normal 0 0 0
    outer loop
      vertex 70.543 27.5157 3.3697e-15
      vertex 70.0563 28.4305 2.44075
      vertex 70.7232 27.5686 3.37618e-15
    endloop
  endfacet
  facet normal 0 0 0
    outer loop
      vertex 70.0563 28.4305 2.44075
      vertex 70.543 27.5157 3.3697e-15
      vertex 69.0563 28.1625 2.5
    endloop
  endfacet
  facet normal 0 0 0
    outer loop
      vertex 71.8609 28.8816 3.53698e-15
      vertex 70.8462 27.7106 3.39357e-15
      vertex 70.8755 29.3317 2.5
    endloop
  endfacet
  facet normal 0 0 0
    outer loop
      vertex 70.543 27.5157 3.3697e-15
      vertex 69.0563 27.0792 3.31624e-15
      vertex 69.0563 28.1625 2.5
    endloop
  endfacet
  facet normal 0 0 0
    outer loop
      vertex 69.8064 31.9615 2.5
      vertex 69.3586 32.0815 2.5
      vertex 69.6197 32.0815 2.5
    endloop
  endfacet
  facet normal 0 0 0
    outer loop
      vertex 70.5677 31.4722 2.5
      vertex 70.6427 31.3081 2.5
      vertex 70.3182 31.6326 2.5
    endloop
  endfacet
  facet normal 0 0 0
    outer loop
      vertex 68.0199 28.4668 2.5
      vertex 67.975 28.48 2.5
      vertex 67.769 28.7177 2.5
    endloop
  endfacet
  facet normal 0 0 0
    outer loop
      vertex 70.1375 28.48 2.5
      vertex 70.0926 28.4668 2.5
      vertex 70.3435 28.7177 2.5
    endloop
  endfacet
  facet normal 0 0 0
    outer loop
      vertex 67.0961 30.3113 2.5
      vertex 67.0766 30.4471 2.5
      vertex 67.2119 30.7434 2.5
    endloop
  endfacet
  facet normal 0 0 0
    outer loop
      vertex 70.8755 29.3317 2.5
      vertex 70.8149 29.2617 2.5
      vertex 70.924 29.669 2.5
    endloop
  endfacet
  facet normal 0 0 0
    outer loop
      vertex 71.0359 30.4471 2.5
      vertex 71.0164 30.3113 2.5
      vertex 70.9006 30.7434 2.5
    endloop
  endfacet
  facet normal 0 0 0
    outer loop
      vertex 67.2976 29.2617 2.5
      vertex 67.237 29.3317 2.5
      vertex 67.1885 29.669 2.5
    endloop
  endfacet
  facet normal 0 0 0
    outer loop
      vertex 67.4698 31.3081 2.5
      vertex 67.5448 31.4722 2.5
      vertex 67.7943 31.6326 2.5
    endloop
  endfacet
  facet normal 0 0 0
    outer loop
      vertex 68.3061 31.9615 2.5
      vertex 68.4928 32.0815 2.5
      vertex 68.7539 32.0815 2.5
    endloop
  endfacet
  facet normal 0 0 0
    outer loop
      vertex 67.0766 30.4471 2.5
      vertex 66.0043 30.6013 3.74758e-15
      vertex 66.648 32.0108 3.92019e-15
    endloop
  endfacet
  facet normal 0 0 0
    outer loop
      vertex 71.0359 30.4471 2.5
      vertex 71.0563 30.1625 2.35411
      vertex 71.0164 30.3113 2.5
    endloop
  endfacet
  facet normal 0 0 0
    outer loop
      vertex 71.8877 29.0675 3.55975e-15
      vertex 70.924 29.669 2.5
      vertex 71.0563 30.1625 2.35411
    endloop
  endfacet
  facet normal 0 0 0
    outer loop
      vertex 71.8877 29.0675 3.55975e-15
      vertex 71.0563 30.1625 2.35411
      vertex 71.0359 30.4471 2.5
    endloop
  endfacet
  facet normal 0 0 0
    outer loop
      vertex 70.924 29.669 2.5
      vertex 71.8877 29.0675 3.55975e-15
      vertex 70.8755 29.3317 2.5
    endloop
  endfacet
  facet normal 0 0 0
    outer loop
      vertex 70.8755 29.3317 2.5
      vertex 71.8877 29.0675 3.55975e-15
      vertex 71.8609 28.8816 3.53698e-15
    endloop
  endfacet
  facet normal 0 0 0
    outer loop
      vertex 67.0766 30.4471 2.5
      vertex 66.2248 29.0675 3.55975e-15
      vertex 66.0043 30.6013 3.74758e-15
    endloop
  endfacet
  facet normal 0 0 0
    outer loop
      vertex 67.5448 31.4722 2.5
      vertex 66.726 32.1817 3.94112e-15
      vertex 68.0296 33.0194 4.04371e-15
    endloop
  endfacet
  facet normal 0 0 0
    outer loop
      vertex 70.8755 29.3317 2.5
      vertex 70.7883 29.1625 2.39208
      vertex 70.8149 29.2617 2.5
    endloop
  endfacet
  facet normal 0 0 0
    outer loop
      vertex 70.7883 29.1625 2.39208
      vertex 70.1375 28.48 2.5
      vertex 70.3435 28.7177 2.5
    endloop
  endfacet
  facet normal 0 0 0
    outer loop
      vertex 70.8462 27.7106 3.39357e-15
      vertex 70.7883 29.1625 2.39208
      vertex 70.8755 29.3317 2.5
    endloop
  endfacet
  facet normal 0 0 0
    outer loop
      vertex 70.8462 27.7106 3.39357e-15
      vertex 70.1375 28.48 2.5
      vertex 70.7883 29.1625 2.39208
    endloop
  endfacet
  facet normal 0 0 0
    outer loop
      vertex 70.1375 28.48 2.5
      vertex 70.8462 27.7106 3.39357e-15
      vertex 70.7232 27.5686 3.37618e-15
    endloop
  endfacet
  facet normal 0 0 0
    outer loop
      vertex 71.4645 32.0108 3.92019e-15
      vertex 70.5677 31.4722 2.5
      vertex 71.3865 32.1817 3.94112e-15
    endloop
  endfacet
  facet normal 0 0 0
    outer loop
      vertex 70.7883 31.1625 2.32693
      vertex 70.5677 31.4722 2.5
      vertex 71.4645 32.0108 3.92019e-15
    endloop
  endfacet
  facet normal 0 0 0
    outer loop
      vertex 70.5677 31.4722 2.5
      vertex 70.7883 31.1625 2.32693
      vertex 70.6427 31.3081 2.5
    endloop
  endfacet
  facet normal 0 0 0
    outer loop
      vertex 71.0359 30.4471 2.5
      vertex 70.7883 31.1625 2.32693
      vertex 71.4645 32.0108 3.92019e-15
    endloop
  endfacet
  facet normal 0 0 0
    outer loop
      vertex 70.7883 31.1625 2.32693
      vertex 71.0359 30.4471 2.5
      vertex 70.9006 30.7434 2.5
    endloop
  endfacet
  facet normal 0 0 0
    outer loop
      vertex 71.3865 32.1817 3.94112e-15
      vertex 70.5677 31.4722 2.5
      vertex 70.0829 33.0194 4.04371e-15
    endloop
  endfacet
  facet normal 0 0 0
    outer loop
      vertex 72.1082 30.6013 3.74758e-15
      vertex 71.0359 30.4471 2.5
      vertex 71.4645 32.0108 3.92019e-15
    endloop
  endfacet
  facet normal 0 0 0
    outer loop
      vertex 71.8877 29.0675 3.55975e-15
      vertex 71.0359 30.4471 2.5
      vertex 72.1082 30.6013 3.74758e-15
    endloop
  endfacet
  facet normal 0 0 0
    outer loop
      vertex 67.0563 30.1625 2.35411
      vertex 67.0766 30.4471 2.5
      vertex 67.0961 30.3113 2.5
    endloop
  endfacet
  facet normal 0 0 0
    outer loop
      vertex 66.2248 29.0675 3.55975e-15
      vertex 67.1885 29.669 2.5
      vertex 67.237 29.3317 2.5
    endloop
  endfacet
  facet normal 0 0 0
    outer loop
      vertex 67.0563 30.1625 2.35411
      vertex 66.2248 29.0675 3.55975e-15
      vertex 67.0766 30.4471 2.5
    endloop
  endfacet
  facet normal 0 0 0
    outer loop
      vertex 67.1885 29.669 2.5
      vertex 66.2248 29.0675 3.55975e-15
      vertex 67.0563 30.1625 2.35411
    endloop
  endfacet
  facet normal 0 0 0
    outer loop
      vertex 66.2248 29.0675 3.55975e-15
      vertex 67.237 29.3317 2.5
      vertex 66.2515 28.8816 3.53698e-15
    endloop
  endfacet
  facet normal 0 0 0
    outer loop
      vertex 67.5448 31.4722 2.5
      vertex 66.648 32.0108 3.92019e-15
      vertex 66.726 32.1817 3.94112e-15
    endloop
  endfacet
  facet normal 0 0 0
    outer loop
      vertex 67.3242 31.1625 2.32693
      vertex 67.5448 31.4722 2.5
      vertex 67.4698 31.3081 2.5
    endloop
  endfacet
  facet normal 0 0 0
    outer loop
      vertex 67.5448 31.4722 2.5
      vertex 67.3242 31.1625 2.32693
      vertex 66.648 32.0108 3.92019e-15
    endloop
  endfacet
  facet normal 0 0 0
    outer loop
      vertex 67.0766 30.4471 2.5
      vertex 67.3242 31.1625 2.32693
      vertex 67.2119 30.7434 2.5
    endloop
  endfacet
  facet normal 0 0 0
    outer loop
      vertex 67.3242 31.1625 2.32693
      vertex 67.0766 30.4471 2.5
      vertex 66.648 32.0108 3.92019e-15
    endloop
  endfacet
  facet normal 0 0 0
    outer loop
      vertex 68.4928 32.0815 2.5
      vertex 69.0563 32.1625 2.30515
      vertex 68.7539 32.0815 2.5
    endloop
  endfacet
  facet normal 0 0 0
    outer loop
      vertex 69.0563 32.1625 2.30515
      vertex 68.4928 32.0815 2.5
      vertex 68.1876 33.1209 4.05615e-15
    endloop
  endfacet
  facet normal 0 0 0
    outer loop
      vertex 69.0563 32.1625 2.30515
      vertex 69.6197 32.0815 2.5
      vertex 69.3586 32.0815 2.5
    endloop
  endfacet
  facet normal 0 0 0
    outer loop
      vertex 69.9249 33.1209 4.05615e-15
      vertex 69.0563 32.1625 2.30515
      vertex 68.1876 33.1209 4.05615e-15
    endloop
  endfacet
  facet normal 0 0 0
    outer loop
      vertex 69.0563 32.1625 2.30515
      vertex 69.9249 33.1209 4.05615e-15
      vertex 69.6197 32.0815 2.5
    endloop
  endfacet
  facet normal 0 0 0
    outer loop
      vertex 67.2663 27.7106 3.39357e-15
      vertex 66.2515 28.8816 3.53698e-15
      vertex 67.237 29.3317 2.5
    endloop
  endfacet
  facet normal 0 0 0
    outer loop
      vertex 67.3242 29.1625 2.39208
      vertex 67.237 29.3317 2.5
      vertex 67.2976 29.2617 2.5
    endloop
  endfacet
  facet normal 0 0 0
    outer loop
      vertex 67.975 28.48 2.5
      vertex 67.3242 29.1625 2.39208
      vertex 67.769 28.7177 2.5
    endloop
  endfacet
  facet normal 0 0 0
    outer loop
      vertex 67.3242 29.1625 2.39208
      vertex 67.2663 27.7106 3.39357e-15
      vertex 67.237 29.3317 2.5
    endloop
  endfacet
  facet normal 0 0 0
    outer loop
      vertex 67.975 28.48 2.5
      vertex 67.2663 27.7106 3.39357e-15
      vertex 67.3242 29.1625 2.39208
    endloop
  endfacet
  facet normal 0 0 0
    outer loop
      vertex 67.2663 27.7106 3.39357e-15
      vertex 67.975 28.48 2.5
      vertex 67.3893 27.5686 3.37618e-15
    endloop
  endfacet
  facet normal 0 0 0
    outer loop
      vertex 67.5448 31.4722 2.5
      vertex 68.0563 31.8946 2.3106
      vertex 67.7943 31.6326 2.5
    endloop
  endfacet
  facet normal 0 0 0
    outer loop
      vertex 68.0296 33.0194 4.04371e-15
      vertex 68.0563 31.8946 2.3106
      vertex 67.5448 31.4722 2.5
    endloop
  endfacet
  facet normal 0 0 0
    outer loop
      vertex 68.0563 31.8946 2.3106
      vertex 68.0296 33.0194 4.04371e-15
      vertex 68.1876 33.1209 4.05615e-15
    endloop
  endfacet
  facet normal 0 0 0
    outer loop
      vertex 68.0563 31.8946 2.3106
      vertex 68.4928 32.0815 2.5
      vertex 68.3061 31.9615 2.5
    endloop
  endfacet
  facet normal 0 0 0
    outer loop
      vertex 68.4928 32.0815 2.5
      vertex 68.0563 31.8946 2.3106
      vertex 68.1876 33.1209 4.05615e-15
    endloop
  endfacet
  facet normal 0 0 0
    outer loop
      vertex 63.8969 11.9063 1.4581e-15
      vertex 74.2157 11.9063 3
      vertex 63.8969 11.9063 3
    endloop
  endfacet
  facet normal 0 0 0
    outer loop
      vertex 74.2157 11.9063 3
      vertex 63.8969 11.9063 1.4581e-15
      vertex 74.2157 11.9063 1.4581e-15
    endloop
  endfacet
  facet normal 0 0 0
    outer loop
      vertex 74.2157 -11.9062 -1.4581e-15
      vertex 63.8969 -11.9062 3
      vertex 74.2157 -11.9062 3
    endloop
  endfacet
  facet normal 0 0 0
    outer loop
      vertex 63.8969 -11.9062 3
      vertex 74.2157 -11.9062 -1.4581e-15
      vertex 63.8969 -11.9062 -1.4581e-15
    endloop
  endfacet
  facet normal 0 0 0
    outer loop
      vertex 63.8969 -11.9062 3
      vertex 63.8969 11.9063 1.4581e-15
      vertex 63.8969 11.9063 3
    endloop
  endfacet
  facet normal 0 0 0
    outer loop
      vertex 63.8969 11.9063 1.4581e-15
      vertex 63.8969 -11.9062 3
      vertex 63.8969 -11.9062 -1.4581e-15
    endloop
  endfacet
  facet normal 0 0 0
    outer loop
      vertex 74.2157 -11.9062 -1.4581e-15
      vertex 74.2157 11.9063 3
      vertex 74.2157 11.9063 1.4581e-15
    endloop
  endfacet
  facet normal 0 0 0
    outer loop
      vertex 74.2157 11.9063 3
      vertex 74.2157 -11.9062 -1.4581e-15
      vertex 74.2157 -11.9062 3
    endloop
  endfacet
  facet normal 0 0 0
    outer loop
      vertex 23.0187 -32.1625 2.5
      vertex 22.0188 -31.8946 3
      vertex 23.0187 -32.1625 3
    endloop
  endfacet
  facet normal 0 0 0
    outer loop
      vertex 22.0188 -31.8946 3
      vertex 23.0187 -32.1625 2.5
      vertex 22.0188 -31.8946 2.44074
    endloop
  endfacet
  facet normal 0 0 0
    outer loop
      vertex 22.7164 -28.2435 2.5
      vertex 22.0188 -28.4304 3
      vertex 22.2686 -28.3635 2.5
    endloop
  endfacet
  facet normal 0 0 0
    outer loop
      vertex 22.2686 -28.3635 2.5
      vertex 22.0188 -28.4304 3
      vertex 22.0188 -28.4304 2.3106
    endloop
  endfacet
  facet normal 0 0 0
    outer loop
      vertex 22.0188 -28.4304 3
      vertex 22.7164 -28.2435 2.5
      vertex 23.0187 -28.1625 3
    endloop
  endfacet
  facet normal 0 0 0
    outer loop
      vertex 23.0187 -28.1625 3
      vertex 22.7164 -28.2435 2.5
      vertex 23.0187 -28.1625 2.30515
    endloop
  endfacet
  facet normal 0 0 0
    outer loop
      vertex 21.0187 -30.1625 3
      vertex 21.151 -30.656 2.5
      vertex 21.0187 -30.1625 2.35411
    endloop
  endfacet
  facet normal 0 0 0
    outer loop
      vertex 21.2867 -31.1625 3
      vertex 21.151 -30.656 2.5
      vertex 21.0187 -30.1625 3
    endloop
  endfacet
  facet normal 0 0 0
    outer loop
      vertex 21.151 -30.656 2.5
      vertex 21.2867 -31.1625 3
      vertex 21.2601 -31.0633 2.5
    endloop
  endfacet
  facet normal 0 0 0
    outer loop
      vertex 21.2601 -31.0633 2.5
      vertex 21.2867 -31.1625 3
      vertex 21.2867 -31.1625 2.39208
    endloop
  endfacet
  facet normal 0 0 0
    outer loop
      vertex 21.7315 -31.6073 2.5
      vertex 22.0188 -31.8946 3
      vertex 21.9824 -31.8582 2.5
    endloop
  endfacet
  facet normal 0 0 0
    outer loop
      vertex 21.9824 -31.8582 2.5
      vertex 22.0188 -31.8946 3
      vertex 22.0188 -31.8946 2.44074
    endloop
  endfacet
  facet normal 0 0 0
    outer loop
      vertex 22.0188 -31.8946 3
      vertex 21.7315 -31.6073 2.5
      vertex 21.2867 -31.1625 3
    endloop
  endfacet
  facet normal 0 0 0
    outer loop
      vertex 21.2867 -31.1625 3
      vertex 21.7315 -31.6073 2.5
      vertex 21.2867 -31.1625 2.39208
    endloop
  endfacet
  facet normal 0 0 0
    outer loop
      vertex 21.2867 -29.1625 3
      vertex 21.1744 -29.5816 2.5
      vertex 21.2867 -29.1625 2.32693
    endloop
  endfacet
  facet normal 0 0 0
    outer loop
      vertex 21.0187 -30.1625 3
      vertex 21.1744 -29.5816 2.5
      vertex 21.2867 -29.1625 3
    endloop
  endfacet
  facet normal 0 0 0
    outer loop
      vertex 21.1744 -29.5816 2.5
      vertex 21.0187 -30.1625 3
      vertex 21.0586 -30.0137 2.5
    endloop
  endfacet
  facet normal 0 0 0
    outer loop
      vertex 21.0586 -30.0137 2.5
      vertex 21.0187 -30.1625 3
      vertex 21.0187 -30.1625 2.35411
    endloop
  endfacet
  facet normal 0 0 0
    outer loop
      vertex 24.8631 -29.5816 2.5
      vertex 24.7508 -29.1625 3
      vertex 24.7508 -29.1625 2.32693
    endloop
  endfacet
  facet normal 0 0 0
    outer loop
      vertex 25.0187 -30.1625 3
      vertex 24.8631 -29.5816 2.5
      vertex 24.9789 -30.0137 2.5
    endloop
  endfacet
  facet normal 0 0 0
    outer loop
      vertex 24.8631 -29.5816 2.5
      vertex 25.0187 -30.1625 3
      vertex 24.7508 -29.1625 3
    endloop
  endfacet
  facet normal 0 0 0
    outer loop
      vertex 25.0187 -30.1625 3
      vertex 24.9789 -30.0137 2.5
      vertex 25.0187 -30.1625 2.35411
    endloop
  endfacet
  facet normal 0 0 0
    outer loop
      vertex 23.0187 -28.1625 3
      vertex 23.3211 -28.2435 2.5
      vertex 24.0187 -28.4304 3
    endloop
  endfacet
  facet normal 0 0 0
    outer loop
      vertex 23.3211 -28.2435 2.5
      vertex 23.0187 -28.1625 3
      vertex 23.0187 -28.1625 2.30515
    endloop
  endfacet
  facet normal 0 0 0
    outer loop
      vertex 23.7689 -28.3635 2.5
      vertex 24.0187 -28.4304 3
      vertex 23.3211 -28.2435 2.5
    endloop
  endfacet
  facet normal 0 0 0
    outer loop
      vertex 24.0187 -28.4304 3
      vertex 23.7689 -28.3635 2.5
      vertex 24.0187 -28.4304 2.3106
    endloop
  endfacet
  facet normal 0 0 0
    outer loop
      vertex 22.0188 -28.4304 3
      vertex 21.7568 -28.6924 2.5
      vertex 22.0188 -28.4304 2.3106
    endloop
  endfacet
  facet normal 0 0 0
    outer loop
      vertex 21.2867 -29.1625 3
      vertex 21.7568 -28.6924 2.5
      vertex 22.0188 -28.4304 3
    endloop
  endfacet
  facet normal 0 0 0
    outer loop
      vertex 21.7568 -28.6924 2.5
      vertex 21.2867 -29.1625 3
      vertex 21.4323 -29.0169 2.5
    endloop
  endfacet
  facet normal 0 0 0
    outer loop
      vertex 21.4323 -29.0169 2.5
      vertex 21.2867 -29.1625 3
      vertex 21.2867 -29.1625 2.32693
    endloop
  endfacet
  facet normal 0 0 0
    outer loop
      vertex 24.0187 -31.8946 3
      vertex 23.0187 -32.1625 2.5
      vertex 23.0187 -32.1625 3
    endloop
  endfacet
  facet normal 0 0 0
    outer loop
      vertex 23.0187 -32.1625 2.5
      vertex 24.0187 -31.8946 3
      vertex 24.0187 -31.8946 2.44074
    endloop
  endfacet
  facet normal 0 0 0
    outer loop
      vertex 24.2807 -28.6924 2.5
      vertex 24.0187 -28.4304 3
      vertex 24.0187 -28.4304 2.3106
    endloop
  endfacet
  facet normal 0 0 0
    outer loop
      vertex 24.7508 -29.1625 3
      vertex 24.2807 -28.6924 2.5
      vertex 24.6052 -29.0169 2.5
    endloop
  endfacet
  facet normal 0 0 0
    outer loop
      vertex 24.2807 -28.6924 2.5
      vertex 24.7508 -29.1625 3
      vertex 24.0187 -28.4304 3
    endloop
  endfacet
  facet normal 0 0 0
    outer loop
      vertex 24.7508 -29.1625 3
      vertex 24.6052 -29.0169 2.5
      vertex 24.7508 -29.1625 2.32693
    endloop
  endfacet
  facet normal 0 0 0
    outer loop
      vertex 24.306 -31.6073 2.5
      vertex 24.7508 -31.1625 3
      vertex 24.7508 -31.1625 2.39208
    endloop
  endfacet
  facet normal 0 0 0
    outer loop
      vertex 24.0187 -31.8946 3
      vertex 24.306 -31.6073 2.5
      vertex 24.0551 -31.8582 2.5
    endloop
  endfacet
  facet normal 0 0 0
    outer loop
      vertex 24.306 -31.6073 2.5
      vertex 24.0187 -31.8946 3
      vertex 24.7508 -31.1625 3
    endloop
  endfacet
  facet normal 0 0 0
    outer loop
      vertex 24.0187 -31.8946 3
      vertex 24.0551 -31.8582 2.5
      vertex 24.0187 -31.8946 2.44074
    endloop
  endfacet
  facet normal 0 0 0
    outer loop
      vertex 24.8865 -30.656 2.5
      vertex 25.0187 -30.1625 3
      vertex 25.0187 -30.1625 2.35411
    endloop
  endfacet
  facet normal 0 0 0
    outer loop
      vertex 24.7508 -31.1625 3
      vertex 24.8865 -30.656 2.5
      vertex 24.7774 -31.0633 2.5
    endloop
  endfacet
  facet normal 0 0 0
    outer loop
      vertex 24.8865 -30.656 2.5
      vertex 24.7508 -31.1625 3
      vertex 25.0187 -30.1625 3
    endloop
  endfacet
  facet normal 0 0 0
    outer loop
      vertex 24.7508 -31.1625 3
      vertex 24.7774 -31.0633 2.5
      vertex 24.7508 -31.1625 2.39208
    endloop
  endfacet
  facet normal 0 0 0
    outer loop
      vertex 23.7689 -28.3635 2.5
      vertex 23.3211 -28.2435 2.5
      vertex 23.5822 -28.2435 2.5
    endloop
  endfacet
  facet normal 0 0 0
    outer loop
      vertex 24.9984 -29.8779 2.5
      vertex 24.9789 -30.0137 2.5
      vertex 24.8631 -29.5816 2.5
    endloop
  endfacet
  facet normal 0 0 0
    outer loop
      vertex 24.5302 -28.8528 2.5
      vertex 24.6052 -29.0169 2.5
      vertex 24.2807 -28.6924 2.5
    endloop
  endfacet
  facet normal 0 0 0
    outer loop
      vertex 21.9824 -31.8582 2.5
      vertex 21.9375 -31.845 2.5
      vertex 21.7315 -31.6073 2.5
    endloop
  endfacet
  facet normal 0 0 0
    outer loop
      vertex 24.1 -31.845 2.5
      vertex 24.0551 -31.8582 2.5
      vertex 24.306 -31.6073 2.5
    endloop
  endfacet
  facet normal 0 0 0
    outer loop
      vertex 21.0586 -30.0137 2.5
      vertex 21.0391 -29.8779 2.5
      vertex 21.1744 -29.5816 2.5
    endloop
  endfacet
  facet normal 0 0 0
    outer loop
      vertex 24.838 -30.9933 2.5
      vertex 24.7774 -31.0633 2.5
      vertex 24.8865 -30.656 2.5
    endloop
  endfacet
  facet normal 0 0 0
    outer loop
      vertex 21.2601 -31.0633 2.5
      vertex 21.1995 -30.9933 2.5
      vertex 21.151 -30.656 2.5
    endloop
  endfacet
  facet normal 0 0 0
    outer loop
      vertex 22.2686 -28.3635 2.5
      vertex 22.4553 -28.2435 2.5
      vertex 22.7164 -28.2435 2.5
    endloop
  endfacet
  facet normal 0 0 0
    outer loop
      vertex 21.4323 -29.0169 2.5
      vertex 21.5073 -28.8528 2.5
      vertex 21.7568 -28.6924 2.5
    endloop
  endfacet
  facet normal 0 0 0
    outer loop
      vertex 23.0187 -33.2458 -4.07144e-15
      vertex 21.532 -32.8093 -4.01798e-15
      vertex 23.0187 -32.1625 2.5
    endloop
  endfacet
  facet normal 0 0 0
    outer loop
      vertex 21.532 -32.8093 -4.01798e-15
      vertex 22.0188 -31.8946 2.44074
      vertex 23.0187 -32.1625 2.5
    endloop
  endfacet
  facet normal 0 0 0
    outer loop
      vertex 22.0188 -31.8946 2.44074
      vertex 21.532 -32.8093 -4.01798e-15
      vertex 21.3518 -32.7564 -4.0115e-15
    endloop
  endfacet
  facet normal 0 0 0
    outer loop
      vertex 22.0188 -31.8946 2.44074
      vertex 21.9375 -31.845 2.5
      vertex 21.9824 -31.8582 2.5
    endloop
  endfacet
  facet normal 0 0 0
    outer loop
      vertex 21.9375 -31.845 2.5
      vertex 22.0188 -31.8946 2.44074
      vertex 21.3518 -32.7564 -4.0115e-15
    endloop
  endfacet
  facet normal 0 0 0
    outer loop
      vertex 24.1 -31.845 2.5
      vertex 24.0187 -31.8946 2.44074
      vertex 24.0551 -31.8582 2.5
    endloop
  endfacet
  facet normal 0 0 0
    outer loop
      vertex 24.0187 -31.8946 2.44074
      vertex 24.1 -31.845 2.5
      vertex 24.6857 -32.7564 -4.0115e-15
    endloop
  endfacet
  facet normal 0 0 0
    outer loop
      vertex 24.5055 -32.8093 -4.01798e-15
      vertex 24.0187 -31.8946 2.44074
      vertex 24.6857 -32.7564 -4.0115e-15
    endloop
  endfacet
  facet normal 0 0 0
    outer loop
      vertex 24.0187 -31.8946 2.44074
      vertex 24.5055 -32.8093 -4.01798e-15
      vertex 23.0187 -32.1625 2.5
    endloop
  endfacet
  facet normal 0 0 0
    outer loop
      vertex 24.6857 -32.7564 -4.0115e-15
      vertex 24.1 -31.845 2.5
      vertex 25.7005 -31.5853 -3.86808e-15
    endloop
  endfacet
  facet normal 0 0 0
    outer loop
      vertex 24.5055 -32.8093 -4.01798e-15
      vertex 23.0187 -33.2458 -4.07144e-15
      vertex 23.0187 -32.1625 2.5
    endloop
  endfacet
  facet normal 0 0 0
    outer loop
      vertex 23.5822 -28.2435 2.5
      vertex 24.0187 -28.4304 2.3106
      vertex 23.7689 -28.3635 2.5
    endloop
  endfacet
  facet normal 0 0 0
    outer loop
      vertex 24.0187 -28.4304 2.3106
      vertex 23.5822 -28.2435 2.5
      vertex 23.8874 -27.2041 -3.33154e-15
    endloop
  endfacet
  facet normal 0 0 0
    outer loop
      vertex 24.0187 -28.4304 2.3106
      vertex 24.5302 -28.8528 2.5
      vertex 24.2807 -28.6924 2.5
    endloop
  endfacet
  facet normal 0 0 0
    outer loop
      vertex 24.0454 -27.3056 -3.34397e-15
      vertex 24.0187 -28.4304 2.3106
      vertex 23.8874 -27.2041 -3.33154e-15
    endloop
  endfacet
  facet normal 0 0 0
    outer loop
      vertex 24.0187 -28.4304 2.3106
      vertex 24.0454 -27.3056 -3.34397e-15
      vertex 24.5302 -28.8528 2.5
    endloop
  endfacet
  facet normal 0 0 0
    outer loop
      vertex 21.0391 -29.8779 2.5
      vertex 19.9668 -29.7237 -3.6401e-15
      vertex 20.6105 -28.3142 -3.46749e-15
    endloop
  endfacet
  facet normal 0 0 0
    outer loop
      vertex 24.9984 -29.8779 2.5
      vertex 25.0187 -30.1625 2.35411
      vertex 24.9789 -30.0137 2.5
    endloop
  endfacet
  facet normal 0 0 0
    outer loop
      vertex 25.8502 -31.2575 -3.82793e-15
      vertex 24.8865 -30.656 2.5
      vertex 25.0187 -30.1625 2.35411
    endloop
  endfacet
  facet normal 0 0 0
    outer loop
      vertex 25.8502 -31.2575 -3.82793e-15
      vertex 25.0187 -30.1625 2.35411
      vertex 24.9984 -29.8779 2.5
    endloop
  endfacet
  facet normal 0 0 0
    outer loop
      vertex 24.8865 -30.656 2.5
      vertex 25.8502 -31.2575 -3.82793e-15
      vertex 24.838 -30.9933 2.5
    endloop
  endfacet
  facet normal 0 0 0
    outer loop
      vertex 24.838 -30.9933 2.5
      vertex 25.8502 -31.2575 -3.82793e-15
      vertex 25.8234 -31.4434 -3.8507e-15
    endloop
  endfacet
  facet normal 0 0 0
    outer loop
      vertex 25.8502 -31.2575 -3.82793e-15
      vertex 24.9984 -29.8779 2.5
      vertex 26.0707 -29.7237 -3.6401e-15
    endloop
  endfacet
  facet normal 0 0 0
    outer loop
      vertex 25.349 -28.1433 -3.44657e-15
      vertex 24.5302 -28.8528 2.5
      vertex 24.0454 -27.3056 -3.34397e-15
    endloop
  endfacet
  facet normal 0 0 0
    outer loop
      vertex 25.427 -28.3142 -3.46749e-15
      vertex 24.5302 -28.8528 2.5
      vertex 25.349 -28.1433 -3.44657e-15
    endloop
  endfacet
  facet normal 0 0 0
    outer loop
      vertex 24.7508 -29.1625 2.32693
      vertex 24.5302 -28.8528 2.5
      vertex 25.427 -28.3142 -3.46749e-15
    endloop
  endfacet
  facet normal 0 0 0
    outer loop
      vertex 24.5302 -28.8528 2.5
      vertex 24.7508 -29.1625 2.32693
      vertex 24.6052 -29.0169 2.5
    endloop
  endfacet
  facet normal 0 0 0
    outer loop
      vertex 24.9984 -29.8779 2.5
      vertex 24.7508 -29.1625 2.32693
      vertex 25.427 -28.3142 -3.46749e-15
    endloop
  endfacet
  facet normal 0 0 0
    outer loop
      vertex 24.7508 -29.1625 2.32693
      vertex 24.9984 -29.8779 2.5
      vertex 24.8631 -29.5816 2.5
    endloop
  endfacet
  facet normal 0 0 0
    outer loop
      vertex 21.0391 -29.8779 2.5
      vertex 20.1873 -31.2575 -3.82793e-15
      vertex 19.9668 -29.7237 -3.6401e-15
    endloop
  endfacet
  facet normal 0 0 0
    outer loop
      vertex 24.838 -30.9933 2.5
      vertex 24.7508 -31.1625 2.39208
      vertex 24.7774 -31.0633 2.5
    endloop
  endfacet
  facet normal 0 0 0
    outer loop
      vertex 25.8234 -31.4434 -3.8507e-15
      vertex 24.7508 -31.1625 2.39208
      vertex 24.838 -30.9933 2.5
    endloop
  endfacet
  facet normal 0 0 0
    outer loop
      vertex 25.7005 -31.5853 -3.86808e-15
      vertex 24.7508 -31.1625 2.39208
      vertex 25.8234 -31.4434 -3.8507e-15
    endloop
  endfacet
  facet normal 0 0 0
    outer loop
      vertex 25.7005 -31.5853 -3.86808e-15
      vertex 24.306 -31.6073 2.5
      vertex 24.7508 -31.1625 2.39208
    endloop
  endfacet
  facet normal 0 0 0
    outer loop
      vertex 24.306 -31.6073 2.5
      vertex 25.7005 -31.5853 -3.86808e-15
      vertex 24.1 -31.845 2.5
    endloop
  endfacet
  facet normal 0 0 0
    outer loop
      vertex 26.0707 -29.7237 -3.6401e-15
      vertex 24.9984 -29.8779 2.5
      vertex 25.427 -28.3142 -3.46749e-15
    endloop
  endfacet
  facet normal 0 0 0
    outer loop
      vertex 22.4553 -28.2435 2.5
      vertex 23.0187 -28.1625 2.30515
      vertex 22.7164 -28.2435 2.5
    endloop
  endfacet
  facet normal 0 0 0
    outer loop
      vertex 23.0187 -28.1625 2.30515
      vertex 22.4553 -28.2435 2.5
      vertex 22.1501 -27.2041 -3.33154e-15
    endloop
  endfacet
  facet normal 0 0 0
    outer loop
      vertex 23.0187 -28.1625 2.30515
      vertex 23.5822 -28.2435 2.5
      vertex 23.3211 -28.2435 2.5
    endloop
  endfacet
  facet normal 0 0 0
    outer loop
      vertex 23.8874 -27.2041 -3.33154e-15
      vertex 23.0187 -28.1625 2.30515
      vertex 22.1501 -27.2041 -3.33154e-15
    endloop
  endfacet
  facet normal 0 0 0
    outer loop
      vertex 23.0187 -28.1625 2.30515
      vertex 23.8874 -27.2041 -3.33154e-15
      vertex 23.5822 -28.2435 2.5
    endloop
  endfacet
  facet normal 0 0 0
    outer loop
      vertex 21.9375 -31.845 2.5
      vertex 21.3518 -32.7564 -4.0115e-15
      vertex 20.337 -31.5853 -3.86808e-15
    endloop
  endfacet
  facet normal 0 0 0
    outer loop
      vertex 21.5073 -28.8528 2.5
      vertex 22.0188 -28.4304 2.3106
      vertex 21.7568 -28.6924 2.5
    endloop
  endfacet
  facet normal 0 0 0
    outer loop
      vertex 21.9921 -27.3056 -3.34397e-15
      vertex 22.0188 -28.4304 2.3106
      vertex 21.5073 -28.8528 2.5
    endloop
  endfacet
  facet normal 0 0 0
    outer loop
      vertex 22.0188 -28.4304 2.3106
      vertex 21.9921 -27.3056 -3.34397e-15
      vertex 22.1501 -27.2041 -3.33154e-15
    endloop
  endfacet
  facet normal 0 0 0
    outer loop
      vertex 22.0188 -28.4304 2.3106
      vertex 22.4553 -28.2435 2.5
      vertex 22.2686 -28.3635 2.5
    endloop
  endfacet
  facet normal 0 0 0
    outer loop
      vertex 22.4553 -28.2435 2.5
      vertex 22.0188 -28.4304 2.3106
      vertex 22.1501 -27.2041 -3.33154e-15
    endloop
  endfacet
  facet normal 0 0 0
    outer loop
      vertex 21.0187 -30.1625 2.35411
      vertex 21.0391 -29.8779 2.5
      vertex 21.0586 -30.0137 2.5
    endloop
  endfacet
  facet normal 0 0 0
    outer loop
      vertex 20.1873 -31.2575 -3.82793e-15
      vertex 21.151 -30.656 2.5
      vertex 21.1995 -30.9933 2.5
    endloop
  endfacet
  facet normal 0 0 0
    outer loop
      vertex 21.0187 -30.1625 2.35411
      vertex 20.1873 -31.2575 -3.82793e-15
      vertex 21.0391 -29.8779 2.5
    endloop
  endfacet
  facet normal 0 0 0
    outer loop
      vertex 21.151 -30.656 2.5
      vertex 20.1873 -31.2575 -3.82793e-15
      vertex 21.0187 -30.1625 2.35411
    endloop
  endfacet
  facet normal 0 0 0
    outer loop
      vertex 20.1873 -31.2575 -3.82793e-15
      vertex 21.1995 -30.9933 2.5
      vertex 20.2141 -31.4434 -3.8507e-15
    endloop
  endfacet
  facet normal 0 0 0
    outer loop
      vertex 21.2867 -31.1625 2.39208
      vertex 21.1995 -30.9933 2.5
      vertex 21.2601 -31.0633 2.5
    endloop
  endfacet
  facet normal 0 0 0
    outer loop
      vertex 21.2867 -31.1625 2.39208
      vertex 20.2141 -31.4434 -3.8507e-15
      vertex 21.1995 -30.9933 2.5
    endloop
  endfacet
  facet normal 0 0 0
    outer loop
      vertex 21.2867 -31.1625 2.39208
      vertex 20.337 -31.5853 -3.86808e-15
      vertex 20.2141 -31.4434 -3.8507e-15
    endloop
  endfacet
  facet normal 0 0 0
    outer loop
      vertex 21.7315 -31.6073 2.5
      vertex 20.337 -31.5853 -3.86808e-15
      vertex 21.2867 -31.1625 2.39208
    endloop
  endfacet
  facet normal 0 0 0
    outer loop
      vertex 20.337 -31.5853 -3.86808e-15
      vertex 21.7315 -31.6073 2.5
      vertex 21.9375 -31.845 2.5
    endloop
  endfacet
  facet normal 0 0 0
    outer loop
      vertex 21.5073 -28.8528 2.5
      vertex 20.6885 -28.1433 -3.44657e-15
      vertex 21.9921 -27.3056 -3.34397e-15
    endloop
  endfacet
  facet normal 0 0 0
    outer loop
      vertex 21.5073 -28.8528 2.5
      vertex 20.6105 -28.3142 -3.46749e-15
      vertex 20.6885 -28.1433 -3.44657e-15
    endloop
  endfacet
  facet normal 0 0 0
    outer loop
      vertex 21.2867 -29.1625 2.32693
      vertex 21.5073 -28.8528 2.5
      vertex 21.4323 -29.0169 2.5
    endloop
  endfacet
  facet normal 0 0 0
    outer loop
      vertex 21.5073 -28.8528 2.5
      vertex 21.2867 -29.1625 2.32693
      vertex 20.6105 -28.3142 -3.46749e-15
    endloop
  endfacet
  facet normal 0 0 0
    outer loop
      vertex 21.0391 -29.8779 2.5
      vertex 21.2867 -29.1625 2.32693
      vertex 21.1744 -29.5816 2.5
    endloop
  endfacet
  facet normal 0 0 0
    outer loop
      vertex 21.2867 -29.1625 2.32693
      vertex 21.0391 -29.8779 2.5
      vertex 20.6105 -28.3142 -3.46749e-15
    endloop
  endfacet
  facet normal 0 0 0
    outer loop
      vertex 23.0187 28.1625 2.5
      vertex 22.0188 28.4305 3
      vertex 23.0187 28.1625 3
    endloop
  endfacet
  facet normal 0 0 0
    outer loop
      vertex 22.0188 28.4305 3
      vertex 23.0187 28.1625 2.5
      vertex 22.0188 28.4305 2.44075
    endloop
  endfacet
  facet normal 0 0 0
    outer loop
      vertex 23.0187 32.1625 3
      vertex 23.3211 32.0815 2.5
      vertex 24.0187 31.8946 3
    endloop
  endfacet
  facet normal 0 0 0
    outer loop
      vertex 23.3211 32.0815 2.5
      vertex 23.0187 32.1625 3
      vertex 23.0187 32.1625 2.30515
    endloop
  endfacet
  facet normal 0 0 0
    outer loop
      vertex 23.7689 31.9615 2.5
      vertex 24.0187 31.8946 3
      vertex 23.3211 32.0815 2.5
    endloop
  endfacet
  facet normal 0 0 0
    outer loop
      vertex 24.0187 31.8946 3
      vertex 23.7689 31.9615 2.5
      vertex 24.0187 31.8946 2.3106
    endloop
  endfacet
  facet normal 0 0 0
    outer loop
      vertex 24.8865 29.669 2.5
      vertex 25.0187 30.1625 3
      vertex 25.0187 30.1625 2.35411
    endloop
  endfacet
  facet normal 0 0 0
    outer loop
      vertex 24.7508 29.1625 3
      vertex 24.8865 29.669 2.5
      vertex 24.7774 29.2617 2.5
    endloop
  endfacet
  facet normal 0 0 0
    outer loop
      vertex 24.8865 29.669 2.5
      vertex 24.7508 29.1625 3
      vertex 25.0187 30.1625 3
    endloop
  endfacet
  facet normal 0 0 0
    outer loop
      vertex 24.7508 29.1625 3
      vertex 24.7774 29.2617 2.5
      vertex 24.7508 29.1625 2.39208
    endloop
  endfacet
  facet normal 0 0 0
    outer loop
      vertex 21.2867 31.1625 3
      vertex 21.1744 30.7434 2.5
      vertex 21.2867 31.1625 2.32693
    endloop
  endfacet
  facet normal 0 0 0
    outer loop
      vertex 21.0187 30.1625 3
      vertex 21.1744 30.7434 2.5
      vertex 21.2867 31.1625 3
    endloop
  endfacet
  facet normal 0 0 0
    outer loop
      vertex 21.1744 30.7434 2.5
      vertex 21.0187 30.1625 3
      vertex 21.0586 30.3113 2.5
    endloop
  endfacet
  facet normal 0 0 0
    outer loop
      vertex 21.0586 30.3113 2.5
      vertex 21.0187 30.1625 3
      vertex 21.0187 30.1625 2.35411
    endloop
  endfacet
  facet normal 0 0 0
    outer loop
      vertex 21.7568 31.6326 2.5
      vertex 21.2867 31.1625 3
      vertex 21.4323 31.3081 2.5
    endloop
  endfacet
  facet normal 0 0 0
    outer loop
      vertex 21.4323 31.3081 2.5
      vertex 21.2867 31.1625 3
      vertex 21.2867 31.1625 2.32693
    endloop
  endfacet
  facet normal 0 0 0
    outer loop
      vertex 21.2867 31.1625 3
      vertex 21.7568 31.6326 2.5
      vertex 22.0188 31.8946 3
    endloop
  endfacet
  facet normal 0 0 0
    outer loop
      vertex 22.0188 31.8946 3
      vertex 21.7568 31.6326 2.5
      vertex 22.0188 31.8946 2.3106
    endloop
  endfacet
  facet normal 0 0 0
    outer loop
      vertex 21.0187 30.1625 3
      vertex 21.151 29.669 2.5
      vertex 21.0187 30.1625 2.35411
    endloop
  endfacet
  facet normal 0 0 0
    outer loop
      vertex 21.2867 29.1625 3
      vertex 21.151 29.669 2.5
      vertex 21.0187 30.1625 3
    endloop
  endfacet
  facet normal 0 0 0
    outer loop
      vertex 21.151 29.669 2.5
      vertex 21.2867 29.1625 3
      vertex 21.2601 29.2617 2.5
    endloop
  endfacet
  facet normal 0 0 0
    outer loop
      vertex 21.2601 29.2617 2.5
      vertex 21.2867 29.1625 3
      vertex 21.2867 29.1625 2.39208
    endloop
  endfacet
  facet normal 0 0 0
    outer loop
      vertex 21.7315 28.7177 2.5
      vertex 22.0188 28.4305 3
      vertex 21.9824 28.4668 2.5
    endloop
  endfacet
  facet normal 0 0 0
    outer loop
      vertex 21.9824 28.4668 2.5
      vertex 22.0188 28.4305 3
      vertex 22.0188 28.4305 2.44075
    endloop
  endfacet
  facet normal 0 0 0
    outer loop
      vertex 22.0188 28.4305 3
      vertex 21.7315 28.7177 2.5
      vertex 21.2867 29.1625 3
    endloop
  endfacet
  facet normal 0 0 0
    outer loop
      vertex 21.2867 29.1625 3
      vertex 21.7315 28.7177 2.5
      vertex 21.2867 29.1625 2.39208
    endloop
  endfacet
  facet normal 0 0 0
    outer loop
      vertex 22.7164 32.0815 2.5
      vertex 22.0188 31.8946 3
      vertex 22.2686 31.9615 2.5
    endloop
  endfacet
  facet normal 0 0 0
    outer loop
      vertex 22.2686 31.9615 2.5
      vertex 22.0188 31.8946 3
      vertex 22.0188 31.8946 2.3106
    endloop
  endfacet
  facet normal 0 0 0
    outer loop
      vertex 22.0188 31.8946 3
      vertex 22.7164 32.0815 2.5
      vertex 23.0187 32.1625 3
    endloop
  endfacet
  facet normal 0 0 0
    outer loop
      vertex 23.0187 32.1625 3
      vertex 22.7164 32.0815 2.5
      vertex 23.0187 32.1625 2.30515
    endloop
  endfacet
  facet normal 0 0 0
    outer loop
      vertex 24.0187 28.4305 3
      vertex 23.0187 28.1625 2.5
      vertex 23.0187 28.1625 3
    endloop
  endfacet
  facet normal 0 0 0
    outer loop
      vertex 23.0187 28.1625 2.5
      vertex 24.0187 28.4305 3
      vertex 24.0187 28.4305 2.44075
    endloop
  endfacet
  facet normal 0 0 0
    outer loop
      vertex 24.306 28.7177 2.5
      vertex 24.7508 29.1625 3
      vertex 24.7508 29.1625 2.39208
    endloop
  endfacet
  facet normal 0 0 0
    outer loop
      vertex 24.0187 28.4305 3
      vertex 24.306 28.7177 2.5
      vertex 24.0551 28.4668 2.5
    endloop
  endfacet
  facet normal 0 0 0
    outer loop
      vertex 24.306 28.7177 2.5
      vertex 24.0187 28.4305 3
      vertex 24.7508 29.1625 3
    endloop
  endfacet
  facet normal 0 0 0
    outer loop
      vertex 24.0187 28.4305 3
      vertex 24.0551 28.4668 2.5
      vertex 24.0187 28.4305 2.44075
    endloop
  endfacet
  facet normal 0 0 0
    outer loop
      vertex 24.8631 30.7434 2.5
      vertex 24.7508 31.1625 3
      vertex 24.7508 31.1625 2.32693
    endloop
  endfacet
  facet normal 0 0 0
    outer loop
      vertex 25.0187 30.1625 3
      vertex 24.8631 30.7434 2.5
      vertex 24.9789 30.3113 2.5
    endloop
  endfacet
  facet normal 0 0 0
    outer loop
      vertex 24.8631 30.7434 2.5
      vertex 25.0187 30.1625 3
      vertex 24.7508 31.1625 3
    endloop
  endfacet
  facet normal 0 0 0
    outer loop
      vertex 25.0187 30.1625 3
      vertex 24.9789 30.3113 2.5
      vertex 25.0187 30.1625 2.35411
    endloop
  endfacet
  facet normal 0 0 0
    outer loop
      vertex 24.2807 31.6326 2.5
      vertex 24.0187 31.8946 3
      vertex 24.0187 31.8946 2.3106
    endloop
  endfacet
  facet normal 0 0 0
    outer loop
      vertex 24.7508 31.1625 3
      vertex 24.2807 31.6326 2.5
      vertex 24.6052 31.3081 2.5
    endloop
  endfacet
  facet normal 0 0 0
    outer loop
      vertex 24.2807 31.6326 2.5
      vertex 24.7508 31.1625 3
      vertex 24.0187 31.8946 3
    endloop
  endfacet
  facet normal 0 0 0
    outer loop
      vertex 24.7508 31.1625 3
      vertex 24.6052 31.3081 2.5
      vertex 24.7508 31.1625 2.32693
    endloop
  endfacet
  facet normal 0 0 0
    outer loop
      vertex 23.5822 32.0815 2.5
      vertex 24.0187 31.8946 2.3106
      vertex 23.7689 31.9615 2.5
    endloop
  endfacet
  facet normal 0 0 0
    outer loop
      vertex 24.0187 31.8946 2.3106
      vertex 23.5822 32.0815 2.5
      vertex 23.8874 33.1209 4.05615e-15
    endloop
  endfacet
  facet normal 0 0 0
    outer loop
      vertex 24.0187 31.8946 2.3106
      vertex 24.5302 31.4722 2.5
      vertex 24.2807 31.6326 2.5
    endloop
  endfacet
  facet normal 0 0 0
    outer loop
      vertex 24.0454 33.0194 4.04371e-15
      vertex 24.0187 31.8946 2.3106
      vertex 23.8874 33.1209 4.05615e-15
    endloop
  endfacet
  facet normal 0 0 0
    outer loop
      vertex 24.0187 31.8946 2.3106
      vertex 24.0454 33.0194 4.04371e-15
      vertex 24.5302 31.4722 2.5
    endloop
  endfacet
  facet normal 0 0 0
    outer loop
      vertex 23.0187 27.0792 3.31624e-15
      vertex 21.532 27.5157 3.3697e-15
      vertex 23.0187 28.1625 2.5
    endloop
  endfacet
  facet normal 0 0 0
    outer loop
      vertex 21.532 27.5157 3.3697e-15
      vertex 22.0188 28.4305 2.44075
      vertex 23.0187 28.1625 2.5
    endloop
  endfacet
  facet normal 0 0 0
    outer loop
      vertex 22.0188 28.4305 2.44075
      vertex 21.532 27.5157 3.3697e-15
      vertex 21.3518 27.5686 3.37618e-15
    endloop
  endfacet
  facet normal 0 0 0
    outer loop
      vertex 22.0188 28.4305 2.44075
      vertex 21.9375 28.48 2.5
      vertex 21.9824 28.4668 2.5
    endloop
  endfacet
  facet normal 0 0 0
    outer loop
      vertex 21.9375 28.48 2.5
      vertex 22.0188 28.4305 2.44075
      vertex 21.3518 27.5686 3.37618e-15
    endloop
  endfacet
  facet normal 0 0 0
    outer loop
      vertex 24.1 28.48 2.5
      vertex 24.0187 28.4305 2.44075
      vertex 24.0551 28.4668 2.5
    endloop
  endfacet
  facet normal 0 0 0
    outer loop
      vertex 24.0187 28.4305 2.44075
      vertex 24.1 28.48 2.5
      vertex 24.6857 27.5686 3.37618e-15
    endloop
  endfacet
  facet normal 0 0 0
    outer loop
      vertex 24.5055 27.5157 3.3697e-15
      vertex 24.0187 28.4305 2.44075
      vertex 24.6857 27.5686 3.37618e-15
    endloop
  endfacet
  facet normal 0 0 0
    outer loop
      vertex 24.0187 28.4305 2.44075
      vertex 24.5055 27.5157 3.3697e-15
      vertex 23.0187 28.1625 2.5
    endloop
  endfacet
  facet normal 0 0 0
    outer loop
      vertex 25.8234 28.8816 3.53698e-15
      vertex 24.8087 27.7106 3.39357e-15
      vertex 24.838 29.3317 2.5
    endloop
  endfacet
  facet normal 0 0 0
    outer loop
      vertex 24.5055 27.5157 3.3697e-15
      vertex 23.0187 27.0792 3.31624e-15
      vertex 23.0187 28.1625 2.5
    endloop
  endfacet
  facet normal 0 0 0
    outer loop
      vertex 23.7689 31.9615 2.5
      vertex 23.3211 32.0815 2.5
      vertex 23.5822 32.0815 2.5
    endloop
  endfacet
  facet normal 0 0 0
    outer loop
      vertex 24.5302 31.4722 2.5
      vertex 24.6052 31.3081 2.5
      vertex 24.2807 31.6326 2.5
    endloop
  endfacet
  facet normal 0 0 0
    outer loop
      vertex 21.9824 28.4668 2.5
      vertex 21.9375 28.48 2.5
      vertex 21.7315 28.7177 2.5
    endloop
  endfacet
  facet normal 0 0 0
    outer loop
      vertex 24.1 28.48 2.5
      vertex 24.0551 28.4668 2.5
      vertex 24.306 28.7177 2.5
    endloop
  endfacet
  facet normal 0 0 0
    outer loop
      vertex 21.0586 30.3113 2.5
      vertex 21.0391 30.4471 2.5
      vertex 21.1744 30.7434 2.5
    endloop
  endfacet
  facet normal 0 0 0
    outer loop
      vertex 24.838 29.3317 2.5
      vertex 24.7774 29.2617 2.5
      vertex 24.8865 29.669 2.5
    endloop
  endfacet
  facet normal 0 0 0
    outer loop
      vertex 24.9984 30.4471 2.5
      vertex 24.9789 30.3113 2.5
      vertex 24.8631 30.7434 2.5
    endloop
  endfacet
  facet normal 0 0 0
    outer loop
      vertex 21.2601 29.2617 2.5
      vertex 21.1995 29.3317 2.5
      vertex 21.151 29.669 2.5
    endloop
  endfacet
  facet normal 0 0 0
    outer loop
      vertex 21.4323 31.3081 2.5
      vertex 21.5073 31.4722 2.5
      vertex 21.7568 31.6326 2.5
    endloop
  endfacet
  facet normal 0 0 0
    outer loop
      vertex 22.2686 31.9615 2.5
      vertex 22.4553 32.0815 2.5
      vertex 22.7164 32.0815 2.5
    endloop
  endfacet
  facet normal 0 0 0
    outer loop
      vertex 21.0391 30.4471 2.5
      vertex 19.9668 30.6013 3.74758e-15
      vertex 20.6105 32.0108 3.92019e-15
    endloop
  endfacet
  facet normal 0 0 0
    outer loop
      vertex 24.9984 30.4471 2.5
      vertex 25.0187 30.1625 2.35411
      vertex 24.9789 30.3113 2.5
    endloop
  endfacet
  facet normal 0 0 0
    outer loop
      vertex 25.8502 29.0675 3.55975e-15
      vertex 24.8865 29.669 2.5
      vertex 25.0187 30.1625 2.35411
    endloop
  endfacet
  facet normal 0 0 0
    outer loop
      vertex 25.8502 29.0675 3.55975e-15
      vertex 25.0187 30.1625 2.35411
      vertex 24.9984 30.4471 2.5
    endloop
  endfacet
  facet normal 0 0 0
    outer loop
      vertex 24.8865 29.669 2.5
      vertex 25.8502 29.0675 3.55975e-15
      vertex 24.838 29.3317 2.5
    endloop
  endfacet
  facet normal 0 0 0
    outer loop
      vertex 24.838 29.3317 2.5
      vertex 25.8502 29.0675 3.55975e-15
      vertex 25.8234 28.8816 3.53698e-15
    endloop
  endfacet
  facet normal 0 0 0
    outer loop
      vertex 21.0391 30.4471 2.5
      vertex 20.1873 29.0675 3.55975e-15
      vertex 19.9668 30.6013 3.74758e-15
    endloop
  endfacet
  facet normal 0 0 0
    outer loop
      vertex 21.5073 31.4722 2.5
      vertex 20.6885 32.1817 3.94112e-15
      vertex 21.9921 33.0194 4.04371e-15
    endloop
  endfacet
  facet normal 0 0 0
    outer loop
      vertex 24.838 29.3317 2.5
      vertex 24.7508 29.1625 2.39208
      vertex 24.7774 29.2617 2.5
    endloop
  endfacet
  facet normal 0 0 0
    outer loop
      vertex 24.7508 29.1625 2.39208
      vertex 24.1 28.48 2.5
      vertex 24.306 28.7177 2.5
    endloop
  endfacet
  facet normal 0 0 0
    outer loop
      vertex 24.8087 27.7106 3.39357e-15
      vertex 24.7508 29.1625 2.39208
      vertex 24.838 29.3317 2.5
    endloop
  endfacet
  facet normal 0 0 0
    outer loop
      vertex 24.8087 27.7106 3.39357e-15
      vertex 24.1 28.48 2.5
      vertex 24.7508 29.1625 2.39208
    endloop
  endfacet
  facet normal 0 0 0
    outer loop
      vertex 24.1 28.48 2.5
      vertex 24.8087 27.7106 3.39357e-15
      vertex 24.6857 27.5686 3.37618e-15
    endloop
  endfacet
  facet normal 0 0 0
    outer loop
      vertex 25.427 32.0108 3.92019e-15
      vertex 24.5302 31.4722 2.5
      vertex 25.349 32.1817 3.94112e-15
    endloop
  endfacet
  facet normal 0 0 0
    outer loop
      vertex 24.7508 31.1625 2.32693
      vertex 24.5302 31.4722 2.5
      vertex 25.427 32.0108 3.92019e-15
    endloop
  endfacet
  facet normal 0 0 0
    outer loop
      vertex 24.5302 31.4722 2.5
      vertex 24.7508 31.1625 2.32693
      vertex 24.6052 31.3081 2.5
    endloop
  endfacet
  facet normal 0 0 0
    outer loop
      vertex 24.9984 30.4471 2.5
      vertex 24.7508 31.1625 2.32693
      vertex 25.427 32.0108 3.92019e-15
    endloop
  endfacet
  facet normal 0 0 0
    outer loop
      vertex 24.7508 31.1625 2.32693
      vertex 24.9984 30.4471 2.5
      vertex 24.8631 30.7434 2.5
    endloop
  endfacet
  facet normal 0 0 0
    outer loop
      vertex 25.349 32.1817 3.94112e-15
      vertex 24.5302 31.4722 2.5
      vertex 24.0454 33.0194 4.04371e-15
    endloop
  endfacet
  facet normal 0 0 0
    outer loop
      vertex 26.0707 30.6013 3.74758e-15
      vertex 24.9984 30.4471 2.5
      vertex 25.427 32.0108 3.92019e-15
    endloop
  endfacet
  facet normal 0 0 0
    outer loop
      vertex 25.8502 29.0675 3.55975e-15
      vertex 24.9984 30.4471 2.5
      vertex 26.0707 30.6013 3.74758e-15
    endloop
  endfacet
  facet normal 0 0 0
    outer loop
      vertex 21.0187 30.1625 2.35411
      vertex 21.0391 30.4471 2.5
      vertex 21.0586 30.3113 2.5
    endloop
  endfacet
  facet normal 0 0 0
    outer loop
      vertex 20.1873 29.0675 3.55975e-15
      vertex 21.151 29.669 2.5
      vertex 21.1995 29.3317 2.5
    endloop
  endfacet
  facet normal 0 0 0
    outer loop
      vertex 21.0187 30.1625 2.35411
      vertex 20.1873 29.0675 3.55975e-15
      vertex 21.0391 30.4471 2.5
    endloop
  endfacet
  facet normal 0 0 0
    outer loop
      vertex 21.151 29.669 2.5
      vertex 20.1873 29.0675 3.55975e-15
      vertex 21.0187 30.1625 2.35411
    endloop
  endfacet
  facet normal 0 0 0
    outer loop
      vertex 20.1873 29.0675 3.55975e-15
      vertex 21.1995 29.3317 2.5
      vertex 20.2141 28.8816 3.53698e-15
    endloop
  endfacet
  facet normal 0 0 0
    outer loop
      vertex 21.5073 31.4722 2.5
      vertex 20.6105 32.0108 3.92019e-15
      vertex 20.6885 32.1817 3.94112e-15
    endloop
  endfacet
  facet normal 0 0 0
    outer loop
      vertex 21.2867 31.1625 2.32693
      vertex 21.5073 31.4722 2.5
      vertex 21.4323 31.3081 2.5
    endloop
  endfacet
  facet normal 0 0 0
    outer loop
      vertex 21.5073 31.4722 2.5
      vertex 21.2867 31.1625 2.32693
      vertex 20.6105 32.0108 3.92019e-15
    endloop
  endfacet
  facet normal 0 0 0
    outer loop
      vertex 21.0391 30.4471 2.5
      vertex 21.2867 31.1625 2.32693
      vertex 21.1744 30.7434 2.5
    endloop
  endfacet
  facet normal 0 0 0
    outer loop
      vertex 21.2867 31.1625 2.32693
      vertex 21.0391 30.4471 2.5
      vertex 20.6105 32.0108 3.92019e-15
    endloop
  endfacet
  facet normal 0 0 0
    outer loop
      vertex 22.4553 32.0815 2.5
      vertex 23.0187 32.1625 2.30515
      vertex 22.7164 32.0815 2.5
    endloop
  endfacet
  facet normal 0 0 0
    outer loop
      vertex 23.0187 32.1625 2.30515
      vertex 22.4553 32.0815 2.5
      vertex 22.1501 33.1209 4.05615e-15
    endloop
  endfacet
  facet normal 0 0 0
    outer loop
      vertex 23.0187 32.1625 2.30515
      vertex 23.5822 32.0815 2.5
      vertex 23.3211 32.0815 2.5
    endloop
  endfacet
  facet normal 0 0 0
    outer loop
      vertex 23.8874 33.1209 4.05615e-15
      vertex 23.0187 32.1625 2.30515
      vertex 22.1501 33.1209 4.05615e-15
    endloop
  endfacet
  facet normal 0 0 0
    outer loop
      vertex 23.0187 32.1625 2.30515
      vertex 23.8874 33.1209 4.05615e-15
      vertex 23.5822 32.0815 2.5
    endloop
  endfacet
  facet normal 0 0 0
    outer loop
      vertex 21.2288 27.7106 3.39357e-15
      vertex 20.2141 28.8816 3.53698e-15
      vertex 21.1995 29.3317 2.5
    endloop
  endfacet
  facet normal 0 0 0
    outer loop
      vertex 21.2867 29.1625 2.39208
      vertex 21.1995 29.3317 2.5
      vertex 21.2601 29.2617 2.5
    endloop
  endfacet
  facet normal 0 0 0
    outer loop
      vertex 21.9375 28.48 2.5
      vertex 21.2867 29.1625 2.39208
      vertex 21.7315 28.7177 2.5
    endloop
  endfacet
  facet normal 0 0 0
    outer loop
      vertex 21.2867 29.1625 2.39208
      vertex 21.2288 27.7106 3.39357e-15
      vertex 21.1995 29.3317 2.5
    endloop
  endfacet
  facet normal 0 0 0
    outer loop
      vertex 21.9375 28.48 2.5
      vertex 21.2288 27.7106 3.39357e-15
      vertex 21.2867 29.1625 2.39208
    endloop
  endfacet
  facet normal 0 0 0
    outer loop
      vertex 21.2288 27.7106 3.39357e-15
      vertex 21.9375 28.48 2.5
      vertex 21.3518 27.5686 3.37618e-15
    endloop
  endfacet
  facet normal 0 0 0
    outer loop
      vertex 21.5073 31.4722 2.5
      vertex 22.0188 31.8946 2.3106
      vertex 21.7568 31.6326 2.5
    endloop
  endfacet
  facet normal 0 0 0
    outer loop
      vertex 21.9921 33.0194 4.04371e-15
      vertex 22.0188 31.8946 2.3106
      vertex 21.5073 31.4722 2.5
    endloop
  endfacet
  facet normal 0 0 0
    outer loop
      vertex 22.0188 31.8946 2.3106
      vertex 21.9921 33.0194 4.04371e-15
      vertex 22.1501 33.1209 4.05615e-15
    endloop
  endfacet
  facet normal 0 0 0
    outer loop
      vertex 22.0188 31.8946 2.3106
      vertex 22.4553 32.0815 2.5
      vertex 22.2686 31.9615 2.5
    endloop
  endfacet
  facet normal 0 0 0
    outer loop
      vertex 22.4553 32.0815 2.5
      vertex 22.0188 31.8946 2.3106
      vertex 22.1501 33.1209 4.05615e-15
    endloop
  endfacet
  facet normal 0 0 0
    outer loop
      vertex 17.8594 11.9063 1.4581e-15
      vertex 28.1782 11.9063 3
      vertex 17.8594 11.9063 3
    endloop
  endfacet
  facet normal 0 0 0
    outer loop
      vertex 28.1782 11.9063 3
      vertex 17.8594 11.9063 1.4581e-15
      vertex 28.1782 11.9063 1.4581e-15
    endloop
  endfacet
  facet normal 0 0 0
    outer loop
      vertex 28.1782 -11.9062 -1.4581e-15
      vertex 17.8594 -11.9062 3
      vertex 28.1782 -11.9062 3
    endloop
  endfacet
  facet normal 0 0 0
    outer loop
      vertex 17.8594 -11.9062 3
      vertex 28.1782 -11.9062 -1.4581e-15
      vertex 17.8594 -11.9062 -1.4581e-15
    endloop
  endfacet
  facet normal 0 0 0
    outer loop
      vertex 17.8594 -11.9062 3
      vertex 17.8594 11.9063 1.4581e-15
      vertex 17.8594 11.9063 3
    endloop
  endfacet
  facet normal 0 0 0
    outer loop
      vertex 17.8594 11.9063 1.4581e-15
      vertex 17.8594 -11.9062 3
      vertex 17.8594 -11.9062 -1.4581e-15
    endloop
  endfacet
  facet normal 0 0 0
    outer loop
      vertex 28.1782 -11.9062 -1.4581e-15
      vertex 28.1782 11.9063 3
      vertex 28.1782 11.9063 1.4581e-15
    endloop
  endfacet
  facet normal 0 0 0
    outer loop
      vertex 28.1782 11.9063 3
      vertex 28.1782 -11.9062 -1.4581e-15
      vertex 28.1782 -11.9062 3
    endloop
  endfacet
  facet normal 0 0 0
    outer loop
      vertex -23.0187 -32.1625 2.5
      vertex -24.0187 -31.8946 3
      vertex -23.0187 -32.1625 3
    endloop
  endfacet
  facet normal 0 0 0
    outer loop
      vertex -24.0187 -31.8946 3
      vertex -23.0187 -32.1625 2.5
      vertex -24.0187 -31.8946 2.44074
    endloop
  endfacet
  facet normal 0 0 0
    outer loop
      vertex -23.3211 -28.2435 2.5
      vertex -24.0187 -28.4304 3
      vertex -23.7689 -28.3635 2.5
    endloop
  endfacet
  facet normal 0 0 0
    outer loop
      vertex -23.7689 -28.3635 2.5
      vertex -24.0187 -28.4304 3
      vertex -24.0187 -28.4304 2.3106
    endloop
  endfacet
  facet normal 0 0 0
    outer loop
      vertex -24.0187 -28.4304 3
      vertex -23.3211 -28.2435 2.5
      vertex -23.0187 -28.1625 3
    endloop
  endfacet
  facet normal 0 0 0
    outer loop
      vertex -23.0187 -28.1625 3
      vertex -23.3211 -28.2435 2.5
      vertex -23.0187 -28.1625 2.30515
    endloop
  endfacet
  facet normal 0 0 0
    outer loop
      vertex -25.0187 -30.1625 3
      vertex -24.8865 -30.656 2.5
      vertex -25.0187 -30.1625 2.35411
    endloop
  endfacet
  facet normal 0 0 0
    outer loop
      vertex -24.7508 -31.1625 3
      vertex -24.8865 -30.656 2.5
      vertex -25.0187 -30.1625 3
    endloop
  endfacet
  facet normal 0 0 0
    outer loop
      vertex -24.8865 -30.656 2.5
      vertex -24.7508 -31.1625 3
      vertex -24.7774 -31.0633 2.5
    endloop
  endfacet
  facet normal 0 0 0
    outer loop
      vertex -24.7774 -31.0633 2.5
      vertex -24.7508 -31.1625 3
      vertex -24.7508 -31.1625 2.39208
    endloop
  endfacet
  facet normal 0 0 0
    outer loop
      vertex -24.7508 -31.1625 3
      vertex -24.306 -31.6073 2.5
      vertex -24.7508 -31.1625 2.39208
    endloop
  endfacet
  facet normal 0 0 0
    outer loop
      vertex -24.0187 -31.8946 3
      vertex -24.306 -31.6073 2.5
      vertex -24.7508 -31.1625 3
    endloop
  endfacet
  facet normal 0 0 0
    outer loop
      vertex -24.306 -31.6073 2.5
      vertex -24.0187 -31.8946 3
      vertex -24.0551 -31.8582 2.5
    endloop
  endfacet
  facet normal 0 0 0
    outer loop
      vertex -24.0551 -31.8582 2.5
      vertex -24.0187 -31.8946 3
      vertex -24.0187 -31.8946 2.44074
    endloop
  endfacet
  facet normal 0 0 0
    outer loop
      vertex -24.7508 -29.1625 3
      vertex -24.8631 -29.5816 2.5
      vertex -24.7508 -29.1625 2.32693
    endloop
  endfacet
  facet normal 0 0 0
    outer loop
      vertex -25.0187 -30.1625 3
      vertex -24.8631 -29.5816 2.5
      vertex -24.7508 -29.1625 3
    endloop
  endfacet
  facet normal 0 0 0
    outer loop
      vertex -24.8631 -29.5816 2.5
      vertex -25.0187 -30.1625 3
      vertex -24.9789 -30.0137 2.5
    endloop
  endfacet
  facet normal 0 0 0
    outer loop
      vertex -24.9789 -30.0137 2.5
      vertex -25.0187 -30.1625 3
      vertex -25.0187 -30.1625 2.35411
    endloop
  endfacet
  facet normal 0 0 0
    outer loop
      vertex -21.1744 -29.5816 2.5
      vertex -21.2867 -29.1625 3
      vertex -21.2867 -29.1625 2.32693
    endloop
  endfacet
  facet normal 0 0 0
    outer loop
      vertex -21.0187 -30.1625 3
      vertex -21.1744 -29.5816 2.5
      vertex -21.0586 -30.0137 2.5
    endloop
  endfacet
  facet normal 0 0 0
    outer loop
      vertex -21.1744 -29.5816 2.5
      vertex -21.0187 -30.1625 3
      vertex -21.2867 -29.1625 3
    endloop
  endfacet
  facet normal 0 0 0
    outer loop
      vertex -21.0187 -30.1625 3
      vertex -21.0586 -30.0137 2.5
      vertex -21.0187 -30.1625 2.35411
    endloop
  endfacet
  facet normal 0 0 0
    outer loop
      vertex -23.0187 -28.1625 3
      vertex -22.7164 -28.2435 2.5
      vertex -22.0188 -28.4304 3
    endloop
  endfacet
  facet normal 0 0 0
    outer loop
      vertex -22.7164 -28.2435 2.5
      vertex -23.0187 -28.1625 3
      vertex -23.0187 -28.1625 2.30515
    endloop
  endfacet
  facet normal 0 0 0
    outer loop
      vertex -22.2686 -28.3635 2.5
      vertex -22.0188 -28.4304 3
      vertex -22.7164 -28.2435 2.5
    endloop
  endfacet
  facet normal 0 0 0
    outer loop
      vertex -22.0188 -28.4304 3
      vertex -22.2686 -28.3635 2.5
      vertex -22.0188 -28.4304 2.3106
    endloop
  endfacet
  facet normal 0 0 0
    outer loop
      vertex -24.0187 -28.4304 3
      vertex -24.2807 -28.6924 2.5
      vertex -24.0187 -28.4304 2.3106
    endloop
  endfacet
  facet normal 0 0 0
    outer loop
      vertex -24.7508 -29.1625 3
      vertex -24.2807 -28.6924 2.5
      vertex -24.0187 -28.4304 3
    endloop
  endfacet
  facet normal 0 0 0
    outer loop
      vertex -24.2807 -28.6924 2.5
      vertex -24.7508 -29.1625 3
      vertex -24.6052 -29.0169 2.5
    endloop
  endfacet
  facet normal 0 0 0
    outer loop
      vertex -24.6052 -29.0169 2.5
      vertex -24.7508 -29.1625 3
      vertex -24.7508 -29.1625 2.32693
    endloop
  endfacet
  facet normal 0 0 0
    outer loop
      vertex -22.0187 -31.8946 3
      vertex -23.0187 -32.1625 2.5
      vertex -23.0187 -32.1625 3
    endloop
  endfacet
  facet normal 0 0 0
    outer loop
      vertex -23.0187 -32.1625 2.5
      vertex -22.0187 -31.8946 3
      vertex -22.0187 -31.8946 2.44074
    endloop
  endfacet
  facet normal 0 0 0
    outer loop
      vertex -21.7568 -28.6924 2.5
      vertex -22.0188 -28.4304 3
      vertex -22.0188 -28.4304 2.3106
    endloop
  endfacet
  facet normal 0 0 0
    outer loop
      vertex -21.2867 -29.1625 3
      vertex -21.7568 -28.6924 2.5
      vertex -21.4323 -29.0169 2.5
    endloop
  endfacet
  facet normal 0 0 0
    outer loop
      vertex -21.7568 -28.6924 2.5
      vertex -21.2867 -29.1625 3
      vertex -22.0188 -28.4304 3
    endloop
  endfacet
  facet normal 0 0 0
    outer loop
      vertex -21.2867 -29.1625 3
      vertex -21.4323 -29.0169 2.5
      vertex -21.2867 -29.1625 2.32693
    endloop
  endfacet
  facet normal 0 0 0
    outer loop
      vertex -21.7315 -31.6073 2.5
      vertex -21.2867 -31.1625 3
      vertex -21.2867 -31.1625 2.39208
    endloop
  endfacet
  facet normal 0 0 0
    outer loop
      vertex -22.0187 -31.8946 3
      vertex -21.7315 -31.6073 2.5
      vertex -21.9824 -31.8582 2.5
    endloop
  endfacet
  facet normal 0 0 0
    outer loop
      vertex -21.7315 -31.6073 2.5
      vertex -22.0187 -31.8946 3
      vertex -21.2867 -31.1625 3
    endloop
  endfacet
  facet normal 0 0 0
    outer loop
      vertex -22.0187 -31.8946 3
      vertex -21.9824 -31.8582 2.5
      vertex -22.0187 -31.8946 2.44074
    endloop
  endfacet
  facet normal 0 0 0
    outer loop
      vertex -21.151 -30.656 2.5
      vertex -21.0187 -30.1625 3
      vertex -21.0187 -30.1625 2.35411
    endloop
  endfacet
  facet normal 0 0 0
    outer loop
      vertex -21.2867 -31.1625 3
      vertex -21.151 -30.656 2.5
      vertex -21.2601 -31.0633 2.5
    endloop
  endfacet
  facet normal 0 0 0
    outer loop
      vertex -21.151 -30.656 2.5
      vertex -21.2867 -31.1625 3
      vertex -21.0187 -30.1625 3
    endloop
  endfacet
  facet normal 0 0 0
    outer loop
      vertex -21.2867 -31.1625 3
      vertex -21.2601 -31.0633 2.5
      vertex -21.2867 -31.1625 2.39208
    endloop
  endfacet
  facet normal 0 0 0
    outer loop
      vertex -22.2686 -28.3635 2.5
      vertex -22.7164 -28.2435 2.5
      vertex -22.4553 -28.2435 2.5
    endloop
  endfacet
  facet normal 0 0 0
    outer loop
      vertex -21.0391 -29.8779 2.5
      vertex -21.0586 -30.0137 2.5
      vertex -21.1744 -29.5816 2.5
    endloop
  endfacet
  facet normal 0 0 0
    outer loop
      vertex -21.5073 -28.8528 2.5
      vertex -21.4323 -29.0169 2.5
      vertex -21.7568 -28.6924 2.5
    endloop
  endfacet
  facet normal 0 0 0
    outer loop
      vertex -24.0551 -31.8582 2.5
      vertex -24.1 -31.845 2.5
      vertex -24.306 -31.6073 2.5
    endloop
  endfacet
  facet normal 0 0 0
    outer loop
      vertex -21.9375 -31.845 2.5
      vertex -21.9824 -31.8582 2.5
      vertex -21.7315 -31.6073 2.5
    endloop
  endfacet
  facet normal 0 0 0
    outer loop
      vertex -24.9789 -30.0137 2.5
      vertex -24.9984 -29.8779 2.5
      vertex -24.8631 -29.5816 2.5
    endloop
  endfacet
  facet normal 0 0 0
    outer loop
      vertex -21.1995 -30.9933 2.5
      vertex -21.2601 -31.0633 2.5
      vertex -21.151 -30.656 2.5
    endloop
  endfacet
  facet normal 0 0 0
    outer loop
      vertex -24.7774 -31.0633 2.5
      vertex -24.838 -30.9933 2.5
      vertex -24.8865 -30.656 2.5
    endloop
  endfacet
  facet normal 0 0 0
    outer loop
      vertex -23.7689 -28.3635 2.5
      vertex -23.5822 -28.2435 2.5
      vertex -23.3211 -28.2435 2.5
    endloop
  endfacet
  facet normal 0 0 0
    outer loop
      vertex -24.6052 -29.0169 2.5
      vertex -24.5302 -28.8528 2.5
      vertex -24.2807 -28.6924 2.5
    endloop
  endfacet
  facet normal 0 0 0
    outer loop
      vertex -23.0187 -33.2458 -4.07144e-15
      vertex -24.5055 -32.8093 -4.01798e-15
      vertex -23.0187 -32.1625 2.5
    endloop
  endfacet
  facet normal 0 0 0
    outer loop
      vertex -24.5055 -32.8093 -4.01798e-15
      vertex -24.0187 -31.8946 2.44074
      vertex -23.0187 -32.1625 2.5
    endloop
  endfacet
  facet normal 0 0 0
    outer loop
      vertex -24.0187 -31.8946 2.44074
      vertex -24.5055 -32.8093 -4.01798e-15
      vertex -24.6857 -32.7564 -4.0115e-15
    endloop
  endfacet
  facet normal 0 0 0
    outer loop
      vertex -24.0187 -31.8946 2.44074
      vertex -24.1 -31.845 2.5
      vertex -24.0551 -31.8582 2.5
    endloop
  endfacet
  facet normal 0 0 0
    outer loop
      vertex -24.1 -31.845 2.5
      vertex -24.0187 -31.8946 2.44074
      vertex -24.6857 -32.7564 -4.0115e-15
    endloop
  endfacet
  facet normal 0 0 0
    outer loop
      vertex -21.9375 -31.845 2.5
      vertex -22.0187 -31.8946 2.44074
      vertex -21.9824 -31.8582 2.5
    endloop
  endfacet
  facet normal 0 0 0
    outer loop
      vertex -22.0187 -31.8946 2.44074
      vertex -21.9375 -31.845 2.5
      vertex -21.3518 -32.7564 -4.0115e-15
    endloop
  endfacet
  facet normal 0 0 0
    outer loop
      vertex -21.532 -32.8093 -4.01798e-15
      vertex -22.0187 -31.8946 2.44074
      vertex -21.3518 -32.7564 -4.0115e-15
    endloop
  endfacet
  facet normal 0 0 0
    outer loop
      vertex -22.0187 -31.8946 2.44074
      vertex -21.532 -32.8093 -4.01798e-15
      vertex -23.0187 -32.1625 2.5
    endloop
  endfacet
  facet normal 0 0 0
    outer loop
      vertex -21.3518 -32.7564 -4.0115e-15
      vertex -21.9375 -31.845 2.5
      vertex -20.337 -31.5853 -3.86808e-15
    endloop
  endfacet
  facet normal 0 0 0
    outer loop
      vertex -21.532 -32.8093 -4.01798e-15
      vertex -23.0187 -33.2458 -4.07144e-15
      vertex -23.0187 -32.1625 2.5
    endloop
  endfacet
  facet normal 0 0 0
    outer loop
      vertex -22.4553 -28.2435 2.5
      vertex -22.0188 -28.4304 2.3106
      vertex -22.2686 -28.3635 2.5
    endloop
  endfacet
  facet normal 0 0 0
    outer loop
      vertex -22.0188 -28.4304 2.3106
      vertex -22.4553 -28.2435 2.5
      vertex -22.1501 -27.2041 -3.33154e-15
    endloop
  endfacet
  facet normal 0 0 0
    outer loop
      vertex -22.0188 -28.4304 2.3106
      vertex -21.5073 -28.8528 2.5
      vertex -21.7568 -28.6924 2.5
    endloop
  endfacet
  facet normal 0 0 0
    outer loop
      vertex -21.9921 -27.3056 -3.34397e-15
      vertex -22.0188 -28.4304 2.3106
      vertex -22.1501 -27.2041 -3.33154e-15
    endloop
  endfacet
  facet normal 0 0 0
    outer loop
      vertex -22.0188 -28.4304 2.3106
      vertex -21.9921 -27.3056 -3.34397e-15
      vertex -21.5073 -28.8528 2.5
    endloop
  endfacet
  facet normal 0 0 0
    outer loop
      vertex -24.9984 -29.8779 2.5
      vertex -26.0707 -29.7237 -3.6401e-15
      vertex -25.427 -28.3142 -3.46749e-15
    endloop
  endfacet
  facet normal 0 0 0
    outer loop
      vertex -21.0391 -29.8779 2.5
      vertex -21.0187 -30.1625 2.35411
      vertex -21.0586 -30.0137 2.5
    endloop
  endfacet
  facet normal 0 0 0
    outer loop
      vertex -20.1873 -31.2575 -3.82793e-15
      vertex -21.151 -30.656 2.5
      vertex -21.0187 -30.1625 2.35411
    endloop
  endfacet
  facet normal 0 0 0
    outer loop
      vertex -20.1873 -31.2575 -3.82793e-15
      vertex -21.0187 -30.1625 2.35411
      vertex -21.0391 -29.8779 2.5
    endloop
  endfacet
  facet normal 0 0 0
    outer loop
      vertex -21.151 -30.656 2.5
      vertex -20.1873 -31.2575 -3.82793e-15
      vertex -21.1995 -30.9933 2.5
    endloop
  endfacet
  facet normal 0 0 0
    outer loop
      vertex -21.1995 -30.9933 2.5
      vertex -20.1873 -31.2575 -3.82793e-15
      vertex -20.2141 -31.4434 -3.8507e-15
    endloop
  endfacet
  facet normal 0 0 0
    outer loop
      vertex -20.1873 -31.2575 -3.82793e-15
      vertex -21.0391 -29.8779 2.5
      vertex -19.9668 -29.7237 -3.6401e-15
    endloop
  endfacet
  facet normal 0 0 0
    outer loop
      vertex -20.6885 -28.1433 -3.44657e-15
      vertex -21.5073 -28.8528 2.5
      vertex -21.9921 -27.3056 -3.34397e-15
    endloop
  endfacet
  facet normal 0 0 0
    outer loop
      vertex -20.6105 -28.3142 -3.46749e-15
      vertex -21.5073 -28.8528 2.5
      vertex -20.6885 -28.1433 -3.44657e-15
    endloop
  endfacet
  facet normal 0 0 0
    outer loop
      vertex -21.2867 -29.1625 2.32693
      vertex -21.5073 -28.8528 2.5
      vertex -20.6105 -28.3142 -3.46749e-15
    endloop
  endfacet
  facet normal 0 0 0
    outer loop
      vertex -21.5073 -28.8528 2.5
      vertex -21.2867 -29.1625 2.32693
      vertex -21.4323 -29.0169 2.5
    endloop
  endfacet
  facet normal 0 0 0
    outer loop
      vertex -21.0391 -29.8779 2.5
      vertex -21.2867 -29.1625 2.32693
      vertex -20.6105 -28.3142 -3.46749e-15
    endloop
  endfacet
  facet normal 0 0 0
    outer loop
      vertex -21.2867 -29.1625 2.32693
      vertex -21.0391 -29.8779 2.5
      vertex -21.1744 -29.5816 2.5
    endloop
  endfacet
  facet normal 0 0 0
    outer loop
      vertex -24.9984 -29.8779 2.5
      vertex -25.8502 -31.2575 -3.82793e-15
      vertex -26.0707 -29.7237 -3.6401e-15
    endloop
  endfacet
  facet normal 0 0 0
    outer loop
      vertex -21.1995 -30.9933 2.5
      vertex -21.2867 -31.1625 2.39208
      vertex -21.2601 -31.0633 2.5
    endloop
  endfacet
  facet normal 0 0 0
    outer loop
      vertex -20.2141 -31.4434 -3.8507e-15
      vertex -21.2867 -31.1625 2.39208
      vertex -21.1995 -30.9933 2.5
    endloop
  endfacet
  facet normal 0 0 0
    outer loop
      vertex -20.337 -31.5853 -3.86808e-15
      vertex -21.2867 -31.1625 2.39208
      vertex -20.2141 -31.4434 -3.8507e-15
    endloop
  endfacet
  facet normal 0 0 0
    outer loop
      vertex -20.337 -31.5853 -3.86808e-15
      vertex -21.7315 -31.6073 2.5
      vertex -21.2867 -31.1625 2.39208
    endloop
  endfacet
  facet normal 0 0 0
    outer loop
      vertex -21.7315 -31.6073 2.5
      vertex -20.337 -31.5853 -3.86808e-15
      vertex -21.9375 -31.845 2.5
    endloop
  endfacet
  facet normal 0 0 0
    outer loop
      vertex -19.9668 -29.7237 -3.6401e-15
      vertex -21.0391 -29.8779 2.5
      vertex -20.6105 -28.3142 -3.46749e-15
    endloop
  endfacet
  facet normal 0 0 0
    outer loop
      vertex -23.5822 -28.2435 2.5
      vertex -23.0187 -28.1625 2.30515
      vertex -23.3211 -28.2435 2.5
    endloop
  endfacet
  facet normal 0 0 0
    outer loop
      vertex -23.0187 -28.1625 2.30515
      vertex -23.5822 -28.2435 2.5
      vertex -23.8874 -27.2041 -3.33154e-15
    endloop
  endfacet
  facet normal 0 0 0
    outer loop
      vertex -23.0187 -28.1625 2.30515
      vertex -22.4553 -28.2435 2.5
      vertex -22.7164 -28.2435 2.5
    endloop
  endfacet
  facet normal 0 0 0
    outer loop
      vertex -22.1501 -27.2041 -3.33154e-15
      vertex -23.0187 -28.1625 2.30515
      vertex -23.8874 -27.2041 -3.33154e-15
    endloop
  endfacet
  facet normal 0 0 0
    outer loop
      vertex -23.0187 -28.1625 2.30515
      vertex -22.1501 -27.2041 -3.33154e-15
      vertex -22.4553 -28.2435 2.5
    endloop
  endfacet
  facet normal 0 0 0
    outer loop
      vertex -24.1 -31.845 2.5
      vertex -24.6857 -32.7564 -4.0115e-15
      vertex -25.7005 -31.5853 -3.86808e-15
    endloop
  endfacet
  facet normal 0 0 0
    outer loop
      vertex -24.5302 -28.8528 2.5
      vertex -24.0187 -28.4304 2.3106
      vertex -24.2807 -28.6924 2.5
    endloop
  endfacet
  facet normal 0 0 0
    outer loop
      vertex -24.0454 -27.3056 -3.34397e-15
      vertex -24.0187 -28.4304 2.3106
      vertex -24.5302 -28.8528 2.5
    endloop
  endfacet
  facet normal 0 0 0
    outer loop
      vertex -24.0187 -28.4304 2.3106
      vertex -24.0454 -27.3056 -3.34397e-15
      vertex -23.8874 -27.2041 -3.33154e-15
    endloop
  endfacet
  facet normal 0 0 0
    outer loop
      vertex -24.0187 -28.4304 2.3106
      vertex -23.5822 -28.2435 2.5
      vertex -23.7689 -28.3635 2.5
    endloop
  endfacet
  facet normal 0 0 0
    outer loop
      vertex -23.5822 -28.2435 2.5
      vertex -24.0187 -28.4304 2.3106
      vertex -23.8874 -27.2041 -3.33154e-15
    endloop
  endfacet
  facet normal 0 0 0
    outer loop
      vertex -25.0187 -30.1625 2.35411
      vertex -24.9984 -29.8779 2.5
      vertex -24.9789 -30.0137 2.5
    endloop
  endfacet
  facet normal 0 0 0
    outer loop
      vertex -25.8502 -31.2575 -3.82793e-15
      vertex -24.8865 -30.656 2.5
      vertex -24.838 -30.9933 2.5
    endloop
  endfacet
  facet normal 0 0 0
    outer loop
      vertex -25.0187 -30.1625 2.35411
      vertex -25.8502 -31.2575 -3.82793e-15
      vertex -24.9984 -29.8779 2.5
    endloop
  endfacet
  facet normal 0 0 0
    outer loop
      vertex -24.8865 -30.656 2.5
      vertex -25.8502 -31.2575 -3.82793e-15
      vertex -25.0187 -30.1625 2.35411
    endloop
  endfacet
  facet normal 0 0 0
    outer loop
      vertex -25.8502 -31.2575 -3.82793e-15
      vertex -24.838 -30.9933 2.5
      vertex -25.8234 -31.4434 -3.8507e-15
    endloop
  endfacet
  facet normal 0 0 0
    outer loop
      vertex -24.7508 -31.1625 2.39208
      vertex -24.838 -30.9933 2.5
      vertex -24.7774 -31.0633 2.5
    endloop
  endfacet
  facet normal 0 0 0
    outer loop
      vertex -24.7508 -31.1625 2.39208
      vertex -25.8234 -31.4434 -3.8507e-15
      vertex -24.838 -30.9933 2.5
    endloop
  endfacet
  facet normal 0 0 0
    outer loop
      vertex -24.7508 -31.1625 2.39208
      vertex -25.7005 -31.5853 -3.86808e-15
      vertex -25.8234 -31.4434 -3.8507e-15
    endloop
  endfacet
  facet normal 0 0 0
    outer loop
      vertex -24.306 -31.6073 2.5
      vertex -25.7005 -31.5853 -3.86808e-15
      vertex -24.7508 -31.1625 2.39208
    endloop
  endfacet
  facet normal 0 0 0
    outer loop
      vertex -25.7005 -31.5853 -3.86808e-15
      vertex -24.306 -31.6073 2.5
      vertex -24.1 -31.845 2.5
    endloop
  endfacet
  facet normal 0 0 0
    outer loop
      vertex -24.5302 -28.8528 2.5
      vertex -25.349 -28.1433 -3.44657e-15
      vertex -24.0454 -27.3056 -3.34397e-15
    endloop
  endfacet
  facet normal 0 0 0
    outer loop
      vertex -24.5302 -28.8528 2.5
      vertex -25.427 -28.3142 -3.46749e-15
      vertex -25.349 -28.1433 -3.44657e-15
    endloop
  endfacet
  facet normal 0 0 0
    outer loop
      vertex -24.7508 -29.1625 2.32693
      vertex -24.5302 -28.8528 2.5
      vertex -24.6052 -29.0169 2.5
    endloop
  endfacet
  facet normal 0 0 0
    outer loop
      vertex -24.5302 -28.8528 2.5
      vertex -24.7508 -29.1625 2.32693
      vertex -25.427 -28.3142 -3.46749e-15
    endloop
  endfacet
  facet normal 0 0 0
    outer loop
      vertex -24.9984 -29.8779 2.5
      vertex -24.7508 -29.1625 2.32693
      vertex -24.8631 -29.5816 2.5
    endloop
  endfacet
  facet normal 0 0 0
    outer loop
      vertex -24.7508 -29.1625 2.32693
      vertex -24.9984 -29.8779 2.5
      vertex -25.427 -28.3142 -3.46749e-15
    endloop
  endfacet
  facet normal 0 0 0
    outer loop
      vertex -23.0187 28.1625 2.5
      vertex -24.0187 28.4305 3
      vertex -23.0187 28.1625 3
    endloop
  endfacet
  facet normal 0 0 0
    outer loop
      vertex -24.0187 28.4305 3
      vertex -23.0187 28.1625 2.5
      vertex -24.0187 28.4305 2.44075
    endloop
  endfacet
  facet normal 0 0 0
    outer loop
      vertex -23.0187 32.1625 3
      vertex -22.7164 32.0815 2.5
      vertex -22.0188 31.8946 3
    endloop
  endfacet
  facet normal 0 0 0
    outer loop
      vertex -22.7164 32.0815 2.5
      vertex -23.0187 32.1625 3
      vertex -23.0187 32.1625 2.30515
    endloop
  endfacet
  facet normal 0 0 0
    outer loop
      vertex -22.2686 31.9615 2.5
      vertex -22.0188 31.8946 3
      vertex -22.7164 32.0815 2.5
    endloop
  endfacet
  facet normal 0 0 0
    outer loop
      vertex -22.0188 31.8946 3
      vertex -22.2686 31.9615 2.5
      vertex -22.0188 31.8946 2.3106
    endloop
  endfacet
  facet normal 0 0 0
    outer loop
      vertex -21.151 29.669 2.5
      vertex -21.0187 30.1625 3
      vertex -21.0187 30.1625 2.35411
    endloop
  endfacet
  facet normal 0 0 0
    outer loop
      vertex -21.2867 29.1625 3
      vertex -21.151 29.669 2.5
      vertex -21.2601 29.2617 2.5
    endloop
  endfacet
  facet normal 0 0 0
    outer loop
      vertex -21.151 29.669 2.5
      vertex -21.2867 29.1625 3
      vertex -21.0187 30.1625 3
    endloop
  endfacet
  facet normal 0 0 0
    outer loop
      vertex -21.2867 29.1625 3
      vertex -21.2601 29.2617 2.5
      vertex -21.2867 29.1625 2.39208
    endloop
  endfacet
  facet normal 0 0 0
    outer loop
      vertex -24.7508 31.1625 3
      vertex -24.8631 30.7434 2.5
      vertex -24.7508 31.1625 2.32693
    endloop
  endfacet
  facet normal 0 0 0
    outer loop
      vertex -25.0187 30.1625 3
      vertex -24.8631 30.7434 2.5
      vertex -24.7508 31.1625 3
    endloop
  endfacet
  facet normal 0 0 0
    outer loop
      vertex -24.8631 30.7434 2.5
      vertex -25.0187 30.1625 3
      vertex -24.9789 30.3113 2.5
    endloop
  endfacet
  facet normal 0 0 0
    outer loop
      vertex -24.9789 30.3113 2.5
      vertex -25.0187 30.1625 3
      vertex -25.0187 30.1625 2.35411
    endloop
  endfacet
  facet normal 0 0 0
    outer loop
      vertex -24.0187 31.8946 3
      vertex -24.2807 31.6326 2.5
      vertex -24.0187 31.8946 2.3106
    endloop
  endfacet
  facet normal 0 0 0
    outer loop
      vertex -24.7508 31.1625 3
      vertex -24.2807 31.6326 2.5
      vertex -24.0187 31.8946 3
    endloop
  endfacet
  facet normal 0 0 0
    outer loop
      vertex -24.2807 31.6326 2.5
      vertex -24.7508 31.1625 3
      vertex -24.6052 31.3081 2.5
    endloop
  endfacet
  facet normal 0 0 0
    outer loop
      vertex -24.6052 31.3081 2.5
      vertex -24.7508 31.1625 3
      vertex -24.7508 31.1625 2.32693
    endloop
  endfacet
  facet normal 0 0 0
    outer loop
      vertex -25.0187 30.1625 3
      vertex -24.8865 29.669 2.5
      vertex -25.0187 30.1625 2.35411
    endloop
  endfacet
  facet normal 0 0 0
    outer loop
      vertex -24.7508 29.1625 3
      vertex -24.8865 29.669 2.5
      vertex -25.0187 30.1625 3
    endloop
  endfacet
  facet normal 0 0 0
    outer loop
      vertex -24.8865 29.669 2.5
      vertex -24.7508 29.1625 3
      vertex -24.7774 29.2617 2.5
    endloop
  endfacet
  facet normal 0 0 0
    outer loop
      vertex -24.7774 29.2617 2.5
      vertex -24.7508 29.1625 3
      vertex -24.7508 29.1625 2.39208
    endloop
  endfacet
  facet normal 0 0 0
    outer loop
      vertex -24.7508 29.1625 3
      vertex -24.306 28.7177 2.5
      vertex -24.7508 29.1625 2.39208
    endloop
  endfacet
  facet normal 0 0 0
    outer loop
      vertex -24.0187 28.4305 3
      vertex -24.306 28.7177 2.5
      vertex -24.7508 29.1625 3
    endloop
  endfacet
  facet normal 0 0 0
    outer loop
      vertex -24.306 28.7177 2.5
      vertex -24.0187 28.4305 3
      vertex -24.0551 28.4668 2.5
    endloop
  endfacet
  facet normal 0 0 0
    outer loop
      vertex -24.0551 28.4668 2.5
      vertex -24.0187 28.4305 3
      vertex -24.0187 28.4305 2.44075
    endloop
  endfacet
  facet normal 0 0 0
    outer loop
      vertex -23.3211 32.0815 2.5
      vertex -24.0187 31.8946 3
      vertex -23.7689 31.9615 2.5
    endloop
  endfacet
  facet normal 0 0 0
    outer loop
      vertex -23.7689 31.9615 2.5
      vertex -24.0187 31.8946 3
      vertex -24.0187 31.8946 2.3106
    endloop
  endfacet
  facet normal 0 0 0
    outer loop
      vertex -24.0187 31.8946 3
      vertex -23.3211 32.0815 2.5
      vertex -23.0187 32.1625 3
    endloop
  endfacet
  facet normal 0 0 0
    outer loop
      vertex -23.0187 32.1625 3
      vertex -23.3211 32.0815 2.5
      vertex -23.0187 32.1625 2.30515
    endloop
  endfacet
  facet normal 0 0 0
    outer loop
      vertex -22.0187 28.4305 3
      vertex -23.0187 28.1625 2.5
      vertex -23.0187 28.1625 3
    endloop
  endfacet
  facet normal 0 0 0
    outer loop
      vertex -23.0187 28.1625 2.5
      vertex -22.0187 28.4305 3
      vertex -22.0187 28.4305 2.44075
    endloop
  endfacet
  facet normal 0 0 0
    outer loop
      vertex -21.7315 28.7177 2.5
      vertex -21.2867 29.1625 3
      vertex -21.2867 29.1625 2.39208
    endloop
  endfacet
  facet normal 0 0 0
    outer loop
      vertex -22.0187 28.4305 3
      vertex -21.7315 28.7177 2.5
      vertex -21.9824 28.4668 2.5
    endloop
  endfacet
  facet normal 0 0 0
    outer loop
      vertex -21.7315 28.7177 2.5
      vertex -22.0187 28.4305 3
      vertex -21.2867 29.1625 3
    endloop
  endfacet
  facet normal 0 0 0
    outer loop
      vertex -22.0187 28.4305 3
      vertex -21.9824 28.4668 2.5
      vertex -22.0187 28.4305 2.44075
    endloop
  endfacet
  facet normal 0 0 0
    outer loop
      vertex -21.1744 30.7434 2.5
      vertex -21.2867 31.1625 3
      vertex -21.2867 31.1625 2.32693
    endloop
  endfacet
  facet normal 0 0 0
    outer loop
      vertex -21.0187 30.1625 3
      vertex -21.1744 30.7434 2.5
      vertex -21.0586 30.3113 2.5
    endloop
  endfacet
  facet normal 0 0 0
    outer loop
      vertex -21.1744 30.7434 2.5
      vertex -21.0187 30.1625 3
      vertex -21.2867 31.1625 3
    endloop
  endfacet
  facet normal 0 0 0
    outer loop
      vertex -21.0187 30.1625 3
      vertex -21.0586 30.3113 2.5
      vertex -21.0187 30.1625 2.35411
    endloop
  endfacet
  facet normal 0 0 0
    outer loop
      vertex -22.0188 31.8946 3
      vertex -21.7568 31.6326 2.5
      vertex -21.2867 31.1625 3
    endloop
  endfacet
  facet normal 0 0 0
    outer loop
      vertex -21.7568 31.6326 2.5
      vertex -22.0188 31.8946 3
      vertex -22.0188 31.8946 2.3106
    endloop
  endfacet
  facet normal 0 0 0
    outer loop
      vertex -21.4323 31.3081 2.5
      vertex -21.2867 31.1625 3
      vertex -21.7568 31.6326 2.5
    endloop
  endfacet
  facet normal 0 0 0
    outer loop
      vertex -21.2867 31.1625 3
      vertex -21.4323 31.3081 2.5
      vertex -21.2867 31.1625 2.32693
    endloop
  endfacet
  facet normal 0 0 0
    outer loop
      vertex -22.4553 32.0815 2.5
      vertex -22.0188 31.8946 2.3106
      vertex -22.2686 31.9615 2.5
    endloop
  endfacet
  facet normal 0 0 0
    outer loop
      vertex -22.0188 31.8946 2.3106
      vertex -22.4553 32.0815 2.5
      vertex -22.1501 33.1209 4.05615e-15
    endloop
  endfacet
  facet normal 0 0 0
    outer loop
      vertex -22.0188 31.8946 2.3106
      vertex -21.5073 31.4722 2.5
      vertex -21.7568 31.6326 2.5
    endloop
  endfacet
  facet normal 0 0 0
    outer loop
      vertex -21.9921 33.0194 4.04371e-15
      vertex -22.0188 31.8946 2.3106
      vertex -22.1501 33.1209 4.05615e-15
    endloop
  endfacet
  facet normal 0 0 0
    outer loop
      vertex -22.0188 31.8946 2.3106
      vertex -21.9921 33.0194 4.04371e-15
      vertex -21.5073 31.4722 2.5
    endloop
  endfacet
  facet normal 0 0 0
    outer loop
      vertex -23.0187 27.0792 3.31624e-15
      vertex -24.5055 27.5157 3.3697e-15
      vertex -23.0187 28.1625 2.5
    endloop
  endfacet
  facet normal 0 0 0
    outer loop
      vertex -24.5055 27.5157 3.3697e-15
      vertex -24.0187 28.4305 2.44075
      vertex -23.0187 28.1625 2.5
    endloop
  endfacet
  facet normal 0 0 0
    outer loop
      vertex -24.0187 28.4305 2.44075
      vertex -24.5055 27.5157 3.3697e-15
      vertex -24.6857 27.5686 3.37618e-15
    endloop
  endfacet
  facet normal 0 0 0
    outer loop
      vertex -24.0187 28.4305 2.44075
      vertex -24.1 28.48 2.5
      vertex -24.0551 28.4668 2.5
    endloop
  endfacet
  facet normal 0 0 0
    outer loop
      vertex -24.1 28.48 2.5
      vertex -24.0187 28.4305 2.44075
      vertex -24.6857 27.5686 3.37618e-15
    endloop
  endfacet
  facet normal 0 0 0
    outer loop
      vertex -21.9375 28.48 2.5
      vertex -22.0187 28.4305 2.44075
      vertex -21.9824 28.4668 2.5
    endloop
  endfacet
  facet normal 0 0 0
    outer loop
      vertex -22.0187 28.4305 2.44075
      vertex -21.9375 28.48 2.5
      vertex -21.3518 27.5686 3.37618e-15
    endloop
  endfacet
  facet normal 0 0 0
    outer loop
      vertex -21.532 27.5157 3.3697e-15
      vertex -22.0187 28.4305 2.44075
      vertex -21.3518 27.5686 3.37618e-15
    endloop
  endfacet
  facet normal 0 0 0
    outer loop
      vertex -22.0187 28.4305 2.44075
      vertex -21.532 27.5157 3.3697e-15
      vertex -23.0187 28.1625 2.5
    endloop
  endfacet
  facet normal 0 0 0
    outer loop
      vertex -20.2141 28.8816 3.53698e-15
      vertex -21.2288 27.7106 3.39357e-15
      vertex -21.1995 29.3317 2.5
    endloop
  endfacet
  facet normal 0 0 0
    outer loop
      vertex -21.532 27.5157 3.3697e-15
      vertex -23.0187 27.0792 3.31624e-15
      vertex -23.0187 28.1625 2.5
    endloop
  endfacet
  facet normal 0 0 0
    outer loop
      vertex -22.2686 31.9615 2.5
      vertex -22.7164 32.0815 2.5
      vertex -22.4553 32.0815 2.5
    endloop
  endfacet
  facet normal 0 0 0
    outer loop
      vertex -21.5073 31.4722 2.5
      vertex -21.4323 31.3081 2.5
      vertex -21.7568 31.6326 2.5
    endloop
  endfacet
  facet normal 0 0 0
    outer loop
      vertex -24.0551 28.4668 2.5
      vertex -24.1 28.48 2.5
      vertex -24.306 28.7177 2.5
    endloop
  endfacet
  facet normal 0 0 0
    outer loop
      vertex -21.9375 28.48 2.5
      vertex -21.9824 28.4668 2.5
      vertex -21.7315 28.7177 2.5
    endloop
  endfacet
  facet normal 0 0 0
    outer loop
      vertex -24.9789 30.3113 2.5
      vertex -24.9984 30.4471 2.5
      vertex -24.8631 30.7434 2.5
    endloop
  endfacet
  facet normal 0 0 0
    outer loop
      vertex -21.1995 29.3317 2.5
      vertex -21.2601 29.2617 2.5
      vertex -21.151 29.669 2.5
    endloop
  endfacet
  facet normal 0 0 0
    outer loop
      vertex -21.0391 30.4471 2.5
      vertex -21.0586 30.3113 2.5
      vertex -21.1744 30.7434 2.5
    endloop
  endfacet
  facet normal 0 0 0
    outer loop
      vertex -24.7774 29.2617 2.5
      vertex -24.838 29.3317 2.5
      vertex -24.8865 29.669 2.5
    endloop
  endfacet
  facet normal 0 0 0
    outer loop
      vertex -24.6052 31.3081 2.5
      vertex -24.5302 31.4722 2.5
      vertex -24.2807 31.6326 2.5
    endloop
  endfacet
  facet normal 0 0 0
    outer loop
      vertex -23.7689 31.9615 2.5
      vertex -23.5822 32.0815 2.5
      vertex -23.3211 32.0815 2.5
    endloop
  endfacet
  facet normal 0 0 0
    outer loop
      vertex -24.9984 30.4471 2.5
      vertex -26.0707 30.6013 3.74758e-15
      vertex -25.427 32.0108 3.92019e-15
    endloop
  endfacet
  facet normal 0 0 0
    outer loop
      vertex -21.0391 30.4471 2.5
      vertex -21.0187 30.1625 2.35411
      vertex -21.0586 30.3113 2.5
    endloop
  endfacet
  facet normal 0 0 0
    outer loop
      vertex -20.1873 29.0675 3.55975e-15
      vertex -21.151 29.669 2.5
      vertex -21.0187 30.1625 2.35411
    endloop
  endfacet
  facet normal 0 0 0
    outer loop
      vertex -20.1873 29.0675 3.55975e-15
      vertex -21.0187 30.1625 2.35411
      vertex -21.0391 30.4471 2.5
    endloop
  endfacet
  facet normal 0 0 0
    outer loop
      vertex -21.151 29.669 2.5
      vertex -20.1873 29.0675 3.55975e-15
      vertex -21.1995 29.3317 2.5
    endloop
  endfacet
  facet normal 0 0 0
    outer loop
      vertex -21.1995 29.3317 2.5
      vertex -20.1873 29.0675 3.55975e-15
      vertex -20.2141 28.8816 3.53698e-15
    endloop
  endfacet
  facet normal 0 0 0
    outer loop
      vertex -24.9984 30.4471 2.5
      vertex -25.8502 29.0675 3.55975e-15
      vertex -26.0707 30.6013 3.74758e-15
    endloop
  endfacet
  facet normal 0 0 0
    outer loop
      vertex -24.5302 31.4722 2.5
      vertex -25.349 32.1817 3.94112e-15
      vertex -24.0454 33.0194 4.04371e-15
    endloop
  endfacet
  facet normal 0 0 0
    outer loop
      vertex -21.1995 29.3317 2.5
      vertex -21.2867 29.1625 2.39208
      vertex -21.2601 29.2617 2.5
    endloop
  endfacet
  facet normal 0 0 0
    outer loop
      vertex -21.2867 29.1625 2.39208
      vertex -21.9375 28.48 2.5
      vertex -21.7315 28.7177 2.5
    endloop
  endfacet
  facet normal 0 0 0
    outer loop
      vertex -21.2288 27.7106 3.39357e-15
      vertex -21.2867 29.1625 2.39208
      vertex -21.1995 29.3317 2.5
    endloop
  endfacet
  facet normal 0 0 0
    outer loop
      vertex -21.2288 27.7106 3.39357e-15
      vertex -21.9375 28.48 2.5
      vertex -21.2867 29.1625 2.39208
    endloop
  endfacet
  facet normal 0 0 0
    outer loop
      vertex -21.9375 28.48 2.5
      vertex -21.2288 27.7106 3.39357e-15
      vertex -21.3518 27.5686 3.37618e-15
    endloop
  endfacet
  facet normal 0 0 0
    outer loop
      vertex -20.6105 32.0108 3.92019e-15
      vertex -21.5073 31.4722 2.5
      vertex -20.6885 32.1817 3.94112e-15
    endloop
  endfacet
  facet normal 0 0 0
    outer loop
      vertex -21.2867 31.1625 2.32693
      vertex -21.5073 31.4722 2.5
      vertex -20.6105 32.0108 3.92019e-15
    endloop
  endfacet
  facet normal 0 0 0
    outer loop
      vertex -21.5073 31.4722 2.5
      vertex -21.2867 31.1625 2.32693
      vertex -21.4323 31.3081 2.5
    endloop
  endfacet
  facet normal 0 0 0
    outer loop
      vertex -21.0391 30.4471 2.5
      vertex -21.2867 31.1625 2.32693
      vertex -20.6105 32.0108 3.92019e-15
    endloop
  endfacet
  facet normal 0 0 0
    outer loop
      vertex -21.2867 31.1625 2.32693
      vertex -21.0391 30.4471 2.5
      vertex -21.1744 30.7434 2.5
    endloop
  endfacet
  facet normal 0 0 0
    outer loop
      vertex -20.6885 32.1817 3.94112e-15
      vertex -21.5073 31.4722 2.5
      vertex -21.9921 33.0194 4.04371e-15
    endloop
  endfacet
  facet normal 0 0 0
    outer loop
      vertex -19.9668 30.6013 3.74758e-15
      vertex -21.0391 30.4471 2.5
      vertex -20.6105 32.0108 3.92019e-15
    endloop
  endfacet
  facet normal 0 0 0
    outer loop
      vertex -20.1873 29.0675 3.55975e-15
      vertex -21.0391 30.4471 2.5
      vertex -19.9668 30.6013 3.74758e-15
    endloop
  endfacet
  facet normal 0 0 0
    outer loop
      vertex -25.0187 30.1625 2.35411
      vertex -24.9984 30.4471 2.5
      vertex -24.9789 30.3113 2.5
    endloop
  endfacet
  facet normal 0 0 0
    outer loop
      vertex -25.8502 29.0675 3.55975e-15
      vertex -24.8865 29.669 2.5
      vertex -24.838 29.3317 2.5
    endloop
  endfacet
  facet normal 0 0 0
    outer loop
      vertex -25.0187 30.1625 2.35411
      vertex -25.8502 29.0675 3.55975e-15
      vertex -24.9984 30.4471 2.5
    endloop
  endfacet
  facet normal 0 0 0
    outer loop
      vertex -24.8865 29.669 2.5
      vertex -25.8502 29.0675 3.55975e-15
      vertex -25.0187 30.1625 2.35411
    endloop
  endfacet
  facet normal 0 0 0
    outer loop
      vertex -25.8502 29.0675 3.55975e-15
      vertex -24.838 29.3317 2.5
      vertex -25.8234 28.8816 3.53698e-15
    endloop
  endfacet
  facet normal 0 0 0
    outer loop
      vertex -24.5302 31.4722 2.5
      vertex -25.427 32.0108 3.92019e-15
      vertex -25.349 32.1817 3.94112e-15
    endloop
  endfacet
  facet normal 0 0 0
    outer loop
      vertex -24.7508 31.1625 2.32693
      vertex -24.5302 31.4722 2.5
      vertex -24.6052 31.3081 2.5
    endloop
  endfacet
  facet normal 0 0 0
    outer loop
      vertex -24.5302 31.4722 2.5
      vertex -24.7508 31.1625 2.32693
      vertex -25.427 32.0108 3.92019e-15
    endloop
  endfacet
  facet normal 0 0 0
    outer loop
      vertex -24.9984 30.4471 2.5
      vertex -24.7508 31.1625 2.32693
      vertex -24.8631 30.7434 2.5
    endloop
  endfacet
  facet normal 0 0 0
    outer loop
      vertex -24.7508 31.1625 2.32693
      vertex -24.9984 30.4471 2.5
      vertex -25.427 32.0108 3.92019e-15
    endloop
  endfacet
  facet normal 0 0 0
    outer loop
      vertex -23.5822 32.0815 2.5
      vertex -23.0187 32.1625 2.30515
      vertex -23.3211 32.0815 2.5
    endloop
  endfacet
  facet normal 0 0 0
    outer loop
      vertex -23.0187 32.1625 2.30515
      vertex -23.5822 32.0815 2.5
      vertex -23.8874 33.1209 4.05615e-15
    endloop
  endfacet
  facet normal 0 0 0
    outer loop
      vertex -23.0187 32.1625 2.30515
      vertex -22.4553 32.0815 2.5
      vertex -22.7164 32.0815 2.5
    endloop
  endfacet
  facet normal 0 0 0
    outer loop
      vertex -22.1501 33.1209 4.05615e-15
      vertex -23.0187 32.1625 2.30515
      vertex -23.8874 33.1209 4.05615e-15
    endloop
  endfacet
  facet normal 0 0 0
    outer loop
      vertex -23.0187 32.1625 2.30515
      vertex -22.1501 33.1209 4.05615e-15
      vertex -22.4553 32.0815 2.5
    endloop
  endfacet
  facet normal 0 0 0
    outer loop
      vertex -24.8087 27.7106 3.39357e-15
      vertex -25.8234 28.8816 3.53698e-15
      vertex -24.838 29.3317 2.5
    endloop
  endfacet
  facet normal 0 0 0
    outer loop
      vertex -24.7508 29.1625 2.39208
      vertex -24.838 29.3317 2.5
      vertex -24.7774 29.2617 2.5
    endloop
  endfacet
  facet normal 0 0 0
    outer loop
      vertex -24.1 28.48 2.5
      vertex -24.7508 29.1625 2.39208
      vertex -24.306 28.7177 2.5
    endloop
  endfacet
  facet normal 0 0 0
    outer loop
      vertex -24.7508 29.1625 2.39208
      vertex -24.8087 27.7106 3.39357e-15
      vertex -24.838 29.3317 2.5
    endloop
  endfacet
  facet normal 0 0 0
    outer loop
      vertex -24.1 28.48 2.5
      vertex -24.8087 27.7106 3.39357e-15
      vertex -24.7508 29.1625 2.39208
    endloop
  endfacet
  facet normal 0 0 0
    outer loop
      vertex -24.8087 27.7106 3.39357e-15
      vertex -24.1 28.48 2.5
      vertex -24.6857 27.5686 3.37618e-15
    endloop
  endfacet
  facet normal 0 0 0
    outer loop
      vertex -24.5302 31.4722 2.5
      vertex -24.0187 31.8946 2.3106
      vertex -24.2807 31.6326 2.5
    endloop
  endfacet
  facet normal 0 0 0
    outer loop
      vertex -24.0454 33.0194 4.04371e-15
      vertex -24.0187 31.8946 2.3106
      vertex -24.5302 31.4722 2.5
    endloop
  endfacet
  facet normal 0 0 0
    outer loop
      vertex -24.0187 31.8946 2.3106
      vertex -24.0454 33.0194 4.04371e-15
      vertex -23.8874 33.1209 4.05615e-15
    endloop
  endfacet
  facet normal 0 0 0
    outer loop
      vertex -24.0187 31.8946 2.3106
      vertex -23.5822 32.0815 2.5
      vertex -23.7689 31.9615 2.5
    endloop
  endfacet
  facet normal 0 0 0
    outer loop
      vertex -23.5822 32.0815 2.5
      vertex -24.0187 31.8946 2.3106
      vertex -23.8874 33.1209 4.05615e-15
    endloop
  endfacet
  facet normal 0 0 0
    outer loop
      vertex -28.1782 11.9063 1.4581e-15
      vertex -17.8594 11.9063 3
      vertex -28.1782 11.9063 3
    endloop
  endfacet
  facet normal 0 0 0
    outer loop
      vertex -17.8594 11.9063 3
      vertex -28.1782 11.9063 1.4581e-15
      vertex -17.8594 11.9063 1.4581e-15
    endloop
  endfacet
  facet normal 0 0 0
    outer loop
      vertex -17.8594 -11.9062 -1.4581e-15
      vertex -28.1782 -11.9062 3
      vertex -17.8594 -11.9062 3
    endloop
  endfacet
  facet normal 0 0 0
    outer loop
      vertex -28.1782 -11.9062 3
      vertex -17.8594 -11.9062 -1.4581e-15
      vertex -28.1782 -11.9062 -1.4581e-15
    endloop
  endfacet
  facet normal 0 0 0
    outer loop
      vertex -28.1782 -11.9062 3
      vertex -28.1782 11.9063 1.4581e-15
      vertex -28.1782 11.9063 3
    endloop
  endfacet
  facet normal 0 0 0
    outer loop
      vertex -28.1782 11.9063 1.4581e-15
      vertex -28.1782 -11.9062 3
      vertex -28.1782 -11.9062 -1.4581e-15
    endloop
  endfacet
  facet normal 0 0 0
    outer loop
      vertex -17.8594 -11.9062 -1.4581e-15
      vertex -17.8594 11.9063 3
      vertex -17.8594 11.9063 1.4581e-15
    endloop
  endfacet
  facet normal 0 0 0
    outer loop
      vertex -17.8594 11.9063 3
      vertex -17.8594 -11.9062 -1.4581e-15
      vertex -17.8594 -11.9062 3
    endloop
  endfacet
  facet normal 0 0 0
    outer loop
      vertex -69.0563 -50.4188 2.5
      vertex -70.0563 -50.1508 3
      vertex -69.0563 -50.4188 3
    endloop
  endfacet
  facet normal 0 0 0
    outer loop
      vertex -70.0563 -50.1508 3
      vertex -69.0563 -50.4188 2.5
      vertex -70.0563 -50.1508 2.44075
    endloop
  endfacet
  facet normal 0 0 0
    outer loop
      vertex -69.3586 -46.4998 2.5
      vertex -70.0563 -46.6867 3
      vertex -69.8064 -46.6198 2.5
    endloop
  endfacet
  facet normal 0 0 0
    outer loop
      vertex -69.8064 -46.6198 2.5
      vertex -70.0563 -46.6867 3
      vertex -70.0563 -46.6867 2.3106
    endloop
  endfacet
  facet normal 0 0 0
    outer loop
      vertex -70.0563 -46.6867 3
      vertex -69.3586 -46.4998 2.5
      vertex -69.0563 -46.4188 3
    endloop
  endfacet
  facet normal 0 0 0
    outer loop
      vertex -69.0563 -46.4188 3
      vertex -69.3586 -46.4998 2.5
      vertex -69.0563 -46.4188 2.30515
    endloop
  endfacet
  facet normal 0 0 0
    outer loop
      vertex -71.0563 -48.4188 3
      vertex -70.924 -48.9123 2.5
      vertex -71.0563 -48.4188 2.35411
    endloop
  endfacet
  facet normal 0 0 0
    outer loop
      vertex -70.7883 -49.4188 3
      vertex -70.924 -48.9123 2.5
      vertex -71.0563 -48.4188 3
    endloop
  endfacet
  facet normal 0 0 0
    outer loop
      vertex -70.924 -48.9123 2.5
      vertex -70.7883 -49.4188 3
      vertex -70.8149 -49.3196 2.5
    endloop
  endfacet
  facet normal 0 0 0
    outer loop
      vertex -70.8149 -49.3196 2.5
      vertex -70.7883 -49.4188 3
      vertex -70.7883 -49.4188 2.39208
    endloop
  endfacet
  facet normal 0 0 0
    outer loop
      vertex -70.7883 -49.4188 3
      vertex -70.3435 -49.8635 2.5
      vertex -70.7883 -49.4188 2.39208
    endloop
  endfacet
  facet normal 0 0 0
    outer loop
      vertex -70.0563 -50.1508 3
      vertex -70.3435 -49.8635 2.5
      vertex -70.7883 -49.4188 3
    endloop
  endfacet
  facet normal 0 0 0
    outer loop
      vertex -70.3435 -49.8635 2.5
      vertex -70.0563 -50.1508 3
      vertex -70.0926 -50.1144 2.5
    endloop
  endfacet
  facet normal 0 0 0
    outer loop
      vertex -70.0926 -50.1144 2.5
      vertex -70.0563 -50.1508 3
      vertex -70.0563 -50.1508 2.44075
    endloop
  endfacet
  facet normal 0 0 0
    outer loop
      vertex -70.7883 -47.4188 3
      vertex -70.9006 -47.8379 2.5
      vertex -70.7883 -47.4188 2.32693
    endloop
  endfacet
  facet normal 0 0 0
    outer loop
      vertex -71.0563 -48.4188 3
      vertex -70.9006 -47.8379 2.5
      vertex -70.7883 -47.4188 3
    endloop
  endfacet
  facet normal 0 0 0
    outer loop
      vertex -70.9006 -47.8379 2.5
      vertex -71.0563 -48.4188 3
      vertex -71.0164 -48.2699 2.5
    endloop
  endfacet
  facet normal 0 0 0
    outer loop
      vertex -71.0164 -48.2699 2.5
      vertex -71.0563 -48.4188 3
      vertex -71.0563 -48.4188 2.35411
    endloop
  endfacet
  facet normal 0 0 0
    outer loop
      vertex -67.1885 -48.9123 2.5
      vertex -67.0563 -48.4188 3
      vertex -67.0563 -48.4188 2.35411
    endloop
  endfacet
  facet normal 0 0 0
    outer loop
      vertex -67.3242 -49.4188 3
      vertex -67.1885 -48.9123 2.5
      vertex -67.2976 -49.3196 2.5
    endloop
  endfacet
  facet normal 0 0 0
    outer loop
      vertex -67.1885 -48.9123 2.5
      vertex -67.3242 -49.4188 3
      vertex -67.0563 -48.4188 3
    endloop
  endfacet
  facet normal 0 0 0
    outer loop
      vertex -67.3242 -49.4188 3
      vertex -67.2976 -49.3196 2.5
      vertex -67.3242 -49.4188 2.39208
    endloop
  endfacet
  facet normal 0 0 0
    outer loop
      vertex -67.2119 -47.8379 2.5
      vertex -67.3242 -47.4188 3
      vertex -67.3242 -47.4188 2.32693
    endloop
  endfacet
  facet normal 0 0 0
    outer loop
      vertex -67.0563 -48.4188 3
      vertex -67.2119 -47.8379 2.5
      vertex -67.0961 -48.2699 2.5
    endloop
  endfacet
  facet normal 0 0 0
    outer loop
      vertex -67.2119 -47.8379 2.5
      vertex -67.0563 -48.4188 3
      vertex -67.3242 -47.4188 3
    endloop
  endfacet
  facet normal 0 0 0
    outer loop
      vertex -67.0563 -48.4188 3
      vertex -67.0961 -48.2699 2.5
      vertex -67.0563 -48.4188 2.35411
    endloop
  endfacet
  facet normal 0 0 0
    outer loop
      vertex -69.0563 -46.4188 3
      vertex -68.7539 -46.4998 2.5
      vertex -68.0563 -46.6867 3
    endloop
  endfacet
  facet normal 0 0 0
    outer loop
      vertex -68.7539 -46.4998 2.5
      vertex -69.0563 -46.4188 3
      vertex -69.0563 -46.4188 2.30515
    endloop
  endfacet
  facet normal 0 0 0
    outer loop
      vertex -68.3061 -46.6198 2.5
      vertex -68.0563 -46.6867 3
      vertex -68.7539 -46.4998 2.5
    endloop
  endfacet
  facet normal 0 0 0
    outer loop
      vertex -68.0563 -46.6867 3
      vertex -68.3061 -46.6198 2.5
      vertex -68.0563 -46.6867 2.3106
    endloop
  endfacet
  facet normal 0 0 0
    outer loop
      vertex -70.0563 -46.6867 3
      vertex -70.3182 -46.9487 2.5
      vertex -70.0563 -46.6867 2.3106
    endloop
  endfacet
  facet normal 0 0 0
    outer loop
      vertex -70.7883 -47.4188 3
      vertex -70.3182 -46.9487 2.5
      vertex -70.0563 -46.6867 3
    endloop
  endfacet
  facet normal 0 0 0
    outer loop
      vertex -70.3182 -46.9487 2.5
      vertex -70.7883 -47.4188 3
      vertex -70.6427 -47.2732 2.5
    endloop
  endfacet
  facet normal 0 0 0
    outer loop
      vertex -70.6427 -47.2732 2.5
      vertex -70.7883 -47.4188 3
      vertex -70.7883 -47.4188 2.32693
    endloop
  endfacet
  facet normal 0 0 0
    outer loop
      vertex -67.7943 -46.9487 2.5
      vertex -68.0563 -46.6867 3
      vertex -68.0563 -46.6867 2.3106
    endloop
  endfacet
  facet normal 0 0 0
    outer loop
      vertex -67.3242 -47.4188 3
      vertex -67.7943 -46.9487 2.5
      vertex -67.4698 -47.2732 2.5
    endloop
  endfacet
  facet normal 0 0 0
    outer loop
      vertex -67.7943 -46.9487 2.5
      vertex -67.3242 -47.4188 3
      vertex -68.0563 -46.6867 3
    endloop
  endfacet
  facet normal 0 0 0
    outer loop
      vertex -67.3242 -47.4188 3
      vertex -67.4698 -47.2732 2.5
      vertex -67.3242 -47.4188 2.32693
    endloop
  endfacet
  facet normal 0 0 0
    outer loop
      vertex -67.769 -49.8635 2.5
      vertex -67.3242 -49.4188 3
      vertex -67.3242 -49.4188 2.39208
    endloop
  endfacet
  facet normal 0 0 0
    outer loop
      vertex -68.0563 -50.1508 3
      vertex -67.769 -49.8635 2.5
      vertex -68.0199 -50.1144 2.5
    endloop
  endfacet
  facet normal 0 0 0
    outer loop
      vertex -67.769 -49.8635 2.5
      vertex -68.0563 -50.1508 3
      vertex -67.3242 -49.4188 3
    endloop
  endfacet
  facet normal 0 0 0
    outer loop
      vertex -68.0563 -50.1508 3
      vertex -68.0199 -50.1144 2.5
      vertex -68.0563 -50.1508 2.44074
    endloop
  endfacet
  facet normal 0 0 0
    outer loop
      vertex -68.0563 -50.1508 3
      vertex -69.0563 -50.4188 2.5
      vertex -69.0563 -50.4188 3
    endloop
  endfacet
  facet normal 0 0 0
    outer loop
      vertex -69.0563 -50.4188 2.5
      vertex -68.0563 -50.1508 3
      vertex -68.0563 -50.1508 2.44074
    endloop
  endfacet
  facet normal 0 0 0
    outer loop
      vertex -69.0563 -50.4188 2.5
      vertex -69.2365 -51.4492 -6.30071e-15
      vertex -70.0563 -50.1508 2.44075
    endloop
  endfacet
  facet normal 0 0 0
    outer loop
      vertex -69.2365 -51.4492 -6.30071e-15
      vertex -69.0563 -50.4188 2.5
      vertex -69.0563 -51.5021 -6.30719e-15
    endloop
  endfacet
  facet normal 0 0 0
    outer loop
      vertex -70.0563 -50.1508 2.44075
      vertex -70.1375 -50.1013 2.5
      vertex -70.0926 -50.1144 2.5
    endloop
  endfacet
  facet normal 0 0 0
    outer loop
      vertex -70.1375 -50.1013 2.5
      vertex -70.0563 -50.1508 2.44075
      vertex -69.2365 -51.4492 -6.30071e-15
    endloop
  endfacet
  facet normal 0 0 0
    outer loop
      vertex -68.4928 -46.4998 2.5
      vertex -68.0563 -46.6867 2.3106
      vertex -68.3061 -46.6198 2.5
    endloop
  endfacet
  facet normal 0 0 0
    outer loop
      vertex -68.0563 -46.6867 2.3106
      vertex -68.4928 -46.4998 2.5
      vertex -68.1876 -45.4603 -5.56728e-15
    endloop
  endfacet
  facet normal 0 0 0
    outer loop
      vertex -68.0563 -46.6867 2.3106
      vertex -67.5448 -47.109 2.5
      vertex -67.7943 -46.9487 2.5
    endloop
  endfacet
  facet normal 0 0 0
    outer loop
      vertex -68.0296 -45.5619 -5.57972e-15
      vertex -68.0563 -46.6867 2.3106
      vertex -68.1876 -45.4603 -5.56728e-15
    endloop
  endfacet
  facet normal 0 0 0
    outer loop
      vertex -68.0563 -46.6867 2.3106
      vertex -68.0296 -45.5619 -5.57972e-15
      vertex -67.5448 -47.109 2.5
    endloop
  endfacet
  facet normal 0 0 0
    outer loop
      vertex -67.3893 -51.0126 -6.24724e-15
      vertex -68.876 -51.4492 -6.30071e-15
      vertex -67.975 -50.1013 2.5
    endloop
  endfacet
  facet normal 0 0 0
    outer loop
      vertex -70.7883 -49.4188 2.39208
      vertex -70.8755 -49.2496 2.5
      vertex -70.8149 -49.3196 2.5
    endloop
  endfacet
  facet normal 0 0 0
    outer loop
      vertex -70.1375 -50.1013 2.5
      vertex -70.7883 -49.4188 2.39208
      vertex -70.3435 -49.8635 2.5
    endloop
  endfacet
  facet normal 0 0 0
    outer loop
      vertex -70.7883 -49.4188 2.39208
      vertex -70.8462 -50.8707 -6.22986e-15
      vertex -70.8755 -49.2496 2.5
    endloop
  endfacet
  facet normal 0 0 0
    outer loop
      vertex -70.1375 -50.1013 2.5
      vertex -70.8462 -50.8707 -6.22986e-15
      vertex -70.7883 -49.4188 2.39208
    endloop
  endfacet
  facet normal 0 0 0
    outer loop
      vertex -70.8462 -50.8707 -6.22986e-15
      vertex -70.1375 -50.1013 2.5
      vertex -70.7232 -51.0126 -6.24724e-15
    endloop
  endfacet
  facet normal 0 0 0
    outer loop
      vertex -66.2515 -49.6996 -6.08645e-15
      vertex -67.2663 -50.8707 -6.22986e-15
      vertex -67.237 -49.2496 2.5
    endloop
  endfacet
  facet normal 0 0 0
    outer loop
      vertex -67.237 -49.2496 2.5
      vertex -67.3242 -49.4188 2.39208
      vertex -67.2976 -49.3196 2.5
    endloop
  endfacet
  facet normal 0 0 0
    outer loop
      vertex -67.3242 -49.4188 2.39208
      vertex -67.975 -50.1013 2.5
      vertex -67.769 -49.8635 2.5
    endloop
  endfacet
  facet normal 0 0 0
    outer loop
      vertex -67.2663 -50.8707 -6.22986e-15
      vertex -67.3242 -49.4188 2.39208
      vertex -67.237 -49.2496 2.5
    endloop
  endfacet
  facet normal 0 0 0
    outer loop
      vertex -67.2663 -50.8707 -6.22986e-15
      vertex -67.975 -50.1013 2.5
      vertex -67.3242 -49.4188 2.39208
    endloop
  endfacet
  facet normal 0 0 0
    outer loop
      vertex -67.975 -50.1013 2.5
      vertex -67.2663 -50.8707 -6.22986e-15
      vertex -67.3893 -51.0126 -6.24724e-15
    endloop
  endfacet
  facet normal 0 0 0
    outer loop
      vertex -70.0926 -50.1144 2.5
      vertex -70.1375 -50.1013 2.5
      vertex -70.3435 -49.8635 2.5
    endloop
  endfacet
  facet normal 0 0 0
    outer loop
      vertex -68.3061 -46.6198 2.5
      vertex -68.7539 -46.4998 2.5
      vertex -68.4928 -46.4998 2.5
    endloop
  endfacet
  facet normal 0 0 0
    outer loop
      vertex -67.5448 -47.109 2.5
      vertex -67.4698 -47.2732 2.5
      vertex -67.7943 -46.9487 2.5
    endloop
  endfacet
  facet normal 0 0 0
    outer loop
      vertex -70.8149 -49.3196 2.5
      vertex -70.8755 -49.2496 2.5
      vertex -70.924 -48.9123 2.5
    endloop
  endfacet
  facet normal 0 0 0
    outer loop
      vertex -70.6427 -47.2732 2.5
      vertex -70.5677 -47.109 2.5
      vertex -70.3182 -46.9487 2.5
    endloop
  endfacet
  facet normal 0 0 0
    outer loop
      vertex -67.975 -50.1013 2.5
      vertex -68.0199 -50.1144 2.5
      vertex -67.769 -49.8635 2.5
    endloop
  endfacet
  facet normal 0 0 0
    outer loop
      vertex -67.237 -49.2496 2.5
      vertex -67.2976 -49.3196 2.5
      vertex -67.1885 -48.9123 2.5
    endloop
  endfacet
  facet normal 0 0 0
    outer loop
      vertex -67.0766 -48.1341 2.5
      vertex -67.0961 -48.2699 2.5
      vertex -67.2119 -47.8379 2.5
    endloop
  endfacet
  facet normal 0 0 0
    outer loop
      vertex -71.0164 -48.2699 2.5
      vertex -71.0359 -48.1341 2.5
      vertex -70.9006 -47.8379 2.5
    endloop
  endfacet
  facet normal 0 0 0
    outer loop
      vertex -69.8064 -46.6198 2.5
      vertex -69.6197 -46.4998 2.5
      vertex -69.3586 -46.4998 2.5
    endloop
  endfacet
  facet normal 0 0 0
    outer loop
      vertex -71.0359 -48.1341 2.5
      vertex -71.8877 -49.5137 -6.06368e-15
      vertex -72.1082 -47.9799 -5.87585e-15
    endloop
  endfacet
  facet normal 0 0 0
    outer loop
      vertex -70.8462 -50.8707 -6.22986e-15
      vertex -71.8609 -49.6996 -6.08645e-15
      vertex -70.8755 -49.2496 2.5
    endloop
  endfacet
  facet normal 0 0 0
    outer loop
      vertex -69.2365 -51.4492 -6.30071e-15
      vertex -70.7232 -51.0126 -6.24724e-15
      vertex -70.1375 -50.1013 2.5
    endloop
  endfacet
  facet normal 0 0 0
    outer loop
      vertex -67.0766 -48.1341 2.5
      vertex -67.0563 -48.4188 2.35411
      vertex -67.0961 -48.2699 2.5
    endloop
  endfacet
  facet normal 0 0 0
    outer loop
      vertex -66.2248 -49.5137 -6.06368e-15
      vertex -67.1885 -48.9123 2.5
      vertex -67.0563 -48.4188 2.35411
    endloop
  endfacet
  facet normal 0 0 0
    outer loop
      vertex -66.2248 -49.5137 -6.06368e-15
      vertex -67.0563 -48.4188 2.35411
      vertex -67.0766 -48.1341 2.5
    endloop
  endfacet
  facet normal 0 0 0
    outer loop
      vertex -67.1885 -48.9123 2.5
      vertex -66.2248 -49.5137 -6.06368e-15
      vertex -67.237 -49.2496 2.5
    endloop
  endfacet
  facet normal 0 0 0
    outer loop
      vertex -67.237 -49.2496 2.5
      vertex -66.2248 -49.5137 -6.06368e-15
      vertex -66.2515 -49.6996 -6.08645e-15
    endloop
  endfacet
  facet normal 0 0 0
    outer loop
      vertex -69.6197 -46.4998 2.5
      vertex -69.0563 -46.4188 2.30515
      vertex -69.3586 -46.4998 2.5
    endloop
  endfacet
  facet normal 0 0 0
    outer loop
      vertex -69.0563 -46.4188 2.30515
      vertex -69.6197 -46.4998 2.5
      vertex -69.9249 -45.4603 -5.56728e-15
    endloop
  endfacet
  facet normal 0 0 0
    outer loop
      vertex -69.0563 -46.4188 2.30515
      vertex -68.4928 -46.4998 2.5
      vertex -68.7539 -46.4998 2.5
    endloop
  endfacet
  facet normal 0 0 0
    outer loop
      vertex -68.1876 -45.4603 -5.56728e-15
      vertex -69.0563 -46.4188 2.30515
      vertex -69.9249 -45.4603 -5.56728e-15
    endloop
  endfacet
  facet normal 0 0 0
    outer loop
      vertex -69.0563 -46.4188 2.30515
      vertex -68.1876 -45.4603 -5.56728e-15
      vertex -68.4928 -46.4998 2.5
    endloop
  endfacet
  facet normal 0 0 0
    outer loop
      vertex -70.5677 -47.109 2.5
      vertex -71.3865 -46.3996 -5.68231e-15
      vertex -70.0829 -45.5619 -5.57972e-15
    endloop
  endfacet
  facet normal 0 0 0
    outer loop
      vertex -71.0563 -48.4188 2.35411
      vertex -71.0359 -48.1341 2.5
      vertex -71.0164 -48.2699 2.5
    endloop
  endfacet
  facet normal 0 0 0
    outer loop
      vertex -71.8877 -49.5137 -6.06368e-15
      vertex -70.924 -48.9123 2.5
      vertex -70.8755 -49.2496 2.5
    endloop
  endfacet
  facet normal 0 0 0
    outer loop
      vertex -71.0563 -48.4188 2.35411
      vertex -71.8877 -49.5137 -6.06368e-15
      vertex -71.0359 -48.1341 2.5
    endloop
  endfacet
  facet normal 0 0 0
    outer loop
      vertex -70.924 -48.9123 2.5
      vertex -71.8877 -49.5137 -6.06368e-15
      vertex -71.0563 -48.4188 2.35411
    endloop
  endfacet
  facet normal 0 0 0
    outer loop
      vertex -71.8877 -49.5137 -6.06368e-15
      vertex -70.8755 -49.2496 2.5
      vertex -71.8609 -49.6996 -6.08645e-15
    endloop
  endfacet
  facet normal 0 0 0
    outer loop
      vertex -67.975 -50.1013 2.5
      vertex -68.0563 -50.1508 2.44074
      vertex -68.0199 -50.1144 2.5
    endloop
  endfacet
  facet normal 0 0 0
    outer loop
      vertex -68.0563 -50.1508 2.44074
      vertex -67.975 -50.1013 2.5
      vertex -68.876 -51.4492 -6.30071e-15
    endloop
  endfacet
  facet normal 0 0 0
    outer loop
      vertex -68.876 -51.4492 -6.30071e-15
      vertex -69.0563 -50.4188 2.5
      vertex -68.0563 -50.1508 2.44074
    endloop
  endfacet
  facet normal 0 0 0
    outer loop
      vertex -69.0563 -50.4188 2.5
      vertex -68.876 -51.4492 -6.30071e-15
      vertex -69.0563 -51.5021 -6.30719e-15
    endloop
  endfacet
  facet normal 0 0 0
    outer loop
      vertex -66.648 -46.5704 -5.70323e-15
      vertex -67.5448 -47.109 2.5
      vertex -66.726 -46.3996 -5.68231e-15
    endloop
  endfacet
  facet normal 0 0 0
    outer loop
      vertex -67.3242 -47.4188 2.32693
      vertex -67.5448 -47.109 2.5
      vertex -66.648 -46.5704 -5.70323e-15
    endloop
  endfacet
  facet normal 0 0 0
    outer loop
      vertex -67.5448 -47.109 2.5
      vertex -67.3242 -47.4188 2.32693
      vertex -67.4698 -47.2732 2.5
    endloop
  endfacet
  facet normal 0 0 0
    outer loop
      vertex -67.0766 -48.1341 2.5
      vertex -67.3242 -47.4188 2.32693
      vertex -66.648 -46.5704 -5.70323e-15
    endloop
  endfacet
  facet normal 0 0 0
    outer loop
      vertex -67.3242 -47.4188 2.32693
      vertex -67.0766 -48.1341 2.5
      vertex -67.2119 -47.8379 2.5
    endloop
  endfacet
  facet normal 0 0 0
    outer loop
      vertex -66.726 -46.3996 -5.68231e-15
      vertex -67.5448 -47.109 2.5
      vertex -68.0296 -45.5619 -5.57972e-15
    endloop
  endfacet
  facet normal 0 0 0
    outer loop
      vertex -66.0043 -47.9799 -5.87585e-15
      vertex -67.0766 -48.1341 2.5
      vertex -66.648 -46.5704 -5.70323e-15
    endloop
  endfacet
  facet normal 0 0 0
    outer loop
      vertex -66.2248 -49.5137 -6.06368e-15
      vertex -67.0766 -48.1341 2.5
      vertex -66.0043 -47.9799 -5.87585e-15
    endloop
  endfacet
  facet normal 0 0 0
    outer loop
      vertex -70.5677 -47.109 2.5
      vertex -71.4645 -46.5704 -5.70323e-15
      vertex -71.3865 -46.3996 -5.68231e-15
    endloop
  endfacet
  facet normal 0 0 0
    outer loop
      vertex -70.7883 -47.4188 2.32693
      vertex -70.5677 -47.109 2.5
      vertex -70.6427 -47.2732 2.5
    endloop
  endfacet
  facet normal 0 0 0
    outer loop
      vertex -70.5677 -47.109 2.5
      vertex -70.7883 -47.4188 2.32693
      vertex -71.4645 -46.5704 -5.70323e-15
    endloop
  endfacet
  facet normal 0 0 0
    outer loop
      vertex -71.0359 -48.1341 2.5
      vertex -70.7883 -47.4188 2.32693
      vertex -70.9006 -47.8379 2.5
    endloop
  endfacet
  facet normal 0 0 0
    outer loop
      vertex -70.7883 -47.4188 2.32693
      vertex -71.0359 -48.1341 2.5
      vertex -71.4645 -46.5704 -5.70323e-15
    endloop
  endfacet
  facet normal 0 0 0
    outer loop
      vertex -71.0359 -48.1341 2.5
      vertex -72.1082 -47.9799 -5.87585e-15
      vertex -71.4645 -46.5704 -5.70323e-15
    endloop
  endfacet
  facet normal 0 0 0
    outer loop
      vertex -70.5677 -47.109 2.5
      vertex -70.0563 -46.6867 2.3106
      vertex -70.3182 -46.9487 2.5
    endloop
  endfacet
  facet normal 0 0 0
    outer loop
      vertex -70.0829 -45.5619 -5.57972e-15
      vertex -70.0563 -46.6867 2.3106
      vertex -70.5677 -47.109 2.5
    endloop
  endfacet
  facet normal 0 0 0
    outer loop
      vertex -70.0563 -46.6867 2.3106
      vertex -70.0829 -45.5619 -5.57972e-15
      vertex -69.9249 -45.4603 -5.56728e-15
    endloop
  endfacet
  facet normal 0 0 0
    outer loop
      vertex -70.0563 -46.6867 2.3106
      vertex -69.6197 -46.4998 2.5
      vertex -69.8064 -46.6198 2.5
    endloop
  endfacet
  facet normal 0 0 0
    outer loop
      vertex -69.6197 -46.4998 2.5
      vertex -70.0563 -46.6867 2.3106
      vertex -69.9249 -45.4603 -5.56728e-15
    endloop
  endfacet
  facet normal 0 0 0
    outer loop
      vertex -69.0563 46.4188 2.5
      vertex -70.0563 46.6867 3
      vertex -69.0563 46.4188 3
    endloop
  endfacet
  facet normal 0 0 0
    outer loop
      vertex -70.0563 46.6867 3
      vertex -69.0563 46.4188 2.5
      vertex -70.0563 46.6867 2.44074
    endloop
  endfacet
  facet normal 0 0 0
    outer loop
      vertex -69.3586 50.3377 2.5
      vertex -70.0563 50.1508 3
      vertex -69.8064 50.2177 2.5
    endloop
  endfacet
  facet normal 0 0 0
    outer loop
      vertex -69.8064 50.2177 2.5
      vertex -70.0563 50.1508 3
      vertex -70.0563 50.1508 2.3106
    endloop
  endfacet
  facet normal 0 0 0
    outer loop
      vertex -70.0563 50.1508 3
      vertex -69.3586 50.3377 2.5
      vertex -69.0563 50.4188 3
    endloop
  endfacet
  facet normal 0 0 0
    outer loop
      vertex -69.0563 50.4188 3
      vertex -69.3586 50.3377 2.5
      vertex -69.0563 50.4188 2.30515
    endloop
  endfacet
  facet normal 0 0 0
    outer loop
      vertex -71.0563 48.4188 3
      vertex -70.924 47.9252 2.5
      vertex -71.0563 48.4188 2.35411
    endloop
  endfacet
  facet normal 0 0 0
    outer loop
      vertex -70.7883 47.4188 3
      vertex -70.924 47.9252 2.5
      vertex -71.0563 48.4188 3
    endloop
  endfacet
  facet normal 0 0 0
    outer loop
      vertex -70.924 47.9252 2.5
      vertex -70.7883 47.4188 3
      vertex -70.8149 47.5179 2.5
    endloop
  endfacet
  facet normal 0 0 0
    outer loop
      vertex -70.8149 47.5179 2.5
      vertex -70.7883 47.4188 3
      vertex -70.7883 47.4188 2.39208
    endloop
  endfacet
  facet normal 0 0 0
    outer loop
      vertex -70.7883 47.4188 3
      vertex -70.3435 46.974 2.5
      vertex -70.7883 47.4188 2.39208
    endloop
  endfacet
  facet normal 0 0 0
    outer loop
      vertex -70.0563 46.6867 3
      vertex -70.3435 46.974 2.5
      vertex -70.7883 47.4188 3
    endloop
  endfacet
  facet normal 0 0 0
    outer loop
      vertex -70.3435 46.974 2.5
      vertex -70.0563 46.6867 3
      vertex -70.0926 46.7231 2.5
    endloop
  endfacet
  facet normal 0 0 0
    outer loop
      vertex -70.0926 46.7231 2.5
      vertex -70.0563 46.6867 3
      vertex -70.0563 46.6867 2.44074
    endloop
  endfacet
  facet normal 0 0 0
    outer loop
      vertex -70.7883 49.4188 3
      vertex -70.9006 48.9996 2.5
      vertex -70.7883 49.4188 2.32693
    endloop
  endfacet
  facet normal 0 0 0
    outer loop
      vertex -71.0563 48.4188 3
      vertex -70.9006 48.9996 2.5
      vertex -70.7883 49.4188 3
    endloop
  endfacet
  facet normal 0 0 0
    outer loop
      vertex -70.9006 48.9996 2.5
      vertex -71.0563 48.4188 3
      vertex -71.0164 48.5676 2.5
    endloop
  endfacet
  facet normal 0 0 0
    outer loop
      vertex -71.0164 48.5676 2.5
      vertex -71.0563 48.4188 3
      vertex -71.0563 48.4188 2.35411
    endloop
  endfacet
  facet normal 0 0 0
    outer loop
      vertex -69.0563 50.4188 3
      vertex -68.7539 50.3377 2.5
      vertex -68.0563 50.1508 3
    endloop
  endfacet
  facet normal 0 0 0
    outer loop
      vertex -68.7539 50.3377 2.5
      vertex -69.0563 50.4188 3
      vertex -69.0563 50.4188 2.30515
    endloop
  endfacet
  facet normal 0 0 0
    outer loop
      vertex -68.3061 50.2177 2.5
      vertex -68.0563 50.1508 3
      vertex -68.7539 50.3377 2.5
    endloop
  endfacet
  facet normal 0 0 0
    outer loop
      vertex -68.0563 50.1508 3
      vertex -68.3061 50.2177 2.5
      vertex -68.0563 50.1508 2.3106
    endloop
  endfacet
  facet normal 0 0 0
    outer loop
      vertex -70.0563 50.1508 3
      vertex -70.3182 49.8888 2.5
      vertex -70.0563 50.1508 2.3106
    endloop
  endfacet
  facet normal 0 0 0
    outer loop
      vertex -70.7883 49.4188 3
      vertex -70.3182 49.8888 2.5
      vertex -70.0563 50.1508 3
    endloop
  endfacet
  facet normal 0 0 0
    outer loop
      vertex -70.3182 49.8888 2.5
      vertex -70.7883 49.4188 3
      vertex -70.6427 49.5644 2.5
    endloop
  endfacet
  facet normal 0 0 0
    outer loop
      vertex -70.6427 49.5644 2.5
      vertex -70.7883 49.4188 3
      vertex -70.7883 49.4188 2.32693
    endloop
  endfacet
  facet normal 0 0 0
    outer loop
      vertex -67.7943 49.8888 2.5
      vertex -68.0563 50.1508 3
      vertex -68.0563 50.1508 2.3106
    endloop
  endfacet
  facet normal 0 0 0
    outer loop
      vertex -67.3242 49.4188 3
      vertex -67.7943 49.8888 2.5
      vertex -67.4698 49.5644 2.5
    endloop
  endfacet
  facet normal 0 0 0
    outer loop
      vertex -67.7943 49.8888 2.5
      vertex -67.3242 49.4188 3
      vertex -68.0563 50.1508 3
    endloop
  endfacet
  facet normal 0 0 0
    outer loop
      vertex -67.3242 49.4188 3
      vertex -67.4698 49.5644 2.5
      vertex -67.3242 49.4188 2.32693
    endloop
  endfacet
  facet normal 0 0 0
    outer loop
      vertex -67.769 46.974 2.5
      vertex -67.3242 47.4188 3
      vertex -67.3242 47.4188 2.39208
    endloop
  endfacet
  facet normal 0 0 0
    outer loop
      vertex -68.0563 46.6867 3
      vertex -67.769 46.974 2.5
      vertex -68.0199 46.7231 2.5
    endloop
  endfacet
  facet normal 0 0 0
    outer loop
      vertex -67.769 46.974 2.5
      vertex -68.0563 46.6867 3
      vertex -67.3242 47.4188 3
    endloop
  endfacet
  facet normal 0 0 0
    outer loop
      vertex -68.0563 46.6867 3
      vertex -68.0199 46.7231 2.5
      vertex -68.0563 46.6867 2.44074
    endloop
  endfacet
  facet normal 0 0 0
    outer loop
      vertex -67.1885 47.9252 2.5
      vertex -67.0563 48.4188 3
      vertex -67.0563 48.4188 2.35411
    endloop
  endfacet
  facet normal 0 0 0
    outer loop
      vertex -67.3242 47.4188 3
      vertex -67.1885 47.9252 2.5
      vertex -67.2976 47.5179 2.5
    endloop
  endfacet
  facet normal 0 0 0
    outer loop
      vertex -67.1885 47.9252 2.5
      vertex -67.3242 47.4188 3
      vertex -67.0563 48.4188 3
    endloop
  endfacet
  facet normal 0 0 0
    outer loop
      vertex -67.3242 47.4188 3
      vertex -67.2976 47.5179 2.5
      vertex -67.3242 47.4188 2.39208
    endloop
  endfacet
  facet normal 0 0 0
    outer loop
      vertex -68.0563 46.6867 3
      vertex -69.0563 46.4188 2.5
      vertex -69.0563 46.4188 3
    endloop
  endfacet
  facet normal 0 0 0
    outer loop
      vertex -69.0563 46.4188 2.5
      vertex -68.0563 46.6867 3
      vertex -68.0563 46.6867 2.44074
    endloop
  endfacet
  facet normal 0 0 0
    outer loop
      vertex -67.2119 48.9996 2.5
      vertex -67.3242 49.4188 3
      vertex -67.3242 49.4188 2.32693
    endloop
  endfacet
  facet normal 0 0 0
    outer loop
      vertex -67.0563 48.4188 3
      vertex -67.2119 48.9996 2.5
      vertex -67.0961 48.5676 2.5
    endloop
  endfacet
  facet normal 0 0 0
    outer loop
      vertex -67.2119 48.9996 2.5
      vertex -67.0563 48.4188 3
      vertex -67.3242 49.4188 3
    endloop
  endfacet
  facet normal 0 0 0
    outer loop
      vertex -67.0563 48.4188 3
      vertex -67.0961 48.5676 2.5
      vertex -67.0563 48.4188 2.35411
    endloop
  endfacet
  facet normal 0 0 0
    outer loop
      vertex -68.4928 50.3377 2.5
      vertex -68.0563 50.1508 2.3106
      vertex -68.3061 50.2177 2.5
    endloop
  endfacet
  facet normal 0 0 0
    outer loop
      vertex -68.0563 50.1508 2.3106
      vertex -68.4928 50.3377 2.5
      vertex -68.1876 51.3772 6.29189e-15
    endloop
  endfacet
  facet normal 0 0 0
    outer loop
      vertex -68.0563 50.1508 2.3106
      vertex -67.5448 49.7285 2.5
      vertex -67.7943 49.8888 2.5
    endloop
  endfacet
  facet normal 0 0 0
    outer loop
      vertex -68.0296 51.2756 6.27946e-15
      vertex -68.0563 50.1508 2.3106
      vertex -68.1876 51.3772 6.29189e-15
    endloop
  endfacet
  facet normal 0 0 0
    outer loop
      vertex -68.0563 50.1508 2.3106
      vertex -68.0296 51.2756 6.27946e-15
      vertex -67.5448 49.7285 2.5
    endloop
  endfacet
  facet normal 0 0 0
    outer loop
      vertex -69.0563 45.3354 5.55199e-15
      vertex -70.543 45.772 5.60545e-15
      vertex -69.0563 46.4188 2.5
    endloop
  endfacet
  facet normal 0 0 0
    outer loop
      vertex -70.543 45.772 5.60545e-15
      vertex -70.0563 46.6867 2.44074
      vertex -69.0563 46.4188 2.5
    endloop
  endfacet
  facet normal 0 0 0
    outer loop
      vertex -70.0563 46.6867 2.44074
      vertex -70.543 45.772 5.60545e-15
      vertex -70.7232 45.8249 5.61193e-15
    endloop
  endfacet
  facet normal 0 0 0
    outer loop
      vertex -70.0563 46.6867 2.44074
      vertex -70.1375 46.7362 2.5
      vertex -70.0926 46.7231 2.5
    endloop
  endfacet
  facet normal 0 0 0
    outer loop
      vertex -70.1375 46.7362 2.5
      vertex -70.0563 46.6867 2.44074
      vertex -70.7232 45.8249 5.61193e-15
    endloop
  endfacet
  facet normal 0 0 0
    outer loop
      vertex -67.975 46.7362 2.5
      vertex -68.0563 46.6867 2.44074
      vertex -68.0199 46.7231 2.5
    endloop
  endfacet
  facet normal 0 0 0
    outer loop
      vertex -68.0563 46.6867 2.44074
      vertex -67.975 46.7362 2.5
      vertex -67.3893 45.8249 5.61193e-15
    endloop
  endfacet
  facet normal 0 0 0
    outer loop
      vertex -67.5695 45.772 5.60545e-15
      vertex -68.0563 46.6867 2.44074
      vertex -67.3893 45.8249 5.61193e-15
    endloop
  endfacet
  facet normal 0 0 0
    outer loop
      vertex -68.0563 46.6867 2.44074
      vertex -67.5695 45.772 5.60545e-15
      vertex -69.0563 46.4188 2.5
    endloop
  endfacet
  facet normal 0 0 0
    outer loop
      vertex -67.3893 45.8249 5.61193e-15
      vertex -67.975 46.7362 2.5
      vertex -66.3745 46.9959 5.75534e-15
    endloop
  endfacet
  facet normal 0 0 0
    outer loop
      vertex -67.5695 45.772 5.60545e-15
      vertex -69.0563 45.3354 5.55199e-15
      vertex -69.0563 46.4188 2.5
    endloop
  endfacet
  facet normal 0 0 0
    outer loop
      vertex -68.3061 50.2177 2.5
      vertex -68.7539 50.3377 2.5
      vertex -68.4928 50.3377 2.5
    endloop
  endfacet
  facet normal 0 0 0
    outer loop
      vertex -67.5448 49.7285 2.5
      vertex -67.4698 49.5644 2.5
      vertex -67.7943 49.8888 2.5
    endloop
  endfacet
  facet normal 0 0 0
    outer loop
      vertex -70.0926 46.7231 2.5
      vertex -70.1375 46.7362 2.5
      vertex -70.3435 46.974 2.5
    endloop
  endfacet
  facet normal 0 0 0
    outer loop
      vertex -67.975 46.7362 2.5
      vertex -68.0199 46.7231 2.5
      vertex -67.769 46.974 2.5
    endloop
  endfacet
  facet normal 0 0 0
    outer loop
      vertex -71.0164 48.5676 2.5
      vertex -71.0359 48.7034 2.5
      vertex -70.9006 48.9996 2.5
    endloop
  endfacet
  facet normal 0 0 0
    outer loop
      vertex -67.0766 48.7034 2.5
      vertex -67.0961 48.5676 2.5
      vertex -67.2119 48.9996 2.5
    endloop
  endfacet
  facet normal 0 0 0
    outer loop
      vertex -67.237 47.5879 2.5
      vertex -67.2976 47.5179 2.5
      vertex -67.1885 47.9252 2.5
    endloop
  endfacet
  facet normal 0 0 0
    outer loop
      vertex -70.8149 47.5179 2.5
      vertex -70.8755 47.5879 2.5
      vertex -70.924 47.9252 2.5
    endloop
  endfacet
  facet normal 0 0 0
    outer loop
      vertex -70.6427 49.5644 2.5
      vertex -70.5677 49.7285 2.5
      vertex -70.3182 49.8888 2.5
    endloop
  endfacet
  facet normal 0 0 0
    outer loop
      vertex -69.8064 50.2177 2.5
      vertex -69.6197 50.3377 2.5
      vertex -69.3586 50.3377 2.5
    endloop
  endfacet
  facet normal 0 0 0
    outer loop
      vertex -71.0359 48.7034 2.5
      vertex -72.1082 48.8576 5.98332e-15
      vertex -71.4645 50.2671 6.15594e-15
    endloop
  endfacet
  facet normal 0 0 0
    outer loop
      vertex -67.0766 48.7034 2.5
      vertex -67.0563 48.4188 2.35411
      vertex -67.0961 48.5676 2.5
    endloop
  endfacet
  facet normal 0 0 0
    outer loop
      vertex -66.2248 47.3238 5.79549e-15
      vertex -67.1885 47.9252 2.5
      vertex -67.0563 48.4188 2.35411
    endloop
  endfacet
  facet normal 0 0 0
    outer loop
      vertex -66.2248 47.3238 5.79549e-15
      vertex -67.0563 48.4188 2.35411
      vertex -67.0766 48.7034 2.5
    endloop
  endfacet
  facet normal 0 0 0
    outer loop
      vertex -67.1885 47.9252 2.5
      vertex -66.2248 47.3238 5.79549e-15
      vertex -67.237 47.5879 2.5
    endloop
  endfacet
  facet normal 0 0 0
    outer loop
      vertex -67.237 47.5879 2.5
      vertex -66.2248 47.3238 5.79549e-15
      vertex -66.2515 47.1379 5.77273e-15
    endloop
  endfacet
  facet normal 0 0 0
    outer loop
      vertex -71.0359 48.7034 2.5
      vertex -71.8877 47.3238 5.79549e-15
      vertex -72.1082 48.8576 5.98332e-15
    endloop
  endfacet
  facet normal 0 0 0
    outer loop
      vertex -70.5677 49.7285 2.5
      vertex -71.3865 50.4379 6.17686e-15
      vertex -70.0829 51.2756 6.27946e-15
    endloop
  endfacet
  facet normal 0 0 0
    outer loop
      vertex -67.237 47.5879 2.5
      vertex -67.3242 47.4188 2.39208
      vertex -67.2976 47.5179 2.5
    endloop
  endfacet
  facet normal 0 0 0
    outer loop
      vertex -66.2515 47.1379 5.77273e-15
      vertex -67.3242 47.4188 2.39208
      vertex -67.237 47.5879 2.5
    endloop
  endfacet
  facet normal 0 0 0
    outer loop
      vertex -66.3745 46.9959 5.75534e-15
      vertex -67.3242 47.4188 2.39208
      vertex -66.2515 47.1379 5.77273e-15
    endloop
  endfacet
  facet normal 0 0 0
    outer loop
      vertex -66.3745 46.9959 5.75534e-15
      vertex -67.769 46.974 2.5
      vertex -67.3242 47.4188 2.39208
    endloop
  endfacet
  facet normal 0 0 0
    outer loop
      vertex -67.769 46.974 2.5
      vertex -66.3745 46.9959 5.75534e-15
      vertex -67.975 46.7362 2.5
    endloop
  endfacet
  facet normal 0 0 0
    outer loop
      vertex -66.648 50.2671 6.15594e-15
      vertex -67.5448 49.7285 2.5
      vertex -66.726 50.4379 6.17686e-15
    endloop
  endfacet
  facet normal 0 0 0
    outer loop
      vertex -67.3242 49.4188 2.32693
      vertex -67.5448 49.7285 2.5
      vertex -66.648 50.2671 6.15594e-15
    endloop
  endfacet
  facet normal 0 0 0
    outer loop
      vertex -67.5448 49.7285 2.5
      vertex -67.3242 49.4188 2.32693
      vertex -67.4698 49.5644 2.5
    endloop
  endfacet
  facet normal 0 0 0
    outer loop
      vertex -67.0766 48.7034 2.5
      vertex -67.3242 49.4188 2.32693
      vertex -66.648 50.2671 6.15594e-15
    endloop
  endfacet
  facet normal 0 0 0
    outer loop
      vertex -67.3242 49.4188 2.32693
      vertex -67.0766 48.7034 2.5
      vertex -67.2119 48.9996 2.5
    endloop
  endfacet
  facet normal 0 0 0
    outer loop
      vertex -66.726 50.4379 6.17686e-15
      vertex -67.5448 49.7285 2.5
      vertex -68.0296 51.2756 6.27946e-15
    endloop
  endfacet
  facet normal 0 0 0
    outer loop
      vertex -66.0043 48.8576 5.98332e-15
      vertex -67.0766 48.7034 2.5
      vertex -66.648 50.2671 6.15594e-15
    endloop
  endfacet
  facet normal 0 0 0
    outer loop
      vertex -66.2248 47.3238 5.79549e-15
      vertex -67.0766 48.7034 2.5
      vertex -66.0043 48.8576 5.98332e-15
    endloop
  endfacet
  facet normal 0 0 0
    outer loop
      vertex -70.1375 46.7362 2.5
      vertex -70.7232 45.8249 5.61193e-15
      vertex -71.738 46.9959 5.75534e-15
    endloop
  endfacet
  facet normal 0 0 0
    outer loop
      vertex -70.5677 49.7285 2.5
      vertex -71.4645 50.2671 6.15594e-15
      vertex -71.3865 50.4379 6.17686e-15
    endloop
  endfacet
  facet normal 0 0 0
    outer loop
      vertex -70.7883 49.4188 2.32693
      vertex -70.5677 49.7285 2.5
      vertex -70.6427 49.5644 2.5
    endloop
  endfacet
  facet normal 0 0 0
    outer loop
      vertex -70.5677 49.7285 2.5
      vertex -70.7883 49.4188 2.32693
      vertex -71.4645 50.2671 6.15594e-15
    endloop
  endfacet
  facet normal 0 0 0
    outer loop
      vertex -71.0359 48.7034 2.5
      vertex -70.7883 49.4188 2.32693
      vertex -70.9006 48.9996 2.5
    endloop
  endfacet
  facet normal 0 0 0
    outer loop
      vertex -70.7883 49.4188 2.32693
      vertex -71.0359 48.7034 2.5
      vertex -71.4645 50.2671 6.15594e-15
    endloop
  endfacet
  facet normal 0 0 0
    outer loop
      vertex -69.6197 50.3377 2.5
      vertex -69.0563 50.4188 2.30515
      vertex -69.3586 50.3377 2.5
    endloop
  endfacet
  facet normal 0 0 0
    outer loop
      vertex -69.0563 50.4188 2.30515
      vertex -69.6197 50.3377 2.5
      vertex -69.9249 51.3772 6.29189e-15
    endloop
  endfacet
  facet normal 0 0 0
    outer loop
      vertex -69.0563 50.4188 2.30515
      vertex -68.4928 50.3377 2.5
      vertex -68.7539 50.3377 2.5
    endloop
  endfacet
  facet normal 0 0 0
    outer loop
      vertex -68.1876 51.3772 6.29189e-15
      vertex -69.0563 50.4188 2.30515
      vertex -69.9249 51.3772 6.29189e-15
    endloop
  endfacet
  facet normal 0 0 0
    outer loop
      vertex -69.0563 50.4188 2.30515
      vertex -68.1876 51.3772 6.29189e-15
      vertex -68.4928 50.3377 2.5
    endloop
  endfacet
  facet normal 0 0 0
    outer loop
      vertex -71.0563 48.4188 2.35411
      vertex -71.0359 48.7034 2.5
      vertex -71.0164 48.5676 2.5
    endloop
  endfacet
  facet normal 0 0 0
    outer loop
      vertex -71.8877 47.3238 5.79549e-15
      vertex -70.924 47.9252 2.5
      vertex -70.8755 47.5879 2.5
    endloop
  endfacet
  facet normal 0 0 0
    outer loop
      vertex -71.0563 48.4188 2.35411
      vertex -71.8877 47.3238 5.79549e-15
      vertex -71.0359 48.7034 2.5
    endloop
  endfacet
  facet normal 0 0 0
    outer loop
      vertex -70.924 47.9252 2.5
      vertex -71.8877 47.3238 5.79549e-15
      vertex -71.0563 48.4188 2.35411
    endloop
  endfacet
  facet normal 0 0 0
    outer loop
      vertex -71.8877 47.3238 5.79549e-15
      vertex -70.8755 47.5879 2.5
      vertex -71.8609 47.1379 5.77273e-15
    endloop
  endfacet
  facet normal 0 0 0
    outer loop
      vertex -70.7883 47.4188 2.39208
      vertex -70.8755 47.5879 2.5
      vertex -70.8149 47.5179 2.5
    endloop
  endfacet
  facet normal 0 0 0
    outer loop
      vertex -70.7883 47.4188 2.39208
      vertex -71.8609 47.1379 5.77273e-15
      vertex -70.8755 47.5879 2.5
    endloop
  endfacet
  facet normal 0 0 0
    outer loop
      vertex -70.7883 47.4188 2.39208
      vertex -71.738 46.9959 5.75534e-15
      vertex -71.8609 47.1379 5.77273e-15
    endloop
  endfacet
  facet normal 0 0 0
    outer loop
      vertex -70.3435 46.974 2.5
      vertex -71.738 46.9959 5.75534e-15
      vertex -70.7883 47.4188 2.39208
    endloop
  endfacet
  facet normal 0 0 0
    outer loop
      vertex -71.738 46.9959 5.75534e-15
      vertex -70.3435 46.974 2.5
      vertex -70.1375 46.7362 2.5
    endloop
  endfacet
  facet normal 0 0 0
    outer loop
      vertex -70.5677 49.7285 2.5
      vertex -70.0563 50.1508 2.3106
      vertex -70.3182 49.8888 2.5
    endloop
  endfacet
  facet normal 0 0 0
    outer loop
      vertex -70.0829 51.2756 6.27946e-15
      vertex -70.0563 50.1508 2.3106
      vertex -70.5677 49.7285 2.5
    endloop
  endfacet
  facet normal 0 0 0
    outer loop
      vertex -70.0563 50.1508 2.3106
      vertex -70.0829 51.2756 6.27946e-15
      vertex -69.9249 51.3772 6.29189e-15
    endloop
  endfacet
  facet normal 0 0 0
    outer loop
      vertex -70.0563 50.1508 2.3106
      vertex -69.6197 50.3377 2.5
      vertex -69.8064 50.2177 2.5
    endloop
  endfacet
  facet normal 0 0 0
    outer loop
      vertex -69.6197 50.3377 2.5
      vertex -70.0563 50.1508 2.3106
      vertex -69.9249 51.3772 6.29189e-15
    endloop
  endfacet
  facet normal 0 0 0
    outer loop
      vertex -85.7063 33.55 4.10869e-15
      vertex -52.4062 33.55 3
      vertex -85.7063 33.55 3
    endloop
  endfacet
  facet normal 0 0 0
    outer loop
      vertex -52.4062 33.55 3
      vertex -85.7063 33.55 4.10869e-15
      vertex -52.4062 33.55 4.10869e-15
    endloop
  endfacet
  facet normal 0 0 0
    outer loop
      vertex -52.4062 -33.55 -4.10869e-15
      vertex -85.7063 -33.55 3
      vertex -52.4062 -33.55 3
    endloop
  endfacet
  facet normal 0 0 0
    outer loop
      vertex -85.7063 -33.55 3
      vertex -52.4062 -33.55 -4.10869e-15
      vertex -85.7063 -33.55 -4.10869e-15
    endloop
  endfacet
  facet normal 0 0 0
    outer loop
      vertex -52.4062 -33.55 -4.10869e-15
      vertex -52.4062 33.55 3
      vertex -52.4062 33.55 4.10869e-15
    endloop
  endfacet
  facet normal 0 0 0
    outer loop
      vertex -52.4062 33.55 3
      vertex -52.4062 -33.55 -4.10869e-15
      vertex -52.4062 -33.55 3
    endloop
  endfacet
  facet normal 0 0 0
    outer loop
      vertex -85.7063 -33.55 3
      vertex -85.7063 33.55 4.10869e-15
      vertex -85.7063 33.55 3
    endloop
  endfacet
  facet normal 0 0 0
    outer loop
      vertex -85.7063 33.55 4.10869e-15
      vertex -85.7063 -33.55 3
      vertex -85.7063 -33.55 -4.10869e-15
    endloop
  endfacet
endsolid OpenSCAD_Model
