# 3ds Max Wavefront OBJ Exporter v0.97b - (c)2007 guruware
# File Created: 15.03.2017 18:01:18

#
# object HANDLE_NEW
#

v  -102.9614 14.9861 -115.2272
v  -102.9614 14.6449 -115.6936
v  -104.9431 14.6449 -115.6936
v  -104.9431 14.9861 -115.2272
v  -102.9614 15.3135 -114.7342
v  -104.9431 15.3135 -114.7342
v  -101.0170 14.9861 -115.2272
v  -101.0179 14.6449 -115.6936
v  -101.0162 15.3135 -114.7342
v  -102.9614 15.9105 -113.6820
v  -102.9614 15.6230 -114.2180
v  -104.9431 15.6230 -114.2180
v  -104.9431 15.9105 -113.6820
v  -101.0145 15.9105 -113.6820
v  -101.0153 15.6230 -114.2180
v  -99.1404 15.6230 -114.2180
v  -99.1370 15.9105 -113.6820
v  -97.3637 15.9105 -113.6820
v  -97.3722 15.6230 -114.2180
v  -99.1438 15.3135 -114.7342
v  -97.3807 15.3135 -114.7342
v  -99.1504 14.6449 -115.6936
v  -99.1472 14.9861 -115.2272
v  -97.3891 14.9861 -115.2272
v  -97.3973 14.6449 -115.6936
v  -102.9614 16.1719 -113.1297
v  -104.9431 16.1719 -113.1297
v  -102.9614 16.4043 -112.5699
v  -104.9431 16.4043 -112.5699
v  -101.0136 16.1719 -113.1297
v  -101.0128 16.4043 -112.5699
v  -102.9614 16.7690 -111.4632
v  -102.9614 16.6043 -112.0115
v  -104.9431 16.6043 -112.0115
v  -104.9431 16.7690 -111.4632
v  -101.0113 16.7690 -111.4632
v  -101.0120 16.6043 -112.0115
v  -99.1271 16.6043 -112.0115
v  -99.1241 16.7690 -111.4632
v  -97.3314 16.7690 -111.4632
v  -97.3390 16.6043 -112.0115
v  -99.1303 16.4043 -112.5699
v  -97.3470 16.4043 -112.5699
v  -99.1336 16.1720 -113.1297
v  -97.3552 16.1720 -113.1297
v  -102.9614 16.8953 -110.9341
v  -104.9431 16.8953 -110.9341
v  -102.9614 16.9813 -110.4167
v  -104.9431 16.9813 -110.4167
v  -101.0106 16.8953 -110.9341
v  -101.0099 16.9813 -110.4167
v  -102.9614 17.0259 -109.3881
v  -102.9614 17.0255 -109.9038
v  -104.9431 17.0255 -109.9038
v  -104.9431 17.0259 -109.3881
v  -101.0087 17.0259 -109.3881
v  -101.0093 17.0255 -109.9038
v  -99.1162 17.0255 -109.9038
v  -99.1140 17.0259 -109.3881
v  -97.3062 17.0259 -109.3881
v  -97.3117 17.0255 -109.9038
v  -99.1186 16.9813 -110.4167
v  -97.3178 16.9813 -110.4167
v  -99.1213 16.8953 -110.9341
v  -97.3243 16.8953 -110.9341
v  -102.9614 16.9808 -108.8624
v  -104.9431 16.9808 -108.8624
v  -102.9614 16.8902 -108.3415
v  -104.9431 16.8902 -108.3415
v  -101.0082 16.9808 -108.8624
v  -101.0078 16.8902 -108.3415
v  -102.9614 16.5712 -107.3741
v  -102.9614 16.7537 -107.8404
v  -104.9431 16.7537 -107.8404
v  -104.9431 16.5712 -107.3741
v  -101.0071 16.5712 -107.3741
v  -101.0074 16.7537 -107.8404
v  -99.1087 16.7537 -107.8404
v  -99.1074 16.5712 -107.3741
v  -97.2896 16.5712 -107.3741
v  -97.2929 16.7537 -107.8404
v  -99.1102 16.8902 -108.3415
v  -97.2968 16.8902 -108.3415
v  -99.1120 16.9808 -108.8624
v  -97.3012 16.9808 -108.8624
v  -102.9614 16.3425 -106.9575
v  -104.9431 16.3425 -106.9575
v  -102.9614 16.0807 -106.5845
v  -104.9431 16.0792 -106.5782
v  -101.0068 16.3425 -106.9575
v  -101.0066 16.0818 -106.5892
v  -102.9245 15.5153 -105.9694
v  -102.9614 15.7986 -106.2488
v  -104.9431 15.7928 -106.2237
v  -104.9431 15.4948 -105.8817
v  -100.9972 15.5219 -105.9976
v  -101.0065 15.8030 -106.2676
v  -99.1049 15.8045 -106.2739
v  -99.1046 15.5241 -106.0070
v  -97.2828 15.5241 -106.0070
v  -97.2835 15.8045 -106.2739
v  -99.1055 16.0821 -106.5907
v  -97.2849 16.0821 -106.5907
v  -99.1063 16.3425 -106.9575
v  -97.2869 16.3425 -106.9575
v  -102.8138 15.2496 -105.7652
v  -104.4263 15.2452 -105.7464
v  -102.7031 14.9920 -105.6016
v  -104.2602 14.9909 -105.5969
v  -100.9695 15.2540 -105.7840
v  -100.9419 14.9931 -105.6063
v  -102.6661 14.4695 -105.2828
v  -102.6661 14.7332 -105.4440
v  -104.2049 14.7332 -105.4440
v  -104.2049 14.4695 -105.2828
v  -100.9328 14.4695 -105.2828
v  -100.9327 14.7332 -105.4440
v  -99.1051 14.7332 -105.4440
v  -99.1055 14.4695 -105.2828
v  -97.2849 14.4695 -105.2828
v  -97.2840 14.7332 -105.4440
v  -99.1048 14.9935 -105.6079
v  -97.2833 14.9935 -105.6079
v  -99.1046 15.2555 -105.7903
v  -97.2828 15.2555 -105.7903
v  -102.6661 14.1973 -105.1086
v  -104.2049 14.1973 -105.1086
v  -102.6661 13.9144 -104.9111
v  -104.2049 13.9144 -104.9111
v  -100.9329 14.1973 -105.1086
v  -100.9329 13.9144 -104.9111
v  -102.6661 13.3071 -104.4057
v  -102.6661 13.6184 -104.6802
v  -104.2049 13.6184 -104.6802
v  -104.2049 13.3071 -104.4057
v  -100.9329 13.3071 -104.4057
v  -100.9329 13.6184 -104.6802
v  -99.1060 13.6184 -104.6802
v  -99.1060 13.3071 -104.4057
v  -97.2861 13.3071 -104.4057
v  -97.2863 13.6184 -104.6802
v  -99.1060 13.9144 -104.9111
v  -97.2861 13.9144 -104.9111
v  -99.1058 14.1973 -105.1086
v  -97.2856 14.1973 -105.1086
v  -102.6661 12.9782 -104.0774
v  -104.2049 12.9782 -104.0774
v  -102.6661 12.6310 -103.6993
v  -104.2049 12.6310 -103.6993
v  -100.9329 12.9782 -104.0774
v  -100.9328 12.6310 -103.6993
v  -102.6661 11.8799 -102.8092
v  -102.6661 12.2651 -103.2753
v  -104.2049 12.2651 -103.2753
v  -104.2049 11.8799 -102.8092
v  -100.9325 11.8799 -102.8092
v  -100.9326 12.2651 -103.2753
v  -99.1049 12.2651 -103.2753
v  -99.1042 11.8799 -102.8092
v  -97.2818 11.8799 -102.8092
v  -97.2833 12.2651 -103.2753
v  -99.1054 12.6310 -103.6993
v  -97.2846 12.6310 -103.6993
v  -99.1058 12.9782 -104.0774
v  -97.2856 12.9782 -104.0774
v  -102.6661 11.4748 -102.3051
v  -104.2049 11.4748 -102.3051
v  -102.6661 11.0529 -101.7843
v  -104.2049 11.0529 -101.7843
v  -100.9323 11.4748 -102.3051
v  -100.9321 11.0529 -101.7843
v  -102.6661 10.1709 -100.7795
v  -102.6661 10.6173 -101.2686
v  -104.2049 10.6173 -101.2686
v  -104.2049 10.1709 -100.7795
v  -100.9318 10.1709 -100.7795
v  -100.9320 10.6173 -101.2686
v  -99.1021 10.6173 -101.2686
v  -99.1016 10.1709 -100.7795
v  -97.2753 10.1709 -100.7795
v  -97.2765 10.6173 -101.2686
v  -99.1028 11.0529 -101.7843
v  -97.2782 11.0529 -101.7843
v  -99.1035 11.4748 -102.3051
v  -97.2800 11.4748 -102.3051
v  -102.6661 9.7169 -100.3385
v  -104.2049 9.7169 -100.3385
v  -102.6661 9.2513 -99.9430
v  -104.2049 9.2513 -99.9430
v  -100.9318 9.7169 -100.3385
v  -100.9318 9.2513 -99.9430
v  -102.6661 8.2695 -99.2782
v  -102.6661 8.7702 -99.5904
v  -104.2049 8.7702 -99.5904
v  -104.2049 8.2695 -99.2782
v  -100.9319 8.2695 -99.2782
v  -100.9318 8.7702 -99.5904
v  -99.1016 8.7702 -99.5904
v  -99.1021 8.2695 -99.2782
v  -97.2763 8.2695 -99.2782
v  -97.2751 8.7702 -99.5904
v  -99.1014 9.2513 -99.9430
v  -97.2746 9.2513 -99.9430
v  -99.1014 9.7169 -100.3385
v  -97.2746 9.7169 -100.3385
v  -102.6661 7.7455 -99.0035
v  -104.2049 7.7455 -99.0035
v  -102.6661 7.1953 -98.7772
v  -104.2049 7.1953 -98.7772
v  -100.9321 7.7455 -99.0035
v  -100.9324 7.1953 -98.7772
v  -102.6661 6.0052 -98.5119
v  -102.6661 6.6161 -98.6098
v  -104.2049 6.6161 -98.6098
v  -104.2049 6.0052 -98.5119
v  -100.9332 6.0052 -98.5119
v  -100.9327 6.6161 -98.6098
v  -99.1052 6.6161 -98.6098
v  -99.1070 6.0052 -98.5119
v  -97.2887 6.0052 -98.5119
v  -97.2842 6.6161 -98.6098
v  -99.1038 7.1953 -98.7772
v  -97.2807 7.1953 -98.7772
v  -99.1028 7.7455 -99.0035
v  -97.2781 7.7455 -99.0035
v  -102.6661 5.3597 -98.4942
v  -104.2049 5.3597 -98.4942
v  -102.6661 4.6967 -98.5511
v  -104.2049 4.6967 -98.5511
v  -100.9337 5.3597 -98.4942
v  -100.9344 4.6967 -98.5511
v  -102.6661 3.3856 -98.8664
v  -102.6661 4.0330 -98.6770
v  -104.2049 4.0330 -98.6770
v  -104.2049 3.3856 -98.8664
v  -100.9360 3.3856 -98.8664
v  -100.9352 4.0330 -98.6770
v  -99.1150 4.0330 -98.6770
v  -99.1182 3.3856 -98.8664
v  -97.3166 3.3856 -98.8664
v  -97.3086 4.0330 -98.6770
v  -99.1120 4.6967 -98.5511
v  -97.3011 4.6967 -98.5511
v  -99.1093 5.3597 -98.4942
v  -97.2944 5.3597 -98.4942
v  -102.6661 2.7715 -99.1138
v  -104.2049 2.7715 -99.1138
v  -102.6661 2.2003 -99.4124
v  -104.2049 2.2003 -99.4124
v  -100.9368 2.7715 -99.1138
v  -100.9376 2.2003 -99.4124
v  -102.6661 1.2256 -100.1367
v  -102.6661 1.6818 -99.7556
v  -104.2049 1.6818 -99.7556
v  -104.2049 1.2256 -100.1367
v  -100.9393 1.2256 -100.1367
v  -100.9385 1.6818 -99.7556
v  -99.1283 1.6818 -99.7556
v  -99.1317 1.2256 -100.1367
v  -97.3504 1.2256 -100.1367
v  -97.3420 1.6818 -99.7556
v  -99.1249 2.2003 -99.4124
v  -97.3335 2.2003 -99.4124
v  -99.1215 2.7715 -99.1138
v  -97.3249 2.7715 -99.1138
v  -102.6661 0.8414 -100.5491
v  -104.2049 0.8414 -100.5491
v  -102.6661 0.5282 -100.9882
v  -104.2049 0.5282 -100.9882
v  -100.9402 0.8414 -100.5491
v  -100.9409 0.5282 -100.9882
v  -102.6661 0.1116 -101.9279
v  -102.6661 0.2853 -101.4493
v  -104.2049 0.2853 -101.4493
v  -104.2049 0.1116 -101.9279
v  -100.9424 0.1116 -101.9279
v  -100.9417 0.2853 -101.4493
v  -99.1411 0.2853 -101.4493
v  -99.1438 0.1116 -101.9279
v  -97.3808 0.1116 -101.9279
v  -97.3738 0.2853 -101.4493
v  -99.1381 0.5282 -100.9882
v  -97.3664 0.5282 -100.9882
v  -99.1350 0.8414 -100.5491
v  -97.3586 0.8414 -100.5491
v  -102.6661 0.0063 -102.4193
v  -104.2049 0.0063 -102.4193
v  -102.6661 -0.0308 -102.9268
v  -104.2049 -0.0308 -102.9268
v  -100.9430 0.0063 -102.4193
v  -100.9436 -0.0308 -102.9268
v  -102.6661 0.0998 -104.0037
v  -102.6661 0.0004 -103.4538
v  -104.2049 0.0004 -103.4538
v  -104.2049 0.0998 -104.0037
v  -100.9447 0.0998 -104.0037
v  -100.9442 0.0004 -103.4538
v  -99.1510 0.0004 -103.4538
v  -99.1530 0.0998 -104.0037
v  -97.4036 0.0998 -104.0037
v  -97.3986 0.0004 -103.4538
v  -99.1488 -0.0308 -102.9268
v  -97.3931 -0.0308 -102.9268
v  -99.1464 0.0063 -102.4193
v  -97.3872 0.0063 -102.4193
v  -102.6661 0.2672 -104.5796
v  -104.2049 0.2672 -104.5796
v  -102.6661 0.4706 -105.1689
v  -104.2049 0.4706 -105.1689
v  -100.9451 0.2672 -104.5796
v  -100.9456 0.4706 -105.1689
v  -102.6661 0.8564 -106.3357
v  -102.6661 0.6777 -105.7585
v  -104.2049 0.6777 -105.7585
v  -104.2049 0.8564 -106.3357
v  -100.9465 0.8564 -106.3357
v  -100.9460 0.6777 -105.7585
v  -99.1584 0.6777 -105.7585
v  -99.1602 0.8564 -106.3357
v  -97.4216 0.8564 -106.3357
v  -97.4171 0.6777 -105.7585
v  -99.1566 0.4706 -105.1689
v  -97.4127 0.4706 -105.1689
v  -99.1548 0.2672 -104.5796
v  -97.4082 0.2672 -104.5797
v  -102.6661 0.9746 -106.8875
v  -104.2049 0.9746 -106.8875
v  -102.6661 1.0329 -107.4301
v  -104.2049 1.0329 -107.4301
v  -100.9470 0.9746 -106.8875
v  -100.9475 1.0329 -107.4301
v  -102.6661 0.9732 -108.5524
v  -102.6661 1.0322 -107.9797
v  -104.2049 1.0322 -107.9797
v  -104.2049 0.9732 -108.5524
v  -100.9488 0.9732 -108.5524
v  -100.9481 1.0322 -107.9797
v  -99.1667 1.0322 -107.9797
v  -99.1694 0.9732 -108.5524
v  -97.4446 0.9732 -108.5524
v  -97.4378 1.0322 -107.9797
v  -99.1643 1.0329 -107.4301
v  -97.4318 1.0329 -107.4301
v  -99.1621 0.9746 -106.8875
v  -97.4265 0.9746 -106.8875
v  -102.6661 0.8567 -109.1645
v  -104.2049 0.8567 -109.1645
v  -102.6661 0.7011 -109.8043
v  -104.2049 0.7011 -109.8043
v  -100.9495 0.8567 -109.1645
v  -100.9504 0.7011 -109.8043
v  -102.6661 0.3472 -111.1219
v  -102.6661 0.5251 -110.4606
v  -104.2049 0.5251 -110.4606
v  -104.2049 0.3472 -111.1219
v  -100.9521 0.3472 -111.1219
v  -100.9513 0.5251 -110.4606
v  -99.1794 0.5251 -110.4606
v  -99.1829 0.3472 -111.1219
v  -97.4784 0.3472 -111.1219
v  -97.4696 0.5251 -110.4606
v  -99.1759 0.7011 -109.8043
v  -97.4608 0.7011 -109.8043
v  -99.1725 0.8567 -109.1645
v  -97.4524 0.8567 -109.1645
v  -102.6661 0.1860 -111.7767
v  -104.2049 0.1860 -111.7767
v  -102.6661 0.0635 -112.4146
v  -104.2049 0.0635 -112.4146
v  -100.9530 0.1860 -111.7767
v  -100.9538 0.0635 -112.4146
v  -102.6661 0.0241 -113.5976
v  -102.6661 0.0021 -113.0251
v  -104.2049 0.0021 -113.0251
v  -104.2049 0.0241 -113.5976
v  -100.9551 0.0241 -113.5976
v  -100.9545 0.0021 -113.0251
v  -99.1923 0.0022 -113.0251
v  -99.1947 0.0241 -113.5976
v  -97.5080 0.0241 -113.5976
v  -97.5020 0.0021 -113.0251
v  -99.1895 0.0635 -112.4146
v  -97.4948 0.0635 -112.4146
v  -99.1863 0.1860 -111.7767
v  -97.4869 0.1860 -111.7767
v  -102.6661 0.1515 -114.1218
v  -104.2049 0.1515 -114.1218
v  -102.6661 0.3536 -114.5963
v  -104.2049 0.3536 -114.5963
v  -100.9556 0.1515 -114.1218
v  -100.9559 0.3536 -114.5963
v  -102.6661 0.8578 -115.3912
v  -102.6661 0.5993 -115.0199
v  -104.2049 0.5993 -115.0199
v  -104.2049 0.8578 -115.3912
v  -100.9562 0.8578 -115.3912
v  -100.9561 0.5993 -115.0199
v  -99.1988 0.5993 -115.0199
v  -99.1993 0.8578 -115.3912
v  -97.5194 0.8578 -115.3912
v  -97.5182 0.5993 -115.0199
v  -99.1979 0.3536 -114.5963
v  -97.5159 0.3536 -114.5963
v  -99.1966 0.1515 -114.1218
v  -97.5126 0.1515 -114.1218
v  -102.6661 1.0982 -115.7091
v  -104.2049 1.0982 -115.7091
v  -102.6661 1.3270 -115.9868
v  -104.2049 1.3270 -115.9868
v  -100.9563 1.0982 -115.7091
v  -100.9563 1.3270 -115.9868
v  -102.6661 1.7756 -116.4753
v  -102.6661 1.5506 -116.2378
v  -104.2049 1.5506 -116.2378
v  -104.2049 1.7756 -116.4753
v  -100.9561 1.7756 -116.4753
v  -100.9562 1.5506 -116.2378
v  -99.1991 1.5506 -116.2378
v  -99.1988 1.7756 -116.4753
v  -97.5182 1.7756 -116.4753
v  -97.5190 1.5506 -116.2378
v  -99.1994 1.3270 -115.9868
v  -97.5196 1.3270 -115.9868
v  -99.1995 1.0982 -115.7091
v  -97.5198 1.0982 -115.7091
v  -102.6661 2.0083 -116.7128
v  -104.2049 2.0083 -116.7128
v  -102.6661 2.2484 -116.9495
v  -104.2049 2.2484 -116.9495
v  -100.9560 2.0083 -116.7128
v  -100.9560 2.2484 -116.9495
v  -102.6661 2.7481 -117.4181
v  -102.6661 2.4951 -117.1848
v  -104.2049 2.4951 -117.1848
v  -104.2049 2.7481 -117.4181
v  -100.9559 2.7481 -117.4181
v  -100.9559 2.4951 -117.1848
v  -99.1981 2.4951 -117.1848
v  -99.1981 2.7481 -117.4181
v  -97.5163 2.7481 -117.4181
v  -97.5164 2.4951 -117.1848
v  -99.1982 2.2484 -116.9495
v  -97.5167 2.2484 -116.9495
v  -99.1985 2.0083 -116.7128
v  -97.5174 2.0083 -116.7128
v  -102.6661 3.0067 -117.6485
v  -104.2049 3.0067 -117.6485
v  -102.6661 3.2725 -117.8780
v  -104.2049 3.2725 -117.8780
v  -100.9560 3.0067 -117.6485
v  -100.9561 3.2725 -117.8780
v  -102.6661 3.8314 -118.3415
v  -102.6661 3.5469 -118.1084
v  -104.2049 3.5469 -118.1084
v  -104.2049 3.8314 -118.3415
v  -100.9563 3.8314 -118.3415
v  -100.9562 3.5469 -118.1084
v  -99.1990 3.5469 -118.1084
v  -99.1995 3.8314 -118.3415
v  -97.5199 3.8314 -118.3415
v  -97.5187 3.5469 -118.1084
v  -99.1986 3.2725 -117.8780
v  -97.5176 3.2725 -117.8780
v  -99.1983 3.0067 -117.6485
v  -97.5168 3.0067 -117.6485
v  -102.6661 4.1275 -118.5790
v  -104.2049 4.1275 -118.5790
v  -102.6661 4.4404 -118.8146
v  -104.2049 4.4404 -118.8146
v  -100.9564 4.1275 -118.5790
v  -100.9565 4.4404 -118.8146
v  -102.6661 5.1378 -119.2541
v  -102.6661 4.7754 -119.0418
v  -104.2049 4.7754 -119.0418
v  -104.2049 5.1378 -119.2541
v  -100.9566 5.1378 -119.2541
v  -100.9566 4.7754 -119.0418
v  -99.2006 4.7754 -119.0418
v  -99.2006 5.1378 -119.2541
v  -97.5227 5.1378 -119.2541
v  -97.5227 4.7754 -119.0418
v  -99.2004 4.4404 -118.8146
v  -97.5221 4.4404 -118.8146
v  -99.2000 4.1275 -118.5790
v  -97.5211 4.1275 -118.5790
v  -102.6661 5.5327 -119.4452
v  -104.2049 5.5327 -119.4452
v  -102.6661 5.9559 -119.6075
v  -104.2049 5.9559 -119.6075
v  -100.9565 5.5327 -119.4452
v  -100.9563 5.9559 -119.6075
v  -102.6661 6.8690 -119.8156
v  -102.6661 6.4028 -119.7335
v  -104.2049 6.4028 -119.7335
v  -104.2049 6.8690 -119.8156
v  -100.9557 6.8690 -119.8156
v  -100.9561 6.4028 -119.7335
v  -99.1986 6.4028 -119.7335
v  -99.1973 6.8690 -119.8156
v  -97.5144 6.8690 -119.8156
v  -97.5176 6.4028 -119.7335
v  -99.1996 5.9559 -119.6075
v  -97.5201 5.9559 -119.6075
v  -99.2003 5.5327 -119.4452
v  -97.5218 5.5327 -119.4452
v  -102.6661 7.3501 -119.8462
v  -104.2049 7.3501 -119.8462
v  -102.6661 7.8455 -119.8268
v  -104.2049 7.8455 -119.8268
v  -100.9553 7.3501 -119.8462
v  -100.9549 7.8455 -119.8268
v  -102.6661 8.8772 -119.6441
v  -102.6661 8.3548 -119.7590
v  -104.2049 8.3548 -119.7590
v  -104.2049 8.8772 -119.6441
v  -100.9537 8.8772 -119.6441
v  -100.9543 8.3548 -119.7590
v  -99.1917 8.3548 -119.7590
v  -99.1893 8.8772 -119.6441
v  -97.4943 8.8772 -119.6441
v  -97.5003 8.3548 -119.7590
v  -99.1938 7.8455 -119.8268
v  -97.5057 7.8455 -119.8268
v  -99.1957 7.3501 -119.8462
v  -97.5104 7.3501 -119.8462
v  -102.6661 9.4122 -119.4836
v  -104.2049 9.4122 -119.4836
v  -102.7031 9.9562 -119.2843
v  -104.2602 9.9566 -119.2877
v  -100.9531 9.4122 -119.4836
v  -100.9616 9.9558 -119.2808
v  -102.9245 11.0539 -118.7777
v  -102.8138 10.5054 -119.0529
v  -104.4263 10.5070 -119.0668
v  -104.9431 11.0616 -118.8425
v  -101.0154 11.0514 -118.7568
v  -100.9885 10.5037 -119.0390
v  -99.1807 10.5032 -119.0343
v  -99.1775 11.0506 -118.7499
v  -97.4649 11.0506 -118.7499
v  -97.4730 10.5032 -119.0343
v  -99.1838 9.9556 -119.2796
v  -97.4807 9.9556 -119.2796
v  -99.1866 9.4122 -119.4836
v  -97.4878 9.4122 -119.4836
v  -102.9614 11.5958 -118.4468
v  -104.9431 11.5980 -118.4654
v  -102.9614 12.1231 -118.0827
v  -104.9431 12.1237 -118.0873
v  -101.0237 11.5941 -118.4329
v  -101.0229 12.1227 -118.0792
v  -102.9614 13.1004 -117.3250
v  -102.9614 12.6281 -117.7075
v  -104.9431 12.6280 -117.7075
v  -104.9431 13.1004 -117.3250
v  -101.0211 13.1004 -117.3250
v  -101.0220 12.6281 -117.7075
v  -99.1669 12.6281 -117.7075
v  -99.1634 13.1004 -117.3250
v  -97.4295 13.1004 -117.3250
v  -97.4383 12.6281 -117.7075
v  -99.1704 12.1226 -118.0780
v  -97.4473 12.1226 -118.0780
v  -99.1740 11.5936 -118.4283
v  -97.4562 11.5936 -118.4283
v  -102.9614 13.5300 -116.9390
v  -104.9431 13.5300 -116.9390
v  -102.9614 13.9251 -116.5429
v  -104.9431 13.9251 -116.5429
v  -101.0202 13.5300 -116.9390
v  -101.0194 13.9251 -116.5429
v  -102.9614 14.2940 -116.1299
v  -104.9431 14.2940 -116.1299
v  -101.0187 14.2940 -116.1299
v  -99.1536 14.2940 -116.1299
v  -97.4053 14.2940 -116.1299
v  -99.1568 13.9251 -116.5429
v  -97.4132 13.9251 -116.5429
v  -99.1600 13.5300 -116.9390
v  -97.4212 13.5300 -116.9390
v  -95.7800 14.9861 -115.2272
v  -95.7964 14.6449 -115.6936
v  -95.7632 15.3135 -114.7342
v  -94.2827 14.9861 -115.2272
v  -94.3098 14.6449 -115.6936
v  -94.2550 15.3135 -114.7342
v  -95.7292 15.9105 -113.6820
v  -95.7462 15.6230 -114.2180
v  -94.1990 15.9105 -113.6820
v  -94.2270 15.6230 -114.2180
v  -92.7789 15.6230 -114.2180
v  -92.7381 15.9105 -113.6820
v  -91.3120 15.9105 -113.6820
v  -91.3664 15.6230 -114.2180
v  -92.8196 15.3135 -114.7342
v  -91.4207 15.3135 -114.7342
v  -92.8994 14.6449 -115.6936
v  -92.8599 14.9861 -115.2272
v  -91.4744 14.9861 -115.2272
v  -91.5271 14.6449 -115.6936
v  -95.7124 16.1720 -113.1297
v  -95.6958 16.4043 -112.5699
v  -94.1711 16.1720 -113.1297
v  -94.1438 16.4043 -112.5699
v  -95.6647 16.7690 -111.4632
v  -95.6799 16.6043 -112.0115
v  -94.0925 16.7690 -111.4632
v  -94.1175 16.6043 -112.0115
v  -92.6196 16.6043 -112.0115
v  -92.5832 16.7690 -111.4632
v  -91.1055 16.7690 -111.4632
v  -91.1540 16.6043 -112.0115
v  -92.6579 16.4043 -112.5699
v  -91.2051 16.4043 -112.5699
v  -92.6976 16.1720 -113.1297
v  -91.2580 16.1720 -113.1297
v  -95.6505 16.8953 -110.9341
v  -95.6374 16.9813 -110.4167
v  -94.0691 16.8953 -110.9341
v  -94.0474 16.9813 -110.4167
v  -95.6143 17.0259 -109.3881
v  -95.6253 17.0255 -109.9038
v  -94.0092 17.0259 -109.3881
v  -94.0275 17.0255 -109.9038
v  -92.4887 17.0255 -109.9038
v  -92.4622 17.0259 -109.3882
v  -90.9441 17.0259 -109.3882
v  -90.9794 17.0255 -109.9038
v  -92.5177 16.9813 -110.4167
v  -91.0181 16.9813 -110.4167
v  -92.5492 16.8953 -110.9341
v  -91.0601 16.8953 -110.9341
v  -95.6043 16.9808 -108.8624
v  -95.5954 16.8902 -108.3415
v  -93.9928 16.9808 -108.8624
v  -93.9781 16.8902 -108.3415
v  -95.5811 16.5712 -107.3741
v  -95.5877 16.7537 -107.8404
v  -93.9545 16.5712 -107.3741
v  -93.9654 16.7537 -107.8404
v  -92.3983 16.7537 -107.8404
v  -92.3826 16.5712 -107.3741
v  -90.8379 16.5712 -107.3741
v  -90.8590 16.7537 -107.8404
v  -92.4169 16.8902 -108.3415
v  -90.8837 16.8902 -108.3415
v  -92.4382 16.9808 -108.8624
v  -90.9121 16.9808 -108.8624
v  -95.5757 16.3425 -106.9575
v  -95.5716 16.0821 -106.5907
v  -93.9457 16.3425 -106.9575
v  -93.9388 16.0818 -106.5892
v  -95.5674 15.5241 -106.0070
v  -95.5689 15.8045 -106.2739
v  -93.9315 15.5217 -105.9974
v  -93.9338 15.8030 -106.2676
v  -92.3509 15.7986 -106.2488
v  -92.3478 15.5143 -105.9686
v  -90.7829 15.4948 -105.8817
v  -90.7943 15.7928 -106.2237
v  -92.3593 16.0807 -106.5845
v  -90.8066 16.0792 -106.5782
v  -92.3697 16.3425 -106.9575
v  -90.8208 16.3425 -106.9575
v  -95.5674 15.2555 -105.7903
v  -95.5684 14.9935 -105.6079
v  -93.9328 15.2530 -105.7832
v  -93.9359 14.9916 -105.6050
v  -95.5716 14.4695 -105.2828
v  -95.5700 14.7332 -105.4440
v  -93.9416 14.4689 -105.2823
v  -93.9389 14.7320 -105.4429
v  -92.3670 14.7283 -105.4398
v  -92.3707 14.4670 -105.2807
v  -90.8347 14.4634 -105.2776
v  -90.8302 14.7209 -105.4337
v  -92.3615 14.9859 -105.5964
v  -90.8228 14.9737 -105.5824
v  -92.3533 15.2457 -105.7619
v  -90.8105 15.2276 -105.7316
v  -95.5731 14.1973 -105.1086
v  -95.5740 13.9144 -104.9111
v  -93.9439 14.1971 -105.1083
v  -93.9455 13.9143 -104.9110
v  -95.5742 13.3071 -104.4057
v  -95.5745 13.6184 -104.6802
v  -93.9457 13.3071 -104.4057
v  -93.9461 13.6185 -104.6802
v  -92.3769 13.6185 -104.6802
v  -92.3763 13.3071 -104.4057
v  -90.8415 13.3071 -104.4057
v  -90.8423 13.6185 -104.6802
v  -92.3760 13.9142 -104.9109
v  -90.8412 13.9138 -104.9106
v  -92.3738 14.1963 -105.1077
v  -90.8385 14.1949 -105.1065
v  -95.5730 12.9782 -104.0774
v  -95.5711 12.6310 -103.6993
v  -93.9438 12.9782 -104.0774
v  -93.9408 12.6310 -103.6993
v  -95.5654 11.8799 -102.8092
v  -95.5686 12.2651 -103.2753
v  -93.9317 11.8799 -102.8092
v  -93.9367 12.2651 -103.2753
v  -92.3639 12.2651 -103.2753
v  -92.3571 11.8799 -102.8092
v  -90.8180 11.8799 -102.8092
v  -90.8264 12.2651 -103.2753
v  -92.3696 12.6310 -103.6993
v  -90.8333 12.6310 -103.6993
v  -92.3737 12.9782 -104.0774
v  -90.8385 12.9782 -104.0774
v  -95.5619 11.4748 -102.3051
v  -95.5582 11.0529 -101.7843
v  -93.9260 11.4748 -102.3051
v  -93.9201 11.0529 -101.7843
v  -95.5524 10.1709 -100.7795
v  -95.5549 10.6173 -101.2686
v  -93.9109 10.1709 -100.7795
v  -93.9149 10.6173 -101.2686
v  -92.3339 10.6173 -101.2686
v  -92.3284 10.1709 -100.7795
v  -90.7828 10.1709 -100.7795
v  -90.7896 10.6173 -101.2686
v  -92.3411 11.0529 -101.7843
v  -90.7984 11.0529 -101.7843
v  -92.3492 11.4748 -102.3051
v  -90.8083 11.4748 -102.3051
v  -95.5511 9.7169 -100.3385
v  -95.5510 9.2513 -99.9430
v  -93.9088 9.7169 -100.3385
v  -93.9086 9.2513 -99.9430
v  -95.5545 8.2695 -99.2782
v  -95.5521 8.7702 -99.5904
v  -93.9142 8.2695 -99.2782
v  -93.9104 8.7702 -99.5904
v  -92.3277 8.7702 -99.5904
v  -92.3329 8.2695 -99.2782
v  -90.7884 8.2696 -99.2782
v  -90.7820 8.7702 -99.5904
v  -92.3253 9.2513 -99.9430
v  -90.7790 9.2513 -99.9430
v  -92.3255 9.7169 -100.3385
v  -90.7793 9.7169 -100.3385
v  -95.5581 7.7455 -99.0035
v  -95.5632 7.1953 -98.7772
v  -93.9199 7.7455 -99.0035
v  -93.9282 7.1953 -98.7772
v  -95.5793 6.0052 -98.5119
v  -95.5702 6.6161 -98.6098
v  -93.9538 6.0052 -98.5119
v  -93.9393 6.6161 -98.6098
v  -92.3675 6.6161 -98.6098
v  -92.3875 6.0052 -98.5119
v  -90.8553 6.0052 -98.5119
v  -90.8308 6.6161 -98.6098
v  -92.3522 7.1953 -98.7772
v  -90.8120 7.1953 -98.7772
v  -92.3409 7.7455 -99.0035
v  -90.7981 7.7455 -99.0035
v  -95.5907 5.3597 -98.4942
v  -95.6041 4.6967 -98.5511
v  -93.9722 5.3597 -98.4942
v  -93.9936 4.6967 -98.5511
v  -95.6351 3.3856 -98.8664
v  -95.6191 4.0330 -98.6770
v  -94.0431 3.3856 -98.8664
v  -94.0175 4.0330 -98.6770
v  -92.4750 4.0330 -98.6770
v  -92.5103 3.3856 -98.8664
v  -91.0060 3.3856 -98.8664
v  -90.9628 4.0330 -98.6770
v  -92.4422 4.6967 -98.5511
v  -90.9224 4.6967 -98.5511
v  -92.4127 5.3597 -98.4942
v  -90.8862 5.3597 -98.4942
v  -95.6518 2.7715 -99.1138
v  -95.6688 2.2003 -99.4124
v  -94.0698 2.7715 -99.1138
v  -94.0971 2.2003 -99.4124
v  -95.7027 1.2256 -100.1367
v  -95.6859 1.6818 -99.7556
v  -94.1514 1.2256 -100.1367
v  -94.1244 1.6818 -99.7556
v  -92.6220 1.6818 -99.7556
v  -92.6591 1.2256 -100.1367
v  -91.1887 1.2256 -100.1367
v  -91.1432 1.6818 -99.7556
v  -92.5844 2.2003 -99.4124
v  -91.0970 2.2003 -99.4124
v  -92.5470 2.7715 -99.1138
v  -91.0510 2.7715 -99.1138
v  -95.7191 0.8414 -100.5491
v  -95.7347 0.5282 -100.9882
v  -94.1775 0.8414 -100.5491
v  -94.2025 0.5282 -100.9882
v  -95.7634 0.1116 -101.9279
v  -95.7495 0.2853 -101.4493
v  -94.2485 0.1116 -101.9279
v  -94.2263 0.2853 -101.4493
v  -92.7621 0.2853 -101.4493
v  -92.7927 0.1116 -101.9279
v  -91.3526 0.1116 -101.9279
v  -91.3151 0.2853 -101.4493
v  -92.7294 0.5282 -100.9882
v  -91.2750 0.5282 -100.9882
v  -92.6950 0.8414 -100.5491
v  -91.2327 0.8414 -100.5491
v  -95.7763 0.0063 -102.4193
v  -95.7881 -0.0308 -102.9268
v  -94.2690 0.0063 -102.4193
v  -94.2880 -0.0308 -102.9268
v  -95.8091 0.0998 -104.0037
v  -95.7990 0.0004 -103.4538
v  -94.3215 0.0998 -104.0037
v  -94.3054 0.0004 -103.4538
v  -92.8709 0.0004 -103.4538
v  -92.8930 0.0998 -104.0037
v  -91.4758 0.0998 -104.0037
v  -91.4486 0.0004 -103.4538
v  -92.8469 -0.0308 -102.9268
v  -91.4192 -0.0308 -102.9268
v  -92.8209 0.0063 -102.4193
v  -91.3872 0.0063 -102.4193
v  -95.8183 0.2672 -104.5797
v  -95.8272 0.4706 -105.1689
v  -94.3363 0.2672 -104.5797
v  -94.3505 0.4706 -105.1689
v  -95.8451 0.8564 -106.3357
v  -95.8360 0.6777 -105.7585
v  -94.3791 0.8564 -106.3357
v  -94.3646 0.6777 -105.7585
v  -92.9522 0.6777 -105.7585
v  -92.9722 0.8564 -106.3357
v  -91.5730 0.8564 -106.3357
v  -91.5484 0.6777 -105.7585
v  -92.9329 0.4706 -105.1689
v  -91.5247 0.4706 -105.1689
v  -92.9134 0.2672 -104.5797
v  -91.5008 0.2672 -104.5797
v  -95.8548 0.9746 -106.8875
v  -95.8655 1.0329 -107.4301
v  -94.3947 0.9746 -106.8875
v  -94.4118 1.0329 -107.4301
v  -95.8911 0.9732 -108.5524
v  -95.8775 1.0322 -107.9797
v  -94.4528 0.9732 -108.5524
v  -94.4311 1.0322 -107.9797
v  -93.0437 1.0322 -107.9797
v  -93.0736 0.9732 -108.5524
v  -91.6974 0.9732 -108.5524
v  -91.6606 1.0322 -107.9797
v  -93.0173 1.0329 -107.4301
v  -91.6282 1.0329 -107.4301
v  -92.9937 0.9746 -106.8875
v  -91.5993 0.9746 -106.8875
v  -95.9067 0.8567 -109.1645
v  -95.9235 0.7011 -109.8043
v  -94.4777 0.8567 -109.1645
v  -94.5046 0.7011 -109.8043
v  -95.9586 0.3472 -111.1219
v  -95.9410 0.5251 -110.4606
v  -94.5607 0.3472 -111.1219
v  -94.5326 0.5251 -110.4606
v  -93.1833 0.5251 -110.4606
v  -93.2220 0.3472 -111.1219
v  -91.8794 0.3472 -111.1219
v  -91.8320 0.5251 -110.4606
v  -93.1448 0.7011 -109.8043
v  -91.7847 0.7011 -109.8043
v  -93.1077 0.8567 -109.1645
v  -91.7393 0.8567 -109.1645
v  -95.9756 0.1860 -111.7767
v  -95.9915 0.0635 -112.4146
v  -94.5880 0.1860 -111.7767
v  -94.6135 0.0635 -112.4146
v  -96.0178 0.0241 -113.5976
v  -96.0058 0.0022 -113.0251
v  -94.6555 0.0241 -113.5976
v  -94.6363 0.0021 -113.0251
v  -93.3259 0.0022 -113.0251
v  -93.3523 0.0241 -113.5976
v  -92.0395 0.0241 -113.5976
v  -92.0070 0.0021 -113.0251
v  -93.2945 0.0635 -112.4146
v  -91.9685 0.0635 -112.4146
v  -93.2594 0.1860 -111.7767
v  -91.9255 0.1860 -111.7767
v  -96.0271 0.1515 -114.1218
v  -96.0337 0.3536 -114.5963
v  -94.6703 0.1515 -114.1218
v  -94.6810 0.3536 -114.5963
v  -96.0407 0.8578 -115.3912
v  -96.0382 0.5993 -115.0199
v  -94.6921 0.8578 -115.3912
v  -94.6881 0.5993 -115.0199
v  -93.3971 0.5993 -115.0199
v  -93.4026 0.8578 -115.3912
v  -92.1012 0.8578 -115.3912
v  -92.0944 0.5993 -115.0199
v  -93.3873 0.3536 -114.5963
v  -92.0824 0.3536 -114.5963
v  -93.3726 0.1515 -114.1218
v  -92.0643 0.1515 -114.1218
v  -96.0415 1.0982 -115.7091
v  -96.0411 1.3270 -115.9868
v  -94.6934 1.0982 -115.7091
v  -94.6927 1.3270 -115.9868
v  -96.0382 1.7756 -116.4753
v  -96.0398 1.5506 -116.2378
v  -94.6881 1.7756 -116.4753
v  -94.6907 1.5506 -116.2378
v  -93.4007 1.5506 -116.2378
v  -93.3971 1.7756 -116.4753
v  -92.0944 1.7756 -116.4753
v  -92.0988 1.5506 -116.2378
v  -93.4034 1.3270 -115.9868
v  -92.1021 1.3270 -115.9868
v  -93.4044 1.0982 -115.7091
v  -92.1033 1.0982 -115.7091
v  -96.0366 2.0083 -116.7128
v  -96.0353 2.2484 -116.9495
v  -94.6856 2.0083 -116.7128
v  -94.6836 2.2484 -116.9495
v  -96.0346 2.7481 -117.4181
v  -96.0346 2.4951 -117.1848
v  -94.6823 2.7481 -117.4181
v  -94.6823 2.4951 -117.1848
v  -93.3892 2.4951 -117.1848
v  -93.3891 2.7481 -117.4181
v  -92.0846 2.7481 -117.4181
v  -92.0847 2.4951 -117.1848
v  -93.3909 2.2484 -116.9495
v  -92.0867 2.2484 -116.9495
v  -93.3937 2.0083 -116.7128
v  -92.0902 2.0083 -116.7128
v  -96.0355 3.0067 -117.6485
v  -96.0372 3.2725 -117.8780
v  -94.6838 3.0067 -117.6485
v  -94.6864 3.2725 -117.8780
v  -96.0417 3.8314 -118.3415
v  -96.0393 3.5469 -118.1084
v  -94.6937 3.8314 -118.3415
v  -94.6899 3.5469 -118.1084
v  -93.3996 3.5469 -118.1084
v  -93.4048 3.8314 -118.3414
v  -92.1039 3.8313 -118.3414
v  -92.0974 3.5469 -118.1084
v  -93.3948 3.2725 -117.8780
v  -92.0916 3.2725 -117.8780
v  -93.3912 3.0067 -117.6485
v  -92.0871 3.0067 -117.6485
v  -96.0441 4.1275 -118.5790
v  -96.0461 4.4404 -118.8146
v  -94.6976 4.1275 -118.5790
v  -94.7008 4.4404 -118.8146
v  -96.0472 5.1378 -119.2541
v  -96.0473 4.7754 -119.0418
v  -94.7026 5.1378 -119.2541
v  -94.7027 4.7754 -119.0417
v  -93.4171 4.7754 -119.0417
v  -93.4170 5.1377 -119.2541
v  -92.1188 5.1376 -119.2540
v  -92.1190 4.7753 -119.0416
v  -93.4146 4.4403 -118.8145
v  -92.1158 4.4403 -118.8145
v  -93.4102 4.1274 -118.5790
v  -92.1104 4.1274 -118.5789
v  -96.0455 5.5327 -119.4452
v  -96.0421 5.9559 -119.6075
v  -94.6998 5.5327 -119.4452
v  -94.6944 5.9559 -119.6075
v  -96.0306 6.8690 -119.8156
v  -96.0371 6.4028 -119.7335
v  -94.6760 6.8690 -119.8156
v  -94.6864 6.4028 -119.7335
v  -93.3948 6.4027 -119.7335
v  -93.3805 6.8690 -119.8156
v  -92.0740 6.8689 -119.8155
v  -92.0916 6.4027 -119.7334
v  -93.4057 5.9558 -119.6075
v  -92.1050 5.9558 -119.6074
v  -93.4131 5.5327 -119.4452
v  -92.1141 5.5326 -119.4451
v  -96.0226 7.3501 -119.8462
v  -96.0132 7.8455 -119.8268
v  -94.6632 7.3501 -119.8462
v  -94.6481 7.8455 -119.8268
v  -95.9905 8.8772 -119.6441
v  -96.0025 8.3548 -119.7590
v  -94.6118 8.8772 -119.6441
v  -94.6310 8.3548 -119.7590
v  -93.3185 8.3548 -119.7590
v  -93.2922 8.8772 -119.6441
v  -91.9657 8.8772 -119.6441
v  -91.9980 8.3548 -119.7590
v  -93.3421 7.8455 -119.8268
v  -92.0269 7.8455 -119.8268
v  -93.3629 7.3501 -119.8462
v  -92.0524 7.3501 -119.8462
v  -95.9774 9.4122 -119.4836
v  -95.9632 9.9556 -119.2796
v  -94.5909 9.4122 -119.4836
v  -94.5702 9.9558 -119.2808
v  -95.9316 11.0506 -118.7499
v  -95.9479 10.5032 -119.0343
v  -94.5314 11.0514 -118.7568
v  -94.5518 10.5037 -119.0390
v  -93.2308 10.5054 -119.0529
v  -93.2178 11.0539 -118.7777
v  -91.9677 11.0616 -118.8425
v  -91.8995 10.5070 -119.0668
v  -93.2402 9.9562 -119.2843
v  -91.9042 9.9566 -119.2877
v  -93.2634 9.4122 -119.4836
v  -91.9303 9.4122 -119.4836
v  -95.9143 11.5936 -118.4283
v  -95.8964 12.1226 -118.0781
v  -94.5047 11.5941 -118.4329
v  -94.4749 12.1227 -118.0792
v  -95.8609 13.1004 -117.3250
v  -95.8785 12.6281 -117.7075
v  -94.4163 13.1004 -117.3250
v  -94.4452 12.6281 -117.7075
v  -93.0962 12.6281 -117.7075
v  -93.0542 13.1004 -117.3250
v  -91.7335 13.1004 -117.3250
v  -91.7895 12.6281 -117.7075
v  -93.1397 12.1231 -118.0827
v  -91.8477 12.1237 -118.0873
v  -93.1838 11.5958 -118.4468
v  -91.9074 11.5980 -118.4654
v  -95.8443 13.5300 -116.9390
v  -95.8283 13.9251 -116.5429
v  -94.3889 13.5300 -116.9390
v  -94.3624 13.9251 -116.5429
v  -95.8124 14.2940 -116.1299
v  -94.3362 14.2940 -116.1299
v  -92.9378 14.2940 -116.1299
v  -91.5782 14.2940 -116.1299
v  -92.9758 13.9251 -116.5429
v  -91.6289 13.9251 -116.5429
v  -93.0143 13.5300 -116.9390
v  -91.6803 13.5300 -116.9390
v  -89.9655 10.6198 -111.5605
v  -90.0181 10.2492 -112.0022
v  -91.5271 10.3120 -112.0548
v  -91.4744 10.6826 -111.6132
v  -89.9117 10.9979 -111.1100
v  -91.4207 11.0606 -111.1626
v  -88.4565 10.5571 -111.5078
v  -88.5092 10.1864 -111.9495
v  -88.4028 10.9351 -111.0573
v  -89.8031 11.7626 -110.1986
v  -89.8574 11.3799 -110.6547
v  -91.3664 11.4427 -110.7073
v  -91.3120 11.8254 -110.2512
v  -88.2941 11.6999 -110.1459
v  -88.3485 11.3171 -110.6020
v  -86.8396 11.2544 -110.5493
v  -86.7852 11.6371 -110.0932
v  -85.2762 11.5743 -110.0406
v  -85.3306 11.1916 -110.4967
v  -86.8939 10.8723 -111.0046
v  -85.3849 10.8096 -110.9520
v  -87.0002 10.1237 -111.8968
v  -86.9476 10.4943 -111.4552
v  -85.4386 10.4315 -111.4025
v  -85.4913 10.0609 -111.8442
v  -89.7491 12.1426 -109.7457
v  -91.2580 12.2054 -109.7984
v  -89.6962 12.5142 -109.3028
v  -91.2051 12.5770 -109.3555
v  -88.2401 12.0798 -109.6930
v  -88.1872 12.4515 -109.2502
v  -89.5965 13.2099 -108.4738
v  -89.6451 12.8719 -108.8766
v  -91.1540 12.9346 -108.9293
v  -91.1055 13.2726 -108.5265
v  -88.0876 13.1471 -108.4211
v  -88.1361 12.8091 -108.8239
v  -86.6272 12.7464 -108.7713
v  -86.5786 13.0844 -108.3685
v  -85.0697 13.0216 -108.3158
v  -85.1183 12.6836 -108.7186
v  -86.6783 12.3887 -109.1975
v  -85.1693 12.3259 -109.1448
v  -86.7312 12.0171 -109.6404
v  -85.2222 11.9543 -109.5877
v  -89.5512 13.5226 -108.1011
v  -91.0601 13.5854 -108.1538
v  -89.5092 13.8069 -107.7623
v  -91.0181 13.8697 -107.8149
v  -88.0423 13.4598 -108.0484
v  -88.0002 13.7441 -107.7096
v  -89.4351 14.2776 -107.2013
v  -89.4705 14.0596 -107.4611
v  -90.9794 14.1224 -107.5138
v  -90.9441 14.3404 -107.2540
v  -87.9262 14.2148 -107.1487
v  -87.9615 13.9969 -107.4084
v  -86.4526 13.9341 -107.3558
v  -86.4173 14.1521 -107.0960
v  -84.9083 14.0893 -107.0433
v  -84.9436 13.8713 -107.3031
v  -86.4913 13.6814 -107.6570
v  -84.9824 13.6186 -107.6043
v  -86.5333 13.3971 -107.9958
v  -85.0244 13.3343 -107.9431
v  -89.4032 14.4577 -106.9867
v  -90.9121 14.5205 -107.0394
v  -89.3748 14.6106 -106.8046
v  -90.8837 14.6733 -106.8573
v  -87.8943 14.3949 -106.9340
v  -87.8658 14.5478 -106.7519
v  -89.3290 14.8769 -106.4876
v  -89.3500 14.7468 -106.6424
v  -90.8590 14.8095 -106.6951
v  -90.8379 14.9397 -106.5403
v  -87.8201 14.8142 -106.4350
v  -87.8411 14.6840 -106.5898
v  -86.3321 14.6212 -106.5371
v  -86.3111 14.7514 -106.3823
v  -84.8022 14.6886 -106.3296
v  -84.8232 14.5585 -106.4844
v  -86.3569 14.4850 -106.6993
v  -84.8480 14.4223 -106.6466
v  -86.3853 14.3322 -106.8814
v  -84.8764 14.2694 -106.8287
v  -89.2865 15.1927 -105.6974
v  -89.2740 15.4320 -105.8290
v  -89.2972 14.9521 -105.5630
v  -87.7849 15.1496 -105.6612
v  -87.7650 15.3693 -105.7764
v  -87.8012 14.9259 -105.5410
v  -89.3096 14.4572 -105.2725
v  -89.3045 14.7087 -105.4234
v  -87.8156 14.4499 -105.2663
v  -87.8104 14.6940 -105.4110
v  -86.3683 14.6793 -105.3987
v  -86.3734 14.4425 -105.2602
v  -85.0032 14.4364 -105.2550
v  -84.9987 14.6670 -105.3884
v  -86.3509 14.8996 -105.5190
v  -84.9760 14.8798 -105.5036
v  -86.2561 15.3065 -105.7237
v  -86.3095 15.1064 -105.6249
v  -84.9178 15.0785 -105.6065
v  -84.7472 15.2437 -105.6711
v  -89.3138 14.1924 -105.1044
v  -89.3167 13.9132 -104.9100
v  -87.8200 14.1895 -105.1020
v  -87.8231 13.9124 -104.9094
v  -89.3171 13.3071 -104.4057
v  -89.3180 13.6185 -104.6802
v  -87.8235 13.3071 -104.4057
v  -87.8244 13.6185 -104.6802
v  -86.3818 13.6185 -104.6802
v  -86.3810 13.3071 -104.4057
v  -85.0100 13.3071 -104.4057
v  -85.0108 13.6185 -104.6802
v  -86.3806 13.9117 -104.9088
v  -85.0097 13.9111 -104.9083
v  -86.3776 14.1865 -105.0995
v  -85.0070 14.1841 -105.0974
v  -89.3137 12.9782 -104.0774
v  -89.3080 12.6310 -103.6993
v  -87.8199 12.9782 -104.0774
v  -87.8140 12.6310 -103.6993
v  -89.2910 11.8799 -102.8092
v  -89.3003 12.2651 -103.2753
v  -87.7964 11.8799 -102.8092
v  -87.8061 12.2651 -103.2753
v  -86.3642 12.2651 -103.2753
v  -86.3548 11.8799 -102.8092
v  -84.9865 11.8799 -102.8092
v  -84.9949 12.2651 -103.2753
v  -86.3718 12.6310 -103.6993
v  -85.0018 12.6310 -103.6993
v  -86.3775 12.9782 -104.0774
v  -85.0070 12.9782 -104.0774
v  -89.2802 11.4748 -102.3051
v  -89.2693 11.0529 -101.7843
v  -87.7853 11.4748 -102.3051
v  -87.7740 11.0529 -101.7843
v  -89.2519 10.1709 -100.7795
v  -89.2594 10.6173 -101.2686
v  -87.7560 10.1709 -100.7795
v  -87.7638 10.6173 -101.2686
v  -86.3232 10.6173 -101.2686
v  -86.3157 10.1709 -100.7795
v  -84.9513 10.1709 -100.7795
v  -84.9581 10.6173 -101.2686
v  -86.3331 11.0529 -101.7843
v  -84.9670 11.0529 -101.7843
v  -86.3440 11.4748 -102.3051
v  -84.9768 11.4748 -102.3051
v  -89.2479 9.7169 -100.3385
v  -89.2476 9.2513 -99.9430
v  -87.7520 9.7169 -100.3385
v  -87.7516 9.2513 -99.9430
v  -89.2581 8.2696 -99.2782
v  -89.2510 8.7702 -99.5904
v  -87.7624 8.2696 -99.2782
v  -87.7551 8.7702 -99.5904
v  -86.3148 8.7702 -99.5904
v  -86.3219 8.2696 -99.2782
v  -84.9569 8.2696 -99.2782
v  -84.9505 8.7702 -99.5904
v  -86.3115 9.2513 -99.9430
v  -84.9475 9.2513 -99.9430
v  -86.3118 9.7169 -100.3385
v  -84.9478 9.7169 -100.3385
v  -89.2689 7.7455 -99.0035
v  -89.2843 7.1953 -98.7772
v  -87.7736 7.7455 -99.0035
v  -87.7896 7.1953 -98.7772
v  -89.3324 6.0052 -98.5119
v  -89.3052 6.6161 -98.6098
v  -87.8393 6.0052 -98.5119
v  -87.8112 6.6161 -98.6098
v  -86.3690 6.6161 -98.6098
v  -86.3963 6.0052 -98.5119
v  -85.0238 6.0052 -98.5119
v  -84.9993 6.6161 -98.6098
v  -86.3482 7.1953 -98.7772
v  -84.9805 7.1953 -98.7772
v  -86.3327 7.7455 -99.0035
v  -84.9666 7.7455 -99.0035
v  -89.3668 5.3597 -98.4942
v  -89.4070 4.6967 -98.5511
v  -87.8748 5.3597 -98.4942
v  -87.9164 4.6967 -98.5511
v  -89.4999 3.3856 -98.8664
v  -89.4518 4.0330 -98.6770
v  -88.0123 3.3856 -98.8664
v  -87.9626 4.0330 -98.6770
v  -86.5156 4.0330 -98.6770
v  -86.5637 3.3856 -98.8664
v  -85.1745 3.3856 -98.8664
v  -85.1313 4.0330 -98.6770
v  -86.4709 4.6967 -98.5511
v  -85.0910 4.6967 -98.5511
v  -86.4306 5.3597 -98.4942
v  -85.0547 5.3597 -98.4942
v  -89.5499 2.7715 -99.1138
v  -89.6010 2.2003 -99.4124
v  -88.0640 2.7715 -99.1138
v  -88.1168 2.2003 -99.4124
v  -89.7029 1.2256 -100.1367
v  -89.6523 1.6818 -99.7556
v  -88.2221 1.2256 -100.1367
v  -88.1698 1.6818 -99.7556
v  -86.7161 1.6818 -99.7556
v  -86.7667 1.2256 -100.1367
v  -85.3572 1.2256 -100.1367
v  -85.3117 1.6818 -99.7556
v  -86.6648 2.2003 -99.4124
v  -85.2655 2.2003 -99.4124
v  -86.6137 2.7715 -99.1138
v  -85.2195 2.7715 -99.1138
v  -89.7518 0.8414 -100.5491
v  -89.7988 0.5282 -100.9882
v  -88.2726 0.8414 -100.5491
v  -88.3211 0.5282 -100.9882
v  -89.8850 0.1116 -101.9279
v  -89.8433 0.2853 -101.4493
v  -88.4102 0.1116 -101.9279
v  -88.3671 0.2853 -101.4493
v  -86.9071 0.2853 -101.4493
v  -86.9488 0.1116 -101.9279
v  -85.5211 0.1116 -101.9279
v  -85.4836 0.2853 -101.4493
v  -86.8626 0.5282 -100.9882
v  -85.4435 0.5282 -100.9882
v  -86.8156 0.8414 -100.5491
v  -85.4013 0.8414 -100.5491
v  -89.9235 0.0063 -102.4193
v  -89.9590 -0.0308 -102.9268
v  -88.4500 0.0063 -102.4193
v  -88.4867 -0.0308 -102.9268
v  -90.0218 0.0998 -104.0037
v  -89.9917 0.0004 -103.4538
v  -88.5516 0.0998 -104.0037
v  -88.5205 0.0004 -103.4538
v  -87.0555 0.0004 -103.4538
v  -87.0856 0.0998 -104.0037
v  -85.6443 0.0998 -104.0037
v  -85.6171 0.0004 -103.4538
v  -87.0228 -0.0308 -102.9268
v  -85.5877 -0.0308 -102.9268
v  -86.9873 0.0063 -102.4193
v  -85.5558 0.0063 -102.4193
v  -90.0496 0.2672 -104.5797
v  -90.0762 0.4706 -105.1689
v  -88.5804 0.2672 -104.5797
v  -88.6078 0.4706 -105.1689
v  -90.1298 0.8564 -106.3357
v  -90.1026 0.6777 -105.7585
v  -88.6633 0.8564 -106.3357
v  -88.6351 0.6777 -105.7585
v  -87.1664 0.6777 -105.7585
v  -87.1937 0.8564 -106.3357
v  -85.7415 0.8564 -106.3357
v  -85.7169 0.6777 -105.7585
v  -87.1400 0.4706 -105.1689
v  -85.6932 0.4706 -105.1689
v  -87.1135 0.2672 -104.5797
v  -85.6693 0.2672 -104.5797
v  -90.1591 0.9746 -106.8875
v  -90.1912 1.0329 -107.4301
v  -88.6935 0.9746 -106.8875
v  -88.7267 1.0329 -107.4301
v  -90.2681 0.9732 -108.5524
v  -90.2272 1.0322 -107.9797
v  -88.8061 0.9732 -108.5524
v  -88.7639 1.0322 -107.9797
v  -87.2911 1.0322 -107.9797
v  -87.3319 0.9732 -108.5524
v  -85.8659 0.9732 -108.5524
v  -85.8291 1.0322 -107.9797
v  -87.2551 1.0329 -107.4301
v  -85.7967 1.0329 -107.4301
v  -87.2229 0.9746 -106.8875
v  -85.7678 0.9746 -106.8875
v  -90.3146 0.8567 -109.1645
v  -90.3651 0.7011 -109.8043
v  -88.8542 0.8567 -109.1645
v  -88.9064 0.7011 -109.8043
v  -90.4704 0.3472 -111.1219
v  -90.4176 0.5251 -110.4606
v  -89.0151 0.3472 -111.1219
v  -88.9606 0.5251 -110.4606
v  -87.4815 0.5251 -110.4606
v  -87.5342 0.3472 -111.1219
v  -86.0480 0.3472 -111.1219
v  -86.0005 0.5251 -110.4606
v  -87.4289 0.7011 -109.8043
v  -85.9532 0.7011 -109.8043
v  -87.3785 0.8567 -109.1645
v  -85.9078 0.8567 -109.1645
v  -90.5215 0.1860 -111.7767
v  -90.5693 0.0635 -112.4146
v  -89.0680 0.1860 -111.7767
v  -89.1174 0.0635 -112.4146
v  -90.6481 0.0241 -113.5976
v  -90.6121 0.0022 -113.0251
v  -89.1988 0.0241 -113.5976
v  -89.1616 0.0021 -113.0251
v  -87.6759 0.0022 -113.0251
v  -87.7120 0.0241 -113.5976
v  -86.2080 0.0241 -113.5976
v  -86.1755 0.0022 -113.0251
v  -87.6331 0.0635 -112.4146
v  -86.1370 0.0635 -112.4146
v  -87.5853 0.1860 -111.7767
v  -86.0940 0.1860 -111.7767
v  -90.6758 0.1515 -114.1218
v  -90.6959 0.3536 -114.5963
v  -89.2274 0.1515 -114.1218
v  -89.2482 0.3536 -114.5963
v  -90.7167 0.8578 -115.3912
v  -90.7092 0.5993 -115.0199
v  -89.2697 0.8578 -115.3912
v  -89.2620 0.5993 -115.0199
v  -87.7731 0.5993 -115.0199
v  -87.7805 0.8578 -115.3912
v  -86.2697 0.8578 -115.3912
v  -86.2629 0.5993 -115.0199
v  -87.7597 0.3536 -114.5963
v  -86.2509 0.3536 -114.5963
v  -87.7396 0.1515 -114.1218
v  -86.2328 0.1515 -114.1218
v  -90.7191 1.0982 -115.7091
v  -90.7178 1.3270 -115.9868
v  -89.2722 1.0982 -115.7091
v  -89.2708 1.3270 -115.9868
v  -90.7092 1.7756 -116.4753
v  -90.7141 1.5506 -116.2378
v  -89.2619 1.7756 -116.4753
v  -89.2670 1.5506 -116.2378
v  -87.7779 1.5506 -116.2378
v  -87.7730 1.7756 -116.4753
v  -86.2629 1.7756 -116.4753
v  -86.2673 1.5506 -116.2378
v  -87.7816 1.3270 -115.9868
v  -86.2707 1.3270 -115.9868
v  -87.7830 1.0982 -115.7091
v  -86.2718 1.0982 -115.7091
v  -90.7045 2.0083 -116.7128
v  -90.7007 2.2484 -116.9495
v  -89.2571 2.0083 -116.7128
v  -89.2531 2.2484 -116.9495
v  -90.6983 2.7481 -117.4181
v  -90.6984 2.4951 -117.1848
v  -89.2507 2.7481 -117.4181
v  -89.2508 2.4951 -117.1848
v  -87.7622 2.4951 -117.1848
v  -87.7621 2.7481 -117.4181
v  -86.2531 2.7481 -117.4181
v  -86.2532 2.4951 -117.1848
v  -87.7645 2.2484 -116.9495
v  -86.2552 2.2484 -116.9495
v  -87.7683 2.0083 -116.7128
v  -86.2587 2.0083 -116.7128
v  -90.7011 3.0067 -117.6485
v  -90.7061 3.2725 -117.8780
v  -89.2536 3.0067 -117.6485
v  -89.2587 3.2725 -117.8780
v  -90.7198 3.8313 -118.3414
v  -90.7126 3.5468 -118.1084
v  -89.2729 3.8313 -118.3414
v  -89.2654 3.5468 -118.1084
v  -87.7764 3.5468 -118.1084
v  -87.7836 3.8312 -118.3413
v  -86.2724 3.8312 -118.3413
v  -86.2659 3.5468 -118.1084
v  -87.7699 3.2725 -117.8780
v  -86.2601 3.2725 -117.8780
v  -87.7649 3.0067 -117.6485
v  -86.2556 3.0067 -117.6485
v  -90.7270 4.1273 -118.5789
v  -90.7330 4.4402 -118.8144
v  -89.2803 4.1272 -118.5788
v  -89.2865 4.4400 -118.8142
v  -90.7363 5.1374 -119.2538
v  -90.7365 4.7751 -119.0415
v  -89.2899 5.1372 -119.2537
v  -89.2902 4.7749 -119.0413
v  -87.8004 4.7747 -119.0412
v  -87.8001 5.1370 -119.2535
v  -86.2873 5.1369 -119.2534
v  -86.2875 4.7746 -119.0411
v  -87.7968 4.4399 -118.8141
v  -86.2843 4.4398 -118.8140
v  -87.7908 4.1271 -118.5787
v  -86.2789 4.1271 -118.5786
v  -90.7311 5.5324 -119.4450
v  -90.7209 5.9556 -119.6073
v  -89.2845 5.5323 -119.4448
v  -89.2741 5.9555 -119.6072
v  -90.6865 6.8689 -119.8155
v  -90.7061 6.4026 -119.7334
v  -89.2385 6.8688 -119.8155
v  -89.2587 6.4025 -119.7333
v  -87.7699 6.4024 -119.7332
v  -87.7504 6.8688 -119.8154
v  -86.2425 6.8688 -119.8154
v  -86.2601 6.4023 -119.7332
v  -87.7848 5.9554 -119.6071
v  -86.2735 5.9552 -119.6070
v  -87.7949 5.5321 -119.4447
v  -86.2826 5.5319 -119.4445
v  -90.6625 7.3501 -119.8462
v  -90.6343 7.8455 -119.8268
v  -89.2137 7.3500 -119.8462
v  -89.1845 7.8455 -119.8268
v  -90.5662 8.8772 -119.6441
v  -90.6021 8.3548 -119.7590
v  -89.1141 8.8772 -119.6441
v  -89.1512 8.3548 -119.7590
v  -87.6659 8.3548 -119.7590
v  -87.6300 8.8772 -119.6441
v  -86.1342 8.8772 -119.6441
v  -86.1665 8.3548 -119.7590
v  -87.6981 7.8455 -119.8268
v  -86.1955 7.8455 -119.8268
v  -87.7263 7.3500 -119.8461
v  -86.2209 7.3500 -119.8461
v  -90.5269 9.4122 -119.4836
v  -90.4927 9.9567 -119.2889
v  -89.0735 9.4122 -119.4836
v  -89.0316 9.9567 -119.2889
v  -90.4588 11.0616 -118.8425
v  -90.4723 10.5076 -119.0714
v  -88.9499 11.0616 -118.8425
v  -88.9905 10.5076 -119.0714
v  -87.4953 10.5076 -119.0714
v  -87.4409 11.0616 -118.8425
v  -85.9320 11.0616 -118.8425
v  -86.0068 10.5070 -119.0668
v  -87.5464 9.9567 -119.2889
v  -86.0574 9.9566 -119.2877
v  -87.5907 9.4122 -119.4836
v  -86.0988 9.4122 -119.4836
v  -90.3984 7.6254 -115.1291
v  -90.4588 7.2181 -115.6145
v  -91.9677 7.2809 -115.6672
v  -91.9074 7.6882 -115.1817
v  -90.3388 8.0288 -114.6483
v  -91.8477 8.0916 -114.7010
v  -88.8895 7.5627 -115.0764
v  -88.9499 7.1553 -115.5619
v  -88.8298 7.9660 -114.5957
v  -90.2245 8.8077 -113.7201
v  -90.2806 8.4242 -114.1771
v  -91.7895 8.4870 -114.2298
v  -91.7335 8.8705 -113.7728
v  -88.7156 8.7449 -113.6674
v  -88.7716 8.3615 -114.1244
v  -87.2627 8.2987 -114.0718
v  -87.2066 8.6822 -113.6148
v  -85.6977 8.6194 -113.5621
v  -85.7537 8.2359 -114.0191
v  -87.3209 7.9033 -114.5430
v  -85.8120 7.8405 -114.4903
v  -87.4409 7.0926 -115.5092
v  -87.3805 7.4999 -115.0237
v  -85.8716 7.4371 -114.9711
v  -85.9320 7.0298 -115.4565
v  -90.1713 9.1753 -113.2820
v  -91.6803 9.2380 -113.3347
v  -90.1200 9.5336 -112.8550
v  -91.6289 9.5964 -112.9077
v  -88.6624 9.1125 -113.2294
v  -88.6110 9.4708 -112.8023
v  -90.0693 9.8894 -112.4310
v  -91.5782 9.9521 -112.4837
v  -88.5603 9.8266 -112.3784
v  -87.0514 9.7638 -112.3257
v  -85.5424 9.7011 -112.2730
v  -87.1021 9.4081 -112.7497
v  -85.5931 9.3453 -112.6970
v  -87.1535 9.0497 -113.1767
v  -85.6445 8.9870 -113.1240
v  -84.1331 14.9861 -115.2272
v  -84.1726 14.6449 -115.6936
v  -85.4913 14.6449 -115.6936
v  -85.4386 14.9861 -115.2272
v  -84.0928 15.3135 -114.7342
v  -85.3849 15.3135 -114.7342
v  -82.8276 14.9861 -115.2272
v  -82.8539 14.6449 -115.6936
v  -82.8007 15.3135 -114.7342
v  -84.0113 15.9105 -113.6820
v  -84.0521 15.6230 -114.2180
v  -85.3306 15.6230 -114.2180
v  -85.2762 15.9105 -113.6820
v  -82.7464 15.9105 -113.6820
v  -82.7736 15.6230 -114.2180
v  -81.4950 15.6230 -114.2180
v  -81.4814 15.9105 -113.6820
v  -80.2165 15.9105 -113.6820
v  -80.2165 15.6230 -114.2180
v  -81.5086 15.3135 -114.7342
v  -80.2165 15.3135 -114.7342
v  -81.5352 14.6449 -115.6936
v  -81.5220 14.9861 -115.2272
v  -80.2165 14.9861 -115.2272
v  -80.2165 14.6449 -115.6936
v  -83.9708 16.1720 -113.1297
v  -85.2222 16.1720 -113.1297
v  -83.9311 16.4043 -112.5699
v  -85.1693 16.4043 -112.5699
v  -82.7194 16.1720 -113.1297
v  -82.6929 16.4043 -112.5699
v  -83.8564 16.7690 -111.4632
v  -83.8928 16.6043 -112.0115
v  -85.1183 16.6043 -112.0115
v  -85.0697 16.7690 -111.4632
v  -82.6431 16.7690 -111.4632
v  -82.6674 16.6043 -112.0115
v  -81.4419 16.6043 -112.0115
v  -81.4298 16.7690 -111.4632
v  -80.2165 16.7690 -111.4632
v  -80.2165 16.6043 -112.0115
v  -81.4547 16.4043 -112.5699
v  -80.2165 16.4043 -112.5699
v  -81.4679 16.1720 -113.1297
v  -80.2165 16.1720 -113.1297
v  -83.8224 16.8953 -110.9341
v  -85.0244 16.8953 -110.9341
v  -83.7909 16.9813 -110.4167
v  -84.9824 16.9813 -110.4167
v  -82.6204 16.8953 -110.9341
v  -82.5994 16.9813 -110.4167
v  -83.7354 17.0259 -109.3882
v  -83.7619 17.0255 -109.9038
v  -84.9436 17.0255 -109.9038
v  -84.9083 17.0259 -109.3882
v  -82.5624 17.0259 -109.3882
v  -82.5801 17.0255 -109.9038
v  -81.3983 17.0255 -109.9038
v  -81.3894 17.0259 -109.3882
v  -80.2165 17.0259 -109.3882
v  -80.2165 17.0255 -109.9038
v  -81.4079 16.9813 -110.4167
v  -80.2165 16.9813 -110.4167
v  -81.4185 16.8953 -110.9341
v  -80.2165 16.8953 -110.9341
v  -83.7114 16.9808 -108.8624
v  -84.8764 16.9808 -108.8624
v  -83.6901 16.8862 -108.3382
v  -84.8480 16.8862 -108.3382
v  -82.5464 16.9808 -108.8624
v  -82.5322 16.8862 -108.3382
v  -83.6558 16.5320 -107.3412
v  -83.6715 16.7380 -107.8273
v  -84.8232 16.7380 -107.8273
v  -84.8022 16.5320 -107.3412
v  -82.5093 16.5320 -107.3412
v  -82.5198 16.7380 -107.8273
v  -81.3682 16.7380 -107.8273
v  -81.3629 16.5320 -107.3412
v  -80.2165 16.5320 -107.3412
v  -80.2165 16.7380 -107.8273
v  -81.3743 16.8862 -108.3382
v  -80.2165 16.8862 -108.3382
v  -81.3814 16.9808 -108.8624
v  -80.2165 16.9808 -108.8624
v  -83.6429 16.2641 -106.8917
v  -84.7850 16.2641 -106.8917
v  -83.6325 15.9551 -106.4791
v  -84.7708 15.9497 -106.4696
v  -82.5008 16.2641 -106.8917
v  -82.4941 15.9592 -106.4863
v  -83.6312 15.3202 -105.8057
v  -83.6241 15.6260 -106.1040
v  -84.7585 15.6045 -106.0658
v  -82.4895 15.3437 -105.8481
v  -82.4892 15.6422 -106.1326
v  -81.3531 15.6476 -106.1422
v  -81.3520 15.3515 -105.8622
v  -80.2165 15.3515 -105.8622
v  -80.2165 15.6476 -106.1422
v  -81.3553 15.9605 -106.4887
v  -80.2165 15.9605 -106.4887
v  -81.3586 16.2641 -106.8917
v  -80.2165 16.2641 -106.8917
v  -83.6673 15.0809 -105.6237
v  -83.7062 14.8727 -105.5014
v  -82.4985 15.0942 -105.6499
v  -82.5093 14.8721 -105.5047
v  -83.7256 14.4327 -105.2519
v  -83.7219 14.6597 -105.3822
v  -82.5173 14.4309 -105.2504
v  -82.5147 14.6560 -105.3792
v  -81.3540 14.6547 -105.3781
v  -81.3553 14.4303 -105.2499
v  -80.2165 14.4303 -105.2499
v  -80.2165 14.6547 -105.3781
v  -81.3528 14.8719 -105.5058
v  -80.2165 14.8719 -105.5058
v  -81.3520 15.0986 -105.6586
v  -80.2165 15.0986 -105.6586
v  -83.7287 14.1826 -105.0962
v  -83.7309 13.9107 -104.9080
v  -82.5195 14.1819 -105.0956
v  -82.5210 13.9106 -104.9078
v  -83.7311 13.3071 -104.4057
v  -83.7318 13.6185 -104.6802
v  -82.5212 13.3071 -104.4057
v  -82.5217 13.6185 -104.6802
v  -81.3576 13.6185 -104.6802
v  -81.3574 13.3071 -104.4057
v  -80.2165 13.3071 -104.4057
v  -80.2165 13.6185 -104.6802
v  -81.3573 13.9105 -104.9078
v  -80.2165 13.9105 -104.9078
v  -81.3565 14.1816 -105.0954
v  -80.2165 14.1816 -105.0954
v  -83.7286 12.9782 -104.0774
v  -83.7245 12.6310 -103.6993
v  -82.5195 12.9782 -104.0774
v  -82.5165 12.6310 -103.6993
v  -83.7120 11.8799 -102.8092
v  -83.7188 12.2651 -103.2753
v  -82.5077 11.8799 -102.8092
v  -82.5126 12.2651 -103.2753
v  -81.3529 12.2651 -103.2753
v  -81.3504 11.8799 -102.8092
v  -80.2165 11.8799 -102.8092
v  -80.2165 12.2651 -103.2753
v  -81.3549 12.6310 -103.6993
v  -80.2165 12.6310 -103.6993
v  -81.3564 12.9782 -104.0774
v  -80.2165 12.9782 -104.0774
v  -83.7041 11.4748 -102.3051
v  -83.6960 11.0529 -101.7843
v  -82.5022 11.4748 -102.3051
v  -82.4965 11.0529 -101.7843
v  -83.6833 10.1709 -100.7795
v  -83.6888 10.6173 -101.2686
v  -82.4875 10.1709 -100.7795
v  -82.4914 10.6173 -101.2686
v  -81.3420 10.6173 -101.2686
v  -81.3400 10.1709 -100.7795
v  -80.2165 10.1709 -100.7795
v  -80.2165 10.6173 -101.2686
v  -81.3446 11.0529 -101.7843
v  -80.2165 11.0529 -101.7843
v  -81.3475 11.4748 -102.3051
v  -80.2165 11.4748 -102.3051
v  -83.6804 9.7169 -100.3385
v  -83.6802 9.2513 -99.9430
v  -82.4855 9.7169 -100.3385
v  -82.4853 9.2513 -99.9430
v  -83.6878 8.2696 -99.2782
v  -83.6826 8.7702 -99.5904
v  -82.4907 8.2696 -99.2782
v  -82.4871 8.7702 -99.5904
v  -81.3397 8.7702 -99.5904
v  -81.3416 8.2696 -99.2782
v  -80.2165 8.2696 -99.2782
v  -80.2165 8.7702 -99.5904
v  -81.3388 9.2513 -99.9430
v  -80.2165 9.2513 -99.9430
v  -81.3389 9.7169 -100.3385
v  -80.2165 9.7169 -100.3385
v  -83.6958 7.7455 -99.0035
v  -83.7071 7.1953 -98.7772
v  -82.4963 7.7455 -99.0035
v  -82.5043 7.1953 -98.7772
v  -83.7424 6.0052 -98.5119
v  -83.7224 6.6161 -98.6098
v  -82.5291 6.0052 -98.5119
v  -82.5151 6.6161 -98.6098
v  -81.3542 6.6161 -98.6098
v  -81.3614 6.0052 -98.5119
v  -80.2165 6.0052 -98.5119
v  -80.2165 6.6161 -98.6098
v  -81.3486 7.1953 -98.7772
v  -80.2165 7.1953 -98.7772
v  -81.3445 7.7455 -99.0035
v  -80.2165 7.7455 -99.0035
v  -83.7676 5.3597 -98.4942
v  -83.7971 4.6967 -98.5511
v  -82.5469 5.3597 -98.4942
v  -82.5677 4.6967 -98.5511
v  -83.8652 3.3856 -98.8664
v  -83.8299 4.0330 -98.6770
v  -82.6157 3.3856 -98.8664
v  -82.5908 4.0330 -98.6770
v  -81.3933 4.0330 -98.6770
v  -81.4061 3.3856 -98.8664
v  -80.2165 3.3856 -98.8664
v  -80.2165 4.0330 -98.6770
v  -81.3813 4.6967 -98.5511
v  -80.2165 4.6967 -98.5511
v  -81.3706 5.3597 -98.4942
v  -80.2165 5.3597 -98.4942
v  -83.9018 2.7715 -99.1138
v  -83.9393 2.2003 -99.4124
v  -82.6415 2.7715 -99.1138
v  -82.6679 2.2003 -99.4124
v  -84.0140 1.2256 -100.1367
v  -83.9769 1.6818 -99.7556
v  -82.7205 1.2256 -100.1367
v  -82.6944 1.6818 -99.7556
v  -81.4467 1.6818 -99.7556
v  -81.4602 1.2256 -100.1367
v  -80.2165 1.2256 -100.1367
v  -80.2165 1.6818 -99.7556
v  -81.4331 2.2003 -99.4124
v  -80.2165 2.2003 -99.4124
v  -81.4194 2.7715 -99.1138
v  -80.2165 2.7715 -99.1138
v  -84.0499 0.8414 -100.5491
v  -84.0843 0.5282 -100.9882
v  -82.7458 0.8414 -100.5491
v  -82.7701 0.5282 -100.9882
v  -84.1476 0.1116 -101.9279
v  -84.1170 0.2853 -101.4493
v  -82.8146 0.1116 -101.9279
v  -82.7931 0.2853 -101.4493
v  -81.4977 0.2853 -101.4493
v  -81.5088 0.1116 -101.9279
v  -80.2165 0.1116 -101.9279
v  -80.2165 0.2853 -101.4493
v  -81.4858 0.5282 -100.9882
v  -80.2165 0.5282 -100.9882
v  -81.4733 0.8414 -100.5491
v  -80.2165 0.8414 -100.5491
v  -84.1758 0.0063 -102.4193
v  -84.2018 -0.0308 -102.9268
v  -82.8345 0.0063 -102.4193
v  -82.8529 -0.0308 -102.9268
v  -84.2479 0.0998 -104.0037
v  -84.2258 0.0004 -103.4538
v  -82.8853 0.0998 -104.0037
v  -82.8698 0.0004 -103.4538
v  -81.5372 0.0004 -103.4538
v  -81.5453 0.0998 -104.0037
v  -80.2165 0.0998 -104.0037
v  -80.2165 0.0004 -103.4538
v  -81.5285 -0.0308 -102.9268
v  -80.2165 -0.0308 -102.9268
v  -81.5191 0.0063 -102.4193
v  -80.2165 0.0063 -102.4193
v  -84.2683 0.2672 -104.5797
v  -84.2878 0.4706 -105.1689
v  -82.8997 0.2672 -104.5797
v  -82.9134 0.4706 -105.1689
v  -84.3271 0.8564 -106.3357
v  -84.3071 0.6777 -105.7585
v  -82.9411 0.8564 -106.3357
v  -82.9271 0.6777 -105.7585
v  -81.5668 0.6777 -105.7585
v  -81.5741 0.8564 -106.3357
v  -80.2165 0.8564 -106.3357
v  -80.2165 0.6777 -105.7585
v  -81.5598 0.4706 -105.1689
v  -80.2165 0.4706 -105.1689
v  -81.5527 0.2672 -104.5797
v  -80.2165 0.2672 -104.5797
v  -84.3486 0.9746 -106.8875
v  -84.3721 1.0329 -107.4301
v  -82.9563 0.9746 -106.8875
v  -82.9729 1.0329 -107.4301
v  -84.4285 0.9732 -108.5524
v  -84.3986 1.0322 -107.9797
v  -83.0126 0.9732 -108.5524
v  -82.9915 1.0322 -107.9797
v  -81.6001 1.0322 -107.9797
v  -81.6109 0.9732 -108.5524
v  -80.2165 0.9732 -108.5524
v  -80.2165 1.0322 -107.9797
v  -81.5905 1.0329 -107.4301
v  -80.2165 1.0329 -107.4301
v  -81.5819 0.9746 -106.8875
v  -80.2165 0.9746 -106.8875
v  -84.4626 0.8567 -109.1645
v  -84.4996 0.7011 -109.8043
v  -83.0366 0.8567 -109.1645
v  -83.0627 0.7011 -109.8043
v  -84.5769 0.3472 -111.1219
v  -84.5382 0.5251 -110.4606
v  -83.1171 0.3472 -111.1219
v  -83.0898 0.5251 -110.4606
v  -81.6508 0.5251 -110.4606
v  -81.6649 0.3472 -111.1219
v  -80.2165 0.3472 -111.1219
v  -80.2165 0.5252 -110.4606
v  -81.6368 0.7011 -109.8043
v  -80.2165 0.7011 -109.8043
v  -81.6234 0.8567 -109.1645
v  -80.2165 0.8567 -109.1645
v  -84.6143 0.1860 -111.7767
v  -84.6494 0.0635 -112.4146
v  -83.1435 0.1860 -111.7767
v  -83.1682 0.0635 -112.4146
v  -84.7072 0.0241 -113.5976
v  -84.6808 0.0022 -113.0251
v  -83.2089 0.0241 -113.5976
v  -83.1903 0.0022 -113.0251
v  -81.7027 0.0022 -113.0251
v  -81.7123 0.0241 -113.5976
v  -80.2165 0.0241 -113.5976
v  -80.2165 0.0022 -113.0251
v  -81.6913 0.0635 -112.4146
v  -80.2165 0.0635 -112.4146
v  -81.6785 0.1860 -111.7767
v  -80.2165 0.1860 -111.7767
v  -84.7275 0.1515 -114.1218
v  -84.7422 0.3536 -114.5963
v  -83.2232 0.1515 -114.1218
v  -83.2336 0.3536 -114.5963
v  -84.7575 0.8578 -115.3912
v  -84.7520 0.5993 -115.0199
v  -83.2444 0.8578 -115.3912
v  -83.2405 0.5993 -115.0199
v  -81.7286 0.5993 -115.0199
v  -81.7306 0.8578 -115.3912
v  -80.2165 0.8578 -115.3912
v  -80.2165 0.5993 -115.0199
v  -81.7250 0.3536 -114.5963
v  -80.2165 0.3536 -114.5963
v  -81.7197 0.1515 -114.1218
v  -80.2165 0.1515 -114.1218
v  -84.7593 1.0982 -115.7091
v  -84.7583 1.3270 -115.9868
v  -83.2456 1.0982 -115.7091
v  -83.2449 1.3270 -115.9868
v  -84.7520 1.7756 -116.4753
v  -84.7556 1.5506 -116.2378
v  -83.2405 1.7756 -116.4753
v  -83.2430 1.5506 -116.2378
v  -81.7299 1.5506 -116.2378
v  -81.7286 1.7756 -116.4753
v  -80.2165 1.7756 -116.4753
v  -80.2165 1.5506 -116.2378
v  -81.7309 1.3270 -115.9868
v  -80.2165 1.3270 -115.9868
v  -81.7312 1.0982 -115.7091
v  -80.2165 1.0982 -115.7091
v  -84.7486 2.0083 -116.7128
v  -84.7457 2.2484 -116.9495
v  -83.2381 2.0083 -116.7128
v  -83.2361 2.2484 -116.9495
v  -84.7440 2.7481 -117.4181
v  -84.7441 2.4951 -117.1848
v  -83.2349 2.7481 -117.4181
v  -83.2349 2.4951 -117.1848
v  -81.7257 2.4951 -117.1848
v  -81.7257 2.7481 -117.4181
v  -80.2165 2.7481 -117.4181
v  -80.2165 2.4951 -117.1848
v  -81.7263 2.2484 -116.9495
v  -80.2165 2.2484 -116.9495
v  -81.7273 2.0083 -116.7128
v  -80.2165 2.0083 -116.7128
v  -84.7461 3.0067 -117.6485
v  -84.7497 3.2725 -117.8780
v  -83.2363 3.0067 -117.6485
v  -83.2389 3.2725 -117.8780
v  -84.7597 3.8311 -118.3413
v  -84.7545 3.5468 -118.1083
v  -83.2459 3.8311 -118.3413
v  -83.2422 3.5468 -118.1083
v  -81.7295 3.5468 -118.1083
v  -81.7314 3.8311 -118.3413
v  -80.2165 3.8311 -118.3413
v  -80.2165 3.5468 -118.1083
v  -81.7278 3.2725 -117.8780
v  -80.2165 3.2725 -117.8780
v  -81.7264 3.0067 -117.6485
v  -80.2165 3.0067 -117.6485
v  -84.7651 4.1270 -118.5786
v  -84.7695 4.4397 -118.8140
v  -83.2497 4.1270 -118.5786
v  -83.2528 4.4396 -118.8139
v  -84.7719 5.1368 -119.2533
v  -84.7720 4.7745 -119.0410
v  -83.2545 5.1367 -119.2532
v  -83.2546 4.7745 -119.0409
v  -81.7359 4.7744 -119.0409
v  -81.7358 5.1367 -119.2532
v  -80.2165 5.1367 -119.2532
v  -80.2165 4.7744 -119.0409
v  -81.7349 4.4396 -118.8139
v  -80.2165 4.4396 -118.8139
v  -81.7333 4.1270 -118.5786
v  -80.2165 4.1270 -118.5786
v  -84.7680 5.5318 -119.4445
v  -84.7606 5.9552 -119.6069
v  -83.2518 5.5318 -119.4444
v  -83.2465 5.9551 -119.6069
v  -84.7354 6.8687 -119.8154
v  -84.7497 6.4023 -119.7331
v  -83.2288 6.8687 -119.8154
v  -83.2389 6.4023 -119.7331
v  -81.7277 6.4023 -119.7331
v  -81.7225 6.8687 -119.8154
v  -80.2165 6.8687 -119.8154
v  -80.2165 6.4023 -119.7331
v  -81.7317 5.9551 -119.6069
v  -80.2165 5.9551 -119.6069
v  -81.7344 5.5318 -119.4444
v  -80.2165 5.5318 -119.4444
v  -84.7178 7.3500 -119.8461
v  -84.6970 7.8455 -119.8268
v  -83.2164 7.3500 -119.8461
v  -83.2018 7.8455 -119.8268
v  -84.6471 8.8772 -119.6441
v  -84.6734 8.3548 -119.7590
v  -83.1666 8.8772 -119.6441
v  -83.1851 8.3548 -119.7590
v  -81.7000 8.3548 -119.7590
v  -81.6904 8.8772 -119.6441
v  -80.2165 8.8772 -119.6441
v  -80.2165 8.3548 -119.7590
v  -81.7086 7.8455 -119.8268
v  -80.2165 7.8455 -119.8268
v  -81.7161 7.3500 -119.8461
v  -80.2165 7.3500 -119.8461
v  -84.6183 9.4122 -119.4836
v  -84.5849 9.9562 -119.2843
v  -83.1463 9.4122 -119.4836
v  -83.1237 9.9558 -119.2808
v  -84.5012 11.0539 -118.7777
v  -84.5448 10.5054 -119.0529
v  -83.0712 11.0514 -118.7568
v  -83.0984 10.5037 -119.0390
v  -81.6564 10.5032 -119.0343
v  -81.6433 11.0506 -118.7499
v  -80.2165 11.0506 -118.7499
v  -80.2165 10.5032 -119.0343
v  -81.6686 9.9557 -119.2796
v  -80.2165 9.9557 -119.2796
v  -81.6800 9.4122 -119.4836
v  -80.2165 9.4122 -119.4836
v  -84.4570 11.5958 -118.4468
v  -85.8716 11.5980 -118.4654
v  -84.4129 12.1231 -118.0827
v  -85.8120 12.1237 -118.0873
v  -83.0428 11.5941 -118.4329
v  -83.0139 12.1227 -118.0792
v  -84.3274 13.1004 -117.3250
v  -84.3694 12.6281 -117.7075
v  -85.7537 12.6281 -117.7075
v  -85.6977 13.1004 -117.3250
v  -82.9571 13.1004 -117.3250
v  -82.9851 12.6281 -117.7075
v  -81.6008 12.6281 -117.7075
v  -81.5868 13.1004 -117.3250
v  -80.2165 13.1004 -117.3250
v  -80.2165 12.6281 -117.7075
v  -81.6151 12.1226 -118.0781
v  -80.2165 12.1226 -118.0781
v  -81.6294 11.5936 -118.4283
v  -80.2165 11.5936 -118.4283
v  -84.2875 13.5300 -116.9390
v  -85.6445 13.5300 -116.9390
v  -84.2490 13.9251 -116.5429
v  -85.5931 13.9251 -116.5429
v  -82.9305 13.5300 -116.9390
v  -82.9048 13.9251 -116.5429
v  -84.2110 14.2940 -116.1299
v  -85.5424 14.2940 -116.1299
v  -82.8795 14.2940 -116.1299
v  -81.5480 14.2940 -116.1299
v  -80.2165 14.2940 -116.1299
v  -81.5606 13.9251 -116.5429
v  -80.2165 13.9251 -116.5429
v  -81.5735 13.5300 -116.9390
v  -80.2165 13.5300 -116.9390
v  -80.0700 1.4047 -103.1267
v  -80.0700 1.1241 -102.7500
v  -80.0700 0.3437 -103.9682
v  -80.0700 0.5107 -104.5312
v  -80.0700 1.7161 -103.5341
v  -80.0700 0.7135 -105.1146
v  -80.0700 2.2988 -101.7223
v  -80.0699 1.9045 -101.5317
v  -80.0700 2.7187 -101.9536
v  -80.0700 2.3191 -104.4061
v  -80.0700 2.0303 -103.9634
v  -80.0700 0.9203 -105.7053
v  -80.0700 1.0990 -106.2899
v  -80.0699 3.5392 -102.5222
v  -80.0700 3.1402 -102.2215
v  -80.0700 4.2502 -100.4796
v  -80.0700 4.7593 -100.6384
v  -80.0700 5.9794 -98.7546
v  -80.0700 5.3602 -98.7378
v  -80.0700 3.7213 -100.3730
v  -80.0700 4.7239 -98.7925
v  -80.0700 2.6850 -100.3135
v  -80.0700 3.1928 -100.3178
v  -80.0700 4.0869 -98.9134
v  -80.0700 3.4654 -99.0952
v  -104.9431 15.6517 -106.2749
v  -104.9431 15.3851 -106.0116
v  -104.9431 15.8883 -106.5475
v  -104.9431 15.5360 -106.3574
v  -104.9431 15.2726 -106.1448
v  -104.9431 15.7357 -106.5315
v  -104.9431 16.1951 -107.1641
v  -104.9431 16.0651 -106.8385
v  -104.9431 15.8141 -106.9417
v  -104.9431 15.7779 -106.6950
v  -104.9431 15.4710 -106.5023
v  -104.9431 15.4233 -106.6948
v  -104.9431 15.0276 -106.4356
v  -104.9431 15.1543 -106.2850
v  -104.9431 16.2915 -107.5401
v  -104.9431 16.3524 -107.9545
v  -104.9431 15.8274 -107.2349
v  -104.9431 15.8142 -107.5662
v  -104.9431 16.3595 -108.8487
v  -104.9431 16.3757 -108.3947
v  -104.9431 15.6931 -108.3092
v  -104.9431 15.7706 -107.9271
v  -104.9431 15.1655 -107.4594
v  -104.9431 15.0268 -107.7697
v  -104.9431 14.3604 -107.2302
v  -104.9431 14.5605 -106.9918
v  -104.9431 15.2750 -107.1754
v  -104.9431 14.7353 -106.7835
v  -104.9431 15.3594 -106.9199
v  -104.9431 14.8894 -106.5999
v  -104.9431 16.3017 -109.3039
v  -104.9431 16.2039 -109.7657
v  -104.9431 15.5779 -108.7041
v  -104.9431 15.4265 -109.1147
v  -104.9431 15.8950 -110.7291
v  -104.9431 16.0678 -110.2390
v  -104.9431 15.0209 -109.9949
v  -104.9431 15.2404 -109.5439
v  -104.9431 14.4129 -108.8489
v  -104.9431 14.1468 -109.2607
v  -104.9431 13.2727 -108.5265
v  -104.9431 13.5854 -108.1538
v  -104.9431 14.6491 -108.4636
v  -104.9431 13.8717 -107.8126
v  -104.9431 14.8542 -108.1042
v  -104.9431 14.1304 -107.5043
v  -104.9431 15.6869 -111.2409
v  -104.9431 15.4475 -111.7663
v  -104.9431 14.7695 -110.4704
v  -104.9431 14.4907 -110.9627
v  -104.9431 14.8892 -112.8243
v  -104.9431 15.1803 -112.2969
v  -104.9431 13.8680 -111.9667
v  -104.9431 14.1887 -111.4641
v  -104.9431 13.1971 -110.6313
v  -104.9431 12.8468 -111.1090
v  -104.9431 11.8255 -110.2514
v  -104.9431 12.2055 -109.7985
v  -104.9431 13.5339 -110.1592
v  -104.9431 12.5771 -109.3556
v  -104.9431 13.8521 -109.6999
v  -104.9431 12.9347 -108.9293
v  -104.9431 14.5779 -113.3403
v  -104.9431 14.2503 -113.8413
v  -104.9431 13.5329 -112.4627
v  -104.9431 13.1871 -112.9485
v  -104.9431 13.5617 -114.7839
v  -104.9431 13.9103 -114.3237
v  -104.9431 12.4785 -113.8743
v  -104.9431 12.8344 -113.4202
v  -104.9431 11.7586 -112.5168
v  -104.9431 11.3954 -112.9647
v  -104.9431 10.3122 -112.0550
v  -104.9431 10.6828 -111.6133
v  -104.9431 12.1240 -112.0556
v  -104.9431 11.0608 -111.1628
v  -104.9431 12.4879 -111.5851
v  -104.9431 11.4428 -110.7075
v  -104.9431 13.2086 -115.2184
v  -104.9431 12.8430 -115.6341
v  -104.9431 12.1232 -114.3069
v  -104.9431 11.7608 -114.7254
v  -104.9431 12.0430 -116.4370
v  -104.9431 12.4570 -116.0380
v  -104.9431 10.9856 -115.5490
v  -104.9431 11.3841 -115.1370
v  -104.9431 10.3112 -114.2359
v  -104.9431 9.9281 -114.6610
v  -104.9431 8.8707 -113.7730
v  -104.9431 9.2383 -113.3349
v  -104.9431 10.6787 -113.8166
v  -104.9431 9.5966 -112.9079
v  -104.9431 11.0378 -113.3954
v  -104.9431 9.9523 -112.4839
v  -104.9431 11.5929 -116.8381
v  -104.9431 11.1157 -117.2408
v  -104.9431 10.5577 -115.9688
v  -104.9431 10.1078 -116.3943
v  -104.9431 10.1165 -118.0488
v  -104.9431 10.6206 -117.6445
v  -104.9431 9.1714 -117.2550
v  -104.9431 9.6432 -116.8237
v  -104.9431 8.6659 -116.0028
v  -104.9431 8.2263 -116.4612
v  -104.9431 7.2812 -115.6675
v  -104.9431 7.6885 -115.1820
v  -104.9431 9.0998 -115.5478
v  -104.9431 8.0919 -114.7013
v  -104.9431 9.5225 -115.0994
v  -104.9431 8.4873 -114.2300
v  -105.7436 10.1165 -118.0488
v  -105.7436 11.0616 -118.8425
v  -106.5441 10.1165 -118.0488
v  -106.5441 11.0616 -118.8425
v  -105.7436 9.1714 -117.2550
v  -106.5441 9.1714 -117.2550
v  -108.1452 10.1165 -118.0488
v  -107.3447 10.1165 -118.0488
v  -107.3447 11.0616 -118.8425
v  -108.1452 11.0616 -118.8425
v  -108.1452 9.1714 -117.2550
v  -107.3447 9.1714 -117.2550
v  -107.3447 8.2263 -116.4612
v  -108.1452 8.2263 -116.4612
v  -108.1452 7.2812 -115.6675
v  -107.3447 7.2812 -115.6675
v  -106.5441 8.2263 -116.4612
v  -106.5441 7.2812 -115.6675
v  -105.7436 8.2263 -116.4612
v  -105.7436 7.2812 -115.6675
v  -91.4744 13.9102 -114.3237
v  -91.5271 13.5617 -114.7839
v  -91.4207 14.2503 -113.8413
v  -91.4744 12.8343 -113.4202
v  -91.5271 12.4784 -113.8742
v  -91.4207 13.1870 -112.9484
v  -91.3120 14.8892 -112.8243
v  -91.3664 14.5779 -113.3403
v  -91.3120 13.8679 -111.9666
v  -91.3664 13.5328 -112.4627
v  -91.3664 12.4877 -111.5850
v  -91.3120 12.8467 -111.1089
v  -91.4207 12.1238 -112.0555
v  -91.5271 11.3952 -112.9645
v  -91.4744 11.7585 -112.5167
v  -91.2580 15.1803 -112.2969
v  -91.2051 15.4475 -111.7663
v  -91.2580 14.1887 -111.4640
v  -91.2051 14.4906 -110.9627
v  -91.1055 15.8949 -110.7290
v  -91.1540 15.6869 -111.2409
v  -91.1055 15.0208 -109.9948
v  -91.1540 14.7695 -110.4704
v  -91.1540 13.8521 -109.6998
v  -91.1055 14.1467 -109.2607
v  -91.2051 13.5338 -110.1591
v  -91.2580 13.1970 -110.6312
v  -91.0601 16.0678 -110.2390
v  -91.0181 16.2034 -109.7663
v  -91.0601 15.2403 -109.5439
v  -91.0181 15.4255 -109.1158
v  -90.9441 16.3545 -108.8546
v  -90.9794 16.2997 -109.3063
v  -90.9441 15.6831 -108.3211
v  -90.9794 15.5739 -108.7088
v  -90.9794 14.8482 -108.1113
v  -90.9441 15.0117 -107.7875
v  -91.0181 14.6476 -108.4654
v  -91.0601 14.4129 -108.8488
v  -90.9121 16.3657 -108.4066
v  -90.8838 16.3368 -107.9731
v  -90.9121 15.7507 -107.9509
v  -90.8839 15.7830 -107.6034
v  -90.8391 16.1715 -107.1922
v  -90.8594 16.2709 -107.5647
v  -90.8397 15.7677 -106.9971
v  -90.8597 15.7865 -107.2837
v  -90.8594 15.2988 -106.9921
v  -90.8391 15.3557 -106.7753
v  -90.8838 15.2283 -107.2310
v  -90.9121 15.1356 -107.4951
v  -90.8232 16.0418 -106.8663
v  -90.8109 15.8652 -106.5751
v  -90.8243 15.7329 -106.7486
v  -90.8152 15.6962 -106.5786
v  -90.7943 15.3531 -106.0496
v  -90.8018 15.6251 -106.3067
v  -90.8066 15.2126 -106.2163
v  -90.8109 15.4869 -106.4159
v  -90.8232 15.4077 -106.5777
v  -90.8208 15.0744 -106.3802
v  -89.2853 15.2904 -105.9970
v  -87.7764 15.2276 -105.9443
v  -89.2976 15.1499 -106.1636
v  -87.7887 15.0871 -106.1109
v  -84.7585 15.1021 -105.8390
v  -86.2674 15.1648 -105.8916
v  -84.7708 14.9616 -106.0056
v  -86.2797 15.0244 -106.0583
v  -86.2940 14.8862 -106.2223
v  -84.7850 14.8234 -106.1696
v  -87.8029 14.9489 -106.2749
v  -89.3119 15.0117 -106.3276
v  -84.7661 15.4263 -106.1399
v  -84.7752 15.7135 -106.4478
v  -84.7752 15.2822 -106.2442
v  -84.7794 15.5262 -106.4360
v  -84.8034 16.0826 -107.1176
v  -84.7874 15.9267 -106.7698
v  -84.8040 15.6274 -106.8794
v  -84.7886 15.5780 -106.6185
v  -84.7874 15.2064 -106.4087
v  -84.8034 15.1609 -106.6118
v  -84.8237 16.1977 -107.5033
v  -84.8481 16.2714 -107.9182
v  -84.8239 15.6551 -107.1734
v  -84.8482 15.6560 -107.4968
v  -84.9083 16.2917 -108.8019
v  -84.8764 16.3030 -108.3540
v  -84.9083 15.5576 -108.2157
v  -84.8764 15.6251 -107.8455
v  -84.8764 14.9473 -107.3371
v  -84.9083 14.8234 -107.6295
v  -84.8481 15.0394 -107.0724
v  -84.8237 15.1079 -106.8319
v  -84.9436 16.2369 -109.2536
v  -84.9824 16.1407 -109.7136
v  -84.9436 15.4484 -108.6035
v  -84.9824 15.3000 -109.0105
v  -85.0697 15.8322 -110.6764
v  -85.0244 16.0051 -110.1863
v  -85.0697 14.8953 -109.8895
v  -85.0244 15.1148 -109.4386
v  -85.0244 14.2246 -108.6908
v  -85.0697 13.9585 -109.1027
v  -84.9824 14.4593 -108.3074
v  -84.9436 14.6599 -107.9533
v  -85.1183 15.6241 -111.1882
v  -85.1693 15.3847 -111.7136
v  -85.1183 14.6440 -110.3650
v  -85.1693 14.3651 -110.8574
v  -85.2762 14.8264 -112.7717
v  -85.2222 15.1175 -112.2442
v  -85.2762 13.7424 -111.8613
v  -85.2222 14.0631 -111.3587
v  -85.2222 13.0087 -110.4732
v  -85.2762 12.6584 -110.9509
v  -85.1693 13.3455 -110.0011
v  -85.1183 13.6638 -109.5418
v  -85.3306 14.5151 -113.2877
v  -85.3849 14.1875 -113.7886
v  -85.3306 13.4073 -112.3573
v  -85.3849 13.0615 -112.8431
v  -85.4913 13.4989 -114.7312
v  -85.4386 13.8475 -114.2710
v  -85.4913 12.3529 -113.7689
v  -85.4386 12.7088 -113.3148
v  -85.4386 11.5702 -112.3587
v  -85.4913 11.2069 -112.8065
v  -85.3849 11.9355 -111.8975
v  -85.3306 12.2995 -111.4270
v  -85.5424 13.1458 -115.1657
v  -85.5931 12.7801 -115.5814
v  -85.5424 11.9975 -114.2015
v  -85.5931 11.6352 -114.6199
v  -85.6977 11.9801 -116.3843
v  -85.6445 12.3942 -115.9853
v  -85.6977 10.8599 -115.4436
v  -85.6445 11.2585 -115.0315
v  -85.6445 10.1227 -114.0778
v  -85.6977 9.7397 -114.5028
v  -85.5931 10.4903 -113.6585
v  -85.5424 10.8493 -113.2373
v  -85.7537 11.5300 -116.7854
v  -85.8120 11.0529 -117.1881
v  -85.7537 10.4320 -115.8633
v  -85.8120 9.9821 -116.2888
v  -85.9320 10.0536 -117.9960
v  -85.8716 10.5578 -117.5918
v  -85.9320 9.0457 -117.1495
v  -85.8716 9.5176 -116.7182
v  -85.8716 8.4774 -115.8446
v  -85.9320 8.0377 -116.3030
v  -85.8120 8.9113 -115.3896
v  -85.7537 9.3340 -114.9412
v  -87.4409 10.0693 -118.0092
v  -88.9499 10.0850 -118.0224
v  -87.4409 9.0771 -117.1759
v  -88.9499 9.1084 -117.2022
v  -91.9677 10.1164 -118.0487
v  -90.4588 10.1007 -118.0355
v  -91.9677 9.1712 -117.2549
v  -90.4588 9.1398 -117.2285
v  -90.4588 8.1790 -116.4215
v  -91.9677 8.2260 -116.4610
v  -88.9499 8.1319 -116.3820
v  -87.4409 8.0848 -116.3425
v  -91.9074 10.6205 -117.6445
v  -91.8477 11.1157 -117.2407
v  -91.9074 9.6431 -116.8235
v  -91.8477 10.1076 -116.3942
v  -91.7335 12.0429 -116.4370
v  -91.7895 11.5928 -116.8381
v  -91.7334 10.9854 -115.5489
v  -91.7895 10.5575 -115.9686
v  -91.7895 9.5223 -115.0992
v  -91.7335 9.9279 -114.6608
v  -91.8477 9.0996 -115.5476
v  -91.9074 8.6656 -116.0026
v  -91.6803 12.4570 -116.0379
v  -91.6289 12.8429 -115.6341
v  -91.6803 11.3840 -115.1369
v  -91.6289 11.7607 -114.7253
v  -91.5782 13.2085 -115.2184
v  -91.5782 12.1231 -114.3068
v  -91.5782 11.0376 -113.3953
v  -91.6289 10.6785 -113.8165
v  -91.6803 10.3110 -114.2358
v  -80.1798 14.9362 -115.1921
v  -80.1798 14.5968 -115.6562
v  -80.1798 15.2619 -114.7016
v  -80.1432 14.8863 -115.1571
v  -80.1432 14.5486 -115.6188
v  -80.1432 15.2104 -114.6690
v  -80.1798 15.8560 -113.6547
v  -80.1798 15.5699 -114.1880
v  -80.1432 15.8015 -113.6274
v  -80.1432 15.5168 -114.1580
v  -80.1066 15.4637 -114.1280
v  -80.1066 15.7469 -113.6001
v  -80.0700 15.6924 -113.5728
v  -80.0700 15.4106 -114.0980
v  -80.1066 15.1588 -114.6364
v  -80.0700 15.1073 -114.6039
v  -80.1066 14.5004 -115.5814
v  -80.1066 14.8364 -115.1221
v  -80.0700 14.7865 -115.0870
v  -80.0700 14.4523 -115.5440
v  -80.1798 16.1161 -113.1053
v  -80.1798 16.3472 -112.5485
v  -80.1432 16.0602 -113.0808
v  -80.1432 16.2901 -112.5271
v  -80.1798 16.7099 -111.4487
v  -80.1798 16.5462 -111.9934
v  -80.1432 16.6507 -111.4342
v  -80.1432 16.4880 -111.9753
v  -80.1066 16.4298 -111.9572
v  -80.1066 16.5916 -111.4197
v  -80.0700 16.5324 -111.4051
v  -80.0700 16.3716 -111.9391
v  -80.1066 16.2330 -112.5057
v  -80.0700 16.1760 -112.4844
v  -80.1066 16.0044 -113.0564
v  -80.0700 15.9485 -113.0319
v  -80.1798 16.8353 -110.9235
v  -80.1798 16.9208 -110.4104
v  -80.1432 16.7754 -110.9128
v  -80.1432 16.8602 -110.4040
v  -80.1798 16.9652 -109.3918
v  -80.1798 16.9646 -109.9022
v  -80.1432 16.9045 -109.3954
v  -80.1432 16.9038 -109.9006
v  -80.1066 16.8430 -109.8989
v  -80.1066 16.8438 -109.3990
v  -80.0700 16.7832 -109.4026
v  -80.0700 16.7822 -109.8973
v  -80.1066 16.7997 -110.3976
v  -80.0700 16.7391 -110.3913
v  -80.1066 16.7154 -110.9022
v  -80.0700 16.6554 -110.8916
v  -80.1798 16.9208 -108.8718
v  -80.1798 16.8275 -108.3538
v  -80.1432 16.8608 -108.8812
v  -80.1432 16.7687 -108.3694
v  -80.1798 16.4778 -107.3692
v  -80.1798 16.6811 -107.8491
v  -80.1432 16.4236 -107.3972
v  -80.1432 16.6243 -107.8710
v  -80.1066 16.5674 -107.8928
v  -80.1066 16.3694 -107.4252
v  -80.0700 16.3153 -107.4532
v  -80.0700 16.5105 -107.9146
v  -80.1066 16.7099 -108.3849
v  -80.0700 16.6511 -108.4005
v  -80.1066 16.8008 -108.8906
v  -80.0700 16.7407 -108.9001
v  -80.1798 16.2134 -106.9255
v  -80.1798 15.9139 -106.5278
v  -80.1432 16.1628 -106.9593
v  -80.1432 15.8673 -106.5669
v  -80.1798 15.3126 -105.9094
v  -80.1798 15.6050 -106.1858
v  -80.1432 15.2736 -105.9567
v  -80.1432 15.5624 -106.2295
v  -80.1066 15.5198 -106.2731
v  -80.1066 15.2347 -106.0039
v  -80.0700 15.1957 -106.0511
v  -80.0700 15.4772 -106.3167
v  -80.1066 15.8206 -106.6060
v  -80.0700 15.7740 -106.6451
v  -80.1066 16.1122 -106.9931
v  -80.0700 16.0616 -107.0270
v  -80.1798 15.0625 -105.7083
v  -80.1798 14.8378 -105.5570
v  -80.1432 15.0263 -105.7580
v  -80.1432 14.8036 -105.6082
v  -80.1798 14.3972 -105.3014
v  -80.1798 14.6217 -105.4299
v  -80.1432 14.3641 -105.3530
v  -80.1432 14.5886 -105.4816
v  -80.1066 14.5555 -105.5334
v  -80.1066 14.3311 -105.4046
v  -80.0700 14.2980 -105.4561
v  -80.0700 14.5224 -105.5851
v  -80.1066 14.7695 -105.6593
v  -80.0700 14.7354 -105.7105
v  -80.1066 14.9902 -105.8077
v  -80.0700 14.9541 -105.8575
v  -80.1798 14.1476 -105.1461
v  -80.1798 13.8746 -104.9572
v  -80.1432 14.1135 -105.1969
v  -80.1432 13.8388 -105.0066
v  -80.1798 13.2669 -104.4517
v  -80.1798 13.5804 -104.7280
v  -80.1432 13.2267 -104.4977
v  -80.1432 13.5424 -104.7758
v  -80.1066 13.5044 -104.8236
v  -80.1066 13.1864 -104.5437
v  -80.0700 13.1462 -104.5897
v  -80.0700 13.4664 -104.8714
v  -80.1066 13.8030 -105.0561
v  -80.0700 13.7671 -105.1055
v  -80.1066 14.0794 -105.2476
v  -80.0700 14.0453 -105.2983
v  -80.1798 12.9360 -104.1216
v  -80.1798 12.5872 -103.7419
v  -80.1432 12.8938 -104.1658
v  -80.1432 12.5434 -103.7845
v  -80.1798 11.8342 -102.8498
v  -80.1798 12.2201 -103.3166
v  -80.1432 11.7885 -102.8904
v  -80.1432 12.1751 -103.3579
v  -80.1066 12.1301 -103.3992
v  -80.1066 11.7429 -102.9310
v  -80.0700 11.6972 -102.9716
v  -80.0700 12.0851 -103.4405
v  -80.1066 12.4995 -103.8270
v  -80.0700 12.4557 -103.8696
v  -80.1066 12.8516 -104.2100
v  -80.0700 12.8094 -104.2542
v  -80.1798 11.4291 -102.3457
v  -80.1798 11.0078 -101.8256
v  -80.1432 11.3834 -102.3863
v  -80.1432 10.9626 -101.8669
v  -80.1798 10.1287 -100.8236
v  -80.1798 10.5733 -101.3111
v  -80.1432 10.0864 -100.8678
v  -80.1432 10.5293 -101.3536
v  -80.1066 10.4853 -101.3961
v  -80.1066 10.0442 -100.9119
v  -80.0700 10.0020 -100.9561
v  -80.0700 10.4413 -101.4386
v  -80.1066 10.9174 -101.9081
v  -80.0700 10.8723 -101.9494
v  -80.1066 11.3376 -102.4269
v  -80.0700 11.2919 -102.4675
v  -80.1798 9.6770 -100.3847
v  -80.1798 9.2144 -99.9915
v  -80.1432 9.6372 -100.4308
v  -80.1432 9.1775 -100.0400
v  -80.1798 8.2405 -99.3315
v  -80.1798 8.7369 -99.6413
v  -80.1432 8.2114 -99.3849
v  -80.1432 8.7035 -99.6923
v  -80.1066 8.6702 -99.7432
v  -80.1066 8.1823 -99.4383
v  -80.0700 8.1533 -99.4917
v  -80.0700 8.6369 -99.7941
v  -80.1066 9.1406 -100.0884
v  -80.0700 9.1037 -100.1369
v  -80.1066 9.5973 -100.4770
v  -80.0700 9.5574 -100.5232
v  -80.1798 7.7214 -99.0593
v  -80.1798 7.1766 -98.8351
v  -80.1432 7.6972 -99.1151
v  -80.1432 7.1579 -98.8930
v  -80.1798 5.9987 -98.5726
v  -80.1798 6.6034 -98.6694
v  -80.1432 5.9923 -98.6332
v  -80.1432 6.5906 -98.7290
v  -80.1066 6.5779 -98.7886
v  -80.1066 5.9858 -98.6939
v  -80.0700 6.5651 -98.8482
v  -80.1066 7.1392 -98.9510
v  -80.0700 7.1205 -99.0089
v  -80.1066 7.6730 -99.1709
v  -80.0700 7.6489 -99.2267
v  -80.1798 5.3598 -98.5551
v  -80.1798 4.7035 -98.6114
v  -80.1432 5.3600 -98.6160
v  -80.1432 4.7103 -98.6718
v  -80.1798 3.4056 -98.9236
v  -80.1798 4.0465 -98.7361
v  -80.1432 3.4255 -98.9808
v  -80.1432 4.0599 -98.7952
v  -80.1066 4.0734 -98.8543
v  -80.1066 3.4455 -99.0380
v  -80.1066 4.7171 -98.7321
v  -80.1066 5.3601 -98.6769
v  -80.1798 2.7976 -99.1685
v  -80.1798 2.2323 -99.4640
v  -80.1432 2.8237 -99.2232
v  -80.1432 2.2642 -99.5156
v  -80.1798 1.2682 -100.1798
v  -80.1798 1.7192 -99.8033
v  -80.1432 1.3108 -100.2229
v  -80.1432 1.7567 -99.8511
v  -80.1066 1.7941 -99.8988
v  -80.1066 1.3534 -100.2661
v  -80.0699 1.3961 -100.3092
v  -80.0699 1.8316 -99.9465
v  -80.1066 2.2961 -99.5671
v  -80.0699 2.3281 -99.6187
v  -80.1066 2.8498 -99.2779
v  -80.0699 2.8759 -99.3326
v  -80.1798 0.8888 -100.5868
v  -80.1798 0.5801 -101.0196
v  -80.1432 0.9363 -100.6244
v  -80.1432 0.6319 -101.0511
v  -80.1798 0.1699 -101.9453
v  -80.1798 0.3408 -101.4740
v  -80.1432 0.2281 -101.9628
v  -80.1432 0.3963 -101.4987
v  -80.1066 0.4518 -101.5234
v  -80.1066 0.2863 -101.9803
v  -80.0699 0.3446 -101.9978
v  -80.0699 0.5072 -101.5480
v  -80.1066 0.6837 -101.0825
v  -80.0699 0.7356 -101.1140
v  -80.1066 0.9838 -100.6620
v  -80.0699 1.0313 -100.6997
v  -80.1798 0.0662 -102.4292
v  -80.1798 0.0300 -102.9295
v  -80.1432 0.1261 -102.4392
v  -80.1432 0.0907 -102.9322
v  -80.1798 0.1607 -103.9948
v  -80.1798 0.0614 -103.4501
v  -80.1432 0.2217 -103.9859
v  -80.1432 0.1225 -103.4463
v  -80.1066 0.1835 -103.4426
v  -80.1066 0.2827 -103.9771
v  -80.0700 0.2445 -103.4389
v  -80.1066 0.1515 -102.9350
v  -80.0700 0.2123 -102.9377
v  -80.1066 0.1860 -102.4492
v  -80.0700 0.2459 -102.4592
v  -80.1798 0.3281 -104.5675
v  -80.1798 0.5313 -105.1553
v  -80.1432 0.3889 -104.5554
v  -80.1432 0.5920 -105.1418
v  -80.1798 0.9170 -106.3243
v  -80.1798 0.7383 -105.7452
v  -80.1432 0.9777 -106.3128
v  -80.1432 0.7990 -105.7319
v  -80.1066 0.8596 -105.7186
v  -80.1066 1.0383 -106.3014
v  -80.1066 0.6528 -105.1282
v  -80.1066 0.4498 -104.5433
v  -80.1798 1.0353 -106.8794
v  -80.1798 1.0938 -107.4263
v  -80.1432 1.0961 -106.8714
v  -80.1432 1.1547 -107.4226
v  -80.1798 1.0342 -108.5574
v  -80.1798 1.0932 -107.9805
v  -80.1432 1.0952 -108.5623
v  -80.1432 1.1543 -107.9813
v  -80.1066 1.2153 -107.9820
v  -80.1066 1.1563 -108.5673
v  -80.0700 1.2173 -108.5723
v  -80.0700 1.2763 -107.9828
v  -80.1066 1.2156 -107.4188
v  -80.0700 1.2765 -107.4150
v  -80.1066 1.1568 -106.8633
v  -80.0700 1.2176 -106.8553
v  -80.1798 0.9175 -109.1726
v  -80.1798 0.7617 -109.8144
v  -80.1432 0.9783 -109.1808
v  -80.1432 0.8222 -109.8245
v  -80.1798 0.4078 -111.1311
v  -80.1798 0.5856 -110.4712
v  -80.1432 0.4683 -111.1403
v  -80.1432 0.6460 -110.4817
v  -80.1066 0.7064 -110.4922
v  -80.1066 0.5288 -111.1495
v  -80.0700 0.5893 -111.1587
v  -80.0700 0.7668 -110.5027
v  -80.1066 0.8828 -109.8346
v  -80.0700 0.9433 -109.8447
v  -80.1066 1.0391 -109.1889
v  -80.0700 1.0999 -109.1971
v  -80.1798 0.2470 -111.7826
v  -80.1798 0.1250 -112.4154
v  -80.1432 0.3080 -111.7884
v  -80.1432 0.1865 -112.4162
v  -80.1798 0.0844 -113.5851
v  -80.1798 0.0636 -113.0196
v  -80.1432 0.1448 -113.5725
v  -80.1432 0.1250 -113.0142
v  -80.1066 0.1864 -113.0087
v  -80.1066 0.2051 -113.5600
v  -80.0700 0.2655 -113.5474
v  -80.0700 0.2479 -113.0033
v  -80.1066 0.2480 -112.4170
v  -80.0700 0.3095 -112.4178
v  -80.1066 0.3691 -111.7942
v  -80.0700 0.4301 -111.8000
v  -80.1798 0.2093 -114.1017
v  -80.1798 0.4077 -114.5687
v  -80.1432 0.2671 -114.0816
v  -80.1432 0.4619 -114.5412
v  -80.1798 0.9035 -115.3508
v  -80.1798 0.6493 -114.9854
v  -80.1432 0.9492 -115.3104
v  -80.1432 0.6993 -114.9509
v  -80.1066 0.7492 -114.9163
v  -80.1066 0.9949 -115.2700
v  -80.0700 1.0406 -115.2296
v  -80.0700 0.7992 -114.8818
v  -80.1066 0.5160 -114.5136
v  -80.0700 0.5702 -114.4860
v  -80.1066 0.3248 -114.0616
v  -80.0700 0.3826 -114.0415
v  -80.1798 1.1400 -115.6643
v  -80.1798 1.3655 -115.9391
v  -80.1432 1.1817 -115.6195
v  -80.1432 1.4039 -115.8913
v  -80.1798 1.8106 -116.4251
v  -80.1798 1.5868 -116.1883
v  -80.1432 1.8457 -116.3749
v  -80.1432 1.6229 -116.1387
v  -80.1066 1.6590 -116.0892
v  -80.1066 1.8807 -116.3247
v  -80.0700 1.9157 -116.2745
v  -80.0700 1.6951 -116.0397
v  -80.1066 1.4424 -115.8435
v  -80.0700 1.4809 -115.7958
v  -80.1066 1.2235 -115.5748
v  -80.0700 1.2652 -115.5300
v  -80.1798 2.0438 -116.6628
v  -80.1798 2.2855 -116.9006
v  -80.1432 2.0794 -116.6129
v  -80.1432 2.3225 -116.8516
v  -80.1798 2.7898 -117.3726
v  -80.1798 2.5344 -117.1374
v  -80.1432 2.8314 -117.3271
v  -80.1432 2.5737 -117.0900
v  -80.1066 2.6130 -117.0426
v  -80.1066 2.8731 -117.2816
v  -80.0700 2.9148 -117.2361
v  -80.0700 2.6523 -116.9952
v  -80.1066 2.3596 -116.8027
v  -80.0700 2.3967 -116.7537
v  -80.1066 2.1149 -116.5630
v  -80.0700 2.1504 -116.5130
v  -80.1798 3.0505 -117.6052
v  -80.1798 3.3178 -117.8365
v  -80.1432 3.0943 -117.5618
v  -80.1432 3.3632 -117.7950
v  -80.1798 3.8773 -118.3010
v  -80.1798 3.5930 -118.0680
v  -80.1432 3.9234 -118.2608
v  -80.1432 3.6392 -118.0277
v  -80.1066 3.6855 -117.9874
v  -80.1066 3.9696 -118.2205
v  -80.0700 4.0157 -118.1803
v  -80.0700 3.7317 -117.9470
v  -80.1066 3.4085 -117.7535
v  -80.0700 3.4539 -117.7120
v  -80.1066 3.1380 -117.5184
v  -80.0700 3.1818 -117.4750
v  -80.1798 4.1719 -118.5369
v  -80.1798 4.4822 -118.7696
v  -80.1432 4.2168 -118.4951
v  -80.1432 4.5247 -118.7254
v  -80.1798 5.1711 -119.2024
v  -80.1798 4.8134 -118.9935
v  -80.1432 5.2055 -119.1516
v  -80.1432 4.8525 -118.9460
v  -80.1066 4.8915 -118.8985
v  -80.1066 5.2399 -119.1008
v  -80.0700 5.2743 -119.0500
v  -80.0700 4.9305 -118.8511
v  -80.1066 4.5672 -118.6811
v  -80.0700 4.6097 -118.6368
v  -80.1066 4.2617 -118.4534
v  -80.0700 4.3066 -118.4117
v  -80.1798 5.5605 -119.3905
v  -80.1798 5.9774 -119.5504
v  -80.1432 5.5892 -119.3367
v  -80.1432 5.9998 -119.4939
v  -80.1798 6.8776 -119.7553
v  -80.1798 6.4179 -119.6745
v  -80.1432 6.8865 -119.6952
v  -80.1432 6.4335 -119.6158
v  -80.1066 6.4491 -119.5572
v  -80.1066 6.8954 -119.6351
v  -80.0700 6.9043 -119.5751
v  -80.0700 6.4646 -119.4986
v  -80.1066 6.0221 -119.4373
v  -80.0700 6.0444 -119.3808
v  -80.1066 5.6179 -119.2828
v  -80.0700 5.6466 -119.2289
v  -80.1798 7.3526 -119.7854
v  -80.1798 7.8423 -119.7661
v  -80.1432 7.3552 -119.7247
v  -80.1432 7.8391 -119.7054
v  -80.1798 8.8636 -119.5848
v  -80.1798 8.3461 -119.6988
v  -80.1432 8.8501 -119.5254
v  -80.1432 8.3375 -119.6385
v  -80.1066 8.3289 -119.5783
v  -80.1066 8.8365 -119.4661
v  -80.0700 8.8229 -119.4068
v  -80.0700 8.3202 -119.5181
v  -80.1066 7.8358 -119.6446
v  -80.0700 7.8326 -119.5839
v  -80.1066 7.3579 -119.6639
v  -80.0700 7.3605 -119.6032
v  -80.1798 9.3942 -119.4254
v  -80.1798 9.9337 -119.2228
v  -80.1432 9.3762 -119.3672
v  -80.1432 9.9117 -119.1660
v  -80.1798 11.0216 -118.6962
v  -80.1798 10.4776 -118.9791
v  -80.1432 10.9927 -118.6426
v  -80.1432 10.4519 -118.9238
v  -80.1066 10.4263 -118.8685
v  -80.1066 10.9638 -118.5890
v  -80.0700 10.9348 -118.5354
v  -80.0700 10.4007 -118.8132
v  -80.1066 9.8897 -119.1092
v  -80.0700 9.8677 -119.0524
v  -80.1066 9.3582 -119.3091
v  -80.0700 9.3403 -119.2509
v  -80.1798 11.5616 -118.3764
v  -80.1798 12.0878 -118.0280
v  -80.1432 11.5296 -118.3246
v  -80.1432 12.0529 -117.9780
v  -80.1798 13.0605 -117.2789
v  -80.1798 12.5906 -117.6594
v  -80.1432 13.0206 -117.2328
v  -80.1432 12.5531 -117.6113
v  -80.1066 12.5157 -117.5632
v  -80.1066 12.9807 -117.1867
v  -80.0700 12.9408 -117.1406
v  -80.0700 12.4782 -117.5151
v  -80.1066 12.0181 -117.9280
v  -80.0700 11.9833 -117.8779
v  -80.1066 11.4976 -118.2727
v  -80.0700 11.4656 -118.2208
v  -80.1798 13.4878 -116.8950
v  -80.1798 13.8808 -116.5010
v  -80.1432 13.4456 -116.8509
v  -80.1432 13.8365 -116.4591
v  -80.1798 14.2477 -116.0902
v  -80.1432 14.2014 -116.0506
v  -80.1066 14.1551 -116.0109
v  -80.0700 14.1088 -115.9712
v  -80.1066 13.7922 -116.4172
v  -80.0700 13.7479 -116.3753
v  -80.1066 13.4035 -116.8069
v  -80.0700 13.3613 -116.7628
v  -80.0700 2.2181 -100.3592
v  -80.0699 1.7907 -100.4460
v  -80.0700 1.5602 -101.3857
v  -80.0700 1.2575 -101.2745
v  -80.0699 1.4015 -100.5648
v  -80.0699 0.9882 -101.1880
v  -80.0700 0.6087 -101.8211
v  -80.0700 0.7328 -102.1055
v  -80.0700 0.9024 -102.4123
v  -80.0700 2.9842 -106.8463
v  -80.0700 2.9513 -106.3021
v  -80.0700 2.9834 -107.4178
v  -80.0700 4.8684 -104.4956
v  -80.0699 4.6853 -104.0320
v  -80.0700 5.0235 -104.9908
v  -80.0700 2.9425 -108.6080
v  -80.0700 2.9644 -108.0079
v  -80.0699 5.2956 -106.0574
v  -80.0700 5.1621 -105.5130
v  -80.0700 7.3597 -103.0181
v  -80.0700 7.6488 -103.5067
v  -80.0700 7.0636 -102.5639
v  -80.0700 6.4193 -101.7618
v  -80.0700 6.7527 -102.1448
v  -80.0700 6.0557 -101.4157
v  -80.0700 5.6595 -101.1104
v  -80.0700 4.4626 -103.6047
v  -80.0700 4.1985 -103.2120
v  -80.0700 5.2282 -100.8500
v  -80.0700 3.8913 -102.8518
v  -80.0700 2.5545 -104.8535
v  -80.0700 2.7375 -105.3135
v  -80.0700 2.8694 -105.7938
v  -80.0700 2.4248 -112.2929
v  -80.0700 2.6817 -111.3543
v  -80.0700 2.0861 -113.3260
v  -80.0700 4.5162 -110.5023
v  -80.0699 5.2206 -109.0380
v  -80.0700 3.5651 -112.2143
v  -80.0700 1.6900 -114.4142
v  -80.0700 2.5412 -113.9893
v  -80.0700 3.3132 -113.6498
v  -80.0700 3.9705 -113.4504
v  -80.0700 4.9703 -111.1994
v  -80.0699 6.1327 -110.4857
v  -80.0700 8.0050 -106.4752
v  -80.0700 6.7056 -108.6278
v  -80.0700 8.5098 -107.2400
v  -80.0700 8.3542 -105.2818
v  -80.0700 8.1874 -104.6116
v  -80.0700 5.5049 -108.0059
v  -80.0700 5.5246 -107.2512
v  -80.0700 7.9385 -104.0289
v  -80.0700 5.4357 -106.6193
v  -80.0700 2.9329 -109.2096
v  -80.0700 2.9060 -109.8458
v  -80.0700 2.8322 -110.5497
v  -80.0700 6.8605 -115.2051
v  -80.0700 6.5863 -114.9992
v  -80.0700 7.1411 -115.4052
v  -80.0700 9.4145 -111.9984
v  -80.0699 9.1569 -111.8182
v  -80.0700 9.6725 -112.1737
v  -80.0700 7.7547 -115.8003
v  -80.0700 7.4364 -115.6027
v  -80.0699 10.2350 -112.5505
v  -80.0700 9.9423 -112.3543
v  -80.0700 12.4482 -109.1059
v  -80.0700 12.7154 -109.3008
v  -80.0700 12.2040 -108.9421
v  -80.0700 11.7275 -108.6372
v  -80.0700 11.9684 -108.7918
v  -80.0700 10.2701 -107.4395
v  -80.0700 10.5883 -107.7513
v  -80.0700 9.9019 -107.1408
v  -80.0700 7.7308 -110.6247
v  -80.0699 8.0305 -110.9129
v  -80.0700 7.3676 -110.3869
v  -80.0700 9.4452 -106.9093
v  -80.0700 6.8834 -110.2777
v  -80.0700 4.4778 -113.4455
v  -80.0700 4.8724 -113.5828
v  -80.0700 5.4726 -114.0745
v  -80.0700 5.1916 -113.8100
v  -80.0700 11.4669 -108.4605
v  -80.0700 11.1888 -108.2571
v  -80.0700 8.8885 -111.6227
v  -80.0700 8.6105 -111.4087
v  -80.0700 10.8953 -108.0223
v  -80.0700 8.3241 -111.1732
v  -80.0700 5.7530 -114.3241
v  -80.0700 6.0322 -114.5604
v  -80.0700 6.3101 -114.7849
v  -80.0700 9.6480 -116.6811
v  -80.0700 9.2571 -116.5446
v  -80.0700 10.0372 -116.7880
v  -80.0700 11.9355 -113.7589
v  -80.0699 11.6098 -113.5141
v  -80.0700 12.2418 -113.9922
v  -80.0700 10.8130 -116.9057
v  -80.0700 10.4254 -116.8636
v  -80.0699 12.8031 -114.4047
v  -80.0700 12.5305 -114.2091
v  -80.0700 14.6356 -111.5546
v  -80.0700 14.7931 -111.9036
v  -80.0700 14.4465 -111.1964
v  -80.0700 13.9625 -110.4837
v  -80.0700 14.2230 -110.8368
v  -80.0700 13.6623 -110.1449
v  -80.0700 13.3416 -109.8290
v  -80.0700 11.2631 -113.2628
v  -80.0700 10.9092 -113.0129
v  -80.0700 13.0196 -109.5448
v  -80.0700 10.5619 -112.7728
v  -80.0700 8.1043 -116.0009
v  -80.0700 8.4768 -116.1969
v  -80.0700 8.8639 -116.3807
v  -80.0700 12.7160 -116.6775
v  -80.0700 12.3462 -116.7664
v  -80.0700 13.0255 -116.6272
v  -80.0700 13.9544 -115.1205
v  -80.0699 13.7515 -114.9906
v  -80.0700 14.1660 -115.2711
v  -80.0700 13.2217 -116.6714
v  -80.0700 13.8820 -115.9461
v  -80.0700 14.3758 -115.4574
v  -80.0700 14.7393 -114.8331
v  -80.0700 15.2957 -113.9878
v  -80.0700 15.2066 -113.8199
v  -80.0700 15.1690 -113.5366
v  -80.0700 15.1450 -113.2012
v  -80.0700 15.0965 -112.8774
v  -80.0700 15.0224 -112.5579
v  -80.0700 13.5352 -114.8605
v  -80.0700 13.3052 -114.7239
v  -80.0700 14.9217 -112.2357
v  -80.0700 13.0612 -114.5741
v  -80.0700 11.2007 -116.9125
v  -80.0700 11.5867 -116.8885
v  -80.0700 11.9691 -116.8382
v  -107.3447 11.4428 -110.7075
v  -108.1452 11.4428 -110.7075
v  -108.1452 11.8255 -110.2514
v  -107.3447 11.8255 -110.2514
v  -106.5441 11.4428 -110.7075
v  -106.5441 11.8255 -110.2514
v  -107.3447 11.0608 -111.1628
v  -108.1452 11.0608 -111.1628
v  -106.5441 11.0608 -111.1628
v  -105.7436 11.4428 -110.7075
v  -105.7436 11.8255 -110.2514
v  -105.7436 11.0608 -111.1628
v  -105.7436 10.6828 -111.6133
v  -105.7436 10.3122 -112.0550
v  -106.5441 10.6828 -111.6133
v  -106.5441 10.3122 -112.0550
v  -108.1452 10.6828 -111.6133
v  -107.3447 10.6828 -111.6133
v  -107.3447 10.3122 -112.0550
v  -108.1452 10.3122 -112.0550
v  -107.3447 12.9347 -108.9293
v  -108.1452 12.9347 -108.9293
v  -108.1452 13.2727 -108.5265
v  -107.3447 13.2727 -108.5265
v  -106.5441 12.9347 -108.9293
v  -106.5441 13.2727 -108.5265
v  -107.3447 12.5771 -109.3556
v  -108.1452 12.5771 -109.3556
v  -106.5441 12.5771 -109.3556
v  -105.7436 12.9347 -108.9293
v  -105.7436 13.2727 -108.5265
v  -105.7436 12.5771 -109.3556
v  -105.7436 12.2055 -109.7985
v  -106.5441 12.2055 -109.7985
v  -108.1452 12.2055 -109.7985
v  -107.3447 12.2055 -109.7985
v  -107.3447 14.1304 -107.5043
v  -108.1452 14.1304 -107.5043
v  -108.1452 14.3604 -107.2302
v  -107.3447 14.3604 -107.2302
v  -106.5441 14.1304 -107.5043
v  -106.5441 14.3604 -107.2302
v  -107.3447 13.8717 -107.8126
v  -108.1452 13.8717 -107.8126
v  -106.5441 13.8717 -107.8126
v  -105.7436 14.1304 -107.5043
v  -105.7436 14.3604 -107.2302
v  -105.7436 13.8717 -107.8126
v  -105.7436 13.5854 -108.1538
v  -106.5441 13.5854 -108.1538
v  -108.1452 13.5854 -108.1538
v  -107.3447 13.5854 -108.1538
v  -107.3447 14.8894 -106.5999
v  -108.1452 14.8894 -106.5999
v  -108.1452 15.0276 -106.4356
v  -107.3447 15.0276 -106.4356
v  -106.5441 14.8894 -106.5999
v  -106.5441 15.0276 -106.4356
v  -107.3447 14.7353 -106.7835
v  -108.1452 14.7353 -106.7835
v  -106.5441 14.7353 -106.7835
v  -105.7436 14.8894 -106.5999
v  -105.7436 15.0276 -106.4356
v  -105.7436 14.7353 -106.7835
v  -105.7436 14.5605 -106.9918
v  -106.5441 14.5605 -106.9918
v  -108.1452 14.5604 -106.9918
v  -107.3447 14.5605 -106.9918
v  -107.3447 14.7332 -105.4440
v  -108.1452 14.7332 -105.4440
v  -108.1452 14.4695 -105.2828
v  -107.3447 14.4695 -105.2828
v  -106.4703 14.7332 -105.4440
v  -106.4703 14.4695 -105.2828
v  -107.3447 14.9906 -105.5953
v  -108.1452 14.9906 -105.5953
v  -106.4795 14.9906 -105.5953
v  -105.4483 14.7332 -105.4440
v  -105.4483 14.4695 -105.2828
v  -105.4852 14.9906 -105.5953
v  -105.5960 15.2437 -105.7402
v  -105.7436 15.4948 -105.8817
v  -106.5072 15.2437 -105.7402
v  -106.5441 15.4948 -105.8817
v  -108.1452 15.2437 -105.7402
v  -107.3447 15.2437 -105.7402
v  -107.3447 15.4948 -105.8817
v  -108.1452 15.4948 -105.8817
v  -107.3447 13.6184 -104.6802
v  -108.1452 13.6184 -104.6802
v  -108.1452 13.3071 -104.4057
v  -107.3447 13.3071 -104.4057
v  -106.4703 13.6184 -104.6802
v  -106.4703 13.3071 -104.4057
v  -107.3447 13.9144 -104.9111
v  -108.1452 13.9144 -104.9111
v  -106.4703 13.9144 -104.9111
v  -105.4483 13.6184 -104.6802
v  -105.4483 13.3071 -104.4057
v  -105.4483 13.9144 -104.9111
v  -105.4483 14.1973 -105.1086
v  -106.4703 14.1973 -105.1086
v  -108.1452 14.1973 -105.1086
v  -107.3447 14.1973 -105.1086
v  -107.3447 12.2651 -103.2753
v  -108.1452 12.2651 -103.2753
v  -108.1452 11.8799 -102.8092
v  -107.3447 11.8799 -102.8092
v  -106.4703 12.2651 -103.2753
v  -106.4703 11.8799 -102.8092
v  -107.3447 12.6310 -103.6993
v  -108.1452 12.6310 -103.6993
v  -106.4703 12.6310 -103.6993
v  -105.4483 12.2651 -103.2753
v  -105.4483 11.8799 -102.8092
v  -105.4483 12.6310 -103.6993
v  -105.4483 12.9782 -104.0774
v  -106.4703 12.9782 -104.0774
v  -108.1452 12.9782 -104.0774
v  -107.3447 12.9782 -104.0774
v  -107.3447 10.6173 -101.2686
v  -108.1452 10.6173 -101.2686
v  -108.1452 10.1709 -100.7795
v  -107.3447 10.1709 -100.7795
v  -106.4703 10.6173 -101.2686
v  -106.4703 10.1709 -100.7795
v  -107.3447 11.0529 -101.7843
v  -108.1452 11.0529 -101.7843
v  -106.4703 11.0529 -101.7843
v  -105.4483 10.6173 -101.2686
v  -105.4483 10.1709 -100.7795
v  -105.4483 11.0529 -101.7843
v  -105.4483 11.4748 -102.3051
v  -106.4703 11.4748 -102.3051
v  -108.1452 11.4748 -102.3051
v  -107.3447 11.4748 -102.3051
v  -107.3447 8.7702 -99.5904
v  -108.1452 8.7702 -99.5904
v  -108.1452 8.2695 -99.2782
v  -107.3447 8.2695 -99.2782
v  -106.4703 8.7702 -99.5904
v  -106.4703 8.2695 -99.2782
v  -107.3447 9.2513 -99.9430
v  -108.1452 9.2513 -99.9430
v  -106.4703 9.2513 -99.9430
v  -105.4483 8.7702 -99.5904
v  -105.4483 8.2695 -99.2782
v  -105.4483 9.2513 -99.9430
v  -105.4483 9.7169 -100.3385
v  -106.4703 9.7169 -100.3385
v  -108.1452 9.7169 -100.3385
v  -107.3447 9.7169 -100.3385
v  -107.3447 6.6161 -98.6098
v  -108.1452 6.6161 -98.6098
v  -108.1452 6.0052 -98.5119
v  -107.3447 6.0052 -98.5119
v  -106.4703 6.6161 -98.6098
v  -106.4703 6.0052 -98.5119
v  -107.3447 7.1953 -98.7772
v  -108.1452 7.1953 -98.7772
v  -106.4703 7.1953 -98.7772
v  -105.4483 6.6161 -98.6098
v  -105.4483 6.0052 -98.5119
v  -105.4483 7.1953 -98.7772
v  -105.4483 7.7455 -99.0035
v  -106.4703 7.7455 -99.0035
v  -108.1452 7.7455 -99.0035
v  -107.3447 7.7455 -99.0035
v  -107.3447 4.0330 -98.6770
v  -108.1452 4.0330 -98.6770
v  -108.1452 3.3856 -98.8664
v  -107.3447 3.3856 -98.8664
v  -106.4703 4.0330 -98.6770
v  -106.4703 3.3856 -98.8664
v  -107.3447 4.6967 -98.5511
v  -108.1452 4.6967 -98.5511
v  -106.4703 4.6967 -98.5511
v  -105.4483 4.0330 -98.6770
v  -105.4483 3.3856 -98.8664
v  -105.4483 4.6967 -98.5511
v  -105.4483 5.3597 -98.4942
v  -106.4703 5.3597 -98.4942
v  -108.1452 5.3597 -98.4942
v  -107.3447 5.3597 -98.4942
v  -107.3447 1.6818 -99.7556
v  -108.1452 1.6818 -99.7556
v  -108.1452 1.2256 -100.1367
v  -107.3447 1.2256 -100.1367
v  -106.4703 1.6818 -99.7556
v  -106.4703 1.2256 -100.1367
v  -107.3447 2.2003 -99.4124
v  -108.1452 2.2003 -99.4124
v  -106.4703 2.2003 -99.4124
v  -105.4483 1.6818 -99.7556
v  -105.4483 1.2256 -100.1367
v  -105.4483 2.2003 -99.4124
v  -105.4483 2.7715 -99.1138
v  -106.4703 2.7715 -99.1138
v  -108.1452 2.7715 -99.1138
v  -107.3447 2.7715 -99.1138
v  -107.3447 0.2853 -101.4493
v  -108.1452 0.2853 -101.4493
v  -108.1452 0.1116 -101.9279
v  -107.3447 0.1116 -101.9279
v  -106.4703 0.2853 -101.4493
v  -106.4703 0.1116 -101.9279
v  -107.3447 0.5282 -100.9882
v  -108.1452 0.5282 -100.9882
v  -106.4703 0.5282 -100.9882
v  -105.4483 0.2853 -101.4493
v  -105.4483 0.1116 -101.9279
v  -105.4483 0.5282 -100.9882
v  -105.4483 0.8414 -100.5491
v  -106.4703 0.8414 -100.5491
v  -108.1452 0.8414 -100.5491
v  -107.3447 0.8414 -100.5491
v  -107.3447 0.0004 -103.4538
v  -108.1452 0.0004 -103.4538
v  -108.1452 0.0998 -104.0037
v  -107.3447 0.0998 -104.0037
v  -106.4703 0.0004 -103.4538
v  -106.4703 0.0998 -104.0037
v  -107.3447 -0.0308 -102.9268
v  -108.1452 -0.0308 -102.9268
v  -106.4703 -0.0308 -102.9268
v  -105.4483 0.0004 -103.4538
v  -105.4483 0.0998 -104.0037
v  -105.4483 -0.0308 -102.9268
v  -105.4483 0.0063 -102.4193
v  -106.4703 0.0063 -102.4193
v  -108.1452 0.0063 -102.4192
v  -107.3447 0.0063 -102.4193
v  -107.3447 0.6777 -105.7585
v  -108.1452 0.6777 -105.7585
v  -108.1452 0.8564 -106.3357
v  -107.3447 0.8564 -106.3357
v  -106.4703 0.6777 -105.7585
v  -106.4703 0.8564 -106.3357
v  -107.3447 0.4706 -105.1689
v  -108.1452 0.4706 -105.1689
v  -106.4703 0.4706 -105.1689
v  -105.4483 0.6777 -105.7585
v  -105.4483 0.8564 -106.3357
v  -105.4483 0.4706 -105.1689
v  -105.4483 0.2672 -104.5796
v  -106.4703 0.2672 -104.5796
v  -108.1452 0.2672 -104.5796
v  -107.3447 0.2672 -104.5796
v  -107.3447 1.0322 -107.9797
v  -108.1452 1.0322 -107.9797
v  -108.1452 0.9732 -108.5524
v  -107.3447 0.9732 -108.5524
v  -106.4703 1.0322 -107.9797
v  -106.4703 0.9732 -108.5524
v  -107.3447 1.0329 -107.4301
v  -108.1452 1.0329 -107.4301
v  -106.4703 1.0329 -107.4301
v  -105.4483 1.0322 -107.9797
v  -105.4483 0.9732 -108.5524
v  -105.4483 1.0329 -107.4301
v  -105.4483 0.9746 -106.8875
v  -106.4703 0.9746 -106.8875
v  -108.1452 0.9746 -106.8875
v  -107.3447 0.9746 -106.8875
v  -107.3447 0.5251 -110.4606
v  -108.1452 0.5251 -110.4606
v  -108.1452 0.3472 -111.1219
v  -107.3447 0.3472 -111.1219
v  -106.4703 0.5251 -110.4606
v  -106.4703 0.3472 -111.1219
v  -107.3447 0.7011 -109.8043
v  -108.1452 0.7011 -109.8043
v  -106.4703 0.7011 -109.8043
v  -105.4483 0.5251 -110.4606
v  -105.4483 0.3472 -111.1219
v  -105.4483 0.7011 -109.8043
v  -105.4483 0.8567 -109.1645
v  -106.4703 0.8567 -109.1645
v  -108.1452 0.8567 -109.1645
v  -107.3447 0.8567 -109.1645
v  -107.3447 0.0021 -113.0251
v  -108.1452 0.0021 -113.0251
v  -108.1452 0.0241 -113.5976
v  -107.3447 0.0241 -113.5976
v  -106.4703 0.0021 -113.0251
v  -106.4703 0.0241 -113.5976
v  -107.3447 0.0635 -112.4146
v  -108.1452 0.0635 -112.4146
v  -106.4703 0.0635 -112.4146
v  -105.4483 0.0021 -113.0251
v  -105.4483 0.0241 -113.5976
v  -105.4483 0.0635 -112.4146
v  -105.4483 0.1860 -111.7767
v  -106.4703 0.1860 -111.7767
v  -108.1452 0.1860 -111.7767
v  -107.3447 0.1860 -111.7767
v  -107.3447 0.5993 -115.0199
v  -108.1452 0.5993 -115.0199
v  -108.1452 0.8578 -115.3912
v  -107.3447 0.8578 -115.3912
v  -106.4703 0.5993 -115.0199
v  -106.4703 0.8578 -115.3912
v  -107.3447 0.3536 -114.5963
v  -108.1452 0.3536 -114.5963
v  -106.4703 0.3536 -114.5963
v  -105.4483 0.5993 -115.0199
v  -105.4483 0.8578 -115.3912
v  -105.4483 0.3536 -114.5963
v  -105.4483 0.1515 -114.1218
v  -106.4703 0.1515 -114.1218
v  -108.1452 0.1515 -114.1218
v  -107.3447 0.1515 -114.1218
v  -107.3447 1.5506 -116.2378
v  -108.1452 1.5506 -116.2378
v  -108.1452 1.7756 -116.4753
v  -107.3447 1.7756 -116.4753
v  -106.4703 1.5506 -116.2378
v  -106.4703 1.7756 -116.4753
v  -107.3447 1.3270 -115.9868
v  -108.1452 1.3270 -115.9868
v  -106.4703 1.3270 -115.9868
v  -105.4483 1.5506 -116.2378
v  -105.4483 1.7756 -116.4753
v  -105.4483 1.3270 -115.9868
v  -105.4483 1.0982 -115.7091
v  -106.4703 1.0982 -115.7091
v  -108.1452 1.0982 -115.7091
v  -107.3447 1.0982 -115.7091
v  -107.3447 2.4951 -117.1848
v  -108.1452 2.4951 -117.1848
v  -108.1452 2.7481 -117.4181
v  -107.3447 2.7481 -117.4181
v  -106.4703 2.4951 -117.1848
v  -106.4703 2.7481 -117.4181
v  -107.3447 2.2484 -116.9495
v  -108.1452 2.2484 -116.9495
v  -106.4703 2.2484 -116.9495
v  -105.4483 2.4951 -117.1848
v  -105.4483 2.7481 -117.4181
v  -105.4483 2.2484 -116.9495
v  -105.4483 2.0083 -116.7128
v  -106.4703 2.0083 -116.7128
v  -108.1452 2.0083 -116.7128
v  -107.3447 2.0083 -116.7128
v  -107.3447 3.5469 -118.1084
v  -108.1452 3.5469 -118.1084
v  -108.1452 3.8314 -118.3415
v  -107.3447 3.8314 -118.3415
v  -106.4703 3.5469 -118.1084
v  -106.4703 3.8314 -118.3415
v  -107.3447 3.2725 -117.8780
v  -108.1452 3.2725 -117.8780
v  -106.4703 3.2725 -117.8780
v  -105.4483 3.5469 -118.1084
v  -105.4483 3.8314 -118.3415
v  -105.4483 3.2725 -117.8780
v  -105.4483 3.0067 -117.6485
v  -106.4703 3.0067 -117.6485
v  -108.1452 3.0067 -117.6485
v  -107.3447 3.0067 -117.6485
v  -107.3447 4.7754 -119.0417
v  -108.1452 4.7754 -119.0417
v  -108.1452 5.1378 -119.2541
v  -107.3447 5.1378 -119.2541
v  -106.4703 4.7754 -119.0418
v  -106.4703 5.1378 -119.2541
v  -107.3447 4.4404 -118.8146
v  -108.1452 4.4404 -118.8146
v  -106.4703 4.4404 -118.8146
v  -105.4483 4.7754 -119.0418
v  -105.4483 5.1378 -119.2541
v  -105.4483 4.4404 -118.8146
v  -105.4483 4.1275 -118.5790
v  -106.4703 4.1275 -118.5790
v  -108.1452 4.1275 -118.5790
v  -107.3447 4.1275 -118.5790
v  -107.3447 6.4028 -119.7335
v  -108.1452 6.4028 -119.7335
v  -108.1452 6.8690 -119.8156
v  -107.3447 6.8690 -119.8156
v  -106.4703 6.4028 -119.7335
v  -106.4703 6.8690 -119.8156
v  -107.3447 5.9559 -119.6075
v  -108.1452 5.9559 -119.6075
v  -106.4703 5.9559 -119.6075
v  -105.4483 6.4028 -119.7335
v  -105.4483 6.8690 -119.8156
v  -105.4483 5.9559 -119.6075
v  -105.4483 5.5327 -119.4452
v  -106.4703 5.5327 -119.4452
v  -108.1452 5.5327 -119.4452
v  -107.3447 5.5327 -119.4452
v  -107.3447 8.3548 -119.7590
v  -108.1452 8.3548 -119.7590
v  -108.1452 8.8772 -119.6441
v  -107.3447 8.8772 -119.6441
v  -106.4703 8.3548 -119.7590
v  -106.4703 8.8772 -119.6441
v  -107.3447 7.8455 -119.8268
v  -108.1452 7.8455 -119.8268
v  -106.4703 7.8455 -119.8268
v  -105.4483 8.3548 -119.7590
v  -105.4483 8.8772 -119.6441
v  -105.4483 7.8455 -119.8268
v  -105.4483 7.3501 -119.8462
v  -106.4703 7.3501 -119.8462
v  -108.1452 7.3501 -119.8462
v  -107.3447 7.3501 -119.8462
v  -107.3447 10.5076 -119.0714
v  -108.1452 10.5076 -119.0714
v  -106.5072 10.5076 -119.0714
v  -107.3447 9.9567 -119.2889
v  -108.1452 9.9567 -119.2889
v  -106.4796 9.9567 -119.2889
v  -105.5960 10.5076 -119.0714
v  -105.4852 9.9567 -119.2889
v  -105.4483 9.4122 -119.4836
v  -106.4703 9.4122 -119.4836
v  -108.1452 9.4122 -119.4836
v  -107.3447 9.4122 -119.4836
v  -107.3447 8.4873 -114.2300
v  -108.1452 8.4873 -114.2300
v  -108.1452 8.8707 -113.7730
v  -107.3447 8.8707 -113.7730
v  -106.5441 8.4873 -114.2300
v  -106.5441 8.8707 -113.7730
v  -107.3447 8.0919 -114.7013
v  -108.1452 8.0919 -114.7013
v  -106.5441 8.0919 -114.7013
v  -105.7436 8.4873 -114.2300
v  -105.7436 8.8707 -113.7730
v  -105.7436 8.0919 -114.7013
v  -105.7436 7.6885 -115.1820
v  -106.5441 7.6885 -115.1820
v  -108.1452 7.6885 -115.1820
v  -107.3447 7.6885 -115.1820
v  -107.3447 9.9523 -112.4839
v  -108.1452 9.9523 -112.4839
v  -106.5441 9.9523 -112.4839
v  -107.3447 9.5966 -112.9079
v  -108.1452 9.5966 -112.9079
v  -106.5441 9.5966 -112.9079
v  -105.7436 9.9523 -112.4839
v  -105.7436 9.5966 -112.9079
v  -105.7436 9.2383 -113.3349
v  -106.5441 9.2383 -113.3349
v  -108.1452 9.2383 -113.3349
v  -107.3447 9.2383 -113.3349
v  -107.3447 15.3851 -106.0116
v  -108.1452 15.3851 -106.0116
v  -106.5441 15.3851 -106.0116
v  -107.3447 15.2726 -106.1448
v  -108.1452 15.2726 -106.1448
v  -106.5441 15.2726 -106.1448
v  -105.7436 15.3851 -106.0116
v  -105.7436 15.2726 -106.1448
v  -105.7436 15.1543 -106.2850
v  -106.5441 15.1543 -106.2850
v  -108.1452 15.1543 -106.2850
v  -107.3447 15.1543 -106.2850
v  -113.3290 14.9861 -115.2272
v  -111.3474 14.9861 -115.2272
v  -111.3474 14.6449 -115.6936
v  -113.3290 14.6449 -115.6936
v  -115.2734 14.9861 -115.2272
v  -115.2726 14.6449 -115.6936
v  -113.3290 15.3135 -114.7342
v  -111.3474 15.3135 -114.7342
v  -115.2742 15.3135 -114.7342
v  -118.9014 14.9861 -115.2272
v  -117.1433 14.9861 -115.2272
v  -117.1400 14.6449 -115.6936
v  -118.8931 14.6449 -115.6936
v  -118.9098 15.3135 -114.7342
v  -117.1466 15.3135 -114.7342
v  -117.1500 15.6230 -114.2180
v  -118.9182 15.6230 -114.2180
v  -118.9267 15.9105 -113.6820
v  -117.1534 15.9105 -113.6820
v  -115.2751 15.6230 -114.2180
v  -115.2759 15.9105 -113.6820
v  -111.3474 15.6230 -114.2180
v  -113.3290 15.6230 -114.2180
v  -113.3290 15.9105 -113.6820
v  -111.3474 15.9105 -113.6820
v  -113.3290 16.1719 -113.1297
v  -111.3474 16.1719 -113.1297
v  -115.2768 16.1719 -113.1297
v  -113.3290 16.4043 -112.5699
v  -111.3474 16.4043 -112.5699
v  -115.2776 16.4043 -112.5699
v  -118.9352 16.1719 -113.1297
v  -117.1568 16.1719 -113.1297
v  -118.9435 16.4043 -112.5699
v  -117.1601 16.4043 -112.5699
v  -117.1633 16.6043 -112.0115
v  -118.9514 16.6043 -112.0115
v  -118.9590 16.7690 -111.4632
v  -117.1663 16.7690 -111.4632
v  -115.2784 16.6043 -112.0115
v  -115.2792 16.7690 -111.4632
v  -111.3474 16.6043 -112.0115
v  -113.3290 16.6043 -112.0115
v  -113.3290 16.7690 -111.4632
v  -111.3474 16.7690 -111.4632
v  -113.3290 16.8953 -110.9341
v  -111.3474 16.8953 -110.9341
v  -115.2799 16.8953 -110.9341
v  -113.3290 16.9813 -110.4167
v  -111.3474 16.9813 -110.4167
v  -115.2805 16.9813 -110.4167
v  -118.9661 16.8953 -110.9341
v  -117.1692 16.8953 -110.9341
v  -118.9727 16.9813 -110.4167
v  -117.1718 16.9813 -110.4167
v  -117.1742 17.0254 -109.9038
v  -118.9787 17.0254 -109.9038
v  -118.9842 17.0259 -109.3881
v  -117.1764 17.0259 -109.3881
v  -115.2811 17.0254 -109.9038
v  -115.2817 17.0259 -109.3881
v  -111.3474 17.0254 -109.9038
v  -113.3290 17.0254 -109.9038
v  -113.3290 17.0259 -109.3881
v  -111.3474 17.0259 -109.3881
v  -113.3290 16.9808 -108.8624
v  -111.3474 16.9808 -108.8624
v  -115.2822 16.9808 -108.8624
v  -113.3290 16.8902 -108.3415
v  -111.3474 16.8902 -108.3415
v  -115.2826 16.8902 -108.3415
v  -118.9892 16.9808 -108.8624
v  -117.1784 16.9808 -108.8624
v  -118.9937 16.8902 -108.3415
v  -117.1802 16.8902 -108.3415
v  -117.1817 16.7537 -107.8404
v  -118.9975 16.7537 -107.8404
v  -119.0008 16.5712 -107.3741
v  -117.1830 16.5712 -107.3741
v  -115.2830 16.7537 -107.8404
v  -115.2833 16.5712 -107.3741
v  -111.3474 16.7537 -107.8404
v  -113.3290 16.7537 -107.8404
v  -113.3290 16.5712 -107.3741
v  -111.3474 16.5712 -107.3741
v  -113.3290 16.3425 -106.9575
v  -111.3474 16.3425 -106.9575
v  -115.2836 16.3425 -106.9575
v  -113.3290 16.0807 -106.5845
v  -111.3474 16.0792 -106.5782
v  -115.2838 16.0818 -106.5892
v  -119.0035 16.3425 -106.9575
v  -117.1841 16.3425 -106.9575
v  -119.0055 16.0821 -106.5907
v  -117.1849 16.0821 -106.5907
v  -117.1855 15.8045 -106.2739
v  -119.0069 15.8045 -106.2739
v  -119.0076 15.5241 -106.0070
v  -117.1858 15.5241 -106.0070
v  -115.2840 15.8030 -106.2676
v  -115.2932 15.5219 -105.9976
v  -111.3474 15.7928 -106.2237
v  -113.3290 15.7986 -106.2488
v  -113.3659 15.5153 -105.9694
v  -111.3474 15.4948 -105.8817
v  -113.4766 15.2496 -105.7652
v  -111.8641 15.2452 -105.7464
v  -115.3209 15.2540 -105.7840
v  -113.5874 14.9920 -105.6016
v  -112.0302 14.9909 -105.5969
v  -115.3486 14.9931 -105.6063
v  -119.0077 15.2555 -105.7903
v  -117.1858 15.2555 -105.7903
v  -119.0072 14.9935 -105.6078
v  -117.1856 14.9935 -105.6078
v  -117.1853 14.7332 -105.4440
v  -119.0064 14.7332 -105.4440
v  -119.0055 14.4695 -105.2828
v  -117.1849 14.4695 -105.2828
v  -115.3577 14.7332 -105.4440
v  -115.3576 14.4695 -105.2828
v  -112.0855 14.7332 -105.4440
v  -113.6243 14.7332 -105.4440
v  -113.6243 14.4695 -105.2828
v  -112.0855 14.4695 -105.2828
v  -113.6243 14.1973 -105.1085
v  -112.0855 14.1973 -105.1086
v  -115.3576 14.1973 -105.1085
v  -113.6243 13.9144 -104.9111
v  -112.0855 13.9144 -104.9111
v  -115.3575 13.9144 -104.9111
v  -119.0048 14.1973 -105.1085
v  -117.1847 14.1973 -105.1085
v  -119.0043 13.9144 -104.9111
v  -117.1845 13.9144 -104.9111
v  -117.1844 13.6184 -104.6802
v  -119.0041 13.6184 -104.6802
v  -119.0043 13.3071 -104.4057
v  -117.1844 13.3071 -104.4057
v  -115.3575 13.6184 -104.6802
v  -115.3575 13.3071 -104.4057
v  -112.0855 13.6184 -104.6802
v  -113.6243 13.6184 -104.6802
v  -113.6243 13.3071 -104.4057
v  -112.0855 13.3071 -104.4057
v  -113.6243 12.9782 -104.0774
v  -112.0855 12.9782 -104.0774
v  -115.3576 12.9782 -104.0774
v  -113.6243 12.6310 -103.6993
v  -112.0855 12.6310 -103.6993
v  -115.3577 12.6310 -103.6993
v  -119.0049 12.9782 -104.0774
v  -117.1847 12.9782 -104.0774
v  -119.0058 12.6310 -103.6993
v  -117.1850 12.6310 -103.6993
v  -117.1855 12.2651 -103.2753
v  -119.0071 12.2651 -103.2753
v  -119.0086 11.8799 -102.8092
v  -117.1862 11.8799 -102.8092
v  -115.3578 12.2651 -103.2753
v  -115.3579 11.8799 -102.8092
v  -112.0855 12.2651 -103.2753
v  -113.6243 12.2651 -103.2753
v  -113.6243 11.8799 -102.8092
v  -112.0855 11.8799 -102.8092
v  -113.6243 11.4748 -102.3051
v  -112.0855 11.4748 -102.3051
v  -115.3581 11.4748 -102.3050
v  -113.6243 11.0529 -101.7843
v  -112.0855 11.0529 -101.7843
v  -115.3583 11.0529 -101.7843
v  -119.0104 11.4748 -102.3050
v  -117.1869 11.4748 -102.3050
v  -119.0123 11.0529 -101.7843
v  -117.1876 11.0529 -101.7843
v  -117.1883 10.6173 -101.2686
v  -119.0139 10.6173 -101.2686
v  -119.0152 10.1709 -100.7795
v  -117.1888 10.1709 -100.7795
v  -115.3585 10.6173 -101.2686
v  -115.3586 10.1709 -100.7795
v  -112.0855 10.6173 -101.2686
v  -113.6243 10.6173 -101.2686
v  -113.6243 10.1709 -100.7795
v  -112.0855 10.1709 -100.7795
v  -113.6243 9.7169 -100.3385
v  -112.0855 9.7169 -100.3385
v  -115.3587 9.7169 -100.3385
v  -113.6243 9.2513 -99.9430
v  -112.0855 9.2513 -99.9430
v  -115.3587 9.2513 -99.9430
v  -119.0158 9.7169 -100.3385
v  -117.1890 9.7169 -100.3385
v  -119.0159 9.2513 -99.9430
v  -117.1891 9.2513 -99.9430
v  -117.1888 8.7702 -99.5904
v  -119.0153 8.7702 -99.5904
v  -119.0141 8.2695 -99.2782
v  -117.1884 8.2695 -99.2782
v  -115.3586 8.7702 -99.5904
v  -115.3585 8.2695 -99.2782
v  -112.0855 8.7702 -99.5904
v  -113.6243 8.7702 -99.5904
v  -113.6243 8.2695 -99.2782
v  -112.0855 8.2695 -99.2782
v  -113.6243 7.7455 -99.0035
v  -112.0855 7.7455 -99.0035
v  -115.3583 7.7455 -99.0035
v  -113.6243 7.1953 -98.7772
v  -112.0855 7.1953 -98.7772
v  -115.3580 7.1953 -98.7772
v  -119.0123 7.7455 -99.0035
v  -117.1876 7.7455 -99.0035
v  -119.0098 7.1953 -98.7772
v  -117.1866 7.1953 -98.7772
v  -117.1852 6.6161 -98.6098
v  -119.0063 6.6161 -98.6098
v  -119.0017 6.0052 -98.5119
v  -117.1834 6.0052 -98.5119
v  -115.3577 6.6161 -98.6098
v  -115.3572 6.0052 -98.5119
v  -112.0855 6.6161 -98.6098
v  -113.6243 6.6161 -98.6098
v  -113.6243 6.0052 -98.5119
v  -112.0855 6.0052 -98.5119
v  -113.6243 5.3597 -98.4942
v  -112.0855 5.3597 -98.4942
v  -115.3567 5.3597 -98.4942
v  -113.6243 4.6967 -98.5511
v  -112.0855 4.6967 -98.5511
v  -115.3560 4.6967 -98.5511
v  -118.9960 5.3597 -98.4942
v  -117.1811 5.3597 -98.4942
v  -118.9893 4.6967 -98.5511
v  -117.1784 4.6967 -98.5511
v  -117.1755 4.0330 -98.6770
v  -118.9818 4.0330 -98.6770
v  -118.9738 3.3856 -98.8664
v  -117.1722 3.3856 -98.8664
v  -115.3553 4.0330 -98.6770
v  -115.3545 3.3856 -98.8664
v  -112.0855 4.0330 -98.6770
v  -113.6243 4.0330 -98.6770
v  -113.6243 3.3856 -98.8664
v  -112.0855 3.3856 -98.8664
v  -113.6243 2.7715 -99.1138
v  -112.0855 2.7715 -99.1138
v  -115.3536 2.7715 -99.1138
v  -113.6243 2.2003 -99.4124
v  -112.0855 2.2003 -99.4124
v  -115.3528 2.2003 -99.4124
v  -118.9655 2.7715 -99.1138
v  -117.1689 2.7715 -99.1138
v  -118.9570 2.2003 -99.4124
v  -117.1655 2.2003 -99.4124
v  -117.1621 1.6818 -99.7556
v  -118.9484 1.6818 -99.7556
v  -118.9400 1.2256 -100.1367
v  -117.1587 1.2256 -100.1367
v  -115.3519 1.6818 -99.7556
v  -115.3511 1.2256 -100.1367
v  -112.0855 1.6818 -99.7556
v  -113.6243 1.6818 -99.7556
v  -113.6243 1.2256 -100.1367
v  -112.0855 1.2256 -100.1367
v  -113.6243 0.8414 -100.5491
v  -112.0855 0.8414 -100.5491
v  -115.3503 0.8414 -100.5491
v  -113.6243 0.5282 -100.9882
v  -112.0855 0.5282 -100.9882
v  -115.3495 0.5282 -100.9882
v  -118.9318 0.8414 -100.5491
v  -117.1555 0.8414 -100.5491
v  -118.9240 0.5282 -100.9882
v  -117.1523 0.5282 -100.9882
v  -117.1494 0.2853 -101.4493
v  -118.9166 0.2853 -101.4493
v  -118.9096 0.1116 -101.9279
v  -117.1466 0.1116 -101.9279
v  -115.3487 0.2853 -101.4493
v  -115.3480 0.1116 -101.9279
v  -112.0855 0.2853 -101.4493
v  -113.6243 0.2853 -101.4493
v  -113.6243 0.1116 -101.9279
v  -112.0855 0.1116 -101.9279
v  -113.6243 0.0063 -102.4192
v  -112.0855 0.0063 -102.4192
v  -115.3474 0.0063 -102.4192
v  -113.6243 -0.0308 -102.9268
v  -112.0855 -0.0308 -102.9268
v  -115.3468 -0.0308 -102.9268
v  -118.9032 0.0063 -102.4192
v  -117.1440 0.0063 -102.4192
v  -118.8973 -0.0308 -102.9268
v  -117.1416 -0.0308 -102.9268
v  -117.1395 0.0004 -103.4538
v  -118.8919 0.0004 -103.4538
v  -118.8868 0.0998 -104.0037
v  -117.1375 0.0998 -104.0037
v  -115.3463 0.0004 -103.4538
v  -115.3458 0.0998 -104.0037
v  -112.0855 0.0004 -103.4538
v  -113.6243 0.0004 -103.4538
v  -113.6243 0.0998 -104.0037
v  -112.0855 0.0998 -104.0037
v  -113.6243 0.2672 -104.5796
v  -112.0855 0.2672 -104.5796
v  -115.3453 0.2672 -104.5796
v  -113.6243 0.4705 -105.1689
v  -112.0855 0.4705 -105.1689
v  -115.3449 0.4705 -105.1689
v  -118.8822 0.2672 -104.5796
v  -117.1356 0.2672 -104.5796
v  -118.8778 0.4705 -105.1689
v  -117.1338 0.4705 -105.1689
v  -117.1321 0.6777 -105.7585
v  -118.8734 0.6777 -105.7585
v  -118.8688 0.8564 -106.3357
v  -117.1302 0.8564 -106.3357
v  -115.3444 0.6777 -105.7585
v  -115.3440 0.8564 -106.3357
v  -112.0855 0.6777 -105.7585
v  -113.6243 0.6777 -105.7585
v  -113.6243 0.8564 -106.3357
v  -112.0855 0.8564 -106.3357
v  -113.6243 0.9746 -106.8875
v  -112.0855 0.9746 -106.8875
v  -115.3435 0.9746 -106.8875
v  -113.6243 1.0329 -107.4301
v  -112.0855 1.0329 -107.4301
v  -115.3429 1.0329 -107.4301
v  -118.8640 0.9746 -106.8875
v  -117.1283 0.9746 -106.8875
v  -118.8586 1.0329 -107.4301
v  -117.1262 1.0329 -107.4301
v  -117.1238 1.0322 -107.9797
v  -118.8526 1.0322 -107.9797
v  -118.8458 0.9732 -108.5524
v  -117.1210 0.9732 -108.5524
v  -115.3423 1.0322 -107.9797
v  -115.3417 0.9732 -108.5524
v  -112.0855 1.0322 -107.9797
v  -113.6243 1.0322 -107.9797
v  -113.6243 0.9732 -108.5524
v  -112.0855 0.9732 -108.5524
v  -113.6243 0.8567 -109.1645
v  -112.0855 0.8567 -109.1645
v  -115.3409 0.8567 -109.1645
v  -113.6243 0.7011 -109.8043
v  -112.0855 0.7011 -109.8043
v  -115.3400 0.7011 -109.8043
v  -118.8380 0.8567 -109.1645
v  -117.1179 0.8567 -109.1645
v  -118.8296 0.7011 -109.8043
v  -117.1146 0.7011 -109.8043
v  -117.1111 0.5251 -110.4606
v  -118.8209 0.5251 -110.4606
v  -118.8121 0.3472 -111.1219
v  -117.1076 0.3472 -111.1219
v  -115.3392 0.5251 -110.4606
v  -115.3383 0.3472 -111.1219
v  -112.0855 0.5251 -110.4606
v  -113.6243 0.5251 -110.4606
v  -113.6243 0.3472 -111.1219
v  -112.0855 0.3472 -111.1219
v  -113.6243 0.1860 -111.7767
v  -112.0855 0.1860 -111.7767
v  -115.3374 0.1860 -111.7767
v  -113.6243 0.0635 -112.4146
v  -112.0855 0.0635 -112.4146
v  -115.3366 0.0635 -112.4146
v  -118.8036 0.1860 -111.7767
v  -117.1041 0.1860 -111.7767
v  -118.7956 0.0635 -112.4146
v  -117.1010 0.0635 -112.4146
v  -117.0981 0.0021 -113.0251
v  -118.7885 0.0021 -113.0251
v  -118.7824 0.0241 -113.5976
v  -117.0957 0.0241 -113.5976
v  -115.3359 0.0021 -113.0251
v  -115.3353 0.0241 -113.5976
v  -112.0855 0.0021 -113.0251
v  -113.6243 0.0021 -113.0251
v  -113.6243 0.0241 -113.5976
v  -112.0855 0.0241 -113.5976
v  -113.6243 0.1515 -114.1218
v  -112.0855 0.1515 -114.1218
v  -115.3349 0.1515 -114.1218
v  -113.6243 0.3536 -114.5963
v  -112.0855 0.3536 -114.5963
v  -115.3345 0.3536 -114.5963
v  -118.7778 0.1515 -114.1218
v  -117.0939 0.1515 -114.1218
v  -118.7745 0.3536 -114.5963
v  -117.0925 0.3536 -114.5963
v  -117.0916 0.5993 -115.0199
v  -118.7723 0.5993 -115.0199
v  -118.7710 0.8578 -115.3912
v  -117.0911 0.8578 -115.3912
v  -115.3343 0.5993 -115.0199
v  -115.3342 0.8578 -115.3912
v  -112.0855 0.5993 -115.0199
v  -113.6243 0.5993 -115.0199
v  -113.6243 0.8578 -115.3912
v  -112.0855 0.8578 -115.3912
v  -113.6243 1.0982 -115.7091
v  -112.0855 1.0982 -115.7091
v  -115.3341 1.0982 -115.7091
v  -113.6243 1.3270 -115.9868
v  -112.0855 1.3270 -115.9868
v  -115.3342 1.3270 -115.9868
v  -118.7706 1.0982 -115.7091
v  -117.0910 1.0982 -115.7091
v  -118.7708 1.3270 -115.9868
v  -117.0910 1.3270 -115.9868
v  -117.0913 1.5506 -116.2378
v  -118.7715 1.5506 -116.2378
v  -118.7723 1.7756 -116.4753
v  -117.0916 1.7756 -116.4753
v  -115.3342 1.5506 -116.2378
v  -115.3343 1.7756 -116.4753
v  -112.0855 1.5506 -116.2378
v  -113.6243 1.5506 -116.2378
v  -113.6243 1.7756 -116.4753
v  -112.0855 1.7756 -116.4753
v  -113.6243 2.0083 -116.7128
v  -112.0855 2.0083 -116.7128
v  -115.3344 2.0083 -116.7128
v  -113.6243 2.2484 -116.9495
v  -112.0855 2.2484 -116.9495
v  -115.3344 2.2484 -116.9495
v  -118.7730 2.0083 -116.7128
v  -117.0919 2.0083 -116.7128
v  -118.7737 2.2484 -116.9495
v  -117.0922 2.2484 -116.9495
v  -117.0923 2.4951 -117.1848
v  -118.7741 2.4951 -117.1848
v  -118.7741 2.7481 -117.4181
v  -117.0924 2.7481 -117.4181
v  -115.3345 2.4951 -117.1848
v  -115.3345 2.7481 -117.4181
v  -112.0855 2.4951 -117.1848
v  -113.6243 2.4951 -117.1848
v  -113.6243 2.7481 -117.4181
v  -112.0855 2.7481 -117.4181
v  -113.6243 3.0067 -117.6485
v  -112.0855 3.0067 -117.6485
v  -115.3344 3.0067 -117.6485
v  -113.6243 3.2725 -117.8780
v  -112.0855 3.2725 -117.8780
v  -115.3344 3.2725 -117.8780
v  -118.7736 3.0067 -117.6485
v  -117.0922 3.0067 -117.6485
v  -118.7728 3.2725 -117.8780
v  -117.0918 3.2725 -117.8780
v  -117.0914 3.5469 -118.1084
v  -118.7717 3.5469 -118.1084
v  -118.7705 3.8314 -118.3415
v  -117.0909 3.8314 -118.3415
v  -115.3342 3.5469 -118.1084
v  -115.3341 3.8314 -118.3415
v  -112.0855 3.5469 -118.1084
v  -113.6243 3.5469 -118.1084
v  -113.6243 3.8314 -118.3415
v  -112.0855 3.8314 -118.3415
v  -113.6243 4.1275 -118.5790
v  -112.0855 4.1275 -118.5790
v  -115.3340 4.1275 -118.5790
v  -113.6243 4.4404 -118.8146
v  -112.0855 4.4404 -118.8146
v  -115.3339 4.4404 -118.8146
v  -118.7693 4.1275 -118.5790
v  -117.0904 4.1275 -118.5790
v  -118.7683 4.4404 -118.8146
v  -117.0900 4.4404 -118.8146
v  -117.0898 4.7754 -119.0417
v  -118.7677 4.7754 -119.0417
v  -118.7677 5.1378 -119.2541
v  -117.0898 5.1378 -119.2541
v  -115.3338 4.7754 -119.0417
v  -115.3338 5.1378 -119.2541
v  -112.0855 4.7754 -119.0417
v  -113.6243 4.7754 -119.0417
v  -113.6243 5.1378 -119.2541
v  -112.0855 5.1378 -119.2541
v  -113.6243 5.5327 -119.4452
v  -112.0855 5.5327 -119.4452
v  -115.3339 5.5327 -119.4452
v  -113.6243 5.9559 -119.6075
v  -112.0855 5.9559 -119.6075
v  -115.3341 5.9559 -119.6075
v  -118.7686 5.5327 -119.4452
v  -117.0902 5.5327 -119.4452
v  -118.7703 5.9559 -119.6075
v  -117.0909 5.9559 -119.6075
v  -117.0918 6.4028 -119.7335
v  -118.7728 6.4028 -119.7335
v  -118.7760 6.8690 -119.8156
v  -117.0931 6.8690 -119.8156
v  -115.3344 6.4028 -119.7335
v  -115.3347 6.8690 -119.8156
v  -112.0856 6.4028 -119.7335
v  -113.6243 6.4028 -119.7335
v  -113.6243 6.8690 -119.8156
v  -112.0855 6.8690 -119.8156
v  -113.6243 7.3501 -119.8462
v  -112.0856 7.3501 -119.8462
v  -115.3351 7.3501 -119.8462
v  -113.6243 7.8455 -119.8268
v  -112.0855 7.8455 -119.8268
v  -115.3356 7.8455 -119.8268
v  -118.7801 7.3501 -119.8462
v  -117.0947 7.3501 -119.8462
v  -118.7848 7.8455 -119.8268
v  -117.0966 7.8455 -119.8268
v  -117.0988 8.3548 -119.7590
v  -118.7901 8.3548 -119.7590
v  -118.7961 8.8772 -119.6441
v  -117.1012 8.8772 -119.6441
v  -115.3361 8.3548 -119.7590
v  -115.3367 8.8772 -119.6441
v  -112.0856 8.3548 -119.7590
v  -113.6243 8.3548 -119.7590
v  -113.6243 8.8772 -119.6441
v  -112.0855 8.8772 -119.6441
v  -113.6243 9.4122 -119.4836
v  -112.0856 9.4122 -119.4836
v  -115.3373 9.4122 -119.4836
v  -113.5874 9.9562 -119.2842
v  -112.0302 9.9566 -119.2877
v  -115.3288 9.9558 -119.2808
v  -118.8027 9.4122 -119.4836
v  -117.1038 9.4122 -119.4836
v  -118.8098 9.9556 -119.2796
v  -117.1066 9.9556 -119.2796
v  -117.1097 10.5032 -119.0343
v  -118.8174 10.5032 -119.0343
v  -118.8256 11.0506 -118.7499
v  -117.1129 11.0506 -118.7498
v  -115.3019 10.5037 -119.0390
v  -115.2750 11.0514 -118.7568
v  -111.8641 10.5070 -119.0668
v  -113.4766 10.5054 -119.0529
v  -113.3659 11.0539 -118.7777
v  -111.3474 11.0616 -118.8425
v  -113.3290 11.5958 -118.4468
v  -111.3474 11.5980 -118.4654
v  -115.2667 11.5941 -118.4329
v  -113.3290 12.1231 -118.0827
v  -111.3474 12.1237 -118.0873
v  -115.2676 12.1227 -118.0792
v  -118.8342 11.5936 -118.4283
v  -117.1164 11.5936 -118.4283
v  -118.8432 12.1226 -118.0780
v  -117.1200 12.1226 -118.0780
v  -117.1236 12.6280 -117.7075
v  -118.8521 12.6280 -117.7075
v  -118.8609 13.1004 -117.3250
v  -117.1271 13.1004 -117.3250
v  -115.2685 12.6280 -117.7075
v  -115.2693 13.1004 -117.3250
v  -111.3474 12.6280 -117.7075
v  -113.3290 12.6280 -117.7075
v  -113.3290 13.1004 -117.3250
v  -111.3474 13.1004 -117.3250
v  -113.3290 13.5300 -116.9390
v  -111.3474 13.5300 -116.9390
v  -115.2702 13.5300 -116.9390
v  -113.3290 13.9251 -116.5429
v  -111.3474 13.9251 -116.5429
v  -115.2710 13.9251 -116.5429
v  -118.8692 13.5300 -116.9390
v  -117.1304 13.5300 -116.9390
v  -118.8772 13.9251 -116.5429
v  -117.1336 13.9251 -116.5429
v  -117.1368 14.2940 -116.1299
v  -118.8852 14.2940 -116.1299
v  -115.2718 14.2940 -116.1299
v  -111.3474 14.2940 -116.1299
v  -113.3290 14.2940 -116.1299
v  -120.5104 14.9861 -115.2272
v  -120.4940 14.6449 -115.6936
v  -122.0077 14.9861 -115.2272
v  -121.9806 14.6449 -115.6936
v  -120.5272 15.3135 -114.7342
v  -122.0354 15.3135 -114.7342
v  -124.8160 14.9861 -115.2272
v  -123.4305 14.9861 -115.2272
v  -123.3910 14.6449 -115.6936
v  -124.7634 14.6449 -115.6936
v  -124.8698 15.3135 -114.7342
v  -123.4708 15.3135 -114.7342
v  -123.5115 15.6230 -114.2180
v  -124.9240 15.6230 -114.2180
v  -124.9784 15.9105 -113.6820
v  -123.5523 15.9105 -113.6820
v  -122.0634 15.6230 -114.2180
v  -122.0915 15.9105 -113.6820
v  -120.5442 15.6230 -114.2180
v  -120.5612 15.9105 -113.6820
v  -120.5781 16.1719 -113.1297
v  -122.1193 16.1719 -113.1297
v  -120.5946 16.4043 -112.5699
v  -122.1466 16.4043 -112.5699
v  -125.0324 16.1719 -113.1297
v  -123.5928 16.1719 -113.1297
v  -125.0853 16.4043 -112.5699
v  -123.6325 16.4043 -112.5699
v  -123.6708 16.6043 -112.0115
v  -125.1364 16.6043 -112.0115
v  -125.1850 16.7690 -111.4632
v  -123.7072 16.7690 -111.4632
v  -122.1729 16.6043 -112.0115
v  -122.1980 16.7690 -111.4632
v  -120.6106 16.6043 -112.0115
v  -120.6257 16.7690 -111.4632
v  -120.6399 16.8953 -110.9341
v  -122.2213 16.8953 -110.9341
v  -120.6530 16.9813 -110.4167
v  -122.2430 16.9813 -110.4167
v  -125.2303 16.8953 -110.9341
v  -123.7412 16.8953 -110.9341
v  -125.2723 16.9813 -110.4167
v  -123.7727 16.9813 -110.4167
v  -123.8018 17.0254 -109.9038
v  -125.3110 17.0254 -109.9038
v  -125.3464 17.0259 -109.3881
v  -123.8283 17.0259 -109.3881
v  -122.2630 17.0254 -109.9038
v  -122.2812 17.0259 -109.3881
v  -120.6651 17.0254 -109.9038
v  -120.6762 17.0259 -109.3881
v  -120.6861 16.9808 -108.8624
v  -122.2976 16.9808 -108.8624
v  -120.6950 16.8902 -108.3415
v  -122.3123 16.8902 -108.3415
v  -125.3783 16.9808 -108.8624
v  -123.8522 16.9808 -108.8624
v  -125.4067 16.8902 -108.3415
v  -123.8735 16.8902 -108.3415
v  -123.8921 16.7537 -107.8404
v  -125.4315 16.7537 -107.8404
v  -125.4525 16.5712 -107.3741
v  -123.9079 16.5712 -107.3741
v  -122.3251 16.7537 -107.8404
v  -122.3359 16.5712 -107.3741
v  -120.7028 16.7537 -107.8404
v  -120.7093 16.5712 -107.3741
v  -120.7147 16.3425 -106.9575
v  -122.3447 16.3425 -106.9575
v  -120.7188 16.0821 -106.5907
v  -122.3516 16.0818 -106.5892
v  -125.4696 16.3425 -106.9575
v  -123.9207 16.3425 -106.9575
v  -125.4839 16.0792 -106.5782
v  -123.9311 16.0807 -106.5845
v  -123.9395 15.7986 -106.2488
v  -125.4962 15.7928 -106.2237
v  -125.5075 15.4948 -105.8817
v  -123.9426 15.5143 -105.9686
v  -122.3567 15.8030 -106.2676
v  -122.3589 15.5217 -105.9974
v  -120.7216 15.8045 -106.2739
v  -120.7230 15.5241 -106.0070
v  -120.7230 15.2555 -105.7903
v  -122.3576 15.2530 -105.7832
v  -120.7220 14.9935 -105.6078
v  -122.3545 14.9916 -105.6050
v  -125.4799 15.2275 -105.7316
v  -123.9372 15.2457 -105.7619
v  -125.4676 14.9737 -105.5824
v  -123.9289 14.9859 -105.5964
v  -123.9234 14.7283 -105.4398
v  -125.4603 14.7209 -105.4337
v  -125.4557 14.4634 -105.2776
v  -123.9197 14.4670 -105.2807
v  -122.3515 14.7320 -105.4429
v  -122.3488 14.4689 -105.2823
v  -120.7205 14.7332 -105.4440
v  -120.7188 14.4695 -105.2828
v  -120.7174 14.1973 -105.1085
v  -122.3465 14.1971 -105.1083
v  -120.7164 13.9144 -104.9111
v  -122.3450 13.9143 -104.9110
v  -125.4519 14.1949 -105.1065
v  -123.9166 14.1963 -105.1077
v  -125.4492 13.9138 -104.9105
v  -123.9145 13.9142 -104.9109
v  -123.9135 13.6184 -104.6802
v  -125.4481 13.6184 -104.6802
v  -125.4489 13.3071 -104.4057
v  -123.9142 13.3071 -104.4057
v  -122.3443 13.6184 -104.6802
v  -122.3448 13.3071 -104.4057
v  -120.7160 13.6184 -104.6802
v  -120.7163 13.3071 -104.4057
v  -120.7174 12.9782 -104.0774
v  -122.3466 12.9782 -104.0774
v  -120.7193 12.6310 -103.6993
v  -122.3496 12.6310 -103.6993
v  -125.4520 12.9782 -104.0774
v  -123.9167 12.9782 -104.0774
v  -125.4571 12.6310 -103.6993
v  -123.9209 12.6310 -103.6993
v  -123.9265 12.2651 -103.2753
v  -125.4640 12.2651 -103.2753
v  -125.4724 11.8799 -102.8092
v  -123.9334 11.8799 -102.8092
v  -122.3537 12.2651 -103.2753
v  -122.3587 11.8799 -102.8092
v  -120.7219 12.2651 -103.2753
v  -120.7250 11.8799 -102.8092
v  -120.7286 11.4748 -102.3050
v  -122.3645 11.4748 -102.3050
v  -120.7322 11.0529 -101.7843
v  -122.3703 11.0529 -101.7843
v  -125.4821 11.4748 -102.3050
v  -123.9413 11.4748 -102.3050
v  -125.4920 11.0529 -101.7843
v  -123.9493 11.0529 -101.7843
v  -123.9565 10.6173 -101.2686
v  -125.5008 10.6173 -101.2686
v  -125.5076 10.1709 -100.7795
v  -123.9620 10.1709 -100.7795
v  -122.3755 10.6173 -101.2686
v  -122.3796 10.1709 -100.7795
v  -120.7355 10.6173 -101.2686
v  -120.7380 10.1709 -100.7795
v  -120.7393 9.7169 -100.3385
v  -122.3817 9.7169 -100.3385
v  -120.7394 9.2513 -99.9430
v  -122.3818 9.2513 -99.9430
v  -125.5112 9.7169 -100.3385
v  -123.9649 9.7169 -100.3385
v  -125.5114 9.2513 -99.9430
v  -123.9651 9.2513 -99.9430
v  -123.9627 8.7702 -99.5904
v  -125.5084 8.7702 -99.5904
v  -125.5020 8.2695 -99.2782
v  -123.9575 8.2695 -99.2782
v  -122.3800 8.7702 -99.5904
v  -122.3763 8.2695 -99.2782
v  -120.7383 8.7702 -99.5904
v  -120.7359 8.2695 -99.2782
v  -120.7323 7.7455 -99.0035
v  -122.3705 7.7455 -99.0035
v  -120.7272 7.1953 -98.7772
v  -122.3623 7.1953 -98.7772
v  -125.4923 7.7455 -99.0035
v  -123.9495 7.7455 -99.0035
v  -125.4784 7.1953 -98.7772
v  -123.9382 7.1953 -98.7772
v  -123.9229 6.6161 -98.6098
v  -125.4596 6.6161 -98.6098
v  -125.4351 6.0052 -98.5119
v  -123.9030 6.0052 -98.5119
v  -122.3511 6.6161 -98.6098
v  -122.3366 6.0052 -98.5119
v  -120.7202 6.6161 -98.6098
v  -120.7112 6.0052 -98.5119
v  -120.6997 5.3597 -98.4942
v  -122.3183 5.3597 -98.4942
v  -120.6863 4.6967 -98.5511
v  -122.2968 4.6967 -98.5511
v  -125.4042 5.3597 -98.4942
v  -123.8777 5.3597 -98.4942
v  -125.3680 4.6967 -98.5510
v  -123.8482 4.6967 -98.5511
v  -123.8154 4.0330 -98.6770
v  -125.3277 4.0330 -98.6770
v  -125.2844 3.3856 -98.8664
v  -123.7802 3.3856 -98.8664
v  -122.2729 4.0330 -98.6770
v  -122.2473 3.3856 -98.8664
v  -120.6714 4.0330 -98.6770
v  -120.6553 3.3856 -98.8664
v  -120.6387 2.7715 -99.1138
v  -122.2206 2.7715 -99.1138
v  -120.6216 2.2003 -99.4124
v  -122.1934 2.2003 -99.4124
v  -125.2394 2.7715 -99.1138
v  -123.7435 2.7715 -99.1138
v  -125.1934 2.2003 -99.4124
v  -123.7060 2.2003 -99.4124
v  -123.6684 1.6818 -99.7556
v  -125.1472 1.6818 -99.7556
v  -125.1017 1.2256 -100.1367
v  -123.6313 1.2256 -100.1367
v  -122.1660 1.6818 -99.7556
v  -122.1390 1.2256 -100.1367
v  -120.6045 1.6818 -99.7556
v  -120.5877 1.2256 -100.1367
v  -120.5714 0.8414 -100.5491
v  -122.1129 0.8414 -100.5491
v  -120.5557 0.5282 -100.9882
v  -122.0879 0.5282 -100.9882
v  -125.0577 0.8414 -100.5491
v  -123.5954 0.8414 -100.5491
v  -125.0154 0.5282 -100.9882
v  -123.5610 0.5282 -100.9882
v  -123.5283 0.2853 -101.4493
v  -124.9753 0.2853 -101.4493
v  -124.9378 0.1116 -101.9279
v  -123.4977 0.1116 -101.9279
v  -122.0641 0.2853 -101.4493
v  -122.0419 0.1116 -101.9279
v  -120.5409 0.2853 -101.4493
v  -120.5270 0.1116 -101.9279
v  -120.5141 0.0063 -102.4192
v  -122.0214 0.0063 -102.4192
v  -120.5023 -0.0308 -102.9268
v  -122.0024 -0.0308 -102.9268
v  -124.9032 0.0063 -102.4192
v  -123.4695 0.0063 -102.4192
v  -124.8712 -0.0308 -102.9268
v  -123.4435 -0.0308 -102.9268
v  -123.4195 0.0004 -103.4538
v  -124.8418 0.0004 -103.4538
v  -124.8147 0.0998 -104.0037
v  -123.3974 0.0998 -104.0037
v  -121.9850 0.0004 -103.4538
v  -121.9689 0.0998 -104.0037
v  -120.4914 0.0004 -103.4538
v  -120.4814 0.0998 -104.0037
v  -120.4721 0.2672 -104.5796
v  -121.9541 0.2672 -104.5796
v  -120.4632 0.4705 -105.1689
v  -121.9399 0.4705 -105.1689
v  -124.7896 0.2672 -104.5796
v  -123.3770 0.2672 -104.5796
v  -124.7657 0.4705 -105.1689
v  -123.3575 0.4705 -105.1689
v  -123.3382 0.6777 -105.7585
v  -124.7420 0.6777 -105.7585
v  -124.7175 0.8564 -106.3357
v  -123.3182 0.8564 -106.3357
v  -121.9259 0.6777 -105.7585
v  -121.9113 0.8564 -106.3357
v  -120.4544 0.6777 -105.7585
v  -120.4454 0.8564 -106.3357
v  -120.4356 0.9746 -106.8875
v  -121.8957 0.9746 -106.8875
v  -120.4249 1.0329 -107.4301
v  -121.8786 1.0329 -107.4301
v  -124.6911 0.9746 -106.8875
v  -123.2967 0.9746 -106.8875
v  -124.6622 1.0329 -107.4301
v  -123.2732 1.0329 -107.4301
v  -123.2467 1.0322 -107.9797
v  -124.6298 1.0322 -107.9797
v  -124.5930 0.9732 -108.5524
v  -123.2168 0.9732 -108.5524
v  -121.8594 1.0322 -107.9797
v  -121.8376 0.9732 -108.5524
v  -120.4129 1.0322 -107.9797
v  -120.3993 0.9732 -108.5524
v  -120.3838 0.8567 -109.1645
v  -121.8128 0.8567 -109.1645
v  -120.3669 0.7011 -109.8043
v  -121.7858 0.7011 -109.8043
v  -124.5511 0.8567 -109.1645
v  -123.1827 0.8567 -109.1645
v  -124.5057 0.7011 -109.8043
v  -123.1457 0.7011 -109.8043
v  -123.1071 0.5251 -110.4606
v  -124.4584 0.5251 -110.4606
v  -124.4110 0.3472 -111.1219
v  -123.0685 0.3472 -111.1219
v  -121.7578 0.5251 -110.4606
v  -121.7297 0.3472 -111.1219
v  -120.3494 0.5251 -110.4606
v  -120.3318 0.3472 -111.1219
v  -120.3148 0.1860 -111.7767
v  -121.7024 0.1860 -111.7767
v  -120.2989 0.0635 -112.4146
v  -121.6769 0.0635 -112.4146
v  -124.3650 0.1860 -111.7767
v  -123.0310 0.1860 -111.7767
v  -124.3219 0.0635 -112.4146
v  -122.9959 0.0635 -112.4146
v  -122.9645 0.0021 -113.0251
v  -124.2834 0.0021 -113.0251
v  -124.2510 0.0241 -113.5976
v  -122.9381 0.0241 -113.5976
v  -121.6541 0.0021 -113.0251
v  -121.6349 0.0241 -113.5976
v  -120.2846 0.0021 -113.0251
v  -120.2726 0.0241 -113.5976
v  -120.2634 0.1515 -114.1218
v  -121.6201 0.1515 -114.1218
v  -120.2567 0.3536 -114.5963
v  -121.6094 0.3536 -114.5963
v  -124.2261 0.1515 -114.1218
v  -122.9178 0.1515 -114.1218
v  -124.2080 0.3536 -114.5963
v  -122.9031 0.3536 -114.5963
v  -122.8933 0.5993 -115.0199
v  -124.1960 0.5993 -115.0199
v  -124.1893 0.8578 -115.3912
v  -122.8878 0.8578 -115.3912
v  -121.6023 0.5993 -115.0199
v  -121.5983 0.8578 -115.3912
v  -120.2522 0.5993 -115.0199
v  -120.2497 0.8578 -115.3912
v  -120.2489 1.0982 -115.7091
v  -121.5970 1.0982 -115.7091
v  -120.2494 1.3270 -115.9868
v  -121.5977 1.3270 -115.9868
v  -124.1871 1.0982 -115.7091
v  -122.8860 1.0982 -115.7091
v  -124.1883 1.3270 -115.9868
v  -122.8870 1.3270 -115.9868
v  -122.8898 1.5506 -116.2378
v  -124.1916 1.5506 -116.2378
v  -124.1960 1.7756 -116.4753
v  -122.8933 1.7756 -116.4753
v  -121.5997 1.5506 -116.2378
v  -121.6023 1.7756 -116.4753
v  -120.2506 1.5506 -116.2378
v  -120.2522 1.7756 -116.4753
v  -120.2538 2.0083 -116.7128
v  -121.6048 2.0083 -116.7128
v  -120.2551 2.2484 -116.9495
v  -121.6069 2.2484 -116.9495
v  -124.2002 2.0083 -116.7128
v  -122.8968 2.0083 -116.7128
v  -124.2037 2.2484 -116.9495
v  -122.8996 2.2484 -116.9495
v  -122.9013 2.4951 -117.1848
v  -124.2058 2.4951 -117.1848
v  -124.2058 2.7481 -117.4181
v  -122.9013 2.7481 -117.4181
v  -121.6081 2.4951 -117.1848
v  -121.6081 2.7481 -117.4181
v  -120.2558 2.4951 -117.1848
v  -120.2559 2.7481 -117.4181
v  -120.2549 3.0067 -117.6485
v  -121.6066 3.0067 -117.6485
v  -120.2533 3.2725 -117.8780
v  -121.6040 3.2725 -117.8780
v  -124.2033 3.0067 -117.6485
v  -122.8992 3.0067 -117.6485
v  -124.1988 3.2725 -117.8780
v  -122.8956 3.2725 -117.8780
v  -122.8909 3.5469 -118.1084
v  -124.1930 3.5469 -118.1084
v  -124.1865 3.8313 -118.3414
v  -122.8856 3.8314 -118.3414
v  -121.6005 3.5469 -118.1084
v  -121.5967 3.8314 -118.3415
v  -120.2511 3.5469 -118.1084
v  -120.2487 3.8314 -118.3415
v  -120.2463 4.1275 -118.5790
v  -121.5928 4.1275 -118.5790
v  -120.2443 4.4404 -118.8146
v  -121.5896 4.4404 -118.8146
v  -124.1800 4.1274 -118.5789
v  -122.8803 4.1274 -118.5790
v  -124.1746 4.4403 -118.8145
v  -122.8759 4.4403 -118.8145
v  -122.8733 4.7754 -119.0417
v  -124.1714 4.7753 -119.0416
v  -124.1716 5.1376 -119.2540
v  -122.8735 5.1377 -119.2541
v  -121.5877 4.7754 -119.0417
v  -121.5879 5.1378 -119.2541
v  -120.2431 4.7754 -119.0417
v  -120.2432 5.1378 -119.2541
v  -120.2449 5.5327 -119.4452
v  -121.5907 5.5327 -119.4452
v  -120.2483 5.9559 -119.6075
v  -121.5961 5.9559 -119.6075
v  -124.1763 5.5326 -119.4451
v  -122.8773 5.5327 -119.4452
v  -124.1855 5.9558 -119.6074
v  -122.8847 5.9558 -119.6075
v  -122.8956 6.4027 -119.7335
v  -124.1989 6.4027 -119.7334
v  -124.2164 6.8689 -119.8155
v  -122.9099 6.8689 -119.8156
v  -121.6040 6.4027 -119.7335
v  -121.6144 6.8690 -119.8156
v  -120.2533 6.4028 -119.7335
v  -120.2598 6.8690 -119.8156
v  -120.2678 7.3501 -119.8462
v  -121.6272 7.3501 -119.8462
v  -120.2772 7.8455 -119.8268
v  -121.6423 7.8455 -119.8268
v  -124.2380 7.3501 -119.8462
v  -122.9276 7.3501 -119.8462
v  -124.2635 7.8455 -119.8268
v  -122.9483 7.8455 -119.8268
v  -122.9719 8.3548 -119.7590
v  -124.2925 8.3548 -119.7590
v  -124.3248 8.8772 -119.6441
v  -122.9982 8.8772 -119.6441
v  -121.6595 8.3548 -119.7590
v  -121.6786 8.8772 -119.6441
v  -120.2879 8.3548 -119.7590
v  -120.2999 8.8772 -119.6441
v  -120.3130 9.4122 -119.4836
v  -121.6996 9.4122 -119.4836
v  -120.3272 9.9556 -119.2796
v  -121.7203 9.9558 -119.2808
v  -124.3601 9.4122 -119.4836
v  -123.0270 9.4122 -119.4836
v  -124.3863 9.9566 -119.2877
v  -123.0502 9.9562 -119.2843
v  -123.0596 10.5054 -119.0529
v  -124.3909 10.5070 -119.0668
v  -124.3227 11.0616 -118.8425
v  -123.0726 11.0539 -118.7777
v  -121.7387 10.5037 -119.0390
v  -121.7591 11.0514 -118.7568
v  -120.3425 10.5032 -119.0343
v  -120.3588 11.0506 -118.7499
v  -120.3762 11.5936 -118.4283
v  -121.7858 11.5941 -118.4329
v  -120.3940 12.1226 -118.0780
v  -121.8156 12.1227 -118.0792
v  -124.3831 11.5980 -118.4654
v  -123.1066 11.5958 -118.4468
v  -124.4427 12.1237 -118.0873
v  -123.1507 12.1231 -118.0827
v  -123.1942 12.6280 -117.7075
v  -124.5009 12.6280 -117.7075
v  -124.5570 13.1004 -117.3250
v  -123.2362 13.1004 -117.3250
v  -121.8453 12.6280 -117.7075
v  -121.8742 13.1004 -117.3250
v  -120.4120 12.6280 -117.7075
v  -120.4295 13.1004 -117.3250
v  -120.4461 13.5300 -116.9390
v  -121.9016 13.5300 -116.9390
v  -120.4622 13.9251 -116.5429
v  -121.9281 13.9251 -116.5429
v  -124.6101 13.5300 -116.9390
v  -123.2761 13.5300 -116.9390
v  -124.6615 13.9251 -116.5429
v  -123.3146 13.9251 -116.5429
v  -123.3527 14.2940 -116.1299
v  -124.7122 14.2940 -116.1299
v  -121.9542 14.2940 -116.1299
v  -120.4780 14.2940 -116.1299
v  -126.3250 10.6198 -111.5605
v  -124.8160 10.6826 -111.6131
v  -124.7634 10.3120 -112.0548
v  -126.2723 10.2492 -112.0022
v  -127.8339 10.5571 -111.5078
v  -127.7812 10.1864 -111.9495
v  -126.3787 10.9979 -111.1100
v  -124.8698 11.0606 -111.1626
v  -127.8876 10.9351 -111.0573
v  -130.8518 10.4315 -111.4025
v  -129.3428 10.4943 -111.4551
v  -129.2902 10.1237 -111.8968
v  -130.7991 10.0609 -111.8442
v  -130.9055 10.8096 -110.9520
v  -129.3966 10.8723 -111.0046
v  -129.4509 11.2544 -110.5493
v  -130.9598 11.1916 -110.4967
v  -131.0142 11.5743 -110.0406
v  -129.5052 11.6371 -110.0932
v  -127.9419 11.3171 -110.6020
v  -127.9963 11.6998 -110.1459
v  -124.9240 11.4427 -110.7073
v  -126.4330 11.3799 -110.6547
v  -126.4874 11.7626 -110.1986
v  -124.9784 11.8254 -110.2512
v  -126.5414 12.1426 -109.7457
v  -125.0324 12.2054 -109.7984
v  -128.0503 12.0798 -109.6930
v  -126.5943 12.5142 -109.3028
v  -125.0853 12.5770 -109.3555
v  -128.1032 12.4515 -109.2501
v  -131.0682 11.9543 -109.5877
v  -129.5592 12.0171 -109.6404
v  -131.1211 12.3259 -109.1448
v  -129.6121 12.3887 -109.1975
v  -129.6632 12.7463 -108.7713
v  -131.1722 12.6836 -108.7186
v  -131.2207 13.0216 -108.3158
v  -129.7118 13.0844 -108.3684
v  -128.1543 12.8091 -108.8239
v  -128.2029 13.1471 -108.4211
v  -125.1364 12.9346 -108.9293
v  -126.6453 12.8719 -108.8766
v  -126.6939 13.2099 -108.4738
v  -125.1850 13.2726 -108.5264
v  -126.7392 13.5226 -108.1011
v  -125.2303 13.5854 -108.1538
v  -128.2482 13.4598 -108.0484
v  -126.7813 13.8069 -107.7623
v  -125.2723 13.8697 -107.8149
v  -128.2902 13.7441 -107.7096
v  -131.2660 13.3343 -107.9431
v  -129.7571 13.3971 -107.9958
v  -131.3081 13.6186 -107.6043
v  -129.7991 13.6814 -107.6569
v  -129.8378 13.9341 -107.3558
v  -131.3468 13.8713 -107.3031
v  -131.3821 14.0893 -107.0433
v  -129.8732 14.1521 -107.0960
v  -128.3289 13.9968 -107.4084
v  -128.3642 14.2148 -107.1487
v  -125.3110 14.1224 -107.5138
v  -126.8200 14.0596 -107.4611
v  -126.8553 14.2776 -107.2013
v  -125.3464 14.3404 -107.2540
v  -126.8872 14.4577 -106.9867
v  -125.3783 14.5205 -107.0393
v  -128.3962 14.3949 -106.9340
v  -126.9156 14.6105 -106.8046
v  -125.4067 14.6733 -106.8572
v  -128.4246 14.5478 -106.7519
v  -131.4140 14.2694 -106.8287
v  -129.9051 14.3322 -106.8813
v  -131.4424 14.4223 -106.6466
v  -129.9335 14.4850 -106.6992
v  -129.9583 14.6212 -106.5371
v  -131.4672 14.5585 -106.4844
v  -131.4882 14.6886 -106.3296
v  -129.9793 14.7514 -106.3823
v  -128.4493 14.6840 -106.5898
v  -128.4704 14.8142 -106.4350
v  -125.4315 14.8095 -106.6951
v  -126.9404 14.7467 -106.6424
v  -126.9614 14.8769 -106.4876
v  -125.4525 14.9397 -106.5403
v  -127.0039 15.1927 -105.6974
v  -127.0164 15.4320 -105.8290
v  -128.5055 15.1496 -105.6611
v  -128.5254 15.3693 -105.7764
v  -126.9932 14.9521 -105.5630
v  -128.4892 14.9259 -105.5410
v  -131.3727 15.0785 -105.6065
v  -129.9810 15.1064 -105.6249
v  -130.0343 15.3065 -105.7237
v  -131.5433 15.2437 -105.6710
v  -131.3145 14.8798 -105.5036
v  -129.9396 14.8996 -105.5190
v  -129.9221 14.6793 -105.3987
v  -131.2917 14.6670 -105.3884
v  -131.2872 14.4364 -105.2550
v  -129.9170 14.4425 -105.2602
v  -128.4800 14.6940 -105.4110
v  -128.4748 14.4499 -105.2663
v  -126.9859 14.7087 -105.4234
v  -126.9809 14.4572 -105.2725
v  -126.9766 14.1924 -105.1044
v  -128.4704 14.1895 -105.1020
v  -126.9737 13.9132 -104.9100
v  -128.4674 13.9124 -104.9094
v  -131.2834 14.1841 -105.0974
v  -129.9128 14.1865 -105.0995
v  -131.2807 13.9111 -104.9083
v  -129.9099 13.9117 -104.9088
v  -129.9086 13.6184 -104.6802
v  -131.2796 13.6184 -104.6802
v  -131.2804 13.3071 -104.4057
v  -129.9095 13.3071 -104.4057
v  -128.4661 13.6184 -104.6802
v  -128.4670 13.3071 -104.4057
v  -126.9724 13.6184 -104.6802
v  -126.9733 13.3071 -104.4057
v  -126.9767 12.9782 -104.0774
v  -128.4705 12.9782 -104.0774
v  -126.9824 12.6310 -103.6993
v  -128.4764 12.6310 -103.6993
v  -131.2835 12.9782 -104.0774
v  -129.9129 12.9782 -104.0774
v  -131.2886 12.6310 -103.6993
v  -129.9186 12.6310 -103.6993
v  -129.9263 12.2651 -103.2753
v  -131.2955 12.2651 -103.2753
v  -131.3039 11.8799 -102.8092
v  -129.9356 11.8799 -102.8092
v  -128.4843 12.2651 -103.2753
v  -128.4940 11.8799 -102.8092
v  -126.9901 12.2651 -103.2753
v  -126.9995 11.8799 -102.8092
v  -127.0102 11.4748 -102.3050
v  -128.5051 11.4748 -102.3050
v  -127.0212 11.0529 -101.7843
v  -128.5164 11.0529 -101.7843
v  -131.3136 11.4748 -102.3050
v  -129.9464 11.4748 -102.3050
v  -131.3235 11.0529 -101.7843
v  -129.9573 11.0529 -101.7843
v  -129.9672 10.6173 -101.2686
v  -131.3323 10.6173 -101.2686
v  -131.3391 10.1709 -100.7795
v  -129.9747 10.1709 -100.7795
v  -128.5266 10.6173 -101.2686
v  -128.5344 10.1709 -100.7795
v  -127.0310 10.6173 -101.2686
v  -127.0385 10.1709 -100.7795
v  -127.0425 9.7169 -100.3385
v  -128.5385 9.7169 -100.3385
v  -127.0428 9.2513 -99.9430
v  -128.5388 9.2513 -99.9430
v  -131.3427 9.7169 -100.3385
v  -129.9786 9.7169 -100.3385
v  -131.3429 9.2513 -99.9430
v  -129.9790 9.2513 -99.9430
v  -129.9756 8.7702 -99.5904
v  -131.3399 8.7702 -99.5904
v  -131.3335 8.2695 -99.2782
v  -129.9685 8.2695 -99.2782
v  -128.5353 8.7702 -99.5904
v  -128.5280 8.2695 -99.2782
v  -127.0394 8.7702 -99.5904
v  -127.0324 8.2695 -99.2782
v  -127.0215 7.7455 -99.0035
v  -128.5168 7.7455 -99.0035
v  -127.0061 7.1953 -98.7772
v  -128.5009 7.1953 -98.7772
v  -131.3238 7.7455 -99.0035
v  -129.9577 7.7455 -99.0035
v  -131.3099 7.1953 -98.7772
v  -129.9423 7.1953 -98.7772
v  -129.9214 6.6161 -98.6098
v  -131.2911 6.6161 -98.6098
v  -131.2666 6.0052 -98.5119
v  -129.8942 6.0052 -98.5119
v  -128.4793 6.6161 -98.6098
v  -128.4511 6.0052 -98.5119
v  -126.9852 6.6161 -98.6098
v  -126.9580 6.0052 -98.5119
v  -126.9236 5.3597 -98.4942
v  -128.4156 5.3597 -98.4942
v  -126.8834 4.6967 -98.5510
v  -128.3741 4.6967 -98.5510
v  -131.2357 5.3597 -98.4942
v  -129.8598 5.3597 -98.4942
v  -131.1995 4.6967 -98.5510
v  -129.8196 4.6967 -98.5510
v  -129.7748 4.0330 -98.6770
v  -131.1591 4.0330 -98.6770
v  -131.1159 3.3856 -98.8664
v  -129.7267 3.3856 -98.8664
v  -128.3278 4.0330 -98.6770
v  -128.2781 3.3856 -98.8664
v  -126.8386 4.0330 -98.6770
v  -126.7905 3.3856 -98.8664
v  -126.7405 2.7715 -99.1138
v  -128.2264 2.7715 -99.1138
v  -126.6894 2.2003 -99.4124
v  -128.1736 2.2003 -99.4124
v  -131.0709 2.7715 -99.1138
v  -129.6767 2.7715 -99.1138
v  -131.0249 2.2003 -99.4124
v  -129.6256 2.2003 -99.4124
v  -129.5743 1.6818 -99.7556
v  -130.9787 1.6818 -99.7556
v  -130.9332 1.2256 -100.1367
v  -129.5237 1.2256 -100.1367
v  -128.1206 1.6818 -99.7556
v  -128.0684 1.2256 -100.1367
v  -126.6381 1.6818 -99.7556
v  -126.5876 1.2256 -100.1367
v  -126.5386 0.8414 -100.5491
v  -128.0178 0.8414 -100.5491
v  -126.4917 0.5282 -100.9882
v  -127.9693 0.5282 -100.9882
v  -130.8892 0.8414 -100.5491
v  -129.4748 0.8414 -100.5491
v  -130.8469 0.5282 -100.9882
v  -129.4278 0.5282 -100.9882
v  -129.3833 0.2853 -101.4493
v  -130.8068 0.2853 -101.4493
v  -130.7693 0.1116 -101.9279
v  -129.3416 0.1116 -101.9279
v  -127.9233 0.2853 -101.4493
v  -127.8802 0.1116 -101.9279
v  -126.4471 0.2853 -101.4493
v  -126.4054 0.1116 -101.9279
v  -126.3669 0.0063 -102.4192
v  -127.8404 0.0063 -102.4192
v  -126.3315 -0.0308 -102.9268
v  -127.8037 -0.0308 -102.9268
v  -130.7347 0.0063 -102.4192
v  -129.3031 0.0063 -102.4192
v  -130.7027 -0.0308 -102.9268
v  -129.2676 -0.0308 -102.9268
v  -129.2349 0.0004 -103.4538
v  -130.6733 0.0004 -103.4538
v  -130.6462 0.0998 -104.0037
v  -129.2048 0.0998 -104.0037
v  -127.7699 0.0004 -103.4538
v  -127.7388 0.0998 -104.0037
v  -126.2988 0.0004 -103.4538
v  -126.2686 0.0998 -104.0037
v  -126.2408 0.2672 -104.5796
v  -127.7100 0.2672 -104.5796
v  -126.2142 0.4705 -105.1689
v  -127.6826 0.4705 -105.1689
v  -130.6211 0.2672 -104.5796
v  -129.1770 0.2672 -104.5796
v  -130.5972 0.4705 -105.1689
v  -129.1504 0.4705 -105.1689
v  -129.1240 0.6777 -105.7585
v  -130.5735 0.6777 -105.7585
v  -130.5490 0.8564 -106.3357
v  -129.0968 0.8564 -106.3357
v  -127.6553 0.6777 -105.7585
v  -127.6272 0.8564 -106.3357
v  -126.1879 0.6777 -105.7585
v  -126.1606 0.8564 -106.3357
v  -126.1313 0.9746 -106.8875
v  -127.5969 0.9746 -106.8875
v  -126.0992 1.0329 -107.4301
v  -127.5637 1.0329 -107.4301
v  -130.5226 0.9745 -106.8875
v  -129.0675 0.9745 -106.8875
v  -130.4937 1.0329 -107.4301
v  -129.0354 1.0329 -107.4301
v  -128.9993 1.0322 -107.9797
v  -130.4613 1.0322 -107.9797
v  -130.4245 0.9732 -108.5524
v  -128.9585 0.9732 -108.5524
v  -127.5265 1.0322 -107.9797
v  -127.4843 0.9732 -108.5524
v  -126.0632 1.0322 -107.9797
v  -126.0224 0.9732 -108.5524
v  -125.9758 0.8567 -109.1645
v  -127.4362 0.8567 -109.1645
v  -125.9253 0.7011 -109.8043
v  -127.3841 0.7011 -109.8043
v  -130.3826 0.8567 -109.1645
v  -128.9120 0.8567 -109.1645
v  -130.3372 0.7011 -109.8043
v  -128.8615 0.7011 -109.8043
v  -128.8090 0.5251 -110.4606
v  -130.2899 0.5251 -110.4606
v  -130.2425 0.3472 -111.1219
v  -128.7562 0.3472 -111.1219
v  -127.3298 0.5251 -110.4606
v  -127.2753 0.3472 -111.1219
v  -125.8728 0.5251 -110.4606
v  -125.8201 0.3472 -111.1219
v  -125.7689 0.1860 -111.7767
v  -127.2225 0.1860 -111.7767
v  -125.7211 0.0635 -112.4146
v  -127.1731 0.0635 -112.4146
v  -130.1965 0.1860 -111.7767
v  -128.7051 0.1860 -111.7767
v  -130.1534 0.0635 -112.4146
v  -128.6573 0.0635 -112.4146
v  -128.6145 0.0021 -113.0251
v  -130.1149 0.0021 -113.0251
v  -130.0825 0.0241 -113.5976
v  -128.5784 0.0241 -113.5976
v  -127.1288 0.0021 -113.0251
v  -127.0916 0.0241 -113.5976
v  -125.6783 0.0021 -113.0251
v  -125.6423 0.0241 -113.5976
v  -125.6146 0.1515 -114.1218
v  -127.0630 0.1515 -114.1218
v  -125.5945 0.3536 -114.5963
v  -127.0423 0.3536 -114.5963
v  -130.0576 0.1515 -114.1218
v  -128.5508 0.1515 -114.1218
v  -130.0395 0.3536 -114.5963
v  -128.5307 0.3536 -114.5963
v  -128.5173 0.5993 -115.0199
v  -130.0275 0.5993 -115.0199
v  -130.0208 0.8578 -115.3912
v  -128.5099 0.8578 -115.3912
v  -127.0284 0.5993 -115.0199
v  -127.0207 0.8578 -115.3912
v  -125.5812 0.5993 -115.0199
v  -125.5737 0.8578 -115.3912
v  -125.5713 1.0982 -115.7091
v  -127.0182 1.0982 -115.7091
v  -125.5726 1.3270 -115.9868
v  -127.0196 1.3270 -115.9868
v  -130.0186 1.0982 -115.7091
v  -128.5075 1.0982 -115.7091
v  -130.0198 1.3270 -115.9868
v  -128.5088 1.3270 -115.9868
v  -128.5125 1.5506 -116.2378
v  -130.0231 1.5506 -116.2378
v  -130.0275 1.7756 -116.4753
v  -128.5174 1.7756 -116.4753
v  -127.0235 1.5506 -116.2378
v  -127.0285 1.7756 -116.4753
v  -125.5763 1.5506 -116.2378
v  -125.5812 1.7756 -116.4753
v  -125.5859 2.0083 -116.7128
v  -127.0333 2.0083 -116.7128
v  -125.5897 2.2484 -116.9495
v  -127.0373 2.2484 -116.9495
v  -130.0317 2.0083 -116.7128
v  -128.5221 2.0083 -116.7128
v  -130.0352 2.2484 -116.9495
v  -128.5259 2.2484 -116.9495
v  -128.5282 2.4951 -117.1848
v  -130.0372 2.4951 -117.1848
v  -130.0373 2.7481 -117.4181
v  -128.5283 2.7481 -117.4181
v  -127.0397 2.4951 -117.1848
v  -127.0397 2.7481 -117.4181
v  -125.5920 2.4951 -117.1848
v  -125.5921 2.7481 -117.4181
v  -125.5893 3.0067 -117.6485
v  -127.0368 3.0067 -117.6485
v  -125.5843 3.2725 -117.8780
v  -127.0317 3.2725 -117.8780
v  -130.0348 3.0067 -117.6485
v  -128.5255 3.0067 -117.6485
v  -130.0303 3.2725 -117.8780
v  -128.5205 3.2725 -117.8780
v  -128.5140 3.5468 -118.1084
v  -130.0245 3.5468 -118.1083
v  -130.0180 3.8312 -118.3413
v  -128.5068 3.8312 -118.3413
v  -127.0250 3.5468 -118.1084
v  -127.0176 3.8313 -118.3414
v  -125.5779 3.5468 -118.1084
v  -125.5706 3.8313 -118.3414
v  -125.5634 4.1273 -118.5789
v  -127.0101 4.1272 -118.5788
v  -125.5574 4.4402 -118.8144
v  -127.0039 4.4400 -118.8142
v  -130.0115 4.1270 -118.5786
v  -128.4996 4.1271 -118.5787
v  -130.0061 4.4397 -118.8140
v  -128.4936 4.4399 -118.8141
v  -128.4901 4.7747 -119.0412
v  -130.0029 4.7746 -119.0411
v  -130.0031 5.1369 -119.2533
v  -128.4903 5.1370 -119.2535
v  -127.0002 4.7749 -119.0413
v  -127.0005 5.1372 -119.2537
v  -125.5539 4.7751 -119.0415
v  -125.5541 5.1374 -119.2538
v  -125.5594 5.5324 -119.4450
v  -127.0059 5.5322 -119.4448
v  -125.5695 5.9556 -119.6073
v  -127.0164 5.9555 -119.6072
v  -130.0078 5.5319 -119.4445
v  -128.4955 5.5321 -119.4447
v  -130.0170 5.9552 -119.6070
v  -128.5057 5.9553 -119.6071
v  -128.5205 6.4024 -119.7332
v  -130.0303 6.4023 -119.7331
v  -130.0479 6.8688 -119.8154
v  -128.5401 6.8688 -119.8154
v  -127.0317 6.4025 -119.7333
v  -127.0519 6.8688 -119.8155
v  -125.5844 6.4026 -119.7334
v  -125.6039 6.8689 -119.8155
v  -125.6279 7.3501 -119.8462
v  -127.0767 7.3500 -119.8461
v  -125.6562 7.8455 -119.8268
v  -127.1059 7.8455 -119.8268
v  -130.0695 7.3500 -119.8461
v  -128.5641 7.3500 -119.8461
v  -130.0950 7.8455 -119.8268
v  -128.5923 7.8455 -119.8268
v  -128.6245 8.3548 -119.7590
v  -130.1239 8.3548 -119.7590
v  -130.1563 8.8772 -119.6441
v  -128.6604 8.8772 -119.6441
v  -127.1392 8.3548 -119.7590
v  -127.1763 8.8772 -119.6441
v  -125.6884 8.3548 -119.7590
v  -125.7243 8.8772 -119.6441
v  -125.7635 9.4122 -119.4836
v  -127.2169 9.4122 -119.4836
v  -125.7977 9.9567 -119.2889
v  -127.2588 9.9567 -119.2889
v  -130.1916 9.4122 -119.4836
v  -128.6997 9.4122 -119.4836
v  -130.2331 9.9566 -119.2877
v  -128.7441 9.9567 -119.2889
v  -128.7951 10.5076 -119.0714
v  -130.2837 10.5070 -119.0668
v  -130.3584 11.0616 -118.8425
v  -128.8495 11.0616 -118.8425
v  -127.2999 10.5076 -119.0714
v  -127.3406 11.0616 -118.8425
v  -125.8181 10.5076 -119.0714
v  -125.8316 11.0616 -118.8425
v  -125.8920 7.6254 -115.1291
v  -124.3831 7.6882 -115.1817
v  -124.3227 7.2808 -115.6672
v  -125.8316 7.2181 -115.6145
v  -127.4009 7.5627 -115.0764
v  -127.3406 7.1553 -115.5618
v  -125.9517 8.0288 -114.6483
v  -124.4427 8.0916 -114.7010
v  -127.4606 7.9660 -114.5957
v  -130.4188 7.4371 -114.9711
v  -128.9099 7.4999 -115.0237
v  -128.8495 7.0926 -115.5092
v  -130.3584 7.0298 -115.4565
v  -130.4785 7.8405 -114.4903
v  -128.9695 7.9033 -114.5430
v  -129.0277 8.2987 -114.0718
v  -130.5367 8.2359 -114.0191
v  -130.5927 8.6194 -113.5621
v  -129.0838 8.6822 -113.6148
v  -127.5188 8.3615 -114.1244
v  -127.5748 8.7449 -113.6674
v  -124.5009 8.4870 -114.2298
v  -126.0099 8.4242 -114.1771
v  -126.0659 8.8077 -113.7201
v  -124.5570 8.8705 -113.7728
v  -126.1191 9.1753 -113.2820
v  -124.6101 9.2380 -113.3347
v  -127.6280 9.1125 -113.2294
v  -126.1705 9.5336 -112.8550
v  -124.6615 9.5964 -112.9077
v  -127.6794 9.4708 -112.8023
v  -130.6459 8.9870 -113.1240
v  -129.1369 9.0497 -113.1767
v  -130.6973 9.3453 -112.6970
v  -129.1883 9.4081 -112.7497
v  -129.2390 9.7638 -112.3257
v  -130.7480 9.7011 -112.2730
v  -127.7301 9.8266 -112.3784
v  -124.7122 9.9521 -112.4837
v  -126.2212 9.8893 -112.4310
v  -132.1573 14.9861 -115.2272
v  -130.8518 14.9861 -115.2272
v  -130.7991 14.6449 -115.6936
v  -132.1178 14.6449 -115.6936
v  -133.4629 14.9861 -115.2272
v  -133.4365 14.6449 -115.6936
v  -132.1976 15.3135 -114.7342
v  -130.9055 15.3135 -114.7342
v  -133.4897 15.3135 -114.7342
v  -136.0739 14.9861 -115.2272
v  -134.7684 14.9861 -115.2272
v  -134.7552 14.6449 -115.6936
v  -136.0739 14.6449 -115.6936
v  -136.0739 15.3135 -114.7342
v  -134.7818 15.3135 -114.7342
v  -134.7954 15.6230 -114.2180
v  -136.0739 15.6230 -114.2180
v  -136.0739 15.9105 -113.6820
v  -134.8090 15.9105 -113.6820
v  -133.5169 15.6230 -114.2180
v  -133.5441 15.9105 -113.6820
v  -130.9598 15.6230 -114.2180
v  -132.2383 15.6230 -114.2180
v  -132.2791 15.9105 -113.6820
v  -131.0142 15.9105 -113.6820
v  -132.3196 16.1719 -113.1297
v  -131.0682 16.1719 -113.1297
v  -133.5711 16.1719 -113.1297
v  -132.3593 16.4043 -112.5699
v  -131.1211 16.4043 -112.5699
v  -133.5975 16.4043 -112.5699
v  -136.0739 16.1719 -113.1297
v  -134.8225 16.1719 -113.1297
v  -136.0739 16.4043 -112.5699
v  -134.8357 16.4043 -112.5699
v  -134.8485 16.6043 -112.0115
v  -136.0739 16.6043 -112.0115
v  -136.0739 16.7690 -111.4632
v  -134.8606 16.7690 -111.4632
v  -133.6230 16.6043 -112.0115
v  -133.6473 16.7690 -111.4632
v  -131.1722 16.6043 -112.0115
v  -132.3976 16.6043 -112.0115
v  -132.4340 16.7690 -111.4632
v  -131.2207 16.7690 -111.4632
v  -132.4680 16.8953 -110.9341
v  -131.2660 16.8953 -110.9341
v  -133.6700 16.8953 -110.9341
v  -132.4995 16.9813 -110.4167
v  -131.3081 16.9813 -110.4167
v  -133.6910 16.9813 -110.4167
v  -136.0739 16.8953 -110.9341
v  -134.8720 16.8953 -110.9341
v  -136.0739 16.9813 -110.4167
v  -134.8825 16.9813 -110.4167
v  -134.8922 17.0254 -109.9038
v  -136.0739 17.0254 -109.9038
v  -136.0739 17.0259 -109.3881
v  -134.9010 17.0259 -109.3881
v  -133.7104 17.0254 -109.9038
v  -133.7280 17.0259 -109.3881
v  -131.3468 17.0254 -109.9038
v  -132.5286 17.0254 -109.9038
v  -132.5551 17.0259 -109.3881
v  -131.3821 17.0259 -109.3881
v  -132.5790 16.9808 -108.8624
v  -131.4140 16.9808 -108.8624
v  -133.7440 16.9808 -108.8624
v  -132.6003 16.8862 -108.3382
v  -131.4425 16.8862 -108.3382
v  -133.7582 16.8862 -108.3382
v  -136.0739 16.9808 -108.8624
v  -134.9090 16.9808 -108.8624
v  -136.0739 16.8862 -108.3382
v  -134.9161 16.8862 -108.3382
v  -134.9223 16.7380 -107.8273
v  -136.0739 16.7380 -107.8273
v  -136.0739 16.5320 -107.3412
v  -134.9275 16.5320 -107.3412
v  -133.7706 16.7380 -107.8273
v  -133.7811 16.5320 -107.3412
v  -131.4672 16.7380 -107.8273
v  -132.6189 16.7380 -107.8273
v  -132.6347 16.5320 -107.3412
v  -131.4882 16.5320 -107.3412
v  -132.6475 16.2641 -106.8917
v  -131.5054 16.2641 -106.8917
v  -133.7897 16.2641 -106.8917
v  -132.6579 15.9551 -106.4791
v  -131.5196 15.9497 -106.4696
v  -133.7964 15.9592 -106.4863
v  -136.0739 16.2641 -106.8917
v  -134.9318 16.2641 -106.8917
v  -136.0739 15.9605 -106.4887
v  -134.9351 15.9605 -106.4887
v  -134.9373 15.6476 -106.1422
v  -136.0739 15.6476 -106.1422
v  -136.0739 15.3515 -105.8622
v  -134.9384 15.3515 -105.8622
v  -133.8012 15.6422 -106.1326
v  -133.8009 15.3437 -105.8480
v  -131.5319 15.6045 -106.0657
v  -132.6663 15.6260 -106.1040
v  -132.6592 15.3202 -105.8057
v  -132.6231 15.0809 -105.6237
v  -133.7919 15.0941 -105.6499
v  -132.5842 14.8726 -105.5014
v  -133.7812 14.8721 -105.5047
v  -136.0739 15.0986 -105.6586
v  -134.9385 15.0986 -105.6586
v  -136.0739 14.8719 -105.5058
v  -134.9377 14.8719 -105.5058
v  -134.9364 14.6547 -105.3781
v  -136.0739 14.6547 -105.3781
v  -136.0739 14.4303 -105.2499
v  -134.9351 14.4303 -105.2499
v  -133.7757 14.6560 -105.3792
v  -133.7731 14.4309 -105.2504
v  -132.5686 14.6596 -105.3822
v  -132.5648 14.4327 -105.2519
v  -132.5617 14.1826 -105.0962
v  -133.7709 14.1819 -105.0956
v  -132.5596 13.9107 -104.9080
v  -133.7694 13.9105 -104.9078
v  -136.0739 14.1816 -105.0954
v  -134.9340 14.1816 -105.0954
v  -136.0739 13.9105 -104.9078
v  -134.9332 13.9105 -104.9078
v  -134.9328 13.6184 -104.6802
v  -136.0739 13.6184 -104.6802
v  -136.0739 13.3071 -104.4057
v  -134.9331 13.3071 -104.4057
v  -133.7687 13.6184 -104.6802
v  -133.7692 13.3071 -104.4057
v  -132.5587 13.6184 -104.6802
v  -132.5593 13.3071 -104.4057
v  -132.5618 12.9782 -104.0774
v  -133.7710 12.9782 -104.0774
v  -132.5660 12.6310 -103.6993
v  -133.7739 12.6310 -103.6993
v  -136.0739 12.9782 -104.0774
v  -134.9340 12.9782 -104.0774
v  -136.0739 12.6310 -103.6993
v  -134.9355 12.6310 -103.6993
v  -134.9375 12.2651 -103.2753
v  -136.0739 12.2651 -103.2753
v  -136.0739 11.8799 -102.8092
v  -134.9400 11.8799 -102.8092
v  -133.7778 12.2651 -103.2753
v  -133.7827 11.8799 -102.8092
v  -132.5716 12.2651 -103.2753
v  -132.5785 11.8799 -102.8092
v  -132.5864 11.4748 -102.3050
v  -133.7883 11.4748 -102.3050
v  -132.5944 11.0529 -101.7843
v  -133.7939 11.0529 -101.7843
v  -136.0739 11.4748 -102.3050
v  -134.9429 11.4748 -102.3050
v  -136.0739 11.0529 -101.7843
v  -134.9458 11.0529 -101.7843
v  -134.9485 10.6173 -101.2686
v  -136.0739 10.6173 -101.2686
v  -136.0739 10.1709 -100.7795
v  -134.9505 10.1709 -100.7795
v  -133.7990 10.6173 -101.2686
v  -133.8029 10.1709 -100.7795
v  -132.6016 10.6173 -101.2686
v  -132.6071 10.1709 -100.7795
v  -132.6100 9.7169 -100.3385
v  -133.8049 9.7169 -100.3385
v  -132.6102 9.2513 -99.9430
v  -133.8051 9.2513 -99.9430
v  -136.0739 9.7169 -100.3385
v  -134.9515 9.7169 -100.3385
v  -136.0739 9.2513 -99.9430
v  -134.9516 9.2513 -99.9430
v  -134.9507 8.7702 -99.5904
v  -136.0739 8.7702 -99.5904
v  -136.0739 8.2695 -99.2782
v  -134.9488 8.2695 -99.2782
v  -133.8033 8.7702 -99.5904
v  -133.7997 8.2695 -99.2782
v  -132.6078 8.7702 -99.5904
v  -132.6026 8.2695 -99.2782
v  -132.5947 7.7455 -99.0035
v  -133.7941 7.7455 -99.0035
v  -132.5833 7.1953 -98.7772
v  -133.7861 7.1953 -98.7772
v  -136.0739 7.7455 -99.0035
v  -134.9459 7.7455 -99.0035
v  -136.0739 7.1953 -98.7772
v  -134.9418 7.1953 -98.7772
v  -134.9362 6.6161 -98.6098
v  -136.0739 6.6161 -98.6098
v  -136.0739 6.0052 -98.5119
v  -134.9290 6.0052 -98.5119
v  -133.7753 6.6161 -98.6098
v  -133.7613 6.0052 -98.5119
v  -132.5680 6.6161 -98.6098
v  -132.5481 6.0052 -98.5119
v  -132.5229 5.3597 -98.4942
v  -133.7435 5.3597 -98.4942
v  -132.4934 4.6967 -98.5510
v  -133.7227 4.6967 -98.5510
v  -136.0739 5.3597 -98.4942
v  -134.9198 5.3597 -98.4942
v  -136.0739 4.6967 -98.5510
v  -134.9091 4.6967 -98.5510
v  -134.8971 4.0330 -98.6770
v  -136.0739 4.0330 -98.6770
v  -136.0739 3.3856 -98.8664
v  -134.8843 3.3856 -98.8664
v  -133.6996 4.0330 -98.6770
v  -133.6748 3.3856 -98.8664
v  -132.4605 4.0330 -98.6770
v  -132.4253 3.3856 -98.8664
v  -132.3886 2.7715 -99.1138
v  -133.6489 2.7715 -99.1138
v  -132.3511 2.2003 -99.4124
v  -133.6225 2.2003 -99.4124
v  -136.0739 2.7715 -99.1138
v  -134.8710 2.7715 -99.1138
v  -136.0739 2.2003 -99.4124
v  -134.8574 2.2003 -99.4124
v  -134.8437 1.6818 -99.7556
v  -136.0739 1.6818 -99.7556
v  -136.0739 1.2256 -100.1367
v  -134.8302 1.2256 -100.1367
v  -133.5960 1.6818 -99.7556
v  -133.5699 1.2256 -100.1367
v  -132.3135 1.6818 -99.7556
v  -132.2764 1.2256 -100.1367
v  -132.2405 0.8414 -100.5491
v  -133.5446 0.8414 -100.5491
v  -132.2061 0.5282 -100.9882
v  -133.5203 0.5282 -100.9882
v  -136.0739 0.8414 -100.5491
v  -134.8171 0.8414 -100.5491
v  -136.0739 0.5282 -100.9882
v  -134.8046 0.5282 -100.9882
v  -134.7928 0.2853 -101.4493
v  -136.0739 0.2853 -101.4493
v  -136.0739 0.1116 -101.9279
v  -134.7816 0.1116 -101.9279
v  -133.4973 0.2853 -101.4493
v  -133.4758 0.1116 -101.9279
v  -132.1734 0.2853 -101.4493
v  -132.1429 0.1116 -101.9279
v  -132.1146 0.0063 -102.4192
v  -133.4559 0.0063 -102.4192
v  -132.0886 -0.0308 -102.9268
v  -133.4376 -0.0308 -102.9268
v  -136.0739 0.0063 -102.4192
v  -134.7714 0.0063 -102.4192
v  -136.0739 -0.0308 -102.9268
v  -134.7619 -0.0308 -102.9268
v  -134.7532 0.0004 -103.4538
v  -136.0739 0.0004 -103.4538
v  -136.0739 0.0998 -104.0037
v  -134.7451 0.0998 -104.0037
v  -133.4207 0.0004 -103.4538
v  -133.4051 0.0998 -104.0037
v  -132.0646 0.0004 -103.4538
v  -132.0425 0.0998 -104.0037
v  -132.0221 0.2672 -104.5796
v  -133.3907 0.2672 -104.5796
v  -132.0026 0.4705 -105.1689
v  -133.3770 0.4705 -105.1689
v  -136.0739 0.2672 -104.5796
v  -134.7377 0.2672 -104.5796
v  -136.0739 0.4705 -105.1689
v  -134.7307 0.4705 -105.1689
v  -134.7236 0.6777 -105.7585
v  -136.0739 0.6777 -105.7585
v  -136.0739 0.8564 -106.3357
v  -134.7163 0.8564 -106.3357
v  -133.3634 0.6777 -105.7585
v  -133.3493 0.8564 -106.3357
v  -131.9833 0.6777 -105.7585
v  -131.9633 0.8564 -106.3357
v  -131.9418 0.9745 -106.8875
v  -133.3342 0.9746 -106.8875
v  -131.9183 1.0329 -107.4301
v  -133.3176 1.0329 -107.4301
v  -136.0739 0.9746 -106.8875
v  -134.7085 0.9745 -106.8875
v  -136.0739 1.0329 -107.4301
v  -134.7000 1.0329 -107.4301
v  -134.6904 1.0322 -107.9797
v  -136.0739 1.0322 -107.9797
v  -136.0739 0.9732 -108.5524
v  -134.6795 0.9732 -108.5524
v  -133.2990 1.0322 -107.9797
v  -133.2779 0.9732 -108.5524
v  -131.8919 1.0322 -107.9797
v  -131.8619 0.9732 -108.5524
v  -131.8278 0.8567 -109.1645
v  -133.2538 0.8567 -109.1645
v  -131.7908 0.7011 -109.8043
v  -133.2277 0.7011 -109.8043
v  -136.0739 0.8567 -109.1644
v  -134.6671 0.8567 -109.1645
v  -136.0739 0.7011 -109.8043
v  -134.6536 0.7011 -109.8043
v  -134.6396 0.5251 -110.4606
v  -136.0739 0.5251 -110.4606
v  -136.0739 0.3472 -111.1219
v  -134.6255 0.3472 -111.1219
v  -133.2006 0.5251 -110.4606
v  -133.1733 0.3472 -111.1219
v  -131.7523 0.5251 -110.4606
v  -131.7136 0.3472 -111.1219
v  -131.6761 0.1860 -111.7767
v  -133.1469 0.1860 -111.7767
v  -131.6410 0.0635 -112.4146
v  -133.1222 0.0635 -112.4146
v  -136.0739 0.1860 -111.7767
v  -134.6119 0.1860 -111.7767
v  -136.0739 0.0635 -112.4146
v  -134.5992 0.0635 -112.4146
v  -134.5877 0.0021 -113.0251
v  -136.0739 0.0021 -113.0251
v  -136.0739 0.0241 -113.5976
v  -134.5781 0.0241 -113.5976
v  -133.1001 0.0021 -113.0251
v  -133.0815 0.0241 -113.5976
v  -131.6096 0.0021 -113.0251
v  -131.5832 0.0241 -113.5976
v  -131.5629 0.1515 -114.1218
v  -133.0672 0.1515 -114.1218
v  -131.5482 0.3536 -114.5963
v  -133.0568 0.3536 -114.5963
v  -136.0739 0.1515 -114.1218
v  -134.5708 0.1515 -114.1218
v  -136.0739 0.3536 -114.5963
v  -134.5654 0.3536 -114.5963
v  -134.5618 0.5993 -115.0199
v  -136.0739 0.5993 -115.0199
v  -136.0739 0.8578 -115.3912
v  -134.5598 0.8578 -115.3912
v  -133.0499 0.5993 -115.0199
v  -133.0461 0.8578 -115.3912
v  -131.5384 0.5993 -115.0199
v  -131.5329 0.8578 -115.3912
v  -131.5312 1.0982 -115.7091
v  -133.0448 1.0982 -115.7091
v  -131.5321 1.3270 -115.9868
v  -133.0455 1.3270 -115.9868
v  -136.0739 1.0982 -115.7091
v  -134.5592 1.0982 -115.7091
v  -136.0739 1.3270 -115.9868
v  -134.5595 1.3270 -115.9868
v  -134.5605 1.5506 -116.2378
v  -136.0739 1.5506 -116.2378
v  -136.0739 1.7756 -116.4753
v  -134.5618 1.7756 -116.4753
v  -133.0474 1.5506 -116.2378
v  -133.0499 1.7756 -116.4753
v  -131.5349 1.5506 -116.2378
v  -131.5384 1.7756 -116.4753
v  -131.5419 2.0083 -116.7128
v  -133.0524 2.0083 -116.7128
v  -131.5447 2.2484 -116.9495
v  -133.0544 2.2484 -116.9495
v  -136.0739 2.0083 -116.7128
v  -134.5631 2.0083 -116.7128
v  -136.0739 2.2484 -116.9495
v  -134.5641 2.2484 -116.9495
v  -134.5647 2.4951 -117.1848
v  -136.0739 2.4951 -117.1848
v  -136.0739 2.7481 -117.4181
v  -134.5648 2.7481 -117.4181
v  -133.0555 2.4951 -117.1848
v  -133.0556 2.7481 -117.4181
v  -131.5464 2.4951 -117.1848
v  -131.5464 2.7481 -117.4181
v  -131.5444 3.0067 -117.6485
v  -133.0541 3.0067 -117.6485
v  -131.5407 3.2725 -117.8780
v  -133.0515 3.2725 -117.8780
v  -136.0739 3.0067 -117.6485
v  -134.5640 3.0067 -117.6485
v  -136.0739 3.2725 -117.8780
v  -134.5627 3.2725 -117.8780
v  -134.5609 3.5468 -118.1083
v  -136.0739 3.5468 -118.1083
v  -136.0739 3.8311 -118.3412
v  -134.5590 3.8311 -118.3412
v  -133.0482 3.5468 -118.1083
v  -133.0445 3.8311 -118.3412
v  -131.5360 3.5468 -118.1083
v  -131.5307 3.8311 -118.3413
v  -131.5254 4.1270 -118.5786
v  -133.0407 4.1270 -118.5786
v  -131.5210 4.4397 -118.8140
v  -133.0376 4.4396 -118.8139
v  -136.0739 4.1270 -118.5786
v  -134.5571 4.1270 -118.5786
v  -136.0739 4.4396 -118.8139
v  -134.5555 4.4396 -118.8139
v  -134.5546 4.7744 -119.0409
v  -136.0739 4.7744 -119.0409
v  -136.0739 5.1367 -119.2532
v  -134.5546 5.1367 -119.2532
v  -133.0358 4.7744 -119.0409
v  -133.0359 5.1367 -119.2532
v  -131.5184 4.7745 -119.0410
v  -131.5186 5.1368 -119.2533
v  -131.5224 5.5318 -119.4445
v  -133.0387 5.5318 -119.4444
v  -131.5298 5.9552 -119.6069
v  -133.0439 5.9551 -119.6069
v  -136.0739 5.5318 -119.4444
v  -134.5560 5.5318 -119.4444
v  -136.0739 5.9551 -119.6069
v  -134.5587 5.9551 -119.6069
v  -134.5627 6.4023 -119.7331
v  -136.0739 6.4023 -119.7331
v  -136.0739 6.8687 -119.8154
v  -134.5679 6.8687 -119.8154
v  -133.0516 6.4023 -119.7331
v  -133.0616 6.8687 -119.8154
v  -131.5407 6.4023 -119.7331
v  -131.5551 6.8687 -119.8154
v  -131.5727 7.3500 -119.8461
v  -133.0741 7.3500 -119.8461
v  -131.5934 7.8455 -119.8268
v  -133.0887 7.8455 -119.8268
v  -136.0739 7.3500 -119.8461
v  -134.5743 7.3500 -119.8461
v  -136.0739 7.8455 -119.8268
v  -134.5818 7.8455 -119.8268
v  -134.5904 8.3548 -119.7590
v  -136.0739 8.3548 -119.7590
v  -136.0739 8.8772 -119.6441
v  -134.6000 8.8772 -119.6441
v  -133.1053 8.3548 -119.7590
v  -133.1238 8.8772 -119.6441
v  -131.6170 8.3548 -119.7590
v  -131.6433 8.8772 -119.6441
v  -131.6721 9.4122 -119.4836
v  -133.1441 9.4122 -119.4836
v  -131.7055 9.9562 -119.2842
v  -133.1667 9.9558 -119.2808
v  -136.0739 9.4122 -119.4836
v  -134.6105 9.4122 -119.4836
v  -136.0739 9.9556 -119.2796
v  -134.6218 9.9556 -119.2796
v  -134.6340 10.5032 -119.0343
v  -136.0739 10.5032 -119.0343
v  -136.0739 11.0506 -118.7498
v  -134.6471 11.0506 -118.7498
v  -133.1920 10.5037 -119.0390
v  -133.2192 11.0514 -118.7568
v  -131.7456 10.5054 -119.0529
v  -131.7892 11.0539 -118.7777
v  -131.8334 11.5958 -118.4468
v  -130.4188 11.5980 -118.4654
v  -133.2476 11.5941 -118.4329
v  -131.8775 12.1231 -118.0827
v  -130.4785 12.1237 -118.0873
v  -133.2765 12.1227 -118.0792
v  -136.0739 11.5936 -118.4283
v  -134.6610 11.5936 -118.4283
v  -136.0739 12.1226 -118.0780
v  -134.6753 12.1226 -118.0780
v  -134.6896 12.6280 -117.7075
v  -136.0739 12.6280 -117.7075
v  -136.0739 13.1004 -117.3250
v  -134.7036 13.1004 -117.3250
v  -133.3053 12.6280 -117.7075
v  -133.3333 13.1004 -117.3250
v  -130.5367 12.6280 -117.7075
v  -131.9210 12.6280 -117.7075
v  -131.9630 13.1004 -117.3250
v  -130.5927 13.1004 -117.3250
v  -132.0029 13.5300 -116.9390
v  -130.6459 13.5300 -116.9390
v  -133.3599 13.5300 -116.9390
v  -132.0414 13.9251 -116.5429
v  -130.6973 13.9251 -116.5429
v  -133.3856 13.9251 -116.5429
v  -136.0739 13.5300 -116.9390
v  -134.7169 13.5300 -116.9390
v  -136.0739 13.9251 -116.5429
v  -134.7298 13.9251 -116.5429
v  -134.7425 14.2940 -116.1299
v  -136.0739 14.2940 -116.1299
v  -133.4110 14.2940 -116.1299
v  -130.7480 14.2940 -116.1299
v  -132.0795 14.2940 -116.1299
v  -136.2205 1.4047 -103.1267
v  -136.2205 0.5106 -104.5312
v  -136.2205 0.3436 -103.9682
v  -136.2205 1.1241 -102.7499
v  -136.2205 2.2988 -101.7223
v  -136.2205 1.9045 -101.5317
v  -136.2205 1.7161 -103.5341
v  -136.2205 0.7135 -105.1146
v  -136.2205 2.7187 -101.9535
v  -136.2205 4.0869 -98.9134
v  -136.2205 3.1928 -100.3178
v  -136.2205 2.6850 -100.3135
v  -136.2205 3.4654 -99.0952
v  -136.2205 4.7239 -98.7924
v  -136.2205 3.7213 -100.3730
v  -136.2205 4.2502 -100.4796
v  -136.2205 5.3602 -98.7377
v  -136.2205 5.9794 -98.7546
v  -136.2205 4.7593 -100.6384
v  -136.2205 3.1402 -102.2215
v  -136.2205 3.5392 -102.5222
v  -136.2205 0.9203 -105.7053
v  -136.2205 2.0303 -103.9634
v  -136.2205 2.3191 -104.4061
v  -136.2205 1.0990 -106.2899
v  -111.3474 15.6517 -106.2749
v  -111.3474 15.3851 -106.0116
v  -111.3474 15.5360 -106.3574
v  -111.3474 15.2726 -106.1448
v  -111.3474 15.8883 -106.5475
v  -111.3474 15.7357 -106.5315
v  -111.3474 15.4233 -106.6948
v  -111.3474 15.4710 -106.5023
v  -111.3474 15.1543 -106.2850
v  -111.3474 15.0276 -106.4356
v  -111.3474 15.8141 -106.9417
v  -111.3474 15.7779 -106.6950
v  -111.3474 16.0651 -106.8385
v  -111.3474 16.1951 -107.1641
v  -111.3474 16.2915 -107.5401
v  -111.3474 15.8274 -107.2349
v  -111.3474 16.3524 -107.9545
v  -111.3474 15.8142 -107.5662
v  -111.3474 14.8894 -106.5999
v  -111.3474 15.3594 -106.9199
v  -111.3474 14.7353 -106.7835
v  -111.3474 15.2750 -107.1754
v  -111.3474 15.1655 -107.4594
v  -111.3474 14.5604 -106.9918
v  -111.3474 14.3604 -107.2302
v  -111.3474 15.0267 -107.7697
v  -111.3474 15.7706 -107.9271
v  -111.3474 15.6931 -108.3092
v  -111.3474 16.3757 -108.3947
v  -111.3474 16.3595 -108.8487
v  -111.3474 16.3017 -109.3039
v  -111.3474 15.5779 -108.7041
v  -111.3474 16.2039 -109.7657
v  -111.3474 15.4265 -109.1147
v  -111.3474 14.1304 -107.5043
v  -111.3474 14.8542 -108.1042
v  -111.3474 13.8717 -107.8126
v  -111.3474 14.6491 -108.4636
v  -111.3474 14.4129 -108.8489
v  -111.3474 13.5854 -108.1538
v  -111.3474 13.2727 -108.5265
v  -111.3474 14.1468 -109.2607
v  -111.3474 15.2404 -109.5439
v  -111.3474 15.0209 -109.9949
v  -111.3474 16.0678 -110.2390
v  -111.3474 15.8950 -110.7291
v  -111.3474 15.6869 -111.2409
v  -111.3474 14.7695 -110.4704
v  -111.3474 15.4475 -111.7663
v  -111.3474 14.4907 -110.9627
v  -111.3474 12.9347 -108.9293
v  -111.3474 13.8521 -109.6999
v  -111.3474 12.5771 -109.3556
v  -111.3474 13.5339 -110.1592
v  -111.3474 13.1971 -110.6313
v  -111.3474 12.2055 -109.7985
v  -111.3474 11.8255 -110.2514
v  -111.3474 12.8468 -111.1090
v  -111.3474 14.1887 -111.4641
v  -111.3474 13.8680 -111.9667
v  -111.3474 15.1803 -112.2969
v  -111.3474 14.8892 -112.8243
v  -111.3474 14.5779 -113.3403
v  -111.3474 13.5329 -112.4627
v  -111.3474 14.2503 -113.8413
v  -111.3474 13.1871 -112.9485
v  -111.3474 11.4428 -110.7075
v  -111.3474 12.4879 -111.5851
v  -111.3474 11.0608 -111.1628
v  -111.3474 12.1240 -112.0556
v  -111.3474 11.7586 -112.5168
v  -111.3474 10.6828 -111.6133
v  -111.3474 10.3122 -112.0550
v  -111.3474 11.3954 -112.9647
v  -111.3474 12.8344 -113.4202
v  -111.3474 12.4785 -113.8743
v  -111.3474 13.9103 -114.3237
v  -111.3474 13.5617 -114.7839
v  -111.3474 13.2086 -115.2184
v  -111.3474 12.1232 -114.3069
v  -111.3474 12.8430 -115.6341
v  -111.3474 11.7608 -114.7254
v  -111.3474 9.9523 -112.4839
v  -111.3474 11.0378 -113.3954
v  -111.3474 9.5966 -112.9079
v  -111.3474 10.6787 -113.8166
v  -111.3474 10.3112 -114.2359
v  -111.3474 9.2383 -113.3349
v  -111.3474 8.8707 -113.7730
v  -111.3474 9.9281 -114.6610
v  -111.3474 11.3841 -115.1370
v  -111.3474 10.9856 -115.5490
v  -111.3474 12.4570 -116.0380
v  -111.3474 12.0430 -116.4370
v  -111.3474 11.5929 -116.8381
v  -111.3474 10.5577 -115.9688
v  -111.3474 11.1157 -117.2408
v  -111.3474 10.1078 -116.3943
v  -111.3474 8.4873 -114.2300
v  -111.3474 9.5225 -115.0994
v  -111.3474 8.0919 -114.7013
v  -111.3474 9.0998 -115.5478
v  -111.3474 8.6659 -116.0028
v  -111.3474 7.6885 -115.1820
v  -111.3474 7.2812 -115.6675
v  -111.3474 8.2263 -116.4612
v  -111.3474 9.6432 -116.8237
v  -111.3474 9.1714 -117.2550
v  -111.3474 10.6206 -117.6445
v  -111.3474 10.1165 -118.0488
v  -110.5468 10.1165 -118.0488
v  -110.5468 11.0616 -118.8425
v  -110.5468 9.1714 -117.2550
v  -109.7463 10.1165 -118.0488
v  -109.7463 11.0616 -118.8425
v  -109.7463 9.1714 -117.2550
v  -110.5468 7.2812 -115.6675
v  -110.5468 8.2263 -116.4612
v  -109.7463 7.2812 -115.6675
v  -109.7463 8.2263 -116.4612
v  -108.9457 8.2263 -116.4612
v  -108.9457 7.2812 -115.6675
v  -108.9457 9.1714 -117.2550
v  -108.9457 11.0616 -118.8425
v  -108.9457 10.1165 -118.0488
v  -124.8160 13.9102 -114.3237
v  -124.7634 13.5617 -114.7839
v  -124.8160 12.8343 -113.4202
v  -124.7634 12.4784 -113.8742
v  -124.8698 14.2503 -113.8413
v  -124.8698 13.1870 -112.9484
v  -124.8160 11.7585 -112.5166
v  -124.7634 11.3952 -112.9645
v  -124.8698 12.1238 -112.0555
v  -124.9240 12.4877 -111.5850
v  -124.9784 12.8466 -111.1089
v  -124.9240 13.5328 -112.4626
v  -124.9784 13.8679 -111.9666
v  -124.9240 14.5779 -113.3403
v  -124.9784 14.8892 -112.8243
v  -125.0324 15.1803 -112.2969
v  -125.0324 14.1887 -111.4640
v  -125.0853 15.4474 -111.7663
v  -125.0853 14.4906 -110.9627
v  -125.0324 13.1970 -110.6312
v  -125.0853 13.5338 -110.1591
v  -125.1364 13.8521 -109.6998
v  -125.1850 14.1467 -109.2606
v  -125.1364 14.7695 -110.4704
v  -125.1850 15.0208 -109.9948
v  -125.1364 15.6869 -111.2409
v  -125.1850 15.8949 -110.7290
v  -125.2303 16.0678 -110.2390
v  -125.2303 15.2403 -109.5439
v  -125.2723 16.2034 -109.7663
v  -125.2723 15.4255 -109.1158
v  -125.2303 14.4128 -108.8488
v  -125.2723 14.6476 -108.4654
v  -125.3110 14.8481 -108.1113
v  -125.3464 15.0117 -107.7875
v  -125.3110 15.5739 -108.7088
v  -125.3464 15.6831 -108.3211
v  -125.3110 16.2997 -109.3063
v  -125.3464 16.3545 -108.8546
v  -125.3783 16.3657 -108.4066
v  -125.3783 15.7506 -107.9509
v  -125.4066 16.3368 -107.9731
v  -125.4065 15.7830 -107.6034
v  -125.3783 15.1356 -107.4951
v  -125.4066 15.2283 -107.2310
v  -125.4310 15.2988 -106.9921
v  -125.4513 15.3557 -106.7753
v  -125.4308 15.7865 -107.2837
v  -125.4507 15.7677 -106.9970
v  -125.4310 16.2709 -107.5647
v  -125.4513 16.1715 -107.1922
v  -125.4673 16.0418 -106.8663
v  -125.4661 15.7329 -106.7486
v  -125.4795 15.8652 -106.5751
v  -125.4752 15.6962 -106.5786
v  -125.4696 15.0744 -106.3802
v  -125.4673 15.4077 -106.5777
v  -125.4839 15.2126 -106.2163
v  -125.4795 15.4869 -106.4159
v  -125.4886 15.6251 -106.3067
v  -125.4962 15.3531 -106.0496
v  -127.0051 15.2904 -105.9970
v  -126.9928 15.1499 -106.1636
v  -128.5141 15.2276 -105.9443
v  -128.5017 15.0871 -106.1109
v  -126.9786 15.0117 -106.3276
v  -128.4875 14.9489 -106.2749
v  -129.9964 14.8861 -106.2222
v  -131.5054 14.8234 -106.1696
v  -130.0107 15.0243 -106.0583
v  -131.5196 14.9616 -106.0056
v  -130.0230 15.1648 -105.8916
v  -131.5319 15.1021 -105.8390
v  -131.5244 15.4263 -106.1399
v  -131.5153 15.2822 -106.2442
v  -131.5153 15.7135 -106.4478
v  -131.5110 15.5262 -106.4360
v  -131.4871 15.1609 -106.6118
v  -131.5030 15.2064 -106.4087
v  -131.4865 15.6274 -106.8794
v  -131.5018 15.5780 -106.6185
v  -131.5030 15.9267 -106.7698
v  -131.4871 16.0825 -107.1176
v  -131.4668 16.1977 -107.5033
v  -131.4665 15.6551 -107.1734
v  -131.4423 16.2714 -107.9182
v  -131.4423 15.6560 -107.4968
v  -131.4668 15.1079 -106.8319
v  -131.4423 15.0394 -107.0724
v  -131.4140 14.9473 -107.3371
v  -131.3821 14.8234 -107.6295
v  -131.4140 15.6251 -107.8455
v  -131.3821 15.5576 -108.2157
v  -131.4140 16.3030 -108.3540
v  -131.3821 16.2917 -108.8019
v  -131.3468 16.2369 -109.2536
v  -131.3468 15.4484 -108.6035
v  -131.3081 16.1407 -109.7136
v  -131.3081 15.3000 -109.0105
v  -131.3468 14.6599 -107.9533
v  -131.3081 14.4593 -108.3074
v  -131.2660 14.2246 -108.6908
v  -131.2207 13.9584 -109.1026
v  -131.2660 15.1148 -109.4386
v  -131.2207 14.8953 -109.8895
v  -131.2660 16.0050 -110.1863
v  -131.2207 15.8322 -110.6764
v  -131.1722 15.6241 -111.1882
v  -131.1722 14.6440 -110.3650
v  -131.1211 15.3847 -111.7136
v  -131.1211 14.3651 -110.8574
v  -131.1722 13.6638 -109.5418
v  -131.1211 13.3455 -110.0011
v  -131.0682 13.0087 -110.4732
v  -131.0142 12.6584 -110.9509
v  -131.0682 14.0631 -111.3587
v  -131.0142 13.7424 -111.8613
v  -131.0682 15.1175 -112.2442
v  -131.0142 14.8264 -112.7716
v  -130.9598 14.5151 -113.2876
v  -130.9598 13.4073 -112.3573
v  -130.9055 14.1875 -113.7886
v  -130.9055 13.0615 -112.8431
v  -130.9598 12.2994 -111.4270
v  -130.9055 11.9355 -111.8975
v  -130.8518 11.5702 -112.3587
v  -130.7991 11.2069 -112.8065
v  -130.8518 12.7088 -113.3148
v  -130.7991 12.3529 -113.7689
v  -130.8518 13.8475 -114.2710
v  -130.7991 13.4989 -114.7312
v  -130.7480 13.1458 -115.1657
v  -130.7480 11.9975 -114.2015
v  -130.6973 12.7801 -115.5814
v  -130.6973 11.6352 -114.6199
v  -130.7480 10.8493 -113.2373
v  -130.6973 10.4902 -113.6585
v  -130.6459 10.1227 -114.0778
v  -130.5927 9.7396 -114.5028
v  -130.6459 11.2585 -115.0315
v  -130.5927 10.8599 -115.4436
v  -130.6459 12.3942 -115.9853
v  -130.5927 11.9801 -116.3843
v  -130.5367 11.5300 -116.7854
v  -130.5367 10.4320 -115.8633
v  -130.4785 11.0529 -117.1881
v  -130.4785 9.9821 -116.2888
v  -130.5367 9.3340 -114.9412
v  -130.4785 8.9113 -115.3896
v  -130.4188 8.4773 -115.8446
v  -130.3584 8.0377 -116.3030
v  -130.4188 9.5175 -116.7182
v  -130.3584 9.0457 -117.1495
v  -130.4188 10.5578 -117.5918
v  -130.3584 10.0536 -117.9960
v  -128.8495 10.0693 -118.0092
v  -128.8495 9.0771 -117.1759
v  -127.3406 10.0850 -118.0224
v  -127.3406 9.1084 -117.2022
v  -128.8495 8.0848 -116.3425
v  -127.3406 8.1319 -116.3820
v  -125.8316 8.1790 -116.4215
v  -124.3227 8.2260 -116.4610
v  -125.8316 9.1398 -117.2285
v  -124.3227 9.1712 -117.2549
v  -125.8316 10.1007 -118.0355
v  -124.3227 10.1164 -118.0487
v  -124.3831 10.6205 -117.6445
v  -124.3831 9.6431 -116.8235
v  -124.4427 11.1157 -117.2407
v  -124.4427 10.1076 -116.3942
v  -124.3831 8.6656 -116.0026
v  -124.4427 9.0996 -115.5476
v  -124.5009 9.5222 -115.0992
v  -124.5570 9.9279 -114.6608
v  -124.5009 10.5575 -115.9686
v  -124.5570 10.9854 -115.5489
v  -124.5009 11.5928 -116.8381
v  -124.5570 12.0429 -116.4370
v  -124.6101 12.4570 -116.0379
v  -124.6101 11.3840 -115.1369
v  -124.6615 12.8429 -115.6341
v  -124.6615 11.7607 -114.7253
v  -124.6101 10.3110 -114.2358
v  -124.6615 10.6785 -113.8165
v  -124.7122 11.0376 -113.3952
v  -124.7122 12.1230 -114.3068
v  -124.7122 13.2085 -115.2184
v  -136.1106 14.9362 -115.1921
v  -136.1106 14.5967 -115.6562
v  -136.1472 14.8863 -115.1571
v  -136.1472 14.5486 -115.6188
v  -136.1106 15.2619 -114.7016
v  -136.1472 15.2104 -114.6690
v  -136.2205 14.7865 -115.0870
v  -136.1838 14.8364 -115.1221
v  -136.1838 14.5004 -115.5814
v  -136.2205 14.4523 -115.5440
v  -136.2205 15.1073 -114.6039
v  -136.1838 15.1588 -114.6364
v  -136.1838 15.4637 -114.1279
v  -136.2205 15.4106 -114.0979
v  -136.2205 15.6924 -113.5728
v  -136.1838 15.7469 -113.6001
v  -136.1472 15.5168 -114.1580
v  -136.1472 15.8014 -113.6274
v  -136.1106 15.5699 -114.1880
v  -136.1106 15.8560 -113.6547
v  -136.1106 16.1161 -113.1052
v  -136.1472 16.0602 -113.0808
v  -136.1106 16.3472 -112.5485
v  -136.1472 16.2901 -112.5271
v  -136.2205 15.9485 -113.0319
v  -136.1838 16.0044 -113.0564
v  -136.2205 16.1759 -112.4843
v  -136.1838 16.2330 -112.5057
v  -136.1838 16.4298 -111.9572
v  -136.2205 16.3716 -111.9391
v  -136.2205 16.5324 -111.4051
v  -136.1838 16.5916 -111.4197
v  -136.1472 16.4880 -111.9753
v  -136.1472 16.6507 -111.4342
v  -136.1106 16.5461 -111.9934
v  -136.1106 16.7099 -111.4487
v  -136.1106 16.8353 -110.9234
v  -136.1472 16.7753 -110.9128
v  -136.1106 16.9208 -110.4103
v  -136.1472 16.8602 -110.4040
v  -136.2205 16.6554 -110.8915
v  -136.1838 16.7154 -110.9022
v  -136.2205 16.7391 -110.3913
v  -136.1838 16.7997 -110.3976
v  -136.1838 16.8430 -109.8989
v  -136.2205 16.7822 -109.8973
v  -136.2205 16.7832 -109.4026
v  -136.1838 16.8438 -109.3990
v  -136.1472 16.9038 -109.9006
v  -136.1472 16.9045 -109.3954
v  -136.1106 16.9646 -109.9022
v  -136.1106 16.9652 -109.3917
v  -136.1106 16.9208 -108.8718
v  -136.1472 16.8608 -108.8812
v  -136.1106 16.8275 -108.3538
v  -136.1472 16.7687 -108.3693
v  -136.2205 16.7407 -108.9001
v  -136.1838 16.8008 -108.8906
v  -136.2205 16.6511 -108.4005
v  -136.1838 16.7099 -108.3849
v  -136.1838 16.5674 -107.8928
v  -136.2205 16.5105 -107.9146
v  -136.2205 16.3153 -107.4532
v  -136.1838 16.3694 -107.4252
v  -136.1472 16.6243 -107.8709
v  -136.1472 16.4236 -107.3972
v  -136.1106 16.6811 -107.8491
v  -136.1106 16.4778 -107.3692
v  -136.1106 16.2134 -106.9255
v  -136.1472 16.1628 -106.9593
v  -136.1106 15.9139 -106.5278
v  -136.1472 15.8673 -106.5669
v  -136.2205 16.0616 -107.0269
v  -136.1838 16.1122 -106.9931
v  -136.2205 15.7740 -106.6451
v  -136.1838 15.8206 -106.6060
v  -136.1838 15.5198 -106.2731
v  -136.2205 15.4772 -106.3167
v  -136.2205 15.1957 -106.0511
v  -136.1838 15.2347 -106.0039
v  -136.1472 15.5624 -106.2295
v  -136.1472 15.2736 -105.9566
v  -136.1106 15.6050 -106.1858
v  -136.1106 15.3126 -105.9094
v  -136.1106 15.0624 -105.7083
v  -136.1472 15.0263 -105.7580
v  -136.1106 14.8378 -105.5570
v  -136.1472 14.8036 -105.6082
v  -136.2205 14.9541 -105.8574
v  -136.1838 14.9902 -105.8077
v  -136.2205 14.7354 -105.7105
v  -136.1838 14.7695 -105.6593
v  -136.1838 14.5554 -105.5334
v  -136.2205 14.5224 -105.5851
v  -136.2205 14.2980 -105.4561
v  -136.1838 14.3311 -105.4046
v  -136.1472 14.5885 -105.4816
v  -136.1472 14.3641 -105.3530
v  -136.1106 14.6216 -105.4299
v  -136.1106 14.3972 -105.3014
v  -136.1106 14.1475 -105.1461
v  -136.1472 14.1135 -105.1969
v  -136.1106 13.8746 -104.9572
v  -136.1472 13.8388 -105.0066
v  -136.2205 14.0453 -105.2983
v  -136.1838 14.0794 -105.2476
v  -136.2205 13.7671 -105.1055
v  -136.1838 13.8030 -105.0561
v  -136.1838 13.5044 -104.8236
v  -136.2205 13.4664 -104.8714
v  -136.2205 13.1462 -104.5897
v  -136.1838 13.1864 -104.5437
v  -136.1472 13.5424 -104.7758
v  -136.1472 13.2267 -104.4977
v  -136.1106 13.5804 -104.7280
v  -136.1106 13.2669 -104.4517
v  -136.1106 12.9360 -104.1216
v  -136.1472 12.8938 -104.1658
v  -136.1106 12.5872 -103.7419
v  -136.1472 12.5434 -103.7845
v  -136.2205 12.8093 -104.2542
v  -136.1838 12.8516 -104.2100
v  -136.2205 12.4557 -103.8696
v  -136.1838 12.4995 -103.8270
v  -136.1838 12.1301 -103.3992
v  -136.2205 12.0850 -103.4405
v  -136.2205 11.6972 -102.9716
v  -136.1838 11.7429 -102.9310
v  -136.1472 12.1751 -103.3579
v  -136.1472 11.7885 -102.8904
v  -136.1106 12.2201 -103.3166
v  -136.1106 11.8342 -102.8498
v  -136.1106 11.4291 -102.3457
v  -136.1472 11.3834 -102.3863
v  -136.1106 11.0078 -101.8256
v  -136.1472 10.9626 -101.8669
v  -136.2205 11.2919 -102.4675
v  -136.1838 11.3376 -102.4269
v  -136.2205 10.8723 -101.9494
v  -136.1838 10.9174 -101.9081
v  -136.1838 10.4853 -101.3961
v  -136.2205 10.4413 -101.4385
v  -136.2205 10.0020 -100.9561
v  -136.1838 10.0442 -100.9119
v  -136.1472 10.5293 -101.3536
v  -136.1472 10.0864 -100.8678
v  -136.1106 10.5733 -101.3111
v  -136.1106 10.1287 -100.8236
v  -136.1106 9.6770 -100.3847
v  -136.1472 9.6371 -100.4308
v  -136.1106 9.2144 -99.9915
v  -136.1472 9.1775 -100.0399
v  -136.2205 9.5574 -100.5232
v  -136.1838 9.5973 -100.4770
v  -136.2205 9.1037 -100.1369
v  -136.1838 9.1406 -100.0884
v  -136.1838 8.6702 -99.7431
v  -136.2205 8.6369 -99.7941
v  -136.2205 8.1533 -99.4917
v  -136.1838 8.1823 -99.4383
v  -136.1472 8.7035 -99.6922
v  -136.1472 8.2114 -99.3849
v  -136.1106 8.7368 -99.6413
v  -136.1106 8.2405 -99.3315
v  -136.1106 7.7214 -99.0593
v  -136.1472 7.6972 -99.1151
v  -136.1106 7.1766 -98.8351
v  -136.1472 7.1579 -98.8930
v  -136.2205 7.6489 -99.2266
v  -136.1838 7.6730 -99.1709
v  -136.2205 7.1205 -99.0089
v  -136.1838 7.1392 -98.9510
v  -136.1838 6.5779 -98.7886
v  -136.2205 6.5651 -98.8482
v  -136.1838 5.9858 -98.6939
v  -136.1472 6.5906 -98.7290
v  -136.1472 5.9923 -98.6332
v  -136.1106 6.6034 -98.6694
v  -136.1106 5.9987 -98.5725
v  -136.1106 5.3598 -98.5551
v  -136.1472 5.3600 -98.6160
v  -136.1106 4.7035 -98.6114
v  -136.1472 4.7103 -98.6718
v  -136.1838 5.3601 -98.6768
v  -136.1838 4.7171 -98.7321
v  -136.1838 4.0734 -98.8543
v  -136.1838 3.4455 -99.0380
v  -136.1472 4.0599 -98.7952
v  -136.1472 3.4255 -98.9808
v  -136.1106 4.0465 -98.7361
v  -136.1106 3.4056 -98.9236
v  -136.1106 2.7976 -99.1685
v  -136.1472 2.8237 -99.2232
v  -136.1106 2.2323 -99.4640
v  -136.1472 2.2642 -99.5155
v  -136.2205 2.8759 -99.3326
v  -136.1838 2.8498 -99.2779
v  -136.2205 2.3281 -99.6187
v  -136.1838 2.2961 -99.5671
v  -136.1838 1.7941 -99.8988
v  -136.2205 1.8316 -99.9465
v  -136.2205 1.3961 -100.3092
v  -136.1838 1.3534 -100.2660
v  -136.1472 1.7567 -99.8511
v  -136.1472 1.3108 -100.2229
v  -136.1106 1.7192 -99.8033
v  -136.1106 1.2682 -100.1798
v  -136.1106 0.8888 -100.5867
v  -136.1472 0.9363 -100.6244
v  -136.1106 0.5801 -101.0196
v  -136.1472 0.6319 -101.0511
v  -136.2205 1.0313 -100.6997
v  -136.1838 0.9838 -100.6620
v  -136.2205 0.7356 -101.1140
v  -136.1838 0.6837 -101.0825
v  -136.1838 0.4517 -101.5233
v  -136.2205 0.5072 -101.5480
v  -136.2205 0.3446 -101.9978
v  -136.1838 0.2863 -101.9803
v  -136.1472 0.3963 -101.4987
v  -136.1472 0.2281 -101.9628
v  -136.1106 0.3408 -101.4740
v  -136.1106 0.1698 -101.9453
v  -136.1106 0.0662 -102.4292
v  -136.1472 0.1261 -102.4392
v  -136.1106 0.0300 -102.9295
v  -136.1472 0.0907 -102.9322
v  -136.2205 0.2459 -102.4592
v  -136.1838 0.1860 -102.4492
v  -136.2205 0.2122 -102.9377
v  -136.1838 0.1515 -102.9350
v  -136.1838 0.1835 -103.4426
v  -136.2205 0.2445 -103.4389
v  -136.1838 0.2827 -103.9771
v  -136.1472 0.1225 -103.4463
v  -136.1472 0.2217 -103.9859
v  -136.1106 0.0614 -103.4501
v  -136.1106 0.1607 -103.9948
v  -136.1106 0.3280 -104.5675
v  -136.1472 0.3889 -104.5554
v  -136.1106 0.5313 -105.1553
v  -136.1472 0.5920 -105.1418
v  -136.1838 0.4498 -104.5433
v  -136.1838 0.6528 -105.1282
v  -136.1838 0.8596 -105.7186
v  -136.1838 1.0383 -106.3013
v  -136.1472 0.7990 -105.7319
v  -136.1472 0.9777 -106.3128
v  -136.1106 0.7383 -105.7452
v  -136.1106 0.9170 -106.3242
v  -136.1106 1.0353 -106.8794
v  -136.1472 1.0961 -106.8714
v  -136.1106 1.0938 -107.4263
v  -136.1472 1.1547 -107.4226
v  -136.2205 1.2176 -106.8552
v  -136.1838 1.1568 -106.8633
v  -136.2205 1.2765 -107.4150
v  -136.1838 1.2156 -107.4188
v  -136.1838 1.2153 -107.9820
v  -136.2205 1.2763 -107.9828
v  -136.2205 1.2173 -108.5723
v  -136.1838 1.1563 -108.5673
v  -136.1472 1.1542 -107.9812
v  -136.1472 1.0952 -108.5623
v  -136.1106 1.0932 -107.9805
v  -136.1106 1.0342 -108.5574
v  -136.1106 0.9175 -109.1726
v  -136.1472 0.9783 -109.1807
v  -136.1106 0.7617 -109.8144
v  -136.1472 0.8222 -109.8245
v  -136.2205 1.0999 -109.1971
v  -136.1838 1.0391 -109.1889
v  -136.2205 0.9433 -109.8447
v  -136.1838 0.8828 -109.8346
v  -136.1838 0.7063 -110.4922
v  -136.2205 0.7667 -110.5027
v  -136.2205 0.5893 -111.1587
v  -136.1838 0.5288 -111.1495
v  -136.1472 0.6459 -110.4817
v  -136.1472 0.4683 -111.1403
v  -136.1106 0.5855 -110.4712
v  -136.1106 0.4077 -111.1311
v  -136.1106 0.2470 -111.7825
v  -136.1472 0.3080 -111.7884
v  -136.1106 0.1250 -112.4154
v  -136.1472 0.1865 -112.4162
v  -136.2205 0.4301 -111.8000
v  -136.1838 0.3691 -111.7942
v  -136.2205 0.3095 -112.4178
v  -136.1838 0.2480 -112.4170
v  -136.1838 0.1864 -113.0087
v  -136.2205 0.2479 -113.0033
v  -136.2205 0.2655 -113.5474
v  -136.1838 0.2051 -113.5600
v  -136.1472 0.1250 -113.0142
v  -136.1472 0.1448 -113.5725
v  -136.1106 0.0636 -113.0196
v  -136.1106 0.0844 -113.5851
v  -136.1106 0.2093 -114.1017
v  -136.1472 0.2670 -114.0816
v  -136.1106 0.4077 -114.5687
v  -136.1472 0.4619 -114.5412
v  -136.2205 0.3826 -114.0415
v  -136.1838 0.3248 -114.0615
v  -136.2205 0.5702 -114.4860
v  -136.1838 0.5160 -114.5136
v  -136.1838 0.7492 -114.9163
v  -136.2205 0.7992 -114.8818
v  -136.2205 1.0406 -115.2296
v  -136.1838 0.9949 -115.2700
v  -136.1472 0.6993 -114.9508
v  -136.1472 0.9492 -115.3104
v  -136.1106 0.6493 -114.9854
v  -136.1106 0.9035 -115.3508
v  -136.1106 1.1400 -115.6643
v  -136.1472 1.1817 -115.6195
v  -136.1106 1.3655 -115.9391
v  -136.1472 1.4039 -115.8913
v  -136.2205 1.2652 -115.5300
v  -136.1838 1.2235 -115.5747
v  -136.2205 1.4808 -115.7958
v  -136.1838 1.4424 -115.8435
v  -136.1838 1.6590 -116.0892
v  -136.2205 1.6951 -116.0397
v  -136.2205 1.9157 -116.2745
v  -136.1838 1.8807 -116.3247
v  -136.1472 1.6229 -116.1387
v  -136.1472 1.8456 -116.3749
v  -136.1106 1.5867 -116.1883
v  -136.1106 1.8106 -116.4251
v  -136.1106 2.0438 -116.6628
v  -136.1472 2.0794 -116.6129
v  -136.1106 2.2854 -116.9006
v  -136.1472 2.3225 -116.8516
v  -136.2205 2.1504 -116.5130
v  -136.1838 2.1149 -116.5629
v  -136.2205 2.3967 -116.7537
v  -136.1838 2.3596 -116.8026
v  -136.1838 2.6130 -117.0426
v  -136.2205 2.6523 -116.9952
v  -136.2205 2.9148 -117.2361
v  -136.1838 2.8731 -117.2816
v  -136.1472 2.5737 -117.0900
v  -136.1472 2.8314 -117.3271
v  -136.1106 2.5344 -117.1374
v  -136.1106 2.7898 -117.3726
v  -136.1106 3.0505 -117.6051
v  -136.1472 3.0943 -117.5618
v  -136.1106 3.3178 -117.8365
v  -136.1472 3.3632 -117.7950
v  -136.2205 3.1818 -117.4750
v  -136.1838 3.1380 -117.5184
v  -136.2205 3.4539 -117.7120
v  -136.1838 3.4085 -117.7535
v  -136.1838 3.6855 -117.9874
v  -136.2205 3.7317 -117.9470
v  -136.2205 4.0157 -118.1802
v  -136.1838 3.9696 -118.2205
v  -136.1472 3.6392 -118.0277
v  -136.1472 3.9234 -118.2607
v  -136.1106 3.5930 -118.0680
v  -136.1106 3.8773 -118.3010
v  -136.1106 4.1719 -118.5368
v  -136.1472 4.2168 -118.4951
v  -136.1106 4.4821 -118.7696
v  -136.1472 4.5247 -118.7254
v  -136.2205 4.3066 -118.4117
v  -136.1838 4.2617 -118.4534
v  -136.2205 4.6097 -118.6368
v  -136.1838 4.5672 -118.6811
v  -136.1838 4.8915 -118.8985
v  -136.2205 4.9305 -118.8511
v  -136.2205 5.2743 -119.0499
v  -136.1838 5.2399 -119.1008
v  -136.1472 4.8525 -118.9460
v  -136.1472 5.2055 -119.1516
v  -136.1106 4.8134 -118.9935
v  -136.1106 5.1711 -119.2024
v  -136.1106 5.5605 -119.3905
v  -136.1472 5.5892 -119.3366
v  -136.1106 5.9774 -119.5504
v  -136.1472 5.9998 -119.4939
v  -136.2205 5.6466 -119.2289
v  -136.1838 5.6179 -119.2828
v  -136.2205 6.0444 -119.3808
v  -136.1838 6.0221 -119.4373
v  -136.1838 6.4490 -119.5572
v  -136.2205 6.4646 -119.4986
v  -136.2205 6.9043 -119.5751
v  -136.1838 6.8954 -119.6351
v  -136.1472 6.4335 -119.6158
v  -136.1472 6.8865 -119.6952
v  -136.1106 6.4179 -119.6745
v  -136.1106 6.8776 -119.7553
v  -136.1106 7.3526 -119.7854
v  -136.1472 7.3552 -119.7246
v  -136.1106 7.8423 -119.7661
v  -136.1472 7.8390 -119.7054
v  -136.2205 7.3605 -119.6032
v  -136.1838 7.3578 -119.6639
v  -136.2205 7.8326 -119.5839
v  -136.1838 7.8358 -119.6446
v  -136.1838 8.3289 -119.5783
v  -136.2205 8.3202 -119.5181
v  -136.2205 8.8229 -119.4068
v  -136.1838 8.8365 -119.4661
v  -136.1472 8.3375 -119.6385
v  -136.1472 8.8501 -119.5254
v  -136.1106 8.3461 -119.6988
v  -136.1106 8.8636 -119.5847
v  -136.1106 9.3942 -119.4254
v  -136.1472 9.3762 -119.3672
v  -136.1106 9.9336 -119.2228
v  -136.1472 9.9116 -119.1660
v  -136.2205 9.3402 -119.2509
v  -136.1838 9.3582 -119.3091
v  -136.2205 9.8677 -119.0524
v  -136.1838 9.8897 -119.1092
v  -136.1838 10.4263 -118.8685
v  -136.2205 10.4007 -118.8132
v  -136.2205 10.9348 -118.5354
v  -136.1838 10.9637 -118.5890
v  -136.1472 10.4519 -118.9238
v  -136.1472 10.9927 -118.6426
v  -136.1106 10.4776 -118.9791
v  -136.1106 11.0216 -118.6962
v  -136.1106 11.5616 -118.3764
v  -136.1472 11.5296 -118.3246
v  -136.1106 12.0878 -118.0280
v  -136.1472 12.0529 -117.9780
v  -136.2205 11.4656 -118.2208
v  -136.1838 11.4976 -118.2727
v  -136.2205 11.9833 -117.8779
v  -136.1838 12.0181 -117.9280
v  -136.1838 12.5157 -117.5632
v  -136.2205 12.4782 -117.5150
v  -136.2205 12.9408 -117.1406
v  -136.1838 12.9807 -117.1867
v  -136.1472 12.5531 -117.6113
v  -136.1472 13.0206 -117.2328
v  -136.1106 12.5906 -117.6594
v  -136.1106 13.0605 -117.2789
v  -136.1106 13.4878 -116.8950
v  -136.1472 13.4456 -116.8509
v  -136.1106 13.8808 -116.5010
v  -136.1472 13.8365 -116.4591
v  -136.2205 13.3613 -116.7628
v  -136.1838 13.4035 -116.8069
v  -136.2205 13.7479 -116.3752
v  -136.1838 13.7922 -116.4172
v  -136.1838 14.1551 -116.0109
v  -136.2205 14.1088 -115.9712
v  -136.1472 14.2014 -116.0505
v  -136.1106 14.2477 -116.0902
v  -136.2205 2.2181 -100.3592
v  -136.2205 1.5602 -101.3857
v  -136.2205 1.7907 -100.4460
v  -136.2205 1.2575 -101.2745
v  -136.2205 0.9024 -102.4123
v  -136.2205 0.7328 -102.1055
v  -136.2205 0.6086 -101.8211
v  -136.2205 0.9882 -101.1880
v  -136.2205 1.4015 -100.5648
v  -136.2205 2.9842 -106.8463
v  -136.2205 2.9513 -106.3021
v  -136.2205 4.8684 -104.4956
v  -136.2205 4.6853 -104.0320
v  -136.2205 2.9834 -107.4178
v  -136.2205 5.0235 -104.9908
v  -136.2205 6.7527 -102.1448
v  -136.2205 6.4193 -101.7618
v  -136.2205 7.0636 -102.5638
v  -136.2205 7.3597 -103.0181
v  -136.2205 7.6488 -103.5067
v  -136.2205 5.1621 -105.5130
v  -136.2205 5.2956 -106.0574
v  -136.2205 2.9644 -108.0079
v  -136.2205 2.9424 -108.6080
v  -136.2205 6.0557 -101.4157
v  -136.2205 4.4626 -103.6047
v  -136.2205 5.6595 -101.1104
v  -136.2205 4.1985 -103.2119
v  -136.2205 2.8694 -105.7937
v  -136.2205 2.7375 -105.3135
v  -136.2205 2.5544 -104.8535
v  -136.2205 3.8913 -102.8517
v  -136.2205 5.2282 -100.8500
v  -136.2205 2.4248 -112.2929
v  -136.2205 2.6817 -111.3543
v  -136.2205 4.5162 -110.5023
v  -136.2205 5.2206 -109.0380
v  -136.2205 2.0861 -113.3260
v  -136.2205 3.5651 -112.2143
v  -136.2205 8.5098 -107.2399
v  -136.2205 6.7056 -108.6278
v  -136.2205 8.0050 -106.4752
v  -136.2205 6.1327 -110.4857
v  -136.2205 4.9703 -111.1994
v  -136.2205 3.3132 -113.6498
v  -136.2205 3.9705 -113.4504
v  -136.2205 2.5412 -113.9893
v  -136.2205 1.6900 -114.4142
v  -136.2205 8.3542 -105.2818
v  -136.2205 5.5049 -108.0059
v  -136.2205 8.1874 -104.6116
v  -136.2205 5.5246 -107.2512
v  -136.2205 2.8322 -110.5496
v  -136.2205 2.9060 -109.8458
v  -136.2205 2.9329 -109.2096
v  -136.2205 5.4357 -106.6193
v  -136.2205 7.9385 -104.0289
v  -136.2205 6.8605 -115.2050
v  -136.2205 6.5863 -114.9992
v  -136.2205 9.4145 -111.9984
v  -136.2205 9.1569 -111.8182
v  -136.2205 7.1411 -115.4052
v  -136.2205 9.6725 -112.1737
v  -136.2205 11.9684 -108.7918
v  -136.2205 11.7274 -108.6372
v  -136.2205 12.2039 -108.9421
v  -136.2205 12.4482 -109.1059
v  -136.2205 12.7154 -109.3008
v  -136.2205 9.9423 -112.3543
v  -136.2205 10.2350 -112.5505
v  -136.2205 7.4364 -115.6027
v  -136.2205 7.7547 -115.8002
v  -136.2205 10.2701 -107.4395
v  -136.2205 10.5883 -107.7513
v  -136.2205 7.7308 -110.6247
v  -136.2205 8.0305 -110.9129
v  -136.2205 9.9019 -107.1408
v  -136.2205 7.3676 -110.3869
v  -136.2205 5.1916 -113.8100
v  -136.2205 5.4726 -114.0745
v  -136.2205 4.8724 -113.5828
v  -136.2205 4.4778 -113.4455
v  -136.2205 6.8834 -110.2777
v  -136.2205 9.4452 -106.9093
v  -136.2205 11.4669 -108.4605
v  -136.2205 8.8885 -111.6227
v  -136.2205 11.1888 -108.2571
v  -136.2205 8.6105 -111.4087
v  -136.2205 6.3101 -114.7849
v  -136.2205 6.0322 -114.5603
v  -136.2205 5.7529 -114.3241
v  -136.2205 8.3241 -111.1732
v  -136.2205 10.8953 -108.0223
v  -136.2205 9.6480 -116.6810
v  -136.2205 9.2571 -116.5446
v  -136.2205 11.9355 -113.7589
v  -136.2205 11.6098 -113.5141
v  -136.2205 10.0372 -116.7880
v  -136.2205 12.2418 -113.9922
v  -136.2205 14.2230 -110.8368
v  -136.2205 13.9625 -110.4837
v  -136.2205 14.4465 -111.1963
v  -136.2205 14.6356 -111.5546
v  -136.2205 14.7931 -111.9036
v  -136.2205 12.5305 -114.2091
v  -136.2205 12.8031 -114.4047
v  -136.2205 10.4254 -116.8636
v  -136.2205 10.8130 -116.9057
v  -136.2205 13.6623 -110.1449
v  -136.2205 11.2631 -113.2628
v  -136.2205 13.3416 -109.8290
v  -136.2205 10.9092 -113.0129
v  -136.2205 8.8639 -116.3807
v  -136.2205 8.4768 -116.1969
v  -136.2205 8.1043 -116.0009
v  -136.2205 10.5619 -112.7728
v  -136.2205 13.0196 -109.5448
v  -136.2205 12.7160 -116.6774
v  -136.2205 12.3462 -116.7663
v  -136.2205 13.9544 -115.1205
v  -136.2205 13.7515 -114.9905
v  -136.2205 13.0255 -116.6272
v  -136.2205 14.1660 -115.2711
v  -136.2205 15.1690 -113.5366
v  -136.2205 15.1450 -113.2012
v  -136.2205 15.2065 -113.8199
v  -136.2205 15.2957 -113.9878
v  -136.2205 14.7393 -114.8331
v  -136.2205 14.3758 -115.4574
v  -136.2205 13.8820 -115.9461
v  -136.2205 13.2217 -116.6714
v  -136.2205 15.0965 -112.8774
v  -136.2205 13.5352 -114.8605
v  -136.2205 15.0224 -112.5579
v  -136.2205 13.3052 -114.7239
v  -136.2205 11.9691 -116.8382
v  -136.2205 11.5867 -116.8885
v  -136.2205 11.2007 -116.9125
v  -136.2205 13.0612 -114.5741
v  -136.2205 14.9217 -112.2357
v  -108.9457 11.4428 -110.7075
v  -108.9457 11.8255 -110.2514
v  -108.9457 11.0608 -111.1628
v  -109.7463 11.4428 -110.7075
v  -109.7463 11.8255 -110.2514
v  -109.7463 11.0608 -111.1628
v  -108.9457 10.3122 -112.0550
v  -108.9457 10.6828 -111.6133
v  -109.7463 10.3122 -112.0550
v  -109.7463 10.6828 -111.6133
v  -110.5468 10.6828 -111.6133
v  -110.5468 10.3122 -112.0550
v  -110.5468 11.0608 -111.1628
v  -110.5468 11.8255 -110.2514
v  -110.5468 11.4428 -110.7075
v  -108.9457 12.9347 -108.9293
v  -108.9457 13.2727 -108.5265
v  -108.9457 12.5771 -109.3556
v  -109.7463 12.9347 -108.9293
v  -109.7463 13.2727 -108.5265
v  -109.7463 12.5771 -109.3556
v  -108.9457 12.2055 -109.7985
v  -109.7463 12.2055 -109.7985
v  -110.5468 12.2055 -109.7985
v  -110.5468 12.5771 -109.3556
v  -110.5468 13.2727 -108.5265
v  -110.5468 12.9347 -108.9293
v  -108.9457 14.1304 -107.5043
v  -108.9457 14.3604 -107.2302
v  -108.9457 13.8717 -107.8126
v  -109.7463 14.1304 -107.5043
v  -109.7463 14.3604 -107.2302
v  -109.7463 13.8717 -107.8126
v  -108.9457 13.5854 -108.1538
v  -109.7463 13.5854 -108.1538
v  -110.5468 13.5854 -108.1538
v  -110.5468 13.8717 -107.8126
v  -110.5468 14.3604 -107.2302
v  -110.5468 14.1304 -107.5043
v  -108.9457 14.8894 -106.5999
v  -108.9457 15.0276 -106.4356
v  -108.9457 14.7353 -106.7835
v  -109.7463 14.8894 -106.5999
v  -109.7463 15.0276 -106.4356
v  -109.7463 14.7353 -106.7835
v  -108.9457 14.5604 -106.9918
v  -109.7463 14.5604 -106.9918
v  -110.5468 14.5604 -106.9918
v  -110.5468 14.7353 -106.7835
v  -110.5468 15.0276 -106.4356
v  -110.5468 14.8894 -106.5999
v  -108.9457 14.7332 -105.4440
v  -108.9457 14.4695 -105.2828
v  -108.9457 14.9906 -105.5953
v  -109.8201 14.7332 -105.4440
v  -109.8201 14.4695 -105.2828
v  -109.8109 14.9906 -105.5953
v  -108.9457 15.4948 -105.8817
v  -108.9457 15.2437 -105.7402
v  -109.7463 15.4948 -105.8817
v  -109.7832 15.2437 -105.7402
v  -110.6945 15.2437 -105.7402
v  -110.5468 15.4948 -105.8817
v  -110.8052 14.9906 -105.5953
v  -110.8421 14.4695 -105.2828
v  -110.8421 14.7332 -105.4440
v  -108.9457 13.6184 -104.6802
v  -108.9457 13.3071 -104.4057
v  -108.9457 13.9144 -104.9111
v  -109.8201 13.6184 -104.6802
v  -109.8201 13.3071 -104.4057
v  -109.8201 13.9144 -104.9111
v  -108.9457 14.1973 -105.1086
v  -109.8201 14.1973 -105.1086
v  -110.8421 14.1973 -105.1086
v  -110.8421 13.9144 -104.9111
v  -110.8421 13.3071 -104.4057
v  -110.8421 13.6184 -104.6802
v  -108.9457 12.2651 -103.2753
v  -108.9457 11.8799 -102.8092
v  -108.9457 12.6310 -103.6993
v  -109.8201 12.2651 -103.2753
v  -109.8201 11.8799 -102.8092
v  -109.8201 12.6310 -103.6993
v  -108.9457 12.9782 -104.0774
v  -109.8201 12.9782 -104.0774
v  -110.8421 12.9782 -104.0774
v  -110.8421 12.6310 -103.6993
v  -110.8421 11.8799 -102.8092
v  -110.8421 12.2651 -103.2753
v  -108.9457 10.6173 -101.2686
v  -108.9457 10.1709 -100.7795
v  -108.9457 11.0529 -101.7843
v  -109.8201 10.6173 -101.2686
v  -109.8201 10.1709 -100.7795
v  -109.8201 11.0529 -101.7843
v  -108.9457 11.4748 -102.3051
v  -109.8201 11.4748 -102.3051
v  -110.8421 11.4748 -102.3051
v  -110.8421 11.0529 -101.7843
v  -110.8421 10.1709 -100.7795
v  -110.8421 10.6173 -101.2686
v  -108.9457 8.7702 -99.5904
v  -108.9457 8.2695 -99.2782
v  -108.9457 9.2513 -99.9430
v  -109.8201 8.7702 -99.5904
v  -109.8201 8.2695 -99.2782
v  -109.8201 9.2513 -99.9430
v  -108.9457 9.7169 -100.3385
v  -109.8201 9.7169 -100.3385
v  -110.8421 9.7169 -100.3385
v  -110.8421 9.2513 -99.9430
v  -110.8421 8.2695 -99.2782
v  -110.8421 8.7702 -99.5904
v  -108.9457 6.6161 -98.6098
v  -108.9457 6.0052 -98.5119
v  -108.9457 7.1953 -98.7772
v  -109.8201 6.6161 -98.6098
v  -109.8201 6.0052 -98.5119
v  -109.8201 7.1953 -98.7772
v  -108.9457 7.7455 -99.0035
v  -109.8201 7.7455 -99.0035
v  -110.8421 7.7455 -99.0035
v  -110.8421 7.1953 -98.7772
v  -110.8421 6.0052 -98.5119
v  -110.8421 6.6161 -98.6098
v  -108.9457 4.0330 -98.6770
v  -108.9457 3.3856 -98.8664
v  -108.9457 4.6967 -98.5511
v  -109.8201 4.0330 -98.6770
v  -109.8201 3.3856 -98.8664
v  -109.8201 4.6967 -98.5511
v  -108.9457 5.3597 -98.4942
v  -109.8201 5.3597 -98.4942
v  -110.8421 5.3597 -98.4942
v  -110.8421 4.6967 -98.5511
v  -110.8421 3.3856 -98.8664
v  -110.8421 4.0330 -98.6770
v  -108.9457 1.6818 -99.7556
v  -108.9457 1.2256 -100.1367
v  -108.9457 2.2003 -99.4124
v  -109.8201 1.6818 -99.7556
v  -109.8201 1.2256 -100.1367
v  -109.8201 2.2003 -99.4124
v  -108.9457 2.7715 -99.1138
v  -109.8201 2.7715 -99.1138
v  -110.8421 2.7715 -99.1138
v  -110.8421 2.2003 -99.4124
v  -110.8421 1.2256 -100.1367
v  -110.8421 1.6818 -99.7556
v  -108.9457 0.2853 -101.4493
v  -108.9457 0.1116 -101.9279
v  -108.9457 0.5282 -100.9882
v  -109.8201 0.2853 -101.4493
v  -109.8201 0.1116 -101.9279
v  -109.8201 0.5282 -100.9882
v  -108.9457 0.8414 -100.5491
v  -109.8201 0.8414 -100.5491
v  -110.8421 0.8414 -100.5491
v  -110.8421 0.5282 -100.9882
v  -110.8421 0.1116 -101.9279
v  -110.8421 0.2853 -101.4493
v  -108.9457 0.0004 -103.4538
v  -108.9457 0.0998 -104.0037
v  -108.9457 -0.0308 -102.9268
v  -109.8201 0.0004 -103.4538
v  -109.8201 0.0998 -104.0037
v  -109.8201 -0.0308 -102.9268
v  -108.9457 0.0063 -102.4193
v  -109.8201 0.0063 -102.4192
v  -110.8421 0.0063 -102.4192
v  -110.8421 -0.0308 -102.9268
v  -110.8421 0.0998 -104.0037
v  -110.8421 0.0004 -103.4538
v  -108.9457 0.6777 -105.7585
v  -108.9457 0.8564 -106.3357
v  -108.9457 0.4706 -105.1689
v  -109.8201 0.6777 -105.7585
v  -109.8201 0.8564 -106.3357
v  -109.8201 0.4706 -105.1689
v  -108.9457 0.2672 -104.5796
v  -109.8201 0.2672 -104.5796
v  -110.8421 0.2672 -104.5796
v  -110.8421 0.4706 -105.1689
v  -110.8421 0.8564 -106.3357
v  -110.8421 0.6777 -105.7585
v  -108.9457 1.0322 -107.9797
v  -108.9457 0.9732 -108.5524
v  -108.9457 1.0329 -107.4301
v  -109.8201 1.0322 -107.9797
v  -109.8201 0.9732 -108.5524
v  -109.8201 1.0329 -107.4301
v  -108.9457 0.9746 -106.8875
v  -109.8201 0.9746 -106.8875
v  -110.8421 0.9746 -106.8875
v  -110.8421 1.0329 -107.4301
v  -110.8421 0.9732 -108.5524
v  -110.8421 1.0322 -107.9797
v  -108.9457 0.5251 -110.4606
v  -108.9457 0.3472 -111.1219
v  -108.9457 0.7011 -109.8043
v  -109.8201 0.5251 -110.4606
v  -109.8201 0.3472 -111.1219
v  -109.8201 0.7011 -109.8043
v  -108.9457 0.8567 -109.1645
v  -109.8201 0.8567 -109.1645
v  -110.8421 0.8567 -109.1645
v  -110.8421 0.7011 -109.8043
v  -110.8421 0.3472 -111.1219
v  -110.8421 0.5251 -110.4606
v  -108.9457 0.0021 -113.0251
v  -108.9457 0.0241 -113.5976
v  -108.9457 0.0635 -112.4146
v  -109.8201 0.0021 -113.0251
v  -109.8201 0.0241 -113.5976
v  -109.8201 0.0635 -112.4146
v  -108.9457 0.1860 -111.7767
v  -109.8201 0.1860 -111.7767
v  -110.8421 0.1860 -111.7767
v  -110.8421 0.0635 -112.4146
v  -110.8421 0.0241 -113.5976
v  -110.8421 0.0021 -113.0251
v  -108.9457 0.5993 -115.0199
v  -108.9457 0.8578 -115.3912
v  -108.9457 0.3536 -114.5963
v  -109.8201 0.5993 -115.0199
v  -109.8201 0.8578 -115.3912
v  -109.8201 0.3536 -114.5963
v  -108.9457 0.1515 -114.1218
v  -109.8201 0.1515 -114.1218
v  -110.8421 0.1515 -114.1218
v  -110.8421 0.3536 -114.5963
v  -110.8421 0.8578 -115.3912
v  -110.8421 0.5993 -115.0199
v  -108.9457 1.5506 -116.2378
v  -108.9457 1.7756 -116.4753
v  -108.9457 1.3270 -115.9868
v  -109.8201 1.5506 -116.2378
v  -109.8201 1.7756 -116.4753
v  -109.8201 1.3270 -115.9868
v  -108.9457 1.0982 -115.7091
v  -109.8201 1.0982 -115.7091
v  -110.8421 1.0982 -115.7091
v  -110.8421 1.3270 -115.9868
v  -110.8421 1.7756 -116.4753
v  -110.8421 1.5506 -116.2378
v  -108.9457 2.4951 -117.1848
v  -108.9457 2.7481 -117.4181
v  -108.9457 2.2484 -116.9495
v  -109.8201 2.4951 -117.1848
v  -109.8201 2.7481 -117.4181
v  -109.8201 2.2484 -116.9495
v  -108.9457 2.0083 -116.7128
v  -109.8201 2.0083 -116.7128
v  -110.8421 2.0083 -116.7128
v  -110.8421 2.2484 -116.9495
v  -110.8421 2.7481 -117.4181
v  -110.8421 2.4951 -117.1848
v  -108.9457 3.5469 -118.1084
v  -108.9457 3.8314 -118.3415
v  -108.9457 3.2725 -117.8780
v  -109.8201 3.5469 -118.1084
v  -109.8201 3.8314 -118.3415
v  -109.8201 3.2725 -117.8780
v  -108.9457 3.0067 -117.6485
v  -109.8201 3.0067 -117.6485
v  -110.8421 3.0067 -117.6485
v  -110.8421 3.2725 -117.8780
v  -110.8421 3.8314 -118.3415
v  -110.8421 3.5469 -118.1084
v  -108.9457 4.7754 -119.0417
v  -108.9457 5.1378 -119.2541
v  -108.9457 4.4404 -118.8146
v  -109.8201 4.7754 -119.0417
v  -109.8201 5.1378 -119.2541
v  -109.8201 4.4404 -118.8146
v  -108.9457 4.1275 -118.5790
v  -109.8201 4.1275 -118.5790
v  -110.8421 4.1275 -118.5790
v  -110.8421 4.4404 -118.8146
v  -110.8421 5.1378 -119.2541
v  -110.8421 4.7754 -119.0417
v  -108.9457 6.4028 -119.7335
v  -108.9457 6.8690 -119.8156
v  -108.9457 5.9559 -119.6075
v  -109.8201 6.4028 -119.7335
v  -109.8201 6.8690 -119.8156
v  -109.8201 5.9559 -119.6075
v  -108.9457 5.5327 -119.4452
v  -109.8201 5.5327 -119.4452
v  -110.8421 5.5327 -119.4452
v  -110.8421 5.9559 -119.6075
v  -110.8421 6.8690 -119.8156
v  -110.8421 6.4028 -119.7335
v  -108.9457 8.3548 -119.7590
v  -108.9457 8.8772 -119.6441
v  -108.9457 7.8455 -119.8268
v  -109.8201 8.3548 -119.7590
v  -109.8201 8.8772 -119.6441
v  -109.8201 7.8455 -119.8268
v  -108.9457 7.3501 -119.8462
v  -109.8201 7.3501 -119.8462
v  -110.8421 7.3501 -119.8462
v  -110.8421 7.8455 -119.8268
v  -110.8421 8.8772 -119.6441
v  -110.8421 8.3548 -119.7590
v  -108.9457 10.5076 -119.0714
v  -108.9457 9.9567 -119.2889
v  -109.7832 10.5076 -119.0714
v  -109.8109 9.9567 -119.2889
v  -108.9457 9.4122 -119.4836
v  -109.8201 9.4122 -119.4836
v  -110.8421 9.4122 -119.4836
v  -110.8052 9.9567 -119.2889
v  -110.6945 10.5076 -119.0714
v  -108.9457 8.4873 -114.2300
v  -108.9457 8.8707 -113.7730
v  -108.9457 8.0919 -114.7013
v  -109.7463 8.4873 -114.2300
v  -109.7463 8.8707 -113.7730
v  -109.7463 8.0919 -114.7013
v  -108.9457 7.6885 -115.1820
v  -109.7463 7.6885 -115.1820
v  -110.5468 7.6885 -115.1820
v  -110.5468 8.0919 -114.7013
v  -110.5468 8.8707 -113.7730
v  -110.5468 8.4873 -114.2300
v  -108.9457 9.9523 -112.4839
v  -108.9457 9.5966 -112.9079
v  -109.7463 9.9523 -112.4839
v  -109.7463 9.5966 -112.9079
v  -108.9457 9.2383 -113.3349
v  -109.7463 9.2383 -113.3349
v  -110.5468 9.2383 -113.3349
v  -110.5468 9.5966 -112.9079
v  -110.5468 9.9523 -112.4839
v  -108.9457 15.3851 -106.0116
v  -108.9457 15.2726 -106.1448
v  -109.7463 15.3851 -106.0116
v  -109.7463 15.2726 -106.1448
v  -108.9457 15.1543 -106.2850
v  -109.7463 15.1543 -106.2850
v  -110.5468 15.1543 -106.2850
v  -110.5468 15.2726 -106.1448
v  -110.5468 15.3851 -106.0116
# 6706 vertices

vn 0.0000 0.8204 -0.5717
vn 0.0000 0.7936 -0.6084
vn 0.0000 0.8456 -0.5337
vn 0.0000 0.8457 -0.5337
vn 0.0000 0.8457 -0.5336
vn 0.0000 0.8928 -0.4504
vn 0.0000 0.8697 -0.4936
vn 0.0000 0.9140 -0.4058
vn 0.0000 0.9327 -0.3607
vn 0.0000 0.9654 -0.2607
vn 0.0000 0.9497 -0.3130
vn 0.0000 0.9800 -0.1988
vn 0.0000 0.9921 -0.1253
vn 0.0000 0.9991 0.0428
vn 0.0000 0.9991 -0.0432
vn 0.0000 0.9917 0.1286
vn 0.0000 0.9762 0.2170
vn 0.0000 0.9065 0.4221
vn 0.0000 0.9497 0.3132
vn 0.0000 0.9065 0.4222
vn 0.0000 0.8494 0.5277
vn 0.0000 0.8506 0.5258
vn 0.0011 0.7933 0.6089
vn 0.0013 0.8003 0.5996
vn 0.0000 0.8486 0.5291
vn 0.0008 0.7877 0.6160
vn 0.0175 0.6635 0.7480
vn 0.0057 0.7364 0.6765
vn 0.0059 0.7660 0.6428
vn 0.0221 0.6472 0.7620
vn 0.0057 0.6612 0.7502
vn 0.0034 0.7264 0.6873
vn 0.0008 0.7229 0.6910
vn 0.0015 0.6610 0.7504
vn 0.0000 0.6610 0.7504
vn 0.0000 0.7228 0.6910
vn 0.0000 0.7858 0.6184
vn 0.0000 0.8483 0.5296
vn 0.0072 0.5772 0.8166
vn 0.0067 0.4990 0.8666
vn 0.0019 0.5287 0.8488
vn 0.0017 0.5091 0.8607
vn 0.0046 0.5953 0.8035
vn 0.0011 0.5467 0.8373
vn 0.0000 0.5306 0.8476
vn 0.0000 0.5208 0.8537
vn 0.0000 0.5159 0.8566
vn 0.0000 0.5256 0.8508
vn 0.0000 0.5271 0.8498
vn 0.0000 0.5305 0.8477
vn 0.0004 0.5527 0.8334
vn 0.0000 0.5527 0.8334
vn 0.0011 0.6011 0.7992
vn 0.0000 0.6012 0.7991
vn 0.0000 0.5564 0.8309
vn 0.0000 0.5948 0.8039
vn 0.0000 0.5948 0.8038
vn 0.0000 0.5949 0.8038
vn 0.0000 0.6854 0.7281
vn 0.0000 0.6396 0.7687
vn 0.0000 0.6855 0.7281
vn 0.0000 0.6397 0.7686
vn 0.0000 0.5565 0.8309
vn 0.0000 0.7224 0.6915
vn 0.0000 0.7474 0.6644
vn 0.0000 0.7753 0.6316
vn 0.0000 0.7643 0.6449
vn 0.0000 0.7642 0.6449
vn 0.0000 0.7783 0.6279
vn 0.0000 0.7783 0.6280
vn 0.0000 0.7705 0.6375
vn 0.0000 0.7185 0.6955
vn 0.0000 0.7515 0.6597
vn 0.0000 0.7184 0.6956
vn 0.0000 0.7704 0.6375
vn 0.0000 0.7782 0.6280
vn 0.0000 0.6729 0.7398
vn 0.0000 0.6728 0.7398
vn 0.0000 0.6199 0.7847
vn 0.0000 0.4970 0.8677
vn 0.0000 0.5607 0.8280
vn 0.0000 0.4227 0.9063
vn 0.0000 0.3292 0.9443
vn 0.0000 0.0916 0.9958
vn 0.0000 0.2176 0.9760
vn 0.0000 -0.0300 0.9996
vn 0.0000 -0.1366 0.9906
vn 0.0000 -0.3272 0.9449
vn 0.0000 -0.2339 0.9723
vn 0.0000 -0.3272 0.9450
vn 0.0000 -0.3271 0.9450
vn 0.0000 -0.4184 0.9083
vn 0.0000 -0.5075 0.8617
vn 0.0000 -0.6866 0.7271
vn 0.0000 -0.5964 0.8027
vn 0.0000 -0.6865 0.7272
vn 0.0000 -0.7737 0.6335
vn 0.0000 -0.7737 0.6336
vn 0.0000 -0.8508 0.5256
vn 0.0000 -0.8508 0.5255
vn 0.0000 -0.9610 0.2765
vn 0.0000 -0.9142 0.4053
vn 0.0000 -0.9610 0.2764
vn 0.0000 -0.8507 0.5256
vn 0.0000 -0.7736 0.6336
vn 0.0000 -0.9900 0.1410
vn 0.0000 -1.0000 0.0057
vn 0.0000 -0.9730 -0.2306
vn 0.0000 -0.9927 -0.1204
vn 0.0000 -0.9731 -0.2305
vn 0.0000 -0.9900 0.1411
vn 0.0000 -0.9529 -0.3032
vn 0.0000 -0.9444 -0.3289
vn 0.0000 -0.9671 -0.2543
vn 0.0000 -0.9494 -0.3140
vn 0.0000 -0.9872 -0.1592
vn 0.0000 -0.9986 -0.0527
vn 0.0000 -0.9892 0.1466
vn 0.0000 -0.9986 0.0531
vn 0.0000 -0.9986 0.0532
vn 0.0000 -0.9772 0.2124
vn 0.0000 -0.9688 0.2478
vn 0.0000 -0.9683 0.2496
vn 0.0000 -0.9658 0.2594
vn 0.0000 -0.9684 0.2496
vn 0.0000 -0.9768 0.2143
vn 0.0000 -0.9893 0.1457
vn 0.0000 -0.9909 -0.1349
vn 0.0000 -0.9994 0.0334
vn 0.0000 -0.9908 -0.1350
vn 0.0000 -0.9496 -0.3133
vn 0.0000 -0.8949 -0.4462
vn 0.0000 -0.8100 -0.5864
vn 0.0000 -0.8444 -0.5357
vn 0.0000 -0.9497 -0.3133
vn 0.0000 -0.7855 -0.6188
vn 0.0000 -0.7597 -0.6502
vn 0.0000 -0.7598 -0.6502
vn 0.0000 -0.7201 -0.6938
vn 0.0000 -0.7366 -0.6764
vn 0.0000 -0.7366 -0.6763
vn 0.0000 -0.7082 -0.7061
vn 0.0000 -0.6962 -0.7179
vn 0.0000 -0.6716 -0.7409
vn 0.0000 -0.6840 -0.7295
vn 0.0000 -0.6715 -0.7410
vn 0.0000 -0.6961 -0.7179
vn 0.0000 -0.6594 -0.7518
vn 0.0000 -0.6482 -0.7614
vn 0.0000 -0.6296 -0.7769
vn 0.0000 -0.6383 -0.7698
vn 0.0000 -0.6297 -0.7768
vn 0.0000 -0.6135 -0.7897
vn 0.0000 -0.5812 -0.8138
vn 0.0000 -0.4702 -0.8826
vn 0.0000 -0.5332 -0.8460
vn 0.0000 -0.4702 -0.8825
vn 0.0000 -0.3966 -0.9180
vn 0.0000 -0.3146 -0.9492
vn 0.0000 -0.1181 -0.9930
vn 0.0000 -0.2221 -0.9750
vn 0.0000 -0.2222 -0.9750
vn 0.0000 -0.3145 -0.9493
vn 0.0000 -0.0115 -0.9999
vn 0.0000 0.0865 -0.9963
vn 0.0000 0.2520 -0.9677
vn 0.0000 0.1745 -0.9847
vn 0.0000 0.2521 -0.9677
vn 0.0000 0.0864 -0.9963
vn 0.0000 0.3164 -0.9486
vn 0.0000 0.3135 -0.9496
vn 0.0019 0.3667 -0.9303
vn 0.0017 0.3560 -0.9345
vn 0.0000 0.3192 -0.9477
vn 0.0011 0.3773 -0.9261
vn 0.0202 0.4878 -0.8727
vn 0.0076 0.4203 -0.9073
vn 0.0065 0.3772 -0.9261
vn 0.0252 0.4751 -0.8796
vn 0.0069 0.4860 -0.8740
vn 0.0050 0.4317 -0.9020
vn 0.0011 0.4356 -0.9002
vn 0.0019 0.4858 -0.8741
vn 0.0000 0.4858 -0.8740
vn 0.0000 0.4356 -0.9002
vn 0.0004 0.3808 -0.9247
vn 0.0000 0.3808 -0.9247
vn 0.0000 0.3201 -0.9474
vn 0.0076 0.5451 -0.8383
vn 0.0082 0.5794 -0.8150
vn 0.0019 0.5822 -0.8130
vn 0.0021 0.5926 -0.8055
vn 0.0046 0.5346 -0.8451
vn 0.0011 0.5743 -0.8186
vn 0.0000 0.6485 -0.7612
vn 0.0000 0.6127 -0.7903
vn 0.0000 0.6153 -0.7883
vn 0.0000 0.6486 -0.7612
vn 0.0000 0.6108 -0.7918
vn 0.0000 0.6101 -0.7923
vn 0.0000 0.6486 -0.7611
vn 0.0000 0.6102 -0.7922
vn 0.0004 0.5717 -0.8205
vn 0.0000 0.5717 -0.8204
vn 0.0011 0.5310 -0.8474
vn 0.0000 0.5310 -0.8474
vn 0.0000 0.6882 -0.7256
vn 0.0000 0.7271 -0.6866
vn 0.0000 0.7629 -0.6465
vn 0.0000 0.7629 -0.6466
vn 0.0000 0.7628 -0.6466
vn 0.0000 0.6881 -0.7256
vn 0.0000 0.8204 -0.5718
vn 0.0000 0.8697 -0.4935
vn 0.0000 0.8929 -0.4503
vn 0.0000 0.7936 -0.6085
vn 0.0000 0.9139 -0.4059
vn 0.0000 0.9497 -0.3131
vn 0.0000 0.9498 -0.3130
vn 0.0000 0.9921 -0.1254
vn 0.0000 0.9762 0.2169
vn 0.0000 0.9497 0.3131
vn 0.0000 0.8482 0.5297
vn -0.0004 0.7859 0.6184
vn -0.0008 0.7877 0.6160
vn -0.0015 0.6610 0.7504
vn -0.0011 0.7228 0.6910
vn -0.0069 0.6609 0.7504
vn -0.0042 0.7262 0.6874
vn -0.0069 0.7360 0.6769
vn -0.0217 0.6608 0.7503
vn -0.0271 0.6124 0.7901
vn -0.0076 0.7659 0.6429
vn -0.0015 0.7933 0.6089
vn -0.0015 0.8003 0.5997
vn -0.0011 0.6012 0.7991
vn -0.0004 0.5527 0.8334
vn -0.0053 0.5950 0.8037
vn -0.0015 0.5468 0.8372
vn 0.0000 0.5303 0.8478
vn -0.0004 0.5254 0.8509
vn -0.0008 0.5198 0.8543
vn -0.0004 0.5297 0.8482
vn -0.0008 0.5281 0.8492
vn -0.0011 0.5127 0.8585
vn -0.0031 0.5286 0.8489
vn -0.0038 0.5071 0.8619
vn -0.0088 0.5759 0.8175
vn -0.0095 0.4986 0.8668
vn 0.0000 0.5563 0.8310
vn 0.0000 0.6397 0.7687
vn 0.0000 0.5947 0.8039
vn 0.0000 0.5946 0.8040
vn 0.0000 0.5560 0.8312
vn 0.0000 0.5555 0.8315
vn 0.0000 0.7225 0.6914
vn 0.0000 0.7516 0.6597
vn 0.0000 -0.1365 0.9906
vn 0.0000 -0.2338 0.9723
vn 0.0000 -0.5965 0.8026
vn 0.0000 -0.4183 0.9083
vn 0.0000 -0.7736 0.6337
vn 0.0000 -0.9444 -0.3288
vn 0.0000 -0.9892 0.1465
vn 0.0000 -0.9768 0.2144
vn 0.0000 -0.9893 0.1456
vn 0.0000 -0.9767 0.2144
vn 0.0000 -0.8950 -0.4461
vn 0.0000 -0.8444 -0.5356
vn 0.0000 -0.8100 -0.5865
vn 0.0000 -0.8949 -0.4463
vn 0.0000 -0.7598 -0.6501
vn 0.0000 -0.7201 -0.6939
vn 0.0000 -0.7856 -0.6187
vn 0.0000 -0.7082 -0.7060
vn 0.0000 -0.6839 -0.7295
vn 0.0000 -0.6483 -0.7614
vn 0.0000 -0.6297 -0.7769
vn 0.0000 -0.6134 -0.7897
vn 0.0000 -0.5812 -0.8137
vn 0.0000 -0.1182 -0.9930
vn 0.0000 -0.1183 -0.9930
vn 0.0000 0.1744 -0.9847
vn 0.0000 0.0865 -0.9962
vn 0.0000 -0.0116 -0.9999
vn -0.0004 0.3808 -0.9247
vn -0.0015 0.3772 -0.9261
vn -0.0023 0.4859 -0.8740
vn -0.0015 0.4356 -0.9001
vn -0.0095 0.4861 -0.8739
vn -0.0065 0.4316 -0.9020
vn -0.0099 0.4192 -0.9078
vn -0.0313 0.4866 -0.8731
vn -0.0305 0.4435 -0.8957
vn -0.0065 0.3734 -0.9277
vn -0.0027 0.3667 -0.9303
vn -0.0015 0.3558 -0.9346
vn 0.0000 0.3163 -0.9486
vn -0.0015 0.5311 -0.8473
vn -0.0004 0.5717 -0.8205
vn -0.0061 0.5347 -0.8450
vn -0.0015 0.5743 -0.8186
vn -0.0027 0.5824 -0.8129
vn -0.0031 0.5929 -0.8053
vn -0.0114 0.5454 -0.8381
vn -0.0130 0.5804 -0.8142
vn 0.0542 0.7617 -0.6456
vn 0.0542 0.7617 -0.6457
vn 0.0542 0.7618 -0.6456
vn 0.0542 0.7616 -0.6458
vn 0.0542 0.7615 -0.6459
vn 0.0542 0.7611 -0.6463
vn 0.0542 0.7614 -0.6460
vn 0.0542 0.7611 -0.6464
vn 0.0542 0.7615 -0.6458
vn 0.0542 0.7608 -0.6467
vn 0.0542 0.7606 -0.6470
vn 0.0542 0.7605 -0.6470
vn 0.0542 0.7608 -0.6468
vn 0.0542 0.7605 -0.6471
vn -0.0080 0.4851 0.8744
vn -0.0107 0.4825 0.8758
vn -0.0042 0.4927 0.8702
vn -0.0080 0.4693 0.8830
vn -0.0114 0.4652 0.8851
vn -0.0046 0.4813 0.8765
vn -0.0008 0.5256 0.8507
vn -0.0019 0.5063 0.8624
vn -0.0011 0.5224 0.8527
vn -0.0023 0.4999 0.8661
vn -0.0023 0.4928 0.8701
vn -0.0008 0.5190 0.8548
vn -0.0008 0.5161 0.8565
vn -0.0019 0.4892 0.8722
vn -0.0042 0.4684 0.8835
vn -0.0011 0.4685 0.8834
vn -0.0126 0.4454 0.8953
vn -0.0057 0.4505 0.8928
vn 0.0034 0.4161 0.9093
vn 0.0301 0.5817 0.8128
vn -0.0004 0.5545 0.8322
vn 0.0000 0.5944 0.8041
vn -0.0004 0.5532 0.8330
vn 0.0000 0.5942 0.8044
vn 0.0000 0.5939 0.8046
vn 0.0000 0.5937 0.8047
vn -0.0004 0.5520 0.8339
vn -0.0004 0.5508 0.8346
vn 0.0000 -0.5074 0.8617
vn 0.0000 -0.9927 -0.1203
vn 0.0000 -0.9994 0.0333
vn 0.0000 -0.7855 -0.6189
vn 0.0000 -0.5811 -0.8138
vn 0.0000 -0.4703 -0.8825
vn 0.0000 -0.2223 -0.9750
vn 0.0000 -0.1184 -0.9930
vn 0.0000 -0.2224 -0.9750
vn 0.0000 -0.3147 -0.9492
vn 0.0000 -0.3148 -0.9492
vn 0.0000 -0.3967 -0.9179
vn 0.0000 -0.0117 -0.9999
vn 0.0000 0.3125 -0.9499
vn -0.0004 0.3522 -0.9359
vn 0.0000 0.3522 -0.9359
vn 0.0000 0.3819 -0.9242
vn -0.0015 0.3746 -0.9272
vn 0.0000 0.3746 -0.9272
vn 0.0015 0.3746 -0.9272
vn 0.0282 0.4443 -0.8954
vn 0.0061 0.3731 -0.9278
vn 0.0004 0.3522 -0.9359
vn 0.0015 0.3557 -0.9346
vn 0.0542 0.7616 -0.6457
vn 0.0000 0.8928 -0.4505
vn 0.0000 0.9327 -0.3606
vn 0.0000 0.9991 -0.0433
vn 0.0000 0.9913 0.1318
vn 0.0000 0.9736 0.2284
vn 0.0000 0.8921 0.4519
vn 0.0000 0.9423 0.3349
vn 0.0000 0.8311 0.5561
vn 0.0000 0.8315 0.5555
vn 0.0015 0.7771 0.6294
vn 0.0015 0.7814 0.6240
vn 0.0000 0.8308 0.5566
vn 0.0008 0.7735 0.6338
vn 0.0298 0.6595 0.7511
vn 0.0080 0.7276 0.6860
vn 0.0080 0.7493 0.6622
vn 0.0095 0.6609 0.7504
vn 0.0050 0.7198 0.6941
vn 0.0011 0.7171 0.6970
vn 0.0023 0.6610 0.7504
vn 0.0000 0.7171 0.6970
vn 0.0004 0.7723 0.6352
vn 0.0000 0.7723 0.6352
vn 0.0000 0.8307 0.5568
vn 0.0111 0.5609 0.8278
vn 0.0019 0.4971 0.8677
vn 0.0076 0.5884 0.8085
vn 0.0019 0.5255 0.8508
vn -0.0004 0.5142 0.8577
vn -0.0011 0.4932 0.8699
vn -0.0004 0.5133 0.8582
vn -0.0004 0.4994 0.8663
vn 0.0000 0.5014 0.8652
vn 0.0000 0.5130 0.8584
vn 0.0004 0.5342 0.8453
vn 0.0000 0.5342 0.8453
vn 0.0019 0.5963 0.8027
vn 0.0000 0.5964 0.8027
vn 0.0000 0.5503 0.8350
vn 0.0000 0.5936 0.8048
vn 0.0000 0.5499 0.8352
vn 0.0000 0.5934 0.8049
vn 0.0000 0.5935 0.8049
vn 0.0000 0.5498 0.8353
vn 0.0000 0.7224 0.6914
vn 0.0000 0.7474 0.6643
vn 0.0000 0.7223 0.6915
vn 0.0000 -0.7200 -0.6939
vn 0.0000 -0.7081 -0.7061
vn 0.0000 -0.5331 -0.8460
vn 0.0000 -0.2224 -0.9749
vn 0.0023 0.3665 -0.9304
vn 0.0015 0.3772 -0.9261
vn 0.0278 0.4839 -0.8747
vn 0.0092 0.4185 -0.9082
vn 0.0092 0.4855 -0.8742
vn 0.0061 0.4313 -0.9022
vn 0.0015 0.4355 -0.9002
vn 0.0023 0.4857 -0.8741
vn 0.0000 0.4858 -0.8741
vn 0.0000 0.4355 -0.9002
vn 0.0000 0.3807 -0.9247
vn 0.0103 0.5443 -0.8388
vn 0.0114 0.5785 -0.8156
vn 0.0027 0.5822 -0.8131
vn 0.0031 0.5924 -0.8056
vn 0.0061 0.5343 -0.8452
vn 0.0015 0.5743 -0.8186
vn 0.0000 0.5717 -0.8205
vn 0.0015 0.5310 -0.8474
vn 1.0000 0.0000 -0.0000
vn -1.0000 0.0000 -0.0000
vn 0.0000 0.6431 0.7658
vn 0.0000 0.6432 0.7657
vn 0.0000 0.6431 0.7657
vn 0.9959 -0.0586 -0.0696
vn 0.9959 -0.0585 -0.0697
vn 0.9958 -0.0586 -0.0697
vn 0.9959 -0.0586 -0.0697
vn 0.9959 -0.0585 -0.0696
vn 0.9958 -0.0587 -0.0700
vn 0.9958 -0.0587 -0.0699
vn 0.9957 -0.0594 -0.0707
vn 0.9958 -0.0590 -0.0702
vn 0.9958 -0.0589 -0.0702
vn 0.9957 -0.0598 -0.0711
vn 0.9957 -0.0596 -0.0711
vn 0.9957 -0.0597 -0.0713
vn 0.9958 -0.0590 -0.0706
vn 0.9956 -0.0600 -0.0713
vn 0.9956 -0.0604 -0.0721
vn 0.9960 -0.0559 -0.0703
vn 0.9957 -0.0586 -0.0712
vn 0.9960 -0.0570 -0.0692
vn 0.9964 -0.0529 -0.0666
vn 0.9955 -0.0592 -0.0746
vn 0.9955 -0.0603 -0.0732
vn 0.9952 -0.0621 -0.0754
vn 0.9949 -0.0630 -0.0792
vn 0.9941 -0.0672 -0.0846
vn 0.9949 -0.0640 -0.0777
vn 0.9955 -0.0610 -0.0729
vn 0.9954 -0.0617 -0.0738
vn 0.9956 -0.0601 -0.0715
vn 0.9956 -0.0602 -0.0717
vn 0.9963 -0.0512 -0.0690
vn 0.9969 -0.0471 -0.0636
vn 0.9967 -0.0451 -0.0675
vn 0.9973 -0.0408 -0.0609
vn 0.9956 -0.0561 -0.0756
vn 0.9959 -0.0506 -0.0756
vn 0.9976 -0.0313 -0.0621
vn 0.9971 -0.0382 -0.0652
vn 0.9977 -0.0344 -0.0586
vn 0.9980 -0.0286 -0.0565
vn 0.9970 -0.0355 -0.0694
vn 0.9963 -0.0434 -0.0737
vn 0.9952 -0.0497 -0.0838
vn 0.9962 -0.0402 -0.0766
vn 0.9955 -0.0443 -0.0834
vn 0.9938 -0.0571 -0.0956
vn 0.9947 -0.0573 -0.0856
vn 0.9930 -0.0658 -0.0981
vn 0.9946 -0.0619 -0.0836
vn 0.9933 -0.0690 -0.0931
vn 0.9980 -0.0258 -0.0585
vn 0.9982 -0.0243 -0.0544
vn 0.9982 -0.0224 -0.0547
vn 0.9984 -0.0211 -0.0519
vn 0.9976 -0.0289 -0.0634
vn 0.9980 -0.0246 -0.0584
vn 0.9984 -0.0217 -0.0523
vn 0.9984 -0.0215 -0.0526
vn 0.9985 -0.0199 -0.0507
vn 0.9985 -0.0200 -0.0506
vn 0.9980 -0.0262 -0.0580
vn 0.9980 -0.0257 -0.0580
vn 0.9973 -0.0319 -0.0666
vn 0.9971 -0.0335 -0.0684
vn 0.0542 0.7613 -0.6461
vn -0.9984 0.0235 0.0509
vn -0.9984 0.0236 0.0506
vn -0.9986 0.0220 0.0488
vn -0.9986 0.0219 0.0490
vn -0.9983 0.0246 0.0533
vn -0.9985 0.0231 0.0505
vn -0.9980 0.0278 0.0565
vn -0.9980 0.0282 0.0563
vn -0.9980 0.0270 0.0570
vn -0.9975 0.0335 0.0617
vn -0.9980 0.0280 0.0575
vn -0.9982 0.0263 0.0536
vn -0.9980 0.0306 0.0562
vn -0.9956 0.0453 0.0823
vn -0.9976 0.0313 0.0623
vn -0.9973 0.0341 0.0652
vn -0.9942 0.0528 0.0942
vn -0.9956 0.0463 0.0817
vn -0.9971 0.0355 0.0667
vn -0.9971 0.0400 0.0651
vn -0.9976 0.0361 0.0586
vn -0.9966 0.0463 0.0675
vn -0.9973 0.0419 0.0610
vn -0.9963 0.0452 0.0734
vn -0.9958 0.0518 0.0754
vn -0.9959 0.0562 0.0703
vn -0.9963 0.0517 0.0691
vn -0.9968 0.0477 0.0637
vn -0.9964 0.0532 0.0666
vn -0.9954 0.0595 0.0745
vn -0.9955 0.0567 0.0756
vn -0.9946 0.0625 0.0833
vn -0.9949 0.0632 0.0792
vn -0.9941 0.0674 0.0844
vn -0.9933 0.0696 0.0927
vn -0.9946 0.0586 0.0852
vn -0.9930 0.0670 0.0973
vn -0.9952 0.0515 0.0830
vn -0.9938 0.0588 0.0942
vn -0.9957 0.0587 0.0711
vn -0.9960 0.0570 0.0692
vn -0.9957 0.0597 0.0713
vn -0.9958 0.0590 0.0706
vn -0.9955 0.0604 0.0732
vn -0.9956 0.0603 0.0721
vn -0.9957 0.0593 0.0708
vn -0.9957 0.0597 0.0711
vn -0.9957 0.0596 0.0711
vn -0.9957 0.0594 0.0708
vn -0.9957 0.0594 0.0707
vn -0.9957 0.0599 0.0714
vn -0.9956 0.0601 0.0715
vn -0.9956 0.0603 0.0717
vn -0.9955 0.0610 0.0729
vn -0.9954 0.0617 0.0738
vn -0.9952 0.0621 0.0754
vn -0.9949 0.0640 0.0777
vn -0.9958 0.0589 0.0702
vn -0.9958 0.0587 0.0700
vn -0.9958 0.0587 0.0699
vn -0.9959 0.0585 0.0696
vn -0.9958 0.0586 0.0697
vn -0.9959 0.0585 0.0697
vn -0.9959 0.0586 0.0696
vn -0.9958 0.0587 0.0697
vn -0.9958 0.0590 0.0702
vn -0.9959 0.0586 0.0697
vn -0.9958 0.0586 0.0698
vn -0.9958 0.0588 0.0700
vn -0.9958 0.0587 0.0701
vn -0.9957 0.0598 0.0712
vn -0.9957 0.0593 0.0706
vn -0.9957 0.0598 0.0713
vn -0.9957 0.0592 0.0706
vn -0.9958 0.0589 0.0701
vn -0.9958 0.0588 0.0701
vn -0.9956 0.0604 0.0719
vn -0.9955 0.0607 0.0723
vn -0.9955 0.0607 0.0724
vn -0.9956 0.0604 0.0718
vn -0.9955 0.0610 0.0727
vn -0.9955 0.0609 0.0726
vn -0.9955 0.0608 0.0725
vn -0.9955 0.0610 0.0726
vn -0.9955 0.0609 0.0725
vn 0.9955 -0.0610 -0.0726
vn 0.9955 -0.0609 -0.0727
vn 0.9955 -0.0608 -0.0726
vn 0.9955 -0.0608 -0.0723
vn 0.9955 -0.0610 -0.0725
vn 0.9955 -0.0610 -0.0727
vn 0.9955 -0.0607 -0.0723
vn 0.9957 -0.0598 -0.0712
vn 0.9956 -0.0604 -0.0719
vn 0.9957 -0.0598 -0.0713
vn 0.9957 -0.0599 -0.0712
vn 0.9957 -0.0593 -0.0706
vn 0.9957 -0.0592 -0.0706
vn 0.9958 -0.0588 -0.0701
vn 0.9958 -0.0586 -0.0698
vn 0.9958 -0.0588 -0.0700
vn 0.9958 -0.0589 -0.0701
vn 0.8572 0.4225 -0.2945
vn 0.8572 0.4087 -0.3134
vn 0.8572 0.4087 -0.3133
vn 0.8572 0.4225 -0.2944
vn 0.8573 0.4354 -0.2748
vn 0.8572 0.4354 -0.2749
vn 0.8572 0.4226 -0.2944
vn 0.8572 0.4356 -0.2748
vn 0.8572 0.4598 -0.2320
vn 0.8572 0.4479 -0.2541
vn 0.8572 0.4479 -0.2542
vn 0.8572 0.4598 -0.2321
vn 0.8572 0.4599 -0.2320
vn 0.8572 0.4356 -0.2749
vn 0.8571 0.4088 -0.3133
vn 0.8572 0.4707 -0.2090
vn 0.8572 0.4707 -0.2091
vn 0.8572 0.4804 -0.1858
vn 0.8571 0.4804 -0.1858
vn 0.8571 0.4707 -0.2091
vn 0.8571 0.4804 -0.1859
vn 0.8569 0.4976 -0.1345
vn 0.8571 0.4892 -0.1613
vn 0.8570 0.4894 -0.1613
vn 0.8569 0.4977 -0.1344
vn 0.8569 0.4976 -0.1346
vn 0.8570 0.4893 -0.1615
vn 0.8568 0.4977 -0.1347
vn 0.8568 0.4977 -0.1348
vn 0.8570 0.4893 -0.1616
vn 0.8569 0.5051 -0.1026
vn 0.8569 0.5052 -0.1025
vn 0.8568 0.5115 -0.0648
vn 0.8569 0.5115 -0.0646
vn 0.8569 0.5052 -0.1027
vn 0.8568 0.5115 -0.0649
vn 0.8564 0.5158 0.0219
vn 0.8567 0.5153 -0.0225
vn 0.8567 0.5153 -0.0223
vn 0.8564 0.5158 0.0220
vn 0.8564 0.5158 0.0217
vn 0.8567 0.5152 -0.0226
vn 0.8567 0.5152 -0.0228
vn 0.8564 0.5158 0.0216
vn 0.8564 0.5158 0.0215
vn 0.8567 0.5152 -0.0230
vn 0.8568 0.5115 -0.0650
vn 0.8568 0.5115 -0.0652
vn 0.8568 0.5052 -0.1029
vn 0.8569 0.5051 -0.1030
vn 0.8564 0.5119 0.0679
vn 0.8563 0.5119 0.0680
vn 0.8564 0.5026 0.1178
vn 0.8565 0.5025 0.1179
vn 0.8564 0.5119 0.0678
vn 0.8565 0.5026 0.1177
vn 0.8572 0.4594 0.2326
vn 0.8569 0.4858 0.1725
vn 0.8572 0.4593 0.2328
vn 0.8572 0.4595 0.2326
vn 0.8569 0.4858 0.1724
vn 0.8569 0.4858 0.1723
vn 0.8572 0.4595 0.2325
vn 0.8572 0.4595 0.2324
vn 0.8569 0.4859 0.1723
vn 0.8564 0.5027 0.1175
vn 0.8563 0.5120 0.0676
vn 0.8564 0.5119 0.0675
vn 0.8568 0.4283 0.2870
vn 0.8569 0.4282 0.2871
vn 0.8567 0.3983 0.3276
vn 0.8567 0.3984 0.3276
vn 0.8567 0.3983 0.3277
vn 0.8580 0.3393 0.3856
vn 0.8572 0.3693 0.3591
vn 0.8572 0.3694 0.3590
vn 0.8580 0.3395 0.3855
vn 0.8580 0.3392 0.3857
vn 0.8571 0.3692 0.3592
vn 0.8572 0.3691 0.3593
vn 0.8580 0.3391 0.3859
vn 0.8580 0.3389 0.3860
vn 0.8571 0.3691 0.3593
vn 0.8568 0.3982 0.3277
vn 0.8569 0.4283 0.2869
vn 0.8590 0.3052 0.4111
vn 0.8590 0.3053 0.4109
vn 0.8591 0.2733 0.4327
vn 0.8591 0.2733 0.4326
vn 0.8589 0.3050 0.4113
vn 0.8591 0.2732 0.4328
vn 0.8582 0.2635 0.4404
vn 0.8587 0.2571 0.4433
vn 0.8587 0.2569 0.4434
vn 0.8583 0.2632 0.4406
vn 0.8581 0.2639 0.4404
vn 0.8587 0.2573 0.4433
vn 0.8587 0.2575 0.4431
vn 0.8581 0.2643 0.4403
vn 0.8582 0.2645 0.4400
vn 0.8586 0.2578 0.4430
vn 0.8591 0.2731 0.4329
vn 0.8591 0.2730 0.4329
vn 0.8589 0.3048 0.4115
vn 0.8589 0.3046 0.4117
vn 0.8578 0.2827 0.4293
vn 0.8579 0.2825 0.4293
vn 0.8575 0.3054 0.4140
vn 0.8575 0.3053 0.4141
vn 0.8578 0.2829 0.4291
vn 0.8576 0.3524 0.3746
vn 0.8575 0.3289 0.3955
vn 0.8575 0.3291 0.3954
vn 0.8576 0.3526 0.3744
vn 0.8575 0.3524 0.3747
vn 0.8575 0.3289 0.3956
vn 0.8575 0.3288 0.3957
vn 0.8576 0.3522 0.3748
vn 0.8576 0.3521 0.3749
vn 0.8575 0.3287 0.3958
vn 0.8700 0.2582 0.4201
vn 0.8578 0.2831 0.4290
vn 0.8578 0.2833 0.4289
vn 0.8575 0.3715 0.3558
vn 0.8575 0.3716 0.3557
vn 0.8575 0.3845 0.3419
vn 0.8575 0.3845 0.3418
vn 0.8000 0.4333 0.4151
vn 0.8575 0.3844 0.3419
vn 0.8575 0.3988 0.3250
vn 0.8575 0.3931 0.3319
vn 0.8575 0.3932 0.3318
vn 0.8575 0.3989 0.3249
vn 0.8575 0.3930 0.3320
vn 0.8575 0.3988 0.3251
vn 0.8575 0.3844 0.3420
vn 0.8575 0.3843 0.3421
vn 0.8575 0.3714 0.3560
vn 0.8575 0.3713 0.3561
vn 0.8576 0.4003 0.3230
vn 0.8577 0.4002 0.3228
vn 0.8577 0.3962 0.3277
vn 0.8577 0.3961 0.3278
vn 0.8576 0.4002 0.3230
vn 0.8575 0.3697 0.3577
vn 0.8576 0.3866 0.3392
vn 0.8576 0.3865 0.3393
vn 0.8576 0.3696 0.3577
vn 0.8575 0.3698 0.3575
vn 0.8577 0.3866 0.3390
vn 0.8576 0.3868 0.3390
vn 0.8575 0.3700 0.3575
vn 0.8575 0.3701 0.3574
vn 0.8577 0.3868 0.3389
vn 0.8576 0.3964 0.3277
vn 0.8573 0.3466 0.3807
vn 0.8572 0.3465 0.3809
vn 0.8570 0.3196 0.4042
vn 0.8570 0.3195 0.4043
vn 0.8572 0.3468 0.3806
vn 0.8570 0.3197 0.4041
vn 0.8564 0.2567 0.4479
vn 0.8567 0.2893 0.4270
vn 0.8566 0.2893 0.4272
vn 0.8564 0.2565 0.4480
vn 0.8564 0.2569 0.4479
vn 0.8567 0.2895 0.4270
vn 0.8567 0.2897 0.4269
vn 0.8564 0.2570 0.4478
vn 0.8564 0.2571 0.4478
vn 0.8567 0.2898 0.4268
vn 0.8569 0.3199 0.4041
vn 0.8569 0.3200 0.4040
vn 0.8572 0.3469 0.3805
vn 0.8572 0.3470 0.3805
vn 0.8564 0.2183 0.4678
vn 0.8564 0.2183 0.4680
vn 0.8567 0.1698 0.4870
vn 0.8564 0.2185 0.4679
vn 0.8568 0.1699 0.4869
vn 0.8574 0.0472 0.5124
vn 0.8571 0.1120 0.5028
vn 0.8571 0.1121 0.5028
vn 0.8574 0.0472 0.5125
vn 0.8572 0.0471 0.5128
vn 0.8572 0.1121 0.5026
vn 0.8573 0.0470 0.5126
vn 0.8572 0.1120 0.5027
vn 0.8567 0.1700 0.4869
vn 0.8564 0.2185 0.4678
vn 0.8564 0.2186 0.4677
vn 0.8568 -0.0155 0.5155
vn 0.8568 -0.0154 0.5154
vn 0.8563 -0.0706 0.5117
vn 0.8094 -0.1921 0.5549
vn 0.8558 -0.1210 0.5029
vn 0.8559 -0.1209 0.5028
vn 0.8557 -0.1693 0.4890
vn 0.8557 -0.1693 0.4889
vn 0.8559 -0.1210 0.5028
vn 0.8558 -0.1210 0.5030
vn 0.8557 -0.1694 0.4890
vn 0.8563 -0.0705 0.5117
vn 0.8568 -0.0155 0.5154
vn 0.8568 -0.0156 0.5155
vn 0.8559 -0.2163 0.4697
vn 0.8559 -0.2164 0.4697
vn 0.8560 -0.2623 0.4455
vn 0.8561 -0.2623 0.4454
vn 0.8560 -0.2621 0.4456
vn 0.8559 -0.3549 0.3762
vn 0.8560 -0.3082 0.4150
vn 0.8560 -0.3083 0.4149
vn 0.8559 -0.3550 0.3761
vn 0.8559 -0.3547 0.3763
vn 0.8560 -0.3080 0.4151
vn 0.8560 -0.3080 0.4153
vn 0.8558 -0.3547 0.3767
vn 0.8558 -0.3545 0.3768
vn 0.8560 -0.3077 0.4154
vn 0.8560 -0.2622 0.4456
vn 0.8561 -0.2619 0.4456
vn 0.8559 -0.2163 0.4698
vn 0.8557 -0.4003 0.3279
vn 0.8560 -0.4399 0.2717
vn 0.8559 -0.4399 0.2719
vn 0.8557 -0.4001 0.3281
vn 0.8560 -0.4399 0.2718
vn 0.8565 -0.4960 0.1426
vn 0.8563 -0.4723 0.2092
vn 0.8563 -0.4722 0.2094
vn 0.8565 -0.4961 0.1427
vn 0.8566 -0.4960 0.1425
vn 0.8563 -0.4723 0.2091
vn 0.8564 -0.4722 0.2090
vn 0.8566 -0.4960 0.1424
vn 0.8565 -0.4962 0.1423
vn 0.8563 -0.4723 0.2089
vn 0.8559 -0.4399 0.2717
vn 0.8557 -0.4001 0.3282
vn 0.8557 -0.4000 0.3283
vn 0.8563 -0.5114 0.0727
vn 0.8563 -0.5113 0.0729
vn 0.8564 -0.5162 0.0024
vn 0.8564 -0.5162 0.0029
vn 0.8563 -0.5114 0.0725
vn 0.8564 -0.5163 0.0019
vn 0.8587 -0.4985 -0.1189
vn 0.8574 -0.5108 -0.0627
vn 0.8574 -0.5109 -0.0620
vn 0.8587 -0.4986 -0.1183
vn 0.8587 -0.4984 -0.1198
vn 0.8575 -0.5106 -0.0635
vn 0.8573 -0.5108 -0.0643
vn 0.8586 -0.4982 -0.1206
vn 0.8586 -0.4980 -0.1214
vn 0.8573 -0.5107 -0.0651
vn 0.8564 -0.5162 0.0013
vn 0.8564 -0.5164 0.0008
vn 0.8563 -0.5114 0.0723
vn 0.8563 -0.5114 0.0720
vn 0.8598 -0.4864 -0.1553
vn 0.8598 -0.4866 -0.1548
vn 0.8603 -0.4813 -0.1677
vn 0.8604 -0.4813 -0.1676
vn 0.8597 -0.4865 -0.1558
vn 0.8594 -0.4946 -0.1296
vn 0.8602 -0.4843 -0.1598
vn 0.8602 -0.4842 -0.1601
vn 0.8594 -0.4945 -0.1300
vn 0.8594 -0.4947 -0.1290
vn 0.8602 -0.4844 -0.1596
vn 0.8602 -0.4845 -0.1592
vn 0.8594 -0.4949 -0.1285
vn 0.8594 -0.4950 -0.1279
vn 0.8602 -0.4846 -0.1590
vn 0.8602 -0.4814 -0.1679
vn 0.8603 -0.4814 -0.1680
vn 0.8598 -0.4862 -0.1563
vn 0.8597 -0.4861 -0.1569
vn 0.8583 -0.5067 -0.0813
vn 0.8583 -0.5066 -0.0817
vn 0.8574 -0.5140 -0.0271
vn 0.8574 -0.5139 -0.0271
vn 0.8583 -0.5068 -0.0809
vn 0.8574 -0.5139 -0.0269
vn 0.8577 -0.5087 0.0750
vn 0.8572 -0.5143 0.0271
vn 0.8572 -0.5142 0.0274
vn 0.8577 -0.5086 0.0754
vn 0.8576 -0.5089 0.0747
vn 0.8572 -0.5143 0.0268
vn 0.8572 -0.5143 0.0266
vn 0.8577 -0.5088 0.0743
vn 0.8576 -0.5090 0.0739
vn 0.8572 -0.5143 0.0263
vn 0.8574 -0.5139 -0.0268
vn 0.8574 -0.5140 -0.0268
vn 0.8583 -0.5068 -0.0804
vn 0.8583 -0.5069 -0.0800
vn 0.8579 -0.5021 0.1089
vn 0.8579 -0.5020 0.1091
vn 0.8579 -0.4977 0.1272
vn 0.8579 -0.4977 0.1273
vn 0.8579 -0.5022 0.1086
vn 0.8580 -0.4977 0.1272
vn 0.8568 -0.4992 0.1289
vn 0.8575 -0.4968 0.1335
vn 0.8568 -0.4992 0.1287
vn 0.8568 -0.4992 0.1291
vn 0.8575 -0.4968 0.1336
vn 0.8575 -0.4968 0.1337
vn 0.8568 -0.4992 0.1294
vn 0.8568 -0.4991 0.1295
vn 0.8575 -0.4967 0.1339
vn 0.8579 -0.4978 0.1271
vn 0.8579 -0.4978 0.1270
vn 0.8579 -0.5022 0.1084
vn 0.8579 -0.5023 0.1081
vn 0.8568 -0.5036 0.1109
vn 0.8568 -0.5037 0.1105
vn 0.8571 -0.5095 0.0755
vn 0.8572 -0.5095 0.0751
vn 0.8568 -0.5035 0.1112
vn 0.8571 -0.5094 0.0761
vn 0.8591 -0.5073 -0.0683
vn 0.8580 -0.5134 0.0178
vn 0.8581 -0.5132 0.0171
vn 0.8591 -0.5072 -0.0690
vn 0.8590 -0.5074 -0.0675
vn 0.8581 -0.5132 0.0185
vn 0.8580 -0.5133 0.0193
vn 0.8590 -0.5075 -0.0667
vn 0.8590 -0.5077 -0.0659
vn 0.8579 -0.5134 0.0200
vn 0.8571 -0.5094 0.0766
vn 0.8570 -0.5095 0.0771
vn 0.8567 -0.5036 0.1115
vn 0.8567 -0.5035 0.1119
vn 0.8579 -0.4881 -0.1604
vn 0.8579 -0.4879 -0.1610
vn 0.8564 -0.4622 -0.2301
vn 0.8564 -0.4620 -0.2304
vn 0.8579 -0.4883 -0.1599
vn 0.8564 -0.4623 -0.2298
vn 0.8563 -0.4186 -0.3026
vn 0.8561 -0.4365 -0.2768
vn 0.8561 -0.4363 -0.2768
vn 0.8562 -0.4184 -0.3029
vn 0.8562 -0.4190 -0.3024
vn 0.8561 -0.4365 -0.2765
vn 0.8561 -0.4367 -0.2765
vn 0.8561 -0.4194 -0.3021
vn 0.8561 -0.4197 -0.3017
vn 0.8561 -0.4368 -0.2764
vn 0.8564 -0.4624 -0.2297
vn 0.8564 -0.4625 -0.2293
vn 0.8578 -0.4887 -0.1594
vn 0.8579 -0.4887 -0.1586
vn 0.8554 -0.4073 -0.3200
vn 0.8555 -0.4068 -0.3205
vn 0.8545 -0.3953 -0.3370
vn 0.8545 -0.3946 -0.3377
vn 0.8553 -0.4080 -0.3194
vn 0.8544 -0.3959 -0.3364
vn 0.8538 -0.3750 -0.3612
vn 0.8539 -0.3839 -0.3515
vn 0.8539 -0.3833 -0.3520
vn 0.8537 -0.3749 -0.3614
vn 0.8537 -0.3751 -0.3612
vn 0.8538 -0.3844 -0.3512
vn 0.8537 -0.3850 -0.3507
vn 0.8537 -0.3752 -0.3611
vn 0.8537 -0.3753 -0.3611
vn 0.8536 -0.3856 -0.3503
vn 0.8544 -0.3966 -0.3358
vn 0.8541 -0.3976 -0.3352
vn 0.8553 -0.4086 -0.3188
vn 0.8552 -0.4092 -0.3181
vn 0.8552 -0.3667 -0.3662
vn 0.8551 -0.3671 -0.3661
vn 0.8572 -0.3581 -0.3701
vn 0.8572 -0.3585 -0.3697
vn 0.8552 -0.3664 -0.3666
vn 0.8573 -0.3576 -0.3704
vn 0.8599 -0.3428 -0.3782
vn 0.8590 -0.3499 -0.3737
vn 0.8590 -0.3501 -0.3734
vn 0.8598 -0.3429 -0.3783
vn 0.8598 -0.3428 -0.3783
vn 0.8591 -0.3494 -0.3741
vn 0.8590 -0.3492 -0.3743
vn 0.8599 -0.3428 -0.3783
vn 0.8590 -0.3488 -0.3747
vn 0.8572 -0.3573 -0.3709
vn 0.8572 -0.3567 -0.3713
vn 0.8552 -0.3661 -0.3669
vn 0.8552 -0.3658 -0.3672
vn 0.8591 -0.3378 -0.3845
vn 0.8591 -0.3375 -0.3848
vn 0.8575 -0.3340 -0.3914
vn 0.8574 -0.3336 -0.3918
vn 0.8590 -0.3381 -0.3843
vn 0.8574 -0.3344 -0.3911
vn 0.8548 -0.3266 -0.4033
vn 0.8556 -0.3306 -0.3983
vn 0.8556 -0.3304 -0.3984
vn 0.8548 -0.3267 -0.4032
vn 0.8548 -0.3265 -0.4034
vn 0.8556 -0.3309 -0.3980
vn 0.8556 -0.3311 -0.3978
vn 0.8547 -0.3265 -0.4037
vn 0.8548 -0.3263 -0.4036
vn 0.8557 -0.3313 -0.3975
vn 0.8575 -0.3347 -0.3908
vn 0.8575 -0.3351 -0.3904
vn 0.8590 -0.3385 -0.3840
vn 0.8591 -0.3387 -0.3837
vn 0.8553 -0.3173 -0.4095
vn 0.8554 -0.3177 -0.4091
vn 0.8563 -0.2995 -0.4208
vn 0.8564 -0.3000 -0.4203
vn 0.8553 -0.3168 -0.4100
vn 0.8563 -0.2988 -0.4213
vn 0.8574 -0.2415 -0.4544
vn 0.8571 -0.2740 -0.4363
vn 0.8572 -0.2746 -0.4357
vn 0.8575 -0.2419 -0.4541
vn 0.8573 -0.2412 -0.4549
vn 0.8571 -0.2734 -0.4367
vn 0.8570 -0.2727 -0.4373
vn 0.8573 -0.2407 -0.4551
vn 0.8573 -0.2403 -0.4553
vn 0.8569 -0.2721 -0.4378
vn 0.8561 -0.2982 -0.4220
vn 0.8561 -0.2977 -0.4225
vn 0.8553 -0.3163 -0.4105
vn 0.8552 -0.3158 -0.4109
vn 0.8568 -0.2043 -0.4735
vn 0.8568 -0.2046 -0.4734
vn 0.8561 -0.1625 -0.4907
vn 0.8561 -0.1627 -0.4906
vn 0.8567 -0.2041 -0.4737
vn 0.8560 -0.1623 -0.4908
vn 0.8562 -0.0609 -0.5130
vn 0.8559 -0.1148 -0.5042
vn 0.8560 -0.1150 -0.5041
vn 0.8562 -0.0612 -0.5131
vn 0.8561 -0.0606 -0.5133
vn 0.8559 -0.1145 -0.5043
vn 0.8559 -0.1142 -0.5044
vn 0.8562 -0.0603 -0.5132
vn 0.8562 -0.0599 -0.5132
vn 0.8559 -0.1139 -0.5044
vn 0.8561 -0.1621 -0.4908
vn 0.8561 -0.1619 -0.4909
vn 0.8567 -0.2038 -0.4738
vn 0.8567 -0.2036 -0.4739
vn 0.8564 -0.0058 -0.5163
vn 0.8564 -0.0061 -0.5163
vn 0.8565 0.0449 -0.5143
vn 0.8565 0.0446 -0.5143
vn 0.8564 -0.0055 -0.5163
vn 0.8565 0.0451 -0.5143
vn 0.8567 0.1302 -0.4992
vn 0.8565 0.0903 -0.5082
vn 0.8565 0.0901 -0.5082
vn 0.8566 0.1300 -0.4993
vn 0.8566 0.1304 -0.4992
vn 0.8564 0.0905 -0.5082
vn 0.8565 0.0907 -0.5081
vn 0.8566 0.1306 -0.4992
vn 0.8566 0.1307 -0.4991
vn 0.8565 0.0909 -0.5082
vn 0.8564 0.0453 -0.5142
vn 0.8565 0.0456 -0.5142
vn 0.8564 -0.0052 -0.5163
vn 0.8563 -0.0049 -0.5164
vn 0.8568 0.1652 -0.4885
vn 0.8568 0.1651 -0.4885
vn 0.8569 0.1964 -0.4765
vn 0.8569 0.1962 -0.4766
vn 0.8568 0.1654 -0.4884
vn 0.8571 0.2503 -0.4503
vn 0.8570 0.2245 -0.4638
vn 0.8570 0.2244 -0.4638
vn 0.8571 0.2502 -0.4503
vn 0.8570 0.2504 -0.4504
vn 0.8571 0.2245 -0.4637
vn 0.8570 0.2246 -0.4637
vn 0.8570 0.2504 -0.4503
vn 0.8570 0.2505 -0.4503
vn 0.8570 0.2247 -0.4637
vn 0.8569 0.1966 -0.4765
vn 0.8569 0.1967 -0.4765
vn 0.8568 0.1655 -0.4885
vn 0.8568 0.1657 -0.4883
vn 0.8571 0.2736 -0.4365
vn 0.8572 0.2945 -0.4226
vn 0.8572 0.2944 -0.4225
vn 0.8572 0.3340 -0.3919
vn 0.8572 0.3142 -0.4081
vn 0.8572 0.3142 -0.4080
vn 0.8572 0.3340 -0.3920
vn 0.8571 0.3341 -0.3920
vn 0.8572 0.3340 -0.3921
vn 0.8571 0.2946 -0.4226
vn 0.8571 0.2737 -0.4365
vn 0.8572 0.3544 -0.3737
vn 0.8572 0.3744 -0.3535
vn 0.8572 0.3744 -0.3536
vn 0.8572 0.3929 -0.3329
vn 0.8572 0.3928 -0.3330
vn 0.8572 0.3745 -0.3536
vn 0.8572 0.3543 -0.3737
vn 1.0000 -0.0000 -0.0000
vn 1.0000 0.0000 0.0000
vn 1.0000 -0.0000 0.0000
vn 0.0000 0.7661 -0.6428
vn 0.0000 0.7660 -0.6428
vn 0.0000 0.7661 -0.6427
vn 0.0000 0.7656 -0.6433
vn 0.0000 0.7652 -0.6438
vn 0.0000 0.7657 -0.6432
vn 0.0000 0.7659 -0.6430
vn 0.0000 0.5143 0.8576
vn 0.0000 0.5018 0.8650
vn 0.0000 0.5019 0.8649
vn 0.0006 0.5019 0.8649
vn 0.0023 0.4948 0.8690
vn 0.0000 0.4911 0.8711
vn 0.0000 0.4939 0.8695
vn 0.0000 0.4912 0.8710
vn 0.0000 0.7642 0.6450
vn 0.0000 0.7753 0.6315
vn 0.0000 -0.9777 0.2100
vn 0.0000 -0.7856 -0.6188
vn 0.0000 0.3745 -0.9272
vn 0.0000 0.3521 -0.9359
vn 0.0021 0.3751 -0.9270
vn 0.0006 0.3522 -0.9359
vn 0.0000 0.3126 -0.9499
vn 0.0000 0.7640 -0.6452
vn 0.0000 0.7641 -0.6451
vn 0.0000 0.7639 -0.6453
vn 0.0000 0.7643 -0.6449
vn 0.0000 0.7647 -0.6444
vn 0.0000 0.8506 0.5259
vn -0.0011 0.7933 0.6088
vn -0.0013 0.8003 0.5996
vn -0.0008 0.7878 0.6160
vn 0.0000 0.8482 0.5296
vn -0.0002 0.7858 0.6184
vn -0.0010 0.7228 0.6910
vn -0.0034 0.7264 0.6873
vn -0.0059 0.6612 0.7502
vn -0.0059 0.7661 0.6427
vn -0.0055 0.7364 0.6765
vn -0.0174 0.6635 0.7480
vn -0.0221 0.6471 0.7621
vn -0.0074 0.5772 0.8166
vn -0.0067 0.4990 0.8666
vn -0.0046 0.5953 0.8035
vn -0.0021 0.5287 0.8488
vn -0.0017 0.5091 0.8607
vn -0.0011 0.5468 0.8372
vn 0.0000 0.6011 0.7992
vn 0.0000 0.5255 0.8508
vn 0.0000 -0.6865 0.7271
vn 0.0000 -0.9142 0.4054
vn -0.0021 0.3668 -0.9303
vn -0.0017 0.3561 -0.9344
vn -0.0013 0.3772 -0.9261
vn -0.0013 0.4355 -0.9002
vn -0.0019 0.4858 -0.8741
vn -0.0048 0.4317 -0.9020
vn -0.0069 0.4860 -0.8739
vn -0.0065 0.3772 -0.9261
vn -0.0078 0.4204 -0.9073
vn -0.0202 0.4878 -0.8727
vn -0.0252 0.4751 -0.8796
vn -0.0074 0.5451 -0.8383
vn -0.0082 0.5794 -0.8150
vn -0.0044 0.5346 -0.8451
vn -0.0019 0.5823 -0.8130
vn -0.0021 0.5926 -0.8055
vn -0.0011 0.5743 -0.8186
vn 0.0000 0.5311 -0.8473
vn -0.0011 0.5310 -0.8474
vn -0.0004 0.5717 -0.8204
vn 0.0000 0.8698 -0.4935
vn 0.0002 0.7858 0.6184
vn 0.0009 0.7877 0.6160
vn 0.0017 0.8003 0.5997
vn 0.0015 0.7933 0.6089
vn 0.0071 0.7360 0.6769
vn 0.0076 0.7659 0.6429
vn 0.0271 0.6124 0.7901
vn 0.0219 0.6607 0.7503
vn 0.0040 0.7262 0.6874
vn 0.0070 0.6609 0.7504
vn 0.0010 0.7228 0.6910
vn 0.0016 0.6610 0.7504
vn 0.0012 0.6011 0.7992
vn 0.0052 0.5950 0.8037
vn 0.0017 0.5468 0.8372
vn 0.0097 0.4986 0.8668
vn 0.0088 0.5760 0.8174
vn 0.0038 0.5071 0.8619
vn 0.0031 0.5286 0.8489
vn 0.0007 0.5198 0.8543
vn 0.0011 0.5127 0.8585
vn 0.0004 0.5281 0.8492
vn 0.0003 0.5296 0.8483
vn 0.0003 0.5254 0.8509
vn 0.0001 0.5303 0.8478
vn 0.0001 0.5271 0.8498
vn 0.0002 0.5555 0.8315
vn 0.0001 0.5561 0.8311
vn 0.0000 -0.8445 -0.5356
vn 0.0000 -0.3965 -0.9180
vn 0.0016 0.3773 -0.9261
vn 0.0015 0.3558 -0.9346
vn 0.0026 0.3667 -0.9303
vn 0.0100 0.4192 -0.9078
vn 0.0065 0.3733 -0.9277
vn 0.0305 0.4435 -0.8958
vn 0.0311 0.4866 -0.8731
vn 0.0065 0.4316 -0.9020
vn 0.0095 0.4861 -0.8739
vn 0.0015 0.4356 -0.9001
vn 0.0022 0.4859 -0.8740
vn 0.0014 0.5311 -0.8473
vn 0.0062 0.5347 -0.8450
vn 0.0128 0.5804 -0.8142
vn 0.0113 0.5454 -0.8381
vn 0.0032 0.5929 -0.8053
vn 0.0028 0.5824 -0.8129
vn 0.0000 0.7271 -0.6865
vn -0.0544 0.7617 -0.6456
vn -0.0542 0.7617 -0.6456
vn -0.0544 0.7618 -0.6456
vn -0.0542 0.7617 -0.6457
vn -0.0544 0.7617 -0.6457
vn -0.0544 0.7616 -0.6457
vn -0.0544 0.7616 -0.6458
vn -0.0542 0.7615 -0.6459
vn -0.0544 0.7615 -0.6458
vn -0.0542 0.7615 -0.6458
vn -0.0542 0.7616 -0.6458
vn -0.0542 0.7614 -0.6460
vn -0.0542 0.7611 -0.6463
vn -0.0544 0.7611 -0.6463
vn -0.0542 0.7611 -0.6464
vn -0.0544 0.7614 -0.6460
vn -0.0544 0.7608 -0.6467
vn -0.0544 0.7606 -0.6469
vn -0.0544 0.7606 -0.6470
vn -0.0542 0.7606 -0.6470
vn -0.0542 0.7608 -0.6467
vn -0.0542 0.7605 -0.6470
vn -0.0544 0.7605 -0.6470
vn -0.0542 0.7608 -0.6468
vn -0.0544 0.7608 -0.6468
vn 0.0078 0.4851 0.8744
vn 0.0105 0.4826 0.8758
vn 0.0078 0.4693 0.8830
vn 0.0116 0.4652 0.8851
vn 0.0040 0.4927 0.8702
vn 0.0046 0.4813 0.8765
vn -0.0036 0.4161 0.9093
vn 0.0059 0.4505 0.8927
vn 0.0128 0.4455 0.8952
vn -0.0301 0.5817 0.8128
vn 0.0011 0.4685 0.8834
vn 0.0040 0.4684 0.8835
vn 0.0023 0.4928 0.8701
vn 0.0017 0.4891 0.8722
vn 0.0008 0.5161 0.8565
vn 0.0011 0.5190 0.8548
vn 0.0023 0.4999 0.8661
vn 0.0011 0.5224 0.8527
vn 0.0019 0.5063 0.8624
vn 0.0010 0.5256 0.8507
vn 0.0004 0.5545 0.8322
vn 0.0004 0.5532 0.8330
vn 0.0004 0.5509 0.8346
vn 0.0004 0.5520 0.8339
vn 0.0000 0.6200 0.7846
vn 0.0000 0.5608 0.8280
vn 0.0000 0.2175 0.9761
vn 0.0000 -0.3145 -0.9492
vn -0.0015 0.3557 -0.9346
vn -0.0015 0.3745 -0.9272
vn -0.0061 0.3731 -0.9278
vn -0.0282 0.4443 -0.8954
vn -0.0542 0.7616 -0.6457
vn 0.0000 0.9991 0.0429
vn -0.0013 0.7771 0.6293
vn -0.0015 0.7814 0.6240
vn -0.0008 0.7736 0.6337
vn -0.0002 0.7723 0.6352
vn -0.0011 0.7171 0.6970
vn -0.0023 0.6610 0.7504
vn -0.0048 0.7199 0.6941
vn -0.0095 0.6609 0.7504
vn -0.0080 0.7493 0.6622
vn -0.0080 0.7276 0.6860
vn -0.0298 0.6595 0.7511
vn -0.0111 0.5609 0.8278
vn -0.0076 0.5883 0.8086
vn -0.0019 0.4971 0.8677
vn -0.0017 0.5256 0.8507
vn 0.0000 0.5963 0.8027
vn -0.0021 0.5963 0.8027
vn -0.0004 0.5342 0.8453
vn 0.0002 0.5014 0.8652
vn 0.0004 0.4994 0.8664
vn 0.0002 0.5134 0.8582
vn 0.0010 0.4932 0.8699
vn 0.0004 0.5142 0.8577
vn 0.0002 0.5502 0.8350
vn 0.0000 0.4970 0.8678
vn 0.0000 -0.7599 -0.6501
vn 0.0000 -0.2225 -0.9749
vn -0.0023 0.3664 -0.9304
vn -0.0015 0.4355 -0.9002
vn -0.0023 0.4858 -0.8741
vn -0.0061 0.4313 -0.9022
vn -0.0092 0.4855 -0.8742
vn -0.0092 0.4185 -0.9082
vn -0.0278 0.4839 -0.8747
vn -0.0105 0.5443 -0.8388
vn -0.0114 0.5786 -0.8156
vn -0.0059 0.5342 -0.8453
vn -0.0027 0.5822 -0.8131
vn -0.0029 0.5924 -0.8056
vn 0.0000 0.6107 -0.7918
vn 0.0000 0.6152 -0.7884
vn -0.9959 -0.0585 -0.0696
vn -0.9959 -0.0585 -0.0697
vn -0.9958 -0.0586 -0.0697
vn -0.9959 -0.0586 -0.0697
vn -0.9958 -0.0586 -0.0698
vn -0.9958 -0.0587 -0.0699
vn -0.9958 -0.0590 -0.0702
vn -0.9957 -0.0594 -0.0707
vn -0.9957 -0.0593 -0.0707
vn -0.9958 -0.0589 -0.0702
vn -0.9957 -0.0594 -0.0708
vn -0.9957 -0.0593 -0.0708
vn -0.9957 -0.0598 -0.0711
vn -0.9957 -0.0596 -0.0710
vn -0.9956 -0.0600 -0.0713
vn -0.9957 -0.0597 -0.0714
vn -0.9958 -0.0590 -0.0706
vn -0.9956 -0.0604 -0.0721
vn -0.9956 -0.0602 -0.0717
vn -0.9956 -0.0601 -0.0715
vn -0.9954 -0.0617 -0.0738
vn -0.9955 -0.0610 -0.0730
vn -0.9952 -0.0621 -0.0754
vn -0.9949 -0.0640 -0.0776
vn -0.9941 -0.0672 -0.0846
vn -0.9949 -0.0630 -0.0792
vn -0.9955 -0.0603 -0.0732
vn -0.9955 -0.0592 -0.0746
vn -0.9960 -0.0570 -0.0692
vn -0.9957 -0.0586 -0.0712
vn -0.9960 -0.0559 -0.0703
vn -0.9964 -0.0529 -0.0667
vn -0.9963 -0.0512 -0.0691
vn -0.9969 -0.0471 -0.0636
vn -0.9956 -0.0561 -0.0757
vn -0.9967 -0.0451 -0.0675
vn -0.9973 -0.0408 -0.0609
vn -0.9958 -0.0506 -0.0757
vn -0.9933 -0.0689 -0.0931
vn -0.9946 -0.0619 -0.0836
vn -0.9930 -0.0659 -0.0981
vn -0.9947 -0.0574 -0.0856
vn -0.9952 -0.0497 -0.0838
vn -0.9938 -0.0570 -0.0956
vn -0.9955 -0.0443 -0.0834
vn -0.9962 -0.0402 -0.0767
vn -0.9963 -0.0434 -0.0737
vn -0.9970 -0.0354 -0.0694
vn -0.9977 -0.0344 -0.0586
vn -0.9971 -0.0382 -0.0652
vn -0.9976 -0.0314 -0.0621
vn -0.9980 -0.0286 -0.0565
vn -0.9980 -0.0258 -0.0584
vn -0.9982 -0.0243 -0.0544
vn -0.9976 -0.0289 -0.0634
vn -0.9982 -0.0224 -0.0547
vn -0.9984 -0.0212 -0.0520
vn -0.9980 -0.0246 -0.0584
vn -0.9971 -0.0335 -0.0684
vn -0.9973 -0.0319 -0.0666
vn -0.9980 -0.0262 -0.0580
vn -0.9980 -0.0257 -0.0580
vn -0.9984 -0.0215 -0.0526
vn -0.9984 -0.0217 -0.0523
vn -0.9985 -0.0200 -0.0505
vn -0.9985 -0.0199 -0.0507
vn -0.0542 0.7613 -0.6461
vn -0.0544 0.7610 -0.6464
vn -0.0544 0.7613 -0.6461
vn 0.9984 0.0235 0.0509
vn 0.9986 0.0220 0.0490
vn 0.9986 0.0220 0.0489
vn 0.9984 0.0236 0.0506
vn 0.9980 0.0278 0.0565
vn 0.9980 0.0282 0.0563
vn 0.9983 0.0246 0.0533
vn 0.9985 0.0231 0.0506
vn 0.9980 0.0270 0.0570
vn 0.9962 0.0423 0.0755
vn 0.9973 0.0341 0.0652
vn 0.9971 0.0355 0.0667
vn 0.9956 0.0463 0.0817
vn 0.9969 0.0377 0.0687
vn 0.9976 0.0312 0.0623
vn 0.9980 0.0280 0.0575
vn 0.9975 0.0335 0.0617
vn 0.9980 0.0306 0.0562
vn 0.9982 0.0263 0.0535
vn 0.9971 0.0400 0.0651
vn 0.9976 0.0361 0.0586
vn 0.9963 0.0452 0.0734
vn 0.9966 0.0463 0.0675
vn 0.9973 0.0419 0.0611
vn 0.9958 0.0518 0.0754
vn 0.9938 0.0588 0.0942
vn 0.9952 0.0515 0.0830
vn 0.9930 0.0670 0.0973
vn 0.9946 0.0586 0.0852
vn 0.9946 0.0625 0.0833
vn 0.9933 0.0696 0.0927
vn 0.9941 0.0674 0.0844
vn 0.9949 0.0632 0.0792
vn 0.9955 0.0567 0.0756
vn 0.9954 0.0595 0.0745
vn 0.9968 0.0477 0.0636
vn 0.9963 0.0517 0.0691
vn 0.9959 0.0562 0.0703
vn 0.9964 0.0532 0.0667
vn 0.9957 0.0587 0.0711
vn 0.9960 0.0570 0.0692
vn 0.9955 0.0604 0.0732
vn 0.9957 0.0597 0.0713
vn 0.9958 0.0590 0.0706
vn 0.9956 0.0603 0.0721
vn 0.9949 0.0640 0.0777
vn 0.9952 0.0621 0.0754
vn 0.9954 0.0617 0.0738
vn 0.9955 0.0610 0.0730
vn 0.9956 0.0601 0.0715
vn 0.9956 0.0603 0.0717
vn 0.9957 0.0593 0.0707
vn 0.9957 0.0594 0.0707
vn 0.9957 0.0599 0.0714
vn 0.9957 0.0596 0.0710
vn 0.9957 0.0597 0.0711
vn 0.9957 0.0593 0.0708
vn 0.9957 0.0594 0.0708
vn 0.9958 0.0590 0.0702
vn 0.9958 0.0589 0.0702
vn 0.9958 0.0587 0.0699
vn 0.9958 0.0587 0.0697
vn 0.9958 0.0586 0.0697
vn 0.9959 0.0585 0.0696
vn 0.9959 0.0585 0.0697
vn 0.9959 0.0586 0.0696
vn 0.9959 0.0586 0.0697
vn 0.9958 0.0586 0.0698
vn 0.9958 0.0588 0.0700
vn 0.9958 0.0588 0.0701
vn 0.9957 0.0593 0.0706
vn 0.9957 0.0598 0.0712
vn 0.9957 0.0599 0.0712
vn 0.9957 0.0592 0.0706
vn 0.9957 0.0598 0.0713
vn 0.9957 0.0592 0.0707
vn 0.9957 0.0599 0.0713
vn 0.9956 0.0604 0.0719
vn 0.9956 0.0603 0.0719
vn 0.9956 0.0604 0.0718
vn 0.9955 0.0607 0.0723
vn 0.9955 0.0608 0.0724
vn 0.9955 0.0609 0.0725
vn 0.9955 0.0609 0.0726
vn 0.9955 0.0610 0.0726
vn 0.9955 0.0610 0.0727
vn -0.9955 -0.0610 -0.0726
vn -0.9955 -0.0608 -0.0726
vn -0.9955 -0.0610 -0.0727
vn -0.9955 -0.0610 -0.0725
vn -0.9955 -0.0608 -0.0723
vn -0.9955 -0.0607 -0.0723
vn -0.9956 -0.0604 -0.0718
vn -0.9956 -0.0604 -0.0719
vn -0.9957 -0.0599 -0.0712
vn -0.9957 -0.0598 -0.0713
vn -0.9957 -0.0598 -0.0712
vn -0.9957 -0.0593 -0.0706
vn -0.9957 -0.0592 -0.0706
vn -0.9958 -0.0588 -0.0701
vn -0.9958 -0.0589 -0.0701
vn -0.9958 -0.0588 -0.0700
vn -0.8572 0.4225 -0.2945
vn -0.8572 0.4226 -0.2944
vn -0.8572 0.4087 -0.3133
vn -0.8572 0.4087 -0.3134
vn -0.8572 0.4225 -0.2944
vn -0.8572 0.4088 -0.3133
vn -0.8572 0.4355 -0.2748
vn -0.8572 0.4356 -0.2748
vn -0.8572 0.4479 -0.2542
vn -0.8571 0.4598 -0.2321
vn -0.8572 0.4598 -0.2320
vn -0.8572 0.4599 -0.2320
vn -0.8572 0.4707 -0.2090
vn -0.8572 0.4707 -0.2091
vn -0.8571 0.4804 -0.1859
vn -0.8571 0.4804 -0.1858
vn -0.8571 0.4804 -0.1860
vn -0.8570 0.4893 -0.1616
vn -0.8568 0.4977 -0.1349
vn -0.8569 0.4976 -0.1348
vn -0.8570 0.4893 -0.1615
vn -0.8569 0.4976 -0.1346
vn -0.8570 0.4894 -0.1613
vn -0.8570 0.4894 -0.1614
vn -0.8569 0.4976 -0.1345
vn -0.8569 0.4977 -0.1344
vn -0.8568 0.5053 -0.1026
vn -0.8569 0.5052 -0.1025
vn -0.8569 0.5052 -0.1028
vn -0.8568 0.5116 -0.0648
vn -0.8568 0.5116 -0.0646
vn -0.8568 0.5115 -0.0649
vn -0.8569 0.5051 -0.1030
vn -0.8568 0.5052 -0.1029
vn -0.8568 0.5115 -0.0652
vn -0.8568 0.5115 -0.0650
vn -0.8566 0.5154 -0.0227
vn -0.8566 0.5154 -0.0229
vn -0.8564 0.5158 0.0215
vn -0.8564 0.5158 0.0216
vn -0.8564 0.5158 0.0217
vn -0.8567 0.5154 -0.0223
vn -0.8567 0.5154 -0.0225
vn -0.8564 0.5158 0.0219
vn -0.8564 0.5158 0.0221
vn -0.8563 0.5120 0.0679
vn -0.8563 0.5119 0.0681
vn -0.8563 0.5120 0.0678
vn -0.8565 0.5025 0.1178
vn -0.8565 0.5025 0.1179
vn -0.8565 0.5025 0.1177
vn -0.8563 0.5120 0.0675
vn -0.8563 0.5120 0.0676
vn -0.8564 0.5027 0.1174
vn -0.8565 0.5026 0.1176
vn -0.8569 0.4858 0.1723
vn -0.8569 0.4858 0.1722
vn -0.8573 0.4594 0.2323
vn -0.8573 0.4594 0.2324
vn -0.8569 0.4858 0.1724
vn -0.8573 0.4594 0.2325
vn -0.8569 0.4857 0.1725
vn -0.8573 0.4593 0.2326
vn -0.8573 0.4593 0.2327
vn -0.8569 0.4283 0.2869
vn -0.8569 0.4283 0.2870
vn -0.8569 0.4282 0.2870
vn -0.8568 0.3982 0.3276
vn -0.8568 0.3983 0.3276
vn -0.8568 0.3982 0.3277
vn -0.8569 0.4282 0.2869
vn -0.8567 0.3983 0.3277
vn -0.8572 0.3691 0.3592
vn -0.8571 0.3691 0.3593
vn -0.8581 0.3388 0.3859
vn -0.8581 0.3389 0.3858
vn -0.8572 0.3692 0.3592
vn -0.8580 0.3392 0.3856
vn -0.8571 0.3694 0.3590
vn -0.8571 0.3693 0.3591
vn -0.8581 0.3393 0.3855
vn -0.8581 0.3395 0.3854
vn -0.8589 0.3052 0.4112
vn -0.8589 0.3054 0.4111
vn -0.8589 0.3050 0.4114
vn -0.8592 0.2733 0.4326
vn -0.8592 0.2734 0.4325
vn -0.8591 0.2732 0.4327
vn -0.8589 0.3046 0.4117
vn -0.8589 0.3048 0.4116
vn -0.8591 0.2730 0.4328
vn -0.8591 0.2732 0.4328
vn -0.8587 0.2575 0.4431
vn -0.8587 0.2577 0.4430
vn -0.8581 0.2646 0.4400
vn -0.8581 0.2643 0.4403
vn -0.8587 0.2573 0.4432
vn -0.8581 0.2640 0.4404
vn -0.8587 0.2570 0.4434
vn -0.8587 0.2571 0.4434
vn -0.8581 0.2637 0.4406
vn -0.8581 0.2634 0.4407
vn -0.8577 0.2829 0.4293
vn -0.8578 0.2826 0.4294
vn -0.8578 0.2829 0.4292
vn -0.8575 0.3053 0.4141
vn -0.8575 0.3054 0.4141
vn -0.8575 0.3054 0.4140
vn -0.8578 0.2833 0.4289
vn -0.8577 0.2831 0.4291
vn -0.8575 0.3288 0.3957
vn -0.8575 0.3287 0.3958
vn -0.8576 0.3521 0.3749
vn -0.8576 0.3522 0.3748
vn -0.8575 0.3289 0.3956
vn -0.8576 0.3523 0.3748
vn -0.8575 0.3291 0.3955
vn -0.8575 0.3290 0.3955
vn -0.8576 0.3525 0.3746
vn -0.8576 0.3526 0.3745
vn -0.8575 0.3715 0.3558
vn -0.8575 0.3717 0.3557
vn -0.8575 0.3715 0.3559
vn -0.8574 0.3846 0.3420
vn -0.8574 0.3847 0.3419
vn -0.8574 0.3845 0.3421
vn -0.8575 0.3713 0.3561
vn -0.8575 0.3714 0.3560
vn -0.8574 0.3844 0.3422
vn -0.8574 0.3932 0.3321
vn -0.8575 0.3988 0.3251
vn -0.8575 0.3988 0.3250
vn -0.8574 0.3933 0.3320
vn -0.8575 0.3989 0.3250
vn -0.8574 0.3934 0.3319
vn -0.8575 0.3989 0.3249
vn -0.8576 0.4003 0.3229
vn -0.8576 0.4003 0.3230
vn -0.8576 0.4002 0.3230
vn -0.8577 0.3961 0.3277
vn -0.8577 0.3961 0.3278
vn -0.8577 0.3962 0.3276
vn -0.8577 0.3963 0.3276
vn -0.8576 0.3868 0.3390
vn -0.8577 0.3868 0.3389
vn -0.8574 0.3702 0.3575
vn -0.8575 0.3700 0.3575
vn -0.8577 0.3866 0.3390
vn -0.8575 0.3699 0.3576
vn -0.8576 0.3865 0.3393
vn -0.8576 0.3866 0.3392
vn -0.8575 0.3698 0.3577
vn -0.8575 0.3697 0.3579
vn -0.8572 0.3467 0.3807
vn -0.8573 0.3464 0.3809
vn -0.8573 0.3467 0.3807
vn -0.8570 0.3196 0.4042
vn -0.8571 0.3195 0.4042
vn -0.8570 0.3197 0.4042
vn -0.8572 0.3470 0.3805
vn -0.8572 0.3469 0.3805
vn -0.8570 0.3200 0.4039
vn -0.8570 0.3199 0.4040
vn -0.8567 0.2895 0.4268
vn -0.8567 0.2898 0.4268
vn -0.8564 0.2571 0.4478
vn -0.8564 0.2570 0.4478
vn -0.8567 0.2895 0.4269
vn -0.8564 0.2569 0.4479
vn -0.8567 0.2893 0.4271
vn -0.8567 0.2893 0.4270
vn -0.8564 0.2567 0.4479
vn -0.8564 0.2566 0.4480
vn -0.8564 0.2183 0.4679
vn -0.8564 0.2182 0.4680
vn -0.8564 0.2185 0.4679
vn -0.8567 0.1698 0.4870
vn -0.8568 0.1699 0.4869
vn -0.8564 0.2186 0.4677
vn -0.8564 0.2185 0.4678
vn -0.8567 0.1700 0.4869
vn -0.8571 0.1120 0.5028
vn -0.8572 0.1120 0.5027
vn -0.8574 0.0470 0.5125
vn -0.8573 0.0471 0.5126
vn -0.8572 0.1121 0.5026
vn -0.8573 0.0471 0.5127
vn -0.8574 0.0472 0.5125
vn -0.8573 0.0472 0.5126
vn -0.8568 -0.0155 0.5155
vn -0.8568 -0.0155 0.5154
vn -0.8562 -0.0706 0.5118
vn -0.8562 -0.0705 0.5118
vn -0.8558 -0.1210 0.5029
vn -0.8558 -0.1210 0.5030
vn -0.8557 -0.1693 0.4890
vn -0.8558 -0.1693 0.4889
vn -0.8557 -0.1693 0.4891
vn -0.8557 -0.1694 0.4891
vn -0.8559 -0.2163 0.4697
vn -0.8558 -0.2164 0.4698
vn -0.8559 -0.2163 0.4698
vn -0.8560 -0.2622 0.4455
vn -0.8560 -0.2624 0.4454
vn -0.8560 -0.2622 0.4456
vn -0.8559 -0.2162 0.4698
vn -0.8561 -0.2619 0.4456
vn -0.8560 -0.2621 0.4456
vn -0.8560 -0.3079 0.4152
vn -0.8560 -0.3078 0.4154
vn -0.8559 -0.3545 0.3766
vn -0.8558 -0.3547 0.3766
vn -0.8560 -0.3080 0.4152
vn -0.8558 -0.3548 0.3764
vn -0.8560 -0.3084 0.4149
vn -0.8560 -0.3082 0.4150
vn -0.8558 -0.3550 0.3762
vn -0.8559 -0.3551 0.3761
vn -0.8557 -0.4003 0.3279
vn -0.8557 -0.4001 0.3281
vn -0.8559 -0.4400 0.2717
vn -0.8559 -0.4400 0.2719
vn -0.8559 -0.4400 0.2718
vn -0.8557 -0.4000 0.3283
vn -0.8557 -0.4001 0.3282
vn -0.8559 -0.4401 0.2717
vn -0.8562 -0.4724 0.2091
vn -0.8562 -0.4724 0.2090
vn -0.8566 -0.4960 0.1423
vn -0.8566 -0.4960 0.1424
vn -0.8562 -0.4723 0.2092
vn -0.8566 -0.4959 0.1425
vn -0.8562 -0.4723 0.2094
vn -0.8562 -0.4723 0.2093
vn -0.8566 -0.4959 0.1426
vn -0.8566 -0.4959 0.1427
vn -0.8562 -0.5114 0.0727
vn -0.8562 -0.5114 0.0729
vn -0.8562 -0.5115 0.0725
vn -0.8564 -0.5162 0.0024
vn -0.8564 -0.5163 0.0030
vn -0.8564 -0.5163 0.0019
vn -0.8562 -0.5116 0.0720
vn -0.8562 -0.5115 0.0722
vn -0.8564 -0.5162 0.0008
vn -0.8564 -0.5163 0.0013
vn -0.8574 -0.5107 -0.0643
vn -0.8574 -0.5106 -0.0651
vn -0.8585 -0.4982 -0.1214
vn -0.8586 -0.4982 -0.1206
vn -0.8574 -0.5108 -0.0635
vn -0.8587 -0.4983 -0.1198
vn -0.8574 -0.5109 -0.0620
vn -0.8574 -0.5109 -0.0627
vn -0.8587 -0.4986 -0.1189
vn -0.8587 -0.4987 -0.1182
vn -0.8598 -0.4865 -0.1553
vn -0.8598 -0.4866 -0.1548
vn -0.8598 -0.4863 -0.1558
vn -0.8604 -0.4813 -0.1677
vn -0.8604 -0.4813 -0.1676
vn -0.8597 -0.4862 -0.1569
vn -0.8597 -0.4863 -0.1563
vn -0.8604 -0.4812 -0.1679
vn -0.8604 -0.4812 -0.1678
vn -0.8602 -0.4845 -0.1592
vn -0.8602 -0.4846 -0.1589
vn -0.8594 -0.4950 -0.1279
vn -0.8594 -0.4948 -0.1285
vn -0.8602 -0.4844 -0.1596
vn -0.8594 -0.4947 -0.1290
vn -0.8602 -0.4842 -0.1601
vn -0.8602 -0.4843 -0.1598
vn -0.8594 -0.4946 -0.1295
vn -0.8594 -0.4945 -0.1300
vn -0.8583 -0.5067 -0.0813
vn -0.8583 -0.5066 -0.0817
vn -0.8583 -0.5068 -0.0808
vn -0.8574 -0.5140 -0.0270
vn -0.8574 -0.5139 -0.0271
vn -0.8574 -0.5139 -0.0269
vn -0.8583 -0.5069 -0.0800
vn -0.8583 -0.5069 -0.0804
vn -0.8574 -0.5140 -0.0268
vn -0.8574 -0.5140 -0.0269
vn -0.8573 -0.5141 0.0266
vn -0.8572 -0.5143 0.0263
vn -0.8577 -0.5088 0.0739
vn -0.8577 -0.5088 0.0743
vn -0.8573 -0.5141 0.0268
vn -0.8577 -0.5087 0.0746
vn -0.8572 -0.5142 0.0274
vn -0.8573 -0.5141 0.0271
vn -0.8577 -0.5087 0.0750
vn -0.8577 -0.5086 0.0754
vn -0.8579 -0.5022 0.1089
vn -0.8579 -0.5021 0.1091
vn -0.8579 -0.5022 0.1086
vn -0.8579 -0.4977 0.1272
vn -0.8579 -0.4978 0.1273
vn -0.8579 -0.4978 0.1271
vn -0.8579 -0.5024 0.1082
vn -0.8579 -0.5023 0.1084
vn -0.8579 -0.4978 0.1270
vn -0.8575 -0.4968 0.1337
vn -0.8575 -0.4968 0.1338
vn -0.8568 -0.4991 0.1295
vn -0.8568 -0.4992 0.1293
vn -0.8575 -0.4968 0.1336
vn -0.8568 -0.4992 0.1291
vn -0.8576 -0.4968 0.1335
vn -0.8575 -0.4968 0.1335
vn -0.8568 -0.4992 0.1289
vn -0.8568 -0.4993 0.1287
vn -0.8568 -0.5036 0.1108
vn -0.8568 -0.5037 0.1105
vn -0.8567 -0.5036 0.1112
vn -0.8572 -0.5095 0.0755
vn -0.8572 -0.5096 0.0750
vn -0.8570 -0.5096 0.0761
vn -0.8566 -0.5036 0.1119
vn -0.8567 -0.5035 0.1116
vn -0.8570 -0.5095 0.0771
vn -0.8570 -0.5095 0.0766
vn -0.8580 -0.5133 0.0193
vn -0.8579 -0.5134 0.0201
vn -0.8589 -0.5078 -0.0659
vn -0.8590 -0.5075 -0.0667
vn -0.8580 -0.5133 0.0185
vn -0.8591 -0.5074 -0.0675
vn -0.8581 -0.5132 0.0171
vn -0.8580 -0.5134 0.0178
vn -0.8591 -0.5073 -0.0683
vn -0.8591 -0.5071 -0.0691
vn -0.8579 -0.4882 -0.1604
vn -0.8579 -0.4880 -0.1610
vn -0.8578 -0.4885 -0.1599
vn -0.8564 -0.4622 -0.2301
vn -0.8564 -0.4620 -0.2304
vn -0.8564 -0.4623 -0.2299
vn -0.8579 -0.4888 -0.1586
vn -0.8578 -0.4887 -0.1593
vn -0.8564 -0.4625 -0.2293
vn -0.8564 -0.4624 -0.2296
vn -0.8562 -0.4366 -0.2764
vn -0.8562 -0.4366 -0.2763
vn -0.8562 -0.4195 -0.3016
vn -0.8562 -0.4193 -0.3020
vn -0.8562 -0.4365 -0.2765
vn -0.8562 -0.4190 -0.3022
vn -0.8562 -0.4363 -0.2767
vn -0.8562 -0.4188 -0.3026
vn -0.8563 -0.4184 -0.3029
vn -0.8554 -0.4073 -0.3199
vn -0.8554 -0.4068 -0.3205
vn -0.8553 -0.4080 -0.3194
vn -0.8545 -0.3952 -0.3370
vn -0.8545 -0.3947 -0.3377
vn -0.8544 -0.3959 -0.3364
vn -0.8552 -0.4091 -0.3181
vn -0.8553 -0.4086 -0.3188
vn -0.8543 -0.3974 -0.3351
vn -0.8543 -0.3967 -0.3358
vn -0.8537 -0.3850 -0.3507
vn -0.8537 -0.3855 -0.3502
vn -0.8537 -0.3753 -0.3610
vn -0.8538 -0.3752 -0.3610
vn -0.8538 -0.3844 -0.3511
vn -0.8538 -0.3751 -0.3611
vn -0.8539 -0.3834 -0.3520
vn -0.8539 -0.3839 -0.3515
vn -0.8538 -0.3750 -0.3612
vn -0.8538 -0.3749 -0.3613
vn -0.8551 -0.3668 -0.3664
vn -0.8551 -0.3672 -0.3661
vn -0.8552 -0.3663 -0.3666
vn -0.8572 -0.3580 -0.3702
vn -0.8572 -0.3586 -0.3697
vn -0.8572 -0.3577 -0.3705
vn -0.8553 -0.3657 -0.3671
vn -0.8552 -0.3661 -0.3668
vn -0.8573 -0.3567 -0.3712
vn -0.8573 -0.3571 -0.3708
vn -0.8591 -0.3491 -0.3743
vn -0.8590 -0.3488 -0.3747
vn -0.8598 -0.3428 -0.3783
vn -0.8598 -0.3428 -0.3784
vn -0.8591 -0.3494 -0.3741
vn -0.8590 -0.3502 -0.3734
vn -0.8590 -0.3498 -0.3737
vn -0.8598 -0.3429 -0.3783
vn -0.8591 -0.3378 -0.3845
vn -0.8591 -0.3375 -0.3848
vn -0.8591 -0.3381 -0.3842
vn -0.8573 -0.3341 -0.3916
vn -0.8574 -0.3337 -0.3919
vn -0.8574 -0.3344 -0.3911
vn -0.8591 -0.3387 -0.3837
vn -0.8591 -0.3384 -0.3840
vn -0.8575 -0.3351 -0.3904
vn -0.8575 -0.3347 -0.3908
vn -0.8556 -0.3311 -0.3978
vn -0.8557 -0.3313 -0.3975
vn -0.8547 -0.3263 -0.4037
vn -0.8547 -0.3264 -0.4036
vn -0.8556 -0.3309 -0.3980
vn -0.8548 -0.3265 -0.4034
vn -0.8556 -0.3304 -0.3985
vn -0.8556 -0.3306 -0.3983
vn -0.8548 -0.3267 -0.4033
vn -0.8547 -0.3268 -0.4032
vn -0.8554 -0.3172 -0.4095
vn -0.8554 -0.3177 -0.4090
vn -0.8554 -0.3168 -0.4099
vn -0.8563 -0.2995 -0.4208
vn -0.8564 -0.3000 -0.4203
vn -0.8563 -0.2988 -0.4213
vn -0.8552 -0.3158 -0.4109
vn -0.8553 -0.3163 -0.4105
vn -0.8562 -0.2975 -0.4225
vn -0.8562 -0.2982 -0.4219
vn -0.8570 -0.2727 -0.4372
vn -0.8569 -0.2721 -0.4377
vn -0.8573 -0.2402 -0.4553
vn -0.8574 -0.2407 -0.4550
vn -0.8571 -0.2733 -0.4367
vn -0.8574 -0.2411 -0.4547
vn -0.8572 -0.2746 -0.4357
vn -0.8571 -0.2740 -0.4363
vn -0.8574 -0.2415 -0.4544
vn -0.8574 -0.2420 -0.4543
vn -0.8568 -0.2043 -0.4735
vn -0.8567 -0.2046 -0.4735
vn -0.8567 -0.2042 -0.4737
vn -0.8561 -0.1625 -0.4906
vn -0.8561 -0.1627 -0.4906
vn -0.8560 -0.1623 -0.4908
vn -0.8567 -0.2036 -0.4739
vn -0.8567 -0.2038 -0.4738
vn -0.8561 -0.1619 -0.4909
vn -0.8560 -0.1621 -0.4909
vn -0.8559 -0.1142 -0.5044
vn -0.8559 -0.1140 -0.5044
vn -0.8562 -0.0599 -0.5132
vn -0.8562 -0.0603 -0.5132
vn -0.8559 -0.1146 -0.5043
vn -0.8562 -0.0605 -0.5131
vn -0.8559 -0.1151 -0.5042
vn -0.8559 -0.1148 -0.5042
vn -0.8562 -0.0610 -0.5131
vn -0.8562 -0.0612 -0.5130
vn -0.8564 -0.0057 -0.5163
vn -0.8564 -0.0061 -0.5163
vn -0.8564 -0.0055 -0.5163
vn -0.8565 0.0449 -0.5143
vn -0.8565 0.0446 -0.5143
vn -0.8565 0.0451 -0.5143
vn -0.8563 -0.0049 -0.5165
vn -0.8564 -0.0052 -0.5163
vn -0.8565 0.0455 -0.5142
vn -0.8564 0.0453 -0.5142
vn -0.8565 0.0907 -0.5081
vn -0.8565 0.0909 -0.5082
vn -0.8566 0.1307 -0.4992
vn -0.8566 0.1306 -0.4992
vn -0.8565 0.0904 -0.5082
vn -0.8566 0.1304 -0.4992
vn -0.8566 0.0901 -0.5081
vn -0.8566 0.0903 -0.5081
vn -0.8566 0.1302 -0.4993
vn -0.8566 0.1300 -0.4993
vn -0.8568 0.1652 -0.4885
vn -0.8568 0.1651 -0.4885
vn -0.8568 0.1654 -0.4884
vn -0.8570 0.1963 -0.4765
vn -0.8570 0.1962 -0.4766
vn -0.8570 0.1964 -0.4765
vn -0.8568 0.1657 -0.4883
vn -0.8568 0.1655 -0.4885
vn -0.8569 0.1966 -0.4764
vn -0.8570 0.1965 -0.4764
vn -0.8570 0.2246 -0.4638
vn -0.8570 0.2247 -0.4638
vn -0.8570 0.2505 -0.4503
vn -0.8570 0.2504 -0.4503
vn -0.8570 0.2244 -0.4639
vn -0.8570 0.2245 -0.4639
vn -0.8570 0.2504 -0.4504
vn -0.8570 0.2503 -0.4504
vn -0.8571 0.2736 -0.4365
vn -0.8570 0.2737 -0.4365
vn -0.8572 0.2945 -0.4226
vn -0.8571 0.2945 -0.4226
vn -0.8571 0.2737 -0.4365
vn -0.8572 0.3141 -0.4081
vn -0.8572 0.3142 -0.4081
vn -0.8572 0.3339 -0.3921
vn -0.8572 0.3142 -0.4080
vn -0.8572 0.3340 -0.3920
vn -0.8572 0.3340 -0.3921
vn -0.8572 0.3544 -0.3737
vn -0.8572 0.3744 -0.3536
vn -0.8572 0.3745 -0.3535
vn -0.8572 0.3543 -0.3737
vn -0.8572 0.3744 -0.3535
vn -0.8572 0.3929 -0.3329
vn -0.8572 0.3930 -0.3329
vn -0.8572 0.3929 -0.3330
vn -0.0023 0.4948 0.8690
vn -0.0006 0.5019 0.8649
vn -0.0006 0.3522 -0.9359
vn -0.0021 0.3751 -0.9270
# 2037 vertex normals

g HANDLE_NEW
s 1
f 1//1 2//2 3//2 4//1 
f 5//3 1//1 4//1 6//4 
f 7//1 8//2 2//2 1//1 
f 9//5 7//1 1//1 5//3 
f 10//6 11//7 12//7 13//6 
f 14//6 15//7 11//7 10//6 
f 11//7 5//3 6//4 12//7 
f 15//7 9//5 5//3 11//7 
f 16//7 17//6 18//6 19//7 
f 20//4 16//7 19//7 21//3 
f 15//7 14//6 17//6 16//7 
f 9//5 15//7 16//7 20//4 
f 22//2 23//1 24//1 25//2 
f 8//2 7//1 23//1 22//2 
f 23//1 20//4 21//3 24//1 
f 7//1 9//5 20//4 23//1 
f 26//8 10//6 13//6 27//8 
f 28//9 26//8 27//8 29//9 
f 30//8 14//6 10//6 26//8 
f 31//9 30//8 26//8 28//9 
f 32//10 33//11 34//11 35//10 
f 36//10 37//11 33//11 32//10 
f 33//11 28//9 29//9 34//11 
f 37//11 31//9 28//9 33//11 
f 38//11 39//10 40//10 41//11 
f 42//9 38//11 41//11 43//9 
f 37//11 36//10 39//10 38//11 
f 31//9 37//11 38//11 42//9 
f 17//6 44//8 45//8 18//6 
f 14//6 30//8 44//8 17//6 
f 44//8 42//9 43//9 45//8 
f 30//8 31//9 42//9 44//8 
f 46//12 32//10 35//10 47//12 
f 48//13 46//12 47//12 49//13 
f 50//12 36//10 32//10 46//12 
f 51//13 50//12 46//12 48//13 
f 52//14 53//15 54//15 55//14 
f 56//14 57//15 53//15 52//14 
f 53//15 48//13 49//13 54//15 
f 57//15 51//13 48//13 53//15 
f 58//15 59//14 60//14 61//15 
f 62//13 58//15 61//15 63//13 
f 57//15 56//14 59//14 58//15 
f 51//13 57//15 58//15 62//13 
f 39//10 64//12 65//12 40//10 
f 36//10 50//12 64//12 39//10 
f 64//12 62//13 63//13 65//12 
f 50//12 51//13 62//13 64//12 
f 66//16 52//14 55//14 67//16 
f 68//17 66//16 67//16 69//17 
f 70//16 56//14 52//14 66//16 
f 71//17 70//16 66//16 68//17 
f 72//18 73//19 74//19 75//20 
f 76//18 77//19 73//19 72//18 
f 73//19 68//17 69//17 74//19 
f 77//19 71//17 68//17 73//19 
f 78//19 79//18 80//18 81//19 
f 82//17 78//19 81//19 83//17 
f 77//19 76//18 79//18 78//19 
f 71//17 77//19 78//19 82//17 
f 59//14 84//16 85//16 60//14 
f 56//14 70//16 84//16 59//14 
f 84//16 82//17 83//17 85//16 
f 70//16 71//17 82//17 84//16 
f 86//21 72//18 75//20 87//22 
f 88//23 86//21 87//22 89//24 
f 90//25 76//18 72//18 86//21 
f 91//26 90//25 86//21 88//23 
f 92//27 93//28 94//29 95//30 
f 96//31 97//32 93//28 92//27 
f 93//28 88//23 89//24 94//29 
f 97//32 91//26 88//23 93//28 
f 98//33 99//34 100//35 101//36 
f 102//37 98//33 101//36 103//37 
f 97//32 96//31 99//34 98//33 
f 91//26 97//32 98//33 102//37 
f 79//18 104//38 105//38 80//18 
f 76//18 90//25 104//38 79//18 
f 104//38 102//37 103//37 105//38 
f 90//25 91//26 102//37 104//38 
f 106//39 92//27 95//30 107//40 
f 108//41 106//39 107//40 109//42 
f 110//43 96//31 92//27 106//39 
f 111//44 110//43 106//39 108//41 
f 112//45 113//46 114//47 115//45 
f 116//45 117//48 113//46 112//45 
f 113//46 108//41 109//42 114//47 
f 117//48 111//44 108//41 113//46 
f 118//49 119//50 120//45 121//49 
f 122//51 118//49 121//49 123//52 
f 117//48 116//45 119//50 118//49 
f 111//44 117//48 118//49 122//51 
f 99//34 124//53 125//54 100//35 
f 96//31 110//43 124//53 99//34 
f 124//53 122//51 123//52 125//54 
f 110//43 111//44 122//51 124//53 
f 126//55 112//45 115//45 127//55 
f 128//56 126//55 127//55 129//57 
f 130//55 116//45 112//45 126//55 
f 131//58 130//55 126//55 128//56 
f 132//59 133//60 134//60 135//59 
f 136//61 137//62 133//60 132//59 
f 133//60 128//56 129//57 134//60 
f 137//62 131//58 128//56 133//60 
f 138//62 139//61 140//61 141//62 
f 142//58 138//62 141//62 143//58 
f 137//62 136//61 139//61 138//62 
f 131//58 137//62 138//62 142//58 
f 119//50 144//63 145//55 120//45 
f 116//45 130//55 144//63 119//50 
f 144//63 142//58 143//58 145//55 
f 130//55 131//58 142//58 144//63 
f 146//64 132//59 135//59 147//64 
f 148//65 146//64 147//64 149//65 
f 150//64 136//61 132//59 146//64 
f 151//65 150//64 146//64 148//65 
f 152//66 153//67 154//67 155//66 
f 156//66 157//67 153//67 152//66 
f 153//67 148//65 149//65 154//67 
f 157//67 151//65 148//65 153//67 
f 158//68 159//66 160//66 161//67 
f 162//65 158//68 161//67 163//65 
f 157//67 156//66 159//66 158//68 
f 151//65 157//67 158//68 162//65 
f 139//61 164//64 165//64 140//61 
f 136//61 150//64 164//64 139//61 
f 164//64 162//65 163//65 165//64 
f 150//64 151//65 162//65 164//64 
f 166//69 152//66 155//66 167//70 
f 168//71 166//69 167//70 169//71 
f 170//70 156//66 152//66 166//69 
f 171//71 170//70 166//69 168//71 
f 172//72 173//73 174//73 175//72 
f 176//74 177//73 173//73 172//72 
f 173//73 168//71 169//71 174//73 
f 177//73 171//71 168//71 173//73 
f 178//73 179//72 180//72 181//73 
f 182//75 178//73 181//73 183//71 
f 177//73 176//74 179//72 178//73 
f 171//71 177//73 178//73 182//75 
f 159//66 184//76 185//70 160//66 
f 156//66 170//70 184//76 159//66 
f 184//76 182//75 183//71 185//70 
f 170//70 171//71 182//75 184//76 
f 186//77 172//72 175//72 187//78 
f 188//79 186//77 187//78 189//79 
f 190//78 176//74 172//72 186//77 
f 191//79 190//78 186//77 188//79 
f 192//80 193//81 194//81 195//80 
f 196//80 197//81 193//81 192//80 
f 193//81 188//79 189//79 194//81 
f 197//81 191//79 188//79 193//81 
f 198//81 199//80 200//80 201//81 
f 202//79 198//81 201//81 203//79 
f 197//81 196//80 199//80 198//81 
f 191//79 197//81 198//81 202//79 
f 179//72 204//78 205//78 180//72 
f 176//74 190//78 204//78 179//72 
f 204//78 202//79 203//79 205//78 
f 190//78 191//79 202//79 204//78 
f 206//82 192//80 195//80 207//82 
f 208//83 206//82 207//82 209//83 
f 210//82 196//80 192//80 206//82 
f 211//83 210//82 206//82 208//83 
f 212//84 213//85 214//85 215//84 
f 216//84 217//85 213//85 212//84 
f 213//85 208//83 209//83 214//85 
f 217//85 211//83 208//83 213//85 
f 218//85 219//84 220//84 221//85 
f 222//83 218//85 221//85 223//83 
f 217//85 216//84 219//84 218//85 
f 211//83 217//85 218//85 222//83 
f 199//80 224//82 225//82 200//80 
f 196//80 210//82 224//82 199//80 
f 224//82 222//83 223//83 225//82 
f 210//82 211//83 222//83 224//82 
f 226//86 212//84 215//84 227//86 
f 228//87 226//86 227//86 229//87 
f 230//86 216//84 212//84 226//86 
f 231//87 230//86 226//86 228//87 
f 232//88 233//89 234//89 235//90 
f 236//91 237//89 233//89 232//88 
f 233//89 228//87 229//87 234//89 
f 237//89 231//87 228//87 233//89 
f 238//89 239//88 240//91 241//89 
f 242//87 238//89 241//89 243//87 
f 237//89 236//91 239//88 238//89 
f 231//87 237//89 238//89 242//87 
f 219//84 244//86 245//86 220//84 
f 216//84 230//86 244//86 219//84 
f 244//86 242//87 243//87 245//86 
f 230//86 231//87 242//87 244//86 
f 246//92 232//88 235//90 247//92 
f 248//93 246//92 247//92 249//93 
f 250//92 236//91 232//88 246//92 
f 251//93 250//92 246//92 248//93 
f 252//94 253//95 254//95 255//96 
f 256//96 257//95 253//95 252//94 
f 253//95 248//93 249//93 254//95 
f 257//95 251//93 248//93 253//95 
f 258//95 259//96 260//96 261//95 
f 262//93 258//95 261//95 263//93 
f 257//95 256//96 259//96 258//95 
f 251//93 257//95 258//95 262//93 
f 239//88 264//92 265//92 240//91 
f 236//91 250//92 264//92 239//88 
f 264//92 262//93 263//93 265//92 
f 250//92 251//93 262//93 264//92 
f 266//97 252//94 255//96 267//98 
f 268//99 266//97 267//98 269//99 
f 270//97 256//96 252//94 266//97 
f 271//100 270//97 266//97 268//99 
f 272//101 273//102 274//102 275//103 
f 276//101 277//102 273//102 272//101 
f 273//102 268//99 269//99 274//102 
f 277//102 271//100 268//99 273//102 
f 278//102 279//101 280//103 281//102 
f 282//104 278//102 281//102 283//99 
f 277//102 276//101 279//101 278//102 
f 271//100 277//102 278//102 282//104 
f 259//96 284//105 285//98 260//96 
f 256//96 270//97 284//105 259//96 
f 284//105 282//104 283//99 285//98 
f 270//97 271//100 282//104 284//105 
f 286//106 272//101 275//103 287//106 
f 288//107 286//106 287//106 289//107 
f 290//106 276//101 272//101 286//106 
f 291//107 290//106 286//106 288//107 
f 292//108 293//109 294//109 295//108 
f 296//110 297//109 293//109 292//108 
f 293//109 288//107 289//107 294//109 
f 297//109 291//107 288//107 293//109 
f 298//109 299//110 300//108 301//109 
f 302//107 298//109 301//109 303//107 
f 297//109 296//110 299//110 298//109 
f 291//107 297//109 298//109 302//107 
f 279//101 304//106 305//111 280//103 
f 276//101 290//106 304//106 279//101 
f 304//106 302//107 303//107 305//111 
f 290//106 291//107 302//107 304//106 
f 306//112 292//108 295//108 307//112 
f 308//113 306//112 307//112 309//113 
f 310//112 296//110 292//108 306//112 
f 311//113 310//112 306//112 308//113 
f 312//114 313//115 314//115 315//114 
f 316//114 317//115 313//115 312//114 
f 313//115 308//113 309//113 314//115 
f 317//115 311//113 308//113 313//115 
f 318//115 319//114 320//114 321//115 
f 322//113 318//115 321//115 323//113 
f 317//115 316//114 319//114 318//115 
f 311//113 317//115 318//115 322//113 
f 299//110 324//112 325//112 300//108 
f 296//110 310//112 324//112 299//110 
f 324//112 322//113 323//113 325//112 
f 310//112 311//113 322//113 324//112 
f 326//116 312//114 315//114 327//116 
f 328//117 326//116 327//116 329//117 
f 330//116 316//114 312//114 326//116 
f 331//117 330//116 326//116 328//117 
f 332//118 333//119 334//119 335//118 
f 336//118 337//119 333//119 332//118 
f 333//119 328//117 329//117 334//119 
f 337//119 331//117 328//117 333//119 
f 338//119 339//118 340//118 341//120 
f 342//117 338//119 341//120 343//117 
f 337//119 336//118 339//118 338//119 
f 331//117 337//119 338//119 342//117 
f 319//114 344//116 345//116 320//114 
f 316//114 330//116 344//116 319//114 
f 344//116 342//117 343//117 345//116 
f 330//116 331//117 342//117 344//116 
f 346//121 332//118 335//118 347//121 
f 348//122 346//121 347//121 349//122 
f 350//121 336//118 332//118 346//121 
f 351//122 350//121 346//121 348//122 
f 352//123 353//124 354//124 355//125 
f 356//125 357//124 353//124 352//123 
f 353//124 348//122 349//122 354//124 
f 357//124 351//122 348//122 353//124 
f 358//124 359//123 360//125 361//124 
f 362//122 358//124 361//124 363//122 
f 357//124 356//125 359//123 358//124 
f 351//122 357//124 358//124 362//122 
f 339//118 364//121 365//121 340//118 
f 336//118 350//121 364//121 339//118 
f 364//121 362//122 363//122 365//121 
f 350//121 351//122 362//122 364//121 
f 366//126 352//123 355//125 367//126 
f 368//127 366//126 367//126 369//127 
f 370//126 356//125 352//123 366//126 
f 371//127 370//126 366//126 368//127 
f 372//128 373//129 374//129 375//128 
f 376//128 377//129 373//129 372//128 
f 373//129 368//127 369//127 374//129 
f 377//129 371//127 368//127 373//129 
f 378//129 379//130 380//128 381//129 
f 382//127 378//129 381//129 383//127 
f 377//129 376//128 379//130 378//129 
f 371//127 377//129 378//129 382//127 
f 359//123 384//126 385//126 360//125 
f 356//125 370//126 384//126 359//123 
f 384//126 382//127 383//127 385//126 
f 370//126 371//127 382//127 384//126 
f 386//131 372//128 375//128 387//131 
f 388//132 386//131 387//131 389//132 
f 390//131 376//128 372//128 386//131 
f 391//132 390//131 386//131 388//132 
f 392//133 393//134 394//134 395//133 
f 396//133 397//134 393//134 392//133 
f 393//134 388//132 389//132 394//134 
f 397//134 391//132 388//132 393//134 
f 398//134 399//133 400//133 401//134 
f 402//132 398//134 401//134 403//132 
f 397//134 396//133 399//133 398//134 
f 391//132 397//134 398//134 402//132 
f 379//130 404//135 405//135 380//128 
f 376//128 390//131 404//135 379//130 
f 404//135 402//132 403//132 405//135 
f 390//131 391//132 402//132 404//135 
f 406//136 392//133 395//133 407//136 
f 408//137 406//136 407//136 409//137 
f 410//136 396//133 392//133 406//136 
f 411//138 410//136 406//136 408//137 
f 412//139 413//140 414//140 415//139 
f 416//139 417//140 413//140 412//139 
f 413//140 408//137 409//137 414//140 
f 417//140 411//138 408//137 413//140 
f 418//141 419//139 420//139 421//141 
f 422//138 418//141 421//141 423//138 
f 417//140 416//139 419//139 418//141 
f 411//138 417//140 418//141 422//138 
f 399//133 424//136 425//136 400//133 
f 396//133 410//136 424//136 399//133 
f 424//136 422//138 423//138 425//136 
f 410//136 411//138 422//138 424//136 
f 426//142 412//139 415//139 427//142 
f 428//143 426//142 427//142 429//143 
f 430//142 416//139 412//139 426//142 
f 431//143 430//142 426//142 428//143 
f 432//144 433//145 434//145 435//146 
f 436//146 437//145 433//145 432//144 
f 433//145 428//143 429//143 434//145 
f 437//145 431//143 428//143 433//145 
f 438//145 439//144 440//144 441//145 
f 442//147 438//145 441//145 443//143 
f 437//145 436//146 439//144 438//145 
f 431//143 437//145 438//145 442//147 
f 419//139 444//142 445//142 420//139 
f 416//139 430//142 444//142 419//139 
f 444//142 442//147 443//143 445//142 
f 430//142 431//143 442//147 444//142 
f 446//148 432//144 435//146 447//148 
f 448//149 446//148 447//148 449//149 
f 450//148 436//146 432//144 446//148 
f 451//149 450//148 446//148 448//149 
f 452//150 453//151 454//151 455//152 
f 456//152 457//151 453//151 452//150 
f 453//151 448//149 449//149 454//151 
f 457//151 451//149 448//149 453//151 
f 458//151 459//150 460//150 461//151 
f 462//149 458//151 461//151 463//149 
f 457//151 456//152 459//150 458//151 
f 451//149 457//151 458//151 462//149 
f 439//144 464//148 465//148 440//144 
f 436//146 450//148 464//148 439//144 
f 464//148 462//149 463//149 465//148 
f 450//148 451//149 462//149 464//148 
f 466//153 452//150 455//152 467//153 
f 468//154 466//153 467//153 469//154 
f 470//153 456//152 452//150 466//153 
f 471//154 470//153 466//153 468//154 
f 472//155 473//156 474//156 475//155 
f 476//157 477//156 473//156 472//155 
f 473//156 468//154 469//154 474//156 
f 477//156 471//154 468//154 473//156 
f 478//156 479//155 480//157 481//156 
f 482//154 478//156 481//156 483//154 
f 477//156 476//157 479//155 478//156 
f 471//154 477//156 478//156 482//154 
f 459//150 484//153 485//153 460//150 
f 456//152 470//153 484//153 459//150 
f 484//153 482//154 483//154 485//153 
f 470//153 471//154 482//154 484//153 
f 486//158 472//155 475//155 487//158 
f 488//159 486//158 487//158 489//159 
f 490//158 476//157 472//155 486//158 
f 491//159 490//158 486//158 488//159 
f 492//160 493//161 494//161 495//160 
f 496//160 497//161 493//161 492//160 
f 493//161 488//159 489//159 494//161 
f 497//161 491//159 488//159 493//161 
f 498//162 499//160 500//160 501//161 
f 502//163 498//162 501//161 503//159 
f 497//161 496//160 499//160 498//162 
f 491//159 497//161 498//162 502//163 
f 479//155 504//158 505//158 480//157 
f 476//157 490//158 504//158 479//155 
f 504//158 502//163 503//159 505//158 
f 490//158 491//159 502//163 504//158 
f 506//164 492//160 495//160 507//164 
f 508//165 506//164 507//164 509//165 
f 510//164 496//160 492//160 506//164 
f 511//165 510//164 506//164 508//165 
f 512//166 513//167 514//167 515//168 
f 516//168 517//167 513//167 512//166 
f 513//167 508//165 509//165 514//167 
f 517//167 511//165 508//165 513//167 
f 518//167 519//166 520//168 521//167 
f 522//169 518//167 521//167 523//165 
f 517//167 516//168 519//166 518//167 
f 511//165 517//167 518//167 522//169 
f 499//160 524//164 525//164 500//160 
f 496//160 510//164 524//164 499//160 
f 524//164 522//169 523//165 525//164 
f 510//164 511//165 522//169 524//164 
f 526//170 512//166 515//168 527//171 
f 528//172 526//170 527//171 529//173 
f 530//174 516//168 512//166 526//170 
f 531//175 530//174 526//170 528//172 
f 532//176 533//177 534//178 535//179 
f 536//180 537//181 533//177 532//176 
f 533//177 528//172 529//173 534//178 
f 537//181 531//175 528//172 533//177 
f 538//182 539//183 540//184 541//185 
f 542//186 538//182 541//185 543//187 
f 537//181 536//180 539//183 538//182 
f 531//175 537//181 538//182 542//186 
f 519//166 544//188 545//188 520//168 
f 516//168 530//174 544//188 519//166 
f 544//188 542//186 543//187 545//188 
f 530//174 531//175 542//186 544//188 
f 546//189 532//176 535//179 547//190 
f 548//191 546//189 547//190 549//192 
f 550//193 536//180 532//176 546//189 
f 551//194 550//193 546//189 548//191 
f 552//195 553//196 554//197 555//195 
f 556//198 557//199 553//196 552//195 
f 553//196 548//191 549//192 554//197 
f 557//199 551//194 548//191 553//196 
f 558//200 559//201 560//198 561//202 
f 562//203 558//200 561//202 563//204 
f 557//199 556//198 559//201 558//200 
f 551//194 557//199 558//200 562//203 
f 539//183 564//205 565//206 540//184 
f 536//180 550//193 564//205 539//183 
f 564//205 562//203 563//204 565//206 
f 550//193 551//194 562//203 564//205 
f 566//207 552//195 555//195 567//207 
f 568//208 566//207 567//207 569//208 
f 570//207 556//198 552//195 566//207 
f 571//208 570//207 566//207 568//208 
f 2//2 572//209 573//210 3//2 
f 8//2 574//211 572//209 2//2 
f 572//209 568//208 569//208 573//210 
f 574//211 571//208 568//208 572//209 
f 575//210 22//2 25//2 576//211 
f 577//208 575//210 576//211 578//208 
f 574//211 8//2 22//2 575//210 
f 571//208 574//211 575//210 577//208 
f 559//201 579//212 580//212 560//198 
f 556//198 570//207 579//212 559//201 
f 579//212 577//208 578//208 580//212 
f 570//207 571//208 577//208 579//212 
f 581//1 582//2 25//2 24//1 
f 583//3 581//1 24//1 21//3 
f 584//213 585//2 582//2 581//1 
f 586//4 584//213 581//1 583//3 
f 587//6 588//214 19//7 18//6 
f 589//215 590//7 588//214 587//6 
f 588//214 583//3 21//3 19//7 
f 590//7 586//4 583//3 588//214 
f 591//7 592//6 593//215 594//214 
f 595//3 591//7 594//214 596//5 
f 590//7 589//215 592//6 591//7 
f 586//4 590//7 591//7 595//3 
f 597//2 598//213 599//213 600//216 
f 585//2 584//213 598//213 597//2 
f 598//213 595//3 596//5 599//213 
f 584//213 586//4 595//3 598//213 
f 601//8 587//6 18//6 45//8 
f 602//9 601//8 45//8 43//9 
f 603//217 589//215 587//6 601//8 
f 604//9 603//217 601//8 602//9 
f 605//10 606//218 41//11 40//10 
f 607//10 608//11 606//218 605//10 
f 606//218 602//9 43//9 41//11 
f 608//11 604//9 602//9 606//218 
f 609//219 610//10 611//10 612//218 
f 613//9 609//219 612//218 614//9 
f 608//11 607//10 610//10 609//219 
f 604//9 608//11 609//219 613//9 
f 592//6 615//8 616//217 593//215 
f 589//215 603//217 615//8 592//6 
f 615//8 613//9 614//9 616//217 
f 603//217 604//9 613//9 615//8 
f 617//12 605//10 40//10 65//12 
f 618//13 617//12 65//12 63//13 
f 619//12 607//10 605//10 617//12 
f 620//13 619//12 617//12 618//13 
f 621//14 622//15 61//15 60//14 
f 623//14 624//15 622//15 621//14 
f 622//15 618//13 63//13 61//15 
f 624//15 620//13 618//13 622//15 
f 625//15 626//14 627//14 628//15 
f 629//220 625//15 628//15 630//220 
f 624//15 623//14 626//14 625//15 
f 620//13 624//15 625//15 629//220 
f 610//10 631//12 632//12 611//10 
f 607//10 619//12 631//12 610//10 
f 631//12 629//220 630//220 632//12 
f 619//12 620//13 629//220 631//12 
f 633//16 621//14 60//14 85//16 
f 634//17 633//16 85//16 83//17 
f 635//16 623//14 621//14 633//16 
f 636//221 635//16 633//16 634//17 
f 637//18 638//19 81//19 80//18 
f 639//20 640//19 638//19 637//18 
f 638//19 634//17 83//17 81//19 
f 640//19 636//221 634//17 638//19 
f 641//19 642//20 643//20 644//222 
f 645//17 641//19 644//222 646//17 
f 640//19 639//20 642//20 641//19 
f 636//221 640//19 641//19 645//17 
f 626//14 647//16 648//16 627//14 
f 623//14 635//16 647//16 626//14 
f 647//16 645//17 646//17 648//16 
f 635//16 636//221 645//17 647//16 
f 649//223 637//18 80//18 105//38 
f 650//224 649//223 105//38 103//37 
f 651//25 639//20 637//18 649//223 
f 652//225 651//25 649//223 650//224 
f 653//226 654//227 101//36 100//35 
f 655//228 656//229 654//227 653//226 
f 654//227 650//224 103//37 101//36 
f 656//229 652//225 650//224 654//227 
f 657//230 658//231 659//232 660//233 
f 661//234 657//230 660//233 662//235 
f 656//229 655//228 658//231 657//230 
f 652//225 656//229 657//230 661//234 
f 642//20 663//21 664//22 643//20 
f 639//20 651//25 663//21 642//20 
f 663//21 661//234 662//235 664//22 
f 651//25 652//225 661//234 663//21 
f 665//236 653//226 100//35 125//54 
f 666//237 665//236 125//54 123//52 
f 667//238 655//228 653//226 665//236 
f 668//239 667//238 665//236 666//237 
f 669//50 670//49 121//49 120//45 
f 671//240 672//241 670//49 669//50 
f 670//49 666//237 123//52 121//49 
f 672//241 668//239 666//237 670//49 
f 673//242 674//243 675//244 676//245 
f 677//246 673//242 676//245 678//247 
f 672//241 671//240 674//243 673//242 
f 668//239 672//241 673//242 677//246 
f 658//231 679//248 680//249 659//232 
f 655//228 667//238 679//248 658//231 
f 679//248 677//246 678//247 680//249 
f 667//238 668//239 677//246 679//248 
f 681//55 669//50 120//45 145//55 
f 682//56 681//55 145//55 143//58 
f 683//250 671//240 669//50 681//55 
f 684//56 683//250 681//55 682//56 
f 685//59 686//62 141//62 140//61 
f 687//61 688//62 686//62 685//59 
f 686//62 682//56 143//58 141//62 
f 688//62 684//56 682//56 686//62 
f 689//251 690//61 691//61 692//251 
f 693//252 689//251 692//251 694//253 
f 688//62 687//61 690//61 689//251 
f 684//56 688//62 689//251 693//252 
f 674//243 695//254 696//255 675//244 
f 671//240 683//250 695//254 674//243 
f 695//254 693//252 694//253 696//255 
f 683//250 684//56 693//252 695//254 
f 697//64 685//59 140//61 165//64 
f 698//65 697//64 165//64 163//65 
f 699//256 687//61 685//59 697//64 
f 700//65 699//256 697//64 698//65 
f 701//66 702//67 161//67 160//66 
f 703//66 704//67 702//67 701//66 
f 702//67 698//65 163//65 161//67 
f 704//67 700//65 698//65 702//67 
f 705//67 706//66 707//66 708//67 
f 709//65 705//67 708//67 710//65 
f 704//67 703//66 706//66 705//67 
f 700//65 704//67 705//67 709//65 
f 690//61 711//256 712//256 691//61 
f 687//61 699//256 711//256 690//61 
f 711//256 709//65 710//65 712//256 
f 699//256 700//65 709//65 711//256 
f 713//69 701//66 160//66 185//70 
f 714//71 713//69 185//70 183//71 
f 715//70 703//66 701//66 713//69 
f 716//71 715//70 713//69 714//71 
f 717//72 718//73 181//73 180//72 
f 719//72 720//257 718//73 717//72 
f 718//73 714//71 183//71 181//73 
f 720//257 716//71 714//71 718//73 
f 721//257 722//72 723//72 724//257 
f 725//75 721//257 724//257 726//71 
f 720//257 719//72 722//72 721//257 
f 716//71 720//257 721//257 725//75 
f 706//66 727//76 728//70 707//66 
f 703//66 715//70 727//76 706//66 
f 727//76 725//75 726//71 728//70 
f 715//70 716//71 725//75 727//76 
f 729//78 717//72 180//72 205//78 
f 730//79 729//78 205//78 203//79 
f 731//78 719//72 717//72 729//78 
f 732//79 731//78 729//78 730//79 
f 733//80 734//81 201//81 200//80 
f 735//80 736//81 734//81 733//80 
f 734//81 730//79 203//79 201//81 
f 736//81 732//79 730//79 734//81 
f 737//81 738//80 739//80 740//81 
f 741//79 737//81 740//81 742//79 
f 736//81 735//80 738//80 737//81 
f 732//79 736//81 737//81 741//79 
f 722//72 743//77 744//77 723//72 
f 719//72 731//78 743//77 722//72 
f 743//77 741//79 742//79 744//77 
f 731//78 732//79 741//79 743//77 
f 745//82 733//80 200//80 225//82 
f 746//83 745//82 225//82 223//83 
f 747//82 735//80 733//80 745//82 
f 748//83 747//82 745//82 746//83 
f 749//84 750//85 221//85 220//84 
f 751//84 752//85 750//85 749//84 
f 750//85 746//83 223//83 221//85 
f 752//85 748//83 746//83 750//85 
f 753//85 754//84 755//84 756//85 
f 757//83 753//85 756//85 758//83 
f 752//85 751//84 754//84 753//85 
f 748//83 752//85 753//85 757//83 
f 738//80 759//82 760//82 739//80 
f 735//80 747//82 759//82 738//80 
f 759//82 757//83 758//83 760//82 
f 747//82 748//83 757//83 759//82 
f 761//86 749//84 220//84 245//86 
f 762//87 761//86 245//86 243//87 
f 763//86 751//84 749//84 761//86 
f 764//258 763//86 761//86 762//87 
f 765//88 766//89 241//89 240//91 
f 767//91 768//89 766//89 765//88 
f 766//89 762//87 243//87 241//89 
f 768//89 764//258 762//87 766//89 
f 769//89 770//91 771//91 772//259 
f 773//258 769//89 772//259 774//258 
f 768//89 767//91 770//91 769//89 
f 764//258 768//89 769//89 773//258 
f 754//84 775//86 776//86 755//84 
f 751//84 763//86 775//86 754//84 
f 775//86 773//258 774//258 776//86 
f 763//86 764//258 773//258 775//86 
f 777//92 765//88 240//91 265//92 
f 778//93 777//92 265//92 263//93 
f 779//92 767//91 765//88 777//92 
f 780//93 779//92 777//92 778//93 
f 781//96 782//95 261//95 260//96 
f 783//96 784//95 782//95 781//96 
f 782//95 778//93 263//93 261//95 
f 784//95 780//93 778//93 782//95 
f 785//260 786//94 787//96 788//95 
f 789//93 785//260 788//95 790//93 
f 784//95 783//96 786//94 785//260 
f 780//93 784//95 785//260 789//93 
f 770//91 791//261 792//261 771//91 
f 767//91 779//92 791//261 770//91 
f 791//261 789//93 790//93 792//261 
f 779//92 780//93 789//93 791//261 
f 793//262 781//96 260//96 285//98 
f 794//104 793//262 285//98 283//99 
f 795//105 783//96 781//96 793//262 
f 796//99 795//105 793//262 794//104 
f 797//101 798//102 281//102 280//103 
f 799//101 800//102 798//102 797//101 
f 798//102 794//104 283//99 281//102 
f 800//102 796//99 794//104 798//102 
f 801//102 802//101 803//101 804//102 
f 805//99 801//102 804//102 806//104 
f 800//102 799//101 802//101 801//102 
f 796//99 800//102 801//102 805//99 
f 786//94 807//98 808//105 787//96 
f 783//96 795//105 807//98 786//94 
f 807//98 805//99 806//104 808//105 
f 795//105 796//99 805//99 807//98 
f 809//106 797//101 280//103 305//111 
f 810//107 809//106 305//111 303//107 
f 811//106 799//101 797//101 809//106 
f 812//107 811//106 809//106 810//107 
f 813//108 814//109 301//109 300//108 
f 815//110 816//109 814//109 813//108 
f 814//109 810//107 303//107 301//109 
f 816//109 812//107 810//107 814//109 
f 817//109 818//110 819//108 820//109 
f 821//107 817//109 820//109 822//107 
f 816//109 815//110 818//110 817//109 
f 812//107 816//109 817//109 821//107 
f 802//101 823//106 824//106 803//101 
f 799//101 811//106 823//106 802//101 
f 823//106 821//107 822//107 824//106 
f 811//106 812//107 821//107 823//106 
f 825//112 813//108 300//108 325//112 
f 826//113 825//112 325//112 323//113 
f 827//112 815//110 813//108 825//112 
f 828//113 827//112 825//112 826//113 
f 829//114 830//115 321//115 320//114 
f 831//114 832//115 830//115 829//114 
f 830//115 826//113 323//113 321//115 
f 832//115 828//113 826//113 830//115 
f 833//115 834//114 835//114 836//115 
f 837//113 833//115 836//115 838//263 
f 832//115 831//114 834//114 833//115 
f 828//113 832//115 833//115 837//113 
f 818//110 839//112 840//112 819//108 
f 815//110 827//112 839//112 818//110 
f 839//112 837//113 838//263 840//112 
f 827//112 828//113 837//113 839//112 
f 841//116 829//114 320//114 345//116 
f 842//117 841//116 345//116 343//117 
f 843//116 831//114 829//114 841//116 
f 844//117 843//116 841//116 842//117 
f 845//264 846//119 341//120 340//118 
f 847//118 848//120 846//119 845//264 
f 846//119 842//117 343//117 341//120 
f 848//120 844//117 842//117 846//119 
f 849//119 850//118 851//264 852//120 
f 853//117 849//119 852//120 854//117 
f 848//120 847//118 850//118 849//119 
f 844//117 848//120 849//119 853//117 
f 834//114 855//116 856//116 835//114 
f 831//114 843//116 855//116 834//114 
f 855//116 853//117 854//117 856//116 
f 843//116 844//117 853//117 855//116 
f 857//121 845//264 340//118 365//121 
f 858//122 857//121 365//121 363//122 
f 859//121 847//118 845//264 857//121 
f 860//122 859//121 857//121 858//122 
f 861//123 862//124 361//124 360//125 
f 863//125 864//124 862//124 861//123 
f 862//124 858//122 363//122 361//124 
f 864//124 860//122 858//122 862//124 
f 865//124 866//123 867//123 868//124 
f 869//122 865//124 868//124 870//122 
f 864//124 863//125 866//123 865//124 
f 860//122 864//124 865//124 869//122 
f 850//118 871//121 872//121 851//264 
f 847//118 859//121 871//121 850//118 
f 871//121 869//122 870//122 872//121 
f 859//121 860//122 869//122 871//121 
f 873//265 861//123 360//125 385//126 
f 874//127 873//265 385//126 383//127 
f 875//265 863//125 861//123 873//265 
f 876//266 875//265 873//265 874//127 
f 877//128 878//129 381//129 380//128 
f 879//130 880//129 878//129 877//128 
f 878//129 874//127 383//127 381//129 
f 880//129 876//266 874//127 878//129 
f 881//129 882//130 883//130 884//129 
f 885//266 881//129 884//129 886//127 
f 880//129 879//130 882//130 881//129 
f 876//266 880//129 881//129 885//266 
f 866//123 887//267 888//265 867//123 
f 863//125 875//265 887//267 866//123 
f 887//267 885//266 886//127 888//265 
f 875//265 876//266 885//266 887//267 
f 889//131 877//128 380//128 405//135 
f 890//268 889//131 405//135 403//132 
f 891//131 879//130 877//128 889//131 
f 892//268 891//131 889//131 890//268 
f 893//133 894//269 401//134 400//133 
f 895//270 896//134 894//269 893//133 
f 894//269 890//268 403//132 401//134 
f 896//134 892//268 890//268 894//269 
f 897//134 898//133 899//133 900//134 
f 901//268 897//134 900//134 902//271 
f 896//134 895//270 898//133 897//134 
f 892//268 896//134 897//134 901//268 
f 882//130 903//131 904//131 883//130 
f 879//130 891//131 903//131 882//130 
f 903//131 901//268 902//271 904//131 
f 891//131 892//268 901//268 903//131 
f 905//136 893//133 400//133 425//136 
f 906//272 905//136 425//136 423//138 
f 907//136 895//270 893//133 905//136 
f 908//272 907//136 905//136 906//272 
f 909//139 910//141 421//141 420//139 
f 911//273 912//141 910//141 909//139 
f 910//141 906//272 423//138 421//141 
f 912//141 908//272 906//272 910//141 
f 913//140 914//273 915//273 916//140 
f 917//138 913//140 916//140 918//138 
f 912//141 911//273 914//273 913//140 
f 908//272 912//141 913//140 917//138 
f 898//133 919//274 920//136 899//133 
f 895//270 907//136 919//274 898//133 
f 919//274 917//138 918//138 920//136 
f 907//136 908//272 917//138 919//274 
f 921//142 909//139 420//139 445//142 
f 922//143 921//142 445//142 443//143 
f 923//275 911//273 909//139 921//142 
f 924//147 923//275 921//142 922//143 
f 925//144 926//145 441//145 440//144 
f 927//146 928//276 926//145 925//144 
f 926//145 922//143 443//143 441//145 
f 928//276 924//147 922//143 926//145 
f 929//145 930//146 931//144 932//145 
f 933//147 929//145 932//145 934//143 
f 928//276 927//146 930//146 929//145 
f 924//147 928//276 929//145 933//147 
f 914//273 935//275 936//142 915//273 
f 911//273 923//275 935//275 914//273 
f 935//275 933//147 934//143 936//142 
f 923//275 924//147 933//147 935//275 
f 937//148 925//144 440//144 465//148 
f 938//149 937//148 465//148 463//149 
f 939//148 927//146 925//144 937//148 
f 940//277 939//148 937//148 938//149 
f 941//278 942//151 461//151 460//150 
f 943//278 944//151 942//151 941//278 
f 942//151 938//149 463//149 461//151 
f 944//151 940//277 938//149 942//151 
f 945//151 946//152 947//278 948//151 
f 949//277 945//151 948//151 950//277 
f 944//151 943//278 946//152 945//151 
f 940//277 944//151 945//151 949//277 
f 930//146 951//148 952//148 931//144 
f 927//146 939//148 951//148 930//146 
f 951//148 949//277 950//277 952//148 
f 939//148 940//277 949//277 951//148 
f 953//153 941//278 460//150 485//153 
f 954//154 953//153 485//153 483//154 
f 955//279 943//278 941//278 953//153 
f 956//154 955//279 953//153 954//154 
f 957//157 958//156 481//156 480//157 
f 959//157 960//156 958//156 957//157 
f 958//156 954//154 483//154 481//156 
f 960//156 956//154 954//154 958//156 
f 961//156 962//155 963//157 964//156 
f 965//154 961//156 964//156 966//280 
f 960//156 959//157 962//155 961//156 
f 956//154 960//156 961//156 965//154 
f 946//152 967//153 968//279 947//278 
f 943//278 955//279 967//153 946//152 
f 967//153 965//154 966//280 968//279 
f 955//279 956//154 965//154 967//153 
f 969//158 957//157 480//157 505//158 
f 970//159 969//158 505//158 503//159 
f 971//158 959//157 957//157 969//158 
f 972//163 971//158 969//158 970//159 
f 973//160 974//161 501//161 500//160 
f 975//281 976//161 974//161 973//160 
f 974//161 970//159 503//159 501//161 
f 976//161 972//163 970//159 974//161 
f 977//162 978//281 979//282 980//161 
f 981//159 977//162 980//161 982//163 
f 976//161 975//281 978//281 977//162 
f 972//163 976//161 977//162 981//159 
f 962//155 983//158 984//158 963//157 
f 959//157 971//158 983//158 962//155 
f 983//158 981//159 982//163 984//158 
f 971//158 972//163 981//159 983//158 
f 985//164 973//160 500//160 525//164 
f 986//165 985//164 525//164 523//165 
f 987//164 975//281 973//160 985//164 
f 988//169 987//164 985//164 986//165 
f 989//166 990//167 521//167 520//168 
f 991//168 992//283 990//167 989//166 
f 990//167 986//165 523//165 521//167 
f 992//283 988//169 986//165 990//167 
f 993//167 994//166 995//166 996//167 
f 997//284 993//167 996//167 998//165 
f 992//283 991//168 994//166 993//167 
f 988//169 992//283 993//167 997//284 
f 978//281 999//164 1000//285 979//282 
f 975//281 987//164 999//164 978//281 
f 999//164 997//284 998//165 1000//285 
f 987//164 988//169 997//284 999//164 
f 1001//188 989//166 520//168 545//188 
f 1002//286 1001//188 545//188 543//187 
f 1003//174 991//168 989//166 1001//188 
f 1004//287 1003//174 1001//188 1002//286 
f 1005//288 1006//289 541//185 540//184 
f 1007//290 1008//291 1006//289 1005//288 
f 1006//289 1002//286 543//187 541//185 
f 1008//291 1004//287 1002//286 1006//289 
f 1009//292 1010//293 1011//294 1012//295 
f 1013//296 1009//292 1012//295 1014//297 
f 1008//291 1007//290 1010//293 1009//292 
f 1004//287 1008//291 1009//292 1013//296 
f 994//166 1015//298 1016//171 995//166 
f 991//168 1003//174 1015//298 994//166 
f 1015//298 1013//296 1014//297 1016//171 
f 1003//174 1004//287 1013//296 1015//298 
f 1017//299 1005//288 540//184 565//206 
f 1018//300 1017//299 565//206 563//204 
f 1019//301 1007//290 1005//288 1017//299 
f 1020//302 1019//301 1017//299 1018//300 
f 1021//195 1022//200 561//202 560//198 
f 1023//198 1024//199 1022//200 1021//195 
f 1022//200 1018//300 563//204 561//202 
f 1024//199 1020//302 1018//300 1022//200 
f 1025//196 1026//201 1027//198 1028//197 
f 1029//303 1025//196 1028//197 1030//304 
f 1024//199 1023//198 1026//201 1025//196 
f 1020//302 1024//199 1025//196 1029//303 
f 1010//293 1031//305 1032//306 1011//294 
f 1007//290 1019//301 1031//305 1010//293 
f 1031//305 1029//303 1030//304 1032//306 
f 1019//301 1020//302 1029//303 1031//305 
f 1033//212 1021//195 560//198 580//212 
f 1034//208 1033//212 580//212 578//208 
f 1035//212 1023//198 1021//195 1033//212 
f 1036//208 1035//212 1033//212 1034//208 
f 582//2 1037//211 576//211 25//2 
f 585//2 1038//211 1037//211 582//2 
f 1037//211 1034//208 578//208 576//211 
f 1038//211 1036//208 1034//208 1037//211 
f 1039//211 597//2 600//216 1040//209 
f 1041//208 1039//211 1040//209 1042//208 
f 1038//211 585//2 597//2 1039//211 
f 1036//208 1038//211 1039//211 1041//208 
f 1026//201 1043//212 1044//212 1027//198 
f 1023//198 1035//212 1043//212 1026//201 
f 1043//212 1041//208 1042//208 1044//212 
f 1035//212 1036//208 1041//208 1043//212 
s 256
f 1045//307 1046//307 1047//307 1048//307 
f 1049//307 1045//307 1048//307 1050//308 
f 1051//307 1052//307 1046//307 1045//307 
f 1053//308 1051//307 1045//307 1049//307 
f 1054//308 1055//309 1056//307 1057//308 
f 1058//308 1059//307 1055//309 1054//308 
f 1055//309 1049//307 1050//308 1056//307 
f 1059//307 1053//308 1049//307 1055//309 
f 1060//308 1061//308 1062//307 1063//307 
f 1064//307 1060//308 1063//307 1065//308 
f 1059//307 1058//308 1061//308 1060//308 
f 1053//308 1059//307 1060//308 1064//307 
f 1066//307 1067//307 1068//307 1069//307 
f 1052//307 1051//307 1067//307 1066//307 
f 1067//307 1064//307 1065//308 1068//307 
f 1051//307 1053//308 1064//307 1067//307 
f 1070//308 1054//308 1057//308 1071//308 
f 1072//307 1070//308 1071//308 1073//308 
f 1074//308 1058//308 1054//308 1070//308 
f 1075//308 1074//308 1070//308 1072//307 
f 1076//308 1077//308 1078//308 1079//308 
f 1080//308 1081//308 1077//308 1076//308 
f 1077//308 1072//307 1073//308 1078//308 
f 1081//308 1075//308 1072//307 1077//308 
f 1082//308 1083//308 1084//308 1085//308 
f 1086//308 1082//308 1085//308 1087//308 
f 1081//308 1080//308 1083//308 1082//308 
f 1075//308 1081//308 1082//308 1086//308 
f 1061//308 1088//308 1089//308 1062//307 
f 1058//308 1074//308 1088//308 1061//308 
f 1088//308 1086//308 1087//308 1089//308 
f 1074//308 1075//308 1086//308 1088//308 
f 1090//310 1076//308 1079//308 1091//308 
f 1092//311 1090//310 1091//308 1093//310 
f 1094//310 1080//308 1076//308 1090//310 
f 1095//311 1094//310 1090//310 1092//311 
f 1096//312 1097//313 1098//313 1099//314 
f 1100//312 1101//313 1097//313 1096//312 
f 1097//313 1092//311 1093//310 1098//313 
f 1101//313 1095//311 1092//311 1097//313 
f 1102//313 1103//312 1104//312 1105//313 
f 1106//311 1102//313 1105//313 1107//315 
f 1101//313 1100//312 1103//312 1102//313 
f 1095//311 1101//313 1102//313 1106//311 
f 1083//308 1108//310 1109//308 1084//308 
f 1080//308 1094//310 1108//310 1083//308 
f 1108//310 1106//311 1107//315 1109//308 
f 1094//310 1095//311 1106//311 1108//310 
f 1110//316 1096//312 1099//314 1111//316 
f 1112//317 1110//316 1111//316 1113//317 
f 1114//316 1100//312 1096//312 1110//316 
f 1115//317 1114//316 1110//316 1112//317 
f 1116//316 1117//318 1118//318 1119//319 
f 1120//319 1121//320 1117//318 1116//316 
f 1117//318 1112//317 1113//317 1118//318 
f 1121//320 1115//317 1112//317 1117//318 
f 1122//320 1123//316 1124//316 1125//318 
f 1126//317 1122//320 1125//318 1127//317 
f 1121//320 1120//319 1123//316 1122//320 
f 1115//317 1121//320 1122//320 1126//317 
f 1103//312 1128//316 1129//316 1104//312 
f 1100//312 1114//316 1128//316 1103//312 
f 1128//316 1126//317 1127//317 1129//316 
f 1114//316 1115//317 1126//317 1128//316 
s 1
f 1130//321 1131//322 659//232 680//249 
f 1132//323 1130//321 680//249 678//247 
f 1133//324 1134//325 1131//322 1130//321 
f 1135//326 1133//324 1130//321 1132//323 
f 1136//327 1137//328 676//245 675//244 
f 1138//329 1139//330 1137//328 1136//327 
f 1137//328 1132//323 678//247 676//245 
f 1139//330 1135//326 1132//323 1137//328 
f 1140//331 1141//332 1142//333 1143//334 
f 1144//335 1140//331 1143//334 1145//336 
f 1139//330 1138//329 1141//332 1140//331 
f 1135//326 1139//330 1140//331 1144//335 
f 1146//337 1147//338 1148//339 1149//340 
f 1134//325 1133//324 1147//338 1146//337 
f 1147//338 1144//335 1145//336 1148//339 
f 1133//324 1135//326 1144//335 1147//338 
f 1150//341 1136//327 675//244 696//255 
f 1151//342 1150//341 696//255 694//253 
f 1152//343 1138//329 1136//327 1150//341 
f 1153//344 1152//343 1150//341 1151//342 
f 1154//59 1155//62 692//251 691//61 
f 1156//61 1157//62 1155//62 1154//59 
f 1155//62 1151//342 694//253 692//251 
f 1157//62 1153//344 1151//342 1155//62 
f 1158//251 1159//61 1160//61 1161//251 
f 1162//345 1158//251 1161//251 1163//346 
f 1157//62 1156//61 1159//61 1158//251 
f 1153//344 1157//62 1158//251 1162//345 
f 1141//332 1164//347 1165//348 1142//333 
f 1138//329 1152//343 1164//347 1141//332 
f 1164//347 1162//345 1163//346 1165//348 
f 1152//343 1153//344 1162//345 1164//347 
f 1166//64 1154//59 691//61 712//256 
f 1167//65 1166//64 712//256 710//65 
f 1168//64 1156//61 1154//59 1166//64 
f 1169//65 1168//64 1166//64 1167//65 
f 1170//66 1171//67 708//67 707//66 
f 1172//66 1173//67 1171//67 1170//66 
f 1171//67 1167//65 710//65 708//67 
f 1173//67 1169//65 1167//65 1171//67 
f 1174//67 1175//66 1176//66 1177//67 
f 1178//65 1174//67 1177//67 1179//65 
f 1173//67 1172//66 1175//66 1174//67 
f 1169//65 1173//67 1174//67 1178//65 
f 1159//61 1180//256 1181//256 1160//61 
f 1156//61 1168//64 1180//256 1159//61 
f 1180//256 1178//65 1179//65 1181//256 
f 1168//64 1169//65 1178//65 1180//256 
f 1182//69 1170//66 707//66 728//70 
f 1183//71 1182//69 728//70 726//71 
f 1184//70 1172//66 1170//66 1182//69 
f 1185//71 1184//70 1182//69 1183//71 
f 1186//72 1187//257 724//257 723//72 
f 1188//72 1189//257 1187//257 1186//72 
f 1187//257 1183//71 726//71 724//257 
f 1189//257 1185//71 1183//71 1187//257 
f 1190//257 1191//72 1192//72 1193//257 
f 1194//75 1190//257 1193//257 1195//75 
f 1189//257 1188//72 1191//72 1190//257 
f 1185//71 1189//257 1190//257 1194//75 
f 1175//66 1196//76 1197//76 1176//66 
f 1172//66 1184//70 1196//76 1175//66 
f 1196//76 1194//75 1195//75 1197//76 
f 1184//70 1185//71 1194//75 1196//76 
f 1198//77 1186//72 723//72 744//77 
f 1199//79 1198//77 744//77 742//79 
f 1200//77 1188//72 1186//72 1198//77 
f 1201//79 1200//77 1198//77 1199//79 
f 1202//80 1203//81 740//81 739//80 
f 1204//80 1205//81 1203//81 1202//80 
f 1203//81 1199//79 742//79 740//81 
f 1205//81 1201//79 1199//79 1203//81 
f 1206//81 1207//80 1208//80 1209//81 
f 1210//79 1206//81 1209//81 1211//79 
f 1205//81 1204//80 1207//80 1206//81 
f 1201//79 1205//81 1206//81 1210//79 
f 1191//72 1212//77 1213//77 1192//72 
f 1188//72 1200//77 1212//77 1191//72 
f 1212//77 1210//79 1211//79 1213//77 
f 1200//77 1201//79 1210//79 1212//77 
f 1214//82 1202//80 739//80 760//82 
f 1215//83 1214//82 760//82 758//83 
f 1216//82 1204//80 1202//80 1214//82 
f 1217//83 1216//82 1214//82 1215//83 
f 1218//84 1219//85 756//85 755//84 
f 1220//84 1221//85 1219//85 1218//84 
f 1219//85 1215//83 758//83 756//85 
f 1221//85 1217//83 1215//83 1219//85 
f 1222//85 1223//84 1224//84 1225//85 
f 1226//83 1222//85 1225//85 1227//83 
f 1221//85 1220//84 1223//84 1222//85 
f 1217//83 1221//85 1222//85 1226//83 
f 1207//80 1228//82 1229//82 1208//80 
f 1204//80 1216//82 1228//82 1207//80 
f 1228//82 1226//83 1227//83 1229//82 
f 1216//82 1217//83 1226//83 1228//82 
f 1230//86 1218//84 755//84 776//86 
f 1231//87 1230//86 776//86 774//258 
f 1232//86 1220//84 1218//84 1230//86 
f 1233//87 1232//86 1230//86 1231//87 
f 1234//91 1235//259 772//259 771//91 
f 1236//88 1237//259 1235//259 1234//91 
f 1235//259 1231//87 774//258 772//259 
f 1237//259 1233//87 1231//87 1235//259 
f 1238//89 1239//91 1240//91 1241//259 
f 1242//87 1238//89 1241//259 1243//87 
f 1237//259 1236//88 1239//91 1238//89 
f 1233//87 1237//259 1238//89 1242//87 
f 1223//84 1244//86 1245//86 1224//84 
f 1220//84 1232//86 1244//86 1223//84 
f 1244//86 1242//87 1243//87 1245//86 
f 1232//86 1233//87 1242//87 1244//86 
f 1246//261 1234//91 771//91 792//261 
f 1247//349 1246//261 792//261 790//93 
f 1248//261 1236//88 1234//91 1246//261 
f 1249//93 1248//261 1246//261 1247//349 
f 1250//96 1251//95 788//95 787//96 
f 1252//96 1253//95 1251//95 1250//96 
f 1251//95 1247//349 790//93 788//95 
f 1253//95 1249//93 1247//349 1251//95 
f 1254//95 1255//96 1256//96 1257//95 
f 1258//349 1254//95 1257//95 1259//93 
f 1253//95 1252//96 1255//96 1254//95 
f 1249//93 1253//95 1254//95 1258//349 
f 1239//91 1260//261 1261//261 1240//91 
f 1236//88 1248//261 1260//261 1239//91 
f 1260//261 1258//349 1259//93 1261//261 
f 1248//261 1249//93 1258//349 1260//261 
f 1262//97 1250//96 787//96 808//105 
f 1263//99 1262//97 808//105 806//104 
f 1264//97 1252//96 1250//96 1262//97 
f 1265//99 1264//97 1262//97 1263//99 
f 1266//101 1267//102 804//102 803//101 
f 1268//101 1269//102 1267//102 1266//101 
f 1267//102 1263//99 806//104 804//102 
f 1269//102 1265//99 1263//99 1267//102 
f 1270//102 1271//101 1272//101 1273//102 
f 1274//104 1270//102 1273//102 1275//99 
f 1269//102 1268//101 1271//101 1270//102 
f 1265//99 1269//102 1270//102 1274//104 
f 1255//96 1276//105 1277//105 1256//96 
f 1252//96 1264//97 1276//105 1255//96 
f 1276//105 1274//104 1275//99 1277//105 
f 1264//97 1265//99 1274//104 1276//105 
f 1278//106 1266//101 803//101 824//106 
f 1279//107 1278//106 824//106 822//107 
f 1280//106 1268//101 1266//101 1278//106 
f 1281//107 1280//106 1278//106 1279//107 
f 1282//108 1283//109 820//109 819//108 
f 1284//110 1285//109 1283//109 1282//108 
f 1283//109 1279//107 822//107 820//109 
f 1285//109 1281//107 1279//107 1283//109 
f 1286//350 1287//110 1288//108 1289//109 
f 1290//107 1286//350 1289//109 1291//107 
f 1285//109 1284//110 1287//110 1286//350 
f 1281//107 1285//109 1286//350 1290//107 
f 1271//101 1292//106 1293//111 1272//101 
f 1268//101 1280//106 1292//106 1271//101 
f 1292//106 1290//107 1291//107 1293//111 
f 1280//106 1281//107 1290//107 1292//106 
f 1294//112 1282//108 819//108 840//112 
f 1295//113 1294//112 840//112 838//263 
f 1296//112 1284//110 1282//108 1294//112 
f 1297//113 1296//112 1294//112 1295//113 
f 1298//114 1299//115 836//115 835//114 
f 1300//114 1301//115 1299//115 1298//114 
f 1299//115 1295//113 838//263 836//115 
f 1301//115 1297//113 1295//113 1299//115 
f 1302//115 1303//114 1304//114 1305//115 
f 1306//113 1302//115 1305//115 1307//113 
f 1301//115 1300//114 1303//114 1302//115 
f 1297//113 1301//115 1302//115 1306//113 
f 1287//110 1308//112 1309//112 1288//108 
f 1284//110 1296//112 1308//112 1287//110 
f 1308//112 1306//113 1307//113 1309//112 
f 1296//112 1297//113 1306//113 1308//112 
f 1310//116 1298//114 835//114 856//116 
f 1311//117 1310//116 856//116 854//117 
f 1312//116 1300//114 1298//114 1310//116 
f 1313//117 1312//116 1310//116 1311//117 
f 1314//264 1315//119 852//120 851//264 
f 1316//264 1317//120 1315//119 1314//264 
f 1315//119 1311//117 854//117 852//120 
f 1317//120 1313//117 1311//117 1315//119 
f 1318//120 1319//264 1320//118 1321//119 
f 1322//117 1318//120 1321//119 1323//117 
f 1317//120 1316//264 1319//264 1318//120 
f 1313//117 1317//120 1318//120 1322//117 
f 1303//114 1324//116 1325//116 1304//114 
f 1300//114 1312//116 1324//116 1303//114 
f 1324//116 1322//117 1323//117 1325//116 
f 1312//116 1313//117 1322//117 1324//116 
f 1326//121 1314//264 851//264 872//121 
f 1327//122 1326//121 872//121 870//122 
f 1328//121 1316//264 1314//264 1326//121 
f 1329//122 1328//121 1326//121 1327//122 
f 1330//123 1331//124 868//124 867//123 
f 1332//123 1333//124 1331//124 1330//123 
f 1331//124 1327//122 870//122 868//124 
f 1333//124 1329//122 1327//122 1331//124 
f 1334//124 1335//123 1336//123 1337//124 
f 1338//122 1334//124 1337//124 1339//122 
f 1333//124 1332//123 1335//123 1334//124 
f 1329//122 1333//124 1334//124 1338//122 
f 1319//264 1340//121 1341//121 1320//118 
f 1316//264 1328//121 1340//121 1319//264 
f 1340//121 1338//122 1339//122 1341//121 
f 1328//121 1329//122 1338//122 1340//121 
f 1342//126 1330//123 867//123 888//265 
f 1343//127 1342//126 888//265 886//127 
f 1344//267 1332//123 1330//123 1342//126 
f 1345//266 1344//267 1342//126 1343//127 
f 1346//130 1347//351 884//129 883//130 
f 1348//128 1349//129 1347//351 1346//130 
f 1347//351 1343//127 886//127 884//129 
f 1349//129 1345//266 1343//127 1347//351 
f 1350//351 1351//130 1352//128 1353//129 
f 1354//127 1350//351 1353//129 1355//127 
f 1349//129 1348//128 1351//130 1350//351 
f 1345//266 1349//129 1350//351 1354//127 
f 1335//123 1356//126 1357//265 1336//123 
f 1332//123 1344//267 1356//126 1335//123 
f 1356//126 1354//127 1355//127 1357//265 
f 1344//267 1345//266 1354//127 1356//126 
f 1358//131 1346//130 883//130 904//131 
f 1359//132 1358//131 904//131 902//271 
f 1360//131 1348//128 1346//130 1358//131 
f 1361//132 1360//131 1358//131 1359//132 
f 1362//270 1363//134 900//134 899//133 
f 1364//133 1365//134 1363//134 1362//270 
f 1363//134 1359//132 902//271 900//134 
f 1365//134 1361//132 1359//132 1363//134 
f 1366//134 1367//133 1368//133 1369//134 
f 1370//132 1366//134 1369//134 1371//271 
f 1365//134 1364//133 1367//133 1366//134 
f 1361//132 1365//134 1366//134 1370//132 
f 1351//130 1372//131 1373//131 1352//128 
f 1348//128 1360//131 1372//131 1351//130 
f 1372//131 1370//132 1371//271 1373//131 
f 1360//131 1361//132 1370//132 1372//131 
f 1374//136 1362//270 899//133 920//136 
f 1375//272 1374//136 920//136 918//138 
f 1376//352 1364//133 1362//270 1374//136 
f 1377//272 1376//352 1374//136 1375//272 
f 1378//273 1379//140 916//140 915//273 
f 1380//273 1381//140 1379//140 1378//273 
f 1379//140 1375//272 918//138 916//140 
f 1381//140 1377//272 1375//272 1379//140 
f 1382//140 1383//273 1384//273 1385//140 
f 1386//272 1382//140 1385//140 1387//138 
f 1381//140 1380//273 1383//273 1382//140 
f 1377//272 1381//140 1382//140 1386//272 
f 1367//133 1388//136 1389//136 1368//133 
f 1364//133 1376//352 1388//136 1367//133 
f 1388//136 1386//272 1387//138 1389//136 
f 1376//352 1377//272 1386//272 1388//136 
f 1390//142 1378//273 915//273 936//142 
f 1391//143 1390//142 936//142 934//143 
f 1392//142 1380//273 1378//273 1390//142 
f 1393//143 1392//142 1390//142 1391//143 
f 1394//144 1395//145 932//145 931//144 
f 1396//144 1397//145 1395//145 1394//144 
f 1395//145 1391//143 934//143 932//145 
f 1397//145 1393//143 1391//143 1395//145 
f 1398//145 1399//146 1400//144 1401//145 
f 1402//143 1398//145 1401//145 1403//143 
f 1397//145 1396//144 1399//146 1398//145 
f 1393//143 1397//145 1398//145 1402//143 
f 1383//273 1404//142 1405//275 1384//273 
f 1380//273 1392//142 1404//142 1383//273 
f 1404//142 1402//143 1403//143 1405//275 
f 1392//142 1393//143 1402//143 1404//142 
f 1406//148 1394//144 931//144 952//148 
f 1407//149 1406//148 952//148 950//277 
f 1408//148 1396//144 1394//144 1406//148 
f 1409//277 1408//148 1406//148 1407//149 
f 1410//152 1411//151 948//151 947//278 
f 1412//278 1413//151 1411//151 1410//152 
f 1411//151 1407//149 950//277 948//151 
f 1413//151 1409//277 1407//149 1411//151 
f 1414//151 1415//278 1416//152 1417//151 
f 1418//149 1414//151 1417//151 1419//277 
f 1413//151 1412//278 1415//278 1414//151 
f 1409//277 1413//151 1414//151 1418//149 
f 1399//146 1420//148 1421//148 1400//144 
f 1396//144 1408//148 1420//148 1399//146 
f 1420//148 1418//149 1419//277 1421//148 
f 1408//148 1409//277 1418//149 1420//148 
f 1422//279 1410//152 947//278 968//279 
f 1423//353 1422//279 968//279 966//280 
f 1424//279 1412//278 1410//152 1422//279 
f 1425//154 1424//279 1422//279 1423//353 
f 1426//155 1427//156 964//156 963//157 
f 1428//354 1429//156 1427//156 1426//155 
f 1427//156 1423//353 966//280 964//156 
f 1429//156 1425//154 1423//353 1427//156 
f 1430//156 1431//155 1432//157 1433//156 
f 1434//154 1430//156 1433//156 1435//154 
f 1429//156 1428//354 1431//155 1430//156 
f 1425//154 1429//156 1430//156 1434//154 
f 1415//278 1436//279 1437//153 1416//152 
f 1412//278 1424//279 1436//279 1415//278 
f 1436//279 1434//154 1435//154 1437//153 
f 1424//279 1425//154 1434//154 1436//279 
f 1438//158 1426//155 963//157 984//158 
f 1439//159 1438//158 984//158 982//163 
f 1440//158 1428//354 1426//155 1438//158 
f 1441//159 1440//158 1438//158 1439//159 
f 1442//281 1443//162 980//161 979//282 
f 1444//282 1445//162 1443//162 1442//281 
f 1443//162 1439//159 982//163 980//161 
f 1445//162 1441//159 1439//159 1443//162 
f 1446//355 1447//356 1448//356 1449//357 
f 1450//358 1446//355 1449//357 1451//359 
f 1445//162 1444//282 1447//356 1446//355 
f 1441//159 1445//162 1446//355 1450//358 
f 1431//155 1452//158 1453//360 1432//157 
f 1428//354 1440//158 1452//158 1431//155 
f 1452//158 1450//358 1451//359 1453//360 
f 1440//158 1441//159 1450//358 1452//158 
f 1454//285 1442//281 979//282 1000//285 
f 1455//169 1454//285 1000//285 998//165 
f 1456//285 1444//282 1442//281 1454//285 
f 1457//169 1456//285 1454//285 1455//169 
f 1458//166 1459//167 996//167 995//166 
f 1460//166 1461//167 1459//167 1458//166 
f 1459//167 1455//169 998//165 996//167 
f 1461//167 1457//169 1455//169 1459//167 
f 1462//167 1463//166 1464//166 1465//167 
f 1466//165 1462//167 1465//167 1467//169 
f 1461//167 1460//166 1463//166 1462//167 
f 1457//169 1461//167 1462//167 1466//165 
f 1447//356 1468//285 1469//361 1448//356 
f 1444//282 1456//285 1468//285 1447//356 
f 1468//285 1466//165 1467//169 1469//361 
f 1456//285 1457//169 1466//165 1468//285 
f 1470//362 1458//166 995//166 1016//171 
f 1471//363 1470//362 1016//171 1014//297 
f 1472//362 1460//166 1458//166 1470//362 
f 1473//364 1472//362 1470//362 1471//363 
f 1474//365 1475//366 1012//295 1011//294 
f 1476//365 1477//367 1475//366 1474//365 
f 1475//366 1471//363 1014//297 1012//295 
f 1477//367 1473//364 1471//363 1475//366 
f 1478//368 1479//365 1480//369 1481//370 
f 1482//371 1478//368 1481//370 1483//372 
f 1477//367 1476//365 1479//365 1478//368 
f 1473//364 1477//367 1478//368 1482//371 
f 1463//166 1484//362 1485//171 1464//166 
f 1460//166 1472//362 1484//362 1463//166 
f 1484//362 1482//371 1483//372 1485//171 
f 1472//362 1473//364 1482//371 1484//362 
s 256
f 1486//310 1487//310 1488//310 1489//310 
f 1490//310 1486//310 1489//310 1491//310 
f 1492//310 1493//310 1487//310 1486//310 
f 1494//310 1492//310 1486//310 1490//310 
f 1495//373 1496//310 1497//310 1498//373 
f 1499//373 1500//373 1496//310 1495//373 
f 1496//310 1490//310 1491//310 1497//310 
f 1500//373 1494//310 1490//310 1496//310 
f 1501//373 1502//373 1503//373 1504//373 
f 1505//310 1501//373 1504//373 1506//310 
f 1500//373 1499//373 1502//373 1501//373 
f 1494//310 1500//373 1501//373 1505//310 
f 1507//310 1508//310 1509//310 1510//310 
f 1493//310 1492//310 1508//310 1507//310 
f 1508//310 1505//310 1506//310 1509//310 
f 1492//310 1494//310 1505//310 1508//310 
f 1511//307 1495//373 1498//373 1512//308 
f 1513//307 1511//307 1512//308 1514//307 
f 1515//308 1499//373 1495//373 1511//307 
f 1516//308 1515//308 1511//307 1513//307 
f 1046//307 1517//307 1518//307 1047//307 
f 1052//307 1519//307 1517//307 1046//307 
f 1517//307 1513//307 1514//307 1518//307 
f 1519//307 1516//308 1513//307 1517//307 
f 1520//307 1066//307 1069//307 1521//307 
f 1522//307 1520//307 1521//307 1523//308 
f 1519//307 1052//307 1066//307 1520//307 
f 1516//308 1519//307 1520//307 1522//307 
f 1502//373 1524//308 1525//308 1503//373 
f 1499//373 1515//308 1524//308 1502//373 
f 1524//308 1522//307 1523//308 1525//308 
f 1515//308 1516//308 1522//307 1524//308 
s 1
f 1526//213 1527//2 1528//216 1529//213 
f 1530//4 1526//213 1529//213 1531//3 
f 1532//213 1533//2 1527//2 1526//213 
f 1534//4 1532//213 1526//213 1530//4 
f 1535//215 1536//214 1537//214 1538//6 
f 1539//6 1540//7 1536//214 1535//215 
f 1536//214 1530//4 1531//3 1537//214 
f 1540//7 1534//4 1530//4 1536//214 
f 1541//7 1542//215 1543//374 1544//7 
f 1545//3 1541//7 1544//7 1546//3 
f 1540//7 1539//6 1542//215 1541//7 
f 1534//4 1540//7 1541//7 1545//3 
f 1547//2 1548//213 1549//1 1550//2 
f 1533//2 1532//213 1548//213 1547//2 
f 1548//213 1545//3 1546//3 1549//1 
f 1532//213 1534//4 1545//3 1548//213 
f 1551//8 1535//215 1538//6 1552//217 
f 1553//9 1551//8 1552//217 1554//375 
f 1555//217 1539//6 1535//215 1551//8 
f 1556//375 1555//217 1551//8 1553//9 
f 1557//10 1558//218 1559//218 1560//10 
f 1561//10 1562//11 1558//218 1557//10 
f 1558//218 1553//9 1554//375 1559//218 
f 1562//11 1556//375 1553//9 1558//218 
f 1563//11 1564//10 1565//10 1566//11 
f 1567//9 1563//11 1566//11 1568//9 
f 1562//11 1561//10 1564//10 1563//11 
f 1556//375 1562//11 1563//11 1567//9 
f 1542//215 1569//8 1570//8 1543//374 
f 1539//6 1555//217 1569//8 1542//215 
f 1569//8 1567//9 1568//9 1570//8 
f 1555//217 1556//375 1567//9 1569//8 
f 1571//12 1557//10 1560//10 1572//12 
f 1573//13 1571//12 1572//12 1574//220 
f 1575//12 1561//10 1557//10 1571//12 
f 1576//13 1575//12 1571//12 1573//13 
f 1577//14 1578//15 1579//376 1580//14 
f 1581//14 1582//15 1578//15 1577//14 
f 1578//15 1573//13 1574//220 1579//376 
f 1582//15 1576//13 1573//13 1578//15 
f 1583//15 1584//14 1585//14 1586//15 
f 1587//13 1583//15 1586//15 1588//13 
f 1582//15 1581//14 1584//14 1583//15 
f 1576//13 1582//15 1583//15 1587//13 
f 1564//10 1589//12 1590//12 1565//10 
f 1561//10 1575//12 1589//12 1564//10 
f 1589//12 1587//13 1588//13 1590//12 
f 1575//12 1576//13 1587//13 1589//12 
f 1591//377 1577//14 1580//14 1592//377 
f 1593//378 1591//377 1592//377 1594//378 
f 1595//377 1581//14 1577//14 1591//377 
f 1596//378 1595//377 1591//377 1593//378 
f 1597//379 1598//380 1599//380 1600//379 
f 1601//379 1602//380 1598//380 1597//379 
f 1598//380 1593//378 1594//378 1599//380 
f 1602//380 1596//378 1593//378 1598//380 
f 1603//380 1604//379 1605//379 1606//380 
f 1607//378 1603//380 1606//380 1608//378 
f 1602//380 1601//379 1604//379 1603//380 
f 1596//378 1602//380 1603//380 1607//378 
f 1584//14 1609//377 1610//377 1585//14 
f 1581//14 1595//377 1609//377 1584//14 
f 1609//377 1607//378 1608//378 1610//377 
f 1595//377 1596//378 1607//378 1609//377 
f 1611//381 1597//379 1600//379 1612//382 
f 1613//383 1611//381 1612//382 1614//384 
f 1615//385 1601//379 1597//379 1611//381 
f 1616//386 1615//385 1611//381 1613//383 
f 1617//387 1618//388 1619//389 1149//340 
f 1620//390 1621//391 1618//388 1617//387 
f 1618//388 1613//383 1614//384 1619//389 
f 1621//391 1616//386 1613//383 1618//388 
f 1622//392 1623//393 1624//35 1625//394 
f 1626//395 1622//392 1625//394 1627//396 
f 1621//391 1620//390 1623//393 1622//392 
f 1616//386 1621//391 1622//392 1626//395 
f 1604//379 1628//397 1629//397 1605//379 
f 1601//379 1615//385 1628//397 1604//379 
f 1628//397 1626//395 1627//396 1629//397 
f 1615//385 1616//386 1626//395 1628//397 
f 1630//398 1617//387 1149//340 1148//339 
f 1631//399 1630//398 1148//339 1145//336 
f 1632//400 1620//390 1617//387 1630//398 
f 1633//401 1632//400 1630//398 1631//399 
f 1634//402 1635//403 1143//334 1142//333 
f 1636//404 1637//405 1635//403 1634//402 
f 1635//403 1631//399 1145//336 1143//334 
f 1637//405 1633//401 1631//399 1635//403 
f 1638//406 1639//407 1640//407 1641//406 
f 1642//408 1638//406 1641//406 1643//409 
f 1637//405 1636//404 1639//407 1638//406 
f 1633//401 1637//405 1638//406 1642//408 
f 1623//393 1644//410 1645//411 1624//35 
f 1620//390 1632//400 1644//410 1623//393 
f 1644//410 1642//408 1643//409 1645//411 
f 1632//400 1633//401 1642//408 1644//410 
f 1646//412 1634//402 1142//333 1165//348 
f 1647//413 1646//412 1165//348 1163//346 
f 1648//414 1636//404 1634//402 1646//412 
f 1649//415 1648//414 1646//412 1647//413 
f 1650//59 1651//62 1161//251 1160//61 
f 1652//59 1653//62 1651//62 1650//59 
f 1651//62 1647//413 1163//346 1161//251 
f 1653//62 1649//415 1647//413 1651//62 
f 1654//60 1655//59 1656//61 1657//60 
f 1658//416 1654//60 1657//60 1659//415 
f 1653//62 1652//59 1655//59 1654//60 
f 1649//415 1653//62 1654//60 1658//416 
f 1639//407 1660//417 1661//417 1640//407 
f 1636//404 1648//414 1660//417 1639//407 
f 1660//417 1658//416 1659//415 1661//417 
f 1648//414 1649//415 1658//416 1660//417 
f 1662//418 1650//59 1160//61 1181//256 
f 1663//65 1662//418 1181//256 1179//65 
f 1664//64 1652//59 1650//59 1662//418 
f 1665//65 1664//64 1662//418 1663//65 
f 1666//66 1667//67 1177//67 1176//66 
f 1668//66 1669//67 1667//67 1666//66 
f 1667//67 1663//65 1179//65 1177//67 
f 1669//67 1665//65 1663//65 1667//67 
f 1670//67 1671//66 1672//66 1673//68 
f 1674//65 1670//67 1673//68 1675//419 
f 1669//67 1668//66 1671//66 1670//67 
f 1665//65 1669//67 1670//67 1674//65 
f 1655//59 1676//64 1677//420 1656//61 
f 1652//59 1664//64 1676//64 1655//59 
f 1676//64 1674//65 1675//419 1677//420 
f 1664//64 1665//65 1674//65 1676//64 
f 1678//70 1666//66 1176//66 1197//76 
f 1679//71 1678//70 1197//76 1195//75 
f 1680//69 1668//66 1666//66 1678//70 
f 1681//71 1680//69 1678//70 1679//71 
f 1682//72 1683//257 1193//257 1192//72 
f 1684//72 1685//257 1683//257 1682//72 
f 1683//257 1679//71 1195//75 1193//257 
f 1685//257 1681//71 1679//71 1683//257 
f 1686//73 1687//72 1688//72 1689//73 
f 1690//71 1686//73 1689//73 1691//71 
f 1685//257 1684//72 1687//72 1686//73 
f 1681//71 1685//257 1686//73 1690//71 
f 1671//66 1692//70 1693//69 1672//66 
f 1668//66 1680//69 1692//70 1671//66 
f 1692//70 1690//71 1691//71 1693//69 
f 1680//69 1681//71 1690//71 1692//70 
f 1694//77 1682//72 1192//72 1213//77 
f 1695//79 1694//77 1213//77 1211//79 
f 1696//78 1684//72 1682//72 1694//77 
f 1697//79 1696//78 1694//77 1695//79 
f 1698//80 1699//81 1209//81 1208//80 
f 1700//80 1701//81 1699//81 1698//80 
f 1699//81 1695//79 1211//79 1209//81 
f 1701//81 1697//79 1695//79 1699//81 
f 1702//81 1703//80 1704//80 1705//81 
f 1706//79 1702//81 1705//81 1707//79 
f 1701//81 1700//80 1703//80 1702//81 
f 1697//79 1701//81 1702//81 1706//79 
f 1687//72 1708//78 1709//78 1688//72 
f 1684//72 1696//78 1708//78 1687//72 
f 1708//78 1706//79 1707//79 1709//78 
f 1696//78 1697//79 1706//79 1708//78 
f 1710//82 1698//80 1208//80 1229//82 
f 1711//83 1710//82 1229//82 1227//83 
f 1712//82 1700//80 1698//80 1710//82 
f 1713//83 1712//82 1710//82 1711//83 
f 1714//84 1715//85 1225//85 1224//84 
f 1716//84 1717//85 1715//85 1714//84 
f 1715//85 1711//83 1227//83 1225//85 
f 1717//85 1713//83 1711//83 1715//85 
f 1718//85 1719//84 1720//84 1721//85 
f 1722//83 1718//85 1721//85 1723//83 
f 1717//85 1716//84 1719//84 1718//85 
f 1713//83 1717//85 1718//85 1722//83 
f 1703//80 1724//82 1725//82 1704//80 
f 1700//80 1712//82 1724//82 1703//80 
f 1724//82 1722//83 1723//83 1725//82 
f 1712//82 1713//83 1722//83 1724//82 
f 1726//86 1714//84 1224//84 1245//86 
f 1727//258 1726//86 1245//86 1243//87 
f 1728//86 1716//84 1714//84 1726//86 
f 1729//258 1728//86 1726//86 1727//258 
f 1730//91 1731//89 1241//259 1240//91 
f 1732//91 1733//89 1731//89 1730//91 
f 1731//89 1727//258 1243//87 1241//259 
f 1733//89 1729//258 1727//258 1731//89 
f 1734//89 1735//88 1736//88 1737//89 
f 1738//87 1734//89 1737//89 1739//87 
f 1733//89 1732//91 1735//88 1734//89 
f 1729//258 1733//89 1734//89 1738//87 
f 1719//84 1740//86 1741//86 1720//84 
f 1716//84 1728//86 1740//86 1719//84 
f 1740//86 1738//87 1739//87 1741//86 
f 1728//86 1729//258 1738//87 1740//86 
f 1742//261 1730//91 1240//91 1261//261 
f 1743//93 1742//261 1261//261 1259//93 
f 1744//92 1732//91 1730//91 1742//261 
f 1745//93 1744//92 1742//261 1743//93 
f 1746//94 1747//95 1257//95 1256//96 
f 1748//96 1749//95 1747//95 1746//94 
f 1747//95 1743//93 1259//93 1257//95 
f 1749//95 1745//93 1743//93 1747//95 
f 1750//95 1751//94 1752//96 1753//95 
f 1754//93 1750//95 1753//95 1755//93 
f 1749//95 1748//96 1751//94 1750//95 
f 1745//93 1749//95 1750//95 1754//93 
f 1735//88 1756//92 1757//92 1736//88 
f 1732//91 1744//92 1756//92 1735//88 
f 1756//92 1754//93 1755//93 1757//92 
f 1744//92 1745//93 1754//93 1756//92 
f 1758//98 1746//94 1256//96 1277//105 
f 1759//99 1758//98 1277//105 1275//99 
f 1760//105 1748//96 1746//94 1758//98 
f 1761//104 1760//105 1758//98 1759//99 
f 1762//101 1763//102 1273//102 1272//101 
f 1764//101 1765//102 1763//102 1762//101 
f 1763//102 1759//99 1275//99 1273//102 
f 1765//102 1761//104 1759//99 1763//102 
f 1766//102 1767//101 1768//101 1769//102 
f 1770//104 1766//102 1769//102 1771//104 
f 1765//102 1764//101 1767//101 1766//102 
f 1761//104 1765//102 1766//102 1770//104 
f 1751//94 1772//97 1773//105 1752//96 
f 1748//96 1760//105 1772//97 1751//94 
f 1772//97 1770//104 1771//104 1773//105 
f 1760//105 1761//104 1770//104 1772//97 
f 1774//106 1762//101 1272//101 1293//111 
f 1775//107 1774//106 1293//111 1291//107 
f 1776//111 1764//101 1762//101 1774//106 
f 1777//107 1776//111 1774//106 1775//107 
f 1778//108 1779//109 1289//109 1288//108 
f 1780//110 1781//109 1779//109 1778//108 
f 1779//109 1775//107 1291//107 1289//109 
f 1781//109 1777//107 1775//107 1779//109 
f 1782//350 1783//110 1784//108 1785//109 
f 1786//107 1782//350 1785//109 1787//107 
f 1781//109 1780//110 1783//110 1782//350 
f 1777//107 1781//109 1782//350 1786//107 
f 1767//101 1788//106 1789//106 1768//101 
f 1764//101 1776//111 1788//106 1767//101 
f 1788//106 1786//107 1787//107 1789//106 
f 1776//111 1777//107 1786//107 1788//106 
f 1790//112 1778//108 1288//108 1309//112 
f 1791//113 1790//112 1309//112 1307//113 
f 1792//112 1780//110 1778//108 1790//112 
f 1793//113 1792//112 1790//112 1791//113 
f 1794//114 1795//115 1305//115 1304//114 
f 1796//114 1797//115 1795//115 1794//114 
f 1795//115 1791//113 1307//113 1305//115 
f 1797//115 1793//113 1791//113 1795//115 
f 1798//115 1799//114 1800//114 1801//115 
f 1802//113 1798//115 1801//115 1803//263 
f 1797//115 1796//114 1799//114 1798//115 
f 1793//113 1797//115 1798//115 1802//113 
f 1783//110 1804//112 1805//112 1784//108 
f 1780//110 1792//112 1804//112 1783//110 
f 1804//112 1802//113 1803//263 1805//112 
f 1792//112 1793//113 1802//113 1804//112 
f 1806//116 1794//114 1304//114 1325//116 
f 1807//117 1806//116 1325//116 1323//117 
f 1808//116 1796//114 1794//114 1806//116 
f 1809//117 1808//116 1806//116 1807//117 
f 1810//118 1811//119 1321//119 1320//118 
f 1812//118 1813//119 1811//119 1810//118 
f 1811//119 1807//117 1323//117 1321//119 
f 1813//119 1809//117 1807//117 1811//119 
f 1814//120 1815//264 1816//118 1817//119 
f 1818//117 1814//120 1817//119 1819//117 
f 1813//119 1812//118 1815//264 1814//120 
f 1809//117 1813//119 1814//120 1818//117 
f 1799//114 1820//116 1821//116 1800//114 
f 1796//114 1808//116 1820//116 1799//114 
f 1820//116 1818//117 1819//117 1821//116 
f 1808//116 1809//117 1818//117 1820//116 
f 1822//121 1810//118 1320//118 1341//121 
f 1823//122 1822//121 1341//121 1339//122 
f 1824//121 1812//118 1810//118 1822//121 
f 1825//122 1824//121 1822//121 1823//122 
f 1826//123 1827//124 1337//124 1336//123 
f 1828//125 1829//124 1827//124 1826//123 
f 1827//124 1823//122 1339//122 1337//124 
f 1829//124 1825//122 1823//122 1827//124 
f 1830//124 1831//123 1832//123 1833//124 
f 1834//122 1830//124 1833//124 1835//122 
f 1829//124 1828//125 1831//123 1830//124 
f 1825//122 1829//124 1830//124 1834//122 
f 1815//264 1836//121 1837//121 1816//118 
f 1812//118 1824//121 1836//121 1815//264 
f 1836//121 1834//122 1835//122 1837//121 
f 1824//121 1825//122 1834//122 1836//121 
f 1838//267 1826//123 1336//123 1357//265 
f 1839//266 1838//267 1357//265 1355//127 
f 1840//265 1828//125 1826//123 1838//267 
f 1841//127 1840//265 1838//267 1839//266 
f 1842//128 1843//129 1353//129 1352//128 
f 1844//128 1845//129 1843//129 1842//128 
f 1843//129 1839//266 1355//127 1353//129 
f 1845//129 1841//127 1839//266 1843//129 
f 1846//129 1847//128 1848//128 1849//129 
f 1850//127 1846//129 1849//129 1851//127 
f 1845//129 1844//128 1847//128 1846//129 
f 1841//127 1845//129 1846//129 1850//127 
f 1831//123 1852//126 1853//265 1832//123 
f 1828//125 1840//265 1852//126 1831//123 
f 1852//126 1850//127 1851//127 1853//265 
f 1840//265 1841//127 1850//127 1852//126 
f 1854//131 1842//128 1352//128 1373//131 
f 1855//268 1854//131 1373//131 1371//271 
f 1856//131 1844//128 1842//128 1854//131 
f 1857//268 1856//131 1854//131 1855//268 
f 1858//133 1859//134 1369//134 1368//133 
f 1860//133 1861//134 1859//134 1858//133 
f 1859//134 1855//268 1371//271 1369//134 
f 1861//134 1857//268 1855//268 1859//134 
f 1862//134 1863//133 1864//133 1865//134 
f 1866//132 1862//134 1865//134 1867//132 
f 1861//134 1860//133 1863//133 1862//134 
f 1857//268 1861//134 1862//134 1866//132 
f 1847//128 1868//135 1869//135 1848//128 
f 1844//128 1856//131 1868//135 1847//128 
f 1868//135 1866//132 1867//132 1869//135 
f 1856//131 1857//268 1866//132 1868//135 
f 1870//136 1858//133 1368//133 1389//136 
f 1871//138 1870//136 1389//136 1387//138 
f 1872//136 1860//133 1858//133 1870//136 
f 1873//272 1872//136 1870//136 1871//138 
f 1874//273 1875//140 1385//140 1384//273 
f 1876//421 1877//141 1875//140 1874//273 
f 1875//140 1871//138 1387//138 1385//140 
f 1877//141 1873//272 1871//138 1875//140 
f 1878//140 1879//273 1880//273 1881//141 
f 1882//272 1878//140 1881//141 1883//137 
f 1877//141 1876//421 1879//273 1878//140 
f 1873//272 1877//141 1878//140 1882//272 
f 1863//133 1884//136 1885//136 1864//133 
f 1860//133 1872//136 1884//136 1863//133 
f 1884//136 1882//272 1883//137 1885//136 
f 1872//136 1873//272 1882//272 1884//136 
f 1886//275 1874//273 1384//273 1405//275 
f 1887//143 1886//275 1405//275 1403//143 
f 1888//275 1876//421 1874//273 1886//275 
f 1889//143 1888//275 1886//275 1887//143 
f 1890//144 1891//145 1401//145 1400//144 
f 1892//144 1893//145 1891//145 1890//144 
f 1891//145 1887//143 1403//143 1401//145 
f 1893//145 1889//143 1887//143 1891//145 
f 1894//145 1895//146 1896//146 1897//276 
f 1898//147 1894//145 1897//276 1899//147 
f 1893//145 1892//144 1895//146 1894//145 
f 1889//143 1893//145 1894//145 1898//147 
f 1879//273 1900//422 1901//275 1880//273 
f 1876//421 1888//275 1900//422 1879//273 
f 1900//422 1898//147 1899//147 1901//275 
f 1888//275 1889//143 1898//147 1900//422 
f 1902//148 1890//144 1400//144 1421//148 
f 1903//277 1902//148 1421//148 1419//277 
f 1904//148 1892//144 1890//144 1902//148 
f 1905//277 1904//148 1902//148 1903//277 
f 1906//278 1907//151 1417//151 1416//152 
f 1908//278 1909//151 1907//151 1906//278 
f 1907//151 1903//277 1419//277 1417//151 
f 1909//151 1905//277 1903//277 1907//151 
f 1910//151 1911//278 1912//278 1913//151 
f 1914//149 1910//151 1913//151 1915//277 
f 1909//151 1908//278 1911//278 1910//151 
f 1905//277 1909//151 1910//151 1914//149 
f 1895//146 1916//148 1917//148 1896//146 
f 1892//144 1904//148 1916//148 1895//146 
f 1916//148 1914//149 1915//277 1917//148 
f 1904//148 1905//277 1914//149 1916//148 
f 1918//153 1906//278 1416//152 1437//153 
f 1919//154 1918//153 1437//153 1435//154 
f 1920//279 1908//278 1906//278 1918//153 
f 1921//154 1920//279 1918//153 1919//154 
f 1922//155 1923//156 1433//156 1432//157 
f 1924//354 1925//156 1923//156 1922//155 
f 1923//156 1919//154 1435//154 1433//156 
f 1925//156 1921//154 1919//154 1923//156 
f 1926//423 1927//157 1928//157 1929//156 
f 1930//154 1926//423 1929//156 1931//353 
f 1925//156 1924//354 1927//157 1926//423 
f 1921//154 1925//156 1926//423 1930//154 
f 1911//278 1932//153 1933//279 1912//278 
f 1908//278 1920//279 1932//153 1911//278 
f 1932//153 1930//154 1931//353 1933//279 
f 1920//279 1921//154 1930//154 1932//153 
f 1934//158 1922//155 1432//157 1453//360 
f 1935//358 1934//158 1453//360 1451//359 
f 1936//360 1924//354 1922//155 1934//158 
f 1937//358 1936//360 1934//158 1935//358 
f 1938//356 1939//424 1449//357 1448//356 
f 1940//356 1941//424 1939//424 1938//356 
f 1939//424 1935//358 1451//359 1449//357 
f 1941//424 1937//358 1935//358 1939//424 
f 1942//357 1943//356 1944//356 1945//424 
f 1946//359 1942//357 1945//424 1947//359 
f 1941//424 1940//356 1943//356 1942//357 
f 1937//358 1941//424 1942//357 1946//359 
f 1927//157 1948//360 1949//360 1928//157 
f 1924//354 1936//360 1948//360 1927//157 
f 1948//360 1946//359 1947//359 1949//360 
f 1936//360 1937//358 1946//359 1948//360 
f 1950//361 1938//356 1448//356 1469//361 
f 1951//169 1950//361 1469//361 1467//169 
f 1952//361 1940//356 1938//356 1950//361 
f 1953//169 1952//361 1950//361 1951//169 
f 1954//166 1955//167 1465//167 1464//166 
f 1956//168 1957//283 1955//167 1954//166 
f 1955//167 1951//169 1467//169 1465//167 
f 1957//283 1953//169 1951//169 1955//167 
f 1958//283 1959//168 1960//166 1961//167 
f 1962//169 1958//283 1961//167 1963//169 
f 1957//283 1956//168 1959//168 1958//283 
f 1953//169 1957//283 1958//283 1962//169 
f 1943//356 1964//361 1965//361 1944//356 
f 1940//356 1952//361 1964//361 1943//356 
f 1964//361 1962//169 1963//169 1965//361 
f 1952//361 1953//169 1962//169 1964//361 
f 1966//298 1954//166 1464//166 1485//171 
f 1967//425 1966//298 1485//171 1483//372 
f 1968//174 1956//168 1954//166 1966//298 
f 1969//426 1968//174 1966//298 1967//425 
f 1970//427 1971//428 1481//370 1480//369 
f 1972//429 1973//430 1971//428 1970//427 
f 1971//428 1967//425 1483//372 1481//370 
f 1973//430 1969//426 1967//425 1971//428 
f 1974//431 1975//432 1976//433 1977//434 
f 1978//186 1974//431 1977//434 1979//435 
f 1973//430 1972//429 1975//432 1974//431 
f 1969//426 1973//430 1974//431 1978//186 
f 1959//168 1980//188 1981//188 1960//166 
f 1956//168 1968//174 1980//188 1959//168 
f 1980//188 1978//186 1979//435 1981//188 
f 1968//174 1969//426 1978//186 1980//188 
f 1982//436 1970//427 1480//369 1983//437 
f 1984//438 1982//436 1983//437 1985//439 
f 1986//440 1972//429 1970//427 1982//436 
f 1987//441 1986//440 1982//436 1984//438 
f 1988//201 1989//196 1990//197 1991//201 
f 1992//198 1993//199 1989//196 1988//201 
f 1989//196 1984//438 1985//439 1990//197 
f 1993//199 1987//441 1984//438 1989//196 
f 1994//202 1995//201 1996//195 1997//200 
f 1998//203 1994//202 1997//200 1999//442 
f 1993//199 1992//198 1995//201 1994//202 
f 1987//441 1993//199 1994//202 1998//203 
f 1975//432 2000//443 2001//206 1976//433 
f 1972//429 1986//440 2000//443 1975//432 
f 2000//443 1998//203 1999//442 2001//206 
f 1986//440 1987//441 1998//203 2000//443 
f 2002//207 1988//201 1991//201 2003//207 
f 2004//208 2002//207 2003//207 2005//208 
f 2006//212 1992//198 1988//201 2002//207 
f 2007//208 2006//212 2002//207 2004//208 
f 1527//2 2008//211 2009//209 1528//216 
f 1533//2 2010//211 2008//211 1527//2 
f 2008//211 2004//208 2005//208 2009//209 
f 2010//211 2007//208 2004//208 2008//211 
f 2011//211 1547//2 1550//2 2012//209 
f 2013//208 2011//211 2012//209 2014//208 
f 2010//211 1533//2 1547//2 2011//211 
f 2007//208 2010//211 2011//211 2013//208 
f 1995//201 2015//212 2016//207 1996//195 
f 1992//198 2006//212 2015//212 1995//201 
f 2015//212 2013//208 2014//208 2016//207 
f 2006//212 2007//208 2013//208 2015//212 
s 4
f 2017//444 2018//444 2019//444 2020//444 
f 2021//444 2017//444 2020//444 2022//444 
f 2023//444 2024//444 2018//444 2017//444 
f 2025//444 2023//444 2017//444 2021//444 
f 2026//444 2027//444 2028//444 2029//444 
f 2030//444 2031//444 2027//444 2026//444 
f 2027//444 2021//444 2022//444 2028//444 
f 2031//444 2025//444 2021//444 2027//444 
f 2032//444 2033//444 2034//444 2035//444 
f 2036//444 2032//444 2035//444 2037//444 
f 2031//444 2030//444 2033//444 2032//444 
f 2025//444 2031//444 2032//444 2036//444 
f 2038//444 2039//444 2040//444 2041//444 
f 2024//444 2023//444 2039//444 2038//444 
f 2039//444 2036//444 2037//444 2040//444 
f 2023//444 2025//444 2036//444 2039//444 
s 1024
f 2042//445 2043//445 95//445 94//445 
f 2044//445 2042//445 94//445 89//445 
f 2045//445 2046//445 2043//445 2042//445 
f 2047//445 2045//445 2042//445 2044//445 
f 2048//445 2049//445 87//445 75//445 
f 2050//445 2051//445 2049//445 2048//445 
f 2049//445 2044//445 89//445 87//445 
f 2051//445 2047//445 2044//445 2049//445 
f 2052//445 2053//445 2054//445 2055//445 
f 2045//445 2052//445 2055//445 2046//445 
f 2051//445 2050//445 2053//445 2052//445 
f 2047//445 2051//445 2052//445 2045//445 
f 2056//445 2048//445 75//445 74//445 
f 2057//445 2056//445 74//445 69//445 
f 2058//445 2050//445 2048//445 2056//445 
f 2059//445 2058//445 2056//445 2057//445 
f 2060//445 2061//445 67//445 55//445 
f 2062//445 2063//445 2061//445 2060//445 
f 2061//445 2057//445 69//445 67//445 
f 2063//445 2059//445 2057//445 2061//445 
f 2064//445 2065//445 2066//445 2067//445 
f 2068//445 2064//445 2067//445 2069//445 
f 2063//445 2062//445 2065//445 2064//445 
f 2059//445 2063//445 2064//445 2068//445 
f 2053//445 2070//445 2071//445 2054//445 
f 2050//445 2058//445 2070//445 2053//445 
f 2070//445 2068//445 2069//445 2071//445 
f 2058//445 2059//445 2068//445 2070//445 
f 2072//445 2060//445 55//445 54//445 
f 2073//445 2072//445 54//445 49//445 
f 2074//445 2062//445 2060//445 2072//445 
f 2075//445 2074//445 2072//445 2073//445 
f 2076//445 2077//445 47//445 35//445 
f 2078//445 2079//445 2077//445 2076//445 
f 2077//445 2073//445 49//445 47//445 
f 2079//445 2075//445 2073//445 2077//445 
f 2080//445 2081//445 2082//445 2083//445 
f 2084//445 2080//445 2083//445 2085//445 
f 2079//445 2078//445 2081//445 2080//445 
f 2075//445 2079//445 2080//445 2084//445 
f 2065//445 2086//445 2087//445 2066//445 
f 2062//445 2074//445 2086//445 2065//445 
f 2086//445 2084//445 2085//445 2087//445 
f 2074//445 2075//445 2084//445 2086//445 
f 2088//445 2076//445 35//445 34//445 
f 2089//445 2088//445 34//445 29//445 
f 2090//445 2078//445 2076//445 2088//445 
f 2091//445 2090//445 2088//445 2089//445 
f 2092//445 2093//445 27//445 13//445 
f 2094//445 2095//445 2093//445 2092//445 
f 2093//445 2089//445 29//445 27//445 
f 2095//445 2091//445 2089//445 2093//445 
f 2096//445 2097//445 2098//445 2099//445 
f 2100//445 2096//445 2099//445 2101//445 
f 2095//445 2094//445 2097//445 2096//445 
f 2091//445 2095//445 2096//445 2100//445 
f 2081//445 2102//445 2103//445 2082//445 
f 2078//445 2090//445 2102//445 2081//445 
f 2102//445 2100//445 2101//445 2103//445 
f 2090//445 2091//445 2100//445 2102//445 
f 2104//445 2092//445 13//445 12//445 
f 2105//445 2104//445 12//445 6//445 
f 2106//445 2094//445 2092//445 2104//445 
f 2107//445 2106//445 2104//445 2105//445 
f 2108//445 2109//445 4//445 3//445 
f 2110//445 2111//445 2109//445 2108//445 
f 2109//445 2105//445 6//445 4//445 
f 2111//445 2107//445 2105//445 2109//445 
f 2112//445 2113//445 2114//445 2115//445 
f 2116//445 2112//445 2115//445 2117//445 
f 2111//445 2110//445 2113//445 2112//445 
f 2107//445 2111//445 2112//445 2116//445 
f 2097//445 2118//445 2119//445 2098//445 
f 2094//445 2106//445 2118//445 2097//445 
f 2118//445 2116//445 2117//445 2119//445 
f 2106//445 2107//445 2116//445 2118//445 
f 2120//445 2108//445 3//445 573//445 
f 2121//445 2120//445 573//445 569//445 
f 2122//445 2110//445 2108//445 2120//445 
f 2123//445 2122//445 2120//445 2121//445 
f 2124//445 2125//445 567//445 555//445 
f 2126//445 2127//445 2125//445 2124//445 
f 2125//445 2121//445 569//445 567//445 
f 2127//445 2123//445 2121//445 2125//445 
f 2128//445 2129//445 2130//445 2131//445 
f 2132//445 2128//445 2131//445 2133//445 
f 2127//445 2126//445 2129//445 2128//445 
f 2123//445 2127//445 2128//445 2132//445 
f 2113//445 2134//445 2135//445 2114//445 
f 2110//445 2122//445 2134//445 2113//445 
f 2134//445 2132//445 2133//445 2135//445 
f 2122//445 2123//445 2132//445 2134//445 
f 2136//445 2124//445 555//445 554//445 
f 2137//445 2136//445 554//445 549//445 
f 2138//445 2126//445 2124//445 2136//445 
f 2139//445 2138//445 2136//445 2137//445 
f 2140//445 2141//445 547//445 535//445 
f 2142//445 2143//445 2141//445 2140//445 
f 2141//445 2137//445 549//445 547//445 
f 2143//445 2139//445 2137//445 2141//445 
f 2144//445 2145//445 2146//445 2147//445 
f 2148//445 2144//445 2147//445 2149//445 
f 2143//445 2142//445 2145//445 2144//445 
f 2139//445 2143//445 2144//445 2148//445 
f 2129//445 2150//445 2151//445 2130//445 
f 2126//445 2138//445 2150//445 2129//445 
f 2150//445 2148//445 2149//445 2151//445 
f 2138//445 2139//445 2148//445 2150//445 
s 2048
f 2152//446 2140//447 535//446 2153//446 
f 2154//446 2152//446 2153//446 2155//446 
f 2156//447 2142//446 2140//447 2152//446 
f 2157//447 2156//447 2152//446 2154//446 
f 2158//446 2159//446 2160//447 2161//447 
f 2162//446 2163//447 2159//446 2158//446 
f 2159//446 2154//446 2155//446 2160//447 
f 2163//447 2157//447 2154//446 2159//446 
f 2164//448 2165//448 2166//446 2167//446 
f 2168//448 2164//448 2167//446 2169//446 
f 2163//447 2162//446 2165//448 2164//448 
f 2157//447 2163//447 2164//448 2168//448 
f 2145//448 2170//448 2171//446 2146//446 
f 2142//446 2156//447 2170//448 2145//448 
f 2170//448 2168//448 2169//446 2171//446 
f 2156//447 2157//447 2168//448 2170//448 
s 512
f 2172//449 2173//450 600//451 599//450 
f 2174//452 2172//449 599//450 596//450 
f 2175//453 2176//450 2173//450 2172//449 
f 2177//452 2175//453 2172//449 2174//452 
f 2178//452 2179//450 594//452 593//450 
f 2180//450 2181//450 2179//450 2178//452 
f 2179//450 2174//452 596//450 594//452 
f 2181//450 2177//452 2174//452 2179//450 
f 2182//450 2183//449 1057//449 1056//450 
f 2184//450 2182//450 1056//450 1050//452 
f 2181//450 2180//450 2183//449 2182//450 
f 2177//452 2181//450 2182//450 2184//450 
f 2185//450 2186//450 1048//453 1047//453 
f 2176//450 2175//453 2186//450 2185//450 
f 2186//450 2184//450 1050//452 1048//453 
f 2175//453 2177//452 2184//450 2186//450 
f 2187//451 2178//452 593//450 616//451 
f 2188//454 2187//451 616//451 614//454 
f 2189//451 2180//450 2178//452 2187//451 
f 2190//455 2189//451 2187//451 2188//454 
f 2191//456 2192//457 612//458 611//456 
f 2193//456 2194//458 2192//457 2191//456 
f 2192//457 2188//454 614//454 612//458 
f 2194//458 2190//455 2188//454 2192//457 
f 2195//457 2196//456 1079//456 1078//457 
f 2197//455 2195//457 1078//457 1073//455 
f 2194//458 2193//456 2196//456 2195//457 
f 2190//455 2194//458 2195//457 2197//455 
f 2183//449 2198//451 1071//451 1057//449 
f 2180//450 2189//451 2198//451 2183//449 
f 2198//451 2197//455 1073//455 1071//451 
f 2189//451 2190//455 2197//455 2198//451 
f 2199//459 2191//456 611//456 632//460 
f 2200//461 2199//459 632//460 630//462 
f 2201//463 2193//456 2191//456 2199//459 
f 2202//464 2201//463 2199//459 2200//461 
f 2203//465 2204//466 628//467 627//468 
f 2205//469 2206//470 2204//466 2203//465 
f 2204//466 2200//461 630//462 628//467 
f 2206//470 2202//464 2200//461 2204//466 
f 2207//471 2208//472 1099//473 1098//474 
f 2209//475 2207//471 1098//474 1093//476 
f 2206//470 2205//469 2208//472 2207//471 
f 2202//464 2206//470 2207//471 2209//475 
f 2196//456 2210//477 1091//478 1079//456 
f 2193//456 2201//463 2210//477 2196//456 
f 2210//477 2209//475 1093//476 1091//478 
f 2201//463 2202//464 2209//475 2210//477 
f 2211//479 2203//465 627//468 648//480 
f 2212//481 2211//479 648//480 646//482 
f 2213//483 2205//469 2203//465 2211//479 
f 2214//484 2213//483 2211//479 2212//481 
f 2215//485 2216//486 644//487 643//488 
f 2217//489 2218//490 2216//486 2215//485 
f 2216//486 2212//481 646//482 644//487 
f 2218//490 2214//484 2212//481 2216//486 
f 2219//491 2220//492 1119//493 1118//494 
f 2221//495 2219//491 1118//494 1113//496 
f 2218//490 2217//489 2220//492 2219//491 
f 2214//484 2218//490 2219//491 2221//495 
f 2208//472 2222//497 1111//498 1099//473 
f 2205//469 2213//483 2222//497 2208//472 
f 2222//497 2221//495 1113//496 1111//498 
f 2213//483 2214//484 2221//495 2222//497 
f 2223//499 2215//485 643//488 664//500 
f 2224//501 2223//499 664//500 662//502 
f 2225//503 2217//489 2215//485 2223//499 
f 2226//504 2225//503 2223//499 2224//501 
f 2227//505 2228//506 660//507 659//508 
f 2229//509 2230//510 2228//506 2227//505 
f 2228//506 2224//501 662//502 660//507 
f 2230//510 2226//504 2224//501 2228//506 
f 2231//511 2232//512 1119//493 2220//492 
f 2225//503 2231//511 2220//492 2217//489 
f 2230//510 2229//509 2232//512 2231//511 
f 2226//504 2230//510 2231//511 2225//503 
s 256
f 2233//313 2227//313 659//311 1131//313 
f 2234//313 2233//313 1131//313 1134//313 
f 2235//513 2229//513 2227//313 2233//313 
f 2236//513 2235//513 2233//313 2234//313 
f 2237//313 2238//313 1146//313 1149//311 
f 2239//513 2240//513 2238//313 2237//313 
f 2238//313 2234//313 1134//313 1146//313 
f 2240//513 2236//513 2234//313 2238//313 
f 2241//312 2242//312 1124//316 1123//316 
f 2243//312 2241//312 1123//316 1120//319 
f 2240//513 2239//513 2242//312 2241//312 
f 2236//513 2240//513 2241//312 2243//312 
f 2232//312 2244//312 1116//316 1119//319 
f 2229//513 2235//513 2244//312 2232//312 
f 2244//312 2243//312 1120//319 1116//316 
f 2235//513 2236//513 2243//312 2244//312 
s 1024
f 2245//514 2237//515 1149//516 1619//517 
f 2246//518 2245//514 1619//517 1614//519 
f 2247//520 2239//521 2237//515 2245//514 
f 2248//522 2247//520 2245//514 2246//518 
f 2249//523 2250//524 1612//525 1600//526 
f 2251//527 2252//528 2250//524 2249//523 
f 2250//524 2246//518 1614//519 1612//525 
f 2252//528 2248//522 2246//518 2250//524 
f 2253//529 2254//530 1124//531 2242//532 
f 2247//520 2253//529 2242//532 2239//521 
f 2252//528 2251//527 2254//530 2253//529 
f 2248//522 2252//528 2253//529 2247//520 
f 2255//533 2249//523 1600//526 1599//534 
f 2256//535 2255//533 1599//534 1594//536 
f 2257//537 2251//527 2249//523 2255//533 
f 2258//538 2257//537 2255//533 2256//535 
f 2259//539 2260//540 1592//541 1580//542 
f 2261//543 2262//544 2260//540 2259//539 
f 2260//540 2256//535 1594//536 1592//541 
f 2262//544 2258//538 2256//535 2260//540 
f 2263//545 2264//546 1104//547 1129//548 
f 2265//549 2263//545 1129//548 1127//550 
f 2262//544 2261//543 2264//546 2263//545 
f 2258//538 2262//544 2263//545 2265//549 
f 2254//530 2266//551 1125//552 1124//531 
f 2251//527 2257//537 2266//551 2254//530 
f 2266//551 2265//549 1127//550 1125//552 
f 2257//537 2258//538 2265//549 2266//551 
f 2267//553 2259//539 1580//542 1579//554 
f 2268//555 2267//553 1579//554 1574//556 
f 2269//557 2261//543 2259//539 2267//553 
f 2270//558 2269//557 2267//553 2268//555 
f 2271//559 2272//560 1572//561 1560//562 
f 2273//563 2274//564 2272//560 2271//559 
f 2272//560 2268//555 1574//556 1572//561 
f 2274//564 2270//558 2268//555 2272//560 
f 2275//565 2276//563 1084//563 1109//566 
f 2277//567 2275//565 1109//566 1107//568 
f 2274//564 2273//563 2276//563 2275//565 
f 2270//558 2274//564 2275//565 2277//567 
f 2264//546 2278//569 1105//570 1104//547 
f 2261//543 2269//557 2278//569 2264//546 
f 2278//569 2277//567 1107//568 1105//570 
f 2269//557 2270//558 2277//567 2278//569 
f 2279//571 2271//559 1560//562 1559//571 
f 2280//572 2279//571 1559//571 1554//572 
f 2281//571 2273//563 2271//559 2279//571 
f 2282//573 2281//571 2279//571 2280//572 
f 2283//574 2284//575 1552//576 1538//576 
f 2285//577 2286//578 2284//575 2283//574 
f 2284//575 2280//572 1554//572 1552//576 
f 2286//578 2282//573 2280//572 2284//575 
f 2287//575 2288//577 1062//577 1089//575 
f 2289//573 2287//575 1089//575 1087//573 
f 2286//578 2285//577 2288//577 2287//575 
f 2282//573 2286//578 2287//575 2289//573 
f 2276//563 2290//571 1085//579 1084//563 
f 2273//563 2281//571 2290//571 2276//563 
f 2290//571 2289//573 1087//573 1085//579 
f 2281//571 2282//573 2289//573 2290//571 
f 2291//576 2283//574 1538//576 1537//576 
f 2292//576 2291//576 1537//576 1531//576 
f 2293//576 2285//577 2283//574 2291//576 
f 2294//576 2293//576 2291//576 2292//576 
f 2295//574 2296//574 1529//576 1528//576 
f 2297//576 2298//580 2296//574 2295//574 
f 2296//574 2292//576 1531//576 1529//576 
f 2298//580 2294//576 2292//576 2296//574 
f 2299//574 2300//577 1069//574 1068//576 
f 2301//580 2299//574 1068//576 1065//576 
f 2298//580 2297//576 2300//577 2299//574 
f 2294//576 2298//580 2299//574 2301//580 
f 2288//577 2302//580 1063//576 1062//577 
f 2285//577 2293//576 2302//580 2288//577 
f 2302//580 2301//580 1065//576 1063//576 
f 2293//576 2294//576 2301//580 2302//580 
f 2303//575 2295//574 1528//576 2009//581 
f 2304//582 2303//575 2009//581 2005//583 
f 2305//581 2297//576 2295//574 2303//575 
f 2306//582 2305//581 2303//575 2304//582 
f 2307//584 2308//585 2003//585 1991//586 
f 2309//584 2310//585 2308//585 2307//584 
f 2308//585 2304//582 2005//583 2003//585 
f 2310//585 2306//582 2304//582 2308//585 
f 2311//585 2312//584 1503//584 1525//587 
f 2313//588 2311//585 1525//587 1523//589 
f 2310//585 2309//584 2312//584 2311//585 
f 2306//582 2310//585 2311//585 2313//588 
f 2300//577 2314//578 1521//575 1069//574 
f 2297//576 2305//581 2314//578 2300//577 
f 2314//578 2313//588 1523//589 1521//575 
f 2305//581 2306//582 2313//588 2314//578 
f 2315//590 2307//584 1991//586 1990//590 
f 2316//591 2315//590 1990//590 1985//592 
f 2317//593 2309//584 2307//584 2315//590 
f 2318//591 2317//593 2315//590 2316//591 
f 2319//594 2320//595 1983//596 1480//594 
f 2321//597 2322//595 2320//595 2319//594 
f 2320//595 2316//591 1985//592 1983//596 
f 2322//595 2318//591 2316//591 2320//595 
f 2323//598 2324//597 1510//597 1509//595 
f 2325//591 2323//598 1509//595 1506//591 
f 2322//595 2321//597 2324//597 2323//598 
f 2318//591 2322//595 2323//598 2325//591 
f 2312//584 2326//590 1504//590 1503//584 
f 2309//584 2317//593 2326//590 2312//584 
f 2326//590 2325//591 1506//591 1504//590 
f 2317//593 2318//591 2325//591 2326//590 
s 2048
f 2327//447 2319//446 1480//447 1479//447 
f 2328//447 2327//447 1479//447 1476//447 
f 2329//446 2321//446 2319//446 2327//447 
f 2330//446 2329//446 2327//447 2328//447 
f 2331//447 2332//446 1474//447 1011//447 
f 2333//447 2334//446 2332//446 2331//447 
f 2332//446 2328//447 1476//447 1474//447 
f 2334//446 2330//446 2328//447 2332//446 
f 2335//446 2336//448 1488//447 1487//446 
f 2337//446 2335//446 1487//446 1493//448 
f 2334//446 2333//447 2336//448 2335//446 
f 2330//446 2334//446 2335//446 2337//446 
f 2324//446 2338//446 1507//446 1510//446 
f 2321//446 2329//446 2338//446 2324//446 
f 2338//446 2337//446 1493//448 1507//446 
f 2329//446 2330//446 2337//446 2338//446 
s 512
f 2339//599 2331//599 1011//600 1032//601 
f 2340//602 2339//599 1032//601 1030//602 
f 2341//603 2333//604 2331//599 2339//599 
f 2342//605 2341//603 2339//599 2340//602 
f 2343//606 2344//607 1028//607 1027//608 
f 2345//608 2346//607 2344//607 2343//606 
f 2344//607 2340//602 1030//602 1028//607 
f 2346//607 2342//605 2340//602 2344//607 
f 2347//607 2348//608 1498//609 1497//607 
f 2349//605 2347//607 1497//607 1491//605 
f 2346//607 2345//608 2348//608 2347//607 
f 2342//605 2346//607 2347//607 2349//605 
f 2336//599 2350//599 1489//603 1488//604 
f 2333//604 2341//603 2350//599 2336//599 
f 2350//599 2349//605 1491//605 1489//603 
f 2341//603 2342//605 2349//605 2350//599 
f 2351//610 2343//606 1027//608 1044//611 
f 2352//454 2351//610 1044//611 1042//612 
f 2353//610 2345//608 2343//606 2351//610 
f 2354//612 2353//610 2351//610 2352//454 
f 2173//450 2355//613 1040//613 600//451 
f 2176//450 2356//613 2355//613 2173//450 
f 2355//613 2352//454 1042//612 1040//613 
f 2356//613 2354//612 2352//454 2355//613 
f 2357//613 2185//450 1047//453 1518//451 
f 2358//614 2357//613 1518//451 1514//615 
f 2356//613 2176//450 2185//450 2357//613 
f 2354//612 2356//613 2357//613 2358//614 
f 2348//608 2359//610 1512//610 1498//609 
f 2345//608 2353//610 2359//610 2348//608 
f 2359//610 2358//614 1514//615 1512//610 
f 2353//610 2354//612 2358//614 2359//610 
s 2
f 2360//616 2361//617 1550//618 1549//619 
f 2362//620 2360//616 1549//619 1546//621 
f 2363//622 2364//618 2361//617 2360//616 
f 2365//623 2363//622 2360//616 2362//620 
f 2366//624 2367//625 1544//626 1543//627 
f 2368//628 2369//626 2367//625 2366//624 
f 2367//625 2362//620 1546//621 1544//626 
f 2369//626 2365//623 2362//620 2367//625 
f 2370//626 2371//628 2372//624 2373//626 
f 2374//623 2370//626 2373//626 2375//629 
f 2369//626 2368//628 2371//628 2370//626 
f 2365//623 2369//626 2370//626 2374//623 
f 2376//618 2377//619 2378//619 2379//630 
f 2364//618 2363//622 2377//619 2376//618 
f 2377//619 2374//623 2375//629 2378//619 
f 2363//622 2365//623 2374//623 2377//619 
f 2380//631 2366//624 1543//627 1570//632 
f 2381//633 2380//631 1570//632 1568//634 
f 2382//635 2368//628 2366//624 2380//631 
f 2383//636 2382//635 2380//631 2381//633 
f 2384//637 2385//638 1566//639 1565//640 
f 2386//641 2387//642 2385//638 2384//637 
f 2385//638 2381//633 1568//634 1566//639 
f 2387//642 2383//636 2381//633 2385//638 
f 2388//642 2389//643 2390//644 2391//645 
f 2392//636 2388//642 2391//645 2393//636 
f 2387//642 2386//641 2389//643 2388//642 
f 2383//636 2387//642 2388//642 2392//636 
f 2371//628 2394//632 2395//632 2372//624 
f 2368//628 2382//635 2394//632 2371//628 
f 2394//632 2392//636 2393//636 2395//632 
f 2382//635 2383//636 2392//636 2394//632 
f 2396//646 2384//637 1565//640 1590//647 
f 2397//648 2396//646 1590//647 1588//649 
f 2398//650 2386//641 2384//637 2396//646 
f 2399//651 2398//650 2396//646 2397//648 
f 2400//652 2401//653 1586//654 1585//655 
f 2402//656 2403//657 2401//653 2400//652 
f 2401//653 2397//648 1588//649 1586//654 
f 2403//657 2399//651 2397//648 2401//653 
f 2404//658 2405//659 2406//660 2407//661 
f 2408//662 2404//658 2407//661 2409//663 
f 2403//657 2402//656 2405//659 2404//658 
f 2399//651 2403//657 2404//658 2408//662 
f 2389//643 2410//664 2411//665 2390//644 
f 2386//641 2398//650 2410//664 2389//643 
f 2410//664 2408//662 2409//663 2411//665 
f 2398//650 2399//651 2408//662 2410//664 
f 2412//666 2400//652 1585//655 1610//667 
f 2413//668 2412//666 1610//667 1608//669 
f 2414//670 2402//656 2400//652 2412//666 
f 2415//671 2414//670 2412//666 2413//668 
f 2416//672 2417//673 1606//673 1605//674 
f 2418//675 2419//676 2417//673 2416//672 
f 2417//673 2413//668 1608//669 1606//673 
f 2419//676 2415//671 2413//668 2417//673 
f 2420//677 2421//678 2422//679 2423//680 
f 2424//681 2420//677 2423//680 2425//681 
f 2419//676 2418//675 2421//678 2420//677 
f 2415//671 2419//676 2420//677 2424//681 
f 2405//659 2426//682 2427//683 2406//660 
f 2402//656 2414//670 2426//682 2405//659 
f 2426//682 2424//681 2425//681 2427//683 
f 2414//670 2415//671 2424//681 2426//682 
f 2428//684 2416//672 1605//674 1629//685 
f 2429//686 2428//684 1629//685 1627//687 
f 2430//684 2418//675 2416//672 2428//684 
f 2431//688 2430//684 2428//684 2429//686 
f 2432//689 2433//690 1625//691 1624//692 
f 2434//693 2435//694 2433//690 2432//689 
f 2433//690 2429//686 1627//687 1625//691 
f 2435//694 2431//688 2429//686 2433//690 
f 2436//695 2437//696 2438//697 2439//698 
f 2440//699 2436//695 2439//698 2441//688 
f 2435//694 2434//693 2437//696 2436//695 
f 2431//688 2435//694 2436//695 2440//699 
f 2421//678 2442//684 2443//700 2422//679 
f 2418//675 2430//684 2442//684 2421//678 
f 2442//684 2440//699 2441//688 2443//700 
f 2430//684 2431//688 2440//699 2442//684 
f 2444//701 2432//689 1624//692 1645//702 
f 2445//703 2444//701 1645//702 1643//704 
f 2446//705 2434//693 2432//689 2444//701 
f 2447//706 2446//705 2444//701 2445//703 
f 2448//707 2449//708 1641//709 1640//710 
f 2450//711 2451//712 2449//708 2448//707 
f 2449//708 2445//703 1643//704 1641//709 
f 2451//712 2447//706 2445//703 2449//708 
f 2452//713 2453//714 2454//715 2455//716 
f 2456//717 2452//713 2455//716 2457//718 
f 2451//712 2450//711 2453//714 2452//713 
f 2447//706 2451//712 2452//713 2456//717 
f 2437//696 2458//719 2459//720 2438//697 
f 2434//693 2446//705 2458//719 2437//696 
f 2458//719 2456//717 2457//718 2459//720 
f 2446//705 2447//706 2456//717 2458//719 
f 2460//721 2448//707 1640//710 1661//722 
f 2461//723 2460//721 1661//722 1659//724 
f 2462//725 2450//711 2448//707 2460//721 
f 2463//723 2462//725 2460//721 2461//723 
f 2464//726 2465//727 1657//728 1656//729 
f 2466//730 2467//731 2465//727 2464//726 
f 2465//727 2461//723 1659//724 1657//728 
f 2467//731 2463//723 2461//723 2465//727 
f 2468//732 2469//733 2470//734 2471//735 
f 2472//736 2468//732 2471//735 2473//723 
f 2467//731 2466//730 2469//733 2468//732 
f 2463//723 2467//731 2468//732 2472//736 
f 2453//714 2474//737 2475//738 2454//715 
f 2450//711 2462//725 2474//737 2453//714 
f 2474//737 2472//736 2473//723 2475//738 
f 2462//725 2463//723 2472//736 2474//737 
f 2476//739 2464//726 1656//729 1677//740 
f 2477//741 2476//739 1677//740 1675//742 
f 2478//743 2466//730 2464//726 2476//739 
f 2479//744 2478//743 2476//739 2477//741 
f 2480//745 2481//746 1673//747 1672//748 
f 2482//745 2483//746 2481//746 2480//745 
f 2481//746 2477//741 1675//742 1673//747 
f 2483//746 2479//744 2477//741 2481//746 
f 2484//749 2485//745 2486//750 2487//749 
f 2488//751 2484//749 2487//749 2489//752 
f 2483//746 2482//745 2485//745 2484//749 
f 2479//744 2483//746 2484//749 2488//751 
f 2469//733 2490//753 2491//754 2470//734 
f 2466//730 2478//743 2490//753 2469//733 
f 2490//753 2488//751 2489//752 2491//754 
f 2478//743 2479//744 2488//751 2490//753 
f 2492//755 2480//745 1672//748 1693//756 
f 2493//757 2492//755 1693//756 1691//758 
f 2494//759 2482//745 2480//745 2492//755 
f 2495//757 2494//759 2492//755 2493//757 
f 2496//760 2497//761 1689//762 1688//763 
f 2498//764 2499//765 2497//761 2496//760 
f 2497//761 2493//757 1691//758 1689//762 
f 2499//765 2495//757 2493//757 2497//761 
f 2500//766 2501//767 2502//768 2503//769 
f 2504//770 2500//766 2503//769 2505//770 
f 2499//765 2498//764 2501//767 2500//766 
f 2495//757 2499//765 2500//766 2504//770 
f 2485//745 2506//755 2507//755 2486//750 
f 2482//745 2494//759 2506//755 2485//745 
f 2506//755 2504//770 2505//770 2507//755 
f 2494//759 2495//757 2504//770 2506//755 
f 2508//771 2496//760 1688//763 1709//772 
f 2509//773 2508//771 1709//772 1707//774 
f 2510//775 2498//764 2496//760 2508//771 
f 2511//776 2510//775 2508//771 2509//773 
f 2512//777 2513//778 1705//779 1704//780 
f 2514//781 2515//782 2513//778 2512//777 
f 2513//778 2509//773 1707//774 1705//779 
f 2515//782 2511//776 2509//773 2513//778 
f 2516//783 2517//784 2518//785 2519//786 
f 2520//787 2516//783 2519//786 2521//788 
f 2515//782 2514//781 2517//784 2516//783 
f 2511//776 2515//782 2516//783 2520//787 
f 2501//767 2522//789 2523//790 2502//768 
f 2498//764 2510//775 2522//789 2501//767 
f 2522//789 2520//787 2521//788 2523//790 
f 2510//775 2511//776 2520//787 2522//789 
f 2524//791 2512//777 1704//780 1725//792 
f 2525//793 2524//791 1725//792 1723//793 
f 2526//794 2514//781 2512//777 2524//791 
f 2527//795 2526//794 2524//791 2525//793 
f 2528//796 2529//797 1721//798 1720//799 
f 2530//800 2531//801 2529//797 2528//796 
f 2529//797 2525//793 1723//793 1721//798 
f 2531//801 2527//795 2525//793 2529//797 
f 2532//797 2533//800 2034//802 2534//803 
f 2535//795 2532//797 2534//803 2536//804 
f 2531//801 2530//800 2533//800 2532//797 
f 2527//795 2531//801 2532//797 2535//795 
f 2517//784 2537//805 2538//806 2518//785 
f 2514//781 2526//794 2537//805 2517//784 
f 2537//805 2535//795 2536//804 2538//806 
f 2526//794 2527//795 2535//795 2537//805 
f 2539//807 2528//796 1720//799 1741//808 
f 2540//809 2539//807 1741//808 1739//809 
f 2541//807 2530//800 2528//796 2539//807 
f 2542//809 2541//807 2539//807 2540//809 
f 2543//810 2544//811 1737//812 1736//813 
f 2545//814 2546//815 2544//811 2543//810 
f 2544//811 2540//809 1739//809 1737//812 
f 2546//815 2542//809 2540//809 2544//811 
f 2547//816 2548//813 2041//817 2040//816 
f 2549//818 2547//816 2040//816 2037//818 
f 2546//815 2545//814 2548//813 2547//816 
f 2542//809 2546//815 2547//816 2549//818 
f 2533//800 2550//819 2035//820 2034//802 
f 2530//800 2541//807 2550//819 2533//800 
f 2550//819 2549//818 2037//818 2035//820 
f 2541//807 2542//809 2549//818 2550//819 
f 2551//821 2543//810 1736//813 1757//822 
f 2552//823 2551//821 1757//822 1755//824 
f 2553//821 2545//814 2543//810 2551//821 
f 2554//825 2553//821 2551//821 2552//823 
f 2555//826 2556//827 1753//828 1752//829 
f 2557//830 2558//831 2556//827 2555//826 
f 2556//827 2552//823 1755//824 1753//828 
f 2558//831 2554//825 2552//823 2556//827 
f 2559//832 2560//833 2561//834 2562//835 
f 2563//836 2559//832 2562//835 2564//837 
f 2558//831 2557//830 2560//833 2559//832 
f 2554//825 2558//831 2559//832 2563//836 
f 2548//813 2565//838 2566//838 2041//817 
f 2545//814 2553//821 2565//838 2548//813 
f 2565//838 2563//836 2564//837 2566//838 
f 2553//821 2554//825 2563//836 2565//838 
f 2567//839 2555//826 1752//829 1773//839 
f 2568//840 2567//839 1773//839 1771//841 
f 2569//842 2557//830 2555//826 2567//839 
f 2570//843 2569//842 2567//839 2568//840 
f 2571//844 2572//845 1769//846 1768//847 
f 2573//848 2574//849 2572//845 2571//844 
f 2572//845 2568//840 1771//841 1769//846 
f 2574//849 2570//843 2568//840 2572//845 
f 2575//850 2576//851 2577//852 2578//853 
f 2579//843 2575//850 2578//853 2580//854 
f 2574//849 2573//848 2576//851 2575//850 
f 2570//843 2574//849 2575//850 2579//843 
f 2560//833 2581//855 2582//856 2561//834 
f 2557//830 2569//842 2581//855 2560//833 
f 2581//855 2579//843 2580//854 2582//856 
f 2569//842 2570//843 2579//843 2581//855 
f 2583//857 2571//844 1768//847 1789//858 
f 2584//859 2583//857 1789//858 1787//860 
f 2585//861 2573//848 2571//844 2583//857 
f 2586//862 2585//861 2583//857 2584//859 
f 2587//863 2588//864 1785//865 1784//866 
f 2589//867 2590//868 2588//864 2587//863 
f 2588//864 2584//859 1787//860 1785//865 
f 2590//868 2586//862 2584//859 2588//864 
f 2591//869 2592//870 2019//871 2593//872 
f 2594//873 2591//869 2593//872 2595//874 
f 2590//868 2589//867 2592//870 2591//869 
f 2586//862 2590//868 2591//869 2594//873 
f 2576//851 2596//875 2597//876 2577//852 
f 2573//848 2585//861 2596//875 2576//851 
f 2596//875 2594//873 2595//874 2597//876 
f 2585//861 2586//862 2594//873 2596//875 
f 2598//877 2587//863 1784//866 1805//878 
f 2599//879 2598//877 1805//878 1803//880 
f 2600//881 2589//867 2587//863 2598//877 
f 2601//879 2600//881 2598//877 2599//879 
f 2602//882 2603//883 1801//884 1800//885 
f 2604//886 2605//887 2603//883 2602//882 
f 2603//883 2599//879 1803//880 1801//884 
f 2605//887 2601//879 2599//879 2603//883 
f 2606//888 2607//889 2029//890 2028//891 
f 2608//892 2606//888 2028//891 2022//893 
f 2605//887 2604//886 2607//889 2606//888 
f 2601//879 2605//887 2606//888 2608//892 
f 2592//870 2609//894 2020//895 2019//871 
f 2589//867 2600//881 2609//894 2592//870 
f 2609//894 2608//892 2022//893 2020//895 
f 2600//881 2601//879 2608//892 2609//894 
f 2610//896 2602//882 1800//885 1821//897 
f 2611//898 2610//896 1821//897 1819//899 
f 2612//900 2604//886 2602//882 2610//896 
f 2613//901 2612//900 2610//896 2611//898 
f 2614//902 2615//903 1817//904 1816//905 
f 2616//906 2617//907 2615//903 2614//902 
f 2615//903 2611//898 1819//899 1817//904 
f 2617//907 2613//901 2611//898 2615//903 
f 2618//908 2619//909 2620//910 2621//911 
f 2622//912 2618//908 2621//911 2623//913 
f 2617//907 2616//906 2619//909 2618//908 
f 2613//901 2617//907 2618//908 2622//912 
f 2607//889 2624//914 2625//915 2029//890 
f 2604//886 2612//900 2624//914 2607//889 
f 2624//914 2622//912 2623//913 2625//915 
f 2612//900 2613//901 2622//912 2624//914 
f 2626//916 2614//902 1816//905 1837//917 
f 2627//918 2626//916 1837//917 1835//919 
f 2628//920 2616//906 2614//902 2626//916 
f 2629//921 2628//920 2626//916 2627//918 
f 2630//922 2631//923 1833//923 1832//924 
f 2632//925 2633//926 2631//923 2630//922 
f 2631//923 2627//918 1835//919 1833//923 
f 2633//926 2629//921 2627//918 2631//923 
f 2634//927 2635//928 2636//929 2637//930 
f 2638//931 2634//927 2637//930 2639//932 
f 2633//926 2632//925 2635//928 2634//927 
f 2629//921 2633//926 2634//927 2638//931 
f 2619//909 2640//933 2641//934 2620//910 
f 2616//906 2628//920 2640//933 2619//909 
f 2640//933 2638//931 2639//932 2641//934 
f 2628//920 2629//921 2638//931 2640//933 
f 2642//935 2630//922 1832//924 1853//936 
f 2643//937 2642//935 1853//936 1851//938 
f 2644//939 2632//925 2630//922 2642//935 
f 2645//940 2644//939 2642//935 2643//937 
f 2646//941 2647//942 1849//943 1848//944 
f 2648//945 2649//946 2647//942 2646//941 
f 2647//942 2643//937 1851//938 1849//943 
f 2649//946 2645//940 2643//937 2647//942 
f 2650//947 2651//948 2652//949 2653//950 
f 2654//951 2650//947 2653//950 2655//952 
f 2649//946 2648//945 2651//948 2650//947 
f 2645//940 2649//946 2650//947 2654//951 
f 2635//928 2656//953 2657//954 2636//929 
f 2632//925 2644//939 2656//953 2635//928 
f 2656//953 2654//951 2655//952 2657//954 
f 2644//939 2645//940 2654//951 2656//953 
f 2658//955 2646//941 1848//944 1869//956 
f 2659//957 2658//955 1869//956 1867//958 
f 2660//959 2648//945 2646//941 2658//955 
f 2661//960 2660//959 2658//955 2659//957 
f 2662//961 2663//962 1865//963 1864//964 
f 2664//965 2665//966 2663//962 2662//961 
f 2663//962 2659//957 1867//958 1865//963 
f 2665//966 2661//960 2659//957 2663//962 
f 2666//967 2667//968 2668//969 2669//970 
f 2670//971 2666//967 2669//970 2671//972 
f 2665//966 2664//965 2667//968 2666//967 
f 2661//960 2665//966 2666//967 2670//971 
f 2651//948 2672//973 2673//974 2652//949 
f 2648//945 2660//959 2672//973 2651//948 
f 2672//973 2670//971 2671//972 2673//974 
f 2660//959 2661//960 2670//971 2672//973 
f 2674//975 2662//961 1864//964 1885//976 
f 2675//977 2674//975 1885//976 1883//978 
f 2676//979 2664//965 2662//961 2674//975 
f 2677//980 2676//979 2674//975 2675//977 
f 2678//981 2679//982 1881//983 1880//984 
f 2680//985 2681//986 2679//982 2678//981 
f 2679//982 2675//977 1883//978 1881//983 
f 2681//986 2677//980 2675//977 2679//982 
f 2682//987 2683//988 2684//989 2685//990 
f 2686//991 2682//987 2685//990 2687//992 
f 2681//986 2680//985 2683//988 2682//987 
f 2677//980 2681//986 2682//987 2686//991 
f 2667//968 2688//993 2689//994 2668//969 
f 2664//965 2676//979 2688//993 2667//968 
f 2688//993 2686//991 2687//992 2689//994 
f 2676//979 2677//980 2686//991 2688//993 
f 2690//995 2678//981 1880//984 1901//996 
f 2691//997 2690//995 1901//996 1899//998 
f 2692//999 2680//985 2678//981 2690//995 
f 2693//1000 2692//999 2690//995 2691//997 
f 2694//1001 2695//1002 1897//1003 1896//1004 
f 2696//1005 2697//1006 2695//1002 2694//1001 
f 2695//1002 2691//997 1899//998 1897//1003 
f 2697//1006 2693//1000 2691//997 2695//1002 
f 2698//1007 2699//1008 2700//1005 2701//1009 
f 2702//1010 2698//1007 2701//1009 2703//1011 
f 2697//1006 2696//1005 2699//1008 2698//1007 
f 2693//1000 2697//1006 2698//1007 2702//1010 
f 2683//988 2704//1012 2705//1013 2684//989 
f 2680//985 2692//999 2704//1012 2683//988 
f 2704//1012 2702//1010 2703//1011 2705//1013 
f 2692//999 2693//1000 2702//1010 2704//1012 
f 2706//1014 2694//1001 1896//1004 1917//1015 
f 2707//1016 2706//1014 1917//1015 1915//1017 
f 2708//1018 2696//1005 2694//1001 2706//1014 
f 2709//1019 2708//1018 2706//1014 2707//1016 
f 2710//1020 2711//1021 1913//1022 1912//1023 
f 2712//1024 2713//1025 2711//1021 2710//1020 
f 2711//1021 2707//1016 1915//1017 1913//1022 
f 2713//1025 2709//1019 2707//1016 2711//1021 
f 2714//1026 2715//1027 2716//1028 2717//1029 
f 2718//1030 2714//1026 2717//1029 2719//1031 
f 2713//1025 2712//1024 2715//1027 2714//1026 
f 2709//1019 2713//1025 2714//1026 2718//1030 
f 2699//1008 2720//1032 2721//1033 2700//1005 
f 2696//1005 2708//1018 2720//1032 2699//1008 
f 2720//1032 2718//1030 2719//1031 2721//1033 
f 2708//1018 2709//1019 2718//1030 2720//1032 
f 2722//1034 2710//1020 1912//1023 1933//1035 
f 2723//1036 2722//1034 1933//1035 1931//1037 
f 2724//1038 2712//1024 2710//1020 2722//1034 
f 2725//1039 2724//1038 2722//1034 2723//1036 
f 2726//1040 2727//1041 1929//1042 1928//1043 
f 2728//1044 2729//1045 2727//1041 2726//1040 
f 2727//1041 2723//1036 1931//1037 1929//1042 
f 2729//1045 2725//1039 2723//1036 2727//1041 
f 2730//1046 2731//1047 2732//1048 2733//1049 
f 2734//1050 2730//1046 2733//1049 2735//1051 
f 2729//1045 2728//1044 2731//1047 2730//1046 
f 2725//1039 2729//1045 2730//1046 2734//1050 
f 2715//1027 2736//1052 2737//1053 2716//1028 
f 2712//1024 2724//1038 2736//1052 2715//1027 
f 2736//1052 2734//1050 2735//1051 2737//1053 
f 2724//1038 2725//1039 2734//1050 2736//1052 
f 2738//1054 2726//1040 1928//1043 1949//1055 
f 2739//1056 2738//1054 1949//1055 1947//1057 
f 2740//1058 2728//1044 2726//1040 2738//1054 
f 2741//1059 2740//1058 2738//1054 2739//1056 
f 2742//1060 2743//1061 1945//1062 1944//1063 
f 2744//1064 2745//1065 2743//1061 2742//1060 
f 2743//1061 2739//1056 1947//1057 1945//1062 
f 2745//1065 2741//1059 2739//1056 2743//1061 
f 2746//1066 2747//1067 2748//1068 2749//1069 
f 2750//1070 2746//1066 2749//1069 2751//1071 
f 2745//1065 2744//1064 2747//1067 2746//1066 
f 2741//1059 2745//1065 2746//1066 2750//1070 
f 2731//1047 2752//1072 2753//1073 2732//1048 
f 2728//1044 2740//1058 2752//1072 2731//1047 
f 2752//1072 2750//1070 2751//1071 2753//1073 
f 2740//1058 2741//1059 2750//1070 2752//1072 
f 2754//1074 2742//1060 1944//1063 1965//1075 
f 2755//1076 2754//1074 1965//1075 1963//1077 
f 2756//1078 2744//1064 2742//1060 2754//1074 
f 2757//1079 2756//1078 2754//1074 2755//1076 
f 2758//1080 2759//1081 1961//1082 1960//1083 
f 2760//1084 2761//1085 2759//1081 2758//1080 
f 2759//1081 2755//1076 1963//1077 1961//1082 
f 2761//1085 2757//1079 2755//1076 2759//1081 
f 2762//1086 2763//1087 2764//1088 2765//1089 
f 2766//1090 2762//1086 2765//1089 2767//1091 
f 2761//1085 2760//1084 2763//1087 2762//1086 
f 2757//1079 2761//1085 2762//1086 2766//1090 
f 2747//1067 2768//1092 2769//1093 2748//1068 
f 2744//1064 2756//1078 2768//1092 2747//1067 
f 2768//1092 2766//1090 2767//1091 2769//1093 
f 2756//1078 2757//1079 2766//1090 2768//1092 
f 2770//1094 2758//1080 1960//1083 1981//1095 
f 2771//1096 2770//1094 1981//1095 1979//1097 
f 2772//1098 2760//1084 2758//1080 2770//1094 
f 2773//1096 2772//1098 2770//1094 2771//1096 
f 2774//1099 2775//1100 1977//1101 1976//1102 
f 2776//1103 2777//1104 2775//1100 2774//1099 
f 2775//1100 2771//1096 1979//1097 1977//1101 
f 2777//1104 2773//1096 2771//1096 2775//1100 
f 2778//1105 2779//1106 2780//1107 2781//1108 
f 2782//1109 2778//1105 2781//1108 2783//1110 
f 2777//1104 2776//1103 2779//1106 2778//1105 
f 2773//1096 2777//1104 2778//1105 2782//1109 
f 2763//1087 2784//1111 2785//1112 2764//1088 
f 2760//1084 2772//1098 2784//1111 2763//1087 
f 2784//1111 2782//1109 2783//1110 2785//1112 
f 2772//1098 2773//1096 2782//1109 2784//1111 
f 2786//1113 2774//1099 1976//1102 2001//1113 
f 2787//1114 2786//1113 2001//1113 1999//1115 
f 2788//1113 2776//1103 2774//1099 2786//1113 
f 2789//1114 2788//1113 2786//1113 2787//1114 
f 2790//1116 2791//1117 1997//1118 1996//1119 
f 2792//1119 2793//1118 2791//1117 2790//1116 
f 2791//1117 2787//1114 1999//1115 1997//1118 
f 2793//1118 2789//1114 2787//1114 2791//1117 
f 2794//1118 2795//1120 2796//1121 2797//1118 
f 2798//1122 2794//1118 2797//1118 2799//1122 
f 2793//1118 2792//1119 2795//1120 2794//1118 
f 2789//1114 2793//1118 2794//1118 2798//1122 
f 2779//1106 2800//1123 2801//1123 2780//1107 
f 2776//1103 2788//1113 2800//1123 2779//1106 
f 2800//1123 2798//1122 2799//1122 2801//1123 
f 2788//1113 2789//1114 2798//1122 2800//1123 
f 2802//1124 2790//1116 1996//1119 2016//1124 
f 2803//1125 2802//1124 2016//1124 2014//1126 
f 2804//1124 2792//1119 2790//1116 2802//1124 
f 2805//1126 2804//1124 2802//1124 2803//1125 
f 2361//617 2806//1127 2012//1128 1550//618 
f 2364//618 2807//1128 2806//1127 2361//617 
f 2806//1127 2803//1125 2014//1126 2012//1128 
f 2807//1128 2805//1126 2803//1125 2806//1127 
f 2808//1127 2376//618 2379//630 2809//1127 
f 2810//1126 2808//1127 2809//1127 2811//1129 
f 2807//1128 2364//618 2376//618 2808//1127 
f 2805//1126 2807//1128 2808//1127 2810//1126 
f 2795//1120 2812//1130 2813//1130 2796//1121 
f 2792//1119 2804//1124 2812//1130 2795//1120 
f 2812//1130 2810//1126 2811//1129 2813//1130 
f 2804//1124 2805//1126 2810//1126 2812//1130 
s 4
f 2814//444 2038//444 2041//444 2566//444 
f 2815//444 2814//444 2566//444 2564//444 
f 2816//444 2024//444 2038//444 2814//444 
f 2817//444 2816//444 2814//444 2815//444 
f 2582//444 2818//444 2562//444 2561//444 
f 2580//444 2819//444 2818//444 2582//444 
f 2818//444 2815//444 2564//444 2562//444 
f 2819//444 2817//444 2815//444 2818//444 
f 2820//444 2578//444 2577//444 2597//444 
f 2821//444 2820//444 2597//444 2595//444 
f 2819//444 2580//444 2578//444 2820//444 
f 2817//444 2819//444 2820//444 2821//444 
f 2018//444 2822//444 2593//444 2019//444 
f 2024//444 2816//444 2822//444 2018//444 
f 2822//444 2821//444 2595//444 2593//444 
f 2816//444 2817//444 2821//444 2822//444 
f 2823//444 2824//444 2620//444 2641//444 
f 2825//444 2823//444 2641//444 2639//444 
f 2826//444 2827//444 2824//444 2823//444 
f 2828//444 2826//444 2823//444 2825//444 
f 2829//444 2830//444 2637//444 2636//444 
f 2831//444 2832//444 2830//444 2829//444 
f 2830//444 2825//444 2639//444 2637//444 
f 2832//444 2828//444 2825//444 2830//444 
f 2833//444 2834//444 2502//444 2523//444 
f 2835//444 2833//444 2523//444 2521//444 
f 2832//444 2831//444 2834//444 2833//444 
f 2828//444 2832//444 2833//444 2835//444 
f 2836//444 2837//444 2519//444 2518//444 
f 2827//444 2826//444 2837//444 2836//444 
f 2837//444 2835//444 2521//444 2519//444 
f 2826//444 2828//444 2835//444 2837//444 
f 2838//444 2836//444 2518//444 2538//444 
f 2839//444 2838//444 2538//444 2536//444 
f 2840//444 2827//444 2836//444 2838//444 
f 2841//444 2840//444 2838//444 2839//444 
f 2033//444 2842//444 2534//444 2034//444 
f 2030//444 2843//444 2842//444 2033//444 
f 2842//444 2839//444 2536//444 2534//444 
f 2843//444 2841//444 2839//444 2842//444 
f 2844//444 2026//444 2029//444 2625//444 
f 2845//444 2844//444 2625//444 2623//444 
f 2843//444 2030//444 2026//444 2844//444 
f 2841//444 2843//444 2844//444 2845//444 
f 2824//444 2846//444 2621//444 2620//444 
f 2827//444 2840//444 2846//444 2824//444 
f 2846//444 2845//444 2623//444 2621//444 
f 2840//444 2841//444 2845//444 2846//444 
f 2847//444 2848//444 2652//444 2673//444 
f 2849//444 2847//444 2673//444 2671//444 
f 2850//444 2851//444 2848//444 2847//444 
f 2852//444 2850//444 2847//444 2849//444 
f 2689//444 2853//444 2669//444 2668//444 
f 2687//444 2854//444 2853//444 2689//444 
f 2853//444 2849//444 2671//444 2669//444 
f 2854//444 2852//444 2849//444 2853//444 
f 2855//444 2685//444 2684//444 2856//444 
f 2857//1131 2855//444 2856//444 2858//444 
f 2854//444 2687//444 2685//444 2855//444 
f 2852//444 2854//444 2855//444 2857//1131 
f 2859//444 2860//444 2861//444 2486//444 
f 2851//444 2850//444 2860//444 2859//444 
f 2860//444 2857//1131 2858//444 2861//444 
f 2850//444 2852//444 2857//1131 2860//444 
f 2862//444 2859//444 2486//444 2507//444 
f 2863//444 2862//444 2507//444 2505//444 
f 2864//1132 2851//444 2859//444 2862//444 
f 2865//444 2864//1132 2862//444 2863//444 
f 2834//444 2866//444 2503//444 2502//444 
f 2831//444 2867//444 2866//444 2834//444 
f 2866//444 2863//444 2505//444 2503//444 
f 2867//444 2865//444 2863//444 2866//444 
f 2868//444 2829//444 2636//444 2657//444 
f 2869//444 2868//444 2657//444 2655//444 
f 2867//444 2831//444 2829//444 2868//444 
f 2865//444 2867//444 2868//444 2869//444 
f 2848//444 2870//444 2653//444 2652//444 
f 2851//444 2864//1132 2870//444 2848//444 
f 2870//444 2869//444 2655//444 2653//444 
f 2864//1132 2865//444 2869//444 2870//444 
f 2871//444 2872//444 2716//444 2737//444 
f 2873//444 2871//444 2737//444 2735//444 
f 2874//444 2875//444 2872//444 2871//444 
f 2876//444 2874//444 2871//444 2873//444 
f 2877//444 2878//444 2733//444 2732//444 
f 2879//444 2880//444 2878//444 2877//444 
f 2878//444 2873//444 2735//444 2733//444 
f 2880//444 2876//444 2873//444 2878//444 
f 2881//444 2882//444 2438//444 2459//444 
f 2883//444 2881//444 2459//444 2457//444 
f 2880//444 2879//444 2882//444 2881//444 
f 2876//444 2880//444 2881//444 2883//444 
f 2884//444 2885//444 2455//444 2454//444 
f 2875//444 2874//444 2885//444 2884//444 
f 2885//444 2883//444 2457//444 2455//444 
f 2874//444 2876//444 2883//444 2885//444 
f 2886//444 2887//444 2470//444 2491//444 
f 2888//444 2886//444 2491//444 2489//444 
f 2889//1133 2890//444 2887//444 2886//444 
f 2891//444 2889//1133 2886//444 2888//444 
f 2861//444 2892//444 2487//444 2486//444 
f 2858//444 2893//444 2892//444 2861//444 
f 2892//444 2888//444 2489//444 2487//444 
f 2893//444 2891//444 2888//444 2892//444 
f 2894//444 2856//444 2684//444 2705//444 
f 2895//444 2894//444 2705//444 2703//444 
f 2893//444 2858//444 2856//444 2894//444 
f 2891//444 2893//444 2894//444 2895//444 
f 2896//444 2897//444 2701//444 2700//444 
f 2890//444 2889//1133 2897//444 2896//444 
f 2897//444 2895//444 2703//444 2701//444 
f 2889//1133 2891//444 2895//444 2897//444 
f 2898//444 2884//444 2454//444 2475//444 
f 2899//444 2898//444 2475//444 2473//444 
f 2900//444 2875//444 2884//444 2898//444 
f 2901//444 2900//444 2898//444 2899//444 
f 2887//444 2902//444 2471//444 2470//444 
f 2890//444 2903//444 2902//444 2887//444 
f 2902//444 2899//444 2473//444 2471//444 
f 2903//444 2901//444 2899//444 2902//444 
f 2904//444 2896//444 2700//444 2721//444 
f 2905//444 2904//444 2721//444 2719//444 
f 2903//444 2890//444 2896//444 2904//444 
f 2901//444 2903//444 2904//444 2905//444 
f 2872//444 2906//444 2717//444 2716//444 
f 2875//444 2900//444 2906//444 2872//444 
f 2906//444 2905//444 2719//444 2717//444 
f 2900//444 2901//444 2905//444 2906//444 
f 2907//444 2908//444 2748//444 2769//444 
f 2909//444 2907//444 2769//444 2767//444 
f 2910//444 2911//444 2908//444 2907//444 
f 2912//444 2910//444 2907//444 2909//444 
f 2913//444 2914//444 2765//444 2764//444 
f 2915//444 2916//444 2914//444 2913//444 
f 2914//444 2909//444 2767//444 2765//444 
f 2916//444 2912//444 2909//444 2914//444 
f 2917//444 2918//444 2406//444 2427//444 
f 2919//444 2917//444 2427//444 2425//444 
f 2916//444 2915//444 2918//444 2917//444 
f 2912//444 2916//444 2917//444 2919//444 
f 2920//444 2921//444 2423//444 2422//444 
f 2911//444 2910//444 2921//444 2920//444 
f 2921//444 2919//444 2425//444 2423//444 
f 2910//444 2912//444 2919//444 2921//444 
f 2922//444 2920//444 2422//444 2443//444 
f 2923//444 2922//444 2443//444 2441//444 
f 2924//444 2911//444 2920//444 2922//444 
f 2925//444 2924//444 2922//444 2923//444 
f 2882//444 2926//444 2439//444 2438//444 
f 2879//444 2927//444 2926//444 2882//444 
f 2926//444 2923//444 2441//444 2439//444 
f 2927//444 2925//444 2923//444 2926//444 
f 2928//444 2877//444 2732//444 2753//444 
f 2929//444 2928//444 2753//444 2751//444 
f 2927//444 2879//444 2877//444 2928//444 
f 2925//444 2927//444 2928//444 2929//444 
f 2908//444 2930//444 2749//444 2748//444 
f 2911//444 2924//444 2930//444 2908//444 
f 2930//444 2929//444 2751//444 2749//444 
f 2924//444 2925//444 2929//444 2930//444 
f 2931//444 2932//444 2780//444 2801//444 
f 2933//444 2931//444 2801//444 2799//444 
f 2934//444 2935//444 2932//444 2931//444 
f 2936//444 2934//444 2931//444 2933//444 
f 2813//444 2937//444 2797//444 2796//444 
f 2811//444 2938//444 2937//444 2813//444 
f 2937//444 2933//444 2799//444 2797//444 
f 2938//444 2936//444 2933//444 2937//444 
f 2939//444 2809//444 2379//444 2378//444 
f 2940//444 2939//444 2378//444 2375//444 
f 2938//444 2811//444 2809//444 2939//444 
f 2936//444 2938//444 2939//444 2940//444 
f 2395//444 2941//444 2373//444 2372//444 
f 2393//444 2942//444 2941//444 2395//444 
f 2941//444 2940//444 2375//444 2373//444 
f 2942//444 2936//444 2940//444 2941//444 
f 2943//444 2391//444 2390//444 2944//444 
f 2934//444 2943//444 2944//444 2935//444 
f 2942//444 2393//444 2391//444 2943//444 
f 2936//444 2942//444 2943//444 2934//444 
f 2945//444 2944//444 2390//444 2411//444 
f 2946//444 2945//444 2411//444 2409//444 
f 2947//444 2935//444 2944//444 2945//444 
f 2948//444 2947//444 2945//444 2946//444 
f 2918//444 2949//444 2407//444 2406//444 
f 2915//444 2950//444 2949//444 2918//444 
f 2949//444 2946//444 2409//444 2407//444 
f 2950//444 2948//444 2946//444 2949//444 
f 2951//444 2913//444 2764//444 2785//444 
f 2952//444 2951//444 2785//444 2783//444 
f 2950//444 2915//444 2913//444 2951//444 
f 2948//444 2950//444 2951//444 2952//444 
f 2932//444 2953//444 2781//444 2780//444 
f 2935//444 2947//444 2953//444 2932//444 
f 2953//444 2952//444 2783//444 2781//444 
f 2947//444 2948//444 2952//444 2953//444 
s 256
f 2954//1134 2955//1135 2956//1135 2957//1134 
f 2958//1134 2954//1134 2957//1134 2959//1134 
f 2960//1136 2961//1134 2955//1135 2954//1134 
f 2962//1134 2960//1136 2954//1134 2958//1134 
f 2119//1136 2963//1134 2964//1136 2098//1136 
f 2117//1136 2965//1135 2963//1134 2119//1136 
f 2963//1134 2958//1134 2959//1134 2964//1136 
f 2965//1135 2962//1134 2958//1134 2963//1134 
f 2966//1134 2115//1134 2114//1134 2967//1134 
f 2968//1134 2966//1134 2967//1134 2969//1136 
f 2965//1135 2117//1136 2115//1134 2966//1134 
f 2962//1134 2965//1135 2966//1134 2968//1134 
f 2970//1134 2971//1134 2972//1136 2973//1134 
f 2961//1134 2960//1136 2971//1134 2970//1134 
f 2971//1134 2968//1134 2969//1136 2972//1136 
f 2960//1136 2962//1134 2968//1134 2971//1134 
f 2974//1134 2975//1135 2976//1136 2977//1136 
f 2978//1134 2974//1134 2977//1136 2979//1136 
f 2980//1135 2981//1134 2975//1135 2974//1134 
f 2982//1136 2980//1135 2974//1134 2978//1134 
f 2103//1134 2983//1134 2984//1136 2082//1136 
f 2101//1136 2985//1135 2983//1134 2103//1134 
f 2983//1134 2978//1134 2979//1136 2984//1136 
f 2985//1135 2982//1136 2978//1134 2983//1134 
f 2986//1136 2099//1136 2098//1136 2964//1136 
f 2987//1136 2986//1136 2964//1136 2959//1134 
f 2985//1135 2101//1136 2099//1136 2986//1136 
f 2982//1136 2985//1135 2986//1136 2987//1136 
f 2988//1135 2989//1135 2957//1134 2956//1135 
f 2981//1134 2980//1135 2989//1135 2988//1135 
f 2989//1135 2987//1136 2959//1134 2957//1134 
f 2980//1135 2982//1136 2987//1136 2989//1135 
f 2990//1136 2991//1135 2992//1136 2993//1135 
f 2994//1136 2990//1136 2993//1135 2995//1136 
f 2996//1136 2997//1135 2991//1135 2990//1136 
f 2998//1136 2996//1136 2990//1136 2994//1136 
f 2087//1136 2999//1136 3000//1135 2066//1136 
f 2085//1136 3001//1136 2999//1136 2087//1136 
f 2999//1136 2994//1136 2995//1136 3000//1135 
f 3001//1136 2998//1136 2994//1136 2999//1136 
f 3002//1136 2083//1136 2082//1136 2984//1136 
f 3003//1135 3002//1136 2984//1136 2979//1136 
f 3001//1136 2085//1136 2083//1136 3002//1136 
f 2998//1136 3001//1136 3002//1136 3003//1135 
f 3004//1136 3005//1136 2977//1136 2976//1136 
f 2997//1135 2996//1136 3005//1136 3004//1136 
f 3005//1136 3003//1135 2979//1136 2977//1136 
f 2996//1136 2998//1136 3003//1135 3005//1136 
f 3006//1137 3007//1137 3008//1138 3009//1138 
f 3010//1139 3006//1137 3009//1138 3011//1138 
f 3012//1140 3013//1140 3007//1137 3006//1137 
f 3014//1140 3012//1140 3006//1137 3010//1139 
f 2071//1137 3015//1137 3016//1138 2054//1138 
f 2069//1140 3017//1140 3015//1137 2071//1137 
f 3015//1137 3010//1139 3011//1138 3016//1138 
f 3017//1140 3014//1140 3010//1139 3015//1137 
f 3018//1135 2067//1135 2066//1136 3000//1135 
f 3019//1135 3018//1135 3000//1135 2995//1136 
f 3017//1140 2069//1140 2067//1135 3018//1135 
f 3014//1140 3017//1140 3018//1135 3019//1135 
f 3020//1136 3021//1135 2993//1135 2992//1136 
f 3013//1140 3012//1140 3021//1135 3020//1136 
f 3021//1135 3019//1135 2995//1136 2993//1135 
f 3012//1140 3014//1140 3019//1135 3021//1135 
s 1
f 3022//1141 3023//1141 3024//45 3025//45 
f 3026//1141 3022//1141 3025//45 3027//45 
f 3028//1142 3029//1143 3023//1141 3022//1141 
f 3030//1142 3028//1142 3022//1141 3026//1141 
f 114//47 3031//1141 3032//50 115//45 
f 109//42 3033//1144 3031//1141 114//47 
f 3031//1141 3026//1141 3027//45 3032//50 
f 3033//1144 3030//1142 3026//1141 3031//1141 
f 3034//1145 107//40 95//30 3035//1146 
f 3036//1147 3034//1145 3035//1146 3037//1146 
f 3033//1144 109//42 107//40 3034//1145 
f 3030//1142 3033//1144 3034//1145 3036//1147 
f 3038//1147 3039//1147 3040//1146 3041//1148 
f 3029//1143 3028//1142 3039//1147 3038//1147 
f 3039//1147 3036//1147 3037//1146 3040//1146 
f 3028//1142 3030//1142 3036//1147 3039//1147 
f 3042//251 3043//62 3044//59 3045//61 
f 3046//251 3042//251 3045//61 3047//61 
f 3048//58 3049//57 3043//62 3042//251 
f 3050//58 3048//58 3042//251 3046//251 
f 134//60 3051//62 3052//61 135//59 
f 129//57 3053//58 3051//62 134//60 
f 3051//62 3046//251 3047//61 3052//61 
f 3053//58 3050//58 3046//251 3051//62 
f 3054//55 127//55 115//45 3032//50 
f 3055//63 3054//55 3032//50 3027//45 
f 3053//58 129//57 127//55 3054//55 
f 3050//58 3053//58 3054//55 3055//63 
f 3056//55 3057//55 3025//45 3024//45 
f 3049//57 3048//58 3057//55 3056//55 
f 3057//55 3055//63 3027//45 3025//45 
f 3048//58 3050//58 3055//63 3057//55 
f 3058//1149 3059//67 3060//1150 3061//66 
f 3062//1149 3058//1149 3061//66 3063//66 
f 3064//65 3065//65 3059//67 3058//1149 
f 3066//65 3064//65 3058//1149 3062//1149 
f 154//67 3067//68 3068//66 155//66 
f 149//65 3069//65 3067//68 154//67 
f 3067//68 3062//1149 3063//66 3068//66 
f 3069//65 3066//65 3062//1149 3067//68 
f 3070//420 147//64 135//59 3052//61 
f 3071//64 3070//420 3052//61 3047//61 
f 3069//65 149//65 147//64 3070//420 
f 3066//65 3069//65 3070//420 3071//64 
f 3072//64 3073//64 3045//61 3044//59 
f 3065//65 3064//65 3073//64 3072//64 
f 3073//64 3071//64 3047//61 3045//61 
f 3064//65 3066//65 3071//64 3073//64 
f 3074//73 3075//73 3076//72 3077//72 
f 3078//73 3074//73 3077//72 3079//74 
f 3080//71 3081//71 3075//73 3074//73 
f 3082//75 3080//71 3074//73 3078//73 
f 174//73 3083//73 3084//72 175//72 
f 169//71 3085//75 3083//73 174//73 
f 3083//73 3078//73 3079//74 3084//72 
f 3085//75 3082//75 3078//73 3083//73 
f 3086//76 167//70 155//66 3068//66 
f 3087//76 3086//76 3068//66 3063//66 
f 3085//75 169//71 167//70 3086//76 
f 3082//75 3085//75 3086//76 3087//76 
f 3088//70 3089//70 3061//66 3060//1150 
f 3081//71 3080//71 3089//70 3088//70 
f 3089//70 3087//76 3063//66 3061//66 
f 3080//71 3082//75 3087//76 3089//70 
f 3090//81 3091//81 3092//80 3093//80 
f 3094//81 3090//81 3093//80 3095//80 
f 3096//79 3097//79 3091//81 3090//81 
f 3098//79 3096//79 3090//81 3094//81 
f 194//81 3099//81 3100//80 195//80 
f 189//79 3101//79 3099//81 194//81 
f 3099//81 3094//81 3095//80 3100//80 
f 3101//79 3098//79 3094//81 3099//81 
f 3102//77 187//78 175//72 3084//72 
f 3103//78 3102//77 3084//72 3079//74 
f 3101//79 189//79 187//78 3102//77 
f 3098//79 3101//79 3102//77 3103//78 
f 3104//78 3105//77 3077//72 3076//72 
f 3097//79 3096//79 3105//77 3104//78 
f 3105//77 3103//78 3079//74 3077//72 
f 3096//79 3098//79 3103//78 3105//77 
f 3106//85 3107//85 3108//84 3109//84 
f 3110//85 3106//85 3109//84 3111//84 
f 3112//83 3113//83 3107//85 3106//85 
f 3114//83 3112//83 3106//85 3110//85 
f 214//85 3115//85 3116//84 215//84 
f 209//83 3117//83 3115//85 214//85 
f 3115//85 3110//85 3111//84 3116//84 
f 3117//83 3114//83 3110//85 3115//85 
f 3118//82 207//82 195//80 3100//80 
f 3119//82 3118//82 3100//80 3095//80 
f 3117//83 209//83 207//82 3118//82 
f 3114//83 3117//83 3118//82 3119//82 
f 3120//82 3121//82 3093//80 3092//80 
f 3113//83 3112//83 3121//82 3120//82 
f 3121//82 3119//82 3095//80 3093//80 
f 3112//83 3114//83 3119//82 3121//82 
f 3122//89 3123//89 3124//91 3125//88 
f 3126//89 3122//89 3125//88 3127//91 
f 3128//87 3129//87 3123//89 3122//89 
f 3130//87 3128//87 3122//89 3126//89 
f 234//89 3131//89 3132//88 235//90 
f 229//87 3133//87 3131//89 234//89 
f 3131//89 3126//89 3127//91 3132//88 
f 3133//87 3130//87 3126//89 3131//89 
f 3134//86 227//86 215//84 3116//84 
f 3135//86 3134//86 3116//84 3111//84 
f 3133//87 229//87 227//86 3134//86 
f 3130//87 3133//87 3134//86 3135//86 
f 3136//86 3137//86 3109//84 3108//84 
f 3129//87 3128//87 3137//86 3136//86 
f 3137//86 3135//86 3111//84 3109//84 
f 3128//87 3130//87 3135//86 3137//86 
f 3138//95 3139//95 3140//96 3141//96 
f 3142//95 3138//95 3141//96 3143//96 
f 3144//93 3145//93 3139//95 3138//95 
f 3146//349 3144//93 3138//95 3142//95 
f 254//95 3147//95 3148//96 255//96 
f 249//93 3149//93 3147//95 254//95 
f 3147//95 3142//95 3143//96 3148//96 
f 3149//93 3146//349 3142//95 3147//95 
f 3150//92 247//92 235//90 3132//88 
f 3151//92 3150//92 3132//88 3127//91 
f 3149//93 249//93 247//92 3150//92 
f 3146//349 3149//93 3150//92 3151//92 
f 3152//92 3153//92 3125//88 3124//91 
f 3145//93 3144//93 3153//92 3152//92 
f 3153//92 3151//92 3127//91 3125//88 
f 3144//93 3146//349 3151//92 3153//92 
f 3154//102 3155//102 3156//103 3157//101 
f 3158//102 3154//102 3157//101 3159//101 
f 3160//104 3161//99 3155//102 3154//102 
f 3162//104 3160//104 3154//102 3158//102 
f 274//102 3163//102 3164//101 275//103 
f 269//99 3165//104 3163//102 274//102 
f 3163//102 3158//102 3159//101 3164//101 
f 3165//104 3162//104 3158//102 3163//102 
f 3166//105 267//98 255//96 3148//96 
f 3167//105 3166//105 3148//96 3143//96 
f 3165//104 269//99 267//98 3166//105 
f 3162//104 3165//104 3166//105 3167//105 
f 3168//98 3169//105 3141//96 3140//96 
f 3161//99 3160//104 3169//105 3168//98 
f 3169//105 3167//105 3143//96 3141//96 
f 3160//104 3162//104 3167//105 3169//105 
f 3170//109 3171//109 3172//108 3173//108 
f 3174//109 3170//109 3173//108 3175//110 
f 3176//107 3177//107 3171//109 3170//109 
f 3178//107 3176//107 3170//109 3174//109 
f 294//109 3179//109 3180//108 295//108 
f 289//107 3181//107 3179//109 294//109 
f 3179//109 3174//109 3175//110 3180//108 
f 3181//107 3178//107 3174//109 3179//109 
f 3182//106 287//106 275//103 3164//101 
f 3183//106 3182//106 3164//101 3159//101 
f 3181//107 289//107 287//106 3182//106 
f 3178//107 3181//107 3182//106 3183//106 
f 3184//106 3185//106 3157//101 3156//103 
f 3177//107 3176//107 3185//106 3184//106 
f 3185//106 3183//106 3159//101 3157//101 
f 3176//107 3178//107 3183//106 3185//106 
f 3186//115 3187//115 3188//114 3189//114 
f 3190//115 3186//115 3189//114 3191//114 
f 3192//113 3193//113 3187//115 3186//115 
f 3194//113 3192//113 3186//115 3190//115 
f 314//115 3195//115 3196//114 315//114 
f 309//113 3197//113 3195//115 314//115 
f 3195//115 3190//115 3191//114 3196//114 
f 3197//113 3194//113 3190//115 3195//115 
f 3198//112 307//112 295//108 3180//108 
f 3199//112 3198//112 3180//108 3175//110 
f 3197//113 309//113 307//112 3198//112 
f 3194//113 3197//113 3198//112 3199//112 
f 3200//112 3201//112 3173//108 3172//108 
f 3193//113 3192//113 3201//112 3200//112 
f 3201//112 3199//112 3175//110 3173//108 
f 3192//113 3194//113 3199//112 3201//112 
f 3202//119 3203//119 3204//118 3205//118 
f 3206//119 3202//119 3205//118 3207//118 
f 3208//117 3209//117 3203//119 3202//119 
f 3210//117 3208//117 3202//119 3206//119 
f 334//119 3211//119 3212//118 335//118 
f 329//117 3213//117 3211//119 334//119 
f 3211//119 3206//119 3207//118 3212//118 
f 3213//117 3210//117 3206//119 3211//119 
f 3214//116 327//116 315//114 3196//114 
f 3215//116 3214//116 3196//114 3191//114 
f 3213//117 329//117 327//116 3214//116 
f 3210//117 3213//117 3214//116 3215//116 
f 3216//116 3217//116 3189//114 3188//114 
f 3209//117 3208//117 3217//116 3216//116 
f 3217//116 3215//116 3191//114 3189//114 
f 3208//117 3210//117 3215//116 3217//116 
f 3218//124 3219//124 3220//125 3221//123 
f 3222//124 3218//124 3221//123 3223//1151 
f 3224//122 3225//122 3219//124 3218//124 
f 3226//122 3224//122 3218//124 3222//124 
f 354//124 3227//124 3228//123 355//125 
f 349//122 3229//122 3227//124 354//124 
f 3227//124 3222//124 3223//1151 3228//123 
f 3229//122 3226//122 3222//124 3227//124 
f 3230//121 347//121 335//118 3212//118 
f 3231//121 3230//121 3212//118 3207//118 
f 3229//122 349//122 347//121 3230//121 
f 3226//122 3229//122 3230//121 3231//121 
f 3232//121 3233//121 3205//118 3204//118 
f 3225//122 3224//122 3233//121 3232//121 
f 3233//121 3231//121 3207//118 3205//118 
f 3224//122 3226//122 3231//121 3233//121 
f 3234//129 3235//129 3236//130 3237//128 
f 3238//129 3234//129 3237//128 3239//130 
f 3240//127 3241//127 3235//129 3234//129 
f 3242//127 3240//127 3234//129 3238//129 
f 374//129 3243//129 3244//128 375//128 
f 369//127 3245//127 3243//129 374//129 
f 3243//129 3238//129 3239//130 3244//128 
f 3245//127 3242//127 3238//129 3243//129 
f 3246//126 367//126 355//125 3228//123 
f 3247//126 3246//126 3228//123 3223//1151 
f 3245//127 369//127 367//126 3246//126 
f 3242//127 3245//127 3246//126 3247//126 
f 3248//126 3249//126 3221//123 3220//125 
f 3241//127 3240//127 3249//126 3248//126 
f 3249//126 3247//126 3223//1151 3221//123 
f 3240//127 3242//127 3247//126 3249//126 
f 3250//134 3251//134 3252//133 3253//133 
f 3254//134 3250//134 3253//133 3255//133 
f 3256//132 3257//132 3251//134 3250//134 
f 3258//132 3256//132 3250//134 3254//134 
f 394//134 3259//134 3260//270 395//133 
f 389//132 3261//271 3259//134 394//134 
f 3259//134 3254//134 3255//133 3260//270 
f 3261//271 3258//132 3254//134 3259//134 
f 3262//135 387//131 375//128 3244//128 
f 3263//135 3262//135 3244//128 3239//130 
f 3261//271 389//132 387//131 3262//135 
f 3258//132 3261//271 3262//135 3263//135 
f 3264//131 3265//135 3237//128 3236//130 
f 3257//132 3256//132 3265//135 3264//131 
f 3265//135 3263//135 3239//130 3237//128 
f 3256//132 3258//132 3263//135 3265//135 
f 3266//140 3267//140 3268//139 3269//139 
f 3270//140 3266//140 3269//139 3271//139 
f 3272//138 3273//137 3267//140 3266//140 
f 3274//138 3272//138 3266//140 3270//140 
f 414//140 3275//140 3276//139 415//139 
f 409//137 3277//138 3275//140 414//140 
f 3275//140 3270//140 3271//139 3276//139 
f 3277//138 3274//138 3270//140 3275//140 
f 3278//136 407//136 395//133 3260//270 
f 3279//136 3278//136 3260//270 3255//133 
f 3277//138 409//137 407//136 3278//136 
f 3274//138 3277//138 3278//136 3279//136 
f 3280//136 3281//1152 3253//133 3252//133 
f 3273//137 3272//138 3281//1152 3280//136 
f 3281//1152 3279//136 3255//133 3253//133 
f 3272//138 3274//138 3279//136 3281//1152 
f 3282//145 3283//145 3284//144 3285//144 
f 3286//145 3282//145 3285//144 3287//144 
f 3288//147 3289//143 3283//145 3282//145 
f 3290//147 3288//147 3282//145 3286//145 
f 434//145 3291//145 3292//144 435//146 
f 429//143 3293//147 3291//145 434//145 
f 3291//145 3286//145 3287//144 3292//144 
f 3293//147 3290//147 3286//145 3291//145 
f 3294//142 427//142 415//139 3276//139 
f 3295//142 3294//142 3276//139 3271//139 
f 3293//147 429//143 427//142 3294//142 
f 3290//147 3293//147 3294//142 3295//142 
f 3296//142 3297//142 3269//139 3268//139 
f 3289//143 3288//147 3297//142 3296//142 
f 3297//142 3295//142 3271//139 3269//139 
f 3288//147 3290//147 3295//142 3297//142 
f 3298//151 3299//151 3300//152 3301//150 
f 3302//151 3298//151 3301//150 3303//152 
f 3304//149 3305//149 3299//151 3298//151 
f 3306//149 3304//149 3298//151 3302//151 
f 454//151 3307//151 3308//150 455//152 
f 449//149 3309//149 3307//151 454//151 
f 3307//151 3302//151 3303//152 3308//150 
f 3309//149 3306//149 3302//151 3307//151 
f 3310//148 447//148 435//146 3292//144 
f 3311//148 3310//148 3292//144 3287//144 
f 3309//149 449//149 447//148 3310//148 
f 3306//149 3309//149 3310//148 3311//148 
f 3312//148 3313//148 3285//144 3284//144 
f 3305//149 3304//149 3313//148 3312//148 
f 3313//148 3311//148 3287//144 3285//144 
f 3304//149 3306//149 3311//148 3313//148 
f 3314//156 3315//156 3316//155 3317//155 
f 3318//156 3314//156 3317//155 3319//155 
f 3320//154 3321//353 3315//156 3314//156 
f 3322//154 3320//154 3314//156 3318//156 
f 474//156 3323//156 3324//155 475//155 
f 469//154 3325//154 3323//156 474//156 
f 3323//156 3318//156 3319//155 3324//155 
f 3325//154 3322//154 3318//156 3323//156 
f 3326//153 467//153 455//152 3308//150 
f 3327//153 3326//153 3308//150 3303//152 
f 3325//154 469//154 467//153 3326//153 
f 3322//154 3325//154 3326//153 3327//153 
f 3328//153 3329//153 3301//150 3300//152 
f 3321//353 3320//154 3329//153 3328//153 
f 3329//153 3327//153 3303//152 3301//150 
f 3320//154 3322//154 3327//153 3329//153 
f 3330//161 3331//161 3332//160 3333//160 
f 3334//161 3330//161 3333//160 3335//160 
f 3336//159 3337//163 3331//161 3330//161 
f 3338//163 3336//159 3330//161 3334//161 
f 494//161 3339//162 3340//160 495//160 
f 489//159 3341//163 3339//162 494//161 
f 3339//162 3334//161 3335//160 3340//160 
f 3341//163 3338//163 3334//161 3339//162 
f 3342//158 487//158 475//155 3324//155 
f 3343//158 3342//158 3324//155 3319//155 
f 3341//163 489//159 487//158 3342//158 
f 3338//163 3341//163 3342//158 3343//158 
f 3344//158 3345//158 3317//155 3316//155 
f 3337//163 3336//159 3345//158 3344//158 
f 3345//158 3343//158 3319//155 3317//155 
f 3336//159 3338//163 3343//158 3345//158 
f 3346//167 3347//167 3348//168 3349//166 
f 3350//167 3346//167 3349//166 3351//168 
f 3352//165 3353//165 3347//167 3346//167 
f 3354//165 3352//165 3346//167 3350//167 
f 514//167 3355//167 3356//166 515//168 
f 509//165 3357//165 3355//167 514//167 
f 3355//167 3350//167 3351//168 3356//166 
f 3357//165 3354//165 3350//167 3355//167 
f 3358//164 507//164 495//160 3340//160 
f 3359//164 3358//164 3340//160 3335//160 
f 3357//165 509//165 507//164 3358//164 
f 3354//165 3357//165 3358//164 3359//164 
f 3360//164 3361//164 3333//160 3332//160 
f 3353//165 3352//165 3361//164 3360//164 
f 3361//164 3359//164 3335//160 3333//160 
f 3352//165 3354//165 3359//164 3361//164 
f 3362//1153 3363//1153 2161//365 2160//365 
f 3364//1153 3362//1153 2160//365 2155//365 
f 3365//364 3366//1154 3363//1153 3362//1153 
f 3367//364 3365//364 3362//1153 3364//1153 
f 534//178 3368//1155 2153//365 535//179 
f 529//173 3369//1156 3368//1155 534//178 
f 3368//1155 3364//1153 2155//365 2153//365 
f 3369//1156 3367//364 3364//1153 3368//1155 
f 3370//1157 527//171 515//168 3356//166 
f 3371//362 3370//1157 3356//166 3351//168 
f 3369//1156 529//173 527//171 3370//1157 
f 3367//364 3369//1156 3370//1157 3371//362 
f 3372//362 3373//362 3349//166 3348//168 
f 3366//1154 3365//364 3373//362 3372//362 
f 3373//362 3371//362 3351//168 3349//166 
f 3365//364 3367//364 3371//362 3373//362 
s 256
f 3374//1135 3375//1135 3376//1135 3377//1136 
f 3378//1135 3374//1135 3377//1136 3379//1135 
f 3380//1134 3381//1134 3375//1135 3374//1135 
f 3382//1134 3380//1134 3374//1135 3378//1135 
f 2151//1134 3383//1135 3384//1134 2130//1134 
f 2149//1135 3385//1134 3383//1135 2151//1134 
f 3383//1135 3378//1135 3379//1135 3384//1134 
f 3385//1134 3382//1134 3378//1135 3383//1135 
f 3386//1134 2147//1134 2146//1134 2171//1136 
f 3387//1136 3386//1134 2171//1136 2169//1136 
f 3385//1134 2149//1135 2147//1134 3386//1134 
f 3382//1134 3385//1134 3386//1134 3387//1136 
f 3388//1136 3389//1136 2167//1136 2166//1136 
f 3381//1134 3380//1134 3389//1136 3388//1136 
f 3389//1136 3387//1136 2169//1136 2167//1136 
f 3380//1134 3382//1134 3387//1136 3389//1136 
f 3390//1134 3391//1134 2973//1134 2972//1136 
f 3392//1134 3390//1134 2972//1136 2969//1136 
f 3393//1134 3394//1134 3391//1134 3390//1134 
f 3395//1135 3393//1134 3390//1134 3392//1134 
f 2135//1134 3396//1134 2967//1134 2114//1134 
f 2133//1134 3397//1134 3396//1134 2135//1134 
f 3396//1134 3392//1134 2969//1136 2967//1134 
f 3397//1134 3395//1135 3392//1134 3396//1134 
f 3398//1136 2131//1134 2130//1134 3384//1134 
f 3399//1136 3398//1136 3384//1134 3379//1135 
f 3397//1134 2133//1134 2131//1134 3398//1136 
f 3395//1135 3397//1134 3398//1136 3399//1136 
f 3400//1136 3401//1136 3377//1136 3376//1135 
f 3394//1134 3393//1134 3401//1136 3400//1136 
f 3401//1136 3399//1136 3379//1135 3377//1136 
f 3393//1134 3395//1135 3399//1136 3401//1136 
f 3402//1158 3403//1159 3041//1160 3040//1160 
f 3404//1158 3402//1158 3040//1160 3037//1160 
f 3405//1161 3406//1161 3403//1159 3402//1158 
f 3407//1161 3405//1161 3402//1158 3404//1158 
f 2043//1158 3408//1158 3035//1160 95//1160 
f 2046//1161 3409//1161 3408//1158 2043//1158 
f 3408//1158 3404//1158 3037//1160 3035//1160 
f 3409//1161 3407//1161 3404//1158 3408//1158 
f 3410//1162 2055//1162 2054//1138 3016//1138 
f 3411//1162 3410//1162 3016//1138 3011//1138 
f 3409//1161 2046//1161 2055//1162 3410//1162 
f 3407//1161 3409//1161 3410//1162 3411//1162 
f 3412//1162 3413//1162 3009//1138 3008//1138 
f 3406//1161 3405//1161 3413//1162 3412//1162 
f 3413//1162 3411//1162 3011//1138 3009//1138 
f 3405//1161 3407//1161 3411//1162 3413//1162 
s 1
f 3414//1 3415//1 3416//2 3417//2 
f 3418//1 3414//1 3417//2 3419//2 
f 3420//3 3421//4 3415//1 3414//1 
f 3422//3 3420//3 3414//1 3418//1 
f 3423//1 3424//1 3425//2 3426//2 
f 3427//4 3428//3 3424//1 3423//1 
f 3424//1 3418//1 3419//2 3425//2 
f 3428//3 3422//3 3418//1 3424//1 
f 3429//7 3430//7 3431//6 3432//6 
f 3433//7 3429//7 3432//6 3434//6 
f 3428//3 3427//4 3430//7 3429//7 
f 3422//3 3428//3 3429//7 3433//7 
f 3435//7 3436//7 3437//6 3438//6 
f 3421//4 3420//3 3436//7 3435//7 
f 3436//7 3433//7 3434//6 3437//6 
f 3420//3 3422//3 3433//7 3436//7 
f 3439//8 3440//8 3438//6 3437//6 
f 3441//8 3439//8 3437//6 3434//6 
f 3442//9 3443//9 3440//8 3439//8 
f 3444//9 3442//9 3439//8 3441//8 
f 3445//8 3446//8 3432//6 3431//6 
f 3447//9 3448//9 3446//8 3445//8 
f 3446//8 3441//8 3434//6 3432//6 
f 3448//9 3444//9 3441//8 3446//8 
f 3449//11 3450//11 3451//10 3452//10 
f 3453//11 3449//11 3452//10 3454//10 
f 3448//9 3447//9 3450//11 3449//11 
f 3444//9 3448//9 3449//11 3453//11 
f 3455//11 3456//11 3457//10 3458//10 
f 3443//9 3442//9 3456//11 3455//11 
f 3456//11 3453//11 3454//10 3457//10 
f 3442//9 3444//9 3453//11 3456//11 
f 3459//12 3460//12 3458//10 3457//10 
f 3461//12 3459//12 3457//10 3454//10 
f 3462//13 3463//13 3460//12 3459//12 
f 3464//13 3462//13 3459//12 3461//12 
f 3465//12 3466//12 3452//10 3451//10 
f 3467//13 3468//13 3466//12 3465//12 
f 3466//12 3461//12 3454//10 3452//10 
f 3468//13 3464//13 3461//12 3466//12 
f 3469//15 3470//15 3471//14 3472//14 
f 3473//15 3469//15 3472//14 3474//14 
f 3468//13 3467//13 3470//15 3469//15 
f 3464//13 3468//13 3469//15 3473//15 
f 3475//15 3476//15 3477//14 3478//14 
f 3463//13 3462//13 3476//15 3475//15 
f 3476//15 3473//15 3474//14 3477//14 
f 3462//13 3464//13 3473//15 3476//15 
f 3479//16 3480//16 3478//14 3477//14 
f 3481//16 3479//16 3477//14 3474//14 
f 3482//221 3483//17 3480//16 3479//16 
f 3484//221 3482//221 3479//16 3481//16 
f 3485//16 3486//16 3472//14 3471//14 
f 3487//17 3488//17 3486//16 3485//16 
f 3486//16 3481//16 3474//14 3472//14 
f 3488//17 3484//221 3481//16 3486//16 
f 3489//19 3490//19 3491//20 3492//20 
f 3493//19 3489//19 3492//20 3494//18 
f 3488//17 3487//17 3490//19 3489//19 
f 3484//221 3488//17 3489//19 3493//19 
f 3495//19 3496//19 3497//20 3498//20 
f 3483//17 3482//221 3496//19 3495//19 
f 3496//19 3493//19 3494//18 3497//20 
f 3482//221 3484//221 3493//19 3496//19 
f 3499//21 3500//1163 3498//20 3497//20 
f 3501//25 3499//21 3497//20 3494//18 
f 3502//1164 3503//1165 3500//1163 3499//21 
f 3504//1166 3502//1164 3499//21 3501//25 
f 3505//38 3506//1167 3492//20 3491//20 
f 3507//37 3508//1168 3506//1167 3505//38 
f 3506//1167 3501//25 3494//18 3492//20 
f 3508//1168 3504//1166 3501//25 3506//1167 
f 3509//1169 3510//36 3511//35 3512//226 
f 3513//1170 3509//1169 3512//226 3514//1171 
f 3508//1168 3507//37 3510//36 3509//1169 
f 3504//1166 3508//1168 3509//1169 3513//1170 
f 3515//1172 3516//1173 3517//1174 3518//1175 
f 3503//1165 3502//1164 3516//1173 3515//1172 
f 3516//1173 3513//1170 3514//1171 3517//1174 
f 3502//1164 3504//1166 3513//1170 3516//1173 
f 3519//1176 3520//1177 3518//1175 3517//1174 
f 3521//1178 3519//1176 3517//1174 3514//1171 
f 3522//1179 3523//1180 3520//1177 3519//1176 
f 3524//1181 3522//1179 3519//1176 3521//1178 
f 3525//1182 3526//236 3512//226 3511//35 
f 3527//52 3528//237 3526//236 3525//1182 
f 3526//236 3521//1178 3514//1171 3512//226 
f 3528//237 3524//1181 3521//1178 3526//236 
f 3529//49 3530//49 3531//50 3532//45 
f 3533//1183 3529//49 3532//45 3534//45 
f 3528//237 3527//52 3530//49 3529//49 
f 3524//1181 3528//237 3529//49 3533//1183 
f 3535//47 3536//46 3537//50 3538//50 
f 3523//1180 3522//1179 3536//46 3535//47 
f 3536//46 3533//1183 3534//45 3537//50 
f 3522//1179 3524//1181 3533//1183 3536//46 
f 3539//63 3540//63 3538//50 3537//50 
f 3541//55 3539//63 3537//50 3534//45 
f 3542//58 3543//56 3540//63 3539//63 
f 3544//58 3542//58 3539//63 3541//55 
f 3545//55 3546//55 3532//45 3531//50 
f 3547//56 3548//56 3546//55 3545//55 
f 3546//55 3541//55 3534//45 3532//45 
f 3548//56 3544//58 3541//55 3546//55 
f 3549//62 3550//62 3551//61 3552//59 
f 3553//62 3549//62 3552//59 3554//61 
f 3548//56 3547//56 3550//62 3549//62 
f 3544//58 3548//56 3549//62 3553//62 
f 3555//62 3556//62 3557//61 3558//61 
f 3543//56 3542//58 3556//62 3555//62 
f 3556//62 3553//62 3554//61 3557//61 
f 3542//58 3544//58 3553//62 3556//62 
f 3559//420 3560//420 3558//61 3557//61 
f 3561//64 3559//420 3557//61 3554//61 
f 3562//65 3563//65 3560//420 3559//420 
f 3564//65 3562//65 3559//420 3561//64 
f 3565//64 3566//64 3552//59 3551//61 
f 3567//65 3568//65 3566//64 3565//64 
f 3566//64 3561//64 3554//61 3552//59 
f 3568//65 3564//65 3561//64 3566//64 
f 3569//67 3570//68 3571//66 3572//66 
f 3573//67 3569//67 3572//66 3574//66 
f 3568//65 3567//65 3570//68 3569//67 
f 3564//65 3568//65 3569//67 3573//67 
f 3575//1149 3576//68 3577//1150 3578//1150 
f 3563//65 3562//65 3576//68 3575//1149 
f 3576//68 3573//67 3574//66 3577//1150 
f 3562//65 3564//65 3573//67 3576//68 
f 3579//70 3580//76 3578//1150 3577//1150 
f 3581//69 3579//70 3577//1150 3574//66 
f 3582//71 3583//75 3580//76 3579//70 
f 3584//71 3582//71 3579//70 3581//69 
f 3585//76 3586//70 3572//66 3571//66 
f 3587//75 3588//71 3586//70 3585//76 
f 3586//70 3581//69 3574//66 3572//66 
f 3588//71 3584//71 3581//69 3586//70 
f 3589//257 3590//257 3591//72 3592//72 
f 3593//257 3589//257 3592//72 3594//72 
f 3588//71 3587//75 3590//257 3589//257 
f 3584//71 3588//71 3589//257 3593//257 
f 3595//73 3596//73 3597//72 3598//72 
f 3583//75 3582//71 3596//73 3595//73 
f 3596//73 3593//257 3594//72 3597//72 
f 3582//71 3584//71 3593//257 3596//73 
f 3599//77 3600//78 3598//72 3597//72 
f 3601//78 3599//77 3597//72 3594//72 
f 3602//79 3603//79 3600//78 3599//77 
f 3604//79 3602//79 3599//77 3601//78 
f 3605//77 3606//77 3592//72 3591//72 
f 3607//79 3608//79 3606//77 3605//77 
f 3606//77 3601//78 3594//72 3592//72 
f 3608//79 3604//79 3601//78 3606//77 
f 3609//81 3610//81 3611//80 3612//80 
f 3613//81 3609//81 3612//80 3614//80 
f 3608//79 3607//79 3610//81 3609//81 
f 3604//79 3608//79 3609//81 3613//81 
f 3615//81 3616//81 3617//80 3618//80 
f 3603//79 3602//79 3616//81 3615//81 
f 3616//81 3613//81 3614//80 3617//80 
f 3602//79 3604//79 3613//81 3616//81 
f 3619//82 3620//82 3618//80 3617//80 
f 3621//82 3619//82 3617//80 3614//80 
f 3622//83 3623//83 3620//82 3619//82 
f 3624//83 3622//83 3619//82 3621//82 
f 3625//82 3626//82 3612//80 3611//80 
f 3627//83 3628//83 3626//82 3625//82 
f 3626//82 3621//82 3614//80 3612//80 
f 3628//83 3624//83 3621//82 3626//82 
f 3629//85 3630//85 3631//84 3632//84 
f 3633//85 3629//85 3632//84 3634//84 
f 3628//83 3627//83 3630//85 3629//85 
f 3624//83 3628//83 3629//85 3633//85 
f 3635//85 3636//85 3637//84 3638//84 
f 3623//83 3622//83 3636//85 3635//85 
f 3636//85 3633//85 3634//84 3637//84 
f 3622//83 3624//83 3633//85 3636//85 
f 3639//86 3640//86 3638//84 3637//84 
f 3641//86 3639//86 3637//84 3634//84 
f 3642//87 3643//87 3640//86 3639//86 
f 3644//258 3642//87 3639//86 3641//86 
f 3645//86 3646//86 3632//84 3631//84 
f 3647//87 3648//87 3646//86 3645//86 
f 3646//86 3641//86 3634//84 3632//84 
f 3648//87 3644//258 3641//86 3646//86 
f 3649//89 3650//89 3651//91 3652//88 
f 3653//89 3649//89 3652//88 3654//91 
f 3648//87 3647//87 3650//89 3649//89 
f 3644//258 3648//87 3649//89 3653//89 
f 3655//89 3656//89 3657//88 3658//90 
f 3643//87 3642//87 3656//89 3655//89 
f 3656//89 3653//89 3654//91 3657//88 
f 3642//87 3644//258 3653//89 3656//89 
f 3659//92 3660//92 3658//90 3657//88 
f 3661//92 3659//92 3657//88 3654//91 
f 3662//93 3663//93 3660//92 3659//92 
f 3664//93 3662//93 3659//92 3661//92 
f 3665//92 3666//92 3652//88 3651//91 
f 3667//93 3668//93 3666//92 3665//92 
f 3666//92 3661//92 3654//91 3652//88 
f 3668//93 3664//93 3661//92 3666//92 
f 3669//95 3670//95 3671//96 3672//1184 
f 3673//95 3669//95 3672//1184 3674//96 
f 3668//93 3667//93 3670//95 3669//95 
f 3664//93 3668//93 3669//95 3673//95 
f 3675//95 3676//95 3677//96 3678//96 
f 3663//93 3662//93 3676//95 3675//95 
f 3676//95 3673//95 3674//96 3677//96 
f 3662//93 3664//93 3673//95 3676//95 
f 3679//105 3680//105 3678//96 3677//96 
f 3681//98 3679//105 3677//96 3674//96 
f 3682//104 3683//104 3680//105 3679//105 
f 3684//99 3682//104 3679//105 3681//98 
f 3685//105 3686//98 3672//1184 3671//96 
f 3687//104 3688//99 3686//98 3685//105 
f 3686//98 3681//98 3674//96 3672//1184 
f 3688//99 3684//99 3681//98 3686//98 
f 3689//102 3690//1185 3691//101 3692//103 
f 3693//102 3689//102 3692//103 3694//103 
f 3688//99 3687//104 3690//1185 3689//102 
f 3684//99 3688//99 3689//102 3693//102 
f 3695//102 3696//102 3697//101 3698//101 
f 3683//104 3682//104 3696//102 3695//102 
f 3696//102 3693//102 3694//103 3697//101 
f 3682//104 3684//99 3693//102 3696//102 
f 3699//106 3700//106 3698//101 3697//101 
f 3701//106 3699//106 3697//101 3694//103 
f 3702//107 3703//107 3700//106 3699//106 
f 3704//107 3702//107 3699//106 3701//106 
f 3705//111 3706//106 3692//103 3691//101 
f 3707//107 3708//107 3706//106 3705//111 
f 3706//106 3701//106 3694//103 3692//103 
f 3708//107 3704//107 3701//106 3706//106 
f 3709//109 3710//109 3711//108 3712//110 
f 3713//109 3709//109 3712//110 3714//110 
f 3708//107 3707//107 3710//109 3709//109 
f 3704//107 3708//107 3709//109 3713//109 
f 3715//109 3716//350 3717//110 3718//108 
f 3703//107 3702//107 3716//350 3715//109 
f 3716//350 3713//109 3714//110 3717//110 
f 3702//107 3704//107 3713//109 3716//350 
f 3719//112 3720//112 3718//108 3717//110 
f 3721//112 3719//112 3717//110 3714//110 
f 3722//113 3723//113 3720//112 3719//112 
f 3724//113 3722//113 3719//112 3721//112 
f 3725//112 3726//112 3712//110 3711//108 
f 3727//113 3728//263 3726//112 3725//112 
f 3726//112 3721//112 3714//110 3712//110 
f 3728//263 3724//113 3721//112 3726//112 
f 3729//115 3730//115 3731//114 3732//114 
f 3733//115 3729//115 3732//114 3734//114 
f 3728//263 3727//113 3730//115 3729//115 
f 3724//113 3728//263 3729//115 3733//115 
f 3735//115 3736//115 3737//114 3738//114 
f 3723//113 3722//113 3736//115 3735//115 
f 3736//115 3733//115 3734//114 3737//114 
f 3722//113 3724//113 3733//115 3736//115 
f 3739//116 3740//116 3738//114 3737//114 
f 3741//116 3739//116 3737//114 3734//114 
f 3742//117 3743//117 3740//116 3739//116 
f 3744//117 3742//117 3739//116 3741//116 
f 3745//116 3746//116 3732//114 3731//114 
f 3747//117 3748//117 3746//116 3745//116 
f 3746//116 3741//116 3734//114 3732//114 
f 3748//117 3744//117 3741//116 3746//116 
f 3749//119 3750//120 3751//118 3752//118 
f 3753//119 3749//119 3752//118 3754//118 
f 3748//117 3747//117 3750//120 3749//119 
f 3744//117 3748//117 3749//119 3753//119 
f 3755//119 3756//119 3757//118 3758//118 
f 3743//117 3742//117 3756//119 3755//119 
f 3756//119 3753//119 3754//118 3757//118 
f 3742//117 3744//117 3753//119 3756//119 
f 3759//121 3760//121 3758//118 3757//118 
f 3761//121 3759//121 3757//118 3754//118 
f 3762//122 3763//122 3760//121 3759//121 
f 3764//122 3762//122 3759//121 3761//121 
f 3765//121 3766//121 3752//118 3751//118 
f 3767//122 3768//122 3766//121 3765//121 
f 3766//121 3761//121 3754//118 3752//118 
f 3768//122 3764//122 3761//121 3766//121 
f 3769//124 3770//124 3771//125 3772//123 
f 3773//124 3769//124 3772//123 3774//125 
f 3768//122 3767//122 3770//124 3769//124 
f 3764//122 3768//122 3769//124 3773//124 
f 3775//124 3776//124 3777//123 3778//125 
f 3763//122 3762//122 3776//124 3775//124 
f 3776//124 3773//124 3774//125 3777//123 
f 3762//122 3764//122 3773//124 3776//124 
f 3779//265 3780//126 3778//125 3777//123 
f 3781//265 3779//265 3777//123 3774//125 
f 3782//127 3783//127 3780//126 3779//265 
f 3784//127 3782//127 3779//265 3781//265 
f 3785//126 3786//265 3772//123 3771//125 
f 3787//127 3788//127 3786//265 3785//126 
f 3786//265 3781//265 3774//125 3772//123 
f 3788//127 3784//127 3781//265 3786//265 
f 3789//129 3790//129 3791//130 3792//128 
f 3793//129 3789//129 3792//128 3794//130 
f 3788//127 3787//127 3790//129 3789//129 
f 3784//127 3788//127 3789//129 3793//129 
f 3795//129 3796//129 3797//130 3798//130 
f 3783//127 3782//127 3796//129 3795//129 
f 3796//129 3793//129 3794//130 3797//130 
f 3782//127 3784//127 3793//129 3796//129 
f 3799//135 3800//135 3798//130 3797//130 
f 3801//131 3799//135 3797//130 3794//130 
f 3802//271 3803//132 3800//135 3799//135 
f 3804//132 3802//271 3799//135 3801//131 
f 3805//135 3806//131 3792//128 3791//130 
f 3807//132 3808//132 3806//131 3805//135 
f 3806//131 3801//131 3794//130 3792//128 
f 3808//132 3804//132 3801//131 3806//131 
f 3809//134 3810//134 3811//133 3812//133 
f 3813//134 3809//134 3812//133 3814//133 
f 3808//132 3807//132 3810//134 3809//134 
f 3804//132 3808//132 3809//134 3813//134 
f 3815//134 3816//134 3817//133 3818//270 
f 3803//132 3802//271 3816//134 3815//134 
f 3816//134 3813//134 3814//133 3817//133 
f 3802//271 3804//132 3813//134 3816//134 
f 3819//352 3820//352 3818//270 3817//133 
f 3821//136 3819//352 3817//133 3814//133 
f 3822//138 3823//138 3820//352 3819//352 
f 3824//137 3822//138 3819//352 3821//136 
f 3825//136 3826//136 3812//133 3811//133 
f 3827//138 3828//272 3826//136 3825//136 
f 3826//136 3821//136 3814//133 3812//133 
f 3828//272 3824//137 3821//136 3826//136 
f 3829//141 3830//141 3831//139 3832//139 
f 3833//141 3829//141 3832//139 3834//139 
f 3828//272 3827//138 3830//141 3829//141 
f 3824//137 3828//272 3829//141 3833//141 
f 3835//140 3836//140 3837//139 3838//139 
f 3823//138 3822//138 3836//140 3835//140 
f 3836//140 3833//141 3834//139 3837//139 
f 3822//138 3824//137 3833//141 3836//140 
f 3839//422 3840//142 3838//139 3837//139 
f 3841//142 3839//422 3837//139 3834//139 
f 3842//147 3843//147 3840//142 3839//422 
f 3844//143 3842//147 3839//422 3841//142 
f 3845//142 3846//142 3832//139 3831//139 
f 3847//147 3848//143 3846//142 3845//142 
f 3846//142 3841//142 3834//139 3832//139 
f 3848//143 3844//143 3841//142 3846//142 
f 3849//145 3850//145 3851//144 3852//144 
f 3853//145 3849//145 3852//144 3854//146 
f 3848//143 3847//147 3850//145 3849//145 
f 3844//143 3848//143 3849//145 3853//145 
f 3855//145 3856//145 3857//144 3858//144 
f 3843//147 3842//147 3856//145 3855//145 
f 3856//145 3853//145 3854//146 3857//144 
f 3842//147 3844//143 3853//145 3856//145 
f 3859//148 3860//148 3858//144 3857//144 
f 3861//148 3859//148 3857//144 3854//146 
f 3862//149 3863//149 3860//148 3859//148 
f 3864//149 3862//149 3859//148 3861//148 
f 3865//148 3866//148 3852//144 3851//144 
f 3867//149 3868//149 3866//148 3865//148 
f 3866//148 3861//148 3854//146 3852//144 
f 3868//149 3864//149 3861//148 3866//148 
f 3869//151 3870//151 3871//278 3872//150 
f 3873//151 3869//151 3872//150 3874//152 
f 3868//149 3867//149 3870//151 3869//151 
f 3864//149 3868//149 3869//151 3873//151 
f 3875//151 3876//151 3877//150 3878//152 
f 3863//149 3862//149 3876//151 3875//151 
f 3876//151 3873//151 3874//152 3877//150 
f 3862//149 3864//149 3873//151 3876//151 
f 3879//153 3880//153 3878//152 3877//150 
f 3881//153 3879//153 3877//150 3874//152 
f 3882//154 3883//154 3880//153 3879//153 
f 3884//154 3882//154 3879//153 3881//153 
f 3885//153 3886//153 3872//150 3871//278 
f 3887//154 3888//154 3886//153 3885//153 
f 3886//153 3881//153 3874//152 3872//150 
f 3888//154 3884//154 3881//153 3886//153 
f 3889//156 3890//156 3891//155 3892//155 
f 3893//156 3889//156 3892//155 3894//155 
f 3888//154 3887//154 3890//156 3889//156 
f 3884//154 3888//154 3889//156 3893//156 
f 3895//156 3896//156 3897//155 3898//155 
f 3883//154 3882//154 3896//156 3895//156 
f 3896//156 3893//156 3894//155 3897//155 
f 3882//154 3884//154 3893//156 3896//156 
f 3899//158 3900//158 3898//155 3897//155 
f 3901//158 3899//158 3897//155 3894//155 
f 3902//163 3903//163 3900//158 3899//158 
f 3904//163 3902//163 3899//158 3901//158 
f 3905//158 3906//158 3892//155 3891//155 
f 3907//163 3908//159 3906//158 3905//158 
f 3906//158 3901//158 3894//155 3892//155 
f 3908//159 3904//163 3901//158 3906//158 
f 3909//161 3910//161 3911//160 3912//160 
f 3913//161 3909//161 3912//160 3914//160 
f 3908//159 3907//163 3910//161 3909//161 
f 3904//163 3908//159 3909//161 3913//161 
f 3915//161 3916//161 3917//160 3918//160 
f 3903//163 3902//163 3916//161 3915//161 
f 3916//161 3913//161 3914//160 3917//160 
f 3902//163 3904//163 3913//161 3916//161 
f 3919//164 3920//164 3918//160 3917//160 
f 3921//164 3919//164 3917//160 3914//160 
f 3922//165 3923//165 3920//164 3919//164 
f 3924//165 3922//165 3919//164 3921//164 
f 3925//164 3926//164 3912//160 3911//160 
f 3927//165 3928//165 3926//164 3925//164 
f 3926//164 3921//164 3914//160 3912//160 
f 3928//165 3924//165 3921//164 3926//164 
f 3929//167 3930//167 3931//168 3932//166 
f 3933//167 3929//167 3932//166 3934//168 
f 3928//165 3927//165 3930//167 3929//167 
f 3924//165 3928//165 3929//167 3933//167 
f 3935//167 3936//167 3937//166 3938//168 
f 3923//165 3922//165 3936//167 3935//167 
f 3936//167 3933//167 3934//168 3937//166 
f 3922//165 3924//165 3933//167 3936//167 
f 3939//170 3940//171 3938//168 3937//166 
f 3941//174 3939//170 3937//166 3934//168 
f 3942//1186 3943//1187 3940//171 3939//170 
f 3944//1188 3942//1186 3939//170 3941//174 
f 3945//188 3946//188 3932//166 3931//168 
f 3947//187 3948//286 3946//188 3945//188 
f 3946//188 3941//174 3934//168 3932//166 
f 3948//286 3944//1188 3941//174 3946//188 
f 3949//1189 3950//185 3951//433 3952//1190 
f 3953//1191 3949//1189 3952//1190 3954//1192 
f 3948//286 3947//187 3950//185 3949//1189 
f 3944//1188 3948//286 3949//1189 3953//1191 
f 3955//1193 3956//1194 3957//1195 3958//1196 
f 3943//1187 3942//1186 3956//1194 3955//1193 
f 3956//1194 3953//1191 3954//1192 3957//1195 
f 3942//1186 3944//1188 3953//1191 3956//1194 
f 3959//1197 3960//1198 3958//1196 3957//1195 
f 3961//1199 3959//1197 3957//1195 3954//1192 
f 3962//1200 3963//1201 3960//1198 3959//1197 
f 3964//1202 3962//1200 3959//1197 3961//1199 
f 3965//1203 3966//1204 3952//1190 3951//433 
f 3967//442 3968//1205 3966//1204 3965//1203 
f 3966//1204 3961//1199 3954//1192 3952//1190 
f 3968//1205 3964//1202 3961//1199 3966//1204 
f 3969//200 3970//202 3971//198 3972//201 
f 3973//199 3969//200 3972//201 3974//198 
f 3968//1205 3967//442 3970//202 3969//200 
f 3964//1202 3968//1205 3969//200 3973//199 
f 3975//197 3976//196 3977//195 3978//195 
f 3963//1201 3962//1200 3976//196 3975//197 
f 3976//196 3973//199 3974//198 3977//195 
f 3962//1200 3964//1202 3973//199 3976//196 
f 3979//212 3980//207 3978//195 3977//195 
f 3981//207 3979//212 3977//195 3974//198 
f 3982//208 3983//208 3980//207 3979//212 
f 3984//208 3982//208 3979//212 3981//207 
f 3985//212 3986//212 3972//201 3971//198 
f 3987//208 3988//208 3986//212 3985//212 
f 3986//212 3981//207 3974//198 3972//201 
f 3988//208 3984//208 3981//207 3986//212 
f 3989//209 3990//211 3426//2 3425//2 
f 3991//211 3989//209 3425//2 3419//2 
f 3988//208 3987//208 3990//211 3989//209 
f 3984//208 3988//208 3989//209 3991//211 
f 3992//210 3993//211 3417//2 3416//2 
f 3983//208 3982//208 3993//211 3992//210 
f 3993//211 3991//211 3419//2 3417//2 
f 3982//208 3984//208 3991//211 3993//211 
f 3994//1 3423//1 3426//2 3995//2 
f 3996//213 3994//1 3995//2 3997//2 
f 3998//4 3427//4 3423//1 3994//1 
f 3999//4 3998//4 3994//1 3996//213 
f 4000//213 4001//213 4002//2 4003//216 
f 4004//5 4005//3 4001//213 4000//213 
f 4001//213 3996//213 3997//2 4002//2 
f 4005//3 3999//4 3996//213 4001//213 
f 4006//1206 4007//214 4008//215 4009//6 
f 4010//7 4006//1206 4009//6 4011//6 
f 4005//3 4004//5 4007//214 4006//1206 
f 3999//4 4005//3 4006//1206 4010//7 
f 3430//7 4012//7 4013//215 3431//6 
f 3427//4 3998//4 4012//7 3430//7 
f 4012//7 4010//7 4011//6 4013//215 
f 3998//4 3999//4 4010//7 4012//7 
f 4014//217 3445//8 3431//6 4013//215 
f 4015//217 4014//217 4013//215 4011//6 
f 4016//9 3447//9 3445//8 4014//217 
f 4017//375 4016//9 4014//217 4015//217 
f 4018//217 4019//8 4009//6 4008//215 
f 4020//9 4021//9 4019//8 4018//217 
f 4019//8 4015//217 4011//6 4009//6 
f 4021//9 4017//375 4015//217 4019//8 
f 4022//219 4023//218 4024//10 4025//10 
f 4026//11 4022//219 4025//10 4027//10 
f 4021//9 4020//9 4023//218 4022//219 
f 4017//375 4021//9 4022//219 4026//11 
f 3450//11 4028//11 4029//10 3451//10 
f 3447//9 4016//9 4028//11 3450//11 
f 4028//11 4026//11 4027//10 4029//10 
f 4016//9 4017//375 4026//11 4028//11 
f 4030//12 3465//12 3451//10 4029//10 
f 4031//12 4030//12 4029//10 4027//10 
f 4032//13 3467//13 3465//12 4030//12 
f 4033//13 4032//13 4030//12 4031//12 
f 4034//12 4035//12 4025//10 4024//10 
f 4036//220 4037//13 4035//12 4034//12 
f 4035//12 4031//12 4027//10 4025//10 
f 4037//13 4033//13 4031//12 4035//12 
f 4038//15 4039//15 4040//14 4041//14 
f 4042//15 4038//15 4041//14 4043//14 
f 4037//13 4036//220 4039//15 4038//15 
f 4033//13 4037//13 4038//15 4042//15 
f 3470//15 4044//15 4045//14 3471//14 
f 3467//13 4032//13 4044//15 3470//15 
f 4044//15 4042//15 4043//14 4045//14 
f 4032//13 4033//13 4042//15 4044//15 
f 4046//16 3485//16 3471//14 4045//14 
f 4047//16 4046//16 4045//14 4043//14 
f 4048//17 3487//17 3485//16 4046//16 
f 4049//221 4048//17 4046//16 4047//16 
f 4050//16 4051//16 4041//14 4040//14 
f 4052//17 4053//17 4051//16 4050//16 
f 4051//16 4047//16 4043//14 4041//14 
f 4053//17 4049//221 4047//16 4051//16 
f 4054//222 4055//222 4056//20 4057//20 
f 4058//19 4054//222 4057//20 4059//20 
f 4053//17 4052//17 4055//222 4054//222 
f 4049//221 4053//17 4054//222 4058//19 
f 3490//19 4060//19 4061//18 3491//20 
f 3487//17 4048//17 4060//19 3490//19 
f 4060//19 4058//19 4059//20 4061//18 
f 4048//17 4049//221 4058//19 4060//19 
f 4062//38 3505//38 3491//20 4061//18 
f 4063//25 4062//38 4061//18 4059//20 
f 4064//1207 3507//37 3505//38 4062//38 
f 4065//1208 4064//1207 4062//38 4063//25 
f 4066//22 4067//21 4057//20 4056//20 
f 4068//1209 4069//1210 4067//21 4066//22 
f 4067//21 4063//25 4059//20 4057//20 
f 4069//1210 4065//1208 4063//25 4067//21 
f 4070//1211 4071//1212 4072//1213 4073//1214 
f 4074//1215 4070//1211 4073//1214 4075//1216 
f 4069//1210 4068//1209 4071//1212 4070//1211 
f 4065//1208 4069//1210 4070//1211 4074//1215 
f 3510//36 4076//1217 4077//1218 3511//35 
f 3507//37 4064//1207 4076//1217 3510//36 
f 4076//1217 4074//1215 4075//1216 4077//1218 
f 4064//1207 4065//1208 4074//1215 4076//1217 
f 4078//1219 3525//1182 3511//35 4077//1218 
f 4079//1220 4078//1219 4077//1218 4075//1216 
f 4080//51 3527//52 3525//1182 4078//1219 
f 4081//1221 4080//51 4078//1219 4079//1220 
f 4082//1222 4083//1223 4073//1214 4072//1213 
f 4084//1224 4085//1225 4083//1223 4082//1222 
f 4083//1223 4079//1220 4075//1216 4073//1214 
f 4085//1225 4081//1221 4079//1220 4083//1223 
f 4086//1226 4087//1227 4088//1228 4089//1229 
f 4090//1230 4086//1226 4089//1229 4091//1231 
f 4085//1225 4084//1224 4087//1227 4086//1226 
f 4081//1221 4085//1225 4086//1226 4090//1230 
f 3530//49 4092//1232 4093//50 3531//50 
f 3527//52 4080//51 4092//1232 3530//49 
f 4092//1232 4090//1230 4091//1231 4093//50 
f 4080//51 4081//1221 4090//1230 4092//1232 
f 4094//55 3545//55 3531//50 4093//50 
f 4095//55 4094//55 4093//50 4091//1231 
f 4096//58 3547//56 3545//55 4094//55 
f 4097//58 4096//58 4094//55 4095//55 
f 4098//1233 4099//1234 4089//1229 4088//1228 
f 4100//253 4101//56 4099//1234 4098//1233 
f 4099//1234 4095//55 4091//1231 4089//1229 
f 4101//56 4097//58 4095//55 4099//1234 
f 4102//62 4103//251 4104//61 4105//59 
f 4106//62 4102//62 4105//59 4107//59 
f 4101//56 4100//253 4103//251 4102//62 
f 4097//58 4101//56 4102//62 4106//62 
f 3550//62 4108//62 4109//61 3551//61 
f 3547//56 4096//58 4108//62 3550//62 
f 4108//62 4106//62 4107//59 4109//61 
f 4096//58 4097//58 4106//62 4108//62 
f 4110//256 3565//64 3551//61 4109//61 
f 4111//64 4110//256 4109//61 4107//59 
f 4112//65 3567//65 3565//64 4110//256 
f 4113//65 4112//65 4110//256 4111//64 
f 4114//256 4115//418 4105//59 4104//61 
f 4116//65 4117//65 4115//418 4114//256 
f 4115//418 4111//64 4107//59 4105//59 
f 4117//65 4113//65 4111//64 4115//418 
f 4118//67 4119//67 4120//1150 4121//66 
f 4122//67 4118//67 4121//66 4123//1150 
f 4117//65 4116//65 4119//67 4118//67 
f 4113//65 4117//65 4118//67 4122//67 
f 3570//68 4124//67 4125//66 3571//66 
f 3567//65 4112//65 4124//67 3570//68 
f 4124//67 4122//67 4123//1150 4125//66 
f 4112//65 4113//65 4122//67 4124//67 
f 4126//70 3585//76 3571//66 4125//66 
f 4127//69 4126//70 4125//66 4123//1150 
f 4128//71 3587//75 3585//76 4126//70 
f 4129//71 4128//71 4126//70 4127//69 
f 4130//76 4131//70 4121//66 4120//1150 
f 4132//75 4133//71 4131//70 4130//76 
f 4131//70 4127//69 4123//1150 4121//66 
f 4133//71 4129//71 4127//69 4131//70 
f 4134//257 4135//257 4136//72 4137//72 
f 4138//257 4134//257 4137//72 4139//72 
f 4133//71 4132//75 4135//257 4134//257 
f 4129//71 4133//71 4134//257 4138//257 
f 3590//257 4140//257 4141//72 3591//72 
f 3587//75 4128//71 4140//257 3590//257 
f 4140//257 4138//257 4139//72 4141//72 
f 4128//71 4129//71 4138//257 4140//257 
f 4142//77 3605//77 3591//72 4141//72 
f 4143//77 4142//77 4141//72 4139//72 
f 4144//79 3607//79 3605//77 4142//77 
f 4145//79 4144//79 4142//77 4143//77 
f 4146//77 4147//77 4137//72 4136//72 
f 4148//79 4149//79 4147//77 4146//77 
f 4147//77 4143//77 4139//72 4137//72 
f 4149//79 4145//79 4143//77 4147//77 
f 4150//81 4151//81 4152//80 4153//80 
f 4154//81 4150//81 4153//80 4155//80 
f 4149//79 4148//79 4151//81 4150//81 
f 4145//79 4149//79 4150//81 4154//81 
f 3610//81 4156//81 4157//80 3611//80 
f 3607//79 4144//79 4156//81 3610//81 
f 4156//81 4154//81 4155//80 4157//80 
f 4144//79 4145//79 4154//81 4156//81 
f 4158//82 3625//82 3611//80 4157//80 
f 4159//82 4158//82 4157//80 4155//80 
f 4160//83 3627//83 3625//82 4158//82 
f 4161//83 4160//83 4158//82 4159//82 
f 4162//82 4163//82 4153//80 4152//80 
f 4164//83 4165//83 4163//82 4162//82 
f 4163//82 4159//82 4155//80 4153//80 
f 4165//83 4161//83 4159//82 4163//82 
f 4166//85 4167//85 4168//84 4169//84 
f 4170//85 4166//85 4169//84 4171//84 
f 4165//83 4164//83 4167//85 4166//85 
f 4161//83 4165//83 4166//85 4170//85 
f 3630//85 4172//85 4173//84 3631//84 
f 3627//83 4160//83 4172//85 3630//85 
f 4172//85 4170//85 4171//84 4173//84 
f 4160//83 4161//83 4170//85 4172//85 
f 4174//86 3645//86 3631//84 4173//84 
f 4175//86 4174//86 4173//84 4171//84 
f 4176//87 3647//87 3645//86 4174//86 
f 4177//258 4176//87 4174//86 4175//86 
f 4178//86 4179//86 4169//84 4168//84 
f 4180//87 4181//87 4179//86 4178//86 
f 4179//86 4175//86 4171//84 4169//84 
f 4181//87 4177//258 4175//86 4179//86 
f 4182//89 4183//259 4184//91 4185//91 
f 4186//89 4182//89 4185//91 4187//91 
f 4181//87 4180//87 4183//259 4182//89 
f 4177//258 4181//87 4182//89 4186//89 
f 3650//89 4188//89 4189//88 3651//91 
f 3647//87 4176//87 4188//89 3650//89 
f 4188//89 4186//89 4187//91 4189//88 
f 4176//87 4177//258 4186//89 4188//89 
f 4190//92 3665//92 3651//91 4189//88 
f 4191//92 4190//92 4189//88 4187//91 
f 4192//93 3667//93 3665//92 4190//92 
f 4193//93 4192//93 4190//92 4191//92 
f 4194//261 4195//261 4185//91 4184//91 
f 4196//93 4197//93 4195//261 4194//261 
f 4195//261 4191//92 4187//91 4185//91 
f 4197//93 4193//93 4191//92 4195//261 
f 4198//95 4199//95 4200//96 4201//94 
f 4202//95 4198//95 4201//94 4203//96 
f 4197//93 4196//93 4199//95 4198//95 
f 4193//93 4197//93 4198//95 4202//95 
f 3670//95 4204//95 4205//96 3671//96 
f 3667//93 4192//93 4204//95 3670//95 
f 4204//95 4202//95 4203//96 4205//96 
f 4192//93 4193//93 4202//95 4204//95 
f 4206//105 3685//105 3671//96 4205//96 
f 4207//262 4206//105 4205//96 4203//96 
f 4208//99 3687//104 3685//105 4206//105 
f 4209//104 4208//99 4206//105 4207//262 
f 4210//105 4211//105 4201//94 4200//96 
f 4212//104 4213//99 4211//105 4210//105 
f 4211//105 4207//262 4203//96 4201//94 
f 4213//99 4209//104 4207//262 4211//105 
f 4214//102 4215//102 4216//101 4217//103 
f 4218//102 4214//102 4217//103 4219//101 
f 4213//99 4212//104 4215//102 4214//102 
f 4209//104 4213//99 4214//102 4218//102 
f 3690//1185 4220//102 4221//103 3691//101 
f 3687//104 4208//99 4220//102 3690//1185 
f 4220//102 4218//102 4219//101 4221//103 
f 4208//99 4209//104 4218//102 4220//102 
f 4222//106 3705//111 3691//101 4221//103 
f 4223//106 4222//106 4221//103 4219//101 
f 4224//107 3707//107 3705//111 4222//106 
f 4225//107 4224//107 4222//106 4223//106 
f 4226//106 4227//111 4217//103 4216//101 
f 4228//107 4229//107 4227//111 4226//106 
f 4227//111 4223//106 4219//101 4217//103 
f 4229//107 4225//107 4223//106 4227//111 
f 4230//109 4231//109 4232//108 4233//110 
f 4234//109 4230//109 4233//110 4235//110 
f 4229//107 4228//107 4231//109 4230//109 
f 4225//107 4229//107 4230//109 4234//109 
f 3710//109 4236//109 4237//108 3711//108 
f 3707//107 4224//107 4236//109 3710//109 
f 4236//109 4234//109 4235//110 4237//108 
f 4224//107 4225//107 4234//109 4236//109 
f 4238//112 3725//112 3711//108 4237//108 
f 4239//112 4238//112 4237//108 4235//110 
f 4240//113 3727//113 3725//112 4238//112 
f 4241//113 4240//113 4238//112 4239//112 
f 4242//112 4243//112 4233//110 4232//108 
f 4244//263 4245//113 4243//112 4242//112 
f 4243//112 4239//112 4235//110 4233//110 
f 4245//113 4241//113 4239//112 4243//112 
f 4246//115 4247//115 4248//114 4249//114 
f 4250//115 4246//115 4249//114 4251//114 
f 4245//113 4244//263 4247//115 4246//115 
f 4241//113 4245//113 4246//115 4250//115 
f 3730//115 4252//115 4253//114 3731//114 
f 3727//113 4240//113 4252//115 3730//115 
f 4252//115 4250//115 4251//114 4253//114 
f 4240//113 4241//113 4250//115 4252//115 
f 4254//116 3745//116 3731//114 4253//114 
f 4255//116 4254//116 4253//114 4251//114 
f 4256//117 3747//117 3745//116 4254//116 
f 4257//117 4256//117 4254//116 4255//116 
f 4258//116 4259//116 4249//114 4248//114 
f 4260//117 4261//117 4259//116 4258//116 
f 4259//116 4255//116 4251//114 4249//114 
f 4261//117 4257//117 4255//116 4259//116 
f 4262//119 4263//119 4264//118 4265//118 
f 4266//120 4262//119 4265//118 4267//118 
f 4261//117 4260//117 4263//119 4262//119 
f 4257//117 4261//117 4262//119 4266//120 
f 3750//120 4268//119 4269//264 3751//118 
f 3747//117 4256//117 4268//119 3750//120 
f 4268//119 4266//120 4267//118 4269//264 
f 4256//117 4257//117 4266//120 4268//119 
f 4270//121 3765//121 3751//118 4269//264 
f 4271//121 4270//121 4269//264 4267//118 
f 4272//122 3767//122 3765//121 4270//121 
f 4273//122 4272//122 4270//121 4271//121 
f 4274//121 4275//121 4265//118 4264//118 
f 4276//122 4277//122 4275//121 4274//121 
f 4275//121 4271//121 4267//118 4265//118 
f 4277//122 4273//122 4271//121 4275//121 
f 4278//124 4279//124 4280//123 4281//123 
f 4282//124 4278//124 4281//123 4283//125 
f 4277//122 4276//122 4279//124 4278//124 
f 4273//122 4277//122 4278//124 4282//124 
f 3770//124 4284//124 4285//123 3771//125 
f 3767//122 4272//122 4284//124 3770//124 
f 4284//124 4282//124 4283//125 4285//123 
f 4272//122 4273//122 4282//124 4284//124 
f 4286//265 3785//126 3771//125 4285//123 
f 4287//265 4286//265 4285//123 4283//125 
f 4288//127 3787//127 3785//126 4286//265 
f 4289//266 4288//127 4286//265 4287//265 
f 4290//265 4291//265 4281//123 4280//123 
f 4292//127 4293//266 4291//265 4290//265 
f 4291//265 4287//265 4283//125 4281//123 
f 4293//266 4289//266 4287//265 4291//265 
f 4294//129 4295//129 4296//128 4297//130 
f 4298//129 4294//129 4297//130 4299//128 
f 4293//266 4292//127 4295//129 4294//129 
f 4289//266 4293//266 4294//129 4298//129 
f 3790//129 4300//129 4301//128 3791//130 
f 3787//127 4288//127 4300//129 3790//129 
f 4300//129 4298//129 4299//128 4301//128 
f 4288//127 4289//266 4298//129 4300//129 
f 4302//135 3805//135 3791//130 4301//128 
f 4303//131 4302//135 4301//128 4299//128 
f 4304//268 3807//132 3805//135 4302//135 
f 4305//268 4304//268 4302//135 4303//131 
f 4306//131 4307//131 4297//130 4296//128 
f 4308//132 4309//268 4307//131 4306//131 
f 4307//131 4303//131 4299//128 4297//130 
f 4309//268 4305//268 4303//131 4307//131 
f 4310//134 4311//134 4312//133 4313//270 
f 4314//134 4310//134 4313//270 4315//133 
f 4309//268 4308//132 4311//134 4310//134 
f 4305//268 4309//268 4310//134 4314//134 
f 3810//134 4316//1235 4317//133 3811//133 
f 3807//132 4304//268 4316//1235 3810//134 
f 4316//1235 4314//134 4315//133 4317//133 
f 4304//268 4305//268 4314//134 4316//1235 
f 4318//136 3825//136 3811//133 4317//133 
f 4319//136 4318//136 4317//133 4315//133 
f 4320//272 3827//138 3825//136 4318//136 
f 4321//272 4320//272 4318//136 4319//136 
f 4322//136 4323//136 4313//270 4312//133 
f 4324//272 4325//272 4323//136 4322//136 
f 4323//136 4319//136 4315//133 4313//270 
f 4325//272 4321//272 4319//136 4323//136 
f 4326//140 4327//140 4328//273 4329//421 
f 4330//141 4326//140 4329//421 4331//273 
f 4325//272 4324//272 4327//140 4326//140 
f 4321//272 4325//272 4326//140 4330//141 
f 3830//141 4332//140 4333//273 3831//139 
f 3827//138 4320//272 4332//140 3830//141 
f 4332//140 4330//141 4331//273 4333//273 
f 4320//272 4321//272 4330//141 4332//140 
f 4334//142 3845//142 3831//139 4333//273 
f 4335//275 4334//142 4333//273 4331//273 
f 4336//147 3847//147 3845//142 4334//142 
f 4337//143 4336//147 4334//142 4335//275 
f 4338//142 4339//422 4329//421 4328//273 
f 4340//143 4341//143 4339//422 4338//142 
f 4339//422 4335//275 4331//273 4329//421 
f 4341//143 4337//143 4335//275 4339//422 
f 4342//145 4343//145 4344//144 4345//146 
f 4346//276 4342//145 4345//146 4347//144 
f 4341//143 4340//143 4343//145 4342//145 
f 4337//143 4341//143 4342//145 4346//276 
f 3850//145 4348//145 4349//144 3851//144 
f 3847//147 4336//147 4348//145 3850//145 
f 4348//145 4346//276 4347//144 4349//144 
f 4336//147 4337//143 4346//276 4348//145 
f 4350//148 3865//148 3851//144 4349//144 
f 4351//148 4350//148 4349//144 4347//144 
f 4352//149 3867//149 3865//148 4350//148 
f 4353//277 4352//149 4350//148 4351//148 
f 4354//148 4355//148 4345//146 4344//144 
f 4356//149 4357//277 4355//148 4354//148 
f 4355//148 4351//148 4347//144 4345//146 
f 4357//277 4353//277 4351//148 4355//148 
f 4358//151 4359//151 4360//278 4361//152 
f 4362//151 4358//151 4361//152 4363//278 
f 4357//277 4356//149 4359//151 4358//151 
f 4353//277 4357//277 4358//151 4362//151 
f 3870//151 4364//151 4365//278 3871//278 
f 3867//149 4352//149 4364//151 3870//151 
f 4364//151 4362//151 4363//278 4365//278 
f 4352//149 4353//277 4362//151 4364//151 
f 4366//153 3885//153 3871//278 4365//278 
f 4367//279 4366//153 4365//278 4363//278 
f 4368//154 3887//154 3885//153 4366//153 
f 4369//154 4368//154 4366//153 4367//279 
f 4370//279 4371//153 4361//152 4360//278 
f 4372//280 4373//154 4371//153 4370//279 
f 4371//153 4367//279 4363//278 4361//152 
f 4373//154 4369//154 4367//279 4371//153 
f 4374//156 4375//156 4376//157 4377//155 
f 4378//156 4374//156 4377//155 4379//155 
f 4373//154 4372//280 4375//156 4374//156 
f 4369//154 4373//154 4374//156 4378//156 
f 3890//156 4380//156 4381//157 3891//155 
f 3887//154 4368//154 4380//156 3890//156 
f 4380//156 4378//156 4379//155 4381//157 
f 4368//154 4369//154 4378//156 4380//156 
f 4382//1236 3905//158 3891//155 4381//157 
f 4383//158 4382//1236 4381//157 4379//155 
f 4384//159 3907//163 3905//158 4382//1236 
f 4385//163 4384//159 4382//1236 4383//158 
f 4386//158 4387//158 4377//155 4376//157 
f 4388//159 4389//163 4387//158 4386//158 
f 4387//158 4383//158 4379//155 4377//155 
f 4389//163 4385//163 4383//158 4387//158 
f 4390//161 4391//161 4392//282 4393//281 
f 4394//161 4390//161 4393//281 4395//281 
f 4389//163 4388//159 4391//161 4390//161 
f 4385//163 4389//163 4390//161 4394//161 
f 3910//161 4396//161 4397//160 3911//160 
f 3907//163 4384//159 4396//161 3910//161 
f 4396//161 4394//161 4395//281 4397//160 
f 4384//159 4385//163 4394//161 4396//161 
f 4398//164 3925//164 3911//160 4397//160 
f 4399//164 4398//164 4397//160 4395//281 
f 4400//165 3927//165 3925//164 4398//164 
f 4401//165 4400//165 4398//164 4399//164 
f 4402//285 4403//164 4393//281 4392//282 
f 4404//165 4405//284 4403//164 4402//285 
f 4403//164 4399//164 4395//281 4393//281 
f 4405//284 4401//165 4399//164 4403//164 
f 4406//167 4407//167 4408//166 4409//166 
f 4410//283 4406//167 4409//166 4411//168 
f 4405//284 4404//165 4407//167 4406//167 
f 4401//165 4405//284 4406//167 4410//283 
f 3930//167 4412//167 4413//168 3931//168 
f 3927//165 4400//165 4412//167 3930//167 
f 4412//167 4410//283 4411//168 4413//168 
f 4400//165 4401//165 4410//283 4412//167 
f 4414//188 3945//188 3931//168 4413//168 
f 4415//174 4414//188 4413//168 4411//168 
f 4416//186 3947//187 3945//188 4414//188 
f 4417//1237 4416//186 4414//188 4415//174 
f 4418//171 4419//298 4409//166 4408//166 
f 4420//1238 4421//1239 4419//298 4418//171 
f 4419//298 4415//174 4411//168 4409//166 
f 4421//1239 4417//1237 4415//174 4419//298 
f 4422//1240 4423//1241 4424//1242 4425//1243 
f 4426//1244 4422//1240 4425//1243 4427//1245 
f 4421//1239 4420//1238 4423//1241 4422//1240 
f 4417//1237 4421//1239 4422//1240 4426//1244 
f 3950//185 4428//1246 4429//1247 3951//433 
f 3947//187 4416//186 4428//1246 3950//185 
f 4428//1246 4426//1244 4427//1245 4429//1247 
f 4416//186 4417//1237 4426//1244 4428//1246 
f 4430//1248 3965//1203 3951//433 4429//1247 
f 4431//1249 4430//1248 4429//1247 4427//1245 
f 4432//203 3967//442 3965//1203 4430//1248 
f 4433//441 4432//203 4430//1248 4431//1249 
f 4434//1250 4435//1251 4425//1243 4424//1242 
f 4436//1252 4437//1253 4435//1251 4434//1250 
f 4435//1251 4431//1249 4427//1245 4425//1243 
f 4437//1253 4433//441 4431//1249 4435//1251 
f 4438//196 4439//197 4440//198 4441//198 
f 4442//199 4438//196 4441//198 4443//198 
f 4437//1253 4436//1252 4439//197 4438//196 
f 4433//441 4437//1253 4438//196 4442//199 
f 3970//202 4444//202 4445//201 3971//198 
f 3967//442 4432//203 4444//202 3970//202 
f 4444//202 4442//199 4443//198 4445//201 
f 4432//203 4433//441 4442//199 4444//202 
f 4446//212 3985//212 3971//198 4445//201 
f 4447//212 4446//212 4445//201 4443//198 
f 4448//208 3987//208 3985//212 4446//212 
f 4449//1254 4448//208 4446//212 4447//212 
f 4450//212 4451//212 4441//198 4440//198 
f 4452//208 4453//208 4451//212 4450//212 
f 4451//212 4447//212 4443//198 4441//198 
f 4453//208 4449//1254 4447//212 4451//212 
f 4454//209 4455//209 4003//216 4002//2 
f 4456//211 4454//209 4002//2 3997//2 
f 4453//208 4452//208 4455//209 4454//209 
f 4449//1254 4453//208 4454//209 4456//211 
f 3990//211 4457//209 3995//2 3426//2 
f 3987//208 4448//208 4457//209 3990//211 
f 4457//209 4456//211 3997//2 3995//2 
f 4448//208 4449//1254 4456//211 4457//209 
s 256
f 4458//1255 4459//1255 4460//1256 4461//1256 
f 4462//1255 4458//1255 4461//1256 4463//1255 
f 4464//1257 4465//1255 4459//1255 4458//1255 
f 4466//1255 4464//1257 4458//1255 4462//1255 
f 4467//1255 4468//1255 4469//1256 4470//1256 
f 4471//1255 4472//1255 4468//1255 4467//1255 
f 4468//1255 4462//1255 4463//1255 4469//1256 
f 4472//1255 4466//1255 4462//1255 4468//1255 
f 4473//1258 4474//1256 4475//1256 4476//1258 
f 4477//1255 4473//1258 4476//1258 4478//1258 
f 4472//1255 4471//1255 4474//1256 4473//1258 
f 4466//1255 4472//1255 4473//1258 4477//1255 
f 4479//1255 4480//1255 4481//1258 4482//1258 
f 4465//1255 4464//1257 4480//1255 4479//1255 
f 4480//1255 4477//1255 4478//1258 4481//1258 
f 4464//1257 4466//1255 4477//1255 4480//1255 
f 4483//1259 4484//1259 4482//1258 4481//1258 
f 4485//1255 4483//1259 4481//1258 4478//1258 
f 4486//1256 4487//1256 4484//1259 4483//1259 
f 4488//1256 4486//1256 4483//1259 4485//1255 
f 4489//1258 4490//1258 4476//1258 4475//1256 
f 4491//1258 4492//1258 4490//1258 4489//1258 
f 4490//1258 4485//1255 4478//1258 4476//1258 
f 4492//1258 4488//1256 4485//1255 4490//1258 
f 4493//1258 4494//1258 4495//1258 4496//1258 
f 4497//1259 4493//1258 4496//1258 4498//1259 
f 4492//1258 4491//1258 4494//1258 4493//1258 
f 4488//1256 4492//1258 4493//1258 4497//1259 
f 4499//1259 4500//1259 4501//1259 4502//1258 
f 4487//1256 4486//1256 4500//1259 4499//1259 
f 4500//1259 4497//1259 4498//1259 4501//1259 
f 4486//1256 4488//1256 4497//1259 4500//1259 
f 4503//1259 4504//1260 4502//1258 4501//1259 
f 4505//1261 4503//1259 4501//1259 4498//1259 
f 4506//1262 4507//1263 4504//1260 4503//1259 
f 4508//1264 4506//1262 4503//1259 4505//1261 
f 4509//1258 4510//1258 4496//1258 4495//1258 
f 4511//1265 4512//1265 4510//1258 4509//1258 
f 4510//1258 4505//1261 4498//1259 4496//1258 
f 4512//1265 4508//1264 4505//1261 4510//1258 
f 4513//1266 4514//1266 4515//1267 4516//1268 
f 4517//1266 4513//1266 4516//1268 4518//1269 
f 4512//1265 4511//1265 4514//1266 4513//1266 
f 4508//1264 4512//1265 4513//1266 4517//1266 
f 4519//1270 4520//1270 4521//1268 4522//1268 
f 4507//1263 4506//1262 4520//1270 4519//1270 
f 4520//1270 4517//1266 4518//1269 4521//1268 
f 4506//1262 4508//1264 4517//1266 4520//1270 
f 4523//1271 4524//1271 4522//1268 4521//1268 
f 4525//1271 4523//1271 4521//1268 4518//1269 
f 4526//1272 4527//1273 4524//1271 4523//1271 
f 4528//1274 4526//1272 4523//1271 4525//1271 
f 4529//1275 4530//1275 4516//1268 4515//1267 
f 4531//1273 4532//1273 4530//1275 4529//1275 
f 4530//1275 4525//1271 4518//1269 4516//1268 
f 4532//1273 4528//1274 4525//1271 4530//1275 
f 4533//1276 4534//1276 4535//1275 4536//1271 
f 4537//1277 4533//1276 4536//1271 4538//1278 
f 4532//1273 4531//1273 4534//1276 4533//1276 
f 4528//1274 4532//1273 4533//1276 4537//1277 
f 4539//1277 4540//1277 4541//1279 4542//1279 
f 4527//1273 4526//1272 4540//1277 4539//1277 
f 4540//1277 4537//1277 4538//1278 4541//1279 
f 4526//1272 4528//1274 4537//1277 4540//1277 
s 1
f 4543//1280 4082//1222 4072//1213 4544//1281 
f 4545//1282 4543//1280 4544//1281 4546//1283 
f 4547//1284 4084//1224 4082//1222 4543//1280 
f 4548//1285 4547//1284 4543//1280 4545//1282 
f 4549//1286 4550//1287 4551//1288 4552//1289 
f 4553//1290 4554//1291 4550//1287 4549//1286 
f 4550//1287 4545//1282 4546//1283 4551//1288 
f 4554//1291 4548//1285 4545//1282 4550//1287 
f 4555//1292 4556//1293 4557//1294 4558//1295 
f 4559//1296 4555//1292 4558//1295 4560//1297 
f 4554//1291 4553//1290 4556//1293 4555//1292 
f 4548//1285 4554//1291 4555//1292 4559//1296 
f 4087//1227 4561//1298 4562//1299 4088//1228 
f 4084//1224 4547//1284 4561//1298 4087//1227 
f 4561//1298 4559//1296 4560//1297 4562//1299 
f 4547//1284 4548//1285 4559//1296 4561//1298 
f 4563//1300 4098//1233 4088//1228 4562//1299 
f 4564//1301 4563//1300 4562//1299 4560//1297 
f 4565//342 4100//253 4098//1233 4563//1300 
f 4566//344 4565//342 4563//1300 4564//1301 
f 4567//1302 4568//1303 4558//1295 4557//1294 
f 4569//346 4570//345 4568//1303 4567//1302 
f 4568//1303 4564//1301 4560//1297 4558//1295 
f 4570//345 4566//344 4564//1301 4568//1303 
f 4571//62 4572//251 4573//61 4574//59 
f 4575//62 4571//62 4574//59 4576//61 
f 4570//345 4569//346 4572//251 4571//62 
f 4566//344 4570//345 4571//62 4575//62 
f 4103//251 4577//251 4578//61 4104//61 
f 4100//253 4565//342 4577//251 4103//251 
f 4577//251 4575//62 4576//61 4578//61 
f 4565//342 4566//344 4575//62 4577//251 
f 4579//256 4114//256 4104//61 4578//61 
f 4580//64 4579//256 4578//61 4576//61 
f 4581//65 4116//65 4114//256 4579//256 
f 4582//65 4581//65 4579//256 4580//64 
f 4583//256 4584//418 4574//59 4573//61 
f 4585//65 4586//65 4584//418 4583//256 
f 4584//418 4580//64 4576//61 4574//59 
f 4586//65 4582//65 4580//64 4584//418 
f 4587//1149 4588//67 4589//1150 4590//66 
f 4591//1149 4587//1149 4590//66 4592//66 
f 4586//65 4585//65 4588//67 4587//1149 
f 4582//65 4586//65 4587//1149 4591//1149 
f 4119//67 4593//67 4594//1150 4120//1150 
f 4116//65 4581//65 4593//67 4119//67 
f 4593//67 4591//1149 4592//66 4594//1150 
f 4581//65 4582//65 4591//1149 4593//67 
f 4595//70 4130//76 4120//1150 4594//1150 
f 4596//70 4595//70 4594//1150 4592//66 
f 4597//75 4132//75 4130//76 4595//70 
f 4598//71 4597//75 4595//70 4596//70 
f 4599//70 4600//69 4590//66 4589//1150 
f 4601//71 4602//71 4600//69 4599//70 
f 4600//69 4596//70 4592//66 4590//66 
f 4602//71 4598//71 4596//70 4600//69 
f 4603//257 4604//257 4605//72 4606//72 
f 4607//257 4603//257 4606//72 4608//72 
f 4602//71 4601//71 4604//257 4603//257 
f 4598//71 4602//71 4603//257 4607//257 
f 4135//257 4609//257 4610//72 4136//72 
f 4132//75 4597//75 4609//257 4135//257 
f 4609//257 4607//257 4608//72 4610//72 
f 4597//75 4598//71 4607//257 4609//257 
f 4611//77 4146//77 4136//72 4610//72 
f 4612//77 4611//77 4610//72 4608//72 
f 4613//79 4148//79 4146//77 4611//77 
f 4614//1304 4613//79 4611//77 4612//77 
f 4615//77 4616//77 4606//72 4605//72 
f 4617//79 4618//79 4616//77 4615//77 
f 4616//77 4612//77 4608//72 4606//72 
f 4618//79 4614//1304 4612//77 4616//77 
f 4619//81 4620//81 4621//80 4622//80 
f 4623//1305 4619//81 4622//80 4624//80 
f 4618//79 4617//79 4620//81 4619//81 
f 4614//1304 4618//79 4619//81 4623//1305 
f 4151//81 4625//81 4626//80 4152//80 
f 4148//79 4613//79 4625//81 4151//81 
f 4625//81 4623//1305 4624//80 4626//80 
f 4613//79 4614//1304 4623//1305 4625//81 
f 4627//82 4162//82 4152//80 4626//80 
f 4628//82 4627//82 4626//80 4624//80 
f 4629//83 4164//83 4162//82 4627//82 
f 4630//83 4629//83 4627//82 4628//82 
f 4631//82 4632//82 4622//80 4621//80 
f 4633//83 4634//83 4632//82 4631//82 
f 4632//82 4628//82 4624//80 4622//80 
f 4634//83 4630//83 4628//82 4632//82 
f 4635//85 4636//85 4637//84 4638//84 
f 4639//1306 4635//85 4638//84 4640//84 
f 4634//83 4633//83 4636//85 4635//85 
f 4630//83 4634//83 4635//85 4639//1306 
f 4167//85 4641//85 4642//84 4168//84 
f 4164//83 4629//83 4641//85 4167//85 
f 4641//85 4639//1306 4640//84 4642//84 
f 4629//83 4630//83 4639//1306 4641//85 
f 4643//86 4178//86 4168//84 4642//84 
f 4644//86 4643//86 4642//84 4640//84 
f 4645//87 4180//87 4178//86 4643//86 
f 4646//258 4645//87 4643//86 4644//86 
f 4647//86 4648//86 4638//84 4637//84 
f 4649//258 4650//87 4648//86 4647//86 
f 4648//86 4644//86 4640//84 4638//84 
f 4650//87 4646//258 4644//86 4648//86 
f 4651//259 4652//259 4653//91 4654//91 
f 4655//259 4651//259 4654//91 4656//88 
f 4650//87 4649//258 4652//259 4651//259 
f 4646//258 4650//87 4651//259 4655//259 
f 4183//259 4657//259 4658//91 4184//91 
f 4180//87 4645//87 4657//259 4183//259 
f 4657//259 4655//259 4656//88 4658//91 
f 4645//87 4646//258 4655//259 4657//259 
f 4659//261 4194//261 4184//91 4658//91 
f 4660//261 4659//261 4658//91 4656//88 
f 4661//349 4196//93 4194//261 4659//261 
f 4662//349 4661//349 4659//261 4660//261 
f 4663//261 4664//261 4654//91 4653//91 
f 4665//349 4666//349 4664//261 4663//261 
f 4664//261 4660//261 4656//88 4654//91 
f 4666//349 4662//349 4660//261 4664//261 
f 4667//95 4668//95 4669//96 4670//96 
f 4671//95 4667//95 4670//96 4672//96 
f 4666//349 4665//349 4668//95 4667//95 
f 4662//349 4666//349 4667//95 4671//95 
f 4199//95 4673//95 4674//96 4200//96 
f 4196//93 4661//349 4673//95 4199//95 
f 4673//95 4671//95 4672//96 4674//96 
f 4661//349 4662//349 4671//95 4673//95 
f 4675//105 4210//105 4200//96 4674//96 
f 4676//105 4675//105 4674//96 4672//96 
f 4677//104 4212//104 4210//105 4675//105 
f 4678//99 4677//104 4675//105 4676//105 
f 4679//105 4680//105 4670//96 4669//96 
f 4681//99 4682//99 4680//105 4679//105 
f 4680//105 4676//105 4672//96 4670//96 
f 4682//99 4678//99 4676//105 4680//105 
f 4683//102 4684//102 4685//103 4686//103 
f 4687//102 4683//102 4686//103 4688//101 
f 4682//99 4681//99 4684//102 4683//102 
f 4678//99 4682//99 4683//102 4687//102 
f 4215//102 4689//1185 4690//101 4216//101 
f 4212//104 4677//104 4689//1185 4215//102 
f 4689//1185 4687//102 4688//101 4690//101 
f 4677//104 4678//99 4687//102 4689//1185 
f 4691//106 4226//106 4216//101 4690//101 
f 4692//106 4691//106 4690//101 4688//101 
f 4693//107 4228//107 4226//106 4691//106 
f 4694//107 4693//107 4691//106 4692//106 
f 4695//111 4696//106 4686//103 4685//103 
f 4697//107 4698//107 4696//106 4695//111 
f 4696//106 4692//106 4688//101 4686//103 
f 4698//107 4694//107 4692//106 4696//106 
f 4699//109 4700//109 4701//108 4702//108 
f 4703//109 4699//109 4702//108 4704//110 
f 4698//107 4697//107 4700//109 4699//109 
f 4694//107 4698//107 4699//109 4703//109 
f 4231//109 4705//109 4706//110 4232//108 
f 4228//107 4693//107 4705//109 4231//109 
f 4705//109 4703//109 4704//110 4706//110 
f 4693//107 4694//107 4703//109 4705//109 
f 4707//112 4242//112 4232//108 4706//110 
f 4708//112 4707//112 4706//110 4704//110 
f 4709//113 4244//263 4242//112 4707//112 
f 4710//113 4709//113 4707//112 4708//112 
f 4711//112 4712//112 4702//108 4701//108 
f 4713//113 4714//113 4712//112 4711//112 
f 4712//112 4708//112 4704//110 4702//108 
f 4714//113 4710//113 4708//112 4712//112 
f 4715//115 4716//115 4717//114 4718//114 
f 4719//115 4715//115 4718//114 4720//114 
f 4714//113 4713//113 4716//115 4715//115 
f 4710//113 4714//113 4715//115 4719//115 
f 4247//115 4721//115 4722//114 4248//114 
f 4244//263 4709//113 4721//115 4247//115 
f 4721//115 4719//115 4720//114 4722//114 
f 4709//113 4710//113 4719//115 4721//115 
f 4723//116 4258//116 4248//114 4722//114 
f 4724//116 4723//116 4722//114 4720//114 
f 4725//117 4260//117 4258//116 4723//116 
f 4726//117 4725//117 4723//116 4724//116 
f 4727//116 4728//116 4718//114 4717//114 
f 4729//117 4730//117 4728//116 4727//116 
f 4728//116 4724//116 4720//114 4718//114 
f 4730//117 4726//117 4724//116 4728//116 
f 4731//120 4732//120 4733//118 4734//264 
f 4735//120 4731//120 4734//264 4736//264 
f 4730//117 4729//117 4732//120 4731//120 
f 4726//117 4730//117 4731//120 4735//120 
f 4263//119 4737//120 4738//264 4264//118 
f 4260//117 4725//117 4737//120 4263//119 
f 4737//120 4735//120 4736//264 4738//264 
f 4725//117 4726//117 4735//120 4737//120 
f 4739//121 4274//121 4264//118 4738//264 
f 4740//121 4739//121 4738//264 4736//264 
f 4741//122 4276//122 4274//121 4739//121 
f 4742//122 4741//122 4739//121 4740//121 
f 4743//121 4744//121 4734//264 4733//118 
f 4745//122 4746//122 4744//121 4743//121 
f 4744//121 4740//121 4736//264 4734//264 
f 4746//122 4742//122 4740//121 4744//121 
f 4747//124 4748//124 4749//123 4750//123 
f 4751//124 4747//124 4750//123 4752//123 
f 4746//122 4745//122 4748//124 4747//124 
f 4742//122 4746//122 4747//124 4751//124 
f 4279//124 4753//124 4754//123 4280//123 
f 4276//122 4741//122 4753//124 4279//124 
f 4753//124 4751//124 4752//123 4754//123 
f 4741//122 4742//122 4751//124 4753//124 
f 4755//265 4290//265 4280//123 4754//123 
f 4756//265 4755//265 4754//123 4752//123 
f 4757//127 4292//127 4290//265 4755//265 
f 4758//127 4757//127 4755//265 4756//265 
f 4759//265 4760//265 4750//123 4749//123 
f 4761//127 4762//127 4760//265 4759//265 
f 4760//265 4756//265 4752//123 4750//123 
f 4762//127 4758//127 4756//265 4760//265 
f 4763//129 4764//129 4765//130 4766//128 
f 4767//129 4763//129 4766//128 4768//128 
f 4762//127 4761//127 4764//129 4763//129 
f 4758//127 4762//127 4763//129 4767//129 
f 4295//129 4769//129 4770//128 4296//128 
f 4292//127 4757//127 4769//129 4295//129 
f 4769//129 4767//129 4768//128 4770//128 
f 4757//127 4758//127 4767//129 4769//129 
f 4771//131 4306//131 4296//128 4770//128 
f 4772//131 4771//131 4770//128 4768//128 
f 4773//271 4308//132 4306//131 4771//131 
f 4774//271 4773//271 4771//131 4772//131 
f 4775//131 4776//135 4766//128 4765//130 
f 4777//132 4778//132 4776//135 4775//131 
f 4776//135 4772//131 4768//128 4766//128 
f 4778//132 4774//271 4772//131 4776//135 
f 4779//134 4780//134 4781//133 4782//133 
f 4783//134 4779//134 4782//133 4784//133 
f 4778//132 4777//132 4780//134 4779//134 
f 4774//271 4778//132 4779//134 4783//134 
f 4311//134 4785//134 4786//133 4312//133 
f 4308//132 4773//271 4785//134 4311//134 
f 4785//134 4783//134 4784//133 4786//133 
f 4773//271 4774//271 4783//134 4785//134 
f 4787//136 4322//136 4312//133 4786//133 
f 4788//136 4787//136 4786//133 4784//133 
f 4789//138 4324//272 4322//136 4787//136 
f 4790//138 4789//138 4787//136 4788//136 
f 4791//136 4792//136 4782//133 4781//133 
f 4793//272 4794//272 4792//136 4791//136 
f 4792//136 4788//136 4784//133 4782//133 
f 4794//272 4790//138 4788//136 4792//136 
f 4795//140 4796//140 4797//421 4798//273 
f 4799//140 4795//140 4798//273 4800//273 
f 4794//272 4793//272 4796//140 4795//140 
f 4790//138 4794//272 4795//140 4799//140 
f 4327//140 4801//140 4802//273 4328//273 
f 4324//272 4789//138 4801//140 4327//140 
f 4801//140 4799//140 4800//273 4802//273 
f 4789//138 4790//138 4799//140 4801//140 
f 4803//142 4338//142 4328//273 4802//273 
f 4804//142 4803//142 4802//273 4800//273 
f 4805//143 4340//143 4338//142 4803//142 
f 4806//143 4805//143 4803//142 4804//142 
f 4807//142 4808//142 4798//273 4797//421 
f 4809//143 4810//143 4808//142 4807//142 
f 4808//142 4804//142 4800//273 4798//273 
f 4810//143 4806//143 4804//142 4808//142 
f 4811//145 4812//145 4813//144 4814//146 
f 4815//145 4811//145 4814//146 4816//144 
f 4810//143 4809//143 4812//145 4811//145 
f 4806//143 4810//143 4811//145 4815//145 
f 4343//145 4817//145 4818//144 4344//144 
f 4340//143 4805//143 4817//145 4343//145 
f 4817//145 4815//145 4816//144 4818//144 
f 4805//143 4806//143 4815//145 4817//145 
f 4819//148 4354//148 4344//144 4818//144 
f 4820//148 4819//148 4818//144 4816//144 
f 4821//149 4356//149 4354//148 4819//148 
f 4822//149 4821//149 4819//148 4820//148 
f 4823//148 4824//148 4814//146 4813//144 
f 4825//277 4826//149 4824//148 4823//148 
f 4824//148 4820//148 4816//144 4814//146 
f 4826//149 4822//149 4820//148 4824//148 
f 4827//151 4828//151 4829//152 4830//278 
f 4831//151 4827//151 4830//278 4832//278 
f 4826//149 4825//277 4828//151 4827//151 
f 4822//149 4826//149 4827//151 4831//151 
f 4359//151 4833//151 4834//152 4360//278 
f 4356//149 4821//149 4833//151 4359//151 
f 4833//151 4831//151 4832//278 4834//152 
f 4821//149 4822//149 4831//151 4833//151 
f 4835//279 4370//279 4360//278 4834//152 
f 4836//279 4835//279 4834//152 4832//278 
f 4837//353 4372//280 4370//279 4835//279 
f 4838//353 4837//353 4835//279 4836//279 
f 4839//153 4840//279 4830//278 4829//152 
f 4841//154 4842//154 4840//279 4839//153 
f 4840//279 4836//279 4832//278 4830//278 
f 4842//154 4838//353 4836//279 4840//279 
f 4843//156 4844//156 4845//157 4846//155 
f 4847//156 4843//156 4846//155 4848//354 
f 4842//154 4841//154 4844//156 4843//156 
f 4838//353 4842//154 4843//156 4847//156 
f 4375//156 4849//156 4850//155 4376//157 
f 4372//280 4837//353 4849//156 4375//156 
f 4849//156 4847//156 4848//354 4850//155 
f 4837//353 4838//353 4847//156 4849//156 
f 4851//158 4386//158 4376//157 4850//155 
f 4852//158 4851//158 4850//155 4848//354 
f 4853//1307 4388//159 4386//158 4851//158 
f 4854//159 4853//1307 4851//158 4852//158 
f 4855//360 4856//158 4846//155 4845//157 
f 4857//359 4858//358 4856//158 4855//360 
f 4856//158 4852//158 4848//354 4846//155 
f 4858//358 4854//159 4852//158 4856//158 
f 4859//355 4860//357 4861//356 4862//356 
f 4863//355 4859//355 4862//356 4864//282 
f 4858//358 4857//359 4860//357 4859//355 
f 4854//159 4858//358 4859//355 4863//355 
f 4391//161 4865//162 4866//282 4392//282 
f 4388//159 4853//1307 4865//162 4391//161 
f 4865//162 4863//355 4864//282 4866//282 
f 4853//1307 4854//159 4863//355 4865//162 
f 4867//285 4402//285 4392//282 4866//282 
f 4868//285 4867//285 4866//282 4864//282 
f 4869//169 4404//165 4402//285 4867//285 
f 4870//169 4869//169 4867//285 4868//285 
f 4871//361 4872//361 4862//356 4861//356 
f 4873//169 4874//165 4872//361 4871//361 
f 4872//361 4868//285 4864//282 4862//356 
f 4874//165 4870//169 4868//285 4872//361 
f 4875//167 4876//167 4877//168 4878//168 
f 4879//167 4875//167 4878//168 4880//168 
f 4874//165 4873//169 4876//167 4875//167 
f 4870//169 4874//165 4875//167 4879//167 
f 4407//167 4881//167 4882//166 4408//166 
f 4404//165 4869//169 4881//167 4407//167 
f 4881//167 4879//167 4880//168 4882//166 
f 4869//169 4870//169 4879//167 4881//167 
f 4883//362 4418//171 4408//166 4882//166 
f 4884//362 4883//362 4882//166 4880//168 
f 4885//371 4420//1238 4418//171 4883//362 
f 4886//364 4885//371 4883//362 4884//362 
f 4887//171 4888//362 4878//168 4877//168 
f 4889//1308 4890//363 4888//362 4887//171 
f 4888//362 4884//362 4880//168 4878//168 
f 4890//363 4886//364 4884//362 4888//362 
f 4891//1309 4892//1310 4893//1311 4894//365 
f 4895//367 4891//1309 4894//365 4896//365 
f 4890//363 4889//1308 4892//1310 4891//1309 
f 4886//364 4890//363 4891//1309 4895//367 
f 4423//1241 4897//368 4898//365 4424//1242 
f 4420//1238 4885//371 4897//368 4423//1241 
f 4897//368 4895//367 4896//365 4898//365 
f 4885//371 4886//364 4895//367 4897//368 
s 256
f 4899//1312 4900//1265 4901//1265 4902//1265 
f 4903//1265 4899//1312 4902//1265 4904//1265 
f 4905//1265 4906//1261 4900//1265 4899//1312 
f 4907//1263 4905//1265 4899//1312 4903//1265 
f 4908//1265 4909//1312 4910//1312 4911//1265 
f 4912//1265 4913//1265 4909//1312 4908//1265 
f 4909//1312 4903//1265 4904//1265 4910//1312 
f 4913//1265 4907//1263 4903//1265 4909//1312 
f 4914//1312 4915//1312 4916//1260 4917//1312 
f 4918//1260 4914//1312 4917//1312 4919//1312 
f 4913//1265 4912//1265 4915//1312 4914//1312 
f 4907//1263 4913//1265 4914//1312 4918//1260 
f 4920//1265 4921//1312 4922//1312 4923//1260 
f 4906//1261 4905//1265 4921//1312 4920//1265 
f 4921//1312 4918//1260 4919//1312 4922//1312 
f 4905//1265 4907//1263 4918//1260 4921//1312 
f 4924//1259 4925//1258 4923//1260 4922//1312 
f 4926//1259 4924//1259 4922//1312 4919//1312 
f 4927//1256 4928//1256 4925//1258 4924//1259 
f 4929//1256 4927//1256 4924//1259 4926//1259 
f 4930//1256 4931//1256 4917//1312 4916//1260 
f 4932//1255 4933//1255 4931//1256 4930//1256 
f 4931//1256 4926//1259 4919//1312 4917//1312 
f 4933//1255 4929//1256 4926//1259 4931//1256 
f 4934//1256 4935//1256 4470//1256 4469//1256 
f 4936//1256 4934//1256 4469//1256 4463//1255 
f 4933//1255 4932//1255 4935//1256 4934//1256 
f 4929//1256 4933//1255 4934//1256 4936//1256 
f 4937//1256 4938//1256 4461//1256 4460//1256 
f 4928//1256 4927//1256 4938//1256 4937//1256 
f 4938//1256 4936//1256 4463//1255 4461//1256 
f 4927//1256 4929//1256 4936//1256 4938//1256 
s 1
f 4939//213 4940//213 4941//2 4942//2 
f 4943//213 4939//213 4942//2 4944//2 
f 4945//3 4946//4 4940//213 4939//213 
f 4947//4 4945//3 4939//213 4943//213 
f 4948//1 4949//213 4950//2 4951//2 
f 4952//3 4953//3 4949//213 4948//1 
f 4949//213 4943//213 4944//2 4950//2 
f 4953//3 4947//4 4943//213 4949//213 
f 4954//7 4955//7 4956//6 4957//6 
f 4958//1206 4954//7 4957//6 4959//6 
f 4953//3 4952//3 4955//7 4954//7 
f 4947//4 4953//3 4954//7 4958//1206 
f 4960//214 4961//214 4962//215 4963//6 
f 4946//4 4945//3 4961//214 4960//214 
f 4961//214 4958//1206 4959//6 4962//215 
f 4945//3 4947//4 4958//1206 4961//214 
f 4964//8 4965//217 4963//6 4962//215 
f 4966//217 4964//8 4962//215 4959//6 
f 4967//9 4968//375 4965//217 4964//8 
f 4969//375 4967//9 4964//8 4966//217 
f 4970//8 4971//8 4957//6 4956//6 
f 4972//9 4973//9 4971//8 4970//8 
f 4971//8 4966//217 4959//6 4957//6 
f 4973//9 4969//375 4966//217 4971//8 
f 4974//11 4975//11 4976//10 4977//10 
f 4978//11 4974//11 4977//10 4979//10 
f 4973//9 4972//9 4975//11 4974//11 
f 4969//375 4973//9 4974//11 4978//11 
f 4980//218 4981//218 4982//10 4983//10 
f 4968//375 4967//9 4981//218 4980//218 
f 4981//218 4978//11 4979//10 4982//10 
f 4967//9 4969//375 4978//11 4981//218 
f 4984//12 4985//12 4983//10 4982//10 
f 4986//12 4984//12 4982//10 4979//10 
f 4987//13 4988//220 4985//12 4984//12 
f 4989//13 4987//13 4984//12 4986//12 
f 4990//12 4991//12 4977//10 4976//10 
f 4992//13 4993//13 4991//12 4990//12 
f 4991//12 4986//12 4979//10 4977//10 
f 4993//13 4989//13 4986//12 4991//12 
f 4994//15 4995//15 4996//14 4997//14 
f 4998//15 4994//15 4997//14 4999//14 
f 4993//13 4992//13 4995//15 4994//15 
f 4989//13 4993//13 4994//15 4998//15 
f 5000//376 5001//15 5002//14 5003//1313 
f 4988//220 4987//13 5001//15 5000//376 
f 5001//15 4998//15 4999//14 5002//14 
f 4987//13 4989//13 4998//15 5001//15 
f 5004//377 5005//377 5003//1313 5002//14 
f 5006//377 5004//377 5002//14 4999//14 
f 5007//378 5008//378 5005//377 5004//377 
f 5009//378 5007//378 5004//377 5006//377 
f 5010//377 5011//377 4997//14 4996//14 
f 5012//378 5013//378 5011//377 5010//377 
f 5011//377 5006//377 4999//14 4997//14 
f 5013//378 5009//378 5006//377 5011//377 
f 5014//380 5015//380 5016//379 5017//379 
f 5018//380 5014//380 5017//379 5019//379 
f 5013//378 5012//378 5015//380 5014//380 
f 5009//378 5013//378 5014//380 5018//380 
f 5020//380 5021//380 5022//379 5023//379 
f 5008//378 5007//378 5021//380 5020//380 
f 5021//380 5018//380 5019//379 5022//379 
f 5007//378 5009//378 5018//380 5021//380 
f 5024//381 5025//382 5023//379 5022//379 
f 5026//385 5024//381 5022//379 5019//379 
f 5027//1314 5028//1315 5025//382 5024//381 
f 5029//1316 5027//1314 5024//381 5026//385 
f 5030//397 5031//397 5017//379 5016//379 
f 5032//396 5033//1317 5031//397 5030//397 
f 5031//397 5026//385 5019//379 5017//379 
f 5033//1317 5029//1316 5026//385 5031//397 
f 5034//1318 5035//394 5036//35 5037//1319 
f 5038//1320 5034//1318 5037//1319 5039//1321 
f 5033//1317 5032//396 5035//394 5034//1318 
f 5029//1316 5033//1317 5034//1318 5038//1320 
f 5040//1322 5041//1323 5042//1324 4552//1289 
f 5028//1315 5027//1314 5041//1323 5040//1322 
f 5041//1323 5038//1320 5039//1321 5042//1324 
f 5027//1314 5029//1316 5038//1320 5041//1323 
f 5043//1325 4549//1286 4552//1289 5042//1324 
f 5044//1326 5043//1325 5042//1324 5039//1321 
f 5045//1327 4553//1290 4549//1286 5043//1325 
f 5046//1328 5045//1327 5043//1325 5044//1326 
f 5047//1329 5048//1330 5037//1319 5036//35 
f 5049//409 5050//1331 5048//1330 5047//1329 
f 5048//1330 5044//1326 5039//1321 5037//1319 
f 5050//1331 5046//1328 5044//1326 5048//1330 
f 5051//1332 5052//406 5053//407 5054//407 
f 5055//1333 5051//1332 5054//407 5056//1334 
f 5050//1331 5049//409 5052//406 5051//1332 
f 5046//1328 5050//1331 5051//1332 5055//1333 
f 4556//1293 5057//1335 5058//1336 4557//1294 
f 4553//1290 5045//1327 5057//1335 4556//1293 
f 5057//1335 5055//1333 5056//1334 5058//1336 
f 5045//1327 5046//1328 5055//1333 5057//1335 
f 5059//1337 4567//1302 4557//1294 5058//1336 
f 5060//414 5059//1337 5058//1336 5056//1334 
f 5061//416 4569//346 4567//1302 5059//1337 
f 5062//416 5061//416 5059//1337 5060//414 
f 5063//417 5064//417 5054//407 5053//407 
f 5065//416 5066//416 5064//417 5063//417 
f 5064//417 5060//414 5056//1334 5054//407 
f 5066//416 5062//416 5060//414 5064//417 
f 5067//60 5068//60 5069//59 5070//59 
f 5071//251 5067//60 5070//59 5072//61 
f 5066//416 5065//416 5068//60 5067//60 
f 5062//416 5066//416 5067//60 5071//251 
f 4572//251 5073//251 5074//61 4573//61 
f 4569//346 5061//416 5073//251 4572//251 
f 5073//251 5071//251 5072//61 5074//61 
f 5061//416 5062//416 5071//251 5073//251 
f 5075//256 4583//256 4573//61 5074//61 
f 5076//256 5075//256 5074//61 5072//61 
f 5077//65 4585//65 4583//256 5075//256 
f 5078//65 5077//65 5075//256 5076//256 
f 5079//64 5080//64 5070//59 5069//59 
f 5081//65 5082//65 5080//64 5079//64 
f 5080//64 5076//256 5072//61 5070//59 
f 5082//65 5078//65 5076//256 5080//64 
f 5083//67 5084//67 5085//66 5086//66 
f 5087//67 5083//67 5086//66 5088//1150 
f 5082//65 5081//65 5084//67 5083//67 
f 5078//65 5082//65 5083//67 5087//67 
f 4588//67 5089//67 5090//1150 4589//1150 
f 4585//65 5077//65 5089//67 4588//67 
f 5089//67 5087//67 5088//1150 5090//1150 
f 5077//65 5078//65 5087//67 5089//67 
f 5091//70 4599//70 4589//1150 5090//1150 
f 5092//70 5091//70 5090//1150 5088//1150 
f 5093//75 4601//71 4599//70 5091//70 
f 5094//71 5093//75 5091//70 5092//70 
f 5095//69 5096//70 5086//66 5085//66 
f 5097//71 5098//71 5096//70 5095//69 
f 5096//70 5092//70 5088//1150 5086//66 
f 5098//71 5094//71 5092//70 5096//70 
f 5099//73 5100//73 5101//72 5102//72 
f 5103//257 5099//73 5102//72 5104//72 
f 5098//71 5097//71 5100//73 5099//73 
f 5094//71 5098//71 5099//73 5103//257 
f 4604//257 5105//257 5106//72 4605//72 
f 4601//71 5093//75 5105//257 4604//257 
f 5105//257 5103//257 5104//72 5106//72 
f 5093//75 5094//71 5103//257 5105//257 
f 5107//77 4615//77 4605//72 5106//72 
f 5108//77 5107//77 5106//72 5104//72 
f 5109//79 4617//79 4615//77 5107//77 
f 5110//1304 5109//79 5107//77 5108//77 
f 5111//77 5112//77 5102//72 5101//72 
f 5113//1304 5114//1304 5112//77 5111//77 
f 5112//77 5108//77 5104//72 5102//72 
f 5114//1304 5110//1304 5108//77 5112//77 
f 5115//81 5116//81 5117//80 5118//80 
f 5119//1305 5115//81 5118//80 5120//1338 
f 5114//1304 5113//1304 5116//81 5115//81 
f 5110//1304 5114//1304 5115//81 5119//1305 
f 4620//81 5121//81 5122//80 4621//80 
f 4617//79 5109//79 5121//81 4620//81 
f 5121//81 5119//1305 5120//1338 5122//80 
f 5109//79 5110//1304 5119//1305 5121//81 
f 5123//82 4631//82 4621//80 5122//80 
f 5124//82 5123//82 5122//80 5120//1338 
f 5125//83 4633//83 4631//82 5123//82 
f 5126//83 5125//83 5123//82 5124//82 
f 5127//82 5128//82 5118//80 5117//80 
f 5129//83 5130//83 5128//82 5127//82 
f 5128//82 5124//82 5120//1338 5118//80 
f 5130//83 5126//83 5124//82 5128//82 
f 5131//85 5132//85 5133//84 5134//84 
f 5135//85 5131//85 5134//84 5136//84 
f 5130//83 5129//83 5132//85 5131//85 
f 5126//83 5130//83 5131//85 5135//85 
f 4636//85 5137//85 5138//84 4637//84 
f 4633//83 5125//83 5137//85 4636//85 
f 5137//85 5135//85 5136//84 5138//84 
f 5125//83 5126//83 5135//85 5137//85 
f 5139//86 4647//86 4637//84 5138//84 
f 5140//86 5139//86 5138//84 5136//84 
f 5141//87 4649//258 4647//86 5139//86 
f 5142//258 5141//87 5139//86 5140//86 
f 5143//86 5144//86 5134//84 5133//84 
f 5145//87 5146//87 5144//86 5143//86 
f 5144//86 5140//86 5136//84 5134//84 
f 5146//87 5142//258 5140//86 5144//86 
f 5147//89 5148//89 5149//88 5150//88 
f 5151//89 5147//89 5150//88 5152//91 
f 5146//87 5145//87 5148//89 5147//89 
f 5142//258 5146//87 5147//89 5151//89 
f 4652//259 5153//89 5154//91 4653//91 
f 4649//258 5141//87 5153//89 4652//259 
f 5153//89 5151//89 5152//91 5154//91 
f 5141//87 5142//258 5151//89 5153//89 
f 5155//261 4663//261 4653//91 5154//91 
f 5156//92 5155//261 5154//91 5152//91 
f 5157//93 4665//349 4663//261 5155//261 
f 5158//93 5157//93 5155//261 5156//92 
f 5159//92 5160//92 5150//88 5149//88 
f 5161//93 5162//93 5160//92 5159//92 
f 5160//92 5156//92 5152//91 5150//88 
f 5162//93 5158//93 5156//92 5160//92 
f 5163//95 5164//95 5165//94 5166//94 
f 5167//260 5163//95 5166//94 5168//96 
f 5162//93 5161//93 5164//95 5163//95 
f 5158//93 5162//93 5163//95 5167//260 
f 4668//95 5169//260 5170//94 4669//96 
f 4665//349 5157//93 5169//260 4668//95 
f 5169//260 5167//260 5168//96 5170//94 
f 5157//93 5158//93 5167//260 5169//260 
f 5171//97 4679//105 4669//96 5170//94 
f 5172//98 5171//97 5170//94 5168//96 
f 5173//99 4681//99 4679//105 5171//97 
f 5174//99 5173//99 5171//97 5172//98 
f 5175//98 5176//97 5166//94 5165//94 
f 5177//99 5178//104 5176//97 5175//98 
f 5176//97 5172//98 5168//96 5166//94 
f 5178//104 5174//99 5172//98 5176//97 
f 5179//102 5180//102 5181//103 5182//101 
f 5183//102 5179//102 5182//101 5184//103 
f 5178//104 5177//99 5180//102 5179//102 
f 5174//99 5178//104 5179//102 5183//102 
f 4684//102 5185//102 5186//101 4685//103 
f 4681//99 5173//99 5185//102 4684//102 
f 5185//102 5183//102 5184//103 5186//101 
f 5173//99 5174//99 5183//102 5185//102 
f 5187//106 4695//111 4685//103 5186//101 
f 5188//111 5187//106 5186//101 5184//103 
f 5189//107 4697//107 4695//111 5187//106 
f 5190//107 5189//107 5187//106 5188//111 
f 5191//106 5192//106 5182//101 5181//103 
f 5193//107 5194//107 5192//106 5191//106 
f 5192//106 5188//111 5184//103 5182//101 
f 5194//107 5190//107 5188//111 5192//106 
f 5195//109 5196//109 5197//108 5198//108 
f 5199//109 5195//109 5198//108 5200//110 
f 5194//107 5193//107 5196//109 5195//109 
f 5190//107 5194//107 5195//109 5199//109 
f 4700//109 5201//109 5202//110 4701//108 
f 4697//107 5189//107 5201//109 4700//109 
f 5201//109 5199//109 5200//110 5202//110 
f 5189//107 5190//107 5199//109 5201//109 
f 5203//112 4711//112 4701//108 5202//110 
f 5204//112 5203//112 5202//110 5200//110 
f 5205//113 4713//113 4711//112 5203//112 
f 5206//113 5205//113 5203//112 5204//112 
f 5207//112 5208//112 5198//108 5197//108 
f 5209//113 5210//113 5208//112 5207//112 
f 5208//112 5204//112 5200//110 5198//108 
f 5210//113 5206//113 5204//112 5208//112 
f 5211//115 5212//115 5213//114 5214//114 
f 5215//115 5211//115 5214//114 5216//114 
f 5210//113 5209//113 5212//115 5211//115 
f 5206//113 5210//113 5211//115 5215//115 
f 4716//115 5217//115 5218//114 4717//114 
f 4713//113 5205//113 5217//115 4716//115 
f 5217//115 5215//115 5216//114 5218//114 
f 5205//113 5206//113 5215//115 5217//115 
f 5219//116 4727//116 4717//114 5218//114 
f 5220//116 5219//116 5218//114 5216//114 
f 5221//117 4729//117 4727//116 5219//116 
f 5222//117 5221//117 5219//116 5220//116 
f 5223//116 5224//116 5214//114 5213//114 
f 5225//117 5226//117 5224//116 5223//116 
f 5224//116 5220//116 5216//114 5214//114 
f 5226//117 5222//117 5220//116 5224//116 
f 5227//119 5228//119 5229//118 5230//264 
f 5231//120 5227//119 5230//264 5232//118 
f 5226//117 5225//117 5228//119 5227//119 
f 5222//117 5226//117 5227//119 5231//120 
f 4732//120 5233//119 5234//118 4733//118 
f 4729//117 5221//117 5233//119 4732//120 
f 5233//119 5231//120 5232//118 5234//118 
f 5221//117 5222//117 5231//120 5233//119 
f 5235//121 4743//121 4733//118 5234//118 
f 5236//121 5235//121 5234//118 5232//118 
f 5237//122 4745//122 4743//121 5235//121 
f 5238//122 5237//122 5235//121 5236//121 
f 5239//121 5240//121 5230//264 5229//118 
f 5241//122 5242//122 5240//121 5239//121 
f 5240//121 5236//121 5232//118 5230//264 
f 5242//122 5238//122 5236//121 5240//121 
f 5243//124 5244//124 5245//123 5246//123 
f 5247//124 5243//124 5246//123 5248//125 
f 5242//122 5241//122 5244//124 5243//124 
f 5238//122 5242//122 5243//124 5247//124 
f 4748//124 5249//124 5250//123 4749//123 
f 4745//122 5237//122 5249//124 4748//124 
f 5249//124 5247//124 5248//125 5250//123 
f 5237//122 5238//122 5247//124 5249//124 
f 5251//267 4759//265 4749//123 5250//123 
f 5252//265 5251//267 5250//123 5248//125 
f 5253//266 4761//127 4759//265 5251//267 
f 5254//266 5253//266 5251//267 5252//265 
f 5255//265 5256//126 5246//123 5245//123 
f 5257//127 5258//127 5256//126 5255//265 
f 5256//126 5252//265 5248//125 5246//123 
f 5258//127 5254//266 5252//265 5256//126 
f 5259//129 5260//129 5261//130 5262//128 
f 5263//129 5259//129 5262//128 5264//130 
f 5258//127 5257//127 5260//129 5259//129 
f 5254//266 5258//127 5259//129 5263//129 
f 4764//129 5265//129 5266//130 4765//130 
f 4761//127 5253//266 5265//129 4764//129 
f 5265//129 5263//129 5264//130 5266//130 
f 5253//266 5254//266 5263//129 5265//129 
f 5267//135 4775//131 4765//130 5266//130 
f 5268//131 5267//135 5266//130 5264//130 
f 5269//132 4777//132 4775//131 5267//135 
f 5270//271 5269//132 5267//135 5268//131 
f 5271//131 5272//131 5262//128 5261//130 
f 5273//132 5274//132 5272//131 5271//131 
f 5272//131 5268//131 5264//130 5262//128 
f 5274//132 5270//271 5268//131 5272//131 
f 5275//269 5276//134 5277//133 5278//133 
f 5279//269 5275//269 5278//133 5280//133 
f 5274//132 5273//132 5276//134 5275//269 
f 5270//271 5274//132 5275//269 5279//269 
f 4780//134 5281//134 5282//133 4781//133 
f 4777//132 5269//132 5281//134 4780//134 
f 5281//134 5279//269 5280//133 5282//133 
f 5269//132 5270//271 5279//269 5281//134 
f 5283//136 4791//136 4781//133 5282//133 
f 5284//136 5283//136 5282//133 5280//133 
f 5285//138 4793//272 4791//136 5283//136 
f 5286//1339 5285//138 5283//136 5284//136 
f 5287//136 5288//136 5278//133 5277//133 
f 5289//272 5290//272 5288//136 5287//136 
f 5288//136 5284//136 5280//133 5278//133 
f 5290//272 5286//1339 5284//136 5288//136 
f 5291//140 5292//140 5293//139 5294//273 
f 5295//140 5291//140 5294//273 5296//273 
f 5290//272 5289//272 5292//140 5291//140 
f 5286//1339 5290//272 5291//140 5295//140 
f 4796//140 5297//140 5298//273 4797//421 
f 4793//272 5285//138 5297//140 4796//140 
f 5297//140 5295//140 5296//273 5298//273 
f 5285//138 5286//1339 5295//140 5297//140 
f 5299//142 4807//142 4797//421 5298//273 
f 5300//142 5299//142 5298//273 5296//273 
f 5301//143 4809//143 4807//142 5299//142 
f 5302//143 5301//143 5299//142 5300//142 
f 5303//142 5304//422 5294//273 5293//139 
f 5305//147 5306//147 5304//422 5303//142 
f 5304//422 5300//142 5296//273 5294//273 
f 5306//147 5302//143 5300//142 5304//422 
f 5307//145 5308//145 5309//144 5310//146 
f 5311//145 5307//145 5310//146 5312//144 
f 5306//147 5305//147 5308//145 5307//145 
f 5302//143 5306//147 5307//145 5311//145 
f 4812//145 5313//145 5314//144 4813//144 
f 4809//143 5301//143 5313//145 4812//145 
f 5313//145 5311//145 5312//144 5314//144 
f 5301//143 5302//143 5311//145 5313//145 
f 5315//148 4823//148 4813//144 5314//144 
f 5316//148 5315//148 5314//144 5312//144 
f 5317//277 4825//277 4823//148 5315//148 
f 5318//277 5317//277 5315//148 5316//148 
f 5319//148 5320//148 5310//146 5309//144 
f 5321//277 5322//149 5320//148 5319//148 
f 5320//148 5316//148 5312//144 5310//146 
f 5322//149 5318//277 5316//148 5320//148 
f 5323//151 5324//151 5325//278 5326//278 
f 5327//151 5323//151 5326//278 5328//278 
f 5322//149 5321//277 5324//151 5323//151 
f 5318//277 5322//149 5323//151 5327//151 
f 4828//151 5329//151 5330//278 4829//152 
f 4825//277 5317//277 5329//151 4828//151 
f 5329//151 5327//151 5328//278 5330//278 
f 5317//277 5318//277 5327//151 5329//151 
f 5331//153 4839//153 4829//152 5330//278 
f 5332//279 5331//153 5330//278 5328//278 
f 5333//154 4841//154 4839//153 5331//153 
f 5334//154 5333//154 5331//153 5332//279 
f 5335//279 5336//153 5326//278 5325//278 
f 5337//353 5338//154 5336//153 5335//279 
f 5336//153 5332//279 5328//278 5326//278 
f 5338//154 5334//154 5332//279 5336//153 
f 5339//156 5340//156 5341//155 5342//157 
f 5343//156 5339//156 5342//157 5344//354 
f 5338//154 5337//353 5340//156 5339//156 
f 5334//154 5338//154 5339//156 5343//156 
f 4844//156 5345//156 5346//155 4845//157 
f 4841//154 5333//154 5345//156 4844//156 
f 5345//156 5343//156 5344//354 5346//155 
f 5333//154 5334//154 5343//156 5345//156 
f 5347//158 4855//360 4845//157 5346//155 
f 5348//360 5347//158 5346//155 5344//354 
f 5349//358 4857//359 4855//360 5347//158 
f 5350//358 5349//358 5347//158 5348//360 
f 5351//360 5352//360 5342//157 5341//155 
f 5353//359 5354//359 5352//360 5351//360 
f 5352//360 5348//360 5344//354 5342//157 
f 5354//359 5350//358 5348//360 5352//360 
f 5355//424 5356//1340 5357//356 5358//356 
f 5359//424 5355//424 5358//356 5360//356 
f 5354//359 5353//359 5356//1340 5355//424 
f 5350//358 5354//359 5355//424 5359//424 
f 4860//357 5361//424 5362//356 4861//356 
f 4857//359 5349//358 5361//424 4860//357 
f 5361//424 5359//424 5360//356 5362//356 
f 5349//358 5350//358 5359//424 5361//424 
f 5363//361 4871//361 4861//356 5362//356 
f 5364//361 5363//361 5362//356 5360//356 
f 5365//169 4873//169 4871//361 5363//361 
f 5366//169 5365//169 5363//361 5364//361 
f 5367//361 5368//361 5358//356 5357//356 
f 5369//169 5370//169 5368//361 5367//361 
f 5368//361 5364//361 5360//356 5358//356 
f 5370//169 5366//169 5364//361 5368//361 
f 5371//283 5372//167 5373//166 5374//168 
f 5375//283 5371//283 5374//168 5376//168 
f 5370//169 5369//169 5372//167 5371//283 
f 5366//169 5370//169 5371//283 5375//283 
f 4876//167 5377//167 5378//166 4877//168 
f 4873//169 5365//169 5377//167 4876//167 
f 5377//167 5375//283 5376//168 5378//166 
f 5365//169 5366//169 5375//283 5377//167 
f 5379//170 4887//171 4877//168 5378//166 
f 5380//174 5379//170 5378//166 5376//168 
f 5381//1341 4889//1308 4887//171 5379//170 
f 5382//287 5381//1341 5379//170 5380//174 
f 5383//188 5384//188 5374//168 5373//166 
f 5385//435 5386//286 5384//188 5383//188 
f 5384//188 5380//174 5376//168 5374//168 
f 5386//286 5382//287 5380//174 5384//188 
f 5387//1342 5388//434 5389//433 5390//1343 
f 5391//1344 5387//1342 5390//1343 5392//1345 
f 5386//286 5385//435 5388//434 5387//1342 
f 5382//287 5386//286 5387//1342 5391//1344 
f 4892//1310 5393//1346 5394//1347 4893//1311 
f 4889//1308 5381//1341 5393//1346 4892//1310 
f 5393//1346 5391//1344 5392//1345 5394//1347 
f 5381//1341 5382//287 5391//1344 5393//1346 
f 5395//1348 5396//1349 4893//1311 5394//1347 
f 5397//1350 5395//1348 5394//1347 5392//1345 
f 5398//1351 5399//1352 5396//1349 5395//1348 
f 5400//302 5398//1351 5395//1348 5397//1350 
f 5401//206 5402//299 5390//1343 5389//433 
f 5403//442 5404//1205 5402//299 5401//206 
f 5402//299 5397//1350 5392//1345 5390//1343 
f 5404//1205 5400//302 5397//1350 5402//299 
f 5405//202 5406//202 5407//195 5408//198 
f 5409//1353 5405//202 5408//198 5410//195 
f 5404//1205 5403//442 5406//202 5405//202 
f 5400//302 5404//1205 5405//202 5409//1353 
f 5411//1354 5412//196 5413//198 5414//201 
f 5399//1352 5398//1351 5412//196 5411//1354 
f 5412//196 5409//1353 5410//195 5413//198 
f 5398//1351 5400//302 5409//1353 5412//196 
f 5415//212 5416//207 5414//201 5413//198 
f 5417//212 5415//212 5413//198 5410//195 
f 5418//208 5419//208 5416//207 5415//212 
f 5420//208 5418//208 5415//212 5417//212 
f 5421//207 5422//212 5408//198 5407//195 
f 5423//208 5424//208 5422//212 5421//207 
f 5422//212 5417//212 5410//195 5408//198 
f 5424//208 5420//208 5417//212 5422//212 
f 5425//211 5426//209 4951//2 4950//2 
f 5427//211 5425//211 4950//2 4944//2 
f 5424//208 5423//208 5426//209 5425//211 
f 5420//208 5424//208 5425//211 5427//211 
f 5428//209 5429//211 4942//2 4941//2 
f 5419//208 5418//208 5429//211 5428//209 
f 5429//211 5427//211 4944//2 4942//2 
f 5418//208 5420//208 5427//211 5429//211 
s 4
f 5430//445 5431//445 5432//445 5433//445 
f 5434//445 5430//445 5433//445 5435//445 
f 5436//445 5437//445 5431//445 5430//445 
f 5438//445 5436//445 5430//445 5434//445 
f 5439//445 5440//445 5441//445 5442//445 
f 5443//445 5444//445 5440//445 5439//445 
f 5440//445 5434//445 5435//445 5441//445 
f 5444//445 5438//445 5434//445 5440//445 
f 5445//445 5446//445 5447//445 5448//445 
f 5449//445 5445//445 5448//445 5450//445 
f 5444//445 5443//445 5446//445 5445//445 
f 5438//445 5444//445 5445//445 5449//445 
f 5451//445 5452//445 5453//445 5454//445 
f 5437//445 5436//445 5452//445 5451//445 
f 5452//445 5449//445 5450//445 5453//445 
f 5436//445 5438//445 5449//445 5452//445 
s 1024
f 5455//444 3515//444 3518//444 5456//444 
f 5457//444 5455//444 5456//444 5458//444 
f 5459//444 3503//444 3515//444 5455//444 
f 5460//444 5459//444 5455//444 5457//444 
f 5461//444 5462//444 5463//444 5464//444 
f 5465//444 5466//444 5462//444 5461//444 
f 5462//444 5457//444 5458//444 5463//444 
f 5466//444 5460//444 5457//444 5462//444 
f 5467//444 5468//444 3498//444 3500//444 
f 5459//444 5467//444 3500//444 3503//444 
f 5466//444 5465//444 5468//444 5467//444 
f 5460//444 5466//444 5467//444 5459//444 
f 5469//444 3495//444 3498//444 5468//444 
f 5470//444 5469//444 5468//444 5465//444 
f 5471//444 3483//444 3495//444 5469//444 
f 5472//444 5471//444 5469//444 5470//444 
f 5473//444 5474//444 5461//444 5464//444 
f 5475//444 5476//444 5474//444 5473//444 
f 5474//444 5470//444 5465//444 5461//444 
f 5476//444 5472//444 5470//444 5474//444 
f 5477//444 5478//444 5479//444 5480//444 
f 5481//444 5477//444 5480//444 5482//444 
f 5476//444 5475//444 5478//444 5477//444 
f 5472//444 5476//444 5477//444 5481//444 
f 3480//444 5483//444 5484//444 3478//444 
f 3483//444 5471//444 5483//444 3480//444 
f 5483//444 5481//444 5482//444 5484//444 
f 5471//444 5472//444 5481//444 5483//444 
f 5485//444 3475//444 3478//444 5484//444 
f 5486//444 5485//444 5484//444 5482//444 
f 5487//444 3463//444 3475//444 5485//444 
f 5488//444 5487//444 5485//444 5486//444 
f 5489//444 5490//444 5480//444 5479//444 
f 5491//444 5492//444 5490//444 5489//444 
f 5490//444 5486//444 5482//444 5480//444 
f 5492//444 5488//444 5486//444 5490//444 
f 5493//444 5494//444 5495//444 5496//444 
f 5497//444 5493//444 5496//444 5498//444 
f 5492//444 5491//444 5494//444 5493//444 
f 5488//444 5492//444 5493//444 5497//444 
f 3460//444 5499//444 5500//444 3458//444 
f 3463//444 5487//444 5499//444 3460//444 
f 5499//444 5497//444 5498//444 5500//444 
f 5487//444 5488//444 5497//444 5499//444 
f 5501//444 3455//444 3458//444 5500//444 
f 5502//444 5501//444 5500//444 5498//444 
f 5503//444 3443//444 3455//444 5501//444 
f 5504//444 5503//444 5501//444 5502//444 
f 5505//444 5506//444 5496//444 5495//444 
f 5507//444 5508//444 5506//444 5505//444 
f 5506//444 5502//444 5498//444 5496//444 
f 5508//444 5504//444 5502//444 5506//444 
f 5509//444 5510//444 5511//444 5512//444 
f 5513//444 5509//444 5512//444 5514//444 
f 5508//444 5507//444 5510//444 5509//444 
f 5504//444 5508//444 5509//444 5513//444 
f 3440//444 5515//444 5516//444 3438//444 
f 3443//444 5503//444 5515//444 3440//444 
f 5515//444 5513//444 5514//444 5516//444 
f 5503//444 5504//444 5513//444 5515//444 
f 5517//444 3435//444 3438//444 5516//444 
f 5518//444 5517//444 5516//444 5514//444 
f 5519//444 3421//444 3435//444 5517//444 
f 5520//444 5519//444 5517//444 5518//444 
f 5521//444 5522//444 5512//444 5511//444 
f 5523//444 5524//444 5522//444 5521//444 
f 5522//444 5518//444 5514//444 5512//444 
f 5524//444 5520//444 5518//444 5522//444 
f 5525//444 5526//444 5527//444 5528//444 
f 5529//444 5525//444 5528//444 5530//444 
f 5524//444 5523//444 5526//444 5525//444 
f 5520//444 5524//444 5525//444 5529//444 
f 3415//444 5531//444 5532//444 3416//444 
f 3421//444 5519//444 5531//444 3415//444 
f 5531//444 5529//444 5530//444 5532//444 
f 5519//444 5520//444 5529//444 5531//444 
f 5533//444 3992//444 3416//444 5532//444 
f 5534//444 5533//444 5532//444 5530//444 
f 5535//444 3983//444 3992//444 5533//444 
f 5536//444 5535//444 5533//444 5534//444 
f 5537//444 5538//444 5528//444 5527//444 
f 5539//444 5540//444 5538//444 5537//444 
f 5538//444 5534//444 5530//444 5528//444 
f 5540//444 5536//444 5534//444 5538//444 
f 5541//444 5542//444 5543//444 5544//444 
f 5545//444 5541//444 5544//444 5546//444 
f 5540//444 5539//444 5542//444 5541//444 
f 5536//444 5540//444 5541//444 5545//444 
f 3980//444 5547//444 5548//444 3978//444 
f 3983//444 5535//444 5547//444 3980//444 
f 5547//444 5545//444 5546//444 5548//444 
f 5535//444 5536//444 5545//444 5547//444 
f 5549//444 3975//444 3978//444 5548//444 
f 5550//444 5549//444 5548//444 5546//444 
f 5551//444 3963//444 3975//444 5549//444 
f 5552//444 5551//444 5549//444 5550//444 
f 5553//444 5554//444 5544//444 5543//444 
f 5555//444 5556//444 5554//444 5553//444 
f 5554//444 5550//444 5546//444 5544//444 
f 5556//444 5552//444 5550//444 5554//444 
f 5557//444 5558//444 5559//444 5560//444 
f 5561//444 5557//444 5560//444 5562//444 
f 5556//444 5555//444 5558//444 5557//444 
f 5552//444 5556//444 5557//444 5561//444 
f 3960//444 5563//444 5564//444 3958//444 
f 3963//444 5551//444 5563//444 3960//444 
f 5563//444 5561//444 5562//444 5564//444 
f 5551//444 5552//444 5561//444 5563//444 
s 2048
f 5565//446 5566//446 3958//446 5564//447 
f 5567//447 5565//446 5564//447 5562//447 
f 5568//446 5569//447 5566//446 5565//446 
f 5570//447 5568//446 5565//446 5567//447 
f 5571//446 5572//448 5560//448 5559//446 
f 5573//446 5574//448 5572//448 5571//446 
f 5572//448 5567//447 5562//447 5560//448 
f 5574//448 5570//447 5567//447 5572//448 
f 5575//448 5576//446 2166//446 2165//448 
f 5577//447 5575//448 2165//448 2162//446 
f 5574//448 5573//446 5576//446 5575//448 
f 5570//447 5574//448 5575//448 5577//447 
f 5578//447 5579//446 2158//446 2161//447 
f 5569//447 5568//446 5579//446 5578//447 
f 5579//446 5577//447 2162//446 2158//446 
f 5568//446 5570//447 5577//447 5579//446 
s 512
f 5580//1355 4000//1356 4003//1357 5581//1356 
f 5582//1356 5580//1355 5581//1356 5583//1356 
f 5584//1358 4004//1356 4000//1356 5580//1355 
f 5585//1358 5584//1358 5580//1355 5582//1356 
f 4459//1355 5586//1356 5587//1356 4460//1355 
f 4465//1358 5588//1356 5586//1356 4459//1355 
f 5586//1356 5582//1356 5583//1356 5587//1356 
f 5588//1356 5585//1358 5582//1356 5586//1356 
f 5589//1355 4479//1356 4482//1358 5590//1358 
f 5591//1356 5589//1355 5590//1358 5592//1357 
f 5588//1356 4465//1358 4479//1356 5589//1355 
f 5585//1358 5588//1356 5589//1355 5591//1356 
f 4007//1358 5593//1355 5594//1357 4008//1356 
f 4004//1356 5584//1358 5593//1355 4007//1358 
f 5593//1355 5591//1356 5592//1357 5594//1357 
f 5584//1358 5585//1358 5591//1356 5593//1355 
f 5595//1359 4018//1359 4008//1356 5594//1357 
f 5596//1357 5595//1359 5594//1357 5592//1357 
f 5597//1360 4020//1360 4018//1359 5595//1359 
f 5598//1360 5597//1360 5595//1359 5596//1357 
f 4484//1357 5599//1357 5590//1358 4482//1358 
f 4487//1360 5600//1360 5599//1357 4484//1357 
f 5599//1357 5596//1357 5592//1357 5590//1358 
f 5600//1360 5598//1360 5596//1357 5599//1357 
f 5601//1361 4499//1361 4502//1362 5602//1363 
f 5603//1364 5601//1361 5602//1363 5604//1365 
f 5600//1360 4487//1360 4499//1361 5601//1361 
f 5598//1360 5600//1360 5601//1361 5603//1364 
f 4023//1364 5605//1364 5606//1362 4024//1366 
f 4020//1360 5597//1360 5605//1364 4023//1364 
f 5605//1364 5603//1364 5604//1365 5606//1362 
f 5597//1360 5598//1360 5603//1364 5605//1364 
f 5607//1367 4034//1368 4024//1366 5606//1362 
f 5608//1369 5607//1367 5606//1362 5604//1365 
f 5609//1370 4036//1371 4034//1368 5607//1367 
f 5610//1372 5609//1370 5607//1367 5608//1369 
f 4504//1373 5611//1374 5602//1363 4502//1362 
f 4507//1375 5612//1376 5611//1374 4504//1373 
f 5611//1374 5608//1369 5604//1365 5602//1363 
f 5612//1376 5610//1372 5608//1369 5611//1374 
f 5613//1377 4519//1378 4522//1379 5614//1380 
f 5615//1381 5613//1377 5614//1380 5616//1382 
f 5612//1376 4507//1375 4519//1378 5613//1377 
f 5610//1372 5612//1376 5613//1377 5615//1381 
f 4039//1383 5617//1384 5618//1385 4040//1386 
f 4036//1371 5609//1370 5617//1384 4039//1383 
f 5617//1384 5615//1381 5616//1382 5618//1385 
f 5609//1370 5610//1372 5615//1381 5617//1384 
f 5619//1387 4050//1388 4040//1386 5618//1385 
f 5620//1389 5619//1387 5618//1385 5616//1382 
f 5621//1390 4052//1391 4050//1388 5619//1387 
f 5622//1392 5621//1390 5619//1387 5620//1389 
f 4524//1393 5623//1394 5614//1380 4522//1379 
f 4527//1395 5624//1396 5623//1394 4524//1393 
f 5623//1394 5620//1389 5616//1382 5614//1380 
f 5624//1396 5622//1392 5620//1389 5623//1394 
f 5625//1397 4539//1398 4542//1399 5626//1400 
f 5627//1401 5625//1397 5626//1400 5628//1402 
f 5624//1396 4527//1395 4539//1398 5625//1397 
f 5622//1392 5624//1396 5625//1397 5627//1401 
f 4055//1403 5629//1404 5630//1405 4056//1406 
f 4052//1391 5621//1390 5629//1404 4055//1403 
f 5629//1404 5627//1401 5628//1402 5630//1405 
f 5621//1390 5622//1392 5627//1401 5629//1404 
f 5631//1407 4066//1408 4056//1406 5630//1405 
f 5632//1409 5631//1407 5630//1405 5628//1402 
f 5633//1410 4068//1411 4066//1408 5631//1407 
f 5634//1412 5633//1410 5631//1407 5632//1409 
f 5635//1413 5636//1414 5626//1400 4542//1399 
f 5637//1415 5638//1416 5636//1414 5635//1413 
f 5636//1414 5632//1409 5628//1402 5626//1400 
f 5638//1416 5634//1412 5632//1409 5636//1414 
f 5639//1417 5640//1418 4072//1419 4071//1420 
f 5633//1410 5639//1417 4071//1420 4068//1411 
f 5638//1416 5637//1415 5640//1418 5639//1417 
f 5634//1412 5638//1416 5639//1417 5633//1410 
s 256
f 5641//1266 4544//1262 4072//1262 5640//1266 
f 5642//1421 5641//1266 5640//1266 5637//1421 
f 5643//1266 4546//1266 4544//1262 5641//1266 
f 5644//1421 5643//1266 5641//1266 5642//1421 
f 4541//1279 5645//1422 5635//1268 4542//1279 
f 4538//1278 5646//1268 5645//1422 4541//1279 
f 5645//1422 5642//1421 5637//1421 5635//1268 
f 5646//1268 5644//1421 5642//1421 5645//1422 
f 5647//1267 4536//1271 4535//1275 5648//1267 
f 5649//1423 5647//1267 5648//1267 5650//1423 
f 5646//1268 4538//1278 4536//1271 5647//1267 
f 5644//1421 5646//1268 5647//1267 5649//1423 
f 4551//1262 5651//1266 5652//1266 4552//1262 
f 4546//1266 5643//1266 5651//1266 4551//1262 
f 5651//1266 5649//1423 5650//1423 5652//1266 
f 5643//1266 5644//1421 5649//1423 5651//1266 
s 1024
f 5653//1424 5040//1425 4552//1426 5652//1427 
f 5654//1428 5653//1424 5652//1427 5650//1429 
f 5655//1430 5028//1431 5040//1425 5653//1424 
f 5656//1432 5655//1430 5653//1424 5654//1428 
f 5657//1433 5658//1434 5648//1435 4535//1436 
f 5659//1437 5660//1438 5658//1434 5657//1433 
f 5658//1434 5654//1428 5650//1429 5648//1435 
f 5660//1438 5656//1432 5654//1428 5658//1434 
f 5661//1439 5662//1440 5023//1441 5025//1442 
f 5655//1430 5661//1439 5025//1442 5028//1431 
f 5660//1438 5659//1437 5662//1440 5661//1439 
f 5656//1432 5660//1438 5661//1439 5655//1430 
f 5663//1443 5020//1444 5023//1441 5662//1440 
f 5664//1445 5663//1443 5662//1440 5659//1437 
f 5665//1446 5008//1447 5020//1444 5663//1443 
f 5666//1448 5665//1446 5663//1443 5664//1445 
f 4534//1449 5667//1450 5657//1433 4535//1436 
f 4531//1451 5668//1452 5667//1450 4534//1449 
f 5667//1450 5664//1445 5659//1437 5657//1433 
f 5668//1452 5666//1448 5664//1445 5667//1450 
f 5669//1453 4529//1454 4515//1455 5670//1456 
f 5671//1457 5669//1453 5670//1456 5672//1458 
f 5668//1452 4531//1451 4529//1454 5669//1453 
f 5666//1448 5668//1452 5669//1453 5671//1457 
f 5005//1459 5673//1460 5674//1461 5003//1462 
f 5008//1447 5665//1446 5673//1460 5005//1459 
f 5673//1460 5671//1457 5672//1458 5674//1461 
f 5665//1446 5666//1448 5671//1457 5673//1460 
f 5675//1463 5000//1464 5003//1462 5674//1461 
f 5676//1465 5675//1463 5674//1461 5672//1458 
f 5677//1466 4988//1467 5000//1464 5675//1463 
f 5678//1468 5677//1466 5675//1463 5676//1465 
f 4514//1469 5679//1470 5670//1456 4515//1455 
f 4511//1471 5680//1472 5679//1470 4514//1469 
f 5679//1470 5676//1465 5672//1458 5670//1456 
f 5680//1472 5678//1468 5676//1465 5679//1470 
f 5681//1473 4509//1474 4495//1475 5682//1476 
f 5683//1477 5681//1473 5682//1476 5684//1476 
f 5680//1472 4511//1471 4509//1474 5681//1473 
f 5678//1468 5680//1472 5681//1473 5683//1477 
f 4985//1478 5685//1479 5686//1480 4983//1481 
f 4988//1467 5677//1466 5685//1479 4985//1478 
f 5685//1479 5683//1477 5684//1476 5686//1480 
f 5677//1466 5678//1468 5683//1477 5685//1479 
f 5687//1482 4980//1483 4983//1481 5686//1480 
f 5688//1482 5687//1482 5686//1480 5684//1476 
f 5689//1484 4968//1484 4980//1483 5687//1482 
f 5690//1484 5689//1484 5687//1482 5688//1482 
f 4494//1482 5691//1482 5682//1476 4495//1475 
f 4491//1484 5692//1484 5691//1482 4494//1482 
f 5691//1482 5688//1482 5684//1476 5682//1476 
f 5692//1484 5690//1484 5688//1482 5691//1482 
f 5693//1485 4489//1486 4475//1487 5694//1488 
f 5695//1486 5693//1485 5694//1488 5696//1489 
f 5692//1484 4491//1484 4489//1486 5693//1485 
f 5690//1484 5692//1484 5693//1485 5695//1486 
f 4965//1488 5697//1486 5698//1489 4963//1488 
f 4968//1484 5689//1484 5697//1486 4965//1488 
f 5697//1486 5695//1486 5696//1489 5698//1489 
f 5689//1484 5690//1484 5695//1486 5697//1486 
f 5699//1490 4960//1488 4963//1488 5698//1489 
f 5700//1490 5699//1490 5698//1489 5696//1489 
f 5701//1488 4946//1488 4960//1488 5699//1490 
f 5702//1489 5701//1488 5699//1490 5700//1490 
f 4474//1488 5703//1490 5694//1488 4475//1487 
f 4471//1488 5704//1488 5703//1490 4474//1488 
f 5703//1490 5700//1490 5696//1489 5694//1488 
f 5704//1488 5702//1489 5700//1490 5703//1490 
f 5705//1488 4467//1488 4470//1488 5706//1489 
f 5707//1488 5705//1488 5706//1489 5708//1487 
f 5704//1488 4471//1488 4467//1488 5705//1488 
f 5702//1489 5704//1488 5705//1488 5707//1488 
f 4940//1488 5709//1488 5710//1489 4941//1488 
f 4946//1488 5701//1488 5709//1488 4940//1488 
f 5709//1488 5707//1488 5708//1487 5710//1489 
f 5701//1488 5702//1489 5707//1488 5709//1488 
f 5711//1485 5428//1491 4941//1488 5710//1489 
f 5712//1491 5711//1485 5710//1489 5708//1487 
f 5713//1492 5419//1493 5428//1491 5711//1485 
f 5714//1492 5713//1492 5711//1485 5712//1491 
f 4935//1491 5715//1491 5706//1489 4470//1488 
f 4932//1493 5716//1492 5715//1491 4935//1491 
f 5715//1491 5712//1491 5708//1487 5706//1489 
f 5716//1492 5714//1492 5712//1491 5715//1491 
f 5717//1494 4930//1494 4916//1495 5718//1496 
f 5719//1497 5717//1494 5718//1496 5720//1498 
f 5716//1492 4932//1493 4930//1494 5717//1494 
f 5714//1492 5716//1492 5717//1494 5719//1497 
f 5416//1499 5721//1497 5722//1498 5414//1500 
f 5419//1493 5713//1492 5721//1497 5416//1499 
f 5721//1497 5719//1497 5720//1498 5722//1498 
f 5713//1492 5714//1492 5719//1497 5721//1497 
f 5723//1501 5411//1502 5414//1500 5722//1498 
f 5724//1503 5723//1501 5722//1498 5720//1498 
f 5725//1504 5399//1505 5411//1502 5723//1501 
f 5726//1504 5725//1504 5723//1501 5724//1503 
f 4915//1501 5727//1501 5718//1496 4916//1495 
f 4912//1504 5728//1504 5727//1501 4915//1501 
f 5727//1501 5724//1503 5720//1498 5718//1496 
f 5728//1504 5726//1504 5724//1503 5727//1501 
f 5729//1506 4908//1507 4911//1508 5730//1508 
f 5731//1507 5729//1506 5730//1508 5732//1508 
f 5728//1504 4912//1504 4908//1507 5729//1506 
f 5726//1504 5728//1504 5729//1506 5731//1507 
f 5396//1506 5733//1507 5734//1509 4893//1509 
f 5399//1505 5725//1504 5733//1507 5396//1506 
f 5733//1507 5731//1507 5732//1508 5734//1509 
f 5725//1504 5726//1504 5731//1507 5733//1507 
s 2048
f 5735//447 4894//447 4893//447 5734//446 
f 5736//448 5735//447 5734//446 5732//446 
f 5737//447 4896//447 4894//447 5735//447 
f 5738//446 5737//447 5735//447 5736//448 
f 4910//446 5739//446 5730//446 4911//446 
f 4904//448 5740//446 5739//446 4910//446 
f 5739//446 5736//448 5732//446 5730//446 
f 5740//446 5738//446 5736//448 5739//446 
f 5741//446 4902//446 4901//447 5742//448 
f 5743//446 5741//446 5742//448 5744//447 
f 5740//446 4904//448 4902//446 5741//446 
f 5738//446 5740//446 5741//446 5743//446 
f 4898//447 5745//446 5746//447 4424//447 
f 4896//447 5737//447 5745//446 4898//447 
f 5745//446 5743//446 5744//447 5746//447 
f 5737//447 5738//446 5743//446 5745//446 
s 512
f 5747//1510 4434//1511 4424//1512 5746//1510 
f 5748//1513 5747//1510 5746//1510 5744//1512 
f 5749//1514 4436//1514 4434//1511 5747//1510 
f 5750//1515 5749//1514 5747//1510 5748//1513 
f 4900//1513 5751//1510 5742//1510 4901//1512 
f 4906//1515 5752//1515 5751//1510 4900//1513 
f 5751//1510 5748//1513 5744//1512 5742//1510 
f 5752//1515 5750//1515 5748//1513 5751//1510 
f 5753//1516 4920//1517 4923//1518 5754//1519 
f 5755//1517 5753//1516 5754//1519 5756//1519 
f 5752//1515 4906//1515 4920//1517 5753//1516 
f 5750//1515 5752//1515 5753//1516 5755//1517 
f 4439//1517 5757//1517 5758//1520 4440//1519 
f 4436//1514 5749//1514 5757//1517 4439//1517 
f 5757//1517 5755//1517 5756//1519 5758//1520 
f 5749//1514 5750//1515 5755//1517 5757//1517 
f 5759//1521 4450//1522 4440//1519 5758//1520 
f 5760//1521 5759//1521 5758//1520 5756//1519 
f 5761//1523 4452//1523 4450//1522 5759//1521 
f 5762//1523 5761//1523 5759//1521 5760//1521 
f 4925//1521 5763//1521 5754//1519 4923//1518 
f 4928//1524 5764//1525 5763//1521 4925//1521 
f 5763//1521 5760//1521 5756//1519 5754//1519 
f 5764//1525 5762//1523 5760//1521 5763//1521 
f 5765//1359 4937//1357 4460//1355 5587//1356 
f 5766//1359 5765//1359 5587//1356 5583//1356 
f 5764//1525 4928//1524 4937//1357 5765//1359 
f 5762//1523 5764//1525 5765//1359 5766//1359 
f 4455//1359 5767//1359 5581//1356 4003//1357 
f 4452//1523 5761//1523 5767//1359 4455//1359 
f 5767//1359 5766//1359 5583//1356 5581//1356 
f 5761//1523 5762//1523 5766//1359 5767//1359 
s 2
f 5768//1526 4948//1527 4951//1528 5769//1529 
f 5770//1530 5768//1526 5769//1529 5771//1531 
f 5772//1532 4952//1532 4948//1527 5768//1526 
f 5773//1532 5772//1532 5768//1526 5770//1530 
f 5774//1530 5775//1527 5776//1528 5777//1528 
f 5778//1532 5779//1533 5775//1527 5774//1530 
f 5775//1527 5770//1530 5771//1531 5776//1528 
f 5779//1533 5773//1532 5770//1530 5775//1527 
f 5780//1534 5781//1534 5782//1535 5783//1536 
f 5784//1534 5780//1534 5783//1536 5785//1537 
f 5779//1533 5778//1532 5781//1534 5780//1534 
f 5773//1532 5779//1533 5780//1534 5784//1534 
f 4955//1534 5786//1534 5787//1536 4956//1536 
f 4952//1532 5772//1532 5786//1534 4955//1534 
f 5786//1534 5784//1534 5785//1537 5787//1536 
f 5772//1532 5773//1532 5784//1534 5786//1534 
f 5788//1538 4970//1539 4956//1536 5787//1536 
f 5789//1539 5788//1538 5787//1536 5785//1537 
f 5790//1540 4972//1541 4970//1539 5788//1538 
f 5791//1540 5790//1540 5788//1538 5789//1539 
f 5792//1539 5793//1539 5783//1536 5782//1535 
f 5794//1542 5795//1540 5793//1539 5792//1539 
f 5793//1539 5789//1539 5785//1537 5783//1536 
f 5795//1540 5791//1540 5789//1539 5793//1539 
f 5796//1543 5797//1543 5798//1544 5799//1545 
f 5800//1546 5796//1543 5799//1545 5801//1547 
f 5795//1540 5794//1542 5797//1543 5796//1543 
f 5791//1540 5795//1540 5796//1543 5800//1546 
f 4975//1548 5802//1549 5803//1550 4976//1551 
f 4972//1541 5790//1540 5802//1549 4975//1548 
f 5802//1549 5800//1546 5801//1547 5803//1550 
f 5790//1540 5791//1540 5800//1546 5802//1549 
f 5804//1552 4990//1553 4976//1551 5803//1550 
f 5805//1554 5804//1552 5803//1550 5801//1547 
f 5806//1555 4992//1556 4990//1553 5804//1552 
f 5807//1557 5806//1555 5804//1552 5805//1554 
f 5808//1558 5809//1559 5799//1545 5798//1544 
f 5810//1560 5811//1561 5809//1559 5808//1558 
f 5809//1559 5805//1554 5801//1547 5799//1545 
f 5811//1561 5807//1557 5805//1554 5809//1559 
f 5812//1562 5813//1563 5814//1564 5815//1565 
f 5816//1562 5812//1562 5815//1565 5817//1566 
f 5811//1561 5810//1560 5813//1563 5812//1562 
f 5807//1557 5811//1561 5812//1562 5816//1562 
f 4995//1567 5818//1568 5819//1569 4996//1570 
f 4992//1556 5806//1555 5818//1568 4995//1567 
f 5818//1568 5816//1562 5817//1566 5819//1569 
f 5806//1555 5807//1557 5816//1562 5818//1568 
f 5820//1571 5010//1572 4996//1570 5819//1569 
f 5821//1573 5820//1571 5819//1569 5817//1566 
f 5822//1574 5012//1575 5010//1572 5820//1571 
f 5823//1576 5822//1574 5820//1571 5821//1573 
f 5824//1577 5825//1578 5815//1565 5814//1564 
f 5826//1579 5827//1580 5825//1578 5824//1577 
f 5825//1578 5821//1573 5817//1566 5815//1565 
f 5827//1580 5823//1576 5821//1573 5825//1578 
f 5828//1581 5829//1582 5830//1583 5831//1584 
f 5832//1585 5828//1581 5831//1584 5833//1586 
f 5827//1580 5826//1579 5829//1582 5828//1581 
f 5823//1576 5827//1580 5828//1581 5832//1585 
f 5015//1587 5834//1587 5835//1588 5016//1589 
f 5012//1575 5822//1574 5834//1587 5015//1587 
f 5834//1587 5832//1585 5833//1586 5835//1588 
f 5822//1574 5823//1576 5832//1585 5834//1587 
f 5836//1590 5030//1591 5016//1589 5835//1588 
f 5837//1592 5836//1590 5835//1588 5833//1586 
f 5838//1593 5032//1594 5030//1591 5836//1590 
f 5839//1595 5838//1593 5836//1590 5837//1592 
f 5840//1590 5841//1596 5831//1584 5830//1583 
f 5842//1595 5843//1597 5841//1596 5840//1590 
f 5841//1596 5837//1592 5833//1586 5831//1584 
f 5843//1597 5839//1595 5837//1592 5841//1596 
f 5844//1598 5845//1599 5846//1600 5847//1601 
f 5848//1602 5844//1598 5847//1601 5849//1603 
f 5843//1597 5842//1595 5845//1599 5844//1598 
f 5839//1595 5843//1597 5844//1598 5848//1602 
f 5035//1604 5850//1605 5851//1606 5036//1607 
f 5032//1594 5838//1593 5850//1605 5035//1604 
f 5850//1605 5848//1602 5849//1603 5851//1606 
f 5838//1593 5839//1595 5848//1602 5850//1605 
f 5852//1608 5047//1609 5036//1607 5851//1606 
f 5853//1610 5852//1608 5851//1606 5849//1603 
f 5854//1611 5049//1612 5047//1609 5852//1608 
f 5855//1613 5854//1611 5852//1608 5853//1610 
f 5856//1614 5857//1615 5847//1601 5846//1600 
f 5858//1616 5859//1617 5857//1615 5856//1614 
f 5857//1615 5853//1610 5849//1603 5847//1601 
f 5859//1617 5855//1613 5853//1610 5857//1615 
f 5860//1618 5861//1619 5862//1620 5863//1621 
f 5864//1622 5860//1618 5863//1621 5865//1623 
f 5859//1617 5858//1616 5861//1619 5860//1618 
f 5855//1613 5859//1617 5860//1618 5864//1622 
f 5052//1624 5866//1625 5867//1626 5053//1627 
f 5049//1612 5854//1611 5866//1625 5052//1624 
f 5866//1625 5864//1622 5865//1623 5867//1626 
f 5854//1611 5855//1613 5864//1622 5866//1625 
f 5868//1628 5063//1629 5053//1627 5867//1626 
f 5869//1630 5868//1628 5867//1626 5865//1623 
f 5870//1631 5065//1632 5063//1629 5868//1628 
f 5871//1633 5870//1631 5868//1628 5869//1630 
f 5872//1634 5873//1635 5863//1621 5862//1620 
f 5874//1633 5875//1633 5873//1635 5872//1634 
f 5873//1635 5869//1630 5865//1623 5863//1621 
f 5875//1633 5871//1633 5869//1630 5873//1635 
f 5876//1636 5877//1637 5878//1638 5879//1639 
f 5880//1640 5876//1636 5879//1639 5881//1641 
f 5875//1633 5874//1633 5877//1637 5876//1636 
f 5871//1633 5875//1633 5876//1636 5880//1640 
f 5068//1642 5882//1643 5883//1644 5069//1645 
f 5065//1632 5870//1631 5882//1643 5068//1642 
f 5882//1643 5880//1640 5881//1641 5883//1644 
f 5870//1631 5871//1633 5880//1640 5882//1643 
f 5884//1646 5079//1647 5069//1645 5883//1644 
f 5885//1648 5884//1646 5883//1644 5881//1641 
f 5886//1649 5081//1650 5079//1647 5884//1646 
f 5887//1651 5886//1649 5884//1646 5885//1648 
f 5888//1652 5889//1653 5879//1639 5878//1638 
f 5890//1654 5891//1651 5889//1653 5888//1652 
f 5889//1653 5885//1648 5881//1641 5879//1639 
f 5891//1651 5887//1651 5885//1648 5889//1653 
f 5892//1655 5893//1655 5894//1656 5895//1657 
f 5896//1658 5892//1655 5895//1657 5897//1659 
f 5891//1651 5890//1654 5893//1655 5892//1655 
f 5887//1651 5891//1651 5892//1655 5896//1658 
f 5084//1660 5898//1658 5899//1659 5085//1661 
f 5081//1650 5886//1649 5898//1658 5084//1660 
f 5898//1658 5896//1658 5897//1659 5899//1659 
f 5886//1649 5887//1651 5896//1658 5898//1658 
f 5900//1662 5095//1663 5085//1661 5899//1659 
f 5901//1664 5900//1662 5899//1659 5897//1659 
f 5902//1665 5097//1666 5095//1663 5900//1662 
f 5903//1667 5902//1665 5900//1662 5901//1664 
f 5904//1664 5905//1664 5895//1657 5894//1656 
f 5906//1667 5907//1668 5905//1664 5904//1664 
f 5905//1664 5901//1664 5897//1659 5895//1657 
f 5907//1668 5903//1667 5901//1664 5905//1664 
f 5908//1669 5909//1670 5910//1671 5911//1672 
f 5912//1673 5908//1669 5911//1672 5913//1674 
f 5907//1668 5906//1667 5909//1670 5908//1669 
f 5903//1667 5907//1668 5908//1669 5912//1673 
f 5100//1675 5914//1676 5915//1677 5101//1678 
f 5097//1666 5902//1665 5914//1676 5100//1675 
f 5914//1676 5912//1673 5913//1674 5915//1677 
f 5902//1665 5903//1667 5912//1673 5914//1676 
f 5916//1679 5111//1680 5101//1678 5915//1677 
f 5917//1681 5916//1679 5915//1677 5913//1674 
f 5918//1682 5113//1683 5111//1680 5916//1679 
f 5919//1684 5918//1682 5916//1679 5917//1681 
f 5920//1685 5921//1686 5911//1672 5910//1671 
f 5922//1687 5923//1688 5921//1686 5920//1685 
f 5921//1686 5917//1681 5913//1674 5911//1672 
f 5923//1688 5919//1684 5917//1681 5921//1686 
f 5924//1689 5925//1690 5926//1691 5927//1692 
f 5928//1693 5924//1689 5927//1692 5929//1694 
f 5923//1688 5922//1687 5925//1690 5924//1689 
f 5919//1684 5923//1688 5924//1689 5928//1693 
f 5116//1695 5930//1696 5931//1697 5117//1698 
f 5113//1683 5918//1682 5930//1696 5116//1695 
f 5930//1696 5928//1693 5929//1694 5931//1697 
f 5918//1682 5919//1684 5928//1693 5930//1696 
f 5932//1699 5127//1700 5117//1698 5931//1697 
f 5933//1701 5932//1699 5931//1697 5929//1694 
f 5934//1702 5129//1702 5127//1700 5932//1699 
f 5935//1703 5934//1702 5932//1699 5933//1701 
f 5936//1704 5937//1705 5927//1692 5926//1691 
f 5938//1706 5939//1703 5937//1705 5936//1704 
f 5937//1705 5933//1701 5929//1694 5927//1692 
f 5939//1703 5935//1703 5933//1701 5937//1705 
f 5940//1707 5941//1708 5447//1709 5942//1710 
f 5943//1711 5940//1707 5942//1710 5944//1712 
f 5939//1703 5938//1706 5941//1708 5940//1707 
f 5935//1703 5939//1703 5940//1707 5943//1711 
f 5132//1707 5945//1711 5946//1713 5133//1714 
f 5129//1702 5934//1702 5945//1711 5132//1707 
f 5945//1711 5943//1711 5944//1712 5946//1713 
f 5934//1702 5935//1703 5943//1711 5945//1711 
f 5947//1715 5143//1716 5133//1714 5946//1713 
f 5948//1715 5947//1715 5946//1713 5944//1712 
f 5949//1717 5145//1718 5143//1716 5947//1715 
f 5950//1718 5949//1717 5947//1715 5948//1715 
f 5446//1716 5951//1716 5942//1710 5447//1709 
f 5443//1718 5952//1718 5951//1716 5446//1716 
f 5951//1716 5948//1715 5944//1712 5942//1710 
f 5952//1718 5950//1718 5948//1715 5951//1716 
f 5953//1719 5439//1720 5442//1721 5954//1722 
f 5955//1719 5953//1719 5954//1722 5956//1723 
f 5952//1718 5443//1718 5439//1720 5953//1719 
f 5950//1718 5952//1718 5953//1719 5955//1719 
f 5148//1719 5957//1720 5958//1724 5149//1723 
f 5145//1718 5949//1717 5957//1720 5148//1719 
f 5957//1720 5955//1719 5956//1723 5958//1724 
f 5949//1717 5950//1718 5955//1719 5957//1720 
f 5959//1725 5159//1726 5149//1723 5958//1724 
f 5960//1727 5959//1725 5958//1724 5956//1723 
f 5961//1728 5161//1729 5159//1726 5959//1725 
f 5962//1730 5961//1728 5959//1725 5960//1727 
f 5963//1731 5964//1727 5954//1722 5442//1721 
f 5965//1732 5966//1733 5964//1727 5963//1731 
f 5964//1727 5960//1727 5956//1723 5954//1722 
f 5966//1733 5962//1730 5960//1727 5964//1727 
f 5967//1734 5968//1735 5969//1736 5970//1737 
f 5971//1738 5967//1734 5970//1737 5972//1739 
f 5966//1733 5965//1732 5968//1735 5967//1734 
f 5962//1730 5966//1733 5967//1734 5971//1738 
f 5164//1740 5973//1741 5974//1742 5165//1743 
f 5161//1729 5961//1728 5973//1741 5164//1740 
f 5973//1741 5971//1738 5972//1739 5974//1742 
f 5961//1728 5962//1730 5971//1738 5973//1741 
f 5975//1744 5175//1744 5165//1743 5974//1742 
f 5976//1745 5975//1744 5974//1742 5972//1739 
f 5977//1746 5177//1747 5175//1744 5975//1744 
f 5978//1748 5977//1746 5975//1744 5976//1745 
f 5979//1749 5980//1750 5970//1737 5969//1736 
f 5981//1751 5982//1751 5980//1750 5979//1749 
f 5980//1750 5976//1745 5972//1739 5970//1737 
f 5982//1751 5978//1748 5976//1745 5980//1750 
f 5983//1752 5984//1753 5985//1754 5986//1755 
f 5987//1756 5983//1752 5986//1755 5988//1757 
f 5982//1751 5981//1751 5984//1753 5983//1752 
f 5978//1748 5982//1751 5983//1752 5987//1756 
f 5180//1758 5989//1759 5990//1760 5181//1761 
f 5177//1747 5977//1746 5989//1759 5180//1758 
f 5989//1759 5987//1756 5988//1757 5990//1760 
f 5977//1746 5978//1748 5987//1756 5989//1759 
f 5991//1762 5191//1763 5181//1761 5990//1760 
f 5992//1764 5991//1762 5990//1760 5988//1757 
f 5993//1765 5193//1766 5191//1763 5991//1762 
f 5994//1767 5993//1765 5991//1762 5992//1764 
f 5995//1768 5996//1769 5986//1755 5985//1754 
f 5997//1770 5998//1771 5996//1769 5995//1768 
f 5996//1769 5992//1764 5988//1757 5986//1755 
f 5998//1771 5994//1767 5992//1764 5996//1769 
f 5999//1772 6000//1773 5432//1774 6001//1775 
f 6002//1776 5999//1772 6001//1775 6003//1777 
f 5998//1771 5997//1770 6000//1773 5999//1772 
f 5994//1767 5998//1771 5999//1772 6002//1776 
f 5196//1778 6004//1779 6005//1780 5197//1781 
f 5193//1766 5993//1765 6004//1779 5196//1778 
f 6004//1779 6002//1776 6003//1777 6005//1780 
f 5993//1765 5994//1767 6002//1776 6004//1779 
f 6006//1782 5207//1783 5197//1781 6005//1780 
f 6007//1784 6006//1782 6005//1780 6003//1777 
f 6008//1785 5209//1786 5207//1783 6006//1782 
f 6009//1785 6008//1785 6006//1782 6007//1784 
f 5431//1787 6010//1788 6001//1775 5432//1774 
f 5437//1789 6011//1790 6010//1788 5431//1787 
f 6010//1788 6007//1784 6003//1777 6001//1775 
f 6011//1790 6009//1785 6007//1784 6010//1788 
f 6012//1791 5451//1792 5454//1793 6013//1794 
f 6014//1795 6012//1791 6013//1794 6015//1796 
f 6011//1790 5437//1789 5451//1792 6012//1791 
f 6009//1785 6011//1790 6012//1791 6014//1795 
f 5212//1797 6016//1798 6017//1799 5213//1800 
f 5209//1786 6008//1785 6016//1798 5212//1797 
f 6016//1798 6014//1795 6015//1796 6017//1799 
f 6008//1785 6009//1785 6014//1795 6016//1798 
f 6018//1801 5223//1802 5213//1800 6017//1799 
f 6019//1803 6018//1801 6017//1799 6015//1796 
f 6020//1804 5225//1805 5223//1802 6018//1801 
f 6021//1806 6020//1804 6018//1801 6019//1803 
f 6022//1807 6023//1808 6013//1794 5454//1793 
f 6024//1809 6025//1810 6023//1808 6022//1807 
f 6023//1808 6019//1803 6015//1796 6013//1794 
f 6025//1810 6021//1806 6019//1803 6023//1808 
f 6026//1811 6027//1812 6028//1813 6029//1814 
f 6030//1815 6026//1811 6029//1814 6031//1816 
f 6025//1810 6024//1809 6027//1812 6026//1811 
f 6021//1806 6025//1810 6026//1811 6030//1815 
f 5228//1817 6032//1818 6033//1819 5229//1820 
f 5225//1805 6020//1804 6032//1818 5228//1817 
f 6032//1818 6030//1815 6031//1816 6033//1819 
f 6020//1804 6021//1806 6030//1815 6032//1818 
f 6034//1821 5239//1822 5229//1820 6033//1819 
f 6035//1823 6034//1821 6033//1819 6031//1816 
f 6036//1824 5241//1825 5239//1822 6034//1821 
f 6037//1826 6036//1824 6034//1821 6035//1823 
f 6038//1827 6039//1828 6029//1814 6028//1813 
f 6040//1829 6041//1826 6039//1828 6038//1827 
f 6039//1828 6035//1823 6031//1816 6029//1814 
f 6041//1826 6037//1826 6035//1823 6039//1828 
f 6042//1830 6043//1831 6044//1832 6045//1833 
f 6046//1834 6042//1830 6045//1833 6047//1835 
f 6041//1826 6040//1829 6043//1831 6042//1830 
f 6037//1826 6041//1826 6042//1830 6046//1834 
f 5244//1836 6048//1837 6049//1838 5245//1839 
f 5241//1825 6036//1824 6048//1837 5244//1836 
f 6048//1837 6046//1834 6047//1835 6049//1838 
f 6036//1824 6037//1826 6046//1834 6048//1837 
f 6050//1840 5255//1841 5245//1839 6049//1838 
f 6051//1842 6050//1840 6049//1838 6047//1835 
f 6052//1843 5257//1844 5255//1841 6050//1840 
f 6053//1845 6052//1843 6050//1840 6051//1842 
f 6054//1846 6055//1847 6045//1833 6044//1832 
f 6056//1848 6057//1849 6055//1847 6054//1846 
f 6055//1847 6051//1842 6047//1835 6045//1833 
f 6057//1849 6053//1845 6051//1842 6055//1847 
f 6058//1850 6059//1851 6060//1852 6061//1853 
f 6062//1854 6058//1850 6061//1853 6063//1855 
f 6057//1849 6056//1848 6059//1851 6058//1850 
f 6053//1845 6057//1849 6058//1850 6062//1854 
f 5260//1856 6064//1857 6065//1858 5261//1859 
f 5257//1844 6052//1843 6064//1857 5260//1856 
f 6064//1857 6062//1854 6063//1855 6065//1858 
f 6052//1843 6053//1845 6062//1854 6064//1857 
f 6066//1860 5271//1861 5261//1859 6065//1858 
f 6067//1862 6066//1860 6065//1858 6063//1855 
f 6068//1863 5273//1864 5271//1861 6066//1860 
f 6069//1865 6068//1863 6066//1860 6067//1862 
f 6070//1866 6071//1867 6061//1853 6060//1852 
f 6072//1868 6073//1869 6071//1867 6070//1866 
f 6071//1867 6067//1862 6063//1855 6061//1853 
f 6073//1869 6069//1865 6067//1862 6071//1867 
f 6074//1870 6075//1871 6076//1872 6077//1873 
f 6078//1874 6074//1870 6077//1873 6079//1875 
f 6073//1869 6072//1868 6075//1871 6074//1870 
f 6069//1865 6073//1869 6074//1870 6078//1874 
f 5276//1876 6080//1876 6081//1877 5277//1878 
f 5273//1864 6068//1863 6080//1876 5276//1876 
f 6080//1876 6078//1874 6079//1875 6081//1877 
f 6068//1863 6069//1865 6078//1874 6080//1876 
f 6082//1879 5287//1880 5277//1878 6081//1877 
f 6083//1881 6082//1879 6081//1877 6079//1875 
f 6084//1882 5289//1883 5287//1880 6082//1879 
f 6085//1884 6084//1882 6082//1879 6083//1881 
f 6086//1885 6087//1886 6077//1873 6076//1872 
f 6088//1887 6089//1888 6087//1886 6086//1885 
f 6087//1886 6083//1881 6079//1875 6077//1873 
f 6089//1888 6085//1884 6083//1881 6087//1886 
f 6090//1889 6091//1890 6092//1891 6093//1892 
f 6094//1893 6090//1889 6093//1892 6095//1894 
f 6089//1888 6088//1887 6091//1890 6090//1889 
f 6085//1884 6089//1888 6090//1889 6094//1893 
f 5292//1895 6096//1896 6097//1897 5293//1898 
f 5289//1883 6084//1882 6096//1896 5292//1895 
f 6096//1896 6094//1893 6095//1894 6097//1897 
f 6084//1882 6085//1884 6094//1893 6096//1896 
f 6098//1899 5303//1900 5293//1898 6097//1897 
f 6099//1901 6098//1899 6097//1897 6095//1894 
f 6100//1902 5305//1903 5303//1900 6098//1899 
f 6101//1904 6100//1902 6098//1899 6099//1901 
f 6102//1905 6103//1906 6093//1892 6092//1891 
f 6104//1907 6105//1908 6103//1906 6102//1905 
f 6103//1906 6099//1901 6095//1894 6093//1892 
f 6105//1908 6101//1904 6099//1901 6103//1906 
f 6106//1909 6107//1910 6108//1911 6109//1912 
f 6110//1913 6106//1909 6109//1912 6111//1911 
f 6105//1908 6104//1907 6107//1910 6106//1909 
f 6101//1904 6105//1908 6106//1909 6110//1913 
f 5308//1914 6112//1915 6113//1911 5309//1916 
f 5305//1903 6100//1902 6112//1915 5308//1914 
f 6112//1915 6110//1913 6111//1911 6113//1911 
f 6100//1902 6101//1904 6110//1913 6112//1915 
f 6114//1917 5319//1918 5309//1916 6113//1911 
f 6115//1919 6114//1917 6113//1911 6111//1911 
f 6116//1920 5321//1921 5319//1918 6114//1917 
f 6117//1922 6116//1920 6114//1917 6115//1919 
f 6118//1923 6119//1924 6109//1912 6108//1911 
f 6120//1925 6121//1926 6119//1924 6118//1923 
f 6119//1924 6115//1919 6111//1911 6109//1912 
f 6121//1926 6117//1922 6115//1919 6119//1924 
f 6122//1927 6123//1928 6124//1929 6125//1930 
f 6126//1931 6122//1927 6125//1930 6127//1932 
f 6121//1926 6120//1925 6123//1928 6122//1927 
f 6117//1922 6121//1926 6122//1927 6126//1931 
f 5324//1933 6128//1934 6129//1935 5325//1936 
f 5321//1921 6116//1920 6128//1934 5324//1933 
f 6128//1934 6126//1931 6127//1932 6129//1935 
f 6116//1920 6117//1922 6126//1931 6128//1934 
f 6130//1937 5335//1938 5325//1936 6129//1935 
f 6131//1939 6130//1937 6129//1935 6127//1932 
f 6132//1940 5337//1941 5335//1938 6130//1937 
f 6133//1942 6132//1940 6130//1937 6131//1939 
f 6134//1943 6135//1944 6125//1930 6124//1929 
f 6136//1945 6137//1946 6135//1944 6134//1943 
f 6135//1944 6131//1939 6127//1932 6125//1930 
f 6137//1946 6133//1942 6131//1939 6135//1944 
f 6138//1947 6139//1948 6140//1949 6141//1950 
f 6142//1951 6138//1947 6141//1950 6143//1952 
f 6137//1946 6136//1945 6139//1948 6138//1947 
f 6133//1942 6137//1946 6138//1947 6142//1951 
f 5340//1953 6144//1954 6145//1955 5341//1956 
f 5337//1941 6132//1940 6144//1954 5340//1953 
f 6144//1954 6142//1951 6143//1952 6145//1955 
f 6132//1940 6133//1942 6142//1951 6144//1954 
f 6146//1957 5351//1958 5341//1956 6145//1955 
f 6147//1959 6146//1957 6145//1955 6143//1952 
f 6148//1960 5353//1961 5351//1958 6146//1957 
f 6149//1962 6148//1960 6146//1957 6147//1959 
f 6150//1963 6151//1964 6141//1950 6140//1949 
f 6152//1965 6153//1966 6151//1964 6150//1963 
f 6151//1964 6147//1959 6143//1952 6141//1950 
f 6153//1966 6149//1962 6147//1959 6151//1964 
f 6154//1967 6155//1968 6156//1969 6157//1970 
f 6158//1971 6154//1967 6157//1970 6159//1972 
f 6153//1966 6152//1965 6155//1968 6154//1967 
f 6149//1962 6153//1966 6154//1967 6158//1971 
f 5356//1973 6160//1974 6161//1975 5357//1976 
f 5353//1961 6148//1960 6160//1974 5356//1973 
f 6160//1974 6158//1971 6159//1972 6161//1975 
f 6148//1960 6149//1962 6158//1971 6160//1974 
f 6162//1977 5367//1978 5357//1976 6161//1975 
f 6163//1979 6162//1977 6161//1975 6159//1972 
f 6164//1980 5369//1981 5367//1978 6162//1977 
f 6165//1982 6164//1980 6162//1977 6163//1979 
f 6166//1983 6167//1984 6157//1970 6156//1969 
f 6168//1985 6169//1986 6167//1984 6166//1983 
f 6167//1984 6163//1979 6159//1972 6157//1970 
f 6169//1986 6165//1982 6163//1979 6167//1984 
f 6170//1987 6171//1988 6172//1989 6173//1990 
f 6174//1991 6170//1987 6173//1990 6175//1992 
f 6169//1986 6168//1985 6171//1988 6170//1987 
f 6165//1982 6169//1986 6170//1987 6174//1991 
f 5372//1993 6176//1994 6177//1995 5373//1996 
f 5369//1981 6164//1980 6176//1994 5372//1993 
f 6176//1994 6174//1991 6175//1992 6177//1995 
f 6164//1980 6165//1982 6174//1991 6176//1994 
f 6178//1997 5383//1998 5373//1996 6177//1995 
f 6179//1999 6178//1997 6177//1995 6175//1992 
f 6180//2000 5385//2001 5383//1998 6178//1997 
f 6181//2002 6180//2000 6178//1997 6179//1999 
f 6182//2003 6183//2004 6173//1990 6172//1989 
f 6184//2005 6185//2006 6183//2004 6182//2003 
f 6183//2004 6179//1999 6175//1992 6173//1990 
f 6185//2006 6181//2002 6179//1999 6183//2004 
f 6186//2007 6187//2008 6188//2009 6189//2009 
f 6190//2007 6186//2007 6189//2009 6191//2010 
f 6185//2006 6184//2005 6187//2008 6186//2007 
f 6181//2002 6185//2006 6186//2007 6190//2007 
f 5388//2011 6192//2012 6193//2013 5389//2014 
f 5385//2001 6180//2000 6192//2012 5388//2011 
f 6192//2012 6190//2007 6191//2010 6193//2013 
f 6180//2000 6181//2002 6190//2007 6192//2012 
f 6194//2015 5401//2016 5389//2014 6193//2013 
f 6195//2016 6194//2015 6193//2013 6191//2010 
f 6196//2017 5403//2018 5401//2016 6194//2015 
f 6197//2017 6196//2017 6194//2015 6195//2016 
f 6198//2019 6199//2016 6189//2009 6188//2009 
f 6200//2017 6201//2017 6199//2016 6198//2019 
f 6199//2016 6195//2016 6191//2010 6189//2009 
f 6201//2017 6197//2017 6195//2016 6199//2016 
f 6202//2020 6203//2021 6204//2022 6205//2022 
f 6206//2023 6202//2020 6205//2022 6207//2024 
f 6201//2017 6200//2017 6203//2021 6202//2020 
f 6197//2017 6201//2017 6202//2020 6206//2023 
f 5406//2023 6208//2023 6209//2025 5407//2025 
f 5403//2018 6196//2017 6208//2023 5406//2023 
f 6208//2023 6206//2023 6207//2024 6209//2025 
f 6196//2017 6197//2017 6206//2023 6208//2023 
f 6210//2026 5421//2026 5407//2025 6209//2025 
f 6211//2026 6210//2026 6209//2025 6207//2024 
f 6212//2027 5423//2028 5421//2026 6210//2026 
f 6213//2027 6212//2027 6210//2026 6211//2026 
f 6214//2029 6215//2029 6205//2022 6204//2022 
f 6216//2027 6217//2030 6215//2029 6214//2029 
f 6215//2029 6211//2026 6207//2024 6205//2022 
f 6217//2030 6213//2027 6211//2026 6215//2029 
f 6218//2031 6219//2032 5777//1528 5776//1528 
f 6220//2033 6218//2031 5776//1528 5771//1531 
f 6217//2030 6216//2027 6219//2032 6218//2031 
f 6213//2027 6217//2030 6218//2031 6220//2033 
f 5426//2033 6221//2031 5769//1529 4951//1528 
f 5423//2028 6212//2027 6221//2031 5426//2033 
f 6221//2031 6220//2033 5771//1531 5769//1529 
f 6212//2027 6213//2027 6220//2033 6221//2031 
s 4
f 6222//445 5963//445 5442//445 5441//445 
f 6223//445 6222//445 5441//445 5435//445 
f 6224//445 5965//445 5963//445 6222//445 
f 6225//445 6224//445 6222//445 6223//445 
f 6000//445 6226//445 5433//445 5432//445 
f 5997//445 6227//445 6226//445 6000//445 
f 6226//445 6223//445 5435//445 5433//445 
f 6227//445 6225//445 6223//445 6226//445 
f 6228//445 5995//445 5985//445 5984//445 
f 6229//445 6228//445 5984//445 5981//445 
f 6227//445 5997//445 5995//445 6228//445 
f 6225//445 6227//445 6228//445 6229//445 
f 5968//445 6230//445 5979//445 5969//445 
f 5965//445 6224//445 6230//445 5968//445 
f 6230//445 6229//445 5981//445 5979//445 
f 6224//445 6225//445 6229//445 6230//445 
f 6231//445 6038//445 6028//445 6232//445 
f 6233//445 6231//445 6232//445 6234//445 
f 6235//445 6040//445 6038//445 6231//445 
f 6236//445 6235//445 6231//445 6233//445 
f 5925//445 6237//445 6238//445 5926//445 
f 5922//445 6239//445 6237//445 5925//445 
f 6237//445 6233//445 6234//445 6238//445 
f 6239//445 6236//445 6233//445 6237//445 
f 6240//445 5920//445 5910//445 6241//445 
f 6242//445 6240//445 6241//445 6243//445 
f 6239//445 5922//445 5920//445 6240//445 
f 6236//445 6239//445 6240//445 6242//445 
f 6043//445 6244//445 6245//445 6044//445 
f 6040//445 6235//445 6244//445 6043//445 
f 6244//445 6242//445 6243//445 6245//445 
f 6235//445 6236//445 6242//445 6244//445 
f 6246//445 5936//445 5926//445 6238//445 
f 6247//445 6246//445 6238//445 6234//445 
f 6248//445 5938//445 5936//445 6246//445 
f 6249//445 6248//445 6246//445 6247//445 
f 6027//445 6250//445 6232//445 6028//445 
f 6024//445 6251//445 6250//445 6027//445 
f 6250//445 6247//445 6234//445 6232//445 
f 6251//445 6249//445 6247//445 6250//445 
f 6252//445 6022//445 5454//445 5453//445 
f 6253//445 6252//445 5453//445 5450//445 
f 6251//445 6024//445 6022//445 6252//445 
f 6249//445 6251//445 6252//445 6253//445 
f 5941//445 6254//445 5448//445 5447//445 
f 5938//445 6248//445 6254//445 5941//445 
f 6254//445 6253//445 5450//445 5448//445 
f 6248//445 6249//445 6253//445 6254//445 
f 6255//445 6070//445 6060//445 6256//445 
f 6257//445 6255//445 6256//445 6258//445 
f 6259//445 6072//445 6070//445 6255//445 
f 6260//445 6259//445 6255//445 6257//445 
f 6261//445 6262//445 6263//445 5894//445 
f 6264//445 6265//445 6262//445 6261//445 
f 6262//445 6257//445 6258//445 6263//445 
f 6265//445 6260//445 6257//445 6262//445 
f 6266//445 6267//445 6092//445 6091//445 
f 6268//445 6266//445 6091//445 6088//445 
f 6265//445 6264//445 6267//445 6266//445 
f 6260//445 6265//445 6266//445 6268//445 
f 6075//445 6269//445 6086//445 6076//445 
f 6072//445 6259//445 6269//445 6075//445 
f 6269//445 6268//445 6088//445 6086//445 
f 6259//445 6260//445 6268//445 6269//445 
f 6270//445 5904//445 5894//445 6263//445 
f 6271//445 6270//445 6263//445 6258//445 
f 6272//445 5906//445 5904//445 6270//445 
f 6273//445 6272//445 6270//445 6271//445 
f 6059//445 6274//445 6256//445 6060//445 
f 6056//445 6275//445 6274//445 6059//445 
f 6274//445 6271//445 6258//445 6256//445 
f 6275//445 6273//445 6271//445 6274//445 
f 6276//445 6054//445 6044//445 6245//445 
f 6277//445 6276//445 6245//445 6243//445 
f 6275//445 6056//445 6054//445 6276//445 
f 6273//445 6275//445 6276//445 6277//445 
f 5909//445 6278//445 6241//445 5910//445 
f 5906//445 6272//445 6278//445 5909//445 
f 6278//445 6277//445 6243//445 6241//445 
f 6272//445 6273//445 6277//445 6278//445 
f 6279//445 6134//445 6124//445 6280//445 
f 6281//445 6279//445 6280//445 6282//445 
f 6283//445 6136//445 6134//445 6279//445 
f 6284//445 6283//445 6279//445 6281//445 
f 5861//445 6285//445 6286//445 5862//445 
f 5858//445 6287//445 6285//445 5861//445 
f 6285//445 6281//445 6282//445 6286//445 
f 6287//445 6284//445 6281//445 6285//445 
f 6288//445 5856//445 5846//445 6289//445 
f 6290//445 6288//445 6289//445 6291//445 
f 6287//445 5858//445 5856//445 6288//445 
f 6284//445 6287//445 6288//445 6290//445 
f 6139//445 6292//445 6293//445 6140//445 
f 6136//445 6283//445 6292//445 6139//445 
f 6292//445 6290//445 6291//445 6293//445 
f 6283//445 6284//445 6290//445 6292//445 
f 6294//445 5888//445 5878//445 6295//445 
f 6296//445 6294//445 6295//445 6297//445 
f 6298//445 5890//445 5888//445 6294//445 
f 6299//445 6298//445 6294//445 6296//445 
f 6107//445 6300//445 6301//445 6108//445 
f 6104//445 6302//445 6300//445 6107//445 
f 6300//445 6296//445 6297//445 6301//445 
f 6302//445 6299//445 6296//445 6300//445 
f 6303//445 6102//445 6092//445 6267//445 
f 6304//445 6303//445 6267//445 6264//445 
f 6302//445 6104//445 6102//445 6303//445 
f 6299//445 6302//445 6303//445 6304//445 
f 5893//445 6305//445 6261//445 5894//445 
f 5890//445 6298//445 6305//445 5893//445 
f 6305//445 6304//445 6264//445 6261//445 
f 6298//445 6299//445 6304//445 6305//445 
f 6306//445 5872//445 5862//445 6286//445 
f 6307//445 6306//445 6286//445 6282//445 
f 6308//445 5874//445 5872//445 6306//445 
f 6309//445 6308//445 6306//445 6307//445 
f 6123//445 6310//445 6280//445 6124//445 
f 6120//445 6311//445 6310//445 6123//445 
f 6310//445 6307//445 6282//445 6280//445 
f 6311//445 6309//445 6307//445 6310//445 
f 6312//445 6118//445 6108//445 6301//445 
f 6313//445 6312//445 6301//445 6297//445 
f 6311//445 6120//445 6118//445 6312//445 
f 6309//445 6311//445 6312//445 6313//445 
f 5877//445 6314//445 6295//445 5878//445 
f 5874//445 6308//445 6314//445 5877//445 
f 6314//445 6313//445 6297//445 6295//445 
f 6308//445 6309//445 6313//445 6314//445 
f 6315//445 6166//445 6156//445 6316//445 
f 6317//445 6315//445 6316//445 6318//445 
f 6319//445 6168//445 6166//445 6315//445 
f 6320//445 6319//445 6315//445 6317//445 
f 5829//445 6321//445 6322//445 5830//445 
f 5826//445 6323//445 6321//445 5829//445 
f 6321//445 6317//445 6318//445 6322//445 
f 6323//445 6320//445 6317//445 6321//445 
f 6324//445 5824//445 5814//445 6325//445 
f 6326//445 6324//445 6325//445 6327//445 
f 6323//445 5826//445 5824//445 6324//445 
f 6320//445 6323//445 6324//445 6326//445 
f 6171//445 6328//445 6329//445 6172//445 
f 6168//445 6319//445 6328//445 6171//445 
f 6328//445 6326//445 6327//445 6329//445 
f 6319//445 6320//445 6326//445 6328//445 
f 6330//445 5840//445 5830//445 6322//445 
f 6331//445 6330//445 6322//445 6318//445 
f 6332//445 5842//445 5840//445 6330//445 
f 6333//445 6332//445 6330//445 6331//445 
f 6155//445 6334//445 6316//445 6156//445 
f 6152//445 6335//445 6334//445 6155//445 
f 6334//445 6331//445 6318//445 6316//445 
f 6335//445 6333//445 6331//445 6334//445 
f 6336//445 6150//445 6140//445 6293//445 
f 6337//445 6336//445 6293//445 6291//445 
f 6335//445 6152//445 6150//445 6336//445 
f 6333//445 6335//445 6336//445 6337//445 
f 5845//445 6338//445 6289//445 5846//445 
f 5842//445 6332//445 6338//445 5845//445 
f 6338//445 6337//445 6291//445 6289//445 
f 6332//445 6333//445 6337//445 6338//445 
f 6339//445 6198//445 6188//445 6340//445 
f 6341//445 6339//445 6340//445 6342//445 
f 6343//445 6200//445 6198//445 6339//445 
f 6344//445 6343//445 6339//445 6341//445 
f 5797//445 6345//445 6346//445 5798//445 
f 5794//445 6347//445 6345//445 5797//445 
f 6345//445 6341//445 6342//445 6346//445 
f 6347//445 6344//445 6341//445 6345//445 
f 6348//445 5792//445 5782//445 5781//445 
f 6349//445 6348//445 5781//445 5778//445 
f 6347//445 5794//445 5792//445 6348//445 
f 6344//445 6347//445 6348//445 6349//445 
f 6219//445 6350//445 5774//445 5777//445 
f 6216//445 6351//445 6350//445 6219//445 
f 6350//445 6349//445 5778//445 5774//445 
f 6351//445 6344//445 6349//445 6350//445 
f 6352//445 6214//445 6204//445 6203//445 
f 6343//445 6352//445 6203//445 6200//445 
f 6351//445 6216//445 6214//445 6352//445 
f 6344//445 6351//445 6352//445 6343//445 
f 6353//445 5808//445 5798//445 6346//445 
f 6354//445 6353//445 6346//445 6342//445 
f 6355//445 5810//445 5808//445 6353//445 
f 6356//445 6355//445 6353//445 6354//445 
f 6187//445 6357//445 6340//445 6188//445 
f 6184//445 6358//445 6357//445 6187//445 
f 6357//445 6354//445 6342//445 6340//445 
f 6358//445 6356//445 6354//445 6357//445 
f 6359//445 6182//445 6172//445 6329//445 
f 6360//445 6359//445 6329//445 6327//445 
f 6358//445 6184//445 6182//445 6359//445 
f 6356//445 6358//445 6359//445 6360//445 
f 5813//445 6361//445 6325//445 5814//445 
f 5810//445 6355//445 6361//445 5813//445 
f 6361//445 6360//445 6327//445 6325//445 
f 6355//445 6356//445 6360//445 6361//445 
s 256
f 6362//1134 6363//1134 2956//1135 2955//1135 
f 6364//1136 6362//1134 2955//1135 2961//1134 
f 6365//1135 6366//1134 6363//1134 6362//1134 
f 6367//1134 6365//1135 6362//1134 6364//1136 
f 6368//1136 6369//1134 2970//1134 2973//1134 
f 6370//1136 6371//1134 6369//1134 6368//1136 
f 6369//1134 6364//1136 2961//1134 2970//1134 
f 6371//1134 6367//1134 6364//1136 6369//1134 
f 6372//1134 6373//1136 5527//1134 5526//1136 
f 6374//1134 6372//1134 5526//1136 5523//1136 
f 6371//1134 6370//1136 6373//1136 6372//1134 
f 6367//1134 6371//1134 6372//1134 6374//1134 
f 6375//1136 6376//1135 5521//1136 5511//1136 
f 6366//1134 6365//1135 6376//1135 6375//1136 
f 6376//1135 6374//1134 5523//1136 5521//1136 
f 6365//1135 6367//1134 6374//1134 6376//1135 
f 6377//1135 6378//1136 2976//1136 2975//1135 
f 6379//1136 6377//1135 2975//1135 2981//1134 
f 6380//1135 6381//1136 6378//1136 6377//1135 
f 6382//1136 6380//1135 6377//1135 6379//1136 
f 6363//1134 6383//1135 2988//1135 2956//1135 
f 6366//1134 6384//1135 6383//1135 6363//1134 
f 6383//1135 6379//1136 2981//1134 2988//1135 
f 6384//1135 6382//1136 6379//1136 6383//1135 
f 6385//1135 6375//1136 5511//1136 5510//1136 
f 6386//1136 6385//1135 5510//1136 5507//1135 
f 6384//1135 6366//1134 6375//1136 6385//1135 
f 6382//1136 6384//1135 6385//1135 6386//1136 
f 6387//1136 6388//1135 5505//1134 5495//1136 
f 6381//1136 6380//1135 6388//1135 6387//1136 
f 6388//1135 6386//1136 5507//1135 5505//1134 
f 6380//1135 6382//1136 6386//1136 6388//1135 
f 6389//1135 6390//1136 2992//1136 2991//1135 
f 6391//1136 6389//1135 2991//1135 2997//1135 
f 6392//1135 6393//1135 6390//1136 6389//1135 
f 6394//1136 6392//1135 6389//1135 6391//1136 
f 6378//1136 6395//1136 3004//1136 2976//1136 
f 6381//1136 6396//1134 6395//1136 6378//1136 
f 6395//1136 6391//1136 2997//1135 3004//1136 
f 6396//1134 6394//1136 6391//1136 6395//1136 
f 6397//1135 6387//1136 5495//1136 5494//1136 
f 6398//1136 6397//1135 5494//1136 5491//1136 
f 6396//1134 6381//1136 6387//1136 6397//1135 
f 6394//1136 6396//1134 6397//1135 6398//1136 
f 6399//1136 6400//1135 5489//1136 5479//1136 
f 6393//1135 6392//1135 6400//1135 6399//1136 
f 6400//1135 6398//1136 5491//1136 5489//1136 
f 6392//1135 6394//1136 6398//1136 6400//1135 
f 6401//1137 6402//1138 3008//1138 3007//1137 
f 6403//1140 6401//1137 3007//1137 3013//1140 
f 6404//1137 6405//1138 6402//1138 6401//1137 
f 6406//1140 6404//1137 6401//1137 6403//1140 
f 6390//1136 6407//1136 3020//1136 2992//1136 
f 6393//1135 6408//1136 6407//1136 6390//1136 
f 6407//1136 6403//1140 3013//1140 3020//1136 
f 6408//1136 6406//1140 6403//1140 6407//1136 
f 6409//1136 6399//1136 5479//1136 5478//1135 
f 6410//1140 6409//1136 5478//1135 5475//1140 
f 6408//1136 6393//1135 6399//1136 6409//1136 
f 6406//1140 6408//1136 6409//1136 6410//1140 
f 6411//1138 6412//1137 5473//1139 5464//1138 
f 6405//1138 6404//1137 6412//1137 6411//1138 
f 6412//1137 6410//1140 5475//1140 5473//1139 
f 6404//1137 6406//1140 6410//1140 6412//1137 
s 1
f 6413//1141 6414//50 3024//45 3023//1141 
f 6415//1142 6413//1141 3023//1141 3029//1143 
f 6416//1141 6417//45 6414//50 6413//1141 
f 6418//1142 6416//1141 6413//1141 6415//1142 
f 6419//1148 6420//1147 3038//1147 3041//1148 
f 6421//1148 6422//1147 6420//1147 6419//1148 
f 6420//1147 6415//1142 3029//1143 3038//1147 
f 6422//1147 6418//1142 6415//1142 6420//1147 
f 6423//2034 6424//1148 3518//1175 3520//1177 
f 6425//2035 6423//2034 3520//1177 3523//1180 
f 6422//1147 6421//1148 6424//1148 6423//2034 
f 6418//1142 6422//1147 6423//2034 6425//2035 
f 6426//50 6427//1141 3535//47 3538//50 
f 6417//45 6416//1141 6427//1141 6426//50 
f 6427//1141 6425//2035 3523//1180 3535//47 
f 6416//1141 6418//1142 6425//2035 6427//1141 
f 6428//62 6429//61 3044//59 3043//62 
f 6430//56 6428//62 3043//62 3049//57 
f 6431//62 6432//59 6429//61 6428//62 
f 6433//58 6431//62 6428//62 6430//56 
f 6414//50 6434//55 3056//55 3024//45 
f 6417//45 6435//55 6434//55 6414//50 
f 6434//55 6430//56 3049//57 3056//55 
f 6435//55 6433//58 6430//56 6434//55 
f 6436//55 6426//50 3538//50 3540//63 
f 6437//56 6436//55 3540//63 3543//56 
f 6435//55 6417//45 6426//50 6436//55 
f 6433//58 6435//55 6436//55 6437//56 
f 6438//59 6439//60 3555//62 3558//61 
f 6432//59 6431//62 6439//60 6438//59 
f 6439//60 6437//56 3543//56 3555//62 
f 6431//62 6433//58 6437//56 6439//60 
f 6440//67 6441//1150 3060//1150 3059//67 
f 6442//65 6440//67 3059//67 3065//65 
f 6443//67 6444//1150 6441//1150 6440//67 
f 6445//65 6443//67 6440//67 6442//65 
f 6429//61 6446//64 3072//64 3044//59 
f 6432//59 6447//64 6446//64 6429//61 
f 6446//64 6442//65 3065//65 3072//64 
f 6447//64 6445//65 6442//65 6446//64 
f 6448//64 6438//59 3558//61 3560//420 
f 6449//65 6448//64 3560//420 3563//65 
f 6447//64 6432//59 6438//59 6448//64 
f 6445//65 6447//64 6448//64 6449//65 
f 6450//66 6451//67 3575//1149 3578//1150 
f 6444//1150 6443//67 6451//67 6450//66 
f 6451//67 6449//65 3563//65 3575//1149 
f 6443//67 6445//65 6449//65 6451//67 
f 6452//257 6453//72 3076//72 3075//73 
f 6454//75 6452//257 3075//73 3081//71 
f 6455//257 6456//72 6453//72 6452//257 
f 6457//71 6455//257 6452//257 6454//75 
f 6441//1150 6458//70 3088//70 3060//1150 
f 6444//1150 6459//69 6458//70 6441//1150 
f 6458//70 6454//75 3081//71 3088//70 
f 6459//69 6457//71 6454//75 6458//70 
f 6460//70 6450//66 3578//1150 3580//76 
f 6461//71 6460//70 3580//76 3583//75 
f 6459//69 6444//1150 6450//66 6460//70 
f 6457//71 6459//69 6460//70 6461//71 
f 6462//72 6463//73 3595//73 3598//72 
f 6456//72 6455//257 6463//73 6462//72 
f 6463//73 6461//71 3583//75 3595//73 
f 6455//257 6457//71 6461//71 6463//73 
f 6464//81 6465//80 3092//80 3091//81 
f 6466//79 6464//81 3091//81 3097//79 
f 6467//81 6468//80 6465//80 6464//81 
f 6469//79 6467//81 6464//81 6466//79 
f 6453//72 6470//77 3104//78 3076//72 
f 6456//72 6471//78 6470//77 6453//72 
f 6470//77 6466//79 3097//79 3104//78 
f 6471//78 6469//79 6466//79 6470//77 
f 6472//77 6462//72 3598//72 3600//78 
f 6473//79 6472//77 3600//78 3603//79 
f 6471//78 6456//72 6462//72 6472//77 
f 6469//79 6471//78 6472//77 6473//79 
f 6474//80 6475//81 3615//81 3618//80 
f 6468//80 6467//81 6475//81 6474//80 
f 6475//81 6473//79 3603//79 3615//81 
f 6467//81 6469//79 6473//79 6475//81 
f 6476//85 6477//84 3108//84 3107//85 
f 6478//83 6476//85 3107//85 3113//83 
f 6479//85 6480//84 6477//84 6476//85 
f 6481//83 6479//85 6476//85 6478//83 
f 6465//80 6482//82 3120//82 3092//80 
f 6468//80 6483//82 6482//82 6465//80 
f 6482//82 6478//83 3113//83 3120//82 
f 6483//82 6481//83 6478//83 6482//82 
f 6484//82 6474//80 3618//80 3620//82 
f 6485//83 6484//82 3620//82 3623//83 
f 6483//82 6468//80 6474//80 6484//82 
f 6481//83 6483//82 6484//82 6485//83 
f 6486//84 6487//85 3635//85 3638//84 
f 6480//84 6479//85 6487//85 6486//84 
f 6487//85 6485//83 3623//83 3635//85 
f 6479//85 6481//83 6485//83 6487//85 
f 6488//89 6489//88 3124//91 3123//89 
f 6490//87 6488//89 3123//89 3129//87 
f 6491//89 6492//91 6489//88 6488//89 
f 6493//87 6491//89 6488//89 6490//87 
f 6477//84 6494//86 3136//86 3108//84 
f 6480//84 6495//86 6494//86 6477//84 
f 6494//86 6490//87 3129//87 3136//86 
f 6495//86 6493//87 6490//87 6494//86 
f 6496//86 6486//84 3638//84 3640//86 
f 6497//87 6496//86 3640//86 3643//87 
f 6495//86 6480//84 6486//84 6496//86 
f 6493//87 6495//86 6496//86 6497//87 
f 6498//88 6499//89 3655//89 3658//90 
f 6492//91 6491//89 6499//89 6498//88 
f 6499//89 6497//87 3643//87 3655//89 
f 6491//89 6493//87 6497//87 6499//89 
f 6500//95 6501//1184 3140//96 3139//95 
f 6502//93 6500//95 3139//95 3145//93 
f 6503//95 6504//96 6501//1184 6500//95 
f 6505//93 6503//95 6500//95 6502//93 
f 6489//88 6506//92 3152//92 3124//91 
f 6492//91 6507//92 6506//92 6489//88 
f 6506//92 6502//93 3145//93 3152//92 
f 6507//92 6505//93 6502//93 6506//92 
f 6508//92 6498//88 3658//90 3660//92 
f 6509//93 6508//92 3660//92 3663//93 
f 6507//92 6492//91 6498//88 6508//92 
f 6505//93 6507//92 6508//92 6509//93 
f 6510//94 6511//95 3675//95 3678//96 
f 6504//96 6503//95 6511//95 6510//94 
f 6511//95 6509//93 3663//93 3675//95 
f 6503//95 6505//93 6509//93 6511//95 
f 6512//102 6513//101 3156//103 3155//102 
f 6514//99 6512//102 3155//102 3161//99 
f 6515//102 6516//101 6513//101 6512//102 
f 6517//99 6515//102 6512//102 6514//99 
f 6501//1184 6518//98 3168//98 3140//96 
f 6504//96 6519//98 6518//98 6501//1184 
f 6518//98 6514//99 3161//99 3168//98 
f 6519//98 6517//99 6514//99 6518//98 
f 6520//98 6510//94 3678//96 3680//105 
f 6521//99 6520//98 3680//105 3683//104 
f 6519//98 6504//96 6510//94 6520//98 
f 6517//99 6519//98 6520//98 6521//99 
f 6522//101 6523//102 3695//102 3698//101 
f 6516//101 6515//102 6523//102 6522//101 
f 6523//102 6521//99 3683//104 3695//102 
f 6515//102 6517//99 6521//99 6523//102 
f 6524//109 6525//110 3172//108 3171//109 
f 6526//107 6524//109 3171//109 3177//107 
f 6527//109 6528//110 6525//110 6524//109 
f 6529//107 6527//109 6524//109 6526//107 
f 6513//101 6530//106 3184//106 3156//103 
f 6516//101 6531//106 6530//106 6513//101 
f 6530//106 6526//107 3177//107 3184//106 
f 6531//106 6529//107 6526//107 6530//106 
f 6532//106 6522//101 3698//101 3700//106 
f 6533//107 6532//106 3700//106 3703//107 
f 6531//106 6516//101 6522//101 6532//106 
f 6529//107 6531//106 6532//106 6533//107 
f 6534//108 6535//109 3715//109 3718//108 
f 6528//110 6527//109 6535//109 6534//108 
f 6535//109 6533//107 3703//107 3715//109 
f 6527//109 6529//107 6533//107 6535//109 
f 6536//115 6537//114 3188//114 3187//115 
f 6538//113 6536//115 3187//115 3193//113 
f 6539//115 6540//114 6537//114 6536//115 
f 6541//113 6539//115 6536//115 6538//113 
f 6525//110 6542//112 3200//112 3172//108 
f 6528//110 6543//112 6542//112 6525//110 
f 6542//112 6538//113 3193//113 3200//112 
f 6543//112 6541//113 6538//113 6542//112 
f 6544//112 6534//108 3718//108 3720//112 
f 6545//113 6544//112 3720//112 3723//113 
f 6543//112 6528//110 6534//108 6544//112 
f 6541//113 6543//112 6544//112 6545//113 
f 6546//114 6547//115 3735//115 3738//114 
f 6540//114 6539//115 6547//115 6546//114 
f 6547//115 6545//113 3723//113 3735//115 
f 6539//115 6541//113 6545//113 6547//115 
f 6548//119 6549//118 3204//118 3203//119 
f 6550//117 6548//119 3203//119 3209//117 
f 6551//119 6552//118 6549//118 6548//119 
f 6553//117 6551//119 6548//119 6550//117 
f 6537//114 6554//116 3216//116 3188//114 
f 6540//114 6555//116 6554//116 6537//114 
f 6554//116 6550//117 3209//117 3216//116 
f 6555//116 6553//117 6550//117 6554//116 
f 6556//116 6546//114 3738//114 3740//116 
f 6557//117 6556//116 3740//116 3743//117 
f 6555//116 6540//114 6546//114 6556//116 
f 6553//117 6555//116 6556//116 6557//117 
f 6558//118 6559//119 3755//119 3758//118 
f 6552//118 6551//119 6559//119 6558//118 
f 6559//119 6557//117 3743//117 3755//119 
f 6551//119 6553//117 6557//117 6559//119 
f 6560//124 6561//123 3220//125 3219//124 
f 6562//122 6560//124 3219//124 3225//122 
f 6563//124 6564//125 6561//123 6560//124 
f 6565//122 6563//124 6560//124 6562//122 
f 6549//118 6566//121 3232//121 3204//118 
f 6552//118 6567//121 6566//121 6549//118 
f 6566//121 6562//122 3225//122 3232//121 
f 6567//121 6565//122 6562//122 6566//121 
f 6568//121 6558//118 3758//118 3760//121 
f 6569//122 6568//121 3760//121 3763//122 
f 6567//121 6552//118 6558//118 6568//121 
f 6565//122 6567//121 6568//121 6569//122 
f 6570//123 6571//124 3775//124 3778//125 
f 6564//125 6563//124 6571//124 6570//123 
f 6571//124 6569//122 3763//122 3775//124 
f 6563//124 6565//122 6569//122 6571//124 
f 6572//129 6573//130 3236//130 3235//129 
f 6574//127 6572//129 3235//129 3241//127 
f 6575//129 6576//128 6573//130 6572//129 
f 6577//127 6575//129 6572//129 6574//127 
f 6561//123 6578//265 3248//126 3220//125 
f 6564//125 6579//265 6578//265 6561//123 
f 6578//265 6574//127 3241//127 3248//126 
f 6579//265 6577//127 6574//127 6578//265 
f 6580//265 6570//123 3778//125 3780//126 
f 6581//127 6580//265 3780//126 3783//127 
f 6579//265 6564//125 6570//123 6580//265 
f 6577//127 6579//265 6580//265 6581//127 
f 6582//130 6583//129 3795//129 3798//130 
f 6576//128 6575//129 6583//129 6582//130 
f 6583//129 6581//127 3783//127 3795//129 
f 6575//129 6577//127 6581//127 6583//129 
f 6584//134 6585//133 3252//133 3251//134 
f 6586//132 6584//134 3251//134 3257//132 
f 6587//134 6588//133 6585//133 6584//134 
f 6589//132 6587//134 6584//134 6586//132 
f 6573//130 6590//131 3264//131 3236//130 
f 6576//128 6591//131 6590//131 6573//130 
f 6590//131 6586//132 3257//132 3264//131 
f 6591//131 6589//132 6586//132 6590//131 
f 6592//131 6582//130 3798//130 3800//135 
f 6593//132 6592//131 3800//135 3803//132 
f 6591//131 6576//128 6582//130 6592//131 
f 6589//132 6591//131 6592//131 6593//132 
f 6594//133 6595//134 3815//134 3818//270 
f 6588//133 6587//134 6595//134 6594//133 
f 6595//134 6593//132 3803//132 3815//134 
f 6587//134 6589//132 6593//132 6595//134 
f 6596//140 6597//139 3268//139 3267//140 
f 6598//137 6596//140 3267//140 3273//137 
f 6599//140 6600//139 6597//139 6596//140 
f 6601//137 6599//140 6596//140 6598//137 
f 6585//133 6602//136 3280//136 3252//133 
f 6588//133 6603//136 6602//136 6585//133 
f 6602//136 6598//137 3273//137 3280//136 
f 6603//136 6601//137 6598//137 6602//136 
f 6604//136 6594//133 3818//270 3820//352 
f 6605//137 6604//136 3820//352 3823//138 
f 6603//136 6588//133 6594//133 6604//136 
f 6601//137 6603//136 6604//136 6605//137 
f 6606//139 6607//140 3835//140 3838//139 
f 6600//139 6599//140 6607//140 6606//139 
f 6607//140 6605//137 3823//138 3835//140 
f 6599//140 6601//137 6605//137 6607//140 
f 6608//145 6609//144 3284//144 3283//145 
f 6610//143 6608//145 3283//145 3289//143 
f 6611//145 6612//144 6609//144 6608//145 
f 6613//143 6611//145 6608//145 6610//143 
f 6597//139 6614//142 3296//142 3268//139 
f 6600//139 6615//142 6614//142 6597//139 
f 6614//142 6610//143 3289//143 3296//142 
f 6615//142 6613//143 6610//143 6614//142 
f 6616//275 6606//139 3838//139 3840//142 
f 6617//143 6616//275 3840//142 3843//147 
f 6615//142 6600//139 6606//139 6616//275 
f 6613//143 6615//142 6616//275 6617//143 
f 6618//144 6619//145 3855//145 3858//144 
f 6612//144 6611//145 6619//145 6618//144 
f 6619//145 6617//143 3843//147 3855//145 
f 6611//145 6613//143 6617//143 6619//145 
f 6620//151 6621//150 3300//152 3299//151 
f 6622//149 6620//151 3299//151 3305//149 
f 6623//151 6624//152 6621//150 6620//151 
f 6625//277 6623//151 6620//151 6622//149 
f 6609//144 6626//148 3312//148 3284//144 
f 6612//144 6627//148 6626//148 6609//144 
f 6626//148 6622//149 3305//149 3312//148 
f 6627//148 6625//277 6622//149 6626//148 
f 6628//148 6618//144 3858//144 3860//148 
f 6629//149 6628//148 3860//148 3863//149 
f 6627//148 6612//144 6618//144 6628//148 
f 6625//277 6627//148 6628//148 6629//149 
f 6630//150 6631//151 3875//151 3878//152 
f 6624//152 6623//151 6631//151 6630//150 
f 6631//151 6629//149 3863//149 3875//151 
f 6623//151 6625//277 6629//149 6631//151 
f 6632//156 6633//155 3316//155 3315//156 
f 6634//154 6632//156 3315//156 3321//353 
f 6635//156 6636//155 6633//155 6632//156 
f 6637//154 6635//156 6632//156 6634//154 
f 6621//150 6638//153 3328//153 3300//152 
f 6624//152 6639//153 6638//153 6621//150 
f 6638//153 6634//154 3321//353 3328//153 
f 6639//153 6637//154 6634//154 6638//153 
f 6640//153 6630//150 3878//152 3880//153 
f 6641//154 6640//153 3880//153 3883//154 
f 6639//153 6624//152 6630//150 6640//153 
f 6637//154 6639//153 6640//153 6641//154 
f 6642//155 6643//156 3895//156 3898//155 
f 6636//155 6635//156 6643//156 6642//155 
f 6643//156 6641//154 3883//154 3895//156 
f 6635//156 6637//154 6641//154 6643//156 
f 6644//161 6645//160 3332//160 3331//161 
f 6646//163 6644//161 3331//161 3337//163 
f 6647//161 6648//160 6645//160 6644//161 
f 6649//163 6647//161 6644//161 6646//163 
f 6633//155 6650//158 3344//158 3316//155 
f 6636//155 6651//158 6650//158 6633//155 
f 6650//158 6646//163 3337//163 3344//158 
f 6651//158 6649//163 6646//163 6650//158 
f 6652//158 6642//155 3898//155 3900//158 
f 6653//159 6652//158 3900//158 3903//163 
f 6651//158 6636//155 6642//155 6652//158 
f 6649//163 6651//158 6652//158 6653//159 
f 6654//160 6655//161 3915//161 3918//160 
f 6648//160 6647//161 6655//161 6654//160 
f 6655//161 6653//159 3903//163 3915//161 
f 6647//161 6649//163 6653//159 6655//161 
f 6656//167 6657//166 3348//168 3347//167 
f 6658//165 6656//167 3347//167 3353//165 
f 6659//167 6660//168 6657//166 6656//167 
f 6661//165 6659//167 6656//167 6658//165 
f 6645//160 6662//164 3360//164 3332//160 
f 6648//160 6663//164 6662//164 6645//160 
f 6662//164 6658//165 3353//165 3360//164 
f 6663//164 6661//165 6658//165 6662//164 
f 6664//164 6654//160 3918//160 3920//164 
f 6665//165 6664//164 3920//164 3923//165 
f 6663//164 6648//160 6654//160 6664//164 
f 6661//165 6663//164 6664//164 6665//165 
f 6666//166 6667//167 3935//167 3938//168 
f 6660//168 6659//167 6667//167 6666//166 
f 6667//167 6665//165 3923//165 3935//167 
f 6659//167 6661//165 6665//165 6667//167 
f 6668//1153 5578//365 2161//365 3363//1153 
f 6669//364 6668//1153 3363//1153 3366//1154 
f 6670//1153 5569//365 5578//365 6668//1153 
f 6671//364 6670//1153 6668//1153 6669//364 
f 6657//166 6672//362 3372//362 3348//168 
f 6660//168 6673//362 6672//362 6657//166 
f 6672//362 6669//364 3366//1154 3372//362 
f 6673//362 6671//364 6669//364 6672//362 
f 6674//1157 6666//166 3938//168 3940//171 
f 6675//2036 6674//1157 3940//171 3943//1187 
f 6673//362 6660//168 6666//166 6674//1157 
f 6671//364 6673//362 6674//1157 6675//2036 
f 5566//365 6676//2037 3955//1193 3958//1196 
f 5569//365 6670//1153 6676//2037 5566//365 
f 6676//2037 6675//2036 3943//1187 3955//1193 
f 6670//1153 6671//364 6675//2036 6676//2037 
s 256
f 6677//1135 6678//1134 3376//1135 3375//1135 
f 6679//1134 6677//1135 3375//1135 3381//1134 
f 6680//1135 6681//1135 6678//1134 6677//1135 
f 6682//1134 6680//1135 6677//1135 6679//1134 
f 5576//1136 6683//1136 3388//1136 2166//1136 
f 5573//1136 6684//1136 6683//1136 5576//1136 
f 6683//1136 6679//1134 3381//1134 3388//1136 
f 6684//1136 6682//1134 6679//1134 6683//1136 
f 6685//1136 5571//1136 5559//1134 5558//1134 
f 6686//1134 6685//1136 5558//1134 5555//1134 
f 6684//1136 5573//1136 5571//1136 6685//1136 
f 6682//1134 6684//1136 6685//1136 6686//1134 
f 6687//1136 6688//1135 5553//1135 5543//1134 
f 6681//1135 6680//1135 6688//1135 6687//1136 
f 6688//1135 6686//1134 5555//1134 5553//1135 
f 6680//1135 6682//1134 6686//1134 6688//1135 
f 6689//1134 6368//1136 2973//1134 3391//1134 
f 6690//1134 6689//1134 3391//1134 3394//1134 
f 6691//1134 6370//1136 6368//1136 6689//1134 
f 6692//1135 6691//1134 6689//1134 6690//1134 
f 6678//1134 6693//1136 3400//1136 3376//1135 
f 6681//1135 6694//1136 6693//1136 6678//1134 
f 6693//1136 6690//1134 3394//1134 3400//1136 
f 6694//1136 6692//1135 6690//1134 6693//1136 
f 6695//1136 6687//1136 5543//1134 5542//1136 
f 6696//1134 6695//1136 5542//1136 5539//1134 
f 6694//1136 6681//1135 6687//1136 6695//1136 
f 6692//1135 6694//1136 6695//1136 6696//1134 
f 6373//1136 6697//1134 5537//1134 5527//1134 
f 6370//1136 6691//1134 6697//1134 6373//1136 
f 6697//1134 6696//1134 5539//1134 5537//1134 
f 6691//1134 6692//1135 6696//1134 6697//1134 
f 6698//1158 6419//1160 3041//1160 3403//1159 
f 6699//1161 6698//1158 3403//1159 3406//1161 
f 6700//1159 6421//1160 6419//1160 6698//1158 
f 6701//1161 6700//1159 6698//1158 6699//1161 
f 6402//1138 6702//1162 3412//1162 3008//1138 
f 6405//1138 6703//1162 6702//1162 6402//1138 
f 6702//1162 6699//1161 3406//1161 3412//1162 
f 6703//1162 6701//1161 6699//1161 6702//1162 
f 6704//1162 6411//1138 5464//1138 5463//1162 
f 6705//1161 6704//1162 5463//1162 5458//1161 
f 6703//1162 6405//1138 6411//1138 6704//1162 
f 6701//1161 6703//1162 6704//1162 6705//1161 
f 6424//1160 6706//1158 5456//1158 3518//1160 
f 6421//1160 6700//1159 6706//1158 6424//1160 
f 6706//1158 6705//1161 5458//1161 5456//1158 
f 6700//1159 6701//1161 6705//1161 6706//1158 
# 6704 polygons

