;FLAVOR:Marlin
;TIME:779
;Filament used: 0.231607m
;Layer height: 0.12
;MINX:101.578
;MINY:101.636
;MINZ:0.28
;MAXX:118.422
;MAXY:118.364
;MAXZ:15.04
;Generated with Cura_SteamEngine main
M82 ;absolute extrusion mode
M201 X500.00 Y500.00 Z100.00 E5000.00 ;Setup machine max acceleration
M203 X500.00 Y500.00 Z10.00 E50.00 ;Setup machine max feedrate
M204 P500.00 R1000.00 T500.00 ;Setup Print/Retract/Travel acceleration
M205 X8.00 Y8.00 Z0.40 E5.00 ;Setup Jerk
M220 S100 ;Reset Feedrate
M221 S100 ;Reset Flowrate

;*** Start Dual Nozzle/Bed Preheating ***
M140 S60 ; start preheating the bed
M104 S210 ?T0 ; start preheating hotend
M190 S60 ; heat to Cura Bed setting and WAIT
M109 S210 ?T0 ; heat to Cura Hotend and WAIT
;*** End Preheating ***


;*** Single Print Start Tone
M300 S1000 P500 ; chirp to indicate starting to print
;*** End Single Start Tone

G28 ;Home

G92 E0 ;Reset Extruder
G1 Z2.0 F3000 ;Move Z Axis up
G1 X10.1 Y20 Z0.28 F5000.0 ;Move to start position
G1 X10.1 Y200.0 Z0.28 F1500.0 E15 ;Draw the first line
G1 X10.4 Y200.0 Z0.28 F5000.0 ;Move to side a little
G1 X10.4 Y20 Z0.28 F1500.0 E30 ;Draw the second line
G92 E0 ;Reset Extruder
G1 Z2.0 F3000 ;Move Z Axis up
G92 E0
G92 E0
G1 F1800 E-2
;LAYER_COUNT:124
;LAYER:0
M107
M204 S500
M205 X5 Y5
G0 F7500 X103.831 Y104.273 Z0.28
G0 X101.578 Y110.172
M205 X8 Y8
;TYPE:SKIRT
G1 F900 E0
G1 F1500 X101.595 Y109.581 E0.02857
G1 X101.641 Y109.241 E0.04515
G1 X101.886 Y107.851 E0.11337
G1 X102.028 Y107.278 E0.1419
G1 X102.246 Y106.728 E0.17049
G1 X102.405 Y106.426 E0.18698
G1 X103.109 Y105.206 E0.25505
G1 X103.438 Y104.715 E0.28362
G1 X103.831 Y104.273 E0.3122
G1 X104.088 Y104.04 E0.32897
G1 X105.166 Y103.137 E0.39693
G1 X105.643 Y102.789 E0.42546
G1 X106.164 Y102.509 E0.45405
G1 X106.479 Y102.38 E0.4705
G1 X107.802 Y101.899 E0.53853
G1 X108.37 Y101.735 E0.5671
G1 X108.954 Y101.649 E0.59563
G1 X109.298 Y101.636 E0.61226
G1 X110.71 Y101.637 E0.6805
G1 X111.3 Y101.677 E0.70908
G1 X111.878 Y101.797 E0.73761
G1 X112.201 Y101.9 E0.754
G1 X113.526 Y102.382 E0.82214
G1 X114.066 Y102.621 E0.85067
G1 X114.57 Y102.931 E0.87927
G1 X114.841 Y103.142 E0.89587
G1 X115.917 Y104.045 E0.96375
G1 X116.343 Y104.454 E0.99229
G1 X116.71 Y104.918 E1.02089
G1 X116.896 Y105.214 E1.03778
G1 X117.598 Y106.435 E1.10585
G1 X117.858 Y106.966 E1.13442
G1 X118.043 Y107.527 E1.16297
G1 X118.114 Y107.854 E1.17914
G1 X118.359 Y109.243 E1.2473
G1 X118.422 Y109.83 E1.27583
G1 X118.405 Y110.421 E1.30441
G1 X118.358 Y110.762 E1.32104
G1 X118.113 Y112.15 E1.38916
G1 X117.972 Y112.723 E1.41768
G1 X117.754 Y113.273 E1.44627
G1 X117.595 Y113.574 E1.46272
G1 X116.891 Y114.794 E1.53079
G1 X116.562 Y115.285 E1.55936
G1 X116.169 Y115.727 E1.58794
G1 X115.909 Y115.963 E1.60491
G1 X114.83 Y116.865 E1.67287
G1 X114.352 Y117.212 E1.70142
G1 X113.831 Y117.492 E1.73001
G1 X113.523 Y117.618 E1.74609
G1 X112.2 Y118.1 E1.81414
G1 X111.632 Y118.264 E1.84271
G1 X111.048 Y118.35 E1.87124
G1 X110.698 Y118.364 E1.88816
G1 X109.283 Y118.362 E1.95655
G1 X108.693 Y118.321 E1.98513
G1 X108.115 Y118.201 E2.01366
G1 X107.793 Y118.098 E2.03
G1 X106.476 Y117.618 E2.09774
G1 X105.935 Y117.378 E2.12634
G1 X105.432 Y117.068 E2.1549
G1 X105.163 Y116.859 E2.17136
G1 X104.08 Y115.95 E2.23969
G1 X103.654 Y115.541 E2.26823
G1 X103.287 Y115.077 E2.29682
G1 X103.102 Y114.784 E2.31357
G1 X102.403 Y113.57 E2.38127
G1 X102.143 Y113.039 E2.40984
G1 X101.958 Y112.478 E2.43839
G1 X101.886 Y112.148 E2.45471
G1 X101.641 Y110.759 E2.52288
G1 X101.578 Y110.172 E2.55141
M205 X5 Y5
G0 F7500 X102.037 Y110.123
M205 X8 Y8
G1 F1500 X102.094 Y109.321 E2.59027
G1 X102.339 Y107.931 E2.65848
G1 X102.475 Y107.389 E2.68548
G1 X102.803 Y106.656 E2.72429
G1 X103.507 Y105.436 E2.79236
G1 X103.821 Y104.973 E2.8194
G1 X104.383 Y104.393 E2.85843
G1 X105.461 Y103.49 E2.92639
G1 X105.914 Y103.162 E2.95342
G1 X106.636 Y102.812 E2.9922
G1 X107.959 Y102.331 E3.06023
G1 X108.497 Y102.178 E3.08726
G1 X109.298 Y102.096 E3.12617
G1 X110.71 Y102.097 E3.19441
G1 X111.267 Y102.137 E3.2214
G1 X112.044 Y102.333 E3.26013
G1 X113.369 Y102.815 E3.32827
G1 X113.879 Y103.043 E3.35526
G1 X114.546 Y103.494 E3.39418
G1 X115.622 Y104.397 E3.46206
G1 X116.023 Y104.786 E3.48906
G1 X116.498 Y105.443 E3.52824
G1 X117.2 Y106.664 E3.59631
G1 X117.443 Y107.167 E3.62331
G1 X117.661 Y107.934 E3.66184
G1 X117.906 Y109.323 E3.73
G1 X117.963 Y109.879 E3.75702
G1 X117.905 Y110.682 E3.79592
G1 X117.66 Y112.07 E3.86404
G1 X117.524 Y112.612 E3.89105
G1 X117.197 Y113.344 E3.92979
G1 X116.493 Y114.564 E3.99786
G1 X116.179 Y115.027 E4.0249
G1 X115.614 Y115.61 E4.06413
G1 X114.535 Y116.512 E4.1321
G1 X114.081 Y116.839 E4.15914
G1 X113.365 Y117.186 E4.19759
G1 X112.042 Y117.668 E4.26564
G1 X111.505 Y117.821 E4.29263
G1 X110.698 Y117.904 E4.33183
G1 X109.283 Y117.902 E4.40022
G1 X108.726 Y117.861 E4.42721
G1 X107.95 Y117.666 E4.46588
G1 X106.633 Y117.186 E4.53362
G1 X106.123 Y116.957 E4.56064
G1 X105.458 Y116.507 E4.59944
G1 X104.375 Y115.598 E4.66777
G1 X103.974 Y115.209 E4.69477
G1 X103.501 Y114.554 E4.73382
G1 X102.802 Y113.34 E4.80152
G1 X102.558 Y112.837 E4.82854
G1 X102.339 Y112.068 E4.86718
G1 X102.094 Y110.679 E4.93534
G1 X102.037 Y110.123 E4.96235
M205 X5 Y5
G0 F7500 X102.496 Y110.077
M205 X8 Y8
G1 F1500 X102.547 Y109.401 E4.99512
G1 X102.792 Y108.011 E5.06333
G1 X102.923 Y107.503 E5.08868
G1 X103.202 Y106.886 E5.12141
G1 X103.906 Y105.666 E5.18948
G1 X104.202 Y105.232 E5.21487
G1 X104.679 Y104.745 E5.24781
G1 X105.757 Y103.842 E5.31577
G1 X106.184 Y103.537 E5.34113
G1 X106.793 Y103.245 E5.37377
G1 X108.116 Y102.764 E5.4418
G1 X108.622 Y102.622 E5.4672
G1 X109.297 Y102.556 E5.49998
G1 X110.709 Y102.557 E5.56822
G1 X111.233 Y102.597 E5.59361
G1 X111.886 Y102.765 E5.6262
G1 X113.211 Y103.247 E5.69434
G1 X113.69 Y103.463 E5.71973
G1 X114.25 Y103.846 E5.75252
G1 X115.326 Y104.749 E5.82041
G1 X115.701 Y105.116 E5.84577
G1 X116.099 Y105.672 E5.87881
G1 X116.801 Y106.893 E5.94688
G1 X117.027 Y107.367 E5.97225
G1 X117.208 Y108.014 E6.00472
G1 X117.453 Y109.403 E6.07289
G1 X117.504 Y109.925 E6.09823
G1 X117.452 Y110.602 E6.13105
G1 X117.207 Y111.99 E6.19916
G1 X117.077 Y112.498 E6.22451
G1 X116.798 Y113.114 E6.25719
G1 X116.094 Y114.334 E6.32526
G1 X115.798 Y114.768 E6.35065
G1 X115.319 Y115.257 E6.38373
G1 X114.24 Y116.159 E6.45169
G1 X113.813 Y116.464 E6.47705
G1 X113.208 Y116.754 E6.50948
G1 X111.885 Y117.236 E6.57753
G1 X111.379 Y117.377 E6.60291
G1 X110.699 Y117.444 E6.63593
G1 X109.284 Y117.442 E6.70432
G1 X108.761 Y117.401 E6.72967
G1 X108.108 Y117.233 E6.76226
G1 X106.791 Y116.753 E6.83
G1 X106.312 Y116.537 E6.85539
G1 X105.754 Y116.155 E6.88807
G1 X104.671 Y115.246 E6.95641
G1 X104.296 Y114.878 E6.9818
G1 X103.899 Y114.324 E7.01474
G1 X103.2 Y113.11 E7.08244
G1 X102.974 Y112.637 E7.10777
G1 X102.792 Y111.988 E7.14034
G1 X102.547 Y110.599 E7.20851
G1 X102.496 Y110.077 E7.23386
M205 X5 Y5
G0 F7500 X102.955 Y110.033
M205 X8 Y8
G1 F1500 X103 Y109.481 E7.26062
G1 X103.245 Y108.091 E7.32883
G1 X103.369 Y107.618 E7.35246
G1 X103.6 Y107.116 E7.37917
G1 X104.304 Y105.896 E7.44724
G1 X104.582 Y105.494 E7.47086
G1 X104.974 Y105.098 E7.49779
G1 X106.052 Y104.195 E7.56575
G1 X106.451 Y103.913 E7.58936
G1 X106.95 Y103.677 E7.61604
G1 X108.273 Y103.196 E7.68407
G1 X108.745 Y103.067 E7.70772
G1 X109.297 Y103.016 E7.73451
G1 X110.709 Y103.017 E7.80275
G1 X111.196 Y103.057 E7.82636
G1 X111.729 Y103.197 E7.853
G1 X113.054 Y103.679 E7.92114
G1 X113.498 Y103.883 E7.94475
G1 X113.954 Y104.199 E7.97156
G1 X115.03 Y105.102 E8.03945
G1 X115.377 Y105.445 E8.06303
G1 X115.7 Y105.902 E8.09007
G1 X116.402 Y107.123 E8.15814
G1 X116.61 Y107.565 E8.18175
G1 X116.755 Y108.094 E8.20826
G1 X117 Y109.483 E8.27642
G1 X117.045 Y109.969 E8.30001
G1 X116.999 Y110.522 E8.32683
G1 X116.754 Y111.91 E8.39494
G1 X116.63 Y112.382 E8.41853
G1 X116.4 Y112.884 E8.44521
G1 X115.696 Y114.104 E8.51328
G1 X115.418 Y114.506 E8.5369
G1 X115.024 Y114.904 E8.56397
G1 X113.945 Y115.806 E8.63194
G1 X113.545 Y116.088 E8.65559
G1 X113.051 Y116.321 E8.68198
G1 X111.728 Y116.803 E8.75003
G1 X111.256 Y116.933 E8.77369
G1 X110.7 Y116.984 E8.80068
G1 X109.285 Y116.982 E8.86906
G1 X108.798 Y116.941 E8.89268
G1 X108.265 Y116.801 E8.91931
G1 X106.948 Y116.321 E8.98705
G1 X106.504 Y116.117 E9.01067
G1 X106.05 Y115.802 E9.03737
G1 X104.967 Y114.893 E9.10571
G1 X104.619 Y114.55 E9.12932
G1 X104.298 Y114.095 E9.15623
G1 X103.599 Y112.881 E9.22393
G1 X103.39 Y112.439 E9.24756
G1 X103.245 Y111.908 E9.27416
G1 X103 Y110.519 E9.34232
G1 X102.955 Y110.033 E9.36591
M205 X5 Y5
G0 F7500 X103.415 Y109.992
M205 X8 Y8
G1 F1500 X103.453 Y109.561 E9.38682
G1 X103.698 Y108.171 E9.45503
G1 X103.815 Y107.737 E9.47676
G1 X103.999 Y107.345 E9.49768
G1 X104.703 Y106.125 E9.56576
G1 X104.961 Y105.758 E9.58744
G1 X105.269 Y105.451 E9.60845
G1 X106.347 Y104.548 E9.67641
G1 X106.716 Y104.291 E9.69815
G1 X107.108 Y104.109 E9.71903
G1 X108.431 Y103.628 E9.78706
G1 X108.865 Y103.513 E9.80876
G1 X109.297 Y103.476 E9.82972
G1 X110.709 Y103.477 E9.89796
G1 X111.156 Y103.517 E9.91964
G1 X111.572 Y103.629 E9.94046
G1 X112.897 Y104.111 E10.0086
G1 X113.304 Y104.302 E10.03033
G1 X113.658 Y104.551 E10.05125
G1 X114.734 Y105.454 E10.11913
G1 X115.052 Y105.772 E10.14087
G1 X115.301 Y106.131 E10.16198
G1 X116.003 Y107.352 E10.23005
G1 X116.192 Y107.76 E10.25178
G1 X116.302 Y108.174 E10.27248
G1 X116.547 Y109.563 E10.34064
G1 X116.585 Y110.01 E10.36232
G1 X116.546 Y110.442 E10.38329
G1 X116.301 Y111.83 E10.4514
G1 X116.184 Y112.264 E10.47313
G1 X116.001 Y112.655 E10.49399
G1 X115.297 Y113.875 E10.56206
G1 X115.039 Y114.242 E10.58374
G1 X114.729 Y114.551 E10.6049
G1 X113.65 Y115.453 E10.67286
G1 X113.281 Y115.71 E10.69459
G1 X112.893 Y115.889 E10.71524
G1 X111.57 Y116.371 E10.78329
G1 X111.136 Y116.487 E10.805
G1 X110.7 Y116.524 E10.82615
G1 X109.285 Y116.522 E10.89453
G1 X108.838 Y116.481 E10.91623
G1 X108.423 Y116.369 E10.937
G1 X107.106 Y115.889 E11.00474
G1 X106.699 Y115.698 E11.02647
G1 X106.345 Y115.45 E11.04736
G1 X105.262 Y114.541 E11.11569
G1 X104.945 Y114.222 E11.13743
G1 X104.696 Y113.865 E11.15846
G1 X103.997 Y112.651 E11.22616
G1 X103.809 Y112.244 E11.24783
G1 X103.698 Y111.828 E11.26864
G1 X103.453 Y110.439 E11.3368
G1 X103.415 Y109.992 E11.35848
M205 X5 Y5
G0 F7500 X103.876 Y109.954
M205 X8 Y8
G1 F1500 X103.906 Y109.641 E11.37368
G1 X104.151 Y108.251 E11.44189
G1 X104.261 Y107.859 E11.46156
G1 X104.397 Y107.575 E11.47678
G1 X105.101 Y106.355 E11.54485
G1 X105.338 Y106.025 E11.56449
G1 X105.565 Y105.803 E11.57983
G1 X106.643 Y104.9 E11.64779
G1 X106.978 Y104.671 E11.6674
G1 X107.265 Y104.542 E11.68261
G1 X108.588 Y104.061 E11.75064
G1 X108.981 Y103.96 E11.77025
G1 X109.296 Y103.936 E11.78552
G1 X110.708 Y103.937 E11.85376
G1 X111.113 Y103.977 E11.87343
G1 X111.415 Y104.062 E11.88859
G1 X112.74 Y104.544 E11.95673
G1 X113.106 Y104.719 E11.97633
G1 X113.363 Y104.903 E11.99161
G1 X114.439 Y105.806 E12.0595
G1 X114.723 Y106.097 E12.07915
G1 X114.903 Y106.36 E12.09455
G1 X115.605 Y107.581 E12.16261
G1 X115.772 Y107.952 E12.18228
G1 X115.849 Y108.253 E12.19729
G1 X116.094 Y109.642 E12.26546
G1 X116.124 Y110.048 E12.28513
G1 X116.093 Y110.362 E12.30038
G1 X115.848 Y111.75 E12.36849
G1 X115.739 Y112.141 E12.38811
G1 X115.603 Y112.425 E12.40333
G1 X114.899 Y113.645 E12.4714
G1 X114.662 Y113.975 E12.49104
G1 X114.434 Y114.198 E12.50645
G1 X113.355 Y115.1 E12.57442
G1 X113.019 Y115.329 E12.59407
G1 X112.736 Y115.457 E12.60908
G1 X111.413 Y115.939 E12.67713
G1 X111.019 Y116.04 E12.69678
G1 X110.701 Y116.064 E12.71219
G1 X109.286 Y116.062 E12.78058
G1 X108.882 Y116.022 E12.8002
G1 X108.58 Y115.937 E12.81536
G1 X107.263 Y115.457 E12.8831
G1 X106.897 Y115.281 E12.90273
G1 X106.641 Y115.098 E12.91794
G1 X105.558 Y114.189 E12.98627
G1 X105.274 Y113.898 E13.00592
G1 X105.095 Y113.636 E13.02126
G1 X104.396 Y112.422 E13.08896
G1 X104.229 Y112.051 E13.10862
G1 X104.151 Y111.749 E13.12369
G1 X103.906 Y110.36 E13.19186
G1 X103.876 Y109.954 E13.21153
M205 X5 Y5
G0 F7500 X104.334 Y109.866
M205 X8 Y8
G1 F1500 X104.604 Y108.331 E13.28685
G1 X104.722 Y107.933 E13.30691
G1 X105.5 Y106.585 E13.38213
G1 X105.745 Y106.253 E13.40207
G1 X106.938 Y105.253 E13.4773
G1 X107.283 Y105.025 E13.49729
G1 X108.745 Y104.493 E13.57248
G1 X109.147 Y104.396 E13.59246
G1 X110.708 Y104.397 E13.6679
G1 X111.117 Y104.443 E13.68779
G1 X112.582 Y104.976 E13.76313
G1 X112.951 Y105.159 E13.78304
G1 X114.143 Y106.159 E13.85823
G1 X114.428 Y106.458 E13.87819
G1 X115.206 Y107.811 E13.95362
G1 X115.37 Y108.188 E13.97349
G1 X115.641 Y109.722 E14.04877
G1 X115.666 Y110.133 E14.06867
G1 X115.395 Y111.67 E14.1441
G1 X115.279 Y112.065 E14.16399
G1 X114.5 Y113.415 E14.23932
G1 X114.255 Y113.748 E14.2593
G1 X113.06 Y114.747 E14.33457
G1 X112.716 Y114.975 E14.35452
G1 X111.255 Y115.507 E14.42966
G1 X110.852 Y115.604 E14.44969
G1 X109.287 Y115.602 E14.52533
G1 X108.878 Y115.556 E14.54522
G1 X107.421 Y115.025 E14.62016
G1 X107.051 Y114.84 E14.64015
G1 X105.854 Y113.836 E14.71566
G1 X105.57 Y113.539 E14.73551
G1 X104.795 Y112.192 E14.81062
G1 X104.629 Y111.812 E14.83066
G1 X104.359 Y110.28 E14.90584
G1 X104.334 Y109.866 E14.92588
M205 X5 Y5
G0 F7500 X104.812 Y109.8
M205 X8 Y8
G1 F1500 X105.057 Y108.41 E14.99409
G1 X105.194 Y108.035 E15.01339
G1 X105.898 Y106.815 E15.08146
G1 X106.156 Y106.508 E15.10084
G1 X107.234 Y105.605 E15.1688
G1 X107.579 Y105.406 E15.18805
G1 X108.902 Y104.925 E15.25608
G1 X109.296 Y104.856 E15.27541
G1 X110.708 Y104.857 E15.34365
G1 X111.1 Y104.926 E15.36289
G1 X112.425 Y105.408 E15.43103
G1 X112.771 Y105.608 E15.45034
G1 X113.847 Y106.511 E15.51823
G1 X114.105 Y106.819 E15.53764
G1 X114.807 Y108.04 E15.60571
G1 X114.943 Y108.413 E15.6249
G1 X115.188 Y109.802 E15.69306
G1 X115.187 Y110.202 E15.71239
G1 X114.942 Y111.59 E15.78051
G1 X114.806 Y111.965 E15.79978
G1 X114.102 Y113.185 E15.86786
G1 X113.844 Y113.492 E15.88724
G1 X112.765 Y114.394 E15.9552
G1 X112.421 Y114.593 E15.97441
G1 X111.098 Y115.075 E16.04246
G1 X110.702 Y115.144 E16.06188
G1 X109.287 Y115.142 E16.13027
G1 X108.895 Y115.072 E16.14951
G1 X107.578 Y114.592 E16.21726
G1 X107.233 Y114.393 E16.2365
G1 X106.15 Y113.484 E16.30483
G1 X105.892 Y113.177 E16.32422
G1 X105.193 Y111.963 E16.39192
G1 X105.057 Y111.589 E16.41115
G1 X104.812 Y110.2 E16.47931
G1 X104.812 Y109.8 E16.49864
M205 X5 Y5
G0 F7500 X105.265 Y109.88
M205 X8 Y8
G1 F1500 X105.51 Y108.49 E16.56685
G1 X105.592 Y108.265 E16.57843
G1 X106.296 Y107.045 E16.6465
G1 X106.451 Y106.861 E16.65813
G1 X107.529 Y105.958 E16.72609
G1 X107.736 Y105.839 E16.73763
G1 X109.059 Y105.358 E16.80566
G1 X109.295 Y105.316 E16.81724
G1 X110.707 Y105.317 E16.88548
G1 X110.943 Y105.359 E16.89707
G1 X112.268 Y105.841 E16.96521
G1 X112.476 Y105.96 E16.97679
G1 X113.552 Y106.863 E17.04467
G1 X113.706 Y107.048 E17.05631
G1 X114.408 Y108.269 E17.12437
G1 X114.49 Y108.493 E17.1359
G1 X114.735 Y109.882 E17.20406
G1 X114.734 Y110.122 E17.21566
G1 X114.489 Y111.51 E17.28378
G1 X114.408 Y111.735 E17.29533
G1 X113.704 Y112.955 E17.36341
G1 X113.549 Y113.139 E17.37503
G1 X112.47 Y114.041 E17.443
G1 X112.263 Y114.16 E17.45454
G1 X110.94 Y114.642 E17.52259
G1 X110.703 Y114.684 E17.53422
G1 X109.288 Y114.682 E17.6026
G1 X109.053 Y114.64 E17.61414
G1 X107.736 Y114.16 E17.68188
G1 X107.528 Y114.041 E17.69347
G1 X106.445 Y113.132 E17.7618
G1 X106.291 Y112.947 E17.77343
G1 X105.592 Y111.733 E17.84113
G1 X105.51 Y111.509 E17.85266
G1 X105.265 Y110.12 E17.92082
G1 X105.265 Y109.88 E17.93242
M205 X5 Y5
G0 F7500 X105.711 Y110
M205 X8 Y8
G1 F1500 X105.97 Y108.532 E18.00446
G1 X106.715 Y107.24 E18.07654
G1 X107.855 Y106.285 E18.14841
G1 X109.255 Y105.776 E18.2204
G1 X110.748 Y105.777 E18.29255
G1 X112.149 Y106.287 E18.36461
G1 X113.287 Y107.242 E18.4364
G1 X114.03 Y108.535 E18.50847
G1 X114.289 Y109.999 E18.58032
G1 X114.029 Y111.471 E18.65256
G1 X113.284 Y112.761 E18.72456
G1 X112.143 Y113.714 E18.7964
G1 X110.744 Y114.224 E18.86837
G1 X109.248 Y114.222 E18.94066
G1 X107.855 Y113.714 E19.01232
G1 X106.71 Y112.753 E19.08456
G1 X105.97 Y111.467 E19.15627
G1 X105.711 Y110 E19.22826
M205 X5 Y5
;MESH:screw_15mm_15rotations_1pitch.stl
G0 F7500 X106.666 Y110.001
M205 X8 Y8
;TYPE:WALL-INNER
G1 F1500 X106.866 Y111.139 E19.28896
G1 X107.444 Y112.141 E19.34972
G1 X108.333 Y112.886 E19.41065
G1 X109.414 Y113.282 E19.47113
G1 X110.58 Y113.283 E19.53238
G1 X111.666 Y112.886 E19.59312
G1 X112.55 Y112.147 E19.65364
G1 X113.134 Y111.137 E19.71493
G1 X113.334 Y110.001 E19.77552
G1 X113.133 Y108.864 E19.83617
G1 X112.553 Y107.854 E19.89736
G1 X111.671 Y107.115 E19.9578
G1 X110.583 Y106.719 E20.01862
G1 X109.419 Y106.717 E20.07977
G1 X108.333 Y107.113 E20.14049
G1 X107.45 Y107.852 E20.20097
G1 X106.866 Y108.864 E20.26235
G1 X106.666 Y110.001 E20.323
M205 X5 Y5
G0 F7500 X106.381 Y110.001
M205 X8 Y8
;TYPE:WALL-OUTER
G1 F1500 X106.599 Y111.236 E20.3836
G1 X107.226 Y112.324 E20.44429
G1 X108.191 Y113.132 E20.50512
G1 X109.364 Y113.562 E20.56549
G1 X110.63 Y113.563 E20.62668
G1 X111.808 Y113.132 E20.6873
G1 X112.767 Y112.33 E20.74771
G1 X113.401 Y111.235 E20.80886
G1 X113.619 Y110.001 E20.86942
G1 X113.401 Y108.766 E20.93003
G1 X112.771 Y107.671 E20.99108
G1 X111.813 Y106.869 E21.05146
G1 X110.632 Y106.439 E21.1122
G1 X109.369 Y106.437 E21.17324
G1 X108.191 Y106.867 E21.23385
G1 X107.233 Y107.669 E21.29423
G1 X106.599 Y108.766 E21.35546
G1 X106.381 Y110.001 E21.41607
M205 X5 Y5
G0 F7500 X106.415 Y110.197
G0 X106.936 Y110.002
M205 X8 Y8
;TYPE:SKIN
G1 F1500 X107.12 Y111.044 E21.44497
G1 X107.651 Y111.967 E21.47406
G1 X108.468 Y112.65 E21.50315
G1 X109.46 Y113.016 E21.53203
G1 X110.534 Y113.016 E21.56137
G1 X111.531 Y112.65 E21.59038
G1 X112.339 Y111.974 E21.61915
G1 X112.88 Y111.04 E21.64864
G1 X113.064 Y110.002 E21.67743
G1 X112.879 Y108.959 E21.70637
G1 X112.344 Y108.026 E21.73575
G1 X111.537 Y107.351 E21.76448
G1 X110.537 Y106.987 E21.79355
G1 X109.464 Y106.984 E21.82286
G1 X108.468 Y107.349 E21.85184
G1 X107.66 Y108.025 E21.88062
G1 X107.12 Y108.961 E21.91013
G1 X106.936 Y110.002 E21.93901
M205 X5 Y5
G0 F7500 X106.822 Y109.982
G0 X107.068 Y108.938
G0 X107.615 Y107.991
G0 X108.357 Y107.369
G0 X109.387 Y106.888
G0 X109.471 Y107.12
M205 X8 Y8
G1 F1500 X110.523 Y107.12 E21.96775
M205 X5 Y5
G0 F7500 X111.238 Y107.38
M205 X8 Y8
G1 F1500 X108.761 Y107.38 E22.03541
M205 X5 Y5
G0 F7500 X108.323 Y107.64
M205 X8 Y8
G1 F1500 X111.681 Y107.64 E22.12713
M205 X5 Y5
G0 F7500 X111.991 Y107.9
M205 X8 Y8
G1 F1500 X108.012 Y107.9 E22.23582
M205 X5 Y5
G0 F7500 X107.733 Y108.16
M205 X8 Y8
G1 F1500 X112.272 Y108.16 E22.35981
M205 X5 Y5
G0 F7500 X112.421 Y108.42
M205 X8 Y8
G1 F1500 X107.583 Y108.42 E22.49196
M205 X5 Y5
G0 F7500 X107.433 Y108.68
M205 X8 Y8
G1 F1500 X112.57 Y108.68 E22.63228
M205 X5 Y5
G0 F7500 X112.719 Y108.94
M205 X8 Y8
G1 F1500 X107.283 Y108.94 E22.78077
M205 X5 Y5
G0 F7500 X107.21 Y109.2
M205 X8 Y8
G1 F1500 X112.79 Y109.2 E22.93319
M205 X5 Y5
G0 F7500 X112.836 Y109.46
M205 X8 Y8
G1 F1500 X107.164 Y109.46 E23.08813
M205 X5 Y5
G0 F7500 X107.118 Y109.72
M205 X8 Y8
G1 F1500 X112.882 Y109.72 E23.24557
M205 X5 Y5
G0 F7500 X112.929 Y109.98
M205 X8 Y8
G1 F1500 X107.072 Y109.98 E23.40556
M205 X5 Y5
G0 F7500 X107.11 Y110.24
M205 X8 Y8
G1 F1500 X112.889 Y110.24 E23.56342
M205 X5 Y5
G0 F7500 X112.843 Y110.5
M205 X8 Y8
G1 F1500 X107.155 Y110.5 E23.71879
M205 X5 Y5
G0 F7500 X107.201 Y110.76
M205 X8 Y8
G1 F1500 X112.797 Y110.76 E23.87165
M205 X5 Y5
G0 F7500 X112.741 Y111.02
M205 X8 Y8
G1 F1500 X107.256 Y111.02 E24.02148
M205 X5 Y5
G0 F7500 X107.405 Y111.28
M205 X8 Y8
G1 F1500 X112.59 Y111.28 E24.16311
M205 X5 Y5
G0 F7500 X112.44 Y111.54
M205 X8 Y8
G1 F1500 X107.555 Y111.54 E24.29655
M205 X5 Y5
G0 F7500 X107.704 Y111.8
M205 X8 Y8
G1 F1500 X112.289 Y111.8 E24.42179
M205 X5 Y5
G0 F7500 X112.033 Y112.06
M205 X8 Y8
G1 F1500 X107.964 Y112.06 E24.53294
M205 X5 Y5
G0 F7500 X108.275 Y112.32
M205 X8 Y8
G1 F1500 X111.723 Y112.32 E24.62712
M205 X5 Y5
G0 F7500 X111.345 Y112.58
M205 X8 Y8
G1 F1500 X108.653 Y112.58 E24.70066
M205 X5 Y5
G0 F7500 X109.358 Y112.84
M104 S210
M205 X8 Y8
G1 F1500 X110.636 Y112.84 E24.73557
M205 X5 Y5
;MESH:NONMESH
G0 F600 X110.636 Y112.84 Z0.4
G0 F7500 X110.684 Y113.838
;TIME_ELAPSED:30.421297
;LAYER:1
M140 S50
M106 S85
M205 X14 Y14
;TYPE:WALL-INNER
;MESH:screw_15mm_15rotations_1pitch.stl
G1 F1415.1 X111.846 Y113.32 E24.76571
G1 X112.783 Y112.41 E24.79667
G1 X113.326 Y111.275 E24.82648
G1 X113.345 Y111.088 E24.83094
G1 X113.537 Y110.003 E24.85705
G1 X113.325 Y108.792 E24.88618
G1 X112.709 Y107.724 E24.9154
G1 X111.773 Y106.941 E24.94432
G1 X110.62 Y106.518 E24.97343
G1 X109.384 Y106.517 E25.00272
G1 X108.236 Y106.936 E25.03168
G1 X107.29 Y107.725 E25.06087
G1 X106.675 Y108.792 E25.09005
G1 X106.463 Y110.001 E25.11914
G1 X106.675 Y111.208 E25.14818
G1 X107.286 Y112.268 E25.17718
G1 X107.866 Y112.756 E25.19514
G1 X108.261 Y113.162 E25.20856
G1 X109.404 Y113.713 E25.23863
G1 X110.684 Y113.838 E25.26911
M205 X12.5 Y12.5
G0 F8250 X110.729 Y114.124
M205 X14 Y14
;TYPE:WALL-OUTER
G1 F1179.2 X112.006 Y113.556 E25.29958
G1 X113.014 Y112.576 E25.33023
G1 X113.601 Y111.35 E25.35987
G1 X113.621 Y111.136 E25.36455
G1 X113.822 Y110.003 E25.38964
G1 X113.592 Y108.695 E25.4186
G1 X112.927 Y107.541 E25.44763
G1 X111.915 Y106.694 E25.4764
G1 X110.67 Y106.238 E25.50531
G1 X109.334 Y106.237 E25.53444
G1 X108.094 Y106.69 E25.56322
G1 X107.073 Y107.542 E25.59221
G1 X106.408 Y108.695 E25.62123
G1 X106.178 Y110.001 E25.65014
G1 X106.408 Y111.305 E25.67901
G1 X107.068 Y112.45 E25.70783
G1 X107.677 Y112.963 E25.72519
G1 X108.094 Y113.392 E25.73823
G1 X109.328 Y113.988 E25.76811
G1 X109.896 Y114.038 E25.78054
G1 X110.729 Y114.124 E25.7988
M205 X12.5 Y12.5
G0 F8250 X110.911 Y114.043
G0 X110.642 Y113.566
M205 X14 Y14
;TYPE:SKIN
G1 F1100.6 X111.691 Y113.099 E25.81295
G1 X112.563 Y112.251 E25.82794
G1 X113.065 Y111.202 E25.84227
G1 X113.082 Y111.041 E25.84426
G1 X113.267 Y110.002 E25.85727
G1 X113.071 Y108.886 E25.87123
G1 X112.501 Y107.896 E25.88531
G1 X111.638 Y107.176 E25.89916
G1 X110.574 Y106.784 E25.91313
G1 X109.43 Y106.784 E25.92723
G1 X108.37 Y107.172 E25.94114
G1 X107.499 Y107.897 E25.9551
G1 X106.929 Y108.887 E25.96918
G1 X106.734 Y110 E25.9831
G1 X106.929 Y111.111 E25.997
G1 X107.496 Y112.095 E26.011
G1 X108.074 Y112.586 E26.02034
G1 X108.42 Y112.942 E26.02646
G1 X109.476 Y113.452 E26.04091
G1 X110.642 Y113.566 E26.05535
M205 X12.5 Y12.5
G0 F8250 X110.63 Y113.68
G0 X111.726 Y113.143
G0 X112.609 Y112.285
G0 X113.075 Y111.249
G0 X113.342 Y110.242
G0 X113.1 Y110.199
M205 X14 Y14
G1 F1100.6 X113.1 Y109.803 E26.06023
M205 X12.5 Y12.5
G0 F8250 X113.343 Y109.761
G0 X113.054 Y108.623
G0 X112.84 Y108.746
M205 X14 Y14
G1 F1100.6 X112.84 Y111.371 E26.09258
M205 X12.5 Y12.5
G0 F8250 X112.58 Y111.915
M205 X14 Y14
G1 F1100.6 X112.58 Y108.294 E26.1372
M205 X12.5 Y12.5
G0 F8250 X112.32 Y107.915
M205 X14 Y14
G1 F1100.6 X112.32 Y112.307 E26.19132
M205 X12.5 Y12.5
G0 F8250 X112.06 Y112.56
M205 X14 Y14
G1 F1100.6 X112.06 Y107.698 E26.25123
M205 X12.5 Y12.5
G0 F8250 X111.8 Y107.481
M205 X14 Y14
G1 F1100.6 X111.8 Y112.813 E26.31694
M205 X12.5 Y12.5
G0 F8250 X111.54 Y113.025
M205 X14 Y14
G1 F1100.6 X111.54 Y107.279 E26.38775
M205 X12.5 Y12.5
G0 F8250 X111.28 Y107.183
M205 X14 Y14
G1 F1100.6 X111.28 Y113.14 E26.46115
M205 X12.5 Y12.5
G0 F8250 X111.02 Y113.256
M205 X14 Y14
G1 F1100.6 X111.02 Y107.087 E26.53717
M205 X12.5 Y12.5
G0 F8250 X110.76 Y106.991
M205 X14 Y14
G1 F1100.6 X110.76 Y113.371 E26.61579
M205 X12.5 Y12.5
G0 F8250 X110.5 Y113.421
M205 X14 Y14
G1 F1100.6 X110.5 Y106.914 E26.69598
M205 X12.5 Y12.5
G0 F8250 X110.24 Y106.914
M205 X14 Y14
G1 F1100.6 X110.24 Y113.395 E26.77584
M205 X12.5 Y12.5
G0 F8250 X109.98 Y113.37
M205 X14 Y14
G1 F1100.6 X109.98 Y106.914 E26.8554
M205 X12.5 Y12.5
G0 F8250 X109.72 Y106.914
M205 X14 Y14
G1 F1100.6 X109.72 Y113.345 E26.93465
M205 X12.5 Y12.5
G0 F8250 X109.46 Y113.299
M205 X14 Y14
G1 F1100.6 X109.46 Y106.914 E27.01333
M205 X12.5 Y12.5
G0 F8250 X109.2 Y107.006
M205 X14 Y14
G1 F1100.6 X109.2 Y113.174 E27.08934
M205 X12.5 Y12.5
G0 F8250 X108.94 Y113.048
M205 X14 Y14
G1 F1100.6 X108.94 Y107.101 E27.16262
M205 X12.5 Y12.5
G0 F8250 X108.68 Y107.196
M205 X14 Y14
G1 F1100.6 X108.68 Y112.923 E27.23319
M205 X12.5 Y12.5
G0 F8250 X108.42 Y112.755
M205 X14 Y14
G1 F1100.6 X108.42 Y107.299 E27.30043
M205 X12.5 Y12.5
G0 F8250 X108.16 Y107.515
M205 X14 Y14
G1 F1100.6 X108.16 Y112.489 E27.36172
M205 X12.5 Y12.5
G0 F8250 X107.9 Y112.267
M205 X14 Y14
G1 F1100.6 X107.9 Y107.732 E27.41761
M205 X12.5 Y12.5
G0 F8250 X107.64 Y107.948
M205 X14 Y14
G1 F1100.6 X107.64 Y112.046 E27.4681
M205 X12.5 Y12.5
G0 F8250 X107.38 Y111.633
M205 X14 Y14
G1 F1100.6 X107.38 Y108.364 E27.50839
M205 X12.5 Y12.5
G0 F8250 X107.12 Y108.815
M205 X14 Y14
G1 F1100.6 X107.12 Y111.182 E27.53756
M205 X12.5 Y12.5
;MESH:NONMESH
G0 F600 X107.12 Y111.182 Z0.52
G0 F8250 X106.905 Y111.304
G0 X107.451 Y112.13
G0 X108.386 Y112.988
G0 X109.353 Y113.454
G0 X110.648 Y113.617
G0 X110.744 Y114.183
;TIME_ELAPSED:42.232353
;LAYER:2
M106 S170
M205 X20 Y20
;TYPE:WALL-INNER
;MESH:screw_15mm_15rotations_1pitch.stl
G1 F1673.9 X112.027 Y113.619 E27.57077
G1 X112.265 Y113.388 E27.57863
G1 X112.966 Y112.62 E27.60327
G1 X113.186 Y112.065 E27.61742
G1 X113.359 Y111.418 E27.63329
G1 X113.345 Y111.094 E27.64097
G1 X113.536 Y110.005 E27.66718
G1 X113.325 Y108.791 E27.69638
G1 X112.709 Y107.724 E27.72557
G1 X111.775 Y106.941 E27.75446
G1 X110.622 Y106.518 E27.78356
G1 X109.384 Y106.517 E27.8129
G1 X108.238 Y106.935 E27.84181
G1 X107.29 Y107.725 E27.87105
G1 X106.675 Y108.792 E27.90023
G1 X106.463 Y110 E27.9293
G1 X106.528 Y110.394 E27.93876
G1 X106.592 Y111.302 E27.96033
G1 X107.122 Y112.487 E27.9911
G1 X107.546 Y112.908 E28.00526
G1 X108.082 Y113.459 E28.02347
G1 X108.939 Y113.858 E28.04587
G1 X109.349 Y114.059 E28.0567
G1 X110.744 Y114.183 E28.08988
G0 F9000 X110.791 Y114.468
;TYPE:WALL-OUTER
G1 F1287.6 X112.185 Y113.855 E28.12308
G1 X112.466 Y113.583 E28.13161
G1 X113.208 Y112.771 E28.15559
G1 X113.452 Y112.153 E28.17008
G1 X113.642 Y111.442 E28.18612
G1 X113.623 Y111.128 E28.19298
G1 X113.821 Y110.005 E28.21784
G1 X113.592 Y108.694 E28.24686
G1 X112.927 Y107.541 E28.27588
G1 X111.917 Y106.695 E28.3046
G1 X110.672 Y106.238 E28.33352
G1 X109.334 Y106.237 E28.36269
G1 X108.096 Y106.689 E28.39142
G1 X107.073 Y107.542 E28.42046
G1 X106.408 Y108.695 E28.44948
G1 X106.178 Y110 E28.47837
G1 X106.248 Y110.402 E28.48727
G1 X106.316 Y111.374 E28.50851
G1 X106.437 Y111.631 E28.5147
G1 X106.887 Y112.649 E28.53897
G1 X107.345 Y113.103 E28.55303
G1 X107.917 Y113.691 E28.57091
G1 X108.816 Y114.11 E28.59254
G1 X109.273 Y114.333 E28.60362
G1 X110.791 Y114.468 E28.63685
G0 F9000 X110.974 Y114.388
G0 X110.702 Y113.911
;TYPE:SKIN
G1 F1158.8 X111.875 Y113.395 E28.65264
G1 X112.074 Y113.204 E28.65604
G1 X112.737 Y112.479 E28.66815
G1 X112.935 Y111.968 E28.6749
G1 X113.089 Y111.388 E28.68229
G1 X113.074 Y111.091 E28.68596
G1 X113.266 Y110.004 E28.69956
G1 X113.071 Y108.886 E28.71355
G1 X112.501 Y107.896 E28.72762
G1 X111.639 Y107.177 E28.74146
G1 X110.575 Y106.784 E28.75543
G1 X109.43 Y106.784 E28.76954
G1 X108.372 Y107.171 E28.78343
G1 X107.499 Y107.897 E28.79742
G1 X106.929 Y108.888 E28.81151
G1 X106.732 Y110 E28.82542
G1 X106.791 Y110.348 E28.82977
G1 X106.855 Y111.237 E28.84076
G1 X107.341 Y112.329 E28.85548
G1 X107.746 Y112.731 E28.86252
G1 X108.24 Y113.238 E28.87124
G1 X109.423 Y113.798 E28.88737
G1 X110.702 Y113.911 E28.90319
G0 F9000 X110.692 Y114.026
G0 X111.907 Y113.441
G0 X112.784 Y112.506
G0 X113.145 Y111.399
G0 X113.323 Y110.005
G0 X113.123 Y108.865
G0 X112.545 Y107.862
G0 X111.834 Y107.268
G0 X111.195 Y106.89
G0 X111.11 Y107.12
G1 F1158.8 X108.89 Y107.12 E28.93055
G0 F9000 X108.324 Y107.38
G1 F1158.8 X111.68 Y107.38 E28.9719
G0 F9000 X111.992 Y107.64
G1 F1158.8 X108.012 Y107.64 E29.02095
G0 F9000 X107.699 Y107.9
G1 F1158.8 X112.303 Y107.9 E29.07768
G0 F9000 X112.504 Y108.16
G1 F1158.8 X107.498 Y108.16 E29.13937
G0 F9000 X107.349 Y108.42
G1 F1158.8 X112.653 Y108.42 E29.20473
G0 F9000 X112.803 Y108.68
G1 F1158.8 X107.199 Y108.68 E29.27379
G0 F9000 X107.052 Y108.94
G1 F1158.8 X112.949 Y108.94 E29.34646
G0 F9000 X112.994 Y109.2
G1 F1158.8 X107.006 Y109.2 E29.42025
G0 F9000 X106.96 Y109.46
G1 F1158.8 X113.04 Y109.46 E29.49517
G0 F9000 X113.085 Y109.72
G1 F1158.8 X106.914 Y109.72 E29.57121
G0 F9000 X106.868 Y109.98
G1 F1158.8 X113.13 Y109.98 E29.64838
G0 F9000 X113.092 Y110.24
G1 F1158.8 X106.905 Y110.24 E29.72462
G0 F9000 X106.931 Y110.5
G1 F1158.8 X113.046 Y110.5 E29.79998
G0 F9000 X113 Y110.76
G1 F1158.8 X106.95 Y110.76 E29.87453
G0 F9000 X106.969 Y111.02
G1 F1158.8 X112.954 Y111.02 E29.94828
G0 F9000 X112.955 Y111.28
G1 F1158.8 X107.016 Y111.28 E30.02147
G0 F9000 X107.132 Y111.54
G1 F1158.8 X112.914 Y111.54 E30.09272
G0 F9000 X112.845 Y111.8
G1 F1158.8 X107.247 Y111.8 E30.1617
G0 F9000 X107.363 Y112.06
G1 F1158.8 X112.759 Y112.06 E30.2282
G0 F9000 X112.659 Y112.32
G1 F1158.8 X107.515 Y112.32 E30.29158
G0 F9000 X107.772 Y112.58
G1 F1158.8 X112.468 Y112.58 E30.34945
G0 F9000 X112.23 Y112.84
G1 F1158.8 X108.029 Y112.84 E30.40122
G0 F9000 X108.287 Y113.1
G1 F1158.8 X111.992 Y113.1 E30.44688
G0 F9000 X111.631 Y113.36
G1 F1158.8 X108.81 Y113.36 E30.48164
G0 F9000 X109.353 Y113.62
G1 F1158.8 X111.041 Y113.62 E30.50244
;MESH:NONMESH
G0 F600 X111.041 Y113.62 Z0.64
G0 F9000 X110.717 Y114.336
;TIME_ELAPSED:53.775417
;LAYER:3
M106 S255
;TYPE:WALL-INNER
;MESH:screw_15mm_15rotations_1pitch.stl
G1 F866.7 X111.647 Y113.855 E30.52725
G1 X111.918 Y113.675 E30.53496
G1 X112.727 Y112.529 E30.56821
G1 X112.869 Y112.003 E30.58112
G1 X113.324 Y111.21 E30.60278
G1 X113.537 Y110.006 E30.63176
G1 X113.325 Y108.791 E30.66099
G1 X112.709 Y107.724 E30.69018
G1 X111.776 Y106.943 E30.71902
G1 X110.623 Y106.519 E30.74813
G1 X109.384 Y106.517 E30.77749
G1 X108.24 Y106.935 E30.80636
G1 X107.287 Y107.73 E30.83577
G1 X106.51 Y108.801 E30.86712
G1 X106.159 Y110.07 E30.89832
G1 X106.213 Y110.703 E30.91338
G1 X106.265 Y111.426 E30.93056
G1 X106.712 Y112.382 E30.95557
G1 X106.859 Y112.717 E30.96424
G1 X107.903 Y113.76 E30.99921
G1 X108.812 Y114.183 E31.02297
G1 X109.233 Y114.337 E31.03359
G1 X110.717 Y114.336 E31.06876
G1 F1800 E29.06876
G0 F9000 X110.667 Y114.12
G0 X111.768 Y113.52
G0 X112.648 Y111.983
G1 F900 E31.06876
G0 F9000 X113.13 Y112.11
;TYPE:WALL-OUTER
G1 F666.7 X113.591 Y111.307 E31.08894
G1 X113.821 Y110.006 E31.11775
G1 X113.592 Y108.694 E31.14679
G1 X112.927 Y107.541 E31.1758
G1 X111.918 Y106.697 E31.20448
G1 X110.673 Y106.239 E31.23341
G1 X109.334 Y106.237 E31.2626
G1 X108.098 Y106.689 E31.29129
G1 X107.072 Y107.544 E31.32041
G1 X106.254 Y108.677 E31.35088
G1 X105.876 Y110.044 E31.3818
G1 X105.934 Y110.727 E31.39674
G1 X105.99 Y111.498 E31.4136
G1 X106.455 Y112.495 E31.43758
G1 X106.624 Y112.878 E31.44671
G1 X107.74 Y113.993 E31.4811
G1 X108.705 Y114.442 E31.50431
G1 X109.184 Y114.617 E31.51542
G1 X110.785 Y114.616 E31.55033
G1 X111.79 Y114.096 E31.575
G1 X112.117 Y113.879 E31.58356
G1 X112.985 Y112.65 E31.61636
G1 X113.13 Y112.11 E31.62855
G0 F9000 X113.229 Y111.937
G0 X112.616 Y111.977
;TYPE:FILL
G1 F800 X108.054 Y107.415 E31.8059
G0 F9000 X110.397 Y106.767
G1 F800 X108.784 Y112.784 E31.97715
G0 F9000 X108.818 Y112.693
G0 X106.526 Y111.397
G1 F800 X113.211 Y109.606 E32.16739
G0 F9000 X112.006 Y113.287
G0 X111.913 Y113.22
;TYPE:SKIN
G1 F600 X111.797 Y112.957 E32.17094
G1 X111.616 Y112.813 E32.17379
G1 X111.434 Y112.764 E32.17611
G1 X111.247 Y112.792 E32.17844
G1 X110.554 Y113.045 E32.18753
G1 X109.455 Y113.049 E32.20107
G1 X107.994 Y112.515 E32.22024
G1 X107.745 Y112.494 E32.22332
G1 X107.573 Y112.564 E32.22561
G1 X107.355 Y112.834 E32.22989
G1 X107.452 Y112.931 E32.23158
G1 X108.059 Y113.538 E32.24216
G1 X108.917 Y113.937 E32.25382
G1 X109.279 Y114.071 E32.25857
G1 X110.652 Y114.07 E32.27549
G1 X111.513 Y113.623 E32.28745
G1 X111.729 Y113.479 E32.29065
G1 X111.913 Y113.22 E32.29456
G0 F9000 X111.54 Y113.463
G1 F600 X111.54 Y112.928 E32.30115
G0 F9000 X111.28 Y112.918
G1 F600 X111.28 Y113.598 E32.30953
G0 F9000 X111.02 Y113.733
G1 F600 X111.02 Y113.013 E32.31841
G0 F9000 X110.76 Y113.109
G1 F600 X110.76 Y113.868 E32.32776
G0 F9000 X110.5 Y113.941
G1 F600 X110.5 Y113.18 E32.33714
G0 F9000 X110.24 Y113.18
G1 F600 X110.24 Y113.941 E32.34651
G0 F9000 X109.98 Y113.941
G1 F600 X109.98 Y113.18 E32.35589
G0 F9000 X109.72 Y113.18
G1 F600 X109.72 Y113.941 E32.36527
G0 F9000 X109.46 Y113.941
G1 F600 X109.46 Y113.18 E32.37465
G0 F9000 X109.2 Y113.095
G1 F600 X109.2 Y113.903 E32.3846
G0 F9000 X108.94 Y113.804
G1 F600 X108.94 Y113 E32.39451
G0 F9000 X108.68 Y112.905
G1 F600 X108.68 Y113.683 E32.4041
G0 F9000 X108.42 Y113.562
G1 F600 X108.42 Y112.809 E32.41338
G0 F9000 X108.16 Y112.714
G1 F600 X108.16 Y113.441 E32.42234
G0 F9000 X107.9 Y113.194
G1 F600 X107.9 Y112.638 E32.42919
G0 F9000 X107.64 Y112.682
G1 F600 X107.64 Y112.934 E32.43229
;MESH:NONMESH
G0 X107.64 Y112.934 Z0.76
G0 F9000 X107.463 Y113.108
G0 X108.026 Y113.584
G0 X109.27 Y114.126
G0 X110.603 Y114.186
G0 X110.603 Y114.148
;TIME_ELAPSED:63.158371
;LAYER:4
;TYPE:WALL-INNER
;MESH:screw_15mm_15rotations_1pitch.stl
G1 F780 X111.027 Y113.848 E32.4446
G1 X111.738 Y113.372 E32.46488
G1 X112.217 Y112.688 E32.48467
G1 X112.712 Y112.273 E32.49997
G1 X113.323 Y111.212 E32.52899
G1 X113.536 Y110.007 E32.55799
G1 X113.325 Y108.791 E32.58723
G1 X112.709 Y107.724 E32.61643
G1 X111.777 Y106.944 E32.64523
G1 X110.624 Y106.52 E32.67435
G1 X109.623 Y106.517 E32.69807
G1 X109.318 Y106.488 E32.70533
G1 X108.082 Y106.801 E32.73554
G1 X106.986 Y107.551 E32.76701
G1 X106.535 Y108.193 E32.78561
G1 X106.184 Y108.677 E32.79978
G1 X105.809 Y110.071 E32.83398
G1 X105.835 Y110.371 E32.84112
G1 X105.936 Y111.541 E32.86895
G1 X106.16 Y112.021 E32.8815
G1 X106.629 Y112.833 E32.90372
G1 X107.795 Y113.811 E32.93979
G1 X108.726 Y114.15 E32.96327
G1 X109.187 Y114.274 E32.97458
G1 X110.603 Y114.148 E33.00827
G0 F9000 X110.703 Y114.42
;TYPE:WALL-OUTER
G1 F600 X111.183 Y114.081 E33.02108
G1 X111.938 Y113.575 E33.0409
G1 X112.417 Y112.886 E33.05919
G1 X112.93 Y112.455 E33.0738
G1 X113.59 Y111.309 E33.10263
G1 X113.821 Y110.008 E33.13144
G1 X113.592 Y108.694 E33.16052
G1 X112.927 Y107.541 E33.18954
G1 X111.92 Y106.698 E33.21817
G1 X110.674 Y106.24 E33.24711
G1 X109.624 Y106.237 E33.27001
G1 X109.298 Y106.204 E33.27715
G1 X107.963 Y106.542 E33.30717
G1 X107.577 Y106.813 E33.31746
G1 X106.787 Y107.347 E33.33825
G1 X106.308 Y108.029 E33.35642
G1 X105.927 Y108.555 E33.37058
G1 X105.526 Y110.044 E33.4042
G1 X105.556 Y110.395 E33.41188
G1 X105.661 Y111.615 E33.43857
G1 X105.911 Y112.151 E33.45147
G1 X106.411 Y113.016 E33.47325
G1 X107.653 Y114.057 E33.50858
G1 X108.641 Y114.417 E33.53151
G1 X109.162 Y114.557 E33.54327
G1 X110.703 Y114.42 E33.577
G0 F9000 X110.866 Y114.305
G0 X110.579 Y113.897
G0 X108.431 Y113.774
;TYPE:FILL
G1 F720 X108.6 Y113.145 E33.5949
G0 F9000 X106.518 Y111.487
G1 F720 X106.222 Y111.567 E33.60333
G0 F9000 X106.558 Y111.411
;MESH:NONMESH
G0 F600 X106.558 Y111.411 Z0.88
G0 F9000 X110.541 Y113.803
;TIME_ELAPSED:68.302244
;LAYER:5
;TYPE:WALL-INNER
;MESH:screw_15mm_15rotations_1pitch.stl
G1 F780 X111.396 Y113.202 E33.6281
G1 X111.769 Y113.062 E33.63754
G1 X112.711 Y112.273 E33.66666
G1 X113.325 Y111.208 E33.69579
G1 X113.536 Y110.009 E33.72464
G1 X113.325 Y108.791 E33.75394
G1 X112.709 Y107.725 E33.78311
G1 X112.246 Y107.337 E33.79743
G1 X111.761 Y106.838 E33.81392
G1 X110.594 Y106.275 E33.84462
G1 X109.262 Y106.145 E33.87634
G1 X108.408 Y106.375 E33.8973
G1 X107.903 Y106.501 E33.90963
G1 X106.715 Y107.331 E33.94398
G1 X105.851 Y108.56 E33.97958
G1 X105.597 Y109.999 E34.01421
G1 X105.864 Y111.51 E34.05057
G1 X106.114 Y111.943 E34.06242
G1 X106.661 Y112.721 E34.08495
G1 X107.864 Y113.564 E34.11977
G1 X108.237 Y113.657 E34.12888
G1 X109.246 Y113.929 E34.15364
G1 X109.922 Y113.858 E34.16975
G1 X110.541 Y113.803 E34.18448
G0 F9000 X110.641 Y114.075
;TYPE:WALL-OUTER
G1 F600 X111.509 Y113.464 E34.20762
G1 X111.911 Y113.308 E34.21702
G1 X112.929 Y112.456 E34.24596
G1 X113.592 Y111.305 E34.27492
G1 X113.821 Y110.009 E34.30361
G1 X113.592 Y108.694 E34.33271
G1 X112.927 Y107.542 E34.36171
G1 X112.428 Y107.125 E34.37589
G1 X111.925 Y106.606 E34.39165
G1 X110.671 Y106.001 E34.42201
G1 X109.239 Y105.861 E34.45337
G1 X108.341 Y106.103 E34.47365
G1 X107.784 Y106.241 E34.48616
G1 X106.516 Y107.127 E34.51989
G1 X105.586 Y108.45 E34.55514
G1 X105.312 Y109.999 E34.58944
G1 X105.597 Y111.607 E34.62504
G1 X105.877 Y112.094 E34.63729
G1 X106.46 Y112.923 E34.65939
G1 X107.746 Y113.823 E34.69361
G1 X108.164 Y113.927 E34.703
G1 X109.223 Y114.213 E34.72692
G1 X109.946 Y114.137 E34.74277
G1 X110.641 Y114.075 E34.75798
G0 F9000 X110.804 Y113.96
G0 X110.518 Y113.552
G0 X108.429 Y113.454
;TYPE:FILL
G1 F720 X108.517 Y113.124 E34.76737
G0 F9000 X106.571 Y111.561
G1 F720 X106.233 Y111.652 E34.77699
G0 F9000 X106.555 Y111.466
;MESH:NONMESH
G0 F600 X106.555 Y111.466 Z1
G0 F9000 X106.061 Y108.64
G0 X105.861 Y108.499
;TIME_ELAPSED:73.421895
;LAYER:6
;TYPE:WALL-INNER
;MESH:screw_15mm_15rotations_1pitch.stl
G1 F780 X105.734 Y109.936 E34.81118
G1 X106.114 Y111.35 E34.84587
G1 X106.385 Y111.722 E34.85678
G1 X106.929 Y112.497 E34.87922
G1 X107.567 Y112.929 E34.89748
G1 X108.042 Y113.263 E34.91124
G1 X109.331 Y113.583 E34.94271
G1 X110.268 Y113.486 E34.96504
G1 X110.616 Y113.484 E34.97328
G1 X111.769 Y113.062 E35.00238
G1 X112.71 Y112.274 E35.03146
G1 X113.325 Y111.208 E35.06063
G1 X113.536 Y110.011 E35.08943
G1 X113.494 Y109.753 E35.09563
G1 X113.419 Y108.69 E35.12088
G1 X112.878 Y107.5 E35.15186
G1 X112.417 Y107.038 E35.16733
G1 X111.93 Y106.534 E35.18393
G1 X111.042 Y106.121 E35.20714
G1 X110.652 Y105.93 E35.21743
G1 X109.198 Y105.8 E35.25203
G1 X107.818 Y106.171 E35.28589
G1 X106.628 Y107.167 E35.32267
G1 X105.861 Y108.499 E35.35909
G0 F9000 X105.588 Y108.413
;TYPE:WALL-OUTER
G1 F600 X105.451 Y109.96 E35.39295
G1 X105.857 Y111.473 E35.4271
G1 X106.155 Y111.883 E35.43815
G1 X106.729 Y112.7 E35.45992
G1 X107.406 Y113.158 E35.47774
G1 X107.924 Y113.522 E35.49155
G1 X109.29 Y113.869 E35.52227
G1 X110.294 Y113.765 E35.54428
G1 X110.665 Y113.764 E35.55237
G1 X111.911 Y113.308 E35.5813
G1 X112.928 Y112.457 E35.61021
G1 X113.592 Y111.305 E35.6392
G1 X113.82 Y110.013 E35.6678
G1 X113.766 Y109.669 E35.67539
G1 X113.695 Y108.62 E35.69831
G1 X113.112 Y107.338 E35.72902
G1 X112.618 Y106.843 E35.74427
G1 X112.095 Y106.302 E35.76067
G1 X111.165 Y105.869 E35.78304
G1 X110.728 Y105.656 E35.79364
G1 X109.173 Y105.517 E35.82767
G1 X107.685 Y105.917 E35.86127
G1 X106.41 Y106.984 E35.89751
G1 X105.588 Y108.413 E35.93346
G0 F9000 X105.571 Y108.612
G0 X106.066 Y108.655
G0 X107.846 Y106.846
;TYPE:FILL
G1 F720 X108.094 Y107.094 E35.95274
G0 F9000 X110.132 Y106.768
G1 F720 X110.208 Y106.486 E35.9688
G0 F9000 X110.133 Y106.767
;TYPE:FILL
G1 F720 X108.435 Y113.104 E36.50983
G0 F9000 X106.629 Y111.634
G1 F720 X113.256 Y109.858 E37.07564
G0 F9000 X112.733 Y111.733
G1 F720 X108.095 Y107.095 E37.61656
G0 F9000 X107.845 Y106.845
;TYPE:FILL
G1 F720 X107.643 Y106.643 E37.62441
G0 F9000 X110.208 Y106.487
G1 F720 X110.299 Y106.148 E37.63406
G0 F9000 X110.266 Y106.517
;MESH:NONMESH
G0 F600 X110.266 Y106.517 Z1.12
G0 F9000 X107.957 Y106.364
G0 X107.883 Y106.158
;TIME_ELAPSED:80.693994
;LAYER:7
;TYPE:WALL-INNER
;MESH:screw_15mm_15rotations_1pitch.stl
G1 F780 X106.803 Y107.233 E37.67017
G1 X106.195 Y108.548 E37.7045
G1 X106.158 Y109.093 E37.71745
G1 X106.083 Y109.934 E37.73746
G1 X106.271 Y110.596 E37.75377
G1 X106.444 Y111.237 E37.7695
G1 X107.195 Y112.271 E37.79979
G1 X107.666 Y112.59 E37.81327
G1 X108.24 Y113.066 E37.83094
G1 X109.379 Y113.482 E37.85967
G1 X110.616 Y113.483 E37.88899
G1 X111.769 Y113.062 E37.91808
G1 X112.75 Y112.238 E37.94844
G1 X113.496 Y111.215 E37.97844
G1 X113.853 Y109.935 E38.00993
G1 X113.791 Y109.231 E38.02668
G1 X113.745 Y108.567 E38.04245
G1 X113.148 Y107.275 E38.07618
G1 X112.104 Y106.231 E38.11117
G1 X111.314 Y105.863 E38.13182
G1 X110.767 Y105.664 E38.14562
G1 X109.235 Y105.663 E38.18192
G1 X107.883 Y106.158 E38.21604
G0 F9000 X107.728 Y105.917
;TYPE:WALL-OUTER
G1 F600 X106.568 Y107.072 E38.25173
G1 X105.919 Y108.477 E38.28547
G1 X105.879 Y109.068 E38.29839
G1 X105.8 Y109.961 E38.31793
G1 X106.002 Y110.673 E38.33407
G1 X106.187 Y111.359 E38.34956
G1 X106.997 Y112.476 E38.37964
G1 X107.508 Y112.821 E38.39308
G1 X108.098 Y113.312 E38.40982
G1 X109.33 Y113.762 E38.43841
G1 X110.666 Y113.763 E38.46754
G1 X111.911 Y113.308 E38.49644
G1 X112.953 Y112.436 E38.52606
G1 X113.753 Y111.338 E38.55568
G1 X114.136 Y109.962 E38.58682
G1 X114.071 Y109.212 E38.60323
G1 X114.021 Y108.496 E38.61888
G1 X113.383 Y107.113 E38.65209
G1 X112.267 Y105.997 E38.6865
G1 X111.421 Y105.604 E38.70683
G1 X110.816 Y105.384 E38.72087
G1 X109.186 Y105.383 E38.75641
G1 X107.728 Y105.917 E38.79026
G0 F9000 X107.587 Y106.058
G0 X107.756 Y106.637
;TYPE:FILL
G1 F720 X108.234 Y107.115 E38.80884
G0 F9000 X110.146 Y106.392
G1 F720 X110.275 Y105.912 E38.8225
G0 F9000 X107.174 Y111.574
G1 F720 X107.025 Y111.614 E38.82675
G0 F9000 X107.327 Y111.398
;MESH:NONMESH
G0 F600 X107.327 Y111.398 Z1.24
G0 F9000 X113.532 Y108.624
G0 X114.075 Y108.456
;TIME_ELAPSED:86.081072
;LAYER:8
;TYPE:WALL-INNER
;MESH:screw_15mm_15rotations_1pitch.stl
G1 F780 X113.906 Y108.093 E38.83623
G1 X113.37 Y107.167 E38.86159
G1 X112.205 Y106.189 E38.89764
G1 X111.401 Y105.896 E38.91792
G1 X110.811 Y105.738 E38.93239
G1 X109.338 Y105.867 E38.96743
G1 X108.039 Y106.478 E39.00145
G1 X107.59 Y106.942 E39.01675
G1 X107.067 Y107.461 E39.03421
G1 X106.522 Y108.671 E39.06566
G1 X106.432 Y109.935 E39.09569
G1 X106.491 Y110.155 E39.10109
G1 X106.68 Y111.214 E39.12658
G1 X107.291 Y112.276 E39.15562
G1 X108.234 Y113.064 E39.18474
G1 X109.377 Y113.481 E39.21357
G1 X110.349 Y113.487 E39.2366
G1 X110.684 Y113.523 E39.24459
G1 X111.93 Y113.205 E39.27506
G1 X112.289 Y112.951 E39.28549
G1 X113.022 Y112.456 E39.30645
G1 X113.488 Y111.791 E39.32569
G1 X113.825 Y111.33 E39.33922
G1 X114.126 Y110.196 E39.36703
G1 X114.203 Y109.93 E39.37359
G1 X114.075 Y108.456 E39.40865
G0 F9000 X114.35 Y108.383
;TYPE:WALL-OUTER
G1 F600 X114.155 Y107.964 E39.41873
G1 X113.588 Y106.984 E39.44341
G1 X112.347 Y105.943 E39.47872
G1 X111.485 Y105.629 E39.49873
G1 X110.836 Y105.455 E39.51338
G1 X109.262 Y105.593 E39.54782
G1 X107.874 Y106.246 E39.58127
G1 X107.393 Y106.743 E39.59635
G1 X106.833 Y107.3 E39.61357
G1 X106.246 Y108.6 E39.64466
G1 X106.15 Y109.963 E39.67445
G1 X106.215 Y110.204 E39.6799
G1 X106.413 Y111.311 E39.70441
G1 X107.073 Y112.459 E39.73328
G1 X108.092 Y113.31 E39.76223
G1 X109.328 Y113.761 E39.79091
G1 X110.284 Y113.764 E39.81176
G1 X110.704 Y113.807 E39.82096
G1 X112.049 Y113.463 E39.85123
G1 X112.446 Y113.183 E39.86182
G1 X113.221 Y112.66 E39.8822
G1 X113.714 Y111.957 E39.90092
G1 X114.083 Y111.453 E39.91454
G1 X114.486 Y109.958 E39.9483
G1 X114.35 Y108.383 E39.98277
G0 F9000 X114.266 Y108.202
G0 X113.815 Y108.412
G0 X110.055 Y106.406
;TYPE:FILL
G1 F720 X110.151 Y106.045 E39.99303
G0 F9000 X108.293 Y107.054
G1 F720 X108.056 Y106.817 E40.00225
G0 F9000 X108.322 Y107.075
;MESH:NONMESH
G0 F600 X108.322 Y107.075 Z1.36
G0 F9000 X113.86 Y108.511
G0 X114.136 Y108.488
;TIME_ELAPSED:91.308534
;LAYER:9
;TYPE:WALL-INNER
;MESH:screw_15mm_15rotations_1pitch.stl
G1 F780 X113.952 Y108.171 E40.01093
G1 X113.331 Y107.286 E40.03655
G1 X112.131 Y106.446 E40.07127
G1 X111.734 Y106.348 E40.08096
G1 X110.751 Y106.082 E40.10509
G1 X110.051 Y106.156 E40.12177
G1 X109.393 Y106.213 E40.13742
G1 X108.207 Y106.785 E40.16863
G1 X107.292 Y107.724 E40.1997
G1 X106.675 Y108.791 E40.22891
G1 X106.463 Y110.005 E40.25811
G1 X106.57 Y110.608 E40.27262
G1 X106.677 Y111.211 E40.28714
G1 X107.291 Y112.276 E40.31627
G1 X107.696 Y112.615 E40.32878
G1 X108.244 Y113.173 E40.34732
G1 X109.402 Y113.734 E40.37781
G1 X110.008 Y113.787 E40.39223
G1 X110.743 Y113.865 E40.40974
G1 X112.106 Y113.508 E40.44313
G1 X113.294 Y112.677 E40.47749
G1 X114.137 Y111.475 E40.51228
G1 X114.403 Y109.999 E40.54782
G1 X114.136 Y108.488 E40.58418
G0 F9000 X114.403 Y108.391
;TYPE:WALL-OUTER
G1 F600 X114.189 Y108.02 E40.59352
G1 X113.532 Y107.084 E40.61845
G1 X112.249 Y106.187 E40.65258
G1 X111.807 Y106.078 E40.66251
G1 X110.774 Y105.799 E40.68584
G1 X110.027 Y105.877 E40.70221
G1 X109.317 Y105.938 E40.71775
G1 X108.042 Y106.553 E40.74861
G1 X107.06 Y107.566 E40.77937
G1 X106.408 Y108.694 E40.80778
G1 X106.179 Y110.006 E40.83681
G1 X106.294 Y110.657 E40.85123
G1 X106.41 Y111.308 E40.86564
G1 X107.073 Y112.459 E40.8946
G1 X107.521 Y112.835 E40.90735
G1 X108.08 Y113.406 E40.92478
G1 X109.326 Y114.009 E40.95495
G1 X109.979 Y114.066 E40.96925
G1 X110.765 Y114.149 E40.98648
G1 X111.687 Y113.902 E41.00729
G1 X112.225 Y113.767 E41.01938
G1 X113.493 Y112.88 E41.05312
G1 X114.402 Y111.585 E41.08761
G1 X114.688 Y110 E41.12273
G1 X114.403 Y108.391 E41.15835
G0 F9000 X114.303 Y108.218
G0 X113.87 Y108.467
G0 X113.939 Y109.938
;TYPE:FILL
G1 F720 X113.563 Y110.039 E41.17976
G0 F9000 X112.927 Y111.568
G1 F720 X113.168 Y111.809 E41.1985
G0 F9000 X112.928 Y111.569
;TYPE:FILL
G1 F720 X108.352 Y106.993 E41.73219
G0 F9000 X109.965 Y106.413
G1 F720 X108.264 Y112.76 E42.27409
G0 F9000 X107.262 Y111.727
G1 F720 X113.562 Y110.039 E42.81196
G0 F9000 X113.94 Y109.938
;TYPE:FILL
G1 F720 X114.127 Y109.887 E42.81729
G0 F9000 X113.168 Y111.809
G1 F720 X113.42 Y112.061 E42.82709
G0 F9000 X113.119 Y111.849
;MESH:NONMESH
G0 F600 X113.119 Y111.849 Z1.48
G0 F9000 X112.011 Y113.31
G0 X112.161 Y113.847
;TIME_ELAPSED:98.460002
;LAYER:10
;TYPE:WALL-INNER
;MESH:screw_15mm_15rotations_1pitch.stl
G1 F780 X113.371 Y112.833 E42.8645
G1 X114.13 Y111.517 E42.9005
G1 X114.255 Y110.066 E42.93501
G1 X113.875 Y108.653 E42.96969
G1 X113.062 Y107.51 E43.00293
G1 X111.951 Y106.746 E43.03488
G1 X110.691 Y106.427 E43.06568
G1 X109.829 Y106.515 E43.08622
G1 X109.377 Y106.52 E43.09693
G1 X108.225 Y106.943 E43.12601
G1 X107.288 Y107.729 E43.15499
G1 X106.675 Y108.792 E43.18407
G1 X106.463 Y109.998 E43.21309
G1 X106.496 Y110.211 E43.2182
G1 X106.572 Y111.313 E43.24438
G1 X107.114 Y112.51 E43.27551
G1 X108.068 Y113.477 E43.3077
G1 X108.975 Y113.899 E43.33141
G1 X109.346 Y114.081 E43.3412
G1 X110.805 Y114.209 E43.37591
G1 X112.161 Y113.847 E43.40917
G0 F9000 X112.344 Y114.059
;TYPE:WALL-OUTER
G1 F600 X113.589 Y113.016 E43.44458
G1 X114.403 Y111.603 E43.48013
G1 X114.538 Y110.041 E43.51432
G1 X114.132 Y108.531 E43.54841
G1 X113.262 Y107.307 E43.58115
G1 X112.069 Y106.487 E43.61271
G1 X110.712 Y106.143 E43.64323
G1 X109.801 Y106.236 E43.66319
G1 X109.327 Y106.24 E43.67353
G1 X108.082 Y106.697 E43.70244
G1 X107.07 Y107.546 E43.73124
G1 X106.408 Y108.695 E43.76015
G1 X106.178 Y109.998 E43.789
G1 X106.217 Y110.23 E43.79413
G1 X106.296 Y111.383 E43.81933
G1 X106.88 Y112.671 E43.85016
G1 X107.904 Y113.709 E43.88195
G1 X108.852 Y114.151 E43.90475
G1 X109.27 Y114.355 E43.91489
G1 X110.83 Y114.492 E43.94903
G1 X112.057 Y114.164 E43.97673
G1 X112.344 Y114.059 E43.98339
G0 F9000 X112.497 Y113.931
G0 X112.177 Y113.548
G0 X113.532 Y112.053
;TYPE:FILL
G1 F720 X113.072 Y111.592 E44.00129
G0 F9000 X113.297 Y110.198
G1 F720 X113.981 Y110.015 E44.02075
G0 F9000 X113.628 Y110.109
;MESH:NONMESH
G0 F600 X113.628 Y110.109 Z1.6
G0 F9000 X112.065 Y113.629
G0 X112.131 Y113.813
;TIME_ELAPSED:103.636180
;LAYER:11
;TYPE:WALL-INNER
;MESH:screw_15mm_15rotations_1pitch.stl
G1 F780 X113.192 Y112.755 E44.05626
G1 X113.795 Y111.45 E44.09033
G1 X113.84 Y110.805 E44.10565
G1 X113.905 Y110.072 E44.12309
G1 X113.664 Y109.219 E44.1441
G1 X113.545 Y108.767 E44.15517
G1 X112.796 Y107.736 E44.18537
G1 X112.402 Y107.468 E44.19666
G1 X111.762 Y106.935 E44.2164
G1 X110.616 Y106.517 E44.24531
G1 X109.38 Y106.518 E44.2746
G1 X108.229 Y106.94 E44.30365
G1 X107.327 Y107.695 E44.33153
G1 X107.233 Y107.763 E44.33428
G1 X106.491 Y108.793 E44.36436
G1 X106.136 Y110.07 E44.39577
G1 X106.2 Y110.796 E44.41304
G1 X106.245 Y111.434 E44.4282
G1 X106.845 Y112.732 E44.46208
G1 X107.892 Y113.781 E44.49721
G1 X108.56 Y114.091 E44.51466
G1 X109.234 Y114.337 E44.53166
G1 X110.765 Y114.337 E44.56794
G1 X111.887 Y113.927 E44.59625
G1 X112.131 Y113.813 E44.60263
G0 F9000 X112.294 Y114.046
;TYPE:WALL-OUTER
G1 F600 X113.425 Y112.918 E44.63746
G1 X114.071 Y111.521 E44.67102
G1 X114.119 Y110.829 E44.68614
G1 X114.188 Y110.045 E44.7033
G1 X113.935 Y109.148 E44.72362
G1 X113.802 Y108.645 E44.73496
G1 X112.994 Y107.532 E44.76495
G1 X112.561 Y107.237 E44.77637
G1 X111.904 Y106.689 E44.79502
G1 X110.666 Y106.237 E44.82376
G1 X109.33 Y106.238 E44.85288
G1 X108.087 Y106.693 E44.88174
G1 X107.148 Y107.48 E44.90845
G1 X107.036 Y107.558 E44.91143
G1 X106.234 Y108.67 E44.94132
G1 X105.853 Y110.044 E44.97241
G1 X105.92 Y110.815 E44.98928
G1 X105.969 Y111.506 E45.00438
G1 X106.61 Y112.893 E45.03769
G1 X107.729 Y114.014 E45.07223
G1 X108.453 Y114.35 E45.08963
G1 X109.185 Y114.617 E45.10662
G1 X110.814 Y114.617 E45.14213
G1 X111.994 Y114.186 E45.16952
G1 X112.294 Y114.046 E45.17674
G0 F9000 X112.435 Y113.905
G0 X112.084 Y113.552
G0 X113.371 Y111.771
;TYPE:FILL
G1 F720 X113.105 Y111.506 E45.18706
G0 F9000 X113.289 Y110.288
G1 F720 X113.642 Y110.193 E45.19711
G0 F9000 X113.276 Y110.161
;MESH:NONMESH
G0 F600 X113.276 Y110.161 Z1.72
G0 F9000 X106.458 Y111.377
G0 X105.915 Y111.55
;TIME_ELAPSED:108.823044
;LAYER:12
;TYPE:WALL-INNER
;MESH:screw_15mm_15rotations_1pitch.stl
G1 F780 X106.032 Y111.8 E45.20365
G1 X106.628 Y112.833 E45.23191
G1 X107.795 Y113.811 E45.268
G1 X108.474 Y114.059 E45.28513
G1 X109.191 Y114.251 E45.30272
G1 X110.659 Y114.123 E45.33764
G1 X111.955 Y113.512 E45.37159
G1 X112.435 Y113.017 E45.38793
G1 X112.924 Y112.531 E45.40427
G1 X113.468 Y111.324 E45.43564
G1 X113.555 Y110.076 E45.46529
G1 X113.32 Y108.786 E45.49636
G1 X112.709 Y107.724 E45.5254
G1 X111.771 Y106.94 E45.55437
G1 X110.615 Y106.516 E45.58355
G1 X109.793 Y106.516 E45.60303
G1 X109.314 Y106.465 E45.61444
G1 X108.065 Y106.785 E45.645
G1 X107.683 Y107.055 E45.65608
G1 X106.969 Y107.536 E45.67648
G1 X106.492 Y108.219 E45.69623
G1 X106.164 Y108.672 E45.70948
G1 X105.786 Y110.067 E45.74373
G1 X105.915 Y111.55 E45.77901
G0 F9000 X105.64 Y111.624
;TYPE:WALL-OUTER
G1 F600 X105.784 Y111.929 E45.78636
G1 X106.41 Y113.016 E45.81371
G1 X107.653 Y114.057 E45.84906
G1 X108.389 Y114.326 E45.86614
G1 X109.166 Y114.535 E45.88368
G1 X110.735 Y114.398 E45.91802
G1 X112.12 Y113.744 E45.95141
G1 X112.633 Y113.216 E45.96746
G1 X113.158 Y112.692 E45.98364
G1 X113.566 Y111.777 E46.00548
G1 X113.744 Y111.396 E46.01465
G1 X113.838 Y110.048 E46.04411
G1 X113.818 Y109.977 E46.04572
G1 X113.587 Y108.689 E46.07424
G1 X112.927 Y107.541 E46.10312
G1 X111.913 Y106.694 E46.13192
G1 X110.665 Y106.236 E46.1609
G1 X109.809 Y106.236 E46.17957
G1 X109.294 Y106.181 E46.19086
G1 X107.945 Y106.526 E46.22122
G1 X107.526 Y106.823 E46.23241
G1 X106.769 Y107.333 E46.25231
G1 X106.265 Y108.055 E46.27151
G1 X105.907 Y108.549 E46.28481
G1 X105.503 Y110.041 E46.31851
G1 X105.64 Y111.624 E46.35315
G0 F9000 X105.725 Y111.805
G0 X106.177 Y111.593
G0 X106.831 Y112.106
;TYPE:FILL
G1 F720 X107.164 Y112.017 E46.3721
G0 F9000 X107.938 Y112.99
G1 F720 X107.836 Y113.371 E46.39379
G0 F9000 X107.939 Y112.989
;TYPE:FILL
G1 F720 X109.606 Y106.767 E46.925
G0 F9000 X108.74 Y107.02
G1 F720 X113.145 Y111.425 E47.43875
G0 F9000 X113.283 Y110.377
G1 F720 X107.163 Y112.017 E47.96127
G0 F9000 X106.832 Y112.106
;TYPE:FILL
G1 F720 X106.541 Y112.184 E47.96955
G0 F9000 X107.836 Y113.372
G1 F720 X107.804 Y113.491 E47.97293
G0 F9000 X108.738 Y107.018
G1 F720 X108.62 Y106.901 E47.9775
G0 F9000 X108.709 Y107.258
;MESH:NONMESH
G0 F600 X108.709 Y107.258 Z1.84
G0 F9000 X106.361 Y108.771
G0 X105.858 Y108.522
;TIME_ELAPSED:116.079146
;LAYER:13
;TYPE:WALL-INNER
;MESH:screw_15mm_15rotations_1pitch.stl
G1 F780 X105.597 Y110 E48.01307
G1 X105.873 Y111.56 E48.05061
G1 X106.677 Y112.71 E48.08386
G1 X107.874 Y113.544 E48.11844
G1 X108.291 Y113.648 E48.12862
G1 X109.251 Y113.906 E48.15218
G1 X109.975 Y113.831 E48.16943
G1 X110.6 Y113.779 E48.18429
G1 X111.785 Y113.208 E48.21546
G1 X112.569 Y112.398 E48.24218
G1 X112.709 Y112.273 E48.24662
G1 X113.325 Y111.207 E48.2758
G1 X113.537 Y110.001 E48.30482
G1 X113.323 Y108.789 E48.33398
G1 X112.709 Y107.724 E48.36312
G1 X112.367 Y107.437 E48.3737
G1 X111.77 Y106.82 E48.39404
G1 X110.593 Y106.253 E48.425
G1 X109.947 Y106.197 E48.44037
G1 X109.255 Y106.124 E48.45686
G1 X107.889 Y106.482 E48.49032
G1 X106.698 Y107.315 E48.52477
G1 X105.858 Y108.522 E48.55961
G0 F9000 X105.593 Y108.413
;TYPE:WALL-OUTER
G1 F600 X105.312 Y110 E48.59475
G1 X105.597 Y111.607 E48.63034
G1 X105.75 Y111.872 E48.63701
G1 X106.476 Y112.911 E48.66464
G1 X107.756 Y113.803 E48.69866
G1 X108.218 Y113.918 E48.70904
G1 X109.228 Y114.19 E48.73184
G1 X109.999 Y114.11 E48.74874
G1 X110.675 Y114.054 E48.76353
G1 X111.951 Y113.439 E48.79441
G1 X112.796 Y112.569 E48.82085
G1 X112.929 Y112.453 E48.8247
G1 X113.592 Y111.304 E48.85362
G1 X113.822 Y110.001 E48.88247
G1 X113.59 Y108.692 E48.91145
G1 X112.927 Y107.541 E48.94041
G1 X112.559 Y107.233 E48.95087
G1 X111.935 Y106.587 E48.97046
G1 X110.669 Y105.978 E49.00108
G1 X109.977 Y105.918 E49.01623
G1 X109.233 Y105.84 E49.03254
G1 X108.285 Y106.094 E49.05393
G1 X107.77 Y106.223 E49.06551
G1 X106.498 Y107.112 E49.09934
G1 X105.593 Y108.413 E49.1339
G0 F9000 X105.559 Y108.61
G0 X106.048 Y108.697
G0 X106.655 Y112.242
;TYPE:FILL
G1 F720 X107.369 Y112.05 E49.15422
G0 F9000 X107.976 Y112.52
G1 F720 X107.798 Y113.185 E49.17314
G0 F9000 X108.008 Y112.884
;MESH:NONMESH
G0 F600 X108.008 Y112.884 Z1.96
G0 F9000 X106.075 Y108.592
G0 X105.884 Y108.458
;TIME_ELAPSED:121.291686
;LAYER:14
;TYPE:WALL-INNER
;MESH:screw_15mm_15rotations_1pitch.stl
G1 F780 X105.756 Y109.929 E49.20814
G1 X106.137 Y111.343 E49.24284
G1 X106.433 Y111.751 E49.25479
G1 X106.944 Y112.484 E49.27596
G1 X107.617 Y112.938 E49.2952
G1 X108.054 Y113.246 E49.30787
G1 X109.311 Y113.562 E49.33858
G1 X110.074 Y113.485 E49.35676
G1 X110.615 Y113.484 E49.36958
G1 X111.775 Y113.057 E49.39887
G1 X112.712 Y112.271 E49.42785
G1 X113.325 Y111.208 E49.45693
G1 X113.538 Y109.999 E49.48602
G1 X113.523 Y109.894 E49.48854
G1 X113.438 Y108.684 E49.51728
G1 X112.898 Y107.487 E49.5484
G1 X112.424 Y107.015 E49.56425
G1 X111.94 Y106.514 E49.58076
G1 X111.275 Y106.207 E49.59812
G1 X110.654 Y105.907 E49.61446
G1 X109.193 Y105.78 E49.64922
G1 X108.15 Y106.058 E49.6748
G1 X107.798 Y106.187 E49.68368
G1 X106.627 Y107.168 E49.71988
G1 X105.884 Y108.458 E49.75516
G0 F9000 X105.611 Y108.372
;TYPE:WALL-OUTER
G1 F600 X105.473 Y109.957 E49.78985
G1 X105.88 Y111.466 E49.82392
G1 X106.203 Y111.911 E49.83591
G1 X106.744 Y112.687 E49.85653
G1 X107.456 Y113.168 E49.87527
G1 X107.936 Y113.505 E49.88805
G1 X109.29 Y113.846 E49.91849
G1 X110.091 Y113.764 E49.93605
G1 X110.665 Y113.764 E49.94856
G1 X111.918 Y113.303 E49.97767
G1 X112.93 Y112.454 E50.00647
G1 X113.592 Y111.305 E50.03538
G1 X113.822 Y109.999 E50.06429
G1 X113.802 Y109.874 E50.06705
G1 X113.714 Y108.613 E50.09461
G1 X113.563 Y108.291 E50.10237
G1 X113.132 Y107.325 E50.12543
G1 X112.625 Y106.82 E50.14103
G1 X112.106 Y106.283 E50.15731
G1 X110.73 Y105.633 E50.19049
G1 X109.168 Y105.497 E50.22467
G1 X108.065 Y105.791 E50.24956
G1 X107.656 Y105.941 E50.25906
G1 X106.409 Y106.985 E50.29452
G1 X105.611 Y108.372 E50.3294
G0 F9000 X105.594 Y108.571
G0 X106.089 Y108.614
G0 X107.063 Y112.219
;TYPE:FILL
G1 F720 X107.448 Y112.116 E50.34036
G0 F9000 X107.905 Y112.461
G1 F720 X107.821 Y112.775 E50.34929
G0 F9000 X108.033 Y112.474
;MESH:NONMESH
G0 F600 X108.033 Y112.474 Z2.08
G0 F9000 X107.938 Y106.371
G0 X107.875 Y106.197
;TIME_ELAPSED:126.463850
;LAYER:15
;TYPE:WALL-INNER
;MESH:screw_15mm_15rotations_1pitch.stl
G1 F780 X106.821 Y107.249 E50.38458
G1 X106.216 Y108.555 E50.41869
G1 X106.171 Y109.2 E50.43402
G1 X106.105 Y109.934 E50.45148
G1 X106.354 Y110.804 E50.47293
G1 X106.466 Y111.23 E50.48336
G1 X107.21 Y112.258 E50.51344
G1 X107.557 Y112.497 E50.52342
G1 X108.24 Y113.066 E50.54449
G1 X109.38 Y113.482 E50.57325
G1 X110.616 Y113.483 E50.60254
G1 X111.771 Y113.06 E50.63168
G1 X112.588 Y112.375 E50.65695
G1 X112.775 Y112.246 E50.66233
G1 X113.52 Y111.211 E50.69255
G1 X113.877 Y109.936 E50.72393
G1 X113.809 Y109.177 E50.74199
G1 X113.766 Y108.56 E50.75665
G1 X113.164 Y107.26 E50.7906
G1 X112.115 Y106.21 E50.82577
G1 X111.566 Y105.955 E50.84012
G1 X110.766 Y105.663 E50.8603
G1 X109.235 Y105.663 E50.89658
G1 X108.237 Y106.028 E50.92176
G1 X107.875 Y106.197 E50.93123
G0 F9000 X107.712 Y105.964
;TYPE:WALL-OUTER
G1 F600 X106.586 Y107.088 E50.96591
G1 X105.94 Y108.484 E50.99945
G1 X105.892 Y109.175 E51.01455
G1 X105.822 Y109.962 E51.03178
G1 X106.083 Y110.875 E51.05248
G1 X106.209 Y111.351 E51.06322
G1 X107.012 Y112.463 E51.09312
G1 X107.378 Y112.712 E51.10277
G1 X108.098 Y113.312 E51.12321
G1 X109.33 Y113.762 E51.1518
G1 X110.666 Y113.763 E51.18093
G1 X111.913 Y113.306 E51.20988
G1 X112.768 Y112.59 E51.2342
G1 X112.973 Y112.45 E51.23961
G1 X113.776 Y111.334 E51.26958
G1 X114.16 Y109.962 E51.30065
G1 X114.088 Y109.157 E51.31827
G1 X114.042 Y108.488 E51.33289
G1 X113.544 Y107.427 E51.35844
G1 X113.399 Y107.099 E51.36626
G1 X112.278 Y105.977 E51.40084
G1 X111.673 Y105.696 E51.41538
G1 X110.816 Y105.383 E51.43527
G1 X109.186 Y105.383 E51.47081
G1 X108.13 Y105.769 E51.49532
G1 X107.712 Y105.964 E51.50538
G0 F9000 X107.571 Y106.105
G0 X108.342 Y106.264
;TYPE:FILL
G1 F720 X108.625 Y106.546 E51.52734
G0 F9000 X109.443 Y106.395
G1 F720 X109.532 Y106.06 E51.5464
G0 F9000 X109.443 Y106.394
;TYPE:FILL
G1 F720 X107.834 Y112.399 E52.05909
G0 F9000 X107.538 Y112.18
G1 F720 X113.164 Y110.673 E52.53942
G0 F9000 X113.103 Y111.024
G1 F720 X108.626 Y106.547 E53.06156
G0 F9000 X109.532 Y106.061
;TYPE:FILL
G1 F720 X109.572 Y105.912 E53.0658
G0 F9000 X113.165 Y110.672
G1 F720 X113.429 Y110.601 E53.07332
G0 F9000 X113.101 Y111.022
G1 F720 X113.244 Y111.165 E53.07888
G0 F9000 X112.947 Y110.948
;MESH:NONMESH
G0 F600 X112.947 Y110.948 Z2.2
G0 F9000 X113.553 Y108.619
G0 X114.093 Y108.418
;TIME_ELAPSED:133.530395
;LAYER:16
;TYPE:WALL-INNER
;MESH:screw_15mm_15rotations_1pitch.stl
G1 F780 X113.371 Y107.167 E53.11311
G1 X112.205 Y106.189 E53.14917
G1 X111.652 Y105.987 E53.16312
G1 X110.806 Y105.76 E53.18388
G1 X109.342 Y105.887 E53.2187
G1 X109.016 Y106.048 E53.22732
G1 X108.051 Y106.498 E53.25255
G1 X107.576 Y106.988 E53.26873
G1 X107.085 Y107.476 E53.28513
G1 X106.688 Y108.371 E53.30833
G1 X106.542 Y108.681 E53.31645
G1 X106.452 Y109.945 E53.34648
G1 X106.68 Y111.215 E53.37706
G1 X107.291 Y112.276 E53.40608
G1 X108.234 Y113.064 E53.4352
G1 X109.376 Y113.48 E53.464
G1 X110.148 Y113.487 E53.4823
G1 X110.687 Y113.543 E53.49514
G1 X111.942 Y113.224 E53.52582
G1 X112.346 Y112.94 E53.53753
G1 X113.04 Y112.472 E53.55736
G1 X113.533 Y111.765 E53.57779
G1 X113.847 Y111.332 E53.59046
G1 X114.226 Y109.935 E53.62477
G1 X114.093 Y108.418 E53.66085
G1 F1800 E51.66085
G0 F9000 X113.883 Y108.502
G0 X112.092 Y106.377
G1 F900 E53.66085
G0 F9000 X112.347 Y105.943
;TYPE:WALL-OUTER
G1 F600 X111.737 Y105.72 E53.67501
G1 X110.831 Y105.477 E53.69547
G1 X109.265 Y105.613 E53.72974
G1 X108.897 Y105.794 E53.73868
G1 X107.885 Y106.267 E53.76303
G1 X107.379 Y106.789 E53.77888
G1 X106.851 Y107.315 E53.79513
G1 X106.434 Y108.252 E53.81749
G1 X106.267 Y108.609 E53.82608
G1 X106.17 Y109.967 E53.85577
G1 X106.413 Y111.313 E53.88559
G1 X107.073 Y112.458 E53.9144
G1 X108.092 Y113.31 E53.94336
G1 X109.325 Y113.76 E53.97197
G1 X110.119 Y113.766 E53.98929
G1 X110.708 Y113.827 E54.0022
G1 X112.061 Y113.483 E54.03263
G1 X112.503 Y113.172 E54.04441
G1 X113.24 Y112.675 E54.0638
G1 X113.759 Y111.93 E54.08359
G1 X114.104 Y111.455 E54.09639
G1 X114.509 Y109.96 E54.13016
G1 X114.367 Y108.331 E54.16581
G1 X113.589 Y106.984 E54.19972
G1 X112.347 Y105.943 E54.23505
G0 F9000 X112.16 Y105.875
G0 X111.99 Y106.342
G0 X109.426 Y106.129
;TYPE:FILL
G1 F720 X109.236 Y106.836 E54.25518
G1 X109.089 Y106.89
G1 X108.68 Y106.481 E54.27108
G0 F9000 X108.835 Y106.816
;MESH:NONMESH
G0 F600 X108.835 Y106.816 Z2.32
G0 F9000 X113.883 Y108.502
G0 X114.132 Y108.466
;TIME_ELAPSED:139.049708
;LAYER:17
;TYPE:WALL-INNER
;MESH:screw_15mm_15rotations_1pitch.stl
G1 F780 X113.315 Y107.299 E54.30484
G1 X112.12 Y106.466 E54.33936
G1 X111.681 Y106.356 E54.35008
G1 X110.747 Y106.105 E54.373
G1 X110 Y106.183 E54.3908
G1 X109.397 Y106.234 E54.40514
G1 X108.222 Y106.803 E54.43608
G1 X107.513 Y107.534 E54.46021
G1 X107.286 Y107.731 E54.46734
G1 X106.675 Y108.791 E54.49633
G1 X106.464 Y109.999 E54.52539
G1 X106.677 Y111.211 E54.55455
G1 X107.291 Y112.276 E54.58368
G1 X107.578 Y112.521 E54.59263
G1 X108.238 Y113.198 E54.61503
G1 X109.397 Y113.757 E54.64553
G1 X110.057 Y113.815 E54.66123
G1 X110.746 Y113.887 E54.67764
G1 X112.117 Y113.526 E54.71124
G1 X113.312 Y112.691 E54.74579
G1 X114.136 Y111.511 E54.77989
G1 X114.403 Y109.999 E54.81628
G1 X114.132 Y108.466 E54.85317
G0 F9000 X114.397 Y108.357
;TYPE:WALL-OUTER
G1 F600 X113.516 Y107.098 E54.88667
G1 X112.237 Y106.207 E54.92066
G1 X111.754 Y106.086 E54.93151
G1 X110.77 Y105.821 E54.95373
G1 X109.977 Y105.904 E54.97111
G1 X109.321 Y105.959 E54.98547
G1 X108.057 Y106.571 E55.01608
G1 X107.312 Y107.339 E55.03941
G1 X107.068 Y107.549 E55.04643
G1 X106.408 Y108.694 E55.07524
G1 X106.18 Y109.999 E55.10413
G1 X106.41 Y111.309 E55.13312
G1 X107.073 Y112.459 E55.16207
G1 X107.378 Y112.716 E55.17076
G1 X108.072 Y113.429 E55.19245
G1 X109.321 Y114.032 E55.22269
G1 X110.028 Y114.094 E55.23816
G1 X110.769 Y114.171 E55.25441
G1 X112.235 Y113.785 E55.28746
G1 X113.511 Y112.895 E55.32138
G1 X114.401 Y111.62 E55.35528
G1 X114.688 Y109.999 E55.39117
G1 X114.397 Y108.357 E55.42752
G0 F9000 X114.283 Y108.194
G0 X113.874 Y108.479
G0 X109.177 Y106.857
;TYPE:FILL
G1 F720 X109.015 Y106.696 E55.4338
G1 X109.139 Y106.872
G1 X109.212 Y106.599 E55.44157
G0 F9000 X109.374 Y106.934
;MESH:NONMESH
G0 F600 X109.374 Y106.934 Z2.44
G0 F9000 X112.023 Y113.327
G0 X112.202 Y113.812
;TIME_ELAPSED:144.204059
;LAYER:18
;TYPE:WALL-INNER
;MESH:screw_15mm_15rotations_1pitch.stl
G1 F780 X113.373 Y112.831 E55.47777
G1 X114.102 Y111.565 E55.51239
G1 X114.234 Y110.066 E55.54805
G1 X113.855 Y108.666 E55.58242
G1 X113.542 Y108.234 E55.59507
G1 X113.047 Y107.523 E55.6156
G1 X112.356 Y107.056 E55.63536
G1 X111.939 Y106.764 E55.64742
G1 X110.687 Y106.447 E55.67803
G1 X110.013 Y106.516 E55.69409
G1 X109.385 Y106.516 E55.70897
G1 X108.225 Y106.943 E55.73826
G1 X107.288 Y107.729 E55.76724
G1 X106.675 Y108.792 E55.79632
G1 X106.458 Y110.028 E55.82606
G1 X106.551 Y111.317 E55.85669
G1 X107.095 Y112.521 E55.888
G1 X107.585 Y113.008 E55.90437
G1 X108.06 Y113.497 E55.92052
G1 X109.014 Y113.943 E55.94548
G1 X109.342 Y114.104 E55.95414
G1 X110.808 Y114.231 E55.98901
G1 X111.745 Y113.98 E56.012
G1 X112.202 Y113.812 E56.02354
G0 F9000 X112.344 Y114.059
;TYPE:WALL-OUTER
G1 F600 X113.591 Y113.014 E56.05901
G1 X114.375 Y111.651 E56.09329
G1 X114.517 Y110.041 E56.12853
G1 X114.112 Y108.543 E56.16236
G1 X113.772 Y108.073 E56.17501
G1 X113.246 Y107.32 E56.19503
G1 X112.516 Y106.826 E56.21425
G1 X112.058 Y106.505 E56.22644
G1 X110.708 Y106.163 E56.2568
G1 X110 Y106.236 E56.27232
G1 X109.335 Y106.236 E56.28682
G1 X108.082 Y106.697 E56.31593
G1 X107.07 Y107.546 E56.34473
G1 X106.408 Y108.695 E56.37364
G1 X106.176 Y110.014 E56.40284
G1 X106.275 Y111.389 E56.43289
G1 X106.438 Y111.737 E56.44127
G1 X106.86 Y112.683 E56.46385
G1 X107.384 Y113.203 E56.47995
G1 X107.895 Y113.729 E56.49594
G1 X108.891 Y114.194 E56.5199
G1 X109.266 Y114.378 E56.52901
G1 X110.833 Y114.515 E56.5633
G1 X111.829 Y114.247 E56.58579
G1 X112.344 Y114.059 E56.59774
G0 F9000 X112.497 Y113.931
G0 X112.177 Y113.548
G0 X113.863 Y111.423
;TYPE:FILL
G1 F720 X113.626 Y111.186 E56.61617
G0 F9000 X113.736 Y110.783
G1 F720 X113.922 Y110.733 E56.62676
;TYPE:FILL
G1 X113.735 Y110.783
G1 X107.796 Y112.375 E57.13383
G1 X107.617 Y112.222
G1 X109.041 Y106.907 E57.58761
G1 X109.265 Y106.826
G1 X113.627 Y111.187 E58.09628
G0 F9000 X107.784 Y112.378
;TYPE:FILL
G1 F720 X107.407 Y112.479 E58.10701
G1 X107.519 Y112.589
G1 X107.617 Y112.222 E58.11746
G0 F9000 X107.644 Y112.195
;MESH:NONMESH
G0 F600 X107.644 Y112.195 Z2.56
G0 F9000 X108.187 Y113.318
G0 X107.881 Y113.797
;TIME_ELAPSED:151.023681
;LAYER:19
;TYPE:WALL-INNER
;MESH:screw_15mm_15rotations_1pitch.stl
G1 F780 X108.329 Y114.006 E58.12917
G1 X109.234 Y114.337 E58.15201
G1 X110.766 Y114.337 E58.18831
G1 X111.659 Y114.01 E58.21085
G1 X112.12 Y113.795 E58.2229
G1 X113.17 Y112.744 E58.25811
G1 X113.773 Y111.44 E58.29215
G1 X113.824 Y110.738 E58.30883
G1 X113.884 Y110.069 E58.32475
G1 X113.527 Y108.787 E58.35629
G1 X112.78 Y107.749 E58.38659
G1 X112.527 Y107.573 E58.3939
G1 X111.761 Y106.934 E58.41754
G1 X110.616 Y106.516 E58.44642
G1 X109.384 Y106.516 E58.47562
G1 X108.229 Y106.94 E58.50478
G1 X107.479 Y107.568 E58.52796
G1 X107.218 Y107.748 E58.53547
G1 X106.472 Y108.782 E58.56569
G1 X106.362 Y109.196 E58.57584
G1 X106.113 Y110.067 E58.59731
G1 X106.181 Y110.85 E58.61593
G1 X106.222 Y111.442 E58.62999
G1 X106.713 Y112.489 E58.6574
G1 X106.827 Y112.747 E58.66408
G1 X107.881 Y113.797 E58.69934
G0 F9000 X107.718 Y114.031
;TYPE:WALL-OUTER
G1 F600 X108.221 Y114.265 E58.71143
G1 X109.185 Y114.617 E58.73381
G1 X110.815 Y114.617 E58.76935
G1 X111.766 Y114.269 E58.79142
G1 X112.283 Y114.028 E58.80386
G1 X113.405 Y112.906 E58.83845
G1 X114.049 Y111.511 E58.87195
G1 X114.097 Y110.824 E58.88697
G1 X114.167 Y110.043 E58.90406
G1 X113.784 Y108.664 E58.93527
G1 X112.978 Y107.545 E58.96533
G1 X112.706 Y107.358 E58.97253
G1 X111.903 Y106.688 E58.99533
G1 X110.665 Y106.236 E59.02406
G1 X109.335 Y106.236 E59.05306
G1 X108.087 Y106.693 E59.08203
G1 X107.263 Y107.381 E59.10544
G1 X107.02 Y107.544 E59.11182
G1 X106.215 Y108.66 E59.14182
G1 X106.093 Y109.119 E59.15217
G1 X105.83 Y110.04 E59.17306
G1 X105.901 Y110.869 E59.1912
G1 X105.947 Y111.514 E59.20529
G1 X106.457 Y112.602 E59.23149
G1 X106.592 Y112.908 E59.23878
G1 X107.718 Y114.031 E59.27345
G0 F9000 X107.899 Y114.115
G0 X108.111 Y113.664
G0 X113.099 Y111.042
;TYPE:FILL
G1 F720 X113.557 Y110.919 E59.28649
G1 X113.553 Y110.993
G1 X113.174 Y110.614 E59.30122
;MESH:NONMESH
G0 F600 X113.174 Y110.614 Z2.68
G0 F9000 X106.436 Y111.385
G0 X105.894 Y111.557
;TIME_ELAPSED:156.182701
;LAYER:20
;TYPE:WALL-INNER
;MESH:screw_15mm_15rotations_1pitch.stl
G1 F780 X106.631 Y112.833 E59.33614
G1 X107.795 Y113.811 E59.37217
G1 X108.241 Y113.974 E59.38343
G1 X109.194 Y114.228 E59.4068
G1 X110.654 Y114.101 E59.44153
G1 X111.004 Y113.93 E59.45076
G1 X111.94 Y113.495 E59.47522
G1 X112.426 Y112.995 E59.49174
G1 X112.906 Y112.516 E59.50781
G1 X113.447 Y111.315 E59.53903
G1 X113.544 Y110.039 E59.56935
G1 X113.325 Y108.792 E59.59936
G1 X112.709 Y107.725 E59.62855
G1 X111.766 Y106.936 E59.65769
G1 X110.616 Y106.517 E59.6867
G1 X109.976 Y106.515 E59.70186
G1 X109.311 Y106.445 E59.71771
G1 X108.053 Y106.765 E59.74847
G1 X107.626 Y107.066 E59.76085
G1 X106.952 Y107.522 E59.78013
G1 X106.142 Y108.663 E59.81329
G1 X105.765 Y110.065 E59.8477
G1 X105.894 Y111.557 E59.88319
G0 F9000 X105.621 Y111.643
;TYPE:WALL-OUTER
G1 F600 X106.413 Y113.016 E59.91775
G1 X107.653 Y114.057 E59.95304
G1 X108.157 Y114.241 E59.96474
G1 X109.169 Y114.512 E59.98758
G1 X110.73 Y114.375 E60.02175
G1 X111.122 Y114.183 E60.03126
G1 X112.104 Y113.727 E60.05487
G1 X113.14 Y112.677 E60.08703
G1 X113.723 Y111.387 E60.11789
G1 X113.826 Y110.025 E60.14767
G1 X113.592 Y108.695 E60.17711
G1 X112.927 Y107.542 E60.20613
G1 X111.908 Y106.69 E60.23509
G1 X110.665 Y106.237 E60.26393
G1 X109.979 Y106.233 E60.27889
G1 X109.29 Y106.161 E60.29399
G1 X107.934 Y106.507 E60.3245
G1 X107.47 Y106.834 E60.33688
G1 X106.752 Y107.319 E60.35577
G1 X106.216 Y108.085 E60.37615
G1 X105.885 Y108.541 E60.38844
G1 X105.482 Y110.04 E60.42228
G1 X105.621 Y111.643 E60.45736
G0 F9000 X105.72 Y111.816
G0 X106.151 Y111.568
G0 X106.952 Y112.777
;TYPE:FILL
G1 F720 X107.167 Y112.719 E60.46348
G1 X107.286 Y112.803
G1 X107.23 Y113.009 E60.46935
G0 F9000 X113.077 Y111.136
G1 F720 X113.211 Y111.1 E60.47316
G0 F9000 X112.845 Y111.072
;MESH:NONMESH
G0 F600 X112.845 Y111.072 Z2.8
G0 F9000 X106.107 Y111.485
G0 X105.863 Y111.505
;TIME_ELAPSED:161.457106
;LAYER:21
;TYPE:WALL-INNER
;MESH:screw_15mm_15rotations_1pitch.stl
G1 F780 X106.695 Y112.695 E60.50757
G1 X107.885 Y113.526 E60.54197
G1 X108.343 Y113.64 E60.55315
G1 X109.254 Y113.884 E60.5755
G1 X110.026 Y113.803 E60.5939
G1 X110.596 Y113.756 E60.60745
G1 X111.759 Y113.195 E60.63805
G1 X112.41 Y112.528 E60.66014
G1 X112.713 Y112.269 E60.66959
G1 X113.325 Y111.208 E60.69861
G1 X113.537 Y110 E60.72768
G1 X113.325 Y108.792 E60.75674
G1 X112.71 Y107.726 E60.78591
G1 X112.501 Y107.546 E60.79244
G1 X111.768 Y106.792 E60.81736
G1 X110.598 Y106.23 E60.84812
G1 X109.942 Y106.174 E60.86372
G1 X109.252 Y106.102 E60.88016
G1 X107.876 Y106.465 E60.91389
G1 X106.688 Y107.292 E60.94819
G1 X105.866 Y108.467 E60.98217
G1 X105.597 Y110 E61.01906
G1 X105.863 Y111.505 E61.05527
G0 F9000 X105.598 Y111.615
;TYPE:WALL-OUTER
G1 F600 X106.494 Y112.897 E61.08937
G1 X107.767 Y113.785 E61.12321
G1 X108.27 Y113.91 E61.13451
G1 X109.232 Y114.168 E61.15623
G1 X110.049 Y114.082 E61.17414
G1 X110.671 Y114.03 E61.18775
G1 X111.925 Y113.426 E61.21809
G1 X112.605 Y112.728 E61.23934
G1 X112.931 Y112.451 E61.24867
G1 X113.592 Y111.305 E61.27751
G1 X113.822 Y110 E61.3064
G1 X113.592 Y108.695 E61.33529
G1 X112.928 Y107.543 E61.36428
G1 X112.734 Y107.381 E61.36979
G1 X111.934 Y106.561 E61.39476
G1 X110.673 Y105.955 E61.42527
G1 X109.971 Y105.895 E61.44063
G1 X109.229 Y105.818 E61.45689
G1 X108.234 Y106.086 E61.47936
G1 X107.758 Y106.205 E61.49006
G1 X106.487 Y107.091 E61.52383
G1 X105.602 Y108.357 E61.55751
G1 X105.312 Y110 E61.59388
G1 X105.598 Y111.615 E61.62964
G0 F9000 X105.712 Y111.778
G0 X106.121 Y111.493
G0 X108.75 Y107.014
;TYPE:FILL
G1 F720 X108.799 Y106.831 E61.64006
;TYPE:FILL
G1 X108.75 Y107.013
G1 X107.213 Y112.75 E62.12987
G1 X107.257 Y112.782
G1 X113.016 Y111.239 E62.62155
G0 F9000 X113.211 Y110.412
G1 F720 X109.565 Y106.766 E63.04678
;TYPE:FILL
G1 X109.516 Y106.717
G1 X109.179 Y106.38 E63.05988
G1 X108.9 Y106.452
G1 X108.798 Y106.832 E63.0707
G0 F9000 X108.805 Y106.863
;MESH:NONMESH
G0 F600 X108.805 Y106.863 Z2.92
G0 F9000 X106.084 Y108.547
G0 X105.908 Y108.444
;TIME_ELAPSED:168.076298
;LAYER:22
;TYPE:WALL-INNER
;MESH:screw_15mm_15rotations_1pitch.stl
G1 F780 X105.777 Y109.929 E63.10602
G1 X106.158 Y111.335 E63.14054
G1 X106.482 Y111.781 E63.15361
G1 X106.962 Y112.469 E63.17349
G1 X107.673 Y112.95 E63.19383
G1 X108.066 Y113.226 E63.20521
G1 X109.314 Y113.542 E63.23572
G1 X109.875 Y113.484 E63.24909
G1 X110.616 Y113.484 E63.26665
G1 X111.769 Y113.062 E63.29574
G1 X112.712 Y112.271 E63.32491
G1 X113.325 Y111.208 E63.35399
G1 X113.549 Y109.935 E63.38462
G1 X113.461 Y108.677 E63.4145
G1 X112.914 Y107.472 E63.44586
G1 X112.405 Y106.966 E63.46287
G1 X111.946 Y106.493 E63.47849
G1 X110.658 Y105.885 E63.51225
G1 X109.189 Y105.757 E63.54719
G1 X108.381 Y105.974 E63.56702
G1 X107.798 Y106.188 E63.58173
G1 X106.627 Y107.169 E63.61793
G1 X105.981 Y108.287 E63.64853
G1 X105.908 Y108.444 E63.65264
G0 F9000 X105.633 Y108.37
;TYPE:WALL-OUTER
G1 F600 X105.494 Y109.956 E63.68735
G1 X105.901 Y111.457 E63.72125
G1 X106.252 Y111.941 E63.73429
G1 X106.762 Y112.672 E63.75372
G1 X107.512 Y113.179 E63.77346
G1 X107.947 Y113.485 E63.78505
G1 X109.294 Y113.826 E63.81535
G1 X109.885 Y113.764 E63.8283
G1 X110.665 Y113.764 E63.84531
G1 X111.911 Y113.309 E63.87423
G1 X112.93 Y112.454 E63.90323
G1 X113.592 Y111.305 E63.93214
G1 X113.831 Y109.95 E63.96214
G1 X113.736 Y108.605 E63.99153
G1 X113.562 Y108.234 E64.00047
G1 X113.149 Y107.31 E64.02253
G1 X112.606 Y106.771 E64.03921
G1 X112.111 Y106.261 E64.05471
G1 X110.734 Y105.61 E64.08792
G1 X109.164 Y105.474 E64.12227
G1 X108.297 Y105.707 E64.14185
G1 X107.656 Y105.941 E64.15672
G1 X106.409 Y106.986 E64.1922
G1 X105.733 Y108.158 E64.22169
G1 X105.633 Y108.37 E64.2268
G0 F9000 X105.616 Y108.569
G0 X106.112 Y108.612
G0 X107.355 Y111.889
;TYPE:FILL
G1 F720 X107.232 Y112.349 E64.23989
G0 F9000 X107.79 Y112.727
G1 F720 X108.118 Y112.64 E64.24922
G0 F9000 X108.817 Y106.436
G1 F720 X108.909 Y106.089 E64.25909
G1 X108.989 Y106.07
G1 X109.182 Y106.264 E64.26661
G0 F9000 X109.215 Y106.392
;MESH:NONMESH
G0 F600 X109.215 Y106.392 Z3.04
G0 F9000 X111.819 Y106.672
G0 X112.125 Y106.192
;TIME_ELAPSED:173.443363
;LAYER:23
;TYPE:WALL-INNER
;MESH:screw_15mm_15rotations_1pitch.stl
G1 F780 X111.796 Y106.039 E64.27521
G1 X110.766 Y105.663 E64.3012
G1 X109.234 Y105.663 E64.3375
G1 X108.468 Y105.944 E64.35684
G1 X107.885 Y106.215 E64.37207
G1 X106.839 Y107.264 E64.40718
G1 X106.237 Y108.564 E64.44113
G1 X106.188 Y109.261 E64.45769
G1 X106.127 Y109.931 E64.47363
G1 X106.484 Y111.215 E64.50521
G1 X107.228 Y112.243 E64.53528
G1 X107.333 Y112.313 E64.53827
G1 X108.239 Y113.066 E64.56619
G1 X109.384 Y113.484 E64.59508
G1 X110.616 Y113.483 E64.62427
G1 X111.768 Y113.062 E64.65334
G1 X112.451 Y112.489 E64.67447
G1 X112.791 Y112.259 E64.68419
G1 X113.539 Y111.222 E64.71449
G1 X113.896 Y109.929 E64.74628
G1 X113.786 Y108.553 E64.77899
G1 X113.181 Y107.245 E64.81315
G1 X112.125 Y106.192 E64.84849
G0 F9000 X112.288 Y105.959
;TYPE:WALL-OUTER
G1 F600 X111.903 Y105.78 E64.85774
G1 X110.815 Y105.383 E64.88299
G1 X109.185 Y105.383 E64.91853
G1 X108.36 Y105.685 E64.93768
G1 X107.722 Y105.982 E64.95303
G1 X106.604 Y107.102 E64.98753
G1 X105.961 Y108.493 E65.02094
G1 X105.909 Y109.236 E65.03718
G1 X105.844 Y109.957 E65.05296
G1 X106.228 Y111.339 E65.08423
G1 X107.03 Y112.447 E65.11405
G1 X107.211 Y112.572 E65.11885
G1 X108.097 Y113.312 E65.14402
G1 X109.334 Y113.764 E65.17273
G1 X110.665 Y113.763 E65.20175
G1 X111.911 Y113.308 E65.23067
G1 X112.624 Y112.71 E65.25096
G1 X112.989 Y112.463 E65.26057
G1 X113.796 Y111.344 E65.29064
G1 X114.179 Y109.956 E65.32204
G1 X114.062 Y108.482 E65.35427
G1 X113.542 Y107.369 E65.38106
G1 X113.416 Y107.084 E65.38785
G1 X112.288 Y105.959 E65.42258
G0 F9000 X112.107 Y105.875
G0 X111.896 Y106.327
G0 X109.264 Y106.225
;TYPE:FILL
G1 F720 X109.04 Y106 E65.43131
G1 X108.825 Y106.077
G1 X108.716 Y106.484 E65.44289
G0 F9000 X108.723 Y106.509
;MESH:NONMESH
G0 F600 X108.723 Y106.509 Z3.16
G0 F9000 X112.009 Y106.384
G0 X112.205 Y106.189
;TIME_ELAPSED:178.468287
;LAYER:24
;TYPE:WALL-INNER
;MESH:screw_15mm_15rotations_1pitch.stl
G1 F780 X111.874 Y106.068 E65.45125
G1 X110.804 Y105.781 E65.4775
G1 X109.345 Y105.91 E65.51221
G1 X108.979 Y106.089 E65.52186
G1 X108.061 Y106.518 E65.54588
G1 X107.103 Y107.491 E65.57824
G1 X106.566 Y108.685 E65.60926
G1 X106.481 Y109.869 E65.63739
G1 X106.462 Y109.997 E65.64046
G1 X106.498 Y110.197 E65.64527
G1 X106.679 Y111.213 E65.66973
G1 X107.291 Y112.276 E65.6988
G1 X108.234 Y113.064 E65.72792
G1 X109.384 Y113.484 E65.75693
G1 X109.903 Y113.485 E65.76923
G1 X110.69 Y113.566 E65.78798
G1 X111.952 Y113.243 E65.81885
G1 X112.443 Y112.899 E65.83306
G1 X113.056 Y112.484 E65.8506
G1 X113.869 Y111.341 E65.88384
G1 X114.246 Y109.935 E65.91834
G1 X114.117 Y108.469 E65.95321
G1 X113.37 Y107.166 E65.9888
G1 X112.205 Y106.189 E66.02484
G0 F9000 X112.347 Y105.943
;TYPE:WALL-OUTER
G1 F600 X111.958 Y105.801 E66.03386
G1 X110.829 Y105.498 E66.05935
G1 X109.269 Y105.636 E66.09349
G1 X108.861 Y105.835 E66.10339
G1 X107.896 Y106.286 E66.12661
G1 X106.868 Y107.33 E66.15856
G1 X106.29 Y108.615 E66.18928
G1 X106.201 Y109.849 E66.21625
G1 X106.178 Y109.998 E66.21954
G1 X106.222 Y110.246 E66.22503
G1 X106.412 Y111.31 E66.24859
G1 X107.073 Y112.459 E66.27749
G1 X108.093 Y113.31 E66.30645
G1 X109.335 Y113.764 E66.33529
G1 X109.885 Y113.764 E66.34728
G1 X110.711 Y113.85 E66.36538
G1 X112.072 Y113.501 E66.39601
G1 X112.6 Y113.131 E66.41007
G1 X113.256 Y112.688 E66.42733
G1 X113.809 Y111.9 E66.44832
G1 X114.126 Y111.463 E66.46009
G1 X114.53 Y109.959 E66.49404
G1 X114.391 Y108.383 E66.52853
G1 X113.588 Y106.984 E66.5637
G1 X112.347 Y105.943 E66.59902
G0 F9000 X112.16 Y105.875
G0 X111.989 Y106.341
G0 X113.263 Y110.104
;TYPE:FILL
G1 F720 X113.515 Y110.356 E66.61861
G0 F9000 X113.028 Y111.5
G1 F720 X112.837 Y111.551 E66.62948
;TYPE:FILL
G1 X112.836 Y111.551
G1 X108.276 Y112.773 E67.0188
G0 F9000 X107.236 Y111.68
G1 F720 X108.615 Y106.53 E67.45848
G0 F9000 X109.346 Y106.187
G1 F720 X113.264 Y110.105 E67.91543
G0 F9000 X113.514 Y110.355
;TYPE:FILL
G1 F720 X113.798 Y110.638 E67.92645
G0 F9000 X113.544 Y111.362
G1 F720 X113.029 Y111.5 E67.94111
G0 F9000 X113.004 Y111.481
;MESH:NONMESH
G0 F600 X113.004 Y111.481 Z3.28
G0 F9000 X113.671 Y111.243
G0 X114.139 Y111.504
;TIME_ELAPSED:185.153678
;LAYER:25
;TYPE:WALL-INNER
;MESH:screw_15mm_15rotations_1pitch.stl
G1 F780 X114.403 Y110 E67.97729
G1 X114.142 Y108.523 E68.01284
G1 X113.297 Y107.313 E68.04781
G1 X112.109 Y106.484 E68.08214
G1 X111.628 Y106.364 E68.09389
G1 X110.744 Y106.126 E68.11558
G1 X109.953 Y106.21 E68.13443
G1 X109.399 Y106.257 E68.14761
G1 X108.236 Y106.819 E68.17822
G1 X107.649 Y107.422 E68.19816
G1 X107.287 Y107.731 E68.20944
G1 X106.675 Y108.792 E68.23847
G1 X106.464 Y109.995 E68.26741
G1 X106.57 Y110.603 E68.28204
G1 X106.677 Y111.211 E68.29667
G1 X107.29 Y112.274 E68.32575
G1 X107.413 Y112.382 E68.32963
G1 X108.226 Y113.216 E68.35723
G1 X109.401 Y113.779 E68.3881
G1 X110.055 Y113.837 E68.40366
G1 X110.75 Y113.91 E68.42022
G1 X111.726 Y113.647 E68.44418
G1 X112.129 Y113.546 E68.45402
G1 X113.321 Y112.713 E68.48848
G1 X114 Y111.744 E68.51652
G1 X114.139 Y111.504 E68.5231
G0 F9000 X114.406 Y111.601
;TYPE:WALL-OUTER
G1 F600 X114.688 Y110 E68.55854
G1 X114.407 Y108.413 E68.59368
G1 X113.498 Y107.112 E68.62828
G1 X112.226 Y106.225 E68.66209
G1 X111.701 Y106.094 E68.67388
G1 X110.766 Y105.842 E68.695
G1 X109.929 Y105.931 E68.71335
G1 X109.324 Y105.982 E68.72658
G1 X108.07 Y106.589 E68.75696
G1 X107.432 Y107.242 E68.77686
G1 X107.069 Y107.549 E68.78723
G1 X106.408 Y108.695 E68.81607
G1 X106.179 Y109.995 E68.84485
G1 X106.294 Y110.651 E68.85937
G1 X106.41 Y111.308 E68.87392
G1 X107.072 Y112.457 E68.90283
G1 X107.212 Y112.577 E68.90685
G1 X108.06 Y113.447 E68.93333
G1 X109.325 Y114.053 E68.96392
G1 X110.026 Y114.116 E68.97926
G1 X110.772 Y114.194 E68.99561
G1 X111.794 Y113.918 E69.01869
G1 X112.247 Y113.805 E69.02887
G1 X113.522 Y112.914 E69.06278
G1 X114.236 Y111.895 E69.08991
G1 X114.406 Y111.601 E69.09732
G0 F9000 X114.44 Y111.404
G0 X113.91 Y111.352
;TYPE:FILL
G1 F720 X113.46 Y111.472 E69.11012
G0 F9000 X114.018 Y110.739
G1 F720 X113.589 Y110.31 E69.1268
G0 F9000 X110.047 Y106.767
G1 F720 X109.757 Y106.477 E69.13807
G0 F9000 X108.397 Y107.017
G1 F720 X108.359 Y107.158 E69.14208
G0 F9000 X108.569 Y107.365
;MESH:NONMESH
G0 F600 X108.569 Y107.365 Z3.4
G0 F9000 X113.916 Y111.454
G0 X114.082 Y111.551
;TIME_ELAPSED:190.580403
;LAYER:26
;TYPE:WALL-INNER
;MESH:screw_15mm_15rotations_1pitch.stl
G1 F780 X114.211 Y110.071 E69.17729
G1 X113.834 Y108.668 E69.21172
G1 X113.497 Y108.207 E69.22525
G1 X113.029 Y107.538 E69.2446
G1 X112.299 Y107.045 E69.26547
G1 X111.928 Y106.784 E69.27622
G1 X110.684 Y106.469 E69.30663
G1 X110.228 Y106.516 E69.3175
G1 X109.378 Y106.52 E69.33764
G1 X108.224 Y106.943 E69.36677
G1 X107.288 Y107.728 E69.39572
G1 X106.674 Y108.794 E69.42487
G1 X106.476 Y109.924 E69.45206
G1 X106.44 Y110.066 E69.45553
G1 X106.529 Y111.324 E69.48541
G1 X107.08 Y112.537 E69.51699
G1 X108.05 Y113.517 E69.54966
G1 X109.337 Y114.124 E69.58338
G1 X110.813 Y114.254 E69.6185
G1 X111.493 Y114.071 E69.63518
G1 X112.202 Y113.812 E69.65307
G1 X113.373 Y112.831 E69.68927
G1 X113.955 Y111.823 E69.71686
G1 X114.082 Y111.551 E69.72397
G0 F9000 X114.356 Y111.624
;TYPE:WALL-OUTER
G1 F600 X114.494 Y110.044 E69.75855
G1 X114.091 Y108.546 E69.79237
G1 X113.726 Y108.046 E69.80587
G1 X113.229 Y107.335 E69.82478
G1 X112.46 Y106.815 E69.84502
G1 X112.047 Y106.525 E69.85602
G1 X110.704 Y106.185 E69.88622
G1 X110.214 Y106.236 E69.89696
G1 X109.328 Y106.24 E69.91628
G1 X108.082 Y106.696 E69.94521
G1 X107.07 Y107.545 E69.97401
G1 X106.407 Y108.697 E70.00299
G1 X106.191 Y109.916 E70.02998
G1 X106.157 Y110.037 E70.03272
G1 X106.253 Y111.395 E70.0624
G1 X106.845 Y112.699 E70.09362
G1 X107.404 Y113.255 E70.11081
G1 X107.884 Y113.749 E70.12583
G1 X109.263 Y114.399 E70.15907
G1 X110.838 Y114.537 E70.19353
G1 X111.578 Y114.338 E70.21024
G1 X112.344 Y114.058 E70.22802
G1 X113.591 Y113.014 E70.26348
G1 X114.204 Y111.952 E70.29021
G1 X114.356 Y111.624 E70.2981
G0 F9000 X114.373 Y111.425
G0 X113.837 Y111.459
;TYPE:FILL
G1 F720 X113.413 Y111.573 E70.31017
G0 F9000 X113.919 Y110.52
G1 F720 X113.598 Y110.198 E70.32266
G0 F9000 X113.579 Y110.196
;MESH:NONMESH
G0 F600 X113.579 Y110.196 Z3.52
G0 F9000 X108.175 Y113.336
G0 X107.903 Y113.849
;TIME_ELAPSED:195.653045
;LAYER:27
;TYPE:WALL-INNER
;MESH:screw_15mm_15rotations_1pitch.stl
G1 F780 X109.234 Y114.337 E70.35626
G1 X110.766 Y114.337 E70.39256
G1 X111.406 Y114.102 E70.40872
G1 X112.108 Y113.775 E70.42707
G1 X113.156 Y112.729 E70.46216
G1 X113.753 Y111.435 E70.49593
G1 X113.8 Y110.754 E70.51211
G1 X113.861 Y110.071 E70.52836
G1 X113.503 Y108.783 E70.56004
G1 X112.762 Y107.764 E70.5899
G1 X111.763 Y106.936 E70.62065
G1 X110.616 Y106.517 E70.64958
G1 X109.38 Y106.518 E70.67887
G1 X108.23 Y106.939 E70.7079
G1 X107.621 Y107.45 E70.72674
G1 X107.2 Y107.734 E70.73877
G1 X106.45 Y108.773 E70.76914
G1 X106.326 Y109.24 E70.78059
G1 X106.091 Y110.066 E70.80094
G1 X106.164 Y110.901 E70.8208
G1 X106.203 Y111.45 E70.83384
G1 X106.81 Y112.761 E70.86808
G1 X107.903 Y113.849 E70.90463
G0 F9000 X107.706 Y114.05
;TYPE:WALL-OUTER
G1 F600 X107.98 Y114.176 E70.9112
G1 X109.185 Y114.617 E70.93918
G1 X110.815 Y114.617 E70.97472
G1 X111.514 Y114.361 E70.99095
G1 X112.271 Y114.009 E71.00915
G1 X113.389 Y112.892 E71.0436
G1 X114.029 Y111.505 E71.07691
G1 X114.079 Y110.779 E71.09277
G1 X114.144 Y110.044 E71.10886
G1 X113.76 Y108.66 E71.14017
G1 X112.96 Y107.56 E71.16983
G1 X112.873 Y107.498 E71.17216
G1 X111.905 Y106.69 E71.19965
G1 X110.666 Y106.237 E71.22841
G1 X109.331 Y106.238 E71.25751
G1 X108.087 Y106.692 E71.28638
G1 X107.425 Y107.246 E71.3052
G1 X107.002 Y107.529 E71.3163
G1 X106.193 Y108.651 E71.34646
G1 X106.057 Y109.163 E71.35801
G1 X105.808 Y110.039 E71.37786
G1 X105.884 Y110.92 E71.39714
G1 X105.927 Y111.522 E71.4103
G1 X106.575 Y112.922 E71.44393
G1 X107.706 Y114.05 E71.47876
G0 F9000 X107.888 Y114.133
G0 X108.099 Y113.683
G0 X107.999 Y113.111
;TYPE:FILL
G1 F720 X108.378 Y113.01 E71.50032
G0 F9000 X106.97 Y111.687
G1 F720 X107.055 Y111.366 E71.51858
;TYPE:FILL
G1 X108.133 Y107.343 E71.86206
G0 F9000 X110.287 Y106.767
G1 F720 X113.608 Y110.088 E72.24938
G0 F9000 X113.367 Y111.673
G1 F720 X108.377 Y113.01 E72.67541
G0 F9000 X108 Y113.111
;TYPE:FILL
G1 F720 X107.617 Y113.214 E72.68631
G0 F9000 X106.83 Y112.21
G1 F720 X106.969 Y111.688 E72.70116
G0 F9000 X106.993 Y111.678
;MESH:NONMESH
G0 F600 X106.993 Y111.678 Z3.64
G0 F9000 X106.416 Y111.394
G0 X105.877 Y111.527
;TIME_ELAPSED:202.228781
;LAYER:28
;TYPE:WALL-INNER
;MESH:screw_15mm_15rotations_1pitch.stl
G1 F780 X106.631 Y112.833 E72.7369
G1 X107.831 Y113.841 E72.77404
G1 X109.198 Y114.208 E72.80758
G1 X110.653 Y114.078 E72.8422
G1 X111.04 Y113.889 E72.8524
G1 X111.93 Y113.474 E72.87568
G1 X112.884 Y112.508 E72.90785
G1 X113.426 Y111.31 E72.93901
G1 X113.505 Y110.21 E72.96514
G1 X113.538 Y110.002 E72.97014
G1 X113.32 Y108.784 E72.99946
G1 X112.713 Y107.73 E73.02828
G1 X111.772 Y106.941 E73.05738
G1 X110.619 Y106.517 E73.0865
G1 X110.251 Y106.517 E73.09522
G1 X109.308 Y106.422 E73.11768
G1 X108.043 Y106.747 E73.14863
G1 X107.565 Y107.084 E73.16249
G1 X106.934 Y107.509 E73.18052
G1 X106.395 Y108.278 E73.20277
G1 X106.12 Y108.656 E73.21385
G1 X105.742 Y110.063 E73.24837
G1 X105.877 Y111.527 E73.28321
G0 F9000 X105.604 Y111.614
;TYPE:WALL-OUTER
G1 F600 X106.413 Y113.016 E73.3185
G1 X107.653 Y114.057 E73.3538
G1 X107.915 Y114.153 E73.35989
G1 X109.173 Y114.491 E73.38829
G1 X110.729 Y114.352 E73.42234
G1 X112.094 Y113.706 E73.45527
G1 X113.118 Y112.669 E73.48704
G1 X113.702 Y111.38 E73.5179
G1 X113.79 Y110.187 E73.54398
G1 X113.822 Y110.002 E73.54807
G1 X113.587 Y108.687 E73.57719
G1 X112.931 Y107.547 E73.60587
G1 X111.915 Y106.695 E73.63478
G1 X110.669 Y106.237 E73.66372
G1 X110.208 Y106.234 E73.67377
G1 X109.287 Y106.138 E73.69396
G1 X107.923 Y106.488 E73.72466
G1 X107.409 Y106.851 E73.73838
G1 X106.735 Y107.306 E73.75611
G1 X106.168 Y108.114 E73.77763
G1 X105.863 Y108.533 E73.78893
G1 X105.459 Y110.039 E73.82292
G1 X105.604 Y111.614 E73.85741
G0 F9000 X105.704 Y111.787
G0 X106.134 Y111.539
G0 X106.844 Y111.832
;TYPE:FILL
G1 F720 X106.685 Y112.425 E73.87428
G0 F9000 X107.586 Y113.309
G1 F720 X108.519 Y113.059 E73.90084
G0 F9000 X112.598 Y111.966
G1 F720 X112.888 Y111.888 E73.90909
G0 F9000 X112.555 Y111.737
;MESH:NONMESH
G0 F600 X112.555 Y111.737 Z3.76
G0 F9000 X106.088 Y111.435
G0 X105.854 Y111.456
;TIME_ELAPSED:207.612483
;LAYER:29
;TYPE:WALL-INNER
;MESH:screw_15mm_15rotations_1pitch.stl
G1 F780 X106.713 Y112.68 E73.94453
G1 X107.897 Y113.506 E73.97874
G1 X108.401 Y113.631 E73.99104
G1 X109.259 Y113.864 E74.01211
G1 X110.067 Y113.779 E74.03137
G1 X110.598 Y113.733 E74.044
G1 X111.749 Y113.174 E74.07432
G1 X112.285 Y112.631 E74.0924
G1 X112.708 Y112.277 E74.10547
G1 X113.325 Y111.208 E74.13472
G1 X113.536 Y110.005 E74.16367
G1 X113.323 Y108.789 E74.19292
G1 X112.71 Y107.726 E74.222
G1 X111.788 Y106.778 E74.25334
G1 X110.602 Y106.21 E74.2845
G1 X109.928 Y106.15 E74.30054
G1 X109.247 Y106.079 E74.31676
G1 X107.866 Y106.444 E74.35061
G1 X106.672 Y107.279 E74.38514
G1 X106.066 Y108.143 E74.41015
G1 X105.861 Y108.497 E74.41985
G1 X105.597 Y110 E74.45601
G1 X105.854 Y111.456 E74.49105
G0 F9000 X105.589 Y111.566
;TYPE:WALL-OUTER
G1 F600 X106.512 Y112.881 E74.52607
G1 X107.779 Y113.765 E74.55976
G1 X108.328 Y113.901 E74.57209
G1 X109.237 Y114.147 E74.59262
G1 X110.091 Y114.058 E74.61134
G1 X110.674 Y114.007 E74.6241
G1 X111.915 Y113.405 E74.65417
G1 X112.469 Y112.842 E74.67139
G1 X112.926 Y112.46 E74.68437
G1 X113.592 Y111.305 E74.71344
G1 X113.821 Y110.005 E74.74222
G1 X113.59 Y108.692 E74.77129
G1 X112.93 Y107.548 E74.80008
G1 X111.954 Y106.547 E74.83056
G1 X110.677 Y105.935 E74.86144
G1 X109.957 Y105.871 E74.87719
G1 X109.224 Y105.795 E74.89326
G1 X108.178 Y106.077 E74.91688
G1 X107.747 Y106.185 E74.92657
G1 X106.471 Y107.078 E74.96052
G1 X105.83 Y107.992 E74.98486
G1 X105.594 Y108.4 E74.99514
G1 X105.312 Y110 E75.03056
G1 X105.589 Y111.566 E75.06523
G0 F9000 X105.703 Y111.729
G0 X106.113 Y111.443
G0 X106.664 Y112.175
;TYPE:FILL
G1 F720 X106.78 Y111.743 E75.07753
G0 F9000 X108.024 Y113.28
G1 F720 X108.688 Y113.102 E75.09642
G0 F9000 X108.696 Y113.071
;MESH:NONMESH
G0 F600 X108.696 Y113.071 Z3.88
G0 F9000 X106.085 Y108.544
G0 X105.929 Y108.453
;TIME_ELAPSED:212.754549
;LAYER:30
;TYPE:WALL-INNER
;MESH:screw_15mm_15rotations_1pitch.stl
G1 F780 X105.801 Y109.93 E75.13156
G1 X106.178 Y111.329 E75.16589
G1 X106.524 Y111.805 E75.17984
G1 X106.981 Y112.456 E75.19869
G1 X108.073 Y113.205 E75.23007
G1 X109.319 Y113.519 E75.26052
G1 X109.635 Y113.487 E75.26805
G1 X110.623 Y113.48 E75.29146
G1 X111.766 Y113.063 E75.32029
G1 X112.709 Y112.275 E75.34942
G1 X113.325 Y111.208 E75.37861
G1 X113.505 Y110.183 E75.40327
G1 X113.572 Y109.933 E75.40941
G1 X113.48 Y108.669 E75.43944
G1 X112.935 Y107.462 E75.47082
G1 X112.383 Y106.911 E75.48931
G1 X111.961 Y106.475 E75.50369
G1 X110.665 Y105.865 E75.53763
G1 X109.185 Y105.734 E75.57284
G1 X108.633 Y105.883 E75.58639
G1 X107.797 Y106.188 E75.60748
G1 X106.627 Y107.169 E75.64366
G1 X106.11 Y108.063 E75.66814
G1 X105.929 Y108.453 E75.67832
G0 F9000 X105.654 Y108.38
;TYPE:WALL-OUTER
G1 F600 X105.518 Y109.958 E75.71286
G1 X105.921 Y111.451 E75.74657
G1 X106.369 Y112.071 E75.76325
G1 X106.781 Y112.659 E75.7789
G1 X107.956 Y113.464 E75.80995
G1 X109.298 Y113.803 E75.84013
G1 X109.664 Y113.766 E75.84815
G1 X110.673 Y113.76 E75.87015
G1 X111.908 Y113.309 E75.89882
G1 X112.927 Y112.458 E75.92776
G1 X113.592 Y111.305 E75.95678
G1 X113.781 Y110.232 E75.98053
G1 X113.855 Y109.962 E75.98664
G1 X113.755 Y108.597 E76.01648
G1 X113.56 Y108.177 E76.02657
G1 X113.17 Y107.3 E76.0475
G1 X112.584 Y106.717 E76.06552
G1 X112.126 Y106.243 E76.07989
G1 X110.74 Y105.59 E76.11329
G1 X109.16 Y105.451 E76.14787
G1 X108.548 Y105.616 E76.16169
G1 X107.655 Y105.942 E76.18242
G1 X106.409 Y106.986 E76.21786
G1 X105.861 Y107.934 E76.24173
G1 X105.654 Y108.38 E76.25245
G0 F9000 X105.637 Y108.579
G0 X106.133 Y108.622
G0 X107.926 Y107.135
;TYPE:FILL
G1 F720 X108.056 Y106.652 E76.27995
G0 F9000 X110.313 Y106.434
G1 F720 X110.688 Y106.809 E76.30911
;TYPE:FILL
G1 X110.689 Y106.809
G1 X113.153 Y109.274 E76.59654
G0 F9000 X112.418 Y112.19
G1 F720 X108.857 Y113.144 E76.90056
G0 F9000 X106.716 Y111.652
G1 F720 X107.926 Y107.135 E77.28621
G0 F9000 X108.056 Y106.653
;TYPE:FILL
G1 F720 X108.143 Y106.326 E77.29551
G0 F9000 X109.93 Y106.051
G1 F720 X110.312 Y106.433 E77.31036
G0 F9000 X113.153 Y109.274
G1 F720 X113.282 Y109.402 E77.31536
G0 F9000 X112.914 Y109.427
;MESH:NONMESH
G0 F600 X112.914 Y109.427 Z4
G0 F9000 X111.834 Y106.655
G0 X112.122 Y106.159
;TIME_ELAPSED:219.585227
;LAYER:31
;TYPE:WALL-INNER
;MESH:screw_15mm_15rotations_1pitch.stl
G1 F780 X110.766 Y105.664 E77.34957
G1 X109.235 Y105.663 E77.38585
G1 X108.702 Y105.859 E77.3993
G1 X107.897 Y106.234 E77.42035
G1 X106.854 Y107.276 E77.45529
G1 X106.704 Y107.614 E77.46405
G1 X106.258 Y108.571 E77.48907
G1 X106.211 Y109.249 E77.50518
G1 X106.15 Y109.935 E77.5215
G1 X106.508 Y111.214 E77.55297
G1 X107.258 Y112.252 E77.58332
G1 X108.238 Y113.065 E77.6135
G1 X109.384 Y113.483 E77.6424
G1 X110.619 Y113.482 E77.67167
G1 X111.76 Y113.065 E77.70046
G1 X112.335 Y112.592 E77.7181
G1 X112.809 Y112.274 E77.73163
G1 X113.559 Y111.229 E77.76211
G1 X113.92 Y109.934 E77.79397
G1 X113.844 Y109.075 E77.81441
G1 X113.807 Y108.545 E77.827
G1 X113.198 Y107.234 E77.86125
G1 X112.122 Y106.159 E77.8973
G1 F1800 E75.8973
G0 F9000 X112.028 Y106.364
G0 X109.273 Y105.881
G1 F900 E77.8973
G0 F9000 X109.185 Y105.383
;TYPE:WALL-OUTER
G1 F600 X108.595 Y105.6 E77.911
G1 X107.734 Y106.001 E77.93171
G1 X106.619 Y107.115 E77.96607
G1 X106.45 Y107.495 E77.97514
G1 X105.982 Y108.5 E77.99931
G1 X105.932 Y109.224 E78.01513
G1 X105.867 Y109.962 E78.03129
G1 X106.251 Y111.336 E78.06239
G1 X107.052 Y112.444 E78.0922
G1 X108.097 Y113.311 E78.1218
G1 X109.334 Y113.763 E78.15051
G1 X110.669 Y113.762 E78.17962
G1 X111.902 Y113.311 E78.20824
G1 X112.491 Y112.824 E78.22491
G1 X113.007 Y112.479 E78.23844
G1 X113.817 Y111.351 E78.26871
G1 X114.203 Y109.961 E78.30017
G1 X114.123 Y109.055 E78.32
G1 X114.083 Y108.473 E78.33271
G1 X113.433 Y107.073 E78.36637
G1 X112.278 Y105.918 E78.40198
G1 X110.815 Y105.384 E78.43593
G1 X109.185 Y105.383 E78.47147
G0 F9000 X108.998 Y105.452
G0 X109.169 Y105.921
G0 X109.912 Y105.913
;TYPE:FILL
G1 F720 X110.43 Y106.431 E78.49161
G0 F9000 X108.019 Y106.463
G1 F720 X107.68 Y107.725 E78.52753
G0 F9000 X106.858 Y110.794
G1 F720 X106.765 Y111.141 E78.53741
G0 F9000 X107.072 Y110.925
;MESH:NONMESH
G0 F600 X107.072 Y110.925 Z4.12
G0 F9000 X112.011 Y106.355
G0 X112.19 Y106.176
;TIME_ELAPSED:225.416523
;LAYER:32
;TYPE:WALL-INNER
;MESH:screw_15mm_15rotations_1pitch.stl
G1 F780 X110.806 Y105.806 E78.57135
G1 X109.35 Y105.931 E78.60599
G1 X108.078 Y106.534 E78.63935
G1 X107.544 Y107.082 E78.65748
G1 X107.118 Y107.505 E78.6717
G1 X106.587 Y108.686 E78.70239
G1 X106.514 Y109.688 E78.7262
G1 X106.464 Y110.007 E78.73385
G1 X106.68 Y111.216 E78.76295
G1 X107.287 Y112.27 E78.79178
G1 X108.234 Y113.063 E78.82105
G1 X109.382 Y113.483 E78.85002
G1 X109.734 Y113.487 E78.85836
G1 X110.69 Y113.588 E78.88114
G1 X111.958 Y113.267 E78.91214
G1 X112.454 Y112.917 E78.92652
G1 X113.074 Y112.499 E78.94424
G1 X113.625 Y111.71 E78.96705
G1 X113.888 Y111.347 E78.97767
G1 X114.27 Y109.935 E79.01234
G1 X114.143 Y108.508 E79.04629
G1 X113.369 Y107.167 E79.08298
G1 X112.19 Y106.176 E79.11948
G0 F9000 X112.323 Y105.922
;TYPE:WALL-OUTER
G1 F600 X110.828 Y105.521 E79.15322
G1 X109.275 Y105.656 E79.18721
G1 X108.826 Y105.875 E79.1981
G1 X107.913 Y106.302 E79.22008
G1 X106.884 Y107.344 E79.252
G1 X106.431 Y108.362 E79.2763
G1 X106.312 Y108.613 E79.28235
G1 X106.235 Y109.668 E79.30542
G1 X106.18 Y110.009 E79.31295
G1 X106.413 Y111.313 E79.34183
G1 X107.069 Y112.453 E79.3705
G1 X108.092 Y113.309 E79.39958
G1 X109.332 Y113.763 E79.42837
G1 X109.705 Y113.766 E79.43651
G1 X110.713 Y113.872 E79.4586
G1 X112.077 Y113.526 E79.48928
G1 X112.611 Y113.149 E79.50353
G1 X113.274 Y112.702 E79.52097
G1 X113.852 Y111.874 E79.54298
G1 X114.145 Y111.47 E79.55386
G1 X114.553 Y109.96 E79.58796
G1 X114.417 Y108.421 E79.62165
G1 X113.587 Y106.984 E79.65783
G1 X112.323 Y105.922 E79.69382
G0 F9000 X112.13 Y105.871
G0 X112.001 Y106.351
G0 X110.539 Y106.42
;TYPE:FILL
G1 F720 X110.227 Y106.107 E79.70597
G0 F9000 X107.72 Y107.25
G1 F720 X107.567 Y107.82 E79.72219
G0 F9000 X107.643 Y107.856
;MESH:NONMESH
G0 F600 X107.643 Y107.856 Z4.24
G0 F9000 X113.691 Y111.249
G0 X114.139 Y111.503
;TIME_ELAPSED:230.629742
;LAYER:33
;TYPE:WALL-INNER
;MESH:screw_15mm_15rotations_1pitch.stl
G1 F780 X114.403 Y110 E79.75836
G1 X114.149 Y108.567 E79.79285
G1 X113.28 Y107.326 E79.82875
G1 X112.099 Y106.504 E79.86285
G1 X111.57 Y106.373 E79.87576
G1 X110.739 Y106.148 E79.89616
G1 X109.905 Y106.235 E79.91604
G1 X109.409 Y106.276 E79.92783
G1 X108.257 Y106.833 E79.95815
G1 X107.815 Y107.285 E79.97314
G1 X107.286 Y107.731 E79.98953
G1 X106.675 Y108.791 E80.01853
G1 X106.463 Y110.005 E80.04773
G1 X106.677 Y111.211 E80.07676
G1 X107.298 Y112.296 E80.10638
G1 X108.212 Y113.232 E80.13739
G1 X109.397 Y113.801 E80.16854
G1 X110.09 Y113.861 E80.18502
G1 X110.755 Y113.931 E80.20087
G1 X111.784 Y113.655 E80.22611
G1 X112.138 Y113.567 E80.23476
G1 X113.336 Y112.73 E80.26939
G1 X113.878 Y111.954 E80.29182
G1 X114.139 Y111.503 E80.30417
G0 F9000 X114.406 Y111.6
;TYPE:WALL-OUTER
G1 F600 X114.688 Y110 E80.33959
G1 X114.414 Y108.457 E80.37376
G1 X113.481 Y107.125 E80.40921
G1 X112.216 Y106.244 E80.44282
G1 X111.643 Y106.103 E80.45569
G1 X110.761 Y105.865 E80.4756
G1 X109.882 Y105.956 E80.49487
G1 X109.335 Y106.002 E80.50684
G1 X108.091 Y106.602 E80.53695
G1 X107.602 Y107.1 E80.55217
G1 X107.068 Y107.549 E80.56738
G1 X106.408 Y108.694 E80.59619
G1 X106.179 Y110.005 E80.62521
G1 X106.41 Y111.308 E80.65406
G1 X107.073 Y112.466 E80.68315
G1 X108.047 Y113.465 E80.71357
G1 X108.391 Y113.624 E80.72183
G1 X109.322 Y114.076 E80.74439
G1 X110.061 Y114.14 E80.76057
G1 X110.777 Y114.215 E80.77626
G1 X111.844 Y113.929 E80.80035
G1 X112.256 Y113.826 E80.8096
G1 X113.538 Y112.931 E80.84369
G1 X114.114 Y112.104 E80.86566
G1 X114.406 Y111.6 E80.87836
G0 F9000 X114.44 Y111.403
G0 X113.95 Y111.317
G0 X114.003 Y109.763
;TYPE:FILL
G1 F720 X113.62 Y109.38 E80.90814
G0 F9000 X112.87 Y112.333
G1 F720 X111.955 Y112.578 E80.96022
;TYPE:FILL
G1 X111.954 Y112.579
G1 X109.516 Y113.232 E81.16837
G0 F9000 X106.788 Y110.399
G1 F720 X107.442 Y107.958 E81.37677
G0 F9000 X110.649 Y106.409
G1 F720 X113.62 Y109.38 E81.72327
G0 F9000 X114.002 Y109.762
;TYPE:FILL
G1 F720 X114.129 Y109.89 E81.72823
G1 X114.13 Y109.89
G1 X113.58 Y111.942 E81.78663
G0 F9000 X113.408 Y112.189
G1 F720 X112.871 Y112.333 E81.80191
G0 F9000 X109.51 Y113.233
G1 F720 X109.049 Y113.357 E81.81504
G0 F9000 X109.211 Y113.024
;MESH:NONMESH
G0 F600 X109.211 Y113.024 Z4.36
G0 F9000 X110.741 Y113.71
G0 X110.817 Y114.275
;TIME_ELAPSED:237.420729
;LAYER:34
;TYPE:WALL-INNER
;MESH:screw_15mm_15rotations_1pitch.stl
G1 F780 X111.261 Y114.156 E81.82593
G1 X112.203 Y113.812 E81.8497
G1 X113.373 Y112.831 E81.88588
G1 X113.834 Y112.033 E81.90772
G1 X114.063 Y111.544 E81.92051
G1 X114.188 Y110.072 E81.95552
G1 X113.811 Y108.675 E81.98981
G1 X113.404 Y108.112 E82.00628
G1 X113.012 Y107.552 E82.02247
G1 X111.919 Y106.802 E82.05389
G1 X110.68 Y106.492 E82.08415
G1 X110.401 Y106.517 E82.09079
G1 X109.384 Y106.516 E82.11489
G1 X108.231 Y106.938 E82.14399
G1 X107.288 Y107.728 E82.17314
G1 X106.675 Y108.792 E82.20224
G1 X106.493 Y109.808 E82.2267
G1 X106.417 Y110.076 E82.2333
G1 X106.46 Y110.664 E82.24728
G1 X106.509 Y111.333 E82.26317
G1 X106.697 Y111.733 E82.27365
G1 X107.056 Y112.544 E82.29466
G1 X107.625 Y113.111 E82.3137
G1 X108.037 Y113.536 E82.32773
G1 X109.337 Y114.147 E82.36177
G1 X110.817 Y114.275 E82.39697
G0 F9000 X110.842 Y114.559
;TYPE:WALL-OUTER
G1 F600 X111.346 Y114.423 E82.40835
G1 X112.345 Y114.058 E82.43154
G1 X113.591 Y113.014 E82.46698
G1 X114.083 Y112.163 E82.48841
G1 X114.337 Y111.617 E82.50154
G1 X114.471 Y110.044 E82.53596
G1 X114.068 Y108.552 E82.56965
G1 X113.633 Y107.951 E82.58583
G1 X113.212 Y107.349 E82.60185
G1 X112.037 Y106.543 E82.63291
G1 X110.7 Y106.208 E82.66296
G1 X110.401 Y106.237 E82.66951
G1 X109.335 Y106.236 E82.69275
G1 X108.089 Y106.692 E82.72168
G1 X107.07 Y107.545 E82.75065
G1 X106.408 Y108.695 E82.77958
G1 X106.233 Y109.691 E82.80163
G1 X106.134 Y110.048 E82.80971
G1 X106.18 Y110.684 E82.82361
G1 X106.234 Y111.405 E82.83937
G1 X106.441 Y111.846 E82.84999
G1 X106.821 Y112.706 E82.87049
G1 X107.424 Y113.306 E82.88904
G1 X107.872 Y113.768 E82.90307
G1 X109.261 Y114.422 E82.93654
G1 X110.842 Y114.559 E82.97114
G0 F9000 X111.035 Y114.507
G0 X110.905 Y114.025
G0 X112.478 Y112.525
;TYPE:FILL
G1 F720 X113.402 Y112.277 E82.99744
G1 X113.403 Y112.276
G1 X113.909 Y110.39 E83.05111
G0 F9000 X113.743 Y109.384
G1 F720 X112.877 Y108.518 E83.08478
G0 F9000 X111.445 Y107.087
G1 F720 X111.251 Y106.893 E83.09232
G0 F9000 X111.161 Y107.25
;MESH:NONMESH
G0 F600 X111.161 Y107.25 Z4.48
G0 F9000 X108.165 Y113.358
G0 X107.851 Y113.832
;TIME_ELAPSED:243.009406
;LAYER:35
;TYPE:WALL-INNER
;MESH:screw_15mm_15rotations_1pitch.stl
G1 F780 X109.234 Y114.337 E83.12721
G1 X110.765 Y114.337 E83.1635
G1 X111.175 Y114.186 E83.17385
G1 X112.097 Y113.756 E83.19796
G1 X113.137 Y112.715 E83.23283
G1 X113.733 Y111.425 E83.2665
G1 X113.781 Y110.727 E83.28309
G1 X113.84 Y110.07 E83.29872
G1 X113.483 Y108.794 E83.33012
G1 X112.712 Y107.727 E83.36131
G1 X111.761 Y106.935 E83.39064
G1 X110.621 Y106.519 E83.4194
G1 X109.383 Y106.517 E83.44874
G1 X108.231 Y106.938 E83.4778
G1 X107.78 Y107.315 E83.49173
G1 X107.183 Y107.718 E83.5088
G1 X106.429 Y108.769 E83.53946
G1 X106.069 Y110.068 E83.5714
G1 X106.147 Y110.953 E83.59245
G1 X106.182 Y111.457 E83.60443
G1 X106.793 Y112.774 E83.63883
G1 X107.851 Y113.832 E83.67429
G0 F9000 X107.697 Y114.074
;TYPE:WALL-OUTER
G1 F600 X109.184 Y114.617 E83.7088
G1 X110.815 Y114.617 E83.74436
G1 X111.282 Y114.445 E83.75521
G1 X112.26 Y113.989 E83.77874
G1 X113.372 Y112.877 E83.81302
G1 X113.551 Y112.475 E83.82262
G1 X114.009 Y111.496 E83.84618
G1 X114.06 Y110.751 E83.86246
G1 X114.123 Y110.044 E83.87794
G1 X113.739 Y108.671 E83.90902
G1 X112.908 Y107.525 E83.93988
G1 X111.903 Y106.689 E83.96838
G1 X110.671 Y106.239 E83.99698
G1 X109.334 Y106.237 E84.02613
G1 X108.089 Y106.692 E84.05503
G1 X107.599 Y107.1 E84.06893
G1 X106.985 Y107.514 E84.08507
G1 X106.173 Y108.646 E84.11545
G1 X105.786 Y110.042 E84.14703
G1 X105.867 Y110.972 E84.16738
G1 X105.906 Y111.529 E84.17956
G1 X106.558 Y112.935 E84.21335
G1 X107.697 Y114.074 E84.24846
G0 F9000 X107.884 Y114.142
G0 X108.055 Y113.674
G0 X112.357 Y112.646
;TYPE:FILL
G1 F720 X112.967 Y112.482 E84.26583
G0 F9000 X112.906 Y108.427
G1 F720 X112.713 Y108.234 E84.27333
G0 F9000 X112.45 Y108.424
;MESH:NONMESH
G0 F600 X112.45 Y108.424 Z4.6
G0 F9000 X106.395 Y111.4
G0 X105.842 Y111.469
;TIME_ELAPSED:248.326659
;LAYER:36
;TYPE:WALL-INNER
;MESH:screw_15mm_15rotations_1pitch.stl
G1 F780 X106.631 Y112.833 E84.31067
G1 X107.789 Y113.806 E84.34652
G1 X109.202 Y114.185 E84.38119
G1 X110.65 Y114.058 E84.41563
G1 X111.075 Y113.849 E84.42686
G1 X111.917 Y113.456 E84.44888
G1 X112.466 Y112.89 E84.46756
G1 X112.873 Y112.487 E84.48114
G1 X113.402 Y111.309 E84.51174
G1 X113.469 Y110.399 E84.53336
G1 X113.537 Y110.001 E84.54293
G1 X113.321 Y108.788 E84.57213
G1 X112.709 Y107.724 E84.60121
G1 X111.766 Y106.937 E84.63032
G1 X110.624 Y106.519 E84.65914
G1 X110.373 Y106.513 E84.66509
G1 X109.303 Y106.4 E84.69059
G1 X108.031 Y106.727 E84.72171
G1 X107.504 Y107.099 E84.737
G1 X106.917 Y107.494 E84.75377
G1 X106.35 Y108.306 E84.77723
G1 X106.101 Y108.649 E84.78728
G1 X105.719 Y110.066 E84.82206
G1 X105.842 Y111.469 E84.85543
G0 F9000 X105.569 Y111.556
;TYPE:WALL-OUTER
G1 F600 X106.413 Y113.016 E84.8922
G1 X107.656 Y114.06 E84.92759
G1 X109.178 Y114.468 E84.96195
G1 X110.726 Y114.332 E84.99582
G1 X111.194 Y114.103 E85.00718
G1 X112.082 Y113.688 E85.02855
G1 X112.664 Y113.089 E85.04676
G1 X113.107 Y112.649 E85.06038
G1 X113.677 Y111.381 E85.09069
G1 X113.748 Y110.427 E85.11154
G1 X113.822 Y110.001 E85.12097
G1 X113.588 Y108.691 E85.14998
G1 X112.927 Y107.541 E85.1789
G1 X111.908 Y106.691 E85.20783
G1 X110.676 Y106.24 E85.23643
G1 X110.442 Y106.237 E85.24154
G1 X109.283 Y106.116 E85.26694
G1 X107.912 Y106.468 E85.2978
G1 X107.348 Y106.866 E85.31285
G1 X106.717 Y107.29 E85.32943
G1 X106.124 Y108.141 E85.35204
G1 X105.844 Y108.526 E85.36242
G1 X105.436 Y110.041 E85.39663
G1 X105.569 Y111.556 E85.42978
G0 F9000 X105.669 Y111.729
G0 X106.1 Y111.48
G0 X106.67 Y111.914
;TYPE:FILL
G1 F720 X108.49 Y113.734 E85.57129
G1 X108.556 Y113.752
G1 X108.895 Y113.661 E85.59059
G0 F9000 X106.388 Y110.908
G1 F720 X106.872 Y109.102 E85.69339
G0 F9000 X106.95 Y108.813
G1 F720 X107.097 Y108.264 E85.72463
G0 F9000 X106.95 Y108.812
;TYPE:FILL
G1 F720 X106.873 Y109.101 E85.7493
G0 F9000 X108.893 Y113.662
G1 F720 X112.237 Y112.766 E86.0348
G0 F9000 X112.55 Y107.951
G1 F720 X112.354 Y107.755 E86.05766
G0 F9000 X107.291 Y107.541
;TYPE:FILL
G1 F720 X107.096 Y108.265 E86.07827
G0 F9000 X106.392 Y110.896
G1 F720 X106.204 Y111.596 E86.09819
G0 F9000 X106.08 Y111.324
G1 F720 X106.671 Y111.915 E86.12117
G0 F9000 X106.779 Y111.854
;MESH:NONMESH
G0 F600 X106.779 Y111.854 Z4.72
G0 F9000 X106.061 Y111.369
G0 X105.845 Y111.406
;TIME_ELAPSED:255.106550
;LAYER:37
;TYPE:WALL-INNER
;MESH:screw_15mm_15rotations_1pitch.stl
G1 F780 X106.727 Y112.665 E86.1576
G1 X107.905 Y113.485 E86.19161
G1 X108.535 Y113.644 E86.20701
G1 X109.263 Y113.841 E86.22488
G1 X110.121 Y113.751 E86.24533
G1 X110.596 Y113.712 E86.25662
G1 X111.737 Y113.158 E86.28668
G1 X112.132 Y112.758 E86.3
G1 X112.71 Y112.269 E86.31794
G1 X113.325 Y111.206 E86.34705
G1 X113.537 Y110 E86.37606
G1 X113.324 Y108.79 E86.40518
G1 X112.677 Y107.662 E86.436
G1 X111.794 Y106.757 E86.46596
G1 X111.466 Y106.605 E86.47453
G1 X110.611 Y106.188 E86.49707
G1 X109.883 Y106.125 E86.51439
G1 X109.243 Y106.058 E86.52963
G1 X107.855 Y106.426 E86.56366
G1 X106.651 Y107.266 E86.59845
G1 X106.189 Y107.927 E86.61756
G1 X105.861 Y108.496 E86.63313
G1 X105.597 Y109.998 E86.66927
G1 X105.845 Y111.406 E86.70315
G0 F9000 X105.613 Y111.563
;TYPE:WALL-OUTER
G1 F600 X106.526 Y112.866 E86.73784
G1 X107.787 Y113.744 E86.77134
G1 X108.381 Y113.893 E86.78469
G1 X109.24 Y114.124 E86.80408
G1 X110.144 Y114.03 E86.8239
G1 X110.671 Y113.987 E86.83542
G1 X111.903 Y113.388 E86.86529
G1 X112.313 Y112.972 E86.87803
G1 X112.929 Y112.451 E86.89562
G1 X113.592 Y111.303 E86.92452
G1 X113.822 Y110 E86.95337
G1 X113.591 Y108.693 E86.9823
G1 X112.893 Y107.483 E87.01276
G1 X111.959 Y106.525 E87.04193
G1 X111.589 Y106.353 E87.05082
G1 X110.687 Y105.913 E87.0727
G1 X109.913 Y105.846 E87.08964
G1 X109.22 Y105.774 E87.10483
G1 X107.736 Y106.167 E87.1383
G1 X106.449 Y107.064 E87.1725
G1 X105.953 Y107.776 E87.19142
G1 X105.594 Y108.399 E87.2071
G1 X105.312 Y109.998 E87.2425
G1 X105.542 Y111.296 E87.27124
G1 X105.613 Y111.563 E87.27726
G0 F9000 X105.727 Y111.726
G0 X106.163 Y111.421
;TYPE:FILL
G1 F720 X106.496 Y110.178 E87.31263
G0 F9000 X106.06 Y111.184
G1 F720 X108.168 Y113.291 E87.39457
G0 F9000 X109.642 Y113.549
G1 F720 X111.234 Y113.122 E87.43988
G0 F9000 X107.287 Y107.226
G1 F720 X107.32 Y107.102 E87.4434
G0 F9000 X107.531 Y107.406
;MESH:NONMESH
G0 F600 X107.531 Y107.406 Z4.84
G0 F9000 X109.257 Y106.278
G0 X109.181 Y105.714
;TIME_ELAPSED:260.865822
;LAYER:38
;TYPE:WALL-INNER
;MESH:screw_15mm_15rotations_1pitch.stl
G1 F780 X108.854 Y105.802 E87.45143
G1 X107.797 Y106.188 E87.47809
G1 X106.627 Y107.169 E87.51428
G1 X106.234 Y107.851 E87.53293
G1 X105.948 Y108.46 E87.54888
G1 X105.821 Y109.93 E87.58384
G1 X105.915 Y110.256 E87.59188
G1 X106.199 Y111.321 E87.618
G1 X106.575 Y111.839 E87.63317
G1 X106.996 Y112.442 E87.6506
G1 X107.778 Y112.97 E87.67296
G1 X108.08 Y113.183 E87.68172
G1 X109.323 Y113.496 E87.71209
G1 X109.487 Y113.484 E87.71599
G1 X110.622 Y113.48 E87.74289
G1 X111.769 Y113.062 E87.77182
G1 X112.711 Y112.272 E87.80095
G1 X113.325 Y111.209 E87.83004
G1 X113.473 Y110.356 E87.85056
G1 X113.594 Y109.923 E87.86121
G1 X113.502 Y108.662 E87.89117
G1 X113.303 Y108.239 E87.90225
G1 X112.949 Y107.444 E87.92288
G1 X112.365 Y106.865 E87.94236
G1 X111.967 Y106.455 E87.95591
G1 X110.667 Y105.842 E87.98997
G1 X109.181 Y105.714 E88.02531
G0 F9000 X109.156 Y105.431
;TYPE:WALL-OUTER
G1 F600 X108.769 Y105.535 E88.03405
G1 X107.655 Y105.942 E88.05991
G1 X106.409 Y106.986 E88.09535
G1 X105.985 Y107.722 E88.11386
G1 X105.673 Y108.387 E88.12988
G1 X105.538 Y109.957 E88.16423
G1 X105.942 Y111.443 E88.19781
G1 X106.345 Y111.999 E88.21278
G1 X106.796 Y112.645 E88.22996
G1 X107.617 Y113.2 E88.25156
G1 X107.962 Y113.442 E88.26075
G1 X109.303 Y113.78 E88.2909
G1 X109.488 Y113.764 E88.29495
G1 X110.672 Y113.76 E88.32076
G1 X111.911 Y113.308 E88.34952
G1 X112.929 Y112.455 E88.37847
G1 X113.592 Y111.306 E88.40739
G1 X113.752 Y110.396 E88.42754
G1 X113.877 Y109.952 E88.4376
G1 X113.777 Y108.59 E88.46737
G1 X113.559 Y108.125 E88.47857
G1 X113.183 Y107.282 E88.49869
G1 X112.567 Y106.671 E88.51761
G1 X112.133 Y106.223 E88.53121
G1 X111.019 Y105.703 E88.55801
G1 X110.743 Y105.567 E88.56472
G1 X109.156 Y105.431 E88.59944
G0 F9000 X108.963 Y105.483
G0 X109.091 Y105.965
G0 X107.511 Y107.002
;TYPE:FILL
G1 F720 X107.073 Y107.12 E88.61191
G1 X107.166 Y107.349
G1 X107.273 Y106.951 E88.62324
G0 F9000 X106.451 Y110.017
G1 F720 X106.279 Y110.658 E88.64149
G0 F9000 X106.984 Y111.988
G1 F720 X107.433 Y112.437 E88.65894
G0 F9000 X107.642 Y112.131
;MESH:NONMESH
G0 F600 X107.642 Y112.131 Z4.96
G0 F9000 X109.211 Y105.936
G0 X109.234 Y105.663
;TIME_ELAPSED:266.320674
;LAYER:39
;TYPE:WALL-INNER
;MESH:screw_15mm_15rotations_1pitch.stl
G1 F780 X108.941 Y105.771 E88.66634
G1 X107.907 Y106.253 E88.69338
G1 X106.873 Y107.29 E88.72808
G1 X106.278 Y108.579 E88.76172
G1 X106.228 Y109.302 E88.7789
G1 X106.171 Y109.937 E88.79401
G1 X106.527 Y111.201 E88.82513
G1 X107.206 Y112.137 E88.85253
G1 X107.291 Y112.276 E88.85639
G1 X108.231 Y113.062 E88.88543
G1 X109.384 Y113.484 E88.91452
G1 X110.62 Y113.483 E88.94382
G1 X111.769 Y113.062 E88.97281
G1 X112.131 Y112.759 E88.984
G1 X112.821 Y112.293 E89.00373
G1 X113.578 Y111.244 E89.03439
G1 X113.735 Y110.654 E89.04886
G1 X113.942 Y109.929 E89.06672
G1 X113.863 Y109.02 E89.08835
G1 X113.829 Y108.536 E89.09985
G1 X113.215 Y107.218 E89.1343
G1 X112.17 Y106.178 E89.16924
G1 X110.765 Y105.663 E89.2047
G1 X109.234 Y105.663 E89.24098
G0 F9000 X109.185 Y105.383
;TYPE:WALL-OUTER
G1 F600 X108.834 Y105.512 E89.24914
G1 X107.743 Y106.02 E89.27537
G1 X106.639 Y107.128 E89.30948
G1 X106.448 Y107.554 E89.31965
G1 X106.002 Y108.508 E89.34261
G1 X105.949 Y109.277 E89.35942
G1 X105.887 Y109.963 E89.37444
G1 X106.271 Y111.325 E89.40529
G1 X106.98 Y112.301 E89.43159
G1 X107.073 Y112.459 E89.43559
G1 X108.089 Y113.308 E89.46445
G1 X109.334 Y113.764 E89.49336
G1 X110.669 Y113.763 E89.52247
G1 X111.911 Y113.308 E89.5513
G1 X112.31 Y112.975 E89.56263
G1 X113.021 Y112.496 E89.58132
G1 X113.835 Y111.367 E89.61167
G1 X114.004 Y110.731 E89.62602
G1 X114.225 Y109.956 E89.64359
G1 X114.143 Y109 E89.66451
G1 X114.105 Y108.465 E89.6762
G1 X113.45 Y107.056 E89.71008
G1 X112.324 Y105.936 E89.7447
G1 X110.814 Y105.383 E89.77976
G1 X109.185 Y105.383 E89.81528
G0 F9000 X108.997 Y105.452
G0 X109.167 Y105.922
G0 X110.108 Y106.395
;TYPE:FILL
G1 F720 X110.838 Y106.199 E89.85683
G0 F9000 X111.444 Y106.485
G1 F720 X112.891 Y107.931 E89.9693
G0 F9000 X110.108 Y106.395
;TYPE:FILL
G1 F720 X107.389 Y107.123 E90.20143
G0 F9000 X107.02 Y107.566
G1 F720 X106.437 Y109.741 E90.38713
G0 F9000 X110.837 Y106.199
;TYPE:FILL
G1 F720 X111.222 Y106.096 E90.39809
G1 X110.961 Y106.001
G1 X111.444 Y106.484 E90.41686
G0 F9000 X112.891 Y107.931
G1 F720 X113.584 Y108.625 E90.44382
G0 F9000 X113.667 Y109.649
G1 F720 X113.224 Y111.305 E90.49095
G0 F9000 X112.927 Y111.087
;MESH:NONMESH
G0 F600 X112.927 Y111.087 Z5.08
G0 F9000 X112.062 Y106.376
G0 X112.229 Y106.209
;TIME_ELAPSED:272.917416
;LAYER:40
;TYPE:WALL-INNER
;MESH:screw_15mm_15rotations_1pitch.stl
G1 F780 X110.802 Y105.828 E90.52595
G1 X109.351 Y105.955 E90.56047
G1 X108.905 Y106.173 E90.57223
G1 X108.083 Y106.556 E90.59372
G1 X107.525 Y107.132 E90.61273
G1 X107.141 Y107.515 E90.62558
G1 X106.609 Y108.69 E90.65614
G1 X106.543 Y109.541 E90.67637
G1 X106.464 Y110.007 E90.68757
G1 X106.679 Y111.215 E90.71665
G1 X107.291 Y112.276 E90.74568
G1 X108.231 Y113.062 E90.77471
G1 X109.383 Y113.484 E90.80379
G1 X109.521 Y113.487 E90.80706
G1 X110.698 Y113.609 E90.8351
G1 X111.975 Y113.283 E90.86633
G1 X112.507 Y112.908 E90.88176
G1 X113.091 Y112.514 E90.89845
G1 X113.676 Y111.678 E90.92263
G1 X113.909 Y111.359 E90.93199
G1 X114.291 Y109.934 E90.96696
G1 X114.192 Y108.797 E90.994
G1 X114.14 Y108.5 E91.00115
G1 X113.369 Y107.167 E91.03764
G1 X112.229 Y106.209 E91.07293
G0 F9000 X112.361 Y105.954
;TYPE:WALL-OUTER
G1 F600 X110.825 Y105.544 E91.10759
G1 X109.275 Y105.68 E91.14151
G1 X108.787 Y105.919 E91.15336
G1 X107.918 Y106.324 E91.17426
G1 X107.327 Y106.934 E91.19278
G1 X106.907 Y107.353 E91.20571
G1 X106.334 Y108.619 E91.23601
G1 X106.267 Y109.495 E91.25516
G1 X106.18 Y110.009 E91.26653
G1 X106.412 Y111.312 E91.29538
G1 X107.073 Y112.459 E91.32425
G1 X108.089 Y113.308 E91.35311
G1 X109.334 Y113.764 E91.38202
G1 X109.492 Y113.766 E91.38546
G1 X110.719 Y113.893 E91.41236
G1 X112.094 Y113.541 E91.4433
G1 X112.664 Y113.14 E91.4585
G1 X113.291 Y112.717 E91.47499
G1 X113.902 Y111.843 E91.49824
G1 X114.166 Y111.482 E91.50799
G1 X114.574 Y109.959 E91.54236
G1 X114.47 Y108.76 E91.5686
G1 X114.407 Y108.403 E91.5765
G1 X113.587 Y106.984 E91.61224
G1 X112.361 Y105.954 E91.64715
G0 F9000 X112.168 Y105.903
G0 X111.3 Y106.22
;TYPE:FILL
G1 F720 X113.945 Y108.865 E91.74997
G0 F9000 X113.876 Y108.543
G1 F720 X113.686 Y109.252 E91.77015
G0 F9000 X111.197 Y106.191
G1 F720 X107.931 Y107.066 E91.8631
G0 F9000 X108.198 Y107.325
;MESH:NONMESH
G0 F600 X108.198 Y107.325 Z5.2
G0 F9000 X113.934 Y108.593
G0 X114.118 Y108.561
;TIME_ELAPSED:278.721930
;LAYER:41
;TYPE:WALL-INNER
;MESH:screw_15mm_15rotations_1pitch.stl
G1 F780 X113.265 Y107.344 E91.89832
G1 X112.086 Y106.522 E91.93238
G1 X111.46 Y106.365 E91.94767
G1 X110.736 Y106.17 E91.96544
G1 X109.854 Y106.263 E91.98646
G1 X109.406 Y106.3 E91.99711
G1 X108.258 Y106.857 E92.02735
G1 X107.928 Y107.19 E92.03846
G1 X107.292 Y107.723 E92.05812
G1 X106.675 Y108.792 E92.08737
G1 X106.463 Y110.004 E92.11653
G1 X106.569 Y110.606 E92.13102
G1 X106.676 Y111.21 E92.14555
G1 X107.242 Y112.192 E92.17241
G1 X107.316 Y112.348 E92.1765
G1 X108.199 Y113.252 E92.20645
G1 X109.393 Y113.824 E92.23783
G1 X110.141 Y113.888 E92.25562
G1 X110.76 Y113.953 E92.27037
G1 X112.149 Y113.586 E92.30441
G1 X113.358 Y112.743 E92.33934
G1 X113.744 Y112.19 E92.35532
G1 X114.139 Y111.504 E92.37408
G1 X114.403 Y110.002 E92.41022
G1 X114.207 Y108.896 E92.43684
G1 X114.118 Y108.561 E92.44505
G0 F9000 X114.376 Y108.442
;TYPE:WALL-OUTER
G1 F600 X113.465 Y107.141 E92.47968
G1 X112.204 Y106.262 E92.51319
G1 X111.533 Y106.095 E92.52827
G1 X110.758 Y105.886 E92.54577
G1 X109.831 Y105.984 E92.56609
G1 X109.331 Y106.025 E92.57703
G1 X108.092 Y106.627 E92.60706
G1 X107.749 Y106.975 E92.61771
G1 X107.074 Y107.54 E92.63691
G1 X106.408 Y108.695 E92.66597
G1 X106.179 Y110.004 E92.69495
G1 X106.293 Y110.655 E92.70935
G1 X106.409 Y111.307 E92.72379
G1 X107.023 Y112.376 E92.75067
G1 X107.079 Y112.507 E92.75378
G1 X108.035 Y113.484 E92.78358
G1 X108.423 Y113.664 E92.7929
G1 X109.318 Y114.099 E92.8146
G1 X110.112 Y114.167 E92.83197
G1 X110.782 Y114.237 E92.84666
G1 X112.268 Y113.844 E92.88017
G1 X113.56 Y112.944 E92.9145
G1 X113.98 Y112.34 E92.93054
G1 X114.406 Y111.601 E92.94914
G1 X114.688 Y110.002 E92.98453
G1 X114.48 Y108.835 E93.01038
G1 X114.376 Y108.442 E93.01924
G0 F9000 X114.262 Y108.279
G0 X113.791 Y108.533
;TYPE:FILL
G1 F720 X113.642 Y109.091 E93.03512
G0 F9000 X113.892 Y108.694
G1 F720 X111.942 Y106.743 E93.11095
G0 F9000 X110.62 Y106.433
G1 F720 X108.573 Y106.981 E93.1692
G0 F9000 X108.734 Y107.315
;MESH:NONMESH
G0 F600 X108.734 Y107.315 Z5.32
G0 F9000 X110.745 Y113.732
G0 X110.864 Y114.301
;TIME_ELAPSED:284.267208
;LAYER:42
;TYPE:WALL-INNER
;MESH:screw_15mm_15rotations_1pitch.stl
G1 F780 X112.203 Y113.812 E93.20298
G1 X113.373 Y112.831 E93.23916
G1 X113.699 Y112.265 E93.25464
G1 X114.041 Y111.536 E93.27372
G1 X114.167 Y110.069 E93.30862
G1 X113.791 Y108.687 E93.34256
G1 X113.388 Y108.129 E93.35887
G1 X112.995 Y107.566 E93.37514
G1 X111.905 Y106.821 E93.40643
G1 X110.676 Y106.512 E93.43646
G1 X109.378 Y106.519 E93.46722
G1 X108.225 Y106.942 E93.49632
G1 X107.291 Y107.724 E93.52519
G1 X106.674 Y108.793 E93.55444
G1 X106.535 Y109.582 E93.57343
G1 X106.397 Y110.077 E93.5856
G1 X106.487 Y111.341 E93.61563
G1 X106.697 Y111.79 E93.62738
G1 X107.042 Y112.564 E93.64746
G1 X107.644 Y113.161 E93.66755
G1 X108.027 Y113.555 E93.68058
G1 X109.332 Y114.17 E93.71476
G1 X110.864 Y114.301 E93.7512
G0 F9000 X110.846 Y114.581
;TYPE:WALL-OUTER
G1 F600 X111.104 Y114.511 E93.75703
G1 X112.345 Y114.058 E93.78583
G1 X113.591 Y113.014 E93.82127
G1 X113.948 Y112.394 E93.83687
G1 X114.315 Y111.609 E93.85576
G1 X114.45 Y110.042 E93.89005
G1 X114.049 Y108.565 E93.92342
G1 X113.618 Y107.969 E93.93946
G1 X113.195 Y107.363 E93.95557
G1 X112.354 Y106.794 E93.97771
G1 X112.024 Y106.562 E93.9865
G1 X110.696 Y106.228 E94.01636
G1 X110.595 Y106.237 E94.01857
G1 X109.328 Y106.239 E94.04619
G1 X108.083 Y106.696 E94.0751
G1 X107.073 Y107.541 E94.10381
G1 X106.407 Y108.696 E94.13288
G1 X106.261 Y109.523 E94.15119
G1 X106.114 Y110.048 E94.16308
G1 X106.212 Y111.413 E94.19291
G1 X106.441 Y111.904 E94.20473
G1 X106.808 Y112.726 E94.22435
G1 X107.443 Y113.356 E94.24385
G1 X107.861 Y113.787 E94.25694
G1 X109.256 Y114.445 E94.29057
G1 X110.846 Y114.581 E94.32536
G0 F9000 X111.039 Y114.529
G0 X110.729 Y113.697
;TYPE:FILL
G1 F720 X112.06 Y113.34 E94.40113
G0 F9000 X112.496 Y113.038
G1 F720 X112.636 Y112.517 E94.43079
G0 F9000 X108.678 Y113.202
G1 F720 X108.113 Y112.637 E94.47472
;TYPE:FILL
G1 X108.111 Y112.635
G1 X107.346 Y111.87 E94.56394
G0 F9000 X108.692 Y107.037
G1 F720 X109.698 Y106.767 E94.64984
G0 F9000 X113.597 Y108.928
G1 F720 X112.635 Y112.519 E94.95642
G0 F9000 X112.497 Y113.037
;TYPE:FILL
G1 F720 X112.427 Y113.296 E94.9638
G1 X112.521 Y113.216
G1 X112.061 Y113.34 E94.97689
G0 F9000 X110.73 Y113.697
G1 F720 X109.765 Y113.955 E95.00435
G0 F9000 X109.4 Y113.924
G1 F720 X108.678 Y113.202 E95.03242
G0 F9000 X107.347 Y111.871
G1 F720 X106.73 Y111.254 E95.05641
G0 F9000 X107.115 Y111.223
;MESH:NONMESH
G0 F600 X107.115 Y111.223 Z5.44
G0 F9000 X108.153 Y113.376
G0 X107.811 Y113.818
;TIME_ELAPSED:291.056986
;LAYER:43
;TYPE:WALL-INNER
;MESH:screw_15mm_15rotations_1pitch.stl
G1 F780 X109.235 Y114.337 E95.09233
G1 X110.8 Y114.337 E95.12941
G1 X112.087 Y113.737 E95.16306
G1 X113.119 Y112.701 E95.19772
G1 X113.711 Y111.417 E95.23122
G1 X113.762 Y110.671 E95.24894
G1 X113.817 Y110.062 E95.26343
G1 X113.464 Y108.812 E95.29422
G1 X112.809 Y107.898 E95.32086
G1 X112.71 Y107.725 E95.32559
G1 X111.762 Y106.935 E95.35483
G1 X110.622 Y106.519 E95.38359
G1 X109.381 Y106.518 E95.413
G1 X108.231 Y106.939 E95.44202
G1 X107.971 Y107.157 E95.45006
G1 X107.167 Y107.705 E95.47312
G1 X106.409 Y108.758 E95.50386
G1 X106.255 Y109.342 E95.51818
G1 X106.048 Y110.071 E95.53613
G1 X106.16 Y111.466 E95.5693
G1 X106.773 Y112.786 E95.60379
G1 X107.811 Y113.818 E95.63848
G0 F9000 X107.658 Y114.06
;TYPE:WALL-OUTER
G1 F600 X109.185 Y114.617 E95.67391
G1 X110.862 Y114.617 E95.71048
G1 X112.251 Y113.97 E95.74388
G1 X113.354 Y112.862 E95.77797
G1 X113.987 Y111.488 E95.81095
G1 X114.041 Y110.696 E95.82826
G1 X114.101 Y110.036 E95.84271
G1 X113.72 Y108.689 E95.87323
G1 X113.076 Y107.795 E95.89725
G1 X112.927 Y107.542 E95.90365
G1 X111.904 Y106.689 E95.93269
G1 X110.671 Y106.239 E95.9613
G1 X109.331 Y106.238 E95.99052
G1 X108.088 Y106.693 E96.01938
G1 X107.755 Y106.969 E96.02881
G1 X106.969 Y107.501 E96.0495
G1 X106.152 Y108.636 E96.07999
G1 X105.985 Y109.266 E96.0942
G1 X105.765 Y110.044 E96.11183
G1 X105.885 Y111.537 E96.14448
G1 X106.54 Y112.95 E96.17844
G1 X107.658 Y114.06 E96.21278
G0 F9000 X107.845 Y114.128
G0 X108.017 Y113.659
G0 X109.114 Y113.518
;TYPE:FILL
G1 F720 X109.682 Y114.086 E96.23487
G1 X109.602 Y114.087
G1 X112.032 Y113.436 E96.30402
G0 F9000 X112.401 Y113.067
G1 F720 X112.78 Y111.651 E96.34432
G0 F9000 X113.259 Y109.864
G1 F720 X113.377 Y109.424 E96.35684
G0 F9000 X113.022 Y109.522
;MESH:NONMESH
G0 F600 X113.022 Y109.522 Z5.56
G0 F9000 X106.374 Y111.413
G0 X105.861 Y111.502
;TIME_ELAPSED:296.662172
;LAYER:44
;TYPE:WALL-INNER
;MESH:screw_15mm_15rotations_1pitch.stl
G1 F780 X106.63 Y112.834 E96.39329
G1 X107.751 Y113.774 E96.42796
G1 X109.201 Y114.161 E96.46352
G1 X110.647 Y114.034 E96.49792
G1 X111.114 Y113.806 E96.51024
G1 X111.914 Y113.433 E96.53115
G1 X112.854 Y112.476 E96.56294
G1 X113.38 Y111.306 E96.59334
G1 X113.431 Y110.616 E96.60974
G1 X113.536 Y109.992 E96.62473
G1 X113.325 Y108.792 E96.65361
G1 X112.709 Y107.725 E96.6828
G1 X111.766 Y106.937 E96.71193
G1 X110.61 Y106.517 E96.74107
G1 X109.304 Y106.38 E96.77219
G1 X108.018 Y106.71 E96.80366
G1 X107.468 Y107.097 E96.81959
G1 X106.899 Y107.481 E96.83586
G1 X106.08 Y108.636 E96.86941
G1 X105.698 Y110.065 E96.90447
G1 X105.786 Y111.074 E96.92847
G1 X105.861 Y111.502 E96.93877
G0 F9000 X105.593 Y111.599
;TYPE:WALL-OUTER
G1 F600 X106.412 Y113.017 E96.97447
G1 X107.619 Y114.029 E97.00881
G1 X109.179 Y114.445 E97.04401
G1 X110.723 Y114.309 E97.0778
G1 X111.232 Y114.06 E97.09015
G1 X112.078 Y113.666 E97.1105
G1 X113.089 Y112.636 E97.14197
G1 X113.655 Y111.376 E97.17208
G1 X113.71 Y110.642 E97.18813
G1 X113.82 Y109.992 E97.2025
G1 X113.592 Y108.695 E97.23121
G1 X112.927 Y107.542 E97.26023
G1 X111.908 Y106.691 E97.28918
G1 X110.669 Y106.239 E97.31793
G1 X109.281 Y106.096 E97.34835
G1 X108.925 Y106.193 E97.3564
G1 X107.9 Y106.451 E97.37944
G1 X107.311 Y106.865 E97.39514
G1 X106.7 Y107.278 E97.41122
G1 X105.823 Y108.515 E97.44428
G1 X105.414 Y110.04 E97.4787
G1 X105.508 Y111.11 E97.50212
G1 X105.593 Y111.599 E97.51294
G0 F9000 X105.693 Y111.772
G0 X106.125 Y111.523
G0 X109.279 Y113.562
;TYPE:FILL
G1 F720 X109.59 Y113.874 E97.52505
G0 F9000 X112.459 Y112.518
G1 F720 X112.615 Y111.937 E97.54158
G0 F9000 X112.452 Y111.862
;MESH:NONMESH
G0 F600 X112.452 Y111.862 Z5.68
G0 F9000 X106.067 Y111.406
G0 X105.89 Y111.436
;TIME_ELAPSED:301.936453
;LAYER:45
;TYPE:WALL-INNER
;MESH:screw_15mm_15rotations_1pitch.stl
G1 F780 X106.744 Y112.65 E97.57676
G1 X107.919 Y113.468 E97.61069
G1 X108.594 Y113.638 E97.62718
G1 X109.266 Y113.818 E97.64367
G1 X110.171 Y113.724 E97.66523
G1 X110.591 Y113.689 E97.67522
G1 X111.738 Y113.131 E97.70545
G1 X111.945 Y112.921 E97.71243
G1 X112.713 Y112.27 E97.73629
G1 X113.325 Y111.209 E97.76532
G1 X113.536 Y109.996 E97.7945
G1 X113.325 Y108.792 E97.82346
G1 X112.765 Y107.815 E97.85015
G1 X112.692 Y107.648 E97.85447
G1 X111.806 Y106.737 E97.88458
G1 X110.615 Y106.167 E97.91587
G1 X109.835 Y106.098 E97.93443
G1 X109.239 Y106.036 E97.94863
G1 X107.843 Y106.407 E97.98286
G1 X106.634 Y107.253 E98.01783
G1 X106.313 Y107.712 E98.0311
G1 X105.861 Y108.496 E98.05255
G1 X105.597 Y109.999 E98.08871
G1 X105.703 Y110.602 E98.10322
G1 X105.773 Y110.993 E98.11263
G1 X105.89 Y111.436 E98.12349
G0 F9000 X105.632 Y111.556
;TYPE:WALL-OUTER
G1 F600 X106.544 Y112.851 E98.15802
G1 X107.801 Y113.727 E98.19143
G1 X108.521 Y113.908 E98.20761
G1 X109.244 Y114.102 E98.22393
G1 X110.194 Y114.003 E98.24476
G1 X110.667 Y113.964 E98.25511
G1 X111.904 Y113.362 E98.2851
G1 X112.145 Y113.117 E98.29259
G1 X112.931 Y112.452 E98.31504
G1 X113.592 Y111.306 E98.34388
G1 X113.821 Y109.996 E98.37288
G1 X113.592 Y108.695 E98.40168
G1 X113.022 Y107.702 E98.42664
G1 X112.928 Y107.489 E98.43171
G1 X111.971 Y106.505 E98.46164
G1 X110.691 Y105.893 E98.49257
G1 X109.863 Y105.819 E98.5107
G1 X109.216 Y105.752 E98.52488
G1 X108.071 Y106.061 E98.55073
G1 X107.725 Y106.147 E98.55851
G1 X106.433 Y107.052 E98.5929
G1 X106.077 Y107.562 E98.60646
G1 X105.594 Y108.399 E98.62753
G1 X105.312 Y109.999 E98.66295
G1 X105.427 Y110.651 E98.67738
G1 X105.499 Y111.054 E98.68631
G1 X105.632 Y111.556 E98.69763
G0 F9000 X105.747 Y111.719
G0 X106.155 Y111.433
G0 X106.333 Y110.496
;TYPE:FILL
G1 F720 X105.952 Y110.116 E98.72721
G0 F9000 X107.014 Y107.751
G1 F720 X107.889 Y107.516 E98.77703
;TYPE:FILL
G1 X107.89 Y107.516
G1 X110.619 Y106.785 E99.01002
G0 F9000 X113.189 Y109.468
G1 F720 X112.472 Y112.144 E99.23849
G0 F9000 X109.389 Y113.552
G1 F720 X106.332 Y110.496 E99.59496
G0 F9000 X105.953 Y110.117
;TYPE:FILL
G1 F720 X105.853 Y110.016 E99.59887
G1 X105.866 Y109.907
G1 X106.326 Y108.187 E99.64781
G0 F9000 X106.499 Y107.889
G1 F720 X107.013 Y107.751 E99.66244
G0 F9000 X110.621 Y106.784
G1 F720 X111.072 Y106.663 E99.67528
G0 F9000 X110.909 Y106.998
;MESH:NONMESH
G0 F600 X110.909 Y106.998 Z5.8
G0 F9000 X109.254 Y106.257
G0 X109.167 Y105.69
;TIME_ELAPSED:308.715042
;LAYER:46
;TYPE:WALL-INNER
;MESH:screw_15mm_15rotations_1pitch.stl
G1 F780 X107.797 Y106.189 E99.70983
G1 X106.627 Y107.169 E99.746
G1 X106.358 Y107.635 E99.75875
G1 X105.97 Y108.468 E99.78053
G1 X105.844 Y109.931 E99.81532
G1 X105.95 Y110.3 E99.82442
G1 X106.219 Y111.314 E99.84928
G1 X106.621 Y111.866 E99.86547
G1 X107.014 Y112.427 E99.8817
G1 X108.103 Y113.17 E99.91294
G1 X109.368 Y113.487 E99.94384
G1 X110.623 Y113.481 E99.97358
G1 X111.774 Y113.058 E100.00264
G1 X112.711 Y112.272 E100.03163
G1 X113.325 Y111.208 E100.06074
G1 X113.439 Y110.559 E100.07635
G1 X113.615 Y109.932 E100.09179
G1 X113.523 Y108.653 E100.12217
G1 X113.302 Y108.183 E100.13448
G1 X112.965 Y107.43 E100.15403
G1 X112.346 Y106.812 E100.17476
G1 X111.979 Y106.434 E100.18725
G1 X110.676 Y105.822 E100.22136
G1 X109.167 Y105.69 E100.25726
G1 F1800 E98.25726
G0 F9000 X109.196 Y105.91
G0 X106.795 Y107.312
G1 F900 E100.25726
G0 F9000 X106.409 Y106.986
;TYPE:WALL-OUTER
G1 F600 X106.109 Y107.506 E100.27035
G1 X105.695 Y108.394 E100.29171
G1 X105.561 Y109.958 E100.32593
G1 X105.679 Y110.372 E100.33532
G1 X105.961 Y111.436 E100.35931
G1 X106.392 Y112.027 E100.37526
G1 X106.814 Y112.63 E100.39131
G1 X107.674 Y113.211 E100.41393
G1 X107.984 Y113.429 E100.4222
G1 X109.327 Y113.767 E100.45239
G1 X110.673 Y113.761 E100.48174
G1 X111.917 Y113.304 E100.51063
G1 X112.929 Y112.455 E100.53943
G1 X113.592 Y111.305 E100.56837
G1 X113.713 Y110.618 E100.58358
G1 X113.898 Y109.961 E100.59846
G1 X113.798 Y108.581 E100.62863
G1 X113.558 Y108.068 E100.64097
G1 X113.2 Y107.268 E100.66008
G1 X112.547 Y106.617 E100.68019
G1 X112.145 Y106.202 E100.69278
G1 X110.75 Y105.547 E100.72638
G1 X109.129 Y105.405 E100.76186
G1 X107.655 Y105.943 E100.79607
G1 X106.409 Y106.986 E100.83149
G0 F9000 X106.309 Y107.159
G0 X106.47 Y107.984
;TYPE:FILL
G1 F720 X107.326 Y107.755 E100.85585
G0 F9000 X106.184 Y110.228
G1 F720 X106.882 Y110.925 E100.88297
;MESH:NONMESH
G0 F600 X106.882 Y110.925 Z5.92
G0 F9000 X109.203 Y105.912
G0 X109.225 Y105.663
;TIME_ELAPSED:314.291783
;LAYER:47
;TYPE:WALL-INNER
;MESH:screw_15mm_15rotations_1pitch.stl
G1 F780 X107.92 Y106.272 E100.9171
G1 X106.887 Y107.306 E100.95173
G1 X106.299 Y108.586 E100.98511
G1 X106.247 Y109.356 E101.0034
G1 X106.194 Y109.938 E101.01725
G1 X106.547 Y111.194 E101.04817
G1 X107.108 Y111.965 E101.07077
G1 X107.29 Y112.274 E101.07926
G1 X108.238 Y113.065 E101.10852
G1 X109.384 Y113.484 E101.13744
G1 X110.619 Y113.483 E101.16671
G1 X111.769 Y113.062 E101.19573
G1 X112.02 Y112.855 E101.20344
G1 X112.837 Y112.306 E101.22676
G1 X113.602 Y111.244 E101.25778
G1 X113.76 Y110.65 E101.27235
G1 X113.964 Y109.933 E101.29001
G1 X113.88 Y108.97 E101.31292
G1 X113.849 Y108.53 E101.32337
G1 X113.236 Y107.206 E101.35795
G1 X112.215 Y106.191 E101.39206
G1 X110.765 Y105.664 E101.42863
G1 X109.225 Y105.663 E101.46512
G0 F9000 X109.163 Y105.383
;TYPE:WALL-OUTER
G1 F600 X107.757 Y106.039 E101.49895
G1 X106.653 Y107.145 E101.53302
G1 X106.023 Y108.515 E101.56589
G1 X105.968 Y109.331 E101.58372
G1 X105.911 Y109.964 E101.59758
G1 X106.291 Y111.318 E101.62824
G1 X106.879 Y112.126 E101.65003
G1 X107.072 Y112.457 E101.65838
G1 X108.096 Y113.311 E101.68745
G1 X109.334 Y113.764 E101.71619
G1 X110.668 Y113.763 E101.74528
G1 X111.911 Y113.308 E101.77413
G1 X112.176 Y113.088 E101.78164
G1 X113.037 Y112.509 E101.80426
G1 X113.207 Y112.264 E101.81077
G1 X113.859 Y111.367 E101.83494
G1 X114.029 Y110.727 E101.84938
G1 X114.247 Y109.96 E101.86676
G1 X114.159 Y108.951 E101.88885
G1 X114.125 Y108.459 E101.8996
G1 X113.469 Y107.043 E101.93362
G1 X112.368 Y105.949 E101.96746
G1 X110.815 Y105.384 E102.00349
G1 X109.163 Y105.383 E102.03951
G0 F9000 X108.982 Y105.467
G0 X109.192 Y105.92
G0 X107.281 Y107.855
;TYPE:FILL
G1 F720 X106.857 Y107.969 E102.05158
G0 F9000 X106.624 Y110.547
G1 F720 X106.855 Y110.778 E102.06056
G0 F9000 X107.057 Y110.723
;MESH:NONMESH
G0 F600 X107.057 Y110.723 Z6.04
G0 F9000 X112.113 Y106.398
G0 X112.268 Y106.244
;TIME_ELAPSED:319.515158
;LAYER:48
;TYPE:WALL-INNER
;MESH:screw_15mm_15rotations_1pitch.stl
G1 F780 X110.796 Y105.848 E102.09668
G1 X109.355 Y105.977 E102.13097
G1 X108.871 Y106.213 E102.14373
G1 X108.098 Y106.574 E102.16394
G1 X107.154 Y107.532 E102.19582
G1 X106.626 Y108.707 E102.22634
G1 X106.581 Y109.326 E102.24105
G1 X106.464 Y110.008 E102.25745
G1 X106.571 Y110.606 E102.27185
G1 X106.679 Y111.215 E102.2865
G1 X107.287 Y112.27 E102.31536
G1 X108.235 Y113.064 E102.34466
G1 X109.418 Y113.5 E102.37454
G1 X110.697 Y113.632 E102.40501
G1 X111.986 Y113.3 E102.43656
G1 X112.558 Y112.898 E102.45312
G1 X113.109 Y112.526 E102.46888
G1 X113.722 Y111.65 E102.49422
G1 X113.932 Y111.363 E102.50264
G1 X114.314 Y109.935 E102.53767
G1 X114.234 Y109.037 E102.55904
G1 X114.14 Y108.499 E102.57198
G1 X113.37 Y107.166 E102.60846
G1 X112.268 Y106.244 E102.64251
G0 F9000 X112.4 Y105.988
;TYPE:WALL-OUTER
G1 F600 X110.818 Y105.564 E102.67822
G1 X109.279 Y105.703 E102.71191
G1 X108.752 Y105.959 E102.72468
G1 X107.933 Y106.341 E102.74439
G1 X106.919 Y107.371 E102.7759
G1 X106.35 Y108.638 E102.80618
G1 X106.305 Y109.277 E102.82014
G1 X106.18 Y110.009 E102.83633
G1 X106.295 Y110.655 E102.85064
G1 X106.412 Y111.312 E102.86519
G1 X107.069 Y112.453 E102.89389
G1 X108.092 Y113.31 E102.92299
G1 X109.354 Y113.775 E102.95231
G1 X110.72 Y113.916 E102.98225
G1 X111.103 Y113.811 E102.99091
G1 X112.105 Y113.559 E103.01344
G1 X112.714 Y113.13 E103.02968
G1 X113.308 Y112.729 E103.0453
G1 X113.949 Y111.815 E103.06964
G1 X114.189 Y111.486 E103.07852
G1 X114.597 Y109.96 E103.11296
G1 X114.512 Y109.001 E103.13395
G1 X114.407 Y108.402 E103.14721
G1 X113.588 Y106.983 E103.18293
G1 X112.4 Y105.988 E103.21671
G0 F9000 X112.207 Y105.937
G0 X112.274 Y106.604
;TYPE:FILL
G1 F720 X111.896 Y106.706 E103.23824
G0 F9000 X113.323 Y107.987
G1 F720 X113.182 Y108.514 E103.26823
;TYPE:FILL
G1 X113.181 Y108.515
G1 X112.132 Y112.431 E103.60256
G0 F9000 X109.427 Y113.231
G1 F720 X106.829 Y110.633 E103.90556
G0 F9000 X107.237 Y107.954
G1 F720 X111.897 Y106.705 E104.30343
G0 F9000 X113.396 Y107.712
;TYPE:FILL
G1 F720 X113.323 Y107.986 E104.31123
G0 F9000 X112.117 Y112.487
G1 F720 X111.98 Y112.998 E104.32577
G0 F9000 X111.768 Y112.696
;MESH:NONMESH
G0 F600 X111.768 Y112.696 Z6.16
G0 F9000 X112.953 Y112.369
G0 X113.374 Y112.756
;TIME_ELAPSED:326.207880
;LAYER:49
;TYPE:WALL-INNER
;MESH:screw_15mm_15rotations_1pitch.stl
G1 F780 X113.62 Y112.402 E104.33599
G1 X114.139 Y111.504 E104.36056
G1 X114.404 Y110.001 E104.39673
G1 X114.252 Y109.141 E104.41743
G1 X114.099 Y108.569 E104.43146
G1 X113.245 Y107.356 E104.46661
G1 X112.079 Y106.544 E104.50029
G1 X111.439 Y106.384 E104.51592
G1 X110.731 Y106.191 E104.53331
G1 X109.411 Y106.322 E104.56474
G1 X108.276 Y106.875 E104.59466
G1 X108.114 Y107.035 E104.60006
G1 X107.287 Y107.73 E104.62566
G1 X106.675 Y108.791 E104.65469
G1 X106.464 Y110.004 E104.68386
G1 X106.676 Y111.209 E104.71286
G1 X107.134 Y112.003 E104.73458
G1 X107.291 Y112.351 E104.74363
G1 X108.192 Y113.273 E104.77418
G1 X109.388 Y113.844 E104.80558
G1 X110.191 Y113.916 E104.82469
G1 X110.764 Y113.976 E104.83834
G1 X112.159 Y113.606 E104.87254
G1 X113.374 Y112.756 E104.90768
G0 F9000 X113.575 Y112.957
;TYPE:WALL-OUTER
G1 F600 X113.857 Y112.553 E104.91843
G1 X114.406 Y111.601 E104.94238
G1 X114.688 Y110.001 E104.97781
G1 X114.525 Y109.081 E104.99818
G1 X114.357 Y108.448 E105.01245
G1 X113.446 Y107.154 E105.04696
G1 X112.197 Y106.285 E105.08013
G1 X111.512 Y106.114 E105.09552
G1 X110.753 Y105.908 E105.11267
G1 X109.335 Y106.048 E105.14373
G1 X108.111 Y106.644 E105.17342
G1 X107.962 Y106.794 E105.17803
G1 X107.069 Y107.548 E105.20351
G1 X106.408 Y108.694 E105.23235
G1 X106.179 Y110.004 E105.26134
G1 X106.409 Y111.306 E105.29017
G1 X106.887 Y112.135 E105.31103
G1 X107.055 Y112.511 E105.32001
G1 X108.027 Y113.504 E105.35031
G1 X109.313 Y114.119 E105.38138
G1 X110.162 Y114.195 E105.39997
G1 X110.787 Y114.26 E105.41367
G1 X112.279 Y113.864 E105.44732
G1 X113.575 Y112.957 E105.48181
G0 F9000 X113.689 Y112.793
G0 X113.28 Y112.507
G0 X113.046 Y108.691
;TYPE:FILL
G1 F720 X113.275 Y107.835 E105.50617
G0 F9000 X111.972 Y106.773
G1 F720 X111.174 Y106.987 E105.52888
;MESH:NONMESH
G0 F600 X111.174 Y106.987 Z6.28
G0 F9000 X110.752 Y113.756
G0 X110.81 Y114.319
;TIME_ELAPSED:331.490244
;LAYER:50
;TYPE:WALL-INNER
;MESH:screw_15mm_15rotations_1pitch.stl
G1 F780 X112.203 Y113.811 E105.56402
G1 X113.373 Y112.831 E105.60019
G1 X113.576 Y112.479 E105.60982
G1 X114.02 Y111.527 E105.63471
G1 X114.144 Y110.072 E105.66931
G1 X114.032 Y109.678 E105.67902
G1 X113.77 Y108.689 E105.70327
G1 X112.977 Y107.579 E105.73559
G1 X111.907 Y106.849 E105.76629
G1 X110.61 Y106.517 E105.79802
G1 X109.376 Y106.519 E105.82726
G1 X108.231 Y106.938 E105.85615
G1 X107.289 Y107.727 E105.88527
G1 X106.675 Y108.792 E105.91441
G1 X106.575 Y109.359 E105.92805
G1 X106.374 Y110.076 E105.9457
G1 X106.466 Y111.349 E105.97594
G1 X106.74 Y111.939 E105.99136
G1 X107.023 Y112.574 E106.00783
G1 X107.665 Y113.214 E106.02932
G1 X108.016 Y113.575 E106.04125
G1 X109.324 Y114.19 E106.0755
G1 X110.81 Y114.319 E106.11085
G0 F9000 X110.848 Y114.604
;TYPE:WALL-OUTER
G1 F600 X112.345 Y114.057 E106.1456
G1 X113.591 Y113.014 E106.18102
G1 X113.825 Y112.608 E106.19124
G1 X114.294 Y111.6 E106.21548
G1 X114.427 Y110.044 E106.24952
G1 X114.303 Y109.606 E106.25945
G1 X114.027 Y108.567 E106.28289
G1 X113.177 Y107.377 E106.31477
G1 X112.023 Y106.59 E106.34522
G1 X110.75 Y106.269 E106.37385
G1 X110.66 Y106.237 E106.37593
G1 X109.326 Y106.239 E106.40501
G1 X108.089 Y106.691 E106.43373
G1 X107.071 Y107.544 E106.46268
G1 X106.408 Y108.695 E106.49164
G1 X106.302 Y109.297 E106.50497
G1 X106.091 Y110.047 E106.52195
G1 X106.191 Y111.421 E106.55199
G1 X106.484 Y112.053 E106.56718
G1 X106.788 Y112.735 E106.58346
G1 X107.464 Y113.409 E106.60427
G1 X107.85 Y113.807 E106.61636
G1 X109.25 Y114.465 E106.65008
G1 X110.848 Y114.604 E106.68505
G0 F9000 X111.035 Y114.536
G0 X111.598 Y113.765
;TYPE:FILL
G1 F720 X111.63 Y113.648 E106.68839
G0 F9000 X112.982 Y108.601
G1 F720 X113.096 Y108.177 E106.70046
G0 F9000 X111.468 Y106.996
G1 F720 X111.314 Y107.037 E106.70484
G0 F9000 X111.243 Y107.319
;MESH:NONMESH
G0 F600 X111.243 Y107.319 Z6.4
G0 F9000 X108.142 Y113.395
G0 X107.756 Y113.797
;TIME_ELAPSED:336.814318
;LAYER:51
;TYPE:WALL-INNER
;MESH:screw_15mm_15rotations_1pitch.stl
G1 F780 X109.235 Y114.336 E106.74214
G1 X110.747 Y114.337 E106.77797
G1 X112.077 Y113.717 E106.81275
G1 X113.104 Y112.688 E106.8472
G1 X113.299 Y112.25 E106.85856
G1 X113.69 Y111.409 E106.88054
G1 X113.745 Y110.622 E106.89924
G1 X113.794 Y110.07 E106.91237
G1 X113.442 Y108.809 E106.94339
G1 X112.923 Y108.092 E106.96437
G1 X112.71 Y107.726 E106.97441
G1 X111.769 Y106.938 E107.00349
G1 X110.616 Y106.517 E107.03258
G1 X109.381 Y106.517 E107.06185
G1 X108.232 Y106.937 E107.09084
G1 X108.063 Y107.074 E107.09599
G1 X107.154 Y107.687 E107.12197
G1 X106.389 Y108.753 E107.15307
G1 X106.025 Y110.07 E107.18545
G1 X106.112 Y111.056 E107.20891
G1 X106.141 Y111.474 E107.21883
G1 X106.758 Y112.803 E107.25356
G1 X107.756 Y113.797 E107.28694
G0 F9000 X107.654 Y114.058
;TYPE:WALL-OUTER
G1 F600 X109.185 Y114.616 E107.32246
G1 X110.809 Y114.617 E107.35787
G1 X112.24 Y113.95 E107.39229
G1 X113.339 Y112.849 E107.42621
G1 X113.553 Y112.368 E107.43769
G1 X113.966 Y111.48 E107.45904
G1 X114.02 Y110.685 E107.47641
G1 X114.077 Y110.044 E107.49044
G1 X113.698 Y108.685 E107.5212
G1 X113.156 Y107.937 E107.54134
G1 X112.928 Y107.543 E107.55126
G1 X111.911 Y106.692 E107.58017
G1 X110.666 Y106.237 E107.60907
G1 X109.332 Y106.237 E107.63816
G1 X108.089 Y106.691 E107.66701
G1 X107.907 Y106.842 E107.67217
G1 X106.954 Y107.484 E107.69722
G1 X106.131 Y108.63 E107.72798
G1 X105.742 Y110.043 E107.75993
G1 X105.833 Y111.075 E107.78252
G1 X105.865 Y111.545 E107.79279
G1 X106.525 Y112.966 E107.82695
G1 X107.443 Y113.881 E107.85521
G1 X107.654 Y114.058 E107.86121
G0 F9000 X107.841 Y114.126
G0 X108.012 Y113.658
G0 X110.228 Y113.672
;TYPE:FILL
G1 F720 X110.606 Y114.049 E107.89056
G0 F9000 X111.529 Y113.696
G1 F720 X111.582 Y113.499 E107.90178
G0 F9000 X106.75 Y110.194
G1 F720 X106.632 Y110.076 E107.91095
;TYPE:FILL
G1 X106.749 Y110.193
G1 X110.228 Y113.671 E108.31664
G0 F9000 X111.582 Y113.499
G1 F720 X112.917 Y108.514 E108.74223
G0 F9000 X111.454 Y107.088
G1 F720 X107.303 Y108.2 E109.09663
;TYPE:FILL
G1 X107.302 Y108.2
G1 X107.042 Y108.27 E109.10403
G0 F9000 X106.358 Y109.801
G1 F720 X106.633 Y110.076 E109.11472
G0 F9000 X106.663 Y110.085
;MESH:NONMESH
G0 F600 X106.663 Y110.085 Z6.52
G0 F9000 X107.853 Y113.575
G0 X107.713 Y113.74
;TIME_ELAPSED:343.685893
;LAYER:52
;TYPE:WALL-INNER
;MESH:screw_15mm_15rotations_1pitch.stl
G1 F780 X109.204 Y114.14 E109.15131
G1 X110.643 Y114.012 E109.18554
G1 X111.223 Y113.73 E109.20083
G1 X111.901 Y113.415 E109.21854
G1 X112.506 Y112.791 E109.23914
G1 X112.841 Y112.458 E109.25033
G1 X113.361 Y111.3 E109.28042
G1 X113.403 Y110.767 E109.29309
G1 X113.537 Y110.002 E109.31149
G1 X113.321 Y108.785 E109.34078
G1 X112.713 Y107.731 E109.36962
G1 X111.768 Y106.938 E109.39885
G1 X110.548 Y106.487 E109.42968
G1 X109.296 Y106.357 E109.4595
G1 X108.01 Y106.689 E109.49098
G1 X107.414 Y107.108 E109.50824
G1 X106.883 Y107.467 E109.52343
G1 X106.06 Y108.633 E109.55726
G1 X105.675 Y110.065 E109.5924
G1 X105.727 Y110.652 E109.60636
G1 X105.743 Y110.83 E109.6106
G1 X105.86 Y111.501 E109.62674
G1 X106.631 Y112.834 E109.66323
G1 X107.713 Y113.74 E109.69667
G0 F9000 X107.639 Y114.011
;TYPE:WALL-OUTER
G1 F600 X109.181 Y114.424 E109.73148
G1 X110.719 Y114.287 E109.76514
G1 X111.341 Y113.984 E109.78022
G1 X112.066 Y113.647 E109.79766
G1 X112.703 Y112.99 E109.81761
G1 X113.075 Y112.62 E109.82905
G1 X113.636 Y111.37 E109.85892
G1 X113.681 Y110.802 E109.87134
G1 X113.822 Y110.002 E109.88905
G1 X113.588 Y108.688 E109.91815
G1 X112.931 Y107.548 E109.94683
G1 X111.911 Y106.692 E109.97587
G1 X110.601 Y106.211 E110.00629
G1 X109.275 Y106.073 E110.03536
G1 X107.89 Y106.43 E110.06654
G1 X107.258 Y106.876 E110.0834
G1 X106.683 Y107.263 E110.09851
G1 X105.803 Y108.51 E110.13179
G1 X105.392 Y110.04 E110.16633
G1 X105.448 Y110.676 E110.18025
G1 X105.465 Y110.866 E110.18441
G1 X105.593 Y111.598 E110.20061
G1 X106.413 Y113.017 E110.23634
G1 X107.392 Y113.837 E110.26418
G1 X107.639 Y114.011 E110.27077
G0 F9000 X107.832 Y114.062
G0 X107.961 Y113.582
G0 X109.909 Y113.232
;TYPE:FILL
G1 F720 X110.453 Y113.777 E110.29194
G0 F9000 X111.546 Y113.304
G1 F720 X111.678 Y112.81 E110.30599
G0 F9000 X111.652 Y112.783
;MESH:NONMESH
G0 F600 X111.652 Y112.783 Z6.64
G0 F9000 X107.037 Y107.624
G0 X106.619 Y107.237
;TIME_ELAPSED:348.879790
;LAYER:53
;TYPE:WALL-INNER
;MESH:screw_15mm_15rotations_1pitch.stl
G1 F780 X106.442 Y107.491 E110.31333
G1 X105.861 Y108.497 E110.34086
G1 X105.597 Y109.999 E110.377
G1 X105.725 Y110.724 E110.39445
G1 X105.912 Y111.428 E110.41171
G1 X106.76 Y112.635 E110.44667
G1 X107.931 Y113.449 E110.48046
G1 X108.601 Y113.615 E110.49682
G1 X109.271 Y113.798 E110.51328
G1 X110.215 Y113.699 E110.53577
G1 X110.589 Y113.668 E110.54467
G1 X111.728 Y113.114 E110.57468
G1 X111.844 Y113 E110.57854
G1 X112.714 Y112.269 E110.60546
G1 X113.322 Y111.213 E110.63434
G1 X113.536 Y110.005 E110.66341
G1 X113.324 Y108.79 E110.69264
G1 X112.903 Y108.059 E110.71263
G1 X112.718 Y107.64 E110.72349
G1 X111.817 Y106.72 E110.754
G1 X110.613 Y106.144 E110.78563
G1 X109.79 Y106.074 E110.80521
G1 X109.233 Y106.015 E110.81848
G1 X107.835 Y106.384 E110.85274
G1 X106.619 Y107.237 E110.88794
G0 F9000 X106.417 Y107.036
;TYPE:WALL-OUTER
G1 F600 X106.205 Y107.341 E110.89604
G1 X105.594 Y108.4 E110.9227
G1 X105.312 Y109.999 E110.9581
G1 X105.451 Y110.785 E110.9755
G1 X105.654 Y111.548 E110.99271
G1 X106.56 Y112.838 E111.02708
G1 X107.813 Y113.708 E111.06034
G1 X108.492 Y113.876 E111.07559
G1 X109.249 Y114.081 E111.09269
G1 X110.238 Y113.978 E111.11436
G1 X110.664 Y113.943 E111.12368
G1 X111.894 Y113.345 E111.1535
G1 X112.025 Y113.214 E111.15754
G1 X112.932 Y112.451 E111.18338
G1 X113.589 Y111.31 E111.21209
G1 X113.821 Y110.006 E111.24096
G1 X113.591 Y108.693 E111.27002
G1 X113.152 Y107.931 E111.2892
G1 X112.954 Y107.481 E111.29992
G1 X111.981 Y106.487 E111.33024
G1 X111.519 Y106.272 E111.34135
G1 X110.689 Y105.869 E111.36147
G1 X109.819 Y105.795 E111.3805
G1 X109.211 Y105.731 E111.39383
G1 X107.715 Y106.126 E111.42757
G1 X106.417 Y107.036 E111.46213
G0 F9000 X106.303 Y107.2
G0 X106.712 Y107.485
G0 X106.224 Y108.665
;TYPE:FILL
G1 F720 X106.078 Y108.704 E111.46628
G0 F9000 X105.991 Y109.194
G1 F720 X106.166 Y109.369 E111.47308
G0 F9000 X110.028 Y113.231
G1 F720 X110.242 Y113.445 E111.4814
G0 F9000 X110.213 Y113.078
;MESH:NONMESH
G0 F600 X110.213 Y113.078 Z6.76
G0 F9000 X106.781 Y107.391
G0 X106.627 Y107.17
;TIME_ELAPSED:354.183762
;LAYER:54
;TYPE:WALL-INNER
;MESH:screw_15mm_15rotations_1pitch.stl
G1 F780 X106.485 Y107.414 E111.48809
G1 X105.99 Y108.474 E111.51582
G1 X105.867 Y109.928 E111.5504
G1 X105.986 Y110.344 E111.56065
G1 X106.241 Y111.307 E111.58426
G1 X106.666 Y111.892 E111.60139
G1 X107.032 Y112.414 E111.6165
G1 X108.106 Y113.148 E111.64733
G1 X109.218 Y113.425 E111.67449
G1 X109.388 Y113.484 E111.67875
G1 X110.624 Y113.481 E111.70804
G1 X111.774 Y113.059 E111.73707
G1 X112.711 Y112.273 E111.76605
G1 X113.321 Y111.214 E111.79502
G1 X113.413 Y110.728 E111.80674
G1 X113.639 Y109.933 E111.82632
G1 X113.543 Y108.647 E111.85688
G1 X113.271 Y108.065 E111.87211
G1 X112.986 Y107.42 E111.88882
G1 X112.325 Y106.761 E111.91094
G1 X111.99 Y106.415 E111.92235
G1 X110.679 Y105.799 E111.95668
G1 X109.208 Y105.676 E111.99166
G1 X107.797 Y106.189 E112.02724
G1 X106.627 Y107.17 E112.06342
G0 F9000 X106.409 Y106.987
;TYPE:WALL-OUTER
G1 F600 X106.236 Y107.285 E112.07093
G1 X105.716 Y108.401 E112.09778
G1 X105.584 Y109.955 E112.13178
G1 X105.715 Y110.416 E112.14223
G1 X105.984 Y111.429 E112.16508
G1 X106.437 Y112.053 E112.18189
G1 X106.832 Y112.617 E112.1969
G1 X107.989 Y113.408 E112.22746
G1 X109.151 Y113.696 E112.25356
G1 X109.337 Y113.764 E112.25788
G1 X110.674 Y113.761 E112.28703
G1 X111.917 Y113.305 E112.31589
G1 X112.929 Y112.456 E112.34469
G1 X113.588 Y111.312 E112.37348
G1 X113.677 Y110.825 E112.38427
G1 X113.922 Y109.961 E112.40385
G1 X113.819 Y108.575 E112.43415
G1 X113.527 Y107.951 E112.44917
G1 X113.221 Y107.258 E112.46569
G1 X112.526 Y106.567 E112.48705
G1 X112.155 Y106.183 E112.49869
G1 X110.753 Y105.525 E112.53246
G1 X109.17 Y105.392 E112.56709
G1 X107.655 Y105.943 E112.60224
G1 X106.409 Y106.987 E112.63768
G0 F9000 X106.309 Y107.16
G0 X106.739 Y107.41
G0 X111.771 Y107.267
;TYPE:FILL
G1 F720 X111.955 Y107.218 E112.64815
;TYPE:FILL
G1 X111.772 Y107.267
G1 X106.293 Y108.735 E113.11593
G0 F9000 X106.174 Y109.257
G1 F720 X110.148 Y113.231 E113.57941
G0 F9000 X111.478 Y112.899
G1 F720 X112.724 Y108.25 E113.97634
;TYPE:FILL
G1 X112.724 Y108.251
G1 X112.858 Y107.751 E113.99057
G0 F9000 X112.328 Y107.118
G1 F720 X111.954 Y107.218 E114.00121
G0 F9000 X111.93 Y107.241
;MESH:NONMESH
G0 F600 X111.93 Y107.241 Z6.88
G0 F9000 X109.249 Y105.898
G0 X109.269 Y105.666
;TIME_ELAPSED:360.831218
;LAYER:55
;TYPE:WALL-INNER
;MESH:screw_15mm_15rotations_1pitch.stl
G1 F780 X107.932 Y106.292 E114.0362
G1 X106.905 Y107.32 E114.07063
G1 X106.7 Y107.78 E114.08257
G1 X106.319 Y108.595 E114.10389
G1 X106.263 Y109.403 E114.12308
G1 X106.216 Y109.93 E114.13562
G1 X106.569 Y111.187 E114.16656
G1 X107.007 Y111.791 E114.18424
G1 X107.292 Y112.274 E114.19753
G1 X108.238 Y113.065 E114.22675
G1 X109.384 Y113.484 E114.25567
G1 X110.619 Y113.483 E114.28493
G1 X111.766 Y113.063 E114.31388
G1 X111.853 Y112.996 E114.31648
G1 X112.855 Y112.32 E114.34513
G1 X113.62 Y111.257 E114.37616
G1 X113.987 Y109.933 E114.40872
G1 X113.87 Y108.525 E114.4422
G1 X113.239 Y107.178 E114.47745
G1 X112.471 Y106.412 E114.50316
G1 X112.203 Y106.188 E114.51144
G1 X110.766 Y105.664 E114.54768
G1 X109.269 Y105.666 E114.58316
G0 F9000 X109.206 Y105.386
;TYPE:WALL-OUTER
G1 F600 X107.768 Y106.059 E114.61777
G1 X106.67 Y107.159 E114.65166
G1 X106.446 Y107.662 E114.66366
G1 X106.043 Y108.524 E114.68441
G1 X105.984 Y109.378 E114.70307
G1 X105.933 Y109.956 E114.71572
G1 X106.313 Y111.31 E114.74638
G1 X106.802 Y111.99 E114.76464
G1 X107.074 Y112.458 E114.77645
G1 X108.096 Y113.311 E114.80547
G1 X109.334 Y113.764 E114.83421
G1 X110.668 Y113.763 E114.86329
G1 X111.909 Y113.309 E114.8921
G1 X112.009 Y113.228 E114.89491
G1 X113.055 Y112.523 E114.92241
G1 X113.877 Y111.38 E114.95311
G1 X114.27 Y109.96 E114.98523
G1 X114.145 Y108.453 E115.0182
G1 X113.472 Y107.015 E115.05281
G1 X112.66 Y106.205 E115.07782
G1 X112.345 Y105.942 E115.08676
G1 X110.815 Y105.384 E115.12227
G1 X109.206 Y105.386 E115.15735
G0 F9000 X109.025 Y105.47
G0 X109.236 Y105.923
G0 X107.064 Y108.615
;TYPE:FILL
G1 F720 X106.557 Y108.751 E115.17178
G0 F9000 X106.502 Y109.466
G1 F720 X106.763 Y109.728 E115.18195
G0 F9000 X112.488 Y107.162
G1 F720 X112.789 Y107.081 E115.19051
G1 X112.916 Y107.209
G1 X112.86 Y107.417 E115.19644
G0 F9000 X112.728 Y107.546
;MESH:NONMESH
G0 F600 X112.728 Y107.546 Z7
G0 F9000 X112.114 Y106.4
G0 X112.235 Y106.257
;TIME_ELAPSED:366.154976
;LAYER:56
;TYPE:WALL-INNER
;MESH:screw_15mm_15rotations_1pitch.stl
G1 F780 X110.792 Y105.871 E115.23183
G1 X109.358 Y105.998 E115.26595
G1 X108.835 Y106.254 E115.27975
G1 X108.111 Y106.592 E115.29868
G1 X107.168 Y107.55 E115.33054
G1 X106.65 Y108.705 E115.36054
G1 X106.621 Y109.083 E115.36952
G1 X106.462 Y109.999 E115.39155
G1 X106.679 Y111.215 E115.42082
G1 X107.291 Y112.275 E115.44983
G1 X108.233 Y113.063 E115.47893
G1 X109.271 Y113.442 E115.50512
G1 X109.452 Y113.525 E115.50984
G1 X110.702 Y113.654 E115.53962
G1 X111.094 Y113.548 E115.54924
G1 X111.993 Y113.325 E115.57119
G1 X112.614 Y112.887 E115.5892
G1 X113.126 Y112.541 E115.60385
G1 X113.767 Y111.623 E115.63038
G1 X113.95 Y111.373 E115.63772
G1 X114.337 Y109.935 E115.67301
G1 X114.28 Y109.302 E115.68807
G1 X114.14 Y108.499 E115.70739
G1 X113.369 Y107.166 E115.74388
G1 X112.541 Y106.471 E115.7695
G1 X112.235 Y106.257 E115.77835
G0 F9000 X112.356 Y105.999
;TYPE:WALL-OUTER
G1 F600 X110.814 Y105.587 E115.81315
G1 X110.491 Y105.621 E115.82023
G1 X109.282 Y105.723 E115.84668
G1 X108.716 Y106 E115.86042
G1 X107.946 Y106.36 E115.87895
G1 X107.287 Y107.037 E115.89955
G1 X106.934 Y107.387 E115.91039
G1 X106.375 Y108.634 E115.94018
G1 X106.336 Y109.103 E115.95044
G1 X106.178 Y109.999 E115.97028
G1 X106.412 Y111.312 E115.99935
G1 X107.073 Y112.458 E116.0282
G1 X108.091 Y113.309 E116.05712
G1 X109.215 Y113.722 E116.08323
G1 X109.375 Y113.799 E116.0871
G1 X110.724 Y113.938 E116.11667
G1 X111.162 Y113.82 E116.12656
G1 X112.111 Y113.584 E116.14788
G1 X112.77 Y113.119 E116.16546
G1 X113.326 Y112.745 E116.18007
G1 X113.994 Y111.788 E116.20552
G1 X114.207 Y111.496 E116.2134
G1 X114.62 Y109.96 E116.24807
G1 X114.558 Y109.266 E116.26327
G1 X114.407 Y108.402 E116.28239
G1 X113.587 Y106.983 E116.31812
G1 X112.711 Y106.249 E116.34304
G1 X112.356 Y105.999 E116.3525
G0 F9000 X112.163 Y105.948
G0 X112.035 Y106.428
G0 X112.865 Y107.071
;TYPE:FILL
G1 F720 X112.786 Y107.366 E116.3609
G1 X112.581 Y107.225
G1 X112.937 Y107.129 E116.37103
G0 F9000 X112.698 Y107.41
;MESH:NONMESH
G0 F600 X112.698 Y107.41 Z7.12
G0 F9000 X112.97 Y112.385
G0 X113.42 Y112.75
;TIME_ELAPSED:371.195798
;LAYER:57
;TYPE:WALL-INNER
;MESH:screw_15mm_15rotations_1pitch.stl
G1 F780 X114.139 Y111.503 E116.40514
G1 X114.404 Y110 E116.44131
G1 X114.3 Y109.411 E116.45549
G1 X114.077 Y108.576 E116.47597
G1 X113.231 Y107.372 E116.51084
G1 X112.063 Y106.561 E116.54454
G1 X111.389 Y106.392 E116.561
G1 X110.727 Y106.214 E116.57725
G1 X109.761 Y106.314 E116.60026
G1 X109.414 Y106.343 E116.60851
G1 X108.278 Y106.896 E116.63846
G1 X107.287 Y107.731 E116.66916
G1 X106.675 Y108.792 E116.69819
G1 X106.463 Y110 E116.72726
G1 X106.676 Y111.209 E116.75635
G1 X107.037 Y111.834 E116.77345
G1 X107.281 Y112.373 E116.78747
G1 X108.178 Y113.29 E116.81787
G1 X109.385 Y113.867 E116.84958
G1 X110.236 Y113.94 E116.86982
G1 X110.769 Y113.997 E116.88252
G1 X112.169 Y113.627 E116.91684
G1 X113.42 Y112.75 E116.95304
G0 F9000 X113.63 Y112.945
;TYPE:WALL-OUTER
G1 F600 X114.406 Y111.6 E116.98689
G1 X114.688 Y110 E117.02232
G1 X114.573 Y109.35 E117.03671
G1 X114.335 Y108.456 E117.05688
G1 X113.431 Y107.169 E117.09117
G1 X112.181 Y106.301 E117.12434
G1 X111.462 Y106.122 E117.1405
G1 X110.75 Y105.93 E117.15658
G1 X109.737 Y106.035 E117.17878
G1 X109.338 Y106.068 E117.18751
G1 X108.118 Y106.662 E117.21709
G1 X107.068 Y107.549 E117.24706
G1 X106.408 Y108.695 E117.27589
G1 X106.178 Y110 E117.30478
G1 X106.409 Y111.306 E117.3337
G1 X106.805 Y111.992 E117.35097
G1 X107.045 Y112.533 E117.36387
G1 X108.013 Y113.523 E117.39406
G1 X109.31 Y114.142 E117.42539
G1 X110.207 Y114.219 E117.44502
G1 X110.791 Y114.281 E117.45782
G1 X112.288 Y113.885 E117.49158
G1 X113.63 Y112.945 E117.5273
G0 F9000 X113.73 Y112.772
G0 X113.305 Y112.511
G0 X111.187 Y113.006
;TYPE:FILL
G1 F720 X111.111 Y113.29 E117.54347
G0 F9000 X110.674 Y113.398
G1 F720 X110.508 Y113.232 E117.55637
;TYPE:FILL
G1 X110.508 Y113.231
G1 X106.799 Y109.523 E117.98889
G0 F9000 X106.945 Y108.823
G1 F720 X112.673 Y107.288 E118.47794
G1 X112.712 Y107.315
G1 X111.186 Y113.007 E118.96392
G0 F9000 X111.111 Y113.289
;TYPE:FILL
G1 F720 X111.008 Y113.675 E118.97491
G1 X110.962 Y113.685
G1 X110.675 Y113.399 E118.98604
G0 F9000 X110.679 Y113.364
;MESH:NONMESH
G0 F600 X110.679 Y113.364 Z7.24
G0 F9000 X110.767 Y114.335
;TIME_ELAPSED:377.738946
;LAYER:58
;TYPE:WALL-INNER
;MESH:screw_15mm_15rotations_1pitch.stl
G1 F780 X112.203 Y113.811 E119.02227
G1 X113.395 Y112.812 E119.05913
G1 X113.999 Y111.522 E119.09288
G1 X114.121 Y110.072 E119.12736
G1 X113.996 Y109.633 E119.13818
G1 X113.748 Y108.697 E119.16113
G1 X113.309 Y108.092 E119.17884
G1 X112.96 Y107.592 E119.19329
G1 X111.888 Y106.861 E119.22404
G1 X110.782 Y106.58 E119.25108
G1 X110.614 Y106.517 E119.25533
G1 X109.377 Y106.519 E119.28465
G1 X108.236 Y106.936 E119.31344
G1 X107.289 Y107.727 E119.34268
G1 X106.675 Y108.793 E119.37183
G1 X106.601 Y109.193 E119.38147
G1 X106.351 Y110.076 E119.40322
G1 X106.446 Y111.355 E119.43361
G1 X106.7 Y111.898 E119.44782
G1 X107.009 Y112.592 E119.46582
G1 X107.683 Y113.261 E119.48833
G1 X108.005 Y113.593 E119.49929
G1 X109.319 Y114.213 E119.53372
G1 X110.767 Y114.335 E119.56815
G0 F9000 X110.805 Y114.619
;TYPE:WALL-OUTER
G1 F600 X112.345 Y114.057 E119.60389
G1 X113.624 Y112.987 E119.64025
G1 X114.274 Y111.595 E119.67374
G1 X114.404 Y110.045 E119.70766
G1 X114.267 Y109.562 E119.7186
G1 X114.005 Y108.575 E119.74087
G1 X113.539 Y107.932 E119.75818
G1 X113.16 Y107.389 E119.77262
G1 X112.005 Y106.602 E119.80309
G1 X110.926 Y106.332 E119.82734
G1 X110.664 Y106.237 E119.83341
G1 X109.327 Y106.239 E119.86256
G1 X108.094 Y106.69 E119.89119
G1 X107.071 Y107.544 E119.92024
G1 X106.408 Y108.696 E119.94922
G1 X106.341 Y109.074 E119.95759
G1 X106.068 Y110.047 E119.97962
G1 X106.171 Y111.428 E120.00981
G1 X106.444 Y112.012 E120.02387
G1 X106.775 Y112.754 E120.04158
G1 X107.482 Y113.456 E120.0633
G1 X107.84 Y113.825 E120.07451
G1 X109.246 Y114.488 E120.1084
G1 X110.805 Y114.619 E120.14251
G0 F9000 X110.992 Y114.551
G0 X110.82 Y114.048
;TYPE:FILL
G1 F720 X110.949 Y113.564 E120.15628
G1 X110.957 Y113.56
G1 X111.277 Y113.88 E120.16872
G0 F9000 X112.478 Y107.859
G1 F720 X112.544 Y107.612 E120.17575
G1 X112.334 Y107.467
G1 X112.087 Y107.533 E120.18278
G0 F9000 X111.988 Y107.678
;MESH:NONMESH
G0 F600 X111.988 Y107.678 Z7.36
G0 F9000 X108.133 Y113.413
G0 X107.797 Y113.812
;TIME_ELAPSED:383.026419
;LAYER:59
;TYPE:WALL-INNER
;MESH:screw_15mm_15rotations_1pitch.stl
G1 F780 X109.235 Y114.337 E120.21905
G1 X110.699 Y114.337 E120.25375
G1 X112.063 Y113.7 E120.28942
G1 X113.086 Y112.673 E120.32378
G1 X113.3 Y112.192 E120.33625
G1 X113.67 Y111.4 E120.35697
G1 X113.728 Y110.57 E120.37668
G1 X113.773 Y110.07 E120.38858
G1 X113.42 Y108.817 E120.41943
G1 X113.034 Y108.284 E120.43503
G1 X112.71 Y107.725 E120.45034
G1 X111.762 Y106.935 E120.47958
G1 X110.616 Y106.517 E120.50849
G1 X109.381 Y106.517 E120.53776
G1 X108.208 Y106.946 E120.56735
G1 X107.136 Y107.671 E120.59802
G1 X106.947 Y107.944 E120.60589
G1 X106.368 Y108.744 E120.62929
G1 X106.192 Y109.406 E120.64553
G1 X106.003 Y110.071 E120.66191
G1 X106.119 Y111.481 E120.69544
G1 X106.741 Y112.818 E120.73038
G1 X107.443 Y113.515 E120.75382
G1 X107.797 Y113.812 E120.76477
G0 F9000 X107.655 Y114.058
;TYPE:WALL-OUTER
G1 F600 X109.185 Y114.617 E120.80029
G1 X110.761 Y114.617 E120.83465
G1 X112.227 Y113.933 E120.86992
G1 X113.321 Y112.834 E120.90373
G1 X113.554 Y112.31 E120.91623
G1 X113.946 Y111.472 E120.9364
G1 X114.007 Y110.594 E120.95559
G1 X114.056 Y110.044 E120.96763
G1 X113.676 Y108.694 E120.9982
G1 X113.266 Y108.126 E121.01348
G1 X112.927 Y107.542 E121.0282
G1 X111.904 Y106.689 E121.05724
G1 X110.666 Y106.237 E121.08597
G1 X109.331 Y106.237 E121.11508
G1 X108.08 Y106.694 E121.14411
G1 X106.936 Y107.469 E121.17424
G1 X106.72 Y107.78 E121.18249
G1 X106.111 Y108.622 E121.20515
G1 X105.922 Y109.33 E121.22113
G1 X105.72 Y110.044 E121.2373
G1 X105.844 Y111.552 E121.27029
G1 X106.508 Y112.982 E121.30467
G1 X107.254 Y113.722 E121.32758
G1 X107.655 Y114.058 E121.33898
G0 F9000 X107.842 Y114.126
G0 X108.013 Y113.658
G0 X110.733 Y114.044
;TYPE:FILL
G1 F720 X110.85 Y113.608 E121.35139
G1 X111.035 Y113.518
G1 X111.297 Y113.78 E121.36158
G0 F9000 X111.144 Y113.446
;MESH:NONMESH
G0 F600 X111.144 Y113.446 Z7.48
G0 F9000 X106.223 Y110.086
G0 X105.654 Y110.065
;TIME_ELAPSED:388.149226
;LAYER:60
;TYPE:WALL-INNER
;MESH:screw_15mm_15rotations_1pitch.stl
G1 F780 X105.7 Y110.586 E121.37397
G1 X105.86 Y111.501 E121.39598
G1 X106.631 Y112.834 E121.43248
G1 X107.374 Y113.457 E121.45545
G1 X107.77 Y113.736 E121.46693
G1 X109.209 Y114.118 E121.50222
G1 X109.511 Y114.086 E121.50941
G1 X110.64 Y113.991 E121.53626
G1 X111.277 Y113.68 E121.55306
G1 X111.886 Y113.398 E121.56897
G1 X112.821 Y112.447 E121.60057
G1 X113.339 Y111.291 E121.63059
G1 X113.37 Y110.943 E121.63887
G1 X113.537 Y110.001 E121.66154
G1 X113.321 Y108.786 E121.69078
G1 X112.709 Y107.724 E121.71983
G1 X111.767 Y106.937 E121.74892
G1 X110.768 Y106.568 E121.77416
G1 X110.551 Y106.463 E121.77987
G1 X109.296 Y106.336 E121.80976
G1 X108.879 Y106.448 E121.82
G1 X108.001 Y106.667 E121.84144
G1 X107.358 Y107.12 E121.86008
G1 X106.865 Y107.452 E121.87416
G1 X106.038 Y108.624 E121.90816
G1 X105.654 Y110.065 E121.9435
G0 F9000 X105.37 Y110.04
;TYPE:WALL-OUTER
G1 F600 X105.422 Y110.622 E121.95624
G1 X105.593 Y111.598 E121.97784
G1 X106.413 Y113.017 E122.01357
G1 X107.203 Y113.679 E122.03604
G1 X107.649 Y113.994 E122.04795
G1 X109.187 Y114.402 E122.08264
G1 X109.535 Y114.365 E122.09027
G1 X110.716 Y114.266 E122.11611
G1 X111.395 Y113.934 E122.13258
G1 X112.05 Y113.63 E122.14833
G1 X113.056 Y112.607 E122.17961
G1 X113.615 Y111.361 E122.20938
G1 X113.646 Y110.992 E122.21746
G1 X113.822 Y110.001 E122.2394
G1 X113.588 Y108.689 E122.26846
G1 X112.927 Y107.541 E122.29734
G1 X111.909 Y106.691 E122.32625
G1 X110.889 Y106.315 E122.34995
G1 X110.628 Y106.19 E122.35626
G1 X109.273 Y106.052 E122.38596
G1 X108.812 Y106.176 E122.39636
G1 X107.883 Y106.407 E122.41723
G1 X107.202 Y106.887 E122.4354
G1 X106.665 Y107.249 E122.44952
G1 X105.781 Y108.502 E122.48295
G1 X105.37 Y110.04 E122.51766
G0 F9000 X105.387 Y110.239
G0 X105.886 Y110.196
G0 X106.499 Y109.206
;TYPE:FILL
G1 F720 X106.869 Y109.107 E122.53872
G1 X106.85 Y109.214
G1 X106.573 Y108.936 E122.56029
G0 F9000 X106.87 Y109.107
;TYPE:FILL
G1 F720 X112.246 Y107.667 E123.01927
G1 X112.334 Y107.74
G1 X110.748 Y113.66 E123.5247
G0 F9000 X111.119 Y113.482
G1 F720 X106.85 Y109.214 E124.02253
G0 F9000 X106.498 Y109.207
;TYPE:FILL
G1 F720 X106.114 Y109.31 E124.03346
G0 F9000 X106.574 Y108.937
G1 F720 X106.309 Y108.673 E124.04374
G0 F9000 X106.611 Y108.892
;MESH:NONMESH
G0 F600 X106.611 Y108.892 Z7.6
G0 F9000 X105.876 Y110.074
G0 X105.597 Y109.999
;TIME_ELAPSED:394.840877
;LAYER:61
;TYPE:WALL-INNER
;MESH:screw_15mm_15rotations_1pitch.stl
G1 F780 X105.681 Y110.475 E124.0552
G1 X105.934 Y111.418 E124.07833
G1 X106.778 Y112.621 E124.11316
G1 X107.096 Y112.836 E124.12225
G1 X107.942 Y113.431 E124.14677
G1 X108.615 Y113.598 E124.1632
G1 X109.275 Y113.777 E124.1794
G1 X110.266 Y113.672 E124.20302
G1 X110.586 Y113.646 E124.21063
G1 X111.741 Y113.086 E124.24105
G1 X112.712 Y112.27 E124.2711
G1 X113.325 Y111.208 E124.30016
G1 X113.537 Y110.001 E124.3292
G1 X113.324 Y108.791 E124.35832
G1 X113.002 Y108.232 E124.37361
G1 X112.732 Y107.627 E124.38931
G1 X111.827 Y106.699 E124.42002
G1 X111.358 Y106.481 E124.43228
G1 X110.617 Y106.121 E124.4518
G1 X109.741 Y106.046 E124.47264
G1 X109.23 Y105.993 E124.48481
G1 X107.827 Y106.365 E124.51921
G1 X106.596 Y107.227 E124.55482
G1 X105.86 Y108.498 E124.58963
G1 X105.597 Y109.999 E124.62574
G0 F9000 X105.312 Y109.999
;TYPE:WALL-OUTER
G1 F600 X105.408 Y110.536 E124.63763
G1 X105.676 Y111.539 E124.66027
G1 X106.578 Y112.824 E124.6945
G1 X106.935 Y113.066 E124.7039
G1 X107.824 Y113.69 E124.72758
G1 X108.542 Y113.868 E124.74371
G1 X109.252 Y114.06 E124.75974
G1 X110.288 Y113.951 E124.78245
G1 X110.66 Y113.92 E124.79059
G1 X111.895 Y113.323 E124.8205
G1 X112.93 Y112.453 E124.84998
G1 X113.592 Y111.305 E124.87887
G1 X113.822 Y110.001 E124.90774
G1 X113.591 Y108.694 E124.93668
G1 X113.239 Y108.079 E124.95212
G1 X112.967 Y107.464 E124.96679
G1 X111.992 Y106.467 E124.99719
G1 X111.487 Y106.233 E125.00932
G1 X110.692 Y105.846 E125.0286
G1 X109.769 Y105.767 E125.0488
G1 X109.208 Y105.709 E125.06109
G1 X107.708 Y106.107 E125.09493
G1 X106.384 Y107.033 E125.13015
G1 X105.593 Y108.401 E125.16461
G1 X105.312 Y109.999 E125.19998
G0 F9000 X105.347 Y110.196
G0 X105.947 Y109.442
;TYPE:FILL
G1 F720 X106.542 Y109.283 E125.21691
G0 F9000 X106.577 Y108.82
G1 F720 X106.187 Y108.43 E125.23207
G0 F9000 X110.796 Y113.149
G1 F720 X110.761 Y113.282 E125.23585
G0 F9000 X110.601 Y112.95
;MESH:NONMESH
G0 F600 X110.601 Y112.95 Z7.72
G0 F9000 X106.768 Y107.374
G0 X106.626 Y107.171
;TIME_ELAPSED:400.182512
;LAYER:62
;TYPE:WALL-INNER
;MESH:screw_15mm_15rotations_1pitch.stl
G1 F780 X106.011 Y108.483 E125.27019
G1 X105.888 Y109.931 E125.30463
G1 X106.261 Y111.293 E125.33809
G1 X106.716 Y111.923 E125.35651
G1 X107.049 Y112.4 E125.37029
G1 X108.118 Y113.128 E125.40094
G1 X109.048 Y113.361 E125.42366
G1 X109.385 Y113.484 E125.43217
G1 X110.623 Y113.481 E125.4615
G1 X111.769 Y113.062 E125.49042
G1 X112.711 Y112.273 E125.51954
G1 X113.324 Y111.211 E125.5486
G1 X113.364 Y110.984 E125.55406
G1 X113.661 Y109.924 E125.58015
G1 X113.565 Y108.638 E125.61071
G1 X113.287 Y108.044 E125.62625
G1 X113 Y107.401 E125.64294
G1 X112.307 Y106.712 E125.66609
G1 X112.001 Y106.397 E125.6765
G1 X110.682 Y105.776 E125.71105
G1 X109.258 Y105.656 E125.74492
G1 X107.797 Y106.189 E125.78177
G1 X106.626 Y107.171 E125.81799
G0 F9000 X106.399 Y106.996
;TYPE:WALL-OUTER
G1 F600 X105.736 Y108.409 E125.85202
G1 X105.605 Y109.958 E125.88591
G1 X105.746 Y110.454 E125.89715
G1 X106.003 Y111.416 E125.91886
G1 X106.479 Y112.072 E125.93653
G1 X106.849 Y112.603 E125.95064
G1 X108.001 Y113.388 E125.98103
G1 X108.979 Y113.633 E126.00301
G1 X109.335 Y113.764 E126.01128
G1 X110.673 Y113.761 E126.04045
G1 X111.911 Y113.309 E126.06919
G1 X112.929 Y112.456 E126.09814
G1 X113.591 Y111.308 E126.12704
G1 X113.64 Y111.033 E126.13313
G1 X113.944 Y109.953 E126.15759
G1 X113.841 Y108.566 E126.18791
G1 X113.543 Y107.93 E126.20322
G1 X113.234 Y107.239 E126.21973
G1 X112.508 Y106.517 E126.24205
G1 X112.166 Y106.165 E126.25275
G1 X110.756 Y105.502 E126.28672
G1 X109.22 Y105.371 E126.32033
G1 X107.655 Y105.943 E126.35666
G1 X106.399 Y106.996 E126.39239
G0 F9000 X106.314 Y107.177
G0 X106.765 Y107.389
G0 X106.309 Y108.434
;TYPE:FILL
G1 F720 X106.584 Y108.708 E126.40306
G0 F9000 X106.535 Y109.372
G1 F720 X106.178 Y109.468 E126.41322
G0 F9000 X106.546 Y109.5
;MESH:NONMESH
G0 F600 X106.546 Y109.5 Z7.84
G0 F9000 X109.329 Y105.883
G0 X109.329 Y105.663
;TIME_ELAPSED:405.266807
;LAYER:63
;TYPE:WALL-INNER
;MESH:screw_15mm_15rotations_1pitch.stl
G1 F780 X107.943 Y106.31 E126.44947
G1 X106.923 Y107.335 E126.48374
G1 X106.699 Y107.837 E126.49677
G1 X106.341 Y108.603 E126.5168
G1 X106.282 Y109.459 E126.53714
G1 X106.238 Y109.938 E126.54854
G1 X106.587 Y111.168 E126.57883
G1 X106.913 Y111.621 E126.59206
G1 X107.29 Y112.275 E126.60995
G1 X108.237 Y113.065 E126.63917
G1 X109.384 Y113.484 E126.66811
G1 X110.618 Y113.483 E126.69736
G1 X111.833 Y113.038 E126.72802
G1 X112.872 Y112.334 E126.75776
G1 X113.643 Y111.26 E126.78909
G1 X113.826 Y110.572 E126.80596
G1 X114.009 Y109.929 E126.82181
G1 X113.891 Y108.515 E126.85543
G1 X113.268 Y107.174 E126.89047
G1 X112.661 Y106.572 E126.91073
G1 X112.203 Y106.188 E126.92489
G1 X110.765 Y105.664 E126.96116
G1 X109.329 Y105.663 E126.99519
G0 F9000 X109.267 Y105.383
;TYPE:WALL-OUTER
G1 F600 X107.78 Y106.077 E127.03097
G1 X106.688 Y107.174 E127.06472
G1 X106.445 Y107.719 E127.07773
G1 X106.065 Y108.532 E127.09729
G1 X106.003 Y109.434 E127.117
G1 X105.954 Y109.964 E127.12861
G1 X106.331 Y111.292 E127.15871
G1 X106.686 Y111.788 E127.172
G1 X107.073 Y112.458 E127.18887
G1 X108.095 Y113.311 E127.2179
G1 X109.334 Y113.764 E127.24666
G1 X110.668 Y113.763 E127.27574
G1 X111.956 Y113.293 E127.30563
G1 X113.072 Y112.537 E127.33502
G1 X113.9 Y111.382 E127.36601
G1 X114.096 Y110.648 E127.38257
G1 X114.292 Y109.956 E127.39825
G1 X114.195 Y108.845 E127.42256
G1 X114.167 Y108.444 E127.43133
G1 X113.501 Y107.011 E127.46578
G1 X112.85 Y106.365 E127.48577
G1 X112.345 Y105.942 E127.50014
G1 X110.815 Y105.384 E127.53564
G1 X109.267 Y105.383 E127.56939
G0 F9000 X109.086 Y105.467
G0 X109.296 Y105.92
G0 X112.265 Y107.017
;TYPE:FILL
G1 F720 X112.162 Y107.4 E127.5912
G0 F9000 X112.555 Y107.847
G1 F720 X112.885 Y107.758 E127.60999
G0 F9000 X112.556 Y107.847
;TYPE:FILL
G1 F720 X106.53 Y109.461 E128.12446
G0 F9000 X106.61 Y108.614
G1 F720 X111.051 Y113.055 E128.64241
G0 F9000 X110.602 Y113.222
G1 F720 X112.162 Y107.401 E129.1394
G0 F9000 X112.265 Y107.016
;TYPE:FILL
G1 F720 X112.363 Y106.649 E129.14984
G0 F9000 X112.884 Y107.759
G1 F720 X113.222 Y107.668 E129.15946
G0 F9000 X112.886 Y107.821
;MESH:NONMESH
G0 F600 X112.886 Y107.821 Z7.96
G0 F9000 X113.789 Y109.914
G0 X114.357 Y109.935
;TIME_ELAPSED:412.257640
;LAYER:64
;TYPE:WALL-INNER
;MESH:screw_15mm_15rotations_1pitch.stl
G1 F780 X114.323 Y109.544 E129.16876
G1 X114.14 Y108.499 E129.1939
G1 X113.369 Y107.166 E129.23039
G1 X112.731 Y106.631 E129.25013
G1 X112.225 Y106.275 E129.26479
G1 X110.79 Y105.893 E129.29998
G1 X110.464 Y105.928 E129.30775
G1 X109.362 Y106.021 E129.33396
G1 X108.727 Y106.329 E129.35068
G1 X108.12 Y106.612 E129.36655
G1 X107.186 Y107.562 E129.39812
G1 X106.669 Y108.72 E129.42818
G1 X106.649 Y108.939 E129.43339
G1 X106.464 Y110.008 E129.4591
G1 X106.675 Y111.208 E129.48797
G1 X107.291 Y112.275 E129.51717
G1 X108.232 Y113.063 E129.54625
G1 X109.147 Y113.401 E129.56937
G1 X109.448 Y113.546 E129.57729
G1 X110.705 Y113.675 E129.60723
G1 X112.009 Y113.338 E129.63915
G1 X112.669 Y112.876 E129.65824
G1 X113.143 Y112.556 E129.67179
G1 X113.972 Y111.379 E129.70591
G1 X114.357 Y109.935 E129.74132
G0 F9000 X114.641 Y109.96
;TYPE:WALL-OUTER
G1 F600 X114.601 Y109.507 E129.75124
G1 X114.407 Y108.402 E129.7757
G1 X113.587 Y106.983 E129.81143
G1 X112.902 Y106.409 E129.83091
G1 X112.346 Y106.017 E129.84575
G1 X110.811 Y105.609 E129.88037
G1 X110.441 Y105.649 E129.88849
G1 X109.286 Y105.746 E129.91376
G1 X108.609 Y106.076 E129.93018
G1 X107.956 Y106.38 E129.94588
G1 X106.951 Y107.402 E129.97713
G1 X106.393 Y108.65 E130.00694
G1 X106.373 Y108.892 E130.01223
G1 X106.18 Y110.009 E130.03694
G1 X106.408 Y111.305 E130.06563
G1 X107.073 Y112.458 E130.09465
G1 X108.09 Y113.309 E130.12356
G1 X109.025 Y113.653 E130.14528
G1 X109.37 Y113.819 E130.15363
G1 X110.728 Y113.959 E130.1834
G1 X111.21 Y113.828 E130.19429
G1 X112.128 Y113.597 E130.21492
G1 X112.826 Y113.108 E130.2335
G1 X113.343 Y112.759 E130.2471
G1 X114.043 Y111.758 E130.27373
G1 X114.23 Y111.502 E130.28065
G1 X114.641 Y109.96 E130.31544
G0 F9000 X114.624 Y109.761
G0 X114.125 Y109.802
G0 X113.395 Y107.71
;TYPE:FILL
G1 F720 X112.814 Y107.865 E130.33197
G0 F9000 X112.092 Y107.332
G1 F720 X112.283 Y106.621 E130.35221
G0 F9000 X112.071 Y106.923
;MESH:NONMESH
G0 F600 X112.071 Y106.923 Z8.08
G0 F9000 X112.988 Y112.398
G0 X113.391 Y112.797
;TIME_ELAPSED:417.456412
;LAYER:65
;TYPE:WALL-INNER
;MESH:screw_15mm_15rotations_1pitch.stl
G1 F780 X114.14 Y111.502 E130.38766
G1 X114.403 Y110.002 E130.42375
G1 X114.342 Y109.658 E130.43203
G1 X114.055 Y108.584 E130.45837
G1 X113.213 Y107.387 E130.49305
G1 X112.052 Y106.579 E130.52657
G1 X111.358 Y106.406 E130.54352
G1 X110.724 Y106.236 E130.55908
G1 X109.419 Y106.367 E130.59016
G1 X108.234 Y106.937 E130.62132
G1 X107.288 Y107.73 E130.65057
G1 X106.675 Y108.792 E130.67963
G1 X106.463 Y110.003 E130.70877
G1 X106.675 Y111.208 E130.73776
G1 X106.947 Y111.681 E130.75069
G1 X107.259 Y112.382 E130.76888
G1 X108.167 Y113.311 E130.79966
G1 X108.729 Y113.572 E130.81434
G1 X109.382 Y113.888 E130.83154
G1 X110.285 Y113.968 E130.85302
G1 X110.772 Y114.019 E130.86462
G1 X112.18 Y113.644 E130.89915
G1 X113.391 Y112.797 E130.93417
G0 F9000 X113.603 Y112.991
;TYPE:WALL-OUTER
G1 F600 X114.407 Y111.599 E130.96922
G1 X114.688 Y110.001 E131.00459
G1 X114.615 Y109.597 E131.01354
G1 X114.313 Y108.463 E131.03913
G1 X113.413 Y107.184 E131.07323
G1 X113.037 Y106.929 E131.08313
G1 X112.17 Y106.32 E131.10623
G1 X111.431 Y106.136 E131.12283
G1 X110.746 Y105.952 E131.1383
G1 X109.688 Y106.063 E131.16149
G1 X109.344 Y106.092 E131.16902
G1 X108.163 Y106.664 E131.19763
G1 X108.09 Y106.691 E131.19932
G1 X107.07 Y107.547 E131.22836
G1 X106.408 Y108.694 E131.25723
G1 X106.179 Y110.003 E131.2862
G1 X106.408 Y111.305 E131.31502
G1 X106.696 Y111.806 E131.32762
G1 X107.024 Y112.544 E131.34523
G1 X108.003 Y113.543 E131.37572
G1 X108.607 Y113.824 E131.39025
G1 X109.307 Y114.162 E131.4072
G1 X110.794 Y114.303 E131.43976
G1 X112.3 Y113.902 E131.47374
G1 X113.603 Y112.991 E131.5084
G0 F9000 X113.703 Y112.818
G0 X113.272 Y112.568
G0 X112.866 Y107.939
;TYPE:FILL
G1 F720 X113.227 Y107.843 E131.51867
G0 F9000 X112.018 Y107.281
G1 F720 X112.113 Y106.926 E131.52877
G0 F9000 X111.9 Y107.229
;MESH:NONMESH
G0 F600 X111.9 Y107.229 Z8.2
G0 F9000 X110.775 Y113.799
G0 X110.717 Y114.355
;TIME_ELAPSED:422.691858
;LAYER:66
;TYPE:WALL-INNER
;MESH:screw_15mm_15rotations_1pitch.stl
G1 F780 X112.203 Y113.811 E131.56627
G1 X113.358 Y112.843 E131.60199
G1 X113.976 Y111.518 E131.63663
G1 X114.1 Y110.068 E131.67112
G1 X113.965 Y109.595 E131.68278
G1 X113.728 Y108.706 E131.70458
G1 X113.259 Y108.062 E131.72346
G1 X112.942 Y107.607 E131.7366
G1 X111.876 Y106.882 E131.76715
G1 X111.026 Y106.667 E131.78793
G1 X110.616 Y106.517 E131.79827
G1 X109.382 Y106.517 E131.82752
G1 X108.237 Y106.936 E131.85641
G1 X107.289 Y107.727 E131.88567
G1 X106.676 Y108.791 E131.91477
G1 X106.639 Y108.979 E131.91931
G1 X106.33 Y110.076 E131.94632
G1 X106.425 Y111.364 E131.97692
G1 X106.703 Y111.959 E131.99249
G1 X106.991 Y112.607 E132.00929
G1 X107.704 Y113.315 E132.0331
G1 X107.993 Y113.613 E132.04294
G1 X109.317 Y114.233 E132.07759
G1 X110.717 Y114.355 E132.11089
G0 F9000 X110.814 Y114.617
;TYPE:WALL-OUTER
G1 F600 X112.345 Y114.057 E132.14643
G1 X113.586 Y113.017 E132.18173
G1 X114.252 Y111.589 E132.21609
G1 X114.383 Y110.041 E132.24996
G1 X114.236 Y109.523 E132.2617
G1 X113.985 Y108.583 E132.28291
G1 X113.489 Y107.902 E132.30128
G1 X113.142 Y107.404 E132.31451
G1 X111.993 Y106.622 E132.34481
G1 X111.107 Y106.399 E132.36473
G1 X110.667 Y106.237 E132.37495
G1 X109.333 Y106.237 E132.40404
G1 X108.095 Y106.69 E132.43278
G1 X107.071 Y107.545 E132.46186
G1 X106.409 Y108.694 E132.49077
G1 X106.379 Y108.862 E132.49449
G1 X106.047 Y110.047 E132.52132
G1 X106.15 Y111.436 E132.55169
G1 X106.448 Y112.073 E132.56702
G1 X106.757 Y112.769 E132.58362
G1 X107.503 Y113.51 E132.60655
G1 X107.827 Y113.844 E132.61669
G1 X109.244 Y114.508 E132.65081
G1 X110.503 Y114.617 E132.67836
G1 X110.814 Y114.617 E132.68514
G0 F9000 X111.001 Y114.549
G0 X110.83 Y114.079
G0 X110.207 Y113.713
;TYPE:FILL
G1 F720 X110.296 Y113.379 E132.70415
G0 F9000 X111.553 Y113.197
G1 F720 X111.833 Y113.476 E132.72588
G0 F9000 X111.551 Y113.194
;TYPE:FILL
G1 F720 X107.031 Y108.674 E133.25304
G0 F9000 X106.779 Y109.659
G1 F720 X112.919 Y108.013 E133.77727
G0 F9000 X111.943 Y107.232
G1 F720 X110.296 Y113.38 E134.30217
G0 F9000 X110.207 Y113.712
;TYPE:FILL
G1 F720 X110.116 Y114.051 E134.31182
G0 F9000 X111.833 Y113.477
G1 F720 X111.98 Y113.624 E134.31753
G0 F9000 X111.855 Y113.28
;MESH:NONMESH
G0 F600 X111.855 Y113.28 Z8.32
G0 F9000 X110.699 Y114.117
G0 X110.699 Y114.313
;TIME_ELAPSED:429.696532
;LAYER:67
;TYPE:WALL-INNER
;MESH:screw_15mm_15rotations_1pitch.stl
G1 F780 X112.052 Y113.68 E134.35293
G1 X113.07 Y112.659 E134.3871
G1 X113.332 Y112.073 E134.40231
G1 X113.65 Y111.394 E134.42008
G1 X113.709 Y110.513 E134.441
G1 X113.751 Y110.062 E134.45173
G1 X113.401 Y108.825 E134.4822
G1 X113.115 Y108.427 E134.49381
G1 X112.709 Y107.724 E134.51305
G1 X111.769 Y106.938 E134.54209
G1 X110.622 Y106.519 E134.57103
G1 X109.384 Y106.517 E134.60037
G1 X108.309 Y106.911 E134.6275
G1 X108.161 Y106.952 E134.63114
G1 X107.116 Y107.661 E134.66106
G1 X106.346 Y108.735 E134.69238
G1 X106.156 Y109.45 E134.70991
G1 X105.981 Y110.07 E134.72518
G1 X106.1 Y111.489 E134.75892
G1 X106.723 Y112.833 E134.79403
G1 X107.234 Y113.34 E134.81109
G1 X107.797 Y113.812 E134.8285
G1 X109.235 Y114.337 E134.86478
G1 X110.424 Y114.337 E134.89295
G1 X110.699 Y114.313 E134.89949
G0 F9000 X110.773 Y114.588
;TYPE:WALL-OUTER
G1 F600 X112.216 Y113.913 E134.93423
G1 X113.305 Y112.82 E134.96787
G1 X113.586 Y112.191 E134.98289
G1 X113.926 Y111.465 E135.00036
G1 X113.988 Y110.539 E135.0206
G1 X114.034 Y110.036 E135.03161
G1 X113.657 Y108.701 E135.06185
G1 X113.348 Y108.271 E135.0734
G1 X112.926 Y107.541 E135.09178
G1 X111.911 Y106.692 E135.12063
G1 X110.672 Y106.239 E135.14939
G1 X109.335 Y106.237 E135.17854
G1 X108.213 Y106.648 E135.20459
G1 X108.046 Y106.692 E135.20836
G1 X106.917 Y107.457 E135.23809
G1 X106.089 Y108.613 E135.26909
G1 X105.698 Y110.044 E135.30143
G1 X105.824 Y111.56 E135.3346
G1 X106.49 Y112.997 E135.36913
G1 X107.045 Y113.547 E135.38617
G1 X107.655 Y114.058 E135.40352
G1 X109.185 Y114.617 E135.43903
G1 X110.436 Y114.617 E135.4663
G1 X110.773 Y114.588 E135.47368
G0 F9000 X110.954 Y114.504
G0 X110.743 Y114.051
G0 X110.018 Y114.087
;TYPE:FILL
G1 F720 X110.2 Y113.41 E135.49295
G0 F9000 X111.418 Y112.941
G1 F720 X111.927 Y113.451 E135.51276
G0 F9000 X111.657 Y113.183
;MESH:NONMESH
G0 F600 X111.657 Y113.183 Z8.44
G0 F9000 X106.201 Y110.087
G0 X105.631 Y110.063
;TIME_ELAPSED:434.879608
;LAYER:68
;TYPE:WALL-INNER
;MESH:screw_15mm_15rotations_1pitch.stl
G1 F780 X105.656 Y110.333 E135.51918
G1 X105.86 Y111.501 E135.54728
G1 X106.631 Y112.834 E135.58377
G1 X107.164 Y113.281 E135.60026
G1 X107.782 Y113.716 E135.61817
G1 X109.214 Y114.098 E135.65329
G1 X110.632 Y113.968 E135.68703
G1 X111.874 Y113.378 E135.71962
G1 X112.805 Y112.43 E135.75111
G1 X113.322 Y111.274 E135.78112
G1 X113.336 Y111.143 E135.78424
G1 X113.535 Y109.992 E135.81192
G1 X113.321 Y108.787 E135.84092
G1 X112.709 Y107.724 E135.86999
G1 X111.769 Y106.938 E135.89903
G1 X111.006 Y106.657 E135.9183
G1 X110.565 Y106.444 E135.9299
G1 X109.293 Y106.314 E135.9602
G1 X108.828 Y106.44 E135.97162
G1 X107.99 Y106.648 E135.99208
G1 X107.309 Y107.128 E136.01182
G1 X106.848 Y107.439 E136.025
G1 X106.017 Y108.616 E136.05915
G1 X105.631 Y110.063 E136.09464
G0 F9000 X105.348 Y110.039
;TYPE:WALL-OUTER
G1 F600 X105.378 Y110.37 E136.10188
G1 X105.593 Y111.598 E136.12906
G1 X106.413 Y113.017 E136.16479
G1 X106.993 Y113.503 E136.18129
G1 X107.661 Y113.974 E136.19911
G1 X109.192 Y114.381 E136.23365
G1 X110.707 Y114.243 E136.26682
G1 X112.038 Y113.611 E136.29894
G1 X113.041 Y112.59 E136.33014
G1 X113.598 Y111.343 E136.35992
G1 X113.606 Y111.232 E136.36235
G1 X113.82 Y109.991 E136.3898
G1 X113.588 Y108.689 E136.41863
G1 X112.927 Y107.541 E136.44752
G1 X111.911 Y106.691 E136.4764
G1 X111.101 Y106.393 E136.49521
G1 X110.642 Y106.171 E136.50633
G1 X109.27 Y106.03 E136.5364
G1 X108.76 Y106.168 E136.54792
G1 X107.872 Y106.389 E136.56787
G1 X107.153 Y106.896 E136.58705
G1 X106.649 Y107.236 E136.6003
G1 X105.759 Y108.494 E136.6339
G1 X105.348 Y110.039 E136.66876
G0 F9000 X105.366 Y110.238
G0 X105.864 Y110.193
G0 X110.111 Y113.418
;TYPE:FILL
G1 F720 X110.016 Y113.772 E136.67883
G0 F9000 X111.496 Y112.9
G1 F720 X111.746 Y113.15 E136.68855
G0 F9000 X111.48 Y112.879
;MESH:NONMESH
G0 F600 X111.48 Y112.879 Z8.56
G0 F9000 X105.855 Y110.067
G0 X105.597 Y109.998
;TIME_ELAPSED:440.122128
;LAYER:69
;TYPE:WALL-INNER
;MESH:screw_15mm_15rotations_1pitch.stl
G1 F780 X105.628 Y110.177 E136.69286
G1 X105.953 Y111.413 E136.72314
G1 X106.795 Y112.605 E136.75773
G1 X107.954 Y113.411 E136.79118
G1 X108.672 Y113.589 E136.80871
G1 X109.281 Y113.755 E136.82367
G1 X110.566 Y113.626 E136.85428
G1 X111.594 Y113.13 E136.88132
G1 X111.768 Y113.062 E136.88575
G1 X112.714 Y112.268 E136.91502
G1 X113.324 Y111.209 E136.94398
G1 X113.536 Y109.997 E136.97314
G1 X113.324 Y108.792 E137.00213
G1 X113.097 Y108.395 E137.01297
G1 X112.745 Y107.607 E137.03342
G1 X111.838 Y106.681 E137.06414
G1 X110.625 Y106.101 E137.096
G1 X109.226 Y105.97 E137.1293
G1 X107.817 Y106.344 E137.16385
G1 X106.615 Y107.192 E137.19871
G1 X105.86 Y108.499 E137.23448
G1 X105.597 Y109.998 E137.27054
G0 F9000 X105.312 Y109.999
;TYPE:WALL-OUTER
G1 F600 X105.353 Y110.226 E137.27557
G1 X105.695 Y111.534 E137.30505
G1 X106.596 Y112.809 E137.33909
G1 X106.991 Y113.077 E137.34949
G1 X107.836 Y113.67 E137.372
G1 X108.598 Y113.86 E137.38912
G1 X109.258 Y114.039 E137.40403
G1 X110.643 Y113.899 E137.43438
G1 X111.755 Y113.365 E137.46127
G1 X111.911 Y113.308 E137.46489
G1 X112.932 Y112.451 E137.49396
G1 X113.592 Y111.306 E137.52277
G1 X113.821 Y109.997 E137.55174
G1 X113.591 Y108.695 E137.58057
G1 X113.35 Y108.274 E137.59114
G1 X112.98 Y107.447 E137.6109
G1 X112.003 Y106.449 E137.64135
G1 X110.701 Y105.827 E137.67281
G1 X109.204 Y105.686 E137.70559
G1 X107.696 Y106.086 E137.7396
G1 X106.404 Y106.998 E137.77408
G1 X105.593 Y108.402 E137.80943
G1 X105.312 Y109.999 E137.84478
G0 F9000 X105.347 Y110.196
G0 X105.881 Y110.162
;TYPE:FILL
G1 F720 X106.24 Y110.066 E137.86521
G0 F9000 X106.985 Y108.27
G1 F720 X106.74 Y108.024 E137.8843
G0 F9000 X106.985 Y108.269
;TYPE:FILL
G1 F720 X111.58 Y112.864 E138.42021
G0 F9000 X110.02 Y113.429
G1 F720 X111.689 Y107.198 E138.95218
G0 F9000 X112.765 Y108.318
G1 F720 X106.241 Y110.066 E139.50919
G0 F9000 X106.741 Y108.025
;TYPE:FILL
G1 F720 X106.538 Y107.822 E139.51708
G0 F9000 X111.69 Y107.196
G1 F720 X111.755 Y106.954 E139.52397
G0 F9000 X111.491 Y107.211
;MESH:NONMESH
G0 F600 X111.491 Y107.211 Z8.68
G0 F9000 X106.797 Y107.332
G0 X106.662 Y107.139
;TIME_ELAPSED:447.433558
;LAYER:70
;TYPE:WALL-INNER
;MESH:screw_15mm_15rotations_1pitch.stl
G1 F780 X106.033 Y108.49 E139.55928
G1 X105.912 Y109.929 E139.5935
G1 X106.053 Y110.429 E139.60581
G1 X106.282 Y111.292 E139.62697
G1 X106.762 Y111.95 E139.64627
G1 X107.066 Y112.385 E139.65885
G1 X108.13 Y113.108 E139.68934
G1 X108.871 Y113.295 E139.70745
G1 X109.385 Y113.484 E139.72042
G1 X110.616 Y113.484 E139.7496
G1 X111.769 Y113.062 E139.77869
G1 X112.71 Y112.273 E139.80779
G1 X113.325 Y111.208 E139.83694
G1 X113.68 Y109.93 E139.86837
G1 X113.585 Y108.631 E139.89924
G1 X113.014 Y107.385 E139.93172
G1 X112.013 Y106.377 E139.96538
G1 X110.687 Y105.756 E140.00008
G1 X109.619 Y105.664 E140.02548
G1 X109.235 Y105.664 E140.03458
G1 X107.797 Y106.189 E140.07086
G1 X106.662 Y107.139 E140.10594
G0 F9000 X106.435 Y106.965
;TYPE:WALL-OUTER
G1 F600 X105.759 Y108.417 E140.14086
G1 X105.629 Y109.956 E140.17453
G1 X105.782 Y110.5 E140.18685
G1 X106.024 Y111.414 E140.20746
G1 X106.533 Y112.111 E140.22628
G1 X106.867 Y112.587 E140.23896
G1 X108.013 Y113.368 E140.26919
G1 X108.816 Y113.572 E140.28726
G1 X109.335 Y113.764 E140.29932
G1 X110.665 Y113.764 E140.32832
G1 X111.911 Y113.309 E140.35724
G1 X112.929 Y112.456 E140.38619
G1 X113.592 Y111.305 E140.41515
G1 X113.611 Y111.208 E140.41731
G1 X113.964 Y109.956 E140.44567
G1 X113.933 Y109.614 E140.45315
G1 X113.861 Y108.56 E140.47619
G1 X113.555 Y107.906 E140.49193
G1 X113.249 Y107.223 E140.50825
G1 X112.487 Y106.464 E140.53169
G1 X112.178 Y106.145 E140.54138
G1 X110.761 Y105.481 E140.57549
G1 X109.631 Y105.384 E140.60022
G1 X109.186 Y105.384 E140.60992
G1 X107.655 Y105.943 E140.64546
G1 X106.435 Y106.965 E140.68016
G0 F9000 X106.351 Y107.146
G0 X106.631 Y107.795
;TYPE:FILL
G1 F720 X107.147 Y108.311 E140.70022
G0 F9000 X106.721 Y110.025
G1 F720 X106.235 Y110.155 E140.71404
G0 F9000 X106.591 Y110.057
;MESH:NONMESH
G0 F600 X106.591 Y110.057 Z8.8
G0 F9000 X109.303 Y105.883
G0 X109.303 Y105.699
;TIME_ELAPSED:452.557905
;LAYER:71
;TYPE:WALL-INNER
;MESH:screw_15mm_15rotations_1pitch.stl
G1 F780 X107.956 Y106.329 E140.74928
G1 X106.938 Y107.349 E140.78344
G1 X106.674 Y107.941 E140.7988
G1 X106.361 Y108.61 E140.8163
G1 X106.299 Y109.507 E140.83761
G1 X106.261 Y109.93 E140.84767
G1 X106.61 Y111.172 E140.87824
G1 X106.842 Y111.497 E140.88771
G1 X107.29 Y112.275 E140.90898
G1 X108.237 Y113.065 E140.93821
G1 X109.384 Y113.484 E140.96715
G1 X110.615 Y113.484 E140.99632
G1 X111.62 Y113.115 E141.02169
G1 X111.853 Y113.053 E141.0274
G1 X112.888 Y112.349 E141.05707
G1 X113.121 Y112.014 E141.06674
G1 X113.665 Y111.267 E141.08864
G1 X113.853 Y110.559 E141.10599
G1 X114.031 Y109.93 E141.12149
G1 X113.932 Y108.815 E141.14801
G1 X113.911 Y108.506 E141.15535
G1 X113.285 Y107.16 E141.19053
G1 X112.871 Y106.748 E141.20437
G1 X112.203 Y106.188 E141.22503
G1 X110.764 Y105.664 E141.26132
G1 X109.711 Y105.663 E141.28627
G1 X109.303 Y105.699 E141.29598
G0 F9000 X109.229 Y105.424
;TYPE:WALL-OUTER
G1 F600 X107.79 Y106.097 E141.33062
G1 X106.703 Y107.188 E141.36419
G1 X106.42 Y107.822 E141.37933
G1 X106.085 Y108.539 E141.39658
G1 X106.02 Y109.482 E141.41719
G1 X105.978 Y109.956 E141.42757
G1 X106.354 Y111.296 E141.45791
G1 X106.598 Y111.634 E141.467
G1 X107.073 Y112.458 E141.48773
G1 X108.095 Y113.311 E141.51676
G1 X109.334 Y113.764 E141.54552
G1 X110.665 Y113.764 E141.57454
G1 X111.761 Y113.364 E141.59997
G1 X111.968 Y113.313 E141.60462
G1 X113.089 Y112.552 E141.63416
G1 X113.348 Y112.179 E141.64406
G1 X113.922 Y111.389 E141.66535
G1 X114.314 Y109.957 E141.69772
G1 X114.211 Y108.796 E141.72313
G1 X114.187 Y108.435 E141.73102
G1 X113.518 Y106.996 E141.76562
G1 X113.06 Y106.541 E141.77969
G1 X112.345 Y105.942 E141.80003
G1 X110.814 Y105.384 E141.83556
G1 X109.699 Y105.383 E141.85986
G1 X109.229 Y105.424 E141.87015
G0 F9000 X109.048 Y105.508
G0 X109.259 Y105.961
G0 X111.756 Y106.291
;TYPE:FILL
G1 F720 X111.721 Y106.422 E141.87388
G0 F9000 X107.184 Y108.228
G1 F720 X106.932 Y107.975 E141.88369
G0 F9000 X106.736 Y110.109
G1 F720 X106.581 Y110.15 E141.8881
G0 F9000 X106.937 Y110.052
;MESH:NONMESH
G0 F600 X106.937 Y110.052 Z8.92
G0 F9000 X113.811 Y109.914
G0 X114.388 Y109.913
;TIME_ELAPSED:457.951770
;LAYER:72
;TYPE:WALL-INNER
;MESH:screw_15mm_15rotations_1pitch.stl
G1 F780 X114.14 Y108.499 E141.92212
G1 X113.369 Y107.166 E141.95861
G1 X112.927 Y106.794 E141.97231
G1 X112.214 Y106.295 E141.99293
G1 X110.784 Y105.914 E142.028
G1 X109.37 Y106.043 E142.06165
G1 X108.749 Y106.344 E142.078
G1 X108.126 Y106.633 E142.09428
G1 X107.2 Y107.58 E142.12566
G1 X106.687 Y108.728 E142.15546
G1 X106.463 Y109.997 E142.186
G1 X106.679 Y111.214 E142.21529
G1 X107.291 Y112.276 E142.24434
G1 X108.233 Y113.063 E142.27343
G1 X108.937 Y113.323 E142.29121
G1 X109.444 Y113.569 E142.30456
G1 X110.713 Y113.697 E142.33479
G1 X112.018 Y113.36 E142.36673
G1 X112.719 Y112.866 E142.38705
G1 X113.159 Y112.569 E142.39963
G1 X113.993 Y111.385 E142.43395
G1 X114.388 Y109.913 E142.47007
G1 F1800 E140.47007
G0 F9000 X114.161 Y109.921
G0 X113.204 Y107.311
G1 F900 E142.47007
G0 F9000 X113.587 Y106.983
;TYPE:WALL-OUTER
G1 F600 X113.097 Y106.572 E142.48401
G1 X112.334 Y106.037 E142.50433
G1 X110.807 Y105.63 E142.53878
G1 X110.397 Y105.673 E142.54777
G1 X109.295 Y105.768 E142.57189
G1 X108.631 Y106.09 E142.58798
G1 X107.961 Y106.401 E142.60408
G1 X106.966 Y107.418 E142.6351
G1 X106.413 Y108.653 E142.6646
G1 X106.178 Y109.997 E142.69435
G1 X106.412 Y111.311 E142.72345
G1 X107.073 Y112.459 E142.75233
G1 X108.091 Y113.309 E142.78124
G1 X108.828 Y113.581 E142.79837
G1 X109.367 Y113.842 E142.81143
G1 X110.734 Y113.981 E142.84138
G1 X112.138 Y113.618 E142.873
G1 X112.876 Y113.098 E142.89268
G1 X113.359 Y112.772 E142.90539
G1 X114.086 Y111.731 E142.93307
G1 X114.25 Y111.508 E142.9391
G1 X114.674 Y109.923 E142.97488
G1 X114.407 Y108.402 E143.00854
G1 X113.587 Y106.983 E143.04427
G0 F9000 X113.434 Y106.855
G0 X113.113 Y107.237
G0 X113.57 Y108.366
;TYPE:FILL
G1 F720 X113.229 Y108.457 E143.06368
;TYPE:FILL
G1 X113.23 Y108.457
G1 X106.751 Y110.193 E143.61684
G0 F9000 X107.22 Y108.144
G1 F720 X111.792 Y112.715 E144.15
G0 F9000 X109.808 Y113.233
G1 F720 X111.62 Y106.47 E144.72741
G0 F9000 X113.569 Y108.366
;TYPE:FILL
G1 F720 X113.746 Y108.319 E144.73245
G0 F9000 X111.837 Y112.76
G1 F720 X112.083 Y113.006 E144.74201
G0 F9000 X109.808 Y113.232
G1 F720 X109.777 Y113.35 E144.74536
G0 F9000 X109.813 Y112.985
;MESH:NONMESH
G0 F600 X109.813 Y112.985 Z9.04
G0 F9000 X113.004 Y112.412
G0 X113.368 Y112.838
;TIME_ELAPSED:465.703657
;LAYER:73
;TYPE:WALL-INNER
;MESH:screw_15mm_15rotations_1pitch.stl
G1 F780 X114.14 Y111.501 E144.78195
G1 X114.405 Y109.984 E144.81844
G1 X114.036 Y108.592 E144.85257
G1 X113.195 Y107.398 E144.88718
G1 X112.046 Y106.603 E144.92029
G1 X111.3 Y106.415 E144.93852
G1 X110.718 Y106.257 E144.95281
G1 X109.434 Y106.387 E144.9834
G1 X108.458 Y106.854 E145.00904
G1 X108.225 Y106.943 E145.01495
G1 X107.286 Y107.732 E145.04401
G1 X106.675 Y108.792 E145.07301
G1 X106.464 Y109.993 E145.1019
G1 X106.676 Y111.209 E145.13116
G1 X106.831 Y111.477 E145.13849
G1 X107.243 Y112.395 E145.16234
G1 X108.157 Y113.329 E145.19331
G1 X108.753 Y113.607 E145.20889
G1 X109.378 Y113.91 E145.22535
G1 X110.33 Y113.993 E145.248
G1 X110.777 Y114.04 E145.25865
G1 X112.191 Y113.665 E145.29331
G1 X113.368 Y112.838 E145.3274
G0 F9000 X113.58 Y113.031
;TYPE:WALL-OUTER
G1 F600 X114.407 Y111.598 E145.36348
G1 X114.692 Y109.971 E145.39949
G1 X114.294 Y108.472 E145.4333
G1 X113.396 Y107.196 E145.46732
G1 X112.164 Y106.344 E145.49998
G1 X111.373 Y106.145 E145.51776
G1 X110.741 Y105.973 E145.53204
G1 X109.357 Y106.114 E145.56237
G1 X108.358 Y106.593 E145.58652
G1 X108.081 Y106.698 E145.59298
G1 X107.068 Y107.549 E145.62183
G1 X106.408 Y108.695 E145.65066
G1 X106.179 Y109.993 E145.6794
G1 X106.409 Y111.306 E145.70846
G1 X106.588 Y111.617 E145.71628
G1 X107.008 Y112.557 E145.73873
G1 X107.992 Y113.561 E145.76938
G1 X108.631 Y113.859 E145.78475
G1 X109.303 Y114.185 E145.80103
G1 X110.301 Y114.271 E145.82287
G1 X110.799 Y114.324 E145.83379
G1 X112.311 Y113.923 E145.86789
G1 X113.58 Y113.031 E145.90171
G0 F9000 X113.68 Y112.858
G0 X113.249 Y112.608
G0 X112.405 Y113.208
;TYPE:FILL
G1 F720 X112.27 Y113.074 E145.90694
G0 F9000 X112.942 Y108.622
G1 F720 X113.623 Y108.44 E145.92632
G0 F9000 X111.374 Y107.059
G1 F720 X111.467 Y106.714 E145.93614
G0 F9000 X111.377 Y107.071
;MESH:NONMESH
G0 F600 X111.377 Y107.071 Z9.16
G0 F9000 X110.763 Y113.82
G0 X110.765 Y114.337
;TIME_ELAPSED:471.108256
;LAYER:74
;TYPE:WALL-INNER
;MESH:screw_15mm_15rotations_1pitch.stl
G1 F780 X112.204 Y113.811 E145.97245
G1 X113.317 Y112.878 E146.00687
G1 X113.957 Y111.507 E146.04272
G1 X114.078 Y110.069 E146.07692
G1 X113.929 Y109.549 E146.08974
G1 X113.709 Y108.717 E146.11013
G1 X113.217 Y108.038 E146.13
G1 X112.926 Y107.622 E146.14203
G1 X111.873 Y106.907 E146.1722
G1 X111.233 Y106.744 E146.18785
G1 X110.617 Y106.517 E146.20341
G1 X109.384 Y106.517 E146.23262
G1 X108.226 Y106.941 E146.26185
G1 X107.289 Y107.727 E146.29083
G1 X106.658 Y108.823 E146.3208
G1 X106.307 Y110.063 E146.35134
G1 X106.337 Y110.394 E146.35922
G1 X106.405 Y111.373 E146.38247
G1 X106.702 Y112.006 E146.39904
G1 X106.976 Y112.621 E146.415
G1 X107.982 Y113.633 E146.44881
G1 X109.311 Y114.256 E146.4836
G1 X110.267 Y114.337 E146.50633
G1 X110.765 Y114.337 E146.51813
G0 F9000 X110.814 Y114.617
;TYPE:WALL-OUTER
G1 F600 X112.346 Y114.057 E146.5537
G1 X113.544 Y113.052 E146.58779
G1 X114.232 Y111.58 E146.62321
G1 X114.361 Y110.041 E146.65689
G1 X114.2 Y109.478 E146.66965
G1 X113.966 Y108.595 E146.68957
G1 X113.446 Y107.877 E146.7089
G1 X113.126 Y107.419 E146.72108
G1 X111.99 Y106.648 E146.75101
G1 X111.319 Y106.477 E146.76611
G1 X110.667 Y106.237 E146.78125
G1 X109.335 Y106.237 E146.81029
G1 X108.084 Y106.695 E146.83934
G1 X107.071 Y107.544 E146.86815
G1 X106.398 Y108.713 E146.89756
G1 X106.024 Y110.036 E146.92754
G1 X106.058 Y110.413 E146.93579
G1 X106.13 Y111.444 E146.95832
G1 X106.447 Y112.12 E146.9746
G1 X106.741 Y112.783 E146.99041
G1 X107.522 Y113.561 E147.01445
G1 X107.816 Y113.864 E147.02365
G1 X109.237 Y114.53 E147.05787
G1 X110.256 Y114.617 E147.08016
G1 X110.814 Y114.617 E147.09233
G0 F9000 X111.001 Y114.549
G0 X110.83 Y114.079
G0 X112.528 Y113.212
;TYPE:FILL
G1 F720 X112.33 Y113.014 E147.10003
G0 F9000 X112.986 Y108.698
G1 F720 X113.323 Y108.608 E147.10962
G0 F9000 X113.022 Y108.823
;MESH:NONMESH
G0 F600 X113.022 Y108.823 Z9.28
G0 F9000 X107.16 Y112.499
G0 X106.708 Y112.846
;TIME_ELAPSED:476.363872
;LAYER:75
;TYPE:WALL-INNER
;MESH:screw_15mm_15rotations_1pitch.stl
G1 F780 X107.041 Y113.178 E147.12076
G1 X107.798 Y113.812 E147.14416
G1 X109.236 Y114.337 E147.18044
G1 X110.177 Y114.337 E147.20274
G1 X110.696 Y114.293 E147.21508
G1 X112.04 Y113.661 E147.25027
G1 X113.053 Y112.644 E147.28429
G1 X113.334 Y112.017 E147.30057
G1 X113.629 Y111.386 E147.31708
G1 X113.693 Y110.467 E147.33891
G1 X113.729 Y110.062 E147.34855
G1 X113.382 Y108.842 E147.37861
G1 X113.259 Y108.67 E147.38362
G1 X112.711 Y107.727 E147.40946
G1 X111.772 Y106.941 E147.43848
G1 X110.623 Y106.519 E147.46749
G1 X109.384 Y106.517 E147.49685
G1 X108.412 Y106.87 E147.52136
G1 X108.142 Y106.937 E147.52795
G1 X107.102 Y107.644 E147.55775
G1 X106.855 Y108 E147.56802
G1 X106.326 Y108.73 E147.58938
G1 X105.957 Y110.069 E147.6223
G1 X106.077 Y111.492 E147.65614
G1 X106.708 Y112.846 E147.69154
G0 F9000 X106.475 Y113.01
;TYPE:WALL-OUTER
G1 F600 X106.852 Y113.385 E147.70313
G1 X107.656 Y114.058 E147.72599
G1 X109.186 Y114.617 E147.76151
G1 X110.188 Y114.617 E147.78335
G1 X110.769 Y114.568 E147.79606
G1 X112.203 Y113.893 E147.83062
G1 X113.288 Y112.805 E147.86412
G1 X113.588 Y112.135 E147.88012
G1 X113.905 Y111.457 E147.89644
G1 X113.972 Y110.492 E147.91753
G1 X114.013 Y110.036 E147.92751
G1 X113.638 Y108.718 E147.95739
G1 X113.464 Y108.471 E147.96397
G1 X112.929 Y107.544 E147.98731
G1 X111.915 Y106.694 E148.01616
G1 X110.673 Y106.239 E148.04499
G1 X109.335 Y106.237 E148.07417
G1 X108.344 Y106.598 E148.09716
G1 X108.026 Y106.677 E148.1043
G1 X106.902 Y107.441 E148.13393
G1 X106.628 Y107.836 E148.14441
G1 X106.069 Y108.608 E148.1652
G1 X105.674 Y110.042 E148.19762
G1 X105.802 Y111.565 E148.23095
G1 X106.475 Y113.01 E148.2657
G0 F9000 X106.616 Y113.151
G0 X106.97 Y112.798
G0 X106.595 Y110.498
;TYPE:FILL
G1 F720 X106.795 Y110.444 E148.27709
G0 F9000 X109.431 Y113.658
G1 F720 X109.342 Y113.993 E148.29614
G0 F9000 X109.431 Y113.657
;TYPE:FILL
G1 F720 X111.215 Y107.002 E148.86435
G0 F9000 X113.031 Y108.773
G1 F720 X106.796 Y110.444 E149.39669
G0 F9000 X107.425 Y107.989
G1 F720 X112.391 Y112.955 E149.97586
G0 F9000 X106.589 Y110.499
;TYPE:FILL
G1 F720 X106.251 Y110.59 E149.98548
G0 F9000 X107.425 Y107.99
G1 F720 X107.271 Y107.835 E149.99149
G0 F9000 X107.586 Y108.063
;MESH:NONMESH
G0 F600 X107.586 Y108.063 Z9.4
G0 F9000 X106.177 Y110.085
G0 X105.608 Y110.063
;TIME_ELAPSED:483.917430
;LAYER:76
;TYPE:WALL-INNER
;MESH:screw_15mm_15rotations_1pitch.stl
G1 F780 X105.861 Y111.503 E150.02614
G1 X106.628 Y112.833 E150.06252
G1 X106.97 Y113.118 E150.07307
G1 X107.793 Y113.696 E150.0969
G1 X109.215 Y114.075 E150.13178
G1 X109.605 Y114.034 E150.14107
G1 X110.633 Y113.948 E150.16552
G1 X111.262 Y113.64 E150.18212
G1 X111.863 Y113.36 E150.19783
G1 X112.789 Y112.417 E150.22915
G1 X113.32 Y111.225 E150.26007
G1 X113.537 Y109.999 E150.28958
G1 X113.325 Y108.792 E150.31862
G1 X112.714 Y107.731 E150.34763
G1 X111.776 Y106.943 E150.37666
G1 X111.228 Y106.74 E150.39051
G1 X110.567 Y106.421 E150.40791
G1 X109.288 Y106.291 E150.43837
G1 X108.785 Y106.427 E150.45072
G1 X107.974 Y106.631 E150.47054
G1 X107.252 Y107.14 E150.49147
G1 X106.832 Y107.424 E150.50349
G1 X105.997 Y108.61 E150.53786
G1 X105.608 Y110.063 E150.57351
G0 F9000 X105.321 Y110.051
;TYPE:WALL-OUTER
G1 F600 X105.594 Y111.6 E150.6078
G1 X106.411 Y113.016 E150.64344
G1 X106.799 Y113.341 E150.65447
G1 X107.673 Y113.954 E150.67775
G1 X109.193 Y114.359 E150.71204
G1 X109.629 Y114.313 E150.7216
G1 X110.709 Y114.223 E150.74523
G1 X111.38 Y113.894 E150.76152
G1 X112.027 Y113.592 E150.77709
G1 X113.024 Y112.577 E150.80811
G1 X113.59 Y111.308 E150.8384
G1 X113.822 Y109.999 E150.86739
G1 X113.592 Y108.695 E150.89625
G1 X112.932 Y107.549 E150.92509
G1 X111.919 Y106.698 E150.95393
G1 X111.298 Y106.466 E150.96838
G1 X110.645 Y106.148 E150.98422
G1 X109.265 Y106.007 E151.01446
G1 X108.712 Y106.157 E151.02696
G1 X107.855 Y106.372 E151.04622
G1 X107.096 Y106.908 E151.06648
G1 X106.632 Y107.22 E151.07867
G1 X105.74 Y108.487 E151.11245
G1 X105.321 Y110.051 E151.14775
G0 F9000 X105.355 Y110.248
G0 X105.982 Y110.75
;TYPE:FILL
G1 F720 X106.391 Y110.64 E151.15939
G0 F9000 X109.458 Y113.231
G1 F720 X109.301 Y113.814 E151.17599
G0 F9000 X112.053 Y112.497
G1 F720 X112.207 Y112.652 E151.182
G0 F9000 X111.941 Y112.393
;MESH:NONMESH
G0 F600 X111.941 Y112.393 Z9.52
G0 F9000 X105.836 Y110.052
G0 X105.599 Y109.989
;TIME_ELAPSED:489.277810
;LAYER:77
;TYPE:WALL-INNER
;MESH:screw_15mm_15rotations_1pitch.stl
G1 F780 X105.975 Y111.404 E151.21669
G1 X106.81 Y112.593 E151.25112
G1 X107.2 Y112.856 E151.26227
G1 X107.965 Y113.392 E151.28441
G1 X108.723 Y113.581 E151.30292
G1 X109.283 Y113.732 E151.31666
G1 X110.576 Y113.602 E151.34746
G1 X111.411 Y113.196 E151.36946
G1 X111.768 Y113.062 E151.3785
G1 X112.714 Y112.269 E151.40775
G1 X113.325 Y111.208 E151.43677
G1 X113.537 Y110 E151.46583
G1 X113.325 Y108.793 E151.49487
G1 X113.192 Y108.554 E151.50135
G1 X112.772 Y107.604 E151.52597
G1 X111.856 Y106.664 E151.55707
G1 X111.26 Y106.387 E151.57265
G1 X110.629 Y106.079 E151.58929
G1 X109.646 Y105.994 E151.61267
G1 X109.221 Y105.949 E151.6228
G1 X107.803 Y106.325 E151.65756
G1 X106.647 Y107.139 E151.69107
G1 X105.86 Y108.499 E151.7283
G1 X105.599 Y109.989 E151.76415
G0 F9000 X105.312 Y110.001
;TYPE:WALL-OUTER
G1 F600 X105.717 Y111.524 E151.79851
G1 X106.611 Y112.796 E151.83241
G1 X107.039 Y113.085 E151.84366
G1 X107.847 Y113.651 E151.86517
G1 X108.65 Y113.851 E151.88321
G1 X109.26 Y114.016 E151.89699
G1 X110.652 Y113.877 E151.92749
G1 X111.528 Y113.45 E151.94874
G1 X111.911 Y113.309 E151.95764
G1 X112.932 Y112.452 E151.9867
G1 X113.592 Y111.305 E152.01555
G1 X113.822 Y110 E152.04444
G1 X113.592 Y108.696 E152.07331
G1 X113.448 Y108.441 E152.07969
G1 X113.007 Y107.443 E152.10348
G1 X112.022 Y106.432 E152.13425
G1 X111.383 Y106.135 E152.14962
G1 X110.705 Y105.804 E152.16607
G1 X109.675 Y105.715 E152.18861
G1 X109.199 Y105.665 E152.19904
G1 X107.683 Y106.067 E152.23324
G1 X106.434 Y106.946 E152.26653
G1 X105.593 Y108.402 E152.30319
G1 X105.312 Y110.001 E152.33859
G0 F9000 X105.363 Y110.194
G0 X106.077 Y110.813
;TYPE:FILL
G1 F720 X106.413 Y110.723 E152.34815
G0 F9000 X109.375 Y113.213
G1 F720 X109.304 Y113.477 E152.35566
G0 F9000 X109.273 Y113.088
;MESH:NONMESH
G0 F600 X109.273 Y113.088 Z9.64
G0 F9000 X106.843 Y107.274
G0 X106.704 Y107.106
;TIME_ELAPSED:494.445103
;LAYER:78
;TYPE:WALL-INNER
;MESH:screw_15mm_15rotations_1pitch.stl
G1 F780 X106.053 Y108.497 E152.39206
G1 X105.934 Y109.927 E152.42606
G1 X106.089 Y110.473 E152.43952
G1 X106.302 Y111.279 E152.45927
G1 X106.808 Y111.978 E152.47972
G1 X107.083 Y112.373 E152.49113
G1 X108.14 Y113.091 E152.52141
G1 X108.714 Y113.237 E152.53544
G1 X109.382 Y113.482 E152.5523
G1 X110.623 Y113.481 E152.58171
G1 X111.764 Y113.064 E152.6105
G1 X112.711 Y112.273 E152.63974
G1 X113.359 Y111.151 E152.67045
G1 X113.703 Y109.929 E152.70053
G1 X113.605 Y108.621 E152.73162
G1 X113.297 Y107.964 E152.74881
G1 X113.037 Y107.375 E152.76407
G1 X112.264 Y106.606 E152.78991
G1 X112.026 Y106.359 E152.79804
G1 X110.692 Y105.733 E152.83296
G1 X109.869 Y105.664 E152.85253
G1 X109.234 Y105.664 E152.86758
G1 X107.8 Y106.187 E152.90375
G1 X106.704 Y107.106 E152.93764
G0 F9000 X106.476 Y106.931
;TYPE:WALL-OUTER
G1 F600 X105.779 Y108.424 E152.97357
G1 X105.651 Y109.954 E153.00704
G1 X105.818 Y110.545 E153.02043
G1 X106.045 Y111.401 E153.03974
G1 X106.578 Y112.139 E153.05959
G1 X106.883 Y112.575 E153.07119
G1 X108.023 Y113.35 E153.10124
G1 X108.626 Y113.503 E153.1148
G1 X109.333 Y113.762 E153.13122
G1 X110.672 Y113.761 E153.16041
G1 X111.906 Y113.31 E153.18906
G1 X112.929 Y112.456 E153.21811
G1 X113.617 Y111.268 E153.24804
G1 X113.986 Y109.956 E153.27775
G1 X113.951 Y109.559 E153.28644
G1 X113.881 Y108.55 E153.30849
G1 X113.553 Y107.851 E153.32533
G1 X113.272 Y107.214 E153.34051
G1 X112.466 Y106.412 E153.3653
G1 X112.192 Y106.127 E153.37392
G1 X110.766 Y105.458 E153.40826
G1 X109.881 Y105.384 E153.42762
G1 X109.185 Y105.384 E153.44279
G1 X107.658 Y105.941 E153.47823
G1 X106.476 Y106.931 E153.51185
G0 F9000 X106.392 Y107.112
G0 X106.995 Y107.198
;TYPE:FILL
G1 F720 X107.243 Y107.446 E153.53113
G0 F9000 X110.979 Y106.898
G1 F720 X111.067 Y106.569 E153.54985
G0 F9000 X110.978 Y106.899
;TYPE:FILL
G1 F720 X109.295 Y113.182 E154.08627
G0 F9000 X112.183 Y112.387
G1 F720 X107.244 Y107.447 E154.66235
G0 F9000 X106.435 Y110.805
G1 F720 X113.109 Y109.016 E155.23218
;TYPE:FILL
G1 X113.377 Y108.945 E155.2398
G0 F9000 X111.067 Y106.569
G1 F720 X111.158 Y106.228 E155.2495
G0 F9000 X111 Y106.56
;MESH:NONMESH
G0 F600 X111 Y106.56 Z9.76
G0 F9000 X112.852 Y107.497
G0 X113.302 Y107.147
;TIME_ELAPSED:501.760727
;LAYER:79
;TYPE:WALL-INNER
;MESH:screw_15mm_15rotations_1pitch.stl
G1 F780 X113.062 Y106.908 E155.25753
G1 X112.202 Y106.188 E155.28411
G1 X110.764 Y105.664 E155.32038
G1 X109.961 Y105.663 E155.33941
G1 X109.307 Y105.719 E155.35496
G1 X107.966 Y106.349 E155.39007
G1 X106.956 Y107.363 E155.42399
G1 X106.677 Y107.99 E155.44025
G1 X106.382 Y108.618 E155.4567
G1 X106.317 Y109.563 E155.47914
G1 X106.283 Y109.93 E155.48788
G1 X106.383 Y110.286 E155.49664
G1 X106.629 Y111.155 E155.51804
G1 X106.722 Y111.292 E155.52197
G1 X107.29 Y112.275 E155.54887
G1 X108.237 Y113.065 E155.5781
G1 X109.376 Y113.481 E155.60683
G1 X110.617 Y113.482 E155.63624
G1 X111.419 Y113.189 E155.65648
G1 X111.838 Y113.083 E155.66672
G1 X112.907 Y112.363 E155.69726
G1 X113.17 Y111.985 E155.70817
G1 X113.684 Y111.275 E155.72895
G1 X113.893 Y110.488 E155.74824
G1 X114.052 Y109.928 E155.76204
G1 X113.934 Y108.503 E155.79592
G1 X113.302 Y107.147 E155.83138
G0 F9000 X113.535 Y106.983
;TYPE:WALL-OUTER
G1 F600 X113.251 Y106.701 E155.8401
G1 X112.344 Y105.942 E155.86589
G1 X110.814 Y105.384 E155.90139
G1 X109.949 Y105.383 E155.92025
G1 X109.234 Y105.444 E155.9359
G1 X107.803 Y106.116 E155.97036
G1 X106.721 Y107.202 E156.00379
G1 X106.423 Y107.871 E156.01975
G1 X106.106 Y108.547 E156.03603
G1 X106.038 Y109.537 E156.05767
G1 X105.999 Y109.956 E156.06684
G1 X106.113 Y110.363 E156.07606
G1 X106.373 Y111.278 E156.09679
G1 X106.48 Y111.432 E156.10088
G1 X107.073 Y112.458 E156.12672
G1 X108.095 Y113.311 E156.15574
G1 X109.327 Y113.761 E156.18434
G1 X110.667 Y113.762 E156.21355
G1 X111.504 Y113.456 E156.23298
G1 X111.953 Y113.343 E156.24308
G1 X113.107 Y112.566 E156.27341
G1 X113.397 Y112.149 E156.28448
G1 X113.941 Y111.397 E156.30472
G1 X114.163 Y110.564 E156.32351
G1 X114.336 Y109.955 E156.33731
G1 X114.209 Y108.43 E156.37068
G1 X113.535 Y106.983 E156.40548
G0 F9000 X113.393 Y106.842
G0 X113.04 Y107.196
G0 X111.116 Y106.058
;TYPE:FILL
G1 F720 X110.969 Y106.604 E156.42102
G0 F9000 X107.659 Y107.742
G1 F720 X107.293 Y107.376 E156.43525
G0 F9000 X107.555 Y107.639
;MESH:NONMESH
G0 F600 X107.555 Y107.639 Z9.88
G0 F9000 X113.124 Y107.281
G0 X113.371 Y107.167
;TIME_ELAPSED:507.013696
;LAYER:80
;TYPE:WALL-INNER
;MESH:screw_15mm_15rotations_1pitch.stl
G1 F780 X113.126 Y106.962 E156.44282
G1 X112.203 Y106.312 E156.46957
G1 X110.781 Y105.936 E156.50443
G1 X110.37 Y105.979 E156.51422
G1 X109.373 Y106.063 E156.53793
G1 X108.725 Y106.379 E156.55502
G1 X108.143 Y106.65 E156.57023
G1 X107.221 Y107.591 E156.60145
G1 X106.739 Y108.673 E156.62952
G1 X106.676 Y108.792 E156.63271
G1 X106.462 Y110 E156.66179
G1 X106.675 Y111.208 E156.69086
G1 X107.291 Y112.276 E156.72007
G1 X108.232 Y113.063 E156.74914
G1 X108.689 Y113.231 E156.76068
G1 X109.43 Y113.591 E156.78021
G1 X110.713 Y113.718 E156.81076
G1 X111.289 Y113.565 E156.82488
G1 X112.027 Y113.381 E156.84291
G1 X112.764 Y112.862 E156.86427
G1 X113.179 Y112.583 E156.87612
G1 X114.012 Y111.4 E156.9104
G1 X114.392 Y109.968 E156.94551
G1 X114.138 Y108.496 E156.98091
G1 X113.371 Y107.167 E157.01728
G0 F9000 X113.589 Y106.984
;TYPE:WALL-OUTER
G1 F600 X113.296 Y106.739 E157.0256
G1 X112.323 Y106.054 E157.05155
G1 X110.803 Y105.652 E157.08582
G1 X110.347 Y105.7 E157.09582
G1 X109.298 Y105.788 E157.11877
G1 X108.607 Y106.125 E157.13553
G1 X107.979 Y106.417 E157.15063
G1 X106.986 Y107.431 E157.18158
G1 X106.464 Y108.599 E157.20947
G1 X106.408 Y108.695 E157.21189
G1 X106.178 Y110 E157.24078
G1 X106.408 Y111.305 E157.26967
G1 X107.073 Y112.459 E157.29871
G1 X108.09 Y113.31 E157.32762
G1 X108.593 Y113.495 E157.3393
G1 X109.353 Y113.864 E157.35772
G1 X110.736 Y114.002 E157.38803
G1 X111.322 Y113.845 E157.40125
G1 X112.146 Y113.64 E157.41976
G1 X112.932 Y113.087 E157.44072
G1 X113.378 Y112.786 E157.45245
G1 X114.27 Y111.52 E157.48621
G1 X114.678 Y109.981 E157.52093
G1 X114.406 Y108.399 E157.55592
G1 X113.589 Y106.984 E157.59155
G0 F9000 X113.436 Y106.856
G0 X113.115 Y107.237
G0 X110.978 Y106.245
;TYPE:FILL
G1 F720 X110.887 Y106.583 E157.60117
G0 F9000 X107.724 Y107.688
G1 F720 X107.598 Y107.561 E157.60609
G0 F9000 X107.861 Y107.822
;MESH:NONMESH
G0 F600 X107.861 Y107.822 Z10
G0 F9000 X113.024 Y112.426
G0 X113.369 Y112.834
;TIME_ELAPSED:512.248799
;LAYER:81
;TYPE:WALL-INNER
;MESH:screw_15mm_15rotations_1pitch.stl
G1 F780 X114.14 Y111.501 E157.64258
G1 X114.397 Y110.031 E157.67794
G1 X114.016 Y108.605 E157.71292
G1 X113.18 Y107.414 E157.7474
G1 X112.77 Y107.138 E157.75912
G1 X112.029 Y106.617 E157.78058
G1 X111.25 Y106.423 E157.79961
G1 X110.715 Y106.279 E157.81274
G1 X109.434 Y106.41 E157.84325
G1 X108.68 Y106.772 E157.86307
G1 X108.232 Y106.937 E157.87439
G1 X107.291 Y107.729 E157.90353
G1 X106.675 Y108.794 E157.93269
G1 X106.463 Y110 E157.96171
G1 X106.675 Y111.207 E157.99075
G1 X106.755 Y111.352 E157.99467
G1 X107.225 Y112.41 E158.02211
G1 X108.146 Y113.349 E158.05328
G1 X108.733 Y113.623 E158.06863
G1 X109.369 Y113.933 E158.0854
G1 X110.379 Y114.02 E158.10942
G1 X110.78 Y114.062 E158.11897
G1 X112.2 Y113.684 E158.1538
G1 X113.156 Y113.013 E158.18147
G1 X113.369 Y112.834 E158.18807
G0 F9000 X113.587 Y113.017
;TYPE:WALL-OUTER
G1 F600 X114.407 Y111.598 E158.2238
G1 X114.684 Y110.019 E158.25875
G1 X114.273 Y108.482 E158.29344
G1 X113.38 Y107.211 E158.3273
G1 X112.931 Y106.908 E158.33911
G1 X112.147 Y106.358 E158.35999
G1 X111.323 Y106.153 E158.37851
G1 X110.738 Y105.995 E158.39172
G1 X109.359 Y106.135 E158.42194
G1 X108.581 Y106.51 E158.44077
G1 X108.09 Y106.691 E158.45217
G1 X107.073 Y107.546 E158.48114
G1 X106.408 Y108.697 E158.51012
G1 X106.178 Y110 E158.53897
G1 X106.408 Y111.304 E158.56784
G1 X106.499 Y111.466 E158.57189
G1 X106.99 Y112.572 E158.59827
G1 X107.231 Y112.809 E158.60564
G1 X107.981 Y113.581 E158.62911
G1 X108.61 Y113.874 E158.64424
G1 X109.293 Y114.208 E158.66081
G1 X110.35 Y114.299 E158.68394
G1 X110.802 Y114.346 E158.69385
G1 X112.32 Y113.941 E158.7281
G1 X113.327 Y113.235 E158.75492
G1 X113.587 Y113.017 E158.76231
G0 F9000 X113.687 Y112.844
G0 X112.735 Y112.578
;TYPE:FILL
G1 F720 X112.495 Y112.338 E158.78097
G0 F9000 X113.734 Y109.113
G1 F720 X113.88 Y109.074 E158.78928
;TYPE:FILL
G1 X113.733 Y109.113
G1 X106.881 Y110.949 E159.37429
G0 F9000 X109.054 Y113.096
G1 F720 X110.805 Y106.56 E159.93231
G0 F9000 X107.79 Y107.633
G1 F720 X112.495 Y112.338 E160.48105
G0 F9000 X112.738 Y112.582
;TYPE:FILL
G1 F720 X112.983 Y112.826 E160.49055
G0 F9000 X109.046 Y113.125
G1 F720 X108.958 Y113.453 E160.49989
G0 F9000 X109.121 Y113.123
;MESH:NONMESH
G0 F600 X109.121 Y113.123 Z10.12
G0 F9000 X113.184 Y112.705
G0 X113.305 Y112.851
;TIME_ELAPSED:519.629465
;LAYER:82
;TYPE:WALL-INNER
;MESH:screw_15mm_15rotations_1pitch.stl
G1 F780 X113.935 Y111.499 E160.53523
G1 X114.056 Y110.073 E160.56915
G1 X113.897 Y109.512 E160.58297
G1 X113.686 Y108.72 E160.60239
G1 X113.167 Y108.007 E160.62329
G1 X112.908 Y107.635 E160.63403
G1 X111.854 Y106.92 E160.66421
G1 X111.381 Y106.799 E160.67578
G1 X110.617 Y106.518 E160.69507
G1 X109.384 Y106.517 E160.72429
G1 X108.231 Y106.938 E160.75338
G1 X107.29 Y107.726 E160.78247
G1 X106.71 Y108.731 E160.80997
G1 X106.629 Y108.849 E160.81336
G1 X106.285 Y110.071 E160.84344
G1 X106.384 Y111.381 E160.87457
G1 X106.704 Y112.063 E160.89243
G1 X106.958 Y112.636 E160.90728
G1 X107.972 Y113.651 E160.94128
G1 X109.306 Y114.279 E160.97622
G1 X109.993 Y114.337 E160.99256
G1 X110.766 Y114.337 E161.01088
G1 X112.2 Y113.813 E161.04706
G1 X113.086 Y113.07 E161.07446
G1 X113.305 Y112.851 E161.0818
G0 F9000 X113.538 Y113.015
;TYPE:WALL-OUTER
G1 F600 X114.21 Y111.572 E161.1165
G1 X114.339 Y110.045 E161.14991
G1 X114.168 Y109.44 E161.16362
G1 X113.943 Y108.598 E161.18262
G1 X113.397 Y107.847 E161.20287
G1 X113.108 Y107.433 E161.21387
G1 X111.971 Y106.66 E161.24385
G1 X111.482 Y106.537 E161.25484
G1 X110.667 Y106.238 E161.27377
G1 X109.334 Y106.237 E161.30283
G1 X108.089 Y106.692 E161.33173
G1 X107.072 Y107.543 E161.36064
G1 X106.442 Y108.631 E161.38805
G1 X106.373 Y108.725 E161.39059
G1 X106.002 Y110.044 E161.42047
G1 X106.108 Y111.452 E161.45125
G1 X106.448 Y112.177 E161.46871
G1 X106.723 Y112.797 E161.4835
G1 X107.541 Y113.61 E161.50864
G1 X107.806 Y113.883 E161.51694
G1 X109.233 Y114.553 E161.55131
G1 X109.982 Y114.617 E161.56769
G1 X110.816 Y114.617 E161.58588
G1 X112.342 Y114.059 E161.6213
G1 X113.275 Y113.277 E161.64784
G1 X113.538 Y113.015 E161.65594
G0 F9000 X113.622 Y112.834
G0 X113.038 Y112.763
;TYPE:FILL
G1 F720 X112.547 Y112.271 E161.67504
G0 F9000 X113.169 Y109.351
G1 F720 X113.569 Y109.244 E161.68643
G0 F9000 X113.211 Y109.339
;MESH:NONMESH
G0 F600 X113.211 Y109.339 Z10.24
G0 F9000 X107.142 Y112.513
G0 X106.706 Y112.897
;TIME_ELAPSED:524.816135
;LAYER:83
;TYPE:WALL-INNER
;MESH:screw_15mm_15rotations_1pitch.stl
G1 F780 X107.798 Y113.812 E161.72019
G1 X109.236 Y114.337 E161.75647
G1 X109.902 Y114.337 E161.77225
G1 X110.691 Y114.27 E161.79101
G1 X112.028 Y113.643 E161.82601
G1 X113.035 Y112.628 E161.85989
G1 X113.315 Y112.003 E161.87612
G1 X113.607 Y111.377 E161.89249
G1 X113.674 Y110.411 E161.91544
G1 X113.705 Y110.07 E161.92355
G1 X113.357 Y108.838 E161.95389
G1 X112.711 Y107.727 E161.98435
G1 X111.767 Y106.939 E162.01349
G1 X110.623 Y106.519 E162.04237
G1 X109.384 Y106.517 E162.07173
G1 X108.631 Y106.792 E162.09072
G1 X108.131 Y106.917 E162.10294
G1 X107.085 Y107.63 E162.13294
G1 X106.806 Y108.029 E162.14448
G1 X106.305 Y108.721 E162.16472
G1 X106.089 Y109.534 E162.18466
G1 X105.936 Y110.072 E162.19791
G1 X106.055 Y111.5 E162.23187
G1 X106.706 Y112.897 E162.26839
G0 F9000 X106.457 Y113.024
;TYPE:WALL-OUTER
G1 F600 X106.651 Y113.216 E162.27434
G1 X107.656 Y114.058 E162.30293
G1 X109.186 Y114.617 E162.33844
G1 X109.914 Y114.617 E162.35431
G1 X110.765 Y114.544 E162.37293
G1 X112.194 Y113.874 E162.40734
G1 X113.27 Y112.79 E162.44064
G1 X113.569 Y112.121 E162.45662
G1 X113.883 Y111.449 E162.47279
G1 X113.953 Y110.437 E162.49491
G1 X113.989 Y110.044 E162.50351
G1 X113.613 Y108.715 E162.53362
G1 X113.556 Y108.631 E162.53584
G1 X112.929 Y107.545 E162.56318
G1 X111.909 Y106.693 E162.59215
G1 X110.673 Y106.239 E162.62086
G1 X109.335 Y106.237 E162.65003
G1 X108.553 Y106.523 E162.66818
G1 X108.014 Y106.657 E162.68029
G1 X106.886 Y107.428 E162.71008
G1 X106.048 Y108.599 E162.74148
G1 X105.819 Y109.458 E162.76086
G1 X105.653 Y110.045 E162.77416
G1 X105.78 Y111.573 E162.80759
G1 X106.457 Y113.024 E162.8425
G0 F9000 X106.599 Y113.165
G0 X106.951 Y112.809
G0 X108.727 Y113.662
;TYPE:FILL
G1 F720 X108.673 Y113.864 E162.84824
G0 F9000 X112.588 Y112.192
G1 F720 X112.842 Y112.446 E162.85812
G0 F9000 X112.5 Y112.29
;MESH:NONMESH
G0 F600 X112.5 Y112.29 Z10.36
G0 F9000 X106.155 Y110.088
G0 X105.601 Y110.018
;TIME_ELAPSED:530.058988
;LAYER:84
;TYPE:WALL-INNER
;MESH:screw_15mm_15rotations_1pitch.stl
G1 F780 X105.861 Y111.502 E162.89382
G1 X106.649 Y112.865 E162.93113
G1 X107.803 Y113.678 E162.96458
G1 X109.221 Y114.053 E162.99934
G1 X109.655 Y114.007 E163.00968
G1 X110.625 Y113.925 E163.03275
G1 X111.294 Y113.599 E163.05039
G1 X111.859 Y113.337 E163.06515
G1 X112.769 Y112.403 E163.09605
G1 X113.24 Y111.353 E163.12332
G1 X113.324 Y111.209 E163.12727
G1 X113.538 Y110.002 E163.15632
G1 X113.325 Y108.792 E163.18544
G1 X112.714 Y107.731 E163.21445
G1 X111.778 Y106.945 E163.24342
G1 X111.39 Y106.797 E163.25326
G1 X110.572 Y106.399 E163.27481
G1 X109.285 Y106.27 E163.30547
G1 X108.715 Y106.424 E163.31946
G1 X107.962 Y106.612 E163.33785
G1 X107.197 Y107.151 E163.36003
G1 X106.814 Y107.41 E163.37098
G1 X105.977 Y108.596 E163.40538
G1 X105.601 Y110.018 E163.44024
G0 F9000 X105.314 Y110.005
;TYPE:WALL-OUTER
G1 F600 X105.594 Y111.599 E163.47553
G1 X106.437 Y113.058 E163.51226
G1 X107.683 Y113.935 E163.54548
G1 X109.199 Y114.336 E163.57967
G1 X109.678 Y114.286 E163.59017
G1 X110.7 Y114.2 E163.61253
G1 X111.412 Y113.853 E163.6298
G1 X112.024 Y113.57 E163.6445
G1 X113.005 Y112.562 E163.67517
G1 X113.483 Y111.493 E163.7007
G1 X113.591 Y111.306 E163.7054
G1 X113.822 Y110.002 E163.73428
G1 X113.592 Y108.695 E163.76321
G1 X112.932 Y107.549 E163.79204
G1 X111.922 Y106.7 E163.82081
G1 X111.528 Y106.551 E163.82999
G1 X110.649 Y106.125 E163.85129
G1 X109.262 Y105.986 E163.88168
G1 X108.578 Y106.17 E163.89712
G1 X107.844 Y106.353 E163.91361
G1 X107.04 Y106.919 E163.93505
G1 X106.615 Y107.207 E163.94624
G1 X105.72 Y108.475 E163.98008
G1 X105.314 Y110.005 E164.01459
G0 F9000 X105.348 Y110.202
G0 X105.84 Y110.116
G0 X106.294 Y111.369
;TYPE:FILL
G1 F720 X106.625 Y111.281 E164.03342
G0 F9000 X107.985 Y107.468
G1 F720 X107.896 Y107.379 E164.04034
;TYPE:FILL
G1 X107.985 Y107.469
G1 X112.625 Y112.109 E164.5815
G0 F9000 X113.197 Y109.52
G1 F720 X106.626 Y111.28 E165.1425
G0 F9000 X108.645 Y113.642
G1 F720 X110.487 Y106.768 E165.72939
;TYPE:FILL
G1 X110.486 Y106.769
G1 X110.518 Y106.651 E165.73275
G0 F9000 X107.895 Y107.379
G1 F720 X107.652 Y107.136 E165.7422
G0 F9000 X106.293 Y111.37
G1 F720 X106.102 Y111.421 E165.74763
G0 F9000 X106.442 Y111.234
;MESH:NONMESH
G0 F600 X106.442 Y111.234 Z10.48
G0 F9000 X105.83 Y110.002
G0 X105.607 Y109.943
;TIME_ELAPSED:537.501179
;LAYER:85
;TYPE:WALL-INNER
;MESH:screw_15mm_15rotations_1pitch.stl
G1 F780 X105.997 Y111.397 E165.78331
G1 X106.828 Y112.577 E165.81751
G1 X107.258 Y112.867 E165.8298
G1 X107.977 Y113.374 E165.85065
G1 X108.777 Y113.573 E165.87018
G1 X109.287 Y113.71 E165.8827
G1 X110.564 Y113.579 E165.91312
G1 X111.212 Y113.267 E165.93016
G1 X111.775 Y113.057 E165.9444
G1 X112.713 Y112.269 E165.97343
G1 X113.321 Y111.213 E166.00231
G1 X113.536 Y110.007 E166.03134
G1 X113.323 Y108.786 E166.06071
G1 X112.789 Y107.589 E166.09177
G1 X111.868 Y106.645 E166.12303
G1 X111.25 Y106.358 E166.13917
G1 X110.633 Y106.056 E166.15545
G1 X109.596 Y105.967 E166.18012
G1 X109.218 Y105.927 E166.18913
G1 X107.792 Y106.307 E166.2241
G1 X106.947 Y106.901 E166.24858
G1 X106.631 Y107.166 E166.25835
G1 X105.86 Y108.499 E166.29484
G1 X105.607 Y109.943 E166.32958
G0 F9000 X105.321 Y109.956
;TYPE:WALL-OUTER
G1 F600 X105.739 Y111.517 E166.36481
G1 X106.629 Y112.78 E166.3985
G1 X107.097 Y113.097 E166.41082
G1 X107.859 Y113.633 E166.43114
G1 X108.705 Y113.843 E166.45014
G1 X109.264 Y113.994 E166.46276
G1 X110.639 Y113.854 E166.4929
G1 X111.309 Y113.53 E166.50912
G1 X111.918 Y113.302 E166.5233
G1 X112.931 Y112.452 E166.55213
G1 X113.588 Y111.311 E166.58084
G1 X113.821 Y110.008 E166.60969
G1 X113.591 Y108.693 E166.6388
G1 X113.555 Y108.628 E166.64042
G1 X113.024 Y107.428 E166.66903
G1 X112.758 Y107.163 E166.67721
G1 X112.033 Y106.413 E166.69996
G1 X111.373 Y106.106 E166.71583
G1 X110.709 Y105.782 E166.73193
G1 X109.196 Y105.644 E166.76506
G1 X107.672 Y106.049 E166.79944
G1 X106.776 Y106.679 E166.82332
G1 X106.413 Y106.983 E166.83364
G1 X105.593 Y108.402 E166.86937
G1 X105.321 Y109.956 E166.90377
G0 F9000 X105.372 Y110.149
G0 X105.853 Y110.021
G0 X106.336 Y111.446
;TYPE:FILL
G1 F720 X107.001 Y111.268 E166.92269
G0 F9000 X108.735 Y112.977
G1 F720 X108.653 Y113.284 E166.93143
G0 F9000 X107.668 Y107.031
G1 F720 X107.473 Y106.836 E166.93901
G0 F9000 X107.684 Y107.14
;MESH:NONMESH
G0 F600 X107.684 Y107.14 Z10.6
G0 F9000 X106.703 Y107.157
;TIME_ELAPSED:542.805986
;LAYER:86
;TYPE:WALL-INNER
;MESH:screw_15mm_15rotations_1pitch.stl
G1 F780 X106.076 Y108.502 E166.97417
G1 X106.057 Y108.797 E166.98118
G1 X105.955 Y109.934 E167.00823
G1 X106.325 Y111.275 E167.0412
G1 X106.857 Y112.008 E167.06266
G1 X107.101 Y112.358 E167.07277
G1 X108.152 Y113.071 E167.10287
G1 X108.465 Y113.15 E167.11052
G1 X109.385 Y113.484 E167.13371
G1 X110.615 Y113.484 E167.16286
G1 X111.773 Y113.059 E167.19209
G1 X112.71 Y112.274 E167.22106
G1 X113.22 Y111.39 E167.24525
G1 X113.378 Y111.166 E167.25174
G1 X113.725 Y109.936 E167.28203
G1 X113.626 Y108.613 E167.31347
G1 X113.295 Y107.906 E167.33197
G1 X113.054 Y107.361 E167.34609
G1 X112.245 Y106.557 E167.37312
G1 X112.036 Y106.34 E167.38026
G1 X110.695 Y105.712 E167.41535
G1 X110.123 Y105.663 E167.42895
G1 X109.234 Y105.664 E167.45002
G1 X107.8 Y106.187 E167.48619
G1 X107.017 Y106.844 E167.51042
G1 X106.703 Y107.157 E167.52092
G0 F9000 X106.47 Y106.994
;TYPE:WALL-OUTER
G1 F600 X105.8 Y108.431 E167.55549
G1 X105.778 Y108.772 E167.56294
G1 X105.672 Y109.96 E167.58894
G1 X105.849 Y110.583 E167.60306
G1 X106.068 Y111.398 E167.62146
G1 X106.627 Y112.168 E167.64221
G1 X106.901 Y112.56 E167.65264
G1 X108.035 Y113.33 E167.68252
G1 X108.439 Y113.435 E167.69162
G1 X109.335 Y113.764 E167.71243
G1 X110.665 Y113.764 E167.74143
G1 X111.915 Y113.306 E167.77045
G1 X112.928 Y112.457 E167.79927
G1 X113.488 Y111.49 E167.82363
G1 X113.634 Y111.291 E167.82901
G1 X114.008 Y109.963 E167.85909
G1 X113.902 Y108.541 E167.89018
G1 X113.551 Y107.793 E167.90819
G1 X113.289 Y107.199 E167.92235
G1 X112.446 Y106.363 E167.94823
G1 X112.202 Y106.108 E167.95593
G1 X110.769 Y105.437 E167.99042
G1 X110.135 Y105.383 E168.0043
G1 X109.185 Y105.384 E168.02501
G1 X107.658 Y105.941 E168.06045
G1 X106.828 Y106.637 E168.08406
G1 X106.47 Y106.994 E168.09508
G0 F9000 X106.386 Y107.175
G0 X106.836 Y107.386
G0 X107.512 Y106.755
;TYPE:FILL
G1 F720 X107.728 Y106.971 E168.10348
G0 F9000 X107.043 Y111.345
G1 F720 X106.74 Y111.426 E168.1121
G0 F9000 X107.041 Y111.208
;MESH:NONMESH
G0 F600 X107.041 Y111.208 Z10.72
G0 F9000 X112.87 Y107.482
G0 X113.313 Y107.12
;TIME_ELAPSED:548.023722
;LAYER:87
;TYPE:WALL-INNER
;MESH:screw_15mm_15rotations_1pitch.stl
G1 F780 X112.202 Y106.188 E168.14647
G1 X110.764 Y105.664 E168.18274
G1 X110.214 Y105.664 E168.19577
G1 X109.311 Y105.742 E168.21725
G1 X107.974 Y106.369 E168.25225
G1 X106.973 Y107.377 E168.28591
G1 X106.693 Y108.005 E168.30221
G1 X106.404 Y108.627 E168.31846
G1 X106.335 Y109.617 E168.34198
G1 X106.305 Y109.938 E168.34962
G1 X106.661 Y111.184 E168.38033
G1 X107.292 Y112.275 E168.41019
G1 X108.237 Y113.065 E168.43938
G1 X109.384 Y113.484 E168.46832
G1 X110.615 Y113.484 E168.49749
G1 X111.287 Y113.24 E168.51443
G1 X111.865 Y113.097 E168.52854
G1 X112.923 Y112.376 E168.55889
G1 X113.705 Y111.288 E168.59064
G1 X113.93 Y110.442 E168.61138
G1 X114.075 Y109.931 E168.62397
G1 X113.955 Y108.497 E168.65807
G1 X113.313 Y107.12 E168.69408
G1 F1800 E166.69408
G0 F9000 X113.139 Y107.257
G0 X110.724 Y105.881
G1 F900 E168.69408
G0 F9000 X110.814 Y105.384
;TYPE:WALL-OUTER
G1 F600 X110.202 Y105.384 E168.70742
G1 X109.237 Y105.467 E168.72854
G1 X107.81 Y106.137 E168.76291
G1 X106.738 Y107.217 E168.79608
G1 X106.439 Y107.887 E168.81208
G1 X106.128 Y108.556 E168.82816
G1 X106.056 Y109.591 E168.85078
G1 X106.021 Y109.965 E168.85897
G1 X106.401 Y111.294 E168.88911
G1 X107.075 Y112.458 E168.91843
G1 X108.095 Y113.311 E168.94742
G1 X109.335 Y113.764 E168.9762
G1 X110.665 Y113.764 E169.0052
G1 X111.355 Y113.512 E169.02122
G1 X111.981 Y113.357 E169.03528
G1 X113.123 Y112.579 E169.0654
G1 X113.962 Y111.411 E169.09676
G1 X114.199 Y110.519 E169.11688
G1 X114.358 Y109.958 E169.12959
G1 X114.229 Y108.424 E169.16315
G1 X113.541 Y106.946 E169.1987
G1 X112.344 Y105.942 E169.23276
G1 X110.814 Y105.384 E169.26827
G0 F9000 X110.614 Y105.384
G0 X110.444 Y105.941
;TYPE:FILL
G1 F720 X110.353 Y106.282 E169.28767
G0 F9000 X113.241 Y109.772
G1 F720 X113.456 Y109.714 E169.29991
;TYPE:FILL
G1 X113.24 Y109.772
G1 X107.087 Y111.421 E169.82525
G0 F9000 X108.575 Y112.918
G1 F720 X110.353 Y106.281 E170.39189
G0 F9000 X107.787 Y106.91
G1 F720 X112.688 Y111.811 E170.96349
;TYPE:FILL
G1 X112.881 Y112.005 E170.97101
G0 F9000 X113.457 Y109.714
G1 F720 X113.797 Y109.623 E170.98068
G0 F9000 X113.429 Y109.652
;MESH:NONMESH
G0 F600 X113.429 Y109.652 Z10.84
G0 F9000 X113.139 Y107.263
G0 X113.366 Y107.158
;TIME_ELAPSED:555.605046
;LAYER:88
;TYPE:WALL-INNER
;MESH:screw_15mm_15rotations_1pitch.stl
G1 F780 X112.191 Y106.332 E171.01472
G1 X110.777 Y105.957 E171.04939
G1 X110.328 Y106.004 E171.06009
G1 X109.373 Y106.087 E171.0828
G1 X108.691 Y106.419 E171.10078
G1 X108.148 Y106.673 E171.11498
G1 X107.238 Y107.606 E171.14587
G1 X106.836 Y108.506 E171.16923
G1 X106.677 Y108.79 E171.17694
G1 X106.465 Y110.007 E171.20622
G1 X106.678 Y111.213 E171.23524
G1 X107.291 Y112.276 E171.26432
G1 X108.229 Y113.061 E171.2933
G1 X108.548 Y113.183 E171.3014
G1 X109.435 Y113.612 E171.32475
G1 X110.717 Y113.741 E171.35528
G1 X111.307 Y113.581 E171.36977
G1 X112.038 Y113.399 E171.38762
G1 X112.827 Y112.845 E171.41047
G1 X113.195 Y112.596 E171.42099
G1 X114.033 Y111.408 E171.45545
G1 X114.404 Y110.008 E171.48977
G1 X114.139 Y108.497 E171.52612
G1 X113.366 Y107.158 E171.56276
G0 F9000 X113.578 Y106.965
;TYPE:WALL-OUTER
G1 F600 X112.311 Y106.074 E171.59653
G1 X110.799 Y105.673 E171.63064
G1 X110.304 Y105.725 E171.64149
G1 X109.297 Y105.812 E171.66352
G1 X108.573 Y106.165 E171.68109
G1 X107.983 Y106.441 E171.69529
G1 X107.003 Y107.446 E171.72589
G1 X106.58 Y108.392 E171.74848
G1 X106.409 Y108.693 E171.75603
G1 X106.18 Y110.008 E171.78513
G1 X106.411 Y111.31 E171.81396
G1 X107.073 Y112.459 E171.84287
G1 X108.087 Y113.307 E171.87169
G1 X108.427 Y113.435 E171.87961
G1 X109.358 Y113.886 E171.90217
G1 X110.741 Y114.025 E171.93247
G1 X111.375 Y113.853 E171.94679
G1 X112.157 Y113.659 E171.96436
G1 X112.983 Y113.077 E171.98639
G1 X113.394 Y112.799 E171.99721
G1 X114.291 Y111.529 E172.0311
G1 X114.691 Y110.021 E172.06512
G1 X114.406 Y108.4 E172.101
G1 X113.578 Y106.965 E172.13712
G0 F9000 X113.415 Y106.85
G0 X113.127 Y107.258
G0 X114.083 Y109.634
;TYPE:FILL
G1 F720 X113.679 Y109.743 E172.14862
G0 F9000 X110.135 Y106.768
G1 F720 X110.271 Y106.259 E172.16311
G0 F9000 X108.247 Y107.25
G1 F720 X108.087 Y107.09 E172.16933
G0 F9000 X108.352 Y107.349
;MESH:NONMESH
G0 F600 X108.352 Y107.349 Z10.96
G0 F9000 X113.042 Y112.439
G0 X113.369 Y112.834
;TIME_ELAPSED:561.041980
;LAYER:89
;TYPE:WALL-INNER
;MESH:screw_15mm_15rotations_1pitch.stl
G1 F780 X114.14 Y111.501 E172.20582
G1 X114.388 Y110.084 E172.23991
G1 X113.995 Y108.608 E172.27611
G1 X113.163 Y107.43 E172.31028
G1 X112.714 Y107.127 E172.32312
G1 X112.017 Y106.637 E172.34331
G1 X111.192 Y106.432 E172.36346
G1 X110.71 Y106.3 E172.3753
G1 X109.433 Y106.431 E172.40572
G1 X108.853 Y106.709 E172.42096
G1 X108.224 Y106.943 E172.43687
G1 X107.287 Y107.731 E172.46588
G1 X106.679 Y108.786 E172.49474
G1 X106.463 Y110.004 E172.52405
G1 X106.684 Y111.252 E172.55409
G1 X107.213 Y112.43 E172.58469
G1 X108.133 Y113.366 E172.61579
G1 X109.372 Y113.954 E172.64829
G1 X110.78 Y114.085 E172.6818
G1 X112.211 Y113.704 E172.71689
G1 X112.966 Y113.172 E172.73878
G1 X113.369 Y112.834 E172.75124
G0 F9000 X113.587 Y113.017
;TYPE:WALL-OUTER
G1 F600 X114.407 Y111.598 E172.78698
G1 X114.674 Y110.073 E172.82073
G1 X114.253 Y108.488 E172.85648
G1 X113.363 Y107.227 E172.89013
G1 X112.875 Y106.897 E172.90298
G1 X112.135 Y106.378 E172.92268
G1 X111.266 Y106.161 E172.94221
G1 X110.733 Y106.016 E172.95425
G1 X109.356 Y106.158 E172.98444
G1 X108.732 Y106.456 E172.99951
G1 X108.081 Y106.698 E173.01465
G1 X107.069 Y107.548 E173.04347
G1 X106.412 Y108.689 E173.07217
G1 X106.179 Y110.004 E173.10129
G1 X106.414 Y111.335 E173.13076
G1 X106.978 Y112.59 E173.16075
G1 X107.969 Y113.599 E173.19159
G1 X109.296 Y114.228 E173.2236
G1 X110.804 Y114.368 E173.25662
G1 X112.332 Y113.962 E173.29109
G1 X113.137 Y113.394 E173.31257
G1 X113.587 Y113.017 E173.32537
G0 F9000 X113.687 Y112.844
G0 X113.398 Y112.282
;TYPE:FILL
G1 F720 X113.31 Y112.194 E173.32879
G0 F9000 X113.703 Y109.823
G1 F720 X114.034 Y109.734 E173.33821
G0 F9000 X110.048 Y106.768
G1 F720 X110.089 Y106.614 E173.3426
G0 F9000 X110.124 Y106.983
;MESH:NONMESH
G0 F600 X110.124 Y106.983 Z11.08
G0 F9000 X109.428 Y113.741
G0 X109.304 Y114.299
;TIME_ELAPSED:566.355264
;LAYER:90
;TYPE:WALL-INNER
;MESH:screw_15mm_15rotations_1pitch.stl
G1 F780 X109.743 Y114.337 E173.35304
G1 X110.766 Y114.336 E173.37728
G1 X112.2 Y113.813 E173.41345
G1 X112.896 Y113.23 E173.43497
G1 X113.29 Y112.838 E173.44814
G1 X113.913 Y111.496 E173.4832
G1 X114.033 Y110.071 E173.51709
G1 X113.668 Y108.733 E173.54996
G1 X112.891 Y107.651 E173.58152
G1 X111.842 Y106.939 E173.61157
G1 X111.565 Y106.865 E173.61836
G1 X110.616 Y106.517 E173.64232
G1 X109.378 Y106.519 E173.67165
G1 X108.228 Y106.941 E173.70068
G1 X107.29 Y107.727 E173.72969
G1 X106.787 Y108.589 E173.75334
G1 X106.611 Y108.829 E173.76039
G1 X106.264 Y110.07 E173.79093
G1 X106.302 Y110.496 E173.80106
G1 X106.364 Y111.39 E173.8223
G1 X106.704 Y112.119 E173.84136
G1 X106.941 Y112.649 E173.85512
G1 X107.959 Y113.67 E173.88929
G1 X109.304 Y114.299 E173.92447
G0 F9000 X109.23 Y114.574
;TYPE:WALL-OUTER
G1 F600 X109.731 Y114.617 E173.93544
G1 X110.815 Y114.616 E173.95907
G1 X112.342 Y114.059 E173.99451
G1 X113.085 Y113.437 E174.01563
G1 X113.523 Y113.001 E174.02911
G1 X114.188 Y111.567 E174.06357
G1 X114.316 Y110.044 E174.09689
G1 X113.925 Y108.61 E174.1293
G1 X113.35 Y107.818 E174.15063
G1 X113.091 Y107.448 E174.16048
G1 X111.959 Y106.68 E174.1903
G1 X111.704 Y106.616 E174.19604
G1 X110.665 Y106.237 E174.22015
G1 X109.328 Y106.239 E174.2493
G1 X108.085 Y106.694 E174.27816
G1 X107.073 Y107.544 E174.30697
G1 X106.561 Y108.424 E174.32917
G1 X106.355 Y108.705 E174.33676
G1 X105.981 Y110.044 E174.36707
G1 X106.023 Y110.516 E174.3774
G1 X106.088 Y111.461 E174.39806
G1 X106.448 Y112.234 E174.41665
G1 X106.706 Y112.811 E174.43043
G1 X107.794 Y113.902 E174.46402
G1 X109.23 Y114.574 E174.49859
G0 F9000 X109.429 Y114.591
G0 X109.472 Y114.094
G0 X108.254 Y113.132
;TYPE:FILL
G1 F720 X108.337 Y112.825 E174.51607
;TYPE:FILL
G1 X108.337 Y112.824
G1 X109.96 Y106.766 E175.03328
G0 F9000 X108.386 Y107.15
G1 F720 X113.279 Y112.043 E175.60394
G0 F9000 X113.725 Y109.905
G1 F720 X107.217 Y111.649 E176.15959
;TYPE:FILL
G1 X107.144 Y111.668
G1 X106.807 Y111.759 E176.16918
G0 F9000 X108.254 Y113.133
G1 F720 X108.159 Y113.486 E176.17923
G0 F9000 X108.319 Y113.15
;MESH:NONMESH
G0 F600 X108.319 Y113.15 Z11.2
G0 F9000 X107.124 Y112.526
G0 X106.666 Y112.863
;TIME_ELAPSED:573.335360
;LAYER:91
;TYPE:WALL-INNER
;MESH:screw_15mm_15rotations_1pitch.stl
G1 F780 X107.798 Y113.813 E176.21425
G1 X109.236 Y114.337 E176.25052
G1 X109.651 Y114.337 E176.26036
G1 X110.688 Y114.247 E176.28502
G1 X112.017 Y113.624 E176.31981
G1 X112.293 Y113.338 E176.32923
G1 X113.021 Y112.615 E176.35354
G1 X113.307 Y111.971 E176.37024
G1 X113.588 Y111.369 E176.38598
G1 X113.683 Y110.076 E176.41671
G1 X113.326 Y108.795 E176.44822
G1 X112.711 Y107.727 E176.47743
G1 X111.763 Y106.936 E176.50668
G1 X110.62 Y106.517 E176.53553
G1 X109.384 Y106.517 E176.56482
G1 X108.836 Y106.718 E176.57866
G1 X108.129 Y106.897 E176.59594
G1 X107.069 Y107.618 E176.62632
G1 X106.725 Y108.106 E176.64047
G1 X106.284 Y108.709 E176.65817
G1 X106.053 Y109.578 E176.67948
G1 X105.914 Y110.07 E176.6916
G1 X106.037 Y111.513 E176.72592
G1 X106.666 Y112.863 E176.76121
G0 F9000 X106.438 Y113.037
;TYPE:WALL-OUTER
G1 F600 X107.656 Y114.059 E176.79588
G1 X109.186 Y114.617 E176.83138
G1 X109.663 Y114.617 E176.84178
G1 X110.761 Y114.522 E176.86581
G1 X112.182 Y113.856 E176.90002
G1 X112.491 Y113.537 E176.90971
G1 X113.255 Y112.776 E176.93322
G1 X113.561 Y112.089 E176.94961
G1 X113.863 Y111.44 E176.96522
G1 X113.966 Y110.048 E176.99565
G1 X113.592 Y108.695 E177.02625
G1 X112.929 Y107.545 E177.0552
G1 X111.905 Y106.69 E177.08428
G1 X110.669 Y106.237 E177.11298
G1 X109.334 Y106.237 E177.14209
G1 X108.731 Y106.457 E177.15608
G1 X108.009 Y106.638 E177.17231
G1 X106.869 Y107.414 E177.20237
G1 X106.533 Y107.895 E177.21517
G1 X106.026 Y108.586 E177.23385
G1 X105.783 Y109.502 E177.25451
G1 X105.631 Y110.043 E177.26676
G1 X105.745 Y111.333 E177.295
G1 X105.761 Y111.584 E177.30048
G1 X106.438 Y113.037 E177.33543
G0 F9000 X106.591 Y113.165
G0 X106.912 Y112.784
G0 X106.505 Y111.928
;TYPE:FILL
G1 F720 X106.671 Y111.883 E177.34016
G0 F9000 X108.165 Y113.138
G1 F720 X108.033 Y113.631 E177.35419
G0 F9000 X112.862 Y111.506
G1 F720 X113.125 Y111.768 E177.36439
G0 F9000 X113.262 Y110.117
G1 F720 X113.423 Y110.074 E177.36897
G0 F9000 X113.055 Y110.172
;MESH:NONMESH
G0 F600 X113.055 Y110.172 Z11.32
G0 F9000 X106.134 Y110.086
G0 X105.597 Y109.998
;TIME_ELAPSED:578.834432
;LAYER:92
;TYPE:WALL-INNER
;MESH:screw_15mm_15rotations_1pitch.stl
G1 F780 X105.861 Y111.502 E177.40516
G1 X106.622 Y112.819 E177.44121
G1 X107.81 Y113.654 E177.47562
G1 X109.227 Y114.032 E177.51037
G1 X109.697 Y113.983 E177.52157
G1 X110.625 Y113.902 E177.54365
G1 X111.329 Y113.559 E177.5622
G1 X111.848 Y113.318 E177.57576
G1 X112.754 Y112.389 E177.60652
G1 X113.124 Y111.559 E177.62805
G1 X113.325 Y111.208 E177.63764
G1 X113.537 Y110.002 E177.66665
G1 X113.325 Y108.792 E177.69576
G1 X112.714 Y107.732 E177.72476
G1 X111.768 Y106.937 E177.75404
G1 X111.547 Y106.851 E177.75966
G1 X110.58 Y106.381 E177.78514
G1 X109.278 Y106.249 E177.81615
G1 X107.953 Y106.593 E177.84859
G1 X107.146 Y107.161 E177.87198
G1 X106.796 Y107.397 E177.88198
G1 X105.956 Y108.59 E177.91656
G1 X105.629 Y109.813 E177.94656
G1 X105.597 Y109.998 E177.95101
G0 F9000 X105.312 Y109.998
;TYPE:WALL-OUTER
G1 F600 X105.594 Y111.599 E177.98645
G1 X106.41 Y113.012 E178.02203
G1 X107.692 Y113.913 E178.05619
G1 X109.204 Y114.316 E178.0903
G1 X109.721 Y114.262 E178.10164
G1 X110.701 Y114.177 E178.12308
G1 X111.447 Y113.813 E178.14118
G1 X112.013 Y113.551 E178.15478
G1 X112.99 Y112.548 E178.18531
G1 X113.376 Y111.682 E178.20598
G1 X113.592 Y111.305 E178.21545
G1 X113.822 Y110.002 E178.2443
G1 X113.592 Y108.695 E178.27323
G1 X112.932 Y107.549 E178.30206
G1 X111.912 Y106.692 E178.33111
G1 X111.707 Y106.616 E178.33587
G1 X110.656 Y106.106 E178.36134
G1 X109.256 Y105.966 E178.39202
G1 X107.834 Y106.334 E178.42404
G1 X106.99 Y106.929 E178.44656
G1 X106.596 Y107.193 E178.4569
G1 X105.698 Y108.469 E178.49091
G1 X105.355 Y109.753 E178.51989
G1 X105.312 Y109.998 E178.52531
G0 F9000 X105.346 Y110.195
G0 X105.838 Y110.109
G0 X106.453 Y112.03
;TYPE:FILL
G1 F720 X106.724 Y111.957 E178.53303
G0 F9000 X108.083 Y113.114
G1 F720 X107.995 Y113.442 E178.54236
G0 F9000 X108.082 Y113.082
;MESH:NONMESH
G0 F600 X108.082 Y113.082 Z11.44
G0 F9000 X105.824 Y109.966
G0 X105.629 Y109.932
;TIME_ELAPSED:583.962649
;LAYER:93
;TYPE:WALL-INNER
;MESH:screw_15mm_15rotations_1pitch.stl
G1 F780 X106.017 Y111.39 E178.57812
G1 X106.846 Y112.563 E178.61216
G1 X107.988 Y113.353 E178.64506
G1 X108.836 Y113.564 E178.66577
G1 X109.292 Y113.689 E178.67698
G1 X110.564 Y113.558 E178.70728
G1 X111.068 Y113.318 E178.72051
G1 X111.775 Y113.056 E178.73838
G1 X112.713 Y112.269 E178.76739
G1 X113.325 Y111.208 E178.79642
G1 X113.537 Y110.008 E178.8253
G1 X113.317 Y108.721 E178.85624
G1 X112.804 Y107.571 E178.88608
G1 X111.873 Y106.624 E178.91755
G1 X111.216 Y106.318 E178.93473
G1 X110.636 Y106.036 E178.95001
G1 X109.552 Y105.942 E178.97579
G1 X109.214 Y105.906 E178.98385
G1 X107.782 Y106.287 E179.01897
G1 X107.139 Y106.74 E179.03761
G1 X106.631 Y107.166 E179.05332
G1 X105.86 Y108.499 E179.08981
G1 X105.649 Y109.705 E179.11882
G1 X105.629 Y109.932 E179.12422
G0 F9000 X105.346 Y109.957
;TYPE:WALL-OUTER
G1 F600 X105.759 Y111.51 E179.15926
G1 X106.647 Y112.766 E179.19279
G1 X107.87 Y113.612 E179.22522
G1 X108.762 Y113.835 E179.24526
G1 X109.269 Y113.973 E179.25672
G1 X110.642 Y113.831 E179.28681
G1 X111.165 Y113.581 E179.29945
G1 X111.918 Y113.302 E179.31696
G1 X112.931 Y112.452 E179.34579
G1 X113.592 Y111.305 E179.37465
G1 X113.821 Y110.008 E179.40336
G1 X113.603 Y108.759 E179.43101
G1 X113.593 Y108.652 E179.43335
G1 X113.039 Y107.411 E179.46298
G1 X112.037 Y106.391 E179.49415
G1 X111.338 Y106.066 E179.51096
G1 X110.712 Y105.761 E179.52614
G1 X109.192 Y105.623 E179.55942
G1 X107.661 Y106.029 E179.59395
G1 X106.968 Y106.518 E179.61244
G1 X106.413 Y106.983 E179.62823
G1 X105.593 Y108.402 E179.66396
G1 X105.371 Y109.668 E179.69198
G1 X105.346 Y109.957 E179.6983
G0 F9000 X105.397 Y110.15
G0 X105.878 Y110.023
G0 X108.623 Y107.026
;TYPE:FILL
G1 F720 X108.348 Y106.751 E179.71969
G0 F9000 X109.696 Y106.766
G1 F720 X109.755 Y106.548 E179.7321
;TYPE:FILL
G1 X109.696 Y106.765
G1 X108.009 Y113.061 E180.26964
G0 F9000 X106.774 Y112.032
G1 F720 X113.228 Y110.302 E180.82068
G0 F9000 X112.951 Y111.355
G1 F720 X108.626 Y107.029 E181.32516
G0 F9000 X108.345 Y106.749
;TYPE:FILL
G1 F720 X108.066 Y106.469 E181.33602
G0 F9000 X109.754 Y106.549
G1 F720 X109.844 Y106.214 E181.34556
G0 F9000 X109.812 Y106.585
;MESH:NONMESH
G0 F600 X109.812 Y106.585 Z11.56
G0 F9000 X110.578 Y106.248
G0 X110.7 Y105.69
;TIME_ELAPSED:591.059914
;LAYER:94
;TYPE:WALL-INNER
;MESH:screw_15mm_15rotations_1pitch.stl
G1 F780 X110.383 Y105.663 E181.3531
G1 X109.234 Y105.664 E181.38033
G1 X107.8 Y106.187 E181.4165
G1 X107.209 Y106.682 E181.43477
G1 X106.719 Y107.17 E181.45116
G1 X106.097 Y108.507 E181.4861
G1 X105.979 Y109.929 E181.51991
G1 X106.156 Y110.557 E181.53538
G1 X106.345 Y111.272 E181.5529
G1 X107.114 Y112.339 E181.58407
G1 X108.164 Y113.05 E181.61412
G1 X108.334 Y113.098 E181.61831
G1 X109.384 Y113.483 E181.64481
G1 X110.622 Y113.481 E181.67415
G1 X111.766 Y113.061 E181.70303
G1 X112.71 Y112.273 E181.73217
G1 X113.18 Y111.468 E181.75426
G1 X113.401 Y111.164 E181.76317
G1 X113.748 Y109.937 E181.79338
G1 X113.707 Y109.477 E181.80433
G1 X113.646 Y108.605 E181.82504
G1 X113.295 Y107.854 E181.84469
G1 X113.069 Y107.345 E181.85789
G1 X112.051 Y106.322 E181.89209
G1 X110.7 Y105.69 E181.92743
G0 F9000 X110.773 Y105.415
;TYPE:WALL-OUTER
G1 F600 X110.395 Y105.383 E181.9357
G1 X109.185 Y105.384 E181.96208
G1 X107.658 Y105.941 E181.99752
G1 X107.02 Y106.475 E182.01566
G1 X106.486 Y107.006 E182.03208
G1 X105.821 Y108.436 E182.06646
G1 X105.696 Y109.955 E182.09969
G1 X105.885 Y110.628 E182.11493
G1 X106.088 Y111.394 E182.13221
G1 X106.916 Y112.543 E182.16308
G1 X108.047 Y113.31 E182.19288
G1 X108.195 Y113.347 E182.1962
G1 X109.334 Y113.763 E182.22264
G1 X110.672 Y113.761 E182.25181
G1 X111.908 Y113.307 E182.28052
G1 X112.927 Y112.456 E182.30946
G1 X113.39 Y111.657 E182.3296
G1 X113.656 Y111.289 E182.3395
G1 X114.031 Y109.964 E182.36952
G1 X113.986 Y109.457 E182.38062
G1 X113.922 Y108.533 E182.40081
G1 X113.551 Y107.74 E182.4199
G1 X113.304 Y107.184 E182.43316
G1 X112.214 Y106.089 E182.46685
G1 X110.773 Y105.415 E182.50153
G0 F9000 X110.574 Y105.399
G0 X109.837 Y105.911
;TYPE:FILL
G1 F720 X109.726 Y106.326 E182.51334
G0 F9000 X108.514 Y106.797
G1 F720 X108.072 Y106.355 E182.53052
G0 F9000 X107.395 Y111.953
G1 F720 X107.183 Y112.01 E182.53656
G0 F9000 X107.486 Y111.796
;MESH:NONMESH
G0 F600 X107.486 Y111.796 Z11.68
G0 F9000 X110.649 Y105.908
G0 X110.764 Y105.664
;TIME_ELAPSED:596.408348
;LAYER:95
;TYPE:WALL-INNER
;MESH:screw_15mm_15rotations_1pitch.stl
G1 F780 X110.475 Y105.664 E182.54341
G1 X109.315 Y105.762 E182.57099
G1 X107.989 Y106.386 E182.60572
G1 X107.697 Y106.688 E182.61568
G1 X106.988 Y107.393 E182.63937
G1 X106.694 Y108.053 E182.65649
G1 X106.422 Y108.635 E182.67172
G1 X106.329 Y109.925 E182.70237
G1 X106.658 Y111.107 E182.73144
G1 X106.678 Y111.213 E182.734
G1 X107.29 Y112.275 E182.76305
G1 X108.236 Y113.064 E182.79224
G1 X109.384 Y113.484 E182.82121
G1 X110.615 Y113.483 E182.85038
G1 X111.086 Y113.313 E182.86225
G1 X111.87 Y113.119 E182.88138
G1 X112.941 Y112.39 E182.91209
G1 X113.262 Y111.93 E182.92538
G1 X113.726 Y111.289 E182.94413
G1 X114.098 Y109.931 E182.9775
G1 X113.976 Y108.49 E183.01177
G1 X113.347 Y107.15 E183.04685
G1 X112.202 Y106.187 E183.0823
G1 X110.764 Y105.664 E183.11857
G0 F9000 X110.814 Y105.384
;TYPE:WALL-OUTER
G1 F600 X110.463 Y105.384 E183.12622
G1 X109.242 Y105.487 E183.15293
G1 X107.824 Y106.154 E183.1871
G1 X107.499 Y106.489 E183.19727
G1 X106.754 Y107.232 E183.22021
G1 X106.44 Y107.934 E183.23698
G1 X106.147 Y108.564 E183.25213
G1 X106.046 Y109.954 E183.28251
G1 X106.375 Y111.125 E183.30903
G1 X106.412 Y111.312 E183.31319
G1 X107.073 Y112.458 E183.34203
G1 X108.094 Y113.31 E183.37102
G1 X109.334 Y113.764 E183.39981
G1 X110.666 Y113.763 E183.42885
G1 X111.139 Y113.589 E183.43984
G1 X111.989 Y113.378 E183.45893
G1 X113.141 Y112.593 E183.48933
G1 X113.547 Y112.013 E183.50476
G1 X113.984 Y111.411 E183.52098
G1 X114.381 Y109.959 E183.5538
G1 X114.25 Y108.417 E183.58754
G1 X113.574 Y106.975 E183.62226
G1 X112.344 Y105.941 E183.65729
G1 X110.814 Y105.384 E183.69279
G0 F9000 X110.614 Y105.384
G0 X110.614 Y105.883
G0 X109.732 Y105.976
;TYPE:FILL
G1 F720 X109.636 Y106.334 E183.70298
G0 F9000 X108.596 Y106.758
G1 F720 X108.336 Y106.499 E183.71307
G0 F9000 X108.491 Y106.833
;MESH:NONMESH
G0 F600 X108.491 Y106.833 Z11.8
G0 F9000 X113.173 Y107.293
G0 X113.384 Y107.195
;TIME_ELAPSED:601.501695
;LAYER:96
;TYPE:WALL-INNER
;MESH:screw_15mm_15rotations_1pitch.stl
G1 F780 X112.181 Y106.353 E183.74787
G1 X110.772 Y105.979 E183.78241
G1 X110.276 Y106.031 E183.79423
G1 X109.381 Y106.106 E183.81552
G1 X108.654 Y106.46 E183.83468
G1 X108.158 Y106.691 E183.84765
G1 X107.255 Y107.618 E183.87831
G1 X106.92 Y108.368 E183.89778
G1 X106.675 Y108.793 E183.9094
G1 X106.462 Y109.999 E183.93843
G1 X106.678 Y111.213 E183.96765
G1 X107.291 Y112.276 E183.99673
G1 X108.231 Y113.063 E184.02578
G1 X108.353 Y113.112 E184.02889
G1 X109.427 Y113.632 E184.05717
G1 X110.724 Y113.763 E184.08806
G1 X111.364 Y113.591 E184.10377
G1 X112.05 Y113.42 E184.12052
G1 X112.882 Y112.833 E184.14465
G1 X113.213 Y112.611 E184.1541
G1 X114.053 Y111.413 E184.18877
G1 X114.348 Y110.311 E184.21581
G1 X114.403 Y110 E184.22329
G1 X114.138 Y108.498 E184.25944
G1 X113.384 Y107.195 E184.29511
G0 F9000 X113.595 Y107.001
;TYPE:WALL-OUTER
G1 F600 X112.301 Y106.096 E184.32954
G1 X110.795 Y105.696 E184.36351
G1 X110.252 Y105.752 E184.37541
G1 X109.306 Y105.831 E184.39611
G1 X108.536 Y106.206 E184.41478
G1 X107.994 Y106.459 E184.42782
G1 X107.019 Y107.459 E184.45827
G1 X106.672 Y108.237 E184.47684
G1 X106.408 Y108.696 E184.48839
G1 X106.178 Y109.999 E184.51723
G1 X106.411 Y111.31 E184.54626
G1 X107.073 Y112.459 E184.57518
G1 X108.088 Y113.309 E184.60404
G1 X108.192 Y113.347 E184.60645
G1 X109.351 Y113.907 E184.63452
G1 X110.746 Y114.046 E184.66508
G1 X111.432 Y113.862 E184.68057
G1 X112.168 Y113.679 E184.6971
G1 X113.038 Y113.065 E184.72032
G1 X113.412 Y112.814 E184.73014
G1 X114.311 Y111.533 E184.76426
G1 X114.621 Y110.372 E184.79046
G1 X114.688 Y110 E184.7987
G1 X114.405 Y108.4 E184.83412
G1 X113.595 Y107.001 E184.86937
G0 F9000 X113.432 Y106.887
G0 X113.145 Y107.295
G0 X113.699 Y110.439
;TYPE:FILL
G1 F720 X113.317 Y110.541 E184.8911
G0 F9000 X113.103 Y111.147
G1 F720 X113.346 Y111.39 E184.91
G0 F9000 X113.104 Y111.148
;TYPE:FILL
G1 F720 X108.68 Y106.724 E185.42596
G0 F9000 X109.547 Y106.341
G1 F720 X107.907 Y112.461 E185.94847
G0 F9000 X107.481 Y112.105
G1 F720 X113.316 Y110.542 E186.44664
G0 F9000 X113.7 Y110.439
;TYPE:FILL
G1 F720 X114.08 Y110.337 E186.45746
G0 F9000 X113.344 Y111.388
G1 F720 X113.591 Y111.635 E186.46706
G0 F9000 X113.291 Y111.423
;MESH:NONMESH
G0 F600 X113.291 Y111.423 Z11.92
G0 F9000 X114.177 Y110.032
G0 X114.36 Y110.065
;TIME_ELAPSED:608.480434
;LAYER:97
;TYPE:WALL-INNER
;MESH:screw_15mm_15rotations_1pitch.stl
G1 F780 X113.973 Y108.616 E186.5026
G1 X113.147 Y107.443 E186.5366
G1 X112.006 Y106.655 E186.56946
G1 X111.142 Y106.44 E186.59056
G1 X110.705 Y106.323 E186.60128
G1 X109.448 Y106.45 E186.63122
G1 X109.102 Y106.616 E186.64032
G1 X108.224 Y106.944 E186.66253
G1 X107.287 Y107.731 E186.69153
G1 X106.675 Y108.792 E186.72055
G1 X106.463 Y109.999 E186.74959
G1 X106.654 Y111.083 E186.77568
G1 X106.671 Y111.277 E186.78029
G1 X107.194 Y112.441 E186.81053
G1 X108.123 Y113.387 E186.84195
G1 X108.802 Y113.703 E186.8597
G1 X109.366 Y113.976 E186.87455
G1 X110.789 Y114.105 E186.90841
G1 X112.223 Y113.724 E186.94357
G1 X112.756 Y113.348 E186.95903
G1 X113.369 Y112.834 E186.97799
G1 X114.14 Y111.501 E187.01448
G1 X114.329 Y110.425 E187.04037
G1 X114.36 Y110.065 E187.04893
G0 F9000 X114.643 Y110.04
;TYPE:WALL-OUTER
G1 F600 X114.231 Y108.495 E187.08379
G1 X113.346 Y107.239 E187.11729
G1 X112.124 Y106.396 E187.14966
G1 X111.215 Y106.17 E187.17008
G1 X110.728 Y106.039 E187.18107
G1 X109.371 Y106.176 E187.21081
G1 X108.944 Y106.379 E187.22112
G1 X108.081 Y106.698 E187.24118
G1 X107.069 Y107.548 E187.26999
G1 X106.408 Y108.695 E187.29885
G1 X106.178 Y109.999 E187.32772
G1 X106.384 Y111.177 E187.35379
G1 X106.395 Y111.346 E187.35749
G1 X106.96 Y112.603 E187.38753
G1 X107.27 Y112.911 E187.39706
G1 X107.958 Y113.619 E187.41858
G1 X108.68 Y113.955 E187.43595
G1 X109.29 Y114.251 E187.45073
G1 X110.445 Y114.35 E187.476
G1 X110.811 Y114.389 E187.48403
G1 X112.344 Y113.982 E187.51861
G1 X112.927 Y113.571 E187.53416
G1 X113.587 Y113.017 E187.55295
G1 X114.407 Y111.598 E187.58868
G1 X114.607 Y110.461 E187.61385
G1 X114.643 Y110.04 E187.62306
G0 F9000 X114.592 Y109.847
G0 X114.072 Y110.427
;TYPE:FILL
G1 F720 X113.369 Y110.615 E187.64306
G0 F9000 X113.321 Y111.245
G1 F720 X113.75 Y111.674 E187.65974
G0 F9000 X113.433 Y111.489
;MESH:NONMESH
G0 F600 X113.433 Y111.489 Z12.04
G0 F9000 X109.424 Y113.764
G0 X109.332 Y114.337
;TIME_ELAPSED:613.577666
;LAYER:98
;TYPE:WALL-INNER
;MESH:screw_15mm_15rotations_1pitch.stl
G1 F780 X110.766 Y114.337 E187.69372
G1 X112.2 Y113.813 E187.7299
G1 X112.686 Y113.406 E187.74493
G1 X113.271 Y112.823 E187.7645
G1 X113.894 Y111.486 E187.79945
G1 X113.918 Y111.13 E187.80791
G1 X114.011 Y110.072 E187.83308
G1 X113.823 Y109.407 E187.84945
G1 X113.646 Y108.74 E187.86581
G1 X112.875 Y107.663 E187.8972
G1 X111.832 Y106.957 E187.92704
G1 X111.741 Y106.93 E187.92929
G1 X110.615 Y106.517 E187.95771
G1 X109.385 Y106.517 E187.98686
G1 X108.227 Y106.941 E188.01609
G1 X107.29 Y107.726 E188.04505
G1 X106.9 Y108.401 E188.06353
G1 X106.589 Y108.831 E188.0761
G1 X106.241 Y110.07 E188.1066
G1 X106.284 Y110.55 E188.11802
G1 X106.343 Y111.397 E188.13814
G1 X106.705 Y112.17 E188.15837
G1 X106.926 Y112.665 E188.17122
G1 X107.944 Y113.689 E188.20544
G1 X109.332 Y114.337 E188.24174
G0 F9000 X109.27 Y114.617
;TYPE:WALL-OUTER
G1 F600 X110.816 Y114.617 E188.27544
G1 X112.342 Y114.059 E188.31087
G1 X112.875 Y113.613 E188.32602
G1 X113.504 Y112.987 E188.34537
G1 X114.17 Y111.557 E188.37976
G1 X114.197 Y111.154 E188.38856
G1 X114.294 Y110.045 E188.41283
G1 X114.094 Y109.335 E188.42892
G1 X113.903 Y108.618 E188.44509
G1 X113.075 Y107.461 E188.47611
G1 X111.949 Y106.697 E188.50578
G1 X111.837 Y106.667 E188.50831
G1 X110.665 Y106.237 E188.53552
G1 X109.335 Y106.237 E188.56452
G1 X108.085 Y106.694 E188.59354
G1 X107.072 Y107.543 E188.62235
G1 X106.658 Y108.259 E188.64039
G1 X106.333 Y108.707 E188.65245
G1 X105.958 Y110.044 E188.68273
G1 X106.005 Y110.57 E188.69424
G1 X106.067 Y111.469 E188.71389
G1 X106.449 Y112.284 E188.73351
G1 X106.691 Y112.826 E188.74645
G1 X107.781 Y113.921 E188.78014
G1 X109.27 Y114.617 E188.81597
G0 F9000 X109.47 Y114.617
G0 X109.487 Y114.118
G0 X113.33 Y111.133
;TYPE:FILL
G1 F720 X113.637 Y111.441 E188.82793
G0 F9000 X113.362 Y110.705
G1 F720 X113.713 Y110.611 E188.83791
G0 F9000 X113.345 Y110.579
;MESH:NONMESH
G0 F600 X113.345 Y110.579 Z12.16
G0 F9000 X107.11 Y112.545
G0 X106.631 Y112.834
;TIME_ELAPSED:618.795171
;LAYER:99
;TYPE:WALL-INNER
;MESH:screw_15mm_15rotations_1pitch.stl
G1 F780 X107.798 Y113.813 E188.87401
G1 X109.265 Y114.347 E188.91101
G1 X110.682 Y114.227 E188.94471
G1 X112.005 Y113.604 E188.97936
G1 X112.314 Y113.285 E188.98989
G1 X112.999 Y112.603 E189.01279
G1 X113.306 Y111.918 E189.03058
G1 X113.566 Y111.361 E189.04515
G1 X113.661 Y110.071 E189.0758
G1 X113.375 Y109.056 E189.10079
G1 X113.325 Y108.792 E189.10716
G1 X112.709 Y107.724 E189.13638
G1 X111.775 Y106.942 E189.16525
G1 X110.615 Y106.516 E189.19453
G1 X109.386 Y106.516 E189.22366
G1 X109.026 Y106.648 E189.23274
G1 X108.117 Y106.877 E189.25496
G1 X107.05 Y107.602 E189.28553
G1 X106.714 Y108.085 E189.29947
G1 X106.262 Y108.708 E189.31771
G1 X105.891 Y110.068 E189.35112
G1 X106.013 Y111.514 E189.38551
G1 X106.631 Y112.834 E189.42005
G0 F9000 X106.404 Y113.009
;TYPE:WALL-OUTER
G1 F600 X107.656 Y114.059 E189.45567
G1 X109.226 Y114.632 E189.49211
G1 X110.756 Y114.502 E189.52559
G1 X112.17 Y113.836 E189.55966
G1 X112.512 Y113.484 E189.57036
G1 X113.234 Y112.765 E189.59258
G1 X113.56 Y112.036 E189.60999
G1 X113.842 Y111.433 E189.6245
G1 X113.944 Y110.045 E189.65484
G1 X113.644 Y108.98 E189.67897
G1 X113.592 Y108.695 E189.68528
G1 X112.927 Y107.541 E189.71432
G1 X111.917 Y106.696 E189.74303
G1 X110.665 Y106.236 E189.77211
G1 X109.336 Y106.236 E189.80109
G1 X108.938 Y106.382 E189.81033
G1 X107.998 Y106.618 E189.83146
G1 X106.85 Y107.399 E189.86173
G1 X106.439 Y107.988 E189.87739
G1 X106.006 Y108.585 E189.89347
G1 X105.608 Y110.042 E189.9264
G1 X105.739 Y111.588 E189.96022
G1 X106.404 Y113.009 E189.99443
G0 F9000 X106.557 Y113.137
G0 X107.111 Y112.468
;TYPE:FILL
G1 F720 X107.475 Y112.371 E190.01514
G1 X107.626 Y112.525
G1 X107.523 Y112.91 E190.03705
G0 F9000 X107.626 Y112.524
;TYPE:FILL
G1 F720 X109.14 Y106.874 E190.51944
G1 X109.177 Y106.861
G1 X113.339 Y111.022 E191.00478
G1 X113.355 Y110.795
G1 X107.474 Y112.371 E191.50689
G0 F9000 X107.112 Y112.468
;TYPE:FILL
G1 F720 X106.776 Y112.558 E191.51646
G0 F9000 X107.523 Y112.911
G1 F720 X107.447 Y113.192 E191.52446
G0 F9000 X107.685 Y112.911
;MESH:NONMESH
G0 F600 X107.685 Y112.911 Z12.28
G0 F9000 X106.111 Y110.085
G0 X105.597 Y110
;TIME_ELAPSED:625.499193
;LAYER:100
;TYPE:WALL-INNER
;MESH:screw_15mm_15rotations_1pitch.stl
G1 F780 X105.862 Y111.505 E191.56067
G1 X106.596 Y112.776 E191.59545
G1 X107.822 Y113.634 E191.63092
G1 X109.23 Y114.01 E191.66545
G1 X109.749 Y113.955 E191.67782
G1 X110.617 Y113.882 E191.69846
G1 X111.365 Y113.518 E191.71818
G1 X111.837 Y113.299 E191.73051
G1 X112.728 Y112.383 E191.76079
G1 X113.017 Y111.742 E191.77745
G1 X113.325 Y111.208 E191.79206
G1 X113.537 Y110 E191.82112
G1 X113.325 Y108.792 E191.85019
G1 X112.709 Y107.724 E191.87941
G1 X111.77 Y106.94 E191.9084
G1 X110.57 Y106.355 E191.94003
G1 X109.274 Y106.228 E191.97089
G1 X107.944 Y106.574 E192.00346
G1 X107.09 Y107.173 E192.02818
G1 X106.778 Y107.382 E192.03708
G1 X105.936 Y108.583 E192.07184
G1 X105.675 Y109.557 E192.09573
G1 X105.597 Y110 E192.10639
G0 F9000 X105.312 Y110
;TYPE:WALL-OUTER
G1 F600 X105.595 Y111.602 E192.14186
G1 X106.384 Y112.97 E192.17629
G1 X107.704 Y113.893 E192.21141
G1 X109.208 Y114.294 E192.24534
G1 X109.773 Y114.234 E192.25773
G1 X110.692 Y114.157 E192.27784
G1 X111.483 Y113.772 E192.29702
G1 X112.002 Y113.531 E192.30949
G1 X112.963 Y112.543 E192.33954
G1 X113.265 Y111.872 E192.35558
G1 X113.592 Y111.305 E192.36985
G1 X113.822 Y110 E192.39874
G1 X113.592 Y108.695 E192.42763
G1 X112.927 Y107.541 E192.45667
G1 X111.916 Y106.696 E192.4854
G1 X110.647 Y106.081 E192.51614
G1 X109.252 Y105.944 E192.5467
G1 X107.824 Y106.315 E192.57887
G1 X106.933 Y106.94 E192.6026
G1 X106.579 Y107.179 E192.61191
G1 X105.678 Y108.463 E192.64611
G1 X105.402 Y109.496 E192.66942
G1 X105.312 Y110 E192.68058
G0 F9000 X105.346 Y110.197
G0 X105.838 Y110.111
G0 X106.826 Y112.633
;TYPE:FILL
G1 F720 X107.687 Y112.402 E192.70509
G1 X107.589 Y112.336
G1 X107.402 Y113.034 E192.72495
G0 F9000 X107.613 Y112.734
;MESH:NONMESH
G0 F600 X107.613 Y112.734 Z12.4
G0 F9000 X105.824 Y109.965
G0 X105.649 Y109.934
;TIME_ELAPSED:630.618267
;LAYER:101
;TYPE:WALL-INNER
;MESH:screw_15mm_15rotations_1pitch.stl
G1 F780 X106.037 Y111.377 E192.76036
G1 X106.863 Y112.551 E192.79438
G1 X107.425 Y112.931 E192.81046
G1 X107.999 Y113.335 E192.82709
G1 X108.888 Y113.556 E192.8488
G1 X109.296 Y113.667 E192.85882
G1 X110.552 Y113.538 E192.88874
G1 X110.855 Y113.396 E192.89667
G1 X111.777 Y113.056 E192.91996
G1 X112.709 Y112.276 E192.94876
G1 X113.325 Y111.208 E192.97798
G1 X113.537 Y110.001 E193.00702
G1 X113.364 Y109.02 E193.03062
G1 X113.34 Y108.719 E193.03778
G1 X112.815 Y107.553 E193.06808
G1 X112.518 Y107.258 E193.078
G1 X111.888 Y106.606 E193.09949
G1 X111.178 Y106.275 E193.11805
G1 X110.636 Y106.012 E193.13233
G1 X109.21 Y105.884 E193.16626
G1 X107.771 Y106.269 E193.20156
G1 X107.333 Y106.577 E193.21425
G1 X106.631 Y107.167 E193.23598
G1 X105.86 Y108.5 E193.27247
G1 X105.69 Y109.466 E193.29572
G1 X105.649 Y109.934 E193.30685
G0 F9000 X105.366 Y109.959
;TYPE:WALL-OUTER
G1 F600 X105.78 Y111.5 E193.34164
G1 X105.982 Y111.778 E193.34913
G1 X106.663 Y112.754 E193.37508
G1 X107.264 Y113.161 E193.3909
G1 X107.881 Y113.594 E193.40733
G1 X108.815 Y113.827 E193.42832
G1 X109.273 Y113.951 E193.43867
G1 X110.628 Y113.811 E193.46837
G1 X110.917 Y113.674 E193.47534
G1 X111.92 Y113.302 E193.49866
G1 X112.927 Y112.459 E193.52729
G1 X113.592 Y111.305 E193.55633
G1 X113.822 Y110.001 E193.5852
G1 X113.634 Y108.926 E193.60899
G1 X113.616 Y108.65 E193.61502
G1 X113.049 Y107.391 E193.64513
G1 X112.719 Y107.063 E193.65527
G1 X112.054 Y106.375 E193.67613
G1 X111.301 Y106.023 E193.69425
G1 X110.711 Y105.737 E193.70855
G1 X109.531 Y105.636 E193.73437
G1 X109.188 Y105.6 E193.74189
G1 X107.651 Y106.011 E193.77658
G1 X107.162 Y106.355 E193.78961
G1 X106.413 Y106.984 E193.81094
G1 X105.593 Y108.403 E193.84667
G1 X105.412 Y109.43 E193.8694
G1 X105.366 Y109.959 E193.88098
G0 F9000 X105.417 Y110.152
G0 X105.899 Y110.023
G0 X107.514 Y112.285
;TYPE:FILL
G1 F720 X107.423 Y112.626 E193.89068
G1 X107.352 Y112.58
G1 X107.78 Y112.465 E193.90286
G0 F9000 X107.799 Y112.438
;MESH:NONMESH
G0 F600 X107.799 Y112.438 Z12.52
G0 F9000 X107.874 Y106.467
G0 X107.8 Y106.187
;TIME_ELAPSED:635.696366
;LAYER:102
;TYPE:WALL-INNER
;MESH:screw_15mm_15rotations_1pitch.stl
G1 F780 X107.402 Y106.52 E193.91516
G1 X106.737 Y107.184 E193.93743
G1 X106.117 Y108.517 E193.97227
G1 X106.091 Y108.899 E193.98134
G1 X105.999 Y109.929 E194.00585
G1 X106.189 Y110.597 E194.02231
G1 X106.366 Y111.261 E194.03859
G1 X106.951 Y112.065 E194.06216
G1 X107.134 Y112.33 E194.06979
G1 X108.207 Y113.056 E194.10049
G1 X109.382 Y113.483 E194.13012
G1 X110.616 Y113.483 E194.15936
G1 X111.773 Y113.059 E194.18856
G1 X112.709 Y112.276 E194.21748
G1 X113.07 Y111.658 E194.23444
G1 X113.422 Y111.173 E194.24864
G1 X113.77 Y109.929 E194.27925
G1 X113.726 Y109.422 E194.29131
G1 X113.668 Y108.598 E194.31089
G1 X113.294 Y107.8 E194.33177
G1 X113.085 Y107.331 E194.34394
G1 X112.056 Y106.302 E194.37843
G1 X110.696 Y105.664 E194.41403
G1 X109.234 Y105.664 E194.44867
G1 X107.8 Y106.187 E194.48484
G0 F9000 X107.658 Y105.941
;TYPE:WALL-OUTER
G1 F600 X107.213 Y106.313 E194.49749
G1 X106.504 Y107.021 E194.51933
G1 X105.841 Y108.446 E194.5536
G1 X105.812 Y108.874 E194.56295
G1 X105.716 Y109.956 E194.58664
G1 X105.918 Y110.669 E194.60279
G1 X106.109 Y111.384 E194.61893
G1 X106.721 Y112.225 E194.6416
G1 X106.934 Y112.532 E194.64975
G1 X108.078 Y113.308 E194.67989
G1 X109.333 Y113.763 E194.70899
G1 X110.665 Y113.763 E194.73803
G1 X111.915 Y113.306 E194.76705
G1 X112.927 Y112.459 E194.79582
G1 X113.291 Y111.83 E194.81167
G1 X113.678 Y111.297 E194.82603
G1 X114.053 Y109.956 E194.85638
G1 X113.944 Y108.526 E194.88765
G1 X113.553 Y107.695 E194.90767
G1 X113.319 Y107.169 E194.92023
G1 X112.222 Y106.07 E194.95408
G1 X110.759 Y105.384 E194.98931
G1 X109.185 Y105.384 E195.02363
G1 X107.658 Y105.941 E195.05906
G0 F9000 X107.505 Y106.069
G0 X107.824 Y106.45
G0 X108.901 Y106.225
;TYPE:FILL
G1 F720 X109.185 Y106.51 E195.08118
G1 X108.959 Y106.569
G1 X109.063 Y106.18 E195.10332
G0 F9000 X109.186 Y106.51
;TYPE:FILL
G1 F720 X113.192 Y110.516 E195.57053
G0 F9000 X113.078 Y111.132
G1 F720 X107.871 Y112.528 E196.01511
G0 F9000 X107.441 Y112.235
G1 F720 X108.959 Y106.568 E196.49894
G0 F9000 X108.9 Y106.225
;TYPE:FILL
G1 F720 X108.774 Y106.098 E196.50385
G0 F9000 X109.063 Y106.181
G1 F720 X109.12 Y105.97 E196.50986
G0 F9000 X113.19 Y110.515
G1 F720 X113.311 Y110.636 E196.51457
G0 F9000 X112.959 Y110.537
;MESH:NONMESH
G0 F600 X112.959 Y110.537 Z12.64
G0 F9000 X110.656 Y105.885
G0 X110.761 Y105.662
;TIME_ELAPSED:642.653122
;LAYER:103
;TYPE:WALL-INNER
;MESH:screw_15mm_15rotations_1pitch.stl
G1 F780 X109.317 Y105.785 E196.54891
G1 X108.002 Y106.403 E196.58334
G1 X107.007 Y107.408 E196.61686
G1 X106.693 Y108.111 E196.6351
G1 X106.445 Y108.642 E196.64899
G1 X106.351 Y109.931 E196.67962
G1 X106.612 Y110.862 E196.70253
G1 X106.679 Y111.215 E196.71105
G1 X107.289 Y112.272 E196.73997
G1 X108.237 Y113.064 E196.76924
G1 X109.384 Y113.484 E196.79819
G1 X110.613 Y113.483 E196.82731
G1 X110.912 Y113.376 E196.83484
G1 X111.89 Y113.133 E196.85872
G1 X112.958 Y112.404 E196.88936
G1 X113.338 Y111.862 E196.90505
G1 X113.747 Y111.298 E196.92156
G1 X114.119 Y109.928 E196.9552
G1 X113.998 Y108.482 E196.98959
G1 X113.389 Y107.183 E197.02359
G1 X112.202 Y106.187 E197.06031
G1 X110.761 Y105.662 E197.09665
G0 F9000 X110.798 Y105.378
;TYPE:WALL-OUTER
G1 F600 X109.244 Y105.511 E197.13066
G1 X107.837 Y106.171 E197.16454
G1 X107.484 Y106.535 E197.17559
G1 X106.772 Y107.246 E197.19753
G1 X106.439 Y107.992 E197.21534
G1 X106.169 Y108.571 E197.22927
G1 X106.067 Y109.957 E197.25957
G1 X106.341 Y110.932 E197.28165
G1 X106.413 Y111.313 E197.2901
G1 X107.071 Y112.455 E197.31884
G1 X108.095 Y113.31 E197.34792
G1 X109.335 Y113.764 E197.37671
G1 X110.664 Y113.763 E197.40569
G1 X110.98 Y113.648 E197.41302
G1 X112.009 Y113.392 E197.43614
G1 X112.248 Y113.222 E197.44253
G1 X113.158 Y112.607 E197.46648
G1 X113.565 Y112.026 E197.48194
G1 X114.004 Y111.42 E197.49826
G1 X114.266 Y110.436 E197.52046
G1 X114.402 Y109.955 E197.53136
G1 X114.273 Y108.409 E197.56518
G1 X113.617 Y107.008 E197.59891
G1 X112.344 Y105.941 E197.63512
G1 X110.798 Y105.378 E197.67099
G0 F9000 X110.599 Y105.395
G0 X110.64 Y105.892
G0 X109.512 Y106.716
;TYPE:FILL
G1 F720 X109.004 Y106.208 E197.69074
G1 X108.963 Y106.226
G1 X108.752 Y107.013 E197.71314
;MESH:NONMESH
G0 F600 X108.752 Y107.013 Z12.76
G0 F9000 X113.226 Y107.357
G0 X113.421 Y107.249
;TIME_ELAPSED:647.715261
;LAYER:104
;TYPE:WALL-INNER
;MESH:screw_15mm_15rotations_1pitch.stl
G1 F780 X112.176 Y106.375 E197.74919
G1 X110.768 Y106.002 E197.7837
G1 X110.226 Y106.059 E197.79662
G1 X109.38 Y106.13 E197.81674
G1 X108.616 Y106.503 E197.83689
G1 X108.177 Y106.708 E197.84837
G1 X107.273 Y107.633 E197.87902
G1 X107.032 Y108.173 E197.89303
G1 X106.675 Y108.793 E197.90999
G1 X106.463 Y109.995 E197.93891
G1 X106.678 Y111.213 E197.96822
G1 X107.286 Y112.267 E197.99706
G1 X108.284 Y113.105 E198.02794
G1 X109.414 Y113.654 E198.05771
G1 X110.726 Y113.784 E198.08895
G1 X111.412 Y113.599 E198.10579
G1 X112.065 Y113.435 E198.12175
G1 X113.229 Y112.626 E198.15534
G1 X114.075 Y111.421 E198.19023
G1 X114.305 Y110.557 E198.21142
G1 X114.403 Y110.002 E198.22477
G1 X114.136 Y108.489 E198.26118
G1 X113.421 Y107.249 E198.2951
G0 F9000 X113.632 Y107.056
;TYPE:WALL-OUTER
G1 F600 X112.294 Y106.116 E198.33075
G1 X110.79 Y105.718 E198.36467
G1 X110.202 Y105.78 E198.37756
G1 X109.304 Y105.855 E198.39721
G1 X108.498 Y106.25 E198.41678
G1 X108.012 Y106.475 E198.42845
G1 X107.037 Y107.474 E198.45889
G1 X106.779 Y108.053 E198.47271
G1 X106.408 Y108.696 E198.48889
G1 X106.178 Y109.995 E198.51765
G1 X106.411 Y111.31 E198.54677
G1 X107.068 Y112.45 E198.57546
G1 X108.124 Y113.339 E198.60555
G1 X109.339 Y113.929 E198.635
G1 X110.749 Y114.068 E198.66589
G1 X111.481 Y113.87 E198.68242
G1 X112.184 Y113.694 E198.69822
G1 X113.094 Y113.055 E198.72246
G1 X113.429 Y112.829 E198.73127
G1 X114.333 Y111.541 E198.76558
G1 X114.579 Y110.618 E198.78641
G1 X114.688 Y110.002 E198.80005
G1 X114.403 Y108.392 E198.83569
G1 X113.632 Y107.056 E198.86932
G0 F9000 X113.469 Y106.942
G0 X113.182 Y107.349
G0 X109.621 Y106.705
;TYPE:FILL
G1 F720 X109.342 Y106.426 E198.88017
G0 F9000 X108.743 Y106.718
G1 F720 X108.655 Y107.048 E198.88956
G0 F9000 X108.7 Y107.147
;MESH:NONMESH
G0 F600 X108.7 Y107.147 Z12.88
G0 F9000 X111.971 Y113.236
G0 X112.234 Y113.741
;TIME_ELAPSED:652.889341
;LAYER:105
;TYPE:WALL-INNER
;MESH:screw_15mm_15rotations_1pitch.stl
G1 F780 X112.564 Y113.509 E198.89912
G1 X113.369 Y112.833 E198.92403
G1 X114.14 Y111.5 E198.96052
G1 X114.287 Y110.666 E198.98059
G1 X114.339 Y110.065 E198.99489
G1 X113.952 Y108.627 E199.03018
G1 X113.128 Y107.457 E199.06409
G1 X112.592 Y107.094 E199.07943
G1 X112 Y106.677 E199.09659
G1 X111.087 Y106.448 E199.1189
G1 X110.701 Y106.343 E199.12838
G1 X109.44 Y106.474 E199.15842
G1 X109.217 Y106.577 E199.16424
G1 X108.233 Y106.938 E199.18908
G1 X107.287 Y107.73 E199.21832
G1 X106.675 Y108.792 E199.24736
G1 X106.463 Y109.992 E199.27624
G1 X106.62 Y110.892 E199.29789
G1 X106.649 Y111.288 E199.3073
G1 X107.168 Y112.447 E199.33739
G1 X107.491 Y112.767 E199.34817
G1 X108.112 Y113.406 E199.36928
G1 X108.842 Y113.747 E199.38838
G1 X109.358 Y113.999 E199.40199
G1 X110.791 Y114.127 E199.43608
G1 X112.234 Y113.741 E199.47148
G0 F9000 X112.355 Y113.999
;TYPE:WALL-OUTER
G1 F600 X112.735 Y113.731 E199.48162
G1 X113.587 Y113.016 E199.50587
G1 X114.407 Y111.597 E199.5416
G1 X114.565 Y110.702 E199.56141
G1 X114.623 Y110.04 E199.5759
G1 X114.209 Y108.504 E199.61058
G1 X113.994 Y108.208 E199.61856
G1 X113.328 Y107.254 E199.64393
G1 X112.733 Y106.85 E199.65961
G1 X112.118 Y106.418 E199.67599
G1 X111.16 Y106.178 E199.69752
G1 X110.724 Y106.06 E199.70737
G1 X109.364 Y106.2 E199.73718
G1 X109.157 Y106.299 E199.74218
G1 X108.091 Y106.691 E199.76694
G1 X107.069 Y107.547 E199.79601
G1 X106.408 Y108.695 E199.82489
G1 X106.179 Y109.991 E199.85358
G1 X106.343 Y110.933 E199.87443
G1 X106.373 Y111.357 E199.8837
G1 X106.934 Y112.609 E199.91361
G1 X107.29 Y112.962 E199.92454
G1 X107.947 Y113.638 E199.94509
G1 X108.719 Y113.999 E199.96367
G1 X109.282 Y114.274 E199.97733
G1 X110.814 Y114.411 E200.01086
G1 X112.355 Y113.999 E200.04564
G0 F9000 X112.518 Y113.884
G0 X112.232 Y113.475
G0 X113.436 Y111.301
;TYPE:FILL
G1 F720 X113.878 Y111.182 E200.07081
G1 X113.95 Y110.913
G1 X113.667 Y110.631 E200.09277
;TYPE:FILL
G1 X113.668 Y110.631
G1 X109.73 Y106.694 E200.552
G0 F9000 X108.557 Y107.083
G1 F720 X107.297 Y111.786 E200.95352
G0 F9000 X108.195 Y112.705
G1 F720 X113.434 Y111.301 E201.40082
G0 F9000 X108.195 Y112.705
;TYPE:FILL
G1 F720 X107.861 Y112.794 E201.41032
G0 F9000 X107.241 Y111.995
G1 F720 X107.297 Y111.786 E201.41627
G0 F9000 X107.509 Y111.693
;MESH:NONMESH
G0 F600 X107.509 Y111.693 Z13
G0 F9000 X109.416 Y113.787
G0 X109.269 Y114.332
;TIME_ELAPSED:659.753701
;LAYER:106
;TYPE:WALL-INNER
;MESH:screw_15mm_15rotations_1pitch.stl
G1 F780 X110.767 Y114.336 E201.45177
G1 X112.2 Y113.813 E201.48792
G1 X112.495 Y113.566 E201.49704
G1 X113.254 Y112.809 E201.52244
G1 X113.872 Y111.479 E201.5572
G1 X113.899 Y111.073 E201.56684
G1 X113.989 Y110.066 E201.5908
G1 X113.795 Y109.383 E201.60762
G1 X113.623 Y108.742 E201.62335
G1 X112.857 Y107.68 E201.65438
G1 X111.764 Y106.936 E201.68572
G1 X110.616 Y106.517 E201.71468
G1 X109.379 Y106.518 E201.74399
G1 X108.237 Y106.936 E201.77281
G1 X107.29 Y107.726 E201.80203
G1 X107.005 Y108.217 E201.81549
G1 X106.571 Y108.817 E201.83304
G1 X106.219 Y110.065 E201.86377
G1 X106.266 Y110.602 E201.87654
G1 X106.322 Y111.404 E201.89559
G1 X106.708 Y112.231 E201.91722
G1 X106.904 Y112.675 E201.92872
G1 X107.938 Y113.709 E201.96337
G1 X109.269 Y114.332 E201.9982
G0 F9000 X109.206 Y114.612
;TYPE:WALL-OUTER
G1 F600 X110.816 Y114.616 E202.0333
G1 X112.342 Y114.059 E202.06872
G1 X112.684 Y113.773 E202.07844
G1 X113.487 Y112.972 E202.10317
G1 X114.148 Y111.55 E202.13735
G1 X114.178 Y111.098 E202.14723
G1 X114.273 Y110.039 E202.17041
G1 X114.065 Y109.311 E202.18692
G1 X113.88 Y108.62 E202.20251
G1 X113.057 Y107.476 E202.23324
G1 X111.95 Y106.726 E202.26239
G1 X111.91 Y106.691 E202.26355
G1 X110.666 Y106.237 E202.29242
G1 X109.329 Y106.238 E202.32157
G1 X108.095 Y106.69 E202.35022
G1 X107.072 Y107.543 E202.37926
G1 X106.771 Y108.064 E202.39238
G1 X106.313 Y108.696 E202.4094
G1 X105.936 Y110.038 E202.43979
G1 X105.987 Y110.622 E202.45257
G1 X106.047 Y111.476 E202.47123
G1 X106.452 Y112.344 E202.49212
G1 X106.669 Y112.837 E202.50386
G1 X107.773 Y113.94 E202.53788
G1 X109.206 Y114.612 E202.57239
G0 F9000 X109.406 Y114.612
G0 X109.408 Y114.114
G0 X112.838 Y111.549
;TYPE:FILL
G1 F720 X113.63 Y111.337 E202.59493
G0 F9000 X113.695 Y110.539
G1 F720 X113.262 Y110.106 E202.61176
;MESH:NONMESH
G0 F600 X113.262 Y110.106 Z13.12
G0 F9000 X107.089 Y112.554
G0 X106.588 Y112.796
;TIME_ELAPSED:664.987175
;LAYER:107
;TYPE:WALL-INNER
;MESH:screw_15mm_15rotations_1pitch.stl
G1 F780 X107.798 Y113.813 E202.64922
G1 X109.22 Y114.33 E202.68508
G1 X110.68 Y114.204 E202.7198
G1 X111.995 Y113.585 E202.75425
G1 X112.983 Y112.587 E202.78753
G1 X113.545 Y111.355 E202.81962
G1 X113.64 Y110.066 E202.85025
G1 X113.4 Y109.215 E202.8712
G1 X113.32 Y108.785 E202.88156
G1 X112.712 Y107.728 E202.91046
G1 X111.773 Y106.941 E202.9395
G1 X110.615 Y106.516 E202.96873
G1 X109.387 Y106.516 E202.99783
G1 X109.191 Y106.586 E203.00276
G1 X108.112 Y106.853 E203.0291
G1 X107.033 Y107.59 E203.06007
G1 X106.242 Y108.698 E203.09233
G1 X105.87 Y110.07 E203.12602
G1 X105.993 Y111.521 E203.16053
G1 X106.588 Y112.796 E203.19387
G0 F9000 X106.411 Y113.014
;TYPE:WALL-OUTER
G1 F600 X107.656 Y114.059 E203.22931
G1 X109.182 Y114.615 E203.26472
G1 X110.754 Y114.479 E203.29912
G1 X112.161 Y113.817 E203.33302
G1 X113.216 Y112.75 E203.36573
G1 X113.82 Y111.426 E203.39746
G1 X113.923 Y110.037 E203.42783
G1 X113.672 Y109.151 E203.4479
G1 X113.587 Y108.687 E203.45819
G1 X112.93 Y107.545 E203.48691
G1 X111.916 Y106.695 E203.51576
G1 X110.665 Y106.236 E203.54481
G1 X109.336 Y106.236 E203.57379
G1 X109.123 Y106.314 E203.57873
G1 X107.993 Y106.594 E203.60411
G1 X107.725 Y106.784 E203.61127
G1 X106.834 Y107.386 E203.63472
G1 X106.425 Y107.968 E203.65023
G1 X105.985 Y108.576 E203.66659
G1 X105.716 Y109.587 E203.6894
G1 X105.587 Y110.043 E203.69973
G1 X105.719 Y111.594 E203.73367
G1 X106.257 Y112.749 E203.76145
G1 X106.411 Y113.014 E203.76813
G0 F9000 X106.564 Y113.142
G0 X107.347 Y113.108
;TYPE:FILL
G1 F720 X107.489 Y113.07 E203.77217
G0 F9000 X112.778 Y111.653
G1 F720 X113.181 Y111.545 E203.78364
G0 F9000 X113.385 Y110.108
G1 F720 X113.281 Y110.004 E203.78768
G0 F9000 X113.003 Y110.081
;MESH:NONMESH
G0 F600 X113.003 Y110.081 Z13.24
G0 F9000 X106.784 Y112.664
G0 X106.614 Y112.762
;TIME_ELAPSED:670.281221
;LAYER:108
;TYPE:WALL-INNER
;MESH:screw_15mm_15rotations_1pitch.stl
G1 F780 X107.832 Y113.616 E203.82293
G1 X109.234 Y113.988 E203.85731
G1 X109.795 Y113.929 E203.87068
G1 X110.619 Y113.858 E203.89027
G1 X111.825 Y113.28 E203.92197
G1 X112.711 Y112.367 E203.95212
G1 X112.927 Y111.898 E203.96435
G1 X113.325 Y111.208 E203.98323
G1 X113.537 Y110.001 E204.01227
G1 X113.322 Y108.788 E204.04146
G1 X112.715 Y107.732 E204.07033
G1 X111.823 Y106.983 E204.09793
G1 X111.724 Y106.887 E204.1012
G1 X110.575 Y106.334 E204.13142
G1 X109.273 Y106.205 E204.16242
G1 X108.558 Y106.397 E204.17997
G1 X107.934 Y106.553 E204.19521
G1 X106.763 Y107.369 E204.22903
G1 X105.914 Y108.576 E204.264
G1 X105.719 Y109.308 E204.28196
G1 X105.597 Y109.999 E204.29858
G1 X105.864 Y111.509 E204.33492
G1 X106.46 Y112.542 E204.36318
G1 X106.614 Y112.762 E204.36955
G0 F9000 X106.413 Y112.963
;TYPE:WALL-OUTER
G1 F600 X107.714 Y113.875 E204.40419
G1 X109.212 Y114.272 E204.43798
G1 X109.819 Y114.208 E204.45128
G1 X110.694 Y114.133 E204.47043
G1 X111.517 Y113.733 E204.49038
G1 X111.99 Y113.512 E204.50176
G1 X112.946 Y112.528 E204.53167
G1 X113.17 Y112.038 E204.54342
G1 X113.592 Y111.305 E204.56186
G1 X113.822 Y110.001 E204.59073
G1 X113.589 Y108.691 E204.61974
G1 X112.933 Y107.55 E204.64843
G1 X112.003 Y106.769 E204.67491
G1 X111.892 Y106.656 E204.67836
G1 X110.652 Y106.06 E204.70836
G1 X109.249 Y105.921 E204.73909
G1 X108.49 Y106.126 E204.75624
G1 X107.815 Y106.294 E204.7714
G1 X106.883 Y106.95 E204.79625
G1 X106.564 Y107.166 E204.80465
G1 X105.656 Y108.455 E204.83902
G1 X105.445 Y109.247 E204.85689
G1 X105.312 Y109.999 E204.87354
G1 X105.597 Y111.606 E204.90912
G1 X106.223 Y112.693 E204.93647
G1 X106.413 Y112.963 E204.94367
G0 F9000 X106.576 Y113.077
G0 X106.816 Y112.597
;TYPE:FILL
G1 F720 X106.939 Y112.137 E204.96985
G0 F9000 X108.248 Y107.251
G1 F720 X108.299 Y107.063 E204.98056
;TYPE:FILL
G1 X108.249 Y107.25
G1 X106.94 Y112.135 E205.39763
G0 F9000 X107.689 Y113.104
G1 F720 X112.717 Y111.757 E205.8269
G0 F9000 X113.257 Y109.86
G1 F720 X110.165 Y106.768 E206.18752
;TYPE:FILL
G1 X110.162 Y106.766
G1 X109.916 Y106.519 E206.1971
G0 F9000 X108.398 Y106.694
G1 F720 X108.298 Y107.064 E206.20764
G0 F9000 X108.306 Y107.097
;MESH:NONMESH
G0 F600 X108.306 Y107.097 Z13.36
G0 F9000 X108.028 Y106.751
G0 X107.762 Y106.248
;TIME_ELAPSED:676.887736
;LAYER:109
;TYPE:WALL-INNER
;MESH:screw_15mm_15rotations_1pitch.stl
G1 F780 X107.533 Y106.409 E206.21427
G1 X106.631 Y107.167 E206.24219
G1 X105.86 Y108.5 E206.27868
G1 X105.737 Y109.201 E206.29555
G1 X105.672 Y109.935 E206.31301
G1 X106.056 Y111.37 E206.34822
G1 X106.881 Y112.535 E206.38205
G1 X107.436 Y112.91 E206.39792
G1 X108.011 Y113.316 E206.4146
G1 X108.944 Y113.548 E206.43738
G1 X109.301 Y113.645 E206.44615
G1 X110.561 Y113.514 E206.47617
G1 X110.685 Y113.458 E206.47939
G1 X111.776 Y113.056 E206.50695
G1 X112.709 Y112.276 E206.53577
G1 X113.325 Y111.208 E206.56498
G1 X113.537 Y110.001 E206.59402
G1 X113.395 Y109.19 E206.61354
G1 X113.362 Y108.71 E206.62494
G1 X112.839 Y107.544 E206.65522
G1 X112.497 Y107.205 E206.66663
G1 X111.899 Y106.587 E206.68701
G1 X110.638 Y105.99 E206.72008
G1 X109.211 Y105.86 E206.75403
G1 X107.762 Y106.248 E206.78958
G0 F9000 X107.641 Y105.991
;TYPE:WALL-OUTER
G1 F600 X107.362 Y106.187 E206.79701
G1 X106.413 Y106.984 E206.82403
G1 X105.593 Y108.403 E206.85976
G1 X105.459 Y109.165 E206.87663
G1 X105.389 Y109.96 E206.89403
G1 X105.799 Y111.493 E206.92863
G1 X106.027 Y111.805 E206.93705
G1 X106.681 Y112.739 E206.96191
G1 X107.274 Y113.139 E206.97751
G1 X107.892 Y113.575 E206.994
G1 X108.87 Y113.818 E207.01597
G1 X109.278 Y113.929 E207.02519
G1 X110.637 Y113.787 E207.05498
G1 X110.747 Y113.735 E207.05763
G1 X111.919 Y113.302 E207.08487
G1 X112.927 Y112.458 E207.11353
G1 X113.592 Y111.305 E207.14255
G1 X113.822 Y110.001 E207.17142
G1 X113.673 Y109.157 E207.1901
G1 X113.638 Y108.641 E207.20138
G1 X113.073 Y107.382 E207.23147
G1 X112.698 Y107.01 E207.24298
G1 X112.065 Y106.355 E207.26284
G1 X110.714 Y105.716 E207.29542
G1 X109.187 Y105.577 E207.32885
G1 X107.641 Y105.991 E207.36375
G0 F9000 X107.477 Y106.106
G0 X108.408 Y106.332
;TYPE:FILL
G1 F720 X108.352 Y106.538 E207.36962
G0 F9000 X107.057 Y111.371
G1 F720 X106.867 Y112.082 E207.38985
G0 F9000 X108.107 Y113.079
G1 F720 X108.629 Y112.939 E207.4047
G0 F9000 X108.654 Y112.839
;MESH:NONMESH
G0 F600 X108.654 Y112.839 Z13.48
G0 F9000 X107.868 Y106.446
G0 X107.8 Y106.187
;TIME_ELAPSED:682.238148
;LAYER:110
;TYPE:WALL-INNER
;MESH:screw_15mm_15rotations_1pitch.stl
G1 F780 X107.602 Y106.352 E207.41081
G1 X106.752 Y107.198 E207.43923
G1 X106.138 Y108.525 E207.47388
G1 X106.109 Y108.951 E207.484
G1 X106.022 Y109.929 E207.50727
G1 X106.224 Y110.641 E207.52481
G1 X106.387 Y111.255 E207.53986
G1 X107.15 Y112.311 E207.57074
G1 X108.086 Y112.944 E207.59751
G1 X108.241 Y113.066 E207.60219
G1 X109.384 Y113.483 E207.63102
G1 X110.621 Y113.482 E207.66033
G1 X111.772 Y113.059 E207.68939
G1 X112.708 Y112.275 E207.71833
G1 X112.955 Y111.855 E207.72987
G1 X113.44 Y111.186 E207.74946
G1 X113.792 Y109.929 E207.78039
G1 X113.743 Y109.37 E207.79369
G1 X113.688 Y108.589 E207.81224
G1 X113.292 Y107.741 E207.83442
G1 X113.105 Y107.317 E207.8454
G1 X112.07 Y106.283 E207.88007
G1 X110.733 Y105.664 E207.91499
G1 X109.233 Y105.664 E207.95054
G1 X107.8 Y106.187 E207.98669
G0 F9000 X107.658 Y105.941
;TYPE:WALL-OUTER
G1 F600 X107.413 Y106.145 E207.99364
G1 X106.519 Y107.035 E208.02114
G1 X105.862 Y108.454 E208.05523
G1 X105.83 Y108.926 E208.06554
G1 X105.739 Y109.956 E208.08809
G1 X105.953 Y110.712 E208.10522
G1 X106.13 Y111.377 E208.12022
G1 X106.768 Y112.253 E208.14385
G1 X106.95 Y112.514 E208.15079
G1 X107.929 Y113.176 E208.17655
G1 X108.101 Y113.313 E208.18135
G1 X109.334 Y113.763 E208.20996
G1 X110.671 Y113.762 E208.23911
G1 X111.914 Y113.306 E208.26798
G1 X112.926 Y112.458 E208.29676
G1 X113.187 Y112.011 E208.30805
G1 X113.698 Y111.308 E208.327
G1 X114.075 Y109.955 E208.35762
G1 X114.022 Y109.351 E208.37084
G1 X113.964 Y108.517 E208.38906
G1 X113.548 Y107.628 E208.41046
G1 X113.34 Y107.155 E208.42173
G1 X112.236 Y106.051 E208.45577
G1 X110.795 Y105.384 E208.49039
G1 X109.184 Y105.384 E208.52551
G1 X107.658 Y105.941 E208.56093
G0 F9000 X107.504 Y106.069
G0 X108.34 Y106.255
;TYPE:FILL
G1 F720 X108.252 Y106.585 E208.57032
G0 F9000 X109.549 Y105.913
G1 F720 X109.664 Y106.028 E208.57479
G0 F9000 X106.997 Y111.267
G1 F720 X106.918 Y111.562 E208.58318
G0 F9000 X107.217 Y111.344
;MESH:NONMESH
G0 F600 X107.217 Y111.344 Z13.6
G0 F9000 X110.697 Y105.887
G0 X110.794 Y105.68
;TIME_ELAPSED:687.559230
;LAYER:111
;TYPE:WALL-INNER
;MESH:screw_15mm_15rotations_1pitch.stl
G1 F780 X109.324 Y105.808 E208.61815
G1 X108.01 Y106.424 E208.65254
G1 X107.667 Y106.778 E208.66422
G1 X107.022 Y107.422 E208.68582
G1 X106.464 Y108.65 E208.71778
G1 X106.372 Y109.923 E208.74803
G1 X106.579 Y110.666 E208.76631
G1 X106.68 Y111.214 E208.77951
G1 X107.291 Y112.276 E208.80855
G1 X108.235 Y113.064 E208.83769
G1 X109.384 Y113.484 E208.86668
G1 X110.61 Y113.484 E208.89573
G1 X110.709 Y113.451 E208.89821
G1 X111.9 Y113.151 E208.92731
G1 X112.975 Y112.418 E208.95815
G1 X113.358 Y111.871 E208.97397
G1 X113.769 Y111.305 E208.99055
G1 X114.141 Y109.929 E209.02433
G1 X114.017 Y108.473 E209.05895
G1 X113.559 Y107.493 E209.08459
G1 X113.372 Y107.168 E209.09348
G1 X112.203 Y106.188 E209.12963
G1 X110.794 Y105.68 E209.16512
G0 F9000 X110.831 Y105.395
;TYPE:WALL-OUTER
G1 F600 X109.25 Y105.533 E209.19972
G1 X107.845 Y106.192 E209.23355
G1 X107.465 Y106.584 E209.24546
G1 X106.788 Y107.261 E209.26633
G1 X106.189 Y108.578 E209.29787
G1 X106.089 Y109.952 E209.32791
G1 X106.309 Y110.742 E209.34579
G1 X106.413 Y111.312 E209.35842
G1 X107.073 Y112.459 E209.38727
G1 X108.093 Y113.31 E209.41623
G1 X109.335 Y113.764 E209.44506
G1 X110.662 Y113.764 E209.47399
G1 X110.778 Y113.722 E209.47668
G1 X112.019 Y113.41 E209.50458
G1 X112.299 Y113.212 E209.51206
G1 X113.175 Y112.621 E209.5351
G1 X113.585 Y112.036 E209.55067
G1 X114.026 Y111.428 E209.56705
G1 X114.424 Y109.956 E209.60029
G1 X114.292 Y108.4 E209.63434
G1 X113.807 Y107.363 E209.6593
G1 X113.59 Y106.985 E209.6688
G1 X112.345 Y105.941 E209.70422
G1 X110.831 Y105.395 E209.73931
G0 F9000 X110.632 Y105.412
G0 X110.674 Y105.91
G0 X109.932 Y106.176
;TYPE:FILL
G1 F720 X109.776 Y106.02 E209.75144
G0 F9000 X113.18 Y109.424
G1 F720 X113.528 Y109.771 E209.77846
G0 F9000 X113.18 Y109.424
;TYPE:FILL
G1 F720 X109.933 Y106.177 E210.15715
G0 F9000 X108.151 Y106.633
G1 F720 X106.937 Y111.162 E210.54384
G0 F9000 X108.906 Y113.041
G1 F720 X112.536 Y112.069 E210.85375
;TYPE:FILL
G1 X112.537 Y112.068
G1 X112.998 Y111.945 E210.86686
G0 F9000 X113.839 Y110.083
G1 F720 X113.527 Y109.771 E210.87899
G0 F9000 X113.505 Y109.771
;MESH:NONMESH
G0 F600 X113.505 Y109.771 Z13.72
G0 F9000 X113.219 Y107.341
G0 X113.38 Y107.249
;TIME_ELAPSED:694.233387
;LAYER:112
;TYPE:WALL-INNER
;MESH:screw_15mm_15rotations_1pitch.stl
G1 F780 X112.164 Y106.395 E210.9142
G1 X110.763 Y106.023 E210.94855
G1 X110.184 Y106.083 E210.96235
G1 X109.389 Y106.152 E210.98126
G1 X108.58 Y106.544 E211.00256
G1 X108.18 Y106.729 E211.01301
G1 X107.291 Y107.646 E211.04327
G1 X107.116 Y108.028 E211.05323
G1 X106.675 Y108.792 E211.07414
G1 X106.463 Y109.999 E211.10318
G1 X106.678 Y111.212 E211.13237
G1 X107.291 Y112.275 E211.16145
G1 X108.134 Y112.98 E211.18749
G1 X108.281 Y113.126 E211.1924
G1 X109.424 Y113.677 E211.22247
G1 X110.729 Y113.807 E211.25355
G1 X111.469 Y113.608 E211.27171
G1 X112.075 Y113.455 E211.28652
G1 X113.246 Y112.638 E211.32036
G1 X114.097 Y111.429 E211.3554
G1 X114.257 Y110.826 E211.37018
G1 X114.403 Y110.001 E211.39003
G1 X114.136 Y108.489 E211.42642
G1 X113.606 Y107.572 E211.45152
G1 X113.38 Y107.249 E211.46086
G0 F9000 X113.581 Y107.048
;TYPE:WALL-OUTER
G1 F600 X112.282 Y106.136 E211.49547
G1 X111.956 Y106.055 E211.50279
G1 X110.786 Y105.739 E211.52921
G1 X110.16 Y105.804 E211.54293
G1 X109.314 Y105.877 E211.56145
G1 X108.462 Y106.29 E211.58209
G1 X108.015 Y106.497 E211.59283
G1 X107.056 Y107.487 E211.62288
G1 X106.893 Y107.85 E211.63155
G1 X106.408 Y108.695 E211.6528
G1 X106.178 Y109.999 E211.68166
G1 X106.411 Y111.309 E211.71067
G1 X107.073 Y112.458 E211.73958
G1 X107.954 Y113.194 E211.76461
G1 X108.114 Y113.357 E211.76959
G1 X109.347 Y113.951 E211.79943
G1 X110.753 Y114.091 E211.83024
G1 X111.537 Y113.879 E211.84794
G1 X112.194 Y113.714 E211.86271
G1 X113.144 Y113.044 E211.88806
G1 X113.445 Y112.842 E211.89596
G1 X114.355 Y111.549 E211.93043
G1 X114.531 Y110.887 E211.94536
G1 X114.688 Y110.001 E211.96498
G1 X114.403 Y108.392 E212.00061
G1 X113.843 Y107.421 E212.02505
G1 X113.581 Y107.048 E212.03498
G0 F9000 X113.418 Y106.934
G0 X113.131 Y107.341
G0 X110.684 Y106.808
;TYPE:FILL
G1 F720 X110.208 Y106.332 E212.05349
G0 F9000 X107.85 Y107.426
G1 F720 X107.796 Y107.628 E212.05924
G0 F9000 X113.612 Y109.735
G1 F720 X114.107 Y110.231 E212.0785
G0 F9000 X113.746 Y110.167
;MESH:NONMESH
G0 F600 X113.746 Y110.167 Z13.84
G0 F9000 X111.982 Y113.256
G0 X112.27 Y113.755
;TIME_ELAPSED:699.685330
;LAYER:113
;TYPE:WALL-INNER
;MESH:screw_15mm_15rotations_1pitch.stl
G1 F780 X113.369 Y112.833 E212.1125
G1 X114.14 Y111.5 E212.14899
G1 X114.24 Y110.931 E212.16268
G1 X114.316 Y110.065 E212.18328
G1 X113.933 Y108.632 E212.21843
G1 X113.111 Y107.473 E212.2521
G1 X111.988 Y106.698 E212.28444
G1 X110.697 Y106.366 E212.31603
G1 X109.421 Y106.498 E212.34643
G1 X108.225 Y106.943 E212.37667
G1 X107.287 Y107.73 E212.40568
G1 X106.675 Y108.792 E212.43473
G1 X106.463 Y109.999 E212.46377
G1 X106.592 Y110.743 E212.48167
G1 X106.63 Y111.292 E212.49471
G1 X107.162 Y112.472 E212.52538
G1 X108.1 Y113.426 E212.55709
G1 X109.356 Y114.021 E212.59002
G1 X110.791 Y114.151 E212.62417
G1 X112.27 Y113.755 E212.66045
G0 F9000 X112.403 Y114.009
;TYPE:WALL-OUTER
G1 F600 X113.587 Y113.016 E212.69414
G1 X114.407 Y111.597 E212.72987
G1 X114.518 Y110.967 E212.74382
G1 X114.599 Y110.04 E212.76411
G1 X114.19 Y108.511 E212.79861
G1 X113.311 Y107.27 E212.83177
G1 X112.715 Y106.865 E212.84748
G1 X112.107 Y106.439 E212.86367
G1 X111.102 Y106.186 E212.88626
G1 X110.72 Y106.082 E212.89489
G1 X109.356 Y106.224 E212.92479
G1 X108.082 Y106.698 E212.95443
G1 X107.069 Y107.547 E212.98324
G1 X106.408 Y108.695 E213.01212
G1 X106.178 Y109.999 E213.04099
G1 X106.314 Y110.77 E213.05806
G1 X106.354 Y111.361 E213.07098
G1 X106.927 Y112.633 E213.10139
G1 X107.936 Y113.657 E213.13273
G1 X109.282 Y114.295 E213.16521
G1 X110.815 Y114.434 E213.19877
G1 X112.403 Y114.009 E213.23461
G0 F9000 X112.556 Y113.881
G0 X112.236 Y113.499
G0 X113.312 Y112.037
;TYPE:FILL
G1 F720 X113.58 Y111.965 E213.24224
G0 F9000 X114.054 Y110.058
G1 F720 X113.561 Y109.564 E213.26142
G0 F9000 X110.864 Y106.867
G1 F720 X110.621 Y106.624 E213.27087
G0 F9000 X110.657 Y106.996
;MESH:NONMESH
G0 F600 X110.657 Y106.996 Z13.96
G0 F9000 X109.412 Y113.807
G0 X109.232 Y114.337
;TIME_ELAPSED:705.092589
;LAYER:114
;TYPE:WALL-INNER
;MESH:screw_15mm_15rotations_1pitch.stl
G1 F780 X110.767 Y114.337 E213.30725
G1 X112.224 Y113.805 E213.344
G1 X113.238 Y112.796 E213.3779
G1 X113.851 Y111.471 E213.4125
G1 X113.882 Y111.022 E213.42317
G1 X113.966 Y110.071 E213.44579
G1 X113.758 Y109.337 E213.46387
G1 X113.602 Y108.747 E213.47833
G1 X112.843 Y107.697 E213.50903
G1 X111.979 Y107.11 E213.53379
G1 X111.769 Y106.938 E213.54022
G1 X110.62 Y106.518 E213.56921
G1 X109.384 Y106.517 E213.5985
G1 X108.228 Y106.941 E213.62768
G1 X107.29 Y107.725 E213.65665
G1 X107.089 Y108.069 E213.66609
G1 X106.548 Y108.815 E213.68793
G1 X106.197 Y110.07 E213.71881
G1 X106.253 Y110.713 E213.73411
G1 X106.302 Y111.412 E213.75071
G1 X106.708 Y112.281 E213.77344
G1 X106.892 Y112.693 E213.78414
G1 X107.921 Y113.726 E213.81869
G1 X109.232 Y114.337 E213.85297
G0 F9000 X109.17 Y114.617
;TYPE:WALL-OUTER
G1 F600 X110.816 Y114.617 E213.88885
G1 X112.378 Y114.046 E213.92511
G1 X113.471 Y112.959 E213.95872
G1 X114.127 Y111.542 E213.99276
G1 X114.161 Y111.047 E214.00358
G1 X114.249 Y110.045 E214.02551
G1 X114.029 Y109.266 E214.04316
G1 X113.859 Y108.625 E214.05762
G1 X113.041 Y107.493 E214.08807
G1 X112.102 Y106.852 E214.11285
G1 X111.911 Y106.692 E214.11829
G1 X110.669 Y106.238 E214.14712
G1 X109.335 Y106.237 E214.1762
G1 X108.086 Y106.695 E214.2052
G1 X107.072 Y107.542 E214.23401
G1 X106.855 Y107.915 E214.24342
G1 X106.292 Y108.692 E214.26434
G1 X105.914 Y110.044 E214.29494
G1 X105.974 Y110.733 E214.31002
G1 X106.026 Y111.484 E214.32643
G1 X106.452 Y112.395 E214.34836
G1 X106.657 Y112.854 E214.35932
G1 X107.758 Y113.959 E214.39333
G1 X109.17 Y114.617 E214.42729
G0 F9000 X109.37 Y114.617
G0 X109.37 Y114.117
G0 X109.115 Y113.249
;TYPE:FILL
G1 F720 X108.602 Y113.387 E214.4565
G0 F9000 X109.114 Y113.25
;TYPE:FILL
G1 F720 X113.264 Y112.137 E214.81084
G0 F9000 X113.517 Y109.4
G1 F720 X111.064 Y106.947 E215.09693
G0 F9000 X107.569 Y107.818
G1 F720 X106.823 Y110.602 E215.33462
;TYPE:FILL
G1 X106.823 Y110.605
G1 X106.596 Y111.452 E215.35872
G0 F9000 X108.084 Y113.525
G1 F720 X108.603 Y113.386 E215.37349
G0 F9000 X108.614 Y113.367
;MESH:NONMESH
G0 F600 X108.614 Y113.367 Z14.08
G0 F9000 X107.076 Y112.571
G0 X106.63 Y112.832
;TIME_ELAPSED:711.468587
;LAYER:115
;TYPE:WALL-INNER
;MESH:screw_15mm_15rotations_1pitch.stl
G1 F780 X107.799 Y113.813 E215.40966
G1 X109.17 Y114.312 E215.44423
G1 X110.677 Y114.183 E215.48008
G1 X111.983 Y113.566 E215.51431
G1 X112.343 Y113.195 E215.52656
G1 X112.966 Y112.575 E215.54739
G1 X113.525 Y111.345 E215.5794
G1 X113.616 Y110.077 E215.60953
G1 X113.438 Y109.435 E215.62532
G1 X113.325 Y108.792 E215.64079
G1 X112.71 Y107.726 E215.66995
G1 X111.772 Y106.94 E215.69895
G1 X110.624 Y106.52 E215.72792
G1 X109.352 Y106.517 E215.75807
G1 X108.096 Y106.838 E215.78879
G1 X107.016 Y107.574 E215.81976
G1 X106.621 Y108.141 E215.83613
G1 X106.221 Y108.693 E215.85229
G1 X105.847 Y110.067 E215.88603
G1 X105.972 Y111.526 E215.92074
G1 X106.385 Y112.409 E215.94384
G1 X106.63 Y112.832 E215.95542
G0 F9000 X106.412 Y113.015
;TYPE:WALL-OUTER
G1 F600 X107.657 Y114.059 E215.99085
G1 X109.132 Y114.596 E216.02507
G1 X110.751 Y114.458 E216.06049
G1 X112.149 Y113.798 E216.0942
G1 X112.671 Y113.262 E216.11051
G1 X113.201 Y112.737 E216.12678
G1 X113.562 Y111.929 E216.14607
G1 X113.8 Y111.417 E216.15838
G1 X113.899 Y110.048 E216.1883
G1 X113.711 Y109.375 E216.20354
G1 X113.592 Y108.695 E216.21859
G1 X112.928 Y107.543 E216.24758
G1 X111.914 Y106.693 E216.27643
G1 X110.674 Y106.24 E216.30521
G1 X109.317 Y106.237 E216.33479
G1 X107.976 Y106.579 E216.36497
G1 X107.673 Y106.794 E216.37307
G1 X106.816 Y107.371 E216.39559
G1 X106.394 Y107.977 E216.41169
G1 X105.964 Y108.57 E216.42766
G1 X105.563 Y110.042 E216.46092
G1 X105.697 Y111.6 E216.49501
G1 X106.136 Y112.538 E216.51759
G1 X106.412 Y113.015 E216.52961
G0 F9000 X106.565 Y113.143
G0 X106.886 Y112.762
G0 X106.536 Y112.142
;TYPE:FILL
G1 F720 X108.021 Y113.627 E216.58734
G1 X108.026 Y113.629
G1 X109.159 Y113.325 E216.61959
G0 F9000 X111.963 Y112.574
G1 F720 X112.791 Y112.352 E216.64315
G0 F9000 X106.491 Y111.513
G1 F720 X106.401 Y111.851 E216.65277
G0 F9000 X106.734 Y111.696
;MESH:NONMESH
G0 F600 X106.734 Y111.696 Z14.2
G0 F9000 X106.418 Y108.792
G0 X105.895 Y108.568
;TIME_ELAPSED:717.101341
;LAYER:116
;TYPE:WALL-INNER
;MESH:screw_15mm_15rotations_1pitch.stl
G1 F780 X105.763 Y109.061 E216.66486
G1 X105.597 Y110.001 E216.68748
G1 X105.702 Y110.598 E216.70185
G1 X105.864 Y111.51 E216.7238
G1 X106.338 Y112.333 E216.74631
G1 X106.629 Y112.748 E216.75832
G1 X107.842 Y113.595 E216.79338
G1 X109.239 Y113.966 E216.82763
G1 X109.903 Y113.898 E216.84345
G1 X110.615 Y113.838 E216.86038
G1 X111.436 Y113.437 E216.88203
G1 X111.814 Y113.261 E216.89191
G1 X112.694 Y112.355 E216.92184
G1 X112.793 Y112.136 E216.92754
G1 X113.325 Y111.208 E216.95289
G1 X113.537 Y110 E216.98195
G1 X113.325 Y108.793 E217.011
G1 X112.711 Y107.727 E217.04015
G1 X111.773 Y106.941 E217.06915
G1 X111.041 Y106.67 E217.08765
G1 X110.531 Y106.309 E217.10245
G1 X109.266 Y106.183 E217.13258
G1 X108.502 Y106.388 E217.15133
G1 X107.919 Y106.535 E217.16557
G1 X106.985 Y107.193 E217.19265
G1 X106.745 Y107.354 E217.1995
G1 X105.895 Y108.568 E217.23462
G0 F9000 X105.637 Y108.448
;TYPE:WALL-OUTER
G1 F600 X105.49 Y109 E217.24707
G1 X105.312 Y110.001 E217.26924
G1 X105.426 Y110.647 E217.28354
G1 X105.597 Y111.607 E217.3048
G1 X106.102 Y112.483 E217.32684
G1 X106.428 Y112.949 E217.33924
G1 X107.724 Y113.854 E217.37371
G1 X108.072 Y113.941 E217.38153
G1 X109.216 Y114.25 E217.40736
G1 X109.927 Y114.177 E217.42294
G1 X110.691 Y114.113 E217.43966
G1 X111.554 Y113.691 E217.4606
G1 X111.979 Y113.493 E217.47083
G1 X112.93 Y112.515 E217.50057
G1 X113.049 Y112.251 E217.50688
G1 X113.592 Y111.305 E217.53066
G1 X113.822 Y110 E217.55955
G1 X113.592 Y108.696 E217.58842
G1 X112.929 Y107.544 E217.6174
G1 X111.916 Y106.695 E217.64621
G1 X111.168 Y106.418 E217.6636
G1 X110.631 Y106.037 E217.67796
G1 X109.244 Y105.899 E217.70835
G1 X108.433 Y106.117 E217.72666
G1 X107.8 Y106.276 E217.74089
G1 X106.829 Y106.96 E217.76678
G1 X106.546 Y107.151 E217.77423
G1 X105.637 Y108.448 E217.80876
G0 F9000 X105.586 Y108.641
G0 X106.065 Y108.769
G0 X106.428 Y111.424
;TYPE:FILL
G1 F720 X106.325 Y111.808 E217.81968
G1 X106.33 Y111.817
G1 X107.711 Y113.198 E217.87337
G0 F9000 X108.647 Y113.55
G1 F720 X109.326 Y113.368 E217.8927
G0 F9000 X111.81 Y112.702
G1 F720 X112.076 Y112.631 E217.90026
G0 F9000 X111.815 Y112.375
;MESH:NONMESH
G0 F600 X111.815 Y112.375 Z14.32
G0 F9000 X111.77 Y107.224
G0 X111.913 Y107.055
;TIME_ELAPSED:722.595003
;LAYER:117
;TYPE:WALL-INNER
;MESH:screw_15mm_15rotations_1pitch.stl
G1 F780 X111.687 Y106.728 E217.90968
G1 X111.286 Y106.459 E217.92113
G1 X110.588 Y105.964 E217.94141
G1 X109.202 Y105.842 E217.97438
G1 X107.747 Y106.229 E218.01006
G1 X106.628 Y107.167 E218.04466
G1 X105.86 Y108.498 E218.08108
G1 X105.779 Y108.958 E218.09214
G1 X105.695 Y109.934 E218.11536
G1 X106.078 Y111.362 E218.1504
G1 X106.898 Y112.522 E218.18406
G1 X107.468 Y112.909 E218.20039
G1 X108.016 Y113.293 E218.21624
G1 X109 Y113.539 E218.24028
G1 X109.306 Y113.623 E218.2478
G1 X110.592 Y113.494 E218.27843
G1 X111.778 Y113.055 E218.3084
G1 X112.709 Y112.276 E218.33717
G1 X113.325 Y111.208 E218.36638
G1 X113.537 Y110.001 E218.39542
G1 X113.325 Y108.793 E218.42449
G1 X112.712 Y107.729 E218.45359
G1 X111.913 Y107.055 E218.47836
G1 F1800 E216.47836
G0 F9000 X111.731 Y107.179
G0 X110.51 Y106.172
G1 F900 E218.47836
G0 F9000 X110.688 Y105.691
;TYPE:WALL-OUTER
G1 F600 X109.18 Y105.558 E218.51136
G1 X107.615 Y105.974 E218.54667
G1 X106.41 Y106.984 E218.58095
G1 X105.593 Y108.401 E218.61661
G1 X105.501 Y108.921 E218.62812
G1 X105.412 Y109.959 E218.65084
G1 X105.821 Y111.485 E218.68528
G1 X106.074 Y111.833 E218.69466
G1 X106.699 Y112.725 E218.71841
G1 X107.307 Y113.138 E218.73443
G1 X107.898 Y113.553 E218.75018
G1 X108.927 Y113.81 E218.7733
G1 X109.283 Y113.907 E218.78134
G1 X110.656 Y113.769 E218.81143
G1 X111.92 Y113.301 E218.84081
G1 X112.927 Y112.459 E218.86943
G1 X113.592 Y111.305 E218.89847
G1 X113.822 Y110.001 E218.92734
G1 X113.592 Y108.696 E218.95623
G1 X112.93 Y107.546 E218.98516
G1 X112.124 Y106.868 E219.00812
G1 X111.887 Y106.525 E219.01721
G1 X111.449 Y106.231 E219.02871
G1 X110.688 Y105.691 E219.04906
G0 F9000 X110.489 Y105.674
G0 X110.447 Y106.17
G0 X107.488 Y107.139
;TYPE:FILL
G1 F720 X107.352 Y107.648 E219.07802
;TYPE:FILL
G1 X107.352 Y107.647
G1 X106.364 Y111.333 E219.39273
G0 F9000 X109.846 Y113.316
G1 F720 X111.655 Y112.832 E219.54717
G0 F9000 X112.718 Y108.242
G1 F720 X111.632 Y107.156 E219.67382
;TYPE:FILL
G1 X111.631 Y107.155
G1 X111.131 Y106.655 E219.69326
G0 F9000 X109.739 Y106.14
G1 F720 X107.537 Y106.729 E219.75592
G1 X107.616 Y106.663
G1 X107.488 Y107.14 E219.7695
G0 F9000 X107.544 Y107.208
;MESH:NONMESH
G0 F600 X107.544 Y107.208 Z14.44
G0 F9000 X110.51 Y106.172
G0 X110.725 Y105.663
;TIME_ELAPSED:729.265428
;LAYER:118
;TYPE:WALL-INNER
;MESH:screw_15mm_15rotations_1pitch.stl
G1 F780 X109.233 Y105.664 E219.80485
G1 X107.803 Y106.186 E219.84093
G1 X106.771 Y107.211 E219.8754
G1 X106.158 Y108.533 E219.90993
G1 X106.126 Y109.001 E219.92105
G1 X106.044 Y109.928 E219.9431
G1 X106.225 Y110.563 E219.95875
G1 X106.409 Y111.25 E219.9756
G1 X107.166 Y112.296 E220.0062
G1 X107.948 Y112.827 E220.0286
G1 X108.232 Y113.062 E220.03734
G1 X109.385 Y113.483 E220.06643
G1 X110.624 Y113.48 E220.09579
G1 X111.777 Y113.055 E220.12491
G1 X112.709 Y112.276 E220.15369
G1 X113.325 Y111.208 E220.18291
G1 X113.537 Y110.001 E220.21195
G1 X113.325 Y108.793 E220.24102
G1 X112.699 Y107.703 E220.2708
G1 X112.643 Y107.547 E220.27473
G1 X112.398 Y107.207 E220.28466
G1 X111.859 Y106.423 E220.30721
G1 X110.725 Y105.663 E220.33956
G0 F9000 X110.81 Y105.383
;TYPE:WALL-OUTER
G1 F600 X109.184 Y105.384 E220.37501
G1 X107.649 Y105.944 E220.41063
G1 X106.538 Y107.048 E220.44478
G1 X105.882 Y108.462 E220.47877
G1 X105.847 Y108.976 E220.49
G1 X105.761 Y109.955 E220.51142
G1 X105.956 Y110.64 E220.52695
G1 X106.152 Y111.371 E220.54345
G1 X106.968 Y112.5 E220.57382
G1 X107.778 Y113.049 E220.59516
G1 X108.089 Y113.308 E220.60398
G1 X109.335 Y113.763 E220.6329
G1 X110.674 Y113.76 E220.66209
G1 X111.919 Y113.302 E220.69101
G1 X112.927 Y112.459 E220.71966
G1 X113.592 Y111.305 E220.7487
G1 X113.822 Y110.001 E220.77757
G1 X113.592 Y108.696 E220.80646
G1 X112.95 Y107.579 E220.83455
G1 X112.9 Y107.425 E220.83808
G1 X112.607 Y107.017 E220.84903
G1 X112.059 Y106.22 E220.87012
G1 X110.81 Y105.383 E220.9029
G0 F9000 X110.61 Y105.383
G0 X110.51 Y105.913
;TYPE:FILL
G1 F720 X111.095 Y106.499 E220.92566
G0 F9000 X110.725 Y105.963
G1 F720 X107.515 Y106.823 E221.01701
G1 X107.475 Y106.861
G1 X106.954 Y108.806 E221.07236
G0 F9000 X106.871 Y109.114
G1 F720 X106.484 Y110.56 E221.11351
G0 F9000 X106.839 Y110.46
;MESH:NONMESH
G0 F600 X106.839 Y110.46 Z14.56
G0 F9000 X110.648 Y105.877
G0 X110.764 Y105.704
;TIME_ELAPSED:734.852596
;LAYER:119
;TYPE:WALL-INNER
;MESH:screw_15mm_15rotations_1pitch.stl
G1 F780 X109.327 Y105.828 E221.14769
G1 X108.026 Y106.442 E221.18179
G1 X107.637 Y106.842 E221.19501
G1 X107.043 Y107.433 E221.21487
G1 X106.691 Y108.219 E221.23527
G1 X106.485 Y108.659 E221.24679
G1 X106.393 Y109.923 E221.27682
G1 X106.539 Y110.444 E221.28964
G1 X106.68 Y111.216 E221.30824
G1 X107.291 Y112.276 E221.33723
G1 X108.231 Y113.062 E221.36627
G1 X109.383 Y113.483 E221.39534
G1 X110.623 Y113.48 E221.42472
G1 X111.776 Y113.058 E221.45382
G1 X112.709 Y112.276 E221.48267
G1 X113.325 Y111.208 E221.51189
G1 X113.537 Y110.001 E221.54093
G1 X113.324 Y108.79 E221.57007
G1 X113.262 Y108.652 E221.57365
G1 X112.907 Y107.317 E221.60639
G1 X112.01 Y106.331 E221.63798
G1 X110.993 Y105.806 E221.6651
G1 X110.764 Y105.704 E221.67104
G0 F9000 X110.811 Y105.419
;TYPE:WALL-OUTER
G1 F600 X109.253 Y105.553 E221.70513
G1 X107.86 Y106.21 E221.73871
G1 X107.439 Y106.643 E221.75188
G1 X106.808 Y107.271 E221.77129
G1 X106.437 Y108.101 E221.79111
G1 X106.21 Y108.587 E221.8028
G1 X106.11 Y109.952 E221.83264
G1 X106.266 Y110.506 E221.84519
G1 X106.413 Y111.314 E221.8631
G1 X107.073 Y112.459 E221.89191
G1 X108.089 Y113.308 E221.92078
G1 X109.334 Y113.763 E221.94967
G1 X110.673 Y113.76 E221.97887
G1 X111.918 Y113.304 E222.00777
G1 X112.927 Y112.459 E222.03647
G1 X113.592 Y111.305 E222.06551
G1 X113.822 Y110.001 E222.09437
G1 X113.592 Y108.693 E222.12333
G1 X113.528 Y108.563 E222.12649
G1 X113.161 Y107.179 E222.15771
G1 X112.184 Y106.105 E222.18936
G1 X111.114 Y105.553 E222.21561
G1 X110.811 Y105.419 E222.22283
G0 F9000 X110.612 Y105.436
G0 X110.679 Y105.962
;TYPE:FILL
G1 F720 X111.31 Y106.594 E222.24738
G0 F9000 X110.856 Y106.016
G1 F720 X108.054 Y106.767 E222.32713
G0 F9000 X107.112 Y107.887
G1 F720 X106.67 Y109.535 E222.37403
G0 F9000 X107.04 Y109.562
;MESH:NONMESH
G0 F600 X107.04 Y109.562 Z14.68
G0 F9000 X110.704 Y106.051
;TIME_ELAPSED:740.197805
;LAYER:120
;TYPE:WALL-INNER
;MESH:screw_15mm_15rotations_1pitch.stl
G1 F780 X110.13 Y106.111 E222.38771
G1 X109.393 Y106.172 E222.40523
G1 X108.544 Y106.586 E222.42762
G1 X108.199 Y106.746 E222.43663
G1 X107.314 Y107.654 E222.46668
G1 X107.23 Y107.832 E222.47134
G1 X106.675 Y108.792 E222.49762
G1 X106.463 Y109.999 E222.52666
G1 X106.679 Y111.214 E222.5559
G1 X107.291 Y112.276 E222.58495
G1 X108.231 Y113.062 E222.61399
G1 X109.383 Y113.483 E222.64305
G1 X110.621 Y113.482 E222.67239
G1 X111.774 Y113.058 E222.7015
G1 X112.709 Y112.276 E222.73039
G1 X113.325 Y111.208 E222.75961
G1 X113.537 Y109.999 E222.7887
G1 X113.483 Y109.669 E222.79662
G1 X113.497 Y109.411 E222.80274
G1 X113.435 Y108.686 E222.81999
G1 X112.872 Y107.522 E222.85063
G1 X111.907 Y106.585 E222.8825
G1 X110.704 Y106.051 E222.91369
G0 F9000 X110.75 Y105.765
;TYPE:WALL-OUTER
G1 F600 X110.107 Y105.832 E222.92779
G1 X109.317 Y105.897 E222.94507
G1 X108.426 Y106.332 E222.96669
G1 X108.034 Y106.513 E222.9761
G1 X107.079 Y107.494 E223.00595
G1 X106.987 Y107.692 E223.01071
G1 X106.408 Y108.695 E223.03596
G1 X106.178 Y109.999 E223.06483
G1 X106.412 Y111.311 E223.09388
G1 X107.073 Y112.459 E223.12276
G1 X108.089 Y113.308 E223.15163
G1 X109.334 Y113.763 E223.18053
G1 X110.671 Y113.762 E223.20968
G1 X111.916 Y113.305 E223.23859
G1 X112.927 Y112.459 E223.26733
G1 X113.592 Y111.305 E223.29637
G1 X113.822 Y109.999 E223.32528
G1 X113.762 Y109.647 E223.33307
G1 X113.778 Y109.413 E223.33818
G1 X113.71 Y108.611 E223.35573
G1 X113.102 Y107.355 E223.38615
G1 X112.066 Y106.349 E223.41764
G1 X110.75 Y105.765 E223.44903
G0 F9000 X110.551 Y105.785
G0 X110.601 Y106.283
G0 X112.203 Y107.367
;TYPE:FILL
G1 F720 X112.814 Y107.978 E223.49653
G0 F9000 X112.203 Y107.367
;TYPE:FILL
G1 F720 X111.527 Y106.691 E223.57537
G0 F9000 X109.796 Y106.388
G1 F720 X109.167 Y106.557 E223.62909
G0 F9000 X109.329 Y106.892
;MESH:NONMESH
G0 F600 X109.329 Y106.892 Z14.8
G0 F9000 X110.635 Y106.395
;TIME_ELAPSED:745.147747
;LAYER:121
;TYPE:WALL-INNER
;MESH:screw_15mm_15rotations_1pitch.stl
G1 F1523.2 X109.493 Y106.513 E223.65629
G1 X109.384 Y106.516 E223.65888
G1 X108.231 Y106.938 E223.68797
G1 X107.291 Y107.724 E223.71701
G1 X106.675 Y108.792 E223.74623
G1 X106.463 Y109.999 E223.77527
G1 X106.677 Y111.212 E223.80446
G1 X107.291 Y112.276 E223.83357
G1 X108.231 Y113.062 E223.86261
G1 X109.383 Y113.483 E223.89167
G1 X110.62 Y113.481 E223.92099
G1 X111.773 Y113.059 E223.95008
G1 X112.709 Y112.276 E223.979
G1 X113.325 Y111.208 E224.00822
G1 X113.537 Y110.001 E224.03726
G1 X113.325 Y108.792 E224.06635
G1 X112.709 Y107.727 E224.09551
G1 X111.867 Y107.021 E224.12155
G1 X111.731 Y106.89 E224.12602
G1 X110.635 Y106.395 E224.15452
G0 F9000 X110.681 Y106.109
;TYPE:WALL-OUTER
G1 F1171.7 X109.464 Y106.234 E224.18119
G1 X109.335 Y106.236 E224.184
G1 X108.089 Y106.692 E224.21293
G1 X107.073 Y107.541 E224.2418
G1 X106.408 Y108.695 E224.27084
G1 X106.178 Y109.999 E224.29971
G1 X106.41 Y111.309 E224.32871
G1 X107.073 Y112.459 E224.35765
G1 X108.089 Y113.308 E224.38652
G1 X109.334 Y113.763 E224.41542
G1 X110.669 Y113.761 E224.44452
G1 X111.915 Y113.305 E224.47345
G1 X112.927 Y112.459 E224.50221
G1 X113.592 Y111.305 E224.53125
G1 X113.822 Y110.001 E224.56011
G1 X113.592 Y108.695 E224.58903
G1 X112.927 Y107.544 E224.61801
G1 X112.047 Y106.806 E224.64305
G1 X111.891 Y106.655 E224.64778
G1 X110.681 Y106.109 E224.67672
G0 F9000 X110.482 Y106.129
G0 X110.59 Y106.667
;TYPE:SKIN
G1 F1054.5 X109.43 Y106.783 E224.69109
G1 X108.366 Y107.174 E224.70506
G1 X107.499 Y107.897 E224.71897
G1 X106.929 Y108.886 E224.73303
G1 X106.733 Y109.998 E224.74695
G1 X106.931 Y111.117 E224.76095
G1 X107.499 Y112.104 E224.77499
G1 X108.365 Y112.826 E224.78888
G1 X109.428 Y113.216 E224.80283
G1 X110.573 Y113.215 E224.81694
G1 X111.638 Y112.824 E224.83092
G1 X112.499 Y112.103 E224.84476
G1 X113.071 Y111.112 E224.85886
G1 X113.267 Y110 E224.87278
G1 X113.071 Y108.887 E224.8867
G1 X112.503 Y107.903 E224.9007
G1 X111.635 Y107.171 E224.9147
G1 X111.577 Y107.113 E224.91571
G1 X110.59 Y106.667 E224.92905
G0 F9000 X110.638 Y106.562
G0 X111.679 Y107.134
G0 X112.545 Y107.865
G0 X113.065 Y108.765
G0 X113.342 Y109.76
G0 X113.1 Y109.802
G1 F1054.5 X113.1 Y110.199 E224.93394
G0 F9000 X113.341 Y110.242
G0 X113.053 Y111.377
G0 X112.84 Y111.253
G1 F1054.5 X112.84 Y108.748 E224.96481
G0 F9000 X112.58 Y108.298
G1 F1054.5 X112.58 Y111.703 E225.00677
G0 F9000 X112.32 Y112.084
G1 F1054.5 X112.32 Y107.92 E225.05809
G0 F9000 X112.06 Y107.701
G1 F1054.5 X112.06 Y112.302 E225.11478
G0 F9000 X111.8 Y112.519
G1 F1054.5 X111.8 Y107.482 E225.17685
G0 F9000 X111.54 Y107.262
G1 F1054.5 X111.54 Y112.722 E225.24414
G0 F9000 X111.28 Y112.818
G1 F1054.5 X111.28 Y107.122 E225.31433
G0 F9000 X111.02 Y107.005
G1 F1054.5 X111.02 Y112.913 E225.38713
G0 F9000 X110.76 Y113.008
G1 F1054.5 X110.76 Y106.887 E225.46256
G0 F9000 X110.5 Y106.806
G1 F1054.5 X110.5 Y113.086 E225.53995
G0 F9000 X110.24 Y113.086
G1 F1054.5 X110.24 Y106.833 E225.617
G0 F9000 X109.98 Y106.859
G1 F1054.5 X109.98 Y113.086 E225.69374
G0 F9000 X109.72 Y113.086
G1 F1054.5 X109.72 Y106.885 E225.77015
G0 F9000 X109.46 Y106.911
G1 F1054.5 X109.46 Y113.086 E225.84624
G0 F9000 X109.2 Y112.993
G1 F1054.5 X109.2 Y107.006 E225.92002
G0 F9000 X108.94 Y107.101
G1 F1054.5 X108.94 Y112.898 E225.99146
G0 F9000 X108.68 Y112.803
G1 F1054.5 X108.68 Y107.196 E226.06055
G0 F9000 X108.42 Y107.298
G1 F1054.5 X108.42 Y112.702 E226.12714
G0 F9000 X108.16 Y112.486
G1 F1054.5 X108.16 Y107.514 E226.18841
G0 F9000 X107.9 Y107.731
G1 F1054.5 X107.9 Y112.269 E226.24434
G0 F9000 X107.64 Y112.052
G1 F1054.5 X107.64 Y107.948 E226.29491
G0 F9000 X107.38 Y108.363
G1 F1054.5 X107.38 Y111.636 E226.33524
G0 F9000 X107.12 Y111.184
G1 F1054.5 X107.12 Y108.814 E226.36445
;MESH:NONMESH
G0 F600 X107.12 Y108.814 Z14.92
G0 F9000 X106.908 Y108.69
G0 X106.684 Y109.999
G0 X106.463 Y110.001
;TIME_ELAPSED:756.637985
;LAYER:122
;TYPE:WALL-INNER
;MESH:screw_15mm_15rotations_1pitch.stl
G1 F1347 X106.676 Y111.21 E226.39354
G1 X107.291 Y112.276 E226.4227
G1 X108.231 Y113.062 E226.45174
G1 X109.384 Y113.483 E226.48083
G1 X110.617 Y113.482 E226.51005
G1 X111.771 Y113.06 E226.53917
G1 X112.709 Y112.276 E226.56814
G1 X113.326 Y111.206 E226.59741
G1 X113.537 Y110.001 E226.6264
G1 X113.325 Y108.792 E226.65549
G1 X112.709 Y107.724 E226.6847
G1 X111.769 Y106.938 E226.71374
G1 X110.615 Y106.518 E226.74284
G1 X109.384 Y106.518 E226.77201
G1 X108.231 Y106.939 E226.8011
G1 X107.291 Y107.725 E226.83014
G1 X106.675 Y108.793 E226.85936
G1 X106.463 Y110.001 E226.88842
G0 F9000 X106.178 Y110.001
;TYPE:WALL-OUTER
G1 F1036.1 X106.409 Y111.307 E226.91734
G1 X107.073 Y112.459 E226.94633
G1 X108.089 Y113.308 E226.97519
G1 X109.334 Y113.763 E227.00409
G1 X110.667 Y113.762 E227.03315
G1 X111.913 Y113.306 E227.06208
G1 X112.927 Y112.459 E227.09089
G1 X113.593 Y111.303 E227.11997
G1 X113.822 Y110.001 E227.1488
G1 X113.592 Y108.695 E227.17771
G1 X112.927 Y107.541 E227.20675
G1 X111.911 Y106.692 E227.23561
G1 X110.665 Y106.237 E227.26453
G1 X109.334 Y106.237 E227.29355
G1 X108.089 Y106.692 E227.32245
G1 X107.073 Y107.542 E227.35133
G1 X106.408 Y108.695 E227.38035
G1 X106.178 Y110.001 E227.40926
G0 F9000 X106.212 Y110.197
G0 X106.85 Y110
;TYPE:SKIN
G1 F932.5 X107.039 Y111.073 E227.42269
G1 X107.59 Y112.029 E227.43628
G1 X108.424 Y112.726 E227.44968
G1 X109.45 Y113.103 E227.46315
G1 X110.55 Y113.102 E227.4767
G1 X111.579 Y112.724 E227.49021
G1 X112.412 Y112.029 E227.50358
G1 X112.963 Y111.072 E227.51719
G1 X113.151 Y110.002 E227.53058
G1 X112.962 Y108.927 E227.54403
G1 X112.41 Y107.971 E227.55763
G1 X111.577 Y107.274 E227.57101
G1 X110.549 Y106.899 E227.5845
G1 X109.45 Y106.899 E227.59804
G1 X108.424 Y107.275 E227.61151
G1 X107.589 Y107.972 E227.62491
G1 X107.038 Y108.929 E227.63852
G1 X106.85 Y110 E227.65192
G0 F9000 X106.624 Y109.96
G0 X106.877 Y108.867
G0 X107.455 Y107.864
G0 X108.25 Y107.199
G0 X109.102 Y106.78
G0 X109.225 Y107.12
;TYPE:SKIN
G1 F1036.1 X110.776 Y107.12 E227.67103
G0 F9000 X111.49 Y107.38
G1 F1036.1 X108.515 Y107.38 E227.70769
G0 F9000 X108.19 Y107.64
G1 F1036.1 X111.813 Y107.64 E227.75234
G0 F9000 X112.123 Y107.9
G1 F1036.1 X107.879 Y107.9 E227.80463
G0 F9000 X107.631 Y108.16
G1 F1036.1 X112.37 Y108.16 E227.86303
G0 F9000 X112.52 Y108.42
G1 F1036.1 X107.481 Y108.42 E227.92513
G0 F9000 X107.332 Y108.68
G1 F1036.1 X112.67 Y108.68 E227.99091
G0 F9000 X112.82 Y108.94
G1 F1036.1 X107.182 Y108.94 E228.06038
G0 F9000 X107.123 Y109.2
G1 F1036.1 X112.879 Y109.2 E228.13131
G0 F9000 X112.924 Y109.46
G1 F1036.1 X107.077 Y109.46 E228.20337
G0 F9000 X107.032 Y109.72
G1 F1036.1 X112.97 Y109.72 E228.27654
G0 F9000 X113.016 Y109.98
G1 F1036.1 X106.986 Y109.98 E228.35085
G0 F9000 X107.024 Y110.24
G1 F1036.1 X112.977 Y110.24 E228.4242
G0 F9000 X112.931 Y110.5
G1 F1036.1 X107.07 Y110.5 E228.49643
G0 F9000 X107.115 Y110.76
G1 F1036.1 X112.885 Y110.76 E228.56753
G0 F9000 X112.84 Y111.02
G1 F1036.1 X107.161 Y111.02 E228.63751
G0 F9000 X107.308 Y111.28
G1 F1036.1 X112.693 Y111.28 E228.70387
G0 F9000 X112.543 Y111.54
G1 F1036.1 X107.458 Y111.54 E228.76653
G0 F9000 X107.607 Y111.8
G1 F1036.1 X112.393 Y111.8 E228.82551
G0 F9000 X112.172 Y112.06
G1 F1036.1 X107.829 Y112.06 E228.87903
G0 F9000 X108.14 Y112.32
G1 F1036.1 X111.86 Y112.32 E228.92487
G0 F9000 X111.548 Y112.58
G1 F1036.1 X108.451 Y112.58 E228.96303
G0 F9000 X109.11 Y112.84
G1 F1036.1 X110.886 Y112.84 E228.98492
;MESH:NONMESH
G0 F600 X110.886 Y112.84 Z15.04
G0 F9000 X111.009 Y113.179
G0 X110.579 Y113.271
G0 X109.422 Y113.272
G0 X108.339 Y112.876
G0 X107.455 Y112.137
G0 X106.936 Y111.237
G0 X106.684 Y109.999
G0 X106.463 Y109.999
;TIME_ELAPSED:768.168344
;LAYER:123
;TYPE:WALL-INNER
;MESH:screw_15mm_15rotations_1pitch.stl
G1 F1355.9 X106.675 Y111.207 E229.01398
G1 X107.29 Y112.274 E229.04317
G1 X108.23 Y113.061 E229.07222
G1 X109.383 Y113.483 E229.10132
G1 X110.616 Y113.483 E229.13054
G1 X111.77 Y113.062 E229.15965
G1 X112.708 Y112.276 E229.18865
G1 X113.325 Y111.207 E229.2179
G1 X113.537 Y110 E229.24694
G1 X113.324 Y108.792 E229.27601
G1 X112.708 Y107.725 E229.30521
G1 X111.768 Y106.939 E229.33424
G1 X110.615 Y106.518 E229.36333
G1 X109.384 Y106.518 E229.3925
G1 X108.231 Y106.939 E229.42159
G1 X107.291 Y107.725 E229.45063
G1 X106.676 Y108.791 E229.47979
G1 X106.463 Y109.999 E229.50886
G0 F9000 X106.178 Y109.999
;TYPE:WALL-OUTER
G1 F1043 X106.408 Y111.304 E229.53775
G1 X107.072 Y112.457 E229.56676
G1 X108.088 Y113.307 E229.59564
G1 X109.334 Y113.763 E229.62457
G1 X110.666 Y113.763 E229.65361
G1 X111.912 Y113.308 E229.68253
G1 X112.926 Y112.459 E229.71136
G1 X113.592 Y111.304 E229.74043
G1 X113.822 Y110 E229.7693
G1 X113.591 Y108.695 E229.79819
G1 X112.927 Y107.542 E229.8272
G1 X111.911 Y106.692 E229.85608
G1 X110.665 Y106.237 E229.885
G1 X109.334 Y106.237 E229.91402
G1 X108.089 Y106.692 E229.94292
G1 X107.073 Y107.542 E229.9718
G1 X106.409 Y108.693 E230.00077
G1 X106.178 Y109.999 E230.02968
G0 F9000 X106.212 Y110.195
G0 X106.849 Y110
;TYPE:SKIN
G1 F938.7 X107.038 Y111.072 E230.0431
G1 X107.588 Y112.028 E230.05669
G1 X108.423 Y112.725 E230.07009
G1 X109.449 Y113.102 E230.08356
G1 X110.55 Y113.102 E230.09713
G1 X111.577 Y112.727 E230.1106
G1 X112.411 Y112.03 E230.124
G1 X112.962 Y111.071 E230.13763
G1 X113.151 Y110.001 E230.15102
G1 X112.961 Y108.927 E230.16446
G1 X112.411 Y107.972 E230.17804
G1 X111.576 Y107.275 E230.19144
G1 X110.549 Y106.899 E230.20492
G1 X109.45 Y106.899 E230.21846
G1 X108.423 Y107.275 E230.23194
G1 X107.588 Y107.972 E230.24534
G1 X107.039 Y108.926 E230.2589
G1 X106.849 Y110 E230.27234
G0 F9000 X106.623 Y110.039
G0 X106.878 Y108.865
G0 X107.455 Y107.864
G0 X108.338 Y107.125
G0 X109.422 Y106.729
G0 X110.577 Y106.729
G0 X111.66 Y107.125
G0 X112.455 Y107.79
G0 X113.195 Y108.927
G0 X112.84 Y108.989
;TYPE:SKIN
G1 F1043 X112.84 Y111.015 E230.29731
G0 F9000 X112.58 Y111.476
G1 F1043 X112.58 Y108.526 E230.33366
G0 F9000 X112.32 Y108.075
G1 F1043 X112.32 Y111.928 E230.38114
G0 F9000 X112.06 Y112.155
G1 F1043 X112.06 Y107.849 E230.4342
G0 F9000 X111.8 Y107.632
G1 F1043 X111.8 Y112.372 E230.49262
G0 F9000 X111.54 Y112.589
G1 F1043 X111.54 Y107.415 E230.55637
G0 F9000 X111.28 Y107.305
G1 F1043 X111.28 Y112.698 E230.62283
G0 F9000 X111.02 Y112.793
G1 F1043 X111.02 Y107.21 E230.69163
G0 F9000 X110.76 Y107.115
G1 F1043 X110.76 Y112.887 E230.76276
G0 F9000 X110.5 Y112.972
G1 F1043 X110.5 Y107.029 E230.83599
G0 F9000 X110.24 Y107.029
G1 F1043 X110.24 Y112.972 E230.90923
G0 F9000 X109.98 Y112.972
G1 F1043 X109.98 Y107.029 E230.98246
G0 F9000 X109.72 Y107.029
G1 F1043 X109.72 Y112.972 E231.0557
G0 F9000 X109.46 Y112.967
G1 F1043 X109.46 Y107.033 E231.12882
G0 F9000 X109.2 Y107.128
G1 F1043 X109.2 Y112.872 E231.1996
G0 F9000 X108.94 Y112.776
G1 F1043 X108.94 Y107.224 E231.26802
G0 F9000 X108.68 Y107.319
G1 F1043 X108.68 Y112.681 E231.3341
G0 F9000 X108.42 Y112.553
G1 F1043 X108.42 Y107.446 E231.39703
G0 F9000 X108.16 Y107.663
G1 F1043 X108.16 Y112.336 E231.45461
G0 F9000 X107.9 Y112.119
G1 F1043 X107.9 Y107.88 E231.50685
G0 F9000 X107.64 Y108.142
G1 F1043 X107.64 Y111.857 E231.55263
G0 F9000 X107.38 Y111.405
G1 F1043 X107.38 Y108.593 E231.58728
G0 F9000 X107.12 Y109.214
G1 F1043 X107.12 Y110.788 E231.60668
;TIME_ELAPSED:779.453573
G1 F1800 E229.60668
M140 S0
M205 X10 Y10
M107
G91 ;Relative positioning
G1 E-2 F2700 ;Retract a bit
G1 E-2 Z0.2 F2400 ;Retract and raise Z
G1 X5 Y5 F3000 ;Wipe out
G1 Z10 ;Raise Z more
G90 ;Absolute positioning

G28 X0 Y0 ;Present print
M106 S0 ;Turn-off fan
M104 S0 ;Turn-off hotend
M140 S0 ;Turn-off bed

;*** Message and End Tones
M117 Print Completed
M300 S440 P200 ; Make Print Completed Tones
M300 S660 P250
M300 S880 P300
;*** End Message and End Tones

M84 X Y E ;Disable all steppers but Z
M82 ;absolute extrusion mode
M104 S0
;End of Gcode
;SETTING_3 {"global_quality": "[general]\\nversion = 4\\nname = FFV5.1_EF(.12)\\
;SETTING_3 ndefinition = creality_ender5\\n\\n[metadata]\\ntype = quality_change
;SETTING_3 s\\nquality_type = standard\\nsetting_version = 20\\n\\n[values]\\nac
;SETTING_3 celeration_enabled = True\\nadhesion_type = brim\\njerk_enabled = Tru
;SETTING_3 e\\nlayer_height = 0.12\\nlayer_height_0 = 0.28\\nmaterial_bed_temper
;SETTING_3 ature = 50\\nmaterial_bed_temperature_layer_0 = 60\\n\\n", "extruder_
;SETTING_3 quality": ["[general]\\nversion = 4\\nname = FFV5.1_EF(.12)\\ndefinit
;SETTING_3 ion = creality_ender5\\n\\n[metadata]\\ntype = quality_changes\\nqual
;SETTING_3 ity_type = standard\\nintent_category = default\\nposition = 0\\nsett
;SETTING_3 ing_version = 20\\n\\n[values]\\nacceleration_print = 500.0\\nacceler
;SETTING_3 ation_roofing = 500.0\\nacceleration_topbottom = 500.0\\nacceleration
;SETTING_3 _travel = 500.0\\nacceleration_wall = 500.0\\nbottom_layers = 3\\nbri
;SETTING_3 m_line_count = 10\\ncoasting_enable = False\\nfill_outline_gaps = Tru
;SETTING_3 e\\ninfill_line_distance = =0 if infill_sparse_density == 0 else (inf
;SETTING_3 ill_line_width * 100) / infill_sparse_density * (2 if infill_pattern 
;SETTING_3 == 'grid' else (3 if infill_pattern == 'triangles' or infill_pattern 
;SETTING_3 == 'trihexagon' or infill_pattern == 'cubic' or infill_pattern == 'cu
;SETTING_3 bicsubdiv' else (2 if infill_pattern == 'tetrahedral' or infill_patte
;SETTING_3 rn == 'quarter_cubic' else (1 if infill_pattern == 'cross' or infill_
;SETTING_3 pattern == 'cross_3d' else 1))))\\ninfill_line_width = 0.58\\ninfill_
;SETTING_3 overlap = 0\\ninfill_pattern = ='zigzag' if infill_sparse_density > 8
;SETTING_3 9 else 'lines' if infill_sparse_density > 31 else 'cubic'\\ninfill_sp
;SETTING_3 arse_density = 25.0\\ninfill_sparse_thickness = 0.3\\ninitial_layer_l
;SETTING_3 ine_width_factor = 100.0\\ninset_direction = inside_out\\njerk_layer_
;SETTING_3 0 = 8\\njerk_print = 20\\njerk_travel_layer_0 = 5\\nline_width = 0.46
;SETTING_3 \\nmaterial_flow = 95\\nmaterial_flow_layer_0 = 95\\nmaterial_print_t
;SETTING_3 emperature = 210\\nretraction_amount = 2\\nretraction_extrusion_windo
;SETTING_3 w = 6\\nretraction_prime_speed = 15\\nretraction_retract_speed = 30\\
;SETTING_3 nroofing_layer_count = 2\\nskin_angles = [ 90,0]\\nskin_line_width = 
;SETTING_3 0.26\\nskin_monotonic = True\\nskin_overlap = 30.0\\nskirt_brim_speed
;SETTING_3  = 25.0\\nskirt_line_count = 1\\nspeed_layer_0 = 25\\nspeed_print = 6
;SETTING_3 0.0\\nspeed_roofing = 50\\nspeed_topbottom = 45\\nspeed_travel_layer_
;SETTING_3 0 = 125.0\\nspeed_wall_0 = 50\\nspeed_wall_x = 65\\nspeed_z_hop = 10\
;SETTING_3 \ntop_bottom_pattern = lines\\ntop_bottom_thickness = =layer_height_0
;SETTING_3 +layer_height*3\\ntop_layers = 3\\nwall_0_inset = 0.2\\nwall_0_materi
;SETTING_3 al_flow = 95\\nwall_0_wipe_dist = 0.2\\nwall_line_count = 2\\nwall_li
;SETTING_3 ne_width_x = 0.5\\nwall_thickness = =line_width*2\\nxy_offset_layer_0
;SETTING_3  = -0.2\\nz_seam_corner = z_seam_corner_weighted\\nz_seam_type = shar
;SETTING_3 pest_corner\\n\\n"]}
