solid 1
 facet normal       -0       -1        0
  outer loop
   vertex      -75     -2.5    -19.5
   vertex -82.4623     -2.5 -18.0157
   vertex  -83.419     -2.5 -20.3253
  endloop
 endfacet
 facet normal        0       -1        0
  outer loop
   vertex -90.5564     -2.5 -15.5563
   vertex  -83.419     -2.5 -20.3253
   vertex -82.4623     -2.5 -18.0157
  endloop
 endfacet
 facet normal        0       -1        0
  outer loop
   vertex -67.5377     -2.5 -18.0157
   vertex      -75     -2.5    -19.5
   vertex      -75     -2.5      -22
  endloop
 endfacet
 facet normal        0       -1        0
  outer loop
   vertex  -83.419     -2.5 -20.3253
   vertex      -75     -2.5      -22
   vertex      -75     -2.5    -19.5
  endloop
 endfacet
 facet normal        0       -1        0
  outer loop
   vertex -95.3253     -2.5 -8.41904
   vertex -90.5564     -2.5 -15.5563
   vertex -88.7886     -2.5 -13.7886
  endloop
 endfacet
 facet normal       -0       -1        0
  outer loop
   vertex -24.1809     -2.5 -18.6955
   vertex -67.5377     -2.5 -18.0157
   vertex      -75     -2.5      -22
  endloop
 endfacet
 facet normal       -0       -1        0
  outer loop
   vertex -26.3457     -2.5 -16.5307
   vertex -61.2114     -2.5 -13.7886
   vertex -67.5377     -2.5 -18.0157
  endloop
 endfacet
 facet normal        0       -1        0
  outer loop
   vertex -90.5564     -2.5 -15.5563
   vertex -82.4623     -2.5 -18.0157
   vertex -88.7886     -2.5 -13.7886
  endloop
 endfacet
 facet normal        0       -1        0
  outer loop
   vertex -61.2114     -2.5 -13.7886
   vertex -26.3457     -2.5 -16.5307
   vertex -26.6502     -2.5      -15
  endloop
 endfacet
 facet normal        0       -1        0
  outer loop
   vertex -67.5377     -2.5 -18.0157
   vertex -24.1809     -2.5 -18.6955
   vertex -25.4786     -2.5 -17.8284
  endloop
 endfacet
 facet normal        0       -1        0
  outer loop
   vertex 2.38806e-15     -2.5    -19.5
   vertex -21.1194     -2.5 -18.6955
   vertex -22.6502     -2.5      -19
  endloop
 endfacet
 facet normal        0       -1        0
  outer loop
   vertex      -75     -2.5      -22
   vertex -22.6502     -2.5      -19
   vertex -24.1809     -2.5 -18.6955
  endloop
 endfacet
 facet normal        0       -1       -0
  outer loop
   vertex -18.6502     -2.5      -15
   vertex -18.9547     -2.5 -16.5307
   vertex -7.46233     -2.5 -18.0157
  endloop
 endfacet
 facet normal        0       -1       -0
  outer loop
   vertex -18.9547     -2.5 -16.5307
   vertex -19.8217     -2.5 -17.8284
   vertex -7.46233     -2.5 -18.0157
  endloop
 endfacet
 facet normal        0       -1       -0
  outer loop
   vertex -26.3457     -2.5 -16.5307
   vertex -67.5377     -2.5 -18.0157
   vertex -25.4786     -2.5 -17.8284
  endloop
 endfacet
 facet normal       -0       -1        0
  outer loop
   vertex -7.46233     -2.5 -18.0157
   vertex -19.8217     -2.5 -17.8284
   vertex -21.1194     -2.5 -18.6955
  endloop
 endfacet
 facet normal       -0       -1        0
  outer loop
   vertex 2.38806e-15     -2.5    -19.5
   vertex -22.6502     -2.5      -19
   vertex      -75     -2.5      -22
  endloop
 endfacet
 facet normal        0       -1       -0
  outer loop
   vertex -56.9843     -2.5 -7.46233
   vertex -61.2114     -2.5 -13.7886
   vertex -25.4786     -2.5 -12.1716
  endloop
 endfacet
 facet normal        0       -1        0
  outer loop
   vertex -95.3253     -2.5 -8.41904
   vertex -88.7886     -2.5 -13.7886
   vertex -93.0156     -2.5 -7.46233
  endloop
 endfacet
 facet normal        0       -1        0
  outer loop
   vertex -61.2114     -2.5 -13.7886
   vertex -26.3457     -2.5 -13.4693
   vertex -25.4786     -2.5 -12.1716
  endloop
 endfacet
 facet normal        0       -1        0
  outer loop
   vertex -93.0156     -2.5 -7.46233
   vertex    -94.5     -2.5 -3.58209e-15
   vertex      -97     -2.5 -4.04133e-15
  endloop
 endfacet
 facet normal        0       -1        0
  outer loop
   vertex -93.0156     -2.5  7.46233
   vertex      -97     -2.5 -4.04133e-15
   vertex    -94.5     -2.5 -3.58209e-15
  endloop
 endfacet
 facet normal        0       -1        0
  outer loop
   vertex -25.4786     -2.5 -12.1716
   vertex -24.1809     -2.5 -11.3045
   vertex -56.9843     -2.5 -7.46233
  endloop
 endfacet
 facet normal        0       -1        0
  outer loop
   vertex -95.3253     -2.5 -8.41904
   vertex -93.0156     -2.5 -7.46233
   vertex      -97     -2.5 -4.04133e-15
  endloop
 endfacet
 facet normal        0       -1        0
  outer loop
   vertex -56.9843     -2.5 -7.46233
   vertex    -19.5     -2.5 -3.58209e-15
   vertex    -55.5     -2.5 1.19403e-15
  endloop
 endfacet
 facet normal        0       -1        0
  outer loop
   vertex -19.8217     -2.5 -12.1716
   vertex -18.9547     -2.5 -13.4693
   vertex -13.7886     -2.5 -13.7886
  endloop
 endfacet
 facet normal        0       -1        0
  outer loop
   vertex -18.9547     -2.5 -13.4693
   vertex -18.6502     -2.5      -15
   vertex -13.7886     -2.5 -13.7886
  endloop
 endfacet
 facet normal        0       -1        0
  outer loop
   vertex -13.7886     -2.5 -13.7886
   vertex -21.1194     -2.5 -11.3045
   vertex -19.8217     -2.5 -12.1716
  endloop
 endfacet
 facet normal        0       -1        0
  outer loop
   vertex -18.0157     -2.5 -7.46233
   vertex -22.6502     -2.5      -11
   vertex -21.1194     -2.5 -11.3045
  endloop
 endfacet
 facet normal        0       -1        0
  outer loop
   vertex -24.1809     -2.5 -11.3045
   vertex -22.6502     -2.5      -11
   vertex -18.0157     -2.5 -7.46233
  endloop
 endfacet
 facet normal        0       -1        0
  outer loop
   vertex -24.1809     -2.5 -11.3045
   vertex -18.0157     -2.5 -7.46233
   vertex -56.9843     -2.5 -7.46233
  endloop
 endfacet
 facet normal        0       -1        0
  outer loop
   vertex -13.7886     -2.5 -13.7886
   vertex -18.0157     -2.5 -7.46233
   vertex -21.1194     -2.5 -11.3045
  endloop
 endfacet
 facet normal        0       -1        0
  outer loop
   vertex -18.0157     -2.5 -7.46233
   vertex    -19.5     -2.5 -3.58209e-15
   vertex -56.9843     -2.5 -7.46233
  endloop
 endfacet
 facet normal        0       -1        0
  outer loop
   vertex -61.2114     -2.5 -13.7886
   vertex -26.6502     -2.5      -15
   vertex -26.3457     -2.5 -13.4693
  endloop
 endfacet
 facet normal        0       -1        0
  outer loop
   vertex -18.6502     -2.5      -15
   vertex -7.46233     -2.5 -18.0157
   vertex -13.7886     -2.5 -13.7886
  endloop
 endfacet
 facet normal       -0       -1        0
  outer loop
   vertex  22.6502     -2.5      -19
   vertex  21.1194     -2.5 -18.6955
   vertex 2.38806e-15     -2.5    -19.5
  endloop
 endfacet
 facet normal        0       -1       -0
  outer loop
   vertex  7.46233     -2.5 -18.0157
   vertex 2.38806e-15     -2.5    -19.5
   vertex  21.1194     -2.5 -18.6955
  endloop
 endfacet
 facet normal        0       -1        0
  outer loop
   vertex       75     -2.5      -22
   vertex  24.1809     -2.5 -18.6955
   vertex  22.6502     -2.5      -19
  endloop
 endfacet
 facet normal        0       -1        0
  outer loop
   vertex       75     -2.5      -22
   vertex  22.6502     -2.5      -19
   vertex 2.38806e-15     -2.5    -19.5
  endloop
 endfacet
 facet normal        0       -1       -0
  outer loop
   vertex  18.6502     -2.5      -15
   vertex  7.46233     -2.5 -18.0157
   vertex  18.9547     -2.5 -16.5307
  endloop
 endfacet
 facet normal        0       -1        0
  outer loop
   vertex  7.46233     -2.5 -18.0157
   vertex  19.8217     -2.5 -17.8284
   vertex  18.9547     -2.5 -16.5307
  endloop
 endfacet
 facet normal        0       -1        0
  outer loop
   vertex  21.1194     -2.5 -18.6955
   vertex  19.8217     -2.5 -17.8284
   vertex  7.46233     -2.5 -18.0157
  endloop
 endfacet
 facet normal        0       -1       -0
  outer loop
   vertex -7.46233     -2.5 -18.0157
   vertex -21.1194     -2.5 -18.6955
   vertex 2.38806e-15     -2.5    -19.5
  endloop
 endfacet
 facet normal       -0       -1       -0
  outer loop
   vertex       75     -2.5    -19.5
   vertex  67.5377     -2.5 -18.0157
   vertex       75     -2.5      -22
  endloop
 endfacet
 facet normal        0       -1       -0
  outer loop
   vertex  67.5377     -2.5 -18.0157
   vertex  24.1809     -2.5 -18.6955
   vertex       75     -2.5      -22
  endloop
 endfacet
 facet normal        0       -1        0
  outer loop
   vertex       75     -2.5    -19.5
   vertex   83.419     -2.5 -20.3253
   vertex  82.4623     -2.5 -18.0157
  endloop
 endfacet
 facet normal        0       -1        0
  outer loop
   vertex       75     -2.5      -22
   vertex   83.419     -2.5 -20.3253
   vertex       75     -2.5    -19.5
  endloop
 endfacet
 facet normal        0       -1        0
  outer loop
   vertex   83.419     -2.5 -20.3253
   vertex  90.5564     -2.5 -15.5563
   vertex  82.4623     -2.5 -18.0157
  endloop
 endfacet
 facet normal        0       -1       -0
  outer loop
   vertex  88.7886     -2.5 -13.7886
   vertex  82.4623     -2.5 -18.0157
   vertex  90.5564     -2.5 -15.5563
  endloop
 endfacet
 facet normal        0       -1        0
  outer loop
   vertex  26.3457     -2.5 -16.5307
   vertex  67.5377     -2.5 -18.0157
   vertex  61.2114     -2.5 -13.7886
  endloop
 endfacet
 facet normal        0       -1        0
  outer loop
   vertex  25.4786     -2.5 -17.8284
   vertex  67.5377     -2.5 -18.0157
   vertex  26.3457     -2.5 -16.5307
  endloop
 endfacet
 facet normal       -0       -1        0
  outer loop
   vertex  67.5377     -2.5 -18.0157
   vertex  25.4786     -2.5 -17.8284
   vertex  24.1809     -2.5 -18.6955
  endloop
 endfacet
 facet normal        0       -1        0
  outer loop
   vertex      -75     -2.5      -22
   vertex       75     -2.5      -22
   vertex 2.38806e-15     -2.5    -19.5
  endloop
 endfacet
 facet normal        0       -1        0
  outer loop
   vertex  18.9547     -2.5 -13.4693
   vertex  13.7886     -2.5 -13.7886
   vertex  18.6502     -2.5      -15
  endloop
 endfacet
 facet normal        0       -1        0
  outer loop
   vertex  7.46233     -2.5 -18.0157
   vertex  18.6502     -2.5      -15
   vertex  13.7886     -2.5 -13.7886
  endloop
 endfacet
 facet normal        0       -1        0
  outer loop
   vertex  13.7886     -2.5 -13.7886
   vertex  18.9547     -2.5 -13.4693
   vertex  19.8217     -2.5 -12.1716
  endloop
 endfacet
 facet normal       -0       -1        0
  outer loop
   vertex  19.8217     -2.5 -12.1716
   vertex  21.1194     -2.5 -11.3045
   vertex  13.7886     -2.5 -13.7886
  endloop
 endfacet
 facet normal       -0       -1        0
  outer loop
   vertex  22.6502     -2.5      -11
   vertex  18.0157     -2.5 -7.46233
   vertex  21.1194     -2.5 -11.3045
  endloop
 endfacet
 facet normal        0       -1        0
  outer loop
   vertex  13.7886     -2.5 -13.7886
   vertex  21.1194     -2.5 -11.3045
   vertex  18.0157     -2.5 -7.46233
  endloop
 endfacet
 facet normal        0       -1        0
  outer loop
   vertex  18.0157     -2.5 -7.46233
   vertex  22.6502     -2.5      -11
   vertex  24.1809     -2.5 -11.3045
  endloop
 endfacet
 facet normal        0       -1        0
  outer loop
   vertex  24.1809     -2.5 -11.3045
   vertex  56.9843     -2.5 -7.46233
   vertex  18.0157     -2.5 -7.46233
  endloop
 endfacet
 facet normal       -0       -1        0
  outer loop
   vertex  61.2114     -2.5 -13.7886
   vertex  26.3457     -2.5 -13.4693
   vertex  26.6502     -2.5      -15
  endloop
 endfacet
 facet normal        0       -1        0
  outer loop
   vertex  25.4786     -2.5 -12.1716
   vertex  26.3457     -2.5 -13.4693
   vertex  61.2114     -2.5 -13.7886
  endloop
 endfacet
 facet normal        0       -1       -0
  outer loop
   vertex  26.6502     -2.5      -15
   vertex  26.3457     -2.5 -16.5307
   vertex  61.2114     -2.5 -13.7886
  endloop
 endfacet
 facet normal        0       -1        0
  outer loop
   vertex  25.4786     -2.5 -12.1716
   vertex  56.9843     -2.5 -7.46233
   vertex  24.1809     -2.5 -11.3045
  endloop
 endfacet
 facet normal        0       -1       -0
  outer loop
   vertex     55.5     -2.5 -3.58209e-15
   vertex  18.0157     -2.5 -7.46233
   vertex  56.9843     -2.5 -7.46233
  endloop
 endfacet
 facet normal       -0       -1        0
  outer loop
   vertex  95.3253     -2.5 -8.41904
   vertex  93.0156     -2.5 -7.46233
   vertex  88.7886     -2.5 -13.7886
  endloop
 endfacet
 facet normal        0       -1        0
  outer loop
   vertex       97     -2.5 1.34711e-15
   vertex  93.0156     -2.5 -7.46233
   vertex  95.3253     -2.5 -8.41904
  endloop
 endfacet
 facet normal        0       -1        0
  outer loop
   vertex  25.4786     -2.5 -12.1716
   vertex  61.2114     -2.5 -13.7886
   vertex  56.9843     -2.5 -7.46233
  endloop
 endfacet
 facet normal        0       -1        0
  outer loop
   vertex  90.5564     -2.5 -15.5563
   vertex  95.3253     -2.5 -8.41904
   vertex  88.7886     -2.5 -13.7886
  endloop
 endfacet
 facet normal        0       -1       -0
  outer loop
   vertex     19.5     -2.5 1.19403e-15
   vertex  18.0157     -2.5 -7.46233
   vertex     55.5     -2.5 -3.58209e-15
  endloop
 endfacet
 facet normal        0       -1        0
  outer loop
   vertex      -97     -2.5 -4.04133e-15
   vertex -93.0156     -2.5  7.46233
   vertex -95.3253     -2.5  8.41904
  endloop
 endfacet
 facet normal        0       -1        0
  outer loop
   vertex -56.9843     -2.5  7.46233
   vertex    -55.5     -2.5 1.19403e-15
   vertex -18.0157     -2.5  7.46233
  endloop
 endfacet
 facet normal        0       -1        0
  outer loop
   vertex -88.7886     -2.5  13.7886
   vertex -95.3253     -2.5  8.41904
   vertex -93.0156     -2.5  7.46233
  endloop
 endfacet
 facet normal       -0       -1        0
  outer loop
   vertex -53.8806     -2.5  11.3045
   vertex -61.2114     -2.5  13.7886
   vertex -56.9843     -2.5  7.46233
  endloop
 endfacet
 facet normal        0       -1        0
  outer loop
   vertex -67.5377     -2.5  18.0157
   vertex -61.2114     -2.5  13.7886
   vertex -56.3498     -2.5       15
  endloop
 endfacet
 facet normal        0       -1        0
  outer loop
   vertex -61.2114     -2.5  13.7886
   vertex -56.0453     -2.5  13.4693
   vertex -56.3498     -2.5       15
  endloop
 endfacet
 facet normal       -0       -1        0
  outer loop
   vertex -88.7886     -2.5  13.7886
   vertex -90.5564     -2.5  15.5563
   vertex -95.3253     -2.5  8.41904
  endloop
 endfacet
 facet normal        0       -1        0
  outer loop
   vertex -61.2114     -2.5  13.7886
   vertex -55.1783     -2.5  12.1716
   vertex -56.0453     -2.5  13.4693
  endloop
 endfacet
 facet normal        0       -1        0
  outer loop
   vertex -56.9843     -2.5  7.46233
   vertex -52.3498     -2.5       11
   vertex -53.8806     -2.5  11.3045
  endloop
 endfacet
 facet normal        0       -1       -0
  outer loop
   vertex -49.5214     -2.5  12.1716
   vertex -50.8191     -2.5  11.3045
   vertex -18.0157     -2.5  7.46233
  endloop
 endfacet
 facet normal        0       -1       -0
  outer loop
   vertex -50.8191     -2.5  11.3045
   vertex -56.9843     -2.5  7.46233
   vertex -18.0157     -2.5  7.46233
  endloop
 endfacet
 facet normal        0       -1       -0
  outer loop
   vertex -52.3498     -2.5       11
   vertex -56.9843     -2.5  7.46233
   vertex -50.8191     -2.5  11.3045
  endloop
 endfacet
 facet normal        0       -1        0
  outer loop
   vertex -49.5214     -2.5  12.1716
   vertex -13.7886     -2.5  13.7886
   vertex -48.6543     -2.5  13.4693
  endloop
 endfacet
 facet normal        0       -1        0
  outer loop
   vertex -48.6543     -2.5  13.4693
   vertex -13.7886     -2.5  13.7886
   vertex -48.3498     -2.5       15
  endloop
 endfacet
 facet normal        0       -1        0
  outer loop
   vertex -18.0157     -2.5  7.46233
   vertex -13.7886     -2.5  13.7886
   vertex -49.5214     -2.5  12.1716
  endloop
 endfacet
 facet normal       -0       -1       -0
  outer loop
   vertex -55.1783     -2.5  12.1716
   vertex -61.2114     -2.5  13.7886
   vertex -53.8806     -2.5  11.3045
  endloop
 endfacet
 facet normal       -0       -1        0
  outer loop
   vertex -56.0453     -2.5  16.5307
   vertex -67.5377     -2.5  18.0157
   vertex -56.3498     -2.5       15
  endloop
 endfacet
 facet normal        0       -1       -0
  outer loop
   vertex  -83.419     -2.5  20.3253
   vertex -90.5564     -2.5  15.5563
   vertex -82.4623     -2.5  18.0157
  endloop
 endfacet
 facet normal        0       -1        0
  outer loop
   vertex -56.0453     -2.5  16.5307
   vertex -55.1783     -2.5  17.8284
   vertex -67.5377     -2.5  18.0157
  endloop
 endfacet
 facet normal        0       -1       -0
  outer loop
   vertex      -75     -2.5       22
   vertex  -83.419     -2.5  20.3253
   vertex      -75     -2.5     19.5
  endloop
 endfacet
 facet normal        0       -1        0
  outer loop
   vertex -53.8806     -2.5  18.6955
   vertex -67.5377     -2.5  18.0157
   vertex -55.1783     -2.5  17.8284
  endloop
 endfacet
 facet normal        0       -1        0
  outer loop
   vertex      -75     -2.5     19.5
   vertex -67.5377     -2.5  18.0157
   vertex      -75     -2.5       22
  endloop
 endfacet
 facet normal        0       -1        0
  outer loop
   vertex  -83.419     -2.5  20.3253
   vertex -82.4623     -2.5  18.0157
   vertex      -75     -2.5     19.5
  endloop
 endfacet
 facet normal        0       -1        0
  outer loop
   vertex      -75     -2.5       22
   vertex -67.5377     -2.5  18.0157
   vertex -53.8806     -2.5  18.6955
  endloop
 endfacet
 facet normal        0       -1        0
  outer loop
   vertex -7.46233     -2.5  18.0157
   vertex -49.5214     -2.5  17.8284
   vertex -48.6543     -2.5  16.5307
  endloop
 endfacet
 facet normal        0       -1        0
  outer loop
   vertex -48.3498     -2.5       15
   vertex -13.7886     -2.5  13.7886
   vertex -48.6543     -2.5  16.5307
  endloop
 endfacet
 facet normal        0       -1        0
  outer loop
   vertex -7.46233     -2.5  18.0157
   vertex -48.6543     -2.5  16.5307
   vertex -13.7886     -2.5  13.7886
  endloop
 endfacet
 facet normal       -0       -1        0
  outer loop
   vertex -7.46233     -2.5  18.0157
   vertex -50.8191     -2.5  18.6955
   vertex -49.5214     -2.5  17.8284
  endloop
 endfacet
 facet normal        0       -1        0
  outer loop
   vertex      -75     -2.5       22
   vertex -53.8806     -2.5  18.6955
   vertex -52.3498     -2.5       19
  endloop
 endfacet
 facet normal        0       -1        0
  outer loop
   vertex -7.46233     -2.5  18.0157
   vertex        0     -2.5     19.5
   vertex -50.8191     -2.5  18.6955
  endloop
 endfacet
 facet normal        0       -1        0
  outer loop
   vertex -52.3498     -2.5       19
   vertex -50.8191     -2.5  18.6955
   vertex        0     -2.5     19.5
  endloop
 endfacet
 facet normal       -0       -1        0
  outer loop
   vertex        0     -2.5     19.5
   vertex      -75     -2.5       22
   vertex -52.3498     -2.5       19
  endloop
 endfacet
 facet normal        0       -1        0
  outer loop
   vertex        0     -2.5     19.5
   vertex       75     -2.5       22
   vertex      -75     -2.5       22
  endloop
 endfacet
 facet normal        0       -1        0
  outer loop
   vertex -88.7886     -2.5  13.7886
   vertex -82.4623     -2.5  18.0157
   vertex -90.5564     -2.5  15.5563
  endloop
 endfacet
 facet normal        0       -1        0
  outer loop
   vertex  18.0157     -2.5  7.46233
   vertex     19.5     -2.5 1.19403e-15
   vertex  56.9843     -2.5  7.46233
  endloop
 endfacet
 facet normal        0       -1        0
  outer loop
   vertex  56.9843     -2.5  7.46233
   vertex  50.8191     -2.5  11.3045
   vertex  18.0157     -2.5  7.46233
  endloop
 endfacet
 facet normal       -0       -1        0
  outer loop
   vertex  50.8191     -2.5  11.3045
   vertex  49.5214     -2.5  12.1716
   vertex  18.0157     -2.5  7.46233
  endloop
 endfacet
 facet normal        0       -1        0
  outer loop
   vertex  56.9843     -2.5  7.46233
   vertex  52.3498     -2.5       11
   vertex  50.8191     -2.5  11.3045
  endloop
 endfacet
 facet normal        0       -1        0
  outer loop
   vertex  49.5214     -2.5  12.1716
   vertex  48.6543     -2.5  13.4693
   vertex  13.7886     -2.5  13.7886
  endloop
 endfacet
 facet normal        0       -1        0
  outer loop
   vertex  13.7886     -2.5  13.7886
   vertex  18.0157     -2.5  7.46233
   vertex  49.5214     -2.5  12.1716
  endloop
 endfacet
 facet normal        0       -1       -0
  outer loop
   vertex  53.8806     -2.5  11.3045
   vertex  52.3498     -2.5       11
   vertex  56.9843     -2.5  7.46233
  endloop
 endfacet
 facet normal        0       -1        0
  outer loop
   vertex  93.0156     -2.5 -7.46233
   vertex       97     -2.5 1.34711e-15
   vertex     94.5     -2.5 1.19403e-15
  endloop
 endfacet
 facet normal        0       -1        0
  outer loop
   vertex  93.0156     -2.5  7.46233
   vertex     94.5     -2.5 1.19403e-15
   vertex       97     -2.5 1.34711e-15
  endloop
 endfacet
 facet normal        0       -1        0
  outer loop
   vertex       97     -2.5 1.34711e-15
   vertex  95.3253     -2.5  8.41904
   vertex  93.0156     -2.5  7.46233
  endloop
 endfacet
 facet normal        0       -1        0
  outer loop
   vertex  61.2114     -2.5  13.7886
   vertex  56.0453     -2.5  13.4693
   vertex  55.1783     -2.5  12.1716
  endloop
 endfacet
 facet normal        0       -1        0
  outer loop
   vertex  93.0156     -2.5  7.46233
   vertex  95.3253     -2.5  8.41904
   vertex  88.7886     -2.5  13.7886
  endloop
 endfacet
 facet normal        0       -1       -0
  outer loop
   vertex  56.3498     -2.5       15
   vertex  56.0453     -2.5  13.4693
   vertex  61.2114     -2.5  13.7886
  endloop
 endfacet
 facet normal        0       -1        0
  outer loop
   vertex  61.2114     -2.5  13.7886
   vertex  53.8806     -2.5  11.3045
   vertex  56.9843     -2.5  7.46233
  endloop
 endfacet
 facet normal        0       -1        0
  outer loop
   vertex  61.2114     -2.5  13.7886
   vertex  55.1783     -2.5  12.1716
   vertex  53.8806     -2.5  11.3045
  endloop
 endfacet
 facet normal        0       -1       -0
  outer loop
   vertex  48.3498     -2.5       15
   vertex  13.7886     -2.5  13.7886
   vertex  48.6543     -2.5  13.4693
  endloop
 endfacet
 facet normal        0       -1        0
  outer loop
   vertex     19.5     -2.5 1.19403e-15
   vertex     55.5     -2.5 -3.58209e-15
   vertex  56.9843     -2.5  7.46233
  endloop
 endfacet
 facet normal        0       -1        0
  outer loop
   vertex  48.6543     -2.5  16.5307
   vertex  13.7886     -2.5  13.7886
   vertex  48.3498     -2.5       15
  endloop
 endfacet
 facet normal       -0       -1        0
  outer loop
   vertex  49.5214     -2.5  17.8284
   vertex  7.46233     -2.5  18.0157
   vertex  48.6543     -2.5  16.5307
  endloop
 endfacet
 facet normal       -0       -1        0
  outer loop
   vertex  50.8191     -2.5  18.6955
   vertex        0     -2.5     19.5
   vertex  7.46233     -2.5  18.0157
  endloop
 endfacet
 facet normal        0       -1        0
  outer loop
   vertex       75     -2.5       22
   vertex  52.3498     -2.5       19
   vertex  53.8806     -2.5  18.6955
  endloop
 endfacet
 facet normal        0       -1        0
  outer loop
   vertex        0     -2.5     19.5
   vertex  50.8191     -2.5  18.6955
   vertex  52.3498     -2.5       19
  endloop
 endfacet
 facet normal        0       -1        0
  outer loop
   vertex  7.46233     -2.5  18.0157
   vertex  49.5214     -2.5  17.8284
   vertex  50.8191     -2.5  18.6955
  endloop
 endfacet
 facet normal       -0       -1        0
  outer loop
   vertex  48.6543     -2.5  16.5307
   vertex  7.46233     -2.5  18.0157
   vertex  13.7886     -2.5  13.7886
  endloop
 endfacet
 facet normal       -0       -1        0
  outer loop
   vertex  67.5377     -2.5  18.0157
   vertex  53.8806     -2.5  18.6955
   vertex  55.1783     -2.5  17.8284
  endloop
 endfacet
 facet normal        0       -1        0
  outer loop
   vertex  95.3253     -2.5  8.41904
   vertex  90.5564     -2.5  15.5563
   vertex  88.7886     -2.5  13.7886
  endloop
 endfacet
 facet normal        0       -1        0
  outer loop
   vertex  88.7886     -2.5  13.7886
   vertex  90.5564     -2.5  15.5563
   vertex  82.4623     -2.5  18.0157
  endloop
 endfacet
 facet normal        0       -1        0
  outer loop
   vertex  67.5377     -2.5  18.0157
   vertex  56.0453     -2.5  16.5307
   vertex  56.3498     -2.5       15
  endloop
 endfacet
 facet normal        0       -1        0
  outer loop
   vertex  67.5377     -2.5  18.0157
   vertex  56.3498     -2.5       15
   vertex  61.2114     -2.5  13.7886
  endloop
 endfacet
 facet normal        0       -1       -0
  outer loop
   vertex       75     -2.5       22
   vertex  67.5377     -2.5  18.0157
   vertex       75     -2.5     19.5
  endloop
 endfacet
 facet normal        0       -1        0
  outer loop
   vertex  82.4623     -2.5  18.0157
   vertex   83.419     -2.5  20.3253
   vertex       75     -2.5     19.5
  endloop
 endfacet
 facet normal        0       -1        0
  outer loop
   vertex       75     -2.5       22
   vertex       75     -2.5     19.5
   vertex   83.419     -2.5  20.3253
  endloop
 endfacet
 facet normal        0       -1        0
  outer loop
   vertex  90.5564     -2.5  15.5563
   vertex   83.419     -2.5  20.3253
   vertex  82.4623     -2.5  18.0157
  endloop
 endfacet
 facet normal        0       -1        0
  outer loop
   vertex  67.5377     -2.5  18.0157
   vertex  55.1783     -2.5  17.8284
   vertex  56.0453     -2.5  16.5307
  endloop
 endfacet
 facet normal        0       -1        0
  outer loop
   vertex  67.5377     -2.5  18.0157
   vertex       75     -2.5       22
   vertex  53.8806     -2.5  18.6955
  endloop
 endfacet
 facet normal        0       -1        0
  outer loop
   vertex  52.3498     -2.5       19
   vertex       75     -2.5       22
   vertex        0     -2.5     19.5
  endloop
 endfacet
 facet normal        0       -1        0
  outer loop
   vertex    -55.5     -2.5 1.19403e-15
   vertex    -19.5     -2.5 -3.58209e-15
   vertex -18.0157     -2.5  7.46233
  endloop
 endfacet
 facet normal -0.555568        0 -0.831471
  outer loop
   vertex -84.5671      0.5  -23.097
   vertex -92.6777      0.5 -17.6777
   vertex -84.5671      2.5  -23.097
  endloop
 endfacet
 facet normal -0.195089        0 -0.980786
  outer loop
   vertex      -75      0.5      -25
   vertex -84.5671      0.5  -23.097
   vertex      -75      2.5      -25
  endloop
 endfacet
 facet normal -0.555568       -0 -0.831471
  outer loop
   vertex -92.6777      2.5 -17.6777
   vertex -84.5671      2.5  -23.097
   vertex -92.6777      0.5 -17.6777
  endloop
 endfacet
 facet normal -0.831471        0 -0.555568
  outer loop
   vertex  -98.097      2.5 -9.56709
   vertex -92.6777      2.5 -17.6777
   vertex -92.6777      0.5 -17.6777
  endloop
 endfacet
 facet normal -0.195089        0 -0.980786
  outer loop
   vertex      -75      2.5      -25
   vertex -84.5671      0.5  -23.097
   vertex -84.5671      2.5  -23.097
  endloop
 endfacet
 facet normal -0.831471        0 -0.555568
  outer loop
   vertex -92.6777      0.5 -17.6777
   vertex  -98.097      0.5 -9.56709
   vertex  -98.097      2.5 -9.56709
  endloop
 endfacet
 facet normal -0.195089        0 0.980786
  outer loop
   vertex      -75      0.5       25
   vertex      -75      2.5       25
   vertex -84.5671      2.5   23.097
  endloop
 endfacet
 facet normal -0.980786 1.82106e-16 -0.195089
  outer loop
   vertex  -98.097      0.5 -9.56709
   vertex     -100      0.5 -4.59243e-15
   vertex     -100      2.5 -3.06162e-15
  endloop
 endfacet
 facet normal -0.831471        0 0.555568
  outer loop
   vertex  -98.097      0.5  9.56709
   vertex -92.6777      0.5  17.6777
   vertex -92.6777      2.5  17.6777
  endloop
 endfacet
 facet normal -0.980786        0 0.195089
  outer loop
   vertex     -100      0.5 -4.59243e-15
   vertex  -98.097      0.5  9.56709
   vertex  -98.097      2.5  9.56709
  endloop
 endfacet
 facet normal -0.980786 -1.49322e-16 0.195089
  outer loop
   vertex     -100      2.5 -3.06162e-15
   vertex     -100      0.5 -4.59243e-15
   vertex  -98.097      2.5  9.56709
  endloop
 endfacet
 facet normal -0.555568        0 0.831471
  outer loop
   vertex -92.6777      0.5  17.6777
   vertex -84.5671      2.5   23.097
   vertex -92.6777      2.5  17.6777
  endloop
 endfacet
 facet normal -0.831471        0 0.555568
  outer loop
   vertex -92.6777      2.5  17.6777
   vertex  -98.097      2.5  9.56709
   vertex  -98.097      0.5  9.56709
  endloop
 endfacet
 facet normal -0.195089        0 0.980786
  outer loop
   vertex -84.5671      2.5   23.097
   vertex -84.5671      0.5   23.097
   vertex      -75      0.5       25
  endloop
 endfacet
 facet normal -0.555568        0 0.831471
  outer loop
   vertex -84.5671      2.5   23.097
   vertex -92.6777      0.5  17.6777
   vertex -84.5671      0.5   23.097
  endloop
 endfacet
 facet normal -0.980786        0 -0.195089
  outer loop
   vertex  -98.097      0.5 -9.56709
   vertex     -100      2.5 -3.06162e-15
   vertex  -98.097      2.5 -9.56709
  endloop
 endfacet
 facet normal        0        0        1
  outer loop
   vertex      -75      0.5       25
   vertex       75      0.5       25
   vertex       75      2.5       25
  endloop
 endfacet
 facet normal        0        0        1
  outer loop
   vertex       75      2.5       25
   vertex      -75      2.5       25
   vertex      -75      0.5       25
  endloop
 endfacet
 facet normal 0.195089        0 0.980786
  outer loop
   vertex       75      0.5       25
   vertex  84.5671      0.5   23.097
   vertex  84.5671      2.5   23.097
  endloop
 endfacet
 facet normal 0.831471        0 0.555568
  outer loop
   vertex  92.6777      0.5  17.6777
   vertex   98.097      0.5  9.56709
   vertex   98.097      2.5  9.56709
  endloop
 endfacet
 facet normal 0.555568        0 0.831471
  outer loop
   vertex  84.5671      0.5   23.097
   vertex  92.6777      0.5  17.6777
   vertex  92.6777      2.5  17.6777
  endloop
 endfacet
 facet normal 0.195089        0 0.980786
  outer loop
   vertex       75      2.5       25
   vertex       75      0.5       25
   vertex  84.5671      2.5   23.097
  endloop
 endfacet
 facet normal 0.831471       -0 0.555568
  outer loop
   vertex  92.6777      0.5  17.6777
   vertex   98.097      2.5  9.56709
   vertex  92.6777      2.5  17.6777
  endloop
 endfacet
 facet normal 0.555568        0 0.831471
  outer loop
   vertex  92.6777      2.5  17.6777
   vertex  84.5671      2.5   23.097
   vertex  84.5671      0.5   23.097
  endloop
 endfacet
 facet normal 0.980786       -0 0.195089
  outer loop
   vertex   98.097      0.5  9.56709
   vertex      100      2.5 3.06162e-15
   vertex   98.097      2.5  9.56709
  endloop
 endfacet
 facet normal 0.980786 -1.82106e-16 0.195089
  outer loop
   vertex   98.097      0.5  9.56709
   vertex      100      0.5 1.53081e-15
   vertex      100      2.5 3.06162e-15
  endloop
 endfacet
 facet normal 0.831471        0 -0.555568
  outer loop
   vertex   98.097      0.5 -9.56709
   vertex  92.6777      0.5 -17.6777
   vertex  92.6777      2.5 -17.6777
  endloop
 endfacet
 facet normal 0.195089        0 -0.980786
  outer loop
   vertex  84.5671      0.5  -23.097
   vertex       75      0.5      -25
   vertex  84.5671      2.5  -23.097
  endloop
 endfacet
 facet normal 0.555568        0 -0.831471
  outer loop
   vertex  92.6777      0.5 -17.6777
   vertex  84.5671      0.5  -23.097
   vertex  92.6777      2.5 -17.6777
  endloop
 endfacet
 facet normal 0.980786 1.49322e-16 -0.195089
  outer loop
   vertex      100      2.5 3.06162e-15
   vertex      100      0.5 1.53081e-15
   vertex   98.097      2.5 -9.56709
  endloop
 endfacet
 facet normal 0.555568        0 -0.831471
  outer loop
   vertex  84.5671      2.5  -23.097
   vertex  92.6777      2.5 -17.6777
   vertex  84.5671      0.5  -23.097
  endloop
 endfacet
 facet normal 0.195089        0 -0.980786
  outer loop
   vertex       75      2.5      -25
   vertex  84.5671      2.5  -23.097
   vertex       75      0.5      -25
  endloop
 endfacet
 facet normal 0.831471        0 -0.555568
  outer loop
   vertex   98.097      2.5 -9.56709
   vertex   98.097      0.5 -9.56709
   vertex  92.6777      2.5 -17.6777
  endloop
 endfacet
 facet normal 0.980786        0 -0.195089
  outer loop
   vertex   98.097      2.5 -9.56709
   vertex      100      0.5 1.53081e-15
   vertex   98.097      0.5 -9.56709
  endloop
 endfacet
 facet normal        0        0       -1
  outer loop
   vertex       75      0.5      -25
   vertex      -75      0.5      -25
   vertex      -75      2.5      -25
  endloop
 endfacet
 facet normal        0        0       -1
  outer loop
   vertex      -75      2.5      -25
   vertex       75      2.5      -25
   vertex       75      0.5      -25
  endloop
 endfacet
 facet normal       -0        1       -0
  outer loop
   vertex -84.5671      2.5  -23.097
   vertex -92.6777      2.5 -17.6777
   vertex      -75      2.5      -25
  endloop
 endfacet
 facet normal        0        1        0
  outer loop
   vertex      -75      2.5      -25
   vertex -24.0644      2.5 -16.4142
   vertex -23.4155      2.5 -16.8478
  endloop
 endfacet
 facet normal        0        1        0
  outer loop
   vertex -24.4979      2.5 -15.7654
   vertex -24.0644      2.5 -16.4142
   vertex      -75      2.5      -25
  endloop
 endfacet
 facet normal        0        1       -0
  outer loop
   vertex      -75      2.5      -25
   vertex -92.6777      2.5 -17.6777
   vertex -24.4979      2.5 -15.7654
  endloop
 endfacet
 facet normal        0        1        0
  outer loop
   vertex -24.6502      2.5      -15
   vertex -24.4979      2.5 -15.7654
   vertex -92.6777      2.5 -17.6777
  endloop
 endfacet
 facet normal        0        1        0
  outer loop
   vertex      -75      2.5       -5
   vertex -24.0644      2.5 -13.5858
   vertex -24.4979      2.5 -14.2346
  endloop
 endfacet
 facet normal        0        1       -0
  outer loop
   vertex -24.6502      2.5      -15
   vertex -92.6777      2.5 -17.6777
   vertex -24.4979      2.5 -14.2346
  endloop
 endfacet
 facet normal        0        1        0
  outer loop
   vertex -24.4979      2.5 -14.2346
   vertex -92.6777      2.5 -17.6777
   vertex      -75      2.5       -5
  endloop
 endfacet
 facet normal        0        1        0
  outer loop
   vertex -23.4155      2.5 -16.8478
   vertex -22.6502      2.5      -17
   vertex      -75      2.5      -25
  endloop
 endfacet
 facet normal        0        1        0
  outer loop
   vertex -21.8848      2.5 -16.8478
   vertex  -21.236      2.5 -16.4142
   vertex   21.236      2.5 -16.4142
  endloop
 endfacet
 facet normal        0        1        0
  outer loop
   vertex -22.6502      2.5      -17
   vertex -21.8848      2.5 -16.8478
   vertex  21.8848      2.5 -16.8478
  endloop
 endfacet
 facet normal        0        1        0
  outer loop
   vertex  20.8024      2.5 -14.2346
   vertex -20.6502      2.5      -15
   vertex -20.8024      2.5 -14.2346
  endloop
 endfacet
 facet normal        0        1       -0
  outer loop
   vertex -20.8024      2.5 -14.2346
   vertex  -21.236      2.5 -13.5858
   vertex  20.8024      2.5 -14.2346
  endloop
 endfacet
 facet normal        0        1        0
  outer loop
   vertex  20.6502      2.5      -15
   vertex -20.8024      2.5 -15.7654
   vertex -20.6502      2.5      -15
  endloop
 endfacet
 facet normal        0        1        0
  outer loop
   vertex  20.8024      2.5 -15.7654
   vertex  -21.236      2.5 -16.4142
   vertex -20.8024      2.5 -15.7654
  endloop
 endfacet
 facet normal        0        1        0
  outer loop
   vertex      -75      2.5      -25
   vertex -22.6502      2.5      -17
   vertex  22.6502      2.5      -17
  endloop
 endfacet
 facet normal        0        1        0
  outer loop
   vertex  -98.097      2.5 -9.56709
   vertex -76.9134      2.5  -4.6194
   vertex      -75      2.5       -5
  endloop
 endfacet
 facet normal        0        1        0
  outer loop
   vertex -76.9134      2.5  -4.6194
   vertex  -98.097      2.5 -9.56709
   vertex -78.5355      2.5 -3.53553
  endloop
 endfacet
 facet normal        0        1        0
  outer loop
   vertex -73.0866      2.5  -4.6194
   vertex -23.4155      2.5 -13.1522
   vertex -24.0644      2.5 -13.5858
  endloop
 endfacet
 facet normal        0        1        0
  outer loop
   vertex -73.0866      2.5  -4.6194
   vertex -24.0644      2.5 -13.5858
   vertex      -75      2.5       -5
  endloop
 endfacet
 facet normal       -0        1        0
  outer loop
   vertex     -100      2.5 -3.06162e-15
   vertex      -80      2.5 -9.18485e-16
   vertex -79.6194      2.5 -1.91342
  endloop
 endfacet
 facet normal        0        1       -0
  outer loop
   vertex      -80      2.5 -9.18485e-16
   vertex     -100      2.5 -3.06162e-15
   vertex -79.6194      2.5  1.91342
  endloop
 endfacet
 facet normal        0        1        0
  outer loop
   vertex -79.6194      2.5 -1.91342
   vertex -78.5355      2.5 -3.53553
   vertex     -100      2.5 -3.06162e-15
  endloop
 endfacet
 facet normal        0        1        0
  outer loop
   vertex     -100      2.5 -3.06162e-15
   vertex -78.5355      2.5 -3.53553
   vertex  -98.097      2.5 -9.56709
  endloop
 endfacet
 facet normal        0        1        0
  outer loop
   vertex -3.53553      2.5 -3.53553
   vertex -22.6502      2.5      -13
   vertex -71.4645      2.5 -3.53553
  endloop
 endfacet
 facet normal        0        1       -0
  outer loop
   vertex  -21.236      2.5 -13.5858
   vertex -21.8848      2.5 -13.1522
   vertex  21.8848      2.5 -13.1522
  endloop
 endfacet
 facet normal       -0        1        0
  outer loop
   vertex -22.6502      2.5      -13
   vertex 6.12323e-16      2.5       -5
   vertex -21.8848      2.5 -13.1522
  endloop
 endfacet
 facet normal        0        1       -0
  outer loop
   vertex -23.4155      2.5 -13.1522
   vertex -73.0866      2.5  -4.6194
   vertex -22.6502      2.5      -13
  endloop
 endfacet
 facet normal        0        1        0
  outer loop
   vertex -71.4645      2.5 -3.53553
   vertex -70.3806      2.5 -1.91342
   vertex  -4.6194      2.5 -1.91342
  endloop
 endfacet
 facet normal        0        1        0
  outer loop
   vertex       -5      2.5 -9.18485e-16
   vertex  -4.6194      2.5 -1.91342
   vertex -70.3806      2.5 -1.91342
  endloop
 endfacet
 facet normal        0        1        0
  outer loop
   vertex       -5      2.5 -9.18485e-16
   vertex -70.3806      2.5 -1.91342
   vertex      -70      2.5 3.06162e-16
  endloop
 endfacet
 facet normal        0        1        0
  outer loop
   vertex -71.4645      2.5 -3.53553
   vertex  -4.6194      2.5 -1.91342
   vertex -3.53553      2.5 -3.53553
  endloop
 endfacet
 facet normal       -0        1        0
  outer loop
   vertex -73.0866      2.5  -4.6194
   vertex -71.4645      2.5 -3.53553
   vertex -22.6502      2.5      -13
  endloop
 endfacet
 facet normal        0        1        0
  outer loop
   vertex      -75      2.5       -5
   vertex -92.6777      2.5 -17.6777
   vertex  -98.097      2.5 -9.56709
  endloop
 endfacet
 facet normal        0        1        0
  outer loop
   vertex -22.6502      2.5      -13
   vertex -3.53553      2.5 -3.53553
   vertex -1.91342      2.5  -4.6194
  endloop
 endfacet
 facet normal        0        1        0
  outer loop
   vertex  21.8848      2.5 -16.8478
   vertex -21.8848      2.5 -16.8478
   vertex   21.236      2.5 -16.4142
  endloop
 endfacet
 facet normal       -0        1        0
  outer loop
   vertex  22.6502      2.5      -17
   vertex  23.4155      2.5 -16.8478
   vertex       75      2.5      -25
  endloop
 endfacet
 facet normal        0        1        0
  outer loop
   vertex  21.8848      2.5 -16.8478
   vertex  22.6502      2.5      -17
   vertex -22.6502      2.5      -17
  endloop
 endfacet
 facet normal        0        1        0
  outer loop
   vertex  20.8024      2.5 -15.7654
   vertex -20.8024      2.5 -15.7654
   vertex  20.6502      2.5      -15
  endloop
 endfacet
 facet normal        0        1       -0
  outer loop
   vertex  20.8024      2.5 -14.2346
   vertex  -21.236      2.5 -13.5858
   vertex   21.236      2.5 -13.5858
  endloop
 endfacet
 facet normal        0        1        0
  outer loop
   vertex -20.6502      2.5      -15
   vertex  20.8024      2.5 -14.2346
   vertex  20.6502      2.5      -15
  endloop
 endfacet
 facet normal        0        1        0
  outer loop
   vertex  -21.236      2.5 -16.4142
   vertex  20.8024      2.5 -15.7654
   vertex   21.236      2.5 -16.4142
  endloop
 endfacet
 facet normal        0        1        0
  outer loop
   vertex  92.6777      2.5 -17.6777
   vertex       75      2.5      -25
   vertex  24.4979      2.5 -15.7654
  endloop
 endfacet
 facet normal        0        1        0
  outer loop
   vertex  24.0644      2.5 -16.4142
   vertex       75      2.5      -25
   vertex  23.4155      2.5 -16.8478
  endloop
 endfacet
 facet normal        0        1        0
  outer loop
   vertex  92.6777      2.5 -17.6777
   vertex  84.5671      2.5  -23.097
   vertex       75      2.5      -25
  endloop
 endfacet
 facet normal        0        1        0
  outer loop
   vertex       75      2.5      -25
   vertex  24.0644      2.5 -16.4142
   vertex  24.4979      2.5 -15.7654
  endloop
 endfacet
 facet normal       -0        1       -0
  outer loop
   vertex  24.6502      2.5      -15
   vertex  24.4979      2.5 -14.2346
   vertex  92.6777      2.5 -17.6777
  endloop
 endfacet
 facet normal       -0        1        0
  outer loop
   vertex  24.4979      2.5 -14.2346
   vertex       75      2.5       -5
   vertex  92.6777      2.5 -17.6777
  endloop
 endfacet
 facet normal       -0        1        0
  outer loop
   vertex  24.4979      2.5 -15.7654
   vertex  24.6502      2.5      -15
   vertex  92.6777      2.5 -17.6777
  endloop
 endfacet
 facet normal        0        1        0
  outer loop
   vertex       75      2.5       -5
   vertex  24.4979      2.5 -14.2346
   vertex  24.0644      2.5 -13.5858
  endloop
 endfacet
 facet normal        0        1        0
  outer loop
   vertex  22.6502      2.5      -17
   vertex       75      2.5      -25
   vertex      -75      2.5      -25
  endloop
 endfacet
 facet normal        0        1       -0
  outer loop
   vertex  21.8848      2.5 -13.1522
   vertex 6.12323e-16      2.5       -5
   vertex  22.6502      2.5      -13
  endloop
 endfacet
 facet normal        0        1       -0
  outer loop
   vertex   21.236      2.5 -13.5858
   vertex  -21.236      2.5 -13.5858
   vertex  21.8848      2.5 -13.1522
  endloop
 endfacet
 facet normal       -0        1        0
  outer loop
   vertex  22.6502      2.5      -13
   vertex  73.0866      2.5  -4.6194
   vertex  23.4155      2.5 -13.1522
  endloop
 endfacet
 facet normal        0        1        0
  outer loop
   vertex  22.6502      2.5      -13
   vertex 6.12323e-16      2.5       -5
   vertex  1.91342      2.5  -4.6194
  endloop
 endfacet
 facet normal        0        1       -0
  outer loop
   vertex  22.6502      2.5      -13
   vertex  3.53553      2.5 -3.53553
   vertex  71.4645      2.5 -3.53553
  endloop
 endfacet
 facet normal       -0        1        0
  outer loop
   vertex  1.91342      2.5  -4.6194
   vertex  3.53553      2.5 -3.53553
   vertex  22.6502      2.5      -13
  endloop
 endfacet
 facet normal        0        1        0
  outer loop
   vertex -21.8848      2.5 -13.1522
   vertex 6.12323e-16      2.5       -5
   vertex  21.8848      2.5 -13.1522
  endloop
 endfacet
 facet normal        0        1        0
  outer loop
   vertex   4.6194      2.5 -1.91342
   vertex  71.4645      2.5 -3.53553
   vertex  3.53553      2.5 -3.53553
  endloop
 endfacet
 facet normal        0        1        0
  outer loop
   vertex       75      2.5       -5
   vertex  24.0644      2.5 -13.5858
   vertex  73.0866      2.5  -4.6194
  endloop
 endfacet
 facet normal        0        1        0
  outer loop
   vertex   98.097      2.5 -9.56709
   vertex  76.9134      2.5  -4.6194
   vertex  78.5355      2.5 -3.53553
  endloop
 endfacet
 facet normal        0        1        0
  outer loop
   vertex  76.9134      2.5  -4.6194
   vertex   98.097      2.5 -9.56709
   vertex       75      2.5       -5
  endloop
 endfacet
 facet normal        0        1        0
  outer loop
   vertex   98.097      2.5 -9.56709
   vertex  92.6777      2.5 -17.6777
   vertex       75      2.5       -5
  endloop
 endfacet
 facet normal        0        1        0
  outer loop
   vertex       70      2.5 -9.18485e-16
   vertex  70.3806      2.5 -1.91342
   vertex   4.6194      2.5 -1.91342
  endloop
 endfacet
 facet normal        0        1       -0
  outer loop
   vertex   98.097      2.5 -9.56709
   vertex  78.5355      2.5 -3.53553
   vertex      100      2.5 3.06162e-15
  endloop
 endfacet
 facet normal        0        1        0
  outer loop
   vertex  70.3806      2.5 -1.91342
   vertex  71.4645      2.5 -3.53553
   vertex   4.6194      2.5 -1.91342
  endloop
 endfacet
 facet normal        0        1        0
  outer loop
   vertex  73.0866      2.5  -4.6194
   vertex  22.6502      2.5      -13
   vertex  71.4645      2.5 -3.53553
  endloop
 endfacet
 facet normal        0        1        0
  outer loop
   vertex      100      2.5 3.06162e-15
   vertex  78.5355      2.5 -3.53553
   vertex  79.6194      2.5 -1.91342
  endloop
 endfacet
 facet normal        0        1        0
  outer loop
   vertex       70      2.5 -9.18485e-16
   vertex   4.6194      2.5 -1.91342
   vertex        5      2.5 3.06162e-16
  endloop
 endfacet
 facet normal        0        1       -0
  outer loop
   vertex  24.0644      2.5 -13.5858
   vertex  23.4155      2.5 -13.1522
   vertex  73.0866      2.5  -4.6194
  endloop
 endfacet
 facet normal        0        1        0
  outer loop
   vertex -22.6502      2.5      -13
   vertex -1.91342      2.5  -4.6194
   vertex 6.12323e-16      2.5       -5
  endloop
 endfacet
 facet normal        0        1       -0
  outer loop
   vertex -79.6194      2.5  1.91342
   vertex     -100      2.5 -3.06162e-15
   vertex -78.5355      2.5  3.53553
  endloop
 endfacet
 facet normal        0        1       -0
  outer loop
   vertex -70.3806      2.5  1.91342
   vertex -71.4645      2.5  3.53553
   vertex -3.53553      2.5  3.53553
  endloop
 endfacet
 facet normal        0        1       -0
  outer loop
   vertex -76.9134      2.5   4.6194
   vertex  -98.097      2.5  9.56709
   vertex      -75      2.5        5
  endloop
 endfacet
 facet normal        0        1        0
  outer loop
   vertex  -98.097      2.5  9.56709
   vertex -76.9134      2.5   4.6194
   vertex -78.5355      2.5  3.53553
  endloop
 endfacet
 facet normal        0        1       -0
  outer loop
   vertex -73.0866      2.5   4.6194
   vertex      -75      2.5        5
   vertex -52.3498      2.5       13
  endloop
 endfacet
 facet normal       -0        1        0
  outer loop
   vertex  -98.097      2.5  9.56709
   vertex -53.1152      2.5  13.1522
   vertex      -75      2.5        5
  endloop
 endfacet
 facet normal        0        1        0
  outer loop
   vertex     -100      2.5 -3.06162e-15
   vertex  -98.097      2.5  9.56709
   vertex -78.5355      2.5  3.53553
  endloop
 endfacet
 facet normal        0        1       -0
  outer loop
   vertex -71.4645      2.5  3.53553
   vertex -73.0866      2.5   4.6194
   vertex -52.3498      2.5       13
  endloop
 endfacet
 facet normal        0        1       -0
  outer loop
   vertex      -70      2.5 3.06162e-16
   vertex -70.3806      2.5  1.91342
   vertex  -4.6194      2.5  1.91342
  endloop
 endfacet
 facet normal        0        1        0
  outer loop
   vertex -52.3498      2.5       13
   vertex -1.91342      2.5   4.6194
   vertex -3.53553      2.5  3.53553
  endloop
 endfacet
 facet normal        0        1        0
  outer loop
   vertex -70.3806      2.5  1.91342
   vertex -3.53553      2.5  3.53553
   vertex  -4.6194      2.5  1.91342
  endloop
 endfacet
 facet normal        0        1        0
  outer loop
   vertex -3.53553      2.5  3.53553
   vertex -71.4645      2.5  3.53553
   vertex -52.3498      2.5       13
  endloop
 endfacet
 facet normal        0        1        0
  outer loop
   vertex -50.9356      2.5  13.5858
   vertex -1.91342      2.5   4.6194
   vertex -51.5845      2.5  13.1522
  endloop
 endfacet
 facet normal        0        1        0
  outer loop
   vertex -50.9356      2.5  13.5858
   vertex        0      2.5        5
   vertex -1.91342      2.5   4.6194
  endloop
 endfacet
 facet normal        0        1        0
  outer loop
   vertex -51.5845      2.5  13.1522
   vertex -1.91342      2.5   4.6194
   vertex -52.3498      2.5       13
  endloop
 endfacet
 facet normal        0        1        0
  outer loop
   vertex      -75      2.5        5
   vertex -53.1152      2.5  13.1522
   vertex -52.3498      2.5       13
  endloop
 endfacet
 facet normal        0        1        0
  outer loop
   vertex  -98.097      2.5  9.56709
   vertex  -53.764      2.5  13.5858
   vertex -53.1152      2.5  13.1522
  endloop
 endfacet
 facet normal        0        1        0
  outer loop
   vertex -54.3498      2.5       15
   vertex -54.1976      2.5  14.2346
   vertex -92.6777      2.5  17.6777
  endloop
 endfacet
 facet normal        0        1       -0
  outer loop
   vertex -54.3498      2.5       15
   vertex -92.6777      2.5  17.6777
   vertex -54.1976      2.5  15.7654
  endloop
 endfacet
 facet normal        0        1        0
  outer loop
   vertex -54.1976      2.5  14.2346
   vertex  -53.764      2.5  13.5858
   vertex -92.6777      2.5  17.6777
  endloop
 endfacet
 facet normal        0        1       -0
  outer loop
   vertex  -53.764      2.5  16.4142
   vertex -92.6777      2.5  17.6777
   vertex -53.1152      2.5  16.8478
  endloop
 endfacet
 facet normal        0        1        0
  outer loop
   vertex -53.1152      2.5  16.8478
   vertex -84.5671      2.5   23.097
   vertex      -75      2.5       25
  endloop
 endfacet
 facet normal       -0        1        0
  outer loop
   vertex -92.6777      2.5  17.6777
   vertex -84.5671      2.5   23.097
   vertex -53.1152      2.5  16.8478
  endloop
 endfacet
 facet normal        0        1        0
  outer loop
   vertex -92.6777      2.5  17.6777
   vertex  -53.764      2.5  16.4142
   vertex -54.1976      2.5  15.7654
  endloop
 endfacet
 facet normal        0        1        0
  outer loop
   vertex  -53.764      2.5  13.5858
   vertex  -98.097      2.5  9.56709
   vertex -92.6777      2.5  17.6777
  endloop
 endfacet
 facet normal       -0        1        0
  outer loop
   vertex -50.9356      2.5  13.5858
   vertex -50.5021      2.5  14.2346
   vertex        0      2.5        5
  endloop
 endfacet
 facet normal       -0        1       -0
  outer loop
   vertex -50.3498      2.5       15
   vertex -50.5021      2.5  15.7654
   vertex        0      2.5        5
  endloop
 endfacet
 facet normal       -0        1        0
  outer loop
   vertex -50.5021      2.5  14.2346
   vertex -50.3498      2.5       15
   vertex        0      2.5        5
  endloop
 endfacet
 facet normal        0        1        0
  outer loop
   vertex -52.3498      2.5       17
   vertex -53.1152      2.5  16.8478
   vertex      -75      2.5       25
  endloop
 endfacet
 facet normal        0        1        0
  outer loop
   vertex  50.9356      2.5  16.4142
   vertex -50.5021      2.5  15.7654
   vertex -50.9356      2.5  16.4142
  endloop
 endfacet
 facet normal       -0        1       -0
  outer loop
   vertex -52.3498      2.5       17
   vertex      -75      2.5       25
   vertex -51.5845      2.5  16.8478
  endloop
 endfacet
 facet normal        0        1       -0
  outer loop
   vertex        0      2.5        5
   vertex -50.5021      2.5  15.7654
   vertex  50.5021      2.5  15.7654
  endloop
 endfacet
 facet normal        0        1       -0
  outer loop
   vertex -50.9356      2.5  16.4142
   vertex -51.5845      2.5  16.8478
   vertex  51.5845      2.5  16.8478
  endloop
 endfacet
 facet normal        0        1        0
  outer loop
   vertex       75      2.5       25
   vertex -51.5845      2.5  16.8478
   vertex      -75      2.5       25
  endloop
 endfacet
 facet normal       -0        1        0
  outer loop
   vertex   4.6194      2.5  1.91342
   vertex  70.3806      2.5  1.91342
   vertex       70      2.5 -9.18485e-16
  endloop
 endfacet
 facet normal        0        1        0
  outer loop
   vertex  71.4645      2.5  3.53553
   vertex  70.3806      2.5  1.91342
   vertex   4.6194      2.5  1.91342
  endloop
 endfacet
 facet normal        0        1       -0
  outer loop
   vertex   4.6194      2.5  1.91342
   vertex  3.53553      2.5  3.53553
   vertex  71.4645      2.5  3.53553
  endloop
 endfacet
 facet normal        0        1       -0
  outer loop
   vertex  3.53553      2.5  3.53553
   vertex  1.91342      2.5   4.6194
   vertex  52.3498      2.5       13
  endloop
 endfacet
 facet normal        0        1        0
  outer loop
   vertex  53.1152      2.5  13.1522
   vertex       75      2.5        5
   vertex  52.3498      2.5       13
  endloop
 endfacet
 facet normal        0        1        0
  outer loop
   vertex  51.5845      2.5  13.1522
   vertex  52.3498      2.5       13
   vertex  1.91342      2.5   4.6194
  endloop
 endfacet
 facet normal        0        1        0
  outer loop
   vertex  1.91342      2.5   4.6194
   vertex  50.9356      2.5  13.5858
   vertex  51.5845      2.5  13.1522
  endloop
 endfacet
 facet normal        0        1        0
  outer loop
   vertex  3.53553      2.5  3.53553
   vertex  52.3498      2.5       13
   vertex  71.4645      2.5  3.53553
  endloop
 endfacet
 facet normal        0        1       -0
  outer loop
   vertex  71.4645      2.5  3.53553
   vertex  52.3498      2.5       13
   vertex  73.0866      2.5   4.6194
  endloop
 endfacet
 facet normal       -0        1       -0
  outer loop
   vertex  79.6194      2.5  1.91342
   vertex  78.5355      2.5  3.53553
   vertex      100      2.5 3.06162e-15
  endloop
 endfacet
 facet normal       -0        1        0
  outer loop
   vertex       80      2.5 3.06162e-16
   vertex      100      2.5 3.06162e-15
   vertex  79.6194      2.5 -1.91342
  endloop
 endfacet
 facet normal        0        1        0
  outer loop
   vertex      100      2.5 3.06162e-15
   vertex       80      2.5 3.06162e-16
   vertex  79.6194      2.5  1.91342
  endloop
 endfacet
 facet normal       -0        1        0
  outer loop
   vertex  78.5355      2.5  3.53553
   vertex   98.097      2.5  9.56709
   vertex      100      2.5 3.06162e-15
  endloop
 endfacet
 facet normal        0        1        0
  outer loop
   vertex       75      2.5        5
   vertex  73.0866      2.5   4.6194
   vertex  52.3498      2.5       13
  endloop
 endfacet
 facet normal       -0        1        0
  outer loop
   vertex  76.9134      2.5   4.6194
   vertex   98.097      2.5  9.56709
   vertex  78.5355      2.5  3.53553
  endloop
 endfacet
 facet normal        0        1        0
  outer loop
   vertex   98.097      2.5  9.56709
   vertex  76.9134      2.5   4.6194
   vertex       75      2.5        5
  endloop
 endfacet
 facet normal        0        1        0
  outer loop
   vertex   98.097      2.5  9.56709
   vertex       75      2.5        5
   vertex  53.1152      2.5  13.1522
  endloop
 endfacet
 facet normal        0        1        0
  outer loop
   vertex       70      2.5 -9.18485e-16
   vertex        5      2.5 3.06162e-16
   vertex   4.6194      2.5  1.91342
  endloop
 endfacet
 facet normal        0        1        0
  outer loop
   vertex  50.9356      2.5  13.5858
   vertex        0      2.5        5
   vertex  50.5021      2.5  14.2346
  endloop
 endfacet
 facet normal        0        1        0
  outer loop
   vertex  50.9356      2.5  13.5858
   vertex  1.91342      2.5   4.6194
   vertex        0      2.5        5
  endloop
 endfacet
 facet normal        0        1       -0
  outer loop
   vertex  50.3498      2.5       15
   vertex        0      2.5        5
   vertex  50.5021      2.5  15.7654
  endloop
 endfacet
 facet normal        0        1       -0
  outer loop
   vertex  52.3498      2.5       17
   vertex  51.5845      2.5  16.8478
   vertex       75      2.5       25
  endloop
 endfacet
 facet normal        0        1        0
  outer loop
   vertex -50.5021      2.5  15.7654
   vertex  50.9356      2.5  16.4142
   vertex  50.5021      2.5  15.7654
  endloop
 endfacet
 facet normal        0        1        0
  outer loop
   vertex        0      2.5        5
   vertex  50.3498      2.5       15
   vertex  50.5021      2.5  14.2346
  endloop
 endfacet
 facet normal        0        1        0
  outer loop
   vertex   53.764      2.5  13.5858
   vertex  54.1976      2.5  14.2346
   vertex  92.6777      2.5  17.6777
  endloop
 endfacet
 facet normal        0        1       -0
  outer loop
   vertex  54.3498      2.5       15
   vertex  54.1976      2.5  15.7654
   vertex  92.6777      2.5  17.6777
  endloop
 endfacet
 facet normal        0        1        0
  outer loop
   vertex  54.1976      2.5  14.2346
   vertex  54.3498      2.5       15
   vertex  92.6777      2.5  17.6777
  endloop
 endfacet
 facet normal        0        1       -0
  outer loop
   vertex   53.764      2.5  16.4142
   vertex  53.1152      2.5  16.8478
   vertex  92.6777      2.5  17.6777
  endloop
 endfacet
 facet normal        0        1        0
  outer loop
   vertex  53.1152      2.5  16.8478
   vertex  84.5671      2.5   23.097
   vertex  92.6777      2.5  17.6777
  endloop
 endfacet
 facet normal        0        1        0
  outer loop
   vertex  84.5671      2.5   23.097
   vertex  53.1152      2.5  16.8478
   vertex       75      2.5       25
  endloop
 endfacet
 facet normal        0        1       -0
  outer loop
   vertex  53.1152      2.5  16.8478
   vertex  52.3498      2.5       17
   vertex       75      2.5       25
  endloop
 endfacet
 facet normal       -0        1        0
  outer loop
   vertex   53.764      2.5  16.4142
   vertex  92.6777      2.5  17.6777
   vertex  54.1976      2.5  15.7654
  endloop
 endfacet
 facet normal        0        1        0
  outer loop
   vertex  92.6777      2.5  17.6777
   vertex   98.097      2.5  9.56709
   vertex   53.764      2.5  13.5858
  endloop
 endfacet
 facet normal        0        1        0
  outer loop
   vertex -50.9356      2.5  16.4142
   vertex  51.5845      2.5  16.8478
   vertex  50.9356      2.5  16.4142
  endloop
 endfacet
 facet normal        0        1        0
  outer loop
   vertex   53.764      2.5  13.5858
   vertex   98.097      2.5  9.56709
   vertex  53.1152      2.5  13.1522
  endloop
 endfacet
 facet normal        0        1        0
  outer loop
   vertex -51.5845      2.5  16.8478
   vertex       75      2.5       25
   vertex  51.5845      2.5  16.8478
  endloop
 endfacet
 facet normal        0        1        0
  outer loop
   vertex  -4.6194      2.5  1.91342
   vertex       -5      2.5 -9.18485e-16
   vertex      -70      2.5 3.06162e-16
  endloop
 endfacet
 facet normal 0.139286 -0.700214 0.700214
  outer loop
   vertex       75      0.5       25
   vertex       75     -2.5       22
   vertex   83.419     -2.5  20.3253
  endloop
 endfacet
 facet normal 0.593613 -0.700217 0.396635
  outer loop
   vertex  90.5564     -2.5  15.5563
   vertex  95.3253     -2.5  8.41904
   vertex  92.6777      0.5  17.6777
  endloop
 endfacet
 facet normal 0.396631 -0.700225 0.593607
  outer loop
   vertex  84.5671      0.5   23.097
   vertex   83.419     -2.5  20.3253
   vertex  90.5564     -2.5  15.5563
  endloop
 endfacet
 facet normal 0.139279 -0.700223 0.700207
  outer loop
   vertex       75      0.5       25
   vertex   83.419     -2.5  20.3253
   vertex  84.5671      0.5   23.097
  endloop
 endfacet
 facet normal 0.593609 -0.700221 0.396635
  outer loop
   vertex  95.3253     -2.5  8.41904
   vertex   98.097      0.5  9.56709
   vertex  92.6777      0.5  17.6777
  endloop
 endfacet
 facet normal 0.396635 -0.700221 0.593609
  outer loop
   vertex  92.6777      0.5  17.6777
   vertex  84.5671      0.5   23.097
   vertex  90.5564     -2.5  15.5563
  endloop
 endfacet
 facet normal 0.700214 -0.700214 0.139285
  outer loop
   vertex      100      0.5 1.53081e-15
   vertex  95.3253     -2.5  8.41904
   vertex       97     -2.5 1.34711e-15
  endloop
 endfacet
 facet normal 0.700208 -0.700221 0.139279
  outer loop
   vertex      100      0.5 1.53081e-15
   vertex   98.097      0.5  9.56709
   vertex  95.3253     -2.5  8.41904
  endloop
 endfacet
 facet normal 0.593613 -0.700217 -0.396635
  outer loop
   vertex  95.3253     -2.5 -8.41904
   vertex  90.5564     -2.5 -15.5563
   vertex  92.6777      0.5 -17.6777
  endloop
 endfacet
 facet normal 0.139286 -0.700214 -0.700214
  outer loop
   vertex   83.419     -2.5 -20.3253
   vertex       75     -2.5      -22
   vertex       75      0.5      -25
  endloop
 endfacet
 facet normal 0.396631 -0.700225 -0.593607
  outer loop
   vertex  90.5564     -2.5 -15.5563
   vertex   83.419     -2.5 -20.3253
   vertex  84.5671      0.5  -23.097
  endloop
 endfacet
 facet normal 0.700215 -0.700215 -0.13928
  outer loop
   vertex      100      0.5 1.53081e-15
   vertex       97     -2.5 1.34711e-15
   vertex   98.097      0.5 -9.56709
  endloop
 endfacet
 facet normal 0.396635 -0.700221 -0.593609
  outer loop
   vertex  84.5671      0.5  -23.097
   vertex  92.6777      0.5 -17.6777
   vertex  90.5564     -2.5 -15.5563
  endloop
 endfacet
 facet normal 0.139279 -0.700223 -0.700207
  outer loop
   vertex       75      0.5      -25
   vertex  84.5671      0.5  -23.097
   vertex   83.419     -2.5 -20.3253
  endloop
 endfacet
 facet normal 0.593609 -0.700221 -0.396635
  outer loop
   vertex   98.097      0.5 -9.56709
   vertex  95.3253     -2.5 -8.41904
   vertex  92.6777      0.5 -17.6777
  endloop
 endfacet
 facet normal 0.700207 -0.700222 -0.139284
  outer loop
   vertex   98.097      0.5 -9.56709
   vertex       97     -2.5 1.34711e-15
   vertex  95.3253     -2.5 -8.41904
  endloop
 endfacet
 facet normal        0 -0.707107 -0.707107
  outer loop
   vertex      -75      0.5      -25
   vertex       75      0.5      -25
   vertex       75     -2.5      -22
  endloop
 endfacet
 facet normal       -0 -0.707107 -0.707107
  outer loop
   vertex       75     -2.5      -22
   vertex      -75     -2.5      -22
   vertex      -75      0.5      -25
  endloop
 endfacet
 facet normal        0 -0.707107 0.707107
  outer loop
   vertex       75      0.5       25
   vertex      -75      0.5       25
   vertex      -75     -2.5       22
  endloop
 endfacet
 facet normal        0 -0.707107 0.707107
  outer loop
   vertex      -75     -2.5       22
   vertex       75     -2.5       22
   vertex       75      0.5       25
  endloop
 endfacet
 facet normal -0.139284 -0.700223 -0.700205
  outer loop
   vertex -84.5671      0.5  -23.097
   vertex      -75     -2.5      -22
   vertex  -83.419     -2.5 -20.3253
  endloop
 endfacet
 facet normal -0.396631 -0.700225 -0.593607
  outer loop
   vertex -84.5671      0.5  -23.097
   vertex  -83.419     -2.5 -20.3253
   vertex -90.5564     -2.5 -15.5563
  endloop
 endfacet
 facet normal -0.396635 -0.700221 -0.593609
  outer loop
   vertex -90.5564     -2.5 -15.5563
   vertex -92.6777      0.5 -17.6777
   vertex -84.5671      0.5  -23.097
  endloop
 endfacet
 facet normal -0.13928 -0.700215 -0.700215
  outer loop
   vertex -84.5671      0.5  -23.097
   vertex      -75      0.5      -25
   vertex      -75     -2.5      -22
  endloop
 endfacet
 facet normal -0.593609 -0.700221 -0.396635
  outer loop
   vertex -92.6777      0.5 -17.6777
   vertex -95.3253     -2.5 -8.41904
   vertex  -98.097      0.5 -9.56709
  endloop
 endfacet
 facet normal -0.593613 -0.700217 -0.396635
  outer loop
   vertex -92.6777      0.5 -17.6777
   vertex -90.5564     -2.5 -15.5563
   vertex -95.3253     -2.5 -8.41904
  endloop
 endfacet
 facet normal -0.13928 -0.700215 0.700215
  outer loop
   vertex      -75     -2.5       22
   vertex      -75      0.5       25
   vertex -84.5671      0.5   23.097
  endloop
 endfacet
 facet normal -0.700214 -0.700214 0.139285
  outer loop
   vertex     -100      0.5 -4.59243e-15
   vertex      -97     -2.5 -4.04133e-15
   vertex -95.3253     -2.5  8.41904
  endloop
 endfacet
 facet normal -0.59361 -0.700221 0.396633
  outer loop
   vertex  -98.097      0.5  9.56709
   vertex -95.3253     -2.5  8.41904
   vertex -90.5564     -2.5  15.5563
  endloop
 endfacet
 facet normal -0.396633 -0.700221  0.59361
  outer loop
   vertex -92.6777      0.5  17.6777
   vertex -90.5564     -2.5  15.5563
   vertex  -83.419     -2.5  20.3253
  endloop
 endfacet
 facet normal -0.700215 -0.700215 -0.13928
  outer loop
   vertex     -100      0.5 -4.59243e-15
   vertex  -98.097      0.5 -9.56709
   vertex      -97     -2.5 -4.04133e-15
  endloop
 endfacet
 facet normal -0.700208 -0.700221 0.139279
  outer loop
   vertex  -98.097      0.5  9.56709
   vertex     -100      0.5 -4.59243e-15
   vertex -95.3253     -2.5  8.41904
  endloop
 endfacet
 facet normal -0.396633 -0.700224 0.593606
  outer loop
   vertex -84.5671      0.5   23.097
   vertex -92.6777      0.5  17.6777
   vertex  -83.419     -2.5  20.3253
  endloop
 endfacet
 facet normal -0.593612 -0.700218 0.396636
  outer loop
   vertex -90.5564     -2.5  15.5563
   vertex -92.6777      0.5  17.6777
   vertex  -98.097      0.5  9.56709
  endloop
 endfacet
 facet normal -0.139284 -0.700223 0.700205
  outer loop
   vertex  -83.419     -2.5  20.3253
   vertex      -75     -2.5       22
   vertex -84.5671      0.5   23.097
  endloop
 endfacet
 facet normal -0.700207 -0.700222 -0.139284
  outer loop
   vertex      -97     -2.5 -4.04133e-15
   vertex  -98.097      0.5 -9.56709
   vertex -95.3253     -2.5 -8.41904
  endloop
 endfacet
 facet normal -0.247714        0 -0.968833
  outer loop
   vertex      -75      -27     12.5
   vertex      -69     -2.5  10.9659
   vertex      -69      -27  10.9659
  endloop
 endfacet
 facet normal -0.247714       -0 -0.968833
  outer loop
   vertex      -75     -2.5     12.5
   vertex      -69     -2.5  10.9659
   vertex      -75      -27     12.5
  endloop
 endfacet
 facet normal 0.247714        0 -0.968833
  outer loop
   vertex      -81     -2.5  10.9659
   vertex      -75     -2.5     12.5
   vertex      -75      -27     12.5
  endloop
 endfacet
 facet normal 0.247714        0 -0.968833
  outer loop
   vertex      -75      -27     12.5
   vertex      -81      -27  10.9659
   vertex      -81     -2.5  10.9659
  endloop
 endfacet
 facet normal        1        0        0
  outer loop
   vertex      -81     -2.5  10.9659
   vertex      -81      -27  10.9659
   vertex      -81      -27 -10.9659
  endloop
 endfacet
 facet normal        1        0        0
  outer loop
   vertex      -81      -27 -10.9659
   vertex      -81     -2.5 -10.9659
   vertex      -81     -2.5  10.9659
  endloop
 endfacet
 facet normal -0.247714        0 0.968833
  outer loop
   vertex      -69      -27 -10.9659
   vertex      -75     -2.5    -12.5
   vertex      -75      -27    -12.5
  endloop
 endfacet
 facet normal -0.247714        0 0.968833
  outer loop
   vertex      -69     -2.5 -10.9659
   vertex      -75     -2.5    -12.5
   vertex      -69      -27 -10.9659
  endloop
 endfacet
 facet normal 0.247714        0 0.968833
  outer loop
   vertex      -75     -2.5    -12.5
   vertex      -81     -2.5 -10.9659
   vertex      -75      -27    -12.5
  endloop
 endfacet
 facet normal 0.247714       -0 0.968833
  outer loop
   vertex      -81      -27 -10.9659
   vertex      -75      -27    -12.5
   vertex      -81     -2.5 -10.9659
  endloop
 endfacet
 facet normal       -1        0        0
  outer loop
   vertex      -69     -2.5 -10.9659
   vertex      -69      -27 -10.9659
   vertex      -69      -27  10.9659
  endloop
 endfacet
 facet normal       -1        0        0
  outer loop
   vertex      -69      -27  10.9659
   vertex      -69     -2.5  10.9659
   vertex      -69     -2.5 -10.9659
  endloop
 endfacet
 facet normal 0.195088        0 0.980786
  outer loop
   vertex      -75    -25.5     17.5
   vertex  -68.303    -25.5  16.1679
   vertex  -68.303     -4.5  16.1679
  endloop
 endfacet
 facet normal 0.831473        0 0.555566
  outer loop
   vertex -62.6256    -25.5  12.3744
   vertex -58.8321    -25.5  6.69696
   vertex -58.8321     -4.5  6.69696
  endloop
 endfacet
 facet normal 0.555568        0 0.831471
  outer loop
   vertex  -68.303    -25.5  16.1679
   vertex -62.6256    -25.5  12.3744
   vertex -62.6256     -4.5  12.3744
  endloop
 endfacet
 facet normal 0.980786        0 -0.195089
  outer loop
   vertex    -57.5    -25.5 1.07157e-15
   vertex -58.8321    -25.5 -6.69696
   vertex -58.8321     -4.5 -6.69696
  endloop
 endfacet
 facet normal 0.555568        0 -0.831471
  outer loop
   vertex -62.6256    -25.5 -12.3744
   vertex  -68.303    -25.5 -16.1679
   vertex  -68.303     -4.5 -16.1679
  endloop
 endfacet
 facet normal 0.831473        0 -0.555566
  outer loop
   vertex -58.8321    -25.5 -6.69696
   vertex -62.6256    -25.5 -12.3744
   vertex -62.6256     -4.5 -12.3744
  endloop
 endfacet
 facet normal 0.980786        0 0.195089
  outer loop
   vertex -58.8321    -25.5  6.69696
   vertex    -57.5    -25.5 1.07157e-15
   vertex    -57.5     -4.5 1.07157e-15
  endloop
 endfacet
 facet normal 0.195088        0 0.980786
  outer loop
   vertex  -68.303     -4.5  16.1679
   vertex      -75     -4.5     17.5
   vertex      -75    -25.5     17.5
  endloop
 endfacet
 facet normal 0.831473        0 0.555566
  outer loop
   vertex -58.8321     -4.5  6.69696
   vertex -62.6256     -4.5  12.3744
   vertex -62.6256    -25.5  12.3744
  endloop
 endfacet
 facet normal 0.555568        0 0.831471
  outer loop
   vertex  -68.303     -4.5  16.1679
   vertex  -68.303    -25.5  16.1679
   vertex -62.6256     -4.5  12.3744
  endloop
 endfacet
 facet normal 0.980786        0 -0.195089
  outer loop
   vertex -58.8321     -4.5 -6.69696
   vertex    -57.5     -4.5 1.07157e-15
   vertex    -57.5    -25.5 1.07157e-15
  endloop
 endfacet
 facet normal 0.555568        0 -0.831471
  outer loop
   vertex  -68.303     -4.5 -16.1679
   vertex -62.6256     -4.5 -12.3744
   vertex -62.6256    -25.5 -12.3744
  endloop
 endfacet
 facet normal 0.831473        0 -0.555566
  outer loop
   vertex -58.8321     -4.5 -6.69696
   vertex -58.8321    -25.5 -6.69696
   vertex -62.6256     -4.5 -12.3744
  endloop
 endfacet
 facet normal 0.980786        0 0.195089
  outer loop
   vertex -58.8321     -4.5  6.69696
   vertex -58.8321    -25.5  6.69696
   vertex    -57.5     -4.5 1.07157e-15
  endloop
 endfacet
 facet normal 0.195088        0 -0.980786
  outer loop
   vertex      -75    -25.5    -17.5
   vertex      -75     -4.5    -17.5
   vertex  -68.303    -25.5 -16.1679
  endloop
 endfacet
 facet normal -0.195088        0 0.980786
  outer loop
   vertex      -75    -25.5     17.5
   vertex      -75     -4.5     17.5
   vertex  -81.697    -25.5  16.1679
  endloop
 endfacet
 facet normal -0.195088        0 -0.980786
  outer loop
   vertex      -75    -25.5    -17.5
   vertex  -81.697    -25.5 -16.1679
   vertex  -81.697     -4.5 -16.1679
  endloop
 endfacet
 facet normal -0.831472        0 -0.555566
  outer loop
   vertex -87.3744    -25.5 -12.3744
   vertex -91.1679    -25.5 -6.69696
   vertex -91.1679     -4.5 -6.69696
  endloop
 endfacet
 facet normal -0.555569        0 -0.831471
  outer loop
   vertex  -81.697    -25.5 -16.1679
   vertex -87.3744    -25.5 -12.3744
   vertex -87.3744     -4.5 -12.3744
  endloop
 endfacet
 facet normal -0.980786        0 0.195089
  outer loop
   vertex    -92.5    -25.5 -3.2147e-15
   vertex -91.1679    -25.5  6.69696
   vertex -91.1679     -4.5  6.69696
  endloop
 endfacet
 facet normal -0.555569        0 0.831471
  outer loop
   vertex -87.3744    -25.5  12.3744
   vertex  -81.697    -25.5  16.1679
   vertex  -81.697     -4.5  16.1679
  endloop
 endfacet
 facet normal -0.831472        0 0.555566
  outer loop
   vertex -91.1679    -25.5  6.69696
   vertex -87.3744    -25.5  12.3744
   vertex -87.3744     -4.5  12.3744
  endloop
 endfacet
 facet normal -0.980786        0 -0.195089
  outer loop
   vertex -91.1679    -25.5 -6.69696
   vertex    -92.5    -25.5 -3.2147e-15
   vertex    -92.5     -4.5 -3.2147e-15
  endloop
 endfacet
 facet normal -0.195088        0 -0.980786
  outer loop
   vertex  -81.697     -4.5 -16.1679
   vertex      -75     -4.5    -17.5
   vertex      -75    -25.5    -17.5
  endloop
 endfacet
 facet normal -0.831472        0 -0.555566
  outer loop
   vertex -91.1679     -4.5 -6.69696
   vertex -87.3744     -4.5 -12.3744
   vertex -87.3744    -25.5 -12.3744
  endloop
 endfacet
 facet normal -0.555569       -0 -0.831471
  outer loop
   vertex  -81.697     -4.5 -16.1679
   vertex  -81.697    -25.5 -16.1679
   vertex -87.3744     -4.5 -12.3744
  endloop
 endfacet
 facet normal -0.980786        0 0.195089
  outer loop
   vertex -91.1679     -4.5  6.69696
   vertex    -92.5     -4.5 -3.2147e-15
   vertex    -92.5    -25.5 -3.2147e-15
  endloop
 endfacet
 facet normal -0.555569        0 0.831471
  outer loop
   vertex  -81.697     -4.5  16.1679
   vertex -87.3744     -4.5  12.3744
   vertex -87.3744    -25.5  12.3744
  endloop
 endfacet
 facet normal -0.831472        0 0.555566
  outer loop
   vertex -91.1679     -4.5  6.69696
   vertex -91.1679    -25.5  6.69696
   vertex -87.3744     -4.5  12.3744
  endloop
 endfacet
 facet normal -0.980786       -0 -0.195089
  outer loop
   vertex -91.1679     -4.5 -6.69696
   vertex -91.1679    -25.5 -6.69696
   vertex    -92.5     -4.5 -3.2147e-15
  endloop
 endfacet
 facet normal -0.195088        0 0.980786
  outer loop
   vertex  -81.697    -25.5  16.1679
   vertex      -75     -4.5     17.5
   vertex  -81.697     -4.5  16.1679
  endloop
 endfacet
 facet normal 0.195088        0 -0.980786
  outer loop
   vertex      -75     -4.5    -17.5
   vertex  -68.303     -4.5 -16.1679
   vertex  -68.303    -25.5 -16.1679
  endloop
 endfacet
 facet normal       -0       -1        0
  outer loop
   vertex      -75    -27.5      -13
   vertex    -81.5    -27.5 -11.2583
   vertex -80.9316    -27.5 -14.3201
  endloop
 endfacet
 facet normal        0       -1        0
  outer loop
   vertex -85.9602    -27.5 -10.9602
   vertex -80.9316    -27.5 -14.3201
   vertex    -81.5    -27.5 -11.2583
  endloop
 endfacet
 facet normal        0       -1        0
  outer loop
   vertex    -81.5    -27.5 -11.2583
   vertex    -90.5    -27.5 -2.8473e-15
   vertex -89.3201    -27.5 -5.93159
  endloop
 endfacet
 facet normal        0       -1        0
  outer loop
   vertex -85.9602    -27.5 -10.9602
   vertex    -81.5    -27.5 -11.2583
   vertex -89.3201    -27.5 -5.93159
  endloop
 endfacet
 facet normal       -0       -1        0
  outer loop
   vertex -69.0684    -27.5 -14.3201
   vertex      -75    -27.5      -13
   vertex      -75    -27.5    -15.5
  endloop
 endfacet
 facet normal        0       -1        0
  outer loop
   vertex -80.9316    -27.5 -14.3201
   vertex      -75    -27.5    -15.5
   vertex      -75    -27.5      -13
  endloop
 endfacet
 facet normal        0       -1        0
  outer loop
   vertex    -68.5    -27.5 -11.2583
   vertex      -75    -27.5      -13
   vertex -69.0684    -27.5 -14.3201
  endloop
 endfacet
 facet normal       -0       -1        0
  outer loop
   vertex -64.0398    -27.5 -10.9602
   vertex -60.6799    -27.5 -5.93159
   vertex    -68.5    -27.5 -11.2583
  endloop
 endfacet
 facet normal        0       -1        0
  outer loop
   vertex -69.0684    -27.5 -14.3201
   vertex -64.0398    -27.5 -10.9602
   vertex    -68.5    -27.5 -11.2583
  endloop
 endfacet
 facet normal       -0       -1        0
  outer loop
   vertex -60.6799    -27.5 -5.93159
   vertex    -59.5    -27.5 9.49101e-16
   vertex    -68.5    -27.5 -11.2583
  endloop
 endfacet
 facet normal        0       -1        0
  outer loop
   vertex    -90.5    -27.5 -2.8473e-15
   vertex    -81.5    -27.5 -11.2583
   vertex    -81.5    -27.5  11.2583
  endloop
 endfacet
 facet normal        0       -1        0
  outer loop
   vertex    -81.5    -27.5  11.2583
   vertex -85.9602    -27.5  10.9602
   vertex -89.3201    -27.5  5.93159
  endloop
 endfacet
 facet normal       -0       -1        0
  outer loop
   vertex      -75    -27.5       13
   vertex -80.9316    -27.5  14.3201
   vertex    -81.5    -27.5  11.2583
  endloop
 endfacet
 facet normal        0       -1        0
  outer loop
   vertex -85.9602    -27.5  10.9602
   vertex    -81.5    -27.5  11.2583
   vertex -80.9316    -27.5  14.3201
  endloop
 endfacet
 facet normal        0       -1       -0
  outer loop
   vertex      -75    -27.5     15.5
   vertex -80.9316    -27.5  14.3201
   vertex      -75    -27.5       13
  endloop
 endfacet
 facet normal       -0       -1       -0
  outer loop
   vertex -64.0398    -27.5  10.9602
   vertex    -68.5    -27.5  11.2583
   vertex -60.6799    -27.5  5.93159
  endloop
 endfacet
 facet normal        0       -1        0
  outer loop
   vertex    -59.5    -27.5 9.49101e-16
   vertex -60.6799    -27.5  5.93159
   vertex    -68.5    -27.5  11.2583
  endloop
 endfacet
 facet normal        0       -1        0
  outer loop
   vertex    -68.5    -27.5  11.2583
   vertex -69.0684    -27.5  14.3201
   vertex      -75    -27.5       13
  endloop
 endfacet
 facet normal        0       -1        0
  outer loop
   vertex    -68.5    -27.5  11.2583
   vertex    -68.5    -27.5 -11.2583
   vertex    -59.5    -27.5 9.49101e-16
  endloop
 endfacet
 facet normal        0       -1        0
  outer loop
   vertex -64.0398    -27.5  10.9602
   vertex -69.0684    -27.5  14.3201
   vertex    -68.5    -27.5  11.2583
  endloop
 endfacet
 facet normal        0       -1        0
  outer loop
   vertex      -75    -27.5       13
   vertex -69.0684    -27.5  14.3201
   vertex      -75    -27.5     15.5
  endloop
 endfacet
 facet normal        0       -1       -0
  outer loop
   vertex -89.3201    -27.5  5.93159
   vertex    -90.5    -27.5 -2.8473e-15
   vertex    -81.5    -27.5  11.2583
  endloop
 endfacet
 facet normal       -0       -1       -0
  outer loop
   vertex  -75.861     -2.5 -2.07873
   vertex  -76.591     -2.5 -1.59099
   vertex      -75     -2.5    -12.5
  endloop
 endfacet
 facet normal        0       -1        0
  outer loop
   vertex      -81     -2.5 -10.9659
   vertex      -75     -2.5    -12.5
   vertex  -76.591     -2.5 -1.59099
  endloop
 endfacet
 facet normal        0       -1        0
  outer loop
   vertex      -81     -2.5 -10.9659
   vertex  -76.591     -2.5 -1.59099
   vertex -77.0787     -2.5 -0.861038
  endloop
 endfacet
 facet normal        0       -1        0
  outer loop
   vertex      -81     -2.5 -10.9659
   vertex -77.0787     -2.5 -0.861038
   vertex   -77.25     -2.5 -4.13318e-16
  endloop
 endfacet
 facet normal       -0       -1        0
  outer loop
   vertex   -77.25     -2.5 -4.13318e-16
   vertex      -81     -2.5  10.9659
   vertex      -81     -2.5 -10.9659
  endloop
 endfacet
 facet normal        0       -1       -0
  outer loop
   vertex  -73.409     -2.5 -1.59099
   vertex      -75     -2.5    -12.5
   vertex      -69     -2.5 -10.9659
  endloop
 endfacet
 facet normal        0       -1        0
  outer loop
   vertex  -75.861     -2.5 -2.07873
   vertex      -75     -2.5    -12.5
   vertex      -75     -2.5    -2.25
  endloop
 endfacet
 facet normal        0       -1        0
  outer loop
   vertex      -75     -2.5    -2.25
   vertex      -75     -2.5    -12.5
   vertex  -74.139     -2.5 -2.07873
  endloop
 endfacet
 facet normal        0       -1        0
  outer loop
   vertex      -69     -2.5 -10.9659
   vertex -72.9213     -2.5 -0.861038
   vertex  -73.409     -2.5 -1.59099
  endloop
 endfacet
 facet normal        0       -1        0
  outer loop
   vertex      -75     -2.5    -12.5
   vertex  -73.409     -2.5 -1.59099
   vertex  -74.139     -2.5 -2.07873
  endloop
 endfacet
 facet normal        0       -1       -0
  outer loop
   vertex   -72.75     -2.5 1.37773e-16
   vertex -72.9213     -2.5 -0.861038
   vertex      -69     -2.5 -10.9659
  endloop
 endfacet
 facet normal        0       -1        0
  outer loop
   vertex      -81     -2.5  10.9659
   vertex -77.0787     -2.5 0.861038
   vertex  -76.591     -2.5  1.59099
  endloop
 endfacet
 facet normal        0       -1       -0
  outer loop
   vertex      -75     -2.5     12.5
   vertex  -75.861     -2.5  2.07873
   vertex      -75     -2.5     2.25
  endloop
 endfacet
 facet normal       -0       -1        0
  outer loop
   vertex  -75.861     -2.5  2.07873
   vertex      -75     -2.5     12.5
   vertex  -76.591     -2.5  1.59099
  endloop
 endfacet
 facet normal        0       -1        0
  outer loop
   vertex  -76.591     -2.5  1.59099
   vertex      -75     -2.5     12.5
   vertex      -81     -2.5  10.9659
  endloop
 endfacet
 facet normal        0       -1        0
  outer loop
   vertex      -81     -2.5  10.9659
   vertex   -77.25     -2.5 -4.13318e-16
   vertex -77.0787     -2.5 0.861038
  endloop
 endfacet
 facet normal        0       -1        0
  outer loop
   vertex      -69     -2.5  10.9659
   vertex  -73.409     -2.5  1.59099
   vertex -72.9213     -2.5 0.861038
  endloop
 endfacet
 facet normal        0       -1        0
  outer loop
   vertex      -69     -2.5  10.9659
   vertex -72.9213     -2.5 0.861038
   vertex   -72.75     -2.5 1.37773e-16
  endloop
 endfacet
 facet normal        0       -1        0
  outer loop
   vertex  -73.409     -2.5  1.59099
   vertex      -69     -2.5  10.9659
   vertex      -75     -2.5     12.5
  endloop
 endfacet
 facet normal        0       -1        0
  outer loop
   vertex      -75     -2.5     2.25
   vertex  -74.139     -2.5  2.07873
   vertex      -75     -2.5     12.5
  endloop
 endfacet
 facet normal        0       -1        0
  outer loop
   vertex  -74.139     -2.5  2.07873
   vertex  -73.409     -2.5  1.59099
   vertex      -75     -2.5     12.5
  endloop
 endfacet
 facet normal        0       -1        0
  outer loop
   vertex      -69     -2.5 -10.9659
   vertex      -69     -2.5  10.9659
   vertex   -72.75     -2.5 1.37773e-16
  endloop
 endfacet
 facet normal       -1        0        0
  outer loop
   vertex        6      -27 -10.9659
   vertex        6      -27  10.9659
   vertex        6     -2.5  10.9659
  endloop
 endfacet
 facet normal       -1        0       -0
  outer loop
   vertex        6     -2.5  10.9659
   vertex        6     -2.5 -10.9659
   vertex        6      -27 -10.9659
  endloop
 endfacet
 facet normal -0.247714        0 -0.968833
  outer loop
   vertex -3.06162e-15      -27     12.5
   vertex        6     -2.5  10.9659
   vertex        6      -27  10.9659
  endloop
 endfacet
 facet normal -0.247714       -0 -0.968833
  outer loop
   vertex -3.06162e-15     -2.5     12.5
   vertex        6     -2.5  10.9659
   vertex -3.06162e-15      -27     12.5
  endloop
 endfacet
 facet normal 0.247714        0 -0.968833
  outer loop
   vertex       -6     -2.5  10.9659
   vertex -3.06162e-15     -2.5     12.5
   vertex -3.06162e-15      -27     12.5
  endloop
 endfacet
 facet normal 0.247714        0 -0.968833
  outer loop
   vertex -3.06162e-15      -27     12.5
   vertex       -6      -27  10.9659
   vertex       -6     -2.5  10.9659
  endloop
 endfacet
 facet normal        1        0        0
  outer loop
   vertex       -6      -27  10.9659
   vertex       -6      -27 -10.9659
   vertex       -6     -2.5 -10.9659
  endloop
 endfacet
 facet normal        1        0       -0
  outer loop
   vertex       -6     -2.5 -10.9659
   vertex       -6     -2.5  10.9659
   vertex       -6      -27  10.9659
  endloop
 endfacet
 facet normal 0.195089        0 0.980786
  outer loop
   vertex        0    -25.5     17.5
   vertex  6.69696    -25.5  16.1679
   vertex  6.69696     -4.5  16.1679
  endloop
 endfacet
 facet normal 0.831473        0 0.555566
  outer loop
   vertex  12.3744    -25.5  12.3744
   vertex  16.1679    -25.5  6.69696
   vertex  16.1679     -4.5  6.69696
  endloop
 endfacet
 facet normal 0.555566        0 0.831473
  outer loop
   vertex  6.69696    -25.5  16.1679
   vertex  12.3744    -25.5  12.3744
   vertex  12.3744     -4.5  12.3744
  endloop
 endfacet
 facet normal 0.980786        0 -0.195089
  outer loop
   vertex     17.5    -25.5 1.07157e-15
   vertex  16.1679    -25.5 -6.69696
   vertex  16.1679     -4.5 -6.69696
  endloop
 endfacet
 facet normal 0.555566        0 -0.831473
  outer loop
   vertex  12.3744    -25.5 -12.3744
   vertex  6.69696    -25.5 -16.1679
   vertex  6.69696     -4.5 -16.1679
  endloop
 endfacet
 facet normal 0.831473        0 -0.555566
  outer loop
   vertex  16.1679    -25.5 -6.69696
   vertex  12.3744    -25.5 -12.3744
   vertex  12.3744     -4.5 -12.3744
  endloop
 endfacet
 facet normal 0.980786        0 0.195089
  outer loop
   vertex  16.1679    -25.5  6.69696
   vertex     17.5    -25.5 1.07157e-15
   vertex     17.5     -4.5 1.07157e-15
  endloop
 endfacet
 facet normal 0.195089        0 0.980786
  outer loop
   vertex  6.69696     -4.5  16.1679
   vertex        0     -4.5     17.5
   vertex        0    -25.5     17.5
  endloop
 endfacet
 facet normal 0.831473        0 0.555566
  outer loop
   vertex  16.1679     -4.5  6.69696
   vertex  12.3744     -4.5  12.3744
   vertex  12.3744    -25.5  12.3744
  endloop
 endfacet
 facet normal 0.555566        0 0.831473
  outer loop
   vertex  6.69696     -4.5  16.1679
   vertex  6.69696    -25.5  16.1679
   vertex  12.3744     -4.5  12.3744
  endloop
 endfacet
 facet normal 0.980786        0 -0.195089
  outer loop
   vertex  16.1679     -4.5 -6.69696
   vertex     17.5     -4.5 1.07157e-15
   vertex     17.5    -25.5 1.07157e-15
  endloop
 endfacet
 facet normal 0.555566        0 -0.831473
  outer loop
   vertex  6.69696     -4.5 -16.1679
   vertex  12.3744     -4.5 -12.3744
   vertex  12.3744    -25.5 -12.3744
  endloop
 endfacet
 facet normal 0.831473        0 -0.555566
  outer loop
   vertex  16.1679     -4.5 -6.69696
   vertex  16.1679    -25.5 -6.69696
   vertex  12.3744     -4.5 -12.3744
  endloop
 endfacet
 facet normal 0.980786        0 0.195089
  outer loop
   vertex  16.1679     -4.5  6.69696
   vertex  16.1679    -25.5  6.69696
   vertex     17.5     -4.5 1.07157e-15
  endloop
 endfacet
 facet normal 0.195089        0 -0.980786
  outer loop
   vertex 2.14313e-15    -25.5    -17.5
   vertex 2.14313e-15     -4.5    -17.5
   vertex  6.69696    -25.5 -16.1679
  endloop
 endfacet
 facet normal -0.195089        0 0.980786
  outer loop
   vertex        0    -25.5     17.5
   vertex        0     -4.5     17.5
   vertex -6.69696    -25.5  16.1679
  endloop
 endfacet
 facet normal -0.195089        0 -0.980786
  outer loop
   vertex 2.14313e-15    -25.5    -17.5
   vertex -6.69696    -25.5 -16.1679
   vertex -6.69696     -4.5 -16.1679
  endloop
 endfacet
 facet normal -0.831473        0 -0.555566
  outer loop
   vertex -12.3744    -25.5 -12.3744
   vertex -16.1679    -25.5 -6.69696
   vertex -16.1679     -4.5 -6.69696
  endloop
 endfacet
 facet normal -0.555566        0 -0.831473
  outer loop
   vertex -6.69696    -25.5 -16.1679
   vertex -12.3744    -25.5 -12.3744
   vertex -12.3744     -4.5 -12.3744
  endloop
 endfacet
 facet normal -0.980786        0 0.195089
  outer loop
   vertex    -17.5    -25.5 -3.2147e-15
   vertex -16.1679    -25.5  6.69696
   vertex -16.1679     -4.5  6.69696
  endloop
 endfacet
 facet normal -0.555566        0 0.831473
  outer loop
   vertex -12.3744    -25.5  12.3744
   vertex -6.69696    -25.5  16.1679
   vertex -6.69696     -4.5  16.1679
  endloop
 endfacet
 facet normal -0.831473        0 0.555566
  outer loop
   vertex -16.1679    -25.5  6.69696
   vertex -12.3744    -25.5  12.3744
   vertex -12.3744     -4.5  12.3744
  endloop
 endfacet
 facet normal -0.980786        0 -0.195089
  outer loop
   vertex -16.1679    -25.5 -6.69696
   vertex    -17.5    -25.5 -3.2147e-15
   vertex    -17.5     -4.5 -3.2147e-15
  endloop
 endfacet
 facet normal -0.195089        0 -0.980786
  outer loop
   vertex -6.69696     -4.5 -16.1679
   vertex 2.14313e-15     -4.5    -17.5
   vertex 2.14313e-15    -25.5    -17.5
  endloop
 endfacet
 facet normal -0.831473        0 -0.555566
  outer loop
   vertex -16.1679     -4.5 -6.69696
   vertex -12.3744     -4.5 -12.3744
   vertex -12.3744    -25.5 -12.3744
  endloop
 endfacet
 facet normal -0.555566       -0 -0.831473
  outer loop
   vertex -6.69696     -4.5 -16.1679
   vertex -6.69696    -25.5 -16.1679
   vertex -12.3744     -4.5 -12.3744
  endloop
 endfacet
 facet normal -0.980786        0 0.195089
  outer loop
   vertex -16.1679     -4.5  6.69696
   vertex    -17.5     -4.5 -3.2147e-15
   vertex    -17.5    -25.5 -3.2147e-15
  endloop
 endfacet
 facet normal -0.555566        0 0.831473
  outer loop
   vertex -6.69696     -4.5  16.1679
   vertex -12.3744     -4.5  12.3744
   vertex -12.3744    -25.5  12.3744
  endloop
 endfacet
 facet normal -0.831473        0 0.555566
  outer loop
   vertex -16.1679     -4.5  6.69696
   vertex -16.1679    -25.5  6.69696
   vertex -12.3744     -4.5  12.3744
  endloop
 endfacet
 facet normal -0.980786       -0 -0.195089
  outer loop
   vertex -16.1679     -4.5 -6.69696
   vertex -16.1679    -25.5 -6.69696
   vertex    -17.5     -4.5 -3.2147e-15
  endloop
 endfacet
 facet normal -0.195089        0 0.980786
  outer loop
   vertex -6.69696    -25.5  16.1679
   vertex        0     -4.5     17.5
   vertex -6.69696     -4.5  16.1679
  endloop
 endfacet
 facet normal 0.195089        0 -0.980786
  outer loop
   vertex 2.14313e-15     -4.5    -17.5
   vertex  6.69696     -4.5 -16.1679
   vertex  6.69696    -25.5 -16.1679
  endloop
 endfacet
 facet normal -0.247714        0 0.968833
  outer loop
   vertex        6     -2.5 -10.9659
   vertex -2.29621e-15     -2.5    -12.5
   vertex        6      -27 -10.9659
  endloop
 endfacet
 facet normal -0.247714 7.35581e-17 0.968833
  outer loop
   vertex -9.57142e-15      -27    -12.5
   vertex        6      -27 -10.9659
   vertex -2.29621e-15     -2.5    -12.5
  endloop
 endfacet
 facet normal 0.247714        0 0.968833
  outer loop
   vertex       -6     -2.5 -10.9659
   vertex       -6      -27 -10.9659
   vertex -9.57142e-15      -27    -12.5
  endloop
 endfacet
 facet normal 0.247714 -7.35581e-17 0.968833
  outer loop
   vertex -2.29621e-15     -2.5    -12.5
   vertex       -6     -2.5 -10.9659
   vertex -9.57142e-15      -27    -12.5
  endloop
 endfacet
 facet normal       -0       -1        0
  outer loop
   vertex 1.59204e-15    -27.5      -13
   vertex     -6.5    -27.5 -11.2583
   vertex -5.93159    -27.5 -14.3201
  endloop
 endfacet
 facet normal        0       -1        0
  outer loop
   vertex -10.9602    -27.5 -10.9602
   vertex -5.93159    -27.5 -14.3201
   vertex     -6.5    -27.5 -11.2583
  endloop
 endfacet
 facet normal        0       -1        0
  outer loop
   vertex     -6.5    -27.5 -11.2583
   vertex    -15.5    -27.5 -2.8473e-15
   vertex -14.3201    -27.5 -5.93159
  endloop
 endfacet
 facet normal        0       -1        0
  outer loop
   vertex -10.9602    -27.5 -10.9602
   vertex     -6.5    -27.5 -11.2583
   vertex -14.3201    -27.5 -5.93159
  endloop
 endfacet
 facet normal       -0       -1        0
  outer loop
   vertex  5.93159    -27.5 -14.3201
   vertex 1.59204e-15    -27.5      -13
   vertex 1.8982e-15    -27.5    -15.5
  endloop
 endfacet
 facet normal        0       -1        0
  outer loop
   vertex -5.93159    -27.5 -14.3201
   vertex 1.8982e-15    -27.5    -15.5
   vertex 1.59204e-15    -27.5      -13
  endloop
 endfacet
 facet normal        0       -1        0
  outer loop
   vertex      6.5    -27.5 -11.2583
   vertex 1.59204e-15    -27.5      -13
   vertex  5.93159    -27.5 -14.3201
  endloop
 endfacet
 facet normal       -0       -1        0
  outer loop
   vertex  10.9602    -27.5 -10.9602
   vertex  14.3201    -27.5 -5.93159
   vertex      6.5    -27.5 -11.2583
  endloop
 endfacet
 facet normal        0       -1        0
  outer loop
   vertex  5.93159    -27.5 -14.3201
   vertex  10.9602    -27.5 -10.9602
   vertex      6.5    -27.5 -11.2583
  endloop
 endfacet
 facet normal       -0       -1        0
  outer loop
   vertex  14.3201    -27.5 -5.93159
   vertex     15.5    -27.5 9.49101e-16
   vertex      6.5    -27.5 -11.2583
  endloop
 endfacet
 facet normal        0       -1        0
  outer loop
   vertex    -15.5    -27.5 -2.8473e-15
   vertex     -6.5    -27.5 -11.2583
   vertex     -6.5    -27.5  11.2583
  endloop
 endfacet
 facet normal        0       -1        0
  outer loop
   vertex     -6.5    -27.5  11.2583
   vertex -10.9602    -27.5  10.9602
   vertex -14.3201    -27.5  5.93159
  endloop
 endfacet
 facet normal       -0       -1        0
  outer loop
   vertex -3.18408e-15    -27.5       13
   vertex -5.93159    -27.5  14.3201
   vertex     -6.5    -27.5  11.2583
  endloop
 endfacet
 facet normal        0       -1        0
  outer loop
   vertex -10.9602    -27.5  10.9602
   vertex     -6.5    -27.5  11.2583
   vertex -5.93159    -27.5  14.3201
  endloop
 endfacet
 facet normal        0       -1        0
  outer loop
   vertex        0    -27.5     15.5
   vertex -5.93159    -27.5  14.3201
   vertex -3.18408e-15    -27.5       13
  endloop
 endfacet
 facet normal       -0       -1       -0
  outer loop
   vertex  10.9602    -27.5  10.9602
   vertex      6.5    -27.5  11.2583
   vertex  14.3201    -27.5  5.93159
  endloop
 endfacet
 facet normal        0       -1        0
  outer loop
   vertex     15.5    -27.5 9.49101e-16
   vertex  14.3201    -27.5  5.93159
   vertex      6.5    -27.5  11.2583
  endloop
 endfacet
 facet normal        0       -1        0
  outer loop
   vertex      6.5    -27.5  11.2583
   vertex  5.93159    -27.5  14.3201
   vertex -3.18408e-15    -27.5       13
  endloop
 endfacet
 facet normal        0       -1        0
  outer loop
   vertex      6.5    -27.5  11.2583
   vertex      6.5    -27.5 -11.2583
   vertex     15.5    -27.5 9.49101e-16
  endloop
 endfacet
 facet normal        0       -1        0
  outer loop
   vertex  10.9602    -27.5  10.9602
   vertex  5.93159    -27.5  14.3201
   vertex      6.5    -27.5  11.2583
  endloop
 endfacet
 facet normal        0       -1        0
  outer loop
   vertex -3.18408e-15    -27.5       13
   vertex  5.93159    -27.5  14.3201
   vertex        0    -27.5     15.5
  endloop
 endfacet
 facet normal        0       -1       -0
  outer loop
   vertex -14.3201    -27.5  5.93159
   vertex    -15.5    -27.5 -2.8473e-15
   vertex     -6.5    -27.5  11.2583
  endloop
 endfacet
 facet normal       -0       -1       -0
  outer loop
   vertex -0.861038     -2.5 -2.07873
   vertex -1.59099     -2.5 -1.59099
   vertex -2.29621e-15     -2.5    -12.5
  endloop
 endfacet
 facet normal        0       -1        0
  outer loop
   vertex       -6     -2.5 -10.9659
   vertex -2.29621e-15     -2.5    -12.5
   vertex -1.59099     -2.5 -1.59099
  endloop
 endfacet
 facet normal        0       -1        0
  outer loop
   vertex       -6     -2.5 -10.9659
   vertex -1.59099     -2.5 -1.59099
   vertex -2.07873     -2.5 -0.861038
  endloop
 endfacet
 facet normal        0       -1        0
  outer loop
   vertex       -6     -2.5 -10.9659
   vertex -2.07873     -2.5 -0.861038
   vertex    -2.25     -2.5 -4.13318e-16
  endloop
 endfacet
 facet normal       -0       -1        0
  outer loop
   vertex    -2.25     -2.5 -4.13318e-16
   vertex       -6     -2.5  10.9659
   vertex       -6     -2.5 -10.9659
  endloop
 endfacet
 facet normal        0       -1       -0
  outer loop
   vertex  1.59099     -2.5 -1.59099
   vertex -2.29621e-15     -2.5    -12.5
   vertex        6     -2.5 -10.9659
  endloop
 endfacet
 facet normal        0       -1        0
  outer loop
   vertex -0.861038     -2.5 -2.07873
   vertex -2.29621e-15     -2.5    -12.5
   vertex 2.75546e-16     -2.5    -2.25
  endloop
 endfacet
 facet normal        0       -1       -0
  outer loop
   vertex 2.75546e-16     -2.5    -2.25
   vertex -2.29621e-15     -2.5    -12.5
   vertex 0.861038     -2.5 -2.07873
  endloop
 endfacet
 facet normal        0       -1        0
  outer loop
   vertex        6     -2.5 -10.9659
   vertex  2.07873     -2.5 -0.861038
   vertex  1.59099     -2.5 -1.59099
  endloop
 endfacet
 facet normal        0       -1        0
  outer loop
   vertex -2.29621e-15     -2.5    -12.5
   vertex  1.59099     -2.5 -1.59099
   vertex 0.861038     -2.5 -2.07873
  endloop
 endfacet
 facet normal        0       -1       -0
  outer loop
   vertex     2.25     -2.5 1.37773e-16
   vertex  2.07873     -2.5 -0.861038
   vertex        6     -2.5 -10.9659
  endloop
 endfacet
 facet normal        0       -1        0
  outer loop
   vertex       -6     -2.5  10.9659
   vertex -2.07873     -2.5 0.861038
   vertex -1.59099     -2.5  1.59099
  endloop
 endfacet
 facet normal        0       -1       -0
  outer loop
   vertex -3.06162e-15     -2.5     12.5
   vertex -0.861038     -2.5  2.07873
   vertex        0     -2.5     2.25
  endloop
 endfacet
 facet normal       -0       -1        0
  outer loop
   vertex -0.861038     -2.5  2.07873
   vertex -3.06162e-15     -2.5     12.5
   vertex -1.59099     -2.5  1.59099
  endloop
 endfacet
 facet normal        0       -1        0
  outer loop
   vertex -1.59099     -2.5  1.59099
   vertex -3.06162e-15     -2.5     12.5
   vertex       -6     -2.5  10.9659
  endloop
 endfacet
 facet normal        0       -1        0
  outer loop
   vertex       -6     -2.5  10.9659
   vertex    -2.25     -2.5 -4.13318e-16
   vertex -2.07873     -2.5 0.861038
  endloop
 endfacet
 facet normal        0       -1        0
  outer loop
   vertex        6     -2.5  10.9659
   vertex  1.59099     -2.5  1.59099
   vertex  2.07873     -2.5 0.861038
  endloop
 endfacet
 facet normal        0       -1        0
  outer loop
   vertex        6     -2.5  10.9659
   vertex  2.07873     -2.5 0.861038
   vertex     2.25     -2.5 1.37773e-16
  endloop
 endfacet
 facet normal        0       -1        0
  outer loop
   vertex  1.59099     -2.5  1.59099
   vertex        6     -2.5  10.9659
   vertex -3.06162e-15     -2.5     12.5
  endloop
 endfacet
 facet normal        0       -1        0
  outer loop
   vertex        0     -2.5     2.25
   vertex 0.861038     -2.5  2.07873
   vertex -3.06162e-15     -2.5     12.5
  endloop
 endfacet
 facet normal        0       -1        0
  outer loop
   vertex 0.861038     -2.5  2.07873
   vertex  1.59099     -2.5  1.59099
   vertex -3.06162e-15     -2.5     12.5
  endloop
 endfacet
 facet normal        0       -1        0
  outer loop
   vertex        6     -2.5 -10.9659
   vertex        6     -2.5  10.9659
   vertex     2.25     -2.5 1.37773e-16
  endloop
 endfacet
 facet normal -0.247714        0 -0.968833
  outer loop
   vertex       75      -27     12.5
   vertex       81     -2.5  10.9659
   vertex       81      -27  10.9659
  endloop
 endfacet
 facet normal -0.247714       -0 -0.968833
  outer loop
   vertex       75     -2.5     12.5
   vertex       81     -2.5  10.9659
   vertex       75      -27     12.5
  endloop
 endfacet
 facet normal 0.247714        0 -0.968833
  outer loop
   vertex       69     -2.5  10.9659
   vertex       75     -2.5     12.5
   vertex       75      -27     12.5
  endloop
 endfacet
 facet normal 0.247714        0 -0.968833
  outer loop
   vertex       75      -27     12.5
   vertex       69      -27  10.9659
   vertex       69     -2.5  10.9659
  endloop
 endfacet
 facet normal       -1        0        0
  outer loop
   vertex       81      -27 -10.9659
   vertex       81      -27  10.9659
   vertex       81     -2.5  10.9659
  endloop
 endfacet
 facet normal       -1        0       -0
  outer loop
   vertex       81     -2.5  10.9659
   vertex       81     -2.5 -10.9659
   vertex       81      -27 -10.9659
  endloop
 endfacet
 facet normal -0.247714        0 0.968833
  outer loop
   vertex       81      -27 -10.9659
   vertex       75     -2.5    -12.5
   vertex       75      -27    -12.5
  endloop
 endfacet
 facet normal -0.247714        0 0.968833
  outer loop
   vertex       81     -2.5 -10.9659
   vertex       75     -2.5    -12.5
   vertex       81      -27 -10.9659
  endloop
 endfacet
 facet normal 0.247714        0 0.968833
  outer loop
   vertex       75     -2.5    -12.5
   vertex       69     -2.5 -10.9659
   vertex       75      -27    -12.5
  endloop
 endfacet
 facet normal 0.247714       -0 0.968833
  outer loop
   vertex       69      -27 -10.9659
   vertex       75      -27    -12.5
   vertex       69     -2.5 -10.9659
  endloop
 endfacet
 facet normal        1        0        0
  outer loop
   vertex       69      -27  10.9659
   vertex       69      -27 -10.9659
   vertex       69     -2.5 -10.9659
  endloop
 endfacet
 facet normal        1        0       -0
  outer loop
   vertex       69     -2.5 -10.9659
   vertex       69     -2.5  10.9659
   vertex       69      -27  10.9659
  endloop
 endfacet
 facet normal 0.195088        0 0.980786
  outer loop
   vertex       75    -25.5     17.5
   vertex   81.697    -25.5  16.1679
   vertex   81.697     -4.5  16.1679
  endloop
 endfacet
 facet normal 0.831472        0 0.555566
  outer loop
   vertex  87.3744    -25.5  12.3744
   vertex  91.1679    -25.5  6.69696
   vertex  91.1679     -4.5  6.69696
  endloop
 endfacet
 facet normal 0.555569        0 0.831471
  outer loop
   vertex   81.697    -25.5  16.1679
   vertex  87.3744    -25.5  12.3744
   vertex  87.3744     -4.5  12.3744
  endloop
 endfacet
 facet normal 0.980786        0 -0.195089
  outer loop
   vertex     92.5    -25.5 -1.07157e-15
   vertex  91.1679    -25.5 -6.69696
   vertex  91.1679     -4.5 -6.69696
  endloop
 endfacet
 facet normal 0.555569        0 -0.831471
  outer loop
   vertex  87.3744    -25.5 -12.3744
   vertex   81.697    -25.5 -16.1679
   vertex   81.697     -4.5 -16.1679
  endloop
 endfacet
 facet normal 0.831472        0 -0.555566
  outer loop
   vertex  91.1679    -25.5 -6.69696
   vertex  87.3744    -25.5 -12.3744
   vertex  87.3744     -4.5 -12.3744
  endloop
 endfacet
 facet normal 0.980786 -2.47763e-17 0.195089
  outer loop
   vertex  91.1679    -25.5  6.69696
   vertex     92.5    -25.5 -1.07157e-15
   vertex     92.5     -4.5 1.07157e-15
  endloop
 endfacet
 facet normal 0.195088        0 0.980786
  outer loop
   vertex   81.697     -4.5  16.1679
   vertex       75     -4.5     17.5
   vertex       75    -25.5     17.5
  endloop
 endfacet
 facet normal 0.831472        0 0.555566
  outer loop
   vertex  91.1679     -4.5  6.69696
   vertex  87.3744     -4.5  12.3744
   vertex  87.3744    -25.5  12.3744
  endloop
 endfacet
 facet normal 0.555569        0 0.831471
  outer loop
   vertex   81.697     -4.5  16.1679
   vertex   81.697    -25.5  16.1679
   vertex  87.3744     -4.5  12.3744
  endloop
 endfacet
 facet normal 0.980786 2.47763e-17 -0.195089
  outer loop
   vertex  91.1679     -4.5 -6.69696
   vertex     92.5     -4.5 1.07157e-15
   vertex     92.5    -25.5 -1.07157e-15
  endloop
 endfacet
 facet normal 0.555569        0 -0.831471
  outer loop
   vertex   81.697     -4.5 -16.1679
   vertex  87.3744     -4.5 -12.3744
   vertex  87.3744    -25.5 -12.3744
  endloop
 endfacet
 facet normal 0.831472        0 -0.555566
  outer loop
   vertex  91.1679     -4.5 -6.69696
   vertex  91.1679    -25.5 -6.69696
   vertex  87.3744     -4.5 -12.3744
  endloop
 endfacet
 facet normal 0.980786        0 0.195089
  outer loop
   vertex  91.1679     -4.5  6.69696
   vertex  91.1679    -25.5  6.69696
   vertex     92.5     -4.5 1.07157e-15
  endloop
 endfacet
 facet normal 0.195088        0 -0.980786
  outer loop
   vertex       75    -25.5    -17.5
   vertex       75     -4.5    -17.5
   vertex   81.697    -25.5 -16.1679
  endloop
 endfacet
 facet normal -0.195088        0 0.980786
  outer loop
   vertex       75    -25.5     17.5
   vertex       75     -4.5     17.5
   vertex   68.303    -25.5  16.1679
  endloop
 endfacet
 facet normal -0.195088        0 -0.980786
  outer loop
   vertex       75    -25.5    -17.5
   vertex   68.303    -25.5 -16.1679
   vertex   68.303     -4.5 -16.1679
  endloop
 endfacet
 facet normal -0.831473        0 -0.555566
  outer loop
   vertex  62.6256    -25.5 -12.3744
   vertex  58.8321    -25.5 -6.69696
   vertex  58.8321     -4.5 -6.69696
  endloop
 endfacet
 facet normal -0.555568        0 -0.831471
  outer loop
   vertex   68.303    -25.5 -16.1679
   vertex  62.6256    -25.5 -12.3744
   vertex  62.6256     -4.5 -12.3744
  endloop
 endfacet
 facet normal -0.980786        0 0.195089
  outer loop
   vertex     57.5    -25.5 3.2147e-15
   vertex  58.8321    -25.5  6.69696
   vertex  58.8321     -4.5  6.69696
  endloop
 endfacet
 facet normal -0.555568        0 0.831471
  outer loop
   vertex  62.6256    -25.5  12.3744
   vertex   68.303    -25.5  16.1679
   vertex   68.303     -4.5  16.1679
  endloop
 endfacet
 facet normal -0.831473        0 0.555566
  outer loop
   vertex  58.8321    -25.5  6.69696
   vertex  62.6256    -25.5  12.3744
   vertex  62.6256     -4.5  12.3744
  endloop
 endfacet
 facet normal -0.980786 -7.4329e-17 -0.195089
  outer loop
   vertex  58.8321    -25.5 -6.69696
   vertex     57.5    -25.5 3.2147e-15
   vertex     57.5     -4.5 -3.2147e-15
  endloop
 endfacet
 facet normal -0.195088        0 -0.980786
  outer loop
   vertex   68.303     -4.5 -16.1679
   vertex       75     -4.5    -17.5
   vertex       75    -25.5    -17.5
  endloop
 endfacet
 facet normal -0.831473        0 -0.555566
  outer loop
   vertex  58.8321     -4.5 -6.69696
   vertex  62.6256     -4.5 -12.3744
   vertex  62.6256    -25.5 -12.3744
  endloop
 endfacet
 facet normal -0.555568       -0 -0.831471
  outer loop
   vertex   68.303     -4.5 -16.1679
   vertex   68.303    -25.5 -16.1679
   vertex  62.6256     -4.5 -12.3744
  endloop
 endfacet
 facet normal -0.980786 7.4329e-17 0.195089
  outer loop
   vertex  58.8321     -4.5  6.69696
   vertex     57.5     -4.5 -3.2147e-15
   vertex     57.5    -25.5 3.2147e-15
  endloop
 endfacet
 facet normal -0.555568        0 0.831471
  outer loop
   vertex   68.303     -4.5  16.1679
   vertex  62.6256     -4.5  12.3744
   vertex  62.6256    -25.5  12.3744
  endloop
 endfacet
 facet normal -0.831473        0 0.555566
  outer loop
   vertex  58.8321     -4.5  6.69696
   vertex  58.8321    -25.5  6.69696
   vertex  62.6256     -4.5  12.3744
  endloop
 endfacet
 facet normal -0.980786       -0 -0.195089
  outer loop
   vertex  58.8321     -4.5 -6.69696
   vertex  58.8321    -25.5 -6.69696
   vertex     57.5     -4.5 -3.2147e-15
  endloop
 endfacet
 facet normal -0.195088        0 0.980786
  outer loop
   vertex   68.303    -25.5  16.1679
   vertex       75     -4.5     17.5
   vertex   68.303     -4.5  16.1679
  endloop
 endfacet
 facet normal 0.195088        0 -0.980786
  outer loop
   vertex       75     -4.5    -17.5
   vertex   81.697     -4.5 -16.1679
   vertex   81.697    -25.5 -16.1679
  endloop
 endfacet
 facet normal        0       -1       -0
  outer loop
   vertex  69.0684    -27.5  14.3201
   vertex     68.5    -27.5  11.2583
   vertex       75    -27.5       13
  endloop
 endfacet
 facet normal       -0       -1        0
  outer loop
   vertex     68.5    -27.5  11.2583
   vertex  69.0684    -27.5  14.3201
   vertex  64.0398    -27.5  10.9602
  endloop
 endfacet
 facet normal        0       -1       -0
  outer loop
   vertex  60.6799    -27.5  5.93159
   vertex     59.5    -27.5 2.8473e-15
   vertex     68.5    -27.5  11.2583
  endloop
 endfacet
 facet normal        0       -1        0
  outer loop
   vertex  60.6799    -27.5  5.93159
   vertex     68.5    -27.5  11.2583
   vertex  64.0398    -27.5  10.9602
  endloop
 endfacet
 facet normal        0       -1        0
  outer loop
   vertex       75    -27.5     15.5
   vertex       75    -27.5       13
   vertex  80.9316    -27.5  14.3201
  endloop
 endfacet
 facet normal        0       -1        0
  outer loop
   vertex       75    -27.5       13
   vertex       75    -27.5     15.5
   vertex  69.0684    -27.5  14.3201
  endloop
 endfacet
 facet normal        0       -1       -0
  outer loop
   vertex  80.9316    -27.5  14.3201
   vertex       75    -27.5       13
   vertex     81.5    -27.5  11.2583
  endloop
 endfacet
 facet normal        0       -1        0
  outer loop
   vertex     81.5    -27.5  11.2583
   vertex  89.3201    -27.5  5.93159
   vertex  85.9602    -27.5  10.9602
  endloop
 endfacet
 facet normal        0       -1        0
  outer loop
   vertex     81.5    -27.5  11.2583
   vertex  85.9602    -27.5  10.9602
   vertex  80.9316    -27.5  14.3201
  endloop
 endfacet
 facet normal        0       -1        0
  outer loop
   vertex     81.5    -27.5  11.2583
   vertex     90.5    -27.5 -9.49101e-16
   vertex  89.3201    -27.5  5.93159
  endloop
 endfacet
 facet normal        0       -1        0
  outer loop
   vertex     68.5    -27.5 -11.2583
   vertex     68.5    -27.5  11.2583
   vertex     59.5    -27.5 2.8473e-15
  endloop
 endfacet
 facet normal        0       -1        0
  outer loop
   vertex  60.6799    -27.5 -5.93159
   vertex  64.0398    -27.5 -10.9602
   vertex     68.5    -27.5 -11.2583
  endloop
 endfacet
 facet normal        0       -1        0
  outer loop
   vertex     68.5    -27.5 -11.2583
   vertex  69.0684    -27.5 -14.3201
   vertex       75    -27.5      -13
  endloop
 endfacet
 facet normal        0       -1        0
  outer loop
   vertex  69.0684    -27.5 -14.3201
   vertex     68.5    -27.5 -11.2583
   vertex  64.0398    -27.5 -10.9602
  endloop
 endfacet
 facet normal        0       -1       -0
  outer loop
   vertex       75    -27.5      -13
   vertex  69.0684    -27.5 -14.3201
   vertex       75    -27.5    -15.5
  endloop
 endfacet
 facet normal        0       -1        0
  outer loop
   vertex  89.3201    -27.5 -5.93159
   vertex     81.5    -27.5 -11.2583
   vertex  85.9602    -27.5 -10.9602
  endloop
 endfacet
 facet normal        0       -1        0
  outer loop
   vertex     81.5    -27.5 -11.2583
   vertex  89.3201    -27.5 -5.93159
   vertex     90.5    -27.5 -9.49101e-16
  endloop
 endfacet
 facet normal        0       -1        0
  outer loop
   vertex       75    -27.5      -13
   vertex  80.9316    -27.5 -14.3201
   vertex     81.5    -27.5 -11.2583
  endloop
 endfacet
 facet normal       -0       -1        0
  outer loop
   vertex     90.5    -27.5 -9.49101e-16
   vertex     81.5    -27.5  11.2583
   vertex     81.5    -27.5 -11.2583
  endloop
 endfacet
 facet normal        0       -1       -0
  outer loop
   vertex     81.5    -27.5 -11.2583
   vertex  80.9316    -27.5 -14.3201
   vertex  85.9602    -27.5 -10.9602
  endloop
 endfacet
 facet normal        0       -1        0
  outer loop
   vertex       75    -27.5    -15.5
   vertex  80.9316    -27.5 -14.3201
   vertex       75    -27.5      -13
  endloop
 endfacet
 facet normal        0       -1        0
  outer loop
   vertex     68.5    -27.5 -11.2583
   vertex     59.5    -27.5 2.8473e-15
   vertex  60.6799    -27.5 -5.93159
  endloop
 endfacet
 facet normal       -0       -1       -0
  outer loop
   vertex   74.139     -2.5 -2.07873
   vertex   73.409     -2.5 -1.59099
   vertex       75     -2.5    -12.5
  endloop
 endfacet
 facet normal        0       -1        0
  outer loop
   vertex       69     -2.5 -10.9659
   vertex       75     -2.5    -12.5
   vertex   73.409     -2.5 -1.59099
  endloop
 endfacet
 facet normal        0       -1        0
  outer loop
   vertex       69     -2.5 -10.9659
   vertex   73.409     -2.5 -1.59099
   vertex  72.9213     -2.5 -0.861038
  endloop
 endfacet
 facet normal        0       -1        0
  outer loop
   vertex       69     -2.5 -10.9659
   vertex  72.9213     -2.5 -0.861038
   vertex    72.75     -2.5 -4.13318e-16
  endloop
 endfacet
 facet normal       -0       -1        0
  outer loop
   vertex    72.75     -2.5 -4.13318e-16
   vertex       69     -2.5  10.9659
   vertex       69     -2.5 -10.9659
  endloop
 endfacet
 facet normal        0       -1       -0
  outer loop
   vertex   76.591     -2.5 -1.59099
   vertex       75     -2.5    -12.5
   vertex       81     -2.5 -10.9659
  endloop
 endfacet
 facet normal        0       -1        0
  outer loop
   vertex   74.139     -2.5 -2.07873
   vertex       75     -2.5    -12.5
   vertex       75     -2.5    -2.25
  endloop
 endfacet
 facet normal        0       -1        0
  outer loop
   vertex       75     -2.5    -2.25
   vertex       75     -2.5    -12.5
   vertex   75.861     -2.5 -2.07873
  endloop
 endfacet
 facet normal        0       -1        0
  outer loop
   vertex       81     -2.5 -10.9659
   vertex  77.0787     -2.5 -0.861038
   vertex   76.591     -2.5 -1.59099
  endloop
 endfacet
 facet normal        0       -1        0
  outer loop
   vertex       75     -2.5    -12.5
   vertex   76.591     -2.5 -1.59099
   vertex   75.861     -2.5 -2.07873
  endloop
 endfacet
 facet normal        0       -1       -0
  outer loop
   vertex    77.25     -2.5 1.37773e-16
   vertex  77.0787     -2.5 -0.861038
   vertex       81     -2.5 -10.9659
  endloop
 endfacet
 facet normal        0       -1        0
  outer loop
   vertex       69     -2.5  10.9659
   vertex  72.9213     -2.5 0.861038
   vertex   73.409     -2.5  1.59099
  endloop
 endfacet
 facet normal        0       -1       -0
  outer loop
   vertex       75     -2.5     12.5
   vertex   74.139     -2.5  2.07873
   vertex       75     -2.5     2.25
  endloop
 endfacet
 facet normal       -0       -1        0
  outer loop
   vertex   74.139     -2.5  2.07873
   vertex       75     -2.5     12.5
   vertex   73.409     -2.5  1.59099
  endloop
 endfacet
 facet normal        0       -1        0
  outer loop
   vertex   73.409     -2.5  1.59099
   vertex       75     -2.5     12.5
   vertex       69     -2.5  10.9659
  endloop
 endfacet
 facet normal        0       -1        0
  outer loop
   vertex       69     -2.5  10.9659
   vertex    72.75     -2.5 -4.13318e-16
   vertex  72.9213     -2.5 0.861038
  endloop
 endfacet
 facet normal        0       -1        0
  outer loop
   vertex       81     -2.5  10.9659
   vertex   76.591     -2.5  1.59099
   vertex  77.0787     -2.5 0.861038
  endloop
 endfacet
 facet normal        0       -1        0
  outer loop
   vertex       81     -2.5  10.9659
   vertex  77.0787     -2.5 0.861038
   vertex    77.25     -2.5 1.37773e-16
  endloop
 endfacet
 facet normal        0       -1        0
  outer loop
   vertex   76.591     -2.5  1.59099
   vertex       81     -2.5  10.9659
   vertex       75     -2.5     12.5
  endloop
 endfacet
 facet normal        0       -1        0
  outer loop
   vertex       75     -2.5     2.25
   vertex   75.861     -2.5  2.07873
   vertex       75     -2.5     12.5
  endloop
 endfacet
 facet normal        0       -1        0
  outer loop
   vertex   75.861     -2.5  2.07873
   vertex   76.591     -2.5  1.59099
   vertex       75     -2.5     12.5
  endloop
 endfacet
 facet normal        0       -1        0
  outer loop
   vertex       81     -2.5 -10.9659
   vertex       81     -2.5  10.9659
   vertex    77.25     -2.5 1.37773e-16
  endloop
 endfacet
 facet normal -0.0387753 -0.98005 0.194934
  outer loop
   vertex -82.1694 -2.65224  17.3085
   vertex      -75 -2.65224  18.7346
   vertex      -75     -2.5     19.5
  endloop
 endfacet
 facet normal 0.0387753 -0.98005 0.194934
  outer loop
   vertex      -75     -2.5     19.5
   vertex      -75 -2.65224  18.7346
   vertex -67.8306 -2.65224  17.3085
  endloop
 endfacet
 facet normal 0.110415 -0.980052 0.165247
  outer loop
   vertex -61.2114     -2.5  13.7886
   vertex -67.5377     -2.5  18.0157
   vertex -67.8306 -2.65224  17.3085
  endloop
 endfacet
 facet normal 0.0387709 -0.980053  0.19492
  outer loop
   vertex -67.5377     -2.5  18.0157
   vertex      -75     -2.5     19.5
   vertex -67.8306 -2.65224  17.3085
  endloop
 endfacet
 facet normal 0.165264 -0.980048 0.110424
  outer loop
   vertex -61.2114     -2.5  13.7886
   vertex -61.7526 -2.65224  13.2474
   vertex -57.6915 -2.65224  7.16943
  endloop
 endfacet
 facet normal 0.109848 -0.826417  0.55224
  outer loop
   vertex      -75 -3.08579  18.0858
   vertex -68.0789 -3.08579  16.7091
   vertex      -75 -2.65224  18.7346
  endloop
 endfacet
 facet normal  0.10985 -0.826413 0.552244
  outer loop
   vertex -67.8306 -2.65224  17.3085
   vertex      -75 -2.65224  18.7346
   vertex -68.0789 -3.08579  16.7091
  endloop
 endfacet
 facet normal 0.312816 -0.826418 0.468167
  outer loop
   vertex -68.0789 -3.08579  16.7091
   vertex -62.2114 -3.08579  12.7886
   vertex -67.8306 -2.65224  17.3085
  endloop
 endfacet
 facet normal 0.312801 -0.826433  0.46815
  outer loop
   vertex -61.7526 -2.65224  13.2474
   vertex -67.8306 -2.65224  17.3085
   vertex -62.2114 -3.08579  12.7886
  endloop
 endfacet
 facet normal  0.46817 -0.826416 0.312816
  outer loop
   vertex -57.6915 -2.65224  7.16943
   vertex -61.7526 -2.65224  13.2474
   vertex -58.2909 -3.08579  6.92113
  endloop
 endfacet
 facet normal 0.464655 -0.548175 0.695413
  outer loop
   vertex  -62.518 -3.73463   12.482
   vertex -62.2114 -3.08579  12.7886
   vertex -68.0789 -3.08579  16.7091
  endloop
 endfacet
 facet normal 0.110424 -0.980048 0.165264
  outer loop
   vertex -61.7526 -2.65224  13.2474
   vertex -61.2114     -2.5  13.7886
   vertex -67.8306 -2.65224  17.3085
  endloop
 endfacet
 facet normal 0.163167 -0.548175 0.820293
  outer loop
   vertex -68.2448 -3.73463  16.3085
   vertex -68.0789 -3.08579  16.7091
   vertex      -75 -3.08579  18.0858
  endloop
 endfacet
 facet normal 0.165246 -0.980052 0.110415
  outer loop
   vertex -56.9843     -2.5  7.46233
   vertex -61.2114     -2.5  13.7886
   vertex -57.6915 -2.65224  7.16943
  endloop
 endfacet
 facet normal -0.109849 -0.826417  0.55224
  outer loop
   vertex -82.1694 -2.65224  17.3085
   vertex      -75 -3.08579  18.0858
   vertex      -75 -2.65224  18.7346
  endloop
 endfacet
 facet normal 0.194934 -0.98005 0.0387752
  outer loop
   vertex    -55.5     -2.5 1.19403e-15
   vertex -57.6915 -2.65224  7.16943
   vertex -56.2654 -2.65224 1.14717e-15
  endloop
 endfacet
 facet normal 0.194919 -0.980053 0.0387705
  outer loop
   vertex -56.9843     -2.5  7.46233
   vertex -57.6915 -2.65224  7.16943
   vertex    -55.5     -2.5 1.19403e-15
  endloop
 endfacet
 facet normal 0.165246 -0.980052 -0.110415
  outer loop
   vertex -61.2114     -2.5 -13.7886
   vertex -56.9843     -2.5 -7.46233
   vertex -57.6915 -2.65224 -7.16943
  endloop
 endfacet
 facet normal 0.194919 -0.980053 -0.0387705
  outer loop
   vertex -56.9843     -2.5 -7.46233
   vertex    -55.5     -2.5 1.19403e-15
   vertex -57.6915 -2.65224 -7.16943
  endloop
 endfacet
 facet normal 0.110415 -0.980052 -0.165247
  outer loop
   vertex -67.5377     -2.5 -18.0157
   vertex -61.2114     -2.5 -13.7886
   vertex -67.8306 -2.65224 -17.3085
  endloop
 endfacet
 facet normal 0.552246 -0.826413 0.109849
  outer loop
   vertex -56.9142 -3.08579 1.10744e-15
   vertex -57.6915 -2.65224  7.16943
   vertex -58.2909 -3.08579  6.92113
  endloop
 endfacet
 facet normal  0.55224 -0.826417 0.109848
  outer loop
   vertex -56.2654 -2.65224 1.14717e-15
   vertex -57.6915 -2.65224  7.16943
   vertex -56.9142 -3.08579 1.10744e-15
  endloop
 endfacet
 facet normal 0.552245 -0.826413 -0.109849
  outer loop
   vertex -57.6915 -2.65224 -7.16943
   vertex -56.2654 -2.65224 1.14717e-15
   vertex -58.2909 -3.08579 -6.92113
  endloop
 endfacet
 facet normal 0.165264 -0.980048 -0.110424
  outer loop
   vertex -61.2114     -2.5 -13.7886
   vertex -57.6915 -2.65224 -7.16943
   vertex -61.7526 -2.65224 -13.2474
  endloop
 endfacet
 facet normal 0.110424 -0.980048 -0.165264
  outer loop
   vertex -61.2114     -2.5 -13.7886
   vertex -61.7526 -2.65224 -13.2474
   vertex -67.8306 -2.65224 -17.3085
  endloop
 endfacet
 facet normal  0.46815 -0.826432 -0.312802
  outer loop
   vertex -61.7526 -2.65224 -13.2474
   vertex -57.6915 -2.65224 -7.16943
   vertex -62.2114 -3.08579 -12.7886
  endloop
 endfacet
 facet normal 0.194934 -0.98005 -0.0387752
  outer loop
   vertex -57.6915 -2.65224 -7.16943
   vertex    -55.5     -2.5 1.19403e-15
   vertex -56.2654 -2.65224 1.14717e-15
  endloop
 endfacet
 facet normal 0.312813 -0.826418 -0.468168
  outer loop
   vertex -67.8306 -2.65224 -17.3085
   vertex -61.7526 -2.65224 -13.2474
   vertex -68.0789 -3.08579 -16.7091
  endloop
 endfacet
 facet normal 0.109849 -0.826417 -0.55224
  outer loop
   vertex      -75 -3.08579 -18.0858
   vertex      -75 -2.65224 -18.7346
   vertex -67.8306 -2.65224 -17.3085
  endloop
 endfacet
 facet normal 0.468148 -0.826433 0.312805
  outer loop
   vertex -61.7526 -2.65224  13.2474
   vertex -62.2114 -3.08579  12.7886
   vertex -58.2909 -3.08579  6.92113
  endloop
 endfacet
 facet normal 0.695415 -0.54817 0.464659
  outer loop
   vertex -58.6915 -3.73463  6.75522
   vertex -58.2909 -3.08579  6.92113
   vertex -62.2114 -3.08579  12.7886
  endloop
 endfacet
 facet normal 0.191484 -0.191403 0.962652
  outer loop
   vertex  -68.303     -4.5  16.1679
   vertex -68.2448 -3.73463  16.3085
   vertex      -75 -3.73463  17.6522
  endloop
 endfacet
 facet normal 0.163167 -0.548176 0.820293
  outer loop
   vertex -68.2448 -3.73463  16.3085
   vertex      -75 -3.08579  18.0858
   vertex      -75 -3.73463  17.6522
  endloop
 endfacet
 facet normal 0.695411 -0.548176 0.464657
  outer loop
   vertex  -62.518 -3.73463   12.482
   vertex -58.6915 -3.73463  6.75522
   vertex -62.2114 -3.08579  12.7886
  endloop
 endfacet
 facet normal 0.464662 -0.548162 0.695419
  outer loop
   vertex -68.0789 -3.08579  16.7091
   vertex -68.2448 -3.73463  16.3085
   vertex  -62.518 -3.73463   12.482
  endloop
 endfacet
 facet normal 0.820291 -0.548178 0.163166
  outer loop
   vertex -58.6915 -3.73463  6.75522
   vertex -57.3478 -3.73463 1.08089e-15
   vertex -58.2909 -3.08579  6.92113
  endloop
 endfacet
 facet normal 0.816094 -0.191424 0.545295
  outer loop
   vertex -58.8321     -4.5  6.69696
   vertex -58.6915 -3.73463  6.75522
   vertex  -62.518 -3.73463   12.482
  endloop
 endfacet
 facet normal 0.820292 -0.548177 0.163166
  outer loop
   vertex -57.3478 -3.73463 1.08089e-15
   vertex -56.9142 -3.08579 1.10744e-15
   vertex -58.2909 -3.08579  6.92113
  endloop
 endfacet
 facet normal 0.545298 -0.191391   0.8161
  outer loop
   vertex -62.6256     -4.5  12.3744
   vertex  -62.518 -3.73463   12.482
   vertex -68.2448 -3.73463  16.3085
  endloop
 endfacet
 facet normal  0.19148 -0.191431 0.962647
  outer loop
   vertex  -68.303     -4.5  16.1679
   vertex      -75 -3.73463  17.6522
   vertex      -75     -4.5     17.5
  endloop
 endfacet
 facet normal 0.816102 -0.19139 0.545295
  outer loop
   vertex -62.6256     -4.5  12.3744
   vertex -58.8321     -4.5  6.69696
   vertex  -62.518 -3.73463   12.482
  endloop
 endfacet
 facet normal 0.545298 -0.191388 0.816101
  outer loop
   vertex -68.2448 -3.73463  16.3085
   vertex  -68.303     -4.5  16.1679
   vertex -62.6256     -4.5  12.3744
  endloop
 endfacet
 facet normal 0.962647 -0.191429 0.191483
  outer loop
   vertex -57.3478 -3.73463 1.08089e-15
   vertex -58.6915 -3.73463  6.75522
   vertex    -57.5     -4.5 1.07157e-15
  endloop
 endfacet
 facet normal  0.96265 -0.191414 0.191482
  outer loop
   vertex -58.6915 -3.73463  6.75522
   vertex -58.8321     -4.5  6.69696
   vertex    -57.5     -4.5 1.07157e-15
  endloop
 endfacet
 facet normal 0.820291 -0.548178 -0.163166
  outer loop
   vertex -56.9142 -3.08579 1.10744e-15
   vertex -58.6915 -3.73463 -6.75522
   vertex -58.2909 -3.08579 -6.92113
  endloop
 endfacet
 facet normal -0.191483 -0.191431 0.962647
  outer loop
   vertex      -75     -4.5     17.5
   vertex      -75 -3.73463  17.6522
   vertex -81.7552 -3.73463  16.3085
  endloop
 endfacet
 facet normal  0.96265 -0.191414 -0.191483
  outer loop
   vertex -58.6915 -3.73463 -6.75522
   vertex -57.3478 -3.73463 1.08089e-15
   vertex -58.8321     -4.5 -6.69696
  endloop
 endfacet
 facet normal 0.695412 -0.548176 -0.464657
  outer loop
   vertex  -62.518 -3.73463  -12.482
   vertex -62.2114 -3.08579 -12.7886
   vertex -58.2909 -3.08579 -6.92113
  endloop
 endfacet
 facet normal  0.46466 -0.548162 -0.69542
  outer loop
   vertex -62.2114 -3.08579 -12.7886
   vertex -68.2448 -3.73463 -16.3085
   vertex -68.0789 -3.08579 -16.7091
  endloop
 endfacet
 facet normal 0.312803 -0.826433 -0.468148
  outer loop
   vertex -61.7526 -2.65224 -13.2474
   vertex -62.2114 -3.08579 -12.7886
   vertex -68.0789 -3.08579 -16.7091
  endloop
 endfacet
 facet normal 0.464657 -0.548175 -0.695412
  outer loop
   vertex  -62.518 -3.73463  -12.482
   vertex -68.2448 -3.73463 -16.3085
   vertex -62.2114 -3.08579 -12.7886
  endloop
 endfacet
 facet normal 0.695414 -0.54817 -0.464659
  outer loop
   vertex -58.2909 -3.08579 -6.92113
   vertex -58.6915 -3.73463 -6.75522
   vertex  -62.518 -3.73463  -12.482
  endloop
 endfacet
 facet normal 0.468168 -0.826416 -0.312818
  outer loop
   vertex -62.2114 -3.08579 -12.7886
   vertex -57.6915 -2.65224 -7.16943
   vertex -58.2909 -3.08579 -6.92113
  endloop
 endfacet
 facet normal   0.8161 -0.19139 -0.545299
  outer loop
   vertex -62.6256     -4.5 -12.3744
   vertex  -62.518 -3.73463  -12.482
   vertex -58.6915 -3.73463 -6.75522
  endloop
 endfacet
 facet normal 0.962647 -0.191429 -0.191481
  outer loop
   vertex    -57.5     -4.5 1.07157e-15
   vertex -58.8321     -4.5 -6.69696
   vertex -57.3478 -3.73463 1.08089e-15
  endloop
 endfacet
 facet normal 0.545298 -0.191388 -0.816101
  outer loop
   vertex  -68.303     -4.5 -16.1679
   vertex -68.2448 -3.73463 -16.3085
   vertex -62.6256     -4.5 -12.3744
  endloop
 endfacet
 facet normal 0.816097 -0.191424 -0.545292
  outer loop
   vertex -58.6915 -3.73463 -6.75522
   vertex -58.8321     -4.5 -6.69696
   vertex -62.6256     -4.5 -12.3744
  endloop
 endfacet
 facet normal 0.191484 -0.191403 -0.962652
  outer loop
   vertex -68.2448 -3.73463 -16.3085
   vertex  -68.303     -4.5 -16.1679
   vertex      -75 -3.73463 -17.6522
  endloop
 endfacet
 facet normal 0.545298 -0.191391  -0.8161
  outer loop
   vertex  -62.518 -3.73463  -12.482
   vertex -62.6256     -4.5 -12.3744
   vertex -68.2448 -3.73463 -16.3085
  endloop
 endfacet
 facet normal 0.163167 -0.548176 -0.820293
  outer loop
   vertex      -75 -3.08579 -18.0858
   vertex -68.0789 -3.08579 -16.7091
   vertex      -75 -3.73463 -17.6522
  endloop
 endfacet
 facet normal 0.820292 -0.548177 -0.163167
  outer loop
   vertex -58.6915 -3.73463 -6.75522
   vertex -56.9142 -3.08579 1.10744e-15
   vertex -57.3478 -3.73463 1.08089e-15
  endloop
 endfacet
 facet normal  0.55224 -0.826417 -0.109848
  outer loop
   vertex -58.2909 -3.08579 -6.92113
   vertex -56.2654 -2.65224 1.14717e-15
   vertex -56.9142 -3.08579 1.10744e-15
  endloop
 endfacet
 facet normal 0.0387737 -0.98005 -0.194934
  outer loop
   vertex      -75 -2.65224 -18.7346
   vertex      -75     -2.5    -19.5
   vertex -67.5377     -2.5 -18.0157
  endloop
 endfacet
 facet normal -0.163167 -0.548176 0.820293
  outer loop
   vertex      -75 -3.08579  18.0858
   vertex -81.9211 -3.08579  16.7091
   vertex      -75 -3.73463  17.6522
  endloop
 endfacet
 facet normal 0.0387723 -0.980053 -0.194919
  outer loop
   vertex -67.5377     -2.5 -18.0157
   vertex -67.8306 -2.65224 -17.3085
   vertex      -75 -2.65224 -18.7346
  endloop
 endfacet
 facet normal -0.0387709 -0.980053 -0.19492
  outer loop
   vertex -82.1694 -2.65224 -17.3085
   vertex -82.4623     -2.5 -18.0157
   vertex      -75     -2.5    -19.5
  endloop
 endfacet
 facet normal -0.110415 -0.980052 -0.165247
  outer loop
   vertex -88.7886     -2.5 -13.7886
   vertex -82.4623     -2.5 -18.0157
   vertex -82.1694 -2.65224 -17.3085
  endloop
 endfacet
 facet normal -0.0387753 -0.98005 -0.194934
  outer loop
   vertex      -75 -2.65224 -18.7346
   vertex -82.1694 -2.65224 -17.3085
   vertex      -75     -2.5    -19.5
  endloop
 endfacet
 facet normal -0.165264 -0.980048 -0.110424
  outer loop
   vertex -88.7886     -2.5 -13.7886
   vertex -88.2474 -2.65224 -13.2474
   vertex -92.3085 -2.65224 -7.16943
  endloop
 endfacet
 facet normal -0.109848 -0.826417 -0.55224
  outer loop
   vertex      -75 -3.08579 -18.0858
   vertex -81.9211 -3.08579 -16.7091
   vertex      -75 -2.65224 -18.7346
  endloop
 endfacet
 facet normal -0.10985 -0.826413 -0.552244
  outer loop
   vertex -82.1694 -2.65224 -17.3085
   vertex      -75 -2.65224 -18.7346
   vertex -81.9211 -3.08579 -16.7091
  endloop
 endfacet
 facet normal -0.312816 -0.826418 -0.468167
  outer loop
   vertex -81.9211 -3.08579 -16.7091
   vertex -87.7886 -3.08579 -12.7886
   vertex -82.1694 -2.65224 -17.3085
  endloop
 endfacet
 facet normal  -0.3128 -0.826434 -0.468149
  outer loop
   vertex -88.2474 -2.65224 -13.2474
   vertex -82.1694 -2.65224 -17.3085
   vertex -87.7886 -3.08579 -12.7886
  endloop
 endfacet
 facet normal -0.468168 -0.826417 -0.312815
  outer loop
   vertex -92.3085 -2.65224 -7.16943
   vertex -88.2474 -2.65224 -13.2474
   vertex -91.7091 -3.08579 -6.92113
  endloop
 endfacet
 facet normal -0.464657 -0.548171 -0.695415
  outer loop
   vertex  -87.482 -3.73463  -12.482
   vertex -87.7886 -3.08579 -12.7886
   vertex -81.9211 -3.08579 -16.7091
  endloop
 endfacet
 facet normal -0.110424 -0.980048 -0.165265
  outer loop
   vertex -88.2474 -2.65224 -13.2474
   vertex -88.7886     -2.5 -13.7886
   vertex -82.1694 -2.65224 -17.3085
  endloop
 endfacet
 facet normal -0.163167 -0.548175 -0.820293
  outer loop
   vertex -81.7552 -3.73463 -16.3085
   vertex -81.9211 -3.08579 -16.7091
   vertex      -75 -3.08579 -18.0858
  endloop
 endfacet
 facet normal -0.165265 -0.980048 -0.110425
  outer loop
   vertex -93.0156     -2.5 -7.46233
   vertex -88.7886     -2.5 -13.7886
   vertex -92.3085 -2.65224 -7.16943
  endloop
 endfacet
 facet normal 0.109849 -0.826413 -0.552245
  outer loop
   vertex -67.8306 -2.65224 -17.3085
   vertex -68.0789 -3.08579 -16.7091
   vertex      -75 -3.08579 -18.0858
  endloop
 endfacet
 facet normal -0.194933 -0.98005 -0.0387748
  outer loop
   vertex    -94.5     -2.5 -3.58209e-15
   vertex -92.3085 -2.65224 -7.16943
   vertex -93.7346 -2.65224 -3.4415e-15
  endloop
 endfacet
 facet normal -0.194943 -0.980048 -0.0387779
  outer loop
   vertex -93.0156     -2.5 -7.46233
   vertex -92.3085 -2.65224 -7.16943
   vertex    -94.5     -2.5 -3.58209e-15
  endloop
 endfacet
 facet normal -0.165265 -0.980048 0.110425
  outer loop
   vertex -88.7886     -2.5  13.7886
   vertex -93.0156     -2.5  7.46233
   vertex -92.3085 -2.65224  7.16943
  endloop
 endfacet
 facet normal -0.194943 -0.980048 0.0387779
  outer loop
   vertex -93.0156     -2.5  7.46233
   vertex    -94.5     -2.5 -3.58209e-15
   vertex -92.3085 -2.65224  7.16943
  endloop
 endfacet
 facet normal -0.110415 -0.980052 0.165247
  outer loop
   vertex -82.4623     -2.5  18.0157
   vertex -88.7886     -2.5  13.7886
   vertex -82.1694 -2.65224  17.3085
  endloop
 endfacet
 facet normal -0.552243 -0.826414 -0.109848
  outer loop
   vertex -93.0858 -3.08579 -3.32231e-15
   vertex -92.3085 -2.65224 -7.16943
   vertex -91.7091 -3.08579 -6.92113
  endloop
 endfacet
 facet normal -0.552242 -0.826415 -0.109848
  outer loop
   vertex -93.7346 -2.65224 -3.4415e-15
   vertex -92.3085 -2.65224 -7.16943
   vertex -93.0858 -3.08579 -3.32231e-15
  endloop
 endfacet
 facet normal -0.552243 -0.826414 0.109848
  outer loop
   vertex -92.3085 -2.65224  7.16943
   vertex -93.7346 -2.65224 -3.4415e-15
   vertex -91.7091 -3.08579  6.92113
  endloop
 endfacet
 facet normal -0.165264 -0.980048 0.110424
  outer loop
   vertex -88.7886     -2.5  13.7886
   vertex -92.3085 -2.65224  7.16943
   vertex -88.2474 -2.65224  13.2474
  endloop
 endfacet
 facet normal -0.110424 -0.980048 0.165265
  outer loop
   vertex -88.7886     -2.5  13.7886
   vertex -88.2474 -2.65224  13.2474
   vertex -82.1694 -2.65224  17.3085
  endloop
 endfacet
 facet normal -0.468148 -0.826434 0.312801
  outer loop
   vertex -88.2474 -2.65224  13.2474
   vertex -92.3085 -2.65224  7.16943
   vertex -87.7886 -3.08579  12.7886
  endloop
 endfacet
 facet normal -0.194933 -0.98005 0.0387748
  outer loop
   vertex -92.3085 -2.65224  7.16943
   vertex    -94.5     -2.5 -3.58209e-15
   vertex -93.7346 -2.65224 -3.4415e-15
  endloop
 endfacet
 facet normal -0.312813 -0.826418 0.468168
  outer loop
   vertex -82.1694 -2.65224  17.3085
   vertex -88.2474 -2.65224  13.2474
   vertex -81.9211 -3.08579  16.7091
  endloop
 endfacet
 facet normal -0.468146 -0.826434 -0.312804
  outer loop
   vertex -88.2474 -2.65224 -13.2474
   vertex -87.7886 -3.08579 -12.7886
   vertex -91.7091 -3.08579 -6.92113
  endloop
 endfacet
 facet normal -0.695416 -0.548168 -0.46466
  outer loop
   vertex -91.3085 -3.73463 -6.75522
   vertex -91.7091 -3.08579 -6.92113
   vertex -87.7886 -3.08579 -12.7886
  endloop
 endfacet
 facet normal -0.191484 -0.191403 -0.962652
  outer loop
   vertex  -81.697     -4.5 -16.1679
   vertex -81.7552 -3.73463 -16.3085
   vertex      -75 -3.73463 -17.6522
  endloop
 endfacet
 facet normal -0.163167 -0.548176 -0.820293
  outer loop
   vertex -81.7552 -3.73463 -16.3085
   vertex      -75 -3.08579 -18.0858
   vertex      -75 -3.73463 -17.6522
  endloop
 endfacet
 facet normal -0.695414 -0.54817 -0.464659
  outer loop
   vertex  -87.482 -3.73463  -12.482
   vertex -91.3085 -3.73463 -6.75522
   vertex -87.7886 -3.08579 -12.7886
  endloop
 endfacet
 facet normal -0.464661 -0.548162 -0.695419
  outer loop
   vertex -81.9211 -3.08579 -16.7091
   vertex -81.7552 -3.73463 -16.3085
   vertex  -87.482 -3.73463  -12.482
  endloop
 endfacet
 facet normal -0.820293 -0.548175 -0.163166
  outer loop
   vertex -91.3085 -3.73463 -6.75522
   vertex -92.6522 -3.73463 -3.24266e-15
   vertex -91.7091 -3.08579 -6.92113
  endloop
 endfacet
 facet normal -0.816094 -0.191428 -0.545295
  outer loop
   vertex -91.1679     -4.5 -6.69696
   vertex -91.3085 -3.73463 -6.75522
   vertex  -87.482 -3.73463  -12.482
  endloop
 endfacet
 facet normal -0.820292 -0.548177 -0.163166
  outer loop
   vertex -92.6522 -3.73463 -3.24266e-15
   vertex -93.0858 -3.08579 -3.32231e-15
   vertex -91.7091 -3.08579 -6.92113
  endloop
 endfacet
 facet normal -0.545297 -0.191397  -0.8161
  outer loop
   vertex -87.3744     -4.5 -12.3744
   vertex  -87.482 -3.73463  -12.482
   vertex -81.7552 -3.73463 -16.3085
  endloop
 endfacet
 facet normal -0.19148 -0.191431 -0.962647
  outer loop
   vertex  -81.697     -4.5 -16.1679
   vertex      -75 -3.73463 -17.6522
   vertex      -75     -4.5    -17.5
  endloop
 endfacet
 facet normal -0.816101 -0.191398 -0.545295
  outer loop
   vertex -87.3744     -4.5 -12.3744
   vertex -91.1679     -4.5 -6.69696
   vertex  -87.482 -3.73463  -12.482
  endloop
 endfacet
 facet normal -0.545299 -0.191388 -0.816101
  outer loop
   vertex -81.7552 -3.73463 -16.3085
   vertex  -81.697     -4.5 -16.1679
   vertex -87.3744     -4.5 -12.3744
  endloop
 endfacet
 facet normal -0.962647 -0.191429 -0.191482
  outer loop
   vertex -92.6522 -3.73463 -3.24266e-15
   vertex -91.3085 -3.73463 -6.75522
   vertex    -92.5     -4.5 -3.2147e-15
  endloop
 endfacet
 facet normal -0.962649 -0.191419 -0.191482
  outer loop
   vertex -91.3085 -3.73463 -6.75522
   vertex -91.1679     -4.5 -6.69696
   vertex    -92.5     -4.5 -3.2147e-15
  endloop
 endfacet
 facet normal -0.820293 -0.548175 0.163167
  outer loop
   vertex -93.0858 -3.08579 -3.32231e-15
   vertex -91.3085 -3.73463  6.75522
   vertex -91.7091 -3.08579  6.92113
  endloop
 endfacet
 facet normal  0.19148 -0.191431 -0.962647
  outer loop
   vertex  -68.303     -4.5 -16.1679
   vertex      -75     -4.5    -17.5
   vertex      -75 -3.73463 -17.6522
  endloop
 endfacet
 facet normal -0.962649 -0.191419 0.191483
  outer loop
   vertex -91.3085 -3.73463  6.75522
   vertex -92.6522 -3.73463 -3.24266e-15
   vertex -91.1679     -4.5  6.69696
  endloop
 endfacet
 facet normal -0.695414 -0.54817 0.464659
  outer loop
   vertex  -87.482 -3.73463   12.482
   vertex -87.7886 -3.08579  12.7886
   vertex -91.7091 -3.08579  6.92113
  endloop
 endfacet
 facet normal -0.46466 -0.548162  0.69542
  outer loop
   vertex -87.7886 -3.08579  12.7886
   vertex -81.7552 -3.73463  16.3085
   vertex -81.9211 -3.08579  16.7091
  endloop
 endfacet
 facet normal -0.312803 -0.826434 0.468147
  outer loop
   vertex -88.2474 -2.65224  13.2474
   vertex -87.7886 -3.08579  12.7886
   vertex -81.9211 -3.08579  16.7091
  endloop
 endfacet
 facet normal -0.464658 -0.548171 0.695414
  outer loop
   vertex  -87.482 -3.73463   12.482
   vertex -81.7552 -3.73463  16.3085
   vertex -87.7886 -3.08579  12.7886
  endloop
 endfacet
 facet normal -0.695416 -0.548168  0.46466
  outer loop
   vertex -91.7091 -3.08579  6.92113
   vertex -91.3085 -3.73463  6.75522
   vertex  -87.482 -3.73463   12.482
  endloop
 endfacet
 facet normal -0.468166 -0.826417 0.312818
  outer loop
   vertex -87.7886 -3.08579  12.7886
   vertex -92.3085 -2.65224  7.16943
   vertex -91.7091 -3.08579  6.92113
  endloop
 endfacet
 facet normal -0.816099 -0.191398 0.545298
  outer loop
   vertex -87.3744     -4.5  12.3744
   vertex  -87.482 -3.73463   12.482
   vertex -91.3085 -3.73463  6.75522
  endloop
 endfacet
 facet normal -0.962647 -0.191429 0.191481
  outer loop
   vertex    -92.5     -4.5 -3.2147e-15
   vertex -91.1679     -4.5  6.69696
   vertex -92.6522 -3.73463 -3.24266e-15
  endloop
 endfacet
 facet normal -0.545298 -0.191397 0.816099
  outer loop
   vertex -87.3744     -4.5  12.3744
   vertex  -81.697     -4.5  16.1679
   vertex  -87.482 -3.73463   12.482
  endloop
 endfacet
 facet normal -0.816096 -0.191428 0.545292
  outer loop
   vertex -91.3085 -3.73463  6.75522
   vertex -91.1679     -4.5  6.69696
   vertex -87.3744     -4.5  12.3744
  endloop
 endfacet
 facet normal -0.191481 -0.191403 0.962652
  outer loop
   vertex  -81.697     -4.5  16.1679
   vertex      -75     -4.5     17.5
   vertex -81.7552 -3.73463  16.3085
  endloop
 endfacet
 facet normal -0.545298 -0.191388 0.816101
  outer loop
   vertex -81.7552 -3.73463  16.3085
   vertex  -87.482 -3.73463   12.482
   vertex  -81.697     -4.5  16.1679
  endloop
 endfacet
 facet normal -0.163167 -0.548175 0.820293
  outer loop
   vertex -81.9211 -3.08579  16.7091
   vertex -81.7552 -3.73463  16.3085
   vertex      -75 -3.73463  17.6522
  endloop
 endfacet
 facet normal -0.820292 -0.548177 0.163166
  outer loop
   vertex -91.3085 -3.73463  6.75522
   vertex -93.0858 -3.08579 -3.32231e-15
   vertex -92.6522 -3.73463 -3.24266e-15
  endloop
 endfacet
 facet normal -0.552242 -0.826415 0.109848
  outer loop
   vertex -91.7091 -3.08579  6.92113
   vertex -93.7346 -2.65224 -3.4415e-15
   vertex -93.0858 -3.08579 -3.32231e-15
  endloop
 endfacet
 facet normal -0.109849 -0.826413 0.552245
  outer loop
   vertex      -75 -3.08579  18.0858
   vertex -82.1694 -2.65224  17.3085
   vertex -81.9211 -3.08579  16.7091
  endloop
 endfacet
 facet normal 0.163167 -0.548175 -0.820293
  outer loop
   vertex -68.0789 -3.08579 -16.7091
   vertex -68.2448 -3.73463 -16.3085
   vertex      -75 -3.73463 -17.6522
  endloop
 endfacet
 facet normal -0.0387709 -0.980053  0.19492
  outer loop
   vertex -82.4623     -2.5  18.0157
   vertex -82.1694 -2.65224  17.3085
   vertex      -75     -2.5     19.5
  endloop
 endfacet
 facet normal 0.545281 -0.191546 0.816075
  outer loop
   vertex -62.6256    -25.5  12.3744
   vertex  -68.303    -25.5  16.1679
   vertex -68.3613 -26.2654  16.0272
  endloop
 endfacet
 facet normal  0.19148 -0.191424 0.962649
  outer loop
   vertex      -75    -25.5     17.5
   vertex      -75 -26.2654  17.3478
   vertex  -68.303    -25.5  16.1679
  endloop
 endfacet
 facet normal 0.0387681 -0.980058 0.194895
  outer loop
   vertex      -75    -27.5     15.5
   vertex -69.0684    -27.5  14.3201
   vertex -68.7755 -27.3478  15.0272
  endloop
 endfacet
 facet normal 0.109851 -0.826424 0.552228
  outer loop
   vertex      -75 -27.3478  16.2654
   vertex -68.7755 -27.3478  15.0272
   vertex -68.5272 -26.9142  15.6267
  endloop
 endfacet
 facet normal 0.0387674 -0.980059 0.194886
  outer loop
   vertex      -75 -27.3478  16.2654
   vertex      -75    -27.5     15.5
   vertex -68.7755 -27.3478  15.0272
  endloop
 endfacet
 facet normal 0.165224 -0.980058 0.110395
  outer loop
   vertex -59.9728 -27.3478  6.22449
   vertex -63.4986 -27.3478  11.5014
   vertex -64.0398    -27.5  10.9602
  endloop
 endfacet
 facet normal 0.110396 -0.980058 0.165224
  outer loop
   vertex -64.0398    -27.5  10.9602
   vertex -63.4986 -27.3478  11.5014
   vertex -68.7755 -27.3478  15.0272
  endloop
 endfacet
 facet normal 0.165225 -0.980058 0.110396
  outer loop
   vertex -59.9728 -27.3478  6.22449
   vertex -64.0398    -27.5  10.9602
   vertex -60.6799    -27.5  5.93159
  endloop
 endfacet
 facet normal 0.110396 -0.980058 0.165225
  outer loop
   vertex -69.0684    -27.5  14.3201
   vertex -64.0398    -27.5  10.9602
   vertex -68.7755 -27.3478  15.0272
  endloop
 endfacet
 facet normal 0.312823 -0.826403 0.468187
  outer loop
   vertex -68.7755 -27.3478  15.0272
   vertex -63.4986 -27.3478  11.5014
   vertex -63.0398 -26.9142  11.9602
  endloop
 endfacet
 facet normal -0.0387674 -0.980059 0.194886
  outer loop
   vertex -81.2245 -27.3478  15.0272
   vertex      -75    -27.5     15.5
   vertex      -75 -27.3478  16.2654
  endloop
 endfacet
 facet normal 0.962628 -0.191532 0.191477
  outer loop
   vertex    -57.5    -25.5 1.07157e-15
   vertex -58.8321    -25.5  6.69696
   vertex -58.9728 -26.2654   6.6387
  endloop
 endfacet
 facet normal 0.816081 -0.191523 -0.545281
  outer loop
   vertex -62.6256    -25.5 -12.3744
   vertex -58.8321    -25.5 -6.69696
   vertex -58.9728 -26.2654  -6.6387
  endloop
 endfacet
 facet normal 0.545281 -0.191546 -0.816075
  outer loop
   vertex  -68.303    -25.5 -16.1679
   vertex -62.6256    -25.5 -12.3744
   vertex -68.3613 -26.2654 -16.0272
  endloop
 endfacet
 facet normal 0.962649 -0.191421 -0.191482
  outer loop
   vertex    -57.5    -25.5 1.07157e-15
   vertex -57.6522 -26.2654 1.06224e-15
   vertex -58.8321    -25.5 -6.69696
  endloop
 endfacet
 facet normal 0.194886 -0.980059 0.0387664
  outer loop
   vertex    -59.5    -27.5 9.49101e-16
   vertex -58.7346 -27.3478 9.95966e-16
   vertex -60.6799    -27.5  5.93159
  endloop
 endfacet
 facet normal 0.194895 -0.980058 0.0387692
  outer loop
   vertex -58.7346 -27.3478 9.95966e-16
   vertex -59.9728 -27.3478  6.22449
   vertex -60.6799    -27.5  5.93159
  endloop
 endfacet
 facet normal 0.165225 -0.980058 -0.110396
  outer loop
   vertex -59.9728 -27.3478 -6.22449
   vertex -60.6799    -27.5 -5.93159
   vertex -64.0398    -27.5 -10.9602
  endloop
 endfacet
 facet normal 0.194895 -0.980058 -0.0387682
  outer loop
   vertex    -59.5    -27.5 9.49101e-16
   vertex -60.6799    -27.5 -5.93159
   vertex -59.9728 -27.3478 -6.22449
  endloop
 endfacet
 facet normal 0.110396 -0.980058 -0.165224
  outer loop
   vertex -63.4986 -27.3478 -11.5014
   vertex -64.0398    -27.5 -10.9602
   vertex -69.0684    -27.5 -14.3201
  endloop
 endfacet
 facet normal 0.0387691 -0.980058 -0.194895
  outer loop
   vertex -69.0684    -27.5 -14.3201
   vertex      -75 -27.3478 -16.2654
   vertex -68.7755 -27.3478 -15.0272
  endloop
 endfacet
 facet normal 0.816075 -0.191558 0.545277
  outer loop
   vertex -62.6256    -25.5  12.3744
   vertex -62.7333 -26.2654  12.2667
   vertex -58.8321    -25.5  6.69696
  endloop
 endfacet
 facet normal 0.468165 -0.826422 0.312807
  outer loop
   vertex -63.4986 -27.3478  11.5014
   vertex -59.9728 -27.3478  6.22449
   vertex -59.3733 -26.9142  6.47279
  endloop
 endfacet
 facet normal 0.163172 -0.548111 0.820335
  outer loop
   vertex      -75 -26.9142  16.9142
   vertex -68.5272 -26.9142  15.6267
   vertex -68.3613 -26.2654  16.0272
  endloop
 endfacet
 facet normal 0.109854 -0.826387 0.552283
  outer loop
   vertex      -75 -26.9142  16.9142
   vertex      -75 -27.3478  16.2654
   vertex -68.5272 -26.9142  15.6267
  endloop
 endfacet
 facet normal 0.468185 -0.826404 0.312825
  outer loop
   vertex -63.4986 -27.3478  11.5014
   vertex -59.3733 -26.9142  6.47279
   vertex -63.0398 -26.9142  11.9602
  endloop
 endfacet
 facet normal 0.312812 -0.826421 0.468164
  outer loop
   vertex -63.0398 -26.9142  11.9602
   vertex -68.5272 -26.9142  15.6267
   vertex -68.7755 -27.3478  15.0272
  endloop
 endfacet
 facet normal 0.552229 -0.826424 0.109844
  outer loop
   vertex -59.9728 -27.3478  6.22449
   vertex -58.0858 -26.9142 1.0357e-15
   vertex -59.3733 -26.9142  6.47279
  endloop
 endfacet
 facet normal 0.695446 -0.548118 0.464674
  outer loop
   vertex -63.0398 -26.9142  11.9602
   vertex -59.3733 -26.9142  6.47279
   vertex -58.9728 -26.2654   6.6387
  endloop
 endfacet
 facet normal 0.552282 -0.826386 0.109862
  outer loop
   vertex -59.9728 -27.3478  6.22449
   vertex -58.7346 -27.3478 9.95966e-16
   vertex -58.0858 -26.9142 1.0357e-15
  endloop
 endfacet
 facet normal 0.464691 -0.548072 0.695471
  outer loop
   vertex -68.5272 -26.9142  15.6267
   vertex -63.0398 -26.9142  11.9602
   vertex -62.7333 -26.2654  12.2667
  endloop
 endfacet
 facet normal 0.191489 -0.191539 0.962624
  outer loop
   vertex      -75 -26.2654  17.3478
   vertex -68.3613 -26.2654  16.0272
   vertex  -68.303    -25.5  16.1679
  endloop
 endfacet
 facet normal 0.163173 -0.548199 0.820276
  outer loop
   vertex      -75 -26.2654  17.3478
   vertex      -75 -26.9142  16.9142
   vertex -68.3613 -26.2654  16.0272
  endloop
 endfacet
 facet normal 0.695468 -0.548072 0.464695
  outer loop
   vertex -63.0398 -26.9142  11.9602
   vertex -58.9728 -26.2654   6.6387
   vertex -62.7333 -26.2654  12.2667
  endloop
 endfacet
 facet normal  0.46468 -0.548115 0.695444
  outer loop
   vertex -62.7333 -26.2654  12.2667
   vertex -68.3613 -26.2654  16.0272
   vertex -68.5272 -26.9142  15.6267
  endloop
 endfacet
 facet normal 0.820332 -0.548112 0.163184
  outer loop
   vertex -59.3733 -26.9142  6.47279
   vertex -57.6522 -26.2654 1.06224e-15
   vertex -58.9728 -26.2654   6.6387
  endloop
 endfacet
 facet normal 0.816078 -0.191523 0.545284
  outer loop
   vertex -62.7333 -26.2654  12.2667
   vertex -58.9728 -26.2654   6.6387
   vertex -58.8321    -25.5  6.69696
  endloop
 endfacet
 facet normal 0.820277 -0.548201 0.163161
  outer loop
   vertex -59.3733 -26.9142  6.47279
   vertex -58.0858 -26.9142 1.0357e-15
   vertex -57.6522 -26.2654 1.06224e-15
  endloop
 endfacet
 facet normal 0.545281 -0.191558 0.816072
  outer loop
   vertex -68.3613 -26.2654  16.0272
   vertex -62.7333 -26.2654  12.2667
   vertex -62.6256    -25.5  12.3744
  endloop
 endfacet
 facet normal 0.552227 -0.826425 -0.109851
  outer loop
   vertex -59.9728 -27.3478 -6.22449
   vertex -59.3733 -26.9142 -6.47279
   vertex -58.7346 -27.3478 9.95966e-16
  endloop
 endfacet
 facet normal -0.163161  -0.5482 0.820278
  outer loop
   vertex -81.4728 -26.9142  15.6267
   vertex      -75 -26.9142  16.9142
   vertex      -75 -26.2654  17.3478
  endloop
 endfacet
 facet normal 0.820335 -0.548111 -0.163172
  outer loop
   vertex -58.9728 -26.2654  -6.6387
   vertex -58.0858 -26.9142 1.0357e-15
   vertex -59.3733 -26.9142 -6.47279
  endloop
 endfacet
 facet normal 0.468188 -0.826403 -0.312822
  outer loop
   vertex -59.9728 -27.3478 -6.22449
   vertex -63.4986 -27.3478 -11.5014
   vertex -63.0398 -26.9142 -11.9602
  endloop
 endfacet
 facet normal 0.312809 -0.826421 -0.468166
  outer loop
   vertex -68.7755 -27.3478 -15.0272
   vertex -68.5272 -26.9142 -15.6267
   vertex -63.4986 -27.3478 -11.5014
  endloop
 endfacet
 facet normal 0.110396 -0.980058 -0.165225
  outer loop
   vertex -68.7755 -27.3478 -15.0272
   vertex -63.4986 -27.3478 -11.5014
   vertex -69.0684    -27.5 -14.3201
  endloop
 endfacet
 facet normal 0.312826 -0.826404 -0.468185
  outer loop
   vertex -63.4986 -27.3478 -11.5014
   vertex -68.5272 -26.9142 -15.6267
   vertex -63.0398 -26.9142 -11.9602
  endloop
 endfacet
 facet normal 0.468163 -0.826421 -0.312811
  outer loop
   vertex -63.0398 -26.9142 -11.9602
   vertex -59.3733 -26.9142 -6.47279
   vertex -59.9728 -27.3478 -6.22449
  endloop
 endfacet
 facet normal 0.165224 -0.980058 -0.110395
  outer loop
   vertex -59.9728 -27.3478 -6.22449
   vertex -64.0398    -27.5 -10.9602
   vertex -63.4986 -27.3478 -11.5014
  endloop
 endfacet
 facet normal 0.695471 -0.548072 -0.46469
  outer loop
   vertex -59.3733 -26.9142 -6.47279
   vertex -63.0398 -26.9142 -11.9602
   vertex -62.7333 -26.2654 -12.2667
  endloop
 endfacet
 facet normal 0.962625 -0.191532 -0.19149
  outer loop
   vertex -57.6522 -26.2654 1.06224e-15
   vertex -58.9728 -26.2654  -6.6387
   vertex -58.8321    -25.5 -6.69696
  endloop
 endfacet
 facet normal 0.820275  -0.5482 -0.163173
  outer loop
   vertex -58.0858 -26.9142 1.0357e-15
   vertex -58.9728 -26.2654  -6.6387
   vertex -57.6522 -26.2654 1.06224e-15
  endloop
 endfacet
 facet normal 0.464695 -0.548072 -0.695467
  outer loop
   vertex -63.0398 -26.9142 -11.9602
   vertex -68.3613 -26.2654 -16.0272
   vertex -62.7333 -26.2654 -12.2667
  endloop
 endfacet
 facet normal 0.695443 -0.548117 -0.464679
  outer loop
   vertex -62.7333 -26.2654 -12.2667
   vertex -58.9728 -26.2654  -6.6387
   vertex -59.3733 -26.9142 -6.47279
  endloop
 endfacet
 facet normal 0.163161  -0.5482 -0.820278
  outer loop
   vertex      -75 -26.2654 -17.3478
   vertex -68.5272 -26.9142 -15.6267
   vertex      -75 -26.9142 -16.9142
  endloop
 endfacet
 facet normal 0.545281 -0.191558 -0.816072
  outer loop
   vertex -62.7333 -26.2654 -12.2667
   vertex -68.3613 -26.2654 -16.0272
   vertex -62.6256    -25.5 -12.3744
  endloop
 endfacet
 facet normal 0.464675 -0.548115 -0.695447
  outer loop
   vertex -68.3613 -26.2654 -16.0272
   vertex -63.0398 -26.9142 -11.9602
   vertex -68.5272 -26.9142 -15.6267
  endloop
 endfacet
 facet normal 0.816073 -0.191558 -0.545281
  outer loop
   vertex -58.9728 -26.2654  -6.6387
   vertex -62.7333 -26.2654 -12.2667
   vertex -62.6256    -25.5 -12.3744
  endloop
 endfacet
 facet normal 0.109862 -0.826386 -0.552282
  outer loop
   vertex -68.7755 -27.3478 -15.0272
   vertex      -75 -27.3478 -16.2654
   vertex      -75 -26.9142 -16.9142
  endloop
 endfacet
 facet normal 0.552283 -0.826387 -0.109854
  outer loop
   vertex -58.0858 -26.9142 1.0357e-15
   vertex -58.7346 -27.3478 9.95966e-16
   vertex -59.3733 -26.9142 -6.47279
  endloop
 endfacet
 facet normal 0.194886 -0.980059 -0.0387675
  outer loop
   vertex -58.7346 -27.3478 9.95966e-16
   vertex    -59.5    -27.5 9.49101e-16
   vertex -59.9728 -27.3478 -6.22449
  endloop
 endfacet
 facet normal 0.962646 -0.191421 0.191494
  outer loop
   vertex -58.9728 -26.2654   6.6387
   vertex -57.6522 -26.2654 1.06224e-15
   vertex    -57.5    -25.5 1.07157e-15
  endloop
 endfacet
 facet normal -0.109862 -0.826386 0.552282
  outer loop
   vertex -81.2245 -27.3478  15.0272
   vertex      -75 -27.3478  16.2654
   vertex      -75 -26.9142  16.9142
  endloop
 endfacet
 facet normal -0.545281 -0.191546 -0.816075
  outer loop
   vertex -87.3744    -25.5 -12.3744
   vertex  -81.697    -25.5 -16.1679
   vertex -81.6387 -26.2654 -16.0272
  endloop
 endfacet
 facet normal -0.19148 -0.191424 -0.962649
  outer loop
   vertex      -75    -25.5    -17.5
   vertex      -75 -26.2654 -17.3478
   vertex  -81.697    -25.5 -16.1679
  endloop
 endfacet
 facet normal -0.0387691 -0.980058 -0.194895
  outer loop
   vertex      -75 -27.3478 -16.2654
   vertex -80.9316    -27.5 -14.3201
   vertex -81.2245 -27.3478 -15.0272
  endloop
 endfacet
 facet normal -0.0387663 -0.980059 -0.194886
  outer loop
   vertex -80.9316    -27.5 -14.3201
   vertex      -75 -27.3478 -16.2654
   vertex      -75    -27.5    -15.5
  endloop
 endfacet
 facet normal -0.110395 -0.980058 -0.165224
  outer loop
   vertex -81.2245 -27.3478 -15.0272
   vertex -85.9602    -27.5 -10.9602
   vertex -86.5014 -27.3478 -11.5014
  endloop
 endfacet
 facet normal -0.110396 -0.980058 -0.165225
  outer loop
   vertex -85.9602    -27.5 -10.9602
   vertex -81.2245 -27.3478 -15.0272
   vertex -80.9316    -27.5 -14.3201
  endloop
 endfacet
 facet normal -0.165223 -0.980058 -0.110395
  outer loop
   vertex -90.0272 -27.3478 -6.22449
   vertex -86.5014 -27.3478 -11.5014
   vertex -85.9602    -27.5 -10.9602
  endloop
 endfacet
 facet normal -0.312824 -0.826402 -0.46819
  outer loop
   vertex -81.2245 -27.3478 -15.0272
   vertex -86.5014 -27.3478 -11.5014
   vertex -86.9602 -26.9142 -11.9602
  endloop
 endfacet
 facet normal -0.109851 -0.826424 -0.552228
  outer loop
   vertex      -75 -27.3478 -16.2654
   vertex -81.2245 -27.3478 -15.0272
   vertex -81.4728 -26.9142 -15.6267
  endloop
 endfacet
 facet normal -0.165225 -0.980058 -0.110396
  outer loop
   vertex -85.9602    -27.5 -10.9602
   vertex -89.3201    -27.5 -5.93159
   vertex -90.0272 -27.3478 -6.22449
  endloop
 endfacet
 facet normal 0.0387663 -0.980059 -0.194886
  outer loop
   vertex      -75    -27.5    -15.5
   vertex      -75 -27.3478 -16.2654
   vertex -69.0684    -27.5 -14.3201
  endloop
 endfacet
 facet normal -0.962628 -0.191532 -0.191477
  outer loop
   vertex    -92.5    -25.5 -3.2147e-15
   vertex -91.1679    -25.5 -6.69696
   vertex -91.0272 -26.2654  -6.6387
  endloop
 endfacet
 facet normal -0.81608 -0.191523 0.545281
  outer loop
   vertex -87.3744    -25.5  12.3744
   vertex -91.1679    -25.5  6.69696
   vertex -91.0272 -26.2654   6.6387
  endloop
 endfacet
 facet normal -0.54528 -0.191555 0.816073
  outer loop
   vertex  -81.697    -25.5  16.1679
   vertex -87.3744    -25.5  12.3744
   vertex -87.2667 -26.2654  12.2667
  endloop
 endfacet
 facet normal -0.962649 -0.191421 0.191482
  outer loop
   vertex    -92.5    -25.5 -3.2147e-15
   vertex -92.3478 -26.2654 -3.18673e-15
   vertex -91.1679    -25.5  6.69696
  endloop
 endfacet
 facet normal -0.194885 -0.98006 -0.0387675
  outer loop
   vertex -91.2654 -27.3478 -2.9879e-15
   vertex -90.0272 -27.3478 -6.22449
   vertex    -90.5    -27.5 -2.8473e-15
  endloop
 endfacet
 facet normal -0.194895 -0.980058 -0.0387682
  outer loop
   vertex -90.0272 -27.3478 -6.22449
   vertex -89.3201    -27.5 -5.93159
   vertex    -90.5    -27.5 -2.8473e-15
  endloop
 endfacet
 facet normal -0.165223 -0.980058 0.110395
  outer loop
   vertex -86.5014 -27.3478  11.5014
   vertex -89.3201    -27.5  5.93159
   vertex -85.9602    -27.5  10.9602
  endloop
 endfacet
 facet normal -0.194885 -0.98006 0.0387662
  outer loop
   vertex    -90.5    -27.5 -2.8473e-15
   vertex -89.3201    -27.5  5.93159
   vertex -91.2654 -27.3478 -2.9879e-15
  endloop
 endfacet
 facet normal -0.110395 -0.980058 0.165223
  outer loop
   vertex -86.5014 -27.3478  11.5014
   vertex -85.9602    -27.5  10.9602
   vertex -80.9316    -27.5  14.3201
  endloop
 endfacet
 facet normal -0.816075 -0.191554 -0.545278
  outer loop
   vertex -87.3744    -25.5 -12.3744
   vertex -87.2667 -26.2654 -12.2667
   vertex -91.1679    -25.5 -6.69696
  endloop
 endfacet
 facet normal -0.468165 -0.826422 -0.312807
  outer loop
   vertex -86.5014 -27.3478 -11.5014
   vertex -90.0272 -27.3478 -6.22449
   vertex -90.6267 -26.9142 -6.47279
  endloop
 endfacet
 facet normal -0.163172 -0.548111 -0.820335
  outer loop
   vertex      -75 -26.9142 -16.9142
   vertex -81.4728 -26.9142 -15.6267
   vertex -81.6387 -26.2654 -16.0272
  endloop
 endfacet
 facet normal -0.109854 -0.826387 -0.552283
  outer loop
   vertex      -75 -26.9142 -16.9142
   vertex      -75 -27.3478 -16.2654
   vertex -81.4728 -26.9142 -15.6267
  endloop
 endfacet
 facet normal -0.468188 -0.826401 -0.312828
  outer loop
   vertex -86.5014 -27.3478 -11.5014
   vertex -90.6267 -26.9142 -6.47279
   vertex -86.9602 -26.9142 -11.9602
  endloop
 endfacet
 facet normal -0.312812 -0.826421 -0.468164
  outer loop
   vertex -86.9602 -26.9142 -11.9602
   vertex -81.4728 -26.9142 -15.6267
   vertex -81.2245 -27.3478 -15.0272
  endloop
 endfacet
 facet normal -0.552229 -0.826424 -0.109844
  outer loop
   vertex -90.0272 -27.3478 -6.22449
   vertex -91.9142 -26.9142 -3.10709e-15
   vertex -90.6267 -26.9142 -6.47279
  endloop
 endfacet
 facet normal -0.695446 -0.548117 -0.464674
  outer loop
   vertex -86.9602 -26.9142 -11.9602
   vertex -90.6267 -26.9142 -6.47279
   vertex -91.0272 -26.2654  -6.6387
  endloop
 endfacet
 facet normal -0.552285 -0.826385 -0.109863
  outer loop
   vertex -90.0272 -27.3478 -6.22449
   vertex -91.2654 -27.3478 -2.9879e-15
   vertex -91.9142 -26.9142 -3.10709e-15
  endloop
 endfacet
 facet normal -0.46469 -0.548074 -0.69547
  outer loop
   vertex -81.4728 -26.9142 -15.6267
   vertex -86.9602 -26.9142 -11.9602
   vertex -87.2667 -26.2654 -12.2667
  endloop
 endfacet
 facet normal -0.191489 -0.191539 -0.962624
  outer loop
   vertex      -75 -26.2654 -17.3478
   vertex -81.6387 -26.2654 -16.0272
   vertex  -81.697    -25.5 -16.1679
  endloop
 endfacet
 facet normal -0.163173 -0.548199 -0.820276
  outer loop
   vertex      -75 -26.2654 -17.3478
   vertex      -75 -26.9142 -16.9142
   vertex -81.6387 -26.2654 -16.0272
  endloop
 endfacet
 facet normal -0.695466 -0.548075 -0.464694
  outer loop
   vertex -86.9602 -26.9142 -11.9602
   vertex -91.0272 -26.2654  -6.6387
   vertex -87.2667 -26.2654 -12.2667
  endloop
 endfacet
 facet normal -0.46468 -0.548115 -0.695444
  outer loop
   vertex -87.2667 -26.2654 -12.2667
   vertex -81.6387 -26.2654 -16.0272
   vertex -81.4728 -26.9142 -15.6267
  endloop
 endfacet
 facet normal -0.820332 -0.548112 -0.163184
  outer loop
   vertex -90.6267 -26.9142 -6.47279
   vertex -92.3478 -26.2654 -3.18673e-15
   vertex -91.0272 -26.2654  -6.6387
  endloop
 endfacet
 facet normal -0.816078 -0.191523 -0.545284
  outer loop
   vertex -87.2667 -26.2654 -12.2667
   vertex -91.0272 -26.2654  -6.6387
   vertex -91.1679    -25.5 -6.69696
  endloop
 endfacet
 facet normal -0.820277 -0.548201 -0.163161
  outer loop
   vertex -90.6267 -26.9142 -6.47279
   vertex -91.9142 -26.9142 -3.10709e-15
   vertex -92.3478 -26.2654 -3.18673e-15
  endloop
 endfacet
 facet normal -0.545281 -0.191555 -0.816073
  outer loop
   vertex -81.6387 -26.2654 -16.0272
   vertex -87.2667 -26.2654 -12.2667
   vertex -87.3744    -25.5 -12.3744
  endloop
 endfacet
 facet normal -0.552227 -0.826425 0.109852
  outer loop
   vertex -90.0272 -27.3478  6.22449
   vertex -90.6267 -26.9142  6.47279
   vertex -91.2654 -27.3478 -2.9879e-15
  endloop
 endfacet
 facet normal 0.163184 -0.548113 -0.820331
  outer loop
   vertex      -75 -26.2654 -17.3478
   vertex -68.3613 -26.2654 -16.0272
   vertex -68.5272 -26.9142 -15.6267
  endloop
 endfacet
 facet normal -0.820335 -0.548111 0.163172
  outer loop
   vertex -91.0272 -26.2654   6.6387
   vertex -91.9142 -26.9142 -3.10709e-15
   vertex -90.6267 -26.9142  6.47279
  endloop
 endfacet
 facet normal -0.468191 -0.826401 0.312824
  outer loop
   vertex -90.0272 -27.3478  6.22449
   vertex -86.5014 -27.3478  11.5014
   vertex -86.9602 -26.9142  11.9602
  endloop
 endfacet
 facet normal -0.312808 -0.826421 0.468166
  outer loop
   vertex -81.2245 -27.3478  15.0272
   vertex -81.4728 -26.9142  15.6267
   vertex -86.5014 -27.3478  11.5014
  endloop
 endfacet
 facet normal -0.110396 -0.980058 0.165225
  outer loop
   vertex -81.2245 -27.3478  15.0272
   vertex -86.5014 -27.3478  11.5014
   vertex -80.9316    -27.5  14.3201
  endloop
 endfacet
 facet normal -0.312827 -0.826402 0.468187
  outer loop
   vertex -86.5014 -27.3478  11.5014
   vertex -81.4728 -26.9142  15.6267
   vertex -86.9602 -26.9142  11.9602
  endloop
 endfacet
 facet normal -0.468163 -0.826421 0.312811
  outer loop
   vertex -86.9602 -26.9142  11.9602
   vertex -90.6267 -26.9142  6.47279
   vertex -90.0272 -27.3478  6.22449
  endloop
 endfacet
 facet normal -0.165225 -0.980058 0.110396
  outer loop
   vertex -90.0272 -27.3478  6.22449
   vertex -89.3201    -27.5  5.93159
   vertex -86.5014 -27.3478  11.5014
  endloop
 endfacet
 facet normal -0.69547 -0.548075 0.464689
  outer loop
   vertex -90.6267 -26.9142  6.47279
   vertex -86.9602 -26.9142  11.9602
   vertex -87.2667 -26.2654  12.2667
  endloop
 endfacet
 facet normal -0.962625 -0.191532  0.19149
  outer loop
   vertex -92.3478 -26.2654 -3.18673e-15
   vertex -91.0272 -26.2654   6.6387
   vertex -91.1679    -25.5  6.69696
  endloop
 endfacet
 facet normal -0.820275  -0.5482 0.163173
  outer loop
   vertex -91.9142 -26.9142 -3.10709e-15
   vertex -91.0272 -26.2654   6.6387
   vertex -92.3478 -26.2654 -3.18673e-15
  endloop
 endfacet
 facet normal -0.464695 -0.548074 0.695466
  outer loop
   vertex -86.9602 -26.9142  11.9602
   vertex -81.6387 -26.2654  16.0272
   vertex -87.2667 -26.2654  12.2667
  endloop
 endfacet
 facet normal -0.695443 -0.548117 0.464679
  outer loop
   vertex -87.2667 -26.2654  12.2667
   vertex -91.0272 -26.2654   6.6387
   vertex -90.6267 -26.9142  6.47279
  endloop
 endfacet
 facet normal -0.163184 -0.548113 0.820331
  outer loop
   vertex -81.6387 -26.2654  16.0272
   vertex -81.4728 -26.9142  15.6267
   vertex      -75 -26.2654  17.3478
  endloop
 endfacet
 facet normal -0.545282 -0.191546 0.816074
  outer loop
   vertex -87.2667 -26.2654  12.2667
   vertex -81.6387 -26.2654  16.0272
   vertex  -81.697    -25.5  16.1679
  endloop
 endfacet
 facet normal -0.464675 -0.548115 0.695447
  outer loop
   vertex -81.6387 -26.2654  16.0272
   vertex -86.9602 -26.9142  11.9602
   vertex -81.4728 -26.9142  15.6267
  endloop
 endfacet
 facet normal -0.816073 -0.191554 0.545281
  outer loop
   vertex -91.0272 -26.2654   6.6387
   vertex -87.2667 -26.2654  12.2667
   vertex -87.3744    -25.5  12.3744
  endloop
 endfacet
 facet normal -0.109844 -0.826423 0.552231
  outer loop
   vertex      -75 -26.9142  16.9142
   vertex -81.4728 -26.9142  15.6267
   vertex -81.2245 -27.3478  15.0272
  endloop
 endfacet
 facet normal -0.552285 -0.826386 0.109855
  outer loop
   vertex -91.9142 -26.9142 -3.10709e-15
   vertex -91.2654 -27.3478 -2.9879e-15
   vertex -90.6267 -26.9142  6.47279
  endloop
 endfacet
 facet normal -0.194895 -0.980058 0.0387693
  outer loop
   vertex -91.2654 -27.3478 -2.9879e-15
   vertex -89.3201    -27.5  5.93159
   vertex -90.0272 -27.3478  6.22449
  endloop
 endfacet
 facet normal -0.962646 -0.191421 -0.191494
  outer loop
   vertex -91.0272 -26.2654  -6.6387
   vertex -92.3478 -26.2654 -3.18673e-15
   vertex    -92.5    -25.5 -3.2147e-15
  endloop
 endfacet
 facet normal -0.0387681 -0.980058 0.194895
  outer loop
   vertex      -75    -27.5     15.5
   vertex -81.2245 -27.3478  15.0272
   vertex -80.9316    -27.5  14.3201
  endloop
 endfacet
 facet normal 0.109844 -0.826423 -0.552231
  outer loop
   vertex      -75 -26.9142 -16.9142
   vertex -68.5272 -26.9142 -15.6267
   vertex -68.7755 -27.3478 -15.0272
  endloop
 endfacet
 facet normal  0.19148 -0.191424 -0.962649
  outer loop
   vertex  -68.303    -25.5 -16.1679
   vertex      -75 -26.2654 -17.3478
   vertex      -75    -25.5    -17.5
  endloop
 endfacet
 facet normal 0.191489 -0.191539 -0.962624
  outer loop
   vertex -68.3613 -26.2654 -16.0272
   vertex      -75 -26.2654 -17.3478
   vertex  -68.303    -25.5 -16.1679
  endloop
 endfacet
 facet normal -0.191494 -0.191423 0.962646
  outer loop
   vertex      -75 -26.2654  17.3478
   vertex      -75    -25.5     17.5
   vertex -81.6387 -26.2654  16.0272
  endloop
 endfacet
 facet normal -0.191476 -0.191538 0.962627
  outer loop
   vertex      -75    -25.5     17.5
   vertex  -81.697    -25.5  16.1679
   vertex -81.6387 -26.2654  16.0272
  endloop
 endfacet
 facet normal -0.191494 -0.191423 -0.962646
  outer loop
   vertex       75    -25.5    -17.5
   vertex       75 -26.2654 -17.3478
   vertex  68.3613 -26.2654 -16.0272
  endloop
 endfacet
 facet normal  0.19148 -0.191424 -0.962649
  outer loop
   vertex       75 -26.2654 -17.3478
   vertex       75    -25.5    -17.5
   vertex   81.697    -25.5 -16.1679
  endloop
 endfacet
 facet normal 0.191489 -0.191539 -0.962624
  outer loop
   vertex       75 -26.2654 -17.3478
   vertex   81.697    -25.5 -16.1679
   vertex  81.6387 -26.2654 -16.0272
  endloop
 endfacet
 facet normal 0.545281 -0.191546 -0.816075
  outer loop
   vertex  81.6387 -26.2654 -16.0272
   vertex   81.697    -25.5 -16.1679
   vertex  87.3744    -25.5 -12.3744
  endloop
 endfacet
 facet normal 0.816075 -0.191554 -0.545278
  outer loop
   vertex  87.2667 -26.2654 -12.2667
   vertex  87.3744    -25.5 -12.3744
   vertex  91.1679    -25.5 -6.69696
  endloop
 endfacet
 facet normal 0.163161  -0.5482 -0.820278
  outer loop
   vertex       75 -26.2654 -17.3478
   vertex  81.4728 -26.9142 -15.6267
   vertex       75 -26.9142 -16.9142
  endloop
 endfacet
 facet normal 0.163184 -0.548113 -0.820331
  outer loop
   vertex  81.4728 -26.9142 -15.6267
   vertex       75 -26.2654 -17.3478
   vertex  81.6387 -26.2654 -16.0272
  endloop
 endfacet
 facet normal 0.464675 -0.548115 -0.695447
  outer loop
   vertex  81.6387 -26.2654 -16.0272
   vertex  86.9602 -26.9142 -11.9602
   vertex  81.4728 -26.9142 -15.6267
  endloop
 endfacet
 facet normal 0.464695 -0.548074 -0.695466
  outer loop
   vertex  86.9602 -26.9142 -11.9602
   vertex  81.6387 -26.2654 -16.0272
   vertex  87.2667 -26.2654 -12.2667
  endloop
 endfacet
 facet normal 0.695443 -0.548117 -0.464679
  outer loop
   vertex  90.6267 -26.9142 -6.47279
   vertex  87.2667 -26.2654 -12.2667
   vertex  91.0272 -26.2654  -6.6387
  endloop
 endfacet
 facet normal 0.312827 -0.826402 -0.468187
  outer loop
   vertex  81.4728 -26.9142 -15.6267
   vertex  86.9602 -26.9142 -11.9602
   vertex  86.5014 -27.3478 -11.5014
  endloop
 endfacet
 facet normal 0.545281 -0.191555 -0.816073
  outer loop
   vertex  81.6387 -26.2654 -16.0272
   vertex  87.3744    -25.5 -12.3744
   vertex  87.2667 -26.2654 -12.2667
  endloop
 endfacet
 facet normal 0.109844 -0.826423 -0.552231
  outer loop
   vertex       75 -26.9142 -16.9142
   vertex  81.4728 -26.9142 -15.6267
   vertex  81.2245 -27.3478 -15.0272
  endloop
 endfacet
 facet normal 0.816078 -0.191523 -0.545284
  outer loop
   vertex  87.2667 -26.2654 -12.2667
   vertex  91.1679    -25.5 -6.69696
   vertex  91.0272 -26.2654  -6.6387
  endloop
 endfacet
 facet normal -0.163173 -0.548199 -0.820276
  outer loop
   vertex       75 -26.2654 -17.3478
   vertex       75 -26.9142 -16.9142
   vertex  68.3613 -26.2654 -16.0272
  endloop
 endfacet
 facet normal 0.962646 -0.191421 -0.191494
  outer loop
   vertex  92.3478 -26.2654 -1.06224e-15
   vertex  91.0272 -26.2654  -6.6387
   vertex     92.5    -25.5 -1.07157e-15
  endloop
 endfacet
 facet normal 0.962628 -0.191532 -0.191477
  outer loop
   vertex     92.5    -25.5 -1.07157e-15
   vertex  91.0272 -26.2654  -6.6387
   vertex  91.1679    -25.5 -6.69696
  endloop
 endfacet
 facet normal 0.962628 -0.191532 0.191477
  outer loop
   vertex  91.0272 -26.2654   6.6387
   vertex     92.5    -25.5 -1.07157e-15
   vertex  91.1679    -25.5  6.69696
  endloop
 endfacet
 facet normal 0.816075 -0.191554 0.545278
  outer loop
   vertex  87.2667 -26.2654  12.2667
   vertex  91.1679    -25.5  6.69696
   vertex  87.3744    -25.5  12.3744
  endloop
 endfacet
 facet normal 0.545281 -0.191546 0.816075
  outer loop
   vertex  81.6387 -26.2654  16.0272
   vertex  87.3744    -25.5  12.3744
   vertex   81.697    -25.5  16.1679
  endloop
 endfacet
 facet normal 0.820335 -0.548111 -0.163172
  outer loop
   vertex  90.6267 -26.9142 -6.47279
   vertex  91.0272 -26.2654  -6.6387
   vertex  91.9142 -26.9142 -1.0357e-15
  endloop
 endfacet
 facet normal 0.820275  -0.5482 -0.163173
  outer loop
   vertex  91.9142 -26.9142 -1.0357e-15
   vertex  91.0272 -26.2654  -6.6387
   vertex  92.3478 -26.2654 -1.06224e-15
  endloop
 endfacet
 facet normal 0.820332 -0.548112 0.163184
  outer loop
   vertex  90.6267 -26.9142  6.47279
   vertex  92.3478 -26.2654 -1.06224e-15
   vertex  91.0272 -26.2654   6.6387
  endloop
 endfacet
 facet normal 0.816078 -0.191523 0.545284
  outer loop
   vertex  87.2667 -26.2654  12.2667
   vertex  91.0272 -26.2654   6.6387
   vertex  91.1679    -25.5  6.69696
  endloop
 endfacet
 facet normal 0.545281 -0.191555 0.816073
  outer loop
   vertex  81.6387 -26.2654  16.0272
   vertex  87.2667 -26.2654  12.2667
   vertex  87.3744    -25.5  12.3744
  endloop
 endfacet
 facet normal 0.695466 -0.548075 0.464694
  outer loop
   vertex  86.9602 -26.9142  11.9602
   vertex  91.0272 -26.2654   6.6387
   vertex  87.2667 -26.2654  12.2667
  endloop
 endfacet
 facet normal 0.962646 -0.191421 0.191494
  outer loop
   vertex  92.3478 -26.2654 -1.06224e-15
   vertex     92.5    -25.5 -1.07157e-15
   vertex  91.0272 -26.2654   6.6387
  endloop
 endfacet
 facet normal  0.46468 -0.548115 0.695444
  outer loop
   vertex  81.4728 -26.9142  15.6267
   vertex  87.2667 -26.2654  12.2667
   vertex  81.6387 -26.2654  16.0272
  endloop
 endfacet
 facet normal 0.163173 -0.548199 0.820276
  outer loop
   vertex       75 -26.2654  17.3478
   vertex       75 -26.9142  16.9142
   vertex  81.6387 -26.2654  16.0272
  endloop
 endfacet
 facet normal  0.69547 -0.548075 -0.464689
  outer loop
   vertex  90.6267 -26.9142 -6.47279
   vertex  86.9602 -26.9142 -11.9602
   vertex  87.2667 -26.2654 -12.2667
  endloop
 endfacet
 facet normal 0.468163 -0.826421 -0.312811
  outer loop
   vertex  86.9602 -26.9142 -11.9602
   vertex  90.6267 -26.9142 -6.47279
   vertex  90.0272 -27.3478 -6.22449
  endloop
 endfacet
 facet normal 0.0387691 -0.980058 -0.194895
  outer loop
   vertex       75 -27.3478 -16.2654
   vertex  81.2245 -27.3478 -15.0272
   vertex  80.9316    -27.5 -14.3201
  endloop
 endfacet
 facet normal 0.109862 -0.826386 -0.552282
  outer loop
   vertex       75 -27.3478 -16.2654
   vertex       75 -26.9142 -16.9142
   vertex  81.2245 -27.3478 -15.0272
  endloop
 endfacet
 facet normal 0.468191 -0.826401 -0.312824
  outer loop
   vertex  86.9602 -26.9142 -11.9602
   vertex  90.0272 -27.3478 -6.22449
   vertex  86.5014 -27.3478 -11.5014
  endloop
 endfacet
 facet normal 0.312808 -0.826421 -0.468166
  outer loop
   vertex  86.5014 -27.3478 -11.5014
   vertex  81.2245 -27.3478 -15.0272
   vertex  81.4728 -26.9142 -15.6267
  endloop
 endfacet
 facet normal 0.552227 -0.826425 -0.109852
  outer loop
   vertex  90.6267 -26.9142 -6.47279
   vertex  91.2654 -27.3478 -9.95966e-16
   vertex  90.0272 -27.3478 -6.22449
  endloop
 endfacet
 facet normal 0.165225 -0.980058 -0.110396
  outer loop
   vertex  86.5014 -27.3478 -11.5014
   vertex  90.0272 -27.3478 -6.22449
   vertex  89.3201    -27.5 -5.93159
  endloop
 endfacet
 facet normal 0.552285 -0.826386 -0.109855
  outer loop
   vertex  90.6267 -26.9142 -6.47279
   vertex  91.9142 -26.9142 -1.0357e-15
   vertex  91.2654 -27.3478 -9.95966e-16
  endloop
 endfacet
 facet normal 0.110396 -0.980058 -0.165225
  outer loop
   vertex  81.2245 -27.3478 -15.0272
   vertex  86.5014 -27.3478 -11.5014
   vertex  80.9316    -27.5 -14.3201
  endloop
 endfacet
 facet normal 0.0387663 -0.980059 -0.194886
  outer loop
   vertex       75    -27.5    -15.5
   vertex       75 -27.3478 -16.2654
   vertex  80.9316    -27.5 -14.3201
  endloop
 endfacet
 facet normal 0.165223 -0.980058 -0.110395
  outer loop
   vertex  86.5014 -27.3478 -11.5014
   vertex  89.3201    -27.5 -5.93159
   vertex  85.9602    -27.5 -10.9602
  endloop
 endfacet
 facet normal 0.110395 -0.980058 -0.165223
  outer loop
   vertex  85.9602    -27.5 -10.9602
   vertex  80.9316    -27.5 -14.3201
   vertex  86.5014 -27.3478 -11.5014
  endloop
 endfacet
 facet normal 0.194885 -0.98006 -0.0387662
  outer loop
   vertex  89.3201    -27.5 -5.93159
   vertex  91.2654 -27.3478 -9.95966e-16
   vertex     90.5    -27.5 -9.49101e-16
  endloop
 endfacet
 facet normal 0.194895 -0.980058 -0.0387693
  outer loop
   vertex  89.3201    -27.5 -5.93159
   vertex  90.0272 -27.3478 -6.22449
   vertex  91.2654 -27.3478 -9.95966e-16
  endloop
 endfacet
 facet normal 0.552229 -0.826424 0.109844
  outer loop
   vertex  90.6267 -26.9142  6.47279
   vertex  90.0272 -27.3478  6.22449
   vertex  91.9142 -26.9142 -1.0357e-15
  endloop
 endfacet
 facet normal -0.0387674 -0.980059 -0.194886
  outer loop
   vertex  68.7755 -27.3478 -15.0272
   vertex       75 -27.3478 -16.2654
   vertex       75    -27.5    -15.5
  endloop
 endfacet
 facet normal 0.194895 -0.980058 0.0387693
  outer loop
   vertex  89.3201    -27.5  5.93159
   vertex  91.2654 -27.3478 -9.95966e-16
   vertex  90.0272 -27.3478  6.22449
  endloop
 endfacet
 facet normal 0.468188 -0.826401 0.312828
  outer loop
   vertex  90.6267 -26.9142  6.47279
   vertex  86.9602 -26.9142  11.9602
   vertex  86.5014 -27.3478  11.5014
  endloop
 endfacet
 facet normal 0.312812 -0.826421 0.468164
  outer loop
   vertex  81.4728 -26.9142  15.6267
   vertex  81.2245 -27.3478  15.0272
   vertex  86.9602 -26.9142  11.9602
  endloop
 endfacet
 facet normal  0.46469 -0.548074  0.69547
  outer loop
   vertex  81.4728 -26.9142  15.6267
   vertex  86.9602 -26.9142  11.9602
   vertex  87.2667 -26.2654  12.2667
  endloop
 endfacet
 facet normal 0.312824 -0.826402  0.46819
  outer loop
   vertex  86.9602 -26.9142  11.9602
   vertex  81.2245 -27.3478  15.0272
   vertex  86.5014 -27.3478  11.5014
  endloop
 endfacet
 facet normal 0.468165 -0.826422 0.312807
  outer loop
   vertex  86.5014 -27.3478  11.5014
   vertex  90.0272 -27.3478  6.22449
   vertex  90.6267 -26.9142  6.47279
  endloop
 endfacet
 facet normal 0.695446 -0.548117 0.464674
  outer loop
   vertex  90.6267 -26.9142  6.47279
   vertex  91.0272 -26.2654   6.6387
   vertex  86.9602 -26.9142  11.9602
  endloop
 endfacet
 facet normal 0.165225 -0.980058 0.110396
  outer loop
   vertex  90.0272 -27.3478  6.22449
   vertex  86.5014 -27.3478  11.5014
   vertex  89.3201    -27.5  5.93159
  endloop
 endfacet
 facet normal 0.194885 -0.98006 0.0387662
  outer loop
   vertex  91.2654 -27.3478 -9.95966e-16
   vertex  89.3201    -27.5  5.93159
   vertex     90.5    -27.5 -9.49101e-16
  endloop
 endfacet
 facet normal 0.110395 -0.980058 0.165223
  outer loop
   vertex  86.5014 -27.3478  11.5014
   vertex  80.9316    -27.5  14.3201
   vertex  85.9602    -27.5  10.9602
  endloop
 endfacet
 facet normal 0.165223 -0.980058 0.110395
  outer loop
   vertex  85.9602    -27.5  10.9602
   vertex  89.3201    -27.5  5.93159
   vertex  86.5014 -27.3478  11.5014
  endloop
 endfacet
 facet normal 0.0387691 -0.980058 0.194895
  outer loop
   vertex  80.9316    -27.5  14.3201
   vertex  81.2245 -27.3478  15.0272
   vertex       75 -27.3478  16.2654
  endloop
 endfacet
 facet normal 0.110396 -0.980058 0.165225
  outer loop
   vertex  80.9316    -27.5  14.3201
   vertex  86.5014 -27.3478  11.5014
   vertex  81.2245 -27.3478  15.0272
  endloop
 endfacet
 facet normal 0.109854 -0.826387 0.552283
  outer loop
   vertex  81.4728 -26.9142  15.6267
   vertex       75 -26.9142  16.9142
   vertex       75 -27.3478  16.2654
  endloop
 endfacet
 facet normal 0.552285 -0.826385 0.109863
  outer loop
   vertex  91.2654 -27.3478 -9.95966e-16
   vertex  91.9142 -26.9142 -1.0357e-15
   vertex  90.0272 -27.3478  6.22449
  endloop
 endfacet
 facet normal 0.820277 -0.548201 0.163161
  outer loop
   vertex  91.9142 -26.9142 -1.0357e-15
   vertex  92.3478 -26.2654 -1.06224e-15
   vertex  90.6267 -26.9142  6.47279
  endloop
 endfacet
 facet normal 0.191489 -0.191539 0.962624
  outer loop
   vertex       75 -26.2654  17.3478
   vertex  81.6387 -26.2654  16.0272
   vertex   81.697    -25.5  16.1679
  endloop
 endfacet
 facet normal -0.109854 -0.826387 -0.552283
  outer loop
   vertex       75 -27.3478 -16.2654
   vertex  68.5272 -26.9142 -15.6267
   vertex       75 -26.9142 -16.9142
  endloop
 endfacet
 facet normal  0.19148 -0.191424 0.962649
  outer loop
   vertex       75    -25.5     17.5
   vertex       75 -26.2654  17.3478
   vertex   81.697    -25.5  16.1679
  endloop
 endfacet
 facet normal -0.19148 -0.191424 0.962649
  outer loop
   vertex       75 -26.2654  17.3478
   vertex       75    -25.5     17.5
   vertex   68.303    -25.5  16.1679
  endloop
 endfacet
 facet normal -0.191489 -0.191539 0.962624
  outer loop
   vertex       75 -26.2654  17.3478
   vertex   68.303    -25.5  16.1679
   vertex  68.3613 -26.2654  16.0272
  endloop
 endfacet
 facet normal -0.545281 -0.191546 0.816075
  outer loop
   vertex  68.3613 -26.2654  16.0272
   vertex   68.303    -25.5  16.1679
   vertex  62.6256    -25.5  12.3744
  endloop
 endfacet
 facet normal -0.816075 -0.191558 0.545277
  outer loop
   vertex  62.7333 -26.2654  12.2667
   vertex  62.6256    -25.5  12.3744
   vertex  58.8321    -25.5  6.69696
  endloop
 endfacet
 facet normal -0.163161  -0.5482 0.820278
  outer loop
   vertex       75 -26.2654  17.3478
   vertex  68.5272 -26.9142  15.6267
   vertex       75 -26.9142  16.9142
  endloop
 endfacet
 facet normal -0.163184 -0.548113 0.820331
  outer loop
   vertex  68.5272 -26.9142  15.6267
   vertex       75 -26.2654  17.3478
   vertex  68.3613 -26.2654  16.0272
  endloop
 endfacet
 facet normal -0.464675 -0.548115 0.695447
  outer loop
   vertex  68.3613 -26.2654  16.0272
   vertex  63.0398 -26.9142  11.9602
   vertex  68.5272 -26.9142  15.6267
  endloop
 endfacet
 facet normal -0.464695 -0.548072 0.695467
  outer loop
   vertex  63.0398 -26.9142  11.9602
   vertex  68.3613 -26.2654  16.0272
   vertex  62.7333 -26.2654  12.2667
  endloop
 endfacet
 facet normal -0.695443 -0.548117 0.464679
  outer loop
   vertex  59.3733 -26.9142  6.47279
   vertex  62.7333 -26.2654  12.2667
   vertex  58.9728 -26.2654   6.6387
  endloop
 endfacet
 facet normal -0.312826 -0.826404 0.468185
  outer loop
   vertex  68.5272 -26.9142  15.6267
   vertex  63.0398 -26.9142  11.9602
   vertex  63.4986 -27.3478  11.5014
  endloop
 endfacet
 facet normal -0.545281 -0.191558 0.816072
  outer loop
   vertex  68.3613 -26.2654  16.0272
   vertex  62.6256    -25.5  12.3744
   vertex  62.7333 -26.2654  12.2667
  endloop
 endfacet
 facet normal -0.109844 -0.826423 0.552231
  outer loop
   vertex       75 -26.9142  16.9142
   vertex  68.5272 -26.9142  15.6267
   vertex  68.7755 -27.3478  15.0272
  endloop
 endfacet
 facet normal -0.816078 -0.191523 0.545284
  outer loop
   vertex  62.7333 -26.2654  12.2667
   vertex  58.8321    -25.5  6.69696
   vertex  58.9728 -26.2654   6.6387
  endloop
 endfacet
 facet normal 0.163172 -0.548111 0.820335
  outer loop
   vertex       75 -26.9142  16.9142
   vertex  81.4728 -26.9142  15.6267
   vertex  81.6387 -26.2654  16.0272
  endloop
 endfacet
 facet normal -0.962646 -0.191421 0.191494
  outer loop
   vertex  57.6522 -26.2654 3.18673e-15
   vertex  58.9728 -26.2654   6.6387
   vertex     57.5    -25.5 3.2147e-15
  endloop
 endfacet
 facet normal -0.962628 -0.191532 0.191477
  outer loop
   vertex     57.5    -25.5 3.2147e-15
   vertex  58.9728 -26.2654   6.6387
   vertex  58.8321    -25.5  6.69696
  endloop
 endfacet
 facet normal -0.962649 -0.191421 -0.191482
  outer loop
   vertex  57.6522 -26.2654 3.18673e-15
   vertex     57.5    -25.5 3.2147e-15
   vertex  58.8321    -25.5 -6.69696
  endloop
 endfacet
 facet normal -0.816081 -0.191523 -0.545281
  outer loop
   vertex  58.9728 -26.2654  -6.6387
   vertex  58.8321    -25.5 -6.69696
   vertex  62.6256    -25.5 -12.3744
  endloop
 endfacet
 facet normal -0.54528 -0.191558 -0.816073
  outer loop
   vertex  62.7333 -26.2654 -12.2667
   vertex  62.6256    -25.5 -12.3744
   vertex   68.303    -25.5 -16.1679
  endloop
 endfacet
 facet normal -0.820335 -0.548111 0.163172
  outer loop
   vertex  59.3733 -26.9142  6.47279
   vertex  58.9728 -26.2654   6.6387
   vertex  58.0858 -26.9142 3.10709e-15
  endloop
 endfacet
 facet normal -0.820275  -0.5482 0.163173
  outer loop
   vertex  58.0858 -26.9142 3.10709e-15
   vertex  58.9728 -26.2654   6.6387
   vertex  57.6522 -26.2654 3.18673e-15
  endloop
 endfacet
 facet normal -0.820332 -0.548112 -0.163184
  outer loop
   vertex  59.3733 -26.9142 -6.47279
   vertex  57.6522 -26.2654 3.18673e-15
   vertex  58.9728 -26.2654  -6.6387
  endloop
 endfacet
 facet normal -0.816073 -0.191558 -0.545281
  outer loop
   vertex  62.7333 -26.2654 -12.2667
   vertex  58.9728 -26.2654  -6.6387
   vertex  62.6256    -25.5 -12.3744
  endloop
 endfacet
 facet normal -0.545282 -0.191546 -0.816074
  outer loop
   vertex  68.3613 -26.2654 -16.0272
   vertex  62.7333 -26.2654 -12.2667
   vertex   68.303    -25.5 -16.1679
  endloop
 endfacet
 facet normal -0.695468 -0.548072 -0.464695
  outer loop
   vertex  63.0398 -26.9142 -11.9602
   vertex  58.9728 -26.2654  -6.6387
   vertex  62.7333 -26.2654 -12.2667
  endloop
 endfacet
 facet normal -0.962625 -0.191532 -0.19149
  outer loop
   vertex  57.6522 -26.2654 3.18673e-15
   vertex  58.8321    -25.5 -6.69696
   vertex  58.9728 -26.2654  -6.6387
  endloop
 endfacet
 facet normal -0.46468 -0.548115 -0.695444
  outer loop
   vertex  68.5272 -26.9142 -15.6267
   vertex  62.7333 -26.2654 -12.2667
   vertex  68.3613 -26.2654 -16.0272
  endloop
 endfacet
 facet normal -0.695471 -0.548072  0.46469
  outer loop
   vertex  59.3733 -26.9142  6.47279
   vertex  63.0398 -26.9142  11.9602
   vertex  62.7333 -26.2654  12.2667
  endloop
 endfacet
 facet normal -0.468163 -0.826421 0.312811
  outer loop
   vertex  63.0398 -26.9142  11.9602
   vertex  59.3733 -26.9142  6.47279
   vertex  59.9728 -27.3478  6.22449
  endloop
 endfacet
 facet normal -0.0387691 -0.980058 0.194895
  outer loop
   vertex       75 -27.3478  16.2654
   vertex  68.7755 -27.3478  15.0272
   vertex  69.0684    -27.5  14.3201
  endloop
 endfacet
 facet normal -0.109862 -0.826386 0.552282
  outer loop
   vertex       75 -27.3478  16.2654
   vertex       75 -26.9142  16.9142
   vertex  68.7755 -27.3478  15.0272
  endloop
 endfacet
 facet normal -0.468188 -0.826403 0.312822
  outer loop
   vertex  63.0398 -26.9142  11.9602
   vertex  59.9728 -27.3478  6.22449
   vertex  63.4986 -27.3478  11.5014
  endloop
 endfacet
 facet normal -0.312809 -0.826421 0.468166
  outer loop
   vertex  63.4986 -27.3478  11.5014
   vertex  68.7755 -27.3478  15.0272
   vertex  68.5272 -26.9142  15.6267
  endloop
 endfacet
 facet normal -0.552227 -0.826425 0.109851
  outer loop
   vertex  59.3733 -26.9142  6.47279
   vertex  58.7346 -27.3478 2.9879e-15
   vertex  59.9728 -27.3478  6.22449
  endloop
 endfacet
 facet normal -0.165224 -0.980058 0.110395
  outer loop
   vertex  63.4986 -27.3478  11.5014
   vertex  59.9728 -27.3478  6.22449
   vertex  64.0398    -27.5  10.9602
  endloop
 endfacet
 facet normal -0.552283 -0.826387 0.109854
  outer loop
   vertex  59.3733 -26.9142  6.47279
   vertex  58.0858 -26.9142 3.10709e-15
   vertex  58.7346 -27.3478 2.9879e-15
  endloop
 endfacet
 facet normal -0.110396 -0.980058 0.165224
  outer loop
   vertex  68.7755 -27.3478  15.0272
   vertex  63.4986 -27.3478  11.5014
   vertex  64.0398    -27.5  10.9602
  endloop
 endfacet
 facet normal -0.0387663 -0.980059 0.194886
  outer loop
   vertex       75    -27.5     15.5
   vertex       75 -27.3478  16.2654
   vertex  69.0684    -27.5  14.3201
  endloop
 endfacet
 facet normal -0.165225 -0.980058 0.110396
  outer loop
   vertex  59.9728 -27.3478  6.22449
   vertex  60.6799    -27.5  5.93159
   vertex  64.0398    -27.5  10.9602
  endloop
 endfacet
 facet normal -0.110396 -0.980058 0.165225
  outer loop
   vertex  64.0398    -27.5  10.9602
   vertex  69.0684    -27.5  14.3201
   vertex  68.7755 -27.3478  15.0272
  endloop
 endfacet
 facet normal -0.194886 -0.980059 0.0387675
  outer loop
   vertex     59.5    -27.5 2.8473e-15
   vertex  59.9728 -27.3478  6.22449
   vertex  58.7346 -27.3478 2.9879e-15
  endloop
 endfacet
 facet normal -0.194895 -0.980058 0.0387682
  outer loop
   vertex     59.5    -27.5 2.8473e-15
   vertex  60.6799    -27.5  5.93159
   vertex  59.9728 -27.3478  6.22449
  endloop
 endfacet
 facet normal -0.552229 -0.826424 -0.109844
  outer loop
   vertex  59.3733 -26.9142 -6.47279
   vertex  59.9728 -27.3478 -6.22449
   vertex  58.0858 -26.9142 3.10709e-15
  endloop
 endfacet
 facet normal 0.0387663 -0.980059 0.194886
  outer loop
   vertex       75 -27.3478  16.2654
   vertex       75    -27.5     15.5
   vertex  80.9316    -27.5  14.3201
  endloop
 endfacet
 facet normal -0.194895 -0.980058 -0.0387692
  outer loop
   vertex  60.6799    -27.5 -5.93159
   vertex  58.7346 -27.3478 2.9879e-15
   vertex  59.9728 -27.3478 -6.22449
  endloop
 endfacet
 facet normal -0.468185 -0.826404 -0.312825
  outer loop
   vertex  59.3733 -26.9142 -6.47279
   vertex  63.0398 -26.9142 -11.9602
   vertex  63.4986 -27.3478 -11.5014
  endloop
 endfacet
 facet normal -0.312812 -0.826421 -0.468164
  outer loop
   vertex  68.5272 -26.9142 -15.6267
   vertex  68.7755 -27.3478 -15.0272
   vertex  63.0398 -26.9142 -11.9602
  endloop
 endfacet
 facet normal -0.464691 -0.548072 -0.695471
  outer loop
   vertex  68.5272 -26.9142 -15.6267
   vertex  63.0398 -26.9142 -11.9602
   vertex  62.7333 -26.2654 -12.2667
  endloop
 endfacet
 facet normal -0.312823 -0.826403 -0.468187
  outer loop
   vertex  63.0398 -26.9142 -11.9602
   vertex  68.7755 -27.3478 -15.0272
   vertex  63.4986 -27.3478 -11.5014
  endloop
 endfacet
 facet normal -0.468165 -0.826422 -0.312807
  outer loop
   vertex  63.4986 -27.3478 -11.5014
   vertex  59.9728 -27.3478 -6.22449
   vertex  59.3733 -26.9142 -6.47279
  endloop
 endfacet
 facet normal -0.695446 -0.548118 -0.464674
  outer loop
   vertex  59.3733 -26.9142 -6.47279
   vertex  58.9728 -26.2654  -6.6387
   vertex  63.0398 -26.9142 -11.9602
  endloop
 endfacet
 facet normal -0.165225 -0.980058 -0.110396
  outer loop
   vertex  59.9728 -27.3478 -6.22449
   vertex  63.4986 -27.3478 -11.5014
   vertex  60.6799    -27.5 -5.93159
  endloop
 endfacet
 facet normal -0.194886 -0.980059 -0.0387664
  outer loop
   vertex  58.7346 -27.3478 2.9879e-15
   vertex  60.6799    -27.5 -5.93159
   vertex     59.5    -27.5 2.8473e-15
  endloop
 endfacet
 facet normal -0.110396 -0.980058 -0.165225
  outer loop
   vertex  64.0398    -27.5 -10.9602
   vertex  68.7755 -27.3478 -15.0272
   vertex  69.0684    -27.5 -14.3201
  endloop
 endfacet
 facet normal -0.165224 -0.980058 -0.110395
  outer loop
   vertex  64.0398    -27.5 -10.9602
   vertex  60.6799    -27.5 -5.93159
   vertex  63.4986 -27.3478 -11.5014
  endloop
 endfacet
 facet normal -0.0387681 -0.980058 -0.194895
  outer loop
   vertex  69.0684    -27.5 -14.3201
   vertex  68.7755 -27.3478 -15.0272
   vertex       75    -27.5    -15.5
  endloop
 endfacet
 facet normal -0.110396 -0.980058 -0.165224
  outer loop
   vertex  68.7755 -27.3478 -15.0272
   vertex  64.0398    -27.5 -10.9602
   vertex  63.4986 -27.3478 -11.5014
  endloop
 endfacet
 facet normal -0.109851 -0.826424 -0.552228
  outer loop
   vertex       75 -27.3478 -16.2654
   vertex  68.7755 -27.3478 -15.0272
   vertex  68.5272 -26.9142 -15.6267
  endloop
 endfacet
 facet normal -0.552282 -0.826386 -0.109862
  outer loop
   vertex  58.7346 -27.3478 2.9879e-15
   vertex  58.0858 -26.9142 3.10709e-15
   vertex  59.9728 -27.3478 -6.22449
  endloop
 endfacet
 facet normal -0.820277 -0.548201 -0.163161
  outer loop
   vertex  58.0858 -26.9142 3.10709e-15
   vertex  57.6522 -26.2654 3.18673e-15
   vertex  59.3733 -26.9142 -6.47279
  endloop
 endfacet
 facet normal -0.163172 -0.548111 -0.820335
  outer loop
   vertex  68.5272 -26.9142 -15.6267
   vertex  68.3613 -26.2654 -16.0272
   vertex       75 -26.9142 -16.9142
  endloop
 endfacet
 facet normal 0.109851 -0.826424 0.552228
  outer loop
   vertex       75 -27.3478  16.2654
   vertex  81.2245 -27.3478  15.0272
   vertex  81.4728 -26.9142  15.6267
  endloop
 endfacet
 facet normal -0.191476 -0.191538 -0.962627
  outer loop
   vertex       75    -25.5    -17.5
   vertex  68.3613 -26.2654 -16.0272
   vertex   68.303    -25.5 -16.1679
  endloop
 endfacet
 facet normal 0.545277 -0.191558 0.816075
  outer loop
   vertex  12.3744    -25.5  12.3744
   vertex  6.69696    -25.5  16.1679
   vertex  12.2667 -26.2654  12.2667
  endloop
 endfacet
 facet normal 0.191477 -0.191529 0.962628
  outer loop
   vertex        0    -25.5     17.5
   vertex   6.6387 -26.2654  16.0272
   vertex  6.69696    -25.5  16.1679
  endloop
 endfacet
 facet normal 0.0387663 -0.980059 0.194886
  outer loop
   vertex        0    -27.5     15.5
   vertex  5.93159    -27.5  14.3201
   vertex        0 -27.3478  16.2654
  endloop
 endfacet
 facet normal 0.109851 -0.826424 0.552228
  outer loop
   vertex        0 -27.3478  16.2654
   vertex  6.22449 -27.3478  15.0272
   vertex  6.47279 -26.9142  15.6267
  endloop
 endfacet
 facet normal 0.0387692 -0.980058 0.194895
  outer loop
   vertex        0 -27.3478  16.2654
   vertex  5.93159    -27.5  14.3201
   vertex  6.22449 -27.3478  15.0272
  endloop
 endfacet
 facet normal 0.165224 -0.980058 0.110396
  outer loop
   vertex  10.9602    -27.5  10.9602
   vertex  14.3201    -27.5  5.93159
   vertex  11.5014 -27.3478  11.5014
  endloop
 endfacet
 facet normal 0.165225 -0.980058 0.110396
  outer loop
   vertex  11.5014 -27.3478  11.5014
   vertex  14.3201    -27.5  5.93159
   vertex  15.0272 -27.3478  6.22449
  endloop
 endfacet
 facet normal 0.110396 -0.980058 0.165224
  outer loop
   vertex  10.9602    -27.5  10.9602
   vertex  11.5014 -27.3478  11.5014
   vertex  6.22449 -27.3478  15.0272
  endloop
 endfacet
 facet normal 0.110396 -0.980058 0.165225
  outer loop
   vertex  5.93159    -27.5  14.3201
   vertex  10.9602    -27.5  10.9602
   vertex  6.22449 -27.3478  15.0272
  endloop
 endfacet
 facet normal 0.312823 -0.826403 0.468188
  outer loop
   vertex  6.22449 -27.3478  15.0272
   vertex  11.5014 -27.3478  11.5014
   vertex  11.9602 -26.9142  11.9602
  endloop
 endfacet
 facet normal -0.0387675 -0.980059 0.194886
  outer loop
   vertex -6.22449 -27.3478  15.0272
   vertex        0    -27.5     15.5
   vertex        0 -27.3478  16.2654
  endloop
 endfacet
 facet normal 0.962628 -0.191529 0.191477
  outer loop
   vertex     17.5    -25.5 1.07157e-15
   vertex  16.1679    -25.5  6.69696
   vertex  16.0272 -26.2654   6.6387
  endloop
 endfacet
 facet normal 0.816081 -0.191521 -0.545281
  outer loop
   vertex  12.3744    -25.5 -12.3744
   vertex  16.1679    -25.5 -6.69696
   vertex  16.0272 -26.2654  -6.6387
  endloop
 endfacet
 facet normal 0.545277 -0.191558 -0.816075
  outer loop
   vertex  6.69696    -25.5 -16.1679
   vertex  12.3744    -25.5 -12.3744
   vertex  12.2667 -26.2654 -12.2667
  endloop
 endfacet
 facet normal 0.962648 -0.191424 -0.191481
  outer loop
   vertex     17.5    -25.5 1.07157e-15
   vertex  17.3478 -26.2654 1.06224e-15
   vertex  16.1679    -25.5 -6.69696
  endloop
 endfacet
 facet normal 0.194886 -0.980059 0.0387675
  outer loop
   vertex  16.2654 -27.3478 9.95966e-16
   vertex  15.0272 -27.3478  6.22449
   vertex     15.5    -27.5 9.49101e-16
  endloop
 endfacet
 facet normal 0.194895 -0.980058 0.0387681
  outer loop
   vertex  15.0272 -27.3478  6.22449
   vertex  14.3201    -27.5  5.93159
   vertex     15.5    -27.5 9.49101e-16
  endloop
 endfacet
 facet normal 0.194895 -0.980058 -0.0387681
  outer loop
   vertex  15.0272 -27.3478 -6.22449
   vertex     15.5    -27.5 9.49101e-16
   vertex  14.3201    -27.5 -5.93159
  endloop
 endfacet
 facet normal 0.165224 -0.980058 -0.110396
  outer loop
   vertex  11.5014 -27.3478 -11.5014
   vertex  14.3201    -27.5 -5.93159
   vertex  10.9602    -27.5 -10.9602
  endloop
 endfacet
 facet normal 0.110396 -0.980058 -0.165225
  outer loop
   vertex  6.22449 -27.3478 -15.0272
   vertex  10.9602    -27.5 -10.9602
   vertex  5.93159    -27.5 -14.3201
  endloop
 endfacet
 facet normal 0.816075 -0.191558 0.545277
  outer loop
   vertex  12.3744    -25.5  12.3744
   vertex  12.2667 -26.2654  12.2667
   vertex  16.1679    -25.5  6.69696
  endloop
 endfacet
 facet normal 0.468166 -0.826421 0.312808
  outer loop
   vertex  11.5014 -27.3478  11.5014
   vertex  15.0272 -27.3478  6.22449
   vertex  15.6267 -26.9142  6.47279
  endloop
 endfacet
 facet normal 0.163172 -0.548113 0.820333
  outer loop
   vertex        0 -26.9142  16.9142
   vertex  6.47279 -26.9142  15.6267
   vertex   6.6387 -26.2654  16.0272
  endloop
 endfacet
 facet normal 0.109854 -0.826387 0.552283
  outer loop
   vertex        0 -26.9142  16.9142
   vertex        0 -27.3478  16.2654
   vertex  6.47279 -26.9142  15.6267
  endloop
 endfacet
 facet normal 0.468185 -0.826403 0.312826
  outer loop
   vertex  11.5014 -27.3478  11.5014
   vertex  15.6267 -26.9142  6.47279
   vertex  11.9602 -26.9142  11.9602
  endloop
 endfacet
 facet normal 0.312811 -0.826421 0.468164
  outer loop
   vertex  11.9602 -26.9142  11.9602
   vertex  6.47279 -26.9142  15.6267
   vertex  6.22449 -27.3478  15.0272
  endloop
 endfacet
 facet normal 0.552231 -0.826423 0.109844
  outer loop
   vertex  15.0272 -27.3478  6.22449
   vertex  16.9142 -26.9142 1.0357e-15
   vertex  15.6267 -26.9142  6.47279
  endloop
 endfacet
 facet normal 0.695445 -0.54812 0.464673
  outer loop
   vertex  11.9602 -26.9142  11.9602
   vertex  15.6267 -26.9142  6.47279
   vertex  16.0272 -26.2654   6.6387
  endloop
 endfacet
 facet normal 0.552282 -0.826386 0.109862
  outer loop
   vertex  15.0272 -27.3478  6.22449
   vertex  16.2654 -27.3478 9.95966e-16
   vertex  16.9142 -26.9142 1.0357e-15
  endloop
 endfacet
 facet normal  0.46469 -0.548072 0.695471
  outer loop
   vertex  6.47279 -26.9142  15.6267
   vertex  11.9602 -26.9142  11.9602
   vertex  12.2667 -26.2654  12.2667
  endloop
 endfacet
 facet normal 0.191494 -0.191423 0.962646
  outer loop
   vertex        0 -26.2654  17.3478
   vertex   6.6387 -26.2654  16.0272
   vertex        0    -25.5     17.5
  endloop
 endfacet
 facet normal 0.163173 -0.548199 0.820276
  outer loop
   vertex        0 -26.2654  17.3478
   vertex        0 -26.9142  16.9142
   vertex   6.6387 -26.2654  16.0272
  endloop
 endfacet
 facet normal 0.695467 -0.548072 0.464695
  outer loop
   vertex  11.9602 -26.9142  11.9602
   vertex  16.0272 -26.2654   6.6387
   vertex  12.2667 -26.2654  12.2667
  endloop
 endfacet
 facet normal 0.464678 -0.548119 0.695442
  outer loop
   vertex  12.2667 -26.2654  12.2667
   vertex   6.6387 -26.2654  16.0272
   vertex  6.47279 -26.9142  15.6267
  endloop
 endfacet
 facet normal  0.82033 -0.548114 0.163184
  outer loop
   vertex  15.6267 -26.9142  6.47279
   vertex  17.3478 -26.2654 1.06224e-15
   vertex  16.0272 -26.2654   6.6387
  endloop
 endfacet
 facet normal 0.816078 -0.191521 0.545285
  outer loop
   vertex  12.2667 -26.2654  12.2667
   vertex  16.0272 -26.2654   6.6387
   vertex  16.1679    -25.5  6.69696
  endloop
 endfacet
 facet normal 0.820278  -0.5482 0.163161
  outer loop
   vertex  15.6267 -26.9142  6.47279
   vertex  16.9142 -26.9142 1.0357e-15
   vertex  17.3478 -26.2654 1.06224e-15
  endloop
 endfacet
 facet normal 0.545285 -0.191521 0.816078
  outer loop
   vertex   6.6387 -26.2654  16.0272
   vertex  12.2667 -26.2654  12.2667
   vertex  6.69696    -25.5  16.1679
  endloop
 endfacet
 facet normal 0.552228 -0.826424 -0.109851
  outer loop
   vertex  15.0272 -27.3478 -6.22449
   vertex  15.6267 -26.9142 -6.47279
   vertex  16.2654 -27.3478 9.95966e-16
  endloop
 endfacet
 facet normal -0.163161  -0.5482 0.820278
  outer loop
   vertex -6.47279 -26.9142  15.6267
   vertex        0 -26.9142  16.9142
   vertex        0 -26.2654  17.3478
  endloop
 endfacet
 facet normal 0.820333 -0.548113 -0.163172
  outer loop
   vertex  16.0272 -26.2654  -6.6387
   vertex  16.9142 -26.9142 1.0357e-15
   vertex  15.6267 -26.9142 -6.47279
  endloop
 endfacet
 facet normal 0.468188 -0.826403 -0.312823
  outer loop
   vertex  15.0272 -27.3478 -6.22449
   vertex  11.5014 -27.3478 -11.5014
   vertex  11.9602 -26.9142 -11.9602
  endloop
 endfacet
 facet normal 0.312808 -0.826421 -0.468166
  outer loop
   vertex  6.22449 -27.3478 -15.0272
   vertex  6.47279 -26.9142 -15.6267
   vertex  11.5014 -27.3478 -11.5014
  endloop
 endfacet
 facet normal 0.110396 -0.980058 -0.165224
  outer loop
   vertex  6.22449 -27.3478 -15.0272
   vertex  11.5014 -27.3478 -11.5014
   vertex  10.9602    -27.5 -10.9602
  endloop
 endfacet
 facet normal 0.312826 -0.826403 -0.468185
  outer loop
   vertex  11.5014 -27.3478 -11.5014
   vertex  6.47279 -26.9142 -15.6267
   vertex  11.9602 -26.9142 -11.9602
  endloop
 endfacet
 facet normal 0.468164 -0.826421 -0.312811
  outer loop
   vertex  11.9602 -26.9142 -11.9602
   vertex  15.6267 -26.9142 -6.47279
   vertex  15.0272 -27.3478 -6.22449
  endloop
 endfacet
 facet normal 0.165225 -0.980058 -0.110396
  outer loop
   vertex  15.0272 -27.3478 -6.22449
   vertex  14.3201    -27.5 -5.93159
   vertex  11.5014 -27.3478 -11.5014
  endloop
 endfacet
 facet normal 0.695471 -0.548072 -0.46469
  outer loop
   vertex  15.6267 -26.9142 -6.47279
   vertex  11.9602 -26.9142 -11.9602
   vertex  12.2667 -26.2654 -12.2667
  endloop
 endfacet
 facet normal 0.962626 -0.19153 -0.19149
  outer loop
   vertex  17.3478 -26.2654 1.06224e-15
   vertex  16.0272 -26.2654  -6.6387
   vertex  16.1679    -25.5 -6.69696
  endloop
 endfacet
 facet normal 0.820276 -0.548199 -0.163173
  outer loop
   vertex  16.9142 -26.9142 1.0357e-15
   vertex  16.0272 -26.2654  -6.6387
   vertex  17.3478 -26.2654 1.06224e-15
  endloop
 endfacet
 facet normal 0.464695 -0.548072 -0.695467
  outer loop
   vertex  11.9602 -26.9142 -11.9602
   vertex   6.6387 -26.2654 -16.0272
   vertex  12.2667 -26.2654 -12.2667
  endloop
 endfacet
 facet normal 0.695442 -0.548119 -0.464678
  outer loop
   vertex  12.2667 -26.2654 -12.2667
   vertex  16.0272 -26.2654  -6.6387
   vertex  15.6267 -26.9142 -6.47279
  endloop
 endfacet
 facet normal 0.163161  -0.5482 -0.820278
  outer loop
   vertex  6.47279 -26.9142 -15.6267
   vertex 2.07139e-15 -26.9142 -16.9142
   vertex 2.12449e-15 -26.2654 -17.3478
  endloop
 endfacet
 facet normal 0.545285 -0.191521 -0.816078
  outer loop
   vertex  12.2667 -26.2654 -12.2667
   vertex   6.6387 -26.2654 -16.0272
   vertex  6.69696    -25.5 -16.1679
  endloop
 endfacet
 facet normal 0.464673 -0.54812 -0.695445
  outer loop
   vertex   6.6387 -26.2654 -16.0272
   vertex  11.9602 -26.9142 -11.9602
   vertex  6.47279 -26.9142 -15.6267
  endloop
 endfacet
 facet normal 0.816072 -0.191558 -0.545281
  outer loop
   vertex  16.0272 -26.2654  -6.6387
   vertex  12.2667 -26.2654 -12.2667
   vertex  12.3744    -25.5 -12.3744
  endloop
 endfacet
 facet normal 0.109862 -0.826386 -0.552282
  outer loop
   vertex 1.99193e-15 -27.3478 -16.2654
   vertex 2.07139e-15 -26.9142 -16.9142
   vertex  6.22449 -27.3478 -15.0272
  endloop
 endfacet
 facet normal 0.552283 -0.826387 -0.109854
  outer loop
   vertex  16.9142 -26.9142 1.0357e-15
   vertex  16.2654 -27.3478 9.95966e-16
   vertex  15.6267 -26.9142 -6.47279
  endloop
 endfacet
 facet normal 0.194886 -0.980059 -0.0387675
  outer loop
   vertex  16.2654 -27.3478 9.95966e-16
   vertex     15.5    -27.5 9.49101e-16
   vertex  15.0272 -27.3478 -6.22449
  endloop
 endfacet
 facet normal 0.962646 -0.191423 0.191494
  outer loop
   vertex  16.0272 -26.2654   6.6387
   vertex  17.3478 -26.2654 1.06224e-15
   vertex     17.5    -25.5 1.07157e-15
  endloop
 endfacet
 facet normal 0.0387663 -0.980059 -0.194886
  outer loop
   vertex 1.8982e-15    -27.5    -15.5
   vertex 1.99193e-15 -27.3478 -16.2654
   vertex  5.93159    -27.5 -14.3201
  endloop
 endfacet
 facet normal -0.109862 -0.826386 0.552282
  outer loop
   vertex -6.22449 -27.3478  15.0272
   vertex        0 -27.3478  16.2654
   vertex        0 -26.9142  16.9142
  endloop
 endfacet
 facet normal -0.545281 -0.191521 -0.816081
  outer loop
   vertex -12.3744    -25.5 -12.3744
   vertex -6.69696    -25.5 -16.1679
   vertex  -6.6387 -26.2654 -16.0272
  endloop
 endfacet
 facet normal -0.191481 -0.191424 -0.962648
  outer loop
   vertex 2.14313e-15    -25.5    -17.5
   vertex 2.12449e-15 -26.2654 -17.3478
   vertex -6.69696    -25.5 -16.1679
  endloop
 endfacet
 facet normal -0.0387692 -0.980058 -0.194895
  outer loop
   vertex 1.99193e-15 -27.3478 -16.2654
   vertex -5.93159    -27.5 -14.3201
   vertex -6.22449 -27.3478 -15.0272
  endloop
 endfacet
 facet normal -0.0387663 -0.980059 -0.194886
  outer loop
   vertex -5.93159    -27.5 -14.3201
   vertex 1.99193e-15 -27.3478 -16.2654
   vertex 1.8982e-15    -27.5    -15.5
  endloop
 endfacet
 facet normal -0.110396 -0.980058 -0.165224
  outer loop
   vertex -6.22449 -27.3478 -15.0272
   vertex -10.9602    -27.5 -10.9602
   vertex -11.5014 -27.3478 -11.5014
  endloop
 endfacet
 facet normal -0.110396 -0.980058 -0.165225
  outer loop
   vertex -10.9602    -27.5 -10.9602
   vertex -6.22449 -27.3478 -15.0272
   vertex -5.93159    -27.5 -14.3201
  endloop
 endfacet
 facet normal -0.165224 -0.980058 -0.110396
  outer loop
   vertex -11.5014 -27.3478 -11.5014
   vertex -10.9602    -27.5 -10.9602
   vertex -14.3201    -27.5 -5.93159
  endloop
 endfacet
 facet normal -0.312823 -0.826403 -0.468188
  outer loop
   vertex -6.22449 -27.3478 -15.0272
   vertex -11.5014 -27.3478 -11.5014
   vertex -11.9602 -26.9142 -11.9602
  endloop
 endfacet
 facet normal -0.109851 -0.826424 -0.552228
  outer loop
   vertex 1.99193e-15 -27.3478 -16.2654
   vertex -6.22449 -27.3478 -15.0272
   vertex -6.47279 -26.9142 -15.6267
  endloop
 endfacet
 facet normal -0.165225 -0.980058 -0.110396
  outer loop
   vertex -14.3201    -27.5 -5.93159
   vertex -15.0272 -27.3478 -6.22449
   vertex -11.5014 -27.3478 -11.5014
  endloop
 endfacet
 facet normal 0.0387692 -0.980058 -0.194895
  outer loop
   vertex 1.99193e-15 -27.3478 -16.2654
   vertex  6.22449 -27.3478 -15.0272
   vertex  5.93159    -27.5 -14.3201
  endloop
 endfacet
 facet normal -0.962628 -0.191529 -0.191477
  outer loop
   vertex    -17.5    -25.5 -3.2147e-15
   vertex -16.1679    -25.5 -6.69696
   vertex -16.0272 -26.2654  -6.6387
  endloop
 endfacet
 facet normal -0.816081 -0.191521 0.545281
  outer loop
   vertex -12.3744    -25.5  12.3744
   vertex -16.1679    -25.5  6.69696
   vertex -16.0272 -26.2654   6.6387
  endloop
 endfacet
 facet normal -0.545277 -0.191558 0.816075
  outer loop
   vertex -6.69696    -25.5  16.1679
   vertex -12.3744    -25.5  12.3744
   vertex -12.2667 -26.2654  12.2667
  endloop
 endfacet
 facet normal -0.962648 -0.191424 0.191481
  outer loop
   vertex    -17.5    -25.5 -3.2147e-15
   vertex -17.3478 -26.2654 -3.18673e-15
   vertex -16.1679    -25.5  6.69696
  endloop
 endfacet
 facet normal -0.194886 -0.980059 -0.0387675
  outer loop
   vertex -16.2654 -27.3478 -2.9879e-15
   vertex -15.0272 -27.3478 -6.22449
   vertex    -15.5    -27.5 -2.8473e-15
  endloop
 endfacet
 facet normal -0.194895 -0.980058 -0.0387681
  outer loop
   vertex -15.0272 -27.3478 -6.22449
   vertex -14.3201    -27.5 -5.93159
   vertex    -15.5    -27.5 -2.8473e-15
  endloop
 endfacet
 facet normal -0.194886 -0.980059 0.0387663
  outer loop
   vertex -16.2654 -27.3478 -2.9879e-15
   vertex    -15.5    -27.5 -2.8473e-15
   vertex -14.3201    -27.5  5.93159
  endloop
 endfacet
 facet normal -0.165225 -0.980058 0.110396
  outer loop
   vertex -15.0272 -27.3478  6.22449
   vertex -14.3201    -27.5  5.93159
   vertex -10.9602    -27.5  10.9602
  endloop
 endfacet
 facet normal -0.110396 -0.980058 0.165224
  outer loop
   vertex -11.5014 -27.3478  11.5014
   vertex -10.9602    -27.5  10.9602
   vertex -5.93159    -27.5  14.3201
  endloop
 endfacet
 facet normal -0.816075 -0.191558 -0.545277
  outer loop
   vertex -12.3744    -25.5 -12.3744
   vertex -12.2667 -26.2654 -12.2667
   vertex -16.1679    -25.5 -6.69696
  endloop
 endfacet
 facet normal -0.468166 -0.826421 -0.312808
  outer loop
   vertex -11.5014 -27.3478 -11.5014
   vertex -15.0272 -27.3478 -6.22449
   vertex -15.6267 -26.9142 -6.47279
  endloop
 endfacet
 facet normal -0.163172 -0.548113 -0.820333
  outer loop
   vertex 2.07139e-15 -26.9142 -16.9142
   vertex -6.47279 -26.9142 -15.6267
   vertex  -6.6387 -26.2654 -16.0272
  endloop
 endfacet
 facet normal -0.109854 -0.826387 -0.552283
  outer loop
   vertex 2.07139e-15 -26.9142 -16.9142
   vertex 1.99193e-15 -27.3478 -16.2654
   vertex -6.47279 -26.9142 -15.6267
  endloop
 endfacet
 facet normal -0.468185 -0.826403 -0.312826
  outer loop
   vertex -11.5014 -27.3478 -11.5014
   vertex -15.6267 -26.9142 -6.47279
   vertex -11.9602 -26.9142 -11.9602
  endloop
 endfacet
 facet normal -0.312811 -0.826421 -0.468164
  outer loop
   vertex -11.9602 -26.9142 -11.9602
   vertex -6.47279 -26.9142 -15.6267
   vertex -6.22449 -27.3478 -15.0272
  endloop
 endfacet
 facet normal -0.552231 -0.826423 -0.109844
  outer loop
   vertex -15.0272 -27.3478 -6.22449
   vertex -16.9142 -26.9142 -3.10709e-15
   vertex -15.6267 -26.9142 -6.47279
  endloop
 endfacet
 facet normal -0.695445 -0.54812 -0.464673
  outer loop
   vertex -11.9602 -26.9142 -11.9602
   vertex -15.6267 -26.9142 -6.47279
   vertex -16.0272 -26.2654  -6.6387
  endloop
 endfacet
 facet normal -0.552282 -0.826386 -0.109862
  outer loop
   vertex -15.0272 -27.3478 -6.22449
   vertex -16.2654 -27.3478 -2.9879e-15
   vertex -16.9142 -26.9142 -3.10709e-15
  endloop
 endfacet
 facet normal -0.46469 -0.548072 -0.695471
  outer loop
   vertex -6.47279 -26.9142 -15.6267
   vertex -11.9602 -26.9142 -11.9602
   vertex -12.2667 -26.2654 -12.2667
  endloop
 endfacet
 facet normal -0.19149 -0.19153 -0.962626
  outer loop
   vertex 2.12449e-15 -26.2654 -17.3478
   vertex  -6.6387 -26.2654 -16.0272
   vertex -6.69696    -25.5 -16.1679
  endloop
 endfacet
 facet normal -0.163173 -0.548199 -0.820276
  outer loop
   vertex 2.12449e-15 -26.2654 -17.3478
   vertex 2.07139e-15 -26.9142 -16.9142
   vertex  -6.6387 -26.2654 -16.0272
  endloop
 endfacet
 facet normal -0.695467 -0.548072 -0.464695
  outer loop
   vertex -11.9602 -26.9142 -11.9602
   vertex -16.0272 -26.2654  -6.6387
   vertex -12.2667 -26.2654 -12.2667
  endloop
 endfacet
 facet normal -0.464678 -0.548119 -0.695442
  outer loop
   vertex -12.2667 -26.2654 -12.2667
   vertex  -6.6387 -26.2654 -16.0272
   vertex -6.47279 -26.9142 -15.6267
  endloop
 endfacet
 facet normal -0.82033 -0.548114 -0.163184
  outer loop
   vertex -15.6267 -26.9142 -6.47279
   vertex -17.3478 -26.2654 -3.18673e-15
   vertex -16.0272 -26.2654  -6.6387
  endloop
 endfacet
 facet normal -0.816078 -0.191521 -0.545285
  outer loop
   vertex -12.2667 -26.2654 -12.2667
   vertex -16.0272 -26.2654  -6.6387
   vertex -16.1679    -25.5 -6.69696
  endloop
 endfacet
 facet normal -0.820278  -0.5482 -0.163161
  outer loop
   vertex -15.6267 -26.9142 -6.47279
   vertex -16.9142 -26.9142 -3.10709e-15
   vertex -17.3478 -26.2654 -3.18673e-15
  endloop
 endfacet
 facet normal -0.545281 -0.191558 -0.816072
  outer loop
   vertex  -6.6387 -26.2654 -16.0272
   vertex -12.2667 -26.2654 -12.2667
   vertex -12.3744    -25.5 -12.3744
  endloop
 endfacet
 facet normal -0.552228 -0.826424 0.109851
  outer loop
   vertex -15.0272 -27.3478  6.22449
   vertex -15.6267 -26.9142  6.47279
   vertex -16.2654 -27.3478 -2.9879e-15
  endloop
 endfacet
 facet normal 0.163184 -0.548114 -0.82033
  outer loop
   vertex 2.12449e-15 -26.2654 -17.3478
   vertex   6.6387 -26.2654 -16.0272
   vertex  6.47279 -26.9142 -15.6267
  endloop
 endfacet
 facet normal -0.820333 -0.548113 0.163172
  outer loop
   vertex -16.0272 -26.2654   6.6387
   vertex -16.9142 -26.9142 -3.10709e-15
   vertex -15.6267 -26.9142  6.47279
  endloop
 endfacet
 facet normal -0.468188 -0.826403 0.312823
  outer loop
   vertex -15.0272 -27.3478  6.22449
   vertex -11.5014 -27.3478  11.5014
   vertex -11.9602 -26.9142  11.9602
  endloop
 endfacet
 facet normal -0.312808 -0.826421 0.468166
  outer loop
   vertex -6.22449 -27.3478  15.0272
   vertex -6.47279 -26.9142  15.6267
   vertex -11.5014 -27.3478  11.5014
  endloop
 endfacet
 facet normal -0.110396 -0.980058 0.165225
  outer loop
   vertex -6.22449 -27.3478  15.0272
   vertex -11.5014 -27.3478  11.5014
   vertex -5.93159    -27.5  14.3201
  endloop
 endfacet
 facet normal -0.312826 -0.826403 0.468185
  outer loop
   vertex -11.5014 -27.3478  11.5014
   vertex -6.47279 -26.9142  15.6267
   vertex -11.9602 -26.9142  11.9602
  endloop
 endfacet
 facet normal -0.468164 -0.826421 0.312811
  outer loop
   vertex -11.9602 -26.9142  11.9602
   vertex -15.6267 -26.9142  6.47279
   vertex -15.0272 -27.3478  6.22449
  endloop
 endfacet
 facet normal -0.165224 -0.980058 0.110396
  outer loop
   vertex -15.0272 -27.3478  6.22449
   vertex -10.9602    -27.5  10.9602
   vertex -11.5014 -27.3478  11.5014
  endloop
 endfacet
 facet normal -0.695471 -0.548072  0.46469
  outer loop
   vertex -15.6267 -26.9142  6.47279
   vertex -11.9602 -26.9142  11.9602
   vertex -12.2667 -26.2654  12.2667
  endloop
 endfacet
 facet normal -0.962626 -0.19153  0.19149
  outer loop
   vertex -17.3478 -26.2654 -3.18673e-15
   vertex -16.0272 -26.2654   6.6387
   vertex -16.1679    -25.5  6.69696
  endloop
 endfacet
 facet normal -0.820276 -0.548199 0.163173
  outer loop
   vertex -16.9142 -26.9142 -3.10709e-15
   vertex -16.0272 -26.2654   6.6387
   vertex -17.3478 -26.2654 -3.18673e-15
  endloop
 endfacet
 facet normal -0.464695 -0.548072 0.695467
  outer loop
   vertex -11.9602 -26.9142  11.9602
   vertex  -6.6387 -26.2654  16.0272
   vertex -12.2667 -26.2654  12.2667
  endloop
 endfacet
 facet normal -0.695442 -0.548119 0.464678
  outer loop
   vertex -12.2667 -26.2654  12.2667
   vertex -16.0272 -26.2654   6.6387
   vertex -15.6267 -26.9142  6.47279
  endloop
 endfacet
 facet normal -0.163184 -0.548114  0.82033
  outer loop
   vertex  -6.6387 -26.2654  16.0272
   vertex -6.47279 -26.9142  15.6267
   vertex        0 -26.2654  17.3478
  endloop
 endfacet
 facet normal -0.545285 -0.191521 0.816078
  outer loop
   vertex -12.2667 -26.2654  12.2667
   vertex  -6.6387 -26.2654  16.0272
   vertex -6.69696    -25.5  16.1679
  endloop
 endfacet
 facet normal -0.464673 -0.54812 0.695445
  outer loop
   vertex  -6.6387 -26.2654  16.0272
   vertex -11.9602 -26.9142  11.9602
   vertex -6.47279 -26.9142  15.6267
  endloop
 endfacet
 facet normal -0.816072 -0.191558 0.545281
  outer loop
   vertex -16.0272 -26.2654   6.6387
   vertex -12.2667 -26.2654  12.2667
   vertex -12.3744    -25.5  12.3744
  endloop
 endfacet
 facet normal -0.109844 -0.826423 0.552231
  outer loop
   vertex        0 -26.9142  16.9142
   vertex -6.47279 -26.9142  15.6267
   vertex -6.22449 -27.3478  15.0272
  endloop
 endfacet
 facet normal -0.552283 -0.826387 0.109854
  outer loop
   vertex -16.9142 -26.9142 -3.10709e-15
   vertex -16.2654 -27.3478 -2.9879e-15
   vertex -15.6267 -26.9142  6.47279
  endloop
 endfacet
 facet normal -0.194895 -0.980058 0.0387692
  outer loop
   vertex -16.2654 -27.3478 -2.9879e-15
   vertex -14.3201    -27.5  5.93159
   vertex -15.0272 -27.3478  6.22449
  endloop
 endfacet
 facet normal -0.962646 -0.191423 -0.191494
  outer loop
   vertex -16.0272 -26.2654  -6.6387
   vertex -17.3478 -26.2654 -3.18673e-15
   vertex    -17.5    -25.5 -3.2147e-15
  endloop
 endfacet
 facet normal -0.0387681 -0.980058 0.194895
  outer loop
   vertex        0    -27.5     15.5
   vertex -6.22449 -27.3478  15.0272
   vertex -5.93159    -27.5  14.3201
  endloop
 endfacet
 facet normal 0.109844 -0.826423 -0.552231
  outer loop
   vertex 2.07139e-15 -26.9142 -16.9142
   vertex  6.47279 -26.9142 -15.6267
   vertex  6.22449 -27.3478 -15.0272
  endloop
 endfacet
 facet normal 0.191477 -0.191529 -0.962628
  outer loop
   vertex  6.69696    -25.5 -16.1679
   vertex   6.6387 -26.2654 -16.0272
   vertex 2.14313e-15    -25.5    -17.5
  endloop
 endfacet
 facet normal 0.191494 -0.191423 -0.962646
  outer loop
   vertex   6.6387 -26.2654 -16.0272
   vertex 2.12449e-15 -26.2654 -17.3478
   vertex 2.14313e-15    -25.5    -17.5
  endloop
 endfacet
 facet normal -0.191494 -0.191423 0.962646
  outer loop
   vertex        0 -26.2654  17.3478
   vertex        0    -25.5     17.5
   vertex  -6.6387 -26.2654  16.0272
  endloop
 endfacet
 facet normal -0.191477 -0.191529 0.962628
  outer loop
   vertex        0    -25.5     17.5
   vertex -6.69696    -25.5  16.1679
   vertex  -6.6387 -26.2654  16.0272
  endloop
 endfacet
 facet normal -0.0387753 -0.98005 0.194934
  outer loop
   vertex  67.8306 -2.65224  17.3085
   vertex       75 -2.65224  18.7346
   vertex       75     -2.5     19.5
  endloop
 endfacet
 facet normal 0.0387753 -0.98005 0.194934
  outer loop
   vertex       75     -2.5     19.5
   vertex       75 -2.65224  18.7346
   vertex  82.1694 -2.65224  17.3085
  endloop
 endfacet
 facet normal 0.110415 -0.980052 0.165247
  outer loop
   vertex  88.7886     -2.5  13.7886
   vertex  82.4623     -2.5  18.0157
   vertex  82.1694 -2.65224  17.3085
  endloop
 endfacet
 facet normal 0.0387709 -0.980053  0.19492
  outer loop
   vertex  82.4623     -2.5  18.0157
   vertex       75     -2.5     19.5
   vertex  82.1694 -2.65224  17.3085
  endloop
 endfacet
 facet normal 0.165264 -0.980048 0.110424
  outer loop
   vertex  88.7886     -2.5  13.7886
   vertex  88.2474 -2.65224  13.2474
   vertex  92.3085 -2.65224  7.16943
  endloop
 endfacet
 facet normal 0.109848 -0.826417  0.55224
  outer loop
   vertex       75 -3.08579  18.0858
   vertex  81.9211 -3.08579  16.7091
   vertex       75 -2.65224  18.7346
  endloop
 endfacet
 facet normal  0.10985 -0.826413 0.552244
  outer loop
   vertex  82.1694 -2.65224  17.3085
   vertex       75 -2.65224  18.7346
   vertex  81.9211 -3.08579  16.7091
  endloop
 endfacet
 facet normal 0.312816 -0.826418 0.468167
  outer loop
   vertex  81.9211 -3.08579  16.7091
   vertex  87.7886 -3.08579  12.7886
   vertex  82.1694 -2.65224  17.3085
  endloop
 endfacet
 facet normal   0.3128 -0.826434 0.468149
  outer loop
   vertex  88.2474 -2.65224  13.2474
   vertex  82.1694 -2.65224  17.3085
   vertex  87.7886 -3.08579  12.7886
  endloop
 endfacet
 facet normal 0.468168 -0.826417 0.312815
  outer loop
   vertex  92.3085 -2.65224  7.16943
   vertex  88.2474 -2.65224  13.2474
   vertex  91.7091 -3.08579  6.92113
  endloop
 endfacet
 facet normal 0.464657 -0.548171 0.695415
  outer loop
   vertex   87.482 -3.73463   12.482
   vertex  87.7886 -3.08579  12.7886
   vertex  81.9211 -3.08579  16.7091
  endloop
 endfacet
 facet normal 0.110424 -0.980048 0.165265
  outer loop
   vertex  88.2474 -2.65224  13.2474
   vertex  88.7886     -2.5  13.7886
   vertex  82.1694 -2.65224  17.3085
  endloop
 endfacet
 facet normal 0.163167 -0.548175 0.820293
  outer loop
   vertex  81.7552 -3.73463  16.3085
   vertex  81.9211 -3.08579  16.7091
   vertex       75 -3.08579  18.0858
  endloop
 endfacet
 facet normal 0.165265 -0.980048 0.110425
  outer loop
   vertex  93.0156     -2.5  7.46233
   vertex  88.7886     -2.5  13.7886
   vertex  92.3085 -2.65224  7.16943
  endloop
 endfacet
 facet normal -0.109849 -0.826417  0.55224
  outer loop
   vertex  67.8306 -2.65224  17.3085
   vertex       75 -3.08579  18.0858
   vertex       75 -2.65224  18.7346
  endloop
 endfacet
 facet normal 0.194933 -0.98005 0.0387748
  outer loop
   vertex     94.5     -2.5 1.19403e-15
   vertex  92.3085 -2.65224  7.16943
   vertex  93.7346 -2.65224 1.14717e-15
  endloop
 endfacet
 facet normal 0.194943 -0.980048 0.0387779
  outer loop
   vertex  93.0156     -2.5  7.46233
   vertex  92.3085 -2.65224  7.16943
   vertex     94.5     -2.5 1.19403e-15
  endloop
 endfacet
 facet normal 0.165265 -0.980048 -0.110425
  outer loop
   vertex  88.7886     -2.5 -13.7886
   vertex  93.0156     -2.5 -7.46233
   vertex  92.3085 -2.65224 -7.16943
  endloop
 endfacet
 facet normal 0.194943 -0.980048 -0.0387779
  outer loop
   vertex  93.0156     -2.5 -7.46233
   vertex     94.5     -2.5 1.19403e-15
   vertex  92.3085 -2.65224 -7.16943
  endloop
 endfacet
 facet normal 0.110415 -0.980052 -0.165247
  outer loop
   vertex  82.4623     -2.5 -18.0157
   vertex  88.7886     -2.5 -13.7886
   vertex  82.1694 -2.65224 -17.3085
  endloop
 endfacet
 facet normal 0.552243 -0.826414 0.109848
  outer loop
   vertex  93.0858 -3.08579 1.10744e-15
   vertex  92.3085 -2.65224  7.16943
   vertex  91.7091 -3.08579  6.92113
  endloop
 endfacet
 facet normal 0.552242 -0.826415 0.109848
  outer loop
   vertex  93.7346 -2.65224 1.14717e-15
   vertex  92.3085 -2.65224  7.16943
   vertex  93.0858 -3.08579 1.10744e-15
  endloop
 endfacet
 facet normal 0.552243 -0.826414 -0.109848
  outer loop
   vertex  92.3085 -2.65224 -7.16943
   vertex  93.7346 -2.65224 1.14717e-15
   vertex  91.7091 -3.08579 -6.92113
  endloop
 endfacet
 facet normal 0.165264 -0.980048 -0.110424
  outer loop
   vertex  88.7886     -2.5 -13.7886
   vertex  92.3085 -2.65224 -7.16943
   vertex  88.2474 -2.65224 -13.2474
  endloop
 endfacet
 facet normal 0.110424 -0.980048 -0.165265
  outer loop
   vertex  88.7886     -2.5 -13.7886
   vertex  88.2474 -2.65224 -13.2474
   vertex  82.1694 -2.65224 -17.3085
  endloop
 endfacet
 facet normal 0.468148 -0.826434 -0.312801
  outer loop
   vertex  88.2474 -2.65224 -13.2474
   vertex  92.3085 -2.65224 -7.16943
   vertex  87.7886 -3.08579 -12.7886
  endloop
 endfacet
 facet normal 0.194933 -0.98005 -0.0387748
  outer loop
   vertex  92.3085 -2.65224 -7.16943
   vertex     94.5     -2.5 1.19403e-15
   vertex  93.7346 -2.65224 1.14717e-15
  endloop
 endfacet
 facet normal 0.312813 -0.826418 -0.468168
  outer loop
   vertex  82.1694 -2.65224 -17.3085
   vertex  88.2474 -2.65224 -13.2474
   vertex  81.9211 -3.08579 -16.7091
  endloop
 endfacet
 facet normal 0.109849 -0.826417 -0.55224
  outer loop
   vertex       75 -3.08579 -18.0858
   vertex       75 -2.65224 -18.7346
   vertex  82.1694 -2.65224 -17.3085
  endloop
 endfacet
 facet normal 0.468146 -0.826434 0.312804
  outer loop
   vertex  88.2474 -2.65224  13.2474
   vertex  87.7886 -3.08579  12.7886
   vertex  91.7091 -3.08579  6.92113
  endloop
 endfacet
 facet normal 0.695416 -0.548168  0.46466
  outer loop
   vertex  91.3085 -3.73463  6.75522
   vertex  91.7091 -3.08579  6.92113
   vertex  87.7886 -3.08579  12.7886
  endloop
 endfacet
 facet normal 0.191484 -0.191403 0.962652
  outer loop
   vertex   81.697     -4.5  16.1679
   vertex  81.7552 -3.73463  16.3085
   vertex       75 -3.73463  17.6522
  endloop
 endfacet
 facet normal 0.163167 -0.548176 0.820293
  outer loop
   vertex  81.7552 -3.73463  16.3085
   vertex       75 -3.08579  18.0858
   vertex       75 -3.73463  17.6522
  endloop
 endfacet
 facet normal 0.695414 -0.54817 0.464659
  outer loop
   vertex   87.482 -3.73463   12.482
   vertex  91.3085 -3.73463  6.75522
   vertex  87.7886 -3.08579  12.7886
  endloop
 endfacet
 facet normal 0.464661 -0.548162 0.695419
  outer loop
   vertex  81.9211 -3.08579  16.7091
   vertex  81.7552 -3.73463  16.3085
   vertex   87.482 -3.73463   12.482
  endloop
 endfacet
 facet normal 0.820293 -0.548175 0.163166
  outer loop
   vertex  91.3085 -3.73463  6.75522
   vertex  92.6522 -3.73463 1.08089e-15
   vertex  91.7091 -3.08579  6.92113
  endloop
 endfacet
 facet normal 0.816094 -0.191428 0.545295
  outer loop
   vertex  91.1679     -4.5  6.69696
   vertex  91.3085 -3.73463  6.75522
   vertex   87.482 -3.73463   12.482
  endloop
 endfacet
 facet normal 0.820292 -0.548177 0.163166
  outer loop
   vertex  92.6522 -3.73463 1.08089e-15
   vertex  93.0858 -3.08579 1.10744e-15
   vertex  91.7091 -3.08579  6.92113
  endloop
 endfacet
 facet normal 0.545297 -0.191397   0.8161
  outer loop
   vertex  87.3744     -4.5  12.3744
   vertex   87.482 -3.73463   12.482
   vertex  81.7552 -3.73463  16.3085
  endloop
 endfacet
 facet normal  0.19148 -0.191431 0.962647
  outer loop
   vertex   81.697     -4.5  16.1679
   vertex       75 -3.73463  17.6522
   vertex       75     -4.5     17.5
  endloop
 endfacet
 facet normal 0.816101 -0.191398 0.545295
  outer loop
   vertex  87.3744     -4.5  12.3744
   vertex  91.1679     -4.5  6.69696
   vertex   87.482 -3.73463   12.482
  endloop
 endfacet
 facet normal 0.545299 -0.191388 0.816101
  outer loop
   vertex  81.7552 -3.73463  16.3085
   vertex   81.697     -4.5  16.1679
   vertex  87.3744     -4.5  12.3744
  endloop
 endfacet
 facet normal 0.962647 -0.191429 0.191482
  outer loop
   vertex  92.6522 -3.73463 1.08089e-15
   vertex  91.3085 -3.73463  6.75522
   vertex     92.5     -4.5 1.07157e-15
  endloop
 endfacet
 facet normal 0.962649 -0.191419 0.191482
  outer loop
   vertex  91.3085 -3.73463  6.75522
   vertex  91.1679     -4.5  6.69696
   vertex     92.5     -4.5 1.07157e-15
  endloop
 endfacet
 facet normal 0.820293 -0.548175 -0.163167
  outer loop
   vertex  93.0858 -3.08579 1.10744e-15
   vertex  91.3085 -3.73463 -6.75522
   vertex  91.7091 -3.08579 -6.92113
  endloop
 endfacet
 facet normal -0.191483 -0.191431 0.962647
  outer loop
   vertex       75     -4.5     17.5
   vertex       75 -3.73463  17.6522
   vertex  68.2448 -3.73463  16.3085
  endloop
 endfacet
 facet normal 0.962647 -0.191429 -0.191482
  outer loop
   vertex  92.6522 -3.73463 1.08089e-15
   vertex     92.5     -4.5 1.07157e-15
   vertex  91.3085 -3.73463 -6.75522
  endloop
 endfacet
 facet normal 0.695414 -0.54817 -0.464659
  outer loop
   vertex   87.482 -3.73463  -12.482
   vertex  87.7886 -3.08579 -12.7886
   vertex  91.7091 -3.08579 -6.92113
  endloop
 endfacet
 facet normal  0.46466 -0.548162 -0.69542
  outer loop
   vertex  87.7886 -3.08579 -12.7886
   vertex  81.7552 -3.73463 -16.3085
   vertex  81.9211 -3.08579 -16.7091
  endloop
 endfacet
 facet normal 0.312803 -0.826434 -0.468147
  outer loop
   vertex  88.2474 -2.65224 -13.2474
   vertex  87.7886 -3.08579 -12.7886
   vertex  81.9211 -3.08579 -16.7091
  endloop
 endfacet
 facet normal 0.464658 -0.548171 -0.695414
  outer loop
   vertex   87.482 -3.73463  -12.482
   vertex  81.7552 -3.73463 -16.3085
   vertex  87.7886 -3.08579 -12.7886
  endloop
 endfacet
 facet normal 0.695416 -0.548168 -0.46466
  outer loop
   vertex  91.7091 -3.08579 -6.92113
   vertex  91.3085 -3.73463 -6.75522
   vertex   87.482 -3.73463  -12.482
  endloop
 endfacet
 facet normal 0.468166 -0.826417 -0.312818
  outer loop
   vertex  87.7886 -3.08579 -12.7886
   vertex  92.3085 -2.65224 -7.16943
   vertex  91.7091 -3.08579 -6.92113
  endloop
 endfacet
 facet normal 0.816094 -0.191428 -0.545295
  outer loop
   vertex  91.1679     -4.5 -6.69696
   vertex   87.482 -3.73463  -12.482
   vertex  91.3085 -3.73463 -6.75522
  endloop
 endfacet
 facet normal 0.962649 -0.191419 -0.191482
  outer loop
   vertex  91.1679     -4.5 -6.69696
   vertex  91.3085 -3.73463 -6.75522
   vertex     92.5     -4.5 1.07157e-15
  endloop
 endfacet
 facet normal 0.545299 -0.191388 -0.816101
  outer loop
   vertex   81.697     -4.5 -16.1679
   vertex  81.7552 -3.73463 -16.3085
   vertex  87.3744     -4.5 -12.3744
  endloop
 endfacet
 facet normal 0.816101 -0.191398 -0.545295
  outer loop
   vertex   87.482 -3.73463  -12.482
   vertex  91.1679     -4.5 -6.69696
   vertex  87.3744     -4.5 -12.3744
  endloop
 endfacet
 facet normal 0.191484 -0.191403 -0.962652
  outer loop
   vertex  81.7552 -3.73463 -16.3085
   vertex   81.697     -4.5 -16.1679
   vertex       75 -3.73463 -17.6522
  endloop
 endfacet
 facet normal 0.545297 -0.191397  -0.8161
  outer loop
   vertex   87.482 -3.73463  -12.482
   vertex  87.3744     -4.5 -12.3744
   vertex  81.7552 -3.73463 -16.3085
  endloop
 endfacet
 facet normal 0.163167 -0.548176 -0.820293
  outer loop
   vertex       75 -3.08579 -18.0858
   vertex  81.9211 -3.08579 -16.7091
   vertex       75 -3.73463 -17.6522
  endloop
 endfacet
 facet normal 0.820292 -0.548177 -0.163166
  outer loop
   vertex  91.3085 -3.73463 -6.75522
   vertex  93.0858 -3.08579 1.10744e-15
   vertex  92.6522 -3.73463 1.08089e-15
  endloop
 endfacet
 facet normal 0.552242 -0.826415 -0.109848
  outer loop
   vertex  91.7091 -3.08579 -6.92113
   vertex  93.7346 -2.65224 1.14717e-15
   vertex  93.0858 -3.08579 1.10744e-15
  endloop
 endfacet
 facet normal 0.0387737 -0.98005 -0.194934
  outer loop
   vertex       75 -2.65224 -18.7346
   vertex       75     -2.5    -19.5
   vertex  82.4623     -2.5 -18.0157
  endloop
 endfacet
 facet normal -0.163167 -0.548176 0.820293
  outer loop
   vertex       75 -3.08579  18.0858
   vertex  68.0789 -3.08579  16.7091
   vertex       75 -3.73463  17.6522
  endloop
 endfacet
 facet normal 0.0387723 -0.980053 -0.194919
  outer loop
   vertex  82.4623     -2.5 -18.0157
   vertex  82.1694 -2.65224 -17.3085
   vertex       75 -2.65224 -18.7346
  endloop
 endfacet
 facet normal -0.0387709 -0.980053 -0.19492
  outer loop
   vertex  67.8306 -2.65224 -17.3085
   vertex  67.5377     -2.5 -18.0157
   vertex       75     -2.5    -19.5
  endloop
 endfacet
 facet normal -0.110415 -0.980052 -0.165247
  outer loop
   vertex  61.2114     -2.5 -13.7886
   vertex  67.5377     -2.5 -18.0157
   vertex  67.8306 -2.65224 -17.3085
  endloop
 endfacet
 facet normal -0.0387753 -0.98005 -0.194934
  outer loop
   vertex       75 -2.65224 -18.7346
   vertex  67.8306 -2.65224 -17.3085
   vertex       75     -2.5    -19.5
  endloop
 endfacet
 facet normal -0.165264 -0.980048 -0.110424
  outer loop
   vertex  61.2114     -2.5 -13.7886
   vertex  61.7526 -2.65224 -13.2474
   vertex  57.6915 -2.65224 -7.16943
  endloop
 endfacet
 facet normal -0.109848 -0.826417 -0.55224
  outer loop
   vertex       75 -3.08579 -18.0858
   vertex  68.0789 -3.08579 -16.7091
   vertex       75 -2.65224 -18.7346
  endloop
 endfacet
 facet normal -0.10985 -0.826413 -0.552244
  outer loop
   vertex  67.8306 -2.65224 -17.3085
   vertex       75 -2.65224 -18.7346
   vertex  68.0789 -3.08579 -16.7091
  endloop
 endfacet
 facet normal -0.312816 -0.826418 -0.468167
  outer loop
   vertex  68.0789 -3.08579 -16.7091
   vertex  62.2114 -3.08579 -12.7886
   vertex  67.8306 -2.65224 -17.3085
  endloop
 endfacet
 facet normal -0.312801 -0.826433 -0.46815
  outer loop
   vertex  61.7526 -2.65224 -13.2474
   vertex  67.8306 -2.65224 -17.3085
   vertex  62.2114 -3.08579 -12.7886
  endloop
 endfacet
 facet normal -0.46817 -0.826416 -0.312816
  outer loop
   vertex  57.6915 -2.65224 -7.16943
   vertex  61.7526 -2.65224 -13.2474
   vertex  58.2909 -3.08579 -6.92113
  endloop
 endfacet
 facet normal -0.464655 -0.548175 -0.695413
  outer loop
   vertex   62.518 -3.73463  -12.482
   vertex  62.2114 -3.08579 -12.7886
   vertex  68.0789 -3.08579 -16.7091
  endloop
 endfacet
 facet normal -0.110424 -0.980048 -0.165264
  outer loop
   vertex  61.7526 -2.65224 -13.2474
   vertex  61.2114     -2.5 -13.7886
   vertex  67.8306 -2.65224 -17.3085
  endloop
 endfacet
 facet normal -0.163167 -0.548175 -0.820293
  outer loop
   vertex  68.2448 -3.73463 -16.3085
   vertex  68.0789 -3.08579 -16.7091
   vertex       75 -3.08579 -18.0858
  endloop
 endfacet
 facet normal -0.165246 -0.980052 -0.110415
  outer loop
   vertex  56.9843     -2.5 -7.46233
   vertex  61.2114     -2.5 -13.7886
   vertex  57.6915 -2.65224 -7.16943
  endloop
 endfacet
 facet normal 0.109849 -0.826413 -0.552245
  outer loop
   vertex  82.1694 -2.65224 -17.3085
   vertex  81.9211 -3.08579 -16.7091
   vertex       75 -3.08579 -18.0858
  endloop
 endfacet
 facet normal -0.194934 -0.98005 -0.0387752
  outer loop
   vertex     55.5     -2.5 -3.58209e-15
   vertex  57.6915 -2.65224 -7.16943
   vertex  56.2654 -2.65224 -3.4415e-15
  endloop
 endfacet
 facet normal -0.194919 -0.980053 -0.0387705
  outer loop
   vertex  56.9843     -2.5 -7.46233
   vertex  57.6915 -2.65224 -7.16943
   vertex     55.5     -2.5 -3.58209e-15
  endloop
 endfacet
 facet normal -0.165262 -0.980048 0.110425
  outer loop
   vertex  61.2114     -2.5  13.7886
   vertex  56.9843     -2.5  7.46233
   vertex  61.7526 -2.65224  13.2474
  endloop
 endfacet
 facet normal -0.194919 -0.980053 0.0387705
  outer loop
   vertex  56.9843     -2.5  7.46233
   vertex     55.5     -2.5 -3.58209e-15
   vertex  57.6915 -2.65224  7.16943
  endloop
 endfacet
 facet normal -0.110425 -0.980048 0.165263
  outer loop
   vertex  67.5377     -2.5  18.0157
   vertex  61.2114     -2.5  13.7886
   vertex  61.7526 -2.65224  13.2474
  endloop
 endfacet
 facet normal -0.552246 -0.826413 -0.109849
  outer loop
   vertex  56.9142 -3.08579 -3.32231e-15
   vertex  57.6915 -2.65224 -7.16943
   vertex  58.2909 -3.08579 -6.92113
  endloop
 endfacet
 facet normal -0.55224 -0.826417 -0.109848
  outer loop
   vertex  56.2654 -2.65224 -3.4415e-15
   vertex  57.6915 -2.65224 -7.16943
   vertex  56.9142 -3.08579 -3.32231e-15
  endloop
 endfacet
 facet normal -0.552245 -0.826413 0.109849
  outer loop
   vertex  57.6915 -2.65224  7.16943
   vertex  56.2654 -2.65224 -3.4415e-15
   vertex  58.2909 -3.08579  6.92113
  endloop
 endfacet
 facet normal -0.165247 -0.980052 0.110413
  outer loop
   vertex  56.9843     -2.5  7.46233
   vertex  57.6915 -2.65224  7.16943
   vertex  61.7526 -2.65224  13.2474
  endloop
 endfacet
 facet normal -0.110413 -0.980052 0.165248
  outer loop
   vertex  67.5377     -2.5  18.0157
   vertex  61.7526 -2.65224  13.2474
   vertex  67.8306 -2.65224  17.3085
  endloop
 endfacet
 facet normal -0.46815 -0.826432 0.312802
  outer loop
   vertex  61.7526 -2.65224  13.2474
   vertex  57.6915 -2.65224  7.16943
   vertex  62.2114 -3.08579  12.7886
  endloop
 endfacet
 facet normal -0.194934 -0.98005 0.0387752
  outer loop
   vertex  57.6915 -2.65224  7.16943
   vertex     55.5     -2.5 -3.58209e-15
   vertex  56.2654 -2.65224 -3.4415e-15
  endloop
 endfacet
 facet normal -0.312813 -0.826418 0.468168
  outer loop
   vertex  67.8306 -2.65224  17.3085
   vertex  61.7526 -2.65224  13.2474
   vertex  68.0789 -3.08579  16.7091
  endloop
 endfacet
 facet normal -0.468148 -0.826433 -0.312805
  outer loop
   vertex  61.7526 -2.65224 -13.2474
   vertex  62.2114 -3.08579 -12.7886
   vertex  58.2909 -3.08579 -6.92113
  endloop
 endfacet
 facet normal -0.695415 -0.54817 -0.464659
  outer loop
   vertex  58.6915 -3.73463 -6.75522
   vertex  58.2909 -3.08579 -6.92113
   vertex  62.2114 -3.08579 -12.7886
  endloop
 endfacet
 facet normal -0.191484 -0.191403 -0.962652
  outer loop
   vertex   68.303     -4.5 -16.1679
   vertex  68.2448 -3.73463 -16.3085
   vertex       75 -3.73463 -17.6522
  endloop
 endfacet
 facet normal -0.163167 -0.548176 -0.820293
  outer loop
   vertex  68.2448 -3.73463 -16.3085
   vertex       75 -3.08579 -18.0858
   vertex       75 -3.73463 -17.6522
  endloop
 endfacet
 facet normal -0.695411 -0.548176 -0.464657
  outer loop
   vertex   62.518 -3.73463  -12.482
   vertex  58.6915 -3.73463 -6.75522
   vertex  62.2114 -3.08579 -12.7886
  endloop
 endfacet
 facet normal -0.464662 -0.548162 -0.695419
  outer loop
   vertex  68.0789 -3.08579 -16.7091
   vertex  68.2448 -3.73463 -16.3085
   vertex   62.518 -3.73463  -12.482
  endloop
 endfacet
 facet normal -0.820291 -0.548178 -0.163166
  outer loop
   vertex  58.6915 -3.73463 -6.75522
   vertex  57.3478 -3.73463 -3.24266e-15
   vertex  58.2909 -3.08579 -6.92113
  endloop
 endfacet
 facet normal -0.816094 -0.191424 -0.545295
  outer loop
   vertex  58.8321     -4.5 -6.69696
   vertex  58.6915 -3.73463 -6.75522
   vertex   62.518 -3.73463  -12.482
  endloop
 endfacet
 facet normal -0.820292 -0.548177 -0.163166
  outer loop
   vertex  57.3478 -3.73463 -3.24266e-15
   vertex  56.9142 -3.08579 -3.32231e-15
   vertex  58.2909 -3.08579 -6.92113
  endloop
 endfacet
 facet normal -0.545298 -0.191391  -0.8161
  outer loop
   vertex  62.6256     -4.5 -12.3744
   vertex   62.518 -3.73463  -12.482
   vertex  68.2448 -3.73463 -16.3085
  endloop
 endfacet
 facet normal -0.19148 -0.191431 -0.962647
  outer loop
   vertex   68.303     -4.5 -16.1679
   vertex       75 -3.73463 -17.6522
   vertex       75     -4.5    -17.5
  endloop
 endfacet
 facet normal -0.816102 -0.19139 -0.545295
  outer loop
   vertex  62.6256     -4.5 -12.3744
   vertex  58.8321     -4.5 -6.69696
   vertex   62.518 -3.73463  -12.482
  endloop
 endfacet
 facet normal -0.545298 -0.191388 -0.816101
  outer loop
   vertex  68.2448 -3.73463 -16.3085
   vertex   68.303     -4.5 -16.1679
   vertex  62.6256     -4.5 -12.3744
  endloop
 endfacet
 facet normal -0.962647 -0.191429 -0.191483
  outer loop
   vertex  57.3478 -3.73463 -3.24266e-15
   vertex  58.6915 -3.73463 -6.75522
   vertex     57.5     -4.5 -3.2147e-15
  endloop
 endfacet
 facet normal -0.96265 -0.191414 -0.191482
  outer loop
   vertex  58.6915 -3.73463 -6.75522
   vertex  58.8321     -4.5 -6.69696
   vertex     57.5     -4.5 -3.2147e-15
  endloop
 endfacet
 facet normal -0.820291 -0.548178 0.163166
  outer loop
   vertex  56.9142 -3.08579 -3.32231e-15
   vertex  58.6915 -3.73463  6.75522
   vertex  58.2909 -3.08579  6.92113
  endloop
 endfacet
 facet normal  0.19148 -0.191431 -0.962647
  outer loop
   vertex   81.697     -4.5 -16.1679
   vertex       75     -4.5    -17.5
   vertex       75 -3.73463 -17.6522
  endloop
 endfacet
 facet normal -0.96265 -0.191414 0.191483
  outer loop
   vertex  58.6915 -3.73463  6.75522
   vertex  57.3478 -3.73463 -3.24266e-15
   vertex  58.8321     -4.5  6.69696
  endloop
 endfacet
 facet normal -0.695412 -0.548176 0.464657
  outer loop
   vertex   62.518 -3.73463   12.482
   vertex  62.2114 -3.08579  12.7886
   vertex  58.2909 -3.08579  6.92113
  endloop
 endfacet
 facet normal -0.46466 -0.548162  0.69542
  outer loop
   vertex  62.2114 -3.08579  12.7886
   vertex  68.2448 -3.73463  16.3085
   vertex  68.0789 -3.08579  16.7091
  endloop
 endfacet
 facet normal -0.312803 -0.826433 0.468148
  outer loop
   vertex  61.7526 -2.65224  13.2474
   vertex  62.2114 -3.08579  12.7886
   vertex  68.0789 -3.08579  16.7091
  endloop
 endfacet
 facet normal -0.464657 -0.548175 0.695412
  outer loop
   vertex   62.518 -3.73463   12.482
   vertex  68.2448 -3.73463  16.3085
   vertex  62.2114 -3.08579  12.7886
  endloop
 endfacet
 facet normal -0.695414 -0.54817 0.464659
  outer loop
   vertex  58.2909 -3.08579  6.92113
   vertex  58.6915 -3.73463  6.75522
   vertex   62.518 -3.73463   12.482
  endloop
 endfacet
 facet normal -0.468168 -0.826416 0.312818
  outer loop
   vertex  62.2114 -3.08579  12.7886
   vertex  57.6915 -2.65224  7.16943
   vertex  58.2909 -3.08579  6.92113
  endloop
 endfacet
 facet normal  -0.8161 -0.19139 0.545299
  outer loop
   vertex  62.6256     -4.5  12.3744
   vertex   62.518 -3.73463   12.482
   vertex  58.6915 -3.73463  6.75522
  endloop
 endfacet
 facet normal -0.962647 -0.191429 0.191481
  outer loop
   vertex     57.5     -4.5 -3.2147e-15
   vertex  58.8321     -4.5  6.69696
   vertex  57.3478 -3.73463 -3.24266e-15
  endloop
 endfacet
 facet normal -0.545298 -0.191391   0.8161
  outer loop
   vertex  62.6256     -4.5  12.3744
   vertex   68.303     -4.5  16.1679
   vertex   62.518 -3.73463   12.482
  endloop
 endfacet
 facet normal -0.816097 -0.191424 0.545292
  outer loop
   vertex  58.6915 -3.73463  6.75522
   vertex  58.8321     -4.5  6.69696
   vertex  62.6256     -4.5  12.3744
  endloop
 endfacet
 facet normal -0.191481 -0.191403 0.962652
  outer loop
   vertex   68.303     -4.5  16.1679
   vertex       75     -4.5     17.5
   vertex  68.2448 -3.73463  16.3085
  endloop
 endfacet
 facet normal -0.545298 -0.191388 0.816101
  outer loop
   vertex  68.2448 -3.73463  16.3085
   vertex   62.518 -3.73463   12.482
   vertex   68.303     -4.5  16.1679
  endloop
 endfacet
 facet normal -0.163167 -0.548175 0.820293
  outer loop
   vertex  68.0789 -3.08579  16.7091
   vertex  68.2448 -3.73463  16.3085
   vertex       75 -3.73463  17.6522
  endloop
 endfacet
 facet normal -0.820292 -0.548177 0.163167
  outer loop
   vertex  58.6915 -3.73463  6.75522
   vertex  56.9142 -3.08579 -3.32231e-15
   vertex  57.3478 -3.73463 -3.24266e-15
  endloop
 endfacet
 facet normal -0.55224 -0.826417 0.109848
  outer loop
   vertex  58.2909 -3.08579  6.92113
   vertex  56.2654 -2.65224 -3.4415e-15
   vertex  56.9142 -3.08579 -3.32231e-15
  endloop
 endfacet
 facet normal -0.109849 -0.826413 0.552245
  outer loop
   vertex       75 -3.08579  18.0858
   vertex  67.8306 -2.65224  17.3085
   vertex  68.0789 -3.08579  16.7091
  endloop
 endfacet
 facet normal 0.163167 -0.548175 -0.820293
  outer loop
   vertex  81.9211 -3.08579 -16.7091
   vertex  81.7552 -3.73463 -16.3085
   vertex       75 -3.73463 -17.6522
  endloop
 endfacet
 facet normal -0.0387709 -0.980053  0.19492
  outer loop
   vertex  67.5377     -2.5  18.0157
   vertex  67.8306 -2.65224  17.3085
   vertex       75     -2.5     19.5
  endloop
 endfacet
 facet normal -0.0387736 -0.98005 0.194934
  outer loop
   vertex -7.46233     -2.5  18.0157
   vertex        0 -2.65224  18.7346
   vertex        0     -2.5     19.5
  endloop
 endfacet
 facet normal 0.0387752 -0.98005 0.194934
  outer loop
   vertex        0     -2.5     19.5
   vertex        0 -2.65224  18.7346
   vertex  7.16943 -2.65224  17.3085
  endloop
 endfacet
 facet normal 0.110415 -0.980052 0.165247
  outer loop
   vertex  13.7886     -2.5  13.7886
   vertex  7.46233     -2.5  18.0157
   vertex  7.16943 -2.65224  17.3085
  endloop
 endfacet
 facet normal 0.0387707 -0.980053  0.19492
  outer loop
   vertex  7.46233     -2.5  18.0157
   vertex        0     -2.5     19.5
   vertex  7.16943 -2.65224  17.3085
  endloop
 endfacet
 facet normal 0.165264 -0.980048 0.110424
  outer loop
   vertex  13.7886     -2.5  13.7886
   vertex  13.2474 -2.65224  13.2474
   vertex  17.3085 -2.65224  7.16943
  endloop
 endfacet
 facet normal 0.109847 -0.826417  0.55224
  outer loop
   vertex        0 -3.08579  18.0858
   vertex  6.92113 -3.08579  16.7091
   vertex        0 -2.65224  18.7346
  endloop
 endfacet
 facet normal 0.109849 -0.826413 0.552245
  outer loop
   vertex  7.16943 -2.65224  17.3085
   vertex        0 -2.65224  18.7346
   vertex  6.92113 -3.08579  16.7091
  endloop
 endfacet
 facet normal 0.312819 -0.826416 0.468168
  outer loop
   vertex  6.92113 -3.08579  16.7091
   vertex  12.7886 -3.08579  12.7886
   vertex  7.16943 -2.65224  17.3085
  endloop
 endfacet
 facet normal 0.312801 -0.826433 0.468149
  outer loop
   vertex  13.2474 -2.65224  13.2474
   vertex  7.16943 -2.65224  17.3085
   vertex  12.7886 -3.08579  12.7886
  endloop
 endfacet
 facet normal  0.46817 -0.826416 0.312816
  outer loop
   vertex  17.3085 -2.65224  7.16943
   vertex  13.2474 -2.65224  13.2474
   vertex  16.7091 -3.08579  6.92113
  endloop
 endfacet
 facet normal 0.464658 -0.548174 0.695413
  outer loop
   vertex   12.482 -3.73463   12.482
   vertex  12.7886 -3.08579  12.7886
   vertex  6.92113 -3.08579  16.7091
  endloop
 endfacet
 facet normal 0.110424 -0.980048 0.165264
  outer loop
   vertex  13.2474 -2.65224  13.2474
   vertex  13.7886     -2.5  13.7886
   vertex  7.16943 -2.65224  17.3085
  endloop
 endfacet
 facet normal 0.163166 -0.548178 0.820291
  outer loop
   vertex  6.75522 -3.73463  16.3085
   vertex  6.92113 -3.08579  16.7091
   vertex        0 -3.08579  18.0858
  endloop
 endfacet
 facet normal 0.165247 -0.980052 0.110415
  outer loop
   vertex  18.0157     -2.5  7.46233
   vertex  13.7886     -2.5  13.7886
   vertex  17.3085 -2.65224  7.16943
  endloop
 endfacet
 facet normal -0.109848 -0.826417  0.55224
  outer loop
   vertex        0 -2.65224  18.7346
   vertex -7.16943 -2.65224  17.3085
   vertex        0 -3.08579  18.0858
  endloop
 endfacet
 facet normal 0.194934 -0.98005 0.0387752
  outer loop
   vertex     19.5     -2.5 1.19403e-15
   vertex  17.3085 -2.65224  7.16943
   vertex  18.7346 -2.65224 1.14717e-15
  endloop
 endfacet
 facet normal  0.19492 -0.980053 0.0387707
  outer loop
   vertex  18.0157     -2.5  7.46233
   vertex  17.3085 -2.65224  7.16943
   vertex     19.5     -2.5 1.19403e-15
  endloop
 endfacet
 facet normal 0.165247 -0.980052 -0.110415
  outer loop
   vertex  13.7886     -2.5 -13.7886
   vertex  18.0157     -2.5 -7.46233
   vertex  17.3085 -2.65224 -7.16943
  endloop
 endfacet
 facet normal  0.19492 -0.980053 -0.0387707
  outer loop
   vertex  18.0157     -2.5 -7.46233
   vertex     19.5     -2.5 1.19403e-15
   vertex  17.3085 -2.65224 -7.16943
  endloop
 endfacet
 facet normal 0.110415 -0.980052 -0.165247
  outer loop
   vertex  7.46233     -2.5 -18.0157
   vertex  13.7886     -2.5 -13.7886
   vertex  7.16943 -2.65224 -17.3085
  endloop
 endfacet
 facet normal 0.552246 -0.826413 0.109849
  outer loop
   vertex  18.0858 -3.08579 1.10744e-15
   vertex  17.3085 -2.65224  7.16943
   vertex  16.7091 -3.08579  6.92113
  endloop
 endfacet
 facet normal  0.55224 -0.826417 0.109848
  outer loop
   vertex  18.7346 -2.65224 1.14717e-15
   vertex  17.3085 -2.65224  7.16943
   vertex  18.0858 -3.08579 1.10744e-15
  endloop
 endfacet
 facet normal 0.552245 -0.826413 -0.109849
  outer loop
   vertex  17.3085 -2.65224 -7.16943
   vertex  18.7346 -2.65224 1.14717e-15
   vertex  16.7091 -3.08579 -6.92113
  endloop
 endfacet
 facet normal 0.165264 -0.980048 -0.110424
  outer loop
   vertex  13.7886     -2.5 -13.7886
   vertex  17.3085 -2.65224 -7.16943
   vertex  13.2474 -2.65224 -13.2474
  endloop
 endfacet
 facet normal 0.110424 -0.980048 -0.165264
  outer loop
   vertex  13.7886     -2.5 -13.7886
   vertex  13.2474 -2.65224 -13.2474
   vertex  7.16943 -2.65224 -17.3085
  endloop
 endfacet
 facet normal 0.468149 -0.826433 -0.312801
  outer loop
   vertex  13.2474 -2.65224 -13.2474
   vertex  17.3085 -2.65224 -7.16943
   vertex  12.7886 -3.08579 -12.7886
  endloop
 endfacet
 facet normal 0.194934 -0.98005 -0.0387752
  outer loop
   vertex  17.3085 -2.65224 -7.16943
   vertex     19.5     -2.5 1.19403e-15
   vertex  18.7346 -2.65224 1.14717e-15
  endloop
 endfacet
 facet normal 0.312816 -0.826416 -0.46817
  outer loop
   vertex  7.16943 -2.65224 -17.3085
   vertex  13.2474 -2.65224 -13.2474
   vertex  6.92113 -3.08579 -16.7091
  endloop
 endfacet
 facet normal 0.0387707 -0.980053 -0.19492
  outer loop
   vertex  7.16943 -2.65224 -17.3085
   vertex 2.38806e-15     -2.5    -19.5
   vertex  7.46233     -2.5 -18.0157
  endloop
 endfacet
 facet normal 0.468146 -0.826434 0.312804
  outer loop
   vertex  13.2474 -2.65224  13.2474
   vertex  12.7886 -3.08579  12.7886
   vertex  16.7091 -3.08579  6.92113
  endloop
 endfacet
 facet normal 0.695414 -0.54817 0.464659
  outer loop
   vertex  16.3085 -3.73463  6.75522
   vertex  16.7091 -3.08579  6.92113
   vertex  12.7886 -3.08579  12.7886
  endloop
 endfacet
 facet normal 0.191483 -0.191417 0.962649
  outer loop
   vertex  6.69696     -4.5  16.1679
   vertex  6.75522 -3.73463  16.3085
   vertex        0 -3.73463  17.6522
  endloop
 endfacet
 facet normal 0.163167 -0.548176 0.820293
  outer loop
   vertex  6.75522 -3.73463  16.3085
   vertex        0 -3.08579  18.0858
   vertex        0 -3.73463  17.6522
  endloop
 endfacet
 facet normal 0.695412 -0.548174 0.464658
  outer loop
   vertex   12.482 -3.73463   12.482
   vertex  16.3085 -3.73463  6.75522
   vertex  12.7886 -3.08579  12.7886
  endloop
 endfacet
 facet normal 0.464659 -0.54817 0.695414
  outer loop
   vertex  6.92113 -3.08579  16.7091
   vertex  6.75522 -3.73463  16.3085
   vertex   12.482 -3.73463   12.482
  endloop
 endfacet
 facet normal 0.820291 -0.548178 0.163166
  outer loop
   vertex  16.3085 -3.73463  6.75522
   vertex  17.6522 -3.73463 1.08089e-15
   vertex  16.7091 -3.08579  6.92113
  endloop
 endfacet
 facet normal 0.816094 -0.191426 0.545295
  outer loop
   vertex  16.1679     -4.5  6.69696
   vertex  16.3085 -3.73463  6.75522
   vertex   12.482 -3.73463   12.482
  endloop
 endfacet
 facet normal 0.820293 -0.548176 0.163166
  outer loop
   vertex  17.6522 -3.73463 1.08089e-15
   vertex  18.0858 -3.08579 1.10744e-15
   vertex  16.7091 -3.08579  6.92113
  endloop
 endfacet
 facet normal 0.545298 -0.191393 0.816099
  outer loop
   vertex  12.3744     -4.5  12.3744
   vertex   12.482 -3.73463   12.482
   vertex  6.75522 -3.73463  16.3085
  endloop
 endfacet
 facet normal 0.191481 -0.191431 0.962647
  outer loop
   vertex  6.69696     -4.5  16.1679
   vertex        0 -3.73463  17.6522
   vertex        0     -4.5     17.5
  endloop
 endfacet
 facet normal 0.816102 -0.191393 0.545295
  outer loop
   vertex  12.3744     -4.5  12.3744
   vertex  16.1679     -4.5  6.69696
   vertex   12.482 -3.73463   12.482
  endloop
 endfacet
 facet normal 0.545292 -0.191426 0.816096
  outer loop
   vertex  6.75522 -3.73463  16.3085
   vertex  6.69696     -4.5  16.1679
   vertex  12.3744     -4.5  12.3744
  endloop
 endfacet
 facet normal 0.962647 -0.191431 0.191483
  outer loop
   vertex  17.6522 -3.73463 1.08089e-15
   vertex  16.3085 -3.73463  6.75522
   vertex     17.5     -4.5 1.07157e-15
  endloop
 endfacet
 facet normal  0.96265 -0.191417 0.191482
  outer loop
   vertex  16.3085 -3.73463  6.75522
   vertex  16.1679     -4.5  6.69696
   vertex     17.5     -4.5 1.07157e-15
  endloop
 endfacet
 facet normal 0.820291 -0.548178 -0.163166
  outer loop
   vertex  18.0858 -3.08579 1.10744e-15
   vertex  16.3085 -3.73463 -6.75522
   vertex  16.7091 -3.08579 -6.92113
  endloop
 endfacet
 facet normal -0.191483 -0.191431 0.962647
  outer loop
   vertex -6.75522 -3.73463  16.3085
   vertex        0     -4.5     17.5
   vertex        0 -3.73463  17.6522
  endloop
 endfacet
 facet normal 0.962649 -0.191417 -0.191483
  outer loop
   vertex  16.3085 -3.73463 -6.75522
   vertex  17.6522 -3.73463 1.08089e-15
   vertex  16.1679     -4.5 -6.69696
  endloop
 endfacet
 facet normal 0.695413 -0.548174 -0.464658
  outer loop
   vertex   12.482 -3.73463  -12.482
   vertex  12.7886 -3.08579 -12.7886
   vertex  16.7091 -3.08579 -6.92113
  endloop
 endfacet
 facet normal 0.464659 -0.54817 -0.695414
  outer loop
   vertex  12.7886 -3.08579 -12.7886
   vertex  6.75522 -3.73463 -16.3085
   vertex  6.92113 -3.08579 -16.7091
  endloop
 endfacet
 facet normal 0.312804 -0.826434 -0.468146
  outer loop
   vertex  13.2474 -2.65224 -13.2474
   vertex  12.7886 -3.08579 -12.7886
   vertex  6.92113 -3.08579 -16.7091
  endloop
 endfacet
 facet normal 0.464658 -0.548174 -0.695412
  outer loop
   vertex   12.482 -3.73463  -12.482
   vertex  6.75522 -3.73463 -16.3085
   vertex  12.7886 -3.08579 -12.7886
  endloop
 endfacet
 facet normal 0.695414 -0.54817 -0.464659
  outer loop
   vertex  16.7091 -3.08579 -6.92113
   vertex  16.3085 -3.73463 -6.75522
   vertex   12.482 -3.73463  -12.482
  endloop
 endfacet
 facet normal 0.468168 -0.826416 -0.312819
  outer loop
   vertex  12.7886 -3.08579 -12.7886
   vertex  17.3085 -2.65224 -7.16943
   vertex  16.7091 -3.08579 -6.92113
  endloop
 endfacet
 facet normal 0.816099 -0.191393 -0.545298
  outer loop
   vertex  12.3744     -4.5 -12.3744
   vertex   12.482 -3.73463  -12.482
   vertex  16.3085 -3.73463 -6.75522
  endloop
 endfacet
 facet normal 0.962647 -0.191431 -0.191481
  outer loop
   vertex     17.5     -4.5 1.07157e-15
   vertex  16.1679     -4.5 -6.69696
   vertex  17.6522 -3.73463 1.08089e-15
  endloop
 endfacet
 facet normal 0.545295 -0.191393 -0.816102
  outer loop
   vertex  12.3744     -4.5 -12.3744
   vertex  6.69696     -4.5 -16.1679
   vertex   12.482 -3.73463  -12.482
  endloop
 endfacet
 facet normal 0.816096 -0.191426 -0.545292
  outer loop
   vertex  16.3085 -3.73463 -6.75522
   vertex  16.1679     -4.5 -6.69696
   vertex  12.3744     -4.5 -12.3744
  endloop
 endfacet
 facet normal 0.191483 -0.191431 -0.962647
  outer loop
   vertex 2.14313e-15     -4.5    -17.5
   vertex 2.16178e-15 -3.73463 -17.6522
   vertex  6.75522 -3.73463 -16.3085
  endloop
 endfacet
 facet normal 0.545295 -0.191426 -0.816094
  outer loop
   vertex  6.75522 -3.73463 -16.3085
   vertex   12.482 -3.73463  -12.482
   vertex  6.69696     -4.5 -16.1679
  endloop
 endfacet
 facet normal 0.163166 -0.548176 -0.820293
  outer loop
   vertex  6.92113 -3.08579 -16.7091
   vertex 2.16178e-15 -3.73463 -17.6522
   vertex 2.21487e-15 -3.08579 -18.0858
  endloop
 endfacet
 facet normal 0.820293 -0.548176 -0.163167
  outer loop
   vertex  16.3085 -3.73463 -6.75522
   vertex  18.0858 -3.08579 1.10744e-15
   vertex  17.6522 -3.73463 1.08089e-15
  endloop
 endfacet
 facet normal  0.55224 -0.826417 -0.109847
  outer loop
   vertex  16.7091 -3.08579 -6.92113
   vertex  18.7346 -2.65224 1.14717e-15
   vertex  18.0858 -3.08579 1.10744e-15
  endloop
 endfacet
 facet normal 0.109848 -0.826417 -0.55224
  outer loop
   vertex  7.16943 -2.65224 -17.3085
   vertex 2.21487e-15 -3.08579 -18.0858
   vertex 2.29433e-15 -2.65224 -18.7346
  endloop
 endfacet
 facet normal -0.163166 -0.548176 0.820293
  outer loop
   vertex        0 -3.73463  17.6522
   vertex        0 -3.08579  18.0858
   vertex -6.92113 -3.08579  16.7091
  endloop
 endfacet
 facet normal 0.0387752 -0.98005 -0.194934
  outer loop
   vertex  7.16943 -2.65224 -17.3085
   vertex 2.29433e-15 -2.65224 -18.7346
   vertex 2.38806e-15     -2.5    -19.5
  endloop
 endfacet
 facet normal -0.0387736 -0.98005 -0.194934
  outer loop
   vertex -7.46233     -2.5 -18.0157
   vertex 2.38806e-15     -2.5    -19.5
   vertex 2.29433e-15 -2.65224 -18.7346
  endloop
 endfacet
 facet normal -0.110426 -0.980048 -0.165263
  outer loop
   vertex -13.7886     -2.5 -13.7886
   vertex -7.46233     -2.5 -18.0157
   vertex -13.2474 -2.65224 -13.2474
  endloop
 endfacet
 facet normal -0.0387722 -0.980053 -0.194919
  outer loop
   vertex 2.29433e-15 -2.65224 -18.7346
   vertex -7.16943 -2.65224 -17.3085
   vertex -7.46233     -2.5 -18.0157
  endloop
 endfacet
 facet normal -0.165263 -0.980048 -0.110426
  outer loop
   vertex -18.0157     -2.5 -7.46233
   vertex -13.7886     -2.5 -13.7886
   vertex -13.2474 -2.65224 -13.2474
  endloop
 endfacet
 facet normal -0.109847 -0.826417 -0.55224
  outer loop
   vertex 2.21487e-15 -3.08579 -18.0858
   vertex -6.92113 -3.08579 -16.7091
   vertex 2.29433e-15 -2.65224 -18.7346
  endloop
 endfacet
 facet normal -0.109849 -0.826413 -0.552245
  outer loop
   vertex -7.16943 -2.65224 -17.3085
   vertex 2.29433e-15 -2.65224 -18.7346
   vertex -6.92113 -3.08579 -16.7091
  endloop
 endfacet
 facet normal -0.312819 -0.826416 -0.468168
  outer loop
   vertex -6.92113 -3.08579 -16.7091
   vertex -12.7886 -3.08579 -12.7886
   vertex -7.16943 -2.65224 -17.3085
  endloop
 endfacet
 facet normal -0.312801 -0.826433 -0.468149
  outer loop
   vertex -13.2474 -2.65224 -13.2474
   vertex -7.16943 -2.65224 -17.3085
   vertex -12.7886 -3.08579 -12.7886
  endloop
 endfacet
 facet normal -0.46817 -0.826416 -0.312816
  outer loop
   vertex -17.3085 -2.65224 -7.16943
   vertex -13.2474 -2.65224 -13.2474
   vertex -16.7091 -3.08579 -6.92113
  endloop
 endfacet
 facet normal -0.464658 -0.548174 -0.695413
  outer loop
   vertex  -12.482 -3.73463  -12.482
   vertex -12.7886 -3.08579 -12.7886
   vertex -6.92113 -3.08579 -16.7091
  endloop
 endfacet
 facet normal -0.110413 -0.980052 -0.165248
  outer loop
   vertex -13.2474 -2.65224 -13.2474
   vertex -7.46233     -2.5 -18.0157
   vertex -7.16943 -2.65224 -17.3085
  endloop
 endfacet
 facet normal -0.163166 -0.548178 -0.820291
  outer loop
   vertex -6.75522 -3.73463 -16.3085
   vertex -6.92113 -3.08579 -16.7091
   vertex 2.21487e-15 -3.08579 -18.0858
  endloop
 endfacet
 facet normal -0.165248 -0.980052 -0.110413
  outer loop
   vertex -17.3085 -2.65224 -7.16943
   vertex -18.0157     -2.5 -7.46233
   vertex -13.2474 -2.65224 -13.2474
  endloop
 endfacet
 facet normal 0.109849 -0.826413 -0.552246
  outer loop
   vertex  7.16943 -2.65224 -17.3085
   vertex  6.92113 -3.08579 -16.7091
   vertex 2.21487e-15 -3.08579 -18.0858
  endloop
 endfacet
 facet normal -0.194919 -0.980053 -0.0387722
  outer loop
   vertex -18.7346 -2.65224 -3.4415e-15
   vertex -18.0157     -2.5 -7.46233
   vertex -17.3085 -2.65224 -7.16943
  endloop
 endfacet
 facet normal -0.194934 -0.98005 -0.0387736
  outer loop
   vertex    -19.5     -2.5 -3.58209e-15
   vertex -18.0157     -2.5 -7.46233
   vertex -18.7346 -2.65224 -3.4415e-15
  endloop
 endfacet
 facet normal -0.165247 -0.980052 0.110415
  outer loop
   vertex -13.7886     -2.5  13.7886
   vertex -18.0157     -2.5  7.46233
   vertex -17.3085 -2.65224  7.16943
  endloop
 endfacet
 facet normal -0.19492 -0.980053 0.0387707
  outer loop
   vertex -18.0157     -2.5  7.46233
   vertex    -19.5     -2.5 -3.58209e-15
   vertex -17.3085 -2.65224  7.16943
  endloop
 endfacet
 facet normal -0.110426 -0.980048 0.165263
  outer loop
   vertex -7.46233     -2.5  18.0157
   vertex -13.7886     -2.5  13.7886
   vertex -13.2474 -2.65224  13.2474
  endloop
 endfacet
 facet normal -0.552246 -0.826413 -0.109849
  outer loop
   vertex -18.0858 -3.08579 -3.32231e-15
   vertex -17.3085 -2.65224 -7.16943
   vertex -16.7091 -3.08579 -6.92113
  endloop
 endfacet
 facet normal -0.55224 -0.826417 -0.109848
  outer loop
   vertex -18.7346 -2.65224 -3.4415e-15
   vertex -17.3085 -2.65224 -7.16943
   vertex -18.0858 -3.08579 -3.32231e-15
  endloop
 endfacet
 facet normal -0.552245 -0.826413 0.109849
  outer loop
   vertex -17.3085 -2.65224  7.16943
   vertex -18.7346 -2.65224 -3.4415e-15
   vertex -16.7091 -3.08579  6.92113
  endloop
 endfacet
 facet normal -0.165264 -0.980048 0.110424
  outer loop
   vertex -13.7886     -2.5  13.7886
   vertex -17.3085 -2.65224  7.16943
   vertex -13.2474 -2.65224  13.2474
  endloop
 endfacet
 facet normal -0.110413 -0.980052 0.165248
  outer loop
   vertex -7.46233     -2.5  18.0157
   vertex -13.2474 -2.65224  13.2474
   vertex -7.16943 -2.65224  17.3085
  endloop
 endfacet
 facet normal -0.468149 -0.826433 0.312801
  outer loop
   vertex -13.2474 -2.65224  13.2474
   vertex -17.3085 -2.65224  7.16943
   vertex -12.7886 -3.08579  12.7886
  endloop
 endfacet
 facet normal -0.194934 -0.98005 0.0387752
  outer loop
   vertex -17.3085 -2.65224  7.16943
   vertex    -19.5     -2.5 -3.58209e-15
   vertex -18.7346 -2.65224 -3.4415e-15
  endloop
 endfacet
 facet normal -0.312816 -0.826416  0.46817
  outer loop
   vertex -7.16943 -2.65224  17.3085
   vertex -13.2474 -2.65224  13.2474
   vertex -6.92113 -3.08579  16.7091
  endloop
 endfacet
 facet normal -0.0387722 -0.980053 0.194919
  outer loop
   vertex -7.16943 -2.65224  17.3085
   vertex        0 -2.65224  18.7346
   vertex -7.46233     -2.5  18.0157
  endloop
 endfacet
 facet normal -0.468146 -0.826434 -0.312804
  outer loop
   vertex -13.2474 -2.65224 -13.2474
   vertex -12.7886 -3.08579 -12.7886
   vertex -16.7091 -3.08579 -6.92113
  endloop
 endfacet
 facet normal -0.695414 -0.54817 -0.464659
  outer loop
   vertex -16.3085 -3.73463 -6.75522
   vertex -16.7091 -3.08579 -6.92113
   vertex -12.7886 -3.08579 -12.7886
  endloop
 endfacet
 facet normal -0.191483 -0.191417 -0.962649
  outer loop
   vertex -6.69696     -4.5 -16.1679
   vertex -6.75522 -3.73463 -16.3085
   vertex 2.16178e-15 -3.73463 -17.6522
  endloop
 endfacet
 facet normal -0.163167 -0.548176 -0.820293
  outer loop
   vertex -6.75522 -3.73463 -16.3085
   vertex 2.21487e-15 -3.08579 -18.0858
   vertex 2.16178e-15 -3.73463 -17.6522
  endloop
 endfacet
 facet normal -0.695412 -0.548174 -0.464658
  outer loop
   vertex  -12.482 -3.73463  -12.482
   vertex -16.3085 -3.73463 -6.75522
   vertex -12.7886 -3.08579 -12.7886
  endloop
 endfacet
 facet normal -0.464659 -0.54817 -0.695414
  outer loop
   vertex -6.92113 -3.08579 -16.7091
   vertex -6.75522 -3.73463 -16.3085
   vertex  -12.482 -3.73463  -12.482
  endloop
 endfacet
 facet normal -0.820291 -0.548178 -0.163166
  outer loop
   vertex -16.3085 -3.73463 -6.75522
   vertex -17.6522 -3.73463 -3.24266e-15
   vertex -16.7091 -3.08579 -6.92113
  endloop
 endfacet
 facet normal -0.816094 -0.191426 -0.545295
  outer loop
   vertex -16.1679     -4.5 -6.69696
   vertex -16.3085 -3.73463 -6.75522
   vertex  -12.482 -3.73463  -12.482
  endloop
 endfacet
 facet normal -0.820293 -0.548176 -0.163166
  outer loop
   vertex -17.6522 -3.73463 -3.24266e-15
   vertex -18.0858 -3.08579 -3.32231e-15
   vertex -16.7091 -3.08579 -6.92113
  endloop
 endfacet
 facet normal -0.545298 -0.191393 -0.816099
  outer loop
   vertex -12.3744     -4.5 -12.3744
   vertex  -12.482 -3.73463  -12.482
   vertex -6.75522 -3.73463 -16.3085
  endloop
 endfacet
 facet normal -0.191481 -0.191431 -0.962647
  outer loop
   vertex -6.69696     -4.5 -16.1679
   vertex 2.16178e-15 -3.73463 -17.6522
   vertex 2.14313e-15     -4.5    -17.5
  endloop
 endfacet
 facet normal -0.816102 -0.191393 -0.545295
  outer loop
   vertex -12.3744     -4.5 -12.3744
   vertex -16.1679     -4.5 -6.69696
   vertex  -12.482 -3.73463  -12.482
  endloop
 endfacet
 facet normal -0.545292 -0.191426 -0.816096
  outer loop
   vertex -6.75522 -3.73463 -16.3085
   vertex -6.69696     -4.5 -16.1679
   vertex -12.3744     -4.5 -12.3744
  endloop
 endfacet
 facet normal -0.962647 -0.191431 -0.191483
  outer loop
   vertex -17.6522 -3.73463 -3.24266e-15
   vertex -16.3085 -3.73463 -6.75522
   vertex    -17.5     -4.5 -3.2147e-15
  endloop
 endfacet
 facet normal -0.96265 -0.191417 -0.191482
  outer loop
   vertex -16.3085 -3.73463 -6.75522
   vertex -16.1679     -4.5 -6.69696
   vertex    -17.5     -4.5 -3.2147e-15
  endloop
 endfacet
 facet normal -0.820291 -0.548178 0.163166
  outer loop
   vertex -18.0858 -3.08579 -3.32231e-15
   vertex -16.3085 -3.73463  6.75522
   vertex -16.7091 -3.08579  6.92113
  endloop
 endfacet
 facet normal 0.191482 -0.191417 -0.96265
  outer loop
   vertex  6.75522 -3.73463 -16.3085
   vertex  6.69696     -4.5 -16.1679
   vertex 2.14313e-15     -4.5    -17.5
  endloop
 endfacet
 facet normal -0.962649 -0.191417 0.191483
  outer loop
   vertex -16.3085 -3.73463  6.75522
   vertex -17.6522 -3.73463 -3.24266e-15
   vertex -16.1679     -4.5  6.69696
  endloop
 endfacet
 facet normal -0.695413 -0.548174 0.464658
  outer loop
   vertex  -12.482 -3.73463   12.482
   vertex -12.7886 -3.08579  12.7886
   vertex -16.7091 -3.08579  6.92113
  endloop
 endfacet
 facet normal -0.464659 -0.54817 0.695414
  outer loop
   vertex -12.7886 -3.08579  12.7886
   vertex -6.75522 -3.73463  16.3085
   vertex -6.92113 -3.08579  16.7091
  endloop
 endfacet
 facet normal -0.312804 -0.826434 0.468146
  outer loop
   vertex -13.2474 -2.65224  13.2474
   vertex -12.7886 -3.08579  12.7886
   vertex -6.92113 -3.08579  16.7091
  endloop
 endfacet
 facet normal -0.464658 -0.548174 0.695412
  outer loop
   vertex  -12.482 -3.73463   12.482
   vertex -6.75522 -3.73463  16.3085
   vertex -12.7886 -3.08579  12.7886
  endloop
 endfacet
 facet normal -0.695414 -0.54817 0.464659
  outer loop
   vertex -16.7091 -3.08579  6.92113
   vertex -16.3085 -3.73463  6.75522
   vertex  -12.482 -3.73463   12.482
  endloop
 endfacet
 facet normal -0.468168 -0.826416 0.312819
  outer loop
   vertex -12.7886 -3.08579  12.7886
   vertex -17.3085 -2.65224  7.16943
   vertex -16.7091 -3.08579  6.92113
  endloop
 endfacet
 facet normal -0.816099 -0.191393 0.545298
  outer loop
   vertex -12.3744     -4.5  12.3744
   vertex  -12.482 -3.73463   12.482
   vertex -16.3085 -3.73463  6.75522
  endloop
 endfacet
 facet normal -0.962647 -0.191431 0.191481
  outer loop
   vertex    -17.5     -4.5 -3.2147e-15
   vertex -16.1679     -4.5  6.69696
   vertex -17.6522 -3.73463 -3.24266e-15
  endloop
 endfacet
 facet normal -0.545295 -0.191393 0.816102
  outer loop
   vertex -12.3744     -4.5  12.3744
   vertex -6.69696     -4.5  16.1679
   vertex  -12.482 -3.73463   12.482
  endloop
 endfacet
 facet normal -0.816096 -0.191426 0.545292
  outer loop
   vertex -16.3085 -3.73463  6.75522
   vertex -16.1679     -4.5  6.69696
   vertex -12.3744     -4.5  12.3744
  endloop
 endfacet
 facet normal -0.191482 -0.191417  0.96265
  outer loop
   vertex -6.69696     -4.5  16.1679
   vertex        0     -4.5     17.5
   vertex -6.75522 -3.73463  16.3085
  endloop
 endfacet
 facet normal -0.545295 -0.191426 0.816094
  outer loop
   vertex -6.75522 -3.73463  16.3085
   vertex  -12.482 -3.73463   12.482
   vertex -6.69696     -4.5  16.1679
  endloop
 endfacet
 facet normal -0.163166 -0.548178 0.820291
  outer loop
   vertex -6.92113 -3.08579  16.7091
   vertex -6.75522 -3.73463  16.3085
   vertex        0 -3.73463  17.6522
  endloop
 endfacet
 facet normal -0.820293 -0.548176 0.163167
  outer loop
   vertex -16.3085 -3.73463  6.75522
   vertex -18.0858 -3.08579 -3.32231e-15
   vertex -17.6522 -3.73463 -3.24266e-15
  endloop
 endfacet
 facet normal -0.55224 -0.826417 0.109847
  outer loop
   vertex -16.7091 -3.08579  6.92113
   vertex -18.7346 -2.65224 -3.4415e-15
   vertex -18.0858 -3.08579 -3.32231e-15
  endloop
 endfacet
 facet normal -0.109849 -0.826413 0.552246
  outer loop
   vertex        0 -3.08579  18.0858
   vertex -7.16943 -2.65224  17.3085
   vertex -6.92113 -3.08579  16.7091
  endloop
 endfacet
 facet normal 0.163166 -0.548178 -0.820291
  outer loop
   vertex  6.92113 -3.08579 -16.7091
   vertex  6.75522 -3.73463 -16.3085
   vertex 2.16178e-15 -3.73463 -17.6522
  endloop
 endfacet
 facet normal -0.195097       -0 -0.980784
  outer loop
   vertex  -74.139     -0.2  2.07873
   vertex  -74.139     -2.5  2.07873
   vertex      -75     -2.5     2.25
  endloop
 endfacet
 facet normal -0.831493       -0 -0.555535
  outer loop
   vertex  -73.409     -0.2  1.59099
   vertex -72.9213     -2.5 0.861038
   vertex  -73.409     -2.5  1.59099
  endloop
 endfacet
 facet normal -0.555545       -0 -0.831487
  outer loop
   vertex  -74.139     -0.2  2.07873
   vertex  -73.409     -2.5  1.59099
   vertex  -74.139     -2.5  2.07873
  endloop
 endfacet
 facet normal -0.980778 2.33765e-17 0.195125
  outer loop
   vertex   -72.75     -0.2 -1.37773e-16
   vertex -72.9213     -2.5 -0.861038
   vertex   -72.75     -2.5 1.37773e-16
  endloop
 endfacet
 facet normal -0.555545        0 0.831487
  outer loop
   vertex  -74.139     -0.2 -2.07873
   vertex  -74.139     -2.5 -2.07873
   vertex  -73.409     -2.5 -1.59099
  endloop
 endfacet
 facet normal -0.831493        0 0.555535
  outer loop
   vertex  -73.409     -0.2 -1.59099
   vertex  -73.409     -2.5 -1.59099
   vertex -72.9213     -2.5 -0.861038
  endloop
 endfacet
 facet normal -0.980778       -0 -0.195125
  outer loop
   vertex -72.9213     -0.2 0.861038
   vertex   -72.75     -2.5 1.37773e-16
   vertex -72.9213     -2.5 0.861038
  endloop
 endfacet
 facet normal -0.195097        0 -0.980784
  outer loop
   vertex      -75     -2.5     2.25
   vertex      -75     -0.2     2.25
   vertex  -74.139     -0.2  2.07873
  endloop
 endfacet
 facet normal -0.831493        0 -0.555535
  outer loop
   vertex -72.9213     -2.5 0.861038
   vertex  -73.409     -0.2  1.59099
   vertex -72.9213     -0.2 0.861038
  endloop
 endfacet
 facet normal -0.555545       -0 -0.831487
  outer loop
   vertex  -73.409     -0.2  1.59099
   vertex  -73.409     -2.5  1.59099
   vertex  -74.139     -0.2  2.07873
  endloop
 endfacet
 facet normal -0.980778        0 0.195125
  outer loop
   vertex -72.9213     -2.5 -0.861038
   vertex   -72.75     -0.2 -1.37773e-16
   vertex -72.9213     -0.2 -0.861038
  endloop
 endfacet
 facet normal -0.555545        0 0.831487
  outer loop
   vertex  -73.409     -2.5 -1.59099
   vertex  -73.409     -0.2 -1.59099
   vertex  -74.139     -0.2 -2.07873
  endloop
 endfacet
 facet normal -0.831493        0 0.555535
  outer loop
   vertex  -73.409     -0.2 -1.59099
   vertex -72.9213     -2.5 -0.861038
   vertex -72.9213     -0.2 -0.861038
  endloop
 endfacet
 facet normal -0.980778 -2.33765e-17 -0.195125
  outer loop
   vertex   -72.75     -0.2 -1.37773e-16
   vertex   -72.75     -2.5 1.37773e-16
   vertex -72.9213     -0.2 0.861038
  endloop
 endfacet
 facet normal -0.195097        0 0.980784
  outer loop
   vertex  -74.139     -2.5 -2.07873
   vertex      -75     -0.2    -2.25
   vertex      -75     -2.5    -2.25
  endloop
 endfacet
 facet normal 0.195097        0 -0.980784
  outer loop
   vertex  -75.861     -0.2  2.07873
   vertex      -75     -0.2     2.25
   vertex      -75     -2.5     2.25
  endloop
 endfacet
 facet normal 0.195097        0 0.980784
  outer loop
   vertex  -75.861     -0.2 -2.07873
   vertex  -75.861     -2.5 -2.07873
   vertex      -75     -2.5    -2.25
  endloop
 endfacet
 facet normal 0.831493        0 0.555535
  outer loop
   vertex -77.0787     -0.2 -0.861038
   vertex -77.0787     -2.5 -0.861038
   vertex  -76.591     -2.5 -1.59099
  endloop
 endfacet
 facet normal 0.555545        0 0.831487
  outer loop
   vertex  -76.591     -0.2 -1.59099
   vertex  -76.591     -2.5 -1.59099
   vertex  -75.861     -2.5 -2.07873
  endloop
 endfacet
 facet normal 0.980778        0 -0.195125
  outer loop
   vertex -77.0787     -0.2 0.861038
   vertex -77.0787     -2.5 0.861038
   vertex   -77.25     -2.5 -4.13318e-16
  endloop
 endfacet
 facet normal 0.555545        0 -0.831487
  outer loop
   vertex  -76.591     -0.2  1.59099
   vertex  -75.861     -2.5  2.07873
   vertex  -76.591     -2.5  1.59099
  endloop
 endfacet
 facet normal 0.831493        0 -0.555535
  outer loop
   vertex -77.0787     -0.2 0.861038
   vertex  -76.591     -2.5  1.59099
   vertex -77.0787     -2.5 0.861038
  endloop
 endfacet
 facet normal 0.980778 -7.01293e-17 0.195125
  outer loop
   vertex   -77.25     -0.2 4.13318e-16
   vertex   -77.25     -2.5 -4.13318e-16
   vertex -77.0787     -2.5 -0.861038
  endloop
 endfacet
 facet normal 0.195097       -0 0.980784
  outer loop
   vertex      -75     -2.5    -2.25
   vertex      -75     -0.2    -2.25
   vertex  -75.861     -0.2 -2.07873
  endloop
 endfacet
 facet normal 0.831493       -0 0.555535
  outer loop
   vertex  -76.591     -2.5 -1.59099
   vertex  -76.591     -0.2 -1.59099
   vertex -77.0787     -0.2 -0.861038
  endloop
 endfacet
 facet normal 0.555545        0 0.831487
  outer loop
   vertex  -76.591     -0.2 -1.59099
   vertex  -75.861     -2.5 -2.07873
   vertex  -75.861     -0.2 -2.07873
  endloop
 endfacet
 facet normal 0.980778 7.01293e-17 -0.195125
  outer loop
   vertex   -77.25     -2.5 -4.13318e-16
   vertex   -77.25     -0.2 4.13318e-16
   vertex -77.0787     -0.2 0.861038
  endloop
 endfacet
 facet normal 0.555545        0 -0.831487
  outer loop
   vertex  -75.861     -2.5  2.07873
   vertex  -76.591     -0.2  1.59099
   vertex  -75.861     -0.2  2.07873
  endloop
 endfacet
 facet normal 0.831493        0 -0.555535
  outer loop
   vertex  -76.591     -0.2  1.59099
   vertex  -76.591     -2.5  1.59099
   vertex -77.0787     -0.2 0.861038
  endloop
 endfacet
 facet normal 0.980778        0 0.195125
  outer loop
   vertex   -77.25     -0.2 4.13318e-16
   vertex -77.0787     -2.5 -0.861038
   vertex -77.0787     -0.2 -0.861038
  endloop
 endfacet
 facet normal 0.195097        0 -0.980784
  outer loop
   vertex  -75.861     -0.2  2.07873
   vertex      -75     -2.5     2.25
   vertex  -75.861     -2.5  2.07873
  endloop
 endfacet
 facet normal -0.195097        0 0.980784
  outer loop
   vertex  -74.139     -2.5 -2.07873
   vertex  -74.139     -0.2 -2.07873
   vertex      -75     -0.2    -2.25
  endloop
 endfacet
 facet normal -0.195089 -4.67443e-17 -0.980786
  outer loop
   vertex -5.51091e-16     -0.2     2.25
   vertex 0.861038     -2.5  2.07873
   vertex        0     -2.5     2.25
  endloop
 endfacet
 facet normal -0.831469       -0 -0.555572
  outer loop
   vertex  1.59099     -0.2  1.59099
   vertex  2.07873     -2.5 0.861038
   vertex  1.59099     -2.5  1.59099
  endloop
 endfacet
 facet normal -0.555572       -0 -0.831469
  outer loop
   vertex 0.861038     -0.2  2.07873
   vertex  1.59099     -2.5  1.59099
   vertex 0.861038     -2.5  2.07873
  endloop
 endfacet
 facet normal -0.980786 2.33722e-17 0.195089
  outer loop
   vertex     2.25     -0.2 -1.37773e-16
   vertex  2.07873     -2.5 -0.861038
   vertex     2.25     -2.5 1.37773e-16
  endloop
 endfacet
 facet normal -0.555572        0 0.831469
  outer loop
   vertex  1.59099     -0.2 -1.59099
   vertex 0.861038     -2.5 -2.07873
   vertex  1.59099     -2.5 -1.59099
  endloop
 endfacet
 facet normal -0.831469        0 0.555572
  outer loop
   vertex  2.07873     -0.2 -0.861038
   vertex  1.59099     -2.5 -1.59099
   vertex  2.07873     -2.5 -0.861038
  endloop
 endfacet
 facet normal -0.980786       -0 -0.195089
  outer loop
   vertex  2.07873     -0.2 0.861038
   vertex     2.25     -2.5 1.37773e-16
   vertex  2.07873     -2.5 0.861038
  endloop
 endfacet
 facet normal -0.195089        0 -0.980786
  outer loop
   vertex 0.861038     -2.5  2.07873
   vertex -5.51091e-16     -0.2     2.25
   vertex 0.861038     -0.2  2.07873
  endloop
 endfacet
 facet normal -0.831469        0 -0.555572
  outer loop
   vertex  2.07873     -2.5 0.861038
   vertex  1.59099     -0.2  1.59099
   vertex  2.07873     -0.2 0.861038
  endloop
 endfacet
 facet normal -0.555572       -0 -0.831469
  outer loop
   vertex  1.59099     -0.2  1.59099
   vertex  1.59099     -2.5  1.59099
   vertex 0.861038     -0.2  2.07873
  endloop
 endfacet
 facet normal -0.980786        0 0.195089
  outer loop
   vertex  2.07873     -2.5 -0.861038
   vertex     2.25     -0.2 -1.37773e-16
   vertex  2.07873     -0.2 -0.861038
  endloop
 endfacet
 facet normal -0.555572        0 0.831469
  outer loop
   vertex 0.861038     -2.5 -2.07873
   vertex  1.59099     -0.2 -1.59099
   vertex 0.861038     -0.2 -2.07873
  endloop
 endfacet
 facet normal -0.831469        0 0.555572
  outer loop
   vertex  1.59099     -0.2 -1.59099
   vertex  1.59099     -2.5 -1.59099
   vertex  2.07873     -0.2 -0.861038
  endloop
 endfacet
 facet normal -0.980786 -2.33722e-17 -0.195089
  outer loop
   vertex     2.25     -0.2 -1.37773e-16
   vertex     2.25     -2.5 1.37773e-16
   vertex  2.07873     -0.2 0.861038
  endloop
 endfacet
 facet normal -0.195089        0 0.980786
  outer loop
   vertex 0.861038     -0.2 -2.07873
   vertex 2.75546e-16     -2.5    -2.25
   vertex 0.861038     -2.5 -2.07873
  endloop
 endfacet
 facet normal 0.195089 4.12378e-17 -0.980786
  outer loop
   vertex -0.861038     -0.2  2.07873
   vertex -5.51091e-16     -0.2     2.25
   vertex        0     -2.5     2.25
  endloop
 endfacet
 facet normal 0.195089 2.33722e-17 0.980786
  outer loop
   vertex        0     -0.2    -2.25
   vertex -0.861038     -2.5 -2.07873
   vertex 2.75546e-16     -2.5    -2.25
  endloop
 endfacet
 facet normal 0.831469        0 0.555572
  outer loop
   vertex -1.59099     -0.2 -1.59099
   vertex -2.07873     -2.5 -0.861038
   vertex -1.59099     -2.5 -1.59099
  endloop
 endfacet
 facet normal 0.555572        0 0.831469
  outer loop
   vertex -0.861038     -0.2 -2.07873
   vertex -1.59099     -2.5 -1.59099
   vertex -0.861038     -2.5 -2.07873
  endloop
 endfacet
 facet normal 0.980786        0 -0.195089
  outer loop
   vertex -2.07873     -0.2 0.861038
   vertex -2.07873     -2.5 0.861038
   vertex    -2.25     -2.5 -4.13318e-16
  endloop
 endfacet
 facet normal 0.555572        0 -0.831469
  outer loop
   vertex -0.861038     -0.2  2.07873
   vertex -0.861038     -2.5  2.07873
   vertex -1.59099     -2.5  1.59099
  endloop
 endfacet
 facet normal 0.831469        0 -0.555572
  outer loop
   vertex -1.59099     -0.2  1.59099
   vertex -1.59099     -2.5  1.59099
   vertex -2.07873     -2.5 0.861038
  endloop
 endfacet
 facet normal 0.980786 -7.01163e-17 0.195089
  outer loop
   vertex    -2.25     -0.2 4.13318e-16
   vertex    -2.25     -2.5 -4.13318e-16
   vertex -2.07873     -2.5 -0.861038
  endloop
 endfacet
 facet normal 0.195089       -0 0.980786
  outer loop
   vertex -0.861038     -2.5 -2.07873
   vertex        0     -0.2    -2.25
   vertex -0.861038     -0.2 -2.07873
  endloop
 endfacet
 facet normal 0.831469       -0 0.555572
  outer loop
   vertex -2.07873     -2.5 -0.861038
   vertex -1.59099     -0.2 -1.59099
   vertex -2.07873     -0.2 -0.861038
  endloop
 endfacet
 facet normal 0.555572        0 0.831469
  outer loop
   vertex -1.59099     -0.2 -1.59099
   vertex -1.59099     -2.5 -1.59099
   vertex -0.861038     -0.2 -2.07873
  endloop
 endfacet
 facet normal 0.980786 7.01163e-17 -0.195089
  outer loop
   vertex    -2.25     -2.5 -4.13318e-16
   vertex    -2.25     -0.2 4.13318e-16
   vertex -2.07873     -0.2 0.861038
  endloop
 endfacet
 facet normal 0.555572        0 -0.831469
  outer loop
   vertex -1.59099     -2.5  1.59099
   vertex -1.59099     -0.2  1.59099
   vertex -0.861038     -0.2  2.07873
  endloop
 endfacet
 facet normal 0.831469        0 -0.555572
  outer loop
   vertex -1.59099     -0.2  1.59099
   vertex -2.07873     -2.5 0.861038
   vertex -2.07873     -0.2 0.861038
  endloop
 endfacet
 facet normal 0.980786        0 0.195089
  outer loop
   vertex    -2.25     -0.2 4.13318e-16
   vertex -2.07873     -2.5 -0.861038
   vertex -2.07873     -0.2 -0.861038
  endloop
 endfacet
 facet normal 0.195089        0 -0.980786
  outer loop
   vertex -0.861038     -0.2  2.07873
   vertex        0     -2.5     2.25
   vertex -0.861038     -2.5  2.07873
  endloop
 endfacet
 facet normal -0.195089 -1.37459e-17 0.980786
  outer loop
   vertex 0.861038     -0.2 -2.07873
   vertex        0     -0.2    -2.25
   vertex 2.75546e-16     -2.5    -2.25
  endloop
 endfacet
 facet normal -0.195097       -0 -0.980784
  outer loop
   vertex   75.861     -0.2  2.07873
   vertex   75.861     -2.5  2.07873
   vertex       75     -2.5     2.25
  endloop
 endfacet
 facet normal -0.831493       -0 -0.555535
  outer loop
   vertex   76.591     -0.2  1.59099
   vertex  77.0787     -2.5 0.861038
   vertex   76.591     -2.5  1.59099
  endloop
 endfacet
 facet normal -0.555545       -0 -0.831487
  outer loop
   vertex   75.861     -0.2  2.07873
   vertex   76.591     -2.5  1.59099
   vertex   75.861     -2.5  2.07873
  endloop
 endfacet
 facet normal -0.980778 2.33765e-17 0.195125
  outer loop
   vertex    77.25     -0.2 -1.37773e-16
   vertex  77.0787     -2.5 -0.861038
   vertex    77.25     -2.5 1.37773e-16
  endloop
 endfacet
 facet normal -0.555545        0 0.831487
  outer loop
   vertex   75.861     -0.2 -2.07873
   vertex   75.861     -2.5 -2.07873
   vertex   76.591     -2.5 -1.59099
  endloop
 endfacet
 facet normal -0.831493        0 0.555535
  outer loop
   vertex   76.591     -0.2 -1.59099
   vertex   76.591     -2.5 -1.59099
   vertex  77.0787     -2.5 -0.861038
  endloop
 endfacet
 facet normal -0.980778       -0 -0.195125
  outer loop
   vertex  77.0787     -0.2 0.861038
   vertex    77.25     -2.5 1.37773e-16
   vertex  77.0787     -2.5 0.861038
  endloop
 endfacet
 facet normal -0.195097        0 -0.980784
  outer loop
   vertex       75     -2.5     2.25
   vertex       75     -0.2     2.25
   vertex   75.861     -0.2  2.07873
  endloop
 endfacet
 facet normal -0.831493        0 -0.555535
  outer loop
   vertex  77.0787     -2.5 0.861038
   vertex   76.591     -0.2  1.59099
   vertex  77.0787     -0.2 0.861038
  endloop
 endfacet
 facet normal -0.555545       -0 -0.831487
  outer loop
   vertex   76.591     -0.2  1.59099
   vertex   76.591     -2.5  1.59099
   vertex   75.861     -0.2  2.07873
  endloop
 endfacet
 facet normal -0.980778        0 0.195125
  outer loop
   vertex  77.0787     -2.5 -0.861038
   vertex    77.25     -0.2 -1.37773e-16
   vertex  77.0787     -0.2 -0.861038
  endloop
 endfacet
 facet normal -0.555545        0 0.831487
  outer loop
   vertex   76.591     -2.5 -1.59099
   vertex   76.591     -0.2 -1.59099
   vertex   75.861     -0.2 -2.07873
  endloop
 endfacet
 facet normal -0.831493        0 0.555535
  outer loop
   vertex   76.591     -0.2 -1.59099
   vertex  77.0787     -2.5 -0.861038
   vertex  77.0787     -0.2 -0.861038
  endloop
 endfacet
 facet normal -0.980778 -2.33765e-17 -0.195125
  outer loop
   vertex    77.25     -0.2 -1.37773e-16
   vertex    77.25     -2.5 1.37773e-16
   vertex  77.0787     -0.2 0.861038
  endloop
 endfacet
 facet normal -0.195097        0 0.980784
  outer loop
   vertex   75.861     -2.5 -2.07873
   vertex       75     -0.2    -2.25
   vertex       75     -2.5    -2.25
  endloop
 endfacet
 facet normal 0.195097        0 -0.980784
  outer loop
   vertex   74.139     -0.2  2.07873
   vertex       75     -0.2     2.25
   vertex       75     -2.5     2.25
  endloop
 endfacet
 facet normal 0.195097        0 0.980784
  outer loop
   vertex   74.139     -0.2 -2.07873
   vertex   74.139     -2.5 -2.07873
   vertex       75     -2.5    -2.25
  endloop
 endfacet
 facet normal 0.831493        0 0.555535
  outer loop
   vertex  72.9213     -0.2 -0.861038
   vertex  72.9213     -2.5 -0.861038
   vertex   73.409     -2.5 -1.59099
  endloop
 endfacet
 facet normal 0.555545        0 0.831487
  outer loop
   vertex   73.409     -0.2 -1.59099
   vertex   73.409     -2.5 -1.59099
   vertex   74.139     -2.5 -2.07873
  endloop
 endfacet
 facet normal 0.980778        0 -0.195125
  outer loop
   vertex  72.9213     -0.2 0.861038
   vertex  72.9213     -2.5 0.861038
   vertex    72.75     -2.5 -4.13318e-16
  endloop
 endfacet
 facet normal 0.555545        0 -0.831487
  outer loop
   vertex   73.409     -0.2  1.59099
   vertex   74.139     -2.5  2.07873
   vertex   73.409     -2.5  1.59099
  endloop
 endfacet
 facet normal 0.831493        0 -0.555535
  outer loop
   vertex  72.9213     -0.2 0.861038
   vertex   73.409     -2.5  1.59099
   vertex  72.9213     -2.5 0.861038
  endloop
 endfacet
 facet normal 0.980778 -7.01293e-17 0.195125
  outer loop
   vertex    72.75     -0.2 4.13318e-16
   vertex    72.75     -2.5 -4.13318e-16
   vertex  72.9213     -2.5 -0.861038
  endloop
 endfacet
 facet normal 0.195097       -0 0.980784
  outer loop
   vertex       75     -2.5    -2.25
   vertex       75     -0.2    -2.25
   vertex   74.139     -0.2 -2.07873
  endloop
 endfacet
 facet normal 0.831493       -0 0.555535
  outer loop
   vertex   73.409     -2.5 -1.59099
   vertex   73.409     -0.2 -1.59099
   vertex  72.9213     -0.2 -0.861038
  endloop
 endfacet
 facet normal 0.555545        0 0.831487
  outer loop
   vertex   73.409     -0.2 -1.59099
   vertex   74.139     -2.5 -2.07873
   vertex   74.139     -0.2 -2.07873
  endloop
 endfacet
 facet normal 0.980778 7.01293e-17 -0.195125
  outer loop
   vertex    72.75     -2.5 -4.13318e-16
   vertex    72.75     -0.2 4.13318e-16
   vertex  72.9213     -0.2 0.861038
  endloop
 endfacet
 facet normal 0.555545        0 -0.831487
  outer loop
   vertex   74.139     -2.5  2.07873
   vertex   73.409     -0.2  1.59099
   vertex   74.139     -0.2  2.07873
  endloop
 endfacet
 facet normal 0.831493        0 -0.555535
  outer loop
   vertex   73.409     -0.2  1.59099
   vertex   73.409     -2.5  1.59099
   vertex  72.9213     -0.2 0.861038
  endloop
 endfacet
 facet normal 0.980778        0 0.195125
  outer loop
   vertex    72.75     -0.2 4.13318e-16
   vertex  72.9213     -2.5 -0.861038
   vertex  72.9213     -0.2 -0.861038
  endloop
 endfacet
 facet normal 0.195097        0 -0.980784
  outer loop
   vertex   74.139     -0.2  2.07873
   vertex       75     -2.5     2.25
   vertex   74.139     -2.5  2.07873
  endloop
 endfacet
 facet normal -0.195097        0 0.980784
  outer loop
   vertex   75.861     -2.5 -2.07873
   vertex   75.861     -0.2 -2.07873
   vertex       75     -0.2    -2.25
  endloop
 endfacet
 facet normal        0        1        0
  outer loop
   vertex  73.9476      0.3  2.54067
   vertex  73.0555      0.3  1.94454
   vertex   71.818      0.3  3.18198
  endloop
 endfacet
 facet normal        0        1       -0
  outer loop
   vertex  72.4593      0.3  1.05238
   vertex   71.818      0.3  3.18198
   vertex  73.0555      0.3  1.94454
  endloop
 endfacet
 facet normal        0        1        0
  outer loop
   vertex       75      0.3     2.75
   vertex  73.9476      0.3  2.54067
   vertex  73.2779      0.3  4.15746
  endloop
 endfacet
 facet normal       -0        1        0
  outer loop
   vertex   71.818      0.3  3.18198
   vertex  73.2779      0.3  4.15746
   vertex  73.9476      0.3  2.54067
  endloop
 endfacet
 facet normal        0        1        0
  outer loop
   vertex  72.4593      0.3  1.05238
   vertex     70.5      0.3        0
   vertex  70.8425      0.3  1.72208
  endloop
 endfacet
 facet normal        0        1        0
  outer loop
   vertex     70.5      0.3        0
   vertex  72.4593      0.3  1.05238
   vertex    72.25      0.3 5.05167e-16
  endloop
 endfacet
 facet normal        0        1        0
  outer loop
   vertex    72.25      0.3 5.05167e-16
   vertex  70.8425      0.3 -1.72208
   vertex     70.5      0.3        0
  endloop
 endfacet
 facet normal        0        1        0
  outer loop
   vertex   71.818      0.3  3.18198
   vertex  72.4593      0.3  1.05238
   vertex  70.8425      0.3  1.72208
  endloop
 endfacet
 facet normal        0        1        0
  outer loop
   vertex  76.7221      0.3  4.15746
   vertex       75      0.3     2.75
   vertex       75      0.3      4.5
  endloop
 endfacet
 facet normal       -0        1        0
  outer loop
   vertex  73.2779      0.3  4.15746
   vertex       75      0.3      4.5
   vertex       75      0.3     2.75
  endloop
 endfacet
 facet normal        0        1        0
  outer loop
   vertex  76.7221      0.3  4.15746
   vertex   78.182      0.3  3.18198
   vertex  76.0524      0.3  2.54067
  endloop
 endfacet
 facet normal        0        1       -0
  outer loop
   vertex  76.0524      0.3  2.54067
   vertex       75      0.3     2.75
   vertex  76.7221      0.3  4.15746
  endloop
 endfacet
 facet normal       -0        1        0
  outer loop
   vertex  76.9445      0.3  1.94454
   vertex   78.182      0.3  3.18198
   vertex  77.5407      0.3  1.05238
  endloop
 endfacet
 facet normal        0        1        0
  outer loop
   vertex     79.5      0.3 -5.51091e-16
   vertex  77.5407      0.3  1.05238
   vertex  79.1575      0.3  1.72208
  endloop
 endfacet
 facet normal        0        1        0
  outer loop
   vertex  77.5407      0.3  1.05238
   vertex   78.182      0.3  3.18198
   vertex  79.1575      0.3  1.72208
  endloop
 endfacet
 facet normal       -0        1        0
  outer loop
   vertex  76.0524      0.3  2.54067
   vertex   78.182      0.3  3.18198
   vertex  76.9445      0.3  1.94454
  endloop
 endfacet
 facet normal        0        1        0
  outer loop
   vertex   71.818      0.3 -3.18198
   vertex  72.4593      0.3 -1.05238
   vertex  73.0555      0.3 -1.94454
  endloop
 endfacet
 facet normal        0        1        0
  outer loop
   vertex    72.25      0.3 5.05167e-16
   vertex  72.4593      0.3 -1.05238
   vertex  70.8425      0.3 -1.72208
  endloop
 endfacet
 facet normal        0        1        0
  outer loop
   vertex  73.0555      0.3 -1.94454
   vertex  73.9476      0.3 -2.54067
   vertex   71.818      0.3 -3.18198
  endloop
 endfacet
 facet normal       -0        1        0
  outer loop
   vertex  70.8425      0.3 -1.72208
   vertex  72.4593      0.3 -1.05238
   vertex   71.818      0.3 -3.18198
  endloop
 endfacet
 facet normal        0        1        0
  outer loop
   vertex  73.9476      0.3 -2.54067
   vertex       75      0.3    -2.75
   vertex  73.2779      0.3 -4.15746
  endloop
 endfacet
 facet normal        0        1        0
  outer loop
   vertex  76.7221      0.3 -4.15746
   vertex       75      0.3     -4.5
   vertex       75      0.3    -2.75
  endloop
 endfacet
 facet normal       -0        1        0
  outer loop
   vertex  73.2779      0.3 -4.15746
   vertex       75      0.3    -2.75
   vertex       75      0.3     -4.5
  endloop
 endfacet
 facet normal       -0        1        0
  outer loop
   vertex   71.818      0.3 -3.18198
   vertex  73.9476      0.3 -2.54067
   vertex  73.2779      0.3 -4.15746
  endloop
 endfacet
 facet normal        0        1        0
  outer loop
   vertex  79.1575      0.3 -1.72208
   vertex  77.5407      0.3 -1.05238
   vertex    77.75      0.3 -1.68389e-16
  endloop
 endfacet
 facet normal        0        1        0
  outer loop
   vertex    77.75      0.3 -1.68389e-16
   vertex     79.5      0.3 -5.51091e-16
   vertex  79.1575      0.3 -1.72208
  endloop
 endfacet
 facet normal        0        1        0
  outer loop
   vertex  79.1575      0.3 -1.72208
   vertex   78.182      0.3 -3.18198
   vertex  77.5407      0.3 -1.05238
  endloop
 endfacet
 facet normal        0        1        0
  outer loop
   vertex  77.5407      0.3  1.05238
   vertex     79.5      0.3 -5.51091e-16
   vertex    77.75      0.3 -1.68389e-16
  endloop
 endfacet
 facet normal        0        1        0
  outer loop
   vertex   78.182      0.3 -3.18198
   vertex  76.7221      0.3 -4.15746
   vertex  76.0524      0.3 -2.54067
  endloop
 endfacet
 facet normal       -0        1        0
  outer loop
   vertex       75      0.3    -2.75
   vertex  76.0524      0.3 -2.54067
   vertex  76.7221      0.3 -4.15746
  endloop
 endfacet
 facet normal        0        1        0
  outer loop
   vertex  77.5407      0.3 -1.05238
   vertex   78.182      0.3 -3.18198
   vertex  76.9445      0.3 -1.94454
  endloop
 endfacet
 facet normal       -0        1        0
  outer loop
   vertex  76.0524      0.3 -2.54067
   vertex  76.9445      0.3 -1.94454
   vertex   78.182      0.3 -3.18198
  endloop
 endfacet
 facet normal -0.195086       -0 -0.980786
  outer loop
   vertex       75        2      4.5
   vertex  76.7221      0.3  4.15746
   vertex       75      0.3      4.5
  endloop
 endfacet
 facet normal -0.831462       -0 -0.555581
  outer loop
   vertex  79.1575        2  1.72208
   vertex  79.1575      0.3  1.72208
   vertex   78.182      0.3  3.18198
  endloop
 endfacet
 facet normal -0.555573       -0 -0.831468
  outer loop
   vertex   78.182        2  3.18198
   vertex   78.182      0.3  3.18198
   vertex  76.7221      0.3  4.15746
  endloop
 endfacet
 facet normal -0.98079        0 0.195066
  outer loop
   vertex  79.1575        2 -1.72208
   vertex  79.1575      0.3 -1.72208
   vertex     79.5      0.3 -5.51091e-16
  endloop
 endfacet
 facet normal -0.555573        0 0.831468
  outer loop
   vertex  76.7221        2 -4.15746
   vertex  76.7221      0.3 -4.15746
   vertex   78.182      0.3 -3.18198
  endloop
 endfacet
 facet normal -0.831462        0 0.555581
  outer loop
   vertex   78.182        2 -3.18198
   vertex   78.182      0.3 -3.18198
   vertex  79.1575      0.3 -1.72208
  endloop
 endfacet
 facet normal -0.98079 9.48523e-17 -0.195066
  outer loop
   vertex     79.5        2 2.75546e-16
   vertex     79.5      0.3 -5.51091e-16
   vertex  79.1575      0.3  1.72208
  endloop
 endfacet
 facet normal -0.195086        0 -0.980786
  outer loop
   vertex  76.7221      0.3  4.15746
   vertex       75        2      4.5
   vertex  76.7221        2  4.15746
  endloop
 endfacet
 facet normal -0.831462        0 -0.555581
  outer loop
   vertex   78.182      0.3  3.18198
   vertex   78.182        2  3.18198
   vertex  79.1575        2  1.72208
  endloop
 endfacet
 facet normal -0.555573        0 -0.831468
  outer loop
   vertex   78.182        2  3.18198
   vertex  76.7221      0.3  4.15746
   vertex  76.7221        2  4.15746
  endloop
 endfacet
 facet normal -0.98079 -9.48523e-17 0.195066
  outer loop
   vertex     79.5      0.3 -5.51091e-16
   vertex     79.5        2 2.75546e-16
   vertex  79.1575        2 -1.72208
  endloop
 endfacet
 facet normal -0.555573        0 0.831468
  outer loop
   vertex   78.182      0.3 -3.18198
   vertex   78.182        2 -3.18198
   vertex  76.7221        2 -4.15746
  endloop
 endfacet
 facet normal -0.831462        0 0.555581
  outer loop
   vertex   78.182        2 -3.18198
   vertex  79.1575      0.3 -1.72208
   vertex  79.1575        2 -1.72208
  endloop
 endfacet
 facet normal -0.98079        0 -0.195066
  outer loop
   vertex     79.5        2 2.75546e-16
   vertex  79.1575      0.3  1.72208
   vertex  79.1575        2  1.72208
  endloop
 endfacet
 facet normal -0.195086        0 0.980786
  outer loop
   vertex  76.7221      0.3 -4.15746
   vertex       75        2     -4.5
   vertex       75      0.3     -4.5
  endloop
 endfacet
 facet normal 0.195086        0 -0.980786
  outer loop
   vertex  73.2779        2  4.15746
   vertex       75        2      4.5
   vertex       75      0.3      4.5
  endloop
 endfacet
 facet normal 0.195086        0 0.980786
  outer loop
   vertex  73.2779        2 -4.15746
   vertex  73.2779      0.3 -4.15746
   vertex       75      0.3     -4.5
  endloop
 endfacet
 facet normal 0.831462        0 0.555581
  outer loop
   vertex   71.818        2 -3.18198
   vertex  70.8425      0.3 -1.72208
   vertex   71.818      0.3 -3.18198
  endloop
 endfacet
 facet normal 0.555573        0 0.831468
  outer loop
   vertex   71.818        2 -3.18198
   vertex   71.818      0.3 -3.18198
   vertex  73.2779      0.3 -4.15746
  endloop
 endfacet
 facet normal  0.98079 -9.48523e-17 -0.195066
  outer loop
   vertex     70.5        2 -8.26637e-16
   vertex  70.8425      0.3  1.72208
   vertex     70.5      0.3        0
  endloop
 endfacet
 facet normal 0.555573        0 -0.831468
  outer loop
   vertex  73.2779        2  4.15746
   vertex  73.2779      0.3  4.15746
   vertex   71.818      0.3  3.18198
  endloop
 endfacet
 facet normal 0.831462        0 -0.555581
  outer loop
   vertex  70.8425        2  1.72208
   vertex   71.818      0.3  3.18198
   vertex  70.8425      0.3  1.72208
  endloop
 endfacet
 facet normal  0.98079        0 0.195066
  outer loop
   vertex  70.8425        2 -1.72208
   vertex     70.5      0.3        0
   vertex  70.8425      0.3 -1.72208
  endloop
 endfacet
 facet normal 0.195086       -0 0.980786
  outer loop
   vertex       75      0.3     -4.5
   vertex       75        2     -4.5
   vertex  73.2779        2 -4.15746
  endloop
 endfacet
 facet normal 0.831462       -0 0.555581
  outer loop
   vertex  70.8425      0.3 -1.72208
   vertex   71.818        2 -3.18198
   vertex  70.8425        2 -1.72208
  endloop
 endfacet
 facet normal 0.555573        0 0.831468
  outer loop
   vertex   71.818        2 -3.18198
   vertex  73.2779      0.3 -4.15746
   vertex  73.2779        2 -4.15746
  endloop
 endfacet
 facet normal  0.98079        0 -0.195066
  outer loop
   vertex  70.8425      0.3  1.72208
   vertex     70.5        2 -8.26637e-16
   vertex  70.8425        2  1.72208
  endloop
 endfacet
 facet normal 0.555573        0 -0.831468
  outer loop
   vertex   71.818      0.3  3.18198
   vertex   71.818        2  3.18198
   vertex  73.2779        2  4.15746
  endloop
 endfacet
 facet normal 0.831462        0 -0.555581
  outer loop
   vertex   71.818        2  3.18198
   vertex   71.818      0.3  3.18198
   vertex  70.8425        2  1.72208
  endloop
 endfacet
 facet normal  0.98079 9.48523e-17 0.195066
  outer loop
   vertex     70.5        2 -8.26637e-16
   vertex     70.5      0.3        0
   vertex  70.8425        2 -1.72208
  endloop
 endfacet
 facet normal 0.195086        0 -0.980786
  outer loop
   vertex  73.2779        2  4.15746
   vertex       75      0.3      4.5
   vertex  73.2779      0.3  4.15746
  endloop
 endfacet
 facet normal -0.195086        0 0.980786
  outer loop
   vertex  76.7221      0.3 -4.15746
   vertex  76.7221        2 -4.15746
   vertex       75        2     -4.5
  endloop
 endfacet
 facet normal        0        1        0
  outer loop
   vertex -1.72208      0.3  4.15746
   vertex -1.94454      0.3  1.94454
   vertex -3.18198      0.3  3.18198
  endloop
 endfacet
 facet normal        0        1        0
  outer loop
   vertex -4.15746      0.3  1.72208
   vertex -3.18198      0.3  3.18198
   vertex -1.94454      0.3  1.94454
  endloop
 endfacet
 facet normal        0        1        0
  outer loop
   vertex 8.26637e-16      0.3      4.5
   vertex -1.05238      0.3  2.54067
   vertex -1.72208      0.3  4.15746
  endloop
 endfacet
 facet normal        0        1        0
  outer loop
   vertex -1.94454      0.3  1.94454
   vertex -1.72208      0.3  4.15746
   vertex -1.05238      0.3  2.54067
  endloop
 endfacet
 facet normal        0        1        0
  outer loop
   vertex    -2.75      0.3 5.05167e-16
   vertex     -4.5      0.3        0
   vertex -4.15746      0.3  1.72208
  endloop
 endfacet
 facet normal        0        1        0
  outer loop
   vertex -4.15746      0.3  1.72208
   vertex -2.54067      0.3  1.05238
   vertex    -2.75      0.3 5.05167e-16
  endloop
 endfacet
 facet normal        0        1        0
  outer loop
   vertex    -2.75      0.3 5.05167e-16
   vertex -4.15746      0.3 -1.72208
   vertex     -4.5      0.3        0
  endloop
 endfacet
 facet normal        0        1        0
  outer loop
   vertex -1.94454      0.3  1.94454
   vertex -2.54067      0.3  1.05238
   vertex -4.15746      0.3  1.72208
  endloop
 endfacet
 facet normal        0        1        0
  outer loop
   vertex  1.72208      0.3  4.15746
   vertex 3.36778e-16      0.3     2.75
   vertex 8.26637e-16      0.3      4.5
  endloop
 endfacet
 facet normal        0        1        0
  outer loop
   vertex -1.05238      0.3  2.54067
   vertex 8.26637e-16      0.3      4.5
   vertex 3.36778e-16      0.3     2.75
  endloop
 endfacet
 facet normal        0        1        0
  outer loop
   vertex  1.72208      0.3  4.15746
   vertex  3.18198      0.3  3.18198
   vertex  1.05238      0.3  2.54067
  endloop
 endfacet
 facet normal        0        1       -0
  outer loop
   vertex  1.05238      0.3  2.54067
   vertex 3.36778e-16      0.3     2.75
   vertex  1.72208      0.3  4.15746
  endloop
 endfacet
 facet normal       -0        1        0
  outer loop
   vertex  1.94454      0.3  1.94454
   vertex  3.18198      0.3  3.18198
   vertex  2.54067      0.3  1.05238
  endloop
 endfacet
 facet normal        0        1       -0
  outer loop
   vertex     2.75      0.3 -1.68389e-16
   vertex  2.54067      0.3  1.05238
   vertex  4.15746      0.3  1.72208
  endloop
 endfacet
 facet normal        0        1        0
  outer loop
   vertex  2.54067      0.3  1.05238
   vertex  3.18198      0.3  3.18198
   vertex  4.15746      0.3  1.72208
  endloop
 endfacet
 facet normal       -0        1        0
  outer loop
   vertex  1.05238      0.3  2.54067
   vertex  3.18198      0.3  3.18198
   vertex  1.94454      0.3  1.94454
  endloop
 endfacet
 facet normal        0        1        0
  outer loop
   vertex -1.94454      0.3 -1.94454
   vertex -4.15746      0.3 -1.72208
   vertex -2.54067      0.3 -1.05238
  endloop
 endfacet
 facet normal        0        1        0
  outer loop
   vertex    -2.75      0.3 5.05167e-16
   vertex -2.54067      0.3 -1.05238
   vertex -4.15746      0.3 -1.72208
  endloop
 endfacet
 facet normal        0        1        0
  outer loop
   vertex -1.94454      0.3 -1.94454
   vertex -1.05238      0.3 -2.54067
   vertex -1.72208      0.3 -4.15746
  endloop
 endfacet
 facet normal        0        1       -0
  outer loop
   vertex -3.18198      0.3 -3.18198
   vertex -4.15746      0.3 -1.72208
   vertex -1.94454      0.3 -1.94454
  endloop
 endfacet
 facet normal       -0        1        0
  outer loop
   vertex -1.72208      0.3 -4.15746
   vertex -1.05238      0.3 -2.54067
   vertex -2.75546e-16      0.3     -4.5
  endloop
 endfacet
 facet normal        0        1        0
  outer loop
   vertex  1.72208      0.3 -4.15746
   vertex -2.75546e-16      0.3     -4.5
   vertex        0      0.3    -2.75
  endloop
 endfacet
 facet normal        0        1       -0
  outer loop
   vertex -2.75546e-16      0.3     -4.5
   vertex -1.05238      0.3 -2.54067
   vertex        0      0.3    -2.75
  endloop
 endfacet
 facet normal       -0        1        0
  outer loop
   vertex -3.18198      0.3 -3.18198
   vertex -1.94454      0.3 -1.94454
   vertex -1.72208      0.3 -4.15746
  endloop
 endfacet
 facet normal        0        1        0
  outer loop
   vertex      4.5      0.3 -5.51091e-16
   vertex  2.54067      0.3 -1.05238
   vertex     2.75      0.3 -1.68389e-16
  endloop
 endfacet
 facet normal       -0        1        0
  outer loop
   vertex  2.54067      0.3 -1.05238
   vertex      4.5      0.3 -5.51091e-16
   vertex  4.15746      0.3 -1.72208
  endloop
 endfacet
 facet normal        0        1        0
  outer loop
   vertex  4.15746      0.3 -1.72208
   vertex  1.94454      0.3 -1.94454
   vertex  2.54067      0.3 -1.05238
  endloop
 endfacet
 facet normal        0        1        0
  outer loop
   vertex  4.15746      0.3  1.72208
   vertex      4.5      0.3 -5.51091e-16
   vertex     2.75      0.3 -1.68389e-16
  endloop
 endfacet
 facet normal        0        1        0
  outer loop
   vertex  1.94454      0.3 -1.94454
   vertex  1.72208      0.3 -4.15746
   vertex  1.05238      0.3 -2.54067
  endloop
 endfacet
 facet normal       -0        1        0
  outer loop
   vertex        0      0.3    -2.75
   vertex  1.05238      0.3 -2.54067
   vertex  1.72208      0.3 -4.15746
  endloop
 endfacet
 facet normal        0        1        0
  outer loop
   vertex  4.15746      0.3 -1.72208
   vertex  3.18198      0.3 -3.18198
   vertex  1.94454      0.3 -1.94454
  endloop
 endfacet
 facet normal        0        1        0
  outer loop
   vertex  1.72208      0.3 -4.15746
   vertex  1.94454      0.3 -1.94454
   vertex  3.18198      0.3 -3.18198
  endloop
 endfacet
 facet normal -0.195089 -9.48632e-17 -0.980786
  outer loop
   vertex        0        2      4.5
   vertex  1.72208      0.3  4.15746
   vertex 8.26637e-16      0.3      4.5
  endloop
 endfacet
 facet normal -0.831468       -0 -0.555573
  outer loop
   vertex  4.15746        2  1.72208
   vertex  4.15746      0.3  1.72208
   vertex  3.18198      0.3  3.18198
  endloop
 endfacet
 facet normal -0.555573       -0 -0.831468
  outer loop
   vertex  1.72208        2  4.15746
   vertex  3.18198      0.3  3.18198
   vertex  1.72208      0.3  4.15746
  endloop
 endfacet
 facet normal -0.980786        0 0.195089
  outer loop
   vertex  4.15746        2 -1.72208
   vertex  4.15746      0.3 -1.72208
   vertex      4.5      0.3 -5.51091e-16
  endloop
 endfacet
 facet normal -0.555573        0 0.831468
  outer loop
   vertex  1.72208        2 -4.15746
   vertex  1.72208      0.3 -4.15746
   vertex  3.18198      0.3 -3.18198
  endloop
 endfacet
 facet normal -0.831468        0 0.555573
  outer loop
   vertex  3.18198        2 -3.18198
   vertex  3.18198      0.3 -3.18198
   vertex  4.15746      0.3 -1.72208
  endloop
 endfacet
 facet normal -0.980786 9.48632e-17 -0.195089
  outer loop
   vertex      4.5        2 2.75546e-16
   vertex      4.5      0.3 -5.51091e-16
   vertex  4.15746      0.3  1.72208
  endloop
 endfacet
 facet normal -0.195089        0 -0.980786
  outer loop
   vertex  1.72208      0.3  4.15746
   vertex        0        2      4.5
   vertex  1.72208        2  4.15746
  endloop
 endfacet
 facet normal -0.831468        0 -0.555573
  outer loop
   vertex  3.18198      0.3  3.18198
   vertex  3.18198        2  3.18198
   vertex  4.15746        2  1.72208
  endloop
 endfacet
 facet normal -0.555573       -0 -0.831468
  outer loop
   vertex  3.18198        2  3.18198
   vertex  3.18198      0.3  3.18198
   vertex  1.72208        2  4.15746
  endloop
 endfacet
 facet normal -0.980786 -9.48632e-17 0.195089
  outer loop
   vertex      4.5      0.3 -5.51091e-16
   vertex      4.5        2 2.75546e-16
   vertex  4.15746        2 -1.72208
  endloop
 endfacet
 facet normal -0.555573        0 0.831468
  outer loop
   vertex  3.18198      0.3 -3.18198
   vertex  3.18198        2 -3.18198
   vertex  1.72208        2 -4.15746
  endloop
 endfacet
 facet normal -0.831468        0 0.555573
  outer loop
   vertex  3.18198        2 -3.18198
   vertex  4.15746      0.3 -1.72208
   vertex  4.15746        2 -1.72208
  endloop
 endfacet
 facet normal -0.980786        0 -0.195089
  outer loop
   vertex      4.5        2 2.75546e-16
   vertex  4.15746      0.3  1.72208
   vertex  4.15746        2  1.72208
  endloop
 endfacet
 facet normal -0.195089 7.43896e-17 0.980786
  outer loop
   vertex  1.72208      0.3 -4.15746
   vertex 5.51091e-16        2     -4.5
   vertex -2.75546e-16      0.3     -4.5
  endloop
 endfacet
 facet normal 0.195089 1.11584e-16 -0.980786
  outer loop
   vertex -1.72208        2  4.15746
   vertex        0        2      4.5
   vertex 8.26637e-16      0.3      4.5
  endloop
 endfacet
 facet normal 0.195089        0 0.980786
  outer loop
   vertex -1.72208        2 -4.15746
   vertex -1.72208      0.3 -4.15746
   vertex -2.75546e-16      0.3     -4.5
  endloop
 endfacet
 facet normal 0.831468        0 0.555573
  outer loop
   vertex -3.18198        2 -3.18198
   vertex -4.15746      0.3 -1.72208
   vertex -3.18198      0.3 -3.18198
  endloop
 endfacet
 facet normal 0.555573        0 0.831468
  outer loop
   vertex -3.18198        2 -3.18198
   vertex -3.18198      0.3 -3.18198
   vertex -1.72208      0.3 -4.15746
  endloop
 endfacet
 facet normal 0.980786 -9.48632e-17 -0.195089
  outer loop
   vertex     -4.5        2 -8.26637e-16
   vertex -4.15746      0.3  1.72208
   vertex     -4.5      0.3        0
  endloop
 endfacet
 facet normal 0.555573        0 -0.831468
  outer loop
   vertex -3.18198        2  3.18198
   vertex -1.72208      0.3  4.15746
   vertex -3.18198      0.3  3.18198
  endloop
 endfacet
 facet normal 0.831468        0 -0.555573
  outer loop
   vertex -4.15746        2  1.72208
   vertex -3.18198      0.3  3.18198
   vertex -4.15746      0.3  1.72208
  endloop
 endfacet
 facet normal 0.980786        0 0.195089
  outer loop
   vertex -4.15746        2 -1.72208
   vertex     -4.5      0.3        0
   vertex -4.15746      0.3 -1.72208
  endloop
 endfacet
 facet normal 0.195089 -9.48632e-17 0.980786
  outer loop
   vertex -2.75546e-16      0.3     -4.5
   vertex 5.51091e-16        2     -4.5
   vertex -1.72208        2 -4.15746
  endloop
 endfacet
 facet normal 0.831468       -0 0.555573
  outer loop
   vertex -4.15746      0.3 -1.72208
   vertex -3.18198        2 -3.18198
   vertex -4.15746        2 -1.72208
  endloop
 endfacet
 facet normal 0.555573        0 0.831468
  outer loop
   vertex -3.18198        2 -3.18198
   vertex -1.72208      0.3 -4.15746
   vertex -1.72208        2 -4.15746
  endloop
 endfacet
 facet normal 0.980786        0 -0.195089
  outer loop
   vertex -4.15746      0.3  1.72208
   vertex     -4.5        2 -8.26637e-16
   vertex -4.15746        2  1.72208
  endloop
 endfacet
 facet normal 0.555573        0 -0.831468
  outer loop
   vertex -1.72208      0.3  4.15746
   vertex -3.18198        2  3.18198
   vertex -1.72208        2  4.15746
  endloop
 endfacet
 facet normal 0.831468        0 -0.555573
  outer loop
   vertex -3.18198        2  3.18198
   vertex -3.18198      0.3  3.18198
   vertex -4.15746        2  1.72208
  endloop
 endfacet
 facet normal 0.980786 9.48632e-17 0.195089
  outer loop
   vertex     -4.5        2 -8.26637e-16
   vertex     -4.5      0.3        0
   vertex -4.15746        2 -1.72208
  endloop
 endfacet
 facet normal 0.195089        0 -0.980786
  outer loop
   vertex -1.72208        2  4.15746
   vertex 8.26637e-16      0.3      4.5
   vertex -1.72208      0.3  4.15746
  endloop
 endfacet
 facet normal -0.195089        0 0.980786
  outer loop
   vertex  1.72208      0.3 -4.15746
   vertex  1.72208        2 -4.15746
   vertex 5.51091e-16        2     -4.5
  endloop
 endfacet
 facet normal        0        1        0
  outer loop
   vertex -76.0524      0.3  2.54067
   vertex -76.9445      0.3  1.94454
   vertex  -78.182      0.3  3.18198
  endloop
 endfacet
 facet normal        0        1       -0
  outer loop
   vertex -77.5407      0.3  1.05238
   vertex  -78.182      0.3  3.18198
   vertex -76.9445      0.3  1.94454
  endloop
 endfacet
 facet normal        0        1        0
  outer loop
   vertex      -75      0.3     2.75
   vertex -76.0524      0.3  2.54067
   vertex -76.7221      0.3  4.15746
  endloop
 endfacet
 facet normal       -0        1        0
  outer loop
   vertex  -78.182      0.3  3.18198
   vertex -76.7221      0.3  4.15746
   vertex -76.0524      0.3  2.54067
  endloop
 endfacet
 facet normal        0        1        0
  outer loop
   vertex -77.5407      0.3  1.05238
   vertex    -79.5      0.3        0
   vertex -79.1575      0.3  1.72208
  endloop
 endfacet
 facet normal        0        1        0
  outer loop
   vertex    -79.5      0.3        0
   vertex -77.5407      0.3  1.05238
   vertex   -77.75      0.3 5.05167e-16
  endloop
 endfacet
 facet normal        0        1        0
  outer loop
   vertex   -77.75      0.3 5.05167e-16
   vertex -79.1575      0.3 -1.72208
   vertex    -79.5      0.3        0
  endloop
 endfacet
 facet normal        0        1        0
  outer loop
   vertex  -78.182      0.3  3.18198
   vertex -77.5407      0.3  1.05238
   vertex -79.1575      0.3  1.72208
  endloop
 endfacet
 facet normal        0        1        0
  outer loop
   vertex -73.2779      0.3  4.15746
   vertex      -75      0.3     2.75
   vertex      -75      0.3      4.5
  endloop
 endfacet
 facet normal       -0        1        0
  outer loop
   vertex -76.7221      0.3  4.15746
   vertex      -75      0.3      4.5
   vertex      -75      0.3     2.75
  endloop
 endfacet
 facet normal        0        1        0
  outer loop
   vertex -73.2779      0.3  4.15746
   vertex  -71.818      0.3  3.18198
   vertex -73.9476      0.3  2.54067
  endloop
 endfacet
 facet normal        0        1       -0
  outer loop
   vertex -73.9476      0.3  2.54067
   vertex      -75      0.3     2.75
   vertex -73.2779      0.3  4.15746
  endloop
 endfacet
 facet normal       -0        1        0
  outer loop
   vertex -73.0555      0.3  1.94454
   vertex  -71.818      0.3  3.18198
   vertex -72.4593      0.3  1.05238
  endloop
 endfacet
 facet normal        0        1        0
  outer loop
   vertex    -70.5      0.3 -5.51091e-16
   vertex -72.4593      0.3  1.05238
   vertex -70.8425      0.3  1.72208
  endloop
 endfacet
 facet normal        0        1        0
  outer loop
   vertex -72.4593      0.3  1.05238
   vertex  -71.818      0.3  3.18198
   vertex -70.8425      0.3  1.72208
  endloop
 endfacet
 facet normal       -0        1        0
  outer loop
   vertex -73.9476      0.3  2.54067
   vertex  -71.818      0.3  3.18198
   vertex -73.0555      0.3  1.94454
  endloop
 endfacet
 facet normal        0        1        0
  outer loop
   vertex  -78.182      0.3 -3.18198
   vertex -77.5407      0.3 -1.05238
   vertex -76.9445      0.3 -1.94454
  endloop
 endfacet
 facet normal        0        1        0
  outer loop
   vertex   -77.75      0.3 5.05167e-16
   vertex -77.5407      0.3 -1.05238
   vertex -79.1575      0.3 -1.72208
  endloop
 endfacet
 facet normal        0        1        0
  outer loop
   vertex -76.9445      0.3 -1.94454
   vertex -76.0524      0.3 -2.54067
   vertex  -78.182      0.3 -3.18198
  endloop
 endfacet
 facet normal       -0        1        0
  outer loop
   vertex -79.1575      0.3 -1.72208
   vertex -77.5407      0.3 -1.05238
   vertex  -78.182      0.3 -3.18198
  endloop
 endfacet
 facet normal        0        1        0
  outer loop
   vertex -76.0524      0.3 -2.54067
   vertex      -75      0.3    -2.75
   vertex -76.7221      0.3 -4.15746
  endloop
 endfacet
 facet normal        0        1        0
  outer loop
   vertex -73.2779      0.3 -4.15746
   vertex      -75      0.3     -4.5
   vertex      -75      0.3    -2.75
  endloop
 endfacet
 facet normal       -0        1        0
  outer loop
   vertex -76.7221      0.3 -4.15746
   vertex      -75      0.3    -2.75
   vertex      -75      0.3     -4.5
  endloop
 endfacet
 facet normal       -0        1        0
  outer loop
   vertex  -78.182      0.3 -3.18198
   vertex -76.0524      0.3 -2.54067
   vertex -76.7221      0.3 -4.15746
  endloop
 endfacet
 facet normal        0        1        0
  outer loop
   vertex -70.8425      0.3 -1.72208
   vertex -72.4593      0.3 -1.05238
   vertex   -72.25      0.3 -1.68389e-16
  endloop
 endfacet
 facet normal        0        1        0
  outer loop
   vertex   -72.25      0.3 -1.68389e-16
   vertex    -70.5      0.3 -5.51091e-16
   vertex -70.8425      0.3 -1.72208
  endloop
 endfacet
 facet normal        0        1        0
  outer loop
   vertex -70.8425      0.3 -1.72208
   vertex  -71.818      0.3 -3.18198
   vertex -72.4593      0.3 -1.05238
  endloop
 endfacet
 facet normal        0        1        0
  outer loop
   vertex -72.4593      0.3  1.05238
   vertex    -70.5      0.3 -5.51091e-16
   vertex   -72.25      0.3 -1.68389e-16
  endloop
 endfacet
 facet normal        0        1        0
  outer loop
   vertex  -71.818      0.3 -3.18198
   vertex -73.2779      0.3 -4.15746
   vertex -73.9476      0.3 -2.54067
  endloop
 endfacet
 facet normal       -0        1        0
  outer loop
   vertex      -75      0.3    -2.75
   vertex -73.9476      0.3 -2.54067
   vertex -73.2779      0.3 -4.15746
  endloop
 endfacet
 facet normal        0        1        0
  outer loop
   vertex -72.4593      0.3 -1.05238
   vertex  -71.818      0.3 -3.18198
   vertex -73.0555      0.3 -1.94454
  endloop
 endfacet
 facet normal       -0        1        0
  outer loop
   vertex -73.9476      0.3 -2.54067
   vertex -73.0555      0.3 -1.94454
   vertex  -71.818      0.3 -3.18198
  endloop
 endfacet
 facet normal -0.195086       -0 -0.980786
  outer loop
   vertex      -75        2      4.5
   vertex -73.2779      0.3  4.15746
   vertex      -75      0.3      4.5
  endloop
 endfacet
 facet normal -0.831462       -0 -0.555581
  outer loop
   vertex -70.8425        2  1.72208
   vertex -70.8425      0.3  1.72208
   vertex  -71.818      0.3  3.18198
  endloop
 endfacet
 facet normal -0.555573       -0 -0.831468
  outer loop
   vertex  -71.818        2  3.18198
   vertex  -71.818      0.3  3.18198
   vertex -73.2779      0.3  4.15746
  endloop
 endfacet
 facet normal -0.98079        0 0.195066
  outer loop
   vertex -70.8425        2 -1.72208
   vertex -70.8425      0.3 -1.72208
   vertex    -70.5      0.3 -5.51091e-16
  endloop
 endfacet
 facet normal -0.555573        0 0.831468
  outer loop
   vertex -73.2779        2 -4.15746
   vertex -73.2779      0.3 -4.15746
   vertex  -71.818      0.3 -3.18198
  endloop
 endfacet
 facet normal -0.831462        0 0.555581
  outer loop
   vertex  -71.818        2 -3.18198
   vertex  -71.818      0.3 -3.18198
   vertex -70.8425      0.3 -1.72208
  endloop
 endfacet
 facet normal -0.98079 9.48523e-17 -0.195066
  outer loop
   vertex    -70.5        2 2.75546e-16
   vertex    -70.5      0.3 -5.51091e-16
   vertex -70.8425      0.3  1.72208
  endloop
 endfacet
 facet normal -0.195086        0 -0.980786
  outer loop
   vertex -73.2779      0.3  4.15746
   vertex      -75        2      4.5
   vertex -73.2779        2  4.15746
  endloop
 endfacet
 facet normal -0.831462        0 -0.555581
  outer loop
   vertex  -71.818      0.3  3.18198
   vertex  -71.818        2  3.18198
   vertex -70.8425        2  1.72208
  endloop
 endfacet
 facet normal -0.555573        0 -0.831468
  outer loop
   vertex  -71.818        2  3.18198
   vertex -73.2779      0.3  4.15746
   vertex -73.2779        2  4.15746
  endloop
 endfacet
 facet normal -0.98079 -9.48523e-17 0.195066
  outer loop
   vertex    -70.5      0.3 -5.51091e-16
   vertex    -70.5        2 2.75546e-16
   vertex -70.8425        2 -1.72208
  endloop
 endfacet
 facet normal -0.555573        0 0.831468
  outer loop
   vertex  -71.818      0.3 -3.18198
   vertex  -71.818        2 -3.18198
   vertex -73.2779        2 -4.15746
  endloop
 endfacet
 facet normal -0.831462        0 0.555581
  outer loop
   vertex  -71.818        2 -3.18198
   vertex -70.8425      0.3 -1.72208
   vertex -70.8425        2 -1.72208
  endloop
 endfacet
 facet normal -0.98079        0 -0.195066
  outer loop
   vertex    -70.5        2 2.75546e-16
   vertex -70.8425      0.3  1.72208
   vertex -70.8425        2  1.72208
  endloop
 endfacet
 facet normal -0.195086        0 0.980786
  outer loop
   vertex -73.2779      0.3 -4.15746
   vertex      -75        2     -4.5
   vertex      -75      0.3     -4.5
  endloop
 endfacet
 facet normal 0.195086        0 -0.980786
  outer loop
   vertex -76.7221        2  4.15746
   vertex      -75        2      4.5
   vertex      -75      0.3      4.5
  endloop
 endfacet
 facet normal 0.195086        0 0.980786
  outer loop
   vertex -76.7221        2 -4.15746
   vertex -76.7221      0.3 -4.15746
   vertex      -75      0.3     -4.5
  endloop
 endfacet
 facet normal 0.831462        0 0.555581
  outer loop
   vertex  -78.182        2 -3.18198
   vertex -79.1575      0.3 -1.72208
   vertex  -78.182      0.3 -3.18198
  endloop
 endfacet
 facet normal 0.555573        0 0.831468
  outer loop
   vertex  -78.182        2 -3.18198
   vertex  -78.182      0.3 -3.18198
   vertex -76.7221      0.3 -4.15746
  endloop
 endfacet
 facet normal  0.98079 -9.48523e-17 -0.195066
  outer loop
   vertex    -79.5        2 -8.26637e-16
   vertex -79.1575      0.3  1.72208
   vertex    -79.5      0.3        0
  endloop
 endfacet
 facet normal 0.555573        0 -0.831468
  outer loop
   vertex -76.7221        2  4.15746
   vertex -76.7221      0.3  4.15746
   vertex  -78.182      0.3  3.18198
  endloop
 endfacet
 facet normal 0.831462        0 -0.555581
  outer loop
   vertex -79.1575        2  1.72208
   vertex  -78.182      0.3  3.18198
   vertex -79.1575      0.3  1.72208
  endloop
 endfacet
 facet normal  0.98079        0 0.195066
  outer loop
   vertex -79.1575        2 -1.72208
   vertex    -79.5      0.3        0
   vertex -79.1575      0.3 -1.72208
  endloop
 endfacet
 facet normal 0.195086       -0 0.980786
  outer loop
   vertex      -75      0.3     -4.5
   vertex      -75        2     -4.5
   vertex -76.7221        2 -4.15746
  endloop
 endfacet
 facet normal 0.831462       -0 0.555581
  outer loop
   vertex -79.1575      0.3 -1.72208
   vertex  -78.182        2 -3.18198
   vertex -79.1575        2 -1.72208
  endloop
 endfacet
 facet normal 0.555573        0 0.831468
  outer loop
   vertex  -78.182        2 -3.18198
   vertex -76.7221      0.3 -4.15746
   vertex -76.7221        2 -4.15746
  endloop
 endfacet
 facet normal  0.98079        0 -0.195066
  outer loop
   vertex -79.1575      0.3  1.72208
   vertex    -79.5        2 -8.26637e-16
   vertex -79.1575        2  1.72208
  endloop
 endfacet
 facet normal 0.555573        0 -0.831468
  outer loop
   vertex  -78.182      0.3  3.18198
   vertex  -78.182        2  3.18198
   vertex -76.7221        2  4.15746
  endloop
 endfacet
 facet normal 0.831462        0 -0.555581
  outer loop
   vertex  -78.182        2  3.18198
   vertex  -78.182      0.3  3.18198
   vertex -79.1575        2  1.72208
  endloop
 endfacet
 facet normal  0.98079 9.48523e-17 0.195066
  outer loop
   vertex    -79.5        2 -8.26637e-16
   vertex    -79.5      0.3        0
   vertex -79.1575        2 -1.72208
  endloop
 endfacet
 facet normal 0.195086        0 -0.980786
  outer loop
   vertex -76.7221        2  4.15746
   vertex      -75      0.3      4.5
   vertex -76.7221      0.3  4.15746
  endloop
 endfacet
 facet normal -0.195086        0 0.980786
  outer loop
   vertex -73.2779      0.3 -4.15746
   vertex -73.2779        2 -4.15746
   vertex      -75        2     -4.5
  endloop
 endfacet
 facet normal -0.396635 0.700189 -0.593646
  outer loop
   vertex  -73.409     -0.2  1.59099
   vertex  -74.139     -0.2  2.07873
   vertex -73.0555      0.3  1.94454
  endloop
 endfacet
 facet normal -0.593595 0.700257 -0.396591
  outer loop
   vertex  -73.409     -0.2  1.59099
   vertex -72.4593      0.3  1.05238
   vertex -72.9213     -0.2 0.861038
  endloop
 endfacet
 facet normal -0.139286 0.700214 -0.700214
  outer loop
   vertex      -75     -0.2     2.25
   vertex      -75      0.3     2.75
   vertex  -74.139     -0.2  2.07873
  endloop
 endfacet
 facet normal -0.396635 0.700189 0.593646
  outer loop
   vertex  -74.139     -0.2 -2.07873
   vertex  -73.409     -0.2 -1.59099
   vertex -73.0555      0.3 -1.94454
  endloop
 endfacet
 facet normal -0.593595 0.700257 0.396591
  outer loop
   vertex -72.9213     -0.2 -0.861038
   vertex -72.4593      0.3 -1.05238
   vertex  -73.409     -0.2 -1.59099
  endloop
 endfacet
 facet normal -0.700212 0.700212 -0.139307
  outer loop
   vertex   -72.25      0.3 -1.68389e-16
   vertex   -72.75     -0.2 -1.37773e-16
   vertex -72.9213     -0.2 0.861038
  endloop
 endfacet
 facet normal -0.700212 0.700212 0.139307
  outer loop
   vertex -72.9213     -0.2 -0.861038
   vertex   -72.75     -0.2 -1.37773e-16
   vertex   -72.25      0.3 -1.68389e-16
  endloop
 endfacet
 facet normal -0.139277 0.700222 -0.700208
  outer loop
   vertex  -74.139     -0.2  2.07873
   vertex      -75      0.3     2.75
   vertex -73.9476      0.3  2.54067
  endloop
 endfacet
 facet normal -0.593613 0.700185 -0.396691
  outer loop
   vertex  -73.409     -0.2  1.59099
   vertex -73.0555      0.3  1.94454
   vertex -72.4593      0.3  1.05238
  endloop
 endfacet
 facet normal -0.396649 0.700235 -0.593583
  outer loop
   vertex -73.0555      0.3  1.94454
   vertex  -74.139     -0.2  2.07873
   vertex -73.9476      0.3  2.54067
  endloop
 endfacet
 facet normal -0.700176 0.700259 0.139251
  outer loop
   vertex -72.9213     -0.2 -0.861038
   vertex   -72.25      0.3 -1.68389e-16
   vertex -72.4593      0.3 -1.05238
  endloop
 endfacet
 facet normal -0.396649 0.700235 0.593583
  outer loop
   vertex  -74.139     -0.2 -2.07873
   vertex -73.0555      0.3 -1.94454
   vertex -73.9476      0.3 -2.54067
  endloop
 endfacet
 facet normal -0.593613 0.700185 0.396691
  outer loop
   vertex -73.0555      0.3 -1.94454
   vertex  -73.409     -0.2 -1.59099
   vertex -72.4593      0.3 -1.05238
  endloop
 endfacet
 facet normal -0.700176 0.700259 -0.139251
  outer loop
   vertex   -72.25      0.3 -1.68389e-16
   vertex -72.9213     -0.2 0.861038
   vertex -72.4593      0.3  1.05238
  endloop
 endfacet
 facet normal -0.139277 0.700222 0.700208
  outer loop
   vertex -73.9476      0.3 -2.54067
   vertex      -75      0.3    -2.75
   vertex  -74.139     -0.2 -2.07873
  endloop
 endfacet
 facet normal 0.139278 0.700215 -0.700215
  outer loop
   vertex -76.0524      0.3  2.54067
   vertex      -75      0.3     2.75
   vertex      -75     -0.2     2.25
  endloop
 endfacet
 facet normal 0.139285 0.700223 0.700205
  outer loop
   vertex -76.0524      0.3 -2.54067
   vertex  -75.861     -0.2 -2.07873
   vertex      -75     -0.2    -2.25
  endloop
 endfacet
 facet normal 0.593595 0.700257 0.396591
  outer loop
   vertex  -76.591     -0.2 -1.59099
   vertex -77.5407      0.3 -1.05238
   vertex -77.0787     -0.2 -0.861038
  endloop
 endfacet
 facet normal 0.396635 0.700189 0.593646
  outer loop
   vertex -76.9445      0.3 -1.94454
   vertex  -76.591     -0.2 -1.59099
   vertex  -75.861     -0.2 -2.07873
  endloop
 endfacet
 facet normal 0.396635 0.700189 -0.593646
  outer loop
   vertex  -75.861     -0.2  2.07873
   vertex  -76.591     -0.2  1.59099
   vertex -76.9445      0.3  1.94454
  endloop
 endfacet
 facet normal  0.59366 0.700178 -0.396634
  outer loop
   vertex -77.0787     -0.2 0.861038
   vertex -76.9445      0.3  1.94454
   vertex  -76.591     -0.2  1.59099
  endloop
 endfacet
 facet normal 0.700212 0.700212 0.139307
  outer loop
   vertex   -77.75      0.3 5.05167e-16
   vertex   -77.25     -0.2 4.13318e-16
   vertex -77.0787     -0.2 -0.861038
  endloop
 endfacet
 facet normal 0.700162 0.700264 -0.139297
  outer loop
   vertex   -77.25     -0.2 4.13318e-16
   vertex -77.5407      0.3  1.05238
   vertex -77.0787     -0.2 0.861038
  endloop
 endfacet
 facet normal 0.139278 0.700215 0.700215
  outer loop
   vertex      -75     -0.2    -2.25
   vertex      -75      0.3    -2.75
   vertex -76.0524      0.3 -2.54067
  endloop
 endfacet
 facet normal 0.593613 0.700185 0.396691
  outer loop
   vertex  -76.591     -0.2 -1.59099
   vertex -76.9445      0.3 -1.94454
   vertex -77.5407      0.3 -1.05238
  endloop
 endfacet
 facet normal 0.396649 0.700235 0.593583
  outer loop
   vertex -76.9445      0.3 -1.94454
   vertex  -75.861     -0.2 -2.07873
   vertex -76.0524      0.3 -2.54067
  endloop
 endfacet
 facet normal 0.700217 0.700217 -0.139259
  outer loop
   vertex   -77.25     -0.2 4.13318e-16
   vertex   -77.75      0.3 5.05167e-16
   vertex -77.5407      0.3  1.05238
  endloop
 endfacet
 facet normal 0.396649 0.700235 -0.593583
  outer loop
   vertex  -75.861     -0.2  2.07873
   vertex -76.9445      0.3  1.94454
   vertex -76.0524      0.3  2.54067
  endloop
 endfacet
 facet normal  0.59356  0.70025 -0.396656
  outer loop
   vertex -76.9445      0.3  1.94454
   vertex -77.0787     -0.2 0.861038
   vertex -77.5407      0.3  1.05238
  endloop
 endfacet
 facet normal 0.700176 0.700259 0.139251
  outer loop
   vertex   -77.75      0.3 5.05167e-16
   vertex -77.0787     -0.2 -0.861038
   vertex -77.5407      0.3 -1.05238
  endloop
 endfacet
 facet normal 0.139285 0.700223 -0.700205
  outer loop
   vertex -76.0524      0.3  2.54067
   vertex      -75     -0.2     2.25
   vertex  -75.861     -0.2  2.07873
  endloop
 endfacet
 facet normal -0.139286 0.700214 0.700214
  outer loop
   vertex  -74.139     -0.2 -2.07873
   vertex      -75      0.3    -2.75
   vertex      -75     -0.2    -2.25
  endloop
 endfacet
 facet normal -0.13928 0.700214 -0.700215
  outer loop
   vertex 0.861038     -0.2  2.07873
   vertex -5.51091e-16     -0.2     2.25
   vertex  1.05238      0.3  2.54067
  endloop
 endfacet
 facet normal -0.593613 0.700214 -0.396641
  outer loop
   vertex  2.07873     -0.2 0.861038
   vertex  1.59099     -0.2  1.59099
   vertex  2.54067      0.3  1.05238
  endloop
 endfacet
 facet normal -0.396641 0.700214 -0.593613
  outer loop
   vertex  1.59099     -0.2  1.59099
   vertex 0.861038     -0.2  2.07873
   vertex  1.05238      0.3  2.54067
  endloop
 endfacet
 facet normal -0.700215 0.700214  0.13928
  outer loop
   vertex  2.07873     -0.2 -0.861038
   vertex     2.25     -0.2 -1.37773e-16
   vertex  2.54067      0.3 -1.05238
  endloop
 endfacet
 facet normal -0.396641 0.700214 0.593613
  outer loop
   vertex  1.05238      0.3 -2.54067
   vertex 0.861038     -0.2 -2.07873
   vertex  1.59099     -0.2 -1.59099
  endloop
 endfacet
 facet normal -0.700215 0.700215 -0.13928
  outer loop
   vertex     2.25     -0.2 -1.37773e-16
   vertex  2.07873     -0.2 0.861038
   vertex     2.75      0.3 -1.68389e-16
  endloop
 endfacet
 facet normal -0.593613 0.700214 0.396641
  outer loop
   vertex  2.07873     -0.2 -0.861038
   vertex  2.54067      0.3 -1.05238
   vertex  1.59099     -0.2 -1.59099
  endloop
 endfacet
 facet normal -0.13928 0.700215 -0.700215
  outer loop
   vertex -5.51091e-16     -0.2     2.25
   vertex -6.73556e-16      0.3     2.75
   vertex  1.05238      0.3  2.54067
  endloop
 endfacet
 facet normal -0.593613 0.700212 -0.396645
  outer loop
   vertex  1.59099     -0.2  1.59099
   vertex  1.94454      0.3  1.94454
   vertex  2.54067      0.3  1.05238
  endloop
 endfacet
 facet normal -0.396645 0.700212 -0.593613
  outer loop
   vertex  1.94454      0.3  1.94454
   vertex  1.59099     -0.2  1.59099
   vertex  1.05238      0.3  2.54067
  endloop
 endfacet
 facet normal -0.700215 0.700215  0.13928
  outer loop
   vertex     2.25     -0.2 -1.37773e-16
   vertex     2.75      0.3 -1.68389e-16
   vertex  2.54067      0.3 -1.05238
  endloop
 endfacet
 facet normal -0.396645 0.700212 0.593613
  outer loop
   vertex  1.59099     -0.2 -1.59099
   vertex  1.94454      0.3 -1.94454
   vertex  1.05238      0.3 -2.54067
  endloop
 endfacet
 facet normal -0.593613 0.700212 0.396645
  outer loop
   vertex  1.94454      0.3 -1.94454
   vertex  1.59099     -0.2 -1.59099
   vertex  2.54067      0.3 -1.05238
  endloop
 endfacet
 facet normal -0.700215 0.700214 -0.13928
  outer loop
   vertex     2.75      0.3 -1.68389e-16
   vertex  2.07873     -0.2 0.861038
   vertex  2.54067      0.3  1.05238
  endloop
 endfacet
 facet normal -0.13928 0.700214 0.700215
  outer loop
   vertex  1.05238      0.3 -2.54067
   vertex        0      0.3    -2.75
   vertex 0.861038     -0.2 -2.07873
  endloop
 endfacet
 facet normal  0.13928 0.700215 -0.700215
  outer loop
   vertex -0.861038     -0.2  2.07873
   vertex -6.73556e-16      0.3     2.75
   vertex -5.51091e-16     -0.2     2.25
  endloop
 endfacet
 facet normal  0.13928 0.700214 0.700215
  outer loop
   vertex -1.05238      0.3 -2.54067
   vertex -0.861038     -0.2 -2.07873
   vertex        0     -0.2    -2.25
  endloop
 endfacet
 facet normal 0.593613 0.700214 0.396641
  outer loop
   vertex -1.59099     -0.2 -1.59099
   vertex -2.54067      0.3 -1.05238
   vertex -2.07873     -0.2 -0.861038
  endloop
 endfacet
 facet normal 0.396642 0.700211 0.593615
  outer loop
   vertex -1.94454      0.3 -1.94454
   vertex -1.59099     -0.2 -1.59099
   vertex -0.861038     -0.2 -2.07873
  endloop
 endfacet
 facet normal 0.700215 0.700214 -0.13928
  outer loop
   vertex -2.07873     -0.2 0.861038
   vertex    -2.25     -0.2 4.13318e-16
   vertex -2.54067      0.3  1.05238
  endloop
 endfacet
 facet normal 0.593615 0.700211 -0.396642
  outer loop
   vertex -1.59099     -0.2  1.59099
   vertex -2.07873     -0.2 0.861038
   vertex -1.94454      0.3  1.94454
  endloop
 endfacet
 facet normal 0.700215 0.700215  0.13928
  outer loop
   vertex    -2.75      0.3 5.05167e-16
   vertex    -2.25     -0.2 4.13318e-16
   vertex -2.07873     -0.2 -0.861038
  endloop
 endfacet
 facet normal 0.396641 0.700214 -0.593613
  outer loop
   vertex -0.861038     -0.2  2.07873
   vertex -1.59099     -0.2  1.59099
   vertex -1.05238      0.3  2.54067
  endloop
 endfacet
 facet normal  0.13928 0.700215 0.700215
  outer loop
   vertex        0     -0.2    -2.25
   vertex        0      0.3    -2.75
   vertex -1.05238      0.3 -2.54067
  endloop
 endfacet
 facet normal 0.593613 0.700212 0.396645
  outer loop
   vertex -1.59099     -0.2 -1.59099
   vertex -1.94454      0.3 -1.94454
   vertex -2.54067      0.3 -1.05238
  endloop
 endfacet
 facet normal 0.396643 0.700214 0.593611
  outer loop
   vertex -1.94454      0.3 -1.94454
   vertex -0.861038     -0.2 -2.07873
   vertex -1.05238      0.3 -2.54067
  endloop
 endfacet
 facet normal 0.700215 0.700215 -0.13928
  outer loop
   vertex    -2.25     -0.2 4.13318e-16
   vertex    -2.75      0.3 5.05167e-16
   vertex -2.54067      0.3  1.05238
  endloop
 endfacet
 facet normal 0.396645 0.700212 -0.593613
  outer loop
   vertex -1.59099     -0.2  1.59099
   vertex -1.94454      0.3  1.94454
   vertex -1.05238      0.3  2.54067
  endloop
 endfacet
 facet normal 0.593611 0.700214 -0.396643
  outer loop
   vertex -1.94454      0.3  1.94454
   vertex -2.07873     -0.2 0.861038
   vertex -2.54067      0.3  1.05238
  endloop
 endfacet
 facet normal 0.700215 0.700214  0.13928
  outer loop
   vertex    -2.75      0.3 5.05167e-16
   vertex -2.07873     -0.2 -0.861038
   vertex -2.54067      0.3 -1.05238
  endloop
 endfacet
 facet normal  0.13928 0.700214 -0.700215
  outer loop
   vertex -1.05238      0.3  2.54067
   vertex -6.73556e-16      0.3     2.75
   vertex -0.861038     -0.2  2.07873
  endloop
 endfacet
 facet normal -0.13928 0.700215 0.700215
  outer loop
   vertex 0.861038     -0.2 -2.07873
   vertex        0      0.3    -2.75
   vertex        0     -0.2    -2.25
  endloop
 endfacet
 facet normal -0.396635 0.700189 -0.593646
  outer loop
   vertex   76.591     -0.2  1.59099
   vertex   75.861     -0.2  2.07873
   vertex  76.9445      0.3  1.94454
  endloop
 endfacet
 facet normal -0.593595 0.700257 -0.396591
  outer loop
   vertex   76.591     -0.2  1.59099
   vertex  77.5407      0.3  1.05238
   vertex  77.0787     -0.2 0.861038
  endloop
 endfacet
 facet normal -0.139286 0.700214 -0.700214
  outer loop
   vertex       75     -0.2     2.25
   vertex       75      0.3     2.75
   vertex   75.861     -0.2  2.07873
  endloop
 endfacet
 facet normal -0.396635 0.700189 0.593646
  outer loop
   vertex   75.861     -0.2 -2.07873
   vertex   76.591     -0.2 -1.59099
   vertex  76.9445      0.3 -1.94454
  endloop
 endfacet
 facet normal -0.593595 0.700257 0.396591
  outer loop
   vertex  77.0787     -0.2 -0.861038
   vertex  77.5407      0.3 -1.05238
   vertex   76.591     -0.2 -1.59099
  endloop
 endfacet
 facet normal -0.700212 0.700212 -0.139307
  outer loop
   vertex    77.75      0.3 -1.68389e-16
   vertex    77.25     -0.2 -1.37773e-16
   vertex  77.0787     -0.2 0.861038
  endloop
 endfacet
 facet normal -0.700212 0.700212 0.139307
  outer loop
   vertex  77.0787     -0.2 -0.861038
   vertex    77.25     -0.2 -1.37773e-16
   vertex    77.75      0.3 -1.68389e-16
  endloop
 endfacet
 facet normal -0.139277 0.700222 -0.700208
  outer loop
   vertex   75.861     -0.2  2.07873
   vertex       75      0.3     2.75
   vertex  76.0524      0.3  2.54067
  endloop
 endfacet
 facet normal -0.593613 0.700185 -0.396691
  outer loop
   vertex   76.591     -0.2  1.59099
   vertex  76.9445      0.3  1.94454
   vertex  77.5407      0.3  1.05238
  endloop
 endfacet
 facet normal -0.396649 0.700235 -0.593583
  outer loop
   vertex  76.9445      0.3  1.94454
   vertex   75.861     -0.2  2.07873
   vertex  76.0524      0.3  2.54067
  endloop
 endfacet
 facet normal -0.700176 0.700259 0.139251
  outer loop
   vertex  77.0787     -0.2 -0.861038
   vertex    77.75      0.3 -1.68389e-16
   vertex  77.5407      0.3 -1.05238
  endloop
 endfacet
 facet normal -0.396649 0.700235 0.593583
  outer loop
   vertex   75.861     -0.2 -2.07873
   vertex  76.9445      0.3 -1.94454
   vertex  76.0524      0.3 -2.54067
  endloop
 endfacet
 facet normal -0.593613 0.700185 0.396691
  outer loop
   vertex  76.9445      0.3 -1.94454
   vertex   76.591     -0.2 -1.59099
   vertex  77.5407      0.3 -1.05238
  endloop
 endfacet
 facet normal -0.700176 0.700259 -0.139251
  outer loop
   vertex    77.75      0.3 -1.68389e-16
   vertex  77.0787     -0.2 0.861038
   vertex  77.5407      0.3  1.05238
  endloop
 endfacet
 facet normal -0.139277 0.700222 0.700208
  outer loop
   vertex  76.0524      0.3 -2.54067
   vertex       75      0.3    -2.75
   vertex   75.861     -0.2 -2.07873
  endloop
 endfacet
 facet normal 0.139278 0.700215 -0.700215
  outer loop
   vertex  73.9476      0.3  2.54067
   vertex       75      0.3     2.75
   vertex       75     -0.2     2.25
  endloop
 endfacet
 facet normal 0.139285 0.700223 0.700205
  outer loop
   vertex  73.9476      0.3 -2.54067
   vertex   74.139     -0.2 -2.07873
   vertex       75     -0.2    -2.25
  endloop
 endfacet
 facet normal 0.593595 0.700257 0.396591
  outer loop
   vertex   73.409     -0.2 -1.59099
   vertex  72.4593      0.3 -1.05238
   vertex  72.9213     -0.2 -0.861038
  endloop
 endfacet
 facet normal 0.396635 0.700189 0.593646
  outer loop
   vertex  73.0555      0.3 -1.94454
   vertex   73.409     -0.2 -1.59099
   vertex   74.139     -0.2 -2.07873
  endloop
 endfacet
 facet normal 0.396635 0.700189 -0.593646
  outer loop
   vertex   74.139     -0.2  2.07873
   vertex   73.409     -0.2  1.59099
   vertex  73.0555      0.3  1.94454
  endloop
 endfacet
 facet normal  0.59366 0.700178 -0.396634
  outer loop
   vertex  72.9213     -0.2 0.861038
   vertex  73.0555      0.3  1.94454
   vertex   73.409     -0.2  1.59099
  endloop
 endfacet
 facet normal 0.700212 0.700212 0.139307
  outer loop
   vertex    72.25      0.3 5.05167e-16
   vertex    72.75     -0.2 4.13318e-16
   vertex  72.9213     -0.2 -0.861038
  endloop
 endfacet
 facet normal 0.700162 0.700264 -0.139297
  outer loop
   vertex    72.75     -0.2 4.13318e-16
   vertex  72.4593      0.3  1.05238
   vertex  72.9213     -0.2 0.861038
  endloop
 endfacet
 facet normal 0.139278 0.700215 0.700215
  outer loop
   vertex       75     -0.2    -2.25
   vertex       75      0.3    -2.75
   vertex  73.9476      0.3 -2.54067
  endloop
 endfacet
 facet normal 0.593613 0.700185 0.396691
  outer loop
   vertex   73.409     -0.2 -1.59099
   vertex  73.0555      0.3 -1.94454
   vertex  72.4593      0.3 -1.05238
  endloop
 endfacet
 facet normal 0.396649 0.700235 0.593583
  outer loop
   vertex  73.0555      0.3 -1.94454
   vertex   74.139     -0.2 -2.07873
   vertex  73.9476      0.3 -2.54067
  endloop
 endfacet
 facet normal 0.700217 0.700217 -0.139259
  outer loop
   vertex    72.75     -0.2 4.13318e-16
   vertex    72.25      0.3 5.05167e-16
   vertex  72.4593      0.3  1.05238
  endloop
 endfacet
 facet normal 0.396649 0.700235 -0.593583
  outer loop
   vertex   74.139     -0.2  2.07873
   vertex  73.0555      0.3  1.94454
   vertex  73.9476      0.3  2.54067
  endloop
 endfacet
 facet normal  0.59356  0.70025 -0.396656
  outer loop
   vertex  73.0555      0.3  1.94454
   vertex  72.9213     -0.2 0.861038
   vertex  72.4593      0.3  1.05238
  endloop
 endfacet
 facet normal 0.700176 0.700259 0.139251
  outer loop
   vertex    72.25      0.3 5.05167e-16
   vertex  72.9213     -0.2 -0.861038
   vertex  72.4593      0.3 -1.05238
  endloop
 endfacet
 facet normal 0.139285 0.700223 -0.700205
  outer loop
   vertex  73.9476      0.3  2.54067
   vertex       75     -0.2     2.25
   vertex   74.139     -0.2  2.07873
  endloop
 endfacet
 facet normal -0.139286 0.700214 0.700214
  outer loop
   vertex   75.861     -0.2 -2.07873
   vertex       75      0.3    -2.75
   vertex       75     -0.2    -2.25
  endloop
 endfacet
 facet normal -0.396651 0.700197 -0.593626
  outer loop
   vertex -73.2779        2  4.15746
   vertex -73.0866      2.5   4.6194
   vertex  -71.818        2  3.18198
  endloop
 endfacet
 facet normal -0.139279 0.700215 -0.700215
  outer loop
   vertex      -75        2      4.5
   vertex      -75      2.5        5
   vertex -73.2779        2  4.15746
  endloop
 endfacet
 facet normal -0.593634 0.700182 -0.396665
  outer loop
   vertex -71.4645      2.5  3.53553
   vertex -70.8425        2  1.72208
   vertex  -71.818        2  3.18198
  endloop
 endfacet
 facet normal -0.700248 0.700183  0.13927
  outer loop
   vertex -70.3806      2.5 -1.91342
   vertex -70.8425        2 -1.72208
   vertex    -70.5        2 2.75546e-16
  endloop
 endfacet
 facet normal -0.396651 0.700197 0.593626
  outer loop
   vertex -73.2779        2 -4.15746
   vertex  -71.818        2 -3.18198
   vertex -73.0866      2.5  -4.6194
  endloop
 endfacet
 facet normal -0.593634 0.700182 0.396665
  outer loop
   vertex -71.4645      2.5 -3.53553
   vertex  -71.818        2 -3.18198
   vertex -70.8425        2 -1.72208
  endloop
 endfacet
 facet normal -0.700248 0.700183 -0.13927
  outer loop
   vertex -70.8425        2  1.72208
   vertex -70.3806      2.5  1.91342
   vertex    -70.5        2 2.75546e-16
  endloop
 endfacet
 facet normal -0.139283 0.700209 -0.70022
  outer loop
   vertex -73.0866      2.5   4.6194
   vertex -73.2779        2  4.15746
   vertex      -75      2.5        5
  endloop
 endfacet
 facet normal -0.593628 0.700188 -0.396665
  outer loop
   vertex -70.3806      2.5  1.91342
   vertex -70.8425        2  1.72208
   vertex -71.4645      2.5  3.53553
  endloop
 endfacet
 facet normal -0.396656 0.700192 -0.593629
  outer loop
   vertex -73.0866      2.5   4.6194
   vertex -71.4645      2.5  3.53553
   vertex  -71.818        2  3.18198
  endloop
 endfacet
 facet normal -0.700215 0.700215  0.13928
  outer loop
   vertex      -70      2.5 3.06162e-16
   vertex -70.3806      2.5 -1.91342
   vertex    -70.5        2 2.75546e-16
  endloop
 endfacet
 facet normal -0.593628 0.700188 0.396665
  outer loop
   vertex -71.4645      2.5 -3.53553
   vertex -70.8425        2 -1.72208
   vertex -70.3806      2.5 -1.91342
  endloop
 endfacet
 facet normal -0.396656 0.700192 0.593629
  outer loop
   vertex -73.0866      2.5  -4.6194
   vertex  -71.818        2 -3.18198
   vertex -71.4645      2.5 -3.53553
  endloop
 endfacet
 facet normal -0.700215 0.700215 -0.13928
  outer loop
   vertex      -70      2.5 3.06162e-16
   vertex    -70.5        2 2.75546e-16
   vertex -70.3806      2.5  1.91342
  endloop
 endfacet
 facet normal -0.139283 0.700209  0.70022
  outer loop
   vertex -73.0866      2.5  -4.6194
   vertex      -75      2.5       -5
   vertex -73.2779        2 -4.15746
  endloop
 endfacet
 facet normal 0.139279 0.700215 -0.700215
  outer loop
   vertex -76.7221        2  4.15746
   vertex      -75      2.5        5
   vertex      -75        2      4.5
  endloop
 endfacet
 facet normal 0.396651 0.700197 0.593626
  outer loop
   vertex  -78.182        2 -3.18198
   vertex -76.7221        2 -4.15746
   vertex -76.9134      2.5  -4.6194
  endloop
 endfacet
 facet normal 0.593629 0.700188 0.396662
  outer loop
   vertex  -78.182        2 -3.18198
   vertex -79.6194      2.5 -1.91342
   vertex -79.1575        2 -1.72208
  endloop
 endfacet
 facet normal 0.139279 0.700215 0.700215
  outer loop
   vertex      -75        2     -4.5
   vertex      -75      2.5       -5
   vertex -76.7221        2 -4.15746
  endloop
 endfacet
 facet normal 0.700248 0.700183 -0.13927
  outer loop
   vertex -79.6194      2.5  1.91342
   vertex -79.1575        2  1.72208
   vertex    -79.5        2 -8.26637e-16
  endloop
 endfacet
 facet normal 0.700216 0.700216 0.139264
  outer loop
   vertex -79.1575        2 -1.72208
   vertex      -80      2.5 -9.18485e-16
   vertex    -79.5        2 -8.26637e-16
  endloop
 endfacet
 facet normal 0.593634 0.700182 -0.396665
  outer loop
   vertex -78.5355      2.5  3.53553
   vertex  -78.182        2  3.18198
   vertex -79.1575        2  1.72208
  endloop
 endfacet
 facet normal 0.396651 0.700197 -0.593626
  outer loop
   vertex -76.7221        2  4.15746
   vertex  -78.182        2  3.18198
   vertex -76.9134      2.5   4.6194
  endloop
 endfacet
 facet normal 0.139283 0.700209  0.70022
  outer loop
   vertex -76.9134      2.5  -4.6194
   vertex -76.7221        2 -4.15746
   vertex      -75      2.5       -5
  endloop
 endfacet
 facet normal 0.593632 0.700182 0.396668
  outer loop
   vertex  -78.182        2 -3.18198
   vertex -78.5355      2.5 -3.53553
   vertex -79.6194      2.5 -1.91342
  endloop
 endfacet
 facet normal 0.396656 0.700192 0.593629
  outer loop
   vertex -76.9134      2.5  -4.6194
   vertex -78.5355      2.5 -3.53553
   vertex  -78.182        2 -3.18198
  endloop
 endfacet
 facet normal 0.700215 0.700215 -0.13928
  outer loop
   vertex      -80      2.5 -9.18485e-16
   vertex -79.6194      2.5  1.91342
   vertex    -79.5        2 -8.26637e-16
  endloop
 endfacet
 facet normal 0.593628 0.700188 -0.396665
  outer loop
   vertex -78.5355      2.5  3.53553
   vertex -79.1575        2  1.72208
   vertex -79.6194      2.5  1.91342
  endloop
 endfacet
 facet normal 0.396656 0.700192 -0.593629
  outer loop
   vertex -76.9134      2.5   4.6194
   vertex  -78.182        2  3.18198
   vertex -78.5355      2.5  3.53553
  endloop
 endfacet
 facet normal 0.700243 0.700185 0.139286
  outer loop
   vertex -79.1575        2 -1.72208
   vertex -79.6194      2.5 -1.91342
   vertex      -80      2.5 -9.18485e-16
  endloop
 endfacet
 facet normal 0.139283 0.700209 -0.70022
  outer loop
   vertex -76.9134      2.5   4.6194
   vertex      -75      2.5        5
   vertex -76.7221        2  4.15746
  endloop
 endfacet
 facet normal -0.139279 0.700215 0.700215
  outer loop
   vertex -73.2779        2 -4.15746
   vertex      -75      2.5       -5
   vertex      -75        2     -4.5
  endloop
 endfacet
 facet normal -0.396643 0.700211 -0.593614
  outer loop
   vertex  3.53553      2.5  3.53553
   vertex  3.18198        2  3.18198
   vertex  1.72208        2  4.15746
  endloop
 endfacet
 facet normal -0.593613 0.700214 -0.396642
  outer loop
   vertex   4.6194      2.5  1.91342
   vertex  4.15746        2  1.72208
   vertex  3.18198        2  3.18198
  endloop
 endfacet
 facet normal -0.13928 0.700214 -0.700215
  outer loop
   vertex  1.91342      2.5   4.6194
   vertex  1.72208        2  4.15746
   vertex        0        2      4.5
  endloop
 endfacet
 facet normal -0.700215 0.700214  0.13928
  outer loop
   vertex   4.6194      2.5 -1.91342
   vertex  4.15746        2 -1.72208
   vertex      4.5        2 2.75546e-16
  endloop
 endfacet
 facet normal -0.396642 0.700214 0.593613
  outer loop
   vertex  1.72208        2 -4.15746
   vertex  3.18198        2 -3.18198
   vertex  1.91342      2.5  -4.6194
  endloop
 endfacet
 facet normal -0.593614 0.700211 0.396643
  outer loop
   vertex  3.53553      2.5 -3.53553
   vertex  3.18198        2 -3.18198
   vertex  4.15746        2 -1.72208
  endloop
 endfacet
 facet normal -0.700215 0.700215 -0.13928
  outer loop
   vertex      4.5        2 2.75546e-16
   vertex  4.15746        2  1.72208
   vertex        5      2.5 3.06162e-16
  endloop
 endfacet
 facet normal -0.13928 0.700215 -0.700215
  outer loop
   vertex        0        2      4.5
   vertex        0      2.5        5
   vertex  1.91342      2.5   4.6194
  endloop
 endfacet
 facet normal -0.593614 0.700212 -0.396644
  outer loop
   vertex  3.18198        2  3.18198
   vertex  3.53553      2.5  3.53553
   vertex   4.6194      2.5  1.91342
  endloop
 endfacet
 facet normal -0.396643 0.700214 -0.593612
  outer loop
   vertex  3.53553      2.5  3.53553
   vertex  1.72208        2  4.15746
   vertex  1.91342      2.5   4.6194
  endloop
 endfacet
 facet normal -0.700215 0.700215  0.13928
  outer loop
   vertex      4.5        2 2.75546e-16
   vertex        5      2.5 3.06162e-16
   vertex   4.6194      2.5 -1.91342
  endloop
 endfacet
 facet normal -0.396644 0.700212 0.593614
  outer loop
   vertex  3.18198        2 -3.18198
   vertex  3.53553      2.5 -3.53553
   vertex  1.91342      2.5  -4.6194
  endloop
 endfacet
 facet normal -0.593612 0.700214 0.396643
  outer loop
   vertex  3.53553      2.5 -3.53553
   vertex  4.15746        2 -1.72208
   vertex   4.6194      2.5 -1.91342
  endloop
 endfacet
 facet normal -0.700215 0.700214 -0.13928
  outer loop
   vertex        5      2.5 3.06162e-16
   vertex  4.15746        2  1.72208
   vertex   4.6194      2.5  1.91342
  endloop
 endfacet
 facet normal -0.13928 0.700215 0.700215
  outer loop
   vertex  1.72208        2 -4.15746
   vertex 6.12323e-16      2.5       -5
   vertex 5.51091e-16        2     -4.5
  endloop
 endfacet
 facet normal  0.13928 0.700215 -0.700215
  outer loop
   vertex -1.72208        2  4.15746
   vertex        0      2.5        5
   vertex        0        2      4.5
  endloop
 endfacet
 facet normal  0.13928 0.700214 0.700215
  outer loop
   vertex -1.72208        2 -4.15746
   vertex 5.51091e-16        2     -4.5
   vertex -1.91342      2.5  -4.6194
  endloop
 endfacet
 facet normal 0.593613 0.700214 0.396642
  outer loop
   vertex -4.15746        2 -1.72208
   vertex -3.18198        2 -3.18198
   vertex  -4.6194      2.5 -1.91342
  endloop
 endfacet
 facet normal 0.396642 0.700214 0.593613
  outer loop
   vertex -3.18198        2 -3.18198
   vertex -1.72208        2 -4.15746
   vertex -1.91342      2.5  -4.6194
  endloop
 endfacet
 facet normal 0.700215 0.700214 -0.13928
  outer loop
   vertex -4.15746        2  1.72208
   vertex     -4.5        2 -8.26637e-16
   vertex  -4.6194      2.5  1.91342
  endloop
 endfacet
 facet normal 0.396642 0.700214 -0.593613
  outer loop
   vertex -1.91342      2.5   4.6194
   vertex -1.72208        2  4.15746
   vertex -3.18198        2  3.18198
  endloop
 endfacet
 facet normal 0.593614 0.700211 -0.396643
  outer loop
   vertex -3.18198        2  3.18198
   vertex -4.15746        2  1.72208
   vertex -3.53553      2.5  3.53553
  endloop
 endfacet
 facet normal 0.700215 0.700215  0.13928
  outer loop
   vertex     -4.5        2 -8.26637e-16
   vertex -4.15746        2 -1.72208
   vertex       -5      2.5 -9.18485e-16
  endloop
 endfacet
 facet normal  0.13928 0.700215 0.700215
  outer loop
   vertex 5.51091e-16        2     -4.5
   vertex 6.12323e-16      2.5       -5
   vertex -1.91342      2.5  -4.6194
  endloop
 endfacet
 facet normal 0.593614 0.700212 0.396644
  outer loop
   vertex -3.18198        2 -3.18198
   vertex -3.53553      2.5 -3.53553
   vertex  -4.6194      2.5 -1.91342
  endloop
 endfacet
 facet normal 0.396644 0.700212 0.593614
  outer loop
   vertex -3.53553      2.5 -3.53553
   vertex -3.18198        2 -3.18198
   vertex -1.91342      2.5  -4.6194
  endloop
 endfacet
 facet normal 0.700215 0.700215 -0.13928
  outer loop
   vertex     -4.5        2 -8.26637e-16
   vertex       -5      2.5 -9.18485e-16
   vertex  -4.6194      2.5  1.91342
  endloop
 endfacet
 facet normal 0.396644 0.700212 -0.593614
  outer loop
   vertex -3.18198        2  3.18198
   vertex -3.53553      2.5  3.53553
   vertex -1.91342      2.5   4.6194
  endloop
 endfacet
 facet normal 0.593612 0.700214 -0.396643
  outer loop
   vertex -3.53553      2.5  3.53553
   vertex -4.15746        2  1.72208
   vertex  -4.6194      2.5  1.91342
  endloop
 endfacet
 facet normal 0.700215 0.700214  0.13928
  outer loop
   vertex       -5      2.5 -9.18485e-16
   vertex -4.15746        2 -1.72208
   vertex  -4.6194      2.5 -1.91342
  endloop
 endfacet
 facet normal  0.13928 0.700214 -0.700215
  outer loop
   vertex -1.91342      2.5   4.6194
   vertex        0      2.5        5
   vertex -1.72208        2  4.15746
  endloop
 endfacet
 facet normal -0.13928 0.700214 0.700215
  outer loop
   vertex  1.72208        2 -4.15746
   vertex  1.91342      2.5  -4.6194
   vertex 6.12323e-16      2.5       -5
  endloop
 endfacet
 facet normal -0.396651 0.700197 -0.593626
  outer loop
   vertex  76.7221        2  4.15746
   vertex  76.9134      2.5   4.6194
   vertex   78.182        2  3.18198
  endloop
 endfacet
 facet normal -0.139279 0.700215 -0.700215
  outer loop
   vertex       75        2      4.5
   vertex       75      2.5        5
   vertex  76.7221        2  4.15746
  endloop
 endfacet
 facet normal -0.593634 0.700182 -0.396665
  outer loop
   vertex  78.5355      2.5  3.53553
   vertex  79.1575        2  1.72208
   vertex   78.182        2  3.18198
  endloop
 endfacet
 facet normal -0.700248 0.700183  0.13927
  outer loop
   vertex  79.6194      2.5 -1.91342
   vertex  79.1575        2 -1.72208
   vertex     79.5        2 2.75546e-16
  endloop
 endfacet
 facet normal -0.396651 0.700197 0.593626
  outer loop
   vertex  76.7221        2 -4.15746
   vertex   78.182        2 -3.18198
   vertex  76.9134      2.5  -4.6194
  endloop
 endfacet
 facet normal -0.593634 0.700182 0.396665
  outer loop
   vertex  78.5355      2.5 -3.53553
   vertex   78.182        2 -3.18198
   vertex  79.1575        2 -1.72208
  endloop
 endfacet
 facet normal -0.700248 0.700183 -0.13927
  outer loop
   vertex  79.1575        2  1.72208
   vertex  79.6194      2.5  1.91342
   vertex     79.5        2 2.75546e-16
  endloop
 endfacet
 facet normal -0.139283 0.700209 -0.70022
  outer loop
   vertex  76.9134      2.5   4.6194
   vertex  76.7221        2  4.15746
   vertex       75      2.5        5
  endloop
 endfacet
 facet normal -0.593628 0.700188 -0.396665
  outer loop
   vertex  79.6194      2.5  1.91342
   vertex  79.1575        2  1.72208
   vertex  78.5355      2.5  3.53553
  endloop
 endfacet
 facet normal -0.396656 0.700192 -0.593629
  outer loop
   vertex  76.9134      2.5   4.6194
   vertex  78.5355      2.5  3.53553
   vertex   78.182        2  3.18198
  endloop
 endfacet
 facet normal -0.700215 0.700215  0.13928
  outer loop
   vertex       80      2.5 3.06162e-16
   vertex  79.6194      2.5 -1.91342
   vertex     79.5        2 2.75546e-16
  endloop
 endfacet
 facet normal -0.593628 0.700188 0.396665
  outer loop
   vertex  78.5355      2.5 -3.53553
   vertex  79.1575        2 -1.72208
   vertex  79.6194      2.5 -1.91342
  endloop
 endfacet
 facet normal -0.396656 0.700192 0.593629
  outer loop
   vertex  76.9134      2.5  -4.6194
   vertex   78.182        2 -3.18198
   vertex  78.5355      2.5 -3.53553
  endloop
 endfacet
 facet normal -0.700215 0.700215 -0.13928
  outer loop
   vertex       80      2.5 3.06162e-16
   vertex     79.5        2 2.75546e-16
   vertex  79.6194      2.5  1.91342
  endloop
 endfacet
 facet normal -0.139283 0.700209  0.70022
  outer loop
   vertex  76.9134      2.5  -4.6194
   vertex       75      2.5       -5
   vertex  76.7221        2 -4.15746
  endloop
 endfacet
 facet normal 0.139279 0.700215 -0.700215
  outer loop
   vertex  73.2779        2  4.15746
   vertex       75      2.5        5
   vertex       75        2      4.5
  endloop
 endfacet
 facet normal 0.396651 0.700197 0.593626
  outer loop
   vertex   71.818        2 -3.18198
   vertex  73.2779        2 -4.15746
   vertex  73.0866      2.5  -4.6194
  endloop
 endfacet
 facet normal 0.593629 0.700188 0.396662
  outer loop
   vertex   71.818        2 -3.18198
   vertex  70.3806      2.5 -1.91342
   vertex  70.8425        2 -1.72208
  endloop
 endfacet
 facet normal 0.139279 0.700215 0.700215
  outer loop
   vertex       75        2     -4.5
   vertex       75      2.5       -5
   vertex  73.2779        2 -4.15746
  endloop
 endfacet
 facet normal 0.700248 0.700183 -0.13927
  outer loop
   vertex  70.3806      2.5  1.91342
   vertex  70.8425        2  1.72208
   vertex     70.5        2 -8.26637e-16
  endloop
 endfacet
 facet normal 0.700216 0.700216 0.139264
  outer loop
   vertex  70.8425        2 -1.72208
   vertex       70      2.5 -9.18485e-16
   vertex     70.5        2 -8.26637e-16
  endloop
 endfacet
 facet normal 0.593634 0.700182 -0.396665
  outer loop
   vertex  71.4645      2.5  3.53553
   vertex   71.818        2  3.18198
   vertex  70.8425        2  1.72208
  endloop
 endfacet
 facet normal 0.396651 0.700197 -0.593626
  outer loop
   vertex  73.2779        2  4.15746
   vertex   71.818        2  3.18198
   vertex  73.0866      2.5   4.6194
  endloop
 endfacet
 facet normal 0.139283 0.700209  0.70022
  outer loop
   vertex  73.0866      2.5  -4.6194
   vertex  73.2779        2 -4.15746
   vertex       75      2.5       -5
  endloop
 endfacet
 facet normal 0.593632 0.700182 0.396668
  outer loop
   vertex   71.818        2 -3.18198
   vertex  71.4645      2.5 -3.53553
   vertex  70.3806      2.5 -1.91342
  endloop
 endfacet
 facet normal 0.396656 0.700192 0.593629
  outer loop
   vertex  73.0866      2.5  -4.6194
   vertex  71.4645      2.5 -3.53553
   vertex   71.818        2 -3.18198
  endloop
 endfacet
 facet normal 0.700215 0.700215 -0.13928
  outer loop
   vertex       70      2.5 -9.18485e-16
   vertex  70.3806      2.5  1.91342
   vertex     70.5        2 -8.26637e-16
  endloop
 endfacet
 facet normal 0.593628 0.700188 -0.396665
  outer loop
   vertex  71.4645      2.5  3.53553
   vertex  70.8425        2  1.72208
   vertex  70.3806      2.5  1.91342
  endloop
 endfacet
 facet normal 0.396656 0.700192 -0.593629
  outer loop
   vertex  73.0866      2.5   4.6194
   vertex   71.818        2  3.18198
   vertex  71.4645      2.5  3.53553
  endloop
 endfacet
 facet normal 0.700243 0.700185 0.139286
  outer loop
   vertex  70.8425        2 -1.72208
   vertex  70.3806      2.5 -1.91342
   vertex       70      2.5 -9.18485e-16
  endloop
 endfacet
 facet normal 0.139283 0.700209 -0.70022
  outer loop
   vertex  73.0866      2.5   4.6194
   vertex       75      2.5        5
   vertex  73.2779        2  4.15746
  endloop
 endfacet
 facet normal -0.139279 0.700215 0.700215
  outer loop
   vertex  76.7221        2 -4.15746
   vertex       75      2.5       -5
   vertex       75        2     -4.5
  endloop
 endfacet
 facet normal -0.195031        0 0.980797
  outer loop
   vertex  53.1152     -0.5  13.1522
   vertex  53.1152      2.5  13.1522
   vertex  52.3498      2.5       13
  endloop
 endfacet
 facet normal -0.831418        0 0.555647
  outer loop
   vertex  54.1976     -0.5  14.2346
   vertex  54.1976      2.5  14.2346
   vertex   53.764      2.5  13.5858
  endloop
 endfacet
 facet normal -0.555647        0 0.831419
  outer loop
   vertex   53.764     -0.5  13.5858
   vertex   53.764      2.5  13.5858
   vertex  53.1152      2.5  13.1522
  endloop
 endfacet
 facet normal -0.980797        0 -0.19503
  outer loop
   vertex  54.1976     -0.5  15.7654
   vertex  54.1976      2.5  15.7654
   vertex  54.3498      2.5       15
  endloop
 endfacet
 facet normal -0.555646        0 -0.831419
  outer loop
   vertex  53.1152     -0.5  16.8478
   vertex  53.1152      2.5  16.8478
   vertex   53.764      2.5  16.4142
  endloop
 endfacet
 facet normal -0.831418        0 -0.555647
  outer loop
   vertex   53.764     -0.5  16.4142
   vertex   53.764      2.5  16.4142
   vertex  54.1976      2.5  15.7654
  endloop
 endfacet
 facet normal -0.980797        0  0.19503
  outer loop
   vertex  54.3498     -0.5       15
   vertex  54.3498      2.5       15
   vertex  54.1976      2.5  14.2346
  endloop
 endfacet
 facet normal -0.195031        0 0.980797
  outer loop
   vertex  52.3498      2.5       13
   vertex  52.3498     -0.5       13
   vertex  53.1152     -0.5  13.1522
  endloop
 endfacet
 facet normal -0.831418        0 0.555647
  outer loop
   vertex   53.764      2.5  13.5858
   vertex   53.764     -0.5  13.5858
   vertex  54.1976     -0.5  14.2346
  endloop
 endfacet
 facet normal -0.555647        0 0.831419
  outer loop
   vertex   53.764     -0.5  13.5858
   vertex  53.1152      2.5  13.1522
   vertex  53.1152     -0.5  13.1522
  endloop
 endfacet
 facet normal -0.980797       -0 -0.19503
  outer loop
   vertex  54.3498      2.5       15
   vertex  54.3498     -0.5       15
   vertex  54.1976     -0.5  15.7654
  endloop
 endfacet
 facet normal -0.555646       -0 -0.831419
  outer loop
   vertex   53.764      2.5  16.4142
   vertex   53.764     -0.5  16.4142
   vertex  53.1152     -0.5  16.8478
  endloop
 endfacet
 facet normal -0.831418        0 -0.555647
  outer loop
   vertex   53.764     -0.5  16.4142
   vertex  54.1976      2.5  15.7654
   vertex  54.1976     -0.5  15.7654
  endloop
 endfacet
 facet normal -0.980797        0  0.19503
  outer loop
   vertex  54.3498     -0.5       15
   vertex  54.1976      2.5  14.2346
   vertex  54.1976     -0.5  14.2346
  endloop
 endfacet
 facet normal -0.195033        0 -0.980797
  outer loop
   vertex  53.1152      2.5  16.8478
   vertex  52.3498     -0.5       17
   vertex  52.3498      2.5       17
  endloop
 endfacet
 facet normal 0.195056        0 0.980792
  outer loop
   vertex  51.5845     -0.5  13.1522
   vertex  52.3498     -0.5       13
   vertex  52.3498      2.5       13
  endloop
 endfacet
 facet normal 0.195057        0 -0.980792
  outer loop
   vertex  52.3498     -0.5       17
   vertex  51.5845      2.5  16.8478
   vertex  52.3498      2.5       17
  endloop
 endfacet
 facet normal 0.831479        0 -0.555556
  outer loop
   vertex  50.5021     -0.5  15.7654
   vertex  50.5021      2.5  15.7654
   vertex  50.9356      2.5  16.4142
  endloop
 endfacet
 facet normal 0.555587        0 -0.831458
  outer loop
   vertex  51.5845     -0.5  16.8478
   vertex  50.9356      2.5  16.4142
   vertex  51.5845      2.5  16.8478
  endloop
 endfacet
 facet normal 0.980772       -0 0.195157
  outer loop
   vertex  50.5021     -0.5  14.2346
   vertex  50.5021      2.5  14.2346
   vertex  50.3498      2.5       15
  endloop
 endfacet
 facet normal 0.555588       -0 0.831458
  outer loop
   vertex  51.5845     -0.5  13.1522
   vertex  51.5845      2.5  13.1522
   vertex  50.9356      2.5  13.5858
  endloop
 endfacet
 facet normal 0.831479       -0 0.555556
  outer loop
   vertex  50.9356     -0.5  13.5858
   vertex  50.9356      2.5  13.5858
   vertex  50.5021      2.5  14.2346
  endloop
 endfacet
 facet normal 0.980772        0 -0.195157
  outer loop
   vertex  50.3498     -0.5       15
   vertex  50.3498      2.5       15
   vertex  50.5021      2.5  15.7654
  endloop
 endfacet
 facet normal 0.195057        0 -0.980792
  outer loop
   vertex  51.5845      2.5  16.8478
   vertex  52.3498     -0.5       17
   vertex  51.5845     -0.5  16.8478
  endloop
 endfacet
 facet normal 0.831479        0 -0.555556
  outer loop
   vertex  50.9356      2.5  16.4142
   vertex  50.9356     -0.5  16.4142
   vertex  50.5021     -0.5  15.7654
  endloop
 endfacet
 facet normal 0.555587        0 -0.831458
  outer loop
   vertex  50.9356     -0.5  16.4142
   vertex  50.9356      2.5  16.4142
   vertex  51.5845     -0.5  16.8478
  endloop
 endfacet
 facet normal 0.980772        0 0.195157
  outer loop
   vertex  50.3498      2.5       15
   vertex  50.3498     -0.5       15
   vertex  50.5021     -0.5  14.2346
  endloop
 endfacet
 facet normal 0.555588        0 0.831458
  outer loop
   vertex  50.9356      2.5  13.5858
   vertex  50.9356     -0.5  13.5858
   vertex  51.5845     -0.5  13.1522
  endloop
 endfacet
 facet normal 0.831479        0 0.555556
  outer loop
   vertex  50.9356     -0.5  13.5858
   vertex  50.5021      2.5  14.2346
   vertex  50.5021     -0.5  14.2346
  endloop
 endfacet
 facet normal 0.980772        0 -0.195157
  outer loop
   vertex  50.3498     -0.5       15
   vertex  50.5021      2.5  15.7654
   vertex  50.5021     -0.5  15.7654
  endloop
 endfacet
 facet normal 0.195056       -0 0.980792
  outer loop
   vertex  51.5845     -0.5  13.1522
   vertex  52.3498      2.5       13
   vertex  51.5845      2.5  13.1522
  endloop
 endfacet
 facet normal -0.195033       -0 -0.980797
  outer loop
   vertex  53.1152      2.5  16.8478
   vertex  53.1152     -0.5  16.8478
   vertex  52.3498     -0.5       17
  endloop
 endfacet
 facet normal -0.195057        0 0.980792
  outer loop
   vertex  23.4155     -0.5 -16.8478
   vertex  23.4155      2.5 -16.8478
   vertex  22.6502      2.5      -17
  endloop
 endfacet
 facet normal -0.831478        0 0.555558
  outer loop
   vertex  24.4979     -0.5 -15.7654
   vertex  24.4979      2.5 -15.7654
   vertex  24.0644      2.5 -16.4142
  endloop
 endfacet
 facet normal -0.555587        0 0.831458
  outer loop
   vertex  24.0644     -0.5 -16.4142
   vertex  24.0644      2.5 -16.4142
   vertex  23.4155      2.5 -16.8478
  endloop
 endfacet
 facet normal -0.980772        0 -0.195155
  outer loop
   vertex  24.4979     -0.5 -14.2346
   vertex  24.4979      2.5 -14.2346
   vertex  24.6502      2.5      -15
  endloop
 endfacet
 facet normal -0.555588        0 -0.831458
  outer loop
   vertex  23.4155     -0.5 -13.1522
   vertex  23.4155      2.5 -13.1522
   vertex  24.0644      2.5 -13.5858
  endloop
 endfacet
 facet normal -0.831478        0 -0.555558
  outer loop
   vertex  24.0644     -0.5 -13.5858
   vertex  24.0644      2.5 -13.5858
   vertex  24.4979      2.5 -14.2346
  endloop
 endfacet
 facet normal -0.980772        0 0.195155
  outer loop
   vertex  24.6502     -0.5      -15
   vertex  24.6502      2.5      -15
   vertex  24.4979      2.5 -15.7654
  endloop
 endfacet
 facet normal -0.195057        0 0.980792
  outer loop
   vertex  22.6502      2.5      -17
   vertex  22.6502     -0.5      -17
   vertex  23.4155     -0.5 -16.8478
  endloop
 endfacet
 facet normal -0.831478        0 0.555558
  outer loop
   vertex  24.0644      2.5 -16.4142
   vertex  24.0644     -0.5 -16.4142
   vertex  24.4979     -0.5 -15.7654
  endloop
 endfacet
 facet normal -0.555587        0 0.831458
  outer loop
   vertex  24.0644     -0.5 -16.4142
   vertex  23.4155      2.5 -16.8478
   vertex  23.4155     -0.5 -16.8478
  endloop
 endfacet
 facet normal -0.980772       -0 -0.195155
  outer loop
   vertex  24.6502      2.5      -15
   vertex  24.6502     -0.5      -15
   vertex  24.4979     -0.5 -14.2346
  endloop
 endfacet
 facet normal -0.555588       -0 -0.831458
  outer loop
   vertex  24.0644      2.5 -13.5858
   vertex  24.0644     -0.5 -13.5858
   vertex  23.4155     -0.5 -13.1522
  endloop
 endfacet
 facet normal -0.831478        0 -0.555558
  outer loop
   vertex  24.0644     -0.5 -13.5858
   vertex  24.4979      2.5 -14.2346
   vertex  24.4979     -0.5 -14.2346
  endloop
 endfacet
 facet normal -0.980772        0 0.195155
  outer loop
   vertex  24.6502     -0.5      -15
   vertex  24.4979      2.5 -15.7654
   vertex  24.4979     -0.5 -15.7654
  endloop
 endfacet
 facet normal -0.195056        0 -0.980792
  outer loop
   vertex  23.4155      2.5 -13.1522
   vertex  22.6502     -0.5      -13
   vertex  22.6502      2.5      -13
  endloop
 endfacet
 facet normal 0.195033        0 0.980797
  outer loop
   vertex  21.8848     -0.5 -16.8478
   vertex  22.6502     -0.5      -17
   vertex  22.6502      2.5      -17
  endloop
 endfacet
 facet normal 0.195031        0 -0.980797
  outer loop
   vertex  22.6502     -0.5      -13
   vertex  21.8848      2.5 -13.1522
   vertex  22.6502      2.5      -13
  endloop
 endfacet
 facet normal 0.831419        0 -0.555646
  outer loop
   vertex  20.8024     -0.5 -14.2346
   vertex  20.8024      2.5 -14.2346
   vertex   21.236      2.5 -13.5858
  endloop
 endfacet
 facet normal 0.555647        0 -0.831419
  outer loop
   vertex  21.8848     -0.5 -13.1522
   vertex   21.236      2.5 -13.5858
   vertex  21.8848      2.5 -13.1522
  endloop
 endfacet
 facet normal 0.980797       -0 0.195033
  outer loop
   vertex  20.8024     -0.5 -15.7654
   vertex  20.8024      2.5 -15.7654
   vertex  20.6502      2.5      -15
  endloop
 endfacet
 facet normal 0.555646       -0 0.831419
  outer loop
   vertex  21.8848     -0.5 -16.8478
   vertex  21.8848      2.5 -16.8478
   vertex   21.236      2.5 -16.4142
  endloop
 endfacet
 facet normal 0.831419       -0 0.555646
  outer loop
   vertex   21.236     -0.5 -16.4142
   vertex   21.236      2.5 -16.4142
   vertex  20.8024      2.5 -15.7654
  endloop
 endfacet
 facet normal 0.980797        0 -0.195033
  outer loop
   vertex  20.6502     -0.5      -15
   vertex  20.6502      2.5      -15
   vertex  20.8024      2.5 -14.2346
  endloop
 endfacet
 facet normal 0.195031        0 -0.980797
  outer loop
   vertex  21.8848      2.5 -13.1522
   vertex  22.6502     -0.5      -13
   vertex  21.8848     -0.5 -13.1522
  endloop
 endfacet
 facet normal 0.831419        0 -0.555646
  outer loop
   vertex   21.236      2.5 -13.5858
   vertex   21.236     -0.5 -13.5858
   vertex  20.8024     -0.5 -14.2346
  endloop
 endfacet
 facet normal 0.555647        0 -0.831419
  outer loop
   vertex   21.236     -0.5 -13.5858
   vertex   21.236      2.5 -13.5858
   vertex  21.8848     -0.5 -13.1522
  endloop
 endfacet
 facet normal 0.980797        0 0.195033
  outer loop
   vertex  20.6502      2.5      -15
   vertex  20.6502     -0.5      -15
   vertex  20.8024     -0.5 -15.7654
  endloop
 endfacet
 facet normal 0.555646        0 0.831419
  outer loop
   vertex   21.236      2.5 -16.4142
   vertex   21.236     -0.5 -16.4142
   vertex  21.8848     -0.5 -16.8478
  endloop
 endfacet
 facet normal 0.831419        0 0.555646
  outer loop
   vertex   21.236     -0.5 -16.4142
   vertex  20.8024      2.5 -15.7654
   vertex  20.8024     -0.5 -15.7654
  endloop
 endfacet
 facet normal 0.980797        0 -0.195033
  outer loop
   vertex  20.6502     -0.5      -15
   vertex  20.8024      2.5 -14.2346
   vertex  20.8024     -0.5 -14.2346
  endloop
 endfacet
 facet normal 0.195033       -0 0.980797
  outer loop
   vertex  21.8848     -0.5 -16.8478
   vertex  22.6502      2.5      -17
   vertex  21.8848      2.5 -16.8478
  endloop
 endfacet
 facet normal -0.195056       -0 -0.980792
  outer loop
   vertex  23.4155      2.5 -13.1522
   vertex  23.4155     -0.5 -13.1522
   vertex  22.6502     -0.5      -13
  endloop
 endfacet
 facet normal -0.195033        0 0.980797
  outer loop
   vertex -21.8848     -0.5 -16.8478
   vertex -21.8848      2.5 -16.8478
   vertex -22.6502      2.5      -17
  endloop
 endfacet
 facet normal -0.831419        0 0.555646
  outer loop
   vertex -20.8024     -0.5 -15.7654
   vertex -20.8024      2.5 -15.7654
   vertex  -21.236      2.5 -16.4142
  endloop
 endfacet
 facet normal -0.555646        0 0.831419
  outer loop
   vertex  -21.236     -0.5 -16.4142
   vertex  -21.236      2.5 -16.4142
   vertex -21.8848      2.5 -16.8478
  endloop
 endfacet
 facet normal -0.980797        0 -0.195033
  outer loop
   vertex -20.8024     -0.5 -14.2346
   vertex -20.8024      2.5 -14.2346
   vertex -20.6502      2.5      -15
  endloop
 endfacet
 facet normal -0.555647        0 -0.831419
  outer loop
   vertex -21.8848     -0.5 -13.1522
   vertex -21.8848      2.5 -13.1522
   vertex  -21.236      2.5 -13.5858
  endloop
 endfacet
 facet normal -0.831419        0 -0.555646
  outer loop
   vertex  -21.236     -0.5 -13.5858
   vertex  -21.236      2.5 -13.5858
   vertex -20.8024      2.5 -14.2346
  endloop
 endfacet
 facet normal -0.980797        0 0.195033
  outer loop
   vertex -20.6502     -0.5      -15
   vertex -20.6502      2.5      -15
   vertex -20.8024      2.5 -15.7654
  endloop
 endfacet
 facet normal -0.195033        0 0.980797
  outer loop
   vertex -22.6502      2.5      -17
   vertex -22.6502     -0.5      -17
   vertex -21.8848     -0.5 -16.8478
  endloop
 endfacet
 facet normal -0.831419        0 0.555646
  outer loop
   vertex  -21.236      2.5 -16.4142
   vertex  -21.236     -0.5 -16.4142
   vertex -20.8024     -0.5 -15.7654
  endloop
 endfacet
 facet normal -0.555646        0 0.831419
  outer loop
   vertex  -21.236     -0.5 -16.4142
   vertex -21.8848      2.5 -16.8478
   vertex -21.8848     -0.5 -16.8478
  endloop
 endfacet
 facet normal -0.980797       -0 -0.195033
  outer loop
   vertex -20.6502      2.5      -15
   vertex -20.6502     -0.5      -15
   vertex -20.8024     -0.5 -14.2346
  endloop
 endfacet
 facet normal -0.555647       -0 -0.831419
  outer loop
   vertex  -21.236      2.5 -13.5858
   vertex  -21.236     -0.5 -13.5858
   vertex -21.8848     -0.5 -13.1522
  endloop
 endfacet
 facet normal -0.831419        0 -0.555646
  outer loop
   vertex  -21.236     -0.5 -13.5858
   vertex -20.8024      2.5 -14.2346
   vertex -20.8024     -0.5 -14.2346
  endloop
 endfacet
 facet normal -0.980797        0 0.195033
  outer loop
   vertex -20.6502     -0.5      -15
   vertex -20.8024      2.5 -15.7654
   vertex -20.8024     -0.5 -15.7654
  endloop
 endfacet
 facet normal -0.195031        0 -0.980797
  outer loop
   vertex -21.8848      2.5 -13.1522
   vertex -22.6502     -0.5      -13
   vertex -22.6502      2.5      -13
  endloop
 endfacet
 facet normal 0.195057        0 0.980792
  outer loop
   vertex -23.4155     -0.5 -16.8478
   vertex -22.6502     -0.5      -17
   vertex -22.6502      2.5      -17
  endloop
 endfacet
 facet normal 0.195056        0 -0.980792
  outer loop
   vertex -23.4155     -0.5 -13.1522
   vertex -23.4155      2.5 -13.1522
   vertex -22.6502      2.5      -13
  endloop
 endfacet
 facet normal 0.831478        0 -0.555558
  outer loop
   vertex -24.4979     -0.5 -14.2346
   vertex -24.4979      2.5 -14.2346
   vertex -24.0644      2.5 -13.5858
  endloop
 endfacet
 facet normal 0.555588        0 -0.831458
  outer loop
   vertex -24.0644     -0.5 -13.5858
   vertex -24.0644      2.5 -13.5858
   vertex -23.4155      2.5 -13.1522
  endloop
 endfacet
 facet normal 0.980772       -0 0.195155
  outer loop
   vertex -24.4979     -0.5 -15.7654
   vertex -24.4979      2.5 -15.7654
   vertex -24.6502      2.5      -15
  endloop
 endfacet
 facet normal 0.555587       -0 0.831458
  outer loop
   vertex -23.4155     -0.5 -16.8478
   vertex -23.4155      2.5 -16.8478
   vertex -24.0644      2.5 -16.4142
  endloop
 endfacet
 facet normal 0.831478       -0 0.555558
  outer loop
   vertex -24.0644     -0.5 -16.4142
   vertex -24.0644      2.5 -16.4142
   vertex -24.4979      2.5 -15.7654
  endloop
 endfacet
 facet normal 0.980772        0 -0.195155
  outer loop
   vertex -24.6502     -0.5      -15
   vertex -24.6502      2.5      -15
   vertex -24.4979      2.5 -14.2346
  endloop
 endfacet
 facet normal 0.195056        0 -0.980792
  outer loop
   vertex -22.6502      2.5      -13
   vertex -22.6502     -0.5      -13
   vertex -23.4155     -0.5 -13.1522
  endloop
 endfacet
 facet normal 0.831478        0 -0.555558
  outer loop
   vertex -24.0644      2.5 -13.5858
   vertex -24.0644     -0.5 -13.5858
   vertex -24.4979     -0.5 -14.2346
  endloop
 endfacet
 facet normal 0.555588        0 -0.831458
  outer loop
   vertex -24.0644     -0.5 -13.5858
   vertex -23.4155      2.5 -13.1522
   vertex -23.4155     -0.5 -13.1522
  endloop
 endfacet
 facet normal 0.980772        0 0.195155
  outer loop
   vertex -24.6502      2.5      -15
   vertex -24.6502     -0.5      -15
   vertex -24.4979     -0.5 -15.7654
  endloop
 endfacet
 facet normal 0.555587        0 0.831458
  outer loop
   vertex -24.0644      2.5 -16.4142
   vertex -24.0644     -0.5 -16.4142
   vertex -23.4155     -0.5 -16.8478
  endloop
 endfacet
 facet normal 0.831478        0 0.555558
  outer loop
   vertex -24.0644     -0.5 -16.4142
   vertex -24.4979      2.5 -15.7654
   vertex -24.4979     -0.5 -15.7654
  endloop
 endfacet
 facet normal 0.980772        0 -0.195155
  outer loop
   vertex -24.6502     -0.5      -15
   vertex -24.4979      2.5 -14.2346
   vertex -24.4979     -0.5 -14.2346
  endloop
 endfacet
 facet normal 0.195057       -0 0.980792
  outer loop
   vertex -23.4155     -0.5 -16.8478
   vertex -22.6502      2.5      -17
   vertex -23.4155      2.5 -16.8478
  endloop
 endfacet
 facet normal -0.195031       -0 -0.980797
  outer loop
   vertex -21.8848      2.5 -13.1522
   vertex -21.8848     -0.5 -13.1522
   vertex -22.6502     -0.5      -13
  endloop
 endfacet
 facet normal -0.195056        0 0.980792
  outer loop
   vertex -51.5845     -0.5  13.1522
   vertex -51.5845      2.5  13.1522
   vertex -52.3498      2.5       13
  endloop
 endfacet
 facet normal -0.831479        0 0.555556
  outer loop
   vertex -50.5021     -0.5  14.2346
   vertex -50.5021      2.5  14.2346
   vertex -50.9356      2.5  13.5858
  endloop
 endfacet
 facet normal -0.555588        0 0.831458
  outer loop
   vertex -50.9356     -0.5  13.5858
   vertex -50.9356      2.5  13.5858
   vertex -51.5845      2.5  13.1522
  endloop
 endfacet
 facet normal -0.980772        0 -0.195157
  outer loop
   vertex -50.5021     -0.5  15.7654
   vertex -50.5021      2.5  15.7654
   vertex -50.3498      2.5       15
  endloop
 endfacet
 facet normal -0.555587        0 -0.831458
  outer loop
   vertex -51.5845     -0.5  16.8478
   vertex -51.5845      2.5  16.8478
   vertex -50.9356      2.5  16.4142
  endloop
 endfacet
 facet normal -0.831479        0 -0.555556
  outer loop
   vertex -50.9356     -0.5  16.4142
   vertex -50.9356      2.5  16.4142
   vertex -50.5021      2.5  15.7654
  endloop
 endfacet
 facet normal -0.980772        0 0.195157
  outer loop
   vertex -50.3498     -0.5       15
   vertex -50.3498      2.5       15
   vertex -50.5021      2.5  14.2346
  endloop
 endfacet
 facet normal -0.195056        0 0.980792
  outer loop
   vertex -52.3498      2.5       13
   vertex -52.3498     -0.5       13
   vertex -51.5845     -0.5  13.1522
  endloop
 endfacet
 facet normal -0.831479        0 0.555556
  outer loop
   vertex -50.9356      2.5  13.5858
   vertex -50.9356     -0.5  13.5858
   vertex -50.5021     -0.5  14.2346
  endloop
 endfacet
 facet normal -0.555588        0 0.831458
  outer loop
   vertex -50.9356     -0.5  13.5858
   vertex -51.5845      2.5  13.1522
   vertex -51.5845     -0.5  13.1522
  endloop
 endfacet
 facet normal -0.980772       -0 -0.195157
  outer loop
   vertex -50.3498      2.5       15
   vertex -50.3498     -0.5       15
   vertex -50.5021     -0.5  15.7654
  endloop
 endfacet
 facet normal -0.555587       -0 -0.831458
  outer loop
   vertex -50.9356      2.5  16.4142
   vertex -50.9356     -0.5  16.4142
   vertex -51.5845     -0.5  16.8478
  endloop
 endfacet
 facet normal -0.831479        0 -0.555556
  outer loop
   vertex -50.9356     -0.5  16.4142
   vertex -50.5021      2.5  15.7654
   vertex -50.5021     -0.5  15.7654
  endloop
 endfacet
 facet normal -0.980772        0 0.195157
  outer loop
   vertex -50.3498     -0.5       15
   vertex -50.5021      2.5  14.2346
   vertex -50.5021     -0.5  14.2346
  endloop
 endfacet
 facet normal -0.195057        0 -0.980792
  outer loop
   vertex -51.5845      2.5  16.8478
   vertex -52.3498     -0.5       17
   vertex -52.3498      2.5       17
  endloop
 endfacet
 facet normal 0.195031        0 0.980797
  outer loop
   vertex -53.1152     -0.5  13.1522
   vertex -52.3498     -0.5       13
   vertex -52.3498      2.5       13
  endloop
 endfacet
 facet normal 0.195033        0 -0.980797
  outer loop
   vertex -53.1152     -0.5  16.8478
   vertex -53.1152      2.5  16.8478
   vertex -52.3498      2.5       17
  endloop
 endfacet
 facet normal 0.831418        0 -0.555647
  outer loop
   vertex -54.1976     -0.5  15.7654
   vertex -54.1976      2.5  15.7654
   vertex  -53.764      2.5  16.4142
  endloop
 endfacet
 facet normal 0.555646        0 -0.831419
  outer loop
   vertex  -53.764     -0.5  16.4142
   vertex  -53.764      2.5  16.4142
   vertex -53.1152      2.5  16.8478
  endloop
 endfacet
 facet normal 0.980797       -0  0.19503
  outer loop
   vertex -54.1976     -0.5  14.2346
   vertex -54.1976      2.5  14.2346
   vertex -54.3498      2.5       15
  endloop
 endfacet
 facet normal 0.555647       -0 0.831419
  outer loop
   vertex -53.1152     -0.5  13.1522
   vertex -53.1152      2.5  13.1522
   vertex  -53.764      2.5  13.5858
  endloop
 endfacet
 facet normal 0.831418       -0 0.555647
  outer loop
   vertex  -53.764     -0.5  13.5858
   vertex  -53.764      2.5  13.5858
   vertex -54.1976      2.5  14.2346
  endloop
 endfacet
 facet normal 0.980797        0 -0.19503
  outer loop
   vertex -54.3498     -0.5       15
   vertex -54.3498      2.5       15
   vertex -54.1976      2.5  15.7654
  endloop
 endfacet
 facet normal 0.195033        0 -0.980797
  outer loop
   vertex -52.3498      2.5       17
   vertex -52.3498     -0.5       17
   vertex -53.1152     -0.5  16.8478
  endloop
 endfacet
 facet normal 0.831418        0 -0.555647
  outer loop
   vertex  -53.764      2.5  16.4142
   vertex  -53.764     -0.5  16.4142
   vertex -54.1976     -0.5  15.7654
  endloop
 endfacet
 facet normal 0.555646        0 -0.831419
  outer loop
   vertex  -53.764     -0.5  16.4142
   vertex -53.1152      2.5  16.8478
   vertex -53.1152     -0.5  16.8478
  endloop
 endfacet
 facet normal 0.980797        0  0.19503
  outer loop
   vertex -54.3498      2.5       15
   vertex -54.3498     -0.5       15
   vertex -54.1976     -0.5  14.2346
  endloop
 endfacet
 facet normal 0.555647        0 0.831419
  outer loop
   vertex  -53.764      2.5  13.5858
   vertex  -53.764     -0.5  13.5858
   vertex -53.1152     -0.5  13.1522
  endloop
 endfacet
 facet normal 0.831418        0 0.555647
  outer loop
   vertex  -53.764     -0.5  13.5858
   vertex -54.1976      2.5  14.2346
   vertex -54.1976     -0.5  14.2346
  endloop
 endfacet
 facet normal 0.980797        0 -0.19503
  outer loop
   vertex -54.3498     -0.5       15
   vertex -54.1976      2.5  15.7654
   vertex -54.1976     -0.5  15.7654
  endloop
 endfacet
 facet normal 0.195031       -0 0.980797
  outer loop
   vertex -53.1152     -0.5  13.1522
   vertex -52.3498      2.5       13
   vertex -53.1152      2.5  13.1522
  endloop
 endfacet
 facet normal -0.195057       -0 -0.980792
  outer loop
   vertex -51.5845      2.5  16.8478
   vertex -51.5845     -0.5  16.8478
   vertex -52.3498     -0.5       17
  endloop
 endfacet
 facet normal -0.396701 -0.700202 0.593587
  outer loop
   vertex  53.8806     -2.5  11.3045
   vertex   53.764     -0.5  13.5858
   vertex  53.1152     -0.5  13.1522
  endloop
 endfacet
 facet normal -0.139242 -0.700201 0.700236
  outer loop
   vertex  53.8806     -2.5  11.3045
   vertex  53.1152     -0.5  13.1522
   vertex  52.3498     -0.5       13
  endloop
 endfacet
 facet normal -0.593562 -0.700233 0.396685
  outer loop
   vertex  54.1976     -0.5  14.2346
   vertex   53.764     -0.5  13.5858
   vertex  55.1783     -2.5  12.1716
  endloop
 endfacet
 facet normal -0.593562 -0.700233 -0.396685
  outer loop
   vertex   53.764     -0.5  16.4142
   vertex  54.1976     -0.5  15.7654
   vertex  55.1783     -2.5  17.8284
  endloop
 endfacet
 facet normal -0.70024 -0.700197 0.139242
  outer loop
   vertex  54.3498     -0.5       15
   vertex  54.1976     -0.5  14.2346
   vertex  56.0453     -2.5  13.4693
  endloop
 endfacet
 facet normal -0.70024 -0.700197 -0.139242
  outer loop
   vertex  54.3498     -0.5       15
   vertex  56.0453     -2.5  16.5307
   vertex  54.1976     -0.5  15.7654
  endloop
 endfacet
 facet normal  -0.3967 -0.700202 -0.593587
  outer loop
   vertex  53.8806     -2.5  18.6955
   vertex  53.1152     -0.5  16.8478
   vertex   53.764     -0.5  16.4142
  endloop
 endfacet
 facet normal -0.139283 -0.700214 0.700214
  outer loop
   vertex  52.3498     -0.5       13
   vertex  52.3498     -2.5       11
   vertex  53.8806     -2.5  11.3045
  endloop
 endfacet
 facet normal -0.593643 -0.700202 0.396616
  outer loop
   vertex  54.1976     -0.5  14.2346
   vertex  55.1783     -2.5  12.1716
   vertex  56.0453     -2.5  13.4693
  endloop
 endfacet
 facet normal -0.396638 -0.700221 0.593606
  outer loop
   vertex  55.1783     -2.5  12.1716
   vertex   53.764     -0.5  13.5858
   vertex  53.8806     -2.5  11.3045
  endloop
 endfacet
 facet normal -0.700213 -0.700213 -0.139293
  outer loop
   vertex  54.3498     -0.5       15
   vertex  56.3498     -2.5       15
   vertex  56.0453     -2.5  16.5307
  endloop
 endfacet
 facet normal -0.396638 -0.700221 -0.593607
  outer loop
   vertex   53.764     -0.5  16.4142
   vertex  55.1783     -2.5  17.8284
   vertex  53.8806     -2.5  18.6955
  endloop
 endfacet
 facet normal -0.593643 -0.700202 -0.396617
  outer loop
   vertex  55.1783     -2.5  17.8284
   vertex  54.1976     -0.5  15.7654
   vertex  56.0453     -2.5  16.5307
  endloop
 endfacet
 facet normal -0.700213 -0.700213 0.139293
  outer loop
   vertex  56.3498     -2.5       15
   vertex  54.3498     -0.5       15
   vertex  56.0453     -2.5  13.4693
  endloop
 endfacet
 facet normal -0.139243 -0.700201 -0.700236
  outer loop
   vertex  53.8806     -2.5  18.6955
   vertex  52.3498     -0.5       17
   vertex  53.1152     -0.5  16.8478
  endloop
 endfacet
 facet normal 0.139292 -0.700213 0.700213
  outer loop
   vertex  50.8191     -2.5  11.3045
   vertex  52.3498     -2.5       11
   vertex  52.3498     -0.5       13
  endloop
 endfacet
 facet normal 0.396653 -0.700212 -0.593607
  outer loop
   vertex  49.5214     -2.5  17.8284
   vertex  50.9356     -0.5  16.4142
   vertex  51.5845     -0.5  16.8478
  endloop
 endfacet
 facet normal  0.13926 -0.700203 -0.700231
  outer loop
   vertex  51.5845     -0.5  16.8478
   vertex  52.3498     -0.5       17
   vertex  50.8191     -2.5  18.6955
  endloop
 endfacet
 facet normal 0.593624 -0.70021 -0.396632
  outer loop
   vertex  50.5021     -0.5  15.7654
   vertex  50.9356     -0.5  16.4142
   vertex  49.5214     -2.5  17.8284
  endloop
 endfacet
 facet normal 0.593624 -0.70021 0.396632
  outer loop
   vertex  50.9356     -0.5  13.5858
   vertex  50.5021     -0.5  14.2346
   vertex  49.5214     -2.5  12.1716
  endloop
 endfacet
 facet normal 0.700195 -0.700225 -0.139327
  outer loop
   vertex  50.3498     -0.5       15
   vertex  50.5021     -0.5  15.7654
   vertex  48.6543     -2.5  16.5307
  endloop
 endfacet
 facet normal 0.700195 -0.700224 0.139327
  outer loop
   vertex  50.3498     -0.5       15
   vertex  48.6543     -2.5  13.4693
   vertex  50.5021     -0.5  14.2346
  endloop
 endfacet
 facet normal 0.396653 -0.700213 0.593606
  outer loop
   vertex  51.5845     -0.5  13.1522
   vertex  50.9356     -0.5  13.5858
   vertex  49.5214     -2.5  12.1716
  endloop
 endfacet
 facet normal 0.139293 -0.700213 -0.700213
  outer loop
   vertex  50.8191     -2.5  18.6955
   vertex  52.3498     -0.5       17
   vertex  52.3498     -2.5       19
  endloop
 endfacet
 facet normal 0.593613 -0.700214 -0.396642
  outer loop
   vertex  48.6543     -2.5  16.5307
   vertex  50.5021     -0.5  15.7654
   vertex  49.5214     -2.5  17.8284
  endloop
 endfacet
 facet normal 0.396644 -0.700209 -0.593617
  outer loop
   vertex  50.8191     -2.5  18.6955
   vertex  49.5214     -2.5  17.8284
   vertex  51.5845     -0.5  16.8478
  endloop
 endfacet
 facet normal 0.700213 -0.700213 0.139293
  outer loop
   vertex  48.3498     -2.5       15
   vertex  48.6543     -2.5  13.4693
   vertex  50.3498     -0.5       15
  endloop
 endfacet
 facet normal 0.700213 -0.700213 -0.139293
  outer loop
   vertex  50.3498     -0.5       15
   vertex  48.6543     -2.5  16.5307
   vertex  48.3498     -2.5       15
  endloop
 endfacet
 facet normal 0.593613 -0.700214 0.396641
  outer loop
   vertex  49.5214     -2.5  12.1716
   vertex  50.5021     -0.5  14.2346
   vertex  48.6543     -2.5  13.4693
  endloop
 endfacet
 facet normal 0.396645 -0.700209 0.593617
  outer loop
   vertex  50.8191     -2.5  11.3045
   vertex  51.5845     -0.5  13.1522
   vertex  49.5214     -2.5  12.1716
  endloop
 endfacet
 facet normal 0.139259 -0.700203 0.700231
  outer loop
   vertex  50.8191     -2.5  11.3045
   vertex  52.3498     -0.5       13
   vertex  51.5845     -0.5  13.1522
  endloop
 endfacet
 facet normal -0.139284 -0.700214 -0.700214
  outer loop
   vertex  53.8806     -2.5  18.6955
   vertex  52.3498     -2.5       19
   vertex  52.3498     -0.5       17
  endloop
 endfacet
 facet normal -0.396653 -0.700212 0.593607
  outer loop
   vertex  24.0644     -0.5 -16.4142
   vertex  23.4155     -0.5 -16.8478
   vertex  25.4786     -2.5 -17.8284
  endloop
 endfacet
 facet normal -0.13926 -0.700203 0.700231
  outer loop
   vertex  22.6502     -0.5      -17
   vertex  24.1809     -2.5 -18.6955
   vertex  23.4155     -0.5 -16.8478
  endloop
 endfacet
 facet normal -0.593623 -0.70021 0.396633
  outer loop
   vertex  25.4786     -2.5 -17.8284
   vertex  24.4979     -0.5 -15.7654
   vertex  24.0644     -0.5 -16.4142
  endloop
 endfacet
 facet normal -0.700196 -0.700224 -0.139326
  outer loop
   vertex  24.4979     -0.5 -14.2346
   vertex  24.6502     -0.5      -15
   vertex  26.3457     -2.5 -13.4693
  endloop
 endfacet
 facet normal -0.396656 -0.700207 -0.593611
  outer loop
   vertex  24.1809     -2.5 -11.3045
   vertex  23.4155     -0.5 -13.1522
   vertex  24.0644     -0.5 -13.5858
  endloop
 endfacet
 facet normal -0.700196 -0.700224 0.139326
  outer loop
   vertex  24.6502     -0.5      -15
   vertex  24.4979     -0.5 -15.7654
   vertex  26.3457     -2.5 -16.5307
  endloop
 endfacet
 facet normal -0.593623 -0.70021 -0.396633
  outer loop
   vertex  24.4979     -0.5 -14.2346
   vertex  25.4786     -2.5 -12.1716
   vertex  24.0644     -0.5 -13.5858
  endloop
 endfacet
 facet normal -0.139293 -0.700213 0.700213
  outer loop
   vertex  24.1809     -2.5 -18.6955
   vertex  22.6502     -0.5      -17
   vertex  22.6502     -2.5      -19
  endloop
 endfacet
 facet normal -0.396644 -0.700209 0.593617
  outer loop
   vertex  25.4786     -2.5 -17.8284
   vertex  23.4155     -0.5 -16.8478
   vertex  24.1809     -2.5 -18.6955
  endloop
 endfacet
 facet normal -0.593613 -0.700214 0.396642
  outer loop
   vertex  24.4979     -0.5 -15.7654
   vertex  25.4786     -2.5 -17.8284
   vertex  26.3457     -2.5 -16.5307
  endloop
 endfacet
 facet normal -0.700213 -0.700213 0.139293
  outer loop
   vertex  26.6502     -2.5      -15
   vertex  24.6502     -0.5      -15
   vertex  26.3457     -2.5 -16.5307
  endloop
 endfacet
 facet normal -0.593613 -0.700214 -0.396642
  outer loop
   vertex  25.4786     -2.5 -12.1716
   vertex  24.4979     -0.5 -14.2346
   vertex  26.3457     -2.5 -13.4693
  endloop
 endfacet
 facet normal -0.700213 -0.700213 -0.139293
  outer loop
   vertex  26.6502     -2.5      -15
   vertex  26.3457     -2.5 -13.4693
   vertex  24.6502     -0.5      -15
  endloop
 endfacet
 facet normal -0.396643 -0.700211 -0.593615
  outer loop
   vertex  25.4786     -2.5 -12.1716
   vertex  24.1809     -2.5 -11.3045
   vertex  24.0644     -0.5 -13.5858
  endloop
 endfacet
 facet normal -0.139294 -0.700206 -0.70022
  outer loop
   vertex  24.1809     -2.5 -11.3045
   vertex  22.6502     -2.5      -11
   vertex  23.4155     -0.5 -13.1522
  endloop
 endfacet
 facet normal 0.139284 -0.700214 0.700214
  outer loop
   vertex  21.1194     -2.5 -18.6955
   vertex  22.6502     -2.5      -19
   vertex  22.6502     -0.5      -17
  endloop
 endfacet
 facet normal 0.396701 -0.700202 -0.593587
  outer loop
   vertex  21.8848     -0.5 -13.1522
   vertex  21.1194     -2.5 -11.3045
   vertex   21.236     -0.5 -13.5858
  endloop
 endfacet
 facet normal 0.139242 -0.700201 -0.700236
  outer loop
   vertex  22.6502     -0.5      -13
   vertex  21.1194     -2.5 -11.3045
   vertex  21.8848     -0.5 -13.1522
  endloop
 endfacet
 facet normal 0.593595 -0.700192 -0.396706
  outer loop
   vertex  18.9547     -2.5 -13.4693
   vertex  20.8024     -0.5 -14.2346
   vertex   21.236     -0.5 -13.5858
  endloop
 endfacet
 facet normal 0.700239 -0.700197 -0.139243
  outer loop
   vertex  20.6502     -0.5      -15
   vertex  20.8024     -0.5 -14.2346
   vertex  18.9547     -2.5 -13.4693
  endloop
 endfacet
 facet normal 0.700239 -0.700197 0.139243
  outer loop
   vertex  20.6502     -0.5      -15
   vertex  18.9547     -2.5 -16.5307
   vertex  20.8024     -0.5 -15.7654
  endloop
 endfacet
 facet normal 0.396686 -0.700228 0.593566
  outer loop
   vertex   21.236     -0.5 -16.4142
   vertex  19.8217     -2.5 -17.8284
   vertex  21.8848     -0.5 -16.8478
  endloop
 endfacet
 facet normal 0.593562 -0.700233 0.396684
  outer loop
   vertex  19.8217     -2.5 -17.8284
   vertex   21.236     -0.5 -16.4142
   vertex  20.8024     -0.5 -15.7654
  endloop
 endfacet
 facet normal 0.139283 -0.700214 -0.700214
  outer loop
   vertex  22.6502     -0.5      -13
   vertex  22.6502     -2.5      -11
   vertex  21.1194     -2.5 -11.3045
  endloop
 endfacet
 facet normal 0.593627 -0.700223 -0.396605
  outer loop
   vertex   21.236     -0.5 -13.5858
   vertex  19.8217     -2.5 -12.1716
   vertex  18.9547     -2.5 -13.4693
  endloop
 endfacet
 facet normal 0.396637 -0.700221 -0.593607
  outer loop
   vertex  19.8217     -2.5 -12.1716
   vertex   21.236     -0.5 -13.5858
   vertex  21.1194     -2.5 -11.3045
  endloop
 endfacet
 facet normal 0.700213 -0.700213 0.139293
  outer loop
   vertex  20.6502     -0.5      -15
   vertex  18.6502     -2.5      -15
   vertex  18.9547     -2.5 -16.5307
  endloop
 endfacet
 facet normal 0.396644 -0.700209 0.593617
  outer loop
   vertex  21.8848     -0.5 -16.8478
   vertex  19.8217     -2.5 -17.8284
   vertex  21.1194     -2.5 -18.6955
  endloop
 endfacet
 facet normal 0.593643 -0.700203 0.396616
  outer loop
   vertex  19.8217     -2.5 -17.8284
   vertex  20.8024     -0.5 -15.7654
   vertex  18.9547     -2.5 -16.5307
  endloop
 endfacet
 facet normal 0.700213 -0.700213 -0.139293
  outer loop
   vertex  18.6502     -2.5      -15
   vertex  20.6502     -0.5      -15
   vertex  18.9547     -2.5 -13.4693
  endloop
 endfacet
 facet normal 0.139243 -0.700201 0.700236
  outer loop
   vertex  21.1194     -2.5 -18.6955
   vertex  22.6502     -0.5      -17
   vertex  21.8848     -0.5 -16.8478
  endloop
 endfacet
 facet normal -0.139256 -0.700217 -0.700217
  outer loop
   vertex  23.4155     -0.5 -13.1522
   vertex  22.6502     -2.5      -11
   vertex  22.6502     -0.5      -13
  endloop
 endfacet
 facet normal -0.396686 -0.700228 0.593566
  outer loop
   vertex  -21.236     -0.5 -16.4142
   vertex -21.8848     -0.5 -16.8478
   vertex -19.8217     -2.5 -17.8284
  endloop
 endfacet
 facet normal -0.139243 -0.700201 0.700236
  outer loop
   vertex -22.6502     -0.5      -17
   vertex -21.1194     -2.5 -18.6955
   vertex -21.8848     -0.5 -16.8478
  endloop
 endfacet
 facet normal -0.593595 -0.700192 0.396706
  outer loop
   vertex -18.9547     -2.5 -16.5307
   vertex -20.8024     -0.5 -15.7654
   vertex  -21.236     -0.5 -16.4142
  endloop
 endfacet
 facet normal -0.700239 -0.700197 -0.139243
  outer loop
   vertex -20.8024     -0.5 -14.2346
   vertex -20.6502     -0.5      -15
   vertex -18.9547     -2.5 -13.4693
  endloop
 endfacet
 facet normal -0.396701 -0.700202 -0.593587
  outer loop
   vertex -21.1194     -2.5 -11.3045
   vertex -21.8848     -0.5 -13.1522
   vertex  -21.236     -0.5 -13.5858
  endloop
 endfacet
 facet normal -0.700239 -0.700197 0.139243
  outer loop
   vertex -20.6502     -0.5      -15
   vertex -20.8024     -0.5 -15.7654
   vertex -18.9547     -2.5 -16.5307
  endloop
 endfacet
 facet normal -0.593562 -0.700233 -0.396684
  outer loop
   vertex -20.8024     -0.5 -14.2346
   vertex -19.8217     -2.5 -12.1716
   vertex  -21.236     -0.5 -13.5858
  endloop
 endfacet
 facet normal -0.139284 -0.700214 0.700214
  outer loop
   vertex -22.6502     -0.5      -17
   vertex -22.6502     -2.5      -19
   vertex -21.1194     -2.5 -18.6955
  endloop
 endfacet
 facet normal -0.396644 -0.700209 0.593617
  outer loop
   vertex -21.8848     -0.5 -16.8478
   vertex -21.1194     -2.5 -18.6955
   vertex -19.8217     -2.5 -17.8284
  endloop
 endfacet
 facet normal -0.593627 -0.700223 0.396605
  outer loop
   vertex -19.8217     -2.5 -17.8284
   vertex -18.9547     -2.5 -16.5307
   vertex  -21.236     -0.5 -16.4142
  endloop
 endfacet
 facet normal -0.700213 -0.700213 -0.139293
  outer loop
   vertex -20.6502     -0.5      -15
   vertex -18.6502     -2.5      -15
   vertex -18.9547     -2.5 -13.4693
  endloop
 endfacet
 facet normal -0.593643 -0.700202 -0.396616
  outer loop
   vertex -20.8024     -0.5 -14.2346
   vertex -18.9547     -2.5 -13.4693
   vertex -19.8217     -2.5 -12.1716
  endloop
 endfacet
 facet normal -0.396637 -0.700221 -0.593607
  outer loop
   vertex -19.8217     -2.5 -12.1716
   vertex -21.1194     -2.5 -11.3045
   vertex  -21.236     -0.5 -13.5858
  endloop
 endfacet
 facet normal -0.700213 -0.700213 0.139293
  outer loop
   vertex -18.6502     -2.5      -15
   vertex -20.6502     -0.5      -15
   vertex -18.9547     -2.5 -16.5307
  endloop
 endfacet
 facet normal -0.139285 -0.700205 -0.700223
  outer loop
   vertex -21.1194     -2.5 -11.3045
   vertex -22.6502     -2.5      -11
   vertex -21.8848     -0.5 -13.1522
  endloop
 endfacet
 facet normal 0.139293 -0.700213 0.700213
  outer loop
   vertex -24.1809     -2.5 -18.6955
   vertex -22.6502     -2.5      -19
   vertex -22.6502     -0.5      -17
  endloop
 endfacet
 facet normal 0.396656 -0.700207 -0.593611
  outer loop
   vertex -23.4155     -0.5 -13.1522
   vertex -24.1809     -2.5 -11.3045
   vertex -24.0644     -0.5 -13.5858
  endloop
 endfacet
 facet normal 0.139259 -0.700203 -0.700231
  outer loop
   vertex -22.6502     -0.5      -13
   vertex -24.1809     -2.5 -11.3045
   vertex -23.4155     -0.5 -13.1522
  endloop
 endfacet
 facet normal 0.593619 -0.700215 -0.396631
  outer loop
   vertex -26.3457     -2.5 -13.4693
   vertex -24.4979     -0.5 -14.2346
   vertex -24.0644     -0.5 -13.5858
  endloop
 endfacet
 facet normal 0.700196 -0.700224 -0.139326
  outer loop
   vertex -24.6502     -0.5      -15
   vertex -24.4979     -0.5 -14.2346
   vertex -26.3457     -2.5 -13.4693
  endloop
 endfacet
 facet normal 0.700196 -0.700224 0.139326
  outer loop
   vertex -24.6502     -0.5      -15
   vertex -26.3457     -2.5 -16.5307
   vertex -24.4979     -0.5 -15.7654
  endloop
 endfacet
 facet normal 0.396655 -0.700207 0.593611
  outer loop
   vertex -24.0644     -0.5 -16.4142
   vertex -24.1809     -2.5 -18.6955
   vertex -23.4155     -0.5 -16.8478
  endloop
 endfacet
 facet normal 0.593619 -0.700215 0.396631
  outer loop
   vertex -26.3457     -2.5 -16.5307
   vertex -24.0644     -0.5 -16.4142
   vertex -24.4979     -0.5 -15.7654
  endloop
 endfacet
 facet normal 0.396643 -0.700211 -0.593615
  outer loop
   vertex -24.1809     -2.5 -11.3045
   vertex -25.4786     -2.5 -12.1716
   vertex -24.0644     -0.5 -13.5858
  endloop
 endfacet
 facet normal 0.593615 -0.700211 -0.396643
  outer loop
   vertex -26.3457     -2.5 -13.4693
   vertex -24.0644     -0.5 -13.5858
   vertex -25.4786     -2.5 -12.1716
  endloop
 endfacet
 facet normal 0.139292 -0.700213 -0.700213
  outer loop
   vertex -22.6502     -0.5      -13
   vertex -22.6502     -2.5      -11
   vertex -24.1809     -2.5 -11.3045
  endloop
 endfacet
 facet normal 0.700213 -0.700213 0.139293
  outer loop
   vertex -24.6502     -0.5      -15
   vertex -26.6502     -2.5      -15
   vertex -26.3457     -2.5 -16.5307
  endloop
 endfacet
 facet normal 0.593615 -0.700211 0.396643
  outer loop
   vertex -24.0644     -0.5 -16.4142
   vertex -26.3457     -2.5 -16.5307
   vertex -25.4786     -2.5 -17.8284
  endloop
 endfacet
 facet normal 0.396643 -0.700211 0.593615
  outer loop
   vertex -25.4786     -2.5 -17.8284
   vertex -24.1809     -2.5 -18.6955
   vertex -24.0644     -0.5 -16.4142
  endloop
 endfacet
 facet normal 0.700213 -0.700213 -0.139293
  outer loop
   vertex -26.6502     -2.5      -15
   vertex -24.6502     -0.5      -15
   vertex -26.3457     -2.5 -13.4693
  endloop
 endfacet
 facet normal  0.13926 -0.700203 0.700231
  outer loop
   vertex -24.1809     -2.5 -18.6955
   vertex -22.6502     -0.5      -17
   vertex -23.4155     -0.5 -16.8478
  endloop
 endfacet
 facet normal -0.139238 -0.700219 -0.700219
  outer loop
   vertex -21.8848     -0.5 -13.1522
   vertex -22.6502     -2.5      -11
   vertex -22.6502     -0.5      -13
  endloop
 endfacet
 facet normal -0.396656 -0.700207 0.593611
  outer loop
   vertex -50.8191     -2.5  11.3045
   vertex -50.9356     -0.5  13.5858
   vertex -51.5845     -0.5  13.1522
  endloop
 endfacet
 facet normal -0.139259 -0.700203 0.700231
  outer loop
   vertex -50.8191     -2.5  11.3045
   vertex -51.5845     -0.5  13.1522
   vertex -52.3498     -0.5       13
  endloop
 endfacet
 facet normal -0.593624 -0.70021 0.396632
  outer loop
   vertex -50.5021     -0.5  14.2346
   vertex -50.9356     -0.5  13.5858
   vertex -49.5214     -2.5  12.1716
  endloop
 endfacet
 facet normal -0.593624 -0.70021 -0.396632
  outer loop
   vertex -50.9356     -0.5  16.4142
   vertex -50.5021     -0.5  15.7654
   vertex -49.5214     -2.5  17.8284
  endloop
 endfacet
 facet normal -0.700195 -0.700224 0.139327
  outer loop
   vertex -50.3498     -0.5       15
   vertex -50.5021     -0.5  14.2346
   vertex -48.6543     -2.5  13.4693
  endloop
 endfacet
 facet normal -0.700195 -0.700225 -0.139327
  outer loop
   vertex -50.3498     -0.5       15
   vertex -48.6543     -2.5  16.5307
   vertex -50.5021     -0.5  15.7654
  endloop
 endfacet
 facet normal -0.396653 -0.700212 -0.593607
  outer loop
   vertex -49.5214     -2.5  17.8284
   vertex -51.5845     -0.5  16.8478
   vertex -50.9356     -0.5  16.4142
  endloop
 endfacet
 facet normal -0.139292 -0.700213 0.700213
  outer loop
   vertex -52.3498     -2.5       11
   vertex -50.8191     -2.5  11.3045
   vertex -52.3498     -0.5       13
  endloop
 endfacet
 facet normal -0.593613 -0.700214 0.396641
  outer loop
   vertex -49.5214     -2.5  12.1716
   vertex -48.6543     -2.5  13.4693
   vertex -50.5021     -0.5  14.2346
  endloop
 endfacet
 facet normal -0.396643 -0.700211 0.593615
  outer loop
   vertex -49.5214     -2.5  12.1716
   vertex -50.9356     -0.5  13.5858
   vertex -50.8191     -2.5  11.3045
  endloop
 endfacet
 facet normal -0.700213 -0.700213 0.139293
  outer loop
   vertex -50.3498     -0.5       15
   vertex -48.6543     -2.5  13.4693
   vertex -48.3498     -2.5       15
  endloop
 endfacet
 facet normal -0.593613 -0.700214 -0.396642
  outer loop
   vertex -50.5021     -0.5  15.7654
   vertex -48.6543     -2.5  16.5307
   vertex -49.5214     -2.5  17.8284
  endloop
 endfacet
 facet normal -0.396644 -0.700209 -0.593617
  outer loop
   vertex -49.5214     -2.5  17.8284
   vertex -50.8191     -2.5  18.6955
   vertex -51.5845     -0.5  16.8478
  endloop
 endfacet
 facet normal -0.700213 -0.700213 -0.139293
  outer loop
   vertex -48.3498     -2.5       15
   vertex -48.6543     -2.5  16.5307
   vertex -50.3498     -0.5       15
  endloop
 endfacet
 facet normal -0.13926 -0.700203 -0.700231
  outer loop
   vertex -50.8191     -2.5  18.6955
   vertex -52.3498     -0.5       17
   vertex -51.5845     -0.5  16.8478
  endloop
 endfacet
 facet normal 0.139283 -0.700214 0.700214
  outer loop
   vertex -53.8806     -2.5  11.3045
   vertex -52.3498     -2.5       11
   vertex -52.3498     -0.5       13
  endloop
 endfacet
 facet normal 0.396686 -0.700228 -0.593567
  outer loop
   vertex -55.1783     -2.5  17.8284
   vertex  -53.764     -0.5  16.4142
   vertex -53.1152     -0.5  16.8478
  endloop
 endfacet
 facet normal 0.139243 -0.700201 -0.700236
  outer loop
   vertex -53.1152     -0.5  16.8478
   vertex -52.3498     -0.5       17
   vertex -53.8806     -2.5  18.6955
  endloop
 endfacet
 facet normal 0.593562 -0.700233 -0.396685
  outer loop
   vertex -54.1976     -0.5  15.7654
   vertex  -53.764     -0.5  16.4142
   vertex -55.1783     -2.5  17.8284
  endloop
 endfacet
 facet normal 0.593562 -0.700233 0.396685
  outer loop
   vertex  -53.764     -0.5  13.5858
   vertex -54.1976     -0.5  14.2346
   vertex -55.1783     -2.5  12.1716
  endloop
 endfacet
 facet normal  0.70024 -0.700197 -0.139242
  outer loop
   vertex -54.3498     -0.5       15
   vertex -54.1976     -0.5  15.7654
   vertex -56.0453     -2.5  16.5307
  endloop
 endfacet
 facet normal  0.70024 -0.700197 0.139242
  outer loop
   vertex -54.3498     -0.5       15
   vertex -56.0453     -2.5  13.4693
   vertex -54.1976     -0.5  14.2346
  endloop
 endfacet
 facet normal 0.396687 -0.700228 0.593566
  outer loop
   vertex -53.1152     -0.5  13.1522
   vertex  -53.764     -0.5  13.5858
   vertex -55.1783     -2.5  12.1716
  endloop
 endfacet
 facet normal 0.396644 -0.700209 -0.593617
  outer loop
   vertex -55.1783     -2.5  17.8284
   vertex -53.1152     -0.5  16.8478
   vertex -53.8806     -2.5  18.6955
  endloop
 endfacet
 facet normal 0.593643 -0.700202 -0.396617
  outer loop
   vertex -54.1976     -0.5  15.7654
   vertex -55.1783     -2.5  17.8284
   vertex -56.0453     -2.5  16.5307
  endloop
 endfacet
 facet normal 0.139284 -0.700214 -0.700214
  outer loop
   vertex -52.3498     -0.5       17
   vertex -52.3498     -2.5       19
   vertex -53.8806     -2.5  18.6955
  endloop
 endfacet
 facet normal 0.593643 -0.700202 0.396616
  outer loop
   vertex -56.0453     -2.5  13.4693
   vertex -55.1783     -2.5  12.1716
   vertex -54.1976     -0.5  14.2346
  endloop
 endfacet
 facet normal 0.700213 -0.700213 0.139293
  outer loop
   vertex -56.0453     -2.5  13.4693
   vertex -54.3498     -0.5       15
   vertex -56.3498     -2.5       15
  endloop
 endfacet
 facet normal 0.700213 -0.700213 -0.139293
  outer loop
   vertex -54.3498     -0.5       15
   vertex -56.0453     -2.5  16.5307
   vertex -56.3498     -2.5       15
  endloop
 endfacet
 facet normal 0.396645 -0.700209 0.593617
  outer loop
   vertex -53.8806     -2.5  11.3045
   vertex -53.1152     -0.5  13.1522
   vertex -55.1783     -2.5  12.1716
  endloop
 endfacet
 facet normal 0.139242 -0.700201 0.700236
  outer loop
   vertex -53.8806     -2.5  11.3045
   vertex -52.3498     -0.5       13
   vertex -53.1152     -0.5  13.1522
  endloop
 endfacet
 facet normal -0.139293 -0.700213 -0.700213
  outer loop
   vertex -50.8191     -2.5  18.6955
   vertex -52.3498     -2.5       19
   vertex -52.3498     -0.5       17
  endloop
 endfacet
 facet normal 0.707107 -0.707107        0
  outer loop
   vertex     68.5    -27.5 -11.2583
   vertex       69      -27  10.9659
   vertex     68.5    -27.5  11.2583
  endloop
 endfacet
 facet normal 0.707107 -0.707107        0
  outer loop
   vertex       69      -27  10.9659
   vertex     68.5    -27.5 -11.2583
   vertex       69      -27 -10.9659
  endloop
 endfacet
 facet normal -0.177911 -0.695826 0.695826
  outer loop
   vertex       75    -27.5      -13
   vertex       81      -27 -10.9659
   vertex       75      -27    -12.5
  endloop
 endfacet
 facet normal -0.199777 -0.635783 0.745566
  outer loop
   vertex     81.5    -27.5 -11.2583
   vertex       81      -27 -10.9659
   vertex       75    -27.5      -13
  endloop
 endfacet
 facet normal 0.177911 -0.695826 0.695826
  outer loop
   vertex       69      -27 -10.9659
   vertex       75    -27.5      -13
   vertex       75      -27    -12.5
  endloop
 endfacet
 facet normal 0.199777 -0.635783 0.745566
  outer loop
   vertex       75    -27.5      -13
   vertex       69      -27 -10.9659
   vertex     68.5    -27.5 -11.2583
  endloop
 endfacet
 facet normal -0.199777 -0.635783 -0.745566
  outer loop
   vertex       81      -27  10.9659
   vertex     81.5    -27.5  11.2583
   vertex       75    -27.5       13
  endloop
 endfacet
 facet normal -0.177911 -0.695826 -0.695826
  outer loop
   vertex       75      -27     12.5
   vertex       81      -27  10.9659
   vertex       75    -27.5       13
  endloop
 endfacet
 facet normal 0.199777 -0.635783 -0.745566
  outer loop
   vertex     68.5    -27.5  11.2583
   vertex       69      -27  10.9659
   vertex       75    -27.5       13
  endloop
 endfacet
 facet normal 0.177911 -0.695826 -0.695826
  outer loop
   vertex       75      -27     12.5
   vertex       75    -27.5       13
   vertex       69      -27  10.9659
  endloop
 endfacet
 facet normal -0.707107 -0.707107       -0
  outer loop
   vertex       81      -27  10.9659
   vertex       81      -27 -10.9659
   vertex     81.5    -27.5 -11.2583
  endloop
 endfacet
 facet normal -0.707107 -0.707107        0
  outer loop
   vertex     81.5    -27.5 -11.2583
   vertex     81.5    -27.5  11.2583
   vertex       81      -27  10.9659
  endloop
 endfacet
 facet normal -0.177911 -0.695826 0.695826
  outer loop
   vertex -3.18408e-15    -27.5      -13
   vertex        6      -27 -10.9659
   vertex -9.57142e-15      -27    -12.5
  endloop
 endfacet
 facet normal -0.199777 -0.635783 0.745566
  outer loop
   vertex      6.5    -27.5 -11.2583
   vertex        6      -27 -10.9659
   vertex -3.18408e-15    -27.5      -13
  endloop
 endfacet
 facet normal 0.177911 -0.695826 0.695826
  outer loop
   vertex       -6      -27 -10.9659
   vertex -3.18408e-15    -27.5      -13
   vertex -9.57142e-15      -27    -12.5
  endloop
 endfacet
 facet normal 0.199777 -0.635783 0.745566
  outer loop
   vertex -3.18408e-15    -27.5      -13
   vertex       -6      -27 -10.9659
   vertex     -6.5    -27.5 -11.2583
  endloop
 endfacet
 facet normal -0.707107 -0.707107        0
  outer loop
   vertex      6.5    -27.5  11.2583
   vertex        6      -27  10.9659
   vertex        6      -27 -10.9659
  endloop
 endfacet
 facet normal -0.707107 -0.707107        0
  outer loop
   vertex        6      -27 -10.9659
   vertex      6.5    -27.5 -11.2583
   vertex      6.5    -27.5  11.2583
  endloop
 endfacet
 facet normal 0.707107 -0.707107        0
  outer loop
   vertex     -6.5    -27.5 -11.2583
   vertex       -6      -27 -10.9659
   vertex       -6      -27  10.9659
  endloop
 endfacet
 facet normal 0.707107 -0.707107        0
  outer loop
   vertex       -6      -27  10.9659
   vertex     -6.5    -27.5  11.2583
   vertex     -6.5    -27.5 -11.2583
  endloop
 endfacet
 facet normal -0.199777 -0.635783 -0.745566
  outer loop
   vertex        6      -27  10.9659
   vertex      6.5    -27.5  11.2583
   vertex -3.18408e-15    -27.5       13
  endloop
 endfacet
 facet normal -0.177911 -0.695826 -0.695826
  outer loop
   vertex -3.06162e-15      -27     12.5
   vertex        6      -27  10.9659
   vertex -3.18408e-15    -27.5       13
  endloop
 endfacet
 facet normal 0.199777 -0.635783 -0.745566
  outer loop
   vertex     -6.5    -27.5  11.2583
   vertex       -6      -27  10.9659
   vertex -3.18408e-15    -27.5       13
  endloop
 endfacet
 facet normal 0.177911 -0.695826 -0.695826
  outer loop
   vertex -3.06162e-15      -27     12.5
   vertex -3.18408e-15    -27.5       13
   vertex       -6      -27  10.9659
  endloop
 endfacet
 facet normal -0.199777 -0.635783 -0.745566
  outer loop
   vertex      -69      -27  10.9659
   vertex    -68.5    -27.5  11.2583
   vertex      -75    -27.5       13
  endloop
 endfacet
 facet normal -0.177911 -0.695826 -0.695826
  outer loop
   vertex      -75      -27     12.5
   vertex      -69      -27  10.9659
   vertex      -75    -27.5       13
  endloop
 endfacet
 facet normal 0.199777 -0.635783 -0.745566
  outer loop
   vertex    -81.5    -27.5  11.2583
   vertex      -81      -27  10.9659
   vertex      -75    -27.5       13
  endloop
 endfacet
 facet normal 0.177911 -0.695826 -0.695826
  outer loop
   vertex      -75      -27     12.5
   vertex      -75    -27.5       13
   vertex      -81      -27  10.9659
  endloop
 endfacet
 facet normal -0.707107 -0.707107        0
  outer loop
   vertex    -68.5    -27.5 -11.2583
   vertex    -68.5    -27.5  11.2583
   vertex      -69      -27  10.9659
  endloop
 endfacet
 facet normal -0.707107 -0.707107       -0
  outer loop
   vertex      -69      -27  10.9659
   vertex      -69      -27 -10.9659
   vertex    -68.5    -27.5 -11.2583
  endloop
 endfacet
 facet normal 0.707107 -0.707107        0
  outer loop
   vertex    -81.5    -27.5  11.2583
   vertex    -81.5    -27.5 -11.2583
   vertex      -81      -27 -10.9659
  endloop
 endfacet
 facet normal 0.707107 -0.707107        0
  outer loop
   vertex      -81      -27 -10.9659
   vertex      -81      -27  10.9659
   vertex    -81.5    -27.5  11.2583
  endloop
 endfacet
 facet normal -0.177911 -0.695826 0.695826
  outer loop
   vertex      -75    -27.5      -13
   vertex      -69      -27 -10.9659
   vertex      -75      -27    -12.5
  endloop
 endfacet
 facet normal -0.199777 -0.635783 0.745566
  outer loop
   vertex    -68.5    -27.5 -11.2583
   vertex      -69      -27 -10.9659
   vertex      -75    -27.5      -13
  endloop
 endfacet
 facet normal 0.177911 -0.695826 0.695826
  outer loop
   vertex      -81      -27 -10.9659
   vertex      -75    -27.5      -13
   vertex      -75      -27    -12.5
  endloop
 endfacet
 facet normal 0.199777 -0.635783 0.745566
  outer loop
   vertex      -75    -27.5      -13
   vertex      -81      -27 -10.9659
   vertex    -81.5    -27.5 -11.2583
  endloop
 endfacet
endsolid 1 written by HOOPS Exchange
