solid Exported#from#Blender-2.93.1
 facet normal        0       -0        1
  outer loop
   vertex   1.5323  4.08219  47.8253
   vertex   1.5989  5.25894  47.8253
   vertex  1.00859  4.24205  47.8253
  endloop
 endfacet
 facet normal        0       -0       -1
  outer loop
   vertex -6.52733  1.17902  29.3802
   vertex -5.46792 0.561053  29.3802
   vertex -6.61312 0.512609  29.3802
  endloop
 endfacet
 facet normal        0        0       -1
  outer loop
   vertex -6.27933 -2.13686  35.5286
   vertex -5.35383 -1.24478  35.5286
   vertex  -5.1844 -1.82619  35.5286
  endloop
 endfacet
 facet normal -0.420026 -0.568442 0.707426
  outer loop
   vertex -4.29718 -5.24692  19.9483
   vertex -9.65725 -11.3452  11.8657
   vertex -9.61263 -11.3782  11.8657
  endloop
 endfacet
 facet normal       -0        0       -1
  outer loop
   vertex  5.35166  3.91866  29.3802
   vertex   4.1161  3.64289  29.3802
   vertex  4.92776  4.43997  29.3802
  endloop
 endfacet
 facet normal -0.639021 -0.299589 0.708448
  outer loop
   vertex -12.9897 -7.36127  11.8657
   vertex -6.28323 -2.55281  19.9483
   vertex -14.0535 -5.09211  11.8657
  endloop
 endfacet
 facet normal 0.716597 0.697487 2.45149e-08
  outer loop
   vertex -3.30938 -2.83906  19.9483
   vertex -2.92746 -3.23145  47.8253
   vertex -2.92746 -3.23145  19.9483
  endloop
 endfacet
 facet normal 0.467755 0.883858        0
  outer loop
   vertex  2.86958  6.14503  19.9483
   vertex  3.46717  5.82877  22.4253
   vertex  3.46717  5.82877  19.9483
  endloop
 endfacet
 facet normal 0.613261 -0.78988        0
  outer loop
   vertex  4.42101 -5.14301  19.9483
   vertex  3.88696 -5.55764  22.4253
   vertex  3.88696 -5.55764  19.9483
  endloop
 endfacet
 facet normal 0.0607264 -0.981625   0.1809
  outer loop
   vertex 0.497613 -5.47406  29.3802
   vertex 0.0808266 -6.78154  22.4253
   vertex 0.755649  -6.7398  22.4253
  endloop
 endfacet
 facet normal -0.895246 0.445573        0
  outer loop
   vertex -6.21466  2.71549  19.9483
   vertex  -5.9134  3.32077  22.4253
   vertex  -5.9134  3.32077  19.9483
  endloop
 endfacet
 facet normal       -0        0       -1
  outer loop
   vertex  5.72065  3.35714   41.677
   vertex  4.49187  3.16798   41.677
   vertex  5.35166  3.91866   41.677
  endloop
 endfacet
 facet normal -0.982143 0.0463281 0.182341
  outer loop
   vertex -5.46792 0.561053  29.3802
   vertex -6.78145 0.0882677  22.4253
   vertex -5.49646 -0.0438689  29.3802
  endloop
 endfacet
 facet normal        0       -0       -1
  outer loop
   vertex -6.15638  2.46883  29.3802
   vertex -5.21289   1.7432  29.3802
   vertex -6.37456  1.83333  29.3802
  endloop
 endfacet
 facet normal        0        0       -1
  outer loop
   vertex  -3.3726 -5.71154  35.5286
   vertex -2.44269 -4.92404  35.5286
   vertex -2.77747 -6.02344  35.5286
  endloop
 endfacet
 facet normal        0        0       -1
  outer loop
   vertex -4.18469  5.14631  35.5286
   vertex   -3.043  4.57746  35.5286
   vertex -3.52809  4.21492  35.5286
  endloop
 endfacet
 facet normal 0.976251 0.115945 0.183005
  outer loop
   vertex  5.48569  0.34659  47.8253
   vertex  6.58094 0.829096   41.677
   vertex  5.41427 0.947957  47.8253
  endloop
 endfacet
 facet normal 0.444591 -0.895734        0
  outer loop
   vertex  3.31428 -5.91704  19.9483
   vertex  2.70867 -6.21764  22.4253
   vertex  2.70867 -6.21764  19.9483
  endloop
 endfacet
 facet normal 0.283347 0.959017        0
  outer loop
   vertex  1.59507  6.59178  19.9483
   vertex  2.24347  6.40021  22.4253
   vertex  2.24347  6.40021  19.9483
  endloop
 endfacet
 facet normal        0        0        1
  outer loop
   vertex -2.16866  3.78275  47.8253
   vertex   -3.043  4.57746  47.8253
   vertex -2.62566  3.48112  47.8253
  endloop
 endfacet
 facet normal -0.109578 0.977355 0.181025
  outer loop
   vertex -0.798411  5.43834  29.3802
   vertex -0.418757  6.76908  22.4253
   vertex -1.09066  6.69375  22.4253
  endloop
 endfacet
 facet normal -0.36607 -0.912848 0.180835
  outer loop
   vertex -1.88618 -5.16288  47.8253
   vertex -2.77747 -6.02344   41.677
   vertex -2.15384 -6.27353   41.677
  endloop
 endfacet
 facet normal 0.658377 -0.730707 0.180571
  outer loop
   vertex  3.75492 -4.01416  47.8253
   vertex  4.18469 -5.14631   41.677
   vertex  4.68386 -4.69655   41.677
  endloop
 endfacet
 facet normal 0.696301 0.694419 0.181515
  outer loop
   vertex  3.69037  4.07359   41.677
   vertex  4.92776  4.43997  35.5286
   vertex  4.45329  4.91573  35.5286
  endloop
 endfacet
 facet normal 0.926454 0.376409        0
  outer loop
   vertex  6.14817  2.86283  19.9483
   vertex  6.40267  2.23645  22.4253
   vertex  6.40267  2.23645  19.9483
  endloop
 endfacet
 facet normal 0.377424  0.92604        0
  outer loop
   vertex  2.24347  6.40021  19.9483
   vertex  2.86958  6.14503  22.4253
   vertex  2.86958  6.14503  19.9483
  endloop
 endfacet
 facet normal -0.980702 -0.0733498  0.18123
  outer loop
   vertex -5.45827 -0.648258   41.677
   vertex -6.63105 -0.159059  35.5286
   vertex -6.58094 -0.829096  35.5286
  endloop
 endfacet
 facet normal -0.804923 -0.593379        0
  outer loop
   vertex -5.25163 -4.29142  19.9483
   vertex -5.65282  -3.7472  22.4253
   vertex -5.65282  -3.7472  19.9483
  endloop
 endfacet
 facet normal        0        0       -1
  outer loop
   vertex -4.45329 -4.91573  29.3802
   vertex -3.90917 -3.86411  29.3802
   vertex -3.46036 -4.27069  29.3802
  endloop
 endfacet
 facet normal        0       -0        1
  outer loop
   vertex 0.468964  4.33501  47.8253
   vertex  1.01067  5.40292  47.8253
   vertex 0.410174  5.48131  47.8253
  endloop
 endfacet
 facet normal -0.511229 -0.859444        0
  outer loop
   vertex -3.17232 -5.99435  19.9483
   vertex  -3.7534 -5.64871  22.4253
   vertex  -3.7534 -5.64871  19.9483
  endloop
 endfacet
 facet normal -0.301025  0.93614 0.181729
  outer loop
   vertex -1.75172   6.5519  22.4253
   vertex -1.96835  5.13211  29.3802
   vertex -1.39183   5.3175  29.3802
  endloop
 endfacet
 facet normal    0.675 0.198627 0.710579
  outer loop
   vertex  6.59353  1.58783  19.9483
   vertex  14.0349   5.2151  11.8657
   vertex  6.40267  2.23645  19.9483
  endloop
 endfacet
 facet normal        0        0       -1
  outer loop
   vertex -5.13497   4.1986   41.677
   vertex -3.97035  3.80122   41.677
   vertex -4.36442  3.34137   41.677
  endloop
 endfacet
 facet normal 0.978031 -0.100355 0.182713
  outer loop
   vertex  5.42871 -0.861417  35.5286
   vertex  6.61312 -0.512609  29.3802
   vertex  5.49053 -0.258985  35.5286
  endloop
 endfacet
 facet normal 0.436925 0.880765 0.182616
  outer loop
   vertex  2.71024  4.78201   41.677
   vertex  2.77747  6.02344  35.5286
   vertex  2.16773  5.05113   41.677
  endloop
 endfacet
 facet normal -0.860006 -0.510285        0
  outer loop
   vertex -5.65282  -3.7472  19.9483
   vertex -5.99783 -3.16574  22.4253
   vertex -5.99783 -3.16574  19.9483
  endloop
 endfacet
 facet normal 0.774346 0.632763        0
  outer loop
   vertex  5.03119  4.54785  19.9483
   vertex  5.45901  4.02431  22.4253
   vertex  5.45901  4.02431  19.9483
  endloop
 endfacet
 facet normal -0.423115 -0.906076        0
  outer loop
   vertex -2.55971 -6.28043  19.9483
   vertex -3.17232 -5.99435  22.4253
   vertex -3.17232 -5.99435  19.9483
  endloop
 endfacet
 facet normal       -0        0       -1
  outer loop
   vertex  6.27933  2.13686   41.677
   vertex  5.07592  2.10901   41.677
   vertex  6.03093  2.76116   41.677
  endloop
 endfacet
 facet normal 0.291943 0.956436 4.9937e-09
  outer loop
   vertex  -1.5323 -4.08219  19.9483
   vertex -1.00859 -4.24205  47.8253
   vertex -1.00859 -4.24205  19.9483
  endloop
 endfacet
 facet normal        0        0       -1
  outer loop
   vertex  2.45216 -6.16304  29.3802
   vertex  1.68264 -5.23275  29.3802
   vertex  2.24808 -5.01589  29.3802
  endloop
 endfacet
 facet normal 0.936217 -0.351422 3.20281e-08
  outer loop
   vertex -3.97792   1.7856  19.9483
   vertex -4.17035  1.27296  47.8253
   vertex -4.17035  1.27296  19.9483
  endloop
 endfacet
 facet normal        0        0       -1
  outer loop
   vertex -4.92776 -4.43997   41.677
   vertex -4.31053 -3.41061   41.677
   vertex -3.90917 -3.86411   41.677
  endloop
 endfacet
 facet normal -0.45656 -0.871163 0.180633
  outer loop
   vertex -2.44269 -4.92404  47.8253
   vertex  -3.3726 -5.71154   41.677
   vertex -2.77747 -6.02344   41.677
  endloop
 endfacet
 facet normal 0.531567 -0.847016        0
  outer loop
   vertex  3.88696 -5.55764  19.9483
   vertex  3.31428 -5.91704  22.4253
   vertex  3.31428 -5.91704  19.9483
  endloop
 endfacet
 facet normal -0.972207 -0.234125        0
  outer loop
   vertex -6.50619 -1.91452  19.9483
   vertex -6.66448  -1.2572  22.4253
   vertex -6.66448  -1.2572  19.9483
  endloop
 endfacet
 facet normal        0        0       -1
  outer loop
   vertex -5.72065 -3.35714  29.3802
   vertex -4.95204 -2.38543  29.3802
   vertex -4.65956 -2.91572  29.3802
  endloop
 endfacet
 facet normal  0.97288 -0.231311 3.32823e-08
  outer loop
   vertex -4.17035  1.27296  19.9483
   vertex -4.29701 0.740237  47.8253
   vertex -4.29701 0.740237  19.9483
  endloop
 endfacet
 facet normal -0.488686  0.87246        0
  outer loop
   vertex  -3.6051  5.74448  19.9483
   vertex -3.01522  6.07489  22.4253
   vertex -3.01522  6.07489  19.9483
  endloop
 endfacet
 facet normal 0.923038 0.384709 3.15772e-08
  outer loop
   vertex -4.12211 -1.42143  19.9483
   vertex -3.91146 -1.92685  47.8253
   vertex -3.91145 -1.92685  19.9483
  endloop
 endfacet
 facet normal        0       -0        1
  outer loop
   vertex  2.49936  3.57287  47.8253
   vertex  2.71024  4.78201  47.8253
   vertex  2.03186  3.85795  47.8253
  endloop
 endfacet
 facet normal -0.736197 -0.651559  0.18299
  outer loop
   vertex -4.31053 -3.41061  35.5286
   vertex -4.92776 -4.43997  29.3802
   vertex -3.90917 -3.86411  35.5286
  endloop
 endfacet
 facet normal 0.337368 0.923447 0.182834
  outer loop
   vertex  2.16773  5.05113   41.677
   vertex  2.15384  6.27353  35.5286
   vertex   1.5989  5.25894   41.677
  endloop
 endfacet
 facet normal        0        0       -1
  outer loop
   vertex  3.64257 -5.54327  35.5286
   vertex  3.29054 -4.40287  35.5286
   vertex  4.18469 -5.14631  35.5286
  endloop
 endfacet
 facet normal       -0        0       -1
  outer loop
   vertex  6.37456 -1.83333   41.677
   vertex  5.10894 -2.02772   41.677
   vertex    5.301 -1.45339   41.677
  endloop
 endfacet
 facet normal 0.531195 0.827401 0.182316
  outer loop
   vertex  3.21985  4.45483   41.677
   vertex   3.3726  5.71154  35.5286
   vertex  2.71024  4.78201   41.677
  endloop
 endfacet
 facet normal       -0        0       -1
  outer loop
   vertex  6.58094 0.829096  29.3802
   vertex  5.48569  0.34659  29.3802
   vertex  5.41427 0.947957  29.3802
  endloop
 endfacet
 facet normal        0       -0       -1
  outer loop
   vertex  2.15384  6.27353  29.3802
   vertex  2.16773  5.05113  29.3802
   vertex  1.59891  5.25894  29.3802
  endloop
 endfacet
 facet normal -0.741105 0.671389 -3.16916e-08
  outer loop
   vertex  3.04125 -3.12458  19.9483
   vertex  3.40889 -2.71878  47.8253
   vertex  3.40889 -2.71878  19.9483
  endloop
 endfacet
 facet normal -0.0733788 -0.980585 0.181849
  outer loop
   vertex -0.711505 -5.45039  47.8253
   vertex -0.177002  -6.6306   41.677
   vertex  -0.1076 -5.49558  47.8253
  endloop
 endfacet
 facet normal 0.892614 -0.412556  0.18176
  outer loop
   vertex  5.87503 -3.07899  35.5286
   vertex  5.10894 -2.02772   41.677
   vertex  4.85487 -2.57744   41.677
  endloop
 endfacet
 facet normal -0.399388 0.916782        0
  outer loop
   vertex -3.01522  6.07489  19.9483
   vertex -2.39538  6.34492  22.4253
   vertex -2.39538  6.34492  19.9483
  endloop
 endfacet
 facet normal        0       -0       -1
  outer loop
   vertex   0.8469  6.57867  35.5286
   vertex  1.01067  5.40292  35.5286
   vertex 0.410175  5.48131  35.5286
  endloop
 endfacet
 facet normal -0.746535 0.639754 0.182757
  outer loop
   vertex -3.97035  3.80122  47.8253
   vertex -5.13497   4.1986   41.677
   vertex -4.36442  3.34137  47.8253
  endloop
 endfacet
 facet normal -0.137248 -0.990537        0
  outer loop
   vertex -0.594799 -6.75589  19.9483
   vertex -1.26451  -6.6631  22.4253
   vertex -1.26451  -6.6631  19.9483
  endloop
 endfacet
 facet normal -0.169767 -0.985484 -4.53729e-09
  outer loop
   vertex 0.468965  4.33501  19.9483
   vertex  1.00859  4.24205  47.8253
   vertex 0.468964  4.33501  47.8253
  endloop
 endfacet
 facet normal -0.651871  0.75833        0
  outer loop
   vertex -4.67187  4.91625  19.9483
   vertex -4.15915  5.35699  22.4253
   vertex -4.15915  5.35699  19.9483
  endloop
 endfacet
 facet normal        0        0        1
  outer loop
   vertex -3.30938 -2.83906  47.8253
   vertex -3.90917 -3.86411  47.8253
   vertex -2.92746 -3.23145  47.8253
  endloop
 endfacet
 facet normal       -0        0       -1
  outer loop
   vertex  6.27933  2.13686  35.5286
   vertex  5.07592  2.10901  35.5286
   vertex  6.03093  2.76116  35.5286
  endloop
 endfacet
 facet normal        0        0       -1
  outer loop
   vertex  3.06308 -5.88334  35.5286
   vertex  2.24808 -5.01589  35.5286
   vertex  2.78622 -4.73814  35.5286
  endloop
 endfacet
 facet normal 0.798366 0.602173 2.73121e-08
  outer loop
   vertex -3.63911  -2.4019  19.9483
   vertex -3.30938 -2.83906  47.8253
   vertex -3.30938 -2.83906  19.9483
  endloop
 endfacet
 facet normal -0.651115 0.758979 -2.78434e-08
  outer loop
   vertex  2.62566 -3.48112  19.9483
   vertex  3.04125 -3.12458  47.8253
   vertex  3.04125 -3.12458  19.9483
  endloop
 endfacet
 facet normal        0        0       -1
  outer loop
   vertex  1.81607  -6.3795  35.5286
   vertex  1.09678 -5.38609  35.5286
   vertex  1.68264 -5.23275  35.5286
  endloop
 endfacet
 facet normal 0.0806477 -0.996743 2.24166e-09
  outer loop
   vertex -0.0780537  4.35961  19.9483
   vertex -0.623842  4.31544  47.8253
   vertex -0.623842  4.31544  19.9483
  endloop
 endfacet
 facet normal       -0        0       -1
  outer loop
   vertex  6.61312 -0.512609   41.677
   vertex  5.42871 -0.861417   41.677
   vertex  5.49053 -0.258985   41.677
  endloop
 endfacet
 facet normal        0        0       -1
  outer loop
   vertex -5.72065 -3.35714  35.5286
   vertex -4.95204 -2.38543  35.5286
   vertex -4.65956 -2.91572  35.5286
  endloop
 endfacet
 facet normal        0        0       -1
  outer loop
   vertex -5.72065 -3.35714   41.677
   vertex -4.95204 -2.38543   41.677
   vertex -4.65956 -2.91572   41.677
  endloop
 endfacet
 facet normal -0.983145 0.0262462 0.180934
  outer loop
   vertex -5.49646 -0.0438689  47.8253
   vertex -6.61312 0.512609   41.677
   vertex -6.63105 -0.159059   41.677
  endloop
 endfacet
 facet normal -0.803424 -0.566629 0.182869
  outer loop
   vertex -4.65956 -2.91572   41.677
   vertex -5.35166 -3.91866  35.5286
   vertex -4.31053 -3.41061   41.677
  endloop
 endfacet
 facet normal 0.892614 -0.412556  0.18176
  outer loop
   vertex  5.87503 -3.07899  29.3802
   vertex  5.10894 -2.02772  35.5286
   vertex  4.85487 -2.57744  35.5286
  endloop
 endfacet
 facet normal 0.867542 0.497363 2.96787e-08
  outer loop
   vertex -3.91145 -1.92685  19.9483
   vertex -3.63911  -2.4019  47.8253
   vertex -3.63911  -2.4019  19.9483
  endloop
 endfacet
 facet normal 0.996242 0.0866085        0
  outer loop
   vertex  6.71886 0.923441  19.9483
   vertex  6.77742 0.249869  22.4253
   vertex  6.77742 0.249869  19.9483
  endloop
 endfacet
 facet normal 0.791929 -0.583174 0.180988
  outer loop
   vertex  4.54186 -3.09587  47.8253
   vertex  5.13497  -4.1986   41.677
   vertex  5.53339 -3.65756   41.677
  endloop
 endfacet
 facet normal 0.999915 -0.0130156        0
  outer loop
   vertex  6.77742 0.249869  19.9483
   vertex  6.76862 -0.426185  22.4253
   vertex  6.76862 -0.426185  19.9483
  endloop
 endfacet
 facet normal -0.0806477 0.996743 -2.41409e-09
  outer loop
   vertex 0.0780538 -4.35961  19.9483
   vertex 0.623841 -4.31544  47.8253
   vertex 0.623842 -4.31544  19.9483
  endloop
 endfacet
 facet normal       -0        0       -1
  outer loop
   vertex  6.61312 -0.512609  35.5286
   vertex  5.42871 -0.861417  35.5286
   vertex  5.49053 -0.258985  35.5286
  endloop
 endfacet
 facet normal 0.409514 0.912304 1.05071e-08
  outer loop
   vertex -2.03186 -3.85795  19.9483
   vertex -1.53231 -4.08219  47.8253
   vertex  -1.5323 -4.08219  19.9483
  endloop
 endfacet
 facet normal -0.867542 -0.497364 -3.70984e-08
  outer loop
   vertex  3.91146  1.92685  19.9483
   vertex  3.63911   2.4019  47.8253
   vertex  3.63911   2.4019  19.9483
  endloop
 endfacet
 facet normal 0.961104 -0.207346 0.182446
  outer loop
   vertex    5.301 -1.45339  35.5286
   vertex  6.52733 -1.17902  29.3802
   vertex  5.42871 -0.861417  35.5286
  endloop
 endfacet
 facet normal -0.316833 0.931042 0.181044
  outer loop
   vertex -1.96835  5.13211   41.677
   vertex -1.81607   6.3795  35.5286
   vertex -2.45216  6.16304  35.5286
  endloop
 endfacet
 facet normal -0.0449161 -0.998991 -1.21246e-09
  outer loop
   vertex 0.468965  4.33501  19.9483
   vertex -0.0780545  4.35961  47.8253
   vertex -0.0780537  4.35961  19.9483
  endloop
 endfacet
 facet normal        0        0       -1
  outer loop
   vertex -4.45329 -4.91573  35.5286
   vertex -3.90917 -3.86411  35.5286
   vertex -3.46036 -4.27069  35.5286
  endloop
 endfacet
 facet normal        0        0        1
  outer loop
   vertex  1.15979 -4.20323  47.8253
   vertex  1.09678 -5.38609  47.8253
   vertex  1.68264 -5.23275  47.8253
  endloop
 endfacet
 facet normal        0        0       -1
  outer loop
   vertex 0.177002   6.6306  35.5286
   vertex -0.195303  5.49316  35.5286
   vertex -0.494712  6.61448  35.5286
  endloop
 endfacet
 facet normal -0.660047 -0.728587 0.183031
  outer loop
   vertex -3.90917 -3.86411   41.677
   vertex -4.45329 -4.91573  35.5286
   vertex -3.46037 -4.27069   41.677
  endloop
 endfacet
 facet normal 0.436925 0.880765 0.182616
  outer loop
   vertex  2.71024  4.78201  35.5286
   vertex  2.77747  6.02344  29.3802
   vertex  2.16773  5.05113  35.5286
  endloop
 endfacet
 facet normal 0.0449161 0.998991 1.18845e-09
  outer loop
   vertex -0.468965 -4.33501  19.9483
   vertex 0.078053 -4.35961  47.8253
   vertex 0.0780538 -4.35961  19.9483
  endloop
 endfacet
 facet normal        0        0       -1
  outer loop
   vertex  1.16135  -6.5305  35.5286
   vertex 0.497613 -5.47406  35.5286
   vertex  1.09678 -5.38609  35.5286
  endloop
 endfacet
 facet normal        0        0       -1
  outer loop
   vertex  4.18469 -5.14631  29.3802
   vertex  3.75492 -4.01416  29.3802
   vertex  4.68386 -4.69655  29.3802
  endloop
 endfacet
 facet normal -0.819409 0.573209 -2.80321e-08
  outer loop
   vertex  3.40889 -2.71878  19.9483
   vertex  3.72276 -2.27009  47.8253
   vertex  3.72276 -2.27009  19.9483
  endloop
 endfacet
 facet normal        0        0       -1
  outer loop
   vertex -2.15384 -6.27353  29.3802
   vertex -1.30677 -5.33904  29.3802
   vertex -1.50811 -6.45924  29.3802
  endloop
 endfacet
 facet normal -0.660209 -0.728765 0.181729
  outer loop
   vertex -4.79825 -4.79298  22.4253
   vertex -3.46036 -4.27069  29.3802
   vertex -3.90917 -3.86411  29.3802
  endloop
 endfacet
 facet normal 0.160817 -0.986984        0
  outer loop
   vertex  1.42296 -6.63107  19.9483
   vertex 0.755649  -6.7398  22.4253
   vertex 0.755649  -6.7398  19.9483
  endloop
 endfacet
 facet normal 0.884371 0.466784        0
  outer loop
   vertex  5.83258  3.46077  19.9483
   vertex  6.14817  2.86283  22.4253
   vertex  6.14817  2.86283  19.9483
  endloop
 endfacet
 facet normal        0        0       -1
  outer loop
   vertex -5.53339  3.65756  35.5286
   vertex -4.36442  3.34137  35.5286
   vertex -4.70551  2.84097  35.5286
  endloop
 endfacet
 facet normal        0        0       -1
  outer loop
   vertex -3.93313 -5.34104  29.3802
   vertex -2.96955 -4.62544  29.3802
   vertex  -3.3726 -5.71154  29.3802
  endloop
 endfacet
 facet normal        0        0       -1
  outer loop
   vertex -4.18469  5.14631   41.677
   vertex   -3.043  4.57746   41.677
   vertex -3.52809  4.21492   41.677
  endloop
 endfacet
 facet normal       -0        0       -1
  outer loop
   vertex  6.58094 0.829096   41.677
   vertex  5.48569  0.34659   41.677
   vertex  5.41427 0.947957   41.677
  endloop
 endfacet
 facet normal -0.174801 -0.967742 0.181439
  outer loop
   vertex -0.711505 -5.45039  35.5286
   vertex -1.50811 -6.45924  29.3802
   vertex  -0.8469 -6.57867  29.3802
  endloop
 endfacet
 facet normal        0        0       -1
  outer loop
   vertex  5.53339 -3.65756  35.5286
   vertex  4.85487 -2.57744  35.5286
   vertex  5.87503 -3.07899  35.5286
  endloop
 endfacet
 facet normal        0       -0       -1
  outer loop
   vertex -6.15638  2.46883   41.677
   vertex -5.21289   1.7432   41.677
   vertex -6.37456  1.83333   41.677
  endloop
 endfacet
 facet normal        0        0       -1
  outer loop
   vertex  3.64257 -5.54327  29.3802
   vertex  3.29054 -4.40287  29.3802
   vertex  4.18469 -5.14631  29.3802
  endloop
 endfacet
 facet normal        0       -0       -1
  outer loop
   vertex -6.37456  1.83333   41.677
   vertex -5.37302  1.15916   41.677
   vertex -6.52733  1.17902   41.677
  endloop
 endfacet
 facet normal -0.221027 0.958365 0.180789
  outer loop
   vertex -1.39183   5.3175  47.8253
   vertex -1.16135   6.5305   41.677
   vertex -1.81607   6.3795   41.677
  endloop
 endfacet
 facet normal        0       -0       -1
  outer loop
   vertex  5.10894 -2.02772  35.5286
   vertex  5.87503 -3.07899  35.5286
   vertex  4.85487 -2.57744  35.5286
  endloop
 endfacet
 facet normal        0        0       -1
  outer loop
   vertex -0.494712  6.61448  29.3802
   vertex -0.798411  5.43834  29.3802
   vertex -1.16135   6.5305  29.3802
  endloop
 endfacet
 facet normal 0.127257 0.974836 0.183029
  outer loop
   vertex  1.01067  5.40292  47.8253
   vertex   0.8469  6.57867   41.677
   vertex 0.410174  5.48131  47.8253
  endloop
 endfacet
 facet normal 0.707494 0.706719        0
  outer loop
   vertex  4.55337   5.0262  19.9483
   vertex  5.03119  4.54785  22.4253
   vertex  5.03119  4.54785  19.9483
  endloop
 endfacet
 facet normal -0.907973 -0.377256 0.182382
  outer loop
   vertex  -5.1844 -1.82619  47.8253
   vertex -6.03093 -2.76116   41.677
   vertex -4.95204 -2.38543  47.8253
  endloop
 endfacet
 facet normal        0       -0        1
  outer loop
   vertex -0.0780545  4.35961  47.8253
   vertex 0.410174  5.48131  47.8253
   vertex -0.195304  5.49316  47.8253
  endloop
 endfacet
 facet normal        0        0       -1
  outer loop
   vertex  3.64257 -5.54327   41.677
   vertex  3.29054 -4.40287   41.677
   vertex  4.18469 -5.14631   41.677
  endloop
 endfacet
 facet normal 0.951656 -0.307167        0
  outer loop
   vertex  6.54997 -1.75891  19.9483
   vertex  6.34229 -2.40234  22.4253
   vertex  6.34229 -2.40234  19.9483
  endloop
 endfacet
 facet normal        0        0       -1
  outer loop
   vertex -3.64257  5.54327  29.3802
   vertex -2.52098  4.88443  29.3802
   vertex   -3.043  4.57746  29.3802
  endloop
 endfacet
 facet normal -0.498452 0.847649  0.18176
  outer loop
   vertex -2.52098  4.88443   41.677
   vertex -3.64257  5.54327  35.5286
   vertex   -3.043  4.57746   41.677
  endloop
 endfacet
 facet normal -0.542364 -0.820525 0.180499
  outer loop
   vertex -2.96955 -4.62544   41.677
   vertex -3.93313 -5.34104  35.5286
   vertex  -3.3726 -5.71154  35.5286
  endloop
 endfacet
 facet normal 0.901203 -0.393781 0.181025
  outer loop
   vertex  5.10894 -2.02772  29.3802
   vertex  6.07158 -3.02189  22.4253
   vertex  6.34229 -2.40234  22.4253
  endloop
 endfacet
 facet normal -0.271825 -0.945152 0.181103
  outer loop
   vertex -1.30677 -5.33904  47.8253
   vertex -2.15384 -6.27353   41.677
   vertex -1.50811 -6.45924   41.677
  endloop
 endfacet
 facet normal 0.531193 0.827397 0.182341
  outer loop
   vertex  3.21985  4.45483  29.3802
   vertex  3.46717  5.82877  22.4253
   vertex  2.71024  4.78201  29.3802
  endloop
 endfacet
 facet normal       -0        0       -1
  outer loop
   vertex  5.72065  3.35714  35.5286
   vertex  4.49187  3.16798  35.5286
   vertex  5.35166  3.91866  35.5286
  endloop
 endfacet
 facet normal 0.520627 0.853784 1.3358e-08
  outer loop
   vertex -2.49936 -3.57287  19.9483
   vertex -2.03186 -3.85795  47.8253
   vertex -2.03186 -3.85795  19.9483
  endloop
 endfacet
 facet normal 0.450951 -0.873725 0.182341
  outer loop
   vertex  2.24808 -5.01589  29.3802
   vertex  3.31428 -5.91704  22.4253
   vertex  2.78622 -4.73814  29.3802
  endloop
 endfacet
 facet normal -0.990687 -0.13616        0
  outer loop
   vertex -6.66448  -1.2572  19.9483
   vertex -6.75654 -0.587385  22.4253
   vertex -6.75654 -0.587385  19.9483
  endloop
 endfacet
 facet normal       -0        0       -1
  outer loop
   vertex  6.03093  2.76116  35.5286
   vertex  4.81311  2.65461  35.5286
   vertex  5.72065  3.35714  35.5286
  endloop
 endfacet
 facet normal        0        0        1
  outer loop
   vertex  2.92746  3.23145  47.8253
   vertex   4.1161  3.64289  47.8253
   vertex  3.69037  4.07359  47.8253
  endloop
 endfacet
 facet normal -0.316833 0.931042 0.181044
  outer loop
   vertex -1.96835  5.13211  47.8253
   vertex -1.81607   6.3795   41.677
   vertex -2.45216  6.16304   41.677
  endloop
 endfacet
 facet normal        0        0       -1
  outer loop
   vertex -4.18469  5.14631  29.3802
   vertex   -3.043  4.57746  29.3802
   vertex -3.52809  4.21492  29.3802
  endloop
 endfacet
 facet normal 0.142814 -0.972767 0.182562
  outer loop
   vertex 0.497612 -5.47406   41.677
   vertex  1.16135  -6.5305  35.5286
   vertex  1.09678 -5.38609   41.677
  endloop
 endfacet
 facet normal 0.961104 -0.207346 0.182446
  outer loop
   vertex    5.301 -1.45339  47.8253
   vertex  6.52733 -1.17902   41.677
   vertex  5.42871 -0.861417  47.8253
  endloop
 endfacet
 facet normal -0.97288 0.231311 -4.99234e-08
  outer loop
   vertex  4.17035 -1.27296  19.9483
   vertex  4.29701 -0.740237  47.8253
   vertex  4.29701 -0.740237  19.9483
  endloop
 endfacet
 facet normal 0.916342 -0.400396        0
  outer loop
   vertex  6.34229 -2.40234  19.9483
   vertex  6.07158 -3.02189  22.4253
   vertex  6.07158 -3.02189  19.9483
  endloop
 endfacet
 facet normal -0.986807   0.1619        0
  outer loop
   vertex -6.73896 0.763044  19.9483
   vertex  -6.6295  1.43024  22.4253
   vertex  -6.6295  1.43024  19.9483
  endloop
 endfacet
 facet normal 0.982668 0.185373        0
  outer loop
   vertex  6.59353  1.58783  19.9483
   vertex  6.71886 0.923441  22.4253
   vertex  6.71886 0.923441  19.9483
  endloop
 endfacet
 facet normal 0.871923 -0.489643        0
  outer loop
   vertex  6.07158 -3.02189  19.9483
   vertex  5.74052 -3.61141  22.4253
   vertex  5.74052 -3.61141  19.9483
  endloop
 endfacet
 facet normal -0.798365 -0.602173 -2.73121e-08
  outer loop
   vertex  3.63911   2.4019  19.9483
   vertex  3.30938  2.83906  47.8253
   vertex  3.30938  2.83906  19.9483
  endloop
 endfacet
 facet normal -0.204935 0.978776 -4.38177e-09
  outer loop
   vertex 0.623842 -4.31544  19.9483
   vertex  1.15979 -4.20323  47.8253
   vertex  1.15979 -4.20323  19.9483
  endloop
 endfacet
 facet normal -0.936217 0.351422 -3.20281e-08
  outer loop
   vertex  3.97792  -1.7856  19.9483
   vertex  4.17035 -1.27296  47.8253
   vertex  4.17035 -1.27296  19.9483
  endloop
 endfacet
 facet normal 0.963976  0.26599 3.29777e-08
  outer loop
   vertex -4.26776 -0.89358  19.9483
   vertex -4.12211 -1.42143  47.8253
   vertex -4.12211 -1.42143  19.9483
  endloop
 endfacet
 facet normal -0.99984 -0.0179015 -5.13069e-08
  outer loop
   vertex   4.3559 -0.195842  19.9483
   vertex   4.3461 0.351642  47.8253
   vertex   4.3461 0.351642  19.9483
  endloop
 endfacet
 facet normal 0.741106 -0.671388 1.9015e-08
  outer loop
   vertex -3.04125  3.12458  19.9483
   vertex -3.40889  2.71878  47.8253
   vertex -3.40889  2.71878  19.9483
  endloop
 endfacet
 facet normal 0.325992 -0.945372 8.36417e-09
  outer loop
   vertex -1.15979  4.20323  19.9483
   vertex -1.67745  4.02472  47.8253
   vertex -1.67745  4.02472  19.9483
  endloop
 endfacet
 facet normal -0.88479  0.46599 -3.78359e-08
  outer loop
   vertex  3.72276 -2.27009  19.9483
   vertex  3.97792  -1.7856  47.8253
   vertex  3.97792  -1.7856  19.9483
  endloop
 endfacet
 facet normal -0.594261 -0.804272        0
  outer loop
   vertex  -3.7534 -5.64871  19.9483
   vertex -4.29718 -5.24692  22.4253
   vertex -4.29718 -5.24692  19.9483
  endloop
 endfacet
 facet normal -0.998024 0.0628404        0
  outer loop
   vertex -6.78145 0.0882677  19.9483
   vertex -6.73896 0.763044  22.4253
   vertex -6.73896 0.763044  19.9483
  endloop
 endfacet
 facet normal -0.325992 0.945372 -6.97014e-09
  outer loop
   vertex  1.15979 -4.20323  19.9483
   vertex  1.67745 -4.02472  47.8253
   vertex  1.67745 -4.02472  19.9483
  endloop
 endfacet
 facet normal 0.994199 -0.107553 3.40116e-08
  outer loop
   vertex -4.29701 0.740237  19.9483
   vertex  -4.3559 0.195842  47.8253
   vertex  -4.3559 0.195842  19.9483
  endloop
 endfacet
 facet normal -0.923038 -0.384708 -4.73658e-08
  outer loop
   vertex  4.12211  1.42143  19.9483
   vertex  3.91145  1.92685  47.8253
   vertex  3.91146  1.92685  19.9483
  endloop
 endfacet
 facet normal 0.0877016 0.996147        0
  outer loop
   vertex 0.257307  6.77714  19.9483
   vertex 0.930814  6.71785  22.4253
   vertex 0.930814  6.71785  19.9483
  endloop
 endfacet
 facet normal -0.520627 -0.853784 -1.3358e-08
  outer loop
   vertex  2.49936  3.57287  19.9483
   vertex  2.03186  3.85795  47.8253
   vertex  2.03186  3.85795  19.9483
  endloop
 endfacet
 facet normal -0.291943 -0.956436 -6.24212e-09
  outer loop
   vertex  1.53231  4.08219  19.9483
   vertex  1.00859  4.24205  47.8253
   vertex  1.00859  4.24205  19.9483
  endloop
 endfacet
 facet normal  0.88479 -0.465989 3.02687e-08
  outer loop
   vertex -3.72276  2.27009  19.9483
   vertex -3.97792   1.7856  47.8253
   vertex -3.97792   1.7856  19.9483
  endloop
 endfacet
 facet normal -0.741842 -0.670574        0
  outer loop
   vertex -4.79825 -4.79298  19.9483
   vertex -5.25163 -4.29142  22.4253
   vertex -5.25163 -4.29142  19.9483
  endloop
 endfacet
 facet normal -0.111419 0.993774        0
  outer loop
   vertex -1.09066  6.69375  19.9483
   vertex -0.418757  6.76908  22.4253
   vertex -0.418757  6.76908  19.9483
  endloop
 endfacet
 facet normal        0       -0        1
  outer loop
   vertex   4.3461 0.351642  47.8253
   vertex  5.41427 0.947957  47.8253
   vertex  4.26776  0.89358  47.8253
  endloop
 endfacet
 facet normal        0        0       -1
  outer loop
   vertex  -3.3726 -5.71154  29.3802
   vertex -2.44269 -4.92404  29.3802
   vertex -2.77747 -6.02344  29.3802
  endloop
 endfacet
 facet normal        0        0        1
  outer loop
   vertex  1.00859  4.24205  47.8253
   vertex   1.5989  5.25894  47.8253
   vertex  1.01067  5.40292  47.8253
  endloop
 endfacet
 facet normal        0        0        1
  outer loop
   vertex -2.62566  3.48112  47.8253
   vertex   -3.043  4.57746  47.8253
   vertex -3.52809  4.21492  47.8253
  endloop
 endfacet
 facet normal 0.857554 -0.481574 0.180797
  outer loop
   vertex  4.85487 -2.57744  29.3802
   vertex  5.74052 -3.61141  22.4253
   vertex  6.07158 -3.02189  22.4253
  endloop
 endfacet
 facet normal -0.671658  0.71803 0.182506
  outer loop
   vertex -3.52809  4.21492   41.677
   vertex -4.68386  4.69655  35.5286
   vertex -3.97035  3.80122   41.677
  endloop
 endfacet
 facet normal        0        0        1
  outer loop
   vertex  -4.3559 0.195842  47.8253
   vertex -5.46792 0.561053  47.8253
   vertex -5.49646 -0.0438689  47.8253
  endloop
 endfacet
 facet normal        0        0       -1
  outer loop
   vertex  1.81607  -6.3795  29.3802
   vertex  1.09678 -5.38609  29.3802
   vertex  1.68264 -5.23275  29.3802
  endloop
 endfacet
 facet normal        0        0        1
  outer loop
   vertex  5.42871 -0.861417  47.8253
   vertex   4.3559 -0.195842  47.8253
   vertex  4.29701 -0.740237  47.8253
  endloop
 endfacet
 facet normal        0        0        1
  outer loop
   vertex -2.92746 -3.23145  47.8253
   vertex -3.90917 -3.86411  47.8253
   vertex -3.46037 -4.27069  47.8253
  endloop
 endfacet
 facet normal        0       -0       -1
  outer loop
   vertex  1.50811  6.45924  35.5286
   vertex   1.5989  5.25894  35.5286
   vertex  1.01067  5.40292  35.5286
  endloop
 endfacet
 facet normal        0        0        1
  outer loop
   vertex  2.62566 -3.48112  47.8253
   vertex  2.78622 -4.73814  47.8253
   vertex  3.29054 -4.40287  47.8253
  endloop
 endfacet
 facet normal   0.9831 0.00784711 0.182899
  outer loop
   vertex  5.49053 -0.258985   41.677
   vertex  6.63105 0.159059  35.5286
   vertex  5.48569  0.34659   41.677
  endloop
 endfacet
 facet normal        0        0        1
  outer loop
   vertex -3.40889  2.71878  47.8253
   vertex -3.97035  3.80122  47.8253
   vertex -4.36442  3.34137  47.8253
  endloop
 endfacet
 facet normal        0        0        1
  outer loop
   vertex 0.623841 -4.31544  47.8253
   vertex 0.497612 -5.47406  47.8253
   vertex  1.09678 -5.38609  47.8253
  endloop
 endfacet
 facet normal 0.450893 -0.873612 0.183024
  outer loop
   vertex  2.24807 -5.01589  47.8253
   vertex  3.06308 -5.88334   41.677
   vertex  2.78622 -4.73814  47.8253
  endloop
 endfacet
 facet normal -0.588569 0.787527 0.182725
  outer loop
   vertex   -3.043  4.57746  29.3802
   vertex -4.15915  5.35699  22.4253
   vertex -3.52809  4.21492  29.3802
  endloop
 endfacet
 facet normal        0        0        1
  outer loop
   vertex  3.72276 -2.27009  47.8253
   vertex  4.54186 -3.09587  47.8253
   vertex  4.85487 -2.57744  47.8253
  endloop
 endfacet
 facet normal        0        0        1
  outer loop
   vertex  5.27713  1.53782  47.8253
   vertex  5.07592  2.10901  47.8253
   vertex  4.12211  1.42143  47.8253
  endloop
 endfacet
 facet normal -0.671658  0.71803 0.182505
  outer loop
   vertex -3.52809  4.21492  47.8253
   vertex -4.68386  4.69655   41.677
   vertex -3.97035  3.80122  47.8253
  endloop
 endfacet
 facet normal 0.623087 0.760797 0.181522
  outer loop
   vertex   4.0303  5.45459  22.4253
   vertex  3.69037  4.07359  29.3802
   vertex  4.55337   5.0262  22.4253
  endloop
 endfacet
 facet normal        0        0        1
  outer loop
   vertex -3.72276  2.27009  47.8253
   vertex -4.98948  2.30608  47.8253
   vertex -3.97792   1.7856  47.8253
  endloop
 endfacet
 facet normal 0.337368 0.923447 0.182835
  outer loop
   vertex  2.16773  5.05113  35.5286
   vertex  2.15384  6.27353  29.3802
   vertex   1.5989  5.25894  35.5286
  endloop
 endfacet
 facet normal 0.233726 0.954931 0.182972
  outer loop
   vertex   1.5989  5.25894   41.677
   vertex  1.50811  6.45924  35.5286
   vertex  1.01067  5.40292   41.677
  endloop
 endfacet
 facet normal 0.127257 0.974836 0.183029
  outer loop
   vertex  1.01067  5.40292   41.677
   vertex   0.8469  6.57867  35.5286
   vertex 0.410174  5.48131   41.677
  endloop
 endfacet
 facet normal -0.0235855 0.983296  0.18048
  outer loop
   vertex -0.195304  5.49316  47.8253
   vertex 0.177002   6.6306   41.677
   vertex -0.494713  6.61448   41.677
  endloop
 endfacet
 facet normal 0.978031 -0.100355 0.182713
  outer loop
   vertex  5.42871 -0.861417   41.677
   vertex  6.61312 -0.512609  35.5286
   vertex  5.49053 -0.258985   41.677
  endloop
 endfacet
 facet normal        0        0        1
  outer loop
   vertex -1.00859 -4.24205  47.8253
   vertex -1.88618 -5.16288  47.8253
   vertex -1.30677 -5.33904  47.8253
  endloop
 endfacet
 facet normal 0.932522 -0.311838 0.182097
  outer loop
   vertex  5.10894 -2.02772  47.8253
   vertex  6.37456 -1.83333   41.677
   vertex    5.301 -1.45339  47.8253
  endloop
 endfacet
 facet normal        0        0        1
  outer loop
   vertex -0.623842  4.31544  47.8253
   vertex -1.39183   5.3175  47.8253
   vertex -1.15979  4.20323  47.8253
  endloop
 endfacet
 facet normal 0.833458 0.521536 0.182616
  outer loop
   vertex  5.72065  3.35714  29.3802
   vertex  4.49187  3.16798  35.5286
   vertex  4.81311  2.65461  35.5286
  endloop
 endfacet
 facet normal 0.233726 0.954931 0.182972
  outer loop
   vertex   1.5989  5.25894  35.5286
   vertex  1.50811  6.45924  29.3802
   vertex  1.01067  5.40292  35.5286
  endloop
 endfacet
 facet normal        0        0        1
  outer loop
   vertex -3.91146 -1.92685  47.8253
   vertex -4.65957 -2.91572  47.8253
   vertex -3.63911  -2.4019  47.8253
  endloop
 endfacet
 facet normal 0.0760134 0.980647 0.180426
  outer loop
   vertex 0.410174  5.48131  47.8253
   vertex   0.8469  6.57867   41.677
   vertex 0.177002   6.6306   41.677
  endloop
 endfacet
 facet normal -0.776228 0.604028  0.18061
  outer loop
   vertex -4.36442  3.34137  29.3802
   vertex -5.13816  4.42665  22.4253
   vertex -5.55337  3.89306  22.4253
  endloop
 endfacet
 facet normal 0.658378 -0.730707 0.180571
  outer loop
   vertex  3.75492 -4.01416   41.677
   vertex  4.18469 -5.14631  35.5286
   vertex  4.68386 -4.69655  35.5286
  endloop
 endfacet
 facet normal        0        0        1
  outer loop
   vertex -4.12211 -1.42143  47.8253
   vertex -4.95204 -2.38543  47.8253
   vertex -3.91146 -1.92685  47.8253
  endloop
 endfacet
 facet normal -0.729544 -0.659457 0.181335
  outer loop
   vertex -3.90917 -3.86411  29.3802
   vertex -5.25163 -4.29142  22.4253
   vertex -4.79825 -4.79298  22.4253
  endloop
 endfacet
 facet normal -0.58863 0.787609 0.182174
  outer loop
   vertex   -3.043  4.57746  35.5286
   vertex -4.18469  5.14631  29.3802
   vertex -3.52809  4.21492  35.5286
  endloop
 endfacet
 facet normal 0.728899 -0.660331 0.180746
  outer loop
   vertex  4.17372 -3.57673   41.677
   vertex  4.68386 -4.69655  35.5286
   vertex  5.13497  -4.1986  35.5286
  endloop
 endfacet
 facet normal 0.352057 -0.917924 0.182951
  outer loop
   vertex  1.68264 -5.23275   41.677
   vertex  2.45216 -6.16304  35.5286
   vertex  2.24807 -5.01589   41.677
  endloop
 endfacet
 facet normal 0.450893 -0.873612 0.183024
  outer loop
   vertex  2.24808 -5.01589  35.5286
   vertex  3.06308 -5.88334  29.3802
   vertex  2.78622 -4.73814  35.5286
  endloop
 endfacet
 facet normal -0.893205 0.411866 0.180423
  outer loop
   vertex -4.98948  2.30608  47.8253
   vertex -5.87503  3.07899   41.677
   vertex -6.15638  2.46883   41.677
  endloop
 endfacet
 facet normal -0.980702 -0.0733498  0.18123
  outer loop
   vertex -5.45827 -0.648258  47.8253
   vertex -6.63105 -0.159059   41.677
   vertex -6.58094 -0.829096   41.677
  endloop
 endfacet
 facet normal -0.968184 -0.172177 0.181592
  outer loop
   vertex -5.35383 -1.24478  47.8253
   vertex -6.58094 -0.829096   41.677
   vertex -6.46329 -1.49062   41.677
  endloop
 endfacet
 facet normal -0.271825 -0.945152 0.181104
  outer loop
   vertex -1.30677 -5.33904   41.677
   vertex -2.15384 -6.27353  35.5286
   vertex -1.50811 -6.45924  35.5286
  endloop
 endfacet
 facet normal -0.860914 -0.474827 0.182666
  outer loop
   vertex -4.95204 -2.38543   41.677
   vertex -5.72065 -3.35714  35.5286
   vertex -4.65956 -2.91572   41.677
  endloop
 endfacet
 facet normal  0.33737 0.923453 0.182801
  outer loop
   vertex  2.16773  5.05113  29.3802
   vertex  2.24347  6.40021  22.4253
   vertex  1.59891  5.25894  29.3802
  endloop
 endfacet
 facet normal        0        0       -1
  outer loop
   vertex -6.63105 -0.159059   41.677
   vertex -5.45827 -0.648258   41.677
   vertex -6.58094 -0.829096   41.677
  endloop
 endfacet
 facet normal -0.660047 -0.728586 0.183031
  outer loop
   vertex -3.90917 -3.86411  35.5286
   vertex -4.45329 -4.91573  29.3802
   vertex -3.46036 -4.27069  35.5286
  endloop
 endfacet
 facet normal -0.622601 -0.761454 0.180431
  outer loop
   vertex -3.46037 -4.27069  47.8253
   vertex -4.45329 -4.91573   41.677
   vertex -3.93313 -5.34104   41.677
  endloop
 endfacet
 facet normal 0.976251 0.115945 0.183005
  outer loop
   vertex  5.48569  0.34659   41.677
   vertex  6.58094 0.829096  35.5286
   vertex  5.41427 0.947957   41.677
  endloop
 endfacet
 facet normal -0.860914 -0.474826 0.182666
  outer loop
   vertex -4.95204 -2.38543  47.8253
   vertex -5.72065 -3.35714   41.677
   vertex -4.65957 -2.91572  47.8253
  endloop
 endfacet
 facet normal 0.932522 -0.311839 0.182097
  outer loop
   vertex  5.10894 -2.02772   41.677
   vertex  6.37456 -1.83333  35.5286
   vertex    5.301 -1.45339   41.677
  endloop
 endfacet
 facet normal -0.971156   0.1541 0.181958
  outer loop
   vertex -5.37302  1.15916  29.3802
   vertex -6.73896 0.763044  22.4253
   vertex -5.46792 0.561053  29.3802
  endloop
 endfacet
 facet normal 0.0349374 -0.982632 0.182246
  outer loop
   vertex -0.107599 -5.49558  35.5286
   vertex 0.494713 -6.61448  29.3802
   vertex 0.497613 -5.47406  35.5286
  endloop
 endfacet
 facet normal 0.142814 -0.972767 0.182562
  outer loop
   vertex 0.497612 -5.47406  47.8253
   vertex  1.16135  -6.5305   41.677
   vertex  1.09678 -5.38609  47.8253
  endloop
 endfacet
 facet normal 0.248947 -0.95111 0.182797
  outer loop
   vertex  1.09678 -5.38609  35.5286
   vertex  1.81607  -6.3795  29.3802
   vertex  1.68264 -5.23275  35.5286
  endloop
 endfacet
 facet normal 0.957598 0.222644 0.182852
  outer loop
   vertex  5.41427 0.947957  29.3802
   vertex  6.59353  1.58783  22.4253
   vertex  5.27713  1.53782  29.3802
  endloop
 endfacet
 facet normal 0.497822 -0.848305 0.180423
  outer loop
   vertex  2.78622 -4.73814  47.8253
   vertex  3.06308 -5.88334   41.677
   vertex  3.64257 -5.54327   41.677
  endloop
 endfacet
 facet normal 0.581086 -0.793582 0.180464
  outer loop
   vertex  3.29054 -4.40287   41.677
   vertex  3.64257 -5.54327  35.5286
   vertex  4.18469 -5.14631  35.5286
  endloop
 endfacet
 facet normal -0.812358 0.553726 0.182927
  outer loop
   vertex -4.36442  3.34137  47.8253
   vertex -5.53339  3.65756   41.677
   vertex -4.70551  2.84097  47.8253
  endloop
 endfacet
 facet normal        0        0       -1
  outer loop
   vertex -2.52098  4.88443  35.5286
   vertex -2.45216  6.16304  35.5286
   vertex -1.96835  5.13211  35.5286
  endloop
 endfacet
 facet normal -0.671658  0.71803 0.182506
  outer loop
   vertex -3.52809  4.21492  35.5286
   vertex -4.68386  4.69655  29.3802
   vertex -3.97035  3.80122  35.5286
  endloop
 endfacet
 facet normal 0.0349374 -0.982632 0.182246
  outer loop
   vertex  -0.1076 -5.49558  47.8253
   vertex 0.494712 -6.61448   41.677
   vertex 0.497612 -5.47406  47.8253
  endloop
 endfacet
 facet normal 0.968395 0.172214 0.180426
  outer loop
   vertex  6.58094 0.829096   41.677
   vertex  6.46329  1.49062   41.677
   vertex  5.41427 0.947957  47.8253
  endloop
 endfacet
 facet normal 0.622475 0.761299 0.181515
  outer loop
   vertex  3.93313  5.34104  29.3802
   vertex  3.69037  4.07359  35.5286
   vertex  4.45329  4.91573  29.3802
  endloop
 endfacet
 facet normal        0       -0       -1
  outer loop
   vertex  2.15384  6.27353   41.677
   vertex  2.16773  5.05113   41.677
   vertex   1.5989  5.25894   41.677
  endloop
 endfacet
 facet normal        0        0       -1
  outer loop
   vertex  6.46329  1.49062   41.677
   vertex  5.27713  1.53782   41.677
   vertex  6.27933  2.13686   41.677
  endloop
 endfacet
 facet normal       -0        0        1
  outer loop
   vertex  3.40889 -2.71878  47.8253
   vertex  4.54186 -3.09587  47.8253
   vertex  3.72276 -2.27009  47.8253
  endloop
 endfacet
 facet normal -0.387735 -0.903479 0.182724
  outer loop
   vertex -2.44269 -4.92404  29.3802
   vertex -2.55971 -6.28043  22.4253
   vertex -1.88618 -5.16288  29.3802
  endloop
 endfacet
 facet normal        0        0       -1
  outer loop
   vertex -0.177002  -6.6306  35.5286
   vertex -0.711505 -5.45039  35.5286
   vertex -0.107599 -5.49558  35.5286
  endloop
 endfacet
 facet normal       -0        0       -1
  outer loop
   vertex   0.8469  6.57867   41.677
   vertex 0.410174  5.48131   41.677
   vertex 0.177002   6.6306   41.677
  endloop
 endfacet
 facet normal        0        0       -1
  outer loop
   vertex  5.53339 -3.65756  29.3802
   vertex  4.85487 -2.57744  29.3802
   vertex  5.87503 -3.07899  29.3802
  endloop
 endfacet
 facet normal        0        0       -1
  outer loop
   vertex -4.68386  4.69655  35.5286
   vertex -3.52809  4.21492  35.5286
   vertex -3.97035  3.80122  35.5286
  endloop
 endfacet
 facet normal       -0        0        1
  outer loop
   vertex 0.078053 -4.35961  47.8253
   vertex 0.497612 -5.47406  47.8253
   vertex 0.623841 -4.31544  47.8253
  endloop
 endfacet
 facet normal        0        0       -1
  outer loop
   vertex  3.06308 -5.88334  29.3802
   vertex  2.24808 -5.01589  29.3802
   vertex  2.78622 -4.73814  29.3802
  endloop
 endfacet
 facet normal        0        0        1
  outer loop
   vertex -2.49937 -3.57287  47.8253
   vertex -3.46037 -4.27069  47.8253
   vertex -2.96955 -4.62544  47.8253
  endloop
 endfacet
 facet normal        0       -0       -1
  outer loop
   vertex -6.52733  1.17902   41.677
   vertex -5.46792 0.561053   41.677
   vertex -6.61312 0.512609   41.677
  endloop
 endfacet
 facet normal        0        0       -1
  outer loop
   vertex  1.16135  -6.5305   41.677
   vertex 0.497612 -5.47406   41.677
   vertex  1.09678 -5.38609   41.677
  endloop
 endfacet
 facet normal        0        0       -1
  outer loop
   vertex 0.494713 -6.61448  29.3802
   vertex -0.107599 -5.49558  29.3802
   vertex 0.497613 -5.47406  29.3802
  endloop
 endfacet
 facet normal        0        0       -1
  outer loop
   vertex -5.35383 -1.24478   41.677
   vertex -6.58094 -0.829096   41.677
   vertex -5.45827 -0.648258   41.677
  endloop
 endfacet
 facet normal       -0        0       -1
  outer loop
   vertex -0.711505 -5.45039   41.677
   vertex -1.50811 -6.45924   41.677
   vertex -1.30677 -5.33904   41.677
  endloop
 endfacet
 facet normal        0       -0       -1
  outer loop
   vertex -5.87503  3.07899   41.677
   vertex -4.98948  2.30608   41.677
   vertex -6.15638  2.46883   41.677
  endloop
 endfacet
 facet normal        0        0       -1
  outer loop
   vertex -2.15384 -6.27353  35.5286
   vertex -1.30677 -5.33904  35.5286
   vertex -1.50811 -6.45924  35.5286
  endloop
 endfacet
 facet normal        0        0       -1
  outer loop
   vertex -2.77747 -6.02344  29.3802
   vertex -1.88618 -5.16288  29.3802
   vertex -2.15384 -6.27353  29.3802
  endloop
 endfacet
 facet normal        0       -0        1
  outer loop
   vertex  4.26776  0.89358  47.8253
   vertex  5.27713  1.53782  47.8253
   vertex  4.12211  1.42143  47.8253
  endloop
 endfacet
 facet normal        0        0       -1
  outer loop
   vertex -4.92776 -4.43997  29.3802
   vertex -4.31053 -3.41061  29.3802
   vertex -3.90917 -3.86411  29.3802
  endloop
 endfacet
 facet normal        0        0       -1
  outer loop
   vertex  2.45216 -6.16304  35.5286
   vertex  1.68264 -5.23275  35.5286
   vertex  2.24808 -5.01589  35.5286
  endloop
 endfacet
 facet normal        0        0       -1
  outer loop
   vertex -3.93313 -5.34104   41.677
   vertex -2.96955 -4.62544   41.677
   vertex  -3.3726 -5.71154   41.677
  endloop
 endfacet
 facet normal        0        0       -1
  outer loop
   vertex -5.35166 -3.91866  29.3802
   vertex -4.65956 -2.91572  29.3802
   vertex -4.31053 -3.41061  29.3802
  endloop
 endfacet
 facet normal        0        0        1
  outer loop
   vertex -4.26776 -0.89358  47.8253
   vertex -5.45827 -0.648258  47.8253
   vertex -5.35383 -1.24478  47.8253
  endloop
 endfacet
 facet normal        0        0        1
  outer loop
   vertex  3.21985  4.45483  47.8253
   vertex  2.92746  3.23145  47.8253
   vertex  3.69037  4.07359  47.8253
  endloop
 endfacet
 facet normal        0        0       -1
  outer loop
   vertex  3.69037  4.07359   41.677
   vertex  4.92776  4.43997   41.677
   vertex   4.1161  3.64289   41.677
  endloop
 endfacet
 facet normal        0        0       -1
  outer loop
   vertex -4.45329 -4.91573   41.677
   vertex -3.46037 -4.27069   41.677
   vertex -3.93313 -5.34104   41.677
  endloop
 endfacet
 facet normal        0        0        1
  outer loop
   vertex -1.00859 -4.24205  47.8253
   vertex -0.711505 -5.45039  47.8253
   vertex -0.468966 -4.33501  47.8253
  endloop
 endfacet
 facet normal        0        0        1
  outer loop
   vertex  4.17035 -1.27296  47.8253
   vertex  5.10894 -2.02772  47.8253
   vertex    5.301 -1.45339  47.8253
  endloop
 endfacet
 facet normal        0       -0       -1
  outer loop
   vertex -6.37456  1.83333  35.5286
   vertex -5.37302  1.15916  35.5286
   vertex -6.52733  1.17902  35.5286
  endloop
 endfacet
 facet normal        0        0        1
  outer loop
   vertex  -4.3461 -0.351642  47.8253
   vertex -5.49646 -0.0438689  47.8253
   vertex -5.45827 -0.648258  47.8253
  endloop
 endfacet
 facet normal        0        0        1
  outer loop
   vertex -4.17035  1.27296  47.8253
   vertex -5.37302  1.15916  47.8253
   vertex -4.29701 0.740237  47.8253
  endloop
 endfacet
 facet normal        0       -0       -1
  outer loop
   vertex  5.10894 -2.02772   41.677
   vertex  5.87503 -3.07899   41.677
   vertex  4.85487 -2.57744   41.677
  endloop
 endfacet
 facet normal        0        0       -1
  outer loop
   vertex -2.52098  4.88443   41.677
   vertex -2.45216  6.16304   41.677
   vertex -1.96835  5.13211   41.677
  endloop
 endfacet
 facet normal        0        0       -1
  outer loop
   vertex  3.06308 -5.88334   41.677
   vertex  2.78622 -4.73814   41.677
   vertex  3.64257 -5.54327   41.677
  endloop
 endfacet
 facet normal        0        0        1
  outer loop
   vertex -1.15979  4.20323  47.8253
   vertex -1.96835  5.13211  47.8253
   vertex -1.67745  4.02472  47.8253
  endloop
 endfacet
 facet normal        0        0        1
  outer loop
   vertex -2.03186 -3.85795  47.8253
   vertex -2.96955 -4.62544  47.8253
   vertex -2.44269 -4.92404  47.8253
  endloop
 endfacet
 facet normal        0        0        1
  outer loop
   vertex -3.04125  3.12458  47.8253
   vertex -3.52809  4.21492  47.8253
   vertex -3.97035  3.80122  47.8253
  endloop
 endfacet
 facet normal        0       -0       -1
  outer loop
   vertex 0.846901  6.57867  29.3802
   vertex  1.01067  5.40292  29.3802
   vertex 0.410175  5.48131  29.3802
  endloop
 endfacet
 facet normal        0       -0       -1
  outer loop
   vertex  1.50811  6.45924   41.677
   vertex   1.5989  5.25894   41.677
   vertex  1.01067  5.40292   41.677
  endloop
 endfacet
 facet normal       -0        0       -1
  outer loop
   vertex  6.03093  2.76116  29.3802
   vertex  4.81311  2.65461  29.3802
   vertex  5.72065  3.35714  29.3802
  endloop
 endfacet
 facet normal        0        0       -1
  outer loop
   vertex  2.77747  6.02344  35.5286
   vertex  2.71024  4.78201  35.5286
   vertex  2.16773  5.05113  35.5286
  endloop
 endfacet
 facet normal 0.946002   0.2693  0.18044
  outer loop
   vertex  5.27713  1.53782   41.677
   vertex  6.46329  1.49062  35.5286
   vertex  6.27933  2.13686  35.5286
  endloop
 endfacet
 facet normal        0        0       -1
  outer loop
   vertex  3.69037  4.07359  29.3802
   vertex  4.92776  4.43997  29.3802
   vertex   4.1161  3.64289  29.3802
  endloop
 endfacet
 facet normal        0        0       -1
  outer loop
   vertex  6.58094 0.829096   41.677
   vertex  5.41427 0.947957   41.677
   vertex  6.46329  1.49062   41.677
  endloop
 endfacet
 facet normal 0.622475 0.761299 0.181515
  outer loop
   vertex  3.93313  5.34104   41.677
   vertex  3.69037  4.07359  47.8253
   vertex  4.45329  4.91573   41.677
  endloop
 endfacet
 facet normal  0.77107 0.610092 0.182316
  outer loop
   vertex  5.35166  3.91866  35.5286
   vertex   4.1161  3.64289   41.677
   vertex  4.49187  3.16798   41.677
  endloop
 endfacet
 facet normal       -0        0       -1
  outer loop
   vertex  6.37456 -1.83333  29.3802
   vertex  5.10894 -2.02772  29.3802
   vertex    5.301 -1.45339  29.3802
  endloop
 endfacet
 facet normal 0.233726 0.954931 0.182972
  outer loop
   vertex   1.5989  5.25894  47.8253
   vertex  1.50811  6.45924   41.677
   vertex  1.01067  5.40292  47.8253
  endloop
 endfacet
 facet normal 0.946001 0.269301  0.18044
  outer loop
   vertex  5.27713  1.53782  35.5286
   vertex   6.4633  1.49062  29.3802
   vertex  6.27933  2.13686  29.3802
  endloop
 endfacet
 facet normal -0.943875 -0.275057 0.182878
  outer loop
   vertex -5.35383 -1.24478  29.3802
   vertex -6.50619 -1.91452  22.4253
   vertex  -5.1844 -1.82619  29.3802
  endloop
 endfacet
 facet normal   0.9831 0.00784711 0.182899
  outer loop
   vertex  5.49053 -0.258985  47.8253
   vertex  6.63105 0.159059   41.677
   vertex  5.48569  0.34659  47.8253
  endloop
 endfacet
 facet normal -0.968419 -0.169555 0.182801
  outer loop
   vertex -5.45827 -0.648258  29.3802
   vertex -6.66448  -1.2572  22.4253
   vertex -5.35383 -1.24478  29.3802
  endloop
 endfacet
 facet normal -0.409376 0.894157 0.181367
  outer loop
   vertex -2.52098  4.88443  35.5286
   vertex -2.45216  6.16304  29.3802
   vertex -3.06308  5.88334  29.3802
  endloop
 endfacet
 facet normal -0.0733788 -0.980585 0.181849
  outer loop
   vertex -0.711505 -5.45039  35.5286
   vertex -0.177002  -6.6306  29.3802
   vertex -0.107599 -5.49558  35.5286
  endloop
 endfacet
 facet normal  0.77107 0.610092 0.182316
  outer loop
   vertex  5.35166  3.91866   41.677
   vertex   4.1161  3.64289  47.8253
   vertex  4.49187  3.16798  47.8253
  endloop
 endfacet
 facet normal 0.833458 0.521536 0.182616
  outer loop
   vertex  5.72065  3.35714   41.677
   vertex  4.49187  3.16798  47.8253
   vertex  4.81311  2.65461  47.8253
  endloop
 endfacet
 facet normal        0        0        1
  outer loop
   vertex -1.53231 -4.08219  47.8253
   vertex -2.44269 -4.92404  47.8253
   vertex -1.88618 -5.16288  47.8253
  endloop
 endfacet
 facet normal 0.0760134 0.980647 0.180426
  outer loop
   vertex 0.410174  5.48131   41.677
   vertex   0.8469  6.57867  35.5286
   vertex 0.177002   6.6306  35.5286
  endloop
 endfacet
 facet normal  0.23373 0.954948 0.182878
  outer loop
   vertex  1.59891  5.25894  29.3802
   vertex  1.59507  6.59178  22.4253
   vertex  1.01067  5.40292  29.3802
  endloop
 endfacet
 facet normal -0.122941 0.975843 0.180601
  outer loop
   vertex -0.798412  5.43834  47.8253
   vertex -0.494713  6.61448   41.677
   vertex -1.16135   6.5305   41.677
  endloop
 endfacet
 facet normal -0.221027 0.958364 0.180789
  outer loop
   vertex -1.39183   5.3175  35.5286
   vertex -1.16135   6.5305  29.3802
   vertex -1.81607   6.3795  29.3802
  endloop
 endfacet
 facet normal -0.316833 0.931042 0.181044
  outer loop
   vertex -1.96835  5.13211  35.5286
   vertex -1.81607   6.3795  29.3802
   vertex -2.45216  6.16304  29.3802
  endloop
 endfacet
 facet normal 0.846815 -0.500036 0.181297
  outer loop
   vertex  4.85487 -2.57744  35.5286
   vertex  5.53339 -3.65756  29.3802
   vertex  5.87503 -3.07899  29.3802
  endloop
 endfacet
 facet normal -0.746535 0.639754 0.182757
  outer loop
   vertex -3.97035  3.80122   41.677
   vertex -5.13497   4.1986  35.5286
   vertex -4.36442  3.34137   41.677
  endloop
 endfacet
 facet normal 0.352057 -0.917924 0.182951
  outer loop
   vertex  1.68264 -5.23275  47.8253
   vertex  2.45216 -6.16304   41.677
   vertex  2.24807 -5.01589  47.8253
  endloop
 endfacet
 facet normal 0.581086 -0.793581 0.180464
  outer loop
   vertex  3.29054 -4.40287  47.8253
   vertex  3.64257 -5.54327   41.677
   vertex  4.18469 -5.14631   41.677
  endloop
 endfacet
 facet normal -0.893204 0.411865 0.180423
  outer loop
   vertex -4.98948  2.30608   41.677
   vertex -5.87503  3.07899  35.5286
   vertex -6.15638  2.46883  35.5286
  endloop
 endfacet
 facet normal -0.930285 0.319388  0.18045
  outer loop
   vertex -5.21289   1.7432  35.5286
   vertex -6.15638  2.46883  29.3802
   vertex -6.37456  1.83333  29.3802
  endloop
 endfacet
 facet normal -0.957807 0.223629 0.180544
  outer loop
   vertex -5.37302  1.15916   41.677
   vertex -6.37456  1.83333  35.5286
   vertex -6.52733  1.17902  35.5286
  endloop
 endfacet
 facet normal        0       -0        1
  outer loop
   vertex   4.3559 -0.195842  47.8253
   vertex  5.48569  0.34659  47.8253
   vertex   4.3461 0.351642  47.8253
  endloop
 endfacet
 facet normal -0.983145 0.0262462 0.180934
  outer loop
   vertex -5.49646 -0.0438689   41.677
   vertex -6.61312 0.512609  35.5286
   vertex -6.63105 -0.159059  35.5286
  endloop
 endfacet
 facet normal 0.932522 -0.311838 0.182097
  outer loop
   vertex  5.10894 -2.02772  35.5286
   vertex  6.37456 -1.83333  29.3802
   vertex    5.301 -1.45339  35.5286
  endloop
 endfacet
 facet normal -0.907972 -0.377257 0.182382
  outer loop
   vertex  -5.1844 -1.82619  35.5286
   vertex -6.03093 -2.76116  29.3802
   vertex -4.95204 -2.38543  35.5286
  endloop
 endfacet
 facet normal 0.337368 0.923447 0.182834
  outer loop
   vertex  2.16773  5.05113  47.8253
   vertex  2.15384  6.27353   41.677
   vertex   1.5989  5.25894  47.8253
  endloop
 endfacet
 facet normal -0.45656 -0.871163 0.180633
  outer loop
   vertex -2.44269 -4.92404   41.677
   vertex  -3.3726 -5.71154  35.5286
   vertex -2.77747 -6.02344  35.5286
  endloop
 endfacet
 facet normal        0        0       -1
  outer loop
   vertex -6.63105 -0.159059  29.3802
   vertex -5.45827 -0.648258  29.3802
   vertex -6.58094 -0.829096  29.3802
  endloop
 endfacet
 facet normal -0.622601 -0.761454 0.180432
  outer loop
   vertex -3.46037 -4.27069   41.677
   vertex -4.45329 -4.91573  35.5286
   vertex -3.93313 -5.34104  35.5286
  endloop
 endfacet
 facet normal -0.542364 -0.820525 0.180499
  outer loop
   vertex -2.96955 -4.62544  47.8253
   vertex -3.93313 -5.34104   41.677
   vertex  -3.3726 -5.71154   41.677
  endloop
 endfacet
 facet normal        0        0       -1
  outer loop
   vertex -6.63105 -0.159059  35.5286
   vertex -5.45827 -0.648258  35.5286
   vertex -6.58094 -0.829096  35.5286
  endloop
 endfacet
 facet normal -0.860914 -0.474826 0.182666
  outer loop
   vertex -4.95204 -2.38543  35.5286
   vertex -5.72065 -3.35714  29.3802
   vertex -4.65956 -2.91572  35.5286
  endloop
 endfacet
 facet normal -0.174801 -0.967742 0.181439
  outer loop
   vertex -0.711505 -5.45039   41.677
   vertex -1.50811 -6.45924  35.5286
   vertex  -0.8469 -6.57867  35.5286
  endloop
 endfacet
 facet normal -0.949739  0.25504 0.181522
  outer loop
   vertex -5.37302  1.15916  29.3802
   vertex -6.45415  2.08321  22.4253
   vertex  -6.6295  1.43024  22.4253
  endloop
 endfacet
 facet normal -0.671614 0.717983 0.182852
  outer loop
   vertex -3.52809  4.21492  29.3802
   vertex -4.67187  4.91625  22.4253
   vertex -3.97035  3.80122  29.3802
  endloop
 endfacet
 facet normal        0        0       -1
  outer loop
   vertex   3.3726  5.71154  29.3802
   vertex  3.21985  4.45483  29.3802
   vertex  2.71024  4.78201  29.3802
  endloop
 endfacet
 facet normal 0.497822 -0.848305 0.180423
  outer loop
   vertex  2.78622 -4.73814   41.677
   vertex  3.06308 -5.88334  35.5286
   vertex  3.64257 -5.54327  35.5286
  endloop
 endfacet
 facet normal -0.812357 0.553727 0.182927
  outer loop
   vertex -4.36442  3.34137   41.677
   vertex -5.53339  3.65756  35.5286
   vertex -4.70551  2.84097   41.677
  endloop
 endfacet
 facet normal 0.791929 -0.583174 0.180988
  outer loop
   vertex  4.54186 -3.09587  35.5286
   vertex  5.13497  -4.1986  29.3802
   vertex  5.53339 -3.65756  29.3802
  endloop
 endfacet
 facet normal 0.968395 0.172214 0.180426
  outer loop
   vertex  6.58094 0.829096  35.5286
   vertex  6.46329  1.49062  35.5286
   vertex  5.41427 0.947957   41.677
  endloop
 endfacet
 facet normal -0.944028 -0.275102 0.182018
  outer loop
   vertex -5.35383 -1.24478  47.8253
   vertex -6.27933 -2.13686   41.677
   vertex  -5.1844 -1.82619  47.8253
  endloop
 endfacet
 facet normal        0        0       -1
  outer loop
   vertex  2.77747  6.02344   41.677
   vertex  2.71024  4.78201   41.677
   vertex  2.16773  5.05113   41.677
  endloop
 endfacet
 facet normal        0       -0       -1
  outer loop
   vertex  1.50811  6.45924  29.3802
   vertex  1.59891  5.25894  29.3802
   vertex  1.01067  5.40292  29.3802
  endloop
 endfacet
 facet normal       -0        0       -1
  outer loop
   vertex  6.63105 0.159059   41.677
   vertex  5.49053 -0.258985   41.677
   vertex  5.48569  0.34659   41.677
  endloop
 endfacet
 facet normal        0        0       -1
  outer loop
   vertex -1.16135   6.5305   41.677
   vertex -1.39183   5.3175   41.677
   vertex -1.81607   6.3795   41.677
  endloop
 endfacet
 facet normal        0        0       -1
  outer loop
   vertex -2.52098  4.88443  29.3802
   vertex -2.45216  6.16304  29.3802
   vertex -1.96835  5.13211  29.3802
  endloop
 endfacet
 facet normal        0        0       -1
  outer loop
   vertex -5.35383 -1.24478  29.3802
   vertex -6.58094 -0.829096  29.3802
   vertex -5.45827 -0.648258  29.3802
  endloop
 endfacet
 facet normal       -0        0       -1
  outer loop
   vertex   0.8469  6.57867  35.5286
   vertex 0.410175  5.48131  35.5286
   vertex 0.177002   6.6306  35.5286
  endloop
 endfacet
 facet normal        0        0        1
  outer loop
   vertex -3.72276  2.27009  47.8253
   vertex -4.36442  3.34137  47.8253
   vertex -4.70551  2.84097  47.8253
  endloop
 endfacet
 facet normal        0        0       -1
  outer loop
   vertex  5.13497  -4.1986  29.3802
   vertex  4.54186 -3.09587  29.3802
   vertex  5.53339 -3.65756  29.3802
  endloop
 endfacet
 facet normal        0        0       -1
  outer loop
   vertex  4.68386 -4.69655   41.677
   vertex  4.17372 -3.57673   41.677
   vertex  5.13497  -4.1986   41.677
  endloop
 endfacet
 facet normal        0        0       -1
  outer loop
   vertex  3.06308 -5.88334   41.677
   vertex  2.24807 -5.01589   41.677
   vertex  2.78622 -4.73814   41.677
  endloop
 endfacet
 facet normal        0        0        1
  outer loop
   vertex -4.12211 -1.42143  47.8253
   vertex -5.35383 -1.24478  47.8253
   vertex  -5.1844 -1.82619  47.8253
  endloop
 endfacet
 facet normal 0.142814 -0.972767 0.182562
  outer loop
   vertex 0.497613 -5.47406  35.5286
   vertex  1.16135  -6.5305  29.3802
   vertex  1.09678 -5.38609  35.5286
  endloop
 endfacet
 facet normal        0        0       -1
  outer loop
   vertex -6.27933 -2.13686  29.3802
   vertex -5.35383 -1.24478  29.3802
   vertex  -5.1844 -1.82619  29.3802
  endloop
 endfacet
 facet normal        0       -0       -1
  outer loop
   vertex -5.87503  3.07899  35.5286
   vertex -4.98948  2.30608  35.5286
   vertex -6.15638  2.46883  35.5286
  endloop
 endfacet
 facet normal        0        0       -1
  outer loop
   vertex -6.03093 -2.76116  35.5286
   vertex  -5.1844 -1.82619  35.5286
   vertex -4.95204 -2.38543  35.5286
  endloop
 endfacet
 facet normal        0        0        1
  outer loop
   vertex  3.97792  -1.7856  47.8253
   vertex  4.85487 -2.57744  47.8253
   vertex  5.10894 -2.02772  47.8253
  endloop
 endfacet
 facet normal       -0        0       -1
  outer loop
   vertex -0.711505 -5.45039  35.5286
   vertex -1.50811 -6.45924  35.5286
   vertex -1.30677 -5.33904  35.5286
  endloop
 endfacet
 facet normal        0        0       -1
  outer loop
   vertex -0.177002  -6.6306   41.677
   vertex -0.711505 -5.45039   41.677
   vertex -0.107599 -5.49558   41.677
  endloop
 endfacet
 facet normal        0        0       -1
  outer loop
   vertex -4.45329 -4.91573  35.5286
   vertex -3.46036 -4.27069  35.5286
   vertex -3.93313 -5.34104  35.5286
  endloop
 endfacet
 facet normal        0        0        1
  outer loop
   vertex -1.67745  4.02472  47.8253
   vertex -2.52098  4.88443  47.8253
   vertex -2.16866  3.78275  47.8253
  endloop
 endfacet
 facet normal        0       -0       -1
  outer loop
   vertex -6.37456  1.83333  29.3802
   vertex -5.37302  1.15916  29.3802
   vertex -6.52733  1.17902  29.3802
  endloop
 endfacet
 facet normal        0        0       -1
  outer loop
   vertex  6.46329  1.49062  35.5286
   vertex  5.27713  1.53782  35.5286
   vertex  6.27933  2.13686  35.5286
  endloop
 endfacet
 facet normal        0        0       -1
  outer loop
   vertex -5.87503  3.07899  35.5286
   vertex -4.70551  2.84097  35.5286
   vertex -4.98948  2.30608  35.5286
  endloop
 endfacet
 facet normal        0        0       -1
  outer loop
   vertex -5.53339  3.65756  29.3802
   vertex -4.36442  3.34137  29.3802
   vertex -4.70551  2.84097  29.3802
  endloop
 endfacet
 facet normal        0        0       -1
  outer loop
   vertex -5.13497   4.1986  29.3802
   vertex -3.97035  3.80122  29.3802
   vertex -4.36442  3.34137  29.3802
  endloop
 endfacet
 facet normal        0        0       -1
  outer loop
   vertex  5.53339 -3.65756   41.677
   vertex  4.85487 -2.57744   41.677
   vertex  5.87503 -3.07899   41.677
  endloop
 endfacet
 facet normal        0        0       -1
  outer loop
   vertex -3.64257  5.54327   41.677
   vertex -2.52098  4.88443   41.677
   vertex   -3.043  4.57746   41.677
  endloop
 endfacet
 facet normal        0        0       -1
  outer loop
   vertex -5.13497   4.1986  35.5286
   vertex -3.97035  3.80122  35.5286
   vertex -4.36442  3.34137  35.5286
  endloop
 endfacet
 facet normal        0        0       -1
  outer loop
   vertex  3.06308 -5.88334  35.5286
   vertex  2.78622 -4.73814  35.5286
   vertex  3.64257 -5.54327  35.5286
  endloop
 endfacet
 facet normal        0        0       -1
  outer loop
   vertex -1.81607   6.3795   41.677
   vertex -1.96835  5.13211   41.677
   vertex -2.45216  6.16304   41.677
  endloop
 endfacet
 facet normal        0        0       -1
  outer loop
   vertex -1.16135   6.5305  35.5286
   vertex -1.39183   5.3175  35.5286
   vertex -1.81607   6.3795  35.5286
  endloop
 endfacet
 facet normal        0        0       -1
  outer loop
   vertex 0.177002   6.6306   41.677
   vertex -0.195304  5.49316   41.677
   vertex -0.494713  6.61448   41.677
  endloop
 endfacet
 facet normal        0        0       -1
  outer loop
   vertex   6.4633  1.49062  29.3802
   vertex  5.27713  1.53782  29.3802
   vertex  6.27933  2.13686  29.3802
  endloop
 endfacet
 facet normal       -0        0       -1
  outer loop
   vertex  5.35166  3.91866   41.677
   vertex   4.1161  3.64289   41.677
   vertex  4.92776  4.43997   41.677
  endloop
 endfacet
 facet normal        0        0       -1
  outer loop
   vertex  3.93313  5.34104  35.5286
   vertex  3.69037  4.07359  35.5286
   vertex  3.21985  4.45483  35.5286
  endloop
 endfacet
 facet normal        0        0       -1
  outer loop
   vertex  6.58094 0.829096  35.5286
   vertex  5.41427 0.947957  35.5286
   vertex  6.46329  1.49062  35.5286
  endloop
 endfacet
 facet normal 0.622475   0.7613 0.181515
  outer loop
   vertex  3.93313  5.34104  35.5286
   vertex  3.69037  4.07359   41.677
   vertex  4.45329  4.91573  35.5286
  endloop
 endfacet
 facet normal  0.77107 0.610092 0.182316
  outer loop
   vertex  5.35166  3.91866  29.3802
   vertex   4.1161  3.64289  35.5286
   vertex  4.49187  3.16798  35.5286
  endloop
 endfacet
 facet normal        0        0       -1
  outer loop
   vertex -6.27933 -2.13686   41.677
   vertex -5.35383 -1.24478   41.677
   vertex  -5.1844 -1.82619   41.677
  endloop
 endfacet
 facet normal 0.872389 0.454198 0.180668
  outer loop
   vertex  4.81311  2.65461   41.677
   vertex  6.03093  2.76116  35.5286
   vertex  5.72065  3.35714  35.5286
  endloop
 endfacet
 facet normal       -0        0       -1
  outer loop
   vertex  6.52733 -1.17902   41.677
   vertex    5.301 -1.45339   41.677
   vertex  5.42871 -0.861417   41.677
  endloop
 endfacet
 facet normal -0.0235855 0.983296  0.18048
  outer loop
   vertex -0.195303  5.49316  35.5286
   vertex 0.177002   6.6306  29.3802
   vertex -0.494712  6.61448  29.3802
  endloop
 endfacet
 facet normal       -0        0       -1
  outer loop
   vertex -0.711504 -5.45039  29.3802
   vertex -1.50811 -6.45924  29.3802
   vertex -1.30677 -5.33904  29.3802
  endloop
 endfacet
 facet normal -0.575985 -0.796905 0.182163
  outer loop
   vertex -3.46036 -4.27069  29.3802
   vertex  -3.7534 -5.64871  22.4253
   vertex -2.96955 -4.62544  29.3802
  endloop
 endfacet
 facet normal -0.498452 0.847649  0.18176
  outer loop
   vertex -2.52098  4.88443  47.8253
   vertex -3.64257  5.54327   41.677
   vertex   -3.043  4.57746  47.8253
  endloop
 endfacet
 facet normal 0.531195 0.827401 0.182316
  outer loop
   vertex  3.21985  4.45483  35.5286
   vertex   3.3726  5.71154  29.3802
   vertex  2.71024  4.78201  35.5286
  endloop
 endfacet
 facet normal 0.833458 0.521536 0.182616
  outer loop
   vertex  5.72065  3.35714  35.5286
   vertex  4.49187  3.16798   41.677
   vertex  4.81311  2.65461   41.677
  endloop
 endfacet
 facet normal 0.872389 0.454198 0.180668
  outer loop
   vertex  4.81311  2.65461  47.8253
   vertex  6.03093  2.76116   41.677
   vertex  5.72065  3.35714   41.677
  endloop
 endfacet
 facet normal 0.0760134 0.980647 0.180426
  outer loop
   vertex 0.410175  5.48131  35.5286
   vertex 0.846901  6.57867  29.3802
   vertex 0.177002   6.6306  29.3802
  endloop
 endfacet
 facet normal 0.911218 0.370219 0.180611
  outer loop
   vertex  5.07593  2.10901  29.3802
   vertex  6.40267  2.23645  22.4253
   vertex  6.14817  2.86283  22.4253
  endloop
 endfacet
 facet normal   0.7289 -0.660331 0.180746
  outer loop
   vertex  4.17372 -3.57673  47.8253
   vertex  4.68386 -4.69655   41.677
   vertex  5.13497  -4.1986   41.677
  endloop
 endfacet
 facet normal 0.961104 -0.207346 0.182446
  outer loop
   vertex    5.301 -1.45339   41.677
   vertex  6.52733 -1.17902  35.5286
   vertex  5.42871 -0.861417   41.677
  endloop
 endfacet
 facet normal 0.978133 -0.100366 0.182163
  outer loop
   vertex  5.42871 -0.861417  29.3802
   vertex  6.76862 -0.426185  22.4253
   vertex  5.49053 -0.258985  29.3802
  endloop
 endfacet
 facet normal 0.892614 -0.412557  0.18176
  outer loop
   vertex  5.87503 -3.07899   41.677
   vertex  5.10894 -2.02772  47.8253
   vertex  4.85487 -2.57744  47.8253
  endloop
 endfacet
 facet normal -0.58863 0.787609 0.182173
  outer loop
   vertex   -3.043  4.57746   41.677
   vertex -4.18469  5.14631  35.5286
   vertex -3.52809  4.21492   41.677
  endloop
 endfacet
 facet normal -0.498383 0.847532 0.182495
  outer loop
   vertex -2.52098  4.88443  29.3802
   vertex  -3.6051  5.74448  22.4253
   vertex   -3.043  4.57746  29.3802
  endloop
 endfacet
 facet normal -0.868326 0.460993 0.183016
  outer loop
   vertex -4.70551  2.84097  35.5286
   vertex -5.87503  3.07899  29.3802
   vertex -4.98948  2.30608  35.5286
  endloop
 endfacet
 facet normal -0.893205 0.411865 0.180423
  outer loop
   vertex -4.98948  2.30608  35.5286
   vertex -5.87503  3.07899  29.3802
   vertex -6.15638  2.46883  29.3802
  endloop
 endfacet
 facet normal 0.913889 0.363619 0.180521
  outer loop
   vertex  5.07592  2.10901  35.5286
   vertex  6.27933  2.13686  29.3802
   vertex  6.03093  2.76116  29.3802
  endloop
 endfacet
 facet normal        0       -0        1
  outer loop
   vertex -0.623842  4.31544  47.8253
   vertex -0.195304  5.49316  47.8253
   vertex -0.798412  5.43834  47.8253
  endloop
 endfacet
 facet normal -0.968184 -0.172177 0.181592
  outer loop
   vertex -5.35383 -1.24478  35.5286
   vertex -6.58094 -0.829096  29.3802
   vertex -6.46329 -1.49062  29.3802
  endloop
 endfacet
 facet normal -0.409377 0.894157 0.181367
  outer loop
   vertex -2.52098  4.88443   41.677
   vertex -2.45216  6.16304  35.5286
   vertex -3.06308  5.88334  35.5286
  endloop
 endfacet
 facet normal -0.271825 -0.945152 0.181104
  outer loop
   vertex -1.30677 -5.33904  35.5286
   vertex -2.15384 -6.27353  29.3802
   vertex -1.50811 -6.45924  29.3802
  endloop
 endfacet
 facet normal -0.45656 -0.871163 0.180633
  outer loop
   vertex -2.44269 -4.92404  35.5286
   vertex  -3.3726 -5.71154  29.3802
   vertex -2.77747 -6.02344  29.3802
  endloop
 endfacet
 facet normal -0.736196 -0.651559  0.18299
  outer loop
   vertex -4.31053 -3.41061  47.8253
   vertex -4.92776 -4.43997   41.677
   vertex -3.90917 -3.86411  47.8253
  endloop
 endfacet
 facet normal -0.622601 -0.761454 0.180432
  outer loop
   vertex -3.46036 -4.27069  35.5286
   vertex -4.45329 -4.91573  29.3802
   vertex -3.93313 -5.34104  29.3802
  endloop
 endfacet
 facet normal -0.803424 -0.566629 0.182868
  outer loop
   vertex -4.65957 -2.91572  47.8253
   vertex -5.35166 -3.91866   41.677
   vertex -4.31053 -3.41061  47.8253
  endloop
 endfacet
 facet normal -0.36607 -0.912848 0.180835
  outer loop
   vertex -1.88618 -5.16288  35.5286
   vertex -2.77747 -6.02344  29.3802
   vertex -2.15384 -6.27353  29.3802
  endloop
 endfacet
 facet normal -0.174801 -0.967742 0.181439
  outer loop
   vertex -0.711505 -5.45039  47.8253
   vertex -1.50811 -6.45924   41.677
   vertex -0.846901 -6.57867   41.677
  endloop
 endfacet
 facet normal -0.0733788 -0.980585 0.181849
  outer loop
   vertex -0.711505 -5.45039   41.677
   vertex -0.177002  -6.6306  35.5286
   vertex -0.107599 -5.49558   41.677
  endloop
 endfacet
 facet normal 0.0349374 -0.982632 0.182246
  outer loop
   vertex -0.107599 -5.49558   41.677
   vertex 0.494712 -6.61448  35.5286
   vertex 0.497612 -5.47406   41.677
  endloop
 endfacet
 facet normal 0.436925 0.880765 0.182616
  outer loop
   vertex  2.71024  4.78201  47.8253
   vertex  2.77747  6.02344   41.677
   vertex  2.16773  5.05113  47.8253
  endloop
 endfacet
 facet normal -0.975487 0.125578 0.180705
  outer loop
   vertex -5.46792 0.561053   41.677
   vertex -6.52733  1.17902  35.5286
   vertex -6.61312 0.512609  35.5286
  endloop
 endfacet
 facet normal -0.957807 0.223629 0.180544
  outer loop
   vertex -5.37302  1.15916  47.8253
   vertex -6.37456  1.83333   41.677
   vertex -6.52733  1.17902   41.677
  endloop
 endfacet
 facet normal -0.930285 0.319388  0.18045
  outer loop
   vertex -5.21289   1.7432   41.677
   vertex -6.15638  2.46883  35.5286
   vertex -6.37456  1.83333  35.5286
  endloop
 endfacet
 facet normal 0.497822 -0.848305 0.180423
  outer loop
   vertex  2.78622 -4.73814  35.5286
   vertex  3.06308 -5.88334  29.3802
   vertex  3.64257 -5.54327  29.3802
  endloop
 endfacet
 facet normal -0.812357 0.553727 0.182927
  outer loop
   vertex -4.36442  3.34137  35.5286
   vertex -5.53339  3.65756  29.3802
   vertex -4.70551  2.84097  35.5286
  endloop
 endfacet
 facet normal 0.728899 -0.660331 0.180746
  outer loop
   vertex  4.17373 -3.57673  35.5286
   vertex  4.68386 -4.69655  29.3802
   vertex  5.13497  -4.1986  29.3802
  endloop
 endfacet
 facet normal -0.58863 0.787609 0.182173
  outer loop
   vertex   -3.043  4.57746  47.8253
   vertex -4.18469  5.14631   41.677
   vertex -3.52809  4.21492  47.8253
  endloop
 endfacet
 facet normal 0.968395 0.172214 0.180426
  outer loop
   vertex  6.58094 0.829096  29.3802
   vertex   6.4633  1.49062  29.3802
   vertex  5.41427 0.947957  35.5286
  endloop
 endfacet
 facet normal        0        0       -1
  outer loop
   vertex  3.69037  4.07359  35.5286
   vertex  4.92776  4.43997  35.5286
   vertex   4.1161  3.64289  35.5286
  endloop
 endfacet
 facet normal       -0        0       -1
  outer loop
   vertex  6.03093  2.76116   41.677
   vertex  4.81311  2.65461   41.677
   vertex  5.72065  3.35714   41.677
  endloop
 endfacet
 facet normal        0        0        1
  outer loop
   vertex  3.91145  1.92685  47.8253
   vertex  5.07592  2.10901  47.8253
   vertex  4.81311  2.65461  47.8253
  endloop
 endfacet
 facet normal       -0        0       -1
  outer loop
   vertex  6.63105 0.159059  35.5286
   vertex  5.49053 -0.258985  35.5286
   vertex  5.48569  0.34659  35.5286
  endloop
 endfacet
 facet normal -0.845833 -0.501875 0.180797
  outer loop
   vertex -4.65956 -2.91572  29.3802
   vertex -5.99783 -3.16574  22.4253
   vertex -5.65282  -3.7472  22.4253
  endloop
 endfacet
 facet normal        0        0       -1
  outer loop
   vertex -0.177002  -6.6306  29.3802
   vertex -0.711504 -5.45039  29.3802
   vertex -0.107599 -5.49558  29.3802
  endloop
 endfacet
 facet normal       -0        0       -1
  outer loop
   vertex 0.846901  6.57867  29.3802
   vertex 0.410175  5.48131  29.3802
   vertex 0.177002   6.6306  29.3802
  endloop
 endfacet
 facet normal       -0        0        1
  outer loop
   vertex  2.62566 -3.48112  47.8253
   vertex  3.75492 -4.01416  47.8253
   vertex  3.04125 -3.12458  47.8253
  endloop
 endfacet
 facet normal        0        0       -1
  outer loop
   vertex -4.68386  4.69655   41.677
   vertex -3.52809  4.21492   41.677
   vertex -3.97035  3.80122   41.677
  endloop
 endfacet
 facet normal        0       -0       -1
  outer loop
   vertex   0.8469  6.57867   41.677
   vertex  1.01067  5.40292   41.677
   vertex 0.410174  5.48131   41.677
  endloop
 endfacet
 facet normal        0        0       -1
  outer loop
   vertex  1.81607  -6.3795   41.677
   vertex  1.09678 -5.38609   41.677
   vertex  1.68264 -5.23275   41.677
  endloop
 endfacet
 facet normal        0       -0       -1
  outer loop
   vertex -6.61312 0.512609  35.5286
   vertex -5.49646 -0.0438689  35.5286
   vertex -6.63105 -0.159059  35.5286
  endloop
 endfacet
 facet normal        0        0       -1
  outer loop
   vertex 0.494712 -6.61448  35.5286
   vertex -0.107599 -5.49558  35.5286
   vertex 0.497613 -5.47406  35.5286
  endloop
 endfacet
 facet normal        0        0       -1
  outer loop
   vertex  3.93313  5.34104  29.3802
   vertex  3.69037  4.07359  29.3802
   vertex  3.21985  4.45483  29.3802
  endloop
 endfacet
 facet normal        0       -0       -1
  outer loop
   vertex -5.87503  3.07899  29.3802
   vertex -4.98948  2.30608  29.3802
   vertex -6.15638  2.46883  29.3802
  endloop
 endfacet
 facet normal        0        0       -1
  outer loop
   vertex -6.03093 -2.76116  29.3802
   vertex  -5.1844 -1.82619  29.3802
   vertex -4.95204 -2.38543  29.3802
  endloop
 endfacet
 facet normal        0        0       -1
  outer loop
   vertex -2.77747 -6.02344   41.677
   vertex -1.88618 -5.16288   41.677
   vertex -2.15384 -6.27353   41.677
  endloop
 endfacet
 facet normal        0        0       -1
  outer loop
   vertex -5.35166 -3.91866  35.5286
   vertex -4.65956 -2.91572  35.5286
   vertex -4.31053 -3.41061  35.5286
  endloop
 endfacet
 facet normal        0        0       -1
  outer loop
   vertex -4.92776 -4.43997  35.5286
   vertex -4.31053 -3.41061  35.5286
   vertex -3.90917 -3.86411  35.5286
  endloop
 endfacet
 facet normal        0        0        1
  outer loop
   vertex -0.468966 -4.33501  47.8253
   vertex  -0.1076 -5.49558  47.8253
   vertex 0.078053 -4.35961  47.8253
  endloop
 endfacet
 facet normal        0        0       -1
  outer loop
   vertex -6.03093 -2.76116   41.677
   vertex  -5.1844 -1.82619   41.677
   vertex -4.95204 -2.38543   41.677
  endloop
 endfacet
 facet normal -0.36607 -0.912848 0.180835
  outer loop
   vertex -1.88618 -5.16288   41.677
   vertex -2.77747 -6.02344  35.5286
   vertex -2.15384 -6.27353  35.5286
  endloop
 endfacet
 facet normal        0        0       -1
  outer loop
   vertex  3.93313  5.34104   41.677
   vertex  3.69037  4.07359   41.677
   vertex  3.21985  4.45483   41.677
  endloop
 endfacet
 facet normal        0        0       -1
  outer loop
   vertex -4.45329 -4.91573  29.3802
   vertex -3.46036 -4.27069  29.3802
   vertex -3.93313 -5.34104  29.3802
  endloop
 endfacet
 facet normal -0.832496 0.523729 0.180714
  outer loop
   vertex -4.70551  2.84097  29.3802
   vertex -5.55337  3.89306  22.4253
   vertex  -5.9134  3.32077  22.4253
  endloop
 endfacet
 facet normal        0       -0       -1
  outer loop
   vertex -6.61312 0.512609  29.3802
   vertex -5.49646 -0.0438689  29.3802
   vertex -6.63105 -0.159059  29.3802
  endloop
 endfacet
 facet normal        0       -0       -1
  outer loop
   vertex -6.52733  1.17902  35.5286
   vertex -5.46792 0.561053  35.5286
   vertex -6.61312 0.512609  35.5286
  endloop
 endfacet
 facet normal        0        0       -1
  outer loop
   vertex -5.87503  3.07899   41.677
   vertex -4.70551  2.84097   41.677
   vertex -4.98948  2.30608   41.677
  endloop
 endfacet
 facet normal        0        0       -1
  outer loop
   vertex -5.53339  3.65756   41.677
   vertex -4.36442  3.34137   41.677
   vertex -4.70551  2.84097   41.677
  endloop
 endfacet
 facet normal        0        0       -1
  outer loop
   vertex  4.68386 -4.69655  29.3802
   vertex  4.17373 -3.57673  29.3802
   vertex  5.13497  -4.1986  29.3802
  endloop
 endfacet
 facet normal        0        0       -1
  outer loop
   vertex -4.68386  4.69655  29.3802
   vertex -3.52809  4.21492  29.3802
   vertex -3.97035  3.80122  29.3802
  endloop
 endfacet
 facet normal        0       -0       -1
  outer loop
   vertex  5.10894 -2.02772  29.3802
   vertex  5.87503 -3.07899  29.3802
   vertex  4.85487 -2.57744  29.3802
  endloop
 endfacet
 facet normal        0        0       -1
  outer loop
   vertex  3.06308 -5.88334  29.3802
   vertex  2.78622 -4.73814  29.3802
   vertex  3.64257 -5.54327  29.3802
  endloop
 endfacet
 facet normal        0        0       -1
  outer loop
   vertex -1.81607   6.3795  35.5286
   vertex -1.96835  5.13211  35.5286
   vertex -2.45216  6.16304  35.5286
  endloop
 endfacet
 facet normal       -0        0       -1
  outer loop
   vertex  6.58094 0.829096  35.5286
   vertex  5.48569  0.34659  35.5286
   vertex  5.41427 0.947957  35.5286
  endloop
 endfacet
 facet normal        0        0        1
  outer loop
   vertex -4.29701 0.740237  47.8253
   vertex -5.46792 0.561053  47.8253
   vertex  -4.3559 0.195842  47.8253
  endloop
 endfacet
 facet normal        0        0       -1
  outer loop
   vertex   3.3726  5.71154   41.677
   vertex  3.21985  4.45483   41.677
   vertex  2.71024  4.78201   41.677
  endloop
 endfacet
 facet normal -0.983145 0.0262462 0.180934
  outer loop
   vertex -5.49646 -0.0438689  35.5286
   vertex -6.61312 0.512609  29.3802
   vertex -6.63105 -0.159059  29.3802
  endloop
 endfacet
 facet normal        0        0       -1
  outer loop
   vertex  6.58094 0.829096  29.3802
   vertex  5.41427 0.947957  29.3802
   vertex   6.4633  1.49062  29.3802
  endloop
 endfacet
 facet normal 0.352123 -0.918096 0.181959
  outer loop
   vertex  1.68264 -5.23275  29.3802
   vertex  2.70867 -6.21764  22.4253
   vertex  2.24808 -5.01589  29.3802
  endloop
 endfacet
 facet normal -0.0235855 0.983296  0.18048
  outer loop
   vertex -0.195304  5.49316   41.677
   vertex 0.177002   6.6306  35.5286
   vertex -0.494712  6.61448  35.5286
  endloop
 endfacet
 facet normal        0        0       -1
  outer loop
   vertex   3.3726  5.71154  35.5286
   vertex  3.21985  4.45483  35.5286
   vertex  2.71024  4.78201  35.5286
  endloop
 endfacet
 facet normal 0.248947 -0.95111 0.182797
  outer loop
   vertex  1.09678 -5.38609  47.8253
   vertex  1.81607  -6.3795   41.677
   vertex  1.68264 -5.23275  47.8253
  endloop
 endfacet
 facet normal 0.932511 -0.311835 0.182163
  outer loop
   vertex  6.34229 -2.40234  22.4253
   vertex    5.301 -1.45339  29.3802
   vertex  5.10894 -2.02772  29.3802
  endloop
 endfacet
 facet normal -0.402149  0.89727 0.182163
  outer loop
   vertex -1.96835  5.13211  29.3802
   vertex -3.01522  6.07489  22.4253
   vertex -2.52098  4.88443  29.3802
  endloop
 endfacet
 facet normal 0.544303 -0.81877 0.182622
  outer loop
   vertex  2.78622 -4.73814  29.3802
   vertex  3.88696 -5.55764  22.4253
   vertex  3.29054 -4.40287  29.3802
  endloop
 endfacet
 facet normal 0.631049 -0.753897 0.182801
  outer loop
   vertex  3.29054 -4.40287  29.3802
   vertex  4.42101 -5.14301  22.4253
   vertex  3.75492 -4.01416  29.3802
  endloop
 endfacet
 facet normal -0.134991 -0.974247  0.18061
  outer loop
   vertex -0.711504 -5.45039  29.3802
   vertex -1.26451  -6.6631  22.4253
   vertex -0.594799 -6.75589  22.4253
  endloop
 endfacet
 facet normal 0.183384 0.966311  0.18059
  outer loop
   vertex  1.01067  5.40292  29.3802
   vertex  1.59507  6.59178  22.4253
   vertex 0.930814  6.71785  22.4253
  endloop
 endfacet
 facet normal 0.805365 -0.564582 0.180652
  outer loop
   vertex  4.54186 -3.09587  29.3802
   vertex  5.35242 -4.16503  22.4253
   vertex  5.74052 -3.61141  22.4253
  endloop
 endfacet
 facet normal -0.484791 -0.855379 0.182495
  outer loop
   vertex -2.96955 -4.62544  29.3802
   vertex -3.17232 -5.99435  22.4253
   vertex -2.44269 -4.92404  29.3802
  endloop
 endfacet
 facet normal 0.846815 -0.500036 0.181297
  outer loop
   vertex  4.85487 -2.57744   41.677
   vertex  5.53339 -3.65756  35.5286
   vertex  5.87503 -3.07899  35.5286
  endloop
 endfacet
 facet normal 0.696301 0.694419 0.181515
  outer loop
   vertex  3.69037  4.07359  35.5286
   vertex  4.92776  4.43997  29.3802
   vertex  4.45329  4.91573  29.3802
  endloop
 endfacet
 facet normal 0.248947 -0.95111 0.182797
  outer loop
   vertex  1.09678 -5.38609   41.677
   vertex  1.81607  -6.3795  35.5286
   vertex  1.68264 -5.23275   41.677
  endloop
 endfacet
 facet normal 0.913889 0.363619  0.18052
  outer loop
   vertex  5.07592  2.10901   41.677
   vertex  6.27933  2.13686  35.5286
   vertex  6.03093  2.76116  35.5286
  endloop
 endfacet
 facet normal -0.712231 0.678317  0.18059
  outer loop
   vertex -3.97035  3.80122  29.3802
   vertex -4.67187  4.91625  22.4253
   vertex -5.13816  4.42665  22.4253
  endloop
 endfacet
 facet normal -0.122941 0.975843 0.180601
  outer loop
   vertex -0.798411  5.43834  35.5286
   vertex -0.494712  6.61448  29.3802
   vertex -1.16135   6.5305  29.3802
  endloop
 endfacet
 facet normal -0.919686  0.34836  0.18117
  outer loop
   vertex -5.21289   1.7432  29.3802
   vertex -6.21466  2.71549  22.4253
   vertex -6.45415  2.08321  22.4253
  endloop
 endfacet
 facet normal 0.253997 -0.950019 0.181522
  outer loop
   vertex  1.68264 -5.23275  29.3802
   vertex  1.42296 -6.63107  22.4253
   vertex  2.07613 -6.45643  22.4253
  endloop
 endfacet
 facet normal -0.944028 -0.275101 0.182018
  outer loop
   vertex -5.35383 -1.24478  35.5286
   vertex -6.27933 -2.13686  29.3802
   vertex  -5.1844 -1.82619  35.5286
  endloop
 endfacet
 facet normal 0.771066 0.610089 0.182342
  outer loop
   vertex  5.45901  4.02431  22.4253
   vertex   4.1161  3.64289  29.3802
   vertex  4.49187  3.16798  29.3802
  endloop
 endfacet
 facet normal -0.0373136 -0.982828 0.180714
  outer loop
   vertex -0.107599 -5.49558  29.3802
   vertex -0.594799 -6.75589  22.4253
   vertex 0.0808266 -6.78154  22.4253
  endloop
 endfacet
 facet normal 0.710143 -0.679891 0.182878
  outer loop
   vertex  3.75492 -4.01416  29.3802
   vertex  4.91112 -4.67726  22.4253
   vertex  4.17373 -3.57673  29.3802
  endloop
 endfacet
 facet normal -0.928543 -0.324339  0.18059
  outer loop
   vertex  -5.1844 -1.82619  29.3802
   vertex -6.50619 -1.91452  22.4253
   vertex -6.28323 -2.55281  22.4253
  endloop
 endfacet
 facet normal 0.0862587 0.979757 0.180652
  outer loop
   vertex 0.410175  5.48131  29.3802
   vertex 0.930814  6.71785  22.4253
   vertex 0.257307  6.77714  22.4253
  endloop
 endfacet
 facet normal 0.976303 0.115951 0.182725
  outer loop
   vertex  5.48569  0.34659  29.3802
   vertex  6.71886 0.923441  22.4253
   vertex  5.41427 0.947957  29.3802
  endloop
 endfacet
 facet normal        0        0       -1
  outer loop
   vertex -3.64257  5.54327  35.5286
   vertex -2.52098  4.88443  35.5286
   vertex   -3.043  4.57746  35.5286
  endloop
 endfacet
 facet normal -0.206335 0.961532 0.181335
  outer loop
   vertex -1.39183   5.3175  29.3802
   vertex -1.09066  6.69375  22.4253
   vertex -1.75172   6.5519  22.4253
  endloop
 endfacet
 facet normal -0.980702 -0.0733498  0.18123
  outer loop
   vertex -5.45827 -0.648258  35.5286
   vertex -6.63105 -0.159059  29.3802
   vertex -6.58094 -0.829096  29.3802
  endloop
 endfacet
 facet normal -0.0117205 0.983451 0.180797
  outer loop
   vertex -0.195303  5.49316  29.3802
   vertex 0.257307  6.77714  22.4253
   vertex -0.418757  6.76908  22.4253
  endloop
 endfacet
 facet normal -0.285983 -0.940627 0.182852
  outer loop
   vertex -1.88618 -5.16288  29.3802
   vertex -1.92166 -6.50408  22.4253
   vertex -1.30677 -5.33904  29.3802
  endloop
 endfacet
 facet normal -0.231323 -0.955969  0.18059
  outer loop
   vertex -1.30677 -5.33904  29.3802
   vertex -1.92166 -6.50408  22.4253
   vertex -1.26451  -6.6631  22.4253
  endloop
 endfacet
 facet normal 0.581086 -0.793582 0.180464
  outer loop
   vertex  3.29054 -4.40287  35.5286
   vertex  3.64257 -5.54327  29.3802
   vertex  4.18469 -5.14631  29.3802
  endloop
 endfacet
 facet normal -0.981227 -0.0619951 0.182622
  outer loop
   vertex -5.49646 -0.0438689  29.3802
   vertex -6.75654 -0.587385  22.4253
   vertex -5.45827 -0.648258  29.3802
  endloop
 endfacet
 facet normal 0.696301 0.694419 0.181515
  outer loop
   vertex  3.69037  4.07359  47.8253
   vertex  4.92776  4.43997   41.677
   vertex  4.45329  4.91573   41.677
  endloop
 endfacet
 facet normal 0.158156 -0.970651  0.18117
  outer loop
   vertex  1.09678 -5.38609  29.3802
   vertex 0.755649  -6.7398  22.4253
   vertex  1.42296 -6.63107  22.4253
  endloop
 endfacet
 facet normal -0.122941 0.975843 0.180601
  outer loop
   vertex -0.798411  5.43834   41.677
   vertex -0.494712  6.61448  35.5286
   vertex -1.16135   6.5305  35.5286
  endloop
 endfacet
 facet normal 0.745158 -0.641971  0.18059
  outer loop
   vertex  4.17373 -3.57673  29.3802
   vertex  4.91112 -4.67726  22.4253
   vertex  5.35242 -4.16503  22.4253
  endloop
 endfacet
 facet normal -0.975487 0.125578 0.180706
  outer loop
   vertex -5.46792 0.561053  35.5286
   vertex -6.52733  1.17902  29.3802
   vertex -6.61312 0.512609  29.3802
  endloop
 endfacet
 facet normal -0.791625 -0.583575 0.181025
  outer loop
   vertex -4.31053 -3.41061  29.3802
   vertex -5.65282  -3.7472  22.4253
   vertex -5.25163 -4.29142  22.4253
  endloop
 endfacet
 facet normal 0.943555 0.277652  0.18059
  outer loop
   vertex  6.59353  1.58783  22.4253
   vertex  6.40267  2.23645  22.4253
   vertex  5.27713  1.53782  29.3802
  endloop
 endfacet
 facet normal 0.695741 0.694978 0.181522
  outer loop
   vertex  3.69037  4.07359  29.3802
   vertex  5.03119  4.54785  22.4253
   vertex  4.55337   5.0262  22.4253
  endloop
 endfacet
 facet normal -0.944064 -0.329761        0
  outer loop
   vertex -6.28323 -2.55281  19.9483
   vertex -6.50619 -1.91452  22.4253
   vertex -6.50619 -1.91452  19.9483
  endloop
 endfacet
 facet normal 0.550855 -0.834601 1.41336e-08
  outer loop
   vertex -2.16865  3.78275  19.9483
   vertex -2.62566  3.48112  47.8253
   vertex -2.62566  3.48112  19.9483
  endloop
 endfacet
 facet normal 0.623528 0.781801 1.59982e-08
  outer loop
   vertex -2.92746 -3.23145  19.9483
   vertex -2.49937 -3.57287  47.8253
   vertex -2.49936 -3.57287  19.9483
  endloop
 endfacet
 facet normal -0.868326 0.460993 0.183016
  outer loop
   vertex -4.70551  2.84097   41.677
   vertex -5.87503  3.07899  35.5286
   vertex -4.98948  2.30608   41.677
  endloop
 endfacet
 facet normal 0.553433 0.832894        0
  outer loop
   vertex  3.46717  5.82877  19.9483
   vertex   4.0303  5.45459  22.4253
   vertex   4.0303  5.45459  19.9483
  endloop
 endfacet
 facet normal        0        0       -1
  outer loop
   vertex  2.77747  6.02344  29.3802
   vertex  2.71024  4.78201  29.3802
   vertex  2.16773  5.05113  29.3802
  endloop
 endfacet
 facet normal        0       -0       -1
  outer loop
   vertex  2.15384  6.27353  35.5286
   vertex  2.16773  5.05113  35.5286
   vertex   1.5989  5.25894  35.5286
  endloop
 endfacet
 facet normal        0        0       -1
  outer loop
   vertex -5.35166 -3.91866   41.677
   vertex -4.65956 -2.91572   41.677
   vertex -4.31053 -3.41061   41.677
  endloop
 endfacet
 facet normal 0.791929 -0.583174 0.180988
  outer loop
   vertex  4.54186 -3.09587   41.677
   vertex  5.13497  -4.1986  35.5286
   vertex  5.53339 -3.65756  35.5286
  endloop
 endfacet
 facet normal -0.907973 -0.377256 0.182382
  outer loop
   vertex  -5.1844 -1.82619   41.677
   vertex -6.03093 -2.76116  35.5286
   vertex -4.95204 -2.38543   41.677
  endloop
 endfacet
 facet normal        0        0       -1
  outer loop
   vertex -5.35383 -1.24478  35.5286
   vertex -6.58094 -0.829096  35.5286
   vertex -5.45827 -0.648258  35.5286
  endloop
 endfacet
 facet normal 0.846815 -0.500036 0.181297
  outer loop
   vertex  4.85487 -2.57744  47.8253
   vertex  5.53339 -3.65756   41.677
   vertex  5.87503 -3.07899   41.677
  endloop
 endfacet
 facet normal 0.531195 0.827401 0.182316
  outer loop
   vertex  3.21985  4.45483  47.8253
   vertex   3.3726  5.71154   41.677
   vertex  2.71024  4.78201  47.8253
  endloop
 endfacet
 facet normal -0.944028 -0.275102 0.182018
  outer loop
   vertex -5.35383 -1.24478   41.677
   vertex -6.27933 -2.13686  35.5286
   vertex  -5.1844 -1.82619   41.677
  endloop
 endfacet
 facet normal 0.961234 -0.207374 0.181729
  outer loop
   vertex    5.301 -1.45339  29.3802
   vertex  6.69255   -1.098  22.4253
   vertex  5.42871 -0.861417  29.3802
  endloop
 endfacet
 facet normal -0.968184 -0.172177 0.181592
  outer loop
   vertex -5.35383 -1.24478   41.677
   vertex -6.58094 -0.829096  35.5286
   vertex -6.46329 -1.49062  35.5286
  endloop
 endfacet
 facet normal -0.409376 0.894157 0.181367
  outer loop
   vertex -2.52098  4.88443  47.8253
   vertex -2.45216  6.16304   41.677
   vertex -3.06308  5.88334   41.677
  endloop
 endfacet
 facet normal 0.983175 0.00784848 0.182495
  outer loop
   vertex  5.49053 -0.258985  29.3802
   vertex  6.77742 0.249869  22.4253
   vertex  5.48569  0.34659  29.3802
  endloop
 endfacet
 facet normal        0        0       -1
  outer loop
   vertex -0.494713  6.61448   41.677
   vertex -0.798411  5.43834   41.677
   vertex -1.16135   6.5305   41.677
  endloop
 endfacet
 facet normal   0.9831 0.00784711   0.1829
  outer loop
   vertex  5.49053 -0.258985  35.5286
   vertex  6.63105 0.159059  29.3802
   vertex  5.48569  0.34659  35.5286
  endloop
 endfacet
 facet normal       -0        0       -1
  outer loop
   vertex  5.35166  3.91866  35.5286
   vertex   4.1161  3.64289  35.5286
   vertex  4.92776  4.43997  35.5286
  endloop
 endfacet
 facet normal 0.976251 0.115945 0.183005
  outer loop
   vertex  5.48569  0.34659  35.5286
   vertex  6.58094 0.829096  29.3802
   vertex  5.41427 0.947957  35.5286
  endloop
 endfacet
 facet normal        0       -0        1
  outer loop
   vertex  2.03186  3.85795  47.8253
   vertex  2.16773  5.05113  47.8253
   vertex   1.5323  4.08219  47.8253
  endloop
 endfacet
 facet normal -0.542364 -0.820525 0.180499
  outer loop
   vertex -2.96955 -4.62544  35.5286
   vertex -3.93313 -5.34104  29.3802
   vertex  -3.3726 -5.71154  29.3802
  endloop
 endfacet
 facet normal -0.957807  0.22363 0.180544
  outer loop
   vertex -5.37302  1.15916  35.5286
   vertex -6.37456  1.83333  29.3802
   vertex -6.52733  1.17902  29.3802
  endloop
 endfacet
 facet normal        0        0       -1
  outer loop
   vertex  -3.3726 -5.71154   41.677
   vertex -2.44269 -4.92404   41.677
   vertex -2.77747 -6.02344   41.677
  endloop
 endfacet
 facet normal        0        0       -1
  outer loop
   vertex  4.68386 -4.69655  35.5286
   vertex  4.17373 -3.57673  35.5286
   vertex  5.13497  -4.1986  35.5286
  endloop
 endfacet
 facet normal        0        0       -1
  outer loop
   vertex  2.45216 -6.16304   41.677
   vertex  1.68264 -5.23275   41.677
   vertex  2.24807 -5.01589   41.677
  endloop
 endfacet
 facet normal        0        0        1
  outer loop
   vertex  4.49187  3.16798  47.8253
   vertex  3.30938  2.83906  47.8253
   vertex  3.63911   2.4019  47.8253
  endloop
 endfacet
 facet normal        0        0       -1
  outer loop
   vertex  4.18469 -5.14631   41.677
   vertex  3.75492 -4.01416   41.677
   vertex  4.68386 -4.69655   41.677
  endloop
 endfacet
 facet normal        0        0        1
  outer loop
   vertex -3.97792   1.7856  47.8253
   vertex -5.21289   1.7432  47.8253
   vertex -4.17035  1.27296  47.8253
  endloop
 endfacet
 facet normal        0        0       -1
  outer loop
   vertex -4.45329 -4.91573   41.677
   vertex -3.90917 -3.86411   41.677
   vertex -3.46037 -4.27069   41.677
  endloop
 endfacet
 facet normal -0.736197 -0.651559  0.18299
  outer loop
   vertex -4.31053 -3.41061   41.677
   vertex -4.92776 -4.43997  35.5286
   vertex -3.90917 -3.86411   41.677
  endloop
 endfacet
 facet normal -0.965784 0.259349        0
  outer loop
   vertex  -6.6295  1.43024  19.9483
   vertex -6.45415  2.08321  22.4253
   vertex -6.45415  2.08321  19.9483
  endloop
 endfacet
 facet normal        0        0       -1
  outer loop
   vertex -2.77747 -6.02344  35.5286
   vertex -1.88618 -5.16288  35.5286
   vertex -2.15384 -6.27353  35.5286
  endloop
 endfacet
 facet normal        0        0       -1
  outer loop
   vertex 0.177002   6.6306  29.3802
   vertex -0.195303  5.49316  29.3802
   vertex -0.494712  6.61448  29.3802
  endloop
 endfacet
 facet normal        0        0       -1
  outer loop
   vertex -1.16135   6.5305  29.3802
   vertex -1.39183   5.3175  29.3802
   vertex -1.81607   6.3795  29.3802
  endloop
 endfacet
 facet normal 0.913889 0.363619  0.18052
  outer loop
   vertex  5.07592  2.10901  47.8253
   vertex  6.27933  2.13686   41.677
   vertex  6.03093  2.76116   41.677
  endloop
 endfacet
 facet normal 0.352057 -0.917924 0.182951
  outer loop
   vertex  1.68264 -5.23275  35.5286
   vertex  2.45216 -6.16304  29.3802
   vertex  2.24808 -5.01589  35.5286
  endloop
 endfacet
 facet normal       -0        0       -1
  outer loop
   vertex  6.63105 0.159059  29.3802
   vertex  5.49053 -0.258985  29.3802
   vertex  5.48569  0.34659  29.3802
  endloop
 endfacet
 facet normal        0        0        1
  outer loop
   vertex  4.81311  2.65461  47.8253
   vertex  3.63911   2.4019  47.8253
   vertex  3.91145  1.92685  47.8253
  endloop
 endfacet
 facet normal       -0        0       -1
  outer loop
   vertex  5.72065  3.35714  29.3802
   vertex  4.49187  3.16798  29.3802
   vertex  5.35166  3.91866  29.3802
  endloop
 endfacet
 facet normal        0       -0       -1
  outer loop
   vertex -6.15638  2.46883  35.5286
   vertex -5.21289   1.7432  35.5286
   vertex -6.37456  1.83333  35.5286
  endloop
 endfacet
 facet normal 0.258288 -0.966068        0
  outer loop
   vertex  2.07613 -6.45643  19.9483
   vertex  1.42296 -6.63107  22.4253
   vertex  1.42296 -6.63107  19.9483
  endloop
 endfacet
 facet normal        0       -0       -1
  outer loop
   vertex -6.61312 0.512609   41.677
   vertex -5.49646 -0.0438689   41.677
   vertex -6.63105 -0.159059   41.677
  endloop
 endfacet
 facet normal        0        0       -1
  outer loop
   vertex -3.93313 -5.34104  35.5286
   vertex -2.96955 -4.62544  35.5286
   vertex  -3.3726 -5.71154  35.5286
  endloop
 endfacet
 facet normal -0.930285 0.319388  0.18045
  outer loop
   vertex -5.21289   1.7432  47.8253
   vertex -6.15638  2.46883   41.677
   vertex -6.37456  1.83333   41.677
  endloop
 endfacet
 facet normal       -0        0       -1
  outer loop
   vertex  6.27933  2.13686  29.3802
   vertex  5.07593  2.10901  29.3802
   vertex  6.03093  2.76116  29.3802
  endloop
 endfacet
 facet normal -0.746535 0.639754 0.182757
  outer loop
   vertex -3.97035  3.80122  35.5286
   vertex -5.13497   4.1986  29.3802
   vertex -4.36442  3.34137  35.5286
  endloop
 endfacet
 facet normal -0.550855 0.834601 -1.41336e-08
  outer loop
   vertex  2.16865 -3.78275  19.9483
   vertex  2.62566 -3.48112  47.8253
   vertex  2.62566 -3.48112  19.9483
  endloop
 endfacet
 facet normal 0.651115 -0.758979 2.22747e-08
  outer loop
   vertex -3.04125  3.12458  19.9483
   vertex -2.62566  3.48112  47.8253
   vertex -3.04125  3.12458  47.8253
  endloop
 endfacet
 facet normal 0.978031 -0.100355 0.182713
  outer loop
   vertex  5.42871 -0.861417  47.8253
   vertex  6.61312 -0.512609   41.677
   vertex  5.49053 -0.258985  47.8253
  endloop
 endfacet
 facet normal        0        0       -1
  outer loop
   vertex -1.81607   6.3795  29.3802
   vertex -1.96835  5.13211  29.3802
   vertex -2.45216  6.16304  29.3802
  endloop
 endfacet
 facet normal  0.18645 0.982464        0
  outer loop
   vertex 0.930814  6.71785  19.9483
   vertex  1.59507  6.59178  22.4253
   vertex  1.59507  6.59178  19.9483
  endloop
 endfacet
 facet normal -0.209814 0.977741        0
  outer loop
   vertex -1.75172   6.5519  19.9483
   vertex -1.09066  6.69375  22.4253
   vertex -1.09066  6.69375  19.9483
  endloop
 endfacet
 facet normal -0.306122 0.951992        0
  outer loop
   vertex -2.39538  6.34492  19.9483
   vertex -1.75172   6.5519  22.4253
   vertex -1.75172   6.5519  19.9483
  endloop
 endfacet
 facet normal -0.409513 -0.912304 -1.05071e-08
  outer loop
   vertex  2.03186  3.85795  19.9483
   vertex   1.5323  4.08219  47.8253
   vertex  1.53231  4.08219  19.9483
  endloop
 endfacet
 facet normal 0.127257 0.974836 0.183029
  outer loop
   vertex  1.01067  5.40292  35.5286
   vertex 0.846901  6.57867  29.3802
   vertex 0.410175  5.48131  35.5286
  endloop
 endfacet
 facet normal -0.330798 -0.943702        0
  outer loop
   vertex -1.92166 -6.50408  19.9483
   vertex -2.55971 -6.28043  22.4253
   vertex -2.55971 -6.28043  19.9483
  endloop
 endfacet
 facet normal 0.441908 -0.897061 1.13383e-08
  outer loop
   vertex -1.67745  4.02472  19.9483
   vertex -2.16866  3.78275  47.8253
   vertex -2.16865  3.78275  19.9483
  endloop
 endfacet
 facet normal -0.623529  -0.7818 -1.06655e-08
  outer loop
   vertex  2.49936  3.57287  19.9483
   vertex  2.92746  3.23145  47.8253
   vertex  2.49936  3.57287  47.8253
  endloop
 endfacet
 facet normal 0.688861 -0.724894        0
  outer loop
   vertex  4.91112 -4.67726  19.9483
   vertex  4.42101 -5.14301  22.4253
   vertex  4.42101 -5.14301  19.9483
  endloop
 endfacet
 facet normal 0.833457 0.521535 0.182622
  outer loop
   vertex  5.83258  3.46077  22.4253
   vertex  4.49187  3.16798  29.3802
   vertex  4.81311  2.65461  29.3802
  endloop
 endfacet
 facet normal -0.880475 0.438221   0.1809
  outer loop
   vertex -4.98948  2.30608  29.3802
   vertex  -5.9134  3.32077  22.4253
   vertex -6.21466  2.71549  22.4253
  endloop
 endfacet
 facet normal 0.204935 -0.978776 5.25813e-09
  outer loop
   vertex -0.623842  4.31544  19.9483
   vertex -1.15979  4.20323  47.8253
   vertex -1.15979  4.20323  19.9483
  endloop
 endfacet
 facet normal -0.441909  0.89706 -1.13383e-08
  outer loop
   vertex  1.67745 -4.02472  19.9483
   vertex  2.16865 -3.78275  47.8253
   vertex  2.16865 -3.78275  19.9483
  endloop
 endfacet
 facet normal        0        0       -1
  outer loop
   vertex  5.13497  -4.1986   41.677
   vertex  4.54186 -3.09587   41.677
   vertex  5.53339 -3.65756   41.677
  endloop
 endfacet
 facet normal -0.0119168 0.999929        0
  outer loop
   vertex -0.418757  6.76908  19.9483
   vertex 0.257307  6.77714  22.4253
   vertex 0.257307  6.77714  19.9483
  endloop
 endfacet
 facet normal 0.757614 -0.652702        0
  outer loop
   vertex  5.35242 -4.16503  19.9483
   vertex  4.91112 -4.67726  22.4253
   vertex  4.91112 -4.67726  19.9483
  endloop
 endfacet
 facet normal -0.846432 0.532496        0
  outer loop
   vertex  -5.9134  3.32077  19.9483
   vertex -5.55337  3.89306  22.4253
   vertex -5.55337  3.89306  19.9483
  endloop
 endfacet
 facet normal        0        0       -1
  outer loop
   vertex -5.87503  3.07899  29.3802
   vertex -4.70551  2.84097  29.3802
   vertex -4.98948  2.30608  29.3802
  endloop
 endfacet
 facet normal        0        0        1
  outer loop
   vertex  1.67745 -4.02472  47.8253
   vertex  1.68264 -5.23275  47.8253
   vertex  2.24807 -5.01589  47.8253
  endloop
 endfacet
 facet normal        0        0        1
  outer loop
   vertex -3.63911  -2.4019  47.8253
   vertex -4.31053 -3.41061  47.8253
   vertex -3.30938 -2.83906  47.8253
  endloop
 endfacet
 facet normal        0        0       -1
  outer loop
   vertex 0.494712 -6.61448   41.677
   vertex -0.107599 -5.49558   41.677
   vertex 0.497612 -5.47406   41.677
  endloop
 endfacet
 facet normal       -0        0       -1
  outer loop
   vertex  6.52733 -1.17902  35.5286
   vertex    5.301 -1.45339  35.5286
   vertex  5.42871 -0.861417  35.5286
  endloop
 endfacet
 facet normal -0.803424 -0.56663 0.182869
  outer loop
   vertex -4.65956 -2.91572  35.5286
   vertex -5.35166 -3.91866  29.3802
   vertex -4.31053 -3.41061  35.5286
  endloop
 endfacet
 facet normal -0.891624 -0.415176 0.180652
  outer loop
   vertex -4.95204 -2.38543  29.3802
   vertex -6.28323 -2.55281  22.4253
   vertex -5.99783 -3.16574  22.4253
  endloop
 endfacet
 facet normal 0.869811 0.459099 0.180714
  outer loop
   vertex  4.81311  2.65461  29.3802
   vertex  6.14817  2.86283  22.4253
   vertex  5.83258  3.46077  22.4253
  endloop
 endfacet
 facet normal 0.658378 -0.730707 0.180571
  outer loop
   vertex  3.75492 -4.01416  35.5286
   vertex  4.18469 -5.14631  29.3802
   vertex  4.68386 -4.69655  29.3802
  endloop
 endfacet
 facet normal -0.975487 0.125578 0.180705
  outer loop
   vertex -5.46792 0.561053  47.8253
   vertex -6.52733  1.17902   41.677
   vertex -6.61312 0.512609   41.677
  endloop
 endfacet
 facet normal 0.436925 0.880764 0.182622
  outer loop
   vertex  2.71024  4.78201  29.3802
   vertex  2.86958  6.14503  22.4253
   vertex  2.16773  5.05113  29.3802
  endloop
 endfacet
 facet normal -0.221027 0.958365 0.180789
  outer loop
   vertex -1.39183   5.3175   41.677
   vertex -1.16135   6.5305  35.5286
   vertex -1.81607   6.3795  35.5286
  endloop
 endfacet
 facet normal 0.872389 0.454198 0.180668
  outer loop
   vertex  4.81311  2.65461  35.5286
   vertex  6.03093  2.76116  29.3802
   vertex  5.72065  3.35714  29.3802
  endloop
 endfacet
 facet normal       -0        0       -1
  outer loop
   vertex  6.37456 -1.83333  35.5286
   vertex  5.10894 -2.02772  35.5286
   vertex    5.301 -1.45339  35.5286
  endloop
 endfacet
 facet normal 0.818837 -0.574026        0
  outer loop
   vertex  5.74052 -3.61141  19.9483
   vertex  5.35242 -4.16503  22.4253
   vertex  5.35242 -4.16503  19.9483
  endloop
 endfacet
 facet normal -0.999321 -0.036843        0
  outer loop
   vertex -6.75654 -0.587385  19.9483
   vertex -6.78145 0.0882677  22.4253
   vertex -6.78145 0.0882677  19.9483
  endloop
 endfacet
 facet normal -0.0379382 -0.99928        0
  outer loop
   vertex 0.0808266 -6.78154  19.9483
   vertex -0.594799 -6.75589  22.4253
   vertex -0.594799 -6.75589  19.9483
  endloop
 endfacet
 facet normal -0.724137 0.689656        0
  outer loop
   vertex -5.13816  4.42665  19.9483
   vertex -4.67187  4.91625  22.4253
   vertex -4.67187  4.91625  19.9483
  endloop
 endfacet
 facet normal 0.353194 -0.93555        0
  outer loop
   vertex  2.70867 -6.21764  19.9483
   vertex  2.07613 -6.45643  22.4253
   vertex  2.07613 -6.45643  19.9483
  endloop
 endfacet
 facet normal -0.671388 -0.741106        0
  outer loop
   vertex -4.29718 -5.24692  19.9483
   vertex -4.79825 -4.79298  22.4253
   vertex -4.79825 -4.79298  19.9483
  endloop
 endfacet
 facet normal -0.963976 -0.26599 -3.29777e-08
  outer loop
   vertex  4.26776  0.89358  19.9483
   vertex  4.12211  1.42143  47.8253
   vertex  4.12211  1.42143  19.9483
  endloop
 endfacet
 facet normal 0.977511 -0.210886        0
  outer loop
   vertex  6.69255   -1.098  19.9483
   vertex  6.54997 -1.75891  22.4253
   vertex  6.54997 -1.75891  19.9483
  endloop
 endfacet
 facet normal -0.573127 0.819466        0
  outer loop
   vertex -4.15915  5.35699  19.9483
   vertex  -3.6051  5.74448  22.4253
   vertex  -3.6051  5.74448  19.9483
  endloop
 endfacet
 facet normal  0.81941 -0.573209 2.80321e-08
  outer loop
   vertex -3.40889  2.71878  19.9483
   vertex -3.72276  2.27009  47.8253
   vertex -3.72276  2.27009  19.9483
  endloop
 endfacet
 facet normal -0.498452 0.847649  0.18176
  outer loop
   vertex -2.52098  4.88443  35.5286
   vertex -3.64257  5.54327  29.3802
   vertex   -3.043  4.57746  35.5286
  endloop
 endfacet
 facet normal 0.989712 0.143072 3.38581e-08
  outer loop
   vertex  -4.3461 -0.351642  19.9483
   vertex -4.26776 -0.89358  47.8253
   vertex -4.26776 -0.89358  19.9483
  endloop
 endfacet
 facet normal  0.99984 0.0179015 3.42046e-08
  outer loop
   vertex  -4.3461 -0.351642  19.9483
   vertex  -4.3559 0.195842  47.8253
   vertex  -4.3461 -0.351642  47.8253
  endloop
 endfacet
 facet normal -0.935162 0.354221        0
  outer loop
   vertex -6.45415  2.08321  19.9483
   vertex -6.21466  2.71549  22.4253
   vertex -6.21466  2.71549  19.9483
  endloop
 endfacet
 facet normal -0.23519 -0.971949        0
  outer loop
   vertex -1.26451  -6.6631  19.9483
   vertex -1.92166 -6.50408  22.4253
   vertex -1.92166 -6.50408  19.9483
  endloop
 endfacet
 facet normal 0.633613  0.77365       -0
  outer loop
   vertex  4.55337   5.0262  19.9483
   vertex   4.0303  5.45459  22.4253
   vertex  4.55337   5.0262  22.4253
  endloop
 endfacet
 facet normal -0.906539 -0.422121        0
  outer loop
   vertex -5.99783 -3.16574  19.9483
   vertex -6.28323 -2.55281  22.4253
   vertex -6.28323 -2.55281  19.9483
  endloop
 endfacet
 facet normal 0.993651 -0.112509        0
  outer loop
   vertex  6.76862 -0.426185  19.9483
   vertex  6.69255   -1.098  22.4253
   vertex  6.69255   -1.098  19.9483
  endloop
 endfacet
 facet normal 0.169767 0.985484 4.3558e-09
  outer loop
   vertex -1.00859 -4.24205  19.9483
   vertex -0.468966 -4.33501  47.8253
   vertex -0.468965 -4.33501  19.9483
  endloop
 endfacet
 facet normal 0.0617451 -0.998092        0
  outer loop
   vertex 0.755649  -6.7398  19.9483
   vertex 0.0808266 -6.78154  22.4253
   vertex 0.0808266 -6.78154  19.9483
  endloop
 endfacet
 facet normal 0.959328 0.282294        0
  outer loop
   vertex  6.40267  2.23645  19.9483
   vertex  6.59353  1.58783  22.4253
   vertex  6.59353  1.58783  19.9483
  endloop
 endfacet
 facet normal -0.994199 0.107553 -3.40116e-08
  outer loop
   vertex  4.29701 -0.740237  19.9483
   vertex   4.3559 -0.195842  47.8253
   vertex   4.3559 -0.195842  19.9483
  endloop
 endfacet
 facet normal   0.8335 0.552519        0
  outer loop
   vertex  5.45901  4.02431  19.9483
   vertex  5.83258  3.46077  22.4253
   vertex  5.83258  3.46077  19.9483
  endloop
 endfacet
 facet normal -0.989712 -0.143071 -3.38581e-08
  outer loop
   vertex  4.26776  0.89358  19.9483
   vertex   4.3461 0.351642  47.8253
   vertex  4.26776  0.89358  47.8253
  endloop
 endfacet
 facet normal -0.789207 0.614128        0
  outer loop
   vertex -5.55337  3.89306  19.9483
   vertex -5.13816  4.42665  22.4253
   vertex -5.13816  4.42665  19.9483
  endloop
 endfacet
 facet normal        0        0        1
  outer loop
   vertex  2.16865 -3.78275  47.8253
   vertex  2.24807 -5.01589  47.8253
   vertex  2.78622 -4.73814  47.8253
  endloop
 endfacet
 facet normal  0.70283 0.0623227 0.708622
  outer loop
   vertex  6.71886 0.923441  19.9483
   vertex  14.9392 0.121597  11.8657
   vertex  14.7099   2.7076  11.8657
  endloop
 endfacet
 facet normal 0.0597257 0.698008 0.713595
  outer loop
   vertex 0.257307  6.77714  19.9483
   vertex  2.49593  14.8487  11.8657
   vertex -0.00096187  15.0624  11.8657
  endloop
 endfacet
 facet normal 0.450893 -0.873612 0.183024
  outer loop
   vertex  2.24807 -5.01589   41.677
   vertex  3.06308 -5.88334  35.5286
   vertex  2.78622 -4.73814   41.677
  endloop
 endfacet
 facet normal -0.181403 -0.685625  0.70499
  outer loop
   vertex -1.92166 -6.50408  19.9483
   vertex -5.07787 -13.9799  11.8657
   vertex  -2.6214 -14.6299  11.8657
  endloop
 endfacet
 facet normal -0.660047 -0.728586  0.18303
  outer loop
   vertex -3.90917 -3.86411  47.8253
   vertex -4.45329 -4.91573   41.677
   vertex -3.46037 -4.27069  47.8253
  endloop
 endfacet
 facet normal 0.0604549 -0.706991 0.704634
  outer loop
   vertex  2.42618 -14.6527  11.8657
   vertex 0.755649  -6.7398  19.9483
   vertex -0.0154448 -14.8614  11.8657
  endloop
 endfacet
 facet normal -0.868326 0.460994 0.183016
  outer loop
   vertex -4.70551  2.84097  47.8253
   vertex -5.87503  3.07899   41.677
   vertex -4.98948  2.30608  47.8253
  endloop
 endfacet
 facet normal -0.401714 0.574376 0.713245
  outer loop
   vertex  -3.6051  5.74448  19.9483
   vertex -9.64593  11.5564  11.8657
   vertex -4.15915  5.35699  19.9483
  endloop
 endfacet
 facet normal 0.314839 -0.634316 0.706059
  outer loop
   vertex  2.70867 -6.21764  19.9483
   vertex  7.40277 -12.8846  11.8657
   vertex  3.31428 -5.91704  19.9483
  endloop
 endfacet
 facet normal 0.946002   0.2693  0.18044
  outer loop
   vertex  5.27713  1.53782  47.8253
   vertex  6.46329  1.49062   41.677
   vertex  6.27933  2.13686   41.677
  endloop
 endfacet
 facet normal 0.249725 -0.661477 0.707168
  outer loop
   vertex  2.07613 -6.45643  19.9483
   vertex   5.0983 -13.9564  11.8657
   vertex  2.70867 -6.21764  19.9483
  endloop
 endfacet
 facet normal -0.179293 0.677649 0.713194
  outer loop
   vertex -1.75172   6.5519  19.9483
   vertex -2.66028  14.8181  11.8657
   vertex -5.11675  14.1682  11.8657
  endloop
 endfacet
 facet normal 0.433643 -0.558532 0.707103
  outer loop
   vertex  9.57943 -11.3707  11.8657
   vertex  4.42101 -5.14301  19.9483
   vertex  3.88696 -5.55764  19.9483
  endloop
 endfacet
 facet normal  0.70081 -0.0793531 0.708921
  outer loop
   vertex  6.69255   -1.098  19.9483
   vertex  14.7078 -2.51974  11.8657
   vertex   14.714 -2.46461  11.8657
  endloop
 endfacet
 facet normal 0.535045 -0.460973 0.707977
  outer loop
   vertex  5.35242 -4.16503  19.9483
   vertex  11.4543 -9.49626  11.8657
   vertex  11.4905 -9.45423  11.8657
  endloop
 endfacet
 facet normal -0.298842 -0.642445 0.705662
  outer loop
   vertex -5.13023 -13.9616  11.8657
   vertex -3.17232 -5.99435  19.9483
   vertex -7.48498 -12.8663  11.8657
  endloop
 endfacet
 facet normal 0.615203 -0.345478  0.70864
  outer loop
   vertex  5.74052 -3.61141  19.9483
   vertex  12.9516 -7.34946  11.8657
   vertex  6.07158 -3.02189  19.9483
  endloop
 endfacet
 facet normal -0.684212 -0.16477 0.710426
  outer loop
   vertex -6.66448  -1.2572  19.9483
   vertex -14.7366 -2.58675  11.8657
   vertex -6.50619 -1.91452  19.9483
  endloop
 endfacet
 facet normal  0.26596  0.65254 0.709547
  outer loop
   vertex  2.86958  6.14503  19.9483
   vertex  7.41598  13.0808  11.8657
   vertex   7.3646  13.1017  11.8657
  endloop
 endfacet
 facet normal 0.688979 -0.148639 0.709376
  outer loop
   vertex  14.6961 -2.57398  11.8657
   vertex  6.69255   -1.098  19.9483
   vertex  6.54997 -1.75891  19.9483
  endloop
 endfacet
 facet normal 0.387759 0.583562 0.713511
  outer loop
   vertex   4.0303  5.45459  19.9483
   vertex  7.51123  13.0241  11.8657
   vertex  3.46717  5.82877  19.9483
  endloop
 endfacet
 facet normal 0.703551 -0.00915483 0.710586
  outer loop
   vertex  6.77742 0.249869  19.9483
   vertex  14.9385 0.0661163  11.8657
   vertex  14.9392 0.121597  11.8657
  endloop
 endfacet
 facet normal  0.49832 0.495301 0.711586
  outer loop
   vertex  5.03119  4.54785  19.9483
   vertex  11.4641  9.68783  11.8657
   vertex  10.6324  10.5246  11.8657
  endloop
 endfacet
 facet normal 0.690539 0.130265 0.711468
  outer loop
   vertex  6.71886 0.923441  19.9483
   vertex  14.6996  2.76212  11.8657
   vertex  6.59353  1.58783  19.9483
  endloop
 endfacet
 facet normal 0.650461 0.264276 0.712081
  outer loop
   vertex  6.40267  2.23645  19.9483
   vertex  13.9983  5.31973  11.8657
   vertex  6.14817  2.86283  19.9483
  endloop
 endfacet
 facet normal -0.279337 0.641228 0.714701
  outer loop
   vertex -2.39538  6.34492  19.9483
   vertex -5.11675  14.1682  11.8657
   vertex -5.16761   14.146  11.8657
  endloop
 endfacet
 facet normal 0.542453 0.443269 0.713623
  outer loop
   vertex  11.4993  9.64486  11.8657
   vertex  5.03119  4.54785  19.9483
   vertex  5.45901  4.02431  19.9483
  endloop
 endfacet
 facet normal 0.443412 0.541407 0.714328
  outer loop
   vertex   9.5912  11.5644  11.8657
   vertex  4.55337   5.0262  19.9483
   vertex  9.63412  11.5293  11.8657
  endloop
 endfacet
 facet normal 0.198264 0.671059 0.714402
  outer loop
   vertex  2.24347  6.40021  19.9483
   vertex  5.06013  14.1727  11.8657
   vertex  5.00691  14.1885  11.8657
  endloop
 endfacet
 facet normal 0.327208 0.618285 0.714604
  outer loop
   vertex  3.46717  5.82877  19.9483
   vertex  7.41598  13.0808  11.8657
   vertex  2.86958  6.14503  19.9483
  endloop
 endfacet
 facet normal -0.097044 -0.700394 0.707128
  outer loop
   vertex -1.26451  -6.6631  19.9483
   vertex -2.56747 -14.6429  11.8657
   vertex -2.51251 -14.6505  11.8657
  endloop
 endfacet
 facet normal 0.130239 0.686273 0.715588
  outer loop
   vertex  2.55044  14.8384  11.8657
   vertex 0.930814  6.71785  19.9483
   vertex  1.59507  6.59178  19.9483
  endloop
 endfacet
 facet normal 0.580886 -0.405054 0.706048
  outer loop
   vertex  5.74052 -3.61141  19.9483
   vertex  11.4905 -9.45423  11.8657
   vertex  12.9244 -7.39784  11.8657
  endloop
 endfacet
 facet normal -0.00832026 0.698144 0.715909
  outer loop
   vertex 0.257307  6.77714  19.9483
   vertex -0.0564432  15.0617  11.8657
   vertex -0.418757  6.76908  19.9483
  endloop
 endfacet
 facet normal -0.497584 0.494448 0.712693
  outer loop
   vertex -4.67187  4.91625  19.9483
   vertex -9.72627    11.48  11.8657
   vertex -11.5171  9.67788  11.8657
  endloop
 endfacet
 facet normal -0.146575 0.683047 0.715515
  outer loop
   vertex -1.09066  6.69375  19.9483
   vertex -2.60745  14.8351  11.8657
   vertex -1.75172   6.5519  19.9483
  endloop
 endfacet
 facet normal 0.671226 -0.21665 0.708885
  outer loop
   vertex  6.34229 -2.40234  19.9483
   vertex  14.0142 -5.07976  11.8657
   vertex  14.0313 -5.02696  11.8657
  endloop
 endfacet
 facet normal -0.341246 0.609236 0.715809
  outer loop
   vertex  -3.6051  5.74448  19.9483
   vertex -7.47208   13.075  11.8657
   vertex -7.52049  13.0479  11.8657
  endloop
 endfacet
 facet normal 0.181519 -0.68591 0.704683
  outer loop
   vertex  5.04639  -13.976  11.8657
   vertex  1.42296 -6.63107  19.9483
   vertex  2.53632 -14.6403  11.8657
  endloop
 endfacet
 facet normal -0.45541 0.529784 0.715493
  outer loop
   vertex -4.15915  5.35699  19.9483
   vertex   -9.688  11.5202  11.8657
   vertex -4.67187  4.91625  19.9483
  endloop
 endfacet
 facet normal -0.701149 0.0622008 0.710297
  outer loop
   vertex -6.73896 0.763044  19.9483
   vertex -14.7557  2.69444  11.8657
   vertex -14.9802 0.163711  11.8657
  endloop
 endfacet
 facet normal -0.551992 0.429537 0.714705
  outer loop
   vertex -5.13816  4.42665  19.9483
   vertex -11.5512  9.63409  11.8657
   vertex -5.55337  3.89306  19.9483
  endloop
 endfacet
 facet normal 0.503012 -0.499843 0.705079
  outer loop
   vertex  11.4141 -9.53448  11.8657
   vertex  4.91112 -4.67726  19.9483
   vertex  9.62326 -11.3367  11.8657
  endloop
 endfacet
 facet normal -0.579795 -0.404244 0.707407
  outer loop
   vertex -5.65282  -3.7472  19.9483
   vertex -12.9614 -7.40899  11.8657
   vertex -11.5593 -9.41994  11.8657
  endloop
 endfacet
 facet normal -0.654713 0.247984 0.714041
  outer loop
   vertex -6.45415  2.08321  19.9483
   vertex -14.0479  5.30764  11.8657
   vertex -14.0676  5.25575  11.8657
  endloop
 endfacet
 facet normal -0.691717 0.113486 0.713196
  outer loop
   vertex  -6.6295  1.43024  19.9483
   vertex -14.7557  2.69444  11.8657
   vertex -6.73896 0.763044  19.9483
  endloop
 endfacet
 facet normal 0.647171 -0.282781 0.707958
  outer loop
   vertex  6.07158 -3.02189  19.9483
   vertex   13.992  -5.1306  11.8657
   vertex  6.34229 -2.40234  19.9483
  endloop
 endfacet
 facet normal -0.701691 -0.0258699 0.712012
  outer loop
   vertex -6.78145 0.0882677  19.9483
   vertex -14.9817 0.0528874  11.8657
   vertex -6.75654 -0.587385  19.9483
  endloop
 endfacet
 facet normal        0        0       -1
  outer loop
   vertex  5.13497  -4.1986  35.5286
   vertex  4.54186 -3.09587  35.5286
   vertex  5.53339 -3.65756  35.5286
  endloop
 endfacet
 facet normal 0.585204 0.387916 0.712079
  outer loop
   vertex  5.83258  3.46077  19.9483
   vertex   12.932  7.58766  11.8657
   vertex  12.9013  7.63391  11.8657
  endloop
 endfacet
 facet normal -0.663832 -0.231878 0.711027
  outer loop
   vertex -6.28323 -2.55281  19.9483
   vertex -14.0718 -5.03973  11.8657
   vertex -14.0535 -5.09211  11.8657
  endloop
 endfacet
 facet normal        0        0       -1
  outer loop
   vertex -2.15384 -6.27353   41.677
   vertex -1.30677 -5.33904   41.677
   vertex -1.50811 -6.45924   41.677
  endloop
 endfacet
 facet normal -0.605439 -0.359237 0.710206
  outer loop
   vertex -5.99783 -3.16574  19.9483
   vertex -12.9614 -7.40899  11.8657
   vertex -5.65282  -3.7472  19.9483
  endloop
 endfacet
 facet normal -0.701445 -0.0964082 0.706173
  outer loop
   vertex -6.75654 -0.587385  19.9483
   vertex -14.9817 0.0528874  11.8657
   vertex -14.9741 -0.00208113  11.8657
  endloop
 endfacet
 facet normal -0.47369 -0.522902 0.708655
  outer loop
   vertex -4.29718 -5.24692  19.9483
   vertex -9.69837 -11.3079  11.8657
   vertex -9.65725 -11.3452  11.8657
  endloop
 endfacet
 facet normal -0.0596974 0.698137 0.713471
  outer loop
   vertex -0.418757  6.76908  19.9483
   vertex -0.111583  15.0555  11.8657
   vertex  -2.5532  14.8468  11.8657
  endloop
 endfacet
 facet normal -0.360865 -0.606663 0.708334
  outer loop
   vertex -7.53266 -12.8379  11.8657
   vertex -3.17232 -5.99435  19.9483
   vertex  -3.7534 -5.64871  19.9483
  endloop
 endfacet
 facet normal -0.678477 0.183839 0.711247
  outer loop
   vertex -14.7467  2.74919  11.8657
   vertex -6.45415  2.08321  19.9483
   vertex -14.0676  5.25575  11.8657
  endloop
 endfacet
 facet normal -0.233672 -0.666621 0.707823
  outer loop
   vertex -2.55971 -6.28043  19.9483
   vertex -5.07787 -13.9799  11.8657
   vertex -1.92166 -6.50408  19.9483
  endloop
 endfacet
 facet normal        0        0        1
  outer loop
   vertex  4.29701 -0.740237  47.8253
   vertex    5.301 -1.45339  47.8253
   vertex  5.42871 -0.861417  47.8253
  endloop
 endfacet
 facet normal -0.523217 -0.472969 0.708903
  outer loop
   vertex -5.25163 -4.29142  19.9483
   vertex -11.5264  -9.4646  11.8657
   vertex -11.4892 -9.50576  11.8657
  endloop
 endfacet
 facet normal -0.0268434 -0.706813 0.706891
  outer loop
   vertex 0.0808266 -6.78154  19.9483
   vertex -0.0708902 -14.8593  11.8657
   vertex -0.0154448 -14.8614  11.8657
  endloop
 endfacet
 facet normal 0.113712 -0.697842 0.707167
  outer loop
   vertex  1.42296 -6.63107  19.9483
   vertex  2.48156 -14.6492  11.8657
   vertex  2.53632 -14.6403  11.8657
  endloop
 endfacet
 facet normal -0.575816  0.40147  0.71222
  outer loop
   vertex -5.55337  3.89306  19.9483
   vertex -11.5807  9.58712  11.8657
   vertex -12.9828  7.57617  11.8657
  endloop
 endfacet
 facet normal 0.625093 0.329922 0.707397
  outer loop
   vertex  6.14817  2.86283  19.9483
   vertex  13.9983  5.31973  11.8657
   vertex  13.9724   5.3688  11.8657
  endloop
 endfacet
 facet normal -0.627486  0.31231 0.713248
  outer loop
   vertex  -5.9134  3.32077  19.9483
   vertex -12.9828  7.57617  11.8657
   vertex -13.0075   7.5265  11.8657
  endloop
 endfacet
 facet normal        0        0       -1
  outer loop
   vertex -0.494712  6.61448  35.5286
   vertex -0.798411  5.43834  35.5286
   vertex -1.16135   6.5305  35.5286
  endloop
 endfacet
 facet normal       -0        0        1
  outer loop
   vertex  3.04125 -3.12458  47.8253
   vertex  4.17372 -3.57673  47.8253
   vertex  3.40889 -2.71878  47.8253
  endloop
 endfacet
 facet normal       -0        0       -1
  outer loop
   vertex  6.52733 -1.17902  29.3802
   vertex    5.301 -1.45339  29.3802
   vertex  5.42871 -0.861417  29.3802
  endloop
 endfacet
 facet normal        0        0       -1
  outer loop
   vertex  1.16135  -6.5305  29.3802
   vertex 0.497613 -5.47406  29.3802
   vertex  1.09678 -5.38609  29.3802
  endloop
 endfacet
 facet normal       -0        0       -1
  outer loop
   vertex  6.61312 -0.512609  29.3802
   vertex  5.42871 -0.861417  29.3802
   vertex  5.49053 -0.258985  29.3802
  endloop
 endfacet
 facet normal        0        0       -1
  outer loop
   vertex  4.18469 -5.14631  35.5286
   vertex  3.75492 -4.01416  35.5286
   vertex  4.68386 -4.69655  35.5286
  endloop
 endfacet
 facet normal 0.375929 -0.599011  0.70701
  outer loop
   vertex  3.31428 -5.91704  19.9483
   vertex  7.45247 -12.8599  11.8657
   vertex  7.49947 -12.8304  11.8657
  endloop
 endfacet
 facet normal -0.716598 -0.697486 -2.45149e-08
  outer loop
   vertex  3.30938  2.83906  19.9483
   vertex  2.92746  3.23145  47.8253
   vertex  2.92746  3.23145  19.9483
  endloop
 endfacet
 facet normal -0.941844 0.336049 1.06827e-07
  outer loop
   vertex  12.8869 -5.40325  6.88354
   vertex  13.4241 -3.89772  5.38354
   vertex  12.8869 -5.40325  5.38354
  endloop
 endfacet
 facet normal 0.403356 0.206792 -0.89137
  outer loop
   vertex -12.1915 -6.62258  2.25854
   vertex -11.0576 -5.87089  2.94604
   vertex -10.5176 -6.78939  2.97729
  endloop
 endfacet
 facet normal 0.446957 0.0970342 0.889277
  outer loop
   vertex -12.4372 -1.59675  3.10229
   vertex  -13.794  -1.6477  3.78979
   vertex -13.6033 -2.81263  3.82104
  endloop
 endfacet
 facet normal 0.284507 0.358835 -0.888984
  outer loop
   vertex -7.59935 -11.5807 -2.17897
   vertex -8.56103 -10.8956 -2.21022
   vertex -6.95636 -10.3872 -1.49147
  endloop
 endfacet
 facet normal 0.449153 0.0522711 -0.891925
  outer loop
   vertex -12.4295 -1.61506 -1.80396
   vertex -12.2453 -2.66471 -1.77271
   vertex -13.7592 -1.92061 -2.49146
  endloop
 endfacet
 facet normal 0.403931 0.203714 0.891819
  outer loop
   vertex  -11.277 -5.43896 -1.39771
   vertex -11.7011 -4.46122 -1.42896
   vertex -12.5536 -5.91739 -0.710213
  endloop
 endfacet
 facet normal -0.453976 0.0228221 -0.890721
  outer loop
   vertex  12.5193 -0.359683 -0.710213
   vertex  12.5116 0.705664 -0.678963
   vertex  13.8724 -0.277009 -1.39771
  endloop
 endfacet
 facet normal 0.316013 -0.325302 -0.891243
  outer loop
   vertex   -9.937  9.76388  1.78979
   vertex -8.88871  8.89868  2.47729
   vertex -9.60901  8.11333  2.50854
  endloop
 endfacet
 facet normal -0.435055 -0.136598 0.889982
  outer loop
   vertex  12.0482  3.49128 -2.61646
   vertex  12.2814  2.74853 -2.61646
   vertex  13.3772  3.73803 -1.92896
  endloop
 endfacet
 facet normal  0.45362 -0.0521841 -0.889666
  outer loop
   vertex -13.8994 0.305695 -0.241463
   vertex -13.8252  1.48389 -0.272713
   vertex -12.5407 0.395885 0.446037
  endloop
 endfacet
 facet normal    0.247 0.384851 -0.889315
  outer loop
   vertex -6.57686 -10.7892  5.38353
   vertex -5.92324 -11.2087  5.38353
   vertex -7.27203 -11.7872  4.75853
  endloop
 endfacet
 facet normal -0.282904 -0.354003  0.89143
  outer loop
   vertex  8.90834  10.6934 0.602291
   vertex  7.94898  9.72882 -0.0852089
   vertex  8.74176  9.01658 -0.116459
  endloop
 endfacet
 facet normal 0.0320476 -0.456308 0.889244
  outer loop
   vertex 0.203743  12.5804 -2.14771
   vertex 0.355355  13.9308 -1.46021
   vertex -0.825061  13.9088 -1.42896
  endloop
 endfacet
 facet normal  0.33944 0.303734 -0.89024
  outer loop
   vertex -9.46137 -10.1321 -2.24147
   vertex  -10.293 -9.29426 -2.27272
   vertex -8.61971 -9.05764 -1.55397
  endloop
 endfacet
 facet normal 0.317501 -0.322174 -0.891851
  outer loop
   vertex -10.0272   9.6721  4.10229
   vertex -8.96793  8.81285  4.78979
   vertex -9.68224   8.0224  4.82104
  endloop
 endfacet
 facet normal -0.0472795 0.450977 0.891282
  outer loop
   vertex  1.13345 -12.4407  3.66478
   vertex 0.0691686 -12.4905  3.63353
   vertex  1.12981 -13.7998  4.35228
  endloop
 endfacet
 facet normal -0.422139 -0.17118 0.890222
  outer loop
   vertex  11.6699  4.61134 -0.272713
   vertex   12.013   3.6027 -0.303963
   vertex  12.9692  4.98257 0.414787
  endloop
 endfacet
 facet normal -0.456079 0.0250398 0.889587
  outer loop
   vertex  12.4081 -1.67352 -0.460213
   vertex   13.732 -1.98427 0.227287
   vertex  13.8574 -0.810491 0.258537
  endloop
 endfacet
 facet normal 0.443862 -0.101574  0.89032
  outer loop
   vertex -13.5122  3.30073 -0.960213
   vertex -11.9342  3.89653 -1.67896
   vertex -13.1897  4.43627 -0.991463
  endloop
 endfacet
 facet normal 0.261152 -0.377245 -0.88853
  outer loop
   vertex -8.97527  10.6517 -0.553959
   vertex -8.04031  11.3726 -0.585209
   vertex -8.01608  9.69644 0.133541
  endloop
 endfacet
 facet normal 0.341204 -0.301946 0.890173
  outer loop
   vertex -9.29013  8.47823 -1.83521
   vertex -8.53947  9.23437 -1.86646
   vertex -10.1999  9.47704 -1.14771
  endloop
 endfacet
 facet normal -0.0126432 0.457201 -0.889273
  outer loop
   vertex 0.482853 -13.8311  2.66478
   vertex  1.38282 -12.4082  3.38353
   vertex  1.65999 -13.7378  2.69603
  endloop
 endfacet
 facet normal -0.184149  0.41785 0.889658
  outer loop
   vertex  4.02653 -11.8191 -0.866467
   vertex  4.34126 -13.1442 -0.178967
   vertex   5.4447 -12.7244 -0.147717
  endloop
 endfacet
 facet normal 0.367806 -0.268493 0.890298
  outer loop
   vertex -10.0427  7.56644 0.508541
   vertex -9.36618  8.38952 0.477291
   vertex -11.0434  8.47521  1.19604
  endloop
 endfacet
 facet normal -0.281458 0.354459 -0.891706
  outer loop
   vertex  7.94867   -9.634 -1.02272
   vertex  8.74359 -8.92418 -0.991467
   vertex  8.90793 -10.6018 -1.71022
  endloop
 endfacet
 facet normal 0.419425 0.172217 -0.891305
  outer loop
   vertex -11.5185 -4.91005  2.91479
   vertex -11.0576 -5.87089  2.94604
   vertex -12.7115 -5.56262  2.22729
  endloop
 endfacet
 facet normal 0.959493 -0.281732 -8.95601e-08
  outer loop
   vertex  -13.645  3.21749  6.88354
   vertex -13.1946  4.75122  5.38354
   vertex -13.1946  4.75122  6.88354
  endloop
 endfacet
 facet normal -0.841254 -0.540641 -1.71865e-07
  outer loop
   vertex  11.3174  8.27553  6.88354
   vertex  12.1816  6.93079  5.38354
   vertex  12.1816  6.93079  6.88354
  endloop
 endfacet
 facet normal -0.309017 0.951057 6.04666e-07
  outer loop
   vertex   5.0705 -12.9996  6.88353
   vertex  3.55024 -13.4935  5.38353
   vertex  3.55024 -13.4935  6.88353
  endloop
 endfacet
 facet normal -0.696937 -0.717132 -4.5594e-07
  outer loop
   vertex  10.3056  9.51298  6.88354
   vertex  9.15924   10.627  5.38354
   vertex  10.3056  9.51298  5.38354
  endloop
 endfacet
 facet normal -0.993482 -0.113991 -2.71775e-08
  outer loop
   vertex  13.7861  2.43384  6.88354
   vertex  13.9684 0.845776  5.38354
   vertex  13.9684 0.845775  6.88354
  endloop
 endfacet
 facet normal -0.198591 -0.980082 -6.2312e-07
  outer loop
   vertex   1.9836   13.904  6.88354
   vertex  3.55024  13.5866  5.38354
   vertex  3.55024  13.5866  6.88354
  endloop
 endfacet
 facet normal 0.362807 0.931864 5.92463e-07
  outer loop
   vertex -5.82462 -12.6883  6.88353
   vertex -4.33505 -13.2683  5.38353
   vertex -5.82462 -12.6883  5.38353
  endloop
 endfacet
 facet normal 0.736741 -0.676175 -4.299e-07
  outer loop
   vertex -10.8468  8.90871  6.88354
   vertex -9.76594  10.0864  5.38354
   vertex -9.76594  10.0864  6.88354
  endloop
 endfacet
 facet normal -0.0855748 -0.996332 -6.33451e-07
  outer loop
   vertex 0.390973  14.0408  6.88354
   vertex   1.9836   13.904  5.38354
   vertex   1.9836   13.904  6.88354
  endloop
 endfacet
 facet normal  0.65486  0.75575 4.80493e-07
  outer loop
   vertex -9.76594 -9.99331  6.88353
   vertex -8.55788 -11.0401  5.38353
   vertex -9.76594 -9.99331  5.38353
  endloop
 endfacet
 facet normal -0.415415 0.909632 5.78329e-07
  outer loop
   vertex  6.52453 -12.3355  6.88353
   vertex   5.0705 -12.9996  5.38353
   vertex   5.0705 -12.9996  6.88353
  endloop
 endfacet
 facet normal 0.809017 -0.587786 -3.73704e-07
  outer loop
   vertex -10.8468  8.90871  6.88354
   vertex -11.7864   7.6155  5.38354
   vertex -10.8468  8.90871  5.38354
  endloop
 endfacet
 facet normal 0.921124 -0.389269 -1.23745e-07
  outer loop
   vertex -12.5724  6.22363  6.88354
   vertex -13.1946  4.75122  5.38354
   vertex -12.5724  6.22363  5.38354
  endloop
 endfacet
 facet normal -0.974012 -0.226497 -7.20015e-08
  outer loop
   vertex  13.7861  2.43384  6.88354
   vertex  13.4241  3.99079  5.38354
   vertex  13.7861  2.43384  5.38354
  endloop
 endfacet
 facet normal -0.974012 0.226497 7.20016e-08
  outer loop
   vertex  13.4241 -3.89772  6.88354
   vertex  13.7861 -2.34078  5.38354
   vertex  13.4241 -3.89772  5.38354
  endloop
 endfacet
 facet normal 0.142315 0.989821 6.29312e-07
  outer loop
   vertex -1.20686 -13.9021  6.88353
   vertex -2.78908 -13.6746  5.38353
   vertex -2.78908 -13.6746  6.88353
  endloop
 endfacet
 facet normal -0.415414 -0.909632 -5.78329e-07
  outer loop
   vertex   5.0705  13.0926  6.88354
   vertex  6.52453  12.4286  5.38354
   vertex  6.52453  12.4286  6.88354
  endloop
 endfacet
 facet normal -0.610648 0.791902 5.03478e-07
  outer loop
   vertex  9.15924  -10.534  6.88353
   vertex  7.89339 -11.5101  5.38353
   vertex  7.89339 -11.5101  6.88353
  endloop
 endfacet
 facet normal -0.774142 0.633012 4.02458e-07
  outer loop
   vertex  11.3174 -8.18246  6.88354
   vertex  10.3056 -9.41992  5.38354
   vertex  10.3056 -9.41992  6.88354
  endloop
 endfacet
 facet normal 0.921124  0.38927 1.23746e-07
  outer loop
   vertex -13.1946 -4.65816  6.88354
   vertex -12.5724 -6.13056  5.38354
   vertex -13.1946 -4.65816  5.38354
  endloop
 endfacet
 facet normal -0.516398 -0.856349 -5.44452e-07
  outer loop
   vertex  6.52453  12.4286  6.88354
   vertex  7.89339  11.6031  5.38354
   vertex  7.89339  11.6031  6.88354
  endloop
 endfacet
 facet normal 0.736741 0.676175 4.299e-07
  outer loop
   vertex -9.76594 -9.99331  6.88353
   vertex -10.8468 -8.81564  5.38354
   vertex -10.8468 -8.81564  6.88354
  endloop
 endfacet
 facet normal -0.0855754 0.996332 6.33451e-07
  outer loop
   vertex   1.9836  -13.811  6.88353
   vertex 0.390973 -13.9478  5.38353
   vertex 0.390973 -13.9478  6.88353
  endloop
 endfacet
 facet normal 0.564443 0.825472 5.24821e-07
  outer loop
   vertex -7.23838 -11.9424  6.88353
   vertex -8.55788 -11.0401  5.38353
   vertex -8.55788 -11.0401  6.88353
  endloop
 endfacet
 facet normal 0.254219 0.967147 6.14895e-07
  outer loop
   vertex -2.78908 -13.6746  6.88353
   vertex -4.33505 -13.2683  5.38353
   vertex -4.33505 -13.2683  6.88353
  endloop
 endfacet
 facet normal 0.0285562 -0.999592 -6.35524e-07
  outer loop
   vertex 0.390973  14.0408  6.88354
   vertex -1.20686  13.9952  5.38354
   vertex 0.390973  14.0408  5.38354
  endloop
 endfacet
 facet normal 0.466667 -0.884433 -5.62307e-07
  outer loop
   vertex -5.82462  12.7814  6.88354
   vertex -7.23838  12.0354  5.38354
   vertex -5.82462  12.7814  5.38354
  endloop
 endfacet
 facet normal -0.841254  0.54064 3.4373e-07
  outer loop
   vertex  12.1816 -6.83773  6.88354
   vertex  11.3174 -8.18246  5.38354
   vertex  11.3174 -8.18246  6.88354
  endloop
 endfacet
 facet normal 0.0285562 0.999592 6.35524e-07
  outer loop
   vertex 0.390973 -13.9478  6.88353
   vertex -1.20686 -13.9021  5.38353
   vertex -1.20686 -13.9021  6.88353
  endloop
 endfacet
 facet normal 0.214564 0.397561 0.892136
  outer loop
   vertex -6.94169 -11.9931  1.82103
   vertex  -6.1634 -10.8703  1.13353
   vertex  -7.0701 -10.3109  1.10228
  endloop
 endfacet
 facet normal 0.0322532 0.452894 -0.890981
  outer loop
   vertex -0.745345 -12.4696  3.32103
   vertex 0.319943  -12.484  3.35228
   vertex -0.697746 -13.8255  2.63353
  endloop
 endfacet
 facet normal 0.314246 -0.327254 -0.891153
  outer loop
   vertex -9.84577  9.85455 -0.522709
   vertex -8.80585  8.98099 0.164791
   vertex -9.53051  8.20004 0.196041
  endloop
 endfacet
 facet normal -0.191683 0.415225 0.889295
  outer loop
   vertex  4.24477 -11.7427  3.75853
   vertex   4.5842 -13.0584  4.44603
   vertex  5.68034 -12.6193  4.47728
  endloop
 endfacet
 facet normal -0.285735 -0.355977 0.889739
  outer loop
   vertex  8.65966  9.09776  2.19604
   vertex  9.68975  9.98928  2.88354
   vertex  8.80844  10.7748  2.91479
  endloop
 endfacet
 facet normal 0.580405 0.814249 -0.0113667
  outer loop
   vertex -7.55198 -11.6205 -2.61647
   vertex -8.56103 -10.8956 -2.21022
   vertex -7.59935 -11.5807 -2.17897
  endloop
 endfacet
 facet normal 0.452138 -0.0636266 0.889676
  outer loop
   vertex   -12.22   2.8699 -1.64771
   vertex -13.5122  3.30073 -0.960213
   vertex -13.7368  2.14176 -0.928963
  endloop
 endfacet
 facet normal -0.450065 -0.0583679 -0.891086
  outer loop
   vertex  13.7108  2.20565 0.977287
   vertex  12.3916  1.88177  1.66479
   vertex  12.1939  2.92856  1.69604
  endloop
 endfacet
 facet normal 0.107894 -0.446477 0.888266
  outer loop
   vertex -1.92059  12.4394 -2.08521
   vertex  -1.9997   13.788 -1.39771
   vertex -3.16023  13.5697 -1.36646
  endloop
 endfacet
 facet normal  0.45723 -0.00770259 -0.889315
  outer loop
   vertex -13.8604   -1.003  2.10229
   vertex -13.9013 0.176874  2.07104
   vertex -12.5196 -0.786182  2.78979
  endloop
 endfacet
 facet normal 0.422241 0.168505 -0.890685
  outer loop
   vertex -12.7625 -5.44413 -0.0852127
   vertex -11.5674  -4.8048 0.602287
   vertex -11.1163 -5.76996 0.633537
  endloop
 endfacet
 facet normal 0.221374 0.402169  -0.8884
  outer loop
   vertex -5.52144 -12.6988 -2.11647
   vertex -6.58371 -12.1831 -2.14772
   vertex -5.09254 -11.4162 -1.42897
  endloop
 endfacet
 facet normal  0.18029 -0.420015 0.889428
  outer loop
   vertex -3.98828  11.9326 -2.02271
   vertex -4.29832  13.2554 -1.33521
   vertex -5.40564  12.8462 -1.30396
  endloop
 endfacet
 facet normal 0.815311 0.577981 0.0347346
  outer loop
   vertex -11.7624 -7.36115 -2.61646
   vertex -11.0486 -8.38686 -2.30397
   vertex   -10.89  -8.5917 -2.61647
  endloop
 endfacet
 facet normal        0        0        1
  outer loop
   vertex -11.7864   7.6155  5.38354
   vertex -11.7095   5.4476  5.38354
   vertex -10.6643  7.52916  5.38354
  endloop
 endfacet
 facet normal 0.261304 -0.370117 0.891479
  outer loop
   vertex -6.14814  10.9781  2.66479
   vertex  -7.7089  11.6074  3.38354
   vertex -7.05249  10.4149  2.69604
  endloop
 endfacet
 facet normal -0.372463 -0.263588 0.889828
  outer loop
   vertex   10.783  6.41819 -2.52271
   vertex  12.0145  6.99887 -1.83521
   vertex  11.3832  7.99636 -1.80396
  endloop
 endfacet
 facet normal -0.391013 0.237057 -0.889333
  outer loop
   vertex  11.2382 -5.49316 -0.866463
   vertex   12.509 -5.97614 -1.55396
   vertex  11.9498 -7.01576 -1.58522
  endloop
 endfacet
 facet normal        0       -0       -1
  outer loop
   vertex -7.13205 -10.2733  6.88353
   vertex  -5.8362 -11.0566  6.88353
   vertex -7.23838 -11.9424  6.88353
  endloop
 endfacet
 facet normal -0.407476 0.198481 0.891385
  outer loop
   vertex  11.1726 -5.61121  1.72729
   vertex  10.6514 -6.54089  1.69604
   vertex   12.323 -6.33698  2.41479
  endloop
 endfacet
 facet normal 0.112507 0.439189 -0.891322
  outer loop
   vertex -2.96625 -12.1384 0.946033
   vertex -1.92068 -12.3428 0.977283
   vertex -3.16131 -13.4837 0.258533
  endloop
 endfacet
 facet normal -0.447219 -0.894235 0.0184208
  outer loop
   vertex  6.08099   11.008 -2.61646
   vertex  5.35605  11.3769 -2.30396
   vertex  5.12791  11.4852 -2.58521
  endloop
 endfacet
 facet normal -0.369935 -0.929011 0.00933616
  outer loop
   vertex  5.12791  11.4852 -2.58521
   vertex  4.37343  11.7888 -2.27271
   vertex  4.13773  11.8799 -2.55396
  endloop
 endfacet
 facet normal -0.29033 -0.956924 0.00242883
  outer loop
   vertex  4.13773  11.8799 -2.55396
   vertex  3.35946  12.1168 -2.24146
   vertex  3.11772  12.1894 -2.52271
  endloop
 endfacet
 facet normal 0.974348 -0.218342 0.0545172
  outer loop
   vertex -12.2992   2.5308  5.28979
   vertex -12.3393  2.28159  5.00854
   vertex -12.1046  3.32123  4.97729
  endloop
 endfacet
 facet normal 0.970967 -0.239212 -0.000377234
  outer loop
   vertex -12.2992   2.5308  5.28979
   vertex -12.1046  3.32123  4.97729
   vertex -12.0442  3.56576  5.25854
  endloop
 endfacet
 facet normal 0.952757 -0.298672 0.0552266
  outer loop
   vertex -12.0442  3.56576  5.25854
   vertex -12.1046  3.32123  4.97729
   vertex -11.7841  4.33765  4.94604
  endloop
 endfacet
 facet normal  0.94685 -0.321612 -0.00635278
  outer loop
   vertex -12.0442  3.56576  5.25854
   vertex -11.7841  4.33765  4.94604
   vertex -11.7016  4.57501  5.22729
  endloop
 endfacet
 facet normal 0.924656 -0.377817 0.0475938
  outer loop
   vertex -11.7016  4.57501  5.22729
   vertex -11.7841  4.33765  4.94604
   vertex -11.3797  5.32342  4.91479
  endloop
 endfacet
 facet normal 0.914905 -0.403024 -0.0228177
  outer loop
   vertex -11.7016  4.57501  5.22729
   vertex -11.3797  5.32342  4.91479
   vertex -11.2728  5.55029  5.19604
  endloop
 endfacet
 facet normal 0.889594 -0.455806 0.0293846
  outer loop
   vertex -11.2728  5.55029  5.19604
   vertex -11.3797  5.32342  4.91479
   vertex -10.8931  6.27115  4.88354
  endloop
 endfacet
 facet normal 0.876296 -0.479907 -0.0423649
  outer loop
   vertex -11.2728  5.55029  5.19604
   vertex -10.8931  6.27115  4.88354
   vertex -10.7622  6.48541  5.16479
  endloop
 endfacet
 facet normal 0.846776 -0.531837 0.0109381
  outer loop
   vertex -10.7622  6.48541  5.16479
   vertex -10.8931  6.27115  4.88354
   vertex  -10.326   7.1734  4.85229
  endloop
 endfacet
 facet normal 0.832198 -0.551887 -0.053551
  outer loop
   vertex -10.7622  6.48541  5.16479
   vertex  -10.326   7.1734  4.85229
   vertex -10.1746  7.37446  5.13354
  endloop
 endfacet
 facet normal 0.796871 -0.604143 0.0028274
  outer loop
   vertex -10.1746  7.37446  5.13354
   vertex  -10.326   7.1734  4.85229
   vertex -9.68224   8.0224  4.82104
  endloop
 endfacet
 facet normal 0.783514 -0.619375 -0.0497983
  outer loop
   vertex -10.1746  7.37446  5.13354
   vertex -9.68224   8.0224  4.82104
   vertex -9.51484  8.21154  5.10229
  endloop
 endfacet
 facet normal 0.295718 -0.954602 0.0358657
  outer loop
   vertex -3.20861  12.1624 -2.33521
   vertex -3.98828  11.9326 -2.02271
   vertex -4.22696  11.8481 -2.30396
  endloop
 endfacet
 facet normal 0.610939 -0.791462 0.0185059
  outer loop
   vertex -7.25948  10.2691  2.41479
   vertex -7.90621  9.77723  2.72729
   vertex  -8.1033  9.61851  2.44604
  endloop
 endfacet
 facet normal 0.451372 -0.892319 0.00552561
  outer loop
   vertex -5.21521  11.4497 -2.27271
   vertex -5.94152  11.0842 -1.96021
   vertex -6.16595  10.9689 -2.24146
  endloop
 endfacet
 facet normal 0.552295 -0.831983 0.0526724
  outer loop
   vertex -7.15079  10.3519  5.00854
   vertex -7.35243  10.2003  4.72729
   vertex -6.46357  10.7884  4.69604
  endloop
 endfacet
 facet normal 0.534978 -0.844859 -0.00339141
  outer loop
   vertex -7.15079  10.3519  5.00854
   vertex -6.46357  10.7884  4.69604
   vertex -6.25054  10.9221  4.97729
  endloop
 endfacet
 facet normal 0.480886 -0.875238 0.0520294
  outer loop
   vertex -6.25054  10.9221  4.97729
   vertex -6.46357  10.7884  4.69604
   vertex -5.52887  11.3001  4.66479
  endloop
 endfacet
 facet normal 0.458583 -0.888516 -0.0155339
  outer loop
   vertex -6.25054  10.9221  4.97729
   vertex -5.52887  11.3001  4.66479
   vertex -5.30392  11.4112  4.94604
  endloop
 endfacet
 facet normal 0.405141 -0.913502 0.037088
  outer loop
   vertex -5.30392  11.4112  4.94604
   vertex -5.52887  11.3001  4.66479
   vertex  -4.5545  11.7309  4.63354
  endloop
 endfacet
 facet normal 0.379696 -0.924444 -0.0351271
  outer loop
   vertex -5.30392  11.4112  4.94604
   vertex  -4.5545  11.7309  4.63354
   vertex -4.31883   11.817  4.91479
  endloop
 endfacet
 facet normal 0.324778 -0.945631 0.0173763
  outer loop
   vertex -4.31883   11.817  4.91479
   vertex  -4.5545  11.7309  4.63354
   vertex -3.54662  12.0765  4.60229
  endloop
 endfacet
 facet normal  0.29955 -0.952724 -0.0508539
  outer loop
   vertex -4.31883   11.817  4.91479
   vertex -3.54662  12.0765  4.60229
   vertex -3.30278  12.1382  4.88354
  endloop
 endfacet
 facet normal 0.240429 -0.970657 0.00433392
  outer loop
   vertex -3.30278  12.1382  4.88354
   vertex -3.54662  12.0765  4.60229
   vertex -2.51219  12.3326  4.57104
  endloop
 endfacet
 facet normal  0.21881 -0.974346 -0.0526557
  outer loop
   vertex -3.30278  12.1382  4.88354
   vertex -2.51219  12.3326  4.57104
   vertex -2.26326  12.3733  4.85229
  endloop
 endfacet
 facet normal 0.830572 -0.555341 0.0417845
  outer loop
   vertex -10.1171  7.45293 -2.08521
   vertex -10.5799  6.78431 -1.77271
   vertex -10.7106  6.56766 -2.05396
  endloop
 endfacet
 facet normal 0.874295 -0.484752 0.0249597
  outer loop
   vertex -10.7106  6.56766 -2.05396
   vertex -11.1114  5.86085 -1.74146
   vertex  -11.228  5.63609 -2.02271
  endloop
 endfacet
 facet normal -0.28159 -0.958877 0.0355355
  outer loop
   vertex  4.02519  11.9109 -0.241459
   vertex  3.24851  12.1505 0.0710411
   vertex  3.00295  12.2122 -0.210209
  endloop
 endfacet
 facet normal -0.881189 0.472762 0.00144036
  outer loop
   vertex  10.7875 -6.32803  1.41479
   vertex  11.1726 -5.61121  1.72729
   vertex  11.2912 -5.38913  1.44604
  endloop
 endfacet
 facet normal -0.177077 -0.982705 0.0541705
  outer loop
   vertex  1.97961  12.4272  4.72729
   vertex  1.72958  12.4568  4.44604
   vertex  2.77808  12.2661  4.41479
  endloop
 endfacet
 facet normal -0.201391 -0.979464 -0.00962439
  outer loop
   vertex  1.97961  12.4272  4.72729
   vertex  2.77808  12.2661  4.41479
   vertex   3.0235  12.2129  4.69604
  endloop
 endfacet
 facet normal -0.259425 -0.96477 0.0437989
  outer loop
   vertex   3.0235  12.2129  4.69604
   vertex  2.77808  12.2661  4.41479
   vertex  3.80663  11.9881  4.38354
  endloop
 endfacet
 facet normal -0.285999 -0.957827 -0.0277887
  outer loop
   vertex   3.0235  12.2129  4.69604
   vertex  3.80663  11.9881  4.38354
   vertex  4.04458  11.9089  4.66479
  endloop
 endfacet
 facet normal -0.341515 -0.939562 0.0243241
  outer loop
   vertex  4.04458  11.9089  4.66479
   vertex  3.80663  11.9881  4.38354
   vertex  4.80766  11.6235  4.35229
  endloop
 endfacet
 facet normal -0.366655 -0.929192 -0.046536
  outer loop
   vertex  4.04458  11.9089  4.66479
   vertex  4.80766  11.6235  4.35229
   vertex  5.03624  11.5192  4.63354
  endloop
 endfacet
 facet normal -0.422554 -0.906308 0.00738018
  outer loop
   vertex  5.03624  11.5192  4.63354
   vertex  4.80766  11.6235  4.35229
   vertex  5.77344  11.1729  4.32104
  endloop
 endfacet
 facet normal -0.443302 -0.89472 -0.0544059
  outer loop
   vertex  5.03624  11.5192  4.63354
   vertex  5.77344  11.1729  4.32104
   vertex  5.99192  11.0476  4.60229
  endloop
 endfacet
 facet normal -0.269555 0.357168 0.894299
  outer loop
   vertex  8.12457 -10.6045 -2.61647
   vertex  6.88531 -11.5398 -2.61647
   vertex   7.4188 -11.6849 -2.39772
  endloop
 endfacet
 facet normal 0.984274 0.173696 0.032174
  outer loop
   vertex -12.4295 -1.61506 -1.80396
   vertex -12.2982 -2.41705 -1.49146
   vertex -12.2453 -2.66471 -1.77271
  endloop
 endfacet
 facet normal  0.96673 0.255351 0.015133
  outer loop
   vertex -12.2453 -2.66471 -1.77271
   vertex -12.0424 -3.45153 -1.46021
   vertex -11.9737 -3.69496 -1.74146
  endloop
 endfacet
 facet normal -0.985036 0.171731 0.0145698
  outer loop
   vertex   13.598 -2.75969  5.38354
   vertex  13.7697 -1.72971  4.85229
   vertex  13.5665 -2.89254  4.82104
  endloop
 endfacet
 facet normal -0.75618 -0.652145 0.053836
  outer loop
   vertex  9.32416   8.4202  4.47729
   vertex  9.14834  8.60085  4.19604
   vertex   9.8431  7.79268  4.16479
  endloop
 endfacet
 facet normal -0.771879 -0.635748 -0.00516027
  outer loop
   vertex  9.32416   8.4202  4.47729
   vertex   9.8431  7.79268  4.16479
   vertex  10.0018   7.5977  4.44604
  endloop
 endfacet
 facet normal -0.80835 -0.58662 0.0494779
  outer loop
   vertex  10.0018   7.5977  4.44604
   vertex   9.8431  7.79268  4.16479
   vertex  10.4677  6.92938  4.13354
  endloop
 endfacet
 facet normal -0.824545 -0.565445 -0.019952
  outer loop
   vertex  10.0018   7.5977  4.44604
   vertex  10.4677  6.92938  4.13354
   vertex  10.6049  6.71938  4.41479
  endloop
 endfacet
 facet normal -0.856001 -0.515961 0.0323402
  outer loop
   vertex  10.6049  6.71938  4.41479
   vertex  10.4677  6.92938  4.13354
   vertex  11.0168  6.01642  4.10229
  endloop
 endfacet
 facet normal -0.869703 -0.491978 -0.0396689
  outer loop
   vertex  10.6049  6.71938  4.41479
   vertex  11.0168  6.01642  4.10229
   vertex  11.1305  5.79266  4.38354
  endloop
 endfacet
 facet normal -0.897985 -0.439825 0.0132622
  outer loop
   vertex  11.1305  5.79266  4.38354
   vertex  11.0168  6.01642  4.10229
   vertex  11.4851  5.05928  4.07104
  endloop
 endfacet
 facet normal -0.907662 -0.416372 -0.0527598
  outer loop
   vertex  11.1305  5.79266  4.38354
   vertex  11.4851  5.05928  4.07104
   vertex  11.5764  4.82475  4.35229
  endloop
 endfacet
 facet normal -0.933243 -0.359231 0.0031867
  outer loop
   vertex  11.5764  4.82475  4.35229
   vertex  11.4851  5.05928  4.07104
   vertex  11.8678   4.0648  4.03979
  endloop
 endfacet
 facet normal -0.939304 -0.339276 -0.0509932
  outer loop
   vertex  11.5764  4.82475  4.35229
   vertex  11.8678   4.0648  4.03979
   vertex  11.9399  3.82287  4.32104
  endloop
 endfacet
 facet normal 0.655229 0.754474 0.0380097
  outer loop
   vertex -8.61971 -9.05764 -1.55397
   vertex -8.01379  -9.5996 -1.24147
   vertex -7.81581 -9.75736 -1.52272
  endloop
 endfacet
 facet normal  0.59051 0.806763 0.0207844
  outer loop
   vertex -7.81581 -9.75736 -1.52272
   vertex -7.16402 -10.2425 -1.21022
   vertex -6.95636 -10.3872 -1.49147
  endloop
 endfacet
 facet normal 0.520499 0.853837 0.00663021
  outer loop
   vertex -6.95636 -10.3872 -1.49147
   vertex -6.26328 -10.8122 -1.17897
   vertex -6.04679  -10.942 -1.46022
  endloop
 endfacet
 facet normal -0.998183 -0.0306531 0.0518731
  outer loop
   vertex   12.513 0.685648  4.22729
   vertex  12.4907 0.937077  3.94604
   vertex  12.5218 -0.128271  3.91479
  endloop
 endfacet
 facet normal -0.999949 -0.00968596 -0.00278623
  outer loop
   vertex   12.513 0.685648  4.22729
   vertex  12.5218 -0.128271  3.91479
   vertex  12.5234 -0.379894  4.19604
  endloop
 endfacet
 facet normal -0.997203 0.0526921 0.0530048
  outer loop
   vertex  12.5234 -0.379894  4.19604
   vertex  12.5218 -0.128271  3.91479
   vertex  12.4639 -1.19234  3.88354
  endloop
 endfacet
 facet normal -0.996845 0.0782276 -0.0134513
  outer loop
   vertex  12.5234 -0.379894  4.19604
   vertex  12.4639 -1.19234  3.88354
   vertex  12.4405 -1.44222  4.16479
  endloop
 endfacet
 facet normal -0.989789 0.137001 0.039355
  outer loop
   vertex  12.4405 -1.44222  4.16479
   vertex  12.4639 -1.19234  3.88354
   vertex  12.3166 -2.24752  3.85229
  endloop
 endfacet
 facet normal -0.985853 0.164381 -0.0327627
  outer loop
   vertex  12.4405 -1.44222  4.16479
   vertex  12.3166 -2.24752  3.85229
   vertex  12.2663 -2.49326  4.13354
  endloop
 endfacet
 facet normal -0.974857 0.221975 0.0195275
  outer loop
   vertex  12.2663 -2.49326  4.13354
   vertex  12.3166 -2.24752  3.85229
   vertex  12.0794 -3.28622  3.82104
  endloop
 endfacet
 facet normal -0.967598 0.247554 -0.0497168
  outer loop
   vertex  12.2663 -2.49326  4.13354
   vertex  12.0794 -3.28622  3.82104
   vertex  12.0036 -3.52596  4.10229
  endloop
 endfacet
 facet normal -0.951776 0.306753 0.00500842
  outer loop
   vertex  12.0036 -3.52596  4.10229
   vertex  12.0794 -3.28622  3.82104
   vertex  11.7524 -4.30049  3.78979
  endloop
 endfacet
 facet normal -0.943276 0.327651 -0.0536245
  outer loop
   vertex  12.0036 -3.52596  4.10229
   vertex  11.7524 -4.30049  3.78979
   vertex  11.6555 -4.53327  4.07104
  endloop
 endfacet
 facet normal 0.941663 0.336535 0.00382785
  outer loop
   vertex -11.9737 -3.69496 -1.74146
   vertex -11.7011 -4.46122 -1.42896
   vertex -11.6153 -4.69824 -1.71021
  endloop
 endfacet
 facet normal -0.638653 -0.768983 0.0280686
  outer loop
   vertex  8.38869  9.34843  4.22729
   vertex  7.76924  9.87431  4.53979
   vertex  7.56947    10.03  4.25854
  endloop
 endfacet
 facet normal -0.132455 0.991127 0.0111024
  outer loop
   vertex   1.1529 -12.4337 -1.24147
   vertex   1.9589 -12.3294 -0.928967
   vertex  2.20898 -12.2929 -1.21022
  endloop
 endfacet
 facet normal 0.998971 0.0317867 0.032363
  outer loop
   vertex -12.5446 0.162261  5.07104
   vertex -12.5289 -0.651031  5.38354
   vertex -12.5117 -0.902609  5.10229
  endloop
 endfacet
 facet normal -0.741722 0.668504 0.0543176
  outer loop
   vertex   9.4654 -8.16765  3.94604
   vertex  9.62235 -7.97066  3.66479
   vertex   8.9076 -8.76116  3.63354
  endloop
 endfacet
 facet normal -0.726535 0.687082 -0.00807664
  outer loop
   vertex   9.4654 -8.16765  3.94604
   vertex   8.9076 -8.76116  3.63354
   vertex  8.73334 -8.94211  3.91479
  endloop
 endfacet
 facet normal -0.683153 0.728846 0.0456713
  outer loop
   vertex  8.73334 -8.94211  3.91479
   vertex   8.9076 -8.76116  3.63354
   vertex  8.12923 -9.48877  3.60229
  endloop
 endfacet
 facet normal  -0.6635 0.747746 -0.0253842
  outer loop
   vertex  8.73334 -8.94211  3.91479
   vertex  8.12923 -9.48877  3.60229
   vertex  7.93698 -9.64981  3.88354
  endloop
 endfacet
 facet normal -0.618667 0.785199 0.0267056
  outer loop
   vertex  7.93698 -9.64981  3.88354
   vertex  8.12923 -9.48877  3.60229
   vertex  7.29189 -10.1475  3.57103
  endloop
 endfacet
 facet normal -0.596551 0.801333 -0.0446419
  outer loop
   vertex  7.93698 -9.64981  3.88354
   vertex  7.29189 -10.1475  3.57103
   vertex  7.08317 -10.2872  3.85228
  endloop
 endfacet
 facet normal -0.547926 0.836479 0.00890209
  outer loop
   vertex  7.08317 -10.2872  3.85228
   vertex  7.29189 -10.1475  3.57103
   vertex  6.40028 -10.7312  3.53978
  endloop
 endfacet
 facet normal -0.52669  0.84832 -0.0543264
  outer loop
   vertex  7.08317 -10.2872  3.85228
   vertex  6.40028 -10.7312  3.53978
   vertex  6.17867 -10.8507  3.82103
  endloop
 endfacet
 facet normal -0.602044 0.796956 0.0490373
  outer loop
   vertex  7.09732 -10.2752 -1.05397
   vertex  7.75567  -9.7971 -0.741467
   vertex  7.94867   -9.634 -1.02272
  endloop
 endfacet
 facet normal -0.666411 0.744801 0.0341758
  outer loop
   vertex  7.94867   -9.634 -1.02272
   vertex  8.56143 -9.10008 -0.710217
   vertex  8.74359 -8.92418 -0.991467
  endloop
 endfacet
 facet normal 0.682991 -0.730025 0.0242426
  outer loop
   vertex -8.18927   9.5403  4.75854
   vertex -8.78777  8.99075  5.07104
   vertex -8.96793  8.81285  4.78979
  endloop
 endfacet
 facet normal 0.0340543 0.998453 0.0439581
  outer loop
   vertex -0.976634 -12.4473 -1.30397
   vertex -0.164432 -12.4887 -0.991467
   vertex 0.0885015  -12.485 -1.27272
  endloop
 endfacet
 facet normal -0.15554 0.986387 0.0533635
  outer loop
   vertex  2.18953 -12.2979  3.69603
   vertex  2.43585 -12.2439  3.41478
   vertex  1.38282 -12.4082  3.38353
  endloop
 endfacet
 facet normal -0.133813 0.990997 -0.00435138
  outer loop
   vertex  2.18953 -12.2979  3.69603
   vertex  1.38282 -12.4082  3.38353
   vertex  1.13345 -12.4407  3.66478
  endloop
 endfacet
 facet normal -0.0724798 0.996085 0.0506182
  outer loop
   vertex  1.13345 -12.4407  3.66478
   vertex  1.38282 -12.4082  3.38353
   vertex 0.319943  -12.484  3.35228
  endloop
 endfacet
 facet normal -0.0462177 0.998767 -0.0181194
  outer loop
   vertex  1.13345 -12.4407  3.66478
   vertex 0.319943  -12.484  3.35228
   vertex 0.0691686 -12.4905  3.63353
  endloop
 endfacet
 facet normal 0.0124919 0.999336 0.0342417
  outer loop
   vertex 0.0691686 -12.4905  3.63353
   vertex 0.319943  -12.484  3.35228
   vertex -0.745345 -12.4696  3.32103
  endloop
 endfacet
 facet normal 0.0402041 0.998467 -0.0380467
  outer loop
   vertex 0.0691686 -12.4905  3.63353
   vertex -0.745345 -12.4696  3.32103
   vertex -0.995414 -12.4488  3.60228
  endloop
 endfacet
 facet normal 0.0991089  0.99497 0.014586
  outer loop
   vertex -0.995414 -12.4488  3.60228
   vertex -0.745345 -12.4696  3.32103
   vertex -1.80558 -12.3635  3.28978
  endloop
 endfacet
 facet normal 0.124619 0.990805 -0.0526845
  outer loop
   vertex -0.995414 -12.4488  3.60228
   vertex -1.80558 -12.3635  3.28978
   vertex  -2.0529 -12.3175  3.57103
  endloop
 endfacet
 facet normal  0.18621 0.982506 0.00283717
  outer loop
   vertex  -2.0529 -12.3175  3.57103
   vertex -1.80558 -12.3635  3.28978
   vertex -2.85255  -12.165  3.25853
  endloop
 endfacet
 facet normal  0.20688 0.976942 -0.052769
  outer loop
   vertex  -2.0529 -12.3175  3.57103
   vertex -2.85255  -12.165  3.25853
   vertex -3.09591 -12.0983  3.53978
  endloop
 endfacet
 facet normal -0.986434 0.159009 0.0407902
  outer loop
   vertex  12.2661 -2.47406 -0.772713
   vertex  12.4081 -1.67352 -0.460213
   vertex   12.437 -1.42207 -0.741463
  endloop
 endfacet
 facet normal -0.996785 0.0765682 0.0236102
  outer loop
   vertex   12.437 -1.42207 -0.741463
   vertex  12.5065 -0.612548 -0.428963
   vertex  12.5193 -0.359683 -0.710213
  endloop
 endfacet
 facet normal -0.646953 -0.762486 0.00822176
  outer loop
   vertex  8.47653  9.27257  1.91479
   vertex  7.85837  9.80044  2.22729
   vertex  7.66433  9.96205  1.94604
  endloop
 endfacet
 facet normal 0.500216  0.86444 0.0502726
  outer loop
   vertex -6.06417 -10.9319  3.44603
   vertex -5.83884  -11.046  3.16478
   vertex -6.76054 -10.5108  3.13353
  endloop
 endfacet
 facet normal 0.518412 0.855126 -0.00282729
  outer loop
   vertex -6.06417 -10.9319  3.44603
   vertex -6.76054 -10.5108  3.13353
   vertex -6.97536 -10.3796  3.41478
  endloop
 endfacet
 facet normal 0.570379 0.819643 0.053412
  outer loop
   vertex -6.97536 -10.3796  3.41478
   vertex -6.76054 -10.5108  3.13353
   vertex  -7.6343 -9.90071  3.10229
  endloop
 endfacet
 facet normal 0.591468 0.806245 -0.0115913
  outer loop
   vertex -6.97536 -10.3796  3.41478
   vertex  -7.6343 -9.90071  3.10229
   vertex  -7.8348 -9.74959  3.38354
  endloop
 endfacet
 facet normal 0.637944  0.76896 0.0415744
  outer loop
   vertex  -7.8348 -9.74959  3.38354
   vertex  -7.6343 -9.90071  3.10229
   vertex -8.45346 -9.21944  3.07104
  endloop
 endfacet
 facet normal 0.659145  0.75141 -0.030171
  outer loop
   vertex  -7.8348 -9.74959  3.38354
   vertex -8.45346 -9.21944  3.07104
   vertex -8.63632 -9.04774  3.35229
  endloop
 endfacet
 facet normal 0.702179 0.711658 0.022076
  outer loop
   vertex -8.63632 -9.04774  3.35229
   vertex -8.45346 -9.21944  3.07104
   vertex -9.21136 -8.47066  3.03979
  endloop
 endfacet
 facet normal 0.720384 0.691921 -0.0478707
  outer loop
   vertex -8.63632 -9.04774  3.35229
   vertex -9.21136 -8.47066  3.03979
   vertex -9.37551  -8.2803  3.32104
  endloop
 endfacet
 facet normal 0.762035 0.647503 0.00650087
  outer loop
   vertex -9.37551  -8.2803  3.32104
   vertex -9.21136 -8.47066  3.03979
   vertex -9.90128  -7.6584  3.00854
  endloop
 endfacet
 facet normal  0.77568 0.628847 -0.0535844
  outer loop
   vertex -9.37551  -8.2803  3.32104
   vertex -9.90128  -7.6584  3.00854
   vertex  -10.048 -7.45349  3.28979
  endloop
 endfacet
 facet normal 0.970712 -0.240217 0.00377483
  outer loop
   vertex -12.0471  3.54584 0.352287
   vertex -12.2436  2.75655 0.664787
   vertex -12.3031  2.51167 0.383537
  endloop
 endfacet
 facet normal -0.822583 -0.567887 0.0293471
  outer loop
   vertex  10.5901  6.73288 -0.491463
   vertex   10.136   7.4068 -0.178959
   vertex  9.98544  7.61038 -0.460209
  endloop
 endfacet
 facet normal -0.772465 -0.634926 0.0129013
  outer loop
   vertex  9.98544  7.61038 -0.460209
   vertex  9.47254  8.24074 -0.147709
   vertex  9.30922  8.43373 -0.428959
  endloop
 endfacet
 facet normal  0.99776 -0.0532776 0.0404613
  outer loop
   vertex -12.4865  1.22613  5.03979
   vertex -12.5425 0.414789  5.35229
   vertex -12.5446 0.162261  5.07104
  endloop
 endfacet
 facet normal  0.95908 0.277943 0.0539673
  outer loop
   vertex -11.9824 -3.67669  3.16479
   vertex -11.8978 -3.91401  2.88354
   vertex -12.1928 -2.88992  2.85229
  endloop
 endfacet
 facet normal  0.96671 0.255779 -0.00697252
  outer loop
   vertex -11.9824 -3.67669  3.16479
   vertex -12.1928 -2.88992  2.85229
   vertex -12.2552 -2.64649  3.13354
  endloop
 endfacet
 facet normal 0.979374 0.196475 0.0471673
  outer loop
   vertex -12.2552 -2.64649  3.13354
   vertex -12.1928 -2.88992  2.85229
   vertex  -12.401 -1.84493  2.82104
  endloop
 endfacet
 facet normal 0.985154 0.170097 -0.0231874
  outer loop
   vertex -12.2552 -2.64649  3.13354
   vertex  -12.401 -1.84493  2.82104
   vertex -12.4372 -1.59675  3.10229
  endloop
 endfacet
 facet normal 0.993269 0.112138 0.0290032
  outer loop
   vertex -12.4372 -1.59675  3.10229
   vertex  -12.401 -1.84493  2.82104
   vertex -12.5196 -0.786182  2.78979
  endloop
 endfacet
 facet normal 0.995491 0.0847669 -0.0425775
  outer loop
   vertex -12.4372 -1.59675  3.10229
   vertex -12.5196 -0.786182  2.78979
   vertex -12.5289 -0.535244  3.07104
  endloop
 endfacet
 facet normal 0.999626 0.0251635 0.0107393
  outer loop
   vertex -12.5289 -0.535244  3.07104
   vertex -12.5196 -0.786182  2.78979
   vertex -12.5461 0.279145  2.75854
  endloop
 endfacet
 facet normal 0.998564 0.000466746 -0.0535633
  outer loop
   vertex -12.5289 -0.535244  3.07104
   vertex -12.5461 0.279145  2.75854
   vertex -12.5311 0.530438  3.03979
  endloop
 endfacet
 facet normal 0.998032 -0.0626487 0.00285784
  outer loop
   vertex -12.5311 0.530438  3.03979
   vertex -12.5461 0.279145  2.75854
   vertex -12.4792  1.34254  2.72729
  endloop
 endfacet
 facet normal 0.995341 -0.0826677 -0.0496127
  outer loop
   vertex -12.5311 0.530438  3.03979
   vertex -12.4792  1.34254  2.72729
   vertex -12.4444  1.59272  3.00854
  endloop
 endfacet
 facet normal 0.542639 -0.839208 0.0356857
  outer loop
   vertex -6.36393  10.8469  2.38354
   vertex -7.05249  10.4149  2.69604
   vertex -7.25948  10.2691  2.41479
  endloop
 endfacet
 facet normal -0.200831 -0.979454 0.0183758
  outer loop
   vertex  3.00295  12.2122 -0.210209
   vertex  2.20814   12.381 0.102291
   vertex  1.95926  12.4268 -0.178959
  endloop
 endfacet
 facet normal -0.117307 -0.993081 0.00546501
  outer loop
   vertex  1.95926  12.4268 -0.178959
   vertex  1.15196  12.5239 0.133541
   vertex 0.901265  12.5519 -0.147709
  endloop
 endfacet
 facet normal  0.92025 -0.387772 0.0526692
  outer loop
   vertex -11.6584  4.68337  2.91479
   vertex -11.7425  4.44554  2.63354
   vertex -11.3272  5.42706  2.60229
  endloop
 endfacet
 facet normal 0.912855 -0.408265 -0.00393999
  outer loop
   vertex -11.6584  4.68337  2.91479
   vertex -11.3272  5.42706  2.60229
   vertex -11.2235  5.65622  2.88354
  endloop
 endfacet
 facet normal 0.884684 -0.463355 0.0513356
  outer loop
   vertex -11.2235  5.65622  2.88354
   vertex -11.3272  5.42706  2.60229
   vertex -10.8313  6.37028  2.57104
  endloop
 endfacet
 facet normal 0.873332 -0.486843 -0.0165771
  outer loop
   vertex -11.2235  5.65622  2.88354
   vertex -10.8313  6.37028  2.57104
   vertex -10.7051  6.58713  2.85229
  endloop
 endfacet
 facet normal 0.842713 -0.537161 0.0359623
  outer loop
   vertex -10.7051  6.58713  2.85229
   vertex -10.8313  6.37028  2.57104
   vertex -10.2577  7.26807  2.53979
  endloop
 endfacet
 facet normal 0.827513 -0.56028 -0.0361751
  outer loop
   vertex -10.7051  6.58713  2.85229
   vertex -10.2577  7.26807  2.53979
   vertex -10.1087  7.46997  2.82104
  endloop
 endfacet
 facet normal 0.793481 -0.608374 0.0163768
  outer loop
   vertex -10.1087  7.46997  2.82104
   vertex -10.2577  7.26807  2.53979
   vertex -9.60901  8.11333  2.50854
  endloop
 endfacet
 facet normal 0.776441 -0.628086 -0.0514542
  outer loop
   vertex -10.1087  7.46997  2.82104
   vertex -9.60901  8.11333  2.50854
   vertex -9.43981  8.29946  2.78979
  endloop
 endfacet
 facet normal 0.737039 -0.675839 0.00385366
  outer loop
   vertex -9.43981  8.29946  2.78979
   vertex -9.60901  8.11333  2.50854
   vertex -8.88871  8.89868  2.47729
  endloop
 endfacet
 facet normal 0.721197 -0.690728 -0.0526335
  outer loop
   vertex -9.43981  8.29946  2.78979
   vertex -8.88871  8.89868  2.47729
   vertex -8.70381   9.0703  2.75854
  endloop
 endfacet
 facet normal 0.949727 -0.310319 0.0414927
  outer loop
   vertex -11.7425  4.44554  2.63354
   vertex -12.0074  3.67677  2.94604
   vertex -12.0748  3.43287  2.66479
  endloop
 endfacet
 facet normal  0.46031 -0.887421 0.0244597
  outer loop
   vertex -5.31924  11.3979 0.0397911
   vertex -6.04402  11.0306 0.352291
   vertex -6.26551   10.908 0.0710411
  endloop
 endfacet
 facet normal 0.533381 -0.845825 0.00918945
  outer loop
   vertex -6.26551   10.908 0.0710411
   vertex -6.95458  10.4768 0.383541
   vertex -7.16684  10.3399 0.102291
  endloop
 endfacet
 facet normal 0.470963 -0.880751 0.0497148
  outer loop
   vertex -6.14814  10.9781  2.66479
   vertex -6.36393  10.8469  2.38354
   vertex -5.42332  11.3481  2.35229
  endloop
 endfacet
 facet normal 0.453633 -0.891184 -0.00283379
  outer loop
   vertex -6.14814  10.9781  2.66479
   vertex -5.42332  11.3481  2.35229
   vertex -5.19862  11.4616  2.63354
  endloop
 endfacet
 facet normal 0.395934 -0.916715 0.0535656
  outer loop
   vertex -5.19862  11.4616  2.63354
   vertex -5.42332  11.3481  2.35229
   vertex -4.44432  11.7691  2.32104
  endloop
 endfacet
 facet normal 0.373651 -0.927506 -0.0108387
  outer loop
   vertex -5.19862  11.4616  2.63354
   vertex -4.44432  11.7691  2.32104
   vertex -4.21029  11.8601  2.60229
  endloop
 endfacet
 facet normal  0.31733 -0.947365 0.0424523
  outer loop
   vertex -4.21029  11.8601  2.60229
   vertex -4.44432  11.7691  2.32104
   vertex -3.43362  12.1062  2.28979
  endloop
 endfacet
 facet normal 0.291306 -0.956185 -0.0291734
  outer loop
   vertex -4.21029  11.8601  2.60229
   vertex -3.43362  12.1062  2.28979
   vertex -3.19143  12.1714  2.57104
  endloop
 endfacet
 facet normal 0.234893 -0.971749 0.0230139
  outer loop
   vertex -3.19143  12.1714  2.57104
   vertex -3.43362  12.1062  2.28979
   vertex -2.39788  12.3559  2.25854
  endloop
 endfacet
 facet normal 0.208389  -0.9769 -0.0473277
  outer loop
   vertex -3.19143  12.1714  2.57104
   vertex -2.39788  12.3559  2.25854
   vertex -2.14967  12.3952  2.53979
  endloop
 endfacet
 facet normal 0.148915 -0.988826 0.00682746
  outer loop
   vertex -2.14967  12.3952  2.53979
   vertex -2.39788  12.3559  2.25854
   vertex -1.34402  12.5144  2.22729
  endloop
 endfacet
 facet normal 0.125568 -0.990612 -0.0540431
  outer loop
   vertex -2.14967  12.3952  2.53979
   vertex -1.34402  12.5144  2.22729
   vertex  -1.0926  12.5309  2.50854
  endloop
 endfacet
 facet normal   0.8793 -0.473995 0.0464885
  outer loop
   vertex -10.7696  6.46829 0.258537
   vertex -11.1683  5.75926 0.571037
   vertex -11.2766   5.5308 0.289787
  endloop
 endfacet
 facet normal 0.916119 -0.39972 0.0308017
  outer loop
   vertex -11.2766   5.5308 0.289787
   vertex -11.6104  4.78986 0.602287
   vertex -11.7037  4.55443 0.321037
  endloop
 endfacet
 facet normal 0.946674 -0.321883 0.0141268
  outer loop
   vertex -11.7037  4.55443 0.321037
   vertex -11.9694  3.78649 0.633537
   vertex -12.0471  3.54584 0.352287
  endloop
 endfacet
 facet normal 0.0620234 -0.99807 0.00319912
  outer loop
   vertex -0.280651  12.5803  2.19604
   vertex  -1.0926  12.5309  2.50854
   vertex -1.34402  12.5144  2.22729
  endloop
 endfacet
 facet normal -0.269292 -0.961564 0.053638
  outer loop
   vertex  3.13666  12.1846  2.38354
   vertex  2.89035  12.2379  2.10229
   vertex  3.91616  11.9489  2.07104
  endloop
 endfacet
 facet normal -0.291844 -0.956444 -0.00647816
  outer loop
   vertex  3.13666  12.1846  2.38354
   vertex  3.91616  11.9489  2.07104
   vertex  4.15603  11.8738  2.35229
  endloop
 endfacet
 facet normal -0.349139 -0.935847 0.0478858
  outer loop
   vertex  4.15603  11.8738  2.35229
   vertex  3.91616  11.9489  2.07104
   vertex  4.91396   11.575  2.03979
  endloop
 endfacet
 facet normal -0.374497 -0.926964 -0.0221095
  outer loop
   vertex  4.15603  11.8738  2.35229
   vertex  4.91396   11.575  2.03979
   vertex  5.14412  11.4753  2.32104
  endloop
 endfacet
 facet normal -0.428056 -0.90325 0.0301266
  outer loop
   vertex  5.14412  11.4753  2.32104
   vertex  4.91396   11.575  2.03979
   vertex  5.87629  11.1179  2.00854
  endloop
 endfacet
 facet normal -0.45259 -0.890745 -0.0416582
  outer loop
   vertex  5.14412  11.4753  2.32104
   vertex  5.87629  11.1179  2.00854
   vertex  6.09457  10.9939  2.28979
  endloop
 endfacet
 facet normal -0.505253 -0.862895 0.0114978
  outer loop
   vertex  6.09457  10.9939  2.28979
   vertex  5.87629  11.1179  2.00854
   vertex   6.7957  10.5792  1.97729
  endloop
 endfacet
 facet normal -0.525926 -0.848844 -0.0535331
  outer loop
   vertex  6.09457  10.9939  2.28979
   vertex   6.7957  10.5792  1.97729
   vertex  7.00133   10.434  2.25854
  endloop
 endfacet
 facet normal -0.579096 -0.815255 0.0026737
  outer loop
   vertex  7.00133   10.434  2.25854
   vertex   6.7957  10.5792  1.97729
   vertex  7.66433  9.96205  1.94604
  endloop
 endfacet
 facet normal -0.594891 -0.802217 -0.0505277
  outer loop
   vertex  7.00133   10.434  2.25854
   vertex  7.66433  9.96205  1.94604
   vertex  7.85837  9.80044  2.22729
  endloop
 endfacet
 facet normal 0.963227 0.266127 0.0370117
  outer loop
   vertex -12.2178 -2.77714 0.539787
   vertex -12.0125 -3.56367 0.852287
   vertex  -11.935 -3.80471 0.571037
  endloop
 endfacet
 facet normal 0.938194 0.345536 0.0199448
  outer loop
   vertex  -11.935 -3.80471 0.571037
   vertex -11.6601 -4.56932 0.883537
   vertex -11.5674  -4.8048 0.602287
  endloop
 endfacet
 facet normal 0.905838 0.423575 0.00653191
  outer loop
   vertex -11.5674  -4.8048 0.602287
   vertex -11.2248 -5.54217 0.914787
   vertex -11.1163 -5.76996 0.633537
  endloop
 endfacet
 facet normal -0.814607 -0.577699 0.0517704
  outer loop
   vertex  10.0708  7.50366  2.13354
   vertex  9.91321   7.7007  1.85229
   vertex  10.5284   6.8304  1.82104
  endloop
 endfacet
 facet normal -0.82788 -0.560891 -0.00387538
  outer loop
   vertex  10.0708  7.50366  2.13354
   vertex  10.5284   6.8304  1.82104
   vertex  10.6686  6.62151  2.10229
  endloop
 endfacet
 facet normal -0.86001 -0.507653 0.051682
  outer loop
   vertex  10.6686  6.62151  2.10229
   vertex  10.5284   6.8304  1.82104
   vertex  11.0687  5.91191  1.78979
  endloop
 endfacet
 facet normal -0.873889 -0.485877 -0.015534
  outer loop
   vertex  10.6686  6.62151  2.10229
   vertex  11.0687  5.91191  1.78979
   vertex  11.1868  5.69048  2.07104
  endloop
 endfacet
 facet normal -0.900557 -0.433146  0.03718
  outer loop
   vertex  11.1868  5.69048  2.07104
   vertex  11.0687  5.91191  1.78979
   vertex  11.5295  4.95129  1.75854
  endloop
 endfacet
 facet normal -0.912276 -0.408081 -0.0349586
  outer loop
   vertex  11.1868  5.69048  2.07104
   vertex  11.5295  4.95129  1.75854
   vertex  11.6229  4.71842  2.03979
  endloop
 endfacet
 facet normal -0.935135 -0.353857 0.0175279
  outer loop
   vertex  11.6229  4.71842  2.03979
   vertex  11.5295  4.95129  1.75854
   vertex   11.906  3.95457  1.72729
  endloop
 endfacet
 facet normal -0.943029 -0.328798 -0.0508767
  outer loop
   vertex  11.6229  4.71842  2.03979
   vertex   11.906  3.95457  1.72729
   vertex  11.9752  3.71277  2.00854
  endloop
 endfacet
 facet normal -0.962769 -0.270292 0.00427517
  outer loop
   vertex  11.9752  3.71277  2.00854
   vertex   11.906  3.95457  1.72729
   vertex  12.1939  2.92856  1.69604
  endloop
 endfacet
 facet normal -0.967127 -0.248738 -0.0528652
  outer loop
   vertex  11.9752  3.71277  2.00854
   vertex  12.1939  2.92856  1.69604
   vertex  12.2422  2.68101  1.97729
  endloop
 endfacet
 facet normal 0.384809 -0.922069 0.0413681
  outer loop
   vertex -4.33517  11.8072 0.00854111
   vertex -5.09045   11.506 0.321041
   vertex -5.31924  11.3979 0.0397911
  endloop
 endfacet
 facet normal 0.431494 0.133663 0.892159
  outer loop
   vertex  -13.384 -3.70947 -0.772713
   vertex -12.0424 -3.45153 -1.46021
   vertex -12.2982 -2.41705 -1.49146
  endloop
 endfacet
 facet normal  0.43789 0.899004 0.00657505
  outer loop
   vertex -5.94242 -10.9942 0.852283
   vertex -5.21276 -11.3519  1.16478
   vertex -4.98469  -11.461 0.883533
  endloop
 endfacet
 facet normal -0.20142 0.393855 -0.896832
  outer loop
   vertex  6.02226 -11.9206  5.38353
   vertex   7.4072 -11.2124  5.38353
   vertex  7.30984 -11.7602  5.16478
  endloop
 endfacet
 facet normal -0.987464 0.146546 0.058649
  outer loop
   vertex  12.4274 -1.55818  1.85229
   vertex   12.448 -1.30716  1.57104
   vertex  12.2897 -2.36104  1.53979
  endloop
 endfacet
 facet normal -0.985314 0.170696 -0.00434242
  outer loop
   vertex  12.4274 -1.55818  1.85229
   vertex  12.2897 -2.36104  1.53979
   vertex  12.2456 -2.60824  1.82104
  endloop
 endfacet
 facet normal -0.972162 0.229113 0.0490642
  outer loop
   vertex  12.2456 -2.60824  1.82104
   vertex  12.2897 -2.36104  1.53979
   vertex  12.0438 -3.39772  1.50854
  endloop
 endfacet
 facet normal -0.966385 0.256086 -0.0228082
  outer loop
   vertex  12.2456 -2.60824  1.82104
   vertex  12.0438 -3.39772  1.50854
   vertex  11.9734 -3.63825  1.78979
  endloop
 endfacet
 facet normal -0.949757 0.311653 0.0288755
  outer loop
   vertex  11.9734 -3.63825  1.78979
   vertex  12.0438 -3.39772  1.50854
   vertex  11.7108 -4.40962  1.47729
  endloop
 endfacet
 facet normal -0.940226 0.337754 -0.0435606
  outer loop
   vertex  11.9734 -3.63825  1.78979
   vertex  11.7108 -4.40962  1.47729
   vertex  11.6145 -4.64145  1.75854
  endloop
 endfacet
 facet normal -0.919295 0.393455 0.00952147
  outer loop
   vertex  11.6145 -4.64145  1.75854
   vertex  11.7108 -4.40962  1.47729
   vertex  11.2912 -5.38913  1.44604
  endloop
 endfacet
 facet normal -0.907917  0.41552 -0.0550384
  outer loop
   vertex  11.6145 -4.64145  1.75854
   vertex  11.2912 -5.38913  1.44604
   vertex  11.1726 -5.61121  1.72729
  endloop
 endfacet
 facet normal -0.0608898 0.996858 0.0506527
  outer loop
   vertex 0.204018 -12.4829  1.03978
   vertex  1.01703 -12.4492  1.35228
   vertex  1.26794 -12.4195  1.07103
  endloop
 endfacet
 facet normal -0.143356 0.989032 0.0355746
  outer loop
   vertex  1.26794 -12.4195  1.07103
   vertex  2.07379  -12.314  1.38353
   vertex  2.32278 -12.2678  1.10228
  endloop
 endfacet
 facet normal -0.225421 0.974107 0.0173514
  outer loop
   vertex  2.32278 -12.2678  1.10228
   vertex  3.11553 -12.0899  1.41478
   vertex  3.36095 -12.0281  1.13353
  endloop
 endfacet
 facet normal -0.30719 0.951641 0.00385958
  outer loop
   vertex  3.36095 -12.0281  1.13353
   vertex  4.13509 -11.7795  1.44603
   vertex  4.37484 -11.7009  1.16478
  endloop
 endfacet
 facet normal -0.674831 0.735968 0.0543486
  outer loop
   vertex  8.64928 -9.02302  1.60228
   vertex  8.82455 -8.84154  1.32103
   vertex  8.03785 -9.56058  1.28978
  endloop
 endfacet
 facet normal -0.65951 0.751691 -0.00267772
  outer loop
   vertex  8.64928 -9.02302  1.60228
   vertex  8.03785 -9.56058  1.28978
   vertex  7.84827 -9.72591  1.57103
  endloop
 endfacet
 facet normal -0.611077 0.789836 0.0523915
  outer loop
   vertex  7.84827 -9.72591  1.57103
   vertex  8.03785 -9.56058  1.28978
   vertex  7.19402 -10.2114  1.25853
  endloop
 endfacet
 facet normal -0.590862 0.806614 -0.0159924
  outer loop
   vertex  7.84827 -9.72591  1.57103
   vertex  7.19402 -10.2114  1.25853
   vertex  6.98906 -10.3559  1.53978
  endloop
 endfacet
 facet normal -0.542293 0.839407 0.0362591
  outer loop
   vertex  6.98906 -10.3559  1.53978
   vertex  7.19402 -10.2114  1.25853
   vertex  6.29852 -10.7885  1.22728
  endloop
 endfacet
 facet normal -0.518725 0.854172 -0.0362598
  outer loop
   vertex  6.98906 -10.3559  1.53978
   vertex  6.29852 -10.7885  1.22728
   vertex  6.07902 -10.9099  1.50853
  endloop
 endfacet
 facet normal -0.468027 0.883569 0.0159928
  outer loop
   vertex  6.07902 -10.9099  1.50853
   vertex  6.29852 -10.7885  1.22728
   vertex  5.35678 -11.2868  1.19603
  endloop
 endfacet
 facet normal -0.444111 0.894439 -0.0523918
  outer loop
   vertex  6.07902 -10.9099  1.50853
   vertex  5.35678 -11.2868  1.19603
   vertex  5.12531 -11.3853  1.47728
  endloop
 endfacet
 facet normal -0.38866 0.921377 0.00267491
  outer loop
   vertex  5.12531 -11.3853  1.47728
   vertex  5.35678 -11.2868  1.19603
   vertex  4.37484 -11.7009  1.16478
  endloop
 endfacet
 facet normal -0.367829 0.928304 -0.0543489
  outer loop
   vertex  5.12531 -11.3853  1.47728
   vertex  4.37484 -11.7009  1.16478
   vertex  4.13509 -11.7795  1.44603
  endloop
 endfacet
 facet normal 0.619674 -0.783779 0.0411658
  outer loop
   vertex -7.35243  10.2003  4.72729
   vertex -7.99815  9.70618  5.03979
   vertex -8.18927   9.5403  4.75854
  endloop
 endfacet
 facet normal -0.380515 -0.245899 0.891483
  outer loop
   vertex  10.6049  6.71938  4.41479
   vertex  11.1305  5.79266  4.38354
   vertex  11.8196  7.33221  5.10229
  endloop
 endfacet
 facet normal -0.395349 0.918475 0.0100932
  outer loop
   vertex  4.48251 -11.6555  3.47728
   vertex  5.23027 -11.3371  3.78978
   vertex  5.46124 -11.2346  3.50853
  endloop
 endfacet
 facet normal 0.022206 0.998237 0.0550345
  outer loop
   vertex -0.0475917 -12.4929  1.32103
   vertex 0.204018 -12.4829  1.03978
   vertex -0.861389 -12.4575  1.00853
  endloop
 endfacet
 facet normal 0.0470232 0.998848 -0.00952423
  outer loop
   vertex -0.0475917 -12.4929  1.32103
   vertex -0.861389 -12.4575  1.00853
   vertex -1.11201  -12.443  1.28978
  endloop
 endfacet
 facet normal 0.106277 0.993382 0.0435592
  outer loop
   vertex -1.11201  -12.443  1.28978
   vertex -0.861389 -12.4575  1.00853
   vertex -1.92068 -12.3428 0.977283
  endloop
 endfacet
 facet normal 0.133919 0.990572 -0.0288723
  outer loop
   vertex -1.11201  -12.443  1.28978
   vertex -1.92068 -12.3428 0.977283
   vertex -2.16781 -12.3012  1.25853
  endloop
 endfacet
 facet normal 0.191173 0.981291 0.0228096
  outer loop
   vertex -2.16781 -12.3012  1.25853
   vertex -1.92068 -12.3428 0.977283
   vertex -2.96625 -12.1384 0.946033
  endloop
 endfacet
 facet normal 0.217966 0.974722 -0.0490686
  outer loop
   vertex -2.16781 -12.3012  1.25853
   vertex -2.96625 -12.1384 0.946033
   vertex -3.20791 -12.0702  1.22728
  endloop
 endfacet
 facet normal 0.276269 0.961071 0.00433845
  outer loop
   vertex -3.20791 -12.0702  1.22728
   vertex -2.96625 -12.1384 0.946033
   vertex -3.99042 -11.8439 0.914783
  endloop
 endfacet
 facet normal 0.298937 0.952468 -0.0586556
  outer loop
   vertex -3.20791 -12.0702  1.22728
   vertex -3.99042 -11.8439 0.914783
   vertex -4.22525 -11.7528  1.19603
  endloop
 endfacet
 facet normal -0.996549 0.0641291 0.0527083
  outer loop
   vertex   12.448 -1.30716  1.57104
   vertex  12.5166 -0.496477  1.88354
   vertex   12.518 -0.243678  1.60229
  endloop
 endfacet
 facet normal -0.106699 -0.993856 0.0294109
  outer loop
   vertex  1.84398  12.4405  2.13354
   vertex  1.03703  12.5364  2.44604
   vertex 0.784497  12.5552  2.16479
  endloop
 endfacet
 facet normal -0.994635 -0.101758 0.0186037
  outer loop
   vertex  12.4994 0.821829  1.63354
   vertex  12.4225  1.63057  1.94604
   vertex  12.3916  1.88177  1.66479
  endloop
 endfacet
 facet normal -0.982598 -0.185667 0.0053061
  outer loop
   vertex  12.3916  1.88177  1.66479
   vertex  12.2422  2.68101  1.97729
   vertex  12.1939  2.92856  1.69604
  endloop
 endfacet
 facet normal 0.645748 0.761719 0.0528656
  outer loop
   vertex  -7.9258 -9.67635  1.07103
   vertex -7.72412 -9.82781 0.789783
   vertex   -8.536 -9.13737 0.758533
  endloop
 endfacet
 facet normal  0.66324 0.748395 -0.00427132
  outer loop
   vertex  -7.9258 -9.67635  1.07103
   vertex   -8.536 -9.13737 0.758533
   vertex -8.72342 -8.96967  1.03978
  endloop
 endfacet
 facet normal 0.707272 0.705108 0.0508789
  outer loop
   vertex -8.72342 -8.96967  1.03978
   vertex   -8.536 -9.13737 0.758533
   vertex -9.28719 -8.38162 0.727283
  endloop
 endfacet
 facet normal 0.726377 0.687073 -0.0175247
  outer loop
   vertex -8.72342 -8.96967  1.03978
   vertex -9.28719 -8.38162 0.727283
   vertex -9.45599 -8.19599  1.00853
  endloop
 endfacet
 facet normal 0.765197 0.642847 0.0349635
  outer loop
   vertex -9.45599 -8.19599  1.00853
   vertex -9.28719 -8.38162 0.727283
   vertex -9.97165 -7.56519 0.696033
  endloop
 endfacet
 facet normal 0.782639 0.621364 -0.0371813
  outer loop
   vertex -9.45599 -8.19599  1.00853
   vertex -9.97165 -7.56519 0.696033
   vertex -10.1194 -7.36231 0.977283
  endloop
 endfacet
 facet normal 0.818451 0.574366 0.0155295
  outer loop
   vertex -10.1194 -7.36231 0.977283
   vertex -9.97165 -7.56519 0.696033
   vertex -10.5833 -6.69273 0.664787
  endloop
 endfacet
 facet normal 0.831991 0.552376 -0.0516906
  outer loop
   vertex -10.1194 -7.36231 0.977283
   vertex -10.5833 -6.69273 0.664787
   vertex -10.7101 -6.47544 0.946037
  endloop
 endfacet
 facet normal 0.865879 0.500239 0.00386726
  outer loop
   vertex -10.7101 -6.47544 0.946037
   vertex -10.5833 -6.69273 0.664787
   vertex -11.1163 -5.76996 0.633537
  endloop
 endfacet
 facet normal  0.87521 0.480965 -0.0517702
  outer loop
   vertex -10.7101 -6.47544 0.946037
   vertex -11.1163 -5.76996 0.633537
   vertex -11.2248 -5.54217 0.914787
  endloop
 endfacet
 facet normal -0.0656216 0.451166 -0.890024
  outer loop
   vertex  2.20898 -12.2929 -1.21022
   vertex  3.01841 -12.8179 -1.53606
   vertex  2.57216 -13.5963 -1.89772
  endloop
 endfacet
 facet normal 0.0712734 -0.997294 0.0180433
  outer loop
   vertex -0.396911  12.5734  4.50854
   vertex -1.20777  12.5211  4.82104
   vertex -1.45974   12.498  4.53979
  endloop
 endfacet
 facet normal -0.429735 -0.148602 0.890643
  outer loop
   vertex  12.8191  3.22337   2.3341
   vertex  13.3056  3.98586  2.69604
   vertex  11.9752  3.71277  2.00854
  endloop
 endfacet
 facet normal 0.981381 0.185308 0.0505186
  outer loop
   vertex -12.2785 -2.53203 0.821037
   vertex -12.2178 -2.77714 0.539787
   vertex  -12.414 -1.72955 0.508537
  endloop
 endfacet
 facet normal 0.986221  0.16541 -0.00267492
  outer loop
   vertex -12.2785 -2.53203 0.821037
   vertex  -12.414 -1.72955 0.508537
   vertex -12.4548  -1.4812 0.789787
  endloop
 endfacet
 facet normal 0.993249 0.102913 0.0535316
  outer loop
   vertex -12.4548  -1.4812 0.789787
   vertex  -12.414 -1.72955 0.508537
   vertex -12.5221 -0.669388 0.477287
  endloop
 endfacet
 facet normal 0.996873  0.07818 -0.0115009
  outer loop
   vertex -12.4548  -1.4812 0.789787
   vertex -12.5221 -0.669388 0.477287
   vertex -12.5385 -0.418857 0.758537
  endloop
 endfacet
 facet normal 0.998958 0.0186396 0.041658
  outer loop
   vertex -12.5385 -0.418857 0.758537
   vertex -12.5221 -0.669388 0.477287
   vertex -12.5407 0.395885 0.446037
  endloop
 endfacet
 facet normal 0.999507 -0.00888963 -0.0301192
  outer loop
   vertex -12.5385 -0.418857 0.758537
   vertex -12.5407 0.395885 0.446037
   vertex   -12.53 0.646485 0.727287
  endloop
 endfacet
 facet normal 0.997479 -0.0674269 0.0221159
  outer loop
   vertex   -12.53 0.646485 0.727287
   vertex -12.5407 0.395885 0.446037
   vertex -12.4681  1.45882 0.414787
  endloop
 endfacet
 facet normal 0.994408 -0.0941233 -0.0478883
  outer loop
   vertex   -12.53 0.646485 0.727287
   vertex -12.4681  1.45882 0.414787
   vertex -12.4311  1.70742 0.696037
  endloop
 endfacet
 facet normal 0.987946 -0.154662 0.00647418
  outer loop
   vertex -12.4311  1.70742 0.696037
   vertex -12.4681  1.45882 0.414787
   vertex -12.3031  2.51167 0.383537
  endloop
 endfacet
 facet normal 0.982714 -0.177188 -0.0536429
  outer loop
   vertex -12.4311  1.70742 0.696037
   vertex -12.3031  2.51167 0.383537
   vertex -12.2436  2.75655 0.664787
  endloop
 endfacet
 facet normal -0.18862 -0.981001 0.0453768
  outer loop
   vertex  2.89035  12.2379  2.10229
   vertex  2.09439  12.4054  2.41479
   vertex  1.84398  12.4405  2.13354
  endloop
 endfacet
 facet normal 0.861775 0.507092 0.0141985
  outer loop
   vertex -11.0576 -5.87089  2.94604
   vertex -10.6493 -6.57351  3.25854
   vertex -10.5176 -6.78939  2.97729
  endloop
 endfacet
 facet normal 0.900801 0.433134 0.0308583
  outer loop
   vertex -11.5185 -4.91005  2.91479
   vertex -11.1751 -5.64657  3.22729
   vertex -11.0576 -5.87089  2.94604
  endloop
 endfacet
 facet normal -0.71563 -0.698472 0.00325083
  outer loop
   vertex  9.30922  8.43373 -0.428959
   vertex  8.74176  9.01658 -0.116459
   vertex  8.56513  9.19624 -0.397709
  endloop
 endfacet
 facet normal 0.836586 -0.545163 0.0540438
  outer loop
   vertex  -10.645  6.68731 0.539787
   vertex -10.7696  6.46829 0.258537
   vertex -10.1863  7.36025 0.227291
  endloop
 endfacet
 facet normal 0.824794 -0.565392 -0.00682854
  outer loop
   vertex  -10.645  6.68731 0.539787
   vertex -10.1863  7.36025 0.227291
   vertex -10.0427  7.56644 0.508541
  endloop
 endfacet
 facet normal 0.788115 -0.613705 0.0473269
  outer loop
   vertex -10.0427  7.56644 0.508541
   vertex -10.1863  7.36025 0.227291
   vertex -9.53051  8.20004 0.196041
  endloop
 endfacet
 facet normal 0.771919 -0.635304 -0.0230068
  outer loop
   vertex -10.0427  7.56644 0.508541
   vertex -9.53051  8.20004 0.196041
   vertex -9.36618  8.38952 0.477291
  endloop
 endfacet
 facet normal 0.733302 -0.679276 0.029181
  outer loop
   vertex -9.36618  8.38952 0.477291
   vertex -9.53051  8.20004 0.196041
   vertex -8.80585  8.98099 0.164791
  endloop
 endfacet
 facet normal 0.714011 -0.698846 -0.0424491
  outer loop
   vertex -9.36618  8.38952 0.477291
   vertex -8.80585  8.98099 0.164791
   vertex -8.62187  9.15188 0.446041
  endloop
 endfacet
 facet normal 0.671572 -0.74086 0.0108415
  outer loop
   vertex -8.62187  9.15188 0.446041
   vertex -8.80585  8.98099 0.164791
   vertex -8.01608  9.69644 0.133541
  endloop
 endfacet
 facet normal 0.652141 -0.756203 -0.0535624
  outer loop
   vertex -8.62187  9.15188 0.446041
   vertex -8.01608  9.69644 0.133541
   vertex -7.81594  9.84912 0.414791
  endloop
 endfacet
 facet normal 0.603996 -0.796982 0.00283716
  outer loop
   vertex -7.81594  9.84912 0.414791
   vertex -8.01608  9.69644 0.133541
   vertex -7.16684  10.3399 0.102291
  endloop
 endfacet
 facet normal 0.587046 -0.808025 -0.0497123
  outer loop
   vertex -7.81594  9.84912 0.414791
   vertex -7.16684  10.3399 0.102291
   vertex -6.95458  10.4768 0.383541
  endloop
 endfacet
 facet normal 0.742088 -0.670241 0.00906521
  outer loop
   vertex -8.96793  8.81285  4.78979
   vertex -9.51484  8.21154  5.10229
   vertex -9.68224   8.0224  4.82104
  endloop
 endfacet
 facet normal 0.972758 -0.230511 0.0246113
  outer loop
   vertex -12.0748  3.43287  2.66479
   vertex -12.2696  2.64402  2.97729
   vertex -12.3212  2.39616  2.69604
  endloop
 endfacet
 facet normal  0.67577 -0.737092 0.00552286
  outer loop
   vertex  -8.1033  9.61851  2.44604
   vertex -8.70381   9.0703  2.75854
   vertex -8.88871  8.89868  2.47729
  endloop
 endfacet
 facet normal 0.306893 -0.950287 0.0526372
  outer loop
   vertex -4.10008  11.8987 0.289791
   vertex -4.33517  11.8072 0.00854111
   vertex -3.32046  12.1332 -0.0227089
  endloop
 endfacet
 facet normal 0.286582 -0.958048 -0.00385754
  outer loop
   vertex -4.10008  11.8987 0.289791
   vertex -3.32046  12.1332 -0.0227089
   vertex -3.07916  12.2042 0.258541
  endloop
 endfacet
 facet normal 0.226424 -0.972669 0.0514497
  outer loop
   vertex -3.07916  12.2042 0.258541
   vertex -3.32046  12.1332 -0.0227089
   vertex -2.28224  12.3732 -0.0539589
  endloop
 endfacet
 facet normal 0.201254 -0.979402 -0.0163781
  outer loop
   vertex -3.07916  12.2042 0.258541
   vertex -2.28224  12.3732 -0.0539589
   vertex -2.03558  12.4192 0.227291
  endloop
 endfacet
 facet normal 0.143131 -0.989042 0.0361741
  outer loop
   vertex -2.03558  12.4192 0.227291
   vertex -2.28224  12.3732 -0.0539589
   vertex -1.22767  12.5247 -0.0852089
  endloop
 endfacet
 facet normal 0.115694 -0.992633 -0.0359692
  outer loop
   vertex -2.03558  12.4192 0.227291
   vertex -1.22767  12.5247 -0.0852089
   vertex -0.977474  12.5437 0.196041
  endloop
 endfacet
 facet normal 0.0570592 -0.998233 0.0165693
  outer loop
   vertex -0.977474  12.5437 0.196041
   vertex -1.22767  12.5247 -0.0852089
   vertex -0.163883   12.585 -0.116459
  endloop
 endfacet
 facet normal 0.0309733 -0.998201 -0.0513407
  outer loop
   vertex -0.977474  12.5437 0.196041
   vertex -0.163883   12.585 -0.116459
   vertex 0.0875669  12.5783 0.164791
  endloop
 endfacet
 facet normal -0.0308878 -0.999515 0.00393474
  outer loop
   vertex 0.0875669  12.5783 0.164791
   vertex -0.163883   12.585 -0.116459
   vertex 0.901265  12.5519 -0.147709
  endloop
 endfacet
 facet normal -0.0525523 -0.997228 -0.0526689
  outer loop
   vertex 0.0875669  12.5783 0.164791
   vertex 0.901265  12.5519 -0.147709
   vertex  1.15196  12.5239 0.133541
  endloop
 endfacet
 facet normal 0.155419 -0.987834 0.00540107
  outer loop
   vertex -1.45974   12.498  4.53979
   vertex -2.26326  12.3733  4.85229
   vertex -2.51219  12.3326  4.57104
  endloop
 endfacet
 facet normal -0.70861 -0.705224 0.0230494
  outer loop
   vertex  9.22771  8.51678  1.88354
   vertex  8.65966  9.09776  2.19604
   vertex  8.47653  9.27257  1.91479
  endloop
 endfacet
 facet normal 0.988942 -0.148012 0.00930503
  outer loop
   vertex -12.3212  2.39616  2.69604
   vertex -12.4444  1.59272  3.00854
   vertex -12.4792  1.34254  2.72729
  endloop
 endfacet
 facet normal -0.359852 -0.93169 0.0496108
  outer loop
   vertex  4.26549   11.833 0.0397911
   vertex  4.02519  11.9109 -0.241459
   vertex  5.01886  11.5254 -0.272709
  endloop
 endfacet
 facet normal -0.379038 -0.925377 -0.00285824
  outer loop
   vertex  4.26549   11.833 0.0397911
   vertex  5.01886  11.5254 -0.272709
   vertex  5.25151  11.4292 0.00854111
  endloop
 endfacet
 facet normal -0.436063 -0.89832 0.0535633
  outer loop
   vertex  5.25151  11.4292 0.00854111
   vertex  5.01886  11.5254 -0.272709
   vertex  5.97683  11.0585 -0.303959
  endloop
 endfacet
 facet normal -0.458751  -0.8885 -0.0107452
  outer loop
   vertex  5.25151  11.4292 0.00854111
   vertex  5.97683  11.0585 -0.303959
   vertex  6.19856  10.9406 -0.0227089
  endloop
 endfacet
 facet normal -0.510579 -0.858777 0.0425709
  outer loop
   vertex  6.19856  10.9406 -0.0227089
   vertex  5.97683  11.0585 -0.303959
   vertex  6.89197  10.5129 -0.335209
  endloop
 endfacet
 facet normal -0.534237 -0.844837 -0.0290061
  outer loop
   vertex  6.19856  10.9406 -0.0227089
   vertex  6.89197  10.5129 -0.335209
   vertex  7.09949   10.372 -0.0539589
  endloop
 endfacet
 facet normal -0.582849 -0.812249 0.0231845
  outer loop
   vertex  7.09949   10.372 -0.0539589
   vertex  6.89197  10.5129 -0.335209
   vertex  7.75715  9.89116 -0.366459
  endloop
 endfacet
 facet normal -0.604063 -0.79554 -0.0471706
  outer loop
   vertex  7.09949   10.372 -0.0539589
   vertex  7.75715  9.89116 -0.366459
   vertex  7.94898  9.72882 -0.0852089
  endloop
 endfacet
 facet normal -0.651901 -0.758272 0.00696895
  outer loop
   vertex  7.94898  9.72882 -0.0852089
   vertex  7.75715  9.89116 -0.366459
   vertex  8.56513  9.19624 -0.397709
  endloop
 endfacet
 facet normal -0.668517 -0.741736 -0.0539748
  outer loop
   vertex  7.94898  9.72882 -0.0852089
   vertex  8.56513  9.19624 -0.397709
   vertex  8.74176  9.01658 -0.116459
  endloop
 endfacet
 facet normal 0.933036 0.356764 0.0465027
  outer loop
   vertex -11.8978 -3.91401  2.88354
   vertex -11.6209  -4.6789  3.19604
   vertex -11.5185 -4.91005  2.91479
  endloop
 endfacet
 facet normal -0.572218 -0.820018 0.011666
  outer loop
   vertex  7.56947    10.03  4.25854
   vertex  6.90511   10.498  4.57104
   vertex  6.69595    10.64  4.28979
  endloop
 endfacet
 facet normal -0.0232059 -0.999647 0.0129175
  outer loop
   vertex 0.784497  12.5552  2.16479
   vertex -0.0278392  12.5781  2.47729
   vertex -0.280651  12.5803  2.19604
  endloop
 endfacet
 facet normal 0.815598 0.578607 0.00383973
  outer loop
   vertex -10.5176 -6.78939  2.97729
   vertex  -10.048 -7.45349  3.28979
   vertex -9.90128  -7.6584  3.00854
  endloop
 endfacet
 facet normal -0.904253 -0.423622 0.053582
  outer loop
   vertex    11.24   5.5865 -0.241463
   vertex  11.1196  5.80789 -0.522713
   vertex  11.5702  4.84209 -0.553963
  endloop
 endfacet
 facet normal -0.915086 -0.403206 -0.00649888
  outer loop
   vertex    11.24   5.5865 -0.241463
   vertex  11.5702  4.84209 -0.553963
   vertex  11.6699  4.61134 -0.272713
  endloop
 endfacet
 facet normal -0.936883 -0.346349 0.0478736
  outer loop
   vertex  11.6699  4.61134 -0.272713
   vertex  11.5702  4.84209 -0.553963
   vertex  11.9383  3.84214 -0.585213
  endloop
 endfacet
 facet normal -0.946701 -0.321356 -0.0220776
  outer loop
   vertex  11.6699  4.61134 -0.272713
   vertex  11.9383  3.84214 -0.585213
   vertex   12.013   3.6027 -0.303963
  endloop
 endfacet
 facet normal -0.963696 -0.265291 0.0301688
  outer loop
   vertex   12.013   3.6027 -0.303963
   vertex  11.9383  3.84214 -0.585213
   vertex  12.2201  2.81472 -0.616463
  endloop
 endfacet
 facet normal -0.970238 -0.238558 -0.0415751
  outer loop
   vertex   12.013   3.6027 -0.303963
   vertex  12.2201  2.81472 -0.616463
   vertex  12.2687  2.56838 -0.335213
  endloop
 endfacet
 facet normal -0.983511 -0.180474 0.0115888
  outer loop
   vertex  12.2687  2.56838 -0.335213
   vertex  12.2201  2.81472 -0.616463
   vertex  12.4121  1.76652 -0.647713
  endloop
 endfacet
 facet normal -0.986367 -0.155652 -0.0534152
  outer loop
   vertex  12.2687  2.56838 -0.335213
   vertex  12.4121  1.76652 -0.647713
   vertex  12.4364    1.516 -0.366463
  endloop
 endfacet
 facet normal -0.995624 -0.0934083 0.00282636
  outer loop
   vertex  12.4364    1.516 -0.366463
   vertex  12.4121  1.76652 -0.647713
   vertex  12.5116 0.705664 -0.678963
  endloop
 endfacet
 facet normal -0.996066 -0.0729717 -0.0502738
  outer loop
   vertex  12.4364    1.516 -0.366463
   vertex  12.5116 0.705664 -0.678963
   vertex  12.5159 0.453161 -0.397713
  endloop
 endfacet
 facet normal 0.427138 0.903448 0.0365363
  outer loop
   vertex -5.83884  -11.046  3.16478
   vertex -5.10894 -11.4037  3.47728
   vertex -4.87583 -11.5025  3.19603
  endloop
 endfacet
 facet normal 0.449248 0.092987 0.888555
  outer loop
   vertex -13.8067 -1.51956  1.47729
   vertex  -13.627  -2.6863  1.50854
   vertex -12.4548  -1.4812 0.789787
  endloop
 endfacet
 facet normal -0.764338 -0.643576 0.0399662
  outer loop
   vertex  9.91321   7.7007  1.85229
   vertex  9.39915  8.33062  2.16479
   vertex  9.22771  8.51678  1.88354
  endloop
 endfacet
 facet normal -0.969324 0.240056 0.0527661
  outer loop
   vertex    12.22 -2.72216 -0.491463
   vertex  12.2661 -2.47406 -0.772713
   vertex  12.0083  -3.5082 -0.803963
  endloop
 endfacet
 facet normal -0.965312 0.261082 -0.00284048
  outer loop
   vertex    12.22 -2.72216 -0.491463
   vertex  12.0083  -3.5082 -0.803963
   vertex  11.9418 -3.75085 -0.522713
  endloop
 endfacet
 facet normal -0.945908 0.320127 0.0526846
  outer loop
   vertex  11.9418 -3.75085 -0.522713
   vertex  12.0083  -3.5082 -0.803963
   vertex  11.6651 -4.51705 -0.835213
  endloop
 endfacet
 facet normal -0.938527 0.344897 -0.0145819
  outer loop
   vertex  11.9418 -3.75085 -0.522713
   vertex  11.6651 -4.51705 -0.835213
   vertex  11.5747 -4.75113 -0.553963
  endloop
 endfacet
 facet normal -0.915977 0.399423 0.0380485
  outer loop
   vertex  11.5747 -4.75113 -0.553963
   vertex  11.6651 -4.51705 -0.835213
   vertex  11.2382 -5.49316 -0.866463
  endloop
 endfacet
 facet normal -0.904668 0.424738 -0.0342399
  outer loop
   vertex  11.5747 -4.75113 -0.553963
   vertex  11.2382 -5.49316 -0.866463
   vertex  11.1229 -5.71597 -0.585213
  endloop
 endfacet
 facet normal -0.878543 0.477319 0.0181219
  outer loop
   vertex  11.1229 -5.71597 -0.585213
   vertex  11.2382 -5.49316 -0.866463
   vertex   10.729 -6.42908 -0.897713
  endloop
 endfacet
 facet normal -0.864671 0.499782 -0.0506228
  outer loop
   vertex  11.1229 -5.71597 -0.585213
   vertex   10.729 -6.42908 -0.897713
   vertex   10.591 -6.63932 -0.616463
  endloop
 endfacet
 facet normal -0.833336  0.55275 0.00434631
  outer loop
   vertex   10.591 -6.63932 -0.616463
   vertex   10.729 -6.42908 -0.897713
   vertex  10.1399 -7.31709 -0.928967
  endloop
 endfacet
 facet normal -0.819709 0.570289 -0.053366
  outer loop
   vertex   10.591 -6.63932 -0.616463
   vertex  10.1399 -7.31709 -0.928967
   vertex  9.98375 -7.51515 -0.647717
  endloop
 endfacet
 facet normal -0.236907 0.970583 0.0429337
  outer loop
   vertex  2.43585 -12.2439  3.41478
   vertex  3.22892 -12.0641  3.72728
   vertex  3.47157 -11.9924  3.44603
  endloop
 endfacet
 facet normal -0.316819 0.948128 0.0260673
  outer loop
   vertex  3.47157 -11.9924  3.44603
   vertex  4.24477 -11.7427  3.75853
   vertex  4.48251 -11.6555  3.47728
  endloop
 endfacet
 facet normal 0.912141 -0.409768 0.00940367
  outer loop
   vertex  -11.228  5.63609 -2.02271
   vertex -11.5637  4.89589 -1.71021
   vertex -11.6648  4.66436 -1.99146
  endloop
 endfacet
 facet normal 0.943924 -0.330154 0.00238111
  outer loop
   vertex -11.6648  4.66436 -1.99146
   vertex -11.9342  3.89653 -1.67896
   vertex -12.0167  3.65866 -1.96021
  endloop
 endfacet
 facet normal -0.533551 0.844021 0.0543275
  outer loop
   vertex  6.89304 -10.4225 -0.772717
   vertex  7.09732 -10.2752 -1.05397
   vertex   6.1956 -10.8432 -1.08522
  endloop
 endfacet
 facet normal -0.513633 0.857964 -0.00889907
  outer loop
   vertex  6.89304 -10.4225 -0.772717
   vertex   6.1956 -10.8432 -1.08522
   vertex  5.97883 -10.9701 -0.803967
  endloop
 endfacet
 facet normal -0.460797 0.886382 0.0446427
  outer loop
   vertex  5.97883 -10.9701 -0.803967
   vertex   6.1956 -10.8432 -1.08522
   vertex   5.2496 -11.3334 -1.11647
  endloop
 endfacet
 facet normal -0.43663 0.899245 -0.0267055
  outer loop
   vertex  5.97883 -10.9701 -0.803967
   vertex   5.2496 -11.3334 -1.11647
   vertex  5.02082 -11.4362 -0.835217
  endloop
 endfacet
 facet normal -0.383368 0.923247 0.0253868
  outer loop
   vertex  5.02082 -11.4362 -0.835217
   vertex   5.2496 -11.3334 -1.11647
   vertex  4.26537 -11.7413 -1.14772
  endloop
 endfacet
 facet normal -0.357787 0.932686 -0.0456684
  outer loop
   vertex  5.02082 -11.4362 -0.835217
   vertex  4.26537 -11.7413 -1.14772
   vertex  4.02653 -11.8191 -0.866467
  endloop
 endfacet
 facet normal -0.301282 0.953501 0.00807899
  outer loop
   vertex  4.02653 -11.8191 -0.866467
   vertex  4.26537 -11.7413 -1.14772
   vertex  3.24912 -12.0621 -1.17897
  endloop
 endfacet
 facet normal -0.27794 0.959062 -0.0543142
  outer loop
   vertex  4.02653 -11.8191 -0.866467
   vertex  3.24912 -12.0621 -1.17897
   vertex   3.0034 -12.1174 -0.897717
  endloop
 endfacet
 facet normal -0.794962 0.604746 0.0481494
  outer loop
   vertex  9.62235 -7.97066  3.66479
   vertex  10.1268 -7.33238  3.97729
   vertex  10.2688 -7.12331  3.69604
  endloop
 endfacet
 facet normal -0.837293 0.546688 0.00851749
  outer loop
   vertex  10.2048 -7.21995  1.38353
   vertex  10.6514 -6.54089  1.69604
   vertex  10.7875 -6.32803  1.41479
  endloop
 endfacet
 facet normal -0.885113 0.465109 0.0157588
  outer loop
   vertex  10.8424 -6.22515  3.72729
   vertex  11.2248 -5.50815  4.03979
   vertex  11.3385 -5.28219  3.75854
  endloop
 endfacet
 facet normal -0.921496 0.388366 0.00412594
  outer loop
   vertex  11.3385 -5.28219  3.75854
   vertex  11.6555 -4.53327  4.07104
   vertex  11.7524 -4.30049  3.78979
  endloop
 endfacet
 facet normal 0.116696 0.991719 0.0536275
  outer loop
   vertex -1.22834 -12.4328 -1.02272
   vertex -0.976634 -12.4473 -1.30397
   vertex  -2.0349  -12.321 -1.33522
  endloop
 endfacet
 facet normal 0.139212  0.99025 -0.00501149
  outer loop
   vertex -1.22834 -12.4328 -1.02272
   vertex  -2.0349  -12.321 -1.33522
   vertex -2.28369 -12.2846 -1.05397
  endloop
 endfacet
 facet normal 0.199382  0.97866 0.0497125
  outer loop
   vertex -2.28369 -12.2846 -1.05397
   vertex  -2.0349  -12.321 -1.33522
   vertex -3.07871 -12.1068 -1.36647
  endloop
 endfacet
 facet normal 0.225563 0.974033 -0.0195286
  outer loop
   vertex -2.28369 -12.2846 -1.05397
   vertex -3.07871 -12.1068 -1.36647
   vertex -3.32178 -12.0449 -1.08522
  endloop
 endfacet
 facet normal 0.282186   0.9588 0.0327627
  outer loop
   vertex -3.32178 -12.0449 -1.08522
   vertex -3.07871 -12.1068 -1.36647
   vertex -4.10045  -11.805 -1.39772
  endloop
 endfacet
 facet normal  0.30854 0.950397 -0.0393546
  outer loop
   vertex -3.32178 -12.0449 -1.08522
   vertex -4.10045  -11.805 -1.39772
   vertex -4.33551 -11.7171 -1.11647
  endloop
 endfacet
 facet normal 0.364503 0.931105 0.0134514
  outer loop
   vertex -4.33551 -11.7171 -1.11647
   vertex -4.10045  -11.805 -1.39772
   vertex -5.09254 -11.4162 -1.42897
  endloop
 endfacet
 facet normal 0.387637 0.920287 -0.0530039
  outer loop
   vertex -4.33551 -11.7171 -1.11647
   vertex -5.09254 -11.4162 -1.42897
   vertex -5.31823 -11.3049 -1.14772
  endloop
 endfacet
 facet normal 0.444964 0.895544 0.00278712
  outer loop
   vertex -5.31823 -11.3049 -1.14772
   vertex -5.09254 -11.4162 -1.42897
   vertex -6.04679  -10.942 -1.46022
  endloop
 endfacet
 facet normal 0.463061 0.884807 -0.0518748
  outer loop
   vertex -5.31823 -11.3049 -1.14772
   vertex -6.04679  -10.942 -1.46022
   vertex -6.26328 -10.8122 -1.17897
  endloop
 endfacet
 facet normal -0.0643224 -0.448756 0.891337
  outer loop
   vertex  2.09439  12.4054  2.41479
   vertex  2.86849  12.9433  2.74149
   vertex  2.44695  13.7204  3.10229
  endloop
 endfacet
 facet normal 0.280859 0.360729 -0.889378
  outer loop
   vertex -7.49084 -11.6503 0.133533
   vertex -8.45864 -10.9738 0.102283
   vertex -6.85757 -10.4483 0.821033
  endloop
 endfacet
 facet normal 0.415752  0.18163 0.891157
  outer loop
   vertex -11.6209  -4.6789  3.19604
   vertex -12.4905 -4.28934   3.5223
   vertex -12.9231 -5.07146  3.88354
  endloop
 endfacet
 facet normal 0.715078 0.697183 0.0509877
  outer loop
   vertex -8.80594  -8.8872 -1.27272
   vertex -8.61971 -9.05764 -1.55397
   vertex -9.36259  -8.2934 -1.58522
  endloop
 endfacet
 facet normal 0.730388 0.683025 -0.00318683
  outer loop
   vertex -8.80594  -8.8872 -1.27272
   vertex -9.36259  -8.2934 -1.58522
   vertex -9.53382 -8.10899 -1.30397
  endloop
 endfacet
 facet normal 0.770644 0.635079 0.052759
  outer loop
   vertex -9.53382 -8.10899 -1.30397
   vertex -9.36259  -8.2934 -1.58522
   vertex  -10.039 -7.46997 -1.61647
  endloop
 endfacet
 facet normal 0.787526 0.616139 -0.0132645
  outer loop
   vertex -9.53382 -8.10899 -1.30397
   vertex  -10.039 -7.46997 -1.61647
   vertex -10.1908 -7.26999 -1.33522
  endloop
 endfacet
 facet normal 0.822116 0.567936 0.0396681
  outer loop
   vertex -10.1908 -7.26999 -1.33522
   vertex  -10.039 -7.46997 -1.61647
   vertex -10.6436 -6.59267 -1.64771
  endloop
 endfacet
 facet normal 0.837717 0.545146 -0.0323364
  outer loop
   vertex -10.1908 -7.26999 -1.33522
   vertex -10.6436 -6.59267 -1.64771
   vertex -10.7727  -6.3776 -1.36646
  endloop
 endfacet
 facet normal  0.86852 0.495252 0.0199561
  outer loop
   vertex -10.7727  -6.3776 -1.36646
   vertex -10.6436 -6.59267 -1.64771
   vertex -11.1708 -5.66683 -1.67896
  endloop
 endfacet
 facet normal 0.880509  0.47144 -0.0494768
  outer loop
   vertex -10.7727  -6.3776 -1.36646
   vertex -11.1708 -5.66683 -1.67896
   vertex  -11.277 -5.43896 -1.39771
  endloop
 endfacet
 facet normal 0.908805  0.41719 0.00516135
  outer loop
   vertex  -11.277 -5.43896 -1.39771
   vertex -11.1708 -5.66683 -1.67896
   vertex -11.6153 -4.69824 -1.71021
  endloop
 endfacet
 facet normal 0.916709 0.395913 -0.0538289
  outer loop
   vertex  -11.277 -5.43896 -1.39771
   vertex -11.6153 -4.69824 -1.71021
   vertex -11.7011 -4.46122 -1.42896
  endloop
 endfacet
 facet normal -0.699799 -0.71295 0.0445281
  outer loop
   vertex  9.14834  8.60085  4.19604
   vertex  8.57777  9.18042  4.50854
   vertex  8.38869  9.34843  4.22729
  endloop
 endfacet
 facet normal -0.999146 -0.0185393 0.0369264
  outer loop
   vertex   12.518 -0.243678  1.60229
   vertex  12.5145 0.568924  1.91479
   vertex  12.4994 0.821829  1.63354
  endloop
 endfacet
 facet normal -0.842858 0.537129 0.0329029
  outer loop
   vertex  10.2688 -7.12331  3.69604
   vertex  10.7142 -6.44353  4.00854
   vertex  10.8424 -6.22515  3.72729
  endloop
 endfacet
 facet normal -0.500201 -0.865905 0.00263832
  outer loop
   vertex  6.69595    10.64  4.28979
   vertex  5.99192  11.0476  4.60229
   vertex  5.77344  11.1729  4.32104
  endloop
 endfacet
 facet normal 0.998482 0.0085508 0.0544132
  outer loop
   vertex -12.5432 -0.302303 -1.55396
   vertex -12.5257 -0.55359 -1.83521
   vertex -12.5331 0.512105 -1.86646
  endloop
 endfacet
 facet normal 0.999858 -0.0151746 -0.0073734
  outer loop
   vertex -12.5432 -0.302303 -1.55396
   vertex -12.5331 0.512105 -1.86646
   vertex -12.5272  0.76328 -1.58521
  endloop
 endfacet
 facet normal 0.996063 -0.0754551 0.0465405
  outer loop
   vertex -12.5272  0.76328 -1.58521
   vertex -12.5331 0.512105 -1.86646
   vertex -12.4512  1.57444 -1.89771
  endloop
 endfacet
 facet normal 0.994425 -0.102605 -0.024332
  outer loop
   vertex -12.5272  0.76328 -1.58521
   vertex -12.4512  1.57444 -1.89771
   vertex -12.4186  1.82311 -1.61646
  endloop
 endfacet
 facet normal  0.98664 -0.160528 0.0277809
  outer loop
   vertex -12.4186  1.82311 -1.61646
   vertex -12.4512  1.57444 -1.89771
   vertex -12.2792  2.62584 -1.92896
  endloop
 endfacet
 facet normal 0.981294 -0.187465 -0.0437984
  outer loop
   vertex -12.4186  1.82311 -1.61646
   vertex -12.2792  2.62584 -1.92896
   vertex   -12.22   2.8699 -1.64771
  endloop
 endfacet
 facet normal 0.969197 -0.246097 0.0096255
  outer loop
   vertex   -12.22   2.8699 -1.64771
   vertex -12.2792  2.62584 -1.92896
   vertex -12.0167  3.65866 -1.96021
  endloop
 endfacet
 facet normal 0.961507 -0.269388 -0.0541684
  outer loop
   vertex   -12.22   2.8699 -1.64771
   vertex -12.0167  3.65866 -1.96021
   vertex -11.9342  3.89653 -1.67896
  endloop
 endfacet
 facet normal -0.0947394 -0.994266 0.049587
  outer loop
   vertex  1.72958  12.4568  4.44604
   vertex 0.921162  12.5494  4.75854
   vertex 0.668725  12.5594  4.47729
  endloop
 endfacet
 facet normal -0.0120604 -0.999307 0.0352037
  outer loop
   vertex 0.668725  12.5594  4.47729
   vertex -0.143795  12.5803  4.78979
   vertex -0.396911  12.5734  4.50854
  endloop
 endfacet
 facet normal 0.440171 -0.128704 -0.888642
  outer loop
   vertex -13.6502  2.65135 -0.303963
   vertex -13.3774  3.80012 -0.335213
   vertex -12.3031  2.51167 0.383537
  endloop
 endfacet
 facet normal -0.782206 0.623003 0.00457253
  outer loop
   vertex  9.47601 -8.15034 -0.960217
   vertex  9.98375 -7.51515 -0.647717
   vertex  10.1399 -7.31709 -0.928967
  endloop
 endfacet
 facet normal 0.781272 -0.621966 0.0526565
  outer loop
   vertex -9.97186  7.65916 -1.80396
   vertex -10.1171  7.45293 -2.08521
   vertex -9.45199  8.28572 -2.11646
  endloop
 endfacet
 facet normal  0.76852 -0.639811 -0.00433867
  outer loop
   vertex -9.97186  7.65916 -1.80396
   vertex -9.45199  8.28572 -2.11646
   vertex -9.29013  8.47823 -1.83521
  endloop
 endfacet
 facet normal 0.726592 -0.685185 0.0508476
  outer loop
   vertex -9.29013  8.47823 -1.83521
   vertex -9.45199  8.28572 -2.11646
   vertex -8.71976  9.05988 -2.14771
  endloop
 endfacet
 facet normal 0.709203 -0.70479 -0.0173826
  outer loop
   vertex -9.29013  8.47823 -1.83521
   vertex -8.71976  9.05988 -2.14771
   vertex -8.53947  9.23437 -1.86646
  endloop
 endfacet
 facet normal 0.666179 -0.744965 0.0351215
  outer loop
   vertex -8.53947  9.23437 -1.86646
   vertex -8.71976  9.05988 -2.14771
   vertex -7.92487  9.76924 -2.17896
  endloop
 endfacet
 facet normal 0.645234 -0.763084 -0.0370856
  outer loop
   vertex -8.53947  9.23437 -1.86646
   vertex -7.92487  9.76924 -2.17896
   vertex -7.72668  9.92315 -1.89771
  endloop
 endfacet
 facet normal 0.599435 -0.800273 0.0155376
  outer loop
   vertex -7.72668  9.92315 -1.89771
   vertex -7.92487  9.76924 -2.17896
   vertex -7.07177  10.4076 -2.21021
  endloop
 endfacet
 facet normal 0.577757 -0.814549 -0.052028
  outer loop
   vertex -7.72668  9.92315 -1.89771
   vertex -7.07177  10.4076 -2.21021
   vertex -6.85846   10.541 -1.92896
  endloop
 endfacet
 facet normal 0.526823 -0.849968 0.00339168
  outer loop
   vertex -6.85846   10.541 -1.92896
   vertex -7.07177  10.4076 -2.21021
   vertex -6.16595  10.9689 -2.24146
  endloop
 endfacet
 facet normal  0.50768 -0.859934 -0.0526788
  outer loop
   vertex -6.85846   10.541 -1.92896
   vertex -6.16595  10.9689 -2.24146
   vertex -5.94152  11.0842 -1.96021
  endloop
 endfacet
 facet normal 0.580708 0.813055 0.0414629
  outer loop
   vertex -7.72412 -9.82781 0.789783
   vertex  -7.0701 -10.3109  1.10228
   vertex -6.85757 -10.4483 0.821033
  endloop
 endfacet
 facet normal -0.726512 0.686947 0.0168836
  outer loop
   vertex  8.74359 -8.92418 -0.991467
   vertex  9.30567 -8.33741 -0.678967
   vertex  9.47601 -8.15034 -0.960217
  endloop
 endfacet
 facet normal -0.453815 0.0198345 -0.890875
  outer loop
   vertex  12.5218 -0.128271  3.91479
   vertex  13.1913  0.61236   3.5902
   vertex  13.8761 -0.0190595  3.22729
  endloop
 endfacet
 facet normal 0.215499 -0.975234 0.0497862
  outer loop
   vertex -2.96539  12.2305 -2.05396
   vertex -3.20861  12.1624 -2.33521
   vertex -2.16758  12.3908 -2.36646
  endloop
 endfacet
 facet normal 0.195967 -0.980606 -0.00283359
  outer loop
   vertex -2.96539  12.2305 -2.05396
   vertex -2.16758  12.3908 -2.36646
   vertex -1.92059  12.4394 -2.08521
  endloop
 endfacet
 facet normal 0.133532 -0.989597 0.0535471
  outer loop
   vertex -1.92059  12.4394 -2.08521
   vertex -2.16758  12.3908 -2.36646
   vertex -1.11125  12.5316 -2.39771
  endloop
 endfacet
 facet normal 0.109131 -0.993967 -0.0109403
  outer loop
   vertex -1.92059  12.4394 -2.08521
   vertex -1.11125  12.5316 -2.39771
   vertex -0.861335   12.556 -2.11646
  endloop
 endfacet
 facet normal 0.0495276 -0.997874 0.0423608
  outer loop
   vertex -0.861335   12.556 -2.11646
   vertex -1.11125  12.5316 -2.39771
   vertex -0.0470576  12.5831 -2.42896
  endloop
 endfacet
 facet normal 0.0220391 -0.999325 -0.0293918
  outer loop
   vertex -0.861335   12.556 -2.11646
   vertex -0.0470576  12.5831 -2.42896
   vertex 0.203743  12.5804 -2.14771
  endloop
 endfacet
 facet normal -0.0365001 -0.999073 0.0228123
  outer loop
   vertex 0.203743  12.5804 -2.14771
   vertex -0.0470576  12.5831 -2.42896
   vertex  1.01761  12.5435 -2.46021
  endloop
 endfacet
 facet normal -0.0634307 -0.996851 -0.0475868
  outer loop
   vertex 0.203743  12.5804 -2.14771
   vertex  1.01761  12.5435 -2.46021
   vertex  1.26719  12.5142 -2.17896
  endloop
 endfacet
 facet normal -0.12369 -0.992301 0.00636203
  outer loop
   vertex  1.26719  12.5142 -2.17896
   vertex  1.01761  12.5435 -2.46021
   vertex  2.07521  12.4115 -2.49146
  endloop
 endfacet
 facet normal -0.146912 -0.987607 -0.0552261
  outer loop
   vertex  1.26719  12.5142 -2.17896
   vertex  2.07521  12.4115 -2.49146
   vertex  2.32157  12.3591 -2.21021
  endloop
 endfacet
 facet normal -0.208358 -0.978052 0.000376772
  outer loop
   vertex  2.32157  12.3591 -2.21021
   vertex  2.07521  12.4115 -2.49146
   vertex  3.11772  12.1894 -2.52271
  endloop
 endfacet
 facet normal -0.22861 -0.971991 -0.0545106
  outer loop
   vertex  2.32157  12.3591 -2.21021
   vertex  3.11772  12.1894 -2.52271
   vertex  3.35946  12.1168 -2.24146
  endloop
 endfacet
 facet normal -0.472523 0.881315 0.00238188
  outer loop
   vertex  5.46124 -11.2346  3.50853
   vertex  6.17867 -10.8507  3.82103
   vertex  6.40028 -10.7312  3.53978
  endloop
 endfacet
 facet normal 0.0599856 0.452036 -0.889981
  outer loop
   vertex -1.58621 -12.8333  5.38353
   vertex -0.569023 -13.8296  4.94603
   vertex -1.74572  -13.735  4.91478
  endloop
 endfacet
 facet normal 0.359418 0.933175 -0.0019136
  outer loop
   vertex -4.98469  -11.461 0.883533
   vertex -4.22525 -11.7528  1.19603
   vertex -3.99042 -11.8439 0.914783
  endloop
 endfacet
 facet normal 0.992996  0.11144 -0.03925
  outer loop
   vertex  -12.372 -2.04845  5.38354
   vertex -12.5117 -0.902609  5.10229
   vertex -12.5289 -0.651031  5.38354
  endloop
 endfacet
 facet normal -0.610951 -0.79151 -0.0158652
  outer loop
   vertex  7.19742  10.3082 -2.36646
   vertex  7.26999  10.2572 -2.61646
   vertex  8.04111  9.65759 -2.39771
  endloop
 endfacet
 facet normal -0.62391 -0.778823 0.0645917
  outer loop
   vertex  8.04111  9.65759 -2.39771
   vertex  7.26999  10.2572 -2.61646
   vertex  8.36745  9.37802 -2.61646
  endloop
 endfacet
 facet normal -0.676016 -0.733446 -0.0711355
  outer loop
   vertex  8.04111  9.65759 -2.39771
   vertex  8.36745  9.37802 -2.61646
   vertex  8.82603  8.93716 -2.42896
  endloop
 endfacet
 facet normal -0.706718 -0.703602 0.0741221
  outer loop
   vertex  8.82603  8.93716 -2.42896
   vertex  8.36745  9.37802 -2.61646
   vertex  9.35958   8.3815 -2.61646
  endloop
 endfacet
 facet normal  -0.7342 -0.671756 -0.0984585
  outer loop
   vertex  8.82603  8.93716 -2.42896
   vertex  9.35958   8.3815 -2.61646
   vertex  9.54766  8.15304 -2.46021
  endloop
 endfacet
 facet normal -0.782764 -0.62141 0.0336124
  outer loop
   vertex  9.54766  8.15304 -2.46021
   vertex  9.35958   8.3815 -2.61646
   vertex  10.2339  7.28016 -2.61646
  endloop
 endfacet
 facet normal -0.789593 -0.611398 -0.0523074
  outer loop
   vertex  9.54766  8.15304 -2.46021
   vertex  10.2339  7.28016 -2.61646
   vertex  10.2015  7.31134 -2.49146
  endloop
 endfacet
 facet normal -0.836537 -0.541763 -0.0818488
  outer loop
   vertex  10.2015  7.31134 -2.49146
   vertex  10.2339  7.28016 -2.61646
   vertex   10.783  6.41819 -2.52271
  endloop
 endfacet
 facet normal -0.84438 -0.527961 0.0909884
  outer loop
   vertex   10.783  6.41819 -2.52271
   vertex  10.2339  7.28016 -2.61646
   vertex  10.9794  6.08786 -2.61646
  endloop
 endfacet
 facet normal -0.866211 -0.459216 -0.196976
  outer loop
   vertex   10.783  6.41819 -2.52271
   vertex  10.9794  6.08786 -2.61646
   vertex  11.2876  5.47971 -2.55396
  endloop
 endfacet
 facet normal -0.876017 -0.419487 0.237959
  outer loop
   vertex  11.2876  5.47971 -2.55396
   vertex  10.9794  6.08786 -2.61646
   vertex  11.5867  4.81958 -2.61646
  endloop
 endfacet
 facet normal -0.883028 -0.37319 -0.284589
  outer loop
   vertex  11.2876  5.47971 -2.55396
   vertex  11.5867  4.81958 -2.61646
   vertex  11.7109  4.50204 -2.58521
  endloop
 endfacet
 facet normal -0.871764 -0.302884 0.385082
  outer loop
   vertex  11.7109  4.50204 -2.58521
   vertex  11.5867  4.81958 -2.61646
   vertex  12.0482  3.49128 -2.61646
  endloop
 endfacet
 facet normal 0.972989 0.221627 -0.0645989
  outer loop
   vertex -12.0597 -3.41952  5.38354
   vertex -12.1689  -3.0039  5.16479
   vertex  -12.372 -2.04845  5.38354
  endloop
 endfacet
 facet normal 0.978752 0.204432 0.0158557
  outer loop
   vertex  -12.372 -2.04845  5.38354
   vertex -12.1689  -3.0039  5.16479
   vertex -12.3863  -1.9609  5.13354
  endloop
 endfacet
 facet normal 0.954891  0.28831  0.07113
  outer loop
   vertex -12.1689  -3.0039  5.16479
   vertex -12.0597 -3.41952  5.38354
   vertex -11.8631 -4.02448  5.19604
  endloop
 endfacet
 facet normal 0.941434 0.328953 -0.0741134
  outer loop
   vertex -11.8631 -4.02448  5.19604
   vertex -12.0597 -3.41952  5.38354
   vertex -11.5959   -4.747  5.38354
  endloop
 endfacet
 facet normal 0.924765 0.367577 0.0984766
  outer loop
   vertex -11.8631 -4.02448  5.19604
   vertex -11.5959   -4.747  5.38354
   vertex -11.4724  -5.0159  5.22729
  endloop
 endfacet
 facet normal 0.900651 0.433243 -0.0335986
  outer loop
   vertex -11.4724  -5.0159  5.22729
   vertex -11.5959   -4.747  5.38354
   vertex -10.9863  -6.0142  5.38354
  endloop
 endfacet
 facet normal 0.894622 0.443752 0.0523005
  outer loop
   vertex -11.4724  -5.0159  5.22729
   vertex -10.9863  -6.0142  5.38354
   vertex -11.0002 -5.97143  5.25854
  endloop
 endfacet
 facet normal 0.852444 0.516373 0.0818429
  outer loop
   vertex -11.0002 -5.97143  5.25854
   vertex -10.9863  -6.0142  5.38354
   vertex -10.4503 -6.88431  5.28979
  endloop
 endfacet
 facet normal 0.843447 0.529452 -0.0909828
  outer loop
   vertex -10.4503 -6.88431  5.28979
   vertex -10.9863  -6.0142  5.38354
   vertex -10.2387 -7.20518  5.38354
  endloop
 endfacet
 facet normal  0.79111 0.579086 0.196988
  outer loop
   vertex -10.4503 -6.88431  5.28979
   vertex -10.2387 -7.20518  5.38354
   vertex -9.82595 -7.74782  5.32104
  endloop
 endfacet
 facet normal  0.75964 0.605245 -0.237962
  outer loop
   vertex -9.82595 -7.74782  5.32104
   vertex -10.2387 -7.20518  5.38354
   vertex -9.36246 -8.30497  5.38354
  endloop
 endfacet
 facet normal 0.721043 0.631753 0.284577
  outer loop
   vertex -9.82595 -7.74782  5.32104
   vertex -9.36246 -8.30497  5.38354
   vertex -9.13088  -8.5552  5.35229
  endloop
 endfacet
 facet normal 0.652863 0.652286 -0.385089
  outer loop
   vertex -9.13088  -8.5552  5.35229
   vertex -9.36246 -8.30497  5.38354
   vertex -8.36858 -9.29974  5.38354
  endloop
 endfacet
 facet normal -0.933524 0.358135 -0.0164777
  outer loop
   vertex  13.2136 -4.21827  5.38354
   vertex  12.8686  -5.1462  4.75854
   vertex  12.6733 -5.62658  5.38354
  endloop
 endfacet
 facet normal 0.976982 0.211359 -0.02888
  outer loop
   vertex -13.4448 -3.45561  4.47729
   vertex -13.6033 -2.81263  3.82104
   vertex -13.6953  -2.3017  4.44604
  endloop
 endfacet
 facet normal -0.498092 -0.867095 -0.00708068
  outer loop
   vertex  6.39893  12.3727  1.32104
   vertex  6.97559  12.0468 0.664791
   vertex  7.42287  11.7848  1.28979
  endloop
 endfacet
 facet normal -0.254831 -0.966481 -0.031244
  outer loop
   vertex  2.95349  13.6117  3.72729
   vertex  3.59926  13.4627  3.07104
   vertex  4.09559  13.3116  3.69604
  endloop
 endfacet
 facet normal 0.070608 -0.997442 -0.0111719
  outer loop
   vertex -1.61481  13.8459  1.53979
   vertex -0.953639  13.9001 0.883541
   vertex -0.437385  13.9296  1.50854
  endloop
 endfacet
 facet normal 0.413139 0.910437 -0.0205047
  outer loop
   vertex -5.16593 -12.8504  4.82103
   vertex -5.77594 -12.5884  4.16478
   vertex -6.24123 -12.3632  4.78978
  endloop
 endfacet
 facet normal -0.980812 -0.194335 -0.0155748
  outer loop
   vertex  13.4808  3.36349  1.00854
   vertex  13.6199  2.71448 0.352287
   vertex  13.7108  2.20565 0.977287
  endloop
 endfacet
 facet normal -0.765481 -0.642662 -0.0319889
  outer loop
   vertex   10.226  9.42998 -1.11646
   vertex  10.6682  8.93589 -1.77271
   vertex  10.9861  8.52621 -1.14771
  endloop
 endfacet
 facet normal -0.816412 -0.57677 -0.0284048
  outer loop
   vertex  10.9861  8.52621 -1.14771
   vertex  11.3832  7.99636 -1.80396
   vertex  11.6681  7.56231 -1.17896
  endloop
 endfacet
 facet normal 0.804576 -0.593705 -0.0130864
  outer loop
   vertex -11.5079  7.83579  4.16479
   vertex -11.1221  8.37304  3.50854
   vertex -10.8073  8.78587  4.13354
  endloop
 endfacet
 facet normal 0.978867 0.203172 -0.0232527
  outer loop
   vertex -13.4776 -3.33078  2.16479
   vertex  -13.627  -2.6863  1.50854
   vertex -13.7183 -2.17488  2.13354
  endloop
 endfacet
 facet normal 0.762091 0.647453 -0.00459084
  outer loop
   vertex -10.2057  -9.3889 0.0397835
   vertex -10.6369 -8.88597 -0.616467
   vertex -10.9703 -8.48912 0.00853348
  endloop
 endfacet
 facet normal  0.81565 0.578494 -0.00773406
  outer loop
   vertex -10.9703 -8.48912 0.00853348
   vertex -11.3582 -7.95101 -0.647717
   vertex -11.6534 -7.52637 -0.0227165
  endloop
 endfacet
 facet normal 0.421236 0.906585 -0.0257734
  outer loop
   vertex -5.28466 -12.8006  2.50853
   vertex -5.89358 -12.5363  1.85228
   vertex -6.35574 -12.3038  2.47728
  endloop
 endfacet
 facet normal -0.242883 0.969683 -0.0268737
  outer loop
   vertex  3.97044  -13.259  2.75853
   vertex  3.33109 -13.4373  2.10228
   vertex   2.8253 -13.5467  2.72728
  endloop
 endfacet
 facet normal -0.160918 0.986456 -0.03177
  outer loop
   vertex   2.8253 -13.5467  2.72728
   vertex  2.17447  -13.674  2.07103
   vertex  1.65999 -13.7378  2.69603
  endloop
 endfacet
 facet normal -0.0782386 0.996508 -0.0291487
  outer loop
   vertex  1.65999 -13.7378  2.69603
   vertex  1.00147 -13.8087  2.03978
   vertex 0.482853 -13.8311  2.66478
  endloop
 endfacet
 facet normal 0.00530679 0.999761 -0.0212078
  outer loop
   vertex 0.482853 -13.8311  2.66478
   vertex -0.178524 -13.8415  2.00853
   vertex -0.697746 -13.8255  2.63353
  endloop
 endfacet
 facet normal  0.98067 0.194447 -0.0218437
  outer loop
   vertex -13.5092 -3.20577 -0.147713
   vertex -13.6519 -2.55983 -0.803963
   vertex -13.7395 -2.04786 -0.178963
  endloop
 endfacet
 facet normal -0.0606536 0.997742 -0.0288283
  outer loop
   vertex  1.40371 -13.7671 -1.92897
   vertex 0.744057 -13.8261 -2.58522
   vertex 0.225251 -13.8396 -1.96022
  endloop
 endfacet
 facet normal -0.571987 -0.820209 -0.00932428
  outer loop
   vertex  7.42287  11.7848  1.28979
   vertex  7.97034  11.4105 0.633541
   vertex  8.39135  11.1098  1.25854
  endloop
 endfacet
 facet normal -0.640299 -0.767934 -0.0171636
  outer loop
   vertex  8.39135  11.1098  1.25854
   vertex  8.90834  10.6934 0.602291
   vertex  9.29836  10.3542  1.22729
  endloop
 endfacet
 facet normal -0.324039 0.945872 -0.018022
  outer loop
   vertex  5.08703 -12.8759  2.78978
   vertex  4.46298 -13.1022  2.13353
   vertex  3.97044  -13.259  2.75853
  endloop
 endfacet
 facet normal -0.404114 0.914655 -0.00996361
  outer loop
   vertex  6.16673 -12.3985  2.82103
   vertex  5.56271 -12.6725  2.16478
   vertex  5.08703 -12.8759  2.78978
  endloop
 endfacet
 facet normal -0.482481 0.875877 -0.00717466
  outer loop
   vertex  7.20084 -11.8286  2.85228
   vertex  6.62285 -12.1523  2.19603
   vertex  6.16673 -12.3985  2.82103
  endloop
 endfacet
 facet normal 0.633075 0.773766 -0.0224368
  outer loop
   vertex -8.35542 -11.0511  2.41478
   vertex -8.87662 -10.6437  1.75853
   vertex -9.26963  -10.304  2.38353
  endloop
 endfacet
 facet normal -0.624845 0.780495 -0.0199237
  outer loop
   vertex  9.10263  -10.433  2.91478
   vertex  8.59459 -10.8565  2.25853
   vertex  8.18141 -11.1713  2.88353
  endloop
 endfacet
 facet normal  0.75544 0.655172 -0.00770512
  outer loop
   vertex -10.1172 -9.48234  2.35229
   vertex -10.5549  -8.9854  1.69603
   vertex -10.8909 -8.59056  2.32104
  endloop
 endfacet
 facet normal  0.73618 -0.676735 -0.00833453
  outer loop
   vertex -10.6445  8.98528 -0.491459
   vertex -10.1999  9.47704 -1.14771
   vertex -9.84577  9.85455 -0.522709
  endloop
 endfacet
 facet normal -0.386268  0.92226 -0.0152851
  outer loop
   vertex  5.93446 -12.5096 -1.80397
   vertex  5.32624 -12.7752 -2.46022
   vertex  4.84584  -12.966 -1.83522
  endloop
 endfacet
 facet normal -0.804189 0.593894 -0.0238879
  outer loop
   vertex  11.5268 -7.68807  5.32104
   vertex  11.1451 -8.23131  4.66479
   vertex   10.826 -8.63824  5.28979
  endloop
 endfacet
 facet normal -0.889358 0.457082 -0.010874
  outer loop
   vertex  12.6199 -5.74376  3.07104
   vertex   12.323 -6.33698  2.41479
   vertex  12.0805 -6.79385  3.03979
  endloop
 endfacet
 facet normal 0.920247 -0.390151 -0.0304536
  outer loop
   vertex -13.0096  4.92224 -0.366463
   vertex -12.7695  5.53976 -1.02271
   vertex -12.5496  6.00978 -0.397713
  endloop
 endfacet
 facet normal -0.955149 0.295943 -0.0103768
  outer loop
   vertex  13.4148 -3.52274  3.13354
   vertex  13.2255 -4.15673  2.47729
   vertex  13.0657 -4.65041  3.10229
  endloop
 endfacet
 facet normal 0.252061 -0.967603 -0.0144557
  outer loop
   vertex -4.04865  13.3344  3.91479
   vertex -3.41111  13.5103  3.25854
   vertex -2.90643  13.6324  3.88354
  endloop
 endfacet
 facet normal -0.952197 0.305377 -0.00808342
  outer loop
   vertex  13.3824 -3.64729 0.821037
   vertex  13.1853  -4.2793 0.164787
   vertex  13.0221 -4.77155 0.789787
  endloop
 endfacet
 facet normal 0.503039 0.863676 -0.0318671
  outer loop
   vertex -6.46991 -12.2438 0.164783
   vertex -7.05308 -11.9283 -0.491467
   vertex -7.49084 -11.6503 0.133533
  endloop
 endfacet
 facet normal -0.998953 -0.0354548 -0.0289229
  outer loop
   vertex  13.8334  1.16095  3.25854
   vertex  13.8759 0.498694  2.60229
   vertex  13.8761 -0.0190595  3.22729
  endloop
 endfacet
 facet normal -0.992622 -0.119471 -0.0207133
  outer loop
   vertex  13.6916  2.33296  3.28979
   vertex  13.7845   1.6756  2.63354
   vertex  13.8334  1.16095  3.25854
  endloop
 endfacet
 facet normal 0.952247 -0.303873 -0.0297686
  outer loop
   vertex -13.4124    3.676  1.97729
   vertex -13.2294  4.31378  1.32104
   vertex -13.0543  4.80123  1.94604
  endloop
 endfacet
 facet normal 0.469475 -0.882297 -0.033846
  outer loop
   vertex -7.04819  12.0129 -0.616459
   vertex -6.47386  12.3437 -1.27271
   vertex -6.00624  12.5685 -0.647709
  endloop
 endfacet
 facet normal -0.334562 -0.942044 -0.0249218
  outer loop
   vertex  4.09559  13.3116  3.69604
   vertex  4.72445  13.1056  3.03979
   vertex  5.20847  12.9172  3.66479
  endloop
 endfacet
 facet normal 0.639978 0.768186 -0.0178383
  outer loop
   vertex -8.45864 -10.9738 0.102283
   vertex -8.97405 -10.5597 -0.553967
   vertex -9.36602 -10.2186 0.0710335
  endloop
 endfacet
 facet normal 0.165356  0.98619 -0.00936598
  outer loop
   vertex -1.74572  -13.735  4.91478
   vertex -2.39934 -13.6316  4.25853
   vertex    -2.91 -13.5401  4.88353
  endloop
 endfacet
 facet normal 0.743168 -0.669068 -0.00701968
  outer loop
   vertex -10.7269  8.88622  1.82104
   vertex -10.2868  9.38187  1.16479
   vertex   -9.937  9.76388  1.78979
  endloop
 endfacet
 facet normal -0.978928 -0.203857 -0.0119161
  outer loop
   vertex  13.4506  3.48855  3.32104
   vertex  13.5935  2.84067  2.66479
   vertex  13.6916  2.33296  3.28979
  endloop
 endfacet
 facet normal -0.306538 0.951544 -0.0244458
  outer loop
   vertex  4.84584  -12.966 -1.83522
   vertex  4.21906 -13.1848 -2.49147
   vertex  3.72231 -13.3288 -1.86647
  endloop
 endfacet
 facet normal -0.09902 -0.994668 -0.0288191
  outer loop
   vertex 0.742985  13.9126  1.47729
   vertex  1.40513  13.8657 0.821041
   vertex  1.91802  13.7966  1.44604
  endloop
 endfacet
 facet normal 0.809837 0.586593 -0.00855367
  outer loop
   vertex -10.8909 -8.59056  2.32104
   vertex -11.2845 -8.05684  1.66478
   vertex -11.5837 -7.63455  2.28979
  endloop
 endfacet
 facet normal -0.540177 0.841516 -0.00768291
  outer loop
   vertex  7.97331 -11.3229 -1.74147
   vertex   7.4188 -11.6849 -2.39772
   vertex  6.97987 -11.9609 -1.77272
  endloop
 endfacet
 facet normal -0.897822 -0.440157 -0.0132895
  outer loop
   vertex  12.2054  6.65802  1.10229
   vertex  12.5044  6.06805 0.446037
   vertex  12.7254  5.59828  1.07104
  endloop
 endfacet
 facet normal -0.989923 0.139574 -0.0238908
  outer loop
   vertex  13.8088 -1.32713 0.883537
   vertex   13.732 -1.98427 0.227287
   vertex  13.6447 -2.49634 0.852287
  endloop
 endfacet
 facet normal -0.925863 0.377793 -0.00712132
  outer loop
   vertex  13.0657 -4.65041  3.10229
   vertex  12.8197  -5.2657  2.44604
   vertex  12.6199 -5.74376  3.07104
  endloop
 endfacet
 facet normal 0.484555 -0.874201 -0.0312904
  outer loop
   vertex -7.27063  11.8821  4.00854
   vertex -6.70071  12.2215  3.35229
   vertex  -6.2383  12.4555  3.97729
  endloop
 endfacet
 facet normal -0.880356 0.474028 -0.0164667
  outer loop
   vertex   12.509 -5.97614 -1.55396
   vertex  12.2039  -6.5656 -2.21021
   vertex  11.9498 -7.01576 -1.58522
  endloop
 endfacet
 facet normal -0.0052759 -0.999883 -0.014376
  outer loop
   vertex -0.565906  13.9272  3.82104
   vertex 0.0977178  13.9332  3.16479
   vertex 0.614525  13.9215  3.78979
  endloop
 endfacet
 facet normal -0.917998 0.396482 -0.00903705
  outer loop
   vertex  12.9769  -4.8922 -1.52271
   vertex  12.7194 -5.50334 -2.17896
   vertex   12.509 -5.97614 -1.55396
  endloop
 endfacet
 facet normal 0.175493 0.984453 -0.00737474
  outer loop
   vertex -1.87345 -13.7198  2.60228
   vertex -2.52636 -13.6083  1.94603
   vertex -3.03588 -13.5128  2.57103
  endloop
 endfacet
 facet normal 0.696236 0.717686 -0.0135184
  outer loop
   vertex -9.26963  -10.304  2.38353
   vertex  -9.7505 -9.84986  1.72728
   vertex -10.1172 -9.48234  2.35229
  endloop
 endfacet
 facet normal  0.70301 0.711126 -0.00875593
  outer loop
   vertex -9.36602 -10.2186 0.0710335
   vertex -9.84042  -9.7577 -0.585217
   vertex -10.2057  -9.3889 0.0397835
  endloop
 endfacet
 facet normal 0.566165  0.82375 -0.0298971
  outer loop
   vertex -7.38172 -11.7192  2.44603
   vertex -7.93856 -11.3603  1.78978
   vertex -8.35542 -11.0511  2.41478
  endloop
 endfacet
 facet normal -0.963113 -0.268924 -0.00964648
  outer loop
   vertex  13.1927  4.37512 -1.27271
   vertex  13.3772  3.73803 -1.92896
   vertex  13.5105  3.23817 -1.30396
  endloop
 endfacet
 facet normal 0.862133 0.506422 -0.0162152
  outer loop
   vertex -11.6534 -7.52637 -0.0227165
   vertex -11.9989 -6.95931 -0.678967
   vertex -12.2518 -6.50873 -0.0539627
  endloop
 endfacet
 facet normal -0.836878 0.546795 -0.0254818
  outer loop
   vertex  11.9498 -7.01576 -1.58522
   vertex  11.6009 -7.58044 -2.24146
   vertex  11.3047  -8.0046 -1.61647
  endloop
 endfacet
 facet normal  0.94954 -0.312121 -0.0308958
  outer loop
   vertex -13.3774  3.80012 -0.335213
   vertex -13.1897  4.43627 -0.991463
   vertex -13.0096  4.92224 -0.366463
  endloop
 endfacet
 facet normal 0.410072 -0.911538 -0.0306477
  outer loop
   vertex  -6.2383  12.4555  3.97729
   vertex -5.64257  12.7455  3.32104
   vertex -5.16178  12.9408  3.94604
  endloop
 endfacet
 facet normal 0.998942 0.0444564 -0.0117587
  outer loop
   vertex -13.8482 -1.13106  4.41479
   vertex -13.8853 -0.470612  3.75854
   vertex -13.9011 0.0481971  4.38354
  endloop
 endfacet
 facet normal 0.992674 0.120024 -0.0138426
  outer loop
   vertex -13.7183 -2.17488  2.13354
   vertex -13.8067 -1.51956  1.47729
   vertex -13.8604   -1.003  2.10229
  endloop
 endfacet
 facet normal 0.402602 -0.914978 -0.0269658
  outer loop
   vertex -6.12287  12.5134  1.66479
   vertex -5.52429  12.7961  1.00854
   vertex -5.04246  12.9897  1.63354
  endloop
 endfacet
 facet normal -0.921855 0.387455 -0.00785003
  outer loop
   vertex  13.0221 -4.77155 0.789787
   vertex    12.77 -5.38475 0.133537
   vertex  12.5649 -5.86011 0.758537
  endloop
 endfacet
 facet normal 0.988773 -0.148589 -0.0158013
  outer loop
   vertex -13.8252  1.48389 -0.272713
   vertex -13.7368  2.14176 -0.928963
   vertex -13.6502  2.65135 -0.303963
  endloop
 endfacet
 facet normal -0.696472 -0.717244 -0.0221082
  outer loop
   vertex  9.20347  10.4413  3.53979
   vertex  9.68975  9.98928  2.88354
   vertex  10.0509  9.61931  3.50854
  endloop
 endfacet
 facet normal 0.333921 0.942529 -0.0116827
  outer loop
   vertex -4.05312 -13.2443  4.85228
   vertex -4.68101   -13.03  4.19603
   vertex -5.16593 -12.8504  4.82103
  endloop
 endfacet
 facet normal -0.740034 0.671837 -0.0313916
  outer loop
   vertex  10.6619 -8.83741 0.664783
   vertex  10.2319 -9.34175 0.00853348
   vertex   9.8689 -9.71239 0.633533
  endloop
 endfacet
 facet normal 0.394488 -0.918486 -0.027626
  outer loop
   vertex -6.00624  12.5685 -0.647709
   vertex -5.40564  12.8462 -1.30396
   vertex -4.92175  13.0352 -0.678959
  endloop
 endfacet
 facet normal 0.689573 0.723968 -0.018961
  outer loop
   vertex -9.17208 -10.3881  4.69603
   vertex -9.65945  -9.9411  4.03979
   vertex -10.0273 -9.57435  4.66479
  endloop
 endfacet
 facet normal -0.489125 -0.872171 -0.00863934
  outer loop
   vertex  6.28392  12.4304  3.63354
   vertex    6.864  12.1116  2.97729
   vertex  7.31372  11.8532  3.60229
  endloop
 endfacet
 facet normal -0.563403 -0.826148 -0.00748378
  outer loop
   vertex  7.31372  11.8532  3.60229
   vertex  7.86416  11.4838  2.94604
   vertex  8.28935  11.1881  3.57104
  endloop
 endfacet
 facet normal -0.632928  -0.7741 -0.0130831
  outer loop
   vertex  8.28935  11.1881  3.57104
   vertex  8.80844  10.7748  2.91479
   vertex  9.20347  10.4413  3.53979
  endloop
 endfacet
 facet normal 0.974594 -0.222894 -0.0220111
  outer loop
   vertex  -13.675  2.52494  2.00854
   vertex -13.5411  3.17527  1.35229
   vertex -13.4124    3.676  1.97729
  endloop
 endfacet
 facet normal -0.234307 0.971709 -0.0296829
  outer loop
   vertex  3.84647 -13.2942 0.446033
   vertex  3.20626 -13.4686 -0.210217
   vertex  2.69878 -13.5719 0.414783
  endloop
 endfacet
 facet normal -0.152444 0.987803 -0.0317205
  outer loop
   vertex  2.69878 -13.5719 0.414783
   vertex  2.04713 -13.6935 -0.241467
   vertex  1.53186  -13.753 0.383533
  endloop
 endfacet
 facet normal -0.0696503 0.997222 -0.0264056
  outer loop
   vertex  1.53186  -13.753 0.383533
   vertex 0.873005 -13.8164 -0.272717
   vertex 0.354043 -13.8361 0.352283
  endloop
 endfacet
 facet normal -0.412678 -0.910739 -0.0158451
  outer loop
   vertex  5.20847  12.9172  3.66479
   vertex  5.81506  12.6537  3.00854
   vertex  6.28392  12.4304  3.63354
  endloop
 endfacet
 facet normal -0.928755 -0.370574 -0.0094565
  outer loop
   vertex  12.6723  5.71545  3.38354
   vertex  12.9233  5.10313  2.72729
   vertex    13.11  4.61913  3.35229
  endloop
 endfacet
 facet normal 0.250672 0.968046 -0.00702934
  outer loop
   vertex    -2.91 -13.5401  4.88353
   vertex -3.55275 -13.3784  4.22728
   vertex -4.05312 -13.2443  4.85228
  endloop
 endfacet
 facet normal 0.541273 -0.840218 -0.0325085
  outer loop
   vertex -8.04031  11.3726 -0.585209
   vertex -7.49432  11.7497 -1.24146
   vertex -7.04819  12.0129 -0.616459
  endloop
 endfacet
 facet normal -0.251534 0.967594 -0.0221872
  outer loop
   vertex  4.09408 -13.2229  5.07103
   vertex  3.45533  -13.404  4.41478
   vertex  2.95164 -13.5206  5.03978
  endloop
 endfacet
 facet normal 0.488222 0.872243 -0.0288519
  outer loop
   vertex -6.24123 -12.3632  4.78978
   vertex -6.82935 -12.0557  4.13353
   vertex -7.27203 -11.7872  4.75853
  endloop
 endfacet
 facet normal 0.559251 0.828376 -0.0321102
  outer loop
   vertex -7.27203 -11.7872  4.75853
   vertex -7.83305 -11.4339  4.10228
   vertex -8.25131 -11.1273  4.72728
  endloop
 endfacet
 facet normal 0.626362 0.779039 -0.0277117
  outer loop
   vertex -8.25131 -11.1273  4.72728
   vertex -8.77847 -10.7268  4.07103
   vertex -9.17208 -10.3881  4.69603
  endloop
 endfacet
 facet normal -0.351359 -0.936052 -0.0188137
  outer loop
   vertex  4.34163  13.2345 -0.928959
   vertex  4.96502  13.0137 -1.58521
   vertex  5.44707  12.8201 -0.960209
  endloop
 endfacet
 facet normal -0.429729 -0.902896 -0.0105307
  outer loop
   vertex  5.44707  12.8201 -0.960209
   vertex  6.04743  12.5421 -1.61646
   vertex   6.5131  12.3131 -0.991459
  endloop
 endfacet
 facet normal -0.506543 -0.862184 -0.00719264
  outer loop
   vertex   6.5131  12.3131 -0.991459
   vertex   7.0868  11.9816 -1.64771
   vertex  7.53128  11.7152 -1.02271
  endloop
 endfacet
 facet normal  -0.5798 -0.814686 -0.0108811
  outer loop
   vertex  7.53128  11.7152 -1.02271
   vertex  8.07584  11.3364 -1.67896
   vertex  8.49326   11.031 -1.05396
  endloop
 endfacet
 facet normal -0.0149022 -0.99969 -0.019963
  outer loop
   vertex -0.437385  13.9296  1.50854
   vertex 0.226574  13.9328 0.852291
   vertex 0.742985  13.9126  1.47729
  endloop
 endfacet
 facet normal 0.857383 0.514444 -0.0155424
  outer loop
   vertex -11.5837 -7.63455  2.28979
   vertex -11.9339 -7.07076  1.63353
   vertex -12.1915 -6.62258  2.25854
  endloop
 endfacet
 facet normal 0.955902  0.29193 -0.0320641
  outer loop
   vertex -13.0989 -4.58471  4.50854
   vertex -13.3126 -3.95698  3.85229
   vertex -13.4448 -3.45561  4.47729
  endloop
 endfacet
 facet normal 0.023696 0.999418 -0.0245344
  outer loop
   vertex 0.225251 -13.8396 -1.96022
   vertex -0.436882   -13.84 -2.61647
   vertex -0.954902 -13.8124 -1.99147
  endloop
 endfacet
 facet normal -0.861973 -0.506559 -0.0200143
  outer loop
   vertex  11.6681  7.56231 -1.17896
   vertex  12.0145  6.99887 -1.83521
   vertex  12.2668   6.5448 -1.21021
  endloop
 endfacet
 facet normal -0.901935 -0.431722 -0.0113561
  outer loop
   vertex  12.2668   6.5448 -1.21021
   vertex  12.5591  5.95137 -1.86646
   vertex  12.7768   5.4802 -1.24146
  endloop
 endfacet
 facet normal 0.960771  0.27575 -0.0296877
  outer loop
   vertex -13.1826  -4.3405 -0.116463
   vertex  -13.384 -3.70947 -0.772713
   vertex -13.5092 -3.20577 -0.147713
  endloop
 endfacet
 facet normal 0.495578 0.867993 -0.0314775
  outer loop
   vertex -6.35574 -12.3038  2.47728
   vertex -6.94169 -11.9931  1.82103
   vertex -7.38172 -11.7192  2.44603
  endloop
 endfacet
 facet normal 0.901629 0.431749 -0.0256357
  outer loop
   vertex -12.2518 -6.50873 -0.0539627
   vertex -12.5536 -5.91739 -0.710213
   vertex -12.7625 -5.44413 -0.0852127
  endloop
 endfacet
 facet normal 0.954891 -0.295789 -0.0262988
  outer loop
   vertex  -13.447  3.55179  4.28979
   vertex -13.2672  4.19077  3.63354
   vertex -13.0985  4.67987  4.25854
  endloop
 endfacet
 facet normal 0.926649 -0.374581 -0.0317813
  outer loop
   vertex -13.0985  4.67987  4.25854
   vertex -12.8694  5.30226  3.60229
   vertex -12.6568  5.77505  4.22729
  endloop
 endfacet
 facet normal 0.892301 -0.450453 -0.0298581
  outer loop
   vertex -12.6568  5.77505  4.22729
   vertex -12.3759  6.37496  3.57104
   vertex -12.1255   6.8296  4.19604
  endloop
 endfacet
 facet normal -0.97272 0.231639 -0.0126458
  outer loop
   vertex  13.6213 -2.62299 -1.46021
   vertex  13.4762 -3.26832 -2.11646
   vertex  13.3482 -3.77142 -1.49146
  endloop
 endfacet
 facet normal 0.0142631 0.999745 -0.017532
  outer loop
   vertex 0.354043 -13.8361 0.352283
   vertex -0.307285 -13.8382 -0.303967
   vertex -0.826362 -13.8198 0.321033
  endloop
 endfacet
 facet normal -0.932463 -0.361187 -0.007475
  outer loop
   vertex  12.7254  5.59828  1.07104
   vertex  12.9692  4.98257 0.414787
   vertex  13.1521   4.4974  1.03979
  endloop
 endfacet
 facet normal -0.960477 -0.278231 -0.00846224
  outer loop
   vertex  13.1521   4.4974  1.03979
   vertex  13.3419  3.86206 0.383537
   vertex  13.4808  3.36349  1.00854
  endloop
 endfacet
 facet normal -0.798814  0.60093 -0.0279287
  outer loop
   vertex  11.4535 -7.79406  3.00854
   vertex  11.0693 -8.33525  2.35229
   vertex  10.7444 -8.73815  2.97729
  endloop
 endfacet
 facet normal 0.897782  0.43975 -0.0246387
  outer loop
   vertex -12.1915 -6.62258  2.25854
   vertex  -12.498 -6.03371  1.60229
   vertex -12.7115 -5.56262  2.22729
  endloop
 endfacet
 facet normal -0.751416 0.659104 -0.0309212
  outer loop
   vertex   10.826 -8.63824  5.28979
   vertex   10.404 -9.15014  4.63354
   vertex   10.048 -9.52661  5.25854
  endloop
 endfacet
 facet normal -0.693889 0.719398 -0.0313748
  outer loop
   vertex   10.048 -9.52661  5.25854
   vertex  9.58558 -10.0013  4.60228
   vertex  9.19878 -10.3471  5.22728
  endloop
 endfacet
 facet normal -0.631613 0.774885 -0.0248473
  outer loop
   vertex  9.19878 -10.3471  5.22728
   vertex  8.69635 -10.7777  4.57103
   vertex   8.2841 -11.0937  5.19603
  endloop
 endfacet
 facet normal -0.617818 0.786155 -0.0161645
  outer loop
   vertex  9.00571  -10.518 0.602283
   vertex  8.49236 -10.9349 -0.0539665
   vertex  8.07786 -11.2478 0.571033
  endloop
 endfacet
 facet normal -0.991005 0.131012 -0.0272818
  outer loop
   vertex  13.8204 -1.19863  3.19604
   vertex  13.7514 -1.85705  2.53979
   vertex  13.6665 -2.36933  3.16479
  endloop
 endfacet
 facet normal -0.998337 0.0480319 -0.031873
  outer loop
   vertex  13.8761 -0.0190595  3.22729
   vertex  13.8652 -0.681972  2.57104
   vertex  13.8204 -1.19863  3.19604
  endloop
 endfacet
 facet normal  0.99018 -0.139226 -0.0126682
  outer loop
   vertex  -13.839  1.35593  2.03979
   vertex -13.7548  2.01425  1.38354
   vertex  -13.675  2.52494  2.00854
  endloop
 endfacet
 facet normal -0.982547 -0.185173 -0.0176679
  outer loop
   vertex  13.5105  3.23817 -1.30396
   vertex  13.6448  2.58808 -1.96021
   vertex  13.7296   2.0782 -1.33521
  endloop
 endfacet
 facet normal 0.0614385 -0.998039 -0.0119717
  outer loop
   vertex -1.48674  13.8602 -0.772709
   vertex -0.825061  13.9088 -1.42896
   vertex -0.30854  13.9331 -0.803959
  endloop
 endfacet
 facet normal 0.923552 -0.382183 -0.0314243
  outer loop
   vertex -13.0543  4.80123  1.94604
   vertex -12.8201  5.42127  1.28979
   vertex -12.6037  5.89275  1.91479
  endloop
 endfacet
 facet normal 0.888623 -0.45792 -0.0256657
  outer loop
   vertex -12.6037  5.89275  1.91479
   vertex -12.3156  6.48858  1.25854
   vertex -12.0636  6.94267  1.88354
  endloop
 endfacet
 facet normal 0.324436 -0.945735 -0.018066
  outer loop
   vertex -5.04246  12.9897  1.63354
   vertex -4.42084  13.2155 0.977291
   vertex   -3.926  13.3733  1.60229
  endloop
 endfacet
 facet normal -0.00335384 0.999647 -0.0263645
  outer loop
   vertex 0.611699 -13.8248  4.97728
   vertex -0.0498767 -13.8444  4.32103
   vertex -0.569023 -13.8296  4.94603
  endloop
 endfacet
 facet normal -0.806175 -0.590829 -0.0316525
  outer loop
   vertex  10.8266  8.72902  3.47729
   vertex   11.235   8.2069  2.82104
   vertex  11.5255  7.77713  3.44604
  endloop
 endfacet
 facet normal -0.16932 0.985105 -0.0299667
  outer loop
   vertex  2.95164 -13.5206  5.03978
   vertex  2.30131 -13.6523  4.38353
   vertex  1.78805 -13.7215  5.00853
  endloop
 endfacet
 facet normal -0.108053 -0.993721 -0.0290521
  outer loop
   vertex 0.871682  13.9054 -0.835209
   vertex  1.53321  13.8527 -1.49146
   vertex  2.04564  13.7787 -0.866459
  endloop
 endfacet
 facet normal 0.477383 -0.878123 -0.0317033
  outer loop
   vertex -7.15988  11.9485  1.69604
   vertex -6.58768  12.2833  1.03979
   vertex -6.12287  12.5134  1.66479
  endloop
 endfacet
 facet normal 0.573278 0.818912 -0.027119
  outer loop
   vertex -7.49084 -11.6503 0.133533
   vertex -8.04315 -11.2854 -0.522717
   vertex -8.45864 -10.9738 0.102283
  endloop
 endfacet
 facet normal 0.0805999 0.996596 -0.0172951
  outer loop
   vertex -0.569023 -13.8296  4.94603
   vertex -1.22899 -13.7876  4.28978
   vertex -1.74572  -13.735  4.91478
  endloop
 endfacet
 facet normal 0.748718 0.662805 -0.0105053
  outer loop
   vertex -10.0273 -9.57435  4.66479
   vertex  -10.471 -9.08356  4.00854
   vertex   -10.81 -8.69069  4.63354
  endloop
 endfacet
 facet normal  0.80348 0.595291 -0.00694487
  outer loop
   vertex   -10.81 -8.69069  4.63354
   vertex -11.2081 -8.16102  3.97729
   vertex -11.5131 -7.74207  4.60229
  endloop
 endfacet
 facet normal -0.999152 -0.026796 -0.0312625
  outer loop
   vertex   13.842   1.0323 0.946037
   vertex  13.8802 0.370063 0.289787
   vertex  13.8746 -0.148102 0.914787
  endloop
 endfacet
 facet normal -0.647375 -0.761926 -0.0193336
  outer loop
   vertex  8.49326   11.031 -1.05396
   vertex  9.00728  10.6109 -1.71021
   vertex  9.39328  10.2671 -1.08521
  endloop
 endfacet
 facet normal 0.928294  0.37082 -0.0276194
  outer loop
   vertex -12.6601 -5.68089  4.53979
   vertex -12.9231 -5.07146  3.88354
   vertex -13.0989 -4.58471  4.50854
  endloop
 endfacet
 facet normal -0.181645 -0.982804 -0.0331852
  outer loop
   vertex  1.91802  13.7966  1.44604
   vertex  2.57367  13.6975 0.789791
   vertex  3.07941   13.583  1.41479
  endloop
 endfacet
 facet normal -0.262806 -0.964389 -0.0297818
  outer loop
   vertex  3.07941   13.583  1.41479
   vertex  3.72314  13.4278 0.758541
   vertex  4.21888  13.2734  1.38354
  endloop
 endfacet
 facet normal -0.421093 -0.906939 -0.0119729
  outer loop
   vertex  5.32815  12.8695  1.35229
   vertex  5.93133  12.5981 0.696041
   vertex  6.39893  12.3727  1.32104
  endloop
 endfacet
 facet normal -0.556481 0.830782 -0.011374
  outer loop
   vertex  8.18141 -11.1713  2.88353
   vertex  7.63595 -11.5457  2.22728
   vertex  7.20084 -11.8286  2.85228
  endloop
 endfacet
 facet normal -0.935954 -0.352053 -0.00699666
  outer loop
   vertex  12.7768   5.4802 -1.24146
   vertex  13.0143  4.86177 -1.89771
   vertex  13.1927  4.37512 -1.27271
  endloop
 endfacet
 facet normal 0.934412 0.354805 -0.0314213
  outer loop
   vertex -12.7625 -5.44413 -0.0852127
   vertex -13.0171 -4.83177 -0.741463
   vertex -13.1826  -4.3405 -0.116463
  endloop
 endfacet
 facet normal 0.617429 -0.786352 -0.0207823
  outer loop
   vertex  -9.0743  10.5696  1.75854
   vertex -8.56064  10.9903  1.10229
   vertex -8.14614  11.2992  1.72729
  endloop
 endfacet
 facet normal -0.994488 -0.101419 -0.0266055
  outer loop
   vertex  13.7296   2.0782 -1.33521
   vertex  13.8143  1.41985 -1.99146
   vertex  13.8503 0.903663 -1.36646
  endloop
 endfacet
 facet normal -0.999337 -0.0178778 -0.0317211
  outer loop
   vertex  13.8503 0.903663 -1.36646
   vertex  13.8829 0.241287 -2.02271
   vertex  13.8724 -0.277009 -1.39771
  endloop
 endfacet
 facet normal -0.997428 0.0653911 -0.0293361
  outer loop
   vertex  13.8724 -0.277009 -1.39771
   vertex  13.8483 -0.938926 -2.05396
   vertex   13.796 -1.45537 -1.42896
  endloop
 endfacet
 facet normal -0.988675 0.148527 -0.0214794
  outer loop
   vertex   13.796 -1.45537 -1.42896
   vertex  13.7117 -2.11145 -2.08521
   vertex  13.6213 -2.62299 -1.46021
  endloop
 endfacet
 facet normal 0.0898736 0.995876 -0.012426
  outer loop
   vertex -0.697746 -13.8255  2.63353
   vertex -1.35722 -13.7742  1.97728
   vertex -1.87345 -13.7198  2.60228
  endloop
 endfacet
 facet normal 0.999679 0.0242771 -0.00725259
  outer loop
   vertex -13.8705 -0.874703 -0.210213
   vertex -13.8914 -0.212774 -0.866463
   vertex -13.8994 0.305695 -0.241463
  endloop
 endfacet
 facet normal 0.260895 0.965324 -0.00919274
  outer loop
   vertex -3.03588 -13.5128  2.57103
   vertex -3.67764 -13.3456  1.91478
   vertex -4.17564 -13.2051  2.53978
  endloop
 endfacet
 facet normal 0.343009 0.939183 -0.0167529
  outer loop
   vertex -4.17564 -13.2051  2.53978
   vertex -4.80281 -12.9877  1.88353
   vertex -5.28466 -12.8006  2.50853
  endloop
 endfacet
 facet normal 0.893877 0.447915 -0.0188566
  outer loop
   vertex -12.1307 -6.73604  4.57104
   vertex -12.4391 -6.14816  3.91479
   vertex -12.6601 -5.68089  4.53979
  endloop
 endfacet
 facet normal -0.788019 0.614853 -0.0313322
  outer loop
   vertex  11.3047  -8.0046 -1.61647
   vertex  10.9131 -8.53993 -2.27272
   vertex  10.5791 -8.93621 -1.64772
  endloop
 endfacet
 facet normal -0.734105 0.678373 -0.0299769
  outer loop
   vertex  10.5791 -8.93621 -1.64772
   vertex  10.1441 -9.43591 -2.30397
   vertex  9.77832 -9.80411 -1.67897
  endloop
 endfacet
 facet normal -0.675049 0.737426 -0.0226042
  outer loop
   vertex  9.77832 -9.80411 -1.67897
   vertex  9.30049 -10.2616 -2.33522
   vertex  8.90793 -10.6018 -1.71022
  endloop
 endfacet
 facet normal 0.991439 0.128936 -0.020575
  outer loop
   vertex -13.6953  -2.3017  4.44604
   vertex  -13.794  -1.6477  3.78979
   vertex -13.8482 -1.13106  4.41479
  endloop
 endfacet
 facet normal 0.792615 -0.609672 -0.00781187
  outer loop
   vertex -11.3642  8.04926 -0.460209
   vertex -10.9646  8.57718 -1.11646
   vertex -10.6445  8.98528 -0.491459
  endloop
 endfacet
 facet normal -0.46451 0.885528 -0.00837207
  outer loop
   vertex  6.97987 -11.9609 -1.77272
   vertex  6.39524 -12.2738 -2.42897
   vertex  5.93446 -12.5096 -1.80397
  endloop
 endfacet
 facet normal -0.709206 -0.704448 -0.0279408
  outer loop
   vertex  9.39328  10.2671 -1.08521
   vertex  9.87384  9.80931 -1.74146
   vertex   10.226  9.42998 -1.11646
  endloop
 endfacet
 facet normal 0.609873 -0.792109 -0.0248743
  outer loop
   vertex -8.97527  10.6517 -0.553959
   vertex -8.45921  11.0696 -1.21021
   vertex -8.04031  11.3726 -0.585209
  endloop
 endfacet
 facet normal -0.225639 0.973715 -0.0310929
  outer loop
   vertex  3.72231 -13.3288 -1.86647
   vertex  3.08098 -13.4983 -2.52272
   vertex  2.57216 -13.5963 -1.89772
  endloop
 endfacet
 facet normal 0.157204 -0.987542 -0.00695462
  outer loop
   vertex -2.78086  13.6601  1.57104
   vertex -2.12717  13.7688 0.914791
   vertex -1.61481  13.8459  1.53979
  endloop
 endfacet
 facet normal  0.24263 -0.970069 -0.00984121
  outer loop
   vertex   -3.926  13.3733  1.60229
   vertex -3.28569  13.5401 0.946041
   vertex -2.78086  13.6601  1.57104
  endloop
 endfacet
 facet normal 0.842182 -0.53901 -0.0140935
  outer loop
   vertex -12.0001  7.05477 -0.428959
   vertex -11.6514  7.61677 -1.08521
   vertex -11.3642  8.04926 -0.460209
  endloop
 endfacet
 facet normal -0.271641 -0.962005 -0.027523
  outer loop
   vertex  3.20505  13.5545 -0.897709
   vertex  3.84684  13.3921 -1.55396
   vertex  4.34163  13.2345 -0.928959
  endloop
 endfacet
 facet normal -0.190578 -0.981148 -0.0320729
  outer loop
   vertex  2.04564  13.7787 -0.866459
   vertex  2.70017   13.673 -1.52271
   vertex  3.20505  13.5545 -0.897709
  endloop
 endfacet
 facet normal -0.884801 0.465755 -0.0141453
  outer loop
   vertex  12.5649 -5.86011 0.758537
   vertex   12.264 -6.45162 0.102287
   vertex  12.0154 -6.90488 0.727287
  endloop
 endfacet
 facet normal 0.351736 0.935875 -0.0205046
  outer loop
   vertex -4.29786 -13.1647 0.227283
   vertex  -4.9239 -12.9438 -0.428967
   vertex -5.40316   -12.75 0.196033
  endloop
 endfacet
 facet normal 0.682284 -0.730989 -0.0120119
  outer loop
   vertex   -9.937  9.76388  1.78979
   vertex -9.45737  10.2223  1.13354
   vertex  -9.0743  10.5696  1.75854
  endloop
 endfacet
 facet normal 0.148051 -0.988953 -0.00724699
  outer loop
   vertex -2.65445  13.6852 -0.741459
   vertex  -1.9997   13.788 -1.39771
   vertex -1.48674  13.8602 -0.772709
  endloop
 endfacet
 facet normal   0.7987 -0.601664 -0.00886052
  outer loop
   vertex  -11.437  7.94312  1.85229
   vertex -11.0434  8.47521  1.19604
   vertex -10.7269  8.88622  1.82104
  endloop
 endfacet
 facet normal -0.342616 -0.939238 -0.0211332
  outer loop
   vertex  4.21888  13.2734  1.38354
   vertex  4.84477  13.0599 0.727291
   vertex  5.32815  12.8695  1.35229
  endloop
 endfacet
 facet normal -0.548391 0.836175 -0.00883178
  outer loop
   vertex  8.07786 -11.2478 0.571033
   vertex  7.52759 -11.6156 -0.0852165
   vertex  7.09085 -11.8954 0.539783
  endloop
 endfacet
 facet normal -0.0866003 0.995733 -0.0318791
  outer loop
   vertex  1.78805 -13.7215  5.00853
   vertex  1.12981 -13.7998  4.35228
   vertex 0.611699 -13.8248  4.97728
  endloop
 endfacet
 facet normal -0.395044 0.918572 -0.0128772
  outer loop
   vertex  6.05086 -12.4546 0.508533
   vertex   5.4447 -12.7244 -0.147717
   vertex  4.96661 -12.9213 0.477283
  endloop
 endfacet
 facet normal -0.315247 0.948758 -0.021863
  outer loop
   vertex  4.96661 -12.9213 0.477283
   vertex  4.34126 -13.1442 -0.178967
   vertex  3.84647 -13.2942 0.446033
  endloop
 endfacet
 facet normal -0.333057 0.942816 -0.0130922
  outer loop
   vertex  5.20697 -12.8293  5.10228
   vertex   4.5842 -13.0584  4.44603
   vertex  4.09408 -13.2229  5.07103
  endloop
 endfacet
 facet normal -0.413566 0.910444 -0.00735412
  outer loop
   vertex  6.28189 -12.3408  5.13353
   vertex  5.68034 -12.6193  4.47728
   vertex  5.20697 -12.8293  5.10228
  endloop
 endfacet
 facet normal -0.491527 0.870822 -0.00837561
  outer loop
   vertex  7.30984 -11.7602  5.16478
   vertex  6.73613 -12.0904  4.50853
   vertex  6.28189 -12.3408  5.13353
  endloop
 endfacet
 facet normal -0.893678 -0.448378 -0.0172308
  outer loop
   vertex  12.1424  6.77036  3.41479
   vertex   12.449  6.18442  2.75854
   vertex  12.6723  5.71545  3.38354
  endloop
 endfacet
 facet normal 0.0994246 0.994998 -0.00968287
  outer loop
   vertex -0.826362 -13.8198 0.321033
   vertex -1.48543 -13.7603 -0.335217
   vertex -2.00102 -13.7027 0.289783
  endloop
 endfacet
 facet normal 0.185666 0.982586 -0.00724921
  outer loop
   vertex -2.00102 -13.7027 0.289783
   vertex -2.65313 -13.5843 -0.366467
   vertex -3.16131 -13.4837 0.258533
  endloop
 endfacet
 facet normal 0.270492  0.96265 -0.0117649
  outer loop
   vertex -3.16131 -13.4837 0.258533
   vertex -3.80205 -13.3117 -0.397717
   vertex -4.29786 -13.1647 0.227283
  endloop
 endfacet
 facet normal -0.841852 0.539205 -0.0232827
  outer loop
   vertex  12.0154 -6.90488 0.727287
   vertex  11.6703 -7.47203 0.0710335
   vertex  11.3793 -7.89944 0.696033
  endloop
 endfacet
 facet normal -0.851851 0.523578 -0.0146707
  outer loop
   vertex  12.1445 -6.68216  5.35229
   vertex  11.8052 -7.25258  4.69604
   vertex  11.5268 -7.68807  5.32104
  endloop
 endfacet
 facet normal -0.893958  0.44808 -0.00794205
  outer loop
   vertex  12.6733 -5.62658  5.38354
   vertex  12.3809 -6.22164  4.72729
   vertex  12.1445 -6.68216  5.35229
  endloop
 endfacet
 facet normal -0.687817 0.725333 -0.0282792
  outer loop
   vertex  9.95885 -9.61989  2.94604
   vertex  9.49132 -10.0888  2.28978
   vertex  9.10263  -10.433  2.91478
  endloop
 endfacet
 facet normal -0.976738  0.21363 -0.0185931
  outer loop
   vertex  13.6665 -2.36933  3.16479
   vertex  13.5371 -3.01791  2.50854
   vertex  13.4148 -3.52274  3.13354
  endloop
 endfacet
 facet normal 0.884591 -0.465785 -0.0233148
  outer loop
   vertex -12.5496  6.00978 -0.397713
   vertex -12.2549  6.60217 -1.05396
   vertex -12.0001  7.05477 -0.428959
  endloop
 endfacet
 facet normal 0.958328 0.284044 -0.0304526
  outer loop
   vertex -13.1412 -4.46269  2.19604
   vertex -13.3485 -3.83338  1.53979
   vertex -13.4776 -3.33078  2.16479
  endloop
 endfacet
 facet normal  0.85232 0.522916 -0.0104518
  outer loop
   vertex -11.5131 -7.74207  4.60229
   vertex -11.8658 -7.18028  3.94604
   vertex -12.1307 -6.73604  4.57104
  endloop
 endfacet
 facet normal -0.993575 -0.110442 -0.0247444
  outer loop
   vertex  13.7108  2.20565 0.977287
   vertex  13.8002  1.54783 0.321037
   vertex   13.842   1.0323 0.946037
  endloop
 endfacet
 facet normal 0.972495 -0.231614 -0.0246618
  outer loop
   vertex -13.6502  2.65135 -0.303963
   vertex -13.5122  3.30073 -0.960213
   vertex -13.3774  3.80012 -0.335213
  endloop
 endfacet
 facet normal 0.997968 -0.0631214 -0.00866497
  outer loop
   vertex -13.8994 0.305695 -0.241463
   vertex -13.8633 0.967776 -0.897713
   vertex -13.8252  1.48389 -0.272713
  endloop
 endfacet
 facet normal -0.949163 0.314699 -0.00742106
  outer loop
   vertex  13.3482 -3.77142 -1.49146
   vertex  13.1444  -4.4016 -2.14771
   vertex  12.9769  -4.8922 -1.52271
  endloop
 endfacet
 facet normal 0.993778 0.110654 -0.0127047
  outer loop
   vertex -13.7395 -2.04786 -0.178963
   vertex  -13.821 -1.39146 -0.835213
   vertex -13.8705 -0.874703 -0.210213
  endloop
 endfacet
 facet normal -0.857284 -0.514357 -0.0223921
  outer loop
   vertex  11.5974  7.67004  1.13354
   vertex  11.9503  7.11051 0.477287
   vertex  12.2054  6.65802  1.10229
  endloop
 endfacet
 facet normal 0.999087 -0.0421409 -0.00708425
  outer loop
   vertex -13.9011 0.0481971  4.38354
   vertex -13.8778 0.710201  3.72729
   vertex -13.8515   1.2279  4.35229
  endloop
 endfacet
 facet normal 0.991562 -0.129292 -0.00941056
  outer loop
   vertex -13.8515   1.2279  4.35229
   vertex -13.7719  1.88632  3.69604
   vertex -13.6992  2.39856  4.32104
  endloop
 endfacet
 facet normal 0.976677 -0.214016 -0.0172728
  outer loop
   vertex -13.6992  2.39856  4.32104
   vertex -13.5682  3.04932  3.66479
   vertex  -13.447  3.55179  4.28979
  endloop
 endfacet
 facet normal -0.702811 -0.710893 -0.0262322
  outer loop
   vertex  9.29836  10.3542  1.22729
   vertex  9.78238   9.8999 0.571041
   vertex  10.1386  9.52469  1.19604
  endloop
 endfacet
 facet normal -0.759695 -0.649499 -0.0318459
  outer loop
   vertex  10.1386  9.52469  1.19604
   vertex  10.5852  9.03443 0.539791
   vertex  10.9067  8.62778  1.16479
  endloop
 endfacet
 facet normal -0.811174 -0.584031 -0.030091
  outer loop
   vertex  10.9067  8.62778  1.16479
   vertex  11.3096  8.10198 0.508541
   vertex  11.5974  7.67004  1.13354
  endloop
 endfacet
 facet normal 0.851734 -0.523507 -0.0221178
  outer loop
   vertex -12.1255   6.8296  4.19604
   vertex -11.7916  7.40062  3.53979
   vertex -11.5079  7.83579  4.16479
  endloop
 endfacet
 facet normal -0.610507 0.791893 -0.0136389
  outer loop
   vertex  8.90793 -10.6018 -1.71022
   vertex  8.38964 -11.0127 -2.36647
   vertex  7.97331 -11.3229 -1.74147
  endloop
 endfacet
 facet normal 0.750463 -0.660871 -0.00742528
  outer loop
   vertex -10.8073  8.78587  4.13354
   vertex -10.3733  9.28607  3.47729
   vertex -10.0272   9.6721  4.10229
  endloop
 endfacet
 facet normal 0.689776 -0.723972 -0.00857305
  outer loop
   vertex -10.0272   9.6721  4.10229
   vertex   -9.551  10.1336  3.44604
   vertex -9.17263  10.4867  4.07104
  endloop
 endfacet
 facet normal 0.624728 -0.780683 -0.0157751
  outer loop
   vertex -9.17263  10.4867  4.07104
   vertex -8.66093  10.9094  3.41479
   vertex -8.25126  11.2246  4.03979
  endloop
 endfacet
 facet normal 0.556189 -0.830682 -0.0249258
  outer loop
   vertex -8.25126  11.2246  4.03979
   vertex  -7.7089  11.6074  3.38354
   vertex -7.27063  11.8821  4.00854
  endloop
 endfacet
 facet normal 0.931321 0.362874 -0.0310503
  outer loop
   vertex -12.7115 -5.56262  2.22729
   vertex -12.9713 -4.95224  1.57104
   vertex -13.1412 -4.46269  2.19604
  endloop
 endfacet
 facet normal -0.997925 0.0565121 -0.030853
  outer loop
   vertex  13.8746 -0.148102 0.914787
   vertex  13.8574 -0.810491 0.258537
   vertex  13.8088 -1.32713 0.883537
  endloop
 endfacet
 facet normal 0.332665 -0.94275 -0.0235724
  outer loop
   vertex -5.16178  12.9408  3.94604
   vertex  -4.5432  13.1755  3.28979
   vertex -4.04865  13.3344  3.91479
  endloop
 endfacet
 facet normal -0.974814  0.22253 -0.0147445
  outer loop
   vertex  13.6447 -2.49634 0.852287
   vertex   13.507 -3.14317 0.196037
   vertex  13.3824 -3.64729 0.821037
  endloop
 endfacet
 facet normal 0.168071 -0.985743 -0.00795165
  outer loop
   vertex -2.90643  13.6324  3.88354
   vertex -2.25468  13.7488  3.22729
   vertex -1.74267  13.8311  3.85229
  endloop
 endfacet
 facet normal 0.0812421 -0.996663 -0.00793237
  outer loop
   vertex -1.74267  13.8311  3.85229
   vertex -1.08227  13.8901  3.19604
   vertex -0.565906  13.9272  3.82104
  endloop
 endfacet
 facet normal 0.429233 0.902736 -0.0287696
  outer loop
   vertex -5.40316   -12.75 0.196033
   vertex -6.01035 -12.4822 -0.460217
   vertex -6.46991 -12.2438 0.164783
  endloop
 endfacet
 facet normal -0.0902199 -0.995644 -0.0235206
  outer loop
   vertex 0.614525  13.9215  3.78979
   vertex  1.27692  13.8769  3.13354
   vertex   1.7904  13.8156  3.75854
  endloop
 endfacet
 facet normal -0.793467 0.607847 -0.0305267
  outer loop
   vertex  11.3793 -7.89944 0.696033
   vertex  10.9919 -8.43807 0.0397835
   vertex  10.6619 -8.83741 0.664783
  endloop
 endfacet
 facet normal -0.957521 -0.288273 -0.00721903
  outer loop
   vertex    13.11  4.61913  3.35229
   vertex  13.3056  3.98586  2.69604
   vertex  13.4506  3.48855  3.32104
  endloop
 endfacet
 facet normal -0.681591 0.731298 -0.0252268
  outer loop
   vertex   9.8689 -9.71239 0.633533
   vertex  9.39624 -10.1756 -0.0227165
   vertex  9.00571  -10.518 0.602283
  endloop
 endfacet
 facet normal -0.564261 0.825449 -0.0156041
  outer loop
   vertex   8.2841 -11.0937  5.19603
   vertex  7.74401 -11.4753  4.53978
   vertex  7.30984 -11.7602  5.16478
  endloop
 endfacet
 facet normal -0.852724 -0.521706 -0.0261615
  outer loop
   vertex  11.5255  7.77713  3.44604
   vertex  11.8854  7.22169  2.78979
   vertex  12.1424  6.77036  3.41479
  endloop
 endfacet
 facet normal -0.473332 0.880853 -0.00745669
  outer loop
   vertex  7.09085 -11.8954 0.539783
   vertex  6.50925 -12.2135 -0.116467
   vertex  6.05086 -12.4546 0.508533
  endloop
 endfacet
 facet normal -0.754144 -0.656031 -0.0298304
  outer loop
   vertex  10.0509  9.61931  3.50854
   vertex   10.501  9.13176  2.85229
   vertex  10.8266  8.72902  3.47729
  endloop
 endfacet
 facet normal -0.0240175 -0.999495 -0.0208012
  outer loop
   vertex -0.30854  13.9331 -0.803959
   vertex 0.355355  13.9308 -1.46021
   vertex 0.871682  13.9054 -0.835209
  endloop
 endfacet
 facet normal 0.549021 -0.835311 -0.0288296
  outer loop
   vertex -8.14614  11.2992  1.72729
   vertex -7.60221  11.6794  1.07104
   vertex -7.15988  11.9485  1.69604
  endloop
 endfacet
 facet normal 0.998574 -0.0529999 -0.00643438
  outer loop
   vertex -13.9013 0.176874  2.07104
   vertex -13.8704 0.839147  1.41479
   vertex  -13.839  1.35593  2.03979
  endloop
 endfacet
 facet normal 0.999382 0.0344649 -0.00689385
  outer loop
   vertex -13.8604   -1.003  2.10229
   vertex -13.8878 -0.341599  1.44604
   vertex -13.9013 0.176874  2.07104
  endloop
 endfacet
 facet normal 0.847138 -0.531116 -0.0165474
  outer loop
   vertex -12.0636  6.94267  1.88354
   vertex -11.7215  7.50867  1.22729
   vertex  -11.437  7.94312  1.85229
  endloop
 endfacet
 facet normal 0.233833 -0.972229 -0.00964016
  outer loop
   vertex -3.80205  13.4089 -0.710209
   vertex -3.16023  13.5697 -1.36646
   vertex -2.65445  13.6852 -0.741459
  endloop
 endfacet
 facet normal -0.143725 0.989112 -0.0316341
  outer loop
   vertex  2.57216 -13.5963 -1.89772
   vertex  1.91956 -13.7121 -2.55397
   vertex  1.40371 -13.7671 -1.92897
  endloop
 endfacet
 facet normal -0.173416 -0.984372 -0.0306306
  outer loop
   vertex   1.7904  13.8156  3.75854
   vertex  2.44695  13.7204  3.10229
   vertex  2.95349  13.6117  3.72729
  endloop
 endfacet
 facet normal -0.846833 0.531507 -0.0193449
  outer loop
   vertex  12.0805 -6.79385  3.03979
   vertex  11.7385 -7.36278  2.38354
   vertex  11.4535 -7.79406  3.00854
  endloop
 endfacet
 facet normal 0.674976 -0.737681 -0.0153057
  outer loop
   vertex -9.84577  9.85455 -0.522709
   vertex -9.36292    10.31 -1.17896
   vertex -8.97527  10.6517 -0.553959
  endloop
 endfacet
 facet normal -0.745733 0.665481 -0.0319085
  outer loop
   vertex  10.7444 -8.73815  2.97729
   vertex  10.3187  -9.2466  2.32104
   vertex  9.95885 -9.61989  2.94604
  endloop
 endfacet
 facet normal 0.279627 0.960037 -0.0117515
  outer loop
   vertex -3.41997 -13.4214 -2.61647
   vertex  -4.4199 -13.1236 -2.08522
   vertex -3.28644 -13.4534 -2.05397
  endloop
 endfacet
 facet normal 0.0329606 -0.445686 -0.894582
  outer loop
   vertex -1.11125  12.5316 -2.39771
   vertex -2.16758  12.3908 -2.36646
   vertex -2.08763  12.8985 -2.61646
  endloop
 endfacet
 facet normal -0.99607 0.0852477 0.0240151
  outer loop
   vertex  13.7697 -1.72971  4.85229
   vertex   13.822 -1.26804  5.38354
   vertex  13.8711 -0.553311  4.88354
  endloop
 endfacet
 facet normal -0.99837 0.0404057 -0.0403102
  outer loop
   vertex  13.8711 -0.553311  4.88354
   vertex   13.822 -1.26804  5.38354
   vertex   13.883 0.239115  5.38354
  endloop
 endfacet
 facet normal -0.999635 -0.00202031 0.0269588
  outer loop
   vertex  13.8711 -0.553311  4.88354
   vertex   13.883 0.239115  5.38354
   vertex  13.8696 0.627173  4.91479
  endloop
 endfacet
 facet normal 0.0769154 0.449027 0.890201
  outer loop
   vertex -2.28369 -12.2846 -1.05397
   vertex -3.32178 -12.0449 -1.08522
   vertex -2.65313 -13.5843 -0.366467
  endloop
 endfacet
 facet normal -0.96658 -0.252889 0.0420721
  outer loop
   vertex  13.5659  2.96667  4.97729
   vertex   13.515  3.22887  5.38354
   vertex  13.2683  4.10943  5.00854
  endloop
 endfacet
 facet normal -0.959115 -0.281436 -0.0298727
  outer loop
   vertex  13.2683  4.10943  5.00854
   vertex   13.515  3.22887  5.38354
   vertex  13.0903  4.67623  5.38354
  endloop
 endfacet
 facet normal -0.941385 -0.33266 0.0559672
  outer loop
   vertex  13.2683  4.10943  5.00854
   vertex  13.0903  4.67623  5.38354
   vertex  12.8765  5.22336  5.03979
  endloop
 endfacet
 facet normal -0.922737 -0.383667 -0.0368147
  outer loop
   vertex  12.8765  5.22336  5.03979
   vertex  13.0903  4.67623  5.38354
   vertex  12.5112  6.06902  5.38354
  endloop
 endfacet
 facet normal -0.911007 -0.410325 0.0412329
  outer loop
   vertex  12.8765  5.22336  5.03979
   vertex  12.5112  6.06902  5.38354
   vertex  12.3928  6.30033  5.07104
  endloop
 endfacet
 facet normal 0.359152  0.27707 0.891203
  outer loop
   vertex  -10.048 -7.45349  3.28979
   vertex -10.6493 -6.57351  3.25854
   vertex -11.2081 -8.16102  3.97729
  endloop
 endfacet
 facet normal -0.828574 -0.559723 0.0132754
  outer loop
   vertex  11.8196  7.33221  5.10229
   vertex  11.7845  7.39082  5.38354
   vertex   11.159  8.31085  5.13354
  endloop
 endfacet
 facet normal -0.817277 -0.572785 -0.063059
  outer loop
   vertex   11.159  8.31085  5.13354
   vertex  11.7845  7.39082  5.38354
   vertex  10.9188  8.62605  5.38354
  endloop
 endfacet
 facet normal -0.774985 -0.630019 0.0497345
  outer loop
   vertex   11.159  8.31085  5.13354
   vertex  10.9188  8.62605  5.38354
   vertex  10.4155  9.22787  5.16479
  endloop
 endfacet
 facet normal -0.749216 -0.657004 -0.083792
  outer loop
   vertex  10.4155  9.22787  5.16479
   vertex  10.9188  8.62605  5.38354
   vertex  9.92425  9.76014  5.38354
  endloop
 endfacet
 facet normal -0.716122 -0.693463 0.0792412
  outer loop
   vertex  10.4155  9.22787  5.16479
   vertex  9.92425  9.76014  5.38354
   vertex  9.59608  10.0776  5.19604
  endloop
 endfacet
 facet normal -0.674542 -0.735409 -0.0645581
  outer loop
   vertex  9.59608  10.0776  5.19604
   vertex  9.92425  9.76014  5.38354
   vertex  8.81265  10.7797  5.38354
  endloop
 endfacet
 facet normal -0.655226 -0.751543 0.0765635
  outer loop
   vertex  9.59608  10.0776  5.19604
   vertex  8.81265  10.7797  5.38354
   vertex  8.70771  10.8553  5.22729
  endloop
 endfacet
 facet normal -0.517372 -0.846375 0.126398
  outer loop
   vertex  7.75733  11.5562  5.25854
   vertex  7.59707  11.6728  5.38354
   vertex  6.75189  12.1755  5.28979
  endloop
 endfacet
 facet normal -0.497603 -0.859076 -0.119918
  outer loop
   vertex  6.75189  12.1755  5.28979
   vertex  7.59707  11.6728  5.38354
   vertex  6.29184  12.4289  5.38354
  endloop
 endfacet
 facet normal -0.434425 -0.872083 0.225269
  outer loop
   vertex  6.75189  12.1755  5.28979
   vertex  6.29184  12.4289  5.38354
   vertex  5.69836  12.7083  5.32104
  endloop
 endfacet
 facet normal -0.392451 -0.887409 -0.241842
  outer loop
   vertex  5.69836  12.7083  5.32104
   vertex  6.29184  12.4289  5.38354
   vertex  4.91233  13.0389  5.38354
  endloop
 endfacet
 facet normal -0.349984 -0.888352 0.297225
  outer loop
   vertex  5.69836  12.7083  5.32104
   vertex  4.91233  13.0389  5.38354
   vertex  4.60368  13.1501  5.35229
  endloop
 endfacet
 facet normal -0.281498 -0.885603 -0.369414
  outer loop
   vertex  4.60368  13.1501  5.35229
   vertex  4.91233  13.0389  5.38354
   vertex  3.47482  13.4959  5.38354
  endloop
 endfacet
 facet normal -0.45713 0.0109059 -0.889333
  outer loop
   vertex   13.842   1.0323 0.946037
   vertex  13.8746 -0.148102 0.914787
   vertex  12.4994 0.821829  1.63354
  endloop
 endfacet
 facet normal 0.312444  0.33163 -0.890169
  outer loop
   vertex -8.36858 -9.29974  5.38354
   vertex -7.80204  -9.8335  5.38353
   vertex -9.17208 -10.3881  4.69603
  endloop
 endfacet
 facet normal 0.360429 0.932209 -0.0328115
  outer loop
   vertex  -4.4199 -13.1236 -2.08522
   vertex -4.85992 -12.9722 -2.61647
   vertex -5.52144 -12.6988 -2.11647
  endloop
 endfacet
 facet normal 0.399377 0.916378 0.0273731
  outer loop
   vertex -5.52144 -12.6988 -2.11647
   vertex -4.85992 -12.9722 -2.61647
   vertex -6.24269 -12.3695 -2.61647
  endloop
 endfacet
 facet normal 0.437319 0.898453 -0.0391633
  outer loop
   vertex -5.52144 -12.6988 -2.11647
   vertex -6.24269 -12.3695 -2.61647
   vertex -6.58371 -12.1831 -2.14772
  endloop
 endfacet
 facet normal -0.997291 -0.0680946 -0.0278084
  outer loop
   vertex  13.7803    1.744  5.38354
   vertex  13.8696 0.627173  4.91479
   vertex   13.883 0.239115  5.38354
  endloop
 endfacet
 facet normal 0.647089 0.761671 -0.0336484
  outer loop
   vertex -8.56103 -10.8956 -2.21022
   vertex -8.77235  -10.734 -2.61647
   vertex -9.46137 -10.1321 -2.24147
  endloop
 endfacet
 facet normal 0.671266 0.739795 0.0458879
  outer loop
   vertex -9.46137 -10.1321 -2.24147
   vertex -8.77235  -10.734 -2.61647
   vertex -9.88943 -9.72042 -2.61647
  endloop
 endfacet
 facet normal  0.70991 0.703248 -0.038344
  outer loop
   vertex -9.46137 -10.1321 -2.24147
   vertex -9.88943 -9.72042 -2.61647
   vertex  -10.293 -9.29426 -2.27272
  endloop
 endfacet
 facet normal 0.747122 0.662316 0.0560941
  outer loop
   vertex  -10.293 -9.29426 -2.27272
   vertex -9.88943 -9.72042 -2.61647
   vertex   -10.89  -8.5917 -2.61647
  endloop
 endfacet
 facet normal 0.768655 0.639009 -0.0289369
  outer loop
   vertex  -10.293 -9.29426 -2.27272
   vertex   -10.89  -8.5917 -2.61647
   vertex -11.0486 -8.38686 -2.30397
  endloop
 endfacet
 facet normal 0.866713 0.498268 -0.0231918
  outer loop
   vertex -11.7224 -7.41762 -2.33521
   vertex -11.7624 -7.36115 -2.61646
   vertex -12.3114 -6.39449 -2.36646
  endloop
 endfacet
 facet normal 0.873072 0.486131 0.0377048
  outer loop
   vertex -12.3114 -6.39449 -2.36646
   vertex -11.7624 -7.36115 -2.61646
   vertex -12.4962 -6.04329 -2.61646
  endloop
 endfacet
 facet normal 0.903687 0.421428 -0.0758143
  outer loop
   vertex -12.3114 -6.39449 -2.36646
   vertex -12.4962 -6.04329 -2.61646
   vertex -12.8126 -5.32534 -2.39771
  endloop
 endfacet
 facet normal  0.91982 0.388276 0.0563337
  outer loop
   vertex -12.8126 -5.32534 -2.39771
   vertex -12.4962 -6.04329 -2.61646
   vertex -13.0828 -4.65364 -2.61646
  endloop
 endfacet
 facet normal 0.933966 0.343353 -0.0990763
  outer loop
   vertex -12.8126 -5.32534 -2.39771
   vertex -13.0828 -4.65364 -2.61646
   vertex  -13.223 -4.21805 -2.42896
  endloop
 endfacet
 facet normal 0.956795  0.28636 0.0504008
  outer loop
   vertex  -13.223 -4.21805 -2.42896
   vertex -13.0828 -4.65364 -2.61646
   vertex -13.5153 -3.20858 -2.61646
  endloop
 endfacet
 facet normal 0.961629 0.265707 -0.0683275
  outer loop
   vertex  -13.223 -4.21805 -2.42896
   vertex -13.5153 -3.20858 -2.61646
   vertex -13.5395 -3.08051 -2.46021
  endloop
 endfacet
 facet normal -0.866322 -0.497428 0.0452973
  outer loop
   vertex  11.1196  5.80789 -0.522713
   vertex  10.7269  6.52022 -0.210213
   vertex  10.5901  6.73288 -0.491463
  endloop
 endfacet
 facet normal  0.99203 0.0991146 -0.0778032
  outer loop
   vertex -13.7592 -1.92061 -2.49146
   vertex -13.7885 -1.72516 -2.61646
   vertex  -13.879 -0.74622 -2.52271
  endloop
 endfacet
 facet normal 0.978891 0.0721363 0.191229
  outer loop
   vertex  -13.879 -0.74622 -2.52271
   vertex -13.7885 -1.72516 -2.61646
   vertex -13.8994 -0.220852 -2.61646
  endloop
 endfacet
 facet normal 0.987708 0.0105254 -0.155953
  outer loop
   vertex  -13.879 -0.74622 -2.52271
   vertex -13.8994 -0.220852 -2.61646
   vertex -13.8965 0.434572 -2.55396
  endloop
 endfacet
 facet normal 0.951418 -0.0333743 0.306088
  outer loop
   vertex -13.8965 0.434572 -2.55396
   vertex -13.8994 -0.220852 -2.61646
   vertex -13.8465  1.28661 -2.61646
  endloop
 endfacet
 facet normal 0.966396 -0.0747473 -0.245952
  outer loop
   vertex -13.8965 0.434572 -2.55396
   vertex -13.8465  1.28661 -2.61646
   vertex -13.8134  1.61266 -2.58521
  endloop
 endfacet
 facet normal 0.904719 -0.130899 0.405399
  outer loop
   vertex -13.8134  1.61266 -2.58521
   vertex -13.8465  1.28661 -2.61646
   vertex -13.6305  2.77945 -2.61646
  endloop
 endfacet
 facet normal -0.147589 0.430163 -0.890605
  outer loop
   vertex  4.37484 -11.7009  1.16478
   vertex  5.31122 -12.0514 0.840355
   vertex  4.96661 -12.9213 0.477283
  endloop
 endfacet
 facet normal -0.45674 -0.024138 0.889273
  outer loop
   vertex  12.5234 -0.379894  4.19604
   vertex  13.8711 -0.553311  4.88354
   vertex  13.8696 0.627173  4.91479
  endloop
 endfacet
 facet normal -0.340949 0.299603 -0.891062
  outer loop
   vertex  9.54868 -8.05956  1.35228
   vertex  10.2048 -7.21995  1.38353
   vertex  10.6619 -8.83741 0.664783
  endloop
 endfacet
 facet normal -0.181615 -0.416346 0.890883
  outer loop
   vertex  5.81506  12.6537  3.00854
   vertex  5.14412  11.4753  2.32104
   vertex  6.09457  10.9939  2.28979
  endloop
 endfacet
 facet normal 0.408436 -0.197508 0.891163
  outer loop
   vertex -11.2235  5.65622  2.88354
   vertex -10.7051  6.58713  2.85229
   vertex -12.3759  6.37496  3.57104
  endloop
 endfacet
 facet normal 0.456368 0.0508042 0.888339
  outer loop
   vertex -13.8914 -0.212774 -0.866463
   vertex  -13.821 -1.39146 -0.835213
   vertex -12.5432 -0.302303 -1.55396
  endloop
 endfacet
 facet normal -0.0440432 0.451614 -0.891126
  outer loop
   vertex  1.65999 -13.7378  2.69603
   vertex  1.38282 -12.4082  3.38353
   vertex  2.43585 -12.2439  3.41478
  endloop
 endfacet
 facet normal -0.0368161 -0.452415 -0.891048
  outer loop
   vertex 0.784497  12.5552  2.16479
   vertex -0.280651  12.5803  2.19604
   vertex 0.742985  13.9126  1.47729
  endloop
 endfacet
 facet normal 0.0834963 -0.446016 -0.891122
  outer loop
   vertex -2.90643  13.6324  3.88354
   vertex -2.51219  12.3326  4.57104
   vertex -3.54662  12.0765  4.60229
  endloop
 endfacet
 facet normal -0.405903  -0.2042 0.890811
  outer loop
   vertex  11.2876  5.47971 -2.55396
   vertex  11.7109  4.50204 -2.58521
   vertex  12.5591  5.95137 -1.86646
  endloop
 endfacet
 facet normal -0.290573 0.349105 -0.890895
  outer loop
   vertex  9.10263  -10.433  2.91478
   vertex  8.12923 -9.48877  3.60229
   vertex   8.9076 -8.76116  3.63354
  endloop
 endfacet
 facet normal -0.313904 -0.333467 -0.888968
  outer loop
   vertex  8.49326   11.031 -1.05396
   vertex  9.39328  10.2671 -1.08521
   vertex  7.75715  9.89116 -0.366459
  endloop
 endfacet
 facet normal -0.234975 0.392844 -0.889078
  outer loop
   vertex  8.18141 -11.1713  2.88353
   vertex  7.20084 -11.8286  2.85228
   vertex  7.29189 -10.1475  3.57103
  endloop
 endfacet
 facet normal -0.0720064 -0.445916 0.892174
  outer loop
   vertex  2.57367  13.6975 0.789791
   vertex  2.20814   12.381 0.102291
   vertex  3.24851  12.1505 0.0710411
  endloop
 endfacet
 facet normal 0.442567 0.105349 -0.890526
  outer loop
   vertex -13.4448 -3.45561  4.47729
   vertex -12.1689  -3.0039  5.16479
   vertex -11.8631 -4.02448  5.19604
  endloop
 endfacet
 facet normal -0.437276 0.139166 0.888495
  outer loop
   vertex    12.77 -5.38475 0.133537
   vertex  13.1853  -4.2793 0.164787
   vertex  11.5747 -4.75113 -0.553963
  endloop
 endfacet
 facet normal 0.383423 0.241318 0.891489
  outer loop
   vertex -10.7101 -6.47544 0.946037
   vertex -11.2248 -5.54217 0.914787
   vertex -11.9339 -7.07076  1.63353
  endloop
 endfacet
 facet normal -0.446391 -0.101076 0.889111
  outer loop
   vertex  12.4107   1.7461  4.25854
   vertex  13.7671  1.80321  4.94604
   vertex  13.5659  2.96667  4.97729
  endloop
 endfacet
 facet normal 0.194684 -0.41507 -0.888716
  outer loop
   vertex -7.04819  12.0129 -0.616459
   vertex -6.00624  12.5685 -0.647709
   vertex -6.26551   10.908 0.0710411
  endloop
 endfacet
 facet normal -0.258492 -0.376881 0.889462
  outer loop
   vertex  7.94898  9.72882 -0.0852089
   vertex  8.90834  10.6934 0.602291
   vertex  7.97034  11.4105 0.633541
  endloop
 endfacet
 facet normal 0.228098 0.394514 0.890129
  outer loop
   vertex -7.16402 -10.2425 -1.21022
   vertex -8.04315 -11.2854 -0.522717
   vertex -7.05308 -11.9283 -0.491467
  endloop
 endfacet
 facet normal 0.351556 -0.28806 0.890747
  outer loop
   vertex -9.43981  8.29946  2.78979
   vertex -9.45653  9.28444  3.11492
   vertex -10.3733  9.28607  3.47729
  endloop
 endfacet
 facet normal -0.980444 -0.195561 0.0220471
  outer loop
   vertex   12.371  1.99611  3.97729
   vertex  12.2188  2.79425  4.28979
   vertex  12.1633  3.04121  4.00854
  endloop
 endfacet
 facet normal 0.0746423 0.446402 -0.891714
  outer loop
   vertex -0.861389 -12.4575  1.00853
   vertex -2.00102 -13.7027 0.289783
   vertex -1.92068 -12.3428 0.977283
  endloop
 endfacet
 facet normal -0.432904 -0.131475  -0.8918
  outer loop
   vertex  13.1927  4.37512 -1.27271
   vertex  11.9383  3.84214 -0.585213
   vertex  11.5702  4.84209 -0.553963
  endloop
 endfacet
 facet normal 0.363378 -0.268866 -0.892002
  outer loop
   vertex -11.3642  8.04926 -0.460209
   vertex -10.1863  7.36025 0.227291
   vertex -10.7696  6.46829 0.258537
  endloop
 endfacet
 facet normal 0.153473 0.427358 -0.890961
  outer loop
   vertex  -4.4199 -13.1236 -2.08522
   vertex -4.10045  -11.805 -1.39772
   vertex -3.07871 -12.1068 -1.36647
  endloop
 endfacet
 facet normal -0.443752 -0.0946307 -0.891139
  outer loop
   vertex  12.2201  2.81472 -0.616463
   vertex  11.9383  3.84214 -0.585213
   vertex  13.5105  3.23817 -1.30396
  endloop
 endfacet
 facet normal 0.380876 0.243081 -0.892101
  outer loop
   vertex -11.5131 -7.74207  4.60229
   vertex -10.4503 -6.88431  5.28979
   vertex -9.82595 -7.74782  5.32104
  endloop
 endfacet
 facet normal -0.114372 0.441431 0.889976
  outer loop
   vertex  2.07379  -12.314  1.38353
   vertex  2.17447  -13.674  2.07103
   vertex  3.33109 -13.4373  2.10228
  endloop
 endfacet
 facet normal 0.254642 0.379768 0.889345
  outer loop
   vertex  -7.8348 -9.74959  3.38354
   vertex -8.77847 -10.7268  4.07103
   vertex -7.83305 -11.4339  4.10228
  endloop
 endfacet
 facet normal -0.424712 0.159095  0.89124
  outer loop
   vertex  12.8686  -5.1462  4.75854
   vertex  11.6555 -4.53327  4.07104
   vertex  11.2248 -5.50815  4.03979
  endloop
 endfacet
 facet normal 0.511578 0.858914 0.0235393
  outer loop
   vertex -6.85757 -10.4483 0.821033
   vertex  -6.1634 -10.8703  1.13353
   vertex -5.94242 -10.9942 0.852283
  endloop
 endfacet
 facet normal 0.286698 -0.351505 -0.891206
  outer loop
   vertex -8.88871  8.89868  2.47729
   vertex  -9.0743  10.5696  1.75854
   vertex  -8.1033  9.61851  2.44604
  endloop
 endfacet
 facet normal -0.116886 -0.438746 -0.890977
  outer loop
   vertex  1.95926  12.4268 -0.178959
   vertex  3.20505  13.5545 -0.897709
   vertex  3.00295  12.2122 -0.210209
  endloop
 endfacet
 facet normal -0.307286 -0.332533 0.891626
  outer loop
   vertex  9.68975  9.98928  2.88354
   vertex  8.65966  9.09776  2.19604
   vertex  9.39915  8.33062  2.16479
  endloop
 endfacet
 facet normal 0.282381 -0.355682 -0.890927
  outer loop
   vertex -7.92487  9.76924 -2.17896
   vertex -8.71976  9.05988 -2.14771
   vertex  -8.5317  10.3833 -2.61646
  endloop
 endfacet
 facet normal -0.315442 0.332279 0.888868
  outer loop
   vertex  8.59459 -10.8565  2.25853
   vertex  9.49132 -10.0888  2.28978
   vertex  7.84827 -9.72591  1.57103
  endloop
 endfacet
 facet normal 0.989426 -0.136614 0.0487164
  outer loop
   vertex -12.3393  2.28159  5.00854
   vertex -12.4656  1.47794  5.32104
   vertex -12.4865  1.22613  5.03979
  endloop
 endfacet
 facet normal -0.282962 0.334434 -0.898936
  outer loop
   vertex  9.19878 -10.3471  5.22728
   vertex  8.69925 -10.3498  5.38353
   vertex  9.88515 -9.34638  5.38354
  endloop
 endfacet
 facet normal -0.106801 -0.441309 -0.890977
  outer loop
   vertex  2.77808  12.2661  4.41479
   vertex  1.72958  12.4568  4.44604
   vertex  2.95349  13.6117  3.72729
  endloop
 endfacet
 facet normal -0.118259 0.442847 -0.888764
  outer loop
   vertex  4.84584  -12.966 -1.83522
   vertex  3.72231 -13.3288 -1.86647
   vertex  4.26537 -11.7413 -1.14772
  endloop
 endfacet
 facet normal -0.0489199 0.998428 0.0273506
  outer loop
   vertex 0.0885015  -12.485 -1.27272
   vertex 0.900467 -12.4537 -0.960217
   vertex   1.1529 -12.4337 -1.24147
  endloop
 endfacet
 facet normal 0.150833 0.427252 0.891463
  outer loop
   vertex -4.33551 -11.7171 -1.11647
   vertex -5.31823 -11.3049 -1.14772
   vertex  -4.9239 -12.9438 -0.428967
  endloop
 endfacet
 facet normal -0.44744 0.084005  0.89036
  outer loop
   vertex  12.5991 -2.64042 -2.61646
   vertex  12.4559 -3.40336 -2.61646
   vertex  13.4762 -3.26832 -2.11646
  endloop
 endfacet
 facet normal -0.367083 0.265448 -0.891508
  outer loop
   vertex  10.2688 -7.12331  3.69604
   vertex  10.8424 -6.22515  3.72729
   vertex  11.4535 -7.79406  3.00854
  endloop
 endfacet
 facet normal -0.0221553 0.458464 -0.888437
  outer loop
   vertex  1.50606 -13.0085  5.38353
   vertex  1.75703 -13.0506  5.35553
   vertex  1.78805 -13.7215  5.00853
  endloop
 endfacet
 facet normal 0.213314 0.403958 -0.889559
  outer loop
   vertex -5.28466 -12.8006  2.50853
   vertex -6.35574 -12.3038  2.47728
   vertex -4.87583 -11.5025  3.19603
  endloop
 endfacet
 facet normal 0.436413 0.128172 -0.89057
  outer loop
   vertex -11.9737 -3.69496 -1.74146
   vertex -11.6153 -4.69824 -1.71021
   vertex  -13.223 -4.21805 -2.42896
  endloop
 endfacet
 facet normal -0.437436 0.128234 -0.89006
  outer loop
   vertex  13.6213 -2.62299 -1.46021
   vertex  13.3482 -3.77142 -1.49146
   vertex  12.2661 -2.47406 -0.772713
  endloop
 endfacet
 facet normal  0.41746 0.183086 -0.89006
  outer loop
   vertex -12.1307 -6.73604  4.57104
   vertex -12.6601 -5.68089  4.53979
   vertex -11.0002 -5.97143  5.25854
  endloop
 endfacet
 facet normal -0.45524 -0.0313197 -0.889818
  outer loop
   vertex  13.6916  2.33296  3.28979
   vertex  13.8334  1.16095  3.25854
   vertex   12.371  1.99611  3.97729
  endloop
 endfacet
 facet normal 0.252921 -0.378818 0.890241
  outer loop
   vertex -6.04402  11.0306 0.352291
   vertex -6.58768  12.2833  1.03979
   vertex -7.60221  11.6794  1.07104
  endloop
 endfacet
 facet normal 0.197723 -0.412178 -0.88939
  outer loop
   vertex -6.36393  10.8469  2.38354
   vertex -7.15988  11.9485  1.69604
   vertex -6.12287  12.5134  1.66479
  endloop
 endfacet
 facet normal 0.348818 0.298781 0.888288
  outer loop
   vertex -11.3582 -7.95101 -0.647717
   vertex -10.6369 -8.88597 -0.616467
   vertex -10.1908 -7.26999 -1.33522
  endloop
 endfacet
 facet normal -0.287178 -0.351536 0.891039
  outer loop
   vertex  9.00728  10.6109 -1.71021
   vertex  8.04111  9.65759 -2.39771
   vertex  8.82603  8.93716 -2.42896
  endloop
 endfacet
 facet normal 0.0118928 -0.478804 0.877841
  outer loop
   vertex 0.921162  12.5494  4.75854
   vertex  1.93203  13.7204  5.38354
   vertex -0.143795  12.5803  4.78979
  endloop
 endfacet
 facet normal -0.161569 0.423964 0.891151
  outer loop
   vertex   4.5842 -13.0584  4.44603
   vertex  4.24477 -11.7427  3.75853
   vertex  3.22892 -12.0641  3.72728
  endloop
 endfacet
 facet normal -0.0792791 -0.447844 -0.89059
  outer loop
   vertex  2.04564  13.7787 -0.866459
   vertex  1.95926  12.4268 -0.178959
   vertex 0.901265  12.5519 -0.147709
  endloop
 endfacet
 facet normal 0.453578 -0.0555503 0.889484
  outer loop
   vertex -12.2696  2.64402  2.97729
   vertex -13.5682  3.04932  3.66479
   vertex -13.7719  1.88632  3.69604
  endloop
 endfacet
 facet normal 0.449338 0.0628465 -0.891148
  outer loop
   vertex -13.7183 -2.17488  2.13354
   vertex  -12.401 -1.84493  2.82104
   vertex -12.1928 -2.88992  2.85229
  endloop
 endfacet
 facet normal -0.435998 0.128245 0.890763
  outer loop
   vertex  11.9734 -3.63825  1.78979
   vertex  11.6145 -4.64145  1.75854
   vertex  13.2255 -4.15673  2.47729
  endloop
 endfacet
 facet normal -0.187677 -0.411508 -0.891874
  outer loop
   vertex  5.44707  12.8201 -0.960209
   vertex  5.01886  11.5254 -0.272709
   vertex  4.02519  11.9109 -0.241459
  endloop
 endfacet
 facet normal 0.222206 0.396328 -0.890813
  outer loop
   vertex -6.46991 -12.2438 0.164783
   vertex -5.94242 -10.9942 0.852283
   vertex -4.98469  -11.461 0.883533
  endloop
 endfacet
 facet normal 0.119667 0.436982 -0.891474
  outer loop
   vertex -3.09388 -12.4697  5.38353
   vertex -2.34546 -12.6746  5.38353
   vertex    -2.91 -13.5401  4.88353
  endloop
 endfacet
 facet normal -0.436257 0.123114  0.89136
  outer loop
   vertex  12.0036 -3.52596  4.10229
   vertex  11.6555 -4.53327  4.07104
   vertex   13.265 -4.03393  4.78979
  endloop
 endfacet
 facet normal 0.433488 -0.127332 0.892118
  outer loop
   vertex -13.2294  4.31378  1.32104
   vertex -11.9694  3.78649 0.633537
   vertex -11.6104  4.78986 0.602287
  endloop
 endfacet
 facet normal -0.398855 0.194919 0.896059
  outer loop
   vertex  11.7528 -5.62117 -2.61646
   vertex  11.0705 -7.01722 -2.61646
   vertex  12.2039  -6.5656 -2.21021
  endloop
 endfacet
 facet normal -0.384468 -0.241077 0.891104
  outer loop
   vertex  10.7269  6.52022 -0.210213
   vertex    11.24   5.5865 -0.241463
   vertex  11.9503  7.11051 0.477287
  endloop
 endfacet
 facet normal -0.187425 -0.414313 0.890627
  outer loop
   vertex   6.2999  10.8828 -2.33521
   vertex  6.04743  12.5421 -1.61646
   vertex  5.35605  11.3769 -2.30396
  endloop
 endfacet
 facet normal 0.370363 -0.26363 -0.890691
  outer loop
   vertex -11.5079  7.83579  4.16479
   vertex  -10.326   7.1734  4.85229
   vertex -10.8931  6.27115  4.88354
  endloop
 endfacet
 facet normal -0.45418 0.0599121 0.888893
  outer loop
   vertex  13.7514 -1.85705  2.53979
   vertex  12.2456 -2.60824  1.82104
   vertex  13.5371 -3.01791  2.50854
  endloop
 endfacet
 facet normal -0.00203082 -0.453504 0.891252
  outer loop
   vertex 0.355355  13.9308 -1.46021
   vertex 0.203743  12.5804 -2.14771
   vertex  1.26719  12.5142 -2.17896
  endloop
 endfacet
 facet normal -0.111777 -0.439767 -0.891129
  outer loop
   vertex  2.89035  12.2379  2.10229
   vertex  1.84398  12.4405  2.13354
   vertex  3.07941   13.583  1.41479
  endloop
 endfacet
 facet normal -0.733907 0.677902 0.0427806
  outer loop
   vertex  8.82455 -8.84154  1.32103
   vertex    9.386 -8.25343  1.63353
   vertex  9.54868 -8.05956  1.35228
  endloop
 endfacet
 facet normal 0.0361895 -0.45526 0.889623
  outer loop
   vertex 0.0875669  12.5783 0.164791
   vertex 0.226574  13.9328 0.852291
   vertex -0.953639  13.9001 0.883541
  endloop
 endfacet
 facet normal -0.453381 0.0553155 0.889599
  outer loop
   vertex  12.2663 -2.49326  4.13354
   vertex  13.5665 -2.89254  4.82104
   vertex  13.7697 -1.72971  4.85229
  endloop
 endfacet
 facet normal 0.215526 -0.400904 -0.890407
  outer loop
   vertex -7.22874  11.2305 -2.61646
   vertex -6.44957  11.5872 -2.58846
   vertex -6.16595  10.9689 -2.24146
  endloop
 endfacet
 facet normal 0.00197134 -0.453813 -0.891095
  outer loop
   vertex -0.437385  13.9296  1.50854
   vertex -0.280651  12.5803  2.19604
   vertex -1.34402  12.5144  2.22729
  endloop
 endfacet
 facet normal -0.124584 -0.461168 -0.878523
  outer loop
   vertex  3.27575  12.3253 -2.61646
   vertex  3.11772  12.1894 -2.52271
   vertex  2.07521  12.4115 -2.49146
  endloop
 endfacet
 facet normal -0.283547 0.361087 0.888379
  outer loop
   vertex  7.52759 -11.6156 -0.0852165
   vertex  8.49236 -10.9349 -0.0539665
   vertex  6.89304 -10.4225 -0.772717
  endloop
 endfacet
 facet normal 0.118415 -0.437605 -0.891336
  outer loop
   vertex -3.43362  12.1062  2.28979
   vertex -4.44432  11.7691  2.32104
   vertex   -3.926  13.3733  1.60229
  endloop
 endfacet
 facet normal 0.239701 -0.396989  0.88597
  outer loop
   vertex -5.58878  12.2283  5.38354
   vertex -6.91854  11.4254  5.38354
   vertex -6.25054  10.9221  4.97729
  endloop
 endfacet
 facet normal -0.176663 -0.417073 0.891538
  outer loop
   vertex  5.69836  12.7083  5.32104
   vertex  5.03624  11.5192  4.63354
   vertex  5.99192  11.0476  4.60229
  endloop
 endfacet
 facet normal -0.187786  0.41594 0.889792
  outer loop
   vertex  5.56271 -12.6725  2.16478
   vertex  4.13509 -11.7795  1.44603
   vertex  4.46298 -13.1022  2.13353
  endloop
 endfacet
 facet normal 0.457298 0.036004 -0.888584
  outer loop
   vertex -13.6953  -2.3017  4.44604
   vertex -13.8482 -1.13106  4.41479
   vertex -12.3863  -1.9609  5.13354
  endloop
 endfacet
 facet normal -0.0320648 -0.451399 -0.891746
  outer loop
   vertex 0.668725  12.5594  4.47729
   vertex -0.396911  12.5734  4.50854
   vertex 0.614525  13.9215  3.78979
  endloop
 endfacet
 facet normal 0.266172 -0.370026 -0.890075
  outer loop
   vertex -9.17263  10.4867  4.07104
   vertex -8.25126  11.2246  4.03979
   vertex -8.18927   9.5403  4.75854
  endloop
 endfacet
 facet normal -0.258361 0.374176 0.890641
  outer loop
   vertex  7.63595 -11.5457  2.22728
   vertex  6.98906 -10.3559  1.53978
   vertex  6.07902 -10.9099  1.50853
  endloop
 endfacet
 facet normal 0.0369186 0.450999 -0.89176
  outer loop
   vertex -0.826362 -13.8198 0.321033
   vertex -0.861389 -12.4575  1.00853
   vertex 0.204018 -12.4829  1.03978
  endloop
 endfacet
 facet normal 0.731353 -0.0990754 0.674764
  outer loop
   vertex -12.2992   2.5308  5.28979
   vertex -12.1905  3.97175  5.38354
   vertex -12.6064 0.901711  5.38354
  endloop
 endfacet
 facet normal -0.454852 -0.0164064 -0.890416
  outer loop
   vertex  12.4121  1.76652 -0.647713
   vertex  13.8503 0.903663 -1.36646
   vertex  12.5116 0.705664 -0.678963
  endloop
 endfacet
 facet normal 0.074905 0.450933 0.889409
  outer loop
   vertex -3.55275 -13.3784  4.22728
   vertex -2.39934 -13.6316  4.25853
   vertex -3.09591 -12.0983  3.53978
  endloop
 endfacet
 facet normal -0.452425 -0.0587665 0.889864
  outer loop
   vertex  12.5145 0.568924  1.91479
   vertex  13.8759 0.498694  2.60229
   vertex  13.7845   1.6756  2.63354
  endloop
 endfacet
 facet normal -0.291644 0.346982 0.891374
  outer loop
   vertex  8.69635 -10.7777  4.57103
   vertex  7.93698 -9.64981  3.88354
   vertex  7.08317 -10.2872  3.85228
  endloop
 endfacet
 facet normal -0.433994 -0.142955 -0.889502
  outer loop
   vertex  13.1521   4.4974  1.03979
   vertex  11.5295  4.95129  1.75854
   vertex  12.7254  5.59828  1.07104
  endloop
 endfacet
 facet normal -0.992784 -0.113315 0.0392422
  outer loop
   vertex  12.4907 0.937077  3.94604
   vertex  12.4107   1.7461  4.25854
   vertex   12.371  1.99611  3.97729
  endloop
 endfacet
 facet normal -0.187876 0.412604 -0.891325
  outer loop
   vertex  5.46124 -11.2346  3.50853
   vertex  6.38557 -11.5173  3.18282
   vertex  6.16673 -12.3985  2.82103
  endloop
 endfacet
 facet normal -0.338905 0.303401 -0.890557
  outer loop
   vertex  9.47601 -8.15034 -0.960217
   vertex  10.1399 -7.31709 -0.928967
   vertex  10.5791 -8.93621 -1.64772
  endloop
 endfacet
 facet normal 0.111786 -0.445046 0.888503
  outer loop
   vertex -2.03558  12.4192 0.227291
   vertex -2.12717  13.7688 0.914791
   vertex -3.28569  13.5401 0.946041
  endloop
 endfacet
 facet normal 0.435708 -0.563046 0.702237
  outer loop
   vertex -7.58297  10.8763  5.35554
   vertex -6.91854  11.4254  5.38354
   vertex -8.14742  10.4745  5.38354
  endloop
 endfacet
 facet normal -0.436003 0.138072  0.88929
  outer loop
   vertex    12.16 -5.10865 -2.52057
   vertex  13.1444  -4.4016 -2.14771
   vertex  12.2661 -4.15603 -2.61646
  endloop
 endfacet
 facet normal -0.0362525 0.456652 0.888906
  outer loop
   vertex -0.0475917 -12.4929  1.32103
   vertex -0.178524 -13.8415  2.00853
   vertex  1.00147 -13.8087  2.03978
  endloop
 endfacet
 facet normal 0.228566 -0.391313 0.891421
  outer loop
   vertex -6.70071  12.2215  3.35229
   vertex -6.14814  10.9781  2.66479
   vertex -5.19862  11.4616  2.63354
  endloop
 endfacet
 facet normal -0.457506 0.0287291 0.888742
  outer loop
   vertex  12.7436 -1.09486 -2.61646
   vertex  12.6949 -1.86986 -2.61646
   vertex  13.7117 -2.11145 -2.08521
  endloop
 endfacet
 facet normal -0.169571 0.429838 -0.88684
  outer loop
   vertex  6.28189 -12.3408  5.13353
   vertex  5.20697 -12.8293  5.10228
   vertex  5.29951 -12.2125  5.38353
  endloop
 endfacet
 facet normal -0.384617 0.134755 0.913187
  outer loop
   vertex    12.16 -5.10865 -2.52057
   vertex  12.2661 -4.15603 -2.61646
   vertex  11.7528 -5.62117 -2.61646
  endloop
 endfacet
 facet normal -0.0660021 -0.453486 0.888816
  outer loop
   vertex  1.97961  12.4272  4.72729
   vertex  3.47482  13.4959  5.38354
   vertex  1.93203  13.7204  5.38354
  endloop
 endfacet
 facet normal -0.293377 0.188299 0.937269
  outer loop
   vertex  11.0063 -7.25664 -2.58846
   vertex  11.0705 -7.01722 -2.61646
   vertex  10.2308 -8.32555 -2.61647
  endloop
 endfacet
 facet normal -0.157597 -0.430948 0.888508
  outer loop
   vertex  5.93133  12.5981 0.696041
   vertex  4.84477  13.0599 0.727291
   vertex  5.25151  11.4292 0.00854111
  endloop
 endfacet
 facet normal 0.370039 -0.264357 -0.89061
  outer loop
   vertex  -11.736  7.02727 -2.61646
   vertex -10.9171  7.50742 -2.41872
   vertex -10.7106  6.56766 -2.05396
  endloop
 endfacet
 facet normal 0.448376 -0.0608149 -0.891774
  outer loop
   vertex -13.8134  1.61266 -2.58521
   vertex -12.4512  1.57444 -1.89771
   vertex -12.5331 0.512105 -1.86646
  endloop
 endfacet
 facet normal 0.445025 -0.223455 0.867191
  outer loop
   vertex -10.7622  6.48541  5.16479
   vertex -10.6643  7.52916  5.38354
   vertex -11.7095   5.4476  5.38354
  endloop
 endfacet
 facet normal -0.107834 0.456788 0.883015
  outer loop
   vertex  3.08098 -13.4983 -2.52272
   vertex  2.64439 -13.4202 -2.61647
   vertex  1.91956 -13.7121 -2.55397
  endloop
 endfacet
 facet normal -0.0743808 0.381903 0.921204
  outer loop
   vertex  1.91956 -13.7121 -2.55397
   vertex  2.64439 -13.4202 -2.61647
   vertex  1.11702 -13.7177 -2.61647
  endloop
 endfacet
 facet normal -0.0709183 0.493518  0.86684
  outer loop
   vertex  1.91956 -13.7121 -2.55397
   vertex  1.11702 -13.7177 -2.61647
   vertex 0.744057 -13.8261 -2.58522
  endloop
 endfacet
 facet normal -0.0289209 0.367233 0.929679
  outer loop
   vertex 0.744057 -13.8261 -2.58522
   vertex  1.11702 -13.7177 -2.61647
   vertex -0.436882   -13.84 -2.61647
  endloop
 endfacet
 facet normal 0.147547 0.428369 -0.891476
  outer loop
   vertex -4.17564 -13.2051  2.53978
   vertex -3.87819 -11.8768  3.22728
   vertex -2.85255  -12.165  3.25853
  endloop
 endfacet
 facet normal -0.404165 0.205315 -0.891345
  outer loop
   vertex   12.509 -5.97614 -1.55396
   vertex  11.2382 -5.49316 -0.866463
   vertex  11.6651 -4.51705 -0.835213
  endloop
 endfacet
 facet normal -0.147652 0.430808 0.890283
  outer loop
   vertex  4.34126 -13.1442 -0.178967
   vertex   3.0034 -12.1174 -0.897717
   vertex  3.20626 -13.4686 -0.210217
  endloop
 endfacet
 facet normal 0.0443237 -0.450468 -0.891692
  outer loop
   vertex -1.45974   12.498  4.53979
   vertex -2.51219  12.3326  4.57104
   vertex -1.74267  13.8311  3.85229
  endloop
 endfacet
 facet normal 0.224711 -0.392065 0.892071
  outer loop
   vertex -6.58768  12.2833  1.03979
   vertex -6.04402  11.0306 0.352291
   vertex -5.09045   11.506 0.321041
  endloop
 endfacet
 facet normal -0.285735 0.351369 -0.891569
  outer loop
   vertex  8.03785 -9.56058  1.28978
   vertex  8.82455 -8.84154  1.32103
   vertex  9.00571  -10.518 0.602283
  endloop
 endfacet
 facet normal -0.392439 0.228023 0.891065
  outer loop
   vertex  11.8052 -7.25258  4.69604
   vertex  10.7142 -6.44353  4.00854
   vertex  10.1268 -7.33238  3.97729
  endloop
 endfacet
 facet normal -0.96069 -0.277518 0.00761473
  outer loop
   vertex  12.1633  3.04121  4.00854
   vertex  11.9399  3.82287  4.32104
   vertex  11.8678   4.0648  4.03979
  endloop
 endfacet
 facet normal -0.966969 0.254851 -0.00461987
  outer loop
   vertex   13.598 -2.75969  5.38354
   vertex   13.265 -4.03393  4.78979
   vertex  13.2136 -4.21827  5.38354
  endloop
 endfacet
 facet normal 0.435141 -0.125044 -0.891637
  outer loop
   vertex  -13.447  3.55179  4.28979
   vertex -12.1046  3.32123  4.97729
   vertex -12.3393  2.28159  5.00854
  endloop
 endfacet
 facet normal -0.210147 -0.40723 -0.88882
  outer loop
   vertex  5.20847  12.9172  3.66479
   vertex  6.28392  12.4304  3.63354
   vertex  4.80766  11.6235  4.35229
  endloop
 endfacet
 facet normal -0.422888 0.163825 -0.891251
  outer loop
   vertex  13.0657 -4.65041  3.10229
   vertex  11.7524 -4.30049  3.78979
   vertex  12.0794 -3.28622  3.82104
  endloop
 endfacet
 facet normal 0.174792 0.423322 -0.888958
  outer loop
   vertex -4.05312 -13.2443  4.85228
   vertex -5.16593 -12.8504  4.82103
   vertex -4.54651  -11.925  5.38353
  endloop
 endfacet
 facet normal 0.422079 -0.165982 -0.891234
  outer loop
   vertex -11.7425  4.44554  2.63354
   vertex -12.0748  3.43287  2.66479
   vertex -13.0543  4.80123  1.94604
  endloop
 endfacet
 facet normal  0.44909 0.0650398 0.891116
  outer loop
   vertex  -13.794  -1.6477  3.78979
   vertex -12.4372 -1.59675  3.10229
   vertex -12.5289 -0.535244  3.07104
  endloop
 endfacet
 facet normal 0.0345709 0.453578 0.890546
  outer loop
   vertex -1.35722 -13.7742  1.97728
   vertex -1.11201  -12.443  1.28978
   vertex -2.16781 -12.3012  1.25853
  endloop
 endfacet
 facet normal 0.361923 0.273117 -0.891302
  outer loop
   vertex -10.8909 -8.59056  2.32104
   vertex -9.90128  -7.6584  3.00854
   vertex -9.21136 -8.47066  3.03979
  endloop
 endfacet
 facet normal -0.999935 -0.00753132 0.00853697
  outer loop
   vertex  12.5193 -0.359683 -0.710213
   vertex  12.5159 0.453161 -0.397713
   vertex  12.5116 0.705664 -0.678963
  endloop
 endfacet
 facet normal -0.451737 -0.027062 0.891741
  outer loop
   vertex  13.8759 0.498694  2.60229
   vertex  12.5145 0.568924  1.91479
   vertex  12.5166 -0.496477  1.88354
  endloop
 endfacet
 facet normal -0.0593466 0.448347 -0.891887
  outer loop
   vertex  3.04872 -12.8239  5.38353
   vertex  2.95164 -13.5206  5.03978
   vertex  1.75703 -13.0506  5.35553
  endloop
 endfacet
 facet normal -0.216662 0.976243 0.00259976
  outer loop
   vertex  2.20898 -12.2929 -1.21022
   vertex   3.0034 -12.1174 -0.897717
   vertex  3.24912 -12.0621 -1.17897
  endloop
 endfacet
 facet normal -0.176669 0.398824 0.899849
  outer loop
   vertex  5.32624 -12.7752 -2.46022
   vertex  5.54673  -12.325 -2.61647
   vertex  4.12703 -12.9539 -2.61647
  endloop
 endfacet
 facet normal 0.367455 -0.265791 -0.891253
  outer loop
   vertex  -11.437  7.94312  1.85229
   vertex -10.2577  7.26807  2.53979
   vertex -10.8313  6.37028  2.57104
  endloop
 endfacet
 facet normal 0.0384267 -0.451453 -0.891467
  outer loop
   vertex -1.22767  12.5247 -0.0852089
   vertex -2.28224  12.3732 -0.0539589
   vertex -1.48674  13.8602 -0.772709
  endloop
 endfacet
 facet normal -0.275368 -0.360987 0.890989
  outer loop
   vertex  7.76924  9.87431  4.53979
   vertex  8.57777  9.18042  4.50854
   vertex  8.70771  10.8553  5.22729
  endloop
 endfacet
 facet normal -0.0084162 0.453342 0.891297
  outer loop
   vertex -0.0498767 -13.8444  4.32103
   vertex 0.0691686 -12.4905  3.63353
   vertex -0.995414 -12.4488  3.60228
  endloop
 endfacet
 facet normal -0.985324 -0.17057 0.00659283
  outer loop
   vertex  13.7803    1.744  5.38354
   vertex  13.5659  2.96667  4.97729
   vertex  13.7671  1.80321  4.94604
  endloop
 endfacet
 facet normal -0.00231991 0.454147 0.890924
  outer loop
   vertex -0.164432 -12.4887 -0.991467
   vertex -1.22834 -12.4328 -1.02272
   vertex -0.307285 -13.8382 -0.303967
  endloop
 endfacet
 facet normal -0.387464 -0.235254 -0.891363
  outer loop
   vertex  10.5901  6.73288 -0.491463
   vertex  9.98544  7.61038 -0.460209
   vertex  11.6681  7.56231 -1.17896
  endloop
 endfacet
 facet normal  0.45174 0.0197973 -0.89193
  outer loop
   vertex -13.8705 -0.874703 -0.210213
   vertex -12.5221 -0.669388 0.477287
   vertex  -12.414 -1.72955 0.508537
  endloop
 endfacet
 facet normal -0.593305 -0.804926 0.00915343
  outer loop
   vertex  8.81265  10.7797  5.38354
   vertex  7.75733  11.5562  5.25854
   vertex  8.70771  10.8553  5.22729
  endloop
 endfacet
 facet normal 0.141131 0.431023 0.891236
  outer loop
   vertex -4.68101   -13.03  4.19603
   vertex -4.11705 -11.7931  3.50853
   vertex -5.10894 -11.4037  3.47728
  endloop
 endfacet
 facet normal 0.404156 -0.205305 -0.891352
  outer loop
   vertex -12.5496  6.00978 -0.397713
   vertex -11.2766   5.5308 0.289787
   vertex -11.7037  4.55443 0.321037
  endloop
 endfacet
 facet normal 0.434399 0.131858 -0.891017
  outer loop
   vertex  -11.935 -3.80471 0.571037
   vertex -11.5674  -4.8048 0.602287
   vertex -13.1826  -4.3405 -0.116463
  endloop
 endfacet
 facet normal 0.424232 0.165946 -0.890219
  outer loop
   vertex -12.8126 -5.32534 -2.39771
   vertex -11.6153 -4.69824 -1.71021
   vertex -11.1708 -5.66683 -1.67896
  endloop
 endfacet
 facet normal -0.402361 -0.211517 -0.890711
  outer loop
   vertex  11.0168  6.01642  4.10229
   vertex  10.4677  6.92938  4.13354
   vertex  12.1424  6.77036  3.41479
  endloop
 endfacet
 facet normal 0.144835 -0.429211 -0.891516
  outer loop
   vertex -4.37433  12.4474 -2.61646
   vertex -4.22696  11.8481 -2.30396
   vertex -5.21521  11.4497 -2.27271
  endloop
 endfacet
 facet normal 0.104067 -0.441479 0.891216
  outer loop
   vertex -2.26326  12.3733  4.85229
   vertex -1.96323  13.1173   5.1858
   vertex -2.69694  13.3435  5.38354
  endloop
 endfacet
 facet normal 0.386266 0.238901 -0.890912
  outer loop
   vertex -11.6534 -7.52637 -0.0227165
   vertex -10.5833 -6.69273 0.664787
   vertex -9.97165 -7.56519 0.696033
  endloop
 endfacet
 facet normal 0.449199 -0.0507223 -0.891991
  outer loop
   vertex -13.8515   1.2279  4.35229
   vertex -12.4865  1.22613  5.03979
   vertex -12.5446 0.162261  5.07104
  endloop
 endfacet
 facet normal 0.436625 -0.137897 -0.889012
  outer loop
   vertex -13.6305  2.77945 -2.61646
   vertex -12.0167  3.65866 -1.96021
   vertex -12.2792  2.62584 -1.92896
  endloop
 endfacet
 facet normal -0.243959 -0.387104 -0.889176
  outer loop
   vertex  5.77344  11.1729  4.32104
   vertex  6.28392  12.4304  3.63354
   vertex  7.31372  11.8532  3.60229
  endloop
 endfacet
 facet normal -0.104033 -0.441092 0.891412
  outer loop
   vertex  3.47482  13.4959  5.38354
   vertex   3.0235  12.2129  4.69604
   vertex  4.04458  11.9089  4.66479
  endloop
 endfacet
 facet normal 0.417935 -0.00353301  0.90847
  outer loop
   vertex -12.4656  1.47794  5.32104
   vertex -12.6064 0.901711  5.38354
   vertex -12.5425 0.414789  5.35229
  endloop
 endfacet
 facet normal 0.495053 0.00911853 0.868815
  outer loop
   vertex -12.5425 0.414789  5.35229
   vertex -12.6064 0.901711  5.38354
   vertex  -12.592 0.124659  5.38354
  endloop
 endfacet
 facet normal 0.392752 0.0319872 0.919088
  outer loop
   vertex -12.5425 0.414789  5.35229
   vertex  -12.592 0.124659  5.38354
   vertex -12.5289 -0.651031  5.38354
  endloop
 endfacet
 facet normal 0.386462 -0.247479 0.888483
  outer loop
   vertex -9.97186  7.65916 -1.80396
   vertex -10.9646  8.57718 -1.11646
   vertex -11.6514  7.61677 -1.08521
  endloop
 endfacet
 facet normal 0.387818 0.235507 -0.891142
  outer loop
   vertex -11.7224 -7.41762 -2.33521
   vertex -10.6436 -6.59267 -1.64771
   vertex  -10.039 -7.46997 -1.61647
  endloop
 endfacet
 facet normal -0.0386121 0.451871 -0.891247
  outer loop
   vertex  1.53186  -13.753 0.383533
   vertex  1.26794 -12.4195  1.07103
   vertex  2.32278 -12.2678  1.10228
  endloop
 endfacet
 facet normal -0.372924 0.247137 0.894344
  outer loop
   vertex  10.2308 -8.32555 -2.61647
   vertex  10.9131 -8.53993 -2.27272
   vertex  11.0063 -7.25664 -2.58846
  endloop
 endfacet
 facet normal 0.314242 0.329669 0.890264
  outer loop
   vertex -9.53382 -8.10899 -1.30397
   vertex -9.84042  -9.7577 -0.585217
   vertex -8.80594  -8.8872 -1.27272
  endloop
 endfacet
 facet normal -0.382837 -0.244731 -0.89081
  outer loop
   vertex  11.5255  7.77713  3.44604
   vertex  10.4677  6.92938  4.13354
   vertex   9.8431  7.79268  4.16479
  endloop
 endfacet
 facet normal 0.120735 -0.437714 0.890971
  outer loop
   vertex -3.19143  12.1714  2.57104
   vertex -2.14967  12.3952  2.53979
   vertex -3.41111  13.5103  3.25854
  endloop
 endfacet
 facet normal 0.431771 -0.132157 0.892249
  outer loop
   vertex -13.1897  4.43627 -0.991463
   vertex -11.9342  3.89653 -1.67896
   vertex -11.5637  4.89589 -1.71021
  endloop
 endfacet
 facet normal 0.410007 -0.196434 -0.890678
  outer loop
   vertex -12.6568  5.77505  4.22729
   vertex -11.3797  5.32342  4.91479
   vertex -11.7841  4.33765  4.94604
  endloop
 endfacet
 facet normal -0.280465 -0.361219 -0.889303
  outer loop
   vertex  7.42287  11.7848  1.28979
   vertex  8.39135  11.1098  1.25854
   vertex   6.7957  10.5792  1.97729
  endloop
 endfacet
 facet normal -0.341402 -0.306442 -0.888559
  outer loop
   vertex  8.56513  9.19624 -0.397709
   vertex  9.39328  10.2671 -1.08521
   vertex   10.226  9.42998 -1.11646
  endloop
 endfacet
 facet normal 0.338739 0.299818 -0.891833
  outer loop
   vertex -10.2057  -9.3889 0.0397835
   vertex -9.28719 -8.38162 0.727283
   vertex   -8.536 -9.13737 0.758533
  endloop
 endfacet
 facet normal -0.363571 -0.271274 -0.891194
  outer loop
   vertex  9.91321   7.7007  1.85229
   vertex  9.22771  8.51678  1.88354
   vertex  10.9067  8.62778  1.16479
  endloop
 endfacet
 facet normal -0.115338 0.436641 0.892212
  outer loop
   vertex  3.20626 -13.4686 -0.210217
   vertex   3.0034 -12.1174 -0.897717
   vertex   1.9589 -12.3294 -0.928967
  endloop
 endfacet
 facet normal 0.0793739 0.444614 -0.892199
  outer loop
   vertex -2.12845 -13.6839 -2.02272
   vertex  -2.0349  -12.321 -1.33522
   vertex -0.976634 -12.4473 -1.30397
  endloop
 endfacet
 facet normal 0.350642 0.936313 0.019177
  outer loop
   vertex -4.87583 -11.5025  3.19603
   vertex -4.11705 -11.7931  3.50853
   vertex -3.87819 -11.8768  3.22728
  endloop
 endfacet
 facet normal 0.436067  -0.1235   0.8914
  outer loop
   vertex -12.0074  3.67677  2.94604
   vertex -11.6584  4.68337  2.91479
   vertex -13.2672  4.19077  3.63354
  endloop
 endfacet
 facet normal  0.41701 0.173836 0.892123
  outer loop
   vertex -12.9713 -4.95224  1.57104
   vertex -11.6601 -4.56932 0.883537
   vertex -12.0125 -3.56367 0.852287
  endloop
 endfacet
 facet normal -0.253932 -0.374826 -0.891641
  outer loop
   vertex  7.53128  11.7152 -1.02271
   vertex  6.89197  10.5129 -0.335209
   vertex  5.97683  11.0585 -0.303959
  endloop
 endfacet
 facet normal 0.343199 -0.298569 0.890545
  outer loop
   vertex -10.2868  9.38187  1.16479
   vertex -9.36618  8.38952 0.477291
   vertex -8.62187  9.15188 0.446041
  endloop
 endfacet
 facet normal 0.294045 0.352279 0.888502
  outer loop
   vertex -8.80594  -8.8872 -1.27272
   vertex -9.84042  -9.7577 -0.585217
   vertex -8.97405 -10.5597 -0.553967
  endloop
 endfacet
 facet normal -0.387827 0.233574 -0.891646
  outer loop
   vertex  12.0805 -6.79385  3.03979
   vertex  10.8424 -6.22515  3.72729
   vertex  11.3385 -5.28219  3.75854
  endloop
 endfacet
 facet normal 0.263726 -0.37359 -0.889314
  outer loop
   vertex  -8.1033  9.61851  2.44604
   vertex  -9.0743  10.5696  1.75854
   vertex -8.14614  11.2992  1.72729
  endloop
 endfacet
 facet normal 0.407199 -0.19959 0.891265
  outer loop
   vertex  -10.645  6.68731 0.539787
   vertex -12.3156  6.48858  1.25854
   vertex -11.1683  5.75926 0.571037
  endloop
 endfacet
 facet normal -0.0345357 -0.450545 0.892085
  outer loop
   vertex  1.15196  12.5239 0.133541
   vertex  2.20814   12.381 0.102291
   vertex  1.40513  13.8657 0.821041
  endloop
 endfacet
 facet normal 0.258335 -0.371361 0.891826
  outer loop
   vertex -6.60569  11.4973 -1.60395
   vertex -7.49432  11.7497 -1.24146
   vertex -6.85846   10.541 -1.92896
  endloop
 endfacet
 facet normal -0.190586 0.413833 -0.890179
  outer loop
   vertex  6.97987 -11.9609 -1.77272
   vertex  5.93446 -12.5096 -1.80397
   vertex   6.1956 -10.8432 -1.08522
  endloop
 endfacet
 facet normal -0.310506 -0.335967 -0.88922
  outer loop
   vertex  7.66433  9.96205  1.94604
   vertex  8.39135  11.1098  1.25854
   vertex  9.29836  10.3542  1.22729
  endloop
 endfacet
 facet normal -0.113959 -0.437345 0.892044
  outer loop
   vertex  3.84684  13.3921 -1.55396
   vertex  3.35946  12.1168 -2.24146
   vertex  4.37343  11.7888 -2.27271
  endloop
 endfacet
 facet normal -0.387247 0.237433 -0.890879
  outer loop
   vertex  10.7875 -6.32803  1.41479
   vertex  11.2912 -5.38913  1.44604
   vertex  12.0154 -6.90488 0.727287
  endloop
 endfacet
 facet normal -0.405723 0.208803 0.889826
  outer loop
   vertex  11.6703 -7.47203 0.0710335
   vertex   12.264 -6.45162 0.102287
   vertex   10.591 -6.63932 -0.616463
  endloop
 endfacet
 facet normal 0.115661 0.441321 0.889864
  outer loop
   vertex -4.22525 -11.7528  1.19603
   vertex -4.80281 -12.9877  1.88353
   vertex -3.67764 -13.3456  1.91478
  endloop
 endfacet
 facet normal 0.496489 0.867895 0.0160363
  outer loop
   vertex -7.55198 -11.6205 -2.61647
   vertex -6.58371 -12.1831 -2.14772
   vertex -6.24269 -12.3695 -2.61647
  endloop
 endfacet
 facet normal 0.281193  0.35677 0.890868
  outer loop
   vertex -8.72342 -8.96967  1.03978
   vertex -8.87662 -10.6437  1.75853
   vertex  -7.9258 -9.67635  1.07103
  endloop
 endfacet
 facet normal 0.270389 0.962735 0.00555563
  outer loop
   vertex -3.87819 -11.8768  3.22728
   vertex -3.09591 -12.0983  3.53978
   vertex -2.85255  -12.165  3.25853
  endloop
 endfacet
 facet normal -0.341016 0.296221 0.892167
  outer loop
   vertex  10.2319 -9.34175 0.00853348
   vertex  9.30567 -8.33741 -0.678967
   vertex  8.56143 -9.10008 -0.710217
  endloop
 endfacet
 facet normal 0.288713 -0.353941  0.88959
  outer loop
   vertex -7.05249  10.4149  2.69604
   vertex  -7.7089  11.6074  3.38354
   vertex -8.66093  10.9094  3.41479
  endloop
 endfacet
 facet normal 0.257625 0.374368 -0.890774
  outer loop
   vertex -6.76054 -10.5108  3.13353
   vertex -6.47221 -11.4805  2.80938
   vertex -7.38172 -11.7192  2.44603
  endloop
 endfacet
 facet normal -0.452324 -0.0542172 0.890204
  outer loop
   vertex  12.6072  1.22869 -2.61646
   vertex  12.6997 0.457214 -2.61646
   vertex  13.8143  1.41985 -1.99146
  endloop
 endfacet
 facet normal -0.309038 -0.330589 -0.891743
  outer loop
   vertex  8.38869  9.34843  4.22729
   vertex  7.56947    10.03  4.25854
   vertex  9.20347  10.4413  3.53979
  endloop
 endfacet
 facet normal 0.292266 -0.348451 0.890597
  outer loop
   vertex -7.15079  10.3519  5.00854
   vertex -7.58297  10.8763  5.35554
   vertex -8.14742  10.4745  5.38354
  endloop
 endfacet
 facet normal -0.333141 -0.308326  0.89104
  outer loop
   vertex  9.32416   8.4202  4.47729
   vertex  10.0018   7.5977  4.44604
   vertex  10.4155  9.22787  5.16479
  endloop
 endfacet
 facet normal -0.183301 -0.414723 -0.891294
  outer loop
   vertex  4.91396   11.575  2.03979
   vertex  3.91616  11.9489  2.07104
   vertex  5.32815  12.8695  1.35229
  endloop
 endfacet
 facet normal -0.447667 0.102306 0.888329
  outer loop
   vertex  11.9418 -3.75085 -0.522713
   vertex  13.1853  -4.2793 0.164787
   vertex   13.507 -3.14317 0.196037
  endloop
 endfacet
 facet normal -0.153272 -0.431409 0.889041
  outer loop
   vertex  5.14412  11.4753  2.32104
   vertex  5.81506  12.6537  3.00854
   vertex  4.72445  13.1056  3.03979
  endloop
 endfacet
 facet normal -0.53349 -0.844896 0.0392412
  outer loop
   vertex  7.26999  10.2572 -2.61646
   vertex   6.2999  10.8828 -2.33521
   vertex  6.08099   11.008 -2.61646
  endloop
 endfacet
 facet normal -0.19935 -0.503693 -0.840567
  outer loop
   vertex  4.13773  11.8799 -2.55396
   vertex  3.27575  12.3253 -2.61646
   vertex  4.71794  11.7545 -2.61646
  endloop
 endfacet
 facet normal 0.0758393 -0.448709 0.890454
  outer loop
   vertex -1.17325  13.6432  5.38354
   vertex -1.96323  13.1173   5.1858
   vertex -1.20777  12.5211  4.82104
  endloop
 endfacet
 facet normal -0.375647 0.305821 -0.87485
  outer loop
   vertex   10.826 -8.63824  5.28979
   vertex  10.9516 -8.21571  5.38354
   vertex  11.5268 -7.68807  5.32104
  endloop
 endfacet
 facet normal -0.319719 0.239911 -0.916636
  outer loop
   vertex  11.5268 -7.68807  5.32104
   vertex  10.9516 -8.21571  5.38354
   vertex  11.8854 -6.97127  5.38354
  endloop
 endfacet
 facet normal -0.424006 0.287067 -0.85896
  outer loop
   vertex  11.5268 -7.68807  5.32104
   vertex  11.8854 -6.97127  5.38354
   vertex  12.1445 -6.68216  5.35229
  endloop
 endfacet
 facet normal -0.323186 0.189355 -0.927198
  outer loop
   vertex  12.1445 -6.68216  5.35229
   vertex  11.8854 -6.97127  5.38354
   vertex  12.6733 -5.62658  5.38354
  endloop
 endfacet
 facet normal 0.339222 0.303303  0.89047
  outer loop
   vertex -9.45599 -8.19599  1.00853
   vertex -10.1194 -7.36231 0.977283
   vertex -10.5549  -8.9854  1.69603
  endloop
 endfacet
 facet normal 0.318107 -0.639975 -0.699457
  outer loop
   vertex -5.83703  11.9222 -2.61646
   vertex -6.44957  11.5872 -2.58846
   vertex -7.22874  11.2305 -2.61646
  endloop
 endfacet
 facet normal -0.313139 0.342905 0.885641
  outer loop
   vertex  8.38964 -11.0127 -2.36647
   vertex  9.30049 -10.2616 -2.33522
   vertex  8.70089 -10.0828 -2.61647
  endloop
 endfacet
 facet normal 0.372481 -0.260311 0.890784
  outer loop
   vertex -10.6643  7.52916  5.38354
   vertex -10.1746  7.37446  5.13354
   vertex -9.51484  8.21154  5.10229
  endloop
 endfacet
 facet normal 0.316023 -0.948582 -0.0179401
  outer loop
   vertex -4.92175  13.0352 -0.678959
   vertex -4.29832  13.2554 -1.33521
   vertex -3.80205  13.4089 -0.710209
  endloop
 endfacet
 facet normal 0.287304 -0.441896 -0.849814
  outer loop
   vertex -7.48656  10.9437 -2.55451
   vertex  -8.5317  10.3833 -2.61646
   vertex -7.22874  11.2305 -2.61646
  endloop
 endfacet
 facet normal 0.188352 0.414604 0.890296
  outer loop
   vertex  -6.1634 -10.8703  1.13353
   vertex -6.94169 -11.9931  1.82103
   vertex -5.89358 -12.5363  1.85228
  endloop
 endfacet
 facet normal 0.333247 -0.317966 -0.887606
  outer loop
   vertex -10.8007  8.26798 -2.61646
   vertex  -9.7282    9.392 -2.61646
   vertex -9.45199  8.28572 -2.11646
  endloop
 endfacet
 facet normal        0       -0        1
  outer loop
   vertex  11.3174 -8.18246  5.38354
   vertex  11.8854 -6.97127  5.38354
   vertex  10.9516 -8.21571  5.38354
  endloop
 endfacet
 facet normal -0.0670809 -0.488836 -0.869793
  outer loop
   vertex  1.01761  12.5435 -2.46021
   vertex 0.239152  12.9284 -2.61646
   vertex  1.77572  12.7175 -2.61646
  endloop
 endfacet
 facet normal 0.420431 -0.156229 0.893773
  outer loop
   vertex -11.7016  4.57501  5.22729
   vertex -11.2728  5.55029  5.19604
   vertex -11.7095   5.4476  5.38354
  endloop
 endfacet
 facet normal -0.179629 -0.378845 -0.90786
  outer loop
   vertex  4.13773  11.8799 -2.55396
   vertex  4.71794  11.7545 -2.61646
   vertex  5.12791  11.4852 -2.58521
  endloop
 endfacet
 facet normal -0.224652 -0.44277 -0.868036
  outer loop
   vertex  5.12791  11.4852 -2.58521
   vertex  4.71794  11.7545 -2.61646
   vertex  5.41069   11.403 -2.61646
  endloop
 endfacet
 facet normal -0.200379 -0.339967 -0.918842
  outer loop
   vertex  5.12791  11.4852 -2.58521
   vertex  5.41069   11.403 -2.61646
   vertex  6.08099   11.008 -2.61646
  endloop
 endfacet
 facet normal -0.406512 -0.208375 0.889566
  outer loop
   vertex  12.8765  5.22336  5.03979
   vertex  12.3928  6.30033  5.07104
   vertex  11.5764  4.82475  4.35229
  endloop
 endfacet
 facet normal -0.336484 -0.301141  0.89224
  outer loop
   vertex   10.136   7.4068 -0.178959
   vertex  10.5852  9.03443 0.539791
   vertex  9.47254  8.24074 -0.147709
  endloop
 endfacet
 facet normal 0.308061 0.333012  0.89118
  outer loop
   vertex -8.63632 -9.04774  3.35229
   vertex -9.37551  -8.2803  3.32104
   vertex -9.65945  -9.9411  4.03979
  endloop
 endfacet
 facet normal  0.10799 -0.438609 -0.892166
  outer loop
   vertex -3.20861  12.1624 -2.33521
   vertex -4.22696  11.8481 -2.30396
   vertex -4.37433  12.4474 -2.61646
  endloop
 endfacet
 facet normal 0.374332 -0.927106 0.0187037
  outer loop
   vertex -4.22696  11.8481 -2.30396
   vertex -4.98256  11.5493 -1.99146
   vertex -5.21521  11.4497 -2.27271
  endloop
 endfacet
 facet normal 0.220009 -0.39758 -0.890801
  outer loop
   vertex -6.46357  10.7884  4.69604
   vertex -7.43512  10.9789  4.37103
   vertex -7.27063  11.8821  4.00854
  endloop
 endfacet
 facet normal  0.19252 0.981176 0.0151456
  outer loop
   vertex -3.41997 -13.4214 -2.61647
   vertex -2.12845 -13.6839 -2.02272
   vertex  -1.9398 -13.7118 -2.61647
  endloop
 endfacet
 facet normal -0.419301 -0.172113 -0.891383
  outer loop
   vertex  12.7254  5.59828  1.07104
   vertex  11.5295  4.95129  1.75854
   vertex  11.0687  5.91191  1.78979
  endloop
 endfacet
 facet normal -0.406167 0.202402 -0.891101
  outer loop
   vertex  12.5649 -5.86011 0.758537
   vertex  11.2912 -5.38913  1.44604
   vertex  11.7108 -4.40962  1.47729
  endloop
 endfacet
 facet normal 0.452372 -0.0593189 0.889855
  outer loop
   vertex -13.5411  3.17527  1.35229
   vertex -13.7548  2.01425  1.38354
   vertex -12.2436  2.75655 0.664787
  endloop
 endfacet
 facet normal 0.454909 0.0224703 0.890255
  outer loop
   vertex -13.8878 -0.341599  1.44604
   vertex -12.5385 -0.418857 0.758537
   vertex   -12.53 0.646485 0.727287
  endloop
 endfacet
 facet normal -0.441397 -0.100176 -0.891703
  outer loop
   vertex  13.4506  3.48855  3.32104
   vertex  12.1633  3.04121  4.00854
   vertex  11.8678   4.0648  4.03979
  endloop
 endfacet
 facet normal 0.449995 -0.0582409 -0.89113
  outer loop
   vertex -12.4792  1.34254  2.72729
   vertex -13.2078 0.690633    2.402
   vertex  -13.839  1.35593  2.03979
  endloop
 endfacet
 facet normal -0.195208 0.412828 -0.889644
  outer loop
   vertex  7.09085 -11.8954 0.539783
   vertex  6.05086 -12.4546 0.508533
   vertex  6.29852 -10.7885  1.22728
  endloop
 endfacet
 facet normal 0.191206 -0.42045  0.88694
  outer loop
   vertex -5.58878  12.2283  5.38354
   vertex -4.31883   11.817  4.91479
   vertex -4.17546  12.8711  5.38354
  endloop
 endfacet
 facet normal 0.121945 -0.439872 -0.889743
  outer loop
   vertex -4.92175  13.0352 -0.678959
   vertex -3.80205  13.4089 -0.710209
   vertex -4.33517  11.8072 0.00854111
  endloop
 endfacet
 facet normal  0.42556 -0.219551 -0.877893
  outer loop
   vertex  -11.228  5.63609 -2.02271
   vertex -11.6648  4.66436 -1.99146
   vertex -13.1598  4.26576 -2.61646
  endloop
 endfacet
 facet normal -0.368022 0.263008 0.891844
  outer loop
   vertex  10.0546 -7.42384  1.66478
   vertex    9.386 -8.25343  1.63353
   vertex  11.0693 -8.33525  2.35229
  endloop
 endfacet
 facet normal -0.383394 -0.243299 0.890963
  outer loop
   vertex  10.6686  6.62151  2.10229
   vertex  11.1868  5.69048  2.07104
   vertex  11.8854  7.22169  2.78979
  endloop
 endfacet
 facet normal -0.440379 0.114509 -0.89048
  outer loop
   vertex  13.6447 -2.49634 0.852287
   vertex   12.851 -3.00156  1.17984
   vertex  12.2897 -2.36104  1.53979
  endloop
 endfacet
 facet normal -0.317835  0.32822 0.889523
  outer loop
   vertex  7.93698 -9.64981  3.88354
   vertex  8.69635 -10.7777  4.57103
   vertex  9.58558 -10.0013  4.60228
  endloop
 endfacet
 facet normal 0.0461656 -0.451145 0.891256
  outer loop
   vertex  -1.0926  12.5309  2.50854
   vertex -0.0278392  12.5781  2.47729
   vertex -1.08227  13.8901  3.19604
  endloop
 endfacet
 facet normal -0.788149 0.614981 0.0249019
  outer loop
   vertex  9.54868 -8.05956  1.35228
   vertex  10.0546 -7.42384  1.66478
   vertex  10.2048 -7.21995  1.38353
  endloop
 endfacet
 facet normal -0.262411 -0.375188  0.88903
  outer loop
   vertex  8.04111  9.65759 -2.39771
   vertex  9.00728  10.6109 -1.71021
   vertex  8.07584  11.3364 -1.67896
  endloop
 endfacet
 facet normal -0.447926 -0.0661611 0.891619
  outer loop
   vertex  13.8002  1.54783 0.321037
   vertex  12.4364    1.516 -0.366463
   vertex  13.1824 0.833726 -0.0423088
  endloop
 endfacet
 facet normal 0.994665 0.0914904 0.047646
  outer loop
   vertex -12.5257 -0.55359 -1.83521
   vertex  -12.466 -1.36492 -1.52271
   vertex -12.4295 -1.61506 -1.80396
  endloop
 endfacet
 facet normal -0.0432373 0.361431 -0.931396
  outer loop
   vertex  1.50606 -13.0085  5.38353
   vertex  3.04872 -12.8239  5.38353
   vertex  1.75703 -13.0506  5.35553
  endloop
 endfacet
 facet normal 0.809017 0.587785 1.86852e-07
  outer loop
   vertex -11.7864 -7.52244  6.88354
   vertex -10.8468 -8.81564  5.38354
   vertex -11.7864 -7.52244  5.38354
  endloop
 endfacet
 facet normal 0.985354 0.170523 4.06559e-08
  outer loop
   vertex -13.9176 -1.54935  6.88354
   vertex  -13.645 -3.12442  5.38354
   vertex -13.9176 -1.54935  5.38354
  endloop
 endfacet
 facet normal 0.466668 0.884433 5.62307e-07
  outer loop
   vertex -7.23838 -11.9424  6.88353
   vertex -5.82462 -12.6883  5.38353
   vertex -7.23838 -11.9424  5.38353
  endloop
 endfacet
 facet normal -0.516398 0.856349 5.44452e-07
  outer loop
   vertex  7.89339 -11.5101  6.88353
   vertex  6.52453 -12.3355  5.38353
   vertex  6.52453 -12.3355  6.88353
  endloop
 endfacet
 facet normal -0.897398 -0.441221 -1.4026e-07
  outer loop
   vertex  12.1816  6.93079  6.88354
   vertex  12.8869  5.49631  5.38354
   vertex  12.8869  5.49631  6.88354
  endloop
 endfacet
 facet normal -0.610648 -0.791902 -5.03478e-07
  outer loop
   vertex  7.89339  11.6031  6.88354
   vertex  9.15924   10.627  5.38354
   vertex  9.15924   10.627  6.88354
  endloop
 endfacet
 facet normal -0.198591 0.980083 6.2312e-07
  outer loop
   vertex  3.55024 -13.4935  6.88353
   vertex   1.9836  -13.811  5.38353
   vertex   1.9836  -13.811  6.88353
  endloop
 endfacet
 facet normal -0.993482 0.113991 3.62367e-08
  outer loop
   vertex  13.9684 -0.752712  6.88354
   vertex  13.7861 -2.34078  5.38354
   vertex  13.7861 -2.34078  6.88354
  endloop
 endfacet
 facet normal 0.564444 -0.825472 -5.24821e-07
  outer loop
   vertex -7.23838  12.0354  6.88354
   vertex -8.55788  11.1332  5.38354
   vertex -7.23838  12.0354  5.38354
  endloop
 endfacet
 facet normal 0.959493 0.281731 8.956e-08
  outer loop
   vertex -13.1946 -4.65816  6.88354
   vertex  -13.645 -3.12442  5.38354
   vertex  -13.645 -3.12442  6.88354
  endloop
 endfacet
 facet normal -0.897399 0.441221 1.4026e-07
  outer loop
   vertex  12.8869 -5.40325  6.88354
   vertex  12.1816 -6.83773  5.38354
   vertex  12.1816 -6.83773  6.88354
  endloop
 endfacet
 facet normal       -1       -0        0
  outer loop
   vertex  13.9684 0.845775  6.88354
   vertex  13.9684 -0.752711  5.38354
   vertex  13.9684 -0.752712  6.88354
  endloop
 endfacet
 facet normal 0.254218 -0.967147 -6.14895e-07
  outer loop
   vertex -4.33505  13.3613  6.88354
   vertex -2.78908  13.7677  5.38354
   vertex -2.78908  13.7677  6.88354
  endloop
 endfacet
 facet normal -0.941844 -0.33605 -1.06827e-07
  outer loop
   vertex  12.8869  5.49631  6.88354
   vertex  13.4241  3.99079  5.38354
   vertex  13.4241  3.99079  6.88354
  endloop
 endfacet
 facet normal 0.998369 0.0570885 1.58794e-08
  outer loop
   vertex -14.0088 0.0465323  6.88354
   vertex -13.9176 -1.54935  5.38354
   vertex -14.0088 0.0465327  5.38354
  endloop
 endfacet
 facet normal 0.870746 -0.491733 -1.56318e-07
  outer loop
   vertex -11.7864   7.6155  6.88354
   vertex -12.5724  6.22363  5.38354
   vertex -11.7864   7.6155  5.38354
  endloop
 endfacet
 facet normal -0.696937 0.717132 4.5594e-07
  outer loop
   vertex  9.15924  -10.534  6.88353
   vertex  10.3056 -9.41992  5.38354
   vertex  9.15924  -10.534  5.38353
  endloop
 endfacet
 facet normal  0.65486 -0.75575 -4.80493e-07
  outer loop
   vertex -8.55788  11.1332  6.88354
   vertex -9.76594  10.0864  5.38354
   vertex -8.55788  11.1332  5.38354
  endloop
 endfacet
 facet normal -0.309017 -0.951057 -6.04666e-07
  outer loop
   vertex  3.55024  13.5866  6.88354
   vertex   5.0705  13.0926  5.38354
   vertex   5.0705  13.0926  6.88354
  endloop
 endfacet
 facet normal 0.985354 -0.170523 -5.42079e-08
  outer loop
   vertex  -13.645  3.21749  6.88354
   vertex -13.9176  1.64241  5.38354
   vertex  -13.645  3.21749  5.38354
  endloop
 endfacet
 facet normal 0.362807 -0.931864 -5.92463e-07
  outer loop
   vertex -5.82462  12.7814  6.88354
   vertex -4.33505  13.3613  5.38354
   vertex -4.33505  13.3613  6.88354
  endloop
 endfacet
 facet normal 0.142315 -0.989821 -6.29312e-07
  outer loop
   vertex -2.78908  13.7677  6.88354
   vertex -1.20686  13.9952  5.38354
   vertex -1.20686  13.9952  6.88354
  endloop
 endfacet
 facet normal -0.774142 -0.633012 -4.02458e-07
  outer loop
   vertex  10.3056  9.51298  6.88354
   vertex  11.3174  8.27553  5.38354
   vertex  11.3174  8.27553  6.88354
  endloop
 endfacet
 facet normal 0.998369 -0.0570885 -1.3611e-08
  outer loop
   vertex -13.9176  1.64241  6.88354
   vertex -14.0088 0.0465327  5.38354
   vertex -13.9176  1.64241  5.38354
  endloop
 endfacet
 facet normal 0.870746 0.491733 1.56318e-07
  outer loop
   vertex -12.5724 -6.13056  6.88354
   vertex -11.7864 -7.52244  5.38354
   vertex -12.5724 -6.13056  5.38354
  endloop
 endfacet
 facet normal -0.876031 -0.481618 -0.0247811
  outer loop
   vertex  11.7845  7.39082  5.38354
   vertex  12.3928  6.30033  5.07104
   vertex  12.5112  6.06902  5.38354
  endloop
 endfacet
 facet normal        0        0       -1
  outer loop
   vertex  8.12457 -10.6045 -2.61647
   vertex  8.70089 -10.0828 -2.61647
   vertex  9.92148 -11.8763 -2.61647
  endloop
 endfacet
 facet normal        0        0       -1
  outer loop
   vertex -10.2644   11.735 -2.61646
   vertex  -9.9701  11.9945 -2.61646
   vertex  -8.5317  10.3833 -2.61646
  endloop
 endfacet
 facet normal 0.0849964 0.996031 0.0264231
  outer loop
   vertex  -1.9398 -13.7118 -2.61647
   vertex -0.954902 -13.8124 -1.99147
   vertex -0.436882   -13.84 -2.61647
  endloop
 endfacet
 facet normal 0.982534 0.186083 0.000184343
  outer loop
   vertex -13.5153 -3.20858 -2.61646
   vertex -13.7592 -1.92061 -2.49146
   vertex -13.5395 -3.08051 -2.46021
  endloop
 endfacet
 facet normal        0        0       -1
  outer loop
   vertex  7.11442  10.3663  6.88354
   vertex  7.89339  11.6031  6.88354
   vertex  9.15924   10.627  6.88354
  endloop
 endfacet
 facet normal 0.0314111 -0.999507 -3.8484e-07
  outer loop
   vertex 0.992926 -15.4114  9.76795
   vertex 0.0172987  -15.442 -2.61647
   vertex 0.992926 -15.4114 -2.61647
  endloop
 endfacet
 facet normal 0.0941081 -0.995562 -3.83321e-07
  outer loop
   vertex 0.992926 -15.4114 -2.61647
   vertex   1.9647 -15.3195  9.76795
   vertex 0.992926 -15.4114  9.76795
  endloop
 endfacet
 facet normal 0.156435 -0.987688 -3.8029e-07
  outer loop
   vertex   1.9647 -15.3195 -2.61647
   vertex   2.9288 -15.1668  9.76795
   vertex   1.9647 -15.3195  9.76795
  endloop
 endfacet
 facet normal 0.218142 -0.975917 -3.75757e-07
  outer loop
   vertex   3.8814 -14.9539  9.76795
   vertex   2.9288 -15.1668 -2.61647
   vertex   3.8814 -14.9539 -2.61647
  endloop
 endfacet
 facet normal 0.278992 -0.960293 -3.69742e-07
  outer loop
   vertex   3.8814 -14.9539  9.76795
   vertex  4.81875 -14.6816 -2.61647
   vertex  4.81875 -14.6816  9.76795
  endloop
 endfacet
 facet normal 0.338738 -0.940881 -3.62267e-07
  outer loop
   vertex  4.81875 -14.6816 -2.61647
   vertex  5.73715 -14.3509  9.76795
   vertex  4.81875 -14.6816  9.76795
  endloop
 endfacet
 facet normal 0.397148 -0.917755 -3.53363e-07
  outer loop
   vertex  5.73715 -14.3509 -2.61647
   vertex  6.63298 -13.9633  9.76795
   vertex  5.73715 -14.3509  9.76795
  endloop
 endfacet
 facet normal 0.453991 -0.891006 -3.43064e-07
  outer loop
   vertex  6.63298 -13.9633 -2.61647
   vertex   7.5027 -13.5201  9.76795
   vertex  6.63298 -13.9633  9.76795
  endloop
 endfacet
 facet normal 0.509041 -0.860742 -3.31412e-07
  outer loop
   vertex   7.5027 -13.5201 -2.61647
   vertex  8.34288 -13.0232  9.76795
   vertex   7.5027 -13.5201  9.76795
  endloop
 endfacet
 facet normal 0.562083 -0.827081 -3.18451e-07
  outer loop
   vertex   9.1502 -12.4746  9.76795
   vertex  8.34288 -13.0232 -2.61647
   vertex   9.1502 -12.4746 -2.61647
  endloop
 endfacet
 facet normal 0.612907 -0.790155 -3.04233e-07
  outer loop
   vertex  9.92148 -11.8763 -2.61647
   vertex   9.1502 -12.4746  9.76795
   vertex   9.1502 -12.4746 -2.61647
  endloop
 endfacet
 facet normal 0.661312 -0.750111 -2.88815e-07
  outer loop
   vertex  10.6537 -11.2308  9.76795
   vertex  9.92148 -11.8763 -2.61647
   vertex  10.6537 -11.2308 -2.61647
  endloop
 endfacet
 facet normal 0.707107 -0.707107 -2.72257e-07
  outer loop
   vertex  11.3439 -10.5406  9.76795
   vertex  10.6537 -11.2308 -2.61647
   vertex  11.3439 -10.5406 -2.61647
  endloop
 endfacet
 facet normal 0.750111 -0.661312 -2.54625e-07
  outer loop
   vertex  11.9894  -9.8084  9.76795
   vertex  11.3439 -10.5406 -2.61647
   vertex  11.9894  -9.8084 -2.61647
  endloop
 endfacet
 facet normal 0.790156 -0.612906 -2.35987e-07
  outer loop
   vertex  12.5877 -9.03713  9.76795
   vertex  11.9894  -9.8084 -2.61647
   vertex  12.5877 -9.03712 -2.61647
  endloop
 endfacet
 facet normal 0.827081 -0.562082 -2.16419e-07
  outer loop
   vertex  13.1363  -8.2298  9.76795
   vertex  12.5877 -9.03712 -2.61647
   vertex  13.1363  -8.2298 -2.61647
  endloop
 endfacet
 facet normal 0.860742 -0.509041 -1.37197e-07
  outer loop
   vertex  13.1363  -8.2298  9.76795
   vertex  13.6332 -7.38962 -2.61646
   vertex  13.6332 -7.38963  9.76795
  endloop
 endfacet
 facet normal 0.891006 -0.453991 -1.2236e-07
  outer loop
   vertex  13.6332 -7.38962 -2.61646
   vertex  14.0763 -6.51991  9.76795
   vertex  13.6332 -7.38963  9.76795
  endloop
 endfacet
 facet normal 0.917755 -0.397148 -1.0704e-07
  outer loop
   vertex   14.464 -5.62407 -2.61646
   vertex  14.0763 -6.51991  9.76795
   vertex  14.0763  -6.5199 -2.61646
  endloop
 endfacet
 facet normal 0.940881 -0.338738 -9.12971e-08
  outer loop
   vertex  14.7946 -4.70568  9.76795
   vertex   14.464 -5.62407 -2.61646
   vertex  14.7946 -4.70567 -2.61646
  endloop
 endfacet
 facet normal 0.960293 -0.278992 -7.51943e-08
  outer loop
   vertex  14.7946 -4.70567 -2.61646
   vertex   15.067 -3.76833  9.76795
   vertex  14.7946 -4.70568  9.76795
  endloop
 endfacet
 facet normal 0.975917 -0.218141 -6.71927e-08
  outer loop
   vertex  15.2799 -2.81572 -2.61646
   vertex   15.067 -3.76833  9.76795
   vertex   15.067 -3.76832 -2.61646
  endloop
 endfacet
 facet normal 0.987688 -0.156436 -4.21628e-08
  outer loop
   vertex  15.4326 -1.85163  9.76795
   vertex  15.2799 -2.81572 -2.61646
   vertex  15.4326 -1.85163 -2.61646
  endloop
 endfacet
 facet normal 0.995562 -0.0941081 -2.627e-08
  outer loop
   vertex  15.5245 -0.879854  9.76795
   vertex  15.4326 -1.85163 -2.61646
   vertex  15.5245 -0.87985 -2.61646
  endloop
 endfacet
 facet normal 0.999507 -0.0314111 -8.76829e-09
  outer loop
   vertex  15.5245 -0.87985 -2.61646
   vertex  15.5551 0.0957743  9.76795
   vertex  15.5245 -0.879854  9.76795
  endloop
 endfacet
 facet normal 0.999507 0.0314111 8.8439e-09
  outer loop
   vertex  15.5245   1.0714 -2.61646
   vertex  15.5551 0.0957743  9.76795
   vertex  15.5551 0.0957778 -2.61646
  endloop
 endfacet
 facet normal 0.995562 0.0941081 2.53641e-08
  outer loop
   vertex  15.4326  2.04318  9.76795
   vertex  15.5245   1.0714 -2.61646
   vertex  15.4326  2.04318 -2.61646
  endloop
 endfacet
 facet normal 0.987688 0.156436 4.51743e-08
  outer loop
   vertex  15.2799  3.00727  9.76795
   vertex  15.4326  2.04318 -2.61646
   vertex  15.2799  3.00727 -2.61646
  endloop
 endfacet
 facet normal 0.975917 0.218141 6.29932e-08
  outer loop
   vertex   15.067  3.95987  9.76795
   vertex  15.2799  3.00727 -2.61646
   vertex   15.067  3.95988 -2.61646
  endloop
 endfacet
 facet normal 0.960293 0.278993 8.05654e-08
  outer loop
   vertex  14.7946  4.89723 -2.61646
   vertex   15.067  3.95987  9.76795
   vertex   15.067  3.95988 -2.61646
  endloop
 endfacet
 facet normal 0.940881 0.338738 9.12969e-08
  outer loop
   vertex   14.464  5.81563 -2.61646
   vertex  14.7946  4.89722  9.76795
   vertex  14.7946  4.89723 -2.61646
  endloop
 endfacet
 facet normal 0.917755 0.397147 1.0704e-07
  outer loop
   vertex   14.464  5.81563  9.76795
   vertex  14.0763  6.71146 -2.61646
   vertex  14.0763  6.71146  9.76796
  endloop
 endfacet
 facet normal 0.891007  0.45399 1.2236e-07
  outer loop
   vertex  13.6332  7.58117  9.76796
   vertex  14.0763  6.71146 -2.61646
   vertex  13.6332  7.58118 -2.61646
  endloop
 endfacet
 facet normal 0.860742 0.509041 1.95996e-07
  outer loop
   vertex  13.6332  7.58117  9.76796
   vertex  13.1363  8.42136 -2.61646
   vertex  13.1363  8.42135  9.76796
  endloop
 endfacet
 facet normal  0.82708 0.562085 2.1642e-07
  outer loop
   vertex  12.5877  9.22867  9.76796
   vertex  13.1363  8.42136 -2.61646
   vertex  12.5877  9.22868 -2.61646
  endloop
 endfacet
 facet normal 0.790156 0.612906 2.35987e-07
  outer loop
   vertex  12.5877  9.22867  9.76796
   vertex  11.9894  9.99996 -2.61646
   vertex  11.9894  9.99995  9.76796
  endloop
 endfacet
 facet normal 0.750111 0.661312 2.54625e-07
  outer loop
   vertex  11.3439  10.7321 -2.61646
   vertex  11.9894  9.99995  9.76796
   vertex  11.9894  9.99996 -2.61646
  endloop
 endfacet
 facet normal 0.707106 0.707107 2.72258e-07
  outer loop
   vertex  10.6537  11.4224  9.76796
   vertex  11.3439  10.7321 -2.61646
   vertex  10.6537  11.4224 -2.61646
  endloop
 endfacet
 facet normal 0.661312 0.750111 2.88815e-07
  outer loop
   vertex  10.6537  11.4224  9.76796
   vertex  9.92147  12.0679 -2.61646
   vertex  9.92147  12.0679  9.76796
  endloop
 endfacet
 facet normal 0.612907 0.790155 3.04233e-07
  outer loop
   vertex  9.92147  12.0679  9.76796
   vertex   9.1502  12.6661 -2.61646
   vertex   9.1502  12.6661  9.76796
  endloop
 endfacet
 facet normal 0.562085  0.82708 3.18451e-07
  outer loop
   vertex  8.34288  13.2148 -2.61646
   vertex   9.1502  12.6661  9.76796
   vertex   9.1502  12.6661 -2.61646
  endloop
 endfacet
 facet normal 0.509041 0.860743 3.31412e-07
  outer loop
   vertex   7.5027  13.7117 -2.61646
   vertex  8.34288  13.2148  9.76796
   vertex  8.34288  13.2148 -2.61646
  endloop
 endfacet
 facet normal 0.453991 0.891006 3.43064e-07
  outer loop
   vertex  6.63298  14.1548 -2.61646
   vertex   7.5027  13.7117  9.76796
   vertex   7.5027  13.7117 -2.61646
  endloop
 endfacet
 facet normal 0.397148 0.917755 3.53363e-07
  outer loop
   vertex  6.63298  14.1548  9.76796
   vertex  5.73715  14.5425 -2.61646
   vertex  5.73715  14.5425  9.76796
  endloop
 endfacet
 facet normal 0.338737 0.940881 3.62267e-07
  outer loop
   vertex  5.73715  14.5425 -2.61646
   vertex  4.81875  14.8731  9.76796
   vertex  5.73715  14.5425  9.76796
  endloop
 endfacet
 facet normal 0.278993 0.960293 3.69742e-07
  outer loop
   vertex   3.8814  15.1454 -2.61646
   vertex  4.81875  14.8731  9.76796
   vertex  4.81875  14.8731 -2.61646
  endloop
 endfacet
 facet normal 0.218142 0.975917 3.75757e-07
  outer loop
   vertex  2.92879  15.3584 -2.61646
   vertex   3.8814  15.1454  9.76796
   vertex   3.8814  15.1454 -2.61646
  endloop
 endfacet
 facet normal 0.156435 0.987688 3.8029e-07
  outer loop
   vertex   1.9647  15.5111 -2.61646
   vertex  2.92879  15.3584  9.76796
   vertex  2.92879  15.3584 -2.61646
  endloop
 endfacet
 facet normal 0.094109 0.995562 3.83321e-07
  outer loop
   vertex 0.992925  15.6029 -2.61646
   vertex   1.9647  15.5111  9.76796
   vertex   1.9647  15.5111 -2.61646
  endloop
 endfacet
 facet normal 0.0314101 0.999507 3.8484e-07
  outer loop
   vertex 0.0172974  15.6336  9.76796
   vertex 0.992925  15.6029 -2.61646
   vertex 0.0172974  15.6336 -2.61646
  endloop
 endfacet
 facet normal -0.0314101 0.999507 3.8484e-07
  outer loop
   vertex 0.0172974  15.6336  9.76796
   vertex -0.958331  15.6029 -2.61646
   vertex -0.958331  15.6029  9.76796
  endloop
 endfacet
 facet normal -0.0941094 0.995562 3.83321e-07
  outer loop
   vertex -0.958331  15.6029  9.76796
   vertex  -1.9301  15.5111 -2.61646
   vertex  -1.9301  15.5111  9.76796
  endloop
 endfacet
 facet normal -0.156434 0.987688 3.8029e-07
  outer loop
   vertex  -2.8942  15.3584 -2.61646
   vertex  -1.9301  15.5111  9.76796
   vertex  -1.9301  15.5111 -2.61646
  endloop
 endfacet
 facet normal -0.218143 0.975917 3.75757e-07
  outer loop
   vertex  -3.8468  15.1454 -2.61646
   vertex  -2.8942  15.3584  9.76796
   vertex  -2.8942  15.3584 -2.61646
  endloop
 endfacet
 facet normal -0.278992 0.960293 3.69742e-07
  outer loop
   vertex -4.78415  14.8731 -2.61646
   vertex  -3.8468  15.1454  9.76796
   vertex  -3.8468  15.1454 -2.61646
  endloop
 endfacet
 facet normal -0.338738 0.940881 3.62267e-07
  outer loop
   vertex -5.70255  14.5425 -2.61646
   vertex -4.78415  14.8731  9.76796
   vertex -4.78415  14.8731 -2.61646
  endloop
 endfacet
 facet normal -0.397148 0.917755 3.53363e-07
  outer loop
   vertex -5.70255  14.5425  9.76796
   vertex -6.59838  14.1548 -2.61646
   vertex -6.59838  14.1548  9.76796
  endloop
 endfacet
 facet normal -0.453991 0.891006 3.43064e-07
  outer loop
   vertex  -7.4681  13.7117  9.76796
   vertex -6.59838  14.1548 -2.61646
   vertex  -7.4681  13.7117 -2.61646
  endloop
 endfacet
 facet normal -0.509041 0.860742 3.31412e-07
  outer loop
   vertex  -7.4681  13.7117  9.76796
   vertex -8.30828  13.2148 -2.61646
   vertex -8.30828  13.2148  9.76796
  endloop
 endfacet
 facet normal -0.562082 0.827081 3.18451e-07
  outer loop
   vertex -8.30828  13.2148  9.76796
   vertex  -9.1156  12.6661 -2.61646
   vertex  -9.1156  12.6661  9.76796
  endloop
 endfacet
 facet normal -0.612908 0.790154 3.04233e-07
  outer loop
   vertex  -9.1156  12.6661  9.76796
   vertex -9.88688  12.0679 -2.61646
   vertex -9.88688  12.0679  9.76796
  endloop
 endfacet
 facet normal -0.661314 0.750109 3.64592e-07
  outer loop
   vertex  -9.9701  11.9945 -2.61646
   vertex -10.2644   11.735 -2.61646
   vertex -9.88688  12.0679  9.76796
  endloop
 endfacet
 facet normal -0.707107 0.707107 2.72257e-07
  outer loop
   vertex -10.6191  11.4224  9.76796
   vertex -11.3093  10.7321 -2.61646
   vertex -11.3093  10.7321  9.76796
  endloop
 endfacet
 facet normal -0.750111 0.661312 2.54625e-07
  outer loop
   vertex -11.9548  9.99995  9.76796
   vertex -11.3093  10.7321 -2.61646
   vertex -11.9548  9.99995 -2.61646
  endloop
 endfacet
 facet normal -0.790155 0.612907 2.35988e-07
  outer loop
   vertex -12.5531  9.22867  9.76796
   vertex -11.9548  9.99995 -2.61646
   vertex -12.5531  9.22867 -2.61646
  endloop
 endfacet
 facet normal -0.82708 0.562084 2.16419e-07
  outer loop
   vertex -13.1017  8.42136 -2.61646
   vertex -12.5531  9.22867  9.76796
   vertex -12.5531  9.22867 -2.61646
  endloop
 endfacet
 facet normal -0.860742 0.509042 1.37197e-07
  outer loop
   vertex -13.5986  7.58118  9.76796
   vertex -13.1017  8.42136 -2.61646
   vertex -13.5986  7.58118 -2.61646
  endloop
 endfacet
 facet normal -0.891006 0.453991 1.2236e-07
  outer loop
   vertex -13.5986  7.58118  9.76796
   vertex -14.0417  6.71146 -2.61646
   vertex -14.0417  6.71146  9.76796
  endloop
 endfacet
 facet normal -0.917755 0.397147 1.07039e-07
  outer loop
   vertex -14.4294  5.81563  9.76795
   vertex -14.0417  6.71146 -2.61646
   vertex -14.4294  5.81563 -2.61646
  endloop
 endfacet
 facet normal -0.94088 0.338739 9.12972e-08
  outer loop
   vertex   -14.76  4.89722  9.76795
   vertex -14.4294  5.81563 -2.61646
   vertex   -14.76  4.89723 -2.61646
  endloop
 endfacet
 facet normal -0.960293 0.278993 8.05654e-08
  outer loop
   vertex -15.0324  3.95987  9.76795
   vertex   -14.76  4.89723 -2.61646
   vertex -15.0324  3.95988 -2.61646
  endloop
 endfacet
 facet normal -0.975917 0.218142 6.29934e-08
  outer loop
   vertex -15.2453  3.00727  9.76795
   vertex -15.0324  3.95988 -2.61646
   vertex -15.2453  3.00727 -2.61646
  endloop
 endfacet
 facet normal -0.987688 0.156435 4.51741e-08
  outer loop
   vertex  -15.398  2.04318  9.76795
   vertex -15.2453  3.00727 -2.61646
   vertex  -15.398  2.04318 -2.61646
  endloop
 endfacet
 facet normal -0.995562 0.0941091 2.71761e-08
  outer loop
   vertex  -15.398  2.04318 -2.61646
   vertex -15.4899   1.0714  9.76795
   vertex  -15.398  2.04318  9.76795
  endloop
 endfacet
 facet normal -0.999507 0.0314101 8.76802e-09
  outer loop
   vertex -15.4899  1.07141 -2.61646
   vertex -15.5205 0.0957734  9.76795
   vertex -15.4899   1.0714  9.76795
  endloop
 endfacet
 facet normal -0.999507 -0.0314101 -8.84361e-09
  outer loop
   vertex -15.4899 -0.879851 -2.61646
   vertex -15.5205 0.0957734  9.76795
   vertex -15.5205 0.0957769 -2.61646
  endloop
 endfacet
 facet normal -0.995562 -0.094109 -2.62702e-08
  outer loop
   vertex -15.4899 -0.879851 -2.61646
   vertex  -15.398 -1.85163  9.76795
   vertex -15.4899 -0.879855  9.76795
  endloop
 endfacet
 facet normal -0.987688 -0.156435 -4.51741e-08
  outer loop
   vertex  -15.398 -1.85163  9.76795
   vertex -15.2453 -2.81572 -2.61646
   vertex -15.2453 -2.81572  9.76795
  endloop
 endfacet
 facet normal -0.975917 -0.218144 -6.2994e-08
  outer loop
   vertex -15.2453 -2.81572 -2.61646
   vertex -15.0324 -3.76833  9.76795
   vertex -15.2453 -2.81572  9.76795
  endloop
 endfacet
 facet normal -0.960294 -0.278991 -7.51939e-08
  outer loop
   vertex -15.0324 -3.76833  9.76795
   vertex   -14.76 -4.70567 -2.61646
   vertex   -14.76 -4.70568  9.76795
  endloop
 endfacet
 facet normal -0.94088 -0.338739 -9.12973e-08
  outer loop
   vertex   -14.76 -4.70567 -2.61646
   vertex -14.4294 -5.62408  9.76795
   vertex   -14.76 -4.70568  9.76795
  endloop
 endfacet
 facet normal -0.917755 -0.397147 -1.07039e-07
  outer loop
   vertex -14.4294 -5.62408  9.76795
   vertex -14.0417 -6.51991 -2.61646
   vertex -14.0417 -6.51991  9.76795
  endloop
 endfacet
 facet normal -0.891007 -0.45399 -1.2236e-07
  outer loop
   vertex -14.0417 -6.51991 -2.61646
   vertex -13.5986 -7.38963  9.76795
   vertex -14.0417 -6.51991  9.76795
  endloop
 endfacet
 facet normal -0.860741 -0.509043 -1.95997e-07
  outer loop
   vertex -13.1017  -8.2298  9.76795
   vertex -13.5986 -7.38963 -2.61646
   vertex -13.1017  -8.2298 -2.61647
  endloop
 endfacet
 facet normal -0.82708 -0.562084 -2.16419e-07
  outer loop
   vertex -13.1017  -8.2298  9.76795
   vertex -12.5531 -9.03712 -2.61647
   vertex -12.5531 -9.03712  9.76795
  endloop
 endfacet
 facet normal -0.790156 -0.612906 -2.35987e-07
  outer loop
   vertex -11.9548  -9.8084  9.76795
   vertex -12.5531 -9.03712 -2.61647
   vertex -11.9548  -9.8084 -2.61647
  endloop
 endfacet
 facet normal -0.750111 -0.661312 -2.54625e-07
  outer loop
   vertex -11.3093 -10.5406  9.76795
   vertex -11.9548  -9.8084 -2.61647
   vertex -11.3093 -10.5406 -2.61647
  endloop
 endfacet
 facet normal -0.707107 -0.707106 -2.72257e-07
  outer loop
   vertex -11.3093 -10.5406  9.76795
   vertex -10.6191 -11.2308 -2.61647
   vertex -10.6191 -11.2308  9.76795
  endloop
 endfacet
 facet normal -0.661311 -0.750112 -2.88816e-07
  outer loop
   vertex -9.88688 -11.8763  9.76795
   vertex -10.6191 -11.2308 -2.61647
   vertex -9.88688 -11.8763 -2.61647
  endloop
 endfacet
 facet normal -0.612908 -0.790154 -3.04233e-07
  outer loop
   vertex  -9.1156 -12.4746  9.76795
   vertex -9.88688 -11.8763 -2.61647
   vertex  -9.1156 -12.4746 -2.61647
  endloop
 endfacet
 facet normal -0.562082 -0.827081 -3.18451e-07
  outer loop
   vertex -8.30828 -13.0232 -2.61647
   vertex  -9.1156 -12.4746  9.76795
   vertex  -9.1156 -12.4746 -2.61647
  endloop
 endfacet
 facet normal -0.509041 -0.860742 -3.31412e-07
  outer loop
   vertex  -7.4681 -13.5201  9.76795
   vertex -8.30828 -13.0232 -2.61647
   vertex  -7.4681 -13.5201 -2.61647
  endloop
 endfacet
 facet normal -0.453991 -0.891006 -3.43064e-07
  outer loop
   vertex -6.59838 -13.9633  9.76795
   vertex  -7.4681 -13.5201 -2.61647
   vertex -6.59838 -13.9633 -2.61647
  endloop
 endfacet
 facet normal -0.397148 -0.917755 -3.53363e-07
  outer loop
   vertex -6.59838 -13.9633 -2.61647
   vertex -5.70255 -14.3509  9.76795
   vertex -6.59838 -13.9633  9.76795
  endloop
 endfacet
 facet normal -0.338738 -0.940881 -3.62267e-07
  outer loop
   vertex -5.70255 -14.3509 -2.61647
   vertex -4.78415 -14.6816  9.76795
   vertex -5.70255 -14.3509  9.76795
  endloop
 endfacet
 facet normal -0.278992 -0.960294 -3.69742e-07
  outer loop
   vertex  -3.8468 -14.9539 -2.61647
   vertex -4.78415 -14.6816  9.76795
   vertex -4.78415 -14.6816 -2.61647
  endloop
 endfacet
 facet normal -0.218143 -0.975917 -3.75757e-07
  outer loop
   vertex  -2.8942 -15.1668  9.76795
   vertex  -3.8468 -14.9539 -2.61647
   vertex  -2.8942 -15.1668 -2.61647
  endloop
 endfacet
 facet normal -0.156434 -0.987688 -3.8029e-07
  outer loop
   vertex  -1.9301 -15.3195  9.76795
   vertex  -2.8942 -15.1668 -2.61647
   vertex  -1.9301 -15.3195 -2.61647
  endloop
 endfacet
 facet normal -0.0941081 -0.995562 -3.83321e-07
  outer loop
   vertex -0.958326 -15.4114  9.76795
   vertex  -1.9301 -15.3195 -2.61647
   vertex -0.958326 -15.4114 -2.61647
  endloop
 endfacet
 facet normal -0.0314111 -0.999507 -3.8484e-07
  outer loop
   vertex 0.0172987  -15.442  9.76795
   vertex -0.958326 -15.4114 -2.61647
   vertex 0.0172987  -15.442 -2.61647
  endloop
 endfacet
 facet normal -0.789049 -0.550141 0.273397
  outer loop
   vertex -12.9614 -7.40899  11.8657
   vertex -12.5531 -9.03712  9.76795
   vertex -11.5593 -9.41994  11.8657
  endloop
 endfacet
 facet normal -0.833699 -0.493049 0.248694
  outer loop
   vertex -12.9614 -7.40899  11.8657
   vertex -13.5986 -7.38963  9.76795
   vertex -13.1017  -8.2298  9.76795
  endloop
 endfacet
 facet normal -0.861329 -0.438869 0.255944
  outer loop
   vertex -12.9897 -7.36127  11.8657
   vertex -14.0417 -6.51991  9.76795
   vertex -13.5986 -7.38963  9.76795
  endloop
 endfacet
 facet normal -0.887101 -0.383881 0.256294
  outer loop
   vertex -14.0535 -5.09211  11.8657
   vertex -14.4294 -5.62408  9.76795
   vertex -14.0417 -6.51991  9.76795
  endloop
 endfacet
 facet normal -0.911763 -0.328256  0.24685
  outer loop
   vertex -14.0718 -5.03973  11.8657
   vertex   -14.76 -4.70568  9.76795
   vertex -14.4294 -5.62408  9.76795
  endloop
 endfacet
 facet normal -0.926951 -0.269304 0.261221
  outer loop
   vertex   -14.76 -4.70568  9.76795
   vertex -14.0718 -5.03973  11.8657
   vertex -15.0324 -3.76833  9.76795
  endloop
 endfacet
 facet normal -0.944408 -0.211101 0.252051
  outer loop
   vertex -14.7366 -2.58675  11.8657
   vertex -15.2453 -2.81572  9.76795
   vertex -15.0324 -3.76833  9.76795
  endloop
 endfacet
 facet normal -0.95718 -0.151603 0.246624
  outer loop
   vertex -14.7496 -2.53281  11.8657
   vertex  -15.398 -1.85163  9.76795
   vertex -15.2453 -2.81572  9.76795
  endloop
 endfacet
 facet normal -0.957653 -0.0905256 0.273324
  outer loop
   vertex -14.9741 -0.00208113  11.8657
   vertex -15.4899 -0.879855  9.76795
   vertex  -15.398 -1.85163  9.76795
  endloop
 endfacet
 facet normal 0.436148 0.855987 0.277598
  outer loop
   vertex   7.5027  13.7117  9.76796
   vertex  6.63298  14.1548  9.76796
   vertex   7.3646  13.1017  11.8657
  endloop
 endfacet
 facet normal -0.967075 0.0608736 0.247105
  outer loop
   vertex -14.9802 0.163711  11.8657
   vertex -15.5205 0.0957734  9.76795
   vertex -14.9837 0.108335  11.8657
  endloop
 endfacet
 facet normal -0.95914 0.0850879 0.269833
  outer loop
   vertex -14.7557  2.69444  11.8657
   vertex -15.4899   1.0714  9.76795
   vertex -14.9802 0.163711  11.8657
  endloop
 endfacet
 facet normal -0.95692 0.157006 0.244241
  outer loop
   vertex -14.7467  2.74919  11.8657
   vertex  -15.398  2.04318  9.76795
   vertex -14.7557  2.69444  11.8657
  endloop
 endfacet
 facet normal -0.944795 0.211186 0.250527
  outer loop
   vertex -14.7467  2.74919  11.8657
   vertex -15.0324  3.95987  9.76795
   vertex -15.2453  3.00727  9.76795
  endloop
 endfacet
 facet normal -0.927254 0.269394  0.26005
  outer loop
   vertex -14.0676  5.25575  11.8657
   vertex   -14.76  4.89722  9.76795
   vertex -15.0324  3.95987  9.76795
  endloop
 endfacet
 facet normal -0.912112 0.328381 0.245393
  outer loop
   vertex -14.0479  5.30764  11.8657
   vertex -14.4294  5.81563  9.76795
   vertex   -14.76  4.89722  9.76795
  endloop
 endfacet
 facet normal -0.879491 0.380587 0.285743
  outer loop
   vertex -13.0075   7.5265  11.8657
   vertex -14.0417  6.71146  9.76796
   vertex -14.4294  5.81563  9.76795
  endloop
 endfacet
 facet normal -0.861724  0.43907 0.254261
  outer loop
   vertex -13.0075   7.5265  11.8657
   vertex -13.5986  7.58118  9.76796
   vertex -14.0417  6.71146  9.76796
  endloop
 endfacet
 facet normal -0.834271 0.493388  0.24609
  outer loop
   vertex -12.9828  7.57617  11.8657
   vertex -13.1017  8.42135  9.76796
   vertex -13.5986  7.58118  9.76796
  endloop
 endfacet
 facet normal -0.794917 0.540226 0.276157
  outer loop
   vertex -11.5807  9.58712  11.8657
   vertex -12.5531  9.22867  9.76796
   vertex -13.1017  8.42135  9.76796
  endloop
 endfacet
 facet normal -0.764136  0.59462 0.250044
  outer loop
   vertex -11.5171  9.67788  11.8657
   vertex -12.5531  9.22867  9.76796
   vertex -11.5512  9.63409  11.8657
  endloop
 endfacet
 facet normal -0.726318 0.640335 0.249868
  outer loop
   vertex -11.5171  9.67788  11.8657
   vertex -11.3093  10.7321  9.76796
   vertex -11.9548  9.99995  9.76796
  endloop
 endfacet
 facet normal -0.680652 0.680652 0.270969
  outer loop
   vertex -9.72627    11.48  11.8657
   vertex -10.6191  11.4224  9.76796
   vertex -11.3093  10.7321  9.76796
  endloop
 endfacet
 facet normal -0.631822 0.734994 0.246141
  outer loop
   vertex -9.64593  11.5564  11.8657
   vertex -10.6191  11.4224  9.76796
   vertex   -9.688  11.5202  11.8657
  endloop
 endfacet
 facet normal -0.592742 0.764157 0.254404
  outer loop
   vertex -9.64593  11.5564  11.8657
   vertex  -9.1156  12.6661  9.76796
   vertex -9.88688  12.0679  9.76796
  endloop
 endfacet
 facet normal -0.541702 0.797093 0.266837
  outer loop
   vertex -7.52049  13.0479  11.8657
   vertex -8.30828  13.2148  9.76796
   vertex  -9.1156  12.6661  9.76796
  endloop
 endfacet
 facet normal -0.492631 0.832994 0.251865
  outer loop
   vertex -7.47208   13.075  11.8657
   vertex  -7.4681  13.7117  9.76796
   vertex -8.30828  13.2148  9.76796
  endloop
 endfacet
 facet normal -0.433217 0.850236 0.299035
  outer loop
   vertex -5.16761   14.146  11.8657
   vertex -6.59838  14.1548  9.76796
   vertex  -7.4681  13.7117  9.76796
  endloop
 endfacet
 facet normal -0.38296 0.884968 0.264902
  outer loop
   vertex -6.59838  14.1548  9.76796
   vertex -5.16761   14.146  11.8657
   vertex -5.70255  14.5425  9.76796
  endloop
 endfacet
 facet normal -0.327641 0.910056 0.253868
  outer loop
   vertex -5.11675  14.1682  11.8657
   vertex -4.78415  14.8731  9.76796
   vertex -5.70255  14.5425  9.76796
  endloop
 endfacet
 facet normal -0.266658 0.917841 0.294041
  outer loop
   vertex -2.66028  14.8181  11.8657
   vertex  -3.8468  15.1454  9.76796
   vertex -4.78415  14.8731  9.76796
  endloop
 endfacet
 facet normal  0.94996 -0.0842731 0.300789
  outer loop
   vertex  14.9385 0.0661163  11.8657
   vertex   14.714 -2.46461  11.8657
   vertex  15.4326 -1.85163  9.76795
  endloop
 endfacet
 facet normal -0.151165 0.954422 0.257348
  outer loop
   vertex  -2.5532  14.8468  11.8657
   vertex  -1.9301  15.5111  9.76796
   vertex  -2.8942  15.3584  9.76796
  endloop
 endfacet
 facet normal -0.0901955 0.954158 0.285391
  outer loop
   vertex -0.111583  15.0555  11.8657
   vertex -0.958331  15.6029  9.76796
   vertex  -1.9301  15.5111  9.76796
  endloop
 endfacet
 facet normal -0.0115026 0.967021 0.254435
  outer loop
   vertex -0.00096187  15.0624  11.8657
   vertex -0.958331  15.6029  9.76796
   vertex -0.0564432  15.0617  11.8657
  endloop
 endfacet
 facet normal 0.0303055 0.964358 0.262858
  outer loop
   vertex -0.00096187  15.0624  11.8657
   vertex 0.992925  15.6029  9.76796
   vertex 0.0172974  15.6336  9.76796
  endloop
 endfacet
 facet normal 0.0903728 0.956037 0.278974
  outer loop
   vertex  2.49593  14.8487  11.8657
   vertex   1.9647  15.5111  9.76796
   vertex 0.992925  15.6029  9.76796
  endloop
 endfacet
 facet normal 0.150911 0.952809 0.263401
  outer loop
   vertex  2.55044  14.8384  11.8657
   vertex  2.92879  15.3584  9.76796
   vertex   1.9647  15.5111  9.76796
  endloop
 endfacet
 facet normal -0.92861 -0.251664 0.272672
  outer loop
   vertex -14.0718 -5.03973  11.8657
   vertex -14.7366 -2.58675  11.8657
   vertex -15.0324 -3.76833  9.76795
  endloop
 endfacet
 facet normal 0.268067 0.922688 0.277104
  outer loop
   vertex   3.8814  15.1454  9.76796
   vertex  5.00691  14.1885  11.8657
   vertex  4.81875  14.8731  9.76796
  endloop
 endfacet
 facet normal 0.326599 0.907165 0.265301
  outer loop
   vertex  5.06013  14.1727  11.8657
   vertex  5.73715  14.5425  9.76796
   vertex  4.81875  14.8731  9.76796
  endloop
 endfacet
 facet normal  0.37801  0.87353 0.306681
  outer loop
   vertex   7.3646  13.1017  11.8657
   vertex  6.63298  14.1548  9.76796
   vertex  5.73715  14.5425  9.76796
  endloop
 endfacet
 facet normal 0.209994 0.939466  0.27075
  outer loop
   vertex   3.8814  15.1454  9.76796
   vertex  2.92879  15.3584  9.76796
   vertex  2.55044  14.8384  11.8657
  endloop
 endfacet
 facet normal 0.534203 0.803951 0.261323
  outer loop
   vertex  7.51123  13.0241  11.8657
   vertex   7.5027  13.7117  9.76796
   vertex  7.46502  13.0548  11.8657
  endloop
 endfacet
 facet normal 0.549903 0.783554 0.289223
  outer loop
   vertex   9.5912  11.5644  11.8657
   vertex  8.34288  13.2148  9.76796
   vertex  7.51123  13.0241  11.8657
  endloop
 endfacet
 facet normal 0.589259 0.759667   0.2751
  outer loop
   vertex   9.5912  11.5644  11.8657
   vertex  9.92147  12.0679  9.76796
   vertex   9.1502  12.6661  9.76796
  endloop
 endfacet
 facet normal  0.63629 0.721729 0.272475
  outer loop
   vertex  9.63412  11.5293  11.8657
   vertex  10.6537  11.4224  9.76796
   vertex  9.92147  12.0679  9.76796
  endloop
 endfacet
 facet normal 0.675441 0.675442 0.295901
  outer loop
   vertex  10.6324  10.5246  11.8657
   vertex  11.3439  10.7321  9.76796
   vertex  10.6537  11.4224  9.76796
  endloop
 endfacet
 facet normal 0.721154 0.635783 0.275168
  outer loop
   vertex  11.4641  9.68783  11.8657
   vertex  11.9894  9.99995  9.76796
   vertex  11.3439  10.7321  9.76796
  endloop
 endfacet
 facet normal 0.759219 0.588909  0.27708
  outer loop
   vertex  11.4993  9.64486  11.8657
   vertex  12.5877  9.22867  9.76796
   vertex  11.9894  9.99995  9.76796
  endloop
 endfacet
 facet normal 0.791401 0.537837 0.290544
  outer loop
   vertex  12.9013  7.63391  11.8657
   vertex  13.1363  8.42135  9.76796
   vertex  12.5877  9.22867  9.76796
  endloop
 endfacet
 facet normal 0.827232 0.489224 0.276309
  outer loop
   vertex  12.9013  7.63391  11.8657
   vertex  13.6332  7.58117  9.76796
   vertex  13.1363  8.42135  9.76796
  endloop
 endfacet
 facet normal 0.854264 0.435269 0.284208
  outer loop
   vertex   12.932  7.58766  11.8657
   vertex  14.0763  6.71146  9.76796
   vertex  13.6332  7.58117  9.76796
  endloop
 endfacet
 facet normal 0.879131 0.380433 0.287053
  outer loop
   vertex  13.9724   5.3688  11.8657
   vertex   14.464  5.81563  9.76795
   vertex  14.0763  6.71146  9.76796
  endloop
 endfacet
 facet normal 0.888678 0.361064 0.282638
  outer loop
   vertex  14.0192  5.26833  11.8657
   vertex   14.464  5.81563  9.76795
   vertex  13.9983  5.31973  11.8657
  endloop
 endfacet
 facet normal -0.385073 0.883947 0.265248
  outer loop
   vertex -5.16761   14.146  11.8657
   vertex -5.11675  14.1682  11.8657
   vertex -5.70255  14.5425  9.76796
  endloop
 endfacet
 facet normal 0.919699 0.249249 0.303362
  outer loop
   vertex  14.6996  2.76212  11.8657
   vertex   15.067  3.95987  9.76795
   vertex  14.0349   5.2151  11.8657
  endloop
 endfacet
 facet normal 0.942897 0.177885 0.281606
  outer loop
   vertex  14.7099   2.7076  11.8657
   vertex  15.2799  3.00727  9.76795
   vertex  14.6996  2.76212  11.8657
  endloop
 endfacet
 facet normal 0.950064 0.0898072 0.298854
  outer loop
   vertex  14.7099   2.7076  11.8657
   vertex  15.5245   1.0714  9.76795
   vertex  15.4326  2.04318  9.76795
  endloop
 endfacet
 facet normal 0.959166 0.0301428 0.281234
  outer loop
   vertex  14.9392 0.121597  11.8657
   vertex  15.5551 0.0957743  9.76795
   vertex  15.5245   1.0714  9.76795
  endloop
 endfacet
 facet normal 0.959091 -0.0301409 0.281488
  outer loop
   vertex  14.9385 0.0661163  11.8657
   vertex  15.5245 -0.879854  9.76795
   vertex  15.5551 0.0957743  9.76795
  endloop
 endfacet
 facet normal 0.948054 -0.0896173 0.305225
  outer loop
   vertex  15.5245 -0.879854  9.76795
   vertex  14.9385 0.0661163  11.8657
   vertex  15.4326 -1.85163  9.76795
  endloop
 endfacet
 facet normal 0.947936 -0.15014 0.280849
  outer loop
   vertex   14.714 -2.46461  11.8657
   vertex  15.2799 -2.81572  9.76795
   vertex  15.4326 -1.85163  9.76795
  endloop
 endfacet
 facet normal 0.937221 -0.202187 0.284145
  outer loop
   vertex  14.6961 -2.57398  11.8657
   vertex  15.2799 -2.81572  9.76795
   vertex  14.7078 -2.51974  11.8657
  endloop
 endfacet
 facet normal 0.912292 -0.265046 0.312209
  outer loop
   vertex  14.6961 -2.57398  11.8657
   vertex  14.7946 -4.70568  9.76795
   vertex   15.067 -3.76833  9.76795
  endloop
 endfacet
 facet normal 0.903527 -0.32529 0.278973
  outer loop
   vertex  14.0313 -5.02696  11.8657
   vertex   14.464 -5.62408  9.76795
   vertex  14.7946 -4.70568  9.76795
  endloop
 endfacet
 facet normal 0.877605 -0.38348 0.287667
  outer loop
   vertex   13.992  -5.1306  11.8657
   vertex   14.464 -5.62408  9.76795
   vertex  14.0142 -5.07976  11.8657
  endloop
 endfacet
 facet normal 0.862941 -0.40463 0.302668
  outer loop
   vertex  12.9516 -7.34946  11.8657
   vertex  14.0763 -6.51991  9.76795
   vertex   13.992  -5.1306  11.8657
  endloop
 endfacet
 facet normal  0.82681 -0.488975 0.278007
  outer loop
   vertex  12.9516 -7.34946  11.8657
   vertex  13.1363  -8.2298  9.76795
   vertex  13.6332 -7.38963  9.76795
  endloop
 endfacet
 facet normal  0.79078 -0.537412  0.29301
  outer loop
   vertex  12.9244 -7.39784  11.8657
   vertex  12.5877 -9.03713  9.76795
   vertex  13.1363  -8.2298  9.76795
  endloop
 endfacet
 facet normal 0.758604 -0.588433 0.279762
  outer loop
   vertex  11.4905 -9.45423  11.8657
   vertex  11.9894  -9.8084  9.76795
   vertex  12.5877 -9.03713  9.76795
  endloop
 endfacet
 facet normal  0.20692 -0.925713 0.316607
  outer loop
   vertex   2.9288 -15.1668  9.76795
   vertex   3.8814 -14.9539  9.76795
   vertex  5.04639  -13.976  11.8657
  endloop
 endfacet
 facet normal 0.674344 -0.674344 0.300864
  outer loop
   vertex  11.4141 -9.53448  11.8657
   vertex  10.6537 -11.2308  9.76795
   vertex  11.3439 -10.5406  9.76795
  endloop
 endfacet
 facet normal 0.676979 -0.672713  0.29859
  outer loop
   vertex  9.62326 -11.3367  11.8657
   vertex  10.6537 -11.2308  9.76795
   vertex  11.4141 -9.53448  11.8657
  endloop
 endfacet
 facet normal 0.588939 -0.75854 0.278869
  outer loop
   vertex  9.57943 -11.3707  11.8657
   vertex  9.92148 -11.8763  9.76795
   vertex  9.62326 -11.3367  11.8657
  endloop
 endfacet
 facet normal 0.535306 -0.787679 0.304974
  outer loop
   vertex  9.57943 -11.3707  11.8657
   vertex  8.34288 -13.0232  9.76795
   vertex   9.1502 -12.4746  9.76795
  endloop
 endfacet
 facet normal 0.489704 -0.828045 0.273005
  outer loop
   vertex  7.49947 -12.8304  11.8657
   vertex   7.5027 -13.5201  9.76795
   vertex  8.34288 -13.0232  9.76795
  endloop
 endfacet
 facet normal  0.42671 -0.859696 0.280787
  outer loop
   vertex  7.40277 -12.8846  11.8657
   vertex   7.5027 -13.5201  9.76795
   vertex  7.45247 -12.8599  11.8657
  endloop
 endfacet
 facet normal 0.377569 -0.872511 0.310106
  outer loop
   vertex  7.40277 -12.8846  11.8657
   vertex  5.73715 -14.3509  9.76795
   vertex  6.63298 -13.9633  9.76795
  endloop
 endfacet
 facet normal 0.326185 -0.906012 0.269715
  outer loop
   vertex   5.0983 -13.9564  11.8657
   vertex  4.81875 -14.6816  9.76795
   vertex  5.73715 -14.3509  9.76795
  endloop
 endfacet
 facet normal 0.267758 -0.921625 0.280915
  outer loop
   vertex  5.04639  -13.976  11.8657
   vertex   3.8814 -14.9539  9.76795
   vertex  4.81875 -14.6816  9.76795
  endloop
 endfacet
 facet normal 0.903782 0.325381 0.278039
  outer loop
   vertex  14.0349   5.2151  11.8657
   vertex  14.7946  4.89722  9.76795
   vertex   14.464  5.81563  9.76795
  endloop
 endfacet
 facet normal 0.720419 -0.635136 0.278567
  outer loop
   vertex  11.3439 -10.5406  9.76795
   vertex  11.9894  -9.8084  9.76795
   vertex  11.4905 -9.45423  11.8657
  endloop
 endfacet
 facet normal 0.0902431 -0.954675 0.283641
  outer loop
   vertex  2.42618 -14.6527  11.8657
   vertex 0.992926 -15.4114  9.76795
   vertex   1.9647 -15.3195  9.76795
  endloop
 endfacet
 facet normal 0.0815572 -0.953773  0.28925
  outer loop
   vertex -0.0154448 -14.8614  11.8657
   vertex 0.992926 -15.4114  9.76795
   vertex  2.42618 -14.6527  11.8657
  endloop
 endfacet
 facet normal -0.0302778 -0.963445  0.26619
  outer loop
   vertex -0.0154448 -14.8614  11.8657
   vertex -0.958326 -15.4114  9.76795
   vertex 0.0172987  -15.442  9.76795
  endloop
 endfacet
 facet normal -0.0900941 -0.953099 0.288939
  outer loop
   vertex -0.0708902 -14.8593  11.8657
   vertex  -1.9301 -15.3195  9.76795
   vertex -0.958326 -15.4114  9.76795
  endloop
 endfacet
 facet normal -0.150967 -0.953171 0.262058
  outer loop
   vertex -2.51251 -14.6505  11.8657
   vertex  -2.8942 -15.1668  9.76795
   vertex  -1.9301 -15.3195  9.76795
  endloop
 endfacet
 facet normal -0.226509 -0.936107 0.269067
  outer loop
   vertex  -2.6214 -14.6299  11.8657
   vertex  -2.8942 -15.1668  9.76795
   vertex -2.56747 -14.6429  11.8657
  endloop
 endfacet
 facet normal -0.266383 -0.916893 0.297232
  outer loop
   vertex  -2.6214 -14.6299  11.8657
   vertex -4.78415 -14.6816  9.76795
   vertex  -3.8468 -14.9539  9.76795
  endloop
 endfacet
 facet normal -0.327252 -0.908976 0.258202
  outer loop
   vertex -5.07787 -13.9799  11.8657
   vertex -5.70255 -14.3509  9.76795
   vertex -4.78415 -14.6816  9.76795
  endloop
 endfacet
 facet normal -0.38257 -0.884066 0.268455
  outer loop
   vertex -5.13023 -13.9616  11.8657
   vertex -6.59838 -13.9633  9.76795
   vertex -5.70255 -14.3509  9.76795
  endloop
 endfacet
 facet normal -0.437844 -0.859315 0.264329
  outer loop
   vertex -7.48498 -12.8663  11.8657
   vertex  -7.4681 -13.5201  9.76795
   vertex -6.59838 -13.9633  9.76795
  endloop
 endfacet
 facet normal -0.541137 -0.796262 0.270438
  outer loop
   vertex -8.30828 -13.0232  9.76795
   vertex -7.53266 -12.8379  11.8657
   vertex  -9.1156 -12.4746  9.76795
  endloop
 endfacet
 facet normal -0.592049 -0.763264 0.258663
  outer loop
   vertex -9.61263 -11.3782  11.8657
   vertex -9.88688 -11.8763  9.76795
   vertex  -9.1156 -12.4746  9.76795
  endloop
 endfacet
 facet normal -0.649588 -0.717073 0.252669
  outer loop
   vertex -9.69837 -11.3079  11.8657
   vertex -9.88688 -11.8763  9.76795
   vertex -9.65725 -11.3452  11.8657
  endloop
 endfacet
 facet normal -0.680144 -0.680143 0.273513
  outer loop
   vertex -9.69837 -11.3079  11.8657
   vertex -11.3093 -10.5406  9.76795
   vertex -10.6191 -11.2308  9.76795
  endloop
 endfacet
 facet normal -0.725637 -0.639735 0.253359
  outer loop
   vertex -11.4892 -9.50576  11.8657
   vertex -11.9548  -9.8084  9.76795
   vertex -11.3093 -10.5406  9.76795
  endloop
 endfacet
 facet normal -0.778713 -0.574054 0.253115
  outer loop
   vertex -11.5593 -9.41994  11.8657
   vertex -11.9548  -9.8084  9.76795
   vertex -11.5264  -9.4646  11.8657
  endloop
 endfacet
 facet normal -0.797421 -0.541928 0.265393
  outer loop
   vertex -12.9614 -7.40899  11.8657
   vertex -13.1017  -8.2298  9.76795
   vertex -12.5531 -9.03712  9.76795
  endloop
 endfacet
 facet normal -0.833028 -0.494289 0.248479
  outer loop
   vertex -12.9614 -7.40899  11.8657
   vertex -12.9897 -7.36127  11.8657
   vertex -13.5986 -7.38963  9.76795
  endloop
 endfacet
 facet normal -0.871027 -0.40836 0.273045
  outer loop
   vertex -12.9897 -7.36127  11.8657
   vertex -14.0535 -5.09211  11.8657
   vertex -14.0417 -6.51991  9.76795
  endloop
 endfacet
 facet normal -0.915275 -0.319708 0.245068
  outer loop
   vertex -14.0535 -5.09211  11.8657
   vertex -14.0718 -5.03973  11.8657
   vertex -14.4294 -5.62408  9.76795
  endloop
 endfacet
 facet normal -0.210299 0.940825 0.265749
  outer loop
   vertex  -2.8942  15.3584  9.76796
   vertex  -3.8468  15.1454  9.76796
   vertex -2.66028  14.8181  11.8657
  endloop
 endfacet
 facet normal -0.940622 -0.226527 0.252817
  outer loop
   vertex -14.7366 -2.58675  11.8657
   vertex -14.7496 -2.53281  11.8657
   vertex -15.2453 -2.81572  9.76795
  endloop
 endfacet
 facet normal  -0.9594 -0.0851106 0.268902
  outer loop
   vertex -14.7496 -2.53281  11.8657
   vertex -14.9741 -0.00208113  11.8657
   vertex  -15.398 -1.85163  9.76795
  endloop
 endfacet
 facet normal -0.960723 -0.132044 0.244081
  outer loop
   vertex -14.9817 0.0528874  11.8657
   vertex -15.5205 0.0957734  9.76795
   vertex -14.9741 -0.00208113  11.8657
  endloop
 endfacet
 facet normal -0.968116 -0.0356834  0.24795
  outer loop
   vertex -14.9817 0.0528874  11.8657
   vertex -14.9837 0.108335  11.8657
   vertex -15.5205 0.0957734  9.76795
  endloop
 endfacet
 facet normal -0.968185 0.0304253 0.248377
  outer loop
   vertex -14.9802 0.163711  11.8657
   vertex -15.4899   1.0714  9.76795
   vertex -15.5205 0.0957734  9.76795
  endloop
 endfacet
 facet normal -0.959779 0.0907266 0.265693
  outer loop
   vertex -14.7557  2.69444  11.8657
   vertex  -15.398  2.04318  9.76795
   vertex -15.4899   1.0714  9.76795
  endloop
 endfacet
 facet normal -0.957294 0.151621 0.246169
  outer loop
   vertex -14.7467  2.74919  11.8657
   vertex -15.2453  3.00727  9.76795
   vertex  -15.398  2.04318  9.76795
  endloop
 endfacet
 facet normal -0.928877 0.251687 0.271735
  outer loop
   vertex -14.7467  2.74919  11.8657
   vertex -14.0676  5.25575  11.8657
   vertex -15.0324  3.95987  9.76795
  endloop
 endfacet
 facet normal -0.907634 0.343783  0.24086
  outer loop
   vertex -14.0676  5.25575  11.8657
   vertex -14.0479  5.30764  11.8657
   vertex   -14.76  4.89722  9.76795
  endloop
 endfacet
 facet normal -0.874663 0.410128 0.258379
  outer loop
   vertex -14.0479  5.30764  11.8657
   vertex -13.0075   7.5265  11.8657
   vertex -14.4294  5.81563  9.76795
  endloop
 endfacet
 facet normal -0.865614  0.43083 0.255142
  outer loop
   vertex -13.0075   7.5265  11.8657
   vertex -12.9828  7.57617  11.8657
   vertex -13.5986  7.58118  9.76796
  endloop
 endfacet
 facet normal -0.790545 0.551184 0.266897
  outer loop
   vertex -12.9828  7.57617  11.8657
   vertex -11.5807  9.58712  11.8657
   vertex -13.1017  8.42135  9.76796
  endloop
 endfacet
 facet normal -0.810432 0.509848 0.288539
  outer loop
   vertex -11.5807  9.58712  11.8657
   vertex -11.5512  9.63409  11.8657
   vertex -12.5531  9.22867  9.76796
  endloop
 endfacet
 facet normal -0.76492 0.593332 0.250707
  outer loop
   vertex -11.5171  9.67788  11.8657
   vertex -11.9548  9.99995  9.76796
   vertex -12.5531  9.22867  9.76796
  endloop
 endfacet
 facet normal -0.682357 0.678057 0.273181
  outer loop
   vertex -11.5171  9.67788  11.8657
   vertex -9.72627    11.48  11.8657
   vertex -11.3093  10.7321  9.76796
  endloop
 endfacet
 facet normal -0.69561 0.662522 0.277834
  outer loop
   vertex -9.72627    11.48  11.8657
   vertex   -9.688  11.5202  11.8657
   vertex -10.6191  11.4224  9.76796
  endloop
 endfacet
 facet normal -0.640211 0.726176 0.250596
  outer loop
   vertex -9.64593  11.5564  11.8657
   vertex -9.88688  12.0679  9.76796
   vertex -10.6191  11.4224  9.76796
  endloop
 endfacet
 facet normal -0.552017 0.786624 0.276585
  outer loop
   vertex -9.64593  11.5564  11.8657
   vertex -7.52049  13.0479  11.8657
   vertex  -9.1156  12.6661  9.76796
  endloop
 endfacet
 facet normal -0.473765 0.845827   0.2452
  outer loop
   vertex -7.52049  13.0479  11.8657
   vertex -7.47208   13.075  11.8657
   vertex -8.30828  13.2148  9.76796
  endloop
 endfacet
 facet normal -0.406431  0.87452 0.264631
  outer loop
   vertex -7.47208   13.075  11.8657
   vertex -5.16761   14.146  11.8657
   vertex  -7.4681  13.7117  9.76796
  endloop
 endfacet
 facet normal -0.492154 -0.832188 0.255436
  outer loop
   vertex -8.30828 -13.0232  9.76795
   vertex  -7.4681 -13.5201  9.76795
   vertex -7.48498 -12.8663  11.8657
  endloop
 endfacet
 facet normal -0.246029 0.929884  0.27347
  outer loop
   vertex -5.11675  14.1682  11.8657
   vertex -2.66028  14.8181  11.8657
   vertex -4.78415  14.8731  9.76796
  endloop
 endfacet
 facet normal -0.294833   0.9169 0.269014
  outer loop
   vertex -2.60745  14.8351  11.8657
   vertex  -2.8942  15.3584  9.76796
   vertex -2.66028  14.8181  11.8657
  endloop
 endfacet
 facet normal -0.202443 0.943324 0.262977
  outer loop
   vertex -2.60745  14.8351  11.8657
   vertex  -2.5532  14.8468  11.8657
   vertex  -2.8942  15.3584  9.76796
  endloop
 endfacet
 facet normal -0.0818225  0.95688 0.278723
  outer loop
   vertex  -2.5532  14.8468  11.8657
   vertex -0.111583  15.0555  11.8657
   vertex  -1.9301  15.5111  9.76796
  endloop
 endfacet
 facet normal -0.106603 0.950729 0.291119
  outer loop
   vertex -0.111583  15.0555  11.8657
   vertex -0.0564432  15.0617  11.8657
   vertex -0.958331  15.6029  9.76796
  endloop
 endfacet
 facet normal -0.0303097 0.964492 0.262367
  outer loop
   vertex -0.00096187  15.0624  11.8657
   vertex 0.0172974  15.6336  9.76796
   vertex -0.958331  15.6029  9.76796
  endloop
 endfacet
 facet normal 0.0817229 0.955088 0.284831
  outer loop
   vertex -0.00096187  15.0624  11.8657
   vertex  2.49593  14.8487  11.8657
   vertex 0.992925  15.6029  9.76796
  endloop
 endfacet
 facet normal 0.180306 0.950158 0.254343
  outer loop
   vertex  2.49593  14.8487  11.8657
   vertex  2.55044  14.8384  11.8657
   vertex   1.9647  15.5111  9.76796
  endloop
 endfacet
 facet normal 0.244735 0.924994 0.290674
  outer loop
   vertex  5.00691  14.1885  11.8657
   vertex   3.8814  15.1454  9.76796
   vertex  2.55044  14.8384  11.8657
  endloop
 endfacet
 facet normal 0.150751 -0.951803 0.267105
  outer loop
   vertex   1.9647 -15.3195  9.76795
   vertex   2.9288 -15.1668  9.76795
   vertex  2.53632 -14.6403  11.8657
  endloop
 endfacet
 facet normal 0.404139 0.869589 0.283704
  outer loop
   vertex  5.06013  14.1727  11.8657
   vertex   7.3646  13.1017  11.8657
   vertex  5.73715  14.5425  9.76796
  endloop
 endfacet
 facet normal 0.362096 0.888413 0.282151
  outer loop
   vertex  7.41598  13.0808  11.8657
   vertex   7.5027  13.7117  9.76796
   vertex   7.3646  13.1017  11.8657
  endloop
 endfacet
 facet normal 0.449817 0.849981 0.274219
  outer loop
   vertex  7.41598  13.0808  11.8657
   vertex  7.46502  13.0548  11.8657
   vertex   7.5027  13.7117  9.76796
  endloop
 endfacet
 facet normal 0.490183 0.828856 0.269664
  outer loop
   vertex  7.51123  13.0241  11.8657
   vertex  8.34288  13.2148  9.76796
   vertex   7.5027  13.7117  9.76796
  endloop
 endfacet
 facet normal 0.535928 0.788592 0.301503
  outer loop
   vertex   9.5912  11.5644  11.8657
   vertex   9.1502  12.6661  9.76796
   vertex  8.34288  13.2148  9.76796
  endloop
 endfacet
 facet normal 0.609282 0.743934 0.274476
  outer loop
   vertex   9.5912  11.5644  11.8657
   vertex  9.63412  11.5293  11.8657
   vertex  9.92147  12.0679  9.76796
  endloop
 endfacet
 facet normal 0.677752 0.673481 0.295085
  outer loop
   vertex  9.63412  11.5293  11.8657
   vertex  10.6324  10.5246  11.8657
   vertex  10.6537  11.4224  9.76796
  endloop
 endfacet
 facet normal 0.677392 0.673289 0.296349
  outer loop
   vertex  10.6324  10.5246  11.8657
   vertex  11.4641  9.68783  11.8657
   vertex  11.3439  10.7321  9.76796
  endloop
 endfacet
 facet normal 0.744084 0.608054 0.276784
  outer loop
   vertex  11.4641  9.68783  11.8657
   vertex  11.4993  9.64486  11.8657
   vertex  11.9894  9.99995  9.76796
  endloop
 endfacet
 facet normal 0.783042 0.545952 0.297963
  outer loop
   vertex  11.4993  9.64486  11.8657
   vertex  12.9013  7.63391  11.8657
   vertex  12.5877  9.22867  9.76796
  endloop
 endfacet
 facet normal 0.803279 0.532471 0.266865
  outer loop
   vertex  12.9013  7.63391  11.8657
   vertex   12.932  7.58766  11.8657
   vertex  13.6332  7.58117  9.76796
  endloop
 endfacet
 facet normal 0.863183 0.404745 0.301824
  outer loop
   vertex   12.932  7.58766  11.8657
   vertex  13.9724   5.3688  11.8657
   vertex  14.0763  6.71146  9.76796
  endloop
 endfacet
 facet normal 0.845512 0.446258 0.293195
  outer loop
   vertex  13.9724   5.3688  11.8657
   vertex  13.9983  5.31973  11.8657
   vertex   14.464  5.81563  9.76795
  endloop
 endfacet
 facet normal 0.924498 0.272046 0.267009
  outer loop
   vertex  14.0192  5.26833  11.8657
   vertex  14.0349   5.2151  11.8657
   vertex   14.464  5.81563  9.76795
  endloop
 endfacet
 facet normal 0.918383 0.266816 0.292202
  outer loop
   vertex  14.0349   5.2151  11.8657
   vertex   15.067  3.95987  9.76795
   vertex  14.7946  4.89722  9.76795
  endloop
 endfacet
 facet normal 0.935924 0.209202 0.283337
  outer loop
   vertex  14.6996  2.76212  11.8657
   vertex  15.2799  3.00727  9.76795
   vertex   15.067  3.95987  9.76795
  endloop
 endfacet
 facet normal 0.948424 0.150217 0.279155
  outer loop
   vertex  14.7099   2.7076  11.8657
   vertex  15.4326  2.04318  9.76795
   vertex  15.2799  3.00727  9.76795
  endloop
 endfacet
 facet normal 0.949284 0.0841768 0.302943
  outer loop
   vertex  14.7099   2.7076  11.8657
   vertex  14.9392 0.121597  11.8657
   vertex  15.5245   1.0714  9.76795
  endloop
 endfacet
 facet normal 0.959385 -0.0124838 0.281824
  outer loop
   vertex  14.9392 0.121597  11.8657
   vertex  14.9385 0.0661163  11.8657
   vertex  15.5551 0.0957743  9.76795
  endloop
 endfacet
 facet normal 0.272304 0.921662 0.276389
  outer loop
   vertex  5.00691  14.1885  11.8657
   vertex  5.06013  14.1727  11.8657
   vertex  4.81875  14.8731  9.76796
  endloop
 endfacet
 facet normal 0.955123 -0.108149 0.275759
  outer loop
   vertex   14.714 -2.46461  11.8657
   vertex  14.7078 -2.51974  11.8657
   vertex  15.2799 -2.81572  9.76795
  endloop
 endfacet
 facet normal 0.935591 -0.209127 0.284491
  outer loop
   vertex  14.6961 -2.57398  11.8657
   vertex   15.067 -3.76833  9.76795
   vertex  15.2799 -2.81572  9.76795
  endloop
 endfacet
 facet normal 0.921597 -0.249763 0.297116
  outer loop
   vertex  14.6961 -2.57398  11.8657
   vertex  14.0313 -5.02696  11.8657
   vertex  14.7946 -4.70568  9.76795
  endloop
 endfacet
 facet normal 0.915516 -0.295499 0.272966
  outer loop
   vertex  14.0313 -5.02696  11.8657
   vertex  14.0142 -5.07976  11.8657
   vertex   14.464 -5.62408  9.76795
  endloop
 endfacet
 facet normal  0.87907 -0.380408 0.287274
  outer loop
   vertex   13.992  -5.1306  11.8657
   vertex  14.0763 -6.51991  9.76795
   vertex   14.464 -5.62408  9.76795
  endloop
 endfacet
 facet normal 0.853852 -0.43506 0.285761
  outer loop
   vertex  12.9516 -7.34946  11.8657
   vertex  13.6332 -7.38963  9.76795
   vertex  14.0763 -6.51991  9.76795
  endloop
 endfacet
 facet normal 0.839124 -0.47125 0.271653
  outer loop
   vertex  12.9516 -7.34946  11.8657
   vertex  12.9244 -7.39784  11.8657
   vertex  13.1363  -8.2298  9.76795
  endloop
 endfacet
 facet normal 0.782308 -0.545506 0.300695
  outer loop
   vertex  12.9244 -7.39784  11.8657
   vertex  11.4905 -9.45423  11.8657
   vertex  12.5877 -9.03713  9.76795
  endloop
 endfacet
 facet normal 0.728574 -0.627711 0.274151
  outer loop
   vertex  11.4543 -9.49626  11.8657
   vertex  11.3439 -10.5406  9.76795
   vertex  11.4905 -9.45423  11.8657
  endloop
 endfacet
 facet normal 0.655207 -0.689472  0.30876
  outer loop
   vertex  11.4543 -9.49626  11.8657
   vertex  11.4141 -9.53448  11.8657
   vertex  11.3439 -10.5406  9.76795
  endloop
 endfacet
 facet normal 0.635653 -0.721006 0.275854
  outer loop
   vertex  9.62326 -11.3367  11.8657
   vertex  9.92148 -11.8763  9.76795
   vertex  10.6537 -11.2308  9.76795
  endloop
 endfacet
 facet normal  0.58859 -0.758808 0.278877
  outer loop
   vertex  9.57943 -11.3707  11.8657
   vertex   9.1502 -12.4746  9.76795
   vertex  9.92148 -11.8763  9.76795
  endloop
 endfacet
 facet normal  0.54928 -0.782666 0.292787
  outer loop
   vertex  9.57943 -11.3707  11.8657
   vertex  7.49947 -12.8304  11.8657
   vertex  8.34288 -13.0232  9.76795
  endloop
 endfacet
 facet normal 0.511976 -0.81579  0.26901
  outer loop
   vertex  7.49947 -12.8304  11.8657
   vertex  7.45247 -12.8599  11.8657
   vertex   7.5027 -13.5201  9.76795
  endloop
 endfacet
 facet normal 0.435843 -0.855387 0.279917
  outer loop
   vertex  7.40277 -12.8846  11.8657
   vertex  6.63298 -13.9633  9.76795
   vertex   7.5027 -13.5201  9.76795
  endloop
 endfacet
 facet normal 0.404068 -0.86873 0.286423
  outer loop
   vertex  7.40277 -12.8846  11.8657
   vertex   5.0983 -13.9564  11.8657
   vertex  5.73715 -14.3509  9.76795
  endloop
 endfacet
 facet normal 0.340435 -0.901756 0.266345
  outer loop
   vertex   5.0983 -13.9564  11.8657
   vertex  5.04639  -13.976  11.8657
   vertex  4.81875 -14.6816  9.76795
  endloop
 endfacet
 facet normal 0.245676 -0.92834 0.278976
  outer loop
   vertex  2.53632 -14.6403  11.8657
   vertex   2.9288 -15.1668  9.76795
   vertex  5.04639  -13.976  11.8657
  endloop
 endfacet
 facet normal  0.15504 -0.951471 0.265829
  outer loop
   vertex  2.48156 -14.6492  11.8657
   vertex   1.9647 -15.3195  9.76795
   vertex  2.53632 -14.6403  11.8657
  endloop
 endfacet
 facet normal 0.0590744 -0.955017 0.290607
  outer loop
   vertex  2.48156 -14.6492  11.8657
   vertex  2.42618 -14.6527  11.8657
   vertex   1.9647 -15.3195  9.76795
  endloop
 endfacet
 facet normal 0.0302701 -0.963202 0.267068
  outer loop
   vertex -0.0154448 -14.8614  11.8657
   vertex 0.0172987  -15.442  9.76795
   vertex 0.992926 -15.4114  9.76795
  endloop
 endfacet
 facet normal -0.0365544 -0.962511 0.268766
  outer loop
   vertex -0.0154448 -14.8614  11.8657
   vertex -0.0708902 -14.8593  11.8657
   vertex -0.958326 -15.4114  9.76795
  endloop
 endfacet
 facet normal -0.0817377 -0.955884 0.282144
  outer loop
   vertex -0.0708902 -14.8593  11.8657
   vertex -2.51251 -14.6505  11.8657
   vertex  -1.9301 -15.3195  9.76795
  endloop
 endfacet
 facet normal -0.132542 -0.956592 0.259548
  outer loop
   vertex -2.51251 -14.6505  11.8657
   vertex -2.56747 -14.6429  11.8657
   vertex  -2.8942 -15.1668  9.76795
  endloop
 endfacet
 facet normal -0.210164 -0.940218 0.267994
  outer loop
   vertex  -2.6214 -14.6299  11.8657
   vertex  -3.8468 -14.9539  9.76795
   vertex  -2.8942 -15.1668  9.76795
  endloop
 endfacet
 facet normal -0.24582 -0.929093 0.276332
  outer loop
   vertex  -2.6214 -14.6299  11.8657
   vertex -5.07787 -13.9799  11.8657
   vertex -4.78415 -14.6816  9.76795
  endloop
 endfacet
 facet normal -0.31973 -0.912125 0.256518
  outer loop
   vertex -5.07787 -13.9799  11.8657
   vertex -5.13023 -13.9616  11.8657
   vertex -5.70255 -14.3509  9.76795
  endloop
 endfacet
 facet normal -0.404432 -0.869439 0.283744
  outer loop
   vertex -5.13023 -13.9616  11.8657
   vertex -7.48498 -12.8663  11.8657
   vertex -6.59838 -13.9633  9.76795
  endloop
 endfacet
 facet normal -0.494173 -0.830779 0.256123
  outer loop
   vertex -7.53266 -12.8379  11.8657
   vertex -8.30828 -13.0232  9.76795
   vertex -7.48498 -12.8663  11.8657
  endloop
 endfacet
 facet normal -0.967609 -0.0304077 0.250615
  outer loop
   vertex -15.5205 0.0957734  9.76795
   vertex -15.4899 -0.879855  9.76795
   vertex -14.9741 -0.00208113  11.8657
  endloop
 endfacet
 facet normal -0.57392 -0.776713 0.259486
  outer loop
   vertex -9.61263 -11.3782  11.8657
   vertex -9.65725 -11.3452  11.8657
   vertex -9.88688 -11.8763  9.76795
  endloop
 endfacet
 facet normal -0.639613  -0.7255 0.254056
  outer loop
   vertex -9.69837 -11.3079  11.8657
   vertex -10.6191 -11.2308  9.76795
   vertex -9.88688 -11.8763  9.76795
  endloop
 endfacet
 facet normal -0.681834 -0.677537 0.275764
  outer loop
   vertex -9.69837 -11.3079  11.8657
   vertex -11.4892 -9.50576  11.8657
   vertex -11.3093 -10.5406  9.76795
  endloop
 endfacet
 facet normal -0.717715 -0.648787 0.252906
  outer loop
   vertex -11.4892 -9.50576  11.8657
   vertex -11.5264  -9.4646  11.8657
   vertex -11.9548  -9.8084  9.76795
  endloop
 endfacet
 facet normal -0.764269 -0.592826 0.253869
  outer loop
   vertex -11.5593 -9.41994  11.8657
   vertex -12.5531 -9.03712  9.76795
   vertex -11.9548  -9.8084  9.76795
  endloop
 endfacet
 facet normal -0.551468 -0.785784 0.280048
  outer loop
   vertex -7.53266 -12.8379  11.8657
   vertex -9.61263 -11.3782  11.8657
   vertex  -9.1156 -12.4746  9.76795
  endloop
 endfacet
 facet normal 0.529213 0.663544 -0.528813
  outer loop
   vertex -2.49936 -3.57287  19.9483
   vertex -8.32402  -9.3394  6.88354
   vertex -2.92746 -3.23145  19.9483
  endloop
 endfacet
 facet normal 0.441991 0.724827 -0.52846
  outer loop
   vertex -2.03186 -3.85795  19.9483
   vertex -7.13205 -10.2733  6.88353
   vertex -2.49936 -3.57287  19.9483
  endloop
 endfacet
 facet normal 0.348505 0.774345 -0.528143
  outer loop
   vertex -2.03186 -3.85795  19.9483
   vertex -4.45537 -11.6781  6.88353
   vertex  -5.8362 -11.0566  6.88353
  endloop
 endfacet
 facet normal 0.252663 0.810825 -0.527944
  outer loop
   vertex  -1.5323 -4.08219  19.9483
   vertex  -3.0097 -12.1286  6.88353
   vertex -4.45537 -11.6781  6.88353
  endloop
 endfacet
 facet normal 0.153105 0.835469 -0.527779
  outer loop
   vertex -1.00859 -4.24205  19.9483
   vertex -1.52028 -12.4015  6.88353
   vertex  -3.0097 -12.1286  6.88353
  endloop
 endfacet
 facet normal 0.0512893 0.847913 -0.527648
  outer loop
   vertex -0.468965 -4.33501  19.9483
   vertex -0.00881144 -12.4929  6.88353
   vertex -1.52028 -12.4015  6.88353
  endloop
 endfacet
 facet normal -0.0512928 0.847972 -0.527554
  outer loop
   vertex 0.0780538 -4.35961  19.9483
   vertex  1.50266 -12.4015  6.88353
   vertex -0.00881144 -12.4929  6.88353
  endloop
 endfacet
 facet normal -0.153137 0.835641 -0.527496
  outer loop
   vertex 0.623842 -4.31544  19.9483
   vertex  2.99208 -12.1286  6.88353
   vertex  1.50266 -12.4015  6.88353
  endloop
 endfacet
 facet normal -0.252749 0.811102 -0.527476
  outer loop
   vertex  1.15979 -4.20323  19.9483
   vertex  4.43775 -11.6781  6.88353
   vertex  2.99208 -12.1286  6.88353
  endloop
 endfacet
 facet normal -0.348671 0.774713 -0.527493
  outer loop
   vertex  1.67745 -4.02472  19.9483
   vertex  5.81857 -11.0566  6.88353
   vertex  4.43775 -11.6781  6.88353
  endloop
 endfacet
 facet normal -0.439492 0.727009 -0.527546
  outer loop
   vertex  2.16865 -3.78275  19.9483
   vertex  7.11442 -10.2733  6.88353
   vertex  5.81857 -11.0566  6.88353
  endloop
 endfacet
 facet normal -0.523885  0.66869 -0.527634
  outer loop
   vertex  2.62566 -3.48112  19.9483
   vertex   8.3064  -9.3394  6.88354
   vertex  7.11442 -10.2733  6.88353
  endloop
 endfacet
 facet normal -0.600614 0.600614 -0.527756
  outer loop
   vertex  3.04125 -3.12458  19.9483
   vertex  9.37712 -8.26868  6.88354
   vertex   8.3064  -9.3394  6.88354
  endloop
 endfacet
 facet normal -0.668556  0.52378 -0.527909
  outer loop
   vertex  3.40889 -2.71878  19.9483
   vertex   10.311  -7.0767  6.88354
   vertex  9.37712 -8.26868  6.88354
  endloop
 endfacet
 facet normal -0.726719 0.439317 -0.528091
  outer loop
   vertex  3.72276 -2.27009  19.9483
   vertex  11.0943 -5.78085  6.88354
   vertex   10.311  -7.0767  6.88354
  endloop
 endfacet
 facet normal -0.774256 0.348464  -0.5283
  outer loop
   vertex  3.97792  -1.7856  19.9483
   vertex  11.7158 -4.40003  6.88354
   vertex  11.0943 -5.78085  6.88354
  endloop
 endfacet
 facet normal -0.810475 0.252556 -0.528532
  outer loop
   vertex  4.17035 -1.27296  19.9483
   vertex  12.1663 -2.95436  6.88354
   vertex  11.7158 -4.40003  6.88354
  endloop
 endfacet
 facet normal -0.834854 0.152993 -0.528783
  outer loop
   vertex  4.29701 -0.740237  19.9483
   vertex  12.4392 -1.46493  6.88354
   vertex  12.1663 -2.95436  6.88354
  endloop
 endfacet
 facet normal -0.847042 0.0512366 -0.529051
  outer loop
   vertex   4.3559 -0.195842  19.9483
   vertex  12.5307 0.0465323  6.88354
   vertex  12.4392 -1.46493  6.88354
  endloop
 endfacet
 facet normal -0.846867 -0.051226 -0.529331
  outer loop
   vertex   4.3461 0.351642  19.9483
   vertex  12.4392    1.558  6.88354
   vertex  12.5307 0.0465323  6.88354
  endloop
 endfacet
 facet normal -0.838784 -0.121254 -0.53079
  outer loop
   vertex  4.26776  0.89358  19.9483
   vertex  12.4392    1.558  6.88354
   vertex   4.3461 0.351642  19.9483
  endloop
 endfacet
 facet normal -0.816848 -0.225393 -0.530996
  outer loop
   vertex  4.12211  1.42143  19.9483
   vertex  12.1663  3.04742  6.88354
   vertex  4.26776  0.89358  19.9483
  endloop
 endfacet
 facet normal -0.782049 -0.325946 -0.531186
  outer loop
   vertex  3.91146  1.92685  19.9483
   vertex  11.7158  4.49309  6.88354
   vertex  4.12211  1.42143  19.9483
  endloop
 endfacet
 facet normal -0.734938 -0.421342 -0.531354
  outer loop
   vertex  3.63911   2.4019  19.9483
   vertex  11.0943  5.87391  6.88354
   vertex  3.91146  1.92685  19.9483
  endloop
 endfacet
 facet normal -0.676263 -0.510077 -0.531498
  outer loop
   vertex  3.30938  2.83906  19.9483
   vertex   10.311  7.16976  6.88354
   vertex  3.63911   2.4019  19.9483
  endloop
 endfacet
 facet normal -0.60695 -0.590763 -0.531612
  outer loop
   vertex  2.92746  3.23145  19.9483
   vertex  9.37712  8.36174  6.88354
   vertex  3.30938  2.83906  19.9483
  endloop
 endfacet
 facet normal -0.528089 -0.662136 -0.531694
  outer loop
   vertex  2.49936  3.57287  19.9483
   vertex   8.3064  9.43246  6.88354
   vertex  2.92746  3.23145  19.9483
  endloop
 endfacet
 facet normal -0.440923 -0.723077 -0.53174
  outer loop
   vertex  2.03186  3.85795  19.9483
   vertex  7.11442  10.3663  6.88354
   vertex  2.49936  3.57287  19.9483
  endloop
 endfacet
 facet normal -0.251938 -0.808496 -0.531847
  outer loop
   vertex  1.53231  4.08219  19.9483
   vertex  2.99208  12.2216  6.88354
   vertex  4.43775  11.7711  6.88354
  endloop
 endfacet
 facet normal -0.152641 -0.832934 -0.531905
  outer loop
   vertex  1.00859  4.24205  19.9483
   vertex  1.50266  12.4946  6.88354
   vertex  2.99208  12.2216  6.88354
  endloop
 endfacet
 facet normal -0.0511275 -0.845239 -0.531936
  outer loop
   vertex 0.468965  4.33501  19.9483
   vertex -0.00881144   12.586  6.88354
   vertex  1.50266  12.4946  6.88354
  endloop
 endfacet
 facet normal 0.0511273 -0.845236 -0.531942
  outer loop
   vertex -0.0780537  4.35961  19.9483
   vertex -1.52028  12.4946  6.88354
   vertex -0.00881144   12.586  6.88354
  endloop
 endfacet
 facet normal 0.152639 -0.832924 -0.53192
  outer loop
   vertex -0.623842  4.31544  19.9483
   vertex  -3.0097  12.2216  6.88354
   vertex -1.52028  12.4946  6.88354
  endloop
 endfacet
 facet normal 0.251933 -0.808482 -0.531871
  outer loop
   vertex -1.15979  4.20323  19.9483
   vertex -4.45537  11.7711  6.88354
   vertex  -3.0097  12.2216  6.88354
  endloop
 endfacet
 facet normal 0.347568 -0.772263 -0.531795
  outer loop
   vertex -1.67745  4.02472  19.9483
   vertex  -5.8362  11.1497  6.88354
   vertex -4.45537  11.7711  6.88354
  endloop
 endfacet
 facet normal 0.438153 -0.724794 -0.531692
  outer loop
   vertex -2.16865  3.78275  19.9483
   vertex -7.13205  10.3663  6.88354
   vertex  -5.8362  11.1497  6.88354
  endloop
 endfacet
 facet normal 0.522373 -0.666758 -0.531564
  outer loop
   vertex -2.62566  3.48112  19.9483
   vertex -8.32402  9.43246  6.88354
   vertex -7.13205  10.3663  6.88354
  endloop
 endfacet
 facet normal    0.599 -0.598999 -0.531412
  outer loop
   vertex -3.04125  3.12458  19.9483
   vertex -9.39474  8.36174  6.88354
   vertex -8.32402  9.43246  6.88354
  endloop
 endfacet
 facet normal 0.666919 -0.522498 -0.531238
  outer loop
   vertex -3.40889  2.71878  19.9483
   vertex -10.3286  7.16976  6.88354
   vertex -9.39474  8.36174  6.88354
  endloop
 endfacet
 facet normal 0.725141 -0.438363 -0.531045
  outer loop
   vertex -3.72276  2.27009  19.9483
   vertex  -11.112  5.87391  6.88354
   vertex -10.3286  7.16976  6.88354
  endloop
 endfacet
 facet normal 0.772812 -0.347815 -0.530835
  outer loop
   vertex -3.97792   1.7856  19.9483
   vertex -11.7334  4.49309  6.88354
   vertex  -11.112  5.87391  6.88354
  endloop
 endfacet
 facet normal 0.809236 -0.252168 -0.530611
  outer loop
   vertex -4.17035  1.27296  19.9483
   vertex -12.1839  3.04742  6.88354
   vertex -11.7334  4.49309  6.88354
  endloop
 endfacet
 facet normal 0.833876 -0.152812 -0.530377
  outer loop
   vertex -4.29701 0.740237  19.9483
   vertex -12.4569    1.558  6.88354
   vertex -12.1839  3.04742  6.88354
  endloop
 endfacet
 facet normal 0.846366 -0.0511957 -0.530135
  outer loop
   vertex  -4.3559 0.195842  19.9483
   vertex -12.5483 0.0465323  6.88354
   vertex -12.4569    1.558  6.88354
  endloop
 endfacet
 facet normal 0.846519 0.0512049 -0.529891
  outer loop
   vertex  -4.3461 -0.351642  19.9483
   vertex -12.4569 -1.46493  6.88354
   vertex -12.5483 0.0465323  6.88354
  endloop
 endfacet
 facet normal 0.838665 0.121236 -0.530983
  outer loop
   vertex -4.26776 -0.89358  19.9483
   vertex -12.4569 -1.46493  6.88354
   vertex  -4.3461 -0.351642  19.9483
  endloop
 endfacet
 facet normal 0.817067 0.225453 -0.530635
  outer loop
   vertex -4.12211 -1.42143  19.9483
   vertex -12.1839 -2.95436  6.88354
   vertex -4.26776 -0.89358  19.9483
  endloop
 endfacet
 facet normal 0.782575 0.326166 -0.530275
  outer loop
   vertex -3.91145 -1.92685  19.9483
   vertex -11.7334 -4.40003  6.88354
   vertex -4.12211 -1.42143  19.9483
  endloop
 endfacet
 facet normal 0.735723 0.421791 -0.52991
  outer loop
   vertex -3.63911  -2.4019  19.9483
   vertex  -11.112 -5.78085  6.88354
   vertex -3.91145 -1.92685  19.9483
  endloop
 endfacet
 facet normal 0.677241 0.510814 -0.529541
  outer loop
   vertex -3.30938 -2.83906  19.9483
   vertex -10.3286  -7.0767  6.88354
   vertex -3.63911  -2.4019  19.9483
  endloop
 endfacet
 facet normal 0.608042 0.591827 -0.529174
  outer loop
   vertex -2.92746 -3.23145  19.9483
   vertex -9.39474 -8.26868  6.88354
   vertex -3.30938 -2.83906  19.9483
  endloop
 endfacet
 facet normal 0.523588 0.668311 -0.528409
  outer loop
   vertex -2.49936 -3.57287  19.9483
   vertex -7.13205 -10.2733  6.88353
   vertex -8.32402  -9.3394  6.88354
  endloop
 endfacet
 facet normal 0.439258 0.726622 -0.528274
  outer loop
   vertex -2.03186 -3.85795  19.9483
   vertex  -5.8362 -11.0566  6.88353
   vertex -7.13205 -10.2733  6.88353
  endloop
 endfacet
 facet normal 0.347729 0.774662 -0.528189
  outer loop
   vertex -2.03186 -3.85795  19.9483
   vertex  -1.5323 -4.08219  19.9483
   vertex -4.45537 -11.6781  6.88353
  endloop
 endfacet
 facet normal 0.247894 0.812125 -0.528206
  outer loop
   vertex  -1.5323 -4.08219  19.9483
   vertex -1.00859 -4.24205  19.9483
   vertex  -3.0097 -12.1286  6.88353
  endloop
 endfacet
 facet normal 0.144148  0.83677 -0.52824
  outer loop
   vertex -1.00859 -4.24205  19.9483
   vertex -0.468965 -4.33501  19.9483
   vertex -1.52028 -12.4015  6.88353
  endloop
 endfacet
 facet normal 0.0381366 0.848205 -0.528294
  outer loop
   vertex -0.468965 -4.33501  19.9483
   vertex 0.0780538 -4.35961  19.9483
   vertex -0.00881144 -12.4929  6.88353
  endloop
 endfacet
 facet normal -0.0684711  0.84625 -0.528367
  outer loop
   vertex 0.0780538 -4.35961  19.9483
   vertex 0.623842 -4.31544  19.9483
   vertex  1.50266 -12.4015  6.88353
  endloop
 endfacet
 facet normal -0.173981 0.830938 -0.528462
  outer loop
   vertex 0.623842 -4.31544  19.9483
   vertex  1.15979 -4.20323  19.9483
   vertex  2.99208 -12.1286  6.88353
  endloop
 endfacet
 facet normal -0.27673 0.802512 -0.528578
  outer loop
   vertex  1.15979 -4.20323  19.9483
   vertex  1.67745 -4.02472  19.9483
   vertex  4.43775 -11.6781  6.88353
  endloop
 endfacet
 facet normal -0.375092 0.761424 -0.528715
  outer loop
   vertex  1.67745 -4.02472  19.9483
   vertex  2.16865 -3.78275  19.9483
   vertex  5.81857 -11.0566  6.88353
  endloop
 endfacet
 facet normal -0.467512 0.708327 -0.528872
  outer loop
   vertex  2.16865 -3.78275  19.9483
   vertex  2.62566 -3.48112  19.9483
   vertex  7.11442 -10.2733  6.88353
  endloop
 endfacet
 facet normal -0.552531 0.644064 -0.529047
  outer loop
   vertex  2.62566 -3.48112  19.9483
   vertex  3.04125 -3.12458  19.9483
   vertex   8.3064  -9.3394  6.88354
  endloop
 endfacet
 facet normal -0.628808 0.569655 -0.529239
  outer loop
   vertex  3.04125 -3.12458  19.9483
   vertex  3.40889 -2.71878  19.9483
   vertex  9.37712 -8.26868  6.88354
  endloop
 endfacet
 facet normal -0.695141 0.486278 -0.529445
  outer loop
   vertex  3.40889 -2.71878  19.9483
   vertex  3.72276 -2.27009  19.9483
   vertex   10.311  -7.0767  6.88354
  endloop
 endfacet
 facet normal -0.750487 0.395256 -0.529662
  outer loop
   vertex  3.72276 -2.27009  19.9483
   vertex  3.97792  -1.7856  19.9483
   vertex  11.0943 -5.78085  6.88354
  endloop
 endfacet
 facet normal -0.793976  0.29803 -0.529887
  outer loop
   vertex  3.97792  -1.7856  19.9483
   vertex  4.17035 -1.27296  19.9483
   vertex  11.7158 -4.40003  6.88354
  endloop
 endfacet
 facet normal -0.824929 0.196135 -0.530116
  outer loop
   vertex  4.17035 -1.27296  19.9483
   vertex  4.29701 -0.740237  19.9483
   vertex  12.1663 -2.95436  6.88354
  endloop
 endfacet
 facet normal -0.842863 0.0911818 -0.530346
  outer loop
   vertex  4.29701 -0.740237  19.9483
   vertex   4.3559 -0.195842  19.9483
   vertex  12.4392 -1.46493  6.88354
  endloop
 endfacet
 facet normal -0.847504 -0.015174 -0.530572
  outer loop
   vertex   4.3559 -0.195842  19.9483
   vertex   4.3461 0.351642  19.9483
   vertex  12.5307 0.0465323  6.88354
  endloop
 endfacet
 facet normal -0.834341 -0.152899 -0.52962
  outer loop
   vertex  4.26776  0.89358  19.9483
   vertex  12.1663  3.04742  6.88354
   vertex  12.4392    1.558  6.88354
  endloop
 endfacet
 facet normal -0.809652 -0.252298 -0.529914
  outer loop
   vertex  4.12211  1.42143  19.9483
   vertex  11.7158  4.49309  6.88354
   vertex  12.1663  3.04742  6.88354
  endloop
 endfacet
 facet normal -0.77317 -0.347975 -0.530209
  outer loop
   vertex  3.91146  1.92685  19.9483
   vertex  11.0943  5.87391  6.88354
   vertex  11.7158  4.49309  6.88354
  endloop
 endfacet
 facet normal -0.725432 -0.43854 -0.530501
  outer loop
   vertex  3.63911   2.4019  19.9483
   vertex   10.311  7.16976  6.88354
   vertex  11.0943  5.87391  6.88354
  endloop
 endfacet
 facet normal -0.667143 -0.522673 -0.530786
  outer loop
   vertex  3.30938  2.83906  19.9483
   vertex  9.37712  8.36174  6.88354
   vertex   10.311  7.16976  6.88354
  endloop
 endfacet
 facet normal -0.599156 -0.599155 -0.53106
  outer loop
   vertex  2.92746  3.23145  19.9483
   vertex   8.3064  9.43246  6.88354
   vertex  9.37712  8.36174  6.88354
  endloop
 endfacet
 facet normal -0.522466 -0.666878 -0.531322
  outer loop
   vertex  2.49936  3.57287  19.9483
   vertex  7.11442  10.3663  6.88354
   vertex   8.3064  9.43246  6.88354
  endloop
 endfacet
 facet normal -0.438194 -0.724861 -0.531567
  outer loop
   vertex  2.03186  3.85795  19.9483
   vertex  5.81857  11.1497  6.88354
   vertex  7.11442  10.3663  6.88354
  endloop
 endfacet
 facet normal -0.347575 -0.77228 -0.531767
  outer loop
   vertex  5.81857  11.1497  6.88354
   vertex  2.03186  3.85795  19.9483
   vertex  4.43775  11.7711  6.88354
  endloop
 endfacet
 facet normal -0.247179 -0.809785 -0.532119
  outer loop
   vertex  1.53231  4.08219  19.9483
   vertex  1.00859  4.24205  19.9483
   vertex  2.99208  12.2216  6.88354
  endloop
 endfacet
 facet normal -0.143709 -0.834219 -0.532379
  outer loop
   vertex  1.00859  4.24205  19.9483
   vertex 0.468965  4.33501  19.9483
   vertex  1.50266  12.4946  6.88354
  endloop
 endfacet
 facet normal -0.0380158 -0.845518 -0.532592
  outer loop
   vertex 0.468965  4.33501  19.9483
   vertex -0.0780537  4.35961  19.9483
   vertex -0.00881144   12.586  6.88354
  endloop
 endfacet
 facet normal 0.0682495 -0.843511 -0.532758
  outer loop
   vertex -0.0780537  4.35961  19.9483
   vertex -0.623842  4.31544  19.9483
   vertex -1.52028  12.4946  6.88354
  endloop
 endfacet
 facet normal 0.173415 -0.828234 -0.532876
  outer loop
   vertex -0.623842  4.31544  19.9483
   vertex -1.15979  4.20323  19.9483
   vertex  -3.0097  12.2216  6.88354
  endloop
 endfacet
 facet normal 0.275838 -0.799926 -0.532946
  outer loop
   vertex -1.15979  4.20323  19.9483
   vertex -1.67745  4.02472  19.9483
   vertex -4.45537  11.7711  6.88354
  endloop
 endfacet
 facet normal 0.373914 -0.759035 -0.532967
  outer loop
   vertex -1.67745  4.02472  19.9483
   vertex -2.16865  3.78275  19.9483
   vertex  -5.8362  11.1497  6.88354
  endloop
 endfacet
 facet normal 0.466107 -0.706199 -0.532942
  outer loop
   vertex -2.16865  3.78275  19.9483
   vertex -2.62566  3.48112  19.9483
   vertex -7.13205  10.3663  6.88354
  endloop
 endfacet
 facet normal 0.550971 -0.642245 -0.532872
  outer loop
   vertex -2.62566  3.48112  19.9483
   vertex -3.04125  3.12458  19.9483
   vertex -8.32402  9.43246  6.88354
  endloop
 endfacet
 facet normal 0.627174 -0.568174 -0.532757
  outer loop
   vertex -3.04125  3.12458  19.9483
   vertex -3.40889  2.71878  19.9483
   vertex -9.39474  8.36174  6.88354
  endloop
 endfacet
 facet normal  0.69352 -0.485144 -0.532602
  outer loop
   vertex -3.40889  2.71878  19.9483
   vertex -3.72276  2.27009  19.9483
   vertex -10.3286  7.16976  6.88354
  endloop
 endfacet
 facet normal 0.748964 -0.394454 -0.532408
  outer loop
   vertex -3.72276  2.27009  19.9483
   vertex -3.97792   1.7856  19.9483
   vertex  -11.112  5.87391  6.88354
  endloop
 endfacet
 facet normal 0.792632 -0.297525 -0.532178
  outer loop
   vertex -3.97792   1.7856  19.9483
   vertex -4.17035  1.27296  19.9483
   vertex -11.7334  4.49309  6.88354
  endloop
 endfacet
 facet normal 0.823831 -0.195873 -0.531917
  outer loop
   vertex -4.17035  1.27296  19.9483
   vertex -4.29701 0.740237  19.9483
   vertex -12.1839  3.04742  6.88354
  endloop
 endfacet
 facet normal 0.842065 -0.0910954 -0.531628
  outer loop
   vertex -4.29701 0.740237  19.9483
   vertex  -4.3559 0.195842  19.9483
   vertex -12.4569    1.558  6.88354
  endloop
 endfacet
 facet normal 0.847038 0.0151657 -0.531315
  outer loop
   vertex  -4.3559 0.195842  19.9483
   vertex  -4.3461 -0.351642  19.9483
   vertex -12.5483 0.0465323  6.88354
  endloop
 endfacet
 facet normal 0.834325 0.152895 -0.529647
  outer loop
   vertex -4.26776 -0.89358  19.9483
   vertex -12.1839 -2.95436  6.88354
   vertex -12.4569 -1.46493  6.88354
  endloop
 endfacet
 facet normal 0.809954 0.252393 -0.529407
  outer loop
   vertex -4.12211 -1.42143  19.9483
   vertex -11.7334 -4.40003  6.88354
   vertex -12.1839 -2.95436  6.88354
  endloop
 endfacet
 facet normal 0.773758 0.348241 -0.529176
  outer loop
   vertex -3.91145 -1.92685  19.9483
   vertex  -11.112 -5.78085  6.88354
   vertex -11.7334 -4.40003  6.88354
  endloop
 endfacet
 facet normal 0.726258 0.439038 -0.528956
  outer loop
   vertex -3.63911  -2.4019  19.9483
   vertex -10.3286  -7.0767  6.88354
   vertex  -11.112 -5.78085  6.88354
  endloop
 endfacet
 facet normal 0.668142 0.523456 -0.528753
  outer loop
   vertex -3.30938 -2.83906  19.9483
   vertex -9.39474 -8.26868  6.88354
   vertex -10.3286  -7.0767  6.88354
  endloop
 endfacet
 facet normal 0.600256 0.600256 -0.52857
  outer loop
   vertex -2.92746 -3.23145  19.9483
   vertex -8.32402  -9.3394  6.88354
   vertex -9.39474 -8.26868  6.88354
  endloop
 endfacet
 facet normal -0.346801 -0.772594 -0.531815
  outer loop
   vertex  2.03186  3.85795  19.9483
   vertex  1.53231  4.08219  19.9483
   vertex  4.43775  11.7711  6.88354
  endloop
 endfacet
 facet normal        0        0        1
  outer loop
   vertex   1.5323  4.08219  47.8253
   vertex  2.16773  5.05113  47.8253
   vertex   1.5989  5.25894  47.8253
  endloop
 endfacet
 facet normal        0        0       -1
  outer loop
   vertex -6.52733  1.17902  29.3802
   vertex -5.37302  1.15916  29.3802
   vertex -5.46792 0.561053  29.3802
  endloop
 endfacet
 facet normal        0        0       -1
  outer loop
   vertex -6.27933 -2.13686  35.5286
   vertex -6.46329 -1.49062  35.5286
   vertex -5.35383 -1.24478  35.5286
  endloop
 endfacet
 facet normal -0.40688 -0.579761 0.705922
  outer loop
   vertex -9.61263 -11.3782  11.8657
   vertex -7.53266 -12.8379  11.8657
   vertex  -3.7534 -5.64871  19.9483
  endloop
 endfacet
 facet normal -0.420016 -0.56845 0.707426
  outer loop
   vertex  -3.7534 -5.64871  19.9483
   vertex -4.29718 -5.24692  19.9483
   vertex -9.61263 -11.3782  11.8657
  endloop
 endfacet
 facet normal        0        0       -1
  outer loop
   vertex  5.35166  3.91866  29.3802
   vertex  4.49187  3.16798  29.3802
   vertex   4.1161  3.64289  29.3802
  endloop
 endfacet
 facet normal -0.639959 -0.297991 0.708275
  outer loop
   vertex -12.9897 -7.36127  11.8657
   vertex -5.99783 -3.16574  19.9483
   vertex -6.28323 -2.55281  19.9483
  endloop
 endfacet
 facet normal 0.716597 0.697487 2.45149e-08
  outer loop
   vertex -3.30938 -2.83906  19.9483
   vertex -3.30938 -2.83906  47.8253
   vertex -2.92746 -3.23145  47.8253
  endloop
 endfacet
 facet normal 0.467755 0.883858       -0
  outer loop
   vertex  2.86958  6.14503  19.9483
   vertex  2.86958  6.14503  22.4253
   vertex  3.46717  5.82877  22.4253
  endloop
 endfacet
 facet normal 0.613261 -0.78988        0
  outer loop
   vertex  4.42101 -5.14301  19.9483
   vertex  4.42101 -5.14301  22.4253
   vertex  3.88696 -5.55764  22.4253
  endloop
 endfacet
 facet normal 0.0349349 -0.982562 0.182622
  outer loop
   vertex 0.497613 -5.47406  29.3802
   vertex -0.107599 -5.49558  29.3802
   vertex 0.0808266 -6.78154  22.4253
  endloop
 endfacet
 facet normal -0.895246 0.445573        0
  outer loop
   vertex -6.21466  2.71549  19.9483
   vertex -6.21466  2.71549  22.4253
   vertex  -5.9134  3.32077  22.4253
  endloop
 endfacet
 facet normal        0        0       -1
  outer loop
   vertex  5.72065  3.35714   41.677
   vertex  4.81311  2.65461   41.677
   vertex  4.49187  3.16798   41.677
  endloop
 endfacet
 facet normal -0.981508 0.0618005  0.18117
  outer loop
   vertex -5.46792 0.561053  29.3802
   vertex -6.73896 0.763044  22.4253
   vertex -6.78145 0.0882677  22.4253
  endloop
 endfacet
 facet normal        0        0       -1
  outer loop
   vertex -6.15638  2.46883  29.3802
   vertex -4.98948  2.30608  29.3802
   vertex -5.21289   1.7432  29.3802
  endloop
 endfacet
 facet normal        0        0       -1
  outer loop
   vertex  -3.3726 -5.71154  35.5286
   vertex -2.96955 -4.62544  35.5286
   vertex -2.44269 -4.92404  35.5286
  endloop
 endfacet
 facet normal        0        0       -1
  outer loop
   vertex -4.18469  5.14631  35.5286
   vertex -3.64257  5.54327  35.5286
   vertex   -3.043  4.57746  35.5286
  endloop
 endfacet
 facet normal 0.980839 0.0733601  0.18048
  outer loop
   vertex  5.48569  0.34659  47.8253
   vertex  6.63105 0.159059   41.677
   vertex  6.58094 0.829096   41.677
  endloop
 endfacet
 facet normal 0.444591 -0.895734        0
  outer loop
   vertex  3.31428 -5.91704  19.9483
   vertex  3.31428 -5.91704  22.4253
   vertex  2.70867 -6.21764  22.4253
  endloop
 endfacet
 facet normal 0.283347 0.959017       -0
  outer loop
   vertex  1.59507  6.59178  19.9483
   vertex  1.59507  6.59178  22.4253
   vertex  2.24347  6.40021  22.4253
  endloop
 endfacet
 facet normal        0        0        1
  outer loop
   vertex -2.16866  3.78275  47.8253
   vertex -2.52098  4.88443  47.8253
   vertex   -3.043  4.57746  47.8253
  endloop
 endfacet
 facet normal -0.0890111 0.979169 0.182495
  outer loop
   vertex -0.798411  5.43834  29.3802
   vertex -0.195303  5.49316  29.3802
   vertex -0.418757  6.76908  22.4253
  endloop
 endfacet
 facet normal -0.387739 -0.903489 0.182666
  outer loop
   vertex -1.88618 -5.16288  47.8253
   vertex -2.44269 -4.92404  47.8253
   vertex -2.77747 -6.02344   41.677
  endloop
 endfacet
 facet normal 0.631034 -0.75388 0.182927
  outer loop
   vertex  3.75492 -4.01416  47.8253
   vertex  3.29054 -4.40287  47.8253
   vertex  4.18469 -5.14631   41.677
  endloop
 endfacet
 facet normal 0.699325 0.691263 0.181935
  outer loop
   vertex  3.69037  4.07359   41.677
   vertex   4.1161  3.64289   41.677
   vertex  4.92776  4.43997  35.5286
  endloop
 endfacet
 facet normal 0.926454 0.376409       -0
  outer loop
   vertex  6.14817  2.86283  19.9483
   vertex  6.14817  2.86283  22.4253
   vertex  6.40267  2.23645  22.4253
  endloop
 endfacet
 facet normal 0.377424  0.92604       -0
  outer loop
   vertex  2.24347  6.40021  19.9483
   vertex  2.24347  6.40021  22.4253
   vertex  2.86958  6.14503  22.4253
  endloop
 endfacet
 facet normal -0.981296 -0.0620003 0.182246
  outer loop
   vertex -5.45827 -0.648258   41.677
   vertex -5.49646 -0.0438689   41.677
   vertex -6.63105 -0.159059  35.5286
  endloop
 endfacet
 facet normal -0.804923 -0.593379        0
  outer loop
   vertex -5.25163 -4.29142  19.9483
   vertex -5.25163 -4.29142  22.4253
   vertex -5.65282  -3.7472  22.4253
  endloop
 endfacet
 facet normal        0        0       -1
  outer loop
   vertex -4.45329 -4.91573  29.3802
   vertex -4.92776 -4.43997  29.3802
   vertex -3.90917 -3.86411  29.3802
  endloop
 endfacet
 facet normal       -0        0        1
  outer loop
   vertex 0.468964  4.33501  47.8253
   vertex  1.00859  4.24205  47.8253
   vertex  1.01067  5.40292  47.8253
  endloop
 endfacet
 facet normal -0.511229 -0.859444        0
  outer loop
   vertex -3.17232 -5.99435  19.9483
   vertex -3.17232 -5.99435  22.4253
   vertex  -3.7534 -5.64871  22.4253
  endloop
 endfacet
 facet normal -0.301025  0.93614 0.181729
  outer loop
   vertex -1.75172   6.5519  22.4253
   vertex -2.39538  6.34492  22.4253
   vertex -1.96835  5.13211  29.3802
  endloop
 endfacet
 facet normal 0.680448 0.184409 0.709214
  outer loop
   vertex  14.6996  2.76212  11.8657
   vertex  14.0349   5.2151  11.8657
   vertex  6.59353  1.58783  19.9483
  endloop
 endfacet
 facet normal    0.675 0.198628 0.710579
  outer loop
   vertex  14.0349   5.2151  11.8657
   vertex  14.0192  5.26833  11.8657
   vertex  6.40267  2.23645  19.9483
  endloop
 endfacet
 facet normal        0        0       -1
  outer loop
   vertex -5.13497   4.1986   41.677
   vertex -4.68386  4.69655   41.677
   vertex -3.97035  3.80122   41.677
  endloop
 endfacet
 facet normal 0.975472 -0.125576 0.180789
  outer loop
   vertex  5.42871 -0.861417  35.5286
   vertex  6.52733 -1.17902  29.3802
   vertex  6.61312 -0.512609  29.3802
  endloop
 endfacet
 facet normal 0.456539 0.871122 0.180883
  outer loop
   vertex  2.71024  4.78201   41.677
   vertex   3.3726  5.71154  35.5286
   vertex  2.77747  6.02344  35.5286
  endloop
 endfacet
 facet normal -0.860006 -0.510285        0
  outer loop
   vertex -5.65282  -3.7472  19.9483
   vertex -5.65282  -3.7472  22.4253
   vertex -5.99783 -3.16574  22.4253
  endloop
 endfacet
 facet normal 0.774346 0.632763       -0
  outer loop
   vertex  5.03119  4.54785  19.9483
   vertex  5.03119  4.54785  22.4253
   vertex  5.45901  4.02431  22.4253
  endloop
 endfacet
 facet normal -0.423115 -0.906076        0
  outer loop
   vertex -2.55971 -6.28043  19.9483
   vertex -2.55971 -6.28043  22.4253
   vertex -3.17232 -5.99435  22.4253
  endloop
 endfacet
 facet normal        0        0       -1
  outer loop
   vertex  6.27933  2.13686   41.677
   vertex  5.27713  1.53782   41.677
   vertex  5.07592  2.10901   41.677
  endloop
 endfacet
 facet normal 0.291943 0.956436 7.49054e-09
  outer loop
   vertex  -1.5323 -4.08219  19.9483
   vertex -1.53231 -4.08219  47.8253
   vertex -1.00859 -4.24205  47.8253
  endloop
 endfacet
 facet normal       -0        0       -1
  outer loop
   vertex  2.45216 -6.16304  29.3802
   vertex  1.81607  -6.3795  29.3802
   vertex  1.68264 -5.23275  29.3802
  endloop
 endfacet
 facet normal 0.936217 -0.351422 3.20281e-08
  outer loop
   vertex -3.97792   1.7856  19.9483
   vertex -3.97792   1.7856  47.8253
   vertex -4.17035  1.27296  47.8253
  endloop
 endfacet
 facet normal        0        0       -1
  outer loop
   vertex -4.92776 -4.43997   41.677
   vertex -5.35166 -3.91866   41.677
   vertex -4.31053 -3.41061   41.677
  endloop
 endfacet
 facet normal -0.484757 -0.855319 0.182868
  outer loop
   vertex -2.44269 -4.92404  47.8253
   vertex -2.96955 -4.62544  47.8253
   vertex  -3.3726 -5.71154   41.677
  endloop
 endfacet
 facet normal 0.531567 -0.847016        0
  outer loop
   vertex  3.88696 -5.55764  19.9483
   vertex  3.88696 -5.55764  22.4253
   vertex  3.31428 -5.91704  22.4253
  endloop
 endfacet
 facet normal -0.972207 -0.234125        0
  outer loop
   vertex -6.50619 -1.91452  19.9483
   vertex -6.50619 -1.91452  22.4253
   vertex -6.66448  -1.2572  22.4253
  endloop
 endfacet
 facet normal        0        0       -1
  outer loop
   vertex -5.72065 -3.35714  29.3802
   vertex -6.03093 -2.76116  29.3802
   vertex -4.95204 -2.38543  29.3802
  endloop
 endfacet
 facet normal  0.97288 -0.231311 3.32823e-08
  outer loop
   vertex -4.17035  1.27296  19.9483
   vertex -4.17035  1.27296  47.8253
   vertex -4.29701 0.740237  47.8253
  endloop
 endfacet
 facet normal -0.488686  0.87246        0
  outer loop
   vertex  -3.6051  5.74448  19.9483
   vertex  -3.6051  5.74448  22.4253
   vertex -3.01522  6.07489  22.4253
  endloop
 endfacet
 facet normal 0.923038 0.384709 3.15772e-08
  outer loop
   vertex -4.12211 -1.42143  19.9483
   vertex -4.12211 -1.42143  47.8253
   vertex -3.91146 -1.92685  47.8253
  endloop
 endfacet
 facet normal        0        0        1
  outer loop
   vertex  2.49936  3.57287  47.8253
   vertex  3.21985  4.45483  47.8253
   vertex  2.71024  4.78201  47.8253
  endloop
 endfacet
 facet normal -0.763127 -0.62053 0.180499
  outer loop
   vertex -4.31053 -3.41061  35.5286
   vertex -5.35166 -3.91866  29.3802
   vertex -4.92776 -4.43997  29.3802
  endloop
 endfacet
 facet normal 0.366081 0.912876 0.180668
  outer loop
   vertex  2.16773  5.05113   41.677
   vertex  2.77747  6.02344  35.5286
   vertex  2.15384  6.27353  35.5286
  endloop
 endfacet
 facet normal        0        0       -1
  outer loop
   vertex  3.64257 -5.54327  35.5286
   vertex  2.78622 -4.73814  35.5286
   vertex  3.29054 -4.40287  35.5286
  endloop
 endfacet
 facet normal        0        0       -1
  outer loop
   vertex  6.37456 -1.83333   41.677
   vertex  6.15638 -2.46883   41.677
   vertex  5.10894 -2.02772   41.677
  endloop
 endfacet
 facet normal 0.542297 0.820423 0.181165
  outer loop
   vertex  3.21985  4.45483   41.677
   vertex  3.93313  5.34104  35.5286
   vertex   3.3726  5.71154  35.5286
  endloop
 endfacet
 facet normal        0       -0       -1
  outer loop
   vertex  6.58094 0.829096  29.3802
   vertex  6.63105 0.159059  29.3802
   vertex  5.48569  0.34659  29.3802
  endloop
 endfacet
 facet normal        0        0       -1
  outer loop
   vertex  2.15384  6.27353  29.3802
   vertex  2.77747  6.02344  29.3802
   vertex  2.16773  5.05113  29.3802
  endloop
 endfacet
 facet normal -0.741105 0.671389 -3.16916e-08
  outer loop
   vertex  3.04125 -3.12458  19.9483
   vertex  3.04125 -3.12458  47.8253
   vertex  3.40889 -2.71878  47.8253
  endloop
 endfacet
 facet normal -0.0759967 -0.980433 0.181592
  outer loop
   vertex -0.711505 -5.45039  47.8253
   vertex -0.846901 -6.57867   41.677
   vertex -0.177002  -6.6306   41.677
  endloop
 endfacet
 facet normal 0.892995 -0.411769 0.181673
  outer loop
   vertex  5.87503 -3.07899  35.5286
   vertex  6.15638 -2.46883  35.5286
   vertex  5.10894 -2.02772   41.677
  endloop
 endfacet
 facet normal -0.399388 0.916782        0
  outer loop
   vertex -3.01522  6.07489  19.9483
   vertex -3.01522  6.07489  22.4253
   vertex -2.39538  6.34492  22.4253
  endloop
 endfacet
 facet normal        0        0       -1
  outer loop
   vertex   0.8469  6.57867  35.5286
   vertex  1.50811  6.45924  35.5286
   vertex  1.01067  5.40292  35.5286
  endloop
 endfacet
 facet normal  -0.7289 0.660331 0.180746
  outer loop
   vertex -3.97035  3.80122  47.8253
   vertex -4.68386  4.69655   41.677
   vertex -5.13497   4.1986   41.677
  endloop
 endfacet
 facet normal -0.137248 -0.990537        0
  outer loop
   vertex -0.594799 -6.75589  19.9483
   vertex -0.594799 -6.75589  22.4253
   vertex -1.26451  -6.6631  22.4253
  endloop
 endfacet
 facet normal -0.169767 -0.985484 -3.62983e-09
  outer loop
   vertex 0.468965  4.33501  19.9483
   vertex  1.00859  4.24205  19.9483
   vertex  1.00859  4.24205  47.8253
  endloop
 endfacet
 facet normal -0.651871  0.75833        0
  outer loop
   vertex -4.67187  4.91625  19.9483
   vertex -4.67187  4.91625  22.4253
   vertex -4.15915  5.35699  22.4253
  endloop
 endfacet
 facet normal        0        0        1
  outer loop
   vertex -3.30938 -2.83906  47.8253
   vertex -4.31053 -3.41061  47.8253
   vertex -3.90917 -3.86411  47.8253
  endloop
 endfacet
 facet normal        0        0       -1
  outer loop
   vertex  6.27933  2.13686  35.5286
   vertex  5.27713  1.53782  35.5286
   vertex  5.07592  2.10901  35.5286
  endloop
 endfacet
 facet normal       -0        0       -1
  outer loop
   vertex  3.06308 -5.88334  35.5286
   vertex  2.45216 -6.16304  35.5286
   vertex  2.24808 -5.01589  35.5286
  endloop
 endfacet
 facet normal 0.798366 0.602173 2.73121e-08
  outer loop
   vertex -3.63911  -2.4019  19.9483
   vertex -3.63911  -2.4019  47.8253
   vertex -3.30938 -2.83906  47.8253
  endloop
 endfacet
 facet normal -0.651116 0.758979 -1.6706e-08
  outer loop
   vertex  2.62566 -3.48112  19.9483
   vertex  2.62566 -3.48112  47.8253
   vertex  3.04125 -3.12458  47.8253
  endloop
 endfacet
 facet normal       -0        0       -1
  outer loop
   vertex  1.81607  -6.3795  35.5286
   vertex  1.16135  -6.5305  35.5286
   vertex  1.09678 -5.38609  35.5286
  endloop
 endfacet
 facet normal 0.0806477 -0.996743 2.17699e-09
  outer loop
   vertex -0.0780537  4.35961  19.9483
   vertex -0.0780545  4.35961  47.8253
   vertex -0.623842  4.31544  47.8253
  endloop
 endfacet
 facet normal        0        0       -1
  outer loop
   vertex  6.61312 -0.512609   41.677
   vertex  6.52733 -1.17902   41.677
   vertex  5.42871 -0.861417   41.677
  endloop
 endfacet
 facet normal        0        0       -1
  outer loop
   vertex -5.72065 -3.35714  35.5286
   vertex -6.03093 -2.76116  35.5286
   vertex -4.95204 -2.38543  35.5286
  endloop
 endfacet
 facet normal        0        0       -1
  outer loop
   vertex -5.72065 -3.35714   41.677
   vertex -6.03093 -2.76116   41.677
   vertex -4.95204 -2.38543   41.677
  endloop
 endfacet
 facet normal -0.982102 0.0463262 0.182562
  outer loop
   vertex -5.49646 -0.0438689  47.8253
   vertex -5.46792 0.561053  47.8253
   vertex -6.61312 0.512609   41.677
  endloop
 endfacet
 facet normal -0.821968 -0.54013 0.180633
  outer loop
   vertex -4.65956 -2.91572   41.677
   vertex -5.72065 -3.35714  35.5286
   vertex -5.35166 -3.91866  35.5286
  endloop
 endfacet
 facet normal 0.892996 -0.411769 0.181673
  outer loop
   vertex  5.87503 -3.07899  29.3802
   vertex  6.15638 -2.46883  29.3802
   vertex  5.10894 -2.02772  35.5286
  endloop
 endfacet
 facet normal 0.867542 0.497363 2.96787e-08
  outer loop
   vertex -3.91145 -1.92685  19.9483
   vertex -3.91146 -1.92685  47.8253
   vertex -3.63911  -2.4019  47.8253
  endloop
 endfacet
 facet normal 0.996242 0.0866085       -0
  outer loop
   vertex  6.71886 0.923441  19.9483
   vertex  6.71886 0.923441  22.4253
   vertex  6.77742 0.249869  22.4253
  endloop
 endfacet
 facet normal 0.780682 -0.597684 0.182506
  outer loop
   vertex  4.54186 -3.09587  47.8253
   vertex  4.17372 -3.57673  47.8253
   vertex  5.13497  -4.1986   41.677
  endloop
 endfacet
 facet normal 0.999915 -0.0130156        0
  outer loop
   vertex  6.77742 0.249869  19.9483
   vertex  6.77742 0.249869  22.4253
   vertex  6.76862 -0.426185  22.4253
  endloop
 endfacet
 facet normal -0.0806477 0.996743 -2.13389e-09
  outer loop
   vertex 0.0780538 -4.35961  19.9483
   vertex 0.078053 -4.35961  47.8253
   vertex 0.623841 -4.31544  47.8253
  endloop
 endfacet
 facet normal        0        0       -1
  outer loop
   vertex  6.61312 -0.512609  35.5286
   vertex  6.52733 -1.17902  35.5286
   vertex  5.42871 -0.861417  35.5286
  endloop
 endfacet
 facet normal 0.409514 0.912304 1.05071e-08
  outer loop
   vertex -2.03186 -3.85795  19.9483
   vertex -2.03186 -3.85795  47.8253
   vertex -1.53231 -4.08219  47.8253
  endloop
 endfacet
 facet normal -0.867542 -0.497363 -4.4518e-08
  outer loop
   vertex  3.91146  1.92685  19.9483
   vertex  3.91145  1.92685  47.8253
   vertex  3.63911   2.4019  47.8253
  endloop
 endfacet
 facet normal 0.957717 -0.223609 0.181045
  outer loop
   vertex    5.301 -1.45339  35.5286
   vertex  6.37456 -1.83333  29.3802
   vertex  6.52733 -1.17902  29.3802
  endloop
 endfacet
 facet normal -0.300984 0.936014 0.182446
  outer loop
   vertex -1.96835  5.13211   41.677
   vertex -1.39183   5.3175   41.677
   vertex -1.81607   6.3795  35.5286
  endloop
 endfacet
 facet normal -0.0449161 -0.998991 -1.20046e-09
  outer loop
   vertex 0.468965  4.33501  19.9483
   vertex 0.468964  4.33501  47.8253
   vertex -0.0780545  4.35961  47.8253
  endloop
 endfacet
 facet normal        0        0       -1
  outer loop
   vertex -4.45329 -4.91573  35.5286
   vertex -4.92776 -4.43997  35.5286
   vertex -3.90917 -3.86411  35.5286
  endloop
 endfacet
 facet normal        0        0        1
  outer loop
   vertex  1.15979 -4.20323  47.8253
   vertex 0.623841 -4.31544  47.8253
   vertex  1.09678 -5.38609  47.8253
  endloop
 endfacet
 facet normal        0       -0       -1
  outer loop
   vertex 0.177002   6.6306  35.5286
   vertex 0.410175  5.48131  35.5286
   vertex -0.195303  5.49316  35.5286
  endloop
 endfacet
 facet normal -0.696442 -0.69456 0.180432
  outer loop
   vertex -3.90917 -3.86411   41.677
   vertex -4.92776 -4.43997  35.5286
   vertex -4.45329 -4.91573  35.5286
  endloop
 endfacet
 facet normal 0.456538 0.871122 0.180883
  outer loop
   vertex  2.71024  4.78201  35.5286
   vertex   3.3726  5.71154  29.3802
   vertex  2.77747  6.02344  29.3802
  endloop
 endfacet
 facet normal 0.0449161 0.998991 1.15244e-09
  outer loop
   vertex -0.468965 -4.33501  19.9483
   vertex -0.468966 -4.33501  47.8253
   vertex 0.078053 -4.35961  47.8253
  endloop
 endfacet
 facet normal       -0        0       -1
  outer loop
   vertex  1.16135  -6.5305  35.5286
   vertex 0.494712 -6.61448  35.5286
   vertex 0.497613 -5.47406  35.5286
  endloop
 endfacet
 facet normal        0        0       -1
  outer loop
   vertex  4.18469 -5.14631  29.3802
   vertex  3.29054 -4.40287  29.3802
   vertex  3.75492 -4.01416  29.3802
  endloop
 endfacet
 facet normal -0.819409 0.573209 -3.50401e-08
  outer loop
   vertex  3.40889 -2.71878  19.9483
   vertex  3.40889 -2.71878  47.8253
   vertex  3.72276 -2.27009  47.8253
  endloop
 endfacet
 facet normal        0        0       -1
  outer loop
   vertex -2.15384 -6.27353  29.3802
   vertex -1.88618 -5.16288  29.3802
   vertex -1.30677 -5.33904  29.3802
  endloop
 endfacet
 facet normal -0.660209 -0.728766 0.181729
  outer loop
   vertex -4.79825 -4.79298  22.4253
   vertex -4.29718 -5.24692  22.4253
   vertex -3.46036 -4.27069  29.3802
  endloop
 endfacet
 facet normal 0.160817 -0.986984        0
  outer loop
   vertex  1.42296 -6.63107  19.9483
   vertex  1.42296 -6.63107  22.4253
   vertex 0.755649  -6.7398  22.4253
  endloop
 endfacet
 facet normal 0.884371 0.466784       -0
  outer loop
   vertex  5.83258  3.46077  19.9483
   vertex  5.83258  3.46077  22.4253
   vertex  6.14817  2.86283  22.4253
  endloop
 endfacet
 facet normal        0        0       -1
  outer loop
   vertex -5.53339  3.65756  35.5286
   vertex -5.13497   4.1986  35.5286
   vertex -4.36442  3.34137  35.5286
  endloop
 endfacet
 facet normal        0        0       -1
  outer loop
   vertex -3.93313 -5.34104  29.3802
   vertex -3.46036 -4.27069  29.3802
   vertex -2.96955 -4.62544  29.3802
  endloop
 endfacet
 facet normal        0        0       -1
  outer loop
   vertex -4.18469  5.14631   41.677
   vertex -3.64257  5.54327   41.677
   vertex   -3.043  4.57746   41.677
  endloop
 endfacet
 facet normal        0       -0       -1
  outer loop
   vertex  6.58094 0.829096   41.677
   vertex  6.63105 0.159059   41.677
   vertex  5.48569  0.34659   41.677
  endloop
 endfacet
 facet normal -0.180801 -0.96653 0.182018
  outer loop
   vertex -0.711505 -5.45039  35.5286
   vertex -1.30677 -5.33904  35.5286
   vertex -1.50811 -6.45924  29.3802
  endloop
 endfacet
 facet normal        0        0       -1
  outer loop
   vertex  5.53339 -3.65756  35.5286
   vertex  4.54186 -3.09587  35.5286
   vertex  4.85487 -2.57744  35.5286
  endloop
 endfacet
 facet normal        0        0       -1
  outer loop
   vertex -6.15638  2.46883   41.677
   vertex -4.98948  2.30608   41.677
   vertex -5.21289   1.7432   41.677
  endloop
 endfacet
 facet normal        0        0       -1
  outer loop
   vertex  3.64257 -5.54327  29.3802
   vertex  2.78622 -4.73814  29.3802
   vertex  3.29054 -4.40287  29.3802
  endloop
 endfacet
 facet normal        0        0       -1
  outer loop
   vertex -6.37456  1.83333   41.677
   vertex -5.21289   1.7432   41.677
   vertex -5.37302  1.15916   41.677
  endloop
 endfacet
 facet normal -0.196178 0.963395 0.182713
  outer loop
   vertex -1.39183   5.3175  47.8253
   vertex -0.798412  5.43834  47.8253
   vertex -1.16135   6.5305   41.677
  endloop
 endfacet
 facet normal        0        0       -1
  outer loop
   vertex  5.10894 -2.02772  35.5286
   vertex  6.15638 -2.46883  35.5286
   vertex  5.87503 -3.07899  35.5286
  endloop
 endfacet
 facet normal        0       -0       -1
  outer loop
   vertex -0.494712  6.61448  29.3802
   vertex -0.195303  5.49316  29.3802
   vertex -0.798411  5.43834  29.3802
  endloop
 endfacet
 facet normal 0.174834 0.967923 0.180439
  outer loop
   vertex  1.01067  5.40292  47.8253
   vertex  1.50811  6.45924   41.677
   vertex   0.8469  6.57867   41.677
  endloop
 endfacet
 facet normal 0.707494 0.706719       -0
  outer loop
   vertex  4.55337   5.0262  19.9483
   vertex  4.55337   5.0262  22.4253
   vertex  5.03119  4.54785  22.4253
  endloop
 endfacet
 facet normal -0.91379 -0.363579 0.181103
  outer loop
   vertex  -5.1844 -1.82619  47.8253
   vertex -6.27933 -2.13686   41.677
   vertex -6.03093 -2.76116   41.677
  endloop
 endfacet
 facet normal       -0        0        1
  outer loop
   vertex -0.0780545  4.35961  47.8253
   vertex 0.468964  4.33501  47.8253
   vertex 0.410174  5.48131  47.8253
  endloop
 endfacet
 facet normal        0        0       -1
  outer loop
   vertex  3.64257 -5.54327   41.677
   vertex  2.78622 -4.73814   41.677
   vertex  3.29054 -4.40287   41.677
  endloop
 endfacet
 facet normal 0.951656 -0.307167        0
  outer loop
   vertex  6.54997 -1.75891  19.9483
   vertex  6.54997 -1.75891  22.4253
   vertex  6.34229 -2.40234  22.4253
  endloop
 endfacet
 facet normal        0        0       -1
  outer loop
   vertex -3.64257  5.54327  29.3802
   vertex -3.06308  5.88334  29.3802
   vertex -2.52098  4.88443  29.3802
  endloop
 endfacet
 facet normal -0.497705 0.848106 0.181673
  outer loop
   vertex -2.52098  4.88443   41.677
   vertex -3.06308  5.88334  35.5286
   vertex -3.64257  5.54327  35.5286
  endloop
 endfacet
 facet normal -0.575895 -0.796781  0.18299
  outer loop
   vertex -2.96955 -4.62544   41.677
   vertex -3.46037 -4.27069   41.677
   vertex -3.93313 -5.34104  35.5286
  endloop
 endfacet
 facet normal 0.892491 -0.412499 0.182495
  outer loop
   vertex  5.10894 -2.02772  29.3802
   vertex  4.85487 -2.57744  29.3802
   vertex  6.07158 -3.02189  22.4253
  endloop
 endfacet
 facet normal -0.286009 -0.94071 0.182382
  outer loop
   vertex -1.30677 -5.33904  47.8253
   vertex -1.88618 -5.16288  47.8253
   vertex -2.15384 -6.27353   41.677
  endloop
 endfacet
 facet normal 0.544275 0.819111  0.18117
  outer loop
   vertex  3.21985  4.45483  29.3802
   vertex   4.0303  5.45459  22.4253
   vertex  3.46717  5.82877  22.4253
  endloop
 endfacet
 facet normal        0        0       -1
  outer loop
   vertex  5.72065  3.35714  35.5286
   vertex  4.81311  2.65461  35.5286
   vertex  4.49187  3.16798  35.5286
  endloop
 endfacet
 facet normal 0.520627 0.853784 1.3358e-08
  outer loop
   vertex -2.49936 -3.57287  19.9483
   vertex -2.49937 -3.57287  47.8253
   vertex -2.03186 -3.85795  47.8253
  endloop
 endfacet
 facet normal 0.437234 -0.880911  0.18117
  outer loop
   vertex  2.24808 -5.01589  29.3802
   vertex  2.70867 -6.21764  22.4253
   vertex  3.31428 -5.91704  22.4253
  endloop
 endfacet
 facet normal -0.990687 -0.13616        0
  outer loop
   vertex -6.66448  -1.2572  19.9483
   vertex -6.66448  -1.2572  22.4253
   vertex -6.75654 -0.587385  22.4253
  endloop
 endfacet
 facet normal        0        0       -1
  outer loop
   vertex  6.03093  2.76116  35.5286
   vertex  5.07592  2.10901  35.5286
   vertex  4.81311  2.65461  35.5286
  endloop
 endfacet
 facet normal       -0        0        1
  outer loop
   vertex  2.92746  3.23145  47.8253
   vertex  3.30938  2.83906  47.8253
   vertex   4.1161  3.64289  47.8253
  endloop
 endfacet
 facet normal -0.300984 0.936014 0.182446
  outer loop
   vertex -1.96835  5.13211  47.8253
   vertex -1.39183   5.3175  47.8253
   vertex -1.81607   6.3795   41.677
  endloop
 endfacet
 facet normal        0        0       -1
  outer loop
   vertex -4.18469  5.14631  29.3802
   vertex -3.64257  5.54327  29.3802
   vertex   -3.043  4.57746  29.3802
  endloop
 endfacet
 facet normal 0.122934 -0.975782 0.180934
  outer loop
   vertex 0.497612 -5.47406   41.677
   vertex 0.494712 -6.61448  35.5286
   vertex  1.16135  -6.5305  35.5286
  endloop
 endfacet
 facet normal 0.957717 -0.223608 0.181044
  outer loop
   vertex    5.301 -1.45339  47.8253
   vertex  6.37456 -1.83333   41.677
   vertex  6.52733 -1.17902   41.677
  endloop
 endfacet
 facet normal -0.97288  0.23131 -3.32823e-08
  outer loop
   vertex  4.17035 -1.27296  19.9483
   vertex  4.17035 -1.27296  47.8253
   vertex  4.29701 -0.740237  47.8253
  endloop
 endfacet
 facet normal 0.916342 -0.400396        0
  outer loop
   vertex  6.34229 -2.40234  19.9483
   vertex  6.34229 -2.40234  22.4253
   vertex  6.07158 -3.02189  22.4253
  endloop
 endfacet
 facet normal -0.986807   0.1619        0
  outer loop
   vertex -6.73896 0.763044  19.9483
   vertex -6.73896 0.763044  22.4253
   vertex  -6.6295  1.43024  22.4253
  endloop
 endfacet
 facet normal 0.982668 0.185373       -0
  outer loop
   vertex  6.59353  1.58783  19.9483
   vertex  6.59353  1.58783  22.4253
   vertex  6.71886 0.923441  22.4253
  endloop
 endfacet
 facet normal 0.871923 -0.489643        0
  outer loop
   vertex  6.07158 -3.02189  19.9483
   vertex  6.07158 -3.02189  22.4253
   vertex  5.74052 -3.61141  22.4253
  endloop
 endfacet
 facet normal -0.798366 -0.602173 -3.41402e-08
  outer loop
   vertex  3.63911   2.4019  19.9483
   vertex  3.63911   2.4019  47.8253
   vertex  3.30938  2.83906  47.8253
  endloop
 endfacet
 facet normal -0.204935 0.978776 -6.13448e-09
  outer loop
   vertex 0.623842 -4.31544  19.9483
   vertex 0.623841 -4.31544  47.8253
   vertex  1.15979 -4.20323  47.8253
  endloop
 endfacet
 facet normal -0.936217 0.351423 -4.00351e-08
  outer loop
   vertex  3.97792  -1.7856  19.9483
   vertex  3.97792  -1.7856  47.8253
   vertex  4.17035 -1.27296  47.8253
  endloop
 endfacet
 facet normal 0.963976  0.26599 3.29777e-08
  outer loop
   vertex -4.26776 -0.89358  19.9483
   vertex -4.26776 -0.89358  47.8253
   vertex -4.12211 -1.42143  47.8253
  endloop
 endfacet
 facet normal -0.99984 -0.0179024 -3.42046e-08
  outer loop
   vertex   4.3559 -0.195842  19.9483
   vertex   4.3559 -0.195842  47.8253
   vertex   4.3461 0.351642  47.8253
  endloop
 endfacet
 facet normal 0.741106 -0.671388 2.53533e-08
  outer loop
   vertex -3.04125  3.12458  19.9483
   vertex -3.04125  3.12458  47.8253
   vertex -3.40889  2.71878  47.8253
  endloop
 endfacet
 facet normal 0.325992 -0.945372 8.36417e-09
  outer loop
   vertex -1.15979  4.20323  19.9483
   vertex -1.15979  4.20323  47.8253
   vertex -1.67745  4.02472  47.8253
  endloop
 endfacet
 facet normal -0.88479 0.465989 -3.02687e-08
  outer loop
   vertex  3.72276 -2.27009  19.9483
   vertex  3.72276 -2.27009  47.8253
   vertex  3.97792  -1.7856  47.8253
  endloop
 endfacet
 facet normal -0.594261 -0.804272        0
  outer loop
   vertex  -3.7534 -5.64871  19.9483
   vertex  -3.7534 -5.64871  22.4253
   vertex -4.29718 -5.24692  22.4253
  endloop
 endfacet
 facet normal -0.998024 0.0628404        0
  outer loop
   vertex -6.78145 0.0882677  19.9483
   vertex -6.78145 0.0882677  22.4253
   vertex -6.73896 0.763044  22.4253
  endloop
 endfacet
 facet normal -0.325992 0.945372 -6.97014e-09
  outer loop
   vertex  1.15979 -4.20323  19.9483
   vertex  1.15979 -4.20323  47.8253
   vertex  1.67745 -4.02472  47.8253
  endloop
 endfacet
 facet normal 0.994199 -0.107553 3.40116e-08
  outer loop
   vertex -4.29701 0.740237  19.9483
   vertex -4.29701 0.740237  47.8253
   vertex  -4.3559 0.195842  47.8253
  endloop
 endfacet
 facet normal -0.923038 -0.384709 -3.15772e-08
  outer loop
   vertex  4.12211  1.42143  19.9483
   vertex  4.12211  1.42143  47.8253
   vertex  3.91145  1.92685  47.8253
  endloop
 endfacet
 facet normal 0.0877016 0.996147       -0
  outer loop
   vertex 0.257307  6.77714  19.9483
   vertex 0.257307  6.77714  22.4253
   vertex 0.930814  6.71785  22.4253
  endloop
 endfacet
 facet normal -0.520627 -0.853784 -8.90535e-09
  outer loop
   vertex  2.49936  3.57287  19.9483
   vertex  2.49936  3.57287  47.8253
   vertex  2.03186  3.85795  47.8253
  endloop
 endfacet
 facet normal -0.291943 -0.956436 -7.49054e-09
  outer loop
   vertex  1.53231  4.08219  19.9483
   vertex   1.5323  4.08219  47.8253
   vertex  1.00859  4.24205  47.8253
  endloop
 endfacet
 facet normal  0.88479 -0.465989 3.02687e-08
  outer loop
   vertex -3.72276  2.27009  19.9483
   vertex -3.72276  2.27009  47.8253
   vertex -3.97792   1.7856  47.8253
  endloop
 endfacet
 facet normal -0.741842 -0.670574        0
  outer loop
   vertex -4.79825 -4.79298  19.9483
   vertex -4.79825 -4.79298  22.4253
   vertex -5.25163 -4.29142  22.4253
  endloop
 endfacet
 facet normal -0.111419 0.993774        0
  outer loop
   vertex -1.09066  6.69375  19.9483
   vertex -1.09066  6.69375  22.4253
   vertex -0.418757  6.76908  22.4253
  endloop
 endfacet
 facet normal       -0        0        1
  outer loop
   vertex   4.3461 0.351642  47.8253
   vertex  5.48569  0.34659  47.8253
   vertex  5.41427 0.947957  47.8253
  endloop
 endfacet
 facet normal        0        0       -1
  outer loop
   vertex  -3.3726 -5.71154  29.3802
   vertex -2.96955 -4.62544  29.3802
   vertex -2.44269 -4.92404  29.3802
  endloop
 endfacet
 facet normal 0.841659 -0.508156 0.182725
  outer loop
   vertex  4.85487 -2.57744  29.3802
   vertex  4.54186 -3.09587  29.3802
   vertex  5.74052 -3.61141  22.4253
  endloop
 endfacet
 facet normal -0.658326  0.73065 0.180988
  outer loop
   vertex -3.52809  4.21492   41.677
   vertex -4.18469  5.14631  35.5286
   vertex -4.68386  4.69655  35.5286
  endloop
 endfacet
 facet normal       -0        0       -1
  outer loop
   vertex  1.81607  -6.3795  29.3802
   vertex  1.16135  -6.5305  29.3802
   vertex  1.09678 -5.38609  29.3802
  endloop
 endfacet
 facet normal        0       -0        1
  outer loop
   vertex  5.42871 -0.861417  47.8253
   vertex  5.49053 -0.258985  47.8253
   vertex   4.3559 -0.195842  47.8253
  endloop
 endfacet
 facet normal        0        0       -1
  outer loop
   vertex  1.50811  6.45924  35.5286
   vertex  2.15384  6.27353  35.5286
   vertex   1.5989  5.25894  35.5286
  endloop
 endfacet
 facet normal        0        0        1
  outer loop
   vertex  2.62566 -3.48112  47.8253
   vertex  2.16865 -3.78275  47.8253
   vertex  2.78622 -4.73814  47.8253
  endloop
 endfacet
 facet normal 0.983206 -0.0262479 0.180601
  outer loop
   vertex  5.49053 -0.258985   41.677
   vertex  6.61312 -0.512609  35.5286
   vertex  6.63105 0.159059  35.5286
  endloop
 endfacet
 facet normal        0       -0        1
  outer loop
   vertex -3.40889  2.71878  47.8253
   vertex -3.04125  3.12458  47.8253
   vertex -3.97035  3.80122  47.8253
  endloop
 endfacet
 facet normal 0.409447 -0.89431  0.18045
  outer loop
   vertex  2.24807 -5.01589  47.8253
   vertex  2.45216 -6.16304   41.677
   vertex  3.06308 -5.88334   41.677
  endloop
 endfacet
 facet normal -0.563683 0.805962 0.180797
  outer loop
   vertex   -3.043  4.57746  29.3802
   vertex  -3.6051  5.74448  22.4253
   vertex -4.15915  5.35699  22.4253
  endloop
 endfacet
 facet normal -0.658326  0.73065 0.180988
  outer loop
   vertex -3.52809  4.21492  47.8253
   vertex -4.18469  5.14631   41.677
   vertex -4.68386  4.69655   41.677
  endloop
 endfacet
 facet normal 0.619033 0.763995 0.181959
  outer loop
   vertex   4.0303  5.45459  22.4253
   vertex  3.21985  4.45483  29.3802
   vertex  3.69037  4.07359  29.3802
  endloop
 endfacet
 facet normal        0        0        1
  outer loop
   vertex -3.72276  2.27009  47.8253
   vertex -4.70551  2.84097  47.8253
   vertex -4.98948  2.30608  47.8253
  endloop
 endfacet
 facet normal 0.366082 0.912876 0.180668
  outer loop
   vertex  2.16773  5.05113  35.5286
   vertex  2.77747  6.02344  29.3802
   vertex  2.15384  6.27353  29.3802
  endloop
 endfacet
 facet normal 0.271855 0.945255  0.18052
  outer loop
   vertex   1.5989  5.25894   41.677
   vertex  2.15384  6.27353  35.5286
   vertex  1.50811  6.45924  35.5286
  endloop
 endfacet
 facet normal 0.174834 0.967923  0.18044
  outer loop
   vertex  1.01067  5.40292   41.677
   vertex  1.50811  6.45924  35.5286
   vertex   0.8469  6.57867  35.5286
  endloop
 endfacet
 facet normal 0.0192454 0.982924 0.183004
  outer loop
   vertex -0.195304  5.49316  47.8253
   vertex 0.410174  5.48131  47.8253
   vertex 0.177002   6.6306   41.677
  endloop
 endfacet
 facet normal 0.975472 -0.125576 0.180789
  outer loop
   vertex  5.42871 -0.861417   41.677
   vertex  6.52733 -1.17902  35.5286
   vertex  6.61312 -0.512609  35.5286
  endloop
 endfacet
 facet normal        0        0        1
  outer loop
   vertex -1.00859 -4.24205  47.8253
   vertex -1.53231 -4.08219  47.8253
   vertex -1.88618 -5.16288  47.8253
  endloop
 endfacet
 facet normal 0.930125 -0.319333 0.181367
  outer loop
   vertex  5.10894 -2.02772  47.8253
   vertex  6.15638 -2.46883   41.677
   vertex  6.37456 -1.83333   41.677
  endloop
 endfacet
 facet normal        0        0        1
  outer loop
   vertex -0.623842  4.31544  47.8253
   vertex -0.798412  5.43834  47.8253
   vertex -1.39183   5.3175  47.8253
  endloop
 endfacet
 facet normal 0.821929 0.540105 0.180883
  outer loop
   vertex  5.72065  3.35714  29.3802
   vertex  5.35166  3.91866  29.3802
   vertex  4.49187  3.16798  35.5286
  endloop
 endfacet
 facet normal 0.271855 0.945255  0.18052
  outer loop
   vertex   1.5989  5.25894  35.5286
   vertex  2.15384  6.27353  29.3802
   vertex  1.50811  6.45924  29.3802
  endloop
 endfacet
 facet normal        0        0        1
  outer loop
   vertex -3.91146 -1.92685  47.8253
   vertex -4.95204 -2.38543  47.8253
   vertex -4.65957 -2.91572  47.8253
  endloop
 endfacet
 facet normal -0.746518 0.639739 0.182878
  outer loop
   vertex -4.36442  3.34137  29.3802
   vertex -3.97035  3.80122  29.3802
   vertex -5.13816  4.42665  22.4253
  endloop
 endfacet
 facet normal 0.631034 -0.75388 0.182927
  outer loop
   vertex  3.75492 -4.01416   41.677
   vertex  3.29054 -4.40287   41.677
   vertex  4.18469 -5.14631  35.5286
  endloop
 endfacet
 facet normal        0        0        1
  outer loop
   vertex -4.12211 -1.42143  47.8253
   vertex  -5.1844 -1.82619  47.8253
   vertex -4.95204 -2.38543  47.8253
  endloop
 endfacet
 facet normal -0.736311 -0.651661 0.182163
  outer loop
   vertex -3.90917 -3.86411  29.3802
   vertex -4.31053 -3.41061  29.3802
   vertex -5.25163 -4.29142  22.4253
  endloop
 endfacet
 facet normal -0.580996 0.793458 0.181297
  outer loop
   vertex   -3.043  4.57746  35.5286
   vertex -3.64257  5.54327  29.3802
   vertex -4.18469  5.14631  29.3802
  endloop
 endfacet
 facet normal 0.710159 -0.679907 0.182757
  outer loop
   vertex  4.17372 -3.57673   41.677
   vertex  3.75492 -4.01416   41.677
   vertex  4.68386 -4.69655  35.5286
  endloop
 endfacet
 facet normal 0.316863 -0.931129 0.180544
  outer loop
   vertex  1.68264 -5.23275   41.677
   vertex  1.81607  -6.3795  35.5286
   vertex  2.45216 -6.16304  35.5286
  endloop
 endfacet
 facet normal 0.409447 -0.89431  0.18045
  outer loop
   vertex  2.24808 -5.01589  35.5286
   vertex  2.45216 -6.16304  29.3802
   vertex  3.06308 -5.88334  29.3802
  endloop
 endfacet
 facet normal -0.981296 -0.0620003 0.182246
  outer loop
   vertex -5.45827 -0.648258  47.8253
   vertex -5.49646 -0.0438689  47.8253
   vertex -6.63105 -0.159059   41.677
  endloop
 endfacet
 facet normal -0.968593 -0.169585 0.181849
  outer loop
   vertex -5.35383 -1.24478  47.8253
   vertex -5.45827 -0.648258  47.8253
   vertex -6.58094 -0.829096   41.677
  endloop
 endfacet
 facet normal -0.286009 -0.94071 0.182382
  outer loop
   vertex -1.30677 -5.33904   41.677
   vertex -1.88618 -5.16288   41.677
   vertex -2.15384 -6.27353  35.5286
  endloop
 endfacet
 facet normal -0.872363 -0.454183 0.180835
  outer loop
   vertex -4.95204 -2.38543   41.677
   vertex -6.03093 -2.76116  35.5286
   vertex -5.72065 -3.35714  35.5286
  endloop
 endfacet
 facet normal  0.37121 0.910794 0.180714
  outer loop
   vertex  2.16773  5.05113  29.3802
   vertex  2.86958  6.14503  22.4253
   vertex  2.24347  6.40021  22.4253
  endloop
 endfacet
 facet normal        0        0       -1
  outer loop
   vertex -6.63105 -0.159059   41.677
   vertex -5.49646 -0.0438689   41.677
   vertex -5.45827 -0.648258   41.677
  endloop
 endfacet
 facet normal -0.696442 -0.694559 0.180432
  outer loop
   vertex -3.90917 -3.86411  35.5286
   vertex -4.92776 -4.43997  29.3802
   vertex -4.45329 -4.91573  29.3802
  endloop
 endfacet
 facet normal 0.980839 0.0733601  0.18048
  outer loop
   vertex  5.48569  0.34659   41.677
   vertex  6.63105 0.159059  35.5286
   vertex  6.58094 0.829096  35.5286
  endloop
 endfacet
 facet normal -0.872363 -0.454183 0.180835
  outer loop
   vertex -4.95204 -2.38543  47.8253
   vertex -6.03093 -2.76116   41.677
   vertex -5.72065 -3.35714   41.677
  endloop
 endfacet
 facet normal 0.930125 -0.319333 0.181367
  outer loop
   vertex  5.10894 -2.02772   41.677
   vertex  6.15638 -2.46883  35.5286
   vertex  6.37456 -1.83333  35.5286
  endloop
 endfacet
 facet normal -0.970413  0.15921 0.181522
  outer loop
   vertex -5.37302  1.15916  29.3802
   vertex  -6.6295  1.43024  22.4253
   vertex -6.73896 0.763044  22.4253
  endloop
 endfacet
 facet normal 0.0235822 -0.983158  0.18123
  outer loop
   vertex -0.107599 -5.49558  35.5286
   vertex -0.177002  -6.6306  29.3802
   vertex 0.494713 -6.61448  29.3802
  endloop
 endfacet
 facet normal 0.122934 -0.975782 0.180934
  outer loop
   vertex 0.497612 -5.47406  47.8253
   vertex 0.494712 -6.61448   41.677
   vertex  1.16135  -6.5305   41.677
  endloop
 endfacet
 facet normal  0.22103 -0.958379 0.180706
  outer loop
   vertex  1.09678 -5.38609  35.5286
   vertex  1.16135  -6.5305  29.3802
   vertex  1.81607  -6.3795  29.3802
  endloop
 endfacet
 facet normal   0.9665 0.182323 0.180652
  outer loop
   vertex  5.41427 0.947957  29.3802
   vertex  6.71886 0.923441  22.4253
   vertex  6.59353  1.58783  22.4253
  endloop
 endfacet
 facet normal 0.544262 -0.818709 0.183016
  outer loop
   vertex  3.29054 -4.40287   41.677
   vertex  2.78622 -4.73814   41.677
   vertex  3.64257 -5.54327  35.5286
  endloop
 endfacet
 facet normal -0.791991 0.583219 0.180571
  outer loop
   vertex -4.36442  3.34137  47.8253
   vertex -5.13497   4.1986   41.677
   vertex -5.53339  3.65756   41.677
  endloop
 endfacet
 facet normal        0        0       -1
  outer loop
   vertex -2.52098  4.88443  35.5286
   vertex -3.06308  5.88334  35.5286
   vertex -2.45216  6.16304  35.5286
  endloop
 endfacet
 facet normal -0.658326  0.73065 0.180988
  outer loop
   vertex -3.52809  4.21492  35.5286
   vertex -4.18469  5.14631  29.3802
   vertex -4.68386  4.69655  29.3802
  endloop
 endfacet
 facet normal 0.0235822 -0.983158  0.18123
  outer loop
   vertex  -0.1076 -5.49558  47.8253
   vertex -0.177002  -6.6306   41.677
   vertex 0.494712 -6.61448   41.677
  endloop
 endfacet
 facet normal 0.619036 0.763999 0.181935
  outer loop
   vertex  3.93313  5.34104  29.3802
   vertex  3.21985  4.45483  35.5286
   vertex  3.69037  4.07359  35.5286
  endloop
 endfacet
 facet normal        0        0       -1
  outer loop
   vertex  2.15384  6.27353   41.677
   vertex  2.77747  6.02344   41.677
   vertex  2.16773  5.05113   41.677
  endloop
 endfacet
 facet normal       -0        0       -1
  outer loop
   vertex  6.46329  1.49062   41.677
   vertex  5.41427 0.947957   41.677
   vertex  5.27713  1.53782   41.677
  endloop
 endfacet
 facet normal        0        0        1
  outer loop
   vertex  3.40889 -2.71878  47.8253
   vertex  4.17372 -3.57673  47.8253
   vertex  4.54186 -3.09587  47.8253
  endloop
 endfacet
 facet normal -0.416142 -0.891144 0.180797
  outer loop
   vertex -2.44269 -4.92404  29.3802
   vertex -3.17232 -5.99435  22.4253
   vertex -2.55971 -6.28043  22.4253
  endloop
 endfacet
 facet normal        0        0       -1
  outer loop
   vertex -0.177002  -6.6306  35.5286
   vertex  -0.8469 -6.57867  35.5286
   vertex -0.711505 -5.45039  35.5286
  endloop
 endfacet
 facet normal        0        0       -1
  outer loop
   vertex  5.53339 -3.65756  29.3802
   vertex  4.54186 -3.09587  29.3802
   vertex  4.85487 -2.57744  29.3802
  endloop
 endfacet
 facet normal        0        0       -1
  outer loop
   vertex -4.68386  4.69655  35.5286
   vertex -4.18469  5.14631  35.5286
   vertex -3.52809  4.21492  35.5286
  endloop
 endfacet
 facet normal        0        0        1
  outer loop
   vertex 0.078053 -4.35961  47.8253
   vertex  -0.1076 -5.49558  47.8253
   vertex 0.497612 -5.47406  47.8253
  endloop
 endfacet
 facet normal       -0        0       -1
  outer loop
   vertex  3.06308 -5.88334  29.3802
   vertex  2.45216 -6.16304  29.3802
   vertex  2.24808 -5.01589  29.3802
  endloop
 endfacet
 facet normal        0        0        1
  outer loop
   vertex -2.49937 -3.57287  47.8253
   vertex -2.92746 -3.23145  47.8253
   vertex -3.46037 -4.27069  47.8253
  endloop
 endfacet
 facet normal        0        0       -1
  outer loop
   vertex -6.52733  1.17902   41.677
   vertex -5.37302  1.15916   41.677
   vertex -5.46792 0.561053   41.677
  endloop
 endfacet
 facet normal       -0        0       -1
  outer loop
   vertex  1.16135  -6.5305   41.677
   vertex 0.494712 -6.61448   41.677
   vertex 0.497612 -5.47406   41.677
  endloop
 endfacet
 facet normal       -0        0       -1
  outer loop
   vertex 0.494713 -6.61448  29.3802
   vertex -0.177002  -6.6306  29.3802
   vertex -0.107599 -5.49558  29.3802
  endloop
 endfacet
 facet normal       -0        0       -1
  outer loop
   vertex -5.35383 -1.24478   41.677
   vertex -6.46329 -1.49062   41.677
   vertex -6.58094 -0.829096   41.677
  endloop
 endfacet
 facet normal        0        0       -1
  outer loop
   vertex -0.711505 -5.45039   41.677
   vertex -0.846901 -6.57867   41.677
   vertex -1.50811 -6.45924   41.677
  endloop
 endfacet
 facet normal        0        0       -1
  outer loop
   vertex -2.15384 -6.27353  35.5286
   vertex -1.88618 -5.16288  35.5286
   vertex -1.30677 -5.33904  35.5286
  endloop
 endfacet
 facet normal        0        0       -1
  outer loop
   vertex -2.77747 -6.02344  29.3802
   vertex -2.44269 -4.92404  29.3802
   vertex -1.88618 -5.16288  29.3802
  endloop
 endfacet
 facet normal        0        0        1
  outer loop
   vertex  4.26776  0.89358  47.8253
   vertex  5.41427 0.947957  47.8253
   vertex  5.27713  1.53782  47.8253
  endloop
 endfacet
 facet normal        0        0       -1
  outer loop
   vertex -4.92776 -4.43997  29.3802
   vertex -5.35166 -3.91866  29.3802
   vertex -4.31053 -3.41061  29.3802
  endloop
 endfacet
 facet normal       -0        0       -1
  outer loop
   vertex  2.45216 -6.16304  35.5286
   vertex  1.81607  -6.3795  35.5286
   vertex  1.68264 -5.23275  35.5286
  endloop
 endfacet
 facet normal        0        0       -1
  outer loop
   vertex -3.93313 -5.34104   41.677
   vertex -3.46037 -4.27069   41.677
   vertex -2.96955 -4.62544   41.677
  endloop
 endfacet
 facet normal        0        0       -1
  outer loop
   vertex -5.35166 -3.91866  29.3802
   vertex -5.72065 -3.35714  29.3802
   vertex -4.65956 -2.91572  29.3802
  endloop
 endfacet
 facet normal        0        0        1
  outer loop
   vertex -4.26776 -0.89358  47.8253
   vertex  -4.3461 -0.351642  47.8253
   vertex -5.45827 -0.648258  47.8253
  endloop
 endfacet
 facet normal        0        0        1
  outer loop
   vertex  3.21985  4.45483  47.8253
   vertex  2.49936  3.57287  47.8253
   vertex  2.92746  3.23145  47.8253
  endloop
 endfacet
 facet normal        0        0       -1
  outer loop
   vertex  3.69037  4.07359   41.677
   vertex  4.45329  4.91573   41.677
   vertex  4.92776  4.43997   41.677
  endloop
 endfacet
 facet normal        0        0        1
  outer loop
   vertex -1.00859 -4.24205  47.8253
   vertex -1.30677 -5.33904  47.8253
   vertex -0.711505 -5.45039  47.8253
  endloop
 endfacet
 facet normal        0        0        1
  outer loop
   vertex  4.17035 -1.27296  47.8253
   vertex  3.97792  -1.7856  47.8253
   vertex  5.10894 -2.02772  47.8253
  endloop
 endfacet
 facet normal        0        0       -1
  outer loop
   vertex -6.37456  1.83333  35.5286
   vertex -5.21289   1.7432  35.5286
   vertex -5.37302  1.15916  35.5286
  endloop
 endfacet
 facet normal        0        0        1
  outer loop
   vertex  -4.3461 -0.351642  47.8253
   vertex  -4.3559 0.195842  47.8253
   vertex -5.49646 -0.0438689  47.8253
  endloop
 endfacet
 facet normal        0        0        1
  outer loop
   vertex -4.17035  1.27296  47.8253
   vertex -5.21289   1.7432  47.8253
   vertex -5.37302  1.15916  47.8253
  endloop
 endfacet
 facet normal        0        0       -1
  outer loop
   vertex  5.10894 -2.02772   41.677
   vertex  6.15638 -2.46883   41.677
   vertex  5.87503 -3.07899   41.677
  endloop
 endfacet
 facet normal        0        0       -1
  outer loop
   vertex -2.52098  4.88443   41.677
   vertex -3.06308  5.88334   41.677
   vertex -2.45216  6.16304   41.677
  endloop
 endfacet
 facet normal        0        0        1
  outer loop
   vertex -1.15979  4.20323  47.8253
   vertex -1.39183   5.3175  47.8253
   vertex -1.96835  5.13211  47.8253
  endloop
 endfacet
 facet normal        0        0        1
  outer loop
   vertex -2.03186 -3.85795  47.8253
   vertex -2.49937 -3.57287  47.8253
   vertex -2.96955 -4.62544  47.8253
  endloop
 endfacet
 facet normal        0       -0        1
  outer loop
   vertex -3.04125  3.12458  47.8253
   vertex -2.62566  3.48112  47.8253
   vertex -3.52809  4.21492  47.8253
  endloop
 endfacet
 facet normal        0        0       -1
  outer loop
   vertex 0.846901  6.57867  29.3802
   vertex  1.50811  6.45924  29.3802
   vertex  1.01067  5.40292  29.3802
  endloop
 endfacet
 facet normal        0        0       -1
  outer loop
   vertex  1.50811  6.45924   41.677
   vertex  2.15384  6.27353   41.677
   vertex   1.5989  5.25894   41.677
  endloop
 endfacet
 facet normal        0        0       -1
  outer loop
   vertex  6.03093  2.76116  29.3802
   vertex  5.07593  2.10901  29.3802
   vertex  4.81311  2.65461  29.3802
  endloop
 endfacet
 facet normal        0       -0       -1
  outer loop
   vertex  2.77747  6.02344  35.5286
   vertex   3.3726  5.71154  35.5286
   vertex  2.71024  4.78201  35.5286
  endloop
 endfacet
 facet normal 0.957566 0.222637 0.183029
  outer loop
   vertex  5.27713  1.53782   41.677
   vertex  5.41427 0.947957   41.677
   vertex  6.46329  1.49062  35.5286
  endloop
 endfacet
 facet normal        0        0       -1
  outer loop
   vertex  3.69037  4.07359  29.3802
   vertex  4.45329  4.91573  29.3802
   vertex  4.92776  4.43997  29.3802
  endloop
 endfacet
 facet normal 0.619036 0.763999 0.181935
  outer loop
   vertex  3.93313  5.34104   41.677
   vertex  3.21985  4.45483  47.8253
   vertex  3.69037  4.07359  47.8253
  endloop
 endfacet
 facet normal 0.763031 0.620453 0.181165
  outer loop
   vertex  5.35166  3.91866  35.5286
   vertex  4.92776  4.43997  35.5286
   vertex   4.1161  3.64289   41.677
  endloop
 endfacet
 facet normal        0        0       -1
  outer loop
   vertex  6.37456 -1.83333  29.3802
   vertex  6.15638 -2.46883  29.3802
   vertex  5.10894 -2.02772  29.3802
  endloop
 endfacet
 facet normal 0.271855 0.945255  0.18052
  outer loop
   vertex   1.5989  5.25894  47.8253
   vertex  2.15384  6.27353   41.677
   vertex  1.50811  6.45924   41.677
  endloop
 endfacet
 facet normal 0.957566 0.222637 0.183029
  outer loop
   vertex  5.27713  1.53782  35.5286
   vertex  5.41427 0.947957  35.5286
   vertex   6.4633  1.49062  29.3802
  endloop
 endfacet
 facet normal -0.956218 -0.230275  0.18061
  outer loop
   vertex -5.35383 -1.24478  29.3802
   vertex -6.66448  -1.2572  22.4253
   vertex -6.50619 -1.91452  22.4253
  endloop
 endfacet
 facet normal 0.983206 -0.0262479 0.180601
  outer loop
   vertex  5.49053 -0.258985  47.8253
   vertex  6.61312 -0.512609   41.677
   vertex  6.63105 0.159059   41.677
  endloop
 endfacet
 facet normal -0.974376 -0.133918 0.180714
  outer loop
   vertex -5.45827 -0.648258  29.3802
   vertex -6.75654 -0.587385  22.4253
   vertex -6.66448  -1.2572  22.4253
  endloop
 endfacet
 facet normal -0.402154 0.897281 0.182097
  outer loop
   vertex -2.52098  4.88443  35.5286
   vertex -1.96835  5.13211  35.5286
   vertex -2.45216  6.16304  29.3802
  endloop
 endfacet
 facet normal -0.0759967 -0.980433 0.181592
  outer loop
   vertex -0.711505 -5.45039  35.5286
   vertex  -0.8469 -6.57867  29.3802
   vertex -0.177002  -6.6306  29.3802
  endloop
 endfacet
 facet normal 0.763032 0.620453 0.181165
  outer loop
   vertex  5.35166  3.91866   41.677
   vertex  4.92776  4.43997   41.677
   vertex   4.1161  3.64289  47.8253
  endloop
 endfacet
 facet normal 0.821929 0.540105 0.180883
  outer loop
   vertex  5.72065  3.35714   41.677
   vertex  5.35166  3.91866   41.677
   vertex  4.49187  3.16798  47.8253
  endloop
 endfacet
 facet normal        0        0        1
  outer loop
   vertex -1.53231 -4.08219  47.8253
   vertex -2.03186 -3.85795  47.8253
   vertex -2.44269 -4.92404  47.8253
  endloop
 endfacet
 facet normal 0.278688 0.943246  0.18061
  outer loop
   vertex  1.59891  5.25894  29.3802
   vertex  2.24347  6.40021  22.4253
   vertex  1.59507  6.59178  22.4253
  endloop
 endfacet
 facet normal -0.0890043 0.979095 0.182899
  outer loop
   vertex -0.798412  5.43834  47.8253
   vertex -0.195304  5.49316  47.8253
   vertex -0.494713  6.61448   41.677
  endloop
 endfacet
 facet normal -0.196178 0.963395 0.182713
  outer loop
   vertex -1.39183   5.3175  35.5286
   vertex -0.798411  5.43834  35.5286
   vertex -1.16135   6.5305  29.3802
  endloop
 endfacet
 facet normal -0.300984 0.936014 0.182446
  outer loop
   vertex -1.96835  5.13211  35.5286
   vertex -1.39183   5.3175  35.5286
   vertex -1.81607   6.3795  29.3802
  endloop
 endfacet
 facet normal 0.841746 -0.508209 0.182174
  outer loop
   vertex  4.85487 -2.57744  35.5286
   vertex  4.54186 -3.09587  35.5286
   vertex  5.53339 -3.65756  29.3802
  endloop
 endfacet
 facet normal  -0.7289 0.660331 0.180746
  outer loop
   vertex -3.97035  3.80122   41.677
   vertex -4.68386  4.69655  35.5286
   vertex -5.13497   4.1986  35.5286
  endloop
 endfacet
 facet normal 0.316863 -0.931129 0.180544
  outer loop
   vertex  1.68264 -5.23275  47.8253
   vertex  1.81607  -6.3795   41.677
   vertex  2.45216 -6.16304   41.677
  endloop
 endfacet
 facet normal 0.544262 -0.818709 0.183016
  outer loop
   vertex  3.29054 -4.40287  47.8253
   vertex  2.78622 -4.73814  47.8253
   vertex  3.64257 -5.54327   41.677
  endloop
 endfacet
 facet normal -0.913768 0.362671 0.183024
  outer loop
   vertex -5.21289   1.7432  35.5286
   vertex -4.98948  2.30608  35.5286
   vertex -6.15638  2.46883  29.3802
  endloop
 endfacet
 facet normal -0.948132 0.259953 0.182951
  outer loop
   vertex -5.37302  1.15916   41.677
   vertex -5.21289   1.7432   41.677
   vertex -6.37456  1.83333  35.5286
  endloop
 endfacet
 facet normal       -0        0        1
  outer loop
   vertex   4.3559 -0.195842  47.8253
   vertex  5.49053 -0.258985  47.8253
   vertex  5.48569  0.34659  47.8253
  endloop
 endfacet
 facet normal -0.982102 0.0463262 0.182562
  outer loop
   vertex -5.49646 -0.0438689   41.677
   vertex -5.46792 0.561053   41.677
   vertex -6.61312 0.512609  35.5286
  endloop
 endfacet
 facet normal 0.930125 -0.319333 0.181367
  outer loop
   vertex  5.10894 -2.02772  35.5286
   vertex  6.15638 -2.46883  29.3802
   vertex  6.37456 -1.83333  29.3802
  endloop
 endfacet
 facet normal -0.91379 -0.363579 0.181103
  outer loop
   vertex  -5.1844 -1.82619  35.5286
   vertex -6.27933 -2.13686  29.3802
   vertex -6.03093 -2.76116  29.3802
  endloop
 endfacet
 facet normal 0.366082 0.912876 0.180668
  outer loop
   vertex  2.16773  5.05113  47.8253
   vertex  2.77747  6.02344   41.677
   vertex  2.15384  6.27353   41.677
  endloop
 endfacet
 facet normal -0.484757 -0.855319 0.182868
  outer loop
   vertex -2.44269 -4.92404   41.677
   vertex -2.96955 -4.62544   41.677
   vertex  -3.3726 -5.71154  35.5286
  endloop
 endfacet
 facet normal        0        0       -1
  outer loop
   vertex -6.63105 -0.159059  29.3802
   vertex -5.49646 -0.0438689  29.3802
   vertex -5.45827 -0.648258  29.3802
  endloop
 endfacet
 facet normal -0.575895 -0.796781  0.18299
  outer loop
   vertex -2.96955 -4.62544  47.8253
   vertex -3.46037 -4.27069  47.8253
   vertex -3.93313 -5.34104   41.677
  endloop
 endfacet
 facet normal        0        0       -1
  outer loop
   vertex -6.63105 -0.159059  35.5286
   vertex -5.49646 -0.0438689  35.5286
   vertex -5.45827 -0.648258  35.5286
  endloop
 endfacet
 facet normal -0.872363 -0.454183 0.180835
  outer loop
   vertex -4.95204 -2.38543  35.5286
   vertex -6.03093 -2.76116  29.3802
   vertex -5.72065 -3.35714  29.3802
  endloop
 endfacet
 facet normal -0.180801 -0.96653 0.182018
  outer loop
   vertex -0.711505 -5.45039   41.677
   vertex -1.30677 -5.33904   41.677
   vertex -1.50811 -6.45924  35.5286
  endloop
 endfacet
 facet normal -0.948309 0.260001 0.181958
  outer loop
   vertex -5.37302  1.15916  29.3802
   vertex -5.21289   1.7432  29.3802
   vertex -6.45415  2.08321  22.4253
  endloop
 endfacet
 facet normal -0.641146 0.745853 0.180652
  outer loop
   vertex -3.52809  4.21492  29.3802
   vertex -4.15915  5.35699  22.4253
   vertex -4.67187  4.91625  22.4253
  endloop
 endfacet
 facet normal        0       -0       -1
  outer loop
   vertex   3.3726  5.71154  29.3802
   vertex  3.93313  5.34104  29.3802
   vertex  3.21985  4.45483  29.3802
  endloop
 endfacet
 facet normal -0.79199  0.58322 0.180571
  outer loop
   vertex -4.36442  3.34137   41.677
   vertex -5.13497   4.1986  35.5286
   vertex -5.53339  3.65756  35.5286
  endloop
 endfacet
 facet normal 0.780682 -0.597684 0.182506
  outer loop
   vertex  4.54186 -3.09587  35.5286
   vertex  4.17373 -3.57673  35.5286
   vertex  5.13497  -4.1986  29.3802
  endloop
 endfacet
 facet normal -0.945825 -0.26925 0.181439
  outer loop
   vertex -5.35383 -1.24478  47.8253
   vertex -6.46329 -1.49062   41.677
   vertex -6.27933 -2.13686   41.677
  endloop
 endfacet
 facet normal        0       -0       -1
  outer loop
   vertex  2.77747  6.02344   41.677
   vertex   3.3726  5.71154   41.677
   vertex  2.71024  4.78201   41.677
  endloop
 endfacet
 facet normal        0        0       -1
  outer loop
   vertex  1.50811  6.45924  29.3802
   vertex  2.15384  6.27353  29.3802
   vertex  1.59891  5.25894  29.3802
  endloop
 endfacet
 facet normal        0        0       -1
  outer loop
   vertex  6.63105 0.159059   41.677
   vertex  6.61312 -0.512609   41.677
   vertex  5.49053 -0.258985   41.677
  endloop
 endfacet
 facet normal        0       -0       -1
  outer loop
   vertex -1.16135   6.5305   41.677
   vertex -0.798411  5.43834   41.677
   vertex -1.39183   5.3175   41.677
  endloop
 endfacet
 facet normal        0        0       -1
  outer loop
   vertex -2.52098  4.88443  29.3802
   vertex -3.06308  5.88334  29.3802
   vertex -2.45216  6.16304  29.3802
  endloop
 endfacet
 facet normal       -0        0       -1
  outer loop
   vertex -5.35383 -1.24478  29.3802
   vertex -6.46329 -1.49062  29.3802
   vertex -6.58094 -0.829096  29.3802
  endloop
 endfacet
 facet normal        0       -0        1
  outer loop
   vertex -3.72276  2.27009  47.8253
   vertex -3.40889  2.71878  47.8253
   vertex -4.36442  3.34137  47.8253
  endloop
 endfacet
 facet normal        0        0       -1
  outer loop
   vertex  5.13497  -4.1986  29.3802
   vertex  4.17373 -3.57673  29.3802
   vertex  4.54186 -3.09587  29.3802
  endloop
 endfacet
 facet normal        0        0       -1
  outer loop
   vertex  4.68386 -4.69655   41.677
   vertex  3.75492 -4.01416   41.677
   vertex  4.17372 -3.57673   41.677
  endloop
 endfacet
 facet normal       -0        0       -1
  outer loop
   vertex  3.06308 -5.88334   41.677
   vertex  2.45216 -6.16304   41.677
   vertex  2.24807 -5.01589   41.677
  endloop
 endfacet
 facet normal        0        0        1
  outer loop
   vertex -4.12211 -1.42143  47.8253
   vertex -4.26776 -0.89358  47.8253
   vertex -5.35383 -1.24478  47.8253
  endloop
 endfacet
 facet normal 0.122934 -0.975782 0.180934
  outer loop
   vertex 0.497613 -5.47406  35.5286
   vertex 0.494713 -6.61448  29.3802
   vertex  1.16135  -6.5305  29.3802
  endloop
 endfacet
 facet normal        0        0       -1
  outer loop
   vertex -6.27933 -2.13686  29.3802
   vertex -6.46329 -1.49062  29.3802
   vertex -5.35383 -1.24478  29.3802
  endloop
 endfacet
 facet normal        0        0       -1
  outer loop
   vertex -6.03093 -2.76116  35.5286
   vertex -6.27933 -2.13686  35.5286
   vertex  -5.1844 -1.82619  35.5286
  endloop
 endfacet
 facet normal        0        0        1
  outer loop
   vertex  3.97792  -1.7856  47.8253
   vertex  3.72276 -2.27009  47.8253
   vertex  4.85487 -2.57744  47.8253
  endloop
 endfacet
 facet normal        0        0       -1
  outer loop
   vertex -0.711505 -5.45039  35.5286
   vertex  -0.8469 -6.57867  35.5286
   vertex -1.50811 -6.45924  35.5286
  endloop
 endfacet
 facet normal        0        0       -1
  outer loop
   vertex -0.177002  -6.6306   41.677
   vertex -0.846901 -6.57867   41.677
   vertex -0.711505 -5.45039   41.677
  endloop
 endfacet
 facet normal        0        0        1
  outer loop
   vertex -1.67745  4.02472  47.8253
   vertex -1.96835  5.13211  47.8253
   vertex -2.52098  4.88443  47.8253
  endloop
 endfacet
 facet normal        0        0       -1
  outer loop
   vertex -6.37456  1.83333  29.3802
   vertex -5.21289   1.7432  29.3802
   vertex -5.37302  1.15916  29.3802
  endloop
 endfacet
 facet normal       -0        0       -1
  outer loop
   vertex  6.46329  1.49062  35.5286
   vertex  5.41427 0.947957  35.5286
   vertex  5.27713  1.53782  35.5286
  endloop
 endfacet
 facet normal        0        0       -1
  outer loop
   vertex -5.87503  3.07899  35.5286
   vertex -5.53339  3.65756  35.5286
   vertex -4.70551  2.84097  35.5286
  endloop
 endfacet
 facet normal        0        0       -1
  outer loop
   vertex -5.53339  3.65756  29.3802
   vertex -5.13497   4.1986  29.3802
   vertex -4.36442  3.34137  29.3802
  endloop
 endfacet
 facet normal        0        0       -1
  outer loop
   vertex -5.13497   4.1986  29.3802
   vertex -4.68386  4.69655  29.3802
   vertex -3.97035  3.80122  29.3802
  endloop
 endfacet
 facet normal        0        0       -1
  outer loop
   vertex  5.53339 -3.65756   41.677
   vertex  4.54186 -3.09587   41.677
   vertex  4.85487 -2.57744   41.677
  endloop
 endfacet
 facet normal        0        0       -1
  outer loop
   vertex -3.64257  5.54327   41.677
   vertex -3.06308  5.88334   41.677
   vertex -2.52098  4.88443   41.677
  endloop
 endfacet
 facet normal        0        0       -1
  outer loop
   vertex -5.13497   4.1986  35.5286
   vertex -4.68386  4.69655  35.5286
   vertex -3.97035  3.80122  35.5286
  endloop
 endfacet
 facet normal        0       -0       -1
  outer loop
   vertex -1.81607   6.3795   41.677
   vertex -1.39183   5.3175   41.677
   vertex -1.96835  5.13211   41.677
  endloop
 endfacet
 facet normal        0       -0       -1
  outer loop
   vertex -1.16135   6.5305  35.5286
   vertex -0.798411  5.43834  35.5286
   vertex -1.39183   5.3175  35.5286
  endloop
 endfacet
 facet normal        0       -0       -1
  outer loop
   vertex 0.177002   6.6306   41.677
   vertex 0.410174  5.48131   41.677
   vertex -0.195304  5.49316   41.677
  endloop
 endfacet
 facet normal       -0        0       -1
  outer loop
   vertex   6.4633  1.49062  29.3802
   vertex  5.41427 0.947957  29.3802
   vertex  5.27713  1.53782  29.3802
  endloop
 endfacet
 facet normal        0        0       -1
  outer loop
   vertex  5.35166  3.91866   41.677
   vertex  4.49187  3.16798   41.677
   vertex   4.1161  3.64289   41.677
  endloop
 endfacet
 facet normal        0       -0       -1
  outer loop
   vertex  3.93313  5.34104  35.5286
   vertex  4.45329  4.91573  35.5286
   vertex  3.69037  4.07359  35.5286
  endloop
 endfacet
 facet normal 0.619036 0.763999 0.181935
  outer loop
   vertex  3.93313  5.34104  35.5286
   vertex  3.21985  4.45483   41.677
   vertex  3.69037  4.07359   41.677
  endloop
 endfacet
 facet normal 0.763031 0.620453 0.181165
  outer loop
   vertex  5.35166  3.91866  29.3802
   vertex  4.92776  4.43997  29.3802
   vertex   4.1161  3.64289  35.5286
  endloop
 endfacet
 facet normal        0        0       -1
  outer loop
   vertex -6.27933 -2.13686   41.677
   vertex -6.46329 -1.49062   41.677
   vertex -5.35383 -1.24478   41.677
  endloop
 endfacet
 facet normal 0.885736 0.426664 0.182835
  outer loop
   vertex  4.81311  2.65461   41.677
   vertex  5.07592  2.10901   41.677
   vertex  6.03093  2.76116  35.5286
  endloop
 endfacet
 facet normal        0        0       -1
  outer loop
   vertex  6.52733 -1.17902   41.677
   vertex  6.37456 -1.83333   41.677
   vertex    5.301 -1.45339   41.677
  endloop
 endfacet
 facet normal 0.0192454 0.982924 0.183005
  outer loop
   vertex -0.195303  5.49316  35.5286
   vertex 0.410175  5.48131  35.5286
   vertex 0.177002   6.6306  29.3802
  endloop
 endfacet
 facet normal        0        0       -1
  outer loop
   vertex -0.711504 -5.45039  29.3802
   vertex  -0.8469 -6.57867  29.3802
   vertex -1.50811 -6.45924  29.3802
  endloop
 endfacet
 facet normal -0.584409 -0.790938 0.181335
  outer loop
   vertex -3.46036 -4.27069  29.3802
   vertex -4.29718 -5.24692  22.4253
   vertex  -3.7534 -5.64871  22.4253
  endloop
 endfacet
 facet normal -0.497705 0.848106 0.181673
  outer loop
   vertex -2.52098  4.88443  47.8253
   vertex -3.06308  5.88334   41.677
   vertex -3.64257  5.54327   41.677
  endloop
 endfacet
 facet normal 0.542297 0.820423 0.181165
  outer loop
   vertex  3.21985  4.45483  35.5286
   vertex  3.93313  5.34104  29.3802
   vertex   3.3726  5.71154  29.3802
  endloop
 endfacet
 facet normal  0.82193 0.540104 0.180883
  outer loop
   vertex  5.72065  3.35714  35.5286
   vertex  5.35166  3.91866  35.5286
   vertex  4.49187  3.16798   41.677
  endloop
 endfacet
 facet normal 0.885736 0.426665 0.182835
  outer loop
   vertex  4.81311  2.65461  47.8253
   vertex  5.07592  2.10901  47.8253
   vertex  6.03093  2.76116   41.677
  endloop
 endfacet
 facet normal 0.927289 0.326636 0.182878
  outer loop
   vertex  5.07593  2.10901  29.3802
   vertex  5.27713  1.53782  29.3802
   vertex  6.40267  2.23645  22.4253
  endloop
 endfacet
 facet normal 0.710159 -0.679907 0.182757
  outer loop
   vertex  4.17372 -3.57673  47.8253
   vertex  3.75492 -4.01416  47.8253
   vertex  4.68386 -4.69655   41.677
  endloop
 endfacet
 facet normal 0.957717 -0.223608 0.181044
  outer loop
   vertex    5.301 -1.45339   41.677
   vertex  6.37456 -1.83333  35.5286
   vertex  6.52733 -1.17902  35.5286
  endloop
 endfacet
 facet normal 0.977177 -0.110643 0.181336
  outer loop
   vertex  5.42871 -0.861417  29.3802
   vertex  6.69255   -1.098  22.4253
   vertex  6.76862 -0.426185  22.4253
  endloop
 endfacet
 facet normal 0.892995 -0.411769 0.181673
  outer loop
   vertex  5.87503 -3.07899   41.677
   vertex  6.15638 -2.46883   41.677
   vertex  5.10894 -2.02772  47.8253
  endloop
 endfacet
 facet normal -0.580995 0.793458 0.181297
  outer loop
   vertex   -3.043  4.57746   41.677
   vertex -3.64257  5.54327  35.5286
   vertex -4.18469  5.14631  35.5286
  endloop
 endfacet
 facet normal -0.480613 0.858045 0.181025
  outer loop
   vertex -2.52098  4.88443  29.3802
   vertex -3.01522  6.07489  22.4253
   vertex  -3.6051  5.74448  22.4253
  endloop
 endfacet
 facet normal -0.846948 0.500113 0.180464
  outer loop
   vertex -4.70551  2.84097  35.5286
   vertex -5.53339  3.65756  29.3802
   vertex -5.87503  3.07899  29.3802
  endloop
 endfacet
 facet normal 0.927272  0.32663 0.182972
  outer loop
   vertex  5.07592  2.10901  35.5286
   vertex  5.27713  1.53782  35.5286
   vertex  6.27933  2.13686  29.3802
  endloop
 endfacet
 facet normal        0        0        1
  outer loop
   vertex -0.623842  4.31544  47.8253
   vertex -0.0780545  4.35961  47.8253
   vertex -0.195304  5.49316  47.8253
  endloop
 endfacet
 facet normal -0.968593 -0.169586 0.181849
  outer loop
   vertex -5.35383 -1.24478  35.5286
   vertex -5.45827 -0.648258  35.5286
   vertex -6.58094 -0.829096  29.3802
  endloop
 endfacet
 facet normal -0.402154 0.897281 0.182097
  outer loop
   vertex -2.52098  4.88443   41.677
   vertex -1.96835  5.13211   41.677
   vertex -2.45216  6.16304  35.5286
  endloop
 endfacet
 facet normal -0.286009 -0.94071 0.182383
  outer loop
   vertex -1.30677 -5.33904  35.5286
   vertex -1.88618 -5.16288  35.5286
   vertex -2.15384 -6.27353  29.3802
  endloop
 endfacet
 facet normal -0.484757 -0.855319 0.182868
  outer loop
   vertex -2.44269 -4.92404  35.5286
   vertex -2.96955 -4.62544  35.5286
   vertex  -3.3726 -5.71154  29.3802
  endloop
 endfacet
 facet normal -0.763127 -0.62053 0.180499
  outer loop
   vertex -4.31053 -3.41061  47.8253
   vertex -5.35166 -3.91866   41.677
   vertex -4.92776 -4.43997   41.677
  endloop
 endfacet
 facet normal -0.821968 -0.54013 0.180633
  outer loop
   vertex -4.65957 -2.91572  47.8253
   vertex -5.72065 -3.35714   41.677
   vertex -5.35166 -3.91866   41.677
  endloop
 endfacet
 facet normal -0.387739 -0.903488 0.182666
  outer loop
   vertex -1.88618 -5.16288  35.5286
   vertex -2.44269 -4.92404  35.5286
   vertex -2.77747 -6.02344  29.3802
  endloop
 endfacet
 facet normal -0.180801 -0.96653 0.182018
  outer loop
   vertex -0.711505 -5.45039  47.8253
   vertex -1.30677 -5.33904  47.8253
   vertex -1.50811 -6.45924   41.677
  endloop
 endfacet
 facet normal -0.0759967 -0.980433 0.181592
  outer loop
   vertex -0.711505 -5.45039   41.677
   vertex  -0.8469 -6.57867  35.5286
   vertex -0.177002  -6.6306  35.5286
  endloop
 endfacet
 facet normal 0.0235822 -0.983158  0.18123
  outer loop
   vertex -0.107599 -5.49558   41.677
   vertex -0.177002  -6.6306  35.5286
   vertex 0.494712 -6.61448  35.5286
  endloop
 endfacet
 facet normal 0.456538 0.871122 0.180883
  outer loop
   vertex  2.71024  4.78201  47.8253
   vertex   3.3726  5.71154   41.677
   vertex  2.77747  6.02344   41.677
  endloop
 endfacet
 facet normal -0.971002 0.154076 0.182797
  outer loop
   vertex -5.46792 0.561053   41.677
   vertex -5.37302  1.15916   41.677
   vertex -6.52733  1.17902  35.5286
  endloop
 endfacet
 facet normal -0.948132 0.259953 0.182951
  outer loop
   vertex -5.37302  1.15916  47.8253
   vertex -5.21289   1.7432  47.8253
   vertex -6.37456  1.83333   41.677
  endloop
 endfacet
 facet normal -0.913768 0.362671 0.183024
  outer loop
   vertex -5.21289   1.7432   41.677
   vertex -4.98948  2.30608   41.677
   vertex -6.15638  2.46883  35.5286
  endloop
 endfacet
 facet normal -0.791991 0.583219 0.180571
  outer loop
   vertex -4.36442  3.34137  35.5286
   vertex -5.13497   4.1986  29.3802
   vertex -5.53339  3.65756  29.3802
  endloop
 endfacet
 facet normal 0.710159 -0.679907 0.182757
  outer loop
   vertex  4.17373 -3.57673  35.5286
   vertex  3.75492 -4.01416  35.5286
   vertex  4.68386 -4.69655  29.3802
  endloop
 endfacet
 facet normal -0.580996 0.793458 0.181297
  outer loop
   vertex   -3.043  4.57746  47.8253
   vertex -3.64257  5.54327   41.677
   vertex -4.18469  5.14631   41.677
  endloop
 endfacet
 facet normal        0        0       -1
  outer loop
   vertex  3.69037  4.07359  35.5286
   vertex  4.45329  4.91573  35.5286
   vertex  4.92776  4.43997  35.5286
  endloop
 endfacet
 facet normal        0        0       -1
  outer loop
   vertex  6.03093  2.76116   41.677
   vertex  5.07592  2.10901   41.677
   vertex  4.81311  2.65461   41.677
  endloop
 endfacet
 facet normal       -0        0        1
  outer loop
   vertex  3.91145  1.92685  47.8253
   vertex  4.12211  1.42143  47.8253
   vertex  5.07592  2.10901  47.8253
  endloop
 endfacet
 facet normal        0        0       -1
  outer loop
   vertex  6.63105 0.159059  35.5286
   vertex  6.61312 -0.512609  35.5286
   vertex  5.49053 -0.258985  35.5286
  endloop
 endfacet
 facet normal -0.860905 -0.47482 0.182724
  outer loop
   vertex -4.65956 -2.91572  29.3802
   vertex -4.95204 -2.38543  29.3802
   vertex -5.99783 -3.16574  22.4253
  endloop
 endfacet
 facet normal        0        0       -1
  outer loop
   vertex -0.177002  -6.6306  29.3802
   vertex  -0.8469 -6.57867  29.3802
   vertex -0.711504 -5.45039  29.3802
  endloop
 endfacet
 facet normal        0        0        1
  outer loop
   vertex  2.62566 -3.48112  47.8253
   vertex  3.29054 -4.40287  47.8253
   vertex  3.75492 -4.01416  47.8253
  endloop
 endfacet
 facet normal        0        0       -1
  outer loop
   vertex -4.68386  4.69655   41.677
   vertex -4.18469  5.14631   41.677
   vertex -3.52809  4.21492   41.677
  endloop
 endfacet
 facet normal        0        0       -1
  outer loop
   vertex   0.8469  6.57867   41.677
   vertex  1.50811  6.45924   41.677
   vertex  1.01067  5.40292   41.677
  endloop
 endfacet
 facet normal       -0        0       -1
  outer loop
   vertex  1.81607  -6.3795   41.677
   vertex  1.16135  -6.5305   41.677
   vertex  1.09678 -5.38609   41.677
  endloop
 endfacet
 facet normal        0        0       -1
  outer loop
   vertex -6.61312 0.512609  35.5286
   vertex -5.46792 0.561053  35.5286
   vertex -5.49646 -0.0438689  35.5286
  endloop
 endfacet
 facet normal       -0        0       -1
  outer loop
   vertex 0.494712 -6.61448  35.5286
   vertex -0.177002  -6.6306  35.5286
   vertex -0.107599 -5.49558  35.5286
  endloop
 endfacet
 facet normal        0       -0       -1
  outer loop
   vertex  3.93313  5.34104  29.3802
   vertex  4.45329  4.91573  29.3802
   vertex  3.69037  4.07359  29.3802
  endloop
 endfacet
 facet normal        0        0       -1
  outer loop
   vertex -6.03093 -2.76116  29.3802
   vertex -6.27933 -2.13686  29.3802
   vertex  -5.1844 -1.82619  29.3802
  endloop
 endfacet
 facet normal        0        0       -1
  outer loop
   vertex -2.77747 -6.02344   41.677
   vertex -2.44269 -4.92404   41.677
   vertex -1.88618 -5.16288   41.677
  endloop
 endfacet
 facet normal        0        0       -1
  outer loop
   vertex -5.35166 -3.91866  35.5286
   vertex -5.72065 -3.35714  35.5286
   vertex -4.65956 -2.91572  35.5286
  endloop
 endfacet
 facet normal        0        0       -1
  outer loop
   vertex -4.92776 -4.43997  35.5286
   vertex -5.35166 -3.91866  35.5286
   vertex -4.31053 -3.41061  35.5286
  endloop
 endfacet
 facet normal        0        0        1
  outer loop
   vertex -0.468966 -4.33501  47.8253
   vertex -0.711505 -5.45039  47.8253
   vertex  -0.1076 -5.49558  47.8253
  endloop
 endfacet
 facet normal        0        0       -1
  outer loop
   vertex -6.03093 -2.76116   41.677
   vertex -6.27933 -2.13686   41.677
   vertex  -5.1844 -1.82619   41.677
  endloop
 endfacet
 facet normal -0.387739 -0.903489 0.182666
  outer loop
   vertex -1.88618 -5.16288   41.677
   vertex -2.44269 -4.92404   41.677
   vertex -2.77747 -6.02344  35.5286
  endloop
 endfacet
 facet normal        0       -0       -1
  outer loop
   vertex  3.93313  5.34104   41.677
   vertex  4.45329  4.91573   41.677
   vertex  3.69037  4.07359   41.677
  endloop
 endfacet
 facet normal -0.812376  0.55374 0.182801
  outer loop
   vertex -4.70551  2.84097  29.3802
   vertex -4.36442  3.34137  29.3802
   vertex -5.55337  3.89306  22.4253
  endloop
 endfacet
 facet normal        0        0       -1
  outer loop
   vertex -6.61312 0.512609  29.3802
   vertex -5.46792 0.561053  29.3802
   vertex -5.49646 -0.0438689  29.3802
  endloop
 endfacet
 facet normal        0        0       -1
  outer loop
   vertex -6.52733  1.17902  35.5286
   vertex -5.37302  1.15916  35.5286
   vertex -5.46792 0.561053  35.5286
  endloop
 endfacet
 facet normal        0        0       -1
  outer loop
   vertex -5.87503  3.07899   41.677
   vertex -5.53339  3.65756   41.677
   vertex -4.70551  2.84097   41.677
  endloop
 endfacet
 facet normal        0        0       -1
  outer loop
   vertex -5.53339  3.65756   41.677
   vertex -5.13497   4.1986   41.677
   vertex -4.36442  3.34137   41.677
  endloop
 endfacet
 facet normal        0        0       -1
  outer loop
   vertex  4.68386 -4.69655  29.3802
   vertex  3.75492 -4.01416  29.3802
   vertex  4.17373 -3.57673  29.3802
  endloop
 endfacet
 facet normal        0        0       -1
  outer loop
   vertex -4.68386  4.69655  29.3802
   vertex -4.18469  5.14631  29.3802
   vertex -3.52809  4.21492  29.3802
  endloop
 endfacet
 facet normal        0        0       -1
  outer loop
   vertex  5.10894 -2.02772  29.3802
   vertex  6.15638 -2.46883  29.3802
   vertex  5.87503 -3.07899  29.3802
  endloop
 endfacet
 facet normal        0       -0       -1
  outer loop
   vertex -1.81607   6.3795  35.5286
   vertex -1.39183   5.3175  35.5286
   vertex -1.96835  5.13211  35.5286
  endloop
 endfacet
 facet normal        0       -0       -1
  outer loop
   vertex  6.58094 0.829096  35.5286
   vertex  6.63105 0.159059  35.5286
   vertex  5.48569  0.34659  35.5286
  endloop
 endfacet
 facet normal        0        0        1
  outer loop
   vertex -4.29701 0.740237  47.8253
   vertex -5.37302  1.15916  47.8253
   vertex -5.46792 0.561053  47.8253
  endloop
 endfacet
 facet normal        0       -0       -1
  outer loop
   vertex   3.3726  5.71154   41.677
   vertex  3.93313  5.34104   41.677
   vertex  3.21985  4.45483   41.677
  endloop
 endfacet
 facet normal -0.982102 0.0463262 0.182562
  outer loop
   vertex -5.49646 -0.0438689  35.5286
   vertex -5.46792 0.561053  35.5286
   vertex -6.61312 0.512609  29.3802
  endloop
 endfacet
 facet normal 0.347327 -0.920008 0.181522
  outer loop
   vertex  1.68264 -5.23275  29.3802
   vertex  2.07613 -6.45643  22.4253
   vertex  2.70867 -6.21764  22.4253
  endloop
 endfacet
 facet normal 0.0192454 0.982924 0.183005
  outer loop
   vertex -0.195304  5.49316   41.677
   vertex 0.410174  5.48131   41.677
   vertex 0.177002   6.6306  35.5286
  endloop
 endfacet
 facet normal        0       -0       -1
  outer loop
   vertex   3.3726  5.71154  35.5286
   vertex  3.93313  5.34104  35.5286
   vertex  3.21985  4.45483  35.5286
  endloop
 endfacet
 facet normal  0.22103 -0.958379 0.180706
  outer loop
   vertex  1.09678 -5.38609  47.8253
   vertex  1.16135  -6.5305   41.677
   vertex  1.81607  -6.3795   41.677
  endloop
 endfacet
 facet normal 0.935878 -0.302074 0.181335
  outer loop
   vertex  6.34229 -2.40234  22.4253
   vertex  6.54997 -1.75891  22.4253
   vertex    5.301 -1.45339  29.3802
  endloop
 endfacet
 facet normal -0.392767 0.901583 0.181335
  outer loop
   vertex -1.96835  5.13211  29.3802
   vertex -2.39538  6.34492  22.4253
   vertex -3.01522  6.07489  22.4253
  endloop
 endfacet
 facet normal 0.522797 -0.833042   0.1809
  outer loop
   vertex  2.78622 -4.73814  29.3802
   vertex  3.31428 -5.91704  22.4253
   vertex  3.88696 -5.55764  22.4253
  endloop
 endfacet
 facet normal 0.603164 -0.776875 0.180714
  outer loop
   vertex  3.29054 -4.40287  29.3802
   vertex  3.88696 -5.55764  22.4253
   vertex  4.42101 -5.14301  22.4253
  endloop
 endfacet
 facet normal -0.180771 -0.966373 0.182878
  outer loop
   vertex -0.711504 -5.45039  29.3802
   vertex -1.30677 -5.33904  29.3802
   vertex -1.26451  -6.6631  22.4253
  endloop
 endfacet
 facet normal 0.780631 -0.597646 0.182852
  outer loop
   vertex  4.54186 -3.09587  29.3802
   vertex  4.17373 -3.57673  29.3802
   vertex  5.35242 -4.16503  22.4253
  endloop
 endfacet
 facet normal -0.502783 -0.845245 0.181025
  outer loop
   vertex -2.96955 -4.62544  29.3802
   vertex  -3.7534 -5.64871  22.4253
   vertex -3.17232 -5.99435  22.4253
  endloop
 endfacet
 facet normal 0.841746 -0.508209 0.182173
  outer loop
   vertex  4.85487 -2.57744   41.677
   vertex  4.54186 -3.09587   41.677
   vertex  5.53339 -3.65756  35.5286
  endloop
 endfacet
 facet normal 0.699325 0.691263 0.181935
  outer loop
   vertex  3.69037  4.07359  35.5286
   vertex   4.1161  3.64289  35.5286
   vertex  4.92776  4.43997  29.3802
  endloop
 endfacet
 facet normal  0.22103 -0.958379 0.180706
  outer loop
   vertex  1.09678 -5.38609   41.677
   vertex  1.16135  -6.5305  35.5286
   vertex  1.81607  -6.3795  35.5286
  endloop
 endfacet
 facet normal 0.927272  0.32663 0.182972
  outer loop
   vertex  5.07592  2.10901   41.677
   vertex  5.27713  1.53782   41.677
   vertex  6.27933  2.13686  35.5286
  endloop
 endfacet
 facet normal -0.0890043 0.979095 0.182899
  outer loop
   vertex -0.798411  5.43834  35.5286
   vertex -0.195303  5.49316  35.5286
   vertex -0.494712  6.61448  29.3802
  endloop
 endfacet
 facet normal -0.913886 0.362718 0.182341
  outer loop
   vertex -5.21289   1.7432  29.3802
   vertex -4.98948  2.30608  29.3802
   vertex -6.21466  2.71549  22.4253
  endloop
 endfacet
 facet normal 0.248986 -0.951261 0.181958
  outer loop
   vertex  1.68264 -5.23275  29.3802
   vertex  1.09678 -5.38609  29.3802
   vertex  1.42296 -6.63107  22.4253
  endloop
 endfacet
 facet normal -0.945825 -0.26925 0.181439
  outer loop
   vertex -5.35383 -1.24478  35.5286
   vertex -6.46329 -1.49062  29.3802
   vertex -6.27933 -2.13686  29.3802
  endloop
 endfacet
 facet normal 0.761532 0.622292  0.18117
  outer loop
   vertex  5.45901  4.02431  22.4253
   vertex  5.03119  4.54785  22.4253
   vertex   4.1161  3.64289  29.3802
  endloop
 endfacet
 facet normal -0.0733657 -0.980409 0.182801
  outer loop
   vertex -0.107599 -5.49558  29.3802
   vertex -0.711504 -5.45039  29.3802
   vertex -0.594799 -6.75589  22.4253
  endloop
 endfacet
 facet normal 0.677532 -0.712973 0.180611
  outer loop
   vertex  3.75492 -4.01416  29.3802
   vertex  4.42101 -5.14301  22.4253
   vertex  4.91112 -4.67726  22.4253
  endloop
 endfacet
 facet normal 0.127262 0.974869 0.182852
  outer loop
   vertex 0.410175  5.48131  29.3802
   vertex  1.01067  5.40292  29.3802
   vertex 0.930814  6.71785  22.4253
  endloop
 endfacet
 facet normal 0.979825 0.0851812 0.180797
  outer loop
   vertex  5.48569  0.34659  29.3802
   vertex  6.77742 0.249869  22.4253
   vertex  6.71886 0.923441  22.4253
  endloop
 endfacet
 facet normal        0        0       -1
  outer loop
   vertex -3.64257  5.54327  35.5286
   vertex -3.06308  5.88334  35.5286
   vertex -2.52098  4.88443  35.5286
  endloop
 endfacet
 facet normal -0.196199 0.963495 0.182163
  outer loop
   vertex -1.39183   5.3175  29.3802
   vertex -0.798411  5.43834  29.3802
   vertex -1.09066  6.69375  22.4253
  endloop
 endfacet
 facet normal -0.981296 -0.0619995 0.182246
  outer loop
   vertex -5.45827 -0.648258  35.5286
   vertex -5.49646 -0.0438689  35.5286
   vertex -6.63105 -0.159059  29.3802
  endloop
 endfacet
 facet normal 0.0192464 0.982976 0.182724
  outer loop
   vertex -0.195303  5.49316  29.3802
   vertex 0.410175  5.48131  29.3802
   vertex 0.257307  6.77714  22.4253
  endloop
 endfacet
 facet normal -0.325355 -0.928175 0.180652
  outer loop
   vertex -1.88618 -5.16288  29.3802
   vertex -2.55971 -6.28043  22.4253
   vertex -1.92166 -6.50408  22.4253
  endloop
 endfacet
 facet normal 0.544262 -0.818709 0.183016
  outer loop
   vertex  3.29054 -4.40287  35.5286
   vertex  2.78622 -4.73814  35.5286
   vertex  3.64257 -5.54327  29.3802
  endloop
 endfacet
 facet normal -0.982834 -0.0362351   0.1809
  outer loop
   vertex -5.49646 -0.0438689  29.3802
   vertex -6.78145 0.0882677  22.4253
   vertex -6.75654 -0.587385  22.4253
  endloop
 endfacet
 facet normal 0.699325 0.691263 0.181935
  outer loop
   vertex  3.69037  4.07359  47.8253
   vertex   4.1161  3.64289  47.8253
   vertex  4.92776  4.43997   41.677
  endloop
 endfacet
 facet normal  0.14282 -0.972807 0.182342
  outer loop
   vertex  1.09678 -5.38609  29.3802
   vertex 0.497613 -5.47406  29.3802
   vertex 0.755649  -6.7398  22.4253
  endloop
 endfacet
 facet normal -0.0890043 0.979095 0.182899
  outer loop
   vertex -0.798411  5.43834   41.677
   vertex -0.195304  5.49316   41.677
   vertex -0.494712  6.61448  35.5286
  endloop
 endfacet
 facet normal -0.971002 0.154076 0.182797
  outer loop
   vertex -5.46792 0.561053  35.5286
   vertex -5.37302  1.15916  35.5286
   vertex -6.52733  1.17902  29.3802
  endloop
 endfacet
 facet normal -0.803481 -0.56667 0.182495
  outer loop
   vertex -4.31053 -3.41061  29.3802
   vertex -4.65956 -2.91572  29.3802
   vertex -5.65282  -3.7472  22.4253
  endloop
 endfacet
 facet normal 0.699322  0.69126 0.181959
  outer loop
   vertex  3.69037  4.07359  29.3802
   vertex   4.1161  3.64289  29.3802
   vertex  5.03119  4.54785  22.4253
  endloop
 endfacet
 facet normal -0.944064 -0.329761        0
  outer loop
   vertex -6.28323 -2.55281  19.9483
   vertex -6.28323 -2.55281  22.4253
   vertex -6.50619 -1.91452  22.4253
  endloop
 endfacet
 facet normal 0.550855 -0.834601 1.41336e-08
  outer loop
   vertex -2.16865  3.78275  19.9483
   vertex -2.16866  3.78275  47.8253
   vertex -2.62566  3.48112  47.8253
  endloop
 endfacet
 facet normal 0.623528 0.781801 2.13309e-08
  outer loop
   vertex -2.92746 -3.23145  19.9483
   vertex -2.92746 -3.23145  47.8253
   vertex -2.49937 -3.57287  47.8253
  endloop
 endfacet
 facet normal -0.846948 0.500113 0.180464
  outer loop
   vertex -4.70551  2.84097   41.677
   vertex -5.53339  3.65756  35.5286
   vertex -5.87503  3.07899  35.5286
  endloop
 endfacet
 facet normal 0.553433 0.832894       -0
  outer loop
   vertex  3.46717  5.82877  19.9483
   vertex  3.46717  5.82877  22.4253
   vertex   4.0303  5.45459  22.4253
  endloop
 endfacet
 facet normal        0       -0       -1
  outer loop
   vertex  2.77747  6.02344  29.3802
   vertex   3.3726  5.71154  29.3802
   vertex  2.71024  4.78201  29.3802
  endloop
 endfacet
 facet normal        0        0       -1
  outer loop
   vertex  2.15384  6.27353  35.5286
   vertex  2.77747  6.02344  35.5286
   vertex  2.16773  5.05113  35.5286
  endloop
 endfacet
 facet normal        0        0       -1
  outer loop
   vertex -5.35166 -3.91866   41.677
   vertex -5.72065 -3.35714   41.677
   vertex -4.65956 -2.91572   41.677
  endloop
 endfacet
 facet normal 0.780682 -0.597684 0.182506
  outer loop
   vertex  4.54186 -3.09587   41.677
   vertex  4.17372 -3.57673   41.677
   vertex  5.13497  -4.1986  35.5286
  endloop
 endfacet
 facet normal -0.91379 -0.363579 0.181103
  outer loop
   vertex  -5.1844 -1.82619   41.677
   vertex -6.27933 -2.13686  35.5286
   vertex -6.03093 -2.76116  35.5286
  endloop
 endfacet
 facet normal       -0        0       -1
  outer loop
   vertex -5.35383 -1.24478  35.5286
   vertex -6.46329 -1.49062  35.5286
   vertex -6.58094 -0.829096  35.5286
  endloop
 endfacet
 facet normal 0.841746 -0.508209 0.182173
  outer loop
   vertex  4.85487 -2.57744  47.8253
   vertex  4.54186 -3.09587  47.8253
   vertex  5.53339 -3.65756   41.677
  endloop
 endfacet
 facet normal 0.542297 0.820423 0.181165
  outer loop
   vertex  3.21985  4.45483  47.8253
   vertex  3.93313  5.34104   41.677
   vertex   3.3726  5.71154   41.677
  endloop
 endfacet
 facet normal -0.945825 -0.26925 0.181439
  outer loop
   vertex -5.35383 -1.24478   41.677
   vertex -6.46329 -1.49062  35.5286
   vertex -6.27933 -2.13686  35.5286
  endloop
 endfacet
 facet normal 0.961234 -0.207375 0.181729
  outer loop
   vertex    5.301 -1.45339  29.3802
   vertex  6.54997 -1.75891  22.4253
   vertex  6.69255   -1.098  22.4253
  endloop
 endfacet
 facet normal -0.968593 -0.169585 0.181849
  outer loop
   vertex -5.35383 -1.24478   41.677
   vertex -5.45827 -0.648258   41.677
   vertex -6.58094 -0.829096  35.5286
  endloop
 endfacet
 facet normal -0.402154 0.897281 0.182097
  outer loop
   vertex -2.52098  4.88443  47.8253
   vertex -1.96835  5.13211  47.8253
   vertex -2.45216  6.16304   41.677
  endloop
 endfacet
 facet normal 0.983395 -0.0128006 0.181025
  outer loop
   vertex  5.49053 -0.258985  29.3802
   vertex  6.76862 -0.426185  22.4253
   vertex  6.77742 0.249869  22.4253
  endloop
 endfacet
 facet normal        0       -0       -1
  outer loop
   vertex -0.494713  6.61448   41.677
   vertex -0.195304  5.49316   41.677
   vertex -0.798411  5.43834   41.677
  endloop
 endfacet
 facet normal 0.983206 -0.0262479 0.180601
  outer loop
   vertex  5.49053 -0.258985  35.5286
   vertex  6.61312 -0.512609  29.3802
   vertex  6.63105 0.159059  29.3802
  endloop
 endfacet
 facet normal        0        0       -1
  outer loop
   vertex  5.35166  3.91866  35.5286
   vertex  4.49187  3.16798  35.5286
   vertex   4.1161  3.64289  35.5286
  endloop
 endfacet
 facet normal 0.980839 0.0733601  0.18048
  outer loop
   vertex  5.48569  0.34659  35.5286
   vertex  6.63105 0.159059  29.3802
   vertex  6.58094 0.829096  29.3802
  endloop
 endfacet
 facet normal        0        0        1
  outer loop
   vertex  2.03186  3.85795  47.8253
   vertex  2.71024  4.78201  47.8253
   vertex  2.16773  5.05113  47.8253
  endloop
 endfacet
 facet normal -0.575895 -0.796781  0.18299
  outer loop
   vertex -2.96955 -4.62544  35.5286
   vertex -3.46036 -4.27069  35.5286
   vertex -3.93313 -5.34104  29.3802
  endloop
 endfacet
 facet normal -0.948132 0.259953 0.182951
  outer loop
   vertex -5.37302  1.15916  35.5286
   vertex -5.21289   1.7432  35.5286
   vertex -6.37456  1.83333  29.3802
  endloop
 endfacet
 facet normal        0        0       -1
  outer loop
   vertex  -3.3726 -5.71154   41.677
   vertex -2.96955 -4.62544   41.677
   vertex -2.44269 -4.92404   41.677
  endloop
 endfacet
 facet normal        0        0       -1
  outer loop
   vertex  4.68386 -4.69655  35.5286
   vertex  3.75492 -4.01416  35.5286
   vertex  4.17373 -3.57673  35.5286
  endloop
 endfacet
 facet normal       -0        0       -1
  outer loop
   vertex  2.45216 -6.16304   41.677
   vertex  1.81607  -6.3795   41.677
   vertex  1.68264 -5.23275   41.677
  endloop
 endfacet
 facet normal        0        0        1
  outer loop
   vertex  4.49187  3.16798  47.8253
   vertex   4.1161  3.64289  47.8253
   vertex  3.30938  2.83906  47.8253
  endloop
 endfacet
 facet normal        0        0       -1
  outer loop
   vertex  4.18469 -5.14631   41.677
   vertex  3.29054 -4.40287   41.677
   vertex  3.75492 -4.01416   41.677
  endloop
 endfacet
 facet normal        0        0        1
  outer loop
   vertex -3.97792   1.7856  47.8253
   vertex -4.98948  2.30608  47.8253
   vertex -5.21289   1.7432  47.8253
  endloop
 endfacet
 facet normal        0        0       -1
  outer loop
   vertex -4.45329 -4.91573   41.677
   vertex -4.92776 -4.43997   41.677
   vertex -3.90917 -3.86411   41.677
  endloop
 endfacet
 facet normal -0.763127 -0.62053 0.180499
  outer loop
   vertex -4.31053 -3.41061   41.677
   vertex -5.35166 -3.91866  35.5286
   vertex -4.92776 -4.43997  35.5286
  endloop
 endfacet
 facet normal -0.965784 0.259349        0
  outer loop
   vertex  -6.6295  1.43024  19.9483
   vertex  -6.6295  1.43024  22.4253
   vertex -6.45415  2.08321  22.4253
  endloop
 endfacet
 facet normal        0        0       -1
  outer loop
   vertex -2.77747 -6.02344  35.5286
   vertex -2.44269 -4.92404  35.5286
   vertex -1.88618 -5.16288  35.5286
  endloop
 endfacet
 facet normal        0       -0       -1
  outer loop
   vertex 0.177002   6.6306  29.3802
   vertex 0.410175  5.48131  29.3802
   vertex -0.195303  5.49316  29.3802
  endloop
 endfacet
 facet normal        0       -0       -1
  outer loop
   vertex -1.16135   6.5305  29.3802
   vertex -0.798411  5.43834  29.3802
   vertex -1.39183   5.3175  29.3802
  endloop
 endfacet
 facet normal 0.927273 0.326629 0.182972
  outer loop
   vertex  5.07592  2.10901  47.8253
   vertex  5.27713  1.53782  47.8253
   vertex  6.27933  2.13686   41.677
  endloop
 endfacet
 facet normal 0.316863 -0.931129 0.180544
  outer loop
   vertex  1.68264 -5.23275  35.5286
   vertex  1.81607  -6.3795  29.3802
   vertex  2.45216 -6.16304  29.3802
  endloop
 endfacet
 facet normal        0        0       -1
  outer loop
   vertex  6.63105 0.159059  29.3802
   vertex  6.61312 -0.512609  29.3802
   vertex  5.49053 -0.258985  29.3802
  endloop
 endfacet
 facet normal        0        0        1
  outer loop
   vertex  4.81311  2.65461  47.8253
   vertex  4.49187  3.16798  47.8253
   vertex  3.63911   2.4019  47.8253
  endloop
 endfacet
 facet normal        0        0       -1
  outer loop
   vertex  5.72065  3.35714  29.3802
   vertex  4.81311  2.65461  29.3802
   vertex  4.49187  3.16798  29.3802
  endloop
 endfacet
 facet normal        0        0       -1
  outer loop
   vertex -6.15638  2.46883  35.5286
   vertex -4.98948  2.30608  35.5286
   vertex -5.21289   1.7432  35.5286
  endloop
 endfacet
 facet normal 0.258288 -0.966068        0
  outer loop
   vertex  2.07613 -6.45643  19.9483
   vertex  2.07613 -6.45643  22.4253
   vertex  1.42296 -6.63107  22.4253
  endloop
 endfacet
 facet normal        0        0       -1
  outer loop
   vertex -6.61312 0.512609   41.677
   vertex -5.46792 0.561053   41.677
   vertex -5.49646 -0.0438689   41.677
  endloop
 endfacet
 facet normal        0        0       -1
  outer loop
   vertex -3.93313 -5.34104  35.5286
   vertex -3.46036 -4.27069  35.5286
   vertex -2.96955 -4.62544  35.5286
  endloop
 endfacet
 facet normal -0.913768 0.362672 0.183024
  outer loop
   vertex -5.21289   1.7432  47.8253
   vertex -4.98948  2.30608  47.8253
   vertex -6.15638  2.46883   41.677
  endloop
 endfacet
 facet normal        0        0       -1
  outer loop
   vertex  6.27933  2.13686  29.3802
   vertex  5.27713  1.53782  29.3802
   vertex  5.07593  2.10901  29.3802
  endloop
 endfacet
 facet normal -0.728899 0.660331 0.180746
  outer loop
   vertex -3.97035  3.80122  35.5286
   vertex -4.68386  4.69655  29.3802
   vertex -5.13497   4.1986  29.3802
  endloop
 endfacet
 facet normal -0.550855 0.834601 -1.41336e-08
  outer loop
   vertex  2.16865 -3.78275  19.9483
   vertex  2.16865 -3.78275  47.8253
   vertex  2.62566 -3.48112  47.8253
  endloop
 endfacet
 facet normal 0.651115 -0.758979 1.6706e-08
  outer loop
   vertex -3.04125  3.12458  19.9483
   vertex -2.62566  3.48112  19.9483
   vertex -2.62566  3.48112  47.8253
  endloop
 endfacet
 facet normal 0.975472 -0.125576 0.180789
  outer loop
   vertex  5.42871 -0.861417  47.8253
   vertex  6.52733 -1.17902   41.677
   vertex  6.61312 -0.512609   41.677
  endloop
 endfacet
 facet normal        0       -0       -1
  outer loop
   vertex -1.81607   6.3795  29.3802
   vertex -1.39183   5.3175  29.3802
   vertex -1.96835  5.13211  29.3802
  endloop
 endfacet
 facet normal  0.18645 0.982464       -0
  outer loop
   vertex 0.930814  6.71785  19.9483
   vertex 0.930814  6.71785  22.4253
   vertex  1.59507  6.59178  22.4253
  endloop
 endfacet
 facet normal -0.209814 0.977741        0
  outer loop
   vertex -1.75172   6.5519  19.9483
   vertex -1.75172   6.5519  22.4253
   vertex -1.09066  6.69375  22.4253
  endloop
 endfacet
 facet normal -0.306122 0.951992        0
  outer loop
   vertex -2.39538  6.34492  19.9483
   vertex -2.39538  6.34492  22.4253
   vertex -1.75172   6.5519  22.4253
  endloop
 endfacet
 facet normal -0.409513 -0.912304 -1.05071e-08
  outer loop
   vertex  2.03186  3.85795  19.9483
   vertex  2.03186  3.85795  47.8253
   vertex   1.5323  4.08219  47.8253
  endloop
 endfacet
 facet normal 0.174834 0.967923  0.18044
  outer loop
   vertex  1.01067  5.40292  35.5286
   vertex  1.50811  6.45924  29.3802
   vertex 0.846901  6.57867  29.3802
  endloop
 endfacet
 facet normal -0.330798 -0.943702        0
  outer loop
   vertex -1.92166 -6.50408  19.9483
   vertex -1.92166 -6.50408  22.4253
   vertex -2.55971 -6.28043  22.4253
  endloop
 endfacet
 facet normal 0.441908 -0.897061 1.13383e-08
  outer loop
   vertex -1.67745  4.02472  19.9483
   vertex -1.67745  4.02472  47.8253
   vertex -2.16866  3.78275  47.8253
  endloop
 endfacet
 facet normal -0.623528 -0.781801 -2.1331e-08
  outer loop
   vertex  2.49936  3.57287  19.9483
   vertex  2.92746  3.23145  19.9483
   vertex  2.92746  3.23145  47.8253
  endloop
 endfacet
 facet normal 0.688861 -0.724894        0
  outer loop
   vertex  4.91112 -4.67726  19.9483
   vertex  4.91112 -4.67726  22.4253
   vertex  4.42101 -5.14301  22.4253
  endloop
 endfacet
 facet normal 0.819749 0.543403   0.1809
  outer loop
   vertex  5.83258  3.46077  22.4253
   vertex  5.45901  4.02431  22.4253
   vertex  4.49187  3.16798  29.3802
  endloop
 endfacet
 facet normal -0.868391 0.461028 0.182622
  outer loop
   vertex -4.98948  2.30608  29.3802
   vertex -4.70551  2.84097  29.3802
   vertex  -5.9134  3.32077  22.4253
  endloop
 endfacet
 facet normal 0.204935 -0.978776 5.69631e-09
  outer loop
   vertex -0.623842  4.31544  19.9483
   vertex -0.623842  4.31544  47.8253
   vertex -1.15979  4.20323  47.8253
  endloop
 endfacet
 facet normal -0.441909  0.89706 -9.44858e-09
  outer loop
   vertex  1.67745 -4.02472  19.9483
   vertex  1.67745 -4.02472  47.8253
   vertex  2.16865 -3.78275  47.8253
  endloop
 endfacet
 facet normal        0        0       -1
  outer loop
   vertex  5.13497  -4.1986   41.677
   vertex  4.17372 -3.57673   41.677
   vertex  4.54186 -3.09587   41.677
  endloop
 endfacet
 facet normal -0.0119168 0.999929        0
  outer loop
   vertex -0.418757  6.76908  19.9483
   vertex -0.418757  6.76908  22.4253
   vertex 0.257307  6.77714  22.4253
  endloop
 endfacet
 facet normal 0.757614 -0.652702        0
  outer loop
   vertex  5.35242 -4.16503  19.9483
   vertex  5.35242 -4.16503  22.4253
   vertex  4.91112 -4.67726  22.4253
  endloop
 endfacet
 facet normal -0.846432 0.532496        0
  outer loop
   vertex  -5.9134  3.32077  19.9483
   vertex  -5.9134  3.32077  22.4253
   vertex -5.55337  3.89306  22.4253
  endloop
 endfacet
 facet normal        0        0       -1
  outer loop
   vertex -5.87503  3.07899  29.3802
   vertex -5.53339  3.65756  29.3802
   vertex -4.70551  2.84097  29.3802
  endloop
 endfacet
 facet normal        0        0        1
  outer loop
   vertex  1.67745 -4.02472  47.8253
   vertex  1.15979 -4.20323  47.8253
   vertex  1.68264 -5.23275  47.8253
  endloop
 endfacet
 facet normal        0        0        1
  outer loop
   vertex -3.63911  -2.4019  47.8253
   vertex -4.65957 -2.91572  47.8253
   vertex -4.31053 -3.41061  47.8253
  endloop
 endfacet
 facet normal       -0        0       -1
  outer loop
   vertex 0.494712 -6.61448   41.677
   vertex -0.177002  -6.6306   41.677
   vertex -0.107599 -5.49558   41.677
  endloop
 endfacet
 facet normal        0        0       -1
  outer loop
   vertex  6.52733 -1.17902  35.5286
   vertex  6.37456 -1.83333  35.5286
   vertex    5.301 -1.45339  35.5286
  endloop
 endfacet
 facet normal -0.821968 -0.54013 0.180633
  outer loop
   vertex -4.65956 -2.91572  35.5286
   vertex -5.72065 -3.35714  29.3802
   vertex -5.35166 -3.91866  29.3802
  endloop
 endfacet
 facet normal -0.907892 -0.377223 0.182852
  outer loop
   vertex -4.95204 -2.38543  29.3802
   vertex  -5.1844 -1.82619  29.3802
   vertex -6.28323 -2.55281  22.4253
  endloop
 endfacet
 facet normal 0.885742 0.426667 0.182801
  outer loop
   vertex  4.81311  2.65461  29.3802
   vertex  5.07593  2.10901  29.3802
   vertex  6.14817  2.86283  22.4253
  endloop
 endfacet
 facet normal 0.631034 -0.75388 0.182927
  outer loop
   vertex  3.75492 -4.01416  35.5286
   vertex  3.29054 -4.40287  35.5286
   vertex  4.18469 -5.14631  29.3802
  endloop
 endfacet
 facet normal -0.971002 0.154076 0.182797
  outer loop
   vertex -5.46792 0.561053  47.8253
   vertex -5.37302  1.15916  47.8253
   vertex -6.52733  1.17902   41.677
  endloop
 endfacet
 facet normal 0.460037 0.869276   0.1809
  outer loop
   vertex  2.71024  4.78201  29.3802
   vertex  3.46717  5.82877  22.4253
   vertex  2.86958  6.14503  22.4253
  endloop
 endfacet
 facet normal -0.196178 0.963395 0.182713
  outer loop
   vertex -1.39183   5.3175   41.677
   vertex -0.798411  5.43834   41.677
   vertex -1.16135   6.5305  35.5286
  endloop
 endfacet
 facet normal 0.885736 0.426664 0.182835
  outer loop
   vertex  4.81311  2.65461  35.5286
   vertex  5.07592  2.10901  35.5286
   vertex  6.03093  2.76116  29.3802
  endloop
 endfacet
 facet normal        0        0       -1
  outer loop
   vertex  6.37456 -1.83333  35.5286
   vertex  6.15638 -2.46883  35.5286
   vertex  5.10894 -2.02772  35.5286
  endloop
 endfacet
 facet normal 0.818837 -0.574026        0
  outer loop
   vertex  5.74052 -3.61141  19.9483
   vertex  5.74052 -3.61141  22.4253
   vertex  5.35242 -4.16503  22.4253
  endloop
 endfacet
 facet normal -0.999321 -0.036843        0
  outer loop
   vertex -6.75654 -0.587385  19.9483
   vertex -6.75654 -0.587385  22.4253
   vertex -6.78145 0.0882677  22.4253
  endloop
 endfacet
 facet normal -0.0379382 -0.99928        0
  outer loop
   vertex 0.0808266 -6.78154  19.9483
   vertex 0.0808266 -6.78154  22.4253
   vertex -0.594799 -6.75589  22.4253
  endloop
 endfacet
 facet normal -0.724137 0.689656        0
  outer loop
   vertex -5.13816  4.42665  19.9483
   vertex -5.13816  4.42665  22.4253
   vertex -4.67187  4.91625  22.4253
  endloop
 endfacet
 facet normal 0.353194 -0.93555        0
  outer loop
   vertex  2.70867 -6.21764  19.9483
   vertex  2.70867 -6.21764  22.4253
   vertex  2.07613 -6.45643  22.4253
  endloop
 endfacet
 facet normal -0.671388 -0.741106        0
  outer loop
   vertex -4.29718 -5.24692  19.9483
   vertex -4.29718 -5.24692  22.4253
   vertex -4.79825 -4.79298  22.4253
  endloop
 endfacet
 facet normal -0.963976 -0.26599 -3.29777e-08
  outer loop
   vertex  4.26776  0.89358  19.9483
   vertex  4.26776  0.89358  47.8253
   vertex  4.12211  1.42143  47.8253
  endloop
 endfacet
 facet normal 0.977511 -0.210886        0
  outer loop
   vertex  6.69255   -1.098  19.9483
   vertex  6.69255   -1.098  22.4253
   vertex  6.54997 -1.75891  22.4253
  endloop
 endfacet
 facet normal -0.573127 0.819466        0
  outer loop
   vertex -4.15915  5.35699  19.9483
   vertex -4.15915  5.35699  22.4253
   vertex  -3.6051  5.74448  22.4253
  endloop
 endfacet
 facet normal 0.819409 -0.573209 2.1024e-08
  outer loop
   vertex -3.40889  2.71878  19.9483
   vertex -3.40889  2.71878  47.8253
   vertex -3.72276  2.27009  47.8253
  endloop
 endfacet
 facet normal -0.497705 0.848106 0.181673
  outer loop
   vertex -2.52098  4.88443  35.5286
   vertex -3.06308  5.88334  29.3802
   vertex -3.64257  5.54327  29.3802
  endloop
 endfacet
 facet normal 0.989712 0.143072 3.38581e-08
  outer loop
   vertex  -4.3461 -0.351642  19.9483
   vertex  -4.3461 -0.351642  47.8253
   vertex -4.26776 -0.89358  47.8253
  endloop
 endfacet
 facet normal  0.99984 0.0179015 3.42046e-08
  outer loop
   vertex  -4.3461 -0.351642  19.9483
   vertex  -4.3559 0.195842  19.9483
   vertex  -4.3559 0.195842  47.8253
  endloop
 endfacet
 facet normal -0.935162 0.354221        0
  outer loop
   vertex -6.45415  2.08321  19.9483
   vertex -6.45415  2.08321  22.4253
   vertex -6.21466  2.71549  22.4253
  endloop
 endfacet
 facet normal -0.23519 -0.971949        0
  outer loop
   vertex -1.26451  -6.6631  19.9483
   vertex -1.26451  -6.6631  22.4253
   vertex -1.92166 -6.50408  22.4253
  endloop
 endfacet
 facet normal 0.633613  0.77365        0
  outer loop
   vertex  4.55337   5.0262  19.9483
   vertex   4.0303  5.45459  19.9483
   vertex   4.0303  5.45459  22.4253
  endloop
 endfacet
 facet normal -0.906539 -0.422121        0
  outer loop
   vertex -5.99783 -3.16574  19.9483
   vertex -5.99783 -3.16574  22.4253
   vertex -6.28323 -2.55281  22.4253
  endloop
 endfacet
 facet normal 0.993651 -0.112509        0
  outer loop
   vertex  6.76862 -0.426185  19.9483
   vertex  6.76862 -0.426185  22.4253
   vertex  6.69255   -1.098  22.4253
  endloop
 endfacet
 facet normal 0.169767 0.985484 2.90387e-09
  outer loop
   vertex -1.00859 -4.24205  19.9483
   vertex -1.00859 -4.24205  47.8253
   vertex -0.468966 -4.33501  47.8253
  endloop
 endfacet
 facet normal 0.0617451 -0.998092        0
  outer loop
   vertex 0.755649  -6.7398  19.9483
   vertex 0.755649  -6.7398  22.4253
   vertex 0.0808266 -6.78154  22.4253
  endloop
 endfacet
 facet normal 0.959328 0.282294       -0
  outer loop
   vertex  6.40267  2.23645  19.9483
   vertex  6.40267  2.23645  22.4253
   vertex  6.59353  1.58783  22.4253
  endloop
 endfacet
 facet normal -0.994199 0.107554 -5.10174e-08
  outer loop
   vertex  4.29701 -0.740237  19.9483
   vertex  4.29701 -0.740237  47.8253
   vertex   4.3559 -0.195842  47.8253
  endloop
 endfacet
 facet normal   0.8335 0.552519       -0
  outer loop
   vertex  5.45901  4.02431  19.9483
   vertex  5.45901  4.02431  22.4253
   vertex  5.83258  3.46077  22.4253
  endloop
 endfacet
 facet normal -0.989712 -0.143072 -5.07872e-08
  outer loop
   vertex  4.26776  0.89358  19.9483
   vertex   4.3461 0.351642  19.9483
   vertex   4.3461 0.351642  47.8253
  endloop
 endfacet
 facet normal -0.789207 0.614128        0
  outer loop
   vertex -5.55337  3.89306  19.9483
   vertex -5.55337  3.89306  22.4253
   vertex -5.13816  4.42665  22.4253
  endloop
 endfacet
 facet normal        0        0        1
  outer loop
   vertex  2.16865 -3.78275  47.8253
   vertex  1.67745 -4.02472  47.8253
   vertex  2.24807 -5.01589  47.8253
  endloop
 endfacet
 facet normal 0.702823   0.0611 0.708736
  outer loop
   vertex  6.71886 0.923441  19.9483
   vertex  6.77742 0.249869  19.9483
   vertex  14.9392 0.121597  11.8657
  endloop
 endfacet
 facet normal 0.0614258 0.697697 0.713755
  outer loop
   vertex 0.257307  6.77714  19.9483
   vertex 0.930814  6.71785  19.9483
   vertex  2.49593  14.8487  11.8657
  endloop
 endfacet
 facet normal 0.409447 -0.89431  0.18045
  outer loop
   vertex  2.24807 -5.01589   41.677
   vertex  2.45216 -6.16304  35.5286
   vertex  3.06308 -5.88334  35.5286
  endloop
 endfacet
 facet normal -0.166507 -0.688133 0.706221
  outer loop
   vertex  -2.6214 -14.6299  11.8657
   vertex -2.56747 -14.6429  11.8657
   vertex -1.26451  -6.6631  19.9483
  endloop
 endfacet
 facet normal -0.166512 -0.688132 0.706221
  outer loop
   vertex -1.26451  -6.6631  19.9483
   vertex -1.92166 -6.50408  19.9483
   vertex  -2.6214 -14.6299  11.8657
  endloop
 endfacet
 facet normal -0.696442 -0.69456 0.180431
  outer loop
   vertex -3.90917 -3.86411  47.8253
   vertex -4.92776 -4.43997   41.677
   vertex -4.45329 -4.91573   41.677
  endloop
 endfacet
 facet normal 0.0438773 -0.709336 0.703503
  outer loop
   vertex  2.42618 -14.6527  11.8657
   vertex  2.48156 -14.6492  11.8657
   vertex 0.755649  -6.7398  19.9483
  endloop
 endfacet
 facet normal 0.0437256 -0.706811 0.706049
  outer loop
   vertex 0.755649  -6.7398  19.9483
   vertex 0.0808266 -6.78154  19.9483
   vertex -0.0154448 -14.8614  11.8657
  endloop
 endfacet
 facet normal -0.846948 0.500113 0.180464
  outer loop
   vertex -4.70551  2.84097  47.8253
   vertex -5.53339  3.65756   41.677
   vertex -5.87503  3.07899   41.677
  endloop
 endfacet
 facet normal -0.40256 0.573648 0.713353
  outer loop
   vertex  -3.6051  5.74448  19.9483
   vertex -7.52049  13.0479  11.8657
   vertex -9.64593  11.5564  11.8657
  endloop
 endfacet
 facet normal 0.299284 -0.643449 0.704559
  outer loop
   vertex   5.0983 -13.9564  11.8657
   vertex  7.40277 -12.8846  11.8657
   vertex  2.70867 -6.21764  19.9483
  endloop
 endfacet
 facet normal 0.314842 -0.634314 0.706059
  outer loop
   vertex  7.40277 -12.8846  11.8657
   vertex  7.45247 -12.8599  11.8657
   vertex  3.31428 -5.91704  19.9483
  endloop
 endfacet
 facet normal 0.957566 0.222637 0.183029
  outer loop
   vertex  5.27713  1.53782  47.8253
   vertex  5.41427 0.947957  47.8253
   vertex  6.46329  1.49062   41.677
  endloop
 endfacet
 facet normal 0.249723 -0.661477 0.707168
  outer loop
   vertex  2.07613 -6.45643  19.9483
   vertex  5.04639  -13.976  11.8657
   vertex   5.0983 -13.9564  11.8657
  endloop
 endfacet
 facet normal -0.213825 0.664961 0.715615
  outer loop
   vertex -5.11675  14.1682  11.8657
   vertex -2.39538  6.34492  19.9483
   vertex -1.75172   6.5519  19.9483
  endloop
 endfacet
 facet normal -0.215591 0.670465 0.709928
  outer loop
   vertex -1.75172   6.5519  19.9483
   vertex -2.60745  14.8351  11.8657
   vertex -2.66028  14.8181  11.8657
  endloop
 endfacet
 facet normal 0.433648 -0.558528 0.707103
  outer loop
   vertex  9.57943 -11.3707  11.8657
   vertex  9.62326 -11.3367  11.8657
   vertex  4.42101 -5.14301  19.9483
  endloop
 endfacet
 facet normal 0.703828 -0.0624382 0.707621
  outer loop
   vertex  14.9385 0.0661163  11.8657
   vertex  6.76862 -0.426185  19.9483
   vertex   14.714 -2.46461  11.8657
  endloop
 endfacet
 facet normal  0.70081 -0.079351  0.70892
  outer loop
   vertex  6.76862 -0.426185  19.9483
   vertex  6.69255   -1.098  19.9483
   vertex   14.714 -2.46461  11.8657
  endloop
 endfacet
 facet normal 0.535055 -0.460962 0.707977
  outer loop
   vertex  5.35242 -4.16503  19.9483
   vertex  4.91112 -4.67726  19.9483
   vertex  11.4543 -9.49626  11.8657
  endloop
 endfacet
 facet normal -0.299842 -0.642093 0.705558
  outer loop
   vertex -5.13023 -13.9616  11.8657
   vertex -2.55971 -6.28043  19.9483
   vertex -3.17232 -5.99435  19.9483
  endloop
 endfacet
 facet normal 0.615195 -0.345492  0.70864
  outer loop
   vertex  5.74052 -3.61141  19.9483
   vertex  12.9244 -7.39784  11.8657
   vertex  12.9516 -7.34946  11.8657
  endloop
 endfacet
 facet normal -0.68421 -0.164776 0.710426
  outer loop
   vertex -14.7496 -2.53281  11.8657
   vertex -14.7366 -2.58675  11.8657
   vertex -6.66448  -1.2572  19.9483
  endloop
 endfacet
 facet normal -0.680924 -0.184538 0.708723
  outer loop
   vertex -14.7366 -2.58675  11.8657
   vertex -14.0718 -5.03973  11.8657
   vertex -6.50619 -1.91452  19.9483
  endloop
 endfacet
 facet normal 0.295801 0.636478 0.712319
  outer loop
   vertex   7.3646  13.1017  11.8657
   vertex  5.06013  14.1727  11.8657
   vertex  2.86958  6.14503  19.9483
  endloop
 endfacet
 facet normal 0.263955 0.647636  0.71477
  outer loop
   vertex  5.06013  14.1727  11.8657
   vertex  2.24347  6.40021  19.9483
   vertex  2.86958  6.14503  19.9483
  endloop
 endfacet
 facet normal  0.68898 -0.148634 0.709376
  outer loop
   vertex  14.6961 -2.57398  11.8657
   vertex  14.7078 -2.51974  11.8657
   vertex  6.69255   -1.098  19.9483
  endloop
 endfacet
 facet normal 0.403372 0.574764 0.711995
  outer loop
   vertex   9.5912  11.5644  11.8657
   vertex  7.51123  13.0241  11.8657
   vertex   4.0303  5.45459  19.9483
  endloop
 endfacet
 facet normal  0.38776 0.583561 0.713511
  outer loop
   vertex  7.51123  13.0241  11.8657
   vertex  7.46502  13.0548  11.8657
   vertex  3.46717  5.82877  19.9483
  endloop
 endfacet
 facet normal 0.703551 -0.00915793 0.710586
  outer loop
   vertex  6.77742 0.249869  19.9483
   vertex  6.76862 -0.426185  19.9483
   vertex  14.9385 0.0661163  11.8657
  endloop
 endfacet
 facet normal 0.498327 0.495187  0.71166
  outer loop
   vertex  10.6324  10.5246  11.8657
   vertex  9.63412  11.5293  11.8657
   vertex  4.55337   5.0262  19.9483
  endloop
 endfacet
 facet normal 0.497064 0.496519 0.711616
  outer loop
   vertex  4.55337   5.0262  19.9483
   vertex  5.03119  4.54785  19.9483
   vertex  10.6324  10.5246  11.8657
  endloop
 endfacet
 facet normal 0.690537 0.130275 0.711468
  outer loop
   vertex  6.71886 0.923441  19.9483
   vertex  14.7099   2.7076  11.8657
   vertex  14.6996  2.76212  11.8657
  endloop
 endfacet
 facet normal  0.65046 0.264277 0.712081
  outer loop
   vertex  6.40267  2.23645  19.9483
   vertex  14.0192  5.26833  11.8657
   vertex  13.9983  5.31973  11.8657
  endloop
 endfacet
 facet normal -0.295375 0.635561 0.713314
  outer loop
   vertex -7.47208   13.075  11.8657
   vertex -3.01522  6.07489  19.9483
   vertex -5.16761   14.146  11.8657
  endloop
 endfacet
 facet normal -0.279344 0.641225 0.714701
  outer loop
   vertex -3.01522  6.07489  19.9483
   vertex -2.39538  6.34492  19.9483
   vertex -5.16761   14.146  11.8657
  endloop
 endfacet
 facet normal 0.542446 0.443278 0.713623
  outer loop
   vertex  11.4993  9.64486  11.8657
   vertex  11.4641  9.68783  11.8657
   vertex  5.03119  4.54785  19.9483
  endloop
 endfacet
 facet normal 0.443406 0.541412 0.714328
  outer loop
   vertex   9.5912  11.5644  11.8657
   vertex   4.0303  5.45459  19.9483
   vertex  4.55337   5.0262  19.9483
  endloop
 endfacet
 facet normal  0.17937 0.677942 0.712896
  outer loop
   vertex  5.00691  14.1885  11.8657
   vertex  2.55044  14.8384  11.8657
   vertex  1.59507  6.59178  19.9483
  endloop
 endfacet
 facet normal 0.198268 0.671058 0.714402
  outer loop
   vertex  1.59507  6.59178  19.9483
   vertex  2.24347  6.40021  19.9483
   vertex  5.00691  14.1885  11.8657
  endloop
 endfacet
 facet normal 0.327203 0.618287 0.714604
  outer loop
   vertex  3.46717  5.82877  19.9483
   vertex  7.46502  13.0548  11.8657
   vertex  7.41598  13.0808  11.8657
  endloop
 endfacet
 facet normal -0.0604439 -0.706863 0.704763
  outer loop
   vertex -2.51251 -14.6505  11.8657
   vertex -0.0708902 -14.8593  11.8657
   vertex -0.594799 -6.75589  19.9483
  endloop
 endfacet
 facet normal -0.0970459 -0.700394 0.707128
  outer loop
   vertex -0.594799 -6.75589  19.9483
   vertex -1.26451  -6.6631  19.9483
   vertex -2.51251 -14.6505  11.8657
  endloop
 endfacet
 facet normal  0.13023 0.686275 0.715588
  outer loop
   vertex  2.55044  14.8384  11.8657
   vertex  2.49593  14.8487  11.8657
   vertex 0.930814  6.71785  19.9483
  endloop
 endfacet
 facet normal 0.579737 -0.406411 0.706212
  outer loop
   vertex  5.74052 -3.61141  19.9483
   vertex  5.35242 -4.16503  19.9483
   vertex  11.4905 -9.45423  11.8657
  endloop
 endfacet
 facet normal -0.00830432 0.698145 0.715909
  outer loop
   vertex 0.257307  6.77714  19.9483
   vertex -0.00096187  15.0624  11.8657
   vertex -0.0564432  15.0617  11.8657
  endloop
 endfacet
 facet normal -0.507059 0.482915 0.713922
  outer loop
   vertex -11.5171  9.67788  11.8657
   vertex -5.13816  4.42665  19.9483
   vertex -4.67187  4.91625  19.9483
  endloop
 endfacet
 facet normal -0.508739  0.48454 0.711622
  outer loop
   vertex -4.67187  4.91625  19.9483
   vertex   -9.688  11.5202  11.8657
   vertex -9.72627    11.48  11.8657
  endloop
 endfacet
 facet normal -0.146585 0.683045 0.715515
  outer loop
   vertex -1.09066  6.69375  19.9483
   vertex  -2.5532  14.8468  11.8657
   vertex -2.60745  14.8351  11.8657
  endloop
 endfacet
 facet normal 0.682782 -0.185042 0.706801
  outer loop
   vertex  14.6961 -2.57398  11.8657
   vertex  6.54997 -1.75891  19.9483
   vertex  14.0313 -5.02696  11.8657
  endloop
 endfacet
 facet normal 0.671225 -0.216652 0.708885
  outer loop
   vertex  6.54997 -1.75891  19.9483
   vertex  6.34229 -2.40234  19.9483
   vertex  14.0313 -5.02696  11.8657
  endloop
 endfacet
 facet normal -0.341248 0.609235 0.715809
  outer loop
   vertex  -3.6051  5.74448  19.9483
   vertex -3.01522  6.07489  19.9483
   vertex -7.47208   13.075  11.8657
  endloop
 endfacet
 facet normal 0.183215 -0.685273 0.704864
  outer loop
   vertex  5.04639  -13.976  11.8657
   vertex  2.07613 -6.45643  19.9483
   vertex  1.42296 -6.63107  19.9483
  endloop
 endfacet
 facet normal -0.455415  0.52978 0.715493
  outer loop
   vertex -4.15915  5.35699  19.9483
   vertex -9.64593  11.5564  11.8657
   vertex   -9.688  11.5202  11.8657
  endloop
 endfacet
 facet normal -0.701155 0.044135 0.711642
  outer loop
   vertex -14.9837 0.108335  11.8657
   vertex -6.78145 0.0882677  19.9483
   vertex -14.9802 0.163711  11.8657
  endloop
 endfacet
 facet normal -0.701155 0.0441481 0.711641
  outer loop
   vertex -6.78145 0.0882677  19.9483
   vertex -6.73896 0.763044  19.9483
   vertex -14.9802 0.163711  11.8657
  endloop
 endfacet
 facet normal -0.551991 0.429538 0.714705
  outer loop
   vertex -5.13816  4.42665  19.9483
   vertex -11.5171  9.67788  11.8657
   vertex -11.5512  9.63409  11.8657
  endloop
 endfacet
 facet normal 0.489579 -0.515183  0.70349
  outer loop
   vertex  11.4141 -9.53448  11.8657
   vertex  11.4543 -9.49626  11.8657
   vertex  4.91112 -4.67726  19.9483
  endloop
 endfacet
 facet normal 0.487375 -0.512875   0.7067
  outer loop
   vertex  4.91112 -4.67726  19.9483
   vertex  4.42101 -5.14301  19.9483
   vertex  9.62326 -11.3367  11.8657
  endloop
 endfacet
 facet normal -0.567842 -0.418603  0.70875
  outer loop
   vertex -11.5593 -9.41994  11.8657
   vertex -11.5264  -9.4646  11.8657
   vertex -5.25163 -4.29142  19.9483
  endloop
 endfacet
 facet normal -0.567841 -0.418604  0.70875
  outer loop
   vertex -5.25163 -4.29142  19.9483
   vertex -5.65282  -3.7472  19.9483
   vertex -11.5593 -9.41994  11.8657
  endloop
 endfacet
 facet normal -0.65471 0.247992 0.714041
  outer loop
   vertex -6.45415  2.08321  19.9483
   vertex -6.21466  2.71549  19.9483
   vertex -14.0479  5.30764  11.8657
  endloop
 endfacet
 facet normal -0.691716 0.113493 0.713196
  outer loop
   vertex  -6.6295  1.43024  19.9483
   vertex -14.7467  2.74919  11.8657
   vertex -14.7557  2.69444  11.8657
  endloop
 endfacet
 facet normal 0.640861 -0.300498 0.706398
  outer loop
   vertex  12.9516 -7.34946  11.8657
   vertex   13.992  -5.1306  11.8657
   vertex  6.07158 -3.02189  19.9483
  endloop
 endfacet
 facet normal 0.647168 -0.282788 0.707958
  outer loop
   vertex   13.992  -5.1306  11.8657
   vertex  14.0142 -5.07976  11.8657
   vertex  6.34229 -2.40234  19.9483
  endloop
 endfacet
 facet normal -0.701691 -0.0258634 0.712012
  outer loop
   vertex -6.78145 0.0882677  19.9483
   vertex -14.9837 0.108335  11.8657
   vertex -14.9817 0.0528874  11.8657
  endloop
 endfacet
 facet normal        0        0       -1
  outer loop
   vertex  5.13497  -4.1986  35.5286
   vertex  4.17373 -3.57673  35.5286
   vertex  4.54186 -3.09587  35.5286
  endloop
 endfacet
 facet normal 0.576937 0.402252  0.71087
  outer loop
   vertex  12.9013  7.63391  11.8657
   vertex  11.4993  9.64486  11.8657
   vertex  5.45901  4.02431  19.9483
  endloop
 endfacet
 facet normal   0.5852 0.387923 0.712079
  outer loop
   vertex  5.45901  4.02431  19.9483
   vertex  5.83258  3.46077  19.9483
   vertex  12.9013  7.63391  11.8657
  endloop
 endfacet
 facet normal -0.663832 -0.231876 0.711027
  outer loop
   vertex -6.28323 -2.55281  19.9483
   vertex -6.50619 -1.91452  19.9483
   vertex -14.0718 -5.03973  11.8657
  endloop
 endfacet
 facet normal        0        0       -1
  outer loop
   vertex -2.15384 -6.27353   41.677
   vertex -1.88618 -5.16288   41.677
   vertex -1.30677 -5.33904   41.677
  endloop
 endfacet
 facet normal -0.605435 -0.359244 0.710206
  outer loop
   vertex -5.99783 -3.16574  19.9483
   vertex -12.9897 -7.36127  11.8657
   vertex -12.9614 -7.40899  11.8657
  endloop
 endfacet
 facet normal -0.702119 -0.0622866  0.70933
  outer loop
   vertex -14.9741 -0.00208113  11.8657
   vertex -14.7496 -2.53281  11.8657
   vertex -6.75654 -0.587385  19.9483
  endloop
 endfacet
 facet normal -0.696164 -0.0956804 0.711478
  outer loop
   vertex -14.7496 -2.53281  11.8657
   vertex -6.66448  -1.2572  19.9483
   vertex -6.75654 -0.587385  19.9483
  endloop
 endfacet
 facet normal -0.473702 -0.522892 0.708654
  outer loop
   vertex -4.29718 -5.24692  19.9483
   vertex -4.79825 -4.79298  19.9483
   vertex -9.69837 -11.3079  11.8657
  endloop
 endfacet
 facet normal -0.0779005 0.694814 0.714958
  outer loop
   vertex  -2.5532  14.8468  11.8657
   vertex -1.09066  6.69375  19.9483
   vertex -0.418757  6.76908  19.9483
  endloop
 endfacet
 facet normal -0.0782193 0.697594 0.712211
  outer loop
   vertex -0.418757  6.76908  19.9483
   vertex -0.0564432  15.0617  11.8657
   vertex -0.111583  15.0555  11.8657
  endloop
 endfacet
 facet normal -0.360862 -0.606665 0.708334
  outer loop
   vertex -7.53266 -12.8379  11.8657
   vertex -7.48498 -12.8663  11.8657
   vertex -3.17232 -5.99435  19.9483
  endloop
 endfacet
 facet normal -0.678746 0.182268 0.711394
  outer loop
   vertex -14.7467  2.74919  11.8657
   vertex  -6.6295  1.43024  19.9483
   vertex -6.45415  2.08321  19.9483
  endloop
 endfacet
 facet normal -0.233672 -0.666621 0.707823
  outer loop
   vertex -2.55971 -6.28043  19.9483
   vertex -5.13023 -13.9616  11.8657
   vertex -5.07787 -13.9799  11.8657
  endloop
 endfacet
 facet normal        0        0        1
  outer loop
   vertex  4.29701 -0.740237  47.8253
   vertex  4.17035 -1.27296  47.8253
   vertex    5.301 -1.45339  47.8253
  endloop
 endfacet
 facet normal -0.502032 -0.498868 0.706466
  outer loop
   vertex -11.4892 -9.50576  11.8657
   vertex -9.69837 -11.3079  11.8657
   vertex -4.79825 -4.79298  19.9483
  endloop
 endfacet
 facet normal -0.523225 -0.47296 0.708904
  outer loop
   vertex -4.79825 -4.79298  19.9483
   vertex -5.25163 -4.29142  19.9483
   vertex -11.4892 -9.50576  11.8657
  endloop
 endfacet
 facet normal -0.0268346 -0.706813 0.706891
  outer loop
   vertex 0.0808266 -6.78154  19.9483
   vertex -0.594799 -6.75589  19.9483
   vertex -0.0708902 -14.8593  11.8657
  endloop
 endfacet
 facet normal 0.113705 -0.697843 0.707167
  outer loop
   vertex  1.42296 -6.63107  19.9483
   vertex 0.755649  -6.7398  19.9483
   vertex  2.48156 -14.6492  11.8657
  endloop
 endfacet
 facet normal -0.592364  0.37266 0.714303
  outer loop
   vertex -12.9828  7.57617  11.8657
   vertex  -5.9134  3.32077  19.9483
   vertex -5.55337  3.89306  19.9483
  endloop
 endfacet
 facet normal -0.596627 0.375342 0.709333
  outer loop
   vertex -5.55337  3.89306  19.9483
   vertex -11.5512  9.63409  11.8657
   vertex -11.5807  9.58712  11.8657
  endloop
 endfacet
 facet normal 0.637637 0.298987 0.709948
  outer loop
   vertex  13.9724   5.3688  11.8657
   vertex   12.932  7.58766  11.8657
   vertex  6.14817  2.86283  19.9483
  endloop
 endfacet
 facet normal 0.620635  0.32758 0.712393
  outer loop
   vertex   12.932  7.58766  11.8657
   vertex  5.83258  3.46077  19.9483
   vertex  6.14817  2.86283  19.9483
  endloop
 endfacet
 facet normal -0.635873  0.29816 0.711875
  outer loop
   vertex -14.0479  5.30764  11.8657
   vertex -6.21466  2.71549  19.9483
   vertex -13.0075   7.5265  11.8657
  endloop
 endfacet
 facet normal -0.627488 0.312307 0.713248
  outer loop
   vertex -6.21466  2.71549  19.9483
   vertex  -5.9134  3.32077  19.9483
   vertex -13.0075   7.5265  11.8657
  endloop
 endfacet
 facet normal        0       -0       -1
  outer loop
   vertex -0.494712  6.61448  35.5286
   vertex -0.195303  5.49316  35.5286
   vertex -0.798411  5.43834  35.5286
  endloop
 endfacet
 facet normal        0        0        1
  outer loop
   vertex  3.04125 -3.12458  47.8253
   vertex  3.75492 -4.01416  47.8253
   vertex  4.17372 -3.57673  47.8253
  endloop
 endfacet
 facet normal        0        0       -1
  outer loop
   vertex  6.52733 -1.17902  29.3802
   vertex  6.37456 -1.83333  29.3802
   vertex    5.301 -1.45339  29.3802
  endloop
 endfacet
 facet normal       -0        0       -1
  outer loop
   vertex  1.16135  -6.5305  29.3802
   vertex 0.494713 -6.61448  29.3802
   vertex 0.497613 -5.47406  29.3802
  endloop
 endfacet
 facet normal        0        0       -1
  outer loop
   vertex  6.61312 -0.512609  29.3802
   vertex  6.52733 -1.17902  29.3802
   vertex  5.42871 -0.861417  29.3802
  endloop
 endfacet
 facet normal        0        0       -1
  outer loop
   vertex  4.18469 -5.14631  35.5286
   vertex  3.29054 -4.40287  35.5286
   vertex  3.75492 -4.01416  35.5286
  endloop
 endfacet
 facet normal  0.40757 -0.580744 0.704715
  outer loop
   vertex  9.57943 -11.3707  11.8657
   vertex  3.88696 -5.55764  19.9483
   vertex  7.49947 -12.8304  11.8657
  endloop
 endfacet
 facet normal 0.375926 -0.599013  0.70701
  outer loop
   vertex  3.88696 -5.55764  19.9483
   vertex  3.31428 -5.91704  19.9483
   vertex  7.49947 -12.8304  11.8657
  endloop
 endfacet
 facet normal -0.716598 -0.697486 -2.45149e-08
  outer loop
   vertex  3.30938  2.83906  19.9483
   vertex  3.30938  2.83906  47.8253
   vertex  2.92746  3.23145  47.8253
  endloop
 endfacet
 facet normal -0.941844 0.336049 1.06827e-07
  outer loop
   vertex  12.8869 -5.40325  6.88354
   vertex  13.4241 -3.89772  6.88354
   vertex  13.4241 -3.89772  5.38354
  endloop
 endfacet
 facet normal 0.384209 0.240448 -0.891385
  outer loop
   vertex -10.5176 -6.78939  2.97729
   vertex -9.90128  -7.6584  3.00854
   vertex -11.5837 -7.63455  2.28979
  endloop
 endfacet
 facet normal 0.383479 0.248827 -0.889398
  outer loop
   vertex -9.90128  -7.6584  3.00854
   vertex -10.8909 -8.59056  2.32104
   vertex -11.5837 -7.63455  2.28979
  endloop
 endfacet
 facet normal 0.403342  0.21477 -0.889488
  outer loop
   vertex -11.5837 -7.63455  2.28979
   vertex -12.1915 -6.62258  2.25854
   vertex -10.5176 -6.78939  2.97729
  endloop
 endfacet
 facet normal 0.436868 0.135243 0.889301
  outer loop
   vertex -13.6033 -2.81263  3.82104
   vertex -13.3126 -3.95698  3.85229
   vertex -12.2552 -2.64649  3.13354
  endloop
 endfacet
 facet normal 0.424669 0.167092 0.889796
  outer loop
   vertex -13.3126 -3.95698  3.85229
   vertex -12.4905 -4.28934   3.5223
   vertex -11.9824 -3.67669  3.16479
  endloop
 endfacet
 facet normal 0.430909 0.141142 0.891289
  outer loop
   vertex -12.2552 -2.64649  3.13354
   vertex -13.3126 -3.95698  3.85229
   vertex -11.9824 -3.67669  3.16479
  endloop
 endfacet
 facet normal 0.441783 0.103118 0.891176
  outer loop
   vertex -12.2552 -2.64649  3.13354
   vertex -12.4372 -1.59675  3.10229
   vertex -13.6033 -2.81263  3.82104
  endloop
 endfacet
 facet normal 0.288549 0.349491 -0.891401
  outer loop
   vertex -8.56103 -10.8956 -2.21022
   vertex -7.81581 -9.75736 -1.52272
   vertex -6.95636 -10.3872 -1.49147
  endloop
 endfacet
 facet normal 0.258578 0.373812 -0.890731
  outer loop
   vertex -6.95636 -10.3872 -1.49147
   vertex -6.04679  -10.942 -1.46022
   vertex -7.59935 -11.5807 -2.17897
  endloop
 endfacet
 facet normal 0.254062 0.382228 -0.888456
  outer loop
   vertex -6.04679  -10.942 -1.46022
   vertex -6.58371 -12.1831 -2.14772
   vertex -7.59935 -11.5807 -2.17897
  endloop
 endfacet
 facet normal 0.452683 0.0617661 -0.88953
  outer loop
   vertex -13.5395 -3.08051 -2.46021
   vertex -13.7592 -1.92061 -2.49146
   vertex -12.2453 -2.66471 -1.77271
  endloop
 endfacet
 facet normal  0.45504 0.0227258 -0.890181
  outer loop
   vertex -13.7592 -1.92061 -2.49146
   vertex  -13.879 -0.74622 -2.52271
   vertex -12.4295 -1.61506 -1.80396
  endloop
 endfacet
 facet normal 0.451217 0.0145976 -0.892295
  outer loop
   vertex  -13.879 -0.74622 -2.52271
   vertex -12.5257 -0.55359 -1.83521
   vertex -12.4295 -1.61506 -1.80396
  endloop
 endfacet
 facet normal 0.408819  0.20015 0.890397
  outer loop
   vertex -13.0171 -4.83177 -0.741463
   vertex -12.5536 -5.91739 -0.710213
   vertex -11.7011 -4.46122 -1.42896
  endloop
 endfacet
 facet normal 0.391155 0.234946  0.88983
  outer loop
   vertex -12.5536 -5.91739 -0.710213
   vertex -11.9989 -6.95931 -0.678967
   vertex  -11.277 -5.43896 -1.39771
  endloop
 endfacet
 facet normal 0.386883 0.237532 0.891011
  outer loop
   vertex -11.9989 -6.95931 -0.678967
   vertex -10.7727  -6.3776 -1.36646
   vertex  -11.277 -5.43896 -1.39771
  endloop
 endfacet
 facet normal -0.45853  0.01493 -0.888553
  outer loop
   vertex  13.8503 0.903663 -1.36646
   vertex  13.8724 -0.277009 -1.39771
   vertex  12.5116 0.705664 -0.678963
  endloop
 endfacet
 facet normal -0.454923 0.0530445 -0.88895
  outer loop
   vertex  13.8724 -0.277009 -1.39771
   vertex   13.796 -1.45537 -1.42896
   vertex  12.5193 -0.359683 -0.710213
  endloop
 endfacet
 facet normal -0.449358 0.0610469 -0.891264
  outer loop
   vertex   13.796 -1.45537 -1.42896
   vertex   12.437 -1.42207 -0.741463
   vertex  12.5193 -0.359683 -0.710213
  endloop
 endfacet
 facet normal  0.34323 -0.296373 -0.891267
  outer loop
   vertex -9.60901  8.11333  2.50854
   vertex -10.2577  7.26807  2.53979
   vertex -10.7269  8.88622  1.82104
  endloop
 endfacet
 facet normal 0.350555 -0.293416 -0.889392
  outer loop
   vertex -10.2577  7.26807  2.53979
   vertex  -11.437  7.94312  1.85229
   vertex -10.7269  8.88622  1.82104
  endloop
 endfacet
 facet normal  0.32367 -0.322955 -0.889347
  outer loop
   vertex -10.7269  8.88622  1.82104
   vertex   -9.937  9.76388  1.78979
   vertex -9.60901  8.11333  2.50854
  endloop
 endfacet
 facet normal -0.441518 -0.108953 0.890613
  outer loop
   vertex  12.2814  2.74853 -2.61646
   vertex  12.4678   1.9934 -2.61646
   vertex  13.6448  2.58808 -1.96021
  endloop
 endfacet
 facet normal -0.442305 -0.127065 0.887818
  outer loop
   vertex  13.6448  2.58808 -1.96021
   vertex  13.3772  3.73803 -1.92896
   vertex  12.2814  2.74853 -2.61646
  endloop
 endfacet
 facet normal -0.429232 -0.163297  0.88831
  outer loop
   vertex  13.3772  3.73803 -1.92896
   vertex  13.0143  4.86177 -1.89771
   vertex  12.0482  3.49128 -2.61646
  endloop
 endfacet
 facet normal -0.423008 -0.168717  0.89028
  outer loop
   vertex  13.0143  4.86177 -1.89771
   vertex  11.7109  4.50204 -2.58521
   vertex  12.0482  3.49128 -2.61646
  endloop
 endfacet
 facet normal  0.45036 -0.0569328 -0.89103
  outer loop
   vertex -13.8252  1.48389 -0.272713
   vertex -12.4681  1.45882 0.414787
   vertex -12.5407 0.395885 0.446037
  endloop
 endfacet
 facet normal 0.452369 -0.0182692 -0.891644
  outer loop
   vertex -12.5407 0.395885 0.446037
   vertex -12.5221 -0.669388 0.477287
   vertex -13.8994 0.305695 -0.241463
  endloop
 endfacet
 facet normal 0.455688 -0.0124095 -0.890053
  outer loop
   vertex -12.5221 -0.669388 0.477287
   vertex -13.8705 -0.874703 -0.210213
   vertex -13.8994 0.305695 -0.241463
  endloop
 endfacet
 facet normal 0.221984 0.396887 -0.89062
  outer loop
   vertex -5.92324 -11.2087  5.38353
   vertex -5.24562 -11.5877  5.38353
   vertex -6.24123 -12.3632  4.78978
  endloop
 endfacet
 facet normal 0.244474 0.389369 -0.888045
  outer loop
   vertex -6.24123 -12.3632  4.78978
   vertex -7.27203 -11.7872  4.75853
   vertex -5.92324 -11.2087  5.38353
  endloop
 endfacet
 facet normal 0.276302 0.367974 -0.887836
  outer loop
   vertex -7.27203 -11.7872  4.75853
   vertex -8.25131 -11.1273  4.72728
   vertex -7.20396 -10.3304  5.38353
  endloop
 endfacet
 facet normal 0.269916 0.368942 -0.889397
  outer loop
   vertex -6.57686 -10.7892  5.38353
   vertex -7.27203 -11.7872  4.75853
   vertex -7.20396 -10.3304  5.38353
  endloop
 endfacet
 facet normal -0.310537 -0.328432 0.892019
  outer loop
   vertex  8.74176  9.01658 -0.116459
   vertex  9.47254  8.24074 -0.147709
   vertex  9.78238   9.8999 0.571041
  endloop
 endfacet
 facet normal -0.317268 -0.326462 0.890373
  outer loop
   vertex  9.47254  8.24074 -0.147709
   vertex  10.5852  9.03443 0.539791
   vertex  9.78238   9.8999 0.571041
  endloop
 endfacet
 facet normal -0.288515 -0.352867 0.890081
  outer loop
   vertex  9.78238   9.8999 0.571041
   vertex  8.90834  10.6934 0.602291
   vertex  8.74176  9.01658 -0.116459
  endloop
 endfacet
 facet normal 0.0702749 -0.453422 0.888521
  outer loop
   vertex -0.825061  13.9088 -1.42896
   vertex  -1.9997   13.788 -1.39771
   vertex -0.861335   12.556 -2.11646
  endloop
 endfacet
 facet normal 0.0757399 -0.449325 0.890152
  outer loop
   vertex  -1.9997   13.788 -1.39771
   vertex -1.92059  12.4394 -2.08521
   vertex -0.861335   12.556 -2.11646
  endloop
 endfacet
 facet normal 0.036521 -0.453521 0.890497
  outer loop
   vertex -0.861335   12.556 -2.11646
   vertex 0.203743  12.5804 -2.14771
   vertex -0.825061  13.9088 -1.42896
  endloop
 endfacet
 facet normal 0.341474 0.295449 -0.892248
  outer loop
   vertex  -10.293 -9.29426 -2.27272
   vertex -9.36259  -8.2934 -1.58522
   vertex -8.61971 -9.05764 -1.55397
  endloop
 endfacet
 facet normal 0.316008 0.323217 -0.892003
  outer loop
   vertex -8.61971 -9.05764 -1.55397
   vertex -7.81581 -9.75736 -1.52272
   vertex -9.46137 -10.1321 -2.24147
  endloop
 endfacet
 facet normal 0.312874 0.332528 -0.889683
  outer loop
   vertex -7.81581 -9.75736 -1.52272
   vertex -8.56103 -10.8956 -2.21022
   vertex -9.46137 -10.1321 -2.24147
  endloop
 endfacet
 facet normal 0.344903 -0.294338 -0.891295
  outer loop
   vertex -9.68224   8.0224  4.82104
   vertex  -10.326   7.1734  4.85229
   vertex -10.8073  8.78587  4.13354
  endloop
 endfacet
 facet normal 0.354272 -0.290468 -0.888887
  outer loop
   vertex  -10.326   7.1734  4.85229
   vertex -11.5079  7.83579  4.16479
   vertex -10.8073  8.78587  4.13354
  endloop
 endfacet
 facet normal 0.326958 -0.319176 -0.889509
  outer loop
   vertex -10.8073  8.78587  4.13354
   vertex -10.0272   9.6721  4.10229
   vertex -9.68224   8.0224  4.82104
  endloop
 endfacet
 facet normal -0.040764 0.455241 0.889435
  outer loop
   vertex 0.0691686 -12.4905  3.63353
   vertex -0.0498767 -13.8444  4.32103
   vertex  1.12981 -13.7998  4.35228
  endloop
 endfacet
 facet normal -0.0803801 0.450092 0.889357
  outer loop
   vertex  1.12981 -13.7998  4.35228
   vertex  2.30131 -13.6523  4.38353
   vertex  1.13345 -12.4407  3.66478
  endloop
 endfacet
 facet normal -0.0865505 0.445246 0.891215
  outer loop
   vertex  2.30131 -13.6523  4.38353
   vertex  2.18953 -12.2979  3.69603
   vertex  1.13345 -12.4407  3.66478
  endloop
 endfacet
 facet normal -0.431695 -0.147085 0.889947
  outer loop
   vertex   12.013   3.6027 -0.303963
   vertex  12.8147  3.24374 0.025589
   vertex  13.3419  3.86206 0.383537
  endloop
 endfacet
 facet normal -0.427157 -0.16688 0.888644
  outer loop
   vertex  13.3419  3.86206 0.383537
   vertex  12.9692  4.98257 0.414787
   vertex   12.013   3.6027 -0.303963
  endloop
 endfacet
 facet normal -0.412303 -0.202125 0.888342
  outer loop
   vertex  12.9692  4.98257 0.414787
   vertex  12.5044  6.06805 0.446037
   vertex  11.6699  4.61134 -0.272713
  endloop
 endfacet
 facet normal -0.405251 -0.207189 0.890418
  outer loop
   vertex  12.5044  6.06805 0.446037
   vertex    11.24   5.5865 -0.241463
   vertex  11.6699  4.61134 -0.272713
  endloop
 endfacet
 facet normal -0.455248 -0.014742 0.890242
  outer loop
   vertex  13.8574 -0.810491 0.258537
   vertex  13.8802 0.370063 0.289787
   vertex  12.5065 -0.612548 -0.428963
  endloop
 endfacet
 facet normal -0.451609 -0.0413149 0.891259
  outer loop
   vertex  13.8802 0.370063 0.289787
   vertex  13.1824 0.833726 -0.0423088
   vertex  12.5159 0.453161 -0.397713
  endloop
 endfacet
 facet normal -0.450956 -0.0222256 0.892269
  outer loop
   vertex  12.5065 -0.612548 -0.428963
   vertex  13.8802 0.370063 0.289787
   vertex  12.5159 0.453161 -0.397713
  endloop
 endfacet
 facet normal -0.451704 0.0156568 0.892031
  outer loop
   vertex  12.5065 -0.612548 -0.428963
   vertex  12.4081 -1.67352 -0.460213
   vertex  13.8574 -0.810491 0.258537
  endloop
 endfacet
 facet normal 0.442388 -0.0960448 0.891666
  outer loop
   vertex -13.5122  3.30073 -0.960213
   vertex   -12.22   2.8699 -1.64771
   vertex -11.9342  3.89653 -1.67896
  endloop
 endfacet
 facet normal 0.253744 -0.378114 -0.890306
  outer loop
   vertex -8.04031  11.3726 -0.585209
   vertex -7.16684  10.3399 0.102291
   vertex -8.01608  9.69644 0.133541
  endloop
 endfacet
 facet normal 0.285583 -0.354145 -0.890519
  outer loop
   vertex -8.01608  9.69644 0.133541
   vertex -8.80585  8.98099 0.164791
   vertex -8.97527  10.6517 -0.553959
  endloop
 endfacet
 facet normal 0.291309 -0.352968 -0.88913
  outer loop
   vertex -8.80585  8.98099 0.164791
   vertex -9.84577  9.85455 -0.522709
   vertex -8.97527  10.6517 -0.553959
  endloop
 endfacet
 facet normal 0.323318 -0.321372 0.890048
  outer loop
   vertex  -8.5973  10.0913 -1.53605
   vertex -9.36292    10.31 -1.17896
   vertex -8.53947  9.23437 -1.86646
  endloop
 endfacet
 facet normal  0.33968 -0.307978 0.888689
  outer loop
   vertex -9.36292    10.31 -1.17896
   vertex -10.1999  9.47704 -1.14771
   vertex -8.53947  9.23437 -1.86646
  endloop
 endfacet
 facet normal  0.36479 -0.279146  0.88826
  outer loop
   vertex -10.1999  9.47704 -1.14771
   vertex -10.9646  8.57718 -1.11646
   vertex -9.29013  8.47823 -1.83521
  endloop
 endfacet
 facet normal 0.366153 -0.270789 0.890284
  outer loop
   vertex -10.9646  8.57718 -1.11646
   vertex -9.97186  7.65916 -1.80396
   vertex -9.29013  8.47823 -1.83521
  endloop
 endfacet
 facet normal -0.00615838  0.45397 -0.890996
  outer loop
   vertex 0.482853 -13.8311  2.66478
   vertex 0.319943  -12.484  3.35228
   vertex  1.38282 -12.4082  3.38353
  endloop
 endfacet
 facet normal -0.219156 0.402267 0.888905
  outer loop
   vertex   5.4447 -12.7244 -0.147717
   vertex  6.50925 -12.2135 -0.116467
   vertex  5.02082 -11.4362 -0.835217
  endloop
 endfacet
 facet normal -0.222378 0.397386 0.890299
  outer loop
   vertex  6.50925 -12.2135 -0.116467
   vertex  5.97883 -10.9701 -0.803967
   vertex  5.02082 -11.4362 -0.835217
  endloop
 endfacet
 facet normal -0.187368 0.413783 0.890886
  outer loop
   vertex  5.02082 -11.4362 -0.835217
   vertex  4.02653 -11.8191 -0.866467
   vertex   5.4447 -12.7244 -0.147717
  endloop
 endfacet
 facet normal 0.366737 -0.275403 0.888627
  outer loop
   vertex -9.36618  8.38952 0.477291
   vertex -10.2868  9.38187  1.16479
   vertex -11.0434  8.47521  1.19604
  endloop
 endfacet
 facet normal 0.388749 -0.244025  0.88844
  outer loop
   vertex -11.0434  8.47521  1.19604
   vertex -11.7215  7.50867  1.22729
   vertex -10.0427  7.56644 0.508541
  endloop
 endfacet
 facet normal 0.389355 -0.235134  0.89057
  outer loop
   vertex -11.7215  7.50867  1.22729
   vertex  -10.645  6.68731 0.539787
   vertex -10.0427  7.56644 0.508541
  endloop
 endfacet
 facet normal -0.291147 0.352508 -0.889366
  outer loop
   vertex  8.74359 -8.92418 -0.991467
   vertex  9.77832 -9.80411 -1.67897
   vertex  8.90793 -10.6018 -1.71022
  endloop
 endfacet
 facet normal -0.259532 0.374959 -0.889971
  outer loop
   vertex  8.90793 -10.6018 -1.71022
   vertex  7.97331 -11.3229 -1.74147
   vertex  7.94867   -9.634 -1.02272
  endloop
 endfacet
 facet normal -0.250452 0.376009 -0.892127
  outer loop
   vertex  7.97331 -11.3229 -1.74147
   vertex  7.09732 -10.2752 -1.05397
   vertex  7.94867   -9.634 -1.02272
  endloop
 endfacet
 facet normal 0.420063  0.17987 -0.889491
  outer loop
   vertex -12.1915 -6.62258  2.25854
   vertex -12.7115 -5.56262  2.22729
   vertex -11.0576 -5.87089  2.94604
  endloop
 endfacet
 facet normal 0.433717 0.144131 -0.889447
  outer loop
   vertex -12.7115 -5.56262  2.22729
   vertex -13.1412 -4.46269  2.19604
   vertex -11.5185 -4.91005  2.91479
  endloop
 endfacet
 facet normal 0.432462 0.136722 -0.891226
  outer loop
   vertex -13.1412 -4.46269  2.19604
   vertex -11.8978 -3.91401  2.88354
   vertex -11.5185 -4.91005  2.91479
  endloop
 endfacet
 facet normal 0.959493 -0.281732 -8.95601e-08
  outer loop
   vertex  -13.645  3.21749  6.88354
   vertex  -13.645  3.21749  5.38354
   vertex -13.1946  4.75122  5.38354
  endloop
 endfacet
 facet normal -0.841254 -0.54064 -3.4373e-07
  outer loop
   vertex  11.3174  8.27553  6.88354
   vertex  11.3174  8.27553  5.38354
   vertex  12.1816  6.93079  5.38354
  endloop
 endfacet
 facet normal -0.309017 0.951057 6.04666e-07
  outer loop
   vertex   5.0705 -12.9996  6.88353
   vertex   5.0705 -12.9996  5.38353
   vertex  3.55024 -13.4935  5.38353
  endloop
 endfacet
 facet normal -0.696937 -0.717132 -4.5594e-07
  outer loop
   vertex  10.3056  9.51298  6.88354
   vertex  9.15924   10.627  6.88354
   vertex  9.15924   10.627  5.38354
  endloop
 endfacet
 facet normal -0.993482 -0.113991 -3.62367e-08
  outer loop
   vertex  13.7861  2.43384  6.88354
   vertex  13.7861  2.43384  5.38354
   vertex  13.9684 0.845776  5.38354
  endloop
 endfacet
 facet normal -0.198591 -0.980082 -6.2312e-07
  outer loop
   vertex   1.9836   13.904  6.88354
   vertex   1.9836   13.904  5.38354
   vertex  3.55024  13.5866  5.38354
  endloop
 endfacet
 facet normal 0.362807 0.931864 5.92463e-07
  outer loop
   vertex -5.82462 -12.6883  6.88353
   vertex -4.33505 -13.2683  6.88353
   vertex -4.33505 -13.2683  5.38353
  endloop
 endfacet
 facet normal 0.736741 -0.676175 -4.299e-07
  outer loop
   vertex -10.8468  8.90871  6.88354
   vertex -10.8468  8.90871  5.38354
   vertex -9.76594  10.0864  5.38354
  endloop
 endfacet
 facet normal -0.0855748 -0.996332 -6.33451e-07
  outer loop
   vertex 0.390973  14.0408  6.88354
   vertex 0.390973  14.0408  5.38354
   vertex   1.9836   13.904  5.38354
  endloop
 endfacet
 facet normal  0.65486  0.75575 4.80493e-07
  outer loop
   vertex -9.76594 -9.99331  6.88353
   vertex -8.55788 -11.0401  6.88353
   vertex -8.55788 -11.0401  5.38353
  endloop
 endfacet
 facet normal -0.415415 0.909632 5.78329e-07
  outer loop
   vertex  6.52453 -12.3355  6.88353
   vertex  6.52453 -12.3355  5.38353
   vertex   5.0705 -12.9996  5.38353
  endloop
 endfacet
 facet normal 0.809017 -0.587786 -1.86852e-07
  outer loop
   vertex -10.8468  8.90871  6.88354
   vertex -11.7864   7.6155  6.88354
   vertex -11.7864   7.6155  5.38354
  endloop
 endfacet
 facet normal 0.921124 -0.389269 -1.23745e-07
  outer loop
   vertex -12.5724  6.22363  6.88354
   vertex -13.1946  4.75122  6.88354
   vertex -13.1946  4.75122  5.38354
  endloop
 endfacet
 facet normal -0.974012 -0.226497 -7.20014e-08
  outer loop
   vertex  13.7861  2.43384  6.88354
   vertex  13.4241  3.99079  6.88354
   vertex  13.4241  3.99079  5.38354
  endloop
 endfacet
 facet normal -0.974012 0.226497 7.20015e-08
  outer loop
   vertex  13.4241 -3.89772  6.88354
   vertex  13.7861 -2.34078  6.88354
   vertex  13.7861 -2.34078  5.38354
  endloop
 endfacet
 facet normal 0.142315 0.989821 6.29312e-07
  outer loop
   vertex -1.20686 -13.9021  6.88353
   vertex -1.20686 -13.9021  5.38353
   vertex -2.78908 -13.6746  5.38353
  endloop
 endfacet
 facet normal -0.415414 -0.909632 -5.78329e-07
  outer loop
   vertex   5.0705  13.0926  6.88354
   vertex   5.0705  13.0926  5.38354
   vertex  6.52453  12.4286  5.38354
  endloop
 endfacet
 facet normal -0.610648 0.791902 5.03478e-07
  outer loop
   vertex  9.15924  -10.534  6.88353
   vertex  9.15924  -10.534  5.38353
   vertex  7.89339 -11.5101  5.38353
  endloop
 endfacet
 facet normal -0.774142 0.633012 4.02458e-07
  outer loop
   vertex  11.3174 -8.18246  6.88354
   vertex  11.3174 -8.18246  5.38354
   vertex  10.3056 -9.41992  5.38354
  endloop
 endfacet
 facet normal 0.921124  0.38927 1.23746e-07
  outer loop
   vertex -13.1946 -4.65816  6.88354
   vertex -12.5724 -6.13056  6.88354
   vertex -12.5724 -6.13056  5.38354
  endloop
 endfacet
 facet normal -0.516398 -0.856349 -5.44452e-07
  outer loop
   vertex  6.52453  12.4286  6.88354
   vertex  6.52453  12.4286  5.38354
   vertex  7.89339  11.6031  5.38354
  endloop
 endfacet
 facet normal 0.736741 0.676175 4.299e-07
  outer loop
   vertex -9.76594 -9.99331  6.88353
   vertex -9.76594 -9.99331  5.38353
   vertex -10.8468 -8.81564  5.38354
  endloop
 endfacet
 facet normal -0.0855754 0.996332 6.33451e-07
  outer loop
   vertex   1.9836  -13.811  6.88353
   vertex   1.9836  -13.811  5.38353
   vertex 0.390973 -13.9478  5.38353
  endloop
 endfacet
 facet normal 0.564443 0.825472 5.24821e-07
  outer loop
   vertex -7.23838 -11.9424  6.88353
   vertex -7.23838 -11.9424  5.38353
   vertex -8.55788 -11.0401  5.38353
  endloop
 endfacet
 facet normal 0.254219 0.967147 6.14895e-07
  outer loop
   vertex -2.78908 -13.6746  6.88353
   vertex -2.78908 -13.6746  5.38353
   vertex -4.33505 -13.2683  5.38353
  endloop
 endfacet
 facet normal 0.0285562 -0.999592 -6.35524e-07
  outer loop
   vertex 0.390973  14.0408  6.88354
   vertex -1.20686  13.9952  6.88354
   vertex -1.20686  13.9952  5.38354
  endloop
 endfacet
 facet normal 0.466667 -0.884433 -5.62307e-07
  outer loop
   vertex -5.82462  12.7814  6.88354
   vertex -7.23838  12.0354  6.88354
   vertex -7.23838  12.0354  5.38354
  endloop
 endfacet
 facet normal -0.841254 0.540641 1.71865e-07
  outer loop
   vertex  12.1816 -6.83773  6.88354
   vertex  12.1816 -6.83773  5.38354
   vertex  11.3174 -8.18246  5.38354
  endloop
 endfacet
 facet normal 0.0285562 0.999592 6.35524e-07
  outer loop
   vertex 0.390973 -13.9478  6.88353
   vertex 0.390973 -13.9478  5.38353
   vertex -1.20686 -13.9021  5.38353
  endloop
 endfacet
 facet normal 0.248242 0.378689 0.891611
  outer loop
   vertex  -7.0701 -10.3109  1.10228
   vertex  -7.9258 -9.67635  1.07103
   vertex -7.93856 -11.3603  1.78978
  endloop
 endfacet
 facet normal 0.258786 0.377537 0.889098
  outer loop
   vertex  -7.9258 -9.67635  1.07103
   vertex -8.87662 -10.6437  1.75853
   vertex -7.93856 -11.3603  1.78978
  endloop
 endfacet
 facet normal 0.224321 0.397325 0.889839
  outer loop
   vertex -7.93856 -11.3603  1.78978
   vertex -6.94169 -11.9931  1.82103
   vertex  -7.0701 -10.3109  1.10228
  endloop
 endfacet
 facet normal 0.0257042 0.456884 -0.889155
  outer loop
   vertex 0.482853 -13.8311  2.66478
   vertex -0.697746 -13.8255  2.63353
   vertex 0.319943  -12.484  3.35228
  endloop
 endfacet
 facet normal 0.064372 0.453087 -0.889139
  outer loop
   vertex -0.697746 -13.8255  2.63353
   vertex -1.87345 -13.7198  2.60228
   vertex -0.745345 -12.4696  3.32103
  endloop
 endfacet
 facet normal 0.0711002 0.448157 -0.891123
  outer loop
   vertex -1.87345 -13.7198  2.60228
   vertex -1.80558 -12.3635  3.28978
   vertex -0.745345 -12.4696  3.32103
  endloop
 endfacet
 facet normal 0.339886 -0.298614  -0.8918
  outer loop
   vertex -9.53051  8.20004 0.196041
   vertex -10.1863  7.36025 0.227291
   vertex -10.6445  8.98528 -0.491459
  endloop
 endfacet
 facet normal 0.346395 -0.296049 -0.890149
  outer loop
   vertex -10.1863  7.36025 0.227291
   vertex -11.3642  8.04926 -0.460209
   vertex -10.6445  8.98528 -0.491459
  endloop
 endfacet
 facet normal 0.319607 -0.325658 -0.88983
  outer loop
   vertex -10.6445  8.98528 -0.491459
   vertex -9.84577  9.85455 -0.522709
   vertex -9.53051  8.20004 0.196041
  endloop
 endfacet
 facet normal -0.225555 0.397679 0.889368
  outer loop
   vertex  5.68034 -12.6193  4.47728
   vertex  6.73613 -12.0904  4.50853
   vertex  5.23027 -11.3371  3.78978
  endloop
 endfacet
 facet normal -0.229832 0.390936 0.891261
  outer loop
   vertex  6.73613 -12.0904  4.50853
   vertex  6.17867 -10.8507  3.82103
   vertex  5.23027 -11.3371  3.78978
  endloop
 endfacet
 facet normal -0.196529 0.408845 0.891192
  outer loop
   vertex  5.23027 -11.3371  3.78978
   vertex  4.24477 -11.7427  3.75853
   vertex  5.68034 -12.6193  4.47728
  endloop
 endfacet
 facet normal -0.255076 -0.378953 0.889568
  outer loop
   vertex  8.80844  10.7748  2.91479
   vertex  7.86416  11.4838  2.94604
   vertex  7.85837  9.80044  2.22729
  endloop
 endfacet
 facet normal -0.248183 -0.379677 0.891207
  outer loop
   vertex  7.86416  11.4838  2.94604
   vertex  7.00133   10.434  2.25854
   vertex  7.85837  9.80044  2.22729
  endloop
 endfacet
 facet normal -0.278602 -0.357344 0.891452
  outer loop
   vertex  7.85837  9.80044  2.22729
   vertex  8.65966  9.09776  2.19604
   vertex  8.80844  10.7748  2.91479
  endloop
 endfacet
 facet normal 0.587651 0.808955 0.0160779
  outer loop
   vertex -7.55198 -11.6205 -2.61647
   vertex -8.77235  -10.734 -2.61647
   vertex -8.56103 -10.8956 -2.21022
  endloop
 endfacet
 facet normal 0.457412 -0.0256053 0.888886
  outer loop
   vertex -13.7368  2.14176 -0.928963
   vertex -13.8633 0.967776 -0.897713
   vertex -12.4186  1.82311 -1.61646
  endloop
 endfacet
 facet normal 0.454996 -0.0203683 0.890261
  outer loop
   vertex -13.8633 0.967776 -0.897713
   vertex -12.5272  0.76328 -1.58521
   vertex -12.4186  1.82311 -1.61646
  endloop
 endfacet
 facet normal 0.450415 -0.0588507 0.890878
  outer loop
   vertex -12.4186  1.82311 -1.61646
   vertex   -12.22   2.8699 -1.64771
   vertex -13.7368  2.14176 -0.928963
  endloop
 endfacet
 facet normal -0.443208 -0.0972261 -0.891131
  outer loop
   vertex  12.1939  2.92856  1.69604
   vertex   11.906  3.95457  1.72729
   vertex  13.4808  3.36349  1.00854
  endloop
 endfacet
 facet normal -0.445137 -0.104546 -0.889338
  outer loop
   vertex   11.906  3.95457  1.72729
   vertex  13.1521   4.4974  1.03979
   vertex  13.4808  3.36349  1.00854
  endloop
 endfacet
 facet normal -0.452759 -0.0659031 -0.889194
  outer loop
   vertex  13.4808  3.36349  1.00854
   vertex  13.7108  2.20565 0.977287
   vertex  12.1939  2.92856  1.69604
  endloop
 endfacet
 facet normal 0.144607 -0.43515 0.888669
  outer loop
   vertex -3.16023  13.5697 -1.36646
   vertex -4.29832  13.2554 -1.33521
   vertex -2.96539  12.2305 -2.05396
  endloop
 endfacet
 facet normal  0.15175 -0.427595 0.891142
  outer loop
   vertex -4.29832  13.2554 -1.33521
   vertex -3.98828  11.9326 -2.02271
   vertex -2.96539  12.2305 -2.05396
  endloop
 endfacet
 facet normal 0.114685 -0.440413  0.89044
  outer loop
   vertex -2.96539  12.2305 -2.05396
   vertex -1.92059  12.4394 -2.08521
   vertex -3.16023  13.5697 -1.36646
  endloop
 endfacet
 facet normal 0.454447 -0.0402463 -0.889864
  outer loop
   vertex -13.2078 0.690633    2.402
   vertex -12.5461 0.279145  2.75854
   vertex -13.9013 0.176874  2.07104
  endloop
 endfacet
 facet normal 0.453243 -0.0148775 -0.891263
  outer loop
   vertex -12.5461 0.279145  2.75854
   vertex -12.5196 -0.786182  2.78979
   vertex -13.9013 0.176874  2.07104
  endloop
 endfacet
 facet normal 0.452988 0.0244469 -0.891181
  outer loop
   vertex -12.5196 -0.786182  2.78979
   vertex  -12.401 -1.84493  2.82104
   vertex -13.8604   -1.003  2.10229
  endloop
 endfacet
 facet normal 0.456203 0.0316142 -0.889314
  outer loop
   vertex  -12.401 -1.84493  2.82104
   vertex -13.7183 -2.17488  2.13354
   vertex -13.8604   -1.003  2.10229
  endloop
 endfacet
 facet normal  0.40621 0.204454 -0.890613
  outer loop
   vertex -11.1163 -5.76996 0.633537
   vertex -10.5833 -6.69273 0.664787
   vertex -12.2518 -6.50873 -0.0539627
  endloop
 endfacet
 facet normal 0.406267 0.211584 -0.88892
  outer loop
   vertex -10.5833 -6.69273 0.664787
   vertex -11.6534 -7.52637 -0.0227165
   vertex -12.2518 -6.50873 -0.0539627
  endloop
 endfacet
 facet normal 0.423021 0.176832 -0.888697
  outer loop
   vertex -12.2518 -6.50873 -0.0539627
   vertex -12.7625 -5.44413 -0.0852127
   vertex -11.1163 -5.76996 0.633537
  endloop
 endfacet
 facet normal 0.225711 0.395511 -0.890295
  outer loop
   vertex -6.58371 -12.1831 -2.14772
   vertex -6.04679  -10.942 -1.46022
   vertex -5.09254 -11.4162 -1.42897
  endloop
 endfacet
 facet normal 0.190167 0.413651 -0.890353
  outer loop
   vertex -5.09254 -11.4162 -1.42897
   vertex -4.10045  -11.805 -1.39772
   vertex -5.52144 -12.6988 -2.11647
  endloop
 endfacet
 facet normal 0.186533   0.4183 -0.888949
  outer loop
   vertex -4.10045  -11.805 -1.39772
   vertex  -4.4199 -13.1236 -2.08522
   vertex -5.52144 -12.6988 -2.11647
  endloop
 endfacet
 facet normal 0.215032 -0.401726 0.890156
  outer loop
   vertex -5.40564  12.8462 -1.30396
   vertex -6.47386  12.3437 -1.27271
   vertex -4.98256  11.5493 -1.99146
  endloop
 endfacet
 facet normal 0.238058 -0.385911 0.891292
  outer loop
   vertex -6.47386  12.3437 -1.27271
   vertex -6.60569  11.4973 -1.60395
   vertex -5.94152  11.0842 -1.96021
  endloop
 endfacet
 facet normal 0.220177 -0.394036 0.892332
  outer loop
   vertex -4.98256  11.5493 -1.99146
   vertex -6.47386  12.3437 -1.27271
   vertex -5.94152  11.0842 -1.96021
  endloop
 endfacet
 facet normal   0.1868 -0.411858 0.891896
  outer loop
   vertex -4.98256  11.5493 -1.99146
   vertex -3.98828  11.9326 -2.02271
   vertex -5.40564  12.8462 -1.30396
  endloop
 endfacet
 facet normal 0.821104 0.570775 -0.00214909
  outer loop
   vertex -11.7624 -7.36115 -2.61646
   vertex -11.7224 -7.41762 -2.33521
   vertex -11.0486 -8.38686 -2.30397
  endloop
 endfacet
 facet normal -2.53791e-07 -1.45095e-06        1
  outer loop
   vertex  9.15924  -10.534  5.38353
   vertex  10.3056 -9.41992  5.38354
   vertex  9.88515 -9.34638  5.38354
  endloop
 endfacet
 facet normal        0        0        1
  outer loop
   vertex  10.3056 -9.41992  5.38354
   vertex  11.3174 -8.18246  5.38354
   vertex  10.9516 -8.21571  5.38354
  endloop
 endfacet
 facet normal       -0        0        1
  outer loop
   vertex  9.88515 -9.34638  5.38354
   vertex  10.3056 -9.41992  5.38354
   vertex  10.9516 -8.21571  5.38354
  endloop
 endfacet
 facet normal -5.16662e-07 -1.29027e-06        1
  outer loop
   vertex  9.88515 -9.34638  5.38354
   vertex  8.69925 -10.3498  5.38353
   vertex  9.15924  -10.534  5.38353
  endloop
 endfacet
 facet normal        0        0        1
  outer loop
   vertex  7.89339 -11.5101  5.38353
   vertex  9.15924  -10.534  5.38353
   vertex  8.69925 -10.3498  5.38353
  endloop
 endfacet
 facet normal        0        0        1
  outer loop
   vertex   5.0705 -12.9996  5.38353
   vertex  6.52453 -12.3355  5.38353
   vertex  5.29951 -12.2125  5.38353
  endloop
 endfacet
 facet normal        0        0        1
  outer loop
   vertex  6.52453 -12.3355  5.38353
   vertex  7.89339 -11.5101  5.38353
   vertex   7.4072 -11.2124  5.38353
  endloop
 endfacet
 facet normal       -0        0        1
  outer loop
   vertex  5.29951 -12.2125  5.38353
   vertex  6.52453 -12.3355  5.38353
   vertex  6.02226 -11.9206  5.38353
  endloop
 endfacet
 facet normal        0        0        1
  outer loop
   vertex   1.9836  -13.811  5.38353
   vertex  3.55024 -13.4935  5.38353
   vertex  3.04872 -12.8239  5.38353
  endloop
 endfacet
 facet normal        0        0        1
  outer loop
   vertex  3.55024 -13.4935  5.38353
   vertex   5.0705 -12.9996  5.38353
   vertex  4.56116 -12.4606  5.38353
  endloop
 endfacet
 facet normal       -0        0        1
  outer loop
   vertex -1.20686 -13.9021  5.38353
   vertex 0.390973 -13.9478  5.38353
   vertex -0.0458903 -13.0122  5.38353
  endloop
 endfacet
 facet normal        0        0        1
  outer loop
   vertex 0.390973 -13.9478  5.38353
   vertex   1.9836  -13.811  5.38353
   vertex  1.50606 -13.0085  5.38353
  endloop
 endfacet
 facet normal       -0        0        1
  outer loop
   vertex -4.33505 -13.2683  5.38353
   vertex -2.78908 -13.6746  5.38353
   vertex -3.09388 -12.4697  5.38353
  endloop
 endfacet
 facet normal       -0        0        1
  outer loop
   vertex -2.78908 -13.6746  5.38353
   vertex -1.20686 -13.9021  5.38353
   vertex -1.58621 -12.8333  5.38353
  endloop
 endfacet
 facet normal       -0        0        1
  outer loop
   vertex -7.23838 -11.9424  5.38353
   vertex -5.82462 -12.6883  5.38353
   vertex -5.92324 -11.2087  5.38353
  endloop
 endfacet
 facet normal       -0        0        1
  outer loop
   vertex -5.82462 -12.6883  5.38353
   vertex -4.33505 -13.2683  5.38353
   vertex -4.54651  -11.925  5.38353
  endloop
 endfacet
 facet normal        0        0        1
  outer loop
   vertex -7.23838 -11.9424  5.38353
   vertex -5.92324 -11.2087  5.38353
   vertex -6.57686 -10.7892  5.38353
  endloop
 endfacet
 facet normal -8.67846e-07 -1.00155e-06        1
  outer loop
   vertex -9.76594 -9.99331  5.38353
   vertex -8.55788 -11.0401  5.38353
   vertex -8.36858 -9.29974  5.38354
  endloop
 endfacet
 facet normal       -0        0        1
  outer loop
   vertex -8.55788 -11.0401  5.38353
   vertex -7.23838 -11.9424  5.38353
   vertex -7.20396 -10.3304  5.38353
  endloop
 endfacet
 facet normal 2.11717e-06 -1.32624e-06        1
  outer loop
   vertex -8.36858 -9.29974  5.38354
   vertex -8.55788 -11.0401  5.38353
   vertex -7.80204  -9.8335  5.38353
  endloop
 endfacet
 facet normal       -0        0        1
  outer loop
   vertex -11.7864 -7.52244  5.38354
   vertex -10.8468 -8.81564  5.38354
   vertex -10.2387 -7.20518  5.38354
  endloop
 endfacet
 facet normal 4.23487e-07 -1.23092e-06        1
  outer loop
   vertex -10.8468 -8.81564  5.38354
   vertex -9.76594 -9.99331  5.38353
   vertex -9.36246 -8.30497  5.38354
  endloop
 endfacet
 facet normal        0        0        1
  outer loop
   vertex -13.1946 -4.65816  5.38354
   vertex -12.5724 -6.13056  5.38354
   vertex -11.5959   -4.747  5.38354
  endloop
 endfacet
 facet normal       -0        0        1
  outer loop
   vertex -12.5724 -6.13056  5.38354
   vertex -11.7864 -7.52244  5.38354
   vertex -10.9863  -6.0142  5.38354
  endloop
 endfacet
 facet normal        0        0        1
  outer loop
   vertex -13.9176 -1.54935  5.38354
   vertex  -13.645 -3.12442  5.38354
   vertex  -12.372 -2.04845  5.38354
  endloop
 endfacet
 facet normal -2.44881e-07 -1.3155e-06        1
  outer loop
   vertex  -13.645 -3.12442  5.38354
   vertex -13.1946 -4.65816  5.38354
   vertex -12.0597 -3.41952  5.38354
  endloop
 endfacet
 facet normal        0        0        1
  outer loop
   vertex -13.9176  1.64241  5.38354
   vertex -14.0088 0.0465327  5.38354
   vertex -12.6064 0.901711  5.38354
  endloop
 endfacet
 facet normal        0        0        1
  outer loop
   vertex -14.0088 0.0465327  5.38354
   vertex -13.9176 -1.54935  5.38354
   vertex -12.5289 -0.651031  5.38354
  endloop
 endfacet
 facet normal 7.60711e-07 -1.46696e-06        1
  outer loop
   vertex -13.1946  4.75122  5.38354
   vertex  -13.645  3.21749  5.38354
   vertex -12.1905  3.97175  5.38354
  endloop
 endfacet
 facet normal        0        0        1
  outer loop
   vertex  -13.645  3.21749  5.38354
   vertex -13.9176  1.64241  5.38354
   vertex -12.6064 0.901711  5.38354
  endloop
 endfacet
 facet normal        0        0        1
  outer loop
   vertex -12.1905  3.97175  5.38354
   vertex  -13.645  3.21749  5.38354
   vertex -12.6064 0.901711  5.38354
  endloop
 endfacet
 facet normal        0        0        1
  outer loop
   vertex -11.7864   7.6155  5.38354
   vertex -12.5724  6.22363  5.38354
   vertex -11.7095   5.4476  5.38354
  endloop
 endfacet
 facet normal        0        0        1
  outer loop
   vertex -12.5724  6.22363  5.38354
   vertex -13.1946  4.75122  5.38354
   vertex -11.7095   5.4476  5.38354
  endloop
 endfacet
 facet normal 6.74948e-07 -2.23906e-06        1
  outer loop
   vertex -9.76594  10.0864  5.38354
   vertex -10.8468  8.90871  5.38354
   vertex -9.25805  9.38762  5.38354
  endloop
 endfacet
 facet normal        0        0        1
  outer loop
   vertex -10.8468  8.90871  5.38354
   vertex -11.7864   7.6155  5.38354
   vertex -10.6643  7.52916  5.38354
  endloop
 endfacet
 facet normal        0        0        1
  outer loop
   vertex -9.25805  9.38762  5.38354
   vertex -10.8468  8.90871  5.38354
   vertex -10.6643  7.52916  5.38354
  endloop
 endfacet
 facet normal        0        0        1
  outer loop
   vertex -7.23838  12.0354  5.38354
   vertex -8.55788  11.1332  5.38354
   vertex -6.91854  11.4254  5.38354
  endloop
 endfacet
 facet normal        0        0        1
  outer loop
   vertex -8.55788  11.1332  5.38354
   vertex -9.76594  10.0864  5.38354
   vertex -8.14742  10.4745  5.38354
  endloop
 endfacet
 facet normal        0        0        1
  outer loop
   vertex -4.33505  13.3613  5.38354
   vertex -5.82462  12.7814  5.38354
   vertex -4.17546  12.8711  5.38354
  endloop
 endfacet
 facet normal        0        0        1
  outer loop
   vertex -5.82462  12.7814  5.38354
   vertex -7.23838  12.0354  5.38354
   vertex -5.58878  12.2283  5.38354
  endloop
 endfacet
 facet normal        0        0        1
  outer loop
   vertex -4.17546  12.8711  5.38354
   vertex -5.82462  12.7814  5.38354
   vertex -5.58878  12.2283  5.38354
  endloop
 endfacet
 facet normal        0        0        1
  outer loop
   vertex -1.20686  13.9952  5.38354
   vertex -2.78908  13.7677  5.38354
   vertex -1.17325  13.6432  5.38354
  endloop
 endfacet
 facet normal        0        0        1
  outer loop
   vertex -2.78908  13.7677  5.38354
   vertex -4.33505  13.3613  5.38354
   vertex -2.69694  13.3435  5.38354
  endloop
 endfacet
 facet normal        0        0        1
  outer loop
   vertex   1.9836   13.904  5.38354
   vertex 0.390973  14.0408  5.38354
   vertex  1.93203  13.7204  5.38354
  endloop
 endfacet
 facet normal        0        0        1
  outer loop
   vertex 0.390973  14.0408  5.38354
   vertex -1.20686  13.9952  5.38354
   vertex -1.17325  13.6432  5.38354
  endloop
 endfacet
 facet normal        0        0        1
  outer loop
   vertex   5.0705  13.0926  5.38354
   vertex  3.55024  13.5866  5.38354
   vertex  4.91233  13.0389  5.38354
  endloop
 endfacet
 facet normal        0        0        1
  outer loop
   vertex  3.55024  13.5866  5.38354
   vertex   1.9836   13.904  5.38354
   vertex  3.47482  13.4959  5.38354
  endloop
 endfacet
 facet normal        0        0        1
  outer loop
   vertex  7.89339  11.6031  5.38354
   vertex  6.52453  12.4286  5.38354
   vertex  7.59707  11.6728  5.38354
  endloop
 endfacet
 facet normal        0        0        1
  outer loop
   vertex  6.52453  12.4286  5.38354
   vertex   5.0705  13.0926  5.38354
   vertex  6.29184  12.4289  5.38354
  endloop
 endfacet
 facet normal -3.33232e-06 -5.14097e-06        1
  outer loop
   vertex  10.3056  9.51298  5.38354
   vertex  9.15924   10.627  5.38354
   vertex  9.92425  9.76014  5.38354
  endloop
 endfacet
 facet normal        0        0        1
  outer loop
   vertex  9.15924   10.627  5.38354
   vertex  7.89339  11.6031  5.38354
   vertex  8.81265  10.7797  5.38354
  endloop
 endfacet
 facet normal        0        0        1
  outer loop
   vertex  12.1816  6.93079  5.38354
   vertex  11.3174  8.27553  5.38354
   vertex  11.7845  7.39082  5.38354
  endloop
 endfacet
 facet normal        0        0        1
  outer loop
   vertex  11.3174  8.27553  5.38354
   vertex  10.3056  9.51298  5.38354
   vertex  10.9188  8.62605  5.38354
  endloop
 endfacet
 facet normal 1.16404e-05 2.8864e-06        1
  outer loop
   vertex  13.4241  3.99079  5.38354
   vertex  12.8869  5.49631  5.38354
   vertex  13.0903  4.67623  5.38354
  endloop
 endfacet
 facet normal        0        0        1
  outer loop
   vertex  12.8869  5.49631  5.38354
   vertex  12.1816  6.93079  5.38354
   vertex  12.5112  6.06902  5.38354
  endloop
 endfacet
 facet normal        0        0        1
  outer loop
   vertex  13.0903  4.67623  5.38354
   vertex  12.8869  5.49631  5.38354
   vertex  12.5112  6.06902  5.38354
  endloop
 endfacet
 facet normal        0        0        1
  outer loop
   vertex  13.9684 0.845776  5.38354
   vertex  13.7861  2.43384  5.38354
   vertex  13.7803    1.744  5.38354
  endloop
 endfacet
 facet normal        0        0        1
  outer loop
   vertex  13.7861  2.43384  5.38354
   vertex  13.4241  3.99079  5.38354
   vertex   13.515  3.22887  5.38354
  endloop
 endfacet
 facet normal        0        0        1
  outer loop
   vertex  13.7861 -2.34078  5.38354
   vertex  13.9684 -0.752711  5.38354
   vertex   13.822 -1.26804  5.38354
  endloop
 endfacet
 facet normal        0       -0        1
  outer loop
   vertex  13.9684 -0.752711  5.38354
   vertex  13.9684 0.845776  5.38354
   vertex   13.883 0.239115  5.38354
  endloop
 endfacet
 facet normal        0        0        1
  outer loop
   vertex   13.822 -1.26804  5.38354
   vertex  13.9684 -0.752711  5.38354
   vertex   13.883 0.239115  5.38354
  endloop
 endfacet
 facet normal -1.56145e-05 4.30434e-06        1
  outer loop
   vertex  12.8869 -5.40325  5.38354
   vertex  13.4241 -3.89772  5.38354
   vertex  13.2136 -4.21827  5.38354
  endloop
 endfacet
 facet normal        0        0        1
  outer loop
   vertex  13.4241 -3.89772  5.38354
   vertex  13.7861 -2.34078  5.38354
   vertex   13.598 -2.75969  5.38354
  endloop
 endfacet
 facet normal -1.18078e-05 1.80435e-06        1
  outer loop
   vertex  13.2136 -4.21827  5.38354
   vertex  13.4241 -3.89772  5.38354
   vertex   13.598 -2.75969  5.38354
  endloop
 endfacet
 facet normal        0        0        1
  outer loop
   vertex  11.8854 -6.97127  5.38354
   vertex  12.1816 -6.83773  5.38354
   vertex  12.6733 -5.62658  5.38354
  endloop
 endfacet
 facet normal        0        0        1
  outer loop
   vertex  12.1816 -6.83773  5.38354
   vertex  12.8869 -5.40325  5.38354
   vertex  12.6733 -5.62658  5.38354
  endloop
 endfacet
 facet normal        0        0        1
  outer loop
   vertex -2.78908  13.7677  5.38354
   vertex -2.69694  13.3435  5.38354
   vertex -1.17325  13.6432  5.38354
  endloop
 endfacet
 facet normal        0        0        1
  outer loop
   vertex -2.69694  13.3435  5.38354
   vertex -4.33505  13.3613  5.38354
   vertex -4.17546  12.8711  5.38354
  endloop
 endfacet
 facet normal       -0        0        1
  outer loop
   vertex -8.55788  11.1332  5.38354
   vertex -8.14742  10.4745  5.38354
   vertex -6.91854  11.4254  5.38354
  endloop
 endfacet
 facet normal       -0        0        1
  outer loop
   vertex -14.0088 0.0465327  5.38354
   vertex -12.5289 -0.651031  5.38354
   vertex  -12.592 0.124659  5.38354
  endloop
 endfacet
 facet normal       -0        0        1
  outer loop
   vertex  -13.645 -3.12442  5.38354
   vertex -12.0597 -3.41952  5.38354
   vertex  -12.372 -2.04845  5.38354
  endloop
 endfacet
 facet normal        0        0        1
  outer loop
   vertex -12.5724 -6.13056  5.38354
   vertex -10.9863  -6.0142  5.38354
   vertex -11.5959   -4.747  5.38354
  endloop
 endfacet
 facet normal        0        0        1
  outer loop
   vertex -10.8468 -8.81564  5.38354
   vertex -9.36246 -8.30497  5.38354
   vertex -10.2387 -7.20518  5.38354
  endloop
 endfacet
 facet normal        0        0        1
  outer loop
   vertex -2.78908 -13.6746  5.38353
   vertex -1.58621 -12.8333  5.38353
   vertex -2.34546 -12.6746  5.38353
  endloop
 endfacet
 facet normal        0       -0        1
  outer loop
   vertex 0.390973 -13.9478  5.38353
   vertex  1.50606 -13.0085  5.38353
   vertex -0.0458903 -13.0122  5.38353
  endloop
 endfacet
 facet normal        0       -0        1
  outer loop
   vertex  3.55024 -13.4935  5.38353
   vertex  4.56116 -12.4606  5.38353
   vertex  3.04872 -12.8239  5.38353
  endloop
 endfacet
 facet normal        0       -0        1
  outer loop
   vertex  7.89339 -11.5101  5.38353
   vertex  8.69925 -10.3498  5.38353
   vertex   7.4072 -11.2124  5.38353
  endloop
 endfacet
 facet normal        0        0        1
  outer loop
   vertex -7.80204  -9.8335  5.38353
   vertex -8.55788 -11.0401  5.38353
   vertex -7.20396 -10.3304  5.38353
  endloop
 endfacet
 facet normal        0        0        1
  outer loop
   vertex  13.2136 -4.21827  5.38354
   vertex  12.6733 -5.62658  5.38354
   vertex  12.8869 -5.40325  5.38354
  endloop
 endfacet
 facet normal        0        0        1
  outer loop
   vertex   7.4072 -11.2124  5.38353
   vertex  6.02226 -11.9206  5.38353
   vertex  6.52453 -12.3355  5.38353
  endloop
 endfacet
 facet normal        0        0        1
  outer loop
   vertex   13.822 -1.26804  5.38354
   vertex   13.598 -2.75969  5.38354
   vertex  13.7861 -2.34078  5.38354
  endloop
 endfacet
 facet normal        0       -0        1
  outer loop
   vertex   5.0705 -12.9996  5.38353
   vertex  5.29951 -12.2125  5.38353
   vertex  4.56116 -12.4606  5.38353
  endloop
 endfacet
 facet normal        0       -0        1
  outer loop
   vertex   1.9836  -13.811  5.38353
   vertex  3.04872 -12.8239  5.38353
   vertex  1.50606 -13.0085  5.38353
  endloop
 endfacet
 facet normal        0        0        1
  outer loop
   vertex  13.7803    1.744  5.38354
   vertex   13.883 0.239115  5.38354
   vertex  13.9684 0.845776  5.38354
  endloop
 endfacet
 facet normal        0        0        1
  outer loop
   vertex   13.515  3.22887  5.38354
   vertex  13.7803    1.744  5.38354
   vertex  13.7861  2.43384  5.38354
  endloop
 endfacet
 facet normal        0       -0        1
  outer loop
   vertex -1.20686 -13.9021  5.38353
   vertex -0.0458903 -13.0122  5.38353
   vertex -1.58621 -12.8333  5.38353
  endloop
 endfacet
 facet normal 7.56707e-06 9.02616e-07        1
  outer loop
   vertex  13.0903  4.67623  5.38354
   vertex   13.515  3.22887  5.38354
   vertex  13.4241  3.99079  5.38354
  endloop
 endfacet
 facet normal        0       -0        1
  outer loop
   vertex -2.78908 -13.6746  5.38353
   vertex -2.34546 -12.6746  5.38353
   vertex -3.09388 -12.4697  5.38353
  endloop
 endfacet
 facet normal        0        0        1
  outer loop
   vertex -4.33505 -13.2683  5.38353
   vertex -3.09388 -12.4697  5.38353
   vertex -3.82843 -12.2194  5.38353
  endloop
 endfacet
 facet normal        0        0        1
  outer loop
   vertex  11.7845  7.39082  5.38354
   vertex  12.5112  6.06902  5.38354
   vertex  12.1816  6.93079  5.38354
  endloop
 endfacet
 facet normal        0        0        1
  outer loop
   vertex  10.9188  8.62605  5.38354
   vertex  11.7845  7.39082  5.38354
   vertex  11.3174  8.27553  5.38354
  endloop
 endfacet
 facet normal        0       -0        1
  outer loop
   vertex -4.33505 -13.2683  5.38353
   vertex -3.82843 -12.2194  5.38353
   vertex -4.54651  -11.925  5.38353
  endloop
 endfacet
 facet normal        0        0        1
  outer loop
   vertex -4.54651  -11.925  5.38353
   vertex -5.24562 -11.5877  5.38353
   vertex -5.82462 -12.6883  5.38353
  endloop
 endfacet
 facet normal        0        0        1
  outer loop
   vertex  9.92425  9.76014  5.38354
   vertex  10.9188  8.62605  5.38354
   vertex  10.3056  9.51298  5.38354
  endloop
 endfacet
 facet normal        0        0        1
  outer loop
   vertex -5.24562 -11.5877  5.38353
   vertex -5.92324 -11.2087  5.38353
   vertex -5.82462 -12.6883  5.38353
  endloop
 endfacet
 facet normal -1.5863e-06 -3.60012e-06        1
  outer loop
   vertex  8.81265  10.7797  5.38354
   vertex  9.92425  9.76014  5.38354
   vertex  9.15924   10.627  5.38354
  endloop
 endfacet
 facet normal        0        0        1
  outer loop
   vertex -6.57686 -10.7892  5.38353
   vertex -7.20396 -10.3304  5.38353
   vertex -7.23838 -11.9424  5.38353
  endloop
 endfacet
 facet normal        0        0        1
  outer loop
   vertex  7.59707  11.6728  5.38354
   vertex  8.81265  10.7797  5.38354
   vertex  7.89339  11.6031  5.38354
  endloop
 endfacet
 facet normal        0        0        1
  outer loop
   vertex  6.29184  12.4289  5.38354
   vertex  7.59707  11.6728  5.38354
   vertex  6.52453  12.4286  5.38354
  endloop
 endfacet
 facet normal -9.12464e-07 -9.11658e-07        1
  outer loop
   vertex -9.76594 -9.99331  5.38353
   vertex -8.36858 -9.29974  5.38354
   vertex -9.36246 -8.30497  5.38354
  endloop
 endfacet
 facet normal       -0        0        1
  outer loop
   vertex  4.91233  13.0389  5.38354
   vertex  6.29184  12.4289  5.38354
   vertex   5.0705  13.0926  5.38354
  endloop
 endfacet
 facet normal        0        0        1
  outer loop
   vertex -11.7864 -7.52244  5.38354
   vertex -10.2387 -7.20518  5.38354
   vertex -10.9863  -6.0142  5.38354
  endloop
 endfacet
 facet normal       -0        0        1
  outer loop
   vertex  3.47482  13.4959  5.38354
   vertex  4.91233  13.0389  5.38354
   vertex  3.55024  13.5866  5.38354
  endloop
 endfacet
 facet normal       -0        0        1
  outer loop
   vertex  1.93203  13.7204  5.38354
   vertex  3.47482  13.4959  5.38354
   vertex   1.9836   13.904  5.38354
  endloop
 endfacet
 facet normal        0        0        1
  outer loop
   vertex -1.17325  13.6432  5.38354
   vertex  1.93203  13.7204  5.38354
   vertex 0.390973  14.0408  5.38354
  endloop
 endfacet
 facet normal -8.14218e-08 -1.46527e-06        1
  outer loop
   vertex -13.1946 -4.65816  5.38354
   vertex -11.5959   -4.747  5.38354
   vertex -12.0597 -3.41952  5.38354
  endloop
 endfacet
 facet normal       -0        0        1
  outer loop
   vertex -13.9176 -1.54935  5.38354
   vertex  -12.372 -2.04845  5.38354
   vertex -12.5289 -0.651031  5.38354
  endloop
 endfacet
 facet normal        0        0        1
  outer loop
   vertex -14.0088 0.0465327  5.38354
   vertex  -12.592 0.124659  5.38354
   vertex -12.6064 0.901711  5.38354
  endloop
 endfacet
 facet normal        0       -0        1
  outer loop
   vertex -6.91854  11.4254  5.38354
   vertex -5.58878  12.2283  5.38354
   vertex -7.23838  12.0354  5.38354
  endloop
 endfacet
 facet normal 7.15298e-07 -1.52546e-06        1
  outer loop
   vertex -13.1946  4.75122  5.38354
   vertex -12.1905  3.97175  5.38354
   vertex -11.7095   5.4476  5.38354
  endloop
 endfacet
 facet normal 5.57379e-07 -2.32451e-06        1
  outer loop
   vertex -9.25805  9.38762  5.38354
   vertex -8.14742  10.4745  5.38354
   vertex -9.76594  10.0864  5.38354
  endloop
 endfacet
 facet normal 0.257459 -0.377427  0.88953
  outer loop
   vertex -6.14814  10.9781  2.66479
   vertex -6.70071  12.2215  3.35229
   vertex  -7.7089  11.6074  3.38354
  endloop
 endfacet
 facet normal -0.347515 -0.294078 0.890366
  outer loop
   vertex  11.3832  7.99636 -1.80396
   vertex  10.6682  8.93589 -1.77271
   vertex  10.2015  7.31134 -2.49146
  endloop
 endfacet
 facet normal -0.339865 -0.297133 0.892303
  outer loop
   vertex  10.6682  8.93589 -1.77271
   vertex  9.54766  8.15304 -2.46021
   vertex  10.2015  7.31134 -2.49146
  endloop
 endfacet
 facet normal -0.363676 -0.267986 0.892146
  outer loop
   vertex  10.2015  7.31134 -2.49146
   vertex   10.783  6.41819 -2.52271
   vertex  11.3832  7.99636 -1.80396
  endloop
 endfacet
 facet normal -0.370722 0.269947 -0.888647
  outer loop
   vertex  11.9498 -7.01576 -1.58522
   vertex  11.3047  -8.0046 -1.61647
   vertex   10.729 -6.42908 -0.897713
  endloop
 endfacet
 facet normal -0.364323 0.273058 -0.890342
  outer loop
   vertex  11.3047  -8.0046 -1.61647
   vertex  10.1399 -7.31709 -0.928967
   vertex   10.729 -6.42908 -0.897713
  endloop
 endfacet
 facet normal -0.386292 0.239879 -0.890638
  outer loop
   vertex   10.729 -6.42908 -0.897713
   vertex  11.2382 -5.49316 -0.866463
   vertex  11.9498 -7.01576 -1.58522
  endloop
 endfacet
 facet normal        0       -0       -1
  outer loop
   vertex  12.8869  5.49631  6.88354
   vertex  13.4241  3.99079  6.88354
   vertex  11.7158  4.49309  6.88354
  endloop
 endfacet
 facet normal 5.08859e-07 1.34339e-06       -1
  outer loop
   vertex  13.4241  3.99079  6.88354
   vertex  13.7861  2.43384  6.88354
   vertex  12.1663  3.04742  6.88354
  endloop
 endfacet
 facet normal        0       -0       -1
  outer loop
   vertex  13.7861  2.43384  6.88354
   vertex  13.9684 0.845775  6.88354
   vertex  12.4392    1.558  6.88354
  endloop
 endfacet
 facet normal        0       -0       -1
  outer loop
   vertex  13.9684 0.845775  6.88354
   vertex  13.9684 -0.752712  6.88354
   vertex  12.5307 0.0465323  6.88354
  endloop
 endfacet
 facet normal        0        0       -1
  outer loop
   vertex  13.9684 -0.752712  6.88354
   vertex  13.7861 -2.34078  6.88354
   vertex  12.4392 -1.46493  6.88354
  endloop
 endfacet
 facet normal -5.08859e-07 1.34339e-06       -1
  outer loop
   vertex  13.7861 -2.34078  6.88354
   vertex  13.4241 -3.89772  6.88354
   vertex  12.1663 -2.95436  6.88354
  endloop
 endfacet
 facet normal        0       -0       -1
  outer loop
   vertex  12.4392 -1.46493  6.88354
   vertex  13.7861 -2.34078  6.88354
   vertex  12.1663 -2.95436  6.88354
  endloop
 endfacet
 facet normal        0        0       -1
  outer loop
   vertex  13.4241 -3.89772  6.88354
   vertex  12.8869 -5.40325  6.88354
   vertex  11.7158 -4.40003  6.88354
  endloop
 endfacet
 facet normal        0        0       -1
  outer loop
   vertex  12.8869 -5.40325  6.88354
   vertex  12.1816 -6.83773  6.88354
   vertex  11.0943 -5.78085  6.88354
  endloop
 endfacet
 facet normal        0        0       -1
  outer loop
   vertex  12.1816 -6.83773  6.88354
   vertex  11.3174 -8.18246  6.88354
   vertex   10.311  -7.0767  6.88354
  endloop
 endfacet
 facet normal        0        0       -1
  outer loop
   vertex  11.3174 -8.18246  6.88354
   vertex  10.3056 -9.41992  6.88354
   vertex  9.37712 -8.26868  6.88354
  endloop
 endfacet
 facet normal 6.6214e-08 1.64396e-06       -1
  outer loop
   vertex  10.3056 -9.41992  6.88354
   vertex  9.15924  -10.534  6.88353
   vertex   8.3064  -9.3394  6.88354
  endloop
 endfacet
 facet normal       -0        0       -1
  outer loop
   vertex  9.15924  -10.534  6.88353
   vertex  7.89339 -11.5101  6.88353
   vertex  7.11442 -10.2733  6.88353
  endloop
 endfacet
 facet normal 2.2396e-07 1.75658e-06       -1
  outer loop
   vertex   8.3064  -9.3394  6.88354
   vertex  9.15924  -10.534  6.88353
   vertex  7.11442 -10.2733  6.88353
  endloop
 endfacet
 facet normal       -0        0       -1
  outer loop
   vertex  7.89339 -11.5101  6.88353
   vertex  6.52453 -12.3355  6.88353
   vertex  5.81857 -11.0566  6.88353
  endloop
 endfacet
 facet normal       -0        0       -1
  outer loop
   vertex  6.52453 -12.3355  6.88353
   vertex   5.0705 -12.9996  6.88353
   vertex  5.81857 -11.0566  6.88353
  endloop
 endfacet
 facet normal        0        0       -1
  outer loop
   vertex  7.89339 -11.5101  6.88353
   vertex  5.81857 -11.0566  6.88353
   vertex  7.11442 -10.2733  6.88353
  endloop
 endfacet
 facet normal       -0        0       -1
  outer loop
   vertex   5.0705 -12.9996  6.88353
   vertex  3.55024 -13.4935  6.88353
   vertex  4.43775 -11.6781  6.88353
  endloop
 endfacet
 facet normal       -0        0       -1
  outer loop
   vertex  3.55024 -13.4935  6.88353
   vertex   1.9836  -13.811  6.88353
   vertex  2.99208 -12.1286  6.88353
  endloop
 endfacet
 facet normal       -0        0       -1
  outer loop
   vertex   1.9836  -13.811  6.88353
   vertex 0.390973 -13.9478  6.88353
   vertex  1.50266 -12.4015  6.88353
  endloop
 endfacet
 facet normal        0        0       -1
  outer loop
   vertex 0.390973 -13.9478  6.88353
   vertex -1.20686 -13.9021  6.88353
   vertex -0.00881144 -12.4929  6.88353
  endloop
 endfacet
 facet normal        0        0       -1
  outer loop
   vertex -1.20686 -13.9021  6.88353
   vertex -2.78908 -13.6746  6.88353
   vertex -1.52028 -12.4015  6.88353
  endloop
 endfacet
 facet normal        0        0       -1
  outer loop
   vertex -2.78908 -13.6746  6.88353
   vertex -4.33505 -13.2683  6.88353
   vertex  -3.0097 -12.1286  6.88353
  endloop
 endfacet
 facet normal       -0        0       -1
  outer loop
   vertex -1.52028 -12.4015  6.88353
   vertex -2.78908 -13.6746  6.88353
   vertex  -3.0097 -12.1286  6.88353
  endloop
 endfacet
 facet normal        0        0       -1
  outer loop
   vertex -4.33505 -13.2683  6.88353
   vertex -5.82462 -12.6883  6.88353
   vertex -4.45537 -11.6781  6.88353
  endloop
 endfacet
 facet normal        0        0       -1
  outer loop
   vertex -5.82462 -12.6883  6.88353
   vertex -7.23838 -11.9424  6.88353
   vertex  -5.8362 -11.0566  6.88353
  endloop
 endfacet
 facet normal       -0        0       -1
  outer loop
   vertex -4.45537 -11.6781  6.88353
   vertex -5.82462 -12.6883  6.88353
   vertex  -5.8362 -11.0566  6.88353
  endloop
 endfacet
 facet normal        0        0       -1
  outer loop
   vertex -7.23838 -11.9424  6.88353
   vertex -8.55788 -11.0401  6.88353
   vertex -7.13205 -10.2733  6.88353
  endloop
 endfacet
 facet normal 8.68327e-07 1.0021e-06       -1
  outer loop
   vertex -8.55788 -11.0401  6.88353
   vertex -9.76594 -9.99331  6.88353
   vertex -8.32402  -9.3394  6.88354
  endloop
 endfacet
 facet normal -4.53346e-07 1.20352e-06       -1
  outer loop
   vertex -9.76594 -9.99331  6.88353
   vertex -10.8468 -8.81564  6.88354
   vertex -9.39474 -8.26868  6.88354
  endloop
 endfacet
 facet normal        0        0       -1
  outer loop
   vertex -10.8468 -8.81564  6.88354
   vertex -11.7864 -7.52244  6.88354
   vertex -10.3286  -7.0767  6.88354
  endloop
 endfacet
 facet normal        0        0       -1
  outer loop
   vertex -11.7864 -7.52244  6.88354
   vertex -12.5724 -6.13056  6.88354
   vertex  -11.112 -5.78085  6.88354
  endloop
 endfacet
 facet normal        0        0       -1
  outer loop
   vertex -12.5724 -6.13056  6.88354
   vertex -13.1946 -4.65816  6.88354
   vertex -11.7334 -4.40003  6.88354
  endloop
 endfacet
 facet normal       -0        0       -1
  outer loop
   vertex  -11.112 -5.78085  6.88354
   vertex -12.5724 -6.13056  6.88354
   vertex -11.7334 -4.40003  6.88354
  endloop
 endfacet
 facet normal -1.39966e-07 1.2025e-06       -1
  outer loop
   vertex -13.1946 -4.65816  6.88354
   vertex  -13.645 -3.12442  6.88354
   vertex -12.1839 -2.95436  6.88354
  endloop
 endfacet
 facet normal        0        0       -1
  outer loop
   vertex  -13.645 -3.12442  6.88354
   vertex -13.9176 -1.54935  6.88354
   vertex -12.4569 -1.46493  6.88354
  endloop
 endfacet
 facet normal       -0        0       -1
  outer loop
   vertex -12.1839 -2.95436  6.88354
   vertex  -13.645 -3.12442  6.88354
   vertex -12.4569 -1.46493  6.88354
  endloop
 endfacet
 facet normal        0        0       -1
  outer loop
   vertex -13.9176 -1.54935  6.88354
   vertex -14.0088 0.0465323  6.88354
   vertex -12.5483 0.0465323  6.88354
  endloop
 endfacet
 facet normal        0        0       -1
  outer loop
   vertex -14.0088 0.0465323  6.88354
   vertex -13.9176  1.64241  6.88354
   vertex -12.5483 0.0465323  6.88354
  endloop
 endfacet
 facet normal        0        0       -1
  outer loop
   vertex -12.5483 0.0465323  6.88354
   vertex -13.9176  1.64241  6.88354
   vertex -12.4569    1.558  6.88354
  endloop
 endfacet
 facet normal        0        0       -1
  outer loop
   vertex -13.9176  1.64241  6.88354
   vertex  -13.645  3.21749  6.88354
   vertex -12.4569    1.558  6.88354
  endloop
 endfacet
 facet normal 1.39967e-07 1.2025e-06       -1
  outer loop
   vertex  -13.645  3.21749  6.88354
   vertex -13.1946  4.75122  6.88354
   vertex -12.1839  3.04742  6.88354
  endloop
 endfacet
 facet normal        0        0       -1
  outer loop
   vertex -13.1946  4.75122  6.88354
   vertex -12.5724  6.22363  6.88354
   vertex -11.7334  4.49309  6.88354
  endloop
 endfacet
 facet normal        0        0       -1
  outer loop
   vertex -12.5724  6.22363  6.88354
   vertex -11.7864   7.6155  6.88354
   vertex  -11.112  5.87391  6.88354
  endloop
 endfacet
 facet normal        0        0       -1
  outer loop
   vertex -11.7334  4.49309  6.88354
   vertex -12.5724  6.22363  6.88354
   vertex  -11.112  5.87391  6.88354
  endloop
 endfacet
 facet normal        0        0       -1
  outer loop
   vertex -11.7864   7.6155  6.88354
   vertex -10.8468  8.90871  6.88354
   vertex -10.3286  7.16976  6.88354
  endloop
 endfacet
 facet normal 4.53347e-07 1.20352e-06       -1
  outer loop
   vertex -10.8468  8.90871  6.88354
   vertex -9.76594  10.0864  6.88354
   vertex -9.39474  8.36174  6.88354
  endloop
 endfacet
 facet normal        0        0       -1
  outer loop
   vertex -10.3286  7.16976  6.88354
   vertex -10.8468  8.90871  6.88354
   vertex -9.39474  8.36174  6.88354
  endloop
 endfacet
 facet normal -8.68328e-07 1.0021e-06       -1
  outer loop
   vertex -9.76594  10.0864  6.88354
   vertex -8.55788  11.1332  6.88354
   vertex -8.32402  9.43246  6.88354
  endloop
 endfacet
 facet normal        0        0       -1
  outer loop
   vertex -8.55788  11.1332  6.88354
   vertex -7.23838  12.0354  6.88354
   vertex -7.13205  10.3663  6.88354
  endloop
 endfacet
 facet normal        0        0       -1
  outer loop
   vertex -7.23838  12.0354  6.88354
   vertex -5.82462  12.7814  6.88354
   vertex  -5.8362  11.1497  6.88354
  endloop
 endfacet
 facet normal        0        0       -1
  outer loop
   vertex -5.82462  12.7814  6.88354
   vertex -4.33505  13.3613  6.88354
   vertex -4.45537  11.7711  6.88354
  endloop
 endfacet
 facet normal        0        0       -1
  outer loop
   vertex -4.33505  13.3613  6.88354
   vertex -2.78908  13.7677  6.88354
   vertex  -3.0097  12.2216  6.88354
  endloop
 endfacet
 facet normal        0        0       -1
  outer loop
   vertex -2.78908  13.7677  6.88354
   vertex -1.20686  13.9952  6.88354
   vertex -1.52028  12.4946  6.88354
  endloop
 endfacet
 facet normal        0        0       -1
  outer loop
   vertex  -3.0097  12.2216  6.88354
   vertex -2.78908  13.7677  6.88354
   vertex -1.52028  12.4946  6.88354
  endloop
 endfacet
 facet normal        0        0       -1
  outer loop
   vertex -1.20686  13.9952  6.88354
   vertex 0.390973  14.0408  6.88354
   vertex -0.00881144   12.586  6.88354
  endloop
 endfacet
 facet normal        0        0       -1
  outer loop
   vertex 0.390973  14.0408  6.88354
   vertex   1.9836   13.904  6.88354
   vertex  1.50266  12.4946  6.88354
  endloop
 endfacet
 facet normal        0        0       -1
  outer loop
   vertex -0.00881144   12.586  6.88354
   vertex 0.390973  14.0408  6.88354
   vertex  1.50266  12.4946  6.88354
  endloop
 endfacet
 facet normal        0        0       -1
  outer loop
   vertex   1.9836   13.904  6.88354
   vertex  3.55024  13.5866  6.88354
   vertex  2.99208  12.2216  6.88354
  endloop
 endfacet
 facet normal        0        0       -1
  outer loop
   vertex  3.55024  13.5866  6.88354
   vertex   5.0705  13.0926  6.88354
   vertex  4.43775  11.7711  6.88354
  endloop
 endfacet
 facet normal        0        0       -1
  outer loop
   vertex   5.0705  13.0926  6.88354
   vertex  6.52453  12.4286  6.88354
   vertex  5.81857  11.1497  6.88354
  endloop
 endfacet
 facet normal        0       -0       -1
  outer loop
   vertex  6.52453  12.4286  6.88354
   vertex  7.89339  11.6031  6.88354
   vertex  5.81857  11.1497  6.88354
  endloop
 endfacet
 facet normal        0       -0       -1
  outer loop
   vertex   5.0705  13.0926  6.88354
   vertex  5.81857  11.1497  6.88354
   vertex  4.43775  11.7711  6.88354
  endloop
 endfacet
 facet normal        0        0       -1
  outer loop
   vertex  7.89339  11.6031  6.88354
   vertex  7.11442  10.3663  6.88354
   vertex  5.81857  11.1497  6.88354
  endloop
 endfacet
 facet normal        0       -0       -1
  outer loop
   vertex  3.55024  13.5866  6.88354
   vertex  4.43775  11.7711  6.88354
   vertex  2.99208  12.2216  6.88354
  endloop
 endfacet
 facet normal 6.51343e-07 1.21107e-06       -1
  outer loop
   vertex -8.55788  11.1332  6.88354
   vertex -7.13205  10.3663  6.88354
   vertex -8.32402  9.43246  6.88354
  endloop
 endfacet
 facet normal        0       -0       -1
  outer loop
   vertex -5.82462  12.7814  6.88354
   vertex -4.45537  11.7711  6.88354
   vertex  -5.8362  11.1497  6.88354
  endloop
 endfacet
 facet normal        0        0       -1
  outer loop
   vertex  -13.645  3.21749  6.88354
   vertex -12.1839  3.04742  6.88354
   vertex -12.4569    1.558  6.88354
  endloop
 endfacet
 facet normal -6.51342e-07 1.21107e-06       -1
  outer loop
   vertex -8.55788 -11.0401  6.88353
   vertex -8.32402  -9.3394  6.88354
   vertex -7.13205 -10.2733  6.88353
  endloop
 endfacet
 facet normal        0        0       -1
  outer loop
   vertex -10.8468 -8.81564  6.88354
   vertex -10.3286  -7.0767  6.88354
   vertex -9.39474 -8.26868  6.88354
  endloop
 endfacet
 facet normal        0        0       -1
  outer loop
   vertex  3.55024 -13.4935  6.88353
   vertex  2.99208 -12.1286  6.88353
   vertex  4.43775 -11.6781  6.88353
  endloop
 endfacet
 facet normal        0        0       -1
  outer loop
   vertex 0.390973 -13.9478  6.88353
   vertex -0.00881144 -12.4929  6.88353
   vertex  1.50266 -12.4015  6.88353
  endloop
 endfacet
 facet normal       -0        0       -1
  outer loop
   vertex  12.8869 -5.40325  6.88354
   vertex  11.0943 -5.78085  6.88354
   vertex  11.7158 -4.40003  6.88354
  endloop
 endfacet
 facet normal       -0        0       -1
  outer loop
   vertex  11.3174 -8.18246  6.88354
   vertex  9.37712 -8.26868  6.88354
   vertex   10.311  -7.0767  6.88354
  endloop
 endfacet
 facet normal       -0        0       -1
  outer loop
   vertex  13.9684 0.845775  6.88354
   vertex  12.5307 0.0465323  6.88354
   vertex  12.4392    1.558  6.88354
  endloop
 endfacet
 facet normal        0       -0       -1
  outer loop
   vertex  12.5307 0.0465323  6.88354
   vertex  13.9684 -0.752712  6.88354
   vertex  12.4392 -1.46493  6.88354
  endloop
 endfacet
 facet normal        0       -0       -1
  outer loop
   vertex  12.1816  6.93079  6.88354
   vertex  12.8869  5.49631  6.88354
   vertex  11.0943  5.87391  6.88354
  endloop
 endfacet
 facet normal 4.27071e-07 1.45244e-06       -1
  outer loop
   vertex  13.4241  3.99079  6.88354
   vertex  12.1663  3.04742  6.88354
   vertex  11.7158  4.49309  6.88354
  endloop
 endfacet
 facet normal        0        0       -1
  outer loop
   vertex   10.311  7.16976  6.88354
   vertex  11.3174  8.27553  6.88354
   vertex  12.1816  6.93079  6.88354
  endloop
 endfacet
 facet normal        0        0       -1
  outer loop
   vertex  11.0943  5.87391  6.88354
   vertex   10.311  7.16976  6.88354
   vertex  12.1816  6.93079  6.88354
  endloop
 endfacet
 facet normal        0       -0       -1
  outer loop
   vertex  9.37712 -8.26868  6.88354
   vertex  10.3056 -9.41992  6.88354
   vertex   8.3064  -9.3394  6.88354
  endloop
 endfacet
 facet normal       -0        0       -1
  outer loop
   vertex -10.3286  -7.0767  6.88354
   vertex -11.7864 -7.52244  6.88354
   vertex  -11.112 -5.78085  6.88354
  endloop
 endfacet
 facet normal        0        0       -1
  outer loop
   vertex -4.45537  11.7711  6.88354
   vertex -4.33505  13.3613  6.88354
   vertex  -3.0097  12.2216  6.88354
  endloop
 endfacet
 facet normal        0        0       -1
  outer loop
   vertex  11.7158  4.49309  6.88354
   vertex  11.0943  5.87391  6.88354
   vertex  12.8869  5.49631  6.88354
  endloop
 endfacet
 facet normal        0       -0       -1
  outer loop
   vertex   1.9836   13.904  6.88354
   vertex  2.99208  12.2216  6.88354
   vertex  1.50266  12.4946  6.88354
  endloop
 endfacet
 facet normal        0        0       -1
  outer loop
   vertex  12.4392    1.558  6.88354
   vertex  12.1663  3.04742  6.88354
   vertex  13.7861  2.43384  6.88354
  endloop
 endfacet
 facet normal       -0        0       -1
  outer loop
   vertex -0.00881144   12.586  6.88354
   vertex -1.52028  12.4946  6.88354
   vertex -1.20686  13.9952  6.88354
  endloop
 endfacet
 facet normal -4.27071e-07 1.45244e-06       -1
  outer loop
   vertex  11.7158 -4.40003  6.88354
   vertex  12.1663 -2.95436  6.88354
   vertex  13.4241 -3.89772  6.88354
  endloop
 endfacet
 facet normal        0        0       -1
  outer loop
   vertex -7.23838  12.0354  6.88354
   vertex  -5.8362  11.1497  6.88354
   vertex -7.13205  10.3663  6.88354
  endloop
 endfacet
 facet normal        0        0       -1
  outer loop
   vertex   10.311  -7.0767  6.88354
   vertex  11.0943 -5.78085  6.88354
   vertex  12.1816 -6.83773  6.88354
  endloop
 endfacet
 facet normal -9.10067e-07 9.10067e-07       -1
  outer loop
   vertex -9.76594  10.0864  6.88354
   vertex -8.32402  9.43246  6.88354
   vertex -9.39474  8.36174  6.88354
  endloop
 endfacet
 facet normal       -0        0       -1
  outer loop
   vertex -10.3286  7.16976  6.88354
   vertex  -11.112  5.87391  6.88354
   vertex -11.7864   7.6155  6.88354
  endloop
 endfacet
 facet normal 2.20912e-07 1.25052e-06       -1
  outer loop
   vertex -13.1946  4.75122  6.88354
   vertex -11.7334  4.49309  6.88354
   vertex -12.1839  3.04742  6.88354
  endloop
 endfacet
 facet normal        0        0       -1
  outer loop
   vertex  4.43775 -11.6781  6.88353
   vertex  5.81857 -11.0566  6.88353
   vertex   5.0705 -12.9996  6.88353
  endloop
 endfacet
 facet normal        0        0       -1
  outer loop
   vertex  1.50266 -12.4015  6.88353
   vertex  2.99208 -12.1286  6.88353
   vertex   1.9836  -13.811  6.88353
  endloop
 endfacet
 facet normal        0        0       -1
  outer loop
   vertex -13.9176 -1.54935  6.88354
   vertex -12.5483 0.0465323  6.88354
   vertex -12.4569 -1.46493  6.88354
  endloop
 endfacet
 facet normal        0        0       -1
  outer loop
   vertex -1.52028 -12.4015  6.88353
   vertex -0.00881144 -12.4929  6.88353
   vertex -1.20686 -13.9021  6.88353
  endloop
 endfacet
 facet normal -2.20914e-07 1.25052e-06       -1
  outer loop
   vertex -12.1839 -2.95436  6.88354
   vertex -11.7334 -4.40003  6.88354
   vertex -13.1946 -4.65816  6.88354
  endloop
 endfacet
 facet normal       -0        0       -1
  outer loop
   vertex  -3.0097 -12.1286  6.88353
   vertex -4.33505 -13.2683  6.88353
   vertex -4.45537 -11.6781  6.88353
  endloop
 endfacet
 facet normal 9.10066e-07 9.10066e-07       -1
  outer loop
   vertex -9.76594 -9.99331  6.88353
   vertex -9.39474 -8.26868  6.88354
   vertex -8.32402  -9.3394  6.88354
  endloop
 endfacet
 facet normal -0.407614 0.205167 0.889808
  outer loop
   vertex  10.6514 -6.54089  1.69604
   vertex  11.7385 -7.36278  2.38354
   vertex   12.323 -6.33698  2.41479
  endloop
 endfacet
 facet normal -0.423919 0.170618 0.889484
  outer loop
   vertex   12.323 -6.33698  2.41479
   vertex  12.8197  -5.2657  2.44604
   vertex  11.1726 -5.61121  1.72729
  endloop
 endfacet
 facet normal -0.423236  0.16416 0.891024
  outer loop
   vertex  12.8197  -5.2657  2.44604
   vertex  11.6145 -4.64145  1.75854
   vertex  11.1726 -5.61121  1.72729
  endloop
 endfacet
 facet normal 0.107675  0.44348 -0.889793
  outer loop
   vertex -2.00102 -13.7027 0.289783
   vertex -3.16131 -13.4837 0.258533
   vertex -1.92068 -12.3428 0.977283
  endloop
 endfacet
 facet normal  0.14606 0.433307 -0.889332
  outer loop
   vertex -3.16131 -13.4837 0.258533
   vertex -4.29786 -13.1647 0.227283
   vertex -2.96625 -12.1384 0.946033
  endloop
 endfacet
 facet normal 0.150463 0.428658 -0.89085
  outer loop
   vertex -4.29786 -13.1647 0.227283
   vertex -3.99042 -11.8439 0.914783
   vertex -2.96625 -12.1384 0.946033
  endloop
 endfacet
 facet normal -0.464424 -0.885021 -0.0323707
  outer loop
   vertex  6.08099   11.008 -2.61646
   vertex   6.2999  10.8828 -2.33521
   vertex  5.35605  11.3769 -2.30396
  endloop
 endfacet
 facet normal -0.387355 -0.921043 -0.0404612
  outer loop
   vertex  5.12791  11.4852 -2.58521
   vertex  5.35605  11.3769 -2.30396
   vertex  4.37343  11.7888 -2.27271
  endloop
 endfacet
 facet normal -0.308729 -0.949901 -0.0487191
  outer loop
   vertex  4.13773  11.8799 -2.55396
   vertex  4.37343  11.7888 -2.27271
   vertex  3.35946  12.1168 -2.24146
  endloop
 endfacet
 facet normal  0.27934 -0.960149 -0.00907598
  outer loop
   vertex -3.20861  12.1624 -2.33521
   vertex -2.96539  12.2305 -2.05396
   vertex -3.98828  11.9326 -2.02271
  endloop
 endfacet
 facet normal 0.597697 -0.801349 -0.0244614
  outer loop
   vertex -7.25948  10.2691  2.41479
   vertex -7.05249  10.4149  2.69604
   vertex -7.90621  9.77723  2.72729
  endloop
 endfacet
 facet normal  0.43491 -0.899532 -0.0411716
  outer loop
   vertex -5.21521  11.4497 -2.27271
   vertex -4.98256  11.5493 -1.99146
   vertex -5.94152  11.0842 -1.96021
  endloop
 endfacet
 facet normal 0.821063 -0.570812 -0.00539852
  outer loop
   vertex -10.1171  7.45293 -2.08521
   vertex -9.97186  7.65916 -1.80396
   vertex -10.5799  6.78431 -1.77271
  endloop
 endfacet
 facet normal 0.866286 -0.499223 -0.0180427
  outer loop
   vertex -10.7106  6.56766 -2.05396
   vertex -10.5799  6.78431 -1.77271
   vertex -11.1114  5.86085 -1.74146
  endloop
 endfacet
 facet normal -0.298262 -0.954439 -0.00930673
  outer loop
   vertex  4.02519  11.9109 -0.241459
   vertex  4.26549   11.833 0.0397911
   vertex  3.24851  12.1505 0.0710411
  endloop
 endfacet
 facet normal -0.870424  0.48969 -0.0506542
  outer loop
   vertex  10.7875 -6.32803  1.41479
   vertex  10.6514 -6.54089  1.69604
   vertex  11.1726 -5.61121  1.72729
  endloop
 endfacet
 facet normal -0.221465 0.377537 0.899121
  outer loop
   vertex  6.88531 -11.5398 -2.61647
   vertex  5.54673  -12.325 -2.61647
   vertex  6.39524 -12.2738 -2.42897
  endloop
 endfacet
 facet normal -0.220146 0.414308 0.883111
  outer loop
   vertex  5.54673  -12.325 -2.61647
   vertex  5.32624 -12.7752 -2.46022
   vertex  6.39524 -12.2738 -2.42897
  endloop
 endfacet
 facet normal -0.254393 0.395306 0.882619
  outer loop
   vertex  6.39524 -12.2738 -2.42897
   vertex   7.4188 -11.6849 -2.39772
   vertex  6.88531 -11.5398 -2.61647
  endloop
 endfacet
 facet normal -0.279743 0.362733 0.888914
  outer loop
   vertex   7.4188 -11.6849 -2.39772
   vertex  8.38964 -11.0127 -2.36647
   vertex  8.12457 -10.6045 -2.61647
  endloop
 endfacet
 facet normal 0.987507 0.157141 -0.0116699
  outer loop
   vertex -12.4295 -1.61506 -1.80396
   vertex  -12.466 -1.36492 -1.52271
   vertex -12.2982 -2.41705 -1.49146
  endloop
 endfacet
 facet normal 0.970569 0.239182 -0.0280693
  outer loop
   vertex -12.2453 -2.66471 -1.77271
   vertex -12.2982 -2.41705 -1.49146
   vertex -12.0424 -3.45153 -1.46021
  endloop
 endfacet
 facet normal -0.988413 0.148448 -0.0316627
  outer loop
   vertex   13.598 -2.75969  5.38354
   vertex   13.822 -1.26804  5.38354
   vertex  13.7697 -1.72971  4.85229
  endloop
 endfacet
 facet normal 0.668834 0.743373 -0.00762358
  outer loop
   vertex -8.61971 -9.05764 -1.55397
   vertex -8.80594  -8.8872 -1.27272
   vertex -8.01379  -9.5996 -1.24147
  endloop
 endfacet
 facet normal 0.603708   0.7969 -0.0220537
  outer loop
   vertex -7.81581 -9.75736 -1.52272
   vertex -8.01379  -9.5996 -1.24147
   vertex -7.16402 -10.2425 -1.21022
  endloop
 endfacet
 facet normal 0.535083 0.843887 -0.0392456
  outer loop
   vertex -6.95636 -10.3872 -1.49147
   vertex -7.16402 -10.2425 -1.21022
   vertex -6.26328 -10.8122 -1.17897
  endloop
 endfacet
 facet normal 0.946825 0.318653 -0.0445201
  outer loop
   vertex -11.9737 -3.69496 -1.74146
   vertex -12.0424 -3.45153 -1.46021
   vertex -11.7011 -4.46122 -1.42896
  endloop
 endfacet
 facet normal -0.651524 -0.758478 -0.0151238
  outer loop
   vertex  8.38869  9.34843  4.22729
   vertex  8.57777  9.18042  4.50854
   vertex  7.76924  9.87431  4.53979
  endloop
 endfacet
 facet normal -0.115603  0.99275 -0.0329053
  outer loop
   vertex   1.1529 -12.4337 -1.24147
   vertex 0.900467 -12.4537 -0.960217
   vertex   1.9589 -12.3294 -0.928967
  endloop
 endfacet
 facet normal 0.999755 0.0122878 -0.0184232
  outer loop
   vertex -12.5446 0.162261  5.07104
   vertex -12.5425 0.414789  5.35229
   vertex -12.5289 -0.651031  5.38354
  endloop
 endfacet
 facet normal -0.586874 0.809675 -0.00238257
  outer loop
   vertex  7.09732 -10.2752 -1.05397
   vertex  6.89304 -10.4225 -0.772717
   vertex  7.75567  -9.7971 -0.741467
  endloop
 endfacet
 facet normal -0.653979 0.756445 -0.010094
  outer loop
   vertex  7.94867   -9.634 -1.02272
   vertex  7.75567  -9.7971 -0.741467
   vertex  8.56143 -9.10008 -0.710217
  endloop
 endfacet
 facet normal 0.670915 -0.741298 -0.0187106
  outer loop
   vertex -8.18927   9.5403  4.75854
   vertex -7.99815  9.70618  5.03979
   vertex -8.78777  8.99075  5.07104
  endloop
 endfacet
 facet normal 0.0525619 0.998609 -0.00412329
  outer loop
   vertex -0.976634 -12.4473 -1.30397
   vertex -1.22834 -12.4328 -1.02272
   vertex -0.164432 -12.4887 -0.991467
  endloop
 endfacet
 facet normal -0.984247 0.176713 -0.00555707
  outer loop
   vertex  12.2661 -2.47406 -0.772713
   vertex    12.22 -2.72216 -0.491463
   vertex  12.4081 -1.67352 -0.460213
  endloop
 endfacet
 facet normal -0.995484 0.0929736 -0.0191773
  outer loop
   vertex   12.437 -1.42207 -0.741463
   vertex  12.4081 -1.67352 -0.460213
   vertex  12.5065 -0.612548 -0.428963
  endloop
 endfacet
 facet normal -0.659693 -0.750623 -0.0370186
  outer loop
   vertex  8.47653  9.27257  1.91479
   vertex  8.65966  9.09776  2.19604
   vertex  7.85837  9.80044  2.22729
  endloop
 endfacet
 facet normal  0.96501 -0.258258 -0.0453757
  outer loop
   vertex -12.0471  3.54584 0.352287
   vertex -11.9694  3.78649 0.633537
   vertex -12.2436  2.75655 0.664787
  endloop
 endfacet
 facet normal -0.832256 -0.554209 -0.014206
  outer loop
   vertex  10.5901  6.73288 -0.491463
   vertex  10.7269  6.52022 -0.210213
   vertex   10.136   7.4068 -0.178959
  endloop
 endfacet
 facet normal -0.782736 -0.621589 -0.0308597
  outer loop
   vertex  9.98544  7.61038 -0.460209
   vertex   10.136   7.4068 -0.178959
   vertex  9.47254  8.24074 -0.147709
  endloop
 endfacet
 facet normal  0.99733 -0.0724285 -0.00933708
  outer loop
   vertex -12.4865  1.22613  5.03979
   vertex -12.4656  1.47794  5.32104
   vertex -12.5425 0.414789  5.35229
  endloop
 endfacet
 facet normal 0.528388 -0.848953 -0.00918566
  outer loop
   vertex -6.36393  10.8469  2.38354
   vertex -6.14814  10.9781  2.66479
   vertex -7.05249  10.4149  2.69604
  endloop
 endfacet
 facet normal -0.21697 -0.975868 -0.0246099
  outer loop
   vertex  3.00295  12.2122 -0.210209
   vertex  3.24851  12.1505 0.0710411
   vertex  2.20814   12.381 0.102291
  endloop
 endfacet
 facet normal -0.135108 -0.989962 -0.0414909
  outer loop
   vertex  1.95926  12.4268 -0.178959
   vertex  2.20814   12.381 0.102291
   vertex  1.15196  12.5239 0.133541
  endloop
 endfacet
 facet normal 0.944767 -0.327697 -0.00546281
  outer loop
   vertex -11.7425  4.44554  2.63354
   vertex -11.6584  4.68337  2.91479
   vertex -12.0074  3.67677  2.94604
  endloop
 endfacet
 facet normal 0.445636 -0.895023 -0.0185102
  outer loop
   vertex -5.31924  11.3979 0.0397911
   vertex -5.09045   11.506 0.321041
   vertex -6.04402  11.0306 0.352291
  endloop
 endfacet
 facet normal 0.518394 -0.854397 -0.0356843
  outer loop
   vertex -6.26551   10.908 0.0710411
   vertex -6.04402  11.0306 0.352291
   vertex -6.95458  10.4768 0.383541
  endloop
 endfacet
 facet normal  0.87102 -0.491238 -0.00319839
  outer loop
   vertex -10.7696  6.46829 0.258537
   vertex  -10.645  6.68731 0.539787
   vertex -11.1683  5.75926 0.571037
  endloop
 endfacet
 facet normal 0.909623 -0.415233 -0.0129184
  outer loop
   vertex -11.2766   5.5308 0.289787
   vertex -11.1683  5.75926 0.571037
   vertex -11.6104  4.78986 0.602287
  endloop
 endfacet
 facet normal 0.940837 -0.33758 -0.0294115
  outer loop
   vertex -11.7037  4.55443 0.321037
   vertex -11.6104  4.78986 0.602287
   vertex -11.9694  3.78649 0.633537
  endloop
 endfacet
 facet normal 0.0428959 -0.997997 -0.0464873
  outer loop
   vertex -0.280651  12.5803  2.19604
   vertex -0.0278392  12.5781  2.47729
   vertex  -1.0926  12.5309  2.50854
  endloop
 endfacet
 facet normal 0.968343 0.249487 -0.00823065
  outer loop
   vertex -12.2178 -2.77714 0.539787
   vertex -12.2785 -2.53203 0.821037
   vertex -12.0125 -3.56367 0.852287
  endloop
 endfacet
 facet normal 0.943718 0.329948 -0.0230546
  outer loop
   vertex  -11.935 -3.80471 0.571037
   vertex -12.0125 -3.56367 0.852287
   vertex -11.6601 -4.56932 0.883537
  endloop
 endfacet
 facet normal 0.912557 0.406992 -0.0399622
  outer loop
   vertex -11.5674  -4.8048 0.602287
   vertex -11.6601 -4.56932 0.883537
   vertex -11.2248 -5.54217 0.914787
  endloop
 endfacet
 facet normal 0.368429 -0.92964 -0.00551662
  outer loop
   vertex -4.33517  11.8072 0.00854111
   vertex -4.10008  11.8987 0.289791
   vertex -5.09045   11.506 0.321041
  endloop
 endfacet
 facet normal 0.442525 0.0970527 0.891489
  outer loop
   vertex  -12.466 -1.36492 -1.52271
   vertex -13.6519 -2.55983 -0.803963
   vertex -12.2982 -2.41705 -1.49146
  endloop
 endfacet
 facet normal 0.438557 0.126402  0.88977
  outer loop
   vertex -13.6519 -2.55983 -0.803963
   vertex  -13.384 -3.70947 -0.772713
   vertex -12.2982 -2.41705 -1.49146
  endloop
 endfacet
 facet normal 0.424806 0.163673 0.890366
  outer loop
   vertex  -13.384 -3.70947 -0.772713
   vertex -13.0171 -4.83177 -0.741463
   vertex -12.0424 -3.45153 -1.46021
  endloop
 endfacet
 facet normal 0.418562 0.169093 0.892308
  outer loop
   vertex -13.0171 -4.83177 -0.741463
   vertex -11.7011 -4.46122 -1.42896
   vertex -12.0424 -3.45153 -1.46021
  endloop
 endfacet
 facet normal  0.45258 0.890959 -0.0369338
  outer loop
   vertex -5.94242 -10.9942 0.852283
   vertex  -6.1634 -10.8703  1.13353
   vertex -5.21276 -11.3519  1.16478
  endloop
 endfacet
 facet normal -0.241494  0.36173 -0.900462
  outer loop
   vertex   7.4072 -11.2124  5.38353
   vertex  8.69925 -10.3498  5.38353
   vertex   8.2841 -11.0937  5.19603
  endloop
 endfacet
 facet normal -0.278231 0.377849 -0.883073
  outer loop
   vertex  8.69925 -10.3498  5.38353
   vertex  9.19878 -10.3471  5.22728
   vertex   8.2841 -11.0937  5.19603
  endloop
 endfacet
 facet normal -0.242962 0.396613 -0.88525
  outer loop
   vertex   8.2841 -11.0937  5.19603
   vertex  7.30984 -11.7602  5.16478
   vertex   7.4072 -11.2124  5.38353
  endloop
 endfacet
 facet normal -0.201971 0.405627 -0.891445
  outer loop
   vertex  7.30984 -11.7602  5.16478
   vertex  6.28189 -12.3408  5.13353
   vertex  6.02226 -11.9206  5.38353
  endloop
 endfacet
 facet normal -0.0409611  0.99916 -0.0014431
  outer loop
   vertex 0.204018 -12.4829  1.03978
   vertex -0.0475917 -12.4929  1.32103
   vertex  1.01703 -12.4492  1.35228
  endloop
 endfacet
 facet normal -0.126634 0.991913 -0.00852126
  outer loop
   vertex  1.26794 -12.4195  1.07103
   vertex  1.01703 -12.4492  1.35228
   vertex  2.07379  -12.314  1.38353
  endloop
 endfacet
 facet normal -0.209524 0.977486 -0.0249015
  outer loop
   vertex  2.32278 -12.2678  1.10228
   vertex  2.07379  -12.314  1.38353
   vertex  3.11553 -12.0899  1.41478
  endloop
 endfacet
 facet normal -0.289804 0.956129 -0.0427802
  outer loop
   vertex  3.36095 -12.0281  1.13353
   vertex  3.11553 -12.0899  1.41478
   vertex  4.13509 -11.7795  1.44603
  endloop
 endfacet
 facet normal 0.606001 -0.795444 -0.00553267
  outer loop
   vertex -7.35243  10.2003  4.72729
   vertex -7.15079  10.3519  5.00854
   vertex -7.99815  9.70618  5.03979
  endloop
 endfacet
 facet normal -0.399886 -0.212972 0.891478
  outer loop
   vertex  11.1305  5.79266  4.38354
   vertex  11.5764  4.82475  4.35229
   vertex  12.3928  6.30033  5.07104
  endloop
 endfacet
 facet normal -0.387197 -0.242055 0.889656
  outer loop
   vertex  12.3928  6.30033  5.07104
   vertex  11.8196  7.33221  5.10229
   vertex  11.1305  5.79266  4.38354
  endloop
 endfacet
 facet normal -0.364903 -0.274721 0.889592
  outer loop
   vertex  11.8196  7.33221  5.10229
   vertex   11.159  8.31085  5.13354
   vertex  10.6049  6.71938  4.41479
  endloop
 endfacet
 facet normal -0.358361 -0.277772 0.891303
  outer loop
   vertex   11.159  8.31085  5.13354
   vertex  10.0018   7.5977  4.44604
   vertex  10.6049  6.71938  4.41479
  endloop
 endfacet
 facet normal -0.37945 0.924581 -0.0341742
  outer loop
   vertex  4.48251 -11.6555  3.47728
   vertex  4.24477 -11.7427  3.75853
   vertex  5.23027 -11.3371  3.78978
  endloop
 endfacet
 facet normal -0.996489 0.0837071 0.00190582
  outer loop
   vertex   12.448 -1.30716  1.57104
   vertex  12.4274 -1.55818  1.85229
   vertex  12.5166 -0.496477  1.88354
  endloop
 endfacet
 facet normal -0.12337 -0.99226 -0.0141259
  outer loop
   vertex  1.84398  12.4405  2.13354
   vertex  2.09439  12.4054  2.41479
   vertex  1.03703  12.5364  2.44604
  endloop
 endfacet
 facet normal -0.996051 -0.0856055 -0.0235467
  outer loop
   vertex  12.4994 0.821829  1.63354
   vertex  12.5145 0.568924  1.91479
   vertex  12.4225  1.63057  1.94604
  endloop
 endfacet
 facet normal -0.984946 -0.167818 -0.0414652
  outer loop
   vertex  12.3916  1.88177  1.66479
   vertex  12.4225  1.63057  1.94604
   vertex  12.2422  2.68101  1.97729
  endloop
 endfacet
 facet normal -0.0716393 0.443874 -0.893221
  outer loop
   vertex  2.20898 -12.2929 -1.21022
   vertex  3.24912 -12.0621 -1.17897
   vertex  3.01841 -12.8179 -1.53606
  endloop
 endfacet
 facet normal -0.0826036 0.458498 -0.884848
  outer loop
   vertex  3.01841 -12.8179 -1.53606
   vertex  3.72231 -13.3288 -1.86647
   vertex  2.57216 -13.5963 -1.89772
  endloop
 endfacet
 facet normal -0.042989 0.456709 -0.888577
  outer loop
   vertex  2.57216 -13.5963 -1.89772
   vertex  1.40371 -13.7671 -1.92897
   vertex  2.20898 -12.2929 -1.21022
  endloop
 endfacet
 facet normal -0.00503236 0.463468 -0.886099
  outer loop
   vertex  1.40371 -13.7671 -1.92897
   vertex 0.225251 -13.8396 -1.96022
   vertex  0.60381 -13.1544 -1.60395
  endloop
 endfacet
 facet normal 0.00475656 0.446424 -0.894809
  outer loop
   vertex  0.60381 -13.1544 -1.60395
   vertex 0.0885015  -12.485 -1.27272
   vertex   1.1529 -12.4337 -1.24147
  endloop
 endfacet
 facet normal -0.0118353 0.456475 -0.889658
  outer loop
   vertex  1.40371 -13.7671 -1.92897
   vertex  0.60381 -13.1544 -1.60395
   vertex   1.1529 -12.4337 -1.24147
  endloop
 endfacet
 facet normal -0.034019 0.452939 -0.890892
  outer loop
   vertex  2.20898 -12.2929 -1.21022
   vertex  1.40371 -13.7671 -1.92897
   vertex   1.1529 -12.4337 -1.24147
  endloop
 endfacet
 facet normal 0.0547584 -0.998188 -0.0249585
  outer loop
   vertex -0.396911  12.5734  4.50854
   vertex -0.143795  12.5803  4.78979
   vertex -1.20777  12.5211  4.82104
  endloop
 endfacet
 facet normal -0.424587 -0.170175  0.88925
  outer loop
   vertex  13.3056  3.98586  2.69604
   vertex  12.9233  5.10313  2.72729
   vertex  11.9752  3.71277  2.00854
  endloop
 endfacet
 facet normal -0.414495 -0.207401 0.886103
  outer loop
   vertex  12.9233  5.10313  2.72729
   vertex   12.449  6.18442  2.75854
   vertex  12.0164  5.52566    2.402
  endloop
 endfacet
 facet normal -0.397731 -0.207138 0.893814
  outer loop
   vertex  12.0164  5.52566    2.402
   vertex  11.1868  5.69048  2.07104
   vertex  11.6229  4.71842  2.03979
  endloop
 endfacet
 facet normal -0.411556 -0.198468 0.889512
  outer loop
   vertex  12.9233  5.10313  2.72729
   vertex  12.0164  5.52566    2.402
   vertex  11.6229  4.71842  2.03979
  endloop
 endfacet
 facet normal -0.419342 -0.174595 0.890881
  outer loop
   vertex  11.9752  3.71277  2.00854
   vertex  12.9233  5.10313  2.72729
   vertex  11.6229  4.71842  2.03979
  endloop
 endfacet
 facet normal -0.445191 -0.136079 0.885035
  outer loop
   vertex  12.8191  3.22337   2.3341
   vertex  13.5935  2.84067  2.66479
   vertex  13.3056  3.98586  2.69604
  endloop
 endfacet
 facet normal -0.424674 -0.137031 0.894916
  outer loop
   vertex  11.9752  3.71277  2.00854
   vertex  12.2422  2.68101  1.97729
   vertex  12.8191  3.22337   2.3341
  endloop
 endfacet
 facet normal -0.207343 -0.978261 -0.00377883
  outer loop
   vertex  2.89035  12.2379  2.10229
   vertex  3.13666  12.1846  2.38354
   vertex  2.09439  12.4054  2.41479
  endloop
 endfacet
 facet normal 0.869862 0.492421 -0.0293518
  outer loop
   vertex -11.0576 -5.87089  2.94604
   vertex -11.1751 -5.64657  3.22729
   vertex -10.6493 -6.57351  3.25854
  endloop
 endfacet
 facet normal 0.908319 0.418079 -0.0128892
  outer loop
   vertex -11.5185 -4.91005  2.91479
   vertex -11.6209  -4.6789  3.19604
   vertex -11.1751 -5.64657  3.22729
  endloop
 endfacet
 facet normal -0.728075 -0.683919 -0.046493
  outer loop
   vertex  9.30922  8.43373 -0.428959
   vertex  9.47254  8.24074 -0.147709
   vertex  8.74176  9.01658 -0.116459
  endloop
 endfacet
 facet normal 0.729953 -0.682555 -0.0358661
  outer loop
   vertex -8.96793  8.81285  4.78979
   vertex -8.78777  8.99075  5.07104
   vertex -9.51484  8.21154  5.10229
  endloop
 endfacet
 facet normal 0.968944 -0.246597 -0.0183725
  outer loop
   vertex -12.0748  3.43287  2.66479
   vertex -12.0074  3.67677  2.94604
   vertex -12.2696  2.64402  2.97729
  endloop
 endfacet
 facet normal 0.661809 -0.74853 -0.0413695
  outer loop
   vertex  -8.1033  9.61851  2.44604
   vertex -7.90621  9.77723  2.72729
   vertex -8.70381   9.0703  2.75854
  endloop
 endfacet
 facet normal 0.137349 -0.989641 -0.0417827
  outer loop
   vertex -1.45974   12.498  4.53979
   vertex -1.20777  12.5211  4.82104
   vertex -2.26326  12.3733  4.85229
  endloop
 endfacet
 facet normal -0.720223 -0.693456 -0.0199413
  outer loop
   vertex  9.22771  8.51678  1.88354
   vertex  9.39915  8.33062  2.16479
   vertex  8.65966  9.09776  2.19604
  endloop
 endfacet
 facet normal 0.985662 -0.16495 -0.0355361
  outer loop
   vertex -12.3212  2.39616  2.69604
   vertex -12.2696  2.64402  2.97729
   vertex -12.4444  1.59272  3.00854
  endloop
 endfacet
 facet normal 0.940705  0.33921 -0.00325746
  outer loop
   vertex -11.8978 -3.91401  2.88354
   vertex -11.9824 -3.67669  3.16479
   vertex -11.6209  -4.6789  3.19604
  endloop
 endfacet
 facet normal -0.585703 -0.809887 -0.0321777
  outer loop
   vertex  7.56947    10.03  4.25854
   vertex  7.76924  9.87431  4.53979
   vertex  6.90511   10.498  4.57104
  endloop
 endfacet
 facet normal -0.0399991 -0.998725 -0.0308034
  outer loop
   vertex 0.784497  12.5552  2.16479
   vertex  1.03703  12.5364  2.44604
   vertex -0.0278392  12.5781  2.47729
  endloop
 endfacet
 facet normal 0.825545 0.562516 -0.0453045
  outer loop
   vertex -10.5176 -6.78939  2.97729
   vertex -10.6493 -6.57351  3.25854
   vertex  -10.048 -7.45349  3.28979
  endloop
 endfacet
 facet normal 0.443018 0.896472 -0.00853936
  outer loop
   vertex -5.83884  -11.046  3.16478
   vertex -6.06417 -10.9319  3.44603
   vertex -5.10894 -11.4037  3.47728
  endloop
 endfacet
 facet normal 0.438408 0.130653 0.889229
  outer loop
   vertex  -13.627  -2.6863  1.50854
   vertex -13.3485 -3.83338  1.53979
   vertex -12.2785 -2.53203 0.821037
  endloop
 endfacet
 facet normal 0.451053 0.0617179 0.890361
  outer loop
   vertex -12.4548  -1.4812 0.789787
   vertex -12.5385 -0.418857 0.758537
   vertex -13.8067 -1.51956  1.47729
  endloop
 endfacet
 facet normal 0.455812 0.0549408 0.888379
  outer loop
   vertex -12.5385 -0.418857 0.758537
   vertex -13.8878 -0.341599  1.44604
   vertex -13.8067 -1.51956  1.47729
  endloop
 endfacet
 facet normal 0.442717 0.100785 0.890979
  outer loop
   vertex  -13.627  -2.6863  1.50854
   vertex -12.2785 -2.53203 0.821037
   vertex -12.4548  -1.4812 0.789787
  endloop
 endfacet
 facet normal -0.776329 -0.630295 -0.00652994
  outer loop
   vertex  9.91321   7.7007  1.85229
   vertex  10.0708  7.50366  2.13354
   vertex  9.39915  8.33062  2.16479
  endloop
 endfacet
 facet normal -0.219333 0.975639 -0.00457379
  outer loop
   vertex  2.43585 -12.2439  3.41478
   vertex  2.18953 -12.2979  3.69603
   vertex  3.22892 -12.0641  3.72728
  endloop
 endfacet
 facet normal -0.30117 0.953421 -0.0168821
  outer loop
   vertex  3.47157 -11.9924  3.44603
   vertex  3.22892 -12.0641  3.72728
   vertex  4.24477 -11.7427  3.75853
  endloop
 endfacet
 facet normal 0.904455 -0.425114 -0.035204
  outer loop
   vertex  -11.228  5.63609 -2.02271
   vertex -11.1114  5.86085 -1.74146
   vertex -11.5637  4.89589 -1.71021
  endloop
 endfacet
 facet normal 0.935989 -0.348521 -0.0495872
  outer loop
   vertex -11.6648  4.66436 -1.99146
   vertex -11.5637  4.89589 -1.71021
   vertex -11.9342  3.89653 -1.67896
  endloop
 endfacet
 facet normal -0.783916 0.620861 -0.00259706
  outer loop
   vertex  9.62235 -7.97066  3.66479
   vertex   9.4654 -8.16765  3.94604
   vertex  10.1268 -7.33238  3.97729
  endloop
 endfacet
 facet normal -0.827405 0.560477 -0.0355768
  outer loop
   vertex  10.2048 -7.21995  1.38353
   vertex  10.0546 -7.42384  1.66478
   vertex  10.6514 -6.54089  1.69604
  endloop
 endfacet
 facet normal -0.877059 0.479604 -0.0273535
  outer loop
   vertex  10.8424 -6.22515  3.72729
   vertex  10.7142 -6.44353  4.00854
   vertex  11.2248 -5.50815  4.03979
  endloop
 endfacet
 facet normal -0.91328 0.404952 -0.0439592
  outer loop
   vertex  11.3385 -5.28219  3.75854
   vertex  11.2248 -5.50815  4.03979
   vertex  11.6555 -4.53327  4.07104
  endloop
 endfacet
 facet normal -0.0675192 -0.445119 0.892923
  outer loop
   vertex  2.09439  12.4054  2.41479
   vertex  3.13666  12.1846  2.38354
   vertex  2.86849  12.9433  2.74149
  endloop
 endfacet
 facet normal -0.0775107 -0.45415 0.887547
  outer loop
   vertex  2.86849  12.9433  2.74149
   vertex  3.59926  13.4627  3.07104
   vertex  2.44695  13.7204  3.10229
  endloop
 endfacet
 facet normal -0.037134 -0.455156 0.889637
  outer loop
   vertex  2.44695  13.7204  3.10229
   vertex  1.27692  13.8769  3.13354
   vertex  2.09439  12.4054  2.41479
  endloop
 endfacet
 facet normal 0.00140559 -0.463077 0.886317
  outer loop
   vertex  1.27692  13.8769  3.13354
   vertex 0.0977178  13.9332  3.16479
   vertex 0.450234   13.254  2.80939
  endloop
 endfacet
 facet normal 0.00880751 -0.445974 0.895003
  outer loop
   vertex 0.450234   13.254  2.80939
   vertex -0.0278392  12.5781  2.47729
   vertex  1.03703  12.5364  2.44604
  endloop
 endfacet
 facet normal -0.0058226 -0.455511 0.890211
  outer loop
   vertex  1.27692  13.8769  3.13354
   vertex 0.450234   13.254  2.80939
   vertex  1.03703  12.5364  2.44604
  endloop
 endfacet
 facet normal -0.0296505 -0.451937 0.891557
  outer loop
   vertex  2.09439  12.4054  2.41479
   vertex  1.27692  13.8769  3.13354
   vertex  1.03703  12.5364  2.44604
  endloop
 endfacet
 facet normal 0.309696 0.335278 -0.889762
  outer loop
   vertex -9.36602 -10.2186 0.0710335
   vertex -7.72412 -9.82781 0.789783
   vertex -8.45864 -10.9738 0.102283
  endloop
 endfacet
 facet normal 0.284536 0.352459 -0.891522
  outer loop
   vertex -7.72412 -9.82781 0.789783
   vertex -6.85757 -10.4483 0.821033
   vertex -8.45864 -10.9738 0.102283
  endloop
 endfacet
 facet normal 0.254506 0.375622 -0.891142
  outer loop
   vertex -6.85757 -10.4483 0.821033
   vertex -5.94242 -10.9942 0.852283
   vertex -7.49084 -11.6503 0.133533
  endloop
 endfacet
 facet normal 0.250162  0.38353 -0.889002
  outer loop
   vertex -5.94242 -10.9942 0.852283
   vertex -6.46991 -12.2438 0.164783
   vertex -7.49084 -11.6503 0.133533
  endloop
 endfacet
 facet normal 0.414379 0.177301 0.892667
  outer loop
   vertex -11.6209  -4.6789  3.19604
   vertex -11.9824 -3.67669  3.16479
   vertex -12.4905 -4.28934   3.5223
  endloop
 endfacet
 facet normal 0.426563 0.173991 0.887565
  outer loop
   vertex -12.4905 -4.28934   3.5223
   vertex -13.3126 -3.95698  3.85229
   vertex -12.9231 -5.07146  3.88354
  endloop
 endfacet
 facet normal 0.406703  0.20861 0.889424
  outer loop
   vertex -12.9231 -5.07146  3.88354
   vertex -12.4391 -6.14816  3.91479
   vertex -11.6209  -4.6789  3.19604
  endloop
 endfacet
 facet normal 0.392136 0.244669 0.886773
  outer loop
   vertex -12.4391 -6.14816  3.91479
   vertex -11.8658 -7.18028  3.94604
   vertex -11.4804 -6.50839   3.5902
  endloop
 endfacet
 facet normal 0.375903 0.243367 0.894131
  outer loop
   vertex -11.4804 -6.50839   3.5902
   vertex -10.6493 -6.57351  3.25854
   vertex -11.1751 -5.64657  3.22729
  endloop
 endfacet
 facet normal 0.390124 0.236532 0.889863
  outer loop
   vertex -12.4391 -6.14816  3.91479
   vertex -11.4804 -6.50839   3.5902
   vertex -11.1751 -5.64657  3.22729
  endloop
 endfacet
 facet normal 0.400181 0.213161 0.891301
  outer loop
   vertex -11.6209  -4.6789  3.19604
   vertex -12.4391 -6.14816  3.91479
   vertex -11.1751 -5.64657  3.22729
  endloop
 endfacet
 facet normal -0.713638 -0.700504 -0.00382058
  outer loop
   vertex  9.14834  8.60085  4.19604
   vertex  9.32416   8.4202  4.47729
   vertex  8.57777  9.18042  4.50854
  endloop
 endfacet
 facet normal -0.999977 -0.00181207 -0.00657927
  outer loop
   vertex   12.518 -0.243678  1.60229
   vertex  12.5166 -0.496477  1.88354
   vertex  12.5145 0.568924  1.91479
  endloop
 endfacet
 facet normal -0.834045 0.551585 -0.0111027
  outer loop
   vertex  10.2688 -7.12331  3.69604
   vertex  10.1268 -7.33238  3.97729
   vertex  10.7142 -6.44353  4.00854
  endloop
 endfacet
 facet normal -0.516267 -0.855101 -0.0476499
  outer loop
   vertex  6.69595    10.64  4.28979
   vertex  6.90511   10.498  4.57104
   vertex  5.99192  11.0476  4.60229
  endloop
 endfacet
 facet normal -0.114728 -0.993394 -0.00238006
  outer loop
   vertex  1.72958  12.4568  4.44604
   vertex  1.97961  12.4272  4.72729
   vertex 0.921162  12.5494  4.75854
  endloop
 endfacet
 facet normal -0.029223 -0.999529 -0.00940525
  outer loop
   vertex 0.668725  12.5594  4.47729
   vertex 0.921162  12.5494  4.75854
   vertex -0.143795  12.5803  4.78979
  endloop
 endfacet
 facet normal 0.427741 -0.164964 -0.888721
  outer loop
   vertex -13.0096  4.92224 -0.366463
   vertex -12.0471  3.54584 0.352287
   vertex -13.3774  3.80012 -0.335213
  endloop
 endfacet
 facet normal 0.434518 -0.13449 -0.890565
  outer loop
   vertex -12.0471  3.54584 0.352287
   vertex -12.3031  2.51167 0.383537
   vertex -13.3774  3.80012 -0.335213
  endloop
 endfacet
 facet normal 0.444543 -0.0961127 -0.890586
  outer loop
   vertex -12.3031  2.51167 0.383537
   vertex -12.4681  1.45882 0.414787
   vertex -13.6502  2.65135 -0.303963
  endloop
 endfacet
 facet normal 0.448715 -0.0910364 -0.889026
  outer loop
   vertex -12.4681  1.45882 0.414787
   vertex -13.8252  1.48389 -0.272713
   vertex -13.6502  2.65135 -0.303963
  endloop
 endfacet
 facet normal -0.76999 0.636609 -0.0429312
  outer loop
   vertex  9.47601 -8.15034 -0.960217
   vertex  9.30567 -8.33741 -0.678967
   vertex  9.98375 -7.51515 -0.647717
  endloop
 endfacet
 facet normal 0.595745 0.803156 -0.00530755
  outer loop
   vertex -7.72412 -9.82781 0.789783
   vertex  -7.9258 -9.67635  1.07103
   vertex  -7.0701 -10.3109  1.10228
  endloop
 endfacet
 facet normal -0.714922 0.698718 -0.0260657
  outer loop
   vertex  8.74359 -8.92418 -0.991467
   vertex  8.56143 -9.10008 -0.710217
   vertex  9.30567 -8.33741 -0.678967
  endloop
 endfacet
 facet normal -0.447925 0.0131506 -0.893975
  outer loop
   vertex  12.5218 -0.128271  3.91479
   vertex  12.4907 0.937077  3.94604
   vertex  13.1913  0.61236   3.5902
  endloop
 endfacet
 facet normal -0.463433 0.00666315 -0.886107
  outer loop
   vertex  13.1913  0.61236   3.5902
   vertex  13.8334  1.16095  3.25854
   vertex  13.8761 -0.0190595  3.22729
  endloop
 endfacet
 facet normal -0.455061 0.0450694 -0.889319
  outer loop
   vertex  13.8761 -0.0190595  3.22729
   vertex  13.8204 -1.19863  3.19604
   vertex  12.5218 -0.128271  3.91479
  endloop
 endfacet
 facet normal -0.455779 0.0835741 -0.886161
  outer loop
   vertex  13.8204 -1.19863  3.19604
   vertex  13.6665 -2.36933  3.16479
   vertex  13.0716 -1.82283   3.5223
  endloop
 endfacet
 facet normal -0.440027 0.0878908 -0.893673
  outer loop
   vertex  13.0716 -1.82283   3.5223
   vertex  12.3166 -2.24752  3.85229
   vertex  12.4639 -1.19234  3.88354
  endloop
 endfacet
 facet normal  -0.4505 0.0754525 -0.889582
  outer loop
   vertex  13.8204 -1.19863  3.19604
   vertex  13.0716 -1.82283   3.5223
   vertex  12.4639 -1.19234  3.88354
  endloop
 endfacet
 facet normal -0.451298 0.0507163 -0.890931
  outer loop
   vertex  12.5218 -0.128271  3.91479
   vertex  13.8204 -1.19863  3.19604
   vertex  12.4639 -1.19234  3.88354
  endloop
 endfacet
 facet normal -0.45446 0.889416 -0.0490388
  outer loop
   vertex  5.46124 -11.2346  3.50853
   vertex  5.23027 -11.3371  3.78978
   vertex  6.17867 -10.8507  3.82103
  endloop
 endfacet
 facet normal 0.0517412 0.445327 -0.893872
  outer loop
   vertex -1.58621 -12.8333  5.38353
   vertex -0.0458903 -13.0122  5.38353
   vertex -0.569023 -13.8296  4.94603
  endloop
 endfacet
 facet normal 0.377059 0.924688 -0.0527122
  outer loop
   vertex -4.98469  -11.461 0.883533
   vertex -5.21276 -11.3519  1.16478
   vertex -4.22525 -11.7528  1.19603
  endloop
 endfacet
 facet normal 0.992979 0.117273 -0.0154774
  outer loop
   vertex  -12.372 -2.04845  5.38354
   vertex -12.3863  -1.9609  5.13354
   vertex -12.5117 -0.902609  5.10229
  endloop
 endfacet
 facet normal -0.941935 0.335045 0.0224453
  outer loop
   vertex  13.2136 -4.21827  5.38354
   vertex   13.265 -4.03393  4.78979
   vertex  12.8686  -5.1462  4.75854
  endloop
 endfacet
 facet normal 0.969153 0.246354 0.00729812
  outer loop
   vertex -13.4448 -3.45561  4.47729
   vertex -13.3126 -3.95698  3.85229
   vertex -13.6033 -2.81263  3.82104
  endloop
 endfacet
 facet normal -0.465934 -0.88432 0.0297312
  outer loop
   vertex  6.39893  12.3727  1.32104
   vertex  5.93133  12.5981 0.696041
   vertex  6.97559  12.0468 0.664791
  endloop
 endfacet
 facet normal -0.218091 -0.975903 0.00704917
  outer loop
   vertex  2.95349  13.6117  3.72729
   vertex  2.44695  13.7204  3.10229
   vertex  3.59926  13.4627  3.07104
  endloop
 endfacet
 facet normal  0.11196 -0.993234 0.030838
  outer loop
   vertex -1.61481  13.8459  1.53979
   vertex -2.12717  13.7688 0.914791
   vertex -0.953639  13.9001 0.883541
  endloop
 endfacet
 facet normal 0.373349 0.927399 0.0232543
  outer loop
   vertex -5.16593 -12.8504  4.82103
   vertex -4.68101   -13.03  4.19603
   vertex -5.77594 -12.5884  4.16478
  endloop
 endfacet
 facet normal -0.971358 -0.236006 0.0276394
  outer loop
   vertex  13.4808  3.36349  1.00854
   vertex  13.3419  3.86206 0.383537
   vertex  13.6199  2.71448 0.352287
  endloop
 endfacet
 facet normal -0.739606 -0.672989 0.00828137
  outer loop
   vertex   10.226  9.42998 -1.11646
   vertex  9.87384  9.80931 -1.74146
   vertex  10.6682  8.93589 -1.77271
  endloop
 endfacet
 facet normal -0.795634 -0.605731 0.00755229
  outer loop
   vertex  10.9861  8.52621 -1.14771
   vertex  10.6682  8.93589 -1.77271
   vertex  11.3832  7.99636 -1.80396
  endloop
 endfacet
 facet normal 0.823808 -0.566498 0.0204919
  outer loop
   vertex -11.5079  7.83579  4.16479
   vertex -11.7916  7.40062  3.53979
   vertex -11.1221  8.37304  3.50854
  endloop
 endfacet
 facet normal 0.971652 0.236171 0.0107975
  outer loop
   vertex -13.4776 -3.33078  2.16479
   vertex -13.3485 -3.83338  1.53979
   vertex  -13.627  -2.6863  1.50854
  endloop
 endfacet
 facet normal 0.737264 0.674813 0.0326909
  outer loop
   vertex -10.2057  -9.3889 0.0397835
   vertex -9.84042  -9.7577 -0.585217
   vertex -10.6369 -8.88597 -0.616467
  endloop
 endfacet
 facet normal 0.790782 0.611166 0.0337545
  outer loop
   vertex -10.9703 -8.48912 0.00853348
   vertex -10.6369 -8.88597 -0.616467
   vertex -11.3582 -7.95101 -0.647717
  endloop
 endfacet
 facet normal 0.381893 0.924036 0.0177604
  outer loop
   vertex -5.28466 -12.8006  2.50853
   vertex -4.80281 -12.9877  1.88353
   vertex -5.89358 -12.5363  1.85228
  endloop
 endfacet
 facet normal -0.284298 0.958594 0.0164887
  outer loop
   vertex  3.97044  -13.259  2.75853
   vertex  4.46298 -13.1022  2.13353
   vertex  3.33109 -13.4373  2.10228
  endloop
 endfacet
 facet normal -0.200694 0.979613 0.00900509
  outer loop
   vertex   2.8253 -13.5467  2.72728
   vertex  3.33109 -13.4373  2.10228
   vertex  2.17447  -13.674  2.07103
  endloop
 endfacet
 facet normal -0.11427 0.993423 0.00734049
  outer loop
   vertex  1.65999 -13.7378  2.69603
   vertex  2.17447  -13.674  2.07103
   vertex  1.00147 -13.8087  2.03978
  endloop
 endfacet
 facet normal -0.0281545 0.999525 0.0125186
  outer loop
   vertex 0.482853 -13.8311  2.66478
   vertex  1.00147 -13.8087  2.03978
   vertex -0.178524 -13.8415  2.00853
  endloop
 endfacet
 facet normal 0.973756 0.227281 0.0119775
  outer loop
   vertex -13.5092 -3.20577 -0.147713
   vertex  -13.384 -3.70947 -0.772713
   vertex -13.6519 -2.55983 -0.803963
  endloop
 endfacet
 facet normal -0.0967518 0.995279 0.0076786
  outer loop
   vertex  1.40371 -13.7671 -1.92897
   vertex  1.91956 -13.7121 -2.55397
   vertex 0.744057 -13.8261 -2.58522
  endloop
 endfacet
 facet normal -0.537908 -0.842405 0.0317656
  outer loop
   vertex  7.42287  11.7848  1.28979
   vertex  6.97559  12.0468 0.664791
   vertex  7.97034  11.4105 0.633541
  endloop
 endfacet
 facet normal -0.606582 -0.794586 0.0263081
  outer loop
   vertex  8.39135  11.1098  1.25854
   vertex  7.97034  11.4105 0.633541
   vertex  8.90834  10.6934 0.602291
  endloop
 endfacet
 facet normal -0.364411 0.930888 0.0255359
  outer loop
   vertex  5.08703 -12.8759  2.78978
   vertex  5.56271 -12.6725  2.16478
   vertex  4.46298 -13.1022  2.13353
  endloop
 endfacet
 facet normal -0.441012 0.896952 0.0313889
  outer loop
   vertex  6.16673 -12.3985  2.82103
   vertex  6.62285 -12.1523  2.19603
   vertex  5.56271 -12.6725  2.16478
  endloop
 endfacet
 facet normal -0.514195 0.857148 0.0299984
  outer loop
   vertex  7.20084 -11.8286  2.85228
   vertex  7.63595 -11.5457  2.22728
   vertex  6.62285 -12.1523  2.19603
  endloop
 endfacet
 facet normal  0.60677 0.794794 0.0115097
  outer loop
   vertex -8.35542 -11.0511  2.41478
   vertex -7.93856 -11.3603  1.78978
   vertex -8.87662 -10.6437  1.75853
  endloop
 endfacet
 facet normal -0.65055 0.759341 0.0136265
  outer loop
   vertex  9.10263  -10.433  2.91478
   vertex  9.49132 -10.0888  2.28978
   vertex  8.59459 -10.8565  2.25853
  endloop
 endfacet
 facet normal 0.731283 0.681485 0.0283317
  outer loop
   vertex -10.1172 -9.48234  2.35229
   vertex  -9.7505 -9.84986  1.72728
   vertex -10.5549  -8.9854  1.69603
  endloop
 endfacet
 facet normal 0.762179 -0.646581 0.031875
  outer loop
   vertex -10.6445  8.98528 -0.491459
   vertex -10.9646  8.57718 -1.11646
   vertex -10.1999  9.47704 -1.14771
  endloop
 endfacet
 facet normal -0.425157  0.90469 0.0278699
  outer loop
   vertex  5.93446 -12.5096 -1.80397
   vertex  6.39524 -12.2738 -2.42897
   vertex  5.32624 -12.7752 -2.46022
  endloop
 endfacet
 facet normal -0.829184 0.558623 0.0198462
  outer loop
   vertex  11.5268 -7.68807  5.32104
   vertex  11.8052 -7.25258  4.69604
   vertex  11.1451 -8.23131  4.66479
  endloop
 endfacet
 facet normal -0.907127 0.419718 0.0309391
  outer loop
   vertex  12.6199 -5.74376  3.07104
   vertex  12.8197  -5.2657  2.44604
   vertex   12.323 -6.33698  2.41479
  endloop
 endfacet
 facet normal 0.934591 -0.355651 0.00725808
  outer loop
   vertex -13.0096  4.92224 -0.366463
   vertex -13.1897  4.43627 -0.991463
   vertex -12.7695  5.53976 -1.02271
  endloop
 endfacet
 facet normal -0.964433 0.263245 0.0238903
  outer loop
   vertex  13.4148 -3.52274  3.13354
   vertex  13.5371 -3.01791  2.50854
   vertex  13.2255 -4.15673  2.47729
  endloop
 endfacet
 facet normal 0.283999 -0.958637 0.0189749
  outer loop
   vertex -4.04865  13.3344  3.91479
   vertex  -4.5432  13.1755  3.28979
   vertex -3.41111  13.5103  3.25854
  endloop
 endfacet
 facet normal -0.962019 0.271607 0.0273897
  outer loop
   vertex  13.3824 -3.64729 0.821037
   vertex   13.507 -3.14317 0.196037
   vertex  13.1853  -4.2793 0.164787
  endloop
 endfacet
 facet normal 0.468909 0.883211 0.00785272
  outer loop
   vertex -6.46991 -12.2438 0.164783
   vertex -6.01035 -12.4822 -0.460217
   vertex -7.05308 -11.9283 -0.491467
  endloop
 endfacet
 facet normal -0.996872 -0.0777935 0.0139379
  outer loop
   vertex  13.8334  1.16095  3.25854
   vertex  13.7845   1.6756  2.63354
   vertex  13.8759 0.498694  2.60229
  endloop
 endfacet
 facet normal -0.986475 -0.162283 0.0230408
  outer loop
   vertex  13.6916  2.33296  3.28979
   vertex  13.5935  2.84067  2.66479
   vertex  13.7845   1.6756  2.63354
  endloop
 endfacet
 facet normal 0.964529 -0.263669 0.0127286
  outer loop
   vertex -13.4124    3.676  1.97729
   vertex -13.5411  3.17527  1.35229
   vertex -13.2294  4.31378  1.32104
  endloop
 endfacet
 facet normal  0.50317 -0.864174 0.00477825
  outer loop
   vertex -7.04819  12.0129 -0.616459
   vertex -7.49432  11.7497 -1.24146
   vertex -6.47386  12.3437 -1.27271
  endloop
 endfacet
 facet normal -0.302202 -0.953196 0.00958664
  outer loop
   vertex  4.09559  13.3116  3.69604
   vertex  3.59926  13.4627  3.07104
   vertex  4.72445  13.1056  3.03979
  endloop
 endfacet
 facet normal 0.614436 0.788819 0.0152438
  outer loop
   vertex -8.45864 -10.9738 0.102283
   vertex -8.04315 -11.2854 -0.522717
   vertex -8.97405 -10.5597 -0.553967
  endloop
 endfacet
 facet normal  0.13142 0.991007 0.0251923
  outer loop
   vertex -1.74572  -13.735  4.91478
   vertex -1.22899 -13.7876  4.28978
   vertex -2.39934 -13.6316  4.25853
  endloop
 endfacet
 facet normal 0.767943 -0.639731 0.0317508
  outer loop
   vertex -10.7269  8.88622  1.82104
   vertex -11.0434  8.47521  1.19604
   vertex -10.2868  9.38187  1.16479
  endloop
 endfacet
 facet normal -0.969177 -0.244491 0.0303232
  outer loop
   vertex  13.4506  3.48855  3.32104
   vertex  13.3056  3.98586  2.69604
   vertex  13.5935  2.84067  2.66479
  endloop
 endfacet
 facet normal -0.347396 0.937521 0.0192527
  outer loop
   vertex  4.84584  -12.966 -1.83522
   vertex  5.32624 -12.7752 -2.46022
   vertex  4.21906 -13.1848 -2.49147
  endloop
 endfacet
 facet normal -0.0564401 -0.998302 0.0144028
  outer loop
   vertex 0.742985  13.9126  1.47729
   vertex 0.226574  13.9328 0.852291
   vertex  1.40513  13.8657 0.821041
  endloop
 endfacet
 facet normal 0.785402  0.61817 0.0317802
  outer loop
   vertex -10.8909 -8.59056  2.32104
   vertex -10.5549  -8.9854  1.69603
   vertex -11.2845 -8.05684  1.66478
  endloop
 endfacet
 facet normal -0.569609 0.821429 0.0282643
  outer loop
   vertex  7.97331 -11.3229 -1.74147
   vertex  8.38964 -11.0127 -2.36647
   vertex   7.4188 -11.6849 -2.39772
  endloop
 endfacet
 facet normal -0.882577 -0.469731 0.0202426
  outer loop
   vertex  12.2054  6.65802  1.10229
   vertex  11.9503  7.11051 0.477287
   vertex  12.5044  6.06805 0.446037
  endloop
 endfacet
 facet normal -0.994318  0.10595 0.0102938
  outer loop
   vertex  13.8088 -1.32713 0.883537
   vertex  13.8574 -0.810491 0.258537
   vertex   13.732 -1.98427 0.227287
  endloop
 endfacet
 facet normal -0.938946 0.342693 0.0306925
  outer loop
   vertex  13.0657 -4.65041  3.10229
   vertex  13.2255 -4.15673  2.47729
   vertex  12.8197  -5.2657  2.44604
  endloop
 endfacet
 facet normal 0.520399 -0.85386 0.0103585
  outer loop
   vertex -7.27063  11.8821  4.00854
   vertex  -7.7089  11.6074  3.38354
   vertex -6.70071  12.2215  3.35229
  endloop
 endfacet
 facet normal -0.899653 0.435777 0.0268635
  outer loop
   vertex   12.509 -5.97614 -1.55396
   vertex  12.7194 -5.50334 -2.17896
   vertex  12.2039  -6.5656 -2.21021
  endloop
 endfacet
 facet normal 0.0372008 -0.998899 0.0285869
  outer loop
   vertex -0.565906  13.9272  3.82104
   vertex -1.08227  13.8901  3.19604
   vertex 0.0977178  13.9332  3.16479
  endloop
 endfacet
 facet normal -0.932812 0.358967 0.0317111
  outer loop
   vertex  12.9769  -4.8922 -1.52271
   vertex  13.1444  -4.4016 -2.14771
   vertex  12.7194 -5.50334 -2.17896
  endloop
 endfacet
 facet normal 0.139634 0.989772 0.0292054
  outer loop
   vertex -1.87345 -13.7198  2.60228
   vertex -1.35722 -13.7742  1.97728
   vertex -2.52636 -13.6083  1.94603
  endloop
 endfacet
 facet normal 0.671853 0.740412 0.0200748
  outer loop
   vertex -9.26963  -10.304  2.38353
   vertex -8.87662 -10.6437  1.75853
   vertex  -9.7505 -9.84986  1.72728
  endloop
 endfacet
 facet normal 0.678608 0.734075 0.0250026
  outer loop
   vertex -9.36602 -10.2186 0.0710335
   vertex -8.97405 -10.5597 -0.553967
   vertex -9.84042  -9.7577 -0.585217
  endloop
 endfacet
 facet normal 0.535752 0.844345 0.00717109
  outer loop
   vertex -7.38172 -11.7192  2.44603
   vertex -6.94169 -11.9931  1.82103
   vertex -7.93856 -11.3603  1.78978
  endloop
 endfacet
 facet normal -0.950889 -0.30791 0.0316371
  outer loop
   vertex  13.1927  4.37512 -1.27271
   vertex  13.0143  4.86177 -1.89771
   vertex  13.3772  3.73803 -1.92896
  endloop
 endfacet
 facet normal 0.839245 0.543058 0.0274891
  outer loop
   vertex -11.6534 -7.52637 -0.0227165
   vertex -11.3582 -7.95101 -0.647717
   vertex -11.9989 -6.95931 -0.678967
  endloop
 endfacet
 facet normal -0.859779 0.510348 0.0180581
  outer loop
   vertex  11.9498 -7.01576 -1.58522
   vertex  12.2039  -6.5656 -2.21021
   vertex  11.6009 -7.58044 -2.24146
  endloop
 endfacet
 facet normal  0.96197 -0.272948 0.0106342
  outer loop
   vertex -13.3774  3.80012 -0.335213
   vertex -13.5122  3.30073 -0.960213
   vertex -13.1897  4.43627 -0.991463
  endloop
 endfacet
 facet normal 0.443929 -0.896035 0.00693907
  outer loop
   vertex  -6.2383  12.4555  3.97729
   vertex -6.70071  12.2215  3.35229
   vertex -5.64257  12.7455  3.32104
  endloop
 endfacet
 facet normal 0.996715 0.0779249 0.0220498
  outer loop
   vertex -13.8482 -1.13106  4.41479
   vertex  -13.794  -1.6477  3.78979
   vertex -13.8853 -0.470612  3.75854
  endloop
 endfacet
 facet normal 0.988083 0.152693 0.0193985
  outer loop
   vertex -13.7183 -2.17488  2.13354
   vertex  -13.627  -2.6863  1.50854
   vertex -13.8067 -1.51956  1.47729
  endloop
 endfacet
 facet normal 0.434582 -0.900593 0.00840112
  outer loop
   vertex -6.12287  12.5134  1.66479
   vertex -6.58768  12.2833  1.03979
   vertex -5.52429  12.7961  1.00854
  endloop
 endfacet
 facet normal -0.935936 0.350726 0.031879
  outer loop
   vertex  13.0221 -4.77155 0.789787
   vertex  13.1853  -4.2793 0.164787
   vertex    12.77 -5.38475 0.133537
  endloop
 endfacet
 facet normal 0.993957 -0.10633 0.0272603
  outer loop
   vertex -13.8252  1.48389 -0.272713
   vertex -13.8633 0.967776 -0.897713
   vertex -13.7368  2.14176 -0.928963
  endloop
 endfacet
 facet normal -0.664789 -0.746717 0.0216681
  outer loop
   vertex  9.20347  10.4413  3.53979
   vertex  8.80844  10.7748  2.91479
   vertex  9.68975  9.98928  2.88354
  endloop
 endfacet
 facet normal 0.294156  0.95527 0.0305252
  outer loop
   vertex -4.05312 -13.2443  4.85228
   vertex -3.55275 -13.3784  4.22728
   vertex -4.68101   -13.03  4.19603
  endloop
 endfacet
 facet normal -0.765431  0.64348 0.00704265
  outer loop
   vertex  10.6619 -8.83741 0.664783
   vertex  10.9919 -8.43807 0.0397835
   vertex  10.2319 -9.34175 0.00853348
  endloop
 endfacet
 facet normal 0.425848 -0.904768 0.00687966
  outer loop
   vertex -6.00624  12.5685 -0.647709
   vertex -6.47386  12.3437 -1.27271
   vertex -5.40564  12.8462 -1.30396
  endloop
 endfacet
 facet normal 0.665256 0.746476 0.0144294
  outer loop
   vertex -9.17208 -10.3881  4.69603
   vertex -8.77847 -10.7268  4.07103
   vertex -9.65945  -9.9411  4.03979
  endloop
 endfacet
 facet normal -0.458364 -0.888372 0.0264205
  outer loop
   vertex  6.28392  12.4304  3.63354
   vertex  5.81506  12.6537  3.00854
   vertex    6.864  12.1116  2.97729
  endloop
 endfacet
 facet normal -0.530686 -0.846976 0.0316829
  outer loop
   vertex  7.31372  11.8532  3.60229
   vertex    6.864  12.1116  2.97729
   vertex  7.86416  11.4838  2.94604
  endloop
 endfacet
 facet normal -0.599518 -0.799816 0.0295411
  outer loop
   vertex  8.28935  11.1881  3.57104
   vertex  7.86416  11.4838  2.94604
   vertex  8.80844  10.7748  2.91479
  endloop
 endfacet
 facet normal 0.983346 -0.180421 0.0218648
  outer loop
   vertex  -13.675  2.52494  2.00854
   vertex -13.7548  2.01425  1.38354
   vertex -13.5411  3.17527  1.35229
  endloop
 endfacet
 facet normal -0.275134 0.961319 0.0129074
  outer loop
   vertex  3.84647 -13.2942 0.446033
   vertex  4.34126 -13.1442 -0.178967
   vertex  3.20626 -13.4686 -0.210217
  endloop
 endfacet
 facet normal -0.190672 0.981626 0.00738558
  outer loop
   vertex  2.69878 -13.5719 0.414783
   vertex  3.20626 -13.4686 -0.210217
   vertex  2.04713 -13.6935 -0.241467
  endloop
 endfacet
 facet normal -0.10428 0.994511 0.00862416
  outer loop
   vertex  1.53186  -13.753 0.383533
   vertex  2.04713 -13.6935 -0.241467
   vertex 0.873005 -13.8164 -0.272717
  endloop
 endfacet
 facet normal -0.382289 -0.923877 0.0175177
  outer loop
   vertex  5.20847  12.9172  3.66479
   vertex  4.72445  13.1056  3.03979
   vertex  5.81506  12.6537  3.00854
  endloop
 endfacet
 facet normal -0.915234 -0.402137 0.0251657
  outer loop
   vertex  12.6723  5.71545  3.38354
   vertex   12.449  6.18442  2.75854
   vertex  12.9233  5.10313  2.72729
  endloop
 endfacet
 facet normal 0.213524 0.976432 0.0314199
  outer loop
   vertex    -2.91 -13.5401  4.88353
   vertex -2.39934 -13.6316  4.25853
   vertex -3.55275 -13.3784  4.22728
  endloop
 endfacet
 facet normal 0.576258 -0.817209 0.00982091
  outer loop
   vertex -8.04031  11.3726 -0.585209
   vertex -8.45921  11.0696 -1.21021
   vertex -7.49432  11.7497 -1.24146
  endloop
 endfacet
 facet normal -0.29318 0.955813 0.0215993
  outer loop
   vertex  4.09408 -13.2229  5.07103
   vertex   4.5842 -13.0584  4.44603
   vertex  3.45533  -13.404  4.41478
  endloop
 endfacet
 facet normal 0.450893 0.892467 0.0140773
  outer loop
   vertex -6.24123 -12.3632  4.78978
   vertex -5.77594 -12.5884  4.16478
   vertex -6.82935 -12.0557  4.13353
  endloop
 endfacet
 facet normal 0.526432 0.850183 0.00768722
  outer loop
   vertex -7.27203 -11.7872  4.75853
   vertex -6.82935 -12.0557  4.13353
   vertex -7.83305 -11.4339  4.10228
  endloop
 endfacet
 facet normal 0.598753 0.800896 0.00780552
  outer loop
   vertex -8.25131 -11.1273  4.72728
   vertex -7.83305 -11.4339  4.10228
   vertex -8.77847 -10.7268  4.07103
  endloop
 endfacet
 facet normal -0.320152 -0.947254 0.0146005
  outer loop
   vertex  4.34163  13.2345 -0.928959
   vertex  3.84684  13.3921 -1.55396
   vertex  4.96502  13.0137 -1.58521
  endloop
 endfacet
 facet normal -0.398734 -0.91676 0.023699
  outer loop
   vertex  5.44707  12.8201 -0.960209
   vertex  4.96502  13.0137 -1.58521
   vertex  6.04743  12.5421 -1.61646
  endloop
 endfacet
 facet normal -0.473719 -0.880145 0.0305778
  outer loop
   vertex   6.5131  12.3131 -0.991459
   vertex  6.04743  12.5421 -1.61646
   vertex   7.0868  11.9816 -1.64771
  endloop
 endfacet
 facet normal -0.54539 -0.837612 0.0309058
  outer loop
   vertex  7.53128  11.7152 -1.02271
   vertex   7.0868  11.9816 -1.64771
   vertex  8.07584  11.3364 -1.67896
  endloop
 endfacet
 facet normal 0.0283624 -0.999314 0.0238118
  outer loop
   vertex -0.437385  13.9296  1.50854
   vertex -0.953639  13.9001 0.883541
   vertex 0.226574  13.9328 0.852291
  endloop
 endfacet
 facet normal 0.834415 0.550443 0.0276405
  outer loop
   vertex -11.5837 -7.63455  2.28979
   vertex -11.2845 -8.05684  1.66478
   vertex -11.9339 -7.07076  1.63353
  endloop
 endfacet
 facet normal 0.943885 0.330168 0.00842617
  outer loop
   vertex -13.0989 -4.58471  4.50854
   vertex -12.9231 -5.07146  3.88354
   vertex -13.3126 -3.95698  3.85229
  endloop
 endfacet
 facet normal -0.0120668  0.99986 0.0115487
  outer loop
   vertex 0.225251 -13.8396 -1.96022
   vertex 0.744057 -13.8261 -2.58522
   vertex -0.436882   -13.84 -2.61647
  endloop
 endfacet
 facet normal -0.844738 -0.53501 0.0135087
  outer loop
   vertex  11.6681  7.56231 -1.17896
   vertex  11.3832  7.99636 -1.80396
   vertex  12.0145  6.99887 -1.83521
  endloop
 endfacet
 facet normal -0.886733 -0.461731 0.0225512
  outer loop
   vertex  12.2668   6.5448 -1.21021
   vertex  12.0145  6.99887 -1.83521
   vertex  12.5591  5.95137 -1.86646
  endloop
 endfacet
 facet normal 0.950408  0.31092 0.00731003
  outer loop
   vertex -13.1826  -4.3405 -0.116463
   vertex -13.0171 -4.83177 -0.741463
   vertex  -13.384 -3.70947 -0.772713
  endloop
 endfacet
 facet normal 0.459925 0.887904 0.00978446
  outer loop
   vertex -6.35574 -12.3038  2.47728
   vertex -5.89358 -12.5363  1.85228
   vertex -6.94169 -11.9931  1.82103
  endloop
 endfacet
 facet normal 0.882319 0.470307 0.0179891
  outer loop
   vertex -12.2518 -6.50873 -0.0539627
   vertex -11.9989 -6.95931 -0.678967
   vertex -12.5536 -5.91739 -0.710213
  endloop
 endfacet
 facet normal 0.966915 -0.254518 0.0171819
  outer loop
   vertex  -13.447  3.55179  4.28979
   vertex -13.5682  3.04932  3.66479
   vertex -13.2672  4.19077  3.63354
  endloop
 endfacet
 facet normal 0.941559 -0.33672 0.00933064
  outer loop
   vertex -13.0985  4.67987  4.25854
   vertex -13.2672  4.19077  3.63354
   vertex -12.8694  5.30226  3.60229
  endloop
 endfacet
 facet normal 0.908546 -0.417726 0.00701266
  outer loop
   vertex -12.6568  5.77505  4.22729
   vertex -12.8694  5.30226  3.60229
   vertex -12.3759  6.37496  3.57104
  endloop
 endfacet
 facet normal -0.979785 0.198942 0.0210695
  outer loop
   vertex  13.6213 -2.62299 -1.46021
   vertex  13.7117 -2.11145 -2.08521
   vertex  13.4762 -3.26832 -2.11646
  endloop
 endfacet
 facet normal -0.018859 0.999697 0.0158466
  outer loop
   vertex 0.354043 -13.8361 0.352283
   vertex 0.873005 -13.8164 -0.272717
   vertex -0.307285 -13.8382 -0.303967
  endloop
 endfacet
 facet normal -0.918592 -0.394169 0.0286218
  outer loop
   vertex  12.7254  5.59828  1.07104
   vertex  12.5044  6.06805 0.446037
   vertex  12.9692  4.98257 0.414787
  endloop
 endfacet
 facet normal -0.948123 -0.316292 0.0319593
  outer loop
   vertex  13.1521   4.4974  1.03979
   vertex  12.9692  4.98257 0.414787
   vertex  13.3419  3.86206 0.383537
  endloop
 endfacet
 facet normal -0.823948 0.566462 0.0152104
  outer loop
   vertex  11.4535 -7.79406  3.00854
   vertex  11.7385 -7.36278  2.38354
   vertex  11.0693 -8.33525  2.35229
  endloop
 endfacet
 facet normal 0.878075 0.478144 0.019016
  outer loop
   vertex -12.1915 -6.62258  2.25854
   vertex -11.9339 -7.07076  1.63353
   vertex  -12.498 -6.03371  1.60229
  endloop
 endfacet
 facet normal -0.778509 0.627535 0.0111263
  outer loop
   vertex   10.826 -8.63824  5.28979
   vertex  11.1451 -8.23131  4.66479
   vertex   10.404 -9.15014  4.63354
  endloop
 endfacet
 facet normal -0.720948 0.692955 0.00682065
  outer loop
   vertex   10.048 -9.52661  5.25854
   vertex   10.404 -9.15014  4.63354
   vertex  9.58558 -10.0013  4.60228
  endloop
 endfacet
 facet normal -0.657862 0.753078 0.00955684
  outer loop
   vertex  9.19878 -10.3471  5.22728
   vertex  9.58558 -10.0013  4.60228
   vertex  8.69635 -10.7777  4.57103
  endloop
 endfacet
 facet normal -0.643489 0.765262 0.0171897
  outer loop
   vertex  9.00571  -10.518 0.602283
   vertex  9.39624 -10.1756 -0.0227165
   vertex  8.49236 -10.9349 -0.0539665
  endloop
 endfacet
 facet normal -0.995332 0.0961667 0.00813328
  outer loop
   vertex  13.8204 -1.19863  3.19604
   vertex  13.8652 -0.681972  2.57104
   vertex  13.7514 -1.85705  2.53979
  endloop
 endfacet
 facet normal -0.999931 0.00882458 0.00775891
  outer loop
   vertex  13.8761 -0.0190595  3.22729
   vertex  13.8759 0.498694  2.60229
   vertex  13.8652 -0.681972  2.57104
  endloop
 endfacet
 facet normal 0.994818 -0.0970815 0.0302039
  outer loop
   vertex  -13.839  1.35593  2.03979
   vertex -13.8704 0.839147  1.41479
   vertex -13.7548  2.01425  1.38354
  endloop
 endfacet
 facet normal -0.973489 -0.227266 0.0258843
  outer loop
   vertex  13.5105  3.23817 -1.30396
   vertex  13.3772  3.73803 -1.92896
   vertex  13.6448  2.58808 -1.96021
  endloop
 endfacet
 facet normal 0.103065 -0.994214 0.0302826
  outer loop
   vertex -1.48674  13.8602 -0.772709
   vertex  -1.9997   13.788 -1.39771
   vertex -0.825061  13.9088 -1.42896
  endloop
 endfacet
 facet normal 0.938022 -0.346496 0.00745896
  outer loop
   vertex -13.0543  4.80123  1.94604
   vertex -13.2294  4.31378  1.32104
   vertex -12.8201  5.42127  1.28979
  endloop
 endfacet
 facet normal 0.904166 -0.427082 0.00915677
  outer loop
   vertex -12.6037  5.89275  1.91479
   vertex -12.8201  5.42127  1.28979
   vertex -12.3156  6.48858  1.25854
  endloop
 endfacet
 facet normal 0.355603 -0.934512 0.0153179
  outer loop
   vertex -5.04246  12.9897  1.63354
   vertex -5.52429  12.7961  1.00854
   vertex -4.42084  13.2155 0.977291
  endloop
 endfacet
 facet normal -0.0379866 0.999242 0.0085613
  outer loop
   vertex 0.611699 -13.8248  4.97728
   vertex  1.12981 -13.7998  4.35228
   vertex -0.0498767 -13.8444  4.32103
  endloop
 endfacet
 facet normal -0.783138 -0.621805 0.00732997
  outer loop
   vertex  10.8266  8.72902  3.47729
   vertex   10.501  9.13176  2.85229
   vertex   11.235   8.2069  2.82104
  endloop
 endfacet
 facet normal -0.210695 0.977471 0.0125677
  outer loop
   vertex  2.95164 -13.5206  5.03978
   vertex  3.45533  -13.404  4.41478
   vertex  2.30131 -13.6523  4.38353
  endloop
 endfacet
 facet normal -0.065841 -0.997734 0.0138218
  outer loop
   vertex 0.871682  13.9054 -0.835209
   vertex 0.355355  13.9308 -1.46021
   vertex  1.53321  13.8527 -1.49146
  endloop
 endfacet
 facet normal 0.511668 -0.859147 0.00787089
  outer loop
   vertex -7.15988  11.9485  1.69604
   vertex -7.60221  11.6794  1.07104
   vertex -6.58768  12.2833  1.03979
  endloop
 endfacet
 facet normal 0.544428 0.838767 0.008202
  outer loop
   vertex -7.49084 -11.6503 0.133533
   vertex -7.05308 -11.9283 -0.491467
   vertex -8.04315 -11.2854 -0.522717
  endloop
 endfacet
 facet normal 0.0476261 0.998737 0.0160026
  outer loop
   vertex -0.569023 -13.8296  4.94603
   vertex -0.0498767 -13.8444  4.32103
   vertex -1.22899 -13.7876  4.28978
  endloop
 endfacet
 facet normal 0.725686  0.68762 0.023624
  outer loop
   vertex -10.0273 -9.57435  4.66479
   vertex -9.65945  -9.9411  4.03979
   vertex  -10.471 -9.08356  4.00854
  endloop
 endfacet
 facet normal 0.780369 0.624565 0.0307015
  outer loop
   vertex   -10.81 -8.69069  4.63354
   vertex  -10.471 -9.08356  4.00854
   vertex -11.2081 -8.16102  3.97729
  endloop
 endfacet
 facet normal -0.997626 -0.0680695 0.0104766
  outer loop
   vertex   13.842   1.0323 0.946037
   vertex  13.8002  1.54783 0.321037
   vertex  13.8802 0.370063 0.289787
  endloop
 endfacet
 facet normal -0.613807 -0.789081 0.0243427
  outer loop
   vertex  8.49326   11.031 -1.05396
   vertex  8.07584  11.3364 -1.67896
   vertex  9.00728  10.6109 -1.71021
  endloop
 endfacet
 facet normal 0.911825 0.410281 0.0156256
  outer loop
   vertex -12.6601 -5.68089  4.53979
   vertex -12.4391 -6.14816  3.91479
   vertex -12.9231 -5.07146  3.88354
  endloop
 endfacet
 facet normal -0.142269 -0.989802 0.00721081
  outer loop
   vertex  1.91802  13.7966  1.44604
   vertex  1.40513  13.8657 0.821041
   vertex  2.57367  13.6975 0.789791
  endloop
 endfacet
 facet normal -0.228288 -0.973574 0.0062494
  outer loop
   vertex  3.07941   13.583  1.41479
   vertex  2.57367  13.6975 0.789791
   vertex  3.72314  13.4278 0.758541
  endloop
 endfacet
 facet normal -0.390518 -0.92034 0.021671
  outer loop
   vertex  5.32815  12.8695  1.35229
   vertex  4.84477  13.0599 0.727291
   vertex  5.93133  12.5981 0.696041
  endloop
 endfacet
 facet normal -0.584059 0.811396 0.0226059
  outer loop
   vertex  8.18141 -11.1713  2.88353
   vertex  8.59459 -10.8565  2.25853
   vertex  7.63595 -11.5457  2.22728
  endloop
 endfacet
 facet normal -0.921995 -0.386031 0.0300753
  outer loop
   vertex  12.7768   5.4802 -1.24146
   vertex  12.5591  5.95137 -1.86646
   vertex  13.0143  4.86177 -1.89771
  endloop
 endfacet
 facet normal 0.919558 0.392832 0.00982505
  outer loop
   vertex -12.7625 -5.44413 -0.0852127
   vertex -12.5536 -5.91739 -0.710213
   vertex -13.0171 -4.83177 -0.741463
  endloop
 endfacet
 facet normal 0.650745 -0.758953 0.0228571
  outer loop
   vertex  -9.0743  10.5696  1.75854
   vertex -9.45737  10.2223  1.13354
   vertex -8.56064  10.9903  1.10229
  endloop
 endfacet
 facet normal -0.989428 -0.14405 0.0168146
  outer loop
   vertex  13.7296   2.0782 -1.33521
   vertex  13.6448  2.58808 -1.96021
   vertex  13.8143  1.41985 -1.99146
  endloop
 endfacet
 facet normal -0.998254 -0.0583495 0.00918231
  outer loop
   vertex  13.8503 0.903663 -1.36646
   vertex  13.8143  1.41985 -1.99146
   vertex  13.8829 0.241287 -2.02271
  endloop
 endfacet
 facet normal -0.999548 0.0291617 0.00728393
  outer loop
   vertex  13.8724 -0.277009 -1.39771
   vertex  13.8829 0.241287 -2.02271
   vertex  13.8483 -0.938926 -2.05396
  endloop
 endfacet
 facet normal -0.99325  0.11534 0.0122867
  outer loop
   vertex   13.796 -1.45537 -1.42896
   vertex  13.8483 -0.938926 -2.05396
   vertex  13.7117 -2.11145 -2.08521
  endloop
 endfacet
 facet normal 0.0564618 0.998177 0.0213301
  outer loop
   vertex -0.697746 -13.8255  2.63353
   vertex -0.178524 -13.8415  2.00853
   vertex -1.35722 -13.7742  1.97728
  endloop
 endfacet
 facet normal  0.99775 0.0603547 0.0291985
  outer loop
   vertex -13.8705 -0.874703 -0.210213
   vertex  -13.821 -1.39146 -0.835213
   vertex -13.8914 -0.212774 -0.866463
  endloop
 endfacet
 facet normal 0.221541 0.974637 0.0316651
  outer loop
   vertex -3.03588 -13.5128  2.57103
   vertex -2.52636 -13.6083  1.94603
   vertex -3.67764 -13.3456  1.91478
  endloop
 endfacet
 facet normal 0.302336 0.952829 0.0266372
  outer loop
   vertex -4.17564 -13.2051  2.53978
   vertex -3.67764 -13.3456  1.91478
   vertex -4.80281 -12.9877  1.88353
  endloop
 endfacet
 facet normal 0.873601 0.486011 0.0247996
  outer loop
   vertex -12.1307 -6.73604  4.57104
   vertex -11.8658 -7.18028  3.94604
   vertex -12.4391 -6.14816  3.91479
  endloop
 endfacet
 facet normal -0.812879 0.582347 0.0100184
  outer loop
   vertex  11.3047  -8.0046 -1.61647
   vertex  11.6009 -7.58044 -2.24146
   vertex  10.9131 -8.53993 -2.27272
  endloop
 endfacet
 facet normal -0.758929 0.651133 0.007219
  outer loop
   vertex  10.5791 -8.93621 -1.64772
   vertex  10.9131 -8.53993 -2.27272
   vertex  10.1441 -9.43591 -2.30397
  endloop
 endfacet
 facet normal -0.699666 0.714379 0.0113886
  outer loop
   vertex  9.77832 -9.80411 -1.67897
   vertex  10.1441 -9.43591 -2.30397
   vertex  9.30049 -10.2616 -2.33522
  endloop
 endfacet
 facet normal 0.986722 0.161901 0.0129863
  outer loop
   vertex -13.6953  -2.3017  4.44604
   vertex -13.6033 -2.81263  3.82104
   vertex  -13.794  -1.6477  3.78979
  endloop
 endfacet
 facet normal 0.813502 -0.580885 0.028065
  outer loop
   vertex -11.3642  8.04926 -0.460209
   vertex -11.6514  7.61677 -1.08521
   vertex -10.9646  8.57718 -1.11646
  endloop
 endfacet
 facet normal -0.499188 0.865907 0.0318759
  outer loop
   vertex  6.97987 -11.9609 -1.77272
   vertex   7.4188 -11.6849 -2.39772
   vertex  6.39524 -12.2738 -2.42897
  endloop
 endfacet
 facet normal -0.678684 -0.734273 0.0152151
  outer loop
   vertex  9.39328  10.2671 -1.08521
   vertex  9.00728  10.6109 -1.71021
   vertex  9.87384  9.80931 -1.74146
  endloop
 endfacet
 facet normal 0.643737 -0.765011 0.0190129
  outer loop
   vertex -8.97527  10.6517 -0.553959
   vertex -9.36292    10.31 -1.17896
   vertex -8.45921  11.0696 -1.21021
  endloop
 endfacet
 facet normal -0.265864 0.963951 0.0107403
  outer loop
   vertex  3.72231 -13.3288 -1.86647
   vertex  4.21906 -13.1848 -2.49147
   vertex  3.08098 -13.4983 -2.52272
  endloop
 endfacet
 facet normal 0.194309 -0.980445 0.0311801
  outer loop
   vertex -2.78086  13.6601  1.57104
   vertex -3.28569  13.5401 0.946041
   vertex -2.12717  13.7688 0.914791
  endloop
 endfacet
 facet normal 0.275495 -0.960989 0.0245339
  outer loop
   vertex   -3.926  13.3733  1.60229
   vertex -4.42084  13.2155 0.977291
   vertex -3.28569  13.5401 0.946041
  endloop
 endfacet
 facet normal 0.859554 -0.510677 0.0194006
  outer loop
   vertex -12.0001  7.05477 -0.428959
   vertex -12.2549  6.60217 -1.05396
   vertex -11.6514  7.61677 -1.08521
  endloop
 endfacet
 facet normal -0.23776 -0.971292 0.00791017
  outer loop
   vertex  3.20505  13.5545 -0.897709
   vertex  2.70017   13.673 -1.52271
   vertex  3.84684  13.3921 -1.55396
  endloop
 endfacet
 facet normal -0.151972 -0.988356 0.00759206
  outer loop
   vertex  2.04564  13.7787 -0.866459
   vertex  1.53321  13.8527 -1.49146
   vertex  2.70017   13.673 -1.52271
  endloop
 endfacet
 facet normal -0.903483 0.427658 0.0287579
  outer loop
   vertex  12.5649 -5.86011 0.758537
   vertex    12.77 -5.38475 0.133537
   vertex   12.264 -6.45162 0.102287
  endloop
 endfacet
 facet normal 0.310916 0.950153 0.0232422
  outer loop
   vertex -4.29786 -13.1647 0.227283
   vertex -3.80205 -13.3117 -0.397717
   vertex  -4.9239 -12.9438 -0.428967
  endloop
 endfacet
 facet normal 0.711991 -0.701536 0.0302754
  outer loop
   vertex   -9.937  9.76388  1.78979
   vertex -10.2868  9.38187  1.16479
   vertex -9.45737  10.2223  1.13354
  endloop
 endfacet
 facet normal 0.185566 -0.982135  0.03125
  outer loop
   vertex -2.65445  13.6852 -0.741459
   vertex -3.16023  13.5697 -1.36646
   vertex  -1.9997   13.788 -1.39771
  endloop
 endfacet
 facet normal 0.818731 -0.573592 0.025913
  outer loop
   vertex  -11.437  7.94312  1.85229
   vertex -11.7215  7.50867  1.22729
   vertex -11.0434  8.47521  1.19604
  endloop
 endfacet
 facet normal -0.311368 -0.950211 0.0122401
  outer loop
   vertex  4.21888  13.2734  1.38354
   vertex  3.72314  13.4278 0.758541
   vertex  4.84477  13.0599 0.727291
  endloop
 endfacet
 facet normal -0.57688 0.816411 0.0261334
  outer loop
   vertex  8.07786 -11.2478 0.571033
   vertex  8.49236 -10.9349 -0.0539665
   vertex  7.52759 -11.6156 -0.0852165
  endloop
 endfacet
 facet normal -0.125076 0.992121 0.00714399
  outer loop
   vertex  1.78805 -13.7215  5.00853
   vertex  2.30131 -13.6523  4.38353
   vertex  1.12981 -13.7998  4.35228
  endloop
 endfacet
 facet normal -0.433201 0.900809 0.0296728
  outer loop
   vertex  6.05086 -12.4546 0.508533
   vertex  6.50925 -12.2135 -0.116467
   vertex   5.4447 -12.7244 -0.147717
  endloop
 endfacet
 facet normal -0.356007 0.934226 0.021914
  outer loop
   vertex  4.96661 -12.9213 0.477283
   vertex   5.4447 -12.7244 -0.147717
   vertex  4.34126 -13.1442 -0.178967
  endloop
 endfacet
 facet normal -0.372417 0.927594 0.0295734
  outer loop
   vertex  5.20697 -12.8293  5.10228
   vertex  5.68034 -12.6193  4.47728
   vertex   4.5842 -13.0584  4.44603
  endloop
 endfacet
 facet normal -0.448443 0.893241 0.0319184
  outer loop
   vertex  6.28189 -12.3408  5.13353
   vertex  6.73613 -12.0904  4.50853
   vertex  5.68034 -12.6193  4.47728
  endloop
 endfacet
 facet normal -0.521365 0.852915 0.0267176
  outer loop
   vertex  7.30984 -11.7602  5.16478
   vertex  7.74401 -11.4753  4.53978
   vertex  6.73613 -12.0904  4.50853
  endloop
 endfacet
 facet normal -0.878359 -0.47773 0.0161338
  outer loop
   vertex  12.1424  6.77036  3.41479
   vertex  11.8854  7.22169  2.78979
   vertex   12.449  6.18442  2.75854
  endloop
 endfacet
 facet normal 0.0652461 0.997559 0.0248747
  outer loop
   vertex -0.826362 -13.8198 0.321033
   vertex -0.307285 -13.8382 -0.303967
   vertex -1.48543 -13.7603 -0.335217
  endloop
 endfacet
 facet normal 0.148138 0.988477 0.0311041
  outer loop
   vertex -2.00102 -13.7027 0.289783
   vertex -1.48543 -13.7603 -0.335217
   vertex -2.65313 -13.5843 -0.366467
  endloop
 endfacet
 facet normal 0.230011 0.972713 0.030397
  outer loop
   vertex -3.16131 -13.4837 0.258533
   vertex -2.65313 -13.5843 -0.366467
   vertex -3.80205 -13.3117 -0.397717
  endloop
 endfacet
 facet normal -0.864439 0.502321 0.0204716
  outer loop
   vertex  12.0154 -6.90488 0.727287
   vertex   12.264 -6.45162 0.102287
   vertex  11.6703 -7.47203 0.0710335
  endloop
 endfacet
 facet normal -0.873115 0.486687 0.0283883
  outer loop
   vertex  12.1445 -6.68216  5.35229
   vertex  12.3809 -6.22164  4.72729
   vertex  11.8052 -7.25258  4.69604
  endloop
 endfacet
 facet normal -0.910591 0.412057 0.0321344
  outer loop
   vertex  12.6733 -5.62658  5.38354
   vertex  12.8686  -5.1462  4.75854
   vertex  12.3809 -6.22164  4.72729
  endloop
 endfacet
 facet normal -0.713482 0.700632 0.00765589
  outer loop
   vertex  9.95885 -9.61989  2.94604
   vertex  10.3187  -9.2466  2.32104
   vertex  9.49132 -10.0888  2.28978
  endloop
 endfacet
 facet normal -0.983348 0.181125 0.0148344
  outer loop
   vertex  13.6665 -2.36933  3.16479
   vertex  13.7514 -1.85705  2.53979
   vertex  13.5371 -3.01791  2.50854
  endloop
 endfacet
 facet normal 0.900061 -0.435629 0.0108516
  outer loop
   vertex -12.5496  6.00978 -0.397713
   vertex -12.7695  5.53976 -1.02271
   vertex -12.2549  6.60217 -1.05396
  endloop
 endfacet
 facet normal 0.947492 0.319699 0.00716327
  outer loop
   vertex -13.1412 -4.46269  2.19604
   vertex -12.9713 -4.95224  1.57104
   vertex -13.3485 -3.83338  1.53979
  endloop
 endfacet
 facet normal 0.829662 0.557391 0.0312379
  outer loop
   vertex -11.5131 -7.74207  4.60229
   vertex -11.2081 -8.16102  3.97729
   vertex -11.8658 -7.18028  3.94604
  endloop
 endfacet
 facet normal -0.988007 -0.153247 0.0189225
  outer loop
   vertex  13.7108  2.20565 0.977287
   vertex  13.6199  2.71448 0.352287
   vertex  13.8002  1.54783 0.321037
  endloop
 endfacet
 facet normal 0.981659 -0.189721 0.0187206
  outer loop
   vertex -13.6502  2.65135 -0.303963
   vertex -13.7368  2.14176 -0.928963
   vertex -13.5122  3.30073 -0.960213
  endloop
 endfacet
 facet normal 0.999227 -0.0229575 0.0319251
  outer loop
   vertex -13.8994 0.305695 -0.241463
   vertex -13.8914 -0.212774 -0.866463
   vertex -13.8633 0.967776 -0.897713
  endloop
 endfacet
 facet normal -0.959537  0.28008 0.0290449
  outer loop
   vertex  13.3482 -3.77142 -1.49146
   vertex  13.4762 -3.26832 -2.11646
   vertex  13.1444  -4.4016 -2.14771
  endloop
 endfacet
 facet normal 0.989396 0.143731 0.0209236
  outer loop
   vertex -13.7395 -2.04786 -0.178963
   vertex -13.6519 -2.55983 -0.803963
   vertex  -13.821 -1.39146 -0.835213
  endloop
 endfacet
 facet normal -0.839692 -0.542942 0.0114382
  outer loop
   vertex  11.5974  7.67004  1.13354
   vertex  11.3096  8.10198 0.508541
   vertex  11.9503  7.11051 0.477287
  endloop
 endfacet
 facet normal  0.99954 -0.00559199 0.0298012
  outer loop
   vertex -13.9011 0.0481971  4.38354
   vertex -13.8853 -0.470612  3.75854
   vertex -13.8778 0.710201  3.72729
  endloop
 endfacet
 facet normal 0.995545 -0.0887918 0.0317065
  outer loop
   vertex -13.8515   1.2279  4.35229
   vertex -13.8778 0.710201  3.72729
   vertex -13.7719  1.88632  3.69604
  endloop
 endfacet
 facet normal 0.984784 -0.171795 0.0262131
  outer loop
   vertex -13.6992  2.39856  4.32104
   vertex -13.7719  1.88632  3.69604
   vertex -13.5682  3.04932  3.66479
  endloop
 endfacet
 facet normal -0.671717 -0.740607 0.017272
  outer loop
   vertex  9.29836  10.3542  1.22729
   vertex  8.90834  10.6934 0.602291
   vertex  9.78238   9.8999 0.571041
  endloop
 endfacet
 facet normal -0.732931 -0.680239 0.0093355
  outer loop
   vertex  10.1386  9.52469  1.19604
   vertex  9.78238   9.8999 0.571041
   vertex  10.5852  9.03443 0.539791
  endloop
 endfacet
 facet normal -0.789576 -0.613614 0.00687146
  outer loop
   vertex  10.9067  8.62778  1.16479
   vertex  10.5852  9.03443 0.539791
   vertex  11.3096  8.10198 0.508541
  endloop
 endfacet
 facet normal  0.86897 -0.494726 0.0116956
  outer loop
   vertex -12.1255   6.8296  4.19604
   vertex -12.3759  6.37496  3.57104
   vertex -11.7916  7.40062  3.53979
  endloop
 endfacet
 facet normal -0.636473 0.771042 0.0199228
  outer loop
   vertex  8.90793 -10.6018 -1.71022
   vertex  9.30049 -10.2616 -2.33522
   vertex  8.38964 -11.0127 -2.36647
  endloop
 endfacet
 facet normal 0.773387 -0.633281 0.0287641
  outer loop
   vertex -10.8073  8.78587  4.13354
   vertex -11.1221  8.37304  3.50854
   vertex -10.3733  9.28607  3.47729
  endloop
 endfacet
 facet normal  0.71791 -0.695403 0.031932
  outer loop
   vertex -10.0272   9.6721  4.10229
   vertex -10.3733  9.28607  3.47729
   vertex   -9.551  10.1336  3.44604
  endloop
 endfacet
 facet normal 0.657377 -0.753061 0.027475
  outer loop
   vertex -9.17263  10.4867  4.07104
   vertex   -9.551  10.1336  3.44604
   vertex -8.66093  10.9094  3.41479
  endloop
 endfacet
 facet normal 0.591593 -0.806019 0.0187216
  outer loop
   vertex -8.25126  11.2246  4.03979
   vertex -8.66093  10.9094  3.41479
   vertex  -7.7089  11.6074  3.38354
  endloop
 endfacet
 facet normal 0.915944 0.401165 0.0106506
  outer loop
   vertex -12.7115 -5.56262  2.22729
   vertex  -12.498 -6.03371  1.60229
   vertex -12.9713 -4.95224  1.57104
  endloop
 endfacet
 facet normal -0.999792 0.0191955 0.00686167
  outer loop
   vertex  13.8746 -0.148102 0.914787
   vertex  13.8802 0.370063 0.289787
   vertex  13.8574 -0.810491 0.258537
  endloop
 endfacet
 facet normal 0.364474 -0.931154 0.010558
  outer loop
   vertex -5.16178  12.9408  3.94604
   vertex -5.64257  12.7455  3.32104
   vertex  -4.5432  13.1755  3.28979
  endloop
 endfacet
 facet normal -0.98159 0.190086 0.0186567
  outer loop
   vertex  13.6447 -2.49634 0.852287
   vertex   13.732 -1.98427 0.227287
   vertex   13.507 -3.14317 0.196037
  endloop
 endfacet
 facet normal 0.202667 -0.978858 0.027629
  outer loop
   vertex -2.90643  13.6324  3.88354
   vertex -3.41111  13.5103  3.25854
   vertex -2.25468  13.7488  3.22729
  endloop
 endfacet
 facet normal 0.120443 -0.992207 0.0319168
  outer loop
   vertex -1.74267  13.8311  3.85229
   vertex -2.25468  13.7488  3.22729
   vertex -1.08227  13.8901  3.19604
  endloop
 endfacet
 facet normal 0.390663 0.920425 0.0141358
  outer loop
   vertex -5.40316   -12.75 0.196033
   vertex  -4.9239 -12.9438 -0.428967
   vertex -6.01035 -12.4822 -0.460217
  endloop
 endfacet
 facet normal -0.0470885 -0.998686 0.0202208
  outer loop
   vertex 0.614525  13.9215  3.78979
   vertex 0.0977178  13.9332  3.16479
   vertex  1.27692  13.8769  3.13354
  endloop
 endfacet
 facet normal -0.818481 0.574414 0.011679
  outer loop
   vertex  11.3793 -7.89944 0.696033
   vertex  11.6703 -7.47203 0.0710335
   vertex  10.9919 -8.43807 0.0397835
  endloop
 endfacet
 facet normal -0.945399 -0.324411 0.0312656
  outer loop
   vertex    13.11  4.61913  3.35229
   vertex  12.9233  5.10313  2.72729
   vertex  13.3056  3.98586  2.69604
  endloop
 endfacet
 facet normal -0.70647 0.707682 0.00935986
  outer loop
   vertex   9.8689 -9.71239 0.633533
   vertex  10.2319 -9.34175 0.00853348
   vertex  9.39624 -10.1756 -0.0227165
  endloop
 endfacet
 facet normal -0.591211 0.806323 0.017697
  outer loop
   vertex   8.2841 -11.0937  5.19603
   vertex  8.69635 -10.7777  4.57103
   vertex  7.74401 -11.4753  4.53978
  endloop
 endfacet
 facet normal -0.834391 -0.551103 0.00877574
  outer loop
   vertex  11.5255  7.77713  3.44604
   vertex   11.235   8.2069  2.82104
   vertex  11.8854  7.22169  2.78979
  endloop
 endfacet
 facet normal -0.506787 0.861493 0.0315758
  outer loop
   vertex  7.09085 -11.8954 0.539783
   vertex  7.52759 -11.6156 -0.0852165
   vertex  6.50925 -12.2135 -0.116467
  endloop
 endfacet
 facet normal -0.726147 -0.687423 0.0126927
  outer loop
   vertex  10.0509  9.61931  3.50854
   vertex  9.68975  9.98928  2.88354
   vertex   10.501  9.13176  2.85229
  endloop
 endfacet
 facet normal 0.0192405 -0.999551 0.0229609
  outer loop
   vertex -0.30854  13.9331 -0.803959
   vertex -0.825061  13.9088 -1.42896
   vertex 0.355355  13.9308 -1.46021
  endloop
 endfacet
 facet normal 0.584003 -0.811633 0.0138822
  outer loop
   vertex -8.14614  11.2992  1.72729
   vertex -8.56064  10.9903  1.10229
   vertex -7.60221  11.6794  1.07104
  endloop
 endfacet
 facet normal 0.999355 -0.0138098 0.0331522
  outer loop
   vertex -13.9013 0.176874  2.07104
   vertex -13.8878 -0.341599  1.44604
   vertex -13.8704 0.839147  1.41479
  endloop
 endfacet
 facet normal 0.997186 0.0693884 0.0283953
  outer loop
   vertex -13.8604   -1.003  2.10229
   vertex -13.8067 -1.51956  1.47729
   vertex -13.8878 -0.341599  1.44604
  endloop
 endfacet
 facet normal 0.864236 -0.502806 0.0167803
  outer loop
   vertex -12.0636  6.94267  1.88354
   vertex -12.3156  6.48858  1.25854
   vertex -11.7215  7.50867  1.22729
  endloop
 endfacet
 facet normal 0.266818 -0.963428 0.0247767
  outer loop
   vertex -3.80205  13.4089 -0.710209
   vertex -4.29832  13.2554 -1.33521
   vertex -3.16023  13.5697 -1.36646
  endloop
 endfacet
 facet normal -0.181184 0.983427 0.00661991
  outer loop
   vertex  2.57216 -13.5963 -1.89772
   vertex  3.08098 -13.4983 -2.52272
   vertex  1.91956 -13.7121 -2.55397
  endloop
 endfacet
 facet normal -0.132297 -0.991143 0.0114902
  outer loop
   vertex   1.7904  13.8156  3.75854
   vertex  1.27692  13.8769  3.13354
   vertex  2.44695  13.7204  3.10229
  endloop
 endfacet
 facet normal -0.868899 0.494391 0.0243347
  outer loop
   vertex  12.0805 -6.79385  3.03979
   vertex   12.323 -6.33698  2.41479
   vertex  11.7385 -7.36278  2.38354
  endloop
 endfacet
 facet normal 0.705651 -0.708012 0.0278543
  outer loop
   vertex -9.84577  9.85455 -0.522709
   vertex -10.1999  9.47704 -1.14771
   vertex -9.36292    10.31 -1.17896
  endloop
 endfacet
 facet normal -0.772013 0.635552 0.00832431
  outer loop
   vertex  10.7444 -8.73815  2.97729
   vertex  11.0693 -8.33525  2.35229
   vertex  10.3187  -9.2466  2.32104
  endloop
 endfacet
 facet normal 0.297692 0.954322 0.025455
  outer loop
   vertex -3.41997 -13.4214 -2.61647
   vertex -4.85992 -12.9722 -2.61647
   vertex  -4.4199 -13.1236 -2.08522
  endloop
 endfacet
 facet normal 0.00640946 -0.499485 -0.866299
  outer loop
   vertex -2.08763  12.8985 -2.61646
   vertex 0.239152  12.9284 -2.61646
   vertex -1.11125  12.5316 -2.39771
  endloop
 endfacet
 facet normal -0.0429042 -0.449126 -0.892438
  outer loop
   vertex 0.239152  12.9284 -2.61646
   vertex  1.01761  12.5435 -2.46021
   vertex -0.0470576  12.5831 -2.42896
  endloop
 endfacet
 facet normal -0.00282793 -0.475452 -0.879737
  outer loop
   vertex 0.239152  12.9284 -2.61646
   vertex -0.0470576  12.5831 -2.42896
   vertex -1.11125  12.5316 -2.39771
  endloop
 endfacet
 facet normal 0.0828334 0.450906  0.88872
  outer loop
   vertex -3.32178 -12.0449 -1.08522
   vertex -3.80205 -13.3117 -0.397717
   vertex -2.65313 -13.5843 -0.366467
  endloop
 endfacet
 facet normal 0.0451094 0.457058 0.888292
  outer loop
   vertex -2.65313 -13.5843 -0.366467
   vertex -1.48543 -13.7603 -0.335217
   vertex -2.28369 -12.2846 -1.05397
  endloop
 endfacet
 facet normal 0.0373725 0.453848 0.890295
  outer loop
   vertex -1.48543 -13.7603 -0.335217
   vertex -1.22834 -12.4328 -1.02272
   vertex -2.28369 -12.2846 -1.05397
  endloop
 endfacet
 facet normal 0.375535  0.25626 0.890676
  outer loop
   vertex -10.6493 -6.57351  3.25854
   vertex -11.4804 -6.50839   3.5902
   vertex -11.8658 -7.18028  3.94604
  endloop
 endfacet
 facet normal 0.366051 0.273824 0.889397
  outer loop
   vertex -11.8658 -7.18028  3.94604
   vertex -11.2081 -8.16102  3.97729
   vertex -10.6493 -6.57351  3.25854
  endloop
 endfacet
 facet normal  0.34201 0.303397  0.88937
  outer loop
   vertex -11.2081 -8.16102  3.97729
   vertex  -10.471 -9.08356  4.00854
   vertex  -10.048 -7.45349  3.28979
  endloop
 endfacet
 facet normal 0.334878 0.306044 0.891176
  outer loop
   vertex  -10.471 -9.08356  4.00854
   vertex -9.37551  -8.2803  3.32104
   vertex  -10.048 -7.45349  3.28979
  endloop
 endfacet
 facet normal -0.453006 0.0182268 -0.891321
  outer loop
   vertex  13.8746 -0.148102 0.914787
   vertex   12.518 -0.243678  1.60229
   vertex  12.4994 0.821829  1.63354
  endloop
 endfacet
 facet normal -0.453247 -0.0198464 -0.891164
  outer loop
   vertex  12.4994 0.821829  1.63354
   vertex  12.3916  1.88177  1.66479
   vertex   13.842   1.0323 0.946037
  endloop
 endfacet
 facet normal -0.456691 -0.0273845 -0.889204
  outer loop
   vertex  12.3916  1.88177  1.66479
   vertex  13.7108  2.20565 0.977287
   vertex   13.842   1.0323 0.946037
  endloop
 endfacet
 facet normal 0.291131 0.350427 -0.890193
  outer loop
   vertex -7.80204  -9.8335  5.38353
   vertex -7.20396 -10.3304  5.38353
   vertex -8.25131 -11.1273  4.72728
  endloop
 endfacet
 facet normal  0.30622 0.343907 -0.88767
  outer loop
   vertex -8.25131 -11.1273  4.72728
   vertex -9.17208 -10.3881  4.69603
   vertex -7.80204  -9.8335  5.38353
  endloop
 endfacet
 facet normal 0.332794 0.315623 -0.888611
  outer loop
   vertex -9.17208 -10.3881  4.69603
   vertex -10.0273 -9.57435  4.66479
   vertex -8.36858 -9.29974  5.38354
  endloop
 endfacet
 facet normal 0.335411 0.306021 -0.890983
  outer loop
   vertex -10.0273 -9.57435  4.66479
   vertex -9.13088  -8.5552  5.35229
   vertex -8.36858 -9.29974  5.38354
  endloop
 endfacet
 facet normal -0.996016 -0.0872971 0.0181855
  outer loop
   vertex  13.7803    1.744  5.38354
   vertex  13.7671  1.80321  4.94604
   vertex  13.8696 0.627173  4.91479
  endloop
 endfacet
 facet normal -0.87646 -0.481459 -0.00384275
  outer loop
   vertex  11.1196  5.80789 -0.522713
   vertex    11.24   5.5865 -0.241463
   vertex  10.7269  6.52022 -0.210213
  endloop
 endfacet
 facet normal -0.0847238 0.450187 -0.888906
  outer loop
   vertex  2.69878 -13.5719 0.414783
   vertex  3.36095 -12.0281  1.13353
   vertex  3.84647 -13.2942 0.446033
  endloop
 endfacet
 facet normal -0.114457 0.439799 -0.890773
  outer loop
   vertex  3.36095 -12.0281  1.13353
   vertex  4.37484 -11.7009  1.16478
   vertex  3.84647 -13.2942 0.446033
  endloop
 endfacet
 facet normal -0.150551 0.424362 -0.892889
  outer loop
   vertex  4.37484 -11.7009  1.16478
   vertex  5.35678 -11.2868  1.19603
   vertex  5.31122 -12.0514 0.840355
  endloop
 endfacet
 facet normal -0.161198 0.433824 -0.88646
  outer loop
   vertex  5.31122 -12.0514 0.840355
   vertex  6.05086 -12.4546 0.508533
   vertex  4.96661 -12.9213 0.477283
  endloop
 endfacet
 facet normal -0.122189 0.441516 -0.888894
  outer loop
   vertex  4.96661 -12.9213 0.477283
   vertex  3.84647 -13.2942 0.446033
   vertex  4.37484 -11.7009  1.16478
  endloop
 endfacet
 facet normal -0.45331 -0.0631368 0.889114
  outer loop
   vertex  13.8696 0.627173  4.91479
   vertex  13.7671  1.80321  4.94604
   vertex   12.513 0.685648  4.22729
  endloop
 endfacet
 facet normal -0.44867 -0.0695491 0.890987
  outer loop
   vertex  13.7671  1.80321  4.94604
   vertex  12.4107   1.7461  4.25854
   vertex   12.513 0.685648  4.22729
  endloop
 endfacet
 facet normal -0.452885 -0.0305562 0.891045
  outer loop
   vertex   12.513 0.685648  4.22729
   vertex  12.5234 -0.379894  4.19604
   vertex  13.8696 0.627173  4.91479
  endloop
 endfacet
 facet normal -0.348902 0.296454 -0.889034
  outer loop
   vertex  11.3793 -7.89944 0.696033
   vertex  10.6619 -8.83741 0.664783
   vertex  10.2048 -7.21995  1.38353
  endloop
 endfacet
 facet normal -0.322657 0.324194 -0.889264
  outer loop
   vertex  10.6619 -8.83741 0.664783
   vertex   9.8689 -9.71239 0.633533
   vertex  9.54868 -8.05956  1.35228
  endloop
 endfacet
 facet normal -0.314337 0.326701 -0.891324
  outer loop
   vertex   9.8689 -9.71239 0.633533
   vertex  8.82455 -8.84154  1.32103
   vertex  9.54868 -8.05956  1.35228
  endloop
 endfacet
 facet normal -0.215893 -0.399412 0.890988
  outer loop
   vertex  6.09457  10.9939  2.28979
   vertex  7.00133   10.434  2.25854
   vertex    6.864  12.1116  2.97729
  endloop
 endfacet
 facet normal -0.22285 -0.399274 0.889336
  outer loop
   vertex  7.00133   10.434  2.25854
   vertex  7.86416  11.4838  2.94604
   vertex    6.864  12.1116  2.97729
  endloop
 endfacet
 facet normal -0.188944 -0.416823 0.889134
  outer loop
   vertex    6.864  12.1116  2.97729
   vertex  5.81506  12.6537  3.00854
   vertex  6.09457  10.9939  2.28979
  endloop
 endfacet
 facet normal 0.395745 -0.224115 0.890595
  outer loop
   vertex -10.9934  7.39159  3.18282
   vertex -11.7916  7.40062  3.53979
   vertex -10.7051  6.58713  2.85229
  endloop
 endfacet
 facet normal 0.408639 -0.205723 0.889209
  outer loop
   vertex -11.7916  7.40062  3.53979
   vertex -12.3759  6.37496  3.57104
   vertex -10.7051  6.58713  2.85229
  endloop
 endfacet
 facet normal 0.424787 -0.169494 0.889285
  outer loop
   vertex -12.3759  6.37496  3.57104
   vertex -12.8694  5.30226  3.60229
   vertex -11.2235  5.65622  2.88354
  endloop
 endfacet
 facet normal 0.423829 -0.160863 0.891343
  outer loop
   vertex -12.8694  5.30226  3.60229
   vertex -11.6584  4.68337  2.91479
   vertex -11.2235  5.65622  2.88354
  endloop
 endfacet
 facet normal 0.449309 0.0887942 0.888953
  outer loop
   vertex -13.6519 -2.55983 -0.803963
   vertex  -12.466 -1.36492 -1.52271
   vertex  -13.821 -1.39146 -0.835213
  endloop
 endfacet
 facet normal 0.450776 0.0589163  0.89069
  outer loop
   vertex  -12.466 -1.36492 -1.52271
   vertex -12.5432 -0.302303 -1.55396
   vertex  -13.821 -1.39146 -0.835213
  endloop
 endfacet
 facet normal 0.455212 0.0192957 0.890174
  outer loop
   vertex -12.5432 -0.302303 -1.55396
   vertex -12.5272  0.76328 -1.58521
   vertex -13.8914 -0.212774 -0.866463
  endloop
 endfacet
 facet normal 0.459043 0.0125797 0.888325
  outer loop
   vertex -12.5272  0.76328 -1.58521
   vertex -13.8633 0.967776 -0.897713
   vertex -13.8914 -0.212774 -0.866463
  endloop
 endfacet
 facet normal -0.0813807 0.446025 -0.891313
  outer loop
   vertex  2.43585 -12.2439  3.41478
   vertex  3.47157 -11.9924  3.44603
   vertex   2.8253 -13.5467  2.72728
  endloop
 endfacet
 facet normal -0.107838 0.441142 -0.890935
  outer loop
   vertex  3.47157 -11.9924  3.44603
   vertex  4.15193 -12.4949  3.11492
   vertex  3.97044  -13.259  2.75853
  endloop
 endfacet
 facet normal -0.0883041 0.448114 -0.889605
  outer loop
   vertex   2.8253 -13.5467  2.72728
   vertex  3.47157 -11.9924  3.44603
   vertex  3.97044  -13.259  2.75853
  endloop
 endfacet
 facet normal -0.0506375 0.454229 -0.889444
  outer loop
   vertex   2.8253 -13.5467  2.72728
   vertex  1.65999 -13.7378  2.69603
   vertex  2.43585 -12.2439  3.41478
  endloop
 endfacet
 facet normal -0.0301054 -0.456564 -0.889181
  outer loop
   vertex -0.437385  13.9296  1.50854
   vertex 0.742985  13.9126  1.47729
   vertex -0.280651  12.5803  2.19604
  endloop
 endfacet
 facet normal -0.068339 -0.452431 -0.889177
  outer loop
   vertex 0.742985  13.9126  1.47729
   vertex  1.91802  13.7966  1.44604
   vertex 0.784497  12.5552  2.16479
  endloop
 endfacet
 facet normal -0.0747359 -0.447683 -0.891064
  outer loop
   vertex  1.91802  13.7966  1.44604
   vertex  1.84398  12.4405  2.13354
   vertex 0.784497  12.5552  2.16479
  endloop
 endfacet
 facet normal 0.122528 -0.437888 -0.890641
  outer loop
   vertex -3.54662  12.0765  4.60229
   vertex  -4.5545  11.7309  4.63354
   vertex -4.04865  13.3344  3.91479
  endloop
 endfacet
 facet normal 0.151594 -0.429724 -0.890144
  outer loop
   vertex  -4.5545  11.7309  4.63354
   vertex -5.29894  12.1527  4.30313
   vertex -5.16178  12.9408  3.94604
  endloop
 endfacet
 facet normal 0.130451 -0.439521 -0.888709
  outer loop
   vertex -4.04865  13.3344  3.91479
   vertex  -4.5545  11.7309  4.63354
   vertex -5.16178  12.9408  3.94604
  endloop
 endfacet
 facet normal 0.0927707 -0.448769 -0.88882
  outer loop
   vertex -4.04865  13.3344  3.91479
   vertex -2.90643  13.6324  3.88354
   vertex -3.54662  12.0765  4.60229
  endloop
 endfacet
 facet normal -0.413864 -0.198375 0.888462
  outer loop
   vertex  13.0143  4.86177 -1.89771
   vertex  12.5591  5.95137 -1.86646
   vertex  11.7109  4.50204 -2.58521
  endloop
 endfacet
 facet normal -0.394741 -0.231769  0.88908
  outer loop
   vertex  12.5591  5.95137 -1.86646
   vertex  12.0145  6.99887 -1.83521
   vertex  11.2876  5.47971 -2.55396
  endloop
 endfacet
 facet normal -0.385873 -0.237177 0.891543
  outer loop
   vertex  12.0145  6.99887 -1.83521
   vertex   10.783  6.41819 -2.52271
   vertex  11.2876  5.47971 -2.55396
  endloop
 endfacet
 facet normal -0.31862 0.323314 -0.891038
  outer loop
   vertex   8.9076 -8.76116  3.63354
   vertex  9.62235 -7.97066  3.66479
   vertex  9.95885 -9.61989  2.94604
  endloop
 endfacet
 facet normal -0.325223 0.321252 -0.889397
  outer loop
   vertex  9.62235 -7.97066  3.66479
   vertex  10.7444 -8.73815  2.97729
   vertex  9.95885 -9.61989  2.94604
  endloop
 endfacet
 facet normal -0.29761 0.347546 -0.889179
  outer loop
   vertex  9.95885 -9.61989  2.94604
   vertex  9.10263  -10.433  2.91478
   vertex   8.9076 -8.76116  3.63354
  endloop
 endfacet
 facet normal -0.315985 -0.327347 -0.890504
  outer loop
   vertex  9.39328  10.2671 -1.08521
   vertex  8.56513  9.19624 -0.397709
   vertex  7.75715  9.89116 -0.366459
  endloop
 endfacet
 facet normal -0.285749 -0.35286 -0.890976
  outer loop
   vertex  7.75715  9.89116 -0.366459
   vertex  6.89197  10.5129 -0.335209
   vertex  8.49326   11.031 -1.05396
  endloop
 endfacet
 facet normal -0.283504 -0.357965 -0.889655
  outer loop
   vertex  6.89197  10.5129 -0.335209
   vertex  7.53128  11.7152 -1.02271
   vertex  8.49326   11.031 -1.05396
  endloop
 endfacet
 facet normal -0.204999 0.407849 -0.889738
  outer loop
   vertex  6.38557 -11.5173  3.18282
   vertex  6.40028 -10.7312  3.53978
   vertex  7.20084 -11.8286  2.85228
  endloop
 endfacet
 facet normal -0.22622 0.393261 -0.891162
  outer loop
   vertex  6.40028 -10.7312  3.53978
   vertex  7.29189 -10.1475  3.57103
   vertex  7.20084 -11.8286  2.85228
  endloop
 endfacet
 facet normal -0.259789 0.372522 -0.890919
  outer loop
   vertex  7.29189 -10.1475  3.57103
   vertex  8.12923 -9.48877  3.60229
   vertex  8.18141 -11.1713  2.88353
  endloop
 endfacet
 facet normal -0.267563 0.371482 -0.889051
  outer loop
   vertex  8.12923 -9.48877  3.60229
   vertex  9.10263  -10.433  2.91478
   vertex  8.18141 -11.1713  2.88353
  endloop
 endfacet
 facet normal -0.109712 -0.439176 0.891677
  outer loop
   vertex  3.24851  12.1505 0.0710411
   vertex  4.26549   11.833 0.0397911
   vertex  3.72314  13.4278 0.758541
  endloop
 endfacet
 facet normal -0.0811326 -0.448849 0.889917
  outer loop
   vertex  3.72314  13.4278 0.758541
   vertex  2.57367  13.6975 0.789791
   vertex  3.24851  12.1505 0.0710411
  endloop
 endfacet
 facet normal 0.431329 0.141914 -0.890963
  outer loop
   vertex -11.8631 -4.02448  5.19604
   vertex -11.4724  -5.0159  5.22729
   vertex -13.0989 -4.58471  4.50854
  endloop
 endfacet
 facet normal 0.432245 0.147672 -0.889582
  outer loop
   vertex -11.4724  -5.0159  5.22729
   vertex -12.6601 -5.68089  4.53979
   vertex -13.0989 -4.58471  4.50854
  endloop
 endfacet
 facet normal 0.444076 0.111427 -0.889034
  outer loop
   vertex -13.0989 -4.58471  4.50854
   vertex -13.4448 -3.45561  4.47729
   vertex -11.8631 -4.02448  5.19604
  endloop
 endfacet
 facet normal -0.435991 0.132199 0.890188
  outer loop
   vertex  13.1853  -4.2793 0.164787
   vertex  11.9418 -3.75085 -0.522713
   vertex  11.5747 -4.75113 -0.553963
  endloop
 endfacet
 facet normal -0.422559 0.169032 0.890434
  outer loop
   vertex  11.5747 -4.75113 -0.553963
   vertex  11.1229 -5.71597 -0.585213
   vertex    12.77 -5.38475 0.133537
  endloop
 endfacet
 facet normal  -0.4231 0.174624 0.889097
  outer loop
   vertex  11.1229 -5.71597 -0.585213
   vertex   12.264 -6.45162 0.102287
   vertex    12.77 -5.38475 0.133537
  endloop
 endfacet
 facet normal  0.38867 0.238208 0.890052
  outer loop
   vertex -11.2248 -5.54217 0.914787
   vertex  -12.498 -6.03371  1.60229
   vertex -11.9339 -7.07076  1.63353
  endloop
 endfacet
 facet normal 0.368077 0.270616 0.889543
  outer loop
   vertex -11.9339 -7.07076  1.63353
   vertex -11.2845 -8.05684  1.66478
   vertex -10.7101 -6.47544 0.946037
  endloop
 endfacet
 facet normal 0.362896 0.273117 0.890906
  outer loop
   vertex -11.2845 -8.05684  1.66478
   vertex -10.1194 -7.36231 0.977283
   vertex -10.7101 -6.47544 0.946037
  endloop
 endfacet
 facet normal -0.436187 -0.13792 0.889224
  outer loop
   vertex  13.5659  2.96667  4.97729
   vertex  13.2683  4.10943  5.00854
   vertex  12.2188  2.79425  4.28979
  endloop
 endfacet
 facet normal -0.430248 -0.143735 0.891194
  outer loop
   vertex  13.2683  4.10943  5.00854
   vertex  11.9399  3.82287  4.32104
   vertex  12.2188  2.79425  4.28979
  endloop
 endfacet
 facet normal -0.441041 -0.107282 0.891052
  outer loop
   vertex  12.2188  2.79425  4.28979
   vertex  12.4107   1.7461  4.25854
   vertex  13.5659  2.96667  4.97729
  endloop
 endfacet
 facet normal 0.185238 -0.414569 -0.890966
  outer loop
   vertex -6.00624  12.5685 -0.647709
   vertex -5.31924  11.3979 0.0397911
   vertex -6.26551   10.908 0.0710411
  endloop
 endfacet
 facet normal 0.220079 -0.398196 -0.890508
  outer loop
   vertex -6.26551   10.908 0.0710411
   vertex -7.16684  10.3399 0.102291
   vertex -7.04819  12.0129 -0.616459
  endloop
 endfacet
 facet normal 0.228844 -0.39792 -0.88842
  outer loop
   vertex -7.16684  10.3399 0.102291
   vertex -8.04031  11.3726 -0.585209
   vertex -7.04819  12.0129 -0.616459
  endloop
 endfacet
 facet normal -0.226822 -0.39821 0.888808
  outer loop
   vertex  7.97034  11.4105 0.633541
   vertex  6.97559  12.0468 0.664791
   vertex  7.09949   10.372 -0.0539589
  endloop
 endfacet
 facet normal -0.220567 -0.398388 0.890302
  outer loop
   vertex  6.97559  12.0468 0.664791
   vertex  6.19856  10.9406 -0.0227089
   vertex  7.09949   10.372 -0.0539589
  endloop
 endfacet
 facet normal -0.253053 -0.377505  0.89076
  outer loop
   vertex  7.09949   10.372 -0.0539589
   vertex  7.94898  9.72882 -0.0852089
   vertex  7.97034  11.4105 0.633541
  endloop
 endfacet
 facet normal 0.192359 0.412376 0.890474
  outer loop
   vertex -7.05308 -11.9283 -0.491467
   vertex -6.01035 -12.4822 -0.460217
   vertex -6.26328 -10.8122 -1.17897
  endloop
 endfacet
 facet normal 0.185332 0.412023 0.892126
  outer loop
   vertex -6.01035 -12.4822 -0.460217
   vertex -5.31823 -11.3049 -1.14772
   vertex -6.26328 -10.8122 -1.17897
  endloop
 endfacet
 facet normal 0.218759 0.394837 0.892327
  outer loop
   vertex -6.26328 -10.8122 -1.17897
   vertex -7.16402 -10.2425 -1.21022
   vertex -7.05308 -11.9283 -0.491467
  endloop
 endfacet
 facet normal 0.341107 -0.28943 0.894358
  outer loop
   vertex -9.43981  8.29946  2.78979
   vertex -8.70381   9.0703  2.75854
   vertex -9.45653  9.28444  3.11492
  endloop
 endfacet
 facet normal 0.349429  -0.3064 0.885448
  outer loop
   vertex -9.45653  9.28444  3.11492
   vertex   -9.551  10.1336  3.44604
   vertex -10.3733  9.28607  3.47729
  endloop
 endfacet
 facet normal 0.368072 -0.271423 0.889299
  outer loop
   vertex -10.3733  9.28607  3.47729
   vertex -11.1221  8.37304  3.50854
   vertex -9.43981  8.29946  2.78979
  endloop
 endfacet
 facet normal  0.39376 -0.242594 0.886624
  outer loop
   vertex -11.1221  8.37304  3.50854
   vertex -11.7916  7.40062  3.53979
   vertex -10.9934  7.39159  3.18282
  endloop
 endfacet
 facet normal 0.385785 -0.228969 0.893724
  outer loop
   vertex -10.9934  7.39159  3.18282
   vertex -10.7051  6.58713  2.85229
   vertex -10.1087  7.46997  2.82104
  endloop
 endfacet
 facet normal 0.385518 -0.244685 0.889666
  outer loop
   vertex -11.1221  8.37304  3.50854
   vertex -10.9934  7.39159  3.18282
   vertex -10.1087  7.46997  2.82104
  endloop
 endfacet
 facet normal 0.369141 -0.264118 0.891054
  outer loop
   vertex -9.43981  8.29946  2.78979
   vertex -11.1221  8.37304  3.50854
   vertex -10.1087  7.46997  2.82104
  endloop
 endfacet
 facet normal -0.98356 -0.179384 -0.0207869
  outer loop
   vertex   12.371  1.99611  3.97729
   vertex  12.4107   1.7461  4.25854
   vertex  12.2188  2.79425  4.28979
  endloop
 endfacet
 facet normal 0.0686139 0.450894 -0.889936
  outer loop
   vertex -0.861389 -12.4575  1.00853
   vertex -0.826362 -13.8198 0.321033
   vertex -2.00102 -13.7027 0.289783
  endloop
 endfacet
 facet normal -0.419932 -0.16706 -0.892047
  outer loop
   vertex  11.5702  4.84209 -0.553963
   vertex  11.1196  5.80789 -0.522713
   vertex  12.7768   5.4802 -1.24146
  endloop
 endfacet
 facet normal -0.420726 -0.175414 -0.890067
  outer loop
   vertex  11.1196  5.80789 -0.522713
   vertex  12.2668   6.5448 -1.21021
   vertex  12.7768   5.4802 -1.24146
  endloop
 endfacet
 facet normal -0.434128 -0.138213 -0.890185
  outer loop
   vertex  12.7768   5.4802 -1.24146
   vertex  13.1927  4.37512 -1.27271
   vertex  11.5702  4.84209 -0.553963
  endloop
 endfacet
 facet normal 0.384869 -0.237872 -0.891792
  outer loop
   vertex -10.7696  6.46829 0.258537
   vertex -11.2766   5.5308 0.289787
   vertex -12.0001  7.05477 -0.428959
  endloop
 endfacet
 facet normal 0.392757 -0.233099 -0.88961
  outer loop
   vertex -11.2766   5.5308 0.289787
   vertex -12.5496  6.00978 -0.397713
   vertex -12.0001  7.05477 -0.428959
  endloop
 endfacet
 facet normal 0.370884 -0.265144 -0.890025
  outer loop
   vertex -12.0001  7.05477 -0.428959
   vertex -11.3642  8.04926 -0.460209
   vertex -10.7696  6.46829 0.258537
  endloop
 endfacet
 facet normal 0.116457 0.437318 -0.891735
  outer loop
   vertex -3.07871 -12.1068 -1.36647
   vertex  -2.0349  -12.321 -1.33522
   vertex -3.28644 -13.4534 -2.05397
  endloop
 endfacet
 facet normal 0.111919 0.441419 -0.890294
  outer loop
   vertex  -2.0349  -12.321 -1.33522
   vertex -2.12845 -13.6839 -2.02272
   vertex -3.28644 -13.4534 -2.05397
  endloop
 endfacet
 facet normal 0.149959 0.431131 -0.889741
  outer loop
   vertex -3.28644 -13.4534 -2.05397
   vertex  -4.4199 -13.1236 -2.08522
   vertex -3.07871 -12.1068 -1.36647
  endloop
 endfacet
 facet normal -0.445207 -0.0999774 -0.889829
  outer loop
   vertex  13.1927  4.37512 -1.27271
   vertex  13.5105  3.23817 -1.30396
   vertex  11.9383  3.84214 -0.585213
  endloop
 endfacet
 facet normal -0.453477 -0.0617294 -0.889128
  outer loop
   vertex  13.5105  3.23817 -1.30396
   vertex  13.7296   2.0782 -1.33521
   vertex  12.2201  2.81472 -0.616463
  endloop
 endfacet
 facet normal -0.451418 -0.0561268 -0.890545
  outer loop
   vertex  13.7296   2.0782 -1.33521
   vertex  12.4121  1.76652 -0.647713
   vertex  12.2201  2.81472 -0.616463
  endloop
 endfacet
 facet normal 0.359507 0.274982 -0.891706
  outer loop
   vertex -9.82595 -7.74782  5.32104
   vertex -9.13088  -8.5552  5.35229
   vertex   -10.81 -8.69069  4.63354
  endloop
 endfacet
 facet normal  0.35761 0.285307 -0.889221
  outer loop
   vertex -9.13088  -8.5552  5.35229
   vertex -10.0273 -9.57435  4.66479
   vertex   -10.81 -8.69069  4.63354
  endloop
 endfacet
 facet normal 0.379978 0.252314 -0.889918
  outer loop
   vertex   -10.81 -8.69069  4.63354
   vertex -11.5131 -7.74207  4.60229
   vertex -9.82595 -7.74782  5.32104
  endloop
 endfacet
 facet normal -0.15185  0.42984 0.890044
  outer loop
   vertex  3.33109 -13.4373  2.10228
   vertex  4.46298 -13.1022  2.13353
   vertex  3.11553 -12.0899  1.41478
  endloop
 endfacet
 facet normal -0.156628 0.424658 0.891703
  outer loop
   vertex  4.46298 -13.1022  2.13353
   vertex  4.13509 -11.7795  1.44603
   vertex  3.11553 -12.0899  1.41478
  endloop
 endfacet
 facet normal -0.120506 0.435817 0.891931
  outer loop
   vertex  3.11553 -12.0899  1.41478
   vertex  2.07379  -12.314  1.38353
   vertex  3.33109 -13.4373  2.10228
  endloop
 endfacet
 facet normal 0.220463 0.400582 0.889343
  outer loop
   vertex -7.83305 -11.4339  4.10228
   vertex -6.82935 -12.0557  4.13353
   vertex -6.97536 -10.3796  3.41478
  endloop
 endfacet
 facet normal 0.212308 0.400699 0.891272
  outer loop
   vertex -6.82935 -12.0557  4.13353
   vertex -6.06417 -10.9319  3.44603
   vertex -6.97536 -10.3796  3.41478
  endloop
 endfacet
 facet normal 0.246592 0.380579 0.891264
  outer loop
   vertex -6.97536 -10.3796  3.41478
   vertex  -7.8348 -9.74959  3.38354
   vertex -7.83305 -11.4339  4.10228
  endloop
 endfacet
 facet normal -0.410151 0.194085 0.891127
  outer loop
   vertex  10.7142 -6.44353  4.00854
   vertex  12.3809 -6.22164  4.72729
   vertex  11.2248 -5.50815  4.03979
  endloop
 endfacet
 facet normal -0.425652  0.16721 0.889304
  outer loop
   vertex  12.3809 -6.22164  4.72729
   vertex  12.8686  -5.1462  4.75854
   vertex  11.2248 -5.50815  4.03979
  endloop
 endfacet
 facet normal 0.525493 0.850594 -0.0186067
  outer loop
   vertex -6.85757 -10.4483 0.821033
   vertex  -7.0701 -10.3109  1.10228
   vertex  -6.1634 -10.8703  1.13353
  endloop
 endfacet
 facet normal 0.294511 -0.349825 -0.889317
  outer loop
   vertex -8.88871  8.89868  2.47729
   vertex   -9.937  9.76388  1.78979
   vertex  -9.0743  10.5696  1.75854
  endloop
 endfacet
 facet normal -0.109991 -0.444957 -0.888772
  outer loop
   vertex  1.95926  12.4268 -0.178959
   vertex  2.04564  13.7787 -0.866459
   vertex  3.20505  13.5545 -0.897709
  endloop
 endfacet
 facet normal -0.334374 -0.305273 0.891629
  outer loop
   vertex  9.39915  8.33062  2.16479
   vertex  10.0708  7.50366  2.13354
   vertex   10.501  9.13176  2.85229
  endloop
 endfacet
 facet normal -0.342784 -0.302115 0.889509
  outer loop
   vertex  10.0708  7.50366  2.13354
   vertex   11.235   8.2069  2.82104
   vertex   10.501  9.13176  2.85229
  endloop
 endfacet
 facet normal -0.314949 -0.330377 0.889752
  outer loop
   vertex   10.501  9.13176  2.85229
   vertex  9.68975  9.98928  2.88354
   vertex  9.39915  8.33062  2.16479
  endloop
 endfacet
 facet normal 0.289474 -0.355857 -0.888578
  outer loop
   vertex -8.71976  9.05988 -2.14771
   vertex -9.36108  9.38443 -2.48661
   vertex  -8.5317  10.3833 -2.61646
  endloop
 endfacet
 facet normal 0.256363 -0.379879 -0.888803
  outer loop
   vertex  -8.5317  10.3833 -2.61646
   vertex -7.48656  10.9437 -2.55451
   vertex -7.92487  9.76924 -2.17896
  endloop
 endfacet
 facet normal 0.250553 -0.378436 -0.891072
  outer loop
   vertex -7.48656  10.9437 -2.55451
   vertex -7.07177  10.4076 -2.21021
   vertex -7.92487  9.76924 -2.17896
  endloop
 endfacet
 facet normal -0.342273 0.303246 0.889321
  outer loop
   vertex  10.3187  -9.2466  2.32104
   vertex  8.64928 -9.02302  1.60228
   vertex  9.49132 -10.0888  2.28978
  endloop
 endfacet
 facet normal -0.318424 0.323255  0.89113
  outer loop
   vertex  8.64928 -9.02302  1.60228
   vertex  7.84827 -9.72591  1.57103
   vertex  9.49132 -10.0888  2.28978
  endloop
 endfacet
 facet normal -0.289437 0.350555 0.890695
  outer loop
   vertex  7.84827 -9.72591  1.57103
   vertex  6.98906 -10.3559  1.53978
   vertex  8.59459 -10.8565  2.25853
  endloop
 endfacet
 facet normal -0.286285  0.35792 0.888783
  outer loop
   vertex  6.98906 -10.3559  1.53978
   vertex  7.63595 -11.5457  2.22728
   vertex  8.59459 -10.8565  2.25853
  endloop
 endfacet
 facet normal 0.987718 -0.156231 -0.00242359
  outer loop
   vertex -12.3393  2.28159  5.00854
   vertex -12.2992   2.5308  5.28979
   vertex -12.4656  1.47794  5.32104
  endloop
 endfacet
 facet normal -0.310647 0.293011 -0.904236
  outer loop
   vertex  9.88515 -9.34638  5.38354
   vertex  10.9516 -8.21571  5.38354
   vertex   10.826 -8.63824  5.28979
  endloop
 endfacet
 facet normal -0.328848 0.319238 -0.888789
  outer loop
   vertex   10.826 -8.63824  5.28979
   vertex   10.048 -9.52661  5.25854
   vertex  9.88515 -9.34638  5.38354
  endloop
 endfacet
 facet normal -0.300611 0.345012 -0.889157
  outer loop
   vertex   10.048 -9.52661  5.25854
   vertex  9.19878 -10.3471  5.22728
   vertex  9.88515 -9.34638  5.38354
  endloop
 endfacet
 facet normal -0.102002 -0.445458 -0.889473
  outer loop
   vertex  1.72958  12.4568  4.44604
   vertex   1.7904  13.8156  3.75854
   vertex  2.95349  13.6117  3.72729
  endloop
 endfacet
 facet normal -0.13894 -0.436151 -0.889083
  outer loop
   vertex  2.95349  13.6117  3.72729
   vertex  4.09559  13.3116  3.69604
   vertex  2.77808  12.2661  4.41479
  endloop
 endfacet
 facet normal -0.14364 -0.43133 -0.890686
  outer loop
   vertex  4.09559  13.3116  3.69604
   vertex  3.80663  11.9881  4.38354
   vertex  2.77808  12.2661  4.41479
  endloop
 endfacet
 facet normal -0.0921019 0.448207 -0.889173
  outer loop
   vertex  3.01841 -12.8179 -1.53606
   vertex  3.24912 -12.0621 -1.17897
   vertex  3.72231 -13.3288 -1.86647
  endloop
 endfacet
 facet normal -0.111977 0.441394 -0.890299
  outer loop
   vertex  3.24912 -12.0621 -1.17897
   vertex  4.26537 -11.7413 -1.14772
   vertex  3.72231 -13.3288 -1.86647
  endloop
 endfacet
 facet normal -0.149541 0.429147 -0.89077
  outer loop
   vertex  4.26537 -11.7413 -1.14772
   vertex   5.2496 -11.3334 -1.11647
   vertex  4.84584  -12.966 -1.83522
  endloop
 endfacet
 facet normal -0.154716 0.429881 -0.889531
  outer loop
   vertex   5.2496 -11.3334 -1.11647
   vertex  5.93446 -12.5096 -1.80397
   vertex  4.84584  -12.966 -1.83522
  endloop
 endfacet
 facet normal -0.0323633 0.999352 -0.0157605
  outer loop
   vertex 0.0885015  -12.485 -1.27272
   vertex -0.164432 -12.4887 -0.991467
   vertex 0.900467 -12.4537 -0.960217
  endloop
 endfacet
 facet normal 0.156239 0.427988 0.890177
  outer loop
   vertex -6.01035 -12.4822 -0.460217
   vertex  -4.9239 -12.9438 -0.428967
   vertex -5.31823 -11.3049 -1.14772
  endloop
 endfacet
 facet normal 0.119832 0.441004  0.88947
  outer loop
   vertex  -4.9239 -12.9438 -0.428967
   vertex -3.80205 -13.3117 -0.397717
   vertex -4.33551 -11.7171 -1.11647
  endloop
 endfacet
 facet normal 0.114781 0.439867 0.890697
  outer loop
   vertex -3.80205 -13.3117 -0.397717
   vertex -3.32178 -12.0449 -1.08522
   vertex -4.33551 -11.7171 -1.11647
  endloop
 endfacet
 facet normal -0.443379 0.111779 0.889337
  outer loop
   vertex  12.4559 -3.40336 -2.61646
   vertex  12.2661 -4.15603 -2.61646
   vertex  13.1444  -4.4016 -2.14771
  endloop
 endfacet
 facet normal -0.448906 0.106943 0.887156
  outer loop
   vertex  13.1444  -4.4016 -2.14771
   vertex  13.4762 -3.26832 -2.11646
   vertex  12.4559 -3.40336 -2.61646
  endloop
 endfacet
 facet normal -0.45636 0.0689643 0.887119
  outer loop
   vertex  13.4762 -3.26832 -2.11646
   vertex  13.7117 -2.11145 -2.08521
   vertex  12.5991 -2.64042 -2.61646
  endloop
 endfacet
 facet normal -0.451819 0.0561771 0.890339
  outer loop
   vertex  13.7117 -2.11145 -2.08521
   vertex  12.6949 -1.86986 -2.61646
   vertex  12.5991 -2.64042 -2.61646
  endloop
 endfacet
 facet normal -0.373689 0.262075 -0.88976
  outer loop
   vertex  12.0805 -6.79385  3.03979
   vertex  11.4535 -7.79406  3.00854
   vertex  10.8424 -6.22515  3.72729
  endloop
 endfacet
 facet normal -0.350535 0.292741 -0.889622
  outer loop
   vertex  11.4535 -7.79406  3.00854
   vertex  10.7444 -8.73815  2.97729
   vertex  10.2688 -7.12331  3.69604
  endloop
 endfacet
 facet normal -0.344069  0.29538 -0.891273
  outer loop
   vertex  10.7444 -8.73815  2.97729
   vertex  9.62235 -7.97066  3.66479
   vertex  10.2688 -7.12331  3.69604
  endloop
 endfacet
 facet normal -0.0168317 0.460168 -0.887672
  outer loop
   vertex  1.78805 -13.7215  5.00853
   vertex 0.611699 -13.8248  4.97728
   vertex  1.50606 -13.0085  5.38353
  endloop
 endfacet
 facet normal 0.0216112 0.461005 -0.887134
  outer loop
   vertex 0.611699 -13.8248  4.97728
   vertex -0.569023 -13.8296  4.94603
   vertex -0.0458903 -13.0122  5.38353
  endloop
 endfacet
 facet normal -0.00108864 0.446467 -0.894799
  outer loop
   vertex  1.50606 -13.0085  5.38353
   vertex 0.611699 -13.8248  4.97728
   vertex -0.0458903 -13.0122  5.38353
  endloop
 endfacet
 facet normal 0.230862  0.39189 -0.890576
  outer loop
   vertex -6.47221 -11.4805  2.80938
   vertex -5.83884  -11.046  3.16478
   vertex -6.35574 -12.3038  2.47728
  endloop
 endfacet
 facet normal 0.217513 0.397784 -0.891323
  outer loop
   vertex -5.83884  -11.046  3.16478
   vertex -4.87583 -11.5025  3.19603
   vertex -6.35574 -12.3038  2.47728
  endloop
 endfacet
 facet normal 0.183372 0.414383 -0.891438
  outer loop
   vertex -4.87583 -11.5025  3.19603
   vertex -3.87819 -11.8768  3.22728
   vertex -5.28466 -12.8006  2.50853
  endloop
 endfacet
 facet normal 0.178422 0.420477 -0.889587
  outer loop
   vertex -3.87819 -11.8768  3.22728
   vertex -4.17564 -13.2051  2.53978
   vertex -5.28466 -12.8006  2.50853
  endloop
 endfacet
 facet normal 0.438153 0.137318 -0.88835
  outer loop
   vertex -12.8126 -5.32534 -2.39771
   vertex  -13.223 -4.21805 -2.42896
   vertex -11.6153 -4.69824 -1.71021
  endloop
 endfacet
 facet normal 0.447228 0.100029 -0.888809
  outer loop
   vertex  -13.223 -4.21805 -2.42896
   vertex -13.5395 -3.08051 -2.46021
   vertex -11.9737 -3.69496 -1.74146
  endloop
 endfacet
 facet normal 0.444472 0.0901576 -0.891244
  outer loop
   vertex -13.5395 -3.08051 -2.46021
   vertex -12.2453 -2.66471 -1.77271
   vertex -11.9737 -3.69496 -1.74146
  endloop
 endfacet
 facet normal -0.424297 0.165408 -0.890288
  outer loop
   vertex  12.9769  -4.8922 -1.52271
   vertex  12.0083  -3.5082 -0.803963
   vertex  13.3482 -3.77142 -1.49146
  endloop
 endfacet
 facet normal -0.431313 0.134484 -0.892123
  outer loop
   vertex  12.0083  -3.5082 -0.803963
   vertex  12.2661 -2.47406 -0.772713
   vertex  13.3482 -3.77142 -1.49146
  endloop
 endfacet
 facet normal -0.441621 0.0982215 -0.891809
  outer loop
   vertex  12.2661 -2.47406 -0.772713
   vertex   12.437 -1.42207 -0.741463
   vertex  13.6213 -2.62299 -1.46021
  endloop
 endfacet
 facet normal -0.447753 0.0908123 -0.889534
  outer loop
   vertex   12.437 -1.42207 -0.741463
   vertex   13.796 -1.45537 -1.42896
   vertex  13.6213 -2.62299 -1.46021
  endloop
 endfacet
 facet normal 0.417009 0.176892 -0.891523
  outer loop
   vertex -12.6601 -5.68089  4.53979
   vertex -11.4724  -5.0159  5.22729
   vertex -11.0002 -5.97143  5.25854
  endloop
 endfacet
 facet normal 0.400082 0.210503 -0.891977
  outer loop
   vertex -11.0002 -5.97143  5.25854
   vertex -10.4503 -6.88431  5.28979
   vertex -12.1307 -6.73604  4.57104
  endloop
 endfacet
 facet normal 0.399992 0.217902 -0.890239
  outer loop
   vertex -10.4503 -6.88431  5.28979
   vertex -11.5131 -7.74207  4.60229
   vertex -12.1307 -6.73604  4.57104
  endloop
 endfacet
 facet normal -0.454974 -0.00588371 -0.890485
  outer loop
   vertex  13.1913  0.61236   3.5902
   vertex  12.4907 0.937077  3.94604
   vertex  13.8334  1.16095  3.25854
  endloop
 endfacet
 facet normal -0.452341 -0.0247952  -0.8915
  outer loop
   vertex  12.4907 0.937077  3.94604
   vertex   12.371  1.99611  3.97729
   vertex  13.8334  1.16095  3.25854
  endloop
 endfacet
 facet normal -0.448283 -0.0624506 -0.891708
  outer loop
   vertex   12.371  1.99611  3.97729
   vertex  12.1633  3.04121  4.00854
   vertex  13.6916  2.33296  3.28979
  endloop
 endfacet
 facet normal -0.45089 -0.0699808 -0.889832
  outer loop
   vertex  12.1633  3.04121  4.00854
   vertex  13.4506  3.48855  3.32104
   vertex  13.6916  2.33296  3.28979
  endloop
 endfacet
 facet normal 0.284706 -0.355614 0.890214
  outer loop
   vertex -7.60221  11.6794  1.07104
   vertex -8.56064  10.9903  1.10229
   vertex -6.95458  10.4768 0.383541
  endloop
 endfacet
 facet normal 0.287246 -0.349769 0.891713
  outer loop
   vertex -8.56064  10.9903  1.10229
   vertex -7.81594  9.84912 0.414791
   vertex -6.95458  10.4768 0.383541
  endloop
 endfacet
 facet normal  0.25672 -0.371776  0.89212
  outer loop
   vertex -6.95458  10.4768 0.383541
   vertex -6.04402  11.0306 0.352291
   vertex -7.60221  11.6794  1.07104
  endloop
 endfacet
 facet normal 0.162584 -0.427139 -0.889448
  outer loop
   vertex -5.04246  12.9897  1.63354
   vertex -5.42332  11.3481  2.35229
   vertex -6.12287  12.5134  1.66479
  endloop
 endfacet
 facet normal 0.189843 -0.411845 -0.89126
  outer loop
   vertex -5.42332  11.3481  2.35229
   vertex -6.36393  10.8469  2.38354
   vertex -6.12287  12.5134  1.66479
  endloop
 endfacet
 facet normal 0.342435 0.301273 0.889929
  outer loop
   vertex -10.6369 -8.88597 -0.616467
   vertex -9.53382 -8.10899 -1.30397
   vertex -10.1908 -7.26999 -1.33522
  endloop
 endfacet
 facet normal 0.366622 0.270247 0.890255
  outer loop
   vertex -10.1908 -7.26999 -1.33522
   vertex -10.7727  -6.3776 -1.36646
   vertex -11.3582 -7.95101 -0.647717
  endloop
 endfacet
 facet normal 0.371342 0.267918 0.889002
  outer loop
   vertex -10.7727  -6.3776 -1.36646
   vertex -11.9989 -6.95931 -0.678967
   vertex -11.3582 -7.95101 -0.647717
  endloop
 endfacet
 facet normal -0.314594 -0.325061 0.891833
  outer loop
   vertex  8.82603  8.93716 -2.42896
   vertex  9.54766  8.15304 -2.46021
   vertex  9.87384  9.80931 -1.74146
  endloop
 endfacet
 facet normal -0.320423 -0.323291   0.8904
  outer loop
   vertex  9.54766  8.15304 -2.46021
   vertex  10.6682  8.93589 -1.77271
   vertex  9.87384  9.80931 -1.74146
  endloop
 endfacet
 facet normal -0.292125 -0.350487 0.889844
  outer loop
   vertex  9.87384  9.80931 -1.74146
   vertex  9.00728  10.6109 -1.71021
   vertex  8.82603  8.93716 -2.42896
  endloop
 endfacet
 facet normal -0.0259947 -0.45315 0.891055
  outer loop
   vertex  1.97961  12.4272  4.72729
   vertex  1.93203  13.7204  5.38354
   vertex 0.921162  12.5494  4.75854
  endloop
 endfacet
 facet normal 0.0119016 -0.478817 0.877834
  outer loop
   vertex  1.93203  13.7204  5.38354
   vertex -1.17325  13.6432  5.38354
   vertex -0.143795  12.5803  4.78979
  endloop
 endfacet
 facet normal -0.124908 0.436161 0.891157
  outer loop
   vertex  3.22892 -12.0641  3.72728
   vertex  2.18953 -12.2979  3.69603
   vertex  3.45533  -13.404  4.41478
  endloop
 endfacet
 facet normal -0.11911 0.441578 0.889282
  outer loop
   vertex  2.18953 -12.2979  3.69603
   vertex  2.30131 -13.6523  4.38353
   vertex  3.45533  -13.404  4.41478
  endloop
 endfacet
 facet normal -0.156212 0.429898 0.889261
  outer loop
   vertex  3.45533  -13.404  4.41478
   vertex   4.5842 -13.0584  4.44603
   vertex  3.22892 -12.0641  3.72728
  endloop
 endfacet
 facet normal -0.0401838 -0.453209 -0.890498
  outer loop
   vertex 0.901265  12.5519 -0.147709
   vertex -0.163883   12.585 -0.116459
   vertex 0.871682  13.9054 -0.835209
  endloop
 endfacet
 facet normal -0.0342631 -0.456946 -0.888834
  outer loop
   vertex -0.163883   12.585 -0.116459
   vertex -0.30854  13.9331 -0.803959
   vertex 0.871682  13.9054 -0.835209
  endloop
 endfacet
 facet normal -0.0725519 -0.452943 -0.888583
  outer loop
   vertex 0.871682  13.9054 -0.835209
   vertex  2.04564  13.7787 -0.866459
   vertex 0.901265  12.5519 -0.147709
  endloop
 endfacet
 facet normal 0.456759 -0.0174921 0.889419
  outer loop
   vertex -13.7719  1.88632  3.69604
   vertex -13.8778 0.710201  3.72729
   vertex -12.4444  1.59272  3.00854
  endloop
 endfacet
 facet normal 0.453514 -0.0107848 0.891184
  outer loop
   vertex -13.8778 0.710201  3.72729
   vertex -12.5311 0.530438  3.03979
   vertex -12.4444  1.59272  3.00854
  endloop
 endfacet
 facet normal 0.450867 -0.0484761 0.891274
  outer loop
   vertex -12.4444  1.59272  3.00854
   vertex -12.2696  2.64402  2.97729
   vertex -13.7719  1.88632  3.69604
  endloop
 endfacet
 facet normal 0.442457 0.100273 -0.891166
  outer loop
   vertex -12.1928 -2.88992  2.85229
   vertex -11.8978 -3.91401  2.88354
   vertex -13.4776 -3.33078  2.16479
  endloop
 endfacet
 facet normal 0.444327 0.107532 -0.889388
  outer loop
   vertex -11.8978 -3.91401  2.88354
   vertex -13.1412 -4.46269  2.19604
   vertex -13.4776 -3.33078  2.16479
  endloop
 endfacet
 facet normal 0.451854 0.0700341 -0.889338
  outer loop
   vertex -13.4776 -3.33078  2.16479
   vertex -13.7183 -2.17488  2.13354
   vertex -12.1928 -2.88992  2.85229
  endloop
 endfacet
 facet normal -0.43729 0.134948 0.889138
  outer loop
   vertex  11.6145 -4.64145  1.75854
   vertex  12.8197  -5.2657  2.44604
   vertex  13.2255 -4.15673  2.47729
  endloop
 endfacet
 facet normal -0.44748 0.0980515 0.888903
  outer loop
   vertex  13.2255 -4.15673  2.47729
   vertex  13.5371 -3.01791  2.50854
   vertex  11.9734 -3.63825  1.78979
  endloop
 endfacet
 facet normal -0.445397 0.0906839 0.890729
  outer loop
   vertex  13.5371 -3.01791  2.50854
   vertex  12.2456 -2.60824  1.82104
   vertex  11.9734 -3.63825  1.78979
  endloop
 endfacet
 facet normal -0.152976 -0.426471 -0.891471
  outer loop
   vertex  4.02519  11.9109 -0.241459
   vertex  3.00295  12.2122 -0.210209
   vertex  4.34163  13.2345 -0.928959
  endloop
 endfacet
 facet normal -0.146484 -0.43339 -0.889222
  outer loop
   vertex  3.00295  12.2122 -0.210209
   vertex  3.20505  13.5545 -0.897709
   vertex  4.34163  13.2345 -0.928959
  endloop
 endfacet
 facet normal -0.182047 -0.418616 -0.88973
  outer loop
   vertex  4.34163  13.2345 -0.928959
   vertex  5.44707  12.8201 -0.960209
   vertex  4.02519  11.9109 -0.241459
  endloop
 endfacet
 facet normal 0.187489 0.414175 -0.890678
  outer loop
   vertex -4.98469  -11.461 0.883533
   vertex -3.99042 -11.8439 0.914783
   vertex -5.40316   -12.75 0.196033
  endloop
 endfacet
 facet normal 0.182765 0.420113 -0.888877
  outer loop
   vertex -3.99042 -11.8439 0.914783
   vertex -4.29786 -13.1647 0.227283
   vertex -5.40316   -12.75 0.196033
  endloop
 endfacet
 facet normal 0.217483  0.40343 -0.888789
  outer loop
   vertex -5.40316   -12.75 0.196033
   vertex -6.46991 -12.2438 0.164783
   vertex -4.98469  -11.461 0.883533
  endloop
 endfacet
 facet normal 0.0932273 0.446199 -0.890065
  outer loop
   vertex -2.34546 -12.6746  5.38353
   vertex -1.58621 -12.8333  5.38353
   vertex -1.74572  -13.735  4.91478
  endloop
 endfacet
 facet normal 0.0989473 0.448622 -0.888227
  outer loop
   vertex -1.74572  -13.735  4.91478
   vertex    -2.91 -13.5401  4.88353
   vertex -2.34546 -12.6746  5.38353
  endloop
 endfacet
 facet normal 0.137743 0.438514 -0.888106
  outer loop
   vertex    -2.91 -13.5401  4.88353
   vertex -4.05312 -13.2443  4.85228
   vertex -3.09388 -12.4697  5.38353
  endloop
 endfacet
 facet normal 0.146438 0.429733 -0.891002
  outer loop
   vertex -4.05312 -13.2443  4.85228
   vertex -3.82843 -12.2194  5.38353
   vertex -3.09388 -12.4697  5.38353
  endloop
 endfacet
 facet normal -0.437862  0.13105  0.88944
  outer loop
   vertex  11.6555 -4.53327  4.07104
   vertex  12.8686  -5.1462  4.75854
   vertex   13.265 -4.03393  4.78979
  endloop
 endfacet
 facet normal -0.447099 0.093752 0.889558
  outer loop
   vertex   13.265 -4.03393  4.78979
   vertex  13.5665 -2.89254  4.82104
   vertex  12.0036 -3.52596  4.10229
  endloop
 endfacet
 facet normal -0.444883 0.0861517 0.891436
  outer loop
   vertex  13.5665 -2.89254  4.82104
   vertex  12.2663 -2.49326  4.13354
   vertex  12.0036 -3.52596  4.10229
  endloop
 endfacet
 facet normal 0.421573 -0.163498 0.891933
  outer loop
   vertex -11.6104  4.78986 0.602287
   vertex -11.1683  5.75926 0.571037
   vertex -12.8201  5.42127  1.28979
  endloop
 endfacet
 facet normal 0.422607 -0.173699 0.889512
  outer loop
   vertex -11.1683  5.75926 0.571037
   vertex -12.3156  6.48858  1.25854
   vertex -12.8201  5.42127  1.28979
  endloop
 endfacet
 facet normal 0.435058 -0.135688  0.89012
  outer loop
   vertex -12.8201  5.42127  1.28979
   vertex -13.2294  4.31378  1.32104
   vertex -11.6104  4.78986 0.602287
  endloop
 endfacet
 facet normal -0.403636 0.212449 0.889912
  outer loop
   vertex  11.6009 -7.58044 -2.24146
   vertex  12.2039  -6.5656 -2.21021
   vertex  11.0705 -7.01722 -2.61646
  endloop
 endfacet
 facet normal -0.423724 0.179499 0.887828
  outer loop
   vertex  12.2039  -6.5656 -2.21021
   vertex  12.7194 -5.50334 -2.17896
   vertex  11.7528 -5.62117 -2.61646
  endloop
 endfacet
 facet normal -0.403725 0.212354 0.889894
  outer loop
   vertex  11.6009 -7.58044 -2.24146
   vertex  11.0705 -7.01722 -2.61646
   vertex  11.0063 -7.25664 -2.58846
  endloop
 endfacet
 facet normal -0.423467 0.169997 0.889818
  outer loop
   vertex  12.7194 -5.50334 -2.17896
   vertex    12.16 -5.10865 -2.52057
   vertex  11.7528 -5.62117 -2.61646
  endloop
 endfacet
 facet normal -0.393401 -0.235746 0.888628
  outer loop
   vertex    11.24   5.5865 -0.241463
   vertex  12.5044  6.06805 0.446037
   vertex  11.9503  7.11051 0.477287
  endloop
 endfacet
 facet normal -0.370708 -0.267575  0.88937
  outer loop
   vertex  11.9503  7.11051 0.477287
   vertex  11.3096  8.10198 0.508541
   vertex  10.7269  6.52022 -0.210213
  endloop
 endfacet
 facet normal -0.361225 -0.272202 0.891865
  outer loop
   vertex  11.3096  8.10198 0.508541
   vertex   10.136   7.4068 -0.178959
   vertex  10.7269  6.52022 -0.210213
  endloop
 endfacet
 facet normal -0.196969 -0.414778 0.888348
  outer loop
   vertex   7.0868  11.9816 -1.64771
   vertex  6.04743  12.5421 -1.61646
   vertex   6.2999  10.8828 -2.33521
  endloop
 endfacet
 facet normal -0.161182 -0.428853 0.888879
  outer loop
   vertex  6.04743  12.5421 -1.61646
   vertex  4.96502  13.0137 -1.58521
   vertex  5.35605  11.3769 -2.30396
  endloop
 endfacet
 facet normal 0.392191 -0.230738 -0.890475
  outer loop
   vertex -10.8931  6.27115  4.88354
   vertex -11.3797  5.32342  4.91479
   vertex -12.1255   6.8296  4.19604
  endloop
 endfacet
 facet normal 0.398192 -0.226959 -0.888782
  outer loop
   vertex -11.3797  5.32342  4.91479
   vertex -12.6568  5.77505  4.22729
   vertex -12.1255   6.8296  4.19604
  endloop
 endfacet
 facet normal 0.378053 -0.259659 -0.888624
  outer loop
   vertex -12.1255   6.8296  4.19604
   vertex -11.5079  7.83579  4.16479
   vertex -10.8931  6.27115  4.88354
  endloop
 endfacet
 facet normal -0.451028 0.0515604 0.891019
  outer loop
   vertex  13.7514 -1.85705  2.53979
   vertex  12.4274 -1.55818  1.85229
   vertex  12.2456 -2.60824  1.82104
  endloop
 endfacet
 facet normal -0.0397968 -0.450272 0.892004
  outer loop
   vertex  1.26719  12.5142 -2.17896
   vertex  2.32157  12.3591 -2.21021
   vertex  1.53321  13.8527 -1.49146
  endloop
 endfacet
 facet normal -0.0458604 -0.452732 0.890466
  outer loop
   vertex  2.32157  12.3591 -2.21021
   vertex  2.70017   13.673 -1.52271
   vertex  1.53321  13.8527 -1.49146
  endloop
 endfacet
 facet normal -0.00663563 -0.455849 0.890032
  outer loop
   vertex  1.53321  13.8527 -1.49146
   vertex 0.355355  13.9308 -1.46021
   vertex  1.26719  12.5142 -2.17896
  endloop
 endfacet
 facet normal -0.10578 -0.445059 -0.889232
  outer loop
   vertex  1.84398  12.4405  2.13354
   vertex  1.91802  13.7966  1.44604
   vertex  3.07941   13.583  1.41479
  endloop
 endfacet
 facet normal -0.142437 -0.434534 -0.889321
  outer loop
   vertex  3.07941   13.583  1.41479
   vertex  4.21888  13.2734  1.38354
   vertex  2.89035  12.2379  2.10229
  endloop
 endfacet
 facet normal -0.147957 -0.428767 -0.891217
  outer loop
   vertex  4.21888  13.2734  1.38354
   vertex  3.91616  11.9489  2.07104
   vertex  2.89035  12.2379  2.10229
  endloop
 endfacet
 facet normal -0.722283 0.691587 -0.00385734
  outer loop
   vertex  8.82455 -8.84154  1.32103
   vertex  8.64928 -9.02302  1.60228
   vertex    9.386 -8.25343  1.63353
  endloop
 endfacet
 facet normal 0.0742375 -0.45189 0.888979
  outer loop
   vertex -0.953639  13.9001 0.883541
   vertex -2.12717  13.7688 0.914791
   vertex -0.977474  12.5437 0.196041
  endloop
 endfacet
 facet normal 0.0790212 -0.448242 0.890413
  outer loop
   vertex -2.12717  13.7688 0.914791
   vertex -2.03558  12.4192 0.227291
   vertex -0.977474  12.5437 0.196041
  endloop
 endfacet
 facet normal 0.0408583 -0.452294 0.890933
  outer loop
   vertex -0.977474  12.5437 0.196041
   vertex 0.0875669  12.5783 0.164791
   vertex -0.953639  13.9001 0.883541
  endloop
 endfacet
 facet normal -0.456657 0.0157462 0.889503
  outer loop
   vertex  13.7697 -1.72971  4.85229
   vertex  13.8711 -0.553311  4.88354
   vertex  12.4405 -1.44222  4.16479
  endloop
 endfacet
 facet normal -0.453452 0.00918777 0.891234
  outer loop
   vertex  13.8711 -0.553311  4.88354
   vertex  12.5234 -0.379894  4.19604
   vertex  12.4405 -1.44222  4.16479
  endloop
 endfacet
 facet normal -0.450627 0.0481884 0.891411
  outer loop
   vertex  12.4405 -1.44222  4.16479
   vertex  12.2663 -2.49326  4.13354
   vertex  13.7697 -1.72971  4.85229
  endloop
 endfacet
 facet normal 0.216337 -0.398727 -0.891187
  outer loop
   vertex -6.16595  10.9689 -2.24146
   vertex -7.07177  10.4076 -2.21021
   vertex -7.22874  11.2305 -2.61646
  endloop
 endfacet
 facet normal 0.226716 -0.39606 -0.889796
  outer loop
   vertex -7.07177  10.4076 -2.21021
   vertex -7.48656  10.9437 -2.55451
   vertex -7.22874  11.2305 -2.61646
  endloop
 endfacet
 facet normal 0.0415055 -0.451699 -0.891204
  outer loop
   vertex -1.34402  12.5144  2.22729
   vertex -2.39788  12.3559  2.25854
   vertex -1.61481  13.8459  1.53979
  endloop
 endfacet
 facet normal 0.0713883 -0.448641 -0.890856
  outer loop
   vertex -2.39788  12.3559  2.25854
   vertex -3.00578   12.918  1.92672
   vertex -2.78086  13.6601  1.57104
  endloop
 endfacet
 facet normal  0.04861 -0.454557 -0.88939
  outer loop
   vertex -1.61481  13.8459  1.53979
   vertex -2.39788  12.3559  2.25854
   vertex -2.78086  13.6601  1.57104
  endloop
 endfacet
 facet normal 0.00890778 -0.457322 -0.889256
  outer loop
   vertex -1.61481  13.8459  1.53979
   vertex -0.437385  13.9296  1.50854
   vertex -1.34402  12.5144  2.22729
  endloop
 endfacet
 facet normal -0.0818463 -0.444479 -0.892042
  outer loop
   vertex  1.01761  12.5435 -2.46021
   vertex  1.77572  12.7175 -2.61646
   vertex  2.07521  12.4115 -2.49146
  endloop
 endfacet
 facet normal -0.124839 -0.477448 -0.869747
  outer loop
   vertex  1.77572  12.7175 -2.61646
   vertex  3.27575  12.3253 -2.61646
   vertex  2.07521  12.4115 -2.49146
  endloop
 endfacet
 facet normal -0.312188 0.335025 0.888986
  outer loop
   vertex  8.49236 -10.9349 -0.0539665
   vertex  9.39624 -10.1756 -0.0227165
   vertex  7.75567  -9.7971 -0.741467
  endloop
 endfacet
 facet normal -0.256103 0.376739 0.890213
  outer loop
   vertex  6.89304 -10.4225 -0.772717
   vertex  5.97883 -10.9701 -0.803967
   vertex  7.52759 -11.6156 -0.0852165
  endloop
 endfacet
 facet normal -0.252431 0.383501 0.888373
  outer loop
   vertex  5.97883 -10.9701 -0.803967
   vertex  6.50925 -12.2135 -0.116467
   vertex  7.52759 -11.6156 -0.0852165
  endloop
 endfacet
 facet normal -0.287493 0.352067 0.890728
  outer loop
   vertex  8.49236 -10.9349 -0.0539665
   vertex  7.75567  -9.7971 -0.741467
   vertex  6.89304 -10.4225 -0.772717
  endloop
 endfacet
 facet normal  0.15481 -0.42615 -0.891308
  outer loop
   vertex -4.44432  11.7691  2.32104
   vertex -5.42332  11.3481  2.35229
   vertex -5.04246  12.9897  1.63354
  endloop
 endfacet
 facet normal 0.126018 -0.439235 -0.88949
  outer loop
   vertex -5.04246  12.9897  1.63354
   vertex   -3.926  13.3733  1.60229
   vertex -4.44432  11.7691  2.32104
  endloop
 endfacet
 facet normal 0.0890449 -0.452333 -0.887393
  outer loop
   vertex   -3.926  13.3733  1.60229
   vertex -2.78086  13.6601  1.57104
   vertex -3.00578   12.918  1.92672
  endloop
 endfacet
 facet normal 0.0794612 -0.441586 -0.893693
  outer loop
   vertex -3.00578   12.918  1.92672
   vertex -2.39788  12.3559  2.25854
   vertex -3.43362  12.1062  2.28979
  endloop
 endfacet
 facet normal 0.0926393 -0.446801 -0.889824
  outer loop
   vertex   -3.926  13.3733  1.60229
   vertex -3.00578   12.918  1.92672
   vertex -3.43362  12.1062  2.28979
  endloop
 endfacet
 facet normal 0.267274 -0.368816 0.890247
  outer loop
   vertex -7.58297  10.8763  5.35554
   vertex -7.15079  10.3519  5.00854
   vertex -6.91854  11.4254  5.38354
  endloop
 endfacet
 facet normal 0.264347 -0.36853 0.891239
  outer loop
   vertex -7.15079  10.3519  5.00854
   vertex -6.25054  10.9221  4.97729
   vertex -6.91854  11.4254  5.38354
  endloop
 endfacet
 facet normal 0.233217 -0.394576 0.888774
  outer loop
   vertex -6.25054  10.9221  4.97729
   vertex -5.30392  11.4112  4.94604
   vertex -5.58878  12.2283  5.38354
  endloop
 endfacet
 facet normal -0.210954 -0.401197 0.891369
  outer loop
   vertex  5.99192  11.0476  4.60229
   vertex  6.90511   10.498  4.57104
   vertex  6.75189  12.1755  5.28979
  endloop
 endfacet
 facet normal -0.21941 -0.401111 0.889364
  outer loop
   vertex  6.90511   10.498  4.57104
   vertex  7.75733  11.5562  5.25854
   vertex  6.75189  12.1755  5.28979
  endloop
 endfacet
 facet normal -0.184879 -0.41768 0.889586
  outer loop
   vertex  6.75189  12.1755  5.28979
   vertex  5.69836  12.7083  5.32104
   vertex  5.99192  11.0476  4.60229
  endloop
 endfacet
 facet normal  -0.1917 0.410897 0.891299
  outer loop
   vertex  5.56271 -12.6725  2.16478
   vertex  5.12531 -11.3853  1.47728
   vertex  4.13509 -11.7795  1.44603
  endloop
 endfacet
 facet normal 0.457845 -0.00304049 -0.889027
  outer loop
   vertex -13.9011 0.0481971  4.38354
   vertex -12.5117 -0.902609  5.10229
   vertex -13.8482 -1.13106  4.41479
  endloop
 endfacet
 facet normal 0.453547 0.027469 -0.890809
  outer loop
   vertex -12.5117 -0.902609  5.10229
   vertex -12.3863  -1.9609  5.13354
   vertex -13.8482 -1.13106  4.41479
  endloop
 endfacet
 facet normal  0.45016 0.0671281 -0.890421
  outer loop
   vertex -12.3863  -1.9609  5.13354
   vertex -12.1689  -3.0039  5.16479
   vertex -13.6953  -2.3017  4.44604
  endloop
 endfacet
 facet normal 0.452574 0.0742059 -0.888634
  outer loop
   vertex -12.1689  -3.0039  5.16479
   vertex -13.4448 -3.45561  4.47729
   vertex -13.6953  -2.3017  4.44604
  endloop
 endfacet
 facet normal -0.0257904 -0.455188 -0.890022
  outer loop
   vertex -0.565906  13.9272  3.82104
   vertex 0.614525  13.9215  3.78979
   vertex -0.396911  12.5734  4.50854
  endloop
 endfacet
 facet normal -0.0642972 -0.45172 -0.88984
  outer loop
   vertex 0.614525  13.9215  3.78979
   vertex   1.7904  13.8156  3.75854
   vertex 0.668725  12.5594  4.47729
  endloop
 endfacet
 facet normal -0.0695919 -0.447876 -0.891383
  outer loop
   vertex   1.7904  13.8156  3.75854
   vertex  1.72958  12.4568  4.44604
   vertex 0.668725  12.5594  4.47729
  endloop
 endfacet
 facet normal 0.246758 -0.381399 -0.890868
  outer loop
   vertex -7.43512  10.9789  4.37103
   vertex -7.35243  10.2003  4.72729
   vertex -8.25126  11.2246  4.03979
  endloop
 endfacet
 facet normal  0.25928 -0.370978 -0.891712
  outer loop
   vertex -7.35243  10.2003  4.72729
   vertex -8.18927   9.5403  4.75854
   vertex -8.25126  11.2246  4.03979
  endloop
 endfacet
 facet normal 0.289009 -0.347669 -0.891964
  outer loop
   vertex -8.18927   9.5403  4.75854
   vertex -8.96793  8.81285  4.78979
   vertex -9.17263  10.4867  4.07104
  endloop
 endfacet
 facet normal  0.29711 -0.34584 -0.890012
  outer loop
   vertex -8.96793  8.81285  4.78979
   vertex -10.0272   9.6721  4.10229
   vertex -9.17263  10.4867  4.07104
  endloop
 endfacet
 facet normal -0.225673 0.394189 0.890891
  outer loop
   vertex  6.07902 -10.9099  1.50853
   vertex  5.12531 -11.3853  1.47728
   vertex  6.62285 -12.1523  2.19603
  endloop
 endfacet
 facet normal -0.222231 0.399502 0.889388
  outer loop
   vertex  5.12531 -11.3853  1.47728
   vertex  5.56271 -12.6725  2.16478
   vertex  6.62285 -12.1523  2.19603
  endloop
 endfacet
 facet normal -0.255122 0.380253    0.889
  outer loop
   vertex  6.62285 -12.1523  2.19603
   vertex  7.63595 -11.5457  2.22728
   vertex  6.07902 -10.9099  1.50853
  endloop
 endfacet
 facet normal -0.000800472 0.452898 -0.891562
  outer loop
   vertex 0.204018 -12.4829  1.03978
   vertex  1.26794 -12.4195  1.07103
   vertex 0.354043 -13.8361 0.352283
  endloop
 endfacet
 facet normal -0.00863277 0.456894 -0.889479
  outer loop
   vertex  1.26794 -12.4195  1.07103
   vertex  1.53186  -13.753 0.383533
   vertex 0.354043 -13.8361 0.352283
  endloop
 endfacet
 facet normal 0.0298419 0.455394 -0.88979
  outer loop
   vertex 0.354043 -13.8361 0.352283
   vertex -0.826362 -13.8198 0.321033
   vertex 0.204018 -12.4829  1.03978
  endloop
 endfacet
 facet normal 0.672553 -0.0845094 0.735208
  outer loop
   vertex -12.6064 0.901711  5.38354
   vertex -12.4656  1.47794  5.32104
   vertex -12.2992   2.5308  5.28979
  endloop
 endfacet
 facet normal 0.484716 -0.0931513 0.869697
  outer loop
   vertex -12.2992   2.5308  5.28979
   vertex -12.0442  3.56576  5.25854
   vertex -12.1905  3.97175  5.38354
  endloop
 endfacet
 facet normal -0.458132 -0.0234053 -0.888576
  outer loop
   vertex  12.4121  1.76652 -0.647713
   vertex  13.7296   2.0782 -1.33521
   vertex  13.8503 0.903663 -1.36646
  endloop
 endfacet
 facet normal 0.0369729 0.455558 0.889438
  outer loop
   vertex -2.39934 -13.6316  4.25853
   vertex -1.22899 -13.7876  4.28978
   vertex  -2.0529 -12.3175  3.57103
  endloop
 endfacet
 facet normal 0.104625 0.441308 0.891235
  outer loop
   vertex -3.09591 -12.0983  3.53978
   vertex -4.11705 -11.7931  3.50853
   vertex -3.55275 -13.3784  4.22728
  endloop
 endfacet
 facet normal 0.112225 0.443174 0.889383
  outer loop
   vertex -4.11705 -11.7931  3.50853
   vertex -4.68101   -13.03  4.19603
   vertex -3.55275 -13.3784  4.22728
  endloop
 endfacet
 facet normal 0.0675362  0.44845 0.891253
  outer loop
   vertex -2.39934 -13.6316  4.25853
   vertex  -2.0529 -12.3175  3.57103
   vertex -3.09591 -12.0983  3.53978
  endloop
 endfacet
 facet normal -0.445959 -0.0969504 0.889787
  outer loop
   vertex  13.7845   1.6756  2.63354
   vertex  13.5935  2.84067  2.66479
   vertex  12.4225  1.63057  1.94604
  endloop
 endfacet
 facet normal -0.43905 -0.118876 0.890564
  outer loop
   vertex  13.5935  2.84067  2.66479
   vertex  12.8191  3.22337   2.3341
   vertex  12.2422  2.68101  1.97729
  endloop
 endfacet
 facet normal -0.441453 -0.102289 0.891435
  outer loop
   vertex  12.4225  1.63057  1.94604
   vertex  13.5935  2.84067  2.66479
   vertex  12.2422  2.68101  1.97729
  endloop
 endfacet
 facet normal -0.447968 -0.0650593 0.891679
  outer loop
   vertex  12.4225  1.63057  1.94604
   vertex  12.5145 0.568924  1.91479
   vertex  13.7845   1.6756  2.63354
  endloop
 endfacet
 facet normal -0.261526 0.370309 0.891333
  outer loop
   vertex  7.08317 -10.2872  3.85228
   vertex  6.17867 -10.8507  3.82103
   vertex  7.74401 -11.4753  4.53978
  endloop
 endfacet
 facet normal -0.257863 0.377328 0.889455
  outer loop
   vertex  6.17867 -10.8507  3.82103
   vertex  6.73613 -12.0904  4.50853
   vertex  7.74401 -11.4753  4.53978
  endloop
 endfacet
 facet normal -0.288628 0.354185  0.88952
  outer loop
   vertex  7.74401 -11.4753  4.53978
   vertex  8.69635 -10.7777  4.57103
   vertex  7.08317 -10.2872  3.85228
  endloop
 endfacet
 facet normal -0.43271 -0.13554 -0.891286
  outer loop
   vertex  13.1521   4.4974  1.03979
   vertex   11.906  3.95457  1.72729
   vertex  11.5295  4.95129  1.75854
  endloop
 endfacet
 facet normal -0.995374 -0.0958501 -0.00663411
  outer loop
   vertex  12.4907 0.937077  3.94604
   vertex   12.513 0.685648  4.22729
   vertex  12.4107   1.7461  4.25854
  endloop
 endfacet
 facet normal -0.18949 0.408899 -0.89269
  outer loop
   vertex  5.46124 -11.2346  3.50853
   vertex  6.40028 -10.7312  3.53978
   vertex  6.38557 -11.5173  3.18282
  endloop
 endfacet
 facet normal -0.201572 0.414426 -0.887479
  outer loop
   vertex  6.38557 -11.5173  3.18282
   vertex  7.20084 -11.8286  2.85228
   vertex  6.16673 -12.3985  2.82103
  endloop
 endfacet
 facet normal -0.162916  0.42671 -0.889594
  outer loop
   vertex  6.16673 -12.3985  2.82103
   vertex  5.08703 -12.8759  2.78978
   vertex  5.46124 -11.2346  3.50853
  endloop
 endfacet
 facet normal -0.127503 0.443947 -0.886935
  outer loop
   vertex  5.08703 -12.8759  2.78978
   vertex  3.97044  -13.259  2.75853
   vertex  4.15193 -12.4949  3.11492
  endloop
 endfacet
 facet normal -0.116316 0.431928 -0.894376
  outer loop
   vertex  4.15193 -12.4949  3.11492
   vertex  3.47157 -11.9924  3.44603
   vertex  4.48251 -11.6555  3.47728
  endloop
 endfacet
 facet normal -0.13178 0.436195 -0.890151
  outer loop
   vertex  5.08703 -12.8759  2.78978
   vertex  4.15193 -12.4949  3.11492
   vertex  4.48251 -11.6555  3.47728
  endloop
 endfacet
 facet normal -0.154614 0.425681 -0.891566
  outer loop
   vertex  5.46124 -11.2346  3.50853
   vertex  5.08703 -12.8759  2.78978
   vertex  4.48251 -11.6555  3.47728
  endloop
 endfacet
 facet normal -0.347173 0.300221 -0.888447
  outer loop
   vertex  11.3047  -8.0046 -1.61647
   vertex  10.5791 -8.93621 -1.64772
   vertex  10.1399 -7.31709 -0.928967
  endloop
 endfacet
 facet normal -0.320487 0.327687 -0.888768
  outer loop
   vertex  10.5791 -8.93621 -1.64772
   vertex  9.77832 -9.80411 -1.67897
   vertex  9.47601 -8.15034 -0.960217
  endloop
 endfacet
 facet normal -0.311082 0.330418 -0.891096
  outer loop
   vertex  9.77832 -9.80411 -1.67897
   vertex  8.74359 -8.92418 -0.991467
   vertex  9.47601 -8.15034 -0.960217
  endloop
 endfacet
 facet normal 0.148642 -0.434245 0.888446
  outer loop
   vertex -3.28569  13.5401 0.946041
   vertex -4.42084  13.2155 0.977291
   vertex -3.07916  12.2042 0.258541
  endloop
 endfacet
 facet normal 0.155125 -0.427262 0.890721
  outer loop
   vertex -4.42084  13.2155 0.977291
   vertex -4.10008  11.8987 0.289791
   vertex -3.07916  12.2042 0.258541
  endloop
 endfacet
 facet normal 0.117302 -0.440037 0.890285
  outer loop
   vertex -3.07916  12.2042 0.258541
   vertex -2.03558  12.4192 0.227291
   vertex -3.28569  13.5401 0.946041
  endloop
 endfacet
 facet normal -0.43952 0.144415 0.886547
  outer loop
   vertex    12.16 -5.10865 -2.52057
   vertex  12.7194 -5.50334 -2.17896
   vertex  13.1444  -4.4016 -2.14771
  endloop
 endfacet
 facet normal -0.0754482 0.450678 0.889492
  outer loop
   vertex  1.00147 -13.8087  2.03978
   vertex  2.17447  -13.674  2.07103
   vertex  1.01703 -12.4492  1.35228
  endloop
 endfacet
 facet normal -0.0832542 0.444666 0.891819
  outer loop
   vertex  2.17447  -13.674  2.07103
   vertex  2.07379  -12.314  1.38353
   vertex  1.01703 -12.4492  1.35228
  endloop
 endfacet
 facet normal -0.0446799 0.451233 0.891287
  outer loop
   vertex  1.01703 -12.4492  1.35228
   vertex -0.0475917 -12.4929  1.32103
   vertex  1.00147 -13.8087  2.03978
  endloop
 endfacet
 facet normal 0.193601 -0.410248 0.891188
  outer loop
   vertex -5.19862  11.4616  2.63354
   vertex -4.21029  11.8601  2.60229
   vertex -5.64257  12.7455  3.32104
  endloop
 endfacet
 facet normal 0.188379 -0.417041 0.889151
  outer loop
   vertex -4.21029  11.8601  2.60229
   vertex  -4.5432  13.1755  3.28979
   vertex -5.64257  12.7455  3.32104
  endloop
 endfacet
 facet normal 0.223761 -0.398815 0.889313
  outer loop
   vertex -5.64257  12.7455  3.32104
   vertex -6.70071  12.2215  3.35229
   vertex -5.19862  11.4616  2.63354
  endloop
 endfacet
 facet normal -0.456857 0.0295079  0.88905
  outer loop
   vertex  13.7117 -2.11145 -2.08521
   vertex  13.8483 -0.938926 -2.05396
   vertex  12.7436 -1.09486 -2.61646
  endloop
 endfacet
 facet normal -0.458725 -0.0100547 0.888521
  outer loop
   vertex  13.8483 -0.938926 -2.05396
   vertex  13.8829 0.241287 -2.02271
   vertex  12.7451 -0.318237 -2.61646
  endloop
 endfacet
 facet normal -0.453853 0.000919579 0.891076
  outer loop
   vertex  12.7436 -1.09486 -2.61646
   vertex  13.8483 -0.938926 -2.05396
   vertex  12.7451 -0.318237 -2.61646
  endloop
 endfacet
 facet normal -0.132237  0.44428 -0.886075
  outer loop
   vertex  4.09408 -13.2229  5.07103
   vertex  4.56116 -12.4606  5.38353
   vertex  5.20697 -12.8293  5.10228
  endloop
 endfacet
 facet normal -0.143927 0.428374 -0.892066
  outer loop
   vertex  4.56116 -12.4606  5.38353
   vertex  5.29951 -12.2125  5.38353
   vertex  5.20697 -12.8293  5.10228
  endloop
 endfacet
 facet normal -0.171077 0.423592 -0.889552
  outer loop
   vertex  5.29951 -12.2125  5.38353
   vertex  6.02226 -11.9206  5.38353
   vertex  6.28189 -12.3408  5.13353
  endloop
 endfacet
 facet normal -0.0664049 -0.453043 0.889012
  outer loop
   vertex  1.97961  12.4272  4.72729
   vertex   3.0235  12.2129  4.69604
   vertex  3.47482  13.4959  5.38354
  endloop
 endfacet
 facet normal -0.12008 -0.441566 0.889157
  outer loop
   vertex  3.72314  13.4278 0.758541
   vertex  4.26549   11.833 0.0397911
   vertex  4.84477  13.0599 0.727291
  endloop
 endfacet
 facet normal -0.147657 -0.429523 0.890902
  outer loop
   vertex  4.26549   11.833 0.0397911
   vertex  5.25151  11.4292 0.00854111
   vertex  4.84477  13.0599 0.727291
  endloop
 endfacet
 facet normal -0.18522 -0.415951 0.890325
  outer loop
   vertex  5.25151  11.4292 0.00854111
   vertex  6.19856  10.9406 -0.0227089
   vertex  5.93133  12.5981 0.696041
  endloop
 endfacet
 facet normal -0.193233 -0.41641 0.888405
  outer loop
   vertex  6.19856  10.9406 -0.0227089
   vertex  6.97559  12.0468 0.664791
   vertex  5.93133  12.5981 0.696041
  endloop
 endfacet
 facet normal  0.38118 -0.241644 -0.892362
  outer loop
   vertex -10.7106  6.56766 -2.05396
   vertex  -11.228  5.63609 -2.02271
   vertex  -11.736  7.02727 -2.61646
  endloop
 endfacet
 facet normal 0.380454 -0.28682 -0.879198
  outer loop
   vertex  -11.736  7.02727 -2.61646
   vertex -10.8007  8.26798 -2.61646
   vertex -10.9171  7.50742 -2.41872
  endloop
 endfacet
 facet normal 0.354848 -0.269493 -0.895241
  outer loop
   vertex -10.9171  7.50742 -2.41872
   vertex -10.1171  7.45293 -2.08521
   vertex -10.7106  6.56766 -2.05396
  endloop
 endfacet
 facet normal  0.45117 -0.023018 -0.892141
  outer loop
   vertex -12.5331 0.512105 -1.86646
   vertex -12.5257 -0.55359 -1.83521
   vertex -13.8965 0.434572 -2.55396
  endloop
 endfacet
 facet normal 0.454755 -0.0168199 -0.890458
  outer loop
   vertex -12.5257 -0.55359 -1.83521
   vertex  -13.879 -0.74622 -2.52271
   vertex -13.8965 0.434572 -2.55396
  endloop
 endfacet
 facet normal 0.452067 -0.0555287 -0.890254
  outer loop
   vertex -13.8965 0.434572 -2.55396
   vertex -13.8134  1.61266 -2.58521
   vertex -12.5331 0.512105 -1.86646
  endloop
 endfacet
 facet normal 0.426217 -0.203273 0.881487
  outer loop
   vertex -11.7095   5.4476  5.38354
   vertex -11.2728  5.55029  5.19604
   vertex -10.7622  6.48541  5.16479
  endloop
 endfacet
 facet normal 0.386132 -0.223742 0.894897
  outer loop
   vertex -10.7622  6.48541  5.16479
   vertex -10.1746  7.37446  5.13354
   vertex -10.6643  7.52916  5.38354
  endloop
 endfacet
 facet normal 0.109982 0.439721 -0.891375
  outer loop
   vertex -2.85255  -12.165  3.25853
   vertex -1.80558 -12.3635  3.28978
   vertex -3.03588 -13.5128  2.57103
  endloop
 endfacet
 facet normal 0.103252 0.445602 -0.889257
  outer loop
   vertex -1.80558 -12.3635  3.28978
   vertex -1.87345 -13.7198  2.60228
   vertex -3.03588 -13.5128  2.57103
  endloop
 endfacet
 facet normal  0.14169 0.434444 -0.889484
  outer loop
   vertex -3.03588 -13.5128  2.57103
   vertex -4.17564 -13.2051  2.53978
   vertex -2.85255  -12.165  3.25853
  endloop
 endfacet
 facet normal -0.418845 0.170104 -0.891983
  outer loop
   vertex  12.0083  -3.5082 -0.803963
   vertex  12.9769  -4.8922 -1.52271
   vertex  11.6651 -4.51705 -0.835213
  endloop
 endfacet
 facet normal -0.408683 0.202053 -0.890029
  outer loop
   vertex  12.9769  -4.8922 -1.52271
   vertex   12.509 -5.97614 -1.55396
   vertex  11.6651 -4.51705 -0.835213
  endloop
 endfacet
 facet normal -0.151605 0.426608  0.89164
  outer loop
   vertex  4.34126 -13.1442 -0.178967
   vertex  4.02653 -11.8191 -0.866467
   vertex   3.0034 -12.1174 -0.897717
  endloop
 endfacet
 facet normal 0.0536458 -0.45412 -0.889324
  outer loop
   vertex -2.51219  12.3326  4.57104
   vertex -2.90643  13.6324  3.88354
   vertex -1.74267  13.8311  3.85229
  endloop
 endfacet
 facet normal 0.0136386 -0.456034 -0.889858
  outer loop
   vertex -1.74267  13.8311  3.85229
   vertex -0.565906  13.9272  3.82104
   vertex -1.45974   12.498  4.53979
  endloop
 endfacet
 facet normal 0.00585198 -0.452192 -0.891901
  outer loop
   vertex -0.565906  13.9272  3.82104
   vertex -0.396911  12.5734  4.50854
   vertex -1.45974   12.498  4.53979
  endloop
 endfacet
 facet normal 0.191025 -0.410833 0.891474
  outer loop
   vertex -5.09045   11.506 0.321041
   vertex -4.10008  11.8987 0.289791
   vertex -5.52429  12.7961  1.00854
  endloop
 endfacet
 facet normal 0.184491 -0.419187 0.888957
  outer loop
   vertex -4.10008  11.8987 0.289791
   vertex -4.42084  13.2155 0.977291
   vertex -5.52429  12.7961  1.00854
  endloop
 endfacet
 facet normal 0.219253 -0.400406 0.889721
  outer loop
   vertex -5.52429  12.7961  1.00854
   vertex -6.58768  12.2833  1.03979
   vertex -5.09045   11.506 0.321041
  endloop
 endfacet
 facet normal -0.294072 0.349603 -0.88955
  outer loop
   vertex  8.82455 -8.84154  1.32103
   vertex   9.8689 -9.71239 0.633533
   vertex  9.00571  -10.518 0.602283
  endloop
 endfacet
 facet normal -0.263265 0.372801 -0.889781
  outer loop
   vertex  9.00571  -10.518 0.602283
   vertex  8.07786 -11.2478 0.571033
   vertex  8.03785 -9.56058  1.28978
  endloop
 endfacet
 facet normal -0.255262 0.373804 -0.89169
  outer loop
   vertex  8.07786 -11.2478 0.571033
   vertex  7.19402 -10.2114  1.25853
   vertex  8.03785 -9.56058  1.28978
  endloop
 endfacet
 facet normal -0.372582 0.270316 0.887757
  outer loop
   vertex   10.404 -9.15014  4.63354
   vertex  11.1451 -8.23131  4.66479
   vertex  10.2431 -8.28681  4.30313
  endloop
 endfacet
 facet normal -0.392008 0.236006 0.889174
  outer loop
   vertex  11.1451 -8.23131  4.66479
   vertex  11.8052 -7.25258  4.69604
   vertex  10.1268 -7.33238  3.97729
  endloop
 endfacet
 facet normal -0.373154  0.25873 0.890963
  outer loop
   vertex  10.2431 -8.28681  4.30313
   vertex  11.1451 -8.23131  4.66479
   vertex  10.1268 -7.33238  3.97729
  endloop
 endfacet
 facet normal -0.410402 0.202215 0.889201
  outer loop
   vertex  11.8052 -7.25258  4.69604
   vertex  12.3809 -6.22164  4.72729
   vertex  10.7142 -6.44353  4.00854
  endloop
 endfacet
 facet normal -0.369874 0.259518 0.892101
  outer loop
   vertex  10.1268 -7.33238  3.97729
   vertex   9.4654 -8.16765  3.94604
   vertex  10.2431 -8.28681  4.30313
  endloop
 endfacet
 facet normal -0.964743 -0.260432 -0.038019
  outer loop
   vertex  12.1633  3.04121  4.00854
   vertex  12.2188  2.79425  4.28979
   vertex  11.9399  3.82287  4.32104
  endloop
 endfacet
 facet normal -0.966773  0.25556 -0.00625042
  outer loop
   vertex   13.598 -2.75969  5.38354
   vertex  13.5665 -2.89254  4.82104
   vertex   13.265 -4.03393  4.78979
  endloop
 endfacet
 facet normal  0.44335 -0.0882714 -0.891991
  outer loop
   vertex -12.3393  2.28159  5.00854
   vertex -12.4865  1.22613  5.03979
   vertex -13.6992  2.39856  4.32104
  endloop
 endfacet
 facet normal 0.448227 -0.0820935 -0.890142
  outer loop
   vertex -12.4865  1.22613  5.03979
   vertex -13.8515   1.2279  4.35229
   vertex -13.6992  2.39856  4.32104
  endloop
 endfacet
 facet normal 0.439639 -0.120245 -0.890089
  outer loop
   vertex -13.6992  2.39856  4.32104
   vertex  -13.447  3.55179  4.28979
   vertex -12.3393  2.28159  5.00854
  endloop
 endfacet
 facet normal -0.215303 -0.399728 -0.890989
  outer loop
   vertex  6.28392  12.4304  3.63354
   vertex  5.77344  11.1729  4.32104
   vertex  4.80766  11.6235  4.35229
  endloop
 endfacet
 facet normal -0.179921 -0.417569 -0.890654
  outer loop
   vertex  4.80766  11.6235  4.35229
   vertex  3.80663  11.9881  4.38354
   vertex  5.20847  12.9172  3.66479
  endloop
 endfacet
 facet normal -0.175049 -0.423504 -0.888821
  outer loop
   vertex  3.80663  11.9881  4.38354
   vertex  4.09559  13.3116  3.69604
   vertex  5.20847  12.9172  3.66479
  endloop
 endfacet
 facet normal -0.436276 0.126406 -0.89089
  outer loop
   vertex  12.0794 -3.28622  3.82104
   vertex  12.3166 -2.24752  3.85229
   vertex  13.4148 -3.52274  3.13354
  endloop
 endfacet
 facet normal -0.444544 0.0985258 -0.890322
  outer loop
   vertex  12.3166 -2.24752  3.85229
   vertex  13.0716 -1.82283   3.5223
   vertex  13.6665 -2.36933  3.16479
  endloop
 endfacet
 facet normal -0.441864 0.120502 -0.888952
  outer loop
   vertex  13.4148 -3.52274  3.13354
   vertex  12.3166 -2.24752  3.85229
   vertex  13.6665 -2.36933  3.16479
  endloop
 endfacet
 facet normal -0.429793 0.157675 -0.889054
  outer loop
   vertex  13.4148 -3.52274  3.13354
   vertex  13.0657 -4.65041  3.10229
   vertex  12.0794 -3.28622  3.82104
  endloop
 endfacet
 facet normal 0.211051 0.408822 -0.887875
  outer loop
   vertex -6.24123 -12.3632  4.78978
   vertex -5.24562 -11.5877  5.38353
   vertex -5.16593 -12.8504  4.82103
  endloop
 endfacet
 facet normal 0.197463 0.409264 -0.890793
  outer loop
   vertex -5.24562 -11.5877  5.38353
   vertex -4.54651  -11.925  5.38353
   vertex -5.16593 -12.8504  4.82103
  endloop
 endfacet
 facet normal 0.173419 0.422982 -0.889389
  outer loop
   vertex -4.54651  -11.925  5.38353
   vertex -3.82843 -12.2194  5.38353
   vertex -4.05312 -13.2443  4.85228
  endloop
 endfacet
 facet normal 0.434418 -0.130139 -0.89126
  outer loop
   vertex -12.0748  3.43287  2.66479
   vertex -12.3212  2.39616  2.69604
   vertex -13.4124    3.676  1.97729
  endloop
 endfacet
 facet normal 0.427878 -0.16087 -0.889405
  outer loop
   vertex -13.4124    3.676  1.97729
   vertex -13.0543  4.80123  1.94604
   vertex -12.0748  3.43287  2.66479
  endloop
 endfacet
 facet normal  0.41299 -0.195964 -0.889403
  outer loop
   vertex -13.0543  4.80123  1.94604
   vertex -12.6037  5.89275  1.91479
   vertex -11.7425  4.44554  2.63354
  endloop
 endfacet
 facet normal 0.406819 -0.200541 -0.891225
  outer loop
   vertex -12.6037  5.89275  1.91479
   vertex -11.3272  5.42706  2.60229
   vertex -11.7425  4.44554  2.63354
  endloop
 endfacet
 facet normal 0.452954 0.0270554 0.891123
  outer loop
   vertex -12.5289 -0.535244  3.07104
   vertex -12.5311 0.530438  3.03979
   vertex -13.8853 -0.470612  3.75854
  endloop
 endfacet
 facet normal 0.456768 0.0206206 0.889347
  outer loop
   vertex -12.5311 0.530438  3.03979
   vertex -13.8778 0.710201  3.72729
   vertex -13.8853 -0.470612  3.75854
  endloop
 endfacet
 facet normal  0.45354 0.0588017 0.889294
  outer loop
   vertex -13.8853 -0.470612  3.75854
   vertex  -13.794  -1.6477  3.78979
   vertex -12.5289 -0.535244  3.07104
  endloop
 endfacet
 facet normal 0.0728603 0.448543 0.890786
  outer loop
   vertex -3.20791 -12.0702  1.22728
   vertex -2.52636 -13.6083  1.94603
   vertex -2.16781 -12.3012  1.25853
  endloop
 endfacet
 facet normal 0.0409726 0.456291 0.888887
  outer loop
   vertex -2.52636 -13.6083  1.94603
   vertex -1.35722 -13.7742  1.97728
   vertex -2.16781 -12.3012  1.25853
  endloop
 endfacet
 facet normal 0.00263373 0.458502 0.888689
  outer loop
   vertex -1.35722 -13.7742  1.97728
   vertex -0.178524 -13.8415  2.00853
   vertex -1.11201  -12.443  1.28978
  endloop
 endfacet
 facet normal -0.00487942  0.45453 0.890718
  outer loop
   vertex -0.178524 -13.8415  2.00853
   vertex -0.0475917 -12.4929  1.32103
   vertex -1.11201  -12.443  1.28978
  endloop
 endfacet
 facet normal 0.336959 0.303874 -0.891134
  outer loop
   vertex -9.21136 -8.47066  3.03979
   vertex -8.45346 -9.21944  3.07104
   vertex -10.1172 -9.48234  2.35229
  endloop
 endfacet
 facet normal 0.317335 0.325751 -0.890609
  outer loop
   vertex -8.45346 -9.21944  3.07104
   vertex -8.47889 -10.0957  2.74148
   vertex -9.26963  -10.304  2.38353
  endloop
 endfacet
 facet normal 0.334903 0.311651 -0.889221
  outer loop
   vertex -10.1172 -9.48234  2.35229
   vertex -8.45346 -9.21944  3.07104
   vertex -9.26963  -10.304  2.38353
  endloop
 endfacet
 facet normal 0.360448 0.281573 -0.889266
  outer loop
   vertex -10.1172 -9.48234  2.35229
   vertex -10.8909 -8.59056  2.32104
   vertex -9.21136 -8.47066  3.03979
  endloop
 endfacet
 facet normal -0.999284 0.009799 -0.0365337
  outer loop
   vertex  12.5193 -0.359683 -0.710213
   vertex  12.5065 -0.612548 -0.428963
   vertex  12.5159 0.453161 -0.397713
  endloop
 endfacet
 facet normal -0.452865 0.0118268   0.8915
  outer loop
   vertex  12.5166 -0.496477  1.88354
   vertex  12.4274 -1.55818  1.85229
   vertex  13.8652 -0.681972  2.57104
  endloop
 endfacet
 facet normal -0.457066 0.0206128 0.889194
  outer loop
   vertex  12.4274 -1.55818  1.85229
   vertex  13.7514 -1.85705  2.53979
   vertex  13.8652 -0.681972  2.57104
  endloop
 endfacet
 facet normal -0.456223 -0.0194275 0.889653
  outer loop
   vertex  13.8652 -0.681972  2.57104
   vertex  13.8759 0.498694  2.60229
   vertex  12.5166 -0.496477  1.88354
  endloop
 endfacet
 facet normal -0.103516 0.430926 -0.89643
  outer loop
   vertex  3.04872 -12.8239  5.38353
   vertex  4.56116 -12.4606  5.38353
   vertex  4.09408 -13.2229  5.07103
  endloop
 endfacet
 facet normal -0.0932382  0.45098 -0.887651
  outer loop
   vertex  4.09408 -13.2229  5.07103
   vertex  2.95164 -13.5206  5.03978
   vertex  3.04872 -12.8239  5.38353
  endloop
 endfacet
 facet normal -0.055021 0.456681 -0.887927
  outer loop
   vertex  2.95164 -13.5206  5.03978
   vertex  1.78805 -13.7215  5.00853
   vertex  1.75703 -13.0506  5.35553
  endloop
 endfacet
 facet normal -0.197341 0.979152 -0.0481494
  outer loop
   vertex  2.20898 -12.2929 -1.21022
   vertex   1.9589 -12.3294 -0.928967
   vertex   3.0034 -12.1174 -0.897717
  endloop
 endfacet
 facet normal -0.124503 0.395851 0.909836
  outer loop
   vertex  4.12703 -12.9539 -2.61647
   vertex  2.64439 -13.4202 -2.61647
   vertex  3.08098 -13.4983 -2.52272
  endloop
 endfacet
 facet normal -0.142103 0.426785 0.893119
  outer loop
   vertex  3.08098 -13.4983 -2.52272
   vertex  4.21906 -13.1848 -2.49147
   vertex  4.12703 -12.9539 -2.61647
  endloop
 endfacet
 facet normal -0.177883 0.412652 0.893351
  outer loop
   vertex  4.21906 -13.1848 -2.49147
   vertex  5.32624 -12.7752 -2.46022
   vertex  4.12703 -12.9539 -2.61647
  endloop
 endfacet
 facet normal 0.388627 -0.233819 -0.891234
  outer loop
   vertex -10.8313  6.37028  2.57104
   vertex -11.3272  5.42706  2.60229
   vertex -12.0636  6.94267  1.88354
  endloop
 endfacet
 facet normal 0.395177 -0.22977 -0.889405
  outer loop
   vertex -11.3272  5.42706  2.60229
   vertex -12.6037  5.89275  1.91479
   vertex -12.0636  6.94267  1.88354
  endloop
 endfacet
 facet normal 0.374389 -0.262277 -0.889406
  outer loop
   vertex -12.0636  6.94267  1.88354
   vertex  -11.437  7.94312  1.85229
   vertex -10.8313  6.37028  2.57104
  endloop
 endfacet
 facet normal 0.0762109 -0.445759 -0.891903
  outer loop
   vertex -2.28224  12.3732 -0.0539589
   vertex -3.32046  12.1332 -0.0227089
   vertex -2.65445  13.6852 -0.741459
  endloop
 endfacet
 facet normal 0.0442126 -0.453834 -0.889989
  outer loop
   vertex -2.65445  13.6852 -0.741459
   vertex -1.48674  13.8602 -0.772709
   vertex -2.28224  12.3732 -0.0539589
  endloop
 endfacet
 facet normal 0.00468415 -0.45697 -0.88947
  outer loop
   vertex -1.48674  13.8602 -0.772709
   vertex -0.30854  13.9331 -0.803959
   vertex -1.22767  12.5247 -0.0852089
  endloop
 endfacet
 facet normal -0.000421014 -0.454333 -0.890832
  outer loop
   vertex -0.30854  13.9331 -0.803959
   vertex -0.163883   12.585 -0.116459
   vertex -1.22767  12.5247 -0.0852089
  endloop
 endfacet
 facet normal -0.283462 -0.359523  0.88904
  outer loop
   vertex  9.59608  10.0776  5.19604
   vertex  8.70771  10.8553  5.22729
   vertex  8.57777  9.18042  4.50854
  endloop
 endfacet
 facet normal -0.252304 -0.381767 0.889155
  outer loop
   vertex  8.70771  10.8553  5.22729
   vertex  7.75733  11.5562  5.25854
   vertex  7.76924  9.87431  4.53979
  endloop
 endfacet
 facet normal -0.243888 -0.382564 0.891159
  outer loop
   vertex  7.75733  11.5562  5.25854
   vertex  6.90511   10.498  4.57104
   vertex  7.76924  9.87431  4.53979
  endloop
 endfacet
 facet normal 0.0298603 0.452472 0.891279
  outer loop
   vertex  -2.0529 -12.3175  3.57103
   vertex -1.22899 -13.7876  4.28978
   vertex -0.995414 -12.4488  3.60228
  endloop
 endfacet
 facet normal -0.00158541 0.457021 0.889454
  outer loop
   vertex -1.22899 -13.7876  4.28978
   vertex -0.0498767 -13.8444  4.32103
   vertex -0.995414 -12.4488  3.60228
  endloop
 endfacet
 facet normal -0.984364 -0.17587 -0.00986542
  outer loop
   vertex  13.7803    1.744  5.38354
   vertex   13.515  3.22887  5.38354
   vertex  13.5659  2.96667  4.97729
  endloop
 endfacet
 facet normal 0.00674769 0.458845 0.888491
  outer loop
   vertex -1.22834 -12.4328 -1.02272
   vertex -1.48543 -13.7603 -0.335217
   vertex -0.307285 -13.8382 -0.303967
  endloop
 endfacet
 facet normal -0.0319613 0.456405 0.889198
  outer loop
   vertex -0.307285 -13.8382 -0.303967
   vertex 0.873005 -13.8164 -0.272717
   vertex -0.164432 -12.4887 -0.991467
  endloop
 endfacet
 facet normal -0.0409731 0.450729  0.89172
  outer loop
   vertex 0.873005 -13.8164 -0.272717
   vertex 0.900467 -12.4537 -0.960217
   vertex -0.164432 -12.4887 -0.991467
  endloop
 endfacet
 facet normal -0.36708 -0.267676 -0.890843
  outer loop
   vertex  9.98544  7.61038 -0.460209
   vertex  9.30922  8.43373 -0.428959
   vertex  10.9861  8.52621 -1.14771
  endloop
 endfacet
 facet normal -0.386763 -0.244848 -0.88908
  outer loop
   vertex  10.9861  8.52621 -1.14771
   vertex  11.6681  7.56231 -1.17896
   vertex  9.98544  7.61038 -0.460209
  endloop
 endfacet
 facet normal -0.405028 -0.210987 -0.889627
  outer loop
   vertex  11.6681  7.56231 -1.17896
   vertex  12.2668   6.5448 -1.21021
   vertex  10.5901  6.73288 -0.491463
  endloop
 endfacet
 facet normal -0.404927 -0.201658 -0.891834
  outer loop
   vertex  12.2668   6.5448 -1.21021
   vertex  11.1196  5.80789 -0.522713
   vertex  10.5901  6.73288 -0.491463
  endloop
 endfacet
 facet normal 0.448744 0.0574413 -0.891812
  outer loop
   vertex  -12.414 -1.72955 0.508537
   vertex -12.2178 -2.77714 0.539787
   vertex -13.7395 -2.04786 -0.178963
  endloop
 endfacet
 facet normal 0.451771 0.0658371 -0.889701
  outer loop
   vertex -12.2178 -2.77714 0.539787
   vertex -13.5092 -3.20577 -0.147713
   vertex -13.7395 -2.04786 -0.178963
  endloop
 endfacet
 facet normal   0.4551 0.027121 -0.890027
  outer loop
   vertex -13.7395 -2.04786 -0.178963
   vertex -13.8705 -0.874703 -0.210213
   vertex  -12.414 -1.72955 0.508537
  endloop
 endfacet
 facet normal -0.592061 -0.805861 -0.00715878
  outer loop
   vertex  8.81265  10.7797  5.38354
   vertex  7.59707  11.6728  5.38354
   vertex  7.75733  11.5562  5.25854
  endloop
 endfacet
 facet normal 0.177045 0.417524 0.891252
  outer loop
   vertex -5.10894 -11.4037  3.47728
   vertex -6.06417 -10.9319  3.44603
   vertex -5.77594 -12.5884  4.16478
  endloop
 endfacet
 facet normal 0.185042 0.418093 0.889358
  outer loop
   vertex -6.06417 -10.9319  3.44603
   vertex -6.82935 -12.0557  4.13353
   vertex -5.77594 -12.5884  4.16478
  endloop
 endfacet
 facet normal 0.148941 0.432253 0.889367
  outer loop
   vertex -5.77594 -12.5884  4.16478
   vertex -4.68101   -13.03  4.19603
   vertex -5.10894 -11.4037  3.47728
  endloop
 endfacet
 facet normal 0.420867 -0.170898 -0.890879
  outer loop
   vertex -12.0471  3.54584 0.352287
   vertex -13.0096  4.92224 -0.366463
   vertex -11.7037  4.55443 0.321037
  endloop
 endfacet
 facet normal 0.411809 -0.199749 -0.889109
  outer loop
   vertex -13.0096  4.92224 -0.366463
   vertex -12.5496  6.00978 -0.397713
   vertex -11.7037  4.55443 0.321037
  endloop
 endfacet
 facet normal  0.43601 0.140803 -0.888859
  outer loop
   vertex -12.7625 -5.44413 -0.0852127
   vertex -13.1826  -4.3405 -0.116463
   vertex -11.5674  -4.8048 0.602287
  endloop
 endfacet
 facet normal 0.445497 0.103751 -0.889251
  outer loop
   vertex -13.1826  -4.3405 -0.116463
   vertex -13.5092 -3.20577 -0.147713
   vertex  -11.935 -3.80471 0.571037
  endloop
 endfacet
 facet normal 0.443092 0.0947924 -0.89145
  outer loop
   vertex -13.5092 -3.20577 -0.147713
   vertex -12.2178 -2.77714 0.539787
   vertex  -11.935 -3.80471 0.571037
  endloop
 endfacet
 facet normal 0.407752  0.20214 -0.890437
  outer loop
   vertex -11.1708 -5.66683 -1.67896
   vertex -10.6436 -6.59267 -1.64771
   vertex -12.3114 -6.39449 -2.36646
  endloop
 endfacet
 facet normal 0.407843 0.207643 -0.889128
  outer loop
   vertex -10.6436 -6.59267 -1.64771
   vertex -11.7224 -7.41762 -2.33521
   vertex -12.3114 -6.39449 -2.36646
  endloop
 endfacet
 facet normal 0.424985 0.173263 -0.888464
  outer loop
   vertex -12.3114 -6.39449 -2.36646
   vertex -12.8126 -5.32534 -2.39771
   vertex -11.1708 -5.66683 -1.67896
  endloop
 endfacet
 facet normal -0.402306 -0.218925 -0.888944
  outer loop
   vertex  11.5255  7.77713  3.44604
   vertex  12.1424  6.77036  3.41479
   vertex  10.4677  6.92938  4.13354
  endloop
 endfacet
 facet normal -0.419435 -0.184348 -0.88887
  outer loop
   vertex  12.1424  6.77036  3.41479
   vertex  12.6723  5.71545  3.38354
   vertex  11.0168  6.01642  4.10229
  endloop
 endfacet
 facet normal -0.418769 -0.17582 -0.890909
  outer loop
   vertex  12.6723  5.71545  3.38354
   vertex  11.4851  5.05928  4.07104
   vertex  11.0168  6.01642  4.10229
  endloop
 endfacet
 facet normal 0.179562 -0.413155 -0.892782
  outer loop
   vertex -5.21521  11.4497 -2.27271
   vertex -6.16595  10.9689 -2.24146
   vertex -5.83703  11.9222 -2.61646
  endloop
 endfacet
 facet normal 0.186085 -0.414613 -0.890768
  outer loop
   vertex -6.16595  10.9689 -2.24146
   vertex -6.44957  11.5872 -2.58846
   vertex -5.83703  11.9222 -2.61646
  endloop
 endfacet
 facet normal 0.157061 -0.43742 -0.885435
  outer loop
   vertex -5.83703  11.9222 -2.61646
   vertex -4.37433  12.4474 -2.61646
   vertex -5.21521  11.4497 -2.27271
  endloop
 endfacet
 facet normal 0.140171 -0.438669  0.88765
  outer loop
   vertex -2.69694  13.3435  5.38354
   vertex -4.17546  12.8711  5.38354
   vertex -3.30278  12.1382  4.88354
  endloop
 endfacet
 facet normal 0.159978 -0.419203 0.893687
  outer loop
   vertex -4.17546  12.8711  5.38354
   vertex -4.31883   11.817  4.91479
   vertex -3.30278  12.1382  4.88354
  endloop
 endfacet
 facet normal 0.124786 -0.433031   0.8927
  outer loop
   vertex -3.30278  12.1382  4.88354
   vertex -2.26326  12.3733  4.85229
   vertex -2.69694  13.3435  5.38354
  endloop
 endfacet
 facet normal 0.363412 0.270546 -0.89148
  outer loop
   vertex -9.97165 -7.56519 0.696033
   vertex -9.28719 -8.38162 0.727283
   vertex -10.9703 -8.48912 0.00853348
  endloop
 endfacet
 facet normal 0.362339 0.277001 -0.889933
  outer loop
   vertex -9.28719 -8.38162 0.727283
   vertex -10.2057  -9.3889 0.0397835
   vertex -10.9703 -8.48912 0.00853348
  endloop
 endfacet
 facet normal 0.385797 0.244871 -0.889493
  outer loop
   vertex -10.9703 -8.48912 0.00853348
   vertex -11.6534 -7.52637 -0.0227165
   vertex -9.97165 -7.56519 0.696033
  endloop
 endfacet
 facet normal 0.452866 -0.0121827 -0.891495
  outer loop
   vertex -12.5446 0.162261  5.07104
   vertex -12.5117 -0.902609  5.10229
   vertex -13.9011 0.0481971  4.38354
  endloop
 endfacet
 facet normal 0.454524 -0.0426544 -0.889712
  outer loop
   vertex -13.9011 0.0481971  4.38354
   vertex -13.8515   1.2279  4.35229
   vertex -12.5446 0.162261  5.07104
  endloop
 endfacet
 facet normal 0.436804 -0.138344 -0.888855
  outer loop
   vertex -13.6305  2.77945 -2.61646
   vertex -13.1598  4.26576 -2.61646
   vertex -12.0167  3.65866 -1.96021
  endloop
 endfacet
 facet normal 0.442287 -0.0988256 -0.891412
  outer loop
   vertex -12.2792  2.62584 -1.92896
   vertex -12.4512  1.57444 -1.89771
   vertex -13.6305  2.77945 -2.61646
  endloop
 endfacet
 facet normal 0.446486 -0.0937915 -0.889862
  outer loop
   vertex -12.4512  1.57444 -1.89771
   vertex -13.8134  1.61266 -2.58521
   vertex -13.6305  2.77945 -2.61646
  endloop
 endfacet
 facet normal -0.276272 -0.36348 -0.889694
  outer loop
   vertex  8.28935  11.1881  3.57104
   vertex  6.69595    10.64  4.28979
   vertex  7.31372  11.8532  3.60229
  endloop
 endfacet
 facet normal -0.248869 -0.378472 -0.891528
  outer loop
   vertex  6.69595    10.64  4.28979
   vertex  5.77344  11.1729  4.32104
   vertex  7.31372  11.8532  3.60229
  endloop
 endfacet
 facet normal -0.141035 -0.43034 0.891581
  outer loop
   vertex  4.04458  11.9089  4.66479
   vertex  5.03624  11.5192  4.63354
   vertex  4.60368  13.1501  5.35229
  endloop
 endfacet
 facet normal -0.148749 -0.431571 0.889731
  outer loop
   vertex  5.03624  11.5192  4.63354
   vertex  5.69836  12.7083  5.32104
   vertex  4.60368  13.1501  5.35229
  endloop
 endfacet
 facet normal -0.111014 -0.442827 0.889708
  outer loop
   vertex  4.60368  13.1501  5.35229
   vertex  3.47482  13.4959  5.38354
   vertex  4.04458  11.9089  4.66479
  endloop
 endfacet
 facet normal  0.40474 -0.213361 0.889192
  outer loop
   vertex -11.6514  7.61677 -1.08521
   vertex -12.2549  6.60217 -1.05396
   vertex -10.5799  6.78431 -1.77271
  endloop
 endfacet
 facet normal 0.404664 -0.202739 0.891708
  outer loop
   vertex -12.2549  6.60217 -1.05396
   vertex -11.1114  5.86085 -1.74146
   vertex -10.5799  6.78431 -1.77271
  endloop
 endfacet
 facet normal 0.387246 -0.237302 0.890914
  outer loop
   vertex -10.5799  6.78431 -1.77271
   vertex -9.97186  7.65916 -1.80396
   vertex -11.6514  7.61677 -1.08521
  endloop
 endfacet
 facet normal 0.365463 0.266376 -0.891897
  outer loop
   vertex  -10.039 -7.46997 -1.61647
   vertex -9.36259  -8.2934 -1.58522
   vertex -11.0486 -8.38686 -2.30397
  endloop
 endfacet
 facet normal 0.364455 0.272793 -0.890369
  outer loop
   vertex -9.36259  -8.2934 -1.58522
   vertex  -10.293 -9.29426 -2.27272
   vertex -11.0486 -8.38686 -2.30397
  endloop
 endfacet
 facet normal 0.387456 0.240676 -0.889917
  outer loop
   vertex -11.0486 -8.38686 -2.30397
   vertex -11.7224 -7.41762 -2.33521
   vertex  -10.039 -7.46997 -1.61647
  endloop
 endfacet
 facet normal -0.0765268  0.44762 -0.890943
  outer loop
   vertex  2.32278 -12.2678  1.10228
   vertex  3.36095 -12.0281  1.13353
   vertex  2.69878 -13.5719 0.414783
  endloop
 endfacet
 facet normal -0.0468343 0.455231 -0.889141
  outer loop
   vertex  2.69878 -13.5719 0.414783
   vertex  1.53186  -13.753 0.383533
   vertex  2.32278 -12.2678  1.10228
  endloop
 endfacet
 facet normal -0.340507  0.27927  0.89781
  outer loop
   vertex  10.2308 -8.32555 -2.61647
   vertex  9.24499 -9.52751 -2.61647
   vertex  10.1441 -9.43591 -2.30397
  endloop
 endfacet
 facet normal -0.360841 0.278666 0.890022
  outer loop
   vertex  10.1441 -9.43591 -2.30397
   vertex  10.9131 -8.53993 -2.27272
   vertex  10.2308 -8.32555 -2.61647
  endloop
 endfacet
 facet normal -0.384706 0.246786 0.889437
  outer loop
   vertex  10.9131 -8.53993 -2.27272
   vertex  11.6009 -7.58044 -2.24146
   vertex  11.0063 -7.25664 -2.58846
  endloop
 endfacet
 facet normal 0.323104 0.327057 0.888052
  outer loop
   vertex -9.53382 -8.10899 -1.30397
   vertex -10.6369 -8.88597 -0.616467
   vertex -9.84042  -9.7577 -0.585217
  endloop
 endfacet
 facet normal -0.360585 -0.275527 -0.891102
  outer loop
   vertex   9.8431  7.79268  4.16479
   vertex  9.14834  8.60085  4.19604
   vertex  10.8266  8.72902  3.47729
  endloop
 endfacet
 facet normal -0.359434 -0.281947 -0.889558
  outer loop
   vertex  9.14834  8.60085  4.19604
   vertex  10.0509  9.61931  3.50854
   vertex  10.8266  8.72902  3.47729
  endloop
 endfacet
 facet normal -0.382216 -0.251419 -0.889213
  outer loop
   vertex  10.8266  8.72902  3.47729
   vertex  11.5255  7.77713  3.44604
   vertex   9.8431  7.79268  4.16479
  endloop
 endfacet
 facet normal 0.115347 -0.442685 0.889227
  outer loop
   vertex -2.14967  12.3952  2.53979
   vertex -2.25468  13.7488  3.22729
   vertex -3.41111  13.5103  3.25854
  endloop
 endfacet
 facet normal 0.152174 -0.431611 0.889132
  outer loop
   vertex -3.41111  13.5103  3.25854
   vertex  -4.5432  13.1755  3.28979
   vertex -3.19143  12.1714  2.57104
  endloop
 endfacet
 facet normal 0.157458 -0.425831 0.890996
  outer loop
   vertex  -4.5432  13.1755  3.28979
   vertex -4.21029  11.8601  2.60229
   vertex -3.19143  12.1714  2.57104
  endloop
 endfacet
 facet normal 0.419231 -0.167624 0.892271
  outer loop
   vertex -11.5637  4.89589 -1.71021
   vertex -11.1114  5.86085 -1.74146
   vertex -12.7695  5.53976 -1.02271
  endloop
 endfacet
 facet normal 0.420114 -0.177306 0.889982
  outer loop
   vertex -11.1114  5.86085 -1.74146
   vertex -12.2549  6.60217 -1.05396
   vertex -12.7695  5.53976 -1.02271
  endloop
 endfacet
 facet normal 0.433107 -0.139694 0.890451
  outer loop
   vertex -12.7695  5.53976 -1.02271
   vertex -13.1897  4.43627 -0.991463
   vertex -11.5637  4.89589 -1.71021
  endloop
 endfacet
 facet normal 0.424174 -0.161123 -0.891132
  outer loop
   vertex -11.7841  4.33765  4.94604
   vertex -12.1046  3.32123  4.97729
   vertex -13.0985  4.67987  4.25854
  endloop
 endfacet
 facet normal 0.428648 -0.157097 -0.889709
  outer loop
   vertex -12.1046  3.32123  4.97729
   vertex  -13.447  3.55179  4.28979
   vertex -13.0985  4.67987  4.25854
  endloop
 endfacet
 facet normal 0.414945  -0.1927 -0.889206
  outer loop
   vertex -13.0985  4.67987  4.25854
   vertex -12.6568  5.77505  4.22729
   vertex -11.7841  4.33765  4.94604
  endloop
 endfacet
 facet normal -0.28365 -0.354131 -0.891142
  outer loop
   vertex  8.39135  11.1098  1.25854
   vertex  7.66433  9.96205  1.94604
   vertex   6.7957  10.5792  1.97729
  endloop
 endfacet
 facet normal -0.251455 -0.377419 -0.891249
  outer loop
   vertex   6.7957  10.5792  1.97729
   vertex  5.87629  11.1179  2.00854
   vertex  7.42287  11.7848  1.28979
  endloop
 endfacet
 facet normal -0.247711 -0.384136 -0.889426
  outer loop
   vertex  5.87629  11.1179  2.00854
   vertex  6.39893  12.3727  1.32104
   vertex  7.42287  11.7848  1.28979
  endloop
 endfacet
 facet normal -0.365639 -0.276775 -0.888653
  outer loop
   vertex  10.9861  8.52621 -1.14771
   vertex  9.30922  8.43373 -0.428959
   vertex   10.226  9.42998 -1.11646
  endloop
 endfacet
 facet normal -0.343348 -0.298557 -0.890492
  outer loop
   vertex  9.30922  8.43373 -0.428959
   vertex  8.56513  9.19624 -0.397709
   vertex   10.226  9.42998 -1.11646
  endloop
 endfacet
 facet normal 0.312527 0.327133 -0.891802
  outer loop
   vertex   -8.536 -9.13737 0.758533
   vertex -7.72412 -9.82781 0.789783
   vertex -9.36602 -10.2186 0.0710335
  endloop
 endfacet
 facet normal 0.336816 0.307341 -0.889998
  outer loop
   vertex -9.36602 -10.2186 0.0710335
   vertex -10.2057  -9.3889 0.0397835
   vertex   -8.536 -9.13737 0.758533
  endloop
 endfacet
 facet normal -0.339735 -0.30081 -0.89112
  outer loop
   vertex  9.22771  8.51678  1.88354
   vertex  8.47653  9.27257  1.91479
   vertex  10.1386  9.52469  1.19604
  endloop
 endfacet
 facet normal -0.362227 -0.27923 -0.889282
  outer loop
   vertex  10.1386  9.52469  1.19604
   vertex  10.9067  8.62778  1.16479
   vertex  9.22771  8.51678  1.88354
  endloop
 endfacet
 facet normal -0.384068 -0.247967 -0.889384
  outer loop
   vertex  10.9067  8.62778  1.16479
   vertex  11.5974  7.67004  1.13354
   vertex  9.91321   7.7007  1.85229
  endloop
 endfacet
 facet normal -0.384735 -0.239959 -0.89129
  outer loop
   vertex  11.5974  7.67004  1.13354
   vertex  10.5284   6.8304  1.82104
   vertex  9.91321   7.7007  1.85229
  endloop
 endfacet
 facet normal -0.078554 0.444622 0.892267
  outer loop
   vertex   1.9589 -12.3294 -0.928967
   vertex 0.900467 -12.4537 -0.960217
   vertex  2.04713 -13.6935 -0.241467
  endloop
 endfacet
 facet normal -0.0708165 0.450455 0.889986
  outer loop
   vertex 0.900467 -12.4537 -0.960217
   vertex 0.873005 -13.8164 -0.272717
   vertex  2.04713 -13.6935 -0.241467
  endloop
 endfacet
 facet normal -0.10971 0.441684 0.890437
  outer loop
   vertex  2.04713 -13.6935 -0.241467
   vertex  3.20626 -13.4686 -0.210217
   vertex   1.9589 -12.3294 -0.928967
  endloop
 endfacet
 facet normal 0.0420993 0.449924 -0.892074
  outer loop
   vertex -0.976634 -12.4473 -1.30397
   vertex 0.0885015  -12.485 -1.27272
   vertex -0.954902 -13.8124 -1.99147
  endloop
 endfacet
 facet normal 0.0169076 0.453852 -0.890917
  outer loop
   vertex 0.0885015  -12.485 -1.27272
   vertex  0.60381 -13.1544 -1.60395
   vertex 0.225251 -13.8396 -1.96022
  endloop
 endfacet
 facet normal 0.0340551 0.455029 -0.889825
  outer loop
   vertex -0.954902 -13.8124 -1.99147
   vertex 0.0885015  -12.485 -1.27272
   vertex 0.225251 -13.8396 -1.96022
  endloop
 endfacet
 facet normal 0.0729191 0.449517 -0.890291
  outer loop
   vertex -0.954902 -13.8124 -1.99147
   vertex -2.12845 -13.6839 -2.02272
   vertex -0.976634 -12.4473 -1.30397
  endloop
 endfacet
 facet normal  0.36597 0.930327 -0.0236064
  outer loop
   vertex -4.87583 -11.5025  3.19603
   vertex -5.10894 -11.4037  3.47728
   vertex -4.11705 -11.7931  3.50853
  endloop
 endfacet
 facet normal 0.437684 -0.131639  0.88944
  outer loop
   vertex -11.6584  4.68337  2.91479
   vertex -12.8694  5.30226  3.60229
   vertex -13.2672  4.19077  3.63354
  endloop
 endfacet
 facet normal 0.447236 -0.0935916 0.889506
  outer loop
   vertex -13.2672  4.19077  3.63354
   vertex -13.5682  3.04932  3.66479
   vertex -12.0074  3.67677  2.94604
  endloop
 endfacet
 facet normal 0.445055 -0.0860413  0.89136
  outer loop
   vertex -13.5682  3.04932  3.66479
   vertex -12.2696  2.64402  2.97729
   vertex -12.0074  3.67677  2.94604
  endloop
 endfacet
 facet normal 0.430962 0.138157 0.891731
  outer loop
   vertex -12.2785 -2.53203 0.821037
   vertex -13.3485 -3.83338  1.53979
   vertex -12.0125 -3.56367 0.852287
  endloop
 endfacet
 facet normal 0.424051 0.167849 0.889948
  outer loop
   vertex -13.3485 -3.83338  1.53979
   vertex -12.9713 -4.95224  1.57104
   vertex -12.0125 -3.56367 0.852287
  endloop
 endfacet
 facet normal 0.407238  0.20395 0.890259
  outer loop
   vertex -12.9713 -4.95224  1.57104
   vertex  -12.498 -6.03371  1.60229
   vertex -11.6601 -4.56932 0.883537
  endloop
 endfacet
 facet normal 0.401297 0.208191 0.891974
  outer loop
   vertex  -12.498 -6.03371  1.60229
   vertex -11.2248 -5.54217 0.914787
   vertex -11.6601 -4.56932 0.883537
  endloop
 endfacet
 facet normal -0.22123 -0.394226 -0.891988
  outer loop
   vertex  5.97683  11.0585 -0.303959
   vertex  5.01886  11.5254 -0.272709
   vertex   6.5131  12.3131 -0.991459
  endloop
 endfacet
 facet normal -0.216779 -0.400935 -0.890089
  outer loop
   vertex  5.01886  11.5254 -0.272709
   vertex  5.44707  12.8201 -0.960209
   vertex   6.5131  12.3131 -0.991459
  endloop
 endfacet
 facet normal  -0.2508 -0.380552 -0.890101
  outer loop
   vertex   6.5131  12.3131 -0.991459
   vertex  7.53128  11.7152 -1.02271
   vertex  5.97683  11.0585 -0.303959
  endloop
 endfacet
 facet normal 0.316179 -0.325529 0.891102
  outer loop
   vertex -8.62187  9.15188 0.446041
   vertex -7.81594  9.84912 0.414791
   vertex -9.45737  10.2223  1.13354
  endloop
 endfacet
 facet normal 0.314374 -0.330891 0.889764
  outer loop
   vertex -7.81594  9.84912 0.414791
   vertex -8.56064  10.9903  1.10229
   vertex -9.45737  10.2223  1.13354
  endloop
 endfacet
 facet normal 0.341809 -0.30427 0.889149
  outer loop
   vertex -9.45737  10.2223  1.13354
   vertex -10.2868  9.38187  1.16479
   vertex -8.62187  9.15188 0.446041
  endloop
 endfacet
 facet normal 0.262185 0.374611  0.88934
  outer loop
   vertex -8.97405 -10.5597 -0.553967
   vertex -8.04315 -11.2854 -0.522717
   vertex -8.01379  -9.5996 -1.24147
  endloop
 endfacet
 facet normal  0.25157 0.375875 0.891869
  outer loop
   vertex -8.04315 -11.2854 -0.522717
   vertex -7.16402 -10.2425 -1.21022
   vertex -8.01379  -9.5996 -1.24147
  endloop
 endfacet
 facet normal  0.28359 0.354423 0.891045
  outer loop
   vertex -8.01379  -9.5996 -1.24147
   vertex -8.80594  -8.8872 -1.27272
   vertex -8.97405 -10.5597 -0.553967
  endloop
 endfacet
 facet normal -0.406426 0.199728 -0.891586
  outer loop
   vertex  11.3385 -5.28219  3.75854
   vertex  11.7524 -4.30049  3.78979
   vertex  12.6199 -5.74376  3.07104
  endloop
 endfacet
 facet normal -0.413829 0.194191 -0.889402
  outer loop
   vertex  11.7524 -4.30049  3.78979
   vertex  13.0657 -4.65041  3.10229
   vertex  12.6199 -5.74376  3.07104
  endloop
 endfacet
 facet normal -0.394793 0.229236 -0.889713
  outer loop
   vertex  12.6199 -5.74376  3.07104
   vertex  12.0805 -6.79385  3.03979
   vertex  11.3385 -5.28219  3.75854
  endloop
 endfacet
 facet normal 0.231443 -0.394347 -0.88934
  outer loop
   vertex -8.14614  11.2992  1.72729
   vertex -7.15988  11.9485  1.69604
   vertex -7.25948  10.2691  2.41479
  endloop
 endfacet
 facet normal 0.223519 -0.39468 -0.891216
  outer loop
   vertex -7.15988  11.9485  1.69604
   vertex -6.36393  10.8469  2.38354
   vertex -7.25948  10.2691  2.41479
  endloop
 endfacet
 facet normal 0.255828 -0.374596 -0.891196
  outer loop
   vertex -7.25948  10.2691  2.41479
   vertex  -8.1033  9.61851  2.44604
   vertex -8.14614  11.2992  1.72729
  endloop
 endfacet
 facet normal 0.407373 -0.210024 0.888784
  outer loop
   vertex  -10.645  6.68731 0.539787
   vertex -11.7215  7.50867  1.22729
   vertex -12.3156  6.48858  1.25854
  endloop
 endfacet
 facet normal -0.041453 -0.453434 0.890325
  outer loop
   vertex  2.20814   12.381 0.102291
   vertex  2.57367  13.6975 0.789791
   vertex  1.40513  13.8657 0.821041
  endloop
 endfacet
 facet normal -0.00233094 -0.455636 0.890163
  outer loop
   vertex  1.40513  13.8657 0.821041
   vertex 0.226574  13.9328 0.852291
   vertex  1.15196  12.5239 0.133541
  endloop
 endfacet
 facet normal 0.00301407 -0.452849 0.891582
  outer loop
   vertex 0.226574  13.9328 0.852291
   vertex 0.0875669  12.5783 0.164791
   vertex  1.15196  12.5239 0.133541
  endloop
 endfacet
 facet normal 0.281361 -0.358319 0.890193
  outer loop
   vertex -7.49432  11.7497 -1.24146
   vertex -8.45921  11.0696 -1.21021
   vertex -6.85846   10.541 -1.92896
  endloop
 endfacet
 facet normal 0.316136 -0.339637 0.885836
  outer loop
   vertex -8.45921  11.0696 -1.21021
   vertex -9.36292    10.31 -1.17896
   vertex  -8.5973  10.0913 -1.53605
  endloop
 endfacet
 facet normal 0.308908 -0.323953  0.89422
  outer loop
   vertex  -8.5973  10.0913 -1.53605
   vertex -8.53947  9.23437 -1.86646
   vertex -7.72668  9.92315 -1.89771
  endloop
 endfacet
 facet normal 0.304218 -0.339375 0.890099
  outer loop
   vertex -8.45921  11.0696 -1.21021
   vertex  -8.5973  10.0913 -1.53605
   vertex -7.72668  9.92315 -1.89771
  endloop
 endfacet
 facet normal 0.283559 -0.353393 0.891464
  outer loop
   vertex -6.85846   10.541 -1.92896
   vertex -8.45921  11.0696 -1.21021
   vertex -7.72668  9.92315 -1.89771
  endloop
 endfacet
 facet normal 0.252137 -0.386487 0.887161
  outer loop
   vertex -6.60569  11.4973 -1.60395
   vertex -6.47386  12.3437 -1.27271
   vertex -7.49432  11.7497 -1.24146
  endloop
 endfacet
 facet normal 0.249765 -0.370102 0.894786
  outer loop
   vertex -6.85846   10.541 -1.92896
   vertex -5.94152  11.0842 -1.96021
   vertex -6.60569  11.4973 -1.60395
  endloop
 endfacet
 facet normal -0.184833 0.413517 -0.891538
  outer loop
   vertex  5.93446 -12.5096 -1.80397
   vertex   5.2496 -11.3334 -1.11647
   vertex   6.1956 -10.8432 -1.08522
  endloop
 endfacet
 facet normal -0.218275 0.395592 -0.892112
  outer loop
   vertex   6.1956 -10.8432 -1.08522
   vertex  7.09732 -10.2752 -1.05397
   vertex  6.97987 -11.9609 -1.77272
  endloop
 endfacet
 facet normal -0.225891 0.395358 -0.890318
  outer loop
   vertex  7.09732 -10.2752 -1.05397
   vertex  7.97331 -11.3229 -1.74147
   vertex  6.97987 -11.9609 -1.77272
  endloop
 endfacet
 facet normal -0.337732 -0.308591 -0.889218
  outer loop
   vertex  10.1386  9.52469  1.19604
   vertex  8.47653  9.27257  1.91479
   vertex  9.29836  10.3542  1.22729
  endloop
 endfacet
 facet normal -0.313129 -0.328478 -0.891096
  outer loop
   vertex  8.47653  9.27257  1.91479
   vertex  7.66433  9.96205  1.94604
   vertex  9.29836  10.3542  1.22729
  endloop
 endfacet
 facet normal -0.150832 -0.427469 0.891358
  outer loop
   vertex  5.35605  11.3769 -2.30396
   vertex  4.96502  13.0137 -1.58521
   vertex  4.37343  11.7888 -2.27271
  endloop
 endfacet
 facet normal -0.123877 -0.439527 0.889646
  outer loop
   vertex  4.96502  13.0137 -1.58521
   vertex  3.84684  13.3921 -1.55396
   vertex  4.37343  11.7888 -2.27271
  endloop
 endfacet
 facet normal -0.0853381 -0.447335 0.890286
  outer loop
   vertex  3.84684  13.3921 -1.55396
   vertex  2.70017   13.673 -1.52271
   vertex  3.35946  12.1168 -2.24146
  endloop
 endfacet
 facet normal -0.0769844 -0.444745 0.892342
  outer loop
   vertex  2.70017   13.673 -1.52271
   vertex  2.32157  12.3591 -2.21021
   vertex  3.35946  12.1168 -2.24146
  endloop
 endfacet
 facet normal -0.393571  0.23358 -0.889125
  outer loop
   vertex  12.5649 -5.86011 0.758537
   vertex  12.0154 -6.90488 0.727287
   vertex  11.2912 -5.38913  1.44604
  endloop
 endfacet
 facet normal -0.372623 0.266276 -0.88896
  outer loop
   vertex  12.0154 -6.90488 0.727287
   vertex  11.3793 -7.89944 0.696033
   vertex  10.7875 -6.32803  1.41479
  endloop
 endfacet
 facet normal -0.365352 0.269894 -0.890884
  outer loop
   vertex  11.3793 -7.89944 0.696033
   vertex  10.2048 -7.21995  1.38353
   vertex  10.7875 -6.32803  1.41479
  endloop
 endfacet
 facet normal -0.405667 0.203515 0.891076
  outer loop
   vertex   12.264 -6.45162 0.102287
   vertex  11.1229 -5.71597 -0.585213
   vertex   10.591 -6.63932 -0.616463
  endloop
 endfacet
 facet normal -0.386083 0.235885 0.891795
  outer loop
   vertex   10.591 -6.63932 -0.616463
   vertex  9.98375 -7.51515 -0.647717
   vertex  11.6703 -7.47203 0.0710335
  endloop
 endfacet
 facet normal -0.385624 0.242009 0.890351
  outer loop
   vertex  9.98375 -7.51515 -0.647717
   vertex  10.9919 -8.43807 0.0397835
   vertex  11.6703 -7.47203 0.0710335
  endloop
 endfacet
 facet normal 0.0786427  0.45043 0.889341
  outer loop
   vertex -2.52636 -13.6083  1.94603
   vertex -3.20791 -12.0702  1.22728
   vertex -3.67764 -13.3456  1.91478
  endloop
 endfacet
 facet normal 0.109876 0.439966 0.891267
  outer loop
   vertex -3.20791 -12.0702  1.22728
   vertex -4.22525 -11.7528  1.19603
   vertex -3.67764 -13.3456  1.91478
  endloop
 endfacet
 facet normal 0.510557 0.859534 -0.0230579
  outer loop
   vertex -7.55198 -11.6205 -2.61647
   vertex -7.59935 -11.5807 -2.17897
   vertex -6.58371 -12.1831 -2.14772
  endloop
 endfacet
 facet normal 0.290627 0.354923 0.888575
  outer loop
   vertex -8.72342 -8.96967  1.03978
   vertex  -9.7505 -9.84986  1.72728
   vertex -8.87662 -10.6437  1.75853
  endloop
 endfacet
 facet normal 0.287274  0.95698 -0.0407907
  outer loop
   vertex -3.87819 -11.8768  3.22728
   vertex -4.11705 -11.7931  3.50853
   vertex -3.09591 -12.0983  3.53978
  endloop
 endfacet
 facet normal -0.315635 0.324901 0.891523
  outer loop
   vertex  7.75567  -9.7971 -0.741467
   vertex  9.39624 -10.1756 -0.0227165
   vertex  8.56143 -9.10008 -0.710217
  endloop
 endfacet
 facet normal -0.338583 0.305984 0.889795
  outer loop
   vertex  9.39624 -10.1756 -0.0227165
   vertex  10.2319 -9.34175 0.00853348
   vertex  8.56143 -9.10008 -0.710217
  endloop
 endfacet
 facet normal -0.363123 0.274595 0.890359
  outer loop
   vertex  10.2319 -9.34175 0.00853348
   vertex  10.9919 -8.43807 0.0397835
   vertex  9.30567 -8.33741 -0.678967
  endloop
 endfacet
 facet normal -0.36441 0.266603  0.89226
  outer loop
   vertex  10.9919 -8.43807 0.0397835
   vertex  9.98375 -7.51515 -0.647717
   vertex  9.30567 -8.33741 -0.678967
  endloop
 endfacet
 facet normal 0.317548 -0.328474 0.889533
  outer loop
   vertex -8.66093  10.9094  3.41479
   vertex   -9.551  10.1336  3.44604
   vertex -7.90621  9.77723  2.72729
  endloop
 endfacet
 facet normal 0.333329 -0.310104 0.890353
  outer loop
   vertex   -9.551  10.1336  3.44604
   vertex -9.45653  9.28444  3.11492
   vertex -8.70381   9.0703  2.75854
  endloop
 endfacet
 facet normal 0.319831 -0.321456 0.891277
  outer loop
   vertex -7.90621  9.77723  2.72729
   vertex   -9.551  10.1336  3.44604
   vertex -8.70381   9.0703  2.75854
  endloop
 endfacet
 facet normal 0.291709 -0.346838 0.891409
  outer loop
   vertex -7.90621  9.77723  2.72729
   vertex -7.05249  10.4149  2.69604
   vertex -8.66093  10.9094  3.41479
  endloop
 endfacet
 facet normal 0.246561 0.372398 -0.894722
  outer loop
   vertex -6.76054 -10.5108  3.13353
   vertex -5.83884  -11.046  3.16478
   vertex -6.47221 -11.4805  2.80938
  endloop
 endfacet
 facet normal 0.250577 0.392427 -0.884993
  outer loop
   vertex -6.47221 -11.4805  2.80938
   vertex -6.35574 -12.3038  2.47728
   vertex -7.38172 -11.7192  2.44603
  endloop
 endfacet
 facet normal 0.277753 0.363208 -0.889344
  outer loop
   vertex -7.38172 -11.7192  2.44603
   vertex -8.35542 -11.0511  2.41478
   vertex -6.76054 -10.5108  3.13353
  endloop
 endfacet
 facet normal 0.310792 0.343246 -0.886335
  outer loop
   vertex -8.35542 -11.0511  2.41478
   vertex -9.26963  -10.304  2.38353
   vertex -8.47889 -10.0957  2.74148
  endloop
 endfacet
 facet normal 0.306316 0.327306 -0.893891
  outer loop
   vertex -8.47889 -10.0957  2.74148
   vertex -8.45346 -9.21944  3.07104
   vertex  -7.6343 -9.90071  3.10229
  endloop
 endfacet
 facet normal 0.300903 0.343146 -0.88978
  outer loop
   vertex -8.35542 -11.0511  2.41478
   vertex -8.47889 -10.0957  2.74148
   vertex  -7.6343 -9.90071  3.10229
  endloop
 endfacet
 facet normal 0.280802 0.356528 -0.891088
  outer loop
   vertex -6.76054 -10.5108  3.13353
   vertex -8.35542 -11.0511  2.41478
   vertex  -7.6343 -9.90071  3.10229
  endloop
 endfacet
 facet normal -0.452198 -0.026515 0.891524
  outer loop
   vertex  12.6997 0.457214 -2.61646
   vertex  12.7451 -0.318237 -2.61646
   vertex  13.8829 0.241287 -2.02271
  endloop
 endfacet
 facet normal -0.455216 -0.0500684 0.888972
  outer loop
   vertex  13.8829 0.241287 -2.02271
   vertex  13.8143  1.41985 -1.99146
   vertex  12.6997 0.457214 -2.61646
  endloop
 endfacet
 facet normal -0.450312 -0.0891207 0.888413
  outer loop
   vertex  13.8143  1.41985 -1.99146
   vertex  13.6448  2.58808 -1.96021
   vertex  12.4678   1.9934 -2.61646
  endloop
 endfacet
 facet normal -0.448015 -0.0816881 0.890286
  outer loop
   vertex  12.6072  1.22869 -2.61646
   vertex  13.8143  1.41985 -1.99146
   vertex  12.4678   1.9934 -2.61646
  endloop
 endfacet
 facet normal -0.280033 -0.355322 -0.891811
  outer loop
   vertex  7.56947    10.03  4.25854
   vertex  6.69595    10.64  4.28979
   vertex  8.28935  11.1881  3.57104
  endloop
 endfacet
 facet normal -0.306428 -0.337805 -0.889938
  outer loop
   vertex  8.28935  11.1881  3.57104
   vertex  9.20347  10.4413  3.53979
   vertex  7.56947    10.03  4.25854
  endloop
 endfacet
 facet normal -0.334143 -0.310678 -0.889847
  outer loop
   vertex  9.20347  10.4413  3.53979
   vertex  10.0509  9.61931  3.50854
   vertex  8.38869  9.34843  4.22729
  endloop
 endfacet
 facet normal -0.335917 -0.304072 -0.89146
  outer loop
   vertex  10.0509  9.61931  3.50854
   vertex  9.14834  8.60085  4.19604
   vertex  8.38869  9.34843  4.22729
  endloop
 endfacet
 facet normal 0.325597 -0.332724 0.885031
  outer loop
   vertex -8.14742  10.4745  5.38354
   vertex -9.25805  9.38762  5.38354
   vertex -7.99815  9.70618  5.03979
  endloop
 endfacet
 facet normal  0.32358 -0.318209 0.891089
  outer loop
   vertex -9.25805  9.38762  5.38354
   vertex -8.78777  8.99075  5.07104
   vertex -7.99815  9.70618  5.03979
  endloop
 endfacet
 facet normal 0.293747 -0.342258 0.892509
  outer loop
   vertex -7.99815  9.70618  5.03979
   vertex -7.15079  10.3519  5.00854
   vertex -8.14742  10.4745  5.38354
  endloop
 endfacet
 facet normal -0.33988 -0.305867 0.889341
  outer loop
   vertex  10.0018   7.5977  4.44604
   vertex   11.159  8.31085  5.13354
   vertex  10.4155  9.22787  5.16479
  endloop
 endfacet
 facet normal -0.312723 -0.334254 0.889089
  outer loop
   vertex  10.4155  9.22787  5.16479
   vertex  9.59608  10.0776  5.19604
   vertex  9.32416   8.4202  4.47729
  endloop
 endfacet
 facet normal -0.305212 -0.336285 0.890931
  outer loop
   vertex  9.59608  10.0776  5.19604
   vertex  8.57777  9.18042  4.50854
   vertex  9.32416   8.4202  4.47729
  endloop
 endfacet
 facet normal -0.178322 -0.42089 -0.889412
  outer loop
   vertex  3.91616  11.9489  2.07104
   vertex  4.21888  13.2734  1.38354
   vertex  5.32815  12.8695  1.35229
  endloop
 endfacet
 facet normal -0.213431 -0.404109 -0.889462
  outer loop
   vertex  5.32815  12.8695  1.35229
   vertex  6.39893  12.3727  1.32104
   vertex  4.91396   11.575  2.03979
  endloop
 endfacet
 facet normal -0.217812 -0.397627 -0.89132
  outer loop
   vertex  6.39893  12.3727  1.32104
   vertex  5.87629  11.1179  2.00854
   vertex  4.91396   11.575  2.03979
  endloop
 endfacet
 facet normal  -0.4538 0.0641447 0.888792
  outer loop
   vertex   13.507 -3.14317 0.196037
   vertex   13.732 -1.98427 0.227287
   vertex    12.22 -2.72216 -0.491463
  endloop
 endfacet
 facet normal -0.450137 0.0541806 0.891315
  outer loop
   vertex   13.732 -1.98427 0.227287
   vertex  12.4081 -1.67352 -0.460213
   vertex    12.22 -2.72216 -0.491463
  endloop
 endfacet
 facet normal -0.445199 0.0933168 0.890556
  outer loop
   vertex    12.22 -2.72216 -0.491463
   vertex  11.9418 -3.75085 -0.522713
   vertex   13.507 -3.14317 0.196037
  endloop
 endfacet
 facet normal -0.115811 -0.442783 0.889118
  outer loop
   vertex  4.72445  13.1056  3.03979
   vertex  3.59926  13.4627  3.07104
   vertex  4.15603  11.8738  2.35229
  endloop
 endfacet
 facet normal -0.0822839 -0.448865 0.889803
  outer loop
   vertex  3.59926  13.4627  3.07104
   vertex  2.86849  12.9433  2.74149
   vertex  3.13666  12.1846  2.38354
  endloop
 endfacet
 facet normal -0.107053 -0.440682 0.891257
  outer loop
   vertex  4.15603  11.8738  2.35229
   vertex  3.59926  13.4627  3.07104
   vertex  3.13666  12.1846  2.38354
  endloop
 endfacet
 facet normal -0.145301 -0.430204 0.890961
  outer loop
   vertex  4.15603  11.8738  2.35229
   vertex  5.14412  11.4753  2.32104
   vertex  4.72445  13.1056  3.03979
  endloop
 endfacet
 facet normal -0.538731 -0.842336 0.0154676
  outer loop
   vertex  7.26999  10.2572 -2.61646
   vertex  7.19742  10.3082 -2.36646
   vertex   6.2999  10.8828 -2.33521
  endloop
 endfacet
 facet normal -0.157698 -0.429891 -0.889002
  outer loop
   vertex  4.13773  11.8799 -2.55396
   vertex  3.11772  12.1894 -2.52271
   vertex  3.27575  12.3253 -2.61646
  endloop
 endfacet
 facet normal 0.0511538 -0.448806 0.892164
  outer loop
   vertex -0.143795  12.5803  4.78979
   vertex -1.17325  13.6432  5.38354
   vertex -1.20777  12.5211  4.82104
  endloop
 endfacet
 facet normal 0.0922112 -0.468797  0.87848
  outer loop
   vertex -1.17325  13.6432  5.38354
   vertex -2.69694  13.3435  5.38354
   vertex -1.96323  13.1173   5.1858
  endloop
 endfacet
 facet normal 0.0876628 -0.436705 0.895323
  outer loop
   vertex -1.96323  13.1173   5.1858
   vertex -2.26326  12.3733  4.85229
   vertex -1.20777  12.5211  4.82104
  endloop
 endfacet
 facet normal 0.345095 0.301064 0.888971
  outer loop
   vertex -10.1194 -7.36231 0.977283
   vertex -11.2845 -8.05684  1.66478
   vertex -10.5549  -8.9854  1.69603
  endloop
 endfacet
 facet normal 0.319367 0.329294 0.888578
  outer loop
   vertex -10.5549  -8.9854  1.69603
   vertex  -9.7505 -9.84986  1.72728
   vertex -9.45599 -8.19599  1.00853
  endloop
 endfacet
 facet normal 0.312012 0.331398 0.890406
  outer loop
   vertex  -9.7505 -9.84986  1.72728
   vertex -8.72342 -8.96967  1.03978
   vertex -9.45599 -8.19599  1.00853
  endloop
 endfacet
 facet normal -0.340089 0.313901 0.886457
  outer loop
   vertex  10.1441 -9.43591 -2.30397
   vertex  9.24499 -9.52751 -2.61647
   vertex  9.30049 -10.2616 -2.33522
  endloop
 endfacet
 facet normal -0.323586 0.317077  0.89149
  outer loop
   vertex  9.24499 -9.52751 -2.61647
   vertex  8.70089 -10.0828 -2.61647
   vertex  9.30049 -10.2616 -2.33522
  endloop
 endfacet
 facet normal -0.309733 0.342164 0.887124
  outer loop
   vertex  8.70089 -10.0828 -2.61647
   vertex  8.12457 -10.6045 -2.61647
   vertex  8.38964 -11.0127 -2.36647
  endloop
 endfacet
 facet normal 0.348343 -0.289279 0.891614
  outer loop
   vertex -8.78777  8.99075  5.07104
   vertex -9.25805  9.38762  5.38354
   vertex -9.51484  8.21154  5.10229
  endloop
 endfacet
 facet normal 0.388065 -0.293645 0.873601
  outer loop
   vertex -9.25805  9.38762  5.38354
   vertex -10.6643  7.52916  5.38354
   vertex -9.51484  8.21154  5.10229
  endloop
 endfacet
 facet normal 0.346919 -0.937774 0.0150362
  outer loop
   vertex -4.92175  13.0352 -0.678959
   vertex -5.40564  12.8462 -1.30396
   vertex -4.29832  13.2554 -1.33521
  endloop
 endfacet
 facet normal 0.152157 0.429303 0.890251
  outer loop
   vertex -5.89358 -12.5363  1.85228
   vertex -4.80281 -12.9877  1.88353
   vertex -5.21276 -11.3519  1.16478
  endloop
 endfacet
 facet normal 0.145677 0.428355  0.89179
  outer loop
   vertex -4.80281 -12.9877  1.88353
   vertex -4.22525 -11.7528  1.19603
   vertex -5.21276 -11.3519  1.16478
  endloop
 endfacet
 facet normal 0.180473 0.414127 0.892148
  outer loop
   vertex -5.21276 -11.3519  1.16478
   vertex  -6.1634 -10.8703  1.13353
   vertex -5.89358 -12.5363  1.85228
  endloop
 endfacet
 facet normal 0.309196 -0.326497 -0.893195
  outer loop
   vertex  -9.7282    9.392 -2.61646
   vertex -9.36108  9.38443 -2.48661
   vertex -9.45199  8.28572 -2.11646
  endloop
 endfacet
 facet normal  0.30711 -0.326559 -0.893892
  outer loop
   vertex -9.36108  9.38443 -2.48661
   vertex -8.71976  9.05988 -2.14771
   vertex -9.45199  8.28572 -2.11646
  endloop
 endfacet
 facet normal 0.334969 -0.301014 -0.892853
  outer loop
   vertex -9.45199  8.28572 -2.11646
   vertex -10.1171  7.45293 -2.08521
   vertex -10.8007  8.26798 -2.61646
  endloop
 endfacet
 facet normal  0.35211 -0.285631 -0.89131
  outer loop
   vertex -10.1171  7.45293 -2.08521
   vertex -10.9171  7.50742 -2.41872
   vertex -10.8007  8.26798 -2.61646
  endloop
 endfacet
 facet normal        0        0        1
  outer loop
   vertex  11.3174 -8.18246  5.38354
   vertex  12.1816 -6.83773  5.38354
   vertex  11.8854 -6.97127  5.38354
  endloop
 endfacet
 facet normal 0.465994 -0.151856 0.871659
  outer loop
   vertex -11.7095   5.4476  5.38354
   vertex -12.1905  3.97175  5.38354
   vertex -11.7016  4.57501  5.22729
  endloop
 endfacet
 facet normal 0.432747 -0.119232 0.893596
  outer loop
   vertex -12.1905  3.97175  5.38354
   vertex -12.0442  3.56576  5.25854
   vertex -11.7016  4.57501  5.22729
  endloop
 endfacet
 facet normal -0.416484 -0.178943 0.891359
  outer loop
   vertex  11.5764  4.82475  4.35229
   vertex  11.9399  3.82287  4.32104
   vertex  12.8765  5.22336  5.03979
  endloop
 endfacet
 facet normal -0.422859 -0.173673 0.889397
  outer loop
   vertex  11.9399  3.82287  4.32104
   vertex  13.2683  4.10943  5.00854
   vertex  12.8765  5.22336  5.03979
  endloop
 endfacet
 facet normal -0.344998 -0.297843 0.890093
  outer loop
   vertex   10.136   7.4068 -0.178959
   vertex  11.3096  8.10198 0.508541
   vertex  10.5852  9.03443 0.539791
  endloop
 endfacet
 facet normal 0.315468 0.330955 0.889353
  outer loop
   vertex -9.37551  -8.2803  3.32104
   vertex  -10.471 -9.08356  4.00854
   vertex -9.65945  -9.9411  4.03979
  endloop
 endfacet
 facet normal 0.286365 0.356449 0.889347
  outer loop
   vertex -9.65945  -9.9411  4.03979
   vertex -8.77847 -10.7268  4.07103
   vertex -8.63632 -9.04774  3.35229
  endloop
 endfacet
 facet normal 0.278648 0.357901 0.891214
  outer loop
   vertex -8.77847 -10.7268  4.07103
   vertex  -7.8348 -9.74959  3.38354
   vertex -8.63632 -9.04774  3.35229
  endloop
 endfacet
 facet normal 0.0941247 -0.477152 -0.873766
  outer loop
   vertex -4.37433  12.4474 -2.61646
   vertex -2.08763  12.8985 -2.61646
   vertex -3.20861  12.1624 -2.33521
  endloop
 endfacet
 facet normal 0.0719584 -0.449705 -0.890274
  outer loop
   vertex -2.08763  12.8985 -2.61646
   vertex -2.16758  12.3908 -2.36646
   vertex -3.20861  12.1624 -2.33521
  endloop
 endfacet
 facet normal 0.358921 -0.933053 -0.0242446
  outer loop
   vertex -4.22696  11.8481 -2.30396
   vertex -3.98828  11.9326 -2.02271
   vertex -4.98256  11.5493 -1.99146
  endloop
 endfacet
 facet normal 0.223752 -0.385758 -0.895056
  outer loop
   vertex -6.46357  10.7884  4.69604
   vertex -7.35243  10.2003  4.72729
   vertex -7.43512  10.9789  4.37103
  endloop
 endfacet
 facet normal 0.239227 -0.398856 -0.88526
  outer loop
   vertex -7.43512  10.9789  4.37103
   vertex -8.25126  11.2246  4.03979
   vertex -7.27063  11.8821  4.00854
  endloop
 endfacet
 facet normal 0.201117 -0.41061 -0.889354
  outer loop
   vertex -7.27063  11.8821  4.00854
   vertex  -6.2383  12.4555  3.97729
   vertex -6.46357  10.7884  4.69604
  endloop
 endfacet
 facet normal 0.168586 -0.431012 -0.886458
  outer loop
   vertex  -6.2383  12.4555  3.97729
   vertex -5.16178  12.9408  3.94604
   vertex -5.29894  12.1527  4.30313
  endloop
 endfacet
 facet normal 0.157666 -0.421323  -0.8931
  outer loop
   vertex -5.29894  12.1527  4.30313
   vertex  -4.5545  11.7309  4.63354
   vertex -5.52887  11.3001  4.66479
  endloop
 endfacet
 facet normal 0.171985 -0.423602 -0.889372
  outer loop
   vertex  -6.2383  12.4555  3.97729
   vertex -5.29894  12.1527  4.30313
   vertex -5.52887  11.3001  4.66479
  endloop
 endfacet
 facet normal 0.194892 -0.410407 -0.890833
  outer loop
   vertex -6.46357  10.7884  4.69604
   vertex  -6.2383  12.4555  3.97729
   vertex -5.52887  11.3001  4.66479
  endloop
 endfacet
 facet normal 0.195025 0.980752  0.00951
  outer loop
   vertex -3.41997 -13.4214 -2.61647
   vertex -3.28644 -13.4534 -2.05397
   vertex -2.12845 -13.6839 -2.02272
  endloop
 endfacet
 facet normal -0.403301 -0.206911 -0.891368
  outer loop
   vertex  11.0687  5.91191  1.78979
   vertex  10.5284   6.8304  1.82104
   vertex  12.2054  6.65802  1.10229
  endloop
 endfacet
 facet normal -0.403309 -0.214835 -0.889487
  outer loop
   vertex  10.5284   6.8304  1.82104
   vertex  11.5974  7.67004  1.13354
   vertex  12.2054  6.65802  1.10229
  endloop
 endfacet
 facet normal -0.419966 -0.17984 -0.889543
  outer loop
   vertex  12.2054  6.65802  1.10229
   vertex  12.7254  5.59828  1.07104
   vertex  11.0687  5.91191  1.78979
  endloop
 endfacet
 facet normal -0.421493 0.166235 -0.891465
  outer loop
   vertex  11.7108 -4.40962  1.47729
   vertex  12.0438 -3.39772  1.50854
   vertex  13.0221 -4.77155 0.789787
  endloop
 endfacet
 facet normal -0.431584 0.139972 -0.891147
  outer loop
   vertex  12.0438 -3.39772  1.50854
   vertex   12.851 -3.00156  1.17984
   vertex  13.3824 -3.64729 0.821037
  endloop
 endfacet
 facet normal -0.42686 0.161529 -0.889774
  outer loop
   vertex  13.0221 -4.77155 0.789787
   vertex  12.0438 -3.39772  1.50854
   vertex  13.3824 -3.64729 0.821037
  endloop
 endfacet
 facet normal -0.411584 0.198423 -0.889509
  outer loop
   vertex  13.0221 -4.77155 0.789787
   vertex  12.5649 -5.86011 0.758537
   vertex  11.7108 -4.40962  1.47729
  endloop
 endfacet
 facet normal 0.450368 -0.0539253 0.891213
  outer loop
   vertex -13.7548  2.01425  1.38354
   vertex -12.4311  1.70742 0.696037
   vertex -12.2436  2.75655 0.664787
  endloop
 endfacet
 facet normal 0.443203 -0.0909201 0.891798
  outer loop
   vertex -12.2436  2.75655 0.664787
   vertex -11.9694  3.78649 0.633537
   vertex -13.5411  3.17527  1.35229
  endloop
 endfacet
 facet normal 0.444993 -0.097372 0.890225
  outer loop
   vertex -11.9694  3.78649 0.633537
   vertex -13.2294  4.31378  1.32104
   vertex -13.5411  3.17527  1.35229
  endloop
 endfacet
 facet normal 0.454472 -0.016139 0.890615
  outer loop
   vertex   -12.53 0.646485 0.727287
   vertex -12.4311  1.70742 0.696037
   vertex -13.8704 0.839147  1.41479
  endloop
 endfacet
 facet normal 0.456912 -0.0213093 0.889256
  outer loop
   vertex -12.4311  1.70742 0.696037
   vertex -13.7548  2.01425  1.38354
   vertex -13.8704 0.839147  1.41479
  endloop
 endfacet
 facet normal 0.458214 0.016786 0.888684
  outer loop
   vertex -13.8704 0.839147  1.41479
   vertex -13.8878 -0.341599  1.44604
   vertex   -12.53 0.646485 0.727287
  endloop
 endfacet
 facet normal -0.431707 -0.138119 -0.891377
  outer loop
   vertex  11.8678   4.0648  4.03979
   vertex  11.4851  5.05928  4.07104
   vertex    13.11  4.61913  3.35229
  endloop
 endfacet
 facet normal -0.433277 -0.147661 -0.889082
  outer loop
   vertex  11.4851  5.05928  4.07104
   vertex  12.6723  5.71545  3.38354
   vertex    13.11  4.61913  3.35229
  endloop
 endfacet
 facet normal -0.443652 -0.10907 -0.889537
  outer loop
   vertex    13.11  4.61913  3.35229
   vertex  13.4506  3.48855  3.32104
   vertex  11.8678   4.0648  4.03979
  endloop
 endfacet
 facet normal 0.439844 -0.124471 -0.889406
  outer loop
   vertex -13.4124    3.676  1.97729
   vertex -12.3212  2.39616  2.69604
   vertex  -13.675  2.52494  2.00854
  endloop
 endfacet
 facet normal 0.443797 -0.092981 -0.891291
  outer loop
   vertex -12.3212  2.39616  2.69604
   vertex -12.4792  1.34254  2.72729
   vertex  -13.675  2.52494  2.00854
  endloop
 endfacet
 facet normal  0.44724 -0.0543475 -0.892761
  outer loop
   vertex -12.4792  1.34254  2.72729
   vertex -12.5461 0.279145  2.75854
   vertex -13.2078 0.690633    2.402
  endloop
 endfacet
 facet normal 0.458791 -0.0477883 -0.887258
  outer loop
   vertex -13.2078 0.690633    2.402
   vertex -13.9013 0.176874  2.07104
   vertex  -13.839  1.35593  2.03979
  endloop
 endfacet
 facet normal 0.448837 -0.0867315 -0.889395
  outer loop
   vertex  -13.839  1.35593  2.03979
   vertex  -13.675  2.52494  2.00854
   vertex -12.4792  1.34254  2.72729
  endloop
 endfacet
 facet normal -0.16809 0.424024 -0.889916
  outer loop
   vertex  5.31122 -12.0514 0.840355
   vertex  5.35678 -11.2868  1.19603
   vertex  6.05086 -12.4546 0.508533
  endloop
 endfacet
 facet normal -0.188695 0.412526 -0.891188
  outer loop
   vertex  5.35678 -11.2868  1.19603
   vertex  6.29852 -10.7885  1.22728
   vertex  6.05086 -12.4546 0.508533
  endloop
 endfacet
 facet normal -0.222948 0.394176 -0.891583
  outer loop
   vertex  6.29852 -10.7885  1.22728
   vertex  7.19402 -10.2114  1.25853
   vertex  7.09085 -11.8954 0.539783
  endloop
 endfacet
 facet normal -0.23028 0.393884 -0.889846
  outer loop
   vertex  7.19402 -10.2114  1.25853
   vertex  8.07786 -11.2478 0.571033
   vertex  7.09085 -11.8954 0.539783
  endloop
 endfacet
 facet normal 0.196616 -0.408664 0.891255
  outer loop
   vertex -5.58878  12.2283  5.38354
   vertex -5.30392  11.4112  4.94604
   vertex -4.31883   11.817  4.91479
  endloop
 endfacet
 facet normal 0.083658 -0.448101 -0.89006
  outer loop
   vertex -2.65445  13.6852 -0.741459
   vertex -3.32046  12.1332 -0.0227089
   vertex -3.80205  13.4089 -0.710209
  endloop
 endfacet
 facet normal  0.11321 -0.437915 -0.89186
  outer loop
   vertex -3.32046  12.1332 -0.0227089
   vertex -4.33517  11.8072 0.00854111
   vertex -3.80205  13.4089 -0.710209
  endloop
 endfacet
 facet normal 0.149556 -0.427657 -0.891483
  outer loop
   vertex -4.33517  11.8072 0.00854111
   vertex -5.31924  11.3979 0.0397911
   vertex -4.92175  13.0352 -0.678959
  endloop
 endfacet
 facet normal 0.158983 -0.428955 -0.889225
  outer loop
   vertex -5.31924  11.3979 0.0397911
   vertex -6.00624  12.5685 -0.647709
   vertex -4.92175  13.0352 -0.678959
  endloop
 endfacet
 facet normal 0.425447 -0.219347 -0.877998
  outer loop
   vertex -13.1598  4.26576 -2.61646
   vertex  -11.736  7.02727 -2.61646
   vertex  -11.228  5.63609 -2.02271
  endloop
 endfacet
 facet normal 0.419009 -0.174278  -0.8911
  outer loop
   vertex -11.6648  4.66436 -1.99146
   vertex -12.0167  3.65866 -1.96021
   vertex -13.1598  4.26576 -2.61646
  endloop
 endfacet
 facet normal -0.344565  0.29364 0.891656
  outer loop
   vertex    9.386 -8.25343  1.63353
   vertex  8.64928 -9.02302  1.60228
   vertex  10.3187  -9.2466  2.32104
  endloop
 endfacet
 facet normal -0.36674 0.271539 0.889813
  outer loop
   vertex  10.3187  -9.2466  2.32104
   vertex  11.0693 -8.33525  2.35229
   vertex    9.386 -8.25343  1.63353
  endloop
 endfacet
 facet normal -0.388537  0.23875 0.889965
  outer loop
   vertex  11.0693 -8.33525  2.35229
   vertex  11.7385 -7.36278  2.38354
   vertex  10.0546 -7.42384  1.66478
  endloop
 endfacet
 facet normal -0.389013 0.231358 0.891707
  outer loop
   vertex  11.7385 -7.36278  2.38354
   vertex  10.6514 -6.54089  1.69604
   vertex  10.0546 -7.42384  1.66478
  endloop
 endfacet
 facet normal -0.398851 -0.219921 0.890254
  outer loop
   vertex  12.0164  5.52566    2.402
   vertex   12.449  6.18442  2.75854
   vertex  11.1868  5.69048  2.07104
  endloop
 endfacet
 facet normal -0.390661 -0.239042 0.888956
  outer loop
   vertex   12.449  6.18442  2.75854
   vertex  11.8854  7.22169  2.78979
   vertex  11.1868  5.69048  2.07104
  endloop
 endfacet
 facet normal -0.368471 -0.271449 0.889125
  outer loop
   vertex  11.8854  7.22169  2.78979
   vertex   11.235   8.2069  2.82104
   vertex  10.6686  6.62151  2.10229
  endloop
 endfacet
 facet normal -0.359951 -0.275508 0.891364
  outer loop
   vertex   11.235   8.2069  2.82104
   vertex  10.0708  7.50366  2.13354
   vertex  10.6686  6.62151  2.10229
  endloop
 endfacet
 facet normal -0.449569 0.0558253 -0.891499
  outer loop
   vertex   12.448 -1.30716  1.57104
   vertex   12.518 -0.243678  1.60229
   vertex  13.8088 -1.32713 0.883537
  endloop
 endfacet
 facet normal -0.454259 0.0489291 -0.889525
  outer loop
   vertex   12.518 -0.243678  1.60229
   vertex  13.8746 -0.148102 0.914787
   vertex  13.8088 -1.32713 0.883537
  endloop
 endfacet
 facet normal -0.448214 0.0866867 -0.889713
  outer loop
   vertex  13.8088 -1.32713 0.883537
   vertex  13.6447 -2.49634 0.852287
   vertex   12.448 -1.30716  1.57104
  endloop
 endfacet
 facet normal -0.443112 0.0929804 -0.891631
  outer loop
   vertex   12.448 -1.30716  1.57104
   vertex  13.6447 -2.49634 0.852287
   vertex  12.2897 -2.36104  1.53979
  endloop
 endfacet
 facet normal -0.445737 0.125634 -0.886304
  outer loop
   vertex  13.6447 -2.49634 0.852287
   vertex  13.3824 -3.64729 0.821037
   vertex   12.851 -3.00156  1.17984
  endloop
 endfacet
 facet normal -0.427411 0.128356 -0.894899
  outer loop
   vertex   12.851 -3.00156  1.17984
   vertex  12.0438 -3.39772  1.50854
   vertex  12.2897 -2.36104  1.53979
  endloop
 endfacet
 facet normal -0.345369 0.299421  0.88942
  outer loop
   vertex  9.58558 -10.0013  4.60228
   vertex   10.404 -9.15014  4.63354
   vertex  8.73334 -8.94211  3.91479
  endloop
 endfacet
 facet normal -0.366804 0.272104 0.889615
  outer loop
   vertex   10.404 -9.15014  4.63354
   vertex  10.2431 -8.28681  4.30313
   vertex   9.4654 -8.16765  3.94604
  endloop
 endfacet
 facet normal -0.347049 0.292087 0.891203
  outer loop
   vertex  8.73334 -8.94211  3.91479
   vertex   10.404 -9.15014  4.63354
   vertex   9.4654 -8.16765  3.94604
  endloop
 endfacet
 facet normal -0.32018 0.320935 0.891339
  outer loop
   vertex  8.73334 -8.94211  3.91479
   vertex  7.93698 -9.64981  3.88354
   vertex  9.58558 -10.0013  4.60228
  endloop
 endfacet
 facet normal 0.0232147 -0.454039 0.890679
  outer loop
   vertex -0.0278392  12.5781  2.47729
   vertex 0.450234   13.254  2.80939
   vertex 0.0977178  13.9332  3.16479
  endloop
 endfacet
 facet normal 0.0401603 -0.455043 0.889563
  outer loop
   vertex 0.0977178  13.9332  3.16479
   vertex -1.08227  13.8901  3.19604
   vertex -0.0278392  12.5781  2.47729
  endloop
 endfacet
 facet normal 0.0779989 -0.450443 0.889391
  outer loop
   vertex -1.08227  13.8901  3.19604
   vertex -2.25468  13.7488  3.22729
   vertex  -1.0926  12.5309  2.50854
  endloop
 endfacet
 facet normal 0.0836074 -0.446086 0.891076
  outer loop
   vertex -2.25468  13.7488  3.22729
   vertex -2.14967  12.3952  2.53979
   vertex  -1.0926  12.5309  2.50854
  endloop
 endfacet
 facet normal -0.778172 0.627812 -0.017352
  outer loop
   vertex  9.54868 -8.05956  1.35228
   vertex    9.386 -8.25343  1.63353
   vertex  10.0546 -7.42384  1.66478
  endloop
 endfacet
 facet normal -0.230788 -0.396844 0.888399
  outer loop
   vertex  8.07584  11.3364 -1.67896
   vertex   7.0868  11.9816 -1.64771
   vertex  7.19742  10.3082 -2.36646
  endloop
 endfacet
 facet normal -0.223244 -0.397119 0.890201
  outer loop
   vertex   7.0868  11.9816 -1.64771
   vertex   6.2999  10.8828 -2.33521
   vertex  7.19742  10.3082 -2.36646
  endloop
 endfacet
 facet normal -0.25687 -0.375872 0.890358
  outer loop
   vertex  7.19742  10.3082 -2.36646
   vertex  8.04111  9.65759 -2.39771
   vertex  8.07584  11.3364 -1.67896
  endloop
 endfacet
 facet normal -0.45848 -0.0546906  0.88702
  outer loop
   vertex  13.8802 0.370063 0.289787
   vertex  13.8002  1.54783 0.321037
   vertex  13.1824 0.833726 -0.0423088
  endloop
 endfacet
 facet normal -0.44647 -0.0928604 0.889967
  outer loop
   vertex  13.8002  1.54783 0.321037
   vertex  13.6199  2.71448 0.352287
   vertex  12.4364    1.516 -0.366463
  endloop
 endfacet
 facet normal -0.446023 -0.132128 0.885215
  outer loop
   vertex  13.6199  2.71448 0.352287
   vertex  13.3419  3.86206 0.383537
   vertex  12.8147  3.24374 0.025589
  endloop
 endfacet
 facet normal -0.427052 -0.132579 0.894455
  outer loop
   vertex  12.8147  3.24374 0.025589
   vertex   12.013   3.6027 -0.303963
   vertex  12.2687  2.56838 -0.335213
  endloop
 endfacet
 facet normal -0.443024 -0.0594148 0.894539
  outer loop
   vertex  12.4364    1.516 -0.366463
   vertex  12.5159 0.453161 -0.397713
   vertex  13.1824 0.833726 -0.0423088
  endloop
 endfacet
 facet normal -0.43989 -0.119831 0.890021
  outer loop
   vertex  12.8147  3.24374 0.025589
   vertex  12.2687  2.56838 -0.335213
   vertex  13.6199  2.71448 0.352287
  endloop
 endfacet
 facet normal -0.44298 -0.0970816  0.89126
  outer loop
   vertex  12.2687  2.56838 -0.335213
   vertex  12.4364    1.516 -0.366463
   vertex  13.6199  2.71448 0.352287
  endloop
 endfacet
 facet normal 0.997378 0.0723236 -0.00263404
  outer loop
   vertex -12.5257 -0.55359 -1.83521
   vertex -12.5432 -0.302303 -1.55396
   vertex  -12.466 -1.36492 -1.52271
  endloop
 endfacet
 facet normal 0.809017 0.587785 3.73704e-07
  outer loop
   vertex -11.7864 -7.52244  6.88354
   vertex -10.8468 -8.81564  6.88354
   vertex -10.8468 -8.81564  5.38354
  endloop
 endfacet
 facet normal 0.985354 0.170523 5.42079e-08
  outer loop
   vertex -13.9176 -1.54935  6.88354
   vertex  -13.645 -3.12442  6.88354
   vertex  -13.645 -3.12442  5.38354
  endloop
 endfacet
 facet normal 0.466668 0.884433 5.62307e-07
  outer loop
   vertex -7.23838 -11.9424  6.88353
   vertex -5.82462 -12.6883  6.88353
   vertex -5.82462 -12.6883  5.38353
  endloop
 endfacet
 facet normal -0.516398 0.856349 5.44452e-07
  outer loop
   vertex  7.89339 -11.5101  6.88353
   vertex  7.89339 -11.5101  5.38353
   vertex  6.52453 -12.3355  5.38353
  endloop
 endfacet
 facet normal -0.897398 -0.441221 -1.4026e-07
  outer loop
   vertex  12.1816  6.93079  6.88354
   vertex  12.1816  6.93079  5.38354
   vertex  12.8869  5.49631  5.38354
  endloop
 endfacet
 facet normal -0.610648 -0.791902 -5.03478e-07
  outer loop
   vertex  7.89339  11.6031  6.88354
   vertex  7.89339  11.6031  5.38354
   vertex  9.15924   10.627  5.38354
  endloop
 endfacet
 facet normal -0.198591 0.980083 6.2312e-07
  outer loop
   vertex  3.55024 -13.4935  6.88353
   vertex  3.55024 -13.4935  5.38353
   vertex   1.9836  -13.811  5.38353
  endloop
 endfacet
 facet normal -0.993482 0.113991 2.71775e-08
  outer loop
   vertex  13.9684 -0.752712  6.88354
   vertex  13.9684 -0.752711  5.38354
   vertex  13.7861 -2.34078  5.38354
  endloop
 endfacet
 facet normal 0.564444 -0.825472 -5.24821e-07
  outer loop
   vertex -7.23838  12.0354  6.88354
   vertex -8.55788  11.1332  6.88354
   vertex -8.55788  11.1332  5.38354
  endloop
 endfacet
 facet normal 0.959493 0.281731 8.956e-08
  outer loop
   vertex -13.1946 -4.65816  6.88354
   vertex -13.1946 -4.65816  5.38354
   vertex  -13.645 -3.12442  5.38354
  endloop
 endfacet
 facet normal -0.897399 0.441221 1.4026e-07
  outer loop
   vertex  12.8869 -5.40325  6.88354
   vertex  12.8869 -5.40325  5.38354
   vertex  12.1816 -6.83773  5.38354
  endloop
 endfacet
 facet normal       -1        0       -0
  outer loop
   vertex  13.9684 0.845775  6.88354
   vertex  13.9684 0.845776  5.38354
   vertex  13.9684 -0.752711  5.38354
  endloop
 endfacet
 facet normal 0.254218 -0.967147 -6.14895e-07
  outer loop
   vertex -4.33505  13.3613  6.88354
   vertex -4.33505  13.3613  5.38354
   vertex -2.78908  13.7677  5.38354
  endloop
 endfacet
 facet normal -0.941844 -0.33605 -1.06827e-07
  outer loop
   vertex  12.8869  5.49631  6.88354
   vertex  12.8869  5.49631  5.38354
   vertex  13.4241  3.99079  5.38354
  endloop
 endfacet
 facet normal 0.998369 0.0570885 1.36109e-08
  outer loop
   vertex -14.0088 0.0465323  6.88354
   vertex -13.9176 -1.54935  6.88354
   vertex -13.9176 -1.54935  5.38354
  endloop
 endfacet
 facet normal 0.870746 -0.491733 -1.56318e-07
  outer loop
   vertex -11.7864   7.6155  6.88354
   vertex -12.5724  6.22363  6.88354
   vertex -12.5724  6.22363  5.38354
  endloop
 endfacet
 facet normal -0.696937 0.717132 4.5594e-07
  outer loop
   vertex  9.15924  -10.534  6.88353
   vertex  10.3056 -9.41992  6.88354
   vertex  10.3056 -9.41992  5.38354
  endloop
 endfacet
 facet normal  0.65486 -0.75575 -4.80493e-07
  outer loop
   vertex -8.55788  11.1332  6.88354
   vertex -9.76594  10.0864  6.88354
   vertex -9.76594  10.0864  5.38354
  endloop
 endfacet
 facet normal -0.309017 -0.951057 -6.04666e-07
  outer loop
   vertex  3.55024  13.5866  6.88354
   vertex  3.55024  13.5866  5.38354
   vertex   5.0705  13.0926  5.38354
  endloop
 endfacet
 facet normal 0.985354 -0.170523 -4.06559e-08
  outer loop
   vertex  -13.645  3.21749  6.88354
   vertex -13.9176  1.64241  6.88354
   vertex -13.9176  1.64241  5.38354
  endloop
 endfacet
 facet normal 0.362807 -0.931864 -5.92463e-07
  outer loop
   vertex -5.82462  12.7814  6.88354
   vertex -5.82462  12.7814  5.38354
   vertex -4.33505  13.3613  5.38354
  endloop
 endfacet
 facet normal 0.142315 -0.989821 -6.29312e-07
  outer loop
   vertex -2.78908  13.7677  6.88354
   vertex -2.78908  13.7677  5.38354
   vertex -1.20686  13.9952  5.38354
  endloop
 endfacet
 facet normal -0.774142 -0.633012 -4.02458e-07
  outer loop
   vertex  10.3056  9.51298  6.88354
   vertex  10.3056  9.51298  5.38354
   vertex  11.3174  8.27553  5.38354
  endloop
 endfacet
 facet normal 0.998369 -0.0570885 -1.58795e-08
  outer loop
   vertex -13.9176  1.64241  6.88354
   vertex -14.0088 0.0465323  6.88354
   vertex -14.0088 0.0465327  5.38354
  endloop
 endfacet
 facet normal 0.870746 0.491733 1.56318e-07
  outer loop
   vertex -12.5724 -6.13056  6.88354
   vertex -11.7864 -7.52244  6.88354
   vertex -11.7864 -7.52244  5.38354
  endloop
 endfacet
 facet normal -0.874228 -0.485451 -0.00789627
  outer loop
   vertex  11.7845  7.39082  5.38354
   vertex  11.8196  7.33221  5.10229
   vertex  12.3928  6.30033  5.07104
  endloop
 endfacet
 facet normal       -0        0       -1
  outer loop
   vertex -7.22874  11.2305 -2.61646
   vertex  -8.5317  10.3833 -2.61646
   vertex  -9.1156  12.6661 -2.61646
  endloop
 endfacet
 facet normal        0        0       -1
  outer loop
   vertex  -8.5317  10.3833 -2.61646
   vertex  -9.9701  11.9945 -2.61646
   vertex -9.88688  12.0679 -2.61646
  endloop
 endfacet
 facet normal        0       -0       -1
  outer loop
   vertex  -9.1156  12.6661 -2.61646
   vertex  -8.5317  10.3833 -2.61646
   vertex -9.88688  12.0679 -2.61646
  endloop
 endfacet
 facet normal        0        0       -1
  outer loop
   vertex  -9.1156  12.6661 -2.61646
   vertex -8.30828  13.2148 -2.61646
   vertex -7.22874  11.2305 -2.61646
  endloop
 endfacet
 facet normal        0        0       -1
  outer loop
   vertex -8.30828  13.2148 -2.61646
   vertex  -7.4681  13.7117 -2.61646
   vertex -7.22874  11.2305 -2.61646
  endloop
 endfacet
 facet normal        0        0       -1
  outer loop
   vertex  -7.4681  13.7117 -2.61646
   vertex -6.59838  14.1548 -2.61646
   vertex -5.83703  11.9222 -2.61646
  endloop
 endfacet
 facet normal        0        0       -1
  outer loop
   vertex -6.59838  14.1548 -2.61646
   vertex -5.70255  14.5425 -2.61646
   vertex -5.83703  11.9222 -2.61646
  endloop
 endfacet
 facet normal        0        0       -1
  outer loop
   vertex -5.70255  14.5425 -2.61646
   vertex -4.78415  14.8731 -2.61646
   vertex -4.37433  12.4474 -2.61646
  endloop
 endfacet
 facet normal        0        0       -1
  outer loop
   vertex -4.78415  14.8731 -2.61646
   vertex  -3.8468  15.1454 -2.61646
   vertex -4.37433  12.4474 -2.61646
  endloop
 endfacet
 facet normal        0        0       -1
  outer loop
   vertex  -3.8468  15.1454 -2.61646
   vertex  -2.8942  15.3584 -2.61646
   vertex -2.08763  12.8985 -2.61646
  endloop
 endfacet
 facet normal        0        0       -1
  outer loop
   vertex  -2.8942  15.3584 -2.61646
   vertex  -1.9301  15.5111 -2.61646
   vertex -2.08763  12.8985 -2.61646
  endloop
 endfacet
 facet normal        0       -0       -1
  outer loop
   vertex  -1.9301  15.5111 -2.61646
   vertex -0.958331  15.6029 -2.61646
   vertex -2.08763  12.8985 -2.61646
  endloop
 endfacet
 facet normal        0        0       -1
  outer loop
   vertex -0.958331  15.6029 -2.61646
   vertex 0.0172974  15.6336 -2.61646
   vertex 0.239152  12.9284 -2.61646
  endloop
 endfacet
 facet normal        0        0       -1
  outer loop
   vertex 0.0172974  15.6336 -2.61646
   vertex 0.992925  15.6029 -2.61646
   vertex 0.239152  12.9284 -2.61646
  endloop
 endfacet
 facet normal        0        0       -1
  outer loop
   vertex 0.992925  15.6029 -2.61646
   vertex   1.9647  15.5111 -2.61646
   vertex  1.77572  12.7175 -2.61646
  endloop
 endfacet
 facet normal        0       -0       -1
  outer loop
   vertex   1.9647  15.5111 -2.61646
   vertex  2.92879  15.3584 -2.61646
   vertex  1.77572  12.7175 -2.61646
  endloop
 endfacet
 facet normal        0        0       -1
  outer loop
   vertex  2.92879  15.3584 -2.61646
   vertex   3.8814  15.1454 -2.61646
   vertex  3.27575  12.3253 -2.61646
  endloop
 endfacet
 facet normal        0        0       -1
  outer loop
   vertex  1.77572  12.7175 -2.61646
   vertex  2.92879  15.3584 -2.61646
   vertex  3.27575  12.3253 -2.61646
  endloop
 endfacet
 facet normal        0       -0       -1
  outer loop
   vertex   3.8814  15.1454 -2.61646
   vertex  4.81875  14.8731 -2.61646
   vertex  3.27575  12.3253 -2.61646
  endloop
 endfacet
 facet normal        0       -0       -1
  outer loop
   vertex  4.81875  14.8731 -2.61646
   vertex  5.73715  14.5425 -2.61646
   vertex  4.71794  11.7545 -2.61646
  endloop
 endfacet
 facet normal        0        0       -1
  outer loop
   vertex  3.27575  12.3253 -2.61646
   vertex  4.81875  14.8731 -2.61646
   vertex  4.71794  11.7545 -2.61646
  endloop
 endfacet
 facet normal        0       -0       -1
  outer loop
   vertex  5.73715  14.5425 -2.61646
   vertex  6.63298  14.1548 -2.61646
   vertex  4.71794  11.7545 -2.61646
  endloop
 endfacet
 facet normal        0       -0       -1
  outer loop
   vertex  6.63298  14.1548 -2.61646
   vertex   7.5027  13.7117 -2.61646
   vertex  5.41069   11.403 -2.61646
  endloop
 endfacet
 facet normal        0        0       -1
  outer loop
   vertex  4.71794  11.7545 -2.61646
   vertex  6.63298  14.1548 -2.61646
   vertex  5.41069   11.403 -2.61646
  endloop
 endfacet
 facet normal        0       -0       -1
  outer loop
   vertex   7.5027  13.7117 -2.61646
   vertex  8.34288  13.2148 -2.61646
   vertex  6.08099   11.008 -2.61646
  endloop
 endfacet
 facet normal        0       -0       -1
  outer loop
   vertex  8.34288  13.2148 -2.61646
   vertex   9.1502  12.6661 -2.61646
   vertex  7.26999  10.2572 -2.61646
  endloop
 endfacet
 facet normal        0        0       -1
  outer loop
   vertex  6.08099   11.008 -2.61646
   vertex  8.34288  13.2148 -2.61646
   vertex  7.26999  10.2572 -2.61646
  endloop
 endfacet
 facet normal        0       -0       -1
  outer loop
   vertex   9.1502  12.6661 -2.61646
   vertex  9.92147  12.0679 -2.61646
   vertex  7.26999  10.2572 -2.61646
  endloop
 endfacet
 facet normal        0       -0       -1
  outer loop
   vertex  9.92147  12.0679 -2.61646
   vertex  10.6537  11.4224 -2.61646
   vertex  8.36745  9.37802 -2.61646
  endloop
 endfacet
 facet normal        0        0       -1
  outer loop
   vertex  7.26999  10.2572 -2.61646
   vertex  9.92147  12.0679 -2.61646
   vertex  8.36745  9.37802 -2.61646
  endloop
 endfacet
 facet normal        0       -0       -1
  outer loop
   vertex  10.6537  11.4224 -2.61646
   vertex  11.3439  10.7321 -2.61646
   vertex  8.36745  9.37802 -2.61646
  endloop
 endfacet
 facet normal        0       -0       -1
  outer loop
   vertex  11.3439  10.7321 -2.61646
   vertex  11.9894  9.99996 -2.61646
   vertex  9.35958   8.3815 -2.61646
  endloop
 endfacet
 facet normal 9.86938e-07 7.65546e-07       -1
  outer loop
   vertex  11.9894  9.99996 -2.61646
   vertex  12.5877  9.22868 -2.61646
   vertex  10.2339  7.28016 -2.61646
  endloop
 endfacet
 facet normal 1.03717e-06 7.04864e-07       -1
  outer loop
   vertex  12.5877  9.22868 -2.61646
   vertex  13.1363  8.42136 -2.61646
   vertex  10.2339  7.28016 -2.61646
  endloop
 endfacet
 facet normal -1.91696e-06 3.40665e-06       -1
  outer loop
   vertex  13.1363  8.42136 -2.61646
   vertex  13.6332  7.58118 -2.61646
   vertex  10.9794  6.08786 -2.61646
  endloop
 endfacet
 facet normal        0       -0       -1
  outer loop
   vertex  13.6332  7.58118 -2.61646
   vertex  14.0763  6.71146 -2.61646
   vertex  10.9794  6.08786 -2.61646
  endloop
 endfacet
 facet normal        0       -0       -1
  outer loop
   vertex  14.0763  6.71146 -2.61646
   vertex   14.464  5.81563 -2.61646
   vertex  11.5867  4.81958 -2.61646
  endloop
 endfacet
 facet normal        0       -0       -1
  outer loop
   vertex   14.464  5.81563 -2.61646
   vertex  14.7946  4.89723 -2.61646
   vertex  11.5867  4.81958 -2.61646
  endloop
 endfacet
 facet normal        0       -0       -1
  outer loop
   vertex  14.7946  4.89723 -2.61646
   vertex   15.067  3.95988 -2.61646
   vertex  12.0482  3.49128 -2.61646
  endloop
 endfacet
 facet normal        0       -0       -1
  outer loop
   vertex   15.067  3.95988 -2.61646
   vertex  15.2799  3.00727 -2.61646
   vertex  12.2814  2.74853 -2.61646
  endloop
 endfacet
 facet normal        0        0       -1
  outer loop
   vertex  12.0482  3.49128 -2.61646
   vertex   15.067  3.95988 -2.61646
   vertex  12.2814  2.74853 -2.61646
  endloop
 endfacet
 facet normal        0       -0       -1
  outer loop
   vertex  15.2799  3.00727 -2.61646
   vertex  15.4326  2.04318 -2.61646
   vertex  12.4678   1.9934 -2.61646
  endloop
 endfacet
 facet normal        0       -0       -1
  outer loop
   vertex  15.4326  2.04318 -2.61646
   vertex  15.5245   1.0714 -2.61646
   vertex  12.6072  1.22869 -2.61646
  endloop
 endfacet
 facet normal        0        0       -1
  outer loop
   vertex  15.2799  3.00727 -2.61646
   vertex  12.4678   1.9934 -2.61646
   vertex  12.2814  2.74853 -2.61646
  endloop
 endfacet
 facet normal        0       -0       -1
  outer loop
   vertex  15.5245   1.0714 -2.61646
   vertex  15.5551 0.0957778 -2.61646
   vertex  12.6997 0.457214 -2.61646
  endloop
 endfacet
 facet normal        0        0       -1
  outer loop
   vertex  15.5551 0.0957778 -2.61646
   vertex  15.5245 -0.87985 -2.61646
   vertex  12.7451 -0.318237 -2.61646
  endloop
 endfacet
 facet normal       -0        0       -1
  outer loop
   vertex  15.5245   1.0714 -2.61646
   vertex  12.6997 0.457214 -2.61646
   vertex  12.6072  1.22869 -2.61646
  endloop
 endfacet
 facet normal        0        0       -1
  outer loop
   vertex  15.5245 -0.87985 -2.61646
   vertex  15.4326 -1.85163 -2.61646
   vertex  12.7436 -1.09486 -2.61646
  endloop
 endfacet
 facet normal        0        0       -1
  outer loop
   vertex  15.4326 -1.85163 -2.61646
   vertex  15.2799 -2.81572 -2.61646
   vertex  12.6949 -1.86986 -2.61646
  endloop
 endfacet
 facet normal        0       -0       -1
  outer loop
   vertex  12.7436 -1.09486 -2.61646
   vertex  15.4326 -1.85163 -2.61646
   vertex  12.6949 -1.86986 -2.61646
  endloop
 endfacet
 facet normal       -0        0       -1
  outer loop
   vertex  15.2799 -2.81572 -2.61646
   vertex   15.067 -3.76832 -2.61646
   vertex  12.5991 -2.64042 -2.61646
  endloop
 endfacet
 facet normal       -0        0       -1
  outer loop
   vertex   15.067 -3.76832 -2.61646
   vertex  14.7946 -4.70567 -2.61646
   vertex  12.4559 -3.40336 -2.61646
  endloop
 endfacet
 facet normal        0       -0       -1
  outer loop
   vertex  12.4559 -3.40336 -2.61646
   vertex  14.7946 -4.70567 -2.61646
   vertex  12.2661 -4.15603 -2.61646
  endloop
 endfacet
 facet normal       -0        0       -1
  outer loop
   vertex  14.7946 -4.70567 -2.61646
   vertex   14.464 -5.62407 -2.61646
   vertex  12.2661 -4.15603 -2.61646
  endloop
 endfacet
 facet normal       -0        0       -1
  outer loop
   vertex   14.464 -5.62407 -2.61646
   vertex  14.0763  -6.5199 -2.61646
   vertex  11.7528 -5.62117 -2.61646
  endloop
 endfacet
 facet normal       -0        0       -1
  outer loop
   vertex  14.0763  -6.5199 -2.61646
   vertex  13.6332 -7.38962 -2.61646
   vertex  11.7528 -5.62117 -2.61646
  endloop
 endfacet
 facet normal 6.07579e-07 4.18103e-06       -1
  outer loop
   vertex  13.6332 -7.38962 -2.61646
   vertex  13.1363  -8.2298 -2.61647
   vertex  11.0705 -7.01722 -2.61646
  endloop
 endfacet
 facet normal -1.32004e-06 8.97093e-07       -1
  outer loop
   vertex  13.1363  -8.2298 -2.61647
   vertex  12.5877 -9.03712 -2.61647
   vertex  11.0705 -7.01722 -2.61646
  endloop
 endfacet
 facet normal       -0        0       -1
  outer loop
   vertex  12.5877 -9.03712 -2.61647
   vertex  11.9894  -9.8084 -2.61647
   vertex  10.2308 -8.32555 -2.61647
  endloop
 endfacet
 facet normal       -0        0       -1
  outer loop
   vertex  11.9894  -9.8084 -2.61647
   vertex  11.3439 -10.5406 -2.61647
   vertex  10.2308 -8.32555 -2.61647
  endloop
 endfacet
 facet normal       -0        0       -1
  outer loop
   vertex  11.3439 -10.5406 -2.61647
   vertex  10.6537 -11.2308 -2.61647
   vertex  9.24499 -9.52751 -2.61647
  endloop
 endfacet
 facet normal        0       -0       -1
  outer loop
   vertex  10.2308 -8.32555 -2.61647
   vertex  11.3439 -10.5406 -2.61647
   vertex  9.24499 -9.52751 -2.61647
  endloop
 endfacet
 facet normal       -0        0       -1
  outer loop
   vertex  10.6537 -11.2308 -2.61647
   vertex  9.92148 -11.8763 -2.61647
   vertex  8.70089 -10.0828 -2.61647
  endloop
 endfacet
 facet normal       -0        0       -1
  outer loop
   vertex  9.92148 -11.8763 -2.61647
   vertex   9.1502 -12.4746 -2.61647
   vertex  8.12457 -10.6045 -2.61647
  endloop
 endfacet
 facet normal        0        0       -1
  outer loop
   vertex  10.6537 -11.2308 -2.61647
   vertex  8.70089 -10.0828 -2.61647
   vertex  9.24499 -9.52751 -2.61647
  endloop
 endfacet
 facet normal       -0        0       -1
  outer loop
   vertex   9.1502 -12.4746 -2.61647
   vertex  8.34288 -13.0232 -2.61647
   vertex  8.12457 -10.6045 -2.61647
  endloop
 endfacet
 facet normal       -0        0       -1
  outer loop
   vertex  8.34288 -13.0232 -2.61647
   vertex   7.5027 -13.5201 -2.61647
   vertex  6.88531 -11.5398 -2.61647
  endloop
 endfacet
 facet normal       -0        0       -1
  outer loop
   vertex   7.5027 -13.5201 -2.61647
   vertex  6.63298 -13.9633 -2.61647
   vertex  5.54673  -12.325 -2.61647
  endloop
 endfacet
 facet normal       -0        0       -1
  outer loop
   vertex  6.63298 -13.9633 -2.61647
   vertex  5.73715 -14.3509 -2.61647
   vertex  5.54673  -12.325 -2.61647
  endloop
 endfacet
 facet normal       -0        0       -1
  outer loop
   vertex  5.73715 -14.3509 -2.61647
   vertex  4.81875 -14.6816 -2.61647
   vertex  4.12703 -12.9539 -2.61647
  endloop
 endfacet
 facet normal       -0        0       -1
  outer loop
   vertex  4.81875 -14.6816 -2.61647
   vertex   3.8814 -14.9539 -2.61647
   vertex  4.12703 -12.9539 -2.61647
  endloop
 endfacet
 facet normal       -0        0       -1
  outer loop
   vertex   3.8814 -14.9539 -2.61647
   vertex   2.9288 -15.1668 -2.61647
   vertex  2.64439 -13.4202 -2.61647
  endloop
 endfacet
 facet normal       -0        0       -1
  outer loop
   vertex   2.9288 -15.1668 -2.61647
   vertex   1.9647 -15.3195 -2.61647
   vertex  2.64439 -13.4202 -2.61647
  endloop
 endfacet
 facet normal       -0        0       -1
  outer loop
   vertex   1.9647 -15.3195 -2.61647
   vertex 0.992926 -15.4114 -2.61647
   vertex  1.11702 -13.7177 -2.61647
  endloop
 endfacet
 facet normal       -0        0       -1
  outer loop
   vertex 0.992926 -15.4114 -2.61647
   vertex 0.0172987  -15.442 -2.61647
   vertex  1.11702 -13.7177 -2.61647
  endloop
 endfacet
 facet normal        0        0       -1
  outer loop
   vertex 0.0172987  -15.442 -2.61647
   vertex -0.958326 -15.4114 -2.61647
   vertex -0.436882   -13.84 -2.61647
  endloop
 endfacet
 facet normal        0        0       -1
  outer loop
   vertex -0.958326 -15.4114 -2.61647
   vertex  -1.9301 -15.3195 -2.61647
   vertex  -1.9398 -13.7118 -2.61647
  endloop
 endfacet
 facet normal       -0        0       -1
  outer loop
   vertex -0.436882   -13.84 -2.61647
   vertex -0.958326 -15.4114 -2.61647
   vertex  -1.9398 -13.7118 -2.61647
  endloop
 endfacet
 facet normal        0        0       -1
  outer loop
   vertex  -1.9301 -15.3195 -2.61647
   vertex  -2.8942 -15.1668 -2.61647
   vertex  -1.9398 -13.7118 -2.61647
  endloop
 endfacet
 facet normal        0        0       -1
  outer loop
   vertex  -2.8942 -15.1668 -2.61647
   vertex  -3.8468 -14.9539 -2.61647
   vertex -3.41997 -13.4214 -2.61647
  endloop
 endfacet
 facet normal        0        0       -1
  outer loop
   vertex  -3.8468 -14.9539 -2.61647
   vertex -4.78415 -14.6816 -2.61647
   vertex -3.41997 -13.4214 -2.61647
  endloop
 endfacet
 facet normal        0        0       -1
  outer loop
   vertex -4.78415 -14.6816 -2.61647
   vertex -5.70255 -14.3509 -2.61647
   vertex -4.85992 -12.9722 -2.61647
  endloop
 endfacet
 facet normal        0        0       -1
  outer loop
   vertex -5.70255 -14.3509 -2.61647
   vertex -6.59838 -13.9633 -2.61647
   vertex -4.85992 -12.9722 -2.61647
  endloop
 endfacet
 facet normal        0        0       -1
  outer loop
   vertex -6.59838 -13.9633 -2.61647
   vertex  -7.4681 -13.5201 -2.61647
   vertex -6.24269 -12.3695 -2.61647
  endloop
 endfacet
 facet normal        0        0       -1
  outer loop
   vertex  -7.4681 -13.5201 -2.61647
   vertex -8.30828 -13.0232 -2.61647
   vertex -7.55198 -11.6205 -2.61647
  endloop
 endfacet
 facet normal        0        0       -1
  outer loop
   vertex -8.30828 -13.0232 -2.61647
   vertex  -9.1156 -12.4746 -2.61647
   vertex -7.55198 -11.6205 -2.61647
  endloop
 endfacet
 facet normal        0        0       -1
  outer loop
   vertex  -9.1156 -12.4746 -2.61647
   vertex -9.88688 -11.8763 -2.61647
   vertex -8.77235  -10.734 -2.61647
  endloop
 endfacet
 facet normal        0        0       -1
  outer loop
   vertex -9.88688 -11.8763 -2.61647
   vertex -10.6191 -11.2308 -2.61647
   vertex -8.77235  -10.734 -2.61647
  endloop
 endfacet
 facet normal        0        0       -1
  outer loop
   vertex -10.6191 -11.2308 -2.61647
   vertex -11.3093 -10.5406 -2.61647
   vertex -9.88943 -9.72042 -2.61647
  endloop
 endfacet
 facet normal        0        0       -1
  outer loop
   vertex -11.3093 -10.5406 -2.61647
   vertex -11.9548  -9.8084 -2.61647
   vertex   -10.89  -8.5917 -2.61647
  endloop
 endfacet
 facet normal       -0        0       -1
  outer loop
   vertex -9.88943 -9.72042 -2.61647
   vertex -11.3093 -10.5406 -2.61647
   vertex   -10.89  -8.5917 -2.61647
  endloop
 endfacet
 facet normal        0        0       -1
  outer loop
   vertex -11.9548  -9.8084 -2.61647
   vertex -12.5531 -9.03712 -2.61647
   vertex   -10.89  -8.5917 -2.61647
  endloop
 endfacet
 facet normal 1.97686e-06 1.34348e-06       -1
  outer loop
   vertex -12.5531 -9.03712 -2.61647
   vertex -13.1017  -8.2298 -2.61647
   vertex -11.7624 -7.36115 -2.61646
  endloop
 endfacet
 facet normal -6.97657e-08 4.49912e-06       -1
  outer loop
   vertex -13.1017  -8.2298 -2.61647
   vertex -13.5986 -7.38963 -2.61646
   vertex -11.7624 -7.36115 -2.61646
  endloop
 endfacet
 facet normal        0        0       -1
  outer loop
   vertex -13.5986 -7.38963 -2.61646
   vertex -14.0417 -6.51991 -2.61646
   vertex -12.4962 -6.04329 -2.61646
  endloop
 endfacet
 facet normal        0        0       -1
  outer loop
   vertex -14.0417 -6.51991 -2.61646
   vertex -14.4294 -5.62408 -2.61646
   vertex -12.4962 -6.04329 -2.61646
  endloop
 endfacet
 facet normal        0        0       -1
  outer loop
   vertex -14.4294 -5.62408 -2.61646
   vertex   -14.76 -4.70567 -2.61646
   vertex -13.0828 -4.65364 -2.61646
  endloop
 endfacet
 facet normal        0        0       -1
  outer loop
   vertex   -14.76 -4.70567 -2.61646
   vertex -15.0324 -3.76832 -2.61646
   vertex -13.5153 -3.20858 -2.61646
  endloop
 endfacet
 facet normal        0        0       -1
  outer loop
   vertex -15.0324 -3.76832 -2.61646
   vertex -15.2453 -2.81572 -2.61646
   vertex -13.5153 -3.20858 -2.61646
  endloop
 endfacet
 facet normal        0        0       -1
  outer loop
   vertex -15.2453 -2.81572 -2.61646
   vertex  -15.398 -1.85163 -2.61646
   vertex -13.7885 -1.72516 -2.61646
  endloop
 endfacet
 facet normal        0        0       -1
  outer loop
   vertex  -15.398 -1.85163 -2.61646
   vertex -15.4899 -0.879851 -2.61646
   vertex -13.7885 -1.72516 -2.61646
  endloop
 endfacet
 facet normal        0        0       -1
  outer loop
   vertex -15.4899 -0.879851 -2.61646
   vertex -15.5205 0.0957769 -2.61646
   vertex -13.8994 -0.220852 -2.61646
  endloop
 endfacet
 facet normal        0        0       -1
  outer loop
   vertex -15.5205 0.0957769 -2.61646
   vertex -15.4899  1.07141 -2.61646
   vertex -13.8994 -0.220852 -2.61646
  endloop
 endfacet
 facet normal        0        0       -1
  outer loop
   vertex -15.4899  1.07141 -2.61646
   vertex  -15.398  2.04318 -2.61646
   vertex -13.8465  1.28661 -2.61646
  endloop
 endfacet
 facet normal        0        0       -1
  outer loop
   vertex  -15.398  2.04318 -2.61646
   vertex -15.2453  3.00727 -2.61646
   vertex -13.6305  2.77945 -2.61646
  endloop
 endfacet
 facet normal        0        0       -1
  outer loop
   vertex -15.2453  3.00727 -2.61646
   vertex -15.0324  3.95988 -2.61646
   vertex -13.6305  2.77945 -2.61646
  endloop
 endfacet
 facet normal        0        0       -1
  outer loop
   vertex -15.0324  3.95988 -2.61646
   vertex   -14.76  4.89723 -2.61646
   vertex -13.1598  4.26576 -2.61646
  endloop
 endfacet
 facet normal        0        0       -1
  outer loop
   vertex   -14.76  4.89723 -2.61646
   vertex -14.4294  5.81563 -2.61646
   vertex -13.1598  4.26576 -2.61646
  endloop
 endfacet
 facet normal        0        0       -1
  outer loop
   vertex -14.4294  5.81563 -2.61646
   vertex -14.0417  6.71146 -2.61646
   vertex -13.1598  4.26576 -2.61646
  endloop
 endfacet
 facet normal        0        0       -1
  outer loop
   vertex -14.0417  6.71146 -2.61646
   vertex -13.5986  7.58118 -2.61646
   vertex  -11.736  7.02727 -2.61646
  endloop
 endfacet
 facet normal 1.14831e-06 3.86123e-06       -1
  outer loop
   vertex -13.5986  7.58118 -2.61646
   vertex -13.1017  8.42136 -2.61646
   vertex  -11.736  7.02727 -2.61646
  endloop
 endfacet
 facet normal        0        0       -1
  outer loop
   vertex -13.1017  8.42136 -2.61646
   vertex -12.5531  9.22867 -2.61646
   vertex -10.8007  8.26798 -2.61646
  endloop
 endfacet
 facet normal        0        0       -1
  outer loop
   vertex -12.5531  9.22867 -2.61646
   vertex -11.9548  9.99995 -2.61646
   vertex -10.8007  8.26798 -2.61646
  endloop
 endfacet
 facet normal        0        0       -1
  outer loop
   vertex -11.9548  9.99995 -2.61646
   vertex -11.3093  10.7321 -2.61646
   vertex  -9.7282    9.392 -2.61646
  endloop
 endfacet
 facet normal        0        0       -1
  outer loop
   vertex -11.3093  10.7321 -2.61646
   vertex -10.6191  11.4224 -2.61646
   vertex  -9.7282    9.392 -2.61646
  endloop
 endfacet
 facet normal        0        0       -1
  outer loop
   vertex -10.6191  11.4224 -2.61646
   vertex -10.2644   11.735 -2.61646
   vertex  -9.7282    9.392 -2.61646
  endloop
 endfacet
 facet normal       -0        0       -1
  outer loop
   vertex  -9.7282    9.392 -2.61646
   vertex -10.8007  8.26798 -2.61646
   vertex -11.9548  9.99995 -2.61646
  endloop
 endfacet
 facet normal        0        0       -1
  outer loop
   vertex  -15.398  2.04318 -2.61646
   vertex -13.6305  2.77945 -2.61646
   vertex -13.8465  1.28661 -2.61646
  endloop
 endfacet
 facet normal        0        0       -1
  outer loop
   vertex -15.0324  3.95988 -2.61646
   vertex -13.1598  4.26576 -2.61646
   vertex -13.6305  2.77945 -2.61646
  endloop
 endfacet
 facet normal        0        0       -1
  outer loop
   vertex -13.7885 -1.72516 -2.61646
   vertex -15.4899 -0.879851 -2.61646
   vertex -13.8994 -0.220852 -2.61646
  endloop
 endfacet
 facet normal        0        0       -1
  outer loop
   vertex -14.4294 -5.62408 -2.61646
   vertex -13.0828 -4.65364 -2.61646
   vertex -12.4962 -6.04329 -2.61646
  endloop
 endfacet
 facet normal -6.978e-07 2.60533e-06       -1
  outer loop
   vertex -12.5531 -9.03712 -2.61647
   vertex -11.7624 -7.36115 -2.61646
   vertex   -10.89  -8.5917 -2.61647
  endloop
 endfacet
 facet normal        0        0       -1
  outer loop
   vertex -13.5986 -7.38963 -2.61646
   vertex -12.4962 -6.04329 -2.61646
   vertex -11.7624 -7.36115 -2.61646
  endloop
 endfacet
 facet normal        0        0       -1
  outer loop
   vertex -6.59838 -13.9633 -2.61647
   vertex -6.24269 -12.3695 -2.61647
   vertex -4.85992 -12.9722 -2.61647
  endloop
 endfacet
 facet normal        0        0       -1
  outer loop
   vertex  -2.8942 -15.1668 -2.61647
   vertex -3.41997 -13.4214 -2.61647
   vertex  -1.9398 -13.7118 -2.61647
  endloop
 endfacet
 facet normal        0        0       -1
  outer loop
   vertex -4.78415 -14.6816 -2.61647
   vertex -4.85992 -12.9722 -2.61647
   vertex -3.41997 -13.4214 -2.61647
  endloop
 endfacet
 facet normal        0        0       -1
  outer loop
   vertex  8.34288 -13.0232 -2.61647
   vertex  6.88531 -11.5398 -2.61647
   vertex  8.12457 -10.6045 -2.61647
  endloop
 endfacet
 facet normal        0       -0       -1
  outer loop
   vertex  6.88531 -11.5398 -2.61647
   vertex   7.5027 -13.5201 -2.61647
   vertex  5.54673  -12.325 -2.61647
  endloop
 endfacet
 facet normal        0        0       -1
  outer loop
   vertex  13.6332 -7.38962 -2.61646
   vertex  11.0705 -7.01722 -2.61646
   vertex  11.7528 -5.62117 -2.61646
  endloop
 endfacet
 facet normal 7.37403e-07 2.44242e-06       -1
  outer loop
   vertex  12.5877 -9.03712 -2.61647
   vertex  10.2308 -8.32555 -2.61647
   vertex  11.0705 -7.01722 -2.61646
  endloop
 endfacet
 facet normal        0        0       -1
  outer loop
   vertex   14.464 -5.62407 -2.61646
   vertex  11.7528 -5.62117 -2.61646
   vertex  12.2661 -4.15603 -2.61646
  endloop
 endfacet
 facet normal        0        0       -1
  outer loop
   vertex  10.9794  6.08786 -2.61646
   vertex  14.0763  6.71146 -2.61646
   vertex  11.5867  4.81958 -2.61646
  endloop
 endfacet
 facet normal        0        0       -1
  outer loop
   vertex  11.3439  10.7321 -2.61646
   vertex  9.35958   8.3815 -2.61646
   vertex  8.36745  9.37802 -2.61646
  endloop
 endfacet
 facet normal        0        0       -1
  outer loop
   vertex   7.5027  13.7117 -2.61646
   vertex  6.08099   11.008 -2.61646
   vertex  5.41069   11.403 -2.61646
  endloop
 endfacet
 facet normal        0       -0       -1
  outer loop
   vertex 0.992925  15.6029 -2.61646
   vertex  1.77572  12.7175 -2.61646
   vertex 0.239152  12.9284 -2.61646
  endloop
 endfacet
 facet normal        0       -0       -1
  outer loop
   vertex -0.958331  15.6029 -2.61646
   vertex 0.239152  12.9284 -2.61646
   vertex -2.08763  12.8985 -2.61646
  endloop
 endfacet
 facet normal       -0        0       -1
  outer loop
   vertex -5.83703  11.9222 -2.61646
   vertex -7.22874  11.2305 -2.61646
   vertex  -7.4681  13.7117 -2.61646
  endloop
 endfacet
 facet normal       -0        0       -1
  outer loop
   vertex -4.37433  12.4474 -2.61646
   vertex -5.83703  11.9222 -2.61646
   vertex -5.70255  14.5425 -2.61646
  endloop
 endfacet
 facet normal -1.43202e-06 2.32687e-06       -1
  outer loop
   vertex  11.9894  9.99996 -2.61646
   vertex  10.2339  7.28016 -2.61646
   vertex  9.35958   8.3815 -2.61646
  endloop
 endfacet
 facet normal        0        0       -1
  outer loop
   vertex  12.6997 0.457214 -2.61646
   vertex  15.5551 0.0957778 -2.61646
   vertex  12.7451 -0.318237 -2.61646
  endloop
 endfacet
 facet normal        0        0       -1
  outer loop
   vertex   3.8814 -14.9539 -2.61647
   vertex  2.64439 -13.4202 -2.61647
   vertex  4.12703 -12.9539 -2.61647
  endloop
 endfacet
 facet normal        0        0       -1
  outer loop
   vertex 0.0172987  -15.442 -2.61647
   vertex -0.436882   -13.84 -2.61647
   vertex  1.11702 -13.7177 -2.61647
  endloop
 endfacet
 facet normal        0        0       -1
  outer loop
   vertex  -7.4681 -13.5201 -2.61647
   vertex -7.55198 -11.6205 -2.61647
   vertex -6.24269 -12.3695 -2.61647
  endloop
 endfacet
 facet normal        0        0       -1
  outer loop
   vertex -10.6191 -11.2308 -2.61647
   vertex -9.88943 -9.72042 -2.61647
   vertex -8.77235  -10.734 -2.61647
  endloop
 endfacet
 facet normal        0        0       -1
  outer loop
   vertex   -14.76 -4.70567 -2.61646
   vertex -13.5153 -3.20858 -2.61646
   vertex -13.0828 -4.65364 -2.61646
  endloop
 endfacet
 facet normal        0        0       -1
  outer loop
   vertex -14.0417  6.71146 -2.61646
   vertex  -11.736  7.02727 -2.61646
   vertex -13.1598  4.26576 -2.61646
  endloop
 endfacet
 facet normal 1.95142e-07 2.9275e-06       -1
  outer loop
   vertex -13.1017  8.42136 -2.61646
   vertex -10.8007  8.26798 -2.61646
   vertex  -11.736  7.02727 -2.61646
  endloop
 endfacet
 facet normal 1.05496e-06 6.59628e-07       -1
  outer loop
   vertex  13.1363  8.42136 -2.61646
   vertex  10.9794  6.08786 -2.61646
   vertex  10.2339  7.28016 -2.61646
  endloop
 endfacet
 facet normal       -0        0       -1
  outer loop
   vertex -2.08763  12.8985 -2.61646
   vertex -4.37433  12.4474 -2.61646
   vertex  -3.8468  15.1454 -2.61646
  endloop
 endfacet
 facet normal        0        0       -1
  outer loop
   vertex -15.4899  1.07141 -2.61646
   vertex -13.8465  1.28661 -2.61646
   vertex -13.8994 -0.220852 -2.61646
  endloop
 endfacet
 facet normal        0        0       -1
  outer loop
   vertex -15.2453 -2.81572 -2.61646
   vertex -13.7885 -1.72516 -2.61646
   vertex -13.5153 -3.20858 -2.61646
  endloop
 endfacet
 facet normal        0        0       -1
  outer loop
   vertex  11.5867  4.81958 -2.61646
   vertex  14.7946  4.89723 -2.61646
   vertex  12.0482  3.49128 -2.61646
  endloop
 endfacet
 facet normal        0        0       -1
  outer loop
   vertex  -9.1156 -12.4746 -2.61647
   vertex -8.77235  -10.734 -2.61647
   vertex -7.55198 -11.6205 -2.61647
  endloop
 endfacet
 facet normal        0        0       -1
  outer loop
   vertex  12.4678   1.9934 -2.61646
   vertex  15.4326  2.04318 -2.61646
   vertex  12.6072  1.22869 -2.61646
  endloop
 endfacet
 facet normal        0       -0       -1
  outer loop
   vertex  12.7451 -0.318237 -2.61646
   vertex  15.5245 -0.87985 -2.61646
   vertex  12.7436 -1.09486 -2.61646
  endloop
 endfacet
 facet normal        0        0       -1
  outer loop
   vertex   1.9647 -15.3195 -2.61647
   vertex  1.11702 -13.7177 -2.61647
   vertex  2.64439 -13.4202 -2.61647
  endloop
 endfacet
 facet normal        0        0       -1
  outer loop
   vertex  12.5991 -2.64042 -2.61646
   vertex  12.6949 -1.86986 -2.61646
   vertex  15.2799 -2.81572 -2.61646
  endloop
 endfacet
 facet normal        0        0       -1
  outer loop
   vertex  12.4559 -3.40336 -2.61646
   vertex  12.5991 -2.64042 -2.61646
   vertex   15.067 -3.76832 -2.61646
  endloop
 endfacet
 facet normal        0        0       -1
  outer loop
   vertex  5.73715 -14.3509 -2.61647
   vertex  4.12703 -12.9539 -2.61647
   vertex  5.54673  -12.325 -2.61647
  endloop
 endfacet
 facet normal 0.303552 -0.366374 -0.87956
  outer loop
   vertex -9.36108  9.38443 -2.48661
   vertex  -9.7282    9.392 -2.61646
   vertex  -8.5317  10.3833 -2.61646
  endloop
 endfacet
 facet normal        0        0       -1
  outer loop
   vertex  -9.7282    9.392 -2.61646
   vertex -10.2644   11.735 -2.61646
   vertex  -8.5317  10.3833 -2.61646
  endloop
 endfacet
 facet normal 0.109134 0.993955 -0.0119476
  outer loop
   vertex  -1.9398 -13.7118 -2.61647
   vertex -2.12845 -13.6839 -2.02272
   vertex -0.954902 -13.8124 -1.99147
  endloop
 endfacet
 facet normal 0.982097 0.180928 0.0524509
  outer loop
   vertex -13.5153 -3.20858 -2.61646
   vertex -13.7885 -1.72516 -2.61646
   vertex -13.7592 -1.92061 -2.49146
  endloop
 endfacet
 facet normal -6.62132e-08 1.64396e-06       -1
  outer loop
   vertex  9.15924   10.627  6.88354
   vertex  10.3056  9.51298  6.88354
   vertex   8.3064  9.43246  6.88354
  endloop
 endfacet
 facet normal        0       -0       -1
  outer loop
   vertex  10.3056  9.51298  6.88354
   vertex  11.3174  8.27553  6.88354
   vertex  9.37712  8.36174  6.88354
  endloop
 endfacet
 facet normal        0        0       -1
  outer loop
   vertex   8.3064  9.43246  6.88354
   vertex  10.3056  9.51298  6.88354
   vertex  9.37712  8.36174  6.88354
  endloop
 endfacet
 facet normal       -0        0       -1
  outer loop
   vertex  11.3174  8.27553  6.88354
   vertex   10.311  7.16976  6.88354
   vertex  9.37712  8.36174  6.88354
  endloop
 endfacet
 facet normal -2.23961e-07 1.75658e-06       -1
  outer loop
   vertex   8.3064  9.43246  6.88354
   vertex  7.11442  10.3663  6.88354
   vertex  9.15924   10.627  6.88354
  endloop
 endfacet
 facet normal 0.0314111 -0.999507 -3.8484e-07
  outer loop
   vertex 0.992926 -15.4114  9.76795
   vertex 0.0172987  -15.442  9.76795
   vertex 0.0172987  -15.442 -2.61647
  endloop
 endfacet
 facet normal 0.0941081 -0.995562 -3.83321e-07
  outer loop
   vertex 0.992926 -15.4114 -2.61647
   vertex   1.9647 -15.3195 -2.61647
   vertex   1.9647 -15.3195  9.76795
  endloop
 endfacet
 facet normal 0.156435 -0.987688 -3.8029e-07
  outer loop
   vertex   1.9647 -15.3195 -2.61647
   vertex   2.9288 -15.1668 -2.61647
   vertex   2.9288 -15.1668  9.76795
  endloop
 endfacet
 facet normal 0.218142 -0.975917 -3.75757e-07
  outer loop
   vertex   3.8814 -14.9539  9.76795
   vertex   2.9288 -15.1668  9.76795
   vertex   2.9288 -15.1668 -2.61647
  endloop
 endfacet
 facet normal 0.278992 -0.960293 -3.69742e-07
  outer loop
   vertex   3.8814 -14.9539  9.76795
   vertex   3.8814 -14.9539 -2.61647
   vertex  4.81875 -14.6816 -2.61647
  endloop
 endfacet
 facet normal 0.338738 -0.940881 -3.62267e-07
  outer loop
   vertex  4.81875 -14.6816 -2.61647
   vertex  5.73715 -14.3509 -2.61647
   vertex  5.73715 -14.3509  9.76795
  endloop
 endfacet
 facet normal 0.397148 -0.917755 -3.53363e-07
  outer loop
   vertex  5.73715 -14.3509 -2.61647
   vertex  6.63298 -13.9633 -2.61647
   vertex  6.63298 -13.9633  9.76795
  endloop
 endfacet
 facet normal 0.453991 -0.891006 -3.43064e-07
  outer loop
   vertex  6.63298 -13.9633 -2.61647
   vertex   7.5027 -13.5201 -2.61647
   vertex   7.5027 -13.5201  9.76795
  endloop
 endfacet
 facet normal 0.509041 -0.860742 -3.31412e-07
  outer loop
   vertex   7.5027 -13.5201 -2.61647
   vertex  8.34288 -13.0232 -2.61647
   vertex  8.34288 -13.0232  9.76795
  endloop
 endfacet
 facet normal 0.562083 -0.827081 -3.18451e-07
  outer loop
   vertex   9.1502 -12.4746  9.76795
   vertex  8.34288 -13.0232  9.76795
   vertex  8.34288 -13.0232 -2.61647
  endloop
 endfacet
 facet normal 0.612907 -0.790155 -3.04233e-07
  outer loop
   vertex  9.92148 -11.8763 -2.61647
   vertex  9.92148 -11.8763  9.76795
   vertex   9.1502 -12.4746  9.76795
  endloop
 endfacet
 facet normal 0.661312 -0.750111 -2.88815e-07
  outer loop
   vertex  10.6537 -11.2308  9.76795
   vertex  9.92148 -11.8763  9.76795
   vertex  9.92148 -11.8763 -2.61647
  endloop
 endfacet
 facet normal 0.707107 -0.707107 -2.72257e-07
  outer loop
   vertex  11.3439 -10.5406  9.76795
   vertex  10.6537 -11.2308  9.76795
   vertex  10.6537 -11.2308 -2.61647
  endloop
 endfacet
 facet normal 0.750111 -0.661312 -2.54625e-07
  outer loop
   vertex  11.9894  -9.8084  9.76795
   vertex  11.3439 -10.5406  9.76795
   vertex  11.3439 -10.5406 -2.61647
  endloop
 endfacet
 facet normal 0.790156 -0.612906 -2.35987e-07
  outer loop
   vertex  12.5877 -9.03713  9.76795
   vertex  11.9894  -9.8084  9.76795
   vertex  11.9894  -9.8084 -2.61647
  endloop
 endfacet
 facet normal 0.827081 -0.562082 -2.16419e-07
  outer loop
   vertex  13.1363  -8.2298  9.76795
   vertex  12.5877 -9.03713  9.76795
   vertex  12.5877 -9.03712 -2.61647
  endloop
 endfacet
 facet normal 0.860742 -0.509042 -1.95996e-07
  outer loop
   vertex  13.1363  -8.2298  9.76795
   vertex  13.1363  -8.2298 -2.61647
   vertex  13.6332 -7.38962 -2.61646
  endloop
 endfacet
 facet normal 0.891006 -0.453991 -1.2236e-07
  outer loop
   vertex  13.6332 -7.38962 -2.61646
   vertex  14.0763  -6.5199 -2.61646
   vertex  14.0763 -6.51991  9.76795
  endloop
 endfacet
 facet normal 0.917755 -0.397148 -1.0704e-07
  outer loop
   vertex   14.464 -5.62407 -2.61646
   vertex   14.464 -5.62408  9.76795
   vertex  14.0763 -6.51991  9.76795
  endloop
 endfacet
 facet normal 0.940881 -0.338738 -9.12971e-08
  outer loop
   vertex  14.7946 -4.70568  9.76795
   vertex   14.464 -5.62408  9.76795
   vertex   14.464 -5.62407 -2.61646
  endloop
 endfacet
 facet normal 0.960293 -0.278992 -8.59363e-08
  outer loop
   vertex  14.7946 -4.70567 -2.61646
   vertex   15.067 -3.76832 -2.61646
   vertex   15.067 -3.76833  9.76795
  endloop
 endfacet
 facet normal 0.975917 -0.218141 -6.29932e-08
  outer loop
   vertex  15.2799 -2.81572 -2.61646
   vertex  15.2799 -2.81572  9.76795
   vertex   15.067 -3.76833  9.76795
  endloop
 endfacet
 facet normal 0.987688 -0.156436 -4.51744e-08
  outer loop
   vertex  15.4326 -1.85163  9.76795
   vertex  15.2799 -2.81572  9.76795
   vertex  15.2799 -2.81572 -2.61646
  endloop
 endfacet
 facet normal 0.995562 -0.0941081 -2.53641e-08
  outer loop
   vertex  15.5245 -0.879854  9.76795
   vertex  15.4326 -1.85163  9.76795
   vertex  15.4326 -1.85163 -2.61646
  endloop
 endfacet
 facet normal 0.999507 -0.0314111 -8.84388e-09
  outer loop
   vertex  15.5245 -0.87985 -2.61646
   vertex  15.5551 0.0957778 -2.61646
   vertex  15.5551 0.0957743  9.76795
  endloop
 endfacet
 facet normal 0.999507 0.0314111 8.76831e-09
  outer loop
   vertex  15.5245   1.0714 -2.61646
   vertex  15.5245   1.0714  9.76795
   vertex  15.5551 0.0957743  9.76795
  endloop
 endfacet
 facet normal 0.995562 0.0941081 2.627e-08
  outer loop
   vertex  15.4326  2.04318  9.76795
   vertex  15.5245   1.0714  9.76795
   vertex  15.5245   1.0714 -2.61646
  endloop
 endfacet
 facet normal 0.987688 0.156436 4.21627e-08
  outer loop
   vertex  15.2799  3.00727  9.76795
   vertex  15.4326  2.04318  9.76795
   vertex  15.4326  2.04318 -2.61646
  endloop
 endfacet
 facet normal 0.975917 0.218141 6.29932e-08
  outer loop
   vertex   15.067  3.95987  9.76795
   vertex  15.2799  3.00727  9.76795
   vertex  15.2799  3.00727 -2.61646
  endloop
 endfacet
 facet normal 0.960293 0.278993 7.51943e-08
  outer loop
   vertex  14.7946  4.89723 -2.61646
   vertex  14.7946  4.89722  9.76795
   vertex   15.067  3.95987  9.76795
  endloop
 endfacet
 facet normal 0.940881 0.338738 9.12969e-08
  outer loop
   vertex   14.464  5.81563 -2.61646
   vertex   14.464  5.81563  9.76795
   vertex  14.7946  4.89722  9.76795
  endloop
 endfacet
 facet normal 0.917755 0.397147 1.0704e-07
  outer loop
   vertex   14.464  5.81563  9.76795
   vertex   14.464  5.81563 -2.61646
   vertex  14.0763  6.71146 -2.61646
  endloop
 endfacet
 facet normal 0.891007  0.45399 1.2236e-07
  outer loop
   vertex  13.6332  7.58117  9.76796
   vertex  14.0763  6.71146  9.76796
   vertex  14.0763  6.71146 -2.61646
  endloop
 endfacet
 facet normal 0.860743 0.509041 1.37197e-07
  outer loop
   vertex  13.6332  7.58117  9.76796
   vertex  13.6332  7.58118 -2.61646
   vertex  13.1363  8.42136 -2.61646
  endloop
 endfacet
 facet normal  0.82708 0.562085 2.1642e-07
  outer loop
   vertex  12.5877  9.22867  9.76796
   vertex  13.1363  8.42135  9.76796
   vertex  13.1363  8.42136 -2.61646
  endloop
 endfacet
 facet normal 0.790156 0.612906 2.35987e-07
  outer loop
   vertex  12.5877  9.22867  9.76796
   vertex  12.5877  9.22868 -2.61646
   vertex  11.9894  9.99996 -2.61646
  endloop
 endfacet
 facet normal 0.750111 0.661312 2.54625e-07
  outer loop
   vertex  11.3439  10.7321 -2.61646
   vertex  11.3439  10.7321  9.76796
   vertex  11.9894  9.99995  9.76796
  endloop
 endfacet
 facet normal 0.707106 0.707107 2.72258e-07
  outer loop
   vertex  10.6537  11.4224  9.76796
   vertex  11.3439  10.7321  9.76796
   vertex  11.3439  10.7321 -2.61646
  endloop
 endfacet
 facet normal 0.661312 0.750111 2.88815e-07
  outer loop
   vertex  10.6537  11.4224  9.76796
   vertex  10.6537  11.4224 -2.61646
   vertex  9.92147  12.0679 -2.61646
  endloop
 endfacet
 facet normal 0.612907 0.790155 3.04233e-07
  outer loop
   vertex  9.92147  12.0679  9.76796
   vertex  9.92147  12.0679 -2.61646
   vertex   9.1502  12.6661 -2.61646
  endloop
 endfacet
 facet normal 0.562085  0.82708 3.18451e-07
  outer loop
   vertex  8.34288  13.2148 -2.61646
   vertex  8.34288  13.2148  9.76796
   vertex   9.1502  12.6661  9.76796
  endloop
 endfacet
 facet normal 0.509041 0.860743 3.31412e-07
  outer loop
   vertex   7.5027  13.7117 -2.61646
   vertex   7.5027  13.7117  9.76796
   vertex  8.34288  13.2148  9.76796
  endloop
 endfacet
 facet normal 0.453991 0.891006 3.43064e-07
  outer loop
   vertex  6.63298  14.1548 -2.61646
   vertex  6.63298  14.1548  9.76796
   vertex   7.5027  13.7117  9.76796
  endloop
 endfacet
 facet normal 0.397148 0.917755 3.53363e-07
  outer loop
   vertex  6.63298  14.1548  9.76796
   vertex  6.63298  14.1548 -2.61646
   vertex  5.73715  14.5425 -2.61646
  endloop
 endfacet
 facet normal 0.338737 0.940881 3.62267e-07
  outer loop
   vertex  5.73715  14.5425 -2.61646
   vertex  4.81875  14.8731 -2.61646
   vertex  4.81875  14.8731  9.76796
  endloop
 endfacet
 facet normal 0.278993 0.960293 3.69742e-07
  outer loop
   vertex   3.8814  15.1454 -2.61646
   vertex   3.8814  15.1454  9.76796
   vertex  4.81875  14.8731  9.76796
  endloop
 endfacet
 facet normal 0.218142 0.975917 3.75757e-07
  outer loop
   vertex  2.92879  15.3584 -2.61646
   vertex  2.92879  15.3584  9.76796
   vertex   3.8814  15.1454  9.76796
  endloop
 endfacet
 facet normal 0.156435 0.987688 3.8029e-07
  outer loop
   vertex   1.9647  15.5111 -2.61646
   vertex   1.9647  15.5111  9.76796
   vertex  2.92879  15.3584  9.76796
  endloop
 endfacet
 facet normal 0.094109 0.995562 3.83321e-07
  outer loop
   vertex 0.992925  15.6029 -2.61646
   vertex 0.992925  15.6029  9.76796
   vertex   1.9647  15.5111  9.76796
  endloop
 endfacet
 facet normal 0.0314101 0.999507 3.8484e-07
  outer loop
   vertex 0.0172974  15.6336  9.76796
   vertex 0.992925  15.6029  9.76796
   vertex 0.992925  15.6029 -2.61646
  endloop
 endfacet
 facet normal -0.0314101 0.999507 3.8484e-07
  outer loop
   vertex 0.0172974  15.6336  9.76796
   vertex 0.0172974  15.6336 -2.61646
   vertex -0.958331  15.6029 -2.61646
  endloop
 endfacet
 facet normal -0.0941094 0.995562 3.83321e-07
  outer loop
   vertex -0.958331  15.6029  9.76796
   vertex -0.958331  15.6029 -2.61646
   vertex  -1.9301  15.5111 -2.61646
  endloop
 endfacet
 facet normal -0.156434 0.987688 3.8029e-07
  outer loop
   vertex  -2.8942  15.3584 -2.61646
   vertex  -2.8942  15.3584  9.76796
   vertex  -1.9301  15.5111  9.76796
  endloop
 endfacet
 facet normal -0.218143 0.975917 3.75757e-07
  outer loop
   vertex  -3.8468  15.1454 -2.61646
   vertex  -3.8468  15.1454  9.76796
   vertex  -2.8942  15.3584  9.76796
  endloop
 endfacet
 facet normal -0.278992 0.960293 3.69742e-07
  outer loop
   vertex -4.78415  14.8731 -2.61646
   vertex -4.78415  14.8731  9.76796
   vertex  -3.8468  15.1454  9.76796
  endloop
 endfacet
 facet normal -0.338738 0.940881 3.62267e-07
  outer loop
   vertex -5.70255  14.5425 -2.61646
   vertex -5.70255  14.5425  9.76796
   vertex -4.78415  14.8731  9.76796
  endloop
 endfacet
 facet normal -0.397148 0.917755 3.53363e-07
  outer loop
   vertex -5.70255  14.5425  9.76796
   vertex -5.70255  14.5425 -2.61646
   vertex -6.59838  14.1548 -2.61646
  endloop
 endfacet
 facet normal -0.453991 0.891006 3.43064e-07
  outer loop
   vertex  -7.4681  13.7117  9.76796
   vertex -6.59838  14.1548  9.76796
   vertex -6.59838  14.1548 -2.61646
  endloop
 endfacet
 facet normal -0.509041 0.860742 3.31412e-07
  outer loop
   vertex  -7.4681  13.7117  9.76796
   vertex  -7.4681  13.7117 -2.61646
   vertex -8.30828  13.2148 -2.61646
  endloop
 endfacet
 facet normal -0.562082 0.827081 3.18451e-07
  outer loop
   vertex -8.30828  13.2148  9.76796
   vertex -8.30828  13.2148 -2.61646
   vertex  -9.1156  12.6661 -2.61646
  endloop
 endfacet
 facet normal -0.612908 0.790154 3.04233e-07
  outer loop
   vertex  -9.1156  12.6661  9.76796
   vertex  -9.1156  12.6661 -2.61646
   vertex -9.88688  12.0679 -2.61646
  endloop
 endfacet
 facet normal -0.661311 0.750112 2.88816e-07
  outer loop
   vertex -10.2644   11.735 -2.61646
   vertex -10.6191  11.4224 -2.61646
   vertex -10.6191  11.4224  9.76796
  endloop
 endfacet
 facet normal -0.661312 0.750111 2.35478e-07
  outer loop
   vertex -10.6191  11.4224  9.76796
   vertex -9.88688  12.0679  9.76796
   vertex -10.2644   11.735 -2.61646
  endloop
 endfacet
 facet normal -0.661308 0.750114 2.88817e-07
  outer loop
   vertex -9.88688  12.0679  9.76796
   vertex -9.88688  12.0679 -2.61646
   vertex  -9.9701  11.9945 -2.61646
  endloop
 endfacet
 facet normal -0.707107 0.707107 2.72257e-07
  outer loop
   vertex -10.6191  11.4224  9.76796
   vertex -10.6191  11.4224 -2.61646
   vertex -11.3093  10.7321 -2.61646
  endloop
 endfacet
 facet normal -0.750111 0.661312 2.54625e-07
  outer loop
   vertex -11.9548  9.99995  9.76796
   vertex -11.3093  10.7321  9.76796
   vertex -11.3093  10.7321 -2.61646
  endloop
 endfacet
 facet normal -0.790155 0.612907 2.35988e-07
  outer loop
   vertex -12.5531  9.22867  9.76796
   vertex -11.9548  9.99995  9.76796
   vertex -11.9548  9.99995 -2.61646
  endloop
 endfacet
 facet normal -0.82708 0.562084 2.16419e-07
  outer loop
   vertex -13.1017  8.42136 -2.61646
   vertex -13.1017  8.42135  9.76796
   vertex -12.5531  9.22867  9.76796
  endloop
 endfacet
 facet normal -0.860741 0.509042 1.95997e-07
  outer loop
   vertex -13.5986  7.58118  9.76796
   vertex -13.1017  8.42135  9.76796
   vertex -13.1017  8.42136 -2.61646
  endloop
 endfacet
 facet normal -0.891006 0.453991 1.2236e-07
  outer loop
   vertex -13.5986  7.58118  9.76796
   vertex -13.5986  7.58118 -2.61646
   vertex -14.0417  6.71146 -2.61646
  endloop
 endfacet
 facet normal -0.917755 0.397147 1.07039e-07
  outer loop
   vertex -14.4294  5.81563  9.76795
   vertex -14.0417  6.71146  9.76796
   vertex -14.0417  6.71146 -2.61646
  endloop
 endfacet
 facet normal -0.94088 0.338739 9.12972e-08
  outer loop
   vertex   -14.76  4.89722  9.76795
   vertex -14.4294  5.81563  9.76795
   vertex -14.4294  5.81563 -2.61646
  endloop
 endfacet
 facet normal -0.960293 0.278993 7.51944e-08
  outer loop
   vertex -15.0324  3.95987  9.76795
   vertex   -14.76  4.89722  9.76795
   vertex   -14.76  4.89723 -2.61646
  endloop
 endfacet
 facet normal -0.975917 0.218142 6.29934e-08
  outer loop
   vertex -15.2453  3.00727  9.76795
   vertex -15.0324  3.95987  9.76795
   vertex -15.0324  3.95988 -2.61646
  endloop
 endfacet
 facet normal -0.987688 0.156435 4.51741e-08
  outer loop
   vertex  -15.398  2.04318  9.76795
   vertex -15.2453  3.00727  9.76795
   vertex -15.2453  3.00727 -2.61646
  endloop
 endfacet
 facet normal -0.995562 0.094109 2.62702e-08
  outer loop
   vertex  -15.398  2.04318 -2.61646
   vertex -15.4899  1.07141 -2.61646
   vertex -15.4899   1.0714  9.76795
  endloop
 endfacet
 facet normal -0.999507 0.0314101 8.84361e-09
  outer loop
   vertex -15.4899  1.07141 -2.61646
   vertex -15.5205 0.0957769 -2.61646
   vertex -15.5205 0.0957734  9.76795
  endloop
 endfacet
 facet normal -0.999507 -0.0314101 -8.76802e-09
  outer loop
   vertex -15.4899 -0.879851 -2.61646
   vertex -15.4899 -0.879855  9.76795
   vertex -15.5205 0.0957734  9.76795
  endloop
 endfacet
 facet normal -0.995562 -0.0941091 -2.71761e-08
  outer loop
   vertex -15.4899 -0.879851 -2.61646
   vertex  -15.398 -1.85163 -2.61646
   vertex  -15.398 -1.85163  9.76795
  endloop
 endfacet
 facet normal -0.987688 -0.156435 -4.51741e-08
  outer loop
   vertex  -15.398 -1.85163  9.76795
   vertex  -15.398 -1.85163 -2.61646
   vertex -15.2453 -2.81572 -2.61646
  endloop
 endfacet
 facet normal -0.975917 -0.218144 -6.71936e-08
  outer loop
   vertex -15.2453 -2.81572 -2.61646
   vertex -15.0324 -3.76832 -2.61646
   vertex -15.0324 -3.76833  9.76795
  endloop
 endfacet
 facet normal -0.960294 -0.278991 -8.59358e-08
  outer loop
   vertex -15.0324 -3.76833  9.76795
   vertex -15.0324 -3.76832 -2.61646
   vertex   -14.76 -4.70567 -2.61646
  endloop
 endfacet
 facet normal -0.94088 -0.338739 -9.12973e-08
  outer loop
   vertex   -14.76 -4.70567 -2.61646
   vertex -14.4294 -5.62408 -2.61646
   vertex -14.4294 -5.62408  9.76795
  endloop
 endfacet
 facet normal -0.917755 -0.397147 -1.07039e-07
  outer loop
   vertex -14.4294 -5.62408  9.76795
   vertex -14.4294 -5.62408 -2.61646
   vertex -14.0417 -6.51991 -2.61646
  endloop
 endfacet
 facet normal -0.891007 -0.45399 -1.2236e-07
  outer loop
   vertex -14.0417 -6.51991 -2.61646
   vertex -13.5986 -7.38963 -2.61646
   vertex -13.5986 -7.38963  9.76795
  endloop
 endfacet
 facet normal -0.860742 -0.509042 -1.37197e-07
  outer loop
   vertex -13.1017  -8.2298  9.76795
   vertex -13.5986 -7.38963  9.76795
   vertex -13.5986 -7.38963 -2.61646
  endloop
 endfacet
 facet normal -0.82708 -0.562084 -2.16419e-07
  outer loop
   vertex -13.1017  -8.2298  9.76795
   vertex -13.1017  -8.2298 -2.61647
   vertex -12.5531 -9.03712 -2.61647
  endloop
 endfacet
 facet normal -0.790156 -0.612906 -2.35987e-07
  outer loop
   vertex -11.9548  -9.8084  9.76795
   vertex -12.5531 -9.03712  9.76795
   vertex -12.5531 -9.03712 -2.61647
  endloop
 endfacet
 facet normal -0.750111 -0.661312 -2.54625e-07
  outer loop
   vertex -11.3093 -10.5406  9.76795
   vertex -11.9548  -9.8084  9.76795
   vertex -11.9548  -9.8084 -2.61647
  endloop
 endfacet
 facet normal -0.707107 -0.707106 -2.72257e-07
  outer loop
   vertex -11.3093 -10.5406  9.76795
   vertex -11.3093 -10.5406 -2.61647
   vertex -10.6191 -11.2308 -2.61647
  endloop
 endfacet
 facet normal -0.661311 -0.750112 -2.88816e-07
  outer loop
   vertex -9.88688 -11.8763  9.76795
   vertex -10.6191 -11.2308  9.76795
   vertex -10.6191 -11.2308 -2.61647
  endloop
 endfacet
 facet normal -0.612908 -0.790154 -3.04233e-07
  outer loop
   vertex  -9.1156 -12.4746  9.76795
   vertex -9.88688 -11.8763  9.76795
   vertex -9.88688 -11.8763 -2.61647
  endloop
 endfacet
 facet normal -0.562082 -0.827081 -3.18451e-07
  outer loop
   vertex -8.30828 -13.0232 -2.61647
   vertex -8.30828 -13.0232  9.76795
   vertex  -9.1156 -12.4746  9.76795
  endloop
 endfacet
 facet normal -0.509041 -0.860742 -3.31412e-07
  outer loop
   vertex  -7.4681 -13.5201  9.76795
   vertex -8.30828 -13.0232  9.76795
   vertex -8.30828 -13.0232 -2.61647
  endloop
 endfacet
 facet normal -0.453991 -0.891006 -3.43064e-07
  outer loop
   vertex -6.59838 -13.9633  9.76795
   vertex  -7.4681 -13.5201  9.76795
   vertex  -7.4681 -13.5201 -2.61647
  endloop
 endfacet
 facet normal -0.397148 -0.917755 -3.53363e-07
  outer loop
   vertex -6.59838 -13.9633 -2.61647
   vertex -5.70255 -14.3509 -2.61647
   vertex -5.70255 -14.3509  9.76795
  endloop
 endfacet
 facet normal -0.338738 -0.940881 -3.62267e-07
  outer loop
   vertex -5.70255 -14.3509 -2.61647
   vertex -4.78415 -14.6816 -2.61647
   vertex -4.78415 -14.6816  9.76795
  endloop
 endfacet
 facet normal -0.278992 -0.960294 -3.69742e-07
  outer loop
   vertex  -3.8468 -14.9539 -2.61647
   vertex  -3.8468 -14.9539  9.76795
   vertex -4.78415 -14.6816  9.76795
  endloop
 endfacet
 facet normal -0.218143 -0.975917 -3.75757e-07
  outer loop
   vertex  -2.8942 -15.1668  9.76795
   vertex  -3.8468 -14.9539  9.76795
   vertex  -3.8468 -14.9539 -2.61647
  endloop
 endfacet
 facet normal -0.156434 -0.987688 -3.8029e-07
  outer loop
   vertex  -1.9301 -15.3195  9.76795
   vertex  -2.8942 -15.1668  9.76795
   vertex  -2.8942 -15.1668 -2.61647
  endloop
 endfacet
 facet normal -0.0941081 -0.995562 -3.83321e-07
  outer loop
   vertex -0.958326 -15.4114  9.76795
   vertex  -1.9301 -15.3195  9.76795
   vertex  -1.9301 -15.3195 -2.61647
  endloop
 endfacet
 facet normal -0.0314111 -0.999507 -3.8484e-07
  outer loop
   vertex 0.0172987  -15.442  9.76795
   vertex -0.958326 -15.4114  9.76795
   vertex -0.958326 -15.4114 -2.61647
  endloop
 endfacet
endsolid Exported#from#Blender-2.93.1 written by HOOPS Exchange
